date,precipitation_sum,temperature_2m_max,temperature_2m_min,et0_fao_evapotranspiration,soil_moisture_0_to_7cm_mean,district,state
2014-01-01,0.0,27.9,19.5,4.14,0.09,Anantapur,AP
2014-01-02,0.0,28.9,15.8,4.93,0.09,Anantapur,AP
2014-01-03,0.0,29.3,15.1,4.84,0.089,Anantapur,AP
2014-01-04,0.0,30.3,16.2,5.2,0.089,Anantapur,AP
2014-01-05,0.0,31.1,16.6,5.01,0.089,Anantapur,AP
2014-01-06,0.0,31.7,16.7,5.49,0.088,Anantapur,AP
2014-01-07,0.0,30.3,15.6,5.27,0.088,Anantapur,AP
2014-01-08,0.0,30.2,16.1,5.3,0.088,Anantapur,AP
2014-01-09,0.0,30.4,16.9,5.05,0.088,Anantapur,AP
2014-01-10,0.0,30.8,17.5,5.02,0.088,Anantapur,AP
2014-01-11,0.0,31.2,18.6,5.2,0.088,Anantapur,AP
2014-01-12,0.0,31.8,18.5,5.44,0.087,Anantapur,AP
2014-01-13,0.0,31.0,17.9,5.69,0.087,Anantapur,AP
2014-01-14,0.0,30.7,17.5,5.2,0.087,Anantapur,AP
2014-01-15,0.0,31.3,18.4,5.36,0.087,Anantapur,AP
2014-01-16,0.0,31.4,19.0,5.18,0.087,Anantapur,AP
2014-01-17,0.0,31.3,20.3,5.61,0.087,Anantapur,AP
2014-01-18,0.0,30.6,18.8,5.45,0.087,Anantapur,AP
2014-01-19,0.0,30.9,18.9,5.58,0.087,Anantapur,AP
2014-01-20,0.0,30.3,19.6,5.52,0.087,Anantapur,AP
2014-01-21,0.0,29.3,17.8,5.34,0.087,Anantapur,AP
2014-01-22,0.0,29.8,17.1,5.56,0.087,Anantapur,AP
2014-01-23,0.0,30.1,17.8,5.63,0.087,Anantapur,AP
2014-01-24,0.0,31.0,17.3,5.48,0.087,Anantapur,AP
2014-01-25,0.0,30.8,18.7,5.74,0.087,Anantapur,AP
2014-01-26,0.0,30.5,18.1,5.6,0.087,Anantapur,AP
2014-01-27,0.0,27.6,17.3,4.2,0.088,Anantapur,AP
2014-01-28,0.0,28.6,18.1,4.3,0.088,Anantapur,AP
2014-01-29,0.0,30.0,18.6,5.17,0.088,Anantapur,AP
2014-01-30,0.0,30.0,19.5,5.17,0.087,Anantapur,AP
2014-01-31,0.0,30.4,17.7,5.7,0.087,Anantapur,AP
2014-02-01,0.0,30.8,17.2,5.51,0.087,Anantapur,AP
2014-02-02,0.0,30.7,18.0,5.52,0.087,Anantapur,AP
2014-02-03,0.0,32.4,17.8,5.7,0.087,Anantapur,AP
2014-02-04,0.0,33.4,18.3,5.71,0.087,Anantapur,AP
2014-02-05,0.0,33.6,18.2,6.1,0.086,Anantapur,AP
2014-02-06,0.0,34.1,19.4,6.47,0.086,Anantapur,AP
2014-02-07,0.0,33.7,17.7,6.68,0.086,Anantapur,AP
2014-02-08,0.0,34.2,16.9,6.43,0.086,Anantapur,AP
2014-02-09,0.0,34.2,18.0,5.91,0.086,Anantapur,AP
2014-02-10,0.0,34.2,18.3,5.82,0.086,Anantapur,AP
2014-02-11,0.0,33.7,18.5,5.89,0.086,Anantapur,AP
2014-02-12,0.0,33.8,19.7,6.71,0.086,Anantapur,AP
2014-02-13,0.0,33.9,21.2,5.52,0.086,Anantapur,AP
2014-02-14,0.0,31.3,22.2,4.43,0.086,Anantapur,AP
2014-02-15,0.0,32.3,21.6,4.73,0.087,Anantapur,AP
2014-02-16,0.3,31.2,21.1,4.92,0.09,Anantapur,AP
2014-02-17,0.0,32.3,21.4,5.8,0.089,Anantapur,AP
2014-02-18,0.0,31.6,20.0,5.52,0.088,Anantapur,AP
2014-02-19,0.0,30.7,21.3,4.46,0.088,Anantapur,AP
2014-02-20,0.0,32.1,20.8,5.4,0.088,Anantapur,AP
2014-02-21,0.0,32.8,20.9,5.42,0.087,Anantapur,AP
2014-02-22,0.0,33.8,22.5,6.52,0.087,Anantapur,AP
2014-02-23,0.0,33.5,20.0,7.1,0.087,Anantapur,AP
2014-02-24,0.0,32.4,17.9,6.83,0.086,Anantapur,AP
2014-02-25,0.0,31.3,22.2,4.41,0.088,Anantapur,AP
2014-02-26,0.0,33.0,20.9,5.88,0.088,Anantapur,AP
2014-02-27,0.0,34.5,20.4,6.86,0.087,Anantapur,AP
2014-02-28,0.0,33.2,20.6,5.35,0.087,Anantapur,AP
2014-03-01,0.0,32.6,22.2,5.35,0.087,Anantapur,AP
2014-03-02,0.0,33.8,22.6,6.13,0.087,Anantapur,AP
2014-03-03,2.8,32.7,21.4,5.17,0.108,Anantapur,AP
2014-03-04,0.2,30.5,22.7,4.29,0.112,Anantapur,AP
2014-03-05,1.2,30.7,21.5,4.83,0.115,Anantapur,AP
2014-03-06,0.4,30.7,21.1,4.59,0.116,Anantapur,AP
2014-03-07,0.6,32.6,21.0,5.73,0.112,Anantapur,AP
2014-03-08,4.0,33.4,20.9,6.43,0.135,Anantapur,AP
2014-03-09,0.0,32.6,20.3,6.52,0.12,Anantapur,AP
2014-03-10,0.0,33.6,21.8,6.54,0.109,Anantapur,AP
2014-03-11,0.0,34.3,21.2,7.18,0.103,Anantapur,AP
2014-03-12,0.0,31.8,21.7,5.61,0.099,Anantapur,AP
2014-03-13,0.0,34.8,21.8,7.31,0.096,Anantapur,AP
2014-03-14,0.0,35.7,19.8,7.93,0.093,Anantapur,AP
2014-03-15,0.0,36.3,20.6,8.2,0.092,Anantapur,AP
2014-03-16,0.0,37.1,20.2,8.37,0.09,Anantapur,AP
2014-03-17,0.0,37.0,21.6,8.12,0.089,Anantapur,AP
2014-03-18,0.0,37.7,22.7,8.0,0.088,Anantapur,AP
2014-03-19,0.0,37.9,22.0,7.92,0.087,Anantapur,AP
2014-03-20,0.0,38.3,21.7,7.69,0.087,Anantapur,AP
2014-03-21,0.0,38.6,22.3,7.11,0.086,Anantapur,AP
2014-03-22,0.0,37.9,24.0,6.33,0.086,Anantapur,AP
2014-03-23,0.0,39.1,24.5,8.36,0.086,Anantapur,AP
2014-03-24,0.0,39.0,24.9,8.43,0.086,Anantapur,AP
2014-03-25,0.0,38.4,22.7,8.06,0.086,Anantapur,AP
2014-03-26,0.0,39.1,23.2,9.32,0.086,Anantapur,AP
2014-03-27,0.0,38.7,21.7,8.63,0.086,Anantapur,AP
2014-03-28,0.0,39.1,22.3,8.29,0.086,Anantapur,AP
2014-03-29,0.0,39.7,23.3,8.47,0.086,Anantapur,AP
2014-03-30,0.0,40.6,24.0,8.77,0.086,Anantapur,AP
2014-03-31,0.0,39.5,26.2,7.54,0.085,Anantapur,AP
2014-04-01,0.0,38.9,26.0,6.55,0.085,Anantapur,AP
2014-04-02,0.0,38.7,26.6,6.78,0.085,Anantapur,AP
2014-04-03,0.0,39.4,27.3,7.94,0.085,Anantapur,AP
2014-04-04,0.0,39.5,24.4,8.28,0.085,Anantapur,AP
2014-04-05,0.0,39.9,23.4,8.5,0.085,Anantapur,AP
2014-04-06,0.0,40.1,23.9,8.67,0.085,Anantapur,AP
2014-04-07,0.0,40.3,25.2,8.53,0.085,Anantapur,AP
2014-04-08,0.0,39.1,25.1,7.01,0.085,Anantapur,AP
2014-04-09,0.3,38.4,26.6,6.87,0.086,Anantapur,AP
2014-04-10,0.0,38.1,24.4,6.54,0.09,Anantapur,AP
2014-04-11,0.0,38.1,25.8,6.5,0.088,Anantapur,AP
2014-04-12,0.0,37.9,26.6,6.9,0.087,Anantapur,AP
2014-04-13,0.0,37.9,26.1,6.64,0.086,Anantapur,AP
2014-04-14,0.5,37.9,26.5,6.65,0.087,Anantapur,AP
2014-04-15,0.0,37.5,25.5,6.26,0.089,Anantapur,AP
2014-04-16,0.0,38.4,26.1,6.66,0.087,Anantapur,AP
2014-04-17,0.0,38.2,26.6,6.74,0.087,Anantapur,AP
2014-04-18,0.0,38.3,26.7,6.82,0.087,Anantapur,AP
2014-04-19,1.1,37.3,26.6,6.2,0.088,Anantapur,AP
2014-04-20,0.0,39.4,26.0,9.02,0.089,Anantapur,AP
2014-04-21,0.0,39.9,23.8,8.71,0.087,Anantapur,AP
2014-04-22,0.0,39.8,24.8,8.96,0.086,Anantapur,AP
2014-04-23,0.0,39.9,24.1,8.67,0.086,Anantapur,AP
2014-04-24,0.0,40.4,24.6,8.18,0.086,Anantapur,AP
2014-04-25,0.0,40.9,26.6,7.52,0.086,Anantapur,AP
2014-04-26,0.6,39.7,28.5,6.45,0.089,Anantapur,AP
2014-04-27,0.0,39.3,27.6,6.4,0.093,Anantapur,AP
2014-04-28,0.3,40.0,27.4,6.13,0.089,Anantapur,AP
2014-04-29,0.0,40.6,28.0,7.17,0.088,Anantapur,AP
2014-04-30,0.0,39.0,28.8,6.56,0.087,Anantapur,AP
2014-05-01,0.9,39.3,28.7,6.17,0.088,Anantapur,AP
2014-05-02,1.6,39.5,27.5,7.11,0.093,Anantapur,AP
2014-05-03,1.2,39.4,26.8,7.14,0.102,Anantapur,AP
2014-05-04,0.5,38.3,27.4,7.09,0.102,Anantapur,AP
2014-05-05,0.0,38.0,27.3,7.7,0.096,Anantapur,AP
2014-05-06,0.0,37.2,26.8,6.87,0.094,Anantapur,AP
2014-05-07,4.5,36.1,26.2,5.51,0.118,Anantapur,AP
2014-05-08,28.7,29.9,24.3,2.9,0.225,Anantapur,AP
2014-05-09,4.9,29.6,23.6,3.7,0.345,Anantapur,AP
2014-05-10,0.0,34.5,24.1,6.36,0.292,Anantapur,AP
2014-05-11,0.0,35.5,24.9,7.27,0.243,Anantapur,AP
2014-05-12,0.0,36.5,23.9,7.69,0.199,Anantapur,AP
2014-05-13,0.0,36.3,23.5,7.0,0.162,Anantapur,AP
2014-05-14,0.0,37.2,25.0,7.74,0.136,Anantapur,AP
2014-05-15,0.0,37.5,24.3,8.09,0.118,Anantapur,AP
2014-05-16,0.0,38.0,24.1,7.98,0.108,Anantapur,AP
2014-05-17,0.9,37.4,25.4,7.15,0.106,Anantapur,AP
2014-05-18,0.2,38.0,26.9,6.43,0.11,Anantapur,AP
2014-05-19,0.5,39.1,26.7,6.33,0.105,Anantapur,AP
2014-05-20,2.7,37.0,26.2,6.38,0.106,Anantapur,AP
2014-05-21,1.4,37.0,26.4,6.48,0.138,Anantapur,AP
2014-05-22,0.1,37.9,26.2,7.78,0.132,Anantapur,AP
2014-05-23,0.0,39.2,26.5,7.84,0.116,Anantapur,AP
2014-05-24,0.0,38.5,26.5,8.12,0.105,Anantapur,AP
2014-05-25,0.0,39.3,26.5,8.66,0.1,Anantapur,AP
2014-05-26,0.0,38.4,26.1,7.24,0.096,Anantapur,AP
2014-05-27,9.1,38.5,26.9,6.85,0.103,Anantapur,AP
2014-05-28,1.6,36.6,25.4,5.9,0.175,Anantapur,AP
2014-05-29,0.0,37.2,26.1,6.72,0.152,Anantapur,AP
2014-05-30,3.5,38.2,26.2,6.91,0.139,Anantapur,AP
2014-05-31,0.0,38.8,26.7,7.35,0.16,Anantapur,AP
2014-06-01,1.3,38.9,26.9,7.33,0.135,Anantapur,AP
2014-06-02,7.5,37.1,26.9,6.49,0.148,Anantapur,AP
2014-06-03,2.0,33.8,26.6,5.1,0.247,Anantapur,AP
2014-06-04,2.0,35.7,26.1,6.32,0.212,Anantapur,AP
2014-06-05,2.4,35.7,25.8,5.83,0.215,Anantapur,AP
2014-06-06,3.6,36.6,26.1,6.76,0.185,Anantapur,AP
2014-06-07,0.5,37.1,26.6,7.27,0.183,Anantapur,AP
2014-06-08,0.4,36.8,26.4,7.5,0.159,Anantapur,AP
2014-06-09,7.0,35.9,26.0,4.98,0.163,Anantapur,AP
2014-06-10,0.4,36.5,26.0,7.22,0.207,Anantapur,AP
2014-06-11,0.3,36.9,26.3,7.67,0.17,Anantapur,AP
2014-06-12,0.5,35.9,25.7,7.38,0.147,Anantapur,AP
2014-06-13,1.9,35.0,25.3,7.06,0.144,Anantapur,AP
2014-06-14,3.1,35.7,25.1,6.22,0.157,Anantapur,AP
2014-06-15,0.0,33.4,25.2,6.24,0.156,Anantapur,AP
2014-06-16,0.2,35.8,25.4,7.41,0.138,Anantapur,AP
2014-06-17,0.5,34.0,25.9,6.49,0.128,Anantapur,AP
2014-06-18,1.1,33.8,25.7,6.17,0.127,Anantapur,AP
2014-06-19,0.1,33.5,25.5,6.52,0.13,Anantapur,AP
2014-06-20,0.0,34.1,25.1,6.65,0.121,Anantapur,AP
2014-06-21,0.3,34.9,25.5,7.11,0.114,Anantapur,AP
2014-06-22,0.1,34.0,25.3,6.46,0.11,Anantapur,AP
2014-06-23,0.1,34.7,25.0,6.79,0.107,Anantapur,AP
2014-06-24,0.0,37.1,24.6,8.31,0.103,Anantapur,AP
2014-06-25,0.0,37.4,24.7,8.6,0.098,Anantapur,AP
2014-06-26,0.0,36.9,24.9,7.81,0.095,Anantapur,AP
2014-06-27,0.2,36.3,25.8,6.65,0.093,Anantapur,AP
2014-06-28,0.2,34.9,27.2,5.32,0.093,Anantapur,AP
2014-06-29,0.3,37.0,26.4,6.81,0.099,Anantapur,AP
2014-06-30,0.0,37.7,26.0,7.8,0.097,Anantapur,AP
2014-07-01,0.0,37.8,26.0,8.43,0.095,Anantapur,AP
2014-07-02,0.0,35.8,25.5,7.55,0.091,Anantapur,AP
2014-07-03,0.0,36.7,25.6,8.27,0.09,Anantapur,AP
2014-07-04,0.0,33.6,25.2,5.95,0.09,Anantapur,AP
2014-07-05,4.1,33.4,25.0,5.22,0.099,Anantapur,AP
2014-07-06,8.5,28.0,24.2,2.57,0.15,Anantapur,AP
2014-07-07,2.5,30.2,23.8,3.49,0.201,Anantapur,AP
2014-07-08,9.0,30.1,24.1,4.12,0.22,Anantapur,AP
2014-07-09,11.8,31.3,23.5,3.81,0.298,Anantapur,AP
2014-07-10,0.4,28.6,23.7,3.52,0.317,Anantapur,AP
2014-07-11,0.2,28.5,24.3,3.87,0.281,Anantapur,AP
2014-07-12,2.0,30.8,23.8,4.63,0.256,Anantapur,AP
2014-07-13,5.1,28.6,24.4,3.25,0.271,Anantapur,AP
2014-07-14,1.9,30.2,24.0,4.2,0.284,Anantapur,AP
2014-07-15,3.1,28.0,23.9,3.45,0.289,Anantapur,AP
2014-07-16,0.3,29.7,24.3,4.21,0.28,Anantapur,AP
2014-07-17,0.0,31.6,24.3,5.36,0.25,Anantapur,AP
2014-07-18,0.0,32.1,24.3,6.13,0.218,Anantapur,AP
2014-07-19,0.1,30.5,24.5,5.18,0.191,Anantapur,AP
2014-07-20,0.0,30.1,24.4,5.08,0.172,Anantapur,AP
2014-07-21,0.1,30.1,24.3,5.07,0.159,Anantapur,AP
2014-07-22,0.1,31.1,24.3,5.64,0.148,Anantapur,AP
2014-07-23,1.1,28.8,24.2,4.57,0.144,Anantapur,AP
2014-07-24,0.5,32.6,23.7,6.58,0.143,Anantapur,AP
2014-07-25,0.7,32.3,23.9,6.15,0.134,Anantapur,AP
2014-07-26,0.0,33.2,24.2,5.52,0.129,Anantapur,AP
2014-07-27,0.2,31.1,24.0,5.05,0.123,Anantapur,AP
2014-07-28,4.5,30.1,23.5,3.74,0.152,Anantapur,AP
2014-07-29,3.3,31.6,23.6,4.8,0.18,Anantapur,AP
2014-07-30,5.3,30.5,23.9,4.08,0.196,Anantapur,AP
2014-07-31,7.0,30.0,24.3,3.87,0.246,Anantapur,AP
2014-08-01,0.0,31.5,24.4,5.4,0.243,Anantapur,AP
2014-08-02,0.0,31.0,24.1,5.24,0.212,Anantapur,AP
2014-08-03,0.2,31.3,24.2,5.2,0.189,Anantapur,AP
2014-08-04,0.3,31.3,24.5,5.4,0.171,Anantapur,AP
2014-08-05,0.0,30.8,24.5,5.52,0.158,Anantapur,AP
2014-08-06,0.1,31.8,24.0,5.99,0.146,Anantapur,AP
2014-08-07,0.0,31.4,24.0,5.3,0.137,Anantapur,AP
2014-08-08,1.1,32.9,24.1,4.9,0.135,Anantapur,AP
2014-08-09,0.7,33.0,23.8,5.18,0.138,Anantapur,AP
2014-08-10,1.9,32.7,24.0,5.01,0.138,Anantapur,AP
2014-08-11,1.4,31.6,24.0,4.14,0.144,Anantapur,AP
2014-08-12,0.0,30.3,24.0,4.37,0.139,Anantapur,AP
2014-08-13,0.1,31.6,24.1,5.0,0.131,Anantapur,AP
2014-08-14,0.2,33.7,23.5,5.96,0.124,Anantapur,AP
2014-08-15,0.0,33.6,23.9,6.13,0.117,Anantapur,AP
2014-08-16,0.0,31.3,23.5,4.91,0.111,Anantapur,AP
2014-08-17,0.0,31.8,24.0,4.44,0.108,Anantapur,AP
2014-08-18,4.7,32.9,24.0,4.46,0.116,Anantapur,AP
2014-08-19,13.4,33.4,23.6,4.57,0.163,Anantapur,AP
2014-08-20,4.3,32.7,23.5,4.38,0.203,Anantapur,AP
2014-08-21,5.6,33.6,23.4,4.74,0.226,Anantapur,AP
2014-08-22,5.3,33.8,23.6,5.51,0.285,Anantapur,AP
2014-08-23,5.0,34.0,24.1,5.32,0.276,Anantapur,AP
2014-08-24,4.6,32.7,23.9,4.89,0.318,Anantapur,AP
2014-08-25,4.0,30.8,23.6,3.6,0.319,Anantapur,AP
2014-08-26,2.2,30.5,23.4,4.52,0.285,Anantapur,AP
2014-08-27,31.3,25.1,22.5,1.63,0.352,Anantapur,AP
2014-08-28,29.6,23.5,22.1,1.29,0.429,Anantapur,AP
2014-08-29,3.3,27.6,22.8,3.09,0.417,Anantapur,AP
2014-08-30,2.8,27.3,23.0,3.54,0.399,Anantapur,AP
2014-08-31,0.0,28.9,24.0,4.02,0.371,Anantapur,AP
2014-09-01,0.9,30.4,24.2,5.18,0.346,Anantapur,AP
2014-09-02,1.3,30.1,24.1,4.23,0.328,Anantapur,AP
2014-09-03,0.0,30.5,23.2,4.03,0.315,Anantapur,AP
2014-09-04,3.5,29.6,23.0,3.89,0.324,Anantapur,AP
2014-09-05,1.8,30.5,22.8,4.87,0.318,Anantapur,AP
2014-09-06,12.7,28.8,22.7,3.41,0.332,Anantapur,AP
2014-09-07,9.5,29.3,22.8,4.43,0.381,Anantapur,AP
2014-09-08,0.1,30.6,23.0,5.22,0.342,Anantapur,AP
2014-09-09,0.1,30.9,22.8,5.31,0.316,Anantapur,AP
2014-09-10,0.2,31.0,22.6,5.01,0.294,Anantapur,AP
2014-09-11,0.0,30.6,22.6,4.47,0.276,Anantapur,AP
2014-09-12,0.1,30.8,22.9,5.09,0.257,Anantapur,AP
2014-09-13,1.2,30.9,22.7,4.67,0.254,Anantapur,AP
2014-09-14,0.2,31.5,23.1,4.97,0.234,Anantapur,AP
2014-09-15,0.3,31.4,23.5,4.81,0.217,Anantapur,AP
2014-09-16,1.3,31.2,23.6,4.76,0.207,Anantapur,AP
2014-09-17,2.5,30.8,22.6,4.74,0.233,Anantapur,AP
2014-09-18,1.9,28.6,23.8,2.9,0.234,Anantapur,AP
2014-09-19,2.6,31.6,22.8,3.88,0.253,Anantapur,AP
2014-09-20,0.2,29.4,23.4,3.63,0.246,Anantapur,AP
2014-09-21,0.4,31.3,23.2,4.52,0.226,Anantapur,AP
2014-09-22,3.4,32.8,23.7,4.65,0.216,Anantapur,AP
2014-09-23,9.9,32.9,24.3,4.67,0.234,Anantapur,AP
2014-09-24,14.0,32.8,23.8,4.59,0.326,Anantapur,AP
2014-09-25,6.2,32.0,23.1,4.31,0.369,Anantapur,AP
2014-09-26,4.1,31.4,22.6,4.66,0.358,Anantapur,AP
2014-09-27,0.1,31.7,23.6,4.99,0.343,Anantapur,AP
2014-09-28,0.2,30.7,22.7,4.86,0.305,Anantapur,AP
2014-09-29,0.1,32.2,22.7,5.14,0.278,Anantapur,AP
2014-09-30,0.2,32.8,23.9,5.13,0.252,Anantapur,AP
2014-10-01,0.0,33.4,22.7,5.74,0.225,Anantapur,AP
2014-10-02,0.0,34.0,22.1,5.95,0.197,Anantapur,AP
2014-10-03,0.0,33.5,23.9,5.04,0.174,Anantapur,AP
2014-10-04,0.0,34.3,23.4,5.0,0.156,Anantapur,AP
2014-10-05,0.3,35.8,24.1,5.11,0.14,Anantapur,AP
2014-10-06,4.4,36.0,24.9,5.41,0.137,Anantapur,AP
2014-10-07,37.2,33.5,23.3,4.56,0.216,Anantapur,AP
2014-10-08,5.1,29.5,23.5,3.18,0.362,Anantapur,AP
2014-10-09,6.3,31.1,22.7,3.76,0.361,Anantapur,AP
2014-10-10,10.5,31.9,23.4,4.09,0.362,Anantapur,AP
2014-10-11,1.1,31.6,24.4,4.46,0.365,Anantapur,AP
2014-10-12,0.0,31.9,23.9,4.94,0.331,Anantapur,AP
2014-10-13,0.0,33.0,23.2,5.91,0.294,Anantapur,AP
2014-10-14,0.0,32.6,21.5,5.1,0.263,Anantapur,AP
2014-10-15,0.0,32.3,22.5,5.4,0.238,Anantapur,AP
2014-10-16,0.4,31.2,22.8,4.74,0.22,Anantapur,AP
2014-10-17,0.1,32.3,22.4,5.29,0.202,Anantapur,AP
2014-10-18,0.4,31.3,22.9,4.7,0.187,Anantapur,AP
2014-10-19,0.0,29.8,21.9,3.99,0.177,Anantapur,AP
2014-10-20,2.0,28.7,22.3,2.38,0.191,Anantapur,AP
2014-10-21,1.1,31.7,22.5,4.78,0.202,Anantapur,AP
2014-10-22,0.0,32.5,21.0,5.78,0.18,Anantapur,AP
2014-10-23,0.0,31.9,20.9,5.22,0.16,Anantapur,AP
2014-10-24,1.9,30.5,22.0,3.97,0.156,Anantapur,AP
2014-10-25,24.4,29.8,22.8,2.81,0.236,Anantapur,AP
2014-10-26,24.2,27.6,22.8,2.35,0.39,Anantapur,AP
2014-10-27,1.2,28.4,22.7,2.93,0.361,Anantapur,AP
2014-10-28,0.1,29.1,21.9,2.99,0.353,Anantapur,AP
2014-10-29,0.0,29.8,21.1,4.59,0.325,Anantapur,AP
2014-10-30,0.0,29.8,19.8,4.98,0.296,Anantapur,AP
2014-10-31,0.0,30.0,20.1,4.76,0.27,Anantapur,AP
2014-11-01,0.0,28.0,20.9,2.91,0.255,Anantapur,AP
2014-11-02,1.4,30.9,22.2,4.28,0.254,Anantapur,AP
2014-11-03,0.0,31.5,21.9,4.68,0.235,Anantapur,AP
2014-11-04,0.0,32.4,19.8,5.16,0.213,Anantapur,AP
2014-11-05,0.0,32.7,18.7,5.48,0.191,Anantapur,AP
2014-11-06,0.0,32.7,19.0,5.22,0.172,Anantapur,AP
2014-11-07,0.0,32.5,19.8,4.92,0.156,Anantapur,AP
2014-11-08,0.0,32.0,21.4,4.86,0.142,Anantapur,AP
2014-11-09,0.0,32.8,21.8,5.22,0.13,Anantapur,AP
2014-11-10,0.2,28.9,21.6,2.87,0.127,Anantapur,AP
2014-11-11,0.0,32.2,23.2,4.78,0.127,Anantapur,AP
2014-11-12,6.8,29.6,22.3,3.15,0.153,Anantapur,AP
2014-11-13,35.2,23.5,21.8,0.92,0.329,Anantapur,AP
2014-11-14,10.3,27.5,22.0,2.22,0.4,Anantapur,AP
2014-11-15,0.0,28.7,21.7,3.21,0.375,Anantapur,AP
2014-11-16,0.0,29.0,18.7,4.48,0.344,Anantapur,AP
2014-11-17,0.0,29.4,18.8,4.63,0.317,Anantapur,AP
2014-11-18,0.0,29.5,19.9,4.8,0.295,Anantapur,AP
2014-11-19,0.0,29.4,17.9,4.49,0.275,Anantapur,AP
2014-11-20,0.0,28.8,18.7,3.56,0.261,Anantapur,AP
2014-11-21,0.0,29.5,20.1,4.03,0.248,Anantapur,AP
2014-11-22,0.0,30.2,18.4,4.68,0.231,Anantapur,AP
2014-11-23,0.0,30.5,18.4,4.87,0.214,Anantapur,AP
2014-11-24,0.0,30.3,18.4,4.87,0.197,Anantapur,AP
2014-11-25,0.0,29.1,18.3,4.33,0.183,Anantapur,AP
2014-11-26,0.0,29.1,18.3,4.47,0.171,Anantapur,AP
2014-11-27,0.0,30.0,17.9,4.79,0.159,Anantapur,AP
2014-11-28,0.0,29.1,16.9,4.46,0.148,Anantapur,AP
2014-11-29,0.0,29.4,19.6,4.23,0.14,Anantapur,AP
2014-11-30,0.0,30.4,18.4,4.97,0.132,Anantapur,AP
2014-12-01,0.0,30.8,19.1,5.16,0.124,Anantapur,AP
2014-12-02,0.0,30.8,17.7,5.08,0.118,Anantapur,AP
2014-12-03,0.0,30.6,18.4,4.67,0.113,Anantapur,AP
2014-12-04,0.0,31.1,19.0,5.1,0.109,Anantapur,AP
2014-12-05,0.0,30.7,17.3,5.12,0.106,Anantapur,AP
2014-12-06,0.0,29.7,17.4,4.89,0.103,Anantapur,AP
2014-12-07,0.0,30.8,18.7,4.72,0.101,Anantapur,AP
2014-12-08,0.0,31.6,19.8,4.86,0.099,Anantapur,AP
2014-12-09,0.0,31.5,20.7,4.74,0.098,Anantapur,AP
2014-12-10,4.8,30.8,21.8,3.72,0.107,Anantapur,AP
2014-12-11,6.8,29.1,22.2,2.57,0.201,Anantapur,AP
2014-12-12,1.7,27.5,21.9,2.59,0.264,Anantapur,AP
2014-12-13,6.0,26.4,20.7,2.98,0.258,Anantapur,AP
2014-12-14,2.3,27.6,21.2,2.7,0.299,Anantapur,AP
2014-12-15,0.0,29.3,20.3,3.85,0.267,Anantapur,AP
2014-12-16,0.0,29.1,18.6,3.89,0.238,Anantapur,AP
2014-12-17,0.0,28.0,19.5,3.63,0.215,Anantapur,AP
2014-12-18,0.7,25.9,19.8,2.55,0.203,Anantapur,AP
2014-12-19,0.3,25.7,19.9,2.39,0.198,Anantapur,AP
2014-12-20,0.0,26.9,17.3,3.64,0.186,Anantapur,AP
2014-12-21,0.0,27.5,16.3,4.23,0.169,Anantapur,AP
2014-12-22,0.0,27.2,15.7,4.15,0.154,Anantapur,AP
2014-12-23,0.0,27.2,15.7,4.15,0.141,Anantapur,AP
2014-12-24,0.0,27.5,16.9,3.93,0.131,Anantapur,AP
2014-12-25,0.0,27.4,16.3,4.29,0.123,Anantapur,AP
2014-12-26,0.0,27.8,16.6,4.27,0.117,Anantapur,AP
2014-12-27,0.0,27.8,17.2,4.51,0.112,Anantapur,AP
2014-12-28,0.0,26.7,16.4,3.3,0.109,Anantapur,AP
2014-12-29,0.0,28.2,18.6,3.53,0.107,Anantapur,AP
2014-12-30,0.0,30.0,17.9,4.34,0.104,Anantapur,AP
2014-12-31,0.0,30.4,18.9,4.31,0.102,Anantapur,AP
2015-01-01,1.6,28.5,22.1,2.7,0.107,Anantapur,AP
2015-01-02,2.1,29.5,21.3,3.32,0.127,Anantapur,AP
2015-01-03,0.0,30.6,20.1,3.95,0.119,Anantapur,AP
2015-01-04,0.0,31.8,21.4,4.54,0.111,Anantapur,AP
2015-01-05,0.9,30.5,21.0,3.8,0.109,Anantapur,AP
2015-01-06,0.0,29.5,20.9,3.23,0.106,Anantapur,AP
2015-01-07,0.0,31.0,21.3,3.98,0.102,Anantapur,AP
2015-01-08,0.0,30.9,19.0,4.04,0.1,Anantapur,AP
2015-01-09,0.0,29.0,18.5,4.16,0.098,Anantapur,AP
2015-01-10,0.0,30.0,16.3,5.21,0.096,Anantapur,AP
2015-01-11,0.0,29.6,15.1,5.21,0.095,Anantapur,AP
2015-01-12,0.0,29.4,15.4,5.01,0.093,Anantapur,AP
2015-01-13,0.0,29.8,15.5,5.04,0.092,Anantapur,AP
2015-01-14,0.0,29.8,16.3,5.14,0.091,Anantapur,AP
2015-01-15,0.0,29.8,16.1,5.2,0.091,Anantapur,AP
2015-01-16,0.0,30.0,16.3,4.93,0.09,Anantapur,AP
2015-01-17,0.0,30.2,16.8,4.98,0.089,Anantapur,AP
2015-01-18,0.0,30.7,17.6,5.19,0.089,Anantapur,AP
2015-01-19,0.0,31.2,17.8,5.54,0.088,Anantapur,AP
2015-01-20,0.0,30.6,18.2,5.5,0.088,Anantapur,AP
2015-01-21,0.0,29.6,19.2,5.08,0.088,Anantapur,AP
2015-01-22,0.0,30.4,18.3,5.2,0.088,Anantapur,AP
2015-01-23,0.0,31.2,19.1,5.35,0.087,Anantapur,AP
2015-01-24,0.0,31.0,19.6,5.32,0.087,Anantapur,AP
2015-01-25,0.0,31.2,18.3,5.97,0.087,Anantapur,AP
2015-01-26,0.0,30.2,16.5,5.7,0.087,Anantapur,AP
2015-01-27,0.0,29.8,16.5,5.55,0.087,Anantapur,AP
2015-01-28,0.0,30.3,17.4,5.41,0.087,Anantapur,AP
2015-01-29,0.0,31.1,19.0,4.97,0.087,Anantapur,AP
2015-01-30,0.0,30.8,19.1,5.26,0.086,Anantapur,AP
2015-01-31,0.0,31.6,18.9,5.9,0.086,Anantapur,AP
2015-02-01,0.0,31.0,17.7,5.63,0.086,Anantapur,AP
2015-02-02,0.0,31.2,18.2,6.1,0.086,Anantapur,AP
2015-02-03,0.0,29.9,18.2,5.58,0.086,Anantapur,AP
2015-02-04,0.0,30.3,15.4,5.76,0.086,Anantapur,AP
2015-02-05,0.0,31.2,17.1,6.34,0.086,Anantapur,AP
2015-02-06,0.0,32.1,16.5,6.68,0.086,Anantapur,AP
2015-02-07,0.0,32.4,16.8,6.35,0.086,Anantapur,AP
2015-02-08,0.0,32.5,17.6,6.38,0.086,Anantapur,AP
2015-02-09,0.0,32.1,17.9,6.33,0.086,Anantapur,AP
2015-02-10,0.0,30.6,16.8,5.85,0.086,Anantapur,AP
2015-02-11,0.0,30.7,16.4,5.58,0.086,Anantapur,AP
2015-02-12,0.0,31.9,18.7,5.21,0.086,Anantapur,AP
2015-02-13,0.0,33.4,18.6,5.69,0.086,Anantapur,AP
2015-02-14,0.0,34.5,18.2,6.21,0.086,Anantapur,AP
2015-02-15,0.0,34.8,18.7,6.15,0.086,Anantapur,AP
2015-02-16,0.0,34.8,19.2,6.48,0.086,Anantapur,AP
2015-02-17,0.0,34.7,19.5,6.1,0.086,Anantapur,AP
2015-02-18,0.0,35.5,18.5,6.42,0.086,Anantapur,AP
2015-02-19,0.0,35.1,20.3,6.89,0.086,Anantapur,AP
2015-02-20,0.0,33.9,19.5,6.84,0.086,Anantapur,AP
2015-02-21,0.0,33.9,19.4,7.36,0.086,Anantapur,AP
2015-02-22,0.0,33.9,20.5,7.27,0.086,Anantapur,AP
2015-02-23,0.0,34.3,19.2,7.81,0.086,Anantapur,AP
2015-02-24,0.0,34.4,18.2,7.95,0.086,Anantapur,AP
2015-02-25,0.0,34.7,16.7,6.87,0.086,Anantapur,AP
2015-02-26,0.0,35.4,18.1,6.9,0.086,Anantapur,AP
2015-02-27,0.0,35.8,19.8,5.89,0.086,Anantapur,AP
2015-02-28,0.0,35.1,22.9,5.99,0.086,Anantapur,AP
2015-03-01,2.4,32.8,22.9,4.52,0.097,Anantapur,AP
2015-03-02,0.2,34.1,23.1,5.15,0.106,Anantapur,AP
2015-03-03,0.6,33.5,23.3,5.02,0.107,Anantapur,AP
2015-03-04,0.1,34.7,23.4,6.36,0.102,Anantapur,AP
2015-03-05,0.0,36.4,23.0,6.2,0.096,Anantapur,AP
2015-03-06,0.0,34.8,24.6,5.54,0.094,Anantapur,AP
2015-03-07,1.7,33.9,24.5,4.98,0.1,Anantapur,AP
2015-03-08,0.0,34.6,24.1,5.88,0.115,Anantapur,AP
2015-03-09,0.0,35.0,24.2,5.95,0.104,Anantapur,AP
2015-03-10,0.0,35.1,23.0,7.43,0.098,Anantapur,AP
2015-03-11,0.0,35.0,18.8,7.98,0.095,Anantapur,AP
2015-03-12,0.0,34.9,20.3,7.34,0.093,Anantapur,AP
2015-03-13,0.0,36.2,20.8,7.85,0.091,Anantapur,AP
2015-03-14,0.0,37.1,20.9,8.02,0.09,Anantapur,AP
2015-03-15,0.0,36.5,23.0,7.01,0.089,Anantapur,AP
2015-03-16,0.0,37.1,25.8,7.21,0.088,Anantapur,AP
2015-03-17,0.0,37.6,23.1,7.74,0.087,Anantapur,AP
2015-03-18,0.0,38.4,22.1,7.78,0.086,Anantapur,AP
2015-03-19,0.0,38.6,23.3,8.33,0.086,Anantapur,AP
2015-03-20,0.0,38.4,22.5,8.57,0.086,Anantapur,AP
2015-03-21,0.0,38.5,22.7,8.01,0.086,Anantapur,AP
2015-03-22,0.0,38.9,21.9,7.82,0.086,Anantapur,AP
2015-03-23,0.0,39.1,25.3,7.27,0.086,Anantapur,AP
2015-03-24,0.0,39.4,24.4,7.59,0.085,Anantapur,AP
2015-03-25,0.0,39.0,24.5,8.3,0.085,Anantapur,AP
2015-03-26,0.0,38.4,23.9,8.31,0.085,Anantapur,AP
2015-03-27,0.0,37.7,23.1,8.16,0.085,Anantapur,AP
2015-03-28,0.0,38.1,22.6,8.07,0.085,Anantapur,AP
2015-03-29,0.0,37.8,23.4,7.59,0.085,Anantapur,AP
2015-03-30,0.0,38.3,24.3,7.75,0.085,Anantapur,AP
2015-03-31,0.0,36.1,26.0,6.43,0.085,Anantapur,AP
2015-04-01,0.0,36.6,25.6,6.51,0.085,Anantapur,AP
2015-04-02,0.0,37.9,27.1,6.4,0.085,Anantapur,AP
2015-04-03,0.0,39.6,27.2,8.32,0.085,Anantapur,AP
2015-04-04,0.0,40.1,25.8,8.21,0.085,Anantapur,AP
2015-04-05,0.0,40.5,26.5,7.82,0.085,Anantapur,AP
2015-04-06,0.0,40.2,27.7,7.22,0.085,Anantapur,AP
2015-04-07,0.0,38.8,27.2,7.15,0.085,Anantapur,AP
2015-04-08,0.0,38.3,28.4,7.04,0.085,Anantapur,AP
2015-04-09,0.0,38.8,26.9,7.24,0.085,Anantapur,AP
2015-04-10,0.0,38.5,27.2,6.29,0.086,Anantapur,AP
2015-04-11,6.8,36.4,25.1,6.05,0.101,Anantapur,AP
2015-04-12,16.1,32.6,23.7,5.01,0.214,Anantapur,AP
2015-04-13,7.4,31.3,22.6,3.43,0.345,Anantapur,AP
2015-04-14,0.2,32.1,21.8,5.19,0.305,Anantapur,AP
2015-04-15,0.3,31.4,21.8,5.37,0.26,Anantapur,AP
2015-04-16,0.1,32.5,21.9,5.36,0.228,Anantapur,AP
2015-04-17,0.5,33.7,23.3,5.33,0.199,Anantapur,AP
2015-04-18,0.0,35.2,23.5,6.04,0.174,Anantapur,AP
2015-04-19,0.0,37.1,23.8,7.14,0.144,Anantapur,AP
2015-04-20,0.0,37.8,22.7,7.48,0.121,Anantapur,AP
2015-04-21,0.0,38.5,24.7,7.32,0.108,Anantapur,AP
2015-04-22,1.1,38.5,27.2,6.88,0.103,Anantapur,AP
2015-04-23,19.2,37.0,24.4,6.14,0.125,Anantapur,AP
2015-04-24,5.4,33.2,24.9,5.33,0.304,Anantapur,AP
2015-04-25,0.0,35.8,24.9,6.14,0.28,Anantapur,AP
2015-04-26,0.4,35.2,24.5,6.14,0.235,Anantapur,AP
2015-04-27,0.0,36.0,24.6,6.46,0.197,Anantapur,AP
2015-04-28,0.0,37.3,24.3,6.37,0.162,Anantapur,AP
2015-04-29,0.2,38.1,26.0,6.29,0.136,Anantapur,AP
2015-04-30,0.0,38.2,26.5,7.26,0.121,Anantapur,AP
2015-05-01,0.0,38.9,26.2,7.07,0.11,Anantapur,AP
2015-05-02,0.1,38.9,26.6,7.57,0.104,Anantapur,AP
2015-05-03,0.0,37.6,27.1,6.34,0.102,Anantapur,AP
2015-05-04,0.8,37.7,26.8,6.38,0.098,Anantapur,AP
2015-05-05,0.0,37.3,26.1,6.53,0.097,Anantapur,AP
2015-05-06,0.1,38.1,26.0,6.98,0.094,Anantapur,AP
2015-05-07,0.0,37.6,27.1,6.52,0.092,Anantapur,AP
2015-05-08,0.0,38.9,26.6,6.67,0.091,Anantapur,AP
2015-05-09,0.0,39.7,27.9,6.36,0.09,Anantapur,AP
2015-05-10,0.0,38.9,27.7,7.08,0.088,Anantapur,AP
2015-05-11,0.7,38.5,28.2,6.03,0.088,Anantapur,AP
2015-05-12,0.0,36.4,27.0,5.24,0.089,Anantapur,AP
2015-05-13,0.0,35.3,26.6,4.56,0.089,Anantapur,AP
2015-05-14,0.4,36.4,26.7,5.44,0.091,Anantapur,AP
2015-05-15,4.3,36.1,26.0,5.44,0.103,Anantapur,AP
2015-05-16,7.5,34.7,24.8,4.28,0.163,Anantapur,AP
2015-05-17,0.3,35.5,25.6,5.53,0.198,Anantapur,AP
2015-05-18,1.3,37.3,25.9,6.34,0.168,Anantapur,AP
2015-05-19,0.0,38.5,26.5,7.43,0.148,Anantapur,AP
2015-05-20,0.0,40.4,26.2,8.51,0.129,Anantapur,AP
2015-05-21,0.5,39.6,26.3,8.62,0.115,Anantapur,AP
2015-05-22,0.2,40.1,26.6,8.85,0.108,Anantapur,AP
2015-05-23,0.0,40.1,26.6,9.02,0.102,Anantapur,AP
2015-05-24,0.0,40.5,26.7,9.15,0.097,Anantapur,AP
2015-05-25,0.0,39.7,26.3,8.99,0.094,Anantapur,AP
2015-05-26,0.1,40.1,26.9,8.84,0.092,Anantapur,AP
2015-05-27,0.0,40.5,27.1,9.09,0.091,Anantapur,AP
2015-05-28,0.9,39.5,26.9,7.62,0.092,Anantapur,AP
2015-05-29,30.3,39.2,25.8,6.71,0.156,Anantapur,AP
2015-05-30,0.9,36.8,26.4,6.41,0.294,Anantapur,AP
2015-05-31,23.6,37.3,25.5,6.59,0.275,Anantapur,AP
2015-06-01,2.2,33.3,24.8,5.12,0.329,Anantapur,AP
2015-06-02,0.0,32.8,25.4,5.34,0.29,Anantapur,AP
2015-06-03,0.0,34.6,25.2,6.13,0.25,Anantapur,AP
2015-06-04,2.6,34.3,25.7,5.85,0.22,Anantapur,AP
2015-06-05,7.5,34.3,25.3,5.36,0.239,Anantapur,AP
2015-06-06,0.0,33.8,25.4,5.37,0.294,Anantapur,AP
2015-06-07,2.4,35.4,25.9,6.08,0.249,Anantapur,AP
2015-06-08,3.9,34.6,25.6,5.79,0.234,Anantapur,AP
2015-06-09,1.4,33.2,24.9,4.61,0.251,Anantapur,AP
2015-06-10,0.0,33.7,24.9,6.2,0.223,Anantapur,AP
2015-06-11,7.0,34.9,25.3,6.27,0.204,Anantapur,AP
2015-06-12,5.7,32.1,24.9,4.84,0.256,Anantapur,AP
2015-06-13,0.5,33.0,24.6,5.1,0.261,Anantapur,AP
2015-06-14,1.3,31.9,24.9,5.0,0.235,Anantapur,AP
2015-06-15,0.5,29.4,24.2,3.83,0.218,Anantapur,AP
2015-06-16,1.8,30.9,24.2,4.38,0.215,Anantapur,AP
2015-06-17,1.1,32.4,24.3,4.98,0.21,Anantapur,AP
2015-06-18,9.4,25.3,23.8,1.97,0.25,Anantapur,AP
2015-06-19,1.5,28.3,24.5,2.95,0.285,Anantapur,AP
2015-06-20,2.8,29.8,24.2,3.78,0.274,Anantapur,AP
2015-06-21,6.7,28.9,23.7,3.58,0.315,Anantapur,AP
2015-06-22,0.0,30.7,25.1,5.32,0.287,Anantapur,AP
2015-06-23,0.0,32.5,25.5,6.2,0.249,Anantapur,AP
2015-06-24,0.2,32.2,25.8,6.31,0.219,Anantapur,AP
2015-06-25,0.0,31.1,25.5,4.9,0.196,Anantapur,AP
2015-06-26,0.0,32.6,25.9,5.88,0.178,Anantapur,AP
2015-06-27,0.2,33.4,25.4,6.22,0.163,Anantapur,AP
2015-06-28,0.1,33.9,25.3,6.48,0.15,Anantapur,AP
2015-06-29,1.0,34.4,24.3,6.29,0.142,Anantapur,AP
2015-06-30,0.2,34.3,24.6,6.62,0.138,Anantapur,AP
2015-07-01,0.2,34.4,24.6,6.83,0.128,Anantapur,AP
2015-07-02,0.6,34.0,24.5,6.17,0.123,Anantapur,AP
2015-07-03,0.3,34.7,24.8,7.05,0.123,Anantapur,AP
2015-07-04,0.0,35.1,24.8,7.26,0.116,Anantapur,AP
2015-07-05,0.0,36.0,24.1,7.61,0.11,Anantapur,AP
2015-07-06,0.2,35.9,23.8,8.62,0.106,Anantapur,AP
2015-07-07,0.0,34.4,23.8,7.29,0.104,Anantapur,AP
2015-07-08,0.1,34.5,24.9,6.92,0.102,Anantapur,AP
2015-07-09,0.1,34.4,25.4,6.59,0.101,Anantapur,AP
2015-07-10,0.1,33.8,25.5,6.24,0.1,Anantapur,AP
2015-07-11,0.8,33.3,25.1,6.18,0.1,Anantapur,AP
2015-07-12,0.4,33.8,24.3,5.9,0.102,Anantapur,AP
2015-07-13,0.2,35.8,24.5,7.17,0.099,Anantapur,AP
2015-07-14,0.4,35.2,25.5,6.55,0.1,Anantapur,AP
2015-07-15,6.2,30.6,24.2,4.01,0.137,Anantapur,AP
2015-07-16,0.0,31.4,24.9,4.48,0.161,Anantapur,AP
2015-07-17,0.0,33.2,24.2,5.59,0.146,Anantapur,AP
2015-07-18,0.6,33.7,24.8,6.22,0.134,Anantapur,AP
2015-07-19,0.1,33.1,25.2,6.57,0.127,Anantapur,AP
2015-07-20,0.6,33.5,24.6,6.32,0.123,Anantapur,AP
2015-07-21,0.4,34.2,24.3,6.14,0.123,Anantapur,AP
2015-07-22,0.8,33.3,24.7,5.77,0.124,Anantapur,AP
2015-07-23,1.1,34.8,24.5,6.0,0.128,Anantapur,AP
2015-07-24,0.2,32.9,24.8,5.63,0.128,Anantapur,AP
2015-07-25,1.5,31.4,24.3,4.03,0.133,Anantapur,AP
2015-07-26,0.3,32.7,24.2,5.5,0.136,Anantapur,AP
2015-07-27,1.8,32.5,24.1,5.59,0.133,Anantapur,AP
2015-07-28,0.0,33.3,23.6,5.84,0.137,Anantapur,AP
2015-07-29,0.0,33.7,23.4,6.89,0.124,Anantapur,AP
2015-07-30,0.0,34.3,23.8,7.11,0.114,Anantapur,AP
2015-07-31,4.4,32.9,24.3,5.3,0.125,Anantapur,AP
2015-08-01,0.0,33.2,24.1,5.28,0.144,Anantapur,AP
2015-08-02,0.0,34.1,24.3,6.67,0.129,Anantapur,AP
2015-08-03,1.9,33.6,24.1,5.98,0.125,Anantapur,AP
2015-08-04,0.5,33.1,23.8,5.9,0.132,Anantapur,AP
2015-08-05,0.6,34.4,23.7,6.44,0.128,Anantapur,AP
2015-08-06,0.5,33.2,24.0,6.35,0.124,Anantapur,AP
2015-08-07,2.4,33.5,24.5,5.51,0.127,Anantapur,AP
2015-08-08,0.3,33.0,24.1,5.82,0.143,Anantapur,AP
2015-08-09,3.9,33.3,24.7,5.44,0.138,Anantapur,AP
2015-08-10,16.7,31.2,24.1,3.9,0.228,Anantapur,AP
2015-08-11,3.1,32.5,23.8,4.61,0.295,Anantapur,AP
2015-08-12,13.0,29.0,23.6,3.09,0.313,Anantapur,AP
2015-08-13,0.5,31.5,23.8,5.53,0.321,Anantapur,AP
2015-08-14,0.0,32.4,23.9,5.39,0.274,Anantapur,AP
2015-08-15,0.0,32.7,23.7,5.15,0.24,Anantapur,AP
2015-08-16,0.3,31.6,24.2,4.57,0.213,Anantapur,AP
2015-08-17,3.2,32.6,23.5,4.23,0.203,Anantapur,AP
2015-08-18,7.5,32.7,24.0,4.09,0.251,Anantapur,AP
2015-08-19,10.0,33.5,23.3,4.57,0.308,Anantapur,AP
2015-08-20,19.1,32.4,24.3,4.86,0.352,Anantapur,AP
2015-08-21,8.6,30.1,24.2,3.69,0.381,Anantapur,AP
2015-08-22,3.6,29.3,23.2,3.26,0.379,Anantapur,AP
2015-08-23,1.3,31.4,23.6,5.01,0.353,Anantapur,AP
2015-08-24,0.2,31.9,23.1,5.74,0.321,Anantapur,AP
2015-08-25,0.0,31.5,22.9,5.49,0.286,Anantapur,AP
2015-08-26,1.9,30.9,23.5,4.38,0.266,Anantapur,AP
2015-08-27,8.8,29.0,23.0,3.16,0.319,Anantapur,AP
2015-08-28,0.0,30.6,23.7,4.91,0.32,Anantapur,AP
2015-08-29,1.5,31.0,23.5,4.74,0.287,Anantapur,AP
2015-08-30,0.0,32.9,24.1,6.1,0.262,Anantapur,AP
2015-08-31,0.0,32.8,23.8,6.03,0.228,Anantapur,AP
2015-09-01,0.0,33.6,23.3,6.37,0.199,Anantapur,AP
2015-09-02,0.0,33.9,23.3,6.13,0.175,Anantapur,AP
2015-09-03,0.0,33.8,24.6,5.33,0.156,Anantapur,AP
2015-09-04,8.9,34.6,25.1,5.27,0.156,Anantapur,AP
2015-09-05,6.6,33.0,23.6,4.72,0.273,Anantapur,AP
2015-09-06,9.0,32.0,24.2,4.63,0.282,Anantapur,AP
2015-09-07,8.7,29.4,23.1,3.7,0.36,Anantapur,AP
2015-09-08,5.7,30.0,22.9,3.5,0.355,Anantapur,AP
2015-09-09,1.6,29.8,23.4,4.15,0.321,Anantapur,AP
2015-09-10,2.9,28.8,22.7,3.58,0.311,Anantapur,AP
2015-09-11,0.6,29.3,22.6,4.02,0.308,Anantapur,AP
2015-09-12,0.0,30.5,23.2,4.43,0.28,Anantapur,AP
2015-09-13,0.0,31.9,23.1,5.75,0.249,Anantapur,AP
2015-09-14,2.6,31.4,24.5,4.87,0.226,Anantapur,AP
2015-09-15,3.4,29.9,24.3,3.65,0.234,Anantapur,AP
2015-09-16,0.7,28.3,23.4,3.76,0.247,Anantapur,AP
2015-09-17,0.0,30.1,23.7,4.67,0.226,Anantapur,AP
2015-09-18,0.4,32.1,23.7,4.7,0.206,Anantapur,AP
2015-09-19,0.1,31.6,23.5,4.55,0.189,Anantapur,AP
2015-09-20,0.2,32.2,23.7,4.92,0.172,Anantapur,AP
2015-09-21,0.0,31.9,23.1,4.81,0.157,Anantapur,AP
2015-09-22,0.0,33.3,22.5,5.63,0.141,Anantapur,AP
2015-09-23,0.0,33.7,22.6,4.93,0.128,Anantapur,AP
2015-09-24,0.3,34.3,25.3,5.37,0.12,Anantapur,AP
2015-09-25,10.2,34.7,24.1,5.44,0.134,Anantapur,AP
2015-09-26,2.4,31.6,23.9,4.36,0.233,Anantapur,AP
2015-09-27,5.8,32.3,23.8,4.61,0.229,Anantapur,AP
2015-09-28,0.0,32.2,22.6,4.9,0.259,Anantapur,AP
2015-09-29,0.5,32.2,23.1,4.97,0.219,Anantapur,AP
2015-09-30,0.0,31.3,23.6,3.94,0.195,Anantapur,AP
2015-10-01,8.8,31.7,23.6,3.99,0.2,Anantapur,AP
2015-10-02,6.3,31.0,23.4,3.93,0.274,Anantapur,AP
2015-10-03,2.0,30.7,24.3,3.59,0.288,Anantapur,AP
2015-10-04,18.8,29.6,23.3,2.57,0.376,Anantapur,AP
2015-10-05,3.6,30.3,23.1,3.52,0.359,Anantapur,AP
2015-10-06,4.5,30.9,23.3,4.22,0.329,Anantapur,AP
2015-10-07,4.1,31.1,23.1,4.15,0.338,Anantapur,AP
2015-10-08,4.3,31.5,23.8,4.14,0.355,Anantapur,AP
2015-10-09,1.8,30.2,24.3,3.07,0.352,Anantapur,AP
2015-10-10,12.4,31.3,23.9,3.79,0.363,Anantapur,AP
2015-10-11,0.3,29.9,23.7,3.35,0.365,Anantapur,AP
2015-10-12,0.0,31.5,23.0,4.44,0.328,Anantapur,AP
2015-10-13,0.0,32.5,22.9,5.01,0.297,Anantapur,AP
2015-10-14,0.0,32.3,21.2,4.95,0.27,Anantapur,AP
2015-10-15,0.0,32.8,20.8,4.98,0.246,Anantapur,AP
2015-10-16,0.2,31.7,23.0,4.65,0.225,Anantapur,AP
2015-10-17,0.0,31.8,21.8,4.94,0.209,Anantapur,AP
2015-10-18,0.0,32.9,22.2,5.35,0.189,Anantapur,AP
2015-10-19,0.0,33.0,22.8,5.34,0.169,Anantapur,AP
2015-10-20,0.0,33.2,22.7,5.49,0.151,Anantapur,AP
2015-10-21,0.0,33.8,21.4,5.68,0.136,Anantapur,AP
2015-10-22,0.0,34.2,21.5,5.8,0.123,Anantapur,AP
2015-10-23,0.0,34.2,20.4,6.14,0.114,Anantapur,AP
2015-10-24,0.0,34.4,20.2,6.46,0.107,Anantapur,AP
2015-10-25,0.0,33.5,20.0,6.29,0.102,Anantapur,AP
2015-10-26,0.0,31.9,21.3,5.18,0.101,Anantapur,AP
2015-10-27,0.0,33.2,21.7,5.46,0.099,Anantapur,AP
2015-10-28,0.0,33.5,21.9,5.74,0.097,Anantapur,AP
2015-10-29,0.2,33.4,23.6,5.03,0.099,Anantapur,AP
2015-10-30,0.5,33.7,23.3,5.06,0.099,Anantapur,AP
2015-10-31,0.1,32.2,23.2,4.75,0.103,Anantapur,AP
2015-11-01,0.0,33.3,23.9,5.28,0.099,Anantapur,AP
2015-11-02,15.9,24.4,22.3,0.98,0.259,Anantapur,AP
2015-11-03,7.5,30.4,22.2,3.68,0.311,Anantapur,AP
2015-11-04,3.3,30.5,22.7,3.77,0.339,Anantapur,AP
2015-11-05,0.0,30.0,23.0,3.81,0.308,Anantapur,AP
2015-11-06,0.0,30.4,21.3,4.48,0.271,Anantapur,AP
2015-11-07,0.0,31.8,20.8,5.24,0.237,Anantapur,AP
2015-11-08,0.0,32.2,21.4,5.25,0.206,Anantapur,AP
2015-11-09,3.9,25.5,21.7,1.95,0.215,Anantapur,AP
2015-11-10,10.2,27.0,20.0,2.52,0.334,Anantapur,AP
2015-11-11,1.1,25.6,21.7,1.55,0.333,Anantapur,AP
2015-11-12,0.7,28.5,22.4,2.96,0.311,Anantapur,AP
2015-11-13,0.0,29.9,20.3,4.49,0.282,Anantapur,AP
2015-11-14,0.0,29.5,19.8,4.69,0.251,Anantapur,AP
2015-11-15,4.1,28.0,20.6,2.46,0.247,Anantapur,AP
2015-11-16,25.0,21.7,20.3,1.23,0.355,Anantapur,AP
2015-11-17,19.3,25.0,20.3,1.64,0.417,Anantapur,AP
2015-11-18,1.7,24.8,20.5,1.34,0.395,Anantapur,AP
2015-11-19,12.4,24.0,21.4,1.2,0.405,Anantapur,AP
2015-11-20,5.6,24.3,21.6,1.15,0.423,Anantapur,AP
2015-11-21,4.8,27.8,21.8,2.71,0.411,Anantapur,AP
2015-11-22,0.9,27.6,22.4,2.59,0.398,Anantapur,AP
2015-11-23,9.4,26.2,22.2,1.69,0.405,Anantapur,AP
2015-11-24,0.2,28.3,21.7,3.29,0.389,Anantapur,AP
2015-11-25,0.0,27.9,19.3,4.01,0.362,Anantapur,AP
2015-11-26,0.0,28.4,17.7,4.11,0.34,Anantapur,AP
2015-11-27,0.0,29.3,19.1,4.4,0.32,Anantapur,AP
2015-11-28,0.0,28.4,17.1,4.24,0.302,Anantapur,AP
2015-11-29,2.8,27.4,19.4,2.55,0.297,Anantapur,AP
2015-11-30,10.1,25.8,21.6,1.74,0.372,Anantapur,AP
2015-12-01,1.0,26.3,21.6,2.36,0.374,Anantapur,AP
2015-12-02,2.1,25.5,21.0,1.6,0.378,Anantapur,AP
2015-12-03,0.0,26.8,20.3,2.76,0.36,Anantapur,AP
2015-12-04,0.0,28.7,19.1,4.24,0.335,Anantapur,AP
2015-12-05,0.0,28.1,17.9,4.2,0.312,Anantapur,AP
2015-12-06,0.0,28.1,18.0,3.87,0.294,Anantapur,AP
2015-12-07,0.0,27.6,18.2,3.9,0.279,Anantapur,AP
2015-12-08,0.0,27.7,17.7,4.05,0.264,Anantapur,AP
2015-12-09,0.0,28.0,17.0,3.82,0.251,Anantapur,AP
2015-12-10,0.0,27.0,21.3,2.27,0.243,Anantapur,AP
2015-12-11,0.0,29.6,19.4,2.94,0.238,Anantapur,AP
2015-12-12,0.0,31.1,20.2,4.27,0.226,Anantapur,AP
2015-12-13,0.0,31.1,18.0,4.59,0.209,Anantapur,AP
2015-12-14,0.0,30.7,18.7,4.4,0.194,Anantapur,AP
2015-12-15,0.0,30.4,18.8,4.49,0.181,Anantapur,AP
2015-12-16,0.0,30.0,17.4,4.45,0.168,Anantapur,AP
2015-12-17,0.0,29.7,16.6,4.45,0.157,Anantapur,AP
2015-12-18,0.0,30.1,17.4,4.38,0.147,Anantapur,AP
2015-12-19,0.0,30.5,18.0,4.52,0.138,Anantapur,AP
2015-12-20,0.0,30.6,19.0,4.4,0.13,Anantapur,AP
2015-12-21,0.0,31.1,18.9,4.16,0.124,Anantapur,AP
2015-12-22,0.0,31.6,20.0,4.57,0.118,Anantapur,AP
2015-12-23,0.0,31.4,18.3,4.87,0.113,Anantapur,AP
2015-12-24,0.0,31.5,18.8,4.88,0.109,Anantapur,AP
2015-12-25,0.0,29.6,19.6,4.05,0.106,Anantapur,AP
2015-12-26,0.0,29.5,17.6,4.88,0.104,Anantapur,AP
2015-12-27,0.0,29.8,18.4,4.19,0.103,Anantapur,AP
2015-12-28,0.0,29.4,17.4,4.61,0.101,Anantapur,AP
2015-12-29,0.0,30.7,16.4,5.09,0.1,Anantapur,AP
2015-12-30,0.0,31.3,17.8,5.32,0.098,Anantapur,AP
2015-12-31,0.0,30.9,16.8,5.22,0.097,Anantapur,AP
2016-01-01,0.0,30.3,16.6,4.97,0.096,Anantapur,AP
2016-01-02,0.0,31.1,15.2,5.32,0.095,Anantapur,AP
2016-01-03,0.0,31.4,16.0,5.22,0.094,Anantapur,AP
2016-01-04,0.0,31.1,17.5,5.53,0.093,Anantapur,AP
2016-01-05,0.0,30.5,16.9,5.36,0.092,Anantapur,AP
2016-01-06,0.0,30.6,17.0,5.37,0.092,Anantapur,AP
2016-01-07,0.0,30.3,17.0,5.51,0.091,Anantapur,AP
2016-01-08,0.0,30.3,15.9,5.31,0.091,Anantapur,AP
2016-01-09,0.0,30.7,16.3,5.66,0.09,Anantapur,AP
2016-01-10,0.0,30.9,15.9,5.93,0.089,Anantapur,AP
2016-01-11,0.0,30.6,16.9,5.81,0.089,Anantapur,AP
2016-01-12,0.0,30.4,16.4,5.16,0.089,Anantapur,AP
2016-01-13,0.0,30.9,16.5,5.39,0.088,Anantapur,AP
2016-01-14,0.0,31.3,16.8,5.65,0.088,Anantapur,AP
2016-01-15,0.0,30.7,17.5,5.56,0.088,Anantapur,AP
2016-01-16,0.0,30.7,17.0,5.11,0.088,Anantapur,AP
2016-01-17,0.0,30.5,19.1,5.08,0.087,Anantapur,AP
2016-01-18,0.0,30.5,19.5,4.95,0.088,Anantapur,AP
2016-01-19,5.9,30.6,21.7,3.46,0.107,Anantapur,AP
2016-01-20,10.9,25.7,21.8,1.65,0.246,Anantapur,AP
2016-01-21,0.5,27.9,19.8,3.26,0.26,Anantapur,AP
2016-01-22,0.2,27.6,19.8,3.53,0.236,Anantapur,AP
2016-01-23,0.1,27.9,21.0,3.49,0.217,Anantapur,AP
2016-01-24,0.0,28.8,19.9,3.62,0.198,Anantapur,AP
2016-01-25,0.0,30.8,20.1,4.43,0.176,Anantapur,AP
2016-01-26,0.0,31.5,20.1,4.59,0.156,Anantapur,AP
2016-01-27,0.0,32.3,19.3,4.97,0.138,Anantapur,AP
2016-01-28,0.0,33.0,19.6,5.37,0.124,Anantapur,AP
2016-01-29,0.0,32.8,20.1,5.61,0.115,Anantapur,AP
2016-01-30,0.0,32.6,19.9,5.76,0.108,Anantapur,AP
2016-01-31,0.0,33.6,18.0,6.04,0.104,Anantapur,AP
2016-02-01,0.0,34.6,16.3,6.43,0.1,Anantapur,AP
2016-02-02,0.0,34.8,16.9,6.36,0.097,Anantapur,AP
2016-02-03,0.0,34.6,17.5,5.99,0.094,Anantapur,AP
2016-02-04,0.0,34.1,18.7,6.32,0.093,Anantapur,AP
2016-02-05,0.0,33.2,18.6,6.21,0.091,Anantapur,AP
2016-02-06,0.0,33.1,19.0,6.08,0.091,Anantapur,AP
2016-02-07,0.0,33.6,20.5,5.67,0.09,Anantapur,AP
2016-02-08,0.0,34.0,21.4,6.17,0.089,Anantapur,AP
2016-02-09,0.0,34.4,20.8,6.25,0.088,Anantapur,AP
2016-02-10,0.0,34.7,20.8,6.02,0.088,Anantapur,AP
2016-02-11,0.0,34.3,24.5,5.42,0.087,Anantapur,AP
2016-02-12,0.0,34.7,24.7,5.13,0.087,Anantapur,AP
2016-02-13,0.0,35.2,24.0,6.17,0.087,Anantapur,AP
2016-02-14,0.0,34.6,22.8,7.04,0.086,Anantapur,AP
2016-02-15,0.0,33.3,19.4,6.81,0.086,Anantapur,AP
2016-02-16,0.0,34.1,20.9,6.69,0.086,Anantapur,AP
2016-02-17,0.0,32.7,18.3,6.5,0.086,Anantapur,AP
2016-02-18,0.0,33.2,20.7,6.52,0.086,Anantapur,AP
2016-02-19,0.0,34.8,19.6,6.77,0.086,Anantapur,AP
2016-02-20,0.0,35.8,21.3,6.4,0.086,Anantapur,AP
2016-02-21,0.0,37.4,22.1,6.5,0.086,Anantapur,AP
2016-02-22,0.0,38.1,21.6,7.12,0.086,Anantapur,AP
2016-02-23,0.0,38.1,21.6,7.41,0.086,Anantapur,AP
2016-02-24,0.0,36.8,21.4,6.35,0.086,Anantapur,AP
2016-02-25,0.0,37.4,24.1,6.7,0.086,Anantapur,AP
2016-02-26,0.0,35.2,24.2,6.75,0.086,Anantapur,AP
2016-02-27,0.0,36.1,22.2,7.02,0.086,Anantapur,AP
2016-02-28,0.0,34.4,23.0,6.16,0.086,Anantapur,AP
2016-02-29,0.0,35.0,23.5,6.39,0.086,Anantapur,AP
2016-03-01,0.0,34.6,22.5,5.96,0.086,Anantapur,AP
2016-03-02,0.0,35.1,23.3,6.8,0.086,Anantapur,AP
2016-03-03,0.0,35.5,23.5,7.28,0.086,Anantapur,AP
2016-03-04,0.0,36.0,21.5,7.14,0.086,Anantapur,AP
2016-03-05,0.0,35.9,21.7,6.96,0.086,Anantapur,AP
2016-03-06,0.0,36.8,21.6,7.47,0.086,Anantapur,AP
2016-03-07,0.0,36.4,21.6,7.43,0.086,Anantapur,AP
2016-03-08,0.0,36.8,21.3,7.27,0.086,Anantapur,AP
2016-03-09,0.0,37.3,21.4,7.38,0.086,Anantapur,AP
2016-03-10,0.0,38.0,23.6,7.49,0.086,Anantapur,AP
2016-03-11,0.0,38.5,22.6,7.45,0.086,Anantapur,AP
2016-03-12,0.0,38.9,23.0,7.54,0.086,Anantapur,AP
2016-03-13,0.0,38.5,25.7,7.08,0.086,Anantapur,AP
2016-03-14,0.0,38.8,27.3,7.39,0.086,Anantapur,AP
2016-03-15,0.0,38.0,25.3,6.23,0.085,Anantapur,AP
2016-03-16,0.0,38.4,25.3,7.03,0.086,Anantapur,AP
2016-03-17,0.0,38.9,26.1,6.65,0.085,Anantapur,AP
2016-03-18,0.0,39.8,26.9,7.36,0.085,Anantapur,AP
2016-03-19,0.0,39.2,27.2,6.65,0.085,Anantapur,AP
2016-03-20,0.0,40.3,25.7,7.2,0.085,Anantapur,AP
2016-03-21,0.0,40.4,27.3,6.95,0.085,Anantapur,AP
2016-03-22,0.0,41.1,27.4,7.7,0.085,Anantapur,AP
2016-03-23,0.0,40.0,25.1,7.53,0.085,Anantapur,AP
2016-03-24,0.0,40.1,26.9,8.51,0.085,Anantapur,AP
2016-03-25,0.0,39.8,26.5,8.4,0.085,Anantapur,AP
2016-03-26,0.0,39.5,24.2,8.04,0.085,Anantapur,AP
2016-03-27,0.0,39.8,23.3,8.37,0.085,Anantapur,AP
2016-03-28,0.0,38.0,22.7,8.38,0.085,Anantapur,AP
2016-03-29,0.0,38.8,23.4,7.75,0.085,Anantapur,AP
2016-03-30,0.1,39.0,24.5,7.92,0.086,Anantapur,AP
2016-03-31,0.0,39.1,24.9,7.35,0.086,Anantapur,AP
2016-04-01,0.0,39.8,25.7,8.13,0.086,Anantapur,AP
2016-04-02,0.0,40.6,25.6,8.31,0.086,Anantapur,AP
2016-04-03,0.0,39.2,26.4,7.16,0.085,Anantapur,AP
2016-04-04,0.0,41.1,26.4,8.3,0.085,Anantapur,AP
2016-04-05,0.0,40.1,26.2,8.08,0.085,Anantapur,AP
2016-04-06,0.0,39.8,24.8,7.86,0.085,Anantapur,AP
2016-04-07,0.0,40.0,26.4,7.84,0.085,Anantapur,AP
2016-04-08,0.0,40.4,27.7,8.59,0.085,Anantapur,AP
2016-04-09,0.0,39.7,27.9,7.8,0.085,Anantapur,AP
2016-04-10,0.0,39.6,28.0,7.6,0.085,Anantapur,AP
2016-04-11,0.0,41.0,27.8,8.58,0.085,Anantapur,AP
2016-04-12,0.0,41.4,27.4,8.14,0.085,Anantapur,AP
2016-04-13,0.0,41.5,28.6,7.91,0.085,Anantapur,AP
2016-04-14,0.0,41.6,30.0,8.36,0.085,Anantapur,AP
2016-04-15,0.1,41.3,30.9,8.34,0.085,Anantapur,AP
2016-04-16,0.0,41.1,29.8,7.15,0.085,Anantapur,AP
2016-04-17,0.0,40.7,28.8,7.79,0.085,Anantapur,AP
2016-04-18,0.0,41.3,28.6,8.74,0.085,Anantapur,AP
2016-04-19,0.0,41.1,27.4,8.47,0.085,Anantapur,AP
2016-04-20,0.0,41.2,27.7,7.31,0.085,Anantapur,AP
2016-04-21,0.0,41.3,27.6,7.09,0.085,Anantapur,AP
2016-04-22,0.0,41.1,27.7,8.6,0.085,Anantapur,AP
2016-04-23,0.0,42.0,28.1,9.06,0.085,Anantapur,AP
2016-04-24,0.0,42.0,28.1,8.51,0.085,Anantapur,AP
2016-04-25,0.0,42.3,29.1,7.87,0.085,Anantapur,AP
2016-04-26,0.0,41.2,29.1,8.5,0.084,Anantapur,AP
2016-04-27,0.0,42.0,28.2,8.84,0.084,Anantapur,AP
2016-04-28,0.0,41.6,26.9,8.12,0.084,Anantapur,AP
2016-04-29,0.0,41.4,28.1,8.5,0.084,Anantapur,AP
2016-04-30,0.0,41.4,28.4,7.56,0.084,Anantapur,AP
2016-05-01,1.0,40.9,29.3,6.95,0.085,Anantapur,AP
2016-05-02,0.0,40.7,29.0,7.46,0.088,Anantapur,AP
2016-05-03,2.7,40.9,29.2,7.42,0.103,Anantapur,AP
2016-05-04,0.6,39.5,28.4,6.78,0.121,Anantapur,AP
2016-05-05,0.6,39.2,27.6,6.39,0.111,Anantapur,AP
2016-05-06,2.0,37.1,28.6,6.19,0.113,Anantapur,AP
2016-05-07,0.0,38.6,27.0,6.61,0.116,Anantapur,AP
2016-05-08,0.0,39.3,27.8,7.33,0.104,Anantapur,AP
2016-05-09,0.0,39.7,27.8,7.3,0.097,Anantapur,AP
2016-05-10,0.0,39.2,27.5,7.06,0.094,Anantapur,AP
2016-05-11,0.1,39.4,28.5,6.51,0.091,Anantapur,AP
2016-05-12,0.2,40.0,28.8,6.76,0.092,Anantapur,AP
2016-05-13,0.1,39.8,27.6,7.01,0.092,Anantapur,AP
2016-05-14,0.0,39.7,28.5,6.64,0.09,Anantapur,AP
2016-05-15,0.0,40.5,28.6,7.52,0.088,Anantapur,AP
2016-05-16,0.0,38.8,28.6,7.34,0.087,Anantapur,AP
2016-05-17,0.2,34.9,28.7,4.12,0.087,Anantapur,AP
2016-05-18,29.9,33.4,24.6,2.78,0.161,Anantapur,AP
2016-05-19,4.9,33.3,24.4,4.27,0.336,Anantapur,AP
2016-05-20,6.0,32.6,24.9,4.74,0.335,Anantapur,AP
2016-05-21,0.0,36.5,26.2,7.34,0.279,Anantapur,AP
2016-05-22,0.0,37.3,25.3,8.18,0.229,Anantapur,AP
2016-05-23,0.0,37.5,25.6,8.26,0.186,Anantapur,AP
2016-05-24,0.0,37.6,25.9,8.17,0.153,Anantapur,AP
2016-05-25,0.2,38.0,26.6,8.3,0.13,Anantapur,AP
2016-05-26,0.0,37.8,26.3,7.61,0.116,Anantapur,AP
2016-05-27,0.0,38.4,26.9,8.15,0.108,Anantapur,AP
2016-05-28,2.3,37.8,26.7,7.16,0.108,Anantapur,AP
2016-05-29,0.9,34.8,26.2,5.58,0.13,Anantapur,AP
2016-05-30,0.0,37.4,26.4,7.41,0.117,Anantapur,AP
2016-05-31,0.0,37.8,26.7,7.4,0.107,Anantapur,AP
2016-06-01,7.1,37.4,26.7,6.6,0.113,Anantapur,AP
2016-06-02,1.7,34.5,26.6,5.33,0.18,Anantapur,AP
2016-06-03,8.0,35.6,25.6,5.79,0.189,Anantapur,AP
2016-06-04,1.3,33.4,25.6,4.44,0.256,Anantapur,AP
2016-06-05,1.5,32.7,25.6,4.31,0.223,Anantapur,AP
2016-06-06,7.7,32.9,25.5,4.3,0.231,Anantapur,AP
2016-06-07,1.4,31.7,24.6,4.02,0.283,Anantapur,AP
2016-06-08,13.2,30.7,24.8,3.49,0.322,Anantapur,AP
2016-06-09,3.2,32.0,23.9,4.0,0.35,Anantapur,AP
2016-06-10,3.5,31.4,24.5,4.08,0.313,Anantapur,AP
2016-06-11,0.0,32.5,24.5,6.08,0.298,Anantapur,AP
2016-06-12,0.3,32.8,24.1,5.79,0.258,Anantapur,AP
2016-06-13,5.6,31.7,24.9,5.3,0.255,Anantapur,AP
2016-06-14,0.7,33.4,24.8,6.27,0.261,Anantapur,AP
2016-06-15,0.0,33.6,24.7,6.8,0.223,Anantapur,AP
2016-06-16,0.3,33.2,24.2,6.22,0.191,Anantapur,AP
2016-06-17,0.0,34.2,24.4,6.55,0.167,Anantapur,AP
2016-06-18,3.9,32.0,24.2,4.39,0.158,Anantapur,AP
2016-06-19,23.9,29.8,23.4,3.52,0.346,Anantapur,AP
2016-06-20,4.0,30.2,23.2,3.46,0.342,Anantapur,AP
2016-06-21,0.7,29.3,24.0,3.95,0.331,Anantapur,AP
2016-06-22,2.7,31.2,23.3,4.64,0.307,Anantapur,AP
2016-06-23,0.0,31.4,24.3,5.7,0.297,Anantapur,AP
2016-06-24,2.8,30.9,24.0,4.62,0.275,Anantapur,AP
2016-06-25,0.5,28.9,23.8,3.99,0.275,Anantapur,AP
2016-06-26,3.1,28.4,23.9,3.41,0.266,Anantapur,AP
2016-06-27,5.9,29.4,24.0,3.47,0.297,Anantapur,AP
2016-06-28,13.8,28.9,23.6,3.21,0.349,Anantapur,AP
2016-06-29,11.6,26.3,23.7,2.19,0.405,Anantapur,AP
2016-06-30,0.0,29.6,24.4,4.35,0.365,Anantapur,AP
2016-07-01,0.5,31.1,24.8,5.54,0.328,Anantapur,AP
2016-07-02,1.0,31.3,24.6,5.4,0.301,Anantapur,AP
2016-07-03,0.0,31.8,24.7,5.44,0.279,Anantapur,AP
2016-07-04,0.8,31.2,24.8,4.7,0.261,Anantapur,AP
2016-07-05,2.5,29.2,24.2,3.44,0.26,Anantapur,AP
2016-07-06,3.1,31.6,24.8,4.89,0.275,Anantapur,AP
2016-07-07,0.5,31.6,24.2,5.35,0.272,Anantapur,AP
2016-07-08,0.0,31.6,24.4,5.56,0.249,Anantapur,AP
2016-07-09,0.0,30.7,24.7,5.91,0.224,Anantapur,AP
2016-07-10,0.0,30.3,25.1,5.2,0.204,Anantapur,AP
2016-07-11,0.0,31.6,25.2,5.84,0.188,Anantapur,AP
2016-07-12,0.1,31.6,24.6,5.97,0.175,Anantapur,AP
2016-07-13,0.1,32.8,24.3,6.04,0.164,Anantapur,AP
2016-07-14,0.2,32.7,23.6,5.27,0.155,Anantapur,AP
2016-07-15,0.6,33.3,24.5,5.23,0.147,Anantapur,AP
2016-07-16,0.5,32.7,24.2,5.06,0.146,Anantapur,AP
2016-07-17,5.5,33.1,24.3,4.8,0.171,Anantapur,AP
2016-07-18,3.4,32.0,24.3,4.35,0.215,Anantapur,AP
2016-07-19,0.4,30.6,23.9,4.31,0.221,Anantapur,AP
2016-07-20,5.3,31.6,22.8,4.13,0.236,Anantapur,AP
2016-07-21,5.0,30.3,22.6,4.54,0.265,Anantapur,AP
2016-07-22,1.0,28.5,23.5,3.43,0.248,Anantapur,AP
2016-07-23,13.5,29.9,22.8,3.53,0.273,Anantapur,AP
2016-07-24,5.7,30.5,22.9,3.37,0.347,Anantapur,AP
2016-07-25,10.3,30.4,23.0,3.58,0.339,Anantapur,AP
2016-07-26,8.3,30.6,23.0,3.12,0.376,Anantapur,AP
2016-07-27,3.0,29.9,24.2,3.38,0.376,Anantapur,AP
2016-07-28,9.8,29.6,23.2,2.76,0.376,Anantapur,AP
2016-07-29,5.7,28.2,23.2,2.84,0.396,Anantapur,AP
2016-07-30,41.4,24.7,22.3,1.64,0.428,Anantapur,AP
2016-07-31,2.6,28.2,22.2,3.14,0.412,Anantapur,AP
2016-08-01,2.3,29.8,22.9,4.82,0.39,Anantapur,AP
2016-08-02,0.3,29.9,23.6,5.51,0.368,Anantapur,AP
2016-08-03,1.3,29.5,23.9,4.97,0.341,Anantapur,AP
2016-08-04,0.9,28.8,24.0,4.09,0.33,Anantapur,AP
2016-08-05,0.0,30.1,23.5,5.02,0.318,Anantapur,AP
2016-08-06,0.2,30.1,23.7,4.9,0.296,Anantapur,AP
2016-08-07,0.3,30.7,23.9,5.1,0.278,Anantapur,AP
2016-08-08,0.0,30.5,23.5,4.84,0.261,Anantapur,AP
2016-08-09,0.0,31.6,23.4,4.93,0.245,Anantapur,AP
2016-08-10,0.0,31.1,23.1,5.16,0.229,Anantapur,AP
2016-08-11,0.1,31.8,22.8,5.26,0.212,Anantapur,AP
2016-08-12,1.9,32.0,23.5,5.29,0.2,Anantapur,AP
2016-08-13,0.4,31.7,23.9,5.44,0.193,Anantapur,AP
2016-08-14,0.0,31.3,23.7,5.66,0.181,Anantapur,AP
2016-08-15,0.0,31.8,23.4,5.65,0.17,Anantapur,AP
2016-08-16,0.6,31.1,23.8,5.62,0.161,Anantapur,AP
2016-08-17,0.6,31.9,24.1,5.43,0.157,Anantapur,AP
2016-08-18,0.7,32.0,23.6,5.62,0.152,Anantapur,AP
2016-08-19,0.3,32.9,23.3,5.73,0.147,Anantapur,AP
2016-08-20,0.0,32.5,23.1,5.7,0.137,Anantapur,AP
2016-08-21,0.0,33.9,23.2,6.23,0.128,Anantapur,AP
2016-08-22,0.0,33.6,24.1,5.88,0.122,Anantapur,AP
2016-08-23,0.0,33.2,23.9,5.8,0.117,Anantapur,AP
2016-08-24,0.7,34.3,24.3,6.17,0.115,Anantapur,AP
2016-08-25,1.9,32.0,24.8,4.99,0.12,Anantapur,AP
2016-08-26,0.0,32.7,24.5,5.36,0.127,Anantapur,AP
2016-08-27,0.5,32.4,24.6,4.86,0.121,Anantapur,AP
2016-08-28,0.9,31.5,24.3,4.47,0.125,Anantapur,AP
2016-08-29,7.5,31.1,23.5,3.81,0.147,Anantapur,AP
2016-08-30,7.9,27.8,23.5,2.5,0.275,Anantapur,AP
2016-08-31,4.6,28.2,23.1,2.89,0.289,Anantapur,AP
2016-09-01,0.3,29.7,23.6,4.14,0.27,Anantapur,AP
2016-09-02,2.0,31.1,23.6,4.58,0.248,Anantapur,AP
2016-09-03,0.0,30.7,23.1,4.6,0.227,Anantapur,AP
2016-09-04,0.0,31.0,23.2,4.92,0.201,Anantapur,AP
2016-09-05,0.0,31.4,22.4,5.64,0.176,Anantapur,AP
2016-09-06,0.0,31.7,22.5,5.73,0.155,Anantapur,AP
2016-09-07,0.0,32.0,22.4,6.2,0.138,Anantapur,AP
2016-09-08,0.0,32.8,22.3,6.23,0.126,Anantapur,AP
2016-09-09,0.0,33.0,23.2,6.27,0.118,Anantapur,AP
2016-09-10,1.6,33.7,24.5,5.42,0.118,Anantapur,AP
2016-09-11,4.2,29.2,24.1,3.64,0.155,Anantapur,AP
2016-09-12,13.1,30.1,22.7,2.47,0.275,Anantapur,AP
2016-09-13,4.8,28.3,22.9,3.22,0.314,Anantapur,AP
2016-09-14,4.8,27.1,23.4,2.95,0.31,Anantapur,AP
2016-09-15,17.7,26.7,22.8,3.1,0.358,Anantapur,AP
2016-09-16,1.0,30.5,23.2,4.37,0.344,Anantapur,AP
2016-09-17,0.0,30.7,23.3,4.85,0.307,Anantapur,AP
2016-09-18,0.0,30.9,23.1,4.99,0.272,Anantapur,AP
2016-09-19,0.0,30.6,22.5,4.87,0.242,Anantapur,AP
2016-09-20,5.1,30.0,23.2,4.34,0.228,Anantapur,AP
2016-09-21,9.4,25.9,22.8,2.2,0.311,Anantapur,AP
2016-09-22,9.2,28.8,22.1,3.64,0.367,Anantapur,AP
2016-09-23,1.0,28.5,23.0,3.75,0.336,Anantapur,AP
2016-09-24,0.6,27.5,23.4,3.33,0.313,Anantapur,AP
2016-09-25,3.8,30.5,23.4,4.0,0.311,Anantapur,AP
2016-09-26,5.7,30.0,23.6,3.28,0.314,Anantapur,AP
2016-09-27,5.4,29.7,23.4,3.03,0.345,Anantapur,AP
2016-09-28,5.7,29.5,23.7,3.1,0.354,Anantapur,AP
2016-09-29,0.3,30.9,23.5,4.34,0.342,Anantapur,AP
2016-09-30,0.3,29.9,23.4,4.37,0.312,Anantapur,AP
2016-10-01,0.0,30.3,22.8,4.6,0.285,Anantapur,AP
2016-10-02,0.0,31.3,22.1,5.1,0.256,Anantapur,AP
2016-10-03,0.0,31.6,21.4,4.96,0.229,Anantapur,AP
2016-10-04,0.0,31.4,22.8,5.02,0.207,Anantapur,AP
2016-10-05,0.0,31.9,22.5,5.33,0.186,Anantapur,AP
2016-10-06,0.0,32.3,22.0,5.97,0.166,Anantapur,AP
2016-10-07,0.0,31.3,21.6,5.45,0.149,Anantapur,AP
2016-10-08,0.0,32.4,22.7,5.69,0.138,Anantapur,AP
2016-10-09,0.5,32.8,23.2,5.75,0.13,Anantapur,AP
2016-10-10,1.7,32.3,24.0,4.91,0.132,Anantapur,AP
2016-10-11,0.4,33.1,23.7,5.07,0.132,Anantapur,AP
2016-10-12,0.5,33.1,23.7,4.66,0.128,Anantapur,AP
2016-10-13,0.0,34.7,24.0,6.0,0.12,Anantapur,AP
2016-10-14,0.0,34.3,22.9,6.59,0.111,Anantapur,AP
2016-10-15,0.0,34.5,22.4,6.94,0.105,Anantapur,AP
2016-10-16,0.0,34.2,22.0,6.78,0.101,Anantapur,AP
2016-10-17,0.0,34.4,22.7,6.35,0.098,Anantapur,AP
2016-10-18,0.0,34.7,20.9,6.24,0.096,Anantapur,AP
2016-10-19,0.0,34.7,21.2,6.49,0.094,Anantapur,AP
2016-10-20,0.0,34.9,23.3,6.53,0.092,Anantapur,AP
2016-10-21,0.0,34.7,22.5,6.55,0.091,Anantapur,AP
2016-10-22,0.0,34.3,22.7,6.51,0.09,Anantapur,AP
2016-10-23,0.0,34.6,20.9,6.84,0.089,Anantapur,AP
2016-10-24,0.0,34.2,21.3,6.14,0.089,Anantapur,AP
2016-10-25,0.0,34.5,23.5,5.99,0.088,Anantapur,AP
2016-10-26,0.0,34.3,23.0,6.24,0.088,Anantapur,AP
2016-10-27,0.0,34.8,21.4,6.6,0.087,Anantapur,AP
2016-10-28,0.0,34.7,22.7,6.07,0.087,Anantapur,AP
2016-10-29,3.2,31.8,24.3,3.73,0.096,Anantapur,AP
2016-10-30,0.2,33.2,23.8,5.09,0.127,Anantapur,AP
2016-10-31,0.0,32.1,23.2,4.78,0.117,Anantapur,AP
2016-11-01,1.2,31.8,22.9,4.42,0.118,Anantapur,AP
2016-11-02,0.1,31.8,22.6,4.4,0.112,Anantapur,AP
2016-11-03,0.0,33.8,22.9,4.94,0.109,Anantapur,AP
2016-11-04,0.0,34.0,24.0,5.72,0.102,Anantapur,AP
2016-11-05,0.0,34.1,21.5,6.13,0.097,Anantapur,AP
2016-11-06,0.0,33.4,20.7,5.66,0.095,Anantapur,AP
2016-11-07,0.0,32.9,21.4,5.27,0.093,Anantapur,AP
2016-11-08,0.0,33.0,20.1,6.12,0.091,Anantapur,AP
2016-11-09,0.0,32.3,18.0,5.56,0.09,Anantapur,AP
2016-11-10,0.0,32.5,17.6,5.78,0.089,Anantapur,AP
2016-11-11,0.0,32.6,19.0,5.81,0.089,Anantapur,AP
2016-11-12,0.0,32.8,20.0,5.64,0.088,Anantapur,AP
2016-11-13,0.1,33.8,21.8,5.66,0.088,Anantapur,AP
2016-11-14,2.5,33.8,23.9,4.83,0.09,Anantapur,AP
2016-11-15,0.3,34.1,23.8,5.54,0.107,Anantapur,AP
2016-11-16,0.2,33.9,23.2,5.52,0.102,Anantapur,AP
2016-11-17,1.3,31.7,22.9,4.46,0.105,Anantapur,AP
2016-11-18,0.0,31.3,21.6,4.13,0.105,Anantapur,AP
2016-11-19,0.0,31.7,19.8,4.8,0.1,Anantapur,AP
2016-11-20,0.0,32.5,20.0,5.32,0.097,Anantapur,AP
2016-11-21,0.0,32.3,19.0,5.51,0.094,Anantapur,AP
2016-11-22,0.0,32.6,18.7,5.2,0.093,Anantapur,AP
2016-11-23,0.0,32.7,17.8,5.74,0.091,Anantapur,AP
2016-11-24,0.0,32.3,17.6,5.74,0.09,Anantapur,AP
2016-11-25,0.0,33.1,18.2,5.82,0.089,Anantapur,AP
2016-11-26,0.0,33.1,18.6,5.57,0.089,Anantapur,AP
2016-11-27,0.0,34.3,19.3,5.26,0.088,Anantapur,AP
2016-11-28,0.0,35.4,20.0,6.0,0.088,Anantapur,AP
2016-11-29,0.0,33.8,20.3,5.46,0.087,Anantapur,AP
2016-11-30,0.0,32.7,18.7,5.32,0.087,Anantapur,AP
2016-12-01,0.0,33.0,20.4,5.58,0.087,Anantapur,AP
2016-12-02,0.7,29.7,23.3,3.36,0.093,Anantapur,AP
2016-12-03,0.2,29.3,22.6,3.72,0.1,Anantapur,AP
2016-12-04,0.5,29.7,22.5,3.4,0.105,Anantapur,AP
2016-12-05,0.0,31.2,21.5,3.9,0.105,Anantapur,AP
2016-12-06,0.0,30.4,21.0,4.7,0.1,Anantapur,AP
2016-12-07,0.0,31.2,18.4,4.84,0.096,Anantapur,AP
2016-12-08,0.0,32.5,20.6,4.87,0.093,Anantapur,AP
2016-12-09,0.0,32.5,19.2,5.53,0.092,Anantapur,AP
2016-12-10,0.0,31.6,16.8,5.63,0.09,Anantapur,AP
2016-12-11,0.0,32.0,17.0,5.41,0.09,Anantapur,AP
2016-12-12,4.5,30.5,21.9,4.48,0.095,Anantapur,AP
2016-12-13,4.3,25.9,21.5,1.96,0.209,Anantapur,AP
2016-12-14,0.0,29.3,21.8,3.44,0.211,Anantapur,AP
2016-12-15,0.0,29.2,21.5,3.61,0.19,Anantapur,AP
2016-12-16,0.2,30.1,21.4,4.01,0.172,Anantapur,AP
2016-12-17,0.0,30.7,20.6,4.28,0.153,Anantapur,AP
2016-12-18,0.0,31.2,19.8,4.77,0.136,Anantapur,AP
2016-12-19,0.0,30.8,17.4,4.76,0.123,Anantapur,AP
2016-12-20,0.0,31.1,16.8,4.88,0.114,Anantapur,AP
2016-12-21,0.0,31.9,18.2,4.57,0.108,Anantapur,AP
2016-12-22,0.0,33.1,18.8,5.41,0.103,Anantapur,AP
2016-12-23,0.0,32.8,17.4,5.19,0.1,Anantapur,AP
2016-12-24,0.0,31.9,17.7,5.39,0.097,Anantapur,AP
2016-12-25,0.0,31.9,15.6,5.2,0.095,Anantapur,AP
2016-12-26,0.0,32.1,17.1,5.17,0.093,Anantapur,AP
2016-12-27,0.0,32.0,18.9,5.36,0.092,Anantapur,AP
2016-12-28,0.0,31.1,17.2,5.25,0.091,Anantapur,AP
2016-12-29,0.0,30.4,17.0,4.98,0.09,Anantapur,AP
2016-12-30,0.0,30.7,17.3,5.05,0.09,Anantapur,AP
2016-12-31,0.0,30.9,17.0,5.24,0.089,Anantapur,AP
2017-01-01,0.0,31.5,17.3,5.09,0.048,Anantapur,AP
2017-01-02,0.0,31.1,18.8,4.9,0.037,Anantapur,AP
2017-01-03,0.0,32.0,19.1,4.66,0.036,Anantapur,AP
2017-01-04,0.0,31.3,19.6,4.91,0.036,Anantapur,AP
2017-01-05,0.0,31.3,19.3,4.59,0.039,Anantapur,AP
2017-01-06,0.0,31.1,18.6,4.89,0.039,Anantapur,AP
2017-01-07,0.0,30.6,18.3,4.58,0.039,Anantapur,AP
2017-01-08,0.0,31.1,18.3,5.19,0.039,Anantapur,AP
2017-01-09,0.0,30.5,18.7,4.91,0.038,Anantapur,AP
2017-01-10,0.0,31.0,18.9,4.67,0.037,Anantapur,AP
2017-01-11,0.0,30.9,20.2,4.23,0.036,Anantapur,AP
2017-01-12,0.0,30.6,19.8,4.67,0.036,Anantapur,AP
2017-01-13,0.0,31.6,21.2,5.5,0.036,Anantapur,AP
2017-01-14,0.0,30.2,20.5,5.3,0.038,Anantapur,AP
2017-01-15,0.0,30.0,19.3,5.23,0.04,Anantapur,AP
2017-01-16,0.0,30.6,19.4,5.08,0.038,Anantapur,AP
2017-01-17,0.0,30.9,19.1,5.62,0.037,Anantapur,AP
2017-01-18,0.0,30.6,18.2,6.41,0.038,Anantapur,AP
2017-01-19,0.0,29.2,17.4,4.98,0.038,Anantapur,AP
2017-01-20,0.0,31.1,17.3,5.31,0.039,Anantapur,AP
2017-01-21,0.0,31.4,19.0,5.03,0.04,Anantapur,AP
2017-01-22,0.0,32.0,20.1,6.07,0.036,Anantapur,AP
2017-01-23,0.0,32.1,19.2,5.98,0.037,Anantapur,AP
2017-01-24,0.0,31.7,20.0,6.0,0.039,Anantapur,AP
2017-01-25,0.0,30.9,19.7,5.51,0.038,Anantapur,AP
2017-01-26,5.0,27.5,20.1,2.95,0.051,Anantapur,AP
2017-01-27,1.9,29.6,21.5,3.4,0.073,Anantapur,AP
2017-01-28,0.0,32.5,21.9,4.94,0.059,Anantapur,AP
2017-01-29,0.0,32.8,21.0,5.54,0.046,Anantapur,AP
2017-01-30,0.0,32.7,20.9,5.84,0.034,Anantapur,AP
2017-01-31,0.0,33.6,20.5,6.0,0.031,Anantapur,AP
2017-02-01,0.0,33.9,20.0,6.51,0.031,Anantapur,AP
2017-02-02,0.0,33.3,19.4,6.38,0.027,Anantapur,AP
2017-02-03,0.0,32.3,20.4,6.08,0.027,Anantapur,AP
2017-02-04,0.0,32.4,20.5,6.14,0.028,Anantapur,AP
2017-02-05,0.0,33.0,19.8,6.14,0.027,Anantapur,AP
2017-02-06,0.0,33.2,19.4,5.37,0.022,Anantapur,AP
2017-02-07,0.0,34.1,19.8,6.4,0.027,Anantapur,AP
2017-02-08,0.0,34.4,20.0,6.31,0.029,Anantapur,AP
2017-02-09,0.0,34.2,19.9,6.2,0.029,Anantapur,AP
2017-02-10,0.0,34.3,19.8,6.86,0.022,Anantapur,AP
2017-02-11,0.0,33.8,19.1,6.83,0.023,Anantapur,AP
2017-02-12,0.0,32.9,19.2,6.82,0.025,Anantapur,AP
2017-02-13,0.0,32.2,19.2,6.72,0.027,Anantapur,AP
2017-02-14,0.0,32.8,19.7,6.63,0.029,Anantapur,AP
2017-02-15,0.0,33.0,20.6,7.1,0.028,Anantapur,AP
2017-02-16,0.0,32.8,20.2,7.29,0.029,Anantapur,AP
2017-02-17,0.0,33.6,19.5,6.86,0.03,Anantapur,AP
2017-02-18,0.0,34.4,20.3,6.92,0.029,Anantapur,AP
2017-02-19,0.0,35.7,20.6,6.13,0.029,Anantapur,AP
2017-02-20,0.0,36.4,21.3,6.22,0.031,Anantapur,AP
2017-02-21,0.0,37.1,22.6,6.76,0.033,Anantapur,AP
2017-02-22,0.0,36.9,22.6,6.52,0.032,Anantapur,AP
2017-02-23,0.0,37.7,23.2,7.2,0.031,Anantapur,AP
2017-02-24,0.0,37.7,23.5,7.35,0.029,Anantapur,AP
2017-02-25,0.0,36.6,23.3,6.82,0.029,Anantapur,AP
2017-02-26,0.0,36.1,23.6,7.05,0.027,Anantapur,AP
2017-02-27,0.0,35.7,22.8,7.95,0.025,Anantapur,AP
2017-02-28,0.0,35.7,21.1,8.0,0.028,Anantapur,AP
2017-03-01,0.0,36.0,21.8,8.19,0.029,Anantapur,AP
2017-03-02,0.0,35.7,21.3,7.85,0.028,Anantapur,AP
2017-03-03,0.0,36.4,20.5,6.68,0.027,Anantapur,AP
2017-03-04,0.0,36.5,23.6,6.35,0.023,Anantapur,AP
2017-03-05,0.0,36.4,25.4,5.83,0.024,Anantapur,AP
2017-03-06,0.0,36.5,26.1,5.69,0.024,Anantapur,AP
2017-03-07,0.0,37.0,27.3,7.14,0.028,Anantapur,AP
2017-03-08,0.0,36.9,26.3,6.65,0.023,Anantapur,AP
2017-03-09,0.1,37.0,25.9,5.91,0.022,Anantapur,AP
2017-03-10,0.0,37.7,26.3,8.68,0.023,Anantapur,AP
2017-03-11,0.0,36.6,24.4,8.12,0.023,Anantapur,AP
2017-03-12,0.0,36.6,23.2,7.38,0.023,Anantapur,AP
2017-03-13,0.0,37.7,23.4,7.14,0.023,Anantapur,AP
2017-03-14,1.3,36.4,25.6,6.19,0.034,Anantapur,AP
2017-03-15,0.5,35.4,26.0,6.54,0.033,Anantapur,AP
2017-03-16,0.6,33.9,26.1,4.96,0.034,Anantapur,AP
2017-03-17,0.3,36.1,25.6,5.96,0.033,Anantapur,AP
2017-03-18,0.0,38.5,25.2,7.28,0.031,Anantapur,AP
2017-03-19,0.0,39.0,25.4,7.74,0.03,Anantapur,AP
2017-03-20,0.0,37.3,27.4,6.81,0.02,Anantapur,AP
2017-03-21,0.1,37.3,27.6,7.41,0.016,Anantapur,AP
2017-03-22,0.0,37.5,25.7,7.66,0.014,Anantapur,AP
2017-03-23,0.0,38.2,25.3,8.09,0.013,Anantapur,AP
2017-03-24,0.0,39.5,25.1,8.04,0.011,Anantapur,AP
2017-03-25,0.0,39.7,25.3,8.15,0.01,Anantapur,AP
2017-03-26,0.0,40.1,25.8,8.49,0.01,Anantapur,AP
2017-03-27,0.0,40.4,25.5,8.79,0.01,Anantapur,AP
2017-03-28,0.0,40.0,26.6,7.83,0.011,Anantapur,AP
2017-03-29,0.0,40.5,26.9,8.14,0.011,Anantapur,AP
2017-03-30,0.0,40.4,26.9,8.25,0.011,Anantapur,AP
2017-03-31,0.0,41.0,27.1,8.85,0.011,Anantapur,AP
2017-04-01,0.0,40.9,27.3,7.66,0.011,Anantapur,AP
2017-04-02,0.1,37.7,28.8,6.78,0.011,Anantapur,AP
2017-04-03,0.5,39.0,29.5,7.04,0.014,Anantapur,AP
2017-04-04,0.0,38.6,28.2,7.03,0.017,Anantapur,AP
2017-04-05,0.0,38.6,28.7,6.75,0.017,Anantapur,AP
2017-04-06,0.0,39.1,28.3,7.09,0.018,Anantapur,AP
2017-04-07,0.0,38.9,28.5,7.33,0.018,Anantapur,AP
2017-04-08,0.0,40.7,28.9,7.28,0.019,Anantapur,AP
2017-04-09,0.2,39.7,29.1,7.61,0.021,Anantapur,AP
2017-04-10,0.0,40.0,28.9,8.4,0.02,Anantapur,AP
2017-04-11,0.0,39.3,28.8,7.39,0.02,Anantapur,AP
2017-04-12,0.0,40.9,28.5,8.71,0.019,Anantapur,AP
2017-04-13,0.0,40.6,26.8,8.32,0.019,Anantapur,AP
2017-04-14,0.0,40.4,26.9,7.72,0.018,Anantapur,AP
2017-04-15,0.0,39.8,27.1,7.3,0.017,Anantapur,AP
2017-04-16,0.0,40.8,27.6,8.6,0.017,Anantapur,AP
2017-04-17,0.0,40.3,26.4,8.91,0.018,Anantapur,AP
2017-04-18,0.0,40.5,27.3,7.93,0.018,Anantapur,AP
2017-04-19,0.0,39.7,27.0,7.36,0.016,Anantapur,AP
2017-04-20,0.0,39.8,27.7,7.52,0.017,Anantapur,AP
2017-04-21,0.0,38.9,27.2,7.89,0.017,Anantapur,AP
2017-04-22,0.0,40.0,26.8,9.38,0.015,Anantapur,AP
2017-04-23,0.0,40.5,27.6,8.94,0.016,Anantapur,AP
2017-04-24,0.0,41.2,28.1,9.27,0.016,Anantapur,AP
2017-04-25,0.0,40.6,29.5,8.81,0.016,Anantapur,AP
2017-04-26,2.5,39.8,28.6,8.1,0.017,Anantapur,AP
2017-04-27,0.0,39.4,29.8,6.87,0.017,Anantapur,AP
2017-04-28,0.4,39.3,29.1,7.49,0.024,Anantapur,AP
2017-04-29,0.8,38.5,27.2,7.27,0.025,Anantapur,AP
2017-04-30,0.0,38.8,27.2,7.66,0.019,Anantapur,AP
2017-05-01,1.3,39.3,28.1,7.82,0.017,Anantapur,AP
2017-05-02,0.5,37.8,27.6,7.33,0.015,Anantapur,AP
2017-05-03,0.0,38.9,29.0,7.14,0.013,Anantapur,AP
2017-05-04,0.1,39.5,29.5,7.51,0.012,Anantapur,AP
2017-05-05,0.0,40.5,28.5,7.54,0.009,Anantapur,AP
2017-05-06,4.3,39.5,29.9,7.41,0.012,Anantapur,AP
2017-05-07,0.3,39.4,28.4,7.22,0.01,Anantapur,AP
2017-05-08,0.0,39.3,28.0,6.96,0.012,Anantapur,AP
2017-05-09,4.2,38.7,28.2,7.48,0.021,Anantapur,AP
2017-05-10,0.0,38.6,27.2,7.39,0.025,Anantapur,AP
2017-05-11,0.4,38.0,28.7,6.92,0.021,Anantapur,AP
2017-05-12,0.0,38.2,28.5,7.31,0.019,Anantapur,AP
2017-05-13,0.0,39.5,29.8,7.26,0.012,Anantapur,AP
2017-05-14,2.8,39.7,29.9,7.87,0.018,Anantapur,AP
2017-05-15,0.6,40.6,27.4,8.35,0.036,Anantapur,AP
2017-05-16,0.3,41.0,28.4,8.14,0.029,Anantapur,AP
2017-05-17,0.3,40.9,28.3,9.03,0.024,Anantapur,AP
2017-05-18,1.8,40.8,28.7,8.34,0.033,Anantapur,AP
2017-05-19,0.0,39.7,28.2,8.07,0.045,Anantapur,AP
2017-05-20,0.5,39.0,28.5,7.78,0.035,Anantapur,AP
2017-05-21,0.0,39.6,27.7,8.02,0.032,Anantapur,AP
2017-05-22,0.2,38.1,30.6,6.36,0.031,Anantapur,AP
2017-05-23,0.2,38.8,28.6,6.82,0.048,Anantapur,AP
2017-05-24,0.0,39.6,28.1,7.47,0.061,Anantapur,AP
2017-05-25,0.0,40.5,28.4,8.01,0.033,Anantapur,AP
2017-05-26,2.0,37.1,28.4,7.58,0.034,Anantapur,AP
2017-05-27,1.0,39.7,26.7,8.13,0.038,Anantapur,AP
2017-05-28,0.5,39.3,27.2,9.6,0.037,Anantapur,AP
2017-05-29,0.3,38.5,26.4,9.55,0.037,Anantapur,AP
2017-05-30,0.1,37.2,26.3,9.4,0.024,Anantapur,AP
2017-05-31,0.5,36.8,26.8,7.7,0.019,Anantapur,AP
2017-06-01,0.4,37.8,26.3,7.58,0.016,Anantapur,AP
2017-06-02,1.0,37.4,28.0,6.95,0.018,Anantapur,AP
2017-06-03,4.0,36.0,26.9,6.91,0.059,Anantapur,AP
2017-06-04,0.7,37.1,26.3,7.22,0.054,Anantapur,AP
2017-06-05,0.3,38.4,26.2,8.39,0.031,Anantapur,AP
2017-06-06,25.7,34.9,26.1,5.81,0.107,Anantapur,AP
2017-06-07,16.4,27.5,24.4,3.12,0.375,Anantapur,AP
2017-06-08,6.3,29.3,24.3,3.6,0.343,Anantapur,AP
2017-06-09,0.1,31.4,24.1,5.33,0.324,Anantapur,AP
2017-06-10,0.0,30.5,24.3,5.22,0.279,Anantapur,AP
2017-06-11,0.4,29.1,24.7,3.61,0.268,Anantapur,AP
2017-06-12,5.0,29.4,24.5,3.36,0.273,Anantapur,AP
2017-06-13,0.1,31.8,24.6,5.18,0.24,Anantapur,AP
2017-06-14,0.3,32.3,24.7,5.15,0.191,Anantapur,AP
2017-06-15,4.9,32.0,24.7,4.62,0.161,Anantapur,AP
2017-06-16,6.7,32.3,24.8,4.18,0.214,Anantapur,AP
2017-06-17,1.7,31.3,24.7,4.68,0.284,Anantapur,AP
2017-06-18,3.4,32.2,24.1,4.91,0.255,Anantapur,AP
2017-06-19,0.5,30.5,24.4,4.15,0.261,Anantapur,AP
2017-06-20,1.6,30.6,24.7,3.95,0.25,Anantapur,AP
2017-06-21,0.6,31.0,23.8,5.1,0.204,Anantapur,AP
2017-06-22,0.0,32.0,24.0,5.65,0.161,Anantapur,AP
2017-06-23,0.9,31.6,24.3,5.12,0.125,Anantapur,AP
2017-06-24,2.4,32.1,25.3,5.98,0.117,Anantapur,AP
2017-06-25,0.7,32.0,25.2,5.49,0.085,Anantapur,AP
2017-06-26,0.9,33.5,25.2,6.56,0.069,Anantapur,AP
2017-06-27,0.1,32.0,24.6,4.96,0.062,Anantapur,AP
2017-06-28,0.0,30.4,24.7,5.04,0.047,Anantapur,AP
2017-06-29,0.9,32.6,24.8,6.18,0.042,Anantapur,AP
2017-06-30,1.6,33.6,25.2,6.48,0.038,Anantapur,AP
2017-07-01,0.3,32.5,25.2,5.71,0.041,Anantapur,AP
2017-07-02,0.4,33.3,25.4,5.61,0.04,Anantapur,AP
2017-07-03,0.3,35.3,25.2,7.23,0.033,Anantapur,AP
2017-07-04,0.5,34.4,24.5,7.18,0.038,Anantapur,AP
2017-07-05,0.0,34.9,24.9,7.52,0.037,Anantapur,AP
2017-07-06,0.2,34.0,24.8,6.16,0.038,Anantapur,AP
2017-07-07,1.4,32.6,25.5,4.72,0.044,Anantapur,AP
2017-07-08,0.4,32.8,25.0,5.76,0.046,Anantapur,AP
2017-07-09,0.5,33.7,25.1,5.76,0.05,Anantapur,AP
2017-07-10,0.1,35.3,24.8,7.32,0.038,Anantapur,AP
2017-07-11,1.4,33.2,25.1,6.0,0.028,Anantapur,AP
2017-07-12,0.8,34.1,24.8,5.04,0.049,Anantapur,AP
2017-07-13,0.5,30.9,24.4,4.96,0.047,Anantapur,AP
2017-07-14,1.5,33.0,24.8,6.54,0.044,Anantapur,AP
2017-07-15,0.8,32.3,24.9,5.52,0.048,Anantapur,AP
2017-07-16,0.3,32.6,24.2,6.2,0.051,Anantapur,AP
2017-07-17,0.2,31.2,24.8,5.37,0.056,Anantapur,AP
2017-07-18,0.9,30.4,25.0,4.69,0.066,Anantapur,AP
2017-07-19,1.6,31.1,25.3,4.94,0.084,Anantapur,AP
2017-07-20,0.0,31.7,24.7,6.05,0.1,Anantapur,AP
2017-07-21,0.5,33.6,24.7,6.84,0.067,Anantapur,AP
2017-07-22,0.6,34.2,24.9,7.11,0.048,Anantapur,AP
2017-07-23,0.3,34.9,24.2,7.16,0.039,Anantapur,AP
2017-07-24,0.4,34.6,24.9,7.1,0.028,Anantapur,AP
2017-07-25,0.7,34.9,25.1,7.03,0.028,Anantapur,AP
2017-07-26,0.3,34.2,24.8,7.26,0.03,Anantapur,AP
2017-07-27,0.3,34.6,24.7,6.76,0.028,Anantapur,AP
2017-07-28,1.4,35.1,24.9,7.08,0.028,Anantapur,AP
2017-07-29,0.2,34.8,25.3,6.89,0.025,Anantapur,AP
2017-07-30,2.3,35.5,25.4,6.6,0.027,Anantapur,AP
2017-07-31,0.0,35.5,25.1,6.55,0.052,Anantapur,AP
2017-08-01,0.3,36.8,25.7,7.7,0.038,Anantapur,AP
2017-08-02,0.1,36.4,25.3,7.44,0.03,Anantapur,AP
2017-08-03,0.7,34.2,24.6,6.8,0.033,Anantapur,AP
2017-08-04,1.3,31.8,25.2,5.56,0.043,Anantapur,AP
2017-08-05,0.6,33.6,25.2,6.15,0.043,Anantapur,AP
2017-08-06,0.9,34.6,25.1,6.54,0.031,Anantapur,AP
2017-08-07,2.3,34.3,25.5,5.55,0.04,Anantapur,AP
2017-08-08,2.3,34.4,25.1,5.79,0.04,Anantapur,AP
2017-08-09,1.7,32.7,25.7,4.24,0.05,Anantapur,AP
2017-08-10,2.2,32.1,24.8,4.54,0.066,Anantapur,AP
2017-08-11,10.5,33.5,25.4,4.77,0.126,Anantapur,AP
2017-08-12,3.3,31.6,24.5,4.55,0.198,Anantapur,AP
2017-08-13,0.0,32.9,24.5,5.27,0.198,Anantapur,AP
2017-08-14,0.6,32.1,24.5,4.48,0.164,Anantapur,AP
2017-08-15,8.1,31.7,24.8,4.13,0.164,Anantapur,AP
2017-08-16,2.1,31.4,24.5,4.87,0.222,Anantapur,AP
2017-08-17,5.3,30.7,24.3,3.42,0.235,Anantapur,AP
2017-08-18,3.3,31.8,24.1,4.87,0.222,Anantapur,AP
2017-08-19,2.0,30.6,24.5,4.42,0.192,Anantapur,AP
2017-08-20,1.3,29.5,24.0,4.15,0.201,Anantapur,AP
2017-08-21,2.5,32.2,23.7,5.1,0.173,Anantapur,AP
2017-08-22,2.7,32.9,24.5,5.0,0.136,Anantapur,AP
2017-08-23,5.3,31.9,24.2,4.08,0.136,Anantapur,AP
2017-08-24,11.3,30.7,24.0,3.52,0.257,Anantapur,AP
2017-08-25,17.2,28.2,23.9,2.8,0.338,Anantapur,AP
2017-08-26,3.7,29.6,23.8,3.79,0.296,Anantapur,AP
2017-08-27,5.1,29.7,23.8,3.9,0.321,Anantapur,AP
2017-08-28,2.5,28.7,23.7,3.22,0.35,Anantapur,AP
2017-08-29,1.9,28.8,24.0,3.23,0.319,Anantapur,AP
2017-08-30,0.0,31.6,24.0,4.5,0.265,Anantapur,AP
2017-08-31,0.0,31.6,23.1,4.88,0.211,Anantapur,AP
2017-09-01,0.2,31.6,24.3,4.63,0.172,Anantapur,AP
2017-09-02,0.5,31.8,24.8,4.78,0.143,Anantapur,AP
2017-09-03,1.9,32.6,24.3,5.17,0.111,Anantapur,AP
2017-09-04,1.1,33.1,25.3,5.35,0.116,Anantapur,AP
2017-09-05,10.6,30.9,24.3,4.2,0.181,Anantapur,AP
2017-09-06,17.6,32.6,24.4,4.12,0.203,Anantapur,AP
2017-09-07,10.9,30.7,23.7,3.81,0.367,Anantapur,AP
2017-09-08,13.5,31.0,23.6,4.06,0.399,Anantapur,AP
2017-09-09,9.2,31.1,23.8,4.42,0.383,Anantapur,AP
2017-09-10,3.5,30.1,23.8,3.75,0.389,Anantapur,AP
2017-09-11,0.8,31.0,24.6,4.33,0.363,Anantapur,AP
2017-09-12,0.6,32.0,24.5,5.01,0.321,Anantapur,AP
2017-09-13,0.2,32.2,24.6,4.77,0.309,Anantapur,AP
2017-09-14,19.9,32.0,24.6,4.87,0.31,Anantapur,AP
2017-09-15,2.8,30.3,24.0,3.61,0.364,Anantapur,AP
2017-09-16,8.9,30.0,23.2,3.76,0.377,Anantapur,AP
2017-09-17,4.4,27.7,24.0,2.46,0.398,Anantapur,AP
2017-09-18,0.3,28.3,23.8,3.79,0.363,Anantapur,AP
2017-09-19,0.4,30.9,23.7,5.22,0.317,Anantapur,AP
2017-09-20,0.0,31.7,23.2,5.4,0.277,Anantapur,AP
2017-09-21,0.3,29.7,23.0,3.95,0.25,Anantapur,AP
2017-09-22,0.0,31.7,23.5,5.13,0.219,Anantapur,AP
2017-09-23,0.6,31.6,23.4,4.92,0.188,Anantapur,AP
2017-09-24,5.3,31.3,24.5,3.87,0.214,Anantapur,AP
2017-09-25,20.7,29.0,23.3,3.09,0.362,Anantapur,AP
2017-09-26,11.7,29.6,23.4,3.51,0.391,Anantapur,AP
2017-09-27,22.2,30.4,22.8,3.68,0.401,Anantapur,AP
2017-09-28,19.3,28.1,22.9,3.07,0.419,Anantapur,AP
2017-09-29,9.5,28.2,23.0,2.5,0.415,Anantapur,AP
2017-09-30,8.8,29.5,23.2,3.41,0.4,Anantapur,AP
2017-10-01,11.6,30.2,22.9,3.59,0.411,Anantapur,AP
2017-10-02,6.4,29.4,23.2,3.27,0.404,Anantapur,AP
2017-10-03,4.0,31.0,23.6,3.88,0.389,Anantapur,AP
2017-10-04,16.7,30.1,23.4,3.7,0.406,Anantapur,AP
2017-10-05,12.9,29.6,23.1,3.47,0.412,Anantapur,AP
2017-10-06,9.4,28.9,23.4,3.03,0.411,Anantapur,AP
2017-10-07,13.7,30.3,23.4,3.3,0.411,Anantapur,AP
2017-10-08,20.8,30.6,23.7,3.73,0.412,Anantapur,AP
2017-10-09,14.3,30.2,23.3,3.58,0.411,Anantapur,AP
2017-10-10,10.2,29.6,23.4,2.74,0.414,Anantapur,AP
2017-10-11,18.1,29.6,23.5,3.86,0.408,Anantapur,AP
2017-10-12,6.2,30.8,23.2,3.92,0.404,Anantapur,AP
2017-10-13,3.6,29.6,24.0,3.73,0.4,Anantapur,AP
2017-10-14,28.2,30.2,23.4,3.96,0.406,Anantapur,AP
2017-10-15,9.2,29.6,23.8,3.31,0.419,Anantapur,AP
2017-10-16,0.9,28.2,23.2,2.47,0.4,Anantapur,AP
2017-10-17,0.4,30.3,23.1,3.86,0.384,Anantapur,AP
2017-10-18,0.0,31.9,23.1,4.76,0.361,Anantapur,AP
2017-10-19,0.0,31.5,20.9,5.1,0.335,Anantapur,AP
2017-10-20,0.0,31.5,20.6,4.99,0.312,Anantapur,AP
2017-10-21,0.0,30.6,22.1,4.31,0.293,Anantapur,AP
2017-10-22,0.0,31.1,21.7,5.14,0.272,Anantapur,AP
2017-10-23,0.0,31.2,20.9,4.72,0.247,Anantapur,AP
2017-10-24,1.9,29.7,22.5,3.67,0.244,Anantapur,AP
2017-10-25,0.2,30.2,23.9,4.19,0.24,Anantapur,AP
2017-10-26,0.7,29.6,23.1,3.82,0.225,Anantapur,AP
2017-10-27,0.0,29.7,21.1,4.31,0.205,Anantapur,AP
2017-10-28,0.2,30.0,21.4,3.91,0.182,Anantapur,AP
2017-10-29,0.0,30.2,22.0,4.43,0.162,Anantapur,AP
2017-10-30,0.0,30.0,20.9,4.66,0.14,Anantapur,AP
2017-10-31,1.0,27.9,21.6,3.3,0.123,Anantapur,AP
2017-11-01,0.0,27.6,22.4,2.15,0.113,Anantapur,AP
2017-11-02,0.0,29.9,22.2,3.81,0.105,Anantapur,AP
2017-11-03,0.4,29.1,22.2,3.98,0.091,Anantapur,AP
2017-11-04,4.7,26.3,21.3,2.0,0.095,Anantapur,AP
2017-11-05,9.5,27.7,21.7,2.83,0.318,Anantapur,AP
2017-11-06,2.3,28.4,21.6,2.91,0.34,Anantapur,AP
2017-11-07,0.5,28.5,20.9,3.43,0.326,Anantapur,AP
2017-11-08,0.1,28.6,21.1,3.67,0.291,Anantapur,AP
2017-11-09,0.0,29.0,21.1,4.1,0.256,Anantapur,AP
2017-11-10,0.0,29.1,20.2,4.24,0.225,Anantapur,AP
2017-11-11,0.3,29.6,20.8,3.85,0.202,Anantapur,AP
2017-11-12,0.0,29.6,18.7,4.3,0.18,Anantapur,AP
2017-11-13,0.0,29.4,19.9,3.96,0.159,Anantapur,AP
2017-11-14,0.0,28.4,21.4,3.04,0.142,Anantapur,AP
2017-11-15,0.0,31.5,23.6,4.03,0.129,Anantapur,AP
2017-11-16,0.0,31.7,22.7,4.13,0.107,Anantapur,AP
2017-11-17,0.0,30.1,22.2,3.78,0.085,Anantapur,AP
2017-11-18,0.5,30.4,23.3,3.74,0.075,Anantapur,AP
2017-11-19,0.4,30.4,23.1,3.81,0.071,Anantapur,AP
2017-11-20,0.0,31.1,22.8,4.47,0.058,Anantapur,AP
2017-11-21,0.0,31.3,23.0,4.75,0.043,Anantapur,AP
2017-11-22,0.0,31.8,22.4,5.19,0.035,Anantapur,AP
2017-11-23,0.0,32.0,20.8,4.65,0.033,Anantapur,AP
2017-11-24,0.0,32.5,22.5,4.55,0.03,Anantapur,AP
2017-11-25,0.0,31.5,22.4,4.41,0.038,Anantapur,AP
2017-11-26,0.0,30.2,20.8,3.96,0.044,Anantapur,AP
2017-11-27,0.0,30.2,21.0,3.68,0.044,Anantapur,AP
2017-11-28,0.0,30.9,20.5,4.5,0.044,Anantapur,AP
2017-11-29,0.0,30.3,19.2,4.62,0.041,Anantapur,AP
2017-11-30,0.4,26.6,20.6,2.26,0.045,Anantapur,AP
2017-12-01,0.2,28.9,21.4,3.41,0.053,Anantapur,AP
2017-12-02,0.0,29.3,20.7,4.3,0.057,Anantapur,AP
2017-12-03,0.0,29.0,19.8,4.68,0.055,Anantapur,AP
2017-12-04,0.0,29.2,20.5,4.65,0.051,Anantapur,AP
2017-12-05,0.0,30.1,20.4,3.58,0.049,Anantapur,AP
2017-12-06,0.0,28.1,21.1,2.82,0.047,Anantapur,AP
2017-12-07,0.0,30.5,20.3,4.05,0.037,Anantapur,AP
2017-12-08,0.0,32.1,19.1,4.44,0.039,Anantapur,AP
2017-12-09,0.0,31.7,20.7,4.68,0.037,Anantapur,AP
2017-12-10,0.0,31.3,20.1,4.72,0.03,Anantapur,AP
2017-12-11,0.0,31.5,20.0,4.35,0.032,Anantapur,AP
2017-12-12,0.0,31.9,19.7,4.5,0.03,Anantapur,AP
2017-12-13,0.0,31.9,21.0,4.53,0.034,Anantapur,AP
2017-12-14,0.0,31.7,21.2,5.05,0.037,Anantapur,AP
2017-12-15,0.0,31.3,21.0,4.67,0.039,Anantapur,AP
2017-12-16,0.0,30.9,20.5,4.91,0.043,Anantapur,AP
2017-12-17,0.0,30.2,19.0,5.03,0.044,Anantapur,AP
2017-12-18,0.0,29.6,18.9,4.6,0.045,Anantapur,AP
2017-12-19,0.0,28.6,18.7,4.21,0.044,Anantapur,AP
2017-12-20,0.0,29.8,18.1,4.69,0.044,Anantapur,AP
2017-12-21,0.0,28.9,16.6,4.38,0.043,Anantapur,AP
2017-12-22,0.0,29.8,18.3,4.43,0.041,Anantapur,AP
2017-12-23,0.0,29.7,18.1,4.51,0.04,Anantapur,AP
2017-12-24,0.0,29.3,18.0,4.66,0.038,Anantapur,AP
2017-12-25,0.0,29.5,17.4,4.54,0.038,Anantapur,AP
2017-12-26,0.0,30.6,17.4,4.47,0.04,Anantapur,AP
2017-12-27,0.0,29.4,18.1,4.51,0.044,Anantapur,AP
2017-12-28,0.0,28.9,17.6,4.87,0.046,Anantapur,AP
2017-12-29,0.0,28.1,15.9,4.6,0.046,Anantapur,AP
2017-12-30,0.0,28.7,17.1,4.34,0.042,Anantapur,AP
2017-12-31,0.0,29.5,19.2,4.31,0.04,Anantapur,AP
2018-01-01,0.0,30.6,20.9,4.3,0.04,Anantapur,AP
2018-01-02,0.0,30.5,19.0,4.25,0.043,Anantapur,AP
2018-01-03,0.0,30.1,19.4,4.35,0.045,Anantapur,AP
2018-01-04,0.0,30.2,19.7,4.69,0.044,Anantapur,AP
2018-01-05,0.0,29.4,18.5,4.46,0.047,Anantapur,AP
2018-01-06,0.0,28.5,17.3,4.16,0.045,Anantapur,AP
2018-01-07,0.0,29.0,16.8,4.42,0.043,Anantapur,AP
2018-01-08,0.0,28.9,16.7,4.79,0.045,Anantapur,AP
2018-01-09,0.0,28.5,17.9,3.88,0.047,Anantapur,AP
2018-01-10,0.0,29.9,19.3,4.22,0.046,Anantapur,AP
2018-01-11,0.0,32.1,21.4,5.17,0.034,Anantapur,AP
2018-01-12,0.0,32.8,21.6,4.91,0.029,Anantapur,AP
2018-01-13,0.0,33.2,21.0,5.16,0.031,Anantapur,AP
2018-01-14,0.0,32.6,20.8,5.45,0.034,Anantapur,AP
2018-01-15,0.0,33.0,20.6,5.26,0.034,Anantapur,AP
2018-01-16,0.0,32.1,21.0,4.59,0.036,Anantapur,AP
2018-01-17,0.0,31.6,20.2,5.14,0.04,Anantapur,AP
2018-01-18,0.0,30.7,19.0,5.4,0.04,Anantapur,AP
2018-01-19,0.0,30.3,17.9,4.95,0.04,Anantapur,AP
2018-01-20,0.0,29.9,17.5,4.86,0.039,Anantapur,AP
2018-01-21,0.0,30.0,17.1,4.95,0.037,Anantapur,AP
2018-01-22,0.0,29.7,17.5,5.0,0.035,Anantapur,AP
2018-01-23,0.0,30.8,18.5,4.55,0.033,Anantapur,AP
2018-01-24,0.0,32.0,19.7,4.69,0.035,Anantapur,AP
2018-01-25,0.0,31.2,19.7,4.8,0.038,Anantapur,AP
2018-01-26,0.0,31.0,19.8,5.19,0.037,Anantapur,AP
2018-01-27,0.0,30.8,19.4,4.92,0.037,Anantapur,AP
2018-01-28,0.0,30.9,18.7,5.29,0.038,Anantapur,AP
2018-01-29,0.0,31.6,19.3,5.7,0.038,Anantapur,AP
2018-01-30,0.0,30.5,19.1,5.45,0.038,Anantapur,AP
2018-01-31,0.0,31.2,18.6,5.31,0.038,Anantapur,AP
2018-02-01,0.0,32.0,17.8,5.37,0.04,Anantapur,AP
2018-02-02,0.0,32.0,16.9,5.65,0.041,Anantapur,AP
2018-02-03,0.0,31.7,17.3,6.47,0.04,Anantapur,AP
2018-02-04,0.0,31.3,15.7,6.53,0.037,Anantapur,AP
2018-02-05,0.0,30.6,16.0,6.12,0.037,Anantapur,AP
2018-02-06,0.0,32.3,19.6,5.37,0.034,Anantapur,AP
2018-02-07,0.0,31.9,21.2,4.4,0.036,Anantapur,AP
2018-02-08,0.2,32.2,22.7,3.98,0.034,Anantapur,AP
2018-02-09,0.1,34.0,23.0,5.05,0.033,Anantapur,AP
2018-02-10,0.8,32.6,23.7,4.58,0.032,Anantapur,AP
2018-02-11,0.0,32.9,23.1,5.58,0.035,Anantapur,AP
2018-02-12,0.0,33.0,21.2,5.99,0.034,Anantapur,AP
2018-02-13,0.0,31.8,21.9,5.34,0.035,Anantapur,AP
2018-02-14,0.0,32.7,21.1,5.98,0.036,Anantapur,AP
2018-02-15,0.0,32.3,20.6,5.51,0.036,Anantapur,AP
2018-02-16,0.0,32.7,19.8,5.65,0.037,Anantapur,AP
2018-02-17,0.0,33.1,19.7,5.33,0.037,Anantapur,AP
2018-02-18,0.0,33.8,20.1,6.18,0.035,Anantapur,AP
2018-02-19,0.0,34.1,20.2,6.2,0.028,Anantapur,AP
2018-02-20,0.0,33.8,21.0,6.21,0.025,Anantapur,AP
2018-02-21,0.0,34.2,21.1,6.78,0.028,Anantapur,AP
2018-02-22,0.0,34.3,21.5,6.54,0.033,Anantapur,AP
2018-02-23,0.0,34.1,21.2,7.06,0.036,Anantapur,AP
2018-02-24,0.0,33.5,18.9,7.34,0.035,Anantapur,AP
2018-02-25,0.0,33.9,18.8,6.62,0.031,Anantapur,AP
2018-02-26,0.0,34.4,19.4,6.24,0.029,Anantapur,AP
2018-02-27,0.0,35.4,19.4,7.71,0.031,Anantapur,AP
2018-02-28,0.0,35.8,19.9,7.23,0.029,Anantapur,AP
2018-03-01,0.0,35.9,20.6,7.19,0.024,Anantapur,AP
2018-03-02,0.0,36.3,20.7,6.83,0.024,Anantapur,AP
2018-03-03,0.0,36.5,21.2,7.16,0.023,Anantapur,AP
2018-03-04,0.0,37.0,21.9,7.36,0.024,Anantapur,AP
2018-03-05,0.0,36.9,21.1,7.52,0.024,Anantapur,AP
2018-03-06,0.0,37.3,21.2,8.03,0.023,Anantapur,AP
2018-03-07,0.0,36.4,20.7,8.02,0.023,Anantapur,AP
2018-03-08,0.0,37.5,20.6,8.43,0.024,Anantapur,AP
2018-03-09,0.0,36.6,21.0,7.69,0.023,Anantapur,AP
2018-03-10,0.0,36.7,22.0,7.72,0.023,Anantapur,AP
2018-03-11,0.0,37.1,22.8,7.77,0.025,Anantapur,AP
2018-03-12,0.0,37.6,22.9,8.46,0.024,Anantapur,AP
2018-03-13,0.0,36.4,23.4,7.55,0.025,Anantapur,AP
2018-03-14,0.0,37.0,26.2,6.61,0.024,Anantapur,AP
2018-03-15,0.6,36.3,26.7,5.67,0.024,Anantapur,AP
2018-03-16,4.2,33.4,24.9,4.96,0.044,Anantapur,AP
2018-03-17,0.5,31.5,23.7,4.34,0.127,Anantapur,AP
2018-03-18,1.1,31.3,23.8,4.58,0.154,Anantapur,AP
2018-03-19,0.0,35.0,22.7,6.37,0.111,Anantapur,AP
2018-03-20,0.0,36.8,22.1,5.69,0.057,Anantapur,AP
2018-03-21,0.0,36.7,23.9,6.88,0.024,Anantapur,AP
2018-03-22,0.0,38.4,26.1,6.94,0.022,Anantapur,AP
2018-03-23,0.0,39.0,25.9,7.83,0.023,Anantapur,AP
2018-03-24,0.0,37.8,26.5,6.91,0.021,Anantapur,AP
2018-03-25,0.0,39.1,26.4,8.19,0.02,Anantapur,AP
2018-03-26,0.0,38.7,24.9,7.75,0.019,Anantapur,AP
2018-03-27,0.0,38.8,24.7,6.08,0.017,Anantapur,AP
2018-03-28,0.0,38.6,26.3,6.65,0.015,Anantapur,AP
2018-03-29,0.4,38.5,26.8,6.39,0.015,Anantapur,AP
2018-03-30,0.0,38.4,26.2,6.61,0.017,Anantapur,AP
2018-03-31,0.0,37.7,26.9,7.02,0.02,Anantapur,AP
2018-04-01,0.0,36.9,26.4,6.61,0.02,Anantapur,AP
2018-04-02,0.1,37.0,26.4,6.74,0.024,Anantapur,AP
2018-04-03,0.0,37.2,26.2,6.08,0.027,Anantapur,AP
2018-04-04,0.0,37.7,26.0,6.68,0.023,Anantapur,AP
2018-04-05,0.0,38.3,25.4,7.23,0.02,Anantapur,AP
2018-04-06,0.2,36.9,26.9,6.25,0.021,Anantapur,AP
2018-04-07,0.3,37.9,26.6,6.78,0.021,Anantapur,AP
2018-04-08,0.0,36.9,25.9,7.97,0.018,Anantapur,AP
2018-04-09,0.0,36.5,24.6,6.91,0.021,Anantapur,AP
2018-04-10,0.0,36.9,25.2,7.36,0.021,Anantapur,AP
2018-04-11,0.0,37.6,26.0,7.04,0.02,Anantapur,AP
2018-04-12,0.0,37.3,26.9,6.44,0.019,Anantapur,AP
2018-04-13,0.0,37.8,27.7,6.98,0.02,Anantapur,AP
2018-04-14,0.0,38.4,27.4,6.99,0.023,Anantapur,AP
2018-04-15,0.3,37.9,28.0,6.95,0.022,Anantapur,AP
2018-04-16,0.0,38.2,28.3,6.77,0.023,Anantapur,AP
2018-04-17,0.0,39.4,28.1,7.08,0.021,Anantapur,AP
2018-04-18,0.0,40.5,27.9,7.49,0.02,Anantapur,AP
2018-04-19,0.0,39.7,28.8,7.16,0.02,Anantapur,AP
2018-04-20,1.8,38.7,28.1,6.89,0.023,Anantapur,AP
2018-04-21,0.0,39.7,28.0,7.45,0.029,Anantapur,AP
2018-04-22,0.0,39.7,28.7,7.13,0.032,Anantapur,AP
2018-04-23,0.1,38.6,28.4,7.03,0.031,Anantapur,AP
2018-04-24,0.1,39.0,28.1,6.91,0.032,Anantapur,AP
2018-04-25,0.0,39.1,28.3,6.59,0.025,Anantapur,AP
2018-04-26,0.0,39.0,28.1,7.69,0.022,Anantapur,AP
2018-04-27,0.0,40.1,29.0,7.98,0.023,Anantapur,AP
2018-04-28,0.0,40.5,27.5,8.24,0.023,Anantapur,AP
2018-04-29,0.0,39.3,28.2,6.9,0.019,Anantapur,AP
2018-04-30,0.0,40.2,28.7,7.39,0.019,Anantapur,AP
2018-05-01,0.0,41.2,28.1,8.29,0.018,Anantapur,AP
2018-05-02,0.1,39.6,27.5,7.37,0.017,Anantapur,AP
2018-05-03,2.1,37.2,27.7,7.01,0.021,Anantapur,AP
2018-05-04,0.0,37.9,26.4,6.49,0.029,Anantapur,AP
2018-05-05,0.0,39.1,27.9,7.41,0.024,Anantapur,AP
2018-05-06,0.0,40.1,28.6,6.95,0.02,Anantapur,AP
2018-05-07,0.1,40.0,28.4,7.65,0.016,Anantapur,AP
2018-05-08,0.0,39.9,28.6,7.34,0.016,Anantapur,AP
2018-05-09,0.0,39.8,28.2,7.05,0.02,Anantapur,AP
2018-05-10,0.8,39.3,28.5,6.53,0.025,Anantapur,AP
2018-05-11,0.2,38.8,27.9,6.37,0.028,Anantapur,AP
2018-05-12,1.6,38.2,27.7,6.89,0.034,Anantapur,AP
2018-05-13,2.9,38.2,26.7,6.41,0.039,Anantapur,AP
2018-05-14,4.7,36.1,27.3,6.13,0.044,Anantapur,AP
2018-05-15,0.0,32.4,26.0,2.69,0.056,Anantapur,AP
2018-05-16,0.0,36.9,25.2,5.78,0.039,Anantapur,AP
2018-05-17,0.0,39.0,27.1,6.8,0.025,Anantapur,AP
2018-05-18,5.2,36.8,27.7,5.92,0.051,Anantapur,AP
2018-05-19,2.6,36.3,26.3,6.11,0.143,Anantapur,AP
2018-05-20,0.2,37.5,26.3,6.54,0.119,Anantapur,AP
2018-05-21,2.0,37.1,26.1,6.67,0.083,Anantapur,AP
2018-05-22,0.0,35.3,25.7,5.7,0.107,Anantapur,AP
2018-05-23,0.3,37.5,25.9,6.2,0.073,Anantapur,AP
2018-05-24,1.5,36.3,26.3,6.16,0.039,Anantapur,AP
2018-05-25,0.2,38.7,26.4,6.41,0.032,Anantapur,AP
2018-05-26,1.4,38.5,26.3,6.13,0.035,Anantapur,AP
2018-05-27,0.0,39.0,28.2,6.74,0.022,Anantapur,AP
2018-05-28,0.1,38.3,28.3,6.72,0.017,Anantapur,AP
2018-05-29,0.1,39.9,28.0,7.87,0.018,Anantapur,AP
2018-05-30,0.0,38.7,26.8,7.58,0.017,Anantapur,AP
2018-05-31,0.0,38.1,26.7,6.93,0.025,Anantapur,AP
2018-06-01,4.6,34.5,27.2,4.88,0.037,Anantapur,AP
2018-06-02,13.8,35.7,26.0,5.29,0.165,Anantapur,AP
2018-06-03,13.2,31.4,25.2,4.31,0.223,Anantapur,AP
2018-06-04,10.6,32.1,25.1,4.99,0.166,Anantapur,AP
2018-06-05,0.6,34.6,24.8,6.21,0.135,Anantapur,AP
2018-06-06,0.0,33.7,25.2,5.61,0.153,Anantapur,AP
2018-06-07,1.5,32.5,24.9,5.03,0.116,Anantapur,AP
2018-06-08,4.0,29.5,24.5,3.36,0.146,Anantapur,AP
2018-06-09,2.6,29.3,24.5,4.23,0.191,Anantapur,AP
2018-06-10,0.6,30.7,24.1,4.54,0.215,Anantapur,AP
2018-06-11,0.8,31.1,24.9,4.96,0.174,Anantapur,AP
2018-06-12,1.7,32.4,25.3,5.95,0.135,Anantapur,AP
2018-06-13,0.1,33.2,25.1,6.02,0.097,Anantapur,AP
2018-06-14,1.1,33.3,24.7,5.96,0.072,Anantapur,AP
2018-06-15,0.0,33.7,24.5,6.49,0.049,Anantapur,AP
2018-06-16,0.0,35.6,24.6,7.45,0.027,Anantapur,AP
2018-06-17,0.2,34.9,24.8,7.37,0.022,Anantapur,AP
2018-06-18,0.0,35.3,24.7,7.73,0.024,Anantapur,AP
2018-06-19,1.0,36.0,25.2,7.6,0.025,Anantapur,AP
2018-06-20,0.3,34.7,25.3,6.64,0.038,Anantapur,AP
2018-06-21,1.2,33.6,24.9,5.91,0.05,Anantapur,AP
2018-06-22,1.2,30.6,24.2,3.91,0.099,Anantapur,AP
2018-06-23,2.2,31.8,23.8,5.33,0.084,Anantapur,AP
2018-06-24,2.6,33.0,23.8,5.58,0.071,Anantapur,AP
2018-06-25,0.3,33.4,24.1,6.18,0.038,Anantapur,AP
2018-06-26,0.0,33.0,24.5,6.4,0.037,Anantapur,AP
2018-06-27,0.2,32.0,25.2,5.29,0.035,Anantapur,AP
2018-06-28,1.2,30.0,24.8,4.24,0.039,Anantapur,AP
2018-06-29,0.4,34.1,24.4,6.01,0.034,Anantapur,AP
2018-06-30,2.0,31.9,24.8,5.23,0.03,Anantapur,AP
2018-07-01,0.2,32.3,24.5,4.65,0.024,Anantapur,AP
2018-07-02,1.4,33.5,24.6,5.27,0.016,Anantapur,AP
2018-07-03,0.3,33.7,24.6,6.45,0.015,Anantapur,AP
2018-07-04,0.0,34.4,24.7,7.46,0.013,Anantapur,AP
2018-07-05,0.3,34.8,24.7,7.25,0.016,Anantapur,AP
2018-07-06,7.8,29.6,25.0,3.66,0.032,Anantapur,AP
2018-07-07,4.6,30.4,24.4,4.4,0.063,Anantapur,AP
2018-07-08,5.4,29.5,24.3,3.55,0.08,Anantapur,AP
2018-07-09,10.7,28.0,23.8,2.97,0.151,Anantapur,AP
2018-07-10,0.2,29.6,24.2,4.3,0.152,Anantapur,AP
2018-07-11,6.7,29.2,24.1,3.95,0.146,Anantapur,AP
2018-07-12,0.3,27.9,23.8,3.45,0.129,Anantapur,AP
2018-07-13,10.8,27.8,23.7,3.36,0.165,Anantapur,AP
2018-07-14,1.0,30.9,23.7,4.74,0.134,Anantapur,AP
2018-07-15,1.2,30.2,24.4,4.99,0.147,Anantapur,AP
2018-07-16,0.0,31.0,24.7,5.8,0.12,Anantapur,AP
2018-07-17,0.3,32.4,24.4,6.83,0.085,Anantapur,AP
2018-07-18,0.2,33.4,24.4,6.44,0.059,Anantapur,AP
2018-07-19,0.0,33.3,24.6,6.68,0.043,Anantapur,AP
2018-07-20,0.7,32.0,24.7,5.85,0.038,Anantapur,AP
2018-07-21,0.4,32.6,24.8,6.1,0.035,Anantapur,AP
2018-07-22,0.3,32.6,24.6,5.96,0.035,Anantapur,AP
2018-07-23,0.5,32.6,24.7,6.03,0.033,Anantapur,AP
2018-07-24,0.8,33.5,24.6,6.25,0.039,Anantapur,AP
2018-07-25,0.0,34.6,24.2,6.88,0.039,Anantapur,AP
2018-07-26,0.1,34.9,24.7,6.94,0.032,Anantapur,AP
2018-07-27,0.2,31.6,24.8,5.19,0.032,Anantapur,AP
2018-07-28,0.3,33.1,24.4,6.2,0.031,Anantapur,AP
2018-07-29,0.0,34.9,24.5,7.01,0.032,Anantapur,AP
2018-07-30,0.8,35.0,24.2,6.87,0.028,Anantapur,AP
2018-07-31,1.3,34.2,24.5,6.41,0.03,Anantapur,AP
2018-08-01,1.1,34.4,24.0,6.27,0.038,Anantapur,AP
2018-08-02,0.3,34.1,24.3,6.71,0.046,Anantapur,AP
2018-08-03,0.1,33.5,24.3,6.94,0.04,Anantapur,AP
2018-08-04,0.4,33.9,24.1,6.92,0.037,Anantapur,AP
2018-08-05,0.1,33.4,24.4,6.55,0.037,Anantapur,AP
2018-08-06,0.5,33.3,24.2,6.98,0.038,Anantapur,AP
2018-08-07,0.6,30.9,24.1,4.98,0.041,Anantapur,AP
2018-08-08,0.8,31.9,24.5,5.61,0.047,Anantapur,AP
2018-08-09,0.0,34.2,24.5,7.24,0.034,Anantapur,AP
2018-08-10,1.1,32.9,24.2,5.72,0.032,Anantapur,AP
2018-08-11,6.4,30.1,23.8,4.48,0.078,Anantapur,AP
2018-08-12,8.4,26.7,23.5,2.95,0.173,Anantapur,AP
2018-08-13,1.6,29.5,23.3,4.17,0.187,Anantapur,AP
2018-08-14,10.1,28.7,23.4,3.54,0.188,Anantapur,AP
2018-08-15,7.9,28.3,24.2,3.16,0.22,Anantapur,AP
2018-08-16,5.2,28.3,23.4,4.01,0.276,Anantapur,AP
2018-08-17,0.0,31.3,23.9,5.98,0.259,Anantapur,AP
2018-08-18,0.6,31.4,23.2,5.75,0.198,Anantapur,AP
2018-08-19,1.6,31.0,23.7,5.13,0.153,Anantapur,AP
2018-08-20,0.3,29.6,23.7,4.19,0.12,Anantapur,AP
2018-08-21,0.0,32.1,23.6,6.49,0.081,Anantapur,AP
2018-08-22,0.2,34.1,23.3,7.18,0.053,Anantapur,AP
2018-08-23,0.1,34.3,23.6,6.98,0.037,Anantapur,AP
2018-08-24,0.2,33.7,24.1,6.27,0.031,Anantapur,AP
2018-08-25,0.8,33.0,23.8,5.97,0.031,Anantapur,AP
2018-08-26,0.5,32.9,23.9,5.69,0.031,Anantapur,AP
2018-08-27,1.5,32.4,23.9,5.18,0.036,Anantapur,AP
2018-08-28,0.7,34.0,23.5,6.15,0.042,Anantapur,AP
2018-08-29,0.4,33.1,23.7,5.74,0.039,Anantapur,AP
2018-08-30,4.5,34.0,23.7,6.27,0.051,Anantapur,AP
2018-08-31,4.4,34.0,23.9,6.43,0.06,Anantapur,AP
2018-09-01,1.5,33.2,23.7,6.27,0.098,Anantapur,AP
2018-09-02,0.4,32.8,23.7,6.33,0.063,Anantapur,AP
2018-09-03,0.4,34.5,23.2,7.3,0.038,Anantapur,AP
2018-09-04,0.9,34.9,23.8,7.28,0.034,Anantapur,AP
2018-09-05,0.3,34.3,24.1,6.92,0.038,Anantapur,AP
2018-09-06,0.0,33.3,23.6,6.38,0.029,Anantapur,AP
2018-09-07,0.7,33.0,23.4,6.57,0.027,Anantapur,AP
2018-09-08,2.1,34.0,23.1,6.82,0.035,Anantapur,AP
2018-09-09,0.3,35.4,23.9,6.15,0.036,Anantapur,AP
2018-09-10,0.3,34.9,25.9,5.84,0.028,Anantapur,AP
2018-09-11,3.5,36.5,25.9,5.8,0.024,Anantapur,AP
2018-09-12,31.4,32.5,24.0,4.28,0.15,Anantapur,AP
2018-09-13,0.0,33.2,23.1,6.28,0.092,Anantapur,AP
2018-09-14,0.0,34.3,22.7,6.69,0.051,Anantapur,AP
2018-09-15,0.4,35.4,24.1,6.55,0.03,Anantapur,AP
2018-09-16,3.2,36.3,25.4,5.97,0.031,Anantapur,AP
2018-09-17,25.0,29.4,23.8,2.74,0.304,Anantapur,AP
2018-09-18,1.0,32.3,23.8,3.21,0.276,Anantapur,AP
2018-09-19,0.2,30.0,23.5,2.69,0.24,Anantapur,AP
2018-09-20,5.9,29.8,23.0,3.36,0.216,Anantapur,AP
2018-09-21,2.5,30.4,23.6,4.5,0.203,Anantapur,AP
2018-09-22,0.0,33.1,21.9,5.64,0.162,Anantapur,AP
2018-09-23,1.1,32.5,22.5,5.42,0.11,Anantapur,AP
2018-09-24,13.3,32.1,23.1,4.7,0.114,Anantapur,AP
2018-09-25,11.5,32.3,23.7,4.54,0.194,Anantapur,AP
2018-09-26,14.4,30.7,22.6,3.57,0.29,Anantapur,AP
2018-09-27,1.5,31.0,23.1,4.27,0.276,Anantapur,AP
2018-09-28,0.9,31.9,23.9,4.99,0.235,Anantapur,AP
2018-09-29,3.0,31.9,22.9,4.85,0.21,Anantapur,AP
2018-09-30,1.8,32.5,24.1,5.08,0.174,Anantapur,AP
2018-10-01,0.7,32.4,24.1,5.44,0.126,Anantapur,AP
2018-10-02,0.2,33.3,23.6,5.4,0.081,Anantapur,AP
2018-10-03,0.1,34.2,24.8,5.93,0.042,Anantapur,AP
2018-10-04,0.3,33.6,24.4,5.4,0.027,Anantapur,AP
2018-10-05,0.7,30.9,24.3,3.87,0.028,Anantapur,AP
2018-10-06,0.4,33.4,23.7,5.31,0.026,Anantapur,AP
2018-10-07,0.0,34.1,22.3,6.33,0.02,Anantapur,AP
2018-10-08,0.0,35.0,23.2,6.68,0.017,Anantapur,AP
2018-10-09,0.0,35.5,24.7,5.98,0.013,Anantapur,AP
2018-10-10,0.0,35.8,25.1,6.99,0.01,Anantapur,AP
2018-10-11,0.0,38.1,23.8,7.42,0.011,Anantapur,AP
2018-10-12,0.0,36.9,24.7,7.29,0.01,Anantapur,AP
2018-10-13,0.0,36.0,24.5,5.84,0.007,Anantapur,AP
2018-10-14,0.1,35.9,25.9,6.03,0.003,Anantapur,AP
2018-10-15,7.0,33.5,25.2,4.11,0.025,Anantapur,AP
2018-10-16,9.8,32.7,23.4,4.54,0.136,Anantapur,AP
2018-10-17,24.5,29.5,22.7,3.26,0.334,Anantapur,AP
2018-10-18,4.2,29.4,22.7,2.68,0.335,Anantapur,AP
2018-10-19,0.0,31.0,22.8,4.58,0.264,Anantapur,AP
2018-10-20,0.0,30.6,21.0,5.3,0.204,Anantapur,AP
2018-10-21,0.0,31.4,20.9,5.31,0.148,Anantapur,AP
2018-10-22,0.0,33.0,20.0,5.36,0.097,Anantapur,AP
2018-10-23,0.0,34.1,20.9,5.64,0.063,Anantapur,AP
2018-10-24,0.0,34.5,22.5,6.23,0.038,Anantapur,AP
2018-10-25,0.0,33.8,23.1,5.85,0.034,Anantapur,AP
2018-10-26,0.0,33.9,23.4,6.05,0.025,Anantapur,AP
2018-10-27,0.0,34.1,21.6,6.38,0.027,Anantapur,AP
2018-10-28,0.0,34.4,20.9,6.49,0.033,Anantapur,AP
2018-10-29,0.0,34.0,20.9,6.63,0.036,Anantapur,AP
2018-10-30,0.0,33.5,20.4,5.58,0.035,Anantapur,AP
2018-10-31,0.0,34.3,22.6,5.3,0.029,Anantapur,AP
2018-11-01,1.2,33.4,23.3,4.68,0.03,Anantapur,AP
2018-11-02,0.9,30.9,23.1,4.21,0.041,Anantapur,AP
2018-11-03,0.2,32.4,23.9,4.51,0.036,Anantapur,AP
2018-11-04,0.0,32.3,22.5,4.69,0.029,Anantapur,AP
2018-11-05,0.0,32.4,22.8,4.9,0.025,Anantapur,AP
2018-11-06,0.1,32.2,23.2,4.98,0.023,Anantapur,AP
2018-11-07,0.0,34.0,22.8,6.36,0.02,Anantapur,AP
2018-11-08,0.0,34.2,20.6,6.54,0.019,Anantapur,AP
2018-11-09,0.0,33.1,20.8,5.61,0.02,Anantapur,AP
2018-11-10,0.0,34.5,21.6,6.0,0.019,Anantapur,AP
2018-11-11,0.0,34.1,21.2,5.54,0.02,Anantapur,AP
2018-11-12,0.0,34.4,21.5,5.88,0.023,Anantapur,AP
2018-11-13,0.0,33.4,20.3,5.84,0.026,Anantapur,AP
2018-11-14,0.0,33.6,19.6,5.67,0.035,Anantapur,AP
2018-11-15,0.0,34.7,20.6,5.38,0.036,Anantapur,AP
2018-11-16,3.1,30.3,23.7,3.8,0.056,Anantapur,AP
2018-11-17,0.0,32.6,23.1,4.55,0.068,Anantapur,AP
2018-11-18,0.0,32.6,23.3,4.61,0.046,Anantapur,AP
2018-11-19,2.1,32.9,24.0,4.69,0.035,Anantapur,AP
2018-11-20,0.0,33.6,22.6,5.73,0.027,Anantapur,AP
2018-11-21,0.3,32.1,22.0,3.89,0.029,Anantapur,AP
2018-11-22,8.9,26.3,22.2,2.26,0.115,Anantapur,AP
2018-11-23,6.9,26.9,21.2,2.16,0.189,Anantapur,AP
2018-11-24,0.0,28.7,21.5,3.05,0.193,Anantapur,AP
2018-11-25,0.0,30.4,21.0,4.15,0.155,Anantapur,AP
2018-11-26,0.0,30.0,20.4,4.69,0.113,Anantapur,AP
2018-11-27,0.0,29.2,18.1,4.82,0.077,Anantapur,AP
2018-11-28,0.0,29.3,17.1,4.93,0.052,Anantapur,AP
2018-11-29,0.0,30.6,18.6,4.58,0.038,Anantapur,AP
2018-11-30,0.0,30.9,19.7,4.73,0.031,Anantapur,AP
2018-12-01,0.0,30.2,21.0,4.66,0.029,Anantapur,AP
2018-12-02,0.0,30.7,19.1,4.9,0.024,Anantapur,AP
2018-12-03,0.0,29.8,20.6,3.95,0.023,Anantapur,AP
2018-12-04,1.2,29.7,20.6,3.03,0.03,Anantapur,AP
2018-12-05,1.2,28.4,21.6,2.33,0.038,Anantapur,AP
2018-12-06,1.1,31.0,22.7,3.77,0.031,Anantapur,AP
2018-12-07,0.5,31.2,21.6,4.36,0.027,Anantapur,AP
2018-12-08,0.0,32.3,21.6,4.68,0.027,Anantapur,AP
2018-12-09,0.0,33.0,21.1,5.13,0.026,Anantapur,AP
2018-12-10,0.0,32.8,21.6,4.74,0.027,Anantapur,AP
2018-12-11,0.0,31.4,21.8,4.05,0.026,Anantapur,AP
2018-12-12,0.0,32.8,22.2,4.61,0.028,Anantapur,AP
2018-12-13,0.0,32.4,22.2,4.89,0.028,Anantapur,AP
2018-12-14,0.0,31.5,21.0,5.13,0.028,Anantapur,AP
2018-12-15,0.0,30.8,20.6,5.1,0.028,Anantapur,AP
2018-12-16,0.0,29.5,19.9,3.98,0.033,Anantapur,AP
2018-12-17,0.0,31.8,18.9,5.75,0.036,Anantapur,AP
2018-12-18,0.0,30.1,17.5,4.69,0.039,Anantapur,AP
2018-12-19,0.0,29.1,18.0,3.73,0.043,Anantapur,AP
2018-12-20,0.0,29.8,17.9,4.41,0.039,Anantapur,AP
2018-12-21,0.0,30.1,21.1,3.77,0.032,Anantapur,AP
2018-12-22,0.0,31.6,20.4,4.73,0.033,Anantapur,AP
2018-12-23,0.0,32.0,21.2,4.43,0.027,Anantapur,AP
2018-12-24,0.0,31.9,21.0,4.67,0.024,Anantapur,AP
2018-12-25,0.0,32.3,21.3,4.63,0.022,Anantapur,AP
2018-12-26,0.0,33.2,21.5,4.82,0.021,Anantapur,AP
2018-12-27,0.1,33.4,23.4,4.86,0.023,Anantapur,AP
2018-12-28,0.8,29.4,21.9,3.56,0.029,Anantapur,AP
2018-12-29,0.3,30.1,20.7,4.84,0.036,Anantapur,AP
2018-12-30,0.0,29.6,18.8,4.73,0.031,Anantapur,AP
2018-12-31,0.0,29.1,18.2,4.52,0.028,Anantapur,AP
2019-01-01,0.0,29.5,16.3,5.18,0.03,Anantapur,AP
2019-01-02,0.0,30.2,15.4,5.32,0.026,Anantapur,AP
2019-01-03,0.0,31.3,16.0,5.17,0.024,Anantapur,AP
2019-01-04,0.0,30.9,16.8,5.45,0.023,Anantapur,AP
2019-01-05,0.0,29.9,16.4,5.07,0.023,Anantapur,AP
2019-01-06,0.0,30.3,17.2,5.24,0.023,Anantapur,AP
2019-01-07,0.0,31.2,17.4,5.19,0.023,Anantapur,AP
2019-01-08,0.0,31.2,17.5,5.09,0.023,Anantapur,AP
2019-01-09,0.0,32.1,17.5,5.31,0.031,Anantapur,AP
2019-01-10,0.0,31.4,17.0,5.38,0.033,Anantapur,AP
2019-01-11,0.0,31.3,17.6,4.96,0.03,Anantapur,AP
2019-01-12,0.0,31.0,18.3,5.11,0.031,Anantapur,AP
2019-01-13,0.0,30.9,18.4,5.21,0.03,Anantapur,AP
2019-01-14,0.0,30.8,17.7,5.62,0.028,Anantapur,AP
2019-01-15,0.0,31.2,18.0,5.47,0.025,Anantapur,AP
2019-01-16,0.0,30.9,18.7,5.2,0.024,Anantapur,AP
2019-01-17,0.0,31.6,18.5,5.18,0.023,Anantapur,AP
2019-01-18,0.0,31.9,18.8,5.3,0.023,Anantapur,AP
2019-01-19,0.0,31.8,18.6,5.42,0.023,Anantapur,AP
2019-01-20,0.0,31.7,18.6,5.59,0.022,Anantapur,AP
2019-01-21,0.0,32.2,17.7,6.06,0.023,Anantapur,AP
2019-01-22,0.0,31.3,17.7,4.96,0.023,Anantapur,AP
2019-01-23,0.0,31.7,18.9,5.08,0.023,Anantapur,AP
2019-01-24,0.0,32.2,20.2,4.95,0.023,Anantapur,AP
2019-01-25,0.0,33.5,22.6,5.34,0.023,Anantapur,AP
2019-01-26,0.0,32.2,23.1,4.88,0.024,Anantapur,AP
2019-01-27,1.5,29.8,21.4,3.92,0.03,Anantapur,AP
2019-01-28,9.4,26.0,20.3,2.63,0.12,Anantapur,AP
2019-01-29,0.0,28.5,18.9,3.94,0.157,Anantapur,AP
2019-01-30,0.0,28.9,18.3,4.82,0.123,Anantapur,AP
2019-01-31,0.0,29.1,16.7,4.8,0.084,Anantapur,AP
2019-02-01,0.0,29.6,18.4,4.86,0.057,Anantapur,AP
2019-02-02,0.0,31.4,18.2,5.42,0.039,Anantapur,AP
2019-02-03,0.0,31.6,18.9,5.43,0.031,Anantapur,AP
2019-02-04,0.0,32.0,19.6,5.45,0.028,Anantapur,AP
2019-02-05,0.0,32.8,19.9,5.85,0.022,Anantapur,AP
2019-02-06,0.0,34.2,20.9,6.11,0.019,Anantapur,AP
2019-02-07,0.0,35.5,23.3,5.84,0.015,Anantapur,AP
2019-02-08,0.0,35.2,24.0,6.09,0.012,Anantapur,AP
2019-02-09,0.2,33.1,23.8,4.88,0.014,Anantapur,AP
2019-02-10,1.2,33.1,23.2,5.07,0.015,Anantapur,AP
2019-02-11,1.8,31.6,22.8,5.41,0.026,Anantapur,AP
2019-02-12,0.0,33.6,20.9,6.48,0.021,Anantapur,AP
2019-02-13,0.0,33.5,20.5,6.38,0.019,Anantapur,AP
2019-02-14,0.0,34.5,20.1,6.58,0.015,Anantapur,AP
2019-02-15,0.0,33.2,23.1,4.88,0.012,Anantapur,AP
2019-02-16,0.0,35.9,24.2,6.05,0.011,Anantapur,AP
2019-02-17,0.0,36.5,22.8,6.66,0.011,Anantapur,AP
2019-02-18,0.0,35.6,22.3,6.3,0.011,Anantapur,AP
2019-02-19,0.0,36.1,23.4,6.1,0.009,Anantapur,AP
2019-02-20,0.0,36.6,24.3,7.5,0.008,Anantapur,AP
2019-02-21,0.0,35.1,22.0,7.26,0.007,Anantapur,AP
2019-02-22,0.0,36.8,21.6,8.2,0.007,Anantapur,AP
2019-02-23,0.0,37.8,21.1,8.04,0.005,Anantapur,AP
2019-02-24,0.0,38.0,21.7,7.45,0.004,Anantapur,AP
2019-02-25,0.0,37.8,23.2,6.92,0.002,Anantapur,AP
2019-02-26,0.0,38.2,23.7,7.97,0.0,Anantapur,AP
2019-02-27,0.0,37.0,23.3,6.63,0.0,Anantapur,AP
2019-02-28,0.0,36.1,24.5,6.84,0.0,Anantapur,AP
2019-03-01,0.0,35.9,23.8,5.73,0.0,Anantapur,AP
2019-03-02,0.0,35.9,24.6,6.83,0.0,Anantapur,AP
2019-03-03,0.0,36.1,24.4,5.95,0.0,Anantapur,AP
2019-03-04,0.0,38.0,25.1,6.11,0.0,Anantapur,AP
2019-03-05,0.0,38.5,26.2,8.26,0.0,Anantapur,AP
2019-03-06,0.0,38.0,25.7,7.47,0.0,Anantapur,AP
2019-03-07,0.0,38.5,23.4,7.86,0.0,Anantapur,AP
2019-03-08,0.0,37.8,22.5,6.8,0.0,Anantapur,AP
2019-03-09,0.0,37.5,25.6,6.27,0.0,Anantapur,AP
2019-03-10,0.0,36.8,26.2,6.18,0.0,Anantapur,AP
2019-03-11,0.0,38.7,26.7,7.54,0.0,Anantapur,AP
2019-03-12,0.0,38.3,26.4,7.88,0.0,Anantapur,AP
2019-03-13,0.0,38.6,25.5,7.94,0.0,Anantapur,AP
2019-03-14,0.0,39.1,24.0,8.02,0.0,Anantapur,AP
2019-03-15,0.0,38.9,24.8,8.68,0.0,Anantapur,AP
2019-03-16,0.0,37.9,23.1,9.24,0.0,Anantapur,AP
2019-03-17,0.0,37.1,22.6,8.37,0.0,Anantapur,AP
2019-03-18,0.0,37.9,22.4,7.44,0.0,Anantapur,AP
2019-03-19,0.0,38.0,24.2,6.77,0.0,Anantapur,AP
2019-03-20,0.0,38.2,25.8,6.65,0.0,Anantapur,AP
2019-03-21,0.0,37.4,27.0,6.45,0.0,Anantapur,AP
2019-03-22,0.0,39.0,26.3,7.38,0.0,Anantapur,AP
2019-03-23,0.0,38.8,26.3,6.88,0.0,Anantapur,AP
2019-03-24,0.0,38.4,27.5,6.85,0.001,Anantapur,AP
2019-03-25,0.0,39.4,26.8,8.3,0.001,Anantapur,AP
2019-03-26,0.0,39.6,25.8,7.47,0.0,Anantapur,AP
2019-03-27,0.0,39.5,26.7,7.89,0.0,Anantapur,AP
2019-03-28,0.0,39.9,25.4,7.39,0.0,Anantapur,AP
2019-03-29,0.0,40.0,26.6,7.89,0.0,Anantapur,AP
2019-03-30,0.0,40.6,27.7,8.17,0.0,Anantapur,AP
2019-03-31,0.0,38.9,26.5,6.52,0.0,Anantapur,AP
2019-04-01,0.0,40.1,27.5,7.43,0.0,Anantapur,AP
2019-04-02,0.0,38.5,27.7,6.76,0.0,Anantapur,AP
2019-04-03,0.0,38.9,27.7,7.26,0.0,Anantapur,AP
2019-04-04,0.0,39.2,26.8,7.45,0.0,Anantapur,AP
2019-04-05,0.0,39.6,27.2,7.63,0.0,Anantapur,AP
2019-04-06,0.0,38.6,27.2,7.01,0.0,Anantapur,AP
2019-04-07,0.0,39.4,27.3,7.36,0.0,Anantapur,AP
2019-04-08,0.0,39.1,27.8,7.03,0.0,Anantapur,AP
2019-04-09,0.0,38.4,28.5,6.61,0.0,Anantapur,AP
2019-04-10,0.0,39.4,27.7,6.46,0.0,Anantapur,AP
2019-04-11,0.0,39.7,27.7,6.55,0.0,Anantapur,AP
2019-04-12,0.0,39.8,27.1,7.02,0.0,Anantapur,AP
2019-04-13,0.0,40.7,27.5,7.96,0.0,Anantapur,AP
2019-04-14,0.0,40.9,28.2,7.91,0.0,Anantapur,AP
2019-04-15,0.0,40.2,27.5,7.03,0.0,Anantapur,AP
2019-04-16,0.0,39.3,27.7,7.56,0.0,Anantapur,AP
2019-04-17,0.0,39.1,28.3,6.53,0.0,Anantapur,AP
2019-04-18,0.0,39.9,28.2,7.7,0.0,Anantapur,AP
2019-04-19,0.1,38.4,28.0,7.24,0.0,Anantapur,AP
2019-04-20,0.0,39.4,28.9,7.71,0.0,Anantapur,AP
2019-04-21,0.0,38.8,27.9,7.14,0.0,Anantapur,AP
2019-04-22,0.0,38.7,29.5,7.33,0.0,Anantapur,AP
2019-04-23,0.0,38.6,27.3,7.28,0.0,Anantapur,AP
2019-04-24,0.0,39.2,27.3,7.84,0.0,Anantapur,AP
2019-04-25,0.0,41.4,27.0,8.86,0.0,Anantapur,AP
2019-04-26,0.0,40.5,27.8,7.21,0.0,Anantapur,AP
2019-04-27,0.0,41.7,28.0,7.79,0.0,Anantapur,AP
2019-04-28,0.0,41.1,28.7,7.36,0.0,Anantapur,AP
2019-04-29,0.0,38.8,29.3,6.95,0.0,Anantapur,AP
2019-04-30,0.5,39.4,28.8,7.37,0.0,Anantapur,AP
2019-05-01,0.9,40.6,27.4,9.12,0.0,Anantapur,AP
2019-05-02,0.0,41.1,27.3,9.93,0.001,Anantapur,AP
2019-05-03,0.0,39.1,25.4,9.63,0.0,Anantapur,AP
2019-05-04,0.0,38.9,25.5,8.93,0.0,Anantapur,AP
2019-05-05,0.0,39.1,26.7,7.34,0.0,Anantapur,AP
2019-05-06,0.0,39.9,28.1,7.5,0.0,Anantapur,AP
2019-05-07,0.0,39.9,27.9,9.29,0.0,Anantapur,AP
2019-05-08,0.0,38.7,27.5,8.62,0.0,Anantapur,AP
2019-05-09,0.0,39.2,26.8,8.39,0.0,Anantapur,AP
2019-05-10,0.0,39.9,28.4,7.89,0.0,Anantapur,AP
2019-05-11,0.0,40.0,30.2,7.38,0.0,Anantapur,AP
2019-05-12,0.0,38.4,29.7,6.74,0.0,Anantapur,AP
2019-05-13,0.1,39.0,28.9,6.88,0.0,Anantapur,AP
2019-05-14,0.0,39.6,28.0,7.73,0.0,Anantapur,AP
2019-05-15,0.0,39.8,28.9,7.88,0.0,Anantapur,AP
2019-05-16,0.0,39.5,28.8,7.73,0.0,Anantapur,AP
2019-05-17,0.0,40.3,29.6,7.78,0.0,Anantapur,AP
2019-05-18,0.0,40.1,28.9,6.92,0.0,Anantapur,AP
2019-05-19,0.3,40.1,30.5,6.91,0.0,Anantapur,AP
2019-05-20,0.0,40.1,30.7,7.34,0.0,Anantapur,AP
2019-05-21,1.6,39.5,30.7,7.21,0.002,Anantapur,AP
2019-05-22,0.1,39.9,28.8,6.54,0.003,Anantapur,AP
2019-05-23,2.0,39.7,29.5,6.5,0.009,Anantapur,AP
2019-05-24,0.0,40.0,28.9,6.9,0.008,Anantapur,AP
2019-05-25,0.0,41.1,27.9,7.96,0.002,Anantapur,AP
2019-05-26,0.0,40.9,28.6,8.03,0.0,Anantapur,AP
2019-05-27,0.0,40.3,27.6,7.24,0.004,Anantapur,AP
2019-05-28,0.0,40.1,29.7,8.06,0.005,Anantapur,AP
2019-05-29,0.0,41.5,29.4,8.0,0.006,Anantapur,AP
2019-05-30,0.0,41.3,28.8,7.87,0.007,Anantapur,AP
2019-05-31,0.4,40.1,28.8,7.79,0.01,Anantapur,AP
2019-06-01,0.0,38.7,27.9,7.63,0.009,Anantapur,AP
2019-06-02,11.6,38.3,28.8,7.12,0.025,Anantapur,AP
2019-06-03,0.0,38.3,26.7,7.31,0.049,Anantapur,AP
2019-06-04,0.2,37.4,26.4,6.58,0.037,Anantapur,AP
2019-06-05,0.1,39.7,27.6,7.31,0.03,Anantapur,AP
2019-06-06,0.4,40.3,27.3,7.22,0.024,Anantapur,AP
2019-06-07,4.8,38.5,26.2,6.32,0.044,Anantapur,AP
2019-06-08,6.3,36.3,25.8,6.02,0.132,Anantapur,AP
2019-06-09,1.8,35.2,26.1,5.71,0.149,Anantapur,AP
2019-06-10,2.2,34.4,25.8,6.12,0.212,Anantapur,AP
2019-06-11,0.5,34.8,26.1,6.4,0.173,Anantapur,AP
2019-06-12,0.2,33.3,25.9,5.64,0.118,Anantapur,AP
2019-06-13,1.2,34.7,25.6,5.03,0.085,Anantapur,AP
2019-06-14,1.1,35.0,25.8,7.1,0.055,Anantapur,AP
2019-06-15,0.0,36.9,25.8,8.29,0.034,Anantapur,AP
2019-06-16,0.0,37.0,25.9,8.3,0.029,Anantapur,AP
2019-06-17,0.0,36.0,25.9,7.77,0.023,Anantapur,AP
2019-06-18,0.0,36.8,26.3,7.75,0.015,Anantapur,AP
2019-06-19,0.0,36.7,26.0,8.21,0.004,Anantapur,AP
2019-06-20,0.6,35.8,26.6,7.62,0.001,Anantapur,AP
2019-06-21,0.5,34.2,25.9,5.62,-0.0,Anantapur,AP
2019-06-22,4.7,33.8,26.2,4.71,0.02,Anantapur,AP
2019-06-23,10.4,32.2,25.2,4.97,0.05,Anantapur,AP
2019-06-24,4.4,32.4,24.6,5.13,0.153,Anantapur,AP
2019-06-25,0.3,33.7,24.9,5.41,0.115,Anantapur,AP
2019-06-26,0.7,33.5,25.2,5.32,0.118,Anantapur,AP
2019-06-27,1.2,32.8,24.9,6.04,0.117,Anantapur,AP
2019-06-28,1.1,32.6,25.0,6.3,0.099,Anantapur,AP
2019-06-29,0.7,33.0,25.2,6.05,0.068,Anantapur,AP
2019-06-30,1.4,33.5,25.5,5.87,0.047,Anantapur,AP
2019-07-01,0.9,34.2,24.6,6.31,0.048,Anantapur,AP
2019-07-02,0.3,35.7,25.6,7.47,0.037,Anantapur,AP
2019-07-03,0.0,32.9,25.7,5.73,0.031,Anantapur,AP
2019-07-04,0.3,36.2,25.7,7.85,0.022,Anantapur,AP
2019-07-05,0.3,34.2,26.0,6.61,0.027,Anantapur,AP
2019-07-06,0.0,33.5,26.1,6.36,0.03,Anantapur,AP
2019-07-07,0.0,34.0,25.5,6.85,0.028,Anantapur,AP
2019-07-08,0.2,34.6,25.3,7.48,0.029,Anantapur,AP
2019-07-09,0.6,33.2,26.0,6.52,0.03,Anantapur,AP
2019-07-10,0.8,32.1,25.0,5.42,0.028,Anantapur,AP
2019-07-11,0.2,33.4,25.5,6.06,0.019,Anantapur,AP
2019-07-12,1.3,33.7,24.4,5.79,0.022,Anantapur,AP
2019-07-13,0.1,36.0,25.0,7.15,0.029,Anantapur,AP
2019-07-14,1.2,34.9,25.4,6.06,0.023,Anantapur,AP
2019-07-15,1.5,36.1,25.2,7.35,0.03,Anantapur,AP
2019-07-16,2.3,35.7,25.3,7.12,0.036,Anantapur,AP
2019-07-17,6.1,35.9,25.2,5.74,0.054,Anantapur,AP
2019-07-18,5.4,32.7,25.3,5.35,0.106,Anantapur,AP
2019-07-19,15.7,30.7,24.1,3.65,0.267,Anantapur,AP
2019-07-20,0.3,31.3,23.7,4.42,0.228,Anantapur,AP
2019-07-21,4.9,33.8,24.4,5.36,0.175,Anantapur,AP
2019-07-22,2.6,31.4,24.2,4.74,0.205,Anantapur,AP
2019-07-23,4.1,29.4,24.0,3.32,0.222,Anantapur,AP
2019-07-24,1.0,31.4,23.9,4.85,0.199,Anantapur,AP
2019-07-25,0.7,31.9,23.8,5.37,0.15,Anantapur,AP
2019-07-26,7.8,29.8,24.2,3.52,0.164,Anantapur,AP
2019-07-27,3.4,27.7,23.6,2.96,0.208,Anantapur,AP
2019-07-28,6.4,30.1,23.9,3.24,0.213,Anantapur,AP
2019-07-29,0.0,30.2,23.5,4.16,0.252,Anantapur,AP
2019-07-30,2.2,31.3,23.4,4.77,0.215,Anantapur,AP
2019-07-31,0.4,32.1,23.2,6.03,0.156,Anantapur,AP
2019-08-01,2.0,32.3,23.6,5.7,0.111,Anantapur,AP
2019-08-02,4.2,28.2,23.9,3.45,0.112,Anantapur,AP
2019-08-03,0.1,29.8,24.3,4.27,0.104,Anantapur,AP
2019-08-04,4.5,30.8,24.2,5.34,0.089,Anantapur,AP
2019-08-05,8.3,28.9,24.1,3.46,0.132,Anantapur,AP
2019-08-06,5.2,27.9,24.4,3.28,0.137,Anantapur,AP
2019-08-07,5.6,31.0,24.4,4.56,0.172,Anantapur,AP
2019-08-08,2.1,30.2,24.5,5.06,0.196,Anantapur,AP
2019-08-09,0.5,31.7,24.5,5.18,0.152,Anantapur,AP
2019-08-10,0.2,30.5,24.0,4.86,0.115,Anantapur,AP
2019-08-11,0.0,30.3,24.1,4.29,0.081,Anantapur,AP
2019-08-12,0.9,32.2,23.6,5.53,0.063,Anantapur,AP
2019-08-13,1.2,33.1,24.4,5.74,0.057,Anantapur,AP
2019-08-14,1.0,32.8,24.2,5.5,0.066,Anantapur,AP
2019-08-15,1.4,32.9,24.5,5.89,0.057,Anantapur,AP
2019-08-16,1.6,33.9,24.0,5.62,0.064,Anantapur,AP
2019-08-17,4.0,31.9,23.7,4.94,0.102,Anantapur,AP
2019-08-18,9.4,31.4,24.1,3.79,0.168,Anantapur,AP
2019-08-19,3.8,31.9,23.6,4.78,0.264,Anantapur,AP
2019-08-20,8.8,31.5,24.0,4.23,0.251,Anantapur,AP
2019-08-21,6.6,29.3,24.1,3.57,0.281,Anantapur,AP
2019-08-22,23.6,28.2,23.6,2.13,0.358,Anantapur,AP
2019-08-23,1.4,30.0,23.3,4.55,0.288,Anantapur,AP
2019-08-24,1.8,30.4,23.2,4.62,0.235,Anantapur,AP
2019-08-25,0.0,31.9,23.4,5.43,0.18,Anantapur,AP
2019-08-26,0.2,33.6,23.2,5.92,0.122,Anantapur,AP
2019-08-27,0.3,33.2,23.5,6.27,0.073,Anantapur,AP
2019-08-28,0.7,34.1,23.8,6.26,0.043,Anantapur,AP
2019-08-29,5.1,34.8,24.6,5.92,0.044,Anantapur,AP
2019-08-30,1.0,33.0,24.4,6.25,0.064,Anantapur,AP
2019-08-31,2.8,32.1,24.6,4.51,0.062,Anantapur,AP
2019-09-01,1.7,29.5,24.3,3.06,0.113,Anantapur,AP
2019-09-02,1.9,30.7,23.9,4.34,0.139,Anantapur,AP
2019-09-03,1.0,30.6,24.6,4.31,0.118,Anantapur,AP
2019-09-04,5.7,28.9,24.3,2.98,0.142,Anantapur,AP
2019-09-05,1.3,30.4,23.9,5.17,0.143,Anantapur,AP
2019-09-06,0.9,31.2,24.4,5.72,0.119,Anantapur,AP
2019-09-07,0.2,31.3,24.8,5.74,0.091,Anantapur,AP
2019-09-08,0.5,31.2,24.6,5.03,0.081,Anantapur,AP
2019-09-09,0.2,34.1,24.5,6.7,0.061,Anantapur,AP
2019-09-10,0.3,35.6,24.2,6.86,0.042,Anantapur,AP
2019-09-11,0.8,34.7,24.4,6.53,0.033,Anantapur,AP
2019-09-12,0.7,34.3,24.4,6.42,0.032,Anantapur,AP
2019-09-13,0.1,35.3,24.5,6.69,0.033,Anantapur,AP
2019-09-14,0.4,35.9,24.4,6.74,0.026,Anantapur,AP
2019-09-15,4.2,34.6,25.1,6.0,0.042,Anantapur,AP
2019-09-16,3.8,33.1,24.6,5.32,0.123,Anantapur,AP
2019-09-17,16.7,29.5,23.9,3.29,0.254,Anantapur,AP
2019-09-18,9.7,29.3,24.2,2.79,0.373,Anantapur,AP
2019-09-19,6.2,29.0,23.6,3.22,0.37,Anantapur,AP
2019-09-20,1.4,30.3,23.4,3.6,0.328,Anantapur,AP
2019-09-21,1.9,31.4,23.9,4.83,0.268,Anantapur,AP
2019-09-22,3.8,30.3,24.0,3.82,0.249,Anantapur,AP
2019-09-23,21.7,31.5,23.3,4.31,0.291,Anantapur,AP
2019-09-24,12.1,29.6,23.4,3.74,0.37,Anantapur,AP
2019-09-25,18.8,28.8,23.4,3.26,0.392,Anantapur,AP
2019-09-26,13.4,30.7,23.2,3.83,0.385,Anantapur,AP
2019-09-27,3.8,29.4,23.8,4.03,0.37,Anantapur,AP
2019-09-28,12.9,30.9,23.1,4.05,0.369,Anantapur,AP
2019-09-29,3.1,31.6,22.9,4.94,0.356,Anantapur,AP
2019-09-30,0.0,33.0,23.4,5.19,0.281,Anantapur,AP
2019-10-01,5.6,31.2,23.6,4.69,0.231,Anantapur,AP
2019-10-02,2.7,31.2,22.4,4.39,0.281,Anantapur,AP
2019-10-03,5.8,32.0,23.4,4.71,0.271,Anantapur,AP
2019-10-04,5.8,31.0,23.4,4.27,0.3,Anantapur,AP
2019-10-05,12.5,31.2,22.6,4.25,0.34,Anantapur,AP
2019-10-06,7.1,30.1,22.4,4.09,0.352,Anantapur,AP
2019-10-07,12.8,29.7,22.2,3.9,0.375,Anantapur,AP
2019-10-08,5.1,30.4,23.2,4.31,0.333,Anantapur,AP
2019-10-09,2.9,30.8,22.9,4.05,0.353,Anantapur,AP
2019-10-10,13.2,30.6,23.2,4.07,0.356,Anantapur,AP
2019-10-11,1.2,30.1,22.5,3.76,0.359,Anantapur,AP
2019-10-12,4.1,30.5,22.8,4.22,0.373,Anantapur,AP
2019-10-13,0.4,31.4,23.8,4.8,0.342,Anantapur,AP
2019-10-14,2.2,30.7,23.7,4.35,0.331,Anantapur,AP
2019-10-15,2.4,30.2,23.4,3.76,0.35,Anantapur,AP
2019-10-16,6.3,27.4,23.3,1.86,0.358,Anantapur,AP
2019-10-17,5.9,28.5,22.7,2.83,0.372,Anantapur,AP
2019-10-18,7.0,29.5,22.9,3.8,0.376,Anantapur,AP
2019-10-19,5.4,29.0,22.7,3.46,0.39,Anantapur,AP
2019-10-20,16.3,29.5,23.0,3.4,0.406,Anantapur,AP
2019-10-21,20.0,26.5,22.7,1.79,0.413,Anantapur,AP
2019-10-22,5.2,26.2,22.5,1.85,0.404,Anantapur,AP
2019-10-23,5.4,30.1,23.2,3.68,0.384,Anantapur,AP
2019-10-24,0.0,31.1,23.1,4.27,0.38,Anantapur,AP
2019-10-25,1.7,30.5,23.8,3.92,0.339,Anantapur,AP
2019-10-26,1.0,31.1,22.9,3.97,0.318,Anantapur,AP
2019-10-27,17.2,30.0,22.3,3.84,0.293,Anantapur,AP
2019-10-28,3.6,29.8,21.9,4.15,0.346,Anantapur,AP
2019-10-29,0.8,29.0,21.5,3.64,0.303,Anantapur,AP
2019-10-30,11.9,25.1,22.7,1.33,0.339,Anantapur,AP
2019-10-31,8.2,29.4,22.5,3.03,0.359,Anantapur,AP
2019-11-01,2.6,30.2,21.7,3.98,0.324,Anantapur,AP
2019-11-02,0.3,30.4,22.6,4.0,0.305,Anantapur,AP
2019-11-03,0.0,30.6,22.5,4.32,0.268,Anantapur,AP
2019-11-04,0.2,31.1,22.5,4.32,0.228,Anantapur,AP
2019-11-05,0.0,31.6,22.8,4.51,0.183,Anantapur,AP
2019-11-06,0.4,31.0,22.9,4.05,0.15,Anantapur,AP
2019-11-07,0.8,30.9,23.1,4.03,0.126,Anantapur,AP
2019-11-08,1.0,31.3,23.3,4.03,0.106,Anantapur,AP
2019-11-09,0.1,32.6,23.2,4.52,0.087,Anantapur,AP
2019-11-10,0.0,32.3,23.6,4.78,0.067,Anantapur,AP
2019-11-11,0.0,32.7,22.3,5.21,0.052,Anantapur,AP
2019-11-12,0.3,32.4,22.9,5.11,0.043,Anantapur,AP
2019-11-13,0.0,30.9,22.6,4.85,0.041,Anantapur,AP
2019-11-14,2.5,29.6,22.3,3.64,0.053,Anantapur,AP
2019-11-15,7.8,29.0,22.6,3.31,0.106,Anantapur,AP
2019-11-16,0.0,31.5,22.2,4.41,0.122,Anantapur,AP
2019-11-17,0.0,31.9,21.8,4.76,0.086,Anantapur,AP
2019-11-18,0.9,32.0,22.8,4.47,0.061,Anantapur,AP
2019-11-19,1.1,30.0,23.4,3.46,0.052,Anantapur,AP
2019-11-20,0.7,32.6,22.7,4.51,0.047,Anantapur,AP
2019-11-21,0.0,31.6,21.8,4.98,0.044,Anantapur,AP
2019-11-22,0.0,31.8,21.5,5.27,0.041,Anantapur,AP
2019-11-23,0.0,31.4,19.2,5.13,0.037,Anantapur,AP
2019-11-24,0.0,31.5,19.5,5.07,0.035,Anantapur,AP
2019-11-25,0.0,32.8,20.3,5.57,0.036,Anantapur,AP
2019-11-26,0.0,31.4,19.8,5.17,0.037,Anantapur,AP
2019-11-27,0.2,30.3,22.4,3.95,0.039,Anantapur,AP
2019-11-28,1.0,31.0,22.4,3.79,0.044,Anantapur,AP
2019-11-29,0.5,30.7,22.2,4.16,0.049,Anantapur,AP
2019-11-30,1.5,30.6,21.4,3.58,0.05,Anantapur,AP
2019-12-01,30.2,25.8,22.4,1.53,0.196,Anantapur,AP
2019-12-02,11.6,25.3,21.9,1.43,0.371,Anantapur,AP
2019-12-03,9.6,24.1,21.8,1.12,0.367,Anantapur,AP
2019-12-04,0.3,28.1,20.9,3.42,0.32,Anantapur,AP
2019-12-05,0.2,27.1,19.1,2.86,0.287,Anantapur,AP
2019-12-06,0.0,26.9,19.4,3.06,0.262,Anantapur,AP
2019-12-07,1.2,26.0,18.0,2.3,0.248,Anantapur,AP
2019-12-08,2.4,27.1,21.2,2.59,0.251,Anantapur,AP
2019-12-09,0.0,27.4,19.9,3.14,0.231,Anantapur,AP
2019-12-10,0.0,27.0,19.5,2.99,0.206,Anantapur,AP
2019-12-11,0.0,28.5,20.5,3.93,0.182,Anantapur,AP
2019-12-12,0.0,29.0,19.0,4.01,0.156,Anantapur,AP
2019-12-13,0.0,29.7,18.9,4.08,0.132,Anantapur,AP
2019-12-14,1.3,27.8,20.4,2.82,0.121,Anantapur,AP
2019-12-15,0.0,28.9,20.7,3.51,0.115,Anantapur,AP
2019-12-16,0.5,28.6,19.3,3.13,0.106,Anantapur,AP
2019-12-17,0.0,29.0,21.6,3.96,0.098,Anantapur,AP
2019-12-18,0.0,27.3,18.9,2.94,0.09,Anantapur,AP
2019-12-19,0.0,29.6,18.0,4.26,0.084,Anantapur,AP
2019-12-20,0.0,29.9,18.8,3.87,0.074,Anantapur,AP
2019-12-21,0.0,30.3,20.1,4.0,0.071,Anantapur,AP
2019-12-22,0.0,29.8,20.0,4.35,0.067,Anantapur,AP
2019-12-23,0.0,30.0,18.9,4.36,0.059,Anantapur,AP
2019-12-24,0.0,29.9,19.8,3.82,0.056,Anantapur,AP
2019-12-25,0.0,29.0,20.7,3.43,0.05,Anantapur,AP
2019-12-26,0.0,31.8,20.4,4.58,0.048,Anantapur,AP
2019-12-27,0.0,31.5,20.9,4.33,0.046,Anantapur,AP
2019-12-28,0.0,28.6,21.2,3.37,0.044,Anantapur,AP
2019-12-29,0.0,30.5,20.9,4.11,0.044,Anantapur,AP
2019-12-30,0.0,30.2,20.6,3.9,0.041,Anantapur,AP
2019-12-31,0.5,29.6,21.1,4.03,0.042,Anantapur,AP
2020-01-01,1.6,29.9,21.2,3.38,0.042,Anantapur,AP
2020-01-02,0.3,30.1,21.9,3.54,0.046,Anantapur,AP
2020-01-03,0.9,30.4,22.4,3.49,0.054,Anantapur,AP
2020-01-04,0.0,32.8,22.3,4.22,0.042,Anantapur,AP
2020-01-05,1.3,27.9,22.6,2.78,0.042,Anantapur,AP
2020-01-06,3.5,27.6,21.9,2.6,0.067,Anantapur,AP
2020-01-07,2.1,28.6,21.7,3.32,0.08,Anantapur,AP
2020-01-08,0.0,31.1,20.5,4.11,0.066,Anantapur,AP
2020-01-09,0.0,32.2,20.1,4.48,0.053,Anantapur,AP
2020-01-10,0.0,31.0,20.4,4.75,0.042,Anantapur,AP
2020-01-11,0.0,30.1,19.5,4.33,0.039,Anantapur,AP
2020-01-12,0.0,30.2,20.2,4.17,0.037,Anantapur,AP
2020-01-13,0.0,31.4,18.7,4.62,0.037,Anantapur,AP
2020-01-14,0.0,31.8,18.5,5.29,0.037,Anantapur,AP
2020-01-15,0.0,30.6,17.8,5.33,0.035,Anantapur,AP
2020-01-16,0.0,30.7,18.6,4.99,0.035,Anantapur,AP
2020-01-17,0.0,32.0,19.5,4.99,0.033,Anantapur,AP
2020-01-18,0.0,30.4,21.9,3.85,0.034,Anantapur,AP
2020-01-19,1.1,31.0,22.5,3.31,0.042,Anantapur,AP
2020-01-20,0.0,33.1,21.3,5.48,0.035,Anantapur,AP
2020-01-21,0.0,32.7,20.3,6.17,0.033,Anantapur,AP
2020-01-22,0.0,32.1,19.1,5.48,0.033,Anantapur,AP
2020-01-23,0.0,32.6,19.8,5.53,0.034,Anantapur,AP
2020-01-24,0.0,33.1,20.1,5.63,0.034,Anantapur,AP
2020-01-25,0.0,33.0,19.2,5.76,0.033,Anantapur,AP
2020-01-26,0.0,34.1,19.3,5.38,0.031,Anantapur,AP
2020-01-27,0.0,35.2,21.4,6.03,0.028,Anantapur,AP
2020-01-28,0.0,34.1,22.6,5.3,0.028,Anantapur,AP
2020-01-29,0.0,33.7,23.0,5.4,0.03,Anantapur,AP
2020-01-30,0.0,35.1,22.7,5.3,0.026,Anantapur,AP
2020-01-31,0.0,35.1,22.3,5.77,0.026,Anantapur,AP
2020-02-01,0.0,34.6,22.7,5.5,0.03,Anantapur,AP
2020-02-02,0.0,33.4,22.6,5.48,0.034,Anantapur,AP
2020-02-03,0.0,33.5,21.5,6.4,0.032,Anantapur,AP
2020-02-04,0.0,33.6,20.1,6.25,0.034,Anantapur,AP
2020-02-05,0.0,33.8,21.5,5.9,0.032,Anantapur,AP
2020-02-06,0.0,34.5,20.7,5.81,0.036,Anantapur,AP
2020-02-07,0.0,33.8,23.3,5.41,0.034,Anantapur,AP
2020-02-08,0.0,33.8,24.4,5.3,0.036,Anantapur,AP
2020-02-09,0.0,31.8,22.1,5.47,0.031,Anantapur,AP
2020-02-10,0.0,32.5,21.8,5.79,0.026,Anantapur,AP
2020-02-11,0.0,32.3,21.2,5.61,0.026,Anantapur,AP
2020-02-12,0.0,32.2,21.6,5.78,0.032,Anantapur,AP
2020-02-13,0.0,33.0,20.3,5.74,0.034,Anantapur,AP
2020-02-14,0.0,33.6,21.3,5.78,0.034,Anantapur,AP
2020-02-15,0.0,35.1,20.0,6.34,0.034,Anantapur,AP
2020-02-16,0.0,34.8,20.8,7.09,0.033,Anantapur,AP
2020-02-17,0.0,34.3,19.9,6.72,0.03,Anantapur,AP
2020-02-18,0.0,34.5,20.6,6.37,0.033,Anantapur,AP
2020-02-19,0.0,34.4,21.5,6.76,0.03,Anantapur,AP
2020-02-20,0.0,34.1,20.7,7.02,0.033,Anantapur,AP
2020-02-21,0.0,33.4,20.0,6.47,0.029,Anantapur,AP
2020-02-22,0.0,33.8,20.6,6.33,0.026,Anantapur,AP
2020-02-23,0.0,34.2,20.9,6.51,0.023,Anantapur,AP
2020-02-24,0.0,35.1,21.9,6.47,0.027,Anantapur,AP
2020-02-25,0.0,34.9,21.7,5.85,0.028,Anantapur,AP
2020-02-26,0.0,34.2,23.7,5.91,0.028,Anantapur,AP
2020-02-27,0.0,33.6,23.7,5.88,0.029,Anantapur,AP
2020-02-28,0.0,34.5,23.2,6.54,0.028,Anantapur,AP
2020-02-29,0.0,35.0,22.7,6.66,0.031,Anantapur,AP
2020-03-01,0.0,34.7,23.4,6.6,0.032,Anantapur,AP
2020-03-02,0.0,33.8,23.3,5.54,0.032,Anantapur,AP
2020-03-03,0.0,35.4,24.0,5.85,0.033,Anantapur,AP
2020-03-04,0.0,35.8,26.2,6.34,0.033,Anantapur,AP
2020-03-05,0.0,36.2,24.4,6.5,0.032,Anantapur,AP
2020-03-06,0.1,34.2,25.7,5.89,0.03,Anantapur,AP
2020-03-07,0.2,34.4,25.1,5.22,0.028,Anantapur,AP
2020-03-08,0.7,34.8,24.7,5.04,0.026,Anantapur,AP
2020-03-09,0.1,34.7,24.7,5.35,0.036,Anantapur,AP
2020-03-10,0.1,35.9,24.8,5.79,0.036,Anantapur,AP
2020-03-11,0.3,36.4,25.8,5.91,0.034,Anantapur,AP
2020-03-12,0.0,36.0,27.4,6.81,0.033,Anantapur,AP
2020-03-13,0.0,38.2,24.9,7.95,0.03,Anantapur,AP
2020-03-14,0.0,37.6,24.9,7.46,0.027,Anantapur,AP
2020-03-15,0.0,36.2,24.2,7.49,0.027,Anantapur,AP
2020-03-16,0.0,37.1,23.7,7.23,0.033,Anantapur,AP
2020-03-17,0.0,38.3,25.2,7.96,0.028,Anantapur,AP
2020-03-18,0.0,38.2,24.3,7.51,0.022,Anantapur,AP
2020-03-19,0.0,37.7,25.8,6.42,0.018,Anantapur,AP
2020-03-20,0.2,37.2,27.1,6.69,0.018,Anantapur,AP
2020-03-21,0.0,38.2,26.2,7.91,0.018,Anantapur,AP
2020-03-22,0.0,37.8,26.1,6.66,0.019,Anantapur,AP
2020-03-23,0.0,37.9,26.6,7.15,0.019,Anantapur,AP
2020-03-24,0.0,36.8,26.0,6.93,0.02,Anantapur,AP
2020-03-25,0.0,37.7,25.5,8.08,0.021,Anantapur,AP
2020-03-26,0.0,37.6,25.2,8.28,0.022,Anantapur,AP
2020-03-27,0.0,38.1,23.9,8.07,0.022,Anantapur,AP
2020-03-28,0.0,38.8,23.6,8.98,0.022,Anantapur,AP
2020-03-29,0.0,39.2,24.6,9.13,0.022,Anantapur,AP
2020-03-30,0.0,39.2,25.1,8.58,0.023,Anantapur,AP
2020-03-31,0.0,39.0,23.8,8.36,0.023,Anantapur,AP
2020-04-01,0.0,39.6,25.4,7.87,0.026,Anantapur,AP
2020-04-02,0.0,39.5,26.8,8.24,0.023,Anantapur,AP
2020-04-03,0.0,39.8,27.3,8.88,0.023,Anantapur,AP
2020-04-04,0.0,39.2,26.6,8.13,0.023,Anantapur,AP
2020-04-05,0.0,38.4,26.4,6.64,0.023,Anantapur,AP
2020-04-06,0.0,37.3,27.8,6.03,0.024,Anantapur,AP
2020-04-07,0.1,36.8,28.7,6.39,0.022,Anantapur,AP
2020-04-08,1.1,36.7,27.5,5.07,0.025,Anantapur,AP
2020-04-09,0.0,37.4,27.3,6.67,0.018,Anantapur,AP
2020-04-10,0.0,37.5,24.8,6.99,0.02,Anantapur,AP
2020-04-11,0.0,37.3,26.2,7.09,0.021,Anantapur,AP
2020-04-12,0.0,38.5,25.5,7.81,0.02,Anantapur,AP
2020-04-13,0.0,39.8,25.3,8.81,0.021,Anantapur,AP
2020-04-14,0.0,39.9,24.7,9.19,0.02,Anantapur,AP
2020-04-15,0.0,39.4,24.7,8.34,0.018,Anantapur,AP
2020-04-16,0.0,39.7,26.3,8.14,0.012,Anantapur,AP
2020-04-17,0.0,39.4,27.2,7.21,0.006,Anantapur,AP
2020-04-18,0.0,39.4,27.7,7.46,0.006,Anantapur,AP
2020-04-19,0.0,38.9,27.1,8.18,0.014,Anantapur,AP
2020-04-20,0.0,39.5,26.8,8.15,0.018,Anantapur,AP
2020-04-21,0.0,39.6,26.4,7.21,0.028,Anantapur,AP
2020-04-22,0.0,38.9,27.8,6.84,0.032,Anantapur,AP
2020-04-23,0.0,38.9,28.7,6.34,0.03,Anantapur,AP
2020-04-24,0.0,38.6,28.9,6.7,0.031,Anantapur,AP
2020-04-25,0.4,37.7,28.5,7.0,0.032,Anantapur,AP
2020-04-26,0.0,39.7,28.8,7.37,0.031,Anantapur,AP
2020-04-27,0.0,40.4,27.8,8.81,0.026,Anantapur,AP
2020-04-28,0.0,38.7,28.4,6.74,0.027,Anantapur,AP
2020-04-29,6.8,34.6,24.8,5.3,0.087,Anantapur,AP
2020-04-30,0.0,37.6,26.8,6.17,0.052,Anantapur,AP
2020-05-01,0.0,38.9,27.2,7.27,0.036,Anantapur,AP
2020-05-02,0.0,38.5,29.0,6.73,0.033,Anantapur,AP
2020-05-03,0.0,38.6,28.9,6.39,0.035,Anantapur,AP
2020-05-04,0.0,38.5,29.1,6.77,0.035,Anantapur,AP
2020-05-05,0.1,38.4,30.3,6.44,0.031,Anantapur,AP
2020-05-06,0.0,39.0,29.5,6.15,0.03,Anantapur,AP
2020-05-07,1.4,38.2,29.9,6.52,0.031,Anantapur,AP
2020-05-08,0.0,38.9,29.0,6.35,0.033,Anantapur,AP
2020-05-09,0.0,39.5,29.4,7.17,0.032,Anantapur,AP
2020-05-10,0.0,40.2,28.8,7.49,0.03,Anantapur,AP
2020-05-11,0.0,38.4,28.7,7.46,0.033,Anantapur,AP
2020-05-12,0.0,39.4,28.2,8.24,0.029,Anantapur,AP
2020-05-13,0.0,39.0,28.0,6.83,0.033,Anantapur,AP
2020-05-14,0.0,39.3,28.6,7.68,0.028,Anantapur,AP
2020-05-15,0.0,39.6,28.0,7.86,0.028,Anantapur,AP
2020-05-16,0.0,39.1,29.7,7.15,0.028,Anantapur,AP
2020-05-17,0.1,38.3,29.2,6.45,0.031,Anantapur,AP
2020-05-18,1.0,38.7,28.1,6.49,0.035,Anantapur,AP
2020-05-19,0.0,39.2,26.7,8.62,0.037,Anantapur,AP
2020-05-20,0.0,38.9,26.2,8.11,0.036,Anantapur,AP
2020-05-21,0.0,39.7,26.1,8.2,0.034,Anantapur,AP
2020-05-22,0.0,39.3,26.2,7.3,0.032,Anantapur,AP
2020-05-23,0.0,39.9,27.6,7.44,0.031,Anantapur,AP
2020-05-24,0.0,39.3,27.9,6.76,0.033,Anantapur,AP
2020-05-25,0.0,39.1,28.2,6.97,0.034,Anantapur,AP
2020-05-26,0.2,38.8,29.3,6.78,0.033,Anantapur,AP
2020-05-27,0.0,39.6,28.3,7.23,0.039,Anantapur,AP
2020-05-28,0.0,40.5,27.9,8.51,0.035,Anantapur,AP
2020-05-29,0.0,39.7,27.5,7.54,0.034,Anantapur,AP
2020-05-30,0.0,39.1,27.7,6.99,0.033,Anantapur,AP
2020-05-31,1.5,35.9,28.6,5.02,0.036,Anantapur,AP
2020-06-01,19.9,35.5,25.9,5.25,0.08,Anantapur,AP
2020-06-02,9.2,34.6,24.5,5.43,0.284,Anantapur,AP
2020-06-03,0.1,33.7,25.4,5.7,0.202,Anantapur,AP
2020-06-04,0.3,32.9,24.8,5.84,0.152,Anantapur,AP
2020-06-05,0.4,34.2,24.7,6.18,0.098,Anantapur,AP
2020-06-06,0.0,35.8,25.4,7.13,0.061,Anantapur,AP
2020-06-07,0.2,36.0,25.4,7.73,0.039,Anantapur,AP
2020-06-08,0.0,37.1,26.0,8.53,0.03,Anantapur,AP
2020-06-09,0.0,37.4,26.0,8.04,0.024,Anantapur,AP
2020-06-10,13.2,35.5,26.0,5.38,0.046,Anantapur,AP
2020-06-11,23.4,28.4,24.5,2.93,0.346,Anantapur,AP
2020-06-12,1.5,30.8,24.1,4.09,0.316,Anantapur,AP
2020-06-13,0.3,33.2,24.4,5.93,0.245,Anantapur,AP
2020-06-14,0.7,33.6,24.6,5.67,0.185,Anantapur,AP
2020-06-15,0.3,32.8,25.3,5.87,0.133,Anantapur,AP
2020-06-16,0.1,32.3,25.6,5.25,0.092,Anantapur,AP
2020-06-17,0.3,33.8,25.7,5.32,0.07,Anantapur,AP
2020-06-18,0.6,33.0,25.0,4.93,0.068,Anantapur,AP
2020-06-19,0.1,34.6,25.1,6.02,0.054,Anantapur,AP
2020-06-20,0.1,35.9,25.3,7.38,0.044,Anantapur,AP
2020-06-21,0.2,33.7,25.7,5.86,0.042,Anantapur,AP
2020-06-22,0.8,33.0,25.3,4.72,0.045,Anantapur,AP
2020-06-23,0.0,35.8,25.5,7.2,0.041,Anantapur,AP
2020-06-24,4.6,36.8,25.8,6.32,0.042,Anantapur,AP
2020-06-25,43.6,33.0,24.5,5.11,0.212,Anantapur,AP
2020-06-26,6.7,32.5,24.5,5.06,0.24,Anantapur,AP
2020-06-27,4.7,31.8,24.4,4.88,0.295,Anantapur,AP
2020-06-28,2.3,31.2,24.7,4.34,0.312,Anantapur,AP
2020-06-29,18.2,31.7,24.5,4.3,0.29,Anantapur,AP
2020-06-30,9.2,30.3,24.4,4.24,0.346,Anantapur,AP
2020-07-01,0.9,31.9,24.4,4.97,0.249,Anantapur,AP
2020-07-02,7.0,30.0,24.2,4.01,0.216,Anantapur,AP
2020-07-03,0.3,31.8,24.6,5.32,0.207,Anantapur,AP
2020-07-04,4.6,29.2,24.2,3.21,0.184,Anantapur,AP
2020-07-05,1.4,31.5,24.5,4.25,0.202,Anantapur,AP
2020-07-06,0.5,31.5,23.9,4.31,0.193,Anantapur,AP
2020-07-07,1.1,32.1,24.2,5.52,0.146,Anantapur,AP
2020-07-08,4.5,32.7,23.9,5.25,0.118,Anantapur,AP
2020-07-09,8.2,28.4,23.6,2.72,0.212,Anantapur,AP
2020-07-10,0.9,29.5,23.7,3.53,0.224,Anantapur,AP
2020-07-11,1.3,31.5,23.4,4.73,0.18,Anantapur,AP
2020-07-12,3.1,31.8,23.7,5.05,0.14,Anantapur,AP
2020-07-13,1.3,31.5,24.1,4.79,0.144,Anantapur,AP
2020-07-14,6.2,28.9,24.1,2.77,0.168,Anantapur,AP
2020-07-15,5.9,29.4,23.8,3.25,0.22,Anantapur,AP
2020-07-16,14.4,29.4,23.5,3.19,0.336,Anantapur,AP
2020-07-17,2.4,30.6,23.7,4.39,0.307,Anantapur,AP
2020-07-18,1.3,31.0,23.6,3.53,0.279,Anantapur,AP
2020-07-19,8.1,30.2,23.8,4.13,0.314,Anantapur,AP
2020-07-20,8.2,30.4,24.0,4.05,0.323,Anantapur,AP
2020-07-21,0.9,32.2,23.3,4.73,0.334,Anantapur,AP
2020-07-22,8.5,32.9,24.6,4.89,0.293,Anantapur,AP
2020-07-23,4.6,30.4,24.1,3.19,0.348,Anantapur,AP
2020-07-24,3.8,30.2,24.1,3.7,0.334,Anantapur,AP
2020-07-25,6.2,30.0,23.5,3.4,0.311,Anantapur,AP
2020-07-26,0.4,31.1,23.7,4.77,0.312,Anantapur,AP
2020-07-27,0.4,30.9,23.1,4.92,0.266,Anantapur,AP
2020-07-28,10.5,30.5,23.7,4.52,0.251,Anantapur,AP
2020-07-29,11.4,29.2,23.2,4.16,0.345,Anantapur,AP
2020-07-30,3.1,31.0,23.5,4.6,0.323,Anantapur,AP
2020-07-31,2.2,31.3,24.0,4.67,0.334,Anantapur,AP
2020-08-01,0.4,31.4,23.7,4.94,0.295,Anantapur,AP
2020-08-02,3.9,29.9,24.1,3.57,0.278,Anantapur,AP
2020-08-03,2.7,30.8,24.2,4.42,0.292,Anantapur,AP
2020-08-04,2.7,27.4,24.3,3.0,0.286,Anantapur,AP
2020-08-05,5.1,29.1,23.9,3.46,0.287,Anantapur,AP
2020-08-06,0.3,30.8,24.6,5.48,0.279,Anantapur,AP
2020-08-07,0.4,29.7,24.7,3.63,0.231,Anantapur,AP
2020-08-08,3.4,30.6,24.3,4.15,0.207,Anantapur,AP
2020-08-09,2.5,30.0,23.6,3.68,0.184,Anantapur,AP
2020-08-10,7.9,28.0,23.5,2.94,0.255,Anantapur,AP
2020-08-11,0.3,30.8,23.2,5.19,0.223,Anantapur,AP
2020-08-12,0.2,29.1,24.0,3.91,0.199,Anantapur,AP
2020-08-13,2.2,28.7,23.5,3.49,0.175,Anantapur,AP
2020-08-14,0.0,31.1,23.7,4.5,0.155,Anantapur,AP
2020-08-15,0.1,29.2,23.8,3.58,0.134,Anantapur,AP
2020-08-16,15.5,27.8,23.6,2.45,0.234,Anantapur,AP
2020-08-17,1.2,30.3,23.4,4.43,0.28,Anantapur,AP
2020-08-18,1.0,30.9,23.4,4.83,0.234,Anantapur,AP
2020-08-19,0.1,31.0,23.2,4.59,0.182,Anantapur,AP
2020-08-20,3.4,30.0,23.2,3.58,0.154,Anantapur,AP
2020-08-21,5.5,29.1,23.4,3.24,0.19,Anantapur,AP
2020-08-22,0.1,32.1,23.5,5.16,0.157,Anantapur,AP
2020-08-23,1.7,32.5,23.9,4.83,0.121,Anantapur,AP
2020-08-24,0.0,32.9,23.7,5.07,0.111,Anantapur,AP
2020-08-25,0.0,34.2,23.8,6.17,0.077,Anantapur,AP
2020-08-26,0.0,32.8,24.7,5.19,0.054,Anantapur,AP
2020-08-27,0.0,34.1,24.4,6.36,0.043,Anantapur,AP
2020-08-28,0.5,34.6,24.4,6.83,0.037,Anantapur,AP
2020-08-29,0.9,35.3,24.5,6.63,0.037,Anantapur,AP
2020-08-30,2.1,35.9,24.4,6.57,0.042,Anantapur,AP
2020-08-31,1.0,34.4,24.4,5.91,0.078,Anantapur,AP
2020-09-01,5.3,33.1,24.6,4.53,0.074,Anantapur,AP
2020-09-02,19.6,30.9,24.7,3.44,0.136,Anantapur,AP
2020-09-03,17.0,31.2,23.6,4.21,0.305,Anantapur,AP
2020-09-04,1.8,32.0,23.1,4.56,0.32,Anantapur,AP
2020-09-05,0.4,32.5,24.3,5.36,0.266,Anantapur,AP
2020-09-06,3.0,33.5,24.6,5.56,0.21,Anantapur,AP
2020-09-07,6.2,32.4,24.7,4.95,0.27,Anantapur,AP
2020-09-08,1.4,31.9,24.2,4.65,0.294,Anantapur,AP
2020-09-09,24.8,32.1,23.5,4.93,0.349,Anantapur,AP
2020-09-10,7.6,31.0,23.6,4.44,0.367,Anantapur,AP
2020-09-11,1.7,30.8,23.9,4.13,0.345,Anantapur,AP
2020-09-12,14.5,29.8,23.8,3.02,0.335,Anantapur,AP
2020-09-13,15.3,26.8,23.4,2.14,0.389,Anantapur,AP
2020-09-14,5.2,28.8,23.3,3.77,0.39,Anantapur,AP
2020-09-15,8.2,29.0,22.9,3.81,0.39,Anantapur,AP
2020-09-16,6.8,29.6,23.2,4.08,0.368,Anantapur,AP
2020-09-17,2.7,30.9,23.2,4.67,0.337,Anantapur,AP
2020-09-18,4.7,29.8,23.7,4.21,0.357,Anantapur,AP
2020-09-19,6.2,28.6,23.1,3.22,0.357,Anantapur,AP
2020-09-20,6.7,28.7,23.3,3.76,0.366,Anantapur,AP
2020-09-21,2.8,26.9,24.1,2.87,0.346,Anantapur,AP
2020-09-22,3.6,30.4,23.4,5.12,0.32,Anantapur,AP
2020-09-23,0.3,31.2,22.9,4.99,0.267,Anantapur,AP
2020-09-24,2.9,31.3,22.7,4.5,0.231,Anantapur,AP
2020-09-25,16.9,31.4,23.5,4.49,0.302,Anantapur,AP
2020-09-26,19.2,27.3,23.3,2.02,0.409,Anantapur,AP
2020-09-27,5.1,26.7,23.2,2.32,0.379,Anantapur,AP
2020-09-28,0.2,30.4,23.0,4.49,0.323,Anantapur,AP
2020-09-29,15.4,29.8,23.2,3.5,0.331,Anantapur,AP
2020-09-30,6.6,29.2,23.2,3.22,0.374,Anantapur,AP
2020-10-01,14.5,27.7,22.9,1.91,0.399,Anantapur,AP
2020-10-02,0.2,30.8,22.9,4.69,0.337,Anantapur,AP
2020-10-03,1.3,31.0,23.2,4.46,0.308,Anantapur,AP
2020-10-04,0.8,29.0,23.1,2.34,0.283,Anantapur,AP
2020-10-05,0.6,30.8,22.8,4.56,0.268,Anantapur,AP
2020-10-06,0.0,32.0,22.9,5.07,0.229,Anantapur,AP
2020-10-07,0.3,32.0,23.7,4.67,0.192,Anantapur,AP
2020-10-08,0.0,32.3,22.1,4.83,0.161,Anantapur,AP
2020-10-09,15.3,31.2,23.7,3.91,0.167,Anantapur,AP
2020-10-10,15.0,29.8,23.1,3.36,0.353,Anantapur,AP
2020-10-11,18.6,27.2,22.9,2.16,0.4,Anantapur,AP
2020-10-12,4.6,27.8,23.1,1.9,0.39,Anantapur,AP
2020-10-13,2.5,28.3,23.2,3.1,0.368,Anantapur,AP
2020-10-14,1.5,31.0,22.8,5.41,0.321,Anantapur,AP
2020-10-15,1.5,31.2,23.0,4.49,0.281,Anantapur,AP
2020-10-16,0.5,30.8,22.2,4.45,0.253,Anantapur,AP
2020-10-17,0.1,30.8,22.2,4.34,0.224,Anantapur,AP
2020-10-18,0.2,30.7,23.0,3.95,0.194,Anantapur,AP
2020-10-19,4.2,29.6,23.6,3.3,0.19,Anantapur,AP
2020-10-20,21.0,29.3,23.4,2.2,0.274,Anantapur,AP
2020-10-21,9.2,27.5,23.0,2.46,0.361,Anantapur,AP
2020-10-22,5.5,29.4,23.1,2.42,0.339,Anantapur,AP
2020-10-23,1.9,30.7,22.9,4.0,0.321,Anantapur,AP
2020-10-24,0.2,30.0,22.6,4.08,0.277,Anantapur,AP
2020-10-25,0.0,31.2,22.4,4.69,0.231,Anantapur,AP
2020-10-26,0.3,30.9,22.7,4.55,0.188,Anantapur,AP
2020-10-27,0.0,30.7,22.1,4.71,0.148,Anantapur,AP
2020-10-28,0.0,30.6,21.7,4.66,0.112,Anantapur,AP
2020-10-29,0.0,30.3,21.5,3.97,0.089,Anantapur,AP
2020-10-30,0.8,31.5,22.6,4.44,0.071,Anantapur,AP
2020-10-31,0.0,32.5,22.6,5.05,0.052,Anantapur,AP
2020-11-01,0.7,33.0,22.5,4.91,0.042,Anantapur,AP
2020-11-02,0.0,33.0,23.4,4.92,0.036,Anantapur,AP
2020-11-03,0.0,32.7,24.0,5.33,0.033,Anantapur,AP
2020-11-04,0.3,32.3,24.2,4.57,0.035,Anantapur,AP
2020-11-05,0.8,32.4,23.3,4.56,0.037,Anantapur,AP
2020-11-06,0.4,31.6,23.4,4.53,0.035,Anantapur,AP
2020-11-07,1.0,31.1,23.5,4.29,0.053,Anantapur,AP
2020-11-08,0.4,32.1,22.7,4.57,0.053,Anantapur,AP
2020-11-09,0.0,31.4,21.0,5.15,0.045,Anantapur,AP
2020-11-10,0.0,31.2,19.1,5.6,0.037,Anantapur,AP
2020-11-11,0.0,32.0,18.7,5.51,0.032,Anantapur,AP
2020-11-12,2.9,29.1,22.8,3.15,0.045,Anantapur,AP
2020-11-13,7.5,28.6,22.7,2.25,0.124,Anantapur,AP
2020-11-14,0.1,31.2,22.3,4.67,0.167,Anantapur,AP
2020-11-15,30.2,28.5,20.5,2.72,0.216,Anantapur,AP
2020-11-16,8.2,27.7,22.5,2.41,0.369,Anantapur,AP
2020-11-17,3.6,28.3,22.7,3.03,0.36,Anantapur,AP
2020-11-18,1.2,29.2,22.3,3.58,0.336,Anantapur,AP
2020-11-19,0.2,29.8,22.1,3.85,0.299,Anantapur,AP
2020-11-20,0.0,29.9,19.3,4.47,0.257,Anantapur,AP
2020-11-21,0.0,30.4,18.1,4.69,0.215,Anantapur,AP
2020-11-22,0.0,30.4,18.3,4.45,0.175,Anantapur,AP
2020-11-23,0.7,28.6,20.1,3.24,0.15,Anantapur,AP
2020-11-24,0.6,29.6,21.4,3.88,0.144,Anantapur,AP
2020-11-25,0.8,29.5,20.5,3.99,0.129,Anantapur,AP
2020-11-26,10.4,26.4,21.1,1.62,0.19,Anantapur,AP
2020-11-27,13.6,21.4,20.1,0.98,0.37,Anantapur,AP
2020-11-28,0.6,26.5,19.7,2.53,0.348,Anantapur,AP
2020-11-29,5.5,26.3,21.5,2.3,0.327,Anantapur,AP
2020-11-30,0.1,27.8,20.6,3.38,0.307,Anantapur,AP
2020-12-01,0.0,27.1,19.0,3.77,0.269,Anantapur,AP
2020-12-02,0.0,28.1,18.3,3.92,0.231,Anantapur,AP
2020-12-03,0.0,27.6,19.6,2.98,0.199,Anantapur,AP
2020-12-04,0.1,28.1,20.4,3.57,0.18,Anantapur,AP
2020-12-05,0.0,28.5,20.2,3.63,0.163,Anantapur,AP
2020-12-06,2.2,26.9,20.0,2.56,0.153,Anantapur,AP
2020-12-07,7.7,27.8,21.9,2.39,0.187,Anantapur,AP
2020-12-08,8.2,28.0,21.8,2.81,0.25,Anantapur,AP
2020-12-09,5.8,27.6,21.4,2.78,0.33,Anantapur,AP
2020-12-10,0.0,27.9,18.9,4.02,0.306,Anantapur,AP
2020-12-11,0.0,28.1,17.8,4.16,0.252,Anantapur,AP
2020-12-12,0.0,27.7,16.3,4.11,0.211,Anantapur,AP
2020-12-13,0.0,28.1,16.7,4.0,0.177,Anantapur,AP
2020-12-14,0.0,28.3,16.7,4.07,0.143,Anantapur,AP
2020-12-15,0.0,27.9,17.3,3.95,0.116,Anantapur,AP
2020-12-16,0.0,28.5,20.6,3.42,0.096,Anantapur,AP
2020-12-17,0.1,29.0,21.2,3.52,0.089,Anantapur,AP
2020-12-18,0.0,28.6,20.3,3.57,0.08,Anantapur,AP
2020-12-19,0.0,28.9,19.0,3.93,0.071,Anantapur,AP
2020-12-20,0.3,27.2,19.8,3.02,0.068,Anantapur,AP
2020-12-21,0.0,26.9,17.5,3.89,0.064,Anantapur,AP
2020-12-22,0.0,28.0,15.8,4.46,0.055,Anantapur,AP
2020-12-23,0.0,28.4,16.8,4.53,0.047,Anantapur,AP
2020-12-24,0.0,28.5,17.5,4.47,0.042,Anantapur,AP
2020-12-25,0.0,28.7,17.4,4.66,0.041,Anantapur,AP
2020-12-26,0.0,28.2,17.0,4.26,0.039,Anantapur,AP
2020-12-27,0.0,29.0,17.6,4.27,0.035,Anantapur,AP
2020-12-28,0.0,29.4,17.1,4.56,0.03,Anantapur,AP
2020-12-29,0.0,29.6,16.9,4.7,0.031,Anantapur,AP
2020-12-30,0.0,31.2,19.5,4.52,0.031,Anantapur,AP
2020-12-31,0.0,29.1,19.8,3.94,0.036,Anantapur,AP
2021-01-01,0.0,28.5,19.6,4.26,0.04,Anantapur,AP
2021-01-02,0.0,28.8,16.6,3.96,0.038,Anantapur,AP
2021-01-03,0.0,30.9,19.4,4.53,0.038,Anantapur,AP
2021-01-04,0.0,29.4,20.0,4.18,0.04,Anantapur,AP
2021-01-05,0.1,28.7,20.1,2.76,0.037,Anantapur,AP
2021-01-06,4.2,28.3,21.7,2.14,0.047,Anantapur,AP
2021-01-07,10.0,25.8,21.0,2.28,0.223,Anantapur,AP
2021-01-08,0.2,28.7,19.8,3.33,0.21,Anantapur,AP
2021-01-09,0.3,27.8,21.7,2.8,0.187,Anantapur,AP
2021-01-10,0.0,28.8,19.4,3.24,0.164,Anantapur,AP
2021-01-11,0.0,29.7,20.4,3.71,0.137,Anantapur,AP
2021-01-12,0.0,30.0,19.2,4.22,0.113,Anantapur,AP
2021-01-13,0.0,29.4,18.0,4.43,0.086,Anantapur,AP
2021-01-14,0.0,29.2,17.9,4.51,0.064,Anantapur,AP
2021-01-15,0.0,29.9,18.4,4.69,0.049,Anantapur,AP
2021-01-16,0.0,30.4,19.4,5.03,0.039,Anantapur,AP
2021-01-17,0.0,30.4,18.5,5.11,0.034,Anantapur,AP
2021-01-18,0.0,29.8,17.9,5.08,0.033,Anantapur,AP
2021-01-19,0.0,29.7,18.7,4.6,0.032,Anantapur,AP
2021-01-20,0.0,32.0,18.3,5.02,0.029,Anantapur,AP
2021-01-21,0.0,32.9,19.4,5.27,0.024,Anantapur,AP
2021-01-22,0.0,32.7,20.3,5.51,0.022,Anantapur,AP
2021-01-23,0.0,32.3,19.8,5.61,0.021,Anantapur,AP
2021-01-24,0.0,32.0,19.3,5.55,0.023,Anantapur,AP
2021-01-25,0.0,32.5,18.6,5.77,0.019,Anantapur,AP
2021-01-26,0.0,32.8,18.4,5.89,0.017,Anantapur,AP
2021-01-27,0.0,32.2,18.4,5.79,0.015,Anantapur,AP
2021-01-28,0.0,31.7,19.2,5.94,0.018,Anantapur,AP
2021-01-29,0.0,31.7,18.7,5.49,0.019,Anantapur,AP
2021-01-30,0.0,32.5,20.4,5.55,0.017,Anantapur,AP
2021-01-31,0.0,32.4,20.7,5.87,0.019,Anantapur,AP
2021-02-01,0.0,31.4,19.7,5.99,0.019,Anantapur,AP
2021-02-02,0.0,31.2,19.6,5.35,0.023,Anantapur,AP
2021-02-03,0.0,30.8,19.8,5.25,0.022,Anantapur,AP
2021-02-04,0.0,30.9,18.7,5.84,0.022,Anantapur,AP
2021-02-05,0.0,31.5,18.5,5.64,0.02,Anantapur,AP
2021-02-06,0.0,31.9,18.3,5.95,0.019,Anantapur,AP
2021-02-07,0.0,31.9,18.5,6.07,0.019,Anantapur,AP
2021-02-08,0.0,31.7,18.3,6.07,0.022,Anantapur,AP
2021-02-09,0.0,31.0,18.8,5.68,0.02,Anantapur,AP
2021-02-10,0.0,32.1,18.2,5.79,0.022,Anantapur,AP
2021-02-11,0.0,32.2,17.8,6.12,0.022,Anantapur,AP
2021-02-12,0.0,32.5,18.0,6.48,0.026,Anantapur,AP
2021-02-13,0.0,32.3,17.4,6.4,0.024,Anantapur,AP
2021-02-14,0.0,32.5,17.5,5.97,0.028,Anantapur,AP
2021-02-15,0.0,33.7,18.8,5.91,0.03,Anantapur,AP
2021-02-16,0.0,33.5,19.5,6.39,0.032,Anantapur,AP
2021-02-17,0.0,33.4,19.7,6.51,0.03,Anantapur,AP
2021-02-18,0.0,31.4,19.9,6.12,0.033,Anantapur,AP
2021-02-19,0.2,28.6,20.7,4.07,0.035,Anantapur,AP
2021-02-20,1.3,29.5,19.9,4.56,0.044,Anantapur,AP
2021-02-21,13.7,26.8,20.8,2.93,0.069,Anantapur,AP
2021-02-22,0.0,30.6,20.5,4.79,0.067,Anantapur,AP
2021-02-23,0.0,33.0,20.4,5.74,0.046,Anantapur,AP
2021-02-24,0.0,34.4,20.6,6.4,0.033,Anantapur,AP
2021-02-25,0.0,35.5,21.2,6.07,0.027,Anantapur,AP
2021-02-26,0.0,36.2,21.3,6.34,0.029,Anantapur,AP
2021-02-27,0.0,36.4,22.6,6.35,0.031,Anantapur,AP
2021-02-28,0.0,36.7,23.1,7.25,0.032,Anantapur,AP
2021-03-01,0.0,37.0,21.9,6.9,0.028,Anantapur,AP
2021-03-02,0.0,37.0,21.8,7.08,0.026,Anantapur,AP
2021-03-03,0.0,36.2,22.5,7.91,0.023,Anantapur,AP
2021-03-04,0.0,35.4,21.8,7.96,0.02,Anantapur,AP
2021-03-05,0.0,35.3,19.0,6.99,0.017,Anantapur,AP
2021-03-06,0.0,37.0,21.3,6.89,0.021,Anantapur,AP
2021-03-07,0.0,36.9,21.6,7.45,0.022,Anantapur,AP
2021-03-08,0.0,36.6,21.7,8.27,0.026,Anantapur,AP
2021-03-09,0.0,35.8,21.2,7.53,0.031,Anantapur,AP
2021-03-10,0.0,36.0,22.7,7.1,0.033,Anantapur,AP
2021-03-11,0.0,36.3,22.4,7.0,0.031,Anantapur,AP
2021-03-12,0.0,36.2,22.8,8.1,0.03,Anantapur,AP
2021-03-13,0.0,36.0,20.6,7.4,0.03,Anantapur,AP
2021-03-14,0.0,36.2,22.1,7.42,0.03,Anantapur,AP
2021-03-15,0.0,36.7,22.6,7.51,0.027,Anantapur,AP
2021-03-16,0.0,37.2,22.9,7.22,0.029,Anantapur,AP
2021-03-17,0.0,37.6,22.6,7.41,0.029,Anantapur,AP
2021-03-18,0.0,37.3,23.7,7.69,0.033,Anantapur,AP
2021-03-19,0.0,37.0,22.9,7.6,0.033,Anantapur,AP
2021-03-20,0.0,37.2,21.9,7.78,0.032,Anantapur,AP
2021-03-21,0.0,37.5,23.3,7.75,0.032,Anantapur,AP
2021-03-22,0.0,38.0,23.7,8.39,0.028,Anantapur,AP
2021-03-23,0.0,37.5,22.6,7.54,0.03,Anantapur,AP
2021-03-24,0.0,38.0,24.8,7.62,0.033,Anantapur,AP
2021-03-25,0.0,38.4,24.8,7.64,0.032,Anantapur,AP
2021-03-26,0.0,38.9,24.8,7.84,0.032,Anantapur,AP
2021-03-27,0.0,38.9,24.0,7.77,0.031,Anantapur,AP
2021-03-28,0.0,38.3,26.0,7.05,0.031,Anantapur,AP
2021-03-29,0.0,38.9,26.0,7.09,0.03,Anantapur,AP
2021-03-30,0.0,38.6,26.4,7.46,0.029,Anantapur,AP
2021-03-31,0.0,40.8,27.0,8.36,0.029,Anantapur,AP
2021-04-01,0.0,40.3,25.8,8.51,0.025,Anantapur,AP
2021-04-02,0.0,39.7,25.1,8.38,0.024,Anantapur,AP
2021-04-03,0.0,38.6,25.7,7.26,0.03,Anantapur,AP
2021-04-04,0.0,38.5,26.7,7.48,0.025,Anantapur,AP
2021-04-05,0.0,38.8,26.3,7.57,0.021,Anantapur,AP
2021-04-06,0.0,39.3,25.1,8.29,0.022,Anantapur,AP
2021-04-07,0.0,39.5,25.2,7.8,0.021,Anantapur,AP
2021-04-08,0.0,38.9,26.0,7.35,0.024,Anantapur,AP
2021-04-09,0.0,39.4,26.1,7.58,0.021,Anantapur,AP
2021-04-10,0.0,38.0,26.0,8.12,0.032,Anantapur,AP
2021-04-11,0.0,37.2,25.9,7.32,0.032,Anantapur,AP
2021-04-12,0.0,37.6,26.1,7.59,0.029,Anantapur,AP
2021-04-13,0.0,37.2,26.4,6.85,0.028,Anantapur,AP
2021-04-14,2.4,36.6,24.9,6.1,0.029,Anantapur,AP
2021-04-15,0.7,32.7,23.5,5.25,0.122,Anantapur,AP
2021-04-16,0.0,36.1,24.3,6.35,0.095,Anantapur,AP
2021-04-17,0.0,37.9,24.8,7.0,0.05,Anantapur,AP
2021-04-18,0.0,38.4,25.9,6.4,0.033,Anantapur,AP
2021-04-19,0.0,38.2,26.5,6.87,0.022,Anantapur,AP
2021-04-20,0.0,37.5,27.8,5.96,0.022,Anantapur,AP
2021-04-21,0.3,37.3,27.3,6.33,0.027,Anantapur,AP
2021-04-22,0.4,37.7,26.7,6.29,0.028,Anantapur,AP
2021-04-23,5.3,36.6,26.6,5.74,0.035,Anantapur,AP
2021-04-24,0.0,37.1,26.4,6.5,0.04,Anantapur,AP
2021-04-25,0.0,39.1,27.7,7.78,0.032,Anantapur,AP
2021-04-26,0.0,39.8,27.1,7.91,0.026,Anantapur,AP
2021-04-27,0.0,38.7,27.8,7.55,0.02,Anantapur,AP
2021-04-28,0.0,40.0,27.9,7.18,0.018,Anantapur,AP
2021-04-29,0.0,38.3,28.5,6.82,0.012,Anantapur,AP
2021-04-30,0.0,38.5,26.3,6.97,0.003,Anantapur,AP
2021-05-01,0.0,38.6,27.4,7.84,0.001,Anantapur,AP
2021-05-02,0.0,38.1,26.9,7.89,0.001,Anantapur,AP
2021-05-03,0.0,37.6,27.6,7.62,-0.0,Anantapur,AP
2021-05-04,0.0,37.3,27.6,6.72,0.002,Anantapur,AP
2021-05-05,0.0,38.8,28.2,7.29,0.002,Anantapur,AP
2021-05-06,0.0,38.8,29.0,7.47,-0.0,Anantapur,AP
2021-05-07,0.0,37.4,27.9,7.47,-0.0,Anantapur,AP
2021-05-08,0.1,38.7,28.0,7.96,0.0,Anantapur,AP
2021-05-09,0.0,39.0,27.7,6.94,0.0,Anantapur,AP
2021-05-10,0.1,38.1,28.8,6.93,-0.0,Anantapur,AP
2021-05-11,2.2,38.7,28.2,6.4,0.003,Anantapur,AP
2021-05-12,0.0,36.6,25.7,6.2,0.034,Anantapur,AP
2021-05-13,0.8,36.0,27.1,5.56,0.038,Anantapur,AP
2021-05-14,0.2,37.7,25.6,6.56,0.105,Anantapur,AP
2021-05-15,4.5,35.9,27.4,5.69,0.086,Anantapur,AP
2021-05-16,5.1,28.6,24.4,2.76,0.132,Anantapur,AP
2021-05-17,0.2,35.8,23.6,5.95,0.126,Anantapur,AP
2021-05-18,0.2,36.7,25.5,6.42,0.07,Anantapur,AP
2021-05-19,11.5,36.0,25.0,5.87,0.085,Anantapur,AP
2021-05-20,13.7,33.3,24.9,3.96,0.151,Anantapur,AP
2021-05-21,16.7,32.4,24.8,4.75,0.25,Anantapur,AP
2021-05-22,7.1,31.1,24.5,3.88,0.33,Anantapur,AP
2021-05-23,0.0,34.4,24.2,6.03,0.231,Anantapur,AP
2021-05-24,0.6,33.6,24.9,5.69,0.175,Anantapur,AP
2021-05-25,0.1,33.8,25.4,5.27,0.143,Anantapur,AP
2021-05-26,0.0,34.5,24.6,6.76,0.102,Anantapur,AP
2021-05-27,0.0,35.7,24.7,8.1,0.061,Anantapur,AP
2021-05-28,0.0,36.0,23.9,7.64,0.042,Anantapur,AP
2021-05-29,0.0,36.7,25.6,7.41,0.032,Anantapur,AP
2021-05-30,0.8,38.0,25.9,7.72,0.021,Anantapur,AP
2021-05-31,4.2,37.2,25.9,7.02,0.031,Anantapur,AP
2021-06-01,2.9,36.4,25.9,6.4,0.071,Anantapur,AP
2021-06-02,12.2,34.4,25.5,5.39,0.171,Anantapur,AP
2021-06-03,7.0,30.9,24.7,2.94,0.288,Anantapur,AP
2021-06-04,6.6,30.2,24.4,3.09,0.289,Anantapur,AP
2021-06-05,22.7,31.4,24.0,4.16,0.329,Anantapur,AP
2021-06-06,1.9,30.8,23.7,4.64,0.323,Anantapur,AP
2021-06-07,0.0,33.2,24.1,6.12,0.232,Anantapur,AP
2021-06-08,0.0,32.6,23.3,6.25,0.162,Anantapur,AP
2021-06-09,1.8,32.2,23.9,5.75,0.129,Anantapur,AP
2021-06-10,0.6,32.0,24.3,5.91,0.132,Anantapur,AP
2021-06-11,0.0,33.0,24.3,6.25,0.089,Anantapur,AP
2021-06-12,1.3,33.7,24.8,5.83,0.07,Anantapur,AP
2021-06-13,0.1,33.0,24.7,6.25,0.063,Anantapur,AP
2021-06-14,2.7,30.5,24.8,4.76,0.053,Anantapur,AP
2021-06-15,0.3,31.8,24.6,5.28,0.051,Anantapur,AP
2021-06-16,0.2,31.9,25.0,5.54,0.046,Anantapur,AP
2021-06-17,0.2,31.7,25.0,5.9,0.047,Anantapur,AP
2021-06-18,0.4,33.4,25.0,6.86,0.039,Anantapur,AP
2021-06-19,0.2,31.8,25.2,5.78,0.033,Anantapur,AP
2021-06-20,0.1,33.5,24.4,6.83,0.042,Anantapur,AP
2021-06-21,0.0,35.0,24.0,7.68,0.036,Anantapur,AP
2021-06-22,0.0,35.7,24.3,7.35,0.033,Anantapur,AP
2021-06-23,0.1,36.4,25.7,7.77,0.03,Anantapur,AP
2021-06-24,0.2,35.2,25.3,7.4,0.033,Anantapur,AP
2021-06-25,0.1,32.8,25.0,6.71,0.034,Anantapur,AP
2021-06-26,10.9,33.5,25.0,6.04,0.052,Anantapur,AP
2021-06-27,14.9,26.1,23.9,2.06,0.252,Anantapur,AP
2021-06-28,0.0,31.8,22.8,5.19,0.262,Anantapur,AP
2021-06-29,0.0,33.9,23.7,5.76,0.194,Anantapur,AP
2021-06-30,0.0,34.0,24.5,6.02,0.13,Anantapur,AP
2021-07-01,4.0,35.0,24.9,6.03,0.082,Anantapur,AP
2021-07-02,18.3,32.3,24.4,4.86,0.173,Anantapur,AP
2021-07-03,2.4,33.3,24.0,5.49,0.17,Anantapur,AP
2021-07-04,6.5,31.9,24.3,4.09,0.203,Anantapur,AP
2021-07-05,6.8,31.8,23.8,4.62,0.24,Anantapur,AP
2021-07-06,14.7,31.8,23.8,4.9,0.214,Anantapur,AP
2021-07-07,4.5,32.0,24.0,4.74,0.282,Anantapur,AP
2021-07-08,0.5,31.2,24.2,3.67,0.274,Anantapur,AP
2021-07-09,11.7,29.6,23.8,3.12,0.296,Anantapur,AP
2021-07-10,0.3,30.6,23.9,4.3,0.249,Anantapur,AP
2021-07-11,3.5,31.4,23.7,4.74,0.196,Anantapur,AP
2021-07-12,3.9,29.4,23.9,4.09,0.257,Anantapur,AP
2021-07-13,2.3,27.8,23.8,2.49,0.257,Anantapur,AP
2021-07-14,12.0,28.1,23.8,2.87,0.309,Anantapur,AP
2021-07-15,10.5,29.7,23.2,4.46,0.342,Anantapur,AP
2021-07-16,12.9,28.0,23.6,2.67,0.39,Anantapur,AP
2021-07-17,14.9,31.4,23.8,4.72,0.365,Anantapur,AP
2021-07-18,67.7,27.9,23.6,2.64,0.423,Anantapur,AP
2021-07-19,2.0,30.8,23.5,5.37,0.376,Anantapur,AP
2021-07-20,0.6,28.5,23.2,4.17,0.331,Anantapur,AP
2021-07-21,5.9,27.5,23.7,2.64,0.33,Anantapur,AP
2021-07-22,19.6,25.7,23.3,2.27,0.402,Anantapur,AP
2021-07-23,4.6,28.9,23.1,3.78,0.386,Anantapur,AP
2021-07-24,1.0,31.3,23.5,5.24,0.336,Anantapur,AP
2021-07-25,0.1,31.6,23.6,5.56,0.296,Anantapur,AP
2021-07-26,0.1,31.5,23.3,5.76,0.25,Anantapur,AP
2021-07-27,0.0,31.0,22.9,5.34,0.212,Anantapur,AP
2021-07-28,0.1,31.5,23.3,5.66,0.177,Anantapur,AP
2021-07-29,0.0,30.3,23.2,5.01,0.147,Anantapur,AP
2021-07-30,0.3,31.2,23.4,5.42,0.125,Anantapur,AP
2021-07-31,0.9,31.4,23.4,5.43,0.104,Anantapur,AP
2021-08-01,0.0,32.4,23.5,6.21,0.086,Anantapur,AP
2021-08-02,0.9,32.7,23.4,6.44,0.074,Anantapur,AP
2021-08-03,0.5,33.4,23.4,6.76,0.065,Anantapur,AP
2021-08-04,0.2,32.7,24.3,6.76,0.061,Anantapur,AP
2021-08-05,0.2,33.6,23.9,6.45,0.057,Anantapur,AP
2021-08-06,0.8,33.7,24.4,6.57,0.056,Anantapur,AP
2021-08-07,0.7,32.9,24.0,5.98,0.054,Anantapur,AP
2021-08-08,1.4,34.4,24.3,5.81,0.051,Anantapur,AP
2021-08-09,0.9,34.0,24.6,5.53,0.06,Anantapur,AP
2021-08-10,2.8,33.4,24.7,5.1,0.092,Anantapur,AP
2021-08-11,3.8,33.7,24.3,5.79,0.107,Anantapur,AP
2021-08-12,4.5,31.9,24.2,4.73,0.143,Anantapur,AP
2021-08-13,3.1,32.8,24.1,5.36,0.157,Anantapur,AP
2021-08-14,3.0,30.7,23.8,3.88,0.21,Anantapur,AP
2021-08-15,2.8,32.1,23.4,4.92,0.179,Anantapur,AP
2021-08-16,3.3,29.8,23.9,3.68,0.208,Anantapur,AP
2021-08-17,2.9,28.2,23.5,2.82,0.293,Anantapur,AP
2021-08-18,0.8,31.3,23.4,4.91,0.244,Anantapur,AP
2021-08-19,1.1,31.2,23.6,4.87,0.187,Anantapur,AP
2021-08-20,0.3,31.8,22.9,5.0,0.144,Anantapur,AP
2021-08-21,2.7,32.8,23.7,4.92,0.109,Anantapur,AP
2021-08-22,9.1,32.0,23.3,4.95,0.154,Anantapur,AP
2021-08-23,2.5,31.5,23.2,4.92,0.257,Anantapur,AP
2021-08-24,7.1,31.8,23.7,4.52,0.255,Anantapur,AP
2021-08-25,6.6,31.7,24.1,4.63,0.264,Anantapur,AP
2021-08-26,6.4,31.8,24.2,4.34,0.262,Anantapur,AP
2021-08-27,13.4,30.3,24.1,3.84,0.276,Anantapur,AP
2021-08-28,16.4,28.3,23.6,2.13,0.356,Anantapur,AP
2021-08-29,22.9,28.7,23.0,2.09,0.38,Anantapur,AP
2021-08-30,2.4,30.0,23.4,3.36,0.327,Anantapur,AP
2021-08-31,1.2,31.8,22.8,4.95,0.275,Anantapur,AP
2021-09-01,0.8,32.1,23.4,5.05,0.226,Anantapur,AP
2021-09-02,11.5,31.0,23.5,4.51,0.233,Anantapur,AP
2021-09-03,6.0,29.6,23.2,3.46,0.349,Anantapur,AP
2021-09-04,16.2,30.4,23.3,4.28,0.333,Anantapur,AP
2021-09-05,13.8,29.7,23.4,3.3,0.352,Anantapur,AP
2021-09-06,15.2,28.6,23.3,2.92,0.397,Anantapur,AP
2021-09-07,1.9,30.1,23.4,4.38,0.359,Anantapur,AP
2021-09-08,0.0,31.5,23.9,5.32,0.303,Anantapur,AP
2021-09-09,0.3,32.1,23.2,5.2,0.256,Anantapur,AP
2021-09-10,0.0,31.4,22.9,5.0,0.219,Anantapur,AP
2021-09-11,0.4,31.9,23.2,4.85,0.185,Anantapur,AP
2021-09-12,0.7,31.8,23.8,5.51,0.16,Anantapur,AP
2021-09-13,0.4,32.5,24.3,5.54,0.135,Anantapur,AP
2021-09-14,0.0,32.8,24.2,5.56,0.113,Anantapur,AP
2021-09-15,0.3,32.9,23.3,5.65,0.087,Anantapur,AP
2021-09-16,0.3,32.8,23.2,5.55,0.072,Anantapur,AP
2021-09-17,0.0,34.1,23.5,6.57,0.059,Anantapur,AP
2021-09-18,0.0,35.3,24.0,6.24,0.04,Anantapur,AP
2021-09-19,0.0,34.9,25.5,5.35,0.031,Anantapur,AP
2021-09-20,0.1,36.3,26.3,6.07,0.028,Anantapur,AP
2021-09-21,14.4,31.1,24.6,4.13,0.091,Anantapur,AP
2021-09-22,2.5,32.9,24.3,5.13,0.092,Anantapur,AP
2021-09-23,3.4,32.3,24.4,4.72,0.112,Anantapur,AP
2021-09-24,1.2,32.4,23.8,4.67,0.178,Anantapur,AP
2021-09-25,12.4,31.1,23.8,4.03,0.298,Anantapur,AP
2021-09-26,0.1,31.5,23.7,3.93,0.322,Anantapur,AP
2021-09-27,0.0,28.9,23.6,3.38,0.256,Anantapur,AP
2021-09-28,0.4,31.7,23.1,5.56,0.203,Anantapur,AP
2021-09-29,3.3,32.6,23.5,4.58,0.171,Anantapur,AP
2021-09-30,0.6,31.2,23.6,4.4,0.25,Anantapur,AP
2021-10-01,12.4,31.3,22.9,4.41,0.277,Anantapur,AP
2021-10-02,2.1,31.2,23.5,4.41,0.285,Anantapur,AP
2021-10-03,6.2,31.6,23.2,4.58,0.25,Anantapur,AP
2021-10-04,0.4,31.9,23.7,4.77,0.241,Anantapur,AP
2021-10-05,1.5,31.9,24.0,4.88,0.183,Anantapur,AP
2021-10-06,30.7,29.1,23.2,2.49,0.28,Anantapur,AP
2021-10-07,12.8,30.7,22.4,3.64,0.357,Anantapur,AP
2021-10-08,7.2,29.1,23.2,3.31,0.371,Anantapur,AP
2021-10-09,7.5,29.8,23.5,3.72,0.373,Anantapur,AP
2021-10-10,9.3,29.8,23.7,3.48,0.345,Anantapur,AP
2021-10-11,6.8,30.7,23.6,3.77,0.362,Anantapur,AP
2021-10-12,3.3,30.5,22.8,4.24,0.352,Anantapur,AP
2021-10-13,0.1,31.1,22.3,4.45,0.349,Anantapur,AP
2021-10-14,0.4,31.3,22.7,4.51,0.302,Anantapur,AP
2021-10-15,0.1,31.9,24.1,4.85,0.265,Anantapur,AP
2021-10-16,0.0,32.6,23.0,5.03,0.223,Anantapur,AP
2021-10-17,2.5,31.4,23.7,4.25,0.199,Anantapur,AP
2021-10-18,0.3,32.6,23.6,5.17,0.177,Anantapur,AP
2021-10-19,0.0,32.4,23.1,4.85,0.138,Anantapur,AP
2021-10-20,12.2,32.8,23.6,4.37,0.145,Anantapur,AP
2021-10-21,12.8,30.2,23.2,3.98,0.295,Anantapur,AP
2021-10-22,14.2,31.0,22.5,4.35,0.324,Anantapur,AP
2021-10-23,14.8,31.4,22.4,4.29,0.317,Anantapur,AP
2021-10-24,9.4,29.8,22.4,3.71,0.35,Anantapur,AP
2021-10-25,0.2,30.5,22.5,4.38,0.315,Anantapur,AP
2021-10-26,0.1,30.5,21.8,4.91,0.267,Anantapur,AP
2021-10-27,0.0,30.5,21.4,4.92,0.221,Anantapur,AP
2021-10-28,0.0,31.1,20.2,4.67,0.182,Anantapur,AP
2021-10-29,14.0,31.0,22.6,3.19,0.222,Anantapur,AP
2021-10-30,3.8,28.9,22.8,3.17,0.345,Anantapur,AP
2021-10-31,0.5,30.7,22.1,3.92,0.323,Anantapur,AP
2021-11-01,7.7,26.8,22.6,2.13,0.326,Anantapur,AP
2021-11-02,9.7,28.6,22.5,3.13,0.354,Anantapur,AP
2021-11-03,13.5,27.9,21.4,2.65,0.382,Anantapur,AP
2021-11-04,8.3,29.2,22.3,3.24,0.362,Anantapur,AP
2021-11-05,3.3,28.2,22.0,3.04,0.352,Anantapur,AP
2021-11-06,0.5,29.1,21.7,3.8,0.323,Anantapur,AP
2021-11-07,0.3,27.6,21.4,3.03,0.292,Anantapur,AP
2021-11-08,0.9,28.1,21.6,2.64,0.283,Anantapur,AP
2021-11-09,0.0,27.7,20.1,3.46,0.265,Anantapur,AP
2021-11-10,0.0,27.5,20.9,2.97,0.247,Anantapur,AP
2021-11-11,14.1,22.7,20.9,1.41,0.3,Anantapur,AP
2021-11-12,13.9,27.3,20.9,2.13,0.381,Anantapur,AP
2021-11-13,14.7,28.0,22.5,2.91,0.391,Anantapur,AP
2021-11-14,14.6,28.2,22.1,2.56,0.415,Anantapur,AP
2021-11-15,7.5,28.7,22.4,3.22,0.402,Anantapur,AP
2021-11-16,23.8,28.6,22.4,2.8,0.407,Anantapur,AP
2021-11-17,2.2,28.5,21.0,3.12,0.402,Anantapur,AP
2021-11-18,26.8,24.4,21.9,0.95,0.421,Anantapur,AP
2021-11-19,14.2,26.1,22.1,1.72,0.424,Anantapur,AP
2021-11-20,31.6,27.4,22.3,2.25,0.421,Anantapur,AP
2021-11-21,20.8,28.0,22.1,2.67,0.418,Anantapur,AP
2021-11-22,3.6,29.2,21.8,3.06,0.402,Anantapur,AP
2021-11-23,0.5,29.3,22.0,3.53,0.395,Anantapur,AP
2021-11-24,1.6,28.6,22.2,3.15,0.37,Anantapur,AP
2021-11-25,0.9,28.3,21.2,3.34,0.356,Anantapur,AP
2021-11-26,0.1,28.5,21.4,3.68,0.335,Anantapur,AP
2021-11-27,0.0,27.6,19.6,3.45,0.32,Anantapur,AP
2021-11-28,49.2,23.9,21.9,1.1,0.39,Anantapur,AP
2021-11-29,10.9,26.7,21.4,2.01,0.42,Anantapur,AP
2021-11-30,27.8,27.2,20.9,2.49,0.415,Anantapur,AP
2021-12-01,1.4,28.1,21.3,3.36,0.399,Anantapur,AP
2021-12-02,0.0,27.2,22.1,3.02,0.376,Anantapur,AP
2021-12-03,0.0,27.8,20.9,3.19,0.352,Anantapur,AP
2021-12-04,0.0,29.3,21.0,3.59,0.322,Anantapur,AP
2021-12-05,0.1,29.4,21.4,3.78,0.299,Anantapur,AP
2021-12-06,0.0,28.9,21.1,3.61,0.285,Anantapur,AP
2021-12-07,0.0,29.2,20.6,3.78,0.26,Anantapur,AP
2021-12-08,0.0,29.3,20.2,3.88,0.232,Anantapur,AP
2021-12-09,1.9,27.4,21.9,2.76,0.232,Anantapur,AP
2021-12-10,2.5,28.3,21.1,3.06,0.29,Anantapur,AP
2021-12-11,2.1,27.6,20.9,3.08,0.288,Anantapur,AP
2021-12-12,0.2,28.1,20.5,3.6,0.265,Anantapur,AP
2021-12-13,0.9,27.4,20.7,3.13,0.243,Anantapur,AP
2021-12-14,1.2,27.4,20.9,3.16,0.234,Anantapur,AP
2021-12-15,0.1,26.7,20.1,2.89,0.225,Anantapur,AP
2021-12-16,0.0,27.3,19.0,3.73,0.204,Anantapur,AP
2021-12-17,0.0,27.1,18.0,3.76,0.182,Anantapur,AP
2021-12-18,0.0,26.9,17.2,3.97,0.16,Anantapur,AP
2021-12-19,0.0,25.9,15.5,3.89,0.137,Anantapur,AP
2021-12-20,0.0,26.5,16.2,3.89,0.12,Anantapur,AP
2021-12-21,0.0,27.0,15.6,3.8,0.102,Anantapur,AP
2021-12-22,0.0,28.0,15.5,3.94,0.085,Anantapur,AP
2021-12-23,0.0,28.8,16.0,4.07,0.069,Anantapur,AP
2021-12-24,0.0,29.4,15.8,4.39,0.055,Anantapur,AP
2021-12-25,0.0,30.4,15.7,4.34,0.043,Anantapur,AP
2021-12-26,0.0,30.6,17.2,4.49,0.036,Anantapur,AP
2021-12-27,0.0,30.4,17.9,4.71,0.037,Anantapur,AP
2021-12-28,0.0,29.4,17.9,4.45,0.037,Anantapur,AP
2021-12-29,0.0,29.6,18.7,4.27,0.035,Anantapur,AP
2021-12-30,0.0,29.5,18.8,4.49,0.035,Anantapur,AP
2021-12-31,1.9,28.0,20.9,3.6,0.046,Anantapur,AP
2022-01-01,1.0,28.5,20.7,3.87,0.063,Anantapur,AP
2022-01-02,0.0,29.0,18.8,4.29,0.06,Anantapur,AP
2022-01-03,0.0,29.4,18.8,4.04,0.048,Anantapur,AP
2022-01-04,0.0,28.5,18.7,4.21,0.042,Anantapur,AP
2022-01-05,0.0,28.5,17.5,4.45,0.039,Anantapur,AP
2022-01-06,0.0,29.3,18.3,4.41,0.037,Anantapur,AP
2022-01-07,0.0,30.5,19.6,4.38,0.034,Anantapur,AP
2022-01-08,0.0,29.5,20.4,3.97,0.037,Anantapur,AP
2022-01-09,0.0,30.8,20.3,4.34,0.038,Anantapur,AP
2022-01-10,0.9,30.4,21.0,4.45,0.038,Anantapur,AP
2022-01-11,0.2,31.2,20.8,4.57,0.036,Anantapur,AP
2022-01-12,0.5,32.3,21.2,4.85,0.033,Anantapur,AP
2022-01-13,0.0,32.4,20.8,4.51,0.033,Anantapur,AP
2022-01-14,0.0,31.9,20.6,4.29,0.032,Anantapur,AP
2022-01-15,1.3,29.0,21.4,3.93,0.035,Anantapur,AP
2022-01-16,0.3,29.3,21.0,4.36,0.037,Anantapur,AP
2022-01-17,0.2,28.7,20.1,4.32,0.037,Anantapur,AP
2022-01-18,0.0,29.3,19.2,4.3,0.034,Anantapur,AP
2022-01-19,0.0,29.5,19.1,4.32,0.034,Anantapur,AP
2022-01-20,0.0,31.3,18.3,4.75,0.033,Anantapur,AP
2022-01-21,0.0,34.4,18.7,5.96,0.033,Anantapur,AP
2022-01-22,0.0,34.1,20.0,6.34,0.036,Anantapur,AP
2022-01-23,0.0,32.5,19.7,5.54,0.037,Anantapur,AP
2022-01-24,0.0,29.8,19.3,4.91,0.034,Anantapur,AP
2022-01-25,0.0,30.4,19.1,4.96,0.033,Anantapur,AP
2022-01-26,0.2,30.0,20.9,4.07,0.032,Anantapur,AP
2022-01-27,1.2,29.0,20.6,4.25,0.039,Anantapur,AP
2022-01-28,0.0,30.1,20.2,5.5,0.037,Anantapur,AP
2022-01-29,0.0,30.1,18.2,5.12,0.032,Anantapur,AP
2022-01-30,0.0,32.1,19.6,4.61,0.028,Anantapur,AP
2022-01-31,0.0,32.7,20.0,5.18,0.03,Anantapur,AP
2022-02-01,0.0,32.6,20.3,5.2,0.035,Anantapur,AP
2022-02-02,0.0,33.2,19.7,5.52,0.033,Anantapur,AP
2022-02-03,0.0,33.8,20.6,5.57,0.032,Anantapur,AP
2022-02-04,0.0,33.2,21.7,5.93,0.034,Anantapur,AP
2022-02-05,0.0,33.0,19.1,5.4,0.035,Anantapur,AP
2022-02-06,0.0,31.8,21.1,5.09,0.033,Anantapur,AP
2022-02-07,0.0,32.2,21.0,5.25,0.033,Anantapur,AP
2022-02-08,0.0,32.8,20.1,5.44,0.034,Anantapur,AP
2022-02-09,0.0,32.3,20.3,5.89,0.036,Anantapur,AP
2022-02-10,0.0,31.9,19.8,5.72,0.035,Anantapur,AP
2022-02-11,0.0,32.4,19.7,6.32,0.035,Anantapur,AP
2022-02-12,0.0,32.0,19.2,5.59,0.037,Anantapur,AP
2022-02-13,0.0,31.5,19.9,5.53,0.03,Anantapur,AP
2022-02-14,0.0,31.6,19.2,5.54,0.031,Anantapur,AP
2022-02-15,0.0,32.5,19.6,5.67,0.03,Anantapur,AP
2022-02-16,0.0,32.7,20.3,5.39,0.036,Anantapur,AP
2022-02-17,0.0,33.4,21.7,6.26,0.037,Anantapur,AP
2022-02-18,0.0,33.1,19.7,6.14,0.038,Anantapur,AP
2022-02-19,0.0,32.9,19.5,6.27,0.036,Anantapur,AP
2022-02-20,0.0,34.4,20.3,6.04,0.027,Anantapur,AP
2022-02-21,0.0,35.5,22.1,6.39,0.019,Anantapur,AP
2022-02-22,0.0,36.1,21.3,6.76,0.023,Anantapur,AP
2022-02-23,0.0,33.9,22.4,7.03,0.025,Anantapur,AP
2022-02-24,0.0,33.4,20.3,6.63,0.032,Anantapur,AP
2022-02-25,0.0,34.2,19.1,6.96,0.038,Anantapur,AP
2022-02-26,0.0,33.0,18.6,6.61,0.031,Anantapur,AP
2022-02-27,0.0,33.0,20.1,6.24,0.033,Anantapur,AP
2022-02-28,0.0,33.6,19.9,6.43,0.034,Anantapur,AP
2022-03-01,0.0,34.7,21.0,6.52,0.033,Anantapur,AP
2022-03-02,0.0,35.1,20.2,7.82,0.036,Anantapur,AP
2022-03-03,0.0,34.7,19.3,7.74,0.033,Anantapur,AP
2022-03-04,0.0,34.7,19.5,7.37,0.033,Anantapur,AP
2022-03-05,0.0,34.7,19.7,6.59,0.035,Anantapur,AP
2022-03-06,0.0,34.0,20.6,6.8,0.035,Anantapur,AP
2022-03-07,0.0,33.1,21.2,6.37,0.034,Anantapur,AP
2022-03-08,0.0,36.0,22.4,7.17,0.034,Anantapur,AP
2022-03-09,0.0,36.2,22.4,7.04,0.033,Anantapur,AP
2022-03-10,0.0,35.9,22.5,7.19,0.033,Anantapur,AP
2022-03-11,0.0,36.6,22.4,7.28,0.033,Anantapur,AP
2022-03-12,0.0,36.2,22.5,6.92,0.029,Anantapur,AP
2022-03-13,0.0,36.5,22.8,7.0,0.032,Anantapur,AP
2022-03-14,0.0,36.9,23.0,7.08,0.033,Anantapur,AP
2022-03-15,0.0,36.8,22.4,6.78,0.033,Anantapur,AP
2022-03-16,0.0,37.8,22.1,7.28,0.035,Anantapur,AP
2022-03-17,0.0,39.0,22.8,7.55,0.034,Anantapur,AP
2022-03-18,0.0,38.9,25.0,7.75,0.033,Anantapur,AP
2022-03-19,0.0,37.5,25.0,7.17,0.031,Anantapur,AP
2022-03-20,0.0,36.2,26.0,6.91,0.032,Anantapur,AP
2022-03-21,0.0,37.4,25.4,6.96,0.033,Anantapur,AP
2022-03-22,0.0,36.4,27.4,5.82,0.032,Anantapur,AP
2022-03-23,0.0,38.2,26.4,7.51,0.033,Anantapur,AP
2022-03-24,0.0,37.6,25.5,6.45,0.034,Anantapur,AP
2022-03-25,0.0,37.8,25.2,6.38,0.027,Anantapur,AP
2022-03-26,0.0,38.7,26.0,6.61,0.019,Anantapur,AP
2022-03-27,0.0,38.8,26.6,7.21,0.015,Anantapur,AP
2022-03-28,0.0,39.0,26.6,7.21,0.009,Anantapur,AP
2022-03-29,0.0,39.6,27.7,7.37,0.009,Anantapur,AP
2022-03-30,0.0,38.3,27.6,6.83,0.018,Anantapur,AP
2022-03-31,0.0,38.8,27.3,6.88,0.022,Anantapur,AP
2022-04-01,0.0,38.8,27.5,7.12,0.025,Anantapur,AP
2022-04-02,0.0,38.1,26.7,6.9,0.025,Anantapur,AP
2022-04-03,0.0,39.5,26.6,7.64,0.027,Anantapur,AP
2022-04-04,0.0,39.4,25.5,7.95,0.033,Anantapur,AP
2022-04-05,0.0,39.0,26.2,7.85,0.034,Anantapur,AP
2022-04-06,0.0,39.3,24.9,7.65,0.033,Anantapur,AP
2022-04-07,0.0,39.5,25.3,7.56,0.033,Anantapur,AP
2022-04-08,0.0,39.1,24.7,8.3,0.033,Anantapur,AP
2022-04-09,0.0,38.6,25.9,7.03,0.033,Anantapur,AP
2022-04-10,0.0,38.8,26.6,6.92,0.033,Anantapur,AP
2022-04-11,0.0,38.8,25.6,7.84,0.031,Anantapur,AP
2022-04-12,0.0,39.3,25.9,8.05,0.032,Anantapur,AP
2022-04-13,0.0,37.9,26.7,7.25,0.036,Anantapur,AP
2022-04-14,0.0,38.5,27.8,6.34,0.031,Anantapur,AP
2022-04-15,0.0,37.4,28.5,6.88,0.034,Anantapur,AP
2022-04-16,0.8,37.6,27.2,6.79,0.037,Anantapur,AP
2022-04-17,0.0,36.4,25.4,5.73,0.055,Anantapur,AP
2022-04-18,0.2,37.7,25.8,7.13,0.04,Anantapur,AP
2022-04-19,0.1,39.1,25.7,6.55,0.05,Anantapur,AP
2022-04-20,0.0,40.3,26.1,7.54,0.037,Anantapur,AP
2022-04-21,0.0,41.3,27.4,7.81,0.031,Anantapur,AP
2022-04-22,0.0,40.3,26.5,8.13,0.032,Anantapur,AP
2022-04-23,0.0,39.7,26.8,7.5,0.03,Anantapur,AP
2022-04-24,0.0,39.2,27.2,5.92,0.03,Anantapur,AP
2022-04-25,0.0,40.5,27.9,8.15,0.031,Anantapur,AP
2022-04-26,0.2,40.9,27.9,8.0,0.03,Anantapur,AP
2022-04-27,0.0,41.6,27.7,8.07,0.033,Anantapur,AP
2022-04-28,0.0,41.1,28.5,7.5,0.035,Anantapur,AP
2022-04-29,0.0,41.4,27.8,8.02,0.034,Anantapur,AP
2022-04-30,0.0,41.2,27.9,7.99,0.032,Anantapur,AP
2022-05-01,0.0,40.4,28.8,7.17,0.034,Anantapur,AP
2022-05-02,0.0,40.3,27.0,7.77,0.038,Anantapur,AP
2022-05-03,0.0,39.8,27.2,7.51,0.034,Anantapur,AP
2022-05-04,0.3,39.5,28.2,6.89,0.036,Anantapur,AP
2022-05-05,0.5,37.8,26.5,6.81,0.036,Anantapur,AP
2022-05-06,0.0,38.1,27.0,6.54,0.034,Anantapur,AP
2022-05-07,0.0,38.9,26.7,6.57,0.035,Anantapur,AP
2022-05-08,0.0,39.6,27.3,6.63,0.035,Anantapur,AP
2022-05-09,0.2,39.2,27.0,7.46,0.041,Anantapur,AP
2022-05-10,0.5,34.2,26.8,5.13,0.056,Anantapur,AP
2022-05-11,3.1,28.5,25.6,3.75,0.082,Anantapur,AP
2022-05-12,42.4,29.3,24.2,3.02,0.362,Anantapur,AP
2022-05-13,1.3,33.5,24.4,5.3,0.347,Anantapur,AP
2022-05-14,0.0,34.3,25.0,5.65,0.314,Anantapur,AP
2022-05-15,0.0,34.2,24.8,5.63,0.26,Anantapur,AP
2022-05-16,5.8,34.1,25.2,5.27,0.252,Anantapur,AP
2022-05-17,15.9,31.8,25.1,4.04,0.315,Anantapur,AP
2022-05-18,15.1,30.5,24.6,2.82,0.38,Anantapur,AP
2022-05-19,5.8,30.1,23.1,4.36,0.394,Anantapur,AP
2022-05-20,1.1,27.9,22.6,3.38,0.378,Anantapur,AP
2022-05-21,0.0,29.9,22.5,4.77,0.339,Anantapur,AP
2022-05-22,0.0,32.9,23.1,5.72,0.298,Anantapur,AP
2022-05-23,0.0,33.4,23.9,5.95,0.254,Anantapur,AP
2022-05-24,0.0,33.9,24.5,5.96,0.207,Anantapur,AP
2022-05-25,0.0,34.3,24.9,5.9,0.161,Anantapur,AP
2022-05-26,0.0,34.9,24.9,6.85,0.117,Anantapur,AP
2022-05-27,0.0,34.6,23.2,7.08,0.076,Anantapur,AP
2022-05-28,0.0,35.6,24.0,7.37,0.049,Anantapur,AP
2022-05-29,0.0,36.4,24.6,7.68,0.036,Anantapur,AP
2022-05-30,0.0,37.5,24.7,7.39,0.033,Anantapur,AP
2022-05-31,1.3,36.1,25.6,6.39,0.035,Anantapur,AP
2022-06-01,0.4,35.9,25.2,6.71,0.087,Anantapur,AP
2022-06-02,0.8,36.8,25.0,6.81,0.064,Anantapur,AP
2022-06-03,13.1,36.5,24.5,6.73,0.1,Anantapur,AP
2022-06-04,0.0,37.3,24.4,6.64,0.165,Anantapur,AP
2022-06-05,0.0,37.1,25.3,6.63,0.094,Anantapur,AP
2022-06-06,0.0,33.1,24.2,5.22,0.253,Anantapur,AP
2022-06-07,1.1,32.6,24.5,4.17,0.262,Anantapur,AP
2022-06-08,0.1,34.1,23.6,6.2,0.239,Anantapur,AP
2022-06-09,0.0,34.8,23.9,6.78,0.184,Anantapur,AP
2022-06-10,0.2,34.9,24.2,6.56,0.181,Anantapur,AP
2022-06-11,1.3,33.5,23.9,6.04,0.135,Anantapur,AP
2022-06-12,4.6,34.4,24.2,5.88,0.123,Anantapur,AP
2022-06-13,0.3,34.1,24.3,6.01,0.147,Anantapur,AP
2022-06-14,14.5,35.1,24.1,6.31,0.121,Anantapur,AP
2022-06-15,10.6,31.1,23.8,4.06,0.196,Anantapur,AP
2022-06-16,8.0,33.3,24.2,5.5,0.137,Anantapur,AP
2022-06-17,13.9,32.1,23.2,4.76,0.272,Anantapur,AP
2022-06-18,4.4,31.8,23.8,4.91,0.301,Anantapur,AP
2022-06-19,1.0,31.3,23.9,4.55,0.248,Anantapur,AP
2022-06-20,2.3,32.0,23.9,5.42,0.258,Anantapur,AP
2022-06-21,6.7,30.6,24.1,4.58,0.326,Anantapur,AP
2022-06-22,0.8,30.6,23.5,4.57,0.309,Anantapur,AP
2022-06-23,0.1,31.3,23.5,3.63,0.255,Anantapur,AP
2022-06-24,0.4,31.1,23.8,5.09,0.211,Anantapur,AP
2022-06-25,6.5,31.9,24.0,4.99,0.17,Anantapur,AP
2022-06-26,0.1,32.7,24.2,5.92,0.133,Anantapur,AP
2022-06-27,0.9,32.7,24.0,5.5,0.104,Anantapur,AP
2022-06-28,0.1,32.3,24.2,4.84,0.083,Anantapur,AP
2022-06-29,0.6,33.9,24.4,6.23,0.067,Anantapur,AP
2022-06-30,0.7,34.3,24.3,6.16,0.055,Anantapur,AP
2022-07-01,2.2,34.7,24.3,7.06,0.052,Anantapur,AP
2022-07-02,0.2,35.1,25.0,7.13,0.044,Anantapur,AP
2022-07-03,0.7,34.1,25.0,6.3,0.05,Anantapur,AP
2022-07-04,1.8,30.8,24.8,4.37,0.074,Anantapur,AP
2022-07-05,3.2,28.6,24.2,3.19,0.124,Anantapur,AP
2022-07-06,4.9,28.6,23.9,3.15,0.158,Anantapur,AP
2022-07-07,5.6,28.5,23.4,3.07,0.218,Anantapur,AP
2022-07-08,15.0,26.6,23.6,2.78,0.262,Anantapur,AP
2022-07-09,6.4,28.7,23.5,3.74,0.317,Anantapur,AP
2022-07-10,2.8,29.1,22.9,4.2,0.331,Anantapur,AP
2022-07-11,0.0,27.4,23.4,2.94,0.3,Anantapur,AP
2022-07-12,7.4,28.0,22.8,3.21,0.321,Anantapur,AP
2022-07-13,10.4,26.8,22.9,3.03,0.345,Anantapur,AP
2022-07-14,1.9,28.9,23.1,5.08,0.313,Anantapur,AP
2022-07-15,0.3,32.0,23.7,6.16,0.242,Anantapur,AP
2022-07-16,1.0,31.4,23.7,5.28,0.197,Anantapur,AP
2022-07-17,3.2,31.7,23.9,5.01,0.182,Anantapur,AP
2022-07-18,1.1,30.9,24.0,4.66,0.175,Anantapur,AP
2022-07-19,0.5,32.0,22.7,5.42,0.146,Anantapur,AP
2022-07-20,3.2,33.0,23.7,5.9,0.116,Anantapur,AP
2022-07-21,0.5,32.0,23.8,5.14,0.246,Anantapur,AP
2022-07-22,0.4,30.0,23.7,3.81,0.266,Anantapur,AP
2022-07-23,0.2,30.7,23.7,4.58,0.282,Anantapur,AP
2022-07-24,0.2,31.1,22.7,4.73,0.237,Anantapur,AP
2022-07-25,0.4,31.4,22.9,4.85,0.187,Anantapur,AP
2022-07-26,2.8,30.8,23.4,4.02,0.188,Anantapur,AP
2022-07-27,9.4,32.2,22.8,5.02,0.169,Anantapur,AP
2022-07-28,8.6,32.4,22.8,4.77,0.216,Anantapur,AP
2022-07-29,5.1,32.8,23.1,5.34,0.205,Anantapur,AP
2022-07-30,11.6,32.6,23.0,5.25,0.282,Anantapur,AP
2022-07-31,8.2,31.6,22.9,4.56,0.33,Anantapur,AP
2022-08-01,32.2,30.9,23.4,4.25,0.322,Anantapur,AP
2022-08-02,10.9,30.8,23.2,3.83,0.333,Anantapur,AP
2022-08-03,15.6,30.7,22.8,3.78,0.363,Anantapur,AP
2022-08-04,16.9,29.5,22.7,3.29,0.389,Anantapur,AP
2022-08-05,33.3,29.1,23.6,3.07,0.402,Anantapur,AP
2022-08-06,0.8,29.2,23.7,4.11,0.354,Anantapur,AP
2022-08-07,1.7,29.3,23.8,4.38,0.325,Anantapur,AP
2022-08-08,1.0,29.0,23.5,4.17,0.311,Anantapur,AP
2022-08-09,0.1,30.8,24.0,5.42,0.278,Anantapur,AP
2022-08-10,0.1,30.5,23.6,5.66,0.236,Anantapur,AP
2022-08-11,0.4,31.6,23.6,6.05,0.2,Anantapur,AP
2022-08-12,0.1,31.6,23.9,5.71,0.169,Anantapur,AP
2022-08-13,0.3,32.1,23.5,5.43,0.144,Anantapur,AP
2022-08-14,0.0,30.6,22.9,4.2,0.13,Anantapur,AP
2022-08-15,0.7,31.4,23.1,4.97,0.119,Anantapur,AP
2022-08-16,0.0,33.6,22.7,6.23,0.091,Anantapur,AP
2022-08-17,0.1,34.4,23.1,6.22,0.066,Anantapur,AP
2022-08-18,0.3,34.0,23.9,6.29,0.052,Anantapur,AP
2022-08-19,0.8,33.6,24.4,6.12,0.083,Anantapur,AP
2022-08-20,0.0,33.6,23.7,6.06,0.079,Anantapur,AP
2022-08-21,0.8,33.0,23.9,6.27,0.067,Anantapur,AP
2022-08-22,0.7,34.1,23.4,6.13,0.065,Anantapur,AP
2022-08-23,3.7,34.2,23.8,6.59,0.063,Anantapur,AP
2022-08-24,10.0,33.0,23.7,5.06,0.084,Anantapur,AP
2022-08-25,16.1,32.6,23.3,4.53,0.123,Anantapur,AP
2022-08-26,23.8,31.0,22.8,3.71,0.166,Anantapur,AP
2022-08-27,27.0,30.4,22.8,4.04,0.318,Anantapur,AP
2022-08-28,4.1,29.9,23.1,3.85,0.336,Anantapur,AP
2022-08-29,15.4,29.1,23.2,3.46,0.342,Anantapur,AP
2022-08-30,4.3,31.3,22.4,4.86,0.371,Anantapur,AP
2022-08-31,11.8,31.5,23.2,4.96,0.364,Anantapur,AP
2022-09-01,8.8,29.8,23.2,3.98,0.371,Anantapur,AP
2022-09-02,1.2,31.4,23.4,4.76,0.358,Anantapur,AP
2022-09-03,6.7,32.1,23.8,5.11,0.314,Anantapur,AP
2022-09-04,8.7,31.9,23.6,4.74,0.317,Anantapur,AP
2022-09-05,18.0,31.1,23.2,4.31,0.358,Anantapur,AP
2022-09-06,7.1,31.8,22.7,4.97,0.371,Anantapur,AP
2022-09-07,9.3,29.8,23.1,3.71,0.395,Anantapur,AP
2022-09-08,8.9,28.2,23.4,2.35,0.408,Anantapur,AP
2022-09-09,10.1,30.2,23.4,4.02,0.388,Anantapur,AP
2022-09-10,17.6,29.0,23.7,3.46,0.402,Anantapur,AP
2022-09-11,0.4,29.7,23.7,4.02,0.368,Anantapur,AP
2022-09-12,0.0,31.4,23.9,5.68,0.32,Anantapur,AP
2022-09-13,0.0,31.6,23.0,5.03,0.283,Anantapur,AP
2022-09-14,0.9,31.2,22.8,4.65,0.253,Anantapur,AP
2022-09-15,1.4,31.6,22.4,4.74,0.239,Anantapur,AP
2022-09-16,0.3,31.3,22.7,4.96,0.246,Anantapur,AP
2022-09-17,0.7,31.7,22.6,5.0,0.204,Anantapur,AP
2022-09-18,0.1,31.4,22.5,5.29,0.164,Anantapur,AP
2022-09-19,0.0,31.2,22.7,4.62,0.133,Anantapur,AP
2022-09-20,0.0,31.6,22.0,5.89,0.108,Anantapur,AP
2022-09-21,0.0,32.6,21.9,5.43,0.088,Anantapur,AP
2022-09-22,0.0,32.4,21.7,6.34,0.068,Anantapur,AP
2022-09-23,0.0,32.2,21.5,5.93,0.054,Anantapur,AP
2022-09-24,0.2,33.6,22.4,6.5,0.046,Anantapur,AP
2022-09-25,0.3,34.8,23.3,6.3,0.039,Anantapur,AP
2022-09-26,1.8,31.2,23.9,4.45,0.047,Anantapur,AP
2022-09-27,1.3,33.5,24.0,5.51,0.056,Anantapur,AP
2022-09-28,3.7,32.4,24.4,4.65,0.064,Anantapur,AP
2022-09-29,2.6,30.0,23.4,3.6,0.113,Anantapur,AP
2022-09-30,20.6,28.5,22.6,2.98,0.36,Anantapur,AP
2022-10-01,7.2,27.4,22.6,2.49,0.398,Anantapur,AP
2022-10-02,3.1,29.6,22.5,3.74,0.377,Anantapur,AP
2022-10-03,0.0,31.0,22.7,4.98,0.355,Anantapur,AP
2022-10-04,0.0,31.1,22.7,5.01,0.317,Anantapur,AP
2022-10-05,0.0,31.2,22.7,4.55,0.285,Anantapur,AP
2022-10-06,11.4,26.1,23.2,1.95,0.356,Anantapur,AP
2022-10-07,7.3,30.2,22.1,4.37,0.361,Anantapur,AP
2022-10-08,0.0,30.0,22.2,4.47,0.351,Anantapur,AP
2022-10-09,6.0,28.7,22.8,2.93,0.347,Anantapur,AP
2022-10-10,13.6,29.3,22.5,3.3,0.388,Anantapur,AP
2022-10-11,25.4,29.1,21.9,3.56,0.402,Anantapur,AP
2022-10-12,18.1,29.5,22.3,3.86,0.402,Anantapur,AP
2022-10-13,13.5,29.6,22.0,3.9,0.399,Anantapur,AP
2022-10-14,7.2,29.1,21.6,3.96,0.39,Anantapur,AP
2022-10-15,3.2,29.5,22.3,3.86,0.368,Anantapur,AP
2022-10-16,16.8,29.1,22.7,3.45,0.374,Anantapur,AP
2022-10-17,0.7,30.0,22.4,3.89,0.39,Anantapur,AP
2022-10-18,1.2,29.9,22.2,4.18,0.371,Anantapur,AP
2022-10-19,1.3,29.5,22.1,4.31,0.37,Anantapur,AP
2022-10-20,7.6,29.4,22.4,3.91,0.391,Anantapur,AP
2022-10-21,5.2,29.7,21.8,3.79,0.396,Anantapur,AP
2022-10-22,0.0,29.6,21.3,4.51,0.359,Anantapur,AP
2022-10-23,0.0,29.0,19.4,4.98,0.314,Anantapur,AP
2022-10-24,0.0,28.3,18.8,5.03,0.285,Anantapur,AP
2022-10-25,0.0,29.5,17.9,4.89,0.262,Anantapur,AP
2022-10-26,0.0,29.2,18.4,4.87,0.236,Anantapur,AP
2022-10-27,0.0,29.7,18.5,4.29,0.197,Anantapur,AP
2022-10-28,0.1,29.2,20.2,3.77,0.171,Anantapur,AP
2022-10-29,0.1,29.9,22.8,4.36,0.158,Anantapur,AP
2022-10-30,0.0,30.1,22.0,4.6,0.139,Anantapur,AP
2022-10-31,0.0,29.9,20.6,4.93,0.112,Anantapur,AP
2022-11-01,4.1,24.5,21.0,1.71,0.123,Anantapur,AP
2022-11-02,13.9,24.2,21.0,1.1,0.21,Anantapur,AP
2022-11-03,3.2,27.5,20.9,3.06,0.22,Anantapur,AP
2022-11-04,0.7,29.7,21.1,4.14,0.19,Anantapur,AP
2022-11-05,0.1,30.7,20.7,4.57,0.155,Anantapur,AP
2022-11-06,0.1,29.6,21.4,4.25,0.125,Anantapur,AP
2022-11-07,0.0,30.3,20.3,4.77,0.1,Anantapur,AP
2022-11-08,0.0,31.0,19.9,5.12,0.072,Anantapur,AP
2022-11-09,0.0,30.9,20.2,5.02,0.053,Anantapur,AP
2022-11-10,0.0,30.5,20.2,4.53,0.046,Anantapur,AP
2022-11-11,0.0,31.0,22.0,4.33,0.049,Anantapur,AP
2022-11-12,0.5,27.9,22.6,2.68,0.056,Anantapur,AP
2022-11-13,1.4,29.0,21.7,3.26,0.087,Anantapur,AP
2022-11-14,1.3,29.3,21.7,3.12,0.11,Anantapur,AP
2022-11-15,0.0,29.6,20.7,4.08,0.172,Anantapur,AP
2022-11-16,0.0,29.4,20.2,4.3,0.156,Anantapur,AP
2022-11-17,0.0,29.4,18.4,4.48,0.121,Anantapur,AP
2022-11-18,0.0,28.9,16.2,4.37,0.094,Anantapur,AP
2022-11-19,0.0,28.7,16.4,4.61,0.073,Anantapur,AP
2022-11-20,0.0,28.0,17.1,4.55,0.055,Anantapur,AP
2022-11-21,3.4,25.2,18.4,2.21,0.055,Anantapur,AP
2022-11-22,2.2,29.1,19.6,3.24,0.06,Anantapur,AP
2022-11-23,4.3,29.0,21.7,3.17,0.104,Anantapur,AP
2022-11-24,0.7,29.6,22.6,3.48,0.117,Anantapur,AP
2022-11-25,0.0,30.7,21.2,4.17,0.098,Anantapur,AP
2022-11-26,0.5,30.4,21.5,3.97,0.076,Anantapur,AP
2022-11-27,0.0,31.1,21.5,4.27,0.06,Anantapur,AP
2022-11-28,0.0,31.5,21.1,4.43,0.047,Anantapur,AP
2022-11-29,0.0,30.9,20.9,4.8,0.041,Anantapur,AP
2022-11-30,0.0,29.9,18.9,4.73,0.037,Anantapur,AP
2022-12-01,0.0,30.3,19.8,3.71,0.036,Anantapur,AP
2022-12-02,0.2,31.8,21.8,4.48,0.038,Anantapur,AP
2022-12-03,0.1,31.7,21.9,4.66,0.037,Anantapur,AP
2022-12-04,0.0,31.5,22.0,4.58,0.036,Anantapur,AP
2022-12-05,0.0,31.6,21.9,4.47,0.037,Anantapur,AP
2022-12-06,0.0,30.9,21.4,4.18,0.038,Anantapur,AP
2022-12-07,0.0,31.8,19.7,4.48,0.039,Anantapur,AP
2022-12-08,0.0,30.1,19.6,4.98,0.038,Anantapur,AP
2022-12-09,11.6,26.0,20.1,2.73,0.091,Anantapur,AP
2022-12-10,29.6,22.9,19.2,1.21,0.362,Anantapur,AP
2022-12-11,14.1,25.7,20.7,2.08,0.377,Anantapur,AP
2022-12-12,9.3,25.9,21.3,1.73,0.395,Anantapur,AP
2022-12-13,5.1,26.4,21.7,2.17,0.398,Anantapur,AP
2022-12-14,4.8,28.0,20.1,3.09,0.374,Anantapur,AP
2022-12-15,0.0,27.9,18.6,3.72,0.374,Anantapur,AP
2022-12-16,0.0,28.9,16.8,3.95,0.334,Anantapur,AP
2022-12-17,0.0,29.0,18.6,3.88,0.299,Anantapur,AP
2022-12-18,0.0,28.5,19.8,3.67,0.275,Anantapur,AP
2022-12-19,0.2,27.1,19.5,3.78,0.256,Anantapur,AP
2022-12-20,0.0,27.8,17.0,3.99,0.234,Anantapur,AP
2022-12-21,0.0,28.3,17.1,3.91,0.207,Anantapur,AP
2022-12-22,0.0,28.3,16.2,3.9,0.186,Anantapur,AP
2022-12-23,0.0,28.6,17.1,4.07,0.164,Anantapur,AP
2022-12-24,0.0,28.7,15.8,4.13,0.14,Anantapur,AP
2022-12-25,2.9,28.3,18.6,2.63,0.135,Anantapur,AP
2022-12-26,0.3,29.5,21.3,2.82,0.151,Anantapur,AP
2022-12-27,0.1,29.6,21.3,3.26,0.138,Anantapur,AP
2022-12-28,0.0,30.9,20.5,4.14,0.121,Anantapur,AP
2022-12-29,0.0,31.0,19.7,4.2,0.096,Anantapur,AP
2022-12-30,0.0,31.1,19.0,4.46,0.075,Anantapur,AP
2022-12-31,0.0,30.6,19.1,4.25,0.059,Anantapur,AP
2023-01-01,0.0,31.2,19.1,4.52,0.048,Anantapur,AP
2023-01-02,0.0,31.1,19.1,4.99,0.043,Anantapur,AP
2023-01-03,0.0,30.4,18.9,4.54,0.041,Anantapur,AP
2023-01-04,0.0,30.4,18.9,4.89,0.042,Anantapur,AP
2023-01-05,0.0,30.2,19.4,4.68,0.042,Anantapur,AP
2023-01-06,0.0,30.1,19.5,4.35,0.044,Anantapur,AP
2023-01-07,0.0,29.3,18.6,3.86,0.049,Anantapur,AP
2023-01-08,0.0,28.9,18.9,4.6,0.05,Anantapur,AP
2023-01-09,0.0,28.6,15.6,4.68,0.045,Anantapur,AP
2023-01-10,0.0,29.4,15.3,4.68,0.039,Anantapur,AP
2023-01-11,0.0,30.4,16.1,4.62,0.034,Anantapur,AP
2023-01-12,0.0,31.5,16.3,5.11,0.032,Anantapur,AP
2023-01-13,0.0,31.3,16.1,5.19,0.028,Anantapur,AP
2023-01-14,0.0,31.1,16.6,4.88,0.029,Anantapur,AP
2023-01-15,0.0,31.7,16.6,5.34,0.029,Anantapur,AP
2023-01-16,0.0,31.8,16.6,5.13,0.024,Anantapur,AP
2023-01-17,0.0,31.4,16.8,5.32,0.021,Anantapur,AP
2023-01-18,0.0,31.5,17.6,5.32,0.023,Anantapur,AP
2023-01-19,0.0,30.8,17.8,5.32,0.029,Anantapur,AP
2023-01-20,0.0,30.6,17.8,5.12,0.032,Anantapur,AP
2023-01-21,0.0,30.5,19.5,4.91,0.035,Anantapur,AP
2023-01-22,0.0,31.0,19.1,5.51,0.035,Anantapur,AP
2023-01-23,0.0,33.3,18.8,5.44,0.037,Anantapur,AP
2023-01-24,0.0,31.3,20.3,4.86,0.038,Anantapur,AP
2023-01-25,0.0,31.1,19.7,5.57,0.037,Anantapur,AP
2023-01-26,0.0,31.0,18.6,5.31,0.036,Anantapur,AP
2023-01-27,0.0,31.0,18.2,5.41,0.037,Anantapur,AP
2023-01-28,0.0,31.5,17.1,5.75,0.037,Anantapur,AP
2023-01-29,0.0,31.3,17.5,5.96,0.036,Anantapur,AP
2023-01-30,0.1,31.0,20.4,4.41,0.034,Anantapur,AP
2023-01-31,0.0,31.9,20.5,5.27,0.037,Anantapur,AP
2023-02-01,0.0,32.1,19.4,5.45,0.041,Anantapur,AP
2023-02-02,0.0,31.9,19.2,5.72,0.04,Anantapur,AP
2023-02-03,0.0,30.6,19.7,4.87,0.039,Anantapur,AP
2023-02-04,0.0,32.4,20.4,5.49,0.033,Anantapur,AP
2023-02-05,0.0,33.6,21.0,5.69,0.029,Anantapur,AP
2023-02-06,0.0,33.1,20.6,5.65,0.03,Anantapur,AP
2023-02-07,0.0,33.4,20.8,5.58,0.03,Anantapur,AP
2023-02-08,0.0,34.3,21.4,6.13,0.033,Anantapur,AP
2023-02-09,0.0,34.1,21.4,5.94,0.034,Anantapur,AP
2023-02-10,0.0,34.6,20.8,6.26,0.034,Anantapur,AP
2023-02-11,0.0,34.1,19.7,5.99,0.037,Anantapur,AP
2023-02-12,0.0,35.0,19.6,6.33,0.037,Anantapur,AP
2023-02-13,0.0,34.5,20.3,6.25,0.035,Anantapur,AP
2023-02-14,0.0,33.4,19.6,5.83,0.035,Anantapur,AP
2023-02-15,0.0,34.1,18.0,6.13,0.035,Anantapur,AP
2023-02-16,0.0,34.6,19.1,6.32,0.035,Anantapur,AP
2023-02-17,0.0,34.4,19.6,6.14,0.034,Anantapur,AP
2023-02-18,0.0,33.5,19.8,6.32,0.034,Anantapur,AP
2023-02-19,0.0,33.4,20.7,6.35,0.036,Anantapur,AP
2023-02-20,0.0,33.6,20.5,5.85,0.041,Anantapur,AP
2023-02-21,0.0,34.7,20.1,6.14,0.036,Anantapur,AP
2023-02-22,0.0,35.3,20.8,6.94,0.034,Anantapur,AP
2023-02-23,0.0,35.4,20.5,7.24,0.034,Anantapur,AP
2023-02-24,0.0,35.1,19.8,7.13,0.034,Anantapur,AP
2023-02-25,0.0,35.8,20.5,7.29,0.034,Anantapur,AP
2023-02-26,0.0,35.2,20.6,7.67,0.034,Anantapur,AP
2023-02-27,0.0,34.9,19.9,7.65,0.035,Anantapur,AP
2023-02-28,0.0,34.2,19.2,7.64,0.036,Anantapur,AP
2023-03-01,0.0,34.1,20.5,7.16,0.035,Anantapur,AP
2023-03-02,0.0,34.7,19.4,7.83,0.035,Anantapur,AP
2023-03-03,0.0,35.2,19.0,8.01,0.034,Anantapur,AP
2023-03-04,0.0,35.6,19.7,8.07,0.034,Anantapur,AP
2023-03-05,0.0,35.6,20.3,7.53,0.034,Anantapur,AP
2023-03-06,0.0,35.9,20.8,8.46,0.034,Anantapur,AP
2023-03-07,0.0,35.4,19.2,7.46,0.034,Anantapur,AP
2023-03-08,0.0,35.1,20.9,7.86,0.034,Anantapur,AP
2023-03-09,0.0,33.9,20.4,6.63,0.034,Anantapur,AP
2023-03-10,0.0,35.2,19.9,7.38,0.033,Anantapur,AP
2023-03-11,0.0,34.9,21.0,7.58,0.03,Anantapur,AP
2023-03-12,0.0,35.7,20.9,7.65,0.03,Anantapur,AP
2023-03-13,0.0,35.9,20.9,7.14,0.03,Anantapur,AP
2023-03-14,0.0,36.0,22.4,6.6,0.037,Anantapur,AP
2023-03-15,0.0,36.9,23.5,6.47,0.034,Anantapur,AP
2023-03-16,0.8,35.3,24.1,5.95,0.037,Anantapur,AP
2023-03-17,0.0,33.7,23.9,5.6,0.044,Anantapur,AP
2023-03-18,3.2,34.3,23.1,5.12,0.046,Anantapur,AP
2023-03-19,0.0,35.1,23.8,6.82,0.034,Anantapur,AP
2023-03-20,0.0,35.2,23.2,7.85,0.025,Anantapur,AP
2023-03-21,0.0,35.6,22.7,7.09,0.017,Anantapur,AP
2023-03-22,0.0,37.2,22.5,7.91,0.011,Anantapur,AP
2023-03-23,0.0,38.4,24.9,7.99,0.009,Anantapur,AP
2023-03-24,0.0,38.0,24.2,6.32,0.002,Anantapur,AP
2023-03-25,0.0,38.3,25.5,7.05,-0.0,Anantapur,AP
2023-03-26,0.0,38.6,26.7,7.77,-0.0,Anantapur,AP
2023-03-27,0.0,38.5,26.3,8.17,0.001,Anantapur,AP
2023-03-28,0.0,38.0,24.8,7.25,0.001,Anantapur,AP
2023-03-29,0.0,37.7,25.7,6.35,0.004,Anantapur,AP
2023-03-30,0.0,38.4,27.5,7.84,0.009,Anantapur,AP
2023-03-31,0.0,38.2,27.4,7.8,0.008,Anantapur,AP
2023-04-01,0.0,38.5,26.7,8.05,0.006,Anantapur,AP
2023-04-02,0.0,39.3,26.6,7.88,0.004,Anantapur,AP
2023-04-03,0.0,38.3,24.8,7.14,0.0,Anantapur,AP
2023-04-04,0.0,38.5,26.7,6.86,-0.0,Anantapur,AP
2023-04-05,0.0,38.5,26.8,7.48,-0.0,Anantapur,AP
2023-04-06,0.0,38.6,27.9,7.16,0.0,Anantapur,AP
2023-04-07,0.0,38.5,26.9,8.05,0.0,Anantapur,AP
2023-04-08,0.0,38.4,26.0,8.28,0.0,Anantapur,AP
2023-04-09,0.0,37.7,23.7,8.43,-0.0,Anantapur,AP
2023-04-10,0.0,38.8,26.0,8.75,0.001,Anantapur,AP
2023-04-11,0.0,39.2,24.0,8.6,0.006,Anantapur,AP
2023-04-12,0.0,40.5,23.9,8.95,0.004,Anantapur,AP
2023-04-13,0.0,41.2,25.5,8.46,0.0,Anantapur,AP
2023-04-14,0.0,40.9,26.9,8.2,0.001,Anantapur,AP
2023-04-15,0.0,40.0,26.7,8.07,0.001,Anantapur,AP
2023-04-16,0.0,41.7,25.5,8.45,0.002,Anantapur,AP
2023-04-17,0.0,41.2,26.6,8.96,0.002,Anantapur,AP
2023-04-18,0.0,41.5,25.5,8.36,0.0,Anantapur,AP
2023-04-19,0.0,41.5,25.1,8.88,0.0,Anantapur,AP
2023-04-20,0.0,41.0,26.0,8.12,0.002,Anantapur,AP
2023-04-21,0.0,39.1,27.7,7.3,0.004,Anantapur,AP
2023-04-22,0.0,38.4,27.6,6.68,0.007,Anantapur,AP
2023-04-23,0.0,39.9,27.5,9.0,0.005,Anantapur,AP
2023-04-24,0.0,38.8,27.3,8.14,0.005,Anantapur,AP
2023-04-25,0.1,37.6,28.2,7.14,0.002,Anantapur,AP
2023-04-26,0.2,36.3,25.2,6.36,0.005,Anantapur,AP
2023-04-27,0.0,37.6,27.9,7.19,0.004,Anantapur,AP
2023-04-28,0.3,38.7,26.5,7.43,0.001,Anantapur,AP
2023-04-29,8.0,34.9,24.9,5.73,0.107,Anantapur,AP
2023-04-30,4.5,32.8,24.1,4.46,0.19,Anantapur,AP
2023-05-01,0.1,33.0,24.2,5.64,0.248,Anantapur,AP
2023-05-02,1.0,34.0,24.8,5.3,0.204,Anantapur,AP
2023-05-03,0.0,32.8,24.8,4.24,0.162,Anantapur,AP
2023-05-04,2.1,33.3,23.5,5.4,0.153,Anantapur,AP
2023-05-05,0.4,32.9,23.9,3.61,0.111,Anantapur,AP
2023-05-06,0.2,35.8,24.7,6.33,0.068,Anantapur,AP
2023-05-07,0.5,34.7,25.5,4.85,0.047,Anantapur,AP
2023-05-08,13.4,36.7,24.9,5.96,0.057,Anantapur,AP
2023-05-09,4.0,35.3,24.5,5.75,0.18,Anantapur,AP
2023-05-10,10.1,36.9,24.4,5.62,0.142,Anantapur,AP
2023-05-11,1.5,36.4,25.5,5.75,0.099,Anantapur,AP
2023-05-12,0.0,39.5,26.1,7.47,0.055,Anantapur,AP
2023-05-13,0.0,38.7,26.9,7.78,0.037,Anantapur,AP
2023-05-14,0.0,39.8,26.1,7.99,0.03,Anantapur,AP
2023-05-15,0.0,39.7,26.6,8.55,0.033,Anantapur,AP
2023-05-16,0.0,40.2,26.9,7.58,0.032,Anantapur,AP
2023-05-17,0.0,40.9,27.0,7.46,0.03,Anantapur,AP
2023-05-18,0.0,40.8,28.0,7.92,0.028,Anantapur,AP
2023-05-19,0.0,41.3,28.3,7.72,0.026,Anantapur,AP
2023-05-20,0.2,39.4,28.6,6.99,0.025,Anantapur,AP
2023-05-21,1.1,38.7,27.4,6.85,0.027,Anantapur,AP
2023-05-22,0.0,37.9,26.0,6.35,0.027,Anantapur,AP
2023-05-23,0.0,39.1,27.4,6.98,0.03,Anantapur,AP
2023-05-24,0.1,39.1,27.8,8.01,0.031,Anantapur,AP
2023-05-25,0.0,38.4,27.6,8.05,0.032,Anantapur,AP
2023-05-26,0.0,38.8,26.7,8.35,0.033,Anantapur,AP
2023-05-27,0.0,38.3,27.4,7.65,0.033,Anantapur,AP
2023-05-28,0.0,39.2,28.0,7.96,0.032,Anantapur,AP
2023-05-29,3.1,39.5,29.1,6.82,0.033,Anantapur,AP
2023-05-30,4.6,37.0,26.1,5.46,0.083,Anantapur,AP
2023-05-31,0.4,36.6,25.6,5.88,0.152,Anantapur,AP
2023-06-01,0.1,36.4,26.5,6.23,0.11,Anantapur,AP
2023-06-02,0.0,37.9,26.7,7.15,0.069,Anantapur,AP
2023-06-03,0.0,39.6,27.3,7.74,0.039,Anantapur,AP
2023-06-04,1.6,36.7,27.7,5.7,0.037,Anantapur,AP
2023-06-05,0.0,38.2,25.8,8.19,0.035,Anantapur,AP
2023-06-06,0.0,38.8,27.2,8.43,0.025,Anantapur,AP
2023-06-07,0.0,38.4,27.9,7.91,0.022,Anantapur,AP
2023-06-08,0.0,39.5,27.5,8.21,0.025,Anantapur,AP
2023-06-09,0.1,39.3,26.8,8.74,0.028,Anantapur,AP
2023-06-10,0.0,36.5,26.2,7.45,0.148,Anantapur,AP
2023-06-11,0.3,36.8,26.2,7.27,0.123,Anantapur,AP
2023-06-12,0.0,38.3,26.2,8.06,0.072,Anantapur,AP
2023-06-13,0.0,39.0,26.2,8.81,0.041,Anantapur,AP
2023-06-14,0.0,38.9,26.3,8.97,0.038,Anantapur,AP
2023-06-15,0.0,39.0,26.2,8.96,0.034,Anantapur,AP
2023-06-16,0.0,39.3,26.7,9.47,0.032,Anantapur,AP
2023-06-17,0.0,38.7,26.4,8.44,0.034,Anantapur,AP
2023-06-18,1.7,38.1,26.8,7.89,0.039,Anantapur,AP
2023-06-19,0.0,37.3,27.1,6.68,0.048,Anantapur,AP
2023-06-20,7.8,36.9,26.9,5.26,0.063,Anantapur,AP
2023-06-21,0.1,36.4,26.6,5.9,0.081,Anantapur,AP
2023-06-22,0.7,35.5,26.0,5.54,0.072,Anantapur,AP
2023-06-23,0.2,34.6,25.3,5.77,0.07,Anantapur,AP
2023-06-24,1.1,33.9,25.1,5.79,0.06,Anantapur,AP
2023-06-25,1.6,35.0,24.6,5.77,0.063,Anantapur,AP
2023-06-26,0.1,33.9,24.5,6.49,0.068,Anantapur,AP
2023-06-27,2.8,34.6,24.4,6.32,0.047,Anantapur,AP
2023-06-28,0.1,35.9,25.3,7.17,0.033,Anantapur,AP
2023-06-29,1.5,35.9,25.2,7.33,0.052,Anantapur,AP
2023-06-30,0.3,35.4,24.6,7.16,0.087,Anantapur,AP
2023-07-01,0.2,35.8,25.3,7.38,0.056,Anantapur,AP
2023-07-02,1.5,36.3,25.8,6.84,0.071,Anantapur,AP
2023-07-03,0.9,32.8,24.7,5.51,0.13,Anantapur,AP
2023-07-04,5.6,31.1,24.6,4.32,0.144,Anantapur,AP
2023-07-05,13.6,30.2,24.2,3.64,0.319,Anantapur,AP
2023-07-06,0.1,27.9,24.3,3.57,0.296,Anantapur,AP
2023-07-07,0.3,32.2,23.6,4.85,0.24,Anantapur,AP
2023-07-08,1.4,30.7,24.3,4.7,0.191,Anantapur,AP
2023-07-09,0.1,31.4,23.9,4.89,0.145,Anantapur,AP
2023-07-10,0.5,32.3,24.7,4.5,0.117,Anantapur,AP
2023-07-11,2.8,32.5,24.7,4.24,0.143,Anantapur,AP
2023-07-12,3.5,32.8,24.0,5.0,0.123,Anantapur,AP
2023-07-13,0.3,33.1,23.9,5.21,0.089,Anantapur,AP
2023-07-14,0.0,33.2,24.5,5.81,0.055,Anantapur,AP
2023-07-15,0.8,34.2,24.3,6.53,0.037,Anantapur,AP
2023-07-16,0.0,33.2,24.6,5.6,0.035,Anantapur,AP
2023-07-17,0.5,34.3,24.8,6.07,0.035,Anantapur,AP
2023-07-18,0.7,32.2,25.2,5.49,0.041,Anantapur,AP
2023-07-19,5.2,28.7,24.0,3.73,0.073,Anantapur,AP
2023-07-20,1.2,30.0,24.0,4.19,0.081,Anantapur,AP
2023-07-21,2.7,29.6,24.0,4.67,0.08,Anantapur,AP
2023-07-22,2.4,29.1,24.5,4.22,0.11,Anantapur,AP
2023-07-23,2.6,30.0,24.2,4.73,0.145,Anantapur,AP
2023-07-24,13.8,30.2,23.7,4.13,0.204,Anantapur,AP
2023-07-25,24.9,25.9,23.6,2.13,0.329,Anantapur,AP
2023-07-26,26.9,26.4,23.4,2.4,0.4,Anantapur,AP
2023-07-27,2.2,28.4,23.5,3.77,0.366,Anantapur,AP
2023-07-28,0.7,31.9,23.1,5.69,0.304,Anantapur,AP
2023-07-29,0.7,31.4,23.3,5.77,0.258,Anantapur,AP
2023-07-30,0.4,32.1,23.1,5.65,0.222,Anantapur,AP
2023-07-31,0.7,32.7,23.8,6.23,0.185,Anantapur,AP
2023-08-01,0.3,32.7,24.2,6.32,0.141,Anantapur,AP
2023-08-02,0.2,32.5,24.0,6.13,0.109,Anantapur,AP
2023-08-03,1.2,32.7,24.3,6.55,0.089,Anantapur,AP
2023-08-04,1.3,33.0,24.0,6.61,0.068,Anantapur,AP
2023-08-05,0.1,33.9,23.6,6.91,0.051,Anantapur,AP
2023-08-06,0.3,34.6,24.2,7.17,0.044,Anantapur,AP
2023-08-07,0.0,35.3,24.2,7.14,0.036,Anantapur,AP
2023-08-08,0.0,34.8,24.4,6.64,0.033,Anantapur,AP
2023-08-09,1.0,35.1,24.8,6.7,0.035,Anantapur,AP
2023-08-10,3.6,34.1,23.9,5.36,0.082,Anantapur,AP
2023-08-11,0.4,33.3,24.2,5.39,0.134,Anantapur,AP
2023-08-12,0.1,34.7,24.7,6.7,0.078,Anantapur,AP
2023-08-13,0.0,34.6,24.5,7.1,0.047,Anantapur,AP
2023-08-14,0.0,35.2,24.9,7.41,0.032,Anantapur,AP
2023-08-15,0.0,35.9,24.6,7.38,0.028,Anantapur,AP
2023-08-16,0.3,35.5,25.0,7.34,0.031,Anantapur,AP
2023-08-17,0.3,35.5,25.3,7.79,0.03,Anantapur,AP
2023-08-18,0.2,34.6,25.1,7.51,0.028,Anantapur,AP
2023-08-19,2.2,33.3,24.9,6.19,0.037,Anantapur,AP
2023-08-20,0.0,35.7,24.1,7.36,0.041,Anantapur,AP
2023-08-21,0.0,35.6,24.9,7.48,0.031,Anantapur,AP
2023-08-22,0.2,37.3,26.4,7.51,0.026,Anantapur,AP
2023-08-23,0.0,37.3,26.1,7.95,0.024,Anantapur,AP
2023-08-24,0.0,37.1,25.3,8.01,0.025,Anantapur,AP
2023-08-25,0.8,37.4,25.6,7.94,0.027,Anantapur,AP
2023-08-26,7.7,35.5,25.9,5.61,0.033,Anantapur,AP
2023-08-27,0.0,35.6,25.4,6.95,0.05,Anantapur,AP
2023-08-28,0.0,37.0,25.5,8.11,0.031,Anantapur,AP
2023-08-29,4.3,37.0,24.3,7.61,0.032,Anantapur,AP
2023-08-30,2.6,33.5,25.3,5.27,0.041,Anantapur,AP
2023-08-31,5.5,36.6,24.2,5.91,0.034,Anantapur,AP
2023-09-01,0.9,37.0,23.9,6.84,0.038,Anantapur,AP
2023-09-02,3.4,36.4,25.7,6.2,0.029,Anantapur,AP
2023-09-03,9.2,31.3,24.2,3.81,0.146,Anantapur,AP
2023-09-04,28.0,27.1,23.5,2.36,0.334,Anantapur,AP
2023-09-05,4.0,28.4,23.5,3.15,0.337,Anantapur,AP
2023-09-06,0.0,32.6,23.5,5.93,0.296,Anantapur,AP
2023-09-07,0.0,32.9,23.3,6.17,0.218,Anantapur,AP
2023-09-08,0.1,32.7,23.5,5.98,0.16,Anantapur,AP
2023-09-09,0.3,34.3,24.2,6.74,0.11,Anantapur,AP
2023-09-10,0.3,34.0,24.6,6.02,0.069,Anantapur,AP
2023-09-11,0.6,33.7,24.1,5.93,0.065,Anantapur,AP
2023-09-12,0.6,33.8,24.7,6.22,0.055,Anantapur,AP
2023-09-13,2.3,34.4,24.7,6.7,0.04,Anantapur,AP
2023-09-14,0.4,34.9,24.2,7.05,0.032,Anantapur,AP
2023-09-15,2.7,36.1,24.3,6.01,0.059,Anantapur,AP
2023-09-16,0.4,35.0,24.5,6.44,0.11,Anantapur,AP
2023-09-17,0.4,33.0,24.1,5.17,0.105,Anantapur,AP
2023-09-18,5.8,34.7,24.0,5.93,0.088,Anantapur,AP
2023-09-19,0.6,35.8,24.2,6.67,0.059,Anantapur,AP
2023-09-20,2.1,35.3,24.6,6.16,0.036,Anantapur,AP
2023-09-21,2.7,34.1,24.9,5.18,0.092,Anantapur,AP
2023-09-22,7.6,32.2,24.5,4.61,0.199,Anantapur,AP
2023-09-23,34.9,32.9,23.6,5.18,0.224,Anantapur,AP
2023-09-24,23.2,31.8,23.2,4.54,0.348,Anantapur,AP
2023-09-25,10.7,31.9,23.7,4.69,0.356,Anantapur,AP
2023-09-26,0.3,31.7,23.7,5.3,0.282,Anantapur,AP
2023-09-27,2.9,31.7,24.0,4.81,0.214,Anantapur,AP
2023-09-28,19.8,32.3,23.4,5.02,0.237,Anantapur,AP
2023-09-29,2.4,31.6,23.4,4.87,0.335,Anantapur,AP
2023-09-30,4.0,32.9,23.3,5.02,0.32,Anantapur,AP
2023-10-01,0.6,33.2,23.7,5.33,0.282,Anantapur,AP
2023-10-02,1.7,31.8,23.8,4.66,0.223,Anantapur,AP
2023-10-03,0.0,33.0,23.4,5.47,0.179,Anantapur,AP
2023-10-04,0.1,32.7,23.8,5.09,0.132,Anantapur,AP
2023-10-05,0.1,34.2,24.1,5.57,0.094,Anantapur,AP
2023-10-06,0.0,34.7,24.2,5.58,0.055,Anantapur,AP
2023-10-07,0.0,35.9,24.4,5.85,0.034,Anantapur,AP
2023-10-08,0.0,36.5,24.0,5.44,0.023,Anantapur,AP
2023-10-09,0.0,37.0,25.1,6.39,0.011,Anantapur,AP
2023-10-10,0.1,37.1,25.9,6.22,0.003,Anantapur,AP
2023-10-11,0.1,37.1,26.1,6.82,0.001,Anantapur,AP
2023-10-12,0.0,38.6,26.6,7.49,0.001,Anantapur,AP
2023-10-13,0.0,36.4,24.9,7.55,0.005,Anantapur,AP
2023-10-14,0.0,36.2,24.3,7.52,0.004,Anantapur,AP
2023-10-15,0.0,36.4,25.7,6.46,0.0,Anantapur,AP
2023-10-16,1.1,36.5,26.7,6.95,0.001,Anantapur,AP
2023-10-17,0.0,37.3,25.8,6.89,0.0,Anantapur,AP
2023-10-18,0.0,35.9,25.1,6.89,0.0,Anantapur,AP
2023-10-19,0.0,37.0,24.5,7.12,0.0,Anantapur,AP
2023-10-20,0.0,35.9,24.9,6.94,0.0,Anantapur,AP
2023-10-21,0.1,36.1,25.5,6.55,0.0,Anantapur,AP
2023-10-22,0.0,37.1,24.5,6.77,0.001,Anantapur,AP
2023-10-23,0.0,35.3,23.8,7.04,0.004,Anantapur,AP
2023-10-24,0.0,36.0,22.5,6.92,0.007,Anantapur,AP
2023-10-25,0.0,35.7,21.7,6.55,0.009,Anantapur,AP
2023-10-26,0.0,35.2,22.2,6.81,0.012,Anantapur,AP
2023-10-27,0.0,35.2,21.9,6.46,0.015,Anantapur,AP
2023-10-28,0.9,34.7,24.6,5.79,0.02,Anantapur,AP
2023-10-29,1.3,34.5,24.8,5.96,0.023,Anantapur,AP
2023-10-30,1.6,34.3,24.5,5.51,0.036,Anantapur,AP
2023-10-31,0.1,33.9,23.8,5.55,0.028,Anantapur,AP
2023-11-01,1.5,34.7,23.7,5.42,0.029,Anantapur,AP
2023-11-02,0.1,34.4,23.7,5.51,0.034,Anantapur,AP
2023-11-03,0.1,34.7,24.1,5.7,0.03,Anantapur,AP
2023-11-04,0.5,34.0,24.0,5.18,0.03,Anantapur,AP
2023-11-05,13.2,33.8,23.8,4.54,0.052,Anantapur,AP
2023-11-06,22.4,30.2,23.3,3.31,0.334,Anantapur,AP
2023-11-07,7.6,29.6,22.9,3.43,0.345,Anantapur,AP
2023-11-08,7.3,30.6,22.7,3.86,0.345,Anantapur,AP
2023-11-09,6.0,29.7,22.3,3.47,0.356,Anantapur,AP
2023-11-10,0.0,30.5,22.0,4.72,0.289,Anantapur,AP
2023-11-11,0.0,30.5,20.8,4.85,0.237,Anantapur,AP
2023-11-12,0.0,30.9,20.7,5.08,0.195,Anantapur,AP
2023-11-13,0.0,31.8,20.6,4.87,0.161,Anantapur,AP
2023-11-14,0.0,29.3,20.4,3.55,0.139,Anantapur,AP
2023-11-15,0.5,30.6,22.0,4.25,0.121,Anantapur,AP
2023-11-16,0.0,32.6,21.9,4.31,0.094,Anantapur,AP
2023-11-17,0.0,32.9,22.2,4.95,0.072,Anantapur,AP
2023-11-18,0.0,32.1,22.6,4.98,0.053,Anantapur,AP
2023-11-19,0.0,33.1,21.9,5.35,0.043,Anantapur,AP
2023-11-20,0.0,32.7,21.6,4.84,0.037,Anantapur,AP
2023-11-21,0.3,32.1,22.9,4.3,0.033,Anantapur,AP
2023-11-22,2.4,31.7,23.8,4.01,0.042,Anantapur,AP
2023-11-23,2.8,31.2,23.1,3.62,0.057,Anantapur,AP
2023-11-24,1.4,31.6,23.4,3.91,0.058,Anantapur,AP
2023-11-25,1.0,31.1,22.9,4.4,0.06,Anantapur,AP
2023-11-26,0.2,31.7,22.4,4.69,0.052,Anantapur,AP
2023-11-27,1.7,31.8,22.3,3.89,0.048,Anantapur,AP
2023-11-28,0.5,32.2,22.6,4.16,0.055,Anantapur,AP
2023-11-29,0.2,32.4,22.2,4.55,0.04,Anantapur,AP
2023-11-30,4.8,31.2,22.3,3.65,0.055,Anantapur,AP
2023-12-01,2.1,30.1,21.6,3.38,0.086,Anantapur,AP
2023-12-02,0.4,30.7,21.1,3.67,0.187,Anantapur,AP
2023-12-03,0.5,30.2,21.6,3.44,0.21,Anantapur,AP
2023-12-04,0.3,29.0,22.3,3.13,0.186,Anantapur,AP
2023-12-05,1.0,29.8,23.2,3.19,0.162,Anantapur,AP
2023-12-06,0.0,31.6,21.4,4.05,0.131,Anantapur,AP
2023-12-07,0.7,31.2,21.9,3.89,0.1,Anantapur,AP
2023-12-08,1.0,30.9,22.2,4.01,0.079,Anantapur,AP
2023-12-09,0.5,30.7,23.5,4.07,0.061,Anantapur,AP
2023-12-10,0.0,31.0,22.5,4.1,0.044,Anantapur,AP
2023-12-11,0.0,31.0,21.0,4.56,0.033,Anantapur,AP
2023-12-12,0.0,31.1,19.8,4.84,0.027,Anantapur,AP
2023-12-13,0.0,30.5,18.5,4.86,0.023,Anantapur,AP
2023-12-14,0.0,29.7,18.9,4.78,0.023,Anantapur,AP
2023-12-15,0.0,28.7,19.5,3.65,0.026,Anantapur,AP
2023-12-16,0.2,28.8,21.6,3.0,0.031,Anantapur,AP
2023-12-17,0.1,30.6,21.8,4.04,0.034,Anantapur,AP
2023-12-18,0.2,30.5,21.7,4.28,0.034,Anantapur,AP
2023-12-19,0.0,30.1,20.1,4.56,0.031,Anantapur,AP
2023-12-20,0.1,30.0,19.0,4.26,0.031,Anantapur,AP
2023-12-21,0.0,30.8,18.8,4.47,0.028,Anantapur,AP
2023-12-22,0.0,31.0,19.0,4.36,0.025,Anantapur,AP
2023-12-23,0.0,30.2,19.0,4.91,0.024,Anantapur,AP
2023-12-24,0.0,31.0,16.8,4.66,0.023,Anantapur,AP
2023-12-25,0.0,31.7,18.8,5.09,0.025,Anantapur,AP
2023-12-26,0.0,30.6,16.9,4.82,0.023,Anantapur,AP
2023-12-27,0.0,30.6,17.3,4.91,0.02,Anantapur,AP
2023-12-28,0.0,31.3,17.6,5.14,0.018,Anantapur,AP
2023-12-29,0.0,30.4,18.1,4.66,0.016,Anantapur,AP
2023-12-30,0.0,31.6,20.3,4.74,0.017,Anantapur,AP
2023-12-31,0.0,31.2,18.3,5.24,0.019,Anantapur,AP
2024-01-01,0.0,31.1,18.8,5.0,0.024,Anantapur,AP
2024-01-02,0.0,31.6,19.7,5.38,0.025,Anantapur,AP
2024-01-03,0.0,29.8,21.1,4.44,0.029,Anantapur,AP
2024-01-04,0.7,29.5,21.7,3.36,0.036,Anantapur,AP
2024-01-05,0.0,31.1,20.1,4.94,0.036,Anantapur,AP
2024-01-06,0.0,32.0,20.7,4.99,0.03,Anantapur,AP
2024-01-07,0.0,31.1,20.7,5.0,0.025,Anantapur,AP
2024-01-08,0.1,27.6,21.5,2.62,0.028,Anantapur,AP
2024-01-09,0.2,31.2,20.0,4.3,0.035,Anantapur,AP
2024-01-10,0.0,31.0,19.4,4.96,0.034,Anantapur,AP
2024-01-11,0.0,31.8,19.9,5.07,0.027,Anantapur,AP
2024-01-12,0.0,32.7,19.4,6.0,0.023,Anantapur,AP
2024-01-13,0.0,32.9,20.0,4.78,0.023,Anantapur,AP
2024-01-14,0.0,33.0,21.0,5.28,0.023,Anantapur,AP
2024-01-15,0.0,32.9,20.5,5.27,0.024,Anantapur,AP
2024-01-16,0.0,33.1,20.4,5.41,0.022,Anantapur,AP
2024-01-17,0.0,32.7,20.7,5.55,0.024,Anantapur,AP
2024-01-18,0.0,32.2,21.0,5.12,0.024,Anantapur,AP
2024-01-19,0.0,33.2,21.6,5.35,0.022,Anantapur,AP
2024-01-20,0.0,33.4,21.0,5.83,0.023,Anantapur,AP
2024-01-21,0.0,33.9,20.9,5.47,0.025,Anantapur,AP
2024-01-22,0.0,34.6,21.4,5.76,0.025,Anantapur,AP
2024-01-23,0.0,34.3,22.3,5.64,0.026,Anantapur,AP
2024-01-24,0.0,34.0,22.8,5.7,0.025,Anantapur,AP
2024-01-25,0.0,33.9,23.1,5.59,0.025,Anantapur,AP
2024-01-26,0.0,33.2,21.2,5.92,0.021,Anantapur,AP
2024-01-27,0.0,32.4,20.5,5.77,0.025,Anantapur,AP
2024-01-28,0.0,32.5,20.8,5.77,0.023,Anantapur,AP
2024-01-29,0.0,31.7,20.5,5.58,0.022,Anantapur,AP
2024-01-30,0.0,32.7,19.3,5.81,0.024,Anantapur,AP
2024-01-31,0.0,33.6,19.7,5.23,0.024,Anantapur,AP
2024-02-01,0.0,34.1,21.0,5.32,0.02,Anantapur,AP
2024-02-02,0.0,33.8,21.0,5.03,0.024,Anantapur,AP
2024-02-03,0.0,34.7,23.1,5.84,0.026,Anantapur,AP
2024-02-04,0.0,34.7,22.6,6.42,0.025,Anantapur,AP
2024-02-05,0.0,35.4,21.6,6.22,0.024,Anantapur,AP
2024-02-06,0.0,36.7,21.3,6.38,0.024,Anantapur,AP
2024-02-07,0.0,37.1,21.0,6.41,0.024,Anantapur,AP
2024-02-08,0.0,37.4,21.8,6.39,0.024,Anantapur,AP
2024-02-09,0.0,36.8,22.0,6.67,0.024,Anantapur,AP
2024-02-10,0.0,36.1,22.6,7.15,0.024,Anantapur,AP
2024-02-11,0.0,35.2,22.1,7.21,0.024,Anantapur,AP
2024-02-12,0.0,35.2,20.4,7.25,0.024,Anantapur,AP
2024-02-13,0.0,35.0,20.1,6.61,0.025,Anantapur,AP
2024-02-14,0.0,34.8,21.4,6.45,0.026,Anantapur,AP
2024-02-15,0.0,35.6,21.9,7.68,0.024,Anantapur,AP
2024-02-16,0.0,34.8,19.8,7.08,0.023,Anantapur,AP
2024-02-17,0.0,35.3,21.1,6.94,0.023,Anantapur,AP
2024-02-18,0.0,35.9,20.4,6.67,0.023,Anantapur,AP
2024-02-19,0.0,35.9,21.3,6.8,0.023,Anantapur,AP
2024-02-20,0.0,36.1,22.0,6.33,0.026,Anantapur,AP
2024-02-21,0.0,37.0,24.1,6.85,0.023,Anantapur,AP
2024-02-22,0.0,36.6,23.3,7.18,0.024,Anantapur,AP
2024-02-23,0.0,36.5,23.4,6.68,0.024,Anantapur,AP
2024-02-24,0.0,36.7,23.3,6.22,0.024,Anantapur,AP
2024-02-25,0.1,37.4,24.2,6.43,0.024,Anantapur,AP
2024-02-26,0.0,35.9,23.3,7.62,0.022,Anantapur,AP
2024-02-27,0.0,36.2,22.2,7.12,0.023,Anantapur,AP
2024-02-28,0.0,36.4,22.9,7.66,0.025,Anantapur,AP
2024-02-29,0.0,36.7,21.1,8.08,0.026,Anantapur,AP
2024-03-01,0.0,37.2,22.0,7.76,0.024,Anantapur,AP
2024-03-02,0.0,38.0,22.7,7.57,0.025,Anantapur,AP
2024-03-03,0.0,36.9,24.3,6.58,0.022,Anantapur,AP
2024-03-04,0.0,38.8,24.6,7.32,0.024,Anantapur,AP
2024-03-05,0.0,38.0,24.9,6.87,0.023,Anantapur,AP
2024-03-06,0.0,38.7,26.8,7.19,0.024,Anantapur,AP
2024-03-07,0.0,38.3,26.5,7.57,0.024,Anantapur,AP
2024-03-08,0.0,38.9,27.3,7.84,0.023,Anantapur,AP
2024-03-09,0.0,39.0,27.6,7.46,0.023,Anantapur,AP
2024-03-10,0.0,39.2,28.2,7.81,0.022,Anantapur,AP
2024-03-11,0.0,38.8,26.5,8.04,0.019,Anantapur,AP
2024-03-12,0.0,38.8,26.7,7.09,0.018,Anantapur,AP
2024-03-13,0.0,39.0,28.4,7.48,0.017,Anantapur,AP
2024-03-14,0.0,39.4,28.0,7.83,0.017,Anantapur,AP
2024-03-15,0.0,39.5,26.7,7.46,0.017,Anantapur,AP
2024-03-16,0.0,39.7,28.1,8.04,0.018,Anantapur,AP
2024-03-17,0.0,39.3,26.7,7.47,0.016,Anantapur,AP
2024-03-18,0.0,39.4,26.8,7.2,0.016,Anantapur,AP
2024-03-19,0.0,38.6,26.1,6.94,0.018,Anantapur,AP
2024-03-20,0.0,38.3,26.0,7.57,0.018,Anantapur,AP
2024-03-21,1.3,35.3,24.5,6.61,0.023,Anantapur,AP
2024-03-22,0.0,37.5,25.0,7.39,0.017,Anantapur,AP
2024-03-23,0.0,39.4,24.5,7.66,0.025,Anantapur,AP
2024-03-24,0.0,39.4,25.3,8.14,0.024,Anantapur,AP
2024-03-25,0.0,39.1,25.4,7.99,0.023,Anantapur,AP
2024-03-26,0.0,39.8,26.1,8.61,0.024,Anantapur,AP
2024-03-27,0.0,40.1,24.7,8.84,0.021,Anantapur,AP
2024-03-28,0.0,41.0,25.2,8.13,0.021,Anantapur,AP
2024-03-29,0.0,41.0,26.4,8.53,0.024,Anantapur,AP
2024-03-30,0.0,41.7,27.0,8.86,0.025,Anantapur,AP
2024-03-31,0.0,40.2,25.2,8.14,0.026,Anantapur,AP
2024-04-01,0.0,40.6,24.1,8.05,0.023,Anantapur,AP
2024-04-02,0.0,41.5,26.0,8.21,0.022,Anantapur,AP
2024-04-03,0.0,41.5,26.8,8.57,0.022,Anantapur,AP
2024-04-04,0.0,42.0,27.3,8.35,0.022,Anantapur,AP
2024-04-05,0.0,42.4,27.2,8.59,0.021,Anantapur,AP
2024-04-06,0.0,42.3,27.8,8.5,0.02,Anantapur,AP
2024-04-07,0.0,41.8,29.5,8.36,0.017,Anantapur,AP
2024-04-08,0.0,41.5,28.6,9.02,0.016,Anantapur,AP
2024-04-09,0.0,39.6,26.2,8.74,0.012,Anantapur,AP
2024-04-10,0.0,39.3,26.3,8.47,0.01,Anantapur,AP
2024-04-11,0.0,40.2,26.9,8.21,0.01,Anantapur,AP
2024-04-12,0.0,39.6,27.1,8.32,0.01,Anantapur,AP
2024-04-13,0.0,40.9,26.9,8.34,0.01,Anantapur,AP
2024-04-14,0.0,39.8,27.7,8.5,0.01,Anantapur,AP
2024-04-15,0.0,40.9,26.1,9.6,0.01,Anantapur,AP
2024-04-16,0.0,41.1,26.9,8.19,0.01,Anantapur,AP
2024-04-17,0.0,41.8,28.6,8.06,0.01,Anantapur,AP
2024-04-18,0.0,42.5,29.6,8.45,0.01,Anantapur,AP
2024-04-19,0.0,41.4,29.9,7.25,0.011,Anantapur,AP
2024-04-20,4.0,36.1,28.6,5.25,0.026,Anantapur,AP
2024-04-21,0.0,42.1,28.5,7.43,0.024,Anantapur,AP
2024-04-22,0.0,42.1,28.7,7.61,0.022,Anantapur,AP
2024-04-23,0.0,42.2,27.1,9.07,0.02,Anantapur,AP
2024-04-24,0.0,41.9,27.4,9.32,0.012,Anantapur,AP
2024-04-25,0.0,41.8,28.2,8.82,0.013,Anantapur,AP
2024-04-26,0.0,42.4,28.3,8.95,0.02,Anantapur,AP
2024-04-27,0.0,43.0,27.5,8.75,0.023,Anantapur,AP
2024-04-28,0.0,43.8,28.6,9.29,0.022,Anantapur,AP
2024-04-29,0.0,42.5,29.4,8.51,0.02,Anantapur,AP
2024-04-30,0.0,43.2,28.1,8.06,0.022,Anantapur,AP
2024-05-01,0.0,43.1,29.6,8.19,0.02,Anantapur,AP
2024-05-02,0.0,43.8,30.2,8.65,0.019,Anantapur,AP
2024-05-03,0.0,43.9,30.7,8.43,0.023,Anantapur,AP
2024-05-04,0.0,44.8,30.5,10.12,0.018,Anantapur,AP
2024-05-05,0.0,43.3,29.1,8.77,0.017,Anantapur,AP
2024-05-06,0.0,43.3,29.2,8.42,0.015,Anantapur,AP
2024-05-07,8.2,41.2,29.0,7.42,0.022,Anantapur,AP
2024-05-08,11.6,39.6,24.4,7.18,0.054,Anantapur,AP
2024-05-09,2.0,39.6,29.3,7.16,0.026,Anantapur,AP
2024-05-10,0.0,39.6,27.0,7.18,0.019,Anantapur,AP
2024-05-11,0.0,40.0,29.1,7.74,0.023,Anantapur,AP
2024-05-12,3.6,39.5,27.4,6.48,0.031,Anantapur,AP
2024-05-13,0.2,36.7,25.8,5.2,0.086,Anantapur,AP
2024-05-14,12.8,35.1,27.0,5.45,0.093,Anantapur,AP
2024-05-15,2.8,37.5,25.4,6.85,0.065,Anantapur,AP
2024-05-16,19.1,37.2,26.9,5.36,0.085,Anantapur,AP
2024-05-17,5.8,33.6,23.1,4.88,0.233,Anantapur,AP
2024-05-18,9.1,34.2,25.5,4.82,0.194,Anantapur,AP
2024-05-19,5.2,33.6,25.5,4.35,0.255,Anantapur,AP
2024-05-20,0.2,33.0,25.7,4.43,0.334,Anantapur,AP
2024-05-21,21.4,33.2,25.4,4.32,0.318,Anantapur,AP
2024-05-22,0.8,34.1,25.6,5.5,0.248,Anantapur,AP
2024-05-23,1.6,37.2,24.9,6.1,0.149,Anantapur,AP
2024-05-24,0.1,38.1,26.0,6.52,0.081,Anantapur,AP
2024-05-25,0.2,35.9,26.9,6.49,0.053,Anantapur,AP
2024-05-26,0.0,36.6,26.5,7.91,0.043,Anantapur,AP
2024-05-27,0.0,35.7,26.8,6.32,0.039,Anantapur,AP
2024-05-28,0.0,37.8,26.0,8.64,0.037,Anantapur,AP
2024-05-29,0.0,39.0,25.8,8.83,0.031,Anantapur,AP
2024-05-30,0.0,40.0,27.5,9.0,0.027,Anantapur,AP
2024-05-31,0.0,40.4,27.5,8.09,0.025,Anantapur,AP
2024-06-01,0.0,40.2,28.2,7.67,0.023,Anantapur,AP
2024-06-02,0.4,34.8,27.9,5.86,0.027,Anantapur,AP
2024-06-03,3.2,31.9,26.5,3.51,0.129,Anantapur,AP
2024-06-04,16.8,34.2,26.2,5.32,0.126,Anantapur,AP
2024-06-05,14.1,32.1,25.9,4.23,0.238,Anantapur,AP
2024-06-06,18.9,32.6,25.5,3.97,0.372,Anantapur,AP
2024-06-07,11.0,31.9,24.7,4.32,0.351,Anantapur,AP
2024-06-08,2.5,29.9,24.7,3.61,0.345,Anantapur,AP
2024-06-09,4.0,31.6,24.5,4.77,0.332,Anantapur,AP
2024-06-10,1.3,32.1,24.2,5.55,0.302,Anantapur,AP
2024-06-11,2.5,31.6,24.8,5.37,0.304,Anantapur,AP
2024-06-12,5.1,29.8,24.5,3.81,0.307,Anantapur,AP
2024-06-13,1.7,30.9,24.0,4.58,0.362,Anantapur,AP
2024-06-14,4.2,31.1,24.0,4.73,0.338,Anantapur,AP
2024-06-15,0.0,33.0,23.7,5.94,0.28,Anantapur,AP
2024-06-16,1.3,32.6,23.9,5.46,0.225,Anantapur,AP
2024-06-17,0.1,32.8,23.9,5.33,0.233,Anantapur,AP
2024-06-18,2.5,33.2,24.6,5.29,0.199,Anantapur,AP
2024-06-19,4.9,33.0,24.4,5.41,0.255,Anantapur,AP
2024-06-20,0.0,32.9,24.0,6.09,0.305,Anantapur,AP
2024-06-21,1.0,32.9,24.3,5.13,0.242,Anantapur,AP
2024-06-22,8.2,33.0,24.2,5.31,0.213,Anantapur,AP
2024-06-23,2.3,33.8,23.9,5.55,0.192,Anantapur,AP
2024-06-24,5.3,34.6,24.8,5.84,0.142,Anantapur,AP
2024-06-25,5.8,33.7,25.0,5.79,0.115,Anantapur,AP
2024-06-26,1.3,33.5,25.3,6.15,0.082,Anantapur,AP
2024-06-27,0.2,32.5,25.6,5.38,0.057,Anantapur,AP
2024-06-28,1.1,36.1,25.7,7.02,0.046,Anantapur,AP
2024-06-29,3.2,35.4,25.4,5.97,0.039,Anantapur,AP
2024-06-30,1.6,34.8,25.8,4.99,0.037,Anantapur,AP
2024-07-01,0.9,34.6,25.6,6.11,0.054,Anantapur,AP
2024-07-02,0.0,35.3,25.3,6.91,0.053,Anantapur,AP
2024-07-03,3.9,33.0,25.0,5.23,0.049,Anantapur,AP
2024-07-04,0.0,32.8,25.7,4.81,0.034,Anantapur,AP
2024-07-05,9.8,34.3,25.6,5.33,0.04,Anantapur,AP
2024-07-06,1.7,32.1,25.3,4.57,0.047,Anantapur,AP
2024-07-07,2.0,34.0,25.1,5.36,0.054,Anantapur,AP
2024-07-08,2.5,33.0,24.3,5.59,0.077,Anantapur,AP
2024-07-09,0.3,31.7,24.1,4.54,0.167,Anantapur,AP
2024-07-10,2.3,33.0,23.6,5.36,0.149,Anantapur,AP
2024-07-11,0.8,33.1,24.0,5.71,0.099,Anantapur,AP
2024-07-12,6.0,33.0,24.4,5.17,0.065,Anantapur,AP
2024-07-13,0.1,31.3,24.9,5.03,0.071,Anantapur,AP
2024-07-14,1.6,30.2,24.9,3.95,0.067,Anantapur,AP
2024-07-15,11.9,28.7,24.4,3.38,0.141,Anantapur,AP
2024-07-16,5.6,29.4,24.5,4.25,0.268,Anantapur,AP
2024-07-17,0.5,30.0,24.2,3.98,0.216,Anantapur,AP
2024-07-18,7.8,29.8,24.4,4.21,0.234,Anantapur,AP
2024-07-19,10.3,26.9,23.9,2.36,0.311,Anantapur,AP
2024-07-20,2.1,27.4,23.8,2.65,0.302,Anantapur,AP
2024-07-21,6.6,30.6,24.0,4.58,0.268,Anantapur,AP
2024-07-22,2.1,31.1,23.9,4.73,0.303,Anantapur,AP
2024-07-23,1.2,30.5,24.6,5.04,0.241,Anantapur,AP
2024-07-24,0.2,31.6,24.5,5.23,0.186,Anantapur,AP
2024-07-25,1.2,31.2,24.9,5.32,0.148,Anantapur,AP
2024-07-26,2.3,32.3,24.5,5.96,0.121,Anantapur,AP
2024-07-27,0.4,29.1,24.8,3.93,0.096,Anantapur,AP
2024-07-28,0.8,33.5,24.7,6.53,0.067,Anantapur,AP
2024-07-29,1.2,35.2,24.8,6.58,0.052,Anantapur,AP
2024-07-30,0.9,32.2,25.0,5.39,0.04,Anantapur,AP
2024-07-31,2.0,33.5,24.9,5.23,0.046,Anantapur,AP
2024-08-01,3.3,33.0,24.9,5.44,0.052,Anantapur,AP
2024-08-02,0.7,30.6,25.0,4.46,0.054,Anantapur,AP
2024-08-03,10.5,33.2,24.3,5.38,0.077,Anantapur,AP
2024-08-04,1.2,34.5,23.8,6.92,0.065,Anantapur,AP
2024-08-05,5.4,34.7,24.3,5.92,0.037,Anantapur,AP
2024-08-06,7.6,32.5,24.4,4.56,0.167,Anantapur,AP
2024-08-07,11.7,28.1,24.1,2.55,0.279,Anantapur,AP
2024-08-08,4.9,30.4,23.4,4.69,0.263,Anantapur,AP
2024-08-09,0.6,32.1,23.6,5.06,0.306,Anantapur,AP
2024-08-10,0.0,31.5,24.1,3.6,0.275,Anantapur,AP
2024-08-11,2.0,32.7,24.1,5.31,0.22,Anantapur,AP
2024-08-12,0.4,33.4,24.2,5.4,0.158,Anantapur,AP
2024-08-13,22.4,32.7,23.5,4.99,0.179,Anantapur,AP
2024-08-14,6.1,32.4,23.0,4.77,0.217,Anantapur,AP
2024-08-15,2.0,33.4,24.4,5.06,0.172,Anantapur,AP
2024-08-16,15.6,31.9,24.7,4.15,0.155,Anantapur,AP
2024-08-17,17.8,32.5,23.7,4.44,0.346,Anantapur,AP
2024-08-18,2.8,32.2,23.9,4.54,0.343,Anantapur,AP
2024-08-19,21.1,32.1,24.5,4.77,0.321,Anantapur,AP
2024-08-20,7.6,31.5,23.9,3.94,0.37,Anantapur,AP
2024-08-21,7.7,31.5,23.4,4.86,0.37,Anantapur,AP
2024-08-22,0.2,32.6,23.9,5.04,0.322,Anantapur,AP
2024-08-23,0.0,31.7,23.9,4.25,0.321,Anantapur,AP
2024-08-24,2.0,31.2,23.9,4.63,0.287,Anantapur,AP
2024-08-25,0.7,31.9,23.5,5.56,0.264,Anantapur,AP
2024-08-26,0.2,31.6,23.8,5.23,0.215,Anantapur,AP
2024-08-27,11.0,31.9,23.6,4.82,0.227,Anantapur,AP
2024-08-28,5.7,31.1,23.6,4.43,0.278,Anantapur,AP
2024-08-29,0.5,31.8,23.6,4.68,0.234,Anantapur,AP
2024-08-30,6.4,29.2,24.2,3.06,0.216,Anantapur,AP
2024-08-31,16.5,26.4,23.7,2.02,0.301,Anantapur,AP
2024-09-01,5.8,28.9,23.7,3.47,0.356,Anantapur,AP
2024-09-02,13.1,30.3,23.6,4.54,0.331,Anantapur,AP
2024-09-03,0.9,31.0,23.5,4.72,0.32,Anantapur,AP
2024-09-04,0.9,29.4,23.9,3.56,0.332,Anantapur,AP
2024-09-05,4.1,30.5,23.9,4.13,0.319,Anantapur,AP
2024-09-06,0.0,30.6,23.4,3.42,0.249,Anantapur,AP
2024-09-07,9.1,31.4,23.9,4.66,0.237,Anantapur,AP
2024-09-08,8.0,28.9,23.8,3.05,0.312,Anantapur,AP
2024-09-09,0.5,29.2,23.6,3.72,0.324,Anantapur,AP
2024-09-10,0.2,32.1,23.8,5.55,0.26,Anantapur,AP
2024-09-11,0.0,32.5,22.7,5.65,0.2,Anantapur,AP
2024-09-12,0.2,32.4,22.4,5.39,0.154,Anantapur,AP
2024-09-13,0.0,32.5,22.1,5.62,0.116,Anantapur,AP
2024-09-14,0.0,33.4,22.6,6.48,0.081,Anantapur,AP
2024-09-15,0.2,33.7,23.0,6.68,0.054,Anantapur,AP
2024-09-16,0.0,34.2,22.7,7.08,0.042,Anantapur,AP
2024-09-17,0.9,34.4,23.5,6.65,0.037,Anantapur,AP
2024-09-18,1.5,33.7,23.4,5.93,0.04,Anantapur,AP
2024-09-19,0.3,35.1,23.1,6.39,0.027,Anantapur,AP
2024-09-20,0.2,35.1,24.2,6.52,0.026,Anantapur,AP
2024-09-21,1.1,34.1,24.7,5.54,0.031,Anantapur,AP
2024-09-22,1.4,34.6,24.7,5.87,0.029,Anantapur,AP
2024-09-23,0.8,33.6,24.6,4.92,0.041,Anantapur,AP
2024-09-24,22.8,31.7,24.8,4.26,0.213,Anantapur,AP
2024-09-25,3.3,31.5,24.3,4.37,0.289,Anantapur,AP
2024-09-26,0.0,32.5,23.5,5.15,0.222,Anantapur,AP
2024-09-27,17.3,32.4,23.5,4.3,0.204,Anantapur,AP
2024-09-28,0.0,32.0,23.2,4.54,0.248,Anantapur,AP
2024-09-29,4.6,32.7,22.9,4.89,0.251,Anantapur,AP
2024-09-30,1.0,32.6,23.4,5.01,0.294,Anantapur,AP
2024-10-01,0.0,33.3,23.1,5.0,0.238,Anantapur,AP
2024-10-02,8.9,33.5,24.0,5.29,0.177,Anantapur,AP
2024-10-03,2.5,33.0,24.1,4.56,0.25,Anantapur,AP
2024-10-04,3.8,32.0,24.5,3.93,0.258,Anantapur,AP
2024-10-05,8.4,30.0,22.7,2.75,0.259,Anantapur,AP
2024-10-06,0.0,32.8,22.9,4.94,0.203,Anantapur,AP
2024-10-07,2.0,32.5,23.7,5.28,0.17,Anantapur,AP
2024-10-08,2.7,33.0,23.5,4.79,0.123,Anantapur,AP
2024-10-09,10.8,32.1,22.8,4.41,0.222,Anantapur,AP
2024-10-10,4.8,31.1,23.4,4.31,0.237,Anantapur,AP
2024-10-11,3.2,31.4,23.0,4.37,0.229,Anantapur,AP
2024-10-12,7.4,30.9,22.1,4.06,0.315,Anantapur,AP
2024-10-13,0.4,31.4,23.4,4.68,0.287,Anantapur,AP
2024-10-14,8.9,27.3,23.0,2.03,0.264,Anantapur,AP
2024-10-15,13.6,26.9,22.6,1.58,0.366,Anantapur,AP
2024-10-16,51.4,24.8,22.8,1.01,0.418,Anantapur,AP
2024-10-17,12.2,27.8,22.7,2.07,0.41,Anantapur,AP
2024-10-18,8.5,28.2,22.8,2.25,0.404,Anantapur,AP
2024-10-19,7.9,28.3,21.7,2.75,0.402,Anantapur,AP
2024-10-20,11.8,29.8,22.0,3.26,0.406,Anantapur,AP
2024-10-21,23.6,29.6,22.5,3.72,0.406,Anantapur,AP
2024-10-22,2.8,29.8,21.9,3.64,0.388,Anantapur,AP
2024-10-23,6.4,30.5,22.3,4.24,0.373,Anantapur,AP
2024-10-24,0.1,29.8,22.2,4.16,0.34,Anantapur,AP
2024-10-25,0.0,31.0,21.1,4.64,0.298,Anantapur,AP
2024-10-26,0.0,30.9,20.7,4.82,0.27,Anantapur,AP
2024-10-27,0.0,31.6,20.6,4.61,0.248,Anantapur,AP
2024-10-28,0.0,31.1,20.1,4.56,0.225,Anantapur,AP
2024-10-29,0.0,31.1,21.6,4.51,0.196,Anantapur,AP
2024-10-30,0.0,31.3,22.4,4.32,0.168,Anantapur,AP
2024-10-31,0.3,31.6,22.3,4.35,0.134,Anantapur,AP
2024-11-01,0.2,31.4,22.6,4.56,0.105,Anantapur,AP
2024-11-02,0.0,31.6,21.8,4.84,0.082,Anantapur,AP
2024-11-03,1.3,31.4,21.2,4.74,0.062,Anantapur,AP
2024-11-04,0.0,31.6,22.4,4.96,0.046,Anantapur,AP
2024-11-05,0.0,31.5,22.5,4.72,0.039,Anantapur,AP
2024-11-06,0.0,32.0,21.3,4.85,0.037,Anantapur,AP
2024-11-07,0.0,32.5,22.1,4.9,0.034,Anantapur,AP
2024-11-08,0.3,31.6,21.5,4.56,0.033,Anantapur,AP
2024-11-09,0.1,32.3,21.6,4.87,0.031,Anantapur,AP
2024-11-10,0.0,32.0,21.5,5.05,0.027,Anantapur,AP
2024-11-11,0.0,32.3,22.0,5.32,0.027,Anantapur,AP
2024-11-12,0.0,32.1,23.3,4.27,0.07,Anantapur,AP
2024-11-13,3.2,29.4,22.3,3.1,0.214,Anantapur,AP
2024-11-14,14.3,28.3,22.9,2.73,0.32,Anantapur,AP
2024-11-15,5.1,29.3,22.3,2.86,0.354,Anantapur,AP
2024-11-16,1.8,30.1,22.4,3.67,0.347,Anantapur,AP
2024-11-17,0.7,30.7,21.9,4.38,0.318,Anantapur,AP
2024-11-18,0.2,29.9,21.1,3.97,0.304,Anantapur,AP
2024-11-19,0.1,28.8,19.7,4.01,0.295,Anantapur,AP
2024-11-20,0.0,29.0,18.7,4.01,0.286,Anantapur,AP
2024-11-21,0.0,28.7,18.8,4.12,0.279,Anantapur,AP
2024-11-22,0.0,28.6,17.7,4.3,0.267,Anantapur,AP
2024-11-23,0.0,28.8,17.4,4.21,0.256,Anantapur,AP
2024-11-24,0.0,29.3,18.3,4.1,0.253,Anantapur,AP
2024-11-25,0.0,27.9,18.9,3.67,0.249,Anantapur,AP
2024-11-26,0.0,28.6,18.1,3.38,0.251,Anantapur,AP
2024-11-27,0.0,28.8,19.0,3.79,0.254,Anantapur,AP
2024-11-28,0.0,28.2,18.2,4.42,0.252,Anantapur,AP
2024-11-29,0.0,30.3,18.2,3.66,0.249,Anantapur,AP
2024-11-30,0.2,28.4,21.3,2.55,0.254,Anantapur,AP
2024-12-01,2.6,28.6,22.7,2.54,0.273,Anantapur,AP
2024-12-02,16.6,28.2,23.0,1.82,0.366,Anantapur,AP
2024-12-03,2.9,29.1,22.5,2.8,0.372,Anantapur,AP
2024-12-04,4.2,28.1,22.8,2.95,0.378,Anantapur,AP
2024-12-05,1.0,30.2,22.0,3.43,0.36,Anantapur,AP
2024-12-06,1.2,30.0,21.8,3.67,0.337,Anantapur,AP
2024-12-07,0.0,31.3,21.1,4.25,0.316,Anantapur,AP
2024-12-08,0.0,31.2,20.9,4.28,0.301,Anantapur,AP
2024-12-09,0.2,30.6,21.2,3.98,0.281,Anantapur,AP
2024-12-10,0.2,30.1,20.9,3.96,0.272,Anantapur,AP
2024-12-11,0.0,30.0,21.1,4.09,0.265,Anantapur,AP
2024-12-12,4.7,24.4,21.5,1.36,0.283,Anantapur,AP
2024-12-13,1.3,28.4,21.6,3.06,0.32,Anantapur,AP
2024-12-14,0.1,28.6,19.4,3.8,0.323,Anantapur,AP
2024-12-15,0.1,27.7,17.3,3.75,0.309,Anantapur,AP
2024-12-16,0.0,27.5,16.2,3.9,0.295,Anantapur,AP
2024-12-17,0.0,28.0,15.5,3.84,0.285,Anantapur,AP
2024-12-18,0.0,29.1,18.7,3.32,0.286,Anantapur,AP
2024-12-19,0.0,29.3,20.1,3.19,0.287,Anantapur,AP
2024-12-20,0.5,30.1,21.9,3.37,0.29,Anantapur,AP
2024-12-21,0.2,30.1,20.8,3.59,0.287,Anantapur,AP
2024-12-22,1.2,29.4,20.7,3.54,0.286,Anantapur,AP
2024-12-23,0.0,29.6,19.8,3.85,0.286,Anantapur,AP
2024-12-24,0.0,29.2,19.6,3.55,0.281,Anantapur,AP
2024-12-25,0.2,28.1,20.0,2.59,0.277,Anantapur,AP
2024-12-26,1.2,26.8,20.1,2.08,0.291,Anantapur,AP
2024-12-27,5.2,28.0,21.4,2.76,0.334,Anantapur,AP
2024-12-28,0.0,29.2,19.0,4.18,0.326,Anantapur,AP
2024-12-29,0.1,29.4,19.7,4.04,0.31,Anantapur,AP
2024-12-30,0.0,29.6,18.3,4.47,0.297,Anantapur,AP
2024-12-31,0.0,29.9,18.1,4.46,0.286,Anantapur,AP
2025-01-01,0.0,29.3,17.6,4.16,0.278,Anantapur,AP
2025-01-02,0.0,28.0,17.7,3.71,0.272,Anantapur,AP
2025-01-03,0.0,28.6,17.7,4.13,0.268,Anantapur,AP
2025-01-04,0.0,27.9,15.7,4.09,0.261,Anantapur,AP
2025-01-05,0.0,28.2,16.7,4.17,0.253,Anantapur,AP
2025-01-06,0.0,27.8,16.8,3.92,0.247,Anantapur,AP
2025-01-07,0.0,28.7,17.1,4.12,0.241,Anantapur,AP
2025-01-08,0.0,29.1,16.4,4.41,0.23,Anantapur,AP
2025-01-09,0.0,28.5,16.4,4.58,0.223,Anantapur,AP
2025-01-10,0.0,28.6,17.3,3.8,0.224,Anantapur,AP
2025-01-11,0.1,28.4,18.7,3.23,0.236,Anantapur,AP
2025-01-12,0.0,29.9,18.4,4.3,0.244,Anantapur,AP
2025-01-13,0.1,30.7,19.3,3.94,0.241,Anantapur,AP
2025-01-14,0.6,29.4,21.7,3.91,0.245,Anantapur,AP
2025-01-15,0.0,29.8,19.1,4.38,0.246,Anantapur,AP
2025-01-16,0.0,29.1,18.9,3.82,0.242,Anantapur,AP
2025-01-17,0.0,29.5,18.5,4.42,0.239,Anantapur,AP
2025-01-18,0.2,29.1,18.2,4.28,0.244,Anantapur,AP
2025-01-19,0.0,30.3,19.0,4.16,0.255,Anantapur,AP
2025-01-20,0.0,29.8,17.9,4.44,0.264,Anantapur,AP
2025-01-21,0.0,30.0,17.7,4.75,0.261,Anantapur,AP
2025-01-22,0.0,30.0,16.1,4.9,0.252,Anantapur,AP
2025-01-23,0.0,31.1,18.0,4.83,0.243,Anantapur,AP
2025-01-24,0.0,30.1,17.9,4.69,0.232,Anantapur,AP
2025-01-25,0.0,30.6,16.3,4.73,0.218,Anantapur,AP
2025-01-26,0.0,31.6,15.7,5.41,0.204,Anantapur,AP
2025-01-27,0.0,30.5,16.0,5.11,0.194,Anantapur,AP
2025-01-28,0.0,30.8,16.2,4.92,0.184,Anantapur,AP
2025-01-29,0.0,31.2,17.3,5.39,0.182,Anantapur,AP
2025-01-30,0.0,31.0,15.6,4.8,0.176,Anantapur,AP
2025-01-31,0.0,32.3,18.1,5.02,0.188,Anantapur,AP
2025-02-01,0.0,32.6,18.7,4.75,0.177,Anantapur,AP
2025-02-02,0.0,32.9,17.7,5.62,0.167,Anantapur,AP
2025-02-03,0.0,33.1,16.7,5.59,0.158,Anantapur,AP
2025-02-04,0.0,32.7,15.7,5.41,0.157,Anantapur,AP
2025-02-05,0.0,33.7,18.7,5.72,0.164,Anantapur,AP
2025-02-06,0.0,33.4,18.5,6.02,0.148,Anantapur,AP
2025-02-07,0.0,33.7,18.2,5.94,0.137,Anantapur,AP
2025-02-08,0.0,33.3,18.2,5.81,0.133,Anantapur,AP
2025-02-09,0.0,33.3,19.4,5.98,0.126,Anantapur,AP
2025-02-10,0.0,32.5,18.8,5.76,0.122,Anantapur,AP
2025-02-11,0.0,33.2,18.3,5.9,0.118,Anantapur,AP
2025-02-12,0.0,34.2,16.7,5.8,0.115,Anantapur,AP
2025-02-13,0.0,34.6,17.3,5.67,0.113,Anantapur,AP
2025-02-14,0.0,33.5,19.3,5.22,0.111,Anantapur,AP
2025-02-15,0.0,33.3,19.4,5.26,0.11,Anantapur,AP
2025-02-16,0.0,34.1,19.5,5.58,0.109,Anantapur,AP
2025-02-17,0.0,34.8,19.1,6.1,0.109,Anantapur,AP
2025-02-18,0.0,34.8,19.4,5.71,0.108,Anantapur,AP
2025-02-19,0.0,34.9,19.7,5.74,0.107,Anantapur,AP
2025-02-20,0.0,35.0,20.8,6.0,0.107,Anantapur,AP
2025-02-21,0.0,34.4,20.8,5.92,0.106,Anantapur,AP
2025-02-22,0.0,35.1,21.2,5.88,0.103,Anantapur,AP
2025-02-23,0.0,35.4,21.0,6.14,0.102,Anantapur,AP
2025-02-24,0.0,34.5,19.7,7.16,0.105,Anantapur,AP
2025-02-25,0.0,34.1,20.5,7.02,0.105,Anantapur,AP
2025-02-26,0.0,34.1,19.8,7.16,0.105,Anantapur,AP
2025-02-27,0.0,33.9,20.0,6.8,0.105,Anantapur,AP
2025-02-28,0.0,34.5,20.6,6.93,0.105,Anantapur,AP
2025-03-01,0.0,33.8,19.4,6.04,0.103,Anantapur,AP
2025-03-02,0.0,35.3,21.5,5.91,0.103,Anantapur,AP
2025-03-03,0.0,36.7,21.7,6.44,0.104,Anantapur,AP
2025-03-04,0.0,37.2,22.3,6.73,0.104,Anantapur,AP
2025-03-05,0.0,36.9,22.6,6.34,0.104,Anantapur,AP
2025-03-06,0.0,36.0,22.6,6.29,0.104,Anantapur,AP
2025-03-07,0.0,35.6,19.7,5.87,0.103,Anantapur,AP
2025-03-08,0.0,36.4,18.2,6.31,0.103,Anantapur,AP
2025-03-09,0.0,37.4,21.2,7.93,0.103,Anantapur,AP
2025-03-10,0.0,35.1,21.2,7.35,0.103,Anantapur,AP
2025-03-11,0.0,34.7,19.2,7.1,0.104,Anantapur,AP
2025-03-12,0.0,36.5,21.5,6.9,0.104,Anantapur,AP
2025-03-13,0.0,37.5,22.3,6.05,0.103,Anantapur,AP
2025-03-14,0.0,38.7,23.1,7.22,0.103,Anantapur,AP
2025-03-15,0.0,38.4,22.4,7.76,0.103,Anantapur,AP
2025-03-16,0.0,38.1,20.8,7.46,0.103,Anantapur,AP
2025-03-17,0.0,38.4,24.6,6.85,0.103,Anantapur,AP
2025-03-18,0.0,38.8,23.8,7.79,0.103,Anantapur,AP
2025-03-19,0.0,37.9,24.6,7.41,0.103,Anantapur,AP
2025-03-20,0.0,38.1,24.6,7.31,0.103,Anantapur,AP
2025-03-21,0.0,37.0,24.7,6.23,0.099,Anantapur,AP
2025-03-22,0.1,37.7,26.2,6.91,0.099,Anantapur,AP
2025-03-23,0.0,36.1,24.7,6.25,0.097,Anantapur,AP
2025-03-24,0.0,36.9,25.4,6.44,0.086,Anantapur,AP
2025-03-25,0.0,36.5,25.5,6.43,0.079,Anantapur,AP
2025-03-26,0.0,38.2,24.3,6.78,0.063,Anantapur,AP
2025-03-27,0.0,38.3,24.8,6.52,0.064,Anantapur,AP
2025-03-28,0.0,39.4,25.1,7.34,0.064,Anantapur,AP
2025-03-29,0.0,40.3,25.9,7.81,0.064,Anantapur,AP
2025-03-30,0.0,39.9,24.2,8.66,0.064,Anantapur,AP
2025-03-31,0.0,38.9,24.7,7.98,0.064,Anantapur,AP
2025-04-01,0.0,37.0,24.0,8.05,0.065,Anantapur,AP
2025-04-02,0.0,36.2,24.3,6.69,0.065,Anantapur,AP
2025-04-03,5.7,36.0,23.9,5.38,0.07,Anantapur,AP
2025-04-04,3.6,34.8,22.6,5.68,0.207,Anantapur,AP
2025-04-05,0.5,36.0,23.7,6.16,0.26,Anantapur,AP
2025-04-06,6.0,36.3,23.1,6.3,0.233,Anantapur,AP
2025-04-07,0.0,38.3,24.0,7.39,0.174,Anantapur,AP
2025-04-08,0.0,37.8,23.4,7.0,0.144,Anantapur,AP
2025-04-09,0.0,37.4,23.3,6.66,0.121,Anantapur,AP
2025-04-10,8.5,38.1,23.3,6.85,0.132,Anantapur,AP
2025-04-11,1.4,38.9,25.1,6.89,0.138,Anantapur,AP
2025-04-12,0.0,38.8,25.4,7.22,0.105,Anantapur,AP
2025-04-13,0.0,38.7,25.3,7.1,0.103,Anantapur,AP
2025-04-14,0.0,39.3,24.9,7.16,0.094,Anantapur,AP
2025-04-15,0.0,39.7,26.1,6.95,0.081,Anantapur,AP
2025-04-16,0.0,39.5,26.2,6.81,0.073,Anantapur,AP
2025-04-17,0.0,39.9,26.5,7.13,0.081,Anantapur,AP
2025-04-18,2.0,39.8,25.6,6.77,0.077,Anantapur,AP
2025-04-19,0.1,40.0,26.4,6.78,0.067,Anantapur,AP
2025-04-20,1.0,39.9,26.9,6.97,0.055,Anantapur,AP
2025-04-21,0.0,38.9,26.5,6.73,0.084,Anantapur,AP
2025-04-22,0.0,40.9,26.7,8.12,0.096,Anantapur,AP
2025-04-23,0.0,40.6,27.1,7.44,0.095,Anantapur,AP
2025-04-24,0.0,40.0,26.2,7.56,0.09,Anantapur,AP
2025-04-25,0.0,41.1,26.4,7.85,0.087,Anantapur,AP
2025-04-26,0.0,41.0,26.8,7.81,0.091,Anantapur,AP
2025-04-27,0.0,40.3,27.1,7.57,0.068,Anantapur,AP
2025-04-28,0.0,39.3,27.6,7.24,0.049,Anantapur,AP
2025-04-29,0.0,40.2,27.0,7.55,0.035,Anantapur,AP
2025-04-30,0.0,40.0,26.9,6.98,0.037,Anantapur,AP
2025-05-01,0.0,40.0,27.4,7.13,0.033,Anantapur,AP
2025-05-02,0.0,40.1,27.6,7.37,0.038,Anantapur,AP
2025-05-03,0.0,39.9,27.2,7.01,0.051,Anantapur,AP
2025-05-04,0.0,40.1,27.3,7.72,0.032,Anantapur,AP
2025-05-05,0.0,40.6,26.1,7.42,0.039,Anantapur,AP
2025-05-06,0.0,39.8,25.6,7.05,0.056,Anantapur,AP
2025-05-07,0.2,39.3,25.1,7.37,0.033,Anantapur,AP
2025-05-08,0.0,37.9,25.7,7.9,0.021,Anantapur,AP
2025-05-09,0.0,37.6,26.1,7.1,0.014,Anantapur,AP
2025-05-10,0.1,38.0,25.6,7.03,0.012,Anantapur,AP
2025-05-11,0.0,37.9,26.0,6.78,0.014,Anantapur,AP
2025-05-12,0.1,38.7,26.6,7.1,0.014,Anantapur,AP
2025-05-13,0.0,38.6,26.1,6.77,0.024,Anantapur,AP
2025-05-14,0.0,38.2,26.5,5.94,0.036,Anantapur,AP
2025-05-15,0.2,37.9,26.8,5.89,0.036,Anantapur,AP
2025-05-16,11.5,37.8,24.9,6.22,0.066,Anantapur,AP
2025-05-17,13.0,36.0,24.4,4.72,0.28,Anantapur,AP
2025-05-18,4.1,36.4,24.4,5.54,0.301,Anantapur,AP
2025-05-19,1.9,33.5,25.2,3.81,0.305,Anantapur,AP
2025-05-20,0.9,33.2,25.5,3.63,0.291,Anantapur,AP
2025-05-21,6.8,35.2,25.4,4.87,0.275,Anantapur,AP
2025-05-22,0.0,35.6,24.5,6.95,0.245,Anantapur,AP
2025-05-23,1.0,37.2,25.3,6.87,0.198,Anantapur,AP
2025-05-24,0.4,34.1,25.9,5.43,0.158,Anantapur,AP
2025-05-25,5.0,33.7,25.6,5.58,0.185,Anantapur,AP
2025-05-26,3.2,34.4,25.0,5.86,0.176,Anantapur,AP
2025-05-27,2.1,32.3,25.1,4.62,0.209,Anantapur,AP
2025-05-28,0.0,31.7,25.1,5.28,0.211,Anantapur,AP
2025-05-29,12.2,30.9,24.3,4.06,0.244,Anantapur,AP
2025-05-30,2.7,33.4,25.3,5.16,0.264,Anantapur,AP
2025-05-31,0.0,36.5,25.5,7.34,0.214,Anantapur,AP
2025-06-01,0.3,36.4,24.6,7.64,0.179,Anantapur,AP
2025-06-02,0.3,36.0,24.5,7.42,0.152,Anantapur,AP
2025-06-03,0.0,36.0,24.8,6.88,0.138,Anantapur,AP
2025-06-04,0.1,36.3,24.8,7.12,0.12,Anantapur,AP
2025-06-05,0.0,35.6,24.1,6.81,0.111,Anantapur,AP
2025-06-06,0.3,36.5,25.2,7.04,0.108,Anantapur,AP
2025-06-07,0.2,36.2,25.6,7.03,0.103,Anantapur,AP
2025-06-08,5.3,37.2,25.2,6.7,0.119,Anantapur,AP
2025-06-09,2.3,35.4,25.4,5.86,0.174,Anantapur,AP
2025-06-10,0.0,36.7,25.6,7.21,0.161,Anantapur,AP
2025-06-11,2.9,34.8,24.5,5.64,0.155,Anantapur,AP
2025-06-12,0.8,34.6,24.3,5.67,0.165,Anantapur,AP
2025-06-13,1.7,35.3,24.8,5.95,0.171,Anantapur,AP
2025-06-14,0.1,35.5,25.4,6.84,0.159,Anantapur,AP
2025-06-15,7.5,33.6,25.4,4.93,0.17,Anantapur,AP
2025-06-16,0.6,32.1,24.8,5.33,0.179,Anantapur,AP
2025-06-17,1.1,33.5,24.8,5.61,0.186,Anantapur,AP
2025-06-18,0.2,35.7,24.5,7.13,0.167,Anantapur,AP
2025-06-19,0.0,34.7,25.2,7.01,0.145,Anantapur,AP
2025-06-20,2.6,35.8,24.9,7.34,0.129,Anantapur,AP
2025-06-21,1.4,36.0,25.2,7.34,0.117,Anantapur,AP
2025-06-22,0.3,34.5,24.8,6.04,0.12,Anantapur,AP
2025-06-23,0.2,32.2,24.8,5.73,0.178,Anantapur,AP
2025-06-24,0.5,33.2,25.4,6.76,0.167,Anantapur,AP
2025-06-25,0.9,33.0,24.9,5.33,0.153,Anantapur,AP
2025-06-26,0.7,32.2,25.4,5.61,0.147,Anantapur,AP
2025-06-27,0.1,34.9,23.9,6.89,0.129,Anantapur,AP
2025-06-28,0.1,36.3,24.7,7.45,0.113,Anantapur,AP
2025-06-29,0.0,35.8,25.3,7.99,0.103,Anantapur,AP
2025-06-30,0.0,33.4,24.7,5.8,0.104,Anantapur,AP
2025-07-01,1.6,32.2,25.1,5.14,0.113,Anantapur,AP
2025-07-02,12.4,34.3,24.5,5.15,0.13,Anantapur,AP
2025-07-03,4.2,33.8,24.4,5.44,0.16,Anantapur,AP
2025-07-04,1.7,34.6,24.5,6.76,0.214,Anantapur,AP
2025-07-05,0.8,33.8,25.0,7.08,0.189,Anantapur,AP
2025-07-06,1.2,33.8,25.0,6.62,0.173,Anantapur,AP
2025-07-07,0.6,33.8,25.0,6.64,0.15,Anantapur,AP
2025-07-08,0.4,35.7,24.5,7.58,0.13,Anantapur,AP
2025-07-09,0.0,34.8,25.1,7.37,0.118,Anantapur,AP
2025-07-10,0.7,35.8,25.0,7.2,0.111,Anantapur,AP
2025-07-11,6.2,35.9,24.4,6.61,0.121,Anantapur,AP
2025-07-12,3.2,33.1,24.4,6.2,0.163,Anantapur,AP
2025-07-13,4.6,35.5,24.4,6.36,0.189,Anantapur,AP
2025-07-14,0.5,35.2,24.5,6.97,0.16,Anantapur,AP
2025-07-15,0.7,34.4,24.5,6.58,0.133,Anantapur,AP
2025-07-16,14.6,33.1,24.5,5.25,0.175,Anantapur,AP
2025-07-17,17.8,33.9,24.0,5.37,0.293,Anantapur,AP
2025-07-18,22.9,33.1,23.8,4.51,0.351,Anantapur,AP
2025-07-19,16.8,33.3,23.6,4.96,0.356,Anantapur,AP
2025-07-20,3.9,32.5,23.9,5.15,0.338,Anantapur,AP
2025-07-21,20.4,30.3,23.4,2.82,0.371,Anantapur,AP
2025-07-22,10.1,32.6,23.2,5.04,0.386,Anantapur,AP
2025-07-23,5.4,31.1,24.2,4.3,0.369,Anantapur,AP
2025-07-24,3.7,29.8,23.6,4.0,0.371,Anantapur,AP
2025-07-25,2.4,30.4,23.2,4.59,0.356,Anantapur,AP
2025-07-26,0.2,31.3,24.7,5.32,0.34,Anantapur,AP
2025-07-27,0.2,32.4,24.5,6.73,0.318,Anantapur,AP
2025-07-28,0.0,32.3,23.6,6.5,0.291,Anantapur,AP
2025-07-29,0.3,32.6,23.4,6.82,0.27,Anantapur,AP
2025-07-30,0.2,33.4,24.0,6.68,0.253,Anantapur,AP
2025-07-31,0.2,33.2,24.6,6.1,0.234,Anantapur,AP
2025-08-01,1.0,33.7,23.7,5.81,0.217,Anantapur,AP
2025-08-02,1.0,34.2,23.8,5.9,0.198,Anantapur,AP
2025-08-03,5.4,33.6,23.6,5.3,0.309,Anantapur,AP
2025-08-04,6.2,32.7,24.2,4.63,0.32,Anantapur,AP
2025-08-05,19.2,32.8,23.2,4.8,0.359,Anantapur,AP
2025-08-06,0.2,33.6,22.9,5.35,0.332,Anantapur,AP
2025-08-07,14.8,32.6,23.6,4.93,0.318,Anantapur,AP
2025-08-08,15.7,31.2,23.5,3.81,0.377,Anantapur,AP
2025-08-09,3.7,32.4,23.0,4.57,0.39,Anantapur,AP
2025-08-10,13.5,32.2,23.5,4.38,0.397,Anantapur,AP
2025-08-11,2.4,31.3,23.6,4.63,0.385,Anantapur,AP
2025-08-12,0.0,30.8,23.7,4.94,0.358,Anantapur,AP
2025-08-13,10.4,27.4,22.5,2.76,0.368,Anantapur,AP
2025-08-14,6.9,30.5,22.7,4.39,0.382,Anantapur,AP
2025-08-15,15.1,30.4,23.7,5.02,0.377,Anantapur,AP
2025-08-16,13.7,31.9,24.2,5.03,0.358,Anantapur,AP
2025-08-17,11.5,28.9,23.6,2.99,0.373,Anantapur,AP
2025-08-18,8.0,26.7,22.8,2.66,0.393,Anantapur,AP
2025-08-19,5.7,28.2,22.6,3.2,0.386,Anantapur,AP
2025-08-20,2.0,31.9,23.5,5.83,0.364,Anantapur,AP
2025-08-21,0.2,33.0,23.4,5.68,0.335,Anantapur,AP
2025-08-22,2.2,31.9,23.1,4.85,0.308,Anantapur,AP
2025-08-23,0.3,32.5,23.0,5.82,0.283,Anantapur,AP
2025-08-24,0.0,33.0,23.1,6.6,0.254,Anantapur,AP
2025-08-25,0.0,32.6,22.4,6.18,0.228,Anantapur,AP
2025-08-26,3.9,31.7,22.9,5.58,0.213,Anantapur,AP
2025-08-27,23.7,30.3,23.1,4.12,0.343,Anantapur,AP
2025-08-28,14.3,30.9,23.3,3.88,0.374,Anantapur,AP
2025-08-29,0.2,30.5,23.7,5.31,0.336,Anantapur,AP
2025-08-30,0.3,32.7,23.7,6.02,0.296,Anantapur,AP
2025-08-31,4.3,32.2,24.1,5.56,0.288,Anantapur,AP
2025-09-01,2.3,31.7,24.1,5.62,0.287,Anantapur,AP
2025-09-02,14.6,31.7,23.9,4.76,0.317,Anantapur,AP
2025-09-03,0.7,31.5,23.6,5.73,0.332,Anantapur,AP
2025-09-04,0.0,32.7,23.2,6.15,0.29,Anantapur,AP
2025-09-05,0.2,32.8,23.3,6.06,0.264,Anantapur,AP
2025-09-06,0.1,32.6,22.8,5.93,0.238,Anantapur,AP
2025-09-07,1.3,32.1,22.9,5.55,0.223,Anantapur,AP
2025-09-08,0.0,32.8,22.4,5.78,0.285,Anantapur,AP
2025-09-09,0.0,32.8,23.0,5.42,0.274,Anantapur,AP
2025-09-10,0.9,32.7,23.4,5.56,0.244,Anantapur,AP
2025-09-11,23.5,27.8,23.4,2.2,0.393,Anantapur,AP
2025-09-12,5.9,30.6,23.7,3.96,0.39,Anantapur,AP
2025-09-13,4.2,30.3,23.3,4.45,0.369,Anantapur,AP
2025-09-14,0.5,32.4,23.1,5.75,0.344,Anantapur,AP
2025-09-15,0.2,32.5,23.6,5.73,0.29,Anantapur,AP
2025-09-16,7.1,31.8,23.3,4.48,0.355,Anantapur,AP
2025-09-17,8.9,31.5,23.1,4.65,0.358,Anantapur,AP
2025-09-18,36.5,31.5,22.8,4.06,0.406,Anantapur,AP
2025-09-19,17.0,31.3,22.7,4.22,0.393,Anantapur,AP
2025-09-20,4.4,31.8,22.6,4.43,0.398,Anantapur,AP
2025-09-21,1.1,31.2,23.3,4.58,0.38,Anantapur,AP
2025-09-22,2.5,30.4,23.5,4.18,0.373,Anantapur,AP
2025-09-23,4.3,29.8,23.3,3.39,0.374,Anantapur,AP
2025-09-24,2.2,29.7,23.0,4.22,0.357,Anantapur,AP
2025-09-25,0.6,31.3,22.4,5.68,0.325,Anantapur,AP
2025-09-26,4.5,28.1,23.0,2.88,0.301,Anantapur,AP
2025-09-27,4.9,29.3,23.0,4.07,0.372,Anantapur,AP
2025-09-28,1.8,31.7,23.6,5.49,0.373,Anantapur,AP
2025-09-29,0.8,31.4,23.6,5.4,0.351,Anantapur,AP
2025-09-30,0.1,31.3,22.6,5.52,0.325,Anantapur,AP
2025-10-01,0.2,31.3,23.2,4.59,0.303,Anantapur,AP
2025-10-02,11.1,31.4,24.2,4.28,0.286,Anantapur,AP
2025-10-03,0.4,31.8,23.2,4.74,0.265,Anantapur,AP
2025-10-04,0.3,30.8,23.5,4.27,0.237,Anantapur,AP
2025-10-05,13.2,31.8,22.7,5.21,0.227,Anantapur,AP
2025-10-06,0.1,30.7,22.6,4.61,0.345,Anantapur,AP
2025-10-07,0.3,31.2,22.8,4.97,0.296,Anantapur,AP
2025-10-08,3.5,31.8,23.6,4.57,0.248,Anantapur,AP
2025-10-09,14.3,30.5,22.0,4.1,0.325,Anantapur,AP
2025-10-10,2.8,29.6,23.0,3.29,0.356,Anantapur,AP
2025-10-11,0.0,32.0,22.8,5.3,0.286,Anantapur,AP
2025-10-12,0.0,32.0,22.4,5.25,0.238,Anantapur,AP
2025-10-13,0.7,31.1,21.6,4.6,0.201,Anantapur,AP
2025-10-14,7.1,31.5,22.9,4.3,0.181,Anantapur,AP
2025-10-15,1.1,29.9,22.6,3.65,0.28,Anantapur,AP
2025-10-16,15.5,30.8,23.1,3.4,0.305,Anantapur,AP
2025-10-17,3.7,30.5,22.7,4.33,0.313,Anantapur,AP
2025-10-18,1.4,30.1,22.3,3.76,0.287,Anantapur,AP
2025-10-19,0.2,30.5,22.7,3.79,0.265,Anantapur,AP
2025-10-20,4.5,30.9,22.9,3.84,0.295,Anantapur,AP
2025-10-21,10.2,28.1,22.6,2.48,0.34,Anantapur,AP
2025-10-22,15.0,25.4,22.7,1.37,0.386,Anantapur,AP
2025-10-23,42.8,29.5,23.0,2.52,0.413,Anantapur,AP
2025-10-24,17.5,27.5,23.1,2.01,0.416,Anantapur,AP
2025-10-25,0.3,29.9,22.9,3.79,0.378,Anantapur,AP
2025-10-26,0.2,30.6,21.9,4.34,0.345,Anantapur,AP
2025-10-27,1.9,29.5,22.4,2.85,0.298,Anantapur,AP
2025-10-28,8.3,26.4,23.3,1.51,0.331,Anantapur,AP
2025-10-29,1.3,31.0,23.1,4.21,0.345,Anantapur,AP
2025-10-30,0.0,32.2,21.4,5.29,0.309,Anantapur,AP
2025-10-31,0.0,31.9,20.7,4.57,0.264,Anantapur,AP
2025-11-01,0.0,31.6,23.0,4.34,0.232,Anantapur,AP
2025-11-02,0.3,31.6,23.6,4.52,0.21,Anantapur,AP
2025-11-03,0.0,31.5,23.5,4.5,0.182,Anantapur,AP
2025-11-04,5.3,27.6,23.4,2.56,0.197,Anantapur,AP
2025-11-05,3.2,30.9,21.6,3.55,0.235,Anantapur,AP
2025-11-06,4.4,29.9,22.6,3.49,0.309,Anantapur,AP
2025-11-07,0.5,29.1,22.0,3.91,0.28,Anantapur,AP
2025-11-08,0.0,30.5,21.0,4.76,0.251,Anantapur,AP
2025-11-09,0.0,29.5,18.0,4.72,0.234,Anantapur,AP
2025-11-10,0.0,29.6,17.6,4.22,0.218,Anantapur,AP
2025-11-11,0.0,30.3,19.9,3.94,0.209,Anantapur,AP
2025-11-12,0.0,31.0,20.6,4.7,0.193,Anantapur,AP
2025-11-13,0.0,31.2,21.2,4.68,0.176,Anantapur,AP
2025-11-14,0.3,29.7,19.7,4.69,0.162,Anantapur,AP
2025-11-15,0.0,28.9,17.5,4.55,0.151,Anantapur,AP
2025-11-16,0.0,29.1,18.3,4.67,0.142,Anantapur,AP
2025-11-17,0.0,29.1,18.1,4.51,0.132,Anantapur,AP
2025-11-18,0.9,28.5,19.2,3.7,0.127,Anantapur,AP
2025-11-19,0.0,30.6,20.3,4.13,0.126,Anantapur,AP
2025-11-20,0.0,30.9,20.4,4.93,0.128,Anantapur,AP
2025-11-21,1.2,28.8,20.5,2.92,0.125,Anantapur,AP
2025-11-22,1.2,29.5,21.9,3.51,0.132,Anantapur,AP
2025-11-23,1.1,31.4,21.7,4.15,0.137,Anantapur,AP
2025-11-24,0.3,31.3,21.9,4.49,0.133,Anantapur,AP
2025-11-25,0.4,31.4,21.0,4.67,0.125,Anantapur,AP
2025-11-26,0.1,31.1,20.6,4.72,0.12,Anantapur,AP
2025-11-27,0.3,29.4,18.7,4.31,0.117,Anantapur,AP
2025-11-28,0.1,28.7,18.2,4.18,0.114,Anantapur,AP
2025-11-29,0.0,28.7,18.2,3.85,0.111,Anantapur,AP
2025-11-30,1.7,25.9,21.7,1.87,0.125,Anantapur,AP
2025-12-01,0.0,29.1,21.0,3.41,0.143,Anantapur,AP
2025-12-02,0.0,29.6,20.5,3.82,0.137,Anantapur,AP
2025-12-03,0.0,28.7,21.0,3.23,0.137,Anantapur,AP
2025-12-04,14.6,27.5,21.0,2.34,0.251,Anantapur,AP
2025-12-05,0.1,29.8,21.3,4.1,0.27,Anantapur,AP
2025-12-06,0.3,28.9,20.2,3.93,0.245,Anantapur,AP
2025-12-07,0.0,29.5,19.7,3.98,0.224,Anantapur,AP
2025-12-08,0.0,29.0,17.4,4.3,0.206,Anantapur,AP
2025-12-09,0.0,29.2,17.4,4.45,0.182,Anantapur,AP
2025-12-10,0.0,30.0,17.0,4.59,0.161,Anantapur,AP
2025-12-11,0.0,29.6,16.7,4.4,0.142,Anantapur,AP
2025-12-12,0.0,29.1,16.2,4.41,0.129,Anantapur,AP
2025-12-13,0.0,29.2,15.3,4.55,0.119,Anantapur,AP
2025-12-14,0.0,29.2,16.1,4.45,0.109,Anantapur,AP
2025-12-15,0.0,28.9,17.1,4.5,0.106,Anantapur,AP
2025-12-16,0.0,28.1,16.7,3.8,0.108,Anantapur,AP
2025-12-17,0.0,30.0,19.0,4.47,0.111,Anantapur,AP
2025-12-18,0.0,29.9,17.2,4.53,0.107,Anantapur,AP
2025-12-19,0.0,29.3,16.5,4.48,0.111,Anantapur,AP
2025-12-20,0.0,28.2,16.4,4.28,0.111,Anantapur,AP
2025-12-21,0.0,28.2,16.3,4.51,0.116,Anantapur,AP
2025-12-22,0.0,28.6,17.0,4.05,0.118,Anantapur,AP
2025-12-23,0.0,28.5,17.3,4.02,0.117,Anantapur,AP
2025-12-24,0.0,28.2,16.6,4.3,0.117,Anantapur,AP
2025-12-25,0.0,28.7,16.3,4.28,0.123,Anantapur,AP
2025-12-26,0.0,28.7,17.8,4.21,0.122,Anantapur,AP
2025-12-27,0.0,27.7,16.9,4.38,0.121,Anantapur,AP
2025-12-28,0.0,27.6,16.5,4.21,0.119,Anantapur,AP
2025-12-29,0.0,28.1,16.4,4.19,0.123,Anantapur,AP
2025-12-30,0.0,28.7,17.2,3.89,0.124,Anantapur,AP
2025-12-31,0.0,29.4,16.8,3.79,0.128,Anantapur,AP
2026-01-01,0.3,29.3,19.8,4.01,0.134,Anantapur,AP
2026-01-02,0.0,29.2,19.5,4.02,0.145,Anantapur,AP
2026-01-03,0.0,29.3,19.8,4.53,0.143,Anantapur,AP
2026-01-04,0.0,28.5,18.6,4.69,0.152,Anantapur,AP
2026-01-05,0.0,27.8,16.2,4.51,0.165,Anantapur,AP
2026-01-06,0.0,27.6,17.3,4.12,0.176,Anantapur,AP
2026-01-07,0.1,27.3,17.0,3.92,0.184,Anantapur,AP
2026-01-08,0.0,26.7,15.5,4.39,0.173,Anantapur,AP
2026-01-09,0.0,26.7,16.1,4.41,0.169,Anantapur,AP
2026-01-10,0.0,26.0,17.0,3.06,0.165,Anantapur,AP
2026-01-11,0.6,26.7,17.1,3.77,0.198,Anantapur,AP
2026-01-12,0.0,27.2,19.6,3.88,0.203,Anantapur,AP
2026-01-13,0.0,28.5,19.2,3.5,0.197,Anantapur,AP
2026-01-14,0.0,30.2,19.3,4.3,0.178,Anantapur,AP
2026-01-15,0.0,30.5,19.1,4.37,0.165,Anantapur,AP
2026-01-16,0.0,29.9,19.5,4.54,0.164,Anantapur,AP
2026-01-17,0.0,28.9,17.1,4.29,0.16,Anantapur,AP
2026-01-18,0.0,29.7,16.2,4.55,0.155,Anantapur,AP
2026-01-19,0.0,29.4,15.1,4.75,0.147,Anantapur,AP
2026-01-20,0.0,29.7,16.4,4.88,0.136,Anantapur,AP
2026-01-21,0.0,28.7,16.2,5.15,0.132,Anantapur,AP
2026-01-22,0.0,28.1,15.6,4.94,0.129,Anantapur,AP
2026-01-23,0.0,28.3,16.8,4.78,0.131,Anantapur,AP
2026-01-24,0.0,27.5,17.4,3.32,0.129,Anantapur,AP
2026-01-25,0.0,30.0,18.8,4.64,0.125,Anantapur,AP
2026-01-26,0.1,28.2,21.9,3.81,0.126,Anantapur,AP
2026-01-27,0.1,30.8,21.6,5.0,0.125,Anantapur,AP
2026-01-28,0.0,30.7,18.7,4.97,0.118,Anantapur,AP
2026-01-29,0.0,30.2,18.7,5.27,0.109,Anantapur,AP
2026-01-30,0.0,30.1,18.7,5.47,0.112,Anantapur,AP
2026-01-31,0.0,29.5,18.0,5.73,0.11,Anantapur,AP
2026-02-01,0.0,29.4,17.4,4.96,0.112,Anantapur,AP
2026-02-02,0.0,29.4,19.0,5.14,0.118,Anantapur,AP
2026-02-03,0.0,29.7,19.2,5.61,0.118,Anantapur,AP
2026-02-04,0.0,29.6,18.1,5.3,0.116,Anantapur,AP
2026-02-05,0.0,29.7,17.7,5.32,0.112,Anantapur,AP
2026-02-06,0.0,30.0,17.7,5.73,0.113,Anantapur,AP
2026-02-07,0.0,30.5,17.1,5.09,0.111,Anantapur,AP
2026-02-08,0.0,30.8,17.1,4.92,0.11,Anantapur,AP
2026-02-09,0.0,30.9,17.5,5.05,0.109,Anantapur,AP
2026-02-10,0.0,31.1,17.5,5.67,0.109,Anantapur,AP
2026-02-11,0.0,29.6,17.5,6.03,0.111,Anantapur,AP
2026-02-12,0.0,29.3,15.6,5.67,0.113,Anantapur,AP
2026-02-13,0.0,31.8,17.2,6.6,0.097,Anantapur,AP
2026-02-14,0.0,31.8,17.8,5.98,0.106,Anantapur,AP
2026-02-15,0.0,31.8,18.3,5.25,0.106,Anantapur,AP
2026-02-16,0.0,32.3,18.9,6.45,0.106,Anantapur,AP
2026-02-17,0.0,31.4,18.5,6.32,0.105,Anantapur,AP
2026-02-18,0.0,31.4,18.8,6.07,0.105,Anantapur,AP
2026-02-19,0.0,32.3,19.2,6.18,0.105,Anantapur,AP
2026-02-20,0.0,32.4,19.7,6.06,0.105,Anantapur,AP
2026-02-21,0.0,32.9,21.7,6.24,0.098,Anantapur,AP
2026-02-22,0.0,33.8,21.6,6.07,0.09,Anantapur,AP
2026-02-23,0.0,33.6,21.9,5.54,0.092,Anantapur,AP
2026-02-24,0.0,31.6,22.4,5.82,0.101,Anantapur,AP
2026-02-25,0.0,32.6,22.1,4.93,0.104,Anantapur,AP
2026-02-26,0.0,34.4,21.4,5.96,0.106,Anantapur,AP
2026-02-27,0.0,34.7,23.2,5.63,0.103,Anantapur,AP
2026-02-28,0.0,35.6,22.5,6.64,0.103,Anantapur,AP
2026-03-01,0.0,35.1,23.7,6.14,0.103,Anantapur,AP
2026-03-02,0.0,36.3,23.6,6.9,0.103,Anantapur,AP
2026-03-03,0.0,36.0,23.1,7.31,0.103,Anantapur,AP
2026-03-04,0.0,35.5,22.9,6.35,0.103,Anantapur,AP
2026-03-05,0.0,35.6,22.1,6.28,0.103,Anantapur,AP
2026-03-06,0.0,36.6,21.6,5.99,0.103,Anantapur,AP
2026-03-07,0.0,36.9,22.4,6.99,0.103,Anantapur,AP
2026-03-08,0.0,36.5,23.2,6.46,0.103,Anantapur,AP
2026-03-09,0.0,35.1,23.1,6.92,0.103,Anantapur,AP
2026-03-10,0.0,34.2,23.0,7.43,0.088,Anantapur,AP
2026-03-11,0.0,35.2,21.2,6.91,0.091,Anantapur,AP
2026-03-12,0.0,36.5,22.5,7.06,0.092,Anantapur,AP
2026-03-13,0.0,37.5,23.2,7.27,0.097,Anantapur,AP
2026-03-14,0.0,37.3,23.6,7.27,0.098,Anantapur,AP
2026-03-15,0.0,36.6,23.9,7.51,0.098,Anantapur,AP
2026-03-16,0.0,36.2,23.4,6.79,0.103,Anantapur,AP
2026-03-17,0.0,36.0,23.4,6.55,0.104,Anantapur,AP
2026-03-18,0.2,34.4,22.4,5.75,0.1,Anantapur,AP
2026-03-19,0.0,33.7,20.9,5.77,0.127,Anantapur,AP
2026-03-20,0.0,34.1,21.9,5.5,0.126,Anantapur,AP
2026-03-21,0.0,35.8,22.7,5.96,0.117,Anantapur,AP
2026-03-22,0.0,35.7,23.9,6.29,0.1,Anantapur,AP
2026-03-23,0.0,36.3,25.4,7.34,0.087,Anantapur,AP
2026-03-24,0.0,36.6,25.1,6.81,0.083,Anantapur,AP
2026-03-25,0.0,36.8,25.6,6.97,0.087,Anantapur,AP
2026-03-26,0.0,38.0,24.8,7.72,0.1,Anantapur,AP
2026-03-27,0.0,38.6,24.8,6.99,0.099,Anantapur,AP
2026-03-28,0.0,37.4,25.4,6.33,0.098,Anantapur,AP
2026-03-29,0.0,37.6,26.4,6.6,0.1,Anantapur,AP
2026-03-30,0.0,38.6,26.8,7.52,0.102,Anantapur,AP
2026-03-31,0.1,37.0,26.9,6.89,0.098,Anantapur,AP
2026-04-01,0.0,37.2,25.5,7.15,0.106,Anantapur,AP
2026-04-02,0.0,36.7,24.4,7.29,0.102,Anantapur,AP
2026-04-03,0.0,37.6,24.5,6.62,0.1,Anantapur,AP
2026-04-04,0.0,36.9,26.9,6.14,0.097,Anantapur,AP
2026-04-05,0.0,37.9,27.4,7.74,0.101,Anantapur,AP
2026-04-06,0.0,37.9,26.4,8.34,0.1,Anantapur,AP
2026-04-07,0.0,38.0,24.3,8.01,0.1,Anantapur,AP
2026-04-08,0.0,38.4,24.9,7.27,0.099,Anantapur,AP
2026-04-09,0.0,39.9,26.3,7.65,0.099,Anantapur,AP
2026-04-10,0.0,39.0,26.8,7.27,0.098,Anantapur,AP
2026-04-11,0.0,39.4,28.8,7.11,0.093,Anantapur,AP
2026-04-12,0.0,39.8,28.5,8.09,0.097,Anantapur,AP
2026-04-13,0.0,39.1,28.7,6.56,0.096,Anantapur,AP
2026-04-14,0.0,40.3,28.0,7.79,0.096,Anantapur,AP
2026-04-15,0.0,40.6,28.0,7.44,0.095,Anantapur,AP
2026-04-16,0.0,39.6,27.9,7.16,0.095,Anantapur,AP
2026-04-17,0.0,40.8,27.6,7.8,0.094,Anantapur,AP
2026-04-18,0.0,41.0,27.3,8.02,0.094,Anantapur,AP
2026-04-19,0.0,40.5,27.6,7.73,0.093,Anantapur,AP
2026-04-20,0.0,39.2,27.1,7.97,0.092,Anantapur,AP
2026-04-21,0.0,40.1,27.6,7.75,0.092,Anantapur,AP
2026-04-22,0.0,40.2,26.1,7.63,0.091,Anantapur,AP
2026-04-23,0.0,41.4,27.3,7.9,0.091,Anantapur,AP
2026-04-24,0.0,40.4,27.2,7.44,0.09,Anantapur,AP
2026-04-25,0.0,41.1,28.3,7.96,0.089,Anantapur,AP
2026-04-26,0.0,41.1,28.7,7.6,0.089,Anantapur,AP
2026-04-27,0.0,40.0,28.2,6.89,0.088,Anantapur,AP
2026-04-28,0.0,40.2,28.4,7.19,0.088,Anantapur,AP
2026-04-29,0.0,39.1,28.4,7.54,0.09,Anantapur,AP
2026-04-30,0.0,39.7,27.8,7.33,0.091,Anantapur,AP
2026-05-01,0.0,39.6,27.3,8.44,0.096,Anantapur,AP
2026-05-02,0.0,40.8,27.4,7.83,0.093,Anantapur,AP
2026-05-03,0.0,40.4,27.5,7.84,0.093,Anantapur,AP
2026-05-04,0.0,38.9,27.2,7.14,0.092,Anantapur,AP
2026-05-05,0.0,38.2,28.1,6.61,0.092,Anantapur,AP
2026-05-06,0.0,38.4,27.3,7.21,0.093,Anantapur,AP
2026-05-07,0.0,37.8,27.3,7.29,0.078,Anantapur,AP
2026-05-08,0.8,38.2,25.5,8.2,0.069,Anantapur,AP
2026-05-09,0.2,37.5,26.2,7.66,0.059,Anantapur,AP
2026-05-10,0.3,38.3,26.4,7.55,0.06,Anantapur,AP
2026-05-11,0.0,38.1,27.0,7.43,0.057,Anantapur,AP
2026-05-12,0.2,37.3,27.1,7.09,0.057,Anantapur,AP
2026-05-13,0.0,38.3,27.9,6.58,0.05,Anantapur,AP
2026-05-14,0.2,38.6,28.3,7.11,0.054,Anantapur,AP
2026-05-15,1.7,38.2,28.1,6.68,0.043,Anantapur,AP
2026-05-16,2.2,37.5,27.9,4.73,0.045,Anantapur,AP
2026-05-17,0.2,38.3,27.7,7.02,0.04,Anantapur,AP
2026-05-18,0.1,38.8,29.2,7.21,0.039,Anantapur,AP
2026-05-19,0.0,37.4,27.6,7.06,0.039,Anantapur,AP
2026-05-20,0.0,38.8,28.3,8.24,0.034,Anantapur,AP
2026-05-21,0.3,39.6,28.1,7.74,0.02,Anantapur,AP
2026-05-22,0.1,35.2,27.2,5.83,0.117,Anantapur,AP
2026-05-23,6.9,36.6,26.0,6.03,0.09,Anantapur,AP
2026-05-24,0.0,34.7,25.8,6.58,0.126,Anantapur,AP
2026-05-25,0.8,36.9,26.5,6.37,0.153,Anantapur,AP
2026-05-26,0.8,37.9,26.6,7.44,0.117,Anantapur,AP
2026-05-27,0.0,33.1,25.7,5.0,0.168,Anantapur,AP
2026-05-28,0.1,36.5,26.7,6.5,0.234,Anantapur,AP
2026-05-29,1.4,35.9,26.1,6.14,0.238,Anantapur,AP
2026-05-30,3.0,35.4,26.4,6.36,0.226,Anantapur,AP
2026-05-31,0.3,36.7,26.4,6.77,0.259,Anantapur,AP
2026-06-01,13.0,34.3,24.1,4.82,0.224,Anantapur,AP
2026-06-02,0.2,36.8,26.9,6.47,0.242,Anantapur,AP
2026-06-03,6.5,34.0,25.1,4.79,0.299,Anantapur,AP
2026-06-04,0.3,35.2,25.8,7.01,0.297,Anantapur,AP
2026-06-05,1.3,34.1,26.3,6.07,0.229,Anantapur,AP
2026-06-06,26.5,35.0,24.0,5.23,0.256,Anantapur,AP
2026-06-07,3.9,33.8,24.9,5.47,0.327,Anantapur,AP
2026-06-08,2.9,34.1,24.7,5.67,0.327,Anantapur,AP
2026-06-09,2.1,32.7,25.6,5.04,0.307,Anantapur,AP
2026-06-10,7.1,33.7,26.0,6.04,0.287,Anantapur,AP
2026-06-11,0.2,34.7,25.3,6.39,0.264,Anantapur,AP
2026-06-12,0.1,35.5,25.6,6.57,0.223,Anantapur,AP
2026-06-13,14.3,34.2,23.9,4.26,0.262,Anantapur,AP
2026-06-14,10.7,33.9,23.3,5.48,0.308,Anantapur,AP
2026-06-15,0.2,35.2,25.5,6.81,0.257,Anantapur,AP
2026-06-16,0.1,35.2,26.2,6.89,0.271,Anantapur,AP
2026-06-17,0.2,35.1,26.5,6.98,0.275,Anantapur,AP
2026-06-18,0.0,35.4,26.3,6.76,0.248,Anantapur,AP
2026-06-19,0.0,34.6,26.5,5.68,0.245,Anantapur,AP
2026-06-20,0.0,34.2,26.6,5.66,0.229,Anantapur,AP
2026-06-21,1.7,34.7,26.4,5.54,0.212,Anantapur,AP
2026-06-22,2.4,35.1,26.6,6.71,0.215,Anantapur,AP
2026-06-23,0.2,33.7,25.6,6.84,0.24,Anantapur,AP
2026-06-24,1.5,33.7,25.6,5.46,0.215,Anantapur,AP
2026-06-25,1.9,34.3,26.0,7.24,0.205,Anantapur,AP
2026-06-26,2.1,33.9,25.6,7.18,0.207,Anantapur,AP
2026-06-27,2.2,35.1,26.0,6.49,0.152,Anantapur,AP
2026-06-28,6.7,35.8,25.5,5.93,0.291,Anantapur,AP
2026-06-29,5.9,34.5,24.8,6.22,0.233,Anantapur,AP
2026-06-30,0.5,33.8,25.1,6.84,0.226,Anantapur,AP
2026-07-01,0.0,32.3,25.5,5.14,0.202,Anantapur,AP
2026-07-02,1.3,32.6,24.7,5.46,0.171,Anantapur,AP
2026-07-03,0.5,34.0,25.4,6.29,0.16,Anantapur,AP
2026-07-04,0.6,31.4,25.3,5.25,0.142,Anantapur,AP
2026-07-05,0.5,34.2,25.4,7.48,0.122,Anantapur,AP
2026-07-06,0.3,33.9,26.3,7.61,0.116,Anantapur,AP
2026-07-07,0.6,34.4,26.1,7.56,0.12,Anantapur,AP
2026-07-08,1.0,34.9,26.4,7.1,0.119,Anantapur,AP
2026-07-09,0.6,34.9,25.9,6.86,0.118,Anantapur,AP
2026-07-10,1.6,34.9,25.5,6.33,0.125,Anantapur,AP
2026-07-11,0.0,35.9,25.4,7.54,0.127,Anantapur,AP
2026-07-12,0.0,36.1,25.1,8.12,0.114,Anantapur,AP
2026-07-13,0.0,37.1,25.2,8.67,0.107,Anantapur,AP
2026-07-14,0.0,37.4,24.4,7.9,0.101,Anantapur,AP
2026-07-15,0.0,36.2,24.7,8.46,0.1,Anantapur,AP
2026-07-16,1.3,35.0,25.8,6.99,0.1,Anantapur,AP
2026-07-17,7.7,33.1,25.6,4.65,0.166,Anantapur,AP
2026-07-18,5.6,31.7,25.2,4.26,0.243,Anantapur,AP
2026-07-19,1.1,34.3,25.4,6.05,0.27,Anantapur,AP
2026-07-20,4.7,34.6,25.3,5.68,0.228,Anantapur,AP
2026-07-21,2.2,32.8,25.0,5.61,0.232,Anantapur,AP
2026-07-22,1.0,31.2,25.7,4.93,0.196,Anantapur,AP
2026-07-23,1.9,33.5,25.2,6.44,0.185,Anantapur,AP
2026-07-24,0.8,33.1,25.5,6.42,0.193,Anantapur,AP
2026-07-25,5.9,34.4,25.3,6.1,0.187,Anantapur,AP
2026-07-26,3.7,33.9,25.3,6.08,0.22,Anantapur,AP
2026-07-27,3.3,34.5,25.5,6.27,0.191,Anantapur,AP
2026-07-28,2.2,34.7,25.9,6.99,0.145,Anantapur,AP
2026-07-29,3.8,33.4,24.6,6.11,0.122,Anantapur,AP
2026-07-30,3.0,33.8,26.0,6.31,0.11,Anantapur,AP
2026-07-31,0.6,35.7,26.4,7.18,0.094,Anantapur,AP
2026-08-01,1.7,34.1,26.4,6.16,0.07,Anantapur,AP
2026-08-02,10.9,35.9,24.4,7.06,0.08,Anantapur,AP
2026-08-03,11.4,34.7,24.5,5.44,0.177,Anantapur,AP
2026-08-04,20.3,33.3,24.5,5.25,0.31,Anantapur,AP
2026-08-05,7.4,33.3,24.0,5.99,0.318,Anantapur,AP
2026-08-06,3.6,32.3,25.1,5.23,0.263,Anantapur,AP
2026-08-07,3.4,33.4,24.6,6.2,0.245,Anantapur,AP
2026-08-08,2.5,33.1,25.3,5.85,0.281,Anantapur,AP
2026-08-09,1.0,34.2,25.3,6.91,0.275,Anantapur,AP
2026-08-10,1.8,34.9,25.1,6.7,0.206,Anantapur,AP
2026-08-11,0.6,34.4,25.3,7.14,0.197,Anantapur,AP
2026-08-12,6.9,34.0,25.3,6.16,0.186,Anantapur,AP
2026-08-13,2.8,34.1,25.8,5.94,0.192,Anantapur,AP
2026-08-14,2.1,33.9,25.2,6.66,0.166,Anantapur,AP
2026-08-15,0.5,34.3,25.5,7.14,0.174,Anantapur,AP
2026-08-16,0.5,35.0,25.3,6.97,0.148,Anantapur,AP
2026-08-17,0.3,34.3,25.5,7.12,0.124,Anantapur,AP
2026-08-18,2.9,34.3,24.9,6.57,0.117,Anantapur,AP
2026-08-19,4.4,32.9,24.1,4.99,0.128,Anantapur,AP
2026-08-20,1.9,34.7,25.5,7.06,0.14,Anantapur,AP
2026-08-21,1.3,34.6,25.1,6.63,0.125,Anantapur,AP
2026-08-22,2.8,34.7,24.6,7.16,0.115,Anantapur,AP
2026-08-23,4.2,34.3,25.2,6.22,0.142,Anantapur,AP
2026-08-24,13.1,31.3,24.8,4.45,0.195,Anantapur,AP
2026-08-25,1.7,33.3,25.3,6.03,0.192,Anantapur,AP
2026-08-26,1.9,34.5,25.1,7.07,0.146,Anantapur,AP
2026-08-27,0.1,34.8,25.1,7.06,0.109,Anantapur,AP
2026-08-28,1.3,34.8,25.2,7.48,0.079,Anantapur,AP
2026-08-29,0.6,34.9,25.1,7.55,0.072,Anantapur,AP
2026-08-30,3.9,34.4,25.4,7.44,0.1,Anantapur,AP
2026-08-31,0.4,34.0,24.6,7.01,0.119,Anantapur,AP
2026-09-01,1.1,34.2,25.3,6.85,0.104,Anantapur,AP
2026-09-02,5.6,35.5,25.4,6.79,0.084,Anantapur,AP
2026-09-03,0.9,33.4,25.6,5.51,0.056,Anantapur,AP
2026-09-04,1.5,34.5,25.7,6.52,0.014,Anantapur,AP
2026-09-05,0.3,35.3,25.2,7.18,0.012,Anantapur,AP
2026-09-06,0.2,35.8,26.0,7.39,0.013,Anantapur,AP
2026-09-07,0.3,36.2,25.8,7.44,0.013,Anantapur,AP
2026-09-08,3.6,34.4,25.7,6.92,0.085,Anantapur,AP
2026-09-09,0.5,35.7,26.2,7.02,0.106,Anantapur,AP
2026-09-10,0.6,35.4,26.3,6.84,0.108,Anantapur,AP
