date,precipitation_sum,temperature_2m_max,temperature_2m_min,et0_fao_evapotranspiration,soil_moisture_0_to_7cm_mean,district,state
2014-01-01,0.0,26.9,18.2,3.59,0.132,Annamayya,AP
2014-01-02,0.0,27.8,17.9,4.24,0.131,Annamayya,AP
2014-01-03,0.0,28.2,18.2,3.58,0.13,Annamayya,AP
2014-01-04,0.0,26.4,16.7,3.42,0.13,Annamayya,AP
2014-01-05,0.0,29.3,15.8,4.39,0.129,Annamayya,AP
2014-01-06,0.0,29.9,15.4,4.68,0.128,Annamayya,AP
2014-01-07,0.0,29.0,17.4,4.57,0.128,Annamayya,AP
2014-01-08,0.0,29.1,17.6,4.55,0.127,Annamayya,AP
2014-01-09,0.0,29.4,18.1,4.36,0.127,Annamayya,AP
2014-01-10,0.0,29.9,16.3,4.48,0.126,Annamayya,AP
2014-01-11,0.0,29.9,17.7,4.59,0.125,Annamayya,AP
2014-01-12,0.0,30.7,16.6,4.81,0.125,Annamayya,AP
2014-01-13,0.0,29.8,15.3,4.73,0.124,Annamayya,AP
2014-01-14,0.0,29.6,16.5,4.57,0.124,Annamayya,AP
2014-01-15,0.0,30.5,16.9,4.71,0.123,Annamayya,AP
2014-01-16,0.0,30.5,17.9,4.39,0.123,Annamayya,AP
2014-01-17,0.0,29.6,18.2,4.74,0.123,Annamayya,AP
2014-01-18,0.0,29.2,16.8,4.52,0.123,Annamayya,AP
2014-01-19,0.0,27.9,16.8,3.25,0.123,Annamayya,AP
2014-01-20,0.0,29.2,19.5,4.35,0.124,Annamayya,AP
2014-01-21,0.0,28.3,18.9,4.19,0.124,Annamayya,AP
2014-01-22,0.0,28.3,18.6,4.43,0.123,Annamayya,AP
2014-01-23,0.0,29.5,15.6,5.09,0.123,Annamayya,AP
2014-01-24,0.0,30.2,15.1,5.05,0.123,Annamayya,AP
2014-01-25,0.0,29.5,16.5,4.49,0.123,Annamayya,AP
2014-01-26,0.0,27.8,18.3,3.92,0.123,Annamayya,AP
2014-01-27,0.0,26.9,18.3,3.47,0.124,Annamayya,AP
2014-01-28,0.2,27.4,18.4,3.46,0.127,Annamayya,AP
2014-01-29,0.0,28.7,17.0,4.26,0.127,Annamayya,AP
2014-01-30,0.0,29.5,15.9,5.08,0.126,Annamayya,AP
2014-01-31,0.0,29.7,15.9,5.24,0.125,Annamayya,AP
2014-02-01,0.0,28.5,17.4,3.55,0.125,Annamayya,AP
2014-02-02,0.0,30.0,18.5,4.97,0.125,Annamayya,AP
2014-02-03,0.0,31.5,15.6,5.4,0.124,Annamayya,AP
2014-02-04,0.0,32.3,16.3,5.33,0.124,Annamayya,AP
2014-02-05,0.0,33.0,15.6,5.68,0.123,Annamayya,AP
2014-02-06,0.0,33.4,15.3,6.08,0.123,Annamayya,AP
2014-02-07,0.0,33.1,14.3,6.18,0.122,Annamayya,AP
2014-02-08,0.0,33.7,15.1,6.27,0.122,Annamayya,AP
2014-02-09,0.0,34.7,16.7,6.09,0.122,Annamayya,AP
2014-02-10,0.0,34.3,17.8,5.91,0.121,Annamayya,AP
2014-02-11,0.0,33.3,19.0,6.18,0.121,Annamayya,AP
2014-02-12,0.0,32.9,18.7,6.2,0.121,Annamayya,AP
2014-02-13,0.0,32.4,18.6,6.03,0.121,Annamayya,AP
2014-02-14,0.0,30.9,20.2,4.19,0.121,Annamayya,AP
2014-02-15,0.0,33.3,21.3,4.55,0.122,Annamayya,AP
2014-02-16,0.3,32.6,21.9,5.0,0.125,Annamayya,AP
2014-02-17,0.1,29.6,22.0,4.03,0.126,Annamayya,AP
2014-02-18,0.0,29.7,20.0,4.06,0.13,Annamayya,AP
2014-02-19,0.2,29.2,21.5,3.91,0.131,Annamayya,AP
2014-02-20,0.0,30.3,20.2,4.83,0.131,Annamayya,AP
2014-02-21,0.0,32.3,19.2,5.48,0.13,Annamayya,AP
2014-02-22,0.0,32.5,18.6,6.06,0.128,Annamayya,AP
2014-02-23,0.0,31.4,17.0,5.92,0.127,Annamayya,AP
2014-02-24,0.0,31.1,16.7,5.11,0.126,Annamayya,AP
2014-02-25,0.0,30.2,22.0,4.14,0.126,Annamayya,AP
2014-02-26,0.0,32.2,20.9,5.46,0.126,Annamayya,AP
2014-02-27,0.0,33.0,18.2,5.99,0.125,Annamayya,AP
2014-02-28,0.0,32.6,20.5,5.0,0.125,Annamayya,AP
2014-03-01,1.9,31.1,21.4,4.18,0.129,Annamayya,AP
2014-03-02,0.5,31.3,21.1,4.82,0.14,Annamayya,AP
2014-03-03,0.0,31.7,21.7,5.12,0.142,Annamayya,AP
2014-03-04,1.2,30.7,21.4,4.54,0.146,Annamayya,AP
2014-03-05,0.6,30.0,21.3,4.27,0.158,Annamayya,AP
2014-03-06,0.2,30.7,20.7,4.29,0.156,Annamayya,AP
2014-03-07,0.0,31.7,21.4,5.48,0.152,Annamayya,AP
2014-03-08,0.0,32.4,19.5,6.04,0.147,Annamayya,AP
2014-03-09,0.0,31.3,19.1,5.45,0.142,Annamayya,AP
2014-03-10,0.0,32.2,19.4,5.73,0.138,Annamayya,AP
2014-03-11,0.0,32.3,20.6,5.9,0.135,Annamayya,AP
2014-03-12,0.0,32.9,20.2,6.12,0.132,Annamayya,AP
2014-03-13,0.0,33.2,19.5,6.08,0.13,Annamayya,AP
2014-03-14,0.0,34.6,17.3,6.94,0.128,Annamayya,AP
2014-03-15,0.0,35.2,17.5,7.15,0.127,Annamayya,AP
2014-03-16,0.0,35.8,17.3,7.17,0.126,Annamayya,AP
2014-03-17,0.0,36.2,18.9,7.31,0.124,Annamayya,AP
2014-03-18,0.0,37.1,18.7,7.45,0.123,Annamayya,AP
2014-03-19,0.0,37.4,18.4,7.4,0.123,Annamayya,AP
2014-03-20,0.0,38.2,19.6,7.35,0.122,Annamayya,AP
2014-03-21,0.0,38.6,21.3,7.01,0.122,Annamayya,AP
2014-03-22,0.0,38.3,22.6,6.66,0.121,Annamayya,AP
2014-03-23,0.0,38.3,23.3,8.22,0.121,Annamayya,AP
2014-03-24,0.0,38.2,22.6,8.29,0.121,Annamayya,AP
2014-03-25,0.0,37.7,21.6,7.56,0.121,Annamayya,AP
2014-03-26,0.0,37.4,20.2,7.78,0.12,Annamayya,AP
2014-03-27,0.0,37.3,19.4,7.47,0.12,Annamayya,AP
2014-03-28,0.0,38.5,19.4,7.38,0.12,Annamayya,AP
2014-03-29,0.0,39.1,21.2,8.1,0.12,Annamayya,AP
2014-03-30,0.0,39.9,22.5,8.58,0.12,Annamayya,AP
2014-03-31,0.0,40.1,24.8,8.35,0.12,Annamayya,AP
2014-04-01,0.0,40.3,23.6,7.88,0.12,Annamayya,AP
2014-04-02,0.0,39.4,24.0,7.85,0.12,Annamayya,AP
2014-04-03,0.0,38.7,23.1,7.71,0.12,Annamayya,AP
2014-04-04,0.0,38.8,22.7,7.61,0.12,Annamayya,AP
2014-04-05,0.0,39.4,22.2,7.93,0.12,Annamayya,AP
2014-04-06,0.0,39.2,23.4,8.23,0.12,Annamayya,AP
2014-04-07,0.0,39.4,23.0,8.15,0.12,Annamayya,AP
2014-04-08,0.0,40.0,22.9,7.37,0.12,Annamayya,AP
2014-04-09,0.3,39.0,25.7,7.02,0.122,Annamayya,AP
2014-04-10,0.0,36.4,24.7,4.45,0.127,Annamayya,AP
2014-04-11,0.0,38.9,24.1,6.73,0.126,Annamayya,AP
2014-04-12,0.0,37.7,25.1,6.21,0.125,Annamayya,AP
2014-04-13,0.4,37.5,25.9,5.94,0.127,Annamayya,AP
2014-04-14,0.0,37.4,25.0,7.04,0.13,Annamayya,AP
2014-04-15,0.0,37.3,25.0,6.77,0.128,Annamayya,AP
2014-04-16,0.0,37.9,24.6,6.95,0.126,Annamayya,AP
2014-04-17,0.0,38.7,24.4,6.75,0.125,Annamayya,AP
2014-04-18,0.0,38.6,25.9,6.94,0.124,Annamayya,AP
2014-04-19,0.0,38.2,25.5,7.28,0.123,Annamayya,AP
2014-04-20,0.0,38.2,23.0,7.64,0.123,Annamayya,AP
2014-04-21,0.0,39.4,21.7,8.26,0.122,Annamayya,AP
2014-04-22,0.0,38.7,21.3,8.05,0.121,Annamayya,AP
2014-04-23,0.0,38.8,22.4,7.58,0.121,Annamayya,AP
2014-04-24,0.0,40.1,21.9,7.68,0.121,Annamayya,AP
2014-04-25,0.0,40.5,24.9,7.68,0.121,Annamayya,AP
2014-04-26,0.2,40.1,26.5,6.97,0.121,Annamayya,AP
2014-04-27,0.3,40.1,27.1,7.12,0.123,Annamayya,AP
2014-04-28,0.2,40.0,25.8,7.42,0.123,Annamayya,AP
2014-04-29,0.0,40.0,25.8,7.96,0.123,Annamayya,AP
2014-04-30,0.0,38.5,26.2,6.97,0.122,Annamayya,AP
2014-05-01,0.0,39.8,26.5,7.0,0.122,Annamayya,AP
2014-05-02,0.0,39.0,27.1,6.68,0.122,Annamayya,AP
2014-05-03,0.0,38.7,26.1,6.94,0.122,Annamayya,AP
2014-05-04,0.0,38.0,25.8,7.28,0.122,Annamayya,AP
2014-05-05,0.8,36.6,25.3,6.56,0.124,Annamayya,AP
2014-05-06,6.3,34.1,25.3,4.64,0.165,Annamayya,AP
2014-05-07,3.7,30.8,24.9,4.13,0.241,Annamayya,AP
2014-05-08,21.2,28.9,24.1,2.33,0.312,Annamayya,AP
2014-05-09,0.6,31.8,23.9,4.12,0.321,Annamayya,AP
2014-05-10,0.0,35.4,25.2,6.33,0.274,Annamayya,AP
2014-05-11,0.0,36.5,24.9,6.84,0.241,Annamayya,AP
2014-05-12,0.0,38.3,23.6,7.3,0.213,Annamayya,AP
2014-05-13,0.0,38.9,24.9,6.84,0.19,Annamayya,AP
2014-05-14,0.0,38.9,27.0,8.31,0.172,Annamayya,AP
2014-05-15,0.0,38.6,25.5,7.68,0.157,Annamayya,AP
2014-05-16,0.0,39.0,25.1,7.73,0.147,Annamayya,AP
2014-05-17,0.4,38.3,26.5,6.67,0.141,Annamayya,AP
2014-05-18,0.0,38.9,26.9,6.88,0.137,Annamayya,AP
2014-05-19,0.0,40.7,26.8,7.01,0.133,Annamayya,AP
2014-05-20,2.2,38.5,26.5,5.87,0.135,Annamayya,AP
2014-05-21,8.5,37.6,24.8,5.92,0.213,Annamayya,AP
2014-05-22,0.8,37.7,27.0,7.18,0.246,Annamayya,AP
2014-05-23,0.0,39.0,27.4,7.45,0.22,Annamayya,AP
2014-05-24,0.3,39.2,27.7,7.61,0.194,Annamayya,AP
2014-05-25,0.1,39.1,27.9,7.7,0.175,Annamayya,AP
2014-05-26,0.0,38.1,28.0,7.52,0.161,Annamayya,AP
2014-05-27,0.1,39.5,27.5,6.77,0.15,Annamayya,AP
2014-05-28,4.1,38.2,25.7,6.01,0.16,Annamayya,AP
2014-05-29,0.0,38.0,26.7,6.46,0.16,Annamayya,AP
2014-05-30,0.0,39.3,27.3,6.97,0.149,Annamayya,AP
2014-05-31,0.6,39.3,28.2,7.2,0.143,Annamayya,AP
2014-06-01,1.0,39.9,27.2,7.09,0.143,Annamayya,AP
2014-06-02,11.0,38.5,25.1,6.11,0.158,Annamayya,AP
2014-06-03,14.7,33.6,25.1,5.16,0.319,Annamayya,AP
2014-06-04,2.2,35.0,25.4,5.69,0.303,Annamayya,AP
2014-06-05,5.2,35.3,26.4,6.08,0.284,Annamayya,AP
2014-06-06,17.7,36.0,26.0,6.47,0.303,Annamayya,AP
2014-06-07,0.0,35.8,26.7,6.8,0.307,Annamayya,AP
2014-06-08,3.2,36.0,27.2,7.07,0.273,Annamayya,AP
2014-06-09,0.2,33.7,27.0,5.58,0.261,Annamayya,AP
2014-06-10,1.3,37.1,26.7,7.0,0.239,Annamayya,AP
2014-06-11,0.0,36.8,26.9,7.65,0.22,Annamayya,AP
2014-06-12,0.8,36.2,26.4,7.4,0.201,Annamayya,AP
2014-06-13,0.0,35.5,26.1,7.48,0.19,Annamayya,AP
2014-06-14,1.9,35.0,26.1,6.55,0.184,Annamayya,AP
2014-06-15,0.0,33.9,25.8,6.43,0.196,Annamayya,AP
2014-06-16,0.0,36.1,26.3,7.77,0.181,Annamayya,AP
2014-06-17,0.0,34.6,26.7,7.29,0.168,Annamayya,AP
2014-06-18,0.0,34.0,26.3,6.18,0.16,Annamayya,AP
2014-06-19,0.1,35.7,26.2,7.16,0.154,Annamayya,AP
2014-06-20,0.0,34.2,26.0,6.84,0.148,Annamayya,AP
2014-06-21,0.0,35.5,26.1,7.41,0.143,Annamayya,AP
2014-06-22,0.0,34.7,25.9,7.18,0.139,Annamayya,AP
2014-06-23,0.0,35.0,25.7,7.52,0.135,Annamayya,AP
2014-06-24,0.0,37.2,25.5,8.42,0.133,Annamayya,AP
2014-06-25,0.0,36.9,26.0,7.97,0.13,Annamayya,AP
2014-06-26,0.0,36.3,26.2,6.94,0.128,Annamayya,AP
2014-06-27,0.2,36.8,27.5,6.22,0.128,Annamayya,AP
2014-06-28,2.6,35.1,25.9,5.54,0.134,Annamayya,AP
2014-06-29,3.0,36.5,25.9,5.8,0.185,Annamayya,AP
2014-06-30,2.0,36.8,25.9,6.66,0.207,Annamayya,AP
2014-07-01,0.2,36.4,27.3,6.83,0.191,Annamayya,AP
2014-07-02,0.0,35.5,26.2,6.77,0.175,Annamayya,AP
2014-07-03,0.0,36.5,26.6,7.96,0.161,Annamayya,AP
2014-07-04,1.6,35.1,26.0,6.77,0.152,Annamayya,AP
2014-07-05,6.3,35.1,25.2,5.4,0.173,Annamayya,AP
2014-07-06,3.6,30.9,24.1,4.52,0.234,Annamayya,AP
2014-07-07,1.0,31.4,23.9,4.88,0.254,Annamayya,AP
2014-07-08,4.6,31.5,24.4,4.59,0.243,Annamayya,AP
2014-07-09,3.6,31.3,24.7,4.56,0.273,Annamayya,AP
2014-07-10,3.7,28.9,23.1,3.61,0.296,Annamayya,AP
2014-07-11,0.2,29.8,24.5,4.84,0.269,Annamayya,AP
2014-07-12,0.9,31.8,25.1,5.77,0.245,Annamayya,AP
2014-07-13,2.2,30.8,24.9,4.39,0.239,Annamayya,AP
2014-07-14,0.4,32.2,24.8,5.71,0.235,Annamayya,AP
2014-07-15,4.1,29.5,24.9,3.88,0.242,Annamayya,AP
2014-07-16,0.0,33.3,24.9,6.03,0.239,Annamayya,AP
2014-07-17,0.0,32.5,25.3,5.87,0.216,Annamayya,AP
2014-07-18,0.0,33.1,25.3,6.47,0.198,Annamayya,AP
2014-07-19,0.0,31.8,25.8,5.19,0.185,Annamayya,AP
2014-07-20,0.0,31.6,25.6,5.62,0.176,Annamayya,AP
2014-07-21,0.0,31.9,25.2,5.92,0.167,Annamayya,AP
2014-07-22,0.2,33.2,25.0,6.52,0.16,Annamayya,AP
2014-07-23,0.6,32.4,25.4,6.19,0.159,Annamayya,AP
2014-07-24,0.0,34.0,24.8,6.89,0.159,Annamayya,AP
2014-07-25,0.0,34.1,24.6,6.75,0.151,Annamayya,AP
2014-07-26,0.2,32.8,24.9,5.61,0.146,Annamayya,AP
2014-07-27,0.7,31.2,24.9,5.17,0.146,Annamayya,AP
2014-07-28,2.4,30.8,23.3,3.9,0.17,Annamayya,AP
2014-07-29,1.9,31.9,24.0,4.38,0.184,Annamayya,AP
2014-07-30,1.1,32.5,24.9,4.29,0.188,Annamayya,AP
2014-07-31,0.7,32.0,25.1,4.5,0.191,Annamayya,AP
2014-08-01,0.0,33.3,25.6,5.93,0.182,Annamayya,AP
2014-08-02,0.5,31.9,25.1,5.51,0.173,Annamayya,AP
2014-08-03,0.0,32.4,25.1,5.48,0.166,Annamayya,AP
2014-08-04,0.1,31.9,25.2,5.63,0.159,Annamayya,AP
2014-08-05,0.0,31.8,25.5,6.26,0.153,Annamayya,AP
2014-08-06,0.2,34.3,25.0,6.5,0.148,Annamayya,AP
2014-08-07,0.7,32.7,24.3,4.59,0.149,Annamayya,AP
2014-08-08,0.8,33.7,24.9,5.12,0.149,Annamayya,AP
2014-08-09,2.6,34.6,24.6,5.74,0.154,Annamayya,AP
2014-08-10,3.5,33.3,24.5,4.9,0.179,Annamayya,AP
2014-08-11,0.3,33.5,24.5,5.01,0.188,Annamayya,AP
2014-08-12,2.1,33.2,24.3,5.39,0.185,Annamayya,AP
2014-08-13,5.3,31.0,24.1,4.27,0.192,Annamayya,AP
2014-08-14,0.1,33.9,24.3,5.66,0.198,Annamayya,AP
2014-08-15,0.2,35.0,24.8,6.52,0.183,Annamayya,AP
2014-08-16,0.3,33.9,24.7,5.63,0.17,Annamayya,AP
2014-08-17,1.1,33.6,25.4,5.81,0.161,Annamayya,AP
2014-08-18,12.2,33.7,24.4,4.85,0.178,Annamayya,AP
2014-08-19,4.8,32.8,23.7,4.6,0.302,Annamayya,AP
2014-08-20,2.8,33.5,23.7,4.79,0.283,Annamayya,AP
2014-08-21,3.2,34.4,24.1,5.59,0.279,Annamayya,AP
2014-08-22,0.5,34.2,24.0,5.44,0.273,Annamayya,AP
2014-08-23,0.5,34.3,24.2,5.32,0.242,Annamayya,AP
2014-08-24,3.5,33.9,24.4,4.67,0.224,Annamayya,AP
2014-08-25,9.8,32.7,23.8,4.4,0.304,Annamayya,AP
2014-08-26,3.5,32.1,24.0,4.19,0.318,Annamayya,AP
2014-08-27,15.3,25.4,22.2,1.73,0.346,Annamayya,AP
2014-08-28,18.2,23.4,21.8,1.35,0.396,Annamayya,AP
2014-08-29,1.8,29.3,22.7,4.41,0.361,Annamayya,AP
2014-08-30,0.3,29.8,24.7,5.05,0.33,Annamayya,AP
2014-08-31,0.1,31.1,24.9,5.33,0.308,Annamayya,AP
2014-09-01,1.2,31.0,25.1,4.32,0.294,Annamayya,AP
2014-09-02,3.3,30.3,24.4,3.17,0.297,Annamayya,AP
2014-09-03,3.4,31.7,23.7,4.31,0.316,Annamayya,AP
2014-09-04,7.2,30.3,23.2,3.58,0.361,Annamayya,AP
2014-09-05,0.0,30.3,24.2,4.4,0.322,Annamayya,AP
2014-09-06,2.7,28.3,23.0,3.7,0.302,Annamayya,AP
2014-09-07,6.2,29.9,22.6,3.96,0.358,Annamayya,AP
2014-09-08,0.0,31.6,22.9,5.68,0.315,Annamayya,AP
2014-09-09,0.0,31.5,22.9,5.5,0.285,Annamayya,AP
2014-09-10,0.0,32.0,22.9,5.87,0.262,Annamayya,AP
2014-09-11,0.0,32.3,23.6,5.95,0.241,Annamayya,AP
2014-09-12,0.0,32.4,23.9,5.79,0.223,Annamayya,AP
2014-09-13,0.0,32.2,24.4,5.63,0.209,Annamayya,AP
2014-09-14,4.2,32.3,24.2,5.35,0.2,Annamayya,AP
2014-09-15,3.4,32.5,23.6,4.98,0.239,Annamayya,AP
2014-09-16,2.1,29.2,23.9,3.61,0.254,Annamayya,AP
2014-09-17,2.2,30.4,22.9,3.93,0.262,Annamayya,AP
2014-09-18,10.0,26.6,22.8,1.9,0.305,Annamayya,AP
2014-09-19,3.9,31.0,23.0,4.31,0.323,Annamayya,AP
2014-09-20,0.2,29.5,24.0,4.29,0.293,Annamayya,AP
2014-09-21,0.0,31.3,24.3,5.18,0.266,Annamayya,AP
2014-09-22,6.6,32.9,24.2,4.56,0.256,Annamayya,AP
2014-09-23,4.4,32.6,23.1,4.8,0.302,Annamayya,AP
2014-09-24,8.5,32.3,23.4,4.3,0.331,Annamayya,AP
2014-09-25,3.6,31.1,22.7,3.89,0.349,Annamayya,AP
2014-09-26,0.8,31.4,22.5,4.9,0.311,Annamayya,AP
2014-09-27,0.0,32.6,23.2,5.34,0.282,Annamayya,AP
2014-09-28,2.5,31.3,23.4,4.11,0.269,Annamayya,AP
2014-09-29,0.0,31.6,22.3,4.79,0.267,Annamayya,AP
2014-09-30,0.0,33.1,23.1,5.34,0.246,Annamayya,AP
2014-10-01,0.0,34.2,23.1,5.68,0.224,Annamayya,AP
2014-10-02,0.0,34.3,21.1,5.83,0.204,Annamayya,AP
2014-10-03,0.0,33.8,22.9,4.99,0.187,Annamayya,AP
2014-10-04,0.0,34.6,23.6,5.17,0.174,Annamayya,AP
2014-10-05,4.1,35.2,23.8,5.15,0.168,Annamayya,AP
2014-10-06,8.7,35.1,23.6,5.19,0.21,Annamayya,AP
2014-10-07,4.3,32.8,23.3,4.7,0.271,Annamayya,AP
2014-10-08,2.7,30.6,22.7,3.56,0.281,Annamayya,AP
2014-10-09,0.1,31.9,23.1,4.2,0.263,Annamayya,AP
2014-10-10,1.5,32.5,23.7,4.3,0.244,Annamayya,AP
2014-10-11,0.0,32.2,24.2,4.19,0.244,Annamayya,AP
2014-10-12,0.0,33.7,25.2,6.15,0.222,Annamayya,AP
2014-10-13,0.0,35.4,23.4,6.24,0.199,Annamayya,AP
2014-10-14,0.0,35.5,22.0,5.58,0.181,Annamayya,AP
2014-10-15,0.0,33.8,24.2,5.39,0.168,Annamayya,AP
2014-10-16,0.3,31.7,23.8,4.21,0.163,Annamayya,AP
2014-10-17,0.5,32.7,22.8,4.53,0.16,Annamayya,AP
2014-10-18,2.1,28.8,23.2,2.93,0.17,Annamayya,AP
2014-10-19,6.6,25.0,22.4,1.34,0.207,Annamayya,AP
2014-10-20,3.7,28.7,22.2,2.05,0.248,Annamayya,AP
2014-10-21,1.1,29.8,22.2,3.82,0.258,Annamayya,AP
2014-10-22,0.6,30.5,21.8,4.13,0.24,Annamayya,AP
2014-10-23,2.1,29.5,21.9,3.55,0.23,Annamayya,AP
2014-10-24,13.1,28.6,21.8,2.75,0.302,Annamayya,AP
2014-10-25,2.2,30.0,22.4,3.31,0.326,Annamayya,AP
2014-10-26,6.3,29.0,22.3,3.13,0.338,Annamayya,AP
2014-10-27,10.4,27.8,22.3,2.57,0.367,Annamayya,AP
2014-10-28,0.7,28.2,22.0,2.94,0.346,Annamayya,AP
2014-10-29,0.0,28.7,22.4,3.77,0.311,Annamayya,AP
2014-10-30,0.0,29.4,20.9,4.81,0.287,Annamayya,AP
2014-10-31,0.0,28.5,20.4,3.9,0.267,Annamayya,AP
2014-11-01,3.5,28.8,21.0,3.61,0.271,Annamayya,AP
2014-11-02,2.3,28.4,21.7,2.53,0.286,Annamayya,AP
2014-11-03,0.0,29.3,20.7,3.85,0.275,Annamayya,AP
2014-11-04,0.0,31.7,19.2,4.61,0.255,Annamayya,AP
2014-11-05,0.0,31.9,18.1,4.41,0.235,Annamayya,AP
2014-11-06,0.0,32.3,18.4,5.12,0.218,Annamayya,AP
2014-11-07,0.0,32.3,19.2,5.13,0.202,Annamayya,AP
2014-11-08,0.0,31.7,20.1,4.79,0.188,Annamayya,AP
2014-11-09,1.1,31.2,22.1,4.5,0.179,Annamayya,AP
2014-11-10,1.1,27.8,21.1,2.48,0.208,Annamayya,AP
2014-11-11,0.0,29.9,22.3,3.7,0.206,Annamayya,AP
2014-11-12,9.9,26.8,21.6,2.02,0.234,Annamayya,AP
2014-11-13,28.2,22.9,21.4,0.75,0.4,Annamayya,AP
2014-11-14,2.3,26.7,21.1,2.31,0.364,Annamayya,AP
2014-11-15,0.9,28.1,20.0,3.28,0.346,Annamayya,AP
2014-11-16,0.0,28.0,18.5,3.94,0.324,Annamayya,AP
2014-11-17,0.0,28.4,17.6,4.27,0.303,Annamayya,AP
2014-11-18,0.0,28.2,18.3,4.04,0.285,Annamayya,AP
2014-11-19,0.0,28.8,19.7,4.12,0.271,Annamayya,AP
2014-11-20,0.0,28.6,17.9,3.72,0.258,Annamayya,AP
2014-11-21,0.0,28.9,19.6,4.17,0.247,Annamayya,AP
2014-11-22,0.0,29.1,18.8,4.36,0.234,Annamayya,AP
2014-11-23,0.0,29.1,17.7,4.44,0.222,Annamayya,AP
2014-11-24,0.0,29.1,17.8,4.33,0.211,Annamayya,AP
2014-11-25,0.0,28.0,19.2,3.82,0.203,Annamayya,AP
2014-11-26,0.0,27.9,18.3,3.88,0.195,Annamayya,AP
2014-11-27,0.0,28.3,17.4,4.36,0.188,Annamayya,AP
2014-11-28,0.0,28.3,18.2,3.78,0.181,Annamayya,AP
2014-11-29,0.0,27.0,18.8,3.35,0.176,Annamayya,AP
2014-11-30,0.1,27.7,19.2,3.76,0.171,Annamayya,AP
2014-12-01,0.0,29.3,20.1,4.6,0.166,Annamayya,AP
2014-12-02,0.0,29.3,16.7,4.62,0.16,Annamayya,AP
2014-12-03,0.0,29.7,15.2,4.7,0.155,Annamayya,AP
2014-12-04,0.0,29.8,15.0,4.61,0.15,Annamayya,AP
2014-12-05,0.0,29.6,14.9,4.65,0.146,Annamayya,AP
2014-12-06,0.0,28.7,16.2,4.33,0.143,Annamayya,AP
2014-12-07,0.0,29.8,18.0,3.8,0.141,Annamayya,AP
2014-12-08,0.0,30.6,19.8,4.46,0.138,Annamayya,AP
2014-12-09,0.0,30.7,19.7,4.19,0.136,Annamayya,AP
2014-12-10,8.6,27.6,21.8,1.87,0.206,Annamayya,AP
2014-12-11,4.2,28.5,21.6,2.8,0.315,Annamayya,AP
2014-12-12,2.1,27.0,21.0,2.53,0.314,Annamayya,AP
2014-12-13,0.0,27.0,19.5,2.43,0.287,Annamayya,AP
2014-12-14,1.7,27.2,21.4,2.39,0.272,Annamayya,AP
2014-12-15,0.0,29.1,21.1,4.13,0.257,Annamayya,AP
2014-12-16,0.4,27.1,21.1,2.87,0.244,Annamayya,AP
2014-12-17,1.7,25.8,19.7,2.43,0.244,Annamayya,AP
2014-12-18,0.7,25.3,20.0,2.17,0.247,Annamayya,AP
2014-12-19,1.3,24.5,19.7,2.18,0.252,Annamayya,AP
2014-12-20,0.0,25.5,18.5,2.71,0.246,Annamayya,AP
2014-12-21,0.0,26.8,17.8,3.68,0.233,Annamayya,AP
2014-12-22,0.0,26.1,17.7,3.51,0.221,Annamayya,AP
2014-12-23,0.0,26.1,17.4,3.38,0.212,Annamayya,AP
2014-12-24,0.0,26.8,17.9,3.97,0.203,Annamayya,AP
2014-12-25,0.0,26.4,17.3,3.89,0.193,Annamayya,AP
2014-12-26,0.0,25.7,17.1,3.52,0.186,Annamayya,AP
2014-12-27,0.0,25.1,14.3,3.24,0.179,Annamayya,AP
2014-12-28,0.3,25.2,18.4,2.38,0.176,Annamayya,AP
2014-12-29,4.4,25.5,18.9,2.06,0.225,Annamayya,AP
2014-12-30,0.0,26.5,18.8,2.43,0.229,Annamayya,AP
2014-12-31,0.0,28.7,19.1,3.84,0.219,Annamayya,AP
2015-01-01,0.4,27.8,19.2,2.73,0.21,Annamayya,AP
2015-01-02,1.1,29.4,21.5,3.32,0.213,Annamayya,AP
2015-01-03,0.0,31.0,21.8,4.08,0.214,Annamayya,AP
2015-01-04,0.1,29.9,21.7,3.46,0.203,Annamayya,AP
2015-01-05,0.0,29.7,20.1,3.8,0.193,Annamayya,AP
2015-01-06,0.0,28.5,18.1,3.54,0.185,Annamayya,AP
2015-01-07,0.0,30.2,19.4,4.21,0.177,Annamayya,AP
2015-01-08,0.0,31.3,19.8,4.57,0.167,Annamayya,AP
2015-01-09,0.0,28.2,18.9,3.41,0.16,Annamayya,AP
2015-01-10,0.0,28.9,16.0,4.99,0.154,Annamayya,AP
2015-01-11,0.0,28.4,13.5,4.68,0.149,Annamayya,AP
2015-01-12,0.0,28.3,14.2,4.61,0.144,Annamayya,AP
2015-01-13,0.0,29.3,14.2,4.67,0.141,Annamayya,AP
2015-01-14,0.0,28.6,14.2,4.69,0.138,Annamayya,AP
2015-01-15,0.0,29.4,15.1,4.67,0.135,Annamayya,AP
2015-01-16,0.0,29.6,17.0,4.0,0.134,Annamayya,AP
2015-01-17,0.0,30.1,17.2,4.72,0.132,Annamayya,AP
2015-01-18,0.0,30.1,16.6,4.93,0.131,Annamayya,AP
2015-01-19,0.0,30.0,16.5,5.14,0.129,Annamayya,AP
2015-01-20,0.0,29.8,17.2,4.94,0.128,Annamayya,AP
2015-01-21,0.0,27.7,16.5,4.15,0.127,Annamayya,AP
2015-01-22,0.0,30.5,14.4,4.79,0.127,Annamayya,AP
2015-01-23,0.0,30.3,20.3,4.65,0.126,Annamayya,AP
2015-01-24,0.0,30.4,19.4,4.34,0.125,Annamayya,AP
2015-01-25,0.0,29.8,17.6,5.21,0.125,Annamayya,AP
2015-01-26,0.0,28.8,15.0,4.89,0.124,Annamayya,AP
2015-01-27,0.0,29.4,16.9,4.78,0.124,Annamayya,AP
2015-01-28,0.0,30.0,16.8,4.88,0.123,Annamayya,AP
2015-01-29,0.0,29.7,18.2,3.92,0.123,Annamayya,AP
2015-01-30,0.0,30.3,18.3,4.74,0.123,Annamayya,AP
2015-01-31,0.0,30.1,19.1,5.08,0.123,Annamayya,AP
2015-02-01,0.0,30.0,16.3,4.95,0.122,Annamayya,AP
2015-02-02,0.0,29.9,18.6,4.77,0.122,Annamayya,AP
2015-02-03,0.0,29.2,18.1,4.83,0.122,Annamayya,AP
2015-02-04,0.0,29.5,17.4,5.05,0.122,Annamayya,AP
2015-02-05,0.0,29.9,15.5,5.15,0.121,Annamayya,AP
2015-02-06,0.0,30.4,14.5,5.5,0.121,Annamayya,AP
2015-02-07,0.0,30.9,15.3,5.54,0.121,Annamayya,AP
2015-02-08,0.0,31.1,15.7,5.37,0.121,Annamayya,AP
2015-02-09,0.0,30.2,16.1,5.25,0.121,Annamayya,AP
2015-02-10,0.0,29.3,17.1,4.81,0.121,Annamayya,AP
2015-02-11,0.0,30.4,17.5,5.08,0.121,Annamayya,AP
2015-02-12,0.0,31.4,19.8,4.77,0.121,Annamayya,AP
2015-02-13,0.0,33.1,17.9,5.64,0.121,Annamayya,AP
2015-02-14,0.0,34.6,17.3,5.99,0.12,Annamayya,AP
2015-02-15,0.0,34.3,17.8,6.16,0.12,Annamayya,AP
2015-02-16,0.0,34.2,18.9,6.47,0.12,Annamayya,AP
2015-02-17,0.0,34.4,17.6,6.17,0.12,Annamayya,AP
2015-02-18,0.0,34.9,18.6,6.69,0.12,Annamayya,AP
2015-02-19,0.0,34.4,19.4,6.64,0.12,Annamayya,AP
2015-02-20,0.0,33.1,19.0,6.24,0.12,Annamayya,AP
2015-02-21,0.0,32.7,16.1,6.24,0.12,Annamayya,AP
2015-02-22,0.0,33.3,16.7,6.58,0.12,Annamayya,AP
2015-02-23,0.0,33.5,15.7,6.97,0.12,Annamayya,AP
2015-02-24,0.0,33.7,14.1,6.89,0.12,Annamayya,AP
2015-02-25,0.0,34.5,13.9,6.73,0.12,Annamayya,AP
2015-02-26,0.0,34.8,15.7,6.36,0.12,Annamayya,AP
2015-02-27,0.0,36.2,20.3,6.17,0.12,Annamayya,AP
2015-02-28,0.0,34.1,22.1,5.52,0.12,Annamayya,AP
2015-03-01,0.3,34.6,23.5,5.83,0.123,Annamayya,AP
2015-03-02,0.6,33.5,23.5,4.7,0.13,Annamayya,AP
2015-03-03,1.3,32.5,23.1,4.03,0.148,Annamayya,AP
2015-03-04,0.9,32.3,22.4,4.07,0.172,Annamayya,AP
2015-03-05,4.0,34.0,23.0,4.33,0.191,Annamayya,AP
2015-03-06,0.0,34.1,23.6,5.01,0.223,Annamayya,AP
2015-03-07,0.0,33.4,22.9,5.37,0.202,Annamayya,AP
2015-03-08,0.8,34.2,22.5,6.13,0.187,Annamayya,AP
2015-03-09,0.1,33.6,21.8,5.73,0.177,Annamayya,AP
2015-03-10,0.0,34.0,20.4,6.58,0.165,Annamayya,AP
2015-03-11,0.0,33.4,17.0,6.4,0.155,Annamayya,AP
2015-03-12,0.0,33.8,19.4,6.14,0.148,Annamayya,AP
2015-03-13,0.0,34.6,19.2,6.55,0.142,Annamayya,AP
2015-03-14,0.0,35.5,19.7,7.11,0.137,Annamayya,AP
2015-03-15,0.0,35.3,20.8,6.32,0.134,Annamayya,AP
2015-03-16,0.0,36.6,21.7,7.12,0.131,Annamayya,AP
2015-03-17,0.0,36.9,19.2,7.22,0.129,Annamayya,AP
2015-03-18,0.0,38.3,19.4,7.32,0.127,Annamayya,AP
2015-03-19,0.0,38.5,21.5,8.14,0.125,Annamayya,AP
2015-03-20,0.0,37.2,19.3,7.74,0.124,Annamayya,AP
2015-03-21,0.0,38.1,18.3,7.64,0.123,Annamayya,AP
2015-03-22,0.0,38.9,20.7,7.91,0.122,Annamayya,AP
2015-03-23,0.0,39.0,23.2,7.51,0.122,Annamayya,AP
2015-03-24,0.0,39.5,22.8,7.86,0.121,Annamayya,AP
2015-03-25,0.0,38.1,23.1,7.86,0.121,Annamayya,AP
2015-03-26,0.0,37.1,22.5,7.4,0.121,Annamayya,AP
2015-03-27,0.0,36.6,21.6,7.23,0.121,Annamayya,AP
2015-03-28,0.0,37.1,20.8,7.31,0.121,Annamayya,AP
2015-03-29,0.0,37.4,22.6,7.4,0.121,Annamayya,AP
2015-03-30,0.0,37.2,23.3,7.17,0.121,Annamayya,AP
2015-03-31,0.0,36.7,24.0,6.45,0.12,Annamayya,AP
2015-04-01,0.0,35.4,24.6,5.77,0.121,Annamayya,AP
2015-04-02,0.0,38.9,24.5,6.71,0.121,Annamayya,AP
2015-04-03,0.0,38.1,26.5,6.49,0.121,Annamayya,AP
2015-04-04,0.0,39.5,26.3,7.38,0.121,Annamayya,AP
2015-04-05,0.0,40.2,26.9,6.99,0.121,Annamayya,AP
2015-04-06,0.0,40.0,25.8,7.46,0.121,Annamayya,AP
2015-04-07,0.0,39.3,26.2,7.15,0.12,Annamayya,AP
2015-04-08,0.0,38.4,24.2,7.56,0.121,Annamayya,AP
2015-04-09,0.0,38.4,24.1,7.22,0.121,Annamayya,AP
2015-04-10,0.1,38.0,24.7,6.97,0.121,Annamayya,AP
2015-04-11,0.0,37.4,25.8,6.15,0.121,Annamayya,AP
2015-04-12,20.8,32.7,23.6,4.36,0.182,Annamayya,AP
2015-04-13,28.1,30.1,22.3,3.38,0.37,Annamayya,AP
2015-04-14,2.1,29.8,22.3,4.39,0.314,Annamayya,AP
2015-04-15,5.0,29.2,21.6,4.21,0.318,Annamayya,AP
2015-04-16,0.3,31.3,21.4,4.98,0.305,Annamayya,AP
2015-04-17,0.1,32.7,23.1,5.18,0.279,Annamayya,AP
2015-04-18,0.0,33.2,23.0,5.44,0.256,Annamayya,AP
2015-04-19,0.0,35.1,22.4,6.52,0.234,Annamayya,AP
2015-04-20,0.0,34.9,22.8,6.47,0.213,Annamayya,AP
2015-04-21,0.7,35.6,24.2,6.37,0.197,Annamayya,AP
2015-04-22,0.0,36.5,24.3,6.21,0.185,Annamayya,AP
2015-04-23,11.0,37.0,25.3,5.76,0.192,Annamayya,AP
2015-04-24,5.1,33.7,24.6,5.47,0.333,Annamayya,AP
2015-04-25,0.0,35.2,24.1,5.69,0.301,Annamayya,AP
2015-04-26,1.5,33.4,24.8,5.33,0.268,Annamayya,AP
2015-04-27,0.0,35.0,24.0,6.0,0.246,Annamayya,AP
2015-04-28,0.0,36.3,23.8,5.99,0.222,Annamayya,AP
2015-04-29,0.2,36.4,25.1,6.2,0.201,Annamayya,AP
2015-04-30,0.8,37.3,25.2,6.37,0.186,Annamayya,AP
2015-05-01,0.0,37.8,24.8,6.1,0.176,Annamayya,AP
2015-05-02,0.6,37.8,26.5,6.41,0.165,Annamayya,AP
2015-05-03,0.6,37.2,25.5,6.04,0.169,Annamayya,AP
2015-05-04,0.2,36.5,26.0,6.21,0.168,Annamayya,AP
2015-05-05,0.0,35.7,25.4,5.76,0.159,Annamayya,AP
2015-05-06,0.0,37.0,25.3,6.3,0.15,Annamayya,AP
2015-05-07,0.0,37.2,25.4,6.34,0.143,Annamayya,AP
2015-05-08,0.0,38.9,26.5,6.86,0.138,Annamayya,AP
2015-05-09,0.0,39.2,26.2,6.39,0.133,Annamayya,AP
2015-05-10,0.0,38.7,27.5,6.38,0.13,Annamayya,AP
2015-05-11,0.0,39.0,27.4,7.1,0.128,Annamayya,AP
2015-05-12,0.0,35.7,27.7,4.44,0.126,Annamayya,AP
2015-05-13,1.0,35.2,26.4,4.34,0.128,Annamayya,AP
2015-05-14,1.4,34.9,25.4,4.58,0.135,Annamayya,AP
2015-05-15,8.4,34.4,24.8,4.31,0.199,Annamayya,AP
2015-05-16,4.3,32.9,25.3,3.86,0.278,Annamayya,AP
2015-05-17,2.3,35.0,24.2,5.11,0.277,Annamayya,AP
2015-05-18,0.0,36.4,24.8,6.11,0.257,Annamayya,AP
2015-05-19,2.2,38.0,25.1,6.5,0.232,Annamayya,AP
2015-05-20,0.0,39.7,26.7,7.77,0.22,Annamayya,AP
2015-05-21,0.2,39.6,27.9,8.1,0.193,Annamayya,AP
2015-05-22,0.0,39.9,28.1,8.0,0.175,Annamayya,AP
2015-05-23,1.5,39.1,28.2,8.03,0.163,Annamayya,AP
2015-05-24,0.6,40.0,27.9,8.35,0.159,Annamayya,AP
2015-05-25,0.0,39.7,27.5,8.76,0.149,Annamayya,AP
2015-05-26,0.6,39.8,27.6,8.02,0.142,Annamayya,AP
2015-05-27,2.7,40.3,27.8,7.79,0.143,Annamayya,AP
2015-05-28,0.0,37.7,27.8,7.08,0.151,Annamayya,AP
2015-05-29,12.8,39.4,26.2,6.7,0.173,Annamayya,AP
2015-05-30,0.0,37.7,26.7,6.86,0.246,Annamayya,AP
2015-05-31,1.1,38.5,26.2,6.82,0.216,Annamayya,AP
2015-06-01,5.3,33.7,25.6,4.85,0.216,Annamayya,AP
2015-06-02,0.5,33.9,25.4,5.51,0.262,Annamayya,AP
2015-06-03,0.0,35.6,26.1,6.32,0.231,Annamayya,AP
2015-06-04,5.4,36.2,25.3,5.14,0.23,Annamayya,AP
2015-06-05,7.3,34.5,24.4,5.01,0.299,Annamayya,AP
2015-06-06,0.0,33.3,25.5,4.93,0.295,Annamayya,AP
2015-06-07,7.7,36.0,25.7,5.59,0.274,Annamayya,AP
2015-06-08,2.7,33.6,26.0,4.8,0.305,Annamayya,AP
2015-06-09,0.2,33.7,24.7,5.26,0.289,Annamayya,AP
2015-06-10,1.3,34.9,24.9,6.29,0.264,Annamayya,AP
2015-06-11,12.0,35.9,25.4,6.97,0.248,Annamayya,AP
2015-06-12,5.9,32.1,25.5,4.82,0.323,Annamayya,AP
2015-06-13,3.5,32.3,25.1,4.25,0.317,Annamayya,AP
2015-06-14,0.7,32.3,25.5,5.44,0.301,Annamayya,AP
2015-06-15,0.0,31.5,25.0,5.42,0.271,Annamayya,AP
2015-06-16,3.2,30.9,25.0,4.29,0.27,Annamayya,AP
2015-06-17,5.0,31.0,24.1,3.61,0.287,Annamayya,AP
2015-06-18,12.3,25.0,23.4,1.78,0.348,Annamayya,AP
2015-06-19,2.2,27.8,23.3,2.69,0.345,Annamayya,AP
2015-06-20,0.4,29.2,24.5,4.0,0.316,Annamayya,AP
2015-06-21,2.9,30.5,24.0,4.05,0.313,Annamayya,AP
2015-06-22,0.0,32.9,25.9,6.5,0.297,Annamayya,AP
2015-06-23,0.0,33.1,25.9,5.6,0.269,Annamayya,AP
2015-06-24,0.2,33.0,26.1,6.12,0.249,Annamayya,AP
2015-06-25,0.1,33.2,26.1,5.91,0.232,Annamayya,AP
2015-06-26,0.0,33.2,26.7,5.89,0.219,Annamayya,AP
2015-06-27,0.2,34.1,26.5,6.37,0.205,Annamayya,AP
2015-06-28,0.0,34.1,25.9,5.96,0.193,Annamayya,AP
2015-06-29,0.2,34.8,25.2,6.53,0.182,Annamayya,AP
2015-06-30,0.3,35.0,25.3,6.37,0.173,Annamayya,AP
2015-07-01,0.0,34.9,25.4,6.58,0.165,Annamayya,AP
2015-07-02,0.0,35.1,25.6,7.0,0.157,Annamayya,AP
2015-07-03,0.1,35.6,26.2,7.21,0.151,Annamayya,AP
2015-07-04,0.0,36.1,25.9,7.88,0.145,Annamayya,AP
2015-07-05,0.0,36.5,25.3,8.47,0.14,Annamayya,AP
2015-07-06,0.0,36.7,24.8,8.69,0.136,Annamayya,AP
2015-07-07,0.0,35.4,24.6,7.86,0.133,Annamayya,AP
2015-07-08,0.1,35.8,25.7,7.55,0.132,Annamayya,AP
2015-07-09,0.3,35.6,25.8,7.18,0.132,Annamayya,AP
2015-07-10,0.1,34.7,26.0,6.81,0.134,Annamayya,AP
2015-07-11,0.5,34.6,25.6,6.48,0.136,Annamayya,AP
2015-07-12,0.0,34.9,25.2,7.12,0.138,Annamayya,AP
2015-07-13,0.5,36.1,25.5,7.25,0.135,Annamayya,AP
2015-07-14,5.6,35.5,26.1,5.92,0.149,Annamayya,AP
2015-07-15,9.2,29.7,24.6,3.64,0.26,Annamayya,AP
2015-07-16,0.0,32.3,25.4,5.55,0.253,Annamayya,AP
2015-07-17,0.0,33.1,25.1,5.8,0.226,Annamayya,AP
2015-07-18,0.1,33.6,25.1,6.26,0.206,Annamayya,AP
2015-07-19,0.0,33.6,25.6,6.95,0.19,Annamayya,AP
2015-07-20,0.8,34.3,24.8,6.37,0.183,Annamayya,AP
2015-07-21,0.9,34.4,24.9,5.53,0.184,Annamayya,AP
2015-07-22,3.0,34.0,25.1,5.74,0.186,Annamayya,AP
2015-07-23,5.1,34.7,25.1,5.41,0.214,Annamayya,AP
2015-07-24,7.3,32.9,24.8,4.49,0.29,Annamayya,AP
2015-07-25,3.0,32.7,24.6,4.35,0.304,Annamayya,AP
2015-07-26,2.5,31.7,24.1,4.31,0.287,Annamayya,AP
2015-07-27,0.5,33.9,24.9,5.82,0.257,Annamayya,AP
2015-07-28,0.0,33.7,24.3,5.51,0.233,Annamayya,AP
2015-07-29,0.0,34.6,24.6,7.08,0.21,Annamayya,AP
2015-07-30,0.0,34.0,24.9,6.72,0.19,Annamayya,AP
2015-07-31,4.6,32.3,25.3,5.02,0.185,Annamayya,AP
2015-08-01,0.6,32.4,24.7,5.41,0.196,Annamayya,AP
2015-08-02,0.4,34.3,24.3,5.73,0.191,Annamayya,AP
2015-08-03,4.3,34.4,24.9,6.03,0.189,Annamayya,AP
2015-08-04,2.3,34.0,24.5,5.87,0.228,Annamayya,AP
2015-08-05,1.6,34.2,24.3,6.56,0.23,Annamayya,AP
2015-08-06,0.0,33.3,25.0,6.48,0.218,Annamayya,AP
2015-08-07,3.2,32.5,25.0,4.91,0.207,Annamayya,AP
2015-08-08,0.7,32.6,24.3,5.22,0.22,Annamayya,AP
2015-08-09,5.4,33.5,25.2,5.3,0.216,Annamayya,AP
2015-08-10,6.7,31.9,24.2,4.69,0.271,Annamayya,AP
2015-08-11,7.2,32.1,23.9,4.38,0.307,Annamayya,AP
2015-08-12,3.2,30.0,23.6,3.52,0.303,Annamayya,AP
2015-08-13,0.7,31.6,23.7,4.44,0.291,Annamayya,AP
2015-08-14,0.0,33.3,24.6,5.65,0.257,Annamayya,AP
2015-08-15,0.0,34.2,25.2,6.1,0.229,Annamayya,AP
2015-08-16,1.9,33.0,25.3,5.42,0.21,Annamayya,AP
2015-08-17,6.8,33.7,24.2,4.46,0.236,Annamayya,AP
2015-08-18,0.1,33.8,23.3,5.32,0.302,Annamayya,AP
2015-08-19,1.5,35.1,24.5,5.75,0.258,Annamayya,AP
2015-08-20,17.2,33.8,24.4,4.73,0.278,Annamayya,AP
2015-08-21,7.0,30.6,24.4,3.65,0.322,Annamayya,AP
2015-08-22,2.0,28.5,23.6,2.68,0.338,Annamayya,AP
2015-08-23,1.3,31.8,23.7,5.11,0.301,Annamayya,AP
2015-08-24,0.4,32.0,23.8,5.34,0.285,Annamayya,AP
2015-08-25,0.0,31.5,24.0,5.67,0.26,Annamayya,AP
2015-08-26,0.5,31.9,24.1,5.42,0.241,Annamayya,AP
2015-08-27,3.2,29.1,23.6,3.3,0.259,Annamayya,AP
2015-08-28,0.0,32.2,24.4,5.78,0.247,Annamayya,AP
2015-08-29,0.0,31.6,24.2,5.31,0.226,Annamayya,AP
2015-08-30,0.0,33.7,25.4,5.84,0.211,Annamayya,AP
2015-08-31,0.0,34.3,25.6,6.5,0.194,Annamayya,AP
2015-09-01,0.0,34.9,24.8,6.23,0.178,Annamayya,AP
2015-09-02,0.0,34.3,24.7,5.27,0.166,Annamayya,AP
2015-09-03,0.0,34.6,24.6,5.22,0.158,Annamayya,AP
2015-09-04,17.2,35.6,24.1,5.14,0.187,Annamayya,AP
2015-09-05,2.6,33.2,23.5,4.87,0.326,Annamayya,AP
2015-09-06,24.6,33.4,23.8,4.68,0.322,Annamayya,AP
2015-09-07,11.7,28.4,23.3,2.37,0.37,Annamayya,AP
2015-09-08,9.7,28.7,23.0,2.13,0.386,Annamayya,AP
2015-09-09,1.7,30.1,22.3,4.19,0.36,Annamayya,AP
2015-09-10,5.0,29.4,23.1,4.01,0.349,Annamayya,AP
2015-09-11,1.2,28.5,22.8,3.3,0.36,Annamayya,AP
2015-09-12,0.4,30.1,23.9,4.47,0.329,Annamayya,AP
2015-09-13,0.0,31.1,23.7,5.41,0.303,Annamayya,AP
2015-09-14,0.0,30.8,24.9,5.02,0.282,Annamayya,AP
2015-09-15,0.9,30.4,24.8,4.72,0.271,Annamayya,AP
2015-09-16,0.0,29.3,24.6,4.74,0.264,Annamayya,AP
2015-09-17,0.0,31.1,24.5,4.95,0.249,Annamayya,AP
2015-09-18,0.0,32.0,24.4,4.96,0.234,Annamayya,AP
2015-09-19,2.2,31.6,24.2,4.27,0.244,Annamayya,AP
2015-09-20,1.6,31.2,24.1,3.73,0.234,Annamayya,AP
2015-09-21,0.0,32.7,23.3,5.11,0.232,Annamayya,AP
2015-09-22,0.0,32.7,22.8,4.61,0.214,Annamayya,AP
2015-09-23,0.0,33.3,24.6,5.2,0.199,Annamayya,AP
2015-09-24,1.6,33.9,25.3,5.11,0.187,Annamayya,AP
2015-09-25,3.9,34.8,24.0,5.45,0.196,Annamayya,AP
2015-09-26,18.7,31.8,23.4,4.7,0.316,Annamayya,AP
2015-09-27,5.1,31.8,23.4,4.66,0.34,Annamayya,AP
2015-09-28,0.0,31.4,22.3,4.8,0.33,Annamayya,AP
2015-09-29,0.0,31.5,22.4,4.88,0.29,Annamayya,AP
2015-09-30,4.6,30.2,23.3,3.88,0.293,Annamayya,AP
2015-10-01,4.7,31.0,22.6,3.92,0.337,Annamayya,AP
2015-10-02,20.0,31.2,23.3,3.82,0.35,Annamayya,AP
2015-10-03,5.7,28.9,23.6,3.13,0.388,Annamayya,AP
2015-10-04,31.7,28.9,22.7,2.72,0.412,Annamayya,AP
2015-10-05,2.3,29.8,22.8,3.56,0.398,Annamayya,AP
2015-10-06,3.7,30.4,21.7,4.16,0.379,Annamayya,AP
2015-10-07,11.7,30.6,22.6,4.07,0.38,Annamayya,AP
2015-10-08,4.8,30.7,22.6,3.96,0.396,Annamayya,AP
2015-10-09,5.1,30.4,23.6,3.36,0.382,Annamayya,AP
2015-10-10,7.0,30.3,23.5,3.44,0.386,Annamayya,AP
2015-10-11,0.7,29.8,22.8,3.56,0.376,Annamayya,AP
2015-10-12,0.2,31.2,23.2,4.36,0.351,Annamayya,AP
2015-10-13,0.0,31.9,21.9,4.83,0.328,Annamayya,AP
2015-10-14,0.0,32.4,19.6,5.03,0.306,Annamayya,AP
2015-10-15,0.0,32.3,20.1,4.99,0.286,Annamayya,AP
2015-10-16,0.0,31.6,21.3,4.91,0.27,Annamayya,AP
2015-10-17,0.0,31.1,21.4,4.82,0.256,Annamayya,AP
2015-10-18,0.2,31.5,22.7,4.6,0.244,Annamayya,AP
2015-10-19,0.0,33.0,20.8,5.31,0.231,Annamayya,AP
2015-10-20,0.0,32.7,22.7,5.13,0.216,Annamayya,AP
2015-10-21,0.0,33.4,21.4,5.48,0.203,Annamayya,AP
2015-10-22,0.0,34.1,20.0,5.85,0.19,Annamayya,AP
2015-10-23,0.0,33.5,19.1,5.63,0.179,Annamayya,AP
2015-10-24,0.0,33.6,19.0,5.88,0.169,Annamayya,AP
2015-10-25,0.0,32.3,18.1,5.36,0.161,Annamayya,AP
2015-10-26,0.0,31.5,22.8,4.51,0.157,Annamayya,AP
2015-10-27,0.0,32.7,22.7,5.21,0.152,Annamayya,AP
2015-10-28,0.6,30.5,22.6,3.76,0.152,Annamayya,AP
2015-10-29,0.7,31.6,23.2,3.92,0.159,Annamayya,AP
2015-10-30,0.5,30.8,22.5,3.73,0.161,Annamayya,AP
2015-10-31,0.5,31.6,22.1,4.11,0.164,Annamayya,AP
2015-11-01,2.2,31.5,22.6,4.03,0.162,Annamayya,AP
2015-11-02,3.3,28.3,22.4,2.29,0.209,Annamayya,AP
2015-11-03,10.7,30.4,22.7,3.33,0.248,Annamayya,AP
2015-11-04,0.2,30.0,22.9,3.67,0.291,Annamayya,AP
2015-11-05,0.1,30.5,22.4,3.98,0.263,Annamayya,AP
2015-11-06,0.1,30.1,21.6,4.08,0.242,Annamayya,AP
2015-11-07,0.1,30.0,22.3,4.13,0.226,Annamayya,AP
2015-11-08,1.2,29.5,22.1,3.52,0.217,Annamayya,AP
2015-11-09,72.8,23.1,20.3,0.57,0.369,Annamayya,AP
2015-11-10,21.6,24.6,20.0,1.4,0.423,Annamayya,AP
2015-11-11,15.4,25.1,21.8,1.37,0.418,Annamayya,AP
2015-11-12,3.3,26.9,22.0,2.11,0.402,Annamayya,AP
2015-11-13,0.0,27.9,20.8,3.68,0.375,Annamayya,AP
2015-11-14,0.0,26.9,19.5,3.28,0.354,Annamayya,AP
2015-11-15,17.1,25.8,19.8,1.69,0.378,Annamayya,AP
2015-11-16,54.3,20.2,18.9,0.46,0.428,Annamayya,AP
2015-11-17,7.4,21.5,18.9,0.83,0.419,Annamayya,AP
2015-11-18,4.5,22.4,19.2,0.84,0.412,Annamayya,AP
2015-11-19,16.0,22.4,21.0,0.64,0.425,Annamayya,AP
2015-11-20,14.2,25.8,21.6,1.77,0.424,Annamayya,AP
2015-11-21,2.5,26.8,21.6,2.42,0.41,Annamayya,AP
2015-11-22,4.9,26.3,21.5,1.96,0.41,Annamayya,AP
2015-11-23,7.4,25.8,21.6,1.44,0.411,Annamayya,AP
2015-11-24,1.0,27.6,20.0,2.95,0.403,Annamayya,AP
2015-11-25,0.0,27.3,18.1,3.72,0.383,Annamayya,AP
2015-11-26,0.0,27.2,19.0,3.37,0.37,Annamayya,AP
2015-11-27,0.0,27.9,18.8,4.17,0.358,Annamayya,AP
2015-11-28,0.0,26.7,15.6,3.87,0.347,Annamayya,AP
2015-11-29,7.4,26.4,20.4,1.85,0.363,Annamayya,AP
2015-11-30,8.4,24.5,21.4,1.41,0.404,Annamayya,AP
2015-12-01,5.1,24.6,21.5,1.34,0.405,Annamayya,AP
2015-12-02,22.0,22.6,20.5,0.63,0.425,Annamayya,AP
2015-12-03,3.6,25.0,20.1,1.81,0.415,Annamayya,AP
2015-12-04,0.0,26.7,19.9,2.98,0.394,Annamayya,AP
2015-12-05,0.0,26.1,19.3,2.73,0.382,Annamayya,AP
2015-12-06,0.0,26.0,19.3,2.9,0.372,Annamayya,AP
2015-12-07,0.0,26.2,18.6,2.99,0.362,Annamayya,AP
2015-12-08,0.0,26.0,17.9,3.48,0.353,Annamayya,AP
2015-12-09,0.0,25.0,18.5,1.9,0.347,Annamayya,AP
2015-12-10,0.5,26.2,19.6,2.25,0.344,Annamayya,AP
2015-12-11,0.0,28.1,17.7,3.02,0.338,Annamayya,AP
2015-12-12,0.0,28.5,21.3,3.41,0.329,Annamayya,AP
2015-12-13,0.0,28.4,19.6,3.87,0.32,Annamayya,AP
2015-12-14,0.0,28.4,17.5,3.9,0.311,Annamayya,AP
2015-12-15,0.0,27.6,17.7,3.63,0.303,Annamayya,AP
2015-12-16,0.0,26.8,14.6,3.93,0.295,Annamayya,AP
2015-12-17,0.0,26.9,15.4,3.79,0.287,Annamayya,AP
2015-12-18,0.0,28.2,16.2,3.94,0.28,Annamayya,AP
2015-12-19,0.0,28.7,19.9,3.66,0.273,Annamayya,AP
2015-12-20,0.0,28.4,19.1,3.84,0.266,Annamayya,AP
2015-12-21,0.0,29.4,18.9,4.05,0.259,Annamayya,AP
2015-12-22,0.0,29.3,17.3,4.12,0.251,Annamayya,AP
2015-12-23,0.0,28.7,18.3,3.98,0.244,Annamayya,AP
2015-12-24,0.0,29.4,16.5,4.22,0.237,Annamayya,AP
2015-12-25,0.0,27.5,17.4,3.41,0.232,Annamayya,AP
2015-12-26,0.0,26.6,18.1,4.03,0.228,Annamayya,AP
2015-12-27,0.2,27.1,19.6,2.86,0.226,Annamayya,AP
2015-12-28,0.0,26.9,18.2,3.95,0.223,Annamayya,AP
2015-12-29,0.0,27.4,14.0,4.08,0.217,Annamayya,AP
2015-12-30,0.0,27.9,13.7,4.22,0.211,Annamayya,AP
2015-12-31,0.0,27.1,13.5,4.03,0.205,Annamayya,AP
2016-01-01,0.0,27.4,17.2,3.85,0.201,Annamayya,AP
2016-01-02,0.0,28.4,16.4,4.31,0.196,Annamayya,AP
2016-01-03,0.0,29.4,14.0,4.69,0.19,Annamayya,AP
2016-01-04,0.0,28.8,14.4,4.51,0.184,Annamayya,AP
2016-01-05,0.0,28.1,14.5,4.42,0.179,Annamayya,AP
2016-01-06,0.0,28.3,14.4,4.39,0.174,Annamayya,AP
2016-01-07,0.0,27.5,15.4,4.3,0.17,Annamayya,AP
2016-01-08,0.0,27.7,15.6,4.29,0.167,Annamayya,AP
2016-01-09,0.0,28.8,13.4,4.68,0.163,Annamayya,AP
2016-01-10,0.0,28.8,12.1,4.81,0.159,Annamayya,AP
2016-01-11,0.0,28.5,12.5,4.76,0.155,Annamayya,AP
2016-01-12,0.0,28.9,14.1,4.68,0.152,Annamayya,AP
2016-01-13,0.0,29.1,14.8,4.59,0.149,Annamayya,AP
2016-01-14,0.0,29.2,15.0,4.85,0.146,Annamayya,AP
2016-01-15,0.0,28.4,16.5,4.62,0.144,Annamayya,AP
2016-01-16,0.0,29.0,14.6,4.67,0.142,Annamayya,AP
2016-01-17,0.0,28.8,15.5,4.4,0.14,Annamayya,AP
2016-01-18,0.0,28.9,16.9,4.3,0.138,Annamayya,AP
2016-01-19,0.1,29.5,20.8,3.64,0.139,Annamayya,AP
2016-01-20,0.8,25.3,21.5,1.35,0.149,Annamayya,AP
2016-01-21,3.4,27.0,20.8,2.25,0.166,Annamayya,AP
2016-01-22,2.9,26.6,20.4,2.48,0.198,Annamayya,AP
2016-01-23,1.6,26.7,20.8,2.9,0.213,Annamayya,AP
2016-01-24,1.2,27.4,19.4,3.02,0.221,Annamayya,AP
2016-01-25,0.0,29.9,19.8,4.4,0.216,Annamayya,AP
2016-01-26,0.0,29.8,20.1,4.46,0.204,Annamayya,AP
2016-01-27,0.0,30.8,19.1,4.66,0.192,Annamayya,AP
2016-01-28,0.0,31.8,18.2,4.95,0.181,Annamayya,AP
2016-01-29,0.0,31.3,18.0,5.06,0.172,Annamayya,AP
2016-01-30,0.0,31.0,15.8,5.09,0.164,Annamayya,AP
2016-01-31,0.0,32.0,15.3,5.33,0.157,Annamayya,AP
2016-02-01,0.0,32.3,13.6,5.44,0.151,Annamayya,AP
2016-02-02,0.0,33.3,13.7,5.68,0.146,Annamayya,AP
2016-02-03,0.0,32.7,15.0,5.3,0.141,Annamayya,AP
2016-02-04,0.0,32.7,17.2,5.93,0.138,Annamayya,AP
2016-02-05,0.0,31.3,17.7,5.37,0.135,Annamayya,AP
2016-02-06,0.0,31.2,18.1,5.38,0.133,Annamayya,AP
2016-02-07,0.0,31.7,18.5,4.97,0.131,Annamayya,AP
2016-02-08,0.0,32.1,19.5,5.46,0.13,Annamayya,AP
2016-02-09,0.0,32.8,17.6,5.67,0.129,Annamayya,AP
2016-02-10,0.0,33.3,18.2,5.84,0.128,Annamayya,AP
2016-02-11,0.0,34.0,20.9,6.0,0.126,Annamayya,AP
2016-02-12,0.0,34.1,21.6,6.26,0.126,Annamayya,AP
2016-02-13,0.0,34.0,19.7,5.56,0.125,Annamayya,AP
2016-02-14,0.0,32.4,20.2,5.93,0.124,Annamayya,AP
2016-02-15,0.0,31.4,17.7,5.33,0.124,Annamayya,AP
2016-02-16,0.0,32.1,19.0,5.71,0.123,Annamayya,AP
2016-02-17,0.0,30.8,18.0,5.12,0.123,Annamayya,AP
2016-02-18,0.0,31.5,19.7,5.07,0.123,Annamayya,AP
2016-02-19,0.0,32.7,17.5,5.77,0.123,Annamayya,AP
2016-02-20,0.0,34.2,18.5,5.71,0.122,Annamayya,AP
2016-02-21,0.0,35.7,20.9,5.9,0.122,Annamayya,AP
2016-02-22,0.0,36.5,20.9,6.34,0.122,Annamayya,AP
2016-02-23,0.0,35.5,19.6,6.58,0.122,Annamayya,AP
2016-02-24,0.0,34.8,19.4,6.04,0.121,Annamayya,AP
2016-02-25,0.0,35.1,21.2,6.09,0.121,Annamayya,AP
2016-02-26,0.0,33.2,22.6,5.91,0.121,Annamayya,AP
2016-02-27,0.0,33.4,20.8,6.06,0.121,Annamayya,AP
2016-02-28,0.0,32.4,23.1,5.13,0.121,Annamayya,AP
2016-02-29,0.0,32.4,22.5,5.03,0.121,Annamayya,AP
2016-03-01,0.0,33.7,20.5,5.98,0.121,Annamayya,AP
2016-03-02,0.0,33.4,21.4,5.67,0.121,Annamayya,AP
2016-03-03,0.0,33.4,20.1,6.0,0.121,Annamayya,AP
2016-03-04,0.0,34.1,18.5,6.02,0.121,Annamayya,AP
2016-03-05,0.0,34.3,19.8,6.09,0.121,Annamayya,AP
2016-03-06,0.0,34.5,20.1,6.39,0.121,Annamayya,AP
2016-03-07,0.0,34.0,20.5,6.25,0.121,Annamayya,AP
2016-03-08,0.0,34.6,19.3,6.3,0.121,Annamayya,AP
2016-03-09,0.0,35.3,19.9,6.29,0.121,Annamayya,AP
2016-03-10,0.0,34.8,21.4,5.41,0.121,Annamayya,AP
2016-03-11,0.0,36.3,21.1,6.3,0.12,Annamayya,AP
2016-03-12,0.0,36.8,19.8,6.66,0.12,Annamayya,AP
2016-03-13,0.0,37.1,23.8,5.85,0.12,Annamayya,AP
2016-03-14,0.1,36.6,25.4,6.22,0.121,Annamayya,AP
2016-03-15,2.7,34.7,24.0,5.36,0.135,Annamayya,AP
2016-03-16,0.0,37.0,23.5,6.42,0.152,Annamayya,AP
2016-03-17,0.2,36.0,24.1,5.66,0.145,Annamayya,AP
2016-03-18,0.0,37.9,23.9,6.8,0.14,Annamayya,AP
2016-03-19,0.0,38.8,23.7,7.03,0.135,Annamayya,AP
2016-03-20,0.0,39.1,24.0,7.26,0.131,Annamayya,AP
2016-03-21,0.0,39.5,25.3,7.17,0.128,Annamayya,AP
2016-03-22,0.0,39.6,26.5,7.08,0.126,Annamayya,AP
2016-03-23,0.0,38.7,25.8,6.58,0.124,Annamayya,AP
2016-03-24,0.0,38.1,24.8,7.51,0.123,Annamayya,AP
2016-03-25,0.0,38.0,23.1,7.66,0.122,Annamayya,AP
2016-03-26,0.0,37.8,22.2,7.25,0.122,Annamayya,AP
2016-03-27,0.0,37.1,22.0,7.68,0.121,Annamayya,AP
2016-03-28,0.0,35.1,21.1,6.75,0.121,Annamayya,AP
2016-03-29,0.0,36.9,21.9,6.87,0.121,Annamayya,AP
2016-03-30,0.0,37.2,23.4,6.75,0.121,Annamayya,AP
2016-03-31,0.0,37.2,23.5,6.81,0.122,Annamayya,AP
2016-04-01,0.0,37.3,23.6,6.84,0.121,Annamayya,AP
2016-04-02,0.0,38.3,23.7,6.86,0.121,Annamayya,AP
2016-04-03,0.0,38.1,24.0,6.75,0.121,Annamayya,AP
2016-04-04,0.0,39.2,24.2,7.6,0.121,Annamayya,AP
2016-04-05,0.0,38.6,23.4,7.6,0.121,Annamayya,AP
2016-04-06,0.0,38.1,22.9,7.01,0.12,Annamayya,AP
2016-04-07,0.0,38.5,25.1,6.72,0.12,Annamayya,AP
2016-04-08,0.0,38.4,25.8,6.91,0.121,Annamayya,AP
2016-04-09,0.0,38.0,25.8,7.05,0.121,Annamayya,AP
2016-04-10,0.0,38.2,25.4,7.1,0.121,Annamayya,AP
2016-04-11,0.0,39.3,24.2,7.38,0.12,Annamayya,AP
2016-04-12,0.0,40.3,24.8,7.39,0.12,Annamayya,AP
2016-04-13,0.0,40.6,26.3,7.18,0.12,Annamayya,AP
2016-04-14,0.0,41.0,27.9,7.63,0.12,Annamayya,AP
2016-04-15,0.0,39.9,26.9,7.69,0.121,Annamayya,AP
2016-04-16,0.0,40.0,25.6,7.41,0.121,Annamayya,AP
2016-04-17,0.0,39.9,25.6,7.21,0.12,Annamayya,AP
2016-04-18,0.0,38.7,25.0,7.45,0.12,Annamayya,AP
2016-04-19,0.0,38.9,25.3,7.16,0.12,Annamayya,AP
2016-04-20,0.0,39.9,25.4,7.15,0.12,Annamayya,AP
2016-04-21,0.0,40.8,26.7,7.24,0.12,Annamayya,AP
2016-04-22,0.0,40.2,28.7,6.94,0.12,Annamayya,AP
2016-04-23,0.0,41.3,27.9,7.65,0.12,Annamayya,AP
2016-04-24,0.0,41.8,27.2,8.31,0.12,Annamayya,AP
2016-04-25,0.0,40.8,28.6,7.09,0.12,Annamayya,AP
2016-04-26,0.0,40.1,27.9,7.72,0.12,Annamayya,AP
2016-04-27,0.0,39.2,24.9,7.81,0.12,Annamayya,AP
2016-04-28,0.0,40.7,24.8,8.06,0.12,Annamayya,AP
2016-04-29,0.0,40.5,25.7,8.19,0.12,Annamayya,AP
2016-04-30,0.0,40.7,25.3,8.16,0.12,Annamayya,AP
2016-05-01,0.0,41.2,26.1,7.69,0.12,Annamayya,AP
2016-05-02,0.0,41.1,27.9,7.47,0.12,Annamayya,AP
2016-05-03,0.0,40.3,28.2,7.33,0.121,Annamayya,AP
2016-05-04,0.0,40.3,27.9,7.34,0.121,Annamayya,AP
2016-05-05,1.2,38.9,27.5,6.61,0.125,Annamayya,AP
2016-05-06,4.4,36.6,27.8,5.35,0.158,Annamayya,AP
2016-05-07,0.6,36.5,26.2,6.09,0.179,Annamayya,AP
2016-05-08,0.4,37.5,26.4,5.91,0.17,Annamayya,AP
2016-05-09,0.5,37.2,26.5,6.36,0.168,Annamayya,AP
2016-05-10,0.4,36.7,26.2,6.38,0.163,Annamayya,AP
2016-05-11,0.0,37.7,26.3,6.56,0.157,Annamayya,AP
2016-05-12,0.0,38.6,27.7,5.93,0.147,Annamayya,AP
2016-05-13,0.0,39.8,27.0,6.84,0.14,Annamayya,AP
2016-05-14,0.0,40.2,27.9,7.74,0.134,Annamayya,AP
2016-05-15,0.0,39.9,26.4,7.67,0.131,Annamayya,AP
2016-05-16,0.2,36.8,26.0,5.6,0.129,Annamayya,AP
2016-05-17,5.5,32.6,26.2,2.92,0.139,Annamayya,AP
2016-05-18,25.1,26.9,24.1,1.24,0.315,Annamayya,AP
2016-05-19,12.1,31.3,23.7,2.81,0.355,Annamayya,AP
2016-05-20,1.8,32.9,25.2,5.24,0.329,Annamayya,AP
2016-05-21,0.0,35.8,26.9,7.03,0.285,Annamayya,AP
2016-05-22,0.0,37.4,26.2,8.01,0.25,Annamayya,AP
2016-05-23,0.0,37.6,26.7,8.0,0.222,Annamayya,AP
2016-05-24,0.0,38.1,26.9,8.0,0.199,Annamayya,AP
2016-05-25,0.0,38.0,27.5,8.08,0.181,Annamayya,AP
2016-05-26,0.0,38.1,27.4,7.42,0.166,Annamayya,AP
2016-05-27,0.9,38.4,27.7,7.55,0.159,Annamayya,AP
2016-05-28,3.1,37.8,26.6,7.27,0.161,Annamayya,AP
2016-05-29,5.0,34.0,25.3,5.1,0.253,Annamayya,AP
2016-05-30,0.0,37.0,26.7,6.84,0.228,Annamayya,AP
2016-05-31,0.1,37.0,27.1,7.04,0.204,Annamayya,AP
2016-06-01,5.6,37.6,26.5,6.78,0.196,Annamayya,AP
2016-06-02,4.7,34.5,26.8,5.57,0.25,Annamayya,AP
2016-06-03,4.0,35.7,25.4,6.25,0.253,Annamayya,AP
2016-06-04,0.0,32.5,25.9,4.42,0.272,Annamayya,AP
2016-06-05,3.4,33.0,25.6,4.55,0.252,Annamayya,AP
2016-06-06,4.9,34.9,25.1,5.01,0.264,Annamayya,AP
2016-06-07,10.3,31.3,24.5,3.24,0.34,Annamayya,AP
2016-06-08,13.9,29.8,24.6,3.4,0.364,Annamayya,AP
2016-06-09,1.1,33.3,24.5,4.69,0.334,Annamayya,AP
2016-06-10,0.1,32.6,25.3,5.41,0.295,Annamayya,AP
2016-06-11,0.0,33.5,25.8,6.38,0.267,Annamayya,AP
2016-06-12,0.0,34.2,25.3,6.7,0.242,Annamayya,AP
2016-06-13,0.3,33.2,25.8,5.95,0.224,Annamayya,AP
2016-06-14,2.4,33.0,25.5,6.34,0.222,Annamayya,AP
2016-06-15,0.0,34.0,25.7,6.92,0.234,Annamayya,AP
2016-06-16,0.0,34.3,25.6,7.0,0.213,Annamayya,AP
2016-06-17,0.6,34.3,25.3,6.44,0.197,Annamayya,AP
2016-06-18,1.3,32.3,25.2,5.28,0.188,Annamayya,AP
2016-06-19,2.3,30.8,23.3,3.35,0.221,Annamayya,AP
2016-06-20,4.8,30.7,24.6,3.98,0.225,Annamayya,AP
2016-06-21,10.4,32.7,24.1,3.61,0.308,Annamayya,AP
2016-06-22,2.6,32.2,23.3,5.03,0.316,Annamayya,AP
2016-06-23,2.4,32.4,24.8,5.77,0.288,Annamayya,AP
2016-06-24,2.3,31.3,24.6,4.64,0.277,Annamayya,AP
2016-06-25,0.0,30.9,24.5,5.68,0.273,Annamayya,AP
2016-06-26,3.6,29.8,24.4,4.03,0.257,Annamayya,AP
2016-06-27,5.1,29.5,23.8,3.24,0.285,Annamayya,AP
2016-06-28,22.6,30.3,23.4,3.66,0.346,Annamayya,AP
2016-06-29,10.8,26.7,23.5,2.35,0.385,Annamayya,AP
2016-06-30,0.3,29.7,24.5,4.7,0.344,Annamayya,AP
2016-07-01,0.0,31.0,24.9,5.17,0.317,Annamayya,AP
2016-07-02,0.0,31.6,25.3,5.41,0.296,Annamayya,AP
2016-07-03,0.0,32.3,25.4,5.7,0.278,Annamayya,AP
2016-07-04,1.6,30.8,26.1,4.64,0.269,Annamayya,AP
2016-07-05,0.9,30.3,24.7,3.77,0.284,Annamayya,AP
2016-07-06,5.9,32.4,24.0,4.62,0.306,Annamayya,AP
2016-07-07,1.3,31.9,25.2,5.37,0.311,Annamayya,AP
2016-07-08,0.0,32.0,24.9,5.42,0.289,Annamayya,AP
2016-07-09,0.0,31.8,25.2,6.06,0.265,Annamayya,AP
2016-07-10,0.0,31.9,25.4,6.17,0.245,Annamayya,AP
2016-07-11,0.0,33.3,25.8,6.91,0.227,Annamayya,AP
2016-07-12,0.0,32.6,25.3,6.04,0.212,Annamayya,AP
2016-07-13,0.0,33.0,24.6,5.77,0.2,Annamayya,AP
2016-07-14,0.0,33.5,24.6,6.12,0.188,Annamayya,AP
2016-07-15,11.5,33.9,24.8,4.54,0.199,Annamayya,AP
2016-07-16,4.0,32.6,24.5,4.59,0.272,Annamayya,AP
2016-07-17,7.6,32.1,24.3,3.97,0.299,Annamayya,AP
2016-07-18,3.6,32.2,24.0,4.87,0.324,Annamayya,AP
2016-07-19,2.1,29.6,23.5,3.9,0.33,Annamayya,AP
2016-07-20,4.9,31.4,24.1,4.59,0.304,Annamayya,AP
2016-07-21,8.3,29.3,22.5,3.47,0.353,Annamayya,AP
2016-07-22,0.6,29.1,23.9,4.05,0.316,Annamayya,AP
2016-07-23,5.3,29.1,23.2,3.35,0.309,Annamayya,AP
2016-07-24,7.6,29.2,22.9,2.96,0.353,Annamayya,AP
2016-07-25,5.0,30.5,23.0,3.68,0.343,Annamayya,AP
2016-07-26,7.8,31.0,23.4,3.74,0.359,Annamayya,AP
2016-07-27,15.8,31.1,23.3,3.83,0.381,Annamayya,AP
2016-07-28,23.9,30.2,23.5,3.43,0.414,Annamayya,AP
2016-07-29,4.4,28.3,23.4,3.72,0.405,Annamayya,AP
2016-07-30,3.5,27.7,22.9,3.38,0.393,Annamayya,AP
2016-07-31,0.5,28.4,23.0,3.87,0.372,Annamayya,AP
2016-08-01,0.7,29.5,23.4,4.37,0.354,Annamayya,AP
2016-08-02,0.0,30.2,24.1,6.12,0.336,Annamayya,AP
2016-08-03,0.0,30.4,24.4,5.47,0.312,Annamayya,AP
2016-08-04,0.1,29.6,24.5,4.44,0.297,Annamayya,AP
2016-08-05,2.6,30.7,23.0,4.91,0.315,Annamayya,AP
2016-08-06,0.0,30.4,24.7,4.75,0.296,Annamayya,AP
2016-08-07,0.1,32.0,24.2,5.66,0.277,Annamayya,AP
2016-08-08,0.0,31.6,24.2,5.51,0.259,Annamayya,AP
2016-08-09,0.0,32.8,24.2,6.16,0.242,Annamayya,AP
2016-08-10,0.0,33.0,24.1,6.39,0.225,Annamayya,AP
2016-08-11,0.0,32.8,23.7,5.93,0.21,Annamayya,AP
2016-08-12,0.1,32.8,24.3,6.12,0.198,Annamayya,AP
2016-08-13,0.4,33.2,25.0,5.87,0.192,Annamayya,AP
2016-08-14,0.0,32.5,24.9,6.27,0.187,Annamayya,AP
2016-08-15,0.0,32.5,24.3,6.31,0.177,Annamayya,AP
2016-08-16,0.0,32.1,24.6,6.02,0.169,Annamayya,AP
2016-08-17,0.0,33.0,24.6,5.83,0.164,Annamayya,AP
2016-08-18,0.1,33.8,24.3,5.94,0.159,Annamayya,AP
2016-08-19,0.0,33.8,24.0,6.06,0.154,Annamayya,AP
2016-08-20,0.0,35.1,24.5,6.68,0.148,Annamayya,AP
2016-08-21,0.0,35.4,24.9,6.72,0.143,Annamayya,AP
2016-08-22,0.0,35.0,25.5,6.49,0.139,Annamayya,AP
2016-08-23,0.0,34.6,25.4,6.35,0.136,Annamayya,AP
2016-08-24,1.3,34.3,25.2,5.75,0.137,Annamayya,AP
2016-08-25,3.8,32.2,25.5,4.8,0.154,Annamayya,AP
2016-08-26,0.1,31.1,25.5,3.98,0.165,Annamayya,AP
2016-08-27,0.3,31.1,25.2,3.62,0.164,Annamayya,AP
2016-08-28,2.1,32.3,23.5,4.24,0.177,Annamayya,AP
2016-08-29,3.2,30.8,24.1,4.15,0.176,Annamayya,AP
2016-08-30,3.1,27.8,23.8,2.91,0.22,Annamayya,AP
2016-08-31,0.2,29.1,23.4,3.48,0.229,Annamayya,AP
2016-09-01,0.1,31.7,24.5,4.25,0.216,Annamayya,AP
2016-09-02,0.5,33.3,24.4,5.4,0.203,Annamayya,AP
2016-09-03,0.0,30.7,24.3,4.18,0.192,Annamayya,AP
2016-09-04,0.0,32.2,24.6,4.72,0.181,Annamayya,AP
2016-09-05,0.0,32.4,24.0,5.72,0.17,Annamayya,AP
2016-09-06,0.0,33.4,24.3,6.28,0.16,Annamayya,AP
2016-09-07,0.0,34.1,23.7,6.95,0.151,Annamayya,AP
2016-09-08,0.0,33.5,24.1,6.35,0.144,Annamayya,AP
2016-09-09,0.0,33.9,24.2,5.91,0.14,Annamayya,AP
2016-09-10,0.7,35.2,24.9,5.8,0.14,Annamayya,AP
2016-09-11,3.8,31.5,24.1,4.89,0.15,Annamayya,AP
2016-09-12,10.5,28.4,22.3,2.69,0.243,Annamayya,AP
2016-09-13,2.5,29.4,23.2,3.54,0.287,Annamayya,AP
2016-09-14,1.3,28.8,23.7,3.66,0.271,Annamayya,AP
2016-09-15,1.5,31.7,23.4,5.12,0.25,Annamayya,AP
2016-09-16,1.8,31.9,23.5,4.79,0.269,Annamayya,AP
2016-09-17,0.0,32.5,24.1,5.3,0.258,Annamayya,AP
2016-09-18,0.0,32.6,23.7,5.51,0.23,Annamayya,AP
2016-09-19,0.2,32.7,23.6,5.91,0.208,Annamayya,AP
2016-09-20,2.2,31.0,24.1,4.33,0.198,Annamayya,AP
2016-09-21,2.1,27.7,23.0,2.86,0.224,Annamayya,AP
2016-09-22,0.5,29.9,22.8,4.45,0.23,Annamayya,AP
2016-09-23,0.8,30.1,24.5,4.43,0.217,Annamayya,AP
2016-09-24,0.0,30.4,24.1,5.36,0.21,Annamayya,AP
2016-09-25,0.9,31.8,24.2,4.68,0.203,Annamayya,AP
2016-09-26,0.4,31.9,24.3,4.61,0.203,Annamayya,AP
2016-09-27,6.0,31.4,24.9,3.74,0.223,Annamayya,AP
2016-09-28,5.3,30.3,24.3,3.6,0.284,Annamayya,AP
2016-09-29,0.3,31.9,24.5,4.81,0.278,Annamayya,AP
2016-09-30,0.4,32.2,24.6,4.89,0.253,Annamayya,AP
2016-10-01,0.0,30.9,24.2,4.09,0.232,Annamayya,AP
2016-10-02,0.0,33.4,21.8,4.83,0.213,Annamayya,AP
2016-10-03,0.0,32.8,23.5,4.78,0.196,Annamayya,AP
2016-10-04,0.0,32.5,24.3,4.78,0.183,Annamayya,AP
2016-10-05,0.2,33.5,23.5,5.67,0.171,Annamayya,AP
2016-10-06,0.0,34.5,24.4,6.03,0.16,Annamayya,AP
2016-10-07,0.0,34.9,24.2,5.74,0.151,Annamayya,AP
2016-10-08,0.0,35.4,24.9,6.28,0.143,Annamayya,AP
2016-10-09,0.9,34.3,24.4,5.87,0.139,Annamayya,AP
2016-10-10,1.6,33.5,24.6,5.17,0.145,Annamayya,AP
2016-10-11,3.8,34.5,24.7,5.52,0.153,Annamayya,AP
2016-10-12,0.0,34.5,24.7,4.9,0.17,Annamayya,AP
2016-10-13,0.0,35.8,25.8,5.67,0.159,Annamayya,AP
2016-10-14,0.0,35.1,24.8,5.59,0.148,Annamayya,AP
2016-10-15,0.0,35.4,24.5,6.12,0.141,Annamayya,AP
2016-10-16,0.0,35.1,22.6,5.99,0.136,Annamayya,AP
2016-10-17,0.0,35.1,23.0,5.96,0.133,Annamayya,AP
2016-10-18,0.0,35.3,22.7,6.09,0.13,Annamayya,AP
2016-10-19,0.0,35.5,22.6,6.0,0.128,Annamayya,AP
2016-10-20,0.0,35.2,23.4,5.54,0.126,Annamayya,AP
2016-10-21,0.0,35.1,22.7,6.23,0.125,Annamayya,AP
2016-10-22,0.0,34.9,23.9,5.92,0.124,Annamayya,AP
2016-10-23,0.0,34.9,22.1,6.3,0.123,Annamayya,AP
2016-10-24,0.0,34.5,20.9,6.19,0.122,Annamayya,AP
2016-10-25,0.0,34.4,21.4,5.72,0.122,Annamayya,AP
2016-10-26,0.0,34.7,21.1,5.92,0.122,Annamayya,AP
2016-10-27,0.0,34.5,21.5,5.62,0.121,Annamayya,AP
2016-10-28,0.0,34.1,23.9,4.55,0.121,Annamayya,AP
2016-10-29,6.0,31.4,23.2,3.59,0.153,Annamayya,AP
2016-10-30,0.0,31.7,23.0,4.23,0.194,Annamayya,AP
2016-10-31,5.2,29.3,22.5,3.49,0.224,Annamayya,AP
2016-11-01,0.5,30.7,23.1,3.88,0.25,Annamayya,AP
2016-11-02,0.7,29.9,22.3,3.63,0.234,Annamayya,AP
2016-11-03,0.0,32.1,22.9,4.32,0.223,Annamayya,AP
2016-11-04,0.0,33.5,21.6,5.56,0.203,Annamayya,AP
2016-11-05,0.0,33.8,20.9,6.09,0.183,Annamayya,AP
2016-11-06,0.0,33.0,21.0,4.73,0.167,Annamayya,AP
2016-11-07,0.0,32.8,21.4,4.82,0.157,Annamayya,AP
2016-11-08,0.0,32.7,21.1,5.59,0.149,Annamayya,AP
2016-11-09,0.0,32.1,17.9,5.48,0.142,Annamayya,AP
2016-11-10,0.0,32.2,17.5,5.37,0.137,Annamayya,AP
2016-11-11,0.0,32.4,18.1,5.21,0.134,Annamayya,AP
2016-11-12,0.0,32.5,20.0,5.13,0.131,Annamayya,AP
2016-11-13,3.4,31.3,22.3,3.43,0.147,Annamayya,AP
2016-11-14,0.4,31.7,22.5,4.11,0.171,Annamayya,AP
2016-11-15,0.0,32.0,22.2,4.5,0.163,Annamayya,AP
2016-11-16,0.3,32.0,22.4,4.34,0.157,Annamayya,AP
2016-11-17,2.7,29.1,22.2,3.62,0.164,Annamayya,AP
2016-11-18,0.0,29.7,20.2,3.46,0.168,Annamayya,AP
2016-11-19,0.0,30.5,19.7,4.33,0.161,Annamayya,AP
2016-11-20,0.0,30.9,19.8,4.85,0.154,Annamayya,AP
2016-11-21,0.0,30.1,18.3,4.55,0.148,Annamayya,AP
2016-11-22,0.0,31.9,17.2,5.06,0.143,Annamayya,AP
2016-11-23,0.0,32.1,16.3,5.18,0.138,Annamayya,AP
2016-11-24,0.0,31.1,16.1,5.09,0.135,Annamayya,AP
2016-11-25,0.0,31.9,16.6,5.14,0.133,Annamayya,AP
2016-11-26,0.0,32.5,15.3,5.11,0.131,Annamayya,AP
2016-11-27,0.0,33.2,16.9,5.22,0.129,Annamayya,AP
2016-11-28,0.0,34.2,15.7,5.36,0.128,Annamayya,AP
2016-11-29,0.0,33.4,17.1,5.03,0.126,Annamayya,AP
2016-11-30,0.0,32.1,18.1,5.02,0.126,Annamayya,AP
2016-12-01,9.6,29.5,18.4,3.7,0.139,Annamayya,AP
2016-12-02,9.0,28.3,21.7,3.09,0.304,Annamayya,AP
2016-12-03,2.9,27.6,21.6,2.81,0.304,Annamayya,AP
2016-12-04,2.4,27.5,21.6,2.6,0.301,Annamayya,AP
2016-12-05,0.3,28.7,21.0,3.4,0.28,Annamayya,AP
2016-12-06,0.0,27.3,20.1,3.35,0.256,Annamayya,AP
2016-12-07,0.0,28.1,18.3,3.25,0.238,Annamayya,AP
2016-12-08,0.0,30.2,19.8,4.17,0.221,Annamayya,AP
2016-12-09,0.0,30.7,17.0,4.99,0.204,Annamayya,AP
2016-12-10,0.0,30.3,16.4,5.1,0.19,Annamayya,AP
2016-12-11,0.0,30.7,16.3,4.7,0.178,Annamayya,AP
2016-12-12,42.0,24.9,20.8,2.02,0.255,Annamayya,AP
2016-12-13,13.7,25.0,21.0,1.21,0.387,Annamayya,AP
2016-12-14,0.1,28.0,20.9,3.4,0.353,Annamayya,AP
2016-12-15,0.9,26.9,20.8,2.84,0.334,Annamayya,AP
2016-12-16,1.3,27.6,20.5,3.22,0.335,Annamayya,AP
2016-12-17,0.0,27.8,18.6,3.52,0.314,Annamayya,AP
2016-12-18,0.0,27.7,16.9,4.03,0.297,Annamayya,AP
2016-12-19,0.0,27.0,17.6,3.99,0.281,Annamayya,AP
2016-12-20,0.0,27.5,15.1,3.96,0.268,Annamayya,AP
2016-12-21,0.0,28.8,16.7,4.06,0.255,Annamayya,AP
2016-12-22,0.0,29.1,15.1,4.43,0.242,Annamayya,AP
2016-12-23,0.0,28.9,13.4,4.48,0.23,Annamayya,AP
2016-12-24,0.0,28.8,13.3,4.53,0.218,Annamayya,AP
2016-12-25,0.0,28.5,13.8,4.3,0.207,Annamayya,AP
2016-12-26,0.0,29.0,14.2,4.5,0.198,Annamayya,AP
2016-12-27,0.0,29.5,16.7,4.52,0.189,Annamayya,AP
2016-12-28,0.0,28.5,16.5,4.37,0.182,Annamayya,AP
2016-12-29,0.0,28.0,15.0,4.02,0.176,Annamayya,AP
2016-12-30,0.0,28.7,15.2,4.21,0.17,Annamayya,AP
2016-12-31,0.0,28.2,15.1,4.24,0.166,Annamayya,AP
2017-01-01,0.0,29.9,15.2,4.45,0.164,Annamayya,AP
2017-01-02,0.0,29.5,16.9,4.55,0.16,Annamayya,AP
2017-01-03,0.0,30.3,17.0,4.67,0.155,Annamayya,AP
2017-01-04,0.0,29.4,17.5,4.34,0.149,Annamayya,AP
2017-01-05,0.0,29.9,17.4,4.58,0.146,Annamayya,AP
2017-01-06,0.0,29.6,17.4,4.53,0.143,Annamayya,AP
2017-01-07,0.0,29.9,18.6,4.5,0.14,Annamayya,AP
2017-01-08,0.0,29.7,17.5,4.91,0.14,Annamayya,AP
2017-01-09,0.0,29.8,17.6,4.86,0.14,Annamayya,AP
2017-01-10,0.0,29.8,16.9,4.63,0.139,Annamayya,AP
2017-01-11,0.0,29.4,18.1,4.09,0.138,Annamayya,AP
2017-01-12,0.0,29.7,18.2,4.47,0.135,Annamayya,AP
2017-01-13,0.0,29.0,18.9,3.71,0.133,Annamayya,AP
2017-01-14,0.0,29.8,18.3,4.45,0.134,Annamayya,AP
2017-01-15,0.0,27.8,17.5,3.84,0.136,Annamayya,AP
2017-01-16,0.0,28.5,17.4,4.39,0.136,Annamayya,AP
2017-01-17,0.0,29.3,17.0,5.0,0.135,Annamayya,AP
2017-01-18,0.0,28.8,15.9,5.37,0.135,Annamayya,AP
2017-01-19,0.1,28.6,17.2,4.77,0.136,Annamayya,AP
2017-01-20,0.0,29.7,17.6,4.3,0.136,Annamayya,AP
2017-01-21,0.3,30.1,19.3,4.3,0.135,Annamayya,AP
2017-01-22,0.0,30.7,18.7,5.18,0.135,Annamayya,AP
2017-01-23,0.0,30.3,18.0,4.93,0.136,Annamayya,AP
2017-01-24,0.0,30.6,18.0,5.32,0.137,Annamayya,AP
2017-01-25,0.0,29.9,17.8,4.9,0.136,Annamayya,AP
2017-01-26,2.2,26.8,17.9,2.51,0.138,Annamayya,AP
2017-01-27,4.1,28.4,21.1,2.67,0.152,Annamayya,AP
2017-01-28,0.8,29.9,21.3,3.75,0.171,Annamayya,AP
2017-01-29,0.0,30.7,19.5,5.17,0.165,Annamayya,AP
2017-01-30,0.0,30.7,17.8,5.07,0.155,Annamayya,AP
2017-01-31,0.0,31.8,18.5,5.44,0.145,Annamayya,AP
2017-02-01,0.0,32.5,17.7,5.9,0.135,Annamayya,AP
2017-02-02,0.0,31.8,17.1,5.92,0.128,Annamayya,AP
2017-02-03,0.0,30.7,17.9,5.44,0.124,Annamayya,AP
2017-02-04,0.0,31.2,17.2,5.7,0.122,Annamayya,AP
2017-02-05,0.0,31.5,17.7,5.91,0.119,Annamayya,AP
2017-02-06,0.0,32.5,17.6,5.72,0.116,Annamayya,AP
2017-02-07,0.0,33.2,17.4,6.09,0.114,Annamayya,AP
2017-02-08,0.0,33.8,17.7,6.65,0.112,Annamayya,AP
2017-02-09,0.0,33.3,18.8,6.43,0.11,Annamayya,AP
2017-02-10,0.0,33.5,18.2,6.93,0.109,Annamayya,AP
2017-02-11,0.0,33.0,16.1,6.41,0.11,Annamayya,AP
2017-02-12,0.0,31.5,16.6,5.95,0.109,Annamayya,AP
2017-02-13,0.0,31.6,17.2,5.66,0.109,Annamayya,AP
2017-02-14,0.0,31.1,17.9,4.71,0.11,Annamayya,AP
2017-02-15,0.0,31.6,18.0,5.74,0.11,Annamayya,AP
2017-02-16,0.0,31.1,16.3,6.1,0.111,Annamayya,AP
2017-02-17,0.0,31.9,17.2,6.4,0.111,Annamayya,AP
2017-02-18,0.0,33.1,17.8,6.37,0.111,Annamayya,AP
2017-02-19,0.0,34.4,17.6,6.12,0.111,Annamayya,AP
2017-02-20,0.0,35.7,19.0,6.14,0.111,Annamayya,AP
2017-02-21,0.0,36.4,21.1,6.5,0.11,Annamayya,AP
2017-02-22,0.0,36.8,20.8,6.27,0.109,Annamayya,AP
2017-02-23,0.0,36.5,20.9,6.86,0.108,Annamayya,AP
2017-02-24,0.0,36.8,20.6,7.23,0.107,Annamayya,AP
2017-02-25,0.0,35.9,19.9,6.83,0.106,Annamayya,AP
2017-02-26,0.0,34.5,21.1,6.56,0.106,Annamayya,AP
2017-02-27,0.0,34.2,20.4,7.12,0.106,Annamayya,AP
2017-02-28,0.0,34.2,17.9,6.92,0.106,Annamayya,AP
2017-03-01,0.0,34.0,18.3,7.3,0.106,Annamayya,AP
2017-03-02,0.0,34.5,16.7,6.78,0.107,Annamayya,AP
2017-03-03,0.0,35.3,17.6,6.49,0.107,Annamayya,AP
2017-03-04,0.0,33.7,21.7,5.76,0.106,Annamayya,AP
2017-03-05,0.0,36.0,22.7,5.7,0.105,Annamayya,AP
2017-03-06,0.0,36.4,23.6,6.0,0.105,Annamayya,AP
2017-03-07,0.0,35.1,25.5,5.37,0.104,Annamayya,AP
2017-03-08,0.5,36.5,24.8,5.29,0.114,Annamayya,AP
2017-03-09,0.3,35.3,24.1,5.9,0.116,Annamayya,AP
2017-03-10,1.7,38.2,23.5,7.01,0.122,Annamayya,AP
2017-03-11,0.0,37.3,25.2,7.16,0.119,Annamayya,AP
2017-03-12,0.0,37.1,24.8,6.91,0.114,Annamayya,AP
2017-03-13,0.2,36.1,24.3,5.79,0.111,Annamayya,AP
2017-03-14,3.7,33.9,24.3,5.32,0.113,Annamayya,AP
2017-03-15,0.1,34.6,23.6,6.12,0.11,Annamayya,AP
2017-03-16,0.0,35.4,22.5,5.81,0.108,Annamayya,AP
2017-03-17,0.0,35.8,23.5,5.69,0.107,Annamayya,AP
2017-03-18,0.0,38.2,24.2,7.01,0.107,Annamayya,AP
2017-03-19,0.1,37.3,24.6,6.76,0.106,Annamayya,AP
2017-03-20,0.0,36.8,24.6,5.94,0.105,Annamayya,AP
2017-03-21,0.1,35.6,25.4,6.03,0.106,Annamayya,AP
2017-03-22,0.0,36.9,23.5,7.11,0.105,Annamayya,AP
2017-03-23,0.0,37.4,22.9,7.87,0.103,Annamayya,AP
2017-03-24,0.0,38.6,22.5,8.5,0.099,Annamayya,AP
2017-03-25,0.0,38.7,22.8,8.56,0.096,Annamayya,AP
2017-03-26,0.0,38.9,23.3,8.62,0.094,Annamayya,AP
2017-03-27,0.0,39.3,22.7,8.17,0.094,Annamayya,AP
2017-03-28,0.0,39.1,23.5,8.27,0.093,Annamayya,AP
2017-03-29,0.0,39.6,23.4,8.12,0.093,Annamayya,AP
2017-03-30,0.0,40.1,23.8,8.26,0.091,Annamayya,AP
2017-03-31,0.0,39.8,24.1,8.55,0.09,Annamayya,AP
2017-04-01,0.0,39.9,23.8,8.35,0.093,Annamayya,AP
2017-04-02,0.0,40.2,25.5,8.26,0.094,Annamayya,AP
2017-04-03,0.1,38.9,24.5,7.47,0.093,Annamayya,AP
2017-04-04,0.0,37.3,25.2,6.69,0.094,Annamayya,AP
2017-04-05,0.1,38.5,25.5,6.2,0.099,Annamayya,AP
2017-04-06,0.1,38.5,26.9,6.41,0.102,Annamayya,AP
2017-04-07,0.0,38.7,27.0,6.56,0.106,Annamayya,AP
2017-04-08,0.0,39.1,26.1,7.51,0.114,Annamayya,AP
2017-04-09,0.0,39.6,25.4,7.52,0.112,Annamayya,AP
2017-04-10,0.0,38.6,25.5,7.28,0.111,Annamayya,AP
2017-04-11,0.0,39.0,26.5,7.39,0.11,Annamayya,AP
2017-04-12,0.0,39.7,25.4,7.88,0.11,Annamayya,AP
2017-04-13,0.0,39.9,23.9,8.26,0.11,Annamayya,AP
2017-04-14,0.0,39.2,23.9,8.25,0.109,Annamayya,AP
2017-04-15,0.0,39.5,24.0,7.17,0.107,Annamayya,AP
2017-04-16,0.0,40.2,24.9,6.8,0.106,Annamayya,AP
2017-04-17,0.0,40.4,27.8,8.09,0.105,Annamayya,AP
2017-04-18,0.0,40.3,27.3,7.34,0.105,Annamayya,AP
2017-04-19,0.0,39.7,27.2,6.41,0.105,Annamayya,AP
2017-04-20,0.0,39.6,28.9,7.2,0.106,Annamayya,AP
2017-04-21,0.0,38.9,29.4,6.94,0.106,Annamayya,AP
2017-04-22,0.0,39.3,28.5,7.69,0.107,Annamayya,AP
2017-04-23,0.0,39.9,28.6,8.37,0.107,Annamayya,AP
2017-04-24,0.0,40.4,27.8,7.64,0.108,Annamayya,AP
2017-04-25,1.0,39.0,27.6,6.58,0.111,Annamayya,AP
2017-04-26,0.1,39.5,27.4,6.86,0.112,Annamayya,AP
2017-04-27,0.1,39.2,27.6,6.71,0.11,Annamayya,AP
2017-04-28,1.7,40.3,27.5,6.48,0.116,Annamayya,AP
2017-04-29,1.4,38.8,26.5,6.73,0.126,Annamayya,AP
2017-04-30,0.0,38.4,26.1,6.11,0.117,Annamayya,AP
2017-05-01,0.1,38.4,26.1,6.75,0.115,Annamayya,AP
2017-05-02,0.0,37.9,25.4,6.76,0.126,Annamayya,AP
2017-05-03,0.4,38.0,26.0,7.39,0.123,Annamayya,AP
2017-05-04,0.0,39.1,25.8,7.6,0.114,Annamayya,AP
2017-05-05,0.0,39.4,25.9,7.33,0.107,Annamayya,AP
2017-05-06,0.3,39.8,26.4,7.11,0.103,Annamayya,AP
2017-05-07,0.0,39.4,27.2,6.98,0.101,Annamayya,AP
2017-05-08,0.1,38.4,26.4,6.1,0.102,Annamayya,AP
2017-05-09,0.3,38.6,28.1,6.12,0.116,Annamayya,AP
2017-05-10,0.1,38.1,25.6,6.46,0.14,Annamayya,AP
2017-05-11,2.3,36.8,26.5,6.18,0.138,Annamayya,AP
2017-05-12,0.0,37.4,26.1,7.23,0.131,Annamayya,AP
2017-05-13,0.0,39.0,26.5,7.24,0.122,Annamayya,AP
2017-05-14,0.0,40.3,27.1,7.27,0.115,Annamayya,AP
2017-05-15,1.3,40.1,27.4,7.92,0.115,Annamayya,AP
2017-05-16,0.0,40.6,28.4,7.58,0.119,Annamayya,AP
2017-05-17,0.6,40.7,29.4,8.06,0.118,Annamayya,AP
2017-05-18,1.7,40.8,29.3,8.34,0.125,Annamayya,AP
2017-05-19,0.0,39.9,27.6,8.08,0.136,Annamayya,AP
2017-05-20,2.3,38.1,27.9,7.94,0.15,Annamayya,AP
2017-05-21,1.3,37.4,28.4,7.88,0.161,Annamayya,AP
2017-05-22,3.5,39.8,28.8,7.28,0.163,Annamayya,AP
2017-05-23,3.4,39.1,26.5,6.85,0.16,Annamayya,AP
2017-05-24,0.9,39.4,28.0,7.07,0.146,Annamayya,AP
2017-05-25,0.0,39.4,28.4,6.54,0.143,Annamayya,AP
2017-05-26,0.1,38.7,28.3,7.15,0.14,Annamayya,AP
2017-05-27,1.3,38.9,27.4,7.29,0.159,Annamayya,AP
2017-05-28,2.3,38.7,27.8,8.31,0.173,Annamayya,AP
2017-05-29,0.5,38.2,26.8,9.13,0.158,Annamayya,AP
2017-05-30,0.0,38.4,26.7,9.31,0.145,Annamayya,AP
2017-05-31,0.1,37.7,26.5,7.61,0.137,Annamayya,AP
2017-06-01,0.0,37.9,27.0,7.27,0.131,Annamayya,AP
2017-06-02,2.5,38.2,27.8,6.31,0.124,Annamayya,AP
2017-06-03,11.5,38.6,26.4,6.3,0.182,Annamayya,AP
2017-06-04,0.1,35.9,26.6,6.92,0.256,Annamayya,AP
2017-06-05,0.4,37.5,27.5,7.58,0.219,Annamayya,AP
2017-06-06,17.7,34.6,24.7,6.28,0.286,Annamayya,AP
2017-06-07,9.6,27.8,23.5,3.47,0.372,Annamayya,AP
2017-06-08,2.4,28.8,24.9,4.02,0.331,Annamayya,AP
2017-06-09,0.4,31.7,25.1,5.87,0.311,Annamayya,AP
2017-06-10,0.2,31.7,25.4,5.74,0.285,Annamayya,AP
2017-06-11,0.4,31.3,25.5,5.35,0.276,Annamayya,AP
2017-06-12,0.4,33.2,26.0,4.86,0.265,Annamayya,AP
2017-06-13,0.1,33.1,26.0,5.23,0.247,Annamayya,AP
2017-06-14,0.5,34.7,25.9,5.87,0.232,Annamayya,AP
2017-06-15,0.0,33.1,26.0,5.42,0.26,Annamayya,AP
2017-06-16,0.4,31.6,25.7,3.84,0.251,Annamayya,AP
2017-06-17,0.9,33.2,24.3,5.3,0.266,Annamayya,AP
2017-06-18,1.1,32.7,25.2,5.29,0.255,Annamayya,AP
2017-06-19,0.0,32.0,25.6,4.8,0.27,Annamayya,AP
2017-06-20,0.0,31.3,25.3,3.85,0.267,Annamayya,AP
2017-06-21,0.2,32.9,25.0,5.54,0.245,Annamayya,AP
2017-06-22,0.2,32.8,25.5,5.89,0.224,Annamayya,AP
2017-06-23,0.3,33.6,25.2,6.65,0.208,Annamayya,AP
2017-06-24,0.3,33.9,25.9,6.48,0.194,Annamayya,AP
2017-06-25,0.7,33.5,25.7,5.76,0.189,Annamayya,AP
2017-06-26,0.3,33.0,25.2,5.75,0.183,Annamayya,AP
2017-06-27,0.8,32.5,25.5,5.97,0.182,Annamayya,AP
2017-06-28,0.0,32.2,25.3,4.49,0.177,Annamayya,AP
2017-06-29,0.2,33.5,25.8,4.92,0.166,Annamayya,AP
2017-06-30,0.2,33.2,25.2,6.51,0.156,Annamayya,AP
2017-07-01,2.9,34.2,25.0,6.46,0.153,Annamayya,AP
2017-07-02,0.2,35.2,25.5,6.43,0.145,Annamayya,AP
2017-07-03,1.0,35.1,25.6,6.91,0.138,Annamayya,AP
2017-07-04,0.4,36.1,25.1,7.09,0.137,Annamayya,AP
2017-07-05,0.0,36.0,25.2,7.68,0.137,Annamayya,AP
2017-07-06,1.8,34.2,25.5,6.96,0.139,Annamayya,AP
2017-07-07,1.8,30.9,24.4,3.48,0.153,Annamayya,AP
2017-07-08,0.0,33.4,25.7,5.43,0.149,Annamayya,AP
2017-07-09,1.2,33.5,26.2,5.3,0.147,Annamayya,AP
2017-07-10,2.8,35.3,24.3,6.31,0.162,Annamayya,AP
2017-07-11,0.8,34.9,26.0,6.44,0.161,Annamayya,AP
2017-07-12,3.3,31.0,23.0,3.19,0.242,Annamayya,AP
2017-07-13,0.9,29.9,24.2,3.9,0.236,Annamayya,AP
2017-07-14,2.6,32.9,23.1,5.79,0.24,Annamayya,AP
2017-07-15,1.4,33.1,24.2,5.19,0.243,Annamayya,AP
2017-07-16,0.3,32.2,24.2,5.89,0.245,Annamayya,AP
2017-07-17,0.0,31.3,24.9,5.65,0.228,Annamayya,AP
2017-07-18,3.0,30.7,23.9,4.11,0.241,Annamayya,AP
2017-07-19,0.2,33.6,25.8,6.57,0.244,Annamayya,AP
2017-07-20,0.3,34.7,25.6,6.95,0.224,Annamayya,AP
2017-07-21,0.0,35.3,25.0,6.83,0.203,Annamayya,AP
2017-07-22,1.3,35.2,25.6,7.19,0.187,Annamayya,AP
2017-07-23,0.0,35.4,25.1,7.49,0.17,Annamayya,AP
2017-07-24,0.0,35.4,25.2,7.46,0.157,Annamayya,AP
2017-07-25,0.3,35.3,25.2,7.61,0.148,Annamayya,AP
2017-07-26,0.3,36.0,25.6,7.49,0.142,Annamayya,AP
2017-07-27,0.5,36.6,25.1,7.58,0.138,Annamayya,AP
2017-07-28,3.3,36.7,25.1,7.31,0.137,Annamayya,AP
2017-07-29,1.1,35.6,24.2,6.22,0.161,Annamayya,AP
2017-07-30,7.8,34.6,24.8,5.59,0.163,Annamayya,AP
2017-07-31,1.3,34.4,23.7,5.44,0.245,Annamayya,AP
2017-08-01,0.4,35.1,25.1,6.23,0.222,Annamayya,AP
2017-08-02,0.1,35.5,26.0,6.94,0.203,Annamayya,AP
2017-08-03,0.0,34.7,25.4,6.98,0.186,Annamayya,AP
2017-08-04,0.9,33.1,25.3,6.06,0.177,Annamayya,AP
2017-08-05,0.1,33.6,25.7,6.27,0.172,Annamayya,AP
2017-08-06,0.2,34.3,25.6,6.51,0.163,Annamayya,AP
2017-08-07,2.7,33.4,24.4,4.85,0.167,Annamayya,AP
2017-08-08,2.6,33.8,23.7,5.4,0.232,Annamayya,AP
2017-08-09,7.3,34.2,24.3,4.71,0.224,Annamayya,AP
2017-08-10,6.1,30.6,23.9,2.79,0.274,Annamayya,AP
2017-08-11,23.5,32.2,23.5,4.11,0.338,Annamayya,AP
2017-08-12,0.1,31.6,24.2,4.63,0.332,Annamayya,AP
2017-08-13,1.7,32.0,24.1,4.92,0.321,Annamayya,AP
2017-08-14,0.6,31.5,24.4,4.78,0.286,Annamayya,AP
2017-08-15,12.0,31.1,23.2,4.18,0.3,Annamayya,AP
2017-08-16,6.2,31.8,23.8,5.09,0.353,Annamayya,AP
2017-08-17,4.3,29.4,23.9,4.01,0.344,Annamayya,AP
2017-08-18,7.6,30.3,23.3,3.22,0.364,Annamayya,AP
2017-08-19,2.3,31.3,23.8,4.83,0.325,Annamayya,AP
2017-08-20,1.3,30.6,24.3,4.71,0.313,Annamayya,AP
2017-08-21,7.3,31.3,23.9,4.56,0.309,Annamayya,AP
2017-08-22,0.3,31.4,23.6,4.11,0.304,Annamayya,AP
2017-08-23,1.9,31.4,24.4,4.12,0.268,Annamayya,AP
2017-08-24,8.3,30.6,23.9,3.91,0.289,Annamayya,AP
2017-08-25,26.2,28.9,23.0,2.36,0.374,Annamayya,AP
2017-08-26,4.6,29.6,23.2,3.78,0.363,Annamayya,AP
2017-08-27,2.8,29.5,23.4,3.87,0.336,Annamayya,AP
2017-08-28,0.7,29.3,24.3,3.83,0.319,Annamayya,AP
2017-08-29,0.2,30.8,25.1,4.34,0.299,Annamayya,AP
2017-08-30,0.2,32.6,24.5,5.14,0.276,Annamayya,AP
2017-08-31,0.9,32.0,24.2,5.39,0.274,Annamayya,AP
2017-09-01,0.5,31.7,25.2,4.67,0.255,Annamayya,AP
2017-09-02,7.4,32.0,24.7,4.29,0.27,Annamayya,AP
2017-09-03,4.0,32.5,23.9,4.84,0.292,Annamayya,AP
2017-09-04,0.9,32.7,24.1,4.86,0.264,Annamayya,AP
2017-09-05,8.9,32.3,23.8,4.48,0.313,Annamayya,AP
2017-09-06,13.6,31.4,23.5,3.99,0.348,Annamayya,AP
2017-09-07,14.9,31.3,23.1,3.85,0.347,Annamayya,AP
2017-09-08,3.4,31.0,22.9,4.29,0.35,Annamayya,AP
2017-09-09,0.5,31.5,23.1,4.29,0.308,Annamayya,AP
2017-09-10,10.6,30.0,23.4,3.74,0.336,Annamayya,AP
2017-09-11,0.9,30.6,23.7,4.2,0.305,Annamayya,AP
2017-09-12,0.3,31.7,23.7,4.72,0.28,Annamayya,AP
2017-09-13,0.0,33.1,24.0,5.48,0.254,Annamayya,AP
2017-09-14,7.3,33.4,24.0,5.2,0.241,Annamayya,AP
2017-09-15,2.7,30.5,24.0,3.74,0.297,Annamayya,AP
2017-09-16,13.8,31.2,23.0,3.64,0.354,Annamayya,AP
2017-09-17,4.5,28.4,23.5,2.44,0.373,Annamayya,AP
2017-09-18,0.1,30.7,23.9,5.04,0.349,Annamayya,AP
2017-09-19,0.0,31.9,24.1,6.23,0.311,Annamayya,AP
2017-09-20,0.0,32.4,23.6,6.1,0.281,Annamayya,AP
2017-09-21,0.0,31.6,23.6,5.57,0.258,Annamayya,AP
2017-09-22,0.0,32.8,24.2,5.7,0.242,Annamayya,AP
2017-09-23,0.6,32.1,24.2,5.0,0.226,Annamayya,AP
2017-09-24,11.5,30.6,23.9,3.7,0.296,Annamayya,AP
2017-09-25,16.2,28.7,22.7,3.1,0.377,Annamayya,AP
2017-09-26,4.4,29.6,22.7,3.62,0.36,Annamayya,AP
2017-09-27,5.2,30.4,23.0,3.89,0.37,Annamayya,AP
2017-09-28,16.0,28.6,22.5,3.12,0.396,Annamayya,AP
2017-09-29,1.0,29.0,23.2,3.3,0.379,Annamayya,AP
2017-09-30,1.3,29.4,23.3,3.21,0.353,Annamayya,AP
2017-10-01,26.4,30.1,23.1,3.73,0.398,Annamayya,AP
2017-10-02,10.3,29.9,23.1,3.48,0.396,Annamayya,AP
2017-10-03,8.2,30.8,23.1,4.05,0.392,Annamayya,AP
2017-10-04,12.8,29.7,23.0,3.73,0.411,Annamayya,AP
2017-10-05,8.8,29.7,22.8,3.55,0.4,Annamayya,AP
2017-10-06,5.4,28.4,22.6,3.41,0.397,Annamayya,AP
2017-10-07,8.0,30.6,22.9,3.55,0.396,Annamayya,AP
2017-10-08,11.3,30.9,22.8,4.17,0.402,Annamayya,AP
2017-10-09,15.1,30.4,22.8,4.0,0.411,Annamayya,AP
2017-10-10,18.9,29.3,23.4,3.99,0.412,Annamayya,AP
2017-10-11,5.4,29.8,22.8,3.78,0.401,Annamayya,AP
2017-10-12,7.8,30.5,22.7,4.12,0.401,Annamayya,AP
2017-10-13,0.2,29.4,22.6,3.35,0.382,Annamayya,AP
2017-10-14,11.6,29.4,23.2,3.63,0.383,Annamayya,AP
2017-10-15,13.2,29.3,23.0,3.86,0.41,Annamayya,AP
2017-10-16,4.1,28.6,23.7,3.1,0.395,Annamayya,AP
2017-10-17,0.0,29.1,23.0,3.07,0.38,Annamayya,AP
2017-10-18,0.0,30.6,22.8,4.29,0.358,Annamayya,AP
2017-10-19,0.0,30.6,21.9,4.37,0.337,Annamayya,AP
2017-10-20,0.0,31.5,19.9,4.69,0.316,Annamayya,AP
2017-10-21,0.0,31.2,21.1,4.61,0.296,Annamayya,AP
2017-10-22,0.0,31.0,22.4,4.86,0.275,Annamayya,AP
2017-10-23,0.0,31.0,20.8,5.07,0.256,Annamayya,AP
2017-10-24,0.0,30.5,20.3,4.25,0.239,Annamayya,AP
2017-10-25,0.4,30.5,22.3,4.23,0.224,Annamayya,AP
2017-10-26,2.3,28.5,22.0,3.3,0.247,Annamayya,AP
2017-10-27,0.9,29.2,21.3,3.5,0.314,Annamayya,AP
2017-10-28,0.0,29.8,21.4,4.38,0.302,Annamayya,AP
2017-10-29,0.0,29.9,21.1,4.55,0.272,Annamayya,AP
2017-10-30,14.3,25.8,21.2,2.09,0.314,Annamayya,AP
2017-10-31,6.3,24.5,22.1,1.03,0.329,Annamayya,AP
2017-11-01,7.6,24.7,20.8,1.58,0.317,Annamayya,AP
2017-11-02,0.8,28.0,20.0,3.17,0.292,Annamayya,AP
2017-11-03,0.6,26.7,21.3,2.4,0.277,Annamayya,AP
2017-11-04,36.4,22.7,20.2,0.98,0.347,Annamayya,AP
2017-11-05,6.7,26.2,21.2,2.22,0.373,Annamayya,AP
2017-11-06,13.7,26.5,21.1,2.16,0.383,Annamayya,AP
2017-11-07,0.9,27.8,21.4,3.15,0.365,Annamayya,AP
2017-11-08,0.0,28.3,20.4,3.81,0.342,Annamayya,AP
2017-11-09,0.0,28.6,19.0,4.16,0.322,Annamayya,AP
2017-11-10,0.0,27.9,18.8,3.5,0.306,Annamayya,AP
2017-11-11,0.0,28.4,19.7,3.88,0.293,Annamayya,AP
2017-11-12,0.0,28.1,19.2,3.58,0.281,Annamayya,AP
2017-11-13,0.0,26.9,21.1,2.26,0.273,Annamayya,AP
2017-11-14,4.5,26.5,21.1,1.82,0.293,Annamayya,AP
2017-11-15,0.4,29.9,21.7,4.06,0.269,Annamayya,AP
2017-11-16,0.1,30.1,23.2,4.02,0.26,Annamayya,AP
2017-11-17,1.0,28.9,21.3,3.34,0.257,Annamayya,AP
2017-11-18,1.3,28.9,21.8,3.49,0.26,Annamayya,AP
2017-11-19,0.5,29.6,21.4,3.72,0.249,Annamayya,AP
2017-11-20,0.3,29.6,22.0,3.6,0.236,Annamayya,AP
2017-11-21,0.2,29.8,21.3,3.84,0.225,Annamayya,AP
2017-11-22,0.5,29.9,21.2,4.08,0.214,Annamayya,AP
2017-11-23,0.0,31.0,19.3,4.49,0.201,Annamayya,AP
2017-11-24,0.2,30.0,21.4,3.92,0.188,Annamayya,AP
2017-11-25,0.6,29.3,19.7,3.54,0.183,Annamayya,AP
2017-11-26,1.1,26.7,19.6,2.17,0.184,Annamayya,AP
2017-11-27,0.3,29.2,20.5,3.41,0.187,Annamayya,AP
2017-11-28,0.0,30.6,18.6,4.37,0.181,Annamayya,AP
2017-11-29,0.0,28.9,18.3,3.99,0.173,Annamayya,AP
2017-11-30,14.1,23.7,21.4,1.04,0.232,Annamayya,AP
2017-12-01,1.7,26.4,20.9,2.56,0.328,Annamayya,AP
2017-12-02,0.2,26.5,20.0,3.17,0.291,Annamayya,AP
2017-12-03,0.0,28.4,19.1,3.85,0.269,Annamayya,AP
2017-12-04,0.0,27.8,18.1,3.92,0.252,Annamayya,AP
2017-12-05,0.0,28.8,18.9,3.27,0.238,Annamayya,AP
2017-12-06,0.4,28.2,20.2,2.34,0.23,Annamayya,AP
2017-12-07,0.0,29.4,19.0,3.6,0.219,Annamayya,AP
2017-12-08,0.0,30.6,18.6,4.33,0.205,Annamayya,AP
2017-12-09,0.0,31.2,18.3,4.33,0.19,Annamayya,AP
2017-12-10,0.0,30.8,19.2,4.65,0.177,Annamayya,AP
2017-12-11,0.0,31.4,18.0,4.39,0.164,Annamayya,AP
2017-12-12,0.0,31.7,20.3,4.33,0.155,Annamayya,AP
2017-12-13,0.0,31.5,20.0,4.28,0.15,Annamayya,AP
2017-12-14,0.0,30.8,19.5,4.57,0.146,Annamayya,AP
2017-12-15,1.0,28.8,18.9,3.1,0.145,Annamayya,AP
2017-12-16,0.1,29.6,19.7,4.24,0.145,Annamayya,AP
2017-12-17,0.0,29.1,17.8,4.46,0.143,Annamayya,AP
2017-12-18,0.0,27.5,17.2,3.42,0.141,Annamayya,AP
2017-12-19,0.0,28.7,17.3,4.37,0.14,Annamayya,AP
2017-12-20,0.0,29.3,17.0,4.59,0.138,Annamayya,AP
2017-12-21,0.0,28.4,15.9,3.55,0.136,Annamayya,AP
2017-12-22,0.0,29.3,16.8,4.23,0.134,Annamayya,AP
2017-12-23,0.0,29.0,17.6,4.21,0.131,Annamayya,AP
2017-12-24,0.0,29.2,16.5,4.53,0.129,Annamayya,AP
2017-12-25,0.0,28.0,16.6,3.19,0.131,Annamayya,AP
2017-12-26,0.0,29.8,16.6,4.5,0.13,Annamayya,AP
2017-12-27,0.0,28.9,16.3,4.47,0.129,Annamayya,AP
2017-12-28,0.0,28.1,15.4,4.63,0.13,Annamayya,AP
2017-12-29,0.0,27.7,14.9,4.36,0.131,Annamayya,AP
2017-12-30,0.0,27.6,16.7,3.19,0.128,Annamayya,AP
2017-12-31,0.0,28.6,16.4,3.63,0.127,Annamayya,AP
2018-01-01,0.0,31.2,19.1,4.31,0.125,Annamayya,AP
2018-01-02,0.0,31.3,18.4,4.44,0.125,Annamayya,AP
2018-01-03,0.0,30.3,18.9,4.0,0.125,Annamayya,AP
2018-01-04,0.0,30.5,18.3,4.58,0.127,Annamayya,AP
2018-01-05,0.0,29.2,16.4,4.69,0.131,Annamayya,AP
2018-01-06,0.0,29.0,16.7,4.65,0.13,Annamayya,AP
2018-01-07,0.0,29.0,15.2,4.74,0.13,Annamayya,AP
2018-01-08,0.0,28.9,15.9,4.91,0.128,Annamayya,AP
2018-01-09,0.0,27.0,17.7,3.26,0.127,Annamayya,AP
2018-01-10,0.0,28.4,18.1,2.97,0.127,Annamayya,AP
2018-01-11,0.0,31.8,19.4,4.54,0.124,Annamayya,AP
2018-01-12,0.0,32.5,19.7,4.78,0.121,Annamayya,AP
2018-01-13,0.0,32.7,18.7,5.02,0.12,Annamayya,AP
2018-01-14,0.0,32.1,18.7,5.06,0.116,Annamayya,AP
2018-01-15,0.0,32.6,18.7,5.27,0.113,Annamayya,AP
2018-01-16,0.0,31.7,19.0,4.66,0.114,Annamayya,AP
2018-01-17,0.0,31.0,18.8,5.12,0.114,Annamayya,AP
2018-01-18,0.0,30.0,17.6,5.36,0.115,Annamayya,AP
2018-01-19,0.0,29.9,15.9,5.23,0.114,Annamayya,AP
2018-01-20,0.0,29.8,16.1,4.96,0.114,Annamayya,AP
2018-01-21,0.0,29.6,15.7,4.98,0.115,Annamayya,AP
2018-01-22,0.0,29.3,16.5,4.96,0.114,Annamayya,AP
2018-01-23,0.0,30.4,17.4,4.64,0.114,Annamayya,AP
2018-01-24,0.0,31.3,17.6,4.74,0.115,Annamayya,AP
2018-01-25,0.0,31.3,17.8,4.98,0.114,Annamayya,AP
2018-01-26,0.0,30.9,18.5,5.36,0.112,Annamayya,AP
2018-01-27,0.0,30.6,17.8,5.21,0.112,Annamayya,AP
2018-01-28,0.0,30.2,16.7,5.31,0.112,Annamayya,AP
2018-01-29,0.0,30.0,17.1,5.2,0.112,Annamayya,AP
2018-01-30,0.0,29.9,16.5,5.15,0.112,Annamayya,AP
2018-01-31,0.0,30.7,16.3,5.33,0.11,Annamayya,AP
2018-02-01,0.0,31.8,16.1,5.94,0.108,Annamayya,AP
2018-02-02,0.0,32.1,16.1,6.13,0.107,Annamayya,AP
2018-02-03,0.0,30.3,17.1,6.51,0.106,Annamayya,AP
2018-02-04,0.0,30.0,13.2,5.68,0.107,Annamayya,AP
2018-02-05,0.0,29.6,13.8,5.11,0.108,Annamayya,AP
2018-02-06,0.0,32.0,17.3,4.91,0.109,Annamayya,AP
2018-02-07,0.2,33.1,20.9,4.36,0.109,Annamayya,AP
2018-02-08,0.0,31.4,22.2,3.84,0.114,Annamayya,AP
2018-02-09,0.5,33.9,21.4,4.59,0.112,Annamayya,AP
2018-02-10,0.0,33.2,21.3,5.1,0.109,Annamayya,AP
2018-02-11,0.0,32.6,20.2,5.89,0.11,Annamayya,AP
2018-02-12,0.0,32.3,20.2,5.39,0.111,Annamayya,AP
2018-02-13,0.0,31.4,19.4,5.21,0.111,Annamayya,AP
2018-02-14,0.0,31.5,19.9,5.53,0.114,Annamayya,AP
2018-02-15,0.0,32.2,19.4,5.78,0.115,Annamayya,AP
2018-02-16,0.0,32.5,17.4,5.91,0.114,Annamayya,AP
2018-02-17,0.0,32.9,18.0,5.59,0.112,Annamayya,AP
2018-02-18,0.0,33.5,18.4,6.31,0.111,Annamayya,AP
2018-02-19,0.0,33.1,18.2,6.5,0.109,Annamayya,AP
2018-02-20,0.0,33.1,18.8,6.36,0.107,Annamayya,AP
2018-02-21,0.0,33.3,19.7,6.86,0.106,Annamayya,AP
2018-02-22,0.0,34.1,19.8,6.98,0.105,Annamayya,AP
2018-02-23,0.0,32.9,19.7,7.1,0.105,Annamayya,AP
2018-02-24,0.0,33.0,16.9,6.3,0.106,Annamayya,AP
2018-02-25,0.0,33.4,17.7,6.07,0.107,Annamayya,AP
2018-02-26,0.0,34.2,16.5,6.14,0.107,Annamayya,AP
2018-02-27,0.0,35.2,17.2,6.94,0.107,Annamayya,AP
2018-02-28,0.0,35.1,17.3,7.14,0.106,Annamayya,AP
2018-03-01,0.0,35.5,20.0,7.46,0.105,Annamayya,AP
2018-03-02,0.0,35.8,19.2,7.66,0.105,Annamayya,AP
2018-03-03,0.0,36.4,19.2,7.72,0.106,Annamayya,AP
2018-03-04,0.0,36.9,20.6,8.25,0.108,Annamayya,AP
2018-03-05,0.0,36.5,19.4,7.81,0.106,Annamayya,AP
2018-03-06,0.0,36.9,18.3,7.69,0.106,Annamayya,AP
2018-03-07,0.0,36.1,18.3,7.22,0.105,Annamayya,AP
2018-03-08,0.0,36.0,18.1,7.68,0.106,Annamayya,AP
2018-03-09,0.0,35.8,18.7,7.28,0.108,Annamayya,AP
2018-03-10,0.0,35.6,20.8,7.18,0.11,Annamayya,AP
2018-03-11,0.0,36.5,21.9,7.75,0.111,Annamayya,AP
2018-03-12,0.0,35.5,20.5,6.95,0.11,Annamayya,AP
2018-03-13,0.0,35.8,21.5,6.7,0.109,Annamayya,AP
2018-03-14,0.0,36.0,23.6,6.71,0.109,Annamayya,AP
2018-03-15,0.0,36.2,23.1,6.6,0.107,Annamayya,AP
2018-03-16,30.6,34.4,23.6,4.19,0.161,Annamayya,AP
2018-03-17,14.4,29.9,22.0,3.05,0.328,Annamayya,AP
2018-03-18,0.0,33.6,23.1,5.93,0.265,Annamayya,AP
2018-03-19,0.0,34.8,21.6,6.47,0.225,Annamayya,AP
2018-03-20,0.0,35.8,21.1,6.78,0.193,Annamayya,AP
2018-03-21,0.0,37.4,22.3,6.77,0.169,Annamayya,AP
2018-03-22,0.0,37.0,24.0,6.56,0.152,Annamayya,AP
2018-03-23,0.0,36.9,25.4,6.25,0.139,Annamayya,AP
2018-03-24,0.1,37.3,25.0,6.51,0.13,Annamayya,AP
2018-03-25,0.0,38.3,24.0,8.01,0.123,Annamayya,AP
2018-03-26,0.0,37.2,22.4,7.33,0.12,Annamayya,AP
2018-03-27,0.0,38.4,23.6,7.15,0.116,Annamayya,AP
2018-03-28,0.0,38.0,23.7,7.2,0.113,Annamayya,AP
2018-03-29,0.0,39.1,24.9,6.75,0.111,Annamayya,AP
2018-03-30,0.0,38.6,25.2,5.75,0.11,Annamayya,AP
2018-03-31,2.3,37.2,25.9,5.75,0.112,Annamayya,AP
2018-04-01,0.1,36.8,24.6,6.25,0.107,Annamayya,AP
2018-04-02,0.2,36.6,24.2,5.86,0.108,Annamayya,AP
2018-04-03,0.0,36.5,24.1,6.3,0.113,Annamayya,AP
2018-04-04,0.0,37.2,23.6,6.34,0.112,Annamayya,AP
2018-04-05,0.0,37.3,23.1,6.9,0.107,Annamayya,AP
2018-04-06,0.0,37.9,23.5,7.01,0.103,Annamayya,AP
2018-04-07,0.0,37.5,23.6,7.31,0.101,Annamayya,AP
2018-04-08,0.0,36.2,22.7,7.09,0.097,Annamayya,AP
2018-04-09,0.0,35.8,22.0,6.85,0.096,Annamayya,AP
2018-04-10,0.0,35.7,22.5,6.5,0.094,Annamayya,AP
2018-04-11,0.0,36.5,23.0,6.7,0.094,Annamayya,AP
2018-04-12,0.0,36.9,23.9,7.08,0.095,Annamayya,AP
2018-04-13,0.0,36.8,24.1,6.84,0.093,Annamayya,AP
2018-04-14,0.0,38.0,24.5,7.07,0.091,Annamayya,AP
2018-04-15,1.2,37.3,25.1,6.83,0.091,Annamayya,AP
2018-04-16,0.3,37.8,25.2,6.57,0.09,Annamayya,AP
2018-04-17,0.0,37.7,24.8,7.08,0.087,Annamayya,AP
2018-04-18,0.0,39.4,24.6,6.82,0.085,Annamayya,AP
2018-04-19,0.0,39.5,25.7,6.82,0.086,Annamayya,AP
2018-04-20,2.0,38.9,27.3,5.73,0.096,Annamayya,AP
2018-04-21,0.4,38.4,26.0,6.49,0.101,Annamayya,AP
2018-04-22,0.0,38.8,26.5,6.6,0.102,Annamayya,AP
2018-04-23,0.0,38.4,27.6,6.49,0.099,Annamayya,AP
2018-04-24,1.0,36.1,27.5,5.93,0.098,Annamayya,AP
2018-04-25,0.0,38.6,26.3,6.71,0.094,Annamayya,AP
2018-04-26,0.2,38.0,26.6,6.13,0.092,Annamayya,AP
2018-04-27,0.0,38.7,25.4,7.15,0.09,Annamayya,AP
2018-04-28,0.0,37.8,24.0,7.44,0.088,Annamayya,AP
2018-04-29,0.0,39.2,24.4,6.76,0.088,Annamayya,AP
2018-04-30,0.5,40.1,26.5,6.88,0.088,Annamayya,AP
2018-05-01,0.0,39.8,28.0,7.01,0.086,Annamayya,AP
2018-05-02,0.0,39.9,27.2,6.65,0.089,Annamayya,AP
2018-05-03,1.8,39.2,24.5,6.1,0.1,Annamayya,AP
2018-05-04,0.0,36.7,24.0,6.41,0.107,Annamayya,AP
2018-05-05,0.0,37.7,25.2,7.17,0.103,Annamayya,AP
2018-05-06,0.0,38.6,24.8,7.35,0.098,Annamayya,AP
2018-05-07,0.0,39.2,25.5,6.87,0.1,Annamayya,AP
2018-05-08,0.2,38.3,26.9,5.94,0.1,Annamayya,AP
2018-05-09,2.4,37.0,27.0,5.83,0.102,Annamayya,AP
2018-05-10,1.7,37.5,27.0,6.3,0.099,Annamayya,AP
2018-05-11,0.0,37.9,27.0,5.6,0.095,Annamayya,AP
2018-05-12,0.0,37.9,26.2,6.3,0.093,Annamayya,AP
2018-05-13,0.1,37.9,26.9,6.64,0.089,Annamayya,AP
2018-05-14,0.0,36.6,26.6,5.3,0.089,Annamayya,AP
2018-05-15,0.5,33.8,25.5,3.68,0.089,Annamayya,AP
2018-05-16,0.0,36.5,25.7,5.99,0.095,Annamayya,AP
2018-05-17,0.4,37.8,25.5,6.83,0.094,Annamayya,AP
2018-05-18,0.1,38.5,26.4,6.44,0.095,Annamayya,AP
2018-05-19,0.1,38.9,26.6,6.75,0.092,Annamayya,AP
2018-05-20,4.3,38.5,26.9,6.39,0.092,Annamayya,AP
2018-05-21,2.5,38.3,26.4,5.87,0.09,Annamayya,AP
2018-05-22,1.0,37.3,25.9,5.8,0.091,Annamayya,AP
2018-05-23,0.2,38.2,25.8,6.97,0.085,Annamayya,AP
2018-05-24,0.2,38.2,26.6,6.52,0.085,Annamayya,AP
2018-05-25,0.0,38.3,26.0,6.5,0.085,Annamayya,AP
2018-05-26,2.7,37.6,26.4,5.75,0.095,Annamayya,AP
2018-05-27,0.0,37.3,25.8,6.16,0.113,Annamayya,AP
2018-05-28,0.0,37.7,26.4,6.35,0.114,Annamayya,AP
2018-05-29,0.0,40.5,28.3,7.29,0.115,Annamayya,AP
2018-05-30,1.1,39.2,27.1,7.12,0.123,Annamayya,AP
2018-05-31,0.2,39.1,27.5,6.59,0.129,Annamayya,AP
2018-06-01,6.4,36.3,26.8,5.58,0.199,Annamayya,AP
2018-06-02,12.9,35.4,25.7,5.13,0.326,Annamayya,AP
2018-06-03,11.4,34.3,25.6,5.04,0.324,Annamayya,AP
2018-06-04,0.3,33.8,25.9,5.89,0.28,Annamayya,AP
2018-06-05,0.1,35.5,26.0,6.18,0.245,Annamayya,AP
2018-06-06,1.8,35.1,26.3,5.87,0.231,Annamayya,AP
2018-06-07,1.7,34.8,26.2,5.8,0.249,Annamayya,AP
2018-06-08,0.9,32.9,26.1,5.66,0.25,Annamayya,AP
2018-06-09,0.6,33.2,26.2,6.5,0.233,Annamayya,AP
2018-06-10,0.9,32.5,25.7,6.05,0.225,Annamayya,AP
2018-06-11,0.3,32.6,26.0,5.67,0.208,Annamayya,AP
2018-06-12,0.5,34.4,26.0,6.17,0.195,Annamayya,AP
2018-06-13,0.1,33.6,25.7,5.81,0.203,Annamayya,AP
2018-06-14,0.1,35.1,25.4,6.74,0.194,Annamayya,AP
2018-06-15,1.5,35.3,25.6,6.48,0.19,Annamayya,AP
2018-06-16,0.0,35.5,25.2,7.25,0.203,Annamayya,AP
2018-06-17,0.0,35.9,25.5,7.71,0.187,Annamayya,AP
2018-06-18,0.8,35.4,24.7,7.46,0.174,Annamayya,AP
2018-06-19,0.0,37.1,25.3,7.72,0.16,Annamayya,AP
2018-06-20,0.0,36.1,25.3,7.12,0.149,Annamayya,AP
2018-06-21,3.7,35.3,25.4,6.3,0.168,Annamayya,AP
2018-06-22,0.3,32.1,24.8,5.05,0.213,Annamayya,AP
2018-06-23,1.5,33.3,25.2,5.76,0.198,Annamayya,AP
2018-06-24,1.1,33.4,24.9,5.61,0.187,Annamayya,AP
2018-06-25,0.5,34.8,24.9,6.42,0.173,Annamayya,AP
2018-06-26,0.0,32.9,25.4,5.53,0.159,Annamayya,AP
2018-06-27,0.7,32.2,25.3,5.09,0.151,Annamayya,AP
2018-06-28,2.4,30.7,25.3,4.31,0.151,Annamayya,AP
2018-06-29,2.3,34.5,24.9,5.59,0.147,Annamayya,AP
2018-06-30,0.9,33.1,24.5,4.79,0.138,Annamayya,AP
2018-07-01,4.4,33.1,23.4,4.14,0.143,Annamayya,AP
2018-07-02,17.9,35.1,23.9,5.8,0.167,Annamayya,AP
2018-07-03,0.6,33.1,24.4,5.09,0.282,Annamayya,AP
2018-07-04,0.0,33.6,25.4,6.46,0.236,Annamayya,AP
2018-07-05,0.0,35.2,24.8,7.58,0.209,Annamayya,AP
2018-07-06,2.0,32.3,24.8,5.21,0.198,Annamayya,AP
2018-07-07,6.1,30.0,23.9,3.91,0.251,Annamayya,AP
2018-07-08,0.5,30.3,24.3,4.73,0.226,Annamayya,AP
2018-07-09,0.7,33.2,24.4,5.58,0.216,Annamayya,AP
2018-07-10,0.4,32.8,24.9,5.51,0.207,Annamayya,AP
2018-07-11,3.9,32.8,23.3,5.03,0.212,Annamayya,AP
2018-07-12,2.8,29.7,24.6,4.88,0.209,Annamayya,AP
2018-07-13,6.5,28.3,24.8,3.47,0.212,Annamayya,AP
2018-07-14,0.4,32.2,24.6,5.65,0.216,Annamayya,AP
2018-07-15,0.3,31.8,25.4,5.76,0.205,Annamayya,AP
2018-07-16,0.2,33.4,25.3,7.59,0.191,Annamayya,AP
2018-07-17,0.2,34.2,25.2,7.82,0.179,Annamayya,AP
2018-07-18,0.2,34.1,25.2,7.06,0.169,Annamayya,AP
2018-07-19,0.2,33.7,25.2,6.72,0.162,Annamayya,AP
2018-07-20,0.0,32.2,25.2,5.86,0.156,Annamayya,AP
2018-07-21,0.0,32.9,25.3,6.16,0.15,Annamayya,AP
2018-07-22,0.1,33.1,24.9,6.51,0.147,Annamayya,AP
2018-07-23,0.3,33.9,24.8,6.79,0.145,Annamayya,AP
2018-07-24,0.4,33.2,24.7,5.87,0.142,Annamayya,AP
2018-07-25,0.1,34.4,24.7,6.39,0.139,Annamayya,AP
2018-07-26,0.6,35.4,25.2,7.28,0.138,Annamayya,AP
2018-07-27,0.3,32.6,24.9,5.53,0.138,Annamayya,AP
2018-07-28,0.6,35.0,25.5,6.77,0.137,Annamayya,AP
2018-07-29,0.0,35.7,25.6,7.42,0.138,Annamayya,AP
2018-07-30,0.0,35.5,25.8,7.4,0.132,Annamayya,AP
2018-07-31,1.5,34.1,25.7,6.28,0.128,Annamayya,AP
2018-08-01,0.2,33.7,24.3,6.34,0.124,Annamayya,AP
2018-08-02,0.2,35.1,24.4,6.93,0.124,Annamayya,AP
2018-08-03,0.0,35.0,25.1,7.67,0.124,Annamayya,AP
2018-08-04,0.5,34.4,24.8,6.65,0.127,Annamayya,AP
2018-08-05,0.5,33.1,25.0,6.58,0.131,Annamayya,AP
2018-08-06,0.3,34.2,24.6,7.3,0.134,Annamayya,AP
2018-08-07,1.1,31.6,24.7,5.38,0.136,Annamayya,AP
2018-08-08,0.1,33.3,24.8,6.04,0.137,Annamayya,AP
2018-08-09,0.6,34.4,24.7,7.13,0.138,Annamayya,AP
2018-08-10,3.2,32.2,23.5,5.13,0.14,Annamayya,AP
2018-08-11,12.6,27.7,22.1,2.54,0.273,Annamayya,AP
2018-08-12,10.9,27.2,22.8,3.35,0.317,Annamayya,AP
2018-08-13,0.6,30.1,22.9,5.01,0.291,Annamayya,AP
2018-08-14,9.0,29.0,23.6,3.95,0.27,Annamayya,AP
2018-08-15,4.6,28.4,23.2,3.55,0.326,Annamayya,AP
2018-08-16,0.7,29.1,24.2,4.58,0.308,Annamayya,AP
2018-08-17,0.7,32.6,24.7,7.09,0.278,Annamayya,AP
2018-08-18,0.4,32.7,23.9,7.2,0.25,Annamayya,AP
2018-08-19,0.1,32.2,24.7,5.87,0.228,Annamayya,AP
2018-08-20,0.0,31.9,24.4,6.02,0.218,Annamayya,AP
2018-08-21,0.0,34.1,24.3,7.16,0.2,Annamayya,AP
2018-08-22,0.0,34.1,23.9,7.32,0.182,Annamayya,AP
2018-08-23,0.1,34.4,24.4,7.03,0.167,Annamayya,AP
2018-08-24,0.0,33.2,24.9,6.52,0.156,Annamayya,AP
2018-08-25,0.0,33.2,24.6,5.56,0.149,Annamayya,AP
2018-08-26,0.1,33.8,24.7,6.87,0.142,Annamayya,AP
2018-08-27,3.3,33.1,24.5,5.26,0.144,Annamayya,AP
2018-08-28,0.0,32.8,23.8,5.48,0.156,Annamayya,AP
2018-08-29,0.1,34.2,23.8,6.25,0.149,Annamayya,AP
2018-08-30,1.7,33.5,24.6,5.79,0.146,Annamayya,AP
2018-08-31,6.3,33.7,23.7,5.23,0.195,Annamayya,AP
2018-09-01,0.8,33.2,23.7,6.14,0.255,Annamayya,AP
2018-09-02,0.0,33.1,24.4,6.33,0.23,Annamayya,AP
2018-09-03,0.1,33.6,24.1,6.98,0.204,Annamayya,AP
2018-09-04,0.2,34.3,24.2,6.6,0.183,Annamayya,AP
2018-09-05,0.0,33.6,24.8,6.02,0.166,Annamayya,AP
2018-09-06,0.0,34.0,24.3,7.05,0.156,Annamayya,AP
2018-09-07,0.1,34.5,24.4,6.89,0.146,Annamayya,AP
2018-09-08,0.2,34.3,24.0,7.05,0.139,Annamayya,AP
2018-09-09,0.9,33.5,25.1,5.29,0.136,Annamayya,AP
2018-09-10,1.5,32.9,24.8,4.15,0.135,Annamayya,AP
2018-09-11,4.3,35.5,23.5,5.05,0.151,Annamayya,AP
2018-09-12,4.6,32.4,23.2,3.92,0.247,Annamayya,AP
2018-09-13,0.6,33.9,25.1,5.88,0.246,Annamayya,AP
2018-09-14,0.9,34.3,23.9,6.08,0.213,Annamayya,AP
2018-09-15,3.2,35.5,24.8,6.11,0.194,Annamayya,AP
2018-09-16,5.8,34.7,23.7,5.41,0.207,Annamayya,AP
2018-09-17,18.8,29.1,22.8,2.43,0.345,Annamayya,AP
2018-09-18,4.5,30.0,23.1,3.69,0.322,Annamayya,AP
2018-09-19,3.7,28.0,22.6,2.83,0.343,Annamayya,AP
2018-09-20,1.8,27.9,23.6,3.17,0.314,Annamayya,AP
2018-09-21,8.0,31.4,23.4,4.64,0.321,Annamayya,AP
2018-09-22,0.0,32.3,21.7,5.19,0.302,Annamayya,AP
2018-09-23,3.0,31.7,23.1,4.65,0.271,Annamayya,AP
2018-09-24,11.2,30.7,22.5,4.36,0.265,Annamayya,AP
2018-09-25,6.1,32.2,23.2,4.38,0.253,Annamayya,AP
2018-09-26,9.9,31.5,22.5,4.48,0.327,Annamayya,AP
2018-09-27,0.2,31.8,22.4,5.12,0.301,Annamayya,AP
2018-09-28,4.2,32.2,23.3,4.68,0.263,Annamayya,AP
2018-09-29,0.6,32.3,23.2,5.0,0.245,Annamayya,AP
2018-09-30,0.1,33.1,23.0,5.26,0.22,Annamayya,AP
2018-10-01,0.9,33.1,23.2,5.13,0.197,Annamayya,AP
2018-10-02,0.1,33.6,22.8,5.25,0.181,Annamayya,AP
2018-10-03,3.1,33.3,23.2,4.93,0.17,Annamayya,AP
2018-10-04,0.5,31.8,23.2,4.28,0.175,Annamayya,AP
2018-10-05,9.2,28.3,22.5,2.63,0.249,Annamayya,AP
2018-10-06,2.2,30.6,22.5,4.14,0.261,Annamayya,AP
2018-10-07,0.0,32.0,20.5,5.36,0.247,Annamayya,AP
2018-10-08,1.5,30.8,21.1,4.13,0.224,Annamayya,AP
2018-10-09,0.0,34.2,21.3,5.38,0.197,Annamayya,AP
2018-10-10,0.0,33.5,23.3,5.52,0.175,Annamayya,AP
2018-10-11,0.0,36.1,23.8,7.27,0.158,Annamayya,AP
2018-10-12,0.0,35.8,22.2,6.06,0.148,Annamayya,AP
2018-10-13,0.0,36.0,22.2,5.27,0.138,Annamayya,AP
2018-10-14,1.2,34.3,24.8,4.44,0.136,Annamayya,AP
2018-10-15,2.3,33.3,24.0,4.7,0.214,Annamayya,AP
2018-10-16,3.7,31.6,23.1,4.04,0.252,Annamayya,AP
2018-10-17,15.6,29.7,21.9,2.66,0.284,Annamayya,AP
2018-10-18,5.0,28.6,22.1,2.98,0.308,Annamayya,AP
2018-10-19,0.2,31.2,21.2,5.04,0.251,Annamayya,AP
2018-10-20,0.0,31.4,19.0,5.21,0.22,Annamayya,AP
2018-10-21,0.0,32.2,21.0,5.3,0.195,Annamayya,AP
2018-10-22,0.0,33.4,21.0,5.67,0.173,Annamayya,AP
2018-10-23,0.0,34.4,20.3,6.13,0.154,Annamayya,AP
2018-10-24,0.0,34.7,20.0,6.43,0.14,Annamayya,AP
2018-10-25,0.0,33.8,20.6,5.84,0.129,Annamayya,AP
2018-10-26,0.0,32.9,20.3,5.85,0.125,Annamayya,AP
2018-10-27,0.0,33.6,20.8,6.17,0.123,Annamayya,AP
2018-10-28,0.0,33.7,20.1,5.97,0.122,Annamayya,AP
2018-10-29,0.0,33.9,19.5,5.78,0.12,Annamayya,AP
2018-10-30,0.0,34.4,20.8,5.67,0.118,Annamayya,AP
2018-10-31,0.7,32.9,21.6,4.72,0.12,Annamayya,AP
2018-11-01,48.6,25.9,22.3,1.5,0.277,Annamayya,AP
2018-11-02,1.0,29.3,21.9,3.45,0.316,Annamayya,AP
2018-11-03,1.6,29.6,21.9,3.78,0.279,Annamayya,AP
2018-11-04,0.4,30.0,20.8,3.7,0.257,Annamayya,AP
2018-11-05,0.1,31.0,21.5,4.16,0.238,Annamayya,AP
2018-11-06,0.7,30.9,20.6,4.2,0.219,Annamayya,AP
2018-11-07,0.0,31.4,18.7,5.21,0.2,Annamayya,AP
2018-11-08,0.0,31.4,17.7,5.14,0.185,Annamayya,AP
2018-11-09,0.0,31.0,18.9,4.65,0.173,Annamayya,AP
2018-11-10,0.0,32.3,19.0,5.16,0.161,Annamayya,AP
2018-11-11,0.0,32.5,19.3,5.1,0.153,Annamayya,AP
2018-11-12,0.0,32.4,19.7,5.08,0.147,Annamayya,AP
2018-11-13,0.0,32.1,19.6,5.24,0.143,Annamayya,AP
2018-11-14,0.0,32.9,21.0,5.34,0.139,Annamayya,AP
2018-11-15,5.4,29.5,19.3,3.18,0.148,Annamayya,AP
2018-11-16,7.1,29.1,22.6,2.92,0.208,Annamayya,AP
2018-11-17,0.5,32.3,21.7,4.19,0.217,Annamayya,AP
2018-11-18,1.5,32.3,23.1,4.13,0.213,Annamayya,AP
2018-11-19,1.1,30.4,22.1,3.79,0.226,Annamayya,AP
2018-11-20,0.2,30.9,21.3,4.33,0.212,Annamayya,AP
2018-11-21,9.9,25.3,21.5,1.69,0.274,Annamayya,AP
2018-11-22,84.3,23.1,21.2,0.91,0.421,Annamayya,AP
2018-11-23,9.5,25.3,20.8,1.52,0.412,Annamayya,AP
2018-11-24,0.1,27.7,20.7,2.91,0.378,Annamayya,AP
2018-11-25,0.0,27.5,19.6,3.72,0.347,Annamayya,AP
2018-11-26,0.0,27.2,18.5,4.2,0.322,Annamayya,AP
2018-11-27,0.0,26.6,17.0,4.17,0.302,Annamayya,AP
2018-11-28,0.0,26.9,16.1,3.42,0.287,Annamayya,AP
2018-11-29,0.1,27.3,17.8,3.07,0.276,Annamayya,AP
2018-11-30,0.0,27.9,17.5,4.01,0.265,Annamayya,AP
2018-12-01,0.0,27.8,18.6,4.12,0.25,Annamayya,AP
2018-12-02,0.1,27.7,17.1,3.62,0.237,Annamayya,AP
2018-12-03,0.3,28.3,19.6,3.29,0.229,Annamayya,AP
2018-12-04,2.0,26.8,20.2,2.53,0.245,Annamayya,AP
2018-12-05,4.3,27.6,20.9,2.62,0.301,Annamayya,AP
2018-12-06,2.6,28.7,21.5,2.97,0.311,Annamayya,AP
2018-12-07,0.7,28.7,20.0,3.15,0.289,Annamayya,AP
2018-12-08,0.5,28.5,20.3,3.48,0.271,Annamayya,AP
2018-12-09,0.0,29.1,19.4,4.13,0.254,Annamayya,AP
2018-12-10,0.0,30.1,19.2,4.35,0.238,Annamayya,AP
2018-12-11,0.0,29.3,18.9,4.04,0.224,Annamayya,AP
2018-12-12,0.0,29.4,19.3,4.16,0.212,Annamayya,AP
2018-12-13,0.0,29.2,18.7,4.14,0.201,Annamayya,AP
2018-12-14,0.0,28.6,18.4,3.98,0.193,Annamayya,AP
2018-12-15,2.2,26.6,19.0,3.33,0.196,Annamayya,AP
2018-12-16,0.0,25.2,18.8,2.78,0.195,Annamayya,AP
2018-12-17,0.0,30.4,18.8,5.09,0.189,Annamayya,AP
2018-12-18,0.0,28.3,16.6,4.37,0.181,Annamayya,AP
2018-12-19,0.0,25.8,17.4,2.95,0.177,Annamayya,AP
2018-12-20,0.0,26.3,17.0,2.71,0.173,Annamayya,AP
2018-12-21,0.2,28.0,20.1,3.18,0.169,Annamayya,AP
2018-12-22,0.1,30.0,18.4,4.05,0.166,Annamayya,AP
2018-12-23,0.0,29.0,20.2,3.42,0.163,Annamayya,AP
2018-12-24,0.0,30.2,20.1,4.04,0.158,Annamayya,AP
2018-12-25,0.0,30.3,18.2,4.32,0.151,Annamayya,AP
2018-12-26,0.0,31.3,18.7,4.73,0.144,Annamayya,AP
2018-12-27,0.1,32.7,19.4,4.05,0.138,Annamayya,AP
2018-12-28,0.8,28.4,20.3,3.43,0.138,Annamayya,AP
2018-12-29,2.2,27.7,19.3,3.69,0.15,Annamayya,AP
2018-12-30,0.0,28.1,17.4,4.06,0.15,Annamayya,AP
2018-12-31,0.0,27.5,16.6,4.07,0.147,Annamayya,AP
2019-01-01,0.0,27.7,13.8,4.48,0.143,Annamayya,AP
2019-01-02,0.0,28.5,13.1,4.46,0.138,Annamayya,AP
2019-01-03,0.0,29.5,14.0,4.58,0.133,Annamayya,AP
2019-01-04,0.0,29.0,14.3,4.67,0.13,Annamayya,AP
2019-01-05,0.0,28.0,14.3,4.12,0.127,Annamayya,AP
2019-01-06,0.0,28.4,14.7,4.36,0.125,Annamayya,AP
2019-01-07,0.0,28.8,14.9,4.37,0.125,Annamayya,AP
2019-01-08,0.0,30.1,16.5,4.9,0.123,Annamayya,AP
2019-01-09,0.0,30.4,16.3,5.05,0.123,Annamayya,AP
2019-01-10,0.0,29.7,15.0,4.92,0.121,Annamayya,AP
2019-01-11,0.0,30.1,17.0,4.65,0.12,Annamayya,AP
2019-01-12,0.0,29.4,17.2,4.81,0.12,Annamayya,AP
2019-01-13,0.0,29.4,16.5,4.7,0.121,Annamayya,AP
2019-01-14,0.0,29.3,15.3,4.99,0.12,Annamayya,AP
2019-01-15,0.0,29.5,15.7,4.85,0.119,Annamayya,AP
2019-01-16,0.0,30.0,15.5,5.05,0.118,Annamayya,AP
2019-01-17,0.0,29.9,16.5,4.88,0.117,Annamayya,AP
2019-01-18,0.0,29.3,17.3,4.76,0.117,Annamayya,AP
2019-01-19,0.0,29.7,15.6,4.94,0.117,Annamayya,AP
2019-01-20,0.0,30.0,15.4,5.1,0.115,Annamayya,AP
2019-01-21,0.0,30.6,15.3,5.28,0.113,Annamayya,AP
2019-01-22,0.0,31.0,15.3,4.86,0.113,Annamayya,AP
2019-01-23,0.0,30.8,17.7,4.78,0.11,Annamayya,AP
2019-01-24,0.0,32.0,18.7,4.96,0.11,Annamayya,AP
2019-01-25,0.0,30.8,19.1,4.73,0.109,Annamayya,AP
2019-01-26,0.2,31.4,21.0,4.3,0.11,Annamayya,AP
2019-01-27,3.6,28.6,20.9,3.59,0.116,Annamayya,AP
2019-01-28,4.9,25.7,19.4,2.49,0.223,Annamayya,AP
2019-01-29,0.3,27.4,18.6,3.1,0.254,Annamayya,AP
2019-01-30,0.0,28.3,16.7,4.79,0.237,Annamayya,AP
2019-01-31,0.0,28.3,16.5,4.69,0.216,Annamayya,AP
2019-02-01,0.0,28.7,17.7,4.49,0.2,Annamayya,AP
2019-02-02,0.0,30.2,16.5,4.87,0.186,Annamayya,AP
2019-02-03,0.0,30.7,17.6,4.97,0.175,Annamayya,AP
2019-02-04,0.0,30.9,17.9,4.92,0.167,Annamayya,AP
2019-02-05,0.0,30.6,17.0,4.96,0.156,Annamayya,AP
2019-02-06,0.0,32.8,18.6,5.83,0.149,Annamayya,AP
2019-02-07,0.0,33.5,20.4,6.22,0.141,Annamayya,AP
2019-02-08,0.0,34.5,20.6,5.29,0.135,Annamayya,AP
2019-02-09,3.9,32.1,22.3,4.36,0.141,Annamayya,AP
2019-02-10,0.6,31.6,21.9,4.53,0.185,Annamayya,AP
2019-02-11,0.2,31.1,20.5,4.83,0.187,Annamayya,AP
2019-02-12,0.0,31.2,19.0,5.2,0.178,Annamayya,AP
2019-02-13,0.0,31.1,17.3,5.39,0.169,Annamayya,AP
2019-02-14,0.0,33.8,16.5,5.74,0.158,Annamayya,AP
2019-02-15,0.0,32.9,19.9,5.18,0.148,Annamayya,AP
2019-02-16,0.3,34.5,21.3,5.3,0.139,Annamayya,AP
2019-02-17,0.0,36.4,21.7,6.15,0.135,Annamayya,AP
2019-02-18,0.0,36.0,22.4,5.52,0.132,Annamayya,AP
2019-02-19,0.0,34.6,22.9,5.69,0.126,Annamayya,AP
2019-02-20,0.0,34.5,21.8,6.41,0.121,Annamayya,AP
2019-02-21,0.0,33.4,19.6,6.17,0.118,Annamayya,AP
2019-02-22,0.0,35.4,18.5,6.82,0.111,Annamayya,AP
2019-02-23,0.0,36.8,17.5,7.35,0.111,Annamayya,AP
2019-02-24,0.0,37.3,21.0,7.83,0.108,Annamayya,AP
2019-02-25,0.0,37.6,21.3,7.82,0.105,Annamayya,AP
2019-02-26,0.0,38.4,19.6,6.28,0.103,Annamayya,AP
2019-02-27,0.0,37.1,22.7,5.86,0.102,Annamayya,AP
2019-02-28,0.0,36.0,23.6,5.81,0.103,Annamayya,AP
2019-03-01,0.4,35.0,23.8,5.47,0.103,Annamayya,AP
2019-03-02,0.0,35.0,22.8,6.19,0.104,Annamayya,AP
2019-03-03,0.0,35.2,21.8,6.18,0.105,Annamayya,AP
2019-03-04,0.0,37.2,22.0,6.63,0.104,Annamayya,AP
2019-03-05,0.0,38.7,25.3,7.14,0.104,Annamayya,AP
2019-03-06,0.0,38.5,26.0,7.57,0.104,Annamayya,AP
2019-03-07,0.0,39.0,23.6,6.32,0.104,Annamayya,AP
2019-03-08,0.0,38.0,24.2,6.1,0.102,Annamayya,AP
2019-03-09,0.0,36.1,24.6,6.19,0.101,Annamayya,AP
2019-03-10,0.0,37.3,23.9,6.52,0.099,Annamayya,AP
2019-03-11,0.0,37.3,23.6,7.71,0.096,Annamayya,AP
2019-03-12,0.0,37.7,23.3,8.38,0.094,Annamayya,AP
2019-03-13,0.0,36.9,22.5,8.43,0.091,Annamayya,AP
2019-03-14,0.0,37.0,22.6,9.08,0.09,Annamayya,AP
2019-03-15,0.0,37.2,23.4,8.74,0.09,Annamayya,AP
2019-03-16,0.0,36.1,21.4,8.32,0.09,Annamayya,AP
2019-03-17,0.0,35.6,19.3,6.92,0.091,Annamayya,AP
2019-03-18,0.0,36.6,20.4,6.93,0.091,Annamayya,AP
2019-03-19,0.0,37.5,21.9,7.09,0.093,Annamayya,AP
2019-03-20,0.0,37.3,22.9,7.56,0.093,Annamayya,AP
2019-03-21,0.0,37.8,22.6,7.5,0.093,Annamayya,AP
2019-03-22,0.0,38.0,22.6,6.58,0.093,Annamayya,AP
2019-03-23,0.0,38.1,23.7,6.81,0.093,Annamayya,AP
2019-03-24,0.0,38.3,24.2,7.09,0.091,Annamayya,AP
2019-03-25,0.0,38.3,23.0,7.94,0.091,Annamayya,AP
2019-03-26,0.0,38.6,23.1,8.25,0.09,Annamayya,AP
2019-03-27,0.0,39.0,23.7,8.11,0.089,Annamayya,AP
2019-03-28,0.0,39.8,22.3,7.8,0.089,Annamayya,AP
2019-03-29,0.0,39.4,24.2,7.96,0.089,Annamayya,AP
2019-03-30,0.0,38.8,24.4,7.8,0.087,Annamayya,AP
2019-03-31,0.0,39.7,24.7,7.56,0.087,Annamayya,AP
2019-04-01,0.0,39.7,25.7,8.21,0.087,Annamayya,AP
2019-04-02,0.0,39.2,24.8,7.13,0.086,Annamayya,AP
2019-04-03,0.0,37.4,24.5,7.24,0.088,Annamayya,AP
2019-04-04,0.0,38.0,23.5,8.55,0.089,Annamayya,AP
2019-04-05,0.0,38.7,22.9,7.55,0.089,Annamayya,AP
2019-04-06,0.0,39.1,23.6,7.67,0.088,Annamayya,AP
2019-04-07,0.0,40.1,24.6,8.1,0.088,Annamayya,AP
2019-04-08,0.0,38.3,24.1,6.84,0.087,Annamayya,AP
2019-04-09,0.0,37.9,25.8,6.19,0.087,Annamayya,AP
2019-04-10,0.0,38.8,25.3,7.03,0.087,Annamayya,AP
2019-04-11,0.0,39.3,24.5,7.1,0.087,Annamayya,AP
2019-04-12,0.0,40.0,25.2,7.17,0.087,Annamayya,AP
2019-04-13,0.0,39.4,24.2,8.32,0.086,Annamayya,AP
2019-04-14,0.0,39.7,25.3,8.66,0.086,Annamayya,AP
2019-04-15,0.0,39.4,24.5,8.22,0.085,Annamayya,AP
2019-04-16,0.0,40.5,23.9,7.5,0.085,Annamayya,AP
2019-04-17,1.6,38.9,26.2,5.6,0.087,Annamayya,AP
2019-04-18,2.7,38.6,26.3,6.47,0.088,Annamayya,AP
2019-04-19,0.2,38.6,25.8,6.41,0.096,Annamayya,AP
2019-04-20,0.1,38.5,25.5,6.36,0.092,Annamayya,AP
2019-04-21,0.1,38.3,25.4,6.41,0.094,Annamayya,AP
2019-04-22,0.9,37.2,26.1,6.09,0.096,Annamayya,AP
2019-04-23,0.0,37.9,25.4,6.8,0.096,Annamayya,AP
2019-04-24,0.0,38.7,25.0,7.02,0.093,Annamayya,AP
2019-04-25,0.0,40.3,24.3,8.12,0.093,Annamayya,AP
2019-04-26,0.0,40.5,25.1,7.95,0.09,Annamayya,AP
2019-04-27,0.0,40.5,25.6,7.56,0.087,Annamayya,AP
2019-04-28,0.0,40.9,25.8,7.66,0.084,Annamayya,AP
2019-04-29,0.0,39.0,26.1,6.21,0.083,Annamayya,AP
2019-04-30,0.0,39.0,26.3,6.48,0.081,Annamayya,AP
2019-05-01,0.0,39.5,28.5,7.18,0.082,Annamayya,AP
2019-05-02,0.0,39.2,28.6,7.53,0.083,Annamayya,AP
2019-05-03,0.0,40.1,27.7,10.02,0.083,Annamayya,AP
2019-05-04,0.0,39.0,27.9,7.66,0.085,Annamayya,AP
2019-05-05,0.0,38.5,27.4,6.65,0.085,Annamayya,AP
2019-05-06,0.0,39.3,28.7,6.8,0.085,Annamayya,AP
2019-05-07,0.0,39.5,28.2,6.93,0.084,Annamayya,AP
2019-05-08,0.0,39.1,28.3,7.82,0.083,Annamayya,AP
2019-05-09,0.0,39.3,28.2,7.78,0.081,Annamayya,AP
2019-05-10,0.0,39.7,28.6,6.94,0.081,Annamayya,AP
2019-05-11,0.0,39.2,29.8,6.36,0.081,Annamayya,AP
2019-05-12,0.0,37.5,29.1,5.56,0.082,Annamayya,AP
2019-05-13,0.5,38.9,27.7,5.83,0.09,Annamayya,AP
2019-05-14,0.0,39.2,27.1,6.87,0.1,Annamayya,AP
2019-05-15,0.0,39.0,28.4,6.62,0.099,Annamayya,AP
2019-05-16,0.1,39.0,28.6,5.85,0.098,Annamayya,AP
2019-05-17,0.0,39.4,27.3,6.33,0.097,Annamayya,AP
2019-05-18,0.0,39.8,27.7,6.95,0.097,Annamayya,AP
2019-05-19,0.0,40.7,28.3,7.49,0.097,Annamayya,AP
2019-05-20,0.0,40.4,28.3,7.5,0.097,Annamayya,AP
2019-05-21,0.0,40.8,27.4,7.03,0.093,Annamayya,AP
2019-05-22,0.0,39.8,27.8,6.98,0.093,Annamayya,AP
2019-05-23,0.0,39.3,27.5,6.84,0.093,Annamayya,AP
2019-05-24,0.0,39.6,27.2,6.7,0.091,Annamayya,AP
2019-05-25,0.0,40.3,28.2,7.3,0.09,Annamayya,AP
2019-05-26,0.0,40.7,28.1,6.82,0.089,Annamayya,AP
2019-05-27,0.0,40.1,27.8,7.18,0.09,Annamayya,AP
2019-05-28,0.1,38.9,28.9,6.85,0.089,Annamayya,AP
2019-05-29,0.0,40.3,29.0,6.76,0.088,Annamayya,AP
2019-05-30,0.0,40.8,29.1,6.99,0.085,Annamayya,AP
2019-05-31,0.1,40.1,28.4,6.7,0.085,Annamayya,AP
2019-06-01,0.0,38.7,27.7,7.59,0.085,Annamayya,AP
2019-06-02,2.8,38.6,28.4,6.48,0.091,Annamayya,AP
2019-06-03,0.0,38.9,27.4,7.36,0.092,Annamayya,AP
2019-06-04,0.0,37.5,26.9,6.67,0.138,Annamayya,AP
2019-06-05,0.0,39.0,27.8,7.04,0.137,Annamayya,AP
2019-06-06,0.0,39.5,27.3,7.18,0.129,Annamayya,AP
2019-06-07,0.3,39.8,27.6,6.55,0.126,Annamayya,AP
2019-06-08,0.5,38.1,26.3,6.6,0.135,Annamayya,AP
2019-06-09,0.3,38.5,27.5,6.08,0.132,Annamayya,AP
2019-06-10,1.5,38.4,27.2,7.01,0.124,Annamayya,AP
2019-06-11,0.7,37.1,26.9,6.59,0.121,Annamayya,AP
2019-06-12,0.1,36.0,27.2,7.52,0.118,Annamayya,AP
2019-06-13,0.3,35.6,27.1,7.19,0.116,Annamayya,AP
2019-06-14,0.7,36.8,26.6,7.27,0.124,Annamayya,AP
2019-06-15,0.0,37.4,26.6,8.28,0.122,Annamayya,AP
2019-06-16,0.0,37.4,26.8,8.34,0.118,Annamayya,AP
2019-06-17,0.0,37.6,27.2,8.26,0.119,Annamayya,AP
2019-06-18,0.0,36.8,27.9,7.31,0.118,Annamayya,AP
2019-06-19,0.0,38.5,27.3,8.04,0.109,Annamayya,AP
2019-06-20,0.1,37.1,27.7,7.69,0.101,Annamayya,AP
2019-06-21,0.0,34.1,26.9,5.43,0.097,Annamayya,AP
2019-06-22,4.4,35.3,26.5,4.99,0.105,Annamayya,AP
2019-06-23,2.3,35.3,24.9,5.18,0.124,Annamayya,AP
2019-06-24,2.9,35.7,23.5,5.37,0.162,Annamayya,AP
2019-06-25,2.8,34.4,24.8,5.22,0.272,Annamayya,AP
2019-06-26,8.1,33.0,24.5,4.14,0.288,Annamayya,AP
2019-06-27,0.6,34.9,24.8,6.21,0.27,Annamayya,AP
2019-06-28,0.2,35.6,25.6,7.41,0.224,Annamayya,AP
2019-06-29,0.1,33.9,25.5,6.14,0.197,Annamayya,AP
2019-06-30,0.5,34.1,26.1,5.99,0.178,Annamayya,AP
2019-07-01,0.2,35.9,25.8,6.87,0.166,Annamayya,AP
2019-07-02,0.0,34.5,26.6,6.37,0.152,Annamayya,AP
2019-07-03,0.0,36.0,26.3,7.16,0.137,Annamayya,AP
2019-07-04,0.0,37.4,26.5,8.16,0.128,Annamayya,AP
2019-07-05,1.5,34.7,26.5,6.07,0.129,Annamayya,AP
2019-07-06,0.3,35.1,26.5,6.2,0.133,Annamayya,AP
2019-07-07,0.1,36.5,26.4,8.02,0.129,Annamayya,AP
2019-07-08,0.1,36.7,25.9,7.88,0.124,Annamayya,AP
2019-07-09,0.2,35.9,26.8,7.05,0.125,Annamayya,AP
2019-07-10,0.0,34.2,26.2,6.58,0.12,Annamayya,AP
2019-07-11,0.4,34.7,26.3,6.89,0.115,Annamayya,AP
2019-07-12,1.2,35.3,25.5,6.74,0.122,Annamayya,AP
2019-07-13,6.6,36.4,25.6,6.17,0.137,Annamayya,AP
2019-07-14,2.7,35.2,24.3,5.86,0.241,Annamayya,AP
2019-07-15,5.2,35.4,24.0,5.85,0.26,Annamayya,AP
2019-07-16,1.0,35.1,23.9,6.2,0.233,Annamayya,AP
2019-07-17,1.0,34.2,25.5,5.59,0.214,Annamayya,AP
2019-07-18,4.5,34.5,25.1,6.06,0.198,Annamayya,AP
2019-07-19,7.5,31.6,23.9,3.18,0.243,Annamayya,AP
2019-07-20,5.3,34.2,23.9,4.94,0.227,Annamayya,AP
2019-07-21,21.2,35.0,24.3,4.94,0.258,Annamayya,AP
2019-07-22,24.5,31.1,24.0,3.78,0.391,Annamayya,AP
2019-07-23,1.1,30.6,23.5,3.97,0.348,Annamayya,AP
2019-07-24,2.5,32.8,24.3,5.09,0.312,Annamayya,AP
2019-07-25,5.1,32.9,24.6,5.24,0.291,Annamayya,AP
2019-07-26,5.6,30.7,24.3,3.5,0.298,Annamayya,AP
2019-07-27,0.1,32.0,24.0,5.27,0.289,Annamayya,AP
2019-07-28,0.6,29.6,24.5,4.0,0.254,Annamayya,AP
2019-07-29,0.0,30.9,24.7,5.09,0.235,Annamayya,AP
2019-07-30,0.1,32.3,24.7,5.58,0.224,Annamayya,AP
2019-07-31,0.1,33.6,24.4,6.97,0.209,Annamayya,AP
2019-08-01,0.6,34.0,24.8,6.11,0.189,Annamayya,AP
2019-08-02,0.5,29.5,25.7,4.5,0.183,Annamayya,AP
2019-08-03,0.2,33.6,25.6,5.39,0.179,Annamayya,AP
2019-08-04,0.5,34.5,25.6,6.66,0.169,Annamayya,AP
2019-08-05,8.3,29.5,23.9,4.15,0.202,Annamayya,AP
2019-08-06,3.1,28.5,25.8,4.18,0.199,Annamayya,AP
2019-08-07,0.2,33.1,25.7,5.89,0.189,Annamayya,AP
2019-08-08,0.5,33.4,26.1,6.98,0.189,Annamayya,AP
2019-08-09,0.2,32.2,25.5,4.88,0.187,Annamayya,AP
2019-08-10,0.0,32.7,25.6,5.94,0.175,Annamayya,AP
2019-08-11,0.0,31.8,25.5,5.82,0.161,Annamayya,AP
2019-08-12,0.2,34.1,24.7,6.79,0.15,Annamayya,AP
2019-08-13,1.1,34.6,25.2,6.26,0.142,Annamayya,AP
2019-08-14,1.1,35.2,25.0,6.04,0.146,Annamayya,AP
2019-08-15,9.4,32.4,23.9,4.75,0.267,Annamayya,AP
2019-08-16,4.5,34.1,24.8,5.61,0.246,Annamayya,AP
2019-08-17,1.8,32.7,24.7,5.05,0.257,Annamayya,AP
2019-08-18,2.8,31.8,24.7,4.5,0.235,Annamayya,AP
2019-08-19,17.6,33.6,23.9,5.26,0.247,Annamayya,AP
2019-08-20,4.1,31.5,23.4,4.99,0.323,Annamayya,AP
2019-08-21,9.6,30.5,23.6,4.07,0.327,Annamayya,AP
2019-08-22,10.2,28.5,23.2,2.26,0.363,Annamayya,AP
2019-08-23,2.7,30.9,22.9,3.98,0.354,Annamayya,AP
2019-08-24,2.7,31.6,24.0,5.24,0.318,Annamayya,AP
2019-08-25,0.0,32.6,23.9,5.57,0.296,Annamayya,AP
2019-08-26,0.4,33.6,24.3,6.42,0.257,Annamayya,AP
2019-08-27,1.5,33.7,24.3,5.86,0.23,Annamayya,AP
2019-08-28,2.0,33.9,24.4,5.4,0.213,Annamayya,AP
2019-08-29,1.4,32.6,24.5,5.14,0.197,Annamayya,AP
2019-08-30,0.9,32.6,24.4,5.57,0.196,Annamayya,AP
2019-08-31,1.3,32.4,24.7,4.04,0.185,Annamayya,AP
2019-09-01,2.6,32.0,23.9,3.04,0.197,Annamayya,AP
2019-09-02,0.2,31.0,23.6,3.99,0.21,Annamayya,AP
2019-09-03,1.1,30.6,24.8,3.83,0.205,Annamayya,AP
2019-09-04,1.6,30.9,25.0,3.98,0.205,Annamayya,AP
2019-09-05,0.2,32.9,24.9,5.08,0.209,Annamayya,AP
2019-09-06,0.6,33.2,25.5,6.41,0.205,Annamayya,AP
2019-09-07,0.5,33.3,25.5,6.59,0.199,Annamayya,AP
2019-09-08,0.0,32.5,25.5,6.0,0.185,Annamayya,AP
2019-09-09,0.0,33.7,25.0,6.11,0.173,Annamayya,AP
2019-09-10,6.8,34.5,24.3,5.4,0.165,Annamayya,AP
2019-09-11,2.9,34.4,24.4,5.22,0.213,Annamayya,AP
2019-09-12,2.4,34.0,24.2,5.01,0.284,Annamayya,AP
2019-09-13,3.4,34.1,24.5,5.6,0.277,Annamayya,AP
2019-09-14,3.5,34.1,23.2,5.49,0.287,Annamayya,AP
2019-09-15,8.7,32.5,23.1,4.87,0.338,Annamayya,AP
2019-09-16,3.1,31.1,23.1,4.52,0.344,Annamayya,AP
2019-09-17,10.8,27.4,23.3,2.58,0.369,Annamayya,AP
2019-09-18,17.0,29.8,23.0,2.76,0.392,Annamayya,AP
2019-09-19,17.1,28.8,23.0,2.15,0.4,Annamayya,AP
2019-09-20,9.1,29.1,23.0,3.54,0.4,Annamayya,AP
2019-09-21,6.2,30.3,22.8,3.91,0.369,Annamayya,AP
2019-09-22,13.1,30.3,22.7,3.92,0.398,Annamayya,AP
2019-09-23,21.3,30.3,23.0,4.08,0.398,Annamayya,AP
2019-09-24,2.9,30.3,22.2,4.18,0.382,Annamayya,AP
2019-09-25,1.9,30.3,22.9,4.29,0.343,Annamayya,AP
2019-09-26,7.5,30.2,23.1,3.95,0.366,Annamayya,AP
2019-09-27,0.6,30.7,22.1,4.47,0.334,Annamayya,AP
2019-09-28,0.1,31.3,22.2,4.7,0.297,Annamayya,AP
2019-09-29,0.8,30.3,22.4,4.52,0.268,Annamayya,AP
2019-09-30,0.0,32.5,22.5,5.6,0.24,Annamayya,AP
2019-10-01,6.7,31.9,22.9,4.66,0.224,Annamayya,AP
2019-10-02,0.0,31.8,22.2,4.86,0.276,Annamayya,AP
2019-10-03,7.6,31.7,23.2,4.47,0.281,Annamayya,AP
2019-10-04,26.5,31.1,22.2,3.92,0.358,Annamayya,AP
2019-10-05,7.3,30.4,21.8,4.1,0.345,Annamayya,AP
2019-10-06,3.8,30.5,22.3,4.25,0.354,Annamayya,AP
2019-10-07,8.7,30.5,22.1,4.31,0.336,Annamayya,AP
2019-10-08,4.5,30.8,21.9,4.21,0.35,Annamayya,AP
2019-10-09,2.3,29.5,21.8,3.7,0.338,Annamayya,AP
2019-10-10,0.5,30.6,22.5,4.35,0.334,Annamayya,AP
2019-10-11,4.1,29.9,22.4,4.02,0.335,Annamayya,AP
2019-10-12,0.9,30.7,23.0,4.73,0.337,Annamayya,AP
2019-10-13,3.2,30.9,22.4,4.65,0.332,Annamayya,AP
2019-10-14,0.3,30.5,22.0,4.54,0.329,Annamayya,AP
2019-10-15,5.6,29.6,22.9,3.77,0.31,Annamayya,AP
2019-10-16,9.3,27.0,22.7,2.23,0.366,Annamayya,AP
2019-10-17,6.1,27.2,22.1,2.76,0.368,Annamayya,AP
2019-10-18,4.8,29.0,21.8,3.41,0.343,Annamayya,AP
2019-10-19,4.5,29.0,21.8,3.37,0.357,Annamayya,AP
2019-10-20,11.2,28.9,22.5,3.18,0.371,Annamayya,AP
2019-10-21,17.1,26.3,22.4,2.13,0.408,Annamayya,AP
2019-10-22,9.1,24.5,22.2,1.16,0.398,Annamayya,AP
2019-10-23,14.1,29.3,22.6,3.33,0.388,Annamayya,AP
2019-10-24,7.4,30.9,22.6,2.81,0.396,Annamayya,AP
2019-10-25,3.0,29.7,22.8,3.77,0.38,Annamayya,AP
2019-10-26,8.3,30.4,22.2,3.47,0.379,Annamayya,AP
2019-10-27,1.6,29.1,21.2,3.51,0.351,Annamayya,AP
2019-10-28,2.3,28.9,21.5,3.76,0.342,Annamayya,AP
2019-10-29,5.0,27.6,21.5,2.77,0.344,Annamayya,AP
2019-10-30,11.2,25.1,22.2,1.36,0.377,Annamayya,AP
2019-10-31,2.2,27.7,21.8,2.6,0.364,Annamayya,AP
2019-11-01,1.1,30.3,21.6,3.75,0.34,Annamayya,AP
2019-11-02,0.3,29.7,21.2,3.91,0.318,Annamayya,AP
2019-11-03,0.0,29.7,20.4,4.35,0.288,Annamayya,AP
2019-11-04,0.0,31.0,20.7,4.72,0.262,Annamayya,AP
2019-11-05,0.0,31.0,20.5,4.44,0.234,Annamayya,AP
2019-11-06,0.4,30.9,21.5,4.21,0.21,Annamayya,AP
2019-11-07,0.7,30.7,22.2,4.21,0.197,Annamayya,AP
2019-11-08,0.3,31.7,22.1,4.41,0.183,Annamayya,AP
2019-11-09,0.2,32.0,22.7,4.46,0.172,Annamayya,AP
2019-11-10,0.2,32.2,21.6,4.41,0.165,Annamayya,AP
2019-11-11,0.0,32.1,21.1,4.96,0.151,Annamayya,AP
2019-11-12,0.6,31.2,20.6,4.52,0.144,Annamayya,AP
2019-11-13,0.7,29.5,20.9,4.12,0.141,Annamayya,AP
2019-11-14,17.9,27.9,21.6,2.52,0.18,Annamayya,AP
2019-11-15,7.5,28.1,21.8,2.64,0.253,Annamayya,AP
2019-11-16,0.1,30.5,21.2,4.37,0.246,Annamayya,AP
2019-11-17,0.3,30.3,20.3,4.28,0.227,Annamayya,AP
2019-11-18,1.5,29.2,21.9,3.49,0.216,Annamayya,AP
2019-11-19,1.4,28.2,22.4,2.96,0.242,Annamayya,AP
2019-11-20,4.4,28.2,22.2,3.02,0.296,Annamayya,AP
2019-11-21,1.1,29.6,21.3,4.1,0.274,Annamayya,AP
2019-11-22,1.0,29.1,18.8,4.31,0.257,Annamayya,AP
2019-11-23,0.0,29.0,18.9,3.67,0.236,Annamayya,AP
2019-11-24,0.0,30.0,18.4,4.31,0.218,Annamayya,AP
2019-11-25,0.0,29.2,18.6,3.88,0.206,Annamayya,AP
2019-11-26,0.1,29.9,19.1,4.34,0.193,Annamayya,AP
2019-11-27,6.5,27.9,21.8,2.84,0.217,Annamayya,AP
2019-11-28,4.2,28.5,22.0,2.81,0.231,Annamayya,AP
2019-11-29,2.5,29.3,21.6,3.52,0.231,Annamayya,AP
2019-11-30,6.6,28.1,20.8,2.69,0.246,Annamayya,AP
2019-12-01,30.4,24.1,21.7,0.98,0.364,Annamayya,AP
2019-12-02,9.6,25.7,21.6,1.73,0.38,Annamayya,AP
2019-12-03,0.8,24.5,21.5,1.44,0.353,Annamayya,AP
2019-12-04,1.6,27.4,20.0,3.37,0.341,Annamayya,AP
2019-12-05,1.0,25.3,18.9,2.54,0.325,Annamayya,AP
2019-12-06,0.6,26.7,18.2,3.2,0.312,Annamayya,AP
2019-12-07,8.3,23.6,17.7,1.11,0.325,Annamayya,AP
2019-12-08,3.7,26.3,20.5,2.51,0.354,Annamayya,AP
2019-12-09,0.1,26.7,18.9,2.96,0.326,Annamayya,AP
2019-12-10,0.1,25.9,19.0,2.95,0.308,Annamayya,AP
2019-12-11,0.0,27.7,17.7,4.1,0.291,Annamayya,AP
2019-12-12,0.0,27.9,17.9,3.66,0.276,Annamayya,AP
2019-12-13,0.0,28.1,18.2,3.17,0.261,Annamayya,AP
2019-12-14,4.6,26.5,20.3,2.22,0.262,Annamayya,AP
2019-12-15,0.0,27.5,19.2,3.11,0.261,Annamayya,AP
2019-12-16,2.9,26.4,18.7,2.58,0.257,Annamayya,AP
2019-12-17,0.3,26.9,19.2,3.25,0.254,Annamayya,AP
2019-12-18,0.8,25.7,18.2,2.05,0.251,Annamayya,AP
2019-12-19,0.1,27.2,18.5,3.12,0.25,Annamayya,AP
2019-12-20,0.2,27.8,17.6,2.96,0.248,Annamayya,AP
2019-12-21,0.0,27.9,19.0,3.15,0.245,Annamayya,AP
2019-12-22,0.0,28.3,19.5,3.64,0.233,Annamayya,AP
2019-12-23,0.0,27.8,17.1,3.83,0.221,Annamayya,AP
2019-12-24,0.0,27.9,18.5,2.94,0.216,Annamayya,AP
2019-12-25,0.0,27.8,19.6,2.85,0.208,Annamayya,AP
2019-12-26,0.0,29.5,19.0,3.95,0.202,Annamayya,AP
2019-12-27,0.0,29.4,19.2,3.7,0.195,Annamayya,AP
2019-12-28,0.3,27.1,19.2,2.91,0.189,Annamayya,AP
2019-12-29,0.0,28.8,19.1,3.9,0.186,Annamayya,AP
2019-12-30,1.5,26.3,19.3,2.94,0.184,Annamayya,AP
2019-12-31,1.5,27.5,19.4,3.12,0.184,Annamayya,AP
2020-01-01,3.0,28.6,20.8,3.12,0.189,Annamayya,AP
2020-01-02,2.3,27.7,21.0,2.86,0.195,Annamayya,AP
2020-01-03,0.3,30.4,21.2,3.56,0.198,Annamayya,AP
2020-01-04,0.1,31.5,21.7,3.86,0.188,Annamayya,AP
2020-01-05,9.9,25.1,21.5,1.44,0.229,Annamayya,AP
2020-01-06,2.6,26.9,21.2,2.75,0.265,Annamayya,AP
2020-01-07,1.4,28.1,20.6,3.07,0.27,Annamayya,AP
2020-01-08,0.0,29.8,19.9,4.06,0.255,Annamayya,AP
2020-01-09,0.0,29.5,18.9,4.03,0.237,Annamayya,AP
2020-01-10,0.0,28.8,18.1,4.12,0.22,Annamayya,AP
2020-01-11,0.0,28.6,17.8,4.08,0.208,Annamayya,AP
2020-01-12,0.2,27.2,18.2,3.09,0.197,Annamayya,AP
2020-01-13,0.0,29.5,17.3,4.38,0.191,Annamayya,AP
2020-01-14,0.0,29.7,17.8,4.75,0.179,Annamayya,AP
2020-01-15,0.0,28.6,16.5,4.5,0.171,Annamayya,AP
2020-01-16,0.0,29.3,17.3,4.52,0.168,Annamayya,AP
2020-01-17,0.0,31.3,18.3,4.81,0.16,Annamayya,AP
2020-01-18,1.9,28.6,21.1,3.06,0.164,Annamayya,AP
2020-01-19,0.0,31.0,20.4,4.16,0.168,Annamayya,AP
2020-01-20,0.0,31.7,19.9,5.11,0.162,Annamayya,AP
2020-01-21,0.0,30.2,18.1,5.07,0.155,Annamayya,AP
2020-01-22,0.0,30.2,18.1,4.34,0.152,Annamayya,AP
2020-01-23,0.0,30.9,18.2,4.86,0.149,Annamayya,AP
2020-01-24,0.0,31.4,16.9,5.19,0.144,Annamayya,AP
2020-01-25,0.0,31.3,16.5,5.38,0.142,Annamayya,AP
2020-01-26,0.0,32.3,16.7,5.38,0.138,Annamayya,AP
2020-01-27,0.0,33.8,19.3,5.76,0.131,Annamayya,AP
2020-01-28,0.0,33.4,19.0,5.05,0.129,Annamayya,AP
2020-01-29,0.0,33.5,20.5,4.95,0.133,Annamayya,AP
2020-01-30,0.0,35.0,20.2,5.22,0.133,Annamayya,AP
2020-01-31,0.0,33.9,20.3,5.32,0.133,Annamayya,AP
2020-02-01,0.0,32.1,20.1,4.92,0.134,Annamayya,AP
2020-02-02,0.0,31.9,20.8,5.05,0.135,Annamayya,AP
2020-02-03,0.0,32.1,18.7,5.57,0.133,Annamayya,AP
2020-02-04,0.0,32.1,18.7,5.2,0.134,Annamayya,AP
2020-02-05,0.0,32.0,20.4,5.5,0.136,Annamayya,AP
2020-02-06,0.0,32.9,18.9,5.89,0.135,Annamayya,AP
2020-02-07,0.0,32.2,20.0,5.37,0.137,Annamayya,AP
2020-02-08,0.5,32.5,21.6,5.2,0.142,Annamayya,AP
2020-02-09,0.5,31.1,20.9,4.56,0.145,Annamayya,AP
2020-02-10,0.0,31.9,20.6,5.34,0.14,Annamayya,AP
2020-02-11,0.0,30.9,19.6,4.91,0.136,Annamayya,AP
2020-02-12,0.0,31.4,19.8,5.46,0.135,Annamayya,AP
2020-02-13,0.0,31.7,20.4,5.37,0.135,Annamayya,AP
2020-02-14,0.0,33.0,18.7,5.51,0.133,Annamayya,AP
2020-02-15,0.0,33.9,17.8,6.21,0.132,Annamayya,AP
2020-02-16,0.0,33.6,19.6,6.87,0.127,Annamayya,AP
2020-02-17,0.0,33.2,17.4,6.33,0.119,Annamayya,AP
2020-02-18,0.0,33.2,19.3,6.46,0.118,Annamayya,AP
2020-02-19,0.0,32.9,19.3,6.33,0.114,Annamayya,AP
2020-02-20,0.0,32.3,17.9,6.08,0.116,Annamayya,AP
2020-02-21,0.0,32.4,18.1,5.83,0.118,Annamayya,AP
2020-02-22,0.0,32.4,18.8,5.62,0.117,Annamayya,AP
2020-02-23,0.0,32.9,19.9,5.82,0.122,Annamayya,AP
2020-02-24,0.0,32.9,20.0,5.87,0.124,Annamayya,AP
2020-02-25,0.0,34.5,20.6,6.11,0.129,Annamayya,AP
2020-02-26,0.0,33.8,21.4,5.48,0.129,Annamayya,AP
2020-02-27,0.0,34.0,21.5,5.83,0.131,Annamayya,AP
2020-02-28,0.0,33.6,21.0,5.93,0.132,Annamayya,AP
2020-02-29,0.0,33.6,20.9,6.09,0.129,Annamayya,AP
2020-03-01,0.0,33.8,21.4,6.19,0.123,Annamayya,AP
2020-03-02,0.0,33.2,20.4,5.35,0.122,Annamayya,AP
2020-03-03,0.0,35.2,21.5,6.17,0.118,Annamayya,AP
2020-03-04,1.0,34.0,23.4,4.92,0.121,Annamayya,AP
2020-03-05,0.5,33.5,22.2,5.21,0.125,Annamayya,AP
2020-03-06,1.6,31.1,23.3,3.92,0.144,Annamayya,AP
2020-03-07,9.2,31.2,23.3,3.88,0.204,Annamayya,AP
2020-03-08,1.7,32.2,22.4,4.56,0.215,Annamayya,AP
2020-03-09,0.0,34.6,21.9,6.03,0.2,Annamayya,AP
2020-03-10,0.0,35.5,22.4,5.85,0.188,Annamayya,AP
2020-03-11,0.0,35.5,22.7,6.54,0.178,Annamayya,AP
2020-03-12,0.0,36.1,22.2,6.79,0.167,Annamayya,AP
2020-03-13,0.0,35.6,20.7,6.81,0.156,Annamayya,AP
2020-03-14,0.0,36.2,20.7,6.83,0.148,Annamayya,AP
2020-03-15,0.0,35.0,21.2,6.61,0.142,Annamayya,AP
2020-03-16,0.0,35.5,21.7,6.37,0.138,Annamayya,AP
2020-03-17,0.0,35.6,21.6,7.42,0.132,Annamayya,AP
2020-03-18,0.0,37.1,21.3,7.33,0.129,Annamayya,AP
2020-03-19,0.0,37.3,22.5,6.99,0.128,Annamayya,AP
2020-03-20,12.1,35.5,23.4,4.61,0.159,Annamayya,AP
2020-03-21,0.0,36.1,23.0,6.45,0.151,Annamayya,AP
2020-03-22,0.0,35.9,23.6,6.18,0.147,Annamayya,AP
2020-03-23,0.0,35.9,23.1,6.55,0.144,Annamayya,AP
2020-03-24,0.0,36.6,22.7,6.89,0.14,Annamayya,AP
2020-03-25,0.0,37.3,22.0,7.14,0.137,Annamayya,AP
2020-03-26,0.0,36.1,22.2,7.16,0.132,Annamayya,AP
2020-03-27,0.0,37.0,21.4,6.96,0.13,Annamayya,AP
2020-03-28,0.0,37.5,20.9,7.52,0.129,Annamayya,AP
2020-03-29,0.0,37.8,21.8,7.69,0.124,Annamayya,AP
2020-03-30,0.0,37.6,22.7,7.96,0.116,Annamayya,AP
2020-03-31,0.0,38.0,21.5,7.77,0.112,Annamayya,AP
2020-04-01,0.0,38.9,22.1,7.71,0.106,Annamayya,AP
2020-04-02,0.0,39.5,24.7,8.32,0.106,Annamayya,AP
2020-04-03,0.0,38.0,24.0,7.69,0.104,Annamayya,AP
2020-04-04,0.0,37.7,22.3,7.24,0.106,Annamayya,AP
2020-04-05,0.0,37.9,23.4,6.7,0.111,Annamayya,AP
2020-04-06,0.0,37.3,25.5,6.29,0.112,Annamayya,AP
2020-04-07,0.0,37.2,25.9,5.51,0.115,Annamayya,AP
2020-04-08,0.0,35.3,25.6,4.85,0.116,Annamayya,AP
2020-04-09,1.0,36.6,26.0,5.26,0.118,Annamayya,AP
2020-04-10,0.0,35.8,22.9,6.31,0.136,Annamayya,AP
2020-04-11,0.0,35.3,23.3,6.02,0.136,Annamayya,AP
2020-04-12,0.0,36.9,22.5,6.82,0.132,Annamayya,AP
2020-04-13,0.0,38.5,21.3,7.79,0.127,Annamayya,AP
2020-04-14,0.0,38.1,20.9,8.15,0.124,Annamayya,AP
2020-04-15,0.0,38.5,21.5,7.76,0.119,Annamayya,AP
2020-04-16,0.0,38.8,23.6,7.79,0.11,Annamayya,AP
2020-04-17,0.0,38.2,24.3,6.99,0.108,Annamayya,AP
2020-04-18,0.0,38.3,24.2,7.05,0.112,Annamayya,AP
2020-04-19,0.0,37.6,24.4,7.14,0.114,Annamayya,AP
2020-04-20,0.0,37.2,23.7,7.46,0.113,Annamayya,AP
2020-04-21,0.0,38.4,23.3,7.23,0.108,Annamayya,AP
2020-04-22,0.0,38.7,24.6,7.04,0.107,Annamayya,AP
2020-04-23,0.0,38.9,25.6,6.62,0.107,Annamayya,AP
2020-04-24,0.0,38.6,27.4,6.32,0.106,Annamayya,AP
2020-04-25,2.1,36.9,27.6,5.78,0.111,Annamayya,AP
2020-04-26,0.1,37.9,26.6,6.61,0.108,Annamayya,AP
2020-04-27,0.0,38.3,27.2,6.39,0.107,Annamayya,AP
2020-04-28,0.1,35.1,26.0,5.52,0.107,Annamayya,AP
2020-04-29,6.1,34.0,23.1,3.86,0.188,Annamayya,AP
2020-04-30,0.0,36.4,24.7,5.97,0.164,Annamayya,AP
2020-05-01,0.0,37.8,24.9,6.35,0.151,Annamayya,AP
2020-05-02,0.0,37.1,26.6,5.84,0.146,Annamayya,AP
2020-05-03,0.0,37.8,25.9,6.43,0.141,Annamayya,AP
2020-05-04,0.0,37.9,26.2,6.11,0.138,Annamayya,AP
2020-05-05,0.0,38.2,26.0,7.11,0.134,Annamayya,AP
2020-05-06,0.1,38.0,26.1,6.79,0.13,Annamayya,AP
2020-05-07,0.0,37.7,25.6,5.94,0.131,Annamayya,AP
2020-05-08,0.0,37.3,26.2,6.48,0.124,Annamayya,AP
2020-05-09,0.0,38.9,25.7,6.95,0.121,Annamayya,AP
2020-05-10,0.0,38.3,25.0,7.13,0.115,Annamayya,AP
2020-05-11,0.0,37.2,25.1,6.68,0.104,Annamayya,AP
2020-05-12,0.0,36.6,24.0,6.57,0.105,Annamayya,AP
2020-05-13,0.0,37.0,24.3,6.68,0.095,Annamayya,AP
2020-05-14,0.0,38.2,25.0,7.38,0.087,Annamayya,AP
2020-05-15,0.0,37.4,23.9,6.76,0.09,Annamayya,AP
2020-05-16,0.9,37.6,24.6,6.34,0.091,Annamayya,AP
2020-05-17,0.7,35.8,26.1,4.67,0.103,Annamayya,AP
2020-05-18,1.0,36.4,27.2,6.76,0.119,Annamayya,AP
2020-05-19,0.0,38.0,26.8,8.53,0.136,Annamayya,AP
2020-05-20,0.0,37.8,27.0,8.22,0.142,Annamayya,AP
2020-05-21,0.0,38.9,26.8,8.25,0.138,Annamayya,AP
2020-05-22,0.0,38.9,27.3,7.58,0.134,Annamayya,AP
2020-05-23,0.0,39.3,26.4,6.76,0.13,Annamayya,AP
2020-05-24,0.0,38.9,27.4,6.58,0.119,Annamayya,AP
2020-05-25,0.0,38.7,26.8,6.46,0.122,Annamayya,AP
2020-05-26,0.3,38.2,25.8,6.2,0.128,Annamayya,AP
2020-05-27,0.0,39.2,26.7,6.7,0.128,Annamayya,AP
2020-05-28,0.0,39.3,27.5,7.13,0.123,Annamayya,AP
2020-05-29,0.0,39.1,27.4,7.58,0.121,Annamayya,AP
2020-05-30,0.0,38.1,27.3,6.4,0.126,Annamayya,AP
2020-05-31,0.0,37.4,27.2,5.91,0.137,Annamayya,AP
2020-06-01,11.6,35.4,25.6,5.13,0.158,Annamayya,AP
2020-06-02,6.1,33.5,24.6,4.69,0.317,Annamayya,AP
2020-06-03,0.7,34.5,25.2,5.21,0.281,Annamayya,AP
2020-06-04,3.3,33.8,25.8,5.59,0.25,Annamayya,AP
2020-06-05,0.9,34.7,26.1,6.29,0.223,Annamayya,AP
2020-06-06,0.4,34.8,26.0,6.66,0.209,Annamayya,AP
2020-06-07,0.0,34.8,26.3,7.33,0.189,Annamayya,AP
2020-06-08,0.0,35.6,26.7,7.63,0.17,Annamayya,AP
2020-06-09,0.1,35.9,27.2,7.48,0.156,Annamayya,AP
2020-06-10,1.8,32.4,25.4,4.15,0.153,Annamayya,AP
2020-06-11,10.1,30.3,24.0,3.23,0.211,Annamayya,AP
2020-06-12,1.7,30.6,24.2,3.8,0.231,Annamayya,AP
2020-06-13,1.0,35.7,25.1,7.03,0.205,Annamayya,AP
2020-06-14,0.4,36.4,25.9,6.77,0.186,Annamayya,AP
2020-06-15,0.0,35.0,26.6,6.76,0.165,Annamayya,AP
2020-06-16,0.4,35.5,26.7,6.2,0.153,Annamayya,AP
2020-06-17,0.0,33.1,26.4,5.19,0.166,Annamayya,AP
2020-06-18,0.0,34.9,26.3,6.02,0.158,Annamayya,AP
2020-06-19,0.2,35.7,25.9,6.93,0.15,Annamayya,AP
2020-06-20,0.0,35.0,25.8,6.34,0.166,Annamayya,AP
2020-06-21,0.5,34.6,26.8,5.66,0.161,Annamayya,AP
2020-06-22,1.3,34.4,25.4,5.86,0.153,Annamayya,AP
2020-06-23,0.5,36.1,25.6,6.59,0.147,Annamayya,AP
2020-06-24,5.3,35.6,24.0,5.47,0.162,Annamayya,AP
2020-06-25,2.1,34.6,24.2,5.09,0.171,Annamayya,AP
2020-06-26,0.8,34.7,23.9,5.27,0.154,Annamayya,AP
2020-06-27,4.6,33.8,25.0,4.35,0.186,Annamayya,AP
2020-06-28,11.3,33.3,24.8,4.81,0.274,Annamayya,AP
2020-06-29,15.9,31.4,24.2,4.23,0.363,Annamayya,AP
2020-06-30,16.2,32.3,23.7,4.65,0.382,Annamayya,AP
2020-07-01,1.1,32.4,23.5,4.44,0.34,Annamayya,AP
2020-07-02,2.9,30.6,24.2,3.9,0.302,Annamayya,AP
2020-07-03,0.5,31.7,24.1,5.08,0.296,Annamayya,AP
2020-07-04,1.5,32.1,23.5,4.17,0.277,Annamayya,AP
2020-07-05,0.8,33.4,23.9,5.29,0.263,Annamayya,AP
2020-07-06,1.6,33.5,25.2,5.57,0.246,Annamayya,AP
2020-07-07,2.1,33.9,24.7,5.83,0.227,Annamayya,AP
2020-07-08,7.9,33.3,24.4,5.03,0.243,Annamayya,AP
2020-07-09,15.9,29.5,23.2,3.1,0.363,Annamayya,AP
2020-07-10,12.4,30.2,23.3,3.55,0.378,Annamayya,AP
2020-07-11,6.2,31.9,23.5,5.01,0.339,Annamayya,AP
2020-07-12,13.2,32.2,23.8,4.51,0.362,Annamayya,AP
2020-07-13,2.9,31.6,23.8,4.96,0.36,Annamayya,AP
2020-07-14,3.3,29.1,24.4,2.88,0.327,Annamayya,AP
2020-07-15,2.1,30.5,23.2,3.44,0.344,Annamayya,AP
2020-07-16,6.3,29.4,23.1,2.83,0.376,Annamayya,AP
2020-07-17,1.1,32.0,23.2,4.58,0.354,Annamayya,AP
2020-07-18,6.7,31.4,23.2,4.65,0.334,Annamayya,AP
2020-07-19,11.5,30.3,23.8,4.09,0.389,Annamayya,AP
2020-07-20,13.1,31.9,23.0,4.18,0.406,Annamayya,AP
2020-07-21,1.0,31.1,23.2,4.83,0.384,Annamayya,AP
2020-07-22,0.0,32.8,24.0,5.51,0.341,Annamayya,AP
2020-07-23,4.9,30.8,24.4,3.32,0.335,Annamayya,AP
2020-07-24,0.9,30.2,23.3,3.2,0.345,Annamayya,AP
2020-07-25,11.1,31.0,23.7,4.26,0.338,Annamayya,AP
2020-07-26,1.4,31.9,22.5,4.91,0.363,Annamayya,AP
2020-07-27,0.0,31.2,23.8,5.6,0.323,Annamayya,AP
2020-07-28,3.7,31.2,24.3,5.22,0.299,Annamayya,AP
2020-07-29,6.8,31.0,23.5,4.16,0.374,Annamayya,AP
2020-07-30,10.9,31.0,23.5,4.7,0.355,Annamayya,AP
2020-07-31,11.4,31.2,23.0,4.26,0.393,Annamayya,AP
2020-08-01,0.9,31.4,23.9,4.08,0.378,Annamayya,AP
2020-08-02,3.6,30.4,24.4,4.6,0.353,Annamayya,AP
2020-08-03,2.7,30.9,23.9,3.65,0.34,Annamayya,AP
2020-08-04,3.9,29.6,23.7,3.3,0.344,Annamayya,AP
2020-08-05,2.3,31.0,23.4,4.49,0.348,Annamayya,AP
2020-08-06,0.0,31.8,25.0,5.61,0.327,Annamayya,AP
2020-08-07,0.0,30.6,25.2,4.63,0.3,Annamayya,AP
2020-08-08,0.7,30.3,25.4,4.24,0.282,Annamayya,AP
2020-08-09,0.6,29.7,24.6,4.06,0.27,Annamayya,AP
2020-08-10,2.9,30.1,23.2,4.27,0.3,Annamayya,AP
2020-08-11,0.5,31.2,24.6,5.39,0.297,Annamayya,AP
2020-08-12,0.1,31.1,24.0,4.74,0.28,Annamayya,AP
2020-08-13,0.7,31.2,23.8,5.01,0.258,Annamayya,AP
2020-08-14,0.2,32.3,24.3,4.71,0.242,Annamayya,AP
2020-08-15,0.0,30.4,24.2,3.67,0.229,Annamayya,AP
2020-08-16,5.0,28.9,23.9,3.19,0.237,Annamayya,AP
2020-08-17,2.2,32.0,23.1,4.88,0.279,Annamayya,AP
2020-08-18,0.6,30.8,23.9,4.86,0.261,Annamayya,AP
2020-08-19,0.0,32.2,23.9,5.31,0.244,Annamayya,AP
2020-08-20,0.3,31.3,24.6,4.3,0.23,Annamayya,AP
2020-08-21,0.2,32.2,23.8,4.79,0.216,Annamayya,AP
2020-08-22,2.6,32.8,24.2,5.08,0.206,Annamayya,AP
2020-08-23,8.3,32.7,24.0,4.65,0.248,Annamayya,AP
2020-08-24,0.3,31.2,23.7,3.81,0.264,Annamayya,AP
2020-08-25,0.1,32.9,24.4,4.63,0.236,Annamayya,AP
2020-08-26,2.0,31.2,24.5,3.93,0.221,Annamayya,AP
2020-08-27,0.2,31.8,23.3,4.46,0.203,Annamayya,AP
2020-08-28,0.0,34.2,23.8,6.19,0.182,Annamayya,AP
2020-08-29,0.0,34.7,24.0,6.12,0.166,Annamayya,AP
2020-08-30,4.5,34.8,23.7,5.59,0.181,Annamayya,AP
2020-08-31,2.1,32.9,23.2,5.49,0.276,Annamayya,AP
2020-09-01,10.2,31.7,24.0,4.52,0.279,Annamayya,AP
2020-09-02,19.0,29.3,23.0,3.0,0.376,Annamayya,AP
2020-09-03,5.8,29.9,22.3,4.08,0.357,Annamayya,AP
2020-09-04,1.4,31.1,22.1,4.57,0.345,Annamayya,AP
2020-09-05,0.4,32.0,22.8,5.12,0.306,Annamayya,AP
2020-09-06,1.1,32.6,23.2,5.57,0.271,Annamayya,AP
2020-09-07,6.6,32.9,23.5,4.61,0.266,Annamayya,AP
2020-09-08,0.6,32.4,23.8,4.57,0.294,Annamayya,AP
2020-09-09,3.5,32.1,23.9,4.64,0.339,Annamayya,AP
2020-09-10,2.8,31.0,23.4,3.81,0.358,Annamayya,AP
2020-09-11,0.7,31.0,23.6,4.03,0.322,Annamayya,AP
2020-09-12,7.6,29.0,23.8,2.72,0.318,Annamayya,AP
2020-09-13,13.1,27.1,22.7,2.18,0.39,Annamayya,AP
2020-09-14,2.8,28.4,22.6,3.01,0.38,Annamayya,AP
2020-09-15,7.8,28.3,22.7,3.46,0.384,Annamayya,AP
2020-09-16,4.1,30.6,23.1,4.47,0.368,Annamayya,AP
2020-09-17,3.7,31.2,23.4,4.85,0.35,Annamayya,AP
2020-09-18,4.8,30.2,23.5,4.32,0.355,Annamayya,AP
2020-09-19,4.5,28.6,22.6,2.68,0.359,Annamayya,AP
2020-09-20,4.5,28.9,23.5,2.58,0.349,Annamayya,AP
2020-09-21,0.7,29.3,24.2,3.54,0.325,Annamayya,AP
2020-09-22,2.0,31.8,22.9,5.32,0.312,Annamayya,AP
2020-09-23,0.0,32.8,22.9,5.89,0.285,Annamayya,AP
2020-09-24,0.7,32.7,23.5,5.63,0.257,Annamayya,AP
2020-09-25,15.5,32.3,24.2,4.17,0.286,Annamayya,AP
2020-09-26,4.5,27.4,23.2,2.13,0.367,Annamayya,AP
2020-09-27,0.2,28.0,23.0,2.72,0.323,Annamayya,AP
2020-09-28,1.0,30.3,23.0,4.85,0.291,Annamayya,AP
2020-09-29,19.1,30.3,23.0,4.13,0.297,Annamayya,AP
2020-09-30,11.5,28.5,22.5,2.91,0.345,Annamayya,AP
2020-10-01,7.3,28.2,22.3,2.85,0.374,Annamayya,AP
2020-10-02,0.5,30.7,23.3,5.14,0.322,Annamayya,AP
2020-10-03,0.3,31.2,23.9,4.93,0.295,Annamayya,AP
2020-10-04,0.6,29.9,24.2,4.29,0.274,Annamayya,AP
2020-10-05,0.2,30.5,23.4,5.13,0.254,Annamayya,AP
2020-10-06,0.0,31.6,23.7,5.36,0.235,Annamayya,AP
2020-10-07,0.6,31.5,22.8,4.69,0.218,Annamayya,AP
2020-10-08,0.2,32.1,22.3,5.39,0.2,Annamayya,AP
2020-10-09,6.8,31.8,23.0,4.27,0.201,Annamayya,AP
2020-10-10,13.2,29.6,22.8,3.1,0.246,Annamayya,AP
2020-10-11,48.6,27.6,22.6,2.35,0.362,Annamayya,AP
2020-10-12,2.3,28.2,22.8,3.01,0.331,Annamayya,AP
2020-10-13,1.2,29.1,23.3,3.9,0.303,Annamayya,AP
2020-10-14,0.0,31.9,23.4,5.93,0.286,Annamayya,AP
2020-10-15,0.5,31.9,23.0,5.12,0.261,Annamayya,AP
2020-10-16,0.5,31.6,23.1,4.63,0.238,Annamayya,AP
2020-10-17,2.9,30.2,23.9,3.73,0.219,Annamayya,AP
2020-10-18,1.5,30.0,22.9,3.47,0.213,Annamayya,AP
2020-10-19,5.0,29.7,23.3,2.97,0.227,Annamayya,AP
2020-10-20,73.8,26.1,23.0,1.57,0.289,Annamayya,AP
2020-10-21,10.8,25.8,22.5,1.35,0.402,Annamayya,AP
2020-10-22,4.8,29.5,23.1,3.55,0.384,Annamayya,AP
2020-10-23,13.9,29.8,22.2,3.26,0.4,Annamayya,AP
2020-10-24,0.0,29.8,22.2,4.35,0.375,Annamayya,AP
2020-10-25,0.0,30.4,21.1,4.51,0.337,Annamayya,AP
2020-10-26,0.2,30.3,22.5,4.51,0.307,Annamayya,AP
2020-10-27,1.1,29.3,21.9,4.12,0.277,Annamayya,AP
2020-10-28,0.0,29.8,20.3,4.4,0.252,Annamayya,AP
2020-10-29,0.0,26.5,21.9,2.87,0.241,Annamayya,AP
2020-10-30,0.0,30.4,22.0,4.22,0.236,Annamayya,AP
2020-10-31,0.2,31.4,21.0,4.63,0.214,Annamayya,AP
2020-11-01,0.0,31.3,20.8,4.7,0.196,Annamayya,AP
2020-11-02,0.0,32.3,21.3,4.86,0.181,Annamayya,AP
2020-11-03,0.9,31.2,22.1,4.49,0.176,Annamayya,AP
2020-11-04,2.6,30.6,21.9,3.89,0.182,Annamayya,AP
2020-11-05,5.8,30.6,22.1,3.84,0.195,Annamayya,AP
2020-11-06,1.4,30.0,21.9,3.87,0.209,Annamayya,AP
2020-11-07,1.2,29.2,22.6,3.4,0.213,Annamayya,AP
2020-11-08,2.1,28.7,21.8,3.71,0.226,Annamayya,AP
2020-11-09,0.0,29.6,18.9,4.57,0.213,Annamayya,AP
2020-11-10,0.0,29.2,19.2,4.84,0.196,Annamayya,AP
2020-11-11,0.0,29.6,17.8,3.95,0.185,Annamayya,AP
2020-11-12,17.3,28.1,21.9,2.55,0.254,Annamayya,AP
2020-11-13,16.9,26.9,22.3,2.23,0.365,Annamayya,AP
2020-11-14,3.6,28.6,21.5,3.45,0.333,Annamayya,AP
2020-11-15,23.4,26.0,21.0,1.39,0.354,Annamayya,AP
2020-11-16,21.0,25.2,21.6,1.48,0.399,Annamayya,AP
2020-11-17,4.7,27.8,21.9,2.97,0.375,Annamayya,AP
2020-11-18,3.4,27.5,21.4,3.14,0.367,Annamayya,AP
2020-11-19,0.2,29.1,21.0,3.83,0.336,Annamayya,AP
2020-11-20,0.0,28.8,18.6,4.14,0.314,Annamayya,AP
2020-11-21,0.0,29.2,16.2,4.53,0.298,Annamayya,AP
2020-11-22,0.0,28.7,16.4,3.94,0.28,Annamayya,AP
2020-11-23,2.9,27.1,19.3,2.95,0.27,Annamayya,AP
2020-11-24,3.4,27.0,20.8,2.93,0.272,Annamayya,AP
2020-11-25,14.6,24.3,19.8,1.54,0.299,Annamayya,AP
2020-11-26,146.4,22.3,20.4,0.57,0.428,Annamayya,AP
2020-11-27,32.4,22.2,19.0,1.2,0.424,Annamayya,AP
2020-11-28,2.7,26.1,17.8,2.71,0.396,Annamayya,AP
2020-11-29,7.3,26.4,21.1,2.56,0.398,Annamayya,AP
2020-11-30,0.3,27.2,19.5,3.23,0.384,Annamayya,AP
2020-12-01,0.0,26.6,17.9,3.17,0.371,Annamayya,AP
2020-12-02,0.0,26.9,17.7,3.43,0.36,Annamayya,AP
2020-12-03,17.7,24.0,19.3,1.14,0.391,Annamayya,AP
2020-12-04,16.9,25.4,21.5,1.65,0.423,Annamayya,AP
2020-12-05,14.1,24.8,20.7,1.81,0.422,Annamayya,AP
2020-12-06,14.3,26.7,20.7,2.27,0.419,Annamayya,AP
2020-12-07,10.1,26.2,21.5,2.3,0.413,Annamayya,AP
2020-12-08,12.8,26.7,21.5,2.4,0.416,Annamayya,AP
2020-12-09,8.6,26.0,18.8,2.43,0.416,Annamayya,AP
2020-12-10,0.0,26.3,17.9,3.71,0.389,Annamayya,AP
2020-12-11,0.0,26.5,16.2,3.84,0.363,Annamayya,AP
2020-12-12,0.0,25.7,15.1,3.68,0.336,Annamayya,AP
2020-12-13,0.0,26.3,15.9,3.81,0.321,Annamayya,AP
2020-12-14,0.0,26.9,17.0,3.69,0.308,Annamayya,AP
2020-12-15,0.1,26.5,16.2,3.0,0.303,Annamayya,AP
2020-12-16,1.8,26.9,20.3,2.68,0.31,Annamayya,AP
2020-12-17,2.0,26.0,20.8,2.47,0.324,Annamayya,AP
2020-12-18,0.0,26.6,19.3,2.97,0.318,Annamayya,AP
2020-12-19,0.3,26.3,19.9,2.88,0.312,Annamayya,AP
2020-12-20,1.3,25.6,18.2,2.56,0.306,Annamayya,AP
2020-12-21,0.0,25.0,16.0,3.35,0.296,Annamayya,AP
2020-12-22,0.0,25.2,15.9,3.74,0.284,Annamayya,AP
2020-12-23,0.0,25.2,15.3,3.4,0.266,Annamayya,AP
2020-12-24,0.0,25.5,15.8,3.7,0.255,Annamayya,AP
2020-12-25,0.0,25.8,15.3,3.77,0.25,Annamayya,AP
2020-12-26,0.0,25.4,15.5,2.95,0.245,Annamayya,AP
2020-12-27,0.0,26.3,17.1,3.57,0.241,Annamayya,AP
2020-12-28,0.0,25.9,15.1,3.51,0.238,Annamayya,AP
2020-12-29,0.0,26.7,15.9,3.25,0.241,Annamayya,AP
2020-12-30,0.0,26.4,17.8,2.88,0.242,Annamayya,AP
2020-12-31,0.2,25.9,19.2,2.62,0.244,Annamayya,AP
2021-01-01,0.3,25.2,16.9,2.99,0.241,Annamayya,AP
2021-01-02,1.3,24.9,16.6,2.1,0.24,Annamayya,AP
2021-01-03,0.2,25.6,18.7,2.49,0.244,Annamayya,AP
2021-01-04,0.0,27.3,19.0,3.47,0.24,Annamayya,AP
2021-01-05,2.8,25.2,20.3,1.69,0.241,Annamayya,AP
2021-01-06,9.6,26.0,21.2,1.99,0.308,Annamayya,AP
2021-01-07,8.6,23.6,20.9,1.15,0.37,Annamayya,AP
2021-01-08,3.6,27.5,20.1,2.82,0.35,Annamayya,AP
2021-01-09,0.6,27.1,20.8,2.91,0.344,Annamayya,AP
2021-01-10,0.5,27.3,20.9,2.4,0.328,Annamayya,AP
2021-01-11,0.0,27.1,19.5,3.03,0.317,Annamayya,AP
2021-01-12,0.0,26.8,18.6,3.67,0.301,Annamayya,AP
2021-01-13,0.0,26.9,18.5,3.77,0.287,Annamayya,AP
2021-01-14,0.0,26.4,16.8,3.03,0.272,Annamayya,AP
2021-01-15,0.0,27.5,17.5,3.88,0.262,Annamayya,AP
2021-01-16,0.0,27.9,16.5,4.25,0.251,Annamayya,AP
2021-01-17,0.0,27.7,16.7,4.41,0.242,Annamayya,AP
2021-01-18,0.0,27.3,16.3,3.8,0.232,Annamayya,AP
2021-01-19,0.0,26.7,16.5,3.41,0.225,Annamayya,AP
2021-01-20,0.0,28.7,16.1,4.3,0.214,Annamayya,AP
2021-01-21,0.0,30.0,17.0,4.4,0.201,Annamayya,AP
2021-01-22,0.0,30.2,20.6,4.65,0.188,Annamayya,AP
2021-01-23,0.0,29.4,18.0,4.76,0.18,Annamayya,AP
2021-01-24,0.0,28.9,16.7,4.65,0.173,Annamayya,AP
2021-01-25,0.0,29.4,17.3,4.72,0.166,Annamayya,AP
2021-01-26,0.0,29.8,16.7,4.84,0.154,Annamayya,AP
2021-01-27,0.0,29.8,16.6,5.06,0.151,Annamayya,AP
2021-01-28,0.0,28.9,17.1,4.67,0.151,Annamayya,AP
2021-01-29,0.0,29.6,18.6,4.46,0.153,Annamayya,AP
2021-01-30,0.0,29.9,18.1,4.83,0.157,Annamayya,AP
2021-01-31,0.0,30.3,18.8,5.12,0.154,Annamayya,AP
2021-02-01,0.0,29.4,17.1,4.92,0.151,Annamayya,AP
2021-02-02,0.0,28.5,18.6,4.04,0.15,Annamayya,AP
2021-02-03,0.0,29.0,17.8,4.85,0.15,Annamayya,AP
2021-02-04,0.0,28.5,16.6,4.95,0.15,Annamayya,AP
2021-02-05,0.0,29.1,16.3,5.11,0.148,Annamayya,AP
2021-02-06,0.0,30.0,16.2,5.38,0.139,Annamayya,AP
2021-02-07,0.0,29.6,16.0,5.42,0.128,Annamayya,AP
2021-02-08,0.0,29.0,16.3,5.26,0.129,Annamayya,AP
2021-02-09,0.0,28.6,16.3,4.69,0.132,Annamayya,AP
2021-02-10,0.0,29.9,15.1,5.31,0.133,Annamayya,AP
2021-02-11,0.0,30.1,16.1,5.39,0.134,Annamayya,AP
2021-02-12,0.0,29.8,15.0,5.49,0.134,Annamayya,AP
2021-02-13,0.0,29.6,13.8,5.44,0.136,Annamayya,AP
2021-02-14,0.0,30.3,14.7,5.35,0.137,Annamayya,AP
2021-02-15,0.0,31.7,15.8,5.41,0.138,Annamayya,AP
2021-02-16,0.0,32.0,17.7,5.86,0.14,Annamayya,AP
2021-02-17,0.0,31.0,18.1,5.58,0.143,Annamayya,AP
2021-02-18,0.0,29.9,17.6,5.38,0.148,Annamayya,AP
2021-02-19,0.3,30.0,19.0,4.42,0.153,Annamayya,AP
2021-02-20,3.5,26.8,18.7,3.23,0.164,Annamayya,AP
2021-02-21,9.2,25.6,20.0,2.33,0.219,Annamayya,AP
2021-02-22,0.5,28.8,20.0,3.92,0.242,Annamayya,AP
2021-02-23,0.0,30.8,17.6,5.24,0.23,Annamayya,AP
2021-02-24,0.0,31.9,18.6,5.72,0.213,Annamayya,AP
2021-02-25,0.0,32.7,17.3,5.78,0.194,Annamayya,AP
2021-02-26,0.0,34.1,18.1,5.81,0.179,Annamayya,AP
2021-02-27,0.0,34.8,19.8,6.24,0.168,Annamayya,AP
2021-02-28,0.0,35.0,20.0,6.81,0.157,Annamayya,AP
2021-03-01,0.0,35.4,19.5,7.15,0.145,Annamayya,AP
2021-03-02,0.0,35.4,19.3,6.61,0.137,Annamayya,AP
2021-03-03,0.0,34.5,19.0,6.76,0.134,Annamayya,AP
2021-03-04,0.0,33.2,18.0,7.14,0.132,Annamayya,AP
2021-03-05,0.0,33.6,16.5,6.32,0.126,Annamayya,AP
2021-03-06,0.0,35.7,18.6,6.58,0.121,Annamayya,AP
2021-03-07,0.0,35.4,19.7,7.01,0.121,Annamayya,AP
2021-03-08,0.0,34.9,19.5,6.88,0.122,Annamayya,AP
2021-03-09,0.0,34.5,18.6,6.22,0.12,Annamayya,AP
2021-03-10,0.0,34.5,20.9,6.34,0.12,Annamayya,AP
2021-03-11,0.0,34.8,21.2,6.34,0.125,Annamayya,AP
2021-03-12,0.0,34.2,20.5,7.26,0.128,Annamayya,AP
2021-03-13,0.0,34.6,17.8,6.75,0.114,Annamayya,AP
2021-03-14,0.0,35.0,20.3,7.45,0.103,Annamayya,AP
2021-03-15,0.0,35.6,19.6,6.92,0.1,Annamayya,AP
2021-03-16,0.0,36.0,20.2,7.03,0.104,Annamayya,AP
2021-03-17,0.0,36.5,19.9,7.25,0.115,Annamayya,AP
2021-03-18,0.0,35.5,20.7,7.09,0.119,Annamayya,AP
2021-03-19,0.0,35.2,19.9,6.78,0.125,Annamayya,AP
2021-03-20,0.0,35.5,19.4,7.0,0.127,Annamayya,AP
2021-03-21,0.0,36.4,21.2,7.4,0.129,Annamayya,AP
2021-03-22,0.0,36.3,23.2,7.74,0.128,Annamayya,AP
2021-03-23,0.0,36.1,19.8,6.95,0.126,Annamayya,AP
2021-03-24,0.0,36.5,21.0,7.15,0.127,Annamayya,AP
2021-03-25,0.0,36.8,21.2,7.26,0.125,Annamayya,AP
2021-03-26,0.0,37.4,21.6,7.59,0.124,Annamayya,AP
2021-03-27,0.0,37.6,21.8,7.4,0.125,Annamayya,AP
2021-03-28,0.0,37.7,22.1,6.93,0.125,Annamayya,AP
2021-03-29,0.0,38.0,22.7,7.41,0.125,Annamayya,AP
2021-03-30,0.0,38.5,22.7,7.27,0.124,Annamayya,AP
2021-03-31,0.0,39.3,23.9,7.52,0.124,Annamayya,AP
2021-04-01,0.0,39.2,24.9,8.12,0.126,Annamayya,AP
2021-04-02,0.0,38.6,25.2,8.24,0.128,Annamayya,AP
2021-04-03,0.0,38.7,25.3,7.09,0.126,Annamayya,AP
2021-04-04,0.0,37.5,24.4,6.75,0.125,Annamayya,AP
2021-04-05,0.0,37.3,24.7,6.96,0.126,Annamayya,AP
2021-04-06,0.0,37.6,22.1,7.15,0.131,Annamayya,AP
2021-04-07,0.0,37.9,22.6,7.72,0.131,Annamayya,AP
2021-04-08,0.0,38.5,22.0,7.65,0.123,Annamayya,AP
2021-04-09,0.0,37.2,22.8,7.3,0.127,Annamayya,AP
2021-04-10,0.0,36.7,22.7,7.5,0.13,Annamayya,AP
2021-04-11,0.0,35.9,23.0,6.86,0.12,Annamayya,AP
2021-04-12,0.0,36.5,23.6,6.81,0.118,Annamayya,AP
2021-04-13,0.0,36.2,23.5,6.54,0.121,Annamayya,AP
2021-04-14,2.2,34.2,24.4,5.07,0.132,Annamayya,AP
2021-04-15,7.3,32.5,22.6,5.21,0.274,Annamayya,AP
2021-04-16,0.0,34.5,22.9,6.04,0.255,Annamayya,AP
2021-04-17,0.0,36.6,23.7,6.6,0.22,Annamayya,AP
2021-04-18,0.0,36.8,23.8,6.54,0.195,Annamayya,AP
2021-04-19,0.0,37.6,24.2,6.55,0.173,Annamayya,AP
2021-04-20,0.0,36.8,26.9,5.68,0.158,Annamayya,AP
2021-04-21,0.0,37.1,25.5,6.01,0.15,Annamayya,AP
2021-04-22,1.0,35.1,25.2,5.54,0.147,Annamayya,AP
2021-04-23,1.6,36.0,24.6,5.12,0.152,Annamayya,AP
2021-04-24,0.1,35.8,24.8,5.53,0.149,Annamayya,AP
2021-04-25,0.0,37.7,25.3,6.97,0.133,Annamayya,AP
2021-04-26,0.0,38.0,23.6,6.99,0.132,Annamayya,AP
2021-04-27,0.0,37.2,23.7,6.76,0.134,Annamayya,AP
2021-04-28,0.0,37.0,24.9,6.28,0.132,Annamayya,AP
2021-04-29,0.0,36.5,25.6,6.12,0.128,Annamayya,AP
2021-04-30,0.0,36.7,25.1,6.26,0.125,Annamayya,AP
2021-05-01,0.0,37.1,24.0,7.06,0.125,Annamayya,AP
2021-05-02,0.0,36.8,24.3,6.85,0.124,Annamayya,AP
2021-05-03,0.0,36.0,24.7,6.8,0.115,Annamayya,AP
2021-05-04,0.0,35.8,25.0,6.46,0.105,Annamayya,AP
2021-05-05,0.0,37.7,24.6,7.09,0.102,Annamayya,AP
2021-05-06,0.0,37.1,24.9,6.88,0.101,Annamayya,AP
2021-05-07,0.0,36.4,25.7,6.79,0.096,Annamayya,AP
2021-05-08,0.0,37.7,24.6,7.09,0.082,Annamayya,AP
2021-05-09,0.0,37.2,24.7,6.75,0.075,Annamayya,AP
2021-05-10,0.1,37.0,26.1,6.66,0.074,Annamayya,AP
2021-05-11,0.0,38.2,27.0,6.31,0.054,Annamayya,AP
2021-05-12,1.2,37.5,26.7,6.08,0.035,Annamayya,AP
2021-05-13,0.8,37.8,26.5,5.9,0.038,Annamayya,AP
2021-05-14,0.2,38.5,25.6,7.21,0.041,Annamayya,AP
2021-05-15,2.8,36.0,26.3,5.95,0.04,Annamayya,AP
2021-05-16,1.3,34.2,25.8,4.84,0.03,Annamayya,AP
2021-05-17,0.6,37.2,26.0,5.88,0.016,Annamayya,AP
2021-05-18,0.3,38.2,26.2,6.21,0.011,Annamayya,AP
2021-05-19,7.3,38.2,26.0,5.7,0.026,Annamayya,AP
2021-05-20,16.3,34.2,24.2,5.46,0.292,Annamayya,AP
2021-05-21,6.4,32.8,24.7,4.82,0.298,Annamayya,AP
2021-05-22,12.6,30.1,23.7,2.61,0.343,Annamayya,AP
2021-05-23,0.0,33.4,25.3,5.77,0.282,Annamayya,AP
2021-05-24,0.3,33.5,26.5,6.34,0.251,Annamayya,AP
2021-05-25,0.1,33.9,26.6,6.54,0.228,Annamayya,AP
2021-05-26,0.0,34.6,25.7,7.9,0.205,Annamayya,AP
2021-05-27,0.0,35.4,25.5,8.0,0.19,Annamayya,AP
2021-05-28,0.0,35.5,24.7,7.47,0.174,Annamayya,AP
2021-05-29,0.0,36.8,26.0,6.91,0.157,Annamayya,AP
2021-05-30,0.1,36.5,26.3,7.49,0.145,Annamayya,AP
2021-05-31,0.7,36.6,26.2,6.86,0.142,Annamayya,AP
2021-06-01,10.6,36.6,25.3,5.93,0.167,Annamayya,AP
2021-06-02,7.6,34.2,24.3,5.44,0.323,Annamayya,AP
2021-06-03,2.4,31.8,24.6,4.21,0.32,Annamayya,AP
2021-06-04,14.9,31.5,23.8,2.67,0.356,Annamayya,AP
2021-06-05,9.0,31.5,23.2,3.95,0.34,Annamayya,AP
2021-06-06,1.5,31.9,22.8,5.01,0.345,Annamayya,AP
2021-06-07,0.6,32.8,24.6,6.01,0.295,Annamayya,AP
2021-06-08,0.0,33.9,24.4,7.09,0.259,Annamayya,AP
2021-06-09,0.1,33.9,24.8,6.95,0.23,Annamayya,AP
2021-06-10,0.1,33.9,24.9,7.07,0.204,Annamayya,AP
2021-06-11,0.0,32.3,25.5,6.27,0.191,Annamayya,AP
2021-06-12,0.0,34.0,25.7,6.66,0.18,Annamayya,AP
2021-06-13,0.6,31.9,25.8,6.11,0.175,Annamayya,AP
2021-06-14,0.5,31.5,25.3,5.95,0.168,Annamayya,AP
2021-06-15,0.4,30.9,24.9,4.06,0.156,Annamayya,AP
2021-06-16,2.7,32.7,25.4,5.84,0.153,Annamayya,AP
2021-06-17,0.1,33.8,25.6,6.3,0.152,Annamayya,AP
2021-06-18,0.2,33.7,25.4,6.48,0.148,Annamayya,AP
2021-06-19,0.0,34.3,25.6,6.92,0.139,Annamayya,AP
2021-06-20,0.0,34.1,25.4,6.53,0.136,Annamayya,AP
2021-06-21,0.0,35.0,24.4,7.6,0.132,Annamayya,AP
2021-06-22,0.0,35.2,25.4,7.15,0.129,Annamayya,AP
2021-06-23,0.0,34.9,26.7,6.13,0.128,Annamayya,AP
2021-06-24,0.0,34.8,25.7,7.56,0.129,Annamayya,AP
2021-06-25,0.0,34.2,25.6,6.62,0.129,Annamayya,AP
2021-06-26,0.0,34.3,26.1,6.19,0.125,Annamayya,AP
2021-06-27,2.3,28.9,23.6,3.99,0.193,Annamayya,AP
2021-06-28,0.0,33.1,23.1,4.62,0.266,Annamayya,AP
2021-06-29,0.3,34.4,24.4,5.69,0.235,Annamayya,AP
2021-06-30,1.5,34.3,26.4,5.64,0.21,Annamayya,AP
2021-07-01,11.2,35.1,25.1,5.49,0.257,Annamayya,AP
2021-07-02,51.7,32.6,23.7,5.05,0.36,Annamayya,AP
2021-07-03,0.8,32.7,23.9,5.53,0.32,Annamayya,AP
2021-07-04,0.5,30.8,23.6,4.54,0.283,Annamayya,AP
2021-07-05,5.8,31.1,23.5,4.4,0.311,Annamayya,AP
2021-07-06,10.3,32.4,23.8,4.8,0.283,Annamayya,AP
2021-07-07,11.8,32.6,23.8,4.89,0.347,Annamayya,AP
2021-07-08,0.4,31.7,24.1,4.62,0.336,Annamayya,AP
2021-07-09,24.8,30.1,23.8,3.75,0.378,Annamayya,AP
2021-07-10,4.7,29.6,23.5,2.99,0.373,Annamayya,AP
2021-07-11,0.3,30.7,24.6,5.12,0.324,Annamayya,AP
2021-07-12,1.3,30.2,23.7,3.76,0.324,Annamayya,AP
2021-07-13,5.5,29.3,24.7,3.75,0.318,Annamayya,AP
2021-07-14,11.3,29.0,23.7,2.99,0.329,Annamayya,AP
2021-07-15,12.4,30.7,22.7,4.32,0.37,Annamayya,AP
2021-07-16,1.9,30.0,23.5,4.04,0.333,Annamayya,AP
2021-07-17,10.2,31.0,23.8,4.32,0.341,Annamayya,AP
2021-07-18,16.4,27.1,23.4,2.66,0.394,Annamayya,AP
2021-07-19,0.7,31.6,23.5,5.84,0.35,Annamayya,AP
2021-07-20,0.0,31.5,24.3,6.19,0.314,Annamayya,AP
2021-07-21,5.8,27.4,23.5,3.05,0.32,Annamayya,AP
2021-07-22,14.9,25.3,22.7,2.37,0.373,Annamayya,AP
2021-07-23,6.6,29.1,22.7,4.26,0.374,Annamayya,AP
2021-07-24,1.1,32.3,23.1,5.59,0.339,Annamayya,AP
2021-07-25,0.2,32.4,24.4,6.26,0.309,Annamayya,AP
2021-07-26,0.0,32.4,24.2,5.65,0.282,Annamayya,AP
2021-07-27,0.0,32.9,23.8,6.4,0.257,Annamayya,AP
2021-07-28,0.0,32.6,24.0,6.73,0.239,Annamayya,AP
2021-07-29,0.0,32.0,24.3,6.22,0.222,Annamayya,AP
2021-07-30,0.2,32.9,24.4,6.37,0.21,Annamayya,AP
2021-07-31,0.8,32.2,24.4,6.4,0.199,Annamayya,AP
2021-08-01,0.0,32.9,24.5,6.8,0.188,Annamayya,AP
2021-08-02,0.2,32.7,23.9,6.94,0.183,Annamayya,AP
2021-08-03,0.2,33.3,24.2,6.36,0.179,Annamayya,AP
2021-08-04,0.4,33.5,24.6,6.74,0.178,Annamayya,AP
2021-08-05,1.8,33.0,24.2,6.23,0.177,Annamayya,AP
2021-08-06,0.7,33.4,24.6,6.53,0.176,Annamayya,AP
2021-08-07,0.6,33.4,24.3,6.36,0.169,Annamayya,AP
2021-08-08,0.5,34.0,24.4,5.9,0.163,Annamayya,AP
2021-08-09,4.0,34.4,25.3,5.56,0.164,Annamayya,AP
2021-08-10,1.7,33.0,23.8,5.22,0.237,Annamayya,AP
2021-08-11,1.9,33.9,25.2,6.07,0.223,Annamayya,AP
2021-08-12,0.4,31.4,24.7,4.81,0.266,Annamayya,AP
2021-08-13,0.5,32.2,24.0,5.52,0.253,Annamayya,AP
2021-08-14,0.0,31.5,24.2,5.25,0.234,Annamayya,AP
2021-08-15,5.7,30.8,24.2,3.24,0.234,Annamayya,AP
2021-08-16,1.9,30.9,23.4,4.34,0.252,Annamayya,AP
2021-08-17,2.4,30.0,23.5,2.9,0.25,Annamayya,AP
2021-08-18,0.3,33.7,24.2,5.87,0.222,Annamayya,AP
2021-08-19,0.2,32.9,24.7,5.51,0.205,Annamayya,AP
2021-08-20,0.0,32.9,24.2,5.6,0.207,Annamayya,AP
2021-08-21,5.2,33.0,24.3,4.43,0.204,Annamayya,AP
2021-08-22,9.2,32.3,23.0,4.6,0.232,Annamayya,AP
2021-08-23,3.9,32.8,22.1,5.08,0.265,Annamayya,AP
2021-08-24,10.3,32.0,22.9,4.98,0.265,Annamayya,AP
2021-08-25,4.6,32.0,23.1,4.98,0.278,Annamayya,AP
2021-08-26,9.4,31.5,23.2,4.33,0.288,Annamayya,AP
2021-08-27,12.2,32.1,23.3,4.38,0.294,Annamayya,AP
2021-08-28,7.9,29.1,23.2,3.02,0.339,Annamayya,AP
2021-08-29,13.1,27.4,22.7,1.86,0.351,Annamayya,AP
2021-08-30,3.9,29.2,22.9,4.15,0.318,Annamayya,AP
2021-08-31,0.6,31.5,22.9,5.12,0.275,Annamayya,AP
2021-09-01,3.6,31.4,23.4,4.5,0.252,Annamayya,AP
2021-09-02,11.4,31.2,22.7,4.27,0.306,Annamayya,AP
2021-09-03,5.6,29.8,22.6,4.03,0.339,Annamayya,AP
2021-09-04,12.2,30.4,23.4,3.91,0.299,Annamayya,AP
2021-09-05,17.3,31.3,23.4,4.67,0.325,Annamayya,AP
2021-09-06,9.5,27.3,22.9,2.66,0.374,Annamayya,AP
2021-09-07,0.2,31.7,23.1,5.5,0.319,Annamayya,AP
2021-09-08,0.0,32.1,24.0,5.41,0.282,Annamayya,AP
2021-09-09,0.0,32.4,23.5,5.84,0.252,Annamayya,AP
2021-09-10,0.0,32.2,23.7,5.51,0.226,Annamayya,AP
2021-09-11,0.2,32.8,24.2,5.41,0.205,Annamayya,AP
2021-09-12,0.1,32.9,24.7,5.71,0.185,Annamayya,AP
2021-09-13,0.1,33.2,24.6,6.06,0.173,Annamayya,AP
2021-09-14,0.1,33.9,24.7,6.04,0.163,Annamayya,AP
2021-09-15,0.9,33.2,24.1,5.91,0.157,Annamayya,AP
2021-09-16,0.6,33.1,24.9,5.91,0.151,Annamayya,AP
2021-09-17,0.0,33.5,25.4,6.02,0.141,Annamayya,AP
2021-09-18,0.3,34.2,24.8,5.71,0.137,Annamayya,AP
2021-09-19,0.3,34.8,24.7,5.3,0.133,Annamayya,AP
2021-09-20,1.1,34.5,24.2,5.36,0.141,Annamayya,AP
2021-09-21,2.7,33.4,24.4,5.79,0.14,Annamayya,AP
2021-09-22,3.1,33.3,23.4,4.65,0.193,Annamayya,AP
2021-09-23,1.2,32.2,23.9,5.05,0.224,Annamayya,AP
2021-09-24,0.8,32.6,23.6,4.84,0.238,Annamayya,AP
2021-09-25,10.1,32.1,23.3,4.84,0.298,Annamayya,AP
2021-09-26,2.2,30.8,23.0,4.32,0.313,Annamayya,AP
2021-09-27,0.1,30.8,24.4,5.25,0.276,Annamayya,AP
2021-09-28,0.1,33.2,23.5,6.0,0.248,Annamayya,AP
2021-09-29,0.2,33.3,23.5,5.55,0.221,Annamayya,AP
2021-09-30,4.0,31.3,23.4,4.11,0.216,Annamayya,AP
2021-10-01,5.6,31.0,23.6,4.05,0.234,Annamayya,AP
2021-10-02,2.0,31.8,22.7,4.4,0.244,Annamayya,AP
2021-10-03,1.2,33.2,23.3,4.61,0.23,Annamayya,AP
2021-10-04,0.7,33.3,23.0,5.18,0.226,Annamayya,AP
2021-10-05,4.3,31.4,22.4,3.63,0.231,Annamayya,AP
2021-10-06,21.7,28.8,22.2,2.9,0.353,Annamayya,AP
2021-10-07,14.2,31.0,22.4,3.62,0.339,Annamayya,AP
2021-10-08,6.4,30.3,22.9,3.71,0.336,Annamayya,AP
2021-10-09,9.5,30.6,23.0,4.2,0.344,Annamayya,AP
2021-10-10,1.8,30.6,24.2,4.23,0.292,Annamayya,AP
2021-10-11,2.3,30.4,23.4,3.83,0.266,Annamayya,AP
2021-10-12,7.4,31.5,22.5,4.45,0.304,Annamayya,AP
2021-10-13,0.3,30.8,22.0,4.7,0.326,Annamayya,AP
2021-10-14,0.3,31.3,22.7,4.62,0.295,Annamayya,AP
2021-10-15,2.7,31.9,23.1,4.13,0.286,Annamayya,AP
2021-10-16,0.7,32.7,22.3,4.65,0.269,Annamayya,AP
2021-10-17,1.4,33.0,23.5,4.83,0.269,Annamayya,AP
2021-10-18,0.0,32.9,24.7,5.71,0.247,Annamayya,AP
2021-10-19,0.0,32.2,24.6,5.5,0.22,Annamayya,AP
2021-10-20,7.1,31.9,23.1,3.95,0.252,Annamayya,AP
2021-10-21,16.2,31.8,22.3,4.45,0.336,Annamayya,AP
2021-10-22,16.8,31.3,22.0,4.66,0.347,Annamayya,AP
2021-10-23,12.4,31.1,21.5,4.44,0.355,Annamayya,AP
2021-10-24,15.2,30.1,21.0,3.58,0.37,Annamayya,AP
2021-10-25,0.6,29.8,20.9,4.45,0.311,Annamayya,AP
2021-10-26,0.2,29.8,21.0,4.47,0.27,Annamayya,AP
2021-10-27,0.0,30.9,21.1,4.62,0.242,Annamayya,AP
2021-10-28,0.0,30.7,21.1,3.94,0.221,Annamayya,AP
2021-10-29,13.5,27.3,22.5,2.12,0.271,Annamayya,AP
2021-10-30,2.2,28.6,22.4,3.08,0.334,Annamayya,AP
2021-10-31,2.3,28.8,22.5,2.99,0.311,Annamayya,AP
2021-11-01,11.3,25.6,22.5,1.51,0.363,Annamayya,AP
2021-11-02,11.6,26.9,21.9,2.13,0.363,Annamayya,AP
2021-11-03,6.5,26.3,22.1,2.22,0.38,Annamayya,AP
2021-11-04,6.1,27.8,22.0,3.16,0.379,Annamayya,AP
2021-11-05,18.4,26.4,21.7,2.23,0.385,Annamayya,AP
2021-11-06,14.1,27.0,21.5,2.36,0.396,Annamayya,AP
2021-11-07,38.7,24.3,21.8,1.26,0.422,Annamayya,AP
2021-11-08,0.3,26.7,21.2,2.47,0.394,Annamayya,AP
2021-11-09,0.4,26.0,20.3,2.2,0.374,Annamayya,AP
2021-11-10,4.6,26.2,20.0,2.62,0.362,Annamayya,AP
2021-11-11,43.0,20.8,19.9,0.85,0.425,Annamayya,AP
2021-11-12,9.2,25.9,20.7,1.76,0.419,Annamayya,AP
2021-11-13,7.7,28.2,21.2,2.91,0.403,Annamayya,AP
2021-11-14,13.2,27.6,21.8,2.5,0.408,Annamayya,AP
2021-11-15,11.7,28.2,21.9,2.53,0.401,Annamayya,AP
2021-11-16,10.3,28.1,22.1,2.62,0.394,Annamayya,AP
2021-11-17,7.8,28.3,21.2,2.95,0.389,Annamayya,AP
2021-11-18,75.3,23.1,21.7,0.85,0.429,Annamayya,AP
2021-11-19,11.7,26.2,21.4,1.79,0.421,Annamayya,AP
2021-11-20,10.9,27.4,22.3,2.47,0.411,Annamayya,AP
2021-11-21,2.8,27.9,21.5,2.91,0.415,Annamayya,AP
2021-11-22,2.8,27.9,21.8,3.3,0.406,Annamayya,AP
2021-11-23,0.4,29.0,20.9,3.38,0.393,Annamayya,AP
2021-11-24,7.3,27.3,20.2,3.02,0.391,Annamayya,AP
2021-11-25,0.5,27.7,21.1,3.28,0.372,Annamayya,AP
2021-11-26,0.7,27.2,20.7,2.95,0.355,Annamayya,AP
2021-11-27,2.5,24.8,20.5,1.49,0.363,Annamayya,AP
2021-11-28,18.9,24.1,21.2,1.52,0.413,Annamayya,AP
2021-11-29,17.5,26.3,20.8,2.27,0.414,Annamayya,AP
2021-11-30,3.4,26.2,21.0,2.19,0.399,Annamayya,AP
2021-12-01,1.3,27.7,20.9,3.33,0.386,Annamayya,AP
2021-12-02,0.1,26.7,20.1,3.04,0.374,Annamayya,AP
2021-12-03,0.0,27.0,19.3,3.6,0.354,Annamayya,AP
2021-12-04,0.0,28.4,19.4,3.45,0.329,Annamayya,AP
2021-12-05,0.1,28.6,19.7,3.84,0.317,Annamayya,AP
2021-12-06,0.5,28.3,20.5,3.66,0.31,Annamayya,AP
2021-12-07,0.0,29.0,19.8,3.95,0.299,Annamayya,AP
2021-12-08,1.2,27.7,19.7,3.23,0.298,Annamayya,AP
2021-12-09,4.6,27.7,21.1,3.1,0.307,Annamayya,AP
2021-12-10,1.0,27.8,20.6,3.54,0.335,Annamayya,AP
2021-12-11,3.8,25.3,20.6,2.18,0.332,Annamayya,AP
2021-12-12,4.0,27.0,20.5,3.07,0.337,Annamayya,AP
2021-12-13,4.7,25.6,20.5,2.62,0.341,Annamayya,AP
2021-12-14,1.7,25.9,20.1,2.57,0.353,Annamayya,AP
2021-12-15,1.8,26.1,19.0,2.93,0.336,Annamayya,AP
2021-12-16,0.0,26.8,18.8,3.55,0.324,Annamayya,AP
2021-12-17,0.0,26.4,18.0,3.66,0.308,Annamayya,AP
2021-12-18,0.0,25.8,16.7,3.88,0.293,Annamayya,AP
2021-12-19,0.0,24.9,16.6,3.72,0.283,Annamayya,AP
2021-12-20,0.0,25.3,16.2,3.81,0.273,Annamayya,AP
2021-12-21,0.0,25.8,15.1,3.89,0.259,Annamayya,AP
2021-12-22,0.0,26.5,14.1,3.87,0.244,Annamayya,AP
2021-12-23,0.0,27.2,15.2,4.01,0.233,Annamayya,AP
2021-12-24,0.0,27.6,14.4,4.18,0.226,Annamayya,AP
2021-12-25,0.0,28.3,15.4,4.15,0.21,Annamayya,AP
2021-12-26,0.0,28.4,16.2,4.11,0.199,Annamayya,AP
2021-12-27,0.0,28.6,17.4,4.05,0.19,Annamayya,AP
2021-12-28,0.1,27.3,16.5,3.59,0.185,Annamayya,AP
2021-12-29,0.9,26.5,18.2,3.05,0.183,Annamayya,AP
2021-12-30,2.7,26.3,17.4,2.93,0.189,Annamayya,AP
2021-12-31,3.2,25.9,19.6,2.59,0.212,Annamayya,AP
2022-01-01,2.0,26.3,20.2,2.87,0.239,Annamayya,AP
2022-01-02,0.0,27.2,18.1,3.32,0.241,Annamayya,AP
2022-01-03,0.0,26.7,18.5,3.25,0.232,Annamayya,AP
2022-01-04,0.0,26.6,17.2,3.79,0.227,Annamayya,AP
2022-01-05,0.0,26.3,15.3,3.73,0.227,Annamayya,AP
2022-01-06,0.0,27.9,16.6,4.04,0.218,Annamayya,AP
2022-01-07,0.0,28.8,17.9,4.12,0.215,Annamayya,AP
2022-01-08,0.0,28.0,18.8,3.15,0.209,Annamayya,AP
2022-01-09,0.0,28.8,19.2,3.96,0.208,Annamayya,AP
2022-01-10,0.0,29.4,19.5,4.08,0.203,Annamayya,AP
2022-01-11,0.1,29.3,18.4,3.91,0.192,Annamayya,AP
2022-01-12,0.4,28.9,20.6,3.59,0.187,Annamayya,AP
2022-01-13,0.7,29.7,21.1,3.91,0.189,Annamayya,AP
2022-01-14,0.4,30.5,20.6,4.04,0.186,Annamayya,AP
2022-01-15,5.6,27.0,21.0,3.21,0.191,Annamayya,AP
2022-01-16,1.2,27.2,20.3,3.74,0.183,Annamayya,AP
2022-01-17,1.2,25.7,19.1,2.84,0.19,Annamayya,AP
2022-01-18,0.4,26.7,17.7,3.66,0.192,Annamayya,AP
2022-01-19,0.0,28.3,17.8,4.25,0.184,Annamayya,AP
2022-01-20,0.0,29.0,15.7,4.42,0.176,Annamayya,AP
2022-01-21,0.0,32.2,16.7,4.9,0.172,Annamayya,AP
2022-01-22,0.0,31.8,17.0,5.17,0.171,Annamayya,AP
2022-01-23,0.0,30.3,19.0,4.78,0.171,Annamayya,AP
2022-01-24,0.0,29.5,18.6,4.35,0.167,Annamayya,AP
2022-01-25,1.1,28.2,18.3,3.48,0.163,Annamayya,AP
2022-01-26,2.6,27.9,20.1,3.24,0.174,Annamayya,AP
2022-01-27,17.3,26.0,19.7,2.19,0.314,Annamayya,AP
2022-01-28,0.4,26.3,18.6,3.37,0.308,Annamayya,AP
2022-01-29,0.1,26.2,17.3,3.14,0.282,Annamayya,AP
2022-01-30,0.0,29.1,17.9,3.6,0.263,Annamayya,AP
2022-01-31,0.0,29.9,18.8,4.64,0.244,Annamayya,AP
2022-02-01,0.0,30.1,19.0,4.73,0.227,Annamayya,AP
2022-02-02,0.0,30.9,17.9,5.04,0.214,Annamayya,AP
2022-02-03,0.0,31.1,18.7,5.19,0.202,Annamayya,AP
2022-02-04,0.0,30.8,19.0,5.33,0.192,Annamayya,AP
2022-02-05,0.0,30.8,19.1,4.69,0.185,Annamayya,AP
2022-02-06,0.0,30.0,20.0,4.72,0.179,Annamayya,AP
2022-02-07,0.0,29.4,18.8,4.73,0.175,Annamayya,AP
2022-02-08,0.0,30.0,18.0,5.08,0.172,Annamayya,AP
2022-02-09,0.0,29.4,18.5,5.17,0.167,Annamayya,AP
2022-02-10,0.0,29.4,17.6,5.06,0.163,Annamayya,AP
2022-02-11,0.0,29.4,15.9,5.22,0.16,Annamayya,AP
2022-02-12,0.0,29.5,16.4,4.86,0.159,Annamayya,AP
2022-02-13,0.0,29.2,17.0,4.98,0.159,Annamayya,AP
2022-02-14,0.0,29.1,18.2,4.67,0.162,Annamayya,AP
2022-02-15,0.0,29.5,18.4,4.96,0.163,Annamayya,AP
2022-02-16,0.0,30.3,18.4,5.3,0.163,Annamayya,AP
2022-02-17,0.0,30.3,18.4,5.62,0.16,Annamayya,AP
2022-02-18,0.0,30.2,17.5,5.21,0.161,Annamayya,AP
2022-02-19,0.0,30.2,17.8,5.2,0.161,Annamayya,AP
2022-02-20,0.0,31.7,17.6,5.57,0.155,Annamayya,AP
2022-02-21,0.0,33.5,18.2,5.72,0.143,Annamayya,AP
2022-02-22,0.0,33.6,19.7,6.11,0.141,Annamayya,AP
2022-02-23,0.0,31.5,20.4,5.67,0.142,Annamayya,AP
2022-02-24,0.0,31.3,18.4,5.65,0.136,Annamayya,AP
2022-02-25,0.0,31.8,16.3,5.89,0.132,Annamayya,AP
2022-02-26,0.0,30.5,16.9,5.53,0.127,Annamayya,AP
2022-02-27,0.0,31.0,18.8,5.53,0.133,Annamayya,AP
2022-02-28,0.0,32.2,17.3,5.99,0.133,Annamayya,AP
2022-03-01,0.0,32.4,17.7,5.96,0.136,Annamayya,AP
2022-03-02,0.0,32.8,18.6,6.69,0.134,Annamayya,AP
2022-03-03,0.0,31.9,17.4,6.25,0.129,Annamayya,AP
2022-03-04,0.0,31.7,17.2,5.89,0.134,Annamayya,AP
2022-03-05,0.0,31.7,17.6,5.7,0.14,Annamayya,AP
2022-03-06,0.0,31.3,18.7,5.61,0.139,Annamayya,AP
2022-03-07,0.0,30.9,20.6,4.9,0.14,Annamayya,AP
2022-03-08,0.0,34.1,19.8,6.52,0.144,Annamayya,AP
2022-03-09,0.0,34.2,20.1,6.87,0.139,Annamayya,AP
2022-03-10,0.0,34.2,21.1,7.04,0.133,Annamayya,AP
2022-03-11,0.0,34.3,19.4,7.15,0.13,Annamayya,AP
2022-03-12,0.0,34.1,20.2,6.92,0.131,Annamayya,AP
2022-03-13,0.0,34.1,20.5,6.64,0.128,Annamayya,AP
2022-03-14,0.0,35.0,21.2,7.02,0.128,Annamayya,AP
2022-03-15,0.0,35.3,19.8,6.67,0.13,Annamayya,AP
2022-03-16,0.0,36.4,20.6,7.25,0.125,Annamayya,AP
2022-03-17,0.0,37.7,20.3,7.29,0.124,Annamayya,AP
2022-03-18,0.0,37.9,21.9,7.28,0.122,Annamayya,AP
2022-03-19,0.0,36.0,21.8,6.21,0.122,Annamayya,AP
2022-03-20,0.0,35.3,25.3,6.27,0.126,Annamayya,AP
2022-03-21,0.0,36.3,24.0,6.1,0.132,Annamayya,AP
2022-03-22,0.3,34.6,23.6,5.25,0.135,Annamayya,AP
2022-03-23,0.2,36.4,24.1,6.4,0.135,Annamayya,AP
2022-03-24,0.0,36.0,23.7,6.12,0.137,Annamayya,AP
2022-03-25,0.0,36.0,23.5,6.2,0.127,Annamayya,AP
2022-03-26,0.0,36.3,23.9,6.07,0.125,Annamayya,AP
2022-03-27,0.0,36.9,23.8,6.26,0.13,Annamayya,AP
2022-03-28,0.0,37.6,24.0,6.7,0.131,Annamayya,AP
2022-03-29,0.0,38.2,24.9,6.95,0.133,Annamayya,AP
2022-03-30,0.0,37.6,25.1,7.06,0.134,Annamayya,AP
2022-03-31,0.0,38.0,24.5,6.64,0.133,Annamayya,AP
2022-04-01,0.0,37.3,24.6,6.76,0.137,Annamayya,AP
2022-04-02,0.0,37.2,23.6,6.98,0.132,Annamayya,AP
2022-04-03,0.0,37.1,23.1,6.8,0.124,Annamayya,AP
2022-04-04,0.0,36.6,23.2,6.88,0.134,Annamayya,AP
2022-04-05,0.0,37.6,22.9,7.1,0.134,Annamayya,AP
2022-04-06,0.0,37.9,22.4,7.24,0.13,Annamayya,AP
2022-04-07,0.0,37.4,22.9,7.15,0.133,Annamayya,AP
2022-04-08,0.0,36.7,22.3,6.68,0.14,Annamayya,AP
2022-04-09,0.0,36.1,23.5,6.37,0.129,Annamayya,AP
2022-04-10,0.0,35.6,23.1,5.75,0.128,Annamayya,AP
2022-04-11,0.0,36.4,22.0,6.74,0.133,Annamayya,AP
2022-04-12,0.0,37.2,22.6,7.05,0.126,Annamayya,AP
2022-04-13,0.2,36.2,24.6,6.54,0.125,Annamayya,AP
2022-04-14,0.0,36.9,24.0,6.19,0.118,Annamayya,AP
2022-04-15,0.3,37.4,25.2,6.42,0.107,Annamayya,AP
2022-04-16,0.1,39.3,26.8,6.79,0.106,Annamayya,AP
2022-04-17,0.2,37.1,26.3,6.59,0.106,Annamayya,AP
2022-04-18,0.1,36.8,25.7,6.33,0.103,Annamayya,AP
2022-04-19,0.0,38.8,25.0,6.78,0.102,Annamayya,AP
2022-04-20,0.0,39.4,25.5,7.1,0.102,Annamayya,AP
2022-04-21,0.0,38.2,24.7,7.39,0.102,Annamayya,AP
2022-04-22,0.0,37.6,23.4,6.94,0.101,Annamayya,AP
2022-04-23,0.0,38.0,23.5,6.76,0.098,Annamayya,AP
2022-04-24,0.0,39.0,24.9,6.5,0.098,Annamayya,AP
2022-04-25,0.0,39.0,25.2,7.26,0.099,Annamayya,AP
2022-04-26,0.0,39.4,24.8,7.26,0.102,Annamayya,AP
2022-04-27,0.0,39.9,25.1,7.71,0.106,Annamayya,AP
2022-04-28,0.0,38.9,25.1,7.51,0.111,Annamayya,AP
2022-04-29,0.0,41.4,25.0,7.78,0.119,Annamayya,AP
2022-04-30,0.0,40.5,26.4,7.26,0.12,Annamayya,AP
2022-05-01,0.0,39.6,26.7,7.23,0.123,Annamayya,AP
2022-05-02,0.0,39.5,26.8,7.28,0.125,Annamayya,AP
2022-05-03,0.0,38.6,26.8,6.54,0.124,Annamayya,AP
2022-05-04,0.0,38.5,26.1,6.29,0.125,Annamayya,AP
2022-05-05,1.5,36.9,25.3,5.42,0.128,Annamayya,AP
2022-05-06,0.0,38.1,25.0,6.19,0.124,Annamayya,AP
2022-05-07,0.0,38.0,25.8,7.14,0.122,Annamayya,AP
2022-05-08,0.0,38.9,26.0,6.27,0.122,Annamayya,AP
2022-05-09,0.0,37.2,26.5,6.94,0.129,Annamayya,AP
2022-05-10,3.9,32.7,25.1,4.22,0.142,Annamayya,AP
2022-05-11,13.9,29.1,24.0,3.25,0.22,Annamayya,AP
2022-05-12,34.7,29.1,23.4,3.16,0.393,Annamayya,AP
2022-05-13,4.3,31.8,23.7,4.51,0.377,Annamayya,AP
2022-05-14,4.0,33.5,24.4,5.43,0.35,Annamayya,AP
2022-05-15,0.9,33.4,24.8,5.5,0.336,Annamayya,AP
2022-05-16,6.1,33.1,25.5,5.04,0.309,Annamayya,AP
2022-05-17,11.8,32.7,24.4,4.72,0.319,Annamayya,AP
2022-05-18,13.0,31.4,23.8,3.93,0.377,Annamayya,AP
2022-05-19,1.0,31.4,23.6,4.66,0.372,Annamayya,AP
2022-05-20,0.9,30.7,23.8,5.65,0.345,Annamayya,AP
2022-05-21,0.0,30.0,23.3,5.53,0.319,Annamayya,AP
2022-05-22,0.0,33.5,24.6,6.94,0.292,Annamayya,AP
2022-05-23,0.0,33.8,24.0,6.77,0.266,Annamayya,AP
2022-05-24,0.0,33.7,25.3,6.14,0.242,Annamayya,AP
2022-05-25,0.0,34.3,26.1,6.13,0.214,Annamayya,AP
2022-05-26,0.2,35.1,25.4,6.44,0.193,Annamayya,AP
2022-05-27,0.0,34.4,25.6,7.23,0.177,Annamayya,AP
2022-05-28,0.0,35.2,25.1,7.44,0.162,Annamayya,AP
2022-05-29,0.0,35.7,25.6,7.46,0.15,Annamayya,AP
2022-05-30,0.0,36.3,25.8,7.17,0.141,Annamayya,AP
2022-05-31,0.0,34.8,25.9,6.94,0.136,Annamayya,AP
2022-06-01,0.0,36.0,25.3,7.12,0.142,Annamayya,AP
2022-06-02,0.1,36.4,25.7,7.17,0.14,Annamayya,AP
2022-06-03,0.0,37.4,24.9,7.16,0.133,Annamayya,AP
2022-06-04,0.7,37.8,26.0,7.43,0.125,Annamayya,AP
2022-06-05,3.0,38.1,26.2,7.19,0.12,Annamayya,AP
2022-06-06,0.1,36.3,24.5,6.24,0.136,Annamayya,AP
2022-06-07,2.7,35.3,26.5,6.48,0.147,Annamayya,AP
2022-06-08,0.0,36.2,25.3,7.5,0.147,Annamayya,AP
2022-06-09,1.5,37.1,25.3,7.35,0.145,Annamayya,AP
2022-06-10,0.7,36.5,25.9,7.34,0.162,Annamayya,AP
2022-06-11,0.2,36.3,25.5,7.15,0.152,Annamayya,AP
2022-06-12,4.6,36.2,25.0,6.53,0.152,Annamayya,AP
2022-06-13,0.0,35.2,24.0,6.24,0.183,Annamayya,AP
2022-06-14,1.5,35.6,25.5,6.85,0.166,Annamayya,AP
2022-06-15,0.9,32.2,23.6,4.62,0.235,Annamayya,AP
2022-06-16,11.5,33.8,23.0,5.23,0.255,Annamayya,AP
2022-06-17,5.7,32.8,22.5,4.8,0.301,Annamayya,AP
2022-06-18,10.1,32.4,22.9,4.52,0.321,Annamayya,AP
2022-06-19,7.5,32.0,23.9,4.66,0.28,Annamayya,AP
2022-06-20,7.0,32.6,23.9,5.33,0.323,Annamayya,AP
2022-06-21,1.3,31.2,24.3,4.77,0.335,Annamayya,AP
2022-06-22,6.8,32.7,24.8,5.44,0.295,Annamayya,AP
2022-06-23,2.9,32.4,24.6,4.52,0.278,Annamayya,AP
2022-06-24,0.5,32.7,24.9,4.71,0.248,Annamayya,AP
2022-06-25,1.1,33.7,25.2,6.16,0.218,Annamayya,AP
2022-06-26,0.4,34.0,24.9,6.42,0.197,Annamayya,AP
2022-06-27,0.0,32.7,25.1,5.41,0.178,Annamayya,AP
2022-06-28,1.0,30.6,24.7,3.83,0.17,Annamayya,AP
2022-06-29,1.8,33.8,23.3,5.89,0.174,Annamayya,AP
2022-06-30,0.2,34.8,24.6,6.74,0.158,Annamayya,AP
2022-07-01,6.5,34.9,24.4,6.09,0.163,Annamayya,AP
2022-07-02,0.3,34.9,24.1,6.56,0.163,Annamayya,AP
2022-07-03,0.4,34.9,25.6,6.54,0.146,Annamayya,AP
2022-07-04,0.4,30.9,25.7,4.87,0.153,Annamayya,AP
2022-07-05,1.8,29.6,23.4,3.48,0.176,Annamayya,AP
2022-07-06,8.3,26.8,23.2,1.94,0.229,Annamayya,AP
2022-07-07,7.3,28.9,23.0,2.69,0.294,Annamayya,AP
2022-07-08,3.7,28.5,23.3,3.6,0.305,Annamayya,AP
2022-07-09,1.9,31.7,23.0,5.37,0.296,Annamayya,AP
2022-07-10,2.4,29.7,23.4,4.0,0.279,Annamayya,AP
2022-07-11,0.6,30.8,24.3,4.8,0.26,Annamayya,AP
2022-07-12,4.6,30.9,22.9,4.52,0.271,Annamayya,AP
2022-07-13,1.8,29.1,23.9,4.17,0.248,Annamayya,AP
2022-07-14,1.6,32.2,23.4,6.96,0.231,Annamayya,AP
2022-07-15,0.4,34.7,25.1,7.7,0.212,Annamayya,AP
2022-07-16,1.2,33.9,25.0,6.21,0.197,Annamayya,AP
2022-07-17,7.1,33.4,25.0,5.52,0.193,Annamayya,AP
2022-07-18,3.1,32.6,24.7,4.84,0.205,Annamayya,AP
2022-07-19,1.3,34.2,23.4,6.15,0.225,Annamayya,AP
2022-07-20,19.4,33.9,23.9,5.3,0.303,Annamayya,AP
2022-07-21,1.2,33.1,24.0,5.42,0.321,Annamayya,AP
2022-07-22,1.1,30.4,23.7,3.7,0.306,Annamayya,AP
2022-07-23,0.4,31.7,24.2,4.9,0.314,Annamayya,AP
2022-07-24,1.4,31.6,23.5,5.32,0.285,Annamayya,AP
2022-07-25,0.1,32.7,23.7,6.03,0.253,Annamayya,AP
2022-07-26,0.4,31.2,23.1,4.35,0.245,Annamayya,AP
2022-07-27,0.8,32.4,22.5,5.37,0.241,Annamayya,AP
2022-07-28,8.7,33.3,23.2,5.09,0.227,Annamayya,AP
2022-07-29,0.4,34.2,22.6,5.58,0.206,Annamayya,AP
2022-07-30,2.6,34.0,22.5,5.67,0.185,Annamayya,AP
2022-07-31,14.7,34.1,23.5,5.04,0.229,Annamayya,AP
2022-08-01,15.8,32.8,23.0,4.74,0.291,Annamayya,AP
2022-08-02,12.9,32.0,23.0,4.46,0.346,Annamayya,AP
2022-08-03,8.0,29.1,22.7,3.13,0.366,Annamayya,AP
2022-08-04,12.1,30.0,22.6,3.32,0.376,Annamayya,AP
2022-08-05,13.6,30.0,22.8,2.66,0.378,Annamayya,AP
2022-08-06,3.0,28.9,24.4,4.51,0.352,Annamayya,AP
2022-08-07,0.4,29.7,24.2,4.75,0.342,Annamayya,AP
2022-08-08,0.8,30.6,24.4,4.94,0.323,Annamayya,AP
2022-08-09,0.9,31.8,24.8,6.05,0.3,Annamayya,AP
2022-08-10,1.0,32.4,24.3,7.03,0.277,Annamayya,AP
2022-08-11,0.2,33.1,24.3,6.56,0.256,Annamayya,AP
2022-08-12,0.5,32.1,24.8,6.0,0.24,Annamayya,AP
2022-08-13,0.1,32.4,24.1,6.26,0.218,Annamayya,AP
2022-08-14,0.1,32.6,24.0,6.01,0.201,Annamayya,AP
2022-08-15,0.3,33.6,23.6,5.64,0.19,Annamayya,AP
2022-08-16,0.2,34.6,22.7,5.62,0.177,Annamayya,AP
2022-08-17,0.1,35.0,24.5,5.88,0.16,Annamayya,AP
2022-08-18,0.2,34.2,25.1,6.64,0.151,Annamayya,AP
2022-08-19,5.6,33.9,23.6,6.28,0.206,Annamayya,AP
2022-08-20,0.0,34.0,24.8,6.67,0.19,Annamayya,AP
2022-08-21,2.0,33.8,25.1,6.47,0.18,Annamayya,AP
2022-08-22,0.8,33.9,23.4,6.4,0.172,Annamayya,AP
2022-08-23,0.1,34.2,24.0,6.51,0.167,Annamayya,AP
2022-08-24,10.1,33.2,23.5,5.61,0.174,Annamayya,AP
2022-08-25,7.2,32.6,22.6,4.76,0.219,Annamayya,AP
2022-08-26,14.7,31.9,22.4,4.44,0.267,Annamayya,AP
2022-08-27,14.6,31.3,22.4,4.64,0.368,Annamayya,AP
2022-08-28,1.3,30.2,22.6,4.35,0.324,Annamayya,AP
2022-08-29,24.9,29.5,22.9,3.34,0.331,Annamayya,AP
2022-08-30,8.9,31.0,21.6,4.75,0.357,Annamayya,AP
2022-08-31,3.5,30.8,22.7,4.39,0.331,Annamayya,AP
2022-09-01,3.4,29.5,21.9,3.48,0.331,Annamayya,AP
2022-09-02,0.8,31.7,21.9,5.02,0.327,Annamayya,AP
2022-09-03,1.9,32.2,22.7,5.04,0.293,Annamayya,AP
2022-09-04,6.7,31.7,23.2,4.8,0.33,Annamayya,AP
2022-09-05,2.3,32.2,22.5,5.26,0.332,Annamayya,AP
2022-09-06,7.3,32.0,22.2,4.6,0.31,Annamayya,AP
2022-09-07,19.1,30.7,22.4,3.64,0.366,Annamayya,AP
2022-09-08,9.3,27.5,23.1,2.16,0.386,Annamayya,AP
2022-09-09,3.4,30.6,23.2,3.59,0.361,Annamayya,AP
2022-09-10,4.8,30.9,24.1,4.29,0.331,Annamayya,AP
2022-09-11,1.8,31.9,24.5,4.22,0.308,Annamayya,AP
2022-09-12,0.2,32.3,24.0,5.84,0.282,Annamayya,AP
2022-09-13,0.4,32.5,23.5,5.5,0.253,Annamayya,AP
2022-09-14,1.4,32.9,23.1,4.7,0.257,Annamayya,AP
2022-09-15,0.0,32.7,23.6,4.72,0.244,Annamayya,AP
2022-09-16,0.0,32.8,23.3,5.96,0.228,Annamayya,AP
2022-09-17,0.2,33.0,23.7,5.98,0.207,Annamayya,AP
2022-09-18,0.0,33.0,23.8,6.26,0.185,Annamayya,AP
2022-09-19,0.1,32.4,24.2,5.65,0.172,Annamayya,AP
2022-09-20,0.0,33.1,23.4,6.98,0.161,Annamayya,AP
2022-09-21,0.0,33.1,23.4,6.5,0.153,Annamayya,AP
2022-09-22,0.0,33.3,24.0,7.08,0.147,Annamayya,AP
2022-09-23,0.0,34.0,23.6,6.64,0.144,Annamayya,AP
2022-09-24,0.0,33.5,24.2,6.75,0.138,Annamayya,AP
2022-09-25,0.5,33.9,24.2,6.18,0.132,Annamayya,AP
2022-09-26,4.1,32.2,23.3,4.45,0.144,Annamayya,AP
2022-09-27,0.2,33.5,23.3,5.31,0.188,Annamayya,AP
2022-09-28,16.4,32.5,23.4,4.96,0.23,Annamayya,AP
2022-09-29,8.2,30.9,23.4,4.15,0.293,Annamayya,AP
2022-09-30,3.2,29.1,21.9,3.06,0.337,Annamayya,AP
2022-10-01,5.3,28.6,22.5,3.41,0.338,Annamayya,AP
2022-10-02,0.0,29.1,22.5,3.34,0.311,Annamayya,AP
2022-10-03,1.9,30.9,23.0,5.44,0.288,Annamayya,AP
2022-10-04,0.1,31.4,23.6,5.55,0.264,Annamayya,AP
2022-10-05,0.6,30.4,24.4,3.67,0.249,Annamayya,AP
2022-10-06,16.1,27.4,22.4,2.54,0.318,Annamayya,AP
2022-10-07,0.6,30.3,21.6,4.1,0.311,Annamayya,AP
2022-10-08,5.6,29.8,22.6,4.08,0.287,Annamayya,AP
2022-10-09,7.1,28.8,22.2,2.78,0.302,Annamayya,AP
2022-10-10,1.5,29.3,21.8,3.42,0.322,Annamayya,AP
2022-10-11,6.9,29.6,22.3,4.11,0.324,Annamayya,AP
2022-10-12,13.3,28.8,22.1,2.91,0.351,Annamayya,AP
2022-10-13,12.6,30.0,21.5,4.08,0.378,Annamayya,AP
2022-10-14,2.1,29.6,20.7,3.49,0.351,Annamayya,AP
2022-10-15,9.7,29.2,21.8,3.43,0.344,Annamayya,AP
2022-10-16,4.6,29.7,21.5,3.78,0.331,Annamayya,AP
2022-10-17,1.9,30.0,21.4,3.84,0.325,Annamayya,AP
2022-10-18,10.3,30.7,21.5,4.33,0.317,Annamayya,AP
2022-10-19,1.8,30.0,21.3,4.36,0.357,Annamayya,AP
2022-10-20,2.5,30.2,21.6,3.7,0.329,Annamayya,AP
2022-10-21,12.6,29.6,21.0,3.8,0.338,Annamayya,AP
2022-10-22,0.7,29.5,20.1,4.37,0.33,Annamayya,AP
2022-10-23,0.0,29.2,19.7,5.34,0.287,Annamayya,AP
2022-10-24,0.0,28.8,18.8,5.74,0.252,Annamayya,AP
2022-10-25,0.0,29.7,17.0,5.31,0.229,Annamayya,AP
2022-10-26,0.0,30.4,19.3,5.18,0.207,Annamayya,AP
2022-10-27,0.0,30.6,19.1,4.46,0.185,Annamayya,AP
2022-10-28,6.3,29.9,20.6,3.8,0.19,Annamayya,AP
2022-10-29,2.8,29.0,20.2,3.96,0.228,Annamayya,AP
2022-10-30,0.5,31.2,21.0,4.75,0.226,Annamayya,AP
2022-10-31,0.0,30.3,19.8,4.33,0.204,Annamayya,AP
2022-11-01,19.8,23.2,20.9,1.02,0.298,Annamayya,AP
2022-11-02,5.3,23.3,20.9,0.99,0.347,Annamayya,AP
2022-11-03,2.8,25.0,20.9,1.5,0.341,Annamayya,AP
2022-11-04,1.0,28.8,21.6,3.81,0.309,Annamayya,AP
2022-11-05,0.8,29.6,20.6,4.3,0.285,Annamayya,AP
2022-11-06,1.5,29.0,20.6,4.05,0.273,Annamayya,AP
2022-11-07,0.0,29.7,19.1,4.62,0.266,Annamayya,AP
2022-11-08,0.0,30.4,20.4,4.8,0.237,Annamayya,AP
2022-11-09,0.0,30.2,19.7,4.92,0.216,Annamayya,AP
2022-11-10,6.0,28.4,19.7,3.63,0.222,Annamayya,AP
2022-11-11,10.3,25.1,20.4,1.57,0.275,Annamayya,AP
2022-11-12,20.1,24.4,21.1,1.27,0.372,Annamayya,AP
2022-11-13,4.2,25.7,21.1,2.16,0.335,Annamayya,AP
2022-11-14,4.0,26.9,20.3,2.65,0.334,Annamayya,AP
2022-11-15,0.7,28.4,19.7,3.96,0.337,Annamayya,AP
2022-11-16,0.0,28.8,19.1,4.13,0.303,Annamayya,AP
2022-11-17,0.0,28.6,18.2,4.7,0.28,Annamayya,AP
2022-11-18,0.0,28.4,17.5,4.66,0.257,Annamayya,AP
2022-11-19,0.0,27.8,17.5,4.47,0.237,Annamayya,AP
2022-11-20,0.0,27.5,17.2,4.25,0.217,Annamayya,AP
2022-11-21,6.2,23.1,17.4,1.82,0.213,Annamayya,AP
2022-11-22,6.6,25.9,19.6,2.04,0.245,Annamayya,AP
2022-11-23,15.1,26.4,21.4,1.76,0.349,Annamayya,AP
2022-11-24,2.2,27.7,21.3,2.91,0.333,Annamayya,AP
2022-11-25,0.2,29.6,20.9,3.89,0.298,Annamayya,AP
2022-11-26,1.3,29.0,19.5,3.45,0.271,Annamayya,AP
2022-11-27,0.0,29.8,19.9,3.97,0.248,Annamayya,AP
2022-11-28,0.0,30.4,20.5,4.32,0.231,Annamayya,AP
2022-11-29,0.0,29.3,19.6,4.3,0.216,Annamayya,AP
2022-11-30,0.0,29.0,17.3,4.23,0.2,Annamayya,AP
2022-12-01,2.7,29.3,19.7,3.51,0.201,Annamayya,AP
2022-12-02,2.0,29.3,20.9,3.3,0.217,Annamayya,AP
2022-12-03,1.3,30.1,20.1,3.83,0.225,Annamayya,AP
2022-12-04,1.8,29.6,21.0,3.87,0.22,Annamayya,AP
2022-12-05,0.7,29.6,19.9,3.6,0.212,Annamayya,AP
2022-12-06,0.0,29.7,19.3,3.59,0.204,Annamayya,AP
2022-12-07,0.0,28.9,18.7,3.94,0.202,Annamayya,AP
2022-12-08,0.0,27.7,18.1,3.66,0.199,Annamayya,AP
2022-12-09,19.6,22.7,16.3,1.98,0.295,Annamayya,AP
2022-12-10,39.3,22.1,19.2,0.85,0.414,Annamayya,AP
2022-12-11,1.7,24.8,19.7,1.54,0.39,Annamayya,AP
2022-12-12,20.6,25.5,20.8,1.72,0.405,Annamayya,AP
2022-12-13,5.2,26.7,20.8,2.41,0.4,Annamayya,AP
2022-12-14,0.7,28.3,20.0,3.14,0.376,Annamayya,AP
2022-12-15,0.0,27.2,18.2,3.84,0.35,Annamayya,AP
2022-12-16,0.0,28.6,17.5,4.15,0.321,Annamayya,AP
2022-12-17,0.0,28.5,20.5,3.82,0.296,Annamayya,AP
2022-12-18,1.7,27.1,19.4,3.1,0.285,Annamayya,AP
2022-12-19,0.0,26.9,18.1,3.81,0.266,Annamayya,AP
2022-12-20,0.0,27.3,16.5,4.05,0.25,Annamayya,AP
2022-12-21,0.0,27.4,16.8,3.81,0.236,Annamayya,AP
2022-12-22,0.0,27.7,16.3,3.93,0.223,Annamayya,AP
2022-12-23,0.0,28.2,16.8,4.19,0.209,Annamayya,AP
2022-12-24,0.0,29.3,15.5,3.87,0.195,Annamayya,AP
2022-12-25,3.6,25.8,19.5,1.58,0.206,Annamayya,AP
2022-12-26,2.4,28.7,20.1,3.24,0.226,Annamayya,AP
2022-12-27,0.8,29.2,20.6,3.41,0.229,Annamayya,AP
2022-12-28,0.0,30.4,19.6,4.15,0.223,Annamayya,AP
2022-12-29,0.0,30.8,19.1,4.32,0.211,Annamayya,AP
2022-12-30,0.0,30.7,18.4,4.47,0.198,Annamayya,AP
2022-12-31,0.0,30.4,17.3,4.58,0.186,Annamayya,AP
2023-01-01,0.0,30.4,18.1,4.65,0.18,Annamayya,AP
2023-01-02,0.0,29.9,18.6,4.65,0.171,Annamayya,AP
2023-01-03,0.0,29.7,18.6,4.3,0.163,Annamayya,AP
2023-01-04,0.0,29.5,18.6,4.34,0.161,Annamayya,AP
2023-01-05,0.0,29.1,18.2,4.13,0.158,Annamayya,AP
2023-01-06,0.0,29.1,18.1,3.91,0.157,Annamayya,AP
2023-01-07,0.0,28.1,17.6,3.24,0.165,Annamayya,AP
2023-01-08,0.0,28.8,17.8,4.51,0.165,Annamayya,AP
2023-01-09,0.0,28.0,13.9,4.44,0.159,Annamayya,AP
2023-01-10,0.0,28.2,14.8,4.52,0.152,Annamayya,AP
2023-01-11,0.0,29.9,14.8,4.63,0.143,Annamayya,AP
2023-01-12,0.0,31.1,14.0,4.93,0.138,Annamayya,AP
2023-01-13,0.0,31.1,14.6,4.97,0.132,Annamayya,AP
2023-01-14,0.0,31.5,14.9,4.85,0.121,Annamayya,AP
2023-01-15,0.0,31.5,14.2,5.17,0.117,Annamayya,AP
2023-01-16,0.0,32.2,15.6,5.02,0.108,Annamayya,AP
2023-01-17,0.0,30.2,16.1,4.72,0.104,Annamayya,AP
2023-01-18,0.0,30.5,16.6,4.96,0.102,Annamayya,AP
2023-01-19,0.0,30.4,16.5,4.96,0.104,Annamayya,AP
2023-01-20,0.0,29.0,17.1,3.62,0.108,Annamayya,AP
2023-01-21,0.0,30.6,18.1,4.42,0.114,Annamayya,AP
2023-01-22,0.0,29.7,16.8,4.96,0.118,Annamayya,AP
2023-01-23,0.2,29.0,17.2,3.17,0.119,Annamayya,AP
2023-01-24,0.0,30.7,19.3,4.91,0.123,Annamayya,AP
2023-01-25,0.0,30.2,17.1,5.02,0.128,Annamayya,AP
2023-01-26,0.0,30.0,17.3,4.81,0.13,Annamayya,AP
2023-01-27,0.0,30.4,16.5,4.96,0.131,Annamayya,AP
2023-01-28,0.0,31.1,17.5,5.27,0.128,Annamayya,AP
2023-01-29,0.0,30.5,15.9,5.1,0.129,Annamayya,AP
2023-01-30,3.2,28.2,19.5,3.57,0.138,Annamayya,AP
2023-01-31,0.1,30.8,19.3,4.74,0.147,Annamayya,AP
2023-02-01,0.0,31.1,18.7,4.77,0.148,Annamayya,AP
2023-02-02,0.0,30.2,19.0,4.96,0.148,Annamayya,AP
2023-02-03,0.1,31.2,18.3,5.0,0.148,Annamayya,AP
2023-02-04,0.0,32.0,18.3,5.14,0.147,Annamayya,AP
2023-02-05,0.0,32.5,17.8,5.69,0.141,Annamayya,AP
2023-02-06,0.0,32.5,18.2,5.68,0.133,Annamayya,AP
2023-02-07,0.0,33.6,19.2,5.47,0.127,Annamayya,AP
2023-02-08,0.0,33.8,19.7,6.12,0.125,Annamayya,AP
2023-02-09,0.0,33.8,19.5,6.03,0.124,Annamayya,AP
2023-02-10,0.0,34.0,18.3,6.29,0.125,Annamayya,AP
2023-02-11,0.0,34.1,18.2,6.2,0.129,Annamayya,AP
2023-02-12,0.0,34.8,17.9,6.41,0.129,Annamayya,AP
2023-02-13,0.0,34.2,19.0,6.42,0.129,Annamayya,AP
2023-02-14,0.0,33.5,17.0,6.12,0.13,Annamayya,AP
2023-02-15,0.0,33.8,17.0,6.18,0.133,Annamayya,AP
2023-02-16,0.0,33.7,18.2,6.32,0.135,Annamayya,AP
2023-02-17,0.0,34.0,17.8,6.39,0.132,Annamayya,AP
2023-02-18,0.0,33.6,18.3,6.14,0.136,Annamayya,AP
2023-02-19,0.0,32.9,19.4,6.13,0.136,Annamayya,AP
2023-02-20,0.0,33.4,18.1,6.21,0.133,Annamayya,AP
2023-02-21,0.0,34.7,19.2,6.59,0.138,Annamayya,AP
2023-02-22,0.0,34.4,19.6,6.75,0.13,Annamayya,AP
2023-02-23,0.0,34.6,19.5,6.94,0.129,Annamayya,AP
2023-02-24,0.0,34.4,16.6,6.66,0.129,Annamayya,AP
2023-02-25,0.0,35.4,17.2,7.22,0.126,Annamayya,AP
2023-02-26,0.0,33.5,19.3,7.35,0.12,Annamayya,AP
2023-02-27,0.0,33.7,17.0,6.62,0.115,Annamayya,AP
2023-02-28,0.0,33.4,16.3,6.71,0.114,Annamayya,AP
2023-03-01,0.0,33.8,18.2,6.38,0.118,Annamayya,AP
2023-03-02,0.0,33.5,17.9,6.76,0.114,Annamayya,AP
2023-03-03,0.0,34.5,17.5,7.42,0.115,Annamayya,AP
2023-03-04,0.0,34.4,18.6,7.28,0.115,Annamayya,AP
2023-03-05,0.0,34.6,19.3,7.21,0.11,Annamayya,AP
2023-03-06,0.0,34.6,18.6,7.39,0.112,Annamayya,AP
2023-03-07,0.0,34.9,18.1,6.74,0.117,Annamayya,AP
2023-03-08,0.0,34.0,19.7,7.05,0.115,Annamayya,AP
2023-03-09,0.0,33.3,17.7,6.34,0.111,Annamayya,AP
2023-03-10,0.0,33.7,18.7,6.6,0.107,Annamayya,AP
2023-03-11,0.0,33.6,18.1,6.74,0.104,Annamayya,AP
2023-03-12,0.0,34.8,18.3,6.63,0.103,Annamayya,AP
2023-03-13,0.0,35.9,19.0,6.89,0.097,Annamayya,AP
2023-03-14,0.0,36.3,19.9,6.31,0.099,Annamayya,AP
2023-03-15,0.0,36.6,21.1,6.65,0.102,Annamayya,AP
2023-03-16,1.4,35.0,22.7,5.35,0.11,Annamayya,AP
2023-03-17,33.7,29.1,22.0,3.76,0.217,Annamayya,AP
2023-03-18,45.5,32.2,21.9,3.97,0.329,Annamayya,AP
2023-03-19,12.6,32.7,21.5,5.43,0.313,Annamayya,AP
2023-03-20,0.0,33.7,19.7,6.24,0.287,Annamayya,AP
2023-03-21,0.0,34.4,20.8,6.39,0.244,Annamayya,AP
2023-03-22,0.0,35.4,22.1,5.95,0.215,Annamayya,AP
2023-03-23,0.0,35.9,22.6,6.54,0.194,Annamayya,AP
2023-03-24,0.0,36.5,23.3,6.11,0.178,Annamayya,AP
2023-03-25,0.9,35.1,23.9,6.02,0.166,Annamayya,AP
2023-03-26,0.2,35.4,23.9,5.36,0.153,Annamayya,AP
2023-03-27,0.0,37.5,23.7,6.67,0.148,Annamayya,AP
2023-03-28,0.0,37.8,23.2,6.5,0.143,Annamayya,AP
2023-03-29,0.0,37.1,24.0,6.55,0.139,Annamayya,AP
2023-03-30,0.1,36.7,24.2,5.86,0.136,Annamayya,AP
2023-03-31,0.1,36.1,25.8,6.67,0.133,Annamayya,AP
2023-04-01,0.1,37.3,25.8,6.5,0.137,Annamayya,AP
2023-04-02,0.0,37.0,25.2,6.53,0.133,Annamayya,AP
2023-04-03,0.0,37.3,23.6,6.44,0.132,Annamayya,AP
2023-04-04,0.1,36.3,24.5,5.69,0.131,Annamayya,AP
2023-04-05,0.0,38.2,24.2,6.77,0.13,Annamayya,AP
2023-04-06,0.1,37.0,24.2,6.87,0.132,Annamayya,AP
2023-04-07,0.0,36.7,24.2,7.08,0.13,Annamayya,AP
2023-04-08,0.0,36.3,22.7,7.47,0.13,Annamayya,AP
2023-04-09,0.0,36.5,21.2,7.05,0.13,Annamayya,AP
2023-04-10,0.0,38.0,22.8,7.61,0.133,Annamayya,AP
2023-04-11,0.0,38.0,20.6,7.65,0.135,Annamayya,AP
2023-04-12,0.0,39.2,21.0,8.09,0.135,Annamayya,AP
2023-04-13,0.0,40.2,22.8,8.46,0.132,Annamayya,AP
2023-04-14,0.0,40.8,25.2,9.05,0.128,Annamayya,AP
2023-04-15,0.0,40.4,24.1,7.46,0.127,Annamayya,AP
2023-04-16,0.0,40.1,22.4,8.44,0.125,Annamayya,AP
2023-04-17,0.0,39.9,23.6,8.88,0.124,Annamayya,AP
2023-04-18,0.0,40.8,24.5,8.22,0.123,Annamayya,AP
2023-04-19,0.0,39.8,23.1,8.02,0.122,Annamayya,AP
2023-04-20,0.0,40.7,23.4,7.55,0.122,Annamayya,AP
2023-04-21,7.8,38.4,26.9,6.36,0.171,Annamayya,AP
2023-04-22,0.0,35.3,26.1,5.45,0.247,Annamayya,AP
2023-04-23,0.0,37.8,25.8,6.79,0.218,Annamayya,AP
2023-04-24,6.7,36.8,24.7,5.85,0.2,Annamayya,AP
2023-04-25,0.5,36.0,25.0,6.54,0.18,Annamayya,AP
2023-04-26,0.1,36.4,25.0,6.51,0.17,Annamayya,AP
2023-04-27,0.0,38.2,24.4,7.18,0.154,Annamayya,AP
2023-04-28,1.7,36.9,24.9,7.11,0.143,Annamayya,AP
2023-04-29,0.6,35.8,24.4,6.18,0.136,Annamayya,AP
2023-04-30,8.5,34.9,24.3,5.41,0.141,Annamayya,AP
2023-05-01,14.0,32.2,23.5,4.6,0.28,Annamayya,AP
2023-05-02,0.5,31.0,23.3,3.41,0.257,Annamayya,AP
2023-05-03,0.8,33.0,23.4,4.47,0.222,Annamayya,AP
2023-05-04,29.7,34.9,23.2,4.92,0.241,Annamayya,AP
2023-05-05,6.6,33.7,23.8,4.15,0.322,Annamayya,AP
2023-05-06,0.8,33.9,23.5,4.78,0.299,Annamayya,AP
2023-05-07,0.0,34.6,24.5,5.88,0.269,Annamayya,AP
2023-05-08,1.7,35.0,24.6,5.6,0.229,Annamayya,AP
2023-05-09,5.3,36.4,24.1,6.15,0.202,Annamayya,AP
2023-05-10,0.0,37.9,24.6,7.02,0.183,Annamayya,AP
2023-05-11,1.2,35.8,24.8,6.21,0.165,Annamayya,AP
2023-05-12,0.0,38.7,26.7,7.19,0.155,Annamayya,AP
2023-05-13,0.2,38.3,27.6,7.62,0.152,Annamayya,AP
2023-05-14,0.0,38.8,27.2,8.51,0.147,Annamayya,AP
2023-05-15,0.0,39.1,27.9,8.4,0.142,Annamayya,AP
2023-05-16,0.0,39.1,27.3,7.81,0.137,Annamayya,AP
2023-05-17,0.0,40.4,26.3,8.08,0.133,Annamayya,AP
2023-05-18,0.0,39.8,27.5,7.36,0.131,Annamayya,AP
2023-05-19,0.0,40.4,26.9,7.13,0.132,Annamayya,AP
2023-05-20,0.0,38.9,28.7,6.56,0.134,Annamayya,AP
2023-05-21,1.6,36.8,25.5,5.39,0.14,Annamayya,AP
2023-05-22,0.4,37.5,25.1,6.56,0.134,Annamayya,AP
2023-05-23,0.0,38.5,26.4,6.65,0.131,Annamayya,AP
2023-05-24,0.1,39.1,27.8,7.43,0.127,Annamayya,AP
2023-05-25,0.1,38.1,28.1,7.47,0.123,Annamayya,AP
2023-05-26,0.0,38.2,27.0,7.66,0.133,Annamayya,AP
2023-05-27,0.0,37.7,27.6,7.27,0.134,Annamayya,AP
2023-05-28,0.2,38.6,28.8,7.16,0.131,Annamayya,AP
2023-05-29,0.3,39.3,27.2,6.59,0.13,Annamayya,AP
2023-05-30,13.9,36.3,25.8,5.12,0.172,Annamayya,AP
2023-05-31,0.0,37.3,25.0,6.32,0.187,Annamayya,AP
2023-06-01,1.4,38.5,26.9,6.95,0.164,Annamayya,AP
2023-06-02,5.7,38.0,27.4,7.69,0.153,Annamayya,AP
2023-06-03,0.0,39.3,28.4,7.14,0.15,Annamayya,AP
2023-06-04,1.0,34.9,27.8,6.91,0.146,Annamayya,AP
2023-06-05,1.0,37.9,27.3,7.93,0.139,Annamayya,AP
2023-06-06,0.1,38.5,27.8,8.24,0.131,Annamayya,AP
2023-06-07,0.6,37.7,28.3,7.19,0.129,Annamayya,AP
2023-06-08,0.1,38.7,27.6,7.62,0.13,Annamayya,AP
2023-06-09,0.6,38.7,27.4,8.23,0.141,Annamayya,AP
2023-06-10,0.4,39.1,26.8,7.99,0.15,Annamayya,AP
2023-06-11,0.8,37.8,26.8,7.72,0.154,Annamayya,AP
2023-06-12,0.1,38.2,26.9,7.45,0.149,Annamayya,AP
2023-06-13,0.5,38.4,26.9,8.06,0.141,Annamayya,AP
2023-06-14,0.0,38.7,27.0,8.28,0.146,Annamayya,AP
2023-06-15,0.0,38.7,27.1,8.6,0.14,Annamayya,AP
2023-06-16,0.0,39.0,27.7,8.53,0.134,Annamayya,AP
2023-06-17,0.0,38.4,27.4,7.95,0.133,Annamayya,AP
2023-06-18,0.1,37.0,28.0,7.06,0.137,Annamayya,AP
2023-06-19,4.1,35.2,27.5,5.35,0.14,Annamayya,AP
2023-06-20,15.4,35.3,25.2,5.74,0.165,Annamayya,AP
2023-06-21,9.9,36.3,26.3,5.5,0.185,Annamayya,AP
2023-06-22,1.9,34.7,25.3,4.85,0.191,Annamayya,AP
2023-06-23,0.1,35.2,25.1,5.43,0.202,Annamayya,AP
2023-06-24,1.3,33.5,26.0,4.77,0.193,Annamayya,AP
2023-06-25,9.0,34.9,24.5,6.33,0.204,Annamayya,AP
2023-06-26,0.3,34.5,25.3,6.13,0.264,Annamayya,AP
2023-06-27,0.0,35.0,25.5,6.62,0.227,Annamayya,AP
2023-06-28,0.8,35.3,25.7,6.87,0.195,Annamayya,AP
2023-06-29,0.3,35.0,25.6,7.21,0.197,Annamayya,AP
2023-06-30,0.0,35.8,25.3,7.65,0.185,Annamayya,AP
2023-07-01,0.2,35.6,26.0,7.26,0.168,Annamayya,AP
2023-07-02,2.6,35.2,25.4,6.03,0.164,Annamayya,AP
2023-07-03,0.4,34.5,25.2,6.02,0.207,Annamayya,AP
2023-07-04,12.1,33.7,24.7,4.43,0.211,Annamayya,AP
2023-07-05,1.1,31.2,24.0,4.2,0.263,Annamayya,AP
2023-07-06,2.5,30.3,23.8,4.29,0.237,Annamayya,AP
2023-07-07,0.7,34.7,25.4,6.34,0.206,Annamayya,AP
2023-07-08,1.1,34.5,25.9,6.03,0.197,Annamayya,AP
2023-07-09,1.3,34.5,25.4,5.82,0.198,Annamayya,AP
2023-07-10,5.2,31.3,25.4,3.19,0.201,Annamayya,AP
2023-07-11,2.2,32.0,24.4,4.32,0.279,Annamayya,AP
2023-07-12,5.4,33.7,22.7,5.49,0.257,Annamayya,AP
2023-07-13,0.5,33.8,22.9,5.21,0.279,Annamayya,AP
2023-07-14,1.4,33.8,24.9,6.55,0.244,Annamayya,AP
2023-07-15,0.6,34.6,25.1,6.89,0.214,Annamayya,AP
2023-07-16,0.0,33.6,25.5,6.05,0.195,Annamayya,AP
2023-07-17,0.6,34.8,25.7,6.75,0.182,Annamayya,AP
2023-07-18,0.5,33.5,24.7,6.91,0.179,Annamayya,AP
2023-07-19,2.9,31.4,24.7,4.95,0.185,Annamayya,AP
2023-07-20,1.3,32.1,25.3,5.68,0.193,Annamayya,AP
2023-07-21,7.6,32.1,24.8,5.72,0.206,Annamayya,AP
2023-07-22,2.4,30.7,24.4,4.68,0.213,Annamayya,AP
2023-07-23,8.9,31.8,24.0,4.49,0.257,Annamayya,AP
2023-07-24,6.8,29.6,23.5,3.17,0.296,Annamayya,AP
2023-07-25,26.4,24.3,23.2,1.69,0.377,Annamayya,AP
2023-07-26,11.7,28.8,22.9,3.11,0.376,Annamayya,AP
2023-07-27,3.1,31.1,23.2,5.48,0.361,Annamayya,AP
2023-07-28,0.4,32.8,24.2,7.01,0.315,Annamayya,AP
2023-07-29,0.5,32.9,24.2,6.9,0.285,Annamayya,AP
2023-07-30,0.1,32.9,24.7,6.08,0.261,Annamayya,AP
2023-07-31,0.9,33.9,24.8,6.8,0.234,Annamayya,AP
2023-08-01,0.5,33.0,25.2,6.99,0.212,Annamayya,AP
2023-08-02,0.0,33.8,24.5,7.1,0.193,Annamayya,AP
2023-08-03,0.2,33.8,25.0,7.57,0.18,Annamayya,AP
2023-08-04,0.5,34.5,24.3,7.01,0.169,Annamayya,AP
2023-08-05,0.2,34.7,25.0,6.89,0.157,Annamayya,AP
2023-08-06,0.3,35.0,25.4,7.25,0.15,Annamayya,AP
2023-08-07,0.0,35.9,25.4,7.28,0.143,Annamayya,AP
2023-08-08,0.4,35.2,25.7,6.84,0.139,Annamayya,AP
2023-08-09,0.4,35.6,25.6,6.95,0.139,Annamayya,AP
2023-08-10,12.0,34.7,23.8,5.32,0.154,Annamayya,AP
2023-08-11,0.4,34.8,24.1,5.63,0.171,Annamayya,AP
2023-08-12,0.9,35.8,26.0,6.63,0.147,Annamayya,AP
2023-08-13,0.4,35.0,25.9,6.52,0.147,Annamayya,AP
2023-08-14,0.4,35.5,25.0,6.28,0.146,Annamayya,AP
2023-08-15,0.4,35.7,25.3,6.63,0.144,Annamayya,AP
2023-08-16,1.3,35.6,25.4,6.56,0.155,Annamayya,AP
2023-08-17,0.4,35.3,25.8,7.4,0.154,Annamayya,AP
2023-08-18,0.0,34.7,26.2,6.88,0.149,Annamayya,AP
2023-08-19,0.9,35.0,25.8,6.6,0.144,Annamayya,AP
2023-08-20,0.0,36.3,24.9,7.27,0.144,Annamayya,AP
2023-08-21,0.0,36.5,26.1,7.04,0.14,Annamayya,AP
2023-08-22,0.1,37.2,27.0,6.61,0.134,Annamayya,AP
2023-08-23,0.0,36.8,26.7,6.37,0.13,Annamayya,AP
2023-08-24,0.0,37.4,26.5,7.52,0.13,Annamayya,AP
2023-08-25,0.0,37.6,26.6,6.94,0.131,Annamayya,AP
2023-08-26,5.5,36.3,24.7,5.24,0.139,Annamayya,AP
2023-08-27,2.7,35.9,24.4,6.66,0.185,Annamayya,AP
2023-08-28,0.0,36.3,26.2,7.45,0.167,Annamayya,AP
2023-08-29,0.0,36.5,26.3,7.3,0.148,Annamayya,AP
2023-08-30,9.7,35.4,24.8,5.74,0.148,Annamayya,AP
2023-08-31,1.5,35.1,23.8,5.62,0.255,Annamayya,AP
2023-09-01,0.8,36.0,24.3,6.22,0.248,Annamayya,AP
2023-09-02,18.7,36.8,24.1,5.98,0.254,Annamayya,AP
2023-09-03,7.2,32.1,24.1,4.5,0.348,Annamayya,AP
2023-09-04,11.2,28.9,23.4,3.26,0.317,Annamayya,AP
2023-09-05,0.0,29.3,23.2,3.47,0.336,Annamayya,AP
2023-09-06,0.0,32.0,24.8,5.54,0.302,Annamayya,AP
2023-09-07,0.0,33.4,25.1,6.47,0.264,Annamayya,AP
2023-09-08,0.0,33.5,25.0,6.5,0.243,Annamayya,AP
2023-09-09,0.5,35.0,25.4,6.83,0.219,Annamayya,AP
2023-09-10,0.9,33.4,25.6,5.92,0.196,Annamayya,AP
2023-09-11,0.0,32.7,25.7,5.44,0.217,Annamayya,AP
2023-09-12,2.5,31.5,25.6,4.79,0.266,Annamayya,AP
2023-09-13,0.4,34.2,25.7,6.82,0.242,Annamayya,AP
2023-09-14,0.2,34.4,24.9,6.86,0.219,Annamayya,AP
2023-09-15,5.7,34.6,24.8,5.5,0.243,Annamayya,AP
2023-09-16,2.6,35.7,24.8,5.69,0.273,Annamayya,AP
2023-09-17,3.7,33.7,24.7,5.21,0.314,Annamayya,AP
2023-09-18,0.3,34.3,24.5,6.22,0.264,Annamayya,AP
2023-09-19,0.0,34.6,24.6,6.16,0.23,Annamayya,AP
2023-09-20,0.0,34.5,25.0,5.78,0.214,Annamayya,AP
2023-09-21,1.0,33.5,24.9,4.94,0.228,Annamayya,AP
2023-09-22,7.4,32.6,24.2,4.26,0.282,Annamayya,AP
2023-09-23,12.1,33.6,23.5,5.1,0.347,Annamayya,AP
2023-09-24,18.1,32.2,22.9,4.88,0.393,Annamayya,AP
2023-09-25,3.8,31.7,23.1,5.15,0.39,Annamayya,AP
2023-09-26,9.6,32.2,23.8,5.15,0.371,Annamayya,AP
2023-09-27,1.5,32.0,23.4,4.79,0.373,Annamayya,AP
2023-09-28,6.5,31.7,23.8,4.83,0.367,Annamayya,AP
2023-09-29,5.6,32.4,23.5,4.58,0.367,Annamayya,AP
2023-09-30,2.5,33.0,23.5,4.68,0.373,Annamayya,AP
2023-10-01,0.0,32.5,24.3,4.78,0.36,Annamayya,AP
2023-10-02,0.3,32.5,24.5,5.6,0.325,Annamayya,AP
2023-10-03,0.0,32.4,24.4,5.73,0.295,Annamayya,AP
2023-10-04,0.3,32.5,24.2,5.25,0.269,Annamayya,AP
2023-10-05,0.4,33.2,23.9,5.31,0.246,Annamayya,AP
2023-10-06,0.0,34.3,23.8,5.77,0.224,Annamayya,AP
2023-10-07,0.0,34.2,23.0,5.2,0.208,Annamayya,AP
2023-10-08,0.3,33.8,23.7,5.24,0.192,Annamayya,AP
2023-10-09,1.5,33.4,24.3,5.12,0.297,Annamayya,AP
2023-10-10,1.2,32.9,23.6,4.82,0.287,Annamayya,AP
2023-10-11,0.6,33.7,23.9,5.22,0.257,Annamayya,AP
2023-10-12,0.0,33.3,23.0,5.74,0.233,Annamayya,AP
2023-10-13,0.0,33.7,20.0,5.95,0.211,Annamayya,AP
2023-10-14,1.2,33.4,21.2,4.73,0.191,Annamayya,AP
2023-10-15,0.8,33.9,22.4,5.35,0.176,Annamayya,AP
2023-10-16,0.7,33.5,23.2,5.04,0.174,Annamayya,AP
2023-10-17,0.0,33.7,22.7,5.57,0.17,Annamayya,AP
2023-10-18,0.5,32.8,21.8,5.24,0.161,Annamayya,AP
2023-10-19,0.5,33.4,20.6,5.53,0.153,Annamayya,AP
2023-10-20,0.5,33.7,22.0,5.4,0.146,Annamayya,AP
2023-10-21,0.4,33.9,22.4,5.72,0.144,Annamayya,AP
2023-10-22,0.0,35.5,22.2,5.97,0.141,Annamayya,AP
2023-10-23,0.0,34.8,22.3,6.48,0.139,Annamayya,AP
2023-10-24,0.0,34.4,19.6,5.51,0.14,Annamayya,AP
2023-10-25,0.0,34.5,19.9,5.77,0.137,Annamayya,AP
2023-10-26,0.0,34.0,19.6,5.53,0.136,Annamayya,AP
2023-10-27,0.0,33.8,20.7,5.12,0.136,Annamayya,AP
2023-10-28,0.7,33.8,22.6,5.11,0.137,Annamayya,AP
2023-10-29,4.1,32.6,22.4,4.8,0.158,Annamayya,AP
2023-10-30,0.9,31.0,22.2,4.08,0.149,Annamayya,AP
2023-10-31,3.0,30.7,22.0,3.95,0.199,Annamayya,AP
2023-11-01,1.6,32.2,21.1,4.9,0.271,Annamayya,AP
2023-11-02,0.8,32.0,22.3,4.52,0.24,Annamayya,AP
2023-11-03,1.8,31.6,23.4,4.35,0.226,Annamayya,AP
2023-11-04,7.5,30.1,22.8,3.33,0.235,Annamayya,AP
2023-11-05,7.7,31.2,22.2,3.2,0.284,Annamayya,AP
2023-11-06,8.6,30.1,21.2,3.2,0.311,Annamayya,AP
2023-11-07,5.2,29.8,22.4,3.37,0.316,Annamayya,AP
2023-11-08,4.2,30.2,21.5,3.5,0.311,Annamayya,AP
2023-11-09,1.0,30.2,21.7,4.02,0.303,Annamayya,AP
2023-11-10,0.0,31.0,21.5,4.9,0.269,Annamayya,AP
2023-11-11,0.0,30.4,20.7,4.66,0.24,Annamayya,AP
2023-11-12,0.0,30.4,18.9,4.67,0.215,Annamayya,AP
2023-11-13,0.0,30.9,21.2,4.62,0.203,Annamayya,AP
2023-11-14,0.8,27.6,20.9,2.21,0.2,Annamayya,AP
2023-11-15,0.7,27.7,21.3,2.89,0.216,Annamayya,AP
2023-11-16,0.0,32.9,20.3,4.62,0.2,Annamayya,AP
2023-11-17,0.0,32.3,20.7,4.64,0.185,Annamayya,AP
2023-11-18,0.0,32.6,20.7,4.81,0.18,Annamayya,AP
2023-11-19,0.1,31.6,20.1,4.68,0.168,Annamayya,AP
2023-11-20,2.0,29.2,20.6,3.16,0.169,Annamayya,AP
2023-11-21,7.0,28.7,22.2,2.35,0.191,Annamayya,AP
2023-11-22,4.6,29.0,22.0,2.85,0.252,Annamayya,AP
2023-11-23,0.9,29.2,22.5,2.91,0.298,Annamayya,AP
2023-11-24,4.3,30.2,21.6,3.11,0.291,Annamayya,AP
2023-11-25,2.5,28.7,21.5,3.23,0.327,Annamayya,AP
2023-11-26,0.2,30.1,21.1,4.43,0.292,Annamayya,AP
2023-11-27,12.5,29.4,21.4,2.94,0.314,Annamayya,AP
2023-11-28,5.2,29.3,22.1,3.63,0.324,Annamayya,AP
2023-11-29,6.1,28.3,20.8,3.38,0.303,Annamayya,AP
2023-11-30,4.1,28.5,20.6,3.18,0.291,Annamayya,AP
2023-12-01,2.7,28.3,21.0,2.7,0.276,Annamayya,AP
2023-12-02,5.4,26.9,20.3,2.55,0.277,Annamayya,AP
2023-12-03,15.2,26.8,22.0,1.93,0.333,Annamayya,AP
2023-12-04,22.4,24.6,22.1,1.57,0.381,Annamayya,AP
2023-12-05,18.3,27.2,21.6,2.12,0.408,Annamayya,AP
2023-12-06,0.0,30.3,19.3,3.93,0.363,Annamayya,AP
2023-12-07,1.0,29.3,20.8,3.5,0.338,Annamayya,AP
2023-12-08,5.3,28.8,21.6,3.07,0.349,Annamayya,AP
2023-12-09,0.3,28.2,21.6,3.06,0.343,Annamayya,AP
2023-12-10,0.8,28.0,20.4,3.16,0.318,Annamayya,AP
2023-12-11,0.3,28.1,19.8,3.33,0.304,Annamayya,AP
2023-12-12,0.0,28.2,17.5,3.93,0.289,Annamayya,AP
2023-12-13,0.0,27.8,17.5,3.97,0.276,Annamayya,AP
2023-12-14,0.1,26.7,18.8,3.26,0.262,Annamayya,AP
2023-12-15,1.4,26.0,18.1,2.24,0.266,Annamayya,AP
2023-12-16,1.8,26.2,21.1,1.73,0.288,Annamayya,AP
2023-12-17,1.1,27.0,21.0,2.81,0.295,Annamayya,AP
2023-12-18,1.6,26.8,20.5,3.07,0.292,Annamayya,AP
2023-12-19,0.1,27.4,19.3,3.3,0.286,Annamayya,AP
2023-12-20,0.3,27.4,18.1,3.14,0.278,Annamayya,AP
2023-12-21,0.0,28.2,17.7,3.78,0.266,Annamayya,AP
2023-12-22,0.0,27.8,18.4,3.65,0.252,Annamayya,AP
2023-12-23,0.0,27.0,16.7,4.0,0.238,Annamayya,AP
2023-12-24,0.0,28.0,16.8,3.03,0.226,Annamayya,AP
2023-12-25,0.0,28.4,18.7,3.9,0.219,Annamayya,AP
2023-12-26,0.0,27.2,16.0,3.89,0.21,Annamayya,AP
2023-12-27,0.0,28.0,15.7,3.97,0.201,Annamayya,AP
2023-12-28,0.0,28.5,18.7,4.01,0.192,Annamayya,AP
2023-12-29,0.1,28.6,17.4,3.23,0.185,Annamayya,AP
2023-12-30,0.0,29.0,19.0,3.98,0.185,Annamayya,AP
2023-12-31,0.0,28.2,16.9,4.06,0.182,Annamayya,AP
2024-01-01,0.0,28.5,16.6,4.21,0.178,Annamayya,AP
2024-01-02,0.0,27.8,17.2,3.93,0.173,Annamayya,AP
2024-01-03,0.2,28.8,17.5,3.79,0.171,Annamayya,AP
2024-01-04,1.5,29.1,20.4,3.39,0.182,Annamayya,AP
2024-01-05,0.4,29.6,19.9,4.23,0.189,Annamayya,AP
2024-01-06,1.0,29.4,20.6,3.49,0.185,Annamayya,AP
2024-01-07,0.3,27.6,19.4,3.12,0.183,Annamayya,AP
2024-01-08,5.8,24.1,20.8,1.15,0.203,Annamayya,AP
2024-01-09,0.7,29.1,19.5,3.74,0.234,Annamayya,AP
2024-01-10,0.0,29.1,18.9,4.11,0.224,Annamayya,AP
2024-01-11,0.0,29.4,18.6,4.41,0.212,Annamayya,AP
2024-01-12,0.0,29.8,17.3,4.57,0.198,Annamayya,AP
2024-01-13,0.0,31.2,18.4,4.5,0.187,Annamayya,AP
2024-01-14,0.0,30.9,18.4,4.7,0.18,Annamayya,AP
2024-01-15,0.0,30.6,18.2,4.81,0.173,Annamayya,AP
2024-01-16,0.0,30.7,18.6,4.84,0.167,Annamayya,AP
2024-01-17,0.0,30.7,18.7,5.05,0.158,Annamayya,AP
2024-01-18,0.0,30.4,18.2,4.16,0.151,Annamayya,AP
2024-01-19,0.0,31.9,19.0,5.05,0.147,Annamayya,AP
2024-01-20,0.0,31.4,19.1,5.07,0.145,Annamayya,AP
2024-01-21,0.0,32.5,18.8,5.1,0.143,Annamayya,AP
2024-01-22,0.0,32.4,19.4,5.26,0.141,Annamayya,AP
2024-01-23,0.0,31.9,19.8,5.18,0.138,Annamayya,AP
2024-01-24,0.0,32.9,20.6,5.14,0.139,Annamayya,AP
2024-01-25,0.0,32.9,19.8,5.23,0.139,Annamayya,AP
2024-01-26,0.0,31.1,19.1,4.99,0.138,Annamayya,AP
2024-01-27,0.0,30.8,18.1,4.64,0.138,Annamayya,AP
2024-01-28,0.0,30.5,17.7,4.42,0.138,Annamayya,AP
2024-01-29,0.0,29.9,17.4,4.84,0.139,Annamayya,AP
2024-01-30,0.0,30.9,14.6,4.91,0.138,Annamayya,AP
2024-01-31,0.0,32.4,18.6,5.03,0.136,Annamayya,AP
2024-02-01,0.1,33.5,20.6,4.73,0.136,Annamayya,AP
2024-02-02,0.0,34.5,21.6,4.87,0.139,Annamayya,AP
2024-02-03,0.0,33.4,21.4,5.34,0.143,Annamayya,AP
2024-02-04,0.0,32.7,19.8,5.49,0.145,Annamayya,AP
2024-02-05,0.0,33.1,18.1,5.52,0.142,Annamayya,AP
2024-02-06,0.0,34.0,17.7,5.67,0.136,Annamayya,AP
2024-02-07,0.0,35.0,18.0,5.99,0.132,Annamayya,AP
2024-02-08,0.0,35.7,18.3,6.37,0.129,Annamayya,AP
2024-02-09,0.0,34.8,19.6,6.13,0.127,Annamayya,AP
2024-02-10,0.0,33.5,19.9,5.75,0.128,Annamayya,AP
2024-02-11,0.0,32.4,19.7,5.57,0.13,Annamayya,AP
2024-02-12,0.0,32.3,16.9,5.55,0.135,Annamayya,AP
2024-02-13,0.0,32.3,18.7,5.31,0.134,Annamayya,AP
2024-02-14,0.5,32.2,19.8,5.14,0.134,Annamayya,AP
2024-02-15,0.0,33.2,17.2,6.19,0.132,Annamayya,AP
2024-02-16,0.0,32.4,17.4,5.84,0.128,Annamayya,AP
2024-02-17,0.0,33.6,17.2,6.0,0.122,Annamayya,AP
2024-02-18,0.0,35.3,18.4,6.73,0.128,Annamayya,AP
2024-02-19,0.0,34.2,19.4,6.17,0.132,Annamayya,AP
2024-02-20,0.0,34.6,21.0,6.3,0.134,Annamayya,AP
2024-02-21,0.0,37.0,21.7,6.04,0.138,Annamayya,AP
2024-02-22,0.0,36.5,22.9,6.44,0.141,Annamayya,AP
2024-02-23,0.0,36.3,22.3,6.05,0.139,Annamayya,AP
2024-02-24,0.7,34.4,23.5,5.63,0.135,Annamayya,AP
2024-02-25,0.0,34.4,22.4,6.21,0.147,Annamayya,AP
2024-02-26,0.0,33.9,20.8,6.14,0.142,Annamayya,AP
2024-02-27,0.0,33.8,19.8,6.01,0.14,Annamayya,AP
2024-02-28,0.0,34.6,18.9,6.65,0.138,Annamayya,AP
2024-02-29,0.0,35.7,17.4,6.95,0.135,Annamayya,AP
2024-03-01,0.0,35.9,20.1,6.98,0.131,Annamayya,AP
2024-03-02,0.0,35.8,19.5,7.19,0.132,Annamayya,AP
2024-03-03,0.0,36.0,21.1,6.73,0.134,Annamayya,AP
2024-03-04,0.0,36.7,21.1,6.68,0.135,Annamayya,AP
2024-03-05,0.0,37.3,21.2,6.86,0.131,Annamayya,AP
2024-03-06,0.0,37.1,21.0,6.88,0.121,Annamayya,AP
2024-03-07,0.0,38.0,21.6,7.16,0.125,Annamayya,AP
2024-03-08,0.0,38.1,22.6,6.31,0.131,Annamayya,AP
2024-03-09,0.0,38.3,24.0,6.45,0.126,Annamayya,AP
2024-03-10,0.0,37.1,24.9,7.0,0.125,Annamayya,AP
2024-03-11,0.0,37.3,22.8,6.84,0.12,Annamayya,AP
2024-03-12,0.0,38.1,23.6,7.07,0.126,Annamayya,AP
2024-03-13,0.0,39.0,25.0,6.9,0.12,Annamayya,AP
2024-03-14,0.0,40.0,24.7,6.89,0.122,Annamayya,AP
2024-03-15,0.0,38.5,23.1,6.95,0.122,Annamayya,AP
2024-03-16,0.0,37.7,23.6,7.03,0.121,Annamayya,AP
2024-03-17,0.0,36.3,24.3,7.13,0.122,Annamayya,AP
2024-03-18,0.0,37.4,22.0,7.78,0.117,Annamayya,AP
2024-03-19,0.0,37.0,22.9,7.48,0.121,Annamayya,AP
2024-03-20,0.0,37.0,22.4,6.79,0.118,Annamayya,AP
2024-03-21,0.4,34.5,23.1,6.03,0.125,Annamayya,AP
2024-03-22,0.0,36.6,22.2,7.1,0.13,Annamayya,AP
2024-03-23,0.0,38.0,21.9,7.57,0.127,Annamayya,AP
2024-03-24,0.0,39.0,22.1,8.32,0.123,Annamayya,AP
2024-03-25,0.0,38.6,22.4,7.43,0.12,Annamayya,AP
2024-03-26,0.0,39.1,22.9,8.06,0.121,Annamayya,AP
2024-03-27,0.0,38.0,20.7,7.86,0.12,Annamayya,AP
2024-03-28,0.0,39.4,21.5,7.42,0.119,Annamayya,AP
2024-03-29,0.0,40.0,24.0,8.44,0.117,Annamayya,AP
2024-03-30,0.0,40.4,24.0,8.32,0.117,Annamayya,AP
2024-03-31,0.0,38.3,23.0,7.79,0.117,Annamayya,AP
2024-04-01,0.0,38.5,23.0,7.04,0.123,Annamayya,AP
2024-04-02,0.0,40.9,23.5,7.64,0.112,Annamayya,AP
2024-04-03,0.0,40.0,24.0,7.92,0.118,Annamayya,AP
2024-04-04,0.0,40.4,24.7,8.49,0.119,Annamayya,AP
2024-04-05,0.0,41.7,22.9,8.79,0.119,Annamayya,AP
2024-04-06,0.0,41.4,23.3,8.95,0.115,Annamayya,AP
2024-04-07,0.0,41.2,26.5,9.58,0.121,Annamayya,AP
2024-04-08,0.0,39.4,24.6,8.8,0.125,Annamayya,AP
2024-04-09,0.0,38.8,23.1,7.85,0.12,Annamayya,AP
2024-04-10,0.0,38.5,22.9,7.44,0.118,Annamayya,AP
2024-04-11,0.0,38.3,23.0,7.62,0.124,Annamayya,AP
2024-04-12,0.0,38.4,24.8,7.73,0.122,Annamayya,AP
2024-04-13,0.0,37.7,23.6,7.57,0.117,Annamayya,AP
2024-04-14,0.0,38.4,22.8,7.98,0.114,Annamayya,AP
2024-04-15,0.0,39.7,23.2,8.38,0.118,Annamayya,AP
2024-04-16,0.0,41.2,23.7,8.16,0.116,Annamayya,AP
2024-04-17,0.0,41.3,26.0,8.36,0.12,Annamayya,AP
2024-04-18,0.0,41.3,27.0,7.75,0.12,Annamayya,AP
2024-04-19,0.0,41.3,27.5,7.84,0.119,Annamayya,AP
2024-04-20,0.0,39.4,28.1,6.65,0.121,Annamayya,AP
2024-04-21,0.0,41.8,28.5,7.68,0.124,Annamayya,AP
2024-04-22,0.0,41.0,25.3,7.77,0.123,Annamayya,AP
2024-04-23,0.0,41.1,25.8,8.98,0.115,Annamayya,AP
2024-04-24,0.0,40.7,24.8,8.73,0.105,Annamayya,AP
2024-04-25,0.0,41.9,25.7,8.13,0.11,Annamayya,AP
2024-04-26,0.0,41.8,25.0,8.46,0.112,Annamayya,AP
2024-04-27,0.0,42.2,24.3,8.6,0.113,Annamayya,AP
2024-04-28,0.0,43.2,25.8,8.97,0.113,Annamayya,AP
2024-04-29,0.0,41.4,26.3,8.05,0.113,Annamayya,AP
2024-04-30,0.0,41.7,25.7,8.0,0.109,Annamayya,AP
2024-05-01,0.0,42.9,27.7,7.73,0.113,Annamayya,AP
2024-05-02,0.0,43.5,28.8,8.48,0.112,Annamayya,AP
2024-05-03,0.0,43.4,28.7,8.05,0.112,Annamayya,AP
2024-05-04,0.0,43.3,29.2,8.03,0.112,Annamayya,AP
2024-05-05,0.0,43.5,28.1,7.63,0.112,Annamayya,AP
2024-05-06,0.3,42.8,30.1,7.33,0.113,Annamayya,AP
2024-05-07,6.1,40.0,27.8,6.33,0.123,Annamayya,AP
2024-05-08,3.2,38.3,24.7,5.97,0.139,Annamayya,AP
2024-05-09,0.1,38.3,26.1,6.22,0.129,Annamayya,AP
2024-05-10,1.0,36.1,27.2,6.24,0.147,Annamayya,AP
2024-05-11,0.1,39.1,26.5,6.83,0.146,Annamayya,AP
2024-05-12,4.6,37.3,25.0,6.44,0.145,Annamayya,AP
2024-05-13,1.2,37.7,24.8,5.96,0.159,Annamayya,AP
2024-05-14,3.3,36.2,26.1,5.1,0.152,Annamayya,AP
2024-05-15,5.8,37.1,26.1,6.0,0.155,Annamayya,AP
2024-05-16,4.2,35.2,25.1,4.25,0.184,Annamayya,AP
2024-05-17,1.6,32.1,24.7,4.13,0.247,Annamayya,AP
2024-05-18,19.0,31.0,24.8,3.58,0.281,Annamayya,AP
2024-05-19,13.4,34.6,23.8,4.94,0.27,Annamayya,AP
2024-05-20,11.1,32.2,24.9,3.89,0.306,Annamayya,AP
2024-05-21,6.6,33.5,24.1,4.08,0.273,Annamayya,AP
2024-05-22,2.6,32.2,25.3,3.89,0.218,Annamayya,AP
2024-05-23,0.4,37.2,24.8,6.53,0.178,Annamayya,AP
2024-05-24,1.0,39.0,26.1,6.3,0.156,Annamayya,AP
2024-05-25,0.0,37.0,27.3,7.28,0.149,Annamayya,AP
2024-05-26,0.0,37.0,27.4,8.36,0.147,Annamayya,AP
2024-05-27,0.0,38.0,26.7,8.62,0.144,Annamayya,AP
2024-05-28,0.0,38.4,27.0,8.7,0.142,Annamayya,AP
2024-05-29,0.0,38.8,26.8,8.44,0.139,Annamayya,AP
2024-05-30,0.0,39.3,27.8,8.32,0.135,Annamayya,AP
2024-05-31,0.0,39.3,28.1,7.64,0.129,Annamayya,AP
2024-06-01,13.8,37.8,26.5,6.44,0.149,Annamayya,AP
2024-06-02,4.6,35.9,25.8,5.76,0.202,Annamayya,AP
2024-06-03,8.7,32.4,25.0,2.65,0.183,Annamayya,AP
2024-06-04,11.2,33.7,26.6,4.36,0.196,Annamayya,AP
2024-06-05,13.4,33.0,24.7,4.67,0.327,Annamayya,AP
2024-06-06,12.8,32.4,24.3,4.38,0.338,Annamayya,AP
2024-06-07,17.9,32.5,24.7,3.51,0.333,Annamayya,AP
2024-06-08,1.2,33.5,24.1,5.0,0.343,Annamayya,AP
2024-06-09,0.2,31.8,25.4,4.92,0.323,Annamayya,AP
2024-06-10,0.5,33.1,25.6,6.6,0.311,Annamayya,AP
2024-06-11,1.1,32.7,26.1,6.17,0.28,Annamayya,AP
2024-06-12,1.9,29.7,25.7,3.15,0.305,Annamayya,AP
2024-06-13,1.6,32.2,24.7,5.25,0.298,Annamayya,AP
2024-06-14,0.2,32.1,25.3,5.67,0.291,Annamayya,AP
2024-06-15,0.3,33.6,25.3,6.1,0.263,Annamayya,AP
2024-06-16,0.0,33.9,24.8,6.35,0.237,Annamayya,AP
2024-06-17,0.3,34.5,25.5,5.76,0.293,Annamayya,AP
2024-06-18,3.8,33.8,25.1,5.82,0.32,Annamayya,AP
2024-06-19,7.0,33.4,25.0,5.81,0.33,Annamayya,AP
2024-06-20,0.1,33.4,25.1,6.41,0.312,Annamayya,AP
2024-06-21,0.2,33.7,25.4,6.57,0.268,Annamayya,AP
2024-06-22,0.0,33.6,25.7,6.03,0.243,Annamayya,AP
2024-06-23,0.8,34.3,24.9,6.26,0.225,Annamayya,AP
2024-06-24,1.2,35.0,25.1,6.33,0.214,Annamayya,AP
2024-06-25,7.1,33.6,25.6,5.28,0.209,Annamayya,AP
2024-06-26,13.6,35.0,26.3,5.55,0.232,Annamayya,AP
2024-06-27,0.0,31.9,26.3,5.23,0.224,Annamayya,AP
2024-06-28,0.1,35.1,26.1,6.37,0.208,Annamayya,AP
2024-06-29,0.2,35.4,25.7,5.95,0.193,Annamayya,AP
2024-06-30,0.5,34.3,26.0,4.74,0.203,Annamayya,AP
2024-07-01,4.0,34.2,25.5,5.38,0.312,Annamayya,AP
2024-07-02,0.0,34.3,25.1,5.8,0.32,Annamayya,AP
2024-07-03,7.3,33.5,25.3,5.46,0.302,Annamayya,AP
2024-07-04,0.3,30.4,25.3,3.5,0.301,Annamayya,AP
2024-07-05,1.4,33.5,24.8,5.86,0.272,Annamayya,AP
2024-07-06,3.8,31.5,24.0,3.45,0.326,Annamayya,AP
2024-07-07,1.8,33.4,23.9,5.7,0.309,Annamayya,AP
2024-07-08,0.6,31.9,24.6,4.67,0.293,Annamayya,AP
2024-07-09,0.2,29.5,24.8,3.87,0.316,Annamayya,AP
2024-07-10,0.5,33.9,23.5,5.85,0.298,Annamayya,AP
2024-07-11,0.0,33.4,24.7,5.09,0.315,Annamayya,AP
2024-07-12,1.4,33.4,25.2,5.58,0.295,Annamayya,AP
2024-07-13,0.4,31.7,24.3,4.85,0.337,Annamayya,AP
2024-07-14,9.5,27.0,23.6,2.36,0.369,Annamayya,AP
2024-07-15,5.2,29.3,23.8,3.06,0.369,Annamayya,AP
2024-07-16,2.0,30.5,24.3,4.62,0.367,Annamayya,AP
2024-07-17,2.4,31.3,23.8,4.93,0.345,Annamayya,AP
2024-07-18,1.8,31.2,25.7,5.41,0.319,Annamayya,AP
2024-07-19,6.8,28.9,23.7,3.93,0.331,Annamayya,AP
2024-07-20,5.5,28.9,23.2,3.47,0.341,Annamayya,AP
2024-07-21,1.1,31.9,24.9,5.09,0.305,Annamayya,AP
2024-07-22,0.3,31.8,25.3,5.54,0.285,Annamayya,AP
2024-07-23,0.4,32.8,26.0,6.5,0.266,Annamayya,AP
2024-07-24,0.0,32.7,25.6,6.34,0.248,Annamayya,AP
2024-07-25,0.4,33.0,26.2,6.83,0.237,Annamayya,AP
2024-07-26,0.5,32.4,26.0,5.73,0.231,Annamayya,AP
2024-07-27,0.1,30.8,25.7,5.96,0.225,Annamayya,AP
2024-07-28,0.2,33.3,25.5,7.36,0.214,Annamayya,AP
2024-07-29,0.4,35.2,25.4,6.44,0.202,Annamayya,AP
2024-07-30,0.3,32.3,25.8,4.95,0.183,Annamayya,AP
2024-07-31,1.0,33.4,25.4,5.53,0.169,Annamayya,AP
2024-08-01,0.2,34.1,25.8,5.68,0.158,Annamayya,AP
2024-08-02,0.4,33.0,25.7,5.15,0.179,Annamayya,AP
2024-08-03,3.6,33.8,23.7,5.63,0.206,Annamayya,AP
2024-08-04,0.5,34.7,24.5,6.55,0.261,Annamayya,AP
2024-08-05,0.3,33.5,24.5,5.19,0.239,Annamayya,AP
2024-08-06,11.4,32.4,24.0,4.93,0.333,Annamayya,AP
2024-08-07,2.8,30.0,23.7,3.9,0.341,Annamayya,AP
2024-08-08,1.8,31.8,23.9,5.31,0.307,Annamayya,AP
2024-08-09,27.9,31.3,23.0,4.76,0.381,Annamayya,AP
2024-08-10,1.2,29.7,24.5,3.13,0.37,Annamayya,AP
2024-08-11,0.2,31.8,24.3,5.25,0.344,Annamayya,AP
2024-08-12,0.5,32.1,24.6,4.74,0.313,Annamayya,AP
2024-08-13,8.2,32.2,22.6,4.71,0.336,Annamayya,AP
2024-08-14,1.8,32.9,22.9,5.33,0.311,Annamayya,AP
2024-08-15,0.3,32.9,24.5,5.31,0.274,Annamayya,AP
2024-08-16,7.0,32.1,24.7,4.49,0.272,Annamayya,AP
2024-08-17,6.7,32.3,23.5,4.5,0.342,Annamayya,AP
2024-08-18,1.7,32.7,23.6,4.85,0.318,Annamayya,AP
2024-08-19,10.5,32.8,24.0,4.97,0.297,Annamayya,AP
2024-08-20,2.7,32.6,22.9,4.8,0.324,Annamayya,AP
2024-08-21,0.9,33.2,23.9,5.44,0.286,Annamayya,AP
2024-08-22,3.5,34.0,24.8,5.51,0.265,Annamayya,AP
2024-08-23,0.4,33.3,25.3,4.92,0.258,Annamayya,AP
2024-08-24,1.2,33.5,25.2,5.91,0.239,Annamayya,AP
2024-08-25,0.1,32.7,25.3,5.89,0.25,Annamayya,AP
2024-08-26,0.2,33.4,24.5,6.49,0.236,Annamayya,AP
2024-08-27,2.9,32.4,24.8,5.04,0.217,Annamayya,AP
2024-08-28,2.2,31.7,24.2,3.49,0.226,Annamayya,AP
2024-08-29,0.5,30.7,24.4,4.33,0.24,Annamayya,AP
2024-08-30,9.4,29.8,23.9,2.86,0.241,Annamayya,AP
2024-08-31,13.7,27.3,23.2,2.1,0.292,Annamayya,AP
2024-09-01,2.4,31.2,23.5,5.17,0.316,Annamayya,AP
2024-09-02,6.9,33.4,23.4,6.05,0.29,Annamayya,AP
2024-09-03,1.6,32.8,23.4,5.04,0.275,Annamayya,AP
2024-09-04,0.0,31.6,25.0,4.97,0.242,Annamayya,AP
2024-09-05,2.3,31.7,24.9,4.79,0.235,Annamayya,AP
2024-09-06,0.6,30.8,24.7,4.45,0.225,Annamayya,AP
2024-09-07,0.3,32.2,24.9,5.23,0.218,Annamayya,AP
2024-09-08,2.6,28.8,24.5,3.08,0.223,Annamayya,AP
2024-09-09,0.0,31.6,24.5,4.69,0.217,Annamayya,AP
2024-09-10,1.0,34.7,24.7,6.75,0.202,Annamayya,AP
2024-09-11,0.0,35.2,24.0,6.94,0.185,Annamayya,AP
2024-09-12,1.6,33.5,23.8,6.41,0.172,Annamayya,AP
2024-09-13,0.0,33.4,23.9,6.46,0.162,Annamayya,AP
2024-09-14,0.0,34.2,24.6,7.22,0.152,Annamayya,AP
2024-09-15,0.1,34.7,24.5,7.36,0.142,Annamayya,AP
2024-09-16,0.2,34.9,24.3,7.58,0.136,Annamayya,AP
2024-09-17,0.2,34.5,25.1,7.27,0.134,Annamayya,AP
2024-09-18,0.9,33.2,24.4,6.1,0.133,Annamayya,AP
2024-09-19,0.0,36.0,24.7,6.55,0.131,Annamayya,AP
2024-09-20,1.1,35.6,24.6,6.78,0.129,Annamayya,AP
2024-09-21,1.7,33.9,24.4,4.71,0.149,Annamayya,AP
2024-09-22,8.0,34.0,23.2,4.91,0.152,Annamayya,AP
2024-09-23,2.9,35.2,23.8,5.34,0.173,Annamayya,AP
2024-09-24,23.4,33.3,23.3,4.01,0.215,Annamayya,AP
2024-09-25,1.5,32.5,23.7,4.55,0.33,Annamayya,AP
2024-09-26,0.0,33.5,24.3,5.42,0.273,Annamayya,AP
2024-09-27,0.7,33.1,24.8,4.39,0.256,Annamayya,AP
2024-09-28,3.6,32.3,23.3,4.33,0.317,Annamayya,AP
2024-09-29,0.6,31.8,22.7,4.89,0.296,Annamayya,AP
2024-09-30,0.9,33.4,23.0,5.43,0.254,Annamayya,AP
2024-10-01,0.0,33.7,23.0,5.67,0.218,Annamayya,AP
2024-10-02,0.2,35.9,23.6,5.49,0.191,Annamayya,AP
2024-10-03,7.5,33.2,23.9,4.79,0.296,Annamayya,AP
2024-10-04,1.4,31.9,24.8,4.83,0.292,Annamayya,AP
2024-10-05,0.1,32.2,23.4,5.31,0.305,Annamayya,AP
2024-10-06,0.0,32.8,23.1,5.0,0.286,Annamayya,AP
2024-10-07,4.5,31.9,22.6,4.45,0.269,Annamayya,AP
2024-10-08,2.4,32.8,22.8,4.83,0.25,Annamayya,AP
2024-10-09,3.4,32.5,22.7,4.26,0.242,Annamayya,AP
2024-10-10,1.4,31.2,23.0,4.26,0.24,Annamayya,AP
2024-10-11,1.6,31.7,22.9,4.45,0.256,Annamayya,AP
2024-10-12,6.7,31.7,22.3,3.73,0.26,Annamayya,AP
2024-10-13,0.5,32.1,22.5,4.9,0.249,Annamayya,AP
2024-10-14,26.5,26.7,22.8,1.62,0.335,Annamayya,AP
2024-10-15,18.5,26.7,22.7,1.93,0.392,Annamayya,AP
2024-10-16,49.3,25.0,22.2,1.04,0.423,Annamayya,AP
2024-10-17,16.5,29.3,22.2,3.64,0.405,Annamayya,AP
2024-10-18,15.8,29.6,22.3,3.14,0.41,Annamayya,AP
2024-10-19,5.7,28.8,22.0,2.43,0.397,Annamayya,AP
2024-10-20,11.1,28.5,22.5,2.96,0.401,Annamayya,AP
2024-10-21,15.2,29.9,22.4,3.73,0.387,Annamayya,AP
2024-10-22,0.4,30.0,20.9,4.08,0.363,Annamayya,AP
2024-10-23,2.7,30.6,21.3,4.26,0.329,Annamayya,AP
2024-10-24,3.2,29.5,22.2,3.29,0.324,Annamayya,AP
2024-10-25,0.0,30.0,19.6,4.64,0.292,Annamayya,AP
2024-10-26,0.0,30.5,19.3,5.09,0.267,Annamayya,AP
2024-10-27,0.4,30.4,22.6,4.58,0.247,Annamayya,AP
2024-10-28,0.0,32.0,19.4,4.76,0.226,Annamayya,AP
2024-10-29,0.1,31.7,20.4,4.71,0.209,Annamayya,AP
2024-10-30,0.2,32.1,21.4,4.5,0.191,Annamayya,AP
2024-10-31,0.0,31.8,21.9,4.79,0.168,Annamayya,AP
2024-11-01,0.2,31.8,21.4,4.68,0.157,Annamayya,AP
2024-11-02,2.1,31.6,21.2,4.32,0.155,Annamayya,AP
2024-11-03,0.8,31.5,20.7,4.24,0.16,Annamayya,AP
2024-11-04,0.7,31.4,21.2,4.65,0.157,Annamayya,AP
2024-11-05,0.0,31.7,20.2,4.82,0.155,Annamayya,AP
2024-11-06,0.0,31.0,19.9,4.14,0.154,Annamayya,AP
2024-11-07,2.5,30.9,21.6,4.2,0.161,Annamayya,AP
2024-11-08,0.1,31.1,20.4,4.64,0.163,Annamayya,AP
2024-11-09,0.5,30.9,21.2,4.53,0.16,Annamayya,AP
2024-11-10,0.5,31.3,20.6,4.56,0.157,Annamayya,AP
2024-11-11,0.0,31.5,20.4,4.53,0.154,Annamayya,AP
2024-11-12,11.3,27.7,22.6,2.41,0.206,Annamayya,AP
2024-11-13,8.8,27.3,22.0,2.65,0.332,Annamayya,AP
2024-11-14,10.2,28.4,21.9,2.96,0.339,Annamayya,AP
2024-11-15,4.5,27.9,22.0,2.52,0.326,Annamayya,AP
2024-11-16,2.4,28.8,22.4,3.27,0.3,Annamayya,AP
2024-11-17,1.6,29.6,21.2,3.71,0.277,Annamayya,AP
2024-11-18,1.3,28.5,20.7,3.65,0.275,Annamayya,AP
2024-11-19,0.0,28.5,19.7,3.71,0.264,Annamayya,AP
2024-11-20,0.5,28.5,19.1,3.85,0.244,Annamayya,AP
2024-11-21,0.0,28.9,19.0,4.3,0.216,Annamayya,AP
2024-11-22,0.0,28.7,18.7,4.42,0.198,Annamayya,AP
2024-11-23,0.0,29.7,18.2,3.94,0.182,Annamayya,AP
2024-11-24,0.0,30.3,19.2,4.33,0.171,Annamayya,AP
2024-11-25,0.0,29.3,19.5,4.25,0.165,Annamayya,AP
2024-11-26,1.4,26.8,20.4,2.26,0.174,Annamayya,AP
2024-11-27,0.1,27.3,20.9,3.04,0.203,Annamayya,AP
2024-11-28,0.0,28.5,19.1,4.48,0.204,Annamayya,AP
2024-11-29,0.0,28.3,21.5,2.96,0.205,Annamayya,AP
2024-11-30,10.6,24.4,22.1,1.36,0.247,Annamayya,AP
2024-12-01,20.6,24.9,21.9,1.53,0.373,Annamayya,AP
2024-12-02,11.2,27.6,22.3,2.31,0.388,Annamayya,AP
2024-12-03,4.5,29.0,22.1,2.77,0.395,Annamayya,AP
2024-12-04,1.5,28.3,22.0,2.11,0.384,Annamayya,AP
2024-12-05,2.3,28.5,22.3,3.12,0.37,Annamayya,AP
2024-12-06,0.2,29.4,20.5,3.46,0.327,Annamayya,AP
2024-12-07,0.5,30.2,20.6,3.93,0.306,Annamayya,AP
2024-12-08,0.0,29.5,20.5,4.17,0.273,Annamayya,AP
2024-12-09,0.0,29.5,20.0,3.98,0.249,Annamayya,AP
2024-12-10,0.2,28.9,20.7,3.78,0.246,Annamayya,AP
2024-12-11,0.4,28.1,20.9,2.99,0.251,Annamayya,AP
2024-12-12,18.1,23.0,21.8,0.72,0.336,Annamayya,AP
2024-12-13,1.6,26.3,21.0,2.12,0.363,Annamayya,AP
2024-12-14,0.1,27.4,18.9,3.75,0.335,Annamayya,AP
2024-12-15,0.2,26.6,17.7,3.14,0.32,Annamayya,AP
2024-12-16,0.0,26.2,16.6,3.66,0.299,Annamayya,AP
2024-12-17,0.0,28.0,16.8,3.79,0.284,Annamayya,AP
2024-12-18,1.9,28.0,21.3,3.12,0.283,Annamayya,AP
2024-12-19,3.0,28.5,21.6,2.89,0.299,Annamayya,AP
2024-12-20,1.4,28.7,21.9,3.23,0.342,Annamayya,AP
2024-12-21,0.2,30.2,20.5,3.76,0.322,Annamayya,AP
2024-12-22,0.3,28.6,20.6,3.61,0.294,Annamayya,AP
2024-12-23,0.0,29.0,19.5,4.01,0.27,Annamayya,AP
2024-12-24,0.0,27.8,20.4,2.25,0.252,Annamayya,AP
2024-12-25,0.9,26.6,19.5,2.0,0.261,Annamayya,AP
2024-12-26,5.2,27.3,21.7,2.1,0.295,Annamayya,AP
2024-12-27,7.3,26.7,20.4,2.6,0.335,Annamayya,AP
2024-12-28,0.1,28.8,19.1,3.82,0.308,Annamayya,AP
2024-12-29,0.3,28.6,19.9,4.0,0.276,Annamayya,AP
2024-12-30,0.2,28.2,19.1,3.42,0.257,Annamayya,AP
2024-12-31,0.0,28.4,18.2,4.05,0.255,Annamayya,AP
2025-01-01,0.0,27.9,18.1,3.48,0.242,Annamayya,AP
2025-01-02,0.1,27.0,17.1,3.12,0.225,Annamayya,AP
2025-01-03,0.0,27.3,17.6,3.79,0.222,Annamayya,AP
2025-01-04,0.0,26.8,15.6,3.83,0.217,Annamayya,AP
2025-01-05,0.0,27.5,15.6,3.98,0.207,Annamayya,AP
2025-01-06,0.0,27.6,16.9,4.08,0.197,Annamayya,AP
2025-01-07,0.0,28.5,17.7,4.06,0.189,Annamayya,AP
2025-01-08,0.0,27.8,16.6,4.38,0.171,Annamayya,AP
2025-01-09,0.0,26.9,16.1,3.73,0.154,Annamayya,AP
2025-01-10,1.4,27.4,18.1,3.24,0.16,Annamayya,AP
2025-01-11,0.5,27.7,18.7,3.06,0.176,Annamayya,AP
2025-01-12,0.0,29.6,17.5,3.9,0.17,Annamayya,AP
2025-01-13,1.3,28.3,20.0,3.27,0.174,Annamayya,AP
2025-01-14,0.0,28.4,20.4,3.89,0.187,Annamayya,AP
2025-01-15,0.2,27.7,19.0,3.72,0.187,Annamayya,AP
2025-01-16,0.3,28.0,18.0,3.83,0.193,Annamayya,AP
2025-01-17,0.2,27.6,17.8,3.35,0.187,Annamayya,AP
2025-01-18,0.4,28.2,17.4,4.15,0.185,Annamayya,AP
2025-01-19,0.2,28.6,20.0,3.03,0.193,Annamayya,AP
2025-01-20,0.0,28.4,17.5,4.3,0.198,Annamayya,AP
2025-01-21,0.0,28.6,17.4,4.6,0.183,Annamayya,AP
2025-01-22,0.0,28.8,15.6,4.37,0.17,Annamayya,AP
2025-01-23,0.0,30.0,16.7,4.43,0.164,Annamayya,AP
2025-01-24,0.0,29.5,16.7,4.56,0.151,Annamayya,AP
2025-01-25,0.0,30.4,15.4,4.76,0.136,Annamayya,AP
2025-01-26,0.0,31.2,15.9,5.31,0.124,Annamayya,AP
2025-01-27,0.0,30.9,15.2,5.14,0.114,Annamayya,AP
2025-01-28,0.0,30.9,16.5,5.29,0.114,Annamayya,AP
2025-01-29,0.0,30.9,17.1,5.24,0.121,Annamayya,AP
2025-01-30,0.0,32.0,14.8,4.75,0.118,Annamayya,AP
2025-01-31,0.0,33.0,19.9,5.28,0.123,Annamayya,AP
2025-02-01,0.0,33.2,21.8,5.24,0.124,Annamayya,AP
2025-02-02,0.0,33.3,19.9,5.62,0.125,Annamayya,AP
2025-02-03,0.0,33.3,16.7,5.82,0.13,Annamayya,AP
2025-02-04,0.0,33.9,17.5,5.95,0.132,Annamayya,AP
2025-02-05,0.0,33.7,18.9,6.3,0.128,Annamayya,AP
2025-02-06,0.0,33.6,18.7,6.11,0.123,Annamayya,AP
2025-02-07,0.0,33.8,17.6,6.16,0.119,Annamayya,AP
2025-02-08,0.0,33.3,18.2,6.07,0.113,Annamayya,AP
2025-02-09,0.0,32.5,19.0,5.86,0.116,Annamayya,AP
2025-02-10,0.0,31.2,18.4,5.48,0.13,Annamayya,AP
2025-02-11,0.0,32.8,17.1,5.62,0.132,Annamayya,AP
2025-02-12,0.0,34.3,16.3,5.94,0.13,Annamayya,AP
2025-02-13,0.0,34.7,17.4,6.3,0.126,Annamayya,AP
2025-02-14,0.0,34.1,19.0,5.92,0.128,Annamayya,AP
2025-02-15,0.0,34.3,19.3,5.88,0.135,Annamayya,AP
2025-02-16,0.0,34.0,18.5,6.13,0.125,Annamayya,AP
2025-02-17,0.0,35.1,19.1,6.51,0.108,Annamayya,AP
2025-02-18,0.0,35.4,18.6,6.41,0.094,Annamayya,AP
2025-02-19,0.0,35.7,19.6,6.48,0.095,Annamayya,AP
2025-02-20,0.0,36.1,20.1,6.72,0.097,Annamayya,AP
2025-02-21,0.0,34.6,19.7,6.05,0.102,Annamayya,AP
2025-02-22,0.0,35.2,20.1,6.41,0.119,Annamayya,AP
2025-02-23,0.0,35.3,20.0,6.87,0.118,Annamayya,AP
2025-02-24,0.0,33.6,20.4,6.95,0.126,Annamayya,AP
2025-02-25,0.0,33.1,18.6,6.27,0.117,Annamayya,AP
2025-02-26,0.0,32.6,19.6,6.25,0.114,Annamayya,AP
2025-02-27,0.0,32.9,18.2,6.18,0.107,Annamayya,AP
2025-02-28,0.0,33.4,17.9,6.22,0.115,Annamayya,AP
2025-03-01,0.0,33.7,19.4,5.55,0.101,Annamayya,AP
2025-03-02,0.0,35.5,20.7,6.04,0.084,Annamayya,AP
2025-03-03,0.0,36.9,21.7,7.03,0.095,Annamayya,AP
2025-03-04,0.0,36.8,21.4,7.25,0.105,Annamayya,AP
2025-03-05,0.0,37.5,21.5,7.13,0.105,Annamayya,AP
2025-03-06,0.0,37.1,21.8,6.59,0.101,Annamayya,AP
2025-03-07,0.0,36.4,19.1,6.28,0.086,Annamayya,AP
2025-03-08,0.0,37.1,19.1,6.76,0.082,Annamayya,AP
2025-03-09,0.0,36.5,20.9,7.75,0.072,Annamayya,AP
2025-03-10,0.0,34.1,20.4,6.74,0.089,Annamayya,AP
2025-03-11,0.0,33.7,19.2,6.01,0.099,Annamayya,AP
2025-03-12,0.0,35.8,22.0,6.74,0.083,Annamayya,AP
2025-03-13,0.0,37.8,20.6,7.19,0.063,Annamayya,AP
2025-03-14,0.0,38.7,21.0,7.95,0.042,Annamayya,AP
2025-03-15,0.0,38.0,20.8,7.76,0.034,Annamayya,AP
2025-03-16,0.0,37.4,20.1,7.01,0.029,Annamayya,AP
2025-03-17,0.0,37.7,22.1,6.8,0.015,Annamayya,AP
2025-03-18,0.0,38.1,22.6,6.98,0.01,Annamayya,AP
2025-03-19,0.0,36.8,22.5,7.53,0.01,Annamayya,AP
2025-03-20,0.0,36.7,22.5,7.49,0.01,Annamayya,AP
2025-03-21,0.0,36.7,22.3,6.83,0.011,Annamayya,AP
2025-03-22,5.8,36.0,23.1,5.67,0.034,Annamayya,AP
2025-03-23,0.3,35.2,23.4,5.95,0.034,Annamayya,AP
2025-03-24,0.0,36.5,22.8,6.59,0.011,Annamayya,AP
2025-03-25,0.0,37.3,22.8,6.65,0.019,Annamayya,AP
2025-03-26,0.0,37.7,21.9,6.97,0.02,Annamayya,AP
2025-03-27,0.0,38.8,22.5,7.11,0.015,Annamayya,AP
2025-03-28,0.0,39.7,23.9,8.04,0.017,Annamayya,AP
2025-03-29,0.0,40.5,24.5,8.64,0.018,Annamayya,AP
2025-03-30,0.0,39.8,24.6,9.5,0.03,Annamayya,AP
2025-03-31,0.0,37.9,22.8,7.8,0.027,Annamayya,AP
2025-04-01,0.0,35.3,21.7,6.74,0.016,Annamayya,AP
2025-04-02,0.3,37.0,22.7,6.83,0.013,Annamayya,AP
2025-04-03,1.0,36.7,24.7,6.28,0.016,Annamayya,AP
2025-04-04,4.1,34.4,22.7,5.26,0.227,Annamayya,AP
2025-04-05,0.0,35.5,23.2,6.25,0.242,Annamayya,AP
2025-04-06,0.0,35.2,24.7,4.12,0.205,Annamayya,AP
2025-04-07,0.0,37.8,22.5,7.3,0.174,Annamayya,AP
2025-04-08,0.0,36.6,21.9,6.76,0.155,Annamayya,AP
2025-04-09,0.0,36.9,23.2,6.58,0.147,Annamayya,AP
2025-04-10,0.1,37.8,23.0,6.3,0.152,Annamayya,AP
2025-04-11,0.0,37.8,24.2,6.96,0.174,Annamayya,AP
2025-04-12,0.0,38.2,25.7,7.24,0.178,Annamayya,AP
2025-04-13,0.0,37.4,25.4,5.59,0.167,Annamayya,AP
2025-04-14,0.1,37.5,24.3,6.44,0.156,Annamayya,AP
2025-04-15,0.0,37.9,24.5,6.65,0.15,Annamayya,AP
2025-04-16,0.2,37.9,24.8,6.38,0.151,Annamayya,AP
2025-04-17,0.0,37.6,24.6,6.19,0.145,Annamayya,AP
2025-04-18,0.0,37.9,25.3,6.26,0.15,Annamayya,AP
2025-04-19,0.0,38.1,25.2,6.54,0.159,Annamayya,AP
2025-04-20,0.0,38.2,25.9,6.48,0.164,Annamayya,AP
2025-04-21,0.0,38.4,25.3,6.79,0.177,Annamayya,AP
2025-04-22,0.0,39.5,23.6,7.33,0.17,Annamayya,AP
2025-04-23,0.0,39.3,24.9,7.57,0.149,Annamayya,AP
2025-04-24,0.0,39.6,23.6,7.47,0.135,Annamayya,AP
2025-04-25,0.0,39.9,24.8,7.16,0.137,Annamayya,AP
2025-04-26,0.0,39.7,24.7,7.15,0.138,Annamayya,AP
2025-04-27,0.0,38.5,24.3,7.25,0.132,Annamayya,AP
2025-04-28,0.0,37.6,24.4,7.13,0.129,Annamayya,AP
2025-04-29,0.0,38.4,24.8,6.6,0.135,Annamayya,AP
2025-04-30,0.0,37.8,24.8,6.59,0.143,Annamayya,AP
2025-05-01,0.1,37.9,26.1,6.77,0.15,Annamayya,AP
2025-05-02,0.1,37.9,26.3,6.69,0.154,Annamayya,AP
2025-05-03,0.0,37.9,26.1,6.08,0.149,Annamayya,AP
2025-05-04,0.0,38.3,26.3,7.47,0.146,Annamayya,AP
2025-05-05,0.0,39.0,24.2,6.48,0.138,Annamayya,AP
2025-05-06,0.0,37.3,25.5,6.69,0.154,Annamayya,AP
2025-05-07,0.0,37.6,26.3,6.84,0.153,Annamayya,AP
2025-05-08,0.0,36.9,25.9,7.2,0.147,Annamayya,AP
2025-05-09,0.0,36.6,25.3,6.53,0.142,Annamayya,AP
2025-05-10,0.0,36.6,25.5,6.1,0.146,Annamayya,AP
2025-05-11,0.0,37.2,26.0,6.49,0.137,Annamayya,AP
2025-05-12,0.0,37.7,27.2,6.71,0.132,Annamayya,AP
2025-05-13,0.1,38.3,26.6,7.1,0.138,Annamayya,AP
2025-05-14,0.0,38.1,26.6,6.62,0.132,Annamayya,AP
2025-05-15,0.3,37.0,26.0,6.39,0.188,Annamayya,AP
2025-05-16,8.8,37.4,24.8,6.35,0.207,Annamayya,AP
2025-05-17,11.4,35.4,24.4,5.28,0.262,Annamayya,AP
2025-05-18,1.7,34.8,24.4,5.72,0.306,Annamayya,AP
2025-05-19,9.2,28.9,24.8,2.14,0.314,Annamayya,AP
2025-05-20,21.9,31.3,24.3,2.69,0.346,Annamayya,AP
2025-05-21,3.2,32.6,24.5,4.43,0.352,Annamayya,AP
2025-05-22,0.2,34.6,24.7,6.42,0.318,Annamayya,AP
2025-05-23,0.6,36.7,25.6,7.11,0.292,Annamayya,AP
2025-05-24,0.0,32.4,26.9,5.09,0.275,Annamayya,AP
2025-05-25,0.5,36.0,26.1,5.51,0.253,Annamayya,AP
2025-05-26,0.2,33.8,26.3,6.11,0.23,Annamayya,AP
2025-05-27,0.2,31.5,25.9,5.71,0.228,Annamayya,AP
2025-05-28,0.8,33.7,25.6,6.3,0.231,Annamayya,AP
2025-05-29,1.8,32.6,24.9,5.49,0.226,Annamayya,AP
2025-05-30,11.2,30.7,24.6,3.67,0.245,Annamayya,AP
2025-05-31,0.0,36.1,26.2,7.74,0.232,Annamayya,AP
2025-06-01,0.0,36.7,24.8,8.05,0.202,Annamayya,AP
2025-06-02,2.4,36.4,24.7,7.3,0.197,Annamayya,AP
2025-06-03,1.4,35.7,25.3,7.02,0.19,Annamayya,AP
2025-06-04,0.1,35.7,25.7,7.46,0.172,Annamayya,AP
2025-06-05,0.0,35.4,25.0,7.13,0.157,Annamayya,AP
2025-06-06,0.5,35.8,25.5,6.55,0.158,Annamayya,AP
2025-06-07,0.3,36.0,26.3,7.19,0.166,Annamayya,AP
2025-06-08,1.2,36.4,23.4,7.02,0.2,Annamayya,AP
2025-06-09,8.8,34.5,23.6,6.59,0.238,Annamayya,AP
2025-06-10,0.0,35.9,25.5,7.15,0.196,Annamayya,AP
2025-06-11,0.3,34.1,25.5,6.24,0.27,Annamayya,AP
2025-06-12,0.7,34.3,24.8,5.63,0.298,Annamayya,AP
2025-06-13,4.0,34.7,25.4,5.83,0.285,Annamayya,AP
2025-06-14,1.5,34.8,25.6,6.4,0.312,Annamayya,AP
2025-06-15,12.8,33.5,26.3,4.94,0.321,Annamayya,AP
2025-06-16,0.0,33.0,25.8,5.68,0.272,Annamayya,AP
2025-06-17,0.0,33.5,25.8,5.95,0.237,Annamayya,AP
2025-06-18,0.1,35.6,25.0,7.04,0.224,Annamayya,AP
2025-06-19,0.0,35.7,25.3,7.48,0.206,Annamayya,AP
2025-06-20,0.2,35.3,25.1,7.6,0.19,Annamayya,AP
2025-06-21,0.1,35.6,25.1,7.5,0.177,Annamayya,AP
2025-06-22,0.4,35.0,25.1,7.2,0.193,Annamayya,AP
2025-06-23,0.4,31.9,25.6,5.49,0.195,Annamayya,AP
2025-06-24,0.0,34.2,26.0,7.15,0.183,Annamayya,AP
2025-06-25,2.4,34.6,25.5,5.88,0.179,Annamayya,AP
2025-06-26,0.1,33.9,25.4,6.41,0.178,Annamayya,AP
2025-06-27,0.0,35.0,24.8,7.33,0.163,Annamayya,AP
2025-06-28,0.0,36.0,24.8,7.6,0.152,Annamayya,AP
2025-06-29,0.0,36.3,25.6,8.4,0.143,Annamayya,AP
2025-06-30,0.0,33.1,25.1,5.5,0.139,Annamayya,AP
2025-07-01,0.7,32.8,25.5,5.35,0.131,Annamayya,AP
2025-07-02,0.6,33.7,25.1,6.21,0.14,Annamayya,AP
2025-07-03,2.7,31.8,23.9,4.58,0.161,Annamayya,AP
2025-07-04,0.1,35.2,24.9,7.49,0.149,Annamayya,AP
2025-07-05,2.1,35.3,25.7,6.64,0.147,Annamayya,AP
2025-07-06,0.5,34.1,25.3,7.0,0.153,Annamayya,AP
2025-07-07,0.6,34.1,25.2,7.34,0.15,Annamayya,AP
2025-07-08,0.6,36.0,25.0,8.27,0.145,Annamayya,AP
2025-07-09,0.3,35.4,25.6,7.38,0.14,Annamayya,AP
2025-07-10,0.5,35.5,25.2,7.19,0.132,Annamayya,AP
2025-07-11,0.7,37.1,25.3,7.22,0.111,Annamayya,AP
2025-07-12,3.3,34.7,25.1,6.85,0.11,Annamayya,AP
2025-07-13,1.2,36.2,25.3,6.94,0.099,Annamayya,AP
2025-07-14,0.8,35.6,25.2,7.44,0.069,Annamayya,AP
2025-07-15,2.3,34.2,25.4,7.34,0.074,Annamayya,AP
2025-07-16,16.4,35.0,24.0,5.76,0.092,Annamayya,AP
2025-07-17,6.0,35.2,23.8,5.59,0.143,Annamayya,AP
2025-07-18,3.1,32.2,24.0,4.24,0.251,Annamayya,AP
2025-07-19,2.3,33.1,24.0,5.76,0.297,Annamayya,AP
2025-07-20,5.3,33.6,24.0,5.92,0.26,Annamayya,AP
2025-07-21,3.8,30.6,23.0,3.84,0.336,Annamayya,AP
2025-07-22,3.0,32.4,23.5,5.62,0.323,Annamayya,AP
2025-07-23,2.8,30.6,23.5,4.64,0.317,Annamayya,AP
2025-07-24,12.2,30.7,23.0,4.27,0.358,Annamayya,AP
2025-07-25,2.8,30.4,23.5,5.05,0.306,Annamayya,AP
2025-07-26,1.2,32.0,25.1,5.92,0.29,Annamayya,AP
2025-07-27,0.2,32.0,24.8,6.39,0.276,Annamayya,AP
2025-07-28,0.3,32.5,23.7,6.67,0.251,Annamayya,AP
2025-07-29,1.0,32.5,23.6,7.08,0.24,Annamayya,AP
2025-07-30,1.0,33.3,23.4,6.67,0.22,Annamayya,AP
2025-07-31,0.2,33.1,23.4,5.45,0.209,Annamayya,AP
2025-08-01,0.2,33.7,24.2,6.11,0.174,Annamayya,AP
2025-08-02,0.2,34.1,25.0,6.17,0.155,Annamayya,AP
2025-08-03,5.3,33.1,24.3,4.66,0.169,Annamayya,AP
2025-08-04,8.3,33.4,23.3,4.75,0.287,Annamayya,AP
2025-08-05,4.1,32.5,23.1,4.62,0.307,Annamayya,AP
2025-08-06,1.9,33.4,23.2,5.49,0.297,Annamayya,AP
2025-08-07,5.3,32.5,23.3,4.81,0.323,Annamayya,AP
2025-08-08,10.0,31.0,23.6,4.35,0.321,Annamayya,AP
2025-08-09,7.7,31.8,23.3,4.52,0.361,Annamayya,AP
2025-08-10,1.9,29.9,23.2,3.27,0.347,Annamayya,AP
2025-08-11,9.1,31.4,23.3,5.08,0.338,Annamayya,AP
2025-08-12,11.0,28.1,23.2,3.03,0.353,Annamayya,AP
2025-08-13,4.8,27.1,22.8,2.61,0.365,Annamayya,AP
2025-08-14,2.5,30.9,22.5,4.86,0.348,Annamayya,AP
2025-08-15,1.4,31.0,23.5,5.73,0.328,Annamayya,AP
2025-08-16,1.8,30.4,24.6,4.77,0.33,Annamayya,AP
2025-08-17,6.4,28.8,23.0,3.05,0.366,Annamayya,AP
2025-08-18,7.5,28.6,22.5,3.45,0.377,Annamayya,AP
2025-08-19,3.2,29.0,23.5,4.05,0.359,Annamayya,AP
2025-08-20,0.9,32.0,23.1,5.57,0.337,Annamayya,AP
2025-08-21,0.1,31.9,23.4,5.31,0.307,Annamayya,AP
2025-08-22,0.5,31.8,23.9,4.72,0.291,Annamayya,AP
2025-08-23,1.4,31.7,22.9,5.12,0.259,Annamayya,AP
2025-08-24,0.0,32.3,23.7,6.02,0.231,Annamayya,AP
2025-08-25,0.0,32.0,23.4,5.85,0.21,Annamayya,AP
2025-08-26,0.7,32.4,23.7,6.18,0.197,Annamayya,AP
2025-08-27,4.4,30.1,23.2,4.07,0.254,Annamayya,AP
2025-08-28,0.9,31.5,23.9,5.04,0.29,Annamayya,AP
2025-08-29,0.8,31.7,23.5,5.49,0.267,Annamayya,AP
2025-08-30,5.9,33.6,23.9,6.02,0.24,Annamayya,AP
2025-08-31,2.6,31.3,24.1,4.66,0.234,Annamayya,AP
2025-09-01,0.6,32.0,24.3,5.81,0.201,Annamayya,AP
2025-09-02,5.1,31.9,23.6,4.91,0.198,Annamayya,AP
2025-09-03,0.8,32.3,23.9,6.04,0.235,Annamayya,AP
2025-09-04,0.1,32.7,23.7,6.49,0.214,Annamayya,AP
2025-09-05,0.1,33.1,23.7,6.34,0.191,Annamayya,AP
2025-09-06,0.0,33.4,23.5,6.38,0.167,Annamayya,AP
2025-09-07,0.3,33.4,24.2,6.51,0.147,Annamayya,AP
2025-09-08,0.0,34.4,24.0,6.59,0.134,Annamayya,AP
2025-09-09,0.2,34.5,23.9,6.16,0.128,Annamayya,AP
2025-09-10,0.6,35.1,25.0,6.55,0.124,Annamayya,AP
2025-09-11,11.7,29.0,22.7,3.24,0.303,Annamayya,AP
2025-09-12,0.8,30.8,23.2,4.76,0.296,Annamayya,AP
2025-09-13,0.6,31.5,23.6,4.68,0.268,Annamayya,AP
2025-09-14,0.0,32.3,23.8,5.19,0.256,Annamayya,AP
2025-09-15,8.1,32.9,23.7,5.73,0.236,Annamayya,AP
2025-09-16,11.5,31.7,22.4,3.72,0.312,Annamayya,AP
2025-09-17,6.0,29.9,23.2,3.19,0.33,Annamayya,AP
2025-09-18,16.8,30.7,22.6,4.56,0.335,Annamayya,AP
2025-09-19,14.9,30.6,22.5,4.28,0.374,Annamayya,AP
2025-09-20,1.9,31.1,22.9,4.83,0.357,Annamayya,AP
2025-09-21,0.9,31.0,23.9,4.36,0.308,Annamayya,AP
2025-09-22,0.5,31.0,23.8,4.71,0.294,Annamayya,AP
2025-09-23,0.0,29.4,24.0,3.93,0.262,Annamayya,AP
2025-09-24,1.9,30.3,23.7,4.89,0.242,Annamayya,AP
2025-09-25,0.2,31.3,23.7,6.09,0.223,Annamayya,AP
2025-09-26,0.2,29.1,23.4,4.28,0.197,Annamayya,AP
2025-09-27,0.1,31.5,24.1,5.94,0.203,Annamayya,AP
2025-09-28,17.1,33.1,23.2,6.13,0.232,Annamayya,AP
2025-09-29,2.3,32.2,23.6,4.73,0.25,Annamayya,AP
2025-09-30,0.0,31.4,23.1,5.52,0.218,Annamayya,AP
2025-10-01,0.3,31.3,24.2,4.58,0.201,Annamayya,AP
2025-10-02,0.2,32.0,24.9,4.98,0.181,Annamayya,AP
2025-10-03,0.0,32.9,24.1,5.75,0.159,Annamayya,AP
2025-10-04,12.7,28.5,23.3,2.04,0.177,Annamayya,AP
2025-10-05,2.4,32.5,22.2,5.49,0.17,Annamayya,AP
2025-10-06,18.4,29.7,21.9,3.48,0.217,Annamayya,AP
2025-10-07,0.1,33.2,23.0,5.32,0.146,Annamayya,AP
2025-10-08,5.1,32.5,23.1,3.69,0.165,Annamayya,AP
2025-10-09,28.0,32.2,22.7,4.46,0.256,Annamayya,AP
2025-10-10,16.9,31.0,22.1,3.95,0.337,Annamayya,AP
2025-10-11,0.9,30.7,22.5,4.59,0.311,Annamayya,AP
2025-10-12,0.0,32.1,21.7,4.84,0.263,Annamayya,AP
2025-10-13,5.3,30.7,22.6,4.23,0.237,Annamayya,AP
2025-10-14,6.4,30.9,22.5,3.96,0.239,Annamayya,AP
2025-10-15,6.2,29.3,22.8,3.46,0.239,Annamayya,AP
2025-10-16,8.0,29.0,22.8,3.3,0.219,Annamayya,AP
2025-10-17,7.7,27.9,22.0,2.74,0.242,Annamayya,AP
2025-10-18,20.9,28.8,22.8,2.03,0.266,Annamayya,AP
2025-10-19,3.6,29.9,22.2,3.27,0.247,Annamayya,AP
2025-10-20,4.7,30.2,22.3,2.97,0.267,Annamayya,AP
2025-10-21,12.6,26.5,22.3,2.33,0.313,Annamayya,AP
2025-10-22,9.4,26.3,22.4,1.53,0.351,Annamayya,AP
2025-10-23,24.1,30.0,22.6,2.56,0.367,Annamayya,AP
2025-10-24,9.1,26.5,22.8,1.81,0.368,Annamayya,AP
2025-10-25,14.1,29.6,22.4,3.63,0.381,Annamayya,AP
2025-10-26,0.4,29.2,21.9,3.7,0.363,Annamayya,AP
2025-10-27,4.7,27.0,22.2,1.6,0.341,Annamayya,AP
2025-10-28,37.4,23.4,22.0,0.97,0.409,Annamayya,AP
2025-10-29,2.6,31.1,22.0,4.65,0.392,Annamayya,AP
2025-10-30,0.0,31.3,20.5,4.9,0.351,Annamayya,AP
2025-10-31,0.0,31.7,19.6,4.68,0.291,Annamayya,AP
2025-11-01,0.0,30.8,21.5,4.46,0.236,Annamayya,AP
2025-11-02,0.1,31.0,22.0,4.47,0.186,Annamayya,AP
2025-11-03,0.3,31.5,23.2,4.46,0.156,Annamayya,AP
2025-11-04,0.5,28.5,23.1,3.4,0.155,Annamayya,AP
2025-11-05,4.1,30.7,22.6,3.99,0.169,Annamayya,AP
2025-11-06,2.6,29.5,21.9,3.75,0.229,Annamayya,AP
2025-11-07,1.2,29.3,20.7,3.97,0.233,Annamayya,AP
2025-11-08,0.0,30.6,21.2,5.19,0.215,Annamayya,AP
2025-11-09,0.0,29.9,20.1,4.21,0.198,Annamayya,AP
2025-11-10,0.0,30.2,19.9,3.96,0.184,Annamayya,AP
2025-11-11,0.0,31.2,21.3,3.97,0.162,Annamayya,AP
2025-11-12,0.5,31.3,22.0,4.29,0.153,Annamayya,AP
2025-11-13,0.3,30.6,21.3,4.38,0.153,Annamayya,AP
2025-11-14,0.0,29.7,19.7,4.26,0.152,Annamayya,AP
2025-11-15,0.0,27.4,18.8,3.58,0.157,Annamayya,AP
2025-11-16,0.0,30.0,19.8,4.65,0.155,Annamayya,AP
2025-11-17,0.0,27.4,19.7,3.3,0.148,Annamayya,AP
2025-11-18,6.2,24.5,20.4,1.66,0.231,Annamayya,AP
2025-11-19,0.1,29.4,19.8,3.86,0.268,Annamayya,AP
2025-11-20,0.0,29.4,20.5,4.46,0.24,Annamayya,AP
2025-11-21,1.5,28.2,21.5,2.67,0.231,Annamayya,AP
2025-11-22,4.1,28.5,22.2,2.86,0.252,Annamayya,AP
2025-11-23,0.5,27.7,22.0,2.87,0.229,Annamayya,AP
2025-11-24,1.0,29.3,20.9,3.7,0.223,Annamayya,AP
2025-11-25,0.9,28.0,20.7,3.49,0.223,Annamayya,AP
2025-11-26,0.2,28.5,19.9,3.99,0.214,Annamayya,AP
2025-11-27,0.7,27.7,19.3,3.67,0.21,Annamayya,AP
2025-11-28,0.6,27.7,18.3,3.42,0.204,Annamayya,AP
2025-11-29,1.6,25.4,18.9,2.25,0.202,Annamayya,AP
2025-11-30,14.3,23.5,21.2,0.86,0.303,Annamayya,AP
2025-12-01,3.9,27.0,20.7,2.97,0.35,Annamayya,AP
2025-12-02,1.5,25.6,20.6,2.46,0.341,Annamayya,AP
2025-12-03,4.9,26.0,21.5,1.88,0.371,Annamayya,AP
2025-12-04,5.6,26.2,21.1,2.08,0.38,Annamayya,AP
2025-12-05,1.3,26.9,21.1,3.03,0.36,Annamayya,AP
2025-12-06,0.0,25.6,19.6,2.56,0.333,Annamayya,AP
2025-12-07,0.3,27.1,18.5,3.23,0.316,Annamayya,AP
2025-12-08,0.1,26.5,17.9,3.42,0.3,Annamayya,AP
2025-12-09,0.0,27.5,17.9,3.79,0.268,Annamayya,AP
2025-12-10,0.0,26.7,17.2,3.94,0.242,Annamayya,AP
2025-12-11,0.0,27.0,17.0,3.75,0.226,Annamayya,AP
2025-12-12,0.0,26.6,16.8,3.81,0.208,Annamayya,AP
2025-12-13,0.0,26.9,15.2,4.09,0.194,Annamayya,AP
2025-12-14,0.0,26.2,14.9,3.68,0.184,Annamayya,AP
2025-12-15,0.0,26.7,15.8,3.8,0.178,Annamayya,AP
2025-12-16,0.1,24.8,17.3,2.54,0.179,Annamayya,AP
2025-12-17,0.1,28.0,18.8,3.82,0.188,Annamayya,AP
2025-12-18,0.0,26.9,16.9,3.42,0.181,Annamayya,AP
2025-12-19,0.0,27.3,16.5,3.92,0.18,Annamayya,AP
2025-12-20,0.0,26.3,14.8,3.69,0.174,Annamayya,AP
2025-12-21,0.0,26.8,16.2,3.41,0.169,Annamayya,AP
2025-12-22,0.0,27.2,16.7,3.38,0.172,Annamayya,AP
2025-12-23,0.0,27.2,16.2,3.86,0.169,Annamayya,AP
2025-12-24,0.0,27.2,16.4,3.8,0.166,Annamayya,AP
2025-12-25,0.0,28.5,16.3,3.96,0.162,Annamayya,AP
2025-12-26,0.0,28.3,17.5,4.02,0.155,Annamayya,AP
2025-12-27,0.0,27.2,16.4,4.1,0.15,Annamayya,AP
2025-12-28,0.0,27.4,16.0,4.14,0.14,Annamayya,AP
2025-12-29,0.0,28.2,16.7,4.11,0.135,Annamayya,AP
2025-12-30,0.0,29.2,17.2,4.11,0.132,Annamayya,AP
2025-12-31,0.0,29.9,17.9,3.7,0.125,Annamayya,AP
2026-01-01,0.1,29.5,19.9,3.57,0.124,Annamayya,AP
2026-01-02,0.0,29.8,18.9,3.75,0.131,Annamayya,AP
2026-01-03,0.0,29.4,18.8,4.4,0.131,Annamayya,AP
2026-01-04,0.0,28.8,17.6,4.63,0.133,Annamayya,AP
2026-01-05,0.0,28.3,17.0,4.39,0.136,Annamayya,AP
2026-01-06,0.0,27.4,17.9,3.48,0.142,Annamayya,AP
2026-01-07,0.1,27.6,17.9,4.37,0.141,Annamayya,AP
2026-01-08,0.2,27.7,17.3,4.28,0.128,Annamayya,AP
2026-01-09,0.1,27.4,16.5,3.86,0.123,Annamayya,AP
2026-01-10,0.4,25.9,18.4,3.26,0.12,Annamayya,AP
2026-01-11,0.0,25.7,17.8,3.14,0.128,Annamayya,AP
2026-01-12,0.3,26.6,19.6,2.83,0.131,Annamayya,AP
2026-01-13,1.0,28.0,19.7,3.66,0.136,Annamayya,AP
2026-01-14,0.0,31.6,18.4,4.76,0.128,Annamayya,AP
2026-01-15,0.0,31.8,18.5,4.68,0.123,Annamayya,AP
2026-01-16,0.0,30.4,18.8,4.81,0.124,Annamayya,AP
2026-01-17,0.0,29.9,16.5,4.68,0.125,Annamayya,AP
2026-01-18,0.0,31.2,15.0,5.03,0.123,Annamayya,AP
2026-01-19,0.0,30.8,16.0,5.15,0.122,Annamayya,AP
2026-01-20,0.0,30.6,16.0,5.35,0.123,Annamayya,AP
2026-01-21,0.0,28.9,16.0,4.95,0.123,Annamayya,AP
2026-01-22,0.0,28.4,16.3,4.88,0.127,Annamayya,AP
2026-01-23,0.0,29.6,16.5,4.45,0.131,Annamayya,AP
2026-01-24,1.4,24.7,18.8,1.92,0.133,Annamayya,AP
2026-01-25,0.3,27.5,19.3,2.54,0.137,Annamayya,AP
2026-01-26,0.1,26.8,20.7,2.7,0.145,Annamayya,AP
2026-01-27,0.0,30.6,21.0,4.34,0.146,Annamayya,AP
2026-01-28,0.0,31.1,18.2,5.09,0.142,Annamayya,AP
2026-01-29,0.0,30.0,17.6,4.83,0.142,Annamayya,AP
2026-01-30,0.0,29.7,17.9,5.2,0.146,Annamayya,AP
2026-01-31,0.0,28.8,16.1,4.99,0.144,Annamayya,AP
2026-02-01,0.0,30.1,17.4,4.78,0.142,Annamayya,AP
2026-02-02,0.0,30.4,17.7,4.66,0.141,Annamayya,AP
2026-02-03,0.0,29.2,17.3,5.1,0.138,Annamayya,AP
2026-02-04,0.0,29.2,17.0,4.99,0.144,Annamayya,AP
2026-02-05,0.0,29.3,16.8,4.92,0.149,Annamayya,AP
2026-02-06,0.0,29.5,16.5,4.95,0.15,Annamayya,AP
2026-02-07,0.0,30.7,16.6,5.1,0.151,Annamayya,AP
2026-02-08,0.0,31.5,16.7,5.42,0.15,Annamayya,AP
2026-02-09,0.0,30.6,16.3,5.23,0.151,Annamayya,AP
2026-02-10,0.0,30.3,16.5,5.28,0.143,Annamayya,AP
2026-02-11,0.0,28.9,15.4,5.29,0.134,Annamayya,AP
2026-02-12,0.0,29.8,14.1,5.05,0.126,Annamayya,AP
2026-02-13,0.0,30.9,17.1,5.63,0.126,Annamayya,AP
2026-02-14,0.0,31.6,16.1,5.68,0.113,Annamayya,AP
2026-02-15,0.0,32.5,17.6,5.73,0.119,Annamayya,AP
2026-02-16,0.0,32.3,18.5,6.45,0.123,Annamayya,AP
2026-02-17,0.0,30.9,17.6,6.04,0.122,Annamayya,AP
2026-02-18,0.0,31.2,17.5,5.65,0.122,Annamayya,AP
2026-02-19,0.0,32.1,17.1,5.75,0.125,Annamayya,AP
2026-02-20,0.0,32.0,18.5,5.29,0.118,Annamayya,AP
2026-02-21,0.0,32.6,20.7,5.56,0.12,Annamayya,AP
2026-02-22,0.0,33.3,20.6,5.6,0.123,Annamayya,AP
2026-02-23,0.0,33.7,20.3,5.68,0.12,Annamayya,AP
2026-02-24,0.5,30.4,20.2,5.07,0.124,Annamayya,AP
2026-02-25,0.2,32.7,19.9,5.18,0.126,Annamayya,AP
2026-02-26,0.0,33.2,20.1,5.35,0.123,Annamayya,AP
2026-02-27,0.0,34.3,21.4,5.93,0.118,Annamayya,AP
2026-02-28,0.0,34.7,21.7,6.16,0.108,Annamayya,AP
2026-03-01,0.0,36.0,21.7,6.14,0.097,Annamayya,AP
2026-03-02,0.0,35.7,21.7,6.33,0.098,Annamayya,AP
2026-03-03,0.0,35.1,21.6,7.2,0.084,Annamayya,AP
2026-03-04,0.0,35.1,21.5,7.11,0.074,Annamayya,AP
2026-03-05,0.0,36.4,21.0,6.53,0.075,Annamayya,AP
2026-03-06,0.0,37.3,21.2,6.76,0.083,Annamayya,AP
2026-03-07,0.0,37.4,21.6,7.08,0.082,Annamayya,AP
2026-03-08,0.0,36.6,21.7,6.63,0.078,Annamayya,AP
2026-03-09,0.4,33.4,22.2,6.19,0.083,Annamayya,AP
2026-03-10,0.0,33.7,20.1,6.54,0.088,Annamayya,AP
2026-03-11,0.0,34.8,20.4,6.5,0.07,Annamayya,AP
2026-03-12,0.0,36.3,20.7,6.9,0.058,Annamayya,AP
2026-03-13,0.0,37.2,21.5,7.53,0.065,Annamayya,AP
2026-03-14,0.0,37.1,21.8,7.97,0.089,Annamayya,AP
2026-03-15,0.0,37.0,21.5,7.31,0.108,Annamayya,AP
2026-03-16,0.0,36.1,21.0,7.03,0.133,Annamayya,AP
2026-03-17,0.0,35.4,22.7,6.69,0.128,Annamayya,AP
2026-03-18,0.1,33.8,22.3,6.07,0.128,Annamayya,AP
2026-03-19,1.7,33.3,21.5,5.84,0.16,Annamayya,AP
2026-03-20,0.0,33.5,21.0,5.76,0.151,Annamayya,AP
2026-03-21,0.0,35.5,22.5,5.87,0.148,Annamayya,AP
2026-03-22,0.0,35.6,23.0,5.89,0.13,Annamayya,AP
2026-03-23,0.0,36.1,23.2,6.72,0.124,Annamayya,AP
2026-03-24,0.0,35.5,22.8,6.38,0.13,Annamayya,AP
2026-03-25,0.0,37.0,22.9,6.91,0.138,Annamayya,AP
2026-03-26,0.0,36.8,22.4,7.35,0.14,Annamayya,AP
2026-03-27,0.0,38.2,21.7,7.43,0.132,Annamayya,AP
2026-03-28,0.0,36.9,24.2,6.6,0.133,Annamayya,AP
2026-03-29,1.3,36.4,23.6,6.96,0.138,Annamayya,AP
2026-03-30,0.0,37.1,24.8,7.33,0.135,Annamayya,AP
2026-03-31,0.1,36.1,23.0,6.83,0.145,Annamayya,AP
2026-04-01,0.0,36.2,22.9,7.0,0.134,Annamayya,AP
2026-04-02,0.0,35.5,21.5,6.28,0.126,Annamayya,AP
2026-04-03,0.0,36.6,22.1,6.59,0.114,Annamayya,AP
2026-04-04,0.0,36.0,24.4,5.53,0.117,Annamayya,AP
2026-04-05,0.0,36.7,25.1,6.92,0.126,Annamayya,AP
2026-04-06,0.0,37.3,25.3,7.4,0.137,Annamayya,AP
2026-04-07,0.0,37.3,25.1,7.99,0.142,Annamayya,AP
2026-04-08,0.0,38.0,24.1,7.13,0.129,Annamayya,AP
2026-04-09,0.0,38.9,25.5,6.96,0.096,Annamayya,AP
2026-04-10,0.1,37.5,26.5,6.6,0.102,Annamayya,AP
2026-04-11,0.0,39.0,26.0,7.37,0.088,Annamayya,AP
2026-04-12,0.0,39.6,25.8,8.1,0.076,Annamayya,AP
2026-04-13,0.0,39.8,25.6,7.82,0.074,Annamayya,AP
2026-04-14,0.0,41.3,24.9,8.32,0.044,Annamayya,AP
2026-04-15,0.0,39.8,25.9,7.82,0.026,Annamayya,AP
2026-04-16,0.0,40.5,25.7,8.17,0.019,Annamayya,AP
2026-04-17,0.0,41.0,24.7,7.96,0.02,Annamayya,AP
2026-04-18,0.0,41.0,25.9,8.04,0.018,Annamayya,AP
2026-04-19,0.0,39.6,25.8,7.87,0.019,Annamayya,AP
2026-04-20,0.0,38.7,26.9,7.14,0.019,Annamayya,AP
2026-04-21,0.0,40.1,25.0,7.82,0.016,Annamayya,AP
2026-04-22,0.0,39.8,24.5,8.0,0.019,Annamayya,AP
2026-04-23,0.0,40.6,24.7,8.15,0.015,Annamayya,AP
2026-04-24,0.0,39.5,25.1,7.25,0.016,Annamayya,AP
2026-04-25,0.0,40.7,25.9,8.21,0.015,Annamayya,AP
2026-04-26,0.0,40.4,25.9,8.42,0.017,Annamayya,AP
2026-04-27,0.0,40.6,26.2,8.15,0.021,Annamayya,AP
2026-04-28,0.0,39.4,26.5,6.52,0.02,Annamayya,AP
2026-04-29,0.0,38.8,27.1,7.04,0.014,Annamayya,AP
2026-04-30,0.0,39.2,27.2,7.29,0.027,Annamayya,AP
2026-05-01,0.0,39.0,28.1,7.64,0.023,Annamayya,AP
2026-05-02,0.0,40.1,28.4,7.88,0.033,Annamayya,AP
2026-05-03,0.0,39.4,28.6,8.37,0.064,Annamayya,AP
2026-05-04,0.1,38.2,27.4,7.13,0.057,Annamayya,AP
2026-05-05,0.0,35.9,28.6,6.35,0.058,Annamayya,AP
2026-05-06,0.8,35.9,28.1,6.88,0.068,Annamayya,AP
2026-05-07,0.1,36.8,26.0,6.89,0.084,Annamayya,AP
2026-05-08,0.6,34.9,24.8,6.38,0.084,Annamayya,AP
2026-05-09,1.4,34.8,24.1,5.82,0.095,Annamayya,AP
2026-05-10,0.0,36.7,24.4,6.82,0.085,Annamayya,AP
2026-05-11,0.0,37.0,24.1,7.07,0.101,Annamayya,AP
2026-05-12,0.3,34.9,23.7,6.27,0.124,Annamayya,AP
2026-05-13,0.0,37.3,24.3,6.59,0.142,Annamayya,AP
2026-05-14,0.5,37.1,26.0,6.23,0.146,Annamayya,AP
2026-05-15,0.0,35.2,25.5,5.34,0.142,Annamayya,AP
2026-05-16,0.3,36.5,27.3,5.22,0.145,Annamayya,AP
2026-05-17,0.0,35.5,26.1,6.23,0.14,Annamayya,AP
2026-05-18,0.0,37.0,27.2,6.33,0.156,Annamayya,AP
2026-05-19,0.1,36.2,27.3,6.67,0.155,Annamayya,AP
2026-05-20,0.0,37.4,28.2,7.9,0.136,Annamayya,AP
2026-05-21,4.1,38.0,25.5,7.57,0.149,Annamayya,AP
2026-05-22,0.0,34.9,27.4,7.65,0.185,Annamayya,AP
2026-05-23,7.5,34.0,26.4,6.19,0.182,Annamayya,AP
2026-05-24,0.8,35.3,27.2,7.74,0.203,Annamayya,AP
2026-05-25,1.2,35.4,27.5,6.7,0.164,Annamayya,AP
2026-05-26,1.6,36.8,27.7,7.61,0.176,Annamayya,AP
2026-05-27,0.0,32.7,25.9,5.73,0.239,Annamayya,AP
2026-05-28,0.6,35.4,25.9,6.41,0.271,Annamayya,AP
2026-05-29,0.4,35.6,27.3,6.6,0.265,Annamayya,AP
2026-05-30,6.6,34.6,26.5,6.71,0.246,Annamayya,AP
2026-05-31,0.1,36.1,26.8,6.75,0.193,Annamayya,AP
2026-06-01,0.0,34.1,26.7,5.59,0.198,Annamayya,AP
2026-06-02,3.1,35.3,25.9,6.19,0.208,Annamayya,AP
2026-06-03,2.2,34.4,25.0,6.33,0.224,Annamayya,AP
2026-06-04,0.0,35.0,26.0,7.17,0.242,Annamayya,AP
2026-06-05,4.4,34.8,26.7,6.09,0.186,Annamayya,AP
2026-06-06,1.6,35.4,26.4,7.08,0.167,Annamayya,AP
2026-06-07,1.3,34.1,26.7,6.47,0.158,Annamayya,AP
2026-06-08,0.0,33.9,26.7,6.28,0.164,Annamayya,AP
2026-06-09,2.7,33.9,24.8,6.3,0.161,Annamayya,AP
2026-06-10,0.5,34.0,26.2,6.79,0.188,Annamayya,AP
2026-06-11,0.0,33.1,26.1,6.41,0.16,Annamayya,AP
2026-06-12,5.7,35.0,25.1,5.91,0.135,Annamayya,AP
2026-06-13,2.4,32.7,24.8,4.32,0.146,Annamayya,AP
2026-06-14,2.3,31.7,23.9,4.89,0.183,Annamayya,AP
2026-06-15,0.1,34.5,25.8,7.1,0.168,Annamayya,AP
2026-06-16,0.0,34.8,26.7,7.2,0.155,Annamayya,AP
2026-06-17,0.0,35.2,26.9,6.95,0.176,Annamayya,AP
2026-06-18,0.1,34.5,27.0,6.47,0.182,Annamayya,AP
2026-06-19,0.1,33.2,26.5,4.72,0.209,Annamayya,AP
2026-06-20,0.0,32.5,27.0,5.06,0.206,Annamayya,AP
2026-06-21,0.6,33.7,27.3,5.83,0.172,Annamayya,AP
2026-06-22,5.0,35.8,23.7,6.02,0.15,Annamayya,AP
2026-06-23,0.4,34.2,26.2,6.84,0.263,Annamayya,AP
2026-06-24,0.1,34.1,26.5,7.64,0.242,Annamayya,AP
2026-06-25,0.3,34.6,26.3,7.6,0.205,Annamayya,AP
2026-06-26,0.1,34.0,26.4,6.98,0.218,Annamayya,AP
2026-06-27,2.8,34.4,25.2,6.59,0.151,Annamayya,AP
2026-06-28,7.6,34.9,25.1,5.72,0.274,Annamayya,AP
2026-06-29,3.8,34.4,25.3,6.97,0.315,Annamayya,AP
2026-06-30,1.4,33.5,25.2,7.15,0.315,Annamayya,AP
2026-07-01,1.6,32.9,26.1,6.48,0.271,Annamayya,AP
2026-07-02,4.8,34.5,25.3,5.84,0.254,Annamayya,AP
2026-07-03,0.5,33.1,25.9,6.14,0.26,Annamayya,AP
2026-07-04,0.6,32.4,25.0,6.04,0.21,Annamayya,AP
2026-07-05,0.7,34.1,25.0,6.99,0.193,Annamayya,AP
2026-07-06,0.5,34.7,26.0,7.31,0.196,Annamayya,AP
2026-07-07,0.3,34.8,26.7,7.35,0.211,Annamayya,AP
2026-07-08,0.3,34.3,26.5,6.77,0.201,Annamayya,AP
2026-07-09,0.5,34.7,26.3,7.15,0.186,Annamayya,AP
2026-07-10,0.1,33.5,26.2,6.2,0.183,Annamayya,AP
2026-07-11,0.0,35.2,25.8,7.73,0.17,Annamayya,AP
2026-07-12,0.0,35.2,25.9,8.06,0.16,Annamayya,AP
2026-07-13,0.0,35.6,25.9,8.8,0.144,Annamayya,AP
2026-07-14,0.0,35.5,25.7,7.99,0.135,Annamayya,AP
2026-07-15,0.0,34.9,26.1,8.16,0.128,Annamayya,AP
2026-07-16,0.5,33.4,26.6,6.67,0.127,Annamayya,AP
2026-07-17,28.1,33.8,24.1,6.0,0.168,Annamayya,AP
2026-07-18,1.5,32.6,24.0,5.03,0.13,Annamayya,AP
2026-07-19,0.2,34.3,26.2,6.83,0.086,Annamayya,AP
2026-07-20,5.3,33.4,23.7,4.94,0.085,Annamayya,AP
2026-07-21,1.5,33.8,25.7,6.41,0.124,Annamayya,AP
2026-07-22,1.2,34.3,26.1,5.28,0.11,Annamayya,AP
2026-07-23,2.5,35.3,26.0,6.92,0.124,Annamayya,AP
2026-07-24,0.9,34.4,25.6,6.85,0.144,Annamayya,AP
2026-07-25,0.1,33.4,25.9,6.62,0.139,Annamayya,AP
2026-07-26,1.4,34.5,26.2,7.09,0.133,Annamayya,AP
2026-07-27,1.8,34.2,26.0,6.51,0.122,Annamayya,AP
2026-07-28,1.0,35.2,26.4,7.24,0.125,Annamayya,AP
2026-07-29,2.5,34.2,26.3,7.12,0.14,Annamayya,AP
2026-07-30,1.2,33.7,26.2,7.26,0.173,Annamayya,AP
2026-07-31,1.9,35.2,25.9,6.97,0.154,Annamayya,AP
2026-08-01,0.2,33.5,26.5,6.85,0.121,Annamayya,AP
2026-08-02,0.3,34.4,25.3,6.88,0.086,Annamayya,AP
2026-08-03,1.4,33.6,24.9,6.36,0.154,Annamayya,AP
2026-08-04,2.3,32.3,24.7,6.01,0.199,Annamayya,AP
2026-08-05,1.0,33.8,24.5,6.76,0.16,Annamayya,AP
2026-08-06,10.9,33.7,23.8,5.91,0.104,Annamayya,AP
2026-08-07,3.1,31.9,23.8,5.42,0.254,Annamayya,AP
2026-08-08,2.0,32.3,25.7,5.64,0.224,Annamayya,AP
2026-08-09,1.2,33.0,25.3,6.43,0.217,Annamayya,AP
2026-08-10,1.6,34.0,25.7,7.09,0.19,Annamayya,AP
2026-08-11,0.0,34.0,25.7,7.21,0.147,Annamayya,AP
2026-08-12,1.3,34.2,26.1,6.98,0.11,Annamayya,AP
2026-08-13,0.6,33.4,26.2,6.42,0.084,Annamayya,AP
2026-08-14,0.1,34.7,25.8,7.37,0.032,Annamayya,AP
2026-08-15,0.1,35.0,26.2,7.67,0.033,Annamayya,AP
2026-08-16,0.2,34.5,26.0,7.64,0.016,Annamayya,AP
2026-08-17,0.6,34.6,26.1,7.86,0.052,Annamayya,AP
2026-08-18,0.3,34.7,25.8,7.84,0.023,Annamayya,AP
2026-08-19,2.2,33.7,25.9,6.39,0.018,Annamayya,AP
2026-08-20,0.7,33.9,25.9,7.44,0.023,Annamayya,AP
2026-08-21,0.3,34.2,25.6,7.01,0.012,Annamayya,AP
2026-08-22,2.5,34.4,25.0,7.0,0.036,Annamayya,AP
2026-08-23,2.5,34.7,25.2,7.19,0.03,Annamayya,AP
2026-08-24,3.1,32.4,25.5,4.98,0.094,Annamayya,AP
2026-08-25,2.5,33.4,25.0,5.9,0.158,Annamayya,AP
2026-08-26,1.5,34.6,25.3,7.08,0.146,Annamayya,AP
2026-08-27,0.0,33.9,25.6,7.23,0.104,Annamayya,AP
2026-08-28,1.4,33.8,25.4,7.39,0.114,Annamayya,AP
2026-08-29,0.4,34.5,25.3,8.2,0.116,Annamayya,AP
2026-08-30,1.9,34.3,25.5,7.68,0.131,Annamayya,AP
2026-08-31,0.1,33.4,24.9,7.22,0.146,Annamayya,AP
2026-09-01,0.1,33.7,25.8,7.21,0.15,Annamayya,AP
2026-09-02,0.0,33.8,25.5,6.17,0.108,Annamayya,AP
2026-09-03,1.4,34.0,25.9,6.6,0.036,Annamayya,AP
2026-09-04,5.4,34.7,23.9,6.43,0.025,Annamayya,AP
2026-09-05,1.0,35.4,24.9,6.73,0.016,Annamayya,AP
2026-09-06,0.3,35.7,27.4,7.04,0.012,Annamayya,AP
2026-09-07,0.2,35.8,26.6,7.38,0.015,Annamayya,AP
2026-09-08,2.1,35.2,25.0,7.06,0.025,Annamayya,AP
2026-09-09,1.4,35.0,25.0,6.82,0.066,Annamayya,AP
2026-09-10,0.0,34.9,27.4,6.88,0.07,Annamayya,AP
