date,precipitation_sum,temperature_2m_max,temperature_2m_min,et0_fao_evapotranspiration,soil_moisture_0_to_7cm_mean,district,state
2014-01-01,0.0,27.3,19.6,3.68,0.138,Bapatla,AP
2014-01-02,0.0,28.2,18.0,3.88,0.136,Bapatla,AP
2014-01-03,0.0,28.6,18.8,3.75,0.136,Bapatla,AP
2014-01-04,0.0,27.4,18.5,2.81,0.135,Bapatla,AP
2014-01-05,0.0,28.6,19.2,3.43,0.134,Bapatla,AP
2014-01-06,0.0,28.4,19.2,3.89,0.134,Bapatla,AP
2014-01-07,0.0,28.9,18.5,3.74,0.133,Bapatla,AP
2014-01-08,0.0,28.5,19.7,3.29,0.133,Bapatla,AP
2014-01-09,0.0,27.8,19.8,2.99,0.134,Bapatla,AP
2014-01-10,0.9,27.3,20.5,2.9,0.14,Bapatla,AP
2014-01-11,0.0,27.5,20.5,3.33,0.142,Bapatla,AP
2014-01-12,0.0,28.8,19.2,3.92,0.139,Bapatla,AP
2014-01-13,0.0,28.5,19.0,3.37,0.138,Bapatla,AP
2014-01-14,0.0,28.8,20.1,3.68,0.136,Bapatla,AP
2014-01-15,0.2,27.7,20.6,3.28,0.137,Bapatla,AP
2014-01-16,0.0,27.9,20.8,3.2,0.141,Bapatla,AP
2014-01-17,0.0,28.4,21.4,3.88,0.141,Bapatla,AP
2014-01-18,0.0,27.8,20.9,3.59,0.139,Bapatla,AP
2014-01-19,0.0,28.4,21.2,3.65,0.138,Bapatla,AP
2014-01-20,0.0,29.1,20.6,3.87,0.138,Bapatla,AP
2014-01-21,0.0,28.8,20.8,4.08,0.137,Bapatla,AP
2014-01-22,0.2,27.2,20.3,3.19,0.138,Bapatla,AP
2014-01-23,0.0,28.0,20.1,3.64,0.138,Bapatla,AP
2014-01-24,0.0,28.0,19.7,3.38,0.137,Bapatla,AP
2014-01-25,0.4,27.7,20.4,3.14,0.139,Bapatla,AP
2014-01-26,0.0,28.8,20.0,3.9,0.14,Bapatla,AP
2014-01-27,0.3,27.1,20.1,3.16,0.141,Bapatla,AP
2014-01-28,0.3,27.6,20.5,3.05,0.143,Bapatla,AP
2014-01-29,0.0,28.7,20.6,4.0,0.143,Bapatla,AP
2014-01-30,0.0,28.9,18.8,3.87,0.14,Bapatla,AP
2014-01-31,0.0,29.4,19.2,4.28,0.138,Bapatla,AP
2014-02-01,0.0,29.0,20.5,3.94,0.136,Bapatla,AP
2014-02-02,0.0,29.3,19.5,3.81,0.135,Bapatla,AP
2014-02-03,0.0,29.9,19.8,4.2,0.134,Bapatla,AP
2014-02-04,0.0,30.6,19.2,4.46,0.133,Bapatla,AP
2014-02-05,0.0,30.5,20.8,4.48,0.132,Bapatla,AP
2014-02-06,0.0,31.8,20.9,4.65,0.131,Bapatla,AP
2014-02-07,0.0,31.2,21.0,4.82,0.131,Bapatla,AP
2014-02-08,0.0,30.5,21.5,5.08,0.13,Bapatla,AP
2014-02-09,0.0,30.6,21.8,5.05,0.129,Bapatla,AP
2014-02-10,0.0,30.4,22.3,4.84,0.129,Bapatla,AP
2014-02-11,0.0,29.2,22.7,4.44,0.129,Bapatla,AP
2014-02-12,0.0,30.0,22.1,4.72,0.129,Bapatla,AP
2014-02-13,0.0,28.8,22.2,4.79,0.128,Bapatla,AP
2014-02-14,0.0,29.1,23.1,4.69,0.128,Bapatla,AP
2014-02-15,0.4,28.3,22.8,3.63,0.13,Bapatla,AP
2014-02-16,2.7,28.0,23.4,2.96,0.146,Bapatla,AP
2014-02-17,1.6,29.8,21.7,3.61,0.163,Bapatla,AP
2014-02-18,0.3,28.8,22.2,3.7,0.164,Bapatla,AP
2014-02-19,0.0,28.8,21.5,3.96,0.159,Bapatla,AP
2014-02-20,0.0,29.4,20.3,4.52,0.152,Bapatla,AP
2014-02-21,0.0,29.6,20.4,5.17,0.147,Bapatla,AP
2014-02-22,0.0,29.6,21.1,5.11,0.143,Bapatla,AP
2014-02-23,0.0,29.0,20.9,4.95,0.14,Bapatla,AP
2014-02-24,0.0,29.9,19.8,5.07,0.137,Bapatla,AP
2014-02-25,0.0,29.9,19.6,4.88,0.136,Bapatla,AP
2014-02-26,0.0,30.0,20.1,4.85,0.134,Bapatla,AP
2014-02-27,0.0,29.8,19.7,4.99,0.133,Bapatla,AP
2014-02-28,0.0,30.0,21.1,4.98,0.133,Bapatla,AP
2014-03-01,0.0,28.8,23.4,4.34,0.132,Bapatla,AP
2014-03-02,0.0,30.3,21.6,4.58,0.131,Bapatla,AP
2014-03-03,0.1,30.0,22.9,4.55,0.132,Bapatla,AP
2014-03-04,0.0,29.8,23.3,4.73,0.131,Bapatla,AP
2014-03-05,0.0,29.8,22.0,4.59,0.131,Bapatla,AP
2014-03-06,0.0,30.7,21.2,4.83,0.13,Bapatla,AP
2014-03-07,0.0,30.8,22.3,5.04,0.13,Bapatla,AP
2014-03-08,0.0,30.9,21.9,5.02,0.13,Bapatla,AP
2014-03-09,0.0,30.4,22.0,4.21,0.129,Bapatla,AP
2014-03-10,0.1,31.5,22.0,4.83,0.129,Bapatla,AP
2014-03-11,0.0,30.7,22.5,4.93,0.129,Bapatla,AP
2014-03-12,0.0,29.8,23.1,3.89,0.129,Bapatla,AP
2014-03-13,0.0,31.5,22.4,4.23,0.129,Bapatla,AP
2014-03-14,0.0,33.3,24.0,5.56,0.129,Bapatla,AP
2014-03-15,0.0,34.1,22.5,5.76,0.128,Bapatla,AP
2014-03-16,0.0,34.3,23.5,5.54,0.128,Bapatla,AP
2014-03-17,0.0,34.2,24.0,5.53,0.128,Bapatla,AP
2014-03-18,0.0,35.1,23.4,5.94,0.128,Bapatla,AP
2014-03-19,0.0,33.8,23.3,5.85,0.128,Bapatla,AP
2014-03-20,0.0,33.8,23.6,5.66,0.127,Bapatla,AP
2014-03-21,0.0,33.6,25.6,5.59,0.127,Bapatla,AP
2014-03-22,0.0,32.5,25.7,5.52,0.127,Bapatla,AP
2014-03-23,0.0,32.6,25.5,5.64,0.127,Bapatla,AP
2014-03-24,0.0,32.9,25.0,5.77,0.127,Bapatla,AP
2014-03-25,0.0,32.9,24.7,5.7,0.127,Bapatla,AP
2014-03-26,0.0,33.6,23.8,5.84,0.127,Bapatla,AP
2014-03-27,0.0,33.3,23.0,5.85,0.126,Bapatla,AP
2014-03-28,0.0,35.0,23.7,6.12,0.126,Bapatla,AP
2014-03-29,0.0,36.0,23.9,6.27,0.125,Bapatla,AP
2014-03-30,0.0,36.5,24.4,6.63,0.125,Bapatla,AP
2014-03-31,0.0,36.0,26.0,6.67,0.125,Bapatla,AP
2014-04-01,0.0,35.8,26.3,6.25,0.125,Bapatla,AP
2014-04-02,0.0,34.0,26.0,5.75,0.125,Bapatla,AP
2014-04-03,0.0,33.4,26.3,5.22,0.125,Bapatla,AP
2014-04-04,0.0,34.1,25.6,5.8,0.125,Bapatla,AP
2014-04-05,0.0,34.5,25.1,6.02,0.124,Bapatla,AP
2014-04-06,0.0,33.3,26.2,5.69,0.124,Bapatla,AP
2014-04-07,0.0,33.9,26.4,5.85,0.124,Bapatla,AP
2014-04-08,0.0,35.4,26.4,6.2,0.124,Bapatla,AP
2014-04-09,0.0,36.9,27.1,5.72,0.124,Bapatla,AP
2014-04-10,0.3,36.9,27.2,5.89,0.126,Bapatla,AP
2014-04-11,0.1,36.2,25.8,5.98,0.126,Bapatla,AP
2014-04-12,0.0,33.7,27.3,5.13,0.126,Bapatla,AP
2014-04-13,0.0,33.3,27.2,5.49,0.126,Bapatla,AP
2014-04-14,0.0,33.3,25.8,5.53,0.126,Bapatla,AP
2014-04-15,0.1,34.0,26.2,5.74,0.126,Bapatla,AP
2014-04-16,0.0,33.6,26.2,5.93,0.126,Bapatla,AP
2014-04-17,0.0,33.9,26.2,5.97,0.125,Bapatla,AP
2014-04-18,0.0,34.4,26.5,5.81,0.125,Bapatla,AP
2014-04-19,0.0,35.3,25.5,6.14,0.125,Bapatla,AP
2014-04-20,0.1,34.9,24.8,5.75,0.124,Bapatla,AP
2014-04-21,0.0,35.3,25.7,6.17,0.124,Bapatla,AP
2014-04-22,0.0,35.6,24.9,6.09,0.124,Bapatla,AP
2014-04-23,0.0,35.2,25.0,6.09,0.124,Bapatla,AP
2014-04-24,0.0,35.2,25.8,6.3,0.124,Bapatla,AP
2014-04-25,0.0,36.0,27.1,6.28,0.124,Bapatla,AP
2014-04-26,0.0,35.8,27.9,6.31,0.123,Bapatla,AP
2014-04-27,0.0,34.0,27.5,5.77,0.123,Bapatla,AP
2014-04-28,0.0,34.5,27.5,6.08,0.123,Bapatla,AP
2014-04-29,0.0,33.9,27.2,6.1,0.123,Bapatla,AP
2014-04-30,0.0,33.8,27.9,5.2,0.123,Bapatla,AP
2014-05-01,0.0,34.8,27.5,6.08,0.123,Bapatla,AP
2014-05-02,0.1,35.0,28.2,6.13,0.123,Bapatla,AP
2014-05-03,0.0,34.7,28.5,5.71,0.124,Bapatla,AP
2014-05-04,1.0,34.8,28.0,5.76,0.129,Bapatla,AP
2014-05-05,5.1,32.6,26.6,5.08,0.17,Bapatla,AP
2014-05-06,2.8,32.3,27.0,4.61,0.208,Bapatla,AP
2014-05-07,3.2,32.7,27.4,5.11,0.228,Bapatla,AP
2014-05-08,3.0,32.4,27.2,4.56,0.232,Bapatla,AP
2014-05-09,18.9,31.7,26.0,3.83,0.279,Bapatla,AP
2014-05-10,4.8,34.0,27.3,4.92,0.281,Bapatla,AP
2014-05-11,0.0,37.3,28.0,6.1,0.235,Bapatla,AP
2014-05-12,0.0,38.1,28.2,6.15,0.202,Bapatla,AP
2014-05-13,0.0,38.2,28.6,5.89,0.178,Bapatla,AP
2014-05-14,0.0,39.7,28.0,6.01,0.161,Bapatla,AP
2014-05-15,0.0,40.0,28.3,6.63,0.149,Bapatla,AP
2014-05-16,0.0,40.2,28.7,6.71,0.142,Bapatla,AP
2014-05-17,1.4,38.1,29.3,5.94,0.14,Bapatla,AP
2014-05-18,0.0,37.2,28.8,6.24,0.14,Bapatla,AP
2014-05-19,0.0,35.4,28.6,5.83,0.137,Bapatla,AP
2014-05-20,0.0,36.1,28.1,6.2,0.135,Bapatla,AP
2014-05-21,0.0,39.8,28.6,6.49,0.133,Bapatla,AP
2014-05-22,2.3,41.4,30.0,7.45,0.14,Bapatla,AP
2014-05-23,0.0,42.7,30.8,7.97,0.152,Bapatla,AP
2014-05-24,0.0,39.3,29.1,6.51,0.142,Bapatla,AP
2014-05-25,0.0,39.0,29.2,6.2,0.138,Bapatla,AP
2014-05-26,0.9,36.2,29.1,4.78,0.141,Bapatla,AP
2014-05-27,0.0,37.2,29.3,6.48,0.138,Bapatla,AP
2014-05-28,0.3,38.0,28.5,6.25,0.137,Bapatla,AP
2014-05-29,0.0,38.9,29.2,6.52,0.135,Bapatla,AP
2014-05-30,0.0,40.3,29.0,6.75,0.133,Bapatla,AP
2014-05-31,0.0,41.1,29.7,6.84,0.132,Bapatla,AP
2014-06-01,0.0,39.8,30.2,6.93,0.131,Bapatla,AP
2014-06-02,0.0,35.7,29.5,5.94,0.13,Bapatla,AP
2014-06-03,4.3,37.6,26.8,5.59,0.165,Bapatla,AP
2014-06-04,0.0,37.0,29.0,5.98,0.158,Bapatla,AP
2014-06-05,0.7,38.3,28.8,6.3,0.151,Bapatla,AP
2014-06-06,0.0,41.0,30.1,7.0,0.143,Bapatla,AP
2014-06-07,0.4,42.3,31.4,7.93,0.138,Bapatla,AP
2014-06-08,1.9,41.9,29.2,7.67,0.139,Bapatla,AP
2014-06-09,0.6,37.3,28.9,6.0,0.156,Bapatla,AP
2014-06-10,0.0,39.4,29.8,7.52,0.147,Bapatla,AP
2014-06-11,0.4,39.9,30.8,8.04,0.142,Bapatla,AP
2014-06-12,0.3,40.6,31.1,8.8,0.14,Bapatla,AP
2014-06-13,7.8,39.6,27.9,7.58,0.152,Bapatla,AP
2014-06-14,6.3,34.5,27.0,4.62,0.271,Bapatla,AP
2014-06-15,0.0,37.3,29.4,7.32,0.232,Bapatla,AP
2014-06-16,0.1,38.8,30.1,7.91,0.193,Bapatla,AP
2014-06-17,0.4,39.8,30.7,8.14,0.168,Bapatla,AP
2014-06-18,0.0,38.7,30.8,7.77,0.153,Bapatla,AP
2014-06-19,0.2,36.7,29.8,7.11,0.146,Bapatla,AP
2014-06-20,0.0,36.4,29.7,5.77,0.142,Bapatla,AP
2014-06-21,0.0,38.9,30.5,8.08,0.139,Bapatla,AP
2014-06-22,0.0,39.1,30.8,8.53,0.136,Bapatla,AP
2014-06-23,0.0,39.9,31.2,8.82,0.133,Bapatla,AP
2014-06-24,0.0,40.8,31.4,9.39,0.131,Bapatla,AP
2014-06-25,0.0,40.8,31.7,8.79,0.13,Bapatla,AP
2014-06-26,1.2,39.4,30.1,7.52,0.132,Bapatla,AP
2014-06-27,0.3,37.0,29.2,4.31,0.138,Bapatla,AP
2014-06-28,6.3,31.9,27.6,3.55,0.195,Bapatla,AP
2014-06-29,1.9,36.2,27.5,4.92,0.216,Bapatla,AP
2014-06-30,0.0,37.7,28.1,5.84,0.192,Bapatla,AP
2014-07-01,0.4,39.2,30.1,7.06,0.17,Bapatla,AP
2014-07-02,0.1,37.1,29.1,4.64,0.16,Bapatla,AP
2014-07-03,0.0,39.4,30.0,7.29,0.15,Bapatla,AP
2014-07-04,0.0,38.3,31.0,7.08,0.142,Bapatla,AP
2014-07-05,5.9,38.4,28.1,5.71,0.157,Bapatla,AP
2014-07-06,14.6,35.3,27.7,4.96,0.247,Bapatla,AP
2014-07-07,7.6,34.6,27.0,5.11,0.307,Bapatla,AP
2014-07-08,7.2,32.2,27.3,4.16,0.305,Bapatla,AP
2014-07-09,13.4,32.3,26.7,3.8,0.329,Bapatla,AP
2014-07-10,6.1,32.4,26.7,3.88,0.318,Bapatla,AP
2014-07-11,4.4,31.2,26.5,3.69,0.317,Bapatla,AP
2014-07-12,11.7,29.9,25.2,2.65,0.334,Bapatla,AP
2014-07-13,3.5,30.6,25.9,3.54,0.327,Bapatla,AP
2014-07-14,1.1,31.6,27.3,4.1,0.293,Bapatla,AP
2014-07-15,6.5,29.3,25.6,2.72,0.318,Bapatla,AP
2014-07-16,0.0,31.3,27.2,4.06,0.3,Bapatla,AP
2014-07-17,0.0,32.6,27.5,4.64,0.269,Bapatla,AP
2014-07-18,0.0,32.5,27.7,4.19,0.244,Bapatla,AP
2014-07-19,0.1,31.5,28.1,4.18,0.225,Bapatla,AP
2014-07-20,0.4,32.1,27.5,4.61,0.21,Bapatla,AP
2014-07-21,0.0,32.7,28.0,5.15,0.196,Bapatla,AP
2014-07-22,1.2,32.9,27.5,5.02,0.185,Bapatla,AP
2014-07-23,0.2,34.0,27.9,6.02,0.181,Bapatla,AP
2014-07-24,0.0,34.5,27.5,5.67,0.17,Bapatla,AP
2014-07-25,0.0,35.7,27.7,6.79,0.159,Bapatla,AP
2014-07-26,0.9,35.5,28.0,5.47,0.155,Bapatla,AP
2014-07-27,22.0,28.6,25.3,1.89,0.272,Bapatla,AP
2014-07-28,57.6,25.6,25.0,1.04,0.397,Bapatla,AP
2014-07-29,30.7,28.3,24.6,1.69,0.388,Bapatla,AP
2014-07-30,13.8,30.9,25.1,3.16,0.378,Bapatla,AP
2014-07-31,0.3,29.7,26.1,3.38,0.356,Bapatla,AP
2014-08-01,0.6,33.0,27.0,4.98,0.322,Bapatla,AP
2014-08-02,0.2,32.3,27.1,4.92,0.299,Bapatla,AP
2014-08-03,0.0,32.4,27.4,4.54,0.276,Bapatla,AP
2014-08-04,0.2,32.4,27.3,4.92,0.257,Bapatla,AP
2014-08-05,3.0,32.3,26.0,4.82,0.264,Bapatla,AP
2014-08-06,0.0,33.6,27.1,5.85,0.243,Bapatla,AP
2014-08-07,0.3,33.6,27.6,5.3,0.222,Bapatla,AP
2014-08-08,0.8,33.4,27.0,5.33,0.217,Bapatla,AP
2014-08-09,0.6,33.7,26.6,5.38,0.207,Bapatla,AP
2014-08-10,0.1,33.5,27.8,4.86,0.19,Bapatla,AP
2014-08-11,1.8,33.7,26.9,4.57,0.188,Bapatla,AP
2014-08-12,1.1,33.8,27.3,4.6,0.194,Bapatla,AP
2014-08-13,0.2,34.8,27.7,5.58,0.184,Bapatla,AP
2014-08-14,2.1,35.4,29.0,5.88,0.176,Bapatla,AP
2014-08-15,0.0,34.9,28.5,5.46,0.178,Bapatla,AP
2014-08-16,0.0,33.1,28.1,3.85,0.166,Bapatla,AP
2014-08-17,4.8,32.6,26.9,3.64,0.164,Bapatla,AP
2014-08-18,5.2,33.4,25.7,4.54,0.268,Bapatla,AP
2014-08-19,0.3,32.5,26.6,4.78,0.248,Bapatla,AP
2014-08-20,0.3,33.0,27.4,5.19,0.222,Bapatla,AP
2014-08-21,0.0,33.3,27.4,5.41,0.2,Bapatla,AP
2014-08-22,0.8,32.3,26.8,5.03,0.188,Bapatla,AP
2014-08-23,4.2,31.7,26.9,4.3,0.195,Bapatla,AP
2014-08-24,0.9,31.9,25.9,3.69,0.219,Bapatla,AP
2014-08-25,5.4,33.5,26.6,3.7,0.241,Bapatla,AP
2014-08-26,8.8,33.1,26.4,3.22,0.29,Bapatla,AP
2014-08-27,17.4,26.5,24.9,1.3,0.356,Bapatla,AP
2014-08-28,28.1,26.4,24.4,1.11,0.381,Bapatla,AP
2014-08-29,22.7,26.8,24.1,1.49,0.382,Bapatla,AP
2014-08-30,13.1,29.9,25.3,3.0,0.366,Bapatla,AP
2014-08-31,3.5,30.7,26.2,3.61,0.339,Bapatla,AP
2014-09-01,0.8,31.9,26.7,4.56,0.326,Bapatla,AP
2014-09-02,0.7,29.9,26.9,3.01,0.311,Bapatla,AP
2014-09-03,0.0,32.4,26.8,4.72,0.298,Bapatla,AP
2014-09-04,0.4,31.5,26.6,4.11,0.278,Bapatla,AP
2014-09-05,2.1,31.1,26.1,3.26,0.27,Bapatla,AP
2014-09-06,23.2,26.7,25.2,1.63,0.332,Bapatla,AP
2014-09-07,1.0,30.8,25.0,4.22,0.349,Bapatla,AP
2014-09-08,0.1,31.9,25.9,5.17,0.311,Bapatla,AP
2014-09-09,0.0,32.7,26.1,5.4,0.285,Bapatla,AP
2014-09-10,0.2,32.3,26.3,5.35,0.26,Bapatla,AP
2014-09-11,0.5,31.6,25.5,4.25,0.245,Bapatla,AP
2014-09-12,18.1,32.6,25.5,4.61,0.279,Bapatla,AP
2014-09-13,3.3,32.3,26.4,4.04,0.325,Bapatla,AP
2014-09-14,1.7,32.6,26.1,4.07,0.311,Bapatla,AP
2014-09-15,13.1,31.5,25.3,3.6,0.345,Bapatla,AP
2014-09-16,11.2,29.0,24.8,1.82,0.369,Bapatla,AP
2014-09-17,12.9,29.9,25.3,1.93,0.384,Bapatla,AP
2014-09-18,44.9,31.0,24.7,2.83,0.397,Bapatla,AP
2014-09-19,28.7,30.9,24.8,2.83,0.396,Bapatla,AP
2014-09-20,19.4,28.8,24.6,1.83,0.379,Bapatla,AP
2014-09-21,0.4,32.5,26.1,4.57,0.339,Bapatla,AP
2014-09-22,0.3,32.3,26.3,4.28,0.325,Bapatla,AP
2014-09-23,0.0,32.6,26.6,4.69,0.308,Bapatla,AP
2014-09-24,10.5,31.9,26.2,3.59,0.353,Bapatla,AP
2014-09-25,3.3,31.2,25.6,3.32,0.354,Bapatla,AP
2014-09-26,5.2,31.1,25.9,4.19,0.356,Bapatla,AP
2014-09-27,1.8,30.9,26.2,4.17,0.344,Bapatla,AP
2014-09-28,1.7,30.7,25.0,4.05,0.328,Bapatla,AP
2014-09-29,4.2,30.9,25.6,4.0,0.331,Bapatla,AP
2014-09-30,0.0,32.1,25.5,4.61,0.319,Bapatla,AP
2014-10-01,0.3,31.8,24.9,4.69,0.296,Bapatla,AP
2014-10-02,3.5,32.1,25.8,4.45,0.298,Bapatla,AP
2014-10-03,4.6,31.1,26.0,3.81,0.324,Bapatla,AP
2014-10-04,0.2,31.3,25.6,4.38,0.313,Bapatla,AP
2014-10-05,3.4,32.2,26.5,4.29,0.305,Bapatla,AP
2014-10-06,5.6,31.4,24.8,3.85,0.333,Bapatla,AP
2014-10-07,4.1,30.4,24.7,3.92,0.341,Bapatla,AP
2014-10-08,3.8,31.2,24.8,3.91,0.332,Bapatla,AP
2014-10-09,0.3,31.1,24.9,3.43,0.324,Bapatla,AP
2014-10-10,0.0,31.9,26.2,3.82,0.302,Bapatla,AP
2014-10-11,0.0,33.5,27.7,5.18,0.28,Bapatla,AP
2014-10-12,0.7,32.4,27.7,4.94,0.257,Bapatla,AP
2014-10-13,0.3,32.9,28.0,4.96,0.242,Bapatla,AP
2014-10-14,0.9,32.1,27.4,4.47,0.229,Bapatla,AP
2014-10-15,0.7,29.7,26.0,3.41,0.225,Bapatla,AP
2014-10-16,3.2,31.1,25.1,3.86,0.23,Bapatla,AP
2014-10-17,0.3,31.7,25.2,4.26,0.233,Bapatla,AP
2014-10-18,1.5,30.5,24.4,3.73,0.231,Bapatla,AP
2014-10-19,5.6,30.5,25.1,3.07,0.253,Bapatla,AP
2014-10-20,1.3,29.9,24.9,2.77,0.281,Bapatla,AP
2014-10-21,0.2,30.6,24.5,4.0,0.265,Bapatla,AP
2014-10-22,0.0,30.9,25.0,4.26,0.244,Bapatla,AP
2014-10-23,0.0,30.9,24.0,4.13,0.225,Bapatla,AP
2014-10-24,4.2,30.4,24.3,3.53,0.236,Bapatla,AP
2014-10-25,9.9,29.5,25.0,2.87,0.312,Bapatla,AP
2014-10-26,9.7,27.9,24.5,2.18,0.34,Bapatla,AP
2014-10-27,7.9,28.0,23.6,2.11,0.35,Bapatla,AP
2014-10-28,1.1,28.8,23.1,3.03,0.323,Bapatla,AP
2014-10-29,0.1,30.1,24.0,3.92,0.301,Bapatla,AP
2014-10-30,0.0,30.1,21.9,4.18,0.279,Bapatla,AP
2014-10-31,0.0,30.3,22.6,4.41,0.259,Bapatla,AP
2014-11-01,1.2,29.1,24.2,3.16,0.249,Bapatla,AP
2014-11-02,0.0,30.8,24.1,3.87,0.242,Bapatla,AP
2014-11-03,0.0,30.5,23.2,3.64,0.227,Bapatla,AP
2014-11-04,0.0,31.6,23.0,4.45,0.214,Bapatla,AP
2014-11-05,0.0,31.6,21.2,5.1,0.199,Bapatla,AP
2014-11-06,0.0,31.9,22.6,4.64,0.186,Bapatla,AP
2014-11-07,0.0,32.3,21.9,4.83,0.175,Bapatla,AP
2014-11-08,1.0,31.3,22.5,3.92,0.167,Bapatla,AP
2014-11-09,20.0,26.1,23.2,1.27,0.229,Bapatla,AP
2014-11-10,2.8,30.2,23.5,3.34,0.325,Bapatla,AP
2014-11-11,0.6,29.9,24.3,3.38,0.293,Bapatla,AP
2014-11-12,5.3,27.7,24.2,1.53,0.299,Bapatla,AP
2014-11-13,11.4,27.4,24.1,1.4,0.355,Bapatla,AP
2014-11-14,6.4,29.3,24.3,2.7,0.34,Bapatla,AP
2014-11-15,0.0,29.6,23.0,3.49,0.334,Bapatla,AP
2014-11-16,0.0,29.5,21.1,3.71,0.31,Bapatla,AP
2014-11-17,0.0,30.1,21.3,3.86,0.292,Bapatla,AP
2014-11-18,0.0,29.8,21.7,3.78,0.276,Bapatla,AP
2014-11-19,1.3,29.1,23.1,2.91,0.269,Bapatla,AP
2014-11-20,0.0,29.5,23.5,3.41,0.265,Bapatla,AP
2014-11-21,0.0,29.8,22.6,3.83,0.252,Bapatla,AP
2014-11-22,0.0,29.8,21.3,3.93,0.237,Bapatla,AP
2014-11-23,0.0,29.7,21.0,3.75,0.224,Bapatla,AP
2014-11-24,0.0,29.0,22.1,3.32,0.213,Bapatla,AP
2014-11-25,0.0,29.3,21.9,4.03,0.203,Bapatla,AP
2014-11-26,0.0,29.2,20.7,3.98,0.192,Bapatla,AP
2014-11-27,0.0,29.2,20.4,3.83,0.182,Bapatla,AP
2014-11-28,0.0,29.3,20.8,3.43,0.175,Bapatla,AP
2014-11-29,0.0,30.1,21.6,3.99,0.168,Bapatla,AP
2014-11-30,0.0,30.6,20.3,4.33,0.161,Bapatla,AP
2014-12-01,0.0,30.2,21.1,4.05,0.155,Bapatla,AP
2014-12-02,0.0,30.1,19.6,3.99,0.151,Bapatla,AP
2014-12-03,0.0,30.3,19.4,4.07,0.148,Bapatla,AP
2014-12-04,0.0,30.0,21.2,4.07,0.145,Bapatla,AP
2014-12-05,0.0,29.4,19.8,3.9,0.143,Bapatla,AP
2014-12-06,0.0,29.2,19.9,3.87,0.141,Bapatla,AP
2014-12-07,0.0,30.0,20.9,3.87,0.139,Bapatla,AP
2014-12-08,0.0,30.3,21.8,3.66,0.138,Bapatla,AP
2014-12-09,0.0,30.3,22.6,3.83,0.137,Bapatla,AP
2014-12-10,0.0,29.2,23.5,3.14,0.138,Bapatla,AP
2014-12-11,0.1,27.7,23.7,2.23,0.143,Bapatla,AP
2014-12-12,0.0,29.2,23.0,3.47,0.144,Bapatla,AP
2014-12-13,0.0,28.9,22.4,3.53,0.141,Bapatla,AP
2014-12-14,0.0,29.1,21.6,3.36,0.14,Bapatla,AP
2014-12-15,0.0,30.0,22.7,3.44,0.138,Bapatla,AP
2014-12-16,0.0,30.5,22.5,3.61,0.137,Bapatla,AP
2014-12-17,0.0,29.2,22.7,3.39,0.136,Bapatla,AP
2014-12-18,0.0,28.2,22.5,2.97,0.137,Bapatla,AP
2014-12-19,0.0,29.1,21.5,4.18,0.136,Bapatla,AP
2014-12-20,0.0,28.2,19.4,4.04,0.135,Bapatla,AP
2014-12-21,0.0,28.6,19.4,4.16,0.133,Bapatla,AP
2014-12-22,0.0,28.3,19.3,4.04,0.133,Bapatla,AP
2014-12-23,0.0,28.8,19.7,4.5,0.132,Bapatla,AP
2014-12-24,0.0,28.9,19.5,4.13,0.131,Bapatla,AP
2014-12-25,0.0,28.6,19.4,3.52,0.131,Bapatla,AP
2014-12-26,0.0,29.1,19.5,3.98,0.131,Bapatla,AP
2014-12-27,0.0,28.3,19.0,3.73,0.13,Bapatla,AP
2014-12-28,0.0,28.8,20.7,4.34,0.13,Bapatla,AP
2014-12-29,1.9,27.4,20.5,3.31,0.142,Bapatla,AP
2014-12-30,0.2,28.4,20.7,3.29,0.185,Bapatla,AP
2014-12-31,0.0,30.3,22.0,3.88,0.176,Bapatla,AP
2015-01-01,0.0,28.1,22.5,3.31,0.168,Bapatla,AP
2015-01-02,2.1,27.8,24.1,2.83,0.173,Bapatla,AP
2015-01-03,1.5,28.3,23.4,2.74,0.183,Bapatla,AP
2015-01-04,1.6,28.7,22.2,2.92,0.199,Bapatla,AP
2015-01-05,0.0,30.3,21.7,3.61,0.194,Bapatla,AP
2015-01-06,0.2,29.2,21.5,3.2,0.185,Bapatla,AP
2015-01-07,0.0,29.7,21.4,3.37,0.178,Bapatla,AP
2015-01-08,0.5,27.7,22.4,2.97,0.175,Bapatla,AP
2015-01-09,0.0,29.7,20.0,4.2,0.169,Bapatla,AP
2015-01-10,0.0,28.2,16.7,3.92,0.159,Bapatla,AP
2015-01-11,0.0,28.1,18.2,3.95,0.153,Bapatla,AP
2015-01-12,0.0,28.4,18.2,4.08,0.147,Bapatla,AP
2015-01-13,0.0,28.8,17.8,4.18,0.144,Bapatla,AP
2015-01-14,0.0,28.4,19.5,3.84,0.141,Bapatla,AP
2015-01-15,0.0,28.9,19.1,3.77,0.139,Bapatla,AP
2015-01-16,0.0,30.1,20.2,3.97,0.138,Bapatla,AP
2015-01-17,0.0,29.6,18.3,4.18,0.136,Bapatla,AP
2015-01-18,0.0,29.5,18.1,4.26,0.135,Bapatla,AP
2015-01-19,0.0,29.3,19.2,4.42,0.134,Bapatla,AP
2015-01-20,0.0,27.9,20.0,4.1,0.133,Bapatla,AP
2015-01-21,0.0,28.0,19.8,4.5,0.132,Bapatla,AP
2015-01-22,0.0,28.6,18.8,4.5,0.132,Bapatla,AP
2015-01-23,0.0,29.2,19.8,4.28,0.131,Bapatla,AP
2015-01-24,0.0,29.8,18.8,4.4,0.131,Bapatla,AP
2015-01-25,0.0,29.0,18.0,4.27,0.13,Bapatla,AP
2015-01-26,0.0,28.8,19.9,4.19,0.13,Bapatla,AP
2015-01-27,0.0,28.7,18.9,4.12,0.129,Bapatla,AP
2015-01-28,0.0,28.8,18.8,4.0,0.129,Bapatla,AP
2015-01-29,0.0,28.2,20.7,3.41,0.129,Bapatla,AP
2015-01-30,0.0,29.1,20.1,3.53,0.13,Bapatla,AP
2015-01-31,0.0,29.3,19.4,3.74,0.13,Bapatla,AP
2015-02-01,0.5,28.0,20.4,3.13,0.134,Bapatla,AP
2015-02-02,0.0,28.4,21.5,3.62,0.138,Bapatla,AP
2015-02-03,0.0,29.4,20.2,4.36,0.138,Bapatla,AP
2015-02-04,0.0,30.1,18.1,4.48,0.136,Bapatla,AP
2015-02-05,0.0,29.7,17.1,4.46,0.134,Bapatla,AP
2015-02-06,0.0,29.8,17.6,4.43,0.133,Bapatla,AP
2015-02-07,0.0,29.6,18.4,4.36,0.132,Bapatla,AP
2015-02-08,0.0,29.7,20.6,4.46,0.131,Bapatla,AP
2015-02-09,0.0,29.1,21.2,4.5,0.131,Bapatla,AP
2015-02-10,0.0,29.4,21.5,4.27,0.13,Bapatla,AP
2015-02-11,0.0,30.3,20.4,4.61,0.13,Bapatla,AP
2015-02-12,0.0,30.1,20.4,4.36,0.13,Bapatla,AP
2015-02-13,0.0,30.2,20.3,4.78,0.129,Bapatla,AP
2015-02-14,0.0,32.1,21.3,4.8,0.129,Bapatla,AP
2015-02-15,0.0,31.0,22.1,4.65,0.129,Bapatla,AP
2015-02-16,0.0,30.7,22.7,4.5,0.128,Bapatla,AP
2015-02-17,0.0,30.4,21.9,4.67,0.128,Bapatla,AP
2015-02-18,0.0,31.1,23.2,5.14,0.128,Bapatla,AP
2015-02-19,0.0,30.1,23.1,4.56,0.128,Bapatla,AP
2015-02-20,0.0,30.4,22.5,4.86,0.128,Bapatla,AP
2015-02-21,0.0,31.0,21.6,4.76,0.128,Bapatla,AP
2015-02-22,0.0,31.3,22.4,4.68,0.127,Bapatla,AP
2015-02-23,0.0,31.9,21.6,5.18,0.127,Bapatla,AP
2015-02-24,0.0,31.4,20.0,5.27,0.127,Bapatla,AP
2015-02-25,0.0,31.2,19.3,5.29,0.126,Bapatla,AP
2015-02-26,0.0,30.4,20.4,5.34,0.126,Bapatla,AP
2015-02-27,0.0,30.8,20.0,5.34,0.126,Bapatla,AP
2015-02-28,0.0,30.1,22.8,5.16,0.126,Bapatla,AP
2015-03-01,0.0,30.1,24.1,4.67,0.126,Bapatla,AP
2015-03-02,0.7,29.7,24.6,4.06,0.129,Bapatla,AP
2015-03-03,0.5,31.2,24.0,4.23,0.132,Bapatla,AP
2015-03-04,0.0,31.8,24.7,4.28,0.133,Bapatla,AP
2015-03-05,0.4,32.4,24.8,4.5,0.134,Bapatla,AP
2015-03-06,0.8,32.3,24.8,4.68,0.136,Bapatla,AP
2015-03-07,1.8,31.8,24.1,4.48,0.144,Bapatla,AP
2015-03-08,0.5,31.6,24.7,4.85,0.149,Bapatla,AP
2015-03-09,0.7,32.2,24.2,4.56,0.147,Bapatla,AP
2015-03-10,0.0,33.9,23.2,5.53,0.145,Bapatla,AP
2015-03-11,0.0,33.1,20.5,5.69,0.141,Bapatla,AP
2015-03-12,0.0,33.6,22.0,5.6,0.138,Bapatla,AP
2015-03-13,0.0,33.4,23.1,5.46,0.136,Bapatla,AP
2015-03-14,0.0,31.8,22.7,5.42,0.134,Bapatla,AP
2015-03-15,0.0,32.2,24.4,5.55,0.133,Bapatla,AP
2015-03-16,0.0,32.0,23.8,5.39,0.132,Bapatla,AP
2015-03-17,0.0,33.3,23.1,5.57,0.131,Bapatla,AP
2015-03-18,0.0,34.2,22.4,5.88,0.13,Bapatla,AP
2015-03-19,0.0,33.7,23.6,5.03,0.13,Bapatla,AP
2015-03-20,0.0,34.1,24.2,5.65,0.129,Bapatla,AP
2015-03-21,0.0,34.5,23.6,5.61,0.129,Bapatla,AP
2015-03-22,0.0,36.0,24.6,5.92,0.128,Bapatla,AP
2015-03-23,0.0,34.3,24.4,5.74,0.128,Bapatla,AP
2015-03-24,0.0,34.1,25.1,5.57,0.128,Bapatla,AP
2015-03-25,0.0,32.7,26.1,5.05,0.128,Bapatla,AP
2015-03-26,0.0,32.9,25.7,5.55,0.128,Bapatla,AP
2015-03-27,0.0,33.1,25.2,5.69,0.128,Bapatla,AP
2015-03-28,0.0,33.3,25.1,5.89,0.127,Bapatla,AP
2015-03-29,0.0,33.0,26.7,5.76,0.127,Bapatla,AP
2015-03-30,0.0,32.9,26.8,5.77,0.127,Bapatla,AP
2015-03-31,0.0,32.7,26.1,4.68,0.128,Bapatla,AP
2015-04-01,0.0,33.3,26.4,5.62,0.128,Bapatla,AP
2015-04-02,0.0,34.0,26.9,5.97,0.128,Bapatla,AP
2015-04-03,0.0,35.9,27.4,5.78,0.128,Bapatla,AP
2015-04-04,0.0,36.6,27.9,5.87,0.128,Bapatla,AP
2015-04-05,0.0,34.3,27.9,5.8,0.128,Bapatla,AP
2015-04-06,0.0,33.6,27.7,5.96,0.128,Bapatla,AP
2015-04-07,0.0,33.6,27.3,5.93,0.128,Bapatla,AP
2015-04-08,0.0,33.2,26.9,6.08,0.128,Bapatla,AP
2015-04-09,0.0,33.6,27.4,5.76,0.128,Bapatla,AP
2015-04-10,0.0,33.7,26.7,5.98,0.128,Bapatla,AP
2015-04-11,0.0,34.4,26.5,6.23,0.128,Bapatla,AP
2015-04-12,0.3,32.8,26.6,4.46,0.129,Bapatla,AP
2015-04-13,1.3,32.0,26.4,4.73,0.133,Bapatla,AP
2015-04-14,5.8,31.8,25.0,4.89,0.151,Bapatla,AP
2015-04-15,8.7,29.8,24.7,4.36,0.194,Bapatla,AP
2015-04-16,5.4,30.0,23.4,3.97,0.266,Bapatla,AP
2015-04-17,0.5,32.9,24.4,5.05,0.25,Bapatla,AP
2015-04-18,0.8,33.8,25.8,5.44,0.224,Bapatla,AP
2015-04-19,0.0,33.8,25.7,5.92,0.202,Bapatla,AP
2015-04-20,0.0,34.4,27.1,5.96,0.18,Bapatla,AP
2015-04-21,0.0,34.8,28.0,6.09,0.165,Bapatla,AP
2015-04-22,0.0,35.4,28.1,6.55,0.155,Bapatla,AP
2015-04-23,0.0,36.5,28.5,6.21,0.148,Bapatla,AP
2015-04-24,2.4,36.6,28.8,5.29,0.154,Bapatla,AP
2015-04-25,4.5,32.2,26.6,4.79,0.197,Bapatla,AP
2015-04-26,1.1,32.8,27.4,5.26,0.204,Bapatla,AP
2015-04-27,0.0,33.7,26.9,5.91,0.188,Bapatla,AP
2015-04-28,0.0,34.7,27.5,6.26,0.17,Bapatla,AP
2015-04-29,0.0,34.5,28.0,6.21,0.158,Bapatla,AP
2015-04-30,0.0,38.1,28.0,6.31,0.149,Bapatla,AP
2015-05-01,0.2,37.6,28.2,6.5,0.144,Bapatla,AP
2015-05-02,0.3,37.0,28.3,6.4,0.141,Bapatla,AP
2015-05-03,0.0,35.2,28.4,5.68,0.139,Bapatla,AP
2015-05-04,0.1,34.1,27.8,5.97,0.137,Bapatla,AP
2015-05-05,0.0,34.9,26.3,6.17,0.136,Bapatla,AP
2015-05-06,0.6,34.5,27.9,5.85,0.135,Bapatla,AP
2015-05-07,0.3,35.4,28.0,6.2,0.135,Bapatla,AP
2015-05-08,0.0,36.0,27.6,6.03,0.133,Bapatla,AP
2015-05-09,0.0,34.8,27.8,5.74,0.132,Bapatla,AP
2015-05-10,0.0,35.6,28.0,5.64,0.132,Bapatla,AP
2015-05-11,0.0,35.5,28.8,6.14,0.131,Bapatla,AP
2015-05-12,0.4,36.6,27.8,6.31,0.13,Bapatla,AP
2015-05-13,0.0,33.7,28.6,4.77,0.131,Bapatla,AP
2015-05-14,1.1,34.2,28.3,4.9,0.136,Bapatla,AP
2015-05-15,12.9,32.2,27.6,4.37,0.211,Bapatla,AP
2015-05-16,11.9,32.0,26.7,4.03,0.289,Bapatla,AP
2015-05-17,2.7,31.6,26.6,3.06,0.281,Bapatla,AP
2015-05-18,0.0,35.2,26.8,5.5,0.251,Bapatla,AP
2015-05-19,0.0,38.6,29.0,6.57,0.216,Bapatla,AP
2015-05-20,0.0,40.8,30.6,7.55,0.185,Bapatla,AP
2015-05-21,0.0,40.9,31.0,7.36,0.163,Bapatla,AP
2015-05-22,0.0,42.4,31.2,7.61,0.15,Bapatla,AP
2015-05-23,0.0,43.5,31.5,8.4,0.143,Bapatla,AP
2015-05-24,0.0,43.7,31.4,9.15,0.14,Bapatla,AP
2015-05-25,0.0,43.3,31.3,8.96,0.135,Bapatla,AP
2015-05-26,0.0,44.0,31.1,8.47,0.133,Bapatla,AP
2015-05-27,0.0,43.9,31.5,7.99,0.132,Bapatla,AP
2015-05-28,0.3,41.8,30.5,7.16,0.131,Bapatla,AP
2015-05-29,0.0,39.5,29.4,6.79,0.131,Bapatla,AP
2015-05-30,0.3,41.7,29.8,7.16,0.132,Bapatla,AP
2015-05-31,0.0,37.1,29.9,6.77,0.133,Bapatla,AP
2015-06-01,5.0,37.1,28.7,4.72,0.156,Bapatla,AP
2015-06-02,13.8,34.6,27.0,3.5,0.284,Bapatla,AP
2015-06-03,0.2,34.6,28.9,5.41,0.276,Bapatla,AP
2015-06-04,2.1,33.8,27.7,5.33,0.25,Bapatla,AP
2015-06-05,3.5,35.3,29.0,4.94,0.228,Bapatla,AP
2015-06-06,0.0,33.2,29.4,3.1,0.211,Bapatla,AP
2015-06-07,7.5,32.0,28.5,3.08,0.234,Bapatla,AP
2015-06-08,1.0,33.4,28.9,3.67,0.236,Bapatla,AP
2015-06-09,2.9,33.2,27.3,3.77,0.257,Bapatla,AP
2015-06-10,0.0,37.0,29.2,5.86,0.226,Bapatla,AP
2015-06-11,0.0,39.1,29.8,6.47,0.194,Bapatla,AP
2015-06-12,12.7,35.3,28.0,4.88,0.21,Bapatla,AP
2015-06-13,0.9,34.6,28.0,4.5,0.284,Bapatla,AP
2015-06-14,1.3,33.3,27.5,3.76,0.249,Bapatla,AP
2015-06-15,0.8,32.3,27.1,3.56,0.242,Bapatla,AP
2015-06-16,2.9,32.4,27.0,4.17,0.238,Bapatla,AP
2015-06-17,17.1,29.8,25.5,2.26,0.292,Bapatla,AP
2015-06-18,77.5,25.8,25.2,1.29,0.405,Bapatla,AP
2015-06-19,75.5,26.3,24.9,1.34,0.415,Bapatla,AP
2015-06-20,69.0,25.8,25.2,1.22,0.409,Bapatla,AP
2015-06-21,4.8,29.6,25.4,2.93,0.381,Bapatla,AP
2015-06-22,0.0,32.9,26.5,5.32,0.347,Bapatla,AP
2015-06-23,0.0,32.6,27.4,5.06,0.323,Bapatla,AP
2015-06-24,0.0,32.6,27.8,5.2,0.303,Bapatla,AP
2015-06-25,0.0,32.9,27.6,4.95,0.285,Bapatla,AP
2015-06-26,0.1,32.9,27.9,5.23,0.269,Bapatla,AP
2015-06-27,0.0,33.5,28.0,5.6,0.253,Bapatla,AP
2015-06-28,0.0,33.9,27.9,5.59,0.236,Bapatla,AP
2015-06-29,0.6,34.3,27.7,5.39,0.222,Bapatla,AP
2015-06-30,1.0,34.7,27.4,5.64,0.212,Bapatla,AP
2015-07-01,0.0,34.6,28.3,5.89,0.2,Bapatla,AP
2015-07-02,4.9,34.9,27.7,5.4,0.192,Bapatla,AP
2015-07-03,2.5,34.7,27.8,5.79,0.27,Bapatla,AP
2015-07-04,0.0,35.7,28.7,6.78,0.236,Bapatla,AP
2015-07-05,0.0,35.9,28.8,7.26,0.207,Bapatla,AP
2015-07-06,0.0,36.1,28.8,7.25,0.184,Bapatla,AP
2015-07-07,0.0,36.1,29.1,7.34,0.168,Bapatla,AP
2015-07-08,0.0,35.8,29.8,6.5,0.157,Bapatla,AP
2015-07-09,0.0,36.1,30.2,6.75,0.15,Bapatla,AP
2015-07-10,2.0,35.3,27.9,6.3,0.148,Bapatla,AP
2015-07-11,0.0,36.0,29.5,6.47,0.159,Bapatla,AP
2015-07-12,0.0,36.3,29.3,6.5,0.15,Bapatla,AP
2015-07-13,1.2,37.3,29.1,6.51,0.147,Bapatla,AP
2015-07-14,10.2,34.1,26.0,4.98,0.247,Bapatla,AP
2015-07-15,19.7,32.5,25.7,3.75,0.33,Bapatla,AP
2015-07-16,0.9,33.5,28.0,4.53,0.283,Bapatla,AP
2015-07-17,0.0,33.8,28.7,5.58,0.251,Bapatla,AP
2015-07-18,0.1,34.3,27.8,5.3,0.227,Bapatla,AP
2015-07-19,2.7,34.1,27.3,5.32,0.209,Bapatla,AP
2015-07-20,0.9,34.8,27.4,5.88,0.208,Bapatla,AP
2015-07-21,3.6,34.6,27.7,5.48,0.207,Bapatla,AP
2015-07-22,1.2,33.1,27.6,4.61,0.222,Bapatla,AP
2015-07-23,1.0,33.3,27.6,5.28,0.212,Bapatla,AP
2015-07-24,3.9,34.4,27.8,5.52,0.212,Bapatla,AP
2015-07-25,0.3,34.5,28.1,5.88,0.22,Bapatla,AP
2015-07-26,0.4,33.6,27.8,4.6,0.202,Bapatla,AP
2015-07-27,0.7,34.4,26.3,5.18,0.193,Bapatla,AP
2015-07-28,0.5,35.1,28.7,6.21,0.178,Bapatla,AP
2015-07-29,0.0,36.0,28.8,6.71,0.167,Bapatla,AP
2015-07-30,0.0,34.6,29.3,5.9,0.155,Bapatla,AP
2015-07-31,5.1,33.9,26.7,4.3,0.161,Bapatla,AP
2015-08-01,3.8,33.6,25.6,4.63,0.22,Bapatla,AP
2015-08-02,1.7,34.4,26.3,4.65,0.211,Bapatla,AP
2015-08-03,3.5,34.1,26.9,4.64,0.21,Bapatla,AP
2015-08-04,0.0,34.0,27.9,5.38,0.224,Bapatla,AP
2015-08-05,5.4,34.1,26.2,5.31,0.216,Bapatla,AP
2015-08-06,2.3,34.3,27.1,5.22,0.245,Bapatla,AP
2015-08-07,3.5,33.2,26.0,3.87,0.261,Bapatla,AP
2015-08-08,4.9,33.2,26.3,4.2,0.278,Bapatla,AP
2015-08-09,12.3,29.4,26.5,2.61,0.319,Bapatla,AP
2015-08-10,6.7,30.9,27.0,2.71,0.307,Bapatla,AP
2015-08-11,20.0,31.6,25.8,3.17,0.349,Bapatla,AP
2015-08-12,17.8,28.2,25.9,1.43,0.374,Bapatla,AP
2015-08-13,7.4,31.5,25.7,3.72,0.359,Bapatla,AP
2015-08-14,0.3,32.8,25.9,4.91,0.323,Bapatla,AP
2015-08-15,0.4,33.6,27.8,5.02,0.298,Bapatla,AP
2015-08-16,0.3,32.1,27.9,3.67,0.28,Bapatla,AP
2015-08-17,2.1,32.2,27.1,3.92,0.275,Bapatla,AP
2015-08-18,0.0,32.0,27.4,5.03,0.258,Bapatla,AP
2015-08-19,0.3,31.5,27.5,4.76,0.241,Bapatla,AP
2015-08-20,6.2,32.9,27.1,4.63,0.242,Bapatla,AP
2015-08-21,12.3,33.0,25.9,4.53,0.343,Bapatla,AP
2015-08-22,14.5,29.9,26.0,2.69,0.362,Bapatla,AP
2015-08-23,1.9,32.6,26.4,4.57,0.338,Bapatla,AP
2015-08-24,0.0,33.0,27.0,5.13,0.314,Bapatla,AP
2015-08-25,0.5,33.3,26.9,5.18,0.287,Bapatla,AP
2015-08-26,3.7,32.2,26.7,3.88,0.276,Bapatla,AP
2015-08-27,8.6,30.5,26.0,2.61,0.333,Bapatla,AP
2015-08-28,3.5,31.5,26.1,3.9,0.336,Bapatla,AP
2015-08-29,7.2,32.8,27.0,4.9,0.324,Bapatla,AP
2015-08-30,5.0,32.6,26.2,4.34,0.342,Bapatla,AP
2015-08-31,0.3,33.2,27.5,4.65,0.313,Bapatla,AP
2015-09-01,0.0,33.2,27.8,4.44,0.283,Bapatla,AP
2015-09-02,0.0,33.9,27.9,4.08,0.26,Bapatla,AP
2015-09-03,0.0,32.8,28.0,4.81,0.24,Bapatla,AP
2015-09-04,0.4,32.9,27.8,5.04,0.224,Bapatla,AP
2015-09-05,0.9,33.1,27.3,4.69,0.211,Bapatla,AP
2015-09-06,11.4,32.4,27.2,3.74,0.23,Bapatla,AP
2015-09-07,1.9,30.6,26.0,2.57,0.306,Bapatla,AP
2015-09-08,2.0,32.7,26.6,4.56,0.279,Bapatla,AP
2015-09-09,2.7,31.5,25.7,4.05,0.287,Bapatla,AP
2015-09-10,8.2,31.6,26.4,4.29,0.294,Bapatla,AP
2015-09-11,10.4,31.5,25.7,3.88,0.318,Bapatla,AP
2015-09-12,7.9,29.5,25.1,2.32,0.346,Bapatla,AP
2015-09-13,1.8,30.3,26.8,2.57,0.322,Bapatla,AP
2015-09-14,15.9,28.4,25.8,1.55,0.352,Bapatla,AP
2015-09-15,17.6,30.5,25.2,2.66,0.367,Bapatla,AP
2015-09-16,0.0,31.0,26.9,3.4,0.332,Bapatla,AP
2015-09-17,3.0,31.8,26.2,3.87,0.32,Bapatla,AP
2015-09-18,2.2,32.0,27.2,4.28,0.307,Bapatla,AP
2015-09-19,15.9,29.3,25.9,1.57,0.374,Bapatla,AP
2015-09-20,0.4,31.2,27.4,2.88,0.34,Bapatla,AP
2015-09-21,0.0,32.5,27.0,4.46,0.319,Bapatla,AP
2015-09-22,0.0,32.1,27.2,4.59,0.294,Bapatla,AP
2015-09-23,0.0,32.4,27.4,4.37,0.274,Bapatla,AP
2015-09-24,0.4,32.5,27.5,4.57,0.257,Bapatla,AP
2015-09-25,5.4,34.4,27.4,4.91,0.244,Bapatla,AP
2015-09-26,4.7,33.3,26.0,4.59,0.278,Bapatla,AP
2015-09-27,0.5,32.6,25.8,4.0,0.302,Bapatla,AP
2015-09-28,0.1,32.1,25.6,4.53,0.271,Bapatla,AP
2015-09-29,1.9,31.3,25.9,3.93,0.26,Bapatla,AP
2015-09-30,14.0,29.8,25.5,2.93,0.295,Bapatla,AP
2015-10-01,10.5,29.1,24.6,2.07,0.353,Bapatla,AP
2015-10-02,10.2,30.6,25.2,2.63,0.352,Bapatla,AP
2015-10-03,3.3,32.0,25.3,3.72,0.353,Bapatla,AP
2015-10-04,20.7,31.5,25.3,3.14,0.36,Bapatla,AP
2015-10-05,1.2,31.8,25.2,4.07,0.332,Bapatla,AP
2015-10-06,1.5,31.8,24.8,4.14,0.33,Bapatla,AP
2015-10-07,0.0,32.5,26.8,4.53,0.307,Bapatla,AP
2015-10-08,0.0,32.5,26.4,4.45,0.286,Bapatla,AP
2015-10-09,0.0,33.3,27.6,4.52,0.266,Bapatla,AP
2015-10-10,0.0,33.7,27.8,4.65,0.248,Bapatla,AP
2015-10-11,0.0,33.7,26.6,4.7,0.231,Bapatla,AP
2015-10-12,0.7,33.2,26.8,4.58,0.218,Bapatla,AP
2015-10-13,0.0,32.9,26.4,4.65,0.208,Bapatla,AP
2015-10-14,0.8,32.5,26.0,4.52,0.199,Bapatla,AP
2015-10-15,1.1,31.9,26.7,4.44,0.199,Bapatla,AP
2015-10-16,1.4,31.6,26.5,4.07,0.2,Bapatla,AP
2015-10-17,1.0,31.3,25.7,3.93,0.205,Bapatla,AP
2015-10-18,0.2,32.0,25.2,4.03,0.199,Bapatla,AP
2015-10-19,0.3,32.0,25.8,3.97,0.19,Bapatla,AP
2015-10-20,0.0,32.0,26.1,4.14,0.182,Bapatla,AP
2015-10-21,0.0,32.4,25.6,4.3,0.172,Bapatla,AP
2015-10-22,0.0,33.1,25.4,4.56,0.163,Bapatla,AP
2015-10-23,0.0,33.0,24.3,4.69,0.156,Bapatla,AP
2015-10-24,0.1,32.7,25.6,4.57,0.15,Bapatla,AP
2015-10-25,0.2,32.0,24.2,4.17,0.148,Bapatla,AP
2015-10-26,0.0,32.3,24.7,4.7,0.146,Bapatla,AP
2015-10-27,0.0,32.5,24.0,4.86,0.142,Bapatla,AP
2015-10-28,3.1,30.5,24.9,3.59,0.153,Bapatla,AP
2015-10-29,2.6,30.3,24.5,3.58,0.181,Bapatla,AP
2015-10-30,2.5,31.2,25.1,3.6,0.202,Bapatla,AP
2015-10-31,1.1,31.6,24.6,3.97,0.208,Bapatla,AP
2015-11-01,0.3,30.5,25.4,3.03,0.197,Bapatla,AP
2015-11-02,6.1,28.1,25.2,1.73,0.237,Bapatla,AP
2015-11-03,1.5,30.5,25.7,3.44,0.257,Bapatla,AP
2015-11-04,1.7,31.5,24.4,3.81,0.257,Bapatla,AP
2015-11-05,0.6,30.8,24.8,3.62,0.238,Bapatla,AP
2015-11-06,0.0,32.0,24.6,4.32,0.219,Bapatla,AP
2015-11-07,0.0,32.5,24.3,4.89,0.197,Bapatla,AP
2015-11-08,0.0,31.9,24.4,5.07,0.18,Bapatla,AP
2015-11-09,13.3,26.4,23.2,1.87,0.243,Bapatla,AP
2015-11-10,35.5,25.2,23.4,1.05,0.37,Bapatla,AP
2015-11-11,0.0,28.5,23.6,3.22,0.328,Bapatla,AP
2015-11-12,0.0,30.1,23.5,4.12,0.3,Bapatla,AP
2015-11-13,0.0,30.4,22.0,4.33,0.276,Bapatla,AP
2015-11-14,0.0,29.9,21.6,4.04,0.257,Bapatla,AP
2015-11-15,0.0,29.6,23.2,3.61,0.242,Bapatla,AP
2015-11-16,27.3,25.2,21.2,1.27,0.322,Bapatla,AP
2015-11-17,109.0,23.0,21.5,1.0,0.408,Bapatla,AP
2015-11-18,15.3,27.1,21.7,2.17,0.393,Bapatla,AP
2015-11-19,18.8,26.8,23.4,1.3,0.386,Bapatla,AP
2015-11-20,22.7,27.9,23.4,1.77,0.39,Bapatla,AP
2015-11-21,5.8,28.8,23.5,2.91,0.367,Bapatla,AP
2015-11-22,0.1,28.9,23.4,3.52,0.358,Bapatla,AP
2015-11-23,0.0,28.8,23.0,3.32,0.337,Bapatla,AP
2015-11-24,0.0,28.4,22.2,3.0,0.325,Bapatla,AP
2015-11-25,0.0,28.4,21.8,3.18,0.316,Bapatla,AP
2015-11-26,0.0,28.6,21.0,3.28,0.306,Bapatla,AP
2015-11-27,0.0,29.0,22.4,3.48,0.294,Bapatla,AP
2015-11-28,0.0,28.6,21.4,3.55,0.282,Bapatla,AP
2015-11-29,8.7,28.0,23.2,2.35,0.301,Bapatla,AP
2015-11-30,10.6,26.6,23.1,1.53,0.371,Bapatla,AP
2015-12-01,1.1,27.1,23.8,1.74,0.35,Bapatla,AP
2015-12-02,9.6,24.7,23.3,0.98,0.363,Bapatla,AP
2015-12-03,0.0,28.2,22.6,3.07,0.347,Bapatla,AP
2015-12-04,0.0,29.1,22.0,3.51,0.331,Bapatla,AP
2015-12-05,0.0,28.5,21.6,3.51,0.317,Bapatla,AP
2015-12-06,0.0,28.1,22.2,3.18,0.305,Bapatla,AP
2015-12-07,0.0,28.5,21.4,3.46,0.294,Bapatla,AP
2015-12-08,0.0,28.5,20.0,3.54,0.283,Bapatla,AP
2015-12-09,0.0,27.7,20.2,3.38,0.273,Bapatla,AP
2015-12-10,0.0,28.0,20.1,3.66,0.262,Bapatla,AP
2015-12-11,0.0,28.1,21.2,3.5,0.253,Bapatla,AP
2015-12-12,0.0,28.5,23.2,2.75,0.246,Bapatla,AP
2015-12-13,0.0,28.5,22.5,3.51,0.239,Bapatla,AP
2015-12-14,0.0,28.1,22.2,3.5,0.229,Bapatla,AP
2015-12-15,0.0,27.9,21.2,3.34,0.221,Bapatla,AP
2015-12-16,0.0,28.4,21.0,3.32,0.214,Bapatla,AP
2015-12-17,0.0,28.2,20.9,3.51,0.206,Bapatla,AP
2015-12-18,0.0,28.4,21.5,3.75,0.198,Bapatla,AP
2015-12-19,0.0,28.8,21.1,3.58,0.191,Bapatla,AP
2015-12-20,0.0,28.3,20.1,3.22,0.185,Bapatla,AP
2015-12-21,0.0,28.0,22.3,3.32,0.18,Bapatla,AP
2015-12-22,0.0,28.9,22.7,3.51,0.174,Bapatla,AP
2015-12-23,0.0,28.9,23.5,3.5,0.169,Bapatla,AP
2015-12-24,0.0,29.7,22.7,3.5,0.165,Bapatla,AP
2015-12-25,0.0,30.4,22.4,3.8,0.161,Bapatla,AP
2015-12-26,0.0,27.4,21.1,3.26,0.157,Bapatla,AP
2015-12-27,0.0,28.5,20.9,3.73,0.155,Bapatla,AP
2015-12-28,0.0,28.7,19.9,3.8,0.152,Bapatla,AP
2015-12-29,0.0,29.3,18.4,3.81,0.149,Bapatla,AP
2015-12-30,0.0,29.2,18.7,3.74,0.146,Bapatla,AP
2015-12-31,0.0,28.9,18.6,3.68,0.144,Bapatla,AP
2016-01-01,0.0,29.5,19.9,3.77,0.143,Bapatla,AP
2016-01-02,0.0,28.8,18.9,3.68,0.142,Bapatla,AP
2016-01-03,0.0,29.2,20.1,3.68,0.141,Bapatla,AP
2016-01-04,0.0,29.1,20.4,3.28,0.14,Bapatla,AP
2016-01-05,0.0,28.5,21.0,3.31,0.14,Bapatla,AP
2016-01-06,0.0,29.5,20.6,3.65,0.14,Bapatla,AP
2016-01-07,0.0,29.0,19.6,3.9,0.139,Bapatla,AP
2016-01-08,0.0,28.5,18.8,3.79,0.138,Bapatla,AP
2016-01-09,0.0,29.2,20.6,3.9,0.136,Bapatla,AP
2016-01-10,0.0,29.1,19.9,4.11,0.136,Bapatla,AP
2016-01-11,0.0,29.0,18.7,3.97,0.135,Bapatla,AP
2016-01-12,0.0,29.2,19.7,3.9,0.134,Bapatla,AP
2016-01-13,0.0,28.7,20.3,3.8,0.134,Bapatla,AP
2016-01-14,0.0,28.5,21.7,3.72,0.135,Bapatla,AP
2016-01-15,0.0,28.4,21.3,4.32,0.135,Bapatla,AP
2016-01-16,0.0,28.3,20.4,4.22,0.134,Bapatla,AP
2016-01-17,0.0,28.2,19.4,4.31,0.133,Bapatla,AP
2016-01-18,0.0,28.3,20.6,4.13,0.132,Bapatla,AP
2016-01-19,0.0,28.9,23.2,3.75,0.132,Bapatla,AP
2016-01-20,14.9,25.2,22.8,0.76,0.215,Bapatla,AP
2016-01-21,3.4,25.1,22.5,1.37,0.291,Bapatla,AP
2016-01-22,0.9,26.7,21.7,2.66,0.282,Bapatla,AP
2016-01-23,0.0,27.8,22.9,3.13,0.262,Bapatla,AP
2016-01-24,0.0,27.5,22.3,3.35,0.241,Bapatla,AP
2016-01-25,0.0,27.6,21.6,3.4,0.225,Bapatla,AP
2016-01-26,0.0,27.8,21.8,3.22,0.212,Bapatla,AP
2016-01-27,0.0,28.4,21.0,3.45,0.199,Bapatla,AP
2016-01-28,0.0,29.2,22.0,4.15,0.187,Bapatla,AP
2016-01-29,0.0,30.2,20.6,4.14,0.175,Bapatla,AP
2016-01-30,0.0,30.0,20.6,3.79,0.166,Bapatla,AP
2016-01-31,0.0,31.3,21.2,4.38,0.159,Bapatla,AP
2016-02-01,0.0,30.6,20.4,4.12,0.153,Bapatla,AP
2016-02-02,0.0,30.2,21.8,4.46,0.148,Bapatla,AP
2016-02-03,0.0,30.0,22.2,4.27,0.145,Bapatla,AP
2016-02-04,0.0,31.2,22.0,4.55,0.143,Bapatla,AP
2016-02-05,0.0,29.1,22.5,3.73,0.141,Bapatla,AP
2016-02-06,0.0,29.8,22.2,4.3,0.14,Bapatla,AP
2016-02-07,0.0,29.9,21.8,4.07,0.138,Bapatla,AP
2016-02-08,0.0,30.7,22.1,4.09,0.137,Bapatla,AP
2016-02-09,0.0,30.7,23.1,4.5,0.136,Bapatla,AP
2016-02-10,0.0,30.4,22.6,4.52,0.135,Bapatla,AP
2016-02-11,0.0,30.5,24.0,4.49,0.134,Bapatla,AP
2016-02-12,0.0,29.6,24.4,3.98,0.133,Bapatla,AP
2016-02-13,0.0,30.6,21.8,4.44,0.132,Bapatla,AP
2016-02-14,0.0,30.4,22.9,4.68,0.132,Bapatla,AP
2016-02-15,0.0,30.4,20.6,4.83,0.131,Bapatla,AP
2016-02-16,0.0,31.6,21.1,4.88,0.13,Bapatla,AP
2016-02-17,0.0,30.9,19.5,4.91,0.129,Bapatla,AP
2016-02-18,0.0,32.1,20.8,4.95,0.129,Bapatla,AP
2016-02-19,0.0,32.6,20.3,4.83,0.129,Bapatla,AP
2016-02-20,0.0,32.4,21.9,5.04,0.128,Bapatla,AP
2016-02-21,0.0,32.6,23.8,4.95,0.128,Bapatla,AP
2016-02-22,0.0,31.7,24.7,5.0,0.128,Bapatla,AP
2016-02-23,0.0,31.0,24.5,5.11,0.128,Bapatla,AP
2016-02-24,0.0,30.3,24.9,5.25,0.127,Bapatla,AP
2016-02-25,0.0,30.6,24.8,4.77,0.127,Bapatla,AP
2016-02-26,0.0,30.8,25.0,4.53,0.127,Bapatla,AP
2016-02-27,0.0,32.1,23.7,5.31,0.128,Bapatla,AP
2016-02-28,0.0,32.2,24.8,4.68,0.128,Bapatla,AP
2016-02-29,0.0,32.0,24.1,4.44,0.128,Bapatla,AP
2016-03-01,0.0,32.1,24.4,4.73,0.128,Bapatla,AP
2016-03-02,0.0,32.0,24.4,4.67,0.128,Bapatla,AP
2016-03-03,0.0,32.6,24.5,5.02,0.128,Bapatla,AP
2016-03-04,0.0,32.5,24.0,5.11,0.128,Bapatla,AP
2016-03-05,0.0,32.5,23.9,5.01,0.128,Bapatla,AP
2016-03-06,0.0,32.5,23.9,5.37,0.128,Bapatla,AP
2016-03-07,0.0,32.0,22.9,5.39,0.127,Bapatla,AP
2016-03-08,0.0,32.0,22.5,5.51,0.127,Bapatla,AP
2016-03-09,0.0,31.9,21.9,5.51,0.127,Bapatla,AP
2016-03-10,0.0,32.4,23.0,4.84,0.127,Bapatla,AP
2016-03-11,0.0,33.2,23.1,5.26,0.127,Bapatla,AP
2016-03-12,0.0,32.7,22.1,5.51,0.126,Bapatla,AP
2016-03-13,0.0,32.6,24.0,4.79,0.126,Bapatla,AP
2016-03-14,0.0,32.3,27.0,5.31,0.126,Bapatla,AP
2016-03-15,0.0,31.9,26.8,5.15,0.126,Bapatla,AP
2016-03-16,0.0,32.2,26.5,4.46,0.127,Bapatla,AP
2016-03-17,0.0,33.3,26.3,5.07,0.127,Bapatla,AP
2016-03-18,0.0,33.0,25.1,5.57,0.127,Bapatla,AP
2016-03-19,0.0,34.2,25.7,5.77,0.126,Bapatla,AP
2016-03-20,0.0,35.4,26.6,5.91,0.126,Bapatla,AP
2016-03-21,0.0,37.4,26.9,6.1,0.126,Bapatla,AP
2016-03-22,0.0,35.9,27.2,6.02,0.126,Bapatla,AP
2016-03-23,0.0,35.4,27.0,5.78,0.126,Bapatla,AP
2016-03-24,0.0,34.2,27.0,5.61,0.126,Bapatla,AP
2016-03-25,0.0,32.8,26.2,5.66,0.126,Bapatla,AP
2016-03-26,0.0,33.5,26.1,5.85,0.126,Bapatla,AP
2016-03-27,0.0,32.3,26.1,5.8,0.126,Bapatla,AP
2016-03-28,0.0,33.3,25.4,5.69,0.126,Bapatla,AP
2016-03-29,0.0,33.3,24.7,5.96,0.126,Bapatla,AP
2016-03-30,0.0,33.2,27.0,5.67,0.126,Bapatla,AP
2016-03-31,0.0,33.1,27.1,5.79,0.126,Bapatla,AP
2016-04-01,0.0,33.5,26.7,5.9,0.126,Bapatla,AP
2016-04-02,0.0,33.5,26.6,5.88,0.126,Bapatla,AP
2016-04-03,0.0,33.5,27.1,5.71,0.125,Bapatla,AP
2016-04-04,0.0,33.7,26.7,5.87,0.125,Bapatla,AP
2016-04-05,0.0,34.1,26.7,6.1,0.125,Bapatla,AP
2016-04-06,0.0,34.2,26.5,5.94,0.125,Bapatla,AP
2016-04-07,0.0,35.7,26.5,6.06,0.125,Bapatla,AP
2016-04-08,0.0,34.5,26.8,6.4,0.125,Bapatla,AP
2016-04-09,0.0,33.9,26.5,6.11,0.125,Bapatla,AP
2016-04-10,0.0,34.5,25.9,6.34,0.125,Bapatla,AP
2016-04-11,0.0,35.0,24.3,6.46,0.124,Bapatla,AP
2016-04-12,0.0,34.8,26.5,6.2,0.124,Bapatla,AP
2016-04-13,0.0,37.2,28.2,6.12,0.124,Bapatla,AP
2016-04-14,0.0,36.5,28.8,6.07,0.124,Bapatla,AP
2016-04-15,0.0,35.3,28.5,6.11,0.124,Bapatla,AP
2016-04-16,0.0,34.7,28.3,6.1,0.124,Bapatla,AP
2016-04-17,0.0,34.6,27.9,5.82,0.124,Bapatla,AP
2016-04-18,0.0,33.9,27.6,5.96,0.124,Bapatla,AP
2016-04-19,0.0,34.3,27.3,6.3,0.124,Bapatla,AP
2016-04-20,0.0,34.7,27.7,6.18,0.124,Bapatla,AP
2016-04-21,0.0,35.7,28.2,6.3,0.124,Bapatla,AP
2016-04-22,0.0,38.1,29.1,6.54,0.124,Bapatla,AP
2016-04-23,0.0,41.6,29.8,7.15,0.124,Bapatla,AP
2016-04-24,0.0,38.8,29.4,6.69,0.124,Bapatla,AP
2016-04-25,0.0,36.4,29.2,6.63,0.124,Bapatla,AP
2016-04-26,0.0,35.2,28.7,6.4,0.124,Bapatla,AP
2016-04-27,0.0,34.6,28.5,6.17,0.124,Bapatla,AP
2016-04-28,0.0,35.6,27.9,6.41,0.124,Bapatla,AP
2016-04-29,0.0,36.1,28.2,6.5,0.124,Bapatla,AP
2016-04-30,0.0,36.2,28.1,6.51,0.123,Bapatla,AP
2016-05-01,0.0,37.1,28.0,6.73,0.123,Bapatla,AP
2016-05-02,0.0,37.0,28.6,6.6,0.123,Bapatla,AP
2016-05-03,0.0,35.6,28.7,6.28,0.123,Bapatla,AP
2016-05-04,0.0,35.4,29.0,6.3,0.123,Bapatla,AP
2016-05-05,0.0,34.8,29.2,6.1,0.123,Bapatla,AP
2016-05-06,5.6,34.0,29.2,4.82,0.148,Bapatla,AP
2016-05-07,0.0,34.5,27.9,5.84,0.156,Bapatla,AP
2016-05-08,0.2,36.5,28.4,6.14,0.149,Bapatla,AP
2016-05-09,0.5,35.4,29.2,5.6,0.145,Bapatla,AP
2016-05-10,0.0,35.7,27.6,5.78,0.142,Bapatla,AP
2016-05-11,0.3,35.9,28.8,6.03,0.139,Bapatla,AP
2016-05-12,0.0,36.2,28.8,6.21,0.137,Bapatla,AP
2016-05-13,0.0,37.9,29.1,6.72,0.135,Bapatla,AP
2016-05-14,0.0,36.8,29.2,6.73,0.134,Bapatla,AP
2016-05-15,0.0,35.4,29.3,5.22,0.133,Bapatla,AP
2016-05-16,0.4,35.5,28.9,5.24,0.132,Bapatla,AP
2016-05-17,1.1,35.1,28.1,4.45,0.136,Bapatla,AP
2016-05-18,24.5,29.2,25.8,1.46,0.261,Bapatla,AP
2016-05-19,107.7,30.7,25.7,2.0,0.397,Bapatla,AP
2016-05-20,0.0,33.0,28.6,4.8,0.34,Bapatla,AP
2016-05-21,0.0,36.3,29.1,6.99,0.305,Bapatla,AP
2016-05-22,0.0,38.3,29.7,7.43,0.273,Bapatla,AP
2016-05-23,0.0,39.1,30.5,7.64,0.244,Bapatla,AP
2016-05-24,0.0,39.7,30.5,7.54,0.217,Bapatla,AP
2016-05-25,1.6,39.9,31.3,7.72,0.198,Bapatla,AP
2016-05-26,0.0,40.0,31.6,7.65,0.188,Bapatla,AP
2016-05-27,0.4,40.0,31.1,7.04,0.17,Bapatla,AP
2016-05-28,0.7,39.3,29.6,6.75,0.163,Bapatla,AP
2016-05-29,1.1,37.0,27.3,5.71,0.161,Bapatla,AP
2016-05-30,0.0,39.9,30.1,6.98,0.152,Bapatla,AP
2016-05-31,0.3,38.8,29.7,6.78,0.148,Bapatla,AP
2016-06-01,0.2,40.1,30.9,7.54,0.143,Bapatla,AP
2016-06-02,0.0,37.2,30.8,6.46,0.141,Bapatla,AP
2016-06-03,0.0,36.3,29.9,5.54,0.137,Bapatla,AP
2016-06-04,18.3,31.7,27.5,2.85,0.281,Bapatla,AP
2016-06-05,28.9,31.7,26.5,2.83,0.356,Bapatla,AP
2016-06-06,10.8,31.7,26.7,3.84,0.334,Bapatla,AP
2016-06-07,10.6,30.3,27.1,2.66,0.333,Bapatla,AP
2016-06-08,4.4,31.0,26.7,2.18,0.357,Bapatla,AP
2016-06-09,2.6,32.6,27.4,3.91,0.335,Bapatla,AP
2016-06-10,0.0,33.6,28.4,5.79,0.304,Bapatla,AP
2016-06-11,0.0,34.2,28.3,5.49,0.276,Bapatla,AP
2016-06-12,0.1,34.7,28.6,5.92,0.253,Bapatla,AP
2016-06-13,0.1,34.4,28.8,5.99,0.231,Bapatla,AP
2016-06-14,0.5,35.5,28.5,6.03,0.215,Bapatla,AP
2016-06-15,0.0,36.1,29.1,7.38,0.195,Bapatla,AP
2016-06-16,0.0,36.5,29.5,6.98,0.177,Bapatla,AP
2016-06-17,0.1,34.7,29.7,4.89,0.166,Bapatla,AP
2016-06-18,12.8,30.8,26.1,2.38,0.203,Bapatla,AP
2016-06-19,4.6,30.4,26.3,2.99,0.278,Bapatla,AP
2016-06-20,8.6,31.1,25.5,4.01,0.324,Bapatla,AP
2016-06-21,22.2,31.8,25.4,4.74,0.318,Bapatla,AP
2016-06-22,4.7,33.3,26.3,4.76,0.332,Bapatla,AP
2016-06-23,14.0,34.3,26.8,5.03,0.337,Bapatla,AP
2016-06-24,4.5,33.0,26.8,4.6,0.342,Bapatla,AP
2016-06-25,2.6,32.6,26.9,3.93,0.338,Bapatla,AP
2016-06-26,8.1,29.5,25.9,2.16,0.353,Bapatla,AP
2016-06-27,16.7,28.0,25.7,1.59,0.377,Bapatla,AP
2016-06-28,25.3,27.3,25.6,1.51,0.389,Bapatla,AP
2016-06-29,22.3,28.0,25.4,2.09,0.383,Bapatla,AP
2016-06-30,8.4,31.6,25.8,4.01,0.367,Bapatla,AP
2016-07-01,12.9,32.2,25.6,3.22,0.379,Bapatla,AP
2016-07-02,1.1,32.5,27.2,4.34,0.355,Bapatla,AP
2016-07-03,0.0,32.4,27.8,4.6,0.329,Bapatla,AP
2016-07-04,2.1,32.7,27.1,4.23,0.31,Bapatla,AP
2016-07-05,0.0,30.0,27.4,3.42,0.308,Bapatla,AP
2016-07-06,3.2,33.3,27.2,5.77,0.288,Bapatla,AP
2016-07-07,2.9,33.2,26.5,5.2,0.304,Bapatla,AP
2016-07-08,2.6,33.0,26.6,5.02,0.283,Bapatla,AP
2016-07-09,0.9,32.7,27.1,5.16,0.282,Bapatla,AP
2016-07-10,0.0,32.0,27.9,4.88,0.262,Bapatla,AP
2016-07-11,2.2,33.1,27.2,5.0,0.25,Bapatla,AP
2016-07-12,0.0,33.7,28.1,5.08,0.237,Bapatla,AP
2016-07-13,0.0,33.5,27.7,5.14,0.218,Bapatla,AP
2016-07-14,0.0,35.3,28.1,6.17,0.199,Bapatla,AP
2016-07-15,0.3,34.6,28.7,5.44,0.185,Bapatla,AP
2016-07-16,5.2,33.9,27.5,4.86,0.182,Bapatla,AP
2016-07-17,3.7,32.9,27.2,4.3,0.229,Bapatla,AP
2016-07-18,10.0,34.5,26.7,4.34,0.263,Bapatla,AP
2016-07-19,3.3,30.9,26.3,3.37,0.329,Bapatla,AP
2016-07-20,0.0,31.7,27.2,3.66,0.29,Bapatla,AP
2016-07-21,4.6,32.8,27.0,4.01,0.284,Bapatla,AP
2016-07-22,7.3,30.4,26.2,2.81,0.314,Bapatla,AP
2016-07-23,2.4,31.3,26.3,3.45,0.319,Bapatla,AP
2016-07-24,20.4,31.1,25.8,3.34,0.344,Bapatla,AP
2016-07-25,2.3,31.2,26.6,3.9,0.341,Bapatla,AP
2016-07-26,7.6,31.2,26.2,3.66,0.335,Bapatla,AP
2016-07-27,16.4,29.0,26.3,3.1,0.369,Bapatla,AP
2016-07-28,24.3,31.1,25.2,4.24,0.38,Bapatla,AP
2016-07-29,18.3,31.9,25.6,4.32,0.378,Bapatla,AP
2016-07-30,5.1,32.3,26.6,4.42,0.369,Bapatla,AP
2016-07-31,6.1,30.8,25.9,3.65,0.361,Bapatla,AP
2016-08-01,23.9,28.3,25.2,2.02,0.378,Bapatla,AP
2016-08-02,3.7,31.6,24.5,4.55,0.362,Bapatla,AP
2016-08-03,10.0,30.4,25.1,3.11,0.362,Bapatla,AP
2016-08-04,5.4,30.3,25.1,2.89,0.369,Bapatla,AP
2016-08-05,0.4,32.1,26.7,4.86,0.339,Bapatla,AP
2016-08-06,0.3,31.9,27.3,4.3,0.317,Bapatla,AP
2016-08-07,0.0,32.3,27.2,4.8,0.298,Bapatla,AP
2016-08-08,0.0,33.0,27.3,4.99,0.279,Bapatla,AP
2016-08-09,0.0,33.9,27.7,5.82,0.259,Bapatla,AP
2016-08-10,0.0,34.4,27.8,5.96,0.239,Bapatla,AP
2016-08-11,0.0,33.8,28.0,5.37,0.221,Bapatla,AP
2016-08-12,0.0,34.1,28.5,5.65,0.206,Bapatla,AP
2016-08-13,0.0,34.7,28.5,5.84,0.191,Bapatla,AP
2016-08-14,0.0,34.7,29.0,6.24,0.179,Bapatla,AP
2016-08-15,0.0,34.5,28.8,6.47,0.168,Bapatla,AP
2016-08-16,0.0,34.1,28.6,6.79,0.16,Bapatla,AP
2016-08-17,0.0,34.6,28.5,6.38,0.153,Bapatla,AP
2016-08-18,0.0,35.8,28.3,6.69,0.148,Bapatla,AP
2016-08-19,0.0,35.8,28.7,6.51,0.144,Bapatla,AP
2016-08-20,0.0,36.3,27.9,5.84,0.14,Bapatla,AP
2016-08-21,0.0,36.0,27.8,5.41,0.138,Bapatla,AP
2016-08-22,0.0,35.5,29.0,4.53,0.136,Bapatla,AP
2016-08-23,0.1,35.3,29.3,5.44,0.137,Bapatla,AP
2016-08-24,4.9,35.2,27.8,4.68,0.147,Bapatla,AP
2016-08-25,6.9,32.0,26.4,3.22,0.226,Bapatla,AP
2016-08-26,11.4,32.6,26.4,4.17,0.295,Bapatla,AP
2016-08-27,12.9,31.8,26.4,2.96,0.351,Bapatla,AP
2016-08-28,18.7,30.9,25.2,2.74,0.373,Bapatla,AP
2016-08-29,5.6,31.3,26.5,3.35,0.351,Bapatla,AP
2016-08-30,10.0,29.7,25.7,2.48,0.359,Bapatla,AP
2016-08-31,28.4,30.9,25.2,2.81,0.387,Bapatla,AP
2016-09-01,3.8,31.8,26.7,4.34,0.356,Bapatla,AP
2016-09-02,0.4,32.2,26.6,3.78,0.342,Bapatla,AP
2016-09-03,3.3,31.0,26.8,3.22,0.333,Bapatla,AP
2016-09-04,6.0,31.4,26.7,2.48,0.35,Bapatla,AP
2016-09-05,0.0,32.1,26.9,4.49,0.326,Bapatla,AP
2016-09-06,0.0,31.9,26.1,5.42,0.297,Bapatla,AP
2016-09-07,0.0,32.2,25.8,5.33,0.273,Bapatla,AP
2016-09-08,0.1,32.7,25.7,5.32,0.254,Bapatla,AP
2016-09-09,0.4,32.8,26.4,4.82,0.239,Bapatla,AP
2016-09-10,8.4,29.4,25.3,2.5,0.246,Bapatla,AP
2016-09-11,32.5,28.3,25.2,1.82,0.385,Bapatla,AP
2016-09-12,38.5,28.9,25.2,2.64,0.387,Bapatla,AP
2016-09-13,32.3,27.4,24.6,1.92,0.394,Bapatla,AP
2016-09-14,4.4,28.3,25.4,2.02,0.367,Bapatla,AP
2016-09-15,1.9,29.0,24.7,2.67,0.363,Bapatla,AP
2016-09-16,0.1,31.0,26.1,4.08,0.341,Bapatla,AP
2016-09-17,1.0,30.8,26.8,3.55,0.325,Bapatla,AP
2016-09-18,3.8,31.6,26.2,3.89,0.341,Bapatla,AP
2016-09-19,0.0,31.5,27.0,3.97,0.314,Bapatla,AP
2016-09-20,7.8,30.8,25.8,3.23,0.336,Bapatla,AP
2016-09-21,100.2,25.5,24.6,0.72,0.405,Bapatla,AP
2016-09-22,81.9,25.4,24.5,1.03,0.413,Bapatla,AP
2016-09-23,6.5,27.2,25.1,1.63,0.379,Bapatla,AP
2016-09-24,1.5,29.4,25.4,3.14,0.348,Bapatla,AP
2016-09-25,4.8,30.5,26.0,3.45,0.338,Bapatla,AP
2016-09-26,2.5,30.7,26.0,3.53,0.34,Bapatla,AP
2016-09-27,17.8,30.3,25.2,2.53,0.369,Bapatla,AP
2016-09-28,11.8,30.6,25.5,2.79,0.379,Bapatla,AP
2016-09-29,2.1,31.6,26.0,3.27,0.371,Bapatla,AP
2016-09-30,2.5,31.4,26.6,3.34,0.356,Bapatla,AP
2016-10-01,6.3,29.9,25.7,2.56,0.367,Bapatla,AP
2016-10-02,3.2,31.0,25.1,4.05,0.35,Bapatla,AP
2016-10-03,0.5,30.7,26.3,4.0,0.332,Bapatla,AP
2016-10-04,0.4,30.8,25.2,3.85,0.32,Bapatla,AP
2016-10-05,0.0,32.0,25.9,4.55,0.303,Bapatla,AP
2016-10-06,1.4,31.5,26.5,3.98,0.291,Bapatla,AP
2016-10-07,0.1,32.0,26.8,4.14,0.284,Bapatla,AP
2016-10-08,1.1,31.0,26.0,3.67,0.273,Bapatla,AP
2016-10-09,6.7,31.8,26.2,3.79,0.289,Bapatla,AP
2016-10-10,0.0,31.2,26.7,3.88,0.302,Bapatla,AP
2016-10-11,0.0,32.7,26.5,4.35,0.28,Bapatla,AP
2016-10-12,0.0,33.3,25.9,4.83,0.258,Bapatla,AP
2016-10-13,0.0,32.0,24.3,4.28,0.241,Bapatla,AP
2016-10-14,0.0,32.4,24.1,4.43,0.226,Bapatla,AP
2016-10-15,0.0,32.4,22.9,4.93,0.211,Bapatla,AP
2016-10-16,0.0,32.3,22.6,4.82,0.198,Bapatla,AP
2016-10-17,0.0,32.2,21.5,4.93,0.186,Bapatla,AP
2016-10-18,0.0,32.5,22.1,4.92,0.175,Bapatla,AP
2016-10-19,0.0,32.9,22.6,5.07,0.167,Bapatla,AP
2016-10-20,0.0,32.9,23.3,5.2,0.159,Bapatla,AP
2016-10-21,0.0,32.5,21.3,5.14,0.153,Bapatla,AP
2016-10-22,0.0,32.8,21.9,5.04,0.149,Bapatla,AP
2016-10-23,0.0,32.9,21.0,5.15,0.145,Bapatla,AP
2016-10-24,0.0,33.2,21.4,5.59,0.142,Bapatla,AP
2016-10-25,0.0,33.4,23.1,5.59,0.14,Bapatla,AP
2016-10-26,0.0,33.5,24.0,6.01,0.138,Bapatla,AP
2016-10-27,0.1,32.1,23.7,4.97,0.137,Bapatla,AP
2016-10-28,1.1,31.4,25.2,3.96,0.14,Bapatla,AP
2016-10-29,0.7,30.4,24.7,3.41,0.148,Bapatla,AP
2016-10-30,5.3,31.0,24.6,3.67,0.168,Bapatla,AP
2016-10-31,6.9,30.5,24.7,3.31,0.227,Bapatla,AP
2016-11-01,0.0,31.2,24.4,3.88,0.249,Bapatla,AP
2016-11-02,0.5,30.9,24.1,3.74,0.229,Bapatla,AP
2016-11-03,0.8,32.3,24.7,4.36,0.214,Bapatla,AP
2016-11-04,0.0,32.1,24.4,4.78,0.2,Bapatla,AP
2016-11-05,0.0,31.1,24.7,4.66,0.183,Bapatla,AP
2016-11-06,0.3,30.8,23.4,3.75,0.173,Bapatla,AP
2016-11-07,0.0,32.7,22.6,5.32,0.164,Bapatla,AP
2016-11-08,0.0,31.6,20.3,4.83,0.155,Bapatla,AP
2016-11-09,0.0,31.2,21.4,4.58,0.148,Bapatla,AP
2016-11-10,0.0,31.4,19.5,4.54,0.144,Bapatla,AP
2016-11-11,0.0,31.1,20.1,4.43,0.141,Bapatla,AP
2016-11-12,0.0,30.6,22.0,4.45,0.139,Bapatla,AP
2016-11-13,2.8,30.2,23.5,3.07,0.155,Bapatla,AP
2016-11-14,1.9,30.5,24.8,3.33,0.181,Bapatla,AP
2016-11-15,5.3,30.9,24.4,3.45,0.206,Bapatla,AP
2016-11-16,1.9,30.3,24.6,3.28,0.233,Bapatla,AP
2016-11-17,0.0,30.1,24.7,3.66,0.226,Bapatla,AP
2016-11-18,0.0,30.2,23.1,3.34,0.209,Bapatla,AP
2016-11-19,0.0,30.0,22.3,3.94,0.194,Bapatla,AP
2016-11-20,0.0,30.1,21.6,4.11,0.179,Bapatla,AP
2016-11-21,0.0,30.5,20.8,4.15,0.167,Bapatla,AP
2016-11-22,0.0,31.0,19.9,4.12,0.158,Bapatla,AP
2016-11-23,0.0,30.5,21.1,4.1,0.152,Bapatla,AP
2016-11-24,0.0,30.4,20.3,4.22,0.147,Bapatla,AP
2016-11-25,0.0,31.0,20.0,4.22,0.144,Bapatla,AP
2016-11-26,0.0,31.4,20.1,4.11,0.141,Bapatla,AP
2016-11-27,0.0,33.2,19.9,4.48,0.139,Bapatla,AP
2016-11-28,0.0,32.0,19.6,4.19,0.137,Bapatla,AP
2016-11-29,0.0,31.4,20.3,4.06,0.136,Bapatla,AP
2016-11-30,0.0,31.0,21.2,3.99,0.135,Bapatla,AP
2016-12-01,1.7,30.9,21.7,4.08,0.136,Bapatla,AP
2016-12-02,2.9,29.8,24.4,2.85,0.172,Bapatla,AP
2016-12-03,0.0,30.3,23.6,3.41,0.175,Bapatla,AP
2016-12-04,0.4,30.2,24.0,3.31,0.171,Bapatla,AP
2016-12-05,0.0,30.2,23.0,3.29,0.167,Bapatla,AP
2016-12-06,0.0,29.6,22.3,3.96,0.16,Bapatla,AP
2016-12-07,0.0,30.8,21.0,4.13,0.153,Bapatla,AP
2016-12-08,0.0,31.0,20.5,4.0,0.148,Bapatla,AP
2016-12-09,0.0,30.7,18.7,4.05,0.143,Bapatla,AP
2016-12-10,0.0,30.8,19.1,4.47,0.14,Bapatla,AP
2016-12-11,0.0,31.0,21.7,4.59,0.141,Bapatla,AP
2016-12-12,10.9,26.6,22.6,1.95,0.221,Bapatla,AP
2016-12-13,6.9,26.9,23.3,2.44,0.318,Bapatla,AP
2016-12-14,7.2,28.0,23.4,2.33,0.303,Bapatla,AP
2016-12-15,0.0,29.2,23.6,3.15,0.289,Bapatla,AP
2016-12-16,0.2,27.9,22.8,2.87,0.261,Bapatla,AP
2016-12-17,0.0,28.9,20.5,3.2,0.243,Bapatla,AP
2016-12-18,0.0,28.4,19.8,3.36,0.225,Bapatla,AP
2016-12-19,0.0,28.4,19.5,3.63,0.208,Bapatla,AP
2016-12-20,0.0,28.9,19.0,3.61,0.194,Bapatla,AP
2016-12-21,0.0,29.5,18.8,3.68,0.181,Bapatla,AP
2016-12-22,0.0,30.3,16.7,4.16,0.169,Bapatla,AP
2016-12-23,0.0,29.5,16.6,3.87,0.16,Bapatla,AP
2016-12-24,0.0,28.8,17.3,3.87,0.154,Bapatla,AP
2016-12-25,0.0,28.5,21.0,3.52,0.149,Bapatla,AP
2016-12-26,0.0,30.4,18.2,3.87,0.146,Bapatla,AP
2016-12-27,0.0,30.4,19.8,3.98,0.143,Bapatla,AP
2016-12-28,0.0,29.2,20.4,3.28,0.141,Bapatla,AP
2016-12-29,0.0,28.9,20.3,3.29,0.14,Bapatla,AP
2016-12-30,0.0,29.0,19.8,3.18,0.14,Bapatla,AP
2016-12-31,0.0,29.1,20.0,3.35,0.139,Bapatla,AP
2017-01-01,0.0,29.3,18.3,3.93,0.234,Bapatla,AP
2017-01-02,0.1,29.8,19.1,3.74,0.257,Bapatla,AP
2017-01-03,0.0,29.9,19.6,3.9,0.255,Bapatla,AP
2017-01-04,0.0,30.7,20.3,3.95,0.255,Bapatla,AP
2017-01-05,0.0,30.7,19.8,3.91,0.255,Bapatla,AP
2017-01-06,0.0,30.1,20.4,3.76,0.255,Bapatla,AP
2017-01-07,0.0,28.7,20.3,4.05,0.252,Bapatla,AP
2017-01-08,0.0,28.6,20.7,4.36,0.251,Bapatla,AP
2017-01-09,0.0,28.4,19.6,4.22,0.25,Bapatla,AP
2017-01-10,0.0,28.5,19.7,4.0,0.247,Bapatla,AP
2017-01-11,0.8,29.0,19.3,3.46,0.253,Bapatla,AP
2017-01-12,2.1,28.1,20.4,3.48,0.272,Bapatla,AP
2017-01-13,1.2,28.8,20.3,3.58,0.276,Bapatla,AP
2017-01-14,0.5,29.2,20.1,3.89,0.279,Bapatla,AP
2017-01-15,0.0,29.7,19.5,4.02,0.281,Bapatla,AP
2017-01-16,0.0,29.8,20.1,4.08,0.277,Bapatla,AP
2017-01-17,0.0,29.4,19.6,4.41,0.275,Bapatla,AP
2017-01-18,0.0,29.7,18.7,4.42,0.272,Bapatla,AP
2017-01-19,0.0,29.9,19.0,4.26,0.269,Bapatla,AP
2017-01-20,0.0,31.3,18.1,4.95,0.265,Bapatla,AP
2017-01-21,0.0,31.7,21.0,5.11,0.262,Bapatla,AP
2017-01-22,0.0,31.9,20.7,4.58,0.26,Bapatla,AP
2017-01-23,0.0,31.5,20.8,4.32,0.259,Bapatla,AP
2017-01-24,0.0,30.7,20.4,4.44,0.26,Bapatla,AP
2017-01-25,0.0,30.4,20.2,4.62,0.26,Bapatla,AP
2017-01-26,0.1,28.5,19.9,3.4,0.26,Bapatla,AP
2017-01-27,0.2,29.4,20.9,3.31,0.264,Bapatla,AP
2017-01-28,0.0,32.1,21.9,4.22,0.265,Bapatla,AP
2017-01-29,0.1,30.7,21.7,4.13,0.264,Bapatla,AP
2017-01-30,0.0,29.7,20.2,4.23,0.263,Bapatla,AP
2017-01-31,0.1,29.6,21.6,3.94,0.261,Bapatla,AP
2017-02-01,0.0,29.5,21.2,4.31,0.259,Bapatla,AP
2017-02-02,0.0,29.2,20.3,4.16,0.258,Bapatla,AP
2017-02-03,0.0,29.0,20.1,4.28,0.253,Bapatla,AP
2017-02-04,0.0,28.8,19.8,4.24,0.25,Bapatla,AP
2017-02-05,0.0,29.6,21.1,4.78,0.25,Bapatla,AP
2017-02-06,0.0,30.3,19.9,4.78,0.247,Bapatla,AP
2017-02-07,0.0,30.8,20.1,4.81,0.245,Bapatla,AP
2017-02-08,0.0,32.0,20.2,5.12,0.243,Bapatla,AP
2017-02-09,0.0,30.2,20.5,5.02,0.242,Bapatla,AP
2017-02-10,0.0,29.6,19.7,4.91,0.242,Bapatla,AP
2017-02-11,0.0,28.4,19.9,4.72,0.242,Bapatla,AP
2017-02-12,0.0,28.4,19.8,4.78,0.241,Bapatla,AP
2017-02-13,0.0,29.5,19.8,5.05,0.241,Bapatla,AP
2017-02-14,0.0,31.7,19.4,4.75,0.241,Bapatla,AP
2017-02-15,0.4,31.1,20.9,4.71,0.243,Bapatla,AP
2017-02-16,0.0,30.6,19.1,4.95,0.246,Bapatla,AP
2017-02-17,0.0,30.5,19.6,5.2,0.245,Bapatla,AP
2017-02-18,0.0,31.3,20.0,5.06,0.242,Bapatla,AP
2017-02-19,0.0,32.6,20.3,4.98,0.239,Bapatla,AP
2017-02-20,0.0,31.5,21.0,5.2,0.239,Bapatla,AP
2017-02-21,0.0,31.3,21.7,5.05,0.241,Bapatla,AP
2017-02-22,0.0,31.4,24.0,5.04,0.244,Bapatla,AP
2017-02-23,0.0,31.0,24.2,5.02,0.243,Bapatla,AP
2017-02-24,0.0,31.8,23.6,4.77,0.244,Bapatla,AP
2017-02-25,0.1,31.7,23.8,4.8,0.244,Bapatla,AP
2017-02-26,0.0,31.5,21.8,4.77,0.251,Bapatla,AP
2017-02-27,0.0,31.3,22.7,4.98,0.252,Bapatla,AP
2017-02-28,0.0,31.8,21.0,5.11,0.254,Bapatla,AP
2017-03-01,0.0,31.0,21.0,5.31,0.254,Bapatla,AP
2017-03-02,0.0,31.8,21.5,5.38,0.253,Bapatla,AP
2017-03-03,0.0,31.5,19.6,5.32,0.252,Bapatla,AP
2017-03-04,0.0,31.6,22.8,4.96,0.251,Bapatla,AP
2017-03-05,1.0,31.4,25.9,4.79,0.254,Bapatla,AP
2017-03-06,0.0,32.4,25.7,4.71,0.256,Bapatla,AP
2017-03-07,0.7,31.2,26.3,4.51,0.256,Bapatla,AP
2017-03-08,3.1,30.3,26.6,4.39,0.267,Bapatla,AP
2017-03-09,0.6,31.8,26.7,4.78,0.275,Bapatla,AP
2017-03-10,2.5,31.4,26.3,4.78,0.29,Bapatla,AP
2017-03-11,0.4,34.7,26.2,5.55,0.312,Bapatla,AP
2017-03-12,2.3,32.3,25.2,4.63,0.306,Bapatla,AP
2017-03-13,0.0,32.2,24.9,4.98,0.301,Bapatla,AP
2017-03-14,2.9,32.1,25.7,4.86,0.296,Bapatla,AP
2017-03-15,0.3,32.5,25.8,5.3,0.288,Bapatla,AP
2017-03-16,0.0,32.3,25.6,5.4,0.289,Bapatla,AP
2017-03-17,0.0,33.2,24.6,5.11,0.284,Bapatla,AP
2017-03-18,0.1,32.9,26.1,5.4,0.281,Bapatla,AP
2017-03-19,0.0,33.0,26.6,5.3,0.278,Bapatla,AP
2017-03-20,0.0,33.1,26.6,5.23,0.275,Bapatla,AP
2017-03-21,0.1,33.3,26.3,5.29,0.271,Bapatla,AP
2017-03-22,0.0,33.7,26.0,5.66,0.267,Bapatla,AP
2017-03-23,0.0,32.4,25.0,5.77,0.262,Bapatla,AP
2017-03-24,0.0,32.8,25.0,5.92,0.259,Bapatla,AP
2017-03-25,0.0,32.6,23.3,5.76,0.258,Bapatla,AP
2017-03-26,0.0,32.9,26.1,5.87,0.256,Bapatla,AP
2017-03-27,0.0,32.0,25.0,5.81,0.254,Bapatla,AP
2017-03-28,0.0,32.8,25.8,5.85,0.255,Bapatla,AP
2017-03-29,0.0,32.7,26.0,5.75,0.255,Bapatla,AP
2017-03-30,0.0,32.8,26.4,5.87,0.253,Bapatla,AP
2017-03-31,0.0,32.7,26.3,5.53,0.254,Bapatla,AP
2017-04-01,0.0,33.1,26.4,5.9,0.257,Bapatla,AP
2017-04-02,0.0,33.0,26.6,5.8,0.259,Bapatla,AP
2017-04-03,0.0,33.0,27.3,5.88,0.259,Bapatla,AP
2017-04-04,0.7,32.6,27.5,5.17,0.26,Bapatla,AP
2017-04-05,0.4,33.6,27.5,5.35,0.261,Bapatla,AP
2017-04-06,0.0,33.0,27.6,5.31,0.259,Bapatla,AP
2017-04-07,0.0,33.6,27.9,5.94,0.258,Bapatla,AP
2017-04-08,0.0,33.3,27.3,5.68,0.258,Bapatla,AP
2017-04-09,0.0,33.0,26.6,5.61,0.256,Bapatla,AP
2017-04-10,0.0,33.4,27.2,5.84,0.255,Bapatla,AP
2017-04-11,0.0,33.7,26.8,5.77,0.254,Bapatla,AP
2017-04-12,0.0,34.0,26.0,5.73,0.254,Bapatla,AP
2017-04-13,0.0,33.0,25.7,5.79,0.252,Bapatla,AP
2017-04-14,0.0,33.1,26.0,6.03,0.251,Bapatla,AP
2017-04-15,0.0,33.6,24.9,6.1,0.249,Bapatla,AP
2017-04-16,0.0,34.9,25.6,6.09,0.249,Bapatla,AP
2017-04-17,0.0,36.3,27.6,6.25,0.252,Bapatla,AP
2017-04-18,0.0,33.8,27.4,5.62,0.253,Bapatla,AP
2017-04-19,0.0,34.1,28.0,6.11,0.252,Bapatla,AP
2017-04-20,0.0,33.7,28.4,5.44,0.252,Bapatla,AP
2017-04-21,0.0,35.4,29.2,6.36,0.252,Bapatla,AP
2017-04-22,0.0,37.5,28.8,6.2,0.251,Bapatla,AP
2017-04-23,0.0,36.0,28.5,6.05,0.253,Bapatla,AP
2017-04-24,0.0,34.8,28.2,5.93,0.253,Bapatla,AP
2017-04-25,0.0,35.4,28.3,5.94,0.253,Bapatla,AP
2017-04-26,0.0,36.1,27.6,5.92,0.254,Bapatla,AP
2017-04-27,0.0,34.3,28.4,5.51,0.252,Bapatla,AP
2017-04-28,0.0,34.1,27.9,4.98,0.249,Bapatla,AP
2017-04-29,0.0,38.3,27.4,6.13,0.247,Bapatla,AP
2017-04-30,0.0,35.1,28.0,5.95,0.244,Bapatla,AP
2017-05-01,0.0,33.9,28.5,6.01,0.243,Bapatla,AP
2017-05-02,0.0,34.2,28.3,6.12,0.243,Bapatla,AP
2017-05-03,0.0,33.5,27.9,6.16,0.242,Bapatla,AP
2017-05-04,0.0,34.0,27.2,6.32,0.24,Bapatla,AP
2017-05-05,0.0,34.2,27.6,6.25,0.24,Bapatla,AP
2017-05-06,0.0,34.3,28.3,6.37,0.24,Bapatla,AP
2017-05-07,0.0,34.4,28.6,5.79,0.242,Bapatla,AP
2017-05-08,0.0,35.4,28.2,6.08,0.242,Bapatla,AP
2017-05-09,0.0,34.7,28.4,5.83,0.24,Bapatla,AP
2017-05-10,1.3,33.6,28.5,5.17,0.245,Bapatla,AP
2017-05-11,0.0,33.9,28.4,6.0,0.251,Bapatla,AP
2017-05-12,0.0,34.2,27.9,6.27,0.253,Bapatla,AP
2017-05-13,0.0,34.8,28.2,6.41,0.25,Bapatla,AP
2017-05-14,0.0,36.1,28.3,6.47,0.248,Bapatla,AP
2017-05-15,0.0,41.5,28.9,6.91,0.246,Bapatla,AP
2017-05-16,2.3,43.6,31.0,7.04,0.262,Bapatla,AP
2017-05-17,0.0,45.3,30.2,8.05,0.28,Bapatla,AP
2017-05-18,0.8,44.5,30.5,8.32,0.289,Bapatla,AP
2017-05-19,0.0,44.2,30.7,8.0,0.284,Bapatla,AP
2017-05-20,0.0,39.3,30.4,6.73,0.281,Bapatla,AP
2017-05-21,0.0,39.9,29.6,6.51,0.279,Bapatla,AP
2017-05-22,0.0,36.6,30.2,6.42,0.28,Bapatla,AP
2017-05-23,0.0,37.1,29.6,6.06,0.273,Bapatla,AP
2017-05-24,0.0,36.4,29.6,4.73,0.27,Bapatla,AP
2017-05-25,0.0,35.6,29.9,5.94,0.266,Bapatla,AP
2017-05-26,0.0,35.7,30.0,5.49,0.263,Bapatla,AP
2017-05-27,0.0,37.5,28.6,5.66,0.262,Bapatla,AP
2017-05-28,0.0,39.7,28.7,6.02,0.267,Bapatla,AP
2017-05-29,0.0,41.2,28.8,6.96,0.27,Bapatla,AP
2017-05-30,0.0,40.9,31.2,8.83,0.266,Bapatla,AP
2017-05-31,0.0,39.9,30.3,7.47,0.258,Bapatla,AP
2017-06-01,0.4,38.9,29.8,6.84,0.256,Bapatla,AP
2017-06-02,0.0,35.1,29.7,6.61,0.253,Bapatla,AP
2017-06-03,0.4,36.9,29.2,6.39,0.251,Bapatla,AP
2017-06-04,1.9,40.5,27.4,6.84,0.255,Bapatla,AP
2017-06-05,5.5,42.0,27.2,7.57,0.271,Bapatla,AP
2017-06-06,0.8,37.8,27.2,5.77,0.368,Bapatla,AP
2017-06-07,16.5,34.9,25.6,4.97,0.459,Bapatla,AP
2017-06-08,8.3,31.0,24.5,3.03,0.466,Bapatla,AP
2017-06-09,3.7,33.5,27.2,4.51,0.444,Bapatla,AP
2017-06-10,1.5,34.7,28.0,4.87,0.42,Bapatla,AP
2017-06-11,0.7,34.3,27.8,5.22,0.396,Bapatla,AP
2017-06-12,0.5,34.5,28.6,4.8,0.38,Bapatla,AP
2017-06-13,8.6,34.4,27.9,5.22,0.368,Bapatla,AP
2017-06-14,3.0,35.2,27.5,4.44,0.395,Bapatla,AP
2017-06-15,13.9,30.0,25.4,2.04,0.446,Bapatla,AP
2017-06-16,3.7,31.8,25.5,2.85,0.463,Bapatla,AP
2017-06-17,0.4,33.3,26.2,4.76,0.455,Bapatla,AP
2017-06-18,5.2,33.8,26.9,4.39,0.442,Bapatla,AP
2017-06-19,6.9,31.8,26.8,3.05,0.436,Bapatla,AP
2017-06-20,1.6,31.4,26.1,3.69,0.432,Bapatla,AP
2017-06-21,0.2,34.1,27.6,4.87,0.419,Bapatla,AP
2017-06-22,0.1,35.0,28.0,4.94,0.387,Bapatla,AP
2017-06-23,0.8,35.3,27.7,5.31,0.374,Bapatla,AP
2017-06-24,11.5,32.5,25.2,2.72,0.441,Bapatla,AP
2017-06-25,4.4,32.4,25.0,3.17,0.456,Bapatla,AP
2017-06-26,10.7,33.3,25.1,2.75,0.471,Bapatla,AP
2017-06-27,0.7,34.8,24.6,4.82,0.44,Bapatla,AP
2017-06-28,1.1,32.4,25.3,4.17,0.442,Bapatla,AP
2017-06-29,0.0,33.1,28.0,4.45,0.43,Bapatla,AP
2017-06-30,0.9,34.5,28.3,5.37,0.408,Bapatla,AP
2017-07-01,1.0,34.5,27.0,5.01,0.387,Bapatla,AP
2017-07-02,0.7,35.1,28.0,4.42,0.366,Bapatla,AP
2017-07-03,1.4,36.2,27.2,5.75,0.348,Bapatla,AP
2017-07-04,0.0,36.9,28.8,6.51,0.325,Bapatla,AP
2017-07-05,0.5,37.2,29.9,7.11,0.309,Bapatla,AP
2017-07-06,2.5,35.5,27.0,5.9,0.3,Bapatla,AP
2017-07-07,10.9,32.2,24.5,3.2,0.422,Bapatla,AP
2017-07-08,1.0,33.5,26.3,4.01,0.427,Bapatla,AP
2017-07-09,1.2,33.8,27.6,4.67,0.395,Bapatla,AP
2017-07-10,0.0,35.9,27.3,5.67,0.367,Bapatla,AP
2017-07-11,4.8,33.3,26.9,3.39,0.373,Bapatla,AP
2017-07-12,3.1,34.0,26.8,4.4,0.416,Bapatla,AP
2017-07-13,17.3,30.0,24.5,3.02,0.416,Bapatla,AP
2017-07-14,32.0,27.7,24.3,1.17,0.505,Bapatla,AP
2017-07-15,8.0,31.5,24.3,2.93,0.502,Bapatla,AP
2017-07-16,0.0,32.5,26.1,4.29,0.475,Bapatla,AP
2017-07-17,9.1,29.5,24.6,2.07,0.478,Bapatla,AP
2017-07-18,36.6,26.6,24.2,1.24,0.512,Bapatla,AP
2017-07-19,1.2,33.2,25.2,5.47,0.489,Bapatla,AP
2017-07-20,1.8,33.0,27.2,5.12,0.469,Bapatla,AP
2017-07-21,0.0,34.7,27.6,5.81,0.439,Bapatla,AP
2017-07-22,0.1,35.0,27.8,5.71,0.417,Bapatla,AP
2017-07-23,0.0,34.7,28.5,5.68,0.397,Bapatla,AP
2017-07-24,0.4,35.0,28.4,5.77,0.376,Bapatla,AP
2017-07-25,0.0,34.7,28.0,5.8,0.357,Bapatla,AP
2017-07-26,0.2,34.9,28.4,6.09,0.341,Bapatla,AP
2017-07-27,0.2,35.4,28.5,6.02,0.325,Bapatla,AP
2017-07-28,0.6,35.5,27.7,5.17,0.311,Bapatla,AP
2017-07-29,6.0,32.7,24.8,3.73,0.367,Bapatla,AP
2017-07-30,6.4,34.1,27.6,4.16,0.367,Bapatla,AP
2017-07-31,7.0,35.4,25.5,5.24,0.392,Bapatla,AP
2017-08-01,1.2,35.3,27.0,5.25,0.374,Bapatla,AP
2017-08-02,2.2,35.1,27.9,5.02,0.377,Bapatla,AP
2017-08-03,0.2,35.9,28.3,6.0,0.377,Bapatla,AP
2017-08-04,3.8,34.9,26.7,5.73,0.367,Bapatla,AP
2017-08-05,6.5,34.4,26.0,4.53,0.365,Bapatla,AP
2017-08-06,0.8,34.7,26.7,5.06,0.367,Bapatla,AP
2017-08-07,2.9,33.0,25.8,4.25,0.373,Bapatla,AP
2017-08-08,14.4,32.7,26.0,3.8,0.421,Bapatla,AP
2017-08-09,39.1,30.8,25.6,2.66,0.485,Bapatla,AP
2017-08-10,10.1,31.5,25.0,4.58,0.478,Bapatla,AP
2017-08-11,6.3,32.2,26.7,4.07,0.476,Bapatla,AP
2017-08-12,7.0,32.1,26.9,3.47,0.462,Bapatla,AP
2017-08-13,9.8,30.5,26.1,3.14,0.486,Bapatla,AP
2017-08-14,0.5,32.5,24.4,4.2,0.464,Bapatla,AP
2017-08-15,5.6,32.2,26.1,4.4,0.452,Bapatla,AP
2017-08-16,3.3,33.3,26.8,4.23,0.442,Bapatla,AP
2017-08-17,14.7,31.5,25.5,3.05,0.476,Bapatla,AP
2017-08-18,8.7,29.1,25.1,1.66,0.491,Bapatla,AP
2017-08-19,9.9,27.4,24.9,1.5,0.502,Bapatla,AP
2017-08-20,3.5,30.4,24.9,2.52,0.489,Bapatla,AP
2017-08-21,1.6,32.1,24.2,5.03,0.464,Bapatla,AP
2017-08-22,12.5,32.6,24.9,4.45,0.498,Bapatla,AP
2017-08-23,14.7,32.3,25.8,3.75,0.497,Bapatla,AP
2017-08-24,13.9,32.9,25.9,3.91,0.502,Bapatla,AP
2017-08-25,7.2,30.4,25.4,3.26,0.502,Bapatla,AP
2017-08-26,11.4,31.4,24.8,3.59,0.501,Bapatla,AP
2017-08-27,18.2,29.6,26.3,2.24,0.498,Bapatla,AP
2017-08-28,18.2,29.9,24.8,2.01,0.506,Bapatla,AP
2017-08-29,2.9,30.0,25.5,2.87,0.495,Bapatla,AP
2017-08-30,0.2,33.1,26.4,4.62,0.469,Bapatla,AP
2017-08-31,0.0,32.6,27.7,3.97,0.448,Bapatla,AP
2017-09-01,0.7,32.6,26.5,4.27,0.438,Bapatla,AP
2017-09-02,0.3,33.2,26.6,4.04,0.438,Bapatla,AP
2017-09-03,6.9,33.3,27.4,4.92,0.436,Bapatla,AP
2017-09-04,3.4,33.7,27.6,4.59,0.426,Bapatla,AP
2017-09-05,10.6,32.1,26.8,3.27,0.455,Bapatla,AP
2017-09-06,19.1,32.6,25.5,4.08,0.494,Bapatla,AP
2017-09-07,13.2,31.6,24.5,4.54,0.491,Bapatla,AP
2017-09-08,5.7,31.2,25.3,4.66,0.492,Bapatla,AP
2017-09-09,2.9,30.8,25.7,4.5,0.472,Bapatla,AP
2017-09-10,3.8,30.5,26.5,3.84,0.457,Bapatla,AP
2017-09-11,1.2,31.0,25.4,4.14,0.47,Bapatla,AP
2017-09-12,2.3,31.2,26.5,4.43,0.472,Bapatla,AP
2017-09-13,0.8,30.6,27.2,4.04,0.463,Bapatla,AP
2017-09-14,0.4,31.8,27.1,4.92,0.454,Bapatla,AP
2017-09-15,11.0,32.1,25.0,4.03,0.477,Bapatla,AP
2017-09-16,10.7,32.7,26.5,4.34,0.465,Bapatla,AP
2017-09-17,18.5,30.7,25.0,2.92,0.505,Bapatla,AP
2017-09-18,4.2,28.5,24.9,2.42,0.5,Bapatla,AP
2017-09-19,0.6,33.2,25.5,5.12,0.483,Bapatla,AP
2017-09-20,0.0,31.8,26.6,4.59,0.461,Bapatla,AP
2017-09-21,0.2,33.7,27.1,5.07,0.44,Bapatla,AP
2017-09-22,1.2,32.4,27.2,4.71,0.425,Bapatla,AP
2017-09-23,8.0,32.7,25.2,4.27,0.432,Bapatla,AP
2017-09-24,10.6,31.4,26.0,3.42,0.45,Bapatla,AP
2017-09-25,8.5,31.3,25.7,3.46,0.48,Bapatla,AP
2017-09-26,5.2,32.0,25.0,3.57,0.482,Bapatla,AP
2017-09-27,28.0,30.9,25.5,3.18,0.495,Bapatla,AP
2017-09-28,15.2,30.1,24.4,2.98,0.505,Bapatla,AP
2017-09-29,6.0,31.3,24.4,3.19,0.5,Bapatla,AP
2017-09-30,17.9,31.4,24.3,3.35,0.502,Bapatla,AP
2017-10-01,15.7,31.4,24.7,3.53,0.5,Bapatla,AP
2017-10-02,18.0,30.3,25.0,3.67,0.501,Bapatla,AP
2017-10-03,13.2,30.6,24.4,3.62,0.501,Bapatla,AP
2017-10-04,14.6,31.1,24.8,3.07,0.504,Bapatla,AP
2017-10-05,4.6,30.0,24.9,3.19,0.501,Bapatla,AP
2017-10-06,13.0,29.6,24.3,3.39,0.5,Bapatla,AP
2017-10-07,3.6,30.4,25.1,3.8,0.497,Bapatla,AP
2017-10-08,6.1,30.8,24.8,3.91,0.495,Bapatla,AP
2017-10-09,8.7,30.6,25.4,3.96,0.499,Bapatla,AP
2017-10-10,4.3,30.6,24.5,3.66,0.492,Bapatla,AP
2017-10-11,9.4,30.3,26.2,3.72,0.489,Bapatla,AP
2017-10-12,6.5,31.1,25.4,4.02,0.494,Bapatla,AP
2017-10-13,7.8,31.8,25.6,3.91,0.49,Bapatla,AP
2017-10-14,0.9,31.6,25.4,3.86,0.485,Bapatla,AP
2017-10-15,13.9,32.2,26.1,3.93,0.485,Bapatla,AP
2017-10-16,5.1,32.1,25.0,3.77,0.483,Bapatla,AP
2017-10-17,0.0,33.6,25.2,4.92,0.459,Bapatla,AP
2017-10-18,0.0,33.1,24.7,4.89,0.439,Bapatla,AP
2017-10-19,0.0,30.8,24.6,3.7,0.426,Bapatla,AP
2017-10-20,0.0,32.6,24.3,4.74,0.411,Bapatla,AP
2017-10-21,0.0,32.0,22.0,4.71,0.392,Bapatla,AP
2017-10-22,0.0,33.6,24.4,4.61,0.378,Bapatla,AP
2017-10-23,0.0,32.9,25.2,4.42,0.363,Bapatla,AP
2017-10-24,1.7,31.6,24.7,3.68,0.358,Bapatla,AP
2017-10-25,3.0,30.6,24.5,3.6,0.364,Bapatla,AP
2017-10-26,0.3,31.9,24.5,4.41,0.355,Bapatla,AP
2017-10-27,0.0,31.9,22.9,4.35,0.338,Bapatla,AP
2017-10-28,0.7,31.7,23.1,3.81,0.324,Bapatla,AP
2017-10-29,0.0,32.0,23.2,4.72,0.314,Bapatla,AP
2017-10-30,0.0,30.9,22.7,4.02,0.302,Bapatla,AP
2017-10-31,0.0,30.3,23.9,3.34,0.293,Bapatla,AP
2017-11-01,0.0,31.5,23.7,4.63,0.287,Bapatla,AP
2017-11-02,0.0,31.7,22.9,4.97,0.283,Bapatla,AP
2017-11-03,0.1,31.1,22.3,4.37,0.278,Bapatla,AP
2017-11-04,2.0,28.4,24.0,2.43,0.289,Bapatla,AP
2017-11-05,2.1,29.8,23.1,3.44,0.382,Bapatla,AP
2017-11-06,5.4,30.3,23.5,3.42,0.429,Bapatla,AP
2017-11-07,0.5,30.3,23.0,3.78,0.408,Bapatla,AP
2017-11-08,0.0,31.6,23.5,4.27,0.383,Bapatla,AP
2017-11-09,0.0,31.2,21.6,4.13,0.36,Bapatla,AP
2017-11-10,0.0,31.4,21.9,4.07,0.343,Bapatla,AP
2017-11-11,0.0,30.8,21.5,4.13,0.331,Bapatla,AP
2017-11-12,0.0,30.8,22.5,3.77,0.32,Bapatla,AP
2017-11-13,1.6,27.7,23.6,1.98,0.321,Bapatla,AP
2017-11-14,3.2,29.7,23.1,2.5,0.341,Bapatla,AP
2017-11-15,0.0,33.7,23.1,4.37,0.343,Bapatla,AP
2017-11-16,0.0,33.7,24.3,4.54,0.326,Bapatla,AP
2017-11-17,1.0,31.6,24.0,3.39,0.316,Bapatla,AP
2017-11-18,3.4,29.8,24.1,3.27,0.335,Bapatla,AP
2017-11-19,0.7,30.6,24.3,3.54,0.331,Bapatla,AP
2017-11-20,0.6,31.2,24.0,3.12,0.324,Bapatla,AP
2017-11-21,9.5,30.4,23.7,3.19,0.351,Bapatla,AP
2017-11-22,0.4,30.4,22.1,3.64,0.348,Bapatla,AP
2017-11-23,0.1,31.5,23.0,3.82,0.332,Bapatla,AP
2017-11-24,4.3,29.5,23.4,3.12,0.348,Bapatla,AP
2017-11-25,0.0,31.4,22.7,4.17,0.337,Bapatla,AP
2017-11-26,0.0,31.4,20.5,4.33,0.323,Bapatla,AP
2017-11-27,0.0,31.5,21.4,4.06,0.31,Bapatla,AP
2017-11-28,0.0,31.4,20.2,4.34,0.299,Bapatla,AP
2017-11-29,0.0,30.5,20.7,4.51,0.288,Bapatla,AP
2017-11-30,0.0,30.0,21.0,4.05,0.282,Bapatla,AP
2017-12-01,0.0,30.1,21.7,4.37,0.278,Bapatla,AP
2017-12-02,0.0,29.5,20.8,4.49,0.274,Bapatla,AP
2017-12-03,0.0,29.7,19.7,4.38,0.272,Bapatla,AP
2017-12-04,0.0,29.7,19.7,4.14,0.269,Bapatla,AP
2017-12-05,0.0,29.1,20.0,4.22,0.267,Bapatla,AP
2017-12-06,0.0,30.1,20.7,4.03,0.265,Bapatla,AP
2017-12-07,0.0,30.9,18.8,3.91,0.262,Bapatla,AP
2017-12-08,0.0,31.4,19.0,4.01,0.261,Bapatla,AP
2017-12-09,0.0,33.9,21.0,4.44,0.256,Bapatla,AP
2017-12-10,0.0,33.1,21.3,4.53,0.254,Bapatla,AP
2017-12-11,0.0,31.2,20.4,3.96,0.253,Bapatla,AP
2017-12-12,2.3,29.2,22.3,3.09,0.258,Bapatla,AP
2017-12-13,0.1,30.6,21.7,3.38,0.261,Bapatla,AP
2017-12-14,0.9,29.7,22.1,3.23,0.268,Bapatla,AP
2017-12-15,0.0,30.4,22.3,3.72,0.275,Bapatla,AP
2017-12-16,0.0,30.0,20.5,3.67,0.274,Bapatla,AP
2017-12-17,0.1,30.3,19.3,3.78,0.272,Bapatla,AP
2017-12-18,0.0,30.7,19.1,4.14,0.268,Bapatla,AP
2017-12-19,0.0,30.5,19.3,4.01,0.264,Bapatla,AP
2017-12-20,0.0,30.0,17.5,4.21,0.261,Bapatla,AP
2017-12-21,0.0,30.2,18.7,4.02,0.256,Bapatla,AP
2017-12-22,0.0,30.4,20.1,3.84,0.254,Bapatla,AP
2017-12-23,0.0,29.3,19.6,3.62,0.254,Bapatla,AP
2017-12-24,0.0,29.8,19.3,3.73,0.255,Bapatla,AP
2017-12-25,0.0,29.9,19.4,3.79,0.256,Bapatla,AP
2017-12-26,0.0,30.9,20.1,3.76,0.256,Bapatla,AP
2017-12-27,0.0,29.1,19.0,3.6,0.253,Bapatla,AP
2017-12-28,0.0,29.3,17.7,4.13,0.252,Bapatla,AP
2017-12-29,0.0,29.6,17.6,4.07,0.249,Bapatla,AP
2017-12-30,0.0,29.8,18.9,3.69,0.248,Bapatla,AP
2017-12-31,0.0,31.0,19.3,4.1,0.248,Bapatla,AP
2018-01-01,0.0,31.2,22.2,3.99,0.245,Bapatla,AP
2018-01-02,0.2,29.5,20.6,3.51,0.247,Bapatla,AP
2018-01-03,0.1,30.9,20.7,3.71,0.248,Bapatla,AP
2018-01-04,0.0,30.0,19.0,3.93,0.247,Bapatla,AP
2018-01-05,0.0,28.5,18.3,4.01,0.249,Bapatla,AP
2018-01-06,0.0,28.1,17.9,4.03,0.249,Bapatla,AP
2018-01-07,0.0,28.2,16.5,3.97,0.249,Bapatla,AP
2018-01-08,0.0,29.4,18.0,4.09,0.248,Bapatla,AP
2018-01-09,0.0,29.3,19.0,4.0,0.248,Bapatla,AP
2018-01-10,0.0,30.4,20.1,3.92,0.248,Bapatla,AP
2018-01-11,0.0,29.9,20.7,3.73,0.246,Bapatla,AP
2018-01-12,0.0,31.2,20.9,3.81,0.247,Bapatla,AP
2018-01-13,0.0,30.2,21.3,3.84,0.248,Bapatla,AP
2018-01-14,0.0,30.0,21.0,3.62,0.25,Bapatla,AP
2018-01-15,0.0,29.6,20.9,3.75,0.252,Bapatla,AP
2018-01-16,0.6,29.8,20.5,3.5,0.254,Bapatla,AP
2018-01-17,0.1,27.9,20.2,3.58,0.255,Bapatla,AP
2018-01-18,0.0,28.5,18.5,4.03,0.255,Bapatla,AP
2018-01-19,0.0,28.7,18.6,4.1,0.253,Bapatla,AP
2018-01-20,0.0,28.9,17.8,4.07,0.251,Bapatla,AP
2018-01-21,0.0,28.7,18.2,4.19,0.248,Bapatla,AP
2018-01-22,0.0,28.0,17.4,4.18,0.247,Bapatla,AP
2018-01-23,0.0,28.8,19.3,4.29,0.246,Bapatla,AP
2018-01-24,0.0,28.7,18.3,4.0,0.246,Bapatla,AP
2018-01-25,0.0,31.5,19.5,4.01,0.247,Bapatla,AP
2018-01-26,0.6,28.2,18.8,3.38,0.25,Bapatla,AP
2018-01-27,0.1,29.0,19.8,3.77,0.254,Bapatla,AP
2018-01-28,0.0,29.9,19.6,4.18,0.253,Bapatla,AP
2018-01-29,0.0,29.9,19.2,4.03,0.251,Bapatla,AP
2018-01-30,0.0,29.6,19.2,4.02,0.248,Bapatla,AP
2018-01-31,0.0,29.6,18.3,4.3,0.246,Bapatla,AP
2018-02-01,0.0,31.9,18.1,4.59,0.243,Bapatla,AP
2018-02-02,0.0,31.1,17.1,4.85,0.24,Bapatla,AP
2018-02-03,0.0,29.3,18.1,4.8,0.239,Bapatla,AP
2018-02-04,0.0,28.6,17.1,4.57,0.242,Bapatla,AP
2018-02-05,0.0,28.8,17.7,4.3,0.241,Bapatla,AP
2018-02-06,0.0,30.0,19.7,4.5,0.241,Bapatla,AP
2018-02-07,0.0,30.5,20.1,4.0,0.241,Bapatla,AP
2018-02-08,0.0,32.2,22.8,4.08,0.241,Bapatla,AP
2018-02-09,0.0,30.5,22.1,4.43,0.241,Bapatla,AP
2018-02-10,0.0,30.3,23.5,4.37,0.241,Bapatla,AP
2018-02-11,0.0,28.9,23.6,3.34,0.24,Bapatla,AP
2018-02-12,0.0,29.7,22.0,4.65,0.243,Bapatla,AP
2018-02-13,0.0,30.1,21.6,4.22,0.243,Bapatla,AP
2018-02-14,0.0,30.9,20.4,4.8,0.241,Bapatla,AP
2018-02-15,0.0,32.2,20.0,4.63,0.24,Bapatla,AP
2018-02-16,0.0,31.1,19.6,4.62,0.241,Bapatla,AP
2018-02-17,0.0,30.8,20.8,4.66,0.24,Bapatla,AP
2018-02-18,0.0,30.2,21.1,4.67,0.239,Bapatla,AP
2018-02-19,0.0,29.3,21.1,4.71,0.24,Bapatla,AP
2018-02-20,0.0,30.2,20.6,4.54,0.241,Bapatla,AP
2018-02-21,0.0,30.4,20.7,4.93,0.241,Bapatla,AP
2018-02-22,0.0,31.7,21.6,4.9,0.239,Bapatla,AP
2018-02-23,0.0,29.8,21.2,4.75,0.238,Bapatla,AP
2018-02-24,0.0,30.3,20.1,5.05,0.239,Bapatla,AP
2018-02-25,0.0,32.6,17.9,5.19,0.238,Bapatla,AP
2018-02-26,0.0,33.5,18.7,5.36,0.237,Bapatla,AP
2018-02-27,0.0,33.4,19.7,5.45,0.236,Bapatla,AP
2018-02-28,0.0,33.1,20.3,5.33,0.235,Bapatla,AP
2018-03-01,0.0,32.7,22.0,5.17,0.234,Bapatla,AP
2018-03-02,0.0,33.3,21.8,5.4,0.234,Bapatla,AP
2018-03-03,0.0,33.3,21.1,5.87,0.234,Bapatla,AP
2018-03-04,0.0,32.9,22.1,5.58,0.234,Bapatla,AP
2018-03-05,0.0,31.6,21.3,5.14,0.234,Bapatla,AP
2018-03-06,0.0,31.2,23.1,5.06,0.234,Bapatla,AP
2018-03-07,0.0,31.9,22.2,5.34,0.234,Bapatla,AP
2018-03-08,0.0,32.6,19.9,5.46,0.235,Bapatla,AP
2018-03-09,0.0,31.6,22.0,4.95,0.238,Bapatla,AP
2018-03-10,0.0,33.0,21.9,5.11,0.24,Bapatla,AP
2018-03-11,0.0,31.1,22.6,5.06,0.242,Bapatla,AP
2018-03-12,0.0,31.5,23.5,5.01,0.243,Bapatla,AP
2018-03-13,0.0,32.9,24.3,5.29,0.244,Bapatla,AP
2018-03-14,0.0,31.9,24.0,4.83,0.244,Bapatla,AP
2018-03-15,0.0,31.7,25.0,4.99,0.247,Bapatla,AP
2018-03-16,0.7,30.8,26.1,3.53,0.25,Bapatla,AP
2018-03-17,0.4,30.6,24.0,3.44,0.252,Bapatla,AP
2018-03-18,0.0,32.5,22.6,5.68,0.253,Bapatla,AP
2018-03-19,0.0,32.4,23.3,5.69,0.25,Bapatla,AP
2018-03-20,0.0,32.7,23.1,5.41,0.249,Bapatla,AP
2018-03-21,0.0,33.0,24.6,5.57,0.249,Bapatla,AP
2018-03-22,0.0,33.1,25.6,4.87,0.25,Bapatla,AP
2018-03-23,0.0,33.9,26.0,5.04,0.251,Bapatla,AP
2018-03-24,0.0,32.7,26.6,5.13,0.251,Bapatla,AP
2018-03-25,0.0,32.2,25.7,5.36,0.254,Bapatla,AP
2018-03-26,0.0,32.2,25.0,5.39,0.254,Bapatla,AP
2018-03-27,0.0,32.4,25.1,5.33,0.255,Bapatla,AP
2018-03-28,0.0,32.1,26.0,5.29,0.255,Bapatla,AP
2018-03-29,0.0,32.4,26.6,5.39,0.255,Bapatla,AP
2018-03-30,0.0,32.6,26.7,5.2,0.256,Bapatla,AP
2018-03-31,0.0,32.1,26.7,5.31,0.255,Bapatla,AP
2018-04-01,0.0,32.8,26.7,5.48,0.254,Bapatla,AP
2018-04-02,1.2,32.0,26.8,4.72,0.276,Bapatla,AP
2018-04-03,0.3,32.1,26.2,4.68,0.319,Bapatla,AP
2018-04-04,0.0,32.1,26.4,5.5,0.315,Bapatla,AP
2018-04-05,0.0,31.9,26.1,5.49,0.302,Bapatla,AP
2018-04-06,0.0,32.2,26.1,5.47,0.292,Bapatla,AP
2018-04-07,0.0,32.4,26.4,5.31,0.284,Bapatla,AP
2018-04-08,0.3,33.7,25.3,5.6,0.277,Bapatla,AP
2018-04-09,0.0,32.4,25.6,5.5,0.27,Bapatla,AP
2018-04-10,0.0,32.4,24.3,5.65,0.262,Bapatla,AP
2018-04-11,0.0,33.1,25.9,5.52,0.257,Bapatla,AP
2018-04-12,0.0,33.4,26.8,5.88,0.253,Bapatla,AP
2018-04-13,0.0,33.1,27.1,5.83,0.25,Bapatla,AP
2018-04-14,0.0,33.6,27.5,5.75,0.248,Bapatla,AP
2018-04-15,0.0,33.9,28.0,5.68,0.247,Bapatla,AP
2018-04-16,0.0,34.2,27.5,5.83,0.245,Bapatla,AP
2018-04-17,0.0,34.0,27.8,5.95,0.245,Bapatla,AP
2018-04-18,0.0,35.0,27.5,6.14,0.245,Bapatla,AP
2018-04-19,0.0,34.7,28.4,6.27,0.246,Bapatla,AP
2018-04-20,0.0,34.7,28.6,6.14,0.247,Bapatla,AP
2018-04-21,0.0,34.5,28.9,6.0,0.248,Bapatla,AP
2018-04-22,0.0,33.6,28.3,6.06,0.248,Bapatla,AP
2018-04-23,0.0,33.8,28.2,5.7,0.248,Bapatla,AP
2018-04-24,0.0,33.7,28.3,4.59,0.247,Bapatla,AP
2018-04-25,0.0,33.8,28.2,6.18,0.247,Bapatla,AP
2018-04-26,0.0,33.9,28.2,5.99,0.247,Bapatla,AP
2018-04-27,0.0,34.0,28.4,6.34,0.246,Bapatla,AP
2018-04-28,0.0,33.8,27.9,6.2,0.245,Bapatla,AP
2018-04-29,0.0,33.6,27.6,5.6,0.246,Bapatla,AP
2018-04-30,0.0,34.4,28.5,6.05,0.248,Bapatla,AP
2018-05-01,0.0,34.7,28.9,6.31,0.25,Bapatla,AP
2018-05-02,0.0,34.5,28.7,5.84,0.252,Bapatla,AP
2018-05-03,0.3,34.2,28.8,5.3,0.255,Bapatla,AP
2018-05-04,0.4,33.2,28.2,4.97,0.263,Bapatla,AP
2018-05-05,0.0,33.5,28.2,6.14,0.264,Bapatla,AP
2018-05-06,0.0,33.9,27.8,6.31,0.26,Bapatla,AP
2018-05-07,0.0,34.4,28.1,6.04,0.257,Bapatla,AP
2018-05-08,0.0,34.8,28.5,6.05,0.255,Bapatla,AP
2018-05-09,0.0,34.7,29.1,5.75,0.252,Bapatla,AP
2018-05-10,0.0,34.5,29.0,6.14,0.249,Bapatla,AP
2018-05-11,0.0,34.9,28.9,5.74,0.248,Bapatla,AP
2018-05-12,0.2,34.6,29.2,5.56,0.249,Bapatla,AP
2018-05-13,0.0,34.5,28.8,5.95,0.248,Bapatla,AP
2018-05-14,0.1,34.3,29.1,6.09,0.252,Bapatla,AP
2018-05-15,0.0,33.5,27.9,5.26,0.261,Bapatla,AP
2018-05-16,0.0,34.4,28.1,5.98,0.259,Bapatla,AP
2018-05-17,0.0,34.1,28.4,6.1,0.256,Bapatla,AP
2018-05-18,0.0,35.8,28.5,6.07,0.253,Bapatla,AP
2018-05-19,0.0,34.5,28.4,6.03,0.251,Bapatla,AP
2018-05-20,0.0,34.9,28.5,6.25,0.249,Bapatla,AP
2018-05-21,0.0,34.1,28.5,6.17,0.248,Bapatla,AP
2018-05-22,0.0,34.5,28.5,5.68,0.247,Bapatla,AP
2018-05-23,0.0,34.4,28.2,6.07,0.246,Bapatla,AP
2018-05-24,0.0,34.9,28.5,5.89,0.247,Bapatla,AP
2018-05-25,0.1,35.0,28.2,5.56,0.251,Bapatla,AP
2018-05-26,0.0,35.0,28.0,5.99,0.248,Bapatla,AP
2018-05-27,0.0,34.6,28.3,5.83,0.246,Bapatla,AP
2018-05-28,0.0,34.9,28.8,6.19,0.245,Bapatla,AP
2018-05-29,0.0,38.9,28.7,6.5,0.244,Bapatla,AP
2018-05-30,0.0,41.1,28.8,6.19,0.245,Bapatla,AP
2018-05-31,0.0,36.8,29.4,6.33,0.246,Bapatla,AP
2018-06-01,9.3,36.2,27.5,5.09,0.325,Bapatla,AP
2018-06-02,0.5,35.7,28.6,5.23,0.424,Bapatla,AP
2018-06-03,0.1,34.1,26.8,5.39,0.406,Bapatla,AP
2018-06-04,0.3,37.9,28.5,6.66,0.369,Bapatla,AP
2018-06-05,8.1,38.2,28.7,6.02,0.332,Bapatla,AP
2018-06-06,10.9,34.5,27.5,3.6,0.334,Bapatla,AP
2018-06-07,5.3,33.9,26.5,3.61,0.401,Bapatla,AP
2018-06-08,2.7,34.8,26.9,4.59,0.398,Bapatla,AP
2018-06-09,1.2,35.9,27.5,6.07,0.389,Bapatla,AP
2018-06-10,1.1,32.9,27.3,4.17,0.431,Bapatla,AP
2018-06-11,2.2,32.9,25.8,3.7,0.406,Bapatla,AP
2018-06-12,0.3,35.3,28.6,4.52,0.382,Bapatla,AP
2018-06-13,0.4,36.5,27.8,6.19,0.358,Bapatla,AP
2018-06-14,0.0,38.4,30.1,6.9,0.326,Bapatla,AP
2018-06-15,0.6,39.6,29.5,6.97,0.302,Bapatla,AP
2018-06-16,0.2,40.0,30.0,7.22,0.287,Bapatla,AP
2018-06-17,0.0,41.7,30.0,9.25,0.275,Bapatla,AP
2018-06-18,0.0,40.6,30.7,8.81,0.265,Bapatla,AP
2018-06-19,0.0,39.5,30.1,7.42,0.266,Bapatla,AP
2018-06-20,0.0,38.9,29.4,7.07,0.262,Bapatla,AP
2018-06-21,0.0,39.1,29.2,6.63,0.278,Bapatla,AP
2018-06-22,0.0,37.3,28.2,5.32,0.277,Bapatla,AP
2018-06-23,0.6,35.8,26.2,5.25,0.285,Bapatla,AP
2018-06-24,1.1,38.6,28.7,6.13,0.294,Bapatla,AP
2018-06-25,1.1,39.2,28.1,7.08,0.304,Bapatla,AP
2018-06-26,0.3,37.5,29.9,7.01,0.289,Bapatla,AP
2018-06-27,2.6,35.0,25.2,4.93,0.286,Bapatla,AP
2018-06-28,12.2,33.1,24.7,2.88,0.365,Bapatla,AP
2018-06-29,3.5,34.2,26.2,3.93,0.353,Bapatla,AP
2018-06-30,2.9,32.3,26.0,4.04,0.353,Bapatla,AP
2018-07-01,2.5,33.2,26.0,3.62,0.405,Bapatla,AP
2018-07-02,3.6,35.1,27.1,5.37,0.383,Bapatla,AP
2018-07-03,2.9,36.8,25.6,5.54,0.399,Bapatla,AP
2018-07-04,2.0,36.5,26.5,5.32,0.402,Bapatla,AP
2018-07-05,2.7,37.3,26.7,6.41,0.365,Bapatla,AP
2018-07-06,2.1,36.0,25.4,4.54,0.403,Bapatla,AP
2018-07-07,6.3,33.3,25.3,3.28,0.417,Bapatla,AP
2018-07-08,14.9,32.0,24.8,2.54,0.472,Bapatla,AP
2018-07-09,0.9,32.9,26.5,4.19,0.425,Bapatla,AP
2018-07-10,5.1,31.8,24.9,3.59,0.428,Bapatla,AP
2018-07-11,7.7,31.8,24.5,4.12,0.434,Bapatla,AP
2018-07-12,17.3,26.6,24.1,1.55,0.459,Bapatla,AP
2018-07-13,4.5,32.0,24.2,4.75,0.441,Bapatla,AP
2018-07-14,4.7,31.3,25.5,3.12,0.432,Bapatla,AP
2018-07-15,14.7,29.1,24.5,2.02,0.476,Bapatla,AP
2018-07-16,1.4,31.5,25.0,3.6,0.471,Bapatla,AP
2018-07-17,0.1,34.1,27.0,6.57,0.43,Bapatla,AP
2018-07-18,0.0,34.6,28.0,6.63,0.397,Bapatla,AP
2018-07-19,0.1,35.9,28.7,7.4,0.369,Bapatla,AP
2018-07-20,5.8,30.3,25.2,2.91,0.395,Bapatla,AP
2018-07-21,2.0,33.0,25.5,4.56,0.428,Bapatla,AP
2018-07-22,0.1,33.5,28.3,5.54,0.399,Bapatla,AP
2018-07-23,2.5,34.6,27.5,6.15,0.374,Bapatla,AP
2018-07-24,3.6,35.4,27.2,5.67,0.367,Bapatla,AP
2018-07-25,0.9,36.1,27.2,6.03,0.361,Bapatla,AP
2018-07-26,2.0,37.6,26.9,6.78,0.344,Bapatla,AP
2018-07-27,0.7,34.8,26.5,5.15,0.341,Bapatla,AP
2018-07-28,0.0,35.9,28.8,5.54,0.323,Bapatla,AP
2018-07-29,0.4,36.9,27.4,5.63,0.32,Bapatla,AP
2018-07-30,0.3,37.6,27.6,5.41,0.313,Bapatla,AP
2018-07-31,0.7,37.8,28.7,6.01,0.297,Bapatla,AP
2018-08-01,0.1,38.2,29.2,6.51,0.287,Bapatla,AP
2018-08-02,0.7,37.5,26.9,6.08,0.289,Bapatla,AP
2018-08-03,0.9,36.5,27.1,5.65,0.298,Bapatla,AP
2018-08-04,0.6,37.3,26.3,6.73,0.297,Bapatla,AP
2018-08-05,0.4,36.6,26.6,5.89,0.32,Bapatla,AP
2018-08-06,0.1,36.7,29.0,7.36,0.314,Bapatla,AP
2018-08-07,1.8,32.5,27.9,3.98,0.312,Bapatla,AP
2018-08-08,8.6,31.1,24.1,2.42,0.41,Bapatla,AP
2018-08-09,6.4,35.0,25.0,4.71,0.415,Bapatla,AP
2018-08-10,20.8,30.6,24.6,2.77,0.484,Bapatla,AP
2018-08-11,45.7,29.6,24.2,2.04,0.507,Bapatla,AP
2018-08-12,11.4,31.4,23.9,3.21,0.495,Bapatla,AP
2018-08-13,23.4,29.5,23.7,2.38,0.512,Bapatla,AP
2018-08-14,44.9,27.2,23.6,1.29,0.511,Bapatla,AP
2018-08-15,10.8,29.2,24.6,2.05,0.509,Bapatla,AP
2018-08-16,3.8,30.7,24.2,4.37,0.497,Bapatla,AP
2018-08-17,1.1,33.1,26.1,5.66,0.469,Bapatla,AP
2018-08-18,0.7,33.4,27.0,5.48,0.445,Bapatla,AP
2018-08-19,22.1,28.1,24.4,1.53,0.5,Bapatla,AP
2018-08-20,28.4,26.3,24.3,1.16,0.512,Bapatla,AP
2018-08-21,0.6,32.6,24.7,5.69,0.481,Bapatla,AP
2018-08-22,0.4,33.7,26.2,5.79,0.455,Bapatla,AP
2018-08-23,0.2,33.2,26.9,5.8,0.434,Bapatla,AP
2018-08-24,1.4,31.6,27.1,4.08,0.445,Bapatla,AP
2018-08-25,0.0,31.0,27.1,2.74,0.456,Bapatla,AP
2018-08-26,0.1,31.8,26.6,4.44,0.433,Bapatla,AP
2018-08-27,4.2,31.9,24.7,3.56,0.431,Bapatla,AP
2018-08-28,1.7,32.4,25.1,4.02,0.419,Bapatla,AP
2018-08-29,2.9,33.4,25.2,4.78,0.417,Bapatla,AP
2018-08-30,1.9,33.6,26.0,4.84,0.399,Bapatla,AP
2018-08-31,2.3,33.2,25.4,4.63,0.405,Bapatla,AP
2018-09-01,2.1,33.6,25.3,4.44,0.415,Bapatla,AP
2018-09-02,7.2,31.6,26.3,3.56,0.422,Bapatla,AP
2018-09-03,0.4,33.7,26.3,5.15,0.396,Bapatla,AP
2018-09-04,1.7,34.0,26.7,4.84,0.373,Bapatla,AP
2018-09-05,0.0,33.9,27.1,4.94,0.355,Bapatla,AP
2018-09-06,0.2,33.4,27.1,5.44,0.337,Bapatla,AP
2018-09-07,0.0,34.7,27.2,5.51,0.321,Bapatla,AP
2018-09-08,1.5,34.2,25.5,5.14,0.313,Bapatla,AP
2018-09-09,1.1,32.5,26.3,4.79,0.304,Bapatla,AP
2018-09-10,0.0,33.0,27.6,5.4,0.289,Bapatla,AP
2018-09-11,0.3,34.5,26.9,5.24,0.28,Bapatla,AP
2018-09-12,1.0,33.9,27.4,5.15,0.275,Bapatla,AP
2018-09-13,7.6,32.5,27.0,4.09,0.294,Bapatla,AP
2018-09-14,2.6,32.7,26.6,3.93,0.287,Bapatla,AP
2018-09-15,0.3,35.1,27.5,4.79,0.28,Bapatla,AP
2018-09-16,0.2,35.9,26.9,5.13,0.282,Bapatla,AP
2018-09-17,10.4,32.4,25.0,2.31,0.302,Bapatla,AP
2018-09-18,28.4,34.5,24.9,3.55,0.377,Bapatla,AP
2018-09-19,5.6,32.5,24.7,3.9,0.45,Bapatla,AP
2018-09-20,5.2,31.2,24.6,2.44,0.438,Bapatla,AP
2018-09-21,1.9,34.4,26.3,4.31,0.396,Bapatla,AP
2018-09-22,0.6,31.6,25.1,4.7,0.385,Bapatla,AP
2018-09-23,1.1,31.5,26.7,4.61,0.369,Bapatla,AP
2018-09-24,1.2,31.7,25.2,4.68,0.355,Bapatla,AP
2018-09-25,1.5,32.0,26.3,4.38,0.337,Bapatla,AP
2018-09-26,4.4,32.6,26.4,4.19,0.325,Bapatla,AP
2018-09-27,0.9,33.1,26.3,4.58,0.305,Bapatla,AP
2018-09-28,1.1,32.3,25.9,4.6,0.296,Bapatla,AP
2018-09-29,1.1,33.2,25.8,4.86,0.284,Bapatla,AP
2018-09-30,1.4,33.3,26.4,4.57,0.277,Bapatla,AP
2018-10-01,2.3,33.6,24.7,4.97,0.28,Bapatla,AP
2018-10-02,0.9,33.6,26.3,4.82,0.271,Bapatla,AP
2018-10-03,1.2,34.2,26.2,4.97,0.27,Bapatla,AP
2018-10-04,0.6,34.7,25.7,5.2,0.268,Bapatla,AP
2018-10-05,1.8,32.8,25.3,4.32,0.27,Bapatla,AP
2018-10-06,0.0,35.5,24.3,5.97,0.264,Bapatla,AP
2018-10-07,0.1,35.3,24.4,5.8,0.255,Bapatla,AP
2018-10-08,0.0,37.0,24.4,5.91,0.248,Bapatla,AP
2018-10-09,0.0,38.6,25.1,6.47,0.242,Bapatla,AP
2018-10-10,0.0,38.4,27.1,8.16,0.237,Bapatla,AP
2018-10-11,0.0,38.6,28.2,7.98,0.239,Bapatla,AP
2018-10-12,0.3,37.0,27.8,5.41,0.243,Bapatla,AP
2018-10-13,2.2,33.2,27.3,4.59,0.248,Bapatla,AP
2018-10-14,5.3,32.6,27.4,3.93,0.301,Bapatla,AP
2018-10-15,2.6,31.9,24.8,4.13,0.401,Bapatla,AP
2018-10-16,4.4,31.5,25.6,3.74,0.39,Bapatla,AP
2018-10-17,8.4,30.0,24.5,3.08,0.414,Bapatla,AP
2018-10-18,3.6,31.5,23.8,3.35,0.399,Bapatla,AP
2018-10-19,0.0,32.5,23.0,4.67,0.4,Bapatla,AP
2018-10-20,0.0,33.2,21.8,4.7,0.365,Bapatla,AP
2018-10-21,0.0,32.9,22.4,4.88,0.338,Bapatla,AP
2018-10-22,0.4,33.2,22.4,4.54,0.318,Bapatla,AP
2018-10-23,0.4,32.7,24.0,4.58,0.301,Bapatla,AP
2018-10-24,0.3,33.5,23.7,4.5,0.288,Bapatla,AP
2018-10-25,2.2,32.2,24.6,3.81,0.284,Bapatla,AP
2018-10-26,0.0,35.1,23.5,5.74,0.274,Bapatla,AP
2018-10-27,0.0,35.7,21.5,5.77,0.269,Bapatla,AP
2018-10-28,0.0,36.0,22.3,5.75,0.265,Bapatla,AP
2018-10-29,0.0,35.7,23.0,5.22,0.259,Bapatla,AP
2018-10-30,2.9,33.1,24.5,4.33,0.263,Bapatla,AP
2018-10-31,5.4,33.2,24.5,3.76,0.283,Bapatla,AP
2018-11-01,8.5,30.2,24.7,2.85,0.329,Bapatla,AP
2018-11-02,5.6,30.8,24.0,3.41,0.404,Bapatla,AP
2018-11-03,1.9,30.8,24.7,3.54,0.388,Bapatla,AP
2018-11-04,0.8,31.5,24.5,3.75,0.376,Bapatla,AP
2018-11-05,0.3,31.8,24.7,3.9,0.354,Bapatla,AP
2018-11-06,0.8,30.7,24.1,3.72,0.336,Bapatla,AP
2018-11-07,0.1,31.2,22.7,4.38,0.318,Bapatla,AP
2018-11-08,0.0,32.4,21.9,4.57,0.303,Bapatla,AP
2018-11-09,0.9,32.4,22.8,3.96,0.299,Bapatla,AP
2018-11-10,0.2,33.3,22.3,4.02,0.298,Bapatla,AP
2018-11-11,0.1,33.1,21.8,4.29,0.291,Bapatla,AP
2018-11-12,0.0,34.5,21.5,4.62,0.286,Bapatla,AP
2018-11-13,0.0,34.8,20.9,4.8,0.282,Bapatla,AP
2018-11-14,0.0,34.8,23.4,5.18,0.276,Bapatla,AP
2018-11-15,3.5,33.6,24.5,4.4,0.28,Bapatla,AP
2018-11-16,12.6,30.5,24.9,2.95,0.356,Bapatla,AP
2018-11-17,5.9,29.1,24.1,3.05,0.445,Bapatla,AP
2018-11-18,2.1,31.2,24.7,3.5,0.413,Bapatla,AP
2018-11-19,0.0,31.7,24.8,4.16,0.396,Bapatla,AP
2018-11-20,0.0,32.1,23.6,4.32,0.369,Bapatla,AP
2018-11-21,4.5,27.8,22.5,2.37,0.358,Bapatla,AP
2018-11-22,2.5,29.2,20.8,2.05,0.418,Bapatla,AP
2018-11-23,0.0,30.8,21.3,3.58,0.433,Bapatla,AP
2018-11-24,0.3,30.7,21.4,3.67,0.398,Bapatla,AP
2018-11-25,0.0,30.4,21.3,3.82,0.373,Bapatla,AP
2018-11-26,0.0,29.7,19.1,4.21,0.352,Bapatla,AP
2018-11-27,0.0,29.3,19.9,3.99,0.332,Bapatla,AP
2018-11-28,0.6,29.2,19.8,3.65,0.321,Bapatla,AP
2018-11-29,0.0,31.7,21.4,4.02,0.311,Bapatla,AP
2018-11-30,0.0,31.6,21.6,3.96,0.3,Bapatla,AP
2018-12-01,0.2,29.8,20.8,3.4,0.295,Bapatla,AP
2018-12-02,0.3,30.3,21.1,3.86,0.29,Bapatla,AP
2018-12-03,0.0,31.4,21.6,4.38,0.285,Bapatla,AP
2018-12-04,0.3,30.9,22.9,3.61,0.284,Bapatla,AP
2018-12-05,0.2,31.0,22.8,3.39,0.291,Bapatla,AP
2018-12-06,3.8,29.0,23.0,2.78,0.318,Bapatla,AP
2018-12-07,1.9,29.6,23.4,3.05,0.335,Bapatla,AP
2018-12-08,0.5,28.9,23.5,2.89,0.329,Bapatla,AP
2018-12-09,1.2,29.6,23.6,3.5,0.324,Bapatla,AP
2018-12-10,0.2,29.6,23.2,3.68,0.316,Bapatla,AP
2018-12-11,0.1,29.5,22.2,3.4,0.307,Bapatla,AP
2018-12-12,0.0,31.6,21.9,3.75,0.299,Bapatla,AP
2018-12-13,0.4,30.3,22.1,3.59,0.293,Bapatla,AP
2018-12-14,0.1,31.5,21.5,4.25,0.288,Bapatla,AP
2018-12-15,0.0,32.6,21.8,5.38,0.282,Bapatla,AP
2018-12-16,37.5,24.6,18.7,1.73,0.362,Bapatla,AP
2018-12-17,20.9,22.6,18.2,1.92,0.491,Bapatla,AP
2018-12-18,0.0,25.4,17.2,3.18,0.452,Bapatla,AP
2018-12-19,3.0,24.5,19.2,1.91,0.443,Bapatla,AP
2018-12-20,1.3,27.7,19.5,3.03,0.45,Bapatla,AP
2018-12-21,0.0,28.2,19.7,3.07,0.434,Bapatla,AP
2018-12-22,1.0,28.1,20.3,3.01,0.417,Bapatla,AP
2018-12-23,0.2,28.1,20.3,3.16,0.404,Bapatla,AP
2018-12-24,0.0,28.3,19.9,3.22,0.389,Bapatla,AP
2018-12-25,0.0,28.3,20.1,3.51,0.373,Bapatla,AP
2018-12-26,0.0,27.8,20.0,3.52,0.358,Bapatla,AP
2018-12-27,0.0,27.4,22.0,2.48,0.346,Bapatla,AP
2018-12-28,2.0,26.9,19.5,2.4,0.351,Bapatla,AP
2018-12-29,0.0,28.2,15.9,3.86,0.348,Bapatla,AP
2018-12-30,0.0,28.2,18.4,3.61,0.335,Bapatla,AP
2018-12-31,0.0,27.5,15.4,3.88,0.321,Bapatla,AP
2019-01-01,0.0,27.7,14.6,3.88,0.307,Bapatla,AP
2019-01-02,0.0,28.6,16.0,3.81,0.296,Bapatla,AP
2019-01-03,0.0,30.0,16.5,3.66,0.289,Bapatla,AP
2019-01-04,0.0,28.7,17.9,3.74,0.284,Bapatla,AP
2019-01-05,0.0,29.2,18.5,3.82,0.281,Bapatla,AP
2019-01-06,0.0,28.4,17.9,3.6,0.279,Bapatla,AP
2019-01-07,0.0,29.4,17.1,3.86,0.276,Bapatla,AP
2019-01-08,0.0,31.3,17.0,3.91,0.272,Bapatla,AP
2019-01-09,0.0,31.2,16.1,4.31,0.268,Bapatla,AP
2019-01-10,0.0,28.6,17.2,3.6,0.265,Bapatla,AP
2019-01-11,0.0,29.2,19.2,3.91,0.265,Bapatla,AP
2019-01-12,0.0,28.7,18.7,3.97,0.266,Bapatla,AP
2019-01-13,0.0,28.9,18.7,3.91,0.267,Bapatla,AP
2019-01-14,0.0,30.1,17.8,3.8,0.264,Bapatla,AP
2019-01-15,0.0,30.8,17.1,3.95,0.263,Bapatla,AP
2019-01-16,0.5,29.1,19.0,3.41,0.266,Bapatla,AP
2019-01-17,0.0,28.7,19.2,3.74,0.266,Bapatla,AP
2019-01-18,0.0,30.1,19.5,3.88,0.266,Bapatla,AP
2019-01-19,0.0,30.2,19.0,3.82,0.265,Bapatla,AP
2019-01-20,0.0,30.0,17.9,3.92,0.262,Bapatla,AP
2019-01-21,0.0,28.3,18.7,3.87,0.261,Bapatla,AP
2019-01-22,0.0,28.7,19.4,4.19,0.259,Bapatla,AP
2019-01-23,0.0,28.7,19.4,4.1,0.257,Bapatla,AP
2019-01-24,0.0,29.3,19.4,4.08,0.256,Bapatla,AP
2019-01-25,0.2,28.8,22.6,3.99,0.256,Bapatla,AP
2019-01-26,0.0,28.7,23.0,4.13,0.256,Bapatla,AP
2019-01-27,1.1,29.2,22.7,3.77,0.256,Bapatla,AP
2019-01-28,9.8,25.6,20.9,2.03,0.289,Bapatla,AP
2019-01-29,0.1,29.6,18.9,3.98,0.32,Bapatla,AP
2019-01-30,0.0,30.1,16.1,4.81,0.309,Bapatla,AP
2019-01-31,0.9,27.5,19.9,3.56,0.301,Bapatla,AP
2019-02-01,0.0,29.1,19.5,4.4,0.295,Bapatla,AP
2019-02-02,0.0,29.6,19.0,4.15,0.288,Bapatla,AP
2019-02-03,0.7,29.7,19.2,4.04,0.283,Bapatla,AP
2019-02-04,0.0,30.9,20.1,4.41,0.275,Bapatla,AP
2019-02-05,0.2,31.5,19.8,4.09,0.271,Bapatla,AP
2019-02-06,0.0,30.8,19.3,4.47,0.269,Bapatla,AP
2019-02-07,0.0,29.4,21.1,4.46,0.265,Bapatla,AP
2019-02-08,0.0,30.1,23.5,4.25,0.262,Bapatla,AP
2019-02-09,3.1,30.7,23.3,3.44,0.269,Bapatla,AP
2019-02-10,0.1,33.3,21.4,5.14,0.281,Bapatla,AP
2019-02-11,0.3,30.5,23.3,4.03,0.28,Bapatla,AP
2019-02-12,0.2,30.9,22.2,4.16,0.28,Bapatla,AP
2019-02-13,0.0,31.0,19.9,4.51,0.278,Bapatla,AP
2019-02-14,0.0,30.5,19.8,4.53,0.276,Bapatla,AP
2019-02-15,0.0,30.4,20.9,4.52,0.274,Bapatla,AP
2019-02-16,0.0,30.8,22.7,4.63,0.271,Bapatla,AP
2019-02-17,0.3,30.9,24.0,4.24,0.271,Bapatla,AP
2019-02-18,0.5,31.3,24.6,3.95,0.272,Bapatla,AP
2019-02-19,0.0,31.1,24.5,4.24,0.274,Bapatla,AP
2019-02-20,0.0,31.0,23.6,4.53,0.271,Bapatla,AP
2019-02-21,0.0,31.9,22.3,4.55,0.269,Bapatla,AP
2019-02-22,0.0,32.9,21.0,4.99,0.266,Bapatla,AP
2019-02-23,0.0,34.7,21.1,5.83,0.259,Bapatla,AP
2019-02-24,0.0,33.7,22.6,5.62,0.253,Bapatla,AP
2019-02-25,0.0,32.1,24.3,5.15,0.251,Bapatla,AP
2019-02-26,0.0,30.9,24.2,4.98,0.252,Bapatla,AP
2019-02-27,0.3,31.2,25.5,4.79,0.252,Bapatla,AP
2019-02-28,0.5,31.0,26.2,4.57,0.253,Bapatla,AP
2019-03-01,1.5,31.0,25.5,4.2,0.26,Bapatla,AP
2019-03-02,0.4,30.9,25.1,4.86,0.262,Bapatla,AP
2019-03-03,0.1,31.8,24.5,4.97,0.26,Bapatla,AP
2019-03-04,0.0,31.5,25.8,5.17,0.258,Bapatla,AP
2019-03-05,0.0,32.9,26.2,5.3,0.258,Bapatla,AP
2019-03-06,0.0,34.2,26.3,4.58,0.258,Bapatla,AP
2019-03-07,0.0,32.5,26.1,4.56,0.258,Bapatla,AP
2019-03-08,0.1,32.4,26.7,4.81,0.256,Bapatla,AP
2019-03-09,0.4,32.3,26.4,4.92,0.256,Bapatla,AP
2019-03-10,0.0,32.7,26.2,5.28,0.254,Bapatla,AP
2019-03-11,0.0,32.1,25.4,5.37,0.253,Bapatla,AP
2019-03-12,0.0,33.0,24.9,5.49,0.251,Bapatla,AP
2019-03-13,0.0,33.1,25.0,5.53,0.25,Bapatla,AP
2019-03-14,0.0,33.8,24.3,5.8,0.25,Bapatla,AP
2019-03-15,0.0,33.6,24.2,5.68,0.248,Bapatla,AP
2019-03-16,0.0,32.7,23.9,5.62,0.247,Bapatla,AP
2019-03-17,0.0,32.5,23.7,5.58,0.244,Bapatla,AP
2019-03-18,0.0,31.8,21.7,5.78,0.243,Bapatla,AP
2019-03-19,0.0,32.3,25.8,5.83,0.241,Bapatla,AP
2019-03-20,0.0,32.3,25.9,5.5,0.241,Bapatla,AP
2019-03-21,0.0,32.6,26.0,5.7,0.243,Bapatla,AP
2019-03-22,0.0,32.7,25.9,5.76,0.243,Bapatla,AP
2019-03-23,0.0,33.2,25.4,5.59,0.243,Bapatla,AP
2019-03-24,0.0,33.1,25.7,5.59,0.244,Bapatla,AP
2019-03-25,0.0,33.2,25.9,5.62,0.244,Bapatla,AP
2019-03-26,0.0,32.9,25.5,5.59,0.244,Bapatla,AP
2019-03-27,0.0,33.1,25.6,5.76,0.245,Bapatla,AP
2019-03-28,0.0,33.3,24.9,5.8,0.246,Bapatla,AP
2019-03-29,0.0,33.2,26.3,5.64,0.246,Bapatla,AP
2019-03-30,0.0,33.4,25.8,5.78,0.25,Bapatla,AP
2019-03-31,0.0,34.1,26.4,5.89,0.253,Bapatla,AP
2019-04-01,0.0,33.9,27.0,5.38,0.254,Bapatla,AP
2019-04-02,0.0,32.6,26.6,5.71,0.255,Bapatla,AP
2019-04-03,0.0,32.6,26.0,5.52,0.254,Bapatla,AP
2019-04-04,0.0,32.4,26.3,5.76,0.252,Bapatla,AP
2019-04-05,0.0,33.3,25.9,5.7,0.251,Bapatla,AP
2019-04-06,0.0,34.1,26.0,5.82,0.25,Bapatla,AP
2019-04-07,0.0,33.1,26.9,5.79,0.251,Bapatla,AP
2019-04-08,0.0,33.4,27.3,5.81,0.25,Bapatla,AP
2019-04-09,0.3,33.3,27.5,5.32,0.249,Bapatla,AP
2019-04-10,0.0,33.8,27.3,5.78,0.247,Bapatla,AP
2019-04-11,0.0,33.6,26.8,5.86,0.247,Bapatla,AP
2019-04-12,0.0,34.3,26.5,5.72,0.247,Bapatla,AP
2019-04-13,0.0,34.0,26.8,5.92,0.248,Bapatla,AP
2019-04-14,0.0,34.0,26.8,5.83,0.247,Bapatla,AP
2019-04-15,0.0,35.0,26.4,6.28,0.247,Bapatla,AP
2019-04-16,0.0,34.6,26.2,6.32,0.248,Bapatla,AP
2019-04-17,0.0,34.0,26.6,6.35,0.247,Bapatla,AP
2019-04-18,0.0,34.0,28.0,6.02,0.246,Bapatla,AP
2019-04-19,0.0,33.9,28.2,5.57,0.245,Bapatla,AP
2019-04-20,0.0,34.1,28.7,5.89,0.246,Bapatla,AP
2019-04-21,0.5,34.9,28.5,5.83,0.246,Bapatla,AP
2019-04-22,0.1,35.4,28.0,5.49,0.245,Bapatla,AP
2019-04-23,0.2,34.9,27.4,5.58,0.245,Bapatla,AP
2019-04-24,0.0,34.9,27.2,6.11,0.245,Bapatla,AP
2019-04-25,0.0,34.3,27.4,6.09,0.243,Bapatla,AP
2019-04-26,0.0,35.2,27.9,6.26,0.241,Bapatla,AP
2019-04-27,0.0,34.6,28.1,6.09,0.241,Bapatla,AP
2019-04-28,0.0,34.9,28.4,6.13,0.243,Bapatla,AP
2019-04-29,0.0,34.5,28.1,5.84,0.243,Bapatla,AP
2019-04-30,0.0,35.9,27.7,5.81,0.242,Bapatla,AP
2019-05-01,0.0,36.9,27.6,3.77,0.242,Bapatla,AP
2019-05-02,0.0,37.7,27.9,3.84,0.244,Bapatla,AP
2019-05-03,0.0,43.6,29.0,8.5,0.247,Bapatla,AP
2019-05-04,0.0,42.5,28.1,6.52,0.245,Bapatla,AP
2019-05-05,0.0,41.3,29.0,6.68,0.244,Bapatla,AP
2019-05-06,0.0,37.6,28.2,6.14,0.244,Bapatla,AP
2019-05-07,0.0,37.0,29.0,5.83,0.244,Bapatla,AP
2019-05-08,0.0,42.4,28.7,6.56,0.242,Bapatla,AP
2019-05-09,0.0,42.3,29.5,6.66,0.242,Bapatla,AP
2019-05-10,0.0,36.9,29.8,6.43,0.244,Bapatla,AP
2019-05-11,0.0,34.3,29.2,5.96,0.244,Bapatla,AP
2019-05-12,0.0,34.5,28.9,5.75,0.242,Bapatla,AP
2019-05-13,0.0,34.3,29.1,6.2,0.242,Bapatla,AP
2019-05-14,0.0,35.5,28.8,5.62,0.241,Bapatla,AP
2019-05-15,0.0,35.5,28.8,6.16,0.242,Bapatla,AP
2019-05-16,0.0,34.8,28.7,6.09,0.241,Bapatla,AP
2019-05-17,0.0,35.4,28.8,6.08,0.24,Bapatla,AP
2019-05-18,0.0,36.0,28.8,6.13,0.24,Bapatla,AP
2019-05-19,0.0,35.7,28.6,6.41,0.24,Bapatla,AP
2019-05-20,0.0,35.0,28.6,6.41,0.24,Bapatla,AP
2019-05-21,0.0,34.7,28.4,6.25,0.239,Bapatla,AP
2019-05-22,0.0,34.3,28.6,6.18,0.238,Bapatla,AP
2019-05-23,0.0,35.2,28.7,6.3,0.238,Bapatla,AP
2019-05-24,0.0,35.0,29.1,6.31,0.239,Bapatla,AP
2019-05-25,0.0,37.0,28.9,6.38,0.239,Bapatla,AP
2019-05-26,0.0,37.7,29.7,6.61,0.239,Bapatla,AP
2019-05-27,0.0,37.5,29.7,6.48,0.241,Bapatla,AP
2019-05-28,0.0,35.8,29.3,6.28,0.242,Bapatla,AP
2019-05-29,0.0,35.8,29.6,6.34,0.242,Bapatla,AP
2019-05-30,0.0,35.7,29.3,6.2,0.242,Bapatla,AP
2019-05-31,0.0,35.0,29.5,6.35,0.244,Bapatla,AP
2019-06-01,0.0,41.4,29.0,6.0,0.244,Bapatla,AP
2019-06-02,0.0,36.9,30.1,6.38,0.246,Bapatla,AP
2019-06-03,0.0,39.6,29.8,5.96,0.248,Bapatla,AP
2019-06-04,0.0,35.1,29.3,5.56,0.257,Bapatla,AP
2019-06-05,0.0,36.1,29.7,6.57,0.258,Bapatla,AP
2019-06-06,0.0,36.0,29.6,6.34,0.255,Bapatla,AP
2019-06-07,0.0,35.2,29.3,6.09,0.255,Bapatla,AP
2019-06-08,12.3,40.7,27.2,6.2,0.269,Bapatla,AP
2019-06-09,0.0,37.6,30.1,5.98,0.251,Bapatla,AP
2019-06-10,0.0,41.1,29.3,7.17,0.25,Bapatla,AP
2019-06-11,0.0,39.3,29.0,6.83,0.25,Bapatla,AP
2019-06-12,0.0,39.9,30.1,7.48,0.245,Bapatla,AP
2019-06-13,0.0,41.2,31.1,8.53,0.242,Bapatla,AP
2019-06-14,0.0,40.9,31.0,7.96,0.247,Bapatla,AP
2019-06-15,0.0,41.5,30.9,8.2,0.249,Bapatla,AP
2019-06-16,0.0,42.4,30.5,8.77,0.251,Bapatla,AP
2019-06-17,0.0,37.2,30.2,5.14,0.254,Bapatla,AP
2019-06-18,0.0,40.9,29.8,6.69,0.251,Bapatla,AP
2019-06-19,0.0,41.4,30.6,7.57,0.245,Bapatla,AP
2019-06-20,1.6,39.9,30.7,6.37,0.248,Bapatla,AP
2019-06-21,9.2,30.2,26.8,1.93,0.428,Bapatla,AP
2019-06-22,16.7,32.2,25.5,3.38,0.463,Bapatla,AP
2019-06-23,8.1,33.6,25.9,4.4,0.468,Bapatla,AP
2019-06-24,1.7,32.8,26.9,5.36,0.417,Bapatla,AP
2019-06-25,12.7,33.0,25.9,4.44,0.451,Bapatla,AP
2019-06-26,18.7,33.8,25.6,4.77,0.471,Bapatla,AP
2019-06-27,0.1,35.0,28.8,5.49,0.425,Bapatla,AP
2019-06-28,0.5,36.9,28.7,7.04,0.378,Bapatla,AP
2019-06-29,0.0,35.7,29.4,7.02,0.342,Bapatla,AP
2019-06-30,0.9,35.5,26.1,5.84,0.325,Bapatla,AP
2019-07-01,2.5,31.4,25.9,3.11,0.329,Bapatla,AP
2019-07-02,2.1,35.0,27.0,4.87,0.325,Bapatla,AP
2019-07-03,0.6,34.3,27.4,4.32,0.316,Bapatla,AP
2019-07-04,2.1,38.0,28.3,6.05,0.3,Bapatla,AP
2019-07-05,6.3,33.7,27.5,3.83,0.309,Bapatla,AP
2019-07-06,0.0,34.6,27.7,4.58,0.306,Bapatla,AP
2019-07-07,0.0,38.7,29.4,8.16,0.292,Bapatla,AP
2019-07-08,0.3,38.6,29.3,7.52,0.287,Bapatla,AP
2019-07-09,0.1,37.9,29.5,6.3,0.279,Bapatla,AP
2019-07-10,0.9,37.6,29.4,6.76,0.279,Bapatla,AP
2019-07-11,0.1,38.6,29.4,7.42,0.278,Bapatla,AP
2019-07-12,0.8,36.6,28.4,5.91,0.282,Bapatla,AP
2019-07-13,1.4,36.8,28.4,5.96,0.28,Bapatla,AP
2019-07-14,9.0,34.8,25.3,4.79,0.36,Bapatla,AP
2019-07-15,10.3,34.5,26.3,3.57,0.374,Bapatla,AP
2019-07-16,2.7,37.0,25.9,4.74,0.348,Bapatla,AP
2019-07-17,6.1,36.8,26.8,5.49,0.37,Bapatla,AP
2019-07-18,5.5,38.1,27.4,4.99,0.349,Bapatla,AP
2019-07-19,23.0,31.5,25.6,2.73,0.464,Bapatla,AP
2019-07-20,98.3,32.7,25.1,4.18,0.471,Bapatla,AP
2019-07-21,2.2,32.1,25.9,4.89,0.428,Bapatla,AP
2019-07-22,8.2,33.0,26.7,4.61,0.432,Bapatla,AP
2019-07-23,4.3,32.0,25.9,2.97,0.425,Bapatla,AP
2019-07-24,0.7,34.5,27.5,5.52,0.397,Bapatla,AP
2019-07-25,5.7,34.8,26.2,4.63,0.381,Bapatla,AP
2019-07-26,14.1,31.1,25.2,2.42,0.475,Bapatla,AP
2019-07-27,11.2,31.5,24.9,3.03,0.47,Bapatla,AP
2019-07-28,6.6,30.6,24.2,2.42,0.492,Bapatla,AP
2019-07-29,0.2,31.5,25.9,3.65,0.464,Bapatla,AP
2019-07-30,0.0,32.7,25.6,4.41,0.442,Bapatla,AP
2019-07-31,0.1,34.4,27.0,5.78,0.412,Bapatla,AP
2019-08-01,4.8,32.0,25.5,3.47,0.451,Bapatla,AP
2019-08-02,25.6,27.4,24.4,1.76,0.497,Bapatla,AP
2019-08-03,0.0,31.4,25.2,4.34,0.479,Bapatla,AP
2019-08-04,0.1,33.1,25.6,5.9,0.451,Bapatla,AP
2019-08-05,0.1,30.6,26.5,4.48,0.447,Bapatla,AP
2019-08-06,13.4,30.2,24.1,2.68,0.482,Bapatla,AP
2019-08-07,9.0,31.5,24.4,2.99,0.489,Bapatla,AP
2019-08-08,13.6,32.5,24.3,4.45,0.49,Bapatla,AP
2019-08-09,1.7,33.6,27.0,5.55,0.46,Bapatla,AP
2019-08-10,0.6,33.8,26.0,5.7,0.431,Bapatla,AP
2019-08-11,0.0,34.5,27.9,6.4,0.4,Bapatla,AP
2019-08-12,0.1,34.7,28.0,5.98,0.37,Bapatla,AP
2019-08-13,2.5,34.1,26.7,4.31,0.353,Bapatla,AP
2019-08-14,4.9,35.1,26.0,5.25,0.345,Bapatla,AP
2019-08-15,5.5,34.2,25.7,4.77,0.41,Bapatla,AP
2019-08-16,2.6,35.2,26.4,4.54,0.415,Bapatla,AP
2019-08-17,12.7,33.9,25.6,4.52,0.475,Bapatla,AP
2019-08-18,9.3,33.0,25.7,3.87,0.472,Bapatla,AP
2019-08-19,2.3,33.5,25.8,4.79,0.45,Bapatla,AP
2019-08-20,4.4,33.4,26.7,4.72,0.457,Bapatla,AP
2019-08-21,11.1,32.6,26.1,4.05,0.473,Bapatla,AP
2019-08-22,15.6,33.7,25.3,4.45,0.468,Bapatla,AP
2019-08-23,4.6,32.1,25.3,4.02,0.462,Bapatla,AP
2019-08-24,0.4,33.7,26.3,4.83,0.433,Bapatla,AP
2019-08-25,0.1,33.7,26.3,4.71,0.41,Bapatla,AP
2019-08-26,0.3,34.5,27.2,5.63,0.382,Bapatla,AP
2019-08-27,0.4,35.1,27.5,6.05,0.36,Bapatla,AP
2019-08-28,0.2,35.6,27.9,5.96,0.344,Bapatla,AP
2019-08-29,4.2,34.8,26.7,5.28,0.339,Bapatla,AP
2019-08-30,2.2,35.5,26.0,5.28,0.393,Bapatla,AP
2019-08-31,9.6,32.9,25.1,3.69,0.451,Bapatla,AP
2019-09-01,15.0,27.7,25.1,1.27,0.475,Bapatla,AP
2019-09-02,16.6,30.1,24.7,2.56,0.486,Bapatla,AP
2019-09-03,6.7,29.7,25.1,2.35,0.475,Bapatla,AP
2019-09-04,6.3,29.6,25.0,2.46,0.489,Bapatla,AP
2019-09-05,1.1,32.3,26.2,4.16,0.46,Bapatla,AP
2019-09-06,0.3,32.6,27.2,5.16,0.437,Bapatla,AP
2019-09-07,2.8,32.1,25.5,4.87,0.423,Bapatla,AP
2019-09-08,0.0,32.3,26.6,5.19,0.396,Bapatla,AP
2019-09-09,0.5,35.6,26.9,5.97,0.375,Bapatla,AP
2019-09-10,1.8,34.5,25.9,5.6,0.35,Bapatla,AP
2019-09-11,2.4,34.9,26.5,4.64,0.354,Bapatla,AP
2019-09-12,2.0,34.3,26.6,4.53,0.36,Bapatla,AP
2019-09-13,2.1,35.0,26.8,5.44,0.35,Bapatla,AP
2019-09-14,3.0,34.5,25.9,5.04,0.341,Bapatla,AP
2019-09-15,6.0,34.6,25.2,5.03,0.403,Bapatla,AP
2019-09-16,11.2,34.5,26.1,4.6,0.433,Bapatla,AP
2019-09-17,13.9,31.3,26.0,2.74,0.487,Bapatla,AP
2019-09-18,22.1,28.9,24.9,2.5,0.497,Bapatla,AP
2019-09-19,3.0,30.3,24.8,3.79,0.481,Bapatla,AP
2019-09-20,14.6,30.9,24.6,3.74,0.488,Bapatla,AP
2019-09-21,29.3,30.2,24.9,3.69,0.497,Bapatla,AP
2019-09-22,4.6,30.9,25.6,3.83,0.48,Bapatla,AP
2019-09-23,15.8,31.2,24.6,3.79,0.478,Bapatla,AP
2019-09-24,20.0,29.3,24.6,2.8,0.505,Bapatla,AP
2019-09-25,18.9,28.6,24.9,2.53,0.504,Bapatla,AP
2019-09-26,15.3,29.5,24.6,3.36,0.503,Bapatla,AP
2019-09-27,6.1,30.5,24.7,3.98,0.488,Bapatla,AP
2019-09-28,0.2,30.7,26.3,4.13,0.459,Bapatla,AP
2019-09-29,0.8,30.3,26.8,4.16,0.437,Bapatla,AP
2019-09-30,0.0,30.6,26.6,4.39,0.418,Bapatla,AP
2019-10-01,0.3,31.1,26.7,4.61,0.399,Bapatla,AP
2019-10-02,2.3,31.9,26.6,4.5,0.396,Bapatla,AP
2019-10-03,21.9,31.5,25.3,3.46,0.458,Bapatla,AP
2019-10-04,3.8,31.6,24.8,3.93,0.458,Bapatla,AP
2019-10-05,3.8,31.3,25.6,3.8,0.441,Bapatla,AP
2019-10-06,0.7,30.9,26.3,4.28,0.419,Bapatla,AP
2019-10-07,5.4,31.9,25.7,4.12,0.404,Bapatla,AP
2019-10-08,10.2,31.0,24.5,3.68,0.429,Bapatla,AP
2019-10-09,6.8,30.0,24.7,3.33,0.439,Bapatla,AP
2019-10-10,3.0,30.1,25.2,3.27,0.454,Bapatla,AP
2019-10-11,2.6,30.9,25.3,4.0,0.448,Bapatla,AP
2019-10-12,1.7,31.3,25.2,4.38,0.437,Bapatla,AP
2019-10-13,4.0,31.6,25.1,3.78,0.418,Bapatla,AP
2019-10-14,11.0,30.0,24.4,3.14,0.445,Bapatla,AP
2019-10-15,5.5,31.1,24.7,4.01,0.444,Bapatla,AP
2019-10-16,16.7,28.7,24.7,1.79,0.47,Bapatla,AP
2019-10-17,8.8,29.0,24.1,2.85,0.477,Bapatla,AP
2019-10-18,6.0,30.1,24.1,3.7,0.474,Bapatla,AP
2019-10-19,8.0,29.3,24.5,2.34,0.481,Bapatla,AP
2019-10-20,20.1,28.8,24.3,2.71,0.504,Bapatla,AP
2019-10-21,27.0,26.5,23.9,1.0,0.514,Bapatla,AP
2019-10-22,57.6,25.4,23.8,0.79,0.514,Bapatla,AP
2019-10-23,91.8,25.4,23.1,0.97,0.511,Bapatla,AP
2019-10-24,11.4,30.6,24.1,2.82,0.501,Bapatla,AP
2019-10-25,13.2,29.7,24.4,3.11,0.498,Bapatla,AP
2019-10-26,19.6,28.9,25.0,2.71,0.498,Bapatla,AP
2019-10-27,9.2,29.5,24.1,3.3,0.496,Bapatla,AP
2019-10-28,2.8,30.4,23.6,3.65,0.476,Bapatla,AP
2019-10-29,4.9,29.1,24.5,3.1,0.48,Bapatla,AP
2019-10-30,12.2,28.1,24.3,2.63,0.496,Bapatla,AP
2019-10-31,3.5,29.2,23.8,3.16,0.498,Bapatla,AP
2019-11-01,1.2,30.5,24.5,3.77,0.481,Bapatla,AP
2019-11-02,3.3,30.4,24.1,3.65,0.477,Bapatla,AP
2019-11-03,1.0,30.4,23.2,3.7,0.462,Bapatla,AP
2019-11-04,0.0,31.6,24.2,3.87,0.444,Bapatla,AP
2019-11-05,0.4,31.8,23.7,3.99,0.423,Bapatla,AP
2019-11-06,0.7,31.9,24.0,3.84,0.402,Bapatla,AP
2019-11-07,0.3,30.4,23.8,3.54,0.387,Bapatla,AP
2019-11-08,0.0,32.2,22.9,4.39,0.375,Bapatla,AP
2019-11-09,0.0,31.5,21.8,4.41,0.372,Bapatla,AP
2019-11-10,0.0,31.5,21.4,4.42,0.365,Bapatla,AP
2019-11-11,0.2,29.9,22.9,3.51,0.359,Bapatla,AP
2019-11-12,1.4,30.2,23.1,3.63,0.359,Bapatla,AP
2019-11-13,0.5,29.4,23.3,3.63,0.354,Bapatla,AP
2019-11-14,10.1,29.1,22.7,3.03,0.406,Bapatla,AP
2019-11-15,0.8,29.4,23.3,3.32,0.452,Bapatla,AP
2019-11-16,0.2,30.3,22.7,3.68,0.425,Bapatla,AP
2019-11-17,0.0,31.3,22.7,3.78,0.403,Bapatla,AP
2019-11-18,3.1,30.2,24.1,3.02,0.4,Bapatla,AP
2019-11-19,0.6,30.2,24.2,3.6,0.4,Bapatla,AP
2019-11-20,1.5,29.6,23.5,3.59,0.391,Bapatla,AP
2019-11-21,0.0,30.2,22.0,4.12,0.38,Bapatla,AP
2019-11-22,0.0,30.3,21.2,3.91,0.363,Bapatla,AP
2019-11-23,0.0,30.3,21.3,3.76,0.35,Bapatla,AP
2019-11-24,0.5,29.6,20.6,3.53,0.342,Bapatla,AP
2019-11-25,0.0,30.1,20.6,4.02,0.334,Bapatla,AP
2019-11-26,0.2,29.6,20.7,3.74,0.325,Bapatla,AP
2019-11-27,0.7,30.5,20.9,3.71,0.32,Bapatla,AP
2019-11-28,1.1,30.0,22.5,3.61,0.322,Bapatla,AP
2019-11-29,0.0,31.2,22.8,3.96,0.316,Bapatla,AP
2019-11-30,0.2,30.9,22.8,3.89,0.307,Bapatla,AP
2019-12-01,2.3,27.6,23.1,1.57,0.313,Bapatla,AP
2019-12-02,3.0,27.4,23.6,1.59,0.342,Bapatla,AP
2019-12-03,1.3,28.4,23.1,2.43,0.338,Bapatla,AP
2019-12-04,0.0,30.0,21.5,3.93,0.331,Bapatla,AP
2019-12-05,0.2,29.7,21.4,3.78,0.321,Bapatla,AP
2019-12-06,0.0,28.7,20.9,3.81,0.313,Bapatla,AP
2019-12-07,0.3,29.2,19.8,3.57,0.306,Bapatla,AP
2019-12-08,0.5,28.6,21.6,3.19,0.304,Bapatla,AP
2019-12-09,0.5,28.4,21.3,3.11,0.304,Bapatla,AP
2019-12-10,0.6,28.5,21.0,3.29,0.303,Bapatla,AP
2019-12-11,1.1,28.8,19.9,3.26,0.296,Bapatla,AP
2019-12-12,0.2,29.1,20.9,3.48,0.291,Bapatla,AP
2019-12-13,1.3,29.4,20.8,3.41,0.292,Bapatla,AP
2019-12-14,0.5,29.1,22.0,3.28,0.294,Bapatla,AP
2019-12-15,0.4,29.7,20.7,3.44,0.294,Bapatla,AP
2019-12-16,0.0,29.9,21.1,3.61,0.291,Bapatla,AP
2019-12-17,0.0,29.9,20.4,3.7,0.284,Bapatla,AP
2019-12-18,0.0,30.6,20.7,3.98,0.281,Bapatla,AP
2019-12-19,1.0,29.0,21.5,3.01,0.281,Bapatla,AP
2019-12-20,0.1,30.0,21.1,3.38,0.281,Bapatla,AP
2019-12-21,0.0,29.5,21.7,3.08,0.279,Bapatla,AP
2019-12-22,0.0,29.4,21.7,3.81,0.28,Bapatla,AP
2019-12-23,0.0,28.9,20.3,3.48,0.279,Bapatla,AP
2019-12-24,0.0,29.3,21.1,3.26,0.279,Bapatla,AP
2019-12-25,0.0,29.5,20.2,3.89,0.283,Bapatla,AP
2019-12-26,0.0,28.5,20.7,3.62,0.284,Bapatla,AP
2019-12-27,0.0,28.4,21.7,2.92,0.284,Bapatla,AP
2019-12-28,4.4,28.5,20.9,2.74,0.285,Bapatla,AP
2019-12-29,1.4,27.3,21.0,3.15,0.286,Bapatla,AP
2019-12-30,0.2,28.0,20.2,3.54,0.29,Bapatla,AP
2019-12-31,0.0,28.7,21.0,3.89,0.293,Bapatla,AP
2020-01-01,2.5,27.5,21.7,2.79,0.301,Bapatla,AP
2020-01-02,7.9,26.9,22.4,2.34,0.339,Bapatla,AP
2020-01-03,3.1,28.2,22.6,2.83,0.375,Bapatla,AP
2020-01-04,5.5,27.9,22.5,2.49,0.402,Bapatla,AP
2020-01-05,6.7,26.8,22.2,1.79,0.41,Bapatla,AP
2020-01-06,0.9,27.9,22.5,2.95,0.402,Bapatla,AP
2020-01-07,2.0,27.3,22.6,2.88,0.391,Bapatla,AP
2020-01-08,0.0,27.8,20.9,3.4,0.378,Bapatla,AP
2020-01-09,0.0,27.8,20.9,3.58,0.362,Bapatla,AP
2020-01-10,0.6,28.2,19.9,2.96,0.35,Bapatla,AP
2020-01-11,1.9,28.4,20.9,2.99,0.348,Bapatla,AP
2020-01-12,0.2,29.2,21.4,3.52,0.34,Bapatla,AP
2020-01-13,0.0,29.1,19.5,3.67,0.328,Bapatla,AP
2020-01-14,0.5,27.9,21.0,3.53,0.317,Bapatla,AP
2020-01-15,0.1,28.2,18.5,3.61,0.306,Bapatla,AP
2020-01-16,0.1,28.5,20.0,3.63,0.3,Bapatla,AP
2020-01-17,0.2,28.8,21.5,3.74,0.293,Bapatla,AP
2020-01-18,0.5,29.4,21.4,3.54,0.287,Bapatla,AP
2020-01-19,0.3,29.2,22.3,3.35,0.287,Bapatla,AP
2020-01-20,0.3,29.6,21.8,3.65,0.284,Bapatla,AP
2020-01-21,0.0,30.1,22.0,4.03,0.28,Bapatla,AP
2020-01-22,0.0,30.8,21.0,4.11,0.278,Bapatla,AP
2020-01-23,0.1,30.2,21.2,3.67,0.279,Bapatla,AP
2020-01-24,0.0,30.5,20.0,4.0,0.277,Bapatla,AP
2020-01-25,0.0,30.0,20.6,4.15,0.276,Bapatla,AP
2020-01-26,0.0,29.7,21.0,4.09,0.275,Bapatla,AP
2020-01-27,0.0,30.5,21.7,4.27,0.271,Bapatla,AP
2020-01-28,0.0,29.4,24.0,4.41,0.268,Bapatla,AP
2020-01-29,0.0,29.6,24.3,4.2,0.269,Bapatla,AP
2020-01-30,0.0,30.2,23.4,3.77,0.275,Bapatla,AP
2020-01-31,0.0,30.2,23.0,4.15,0.285,Bapatla,AP
2020-02-01,0.1,29.5,23.4,4.19,0.288,Bapatla,AP
2020-02-02,0.1,29.0,22.5,3.64,0.287,Bapatla,AP
2020-02-03,0.0,29.4,21.8,4.19,0.285,Bapatla,AP
2020-02-04,0.1,29.9,23.4,4.39,0.282,Bapatla,AP
2020-02-05,0.0,29.7,22.7,4.61,0.276,Bapatla,AP
2020-02-06,0.0,29.8,22.4,4.55,0.275,Bapatla,AP
2020-02-07,0.0,29.8,24.6,5.04,0.273,Bapatla,AP
2020-02-08,0.0,29.5,25.0,4.73,0.273,Bapatla,AP
2020-02-09,13.4,26.7,23.6,3.19,0.326,Bapatla,AP
2020-02-10,4.9,28.1,21.8,3.13,0.338,Bapatla,AP
2020-02-11,0.3,29.8,22.0,4.26,0.33,Bapatla,AP
2020-02-12,0.6,30.0,21.6,3.92,0.318,Bapatla,AP
2020-02-13,0.0,31.9,21.0,4.3,0.307,Bapatla,AP
2020-02-14,0.0,32.9,21.0,4.77,0.298,Bapatla,AP
2020-02-15,0.0,30.9,20.2,4.78,0.296,Bapatla,AP
2020-02-16,0.0,30.9,21.1,4.93,0.288,Bapatla,AP
2020-02-17,0.0,29.9,20.7,4.57,0.279,Bapatla,AP
2020-02-18,0.0,30.1,20.7,4.6,0.275,Bapatla,AP
2020-02-19,0.0,30.0,22.1,4.38,0.275,Bapatla,AP
2020-02-20,0.0,30.3,21.3,4.91,0.275,Bapatla,AP
2020-02-21,0.0,30.5,20.8,4.97,0.278,Bapatla,AP
2020-02-22,0.0,30.5,20.0,4.82,0.276,Bapatla,AP
2020-02-23,0.0,31.2,21.1,4.92,0.269,Bapatla,AP
2020-02-24,0.0,30.9,22.5,4.78,0.266,Bapatla,AP
2020-02-25,1.7,30.1,24.2,4.42,0.267,Bapatla,AP
2020-02-26,0.3,31.0,23.1,4.16,0.267,Bapatla,AP
2020-02-27,2.4,31.4,23.2,4.04,0.277,Bapatla,AP
2020-02-28,0.9,29.6,23.1,3.96,0.284,Bapatla,AP
2020-02-29,0.1,30.3,23.9,4.72,0.284,Bapatla,AP
2020-03-01,0.0,30.8,22.6,4.94,0.284,Bapatla,AP
2020-03-02,0.1,30.9,23.1,4.69,0.281,Bapatla,AP
2020-03-03,0.0,31.3,22.5,5.02,0.28,Bapatla,AP
2020-03-04,0.0,31.8,24.8,4.87,0.28,Bapatla,AP
2020-03-05,0.8,30.5,25.0,4.61,0.278,Bapatla,AP
2020-03-06,2.1,30.7,25.6,4.52,0.283,Bapatla,AP
2020-03-07,7.4,29.8,23.8,3.76,0.337,Bapatla,AP
2020-03-08,1.8,29.9,24.9,3.98,0.374,Bapatla,AP
2020-03-09,0.0,30.7,23.4,4.88,0.347,Bapatla,AP
2020-03-10,0.0,31.1,24.3,5.09,0.327,Bapatla,AP
2020-03-11,0.0,30.8,24.7,5.28,0.312,Bapatla,AP
2020-03-12,0.0,31.5,24.8,5.15,0.299,Bapatla,AP
2020-03-13,0.0,31.5,24.7,5.15,0.288,Bapatla,AP
2020-03-14,0.0,31.8,24.5,5.42,0.279,Bapatla,AP
2020-03-15,0.0,31.6,22.7,5.33,0.276,Bapatla,AP
2020-03-16,0.1,32.6,23.3,5.09,0.273,Bapatla,AP
2020-03-17,0.0,32.1,23.8,5.21,0.273,Bapatla,AP
2020-03-18,0.0,33.3,24.3,5.54,0.267,Bapatla,AP
2020-03-19,0.0,34.3,25.3,5.56,0.266,Bapatla,AP
2020-03-20,0.0,31.9,24.8,4.77,0.266,Bapatla,AP
2020-03-21,0.0,32.4,26.3,5.42,0.263,Bapatla,AP
2020-03-22,1.6,31.5,26.2,4.98,0.274,Bapatla,AP
2020-03-23,0.0,32.0,25.4,5.15,0.282,Bapatla,AP
2020-03-24,0.0,32.2,24.9,5.35,0.278,Bapatla,AP
2020-03-25,0.0,32.7,25.1,5.55,0.268,Bapatla,AP
2020-03-26,0.0,33.5,24.7,5.55,0.265,Bapatla,AP
2020-03-27,0.0,33.3,25.1,5.78,0.262,Bapatla,AP
2020-03-28,0.0,33.0,24.2,5.71,0.259,Bapatla,AP
2020-03-29,0.0,34.2,24.9,5.96,0.258,Bapatla,AP
2020-03-30,0.0,33.3,24.1,5.78,0.256,Bapatla,AP
2020-03-31,0.0,34.9,24.1,6.05,0.257,Bapatla,AP
2020-04-01,0.0,34.1,24.7,5.82,0.253,Bapatla,AP
2020-04-02,0.0,33.7,25.9,5.76,0.251,Bapatla,AP
2020-04-03,0.0,33.0,26.1,5.51,0.242,Bapatla,AP
2020-04-04,0.0,33.1,25.8,5.76,0.248,Bapatla,AP
2020-04-05,0.0,33.5,26.2,5.65,0.247,Bapatla,AP
2020-04-06,0.0,34.4,27.3,5.65,0.25,Bapatla,AP
2020-04-07,0.0,33.8,27.6,5.61,0.251,Bapatla,AP
2020-04-08,0.0,34.1,27.4,4.87,0.249,Bapatla,AP
2020-04-09,4.1,32.2,26.4,4.32,0.288,Bapatla,AP
2020-04-10,0.0,33.0,25.5,5.72,0.348,Bapatla,AP
2020-04-11,0.0,33.5,24.4,5.81,0.327,Bapatla,AP
2020-04-12,0.0,33.5,24.8,5.66,0.311,Bapatla,AP
2020-04-13,0.0,33.5,24.4,5.77,0.301,Bapatla,AP
2020-04-14,0.0,33.2,24.3,5.66,0.293,Bapatla,AP
2020-04-15,0.0,33.0,25.9,5.83,0.287,Bapatla,AP
2020-04-16,0.0,33.1,26.4,5.87,0.284,Bapatla,AP
2020-04-17,0.0,33.8,27.4,6.19,0.278,Bapatla,AP
2020-04-18,0.0,33.4,27.7,6.07,0.273,Bapatla,AP
2020-04-19,0.0,33.5,27.2,5.87,0.274,Bapatla,AP
2020-04-20,0.0,33.7,26.8,5.66,0.27,Bapatla,AP
2020-04-21,0.0,33.4,26.3,5.91,0.267,Bapatla,AP
2020-04-22,0.0,33.5,27.6,6.02,0.263,Bapatla,AP
2020-04-23,0.0,33.8,28.0,5.99,0.26,Bapatla,AP
2020-04-24,0.0,33.7,28.6,6.0,0.256,Bapatla,AP
2020-04-25,0.0,34.9,28.7,5.51,0.249,Bapatla,AP
2020-04-26,4.7,33.5,27.8,5.58,0.272,Bapatla,AP
2020-04-27,8.9,31.4,27.8,4.43,0.336,Bapatla,AP
2020-04-28,4.0,32.5,26.7,4.9,0.318,Bapatla,AP
2020-04-29,1.0,34.2,27.6,5.58,0.313,Bapatla,AP
2020-04-30,0.0,33.6,26.3,5.55,0.303,Bapatla,AP
2020-05-01,0.0,35.0,28.0,5.82,0.294,Bapatla,AP
2020-05-02,0.0,34.1,28.4,5.64,0.287,Bapatla,AP
2020-05-03,0.0,34.8,28.1,5.98,0.282,Bapatla,AP
2020-05-04,0.0,34.0,28.5,5.27,0.281,Bapatla,AP
2020-05-05,0.0,34.2,28.6,5.91,0.276,Bapatla,AP
2020-05-06,0.0,34.2,29.0,6.04,0.273,Bapatla,AP
2020-05-07,0.0,34.2,28.3,5.96,0.27,Bapatla,AP
2020-05-08,0.0,34.8,28.4,6.18,0.265,Bapatla,AP
2020-05-09,0.0,35.0,28.1,6.17,0.262,Bapatla,AP
2020-05-10,0.0,34.0,28.2,6.01,0.255,Bapatla,AP
2020-05-11,0.0,34.9,27.3,5.7,0.258,Bapatla,AP
2020-05-12,0.0,35.4,26.4,6.11,0.261,Bapatla,AP
2020-05-13,0.2,34.8,28.2,5.94,0.267,Bapatla,AP
2020-05-14,0.0,34.7,27.9,5.82,0.266,Bapatla,AP
2020-05-15,0.0,35.7,26.8,5.81,0.269,Bapatla,AP
2020-05-16,0.0,38.7,27.9,5.67,0.272,Bapatla,AP
2020-05-17,0.2,37.5,27.6,5.21,0.272,Bapatla,AP
2020-05-18,0.0,39.4,27.5,4.75,0.279,Bapatla,AP
2020-05-19,0.0,41.6,29.5,7.4,0.297,Bapatla,AP
2020-05-20,0.0,43.4,28.6,8.21,0.291,Bapatla,AP
2020-05-21,0.0,43.8,29.9,7.79,0.283,Bapatla,AP
2020-05-22,0.0,42.3,27.3,7.24,0.276,Bapatla,AP
2020-05-23,0.0,35.9,29.1,6.17,0.273,Bapatla,AP
2020-05-24,0.0,34.7,29.5,6.16,0.274,Bapatla,AP
2020-05-25,0.1,34.9,29.4,5.75,0.272,Bapatla,AP
2020-05-26,0.4,34.1,29.4,5.39,0.269,Bapatla,AP
2020-05-27,0.7,34.8,29.6,5.99,0.27,Bapatla,AP
2020-05-28,0.0,35.5,29.8,6.05,0.275,Bapatla,AP
2020-05-29,0.0,37.0,29.6,6.44,0.281,Bapatla,AP
2020-05-30,0.0,37.0,29.7,6.06,0.274,Bapatla,AP
2020-05-31,0.0,35.1,29.8,5.81,0.266,Bapatla,AP
2020-06-01,1.0,34.3,28.3,5.35,0.264,Bapatla,AP
2020-06-02,1.5,34.6,27.1,5.26,0.272,Bapatla,AP
2020-06-03,6.9,33.8,26.1,5.15,0.407,Bapatla,AP
2020-06-04,0.4,36.1,29.0,5.41,0.395,Bapatla,AP
2020-06-05,0.6,37.7,28.5,6.23,0.365,Bapatla,AP
2020-06-06,0.3,38.4,28.8,6.31,0.341,Bapatla,AP
2020-06-07,0.0,40.1,29.5,6.98,0.317,Bapatla,AP
2020-06-08,0.0,38.9,30.0,5.84,0.303,Bapatla,AP
2020-06-09,8.8,40.0,26.0,4.63,0.308,Bapatla,AP
2020-06-10,14.8,33.5,25.9,4.23,0.352,Bapatla,AP
2020-06-11,18.5,29.1,25.3,1.75,0.498,Bapatla,AP
2020-06-12,7.5,29.3,25.6,2.08,0.497,Bapatla,AP
2020-06-13,0.3,34.3,26.9,5.42,0.468,Bapatla,AP
2020-06-14,2.5,35.0,28.2,5.74,0.434,Bapatla,AP
2020-06-15,2.0,34.8,27.7,5.05,0.432,Bapatla,AP
2020-06-16,1.0,34.4,28.9,4.48,0.396,Bapatla,AP
2020-06-17,0.1,34.3,28.6,4.13,0.377,Bapatla,AP
2020-06-18,1.0,33.7,26.8,4.26,0.379,Bapatla,AP
2020-06-19,0.0,36.4,28.6,6.51,0.363,Bapatla,AP
2020-06-20,0.0,37.4,29.2,5.96,0.337,Bapatla,AP
2020-06-21,13.1,32.3,26.3,2.71,0.431,Bapatla,AP
2020-06-22,1.5,34.4,27.0,5.5,0.432,Bapatla,AP
2020-06-23,1.2,36.1,25.7,5.36,0.398,Bapatla,AP
2020-06-24,4.4,33.2,27.0,5.38,0.39,Bapatla,AP
2020-06-25,3.1,31.6,27.5,4.91,0.354,Bapatla,AP
2020-06-26,1.0,32.4,27.3,5.02,0.348,Bapatla,AP
2020-06-27,0.7,32.8,27.6,5.1,0.338,Bapatla,AP
2020-06-28,12.6,31.7,26.9,4.01,0.4,Bapatla,AP
2020-06-29,12.2,33.2,25.7,4.63,0.465,Bapatla,AP
2020-06-30,2.4,32.3,25.1,4.84,0.448,Bapatla,AP
2020-07-01,2.2,33.9,25.9,3.64,0.414,Bapatla,AP
2020-07-02,6.1,32.2,26.1,3.46,0.4,Bapatla,AP
2020-07-03,0.8,34.8,28.1,4.94,0.36,Bapatla,AP
2020-07-04,2.2,31.8,25.1,3.09,0.391,Bapatla,AP
2020-07-05,7.7,30.2,24.9,2.28,0.432,Bapatla,AP
2020-07-06,0.7,32.7,26.6,3.78,0.417,Bapatla,AP
2020-07-07,1.1,34.4,27.1,5.33,0.393,Bapatla,AP
2020-07-08,15.9,34.6,26.0,5.49,0.383,Bapatla,AP
2020-07-09,8.0,31.8,25.8,3.1,0.466,Bapatla,AP
2020-07-10,9.4,33.1,26.2,4.0,0.45,Bapatla,AP
2020-07-11,5.1,32.7,25.2,4.62,0.418,Bapatla,AP
2020-07-12,6.2,33.8,27.3,4.61,0.401,Bapatla,AP
2020-07-13,20.6,32.9,26.1,3.82,0.428,Bapatla,AP
2020-07-14,6.9,30.7,26.2,2.52,0.473,Bapatla,AP
2020-07-15,16.8,28.0,25.3,1.63,0.497,Bapatla,AP
2020-07-16,3.9,29.9,25.1,2.64,0.483,Bapatla,AP
2020-07-17,2.2,32.5,26.2,4.94,0.453,Bapatla,AP
2020-07-18,1.3,32.0,26.2,4.93,0.43,Bapatla,AP
2020-07-19,5.2,32.4,27.2,4.82,0.448,Bapatla,AP
2020-07-20,6.7,31.4,26.9,4.76,0.477,Bapatla,AP
2020-07-21,7.3,31.7,26.2,4.82,0.468,Bapatla,AP
2020-07-22,0.0,32.1,28.0,5.03,0.438,Bapatla,AP
2020-07-23,1.4,32.1,26.6,3.1,0.416,Bapatla,AP
2020-07-24,2.2,32.6,25.7,4.81,0.413,Bapatla,AP
2020-07-25,12.3,32.1,25.9,4.05,0.445,Bapatla,AP
2020-07-26,3.7,34.0,25.1,5.04,0.458,Bapatla,AP
2020-07-27,0.2,34.8,26.7,5.77,0.416,Bapatla,AP
2020-07-28,10.9,35.3,25.7,4.98,0.418,Bapatla,AP
2020-07-29,18.3,31.8,25.8,4.52,0.493,Bapatla,AP
2020-07-30,3.6,32.7,25.5,4.71,0.472,Bapatla,AP
2020-07-31,10.0,33.1,25.4,4.82,0.481,Bapatla,AP
2020-08-01,4.6,32.8,25.6,4.7,0.477,Bapatla,AP
2020-08-02,1.8,34.0,27.5,4.79,0.444,Bapatla,AP
2020-08-03,0.2,33.8,27.0,5.5,0.416,Bapatla,AP
2020-08-04,12.0,28.2,24.9,1.7,0.479,Bapatla,AP
2020-08-05,9.1,30.7,25.1,2.64,0.49,Bapatla,AP
2020-08-06,1.2,32.4,25.9,5.34,0.463,Bapatla,AP
2020-08-07,0.8,34.0,27.1,5.49,0.438,Bapatla,AP
2020-08-08,0.1,34.6,28.4,5.67,0.418,Bapatla,AP
2020-08-09,4.7,33.3,26.3,4.21,0.393,Bapatla,AP
2020-08-10,15.7,29.6,24.8,2.12,0.472,Bapatla,AP
2020-08-11,2.7,33.7,26.1,5.37,0.435,Bapatla,AP
2020-08-12,11.7,28.4,25.7,1.41,0.465,Bapatla,AP
2020-08-13,18.8,27.8,24.4,1.53,0.508,Bapatla,AP
2020-08-14,18.1,27.3,23.7,1.63,0.51,Bapatla,AP
2020-08-15,21.2,26.6,23.5,1.25,0.513,Bapatla,AP
2020-08-16,8.6,28.0,23.8,2.38,0.505,Bapatla,AP
2020-08-17,1.6,32.1,24.5,4.16,0.485,Bapatla,AP
2020-08-18,0.4,33.3,25.9,5.3,0.455,Bapatla,AP
2020-08-19,7.7,30.1,25.5,2.85,0.446,Bapatla,AP
2020-08-20,14.7,28.7,25.0,1.87,0.505,Bapatla,AP
2020-08-21,3.5,31.4,25.3,4.35,0.485,Bapatla,AP
2020-08-22,5.0,30.7,26.2,4.09,0.473,Bapatla,AP
2020-08-23,6.3,31.8,26.5,3.93,0.478,Bapatla,AP
2020-08-24,0.7,31.1,26.3,2.82,0.452,Bapatla,AP
2020-08-25,4.7,32.4,26.0,4.31,0.432,Bapatla,AP
2020-08-26,2.9,32.7,26.3,2.9,0.419,Bapatla,AP
2020-08-27,0.6,32.5,25.6,3.57,0.428,Bapatla,AP
2020-08-28,0.7,32.9,26.0,4.93,0.41,Bapatla,AP
2020-08-29,0.7,33.0,26.1,5.06,0.392,Bapatla,AP
2020-08-30,1.7,33.9,26.4,4.98,0.379,Bapatla,AP
2020-08-31,0.6,34.7,26.5,5.23,0.364,Bapatla,AP
2020-09-01,9.1,35.2,26.0,4.45,0.398,Bapatla,AP
2020-09-02,9.6,33.1,26.1,3.14,0.433,Bapatla,AP
2020-09-03,7.4,31.0,24.8,4.34,0.477,Bapatla,AP
2020-09-04,2.0,30.5,25.8,4.31,0.45,Bapatla,AP
2020-09-05,0.8,31.2,25.9,4.55,0.43,Bapatla,AP
2020-09-06,0.7,31.9,26.1,4.9,0.407,Bapatla,AP
2020-09-07,1.1,31.6,26.4,4.59,0.392,Bapatla,AP
2020-09-08,1.8,32.4,26.7,4.86,0.393,Bapatla,AP
2020-09-09,1.4,32.3,26.7,4.91,0.383,Bapatla,AP
2020-09-10,1.7,32.4,26.3,4.72,0.375,Bapatla,AP
2020-09-11,10.7,32.1,25.7,3.59,0.454,Bapatla,AP
2020-09-12,17.0,29.3,25.6,1.93,0.491,Bapatla,AP
2020-09-13,81.8,28.0,24.4,1.89,0.514,Bapatla,AP
2020-09-14,61.5,28.0,23.8,1.92,0.514,Bapatla,AP
2020-09-15,16.4,30.1,24.3,3.17,0.509,Bapatla,AP
2020-09-16,11.5,31.1,24.3,3.6,0.5,Bapatla,AP
2020-09-17,11.4,31.9,24.7,3.86,0.501,Bapatla,AP
2020-09-18,17.4,31.8,25.5,3.62,0.502,Bapatla,AP
2020-09-19,25.0,31.2,24.8,2.48,0.501,Bapatla,AP
2020-09-20,15.4,29.9,24.9,1.85,0.505,Bapatla,AP
2020-09-21,8.4,29.4,24.4,2.61,0.507,Bapatla,AP
2020-09-22,0.6,31.0,26.0,4.42,0.482,Bapatla,AP
2020-09-23,0.0,33.0,26.4,5.21,0.466,Bapatla,AP
2020-09-24,0.0,33.1,27.0,5.05,0.449,Bapatla,AP
2020-09-25,20.7,31.7,25.9,3.65,0.464,Bapatla,AP
2020-09-26,24.0,30.0,24.7,2.94,0.502,Bapatla,AP
2020-09-27,2.0,31.3,24.7,3.82,0.49,Bapatla,AP
2020-09-28,0.3,32.2,24.3,4.63,0.476,Bapatla,AP
2020-09-29,6.8,31.8,25.3,4.07,0.483,Bapatla,AP
2020-09-30,19.4,30.5,24.5,2.43,0.5,Bapatla,AP
2020-10-01,0.2,32.1,25.3,4.5,0.477,Bapatla,AP
2020-10-02,0.0,33.2,25.4,5.02,0.457,Bapatla,AP
2020-10-03,0.1,33.4,26.4,3.87,0.441,Bapatla,AP
2020-10-04,0.0,32.6,26.2,4.13,0.43,Bapatla,AP
2020-10-05,0.0,30.8,26.2,2.68,0.425,Bapatla,AP
2020-10-06,0.3,32.3,24.9,4.47,0.416,Bapatla,AP
2020-10-07,7.7,30.9,25.5,3.05,0.457,Bapatla,AP
2020-10-08,13.8,31.0,25.2,3.74,0.464,Bapatla,AP
2020-10-09,11.3,30.8,25.2,3.67,0.489,Bapatla,AP
2020-10-10,6.8,30.2,25.4,2.41,0.489,Bapatla,AP
2020-10-11,35.2,27.9,24.4,1.38,0.503,Bapatla,AP
2020-10-12,27.4,28.1,23.8,1.77,0.508,Bapatla,AP
2020-10-13,32.5,29.6,24.0,2.87,0.506,Bapatla,AP
2020-10-14,0.6,29.8,25.5,3.92,0.486,Bapatla,AP
2020-10-15,3.5,31.3,25.3,3.78,0.494,Bapatla,AP
2020-10-16,9.5,29.9,25.2,3.0,0.497,Bapatla,AP
2020-10-17,20.1,30.2,24.7,3.26,0.503,Bapatla,AP
2020-10-18,4.3,31.0,24.1,3.09,0.492,Bapatla,AP
2020-10-19,20.3,31.6,24.6,3.08,0.489,Bapatla,AP
2020-10-20,55.0,26.0,24.0,0.8,0.513,Bapatla,AP
2020-10-21,15.0,28.8,23.6,1.44,0.504,Bapatla,AP
2020-10-22,0.1,32.5,24.8,4.14,0.474,Bapatla,AP
2020-10-23,0.0,32.7,24.3,4.58,0.456,Bapatla,AP
2020-10-24,0.0,33.1,23.3,4.57,0.445,Bapatla,AP
2020-10-25,2.0,31.4,24.0,3.9,0.44,Bapatla,AP
2020-10-26,0.1,32.0,23.7,4.16,0.44,Bapatla,AP
2020-10-27,2.5,30.5,23.7,3.71,0.415,Bapatla,AP
2020-10-28,0.0,30.9,22.8,3.52,0.397,Bapatla,AP
2020-10-29,0.0,30.2,23.4,2.92,0.389,Bapatla,AP
2020-10-30,0.0,31.9,22.3,4.25,0.368,Bapatla,AP
2020-10-31,0.1,32.3,23.3,4.43,0.348,Bapatla,AP
2020-11-01,0.0,32.7,22.9,4.41,0.332,Bapatla,AP
2020-11-02,0.0,32.7,24.3,4.23,0.319,Bapatla,AP
2020-11-03,0.9,31.5,24.2,3.79,0.308,Bapatla,AP
2020-11-04,2.6,31.6,24.0,3.69,0.304,Bapatla,AP
2020-11-05,4.3,30.4,23.9,2.97,0.359,Bapatla,AP
2020-11-06,4.0,29.3,24.4,2.65,0.429,Bapatla,AP
2020-11-07,0.9,30.2,24.1,3.58,0.444,Bapatla,AP
2020-11-08,0.5,30.5,22.5,3.81,0.42,Bapatla,AP
2020-11-09,0.0,29.5,19.2,4.44,0.4,Bapatla,AP
2020-11-10,0.0,29.5,18.2,4.3,0.375,Bapatla,AP
2020-11-11,3.2,29.7,20.5,3.18,0.362,Bapatla,AP
2020-11-12,12.1,27.2,23.5,1.54,0.471,Bapatla,AP
2020-11-13,6.3,29.2,23.1,2.91,0.485,Bapatla,AP
2020-11-14,0.0,30.5,21.5,4.19,0.461,Bapatla,AP
2020-11-15,16.6,28.6,23.1,2.45,0.474,Bapatla,AP
2020-11-16,22.5,28.1,23.9,1.71,0.507,Bapatla,AP
2020-11-17,1.1,30.1,23.3,3.66,0.483,Bapatla,AP
2020-11-18,1.6,28.9,22.9,2.92,0.474,Bapatla,AP
2020-11-19,0.5,29.4,23.7,3.36,0.464,Bapatla,AP
2020-11-20,0.0,29.1,21.7,3.7,0.451,Bapatla,AP
2020-11-21,0.0,30.8,20.4,3.89,0.438,Bapatla,AP
2020-11-22,1.5,29.9,22.2,3.37,0.43,Bapatla,AP
2020-11-23,0.7,29.9,22.8,3.1,0.431,Bapatla,AP
2020-11-24,0.0,29.9,22.8,3.78,0.424,Bapatla,AP
2020-11-25,5.6,27.9,22.8,2.76,0.42,Bapatla,AP
2020-11-26,72.6,24.3,21.4,0.63,0.508,Bapatla,AP
2020-11-27,25.7,26.3,20.7,2.25,0.508,Bapatla,AP
2020-11-28,8.3,25.4,20.3,1.78,0.502,Bapatla,AP
2020-11-29,0.7,29.1,21.5,3.06,0.483,Bapatla,AP
2020-11-30,0.0,29.0,20.7,3.76,0.459,Bapatla,AP
2020-12-01,0.0,29.0,19.7,3.47,0.445,Bapatla,AP
2020-12-02,0.0,28.7,19.4,3.83,0.426,Bapatla,AP
2020-12-03,1.3,28.5,20.8,2.74,0.415,Bapatla,AP
2020-12-04,0.1,29.3,22.0,3.71,0.404,Bapatla,AP
2020-12-05,0.0,29.2,22.1,3.3,0.39,Bapatla,AP
2020-12-06,3.5,27.2,21.2,2.25,0.385,Bapatla,AP
2020-12-07,4.1,28.5,23.0,2.85,0.379,Bapatla,AP
2020-12-08,0.3,29.2,20.9,3.1,0.372,Bapatla,AP
2020-12-09,0.0,28.2,20.1,3.36,0.364,Bapatla,AP
2020-12-10,0.0,27.6,18.7,3.4,0.354,Bapatla,AP
2020-12-11,0.0,28.3,20.1,3.22,0.342,Bapatla,AP
2020-12-12,0.0,27.7,18.1,3.33,0.326,Bapatla,AP
2020-12-13,0.0,27.8,18.3,3.61,0.318,Bapatla,AP
2020-12-14,0.0,27.9,18.8,3.37,0.315,Bapatla,AP
2020-12-15,1.3,28.5,19.2,3.11,0.31,Bapatla,AP
2020-12-16,0.9,28.3,21.3,3.06,0.314,Bapatla,AP
2020-12-17,0.2,29.9,21.2,3.29,0.317,Bapatla,AP
2020-12-18,1.4,27.8,21.5,2.94,0.317,Bapatla,AP
2020-12-19,0.3,29.0,20.9,3.23,0.316,Bapatla,AP
2020-12-20,0.0,28.8,20.8,3.42,0.311,Bapatla,AP
2020-12-21,0.0,27.8,17.9,3.69,0.303,Bapatla,AP
2020-12-22,0.0,27.6,16.9,3.57,0.297,Bapatla,AP
2020-12-23,0.0,27.5,17.4,3.55,0.293,Bapatla,AP
2020-12-24,0.0,28.0,17.9,3.82,0.287,Bapatla,AP
2020-12-25,0.0,27.8,18.0,2.97,0.281,Bapatla,AP
2020-12-26,0.0,29.0,19.1,3.43,0.28,Bapatla,AP
2020-12-27,0.0,29.2,18.7,3.64,0.274,Bapatla,AP
2020-12-28,0.0,28.8,19.1,3.52,0.274,Bapatla,AP
2020-12-29,0.0,29.4,19.6,3.69,0.267,Bapatla,AP
2020-12-30,0.0,29.0,19.8,3.82,0.262,Bapatla,AP
2020-12-31,0.0,29.4,20.7,3.86,0.263,Bapatla,AP
2021-01-01,0.0,28.5,19.5,3.82,0.267,Bapatla,AP
2021-01-02,0.0,29.2,19.0,4.16,0.268,Bapatla,AP
2021-01-03,0.0,28.4,18.5,3.66,0.274,Bapatla,AP
2021-01-04,0.0,29.0,18.6,3.57,0.279,Bapatla,AP
2021-01-05,0.9,29.1,20.9,3.19,0.281,Bapatla,AP
2021-01-06,3.1,27.6,22.9,1.71,0.324,Bapatla,AP
2021-01-07,0.0,27.6,22.0,1.95,0.326,Bapatla,AP
2021-01-08,1.3,29.1,21.6,3.21,0.324,Bapatla,AP
2021-01-09,0.0,29.5,20.2,3.67,0.321,Bapatla,AP
2021-01-10,0.0,30.3,20.8,3.66,0.312,Bapatla,AP
2021-01-11,0.0,30.8,20.7,3.42,0.303,Bapatla,AP
2021-01-12,0.0,30.2,20.3,3.75,0.297,Bapatla,AP
2021-01-13,0.1,30.2,20.7,3.56,0.294,Bapatla,AP
2021-01-14,0.0,30.3,20.6,3.74,0.293,Bapatla,AP
2021-01-15,0.0,29.6,21.4,3.4,0.29,Bapatla,AP
2021-01-16,0.0,29.3,20.1,3.67,0.284,Bapatla,AP
2021-01-17,0.0,27.6,20.1,3.36,0.286,Bapatla,AP
2021-01-18,1.0,28.1,20.3,3.27,0.286,Bapatla,AP
2021-01-19,0.0,30.0,19.7,3.85,0.285,Bapatla,AP
2021-01-20,0.0,30.7,18.9,3.99,0.276,Bapatla,AP
2021-01-21,0.0,29.9,20.9,4.06,0.263,Bapatla,AP
2021-01-22,0.4,29.2,22.8,3.26,0.256,Bapatla,AP
2021-01-23,0.2,29.7,21.8,3.72,0.256,Bapatla,AP
2021-01-24,0.0,29.6,21.9,4.04,0.259,Bapatla,AP
2021-01-25,0.0,29.8,21.5,4.17,0.25,Bapatla,AP
2021-01-26,0.0,30.0,21.3,4.32,0.247,Bapatla,AP
2021-01-27,0.0,29.1,21.3,3.88,0.245,Bapatla,AP
2021-01-28,0.9,28.6,21.1,3.52,0.244,Bapatla,AP
2021-01-29,0.8,28.7,21.6,3.58,0.251,Bapatla,AP
2021-01-30,0.0,29.9,21.1,4.07,0.252,Bapatla,AP
2021-01-31,0.1,30.5,22.0,3.88,0.248,Bapatla,AP
2021-02-01,2.4,29.2,21.6,3.66,0.256,Bapatla,AP
2021-02-02,0.2,30.2,21.5,4.05,0.26,Bapatla,AP
2021-02-03,0.1,29.8,19.9,4.41,0.261,Bapatla,AP
2021-02-04,0.0,29.4,18.8,4.53,0.252,Bapatla,AP
2021-02-05,0.0,28.9,17.8,4.67,0.251,Bapatla,AP
2021-02-06,0.0,29.9,18.4,4.53,0.253,Bapatla,AP
2021-02-07,0.0,31.9,18.7,4.58,0.252,Bapatla,AP
2021-02-08,0.0,30.2,19.2,4.19,0.252,Bapatla,AP
2021-02-09,0.0,30.2,19.7,4.42,0.251,Bapatla,AP
2021-02-10,0.0,29.9,19.2,4.61,0.251,Bapatla,AP
2021-02-11,0.0,29.1,19.1,4.48,0.25,Bapatla,AP
2021-02-12,0.0,29.2,19.4,4.55,0.25,Bapatla,AP
2021-02-13,0.0,28.9,19.5,4.52,0.25,Bapatla,AP
2021-02-14,0.0,29.8,18.0,4.6,0.25,Bapatla,AP
2021-02-15,0.0,31.0,19.3,4.7,0.253,Bapatla,AP
2021-02-16,0.0,30.2,21.0,4.51,0.249,Bapatla,AP
2021-02-17,0.0,29.7,20.3,4.84,0.249,Bapatla,AP
2021-02-18,0.0,29.8,20.4,4.83,0.25,Bapatla,AP
2021-02-19,0.1,30.7,21.2,4.39,0.252,Bapatla,AP
2021-02-20,3.1,29.0,20.7,3.91,0.269,Bapatla,AP
2021-02-21,0.9,28.6,21.3,2.55,0.29,Bapatla,AP
2021-02-22,0.1,31.7,20.8,4.45,0.287,Bapatla,AP
2021-02-23,0.0,30.8,21.2,4.58,0.282,Bapatla,AP
2021-02-24,0.0,31.5,21.7,4.88,0.278,Bapatla,AP
2021-02-25,0.0,32.0,21.2,5.05,0.275,Bapatla,AP
2021-02-26,0.0,33.0,21.1,5.24,0.275,Bapatla,AP
2021-02-27,0.0,32.8,21.2,5.03,0.272,Bapatla,AP
2021-02-28,0.0,32.7,23.0,4.94,0.269,Bapatla,AP
2021-03-01,0.0,31.2,23.4,4.75,0.277,Bapatla,AP
2021-03-02,0.0,31.4,23.3,4.73,0.276,Bapatla,AP
2021-03-03,0.0,33.0,21.9,5.09,0.27,Bapatla,AP
2021-03-04,0.0,31.6,22.3,5.08,0.267,Bapatla,AP
2021-03-05,0.0,32.8,21.0,5.53,0.264,Bapatla,AP
2021-03-06,0.0,32.1,21.5,5.22,0.261,Bapatla,AP
2021-03-07,0.0,31.7,23.6,4.97,0.259,Bapatla,AP
2021-03-08,0.0,31.4,24.1,5.03,0.261,Bapatla,AP
2021-03-09,0.0,31.5,23.9,5.2,0.259,Bapatla,AP
2021-03-10,0.0,31.8,23.6,5.15,0.255,Bapatla,AP
2021-03-11,0.0,31.8,24.1,5.08,0.253,Bapatla,AP
2021-03-12,0.0,32.0,23.3,5.3,0.252,Bapatla,AP
2021-03-13,0.0,32.7,20.8,5.3,0.252,Bapatla,AP
2021-03-14,0.0,33.4,21.9,5.22,0.252,Bapatla,AP
2021-03-15,0.0,33.4,22.2,5.06,0.25,Bapatla,AP
2021-03-16,0.0,33.1,22.7,5.12,0.251,Bapatla,AP
2021-03-17,0.0,33.0,23.2,5.33,0.253,Bapatla,AP
2021-03-18,0.0,32.3,24.4,5.21,0.25,Bapatla,AP
2021-03-19,0.0,32.1,23.3,5.34,0.25,Bapatla,AP
2021-03-20,0.0,33.3,21.4,5.42,0.253,Bapatla,AP
2021-03-21,0.0,34.4,22.7,5.7,0.25,Bapatla,AP
2021-03-22,0.0,34.5,25.2,4.9,0.248,Bapatla,AP
2021-03-23,0.0,34.6,23.4,5.63,0.249,Bapatla,AP
2021-03-24,0.0,34.4,22.8,5.57,0.249,Bapatla,AP
2021-03-25,0.0,34.8,23.3,5.63,0.249,Bapatla,AP
2021-03-26,0.0,34.3,23.7,5.4,0.249,Bapatla,AP
2021-03-27,0.0,34.8,24.5,5.69,0.246,Bapatla,AP
2021-03-28,0.0,33.9,25.7,5.63,0.246,Bapatla,AP
2021-03-29,0.0,34.3,25.4,5.69,0.246,Bapatla,AP
2021-03-30,0.0,36.9,26.1,6.05,0.246,Bapatla,AP
2021-03-31,0.0,37.5,26.5,6.19,0.243,Bapatla,AP
2021-04-01,0.0,36.8,27.0,5.99,0.246,Bapatla,AP
2021-04-02,0.0,38.9,27.2,6.07,0.245,Bapatla,AP
2021-04-03,0.0,34.3,26.1,5.59,0.243,Bapatla,AP
2021-04-04,0.0,35.1,27.6,5.8,0.245,Bapatla,AP
2021-04-05,2.5,33.4,27.1,5.09,0.257,Bapatla,AP
2021-04-06,0.0,33.1,25.7,5.67,0.254,Bapatla,AP
2021-04-07,0.0,32.9,26.0,5.84,0.251,Bapatla,AP
2021-04-08,0.0,32.9,26.5,5.93,0.25,Bapatla,AP
2021-04-09,0.0,32.5,26.0,5.66,0.252,Bapatla,AP
2021-04-10,0.0,32.9,26.1,5.74,0.248,Bapatla,AP
2021-04-11,0.0,33.5,26.3,5.62,0.245,Bapatla,AP
2021-04-12,0.0,33.6,26.1,5.58,0.248,Bapatla,AP
2021-04-13,0.0,33.9,27.1,5.69,0.245,Bapatla,AP
2021-04-14,0.6,33.8,26.5,5.18,0.249,Bapatla,AP
2021-04-15,0.5,33.8,26.4,4.99,0.254,Bapatla,AP
2021-04-16,2.3,33.5,26.0,5.23,0.262,Bapatla,AP
2021-04-17,0.0,34.0,27.3,5.79,0.256,Bapatla,AP
2021-04-18,0.0,34.1,27.4,5.72,0.253,Bapatla,AP
2021-04-19,0.0,34.9,27.7,5.76,0.252,Bapatla,AP
2021-04-20,0.2,34.4,28.5,5.58,0.253,Bapatla,AP
2021-04-21,0.0,33.9,28.0,4.99,0.256,Bapatla,AP
2021-04-22,1.9,33.4,28.2,5.06,0.27,Bapatla,AP
2021-04-23,0.9,32.8,28.0,4.69,0.295,Bapatla,AP
2021-04-24,0.1,34.0,27.7,5.03,0.302,Bapatla,AP
2021-04-25,0.0,34.2,27.2,5.81,0.293,Bapatla,AP
2021-04-26,0.0,33.6,26.9,5.95,0.282,Bapatla,AP
2021-04-27,0.0,34.2,26.2,5.88,0.273,Bapatla,AP
2021-04-28,0.0,34.4,27.7,5.9,0.27,Bapatla,AP
2021-04-29,0.0,34.1,27.8,5.86,0.266,Bapatla,AP
2021-04-30,0.0,34.4,27.7,5.99,0.267,Bapatla,AP
2021-05-01,0.0,33.6,27.3,5.96,0.262,Bapatla,AP
2021-05-02,0.0,34.0,27.3,5.91,0.259,Bapatla,AP
2021-05-03,0.4,34.3,26.8,5.62,0.258,Bapatla,AP
2021-05-04,0.0,33.9,27.5,6.12,0.255,Bapatla,AP
2021-05-05,0.0,34.1,28.5,6.31,0.255,Bapatla,AP
2021-05-06,0.3,33.7,28.6,5.99,0.254,Bapatla,AP
2021-05-07,0.9,33.3,28.1,5.27,0.253,Bapatla,AP
2021-05-08,0.9,33.9,27.5,5.67,0.247,Bapatla,AP
2021-05-09,0.0,34.4,28.5,6.04,0.241,Bapatla,AP
2021-05-10,0.4,34.4,29.0,5.82,0.24,Bapatla,AP
2021-05-11,0.0,34.8,28.9,6.25,0.243,Bapatla,AP
2021-05-12,0.0,35.0,29.1,6.14,0.259,Bapatla,AP
2021-05-13,0.3,35.5,29.2,5.63,0.263,Bapatla,AP
2021-05-14,0.1,34.7,29.5,6.2,0.27,Bapatla,AP
2021-05-15,9.0,33.6,28.4,5.51,0.294,Bapatla,AP
2021-05-16,6.2,31.8,28.2,4.38,0.357,Bapatla,AP
2021-05-17,4.8,32.4,26.4,4.55,0.444,Bapatla,AP
2021-05-18,1.3,32.6,28.6,5.13,0.4,Bapatla,AP
2021-05-19,0.9,33.4,28.6,4.96,0.374,Bapatla,AP
2021-05-20,2.2,35.6,26.4,5.39,0.376,Bapatla,AP
2021-05-21,9.9,37.4,25.8,5.6,0.364,Bapatla,AP
2021-05-22,2.7,31.2,26.1,2.48,0.427,Bapatla,AP
2021-05-23,0.1,36.1,27.1,3.89,0.396,Bapatla,AP
2021-05-24,0.0,39.0,28.4,6.0,0.383,Bapatla,AP
2021-05-25,0.0,38.0,30.4,6.24,0.372,Bapatla,AP
2021-05-26,0.0,40.2,29.5,9.07,0.354,Bapatla,AP
2021-05-27,0.0,39.4,31.3,9.41,0.333,Bapatla,AP
2021-05-28,0.0,39.7,30.3,7.96,0.32,Bapatla,AP
2021-05-29,0.6,39.3,29.3,6.4,0.305,Bapatla,AP
2021-05-30,0.0,40.6,29.0,7.06,0.288,Bapatla,AP
2021-05-31,0.0,40.5,30.4,7.16,0.283,Bapatla,AP
2021-06-01,3.3,39.4,27.2,6.07,0.286,Bapatla,AP
2021-06-02,3.8,38.9,27.9,5.79,0.29,Bapatla,AP
2021-06-03,1.2,35.9,29.1,5.02,0.293,Bapatla,AP
2021-06-04,0.0,33.5,27.7,5.67,0.288,Bapatla,AP
2021-06-05,0.0,34.0,27.5,6.14,0.278,Bapatla,AP
2021-06-06,0.7,35.9,26.1,6.17,0.271,Bapatla,AP
2021-06-07,2.4,36.6,28.7,5.75,0.269,Bapatla,AP
2021-06-08,0.3,39.4,28.2,6.94,0.274,Bapatla,AP
2021-06-09,0.5,39.1,29.4,7.63,0.275,Bapatla,AP
2021-06-10,0.5,37.3,28.9,6.71,0.338,Bapatla,AP
2021-06-11,3.8,35.2,23.3,4.64,0.363,Bapatla,AP
2021-06-12,0.5,36.4,29.2,5.82,0.364,Bapatla,AP
2021-06-13,8.5,32.5,25.9,3.16,0.387,Bapatla,AP
2021-06-14,0.7,34.8,27.7,4.61,0.369,Bapatla,AP
2021-06-15,0.0,35.4,28.4,6.1,0.347,Bapatla,AP
2021-06-16,0.0,35.4,29.1,6.54,0.323,Bapatla,AP
2021-06-17,0.0,35.7,28.4,5.9,0.306,Bapatla,AP
2021-06-18,0.2,37.8,29.5,6.51,0.295,Bapatla,AP
2021-06-19,0.0,37.7,29.3,7.59,0.289,Bapatla,AP
2021-06-20,0.0,36.8,27.9,7.45,0.279,Bapatla,AP
2021-06-21,0.0,39.8,29.3,7.35,0.277,Bapatla,AP
2021-06-22,0.2,38.0,29.9,5.71,0.28,Bapatla,AP
2021-06-23,6.0,38.3,28.4,4.65,0.301,Bapatla,AP
2021-06-24,0.4,35.7,26.9,4.81,0.316,Bapatla,AP
2021-06-25,0.0,35.5,28.8,5.73,0.311,Bapatla,AP
2021-06-26,4.8,36.2,25.4,4.87,0.328,Bapatla,AP
2021-06-27,32.2,31.7,25.3,3.46,0.416,Bapatla,AP
2021-06-28,5.0,31.8,24.0,5.08,0.443,Bapatla,AP
2021-06-29,0.4,33.6,27.8,5.51,0.395,Bapatla,AP
2021-06-30,0.1,34.1,28.3,5.34,0.364,Bapatla,AP
2021-07-01,8.2,34.6,28.4,5.12,0.346,Bapatla,AP
2021-07-02,1.8,34.4,26.7,4.32,0.35,Bapatla,AP
2021-07-03,3.2,35.2,26.2,4.8,0.377,Bapatla,AP
2021-07-04,0.0,35.1,28.2,4.58,0.409,Bapatla,AP
2021-07-05,5.8,36.8,26.3,5.56,0.41,Bapatla,AP
2021-07-06,3.0,33.0,25.7,5.21,0.45,Bapatla,AP
2021-07-07,15.8,33.6,26.9,4.18,0.445,Bapatla,AP
2021-07-08,6.0,32.3,26.3,3.32,0.459,Bapatla,AP
2021-07-09,19.1,33.1,26.0,4.38,0.448,Bapatla,AP
2021-07-10,18.6,32.5,25.2,3.72,0.484,Bapatla,AP
2021-07-11,19.3,28.1,25.5,1.29,0.498,Bapatla,AP
2021-07-12,18.5,28.0,24.9,1.43,0.504,Bapatla,AP
2021-07-13,13.1,31.7,25.2,3.54,0.493,Bapatla,AP
2021-07-14,35.2,30.0,24.8,2.53,0.508,Bapatla,AP
2021-07-15,70.8,31.9,24.5,4.04,0.505,Bapatla,AP
2021-07-16,6.3,31.0,25.3,4.51,0.491,Bapatla,AP
2021-07-17,18.5,31.5,24.9,4.09,0.504,Bapatla,AP
2021-07-18,10.4,31.0,24.9,3.96,0.501,Bapatla,AP
2021-07-19,1.1,32.8,25.1,4.78,0.482,Bapatla,AP
2021-07-20,0.1,32.9,26.4,5.49,0.451,Bapatla,AP
2021-07-21,16.8,29.9,24.8,2.34,0.481,Bapatla,AP
2021-07-22,53.7,25.9,23.8,1.33,0.514,Bapatla,AP
2021-07-23,12.1,32.2,23.6,3.47,0.502,Bapatla,AP
2021-07-24,0.0,33.3,25.3,5.4,0.468,Bapatla,AP
2021-07-25,0.0,34.1,27.2,5.8,0.439,Bapatla,AP
2021-07-26,0.0,34.0,27.6,5.91,0.419,Bapatla,AP
2021-07-27,0.0,32.8,27.8,5.57,0.397,Bapatla,AP
2021-07-28,0.0,34.1,27.4,6.07,0.375,Bapatla,AP
2021-07-29,0.1,32.2,28.0,4.72,0.359,Bapatla,AP
2021-07-30,0.0,33.5,28.4,4.74,0.346,Bapatla,AP
2021-07-31,0.0,33.8,27.8,5.76,0.333,Bapatla,AP
2021-08-01,0.0,34.1,27.3,6.1,0.322,Bapatla,AP
2021-08-02,0.6,34.4,27.4,6.24,0.312,Bapatla,AP
2021-08-03,0.9,35.0,27.7,6.48,0.307,Bapatla,AP
2021-08-04,0.0,35.9,27.8,6.92,0.3,Bapatla,AP
2021-08-05,0.8,35.6,28.3,6.88,0.296,Bapatla,AP
2021-08-06,0.7,35.7,28.0,6.55,0.296,Bapatla,AP
2021-08-07,0.8,35.0,28.2,5.82,0.293,Bapatla,AP
2021-08-08,0.2,35.5,27.9,5.77,0.288,Bapatla,AP
2021-08-09,2.0,35.6,27.5,5.32,0.303,Bapatla,AP
2021-08-10,6.9,36.7,26.6,5.58,0.351,Bapatla,AP
2021-08-11,1.3,36.5,27.4,5.54,0.343,Bapatla,AP
2021-08-12,9.5,33.3,26.8,4.53,0.417,Bapatla,AP
2021-08-13,10.1,33.1,25.7,4.33,0.452,Bapatla,AP
2021-08-14,5.5,33.4,25.1,4.0,0.433,Bapatla,AP
2021-08-15,6.7,34.1,24.7,4.31,0.43,Bapatla,AP
2021-08-16,21.8,29.1,24.4,1.95,0.488,Bapatla,AP
2021-08-17,4.3,29.7,24.3,3.03,0.453,Bapatla,AP
2021-08-18,2.3,33.1,25.6,4.9,0.436,Bapatla,AP
2021-08-19,0.9,33.1,25.8,5.27,0.418,Bapatla,AP
2021-08-20,2.9,32.3,26.1,4.15,0.409,Bapatla,AP
2021-08-21,18.9,30.4,26.2,3.78,0.467,Bapatla,AP
2021-08-22,2.4,31.8,25.0,5.05,0.471,Bapatla,AP
2021-08-23,0.1,31.1,26.3,5.01,0.442,Bapatla,AP
2021-08-24,0.3,32.3,26.4,4.94,0.421,Bapatla,AP
2021-08-25,6.4,34.3,25.8,4.98,0.422,Bapatla,AP
2021-08-26,12.1,33.6,25.2,4.5,0.475,Bapatla,AP
2021-08-27,15.7,31.7,25.4,3.29,0.485,Bapatla,AP
2021-08-28,18.4,29.4,25.4,2.18,0.49,Bapatla,AP
2021-08-29,5.8,30.1,25.0,2.36,0.489,Bapatla,AP
2021-08-30,28.4,30.0,24.9,2.86,0.503,Bapatla,AP
2021-08-31,0.9,30.0,24.4,3.84,0.478,Bapatla,AP
2021-09-01,16.3,30.2,25.1,3.62,0.489,Bapatla,AP
2021-09-02,7.3,31.0,24.7,4.29,0.491,Bapatla,AP
2021-09-03,31.0,31.6,24.5,3.94,0.505,Bapatla,AP
2021-09-04,12.5,32.4,24.3,4.16,0.503,Bapatla,AP
2021-09-05,11.8,31.1,25.1,3.26,0.488,Bapatla,AP
2021-09-06,12.0,27.6,25.0,1.62,0.502,Bapatla,AP
2021-09-07,3.3,32.5,24.5,4.81,0.491,Bapatla,AP
2021-09-08,0.4,32.5,26.9,5.12,0.462,Bapatla,AP
2021-09-09,0.4,33.1,26.7,4.95,0.443,Bapatla,AP
2021-09-10,3.8,32.7,25.8,4.58,0.426,Bapatla,AP
2021-09-11,0.1,31.0,26.7,3.21,0.408,Bapatla,AP
2021-09-12,1.1,34.0,27.0,5.18,0.392,Bapatla,AP
2021-09-13,1.5,33.1,26.8,4.61,0.381,Bapatla,AP
2021-09-14,0.4,34.0,26.7,5.11,0.373,Bapatla,AP
2021-09-15,0.4,34.0,26.9,5.18,0.358,Bapatla,AP
2021-09-16,0.8,33.8,27.3,4.64,0.345,Bapatla,AP
2021-09-17,0.5,34.1,27.8,4.85,0.327,Bapatla,AP
2021-09-18,0.5,33.4,26.8,4.61,0.315,Bapatla,AP
2021-09-19,7.8,33.1,24.8,4.52,0.328,Bapatla,AP
2021-09-20,7.0,33.9,25.6,4.64,0.366,Bapatla,AP
2021-09-21,3.6,32.7,25.0,4.33,0.408,Bapatla,AP
2021-09-22,3.2,31.9,25.2,4.0,0.445,Bapatla,AP
2021-09-23,4.8,30.9,25.8,3.6,0.446,Bapatla,AP
2021-09-24,16.4,31.8,25.7,3.79,0.474,Bapatla,AP
2021-09-25,15.5,32.2,25.6,3.73,0.486,Bapatla,AP
2021-09-26,7.9,32.1,24.9,3.6,0.474,Bapatla,AP
2021-09-27,8.5,30.7,25.3,2.83,0.481,Bapatla,AP
2021-09-28,0.7,32.3,26.2,4.8,0.45,Bapatla,AP
2021-09-29,0.6,32.4,25.4,4.31,0.422,Bapatla,AP
2021-09-30,22.1,30.8,25.3,3.81,0.444,Bapatla,AP
2021-10-01,0.7,31.6,25.3,4.36,0.434,Bapatla,AP
2021-10-02,6.6,30.9,25.5,3.93,0.436,Bapatla,AP
2021-10-03,1.7,30.8,25.8,3.66,0.422,Bapatla,AP
2021-10-04,5.1,32.0,24.8,4.14,0.427,Bapatla,AP
2021-10-05,2.6,32.1,25.0,4.21,0.436,Bapatla,AP
2021-10-06,18.5,29.1,25.6,2.97,0.474,Bapatla,AP
2021-10-07,2.9,30.4,24.7,3.87,0.472,Bapatla,AP
2021-10-08,2.4,31.5,25.4,4.15,0.449,Bapatla,AP
2021-10-09,6.3,32.8,25.8,3.54,0.449,Bapatla,AP
2021-10-10,7.2,33.4,25.8,3.92,0.437,Bapatla,AP
2021-10-11,0.2,33.7,25.2,4.47,0.44,Bapatla,AP
2021-10-12,0.1,34.0,25.5,4.34,0.409,Bapatla,AP
2021-10-13,0.0,33.2,24.9,4.61,0.424,Bapatla,AP
2021-10-14,0.3,34.3,26.2,4.3,0.407,Bapatla,AP
2021-10-15,0.0,33.0,25.9,4.28,0.386,Bapatla,AP
2021-10-16,15.1,30.2,24.7,2.97,0.425,Bapatla,AP
2021-10-17,1.8,30.2,24.7,3.4,0.463,Bapatla,AP
2021-10-18,0.4,32.7,26.3,3.83,0.44,Bapatla,AP
2021-10-19,0.1,33.2,26.2,4.65,0.425,Bapatla,AP
2021-10-20,0.1,33.0,25.6,4.38,0.401,Bapatla,AP
2021-10-21,1.6,32.9,25.8,4.14,0.385,Bapatla,AP
2021-10-22,24.0,33.2,24.0,4.59,0.436,Bapatla,AP
2021-10-23,18.6,31.6,23.9,4.13,0.471,Bapatla,AP
2021-10-24,10.6,30.1,23.7,2.83,0.46,Bapatla,AP
2021-10-25,0.0,31.8,23.7,4.48,0.427,Bapatla,AP
2021-10-26,0.5,30.7,22.7,4.11,0.402,Bapatla,AP
2021-10-27,0.0,32.1,22.5,4.6,0.385,Bapatla,AP
2021-10-28,1.3,31.9,22.2,4.42,0.368,Bapatla,AP
2021-10-29,27.6,29.1,23.9,2.31,0.43,Bapatla,AP
2021-10-30,17.9,29.7,23.3,2.7,0.486,Bapatla,AP
2021-10-31,2.8,31.0,23.5,3.64,0.464,Bapatla,AP
2021-11-01,2.9,29.0,23.8,2.33,0.464,Bapatla,AP
2021-11-02,16.0,26.8,23.0,1.47,0.505,Bapatla,AP
2021-11-03,22.5,28.3,23.2,1.86,0.503,Bapatla,AP
2021-11-04,22.2,27.5,23.0,1.85,0.498,Bapatla,AP
2021-11-05,6.4,28.3,23.0,2.43,0.492,Bapatla,AP
2021-11-06,5.2,28.1,23.1,2.41,0.487,Bapatla,AP
2021-11-07,0.2,29.5,23.0,3.27,0.478,Bapatla,AP
2021-11-08,0.0,29.4,21.9,4.03,0.462,Bapatla,AP
2021-11-09,0.0,28.4,21.2,3.31,0.448,Bapatla,AP
2021-11-10,9.6,29.5,21.9,3.76,0.44,Bapatla,AP
2021-11-11,61.4,24.5,21.1,0.85,0.512,Bapatla,AP
2021-11-12,18.2,28.2,23.2,2.43,0.502,Bapatla,AP
2021-11-13,10.1,29.5,23.4,3.06,0.497,Bapatla,AP
2021-11-14,18.8,28.9,23.5,2.78,0.501,Bapatla,AP
2021-11-15,16.9,27.8,23.6,2.45,0.5,Bapatla,AP
2021-11-16,10.6,28.4,23.8,2.84,0.504,Bapatla,AP
2021-11-17,6.5,30.0,23.5,3.22,0.493,Bapatla,AP
2021-11-18,15.3,27.2,23.2,1.77,0.502,Bapatla,AP
2021-11-19,33.2,26.3,23.4,1.25,0.507,Bapatla,AP
2021-11-20,11.4,27.7,23.7,2.36,0.507,Bapatla,AP
2021-11-21,16.9,28.1,23.3,2.35,0.504,Bapatla,AP
2021-11-22,5.5,29.6,23.5,3.04,0.494,Bapatla,AP
2021-11-23,6.9,30.4,23.3,3.27,0.489,Bapatla,AP
2021-11-24,2.7,30.0,22.8,3.1,0.491,Bapatla,AP
2021-11-25,1.2,29.7,23.1,3.49,0.479,Bapatla,AP
2021-11-26,0.0,29.8,22.3,3.7,0.464,Bapatla,AP
2021-11-27,0.0,28.7,21.8,2.55,0.457,Bapatla,AP
2021-11-28,21.5,26.2,23.2,1.53,0.484,Bapatla,AP
2021-11-29,8.1,27.3,22.4,1.57,0.506,Bapatla,AP
2021-11-30,1.1,28.8,21.8,3.44,0.488,Bapatla,AP
2021-12-01,0.0,28.3,21.7,3.56,0.47,Bapatla,AP
2021-12-02,0.0,28.5,20.6,3.83,0.456,Bapatla,AP
2021-12-03,0.0,28.2,20.2,3.21,0.443,Bapatla,AP
2021-12-04,0.0,29.5,19.5,3.91,0.428,Bapatla,AP
2021-12-05,0.0,30.1,21.1,3.98,0.415,Bapatla,AP
2021-12-06,0.0,30.5,20.8,3.72,0.398,Bapatla,AP
2021-12-07,1.2,29.2,23.1,3.12,0.396,Bapatla,AP
2021-12-08,0.7,29.3,23.1,3.51,0.389,Bapatla,AP
2021-12-09,10.6,25.8,23.3,1.79,0.431,Bapatla,AP
2021-12-10,0.1,28.9,22.0,3.35,0.448,Bapatla,AP
2021-12-11,0.5,29.3,21.9,3.48,0.426,Bapatla,AP
2021-12-12,0.2,29.0,22.2,3.54,0.409,Bapatla,AP
2021-12-13,0.7,28.3,22.1,3.09,0.398,Bapatla,AP
2021-12-14,0.0,28.4,21.5,3.22,0.392,Bapatla,AP
2021-12-15,0.0,28.2,20.7,3.45,0.382,Bapatla,AP
2021-12-16,0.0,28.1,19.6,3.66,0.37,Bapatla,AP
2021-12-17,0.0,27.8,18.4,3.6,0.361,Bapatla,AP
2021-12-18,0.0,27.7,17.9,3.89,0.353,Bapatla,AP
2021-12-19,0.0,27.9,16.7,3.59,0.343,Bapatla,AP
2021-12-20,0.0,27.8,17.6,3.62,0.333,Bapatla,AP
2021-12-21,0.0,27.1,16.7,3.58,0.327,Bapatla,AP
2021-12-22,0.0,27.3,14.4,3.74,0.319,Bapatla,AP
2021-12-23,0.0,27.2,15.1,3.6,0.31,Bapatla,AP
2021-12-24,0.0,27.3,17.5,3.42,0.303,Bapatla,AP
2021-12-25,0.0,27.7,18.8,3.63,0.296,Bapatla,AP
2021-12-26,0.2,27.8,20.9,3.41,0.291,Bapatla,AP
2021-12-27,0.2,27.8,20.8,3.45,0.288,Bapatla,AP
2021-12-28,0.1,28.2,19.8,3.44,0.289,Bapatla,AP
2021-12-29,1.1,28.1,20.6,3.44,0.292,Bapatla,AP
2021-12-30,0.1,28.9,20.8,3.8,0.288,Bapatla,AP
2021-12-31,0.2,29.6,21.3,4.08,0.287,Bapatla,AP
2022-01-01,0.0,30.0,21.1,3.95,0.286,Bapatla,AP
2022-01-02,0.7,28.8,20.8,3.6,0.288,Bapatla,AP
2022-01-03,0.0,29.2,19.9,3.69,0.285,Bapatla,AP
2022-01-04,0.0,29.2,19.0,3.82,0.28,Bapatla,AP
2022-01-05,0.0,28.9,18.8,3.73,0.276,Bapatla,AP
2022-01-06,0.0,28.7,19.2,3.76,0.272,Bapatla,AP
2022-01-07,0.4,28.6,20.1,3.92,0.275,Bapatla,AP
2022-01-08,0.0,28.6,20.3,3.57,0.274,Bapatla,AP
2022-01-09,0.1,28.3,21.1,3.75,0.275,Bapatla,AP
2022-01-10,0.0,28.6,21.2,3.86,0.281,Bapatla,AP
2022-01-11,0.0,28.9,21.2,3.78,0.282,Bapatla,AP
2022-01-12,5.6,28.1,20.5,3.23,0.29,Bapatla,AP
2022-01-13,8.8,25.4,20.0,2.09,0.349,Bapatla,AP
2022-01-14,2.5,26.3,20.4,2.21,0.373,Bapatla,AP
2022-01-15,0.7,27.5,19.8,2.71,0.37,Bapatla,AP
2022-01-16,1.3,28.5,20.8,3.5,0.36,Bapatla,AP
2022-01-17,2.7,28.4,20.6,3.14,0.349,Bapatla,AP
2022-01-18,1.2,27.6,19.6,3.37,0.348,Bapatla,AP
2022-01-19,0.0,29.3,18.9,3.79,0.334,Bapatla,AP
2022-01-20,0.0,29.2,18.6,3.79,0.321,Bapatla,AP
2022-01-21,0.0,28.9,20.5,3.87,0.311,Bapatla,AP
2022-01-22,2.3,29.5,20.9,3.52,0.313,Bapatla,AP
2022-01-23,1.5,29.5,22.8,3.66,0.326,Bapatla,AP
2022-01-24,0.1,32.1,22.5,3.97,0.328,Bapatla,AP
2022-01-25,0.0,30.6,19.1,4.29,0.313,Bapatla,AP
2022-01-26,1.2,28.8,20.1,3.46,0.309,Bapatla,AP
2022-01-27,0.4,30.0,21.2,3.81,0.315,Bapatla,AP
2022-01-28,0.0,29.7,19.7,4.42,0.307,Bapatla,AP
2022-01-29,0.0,30.0,19.0,4.26,0.297,Bapatla,AP
2022-01-30,0.0,30.1,19.3,3.96,0.29,Bapatla,AP
2022-01-31,0.0,30.7,19.6,3.85,0.286,Bapatla,AP
2022-02-01,0.0,29.5,19.9,4.11,0.282,Bapatla,AP
2022-02-02,0.0,29.1,19.5,4.27,0.276,Bapatla,AP
2022-02-03,0.0,28.6,22.1,4.52,0.269,Bapatla,AP
2022-02-04,0.2,29.9,21.8,4.24,0.271,Bapatla,AP
2022-02-05,0.1,30.9,20.6,4.03,0.275,Bapatla,AP
2022-02-06,0.0,30.4,20.4,4.21,0.264,Bapatla,AP
2022-02-07,0.0,29.9,20.1,4.48,0.261,Bapatla,AP
2022-02-08,0.0,29.5,20.7,4.43,0.262,Bapatla,AP
2022-02-09,0.1,29.0,22.3,4.46,0.255,Bapatla,AP
2022-02-10,0.0,29.4,20.7,4.67,0.254,Bapatla,AP
2022-02-11,0.0,33.0,19.2,4.8,0.252,Bapatla,AP
2022-02-12,0.0,32.4,20.9,4.56,0.251,Bapatla,AP
2022-02-13,0.0,31.7,20.9,4.54,0.256,Bapatla,AP
2022-02-14,0.0,31.3,20.8,4.71,0.247,Bapatla,AP
2022-02-15,0.1,29.9,20.5,4.73,0.241,Bapatla,AP
2022-02-16,0.0,29.9,20.8,4.69,0.244,Bapatla,AP
2022-02-17,1.3,29.6,20.4,4.55,0.247,Bapatla,AP
2022-02-18,0.2,31.1,21.1,4.63,0.252,Bapatla,AP
2022-02-19,0.0,30.5,20.9,4.75,0.247,Bapatla,AP
2022-02-20,0.0,31.6,21.5,5.25,0.248,Bapatla,AP
2022-02-21,0.0,31.5,22.7,4.86,0.247,Bapatla,AP
2022-02-22,0.0,32.4,22.7,4.67,0.249,Bapatla,AP
2022-02-23,0.2,30.2,23.2,4.62,0.252,Bapatla,AP
2022-02-24,0.4,30.5,21.6,4.76,0.247,Bapatla,AP
2022-02-25,0.0,30.6,20.1,5.08,0.254,Bapatla,AP
2022-02-26,0.0,31.3,20.2,4.96,0.259,Bapatla,AP
2022-02-27,0.0,31.3,21.2,4.91,0.263,Bapatla,AP
2022-02-28,0.0,31.7,20.0,5.07,0.261,Bapatla,AP
2022-03-01,0.0,32.8,21.0,5.0,0.264,Bapatla,AP
2022-03-02,0.0,32.8,20.4,5.14,0.26,Bapatla,AP
2022-03-03,0.0,33.7,19.5,5.6,0.259,Bapatla,AP
2022-03-04,0.0,34.7,20.5,5.63,0.257,Bapatla,AP
2022-03-05,0.3,33.7,20.6,5.5,0.256,Bapatla,AP
2022-03-06,0.6,32.8,20.9,5.16,0.258,Bapatla,AP
2022-03-07,0.3,33.1,21.1,4.51,0.262,Bapatla,AP
2022-03-08,0.0,33.2,22.6,5.23,0.266,Bapatla,AP
2022-03-09,0.0,33.9,23.8,5.55,0.255,Bapatla,AP
2022-03-10,0.0,33.6,22.6,5.42,0.251,Bapatla,AP
2022-03-11,0.3,33.5,22.3,5.37,0.251,Bapatla,AP
2022-03-12,0.0,34.9,21.7,5.71,0.249,Bapatla,AP
2022-03-13,0.0,35.0,21.2,5.57,0.25,Bapatla,AP
2022-03-14,0.0,34.8,22.3,5.67,0.252,Bapatla,AP
2022-03-15,0.0,35.0,22.2,5.86,0.249,Bapatla,AP
2022-03-16,0.0,36.5,22.1,5.95,0.25,Bapatla,AP
2022-03-17,0.0,35.3,21.9,5.67,0.25,Bapatla,AP
2022-03-18,0.0,33.0,23.7,5.53,0.249,Bapatla,AP
2022-03-19,0.0,32.9,25.6,5.58,0.25,Bapatla,AP
2022-03-20,3.5,33.4,26.0,4.72,0.257,Bapatla,AP
2022-03-21,3.7,35.3,26.6,4.4,0.267,Bapatla,AP
2022-03-22,0.1,34.2,25.9,4.68,0.288,Bapatla,AP
2022-03-23,0.0,33.2,26.3,4.38,0.283,Bapatla,AP
2022-03-24,0.0,32.9,26.2,5.23,0.279,Bapatla,AP
2022-03-25,0.0,32.8,26.5,5.59,0.276,Bapatla,AP
2022-03-26,0.0,33.0,26.7,5.56,0.272,Bapatla,AP
2022-03-27,0.0,32.8,26.7,5.41,0.27,Bapatla,AP
2022-03-28,0.0,33.1,26.8,5.34,0.27,Bapatla,AP
2022-03-29,0.0,33.2,27.0,5.47,0.266,Bapatla,AP
2022-03-30,0.0,33.7,27.0,5.49,0.261,Bapatla,AP
2022-03-31,0.0,33.2,27.4,5.62,0.259,Bapatla,AP
2022-04-01,0.0,32.9,27.2,5.37,0.265,Bapatla,AP
2022-04-02,0.0,33.1,27.1,5.71,0.259,Bapatla,AP
2022-04-03,0.0,32.6,26.8,5.7,0.257,Bapatla,AP
2022-04-04,0.0,32.4,26.8,5.72,0.26,Bapatla,AP
2022-04-05,0.0,32.6,26.5,5.77,0.254,Bapatla,AP
2022-04-06,0.0,32.6,26.0,5.72,0.255,Bapatla,AP
2022-04-07,0.0,33.5,26.0,5.75,0.25,Bapatla,AP
2022-04-08,0.0,33.3,25.0,5.61,0.252,Bapatla,AP
2022-04-09,0.0,33.5,26.8,5.63,0.251,Bapatla,AP
2022-04-10,0.0,33.4,26.0,5.27,0.25,Bapatla,AP
2022-04-11,0.0,33.4,26.0,5.6,0.25,Bapatla,AP
2022-04-12,0.0,33.3,26.3,5.76,0.25,Bapatla,AP
2022-04-13,0.0,33.5,27.1,5.54,0.251,Bapatla,AP
2022-04-14,0.0,33.6,26.9,5.15,0.251,Bapatla,AP
2022-04-15,0.0,34.1,27.5,4.82,0.253,Bapatla,AP
2022-04-16,0.1,34.2,27.7,5.03,0.262,Bapatla,AP
2022-04-17,0.1,35.1,28.1,5.04,0.257,Bapatla,AP
2022-04-18,0.0,35.1,27.6,5.88,0.255,Bapatla,AP
2022-04-19,0.0,35.0,27.9,5.94,0.253,Bapatla,AP
2022-04-20,0.0,34.4,27.8,5.95,0.254,Bapatla,AP
2022-04-21,0.0,33.3,27.9,6.05,0.254,Bapatla,AP
2022-04-22,0.0,33.5,28.0,6.26,0.256,Bapatla,AP
2022-04-23,0.0,33.8,28.0,5.68,0.259,Bapatla,AP
2022-04-24,0.0,36.6,27.5,6.01,0.259,Bapatla,AP
2022-04-25,0.0,34.1,27.1,5.96,0.262,Bapatla,AP
2022-04-26,0.0,34.4,27.3,5.92,0.261,Bapatla,AP
2022-04-27,0.0,34.4,27.7,5.9,0.259,Bapatla,AP
2022-04-28,0.0,34.3,27.5,6.0,0.258,Bapatla,AP
2022-04-29,0.0,35.1,27.1,5.86,0.257,Bapatla,AP
2022-04-30,0.0,35.8,28.1,6.17,0.256,Bapatla,AP
2022-05-01,0.0,35.2,28.0,5.87,0.255,Bapatla,AP
2022-05-02,0.0,35.6,28.1,5.93,0.256,Bapatla,AP
2022-05-03,0.0,35.2,28.6,6.09,0.257,Bapatla,AP
2022-05-04,0.2,35.7,28.4,5.52,0.263,Bapatla,AP
2022-05-05,8.6,35.2,27.9,5.27,0.272,Bapatla,AP
2022-05-06,0.0,35.4,28.1,5.76,0.259,Bapatla,AP
2022-05-07,0.0,37.1,27.2,6.01,0.257,Bapatla,AP
2022-05-08,3.2,36.4,28.5,4.55,0.263,Bapatla,AP
2022-05-09,0.0,39.9,25.8,6.57,0.333,Bapatla,AP
2022-05-10,46.5,33.3,25.2,2.13,0.41,Bapatla,AP
2022-05-11,81.5,27.2,25.2,1.3,0.51,Bapatla,AP
2022-05-12,7.4,30.6,25.7,4.26,0.5,Bapatla,AP
2022-05-13,3.4,32.1,25.3,4.67,0.48,Bapatla,AP
2022-05-14,0.9,34.6,26.2,5.07,0.463,Bapatla,AP
2022-05-15,0.3,32.3,26.8,5.29,0.439,Bapatla,AP
2022-05-16,1.1,32.5,27.6,4.99,0.418,Bapatla,AP
2022-05-17,0.1,32.4,27.8,5.13,0.397,Bapatla,AP
2022-05-18,1.3,32.1,28.2,5.16,0.375,Bapatla,AP
2022-05-19,2.6,31.8,27.1,4.96,0.381,Bapatla,AP
2022-05-20,3.7,33.3,26.3,5.19,0.379,Bapatla,AP
2022-05-21,0.8,34.9,26.2,6.18,0.364,Bapatla,AP
2022-05-22,0.0,37.7,27.5,7.85,0.339,Bapatla,AP
2022-05-23,0.0,38.5,28.5,7.71,0.314,Bapatla,AP
2022-05-24,0.0,39.3,29.0,7.09,0.294,Bapatla,AP
2022-05-25,0.2,35.1,28.5,5.52,0.288,Bapatla,AP
2022-05-26,0.8,38.1,28.8,6.19,0.291,Bapatla,AP
2022-05-27,0.2,39.3,26.3,7.02,0.288,Bapatla,AP
2022-05-28,0.0,39.6,28.0,7.49,0.286,Bapatla,AP
2022-05-29,0.0,40.2,28.8,7.48,0.288,Bapatla,AP
2022-05-30,0.0,39.7,27.9,6.53,0.294,Bapatla,AP
2022-05-31,0.1,38.9,29.5,7.43,0.287,Bapatla,AP
2022-06-01,0.3,40.7,28.7,7.3,0.284,Bapatla,AP
2022-06-02,0.0,41.2,29.9,7.57,0.278,Bapatla,AP
2022-06-03,0.0,39.8,29.1,7.32,0.269,Bapatla,AP
2022-06-04,0.0,42.1,29.2,7.15,0.258,Bapatla,AP
2022-06-05,0.0,39.1,30.1,6.46,0.255,Bapatla,AP
2022-06-06,0.0,38.7,29.3,5.95,0.258,Bapatla,AP
2022-06-07,0.0,37.7,28.7,6.8,0.272,Bapatla,AP
2022-06-08,0.0,41.8,31.1,8.32,0.27,Bapatla,AP
2022-06-09,0.1,40.5,30.9,8.07,0.276,Bapatla,AP
2022-06-10,0.1,39.1,30.6,7.48,0.273,Bapatla,AP
2022-06-11,0.0,39.1,29.5,7.27,0.264,Bapatla,AP
2022-06-12,0.1,38.2,29.4,6.89,0.262,Bapatla,AP
2022-06-13,0.0,37.9,29.4,6.31,0.262,Bapatla,AP
2022-06-14,4.2,39.0,28.3,6.66,0.269,Bapatla,AP
2022-06-15,5.1,37.2,25.4,5.58,0.287,Bapatla,AP
2022-06-16,12.1,35.2,25.5,5.46,0.349,Bapatla,AP
2022-06-17,0.1,33.9,26.2,5.75,0.358,Bapatla,AP
2022-06-18,2.7,32.4,28.3,5.44,0.342,Bapatla,AP
2022-06-19,10.6,32.8,25.1,4.82,0.369,Bapatla,AP
2022-06-20,6.3,35.9,25.9,5.06,0.395,Bapatla,AP
2022-06-21,4.2,34.3,27.3,4.69,0.391,Bapatla,AP
2022-06-22,0.8,34.1,27.1,4.19,0.375,Bapatla,AP
2022-06-23,0.9,34.8,28.0,5.92,0.351,Bapatla,AP
2022-06-24,0.2,35.0,28.4,4.49,0.328,Bapatla,AP
2022-06-25,1.9,34.6,27.8,4.39,0.318,Bapatla,AP
2022-06-26,2.5,35.3,27.2,4.93,0.307,Bapatla,AP
2022-06-27,2.1,31.0,25.1,2.63,0.423,Bapatla,AP
2022-06-28,13.7,33.0,24.3,3.39,0.468,Bapatla,AP
2022-06-29,34.8,31.0,24.6,2.15,0.482,Bapatla,AP
2022-06-30,1.4,34.5,26.4,5.11,0.441,Bapatla,AP
2022-07-01,0.8,34.8,25.9,5.5,0.454,Bapatla,AP
2022-07-02,6.7,34.2,24.9,5.06,0.473,Bapatla,AP
2022-07-03,1.4,33.6,25.8,3.86,0.446,Bapatla,AP
2022-07-04,2.6,31.9,24.6,3.74,0.473,Bapatla,AP
2022-07-05,6.0,32.6,25.4,4.17,0.454,Bapatla,AP
2022-07-06,10.0,31.3,24.7,3.39,0.498,Bapatla,AP
2022-07-07,6.2,32.2,25.0,3.89,0.485,Bapatla,AP
2022-07-08,36.4,27.3,24.4,1.49,0.509,Bapatla,AP
2022-07-09,8.0,30.5,24.2,3.31,0.5,Bapatla,AP
2022-07-10,17.1,28.1,23.9,2.24,0.505,Bapatla,AP
2022-07-11,6.1,30.4,24.6,3.21,0.493,Bapatla,AP
2022-07-12,6.7,30.7,23.8,3.9,0.498,Bapatla,AP
2022-07-13,1.0,31.0,25.4,4.0,0.484,Bapatla,AP
2022-07-14,0.3,32.1,25.6,5.81,0.458,Bapatla,AP
2022-07-15,0.0,32.6,27.0,5.77,0.432,Bapatla,AP
2022-07-16,0.2,34.3,27.3,5.4,0.408,Bapatla,AP
2022-07-17,15.8,29.4,25.0,2.37,0.479,Bapatla,AP
2022-07-18,9.2,31.7,25.2,3.19,0.496,Bapatla,AP
2022-07-19,0.2,33.3,25.5,5.39,0.471,Bapatla,AP
2022-07-20,5.8,33.2,27.4,5.03,0.473,Bapatla,AP
2022-07-21,6.6,33.7,25.7,4.84,0.479,Bapatla,AP
2022-07-22,0.9,30.9,25.3,2.82,0.493,Bapatla,AP
2022-07-23,8.2,30.4,23.9,3.44,0.501,Bapatla,AP
2022-07-24,6.3,32.6,24.9,4.47,0.473,Bapatla,AP
2022-07-25,0.4,32.1,24.8,4.88,0.447,Bapatla,AP
2022-07-26,17.8,29.8,23.9,3.18,0.492,Bapatla,AP
2022-07-27,2.3,31.2,23.6,4.8,0.484,Bapatla,AP
2022-07-28,1.3,31.2,25.6,5.01,0.464,Bapatla,AP
2022-07-29,2.5,31.7,26.3,4.9,0.449,Bapatla,AP
2022-07-30,9.3,31.4,25.5,4.66,0.458,Bapatla,AP
2022-07-31,1.6,32.8,26.6,5.1,0.442,Bapatla,AP
2022-08-01,12.8,32.8,24.3,4.71,0.474,Bapatla,AP
2022-08-02,22.6,32.8,24.5,4.36,0.495,Bapatla,AP
2022-08-03,12.9,31.5,24.2,4.55,0.484,Bapatla,AP
2022-08-04,2.8,31.3,25.7,4.24,0.465,Bapatla,AP
2022-08-05,17.4,30.6,25.1,3.08,0.485,Bapatla,AP
2022-08-06,4.0,32.2,25.3,4.3,0.481,Bapatla,AP
2022-08-07,20.0,30.6,24.3,2.71,0.496,Bapatla,AP
2022-08-08,13.5,29.4,24.2,2.38,0.503,Bapatla,AP
2022-08-09,7.3,31.6,24.1,3.34,0.501,Bapatla,AP
2022-08-10,0.2,32.8,26.7,5.92,0.474,Bapatla,AP
2022-08-11,0.0,33.1,27.1,5.6,0.449,Bapatla,AP
2022-08-12,0.0,33.6,27.0,5.95,0.424,Bapatla,AP
2022-08-13,0.0,33.1,27.5,5.52,0.405,Bapatla,AP
2022-08-14,4.5,31.5,25.0,3.65,0.43,Bapatla,AP
2022-08-15,0.0,32.2,26.5,4.5,0.436,Bapatla,AP
2022-08-16,7.0,32.2,24.8,4.88,0.479,Bapatla,AP
2022-08-17,1.0,32.9,26.4,5.02,0.473,Bapatla,AP
2022-08-18,0.0,33.6,26.6,4.95,0.443,Bapatla,AP
2022-08-19,14.4,32.9,25.0,3.92,0.475,Bapatla,AP
2022-08-20,0.0,33.8,26.9,5.83,0.444,Bapatla,AP
2022-08-21,0.7,33.9,26.9,5.51,0.417,Bapatla,AP
2022-08-22,0.4,34.0,27.2,6.22,0.388,Bapatla,AP
2022-08-23,0.0,34.6,27.1,5.78,0.366,Bapatla,AP
2022-08-24,3.0,33.3,25.5,4.02,0.393,Bapatla,AP
2022-08-25,15.8,33.6,23.9,5.04,0.432,Bapatla,AP
2022-08-26,8.6,33.7,23.6,4.92,0.423,Bapatla,AP
2022-08-27,14.4,34.2,24.4,4.99,0.4,Bapatla,AP
2022-08-28,14.6,33.7,24.3,4.38,0.465,Bapatla,AP
2022-08-29,16.3,31.9,24.6,4.37,0.486,Bapatla,AP
2022-08-30,16.2,30.5,24.3,4.34,0.488,Bapatla,AP
2022-08-31,5.8,29.9,25.5,3.79,0.48,Bapatla,AP
2022-09-01,1.8,30.3,25.6,4.51,0.467,Bapatla,AP
2022-09-02,2.9,30.4,25.0,4.26,0.466,Bapatla,AP
2022-09-03,0.6,31.6,26.0,5.01,0.454,Bapatla,AP
2022-09-04,1.6,32.1,26.5,4.9,0.439,Bapatla,AP
2022-09-05,4.6,32.7,24.6,5.16,0.42,Bapatla,AP
2022-09-06,2.4,32.4,24.4,4.68,0.467,Bapatla,AP
2022-09-07,14.0,29.6,25.4,2.48,0.48,Bapatla,AP
2022-09-08,28.0,27.0,24.0,1.23,0.508,Bapatla,AP
2022-09-09,34.6,27.9,23.8,1.76,0.509,Bapatla,AP
2022-09-10,15.0,29.5,24.2,2.28,0.506,Bapatla,AP
2022-09-11,1.9,29.8,24.3,2.92,0.493,Bapatla,AP
2022-09-12,0.6,31.7,26.9,4.79,0.471,Bapatla,AP
2022-09-13,0.4,32.7,27.1,5.31,0.455,Bapatla,AP
2022-09-14,0.7,32.4,27.6,4.87,0.437,Bapatla,AP
2022-09-15,0.3,32.4,26.4,4.62,0.423,Bapatla,AP
2022-09-16,0.0,33.9,26.3,5.52,0.404,Bapatla,AP
2022-09-17,0.8,33.4,26.4,5.31,0.383,Bapatla,AP
2022-09-18,0.0,33.8,26.0,5.4,0.36,Bapatla,AP
2022-09-19,0.1,31.1,26.7,3.05,0.343,Bapatla,AP
2022-09-20,0.2,32.2,25.4,5.09,0.337,Bapatla,AP
2022-09-21,0.2,34.1,25.5,5.13,0.327,Bapatla,AP
2022-09-22,1.5,33.1,25.9,4.1,0.38,Bapatla,AP
2022-09-23,0.4,33.4,24.4,5.52,0.39,Bapatla,AP
2022-09-24,0.1,32.7,22.7,5.05,0.368,Bapatla,AP
2022-09-25,0.2,33.6,24.9,5.0,0.345,Bapatla,AP
2022-09-26,11.7,31.9,24.7,4.04,0.345,Bapatla,AP
2022-09-27,3.7,32.6,23.5,4.32,0.409,Bapatla,AP
2022-09-28,28.5,32.0,24.4,3.78,0.472,Bapatla,AP
2022-09-29,14.2,30.4,23.8,2.65,0.497,Bapatla,AP
2022-09-30,26.8,29.4,23.7,2.27,0.51,Bapatla,AP
2022-10-01,13.3,29.1,24.3,1.79,0.505,Bapatla,AP
2022-10-02,3.4,33.0,23.8,4.74,0.489,Bapatla,AP
2022-10-03,0.0,32.8,25.5,4.8,0.467,Bapatla,AP
2022-10-04,3.5,32.5,25.9,4.51,0.457,Bapatla,AP
2022-10-05,18.0,28.9,24.0,2.65,0.473,Bapatla,AP
2022-10-06,31.3,28.0,23.5,2.49,0.508,Bapatla,AP
2022-10-07,2.2,30.0,24.0,4.16,0.497,Bapatla,AP
2022-10-08,24.7,29.7,23.6,2.88,0.495,Bapatla,AP
2022-10-09,33.9,27.8,23.5,1.74,0.503,Bapatla,AP
2022-10-10,7.6,29.7,23.1,3.33,0.501,Bapatla,AP
2022-10-11,11.1,29.2,23.9,3.41,0.494,Bapatla,AP
2022-10-12,1.5,29.3,24.3,3.6,0.477,Bapatla,AP
2022-10-13,8.1,30.6,23.6,3.62,0.475,Bapatla,AP
2022-10-14,4.6,30.3,23.3,3.24,0.485,Bapatla,AP
2022-10-15,24.3,29.1,23.3,2.47,0.505,Bapatla,AP
2022-10-16,10.6,29.5,23.6,3.08,0.497,Bapatla,AP
2022-10-17,4.1,30.2,23.7,3.25,0.482,Bapatla,AP
2022-10-18,6.0,30.9,24.0,3.8,0.457,Bapatla,AP
2022-10-19,14.1,30.2,23.3,2.96,0.477,Bapatla,AP
2022-10-20,10.6,30.9,22.9,3.73,0.478,Bapatla,AP
2022-10-21,1.8,30.9,23.6,4.22,0.471,Bapatla,AP
2022-10-22,0.2,31.3,22.1,4.59,0.448,Bapatla,AP
2022-10-23,0.0,30.7,21.0,5.12,0.428,Bapatla,AP
2022-10-24,0.0,30.8,21.8,5.38,0.414,Bapatla,AP
2022-10-25,0.0,31.0,19.3,5.12,0.396,Bapatla,AP
2022-10-26,0.0,31.6,19.4,4.83,0.37,Bapatla,AP
2022-10-27,0.0,31.0,21.7,4.41,0.353,Bapatla,AP
2022-10-28,0.0,30.1,22.5,3.61,0.344,Bapatla,AP
2022-10-29,0.4,30.7,23.6,4.13,0.342,Bapatla,AP
2022-10-30,0.0,30.7,20.9,4.69,0.336,Bapatla,AP
2022-10-31,2.9,30.0,20.8,3.59,0.331,Bapatla,AP
2022-11-01,21.9,26.7,22.1,1.28,0.418,Bapatla,AP
2022-11-02,2.3,29.2,22.2,2.4,0.463,Bapatla,AP
2022-11-03,17.1,27.5,23.1,1.33,0.475,Bapatla,AP
2022-11-04,2.7,30.0,23.7,3.26,0.436,Bapatla,AP
2022-11-05,1.1,30.4,23.0,3.85,0.413,Bapatla,AP
2022-11-06,0.1,30.5,22.0,4.21,0.397,Bapatla,AP
2022-11-07,0.0,30.9,20.8,4.29,0.377,Bapatla,AP
2022-11-08,0.0,31.3,20.6,4.31,0.36,Bapatla,AP
2022-11-09,0.0,31.3,21.3,4.28,0.343,Bapatla,AP
2022-11-10,0.4,30.4,22.5,4.13,0.332,Bapatla,AP
2022-11-11,0.0,30.6,22.8,4.22,0.326,Bapatla,AP
2022-11-12,4.0,29.0,24.6,3.12,0.325,Bapatla,AP
2022-11-13,0.5,29.4,23.1,3.07,0.324,Bapatla,AP
2022-11-14,0.2,31.0,22.4,4.15,0.318,Bapatla,AP
2022-11-15,0.0,31.0,21.6,4.05,0.312,Bapatla,AP
2022-11-16,0.0,30.6,20.5,4.13,0.305,Bapatla,AP
2022-11-17,0.0,30.7,18.0,4.26,0.296,Bapatla,AP
2022-11-18,0.0,30.9,18.8,4.54,0.288,Bapatla,AP
2022-11-19,0.0,29.9,19.4,4.48,0.284,Bapatla,AP
2022-11-20,0.0,29.8,18.5,4.58,0.281,Bapatla,AP
2022-11-21,19.8,26.7,20.6,2.01,0.36,Bapatla,AP
2022-11-22,8.5,27.0,21.1,1.99,0.454,Bapatla,AP
2022-11-23,0.2,30.1,23.2,3.64,0.433,Bapatla,AP
2022-11-24,1.0,30.2,22.8,3.33,0.412,Bapatla,AP
2022-11-25,2.5,29.2,23.1,3.02,0.402,Bapatla,AP
2022-11-26,1.3,29.6,22.7,3.24,0.4,Bapatla,AP
2022-11-27,1.3,29.5,22.2,3.52,0.39,Bapatla,AP
2022-11-28,0.3,29.3,21.2,3.52,0.37,Bapatla,AP
2022-11-29,0.0,29.3,19.0,3.96,0.357,Bapatla,AP
2022-11-30,0.0,29.8,18.7,3.21,0.346,Bapatla,AP
2022-12-01,0.9,29.9,21.6,3.53,0.337,Bapatla,AP
2022-12-02,0.7,30.3,23.4,2.98,0.339,Bapatla,AP
2022-12-03,0.1,30.3,23.0,3.43,0.341,Bapatla,AP
2022-12-04,1.2,31.0,23.1,3.58,0.335,Bapatla,AP
2022-12-05,0.9,30.7,22.8,3.48,0.335,Bapatla,AP
2022-12-06,0.0,31.2,21.4,3.84,0.325,Bapatla,AP
2022-12-07,0.0,30.4,19.7,3.65,0.315,Bapatla,AP
2022-12-08,0.0,29.0,18.9,3.7,0.311,Bapatla,AP
2022-12-09,21.0,26.1,21.4,2.54,0.384,Bapatla,AP
2022-12-10,41.4,26.0,21.2,1.68,0.494,Bapatla,AP
2022-12-11,6.6,27.8,22.3,2.78,0.494,Bapatla,AP
2022-12-12,12.2,28.5,22.6,2.89,0.494,Bapatla,AP
2022-12-13,3.5,28.7,23.1,2.76,0.486,Bapatla,AP
2022-12-14,0.0,29.7,21.3,3.41,0.464,Bapatla,AP
2022-12-15,0.0,27.8,20.0,3.26,0.437,Bapatla,AP
2022-12-16,0.0,30.0,20.2,3.58,0.416,Bapatla,AP
2022-12-17,0.8,28.6,20.6,2.92,0.405,Bapatla,AP
2022-12-18,1.2,28.4,22.7,3.35,0.404,Bapatla,AP
2022-12-19,0.0,28.5,19.2,3.52,0.393,Bapatla,AP
2022-12-20,0.0,28.9,19.3,3.57,0.376,Bapatla,AP
2022-12-21,0.0,29.0,19.4,3.23,0.364,Bapatla,AP
2022-12-22,0.0,29.1,20.0,3.31,0.357,Bapatla,AP
2022-12-23,0.0,29.6,18.1,3.99,0.346,Bapatla,AP
2022-12-24,0.0,29.3,18.1,3.48,0.338,Bapatla,AP
2022-12-25,2.8,28.7,21.0,2.95,0.33,Bapatla,AP
2022-12-26,2.9,28.3,22.9,2.66,0.348,Bapatla,AP
2022-12-27,1.4,29.5,22.4,3.22,0.343,Bapatla,AP
2022-12-28,0.1,29.9,22.5,3.24,0.339,Bapatla,AP
2022-12-29,0.7,29.9,22.8,3.41,0.334,Bapatla,AP
2022-12-30,0.2,30.4,22.1,3.36,0.326,Bapatla,AP
2022-12-31,0.3,29.3,21.1,3.41,0.316,Bapatla,AP
2023-01-01,0.5,29.6,21.6,3.58,0.308,Bapatla,AP
2023-01-02,0.7,28.7,21.8,3.32,0.304,Bapatla,AP
2023-01-03,1.5,28.4,21.4,3.44,0.303,Bapatla,AP
2023-01-04,2.0,28.2,20.9,3.32,0.306,Bapatla,AP
2023-01-05,0.6,28.3,21.9,3.4,0.303,Bapatla,AP
2023-01-06,0.4,30.1,21.1,3.83,0.304,Bapatla,AP
2023-01-07,0.4,30.1,20.4,3.6,0.307,Bapatla,AP
2023-01-08,0.0,28.9,19.0,3.72,0.302,Bapatla,AP
2023-01-09,0.0,29.0,17.6,3.94,0.296,Bapatla,AP
2023-01-10,0.0,29.4,16.8,3.89,0.289,Bapatla,AP
2023-01-11,0.0,29.9,17.7,3.87,0.287,Bapatla,AP
2023-01-12,0.0,28.3,18.4,3.83,0.283,Bapatla,AP
2023-01-13,0.0,28.7,19.0,3.82,0.281,Bapatla,AP
2023-01-14,0.0,28.5,18.6,3.83,0.276,Bapatla,AP
2023-01-15,0.0,29.1,18.2,4.0,0.268,Bapatla,AP
2023-01-16,0.0,28.4,19.0,4.09,0.264,Bapatla,AP
2023-01-17,0.0,28.0,19.1,3.94,0.264,Bapatla,AP
2023-01-18,0.0,28.5,19.3,4.18,0.261,Bapatla,AP
2023-01-19,0.0,29.1,19.0,3.9,0.259,Bapatla,AP
2023-01-20,0.0,29.8,19.6,3.91,0.256,Bapatla,AP
2023-01-21,0.0,31.1,20.6,4.04,0.256,Bapatla,AP
2023-01-22,0.1,30.0,19.6,4.05,0.262,Bapatla,AP
2023-01-23,0.0,30.1,19.7,4.29,0.268,Bapatla,AP
2023-01-24,0.0,28.8,20.6,4.28,0.266,Bapatla,AP
2023-01-25,0.0,29.4,19.6,4.22,0.264,Bapatla,AP
2023-01-26,0.0,30.1,19.5,4.19,0.262,Bapatla,AP
2023-01-27,0.0,30.5,18.7,4.05,0.26,Bapatla,AP
2023-01-28,0.0,32.2,18.4,4.62,0.259,Bapatla,AP
2023-01-29,0.1,31.2,19.5,4.66,0.258,Bapatla,AP
2023-01-30,0.3,31.6,21.8,4.64,0.257,Bapatla,AP
2023-01-31,0.0,32.6,20.5,4.21,0.256,Bapatla,AP
2023-02-01,0.0,33.3,20.7,4.85,0.256,Bapatla,AP
2023-02-02,0.0,33.0,20.5,5.06,0.255,Bapatla,AP
2023-02-03,0.0,32.0,21.3,4.62,0.253,Bapatla,AP
2023-02-04,0.0,33.2,20.7,4.54,0.253,Bapatla,AP
2023-02-05,0.0,31.1,20.7,4.42,0.252,Bapatla,AP
2023-02-06,0.0,30.5,20.0,4.32,0.252,Bapatla,AP
2023-02-07,0.0,30.3,21.2,4.45,0.251,Bapatla,AP
2023-02-08,0.0,30.4,21.2,4.27,0.251,Bapatla,AP
2023-02-09,0.0,31.7,20.5,4.5,0.251,Bapatla,AP
2023-02-10,0.0,33.0,21.4,4.76,0.25,Bapatla,AP
2023-02-11,0.0,31.8,21.3,4.62,0.25,Bapatla,AP
2023-02-12,0.0,33.1,21.6,4.87,0.247,Bapatla,AP
2023-02-13,0.0,35.4,20.5,5.3,0.25,Bapatla,AP
2023-02-14,0.0,33.9,21.4,4.83,0.25,Bapatla,AP
2023-02-15,0.0,33.7,20.1,4.83,0.25,Bapatla,AP
2023-02-16,0.0,32.3,20.1,4.78,0.248,Bapatla,AP
2023-02-17,0.0,30.5,20.9,4.73,0.246,Bapatla,AP
2023-02-18,0.0,30.0,21.9,4.63,0.249,Bapatla,AP
2023-02-19,0.0,30.3,21.8,4.47,0.249,Bapatla,AP
2023-02-20,0.0,31.8,21.5,4.93,0.249,Bapatla,AP
2023-02-21,0.0,33.5,21.6,5.27,0.249,Bapatla,AP
2023-02-22,0.0,32.9,21.9,5.35,0.249,Bapatla,AP
2023-02-23,0.0,31.2,22.6,5.1,0.249,Bapatla,AP
2023-02-24,0.0,30.8,21.2,4.89,0.255,Bapatla,AP
2023-02-25,0.0,32.8,21.4,5.05,0.25,Bapatla,AP
2023-02-26,0.0,31.9,21.1,5.09,0.249,Bapatla,AP
2023-02-27,0.0,30.7,20.6,4.87,0.244,Bapatla,AP
2023-02-28,0.0,32.7,21.2,5.34,0.244,Bapatla,AP
2023-03-01,0.0,32.6,21.5,5.18,0.244,Bapatla,AP
2023-03-02,0.0,32.8,20.0,5.54,0.244,Bapatla,AP
2023-03-03,0.0,34.0,19.5,5.88,0.245,Bapatla,AP
2023-03-04,0.0,33.4,19.5,5.68,0.245,Bapatla,AP
2023-03-05,0.0,34.6,20.3,5.61,0.244,Bapatla,AP
2023-03-06,0.0,34.2,21.1,5.85,0.245,Bapatla,AP
2023-03-07,0.0,33.5,20.0,5.28,0.245,Bapatla,AP
2023-03-08,0.0,32.8,20.8,5.18,0.245,Bapatla,AP
2023-03-09,0.4,32.2,20.5,4.68,0.246,Bapatla,AP
2023-03-10,0.1,32.8,21.3,4.9,0.247,Bapatla,AP
2023-03-11,0.0,33.1,22.1,5.29,0.249,Bapatla,AP
2023-03-12,0.0,32.7,21.8,4.97,0.25,Bapatla,AP
2023-03-13,0.0,34.7,21.2,5.27,0.25,Bapatla,AP
2023-03-14,0.0,34.0,20.8,5.21,0.246,Bapatla,AP
2023-03-15,0.0,32.2,24.2,5.23,0.241,Bapatla,AP
2023-03-16,1.2,31.0,25.8,4.27,0.251,Bapatla,AP
2023-03-17,22.3,27.2,21.4,2.79,0.452,Bapatla,AP
2023-03-18,52.9,27.2,20.9,2.31,0.472,Bapatla,AP
2023-03-19,45.0,28.4,20.7,3.72,0.492,Bapatla,AP
2023-03-20,2.4,28.6,21.9,4.27,0.473,Bapatla,AP
2023-03-21,3.9,30.0,24.3,4.11,0.473,Bapatla,AP
2023-03-22,2.1,30.4,23.9,4.24,0.457,Bapatla,AP
2023-03-23,2.7,30.4,26.2,4.2,0.445,Bapatla,AP
2023-03-24,0.4,31.2,26.4,4.67,0.435,Bapatla,AP
2023-03-25,1.9,30.7,26.0,4.43,0.435,Bapatla,AP
2023-03-26,3.8,30.6,26.2,4.12,0.422,Bapatla,AP
2023-03-27,1.8,31.1,26.3,4.36,0.41,Bapatla,AP
2023-03-28,1.3,32.0,26.5,4.72,0.393,Bapatla,AP
2023-03-29,0.0,31.4,26.5,5.08,0.368,Bapatla,AP
2023-03-30,0.0,31.4,25.7,5.37,0.348,Bapatla,AP
2023-03-31,0.0,32.0,26.5,5.1,0.332,Bapatla,AP
2023-04-01,2.4,31.7,27.1,4.66,0.328,Bapatla,AP
2023-04-02,2.4,30.7,26.9,4.4,0.338,Bapatla,AP
2023-04-03,8.0,31.4,26.7,4.6,0.375,Bapatla,AP
2023-04-04,0.0,32.3,27.2,5.21,0.365,Bapatla,AP
2023-04-05,0.0,32.9,27.0,5.36,0.344,Bapatla,AP
2023-04-06,0.0,32.5,25.9,5.37,0.327,Bapatla,AP
2023-04-07,0.0,32.7,25.9,5.46,0.314,Bapatla,AP
2023-04-08,0.0,33.5,24.0,5.45,0.303,Bapatla,AP
2023-04-09,0.0,34.1,24.5,5.78,0.292,Bapatla,AP
2023-04-10,0.0,34.7,22.8,5.74,0.284,Bapatla,AP
2023-04-11,0.0,35.2,22.9,6.04,0.282,Bapatla,AP
2023-04-12,0.0,36.7,24.4,6.88,0.274,Bapatla,AP
2023-04-13,0.0,37.1,24.7,6.69,0.268,Bapatla,AP
2023-04-14,0.0,37.9,25.8,6.98,0.265,Bapatla,AP
2023-04-15,0.0,40.0,25.7,6.71,0.261,Bapatla,AP
2023-04-16,0.0,37.5,27.0,6.9,0.258,Bapatla,AP
2023-04-17,0.0,36.1,25.9,6.81,0.256,Bapatla,AP
2023-04-18,0.0,35.6,26.3,6.28,0.253,Bapatla,AP
2023-04-19,0.0,35.2,26.0,6.21,0.252,Bapatla,AP
2023-04-20,0.0,34.9,26.7,5.83,0.252,Bapatla,AP
2023-04-21,0.4,35.9,27.6,5.96,0.255,Bapatla,AP
2023-04-22,1.4,32.6,27.3,3.01,0.266,Bapatla,AP
2023-04-23,14.1,32.3,26.3,4.07,0.321,Bapatla,AP
2023-04-24,6.6,31.7,25.3,4.22,0.366,Bapatla,AP
2023-04-25,2.2,32.9,27.6,5.14,0.356,Bapatla,AP
2023-04-26,0.0,33.7,25.4,5.25,0.334,Bapatla,AP
2023-04-27,0.2,33.8,27.1,5.57,0.315,Bapatla,AP
2023-04-28,0.5,34.3,27.5,5.52,0.301,Bapatla,AP
2023-04-29,5.2,33.3,27.9,4.76,0.304,Bapatla,AP
2023-04-30,5.2,31.7,26.9,4.4,0.306,Bapatla,AP
2023-05-01,26.7,28.6,24.5,2.54,0.454,Bapatla,AP
2023-05-02,6.1,30.1,23.2,3.79,0.463,Bapatla,AP
2023-05-03,3.3,30.6,24.7,4.46,0.448,Bapatla,AP
2023-05-04,1.8,31.3,24.4,4.64,0.429,Bapatla,AP
2023-05-05,2.0,30.4,26.5,3.97,0.437,Bapatla,AP
2023-05-06,8.3,32.9,26.0,4.33,0.469,Bapatla,AP
2023-05-07,0.7,33.9,27.2,5.0,0.438,Bapatla,AP
2023-05-08,0.0,34.9,27.5,5.41,0.393,Bapatla,AP
2023-05-09,20.7,34.5,27.7,4.78,0.372,Bapatla,AP
2023-05-10,0.0,35.8,27.5,5.44,0.33,Bapatla,AP
2023-05-11,0.5,37.0,27.6,5.53,0.313,Bapatla,AP
2023-05-12,0.0,40.6,28.2,5.97,0.304,Bapatla,AP
2023-05-13,0.0,42.2,24.9,7.09,0.297,Bapatla,AP
2023-05-14,0.0,43.6,26.4,8.83,0.289,Bapatla,AP
2023-05-15,0.0,42.5,26.0,8.61,0.289,Bapatla,AP
2023-05-16,0.0,42.9,27.9,8.6,0.284,Bapatla,AP
2023-05-17,0.3,40.0,27.1,6.45,0.275,Bapatla,AP
2023-05-18,0.0,34.9,29.1,5.84,0.271,Bapatla,AP
2023-05-19,0.0,35.9,29.5,5.83,0.268,Bapatla,AP
2023-05-20,0.2,36.1,29.3,5.92,0.266,Bapatla,AP
2023-05-21,0.9,35.0,29.5,5.56,0.267,Bapatla,AP
2023-05-22,16.5,32.0,25.4,3.79,0.334,Bapatla,AP
2023-05-23,0.0,36.3,28.8,6.05,0.263,Bapatla,AP
2023-05-24,0.0,37.8,29.4,5.65,0.265,Bapatla,AP
2023-05-25,6.7,37.5,29.5,5.48,0.298,Bapatla,AP
2023-05-26,0.1,39.8,29.5,6.71,0.29,Bapatla,AP
2023-05-27,0.4,41.3,29.0,6.26,0.301,Bapatla,AP
2023-05-28,0.0,40.6,28.3,6.31,0.3,Bapatla,AP
2023-05-29,25.7,36.6,28.5,4.67,0.329,Bapatla,AP
2023-05-30,21.6,35.2,26.6,3.93,0.383,Bapatla,AP
2023-05-31,0.0,34.2,25.0,5.53,0.433,Bapatla,AP
2023-06-01,0.0,37.7,29.0,5.84,0.395,Bapatla,AP
2023-06-02,0.0,40.6,28.7,6.78,0.37,Bapatla,AP
2023-06-03,0.0,42.1,29.6,7.02,0.343,Bapatla,AP
2023-06-04,0.0,39.7,29.0,7.45,0.323,Bapatla,AP
2023-06-05,0.0,40.2,29.3,7.19,0.313,Bapatla,AP
2023-06-06,0.0,41.4,29.7,7.06,0.303,Bapatla,AP
2023-06-07,0.6,41.3,28.9,8.15,0.296,Bapatla,AP
2023-06-08,0.0,41.8,31.5,8.25,0.291,Bapatla,AP
2023-06-09,0.0,43.1,30.8,8.89,0.293,Bapatla,AP
2023-06-10,0.0,42.4,32.3,9.21,0.283,Bapatla,AP
2023-06-11,0.0,41.5,29.7,7.85,0.276,Bapatla,AP
2023-06-12,0.0,41.9,31.7,7.9,0.301,Bapatla,AP
2023-06-13,0.2,41.9,30.2,7.17,0.295,Bapatla,AP
2023-06-14,0.0,42.9,31.4,9.44,0.282,Bapatla,AP
2023-06-15,0.0,42.2,32.7,9.77,0.281,Bapatla,AP
2023-06-16,0.0,42.7,31.0,8.69,0.271,Bapatla,AP
2023-06-17,0.0,43.2,32.8,8.42,0.266,Bapatla,AP
2023-06-18,1.3,40.5,29.7,7.02,0.269,Bapatla,AP
2023-06-19,1.6,38.8,27.7,6.19,0.28,Bapatla,AP
2023-06-20,4.1,36.0,27.7,4.85,0.336,Bapatla,AP
2023-06-21,10.4,37.3,26.5,4.17,0.424,Bapatla,AP
2023-06-22,15.0,35.4,26.4,4.15,0.463,Bapatla,AP
2023-06-23,2.6,34.8,26.1,3.26,0.454,Bapatla,AP
2023-06-24,8.1,32.0,25.9,2.71,0.458,Bapatla,AP
2023-06-25,0.3,34.1,27.8,4.28,0.437,Bapatla,AP
2023-06-26,7.2,33.5,25.2,4.85,0.456,Bapatla,AP
2023-06-27,0.0,35.7,26.3,6.29,0.411,Bapatla,AP
2023-06-28,0.0,36.5,28.6,5.99,0.363,Bapatla,AP
2023-06-29,0.6,36.6,26.4,6.0,0.335,Bapatla,AP
2023-06-30,0.0,37.2,28.1,7.27,0.312,Bapatla,AP
2023-07-01,12.0,38.3,26.3,6.87,0.311,Bapatla,AP
2023-07-02,7.1,38.8,26.2,5.76,0.411,Bapatla,AP
2023-07-03,10.6,35.4,26.4,4.76,0.434,Bapatla,AP
2023-07-04,4.6,33.5,25.9,3.85,0.465,Bapatla,AP
2023-07-05,18.3,33.5,25.5,3.96,0.432,Bapatla,AP
2023-07-06,4.7,32.4,26.4,4.28,0.432,Bapatla,AP
2023-07-07,0.2,34.3,27.9,5.45,0.398,Bapatla,AP
2023-07-08,0.3,35.6,28.7,5.48,0.373,Bapatla,AP
2023-07-09,2.1,35.8,27.7,6.02,0.367,Bapatla,AP
2023-07-10,5.7,33.4,25.6,4.84,0.438,Bapatla,AP
2023-07-11,1.4,34.2,27.2,4.81,0.42,Bapatla,AP
2023-07-12,3.8,29.0,25.5,2.02,0.41,Bapatla,AP
2023-07-13,1.4,33.2,26.3,4.66,0.419,Bapatla,AP
2023-07-14,1.5,35.0,26.6,5.57,0.42,Bapatla,AP
2023-07-15,2.7,35.1,25.7,5.25,0.406,Bapatla,AP
2023-07-16,6.3,33.0,24.8,3.4,0.461,Bapatla,AP
2023-07-17,0.6,34.7,24.9,5.26,0.456,Bapatla,AP
2023-07-18,9.1,31.1,25.0,3.49,0.455,Bapatla,AP
2023-07-19,15.5,30.4,24.4,2.92,0.479,Bapatla,AP
2023-07-20,3.3,31.6,24.5,4.21,0.465,Bapatla,AP
2023-07-21,10.1,30.7,24.9,3.01,0.471,Bapatla,AP
2023-07-22,6.2,32.6,25.3,4.18,0.478,Bapatla,AP
2023-07-23,18.6,30.8,25.4,3.16,0.489,Bapatla,AP
2023-07-24,25.4,27.0,24.7,1.18,0.509,Bapatla,AP
2023-07-25,52.5,27.5,24.3,1.4,0.513,Bapatla,AP
2023-07-26,34.5,26.4,24.4,1.06,0.513,Bapatla,AP
2023-07-27,17.4,32.4,24.0,5.59,0.498,Bapatla,AP
2023-07-28,0.1,33.0,26.9,5.95,0.474,Bapatla,AP
2023-07-29,0.4,33.4,28.0,6.28,0.453,Bapatla,AP
2023-07-30,0.3,33.2,27.7,5.27,0.433,Bapatla,AP
2023-07-31,0.9,32.6,27.6,3.97,0.421,Bapatla,AP
2023-08-01,5.3,32.8,27.5,4.21,0.416,Bapatla,AP
2023-08-02,0.0,34.1,28.4,6.27,0.39,Bapatla,AP
2023-08-03,0.3,34.4,28.3,6.4,0.367,Bapatla,AP
2023-08-04,0.0,35.2,27.5,6.37,0.343,Bapatla,AP
2023-08-05,0.0,34.9,28.1,6.26,0.328,Bapatla,AP
2023-08-06,2.6,35.2,27.1,6.27,0.33,Bapatla,AP
2023-08-07,0.5,35.0,27.7,6.55,0.307,Bapatla,AP
2023-08-08,0.0,36.2,27.9,6.16,0.299,Bapatla,AP
2023-08-09,0.9,35.5,27.2,5.61,0.292,Bapatla,AP
2023-08-10,4.5,34.0,25.7,4.95,0.314,Bapatla,AP
2023-08-11,8.2,34.9,26.0,4.28,0.334,Bapatla,AP
2023-08-12,4.8,33.9,26.7,3.81,0.405,Bapatla,AP
2023-08-13,0.2,35.2,27.3,5.21,0.423,Bapatla,AP
2023-08-14,2.4,32.9,27.6,4.59,0.397,Bapatla,AP
2023-08-15,0.4,34.8,27.3,5.22,0.369,Bapatla,AP
2023-08-16,7.2,35.5,25.5,5.15,0.385,Bapatla,AP
2023-08-17,10.0,34.5,27.9,3.97,0.359,Bapatla,AP
2023-08-18,0.4,32.6,25.3,3.88,0.329,Bapatla,AP
2023-08-19,0.0,34.2,25.3,5.13,0.347,Bapatla,AP
2023-08-20,1.9,34.8,25.6,5.4,0.346,Bapatla,AP
2023-08-21,4.6,34.1,25.3,4.42,0.363,Bapatla,AP
2023-08-22,1.3,33.8,27.6,4.07,0.357,Bapatla,AP
2023-08-23,9.4,34.2,27.7,4.46,0.407,Bapatla,AP
2023-08-24,0.4,36.6,26.6,4.94,0.353,Bapatla,AP
2023-08-25,0.1,35.9,26.2,4.82,0.338,Bapatla,AP
2023-08-26,9.7,35.0,26.7,3.93,0.35,Bapatla,AP
2023-08-27,6.4,34.0,25.8,3.76,0.456,Bapatla,AP
2023-08-28,10.4,32.5,27.1,3.58,0.425,Bapatla,AP
2023-08-29,0.5,36.5,25.6,5.35,0.367,Bapatla,AP
2023-08-30,0.1,36.1,26.5,5.45,0.344,Bapatla,AP
2023-08-31,0.3,36.7,26.6,5.43,0.328,Bapatla,AP
2023-09-01,0.2,36.7,27.0,5.52,0.311,Bapatla,AP
2023-09-02,14.6,35.0,26.2,4.07,0.332,Bapatla,AP
2023-09-03,3.2,34.7,24.6,3.59,0.453,Bapatla,AP
2023-09-04,26.5,32.9,24.6,3.71,0.472,Bapatla,AP
2023-09-05,12.1,29.9,25.1,2.8,0.49,Bapatla,AP
2023-09-06,6.5,32.4,24.9,3.09,0.486,Bapatla,AP
2023-09-07,0.0,34.1,27.0,5.65,0.453,Bapatla,AP
2023-09-08,0.3,33.3,26.4,5.27,0.424,Bapatla,AP
2023-09-09,1.2,35.0,27.6,5.64,0.399,Bapatla,AP
2023-09-10,10.5,32.9,26.7,3.62,0.4,Bapatla,AP
2023-09-11,33.0,29.9,25.3,2.49,0.482,Bapatla,AP
2023-09-12,14.9,31.8,25.1,3.29,0.479,Bapatla,AP
2023-09-13,0.2,33.7,25.4,4.38,0.437,Bapatla,AP
2023-09-14,1.3,33.2,24.4,4.55,0.414,Bapatla,AP
2023-09-15,0.1,34.9,27.4,5.7,0.387,Bapatla,AP
2023-09-16,3.1,35.6,26.7,5.96,0.363,Bapatla,AP
2023-09-17,0.2,36.3,25.7,5.58,0.36,Bapatla,AP
2023-09-18,0.5,36.3,26.2,4.64,0.394,Bapatla,AP
2023-09-19,0.6,35.8,24.9,4.1,0.403,Bapatla,AP
2023-09-20,3.7,35.8,26.0,4.1,0.391,Bapatla,AP
2023-09-21,0.7,34.3,25.7,3.55,0.366,Bapatla,AP
2023-09-22,9.8,32.2,24.4,3.36,0.42,Bapatla,AP
2023-09-23,4.9,32.6,26.4,4.23,0.412,Bapatla,AP
2023-09-24,8.1,34.9,25.3,4.25,0.446,Bapatla,AP
2023-09-25,8.5,33.0,24.6,3.87,0.462,Bapatla,AP
2023-09-26,7.2,32.7,25.4,4.51,0.446,Bapatla,AP
2023-09-27,20.9,34.2,24.7,4.55,0.486,Bapatla,AP
2023-09-28,5.4,34.1,24.7,4.31,0.472,Bapatla,AP
2023-09-29,2.7,33.4,24.7,4.37,0.488,Bapatla,AP
2023-09-30,0.6,34.0,25.3,4.83,0.478,Bapatla,AP
2023-10-01,1.5,33.3,26.3,4.27,0.474,Bapatla,AP
2023-10-02,0.0,32.6,26.5,4.39,0.468,Bapatla,AP
2023-10-03,1.5,34.7,26.2,4.84,0.44,Bapatla,AP
2023-10-04,0.5,35.9,25.9,5.71,0.412,Bapatla,AP
2023-10-05,0.0,35.9,25.0,5.72,0.383,Bapatla,AP
2023-10-06,0.0,36.0,23.7,5.5,0.357,Bapatla,AP
2023-10-07,0.0,35.4,24.8,4.85,0.342,Bapatla,AP
2023-10-08,3.3,33.1,25.4,4.77,0.344,Bapatla,AP
2023-10-09,5.1,33.2,26.6,4.39,0.359,Bapatla,AP
2023-10-10,2.2,33.8,24.9,4.5,0.346,Bapatla,AP
2023-10-11,3.8,34.3,24.0,4.46,0.342,Bapatla,AP
2023-10-12,2.4,33.3,25.3,4.44,0.318,Bapatla,AP
2023-10-13,3.7,33.0,24.7,4.41,0.314,Bapatla,AP
2023-10-14,1.6,33.3,24.9,4.4,0.307,Bapatla,AP
2023-10-15,2.8,32.6,25.3,4.13,0.328,Bapatla,AP
2023-10-16,2.5,32.3,25.3,4.42,0.375,Bapatla,AP
2023-10-17,2.3,32.5,24.4,4.29,0.351,Bapatla,AP
2023-10-18,0.9,34.7,24.6,4.66,0.332,Bapatla,AP
2023-10-19,0.5,34.1,24.8,4.39,0.318,Bapatla,AP
2023-10-20,1.7,33.5,24.9,4.47,0.311,Bapatla,AP
2023-10-21,0.4,35.4,24.7,5.14,0.307,Bapatla,AP
2023-10-22,0.0,36.0,23.9,5.88,0.299,Bapatla,AP
2023-10-23,0.0,35.0,22.0,5.91,0.291,Bapatla,AP
2023-10-24,0.0,35.5,22.6,5.27,0.289,Bapatla,AP
2023-10-25,0.0,35.7,23.4,5.3,0.282,Bapatla,AP
2023-10-26,0.0,35.5,22.9,5.19,0.275,Bapatla,AP
2023-10-27,12.5,32.2,24.0,3.8,0.339,Bapatla,AP
2023-10-28,5.1,30.6,24.7,3.68,0.316,Bapatla,AP
2023-10-29,3.0,32.2,23.1,4.11,0.325,Bapatla,AP
2023-10-30,2.3,31.6,23.9,3.6,0.326,Bapatla,AP
2023-10-31,0.0,33.4,23.4,4.88,0.322,Bapatla,AP
2023-11-01,0.2,34.2,22.9,4.8,0.31,Bapatla,AP
2023-11-02,11.8,31.2,23.8,3.33,0.332,Bapatla,AP
2023-11-03,11.8,30.2,23.9,3.38,0.41,Bapatla,AP
2023-11-04,12.3,29.6,23.2,2.93,0.425,Bapatla,AP
2023-11-05,9.3,30.2,23.5,2.95,0.471,Bapatla,AP
2023-11-06,28.1,28.1,23.7,2.12,0.495,Bapatla,AP
2023-11-07,28.7,28.8,23.2,2.41,0.495,Bapatla,AP
2023-11-08,26.5,28.6,23.0,2.29,0.507,Bapatla,AP
2023-11-09,2.3,31.0,23.8,3.13,0.488,Bapatla,AP
2023-11-10,0.0,31.3,22.7,4.29,0.454,Bapatla,AP
2023-11-11,0.0,31.5,21.7,4.29,0.429,Bapatla,AP
2023-11-12,0.1,31.6,22.0,4.23,0.407,Bapatla,AP
2023-11-13,0.0,32.0,22.0,4.39,0.393,Bapatla,AP
2023-11-14,0.0,30.4,23.2,3.28,0.384,Bapatla,AP
2023-11-15,0.0,30.3,23.6,3.01,0.373,Bapatla,AP
2023-11-16,0.0,32.6,21.7,4.28,0.359,Bapatla,AP
2023-11-17,0.3,31.2,22.6,3.94,0.35,Bapatla,AP
2023-11-18,0.0,32.1,22.8,4.17,0.341,Bapatla,AP
2023-11-19,0.2,31.2,22.9,4.09,0.331,Bapatla,AP
2023-11-20,11.8,32.2,22.9,3.73,0.339,Bapatla,AP
2023-11-21,17.0,29.4,23.7,2.78,0.392,Bapatla,AP
2023-11-22,15.5,28.0,23.6,2.62,0.427,Bapatla,AP
2023-11-23,9.6,28.5,23.3,2.41,0.459,Bapatla,AP
2023-11-24,2.9,29.2,23.2,2.92,0.461,Bapatla,AP
2023-11-25,0.2,30.8,22.4,4.05,0.437,Bapatla,AP
2023-11-26,0.4,30.6,22.9,3.93,0.411,Bapatla,AP
2023-11-27,0.1,30.6,23.9,4.11,0.387,Bapatla,AP
2023-11-28,0.2,30.9,23.2,4.01,0.37,Bapatla,AP
2023-11-29,3.6,30.8,22.3,3.5,0.368,Bapatla,AP
2023-11-30,0.1,31.2,22.3,4.0,0.378,Bapatla,AP
2023-12-01,0.0,31.4,22.1,3.62,0.358,Bapatla,AP
2023-12-02,1.4,31.2,22.7,3.92,0.349,Bapatla,AP
2023-12-03,3.4,29.7,25.0,3.46,0.353,Bapatla,AP
2023-12-04,94.8,26.0,23.7,1.09,0.46,Bapatla,AP
2023-12-05,94.0,24.7,22.6,0.71,0.512,Bapatla,AP
2023-12-06,5.4,28.8,22.7,2.75,0.498,Bapatla,AP
2023-12-07,0.6,29.7,21.9,3.42,0.481,Bapatla,AP
2023-12-08,0.0,29.7,21.2,3.52,0.462,Bapatla,AP
2023-12-09,0.0,29.7,21.6,3.11,0.449,Bapatla,AP
2023-12-10,0.2,29.2,21.9,3.38,0.436,Bapatla,AP
2023-12-11,0.0,28.8,20.8,3.7,0.422,Bapatla,AP
2023-12-12,1.5,27.1,20.0,3.19,0.41,Bapatla,AP
2023-12-13,0.1,28.5,20.2,3.57,0.4,Bapatla,AP
2023-12-14,0.0,28.3,19.7,3.72,0.386,Bapatla,AP
2023-12-15,0.0,27.6,19.9,2.37,0.372,Bapatla,AP
2023-12-16,0.0,28.0,21.5,2.26,0.363,Bapatla,AP
2023-12-17,0.1,28.1,21.5,2.99,0.352,Bapatla,AP
2023-12-18,0.0,29.1,20.9,3.33,0.342,Bapatla,AP
2023-12-19,0.0,28.5,19.7,3.18,0.333,Bapatla,AP
2023-12-20,0.0,28.4,19.5,3.19,0.331,Bapatla,AP
2023-12-21,0.0,28.7,19.5,3.63,0.333,Bapatla,AP
2023-12-22,0.0,28.4,18.5,3.48,0.324,Bapatla,AP
2023-12-23,0.4,27.9,20.6,3.24,0.316,Bapatla,AP
2023-12-24,0.0,29.3,19.1,3.68,0.311,Bapatla,AP
2023-12-25,0.0,29.9,19.6,3.52,0.309,Bapatla,AP
2023-12-26,0.1,29.4,19.6,3.46,0.306,Bapatla,AP
2023-12-27,0.0,29.7,20.0,3.53,0.303,Bapatla,AP
2023-12-28,0.0,29.7,20.0,3.81,0.302,Bapatla,AP
2023-12-29,0.0,29.4,18.7,3.68,0.294,Bapatla,AP
2023-12-30,0.0,29.1,18.5,3.52,0.291,Bapatla,AP
2023-12-31,0.1,28.4,18.5,3.43,0.29,Bapatla,AP
2024-01-01,0.0,28.1,19.5,3.5,0.293,Bapatla,AP
2024-01-02,0.3,28.3,19.3,3.53,0.296,Bapatla,AP
2024-01-03,0.3,28.2,20.8,3.74,0.296,Bapatla,AP
2024-01-04,0.0,29.3,21.7,3.95,0.295,Bapatla,AP
2024-01-05,0.0,29.0,20.6,4.06,0.294,Bapatla,AP
2024-01-06,0.0,29.4,19.5,3.97,0.297,Bapatla,AP
2024-01-07,0.0,29.1,19.5,3.48,0.291,Bapatla,AP
2024-01-08,0.0,29.3,22.0,2.7,0.295,Bapatla,AP
2024-01-09,0.0,29.6,21.4,3.69,0.316,Bapatla,AP
2024-01-10,0.0,29.3,19.4,3.65,0.312,Bapatla,AP
2024-01-11,0.0,30.6,21.7,3.74,0.307,Bapatla,AP
2024-01-12,1.1,29.0,20.5,3.3,0.305,Bapatla,AP
2024-01-13,0.3,29.3,20.8,3.42,0.308,Bapatla,AP
2024-01-14,0.6,29.0,22.1,3.39,0.297,Bapatla,AP
2024-01-15,0.8,28.5,22.3,3.49,0.295,Bapatla,AP
2024-01-16,0.1,28.4,21.8,3.62,0.296,Bapatla,AP
2024-01-17,0.6,28.2,20.9,3.96,0.297,Bapatla,AP
2024-01-18,0.0,28.2,20.0,4.0,0.288,Bapatla,AP
2024-01-19,0.0,29.0,20.1,3.84,0.283,Bapatla,AP
2024-01-20,0.1,28.7,21.4,3.74,0.281,Bapatla,AP
2024-01-21,0.0,28.7,22.8,3.89,0.279,Bapatla,AP
2024-01-22,0.0,28.6,22.7,3.8,0.274,Bapatla,AP
2024-01-23,1.0,28.8,23.2,3.81,0.278,Bapatla,AP
2024-01-24,0.9,29.0,23.7,3.8,0.284,Bapatla,AP
2024-01-25,1.0,29.4,21.5,3.71,0.295,Bapatla,AP
2024-01-26,0.9,29.6,22.5,3.62,0.299,Bapatla,AP
2024-01-27,0.9,30.4,21.4,3.79,0.301,Bapatla,AP
2024-01-28,0.1,30.1,21.3,4.08,0.295,Bapatla,AP
2024-01-29,0.0,30.3,20.0,4.17,0.29,Bapatla,AP
2024-01-30,0.0,29.1,18.5,4.23,0.289,Bapatla,AP
2024-01-31,0.0,29.2,19.2,4.07,0.286,Bapatla,AP
2024-02-01,0.2,29.8,22.6,4.01,0.28,Bapatla,AP
2024-02-02,4.2,29.7,23.9,3.81,0.299,Bapatla,AP
2024-02-03,1.6,29.6,22.7,3.54,0.298,Bapatla,AP
2024-02-04,0.2,29.5,21.5,3.74,0.305,Bapatla,AP
2024-02-05,0.3,30.3,21.9,4.07,0.301,Bapatla,AP
2024-02-06,0.0,31.1,23.4,4.34,0.291,Bapatla,AP
2024-02-07,0.0,32.4,22.2,4.52,0.286,Bapatla,AP
2024-02-08,0.0,32.8,22.6,4.63,0.283,Bapatla,AP
2024-02-09,1.1,30.7,23.4,4.02,0.282,Bapatla,AP
2024-02-10,0.5,30.6,24.3,4.42,0.276,Bapatla,AP
2024-02-11,0.0,30.1,22.2,4.64,0.277,Bapatla,AP
2024-02-12,0.0,30.2,19.7,4.61,0.268,Bapatla,AP
2024-02-13,0.0,30.8,21.3,4.67,0.264,Bapatla,AP
2024-02-14,0.0,31.6,21.1,4.62,0.261,Bapatla,AP
2024-02-15,0.0,31.1,20.5,4.8,0.258,Bapatla,AP
2024-02-16,0.0,32.4,19.8,4.83,0.258,Bapatla,AP
2024-02-17,0.0,32.2,19.3,4.61,0.256,Bapatla,AP
2024-02-18,0.0,31.1,21.5,4.63,0.255,Bapatla,AP
2024-02-19,0.0,31.3,23.6,4.85,0.254,Bapatla,AP
2024-02-20,0.0,31.1,24.3,4.75,0.253,Bapatla,AP
2024-02-21,0.0,32.3,24.8,5.24,0.252,Bapatla,AP
2024-02-22,0.0,31.5,25.3,4.91,0.251,Bapatla,AP
2024-02-23,2.2,31.9,26.4,4.6,0.259,Bapatla,AP
2024-02-24,2.8,30.9,23.9,4.42,0.312,Bapatla,AP
2024-02-25,0.0,30.3,26.1,4.84,0.333,Bapatla,AP
2024-02-26,0.6,31.4,23.6,5.09,0.325,Bapatla,AP
2024-02-27,0.0,32.4,22.1,5.02,0.315,Bapatla,AP
2024-02-28,0.0,32.3,22.1,4.75,0.3,Bapatla,AP
2024-02-29,0.0,33.7,22.6,4.97,0.294,Bapatla,AP
2024-03-01,0.7,32.4,23.4,4.67,0.29,Bapatla,AP
2024-03-02,0.0,32.2,23.9,5.05,0.283,Bapatla,AP
2024-03-03,0.0,32.6,24.9,5.23,0.285,Bapatla,AP
2024-03-04,0.0,31.1,24.2,5.25,0.278,Bapatla,AP
2024-03-05,0.0,32.1,23.7,5.0,0.275,Bapatla,AP
2024-03-06,0.0,32.6,24.4,5.05,0.266,Bapatla,AP
2024-03-07,0.0,33.8,24.7,5.5,0.266,Bapatla,AP
2024-03-08,0.0,32.5,25.6,4.73,0.262,Bapatla,AP
2024-03-09,0.4,33.3,25.8,4.92,0.265,Bapatla,AP
2024-03-10,1.1,32.3,25.9,5.15,0.27,Bapatla,AP
2024-03-11,0.1,31.8,24.6,5.03,0.266,Bapatla,AP
2024-03-12,0.0,33.2,26.0,5.52,0.263,Bapatla,AP
2024-03-13,0.0,32.9,26.6,5.24,0.259,Bapatla,AP
2024-03-14,0.0,33.7,26.4,5.43,0.258,Bapatla,AP
2024-03-15,0.0,32.4,25.8,5.24,0.256,Bapatla,AP
2024-03-16,0.0,32.7,26.4,5.55,0.254,Bapatla,AP
2024-03-17,0.0,32.5,26.1,5.46,0.253,Bapatla,AP
2024-03-18,0.0,33.6,25.4,5.49,0.248,Bapatla,AP
2024-03-19,0.0,33.7,25.6,5.42,0.251,Bapatla,AP
2024-03-20,2.2,33.0,25.6,5.05,0.254,Bapatla,AP
2024-03-21,0.1,31.8,23.1,5.4,0.251,Bapatla,AP
2024-03-22,0.0,32.5,25.5,5.63,0.252,Bapatla,AP
2024-03-23,0.0,32.7,26.3,5.46,0.248,Bapatla,AP
2024-03-24,0.0,32.9,26.7,5.66,0.253,Bapatla,AP
2024-03-25,0.0,33.2,25.7,5.53,0.248,Bapatla,AP
2024-03-26,0.0,32.3,25.2,5.51,0.244,Bapatla,AP
2024-03-27,0.0,32.5,25.7,5.57,0.243,Bapatla,AP
2024-03-28,0.0,33.4,25.8,5.58,0.243,Bapatla,AP
2024-03-29,0.0,33.9,26.6,5.7,0.243,Bapatla,AP
2024-03-30,0.0,34.5,26.3,5.87,0.243,Bapatla,AP
2024-03-31,0.0,34.0,26.1,5.83,0.24,Bapatla,AP
2024-04-01,0.0,34.0,26.3,5.74,0.243,Bapatla,AP
2024-04-02,0.0,34.4,26.9,5.81,0.243,Bapatla,AP
2024-04-03,0.0,33.9,27.1,5.81,0.247,Bapatla,AP
2024-04-04,0.0,34.1,27.0,5.72,0.244,Bapatla,AP
2024-04-05,0.0,35.0,26.9,5.84,0.248,Bapatla,AP
2024-04-06,0.0,36.2,26.5,6.6,0.248,Bapatla,AP
2024-04-07,0.0,36.3,28.3,7.29,0.247,Bapatla,AP
2024-04-08,0.1,35.0,27.5,6.26,0.247,Bapatla,AP
2024-04-09,0.2,34.4,27.6,5.96,0.25,Bapatla,AP
2024-04-10,0.0,34.8,24.9,6.09,0.258,Bapatla,AP
2024-04-11,0.2,34.7,25.7,6.04,0.263,Bapatla,AP
2024-04-12,0.3,34.7,27.7,5.65,0.26,Bapatla,AP
2024-04-13,0.0,34.8,27.0,6.07,0.254,Bapatla,AP
2024-04-14,0.0,34.7,26.9,5.76,0.249,Bapatla,AP
2024-04-15,0.0,35.7,25.2,6.19,0.251,Bapatla,AP
2024-04-16,0.0,36.6,26.8,7.07,0.25,Bapatla,AP
2024-04-17,0.0,37.1,26.8,6.55,0.251,Bapatla,AP
2024-04-18,0.0,36.6,26.8,6.43,0.25,Bapatla,AP
2024-04-19,0.0,35.7,28.2,5.95,0.249,Bapatla,AP
2024-04-20,0.0,35.7,28.7,5.8,0.245,Bapatla,AP
2024-04-21,0.0,35.6,28.1,5.93,0.244,Bapatla,AP
2024-04-22,0.0,35.5,27.8,6.09,0.248,Bapatla,AP
2024-04-23,0.1,35.5,26.1,5.93,0.248,Bapatla,AP
2024-04-24,0.0,36.1,27.1,6.26,0.25,Bapatla,AP
2024-04-25,0.0,35.5,27.2,6.07,0.253,Bapatla,AP
2024-04-26,0.0,35.2,27.8,5.93,0.251,Bapatla,AP
2024-04-27,0.0,35.5,27.9,5.89,0.256,Bapatla,AP
2024-04-28,0.0,36.0,27.8,6.11,0.248,Bapatla,AP
2024-04-29,0.0,35.8,28.1,6.03,0.249,Bapatla,AP
2024-04-30,0.0,35.5,27.9,6.39,0.244,Bapatla,AP
2024-05-01,0.0,37.4,29.1,6.44,0.245,Bapatla,AP
2024-05-02,0.0,37.8,29.8,6.46,0.246,Bapatla,AP
2024-05-03,0.0,37.6,30.2,6.58,0.248,Bapatla,AP
2024-05-04,0.0,37.1,29.9,6.41,0.251,Bapatla,AP
2024-05-05,0.0,36.7,30.0,6.42,0.259,Bapatla,AP
2024-05-06,0.0,37.1,30.2,6.4,0.256,Bapatla,AP
2024-05-07,36.1,32.8,26.9,2.88,0.412,Bapatla,AP
2024-05-08,0.5,33.1,26.6,5.51,0.408,Bapatla,AP
2024-05-09,4.8,32.3,28.8,4.3,0.415,Bapatla,AP
2024-05-10,7.3,32.1,25.0,4.5,0.437,Bapatla,AP
2024-05-11,1.4,33.0,28.8,5.26,0.389,Bapatla,AP
2024-05-12,0.3,34.6,29.1,5.71,0.371,Bapatla,AP
2024-05-13,3.2,33.4,26.7,4.8,0.386,Bapatla,AP
2024-05-14,1.9,32.9,27.4,4.31,0.371,Bapatla,AP
2024-05-15,6.5,35.5,27.1,5.15,0.379,Bapatla,AP
2024-05-16,46.3,30.3,25.6,2.48,0.452,Bapatla,AP
2024-05-17,26.0,31.0,24.4,3.55,0.484,Bapatla,AP
2024-05-18,12.4,31.0,24.5,3.25,0.467,Bapatla,AP
2024-05-19,51.3,33.2,26.0,4.74,0.45,Bapatla,AP
2024-05-20,14.5,32.5,25.7,4.16,0.449,Bapatla,AP
2024-05-21,4.0,32.8,26.2,3.43,0.413,Bapatla,AP
2024-05-22,2.5,33.3,27.8,4.73,0.356,Bapatla,AP
2024-05-23,3.5,34.3,27.6,5.05,0.339,Bapatla,AP
2024-05-24,0.9,37.1,29.1,4.63,0.334,Bapatla,AP
2024-05-25,16.6,35.0,28.0,2.95,0.406,Bapatla,AP
2024-05-26,0.0,41.2,30.2,6.32,0.325,Bapatla,AP
2024-05-27,0.0,42.1,31.3,8.24,0.311,Bapatla,AP
2024-05-28,0.0,41.9,31.8,8.23,0.306,Bapatla,AP
2024-05-29,0.0,42.0,31.5,8.27,0.299,Bapatla,AP
2024-05-30,0.0,42.9,31.7,7.51,0.294,Bapatla,AP
2024-05-31,0.0,44.8,30.3,7.39,0.289,Bapatla,AP
2024-06-01,0.0,36.6,30.7,5.83,0.284,Bapatla,AP
2024-06-02,28.5,32.9,27.7,2.97,0.385,Bapatla,AP
2024-06-03,16.5,33.5,26.4,2.2,0.396,Bapatla,AP
2024-06-04,26.2,33.8,27.6,4.19,0.345,Bapatla,AP
2024-06-05,34.3,34.5,26.8,3.44,0.483,Bapatla,AP
2024-06-06,11.1,31.6,26.5,3.08,0.439,Bapatla,AP
2024-06-07,51.9,31.6,25.4,3.4,0.48,Bapatla,AP
2024-06-08,7.4,33.0,26.0,3.62,0.453,Bapatla,AP
2024-06-09,3.0,32.9,26.1,4.26,0.435,Bapatla,AP
2024-06-10,5.1,32.5,26.3,4.32,0.428,Bapatla,AP
2024-06-11,3.9,33.9,27.1,4.77,0.423,Bapatla,AP
2024-06-12,3.8,34.8,26.5,4.96,0.395,Bapatla,AP
2024-06-13,5.4,35.4,25.7,5.41,0.4,Bapatla,AP
2024-06-14,4.3,35.2,26.2,5.38,0.433,Bapatla,AP
2024-06-15,1.1,36.7,27.3,5.6,0.398,Bapatla,AP
2024-06-16,1.9,36.8,26.3,5.14,0.352,Bapatla,AP
2024-06-17,0.7,36.4,27.8,5.34,0.326,Bapatla,AP
2024-06-18,0.0,38.5,28.0,6.09,0.301,Bapatla,AP
2024-06-19,0.4,37.6,26.5,5.49,0.291,Bapatla,AP
2024-06-20,0.0,38.9,29.6,6.84,0.284,Bapatla,AP
2024-06-21,3.8,38.0,28.8,5.44,0.284,Bapatla,AP
2024-06-22,0.3,36.4,28.4,4.79,0.28,Bapatla,AP
2024-06-23,0.5,37.1,27.2,5.7,0.281,Bapatla,AP
2024-06-24,0.5,37.8,28.2,6.38,0.28,Bapatla,AP
2024-06-25,21.0,37.7,26.1,5.72,0.289,Bapatla,AP
2024-06-26,9.6,35.6,26.5,4.09,0.459,Bapatla,AP
2024-06-27,34.6,27.9,25.7,1.2,0.504,Bapatla,AP
2024-06-28,0.7,34.6,25.7,4.36,0.461,Bapatla,AP
2024-06-29,0.0,34.7,27.4,4.93,0.424,Bapatla,AP
2024-06-30,1.4,31.7,28.3,3.43,0.444,Bapatla,AP
2024-07-01,13.1,33.1,25.8,3.94,0.491,Bapatla,AP
2024-07-02,0.0,34.7,27.3,5.2,0.458,Bapatla,AP
2024-07-03,1.0,35.3,26.9,5.08,0.426,Bapatla,AP
2024-07-04,2.1,35.4,27.4,5.33,0.398,Bapatla,AP
2024-07-05,1.5,35.2,28.0,5.7,0.374,Bapatla,AP
2024-07-06,19.5,30.9,25.3,2.89,0.473,Bapatla,AP
2024-07-07,15.1,29.1,24.4,1.54,0.486,Bapatla,AP
2024-07-08,9.7,32.9,25.9,4.13,0.47,Bapatla,AP
2024-07-09,18.1,30.6,25.2,2.68,0.486,Bapatla,AP
2024-07-10,0.4,34.1,26.8,4.82,0.453,Bapatla,AP
2024-07-11,0.9,33.6,26.9,3.99,0.423,Bapatla,AP
2024-07-12,2.9,34.3,27.4,4.49,0.412,Bapatla,AP
2024-07-13,31.3,28.6,25.2,1.72,0.491,Bapatla,AP
2024-07-14,18.7,27.7,25.3,1.93,0.51,Bapatla,AP
2024-07-15,21.6,27.5,25.1,1.55,0.51,Bapatla,AP
2024-07-16,11.5,32.7,25.1,3.28,0.502,Bapatla,AP
2024-07-17,7.2,32.1,24.9,3.47,0.494,Bapatla,AP
2024-07-18,22.6,29.0,25.3,1.7,0.503,Bapatla,AP
2024-07-19,38.0,26.4,24.3,1.08,0.511,Bapatla,AP
2024-07-20,29.2,26.9,24.1,1.28,0.509,Bapatla,AP
2024-07-21,9.2,31.0,25.1,2.65,0.503,Bapatla,AP
2024-07-22,9.2,32.1,24.6,3.52,0.502,Bapatla,AP
2024-07-23,0.4,32.5,27.1,4.64,0.469,Bapatla,AP
2024-07-24,0.5,31.0,26.7,3.57,0.445,Bapatla,AP
2024-07-25,1.2,33.1,26.4,5.08,0.424,Bapatla,AP
2024-07-26,1.6,32.6,25.7,4.31,0.408,Bapatla,AP
2024-07-27,2.0,31.4,25.9,4.07,0.395,Bapatla,AP
2024-07-28,3.1,34.1,26.4,5.53,0.381,Bapatla,AP
2024-07-29,1.2,34.9,26.8,6.18,0.371,Bapatla,AP
2024-07-30,13.1,34.3,25.6,5.45,0.439,Bapatla,AP
2024-07-31,3.1,33.4,26.5,4.3,0.41,Bapatla,AP
2024-08-01,0.5,32.6,27.1,3.95,0.435,Bapatla,AP
2024-08-02,0.8,32.9,26.8,3.99,0.434,Bapatla,AP
2024-08-03,1.8,33.5,27.4,4.99,0.404,Bapatla,AP
2024-08-04,0.5,35.1,26.8,5.98,0.381,Bapatla,AP
2024-08-05,7.2,33.5,26.8,5.3,0.369,Bapatla,AP
2024-08-06,2.1,30.6,26.4,2.49,0.364,Bapatla,AP
2024-08-07,5.4,29.3,25.0,2.52,0.433,Bapatla,AP
2024-08-08,1.2,32.8,25.5,4.5,0.436,Bapatla,AP
2024-08-09,0.7,34.5,25.8,5.43,0.399,Bapatla,AP
2024-08-10,2.2,34.7,25.8,5.26,0.382,Bapatla,AP
2024-08-11,0.1,35.2,26.3,5.23,0.364,Bapatla,AP
2024-08-12,7.3,34.6,26.1,5.12,0.364,Bapatla,AP
2024-08-13,1.9,34.2,25.5,5.38,0.342,Bapatla,AP
2024-08-14,0.4,33.2,27.5,5.35,0.325,Bapatla,AP
2024-08-15,1.0,32.8,26.8,5.08,0.316,Bapatla,AP
2024-08-16,1.4,33.0,27.9,5.09,0.311,Bapatla,AP
2024-08-17,0.5,33.4,27.5,5.62,0.296,Bapatla,AP
2024-08-18,2.1,34.2,27.6,5.32,0.289,Bapatla,AP
2024-08-19,5.8,34.1,25.8,4.69,0.299,Bapatla,AP
2024-08-20,0.7,34.9,26.7,5.54,0.289,Bapatla,AP
2024-08-21,0.4,32.8,28.2,5.72,0.285,Bapatla,AP
2024-08-22,6.2,32.7,28.3,3.41,0.303,Bapatla,AP
2024-08-23,2.2,32.7,27.2,3.27,0.33,Bapatla,AP
2024-08-24,3.1,33.2,27.4,3.13,0.365,Bapatla,AP
2024-08-25,0.3,34.9,26.0,6.05,0.407,Bapatla,AP
2024-08-26,0.2,35.4,27.8,6.28,0.371,Bapatla,AP
2024-08-27,0.1,36.2,28.1,5.81,0.343,Bapatla,AP
2024-08-28,0.2,34.2,27.7,4.36,0.328,Bapatla,AP
2024-08-29,1.3,32.8,27.0,3.35,0.33,Bapatla,AP
2024-08-30,46.6,27.8,24.6,0.92,0.446,Bapatla,AP
2024-08-31,131.9,24.9,23.8,0.71,0.514,Bapatla,AP
2024-09-01,57.5,29.6,24.1,3.39,0.503,Bapatla,AP
2024-09-02,0.8,30.9,25.6,4.41,0.48,Bapatla,AP
2024-09-03,9.3,31.2,25.5,3.55,0.479,Bapatla,AP
2024-09-04,9.0,29.8,24.7,2.46,0.49,Bapatla,AP
2024-09-05,7.4,31.3,24.5,2.8,0.497,Bapatla,AP
2024-09-06,8.2,32.1,26.4,4.02,0.484,Bapatla,AP
2024-09-07,7.1,30.5,25.8,3.19,0.496,Bapatla,AP
2024-09-08,21.0,27.7,24.6,1.47,0.507,Bapatla,AP
2024-09-09,13.8,29.4,24.4,3.17,0.506,Bapatla,AP
2024-09-10,0.2,32.8,26.1,5.47,0.473,Bapatla,AP
2024-09-11,0.0,33.4,26.4,5.76,0.446,Bapatla,AP
2024-09-12,0.0,33.2,25.7,5.52,0.426,Bapatla,AP
2024-09-13,0.0,33.0,24.9,5.65,0.404,Bapatla,AP
2024-09-14,0.1,33.2,25.2,5.84,0.383,Bapatla,AP
2024-09-15,0.0,33.9,25.3,6.05,0.367,Bapatla,AP
2024-09-16,0.1,33.1,26.1,5.72,0.35,Bapatla,AP
2024-09-17,0.0,34.5,25.9,6.13,0.333,Bapatla,AP
2024-09-18,1.2,34.2,24.5,5.53,0.32,Bapatla,AP
2024-09-19,0.9,33.1,25.0,4.9,0.301,Bapatla,AP
2024-09-20,10.0,33.6,25.5,4.37,0.313,Bapatla,AP
2024-09-21,22.7,30.0,24.6,2.2,0.471,Bapatla,AP
2024-09-22,3.5,32.9,24.5,4.02,0.431,Bapatla,AP
2024-09-23,24.0,32.1,24.7,3.38,0.463,Bapatla,AP
2024-09-24,14.8,30.1,24.7,2.4,0.502,Bapatla,AP
2024-09-25,8.8,31.9,24.2,3.63,0.49,Bapatla,AP
2024-09-26,0.2,31.3,26.5,3.79,0.471,Bapatla,AP
2024-09-27,18.7,31.4,24.9,3.56,0.488,Bapatla,AP
2024-09-28,0.6,31.1,25.7,4.73,0.465,Bapatla,AP
2024-09-29,0.1,31.0,25.8,4.62,0.447,Bapatla,AP
2024-09-30,0.4,31.1,25.9,4.73,0.429,Bapatla,AP
2024-10-01,0.0,31.4,26.1,4.81,0.408,Bapatla,AP
2024-10-02,0.0,32.1,25.7,4.66,0.386,Bapatla,AP
2024-10-03,8.1,35.2,26.1,5.17,0.383,Bapatla,AP
2024-10-04,0.0,34.8,25.9,4.88,0.349,Bapatla,AP
2024-10-05,0.0,35.3,26.2,4.9,0.336,Bapatla,AP
2024-10-06,1.3,33.6,25.5,4.59,0.325,Bapatla,AP
2024-10-07,1.2,32.3,25.0,4.51,0.323,Bapatla,AP
2024-10-08,6.6,31.1,25.0,4.0,0.344,Bapatla,AP
2024-10-09,11.6,30.0,24.7,3.81,0.41,Bapatla,AP
2024-10-10,10.1,30.9,24.2,3.58,0.45,Bapatla,AP
2024-10-11,3.1,30.2,23.9,3.7,0.473,Bapatla,AP
2024-10-12,10.4,30.4,24.8,3.71,0.478,Bapatla,AP
2024-10-13,2.1,31.3,24.2,4.03,0.449,Bapatla,AP
2024-10-14,42.9,28.1,24.1,1.66,0.489,Bapatla,AP
2024-10-15,25.8,29.6,24.6,2.27,0.504,Bapatla,AP
2024-10-16,22.9,28.7,23.9,1.83,0.504,Bapatla,AP
2024-10-17,4.2,30.1,24.8,3.47,0.494,Bapatla,AP
2024-10-18,7.8,29.4,24.1,3.08,0.495,Bapatla,AP
2024-10-19,11.0,29.2,23.8,2.46,0.502,Bapatla,AP
2024-10-20,9.2,30.7,23.9,3.15,0.496,Bapatla,AP
2024-10-21,2.9,31.0,23.6,3.37,0.491,Bapatla,AP
2024-10-22,1.6,31.6,23.8,4.02,0.473,Bapatla,AP
2024-10-23,0.0,32.7,23.5,4.65,0.444,Bapatla,AP
2024-10-24,0.0,32.5,23.0,5.12,0.421,Bapatla,AP
2024-10-25,0.0,32.7,21.8,5.42,0.405,Bapatla,AP
2024-10-26,0.0,32.4,24.9,5.13,0.386,Bapatla,AP
2024-10-27,0.0,32.9,24.2,5.14,0.368,Bapatla,AP
2024-10-28,0.0,32.4,21.8,4.84,0.349,Bapatla,AP
2024-10-29,1.8,31.8,23.8,4.13,0.344,Bapatla,AP
2024-10-30,2.0,31.8,23.9,3.71,0.34,Bapatla,AP
2024-10-31,1.9,31.3,23.7,4.06,0.333,Bapatla,AP
2024-11-01,0.4,31.5,23.3,4.19,0.317,Bapatla,AP
2024-11-02,1.0,32.0,23.1,4.19,0.31,Bapatla,AP
2024-11-03,2.2,31.3,23.4,3.8,0.308,Bapatla,AP
2024-11-04,0.0,31.9,22.4,4.26,0.306,Bapatla,AP
2024-11-05,0.0,33.0,21.7,4.5,0.296,Bapatla,AP
2024-11-06,0.0,33.1,23.4,4.52,0.288,Bapatla,AP
2024-11-07,0.2,32.9,23.6,4.41,0.284,Bapatla,AP
2024-11-08,0.9,31.5,24.0,4.06,0.284,Bapatla,AP
2024-11-09,0.3,32.5,23.0,4.25,0.281,Bapatla,AP
2024-11-10,0.0,33.0,23.2,4.39,0.28,Bapatla,AP
2024-11-11,0.0,33.1,22.6,4.73,0.279,Bapatla,AP
2024-11-12,7.7,29.6,24.1,2.33,0.315,Bapatla,AP
2024-11-13,12.5,28.1,23.7,2.76,0.437,Bapatla,AP
2024-11-14,19.6,27.8,23.2,2.11,0.481,Bapatla,AP
2024-11-15,13.9,28.4,23.6,2.47,0.487,Bapatla,AP
2024-11-16,0.7,30.4,23.1,3.83,0.461,Bapatla,AP
2024-11-17,0.1,29.9,23.4,3.86,0.44,Bapatla,AP
2024-11-18,0.0,29.3,22.5,3.99,0.416,Bapatla,AP
2024-11-19,0.0,29.1,20.3,4.01,0.393,Bapatla,AP
2024-11-20,0.0,28.9,19.7,3.79,0.373,Bapatla,AP
2024-11-21,0.0,29.0,19.7,3.99,0.355,Bapatla,AP
2024-11-22,0.0,29.2,19.3,4.1,0.339,Bapatla,AP
2024-11-23,0.0,29.8,19.5,3.83,0.33,Bapatla,AP
2024-11-24,0.0,29.9,21.3,3.91,0.316,Bapatla,AP
2024-11-25,0.0,29.0,20.7,3.56,0.306,Bapatla,AP
2024-11-26,1.5,29.3,23.1,3.44,0.315,Bapatla,AP
2024-11-27,0.0,29.2,22.0,4.19,0.32,Bapatla,AP
2024-11-28,0.0,29.2,20.0,4.35,0.309,Bapatla,AP
2024-11-29,3.5,28.6,23.6,3.37,0.314,Bapatla,AP
2024-11-30,14.9,26.2,23.7,1.53,0.377,Bapatla,AP
2024-12-01,4.9,28.9,23.5,2.51,0.437,Bapatla,AP
2024-12-02,6.7,28.8,23.9,2.73,0.463,Bapatla,AP
2024-12-03,11.2,28.5,24.2,2.47,0.491,Bapatla,AP
2024-12-04,9.7,29.2,23.9,2.6,0.473,Bapatla,AP
2024-12-05,32.8,28.2,23.2,2.31,0.494,Bapatla,AP
2024-12-06,10.2,29.3,22.4,2.91,0.483,Bapatla,AP
2024-12-07,0.3,29.4,22.9,3.35,0.456,Bapatla,AP
2024-12-08,0.6,28.7,22.8,3.44,0.429,Bapatla,AP
2024-12-09,0.2,29.5,22.5,3.46,0.402,Bapatla,AP
2024-12-10,0.1,30.5,22.0,3.44,0.375,Bapatla,AP
2024-12-11,0.1,30.4,23.0,3.44,0.355,Bapatla,AP
2024-12-12,0.0,28.3,23.4,2.08,0.343,Bapatla,AP
2024-12-13,0.0,29.3,22.2,3.35,0.33,Bapatla,AP
2024-12-14,0.0,29.5,20.0,3.74,0.323,Bapatla,AP
2024-12-15,0.0,29.1,18.6,3.65,0.307,Bapatla,AP
2024-12-16,0.0,29.0,18.2,3.7,0.298,Bapatla,AP
2024-12-17,0.0,29.8,18.7,3.68,0.288,Bapatla,AP
2024-12-18,0.2,29.3,21.5,2.92,0.325,Bapatla,AP
2024-12-19,16.0,28.4,22.9,2.32,0.409,Bapatla,AP
2024-12-20,1.1,29.7,22.9,3.21,0.421,Bapatla,AP
2024-12-21,0.0,30.3,21.7,3.22,0.414,Bapatla,AP
2024-12-22,0.0,29.9,21.0,3.58,0.385,Bapatla,AP
2024-12-23,0.2,30.0,20.7,3.32,0.36,Bapatla,AP
2024-12-24,40.3,25.2,21.6,1.53,0.462,Bapatla,AP
2024-12-25,31.7,28.3,21.4,2.62,0.486,Bapatla,AP
2024-12-26,5.3,27.1,22.9,2.23,0.48,Bapatla,AP
2024-12-27,0.0,28.7,22.4,3.73,0.454,Bapatla,AP
2024-12-28,0.0,28.8,20.7,3.46,0.426,Bapatla,AP
2024-12-29,0.0,29.4,20.0,3.58,0.408,Bapatla,AP
2024-12-30,0.0,30.0,18.5,3.72,0.387,Bapatla,AP
2024-12-31,0.0,30.0,20.8,3.43,0.368,Bapatla,AP
2025-01-01,0.0,29.5,20.7,3.35,0.354,Bapatla,AP
2025-01-02,0.2,28.5,20.7,3.08,0.34,Bapatla,AP
2025-01-03,0.0,28.6,19.7,3.48,0.326,Bapatla,AP
2025-01-04,0.0,28.2,18.2,3.45,0.31,Bapatla,AP
2025-01-05,0.0,27.5,18.8,3.34,0.296,Bapatla,AP
2025-01-06,0.0,28.1,18.3,3.88,0.281,Bapatla,AP
2025-01-07,0.0,28.9,17.8,3.84,0.267,Bapatla,AP
2025-01-08,0.0,29.8,18.7,3.74,0.257,Bapatla,AP
2025-01-09,0.0,29.3,19.4,4.06,0.249,Bapatla,AP
2025-01-10,0.0,29.5,19.8,4.69,0.245,Bapatla,AP
2025-01-11,0.0,29.1,19.0,4.37,0.245,Bapatla,AP
2025-01-12,0.0,29.5,18.8,4.2,0.244,Bapatla,AP
2025-01-13,0.0,30.4,20.5,3.93,0.246,Bapatla,AP
2025-01-14,0.0,30.7,20.4,4.17,0.242,Bapatla,AP
2025-01-15,0.0,30.2,20.6,4.06,0.243,Bapatla,AP
2025-01-16,0.1,29.7,20.5,3.72,0.249,Bapatla,AP
2025-01-17,0.0,29.8,20.4,3.75,0.255,Bapatla,AP
2025-01-18,0.0,30.1,19.1,4.26,0.25,Bapatla,AP
2025-01-19,0.0,30.8,19.7,3.93,0.242,Bapatla,AP
2025-01-20,0.0,30.5,19.2,3.88,0.235,Bapatla,AP
2025-01-21,0.0,29.8,17.4,3.92,0.225,Bapatla,AP
2025-01-22,0.0,30.0,18.4,3.86,0.218,Bapatla,AP
2025-01-23,0.0,29.0,19.6,3.99,0.217,Bapatla,AP
2025-01-24,0.0,28.6,17.9,3.95,0.214,Bapatla,AP
2025-01-25,0.0,29.1,17.1,3.83,0.21,Bapatla,AP
2025-01-26,0.0,29.7,18.6,3.93,0.205,Bapatla,AP
2025-01-27,0.0,29.5,20.3,4.09,0.204,Bapatla,AP
2025-01-28,0.2,29.6,20.2,4.08,0.204,Bapatla,AP
2025-01-29,0.0,29.4,21.8,4.36,0.211,Bapatla,AP
2025-01-30,0.2,30.1,19.0,4.17,0.199,Bapatla,AP
2025-01-31,0.0,30.5,20.6,4.13,0.212,Bapatla,AP
2025-02-01,0.0,31.1,22.8,4.4,0.212,Bapatla,AP
2025-02-02,0.0,30.5,21.7,4.32,0.213,Bapatla,AP
2025-02-03,0.0,32.0,19.4,4.42,0.204,Bapatla,AP
2025-02-04,0.0,34.1,19.2,4.88,0.213,Bapatla,AP
2025-02-05,0.0,33.2,19.3,4.83,0.213,Bapatla,AP
2025-02-06,0.0,31.7,21.9,4.24,0.213,Bapatla,AP
2025-02-07,0.0,31.6,21.7,4.47,0.207,Bapatla,AP
2025-02-08,0.0,31.6,20.1,4.55,0.221,Bapatla,AP
2025-02-09,0.1,31.1,22.0,4.23,0.215,Bapatla,AP
2025-02-10,0.7,30.2,21.9,4.25,0.215,Bapatla,AP
2025-02-11,0.0,30.2,21.2,4.48,0.214,Bapatla,AP
2025-02-12,0.0,30.8,20.6,4.46,0.214,Bapatla,AP
2025-02-13,0.0,31.7,20.8,4.66,0.215,Bapatla,AP
2025-02-14,0.0,32.5,21.0,4.88,0.211,Bapatla,AP
2025-02-15,0.0,33.1,20.8,4.99,0.215,Bapatla,AP
2025-02-16,0.0,31.3,23.3,4.55,0.216,Bapatla,AP
2025-02-17,0.0,31.1,22.8,4.72,0.216,Bapatla,AP
2025-02-18,0.0,30.6,22.6,4.68,0.207,Bapatla,AP
2025-02-19,0.0,31.6,23.2,4.8,0.216,Bapatla,AP
2025-02-20,0.0,31.1,24.2,4.82,0.216,Bapatla,AP
2025-02-21,0.0,31.7,23.3,4.65,0.216,Bapatla,AP
2025-02-22,0.0,31.9,23.2,4.74,0.22,Bapatla,AP
2025-02-23,1.0,33.4,23.2,4.62,0.225,Bapatla,AP
2025-02-24,0.9,34.0,22.7,4.88,0.225,Bapatla,AP
2025-02-25,0.0,33.2,22.6,5.08,0.241,Bapatla,AP
2025-02-26,0.2,34.0,21.9,5.27,0.256,Bapatla,AP
2025-02-27,0.2,33.5,21.9,4.86,0.257,Bapatla,AP
2025-02-28,0.0,32.9,21.9,5.05,0.243,Bapatla,AP
2025-03-01,0.0,33.0,22.4,5.06,0.233,Bapatla,AP
2025-03-02,0.1,33.3,24.1,5.19,0.206,Bapatla,AP
2025-03-03,0.0,33.6,23.7,5.07,0.205,Bapatla,AP
2025-03-04,0.0,35.1,23.1,5.31,0.195,Bapatla,AP
2025-03-05,0.0,35.6,24.3,5.1,0.203,Bapatla,AP
2025-03-06,0.0,38.7,22.0,6.7,0.202,Bapatla,AP
2025-03-07,0.0,34.0,19.9,5.29,0.199,Bapatla,AP
2025-03-08,0.0,32.4,23.6,5.25,0.2,Bapatla,AP
2025-03-09,0.0,32.0,23.5,4.95,0.208,Bapatla,AP
2025-03-10,0.0,32.6,23.5,5.48,0.197,Bapatla,AP
2025-03-11,0.0,33.0,21.6,5.34,0.2,Bapatla,AP
2025-03-12,0.0,34.3,22.2,5.14,0.189,Bapatla,AP
2025-03-13,0.0,34.2,25.1,5.56,0.2,Bapatla,AP
2025-03-14,0.0,33.3,25.4,5.39,0.2,Bapatla,AP
2025-03-15,0.0,33.0,25.3,5.41,0.2,Bapatla,AP
2025-03-16,0.0,32.8,24.3,5.3,0.2,Bapatla,AP
2025-03-17,0.0,33.4,24.4,5.39,0.196,Bapatla,AP
2025-03-18,0.0,33.2,25.1,5.41,0.178,Bapatla,AP
2025-03-19,0.0,32.7,26.1,5.49,0.156,Bapatla,AP
2025-03-20,0.0,33.0,26.4,5.79,0.162,Bapatla,AP
2025-03-21,0.0,33.1,26.0,5.66,0.165,Bapatla,AP
2025-03-22,5.8,32.0,26.7,5.08,0.191,Bapatla,AP
2025-03-23,1.5,32.8,26.7,5.29,0.222,Bapatla,AP
2025-03-24,0.0,32.9,25.6,5.38,0.243,Bapatla,AP
2025-03-25,0.0,33.8,24.6,5.46,0.236,Bapatla,AP
2025-03-26,0.0,33.0,25.2,5.49,0.227,Bapatla,AP
2025-03-27,0.0,34.5,24.9,5.76,0.227,Bapatla,AP
2025-03-28,0.0,36.1,25.1,6.2,0.239,Bapatla,AP
2025-03-29,0.0,35.2,26.2,6.08,0.251,Bapatla,AP
2025-03-30,0.0,34.0,25.5,5.65,0.262,Bapatla,AP
2025-03-31,0.0,32.6,26.7,5.66,0.271,Bapatla,AP
2025-04-01,0.1,32.8,26.1,5.9,0.25,Bapatla,AP
2025-04-02,0.1,33.0,26.8,5.82,0.242,Bapatla,AP
2025-04-03,0.3,33.5,27.4,5.5,0.226,Bapatla,AP
2025-04-04,3.5,34.5,22.6,4.63,0.232,Bapatla,AP
2025-04-05,1.9,34.2,25.8,5.14,0.226,Bapatla,AP
2025-04-06,0.0,35.4,26.1,5.26,0.233,Bapatla,AP
2025-04-07,0.0,35.0,26.1,5.84,0.234,Bapatla,AP
2025-04-08,0.0,35.0,26.8,5.76,0.227,Bapatla,AP
2025-04-09,0.6,36.0,25.3,5.77,0.216,Bapatla,AP
2025-04-10,0.9,34.6,25.5,5.29,0.215,Bapatla,AP
2025-04-11,0.2,36.6,27.1,5.87,0.214,Bapatla,AP
2025-04-12,0.0,40.7,27.3,6.2,0.229,Bapatla,AP
2025-04-13,3.3,35.3,28.1,4.92,0.247,Bapatla,AP
2025-04-14,0.2,34.3,25.3,5.42,0.238,Bapatla,AP
2025-04-15,0.1,34.2,27.8,5.77,0.216,Bapatla,AP
2025-04-16,1.2,34.2,28.0,6.0,0.222,Bapatla,AP
2025-04-17,1.6,34.5,28.7,5.72,0.235,Bapatla,AP
2025-04-18,0.2,34.7,28.7,5.96,0.237,Bapatla,AP
2025-04-19,0.0,35.8,28.7,5.93,0.236,Bapatla,AP
2025-04-20,0.0,35.5,29.0,5.85,0.229,Bapatla,AP
2025-04-21,0.0,35.5,28.6,5.99,0.224,Bapatla,AP
2025-04-22,0.0,34.2,28.3,5.92,0.22,Bapatla,AP
2025-04-23,0.0,34.7,27.7,6.17,0.214,Bapatla,AP
2025-04-24,0.0,34.6,27.9,6.17,0.223,Bapatla,AP
2025-04-25,0.1,34.5,28.2,6.25,0.224,Bapatla,AP
2025-04-26,0.0,34.5,28.7,6.37,0.221,Bapatla,AP
2025-04-27,0.3,34.3,28.7,5.92,0.227,Bapatla,AP
2025-04-28,0.0,33.8,28.1,6.02,0.214,Bapatla,AP
2025-04-29,0.0,34.6,28.4,6.34,0.205,Bapatla,AP
2025-04-30,4.1,35.0,27.7,6.02,0.209,Bapatla,AP
2025-05-01,0.4,34.5,28.7,5.84,0.217,Bapatla,AP
2025-05-02,0.1,34.9,28.4,5.75,0.2,Bapatla,AP
2025-05-03,3.2,36.0,29.0,5.67,0.209,Bapatla,AP
2025-05-04,21.6,32.9,25.4,4.46,0.327,Bapatla,AP
2025-05-05,0.0,35.6,26.9,6.17,0.224,Bapatla,AP
2025-05-06,0.0,35.1,28.7,5.98,0.223,Bapatla,AP
2025-05-07,0.8,36.4,28.7,5.61,0.23,Bapatla,AP
2025-05-08,9.7,35.6,28.2,5.57,0.259,Bapatla,AP
2025-05-09,0.0,36.3,27.0,5.81,0.282,Bapatla,AP
2025-05-10,0.5,35.5,28.6,5.83,0.254,Bapatla,AP
2025-05-11,0.4,36.2,27.8,5.7,0.237,Bapatla,AP
2025-05-12,0.0,39.6,27.6,6.0,0.236,Bapatla,AP
2025-05-13,0.0,37.7,28.3,6.26,0.238,Bapatla,AP
2025-05-14,0.4,38.4,27.0,4.78,0.239,Bapatla,AP
2025-05-15,5.1,37.7,26.7,5.35,0.233,Bapatla,AP
2025-05-16,2.0,36.0,25.7,5.16,0.372,Bapatla,AP
2025-05-17,10.8,36.1,26.7,4.98,0.394,Bapatla,AP
2025-05-18,18.2,34.3,25.7,4.7,0.441,Bapatla,AP
2025-05-19,18.8,31.9,25.5,3.08,0.443,Bapatla,AP
2025-05-20,29.0,33.0,25.4,3.51,0.463,Bapatla,AP
2025-05-21,23.0,32.2,25.9,3.42,0.481,Bapatla,AP
2025-05-22,1.5,34.0,25.5,4.42,0.489,Bapatla,AP
2025-05-23,2.5,35.6,28.1,5.9,0.468,Bapatla,AP
2025-05-24,1.3,33.9,27.5,4.88,0.479,Bapatla,AP
2025-05-25,2.7,34.0,27.3,5.2,0.468,Bapatla,AP
2025-05-26,2.7,34.0,25.4,5.06,0.45,Bapatla,AP
2025-05-27,0.6,35.0,27.3,6.4,0.412,Bapatla,AP
2025-05-28,0.5,34.7,28.1,5.68,0.385,Bapatla,AP
2025-05-29,7.7,34.2,26.5,4.43,0.402,Bapatla,AP
2025-05-30,4.6,36.3,27.5,5.41,0.445,Bapatla,AP
2025-05-31,0.0,37.1,28.7,6.46,0.442,Bapatla,AP
2025-06-01,0.0,37.9,28.1,7.23,0.414,Bapatla,AP
2025-06-02,0.0,36.4,28.6,6.73,0.374,Bapatla,AP
2025-06-03,0.1,36.3,27.8,6.45,0.331,Bapatla,AP
2025-06-04,0.0,37.7,28.1,6.5,0.293,Bapatla,AP
2025-06-05,0.0,37.2,28.3,6.35,0.268,Bapatla,AP
2025-06-06,0.0,37.9,28.1,6.35,0.246,Bapatla,AP
2025-06-07,4.2,36.3,29.1,5.93,0.251,Bapatla,AP
2025-06-08,0.1,39.0,28.9,6.29,0.24,Bapatla,AP
2025-06-09,0.0,39.0,30.0,7.82,0.241,Bapatla,AP
2025-06-10,0.0,39.2,29.4,6.53,0.237,Bapatla,AP
2025-06-11,0.9,35.9,26.4,5.14,0.279,Bapatla,AP
2025-06-12,3.0,34.3,26.5,5.51,0.32,Bapatla,AP
2025-06-13,3.5,34.9,25.6,5.83,0.335,Bapatla,AP
2025-06-14,9.2,36.2,28.4,5.42,0.337,Bapatla,AP
2025-06-15,10.9,33.8,27.3,5.1,0.444,Bapatla,AP
2025-06-16,12.6,35.4,25.7,5.31,0.437,Bapatla,AP
2025-06-17,0.0,35.3,28.4,5.69,0.42,Bapatla,AP
2025-06-18,0.0,36.9,28.7,6.48,0.372,Bapatla,AP
2025-06-19,0.2,36.8,29.7,6.29,0.339,Bapatla,AP
2025-06-20,2.4,36.5,29.6,6.14,0.32,Bapatla,AP
2025-06-21,0.8,37.1,25.8,6.53,0.312,Bapatla,AP
2025-06-22,0.0,37.2,28.6,6.8,0.306,Bapatla,AP
2025-06-23,0.9,33.5,27.6,4.8,0.312,Bapatla,AP
2025-06-24,3.9,33.2,26.0,3.89,0.358,Bapatla,AP
2025-06-25,11.2,30.4,25.2,2.11,0.421,Bapatla,AP
2025-06-26,6.9,34.2,25.1,4.21,0.459,Bapatla,AP
2025-06-27,0.0,34.9,27.4,5.58,0.426,Bapatla,AP
2025-06-28,0.0,35.6,28.4,5.84,0.387,Bapatla,AP
2025-06-29,1.3,36.6,28.1,6.5,0.35,Bapatla,AP
2025-06-30,0.5,33.1,26.1,4.43,0.339,Bapatla,AP
2025-07-01,7.0,30.5,25.1,2.79,0.387,Bapatla,AP
2025-07-02,3.5,33.1,24.7,4.61,0.428,Bapatla,AP
2025-07-03,2.9,33.2,25.2,4.94,0.452,Bapatla,AP
2025-07-04,0.1,35.2,27.5,6.58,0.4,Bapatla,AP
2025-07-05,0.1,35.0,28.0,6.29,0.368,Bapatla,AP
2025-07-06,0.2,34.7,28.4,6.74,0.329,Bapatla,AP
2025-07-07,0.0,34.6,28.5,5.34,0.313,Bapatla,AP
2025-07-08,0.2,36.0,28.1,7.39,0.311,Bapatla,AP
2025-07-09,0.5,35.9,25.9,6.49,0.38,Bapatla,AP
2025-07-10,0.5,35.9,28.2,6.41,0.368,Bapatla,AP
2025-07-11,0.3,37.1,26.8,5.97,0.327,Bapatla,AP
2025-07-12,0.1,36.8,27.8,6.89,0.298,Bapatla,AP
2025-07-13,0.1,37.8,29.2,6.94,0.255,Bapatla,AP
2025-07-14,0.5,39.1,29.6,7.47,0.209,Bapatla,AP
2025-07-15,1.2,39.8,27.2,6.96,0.199,Bapatla,AP
2025-07-16,2.0,38.0,29.6,6.29,0.2,Bapatla,AP
2025-07-17,24.8,38.2,26.6,5.45,0.223,Bapatla,AP
2025-07-18,3.4,34.7,26.1,4.58,0.442,Bapatla,AP
2025-07-19,15.6,35.1,25.6,4.94,0.457,Bapatla,AP
2025-07-20,22.4,37.3,25.4,5.23,0.442,Bapatla,AP
2025-07-21,15.0,35.1,25.9,3.74,0.458,Bapatla,AP
2025-07-22,8.9,32.9,25.7,3.51,0.466,Bapatla,AP
2025-07-23,2.1,32.3,27.3,4.27,0.442,Bapatla,AP
2025-07-24,3.7,30.6,25.6,3.07,0.454,Bapatla,AP
2025-07-25,17.7,29.9,24.9,2.17,0.484,Bapatla,AP
2025-07-26,2.9,33.9,24.8,5.05,0.468,Bapatla,AP
2025-07-27,1.4,35.0,26.4,6.84,0.434,Bapatla,AP
2025-07-28,0.0,35.5,27.1,6.67,0.392,Bapatla,AP
2025-07-29,0.5,35.7,27.6,6.87,0.357,Bapatla,AP
2025-07-30,1.8,35.3,26.8,6.56,0.331,Bapatla,AP
2025-07-31,0.4,35.4,26.6,5.27,0.313,Bapatla,AP
2025-08-01,0.1,36.6,27.3,6.34,0.287,Bapatla,AP
2025-08-02,0.9,37.1,27.8,5.83,0.268,Bapatla,AP
2025-08-03,1.2,36.2,28.4,6.17,0.252,Bapatla,AP
2025-08-04,15.5,36.6,25.6,5.07,0.273,Bapatla,AP
2025-08-05,0.7,34.2,25.7,5.67,0.26,Bapatla,AP
2025-08-06,0.8,35.1,27.7,5.81,0.224,Bapatla,AP
2025-08-07,1.1,36.2,28.6,5.75,0.206,Bapatla,AP
2025-08-08,1.7,37.2,26.4,5.0,0.257,Bapatla,AP
2025-08-09,4.1,36.2,27.5,5.54,0.306,Bapatla,AP
2025-08-10,1.0,34.4,27.4,3.97,0.331,Bapatla,AP
2025-08-11,2.5,34.7,25.4,4.81,0.372,Bapatla,AP
2025-08-12,32.2,33.6,24.8,4.69,0.478,Bapatla,AP
2025-08-13,40.2,27.1,24.3,1.45,0.512,Bapatla,AP
2025-08-14,14.7,32.6,24.3,4.53,0.493,Bapatla,AP
2025-08-15,5.9,33.4,26.3,5.51,0.464,Bapatla,AP
2025-08-16,9.9,33.1,26.2,4.46,0.47,Bapatla,AP
2025-08-17,2.8,29.8,25.8,3.03,0.474,Bapatla,AP
2025-08-18,13.1,31.0,24.6,3.29,0.5,Bapatla,AP
2025-08-19,4.1,31.1,24.2,4.08,0.491,Bapatla,AP
2025-08-20,1.3,33.0,26.0,5.34,0.458,Bapatla,AP
2025-08-21,0.0,33.4,26.4,4.9,0.424,Bapatla,AP
2025-08-22,2.8,33.6,27.0,4.58,0.412,Bapatla,AP
2025-08-23,0.5,33.6,26.9,5.27,0.397,Bapatla,AP
2025-08-24,0.0,33.5,27.3,5.24,0.358,Bapatla,AP
2025-08-25,0.0,33.8,27.5,5.86,0.321,Bapatla,AP
2025-08-26,7.7,33.5,25.4,3.85,0.311,Bapatla,AP
2025-08-27,25.1,29.1,24.5,1.65,0.491,Bapatla,AP
2025-08-28,4.9,32.5,24.9,4.03,0.477,Bapatla,AP
2025-08-29,8.5,32.6,24.9,4.01,0.468,Bapatla,AP
2025-08-30,16.5,33.7,23.9,5.22,0.479,Bapatla,AP
2025-08-31,12.9,32.0,24.9,4.28,0.476,Bapatla,AP
2025-09-01,12.5,32.9,24.8,3.8,0.477,Bapatla,AP
2025-09-02,4.5,31.1,26.9,3.53,0.472,Bapatla,AP
2025-09-03,0.1,33.3,26.1,5.24,0.442,Bapatla,AP
2025-09-04,0.7,33.5,25.1,5.41,0.396,Bapatla,AP
2025-09-05,0.0,34.3,26.5,5.54,0.359,Bapatla,AP
2025-09-06,0.0,34.5,26.1,5.41,0.321,Bapatla,AP
2025-09-07,0.6,34.7,26.0,5.71,0.281,Bapatla,AP
2025-09-08,0.0,35.3,25.9,5.62,0.248,Bapatla,AP
2025-09-09,1.4,35.5,25.7,5.08,0.24,Bapatla,AP
2025-09-10,14.3,33.7,26.9,3.47,0.304,Bapatla,AP
2025-09-11,2.3,33.1,24.2,4.46,0.43,Bapatla,AP
2025-09-12,7.0,31.1,25.2,3.11,0.46,Bapatla,AP
2025-09-13,12.1,30.7,24.0,3.8,0.481,Bapatla,AP
2025-09-14,2.4,32.6,25.0,4.83,0.466,Bapatla,AP
2025-09-15,3.3,33.3,25.7,4.78,0.422,Bapatla,AP
2025-09-16,2.6,32.9,25.1,4.83,0.433,Bapatla,AP
2025-09-17,3.8,32.3,24.8,4.99,0.404,Bapatla,AP
2025-09-18,1.4,32.8,24.4,4.95,0.366,Bapatla,AP
2025-09-19,4.2,33.9,24.7,4.96,0.348,Bapatla,AP
2025-09-20,11.5,33.7,25.0,4.75,0.392,Bapatla,AP
2025-09-21,6.3,33.6,24.9,4.61,0.446,Bapatla,AP
2025-09-22,10.3,32.3,25.5,3.69,0.437,Bapatla,AP
2025-09-23,2.1,31.2,25.2,2.83,0.422,Bapatla,AP
2025-09-24,0.0,32.7,25.9,5.2,0.408,Bapatla,AP
2025-09-25,0.0,31.9,25.8,5.32,0.371,Bapatla,AP
2025-09-26,0.6,30.0,24.6,3.62,0.348,Bapatla,AP
2025-09-27,4.7,32.0,24.1,4.0,0.376,Bapatla,AP
2025-09-28,0.8,33.2,25.5,5.32,0.374,Bapatla,AP
2025-09-29,4.9,32.6,25.3,4.45,0.342,Bapatla,AP
2025-09-30,3.8,32.6,25.2,3.85,0.329,Bapatla,AP
2025-10-01,6.1,31.2,24.5,2.76,0.317,Bapatla,AP
2025-10-02,5.0,31.5,25.3,2.64,0.315,Bapatla,AP
2025-10-03,0.1,34.2,26.6,5.28,0.312,Bapatla,AP
2025-10-04,0.2,34.3,26.9,4.31,0.279,Bapatla,AP
2025-10-05,2.9,34.3,25.6,4.84,0.267,Bapatla,AP
2025-10-06,4.6,33.2,24.1,4.79,0.268,Bapatla,AP
2025-10-07,0.8,33.4,25.0,4.73,0.249,Bapatla,AP
2025-10-08,6.2,34.3,23.9,4.47,0.236,Bapatla,AP
2025-10-09,1.4,33.7,25.0,4.35,0.289,Bapatla,AP
2025-10-10,2.4,32.6,24.7,4.37,0.355,Bapatla,AP
2025-10-11,5.2,30.0,24.9,3.29,0.424,Bapatla,AP
2025-10-12,2.2,31.3,24.4,4.24,0.399,Bapatla,AP
2025-10-13,8.9,27.7,23.9,1.77,0.393,Bapatla,AP
2025-10-14,16.1,29.4,23.9,3.0,0.445,Bapatla,AP
2025-10-15,18.2,29.6,23.7,3.35,0.471,Bapatla,AP
2025-10-16,33.5,29.4,24.4,3.29,0.457,Bapatla,AP
2025-10-17,1.4,29.8,23.9,2.75,0.414,Bapatla,AP
2025-10-18,27.3,30.5,24.5,3.32,0.42,Bapatla,AP
2025-10-19,6.1,27.2,24.0,1.66,0.435,Bapatla,AP
2025-10-20,24.2,28.9,23.8,3.04,0.481,Bapatla,AP
2025-10-21,24.7,29.1,24.2,2.37,0.486,Bapatla,AP
2025-10-22,27.6,27.7,24.5,1.92,0.496,Bapatla,AP
2025-10-23,31.5,27.6,24.2,1.72,0.508,Bapatla,AP
2025-10-24,24.1,27.0,23.7,1.99,0.506,Bapatla,AP
2025-10-25,24.3,28.8,23.4,2.85,0.494,Bapatla,AP
2025-10-26,1.6,29.9,23.3,3.58,0.488,Bapatla,AP
2025-10-27,15.7,26.5,23.1,1.31,0.502,Bapatla,AP
2025-10-28,85.3,25.9,24.3,1.24,0.51,Bapatla,AP
2025-10-29,70.8,27.6,23.4,2.78,0.507,Bapatla,AP
2025-10-30,0.5,30.9,25.3,4.29,0.481,Bapatla,AP
2025-10-31,0.0,32.0,25.9,4.27,0.448,Bapatla,AP
2025-11-01,0.4,30.8,24.9,3.91,0.409,Bapatla,AP
2025-11-02,1.7,31.9,24.4,4.07,0.378,Bapatla,AP
2025-11-03,4.2,32.2,24.2,3.84,0.354,Bapatla,AP
2025-11-04,2.2,30.2,24.7,2.99,0.354,Bapatla,AP
2025-11-05,15.0,30.8,24.1,3.57,0.369,Bapatla,AP
2025-11-06,1.1,31.2,24.0,4.03,0.337,Bapatla,AP
2025-11-07,0.1,30.8,23.4,4.16,0.3,Bapatla,AP
2025-11-08,0.0,30.3,22.4,4.02,0.274,Bapatla,AP
2025-11-09,0.0,30.0,22.1,4.24,0.268,Bapatla,AP
2025-11-10,0.0,29.9,22.1,4.18,0.258,Bapatla,AP
2025-11-11,0.5,30.3,22.1,3.89,0.252,Bapatla,AP
2025-11-12,1.1,29.7,21.9,3.66,0.247,Bapatla,AP
2025-11-13,1.1,29.9,22.4,4.02,0.254,Bapatla,AP
2025-11-14,0.0,28.6,19.5,4.27,0.254,Bapatla,AP
2025-11-15,0.0,28.9,19.2,4.14,0.253,Bapatla,AP
2025-11-16,0.0,28.9,19.8,4.12,0.255,Bapatla,AP
2025-11-17,0.0,28.3,19.0,3.91,0.265,Bapatla,AP
2025-11-18,0.0,29.0,20.5,4.04,0.271,Bapatla,AP
2025-11-19,0.0,29.0,20.0,4.03,0.268,Bapatla,AP
2025-11-20,0.0,29.9,19.1,3.85,0.252,Bapatla,AP
2025-11-21,1.4,29.9,23.6,3.25,0.238,Bapatla,AP
2025-11-22,0.4,30.8,23.8,3.77,0.242,Bapatla,AP
2025-11-23,1.5,30.2,23.8,3.4,0.239,Bapatla,AP
2025-11-24,0.1,30.2,23.3,3.7,0.243,Bapatla,AP
2025-11-25,0.0,29.8,22.3,3.71,0.244,Bapatla,AP
2025-11-26,0.0,29.2,20.6,3.83,0.245,Bapatla,AP
2025-11-27,0.0,29.0,20.6,3.67,0.249,Bapatla,AP
2025-11-28,0.0,28.4,20.3,3.87,0.254,Bapatla,AP
2025-11-29,0.0,30.0,20.7,3.9,0.26,Bapatla,AP
2025-11-30,32.3,25.4,22.5,1.5,0.358,Bapatla,AP
2025-12-01,2.3,25.6,22.3,2.45,0.488,Bapatla,AP
2025-12-02,26.3,24.7,22.2,1.44,0.496,Bapatla,AP
2025-12-03,17.8,25.9,22.1,1.48,0.503,Bapatla,AP
2025-12-04,0.3,28.7,22.6,2.99,0.481,Bapatla,AP
2025-12-05,0.0,28.3,21.8,3.5,0.461,Bapatla,AP
2025-12-06,0.0,28.0,19.9,3.43,0.446,Bapatla,AP
2025-12-07,0.0,28.0,19.6,3.39,0.423,Bapatla,AP
2025-12-08,0.0,27.5,18.2,3.5,0.4,Bapatla,AP
2025-12-09,0.0,27.8,17.6,3.59,0.372,Bapatla,AP
2025-12-10,0.0,27.8,17.3,3.6,0.344,Bapatla,AP
2025-12-11,0.0,27.9,17.4,3.62,0.319,Bapatla,AP
2025-12-12,0.0,27.4,17.3,3.66,0.298,Bapatla,AP
2025-12-13,0.0,27.8,17.3,3.67,0.274,Bapatla,AP
2025-12-14,0.0,28.1,18.3,3.54,0.26,Bapatla,AP
2025-12-15,0.0,28.7,18.3,3.5,0.251,Bapatla,AP
2025-12-16,0.0,28.6,18.3,3.64,0.252,Bapatla,AP
2025-12-17,0.0,29.2,18.2,3.59,0.255,Bapatla,AP
2025-12-18,0.0,28.6,19.2,3.39,0.25,Bapatla,AP
2025-12-19,0.0,28.0,18.7,3.31,0.254,Bapatla,AP
2025-12-20,0.0,28.2,18.3,3.42,0.25,Bapatla,AP
2025-12-21,0.0,28.6,18.5,3.56,0.243,Bapatla,AP
2025-12-22,0.0,28.5,18.7,3.36,0.243,Bapatla,AP
2025-12-23,0.0,28.8,18.7,3.55,0.246,Bapatla,AP
2025-12-24,0.0,28.3,18.4,3.45,0.249,Bapatla,AP
2025-12-25,0.0,29.3,18.2,3.74,0.254,Bapatla,AP
2025-12-26,0.0,28.8,18.5,3.81,0.248,Bapatla,AP
2025-12-27,0.0,28.3,18.6,3.66,0.238,Bapatla,AP
2025-12-28,0.1,28.2,18.3,3.49,0.239,Bapatla,AP
2025-12-29,0.0,28.3,18.6,3.47,0.239,Bapatla,AP
2025-12-30,0.0,28.8,18.7,3.5,0.241,Bapatla,AP
2025-12-31,0.1,29.0,20.2,3.35,0.245,Bapatla,AP
2026-01-01,0.9,28.4,20.7,3.2,0.265,Bapatla,AP
2026-01-02,0.0,28.9,20.2,3.46,0.292,Bapatla,AP
2026-01-03,0.7,28.2,20.8,3.3,0.297,Bapatla,AP
2026-01-04,0.1,28.2,19.9,3.31,0.295,Bapatla,AP
2026-01-05,1.0,27.0,19.4,3.16,0.293,Bapatla,AP
2026-01-06,0.1,28.6,19.3,3.64,0.289,Bapatla,AP
2026-01-07,0.0,28.4,18.9,3.84,0.282,Bapatla,AP
2026-01-08,0.0,28.4,17.8,3.88,0.277,Bapatla,AP
2026-01-09,0.0,27.5,17.2,3.86,0.278,Bapatla,AP
2026-01-10,1.5,26.9,19.8,3.16,0.27,Bapatla,AP
2026-01-11,0.0,26.9,19.2,3.65,0.263,Bapatla,AP
2026-01-12,0.0,29.0,19.4,4.05,0.348,Bapatla,AP
2026-01-13,0.0,29.5,20.6,3.87,0.341,Bapatla,AP
2026-01-14,0.1,28.8,18.9,3.73,0.313,Bapatla,AP
2026-01-15,1.3,28.4,20.0,3.25,0.303,Bapatla,AP
2026-01-16,0.0,29.7,20.0,3.52,0.302,Bapatla,AP
2026-01-17,0.0,28.4,19.3,3.6,0.292,Bapatla,AP
2026-01-18,0.0,28.4,19.0,3.87,0.276,Bapatla,AP
2026-01-19,0.0,28.3,19.1,3.83,0.265,Bapatla,AP
2026-01-20,0.0,28.7,18.2,3.73,0.255,Bapatla,AP
2026-01-21,0.0,28.4,18.4,3.93,0.249,Bapatla,AP
2026-01-22,0.0,28.9,17.6,4.01,0.245,Bapatla,AP
2026-01-23,1.1,30.1,18.4,3.96,0.249,Bapatla,AP
2026-01-24,0.3,29.8,20.3,3.09,0.248,Bapatla,AP
2026-01-25,0.0,29.9,20.9,4.06,0.237,Bapatla,AP
2026-01-26,1.1,29.9,22.0,4.16,0.236,Bapatla,AP
2026-01-27,0.0,28.8,20.3,4.02,0.228,Bapatla,AP
2026-01-28,0.0,29.0,20.7,3.95,0.221,Bapatla,AP
2026-01-29,0.4,28.3,20.0,3.76,0.211,Bapatla,AP
2026-01-30,0.0,29.7,19.7,4.12,0.211,Bapatla,AP
2026-01-31,0.1,29.2,19.2,4.07,0.207,Bapatla,AP
2026-02-01,0.5,28.9,19.6,3.64,0.214,Bapatla,AP
2026-02-02,0.8,29.3,19.6,3.69,0.222,Bapatla,AP
2026-02-03,0.2,28.4,18.8,4.0,0.236,Bapatla,AP
2026-02-04,0.0,30.2,20.4,4.56,0.235,Bapatla,AP
2026-02-05,0.0,29.9,19.0,4.4,0.233,Bapatla,AP
2026-02-06,0.0,30.2,18.4,4.22,0.234,Bapatla,AP
2026-02-07,0.0,31.5,19.0,4.41,0.232,Bapatla,AP
2026-02-08,0.0,30.2,19.4,4.35,0.232,Bapatla,AP
2026-02-09,0.1,28.5,20.0,4.09,0.233,Bapatla,AP
2026-02-10,0.1,29.5,19.7,4.11,0.226,Bapatla,AP
2026-02-11,0.0,29.1,19.5,4.42,0.219,Bapatla,AP
2026-02-12,0.0,29.0,18.1,4.39,0.218,Bapatla,AP
2026-02-13,0.0,28.4,17.5,4.23,0.217,Bapatla,AP
2026-02-14,0.0,30.3,18.1,4.38,0.217,Bapatla,AP
2026-02-15,0.0,31.2,20.2,4.5,0.218,Bapatla,AP
2026-02-16,0.0,30.1,20.7,4.5,0.218,Bapatla,AP
2026-02-17,0.1,29.6,19.1,4.45,0.218,Bapatla,AP
2026-02-18,0.0,30.0,19.3,4.42,0.215,Bapatla,AP
2026-02-19,0.0,30.6,18.8,4.43,0.213,Bapatla,AP
2026-02-20,0.0,32.5,20.6,4.79,0.218,Bapatla,AP
2026-02-21,0.2,32.2,21.4,4.66,0.222,Bapatla,AP
2026-02-22,1.3,31.3,21.9,4.43,0.224,Bapatla,AP
2026-02-23,0.0,30.8,23.1,4.52,0.223,Bapatla,AP
2026-02-24,0.0,31.1,22.2,3.56,0.221,Bapatla,AP
2026-02-25,0.0,32.2,22.3,4.37,0.223,Bapatla,AP
2026-02-26,2.9,32.1,22.6,4.4,0.225,Bapatla,AP
2026-02-27,0.6,31.7,22.4,4.75,0.228,Bapatla,AP
2026-02-28,2.3,30.5,23.2,4.55,0.248,Bapatla,AP
2026-03-01,0.7,30.7,23.0,4.81,0.26,Bapatla,AP
2026-03-02,0.0,31.6,23.3,5.05,0.254,Bapatla,AP
2026-03-03,0.0,32.4,22.1,5.07,0.25,Bapatla,AP
2026-03-04,0.0,31.4,22.5,4.9,0.248,Bapatla,AP
2026-03-05,0.0,34.7,22.2,5.33,0.251,Bapatla,AP
2026-03-06,0.0,35.8,21.6,5.35,0.267,Bapatla,AP
2026-03-07,0.0,31.0,22.9,4.86,0.267,Bapatla,AP
2026-03-08,0.0,30.6,24.7,4.84,0.258,Bapatla,AP
2026-03-09,0.5,30.2,23.5,4.43,0.247,Bapatla,AP
2026-03-10,0.0,31.0,22.7,5.13,0.24,Bapatla,AP
2026-03-11,0.0,33.1,22.0,5.45,0.228,Bapatla,AP
2026-03-12,0.0,31.8,22.8,5.21,0.215,Bapatla,AP
2026-03-13,0.0,31.1,23.4,4.94,0.212,Bapatla,AP
2026-03-14,0.0,31.0,24.8,4.91,0.209,Bapatla,AP
2026-03-15,0.0,31.0,25.0,5.13,0.207,Bapatla,AP
2026-03-16,0.0,30.9,25.6,5.44,0.218,Bapatla,AP
2026-03-17,0.0,30.8,24.6,5.23,0.211,Bapatla,AP
2026-03-18,0.4,31.4,24.0,4.58,0.209,Bapatla,AP
2026-03-19,9.5,30.7,22.1,4.29,0.236,Bapatla,AP
2026-03-20,1.2,31.7,23.2,4.62,0.236,Bapatla,AP
2026-03-21,8.6,31.0,25.1,4.28,0.284,Bapatla,AP
2026-03-22,0.7,32.0,25.4,4.77,0.324,Bapatla,AP
2026-03-23,2.2,31.5,24.9,4.89,0.318,Bapatla,AP
2026-03-24,0.0,31.4,24.5,5.11,0.289,Bapatla,AP
2026-03-25,0.0,32.1,24.9,5.25,0.27,Bapatla,AP
2026-03-26,0.0,32.9,24.9,5.31,0.259,Bapatla,AP
2026-03-27,0.0,33.0,24.3,5.4,0.251,Bapatla,AP
2026-03-28,0.0,34.1,25.0,5.45,0.248,Bapatla,AP
2026-03-29,0.0,33.1,26.9,5.46,0.255,Bapatla,AP
2026-03-30,0.0,32.4,26.7,5.33,0.255,Bapatla,AP
2026-03-31,0.9,32.9,25.9,5.05,0.236,Bapatla,AP
2026-04-01,0.0,32.2,26.2,5.48,0.231,Bapatla,AP
2026-04-02,0.0,32.7,26.2,5.53,0.213,Bapatla,AP
2026-04-03,0.0,32.7,25.2,5.48,0.19,Bapatla,AP
2026-04-04,0.0,33.3,26.0,5.45,0.188,Bapatla,AP
2026-04-05,0.0,35.2,26.4,5.34,0.175,Bapatla,AP
2026-04-06,0.3,33.6,27.7,5.34,0.169,Bapatla,AP
2026-04-07,0.2,33.8,27.5,5.2,0.174,Bapatla,AP
2026-04-08,0.1,34.0,27.7,5.42,0.191,Bapatla,AP
2026-04-09,1.6,33.8,28.3,5.5,0.22,Bapatla,AP
2026-04-10,3.9,34.1,28.1,5.55,0.243,Bapatla,AP
2026-04-11,0.0,33.8,27.9,5.89,0.247,Bapatla,AP
2026-04-12,0.0,33.2,27.6,5.66,0.24,Bapatla,AP
2026-04-13,0.0,34.0,27.2,5.96,0.231,Bapatla,AP
2026-04-14,0.0,34.2,27.2,5.92,0.222,Bapatla,AP
2026-04-15,0.0,34.1,27.7,5.95,0.217,Bapatla,AP
2026-04-16,0.0,33.7,27.7,5.63,0.215,Bapatla,AP
2026-04-17,0.0,33.8,27.7,5.78,0.224,Bapatla,AP
2026-04-18,0.0,33.3,28.0,5.78,0.233,Bapatla,AP
2026-04-19,0.0,33.7,27.8,5.93,0.233,Bapatla,AP
2026-04-20,0.0,33.7,27.6,5.8,0.231,Bapatla,AP
2026-04-21,0.0,34.2,27.9,6.19,0.223,Bapatla,AP
2026-04-22,0.0,33.9,27.2,5.9,0.22,Bapatla,AP
2026-04-23,0.0,33.5,26.9,5.73,0.23,Bapatla,AP
2026-04-24,0.0,33.7,27.2,5.65,0.234,Bapatla,AP
2026-04-25,0.0,33.9,27.3,5.77,0.232,Bapatla,AP
2026-04-26,0.0,34.0,27.4,5.81,0.208,Bapatla,AP
2026-04-27,0.0,34.2,28.1,5.99,0.215,Bapatla,AP
2026-04-28,0.0,33.9,28.5,5.84,0.232,Bapatla,AP
2026-04-29,0.0,33.9,28.4,5.09,0.232,Bapatla,AP
2026-04-30,0.0,37.2,29.2,5.9,0.23,Bapatla,AP
2026-05-01,0.0,41.0,29.5,6.69,0.23,Bapatla,AP
2026-05-02,0.0,36.2,29.2,6.2,0.22,Bapatla,AP
2026-05-03,0.1,38.6,28.5,6.48,0.214,Bapatla,AP
2026-05-04,0.1,35.7,27.6,5.69,0.222,Bapatla,AP
2026-05-05,1.1,34.4,29.1,5.57,0.24,Bapatla,AP
2026-05-06,9.3,32.5,27.1,5.3,0.312,Bapatla,AP
2026-05-07,4.5,33.3,27.6,5.25,0.319,Bapatla,AP
2026-05-08,2.5,33.5,27.2,4.82,0.309,Bapatla,AP
2026-05-09,2.1,34.5,26.1,5.31,0.312,Bapatla,AP
2026-05-10,0.0,35.7,26.4,5.78,0.289,Bapatla,AP
2026-05-11,1.3,33.6,26.5,5.41,0.269,Bapatla,AP
2026-05-12,2.2,34.3,27.1,5.47,0.249,Bapatla,AP
2026-05-13,0.5,37.3,27.4,5.75,0.23,Bapatla,AP
2026-05-14,0.4,36.2,27.6,5.51,0.222,Bapatla,AP
2026-05-15,0.0,39.7,27.8,5.92,0.228,Bapatla,AP
2026-05-16,0.2,35.9,28.9,5.7,0.224,Bapatla,AP
2026-05-17,0.1,35.4,29.3,6.16,0.215,Bapatla,AP
2026-05-18,0.0,35.6,29.7,6.42,0.223,Bapatla,AP
2026-05-19,0.3,39.0,29.6,6.27,0.228,Bapatla,AP
2026-05-20,0.2,43.8,30.6,7.27,0.23,Bapatla,AP
2026-05-21,0.1,44.4,31.4,7.9,0.236,Bapatla,AP
2026-05-22,0.3,40.9,32.6,8.65,0.25,Bapatla,AP
2026-05-23,0.1,40.2,31.6,8.16,0.253,Bapatla,AP
2026-05-24,1.4,42.2,31.7,8.77,0.27,Bapatla,AP
2026-05-25,0.2,43.4,31.3,8.22,0.264,Bapatla,AP
2026-05-26,1.2,42.8,30.8,7.94,0.256,Bapatla,AP
2026-05-27,0.0,37.7,27.8,6.57,0.295,Bapatla,AP
2026-05-28,1.8,40.6,30.0,6.99,0.299,Bapatla,AP
2026-05-29,0.0,39.7,28.6,7.59,0.293,Bapatla,AP
2026-05-30,1.6,35.6,27.3,5.73,0.291,Bapatla,AP
2026-05-31,1.5,39.6,29.2,5.88,0.281,Bapatla,AP
2026-06-01,5.2,36.2,26.6,6.12,0.301,Bapatla,AP
2026-06-02,0.2,39.7,29.5,6.5,0.313,Bapatla,AP
2026-06-03,6.2,38.9,29.0,6.02,0.309,Bapatla,AP
2026-06-04,4.1,40.0,28.0,6.34,0.291,Bapatla,AP
2026-06-05,0.8,38.7,27.5,7.09,0.279,Bapatla,AP
2026-06-06,2.1,40.3,30.5,7.11,0.261,Bapatla,AP
2026-06-07,3.1,40.4,29.9,7.07,0.262,Bapatla,AP
2026-06-08,1.4,38.5,27.3,6.75,0.236,Bapatla,AP
2026-06-09,2.9,39.6,30.7,8.2,0.243,Bapatla,AP
2026-06-10,1.9,39.6,29.2,7.69,0.268,Bapatla,AP
2026-06-11,4.4,35.2,26.0,4.61,0.322,Bapatla,AP
2026-06-12,0.0,35.2,27.4,4.08,0.314,Bapatla,AP
2026-06-13,0.0,36.5,28.0,5.4,0.346,Bapatla,AP
2026-06-14,0.0,35.2,28.2,5.58,0.325,Bapatla,AP
2026-06-15,1.3,38.5,29.2,5.82,0.337,Bapatla,AP
2026-06-16,1.9,39.2,26.7,6.59,0.28,Bapatla,AP
2026-06-17,0.0,39.9,30.3,6.38,0.293,Bapatla,AP
2026-06-18,2.1,36.2,25.8,4.02,0.359,Bapatla,AP
2026-06-19,0.1,37.3,28.0,6.14,0.316,Bapatla,AP
2026-06-20,6.4,35.5,26.6,4.8,0.336,Bapatla,AP
2026-06-21,0.8,33.1,26.0,4.22,0.349,Bapatla,AP
2026-06-22,3.4,37.7,27.7,5.76,0.351,Bapatla,AP
2026-06-23,0.3,34.8,27.6,4.75,0.34,Bapatla,AP
2026-06-24,0.0,36.0,28.9,7.33,0.331,Bapatla,AP
2026-06-25,0.2,35.6,28.5,6.1,0.285,Bapatla,AP
2026-06-26,4.3,36.7,29.3,6.16,0.263,Bapatla,AP
2026-06-27,13.5,33.8,25.8,4.48,0.333,Bapatla,AP
2026-06-28,18.3,37.5,25.9,5.63,0.304,Bapatla,AP
2026-06-29,2.9,35.5,25.6,5.35,0.401,Bapatla,AP
2026-06-30,3.4,36.2,26.6,6.46,0.361,Bapatla,AP
2026-07-01,0.3,34.2,29.6,6.62,0.34,Bapatla,AP
2026-07-02,0.3,33.9,27.5,5.19,0.288,Bapatla,AP
2026-07-03,0.1,33.9,28.5,5.15,0.251,Bapatla,AP
2026-07-04,4.5,32.0,26.4,4.07,0.224,Bapatla,AP
2026-07-05,0.5,35.8,27.6,5.5,0.203,Bapatla,AP
2026-07-06,0.0,38.5,29.8,9.23,0.207,Bapatla,AP
2026-07-07,2.1,36.3,29.0,7.29,0.255,Bapatla,AP
2026-07-08,0.1,38.4,29.6,7.56,0.313,Bapatla,AP
2026-07-09,4.8,34.9,29.7,6.0,0.369,Bapatla,AP
2026-07-10,0.2,38.0,29.0,6.89,0.327,Bapatla,AP
2026-07-11,0.2,38.1,29.7,7.17,0.31,Bapatla,AP
2026-07-12,0.0,38.1,30.9,7.65,0.289,Bapatla,AP
2026-07-13,0.0,38.9,30.8,8.24,0.273,Bapatla,AP
2026-07-14,0.0,37.6,31.4,8.35,0.269,Bapatla,AP
2026-07-15,0.0,38.6,29.4,8.15,0.259,Bapatla,AP
2026-07-16,0.9,36.9,26.7,6.05,0.264,Bapatla,AP
2026-07-17,1.6,35.3,27.5,4.88,0.302,Bapatla,AP
2026-07-18,9.0,32.9,25.8,3.88,0.453,Bapatla,AP
2026-07-19,1.1,34.2,26.1,4.61,0.411,Bapatla,AP
2026-07-20,4.3,34.2,26.0,4.56,0.403,Bapatla,AP
2026-07-21,7.4,35.4,26.8,5.62,0.39,Bapatla,AP
2026-07-22,2.3,34.8,27.1,5.61,0.367,Bapatla,AP
2026-07-23,0.4,36.3,27.5,6.52,0.326,Bapatla,AP
2026-07-24,0.0,35.1,28.5,6.02,0.295,Bapatla,AP
2026-07-25,0.6,36.2,29.5,7.04,0.287,Bapatla,AP
2026-07-26,1.8,36.6,29.9,7.09,0.277,Bapatla,AP
2026-07-27,6.1,35.5,26.1,6.15,0.301,Bapatla,AP
2026-07-28,7.9,36.3,26.2,5.55,0.289,Bapatla,AP
2026-07-29,1.8,33.0,26.4,4.99,0.314,Bapatla,AP
2026-07-30,8.5,33.3,26.5,5.19,0.334,Bapatla,AP
2026-07-31,5.7,35.1,27.2,4.79,0.398,Bapatla,AP
2026-08-01,5.1,32.8,26.4,4.03,0.426,Bapatla,AP
2026-08-02,8.4,35.2,26.7,5.57,0.425,Bapatla,AP
2026-08-03,2.0,35.6,26.9,5.75,0.384,Bapatla,AP
2026-08-04,7.2,34.7,26.3,6.05,0.394,Bapatla,AP
2026-08-05,16.7,35.1,27.0,5.6,0.38,Bapatla,AP
2026-08-06,7.3,35.3,26.7,5.02,0.401,Bapatla,AP
2026-08-07,0.0,33.7,27.2,4.96,0.38,Bapatla,AP
2026-08-08,5.6,35.5,25.5,5.83,0.351,Bapatla,AP
2026-08-09,2.4,35.5,26.8,6.0,0.333,Bapatla,AP
2026-08-10,0.2,37.0,28.5,6.26,0.311,Bapatla,AP
2026-08-11,0.8,36.7,27.5,6.7,0.278,Bapatla,AP
2026-08-12,1.1,36.1,27.0,6.23,0.36,Bapatla,AP
2026-08-13,8.6,34.5,25.6,5.13,0.45,Bapatla,AP
2026-08-14,0.2,35.8,28.8,6.39,0.398,Bapatla,AP
2026-08-15,12.8,35.1,24.8,5.81,0.405,Bapatla,AP
2026-08-16,0.6,35.2,28.2,6.18,0.34,Bapatla,AP
2026-08-17,0.7,35.6,28.0,5.96,0.311,Bapatla,AP
2026-08-18,0.7,35.6,25.8,6.02,0.272,Bapatla,AP
2026-08-19,7.3,34.5,24.5,4.54,0.3,Bapatla,AP
2026-08-20,7.0,34.3,25.1,4.9,0.361,Bapatla,AP
2026-08-21,3.3,35.2,25.1,6.12,0.431,Bapatla,AP
2026-08-22,0.4,35.1,28.5,6.12,0.398,Bapatla,AP
2026-08-23,9.0,34.1,26.6,4.75,0.372,Bapatla,AP
2026-08-24,11.1,30.9,25.7,2.78,0.449,Bapatla,AP
2026-08-25,1.6,34.5,26.7,5.18,0.404,Bapatla,AP
2026-08-26,0.6,35.3,25.5,6.46,0.333,Bapatla,AP
2026-08-27,1.3,35.0,26.9,6.34,0.33,Bapatla,AP
2026-08-28,1.1,34.9,29.3,7.1,0.315,Bapatla,AP
2026-08-29,0.3,36.0,29.5,7.73,0.288,Bapatla,AP
2026-08-30,0.0,35.1,28.6,7.51,0.295,Bapatla,AP
2026-08-31,0.9,33.5,26.4,5.86,0.321,Bapatla,AP
2026-09-01,0.1,35.3,28.2,6.39,0.301,Bapatla,AP
2026-09-02,5.6,34.9,26.1,5.07,0.334,Bapatla,AP
2026-09-03,4.3,34.8,25.3,4.72,0.339,Bapatla,AP
2026-09-04,3.8,33.5,26.3,3.35,0.403,Bapatla,AP
2026-09-05,1.9,35.4,28.1,5.27,0.364,Bapatla,AP
2026-09-06,3.0,36.6,27.7,5.2,0.354,Bapatla,AP
2026-09-07,0.9,36.0,27.5,4.99,0.375,Bapatla,AP
2026-09-08,0.9,35.6,26.5,5.19,0.389,Bapatla,AP
2026-09-09,0.6,36.6,27.8,5.54,0.359,Bapatla,AP
2026-09-10,2.0,35.0,25.9,5.03,0.418,Bapatla,AP
