date,precipitation_sum,temperature_2m_max,temperature_2m_min,et0_fao_evapotranspiration,soil_moisture_0_to_7cm_mean,district,state
2014-01-01,0.0,26.1,20.2,3.92,0.285,Kakinada,AP
2014-01-02,0.0,26.9,19.3,3.99,0.282,Kakinada,AP
2014-01-03,0.0,26.9,20.2,3.82,0.279,Kakinada,AP
2014-01-04,0.0,26.7,20.7,3.21,0.276,Kakinada,AP
2014-01-05,0.0,27.2,20.2,3.6,0.274,Kakinada,AP
2014-01-06,0.0,26.8,18.8,3.67,0.272,Kakinada,AP
2014-01-07,0.0,27.5,20.2,3.85,0.27,Kakinada,AP
2014-01-08,0.0,26.9,21.4,3.3,0.269,Kakinada,AP
2014-01-09,0.8,26.3,21.1,3.02,0.273,Kakinada,AP
2014-01-10,0.6,26.5,20.9,3.05,0.28,Kakinada,AP
2014-01-11,0.0,26.7,20.6,3.59,0.28,Kakinada,AP
2014-01-12,0.0,27.3,18.5,3.78,0.277,Kakinada,AP
2014-01-13,0.0,27.1,21.4,3.57,0.275,Kakinada,AP
2014-01-14,0.7,26.0,21.4,3.14,0.279,Kakinada,AP
2014-01-15,0.7,26.2,21.0,2.83,0.286,Kakinada,AP
2014-01-16,0.7,26.5,20.3,3.12,0.291,Kakinada,AP
2014-01-17,0.3,26.5,20.4,3.45,0.294,Kakinada,AP
2014-01-18,0.0,26.5,22.2,4.06,0.293,Kakinada,AP
2014-01-19,0.0,27.3,21.2,4.42,0.287,Kakinada,AP
2014-01-20,0.0,27.3,21.6,4.14,0.282,Kakinada,AP
2014-01-21,0.0,27.1,21.5,3.98,0.278,Kakinada,AP
2014-01-22,0.3,25.6,21.7,3.33,0.278,Kakinada,AP
2014-01-23,0.1,26.2,21.4,3.71,0.28,Kakinada,AP
2014-01-24,0.0,27.1,19.3,3.86,0.277,Kakinada,AP
2014-01-25,0.0,27.2,21.5,4.06,0.274,Kakinada,AP
2014-01-26,0.0,27.2,21.1,4.37,0.27,Kakinada,AP
2014-01-27,0.6,26.6,21.6,3.67,0.272,Kakinada,AP
2014-01-28,0.3,26.8,21.3,3.72,0.275,Kakinada,AP
2014-01-29,0.0,26.5,20.9,4.61,0.273,Kakinada,AP
2014-01-30,0.0,26.8,20.3,4.5,0.27,Kakinada,AP
2014-01-31,0.0,27.2,20.5,4.52,0.267,Kakinada,AP
2014-02-01,0.0,27.0,21.0,4.34,0.264,Kakinada,AP
2014-02-02,0.0,27.7,20.4,4.29,0.262,Kakinada,AP
2014-02-03,0.0,28.2,18.7,4.18,0.26,Kakinada,AP
2014-02-04,0.0,29.8,18.7,4.36,0.258,Kakinada,AP
2014-02-05,0.0,29.5,20.1,4.05,0.257,Kakinada,AP
2014-02-06,0.0,30.1,20.2,4.18,0.256,Kakinada,AP
2014-02-07,0.0,30.2,20.3,4.54,0.255,Kakinada,AP
2014-02-08,0.0,30.5,19.5,4.92,0.253,Kakinada,AP
2014-02-09,0.0,30.9,19.6,4.97,0.252,Kakinada,AP
2014-02-10,0.0,30.4,19.2,4.67,0.251,Kakinada,AP
2014-02-11,0.0,29.5,19.3,4.68,0.25,Kakinada,AP
2014-02-12,0.0,29.7,20.1,4.63,0.25,Kakinada,AP
2014-02-13,0.0,27.9,20.2,4.16,0.249,Kakinada,AP
2014-02-14,0.0,27.9,20.1,3.96,0.249,Kakinada,AP
2014-02-15,0.0,27.5,20.3,3.38,0.249,Kakinada,AP
2014-02-16,0.0,28.0,22.0,3.37,0.251,Kakinada,AP
2014-02-17,0.1,28.1,20.5,3.91,0.254,Kakinada,AP
2014-02-18,0.0,27.6,22.0,4.59,0.255,Kakinada,AP
2014-02-19,0.0,27.8,21.3,5.17,0.254,Kakinada,AP
2014-02-20,0.0,27.7,19.6,4.8,0.252,Kakinada,AP
2014-02-21,0.0,28.0,19.2,4.72,0.251,Kakinada,AP
2014-02-22,0.0,27.8,19.8,4.85,0.25,Kakinada,AP
2014-02-23,0.0,27.0,21.5,5.12,0.25,Kakinada,AP
2014-02-24,0.0,27.6,21.5,5.19,0.249,Kakinada,AP
2014-02-25,0.0,28.0,21.6,5.08,0.248,Kakinada,AP
2014-02-26,0.0,28.7,21.1,4.98,0.248,Kakinada,AP
2014-02-27,0.0,28.6,21.0,4.88,0.248,Kakinada,AP
2014-02-28,0.0,28.2,20.9,4.84,0.247,Kakinada,AP
2014-03-01,0.0,28.7,23.0,4.85,0.247,Kakinada,AP
2014-03-02,0.0,29.0,21.4,4.92,0.247,Kakinada,AP
2014-03-03,0.0,28.5,22.1,3.87,0.247,Kakinada,AP
2014-03-04,0.0,29.2,23.6,4.71,0.248,Kakinada,AP
2014-03-05,0.0,28.2,22.6,4.49,0.249,Kakinada,AP
2014-03-06,0.0,29.4,22.3,5.13,0.249,Kakinada,AP
2014-03-07,0.0,29.1,23.0,5.04,0.248,Kakinada,AP
2014-03-08,0.0,29.2,22.5,4.99,0.248,Kakinada,AP
2014-03-09,0.0,29.8,23.4,4.86,0.247,Kakinada,AP
2014-03-10,0.0,30.1,22.7,4.69,0.247,Kakinada,AP
2014-03-11,0.0,29.5,22.7,4.86,0.246,Kakinada,AP
2014-03-12,0.0,29.4,22.9,4.27,0.246,Kakinada,AP
2014-03-13,0.0,30.9,23.3,4.03,0.246,Kakinada,AP
2014-03-14,0.0,32.4,24.2,5.32,0.246,Kakinada,AP
2014-03-15,0.0,32.9,22.1,5.53,0.246,Kakinada,AP
2014-03-16,0.0,32.7,23.6,5.26,0.246,Kakinada,AP
2014-03-17,0.0,33.1,23.1,5.55,0.245,Kakinada,AP
2014-03-18,0.0,34.1,22.3,5.9,0.245,Kakinada,AP
2014-03-19,0.0,34.7,22.9,6.07,0.245,Kakinada,AP
2014-03-20,0.0,33.8,23.5,5.77,0.245,Kakinada,AP
2014-03-21,0.0,33.9,23.5,5.55,0.245,Kakinada,AP
2014-03-22,0.0,33.4,23.4,5.56,0.245,Kakinada,AP
2014-03-23,0.0,33.5,23.4,5.66,0.245,Kakinada,AP
2014-03-24,0.0,32.4,23.8,5.55,0.245,Kakinada,AP
2014-03-25,0.0,32.0,23.7,5.34,0.245,Kakinada,AP
2014-03-26,0.0,33.5,22.6,5.86,0.245,Kakinada,AP
2014-03-27,0.0,34.7,23.4,6.39,0.245,Kakinada,AP
2014-03-28,0.0,36.2,23.9,7.09,0.245,Kakinada,AP
2014-03-29,0.0,37.1,25.2,7.07,0.245,Kakinada,AP
2014-03-30,0.0,36.2,24.7,6.67,0.245,Kakinada,AP
2014-03-31,0.0,35.9,25.6,6.58,0.245,Kakinada,AP
2014-04-01,0.0,35.3,24.0,6.38,0.245,Kakinada,AP
2014-04-02,0.0,34.8,24.1,6.21,0.245,Kakinada,AP
2014-04-03,0.0,34.2,25.2,5.84,0.245,Kakinada,AP
2014-04-04,0.0,34.7,24.8,6.2,0.245,Kakinada,AP
2014-04-05,0.0,34.8,24.6,5.96,0.245,Kakinada,AP
2014-04-06,0.0,33.7,25.0,5.65,0.245,Kakinada,AP
2014-04-07,0.0,34.5,25.3,5.92,0.245,Kakinada,AP
2014-04-08,0.0,35.2,25.3,6.18,0.245,Kakinada,AP
2014-04-09,0.6,35.9,26.1,5.74,0.248,Kakinada,AP
2014-04-10,0.0,35.7,26.6,5.46,0.253,Kakinada,AP
2014-04-11,0.5,34.5,25.4,5.45,0.254,Kakinada,AP
2014-04-12,0.1,33.4,26.5,5.33,0.257,Kakinada,AP
2014-04-13,0.0,32.7,26.7,5.4,0.255,Kakinada,AP
2014-04-14,0.0,33.4,25.0,5.63,0.253,Kakinada,AP
2014-04-15,0.0,34.1,25.0,5.91,0.252,Kakinada,AP
2014-04-16,0.7,34.4,26.0,5.96,0.253,Kakinada,AP
2014-04-17,0.0,34.1,26.2,6.02,0.257,Kakinada,AP
2014-04-18,0.0,34.2,24.9,6.02,0.255,Kakinada,AP
2014-04-19,0.0,35.2,25.2,6.15,0.252,Kakinada,AP
2014-04-20,0.3,36.4,26.6,6.39,0.251,Kakinada,AP
2014-04-21,0.0,34.4,26.5,5.86,0.252,Kakinada,AP
2014-04-22,0.0,34.8,25.8,6.07,0.251,Kakinada,AP
2014-04-23,0.0,35.8,25.2,6.24,0.249,Kakinada,AP
2014-04-24,0.0,35.7,26.8,6.52,0.248,Kakinada,AP
2014-04-25,0.0,36.7,27.2,6.56,0.248,Kakinada,AP
2014-04-26,0.0,35.2,27.8,5.84,0.247,Kakinada,AP
2014-04-27,0.0,34.9,27.2,6.12,0.246,Kakinada,AP
2014-04-28,0.0,35.3,27.1,6.3,0.246,Kakinada,AP
2014-04-29,0.0,35.2,26.8,6.07,0.246,Kakinada,AP
2014-04-30,0.0,34.9,26.5,5.98,0.246,Kakinada,AP
2014-05-01,0.0,35.4,27.2,6.44,0.246,Kakinada,AP
2014-05-02,0.0,35.3,27.6,5.96,0.247,Kakinada,AP
2014-05-03,0.5,35.1,27.9,5.9,0.249,Kakinada,AP
2014-05-04,0.8,35.0,27.7,5.85,0.255,Kakinada,AP
2014-05-05,0.6,32.8,27.0,5.08,0.263,Kakinada,AP
2014-05-06,1.2,33.7,26.6,5.0,0.271,Kakinada,AP
2014-05-07,2.0,33.9,26.7,5.63,0.285,Kakinada,AP
2014-05-08,1.6,34.9,27.4,5.84,0.29,Kakinada,AP
2014-05-09,11.4,32.6,26.1,3.89,0.329,Kakinada,AP
2014-05-10,47.2,30.5,25.4,3.31,0.458,Kakinada,AP
2014-05-11,0.0,33.8,26.9,5.51,0.434,Kakinada,AP
2014-05-12,0.0,35.4,27.3,6.07,0.41,Kakinada,AP
2014-05-13,0.0,35.2,27.2,5.89,0.389,Kakinada,AP
2014-05-14,0.0,36.3,27.6,5.96,0.37,Kakinada,AP
2014-05-15,0.0,36.4,27.7,5.98,0.351,Kakinada,AP
2014-05-16,0.0,35.9,27.2,5.85,0.335,Kakinada,AP
2014-05-17,0.0,35.1,28.0,5.68,0.321,Kakinada,AP
2014-05-18,0.0,34.9,28.2,5.68,0.31,Kakinada,AP
2014-05-19,0.2,33.9,28.1,4.6,0.302,Kakinada,AP
2014-05-20,0.0,34.8,27.7,5.77,0.294,Kakinada,AP
2014-05-21,0.0,37.2,28.1,6.11,0.285,Kakinada,AP
2014-05-22,0.0,38.9,29.4,6.11,0.278,Kakinada,AP
2014-05-23,0.0,37.9,29.0,6.1,0.272,Kakinada,AP
2014-05-24,0.0,35.6,29.4,5.61,0.267,Kakinada,AP
2014-05-25,1.2,33.2,28.5,3.39,0.268,Kakinada,AP
2014-05-26,0.9,34.5,26.1,5.09,0.29,Kakinada,AP
2014-05-27,1.0,34.8,28.2,5.61,0.29,Kakinada,AP
2014-05-28,0.6,35.1,28.3,6.0,0.287,Kakinada,AP
2014-05-29,0.0,35.6,28.7,6.12,0.28,Kakinada,AP
2014-05-30,0.0,36.0,28.6,6.2,0.273,Kakinada,AP
2014-05-31,0.0,36.5,28.3,6.25,0.267,Kakinada,AP
2014-06-01,0.0,35.0,29.0,5.32,0.263,Kakinada,AP
2014-06-02,1.8,34.2,28.8,4.99,0.272,Kakinada,AP
2014-06-03,11.3,34.5,26.2,4.74,0.383,Kakinada,AP
2014-06-04,1.1,33.9,28.3,5.13,0.385,Kakinada,AP
2014-06-05,1.0,35.3,28.5,5.53,0.365,Kakinada,AP
2014-06-06,0.2,35.8,28.8,5.81,0.343,Kakinada,AP
2014-06-07,0.0,37.1,29.4,6.0,0.321,Kakinada,AP
2014-06-08,0.0,38.4,30.1,6.2,0.303,Kakinada,AP
2014-06-09,0.2,37.0,30.0,5.16,0.291,Kakinada,AP
2014-06-10,0.0,39.1,30.3,8.16,0.281,Kakinada,AP
2014-06-11,0.0,39.7,30.6,8.48,0.271,Kakinada,AP
2014-06-12,0.1,40.4,31.7,8.82,0.265,Kakinada,AP
2014-06-13,0.8,40.4,29.8,8.3,0.261,Kakinada,AP
2014-06-14,0.9,37.3,29.0,6.59,0.272,Kakinada,AP
2014-06-15,0.2,38.2,30.2,8.23,0.274,Kakinada,AP
2014-06-16,0.5,39.4,31.2,8.3,0.269,Kakinada,AP
2014-06-17,1.4,38.8,31.1,7.79,0.273,Kakinada,AP
2014-06-18,0.0,34.7,29.3,5.09,0.28,Kakinada,AP
2014-06-19,0.1,35.8,29.0,4.8,0.276,Kakinada,AP
2014-06-20,1.3,34.3,29.3,5.19,0.279,Kakinada,AP
2014-06-21,0.0,36.5,29.3,6.33,0.281,Kakinada,AP
2014-06-22,0.0,35.8,29.7,6.45,0.272,Kakinada,AP
2014-06-23,0.0,38.3,29.1,7.08,0.267,Kakinada,AP
2014-06-24,0.0,39.5,29.7,8.5,0.261,Kakinada,AP
2014-06-25,0.0,39.7,29.9,8.0,0.256,Kakinada,AP
2014-06-26,0.0,38.2,30.1,5.85,0.253,Kakinada,AP
2014-06-27,10.5,31.5,26.9,2.59,0.297,Kakinada,AP
2014-06-28,0.4,31.3,27.7,4.58,0.352,Kakinada,AP
2014-06-29,0.0,34.5,27.5,5.26,0.336,Kakinada,AP
2014-06-30,0.2,35.9,28.3,4.53,0.32,Kakinada,AP
2014-07-01,0.0,37.2,29.2,5.35,0.304,Kakinada,AP
2014-07-02,0.0,37.4,29.1,7.59,0.29,Kakinada,AP
2014-07-03,0.0,38.3,29.9,7.25,0.278,Kakinada,AP
2014-07-04,0.0,37.9,30.0,6.54,0.27,Kakinada,AP
2014-07-05,2.1,37.2,29.2,5.81,0.274,Kakinada,AP
2014-07-06,13.9,34.4,27.6,4.88,0.367,Kakinada,AP
2014-07-07,11.2,34.0,26.1,4.74,0.458,Kakinada,AP
2014-07-08,9.5,33.7,27.1,4.74,0.468,Kakinada,AP
2014-07-09,5.0,33.7,27.2,4.95,0.455,Kakinada,AP
2014-07-10,1.6,33.0,27.0,4.43,0.434,Kakinada,AP
2014-07-11,5.1,28.7,25.9,2.74,0.453,Kakinada,AP
2014-07-12,6.7,27.9,25.5,2.19,0.46,Kakinada,AP
2014-07-13,6.1,29.9,25.5,2.91,0.477,Kakinada,AP
2014-07-14,14.3,27.9,25.8,2.34,0.484,Kakinada,AP
2014-07-15,1.2,29.2,26.4,3.06,0.475,Kakinada,AP
2014-07-16,6.3,31.6,25.4,4.04,0.483,Kakinada,AP
2014-07-17,0.1,31.9,27.4,4.82,0.452,Kakinada,AP
2014-07-18,3.7,29.3,27.1,2.61,0.46,Kakinada,AP
2014-07-19,8.5,28.2,25.8,2.32,0.479,Kakinada,AP
2014-07-20,10.6,29.1,25.5,3.31,0.491,Kakinada,AP
2014-07-21,5.2,29.5,25.6,3.14,0.493,Kakinada,AP
2014-07-22,0.8,30.1,26.2,5.0,0.47,Kakinada,AP
2014-07-23,3.8,31.3,26.3,4.6,0.456,Kakinada,AP
2014-07-24,0.0,31.5,25.8,5.15,0.455,Kakinada,AP
2014-07-25,0.0,33.0,26.9,5.77,0.425,Kakinada,AP
2014-07-26,3.1,29.8,26.3,3.2,0.417,Kakinada,AP
2014-07-27,73.0,26.2,24.9,1.23,0.475,Kakinada,AP
2014-07-28,37.3,26.2,24.4,1.59,0.479,Kakinada,AP
2014-07-29,13.7,28.2,24.8,2.45,0.488,Kakinada,AP
2014-07-30,10.2,28.6,24.9,2.84,0.502,Kakinada,AP
2014-07-31,0.0,30.5,26.0,3.63,0.481,Kakinada,AP
2014-08-01,1.7,32.0,26.1,4.97,0.469,Kakinada,AP
2014-08-02,2.1,31.4,26.5,4.21,0.47,Kakinada,AP
2014-08-03,1.3,30.6,27.6,3.84,0.454,Kakinada,AP
2014-08-04,0.3,29.5,27.4,3.65,0.45,Kakinada,AP
2014-08-05,7.3,30.4,25.2,3.58,0.475,Kakinada,AP
2014-08-06,2.0,31.8,25.9,5.25,0.467,Kakinada,AP
2014-08-07,0.2,31.3,27.2,4.74,0.441,Kakinada,AP
2014-08-08,0.0,32.5,26.8,5.61,0.422,Kakinada,AP
2014-08-09,0.2,32.5,26.9,5.3,0.404,Kakinada,AP
2014-08-10,0.0,32.7,27.2,4.76,0.39,Kakinada,AP
2014-08-11,6.8,32.1,26.3,4.55,0.43,Kakinada,AP
2014-08-12,5.6,32.4,26.3,4.8,0.463,Kakinada,AP
2014-08-13,5.8,31.6,26.4,3.44,0.479,Kakinada,AP
2014-08-14,0.3,33.3,27.3,5.03,0.453,Kakinada,AP
2014-08-15,0.3,32.4,27.5,4.45,0.429,Kakinada,AP
2014-08-16,1.2,30.2,27.2,2.96,0.421,Kakinada,AP
2014-08-17,0.0,31.1,26.4,3.58,0.41,Kakinada,AP
2014-08-18,1.6,32.5,25.9,4.68,0.405,Kakinada,AP
2014-08-19,2.4,31.6,25.5,4.57,0.423,Kakinada,AP
2014-08-20,0.8,32.1,26.7,5.07,0.413,Kakinada,AP
2014-08-21,0.2,31.6,26.5,4.51,0.398,Kakinada,AP
2014-08-22,0.6,30.8,26.3,4.54,0.388,Kakinada,AP
2014-08-23,4.2,30.6,25.7,4.01,0.401,Kakinada,AP
2014-08-24,4.1,30.2,25.4,3.24,0.448,Kakinada,AP
2014-08-25,3.4,31.5,25.1,3.81,0.444,Kakinada,AP
2014-08-26,17.5,30.0,25.1,2.97,0.461,Kakinada,AP
2014-08-27,5.9,27.2,24.9,1.9,0.487,Kakinada,AP
2014-08-28,22.9,27.5,24.7,1.71,0.498,Kakinada,AP
2014-08-29,23.9,28.6,24.4,2.4,0.47,Kakinada,AP
2014-08-30,4.3,27.2,25.5,2.07,0.469,Kakinada,AP
2014-08-31,20.5,28.0,25.7,2.0,0.473,Kakinada,AP
2014-09-01,17.9,28.8,24.8,2.89,0.485,Kakinada,AP
2014-09-02,1.8,31.0,26.4,3.08,0.486,Kakinada,AP
2014-09-03,4.9,31.3,26.2,3.58,0.489,Kakinada,AP
2014-09-04,7.8,30.7,25.5,2.97,0.498,Kakinada,AP
2014-09-05,18.3,27.7,25.1,1.82,0.486,Kakinada,AP
2014-09-06,45.2,25.4,24.3,1.28,0.482,Kakinada,AP
2014-09-07,26.7,29.5,24.4,3.96,0.454,Kakinada,AP
2014-09-08,0.5,30.9,26.1,4.95,0.417,Kakinada,AP
2014-09-09,0.1,31.0,26.1,5.02,0.411,Kakinada,AP
2014-09-10,0.0,30.1,26.2,3.84,0.4,Kakinada,AP
2014-09-11,0.7,29.5,25.0,3.67,0.397,Kakinada,AP
2014-09-12,3.2,31.8,26.4,4.25,0.407,Kakinada,AP
2014-09-13,0.0,31.3,26.1,3.98,0.422,Kakinada,AP
2014-09-14,6.7,31.7,26.5,4.05,0.433,Kakinada,AP
2014-09-15,4.6,30.8,26.3,3.13,0.461,Kakinada,AP
2014-09-16,19.7,27.1,25.4,1.23,0.495,Kakinada,AP
2014-09-17,26.2,30.8,25.3,2.71,0.474,Kakinada,AP
2014-09-18,17.8,31.5,25.2,4.15,0.47,Kakinada,AP
2014-09-19,5.0,30.7,25.7,2.85,0.463,Kakinada,AP
2014-09-20,1.9,29.5,25.5,2.87,0.477,Kakinada,AP
2014-09-21,1.2,32.5,25.6,4.6,0.465,Kakinada,AP
2014-09-22,0.0,32.3,26.7,4.71,0.454,Kakinada,AP
2014-09-23,2.2,32.2,26.5,4.18,0.446,Kakinada,AP
2014-09-24,6.3,31.7,25.4,3.63,0.48,Kakinada,AP
2014-09-25,2.0,31.7,25.8,4.63,0.477,Kakinada,AP
2014-09-26,1.5,31.7,25.3,4.47,0.46,Kakinada,AP
2014-09-27,0.7,31.0,25.6,4.54,0.452,Kakinada,AP
2014-09-28,0.7,30.9,25.6,4.4,0.441,Kakinada,AP
2014-09-29,0.0,31.6,24.7,4.86,0.428,Kakinada,AP
2014-09-30,0.0,32.1,25.0,4.81,0.411,Kakinada,AP
2014-10-01,0.3,31.8,24.7,4.58,0.399,Kakinada,AP
2014-10-02,0.8,31.5,25.3,4.42,0.394,Kakinada,AP
2014-10-03,3.1,31.7,25.3,4.15,0.406,Kakinada,AP
2014-10-04,1.7,31.7,25.5,4.19,0.428,Kakinada,AP
2014-10-05,6.4,31.4,25.6,3.8,0.441,Kakinada,AP
2014-10-06,6.7,29.6,24.7,3.39,0.48,Kakinada,AP
2014-10-07,1.8,29.3,25.1,3.86,0.467,Kakinada,AP
2014-10-08,3.5,30.0,25.5,3.97,0.455,Kakinada,AP
2014-10-09,0.0,31.2,25.5,4.09,0.445,Kakinada,AP
2014-10-10,0.0,32.2,25.9,3.54,0.426,Kakinada,AP
2014-10-11,1.2,31.4,27.0,3.59,0.414,Kakinada,AP
2014-10-12,88.2,26.2,23.7,1.88,0.481,Kakinada,AP
2014-10-13,3.1,31.3,24.5,4.66,0.439,Kakinada,AP
2014-10-14,0.9,30.3,26.4,3.9,0.441,Kakinada,AP
2014-10-15,2.4,29.7,25.2,3.8,0.452,Kakinada,AP
2014-10-16,2.9,30.3,25.1,4.01,0.457,Kakinada,AP
2014-10-17,0.3,30.1,25.1,4.11,0.457,Kakinada,AP
2014-10-18,0.7,29.7,25.0,3.85,0.447,Kakinada,AP
2014-10-19,1.3,29.6,25.1,3.84,0.444,Kakinada,AP
2014-10-20,0.0,29.9,25.3,4.71,0.434,Kakinada,AP
2014-10-21,0.1,29.0,25.2,3.94,0.419,Kakinada,AP
2014-10-22,0.4,29.3,25.0,4.39,0.411,Kakinada,AP
2014-10-23,0.4,29.3,24.8,4.19,0.406,Kakinada,AP
2014-10-24,0.0,29.7,25.0,4.15,0.397,Kakinada,AP
2014-10-25,0.7,28.8,25.2,3.0,0.392,Kakinada,AP
2014-10-26,7.2,28.3,24.1,2.32,0.44,Kakinada,AP
2014-10-27,27.3,27.2,24.4,2.66,0.476,Kakinada,AP
2014-10-28,4.7,27.8,24.0,2.74,0.498,Kakinada,AP
2014-10-29,0.0,29.4,23.8,4.61,0.475,Kakinada,AP
2014-10-30,0.0,29.4,23.5,4.77,0.457,Kakinada,AP
2014-10-31,0.0,29.2,23.4,4.8,0.442,Kakinada,AP
2014-11-01,0.0,28.5,24.6,3.51,0.431,Kakinada,AP
2014-11-02,0.0,29.1,24.3,3.61,0.422,Kakinada,AP
2014-11-03,0.0,29.1,24.1,3.35,0.414,Kakinada,AP
2014-11-04,0.0,29.5,23.6,3.99,0.405,Kakinada,AP
2014-11-05,0.0,30.1,22.4,4.12,0.395,Kakinada,AP
2014-11-06,0.0,31.0,21.6,3.93,0.386,Kakinada,AP
2014-11-07,0.0,30.4,21.1,4.43,0.376,Kakinada,AP
2014-11-08,4.5,29.9,23.2,3.79,0.372,Kakinada,AP
2014-11-09,5.0,27.2,25.3,2.21,0.43,Kakinada,AP
2014-11-10,1.7,29.1,24.8,3.26,0.443,Kakinada,AP
2014-11-11,0.6,29.4,24.7,3.95,0.43,Kakinada,AP
2014-11-12,4.8,28.8,24.6,3.03,0.421,Kakinada,AP
2014-11-13,3.1,28.2,24.6,2.94,0.455,Kakinada,AP
2014-11-14,0.3,29.1,24.5,3.62,0.437,Kakinada,AP
2014-11-15,0.0,29.2,23.2,3.84,0.418,Kakinada,AP
2014-11-16,0.0,29.3,22.1,3.95,0.402,Kakinada,AP
2014-11-17,0.0,29.4,21.8,3.99,0.388,Kakinada,AP
2014-11-18,0.0,28.8,22.6,3.75,0.377,Kakinada,AP
2014-11-19,0.7,28.4,24.1,3.67,0.373,Kakinada,AP
2014-11-20,0.0,28.5,23.7,3.94,0.366,Kakinada,AP
2014-11-21,0.0,28.4,22.5,4.08,0.356,Kakinada,AP
2014-11-22,0.0,28.5,20.6,3.94,0.346,Kakinada,AP
2014-11-23,0.0,28.1,20.9,3.41,0.338,Kakinada,AP
2014-11-24,0.0,28.2,22.8,4.04,0.331,Kakinada,AP
2014-11-25,0.0,27.7,22.2,4.39,0.323,Kakinada,AP
2014-11-26,0.0,27.9,20.2,4.14,0.316,Kakinada,AP
2014-11-27,0.0,28.0,20.0,4.14,0.309,Kakinada,AP
2014-11-28,0.0,27.8,21.5,3.89,0.304,Kakinada,AP
2014-11-29,0.0,28.4,22.0,4.27,0.299,Kakinada,AP
2014-11-30,0.0,29.3,21.9,4.58,0.294,Kakinada,AP
2014-12-01,0.0,29.4,20.7,4.23,0.289,Kakinada,AP
2014-12-02,0.0,29.0,19.1,3.97,0.284,Kakinada,AP
2014-12-03,0.0,28.7,19.2,3.99,0.28,Kakinada,AP
2014-12-04,0.0,28.5,18.8,3.97,0.277,Kakinada,AP
2014-12-05,0.0,27.7,18.8,3.82,0.274,Kakinada,AP
2014-12-06,0.0,27.5,20.4,3.96,0.272,Kakinada,AP
2014-12-07,0.0,28.1,20.9,3.85,0.27,Kakinada,AP
2014-12-08,0.0,28.2,22.1,3.7,0.268,Kakinada,AP
2014-12-09,0.0,28.4,22.7,3.8,0.266,Kakinada,AP
2014-12-10,0.0,27.9,23.1,3.4,0.265,Kakinada,AP
2014-12-11,0.0,28.1,23.0,3.63,0.264,Kakinada,AP
2014-12-12,0.0,27.6,23.5,4.01,0.264,Kakinada,AP
2014-12-13,0.0,27.3,23.3,4.23,0.263,Kakinada,AP
2014-12-14,0.0,27.8,22.4,3.9,0.262,Kakinada,AP
2014-12-15,0.0,28.1,22.7,3.57,0.26,Kakinada,AP
2014-12-16,0.0,28.6,22.8,3.81,0.259,Kakinada,AP
2014-12-17,0.0,28.5,22.9,3.89,0.258,Kakinada,AP
2014-12-18,0.3,27.4,22.3,4.63,0.26,Kakinada,AP
2014-12-19,0.0,26.5,20.8,5.02,0.259,Kakinada,AP
2014-12-20,0.0,26.0,19.6,4.54,0.257,Kakinada,AP
2014-12-21,0.0,26.2,19.3,4.25,0.256,Kakinada,AP
2014-12-22,0.0,25.9,19.7,4.28,0.255,Kakinada,AP
2014-12-23,0.0,26.1,19.8,4.2,0.254,Kakinada,AP
2014-12-24,0.0,26.6,19.9,4.16,0.253,Kakinada,AP
2014-12-25,0.0,26.6,20.2,4.02,0.253,Kakinada,AP
2014-12-26,0.0,26.6,20.0,4.15,0.252,Kakinada,AP
2014-12-27,0.0,26.6,19.9,4.25,0.252,Kakinada,AP
2014-12-28,0.0,26.2,20.8,4.58,0.251,Kakinada,AP
2014-12-29,18.8,24.1,19.5,2.32,0.319,Kakinada,AP
2014-12-30,9.2,26.1,20.6,3.15,0.449,Kakinada,AP
2014-12-31,0.2,27.5,22.0,4.21,0.446,Kakinada,AP
2015-01-01,0.0,29.4,23.2,3.45,0.41,Kakinada,AP
2015-01-02,0.0,27.9,22.8,3.0,0.392,Kakinada,AP
2015-01-03,0.6,28.2,22.4,3.11,0.383,Kakinada,AP
2015-01-04,0.2,28.6,22.0,3.34,0.375,Kakinada,AP
2015-01-05,0.2,27.8,22.4,3.25,0.367,Kakinada,AP
2015-01-06,0.5,27.6,21.9,3.32,0.362,Kakinada,AP
2015-01-07,0.3,28.2,20.6,3.46,0.354,Kakinada,AP
2015-01-08,0.3,28.0,21.1,3.61,0.346,Kakinada,AP
2015-01-09,0.0,27.3,18.7,3.98,0.335,Kakinada,AP
2015-01-10,0.0,26.8,20.2,4.29,0.323,Kakinada,AP
2015-01-11,0.0,26.5,18.7,4.48,0.313,Kakinada,AP
2015-01-12,0.0,26.6,19.3,4.31,0.303,Kakinada,AP
2015-01-13,0.0,26.8,19.6,4.1,0.296,Kakinada,AP
2015-01-14,0.0,26.5,20.4,4.24,0.29,Kakinada,AP
2015-01-15,0.0,27.5,20.1,4.58,0.285,Kakinada,AP
2015-01-16,0.0,28.5,20.5,4.41,0.279,Kakinada,AP
2015-01-17,0.0,27.5,20.6,4.24,0.275,Kakinada,AP
2015-01-18,0.0,27.7,17.5,4.37,0.271,Kakinada,AP
2015-01-19,0.0,27.1,18.0,4.3,0.268,Kakinada,AP
2015-01-20,0.0,26.2,19.7,4.22,0.265,Kakinada,AP
2015-01-21,0.0,26.0,19.6,4.59,0.263,Kakinada,AP
2015-01-22,0.0,25.9,19.5,4.48,0.261,Kakinada,AP
2015-01-23,0.0,27.1,18.6,4.22,0.259,Kakinada,AP
2015-01-24,0.0,27.2,17.8,4.22,0.258,Kakinada,AP
2015-01-25,0.0,27.3,20.3,4.34,0.257,Kakinada,AP
2015-01-26,0.0,27.3,20.8,4.23,0.256,Kakinada,AP
2015-01-27,0.0,27.3,20.0,4.17,0.255,Kakinada,AP
2015-01-28,0.0,27.2,19.4,4.14,0.254,Kakinada,AP
2015-01-29,0.0,27.2,20.6,4.22,0.253,Kakinada,AP
2015-01-30,0.0,27.9,20.2,3.84,0.252,Kakinada,AP
2015-01-31,0.0,27.6,20.0,3.63,0.253,Kakinada,AP
2015-02-01,0.0,27.8,21.3,3.75,0.254,Kakinada,AP
2015-02-02,0.7,27.1,22.2,4.02,0.258,Kakinada,AP
2015-02-03,0.0,27.3,20.8,4.71,0.259,Kakinada,AP
2015-02-04,0.0,28.6,19.9,4.93,0.257,Kakinada,AP
2015-02-05,0.0,29.1,17.5,4.78,0.255,Kakinada,AP
2015-02-06,0.0,28.2,19.9,4.42,0.254,Kakinada,AP
2015-02-07,0.0,28.2,20.7,4.42,0.253,Kakinada,AP
2015-02-08,0.0,28.3,21.1,4.6,0.252,Kakinada,AP
2015-02-09,0.0,27.5,21.6,4.76,0.251,Kakinada,AP
2015-02-10,0.0,27.6,21.8,4.58,0.25,Kakinada,AP
2015-02-11,0.0,28.0,21.7,4.66,0.25,Kakinada,AP
2015-02-12,0.0,28.2,21.3,4.54,0.249,Kakinada,AP
2015-02-13,0.0,30.1,20.4,4.59,0.249,Kakinada,AP
2015-02-14,0.0,31.6,19.4,4.75,0.248,Kakinada,AP
2015-02-15,0.0,30.4,21.3,4.37,0.248,Kakinada,AP
2015-02-16,0.0,30.2,22.4,4.42,0.247,Kakinada,AP
2015-02-17,0.0,31.1,21.3,4.81,0.247,Kakinada,AP
2015-02-18,0.0,30.8,22.1,4.88,0.247,Kakinada,AP
2015-02-19,0.0,30.1,21.7,4.69,0.247,Kakinada,AP
2015-02-20,0.0,29.9,21.2,4.58,0.246,Kakinada,AP
2015-02-21,0.0,30.4,20.6,4.67,0.246,Kakinada,AP
2015-02-22,0.0,31.7,21.1,4.97,0.246,Kakinada,AP
2015-02-23,0.0,32.1,21.9,5.39,0.246,Kakinada,AP
2015-02-24,0.0,31.6,20.2,5.52,0.246,Kakinada,AP
2015-02-25,0.0,31.4,20.2,5.49,0.246,Kakinada,AP
2015-02-26,0.0,30.9,20.4,5.5,0.246,Kakinada,AP
2015-02-27,0.0,30.0,19.9,5.32,0.246,Kakinada,AP
2015-02-28,0.0,29.3,22.3,5.04,0.246,Kakinada,AP
2015-03-01,0.0,29.4,23.2,4.47,0.246,Kakinada,AP
2015-03-02,0.0,30.2,23.2,4.57,0.246,Kakinada,AP
2015-03-03,0.2,31.1,22.6,4.58,0.247,Kakinada,AP
2015-03-04,0.8,31.2,23.7,4.45,0.252,Kakinada,AP
2015-03-05,0.3,31.8,24.5,4.45,0.257,Kakinada,AP
2015-03-06,1.4,31.1,24.2,4.61,0.266,Kakinada,AP
2015-03-07,1.6,31.1,24.4,4.37,0.278,Kakinada,AP
2015-03-08,0.3,30.6,24.0,4.36,0.291,Kakinada,AP
2015-03-09,0.0,31.4,23.9,4.76,0.288,Kakinada,AP
2015-03-10,0.0,32.6,23.3,5.73,0.281,Kakinada,AP
2015-03-11,0.0,32.1,21.6,5.93,0.274,Kakinada,AP
2015-03-12,0.0,31.8,23.7,5.76,0.269,Kakinada,AP
2015-03-13,0.0,33.0,21.9,5.67,0.265,Kakinada,AP
2015-03-14,0.0,32.5,23.4,5.59,0.261,Kakinada,AP
2015-03-15,0.0,32.2,22.7,5.51,0.258,Kakinada,AP
2015-03-16,0.0,32.2,21.6,5.27,0.256,Kakinada,AP
2015-03-17,0.0,33.1,22.2,5.58,0.254,Kakinada,AP
2015-03-18,0.0,35.1,22.4,6.32,0.252,Kakinada,AP
2015-03-19,0.0,33.9,22.2,5.49,0.25,Kakinada,AP
2015-03-20,0.0,33.4,25.4,5.4,0.249,Kakinada,AP
2015-03-21,0.0,34.4,24.8,5.57,0.248,Kakinada,AP
2015-03-22,0.0,35.3,24.6,5.68,0.248,Kakinada,AP
2015-03-23,0.0,35.2,24.7,6.0,0.247,Kakinada,AP
2015-03-24,0.0,34.0,24.3,5.47,0.247,Kakinada,AP
2015-03-25,0.0,33.2,26.1,5.12,0.248,Kakinada,AP
2015-03-26,0.0,32.4,25.1,5.37,0.248,Kakinada,AP
2015-03-27,0.0,32.4,25.0,5.45,0.247,Kakinada,AP
2015-03-28,0.0,33.4,25.4,5.77,0.247,Kakinada,AP
2015-03-29,0.0,33.5,25.7,5.77,0.247,Kakinada,AP
2015-03-30,0.0,33.6,26.3,5.49,0.247,Kakinada,AP
2015-03-31,0.0,32.7,26.1,4.79,0.247,Kakinada,AP
2015-04-01,0.3,33.8,25.8,5.73,0.248,Kakinada,AP
2015-04-02,0.3,34.8,26.3,6.23,0.25,Kakinada,AP
2015-04-03,0.0,35.5,26.5,6.12,0.25,Kakinada,AP
2015-04-04,0.0,36.0,27.2,6.03,0.25,Kakinada,AP
2015-04-05,0.0,34.7,27.3,5.82,0.249,Kakinada,AP
2015-04-06,0.0,34.5,27.0,6.1,0.248,Kakinada,AP
2015-04-07,0.0,33.6,26.2,5.88,0.248,Kakinada,AP
2015-04-08,0.0,33.4,25.4,5.96,0.247,Kakinada,AP
2015-04-09,0.0,34.0,26.3,5.92,0.247,Kakinada,AP
2015-04-10,0.0,34.9,24.2,6.47,0.246,Kakinada,AP
2015-04-11,0.0,35.1,25.3,6.48,0.246,Kakinada,AP
2015-04-12,0.0,34.5,26.0,5.84,0.246,Kakinada,AP
2015-04-13,0.1,31.9,27.0,4.46,0.249,Kakinada,AP
2015-04-14,0.3,31.0,25.8,4.48,0.251,Kakinada,AP
2015-04-15,4.8,30.9,24.9,4.21,0.275,Kakinada,AP
2015-04-16,5.0,29.3,24.9,4.23,0.328,Kakinada,AP
2015-04-17,0.5,32.9,24.5,5.53,0.334,Kakinada,AP
2015-04-18,0.0,33.9,24.9,5.81,0.315,Kakinada,AP
2015-04-19,0.0,34.3,25.3,6.18,0.3,Kakinada,AP
2015-04-20,0.0,35.2,26.2,6.22,0.287,Kakinada,AP
2015-04-21,0.0,35.9,27.5,6.5,0.278,Kakinada,AP
2015-04-22,0.0,36.2,27.9,6.31,0.271,Kakinada,AP
2015-04-23,0.0,36.5,28.0,6.03,0.266,Kakinada,AP
2015-04-24,4.9,32.5,26.9,3.21,0.298,Kakinada,AP
2015-04-25,4.9,30.7,25.9,3.98,0.341,Kakinada,AP
2015-04-26,1.0,32.7,25.5,5.02,0.365,Kakinada,AP
2015-04-27,0.5,33.8,25.0,5.65,0.35,Kakinada,AP
2015-04-28,0.4,34.6,26.6,5.91,0.333,Kakinada,AP
2015-04-29,0.2,34.1,27.3,5.25,0.318,Kakinada,AP
2015-04-30,0.0,35.9,27.5,6.15,0.305,Kakinada,AP
2015-05-01,0.0,35.9,27.7,5.78,0.293,Kakinada,AP
2015-05-02,0.0,35.3,28.1,5.66,0.284,Kakinada,AP
2015-05-03,0.3,34.6,28.2,5.68,0.279,Kakinada,AP
2015-05-04,0.0,34.1,27.6,5.4,0.276,Kakinada,AP
2015-05-05,0.0,34.8,26.5,5.95,0.27,Kakinada,AP
2015-05-06,0.5,35.6,26.7,6.08,0.267,Kakinada,AP
2015-05-07,0.0,36.1,27.2,6.6,0.265,Kakinada,AP
2015-05-08,0.0,36.5,27.5,6.52,0.261,Kakinada,AP
2015-05-09,0.0,35.6,27.5,6.28,0.258,Kakinada,AP
2015-05-10,0.0,36.1,27.8,6.17,0.255,Kakinada,AP
2015-05-11,0.0,36.0,28.9,5.66,0.253,Kakinada,AP
2015-05-12,0.4,36.6,28.0,6.32,0.253,Kakinada,AP
2015-05-13,0.1,35.4,28.7,6.04,0.254,Kakinada,AP
2015-05-14,0.0,35.6,27.9,6.24,0.253,Kakinada,AP
2015-05-15,0.3,35.1,28.6,5.67,0.257,Kakinada,AP
2015-05-16,0.6,34.7,28.0,5.06,0.26,Kakinada,AP
2015-05-17,3.2,31.7,26.8,2.86,0.284,Kakinada,AP
2015-05-18,0.0,36.4,27.0,5.88,0.284,Kakinada,AP
2015-05-19,0.0,38.5,28.5,6.75,0.276,Kakinada,AP
2015-05-20,0.0,40.7,29.7,7.36,0.268,Kakinada,AP
2015-05-21,0.0,39.7,29.4,7.14,0.262,Kakinada,AP
2015-05-22,0.0,41.3,29.9,7.44,0.258,Kakinada,AP
2015-05-23,0.0,42.6,29.8,7.93,0.255,Kakinada,AP
2015-05-24,0.0,43.1,29.4,7.92,0.252,Kakinada,AP
2015-05-25,0.2,43.1,30.2,8.13,0.25,Kakinada,AP
2015-05-26,0.4,41.8,31.4,8.48,0.25,Kakinada,AP
2015-05-27,0.0,38.3,29.9,6.99,0.251,Kakinada,AP
2015-05-28,0.0,37.8,29.6,6.22,0.249,Kakinada,AP
2015-05-29,0.0,36.5,28.9,6.36,0.248,Kakinada,AP
2015-05-30,0.0,36.7,29.0,6.1,0.248,Kakinada,AP
2015-05-31,0.0,35.9,28.9,6.16,0.248,Kakinada,AP
2015-06-01,3.1,35.3,29.0,5.02,0.273,Kakinada,AP
2015-06-02,11.0,33.7,26.8,3.95,0.37,Kakinada,AP
2015-06-03,9.2,33.2,27.2,4.65,0.432,Kakinada,AP
2015-06-04,6.9,33.5,26.9,4.81,0.454,Kakinada,AP
2015-06-05,27.4,32.5,26.6,3.2,0.455,Kakinada,AP
2015-06-06,47.2,28.8,26.1,1.57,0.464,Kakinada,AP
2015-06-07,7.5,29.0,26.4,2.11,0.471,Kakinada,AP
2015-06-08,21.4,29.0,26.2,1.83,0.475,Kakinada,AP
2015-06-09,13.7,32.1,25.8,3.49,0.456,Kakinada,AP
2015-06-10,0.0,35.3,28.0,6.27,0.435,Kakinada,AP
2015-06-11,0.0,35.4,28.8,5.98,0.414,Kakinada,AP
2015-06-12,8.3,32.5,27.6,3.58,0.444,Kakinada,AP
2015-06-13,11.1,31.9,25.8,4.02,0.469,Kakinada,AP
2015-06-14,8.5,30.7,26.6,3.32,0.471,Kakinada,AP
2015-06-15,10.1,30.2,26.1,3.48,0.488,Kakinada,AP
2015-06-16,1.1,30.6,27.2,4.55,0.471,Kakinada,AP
2015-06-17,19.3,29.6,25.6,2.72,0.48,Kakinada,AP
2015-06-18,16.7,29.5,25.6,2.3,0.49,Kakinada,AP
2015-06-19,30.8,26.6,25.4,1.39,0.478,Kakinada,AP
2015-06-20,41.4,26.2,25.1,1.81,0.464,Kakinada,AP
2015-06-21,13.8,28.8,25.1,2.89,0.473,Kakinada,AP
2015-06-22,2.5,30.6,25.6,4.29,0.48,Kakinada,AP
2015-06-23,0.0,31.4,27.6,4.41,0.466,Kakinada,AP
2015-06-24,0.1,31.5,28.1,4.83,0.449,Kakinada,AP
2015-06-25,0.0,31.5,27.6,5.06,0.434,Kakinada,AP
2015-06-26,0.3,31.9,28.0,5.67,0.42,Kakinada,AP
2015-06-27,0.8,32.9,28.0,5.75,0.407,Kakinada,AP
2015-06-28,0.0,33.2,28.0,5.64,0.397,Kakinada,AP
2015-06-29,0.0,33.2,27.8,4.72,0.384,Kakinada,AP
2015-06-30,1.2,32.8,27.1,4.29,0.381,Kakinada,AP
2015-07-01,1.2,33.5,27.8,5.35,0.376,Kakinada,AP
2015-07-02,2.1,34.0,28.2,5.55,0.382,Kakinada,AP
2015-07-03,0.2,33.0,26.7,4.95,0.388,Kakinada,AP
2015-07-04,0.0,35.0,28.2,6.24,0.37,Kakinada,AP
2015-07-05,0.0,35.2,28.2,6.96,0.35,Kakinada,AP
2015-07-06,0.0,34.7,28.3,7.14,0.331,Kakinada,AP
2015-07-07,0.0,34.6,28.2,6.51,0.317,Kakinada,AP
2015-07-08,0.3,33.7,29.1,5.86,0.306,Kakinada,AP
2015-07-09,0.0,34.4,29.2,6.3,0.299,Kakinada,AP
2015-07-10,0.0,34.0,28.6,5.83,0.291,Kakinada,AP
2015-07-11,0.0,34.2,29.1,5.54,0.285,Kakinada,AP
2015-07-12,0.0,34.7,28.0,5.4,0.279,Kakinada,AP
2015-07-13,1.0,35.7,28.8,5.79,0.278,Kakinada,AP
2015-07-14,7.3,34.4,26.8,4.27,0.337,Kakinada,AP
2015-07-15,1.8,33.6,26.7,4.37,0.387,Kakinada,AP
2015-07-16,1.6,33.5,26.4,5.05,0.385,Kakinada,AP
2015-07-17,1.2,33.9,28.5,5.36,0.372,Kakinada,AP
2015-07-18,1.7,32.6,27.4,4.55,0.373,Kakinada,AP
2015-07-19,0.3,31.0,28.3,3.7,0.363,Kakinada,AP
2015-07-20,0.6,33.7,26.5,5.18,0.355,Kakinada,AP
2015-07-21,1.5,33.2,27.6,5.07,0.341,Kakinada,AP
2015-07-22,3.6,31.1,26.9,3.01,0.374,Kakinada,AP
2015-07-23,27.6,31.2,26.3,3.81,0.443,Kakinada,AP
2015-07-24,11.5,32.3,26.2,4.57,0.471,Kakinada,AP
2015-07-25,6.0,32.8,26.8,4.63,0.477,Kakinada,AP
2015-07-26,4.1,29.7,27.0,3.38,0.457,Kakinada,AP
2015-07-27,2.2,31.1,26.1,3.89,0.469,Kakinada,AP
2015-07-28,0.0,33.0,27.2,5.02,0.442,Kakinada,AP
2015-07-29,0.0,32.9,28.2,5.61,0.416,Kakinada,AP
2015-07-30,0.0,32.4,27.7,4.96,0.397,Kakinada,AP
2015-07-31,0.1,32.7,27.6,5.27,0.381,Kakinada,AP
2015-08-01,0.4,33.1,26.9,5.34,0.369,Kakinada,AP
2015-08-02,0.2,33.4,26.3,4.88,0.361,Kakinada,AP
2015-08-03,2.0,32.3,25.4,4.6,0.365,Kakinada,AP
2015-08-04,0.1,31.8,27.5,4.54,0.357,Kakinada,AP
2015-08-05,0.2,33.3,26.0,5.56,0.349,Kakinada,AP
2015-08-06,0.1,32.5,26.5,5.33,0.336,Kakinada,AP
2015-08-07,1.8,30.7,26.3,3.09,0.334,Kakinada,AP
2015-08-08,4.8,31.5,26.0,3.86,0.382,Kakinada,AP
2015-08-09,8.1,31.4,26.7,3.53,0.419,Kakinada,AP
2015-08-10,7.4,31.3,25.8,3.68,0.469,Kakinada,AP
2015-08-11,23.1,31.6,25.8,3.64,0.479,Kakinada,AP
2015-08-12,30.5,26.7,25.1,1.16,0.484,Kakinada,AP
2015-08-13,0.1,30.6,25.6,4.45,0.483,Kakinada,AP
2015-08-14,0.7,32.1,26.1,5.09,0.461,Kakinada,AP
2015-08-15,8.9,32.4,27.3,3.96,0.457,Kakinada,AP
2015-08-16,5.4,29.8,27.2,2.68,0.472,Kakinada,AP
2015-08-17,22.6,31.2,25.4,3.21,0.477,Kakinada,AP
2015-08-18,6.5,31.6,25.8,4.13,0.447,Kakinada,AP
2015-08-19,0.3,31.4,27.2,4.34,0.443,Kakinada,AP
2015-08-20,6.8,31.8,26.4,4.17,0.451,Kakinada,AP
2015-08-21,8.9,31.2,25.6,3.42,0.473,Kakinada,AP
2015-08-22,3.2,30.9,25.5,3.16,0.487,Kakinada,AP
2015-08-23,0.2,32.9,26.4,4.75,0.469,Kakinada,AP
2015-08-24,0.0,32.8,26.8,4.62,0.45,Kakinada,AP
2015-08-25,0.9,33.5,27.2,4.51,0.439,Kakinada,AP
2015-08-26,2.8,31.3,27.6,3.29,0.445,Kakinada,AP
2015-08-27,52.5,27.4,26.0,1.38,0.473,Kakinada,AP
2015-08-28,2.2,30.8,25.7,3.82,0.455,Kakinada,AP
2015-08-29,16.9,32.0,25.8,4.24,0.472,Kakinada,AP
2015-08-30,11.1,31.4,25.3,3.56,0.465,Kakinada,AP
2015-08-31,2.5,31.5,26.5,3.91,0.48,Kakinada,AP
2015-09-01,0.8,31.7,26.9,3.71,0.476,Kakinada,AP
2015-09-02,2.2,31.0,26.6,3.26,0.476,Kakinada,AP
2015-09-03,0.6,31.6,26.5,3.57,0.466,Kakinada,AP
2015-09-04,1.2,32.3,26.3,4.53,0.459,Kakinada,AP
2015-09-05,0.3,32.2,26.7,4.65,0.446,Kakinada,AP
2015-09-06,5.6,30.4,27.3,3.32,0.459,Kakinada,AP
2015-09-07,6.3,29.3,25.1,2.34,0.489,Kakinada,AP
2015-09-08,4.7,31.5,25.7,3.67,0.487,Kakinada,AP
2015-09-09,3.2,32.3,26.1,4.59,0.475,Kakinada,AP
2015-09-10,4.6,32.4,25.9,4.38,0.478,Kakinada,AP
2015-09-11,9.8,30.8,25.4,3.62,0.476,Kakinada,AP
2015-09-12,26.0,29.4,25.2,2.72,0.446,Kakinada,AP
2015-09-13,33.9,28.2,25.0,1.72,0.443,Kakinada,AP
2015-09-14,12.3,27.1,25.0,1.58,0.474,Kakinada,AP
2015-09-15,35.9,27.7,25.4,1.43,0.47,Kakinada,AP
2015-09-16,39.1,29.1,25.7,2.31,0.472,Kakinada,AP
2015-09-17,4.3,30.7,25.1,3.24,0.49,Kakinada,AP
2015-09-18,10.6,29.7,25.7,3.09,0.488,Kakinada,AP
2015-09-19,96.3,26.9,25.1,0.77,0.482,Kakinada,AP
2015-09-20,15.1,27.5,24.5,1.2,0.504,Kakinada,AP
2015-09-21,1.3,31.4,25.5,3.91,0.485,Kakinada,AP
2015-09-22,1.1,31.4,26.7,4.35,0.469,Kakinada,AP
2015-09-23,0.0,32.2,26.4,4.73,0.453,Kakinada,AP
2015-09-24,0.1,32.2,26.3,4.58,0.438,Kakinada,AP
2015-09-25,1.6,33.0,26.8,4.65,0.433,Kakinada,AP
2015-09-26,11.4,32.1,26.1,4.43,0.483,Kakinada,AP
2015-09-27,1.9,31.8,26.0,3.74,0.477,Kakinada,AP
2015-09-28,1.6,30.6,25.7,4.36,0.471,Kakinada,AP
2015-09-29,1.2,30.3,26.1,4.14,0.458,Kakinada,AP
2015-09-30,20.4,29.2,25.4,3.43,0.474,Kakinada,AP
2015-10-01,21.5,28.1,25.2,2.11,0.471,Kakinada,AP
2015-10-02,13.1,29.5,25.1,2.01,0.469,Kakinada,AP
2015-10-03,0.4,31.7,25.1,4.23,0.465,Kakinada,AP
2015-10-04,4.9,31.9,25.6,4.18,0.478,Kakinada,AP
2015-10-05,0.6,31.3,25.7,4.31,0.469,Kakinada,AP
2015-10-06,3.3,32.1,25.8,4.35,0.465,Kakinada,AP
2015-10-07,1.6,31.5,26.0,3.99,0.465,Kakinada,AP
2015-10-08,1.1,31.7,25.4,4.28,0.46,Kakinada,AP
2015-10-09,0.0,31.8,25.7,4.25,0.441,Kakinada,AP
2015-10-10,0.1,32.8,26.9,4.57,0.424,Kakinada,AP
2015-10-11,0.0,33.6,25.9,4.6,0.411,Kakinada,AP
2015-10-12,0.0,33.8,25.6,4.8,0.398,Kakinada,AP
2015-10-13,0.2,33.1,25.7,4.59,0.386,Kakinada,AP
2015-10-14,0.4,32.6,25.7,4.56,0.379,Kakinada,AP
2015-10-15,3.2,30.5,25.5,3.58,0.389,Kakinada,AP
2015-10-16,1.5,30.2,25.0,3.88,0.404,Kakinada,AP
2015-10-17,0.1,30.3,25.4,4.12,0.398,Kakinada,AP
2015-10-18,0.0,30.9,25.3,4.18,0.387,Kakinada,AP
2015-10-19,0.0,30.8,25.3,4.18,0.377,Kakinada,AP
2015-10-20,0.5,31.0,24.7,4.32,0.368,Kakinada,AP
2015-10-21,0.0,31.3,24.7,4.46,0.358,Kakinada,AP
2015-10-22,0.0,31.4,24.9,4.49,0.348,Kakinada,AP
2015-10-23,0.0,31.7,23.4,4.64,0.338,Kakinada,AP
2015-10-24,0.2,31.4,25.1,4.5,0.33,Kakinada,AP
2015-10-25,0.4,30.3,26.3,4.5,0.325,Kakinada,AP
2015-10-26,0.0,30.7,25.5,5.29,0.318,Kakinada,AP
2015-10-27,0.0,30.5,24.7,5.11,0.309,Kakinada,AP
2015-10-28,0.8,29.8,25.1,3.97,0.306,Kakinada,AP
2015-10-29,6.0,29.6,24.6,3.89,0.347,Kakinada,AP
2015-10-30,4.4,28.7,24.9,3.62,0.362,Kakinada,AP
2015-10-31,44.7,25.7,24.4,1.0,0.442,Kakinada,AP
2015-11-01,12.0,29.0,23.9,2.48,0.473,Kakinada,AP
2015-11-02,0.7,29.4,24.8,3.25,0.465,Kakinada,AP
2015-11-03,0.2,29.0,25.0,3.98,0.456,Kakinada,AP
2015-11-04,0.2,29.7,24.9,4.23,0.443,Kakinada,AP
2015-11-05,0.0,29.7,25.0,4.5,0.43,Kakinada,AP
2015-11-06,0.0,29.9,24.6,4.41,0.415,Kakinada,AP
2015-11-07,0.0,30.1,24.6,4.99,0.402,Kakinada,AP
2015-11-08,0.0,29.2,24.8,5.51,0.387,Kakinada,AP
2015-11-09,4.0,26.2,25.0,2.94,0.394,Kakinada,AP
2015-11-10,10.0,25.5,23.7,2.69,0.457,Kakinada,AP
2015-11-11,0.0,28.9,24.4,4.73,0.448,Kakinada,AP
2015-11-12,0.0,29.2,23.9,4.71,0.422,Kakinada,AP
2015-11-13,0.0,29.5,23.1,4.66,0.403,Kakinada,AP
2015-11-14,0.0,29.2,23.0,4.45,0.387,Kakinada,AP
2015-11-15,0.0,29.2,23.8,4.66,0.373,Kakinada,AP
2015-11-16,10.2,28.2,22.9,3.03,0.39,Kakinada,AP
2015-11-17,9.9,23.9,21.7,1.88,0.484,Kakinada,AP
2015-11-18,0.2,26.6,22.5,3.56,0.461,Kakinada,AP
2015-11-19,11.0,26.4,23.5,2.86,0.47,Kakinada,AP
2015-11-20,2.7,27.6,23.9,3.69,0.476,Kakinada,AP
2015-11-21,0.0,28.2,23.9,4.39,0.447,Kakinada,AP
2015-11-22,0.0,28.4,23.9,4.15,0.427,Kakinada,AP
2015-11-23,0.0,28.5,23.9,3.97,0.413,Kakinada,AP
2015-11-24,0.1,28.7,23.2,3.75,0.403,Kakinada,AP
2015-11-25,0.0,28.6,23.0,3.8,0.392,Kakinada,AP
2015-11-26,0.0,28.7,21.4,3.77,0.382,Kakinada,AP
2015-11-27,0.0,28.4,21.1,3.75,0.373,Kakinada,AP
2015-11-28,0.0,28.4,21.7,4.03,0.364,Kakinada,AP
2015-11-29,1.4,27.3,24.0,3.48,0.357,Kakinada,AP
2015-11-30,0.9,28.5,23.1,3.42,0.368,Kakinada,AP
2015-12-01,2.6,27.5,24.4,2.53,0.371,Kakinada,AP
2015-12-02,1.7,26.4,24.4,1.76,0.392,Kakinada,AP
2015-12-03,0.0,28.4,24.2,3.96,0.386,Kakinada,AP
2015-12-04,0.0,29.1,23.1,3.93,0.372,Kakinada,AP
2015-12-05,0.0,28.6,23.0,4.17,0.359,Kakinada,AP
2015-12-06,0.0,28.2,22.9,3.81,0.348,Kakinada,AP
2015-12-07,0.0,28.5,22.2,3.82,0.338,Kakinada,AP
2015-12-08,0.0,28.6,21.7,4.07,0.329,Kakinada,AP
2015-12-09,0.0,28.5,21.1,4.13,0.32,Kakinada,AP
2015-12-10,0.0,28.0,20.1,3.85,0.313,Kakinada,AP
2015-12-11,0.0,28.4,18.5,3.79,0.307,Kakinada,AP
2015-12-12,0.0,30.0,21.4,3.74,0.301,Kakinada,AP
2015-12-13,0.0,29.3,22.7,3.18,0.296,Kakinada,AP
2015-12-14,0.0,28.6,23.1,3.13,0.293,Kakinada,AP
2015-12-15,0.0,28.9,20.6,3.45,0.289,Kakinada,AP
2015-12-16,0.0,28.5,22.2,2.89,0.286,Kakinada,AP
2015-12-17,0.0,29.7,22.8,3.51,0.284,Kakinada,AP
2015-12-18,0.0,29.8,21.9,4.02,0.28,Kakinada,AP
2015-12-19,0.0,29.1,21.1,3.81,0.277,Kakinada,AP
2015-12-20,0.8,27.4,23.3,3.03,0.28,Kakinada,AP
2015-12-21,0.5,28.7,23.1,3.02,0.285,Kakinada,AP
2015-12-22,0.0,28.8,22.3,3.13,0.285,Kakinada,AP
2015-12-23,0.4,28.4,22.4,3.2,0.286,Kakinada,AP
2015-12-24,0.0,29.8,21.8,3.54,0.286,Kakinada,AP
2015-12-25,1.2,29.3,22.3,3.43,0.288,Kakinada,AP
2015-12-26,0.2,27.4,22.9,4.9,0.289,Kakinada,AP
2015-12-27,0.0,27.2,21.4,4.66,0.283,Kakinada,AP
2015-12-28,0.0,28.1,20.1,4.24,0.278,Kakinada,AP
2015-12-29,0.0,28.9,18.3,3.98,0.274,Kakinada,AP
2015-12-30,0.0,29.2,18.7,3.97,0.271,Kakinada,AP
2015-12-31,0.0,28.3,19.2,3.98,0.268,Kakinada,AP
2016-01-01,0.0,28.6,21.7,4.0,0.265,Kakinada,AP
2016-01-02,0.0,28.5,21.8,3.94,0.263,Kakinada,AP
2016-01-03,0.0,29.5,20.6,3.92,0.261,Kakinada,AP
2016-01-04,0.0,28.5,20.6,3.5,0.26,Kakinada,AP
2016-01-05,0.0,28.2,21.2,3.45,0.26,Kakinada,AP
2016-01-06,0.0,28.9,20.3,3.83,0.26,Kakinada,AP
2016-01-07,0.0,28.2,20.6,4.05,0.258,Kakinada,AP
2016-01-08,0.0,28.5,19.4,3.88,0.257,Kakinada,AP
2016-01-09,0.0,30.0,19.4,4.22,0.256,Kakinada,AP
2016-01-10,0.0,29.8,20.5,4.18,0.254,Kakinada,AP
2016-01-11,0.0,29.5,20.6,4.06,0.253,Kakinada,AP
2016-01-12,0.0,28.8,19.4,3.88,0.252,Kakinada,AP
2016-01-13,0.4,28.4,20.0,3.74,0.253,Kakinada,AP
2016-01-14,0.0,28.3,20.5,3.91,0.256,Kakinada,AP
2016-01-15,0.0,28.2,20.7,4.5,0.255,Kakinada,AP
2016-01-16,0.0,28.6,18.7,4.34,0.253,Kakinada,AP
2016-01-17,0.0,28.4,19.2,4.32,0.252,Kakinada,AP
2016-01-18,0.0,28.2,20.1,4.18,0.251,Kakinada,AP
2016-01-19,0.0,28.1,21.1,3.44,0.251,Kakinada,AP
2016-01-20,2.2,26.1,23.8,1.17,0.267,Kakinada,AP
2016-01-21,1.9,26.7,23.0,2.33,0.281,Kakinada,AP
2016-01-22,0.0,26.7,22.6,3.63,0.287,Kakinada,AP
2016-01-23,0.0,27.1,22.1,4.25,0.282,Kakinada,AP
2016-01-24,0.0,27.6,21.3,4.57,0.277,Kakinada,AP
2016-01-25,0.0,28.0,20.8,4.12,0.273,Kakinada,AP
2016-01-26,0.0,27.9,19.7,3.62,0.271,Kakinada,AP
2016-01-27,0.0,28.4,20.6,3.76,0.269,Kakinada,AP
2016-01-28,0.0,30.3,20.0,4.5,0.266,Kakinada,AP
2016-01-29,0.0,31.1,20.8,4.27,0.263,Kakinada,AP
2016-01-30,0.0,30.1,21.1,4.04,0.261,Kakinada,AP
2016-01-31,0.0,32.2,21.0,4.66,0.259,Kakinada,AP
2016-02-01,0.0,32.8,21.5,4.58,0.256,Kakinada,AP
2016-02-02,0.0,30.9,21.3,4.34,0.255,Kakinada,AP
2016-02-03,0.0,31.1,20.7,4.45,0.253,Kakinada,AP
2016-02-04,0.0,30.7,21.6,4.31,0.252,Kakinada,AP
2016-02-05,0.0,29.3,23.7,3.72,0.252,Kakinada,AP
2016-02-06,0.1,28.2,23.3,3.46,0.255,Kakinada,AP
2016-02-07,0.0,29.7,22.2,4.1,0.256,Kakinada,AP
2016-02-08,0.0,29.5,22.4,3.75,0.255,Kakinada,AP
2016-02-09,0.0,30.3,22.4,4.12,0.254,Kakinada,AP
2016-02-10,0.0,29.9,21.9,4.14,0.253,Kakinada,AP
2016-02-11,0.0,30.2,23.3,4.26,0.253,Kakinada,AP
2016-02-12,0.0,30.1,23.7,4.04,0.253,Kakinada,AP
2016-02-13,0.0,30.3,22.6,4.56,0.252,Kakinada,AP
2016-02-14,0.0,30.0,22.2,4.5,0.251,Kakinada,AP
2016-02-15,0.0,30.2,21.4,4.59,0.25,Kakinada,AP
2016-02-16,0.0,30.7,20.9,4.89,0.249,Kakinada,AP
2016-02-17,0.0,30.5,22.6,5.23,0.249,Kakinada,AP
2016-02-18,0.0,31.5,20.4,5.11,0.248,Kakinada,AP
2016-02-19,0.0,32.7,21.8,5.28,0.248,Kakinada,AP
2016-02-20,0.0,33.4,20.1,5.5,0.247,Kakinada,AP
2016-02-21,0.0,33.7,22.5,5.47,0.247,Kakinada,AP
2016-02-22,0.0,33.0,22.8,5.2,0.246,Kakinada,AP
2016-02-23,0.0,32.0,22.6,5.22,0.246,Kakinada,AP
2016-02-24,0.0,30.8,24.6,5.14,0.246,Kakinada,AP
2016-02-25,0.0,30.8,23.4,4.71,0.246,Kakinada,AP
2016-02-26,0.0,29.8,24.7,4.19,0.247,Kakinada,AP
2016-02-27,0.0,31.2,24.5,5.11,0.249,Kakinada,AP
2016-02-28,0.0,31.5,24.3,4.72,0.248,Kakinada,AP
2016-02-29,0.0,31.1,24.3,4.61,0.248,Kakinada,AP
2016-03-01,0.0,31.3,25.5,4.37,0.249,Kakinada,AP
2016-03-02,0.3,30.8,25.2,4.07,0.25,Kakinada,AP
2016-03-03,0.0,31.3,24.4,4.62,0.252,Kakinada,AP
2016-03-04,0.0,32.4,22.4,5.1,0.25,Kakinada,AP
2016-03-05,0.0,32.4,22.8,5.06,0.249,Kakinada,AP
2016-03-06,0.0,32.4,22.5,5.43,0.248,Kakinada,AP
2016-03-07,0.0,32.0,21.7,5.28,0.248,Kakinada,AP
2016-03-08,0.0,32.4,20.7,5.49,0.247,Kakinada,AP
2016-03-09,0.0,32.5,20.6,5.6,0.247,Kakinada,AP
2016-03-10,0.0,32.8,22.1,4.91,0.246,Kakinada,AP
2016-03-11,0.0,33.5,22.0,5.62,0.246,Kakinada,AP
2016-03-12,0.0,32.6,23.0,5.3,0.246,Kakinada,AP
2016-03-13,0.0,32.0,22.9,4.66,0.246,Kakinada,AP
2016-03-14,0.0,31.3,25.0,4.65,0.246,Kakinada,AP
2016-03-15,0.0,31.6,25.0,4.24,0.246,Kakinada,AP
2016-03-16,0.0,33.2,25.4,5.14,0.246,Kakinada,AP
2016-03-17,0.0,33.4,24.5,5.7,0.245,Kakinada,AP
2016-03-18,0.0,33.1,24.5,5.77,0.245,Kakinada,AP
2016-03-19,0.0,35.1,24.3,6.19,0.245,Kakinada,AP
2016-03-20,0.0,36.2,25.8,6.32,0.245,Kakinada,AP
2016-03-21,0.0,37.4,26.2,6.64,0.245,Kakinada,AP
2016-03-22,0.0,36.6,25.9,6.47,0.245,Kakinada,AP
2016-03-23,0.0,36.1,25.8,6.08,0.245,Kakinada,AP
2016-03-24,0.0,34.1,26.4,5.49,0.245,Kakinada,AP
2016-03-25,0.0,33.4,25.9,5.59,0.245,Kakinada,AP
2016-03-26,0.0,34.3,25.8,5.98,0.245,Kakinada,AP
2016-03-27,0.0,33.2,25.7,5.8,0.246,Kakinada,AP
2016-03-28,0.0,33.6,25.1,5.89,0.246,Kakinada,AP
2016-03-29,0.0,33.5,25.3,6.0,0.246,Kakinada,AP
2016-03-30,0.0,34.4,25.9,5.92,0.246,Kakinada,AP
2016-03-31,0.0,34.1,26.1,5.8,0.246,Kakinada,AP
2016-04-01,0.0,34.9,26.1,6.18,0.246,Kakinada,AP
2016-04-02,0.0,34.6,26.4,6.06,0.246,Kakinada,AP
2016-04-03,0.0,34.8,26.7,6.12,0.246,Kakinada,AP
2016-04-04,0.0,34.9,26.4,6.07,0.246,Kakinada,AP
2016-04-05,0.0,35.2,25.9,6.24,0.246,Kakinada,AP
2016-04-06,0.0,35.3,25.6,6.32,0.246,Kakinada,AP
2016-04-07,0.0,35.9,24.7,6.42,0.246,Kakinada,AP
2016-04-08,0.0,35.2,25.4,6.34,0.245,Kakinada,AP
2016-04-09,0.0,35.4,24.4,6.36,0.245,Kakinada,AP
2016-04-10,0.0,36.0,24.7,6.69,0.245,Kakinada,AP
2016-04-11,0.0,36.5,25.3,7.1,0.245,Kakinada,AP
2016-04-12,0.0,36.0,25.5,6.72,0.245,Kakinada,AP
2016-04-13,0.0,36.5,26.6,6.26,0.246,Kakinada,AP
2016-04-14,0.0,36.0,27.6,6.01,0.246,Kakinada,AP
2016-04-15,0.0,36.0,28.0,6.12,0.246,Kakinada,AP
2016-04-16,0.0,35.4,28.0,6.22,0.246,Kakinada,AP
2016-04-17,0.0,35.5,27.2,6.37,0.246,Kakinada,AP
2016-04-18,0.0,34.8,27.3,6.42,0.246,Kakinada,AP
2016-04-19,0.0,35.1,25.3,6.53,0.246,Kakinada,AP
2016-04-20,0.0,35.8,26.6,6.75,0.245,Kakinada,AP
2016-04-21,0.0,36.5,27.3,6.57,0.245,Kakinada,AP
2016-04-22,0.0,37.1,28.4,6.43,0.245,Kakinada,AP
2016-04-23,0.0,36.8,28.8,6.54,0.245,Kakinada,AP
2016-04-24,0.0,37.0,28.7,6.28,0.245,Kakinada,AP
2016-04-25,0.0,36.4,28.6,6.12,0.246,Kakinada,AP
2016-04-26,0.0,35.7,28.6,6.19,0.246,Kakinada,AP
2016-04-27,0.0,36.8,27.8,6.61,0.246,Kakinada,AP
2016-04-28,0.0,37.0,26.9,6.77,0.246,Kakinada,AP
2016-04-29,0.0,37.2,27.2,6.74,0.246,Kakinada,AP
2016-04-30,0.0,37.1,26.3,6.63,0.246,Kakinada,AP
2016-05-01,0.0,37.3,27.5,6.93,0.246,Kakinada,AP
2016-05-02,0.0,37.3,27.8,6.59,0.246,Kakinada,AP
2016-05-03,0.0,36.2,28.1,6.37,0.246,Kakinada,AP
2016-05-04,0.6,36.2,28.1,6.37,0.249,Kakinada,AP
2016-05-05,0.1,35.9,28.4,6.28,0.253,Kakinada,AP
2016-05-06,0.5,35.1,28.7,5.7,0.256,Kakinada,AP
2016-05-07,0.4,35.5,28.1,6.44,0.257,Kakinada,AP
2016-05-08,0.0,36.4,27.8,6.3,0.257,Kakinada,AP
2016-05-09,0.4,35.7,28.2,6.06,0.256,Kakinada,AP
2016-05-10,0.0,36.0,27.3,6.33,0.257,Kakinada,AP
2016-05-11,0.0,36.4,27.4,6.3,0.255,Kakinada,AP
2016-05-12,0.8,36.6,28.3,6.0,0.256,Kakinada,AP
2016-05-13,0.0,36.5,28.4,6.34,0.26,Kakinada,AP
2016-05-14,0.0,36.0,29.0,5.87,0.257,Kakinada,AP
2016-05-15,0.0,35.9,28.8,5.97,0.254,Kakinada,AP
2016-05-16,0.0,35.2,28.6,5.97,0.252,Kakinada,AP
2016-05-17,0.9,32.7,28.7,5.12,0.255,Kakinada,AP
2016-05-18,40.9,28.4,26.0,1.5,0.399,Kakinada,AP
2016-05-19,69.4,27.8,25.9,2.04,0.492,Kakinada,AP
2016-05-20,20.1,31.0,26.1,2.62,0.488,Kakinada,AP
2016-05-21,0.0,36.1,28.5,6.82,0.466,Kakinada,AP
2016-05-22,0.0,38.0,29.1,7.35,0.433,Kakinada,AP
2016-05-23,0.0,38.7,29.0,8.19,0.403,Kakinada,AP
2016-05-24,0.0,39.4,29.3,7.29,0.376,Kakinada,AP
2016-05-25,0.0,39.4,30.6,7.84,0.353,Kakinada,AP
2016-05-26,0.0,39.9,30.3,7.76,0.331,Kakinada,AP
2016-05-27,0.0,39.4,29.8,7.44,0.314,Kakinada,AP
2016-05-28,0.3,36.1,29.6,4.95,0.304,Kakinada,AP
2016-05-29,0.0,37.0,29.4,6.74,0.296,Kakinada,AP
2016-05-30,0.0,37.5,29.5,6.67,0.287,Kakinada,AP
2016-05-31,0.5,37.3,29.2,6.02,0.283,Kakinada,AP
2016-06-01,0.0,38.2,30.2,6.55,0.276,Kakinada,AP
2016-06-02,0.1,36.9,29.5,5.93,0.272,Kakinada,AP
2016-06-03,0.2,35.2,29.8,4.03,0.269,Kakinada,AP
2016-06-04,29.1,29.2,25.9,1.61,0.419,Kakinada,AP
2016-06-05,25.4,29.7,25.3,2.3,0.493,Kakinada,AP
2016-06-06,7.3,31.4,25.8,3.85,0.488,Kakinada,AP
2016-06-07,13.4,30.3,25.8,2.53,0.474,Kakinada,AP
2016-06-08,39.1,28.8,25.0,1.55,0.483,Kakinada,AP
2016-06-09,5.0,32.4,26.7,3.37,0.485,Kakinada,AP
2016-06-10,0.0,33.9,27.8,5.77,0.459,Kakinada,AP
2016-06-11,0.0,33.6,28.3,5.66,0.44,Kakinada,AP
2016-06-12,0.0,34.7,28.5,6.15,0.42,Kakinada,AP
2016-06-13,0.1,35.1,29.3,6.4,0.4,Kakinada,AP
2016-06-14,0.3,34.7,28.8,5.58,0.386,Kakinada,AP
2016-06-15,0.0,36.2,29.6,7.37,0.367,Kakinada,AP
2016-06-16,0.0,36.3,29.7,7.17,0.347,Kakinada,AP
2016-06-17,1.5,32.7,27.4,3.02,0.338,Kakinada,AP
2016-06-18,25.2,29.6,25.8,2.08,0.461,Kakinada,AP
2016-06-19,21.7,29.9,25.0,3.19,0.477,Kakinada,AP
2016-06-20,19.2,30.4,24.8,3.73,0.464,Kakinada,AP
2016-06-21,6.5,31.2,25.6,4.5,0.481,Kakinada,AP
2016-06-22,6.3,32.4,25.5,5.04,0.46,Kakinada,AP
2016-06-23,2.5,32.6,26.5,5.18,0.454,Kakinada,AP
2016-06-24,14.1,33.5,26.6,4.54,0.473,Kakinada,AP
2016-06-25,41.3,32.9,25.8,4.28,0.45,Kakinada,AP
2016-06-26,16.0,29.5,25.5,1.69,0.483,Kakinada,AP
2016-06-27,20.1,28.3,24.8,1.86,0.472,Kakinada,AP
2016-06-28,15.2,28.4,25.6,2.0,0.487,Kakinada,AP
2016-06-29,41.5,27.7,25.3,1.91,0.455,Kakinada,AP
2016-06-30,15.3,27.9,25.6,2.03,0.478,Kakinada,AP
2016-07-01,57.4,26.7,25.3,1.41,0.481,Kakinada,AP
2016-07-02,11.6,29.1,26.0,2.62,0.5,Kakinada,AP
2016-07-03,5.6,30.6,26.3,3.4,0.475,Kakinada,AP
2016-07-04,4.1,32.1,26.6,4.36,0.49,Kakinada,AP
2016-07-05,0.5,30.9,26.8,4.03,0.477,Kakinada,AP
2016-07-06,0.6,32.4,27.9,5.4,0.46,Kakinada,AP
2016-07-07,0.5,32.3,26.4,5.1,0.451,Kakinada,AP
2016-07-08,1.9,30.3,26.1,4.34,0.438,Kakinada,AP
2016-07-09,6.7,29.7,25.6,3.08,0.475,Kakinada,AP
2016-07-10,0.4,29.8,26.8,4.27,0.464,Kakinada,AP
2016-07-11,1.8,31.2,25.9,4.67,0.462,Kakinada,AP
2016-07-12,0.2,31.7,27.3,5.59,0.441,Kakinada,AP
2016-07-13,0.1,32.2,27.2,5.41,0.424,Kakinada,AP
2016-07-14,0.0,33.8,28.1,6.28,0.404,Kakinada,AP
2016-07-15,0.0,33.5,27.8,5.39,0.387,Kakinada,AP
2016-07-16,1.6,31.4,27.1,3.72,0.387,Kakinada,AP
2016-07-17,18.2,30.6,25.9,3.3,0.451,Kakinada,AP
2016-07-18,3.7,32.3,26.8,4.43,0.469,Kakinada,AP
2016-07-19,0.2,29.9,26.5,3.35,0.463,Kakinada,AP
2016-07-20,2.2,31.9,26.5,4.95,0.454,Kakinada,AP
2016-07-21,4.4,32.0,26.8,4.38,0.465,Kakinada,AP
2016-07-22,31.7,31.3,25.7,4.03,0.487,Kakinada,AP
2016-07-23,18.2,30.9,25.9,3.74,0.479,Kakinada,AP
2016-07-24,19.7,29.9,25.3,2.45,0.477,Kakinada,AP
2016-07-25,20.0,31.0,24.7,3.39,0.465,Kakinada,AP
2016-07-26,27.2,29.2,25.1,2.55,0.475,Kakinada,AP
2016-07-27,10.6,29.2,25.4,2.63,0.481,Kakinada,AP
2016-07-28,8.1,30.6,24.8,3.89,0.477,Kakinada,AP
2016-07-29,7.1,31.6,24.9,4.15,0.464,Kakinada,AP
2016-07-30,11.7,32.0,25.3,4.46,0.486,Kakinada,AP
2016-07-31,4.6,30.1,25.6,3.38,0.472,Kakinada,AP
2016-08-01,16.1,26.4,25.0,1.7,0.484,Kakinada,AP
2016-08-02,4.9,29.0,25.0,3.5,0.495,Kakinada,AP
2016-08-03,14.6,28.3,25.2,2.27,0.48,Kakinada,AP
2016-08-04,11.1,26.8,25.3,1.67,0.489,Kakinada,AP
2016-08-05,5.5,30.6,25.3,4.27,0.478,Kakinada,AP
2016-08-06,9.4,30.0,25.3,3.71,0.478,Kakinada,AP
2016-08-07,0.0,31.4,27.2,4.85,0.451,Kakinada,AP
2016-08-08,0.0,31.9,27.4,5.21,0.434,Kakinada,AP
2016-08-09,0.0,31.9,27.7,4.94,0.418,Kakinada,AP
2016-08-10,0.0,32.2,27.7,5.08,0.406,Kakinada,AP
2016-08-11,0.0,32.5,27.5,5.45,0.394,Kakinada,AP
2016-08-12,0.1,32.9,27.7,5.24,0.382,Kakinada,AP
2016-08-13,0.0,33.0,27.6,5.84,0.372,Kakinada,AP
2016-08-14,0.5,32.7,28.0,5.27,0.364,Kakinada,AP
2016-08-15,0.3,31.8,28.2,5.19,0.359,Kakinada,AP
2016-08-16,1.1,31.8,27.4,5.59,0.358,Kakinada,AP
2016-08-17,0.0,32.4,27.4,6.6,0.347,Kakinada,AP
2016-08-18,0.0,32.9,26.7,6.01,0.333,Kakinada,AP
2016-08-19,0.0,33.0,27.3,5.97,0.322,Kakinada,AP
2016-08-20,0.0,33.5,26.9,5.57,0.312,Kakinada,AP
2016-08-21,0.0,33.6,27.1,5.33,0.305,Kakinada,AP
2016-08-22,0.3,33.3,28.0,4.27,0.299,Kakinada,AP
2016-08-23,0.0,33.6,27.9,5.26,0.296,Kakinada,AP
2016-08-24,0.5,33.1,27.2,5.11,0.294,Kakinada,AP
2016-08-25,19.4,32.7,26.1,3.84,0.42,Kakinada,AP
2016-08-26,3.5,31.9,26.8,4.08,0.449,Kakinada,AP
2016-08-27,15.7,31.1,25.4,3.48,0.473,Kakinada,AP
2016-08-28,5.7,30.7,25.6,3.77,0.471,Kakinada,AP
2016-08-29,5.4,31.2,26.1,4.13,0.482,Kakinada,AP
2016-08-30,8.4,30.5,26.0,3.33,0.473,Kakinada,AP
2016-08-31,9.8,30.4,25.5,3.09,0.494,Kakinada,AP
2016-09-01,16.3,30.8,25.6,3.44,0.477,Kakinada,AP
2016-09-02,8.4,31.9,25.5,3.8,0.465,Kakinada,AP
2016-09-03,19.6,27.0,25.8,1.44,0.482,Kakinada,AP
2016-09-04,7.6,30.3,25.7,2.94,0.488,Kakinada,AP
2016-09-05,0.0,31.8,25.7,4.44,0.465,Kakinada,AP
2016-09-06,0.0,32.3,25.8,5.98,0.447,Kakinada,AP
2016-09-07,0.2,32.4,25.7,6.06,0.428,Kakinada,AP
2016-09-08,0.0,32.4,26.0,5.89,0.412,Kakinada,AP
2016-09-09,2.1,33.0,26.8,5.03,0.402,Kakinada,AP
2016-09-10,36.7,29.5,25.2,2.52,0.468,Kakinada,AP
2016-09-11,12.3,31.1,24.9,3.24,0.474,Kakinada,AP
2016-09-12,7.4,30.8,25.3,3.58,0.466,Kakinada,AP
2016-09-13,17.7,29.9,25.3,2.81,0.486,Kakinada,AP
2016-09-14,30.6,28.9,25.2,2.51,0.468,Kakinada,AP
2016-09-15,8.3,29.8,25.1,3.09,0.464,Kakinada,AP
2016-09-16,5.1,30.7,25.6,3.79,0.491,Kakinada,AP
2016-09-17,28.3,30.0,25.3,2.69,0.476,Kakinada,AP
2016-09-18,7.5,30.7,25.5,3.81,0.482,Kakinada,AP
2016-09-19,0.0,31.0,26.0,3.54,0.462,Kakinada,AP
2016-09-20,13.9,31.3,25.9,3.0,0.472,Kakinada,AP
2016-09-21,26.3,28.5,25.0,2.24,0.48,Kakinada,AP
2016-09-22,12.6,29.2,25.3,2.71,0.465,Kakinada,AP
2016-09-23,7.2,27.3,25.2,1.17,0.469,Kakinada,AP
2016-09-24,9.9,29.6,25.2,3.45,0.482,Kakinada,AP
2016-09-25,6.0,30.6,25.9,3.78,0.49,Kakinada,AP
2016-09-26,13.2,29.9,25.6,2.73,0.478,Kakinada,AP
2016-09-27,15.3,29.1,25.3,2.07,0.47,Kakinada,AP
2016-09-28,14.0,29.5,25.3,2.34,0.465,Kakinada,AP
2016-09-29,13.2,29.9,25.6,2.58,0.495,Kakinada,AP
2016-09-30,33.5,28.8,25.0,1.57,0.476,Kakinada,AP
2016-10-01,25.9,29.3,24.6,2.16,0.482,Kakinada,AP
2016-10-02,4.1,30.4,24.4,3.85,0.479,Kakinada,AP
2016-10-03,0.6,30.7,24.7,4.08,0.471,Kakinada,AP
2016-10-04,0.3,31.3,25.4,4.3,0.459,Kakinada,AP
2016-10-05,0.2,32.3,26.2,4.49,0.445,Kakinada,AP
2016-10-06,8.3,32.1,26.9,3.91,0.445,Kakinada,AP
2016-10-07,7.2,32.2,26.4,3.32,0.467,Kakinada,AP
2016-10-08,3.4,29.8,26.2,2.73,0.474,Kakinada,AP
2016-10-09,7.5,30.0,24.9,3.08,0.468,Kakinada,AP
2016-10-10,0.4,30.4,25.6,2.8,0.465,Kakinada,AP
2016-10-11,0.0,33.5,26.0,4.52,0.455,Kakinada,AP
2016-10-12,0.0,33.6,24.8,4.93,0.439,Kakinada,AP
2016-10-13,0.0,32.1,25.2,4.31,0.425,Kakinada,AP
2016-10-14,0.0,31.8,25.8,4.19,0.413,Kakinada,AP
2016-10-15,0.0,31.4,26.5,4.29,0.402,Kakinada,AP
2016-10-16,0.0,31.8,23.6,4.97,0.389,Kakinada,AP
2016-10-17,0.0,31.4,22.8,4.88,0.375,Kakinada,AP
2016-10-18,0.0,31.1,23.4,4.65,0.363,Kakinada,AP
2016-10-19,0.0,31.9,24.2,4.75,0.351,Kakinada,AP
2016-10-20,0.0,31.2,24.2,4.36,0.341,Kakinada,AP
2016-10-21,0.0,31.4,23.6,4.33,0.332,Kakinada,AP
2016-10-22,0.0,31.4,24.4,4.43,0.323,Kakinada,AP
2016-10-23,0.0,32.0,24.7,4.92,0.314,Kakinada,AP
2016-10-24,0.0,31.6,23.0,3.71,0.307,Kakinada,AP
2016-10-25,0.0,32.8,23.6,5.23,0.299,Kakinada,AP
2016-10-26,0.0,32.6,22.1,4.92,0.292,Kakinada,AP
2016-10-27,0.1,32.1,24.0,4.34,0.287,Kakinada,AP
2016-10-28,1.8,29.3,25.9,4.05,0.292,Kakinada,AP
2016-10-29,1.7,30.2,25.2,3.81,0.297,Kakinada,AP
2016-10-30,12.8,30.1,24.4,3.36,0.376,Kakinada,AP
2016-10-31,3.5,30.4,24.9,3.81,0.438,Kakinada,AP
2016-11-01,0.0,31.0,24.7,4.37,0.412,Kakinada,AP
2016-11-02,0.2,30.8,24.9,4.6,0.387,Kakinada,AP
2016-11-03,0.9,30.9,25.8,4.43,0.375,Kakinada,AP
2016-11-04,1.2,31.5,25.8,3.93,0.373,Kakinada,AP
2016-11-05,0.0,31.1,25.0,4.43,0.367,Kakinada,AP
2016-11-06,0.2,30.3,24.0,3.77,0.354,Kakinada,AP
2016-11-07,0.2,31.3,23.5,4.63,0.342,Kakinada,AP
2016-11-08,0.0,30.6,21.0,5.01,0.327,Kakinada,AP
2016-11-09,0.0,30.3,19.7,4.68,0.314,Kakinada,AP
2016-11-10,0.0,30.1,19.5,4.54,0.304,Kakinada,AP
2016-11-11,0.0,29.7,20.2,4.52,0.295,Kakinada,AP
2016-11-12,0.0,29.2,22.8,4.79,0.288,Kakinada,AP
2016-11-13,0.0,29.7,23.7,4.54,0.282,Kakinada,AP
2016-11-14,0.0,30.6,24.3,4.28,0.277,Kakinada,AP
2016-11-15,0.0,30.7,24.7,4.33,0.273,Kakinada,AP
2016-11-16,0.1,29.8,25.1,4.16,0.274,Kakinada,AP
2016-11-17,0.0,29.9,24.9,4.98,0.272,Kakinada,AP
2016-11-18,0.0,29.4,23.5,4.66,0.268,Kakinada,AP
2016-11-19,0.0,28.9,22.2,4.5,0.265,Kakinada,AP
2016-11-20,0.0,29.0,21.8,4.49,0.263,Kakinada,AP
2016-11-21,0.0,29.3,20.8,4.41,0.26,Kakinada,AP
2016-11-22,0.0,29.9,20.3,4.16,0.259,Kakinada,AP
2016-11-23,0.0,29.4,19.6,4.33,0.257,Kakinada,AP
2016-11-24,0.0,29.1,19.4,4.3,0.256,Kakinada,AP
2016-11-25,0.0,29.6,19.5,4.18,0.254,Kakinada,AP
2016-11-26,0.0,30.3,19.2,4.08,0.253,Kakinada,AP
2016-11-27,0.0,30.4,20.4,4.08,0.252,Kakinada,AP
2016-11-28,0.0,30.6,19.8,4.13,0.251,Kakinada,AP
2016-11-29,0.0,29.5,20.5,3.89,0.25,Kakinada,AP
2016-11-30,0.0,29.8,21.4,4.41,0.25,Kakinada,AP
2016-12-01,2.6,29.7,22.8,4.37,0.251,Kakinada,AP
2016-12-02,12.0,27.7,23.9,2.98,0.355,Kakinada,AP
2016-12-03,0.0,29.6,24.0,4.12,0.381,Kakinada,AP
2016-12-04,0.0,29.5,24.3,4.38,0.36,Kakinada,AP
2016-12-05,0.0,28.6,23.0,3.96,0.343,Kakinada,AP
2016-12-06,0.0,27.8,22.1,4.66,0.329,Kakinada,AP
2016-12-07,0.0,29.8,21.7,4.72,0.316,Kakinada,AP
2016-12-08,0.0,29.7,20.4,4.21,0.305,Kakinada,AP
2016-12-09,0.0,28.8,20.7,3.94,0.296,Kakinada,AP
2016-12-10,0.0,28.8,21.3,4.04,0.289,Kakinada,AP
2016-12-11,0.3,28.9,23.6,4.86,0.283,Kakinada,AP
2016-12-12,1.3,28.4,23.5,4.43,0.286,Kakinada,AP
2016-12-13,2.2,28.0,23.8,3.65,0.3,Kakinada,AP
2016-12-14,0.0,28.4,24.0,3.81,0.301,Kakinada,AP
2016-12-15,0.0,28.9,23.4,4.05,0.294,Kakinada,AP
2016-12-16,0.0,28.2,23.1,4.21,0.287,Kakinada,AP
2016-12-17,0.0,28.9,20.5,3.82,0.282,Kakinada,AP
2016-12-18,0.0,28.1,20.2,3.99,0.277,Kakinada,AP
2016-12-19,0.0,28.4,20.3,4.28,0.272,Kakinada,AP
2016-12-20,0.0,28.3,19.9,3.83,0.269,Kakinada,AP
2016-12-21,0.0,29.8,18.8,3.88,0.266,Kakinada,AP
2016-12-22,0.0,28.3,19.1,3.72,0.263,Kakinada,AP
2016-12-23,0.0,28.1,19.1,3.7,0.261,Kakinada,AP
2016-12-24,0.0,28.4,18.9,3.88,0.259,Kakinada,AP
2016-12-25,0.0,28.2,19.7,3.77,0.258,Kakinada,AP
2016-12-26,0.0,29.5,19.4,3.86,0.256,Kakinada,AP
2016-12-27,0.0,28.7,20.0,3.96,0.255,Kakinada,AP
2016-12-28,0.0,27.5,21.7,3.88,0.254,Kakinada,AP
2016-12-29,0.0,27.9,21.2,3.67,0.253,Kakinada,AP
2016-12-30,0.0,27.8,21.2,3.45,0.252,Kakinada,AP
2016-12-31,0.0,28.0,21.1,3.79,0.252,Kakinada,AP
2017-01-01,0.2,26.8,21.0,3.54,0.256,Kakinada,AP
2017-01-02,0.5,26.8,20.6,3.44,0.259,Kakinada,AP
2017-01-03,0.0,27.4,19.8,3.61,0.261,Kakinada,AP
2017-01-04,0.0,27.3,21.2,3.57,0.26,Kakinada,AP
2017-01-05,0.1,27.0,21.3,3.73,0.262,Kakinada,AP
2017-01-06,0.0,27.0,21.3,3.9,0.262,Kakinada,AP
2017-01-07,0.0,27.7,20.2,3.89,0.26,Kakinada,AP
2017-01-08,0.0,26.6,19.4,3.96,0.26,Kakinada,AP
2017-01-09,0.0,27.0,19.7,3.91,0.258,Kakinada,AP
2017-01-10,0.0,27.2,18.9,3.72,0.255,Kakinada,AP
2017-01-11,0.1,28.6,18.4,3.44,0.256,Kakinada,AP
2017-01-12,0.0,27.1,19.4,3.67,0.256,Kakinada,AP
2017-01-13,0.0,26.7,19.0,3.67,0.256,Kakinada,AP
2017-01-14,0.0,26.4,21.1,3.87,0.256,Kakinada,AP
2017-01-15,0.0,26.3,20.7,3.78,0.255,Kakinada,AP
2017-01-16,0.0,27.0,19.3,3.92,0.255,Kakinada,AP
2017-01-17,0.0,27.8,18.4,4.2,0.253,Kakinada,AP
2017-01-18,0.0,26.8,19.7,4.2,0.253,Kakinada,AP
2017-01-19,0.0,26.9,20.8,4.63,0.252,Kakinada,AP
2017-01-20,0.0,27.6,21.2,4.94,0.251,Kakinada,AP
2017-01-21,0.0,27.5,22.6,4.55,0.251,Kakinada,AP
2017-01-22,0.0,27.5,21.7,4.14,0.251,Kakinada,AP
2017-01-23,0.0,28.0,21.0,4.34,0.251,Kakinada,AP
2017-01-24,0.0,27.3,20.8,4.22,0.251,Kakinada,AP
2017-01-25,0.0,27.1,21.7,4.32,0.251,Kakinada,AP
2017-01-26,0.0,26.1,21.7,3.78,0.251,Kakinada,AP
2017-01-27,0.0,26.9,22.2,3.24,0.25,Kakinada,AP
2017-01-28,0.0,30.0,21.5,4.1,0.25,Kakinada,AP
2017-01-29,0.0,28.1,21.6,3.9,0.249,Kakinada,AP
2017-01-30,0.0,27.7,21.4,3.89,0.248,Kakinada,AP
2017-01-31,0.0,29.9,20.7,4.19,0.247,Kakinada,AP
2017-02-01,0.3,28.9,21.4,3.66,0.248,Kakinada,AP
2017-02-02,0.0,27.7,20.4,4.01,0.25,Kakinada,AP
2017-02-03,0.0,28.1,21.0,4.18,0.247,Kakinada,AP
2017-02-04,0.0,27.7,20.5,4.01,0.246,Kakinada,AP
2017-02-05,0.0,29.7,19.9,4.46,0.245,Kakinada,AP
2017-02-06,0.0,31.8,19.5,4.73,0.243,Kakinada,AP
2017-02-07,0.0,32.7,19.9,4.91,0.24,Kakinada,AP
2017-02-08,0.0,32.6,19.7,4.91,0.237,Kakinada,AP
2017-02-09,0.0,30.6,19.7,4.74,0.234,Kakinada,AP
2017-02-10,0.0,29.2,20.6,4.44,0.233,Kakinada,AP
2017-02-11,0.0,28.1,19.9,4.33,0.233,Kakinada,AP
2017-02-12,0.0,27.4,21.0,4.29,0.233,Kakinada,AP
2017-02-13,0.0,27.5,21.3,4.55,0.232,Kakinada,AP
2017-02-14,0.0,28.6,21.7,4.63,0.232,Kakinada,AP
2017-02-15,0.0,28.5,20.8,4.75,0.232,Kakinada,AP
2017-02-16,0.0,30.0,19.2,4.99,0.231,Kakinada,AP
2017-02-17,0.0,30.2,20.1,4.97,0.231,Kakinada,AP
2017-02-18,0.0,30.0,19.7,4.82,0.228,Kakinada,AP
2017-02-19,0.0,33.9,20.2,5.19,0.228,Kakinada,AP
2017-02-20,0.0,34.7,22.2,5.11,0.227,Kakinada,AP
2017-02-21,0.0,33.8,21.8,5.03,0.227,Kakinada,AP
2017-02-22,0.0,34.6,23.0,5.24,0.226,Kakinada,AP
2017-02-23,0.0,34.9,22.4,5.25,0.225,Kakinada,AP
2017-02-24,0.0,31.2,22.9,4.46,0.225,Kakinada,AP
2017-02-25,0.0,31.4,23.7,4.61,0.224,Kakinada,AP
2017-02-26,0.0,29.9,21.5,4.8,0.224,Kakinada,AP
2017-02-27,0.0,30.7,22.3,4.86,0.222,Kakinada,AP
2017-02-28,0.0,31.1,21.1,4.95,0.222,Kakinada,AP
2017-03-01,0.0,30.8,21.7,5.1,0.221,Kakinada,AP
2017-03-02,0.0,31.8,20.6,5.4,0.219,Kakinada,AP
2017-03-03,0.0,31.8,19.2,5.49,0.217,Kakinada,AP
2017-03-04,0.0,33.1,18.9,5.13,0.216,Kakinada,AP
2017-03-05,2.3,33.3,24.2,4.5,0.221,Kakinada,AP
2017-03-06,2.0,33.3,25.1,4.27,0.233,Kakinada,AP
2017-03-07,0.2,33.2,25.2,4.66,0.25,Kakinada,AP
2017-03-08,0.9,33.5,25.5,4.82,0.252,Kakinada,AP
2017-03-09,1.9,32.1,25.1,4.12,0.256,Kakinada,AP
2017-03-10,2.5,31.9,25.9,3.5,0.269,Kakinada,AP
2017-03-11,4.8,32.5,25.0,4.56,0.321,Kakinada,AP
2017-03-12,0.4,35.8,24.3,5.57,0.329,Kakinada,AP
2017-03-13,0.0,32.7,24.6,4.55,0.312,Kakinada,AP
2017-03-14,3.6,30.3,25.2,4.25,0.31,Kakinada,AP
2017-03-15,2.9,31.1,24.4,4.2,0.31,Kakinada,AP
2017-03-16,0.0,33.6,24.2,5.04,0.306,Kakinada,AP
2017-03-17,1.2,35.4,24.3,5.31,0.301,Kakinada,AP
2017-03-18,0.3,35.7,24.7,5.45,0.308,Kakinada,AP
2017-03-19,0.8,35.2,24.8,5.32,0.311,Kakinada,AP
2017-03-20,4.3,35.3,24.2,4.83,0.316,Kakinada,AP
2017-03-21,3.3,32.5,24.2,4.67,0.314,Kakinada,AP
2017-03-22,0.1,33.1,24.7,5.33,0.31,Kakinada,AP
2017-03-23,0.0,36.1,23.7,5.96,0.295,Kakinada,AP
2017-03-24,0.0,37.3,23.9,6.19,0.286,Kakinada,AP
2017-03-25,0.0,36.4,23.5,6.07,0.281,Kakinada,AP
2017-03-26,0.0,36.2,24.2,5.84,0.276,Kakinada,AP
2017-03-27,0.0,36.2,24.1,6.22,0.272,Kakinada,AP
2017-03-28,0.0,36.7,23.8,6.02,0.27,Kakinada,AP
2017-03-29,0.0,37.4,24.7,6.46,0.268,Kakinada,AP
2017-03-30,0.0,37.4,25.6,6.34,0.266,Kakinada,AP
2017-03-31,0.0,37.2,25.6,6.15,0.264,Kakinada,AP
2017-04-01,0.0,36.8,25.7,6.62,0.263,Kakinada,AP
2017-04-02,0.0,37.7,25.0,6.45,0.265,Kakinada,AP
2017-04-03,2.3,36.1,25.9,5.67,0.269,Kakinada,AP
2017-04-04,0.0,36.1,24.8,6.01,0.264,Kakinada,AP
2017-04-05,0.0,36.6,26.4,6.04,0.263,Kakinada,AP
2017-04-06,0.6,36.6,26.8,5.57,0.262,Kakinada,AP
2017-04-07,0.0,37.8,27.2,6.12,0.261,Kakinada,AP
2017-04-08,0.0,37.6,27.2,6.57,0.258,Kakinada,AP
2017-04-09,0.0,38.0,27.0,6.5,0.255,Kakinada,AP
2017-04-10,0.1,38.4,26.9,6.47,0.255,Kakinada,AP
2017-04-11,0.0,37.1,26.6,6.06,0.253,Kakinada,AP
2017-04-12,0.0,36.5,26.1,6.12,0.249,Kakinada,AP
2017-04-13,0.0,35.4,25.1,6.11,0.243,Kakinada,AP
2017-04-14,0.0,32.8,25.7,5.66,0.242,Kakinada,AP
2017-04-15,0.0,33.7,23.8,6.02,0.24,Kakinada,AP
2017-04-16,0.3,38.5,25.6,6.63,0.241,Kakinada,AP
2017-04-17,0.2,37.1,26.2,5.74,0.241,Kakinada,AP
2017-04-18,0.1,35.9,28.1,6.01,0.24,Kakinada,AP
2017-04-19,0.0,37.6,27.8,6.36,0.24,Kakinada,AP
2017-04-20,0.0,37.3,27.2,6.01,0.24,Kakinada,AP
2017-04-21,0.0,38.0,28.5,6.36,0.252,Kakinada,AP
2017-04-22,0.0,39.3,28.2,6.32,0.277,Kakinada,AP
2017-04-23,0.6,38.8,28.6,6.32,0.275,Kakinada,AP
2017-04-24,1.2,39.1,28.2,6.4,0.273,Kakinada,AP
2017-04-25,0.1,40.1,27.8,6.68,0.269,Kakinada,AP
2017-04-26,0.0,39.4,27.3,6.66,0.266,Kakinada,AP
2017-04-27,0.0,38.3,28.1,6.01,0.265,Kakinada,AP
2017-04-28,3.0,38.5,27.8,6.56,0.271,Kakinada,AP
2017-04-29,1.4,38.7,26.8,6.26,0.277,Kakinada,AP
2017-04-30,3.1,37.0,27.2,6.12,0.284,Kakinada,AP
2017-05-01,1.2,34.8,27.8,5.34,0.286,Kakinada,AP
2017-05-02,1.1,35.7,26.5,5.8,0.299,Kakinada,AP
2017-05-03,0.5,36.3,26.7,5.91,0.293,Kakinada,AP
2017-05-04,0.5,37.7,26.5,6.4,0.298,Kakinada,AP
2017-05-05,0.0,37.8,26.7,6.66,0.286,Kakinada,AP
2017-05-06,0.0,37.7,27.8,6.77,0.279,Kakinada,AP
2017-05-07,0.6,37.9,26.9,6.38,0.285,Kakinada,AP
2017-05-08,0.4,37.2,27.7,5.78,0.298,Kakinada,AP
2017-05-09,1.6,34.6,27.9,5.45,0.295,Kakinada,AP
2017-05-10,4.2,34.7,27.5,5.0,0.306,Kakinada,AP
2017-05-11,0.1,35.4,26.9,6.05,0.308,Kakinada,AP
2017-05-12,0.0,36.0,26.8,5.99,0.293,Kakinada,AP
2017-05-13,0.0,38.5,27.2,6.58,0.283,Kakinada,AP
2017-05-14,0.0,39.5,27.8,6.89,0.277,Kakinada,AP
2017-05-15,0.0,41.4,28.7,6.79,0.28,Kakinada,AP
2017-05-16,1.6,43.1,30.5,7.12,0.313,Kakinada,AP
2017-05-17,0.9,42.4,30.3,6.97,0.33,Kakinada,AP
2017-05-18,0.0,42.6,30.6,6.78,0.316,Kakinada,AP
2017-05-19,0.0,35.5,29.7,5.6,0.302,Kakinada,AP
2017-05-20,1.4,40.1,29.5,6.32,0.296,Kakinada,AP
2017-05-21,0.0,38.5,29.7,6.65,0.285,Kakinada,AP
2017-05-22,0.0,40.0,29.2,6.31,0.279,Kakinada,AP
2017-05-23,0.0,38.8,30.1,6.28,0.278,Kakinada,AP
2017-05-24,0.0,38.3,29.7,5.81,0.272,Kakinada,AP
2017-05-25,0.0,36.3,29.5,5.36,0.266,Kakinada,AP
2017-05-26,0.0,36.8,29.5,5.68,0.261,Kakinada,AP
2017-05-27,0.0,37.1,28.9,5.46,0.26,Kakinada,AP
2017-05-28,0.0,38.7,26.9,5.75,0.262,Kakinada,AP
2017-05-29,1.7,39.9,29.4,6.96,0.267,Kakinada,AP
2017-05-30,0.4,41.9,30.7,8.11,0.267,Kakinada,AP
2017-05-31,0.0,40.4,30.2,7.28,0.263,Kakinada,AP
2017-06-01,0.0,38.5,28.9,6.61,0.258,Kakinada,AP
2017-06-02,0.1,37.8,29.1,6.36,0.256,Kakinada,AP
2017-06-03,0.2,37.7,28.8,6.2,0.255,Kakinada,AP
2017-06-04,4.2,40.3,27.4,6.32,0.26,Kakinada,AP
2017-06-05,0.1,40.4,30.4,7.07,0.258,Kakinada,AP
2017-06-06,3.4,34.9,27.8,3.68,0.376,Kakinada,AP
2017-06-07,15.2,36.5,25.9,5.56,0.43,Kakinada,AP
2017-06-08,15.8,34.4,26.4,5.55,0.445,Kakinada,AP
2017-06-09,14.2,35.0,26.9,4.21,0.447,Kakinada,AP
2017-06-10,7.8,33.9,27.1,4.29,0.451,Kakinada,AP
2017-06-11,2.7,33.9,28.4,4.46,0.42,Kakinada,AP
2017-06-12,3.5,33.3,27.1,4.41,0.42,Kakinada,AP
2017-06-13,12.6,32.0,27.0,3.07,0.449,Kakinada,AP
2017-06-14,43.5,32.3,25.9,3.41,0.502,Kakinada,AP
2017-06-15,42.5,31.6,25.5,2.7,0.51,Kakinada,AP
2017-06-16,3.5,30.2,25.7,2.08,0.494,Kakinada,AP
2017-06-17,0.1,31.9,26.9,4.08,0.472,Kakinada,AP
2017-06-18,7.8,32.3,26.8,4.28,0.48,Kakinada,AP
2017-06-19,5.3,32.5,27.9,4.75,0.468,Kakinada,AP
2017-06-20,1.6,31.3,27.5,4.38,0.447,Kakinada,AP
2017-06-21,2.1,32.3,26.6,4.5,0.436,Kakinada,AP
2017-06-22,0.0,32.6,27.8,4.05,0.419,Kakinada,AP
2017-06-23,2.7,33.1,26.9,4.5,0.41,Kakinada,AP
2017-06-24,9.9,32.0,25.8,3.79,0.45,Kakinada,AP
2017-06-25,13.1,29.9,25.5,2.71,0.486,Kakinada,AP
2017-06-26,21.2,29.3,25.6,2.02,0.506,Kakinada,AP
2017-06-27,9.1,29.5,25.4,2.89,0.504,Kakinada,AP
2017-06-28,16.2,29.1,25.4,2.04,0.512,Kakinada,AP
2017-06-29,12.5,30.0,25.4,2.88,0.504,Kakinada,AP
2017-06-30,25.5,28.9,26.2,1.92,0.505,Kakinada,AP
2017-07-01,20.1,30.3,25.5,2.38,0.504,Kakinada,AP
2017-07-02,5.6,31.0,26.5,3.04,0.489,Kakinada,AP
2017-07-03,0.7,32.5,27.1,4.45,0.467,Kakinada,AP
2017-07-04,2.3,31.5,27.1,3.76,0.464,Kakinada,AP
2017-07-05,0.0,33.0,27.5,5.31,0.442,Kakinada,AP
2017-07-06,6.0,31.4,26.9,3.98,0.451,Kakinada,AP
2017-07-07,3.5,32.7,25.7,4.58,0.475,Kakinada,AP
2017-07-08,0.1,33.2,27.0,4.07,0.456,Kakinada,AP
2017-07-09,6.0,33.3,26.5,4.83,0.468,Kakinada,AP
2017-07-10,4.0,33.1,26.6,4.68,0.475,Kakinada,AP
2017-07-11,14.7,29.8,26.5,3.49,0.467,Kakinada,AP
2017-07-12,5.5,30.2,25.8,2.92,0.47,Kakinada,AP
2017-07-13,11.3,29.2,24.8,2.3,0.481,Kakinada,AP
2017-07-14,40.0,28.4,24.2,1.62,0.51,Kakinada,AP
2017-07-15,4.3,30.1,24.9,2.9,0.5,Kakinada,AP
2017-07-16,15.5,29.8,25.0,2.57,0.507,Kakinada,AP
2017-07-17,38.7,27.2,25.0,1.69,0.51,Kakinada,AP
2017-07-18,46.8,25.8,24.4,1.58,0.511,Kakinada,AP
2017-07-19,7.1,31.0,25.1,4.73,0.497,Kakinada,AP
2017-07-20,0.6,30.9,26.4,4.49,0.483,Kakinada,AP
2017-07-21,0.0,32.5,27.6,5.26,0.457,Kakinada,AP
2017-07-22,0.7,32.6,27.5,5.27,0.444,Kakinada,AP
2017-07-23,0.1,33.0,28.2,5.39,0.43,Kakinada,AP
2017-07-24,0.0,32.6,28.0,5.72,0.42,Kakinada,AP
2017-07-25,0.0,33.4,27.8,6.02,0.404,Kakinada,AP
2017-07-26,0.1,33.3,27.6,5.72,0.389,Kakinada,AP
2017-07-27,0.7,33.5,27.4,5.47,0.376,Kakinada,AP
2017-07-28,10.3,31.7,26.1,3.25,0.412,Kakinada,AP
2017-07-29,3.5,31.2,25.9,4.46,0.391,Kakinada,AP
2017-07-30,1.4,32.5,26.8,4.86,0.405,Kakinada,AP
2017-07-31,4.0,33.2,27.0,4.8,0.437,Kakinada,AP
2017-08-01,0.0,33.6,27.7,5.58,0.406,Kakinada,AP
2017-08-02,4.5,32.9,28.0,4.72,0.412,Kakinada,AP
2017-08-03,1.0,32.6,27.6,4.75,0.425,Kakinada,AP
2017-08-04,0.1,32.1,27.8,4.95,0.425,Kakinada,AP
2017-08-05,3.4,31.1,27.3,3.95,0.408,Kakinada,AP
2017-08-06,2.2,32.8,26.5,4.74,0.414,Kakinada,AP
2017-08-07,2.9,31.7,26.7,4.41,0.428,Kakinada,AP
2017-08-08,2.3,31.7,26.6,3.71,0.418,Kakinada,AP
2017-08-09,33.0,32.0,25.8,3.35,0.475,Kakinada,AP
2017-08-10,1.5,30.8,25.6,4.79,0.46,Kakinada,AP
2017-08-11,7.8,30.6,26.6,3.85,0.464,Kakinada,AP
2017-08-12,7.9,29.8,26.0,3.45,0.482,Kakinada,AP
2017-08-13,19.3,30.0,26.3,2.96,0.492,Kakinada,AP
2017-08-14,2.9,32.3,25.5,4.93,0.487,Kakinada,AP
2017-08-15,0.0,32.9,26.2,5.53,0.47,Kakinada,AP
2017-08-16,2.0,31.1,26.9,3.9,0.459,Kakinada,AP
2017-08-17,8.6,30.2,26.5,2.63,0.475,Kakinada,AP
2017-08-18,5.8,28.5,25.5,2.31,0.48,Kakinada,AP
2017-08-19,10.4,27.1,23.9,1.79,0.502,Kakinada,AP
2017-08-20,14.2,29.0,24.7,2.69,0.502,Kakinada,AP
2017-08-21,1.6,31.7,25.4,4.8,0.475,Kakinada,AP
2017-08-22,8.9,31.2,25.4,3.78,0.479,Kakinada,AP
2017-08-23,21.8,31.1,25.9,3.79,0.487,Kakinada,AP
2017-08-24,10.8,32.2,26.4,3.81,0.488,Kakinada,AP
2017-08-25,16.6,29.5,25.3,3.08,0.501,Kakinada,AP
2017-08-26,4.8,30.8,25.5,4.27,0.492,Kakinada,AP
2017-08-27,8.6,30.1,26.1,3.11,0.486,Kakinada,AP
2017-08-28,7.2,28.6,25.8,2.23,0.5,Kakinada,AP
2017-08-29,16.3,30.2,25.1,2.99,0.499,Kakinada,AP
2017-08-30,3.9,31.7,25.1,4.12,0.495,Kakinada,AP
2017-08-31,11.0,31.0,25.9,3.51,0.497,Kakinada,AP
2017-09-01,3.1,32.3,27.0,3.85,0.484,Kakinada,AP
2017-09-02,0.0,32.5,26.8,3.72,0.469,Kakinada,AP
2017-09-03,2.6,33.1,27.2,4.77,0.463,Kakinada,AP
2017-09-04,2.0,32.8,26.4,4.7,0.457,Kakinada,AP
2017-09-05,6.8,31.8,26.7,3.87,0.471,Kakinada,AP
2017-09-06,16.3,31.6,26.2,4.01,0.496,Kakinada,AP
2017-09-07,16.4,30.6,25.2,3.99,0.5,Kakinada,AP
2017-09-08,7.3,31.2,26.4,4.38,0.494,Kakinada,AP
2017-09-09,2.6,31.2,26.0,4.18,0.49,Kakinada,AP
2017-09-10,3.1,30.4,25.9,4.28,0.479,Kakinada,AP
2017-09-11,1.2,31.5,26.8,4.34,0.474,Kakinada,AP
2017-09-12,4.7,31.6,26.3,4.18,0.475,Kakinada,AP
2017-09-13,0.8,30.4,27.1,2.27,0.474,Kakinada,AP
2017-09-14,13.9,30.5,24.3,3.11,0.497,Kakinada,AP
2017-09-15,0.5,31.9,25.4,3.89,0.481,Kakinada,AP
2017-09-16,4.1,32.6,26.3,4.78,0.479,Kakinada,AP
2017-09-17,7.9,30.1,25.4,2.5,0.498,Kakinada,AP
2017-09-18,1.5,30.1,25.7,3.33,0.49,Kakinada,AP
2017-09-19,0.0,31.9,26.2,5.06,0.473,Kakinada,AP
2017-09-20,0.0,30.8,26.7,4.28,0.456,Kakinada,AP
2017-09-21,0.7,32.1,27.1,4.6,0.449,Kakinada,AP
2017-09-22,3.6,31.3,26.5,4.05,0.451,Kakinada,AP
2017-09-23,2.5,32.8,25.9,4.33,0.458,Kakinada,AP
2017-09-24,9.6,30.6,26.1,3.72,0.483,Kakinada,AP
2017-09-25,2.6,30.8,25.5,3.89,0.482,Kakinada,AP
2017-09-26,8.9,31.5,25.7,4.33,0.486,Kakinada,AP
2017-09-27,22.8,29.4,24.7,3.39,0.502,Kakinada,AP
2017-09-28,6.3,29.1,25.6,3.45,0.501,Kakinada,AP
2017-09-29,14.6,29.6,25.5,3.11,0.494,Kakinada,AP
2017-09-30,2.8,30.2,24.9,2.98,0.498,Kakinada,AP
2017-10-01,6.3,30.7,25.3,2.95,0.5,Kakinada,AP
2017-10-02,11.9,30.5,24.7,3.53,0.497,Kakinada,AP
2017-10-03,2.9,31.1,25.1,3.56,0.493,Kakinada,AP
2017-10-04,14.1,29.6,25.5,2.72,0.5,Kakinada,AP
2017-10-05,9.3,29.3,25.1,3.56,0.497,Kakinada,AP
2017-10-06,11.3,28.4,25.2,2.59,0.503,Kakinada,AP
2017-10-07,2.7,29.6,24.8,3.19,0.49,Kakinada,AP
2017-10-08,6.6,30.3,25.1,3.52,0.491,Kakinada,AP
2017-10-09,13.7,30.4,25.5,3.38,0.494,Kakinada,AP
2017-10-10,3.0,31.0,24.7,3.62,0.489,Kakinada,AP
2017-10-11,6.4,30.8,25.3,3.92,0.488,Kakinada,AP
2017-10-12,2.5,30.9,25.9,4.1,0.489,Kakinada,AP
2017-10-13,1.2,31.3,25.3,4.2,0.477,Kakinada,AP
2017-10-14,0.5,31.7,25.8,4.24,0.467,Kakinada,AP
2017-10-15,1.3,32.4,26.0,4.16,0.465,Kakinada,AP
2017-10-16,0.0,32.3,25.7,4.45,0.464,Kakinada,AP
2017-10-17,0.0,31.6,25.2,4.52,0.445,Kakinada,AP
2017-10-18,0.0,32.0,24.1,3.91,0.432,Kakinada,AP
2017-10-19,1.0,29.5,25.6,1.91,0.44,Kakinada,AP
2017-10-20,0.9,30.3,26.0,2.58,0.439,Kakinada,AP
2017-10-21,0.0,32.0,25.4,4.73,0.422,Kakinada,AP
2017-10-22,0.0,32.3,26.0,4.13,0.409,Kakinada,AP
2017-10-23,3.4,30.9,25.6,3.34,0.405,Kakinada,AP
2017-10-24,0.7,30.7,25.6,3.73,0.424,Kakinada,AP
2017-10-25,0.8,29.9,24.9,3.97,0.426,Kakinada,AP
2017-10-26,0.0,29.2,23.6,4.11,0.41,Kakinada,AP
2017-10-27,0.0,29.4,23.8,4.13,0.395,Kakinada,AP
2017-10-28,0.0,29.4,24.5,4.04,0.382,Kakinada,AP
2017-10-29,0.0,29.3,25.1,4.71,0.371,Kakinada,AP
2017-10-30,0.0,29.3,24.9,4.31,0.358,Kakinada,AP
2017-10-31,0.0,28.9,24.8,4.55,0.347,Kakinada,AP
2017-11-01,0.0,28.8,24.7,4.73,0.337,Kakinada,AP
2017-11-02,0.0,29.1,24.2,4.99,0.327,Kakinada,AP
2017-11-03,0.0,28.8,23.9,4.91,0.318,Kakinada,AP
2017-11-04,2.6,28.7,24.5,4.26,0.312,Kakinada,AP
2017-11-05,10.4,28.7,24.5,3.66,0.432,Kakinada,AP
2017-11-06,0.0,29.2,25.1,3.99,0.421,Kakinada,AP
2017-11-07,0.0,29.3,24.2,4.23,0.397,Kakinada,AP
2017-11-08,0.0,29.2,24.7,4.6,0.378,Kakinada,AP
2017-11-09,0.0,29.1,23.7,4.16,0.364,Kakinada,AP
2017-11-10,0.0,29.2,24.1,4.5,0.35,Kakinada,AP
2017-11-11,0.0,29.6,23.9,4.9,0.338,Kakinada,AP
2017-11-12,0.5,28.9,24.9,4.57,0.329,Kakinada,AP
2017-11-13,6.1,28.8,24.2,3.8,0.332,Kakinada,AP
2017-11-14,9.6,27.6,22.8,2.69,0.459,Kakinada,AP
2017-11-15,22.4,26.8,24.6,1.72,0.48,Kakinada,AP
2017-11-16,0.0,31.1,24.0,2.99,0.471,Kakinada,AP
2017-11-17,2.1,29.9,24.2,2.71,0.464,Kakinada,AP
2017-11-18,0.6,28.7,24.1,3.23,0.464,Kakinada,AP
2017-11-19,0.9,28.6,24.4,3.2,0.45,Kakinada,AP
2017-11-20,0.0,29.1,24.8,3.49,0.436,Kakinada,AP
2017-11-21,0.0,28.7,25.2,3.81,0.423,Kakinada,AP
2017-11-22,0.0,28.2,24.4,3.75,0.41,Kakinada,AP
2017-11-23,0.7,29.5,23.6,3.47,0.4,Kakinada,AP
2017-11-24,0.4,27.7,23.6,3.51,0.395,Kakinada,AP
2017-11-25,0.0,27.1,22.5,4.18,0.384,Kakinada,AP
2017-11-26,0.0,27.0,21.4,3.99,0.373,Kakinada,AP
2017-11-27,0.0,27.0,21.6,3.78,0.363,Kakinada,AP
2017-11-28,0.0,27.0,21.6,3.83,0.354,Kakinada,AP
2017-11-29,0.0,26.9,21.9,4.19,0.345,Kakinada,AP
2017-11-30,0.0,27.1,21.6,3.9,0.337,Kakinada,AP
2017-12-01,0.0,26.6,21.6,4.27,0.329,Kakinada,AP
2017-12-02,0.0,26.3,21.3,4.23,0.322,Kakinada,AP
2017-12-03,0.0,26.1,20.7,4.19,0.315,Kakinada,AP
2017-12-04,0.0,26.2,20.8,4.04,0.31,Kakinada,AP
2017-12-05,0.0,26.0,20.8,4.02,0.305,Kakinada,AP
2017-12-06,0.0,26.0,20.8,3.62,0.3,Kakinada,AP
2017-12-07,0.0,26.6,20.9,3.54,0.297,Kakinada,AP
2017-12-08,0.0,28.6,19.7,3.58,0.294,Kakinada,AP
2017-12-09,0.0,30.2,21.6,3.97,0.29,Kakinada,AP
2017-12-10,0.0,29.2,20.2,3.57,0.288,Kakinada,AP
2017-12-11,0.2,28.9,21.2,3.05,0.287,Kakinada,AP
2017-12-12,0.6,28.0,22.0,2.73,0.289,Kakinada,AP
2017-12-13,0.0,28.0,21.7,3.14,0.288,Kakinada,AP
2017-12-14,0.0,27.3,23.0,3.15,0.287,Kakinada,AP
2017-12-15,0.0,27.5,21.7,3.65,0.284,Kakinada,AP
2017-12-16,0.0,27.8,19.9,3.81,0.283,Kakinada,AP
2017-12-17,0.0,27.8,19.5,3.83,0.281,Kakinada,AP
2017-12-18,0.0,26.9,19.5,3.79,0.278,Kakinada,AP
2017-12-19,0.0,26.3,20.1,3.96,0.276,Kakinada,AP
2017-12-20,0.0,25.8,19.0,3.9,0.274,Kakinada,AP
2017-12-21,0.0,26.2,20.3,3.66,0.271,Kakinada,AP
2017-12-22,0.0,26.4,19.5,3.66,0.269,Kakinada,AP
2017-12-23,0.0,26.2,20.2,3.5,0.267,Kakinada,AP
2017-12-24,0.0,26.6,20.2,3.55,0.266,Kakinada,AP
2017-12-25,0.0,26.4,20.1,3.54,0.265,Kakinada,AP
2017-12-26,0.0,26.9,20.6,3.7,0.264,Kakinada,AP
2017-12-27,0.0,26.3,19.8,3.77,0.262,Kakinada,AP
2017-12-28,0.0,26.0,19.0,3.88,0.26,Kakinada,AP
2017-12-29,0.0,26.3,19.2,4.0,0.257,Kakinada,AP
2017-12-30,0.1,27.0,19.9,3.95,0.256,Kakinada,AP
2017-12-31,0.0,26.5,22.1,3.99,0.256,Kakinada,AP
2018-01-01,1.7,26.8,22.0,3.94,0.266,Kakinada,AP
2018-01-02,0.0,26.5,21.6,3.96,0.266,Kakinada,AP
2018-01-03,0.0,26.7,21.0,3.83,0.263,Kakinada,AP
2018-01-04,0.0,26.5,18.8,3.46,0.262,Kakinada,AP
2018-01-05,0.0,26.2,17.9,3.62,0.262,Kakinada,AP
2018-01-06,0.0,27.6,18.3,3.76,0.259,Kakinada,AP
2018-01-07,0.0,26.7,17.7,3.74,0.258,Kakinada,AP
2018-01-08,0.0,25.7,19.5,4.02,0.257,Kakinada,AP
2018-01-09,0.0,25.9,20.2,4.14,0.256,Kakinada,AP
2018-01-10,0.0,26.0,20.2,3.64,0.256,Kakinada,AP
2018-01-11,0.0,27.0,19.6,3.52,0.255,Kakinada,AP
2018-01-12,0.0,28.5,19.5,3.53,0.255,Kakinada,AP
2018-01-13,0.0,27.4,19.5,3.23,0.255,Kakinada,AP
2018-01-14,0.0,27.8,21.0,3.5,0.254,Kakinada,AP
2018-01-15,0.0,27.3,20.4,3.47,0.254,Kakinada,AP
2018-01-16,0.0,27.4,21.0,3.72,0.254,Kakinada,AP
2018-01-17,0.0,26.3,19.2,3.59,0.252,Kakinada,AP
2018-01-18,0.0,26.9,18.0,3.79,0.25,Kakinada,AP
2018-01-19,0.0,27.3,18.3,3.9,0.247,Kakinada,AP
2018-01-20,0.0,26.7,18.6,3.8,0.244,Kakinada,AP
2018-01-21,0.0,26.4,18.1,3.95,0.241,Kakinada,AP
2018-01-22,0.0,26.4,18.5,4.0,0.239,Kakinada,AP
2018-01-23,0.0,26.6,18.5,3.84,0.239,Kakinada,AP
2018-01-24,0.0,27.8,18.4,3.91,0.239,Kakinada,AP
2018-01-25,0.0,30.3,18.3,3.95,0.239,Kakinada,AP
2018-01-26,1.1,26.7,19.2,2.79,0.242,Kakinada,AP
2018-01-27,0.0,27.2,19.2,3.74,0.243,Kakinada,AP
2018-01-28,0.0,26.7,19.5,3.92,0.24,Kakinada,AP
2018-01-29,0.0,26.8,20.2,3.93,0.239,Kakinada,AP
2018-01-30,0.0,27.7,18.7,4.12,0.238,Kakinada,AP
2018-01-31,0.0,30.7,17.4,4.6,0.238,Kakinada,AP
2018-02-01,0.0,32.3,17.4,4.78,0.237,Kakinada,AP
2018-02-02,0.0,30.6,17.3,4.64,0.235,Kakinada,AP
2018-02-03,0.0,29.4,16.9,4.57,0.233,Kakinada,AP
2018-02-04,0.0,28.7,17.0,4.52,0.233,Kakinada,AP
2018-02-05,0.0,26.9,16.9,3.93,0.232,Kakinada,AP
2018-02-06,0.0,28.8,18.2,4.3,0.231,Kakinada,AP
2018-02-07,0.0,29.8,17.0,4.27,0.231,Kakinada,AP
2018-02-08,0.0,30.4,20.6,3.54,0.232,Kakinada,AP
2018-02-09,0.0,30.3,21.3,4.22,0.232,Kakinada,AP
2018-02-10,0.0,31.1,20.7,4.14,0.231,Kakinada,AP
2018-02-11,0.1,27.9,21.4,2.87,0.231,Kakinada,AP
2018-02-12,0.0,27.9,23.3,4.12,0.232,Kakinada,AP
2018-02-13,0.0,27.7,22.1,4.27,0.232,Kakinada,AP
2018-02-14,0.0,28.1,20.6,4.68,0.231,Kakinada,AP
2018-02-15,0.0,29.0,19.9,4.6,0.231,Kakinada,AP
2018-02-16,0.0,29.3,20.0,4.6,0.231,Kakinada,AP
2018-02-17,0.0,30.4,20.1,4.44,0.23,Kakinada,AP
2018-02-18,0.0,30.0,19.8,4.67,0.228,Kakinada,AP
2018-02-19,0.0,29.0,19.6,4.5,0.226,Kakinada,AP
2018-02-20,0.0,29.9,19.8,4.64,0.226,Kakinada,AP
2018-02-21,0.0,30.9,19.7,5.03,0.225,Kakinada,AP
2018-02-22,0.0,32.1,19.4,5.17,0.223,Kakinada,AP
2018-02-23,0.0,30.8,19.7,4.98,0.22,Kakinada,AP
2018-02-24,0.0,30.3,18.7,4.94,0.219,Kakinada,AP
2018-02-25,0.0,32.8,16.8,5.34,0.219,Kakinada,AP
2018-02-26,0.0,34.9,17.5,6.02,0.219,Kakinada,AP
2018-02-27,0.0,34.1,20.0,5.88,0.219,Kakinada,AP
2018-02-28,0.0,35.0,19.5,5.8,0.218,Kakinada,AP
2018-03-01,0.0,34.6,19.5,5.78,0.217,Kakinada,AP
2018-03-02,0.0,35.5,19.8,6.14,0.216,Kakinada,AP
2018-03-03,0.0,36.6,21.3,6.36,0.216,Kakinada,AP
2018-03-04,0.0,36.1,20.8,6.12,0.215,Kakinada,AP
2018-03-05,0.0,34.4,20.7,5.7,0.215,Kakinada,AP
2018-03-06,0.0,35.3,21.0,5.76,0.215,Kakinada,AP
2018-03-07,0.0,34.7,21.7,5.81,0.215,Kakinada,AP
2018-03-08,0.0,32.4,21.2,5.15,0.215,Kakinada,AP
2018-03-09,0.0,31.5,23.8,4.75,0.214,Kakinada,AP
2018-03-10,0.0,32.8,22.8,5.07,0.217,Kakinada,AP
2018-03-11,0.0,31.8,22.5,5.1,0.217,Kakinada,AP
2018-03-12,0.0,33.4,21.9,5.29,0.218,Kakinada,AP
2018-03-13,0.0,35.7,22.4,5.53,0.218,Kakinada,AP
2018-03-14,0.0,36.4,21.4,6.23,0.216,Kakinada,AP
2018-03-15,0.0,34.6,24.1,5.08,0.216,Kakinada,AP
2018-03-16,0.0,34.3,23.9,4.14,0.215,Kakinada,AP
2018-03-17,4.1,28.7,23.3,2.48,0.24,Kakinada,AP
2018-03-18,0.0,33.8,22.2,5.85,0.238,Kakinada,AP
2018-03-19,0.0,34.3,21.9,5.62,0.237,Kakinada,AP
2018-03-20,0.0,34.1,23.7,5.64,0.237,Kakinada,AP
2018-03-21,0.0,36.4,23.2,5.58,0.237,Kakinada,AP
2018-03-22,0.2,37.0,24.0,5.33,0.237,Kakinada,AP
2018-03-23,0.1,37.0,25.0,5.37,0.236,Kakinada,AP
2018-03-24,0.0,34.2,25.1,5.08,0.236,Kakinada,AP
2018-03-25,0.0,33.0,25.3,5.01,0.234,Kakinada,AP
2018-03-26,0.1,35.9,24.3,5.7,0.233,Kakinada,AP
2018-03-27,0.0,36.8,24.3,5.73,0.231,Kakinada,AP
2018-03-28,0.0,36.3,23.7,5.7,0.231,Kakinada,AP
2018-03-29,0.1,36.6,24.5,5.57,0.23,Kakinada,AP
2018-03-30,0.0,36.5,24.9,5.71,0.23,Kakinada,AP
2018-03-31,0.0,35.2,25.3,5.54,0.234,Kakinada,AP
2018-04-01,0.0,34.2,24.9,5.52,0.245,Kakinada,AP
2018-04-02,1.0,33.8,24.5,5.43,0.25,Kakinada,AP
2018-04-03,1.5,34.2,24.9,4.8,0.26,Kakinada,AP
2018-04-04,0.5,34.0,24.8,5.25,0.266,Kakinada,AP
2018-04-05,0.0,34.8,24.4,5.69,0.263,Kakinada,AP
2018-04-06,0.0,35.5,24.8,5.68,0.261,Kakinada,AP
2018-04-07,0.0,34.6,25.0,5.15,0.258,Kakinada,AP
2018-04-08,2.7,32.8,24.8,4.64,0.262,Kakinada,AP
2018-04-09,0.2,32.3,24.7,5.16,0.256,Kakinada,AP
2018-04-10,0.0,31.8,24.2,5.43,0.253,Kakinada,AP
2018-04-11,0.3,33.2,25.3,5.52,0.252,Kakinada,AP
2018-04-12,2.4,35.2,25.0,5.62,0.253,Kakinada,AP
2018-04-13,0.0,34.3,25.8,5.53,0.246,Kakinada,AP
2018-04-14,1.7,35.8,26.4,5.63,0.25,Kakinada,AP
2018-04-15,0.0,36.8,26.5,6.08,0.253,Kakinada,AP
2018-04-16,1.6,37.0,26.8,6.05,0.26,Kakinada,AP
2018-04-17,0.4,37.2,26.9,6.16,0.269,Kakinada,AP
2018-04-18,0.0,39.4,26.6,6.16,0.268,Kakinada,AP
2018-04-19,0.4,38.6,27.1,6.59,0.269,Kakinada,AP
2018-04-20,1.1,37.3,27.8,6.0,0.279,Kakinada,AP
2018-04-21,0.2,37.6,28.1,5.93,0.299,Kakinada,AP
2018-04-22,0.0,37.5,27.9,6.48,0.289,Kakinada,AP
2018-04-23,1.7,37.8,27.0,6.13,0.283,Kakinada,AP
2018-04-24,1.1,36.8,27.3,4.99,0.29,Kakinada,AP
2018-04-25,0.3,37.3,27.4,5.98,0.316,Kakinada,AP
2018-04-26,0.0,37.6,26.1,6.25,0.303,Kakinada,AP
2018-04-27,0.0,36.7,26.9,5.81,0.291,Kakinada,AP
2018-04-28,0.0,37.6,26.4,6.39,0.282,Kakinada,AP
2018-04-29,0.0,36.7,26.2,5.78,0.277,Kakinada,AP
2018-04-30,0.2,37.6,26.8,5.36,0.276,Kakinada,AP
2018-05-01,3.6,37.1,27.9,5.49,0.287,Kakinada,AP
2018-05-02,0.3,36.9,27.0,5.31,0.28,Kakinada,AP
2018-05-03,3.2,34.9,27.8,4.43,0.306,Kakinada,AP
2018-05-04,0.0,34.9,26.2,5.66,0.32,Kakinada,AP
2018-05-05,0.0,36.5,26.9,6.02,0.303,Kakinada,AP
2018-05-06,0.0,37.3,26.2,6.51,0.29,Kakinada,AP
2018-05-07,0.0,37.8,27.1,6.25,0.281,Kakinada,AP
2018-05-08,0.0,38.0,28.1,6.31,0.275,Kakinada,AP
2018-05-09,0.0,37.6,28.3,6.23,0.27,Kakinada,AP
2018-05-10,0.1,38.0,28.3,6.31,0.266,Kakinada,AP
2018-05-11,0.0,38.0,28.3,5.82,0.263,Kakinada,AP
2018-05-12,0.8,37.3,28.1,5.89,0.264,Kakinada,AP
2018-05-13,0.1,36.3,28.3,5.76,0.268,Kakinada,AP
2018-05-14,4.8,34.0,27.4,4.27,0.296,Kakinada,AP
2018-05-15,0.2,36.6,26.6,5.97,0.302,Kakinada,AP
2018-05-16,0.4,36.2,26.4,5.82,0.293,Kakinada,AP
2018-05-17,0.0,37.1,27.1,6.08,0.288,Kakinada,AP
2018-05-18,0.3,38.1,27.3,6.04,0.284,Kakinada,AP
2018-05-19,0.2,36.2,28.2,5.77,0.284,Kakinada,AP
2018-05-20,0.8,37.4,28.6,5.81,0.276,Kakinada,AP
2018-05-21,0.2,35.8,27.9,5.38,0.276,Kakinada,AP
2018-05-22,0.2,36.1,28.1,5.59,0.287,Kakinada,AP
2018-05-23,0.2,35.6,27.4,5.66,0.278,Kakinada,AP
2018-05-24,1.9,34.5,28.2,5.23,0.279,Kakinada,AP
2018-05-25,0.7,34.7,27.6,5.31,0.274,Kakinada,AP
2018-05-26,0.0,35.1,27.4,5.65,0.267,Kakinada,AP
2018-05-27,0.0,35.1,27.6,5.88,0.262,Kakinada,AP
2018-05-28,0.1,38.5,28.0,6.35,0.258,Kakinada,AP
2018-05-29,0.0,38.5,28.1,6.06,0.256,Kakinada,AP
2018-05-30,0.0,36.0,29.1,5.56,0.255,Kakinada,AP
2018-05-31,0.0,36.7,29.5,5.86,0.251,Kakinada,AP
2018-06-01,1.2,33.9,28.6,4.56,0.265,Kakinada,AP
2018-06-02,2.2,34.8,28.0,4.79,0.324,Kakinada,AP
2018-06-03,0.3,36.4,27.6,5.66,0.358,Kakinada,AP
2018-06-04,0.0,37.3,28.5,5.92,0.324,Kakinada,AP
2018-06-05,2.2,36.1,28.9,5.03,0.316,Kakinada,AP
2018-06-06,18.5,33.7,25.6,3.85,0.46,Kakinada,AP
2018-06-07,25.5,33.4,25.8,3.68,0.475,Kakinada,AP
2018-06-08,12.2,33.8,26.4,4.16,0.469,Kakinada,AP
2018-06-09,2.5,33.5,27.1,5.03,0.442,Kakinada,AP
2018-06-10,1.3,32.2,27.6,4.42,0.437,Kakinada,AP
2018-06-11,51.1,29.9,26.0,2.92,0.464,Kakinada,AP
2018-06-12,62.2,29.2,25.5,1.7,0.506,Kakinada,AP
2018-06-13,2.1,34.1,26.6,4.16,0.49,Kakinada,AP
2018-06-14,0.2,35.0,28.3,6.2,0.459,Kakinada,AP
2018-06-15,0.0,36.4,27.7,6.71,0.429,Kakinada,AP
2018-06-16,0.0,36.4,28.6,6.66,0.402,Kakinada,AP
2018-06-17,0.1,36.7,28.3,7.13,0.377,Kakinada,AP
2018-06-18,0.0,36.1,29.4,7.32,0.355,Kakinada,AP
2018-06-19,0.0,36.1,28.5,6.97,0.335,Kakinada,AP
2018-06-20,2.7,34.9,28.7,5.88,0.322,Kakinada,AP
2018-06-21,1.8,32.2,28.4,3.28,0.318,Kakinada,AP
2018-06-22,4.3,32.2,27.0,3.11,0.4,Kakinada,AP
2018-06-23,5.2,32.6,26.7,4.26,0.447,Kakinada,AP
2018-06-24,9.5,33.3,26.0,4.86,0.467,Kakinada,AP
2018-06-25,0.7,34.5,27.5,5.55,0.431,Kakinada,AP
2018-06-26,0.6,33.5,28.3,4.71,0.402,Kakinada,AP
2018-06-27,9.2,30.1,25.1,2.29,0.452,Kakinada,AP
2018-06-28,32.1,29.3,24.6,2.41,0.508,Kakinada,AP
2018-06-29,13.2,31.3,24.3,3.95,0.502,Kakinada,AP
2018-06-30,8.1,30.6,26.0,3.43,0.5,Kakinada,AP
2018-07-01,6.7,29.6,26.6,2.75,0.496,Kakinada,AP
2018-07-02,8.5,31.8,25.7,4.31,0.494,Kakinada,AP
2018-07-03,7.3,32.2,25.0,4.27,0.501,Kakinada,AP
2018-07-04,2.1,33.3,25.7,4.75,0.486,Kakinada,AP
2018-07-05,0.9,31.7,26.8,3.58,0.464,Kakinada,AP
2018-07-06,5.9,29.9,25.5,2.33,0.469,Kakinada,AP
2018-07-07,5.5,29.2,25.7,3.24,0.484,Kakinada,AP
2018-07-08,61.0,29.9,25.1,2.58,0.506,Kakinada,AP
2018-07-09,2.6,29.0,25.5,3.32,0.492,Kakinada,AP
2018-07-10,21.3,28.5,24.8,2.16,0.503,Kakinada,AP
2018-07-11,7.3,28.3,25.4,2.32,0.503,Kakinada,AP
2018-07-12,24.5,27.5,25.0,2.38,0.508,Kakinada,AP
2018-07-13,16.6,31.0,24.7,4.02,0.505,Kakinada,AP
2018-07-14,22.0,27.3,25.2,2.03,0.51,Kakinada,AP
2018-07-15,64.4,26.2,25.5,1.44,0.511,Kakinada,AP
2018-07-16,6.3,29.4,25.2,3.27,0.504,Kakinada,AP
2018-07-17,2.3,32.1,25.7,5.46,0.489,Kakinada,AP
2018-07-18,7.6,32.8,25.6,5.38,0.483,Kakinada,AP
2018-07-19,2.8,31.9,26.4,3.28,0.481,Kakinada,AP
2018-07-20,59.2,26.6,25.3,1.19,0.51,Kakinada,AP
2018-07-21,14.3,27.9,25.4,2.57,0.505,Kakinada,AP
2018-07-22,0.3,31.2,25.3,4.28,0.486,Kakinada,AP
2018-07-23,0.5,32.2,27.0,5.57,0.466,Kakinada,AP
2018-07-24,1.0,32.2,26.7,5.21,0.454,Kakinada,AP
2018-07-25,0.3,32.6,27.1,5.11,0.439,Kakinada,AP
2018-07-26,0.2,32.9,27.7,5.72,0.423,Kakinada,AP
2018-07-27,0.8,31.6,26.6,4.68,0.414,Kakinada,AP
2018-07-28,4.2,32.2,25.3,4.54,0.442,Kakinada,AP
2018-07-29,7.9,31.9,25.5,4.59,0.455,Kakinada,AP
2018-07-30,1.1,32.2,27.4,4.33,0.44,Kakinada,AP
2018-07-31,0.8,31.1,27.4,3.79,0.418,Kakinada,AP
2018-08-01,0.8,32.7,27.1,5.38,0.401,Kakinada,AP
2018-08-02,0.7,32.1,25.9,5.28,0.39,Kakinada,AP
2018-08-03,0.7,31.7,26.4,4.6,0.379,Kakinada,AP
2018-08-04,0.2,33.3,26.8,5.65,0.367,Kakinada,AP
2018-08-05,0.1,32.3,26.0,5.51,0.357,Kakinada,AP
2018-08-06,0.2,31.8,27.5,4.98,0.347,Kakinada,AP
2018-08-07,10.4,27.9,24.7,2.29,0.418,Kakinada,AP
2018-08-08,4.0,28.3,24.4,2.82,0.469,Kakinada,AP
2018-08-09,3.5,31.7,25.2,4.96,0.452,Kakinada,AP
2018-08-10,15.1,29.7,25.2,3.08,0.475,Kakinada,AP
2018-08-11,3.6,30.0,25.1,3.98,0.487,Kakinada,AP
2018-08-12,25.4,29.7,24.9,2.97,0.491,Kakinada,AP
2018-08-13,28.8,29.4,24.8,3.19,0.504,Kakinada,AP
2018-08-14,31.1,27.6,24.6,1.9,0.509,Kakinada,AP
2018-08-15,47.4,26.8,25.3,1.14,0.515,Kakinada,AP
2018-08-16,4.2,31.1,25.0,4.1,0.501,Kakinada,AP
2018-08-17,2.8,31.3,25.2,4.6,0.486,Kakinada,AP
2018-08-18,11.5,31.0,25.8,3.48,0.493,Kakinada,AP
2018-08-19,25.7,27.7,25.4,2.28,0.51,Kakinada,AP
2018-08-20,62.3,26.3,25.0,1.64,0.512,Kakinada,AP
2018-08-21,5.6,31.3,24.8,5.13,0.488,Kakinada,AP
2018-08-22,0.0,32.8,26.4,5.69,0.462,Kakinada,AP
2018-08-23,0.0,32.5,26.9,5.47,0.441,Kakinada,AP
2018-08-24,7.5,29.5,26.5,2.97,0.457,Kakinada,AP
2018-08-25,10.5,28.1,25.2,1.76,0.482,Kakinada,AP
2018-08-26,6.0,28.4,25.4,2.08,0.493,Kakinada,AP
2018-08-27,5.9,30.3,25.0,3.43,0.497,Kakinada,AP
2018-08-28,4.0,30.3,25.2,3.99,0.483,Kakinada,AP
2018-08-29,2.5,31.6,25.5,4.36,0.48,Kakinada,AP
2018-08-30,0.2,32.3,26.0,4.86,0.466,Kakinada,AP
2018-08-31,1.4,31.4,26.1,4.38,0.456,Kakinada,AP
2018-09-01,6.8,30.1,26.3,3.9,0.47,Kakinada,AP
2018-09-02,6.4,30.5,25.3,4.1,0.479,Kakinada,AP
2018-09-03,3.3,32.1,25.9,4.81,0.463,Kakinada,AP
2018-09-04,3.9,31.6,26.2,4.54,0.448,Kakinada,AP
2018-09-05,0.2,31.5,26.6,4.07,0.442,Kakinada,AP
2018-09-06,0.5,29.5,26.4,3.77,0.429,Kakinada,AP
2018-09-07,0.5,30.9,24.1,4.67,0.462,Kakinada,AP
2018-09-08,0.8,31.4,24.2,5.05,0.443,Kakinada,AP
2018-09-09,0.0,31.9,24.2,4.78,0.421,Kakinada,AP
2018-09-10,3.3,32.3,25.0,4.45,0.406,Kakinada,AP
2018-09-11,2.2,32.9,25.6,4.79,0.406,Kakinada,AP
2018-09-12,4.4,31.3,26.3,4.21,0.401,Kakinada,AP
2018-09-13,12.8,29.9,26.3,3.76,0.441,Kakinada,AP
2018-09-14,4.8,31.0,25.8,4.01,0.46,Kakinada,AP
2018-09-15,5.4,32.7,26.3,4.54,0.448,Kakinada,AP
2018-09-16,2.3,31.1,25.8,3.38,0.423,Kakinada,AP
2018-09-17,13.7,28.8,25.6,2.69,0.45,Kakinada,AP
2018-09-18,1.5,30.4,24.7,3.73,0.453,Kakinada,AP
2018-09-19,5.5,32.4,24.9,4.76,0.438,Kakinada,AP
2018-09-20,8.8,27.7,25.6,1.3,0.46,Kakinada,AP
2018-09-21,7.3,30.1,24.6,3.22,0.48,Kakinada,AP
2018-09-22,19.4,29.7,24.4,3.47,0.499,Kakinada,AP
2018-09-23,1.3,29.7,25.4,4.04,0.48,Kakinada,AP
2018-09-24,1.1,30.7,25.0,4.21,0.464,Kakinada,AP
2018-09-25,5.5,31.3,25.6,4.33,0.461,Kakinada,AP
2018-09-26,5.8,30.9,25.0,4.15,0.471,Kakinada,AP
2018-09-27,1.5,31.1,24.6,4.51,0.462,Kakinada,AP
2018-09-28,1.5,30.8,25.3,4.45,0.447,Kakinada,AP
2018-09-29,0.1,31.3,24.6,4.67,0.427,Kakinada,AP
2018-09-30,0.3,31.4,25.6,4.72,0.408,Kakinada,AP
2018-10-01,0.5,31.0,25.6,4.65,0.392,Kakinada,AP
2018-10-02,0.1,30.9,25.5,4.54,0.378,Kakinada,AP
2018-10-03,0.0,31.3,25.4,4.71,0.365,Kakinada,AP
2018-10-04,0.0,30.9,25.4,4.58,0.352,Kakinada,AP
2018-10-05,0.0,30.8,24.8,4.9,0.338,Kakinada,AP
2018-10-06,0.0,31.2,24.0,4.95,0.324,Kakinada,AP
2018-10-07,0.0,30.9,25.7,5.04,0.314,Kakinada,AP
2018-10-08,0.0,31.9,25.6,5.22,0.303,Kakinada,AP
2018-10-09,0.0,34.8,25.5,5.38,0.293,Kakinada,AP
2018-10-10,0.0,33.9,24.0,5.7,0.287,Kakinada,AP
2018-10-11,0.0,33.3,27.2,5.71,0.285,Kakinada,AP
2018-10-12,0.7,33.2,26.0,5.21,0.284,Kakinada,AP
2018-10-13,5.8,31.9,24.5,4.04,0.31,Kakinada,AP
2018-10-14,5.2,31.2,24.6,3.62,0.359,Kakinada,AP
2018-10-15,3.4,30.1,24.4,3.7,0.391,Kakinada,AP
2018-10-16,0.2,29.5,25.2,3.67,0.381,Kakinada,AP
2018-10-17,0.8,29.9,25.0,3.26,0.367,Kakinada,AP
2018-10-18,0.0,31.4,23.8,4.51,0.35,Kakinada,AP
2018-10-19,0.0,31.3,21.6,4.74,0.333,Kakinada,AP
2018-10-20,0.0,31.5,21.8,4.78,0.318,Kakinada,AP
2018-10-21,0.0,31.3,22.7,4.7,0.305,Kakinada,AP
2018-10-22,0.0,32.5,23.3,4.67,0.295,Kakinada,AP
2018-10-23,0.0,32.0,23.9,4.65,0.285,Kakinada,AP
2018-10-24,0.0,32.0,23.4,4.57,0.279,Kakinada,AP
2018-10-25,0.0,31.3,24.3,4.42,0.277,Kakinada,AP
2018-10-26,0.0,30.9,24.5,5.38,0.273,Kakinada,AP
2018-10-27,0.0,30.7,23.1,5.5,0.269,Kakinada,AP
2018-10-28,0.0,30.2,24.4,5.68,0.265,Kakinada,AP
2018-10-29,0.1,30.1,24.4,5.36,0.262,Kakinada,AP
2018-10-30,1.2,30.7,25.6,5.08,0.266,Kakinada,AP
2018-10-31,2.1,29.7,24.9,4.02,0.279,Kakinada,AP
2018-11-01,2.1,28.5,25.4,3.29,0.286,Kakinada,AP
2018-11-02,0.5,30.3,25.8,4.16,0.281,Kakinada,AP
2018-11-03,0.3,29.8,25.8,4.2,0.285,Kakinada,AP
2018-11-04,0.3,30.2,25.5,4.11,0.291,Kakinada,AP
2018-11-05,0.2,31.5,25.5,3.96,0.284,Kakinada,AP
2018-11-06,0.0,30.9,24.2,4.24,0.28,Kakinada,AP
2018-11-07,0.0,30.9,22.7,4.42,0.275,Kakinada,AP
2018-11-08,0.0,30.2,22.9,4.41,0.271,Kakinada,AP
2018-11-09,0.0,30.6,24.0,3.77,0.268,Kakinada,AP
2018-11-10,0.5,30.2,23.3,3.87,0.266,Kakinada,AP
2018-11-11,0.0,30.1,24.0,4.66,0.264,Kakinada,AP
2018-11-12,0.0,30.3,23.0,4.82,0.263,Kakinada,AP
2018-11-13,0.0,31.7,23.4,5.23,0.262,Kakinada,AP
2018-11-14,0.0,30.0,24.4,4.85,0.26,Kakinada,AP
2018-11-15,0.2,29.7,25.9,4.56,0.262,Kakinada,AP
2018-11-16,2.0,29.8,25.5,3.83,0.266,Kakinada,AP
2018-11-17,2.7,30.7,24.5,3.26,0.289,Kakinada,AP
2018-11-18,0.0,30.3,24.8,3.67,0.291,Kakinada,AP
2018-11-19,0.0,29.9,25.4,4.02,0.285,Kakinada,AP
2018-11-20,0.0,29.8,25.4,4.23,0.28,Kakinada,AP
2018-11-21,0.5,28.2,24.6,3.14,0.277,Kakinada,AP
2018-11-22,0.1,28.5,25.2,3.35,0.273,Kakinada,AP
2018-11-23,0.0,29.4,23.7,4.14,0.27,Kakinada,AP
2018-11-24,0.0,30.4,22.2,4.18,0.267,Kakinada,AP
2018-11-25,0.0,29.0,21.1,4.37,0.263,Kakinada,AP
2018-11-26,0.0,28.6,19.0,4.43,0.26,Kakinada,AP
2018-11-27,0.0,28.3,20.2,4.18,0.258,Kakinada,AP
2018-11-28,0.0,28.4,22.3,4.13,0.257,Kakinada,AP
2018-11-29,0.2,28.2,22.4,3.87,0.256,Kakinada,AP
2018-11-30,0.1,28.8,23.0,4.21,0.255,Kakinada,AP
2018-12-01,0.3,27.9,23.2,3.93,0.255,Kakinada,AP
2018-12-02,0.0,28.1,22.8,3.93,0.254,Kakinada,AP
2018-12-03,0.0,27.9,22.8,4.29,0.254,Kakinada,AP
2018-12-04,0.0,28.1,23.5,4.08,0.254,Kakinada,AP
2018-12-05,0.0,28.3,23.9,3.72,0.254,Kakinada,AP
2018-12-06,0.9,28.4,23.9,3.11,0.257,Kakinada,AP
2018-12-07,0.2,28.6,23.7,3.38,0.262,Kakinada,AP
2018-12-08,1.0,28.7,23.6,3.44,0.265,Kakinada,AP
2018-12-09,0.9,28.1,23.1,3.78,0.267,Kakinada,AP
2018-12-10,0.2,28.5,23.1,3.75,0.265,Kakinada,AP
2018-12-11,0.0,28.0,22.5,3.81,0.265,Kakinada,AP
2018-12-12,0.0,28.8,22.9,3.93,0.264,Kakinada,AP
2018-12-13,0.2,28.2,23.8,3.63,0.262,Kakinada,AP
2018-12-14,0.0,28.5,23.7,4.73,0.261,Kakinada,AP
2018-12-15,0.0,28.2,23.8,5.36,0.26,Kakinada,AP
2018-12-16,7.4,25.2,19.9,3.62,0.294,Kakinada,AP
2018-12-17,87.2,26.1,20.7,1.43,0.48,Kakinada,AP
2018-12-18,2.1,27.0,18.9,3.0,0.474,Kakinada,AP
2018-12-19,0.0,24.7,21.0,3.4,0.457,Kakinada,AP
2018-12-20,0.0,25.4,20.3,3.6,0.438,Kakinada,AP
2018-12-21,0.0,25.4,20.6,3.33,0.423,Kakinada,AP
2018-12-22,0.0,25.7,21.5,3.4,0.41,Kakinada,AP
2018-12-23,0.0,25.5,21.1,3.51,0.398,Kakinada,AP
2018-12-24,0.0,25.4,20.0,3.32,0.386,Kakinada,AP
2018-12-25,0.0,26.8,19.2,3.36,0.375,Kakinada,AP
2018-12-26,0.0,26.3,19.2,3.11,0.364,Kakinada,AP
2018-12-27,0.6,27.3,20.5,2.88,0.358,Kakinada,AP
2018-12-28,1.2,27.0,20.9,3.09,0.357,Kakinada,AP
2018-12-29,0.0,25.2,20.8,3.79,0.356,Kakinada,AP
2018-12-30,0.0,24.6,19.7,4.37,0.344,Kakinada,AP
2018-12-31,0.0,25.0,16.8,4.07,0.332,Kakinada,AP
2019-01-01,0.0,25.3,15.4,3.85,0.32,Kakinada,AP
2019-01-02,0.0,25.7,17.1,3.75,0.31,Kakinada,AP
2019-01-03,0.0,27.1,17.2,3.61,0.302,Kakinada,AP
2019-01-04,0.0,25.8,19.0,3.5,0.297,Kakinada,AP
2019-01-05,0.0,25.5,19.5,3.6,0.293,Kakinada,AP
2019-01-06,0.0,25.7,19.2,3.65,0.289,Kakinada,AP
2019-01-07,0.0,27.2,17.9,3.79,0.286,Kakinada,AP
2019-01-08,0.0,27.9,16.7,3.71,0.282,Kakinada,AP
2019-01-09,0.0,26.6,17.8,3.39,0.28,Kakinada,AP
2019-01-10,0.0,25.9,19.2,3.39,0.28,Kakinada,AP
2019-01-11,0.0,26.1,20.2,3.74,0.278,Kakinada,AP
2019-01-12,0.0,26.0,19.4,3.58,0.277,Kakinada,AP
2019-01-13,0.0,26.1,20.4,3.67,0.274,Kakinada,AP
2019-01-14,0.0,27.0,19.6,3.7,0.271,Kakinada,AP
2019-01-15,0.0,28.1,18.1,3.8,0.269,Kakinada,AP
2019-01-16,0.0,26.0,20.4,3.34,0.268,Kakinada,AP
2019-01-17,0.0,26.3,20.0,3.53,0.266,Kakinada,AP
2019-01-18,0.0,27.7,19.1,3.78,0.264,Kakinada,AP
2019-01-19,0.0,27.2,19.7,3.78,0.263,Kakinada,AP
2019-01-20,0.0,27.4,19.0,3.77,0.261,Kakinada,AP
2019-01-21,0.0,27.4,17.9,3.64,0.258,Kakinada,AP
2019-01-22,0.0,26.5,19.3,3.6,0.258,Kakinada,AP
2019-01-23,0.0,26.5,19.3,3.71,0.258,Kakinada,AP
2019-01-24,0.0,27.2,19.5,3.79,0.257,Kakinada,AP
2019-01-25,0.0,27.2,22.0,3.56,0.257,Kakinada,AP
2019-01-26,0.0,27.4,22.6,3.97,0.256,Kakinada,AP
2019-01-27,0.1,26.9,23.3,4.06,0.256,Kakinada,AP
2019-01-28,3.4,24.7,21.3,2.89,0.297,Kakinada,AP
2019-01-29,0.0,27.4,19.7,4.21,0.311,Kakinada,AP
2019-01-30,0.3,25.7,20.8,3.61,0.306,Kakinada,AP
2019-01-31,0.0,26.3,21.0,4.29,0.298,Kakinada,AP
2019-02-01,0.0,26.4,19.9,4.19,0.291,Kakinada,AP
2019-02-02,0.0,27.7,19.2,4.01,0.286,Kakinada,AP
2019-02-03,0.0,27.8,20.3,4.31,0.28,Kakinada,AP
2019-02-04,0.0,27.7,21.5,4.52,0.274,Kakinada,AP
2019-02-05,0.0,29.5,20.6,4.45,0.271,Kakinada,AP
2019-02-06,0.0,30.2,19.2,4.65,0.268,Kakinada,AP
2019-02-07,0.0,28.6,19.4,4.39,0.263,Kakinada,AP
2019-02-08,0.0,29.9,19.7,4.36,0.26,Kakinada,AP
2019-02-09,0.1,32.2,21.1,4.27,0.258,Kakinada,AP
2019-02-10,0.5,28.2,21.2,3.71,0.258,Kakinada,AP
2019-02-11,0.2,28.0,22.9,3.94,0.258,Kakinada,AP
2019-02-12,0.0,28.0,22.9,4.34,0.258,Kakinada,AP
2019-02-13,0.0,27.7,21.2,4.42,0.257,Kakinada,AP
2019-02-14,0.0,29.3,20.0,4.42,0.256,Kakinada,AP
2019-02-15,0.0,28.9,19.0,4.35,0.257,Kakinada,AP
2019-02-16,0.4,28.1,19.7,3.75,0.257,Kakinada,AP
2019-02-17,0.4,30.8,22.3,3.6,0.26,Kakinada,AP
2019-02-18,1.9,31.9,22.8,3.83,0.267,Kakinada,AP
2019-02-19,0.8,31.2,23.6,4.28,0.263,Kakinada,AP
2019-02-20,0.0,30.1,22.7,4.25,0.258,Kakinada,AP
2019-02-21,0.0,31.4,21.5,4.73,0.256,Kakinada,AP
2019-02-22,0.0,35.9,21.1,5.56,0.253,Kakinada,AP
2019-02-23,0.0,36.8,22.3,6.16,0.252,Kakinada,AP
2019-02-24,0.0,36.4,21.6,6.2,0.25,Kakinada,AP
2019-02-25,0.0,35.0,21.3,5.55,0.249,Kakinada,AP
2019-02-26,0.0,32.4,21.9,4.67,0.249,Kakinada,AP
2019-02-27,0.2,32.6,21.9,4.56,0.248,Kakinada,AP
2019-02-28,0.2,31.4,23.0,4.03,0.247,Kakinada,AP
2019-03-01,3.9,29.6,24.0,4.0,0.264,Kakinada,AP
2019-03-02,1.1,28.5,23.7,4.01,0.283,Kakinada,AP
2019-03-03,1.3,30.2,24.0,4.12,0.289,Kakinada,AP
2019-03-04,0.0,35.0,23.5,5.21,0.286,Kakinada,AP
2019-03-05,0.0,34.8,24.0,4.79,0.284,Kakinada,AP
2019-03-06,1.1,33.3,24.5,4.06,0.282,Kakinada,AP
2019-03-07,3.4,32.7,25.6,3.78,0.295,Kakinada,AP
2019-03-08,5.4,31.1,25.2,3.64,0.348,Kakinada,AP
2019-03-09,3.2,31.2,24.9,4.1,0.354,Kakinada,AP
2019-03-10,0.1,33.3,23.6,4.83,0.342,Kakinada,AP
2019-03-11,0.0,34.7,22.6,5.27,0.321,Kakinada,AP
2019-03-12,0.0,34.9,22.8,5.48,0.304,Kakinada,AP
2019-03-13,0.0,35.9,22.9,5.81,0.293,Kakinada,AP
2019-03-14,0.0,37.0,21.4,6.25,0.286,Kakinada,AP
2019-03-15,0.0,35.5,21.7,5.94,0.28,Kakinada,AP
2019-03-16,0.0,31.5,21.7,5.04,0.278,Kakinada,AP
2019-03-17,0.0,32.7,23.0,5.36,0.277,Kakinada,AP
2019-03-18,0.0,30.3,20.6,5.18,0.271,Kakinada,AP
2019-03-19,0.0,34.0,21.3,5.55,0.267,Kakinada,AP
2019-03-20,0.0,33.8,23.6,5.56,0.263,Kakinada,AP
2019-03-21,0.0,33.2,24.4,5.5,0.259,Kakinada,AP
2019-03-22,0.1,35.9,22.3,5.7,0.257,Kakinada,AP
2019-03-23,0.0,36.2,24.1,5.67,0.257,Kakinada,AP
2019-03-24,0.0,34.9,24.5,5.5,0.256,Kakinada,AP
2019-03-25,0.0,34.5,24.8,5.62,0.255,Kakinada,AP
2019-03-26,0.0,33.7,23.4,5.61,0.253,Kakinada,AP
2019-03-27,0.0,34.6,24.2,5.64,0.251,Kakinada,AP
2019-03-28,0.0,36.7,24.8,5.98,0.25,Kakinada,AP
2019-03-29,0.0,36.4,24.3,5.9,0.248,Kakinada,AP
2019-03-30,0.0,38.3,24.4,6.29,0.248,Kakinada,AP
2019-03-31,0.0,38.6,24.9,6.72,0.247,Kakinada,AP
2019-04-01,0.0,37.9,24.4,6.2,0.247,Kakinada,AP
2019-04-02,0.0,36.8,24.7,6.28,0.247,Kakinada,AP
2019-04-03,0.0,36.4,23.7,6.2,0.247,Kakinada,AP
2019-04-04,0.0,36.9,24.5,6.15,0.245,Kakinada,AP
2019-04-05,0.0,38.1,25.1,6.24,0.246,Kakinada,AP
2019-04-06,0.4,37.7,25.4,5.58,0.246,Kakinada,AP
2019-04-07,0.4,36.3,24.5,5.63,0.246,Kakinada,AP
2019-04-08,0.5,36.1,25.7,5.48,0.249,Kakinada,AP
2019-04-09,0.0,37.0,25.7,5.85,0.249,Kakinada,AP
2019-04-10,0.0,37.7,26.1,5.9,0.248,Kakinada,AP
2019-04-11,0.2,37.6,25.6,6.05,0.249,Kakinada,AP
2019-04-12,0.0,37.6,26.1,6.02,0.25,Kakinada,AP
2019-04-13,0.3,37.8,26.5,6.36,0.247,Kakinada,AP
2019-04-14,0.0,39.8,25.3,6.69,0.245,Kakinada,AP
2019-04-15,0.0,39.8,25.3,7.14,0.244,Kakinada,AP
2019-04-16,0.0,37.7,24.3,6.76,0.241,Kakinada,AP
2019-04-17,0.0,37.5,22.5,6.31,0.239,Kakinada,AP
2019-04-18,0.0,34.6,25.2,5.7,0.238,Kakinada,AP
2019-04-19,0.1,35.5,25.6,5.43,0.238,Kakinada,AP
2019-04-20,1.1,36.3,27.2,4.94,0.24,Kakinada,AP
2019-04-21,1.8,35.7,26.8,4.91,0.245,Kakinada,AP
2019-04-22,0.0,35.9,26.9,5.62,0.246,Kakinada,AP
2019-04-23,0.0,36.2,26.7,6.01,0.248,Kakinada,AP
2019-04-24,0.0,35.3,25.9,5.91,0.246,Kakinada,AP
2019-04-25,0.0,37.8,25.9,6.55,0.244,Kakinada,AP
2019-04-26,0.0,37.9,26.5,6.39,0.244,Kakinada,AP
2019-04-27,0.0,38.6,27.9,6.63,0.242,Kakinada,AP
2019-04-28,0.0,38.3,28.4,6.8,0.241,Kakinada,AP
2019-04-29,0.0,37.9,27.9,6.2,0.241,Kakinada,AP
2019-04-30,0.0,34.4,27.2,5.67,0.241,Kakinada,AP
2019-05-01,0.2,31.8,27.8,4.82,0.241,Kakinada,AP
2019-05-02,1.4,34.9,27.1,3.47,0.244,Kakinada,AP
2019-05-03,0.0,38.9,29.2,4.79,0.247,Kakinada,AP
2019-05-04,0.0,42.2,28.1,7.01,0.247,Kakinada,AP
2019-05-05,0.0,42.2,27.9,7.31,0.246,Kakinada,AP
2019-05-06,0.4,40.7,27.4,6.06,0.245,Kakinada,AP
2019-05-07,0.0,40.0,27.9,6.05,0.243,Kakinada,AP
2019-05-08,0.0,37.4,29.8,5.62,0.241,Kakinada,AP
2019-05-09,0.0,41.1,29.7,6.63,0.241,Kakinada,AP
2019-05-10,0.0,40.0,28.8,6.95,0.241,Kakinada,AP
2019-05-11,0.0,39.3,29.3,6.59,0.239,Kakinada,AP
2019-05-12,0.3,39.7,28.4,6.73,0.237,Kakinada,AP
2019-05-13,0.0,37.9,29.0,6.67,0.237,Kakinada,AP
2019-05-14,0.1,39.0,27.9,6.05,0.237,Kakinada,AP
2019-05-15,0.0,39.2,28.3,6.52,0.236,Kakinada,AP
2019-05-16,0.1,39.1,28.3,6.37,0.236,Kakinada,AP
2019-05-17,0.0,39.1,28.7,6.33,0.237,Kakinada,AP
2019-05-18,0.0,40.7,28.6,6.97,0.236,Kakinada,AP
2019-05-19,0.2,40.1,28.8,6.94,0.236,Kakinada,AP
2019-05-20,0.0,39.3,28.0,6.68,0.236,Kakinada,AP
2019-05-21,0.2,38.1,28.0,6.55,0.235,Kakinada,AP
2019-05-22,0.2,39.1,28.4,6.77,0.235,Kakinada,AP
2019-05-23,0.0,37.9,28.1,6.64,0.235,Kakinada,AP
2019-05-24,0.0,39.3,28.1,6.56,0.235,Kakinada,AP
2019-05-25,0.0,39.6,28.7,6.96,0.235,Kakinada,AP
2019-05-26,0.0,40.9,29.4,7.28,0.235,Kakinada,AP
2019-05-27,0.0,40.4,29.5,6.59,0.235,Kakinada,AP
2019-05-28,0.0,39.4,29.4,6.87,0.236,Kakinada,AP
2019-05-29,0.0,39.9,28.7,6.71,0.236,Kakinada,AP
2019-05-30,0.0,38.5,29.4,6.15,0.236,Kakinada,AP
2019-05-31,0.0,38.6,29.3,6.69,0.236,Kakinada,AP
2019-06-01,0.0,38.3,28.6,6.16,0.235,Kakinada,AP
2019-06-02,0.0,38.6,29.4,6.06,0.235,Kakinada,AP
2019-06-03,0.0,36.9,29.6,5.66,0.249,Kakinada,AP
2019-06-04,1.8,37.6,28.7,5.51,0.288,Kakinada,AP
2019-06-05,0.5,39.6,29.1,6.05,0.283,Kakinada,AP
2019-06-06,0.2,39.4,29.2,5.84,0.307,Kakinada,AP
2019-06-07,0.3,38.5,28.5,5.87,0.36,Kakinada,AP
2019-06-08,3.3,37.4,29.0,4.75,0.349,Kakinada,AP
2019-06-09,11.9,37.8,28.1,5.58,0.405,Kakinada,AP
2019-06-10,0.4,39.6,28.9,6.31,0.373,Kakinada,AP
2019-06-11,0.0,39.8,28.7,6.65,0.347,Kakinada,AP
2019-06-12,0.0,40.5,28.7,7.77,0.32,Kakinada,AP
2019-06-13,0.0,41.4,30.8,8.45,0.302,Kakinada,AP
2019-06-14,0.0,40.7,31.0,8.73,0.301,Kakinada,AP
2019-06-15,0.0,41.7,30.4,8.86,0.29,Kakinada,AP
2019-06-16,0.2,41.5,30.2,7.31,0.284,Kakinada,AP
2019-06-17,20.9,36.6,26.3,5.3,0.319,Kakinada,AP
2019-06-18,5.9,35.4,26.4,4.34,0.457,Kakinada,AP
2019-06-19,0.3,38.8,28.9,6.23,0.398,Kakinada,AP
2019-06-20,23.0,35.3,27.3,4.41,0.414,Kakinada,AP
2019-06-21,16.8,32.5,26.5,3.01,0.468,Kakinada,AP
2019-06-22,2.3,31.9,27.5,3.86,0.436,Kakinada,AP
2019-06-23,11.4,32.4,25.5,3.54,0.469,Kakinada,AP
2019-06-24,3.2,32.6,26.8,4.8,0.44,Kakinada,AP
2019-06-25,6.6,32.2,26.7,4.42,0.453,Kakinada,AP
2019-06-26,4.0,32.6,26.8,4.61,0.451,Kakinada,AP
2019-06-27,2.3,34.9,26.9,5.67,0.457,Kakinada,AP
2019-06-28,1.7,35.8,28.1,6.29,0.417,Kakinada,AP
2019-06-29,2.6,33.5,26.6,4.91,0.395,Kakinada,AP
2019-06-30,0.9,34.4,26.8,6.68,0.375,Kakinada,AP
2019-07-01,11.7,30.0,25.3,3.07,0.458,Kakinada,AP
2019-07-02,2.9,31.8,26.0,4.1,0.462,Kakinada,AP
2019-07-03,0.2,33.3,27.1,5.55,0.432,Kakinada,AP
2019-07-04,1.7,34.5,27.1,4.92,0.418,Kakinada,AP
2019-07-05,15.0,29.1,26.3,1.93,0.478,Kakinada,AP
2019-07-06,5.6,31.5,26.1,3.07,0.479,Kakinada,AP
2019-07-07,0.1,33.2,27.5,4.65,0.444,Kakinada,AP
2019-07-08,0.6,35.2,26.2,6.3,0.425,Kakinada,AP
2019-07-09,0.5,34.0,28.2,5.79,0.406,Kakinada,AP
2019-07-10,3.4,33.2,27.7,3.6,0.413,Kakinada,AP
2019-07-11,3.2,33.9,27.5,5.44,0.402,Kakinada,AP
2019-07-12,5.0,33.0,27.0,5.26,0.388,Kakinada,AP
2019-07-13,7.9,33.4,28.1,5.09,0.388,Kakinada,AP
2019-07-14,1.9,33.4,27.1,4.89,0.37,Kakinada,AP
2019-07-15,0.9,34.5,27.4,5.09,0.369,Kakinada,AP
2019-07-16,0.8,35.5,27.5,5.9,0.367,Kakinada,AP
2019-07-17,0.8,36.1,27.9,5.59,0.343,Kakinada,AP
2019-07-18,3.3,34.8,28.0,4.28,0.337,Kakinada,AP
2019-07-19,22.3,29.8,26.9,2.81,0.434,Kakinada,AP
2019-07-20,10.7,31.6,25.2,4.5,0.478,Kakinada,AP
2019-07-21,6.6,31.3,25.5,4.35,0.463,Kakinada,AP
2019-07-22,3.2,30.4,26.0,4.42,0.456,Kakinada,AP
2019-07-23,7.3,29.8,26.0,3.76,0.462,Kakinada,AP
2019-07-24,11.2,31.4,26.6,4.29,0.473,Kakinada,AP
2019-07-25,10.8,30.7,27.0,3.53,0.477,Kakinada,AP
2019-07-26,52.0,28.2,25.1,1.84,0.514,Kakinada,AP
2019-07-27,18.9,28.4,25.0,2.34,0.513,Kakinada,AP
2019-07-28,24.8,27.2,24.9,1.73,0.512,Kakinada,AP
2019-07-29,8.2,29.2,25.2,2.75,0.505,Kakinada,AP
2019-07-30,1.3,31.3,25.3,4.78,0.48,Kakinada,AP
2019-07-31,0.6,31.5,26.4,4.58,0.456,Kakinada,AP
2019-08-01,42.1,28.2,25.4,2.17,0.504,Kakinada,AP
2019-08-02,35.6,26.1,25.1,1.85,0.509,Kakinada,AP
2019-08-03,1.4,29.6,24.5,3.41,0.489,Kakinada,AP
2019-08-04,0.8,31.6,25.6,5.7,0.47,Kakinada,AP
2019-08-05,2.7,30.5,26.3,4.23,0.459,Kakinada,AP
2019-08-06,45.7,27.8,25.3,1.84,0.499,Kakinada,AP
2019-08-07,32.0,28.0,24.9,1.88,0.511,Kakinada,AP
2019-08-08,12.7,30.6,24.9,3.65,0.506,Kakinada,AP
2019-08-09,4.5,32.1,25.3,4.61,0.494,Kakinada,AP
2019-08-10,0.9,32.8,25.9,5.37,0.464,Kakinada,AP
2019-08-11,0.0,33.9,27.0,5.94,0.442,Kakinada,AP
2019-08-12,1.0,32.2,27.6,4.66,0.427,Kakinada,AP
2019-08-13,10.9,30.0,26.5,2.64,0.445,Kakinada,AP
2019-08-14,3.4,32.1,25.4,4.41,0.448,Kakinada,AP
2019-08-15,14.4,31.1,25.5,4.43,0.476,Kakinada,AP
2019-08-16,7.0,31.8,25.9,4.44,0.484,Kakinada,AP
2019-08-17,10.8,31.7,26.4,3.78,0.48,Kakinada,AP
2019-08-18,20.4,30.9,26.6,3.57,0.484,Kakinada,AP
2019-08-19,3.6,31.8,26.4,4.68,0.474,Kakinada,AP
2019-08-20,12.4,31.4,25.8,4.26,0.488,Kakinada,AP
2019-08-21,7.0,31.6,26.5,4.64,0.48,Kakinada,AP
2019-08-22,1.0,33.0,26.0,5.21,0.47,Kakinada,AP
2019-08-23,4.7,30.0,26.2,3.84,0.465,Kakinada,AP
2019-08-24,4.3,31.4,26.5,4.45,0.472,Kakinada,AP
2019-08-25,1.0,32.0,25.8,4.4,0.474,Kakinada,AP
2019-08-26,0.9,32.6,26.1,5.02,0.467,Kakinada,AP
2019-08-27,0.2,33.2,26.9,5.47,0.443,Kakinada,AP
2019-08-28,2.0,32.8,26.8,4.61,0.44,Kakinada,AP
2019-08-29,2.1,32.1,27.5,4.51,0.451,Kakinada,AP
2019-08-30,17.3,32.7,26.4,4.34,0.472,Kakinada,AP
2019-08-31,4.8,29.9,25.2,2.96,0.485,Kakinada,AP
2019-09-01,24.8,28.2,25.3,2.11,0.491,Kakinada,AP
2019-09-02,23.1,27.2,24.9,1.99,0.505,Kakinada,AP
2019-09-03,16.8,27.2,25.0,1.97,0.508,Kakinada,AP
2019-09-04,8.8,29.6,25.3,3.45,0.497,Kakinada,AP
2019-09-05,6.8,29.7,25.2,2.57,0.501,Kakinada,AP
2019-09-06,4.7,29.9,25.6,3.52,0.502,Kakinada,AP
2019-09-07,4.3,29.1,25.8,3.2,0.495,Kakinada,AP
2019-09-08,1.1,31.3,26.7,4.99,0.477,Kakinada,AP
2019-09-09,1.6,32.0,25.9,4.58,0.465,Kakinada,AP
2019-09-10,8.2,29.9,26.3,2.78,0.483,Kakinada,AP
2019-09-11,15.1,30.8,25.4,2.91,0.501,Kakinada,AP
2019-09-12,5.0,30.7,25.6,3.08,0.492,Kakinada,AP
2019-09-13,11.1,31.0,25.2,3.44,0.5,Kakinada,AP
2019-09-14,10.1,30.9,25.8,3.7,0.501,Kakinada,AP
2019-09-15,8.3,31.8,25.2,4.38,0.495,Kakinada,AP
2019-09-16,6.2,32.1,25.8,4.3,0.485,Kakinada,AP
2019-09-17,18.9,29.6,25.3,3.84,0.501,Kakinada,AP
2019-09-18,10.2,28.3,25.5,3.22,0.507,Kakinada,AP
2019-09-19,11.9,30.0,25.3,3.85,0.502,Kakinada,AP
2019-09-20,8.6,29.2,25.1,3.89,0.498,Kakinada,AP
2019-09-21,5.4,29.6,25.7,4.05,0.49,Kakinada,AP
2019-09-22,2.1,29.3,25.8,3.87,0.467,Kakinada,AP
2019-09-23,7.3,29.2,25.8,3.91,0.48,Kakinada,AP
2019-09-24,17.9,28.7,25.7,2.91,0.501,Kakinada,AP
2019-09-25,17.8,28.9,25.5,2.49,0.509,Kakinada,AP
2019-09-26,12.7,28.3,25.3,2.31,0.505,Kakinada,AP
2019-09-27,7.1,29.3,24.5,3.17,0.501,Kakinada,AP
2019-09-28,12.5,29.8,24.1,3.47,0.494,Kakinada,AP
2019-09-29,2.0,29.9,25.2,3.25,0.476,Kakinada,AP
2019-09-30,0.7,29.9,25.6,2.99,0.459,Kakinada,AP
2019-10-01,7.1,30.7,25.2,3.65,0.459,Kakinada,AP
2019-10-02,11.3,29.9,25.4,3.12,0.46,Kakinada,AP
2019-10-03,3.0,29.6,25.2,2.95,0.474,Kakinada,AP
2019-10-04,9.4,30.8,23.8,3.49,0.498,Kakinada,AP
2019-10-05,15.5,30.6,24.2,3.36,0.499,Kakinada,AP
2019-10-06,2.3,30.8,24.6,4.0,0.489,Kakinada,AP
2019-10-07,5.0,30.7,24.4,3.55,0.488,Kakinada,AP
2019-10-08,23.4,28.9,24.2,2.69,0.505,Kakinada,AP
2019-10-09,17.7,29.0,24.2,3.0,0.496,Kakinada,AP
2019-10-10,7.2,29.6,24.1,3.33,0.497,Kakinada,AP
2019-10-11,1.5,29.7,24.1,3.5,0.476,Kakinada,AP
2019-10-12,3.9,30.4,25.0,3.77,0.471,Kakinada,AP
2019-10-13,4.6,29.6,24.8,3.57,0.473,Kakinada,AP
2019-10-14,1.9,29.4,25.5,3.89,0.467,Kakinada,AP
2019-10-15,1.3,29.6,26.3,4.54,0.444,Kakinada,AP
2019-10-16,9.6,27.5,25.9,2.43,0.465,Kakinada,AP
2019-10-17,13.3,27.3,25.2,2.45,0.497,Kakinada,AP
2019-10-18,10.3,28.4,25.6,3.64,0.5,Kakinada,AP
2019-10-19,17.1,27.9,25.3,2.79,0.508,Kakinada,AP
2019-10-20,11.8,28.6,25.3,3.28,0.503,Kakinada,AP
2019-10-21,8.2,28.6,25.2,2.78,0.497,Kakinada,AP
2019-10-22,44.9,26.3,25.0,0.89,0.512,Kakinada,AP
2019-10-23,67.4,26.5,24.3,1.14,0.511,Kakinada,AP
2019-10-24,12.4,28.0,24.4,1.52,0.502,Kakinada,AP
2019-10-25,4.1,30.7,24.6,3.72,0.491,Kakinada,AP
2019-10-26,5.7,29.9,24.4,3.14,0.479,Kakinada,AP
2019-10-27,0.6,29.7,24.0,3.83,0.453,Kakinada,AP
2019-10-28,1.2,29.3,25.0,3.74,0.444,Kakinada,AP
2019-10-29,4.2,28.5,25.8,3.25,0.463,Kakinada,AP
2019-10-30,1.3,29.0,24.8,3.18,0.449,Kakinada,AP
2019-10-31,1.1,30.0,23.9,3.51,0.448,Kakinada,AP
2019-11-01,0.5,30.7,24.0,3.89,0.445,Kakinada,AP
2019-11-02,0.1,29.8,24.9,3.8,0.424,Kakinada,AP
2019-11-03,0.0,29.8,24.6,3.79,0.409,Kakinada,AP
2019-11-04,0.0,30.9,24.3,4.23,0.397,Kakinada,AP
2019-11-05,0.0,31.1,23.8,4.2,0.383,Kakinada,AP
2019-11-06,0.8,29.7,24.0,3.71,0.373,Kakinada,AP
2019-11-07,0.0,30.1,22.7,4.16,0.364,Kakinada,AP
2019-11-08,0.0,31.4,21.9,4.17,0.356,Kakinada,AP
2019-11-09,0.0,32.0,21.4,4.65,0.347,Kakinada,AP
2019-11-10,0.0,29.9,23.0,4.17,0.336,Kakinada,AP
2019-11-11,0.1,29.8,23.7,3.85,0.329,Kakinada,AP
2019-11-12,0.6,28.4,24.0,3.25,0.32,Kakinada,AP
2019-11-13,0.1,28.4,24.8,4.11,0.313,Kakinada,AP
2019-11-14,0.0,28.4,23.9,4.37,0.304,Kakinada,AP
2019-11-15,0.0,28.4,23.6,4.14,0.297,Kakinada,AP
2019-11-16,0.0,28.7,23.5,4.07,0.291,Kakinada,AP
2019-11-17,0.0,28.8,24.3,3.71,0.282,Kakinada,AP
2019-11-18,1.4,29.1,25.1,3.44,0.276,Kakinada,AP
2019-11-19,0.0,28.9,24.8,3.98,0.266,Kakinada,AP
2019-11-20,0.7,28.7,24.6,4.14,0.265,Kakinada,AP
2019-11-21,0.0,28.4,23.9,4.46,0.262,Kakinada,AP
2019-11-22,0.0,28.2,23.4,3.95,0.26,Kakinada,AP
2019-11-23,0.0,28.1,22.7,3.93,0.256,Kakinada,AP
2019-11-24,0.0,28.1,22.5,3.6,0.251,Kakinada,AP
2019-11-25,0.0,27.7,22.9,3.72,0.251,Kakinada,AP
2019-11-26,0.0,28.0,23.6,4.13,0.244,Kakinada,AP
2019-11-27,0.0,28.3,23.3,4.2,0.242,Kakinada,AP
2019-11-28,0.0,27.9,24.5,3.67,0.238,Kakinada,AP
2019-11-29,0.0,28.5,23.6,3.76,0.228,Kakinada,AP
2019-11-30,0.1,28.6,23.7,3.58,0.217,Kakinada,AP
2019-12-01,0.0,28.5,24.9,3.48,0.213,Kakinada,AP
2019-12-02,4.8,26.8,24.7,2.27,0.244,Kakinada,AP
2019-12-03,0.2,28.2,24.6,4.21,0.243,Kakinada,AP
2019-12-04,0.0,27.8,23.7,4.31,0.243,Kakinada,AP
2019-12-05,0.1,27.3,22.6,4.15,0.242,Kakinada,AP
2019-12-06,0.0,27.0,21.9,4.5,0.241,Kakinada,AP
2019-12-07,0.0,27.4,22.0,4.16,0.241,Kakinada,AP
2019-12-08,0.4,27.4,23.1,3.51,0.238,Kakinada,AP
2019-12-09,0.9,27.3,22.9,3.35,0.237,Kakinada,AP
2019-12-10,0.5,27.1,22.4,3.41,0.237,Kakinada,AP
2019-12-11,1.3,27.2,21.3,3.2,0.234,Kakinada,AP
2019-12-12,0.6,26.9,22.3,3.5,0.234,Kakinada,AP
2019-12-13,1.6,27.1,23.0,3.23,0.243,Kakinada,AP
2019-12-14,0.9,27.2,23.1,3.34,0.258,Kakinada,AP
2019-12-15,1.6,27.3,23.4,3.38,0.266,Kakinada,AP
2019-12-16,0.0,27.6,22.9,3.82,0.262,Kakinada,AP
2019-12-17,0.0,27.8,22.4,3.79,0.26,Kakinada,AP
2019-12-18,0.4,27.7,22.5,3.42,0.259,Kakinada,AP
2019-12-19,0.9,27.3,22.6,3.07,0.262,Kakinada,AP
2019-12-20,0.4,27.4,21.4,3.24,0.263,Kakinada,AP
2019-12-21,2.1,27.2,21.8,2.82,0.274,Kakinada,AP
2019-12-22,2.4,27.0,22.6,3.4,0.295,Kakinada,AP
2019-12-23,0.2,26.6,22.0,2.92,0.295,Kakinada,AP
2019-12-24,0.4,26.8,22.4,3.7,0.292,Kakinada,AP
2019-12-25,0.0,26.9,22.0,3.57,0.287,Kakinada,AP
2019-12-26,0.1,27.4,21.0,2.92,0.28,Kakinada,AP
2019-12-27,0.5,28.1,21.5,2.81,0.281,Kakinada,AP
2019-12-28,2.2,25.4,22.2,3.03,0.29,Kakinada,AP
2019-12-29,0.0,25.7,21.1,4.07,0.287,Kakinada,AP
2019-12-30,0.0,25.9,21.1,4.31,0.285,Kakinada,AP
2019-12-31,0.1,25.9,21.2,3.99,0.287,Kakinada,AP
2020-01-01,2.5,26.0,22.3,2.98,0.29,Kakinada,AP
2020-01-02,4.8,26.2,22.4,2.63,0.322,Kakinada,AP
2020-01-03,4.0,26.7,22.5,2.78,0.384,Kakinada,AP
2020-01-04,6.9,26.3,22.8,2.16,0.38,Kakinada,AP
2020-01-05,2.8,25.4,22.5,2.19,0.381,Kakinada,AP
2020-01-06,0.2,26.1,22.8,3.26,0.362,Kakinada,AP
2020-01-07,0.0,26.4,22.1,3.72,0.348,Kakinada,AP
2020-01-08,0.0,26.7,21.0,3.54,0.335,Kakinada,AP
2020-01-09,0.1,27.4,21.0,3.26,0.324,Kakinada,AP
2020-01-10,0.3,26.8,20.2,2.97,0.314,Kakinada,AP
2020-01-11,1.2,26.4,22.1,3.24,0.315,Kakinada,AP
2020-01-12,0.0,25.8,20.8,3.6,0.312,Kakinada,AP
2020-01-13,0.0,28.0,18.3,3.67,0.306,Kakinada,AP
2020-01-14,0.2,26.7,19.0,3.42,0.301,Kakinada,AP
2020-01-15,0.1,26.3,18.4,3.42,0.293,Kakinada,AP
2020-01-16,0.7,26.2,21.1,3.02,0.29,Kakinada,AP
2020-01-17,0.7,26.1,21.0,3.12,0.286,Kakinada,AP
2020-01-18,0.2,26.8,22.0,3.36,0.281,Kakinada,AP
2020-01-19,0.0,27.8,22.0,3.43,0.278,Kakinada,AP
2020-01-20,0.0,28.4,20.7,3.57,0.276,Kakinada,AP
2020-01-21,0.0,27.3,22.7,3.85,0.273,Kakinada,AP
2020-01-22,0.2,27.5,22.7,3.77,0.27,Kakinada,AP
2020-01-23,0.0,27.8,21.4,3.52,0.267,Kakinada,AP
2020-01-24,0.0,28.9,19.5,3.77,0.268,Kakinada,AP
2020-01-25,0.0,27.7,21.1,3.52,0.27,Kakinada,AP
2020-01-26,0.0,30.8,20.3,3.95,0.267,Kakinada,AP
2020-01-27,0.0,30.1,20.7,3.77,0.262,Kakinada,AP
2020-01-28,0.0,31.2,22.5,4.13,0.258,Kakinada,AP
2020-01-29,0.5,31.6,20.8,3.96,0.26,Kakinada,AP
2020-01-30,0.5,31.5,20.4,3.87,0.268,Kakinada,AP
2020-01-31,0.8,28.8,21.6,3.21,0.27,Kakinada,AP
2020-02-01,1.1,27.6,23.4,3.35,0.273,Kakinada,AP
2020-02-02,0.3,26.9,22.7,3.27,0.271,Kakinada,AP
2020-02-03,2.3,27.6,22.3,3.67,0.277,Kakinada,AP
2020-02-04,2.2,27.3,22.6,3.26,0.294,Kakinada,AP
2020-02-05,0.2,30.4,22.2,4.16,0.298,Kakinada,AP
2020-02-06,0.3,29.6,21.0,3.88,0.294,Kakinada,AP
2020-02-07,0.2,30.4,22.8,4.27,0.289,Kakinada,AP
2020-02-08,0.7,29.3,22.4,4.15,0.289,Kakinada,AP
2020-02-09,2.6,26.2,22.5,3.65,0.297,Kakinada,AP
2020-02-10,2.0,26.4,22.0,3.74,0.314,Kakinada,AP
2020-02-11,1.6,27.3,23.0,3.83,0.316,Kakinada,AP
2020-02-12,0.0,27.7,22.7,3.88,0.307,Kakinada,AP
2020-02-13,0.0,30.3,21.3,4.4,0.297,Kakinada,AP
2020-02-14,0.0,32.7,20.9,4.78,0.288,Kakinada,AP
2020-02-15,0.0,31.5,19.9,4.6,0.276,Kakinada,AP
2020-02-16,0.0,30.2,20.5,4.68,0.271,Kakinada,AP
2020-02-17,0.0,31.2,20.0,4.63,0.27,Kakinada,AP
2020-02-18,0.2,30.3,21.0,4.35,0.272,Kakinada,AP
2020-02-19,0.3,29.2,21.4,4.18,0.265,Kakinada,AP
2020-02-20,0.0,28.6,22.4,4.54,0.262,Kakinada,AP
2020-02-21,0.0,28.2,23.5,4.82,0.261,Kakinada,AP
2020-02-22,0.0,28.1,22.7,4.78,0.26,Kakinada,AP
2020-02-23,0.0,28.8,21.5,4.61,0.26,Kakinada,AP
2020-02-24,0.6,29.9,21.1,4.59,0.256,Kakinada,AP
2020-02-25,1.1,30.4,21.7,3.0,0.255,Kakinada,AP
2020-02-26,0.6,29.2,22.2,3.79,0.253,Kakinada,AP
2020-02-27,1.4,28.4,23.0,4.13,0.252,Kakinada,AP
2020-02-28,1.9,28.3,23.5,4.36,0.257,Kakinada,AP
2020-02-29,1.4,28.6,21.9,4.45,0.262,Kakinada,AP
2020-03-01,0.3,29.3,22.8,4.35,0.269,Kakinada,AP
2020-03-02,0.0,30.2,22.1,3.41,0.267,Kakinada,AP
2020-03-03,0.0,31.1,21.1,4.95,0.262,Kakinada,AP
2020-03-04,0.1,31.3,22.4,4.67,0.261,Kakinada,AP
2020-03-05,0.0,31.8,23.2,4.72,0.254,Kakinada,AP
2020-03-06,0.7,30.2,24.5,3.68,0.261,Kakinada,AP
2020-03-07,1.0,30.3,24.3,3.78,0.263,Kakinada,AP
2020-03-08,0.3,32.0,23.0,4.57,0.278,Kakinada,AP
2020-03-09,0.8,30.9,23.2,4.12,0.276,Kakinada,AP
2020-03-10,0.0,33.0,23.3,5.22,0.268,Kakinada,AP
2020-03-11,0.0,33.0,23.1,5.3,0.254,Kakinada,AP
2020-03-12,0.0,32.1,22.3,4.86,0.251,Kakinada,AP
2020-03-13,0.0,30.7,23.1,4.92,0.25,Kakinada,AP
2020-03-14,0.0,30.6,22.2,4.88,0.25,Kakinada,AP
2020-03-15,0.1,30.0,22.8,4.81,0.251,Kakinada,AP
2020-03-16,0.0,32.0,24.1,5.04,0.251,Kakinada,AP
2020-03-17,0.0,31.8,22.9,4.91,0.252,Kakinada,AP
2020-03-18,0.0,35.8,22.6,5.75,0.252,Kakinada,AP
2020-03-19,1.6,35.8,23.7,5.07,0.253,Kakinada,AP
2020-03-20,1.5,31.6,24.7,4.53,0.26,Kakinada,AP
2020-03-21,0.0,34.8,22.9,5.41,0.266,Kakinada,AP
2020-03-22,0.3,33.1,23.8,4.48,0.264,Kakinada,AP
2020-03-23,0.4,33.0,24.1,4.86,0.266,Kakinada,AP
2020-03-24,0.0,31.9,23.8,5.01,0.265,Kakinada,AP
2020-03-25,0.0,33.5,23.3,5.32,0.259,Kakinada,AP
2020-03-26,0.0,35.9,23.2,5.98,0.254,Kakinada,AP
2020-03-27,0.0,34.9,23.4,5.97,0.246,Kakinada,AP
2020-03-28,0.0,37.4,24.0,6.37,0.239,Kakinada,AP
2020-03-29,0.0,37.9,25.3,6.35,0.234,Kakinada,AP
2020-03-30,0.0,36.7,24.8,6.17,0.232,Kakinada,AP
2020-03-31,0.1,37.3,25.5,6.33,0.236,Kakinada,AP
2020-04-01,0.0,38.8,26.2,6.32,0.236,Kakinada,AP
2020-04-02,0.0,37.0,25.3,6.04,0.236,Kakinada,AP
2020-04-03,0.0,36.9,24.9,6.07,0.236,Kakinada,AP
2020-04-04,0.0,35.4,24.8,6.01,0.236,Kakinada,AP
2020-04-05,0.0,34.8,24.3,5.89,0.236,Kakinada,AP
2020-04-06,0.0,36.9,25.5,5.86,0.236,Kakinada,AP
2020-04-07,0.2,36.9,26.6,5.63,0.236,Kakinada,AP
2020-04-08,0.2,36.9,26.5,5.61,0.237,Kakinada,AP
2020-04-09,0.9,34.0,26.4,4.76,0.241,Kakinada,AP
2020-04-10,0.0,35.1,25.4,5.77,0.249,Kakinada,AP
2020-04-11,0.0,34.6,24.9,5.61,0.247,Kakinada,AP
2020-04-12,0.0,36.5,24.8,5.79,0.245,Kakinada,AP
2020-04-13,0.2,37.7,24.4,6.18,0.246,Kakinada,AP
2020-04-14,0.3,37.2,24.3,5.8,0.246,Kakinada,AP
2020-04-15,0.2,36.7,25.2,6.1,0.247,Kakinada,AP
2020-04-16,0.1,37.2,24.9,6.28,0.248,Kakinada,AP
2020-04-17,0.1,37.9,25.7,6.36,0.244,Kakinada,AP
2020-04-18,0.0,37.4,26.4,6.46,0.242,Kakinada,AP
2020-04-19,0.0,36.7,26.0,6.06,0.243,Kakinada,AP
2020-04-20,0.1,37.1,26.1,6.13,0.243,Kakinada,AP
2020-04-21,0.0,37.0,25.9,6.4,0.248,Kakinada,AP
2020-04-22,0.0,37.6,26.2,5.98,0.25,Kakinada,AP
2020-04-23,0.0,37.8,26.1,6.14,0.247,Kakinada,AP
2020-04-24,0.1,37.2,27.5,6.1,0.249,Kakinada,AP
2020-04-25,1.6,34.7,27.3,4.45,0.256,Kakinada,AP
2020-04-26,1.6,33.0,27.0,4.42,0.269,Kakinada,AP
2020-04-27,5.2,34.2,26.2,4.44,0.326,Kakinada,AP
2020-04-28,0.6,34.6,26.2,5.11,0.319,Kakinada,AP
2020-04-29,1.2,35.4,26.2,5.01,0.31,Kakinada,AP
2020-04-30,0.6,35.0,26.0,5.8,0.304,Kakinada,AP
2020-05-01,3.5,37.9,26.5,5.34,0.321,Kakinada,AP
2020-05-02,0.0,37.7,26.7,5.97,0.354,Kakinada,AP
2020-05-03,0.1,37.6,26.8,6.15,0.324,Kakinada,AP
2020-05-04,0.2,37.7,27.5,5.98,0.305,Kakinada,AP
2020-05-05,0.0,38.5,27.6,6.14,0.291,Kakinada,AP
2020-05-06,0.1,35.4,28.1,5.41,0.281,Kakinada,AP
2020-05-07,0.0,35.7,26.9,5.78,0.276,Kakinada,AP
2020-05-08,0.0,38.5,28.0,6.46,0.268,Kakinada,AP
2020-05-09,0.0,35.7,27.0,6.12,0.265,Kakinada,AP
2020-05-10,0.2,37.3,27.0,6.24,0.259,Kakinada,AP
2020-05-11,0.0,34.5,27.7,5.55,0.256,Kakinada,AP
2020-05-12,0.0,34.0,26.6,5.95,0.251,Kakinada,AP
2020-05-13,0.0,34.1,26.3,5.71,0.247,Kakinada,AP
2020-05-14,0.0,33.9,25.5,5.81,0.245,Kakinada,AP
2020-05-15,0.0,34.2,26.6,5.9,0.24,Kakinada,AP
2020-05-16,0.0,35.7,27.9,6.16,0.24,Kakinada,AP
2020-05-17,0.0,34.3,28.0,5.97,0.236,Kakinada,AP
2020-05-18,0.0,34.7,27.8,5.21,0.239,Kakinada,AP
2020-05-19,0.1,40.3,28.4,5.55,0.242,Kakinada,AP
2020-05-20,0.0,43.3,28.3,7.78,0.238,Kakinada,AP
2020-05-21,0.0,44.2,29.9,8.31,0.238,Kakinada,AP
2020-05-22,0.0,37.1,27.6,5.64,0.238,Kakinada,AP
2020-05-23,0.0,39.6,28.4,6.4,0.238,Kakinada,AP
2020-05-24,0.0,38.4,28.5,6.13,0.238,Kakinada,AP
2020-05-25,0.0,38.7,28.6,6.58,0.239,Kakinada,AP
2020-05-26,0.0,38.1,28.1,6.43,0.238,Kakinada,AP
2020-05-27,0.0,39.1,28.1,6.61,0.238,Kakinada,AP
2020-05-28,0.1,39.1,28.7,5.58,0.239,Kakinada,AP
2020-05-29,0.0,38.2,29.6,6.16,0.238,Kakinada,AP
2020-05-30,0.5,36.2,29.5,5.2,0.24,Kakinada,AP
2020-05-31,3.3,35.5,29.1,4.62,0.253,Kakinada,AP
2020-06-01,0.4,36.6,28.8,5.33,0.252,Kakinada,AP
2020-06-02,1.4,36.2,28.6,5.25,0.258,Kakinada,AP
2020-06-03,5.9,33.5,27.0,4.55,0.303,Kakinada,AP
2020-06-04,5.2,36.1,27.3,5.04,0.31,Kakinada,AP
2020-06-05,3.4,36.0,26.3,4.59,0.311,Kakinada,AP
2020-06-06,0.7,38.8,28.7,6.17,0.288,Kakinada,AP
2020-06-07,0.2,38.6,29.9,5.62,0.28,Kakinada,AP
2020-06-08,0.0,38.2,29.0,5.32,0.281,Kakinada,AP
2020-06-09,3.2,34.1,28.9,3.5,0.289,Kakinada,AP
2020-06-10,42.5,36.6,26.2,4.48,0.355,Kakinada,AP
2020-06-11,46.6,28.7,25.7,1.88,0.49,Kakinada,AP
2020-06-12,18.8,29.4,25.7,2.04,0.486,Kakinada,AP
2020-06-13,0.0,33.3,26.9,5.63,0.433,Kakinada,AP
2020-06-14,1.3,34.6,27.3,5.39,0.414,Kakinada,AP
2020-06-15,4.7,33.3,27.5,4.65,0.44,Kakinada,AP
2020-06-16,0.8,32.5,26.7,3.75,0.423,Kakinada,AP
2020-06-17,8.3,31.7,25.6,2.69,0.461,Kakinada,AP
2020-06-18,5.1,30.8,26.3,2.92,0.444,Kakinada,AP
2020-06-19,5.1,32.4,26.6,4.25,0.444,Kakinada,AP
2020-06-20,1.0,35.1,27.6,5.17,0.416,Kakinada,AP
2020-06-21,1.5,32.1,27.4,3.76,0.395,Kakinada,AP
2020-06-22,0.3,33.2,27.0,5.72,0.377,Kakinada,AP
2020-06-23,0.1,35.1,26.8,6.04,0.354,Kakinada,AP
2020-06-24,6.7,32.7,27.6,4.6,0.367,Kakinada,AP
2020-06-25,9.0,31.3,27.0,4.45,0.396,Kakinada,AP
2020-06-26,2.0,32.1,27.3,4.61,0.377,Kakinada,AP
2020-06-27,1.8,33.2,26.3,4.96,0.372,Kakinada,AP
2020-06-28,3.4,33.0,26.5,4.23,0.374,Kakinada,AP
2020-06-29,8.8,32.8,27.2,4.29,0.417,Kakinada,AP
2020-06-30,9.2,31.3,26.3,4.09,0.462,Kakinada,AP
2020-07-01,5.6,31.7,26.0,3.27,0.464,Kakinada,AP
2020-07-02,17.3,32.3,26.2,4.09,0.469,Kakinada,AP
2020-07-03,19.5,33.6,26.9,4.28,0.459,Kakinada,AP
2020-07-04,25.0,28.9,25.4,2.39,0.503,Kakinada,AP
2020-07-05,16.5,28.9,25.8,2.44,0.49,Kakinada,AP
2020-07-06,7.7,31.2,26.1,3.22,0.499,Kakinada,AP
2020-07-07,6.9,32.4,25.7,3.86,0.491,Kakinada,AP
2020-07-08,7.8,32.5,26.4,4.17,0.481,Kakinada,AP
2020-07-09,15.2,31.1,26.0,4.08,0.499,Kakinada,AP
2020-07-10,11.1,31.5,26.1,4.06,0.489,Kakinada,AP
2020-07-11,2.0,32.6,26.3,5.18,0.464,Kakinada,AP
2020-07-12,14.6,31.9,26.8,4.07,0.474,Kakinada,AP
2020-07-13,6.6,32.1,26.0,4.26,0.486,Kakinada,AP
2020-07-14,18.5,29.1,26.2,2.44,0.503,Kakinada,AP
2020-07-15,16.0,27.2,25.3,1.61,0.509,Kakinada,AP
2020-07-16,11.7,28.3,25.0,1.92,0.508,Kakinada,AP
2020-07-17,7.6,32.2,25.0,4.03,0.5,Kakinada,AP
2020-07-18,15.1,31.3,25.7,4.08,0.501,Kakinada,AP
2020-07-19,8.3,31.6,25.8,4.27,0.493,Kakinada,AP
2020-07-20,7.0,30.4,26.5,3.92,0.486,Kakinada,AP
2020-07-21,6.7,31.9,25.7,4.33,0.49,Kakinada,AP
2020-07-22,3.2,31.7,26.2,3.83,0.474,Kakinada,AP
2020-07-23,20.2,28.4,25.8,1.65,0.501,Kakinada,AP
2020-07-24,8.1,31.3,25.6,3.08,0.493,Kakinada,AP
2020-07-25,9.9,30.4,26.5,4.26,0.498,Kakinada,AP
2020-07-26,6.1,32.3,24.9,4.96,0.485,Kakinada,AP
2020-07-27,1.4,33.8,27.0,5.28,0.463,Kakinada,AP
2020-07-28,11.7,33.6,27.3,4.66,0.47,Kakinada,AP
2020-07-29,6.8,31.0,26.4,4.66,0.483,Kakinada,AP
2020-07-30,3.8,30.8,25.8,4.64,0.473,Kakinada,AP
2020-07-31,9.4,31.2,25.8,4.07,0.485,Kakinada,AP
2020-08-01,6.4,31.6,25.8,4.2,0.493,Kakinada,AP
2020-08-02,3.8,33.6,26.7,5.11,0.473,Kakinada,AP
2020-08-03,4.8,32.3,27.0,4.7,0.458,Kakinada,AP
2020-08-04,11.9,29.0,25.9,2.77,0.458,Kakinada,AP
2020-08-05,12.9,27.7,25.2,2.38,0.5,Kakinada,AP
2020-08-06,0.8,31.9,26.3,4.22,0.478,Kakinada,AP
2020-08-07,1.9,33.7,26.6,5.05,0.462,Kakinada,AP
2020-08-08,0.0,33.2,27.2,4.71,0.441,Kakinada,AP
2020-08-09,3.0,31.5,26.4,3.2,0.434,Kakinada,AP
2020-08-10,9.7,28.6,25.5,2.24,0.472,Kakinada,AP
2020-08-11,1.3,32.2,25.6,4.92,0.447,Kakinada,AP
2020-08-12,23.4,28.7,26.0,2.15,0.474,Kakinada,AP
2020-08-13,17.9,28.4,25.4,2.63,0.503,Kakinada,AP
2020-08-14,30.4,27.0,24.6,1.69,0.51,Kakinada,AP
2020-08-15,27.2,25.8,24.1,1.57,0.514,Kakinada,AP
2020-08-16,11.5,28.6,24.3,2.77,0.508,Kakinada,AP
2020-08-17,4.7,30.7,24.9,4.15,0.503,Kakinada,AP
2020-08-18,1.0,31.4,25.9,4.07,0.49,Kakinada,AP
2020-08-19,15.4,28.7,25.6,2.31,0.498,Kakinada,AP
2020-08-20,41.4,27.0,25.2,1.61,0.511,Kakinada,AP
2020-08-21,2.9,31.3,25.9,4.07,0.492,Kakinada,AP
2020-08-22,10.6,30.6,25.7,3.0,0.498,Kakinada,AP
2020-08-23,14.8,31.0,25.3,3.54,0.499,Kakinada,AP
2020-08-24,1.0,31.2,25.9,3.21,0.484,Kakinada,AP
2020-08-25,1.0,31.9,26.0,3.86,0.474,Kakinada,AP
2020-08-26,6.4,30.4,26.1,2.7,0.489,Kakinada,AP
2020-08-27,1.8,30.8,25.8,3.71,0.48,Kakinada,AP
2020-08-28,1.2,31.6,25.2,4.24,0.466,Kakinada,AP
2020-08-29,2.6,31.4,25.6,4.49,0.461,Kakinada,AP
2020-08-30,0.9,32.5,25.9,4.84,0.452,Kakinada,AP
2020-08-31,1.1,33.5,26.3,4.85,0.432,Kakinada,AP
2020-09-01,2.8,31.9,26.8,4.25,0.431,Kakinada,AP
2020-09-02,4.9,29.5,26.1,2.85,0.481,Kakinada,AP
2020-09-03,4.3,29.7,26.0,4.16,0.49,Kakinada,AP
2020-09-04,1.7,30.5,26.0,4.54,0.477,Kakinada,AP
2020-09-05,2.0,31.1,26.3,4.47,0.467,Kakinada,AP
2020-09-06,2.6,31.7,26.2,4.64,0.458,Kakinada,AP
2020-09-07,1.9,31.4,25.8,4.59,0.447,Kakinada,AP
2020-09-08,1.3,32.0,25.9,4.84,0.436,Kakinada,AP
2020-09-09,1.4,31.6,26.5,4.64,0.422,Kakinada,AP
2020-09-10,2.0,31.7,26.2,4.52,0.41,Kakinada,AP
2020-09-11,8.3,31.8,25.7,3.86,0.412,Kakinada,AP
2020-09-12,62.5,31.0,25.4,3.02,0.495,Kakinada,AP
2020-09-13,16.1,30.4,25.5,3.03,0.509,Kakinada,AP
2020-09-14,9.3,29.4,26.1,3.68,0.508,Kakinada,AP
2020-09-15,18.1,30.1,25.7,3.57,0.505,Kakinada,AP
2020-09-16,11.2,30.5,25.0,3.7,0.503,Kakinada,AP
2020-09-17,4.7,31.1,25.1,4.02,0.491,Kakinada,AP
2020-09-18,7.6,32.2,26.1,4.1,0.489,Kakinada,AP
2020-09-19,6.2,30.9,25.3,4.26,0.488,Kakinada,AP
2020-09-20,16.9,31.5,25.4,3.01,0.502,Kakinada,AP
2020-09-21,16.3,27.9,24.8,1.93,0.505,Kakinada,AP
2020-09-22,1.2,30.5,25.8,4.48,0.484,Kakinada,AP
2020-09-23,0.4,32.2,27.1,5.04,0.468,Kakinada,AP
2020-09-24,0.7,32.4,26.4,4.61,0.451,Kakinada,AP
2020-09-25,33.9,29.8,25.4,3.18,0.471,Kakinada,AP
2020-09-26,67.5,29.1,25.1,2.28,0.503,Kakinada,AP
2020-09-27,1.5,32.0,24.2,4.52,0.483,Kakinada,AP
2020-09-28,3.1,33.1,25.6,4.74,0.471,Kakinada,AP
2020-09-29,4.9,32.6,26.1,4.3,0.459,Kakinada,AP
2020-09-30,14.0,29.5,26.1,1.99,0.485,Kakinada,AP
2020-10-01,0.2,32.1,25.8,4.61,0.479,Kakinada,AP
2020-10-02,0.0,33.0,25.1,4.55,0.464,Kakinada,AP
2020-10-03,9.0,31.7,25.9,3.93,0.459,Kakinada,AP
2020-10-04,3.6,31.7,25.9,3.6,0.467,Kakinada,AP
2020-10-05,5.0,29.9,25.8,3.57,0.491,Kakinada,AP
2020-10-06,9.2,29.4,25.0,3.39,0.499,Kakinada,AP
2020-10-07,8.9,29.6,25.1,3.49,0.497,Kakinada,AP
2020-10-08,4.0,29.4,25.6,3.62,0.486,Kakinada,AP
2020-10-09,9.0,29.1,26.2,3.33,0.497,Kakinada,AP
2020-10-10,16.6,29.6,25.5,2.38,0.502,Kakinada,AP
2020-10-11,34.2,28.3,25.1,1.89,0.508,Kakinada,AP
2020-10-12,46.4,27.3,25.2,1.2,0.509,Kakinada,AP
2020-10-13,34.2,29.4,25.2,3.67,0.495,Kakinada,AP
2020-10-14,22.8,28.8,25.2,2.62,0.505,Kakinada,AP
2020-10-15,15.5,28.8,24.8,3.15,0.497,Kakinada,AP
2020-10-16,17.8,29.4,24.8,3.38,0.495,Kakinada,AP
2020-10-17,2.0,29.3,25.5,3.62,0.483,Kakinada,AP
2020-10-18,5.9,30.1,25.6,3.89,0.491,Kakinada,AP
2020-10-19,20.8,29.1,25.6,2.4,0.479,Kakinada,AP
2020-10-20,12.8,28.3,25.1,2.27,0.505,Kakinada,AP
2020-10-21,0.1,31.1,25.1,2.81,0.492,Kakinada,AP
2020-10-22,0.0,32.3,25.5,3.5,0.477,Kakinada,AP
2020-10-23,0.0,32.3,24.1,4.27,0.457,Kakinada,AP
2020-10-24,0.0,30.6,25.1,4.12,0.439,Kakinada,AP
2020-10-25,0.0,31.1,24.7,4.33,0.426,Kakinada,AP
2020-10-26,0.2,29.9,24.4,3.98,0.411,Kakinada,AP
2020-10-27,0.0,29.4,25.1,3.49,0.396,Kakinada,AP
2020-10-28,0.0,30.1,24.1,3.75,0.379,Kakinada,AP
2020-10-29,0.0,30.3,24.6,4.62,0.367,Kakinada,AP
2020-10-30,0.0,31.9,23.1,4.61,0.35,Kakinada,AP
2020-10-31,0.0,31.7,23.0,4.45,0.335,Kakinada,AP
2020-11-01,0.0,32.4,24.2,4.42,0.318,Kakinada,AP
2020-11-02,0.0,32.5,23.7,4.28,0.303,Kakinada,AP
2020-11-03,0.0,30.4,25.1,3.97,0.295,Kakinada,AP
2020-11-04,0.2,30.0,25.8,3.75,0.288,Kakinada,AP
2020-11-05,0.6,29.6,25.6,3.78,0.285,Kakinada,AP
2020-11-06,1.4,29.2,26.1,3.8,0.286,Kakinada,AP
2020-11-07,0.0,29.6,25.7,4.19,0.282,Kakinada,AP
2020-11-08,0.0,29.6,24.2,5.02,0.278,Kakinada,AP
2020-11-09,0.0,29.1,21.9,4.92,0.272,Kakinada,AP
2020-11-10,0.0,29.2,22.2,5.21,0.268,Kakinada,AP
2020-11-11,16.7,27.1,24.5,2.74,0.31,Kakinada,AP
2020-11-12,12.9,26.7,24.5,2.62,0.479,Kakinada,AP
2020-11-13,0.0,29.6,25.5,4.98,0.432,Kakinada,AP
2020-11-14,0.0,29.2,24.5,5.02,0.402,Kakinada,AP
2020-11-15,1.7,28.4,25.2,3.89,0.389,Kakinada,AP
2020-11-16,0.0,28.6,25.5,4.08,0.375,Kakinada,AP
2020-11-17,0.0,28.6,24.6,3.94,0.362,Kakinada,AP
2020-11-18,0.0,28.9,24.0,3.88,0.348,Kakinada,AP
2020-11-19,0.0,28.8,23.9,3.73,0.334,Kakinada,AP
2020-11-20,0.0,30.1,21.8,3.82,0.323,Kakinada,AP
2020-11-21,0.0,32.2,22.3,3.96,0.315,Kakinada,AP
2020-11-22,0.1,29.3,23.5,3.82,0.309,Kakinada,AP
2020-11-23,0.4,28.5,24.6,4.1,0.309,Kakinada,AP
2020-11-24,0.0,27.9,24.1,4.94,0.302,Kakinada,AP
2020-11-25,9.0,28.0,24.2,4.11,0.308,Kakinada,AP
2020-11-26,95.5,23.8,22.0,1.17,0.509,Kakinada,AP
2020-11-27,33.3,25.7,22.2,2.95,0.506,Kakinada,AP
2020-11-28,48.1,25.4,20.7,1.76,0.51,Kakinada,AP
2020-11-29,0.0,27.7,23.4,4.73,0.475,Kakinada,AP
2020-11-30,0.0,27.5,21.9,4.08,0.451,Kakinada,AP
2020-12-01,0.0,27.5,21.6,4.07,0.435,Kakinada,AP
2020-12-02,0.0,27.0,21.6,4.21,0.423,Kakinada,AP
2020-12-03,0.0,27.7,22.7,4.09,0.41,Kakinada,AP
2020-12-04,0.0,27.4,22.9,3.87,0.399,Kakinada,AP
2020-12-05,0.0,27.3,23.0,3.95,0.387,Kakinada,AP
2020-12-06,0.0,27.2,22.8,4.03,0.376,Kakinada,AP
2020-12-07,0.1,27.8,23.0,4.12,0.364,Kakinada,AP
2020-12-08,0.0,27.1,20.1,3.72,0.352,Kakinada,AP
2020-12-09,0.0,27.4,17.9,3.56,0.345,Kakinada,AP
2020-12-10,0.0,28.1,17.8,3.6,0.337,Kakinada,AP
2020-12-11,0.0,27.8,19.8,3.55,0.328,Kakinada,AP
2020-12-12,0.0,27.0,20.1,3.36,0.32,Kakinada,AP
2020-12-13,0.0,27.8,19.0,3.46,0.308,Kakinada,AP
2020-12-14,0.1,27.3,19.9,3.34,0.3,Kakinada,AP
2020-12-15,0.0,27.2,22.1,3.72,0.297,Kakinada,AP
2020-12-16,0.0,27.2,22.9,3.6,0.295,Kakinada,AP
2020-12-17,0.0,27.5,22.6,3.68,0.292,Kakinada,AP
2020-12-18,0.1,27.2,22.9,3.24,0.288,Kakinada,AP
2020-12-19,0.2,27.0,22.8,3.52,0.288,Kakinada,AP
2020-12-20,0.0,26.4,21.2,3.98,0.289,Kakinada,AP
2020-12-21,0.0,26.2,17.9,3.84,0.288,Kakinada,AP
2020-12-22,0.0,25.8,17.1,3.69,0.284,Kakinada,AP
2020-12-23,0.0,26.1,17.6,3.72,0.278,Kakinada,AP
2020-12-24,0.0,26.2,18.7,3.97,0.278,Kakinada,AP
2020-12-25,0.0,26.5,19.7,3.81,0.28,Kakinada,AP
2020-12-26,0.0,26.7,20.5,3.88,0.28,Kakinada,AP
2020-12-27,0.0,26.2,19.8,3.55,0.276,Kakinada,AP
2020-12-28,0.0,26.2,20.3,3.59,0.272,Kakinada,AP
2020-12-29,0.0,26.3,20.8,3.72,0.264,Kakinada,AP
2020-12-30,0.0,26.4,21.2,3.99,0.263,Kakinada,AP
2020-12-31,0.0,26.3,21.5,4.08,0.262,Kakinada,AP
2021-01-01,0.0,26.3,20.8,4.07,0.255,Kakinada,AP
2021-01-02,0.0,26.1,20.2,3.99,0.257,Kakinada,AP
2021-01-03,0.0,26.1,20.7,3.79,0.258,Kakinada,AP
2021-01-04,0.0,26.2,20.8,3.6,0.261,Kakinada,AP
2021-01-05,0.0,26.5,22.0,3.52,0.26,Kakinada,AP
2021-01-06,0.0,26.0,22.5,2.05,0.259,Kakinada,AP
2021-01-07,0.0,27.3,22.7,3.15,0.259,Kakinada,AP
2021-01-08,0.0,27.5,22.8,3.64,0.248,Kakinada,AP
2021-01-09,0.0,26.9,21.5,3.71,0.252,Kakinada,AP
2021-01-10,0.0,27.2,21.1,3.4,0.253,Kakinada,AP
2021-01-11,0.0,27.8,20.3,3.54,0.25,Kakinada,AP
2021-01-12,0.0,27.5,20.4,3.54,0.253,Kakinada,AP
2021-01-13,0.0,27.9,21.3,3.51,0.254,Kakinada,AP
2021-01-14,0.0,28.4,21.0,3.7,0.254,Kakinada,AP
2021-01-15,0.0,28.0,21.7,3.58,0.254,Kakinada,AP
2021-01-16,0.0,29.2,19.7,3.97,0.256,Kakinada,AP
2021-01-17,0.0,27.5,19.9,3.62,0.252,Kakinada,AP
2021-01-18,1.2,26.3,21.6,3.25,0.258,Kakinada,AP
2021-01-19,0.0,28.1,20.7,3.9,0.257,Kakinada,AP
2021-01-20,0.0,29.6,19.5,4.04,0.249,Kakinada,AP
2021-01-21,0.0,31.8,19.6,4.24,0.249,Kakinada,AP
2021-01-22,1.6,27.4,21.7,3.09,0.259,Kakinada,AP
2021-01-23,0.0,28.3,21.7,3.53,0.264,Kakinada,AP
2021-01-24,0.0,30.2,21.8,4.02,0.262,Kakinada,AP
2021-01-25,0.0,29.2,20.5,3.94,0.258,Kakinada,AP
2021-01-26,0.0,29.4,19.7,3.83,0.254,Kakinada,AP
2021-01-27,0.0,27.9,20.6,3.61,0.255,Kakinada,AP
2021-01-28,0.7,26.5,22.1,3.07,0.262,Kakinada,AP
2021-01-29,3.0,27.0,22.4,3.16,0.288,Kakinada,AP
2021-01-30,0.0,28.6,20.6,3.7,0.291,Kakinada,AP
2021-01-31,2.0,27.1,21.9,3.44,0.298,Kakinada,AP
2021-02-01,0.5,26.4,22.5,3.65,0.299,Kakinada,AP
2021-02-02,0.0,26.8,21.6,4.08,0.293,Kakinada,AP
2021-02-03,0.0,27.2,19.9,4.27,0.287,Kakinada,AP
2021-02-04,0.0,27.4,18.8,4.39,0.282,Kakinada,AP
2021-02-05,0.0,27.3,18.2,4.28,0.272,Kakinada,AP
2021-02-06,0.0,28.3,18.7,4.56,0.264,Kakinada,AP
2021-02-07,0.0,28.6,18.8,4.46,0.264,Kakinada,AP
2021-02-08,0.0,27.6,21.2,4.5,0.266,Kakinada,AP
2021-02-09,0.0,27.8,19.4,4.35,0.258,Kakinada,AP
2021-02-10,0.0,28.8,19.4,4.44,0.259,Kakinada,AP
2021-02-11,0.0,28.4,19.1,4.31,0.258,Kakinada,AP
2021-02-12,0.0,28.0,18.6,4.43,0.258,Kakinada,AP
2021-02-13,0.0,28.1,18.9,4.48,0.258,Kakinada,AP
2021-02-14,0.0,29.4,17.9,4.75,0.257,Kakinada,AP
2021-02-15,0.0,31.4,18.7,4.81,0.257,Kakinada,AP
2021-02-16,0.0,30.5,19.5,4.65,0.257,Kakinada,AP
2021-02-17,0.0,29.5,18.8,4.66,0.256,Kakinada,AP
2021-02-18,0.6,27.8,22.0,4.19,0.258,Kakinada,AP
2021-02-19,0.0,28.3,22.9,4.42,0.257,Kakinada,AP
2021-02-20,2.0,24.7,23.3,3.3,0.263,Kakinada,AP
2021-02-21,0.4,27.4,22.3,4.06,0.271,Kakinada,AP
2021-02-22,0.0,29.1,21.4,4.77,0.268,Kakinada,AP
2021-02-23,0.0,30.7,19.3,4.89,0.263,Kakinada,AP
2021-02-24,0.0,32.6,19.1,5.29,0.257,Kakinada,AP
2021-02-25,0.0,34.7,20.0,5.43,0.254,Kakinada,AP
2021-02-26,0.0,35.7,21.3,5.54,0.255,Kakinada,AP
2021-02-27,0.0,34.9,21.3,4.92,0.258,Kakinada,AP
2021-02-28,0.0,34.3,21.6,5.07,0.257,Kakinada,AP
2021-03-01,0.0,34.0,20.6,4.98,0.261,Kakinada,AP
2021-03-02,0.0,34.7,21.8,5.18,0.26,Kakinada,AP
2021-03-03,0.0,34.7,21.0,5.5,0.26,Kakinada,AP
2021-03-04,0.0,33.4,21.3,5.48,0.259,Kakinada,AP
2021-03-05,0.0,34.3,21.2,5.75,0.258,Kakinada,AP
2021-03-06,0.0,35.5,20.6,5.84,0.257,Kakinada,AP
2021-03-07,0.0,33.8,21.3,5.08,0.257,Kakinada,AP
2021-03-08,0.0,31.6,22.4,4.7,0.257,Kakinada,AP
2021-03-09,0.0,31.9,21.6,5.08,0.256,Kakinada,AP
2021-03-10,0.0,34.3,21.7,5.41,0.256,Kakinada,AP
2021-03-11,0.0,34.8,23.3,5.35,0.256,Kakinada,AP
2021-03-12,0.0,32.6,21.9,5.28,0.256,Kakinada,AP
2021-03-13,0.0,34.8,20.6,5.8,0.256,Kakinada,AP
2021-03-14,0.0,32.0,22.4,5.14,0.255,Kakinada,AP
2021-03-15,0.0,31.4,22.5,4.69,0.255,Kakinada,AP
2021-03-16,0.0,33.0,23.6,5.15,0.255,Kakinada,AP
2021-03-17,0.0,33.9,23.6,5.28,0.254,Kakinada,AP
2021-03-18,0.0,32.7,23.1,5.03,0.251,Kakinada,AP
2021-03-19,0.0,34.1,22.6,5.54,0.252,Kakinada,AP
2021-03-20,0.0,36.5,22.2,5.97,0.253,Kakinada,AP
2021-03-21,0.0,36.4,23.3,5.63,0.253,Kakinada,AP
2021-03-22,0.0,35.4,23.8,4.85,0.253,Kakinada,AP
2021-03-23,0.0,35.9,21.4,6.04,0.253,Kakinada,AP
2021-03-24,0.0,34.9,21.0,5.93,0.253,Kakinada,AP
2021-03-25,0.0,36.5,21.9,5.96,0.253,Kakinada,AP
2021-03-26,0.0,36.3,23.4,5.84,0.253,Kakinada,AP
2021-03-27,0.0,35.4,24.2,5.62,0.256,Kakinada,AP
2021-03-28,0.0,35.0,25.0,5.49,0.253,Kakinada,AP
2021-03-29,0.0,37.8,23.7,5.84,0.254,Kakinada,AP
2021-03-30,0.0,38.2,25.2,6.24,0.26,Kakinada,AP
2021-03-31,0.0,40.6,25.5,6.84,0.259,Kakinada,AP
2021-04-01,0.0,38.9,25.4,6.3,0.258,Kakinada,AP
2021-04-02,0.0,38.7,26.0,5.72,0.258,Kakinada,AP
2021-04-03,0.3,34.7,27.8,5.29,0.259,Kakinada,AP
2021-04-04,0.0,34.5,27.4,5.28,0.263,Kakinada,AP
2021-04-05,0.2,32.8,26.5,5.08,0.262,Kakinada,AP
2021-04-06,0.0,33.8,24.3,5.65,0.258,Kakinada,AP
2021-04-07,0.0,35.1,24.4,6.08,0.255,Kakinada,AP
2021-04-08,0.1,36.6,26.0,6.15,0.256,Kakinada,AP
2021-04-09,1.2,33.2,25.4,5.37,0.259,Kakinada,AP
2021-04-10,0.0,32.5,25.4,5.38,0.261,Kakinada,AP
2021-04-11,0.0,33.9,24.7,5.72,0.258,Kakinada,AP
2021-04-12,0.0,34.0,25.0,5.67,0.259,Kakinada,AP
2021-04-13,1.3,34.7,26.3,5.17,0.26,Kakinada,AP
2021-04-14,0.3,35.1,26.1,5.55,0.28,Kakinada,AP
2021-04-15,0.2,33.9,27.0,3.94,0.28,Kakinada,AP
2021-04-16,0.1,33.8,25.3,5.38,0.276,Kakinada,AP
2021-04-17,0.0,34.3,25.1,5.62,0.272,Kakinada,AP
2021-04-18,0.4,34.9,26.3,5.61,0.269,Kakinada,AP
2021-04-19,5.1,36.6,26.8,5.48,0.28,Kakinada,AP
2021-04-20,1.9,35.4,27.0,5.05,0.294,Kakinada,AP
2021-04-21,0.0,36.8,26.0,6.18,0.286,Kakinada,AP
2021-04-22,3.2,37.2,26.7,5.28,0.284,Kakinada,AP
2021-04-23,1.1,34.5,27.0,4.48,0.292,Kakinada,AP
2021-04-24,0.0,34.1,26.0,5.31,0.315,Kakinada,AP
2021-04-25,0.0,35.2,26.3,5.86,0.298,Kakinada,AP
2021-04-26,0.0,36.2,25.8,5.99,0.286,Kakinada,AP
2021-04-27,1.8,38.0,26.0,5.94,0.278,Kakinada,AP
2021-04-28,0.0,37.2,26.7,5.87,0.274,Kakinada,AP
2021-04-29,0.1,35.1,26.7,5.42,0.271,Kakinada,AP
2021-04-30,1.0,34.5,26.3,5.48,0.274,Kakinada,AP
2021-05-01,0.1,33.5,25.7,5.79,0.277,Kakinada,AP
2021-05-02,0.3,35.5,25.3,5.82,0.269,Kakinada,AP
2021-05-03,0.1,34.7,26.9,5.66,0.265,Kakinada,AP
2021-05-04,0.8,34.8,26.7,5.75,0.258,Kakinada,AP
2021-05-05,0.0,34.4,26.8,5.74,0.256,Kakinada,AP
2021-05-06,0.4,34.5,27.2,5.67,0.257,Kakinada,AP
2021-05-07,1.1,33.2,26.8,5.03,0.261,Kakinada,AP
2021-05-08,0.0,33.8,27.0,5.66,0.262,Kakinada,AP
2021-05-09,0.9,34.3,27.3,5.29,0.266,Kakinada,AP
2021-05-10,0.4,36.6,27.3,5.8,0.27,Kakinada,AP
2021-05-11,0.9,36.1,27.8,5.37,0.274,Kakinada,AP
2021-05-12,0.3,36.4,26.6,5.63,0.285,Kakinada,AP
2021-05-13,3.3,35.4,27.6,4.87,0.294,Kakinada,AP
2021-05-14,0.0,37.1,28.4,6.05,0.292,Kakinada,AP
2021-05-15,1.0,34.0,28.4,5.64,0.288,Kakinada,AP
2021-05-16,2.5,34.3,27.5,5.42,0.306,Kakinada,AP
2021-05-17,2.2,34.6,27.7,4.93,0.336,Kakinada,AP
2021-05-18,1.0,35.6,28.1,5.41,0.342,Kakinada,AP
2021-05-19,0.7,35.1,27.5,5.38,0.325,Kakinada,AP
2021-05-20,1.2,35.3,28.2,5.7,0.314,Kakinada,AP
2021-05-21,5.0,36.5,27.2,5.02,0.31,Kakinada,AP
2021-05-22,3.4,33.8,26.3,3.84,0.391,Kakinada,AP
2021-05-23,0.4,35.4,27.1,3.81,0.392,Kakinada,AP
2021-05-24,0.0,38.0,28.4,4.87,0.361,Kakinada,AP
2021-05-25,0.0,37.0,28.5,5.29,0.35,Kakinada,AP
2021-05-26,0.0,39.9,28.2,9.9,0.328,Kakinada,AP
2021-05-27,0.0,41.5,29.8,9.45,0.304,Kakinada,AP
2021-05-28,0.0,40.1,29.2,7.96,0.298,Kakinada,AP
2021-05-29,0.0,38.0,30.1,6.48,0.29,Kakinada,AP
2021-05-30,1.2,39.2,29.1,6.28,0.286,Kakinada,AP
2021-05-31,1.2,39.3,29.5,5.64,0.291,Kakinada,AP
2021-06-01,2.3,37.2,28.9,5.76,0.303,Kakinada,AP
2021-06-02,7.0,35.9,28.7,5.13,0.311,Kakinada,AP
2021-06-03,5.1,33.4,27.6,4.4,0.385,Kakinada,AP
2021-06-04,1.1,34.3,27.0,5.44,0.411,Kakinada,AP
2021-06-05,0.4,34.8,27.1,5.48,0.372,Kakinada,AP
2021-06-06,2.5,35.1,26.9,5.51,0.355,Kakinada,AP
2021-06-07,1.3,35.9,26.3,5.68,0.337,Kakinada,AP
2021-06-08,0.3,37.7,28.6,6.47,0.32,Kakinada,AP
2021-06-09,0.5,37.6,29.4,6.56,0.31,Kakinada,AP
2021-06-10,0.1,32.8,27.3,3.9,0.307,Kakinada,AP
2021-06-11,15.2,29.6,25.8,2.14,0.375,Kakinada,AP
2021-06-12,2.7,32.4,25.3,4.19,0.413,Kakinada,AP
2021-06-13,8.1,31.1,25.8,3.36,0.418,Kakinada,AP
2021-06-14,4.0,31.7,25.8,3.39,0.439,Kakinada,AP
2021-06-15,0.5,32.3,27.4,4.7,0.407,Kakinada,AP
2021-06-16,0.5,31.9,26.8,4.05,0.385,Kakinada,AP
2021-06-17,0.8,32.3,27.5,5.39,0.361,Kakinada,AP
2021-06-18,0.6,33.7,25.9,4.12,0.398,Kakinada,AP
2021-06-19,0.0,34.2,27.4,5.19,0.386,Kakinada,AP
2021-06-20,0.0,35.5,27.4,5.57,0.362,Kakinada,AP
2021-06-21,0.0,36.9,27.6,7.1,0.346,Kakinada,AP
2021-06-22,0.1,36.2,28.1,5.46,0.326,Kakinada,AP
2021-06-23,6.2,34.9,27.4,4.88,0.357,Kakinada,AP
2021-06-24,0.3,34.9,26.2,5.91,0.384,Kakinada,AP
2021-06-25,0.1,35.1,28.2,6.88,0.359,Kakinada,AP
2021-06-26,3.4,33.9,27.5,4.8,0.353,Kakinada,AP
2021-06-27,21.4,32.4,25.0,4.3,0.468,Kakinada,AP
2021-06-28,3.6,32.2,25.3,4.87,0.454,Kakinada,AP
2021-06-29,0.9,33.4,26.1,4.93,0.42,Kakinada,AP
2021-06-30,2.2,33.2,27.3,4.87,0.403,Kakinada,AP
2021-07-01,12.4,31.8,27.3,3.86,0.449,Kakinada,AP
2021-07-02,2.8,30.4,26.8,2.56,0.481,Kakinada,AP
2021-07-03,0.2,33.1,26.0,4.77,0.462,Kakinada,AP
2021-07-04,1.1,33.6,26.8,4.48,0.444,Kakinada,AP
2021-07-05,1.7,33.9,26.7,4.74,0.469,Kakinada,AP
2021-07-06,1.2,34.0,27.3,5.0,0.448,Kakinada,AP
2021-07-07,13.6,32.4,27.2,4.05,0.469,Kakinada,AP
2021-07-08,4.0,31.2,26.7,3.2,0.471,Kakinada,AP
2021-07-09,2.2,33.6,26.2,5.07,0.447,Kakinada,AP
2021-07-10,9.9,32.2,25.9,4.42,0.461,Kakinada,AP
2021-07-11,21.5,30.6,25.6,3.14,0.499,Kakinada,AP
2021-07-12,52.1,27.7,25.2,1.51,0.511,Kakinada,AP
2021-07-13,4.9,28.6,25.2,2.17,0.495,Kakinada,AP
2021-07-14,10.6,30.2,24.9,3.0,0.5,Kakinada,AP
2021-07-15,11.3,31.4,24.8,4.07,0.496,Kakinada,AP
2021-07-16,2.0,31.2,25.2,4.32,0.476,Kakinada,AP
2021-07-17,2.4,30.7,26.0,4.64,0.458,Kakinada,AP
2021-07-18,5.9,30.8,25.6,4.22,0.465,Kakinada,AP
2021-07-19,5.0,32.7,25.8,4.56,0.47,Kakinada,AP
2021-07-20,3.2,32.5,26.1,5.09,0.47,Kakinada,AP
2021-07-21,28.6,27.9,25.1,1.77,0.499,Kakinada,AP
2021-07-22,13.4,26.8,24.8,2.3,0.508,Kakinada,AP
2021-07-23,34.4,30.7,24.5,4.05,0.5,Kakinada,AP
2021-07-24,1.0,32.4,24.8,4.65,0.484,Kakinada,AP
2021-07-25,0.9,33.4,26.6,5.61,0.463,Kakinada,AP
2021-07-26,3.6,33.5,26.2,5.77,0.47,Kakinada,AP
2021-07-27,0.0,31.9,28.3,5.59,0.444,Kakinada,AP
2021-07-28,0.0,33.1,27.9,6.33,0.418,Kakinada,AP
2021-07-29,0.0,31.1,27.7,4.78,0.4,Kakinada,AP
2021-07-30,0.0,32.8,27.3,4.46,0.389,Kakinada,AP
2021-07-31,0.1,32.5,26.8,6.32,0.376,Kakinada,AP
2021-08-01,0.2,32.9,26.9,6.21,0.361,Kakinada,AP
2021-08-02,0.5,33.9,27.2,6.65,0.346,Kakinada,AP
2021-08-03,0.3,34.2,27.4,6.5,0.334,Kakinada,AP
2021-08-04,0.1,34.6,27.4,5.68,0.32,Kakinada,AP
2021-08-05,0.0,34.7,27.8,6.24,0.306,Kakinada,AP
2021-08-06,0.8,34.2,27.7,5.68,0.303,Kakinada,AP
2021-08-07,1.6,34.7,27.0,5.32,0.304,Kakinada,AP
2021-08-08,0.5,34.1,27.3,5.17,0.31,Kakinada,AP
2021-08-09,6.5,33.8,26.4,4.8,0.344,Kakinada,AP
2021-08-10,6.2,34.5,27.2,5.02,0.374,Kakinada,AP
2021-08-11,0.2,35.5,27.2,5.91,0.375,Kakinada,AP
2021-08-12,5.8,35.0,27.9,5.21,0.357,Kakinada,AP
2021-08-13,6.0,34.8,26.9,4.91,0.346,Kakinada,AP
2021-08-14,4.7,34.2,26.3,4.82,0.379,Kakinada,AP
2021-08-15,3.8,32.4,26.5,3.41,0.428,Kakinada,AP
2021-08-16,30.7,27.6,25.4,1.25,0.501,Kakinada,AP
2021-08-17,11.9,29.4,25.6,2.37,0.485,Kakinada,AP
2021-08-18,1.2,30.9,25.5,4.24,0.455,Kakinada,AP
2021-08-19,14.0,32.1,24.8,4.34,0.481,Kakinada,AP
2021-08-20,9.1,30.7,26.1,3.68,0.485,Kakinada,AP
2021-08-21,19.3,29.6,24.9,3.63,0.496,Kakinada,AP
2021-08-22,1.8,31.7,24.9,4.72,0.484,Kakinada,AP
2021-08-23,5.1,31.6,25.2,4.43,0.476,Kakinada,AP
2021-08-24,1.0,31.7,25.6,4.68,0.446,Kakinada,AP
2021-08-25,3.4,32.3,26.3,4.48,0.436,Kakinada,AP
2021-08-26,6.3,32.8,25.4,4.79,0.438,Kakinada,AP
2021-08-27,9.0,31.2,26.8,3.65,0.427,Kakinada,AP
2021-08-28,1.9,31.9,25.7,3.79,0.445,Kakinada,AP
2021-08-29,3.5,32.0,25.4,4.24,0.433,Kakinada,AP
2021-08-30,16.5,29.2,25.4,3.42,0.467,Kakinada,AP
2021-08-31,5.2,30.0,25.0,3.31,0.475,Kakinada,AP
2021-09-01,19.5,29.0,25.2,3.42,0.493,Kakinada,AP
2021-09-02,6.9,30.7,25.3,4.41,0.476,Kakinada,AP
2021-09-03,2.8,31.1,25.3,4.71,0.466,Kakinada,AP
2021-09-04,9.8,32.5,25.4,4.65,0.468,Kakinada,AP
2021-09-05,12.5,32.5,25.0,3.91,0.485,Kakinada,AP
2021-09-06,36.3,27.3,25.3,1.51,0.511,Kakinada,AP
2021-09-07,3.5,30.1,24.7,3.58,0.499,Kakinada,AP
2021-09-08,0.8,31.9,26.9,5.01,0.473,Kakinada,AP
2021-09-09,0.8,32.4,26.0,4.51,0.455,Kakinada,AP
2021-09-10,6.8,29.7,26.1,2.68,0.458,Kakinada,AP
2021-09-11,1.7,29.9,25.8,3.02,0.476,Kakinada,AP
2021-09-12,1.5,31.0,25.2,3.42,0.473,Kakinada,AP
2021-09-13,4.1,31.2,26.3,3.66,0.462,Kakinada,AP
2021-09-14,3.2,31.9,25.8,4.0,0.478,Kakinada,AP
2021-09-15,3.6,31.8,27.0,4.24,0.461,Kakinada,AP
2021-09-16,1.8,31.9,25.8,4.34,0.446,Kakinada,AP
2021-09-17,0.4,32.5,26.2,4.36,0.432,Kakinada,AP
2021-09-18,1.3,31.9,26.0,3.79,0.416,Kakinada,AP
2021-09-19,0.8,32.8,26.0,4.83,0.406,Kakinada,AP
2021-09-20,8.8,31.3,26.3,3.92,0.421,Kakinada,AP
2021-09-21,0.5,31.5,25.8,4.34,0.426,Kakinada,AP
2021-09-22,0.6,32.4,25.9,4.59,0.403,Kakinada,AP
2021-09-23,11.6,30.4,25.9,3.41,0.47,Kakinada,AP
2021-09-24,8.2,30.5,25.3,3.91,0.48,Kakinada,AP
2021-09-25,7.8,31.2,25.3,3.99,0.477,Kakinada,AP
2021-09-26,6.0,31.4,26.0,2.74,0.476,Kakinada,AP
2021-09-27,40.1,28.1,25.7,1.56,0.509,Kakinada,AP
2021-09-28,3.3,30.1,25.3,3.19,0.497,Kakinada,AP
2021-09-29,14.3,31.3,24.6,4.06,0.495,Kakinada,AP
2021-09-30,11.3,29.9,25.0,3.68,0.497,Kakinada,AP
2021-10-01,0.4,30.1,25.7,4.39,0.476,Kakinada,AP
2021-10-02,1.3,30.4,25.6,4.21,0.461,Kakinada,AP
2021-10-03,2.7,30.8,26.1,4.32,0.454,Kakinada,AP
2021-10-04,0.9,31.0,25.0,4.43,0.436,Kakinada,AP
2021-10-05,2.9,30.4,25.9,4.32,0.418,Kakinada,AP
2021-10-06,5.3,29.7,26.6,3.7,0.469,Kakinada,AP
2021-10-07,2.8,30.2,26.1,4.16,0.46,Kakinada,AP
2021-10-08,0.3,32.5,25.2,4.45,0.433,Kakinada,AP
2021-10-09,11.8,32.1,26.0,3.95,0.45,Kakinada,AP
2021-10-10,5.1,31.7,26.1,4.44,0.462,Kakinada,AP
2021-10-11,2.9,31.8,25.8,4.18,0.453,Kakinada,AP
2021-10-12,5.1,31.7,26.0,3.78,0.438,Kakinada,AP
2021-10-13,1.4,32.9,25.3,4.55,0.438,Kakinada,AP
2021-10-14,0.0,33.2,25.8,3.75,0.43,Kakinada,AP
2021-10-15,24.4,28.5,24.7,2.17,0.447,Kakinada,AP
2021-10-16,21.1,29.7,24.2,2.65,0.506,Kakinada,AP
2021-10-17,4.7,30.0,25.3,3.46,0.499,Kakinada,AP
2021-10-18,3.1,31.0,25.1,3.23,0.483,Kakinada,AP
2021-10-19,4.1,31.7,25.4,3.6,0.477,Kakinada,AP
2021-10-20,1.4,31.4,25.5,3.85,0.469,Kakinada,AP
2021-10-21,0.0,33.2,25.5,4.36,0.468,Kakinada,AP
2021-10-22,3.2,31.3,25.6,3.9,0.456,Kakinada,AP
2021-10-23,2.4,28.9,25.3,3.61,0.442,Kakinada,AP
2021-10-24,3.0,28.7,25.5,2.9,0.442,Kakinada,AP
2021-10-25,0.0,29.6,24.3,4.35,0.423,Kakinada,AP
2021-10-26,0.0,29.8,24.5,4.2,0.407,Kakinada,AP
2021-10-27,0.0,30.6,23.7,4.31,0.393,Kakinada,AP
2021-10-28,0.6,29.7,24.7,4.03,0.383,Kakinada,AP
2021-10-29,26.1,29.4,24.8,3.44,0.43,Kakinada,AP
2021-10-30,1.1,29.1,24.8,3.59,0.473,Kakinada,AP
2021-10-31,3.9,29.3,25.2,3.79,0.467,Kakinada,AP
2021-11-01,7.4,27.9,24.9,3.0,0.475,Kakinada,AP
2021-11-02,19.6,26.1,24.3,1.88,0.506,Kakinada,AP
2021-11-03,17.3,26.5,24.6,2.25,0.507,Kakinada,AP
2021-11-04,14.2,26.7,24.4,2.4,0.507,Kakinada,AP
2021-11-05,2.3,27.4,24.5,2.87,0.494,Kakinada,AP
2021-11-06,0.3,27.8,24.3,3.64,0.48,Kakinada,AP
2021-11-07,0.0,28.1,24.3,4.28,0.466,Kakinada,AP
2021-11-08,0.0,28.1,23.1,4.65,0.452,Kakinada,AP
2021-11-09,0.0,28.0,22.7,4.56,0.44,Kakinada,AP
2021-11-10,1.5,28.1,23.9,4.48,0.43,Kakinada,AP
2021-11-11,45.1,25.2,23.5,1.41,0.504,Kakinada,AP
2021-11-12,13.7,26.4,24.2,1.67,0.505,Kakinada,AP
2021-11-13,5.1,27.8,24.5,2.8,0.497,Kakinada,AP
2021-11-14,2.8,27.4,24.9,2.77,0.492,Kakinada,AP
2021-11-15,3.3,28.0,25.1,3.0,0.489,Kakinada,AP
2021-11-16,4.2,28.0,25.1,3.01,0.489,Kakinada,AP
2021-11-17,1.5,28.7,24.8,3.83,0.482,Kakinada,AP
2021-11-18,3.9,27.4,25.0,3.05,0.47,Kakinada,AP
2021-11-19,32.2,25.6,24.7,1.47,0.511,Kakinada,AP
2021-11-20,5.7,27.6,24.5,2.94,0.504,Kakinada,AP
2021-11-21,6.6,28.1,24.9,2.87,0.497,Kakinada,AP
2021-11-22,2.0,28.6,24.5,3.25,0.486,Kakinada,AP
2021-11-23,3.0,29.2,24.1,3.25,0.469,Kakinada,AP
2021-11-24,0.6,28.4,24.1,3.57,0.46,Kakinada,AP
2021-11-25,0.0,28.2,24.9,3.6,0.441,Kakinada,AP
2021-11-26,0.0,28.3,23.6,3.8,0.429,Kakinada,AP
2021-11-27,0.2,27.9,24.1,3.47,0.418,Kakinada,AP
2021-11-28,0.3,27.4,25.2,3.37,0.413,Kakinada,AP
2021-11-29,0.1,27.5,23.9,3.85,0.409,Kakinada,AP
2021-11-30,0.0,27.3,23.2,4.27,0.398,Kakinada,AP
2021-12-01,0.0,26.5,22.4,4.3,0.385,Kakinada,AP
2021-12-02,0.0,27.3,21.0,4.15,0.374,Kakinada,AP
2021-12-03,0.0,26.5,22.2,1.83,0.376,Kakinada,AP
2021-12-04,0.3,30.7,21.0,3.34,0.391,Kakinada,AP
2021-12-05,0.0,28.5,22.2,3.44,0.378,Kakinada,AP
2021-12-06,0.0,27.8,23.7,3.38,0.366,Kakinada,AP
2021-12-07,0.0,27.9,23.2,3.61,0.356,Kakinada,AP
2021-12-08,0.3,27.6,24.6,3.58,0.346,Kakinada,AP
2021-12-09,42.8,25.7,23.0,1.84,0.465,Kakinada,AP
2021-12-10,0.3,26.9,23.3,3.62,0.465,Kakinada,AP
2021-12-11,0.0,27.3,23.1,3.53,0.448,Kakinada,AP
2021-12-12,0.6,27.3,23.6,3.77,0.435,Kakinada,AP
2021-12-13,0.0,26.4,23.2,3.52,0.422,Kakinada,AP
2021-12-14,0.0,26.3,22.4,3.72,0.412,Kakinada,AP
2021-12-15,0.0,25.9,21.6,3.6,0.401,Kakinada,AP
2021-12-16,0.0,25.9,20.4,3.98,0.39,Kakinada,AP
2021-12-17,0.0,26.0,20.1,4.06,0.377,Kakinada,AP
2021-12-18,0.0,26.1,18.8,4.55,0.363,Kakinada,AP
2021-12-19,0.0,26.4,19.5,4.08,0.351,Kakinada,AP
2021-12-20,0.0,25.7,19.6,3.44,0.34,Kakinada,AP
2021-12-21,0.0,25.4,19.1,3.34,0.331,Kakinada,AP
2021-12-22,0.0,26.2,17.6,3.45,0.322,Kakinada,AP
2021-12-23,0.0,27.6,17.7,3.5,0.314,Kakinada,AP
2021-12-24,0.1,27.1,18.4,3.39,0.307,Kakinada,AP
2021-12-25,0.0,28.2,18.3,3.54,0.299,Kakinada,AP
2021-12-26,0.0,27.5,20.0,3.33,0.293,Kakinada,AP
2021-12-27,0.5,27.3,20.3,3.17,0.291,Kakinada,AP
2021-12-28,0.3,26.8,21.0,3.35,0.288,Kakinada,AP
2021-12-29,0.8,26.0,21.8,2.96,0.288,Kakinada,AP
2021-12-30,0.2,26.4,22.1,3.71,0.286,Kakinada,AP
2021-12-31,0.0,26.9,21.8,4.27,0.282,Kakinada,AP
2022-01-01,0.0,26.6,21.7,3.86,0.279,Kakinada,AP
2022-01-02,0.0,26.3,21.3,3.55,0.276,Kakinada,AP
2022-01-03,0.0,26.0,20.7,3.85,0.272,Kakinada,AP
2022-01-04,0.0,26.0,19.8,3.78,0.267,Kakinada,AP
2022-01-05,0.0,26.1,20.1,3.6,0.262,Kakinada,AP
2022-01-06,0.0,26.4,20.5,3.65,0.257,Kakinada,AP
2022-01-07,0.0,26.4,20.7,3.62,0.255,Kakinada,AP
2022-01-08,0.1,26.5,21.0,3.46,0.253,Kakinada,AP
2022-01-09,0.0,26.9,21.0,3.64,0.251,Kakinada,AP
2022-01-10,0.0,27.2,20.9,3.67,0.249,Kakinada,AP
2022-01-11,0.0,27.5,21.7,3.73,0.251,Kakinada,AP
2022-01-12,9.6,26.9,20.8,3.19,0.271,Kakinada,AP
2022-01-13,13.2,25.1,21.1,2.25,0.333,Kakinada,AP
2022-01-14,3.1,25.8,21.4,2.41,0.385,Kakinada,AP
2022-01-15,2.8,25.5,20.3,3.14,0.401,Kakinada,AP
2022-01-16,0.0,26.1,21.6,3.96,0.38,Kakinada,AP
2022-01-17,0.0,25.8,21.7,3.84,0.358,Kakinada,AP
2022-01-18,0.0,25.6,20.2,3.35,0.34,Kakinada,AP
2022-01-19,0.4,25.9,19.6,3.41,0.328,Kakinada,AP
2022-01-20,0.0,28.7,18.2,3.8,0.315,Kakinada,AP
2022-01-21,0.3,30.6,18.0,3.74,0.304,Kakinada,AP
2022-01-22,0.0,31.1,20.9,4.2,0.296,Kakinada,AP
2022-01-23,3.5,29.5,22.2,3.27,0.293,Kakinada,AP
2022-01-24,7.7,28.8,21.0,3.06,0.298,Kakinada,AP
2022-01-25,0.8,27.5,20.9,3.54,0.285,Kakinada,AP
2022-01-26,1.8,26.7,21.2,3.34,0.285,Kakinada,AP
2022-01-27,0.1,27.0,20.9,3.83,0.285,Kakinada,AP
2022-01-28,0.0,26.7,20.9,4.38,0.281,Kakinada,AP
2022-01-29,0.0,26.1,20.0,4.42,0.276,Kakinada,AP
2022-01-30,0.0,30.9,17.6,4.25,0.271,Kakinada,AP
2022-01-31,0.0,28.7,18.5,4.13,0.264,Kakinada,AP
2022-02-01,0.0,30.7,18.0,4.48,0.261,Kakinada,AP
2022-02-02,0.0,29.8,18.5,4.28,0.258,Kakinada,AP
2022-02-03,0.0,29.6,19.0,4.14,0.256,Kakinada,AP
2022-02-04,0.7,32.0,20.4,4.52,0.259,Kakinada,AP
2022-02-05,0.0,30.2,20.5,4.65,0.266,Kakinada,AP
2022-02-06,0.0,27.4,21.6,4.53,0.266,Kakinada,AP
2022-02-07,0.0,28.5,19.7,4.43,0.266,Kakinada,AP
2022-02-08,0.0,28.2,19.6,4.21,0.262,Kakinada,AP
2022-02-09,0.0,28.1,21.1,4.41,0.261,Kakinada,AP
2022-02-10,0.0,28.3,20.1,4.4,0.257,Kakinada,AP
2022-02-11,0.2,28.7,19.6,4.5,0.254,Kakinada,AP
2022-02-12,0.1,28.2,21.9,4.32,0.256,Kakinada,AP
2022-02-13,0.6,27.7,22.0,4.42,0.256,Kakinada,AP
2022-02-14,0.0,27.5,20.5,4.8,0.256,Kakinada,AP
2022-02-15,0.0,27.5,20.8,4.72,0.257,Kakinada,AP
2022-02-16,0.0,28.7,19.9,4.62,0.257,Kakinada,AP
2022-02-17,0.0,28.1,19.9,4.32,0.254,Kakinada,AP
2022-02-18,0.0,28.6,22.0,4.44,0.254,Kakinada,AP
2022-02-19,0.0,29.8,21.3,4.54,0.257,Kakinada,AP
2022-02-20,0.0,34.3,20.1,5.42,0.262,Kakinada,AP
2022-02-21,0.0,33.4,20.8,4.94,0.266,Kakinada,AP
2022-02-22,0.0,30.9,22.1,4.53,0.259,Kakinada,AP
2022-02-23,0.0,29.8,22.3,4.47,0.264,Kakinada,AP
2022-02-24,0.0,30.0,22.0,4.65,0.258,Kakinada,AP
2022-02-25,0.0,29.6,20.6,4.8,0.252,Kakinada,AP
2022-02-26,0.0,29.3,19.8,4.74,0.252,Kakinada,AP
2022-02-27,0.0,30.0,21.8,4.91,0.252,Kakinada,AP
2022-02-28,0.0,31.1,19.3,5.2,0.252,Kakinada,AP
2022-03-01,0.0,31.8,19.2,5.29,0.252,Kakinada,AP
2022-03-02,0.0,30.5,20.7,5.03,0.251,Kakinada,AP
2022-03-03,0.0,30.6,22.0,5.22,0.252,Kakinada,AP
2022-03-04,0.0,30.2,23.2,5.4,0.252,Kakinada,AP
2022-03-05,0.0,30.8,22.7,5.61,0.251,Kakinada,AP
2022-03-06,0.0,32.4,20.8,5.52,0.251,Kakinada,AP
2022-03-07,0.0,32.9,21.4,5.4,0.251,Kakinada,AP
2022-03-08,0.1,33.4,21.4,5.38,0.252,Kakinada,AP
2022-03-09,0.0,32.7,22.3,5.19,0.253,Kakinada,AP
2022-03-10,0.0,32.5,22.5,5.43,0.252,Kakinada,AP
2022-03-11,0.0,34.4,21.2,5.8,0.253,Kakinada,AP
2022-03-12,0.0,34.4,20.7,5.81,0.253,Kakinada,AP
2022-03-13,0.0,34.3,22.0,5.67,0.253,Kakinada,AP
2022-03-14,0.0,35.2,22.1,5.97,0.253,Kakinada,AP
2022-03-15,0.0,36.4,21.6,6.35,0.253,Kakinada,AP
2022-03-16,0.0,38.5,21.3,6.44,0.253,Kakinada,AP
2022-03-17,0.0,36.7,22.1,5.67,0.253,Kakinada,AP
2022-03-18,0.0,31.3,23.2,4.94,0.254,Kakinada,AP
2022-03-19,0.0,32.4,23.9,4.88,0.26,Kakinada,AP
2022-03-20,0.2,35.5,23.3,5.01,0.261,Kakinada,AP
2022-03-21,2.9,34.4,25.2,4.55,0.268,Kakinada,AP
2022-03-22,0.0,35.7,26.5,5.2,0.268,Kakinada,AP
2022-03-23,0.1,33.7,26.3,4.97,0.266,Kakinada,AP
2022-03-24,1.4,34.4,25.9,5.17,0.267,Kakinada,AP
2022-03-25,0.0,36.1,24.0,5.62,0.265,Kakinada,AP
2022-03-26,0.0,37.3,24.9,5.9,0.262,Kakinada,AP
2022-03-27,0.4,37.8,25.9,5.74,0.263,Kakinada,AP
2022-03-28,0.6,38.2,26.3,5.89,0.265,Kakinada,AP
2022-03-29,0.1,38.1,25.5,5.93,0.269,Kakinada,AP
2022-03-30,0.0,38.3,25.7,6.01,0.273,Kakinada,AP
2022-03-31,0.0,37.1,26.6,5.85,0.271,Kakinada,AP
2022-04-01,0.0,36.3,26.5,6.1,0.265,Kakinada,AP
2022-04-02,0.0,36.5,25.5,6.3,0.265,Kakinada,AP
2022-04-03,0.0,37.5,25.9,6.31,0.266,Kakinada,AP
2022-04-04,0.2,36.4,26.4,5.96,0.267,Kakinada,AP
2022-04-05,0.0,35.5,25.3,5.98,0.266,Kakinada,AP
2022-04-06,0.0,33.8,25.8,5.71,0.264,Kakinada,AP
2022-04-07,0.0,33.5,24.9,5.59,0.259,Kakinada,AP
2022-04-08,0.0,33.1,24.1,5.63,0.254,Kakinada,AP
2022-04-09,0.0,34.0,25.2,5.72,0.258,Kakinada,AP
2022-04-10,0.0,34.6,25.6,5.83,0.257,Kakinada,AP
2022-04-11,0.0,35.7,26.1,5.99,0.259,Kakinada,AP
2022-04-12,0.0,34.9,26.0,5.78,0.258,Kakinada,AP
2022-04-13,0.0,35.7,26.0,6.06,0.257,Kakinada,AP
2022-04-14,0.0,37.1,26.6,6.11,0.257,Kakinada,AP
2022-04-15,0.0,38.7,26.7,6.35,0.257,Kakinada,AP
2022-04-16,0.0,38.3,27.3,6.0,0.257,Kakinada,AP
2022-04-17,0.8,37.3,27.8,5.96,0.26,Kakinada,AP
2022-04-18,0.2,39.0,27.8,6.07,0.266,Kakinada,AP
2022-04-19,0.0,37.6,27.2,6.4,0.265,Kakinada,AP
2022-04-20,0.0,39.0,27.4,6.27,0.262,Kakinada,AP
2022-04-21,0.0,36.8,27.7,6.41,0.258,Kakinada,AP
2022-04-22,0.0,35.3,26.3,6.1,0.257,Kakinada,AP
2022-04-23,0.7,37.5,26.7,6.2,0.255,Kakinada,AP
2022-04-24,0.0,40.6,27.6,6.25,0.253,Kakinada,AP
2022-04-25,0.3,39.8,27.7,6.58,0.256,Kakinada,AP
2022-04-26,0.3,39.5,27.6,6.59,0.258,Kakinada,AP
2022-04-27,0.0,39.1,27.6,6.59,0.256,Kakinada,AP
2022-04-28,0.3,39.2,27.6,6.61,0.256,Kakinada,AP
2022-04-29,0.0,41.0,27.2,6.7,0.256,Kakinada,AP
2022-04-30,0.0,40.6,27.8,6.64,0.254,Kakinada,AP
2022-05-01,0.5,39.1,27.2,6.25,0.256,Kakinada,AP
2022-05-02,0.0,38.6,28.1,6.2,0.255,Kakinada,AP
2022-05-03,0.0,38.0,28.1,5.96,0.256,Kakinada,AP
2022-05-04,0.0,38.0,27.7,6.04,0.257,Kakinada,AP
2022-05-05,3.6,37.9,26.8,5.62,0.266,Kakinada,AP
2022-05-06,2.7,34.4,27.7,4.87,0.279,Kakinada,AP
2022-05-07,0.0,35.4,27.3,5.5,0.273,Kakinada,AP
2022-05-08,0.3,34.8,28.2,5.62,0.269,Kakinada,AP
2022-05-09,0.2,34.5,27.5,5.17,0.267,Kakinada,AP
2022-05-10,28.0,29.2,26.2,3.38,0.353,Kakinada,AP
2022-05-11,26.1,30.4,25.9,3.64,0.483,Kakinada,AP
2022-05-12,0.9,31.8,27.0,5.2,0.451,Kakinada,AP
2022-05-13,0.3,31.9,26.7,5.0,0.419,Kakinada,AP
2022-05-14,0.4,32.4,27.1,5.0,0.397,Kakinada,AP
2022-05-15,0.6,33.8,27.4,5.26,0.377,Kakinada,AP
2022-05-16,0.6,33.0,27.5,5.32,0.36,Kakinada,AP
2022-05-17,0.6,33.4,27.2,5.52,0.343,Kakinada,AP
2022-05-18,1.4,34.8,27.9,5.4,0.328,Kakinada,AP
2022-05-19,1.9,33.6,26.7,4.89,0.364,Kakinada,AP
2022-05-20,2.1,34.6,27.2,5.65,0.377,Kakinada,AP
2022-05-21,0.0,37.2,28.0,6.87,0.349,Kakinada,AP
2022-05-22,0.0,40.9,29.1,7.68,0.326,Kakinada,AP
2022-05-23,0.0,41.2,27.8,7.47,0.31,Kakinada,AP
2022-05-24,0.0,36.9,29.1,6.81,0.298,Kakinada,AP
2022-05-25,0.0,37.2,27.0,5.31,0.302,Kakinada,AP
2022-05-26,1.9,37.3,27.3,5.64,0.323,Kakinada,AP
2022-05-27,0.0,35.6,28.0,5.23,0.351,Kakinada,AP
2022-05-28,0.0,40.2,27.8,7.85,0.351,Kakinada,AP
2022-05-29,0.0,40.8,29.0,8.35,0.334,Kakinada,AP
2022-05-30,0.6,38.6,29.0,6.54,0.322,Kakinada,AP
2022-05-31,0.0,40.1,29.4,6.45,0.305,Kakinada,AP
2022-06-01,0.1,39.4,29.6,6.7,0.294,Kakinada,AP
2022-06-02,0.0,38.0,28.7,6.13,0.286,Kakinada,AP
2022-06-03,0.0,41.5,29.4,6.71,0.282,Kakinada,AP
2022-06-04,0.0,37.7,29.2,6.09,0.283,Kakinada,AP
2022-06-05,0.0,37.5,29.4,5.64,0.28,Kakinada,AP
2022-06-06,0.0,38.6,29.2,5.09,0.278,Kakinada,AP
2022-06-07,0.1,39.7,27.9,6.68,0.283,Kakinada,AP
2022-06-08,0.0,43.1,30.1,7.39,0.282,Kakinada,AP
2022-06-09,0.0,41.8,31.0,7.86,0.277,Kakinada,AP
2022-06-10,0.0,40.3,30.3,7.45,0.27,Kakinada,AP
2022-06-11,0.0,39.6,28.7,7.09,0.268,Kakinada,AP
2022-06-12,0.1,37.5,29.1,5.55,0.268,Kakinada,AP
2022-06-13,1.3,37.7,28.8,6.16,0.267,Kakinada,AP
2022-06-14,0.2,39.5,29.5,6.89,0.26,Kakinada,AP
2022-06-15,1.3,37.1,27.8,6.08,0.268,Kakinada,AP
2022-06-16,9.9,36.0,25.7,5.42,0.296,Kakinada,AP
2022-06-17,2.7,34.7,26.5,5.16,0.294,Kakinada,AP
2022-06-18,1.4,34.3,27.6,5.26,0.289,Kakinada,AP
2022-06-19,2.7,34.4,27.8,5.53,0.297,Kakinada,AP
2022-06-20,8.0,34.9,25.9,4.68,0.351,Kakinada,AP
2022-06-21,8.1,33.5,25.1,3.87,0.42,Kakinada,AP
2022-06-22,4.3,32.8,26.4,4.59,0.442,Kakinada,AP
2022-06-23,20.1,32.3,25.5,4.45,0.464,Kakinada,AP
2022-06-24,23.3,32.0,24.7,3.39,0.466,Kakinada,AP
2022-06-25,4.0,30.6,25.4,2.88,0.47,Kakinada,AP
2022-06-26,14.4,31.6,25.4,4.21,0.481,Kakinada,AP
2022-06-27,11.8,30.6,25.1,3.97,0.49,Kakinada,AP
2022-06-28,11.0,31.1,25.6,3.91,0.494,Kakinada,AP
2022-06-29,1.2,31.9,25.7,4.63,0.483,Kakinada,AP
2022-06-30,5.8,32.0,26.8,3.45,0.479,Kakinada,AP
2022-07-01,3.3,34.4,25.5,5.3,0.472,Kakinada,AP
2022-07-02,4.4,33.7,25.7,5.05,0.441,Kakinada,AP
2022-07-03,1.9,32.0,27.0,4.42,0.443,Kakinada,AP
2022-07-04,5.3,29.5,25.4,2.22,0.495,Kakinada,AP
2022-07-05,14.2,30.5,25.8,3.4,0.489,Kakinada,AP
2022-07-06,6.4,28.1,25.3,2.77,0.497,Kakinada,AP
2022-07-07,22.4,31.3,25.6,3.26,0.491,Kakinada,AP
2022-07-08,26.3,28.1,24.9,2.95,0.503,Kakinada,AP
2022-07-09,26.1,29.2,25.0,3.18,0.508,Kakinada,AP
2022-07-10,6.2,27.3,24.4,2.63,0.499,Kakinada,AP
2022-07-11,45.2,26.4,24.7,1.89,0.506,Kakinada,AP
2022-07-12,47.1,28.8,24.5,3.01,0.507,Kakinada,AP
2022-07-13,13.5,29.2,24.3,3.74,0.497,Kakinada,AP
2022-07-14,1.0,31.3,25.0,5.35,0.488,Kakinada,AP
2022-07-15,0.2,30.9,26.5,4.43,0.473,Kakinada,AP
2022-07-16,4.3,31.5,25.9,3.65,0.485,Kakinada,AP
2022-07-17,3.5,29.3,25.6,2.88,0.49,Kakinada,AP
2022-07-18,15.7,29.7,24.4,2.68,0.501,Kakinada,AP
2022-07-19,0.7,32.6,25.1,5.37,0.481,Kakinada,AP
2022-07-20,7.3,32.8,26.8,4.99,0.475,Kakinada,AP
2022-07-21,9.5,32.0,26.1,4.36,0.471,Kakinada,AP
2022-07-22,7.3,31.3,26.5,4.5,0.462,Kakinada,AP
2022-07-23,1.0,30.8,25.6,4.49,0.475,Kakinada,AP
2022-07-24,6.8,31.8,25.3,4.76,0.462,Kakinada,AP
2022-07-25,1.5,32.1,25.1,4.67,0.464,Kakinada,AP
2022-07-26,35.0,29.8,24.3,4.4,0.505,Kakinada,AP
2022-07-27,0.4,30.4,24.7,4.88,0.482,Kakinada,AP
2022-07-28,0.1,31.1,24.9,5.19,0.463,Kakinada,AP
2022-07-29,16.1,31.4,25.6,4.59,0.469,Kakinada,AP
2022-07-30,7.2,30.4,25.3,4.2,0.48,Kakinada,AP
2022-07-31,3.0,32.2,26.0,4.87,0.471,Kakinada,AP
2022-08-01,10.4,32.2,25.7,4.68,0.487,Kakinada,AP
2022-08-02,33.3,32.1,25.1,4.54,0.501,Kakinada,AP
2022-08-03,0.4,31.1,25.9,4.78,0.485,Kakinada,AP
2022-08-04,2.3,29.1,26.5,3.07,0.476,Kakinada,AP
2022-08-05,10.7,28.9,25.5,2.08,0.482,Kakinada,AP
2022-08-06,18.1,30.5,25.2,3.13,0.503,Kakinada,AP
2022-08-07,10.1,30.6,25.7,3.14,0.503,Kakinada,AP
2022-08-08,9.3,26.7,25.2,2.01,0.508,Kakinada,AP
2022-08-09,6.3,29.0,24.9,3.28,0.503,Kakinada,AP
2022-08-10,0.9,31.3,25.4,5.17,0.487,Kakinada,AP
2022-08-11,0.5,31.6,26.9,5.51,0.471,Kakinada,AP
2022-08-12,2.3,32.1,25.4,4.93,0.476,Kakinada,AP
2022-08-13,0.0,31.6,27.8,4.77,0.452,Kakinada,AP
2022-08-14,15.2,28.0,25.2,1.96,0.491,Kakinada,AP
2022-08-15,0.1,31.0,25.7,4.21,0.483,Kakinada,AP
2022-08-16,7.5,32.0,23.8,4.52,0.477,Kakinada,AP
2022-08-17,4.3,32.3,24.9,4.71,0.482,Kakinada,AP
2022-08-18,0.4,32.5,26.5,4.35,0.459,Kakinada,AP
2022-08-19,7.8,31.3,25.7,3.75,0.465,Kakinada,AP
2022-08-20,0.0,32.4,26.8,5.12,0.434,Kakinada,AP
2022-08-21,0.1,33.0,26.8,5.56,0.421,Kakinada,AP
2022-08-22,0.0,33.4,27.2,5.86,0.412,Kakinada,AP
2022-08-23,1.0,33.5,26.6,5.06,0.397,Kakinada,AP
2022-08-24,0.4,32.0,25.6,3.46,0.446,Kakinada,AP
2022-08-25,0.7,32.7,25.2,5.02,0.446,Kakinada,AP
2022-08-26,1.9,33.6,25.8,4.98,0.433,Kakinada,AP
2022-08-27,4.6,33.7,26.0,5.01,0.409,Kakinada,AP
2022-08-28,3.0,31.0,25.3,4.38,0.39,Kakinada,AP
2022-08-29,0.7,30.0,26.0,4.41,0.382,Kakinada,AP
2022-08-30,1.1,30.3,26.3,4.73,0.378,Kakinada,AP
2022-08-31,7.5,29.7,25.9,3.16,0.393,Kakinada,AP
2022-09-01,1.7,30.8,25.5,4.85,0.363,Kakinada,AP
2022-09-02,3.4,30.4,26.4,4.43,0.366,Kakinada,AP
2022-09-03,0.5,33.0,25.8,5.13,0.357,Kakinada,AP
2022-09-04,3.1,33.6,26.3,4.95,0.346,Kakinada,AP
2022-09-05,2.1,33.2,26.1,5.07,0.337,Kakinada,AP
2022-09-06,9.0,31.9,25.2,4.65,0.44,Kakinada,AP
2022-09-07,25.1,27.4,25.6,1.58,0.478,Kakinada,AP
2022-09-08,28.8,27.8,25.5,2.17,0.496,Kakinada,AP
2022-09-09,32.3,27.7,24.5,2.08,0.508,Kakinada,AP
2022-09-10,32.3,27.4,24.6,1.33,0.509,Kakinada,AP
2022-09-11,3.6,28.9,24.6,3.2,0.502,Kakinada,AP
2022-09-12,1.1,31.0,26.0,4.53,0.489,Kakinada,AP
2022-09-13,6.1,32.0,25.4,4.73,0.489,Kakinada,AP
2022-09-14,13.4,30.0,23.5,3.52,0.499,Kakinada,AP
2022-09-15,11.4,32.2,24.4,4.54,0.493,Kakinada,AP
2022-09-16,0.3,32.0,26.3,4.64,0.473,Kakinada,AP
2022-09-17,1.1,31.9,26.7,4.45,0.455,Kakinada,AP
2022-09-18,10.4,32.2,26.0,4.12,0.451,Kakinada,AP
2022-09-19,12.2,28.5,25.5,1.6,0.498,Kakinada,AP
2022-09-20,3.1,30.8,25.1,3.84,0.496,Kakinada,AP
2022-09-21,5.5,31.5,25.3,4.48,0.475,Kakinada,AP
2022-09-22,13.9,30.6,25.2,3.13,0.48,Kakinada,AP
2022-09-23,11.7,31.5,25.3,4.19,0.503,Kakinada,AP
2022-09-24,0.7,32.3,25.3,4.09,0.485,Kakinada,AP
2022-09-25,0.4,30.4,25.0,4.33,0.467,Kakinada,AP
2022-09-26,2.7,29.9,25.6,4.17,0.482,Kakinada,AP
2022-09-27,6.5,31.0,24.4,4.08,0.493,Kakinada,AP
2022-09-28,13.0,31.1,24.8,4.29,0.495,Kakinada,AP
2022-09-29,23.7,30.6,24.6,3.55,0.502,Kakinada,AP
2022-09-30,26.2,28.4,24.5,2.19,0.502,Kakinada,AP
2022-10-01,9.6,29.4,24.3,2.05,0.5,Kakinada,AP
2022-10-02,13.2,32.6,24.9,3.67,0.496,Kakinada,AP
2022-10-03,11.0,31.4,24.4,3.38,0.492,Kakinada,AP
2022-10-04,27.2,29.3,24.9,2.75,0.499,Kakinada,AP
2022-10-05,38.9,28.7,23.8,2.66,0.505,Kakinada,AP
2022-10-06,22.3,27.0,24.9,2.4,0.504,Kakinada,AP
2022-10-07,14.9,28.2,24.7,2.91,0.503,Kakinada,AP
2022-10-08,12.8,28.2,25.0,3.13,0.501,Kakinada,AP
2022-10-09,21.8,28.0,24.6,2.04,0.51,Kakinada,AP
2022-10-10,10.0,28.0,24.5,2.99,0.501,Kakinada,AP
2022-10-11,8.5,29.1,24.6,3.63,0.495,Kakinada,AP
2022-10-12,6.3,29.5,24.1,3.61,0.49,Kakinada,AP
2022-10-13,4.9,29.1,24.2,3.64,0.487,Kakinada,AP
2022-10-14,18.9,27.4,24.2,2.21,0.501,Kakinada,AP
2022-10-15,19.6,27.2,24.3,1.91,0.505,Kakinada,AP
2022-10-16,3.2,28.3,25.2,3.59,0.494,Kakinada,AP
2022-10-17,0.5,29.9,25.2,4.14,0.47,Kakinada,AP
2022-10-18,0.0,30.4,23.8,4.37,0.452,Kakinada,AP
2022-10-19,1.3,29.9,24.3,4.55,0.438,Kakinada,AP
2022-10-20,4.9,29.6,25.4,4.1,0.431,Kakinada,AP
2022-10-21,0.0,30.2,25.6,5.11,0.411,Kakinada,AP
2022-10-22,0.0,31.0,24.3,5.21,0.396,Kakinada,AP
2022-10-23,0.0,32.8,23.2,4.84,0.383,Kakinada,AP
2022-10-24,0.0,32.8,23.0,5.04,0.374,Kakinada,AP
2022-10-25,0.0,31.1,22.5,4.76,0.364,Kakinada,AP
2022-10-26,0.3,29.7,23.5,4.2,0.354,Kakinada,AP
2022-10-27,0.0,29.5,23.9,4.31,0.345,Kakinada,AP
2022-10-28,0.0,29.0,23.8,4.39,0.336,Kakinada,AP
2022-10-29,0.0,29.6,23.6,5.09,0.329,Kakinada,AP
2022-10-30,0.0,29.0,22.8,4.91,0.324,Kakinada,AP
2022-10-31,0.0,29.5,23.3,4.84,0.317,Kakinada,AP
2022-11-01,1.0,28.7,24.8,3.11,0.317,Kakinada,AP
2022-11-02,0.2,29.6,24.1,3.85,0.313,Kakinada,AP
2022-11-03,6.2,27.7,24.9,2.03,0.39,Kakinada,AP
2022-11-04,2.0,28.1,24.7,3.65,0.449,Kakinada,AP
2022-11-05,1.1,28.9,23.6,4.06,0.431,Kakinada,AP
2022-11-06,0.0,28.6,23.4,4.4,0.404,Kakinada,AP
2022-11-07,0.0,28.5,22.5,4.22,0.383,Kakinada,AP
2022-11-08,0.0,28.8,22.9,4.2,0.365,Kakinada,AP
2022-11-09,0.1,28.8,23.4,4.35,0.349,Kakinada,AP
2022-11-10,0.0,28.9,24.4,4.76,0.334,Kakinada,AP
2022-11-11,0.0,29.4,25.0,5.03,0.32,Kakinada,AP
2022-11-12,0.0,29.3,25.2,4.23,0.309,Kakinada,AP
2022-11-13,0.0,29.1,24.5,4.8,0.3,Kakinada,AP
2022-11-14,0.0,28.8,24.0,4.58,0.293,Kakinada,AP
2022-11-15,0.0,28.3,21.8,4.35,0.288,Kakinada,AP
2022-11-16,0.0,29.0,20.6,4.47,0.284,Kakinada,AP
2022-11-17,0.0,28.6,20.3,4.48,0.276,Kakinada,AP
2022-11-18,0.0,29.1,21.6,5.34,0.271,Kakinada,AP
2022-11-19,0.0,28.4,22.5,4.98,0.274,Kakinada,AP
2022-11-20,0.0,28.1,19.4,3.68,0.273,Kakinada,AP
2022-11-21,0.2,28.2,24.4,3.99,0.274,Kakinada,AP
2022-11-22,3.8,27.8,23.7,2.93,0.288,Kakinada,AP
2022-11-23,2.3,28.6,24.6,3.34,0.304,Kakinada,AP
2022-11-24,0.8,28.4,23.9,3.22,0.305,Kakinada,AP
2022-11-25,1.2,27.8,23.9,2.49,0.306,Kakinada,AP
2022-11-26,0.0,28.0,23.1,3.48,0.306,Kakinada,AP
2022-11-27,0.0,28.3,21.2,3.69,0.3,Kakinada,AP
2022-11-28,0.0,27.7,20.6,3.78,0.293,Kakinada,AP
2022-11-29,0.0,28.1,20.3,3.99,0.286,Kakinada,AP
2022-11-30,0.0,28.9,20.5,3.6,0.28,Kakinada,AP
2022-12-01,0.0,29.2,23.2,3.89,0.275,Kakinada,AP
2022-12-02,1.2,28.2,24.9,3.29,0.275,Kakinada,AP
2022-12-03,0.3,28.5,24.4,3.55,0.275,Kakinada,AP
2022-12-04,0.3,28.4,24.0,3.54,0.276,Kakinada,AP
2022-12-05,0.1,28.4,23.5,3.75,0.275,Kakinada,AP
2022-12-06,0.0,28.2,21.8,3.95,0.274,Kakinada,AP
2022-12-07,0.0,27.8,21.2,3.76,0.279,Kakinada,AP
2022-12-08,0.0,28.4,20.6,5.06,0.273,Kakinada,AP
2022-12-09,9.1,26.3,22.0,4.12,0.292,Kakinada,AP
2022-12-10,22.6,25.0,21.5,1.88,0.421,Kakinada,AP
2022-12-11,15.1,25.6,23.3,1.98,0.499,Kakinada,AP
2022-12-12,5.4,27.0,23.5,2.44,0.496,Kakinada,AP
2022-12-13,0.7,27.9,23.0,3.18,0.486,Kakinada,AP
2022-12-14,0.0,28.5,22.4,3.47,0.464,Kakinada,AP
2022-12-15,0.0,28.0,20.9,3.46,0.446,Kakinada,AP
2022-12-16,0.0,27.9,20.8,3.34,0.433,Kakinada,AP
2022-12-17,0.5,27.1,23.5,2.86,0.423,Kakinada,AP
2022-12-18,0.3,26.4,23.0,3.65,0.416,Kakinada,AP
2022-12-19,0.0,26.0,20.6,3.53,0.404,Kakinada,AP
2022-12-20,0.0,26.4,20.0,3.61,0.391,Kakinada,AP
2022-12-21,0.0,26.2,20.6,3.31,0.382,Kakinada,AP
2022-12-22,0.0,26.3,21.9,3.49,0.375,Kakinada,AP
2022-12-23,0.0,26.6,19.8,4.19,0.365,Kakinada,AP
2022-12-24,0.0,26.8,21.5,4.51,0.355,Kakinada,AP
2022-12-25,0.0,27.3,22.2,3.76,0.344,Kakinada,AP
2022-12-26,0.0,27.3,22.8,3.19,0.335,Kakinada,AP
2022-12-27,0.3,28.2,22.6,3.2,0.322,Kakinada,AP
2022-12-28,0.1,31.3,21.7,3.56,0.31,Kakinada,AP
2022-12-29,0.1,30.0,22.2,3.43,0.303,Kakinada,AP
2022-12-30,0.0,27.7,22.5,3.18,0.298,Kakinada,AP
2022-12-31,0.2,28.7,21.3,3.42,0.294,Kakinada,AP
2023-01-01,0.3,28.2,21.9,3.24,0.29,Kakinada,AP
2023-01-02,0.6,27.5,21.9,3.42,0.286,Kakinada,AP
2023-01-03,0.6,26.9,22.5,3.5,0.281,Kakinada,AP
2023-01-04,0.9,26.0,22.7,3.14,0.28,Kakinada,AP
2023-01-05,0.9,27.1,21.9,3.94,0.288,Kakinada,AP
2023-01-06,0.0,26.9,22.4,3.97,0.287,Kakinada,AP
2023-01-07,0.0,26.5,19.7,3.6,0.287,Kakinada,AP
2023-01-08,0.0,25.9,19.0,4.17,0.287,Kakinada,AP
2023-01-09,0.0,26.5,17.8,4.14,0.287,Kakinada,AP
2023-01-10,0.0,26.9,17.4,3.84,0.282,Kakinada,AP
2023-01-11,0.0,28.7,17.0,3.86,0.273,Kakinada,AP
2023-01-12,0.0,29.2,17.7,3.85,0.274,Kakinada,AP
2023-01-13,0.0,28.6,18.3,3.7,0.273,Kakinada,AP
2023-01-14,0.0,29.5,18.8,3.84,0.27,Kakinada,AP
2023-01-15,0.0,29.3,19.3,3.86,0.267,Kakinada,AP
2023-01-16,0.0,29.0,19.4,3.95,0.269,Kakinada,AP
2023-01-17,0.0,28.7,19.5,3.92,0.269,Kakinada,AP
2023-01-18,0.0,28.7,19.1,4.0,0.268,Kakinada,AP
2023-01-19,0.0,29.2,19.6,3.92,0.266,Kakinada,AP
2023-01-20,0.6,27.1,20.7,3.6,0.268,Kakinada,AP
2023-01-21,0.0,27.5,21.7,3.77,0.264,Kakinada,AP
2023-01-22,0.0,28.0,21.8,4.02,0.263,Kakinada,AP
2023-01-23,0.0,27.1,21.3,4.01,0.264,Kakinada,AP
2023-01-24,0.0,26.8,19.9,3.9,0.263,Kakinada,AP
2023-01-25,0.0,27.5,19.7,4.05,0.262,Kakinada,AP
2023-01-26,0.0,28.3,17.7,4.26,0.261,Kakinada,AP
2023-01-27,0.0,28.9,19.1,4.26,0.26,Kakinada,AP
2023-01-28,0.0,29.0,18.0,4.45,0.259,Kakinada,AP
2023-01-29,0.0,27.8,22.2,4.24,0.259,Kakinada,AP
2023-01-30,0.3,28.0,22.8,4.22,0.262,Kakinada,AP
2023-01-31,0.0,28.5,22.6,4.32,0.261,Kakinada,AP
2023-02-01,0.0,28.5,24.0,4.37,0.264,Kakinada,AP
2023-02-02,0.0,29.1,22.1,4.79,0.267,Kakinada,AP
2023-02-03,0.0,28.2,22.4,4.32,0.267,Kakinada,AP
2023-02-04,0.0,28.7,20.2,4.26,0.262,Kakinada,AP
2023-02-05,0.0,28.5,19.2,4.22,0.264,Kakinada,AP
2023-02-06,0.0,29.1,18.9,4.37,0.265,Kakinada,AP
2023-02-07,0.0,30.2,18.8,4.35,0.263,Kakinada,AP
2023-02-08,0.0,30.8,19.5,4.41,0.262,Kakinada,AP
2023-02-09,0.0,30.8,20.0,4.42,0.261,Kakinada,AP
2023-02-10,0.0,33.3,20.1,4.69,0.26,Kakinada,AP
2023-02-11,0.0,33.4,20.2,4.67,0.259,Kakinada,AP
2023-02-12,0.0,33.8,21.1,4.77,0.258,Kakinada,AP
2023-02-13,0.0,30.2,20.7,4.69,0.258,Kakinada,AP
2023-02-14,0.0,32.1,20.4,4.8,0.257,Kakinada,AP
2023-02-15,0.0,31.4,20.4,4.82,0.257,Kakinada,AP
2023-02-16,0.0,32.7,19.5,5.01,0.257,Kakinada,AP
2023-02-17,0.0,30.7,20.8,4.5,0.252,Kakinada,AP
2023-02-18,0.2,29.9,20.9,4.17,0.257,Kakinada,AP
2023-02-19,0.1,29.9,21.1,4.4,0.258,Kakinada,AP
2023-02-20,0.0,32.0,20.6,4.82,0.256,Kakinada,AP
2023-02-21,0.0,33.3,21.0,5.16,0.252,Kakinada,AP
2023-02-22,0.0,32.7,21.1,5.27,0.255,Kakinada,AP
2023-02-23,0.0,33.6,20.7,5.23,0.255,Kakinada,AP
2023-02-24,0.0,33.6,20.6,5.12,0.255,Kakinada,AP
2023-02-25,0.0,31.6,20.8,4.86,0.255,Kakinada,AP
2023-02-26,0.0,31.1,20.8,4.94,0.257,Kakinada,AP
2023-02-27,0.0,31.0,20.2,5.08,0.255,Kakinada,AP
2023-02-28,0.0,30.8,19.3,5.07,0.255,Kakinada,AP
2023-03-01,0.0,31.7,19.3,5.25,0.255,Kakinada,AP
2023-03-02,0.0,33.8,19.0,5.84,0.255,Kakinada,AP
2023-03-03,0.0,33.7,19.0,5.77,0.255,Kakinada,AP
2023-03-04,0.0,33.1,20.6,5.79,0.255,Kakinada,AP
2023-03-05,0.0,34.3,19.5,5.94,0.255,Kakinada,AP
2023-03-06,0.0,34.9,19.5,6.29,0.255,Kakinada,AP
2023-03-07,0.0,33.3,20.5,5.36,0.255,Kakinada,AP
2023-03-08,0.0,31.5,20.9,4.82,0.255,Kakinada,AP
2023-03-09,0.0,30.8,21.3,4.61,0.255,Kakinada,AP
2023-03-10,0.0,31.5,23.4,4.82,0.255,Kakinada,AP
2023-03-11,0.0,30.5,24.4,5.32,0.254,Kakinada,AP
2023-03-12,0.0,31.6,22.0,5.36,0.254,Kakinada,AP
2023-03-13,0.0,33.1,20.4,5.76,0.255,Kakinada,AP
2023-03-14,0.0,33.4,20.8,5.68,0.255,Kakinada,AP
2023-03-15,0.0,31.8,22.2,4.97,0.255,Kakinada,AP
2023-03-16,0.2,31.8,24.0,4.3,0.256,Kakinada,AP
2023-03-17,25.5,27.2,22.0,2.25,0.36,Kakinada,AP
2023-03-18,18.2,27.1,22.5,2.7,0.417,Kakinada,AP
2023-03-19,15.5,26.4,22.7,3.11,0.484,Kakinada,AP
2023-03-20,5.8,27.5,20.6,3.12,0.471,Kakinada,AP
2023-03-21,2.1,29.7,22.0,4.18,0.456,Kakinada,AP
2023-03-22,2.8,31.4,22.4,4.55,0.447,Kakinada,AP
2023-03-23,2.6,29.5,23.4,3.51,0.451,Kakinada,AP
2023-03-24,1.6,31.7,23.3,4.38,0.458,Kakinada,AP
2023-03-25,2.8,30.1,24.1,3.73,0.439,Kakinada,AP
2023-03-26,1.2,32.1,23.7,4.57,0.422,Kakinada,AP
2023-03-27,12.0,33.4,25.0,4.0,0.416,Kakinada,AP
2023-03-28,1.9,32.6,24.9,4.66,0.391,Kakinada,AP
2023-03-29,0.9,32.9,24.7,5.05,0.374,Kakinada,AP
2023-03-30,0.6,33.0,23.3,4.92,0.358,Kakinada,AP
2023-03-31,0.4,33.8,24.0,5.43,0.338,Kakinada,AP
2023-04-01,4.5,32.3,24.8,3.61,0.34,Kakinada,AP
2023-04-02,7.0,31.8,23.5,3.65,0.364,Kakinada,AP
2023-04-03,0.6,34.5,24.0,5.05,0.349,Kakinada,AP
2023-04-04,1.1,34.5,25.3,4.7,0.342,Kakinada,AP
2023-04-05,0.8,34.5,25.2,5.2,0.337,Kakinada,AP
2023-04-06,0.4,34.4,25.8,5.11,0.32,Kakinada,AP
2023-04-07,0.0,32.6,25.3,5.37,0.304,Kakinada,AP
2023-04-08,0.0,33.2,23.2,5.56,0.291,Kakinada,AP
2023-04-09,0.0,34.5,23.2,6.16,0.279,Kakinada,AP
2023-04-10,0.0,37.4,22.2,6.43,0.268,Kakinada,AP
2023-04-11,0.0,38.2,24.3,6.96,0.262,Kakinada,AP
2023-04-12,0.0,39.1,25.1,7.2,0.264,Kakinada,AP
2023-04-13,0.0,40.2,25.7,7.17,0.26,Kakinada,AP
2023-04-14,0.0,39.8,26.2,7.28,0.259,Kakinada,AP
2023-04-15,0.0,41.4,27.0,7.76,0.266,Kakinada,AP
2023-04-16,0.0,40.0,28.4,6.88,0.278,Kakinada,AP
2023-04-17,0.0,39.9,25.9,6.99,0.276,Kakinada,AP
2023-04-18,0.0,40.6,25.2,7.22,0.271,Kakinada,AP
2023-04-19,0.0,40.5,26.4,6.89,0.267,Kakinada,AP
2023-04-20,0.0,40.7,26.4,6.85,0.264,Kakinada,AP
2023-04-21,0.1,39.3,25.9,6.48,0.263,Kakinada,AP
2023-04-22,1.2,35.9,25.7,5.37,0.284,Kakinada,AP
2023-04-23,8.2,30.4,24.6,3.58,0.359,Kakinada,AP
2023-04-24,6.4,30.8,25.7,3.87,0.422,Kakinada,AP
2023-04-25,6.2,30.2,26.9,3.91,0.42,Kakinada,AP
2023-04-26,0.0,32.7,25.7,5.04,0.378,Kakinada,AP
2023-04-27,0.3,33.4,25.6,5.12,0.351,Kakinada,AP
2023-04-28,0.6,34.4,24.9,5.48,0.327,Kakinada,AP
2023-04-29,7.7,31.7,24.9,3.34,0.339,Kakinada,AP
2023-04-30,0.3,34.1,25.1,4.7,0.331,Kakinada,AP
2023-05-01,31.3,28.0,25.0,1.75,0.453,Kakinada,AP
2023-05-02,12.2,30.2,24.4,3.62,0.473,Kakinada,AP
2023-05-03,12.3,29.8,24.9,3.92,0.487,Kakinada,AP
2023-05-04,1.8,30.0,24.9,4.23,0.484,Kakinada,AP
2023-05-05,7.9,31.1,26.0,3.59,0.489,Kakinada,AP
2023-05-06,5.0,33.0,26.0,4.9,0.484,Kakinada,AP
2023-05-07,0.0,32.1,26.6,2.87,0.47,Kakinada,AP
2023-05-08,0.0,34.6,26.7,5.38,0.439,Kakinada,AP
2023-05-09,0.1,33.4,27.0,5.27,0.408,Kakinada,AP
2023-05-10,0.0,34.2,26.5,5.46,0.389,Kakinada,AP
2023-05-11,0.1,34.5,26.9,5.12,0.372,Kakinada,AP
2023-05-12,0.0,36.3,26.9,4.75,0.359,Kakinada,AP
2023-05-13,0.0,38.3,26.1,5.82,0.347,Kakinada,AP
2023-05-14,0.0,37.1,27.4,5.47,0.342,Kakinada,AP
2023-05-15,0.0,41.9,26.1,6.65,0.335,Kakinada,AP
2023-05-16,0.0,41.0,26.4,6.14,0.329,Kakinada,AP
2023-05-17,0.0,37.8,28.6,5.65,0.319,Kakinada,AP
2023-05-18,0.2,36.5,27.6,5.71,0.308,Kakinada,AP
2023-05-19,8.0,37.3,27.9,5.52,0.308,Kakinada,AP
2023-05-20,0.8,38.1,27.9,5.57,0.343,Kakinada,AP
2023-05-21,0.0,37.4,28.0,5.95,0.377,Kakinada,AP
2023-05-22,0.7,35.1,27.8,4.78,0.36,Kakinada,AP
2023-05-23,0.0,37.1,27.2,5.59,0.35,Kakinada,AP
2023-05-24,7.7,37.3,26.5,4.3,0.353,Kakinada,AP
2023-05-25,6.3,35.3,27.9,3.46,0.372,Kakinada,AP
2023-05-26,0.9,36.8,27.5,5.16,0.382,Kakinada,AP
2023-05-27,5.2,37.6,27.4,5.62,0.379,Kakinada,AP
2023-05-28,1.7,34.9,27.6,4.79,0.353,Kakinada,AP
2023-05-29,31.6,34.6,27.3,4.44,0.394,Kakinada,AP
2023-05-30,14.5,34.8,27.0,3.94,0.452,Kakinada,AP
2023-05-31,0.0,35.1,26.4,5.14,0.429,Kakinada,AP
2023-06-01,2.1,37.8,27.8,5.39,0.395,Kakinada,AP
2023-06-02,0.0,36.3,28.0,5.61,0.367,Kakinada,AP
2023-06-03,0.7,38.6,28.5,5.87,0.339,Kakinada,AP
2023-06-04,6.8,38.6,29.3,5.19,0.329,Kakinada,AP
2023-06-05,0.0,39.1,28.2,5.8,0.312,Kakinada,AP
2023-06-06,0.2,37.2,29.6,5.64,0.298,Kakinada,AP
2023-06-07,0.0,40.0,29.6,5.79,0.291,Kakinada,AP
2023-06-08,0.0,40.8,29.6,7.1,0.292,Kakinada,AP
2023-06-09,0.0,42.5,30.2,7.99,0.287,Kakinada,AP
2023-06-10,0.0,39.5,32.1,9.24,0.281,Kakinada,AP
2023-06-11,0.9,41.5,27.6,8.52,0.281,Kakinada,AP
2023-06-12,0.0,41.4,32.0,7.42,0.277,Kakinada,AP
2023-06-13,8.3,40.1,27.4,6.32,0.291,Kakinada,AP
2023-06-14,0.0,41.8,30.6,8.2,0.281,Kakinada,AP
2023-06-15,0.0,41.6,29.8,7.97,0.287,Kakinada,AP
2023-06-16,0.0,41.3,31.3,7.77,0.293,Kakinada,AP
2023-06-17,0.4,39.7,31.1,6.75,0.285,Kakinada,AP
2023-06-18,1.8,40.3,29.7,6.18,0.287,Kakinada,AP
2023-06-19,2.2,31.2,28.2,2.89,0.285,Kakinada,AP
2023-06-20,10.0,33.9,28.6,4.82,0.315,Kakinada,AP
2023-06-21,19.9,32.6,26.3,4.07,0.371,Kakinada,AP
2023-06-22,3.2,34.7,27.3,5.17,0.383,Kakinada,AP
2023-06-23,15.1,29.8,25.6,2.36,0.448,Kakinada,AP
2023-06-24,2.1,30.5,26.4,2.6,0.427,Kakinada,AP
2023-06-25,12.4,31.0,25.8,3.42,0.469,Kakinada,AP
2023-06-26,1.7,32.4,25.7,4.3,0.443,Kakinada,AP
2023-06-27,1.1,34.5,27.7,5.78,0.408,Kakinada,AP
2023-06-28,3.3,35.6,26.3,5.95,0.383,Kakinada,AP
2023-06-29,1.7,36.0,24.3,5.65,0.34,Kakinada,AP
2023-06-30,2.9,36.5,27.4,6.49,0.309,Kakinada,AP
2023-07-01,0.1,37.2,29.0,7.06,0.28,Kakinada,AP
2023-07-02,3.1,38.3,27.0,6.14,0.27,Kakinada,AP
2023-07-03,15.1,38.6,26.8,5.76,0.305,Kakinada,AP
2023-07-04,26.0,35.6,26.0,4.89,0.351,Kakinada,AP
2023-07-05,22.3,31.0,24.8,2.11,0.468,Kakinada,AP
2023-07-06,19.1,31.0,25.1,3.26,0.481,Kakinada,AP
2023-07-07,0.8,33.1,26.7,5.13,0.433,Kakinada,AP
2023-07-08,0.9,32.6,27.5,3.98,0.403,Kakinada,AP
2023-07-09,0.3,34.5,27.1,5.42,0.371,Kakinada,AP
2023-07-10,8.3,34.8,26.4,5.51,0.356,Kakinada,AP
2023-07-11,3.7,33.1,26.5,4.86,0.364,Kakinada,AP
2023-07-12,12.9,32.0,26.9,3.03,0.36,Kakinada,AP
2023-07-13,16.1,31.5,25.1,3.03,0.414,Kakinada,AP
2023-07-14,4.0,34.1,24.9,4.82,0.442,Kakinada,AP
2023-07-15,12.5,32.5,26.2,4.07,0.472,Kakinada,AP
2023-07-16,3.0,31.2,27.3,4.56,0.438,Kakinada,AP
2023-07-17,14.1,31.6,26.1,3.57,0.446,Kakinada,AP
2023-07-18,17.2,29.5,25.3,2.74,0.497,Kakinada,AP
2023-07-19,18.9,28.3,25.0,2.61,0.509,Kakinada,AP
2023-07-20,30.5,28.3,25.6,2.72,0.506,Kakinada,AP
2023-07-21,24.5,29.5,25.2,3.48,0.497,Kakinada,AP
2023-07-22,12.6,32.3,25.2,3.95,0.495,Kakinada,AP
2023-07-23,11.6,30.8,25.4,4.06,0.506,Kakinada,AP
2023-07-24,22.3,28.6,25.3,2.36,0.504,Kakinada,AP
2023-07-25,51.4,29.1,25.1,2.29,0.506,Kakinada,AP
2023-07-26,83.1,28.0,24.8,2.31,0.51,Kakinada,AP
2023-07-27,7.9,31.3,25.0,4.82,0.495,Kakinada,AP
2023-07-28,0.1,31.5,26.8,5.33,0.465,Kakinada,AP
2023-07-29,0.3,33.5,28.0,6.09,0.442,Kakinada,AP
2023-07-30,8.1,31.6,27.8,4.89,0.438,Kakinada,AP
2023-07-31,2.0,30.5,26.5,3.24,0.429,Kakinada,AP
2023-08-01,0.5,31.4,27.6,3.73,0.42,Kakinada,AP
2023-08-02,2.6,31.9,26.0,5.03,0.413,Kakinada,AP
2023-08-03,0.1,33.3,27.8,6.44,0.392,Kakinada,AP
2023-08-04,1.6,33.7,26.1,5.72,0.372,Kakinada,AP
2023-08-05,0.1,34.5,27.2,5.92,0.347,Kakinada,AP
2023-08-06,1.5,33.7,27.6,5.62,0.33,Kakinada,AP
2023-08-07,0.2,34.1,27.8,6.04,0.313,Kakinada,AP
2023-08-08,0.3,34.3,26.4,5.7,0.297,Kakinada,AP
2023-08-09,0.2,33.2,26.4,4.46,0.282,Kakinada,AP
2023-08-10,1.2,33.9,27.1,5.58,0.277,Kakinada,AP
2023-08-11,0.5,34.5,26.6,5.85,0.27,Kakinada,AP
2023-08-12,2.3,33.8,27.2,5.83,0.267,Kakinada,AP
2023-08-13,2.6,34.3,26.9,5.29,0.275,Kakinada,AP
2023-08-14,0.9,33.6,27.5,4.59,0.284,Kakinada,AP
2023-08-15,0.4,34.6,26.8,5.74,0.274,Kakinada,AP
2023-08-16,2.7,33.7,27.0,4.89,0.276,Kakinada,AP
2023-08-17,6.8,32.0,27.5,4.55,0.288,Kakinada,AP
2023-08-18,7.0,30.2,25.5,3.02,0.311,Kakinada,AP
2023-08-19,2.4,32.2,25.6,4.86,0.344,Kakinada,AP
2023-08-20,0.8,33.1,25.6,5.11,0.357,Kakinada,AP
2023-08-21,4.5,32.1,26.4,4.71,0.345,Kakinada,AP
2023-08-22,14.7,31.8,26.6,4.43,0.378,Kakinada,AP
2023-08-23,13.7,32.1,26.7,3.51,0.442,Kakinada,AP
2023-08-24,1.4,32.1,26.7,3.64,0.432,Kakinada,AP
2023-08-25,7.9,32.2,26.2,3.06,0.432,Kakinada,AP
2023-08-26,9.5,30.0,26.1,2.38,0.417,Kakinada,AP
2023-08-27,6.0,31.8,26.2,3.65,0.446,Kakinada,AP
2023-08-28,2.7,33.8,26.6,4.85,0.439,Kakinada,AP
2023-08-29,0.7,35.2,26.1,5.51,0.385,Kakinada,AP
2023-08-30,0.2,35.6,25.0,5.45,0.355,Kakinada,AP
2023-08-31,5.1,33.7,26.1,5.09,0.341,Kakinada,AP
2023-09-01,5.4,34.7,27.1,5.11,0.324,Kakinada,AP
2023-09-02,31.5,33.2,26.2,3.83,0.436,Kakinada,AP
2023-09-03,33.0,34.0,25.3,4.92,0.434,Kakinada,AP
2023-09-04,4.5,32.9,25.1,3.39,0.435,Kakinada,AP
2023-09-05,39.3,31.6,25.2,3.01,0.478,Kakinada,AP
2023-09-06,17.1,30.3,25.0,2.56,0.499,Kakinada,AP
2023-09-07,12.8,31.9,25.3,3.39,0.501,Kakinada,AP
2023-09-08,5.0,32.6,24.0,4.84,0.483,Kakinada,AP
2023-09-09,2.1,33.1,27.1,4.95,0.45,Kakinada,AP
2023-09-10,8.2,31.7,26.7,4.06,0.463,Kakinada,AP
2023-09-11,10.2,30.7,26.1,3.25,0.491,Kakinada,AP
2023-09-12,7.4,30.9,25.5,3.05,0.491,Kakinada,AP
2023-09-13,1.4,31.3,25.4,3.14,0.487,Kakinada,AP
2023-09-14,0.6,30.7,25.3,4.18,0.469,Kakinada,AP
2023-09-15,4.1,32.5,25.8,4.72,0.462,Kakinada,AP
2023-09-16,1.0,33.3,25.9,4.75,0.426,Kakinada,AP
2023-09-17,0.7,33.3,26.1,4.77,0.401,Kakinada,AP
2023-09-18,0.1,34.1,26.3,4.0,0.381,Kakinada,AP
2023-09-19,0.1,34.5,26.7,4.45,0.358,Kakinada,AP
2023-09-20,1.2,32.6,25.9,4.1,0.347,Kakinada,AP
2023-09-21,3.9,32.1,24.6,4.28,0.346,Kakinada,AP
2023-09-22,2.9,32.1,25.4,4.22,0.348,Kakinada,AP
2023-09-23,8.7,32.7,25.7,4.18,0.363,Kakinada,AP
2023-09-24,13.9,32.3,24.1,3.31,0.443,Kakinada,AP
2023-09-25,12.4,31.8,25.4,2.89,0.457,Kakinada,AP
2023-09-26,8.2,31.5,25.8,4.13,0.454,Kakinada,AP
2023-09-27,14.6,32.5,24.4,4.3,0.458,Kakinada,AP
2023-09-28,2.0,32.8,25.2,4.51,0.46,Kakinada,AP
2023-09-29,0.9,33.3,24.8,3.97,0.432,Kakinada,AP
2023-09-30,19.5,33.1,24.5,4.62,0.468,Kakinada,AP
2023-10-01,0.6,32.3,27.4,4.03,0.429,Kakinada,AP
2023-10-02,11.0,32.2,25.4,3.72,0.48,Kakinada,AP
2023-10-03,16.3,33.4,26.0,4.62,0.466,Kakinada,AP
2023-10-04,9.8,36.3,25.4,5.59,0.474,Kakinada,AP
2023-10-05,0.0,35.5,23.9,6.3,0.434,Kakinada,AP
2023-10-06,0.0,34.4,22.1,5.6,0.405,Kakinada,AP
2023-10-07,0.1,34.5,25.2,4.75,0.381,Kakinada,AP
2023-10-08,0.1,34.6,25.8,4.92,0.363,Kakinada,AP
2023-10-09,0.3,34.7,25.5,4.67,0.348,Kakinada,AP
2023-10-10,1.2,34.5,26.1,4.58,0.332,Kakinada,AP
2023-10-11,0.0,33.3,24.9,4.97,0.314,Kakinada,AP
2023-10-12,0.0,33.2,24.3,4.91,0.297,Kakinada,AP
2023-10-13,0.0,32.3,23.4,4.82,0.281,Kakinada,AP
2023-10-14,0.0,32.8,24.4,4.93,0.268,Kakinada,AP
2023-10-15,0.0,33.2,24.0,4.96,0.255,Kakinada,AP
2023-10-16,0.0,33.3,24.9,4.9,0.244,Kakinada,AP
2023-10-17,0.0,33.0,23.5,4.94,0.235,Kakinada,AP
2023-10-18,0.0,32.9,24.0,4.97,0.23,Kakinada,AP
2023-10-19,1.7,32.3,25.3,4.85,0.229,Kakinada,AP
2023-10-20,4.2,31.6,25.4,4.88,0.233,Kakinada,AP
2023-10-21,0.0,32.0,26.0,5.45,0.23,Kakinada,AP
2023-10-22,0.0,33.4,25.5,5.65,0.225,Kakinada,AP
2023-10-23,0.0,35.2,23.9,5.34,0.223,Kakinada,AP
2023-10-24,0.0,33.3,22.9,4.88,0.229,Kakinada,AP
2023-10-25,0.7,32.8,24.8,4.47,0.232,Kakinada,AP
2023-10-26,0.0,32.2,25.0,4.48,0.241,Kakinada,AP
2023-10-27,0.5,31.5,25.9,4.54,0.245,Kakinada,AP
2023-10-28,1.2,30.8,25.1,4.32,0.251,Kakinada,AP
2023-10-29,0.0,30.7,24.5,4.58,0.245,Kakinada,AP
2023-10-30,0.0,30.9,24.1,5.01,0.237,Kakinada,AP
2023-10-31,0.0,30.5,24.0,4.98,0.232,Kakinada,AP
2023-11-01,6.1,29.7,24.6,3.95,0.252,Kakinada,AP
2023-11-02,7.1,29.6,25.0,3.54,0.321,Kakinada,AP
2023-11-03,3.1,30.4,24.0,3.78,0.369,Kakinada,AP
2023-11-04,10.1,29.3,24.2,3.02,0.419,Kakinada,AP
2023-11-05,2.9,29.1,24.9,2.98,0.426,Kakinada,AP
2023-11-06,16.9,27.6,24.7,2.2,0.459,Kakinada,AP
2023-11-07,12.9,29.1,24.1,3.14,0.475,Kakinada,AP
2023-11-08,1.9,29.5,24.4,2.96,0.443,Kakinada,AP
2023-11-09,0.0,30.3,23.9,4.16,0.401,Kakinada,AP
2023-11-10,0.0,29.9,22.3,4.56,0.372,Kakinada,AP
2023-11-11,0.0,30.5,22.1,4.5,0.343,Kakinada,AP
2023-11-12,0.0,30.4,22.2,4.45,0.321,Kakinada,AP
2023-11-13,0.0,30.4,24.1,4.68,0.304,Kakinada,AP
2023-11-14,0.0,29.5,24.4,4.53,0.293,Kakinada,AP
2023-11-15,0.0,30.2,24.1,3.79,0.28,Kakinada,AP
2023-11-16,0.0,33.3,23.6,4.54,0.266,Kakinada,AP
2023-11-17,0.3,31.7,23.7,4.28,0.254,Kakinada,AP
2023-11-18,0.0,30.5,24.1,4.37,0.242,Kakinada,AP
2023-11-19,0.0,30.2,24.7,4.52,0.235,Kakinada,AP
2023-11-20,15.0,27.7,23.2,2.73,0.292,Kakinada,AP
2023-11-21,3.5,27.1,24.2,2.47,0.421,Kakinada,AP
2023-11-22,2.1,29.2,24.4,3.63,0.41,Kakinada,AP
2023-11-23,0.5,29.3,24.3,3.84,0.383,Kakinada,AP
2023-11-24,0.1,29.4,24.2,4.2,0.364,Kakinada,AP
2023-11-25,0.0,29.5,24.1,4.49,0.34,Kakinada,AP
2023-11-26,0.0,29.1,24.1,4.6,0.32,Kakinada,AP
2023-11-27,0.3,29.0,24.3,4.28,0.303,Kakinada,AP
2023-11-28,0.0,28.8,23.8,3.92,0.288,Kakinada,AP
2023-11-29,0.0,28.9,23.5,4.11,0.277,Kakinada,AP
2023-11-30,0.0,29.2,22.7,4.29,0.267,Kakinada,AP
2023-12-01,0.0,29.7,23.1,4.47,0.258,Kakinada,AP
2023-12-02,0.1,29.5,23.7,4.38,0.249,Kakinada,AP
2023-12-03,15.7,27.3,25.1,2.77,0.277,Kakinada,AP
2023-12-04,42.1,25.3,24.1,1.28,0.452,Kakinada,AP
2023-12-05,73.1,26.9,23.8,1.61,0.505,Kakinada,AP
2023-12-06,40.8,26.7,22.7,1.29,0.504,Kakinada,AP
2023-12-07,7.6,28.7,22.2,3.17,0.494,Kakinada,AP
2023-12-08,0.0,28.3,21.1,3.18,0.465,Kakinada,AP
2023-12-09,0.0,27.5,22.2,3.22,0.445,Kakinada,AP
2023-12-10,0.3,27.1,21.9,3.31,0.427,Kakinada,AP
2023-12-11,0.3,26.6,21.8,3.28,0.406,Kakinada,AP
2023-12-12,0.0,26.8,20.4,3.42,0.394,Kakinada,AP
2023-12-13,0.0,27.2,19.1,3.53,0.381,Kakinada,AP
2023-12-14,0.0,26.9,20.6,4.02,0.366,Kakinada,AP
2023-12-15,0.0,27.1,20.9,3.68,0.352,Kakinada,AP
2023-12-16,0.0,26.6,21.7,3.56,0.34,Kakinada,AP
2023-12-17,0.0,26.4,21.6,3.47,0.331,Kakinada,AP
2023-12-18,0.0,26.9,21.2,3.74,0.321,Kakinada,AP
2023-12-19,0.0,26.7,20.5,3.91,0.31,Kakinada,AP
2023-12-20,0.0,26.4,20.2,3.76,0.3,Kakinada,AP
2023-12-21,0.0,26.0,18.5,3.58,0.293,Kakinada,AP
2023-12-22,0.0,26.6,17.4,3.51,0.283,Kakinada,AP
2023-12-23,0.0,26.8,19.7,3.52,0.274,Kakinada,AP
2023-12-24,0.0,26.9,20.1,3.65,0.268,Kakinada,AP
2023-12-25,0.0,27.2,20.7,3.54,0.262,Kakinada,AP
2023-12-26,0.0,27.5,20.6,3.62,0.257,Kakinada,AP
2023-12-27,0.0,27.2,21.2,3.7,0.253,Kakinada,AP
2023-12-28,0.0,27.4,21.6,3.71,0.248,Kakinada,AP
2023-12-29,0.0,27.0,20.4,3.29,0.243,Kakinada,AP
2023-12-30,0.0,27.6,20.3,3.61,0.24,Kakinada,AP
2023-12-31,0.0,27.5,20.1,3.69,0.234,Kakinada,AP
2024-01-01,0.0,27.1,20.2,3.62,0.229,Kakinada,AP
2024-01-02,0.0,26.9,19.5,3.68,0.229,Kakinada,AP
2024-01-03,0.0,26.7,19.3,3.86,0.23,Kakinada,AP
2024-01-04,0.0,26.5,20.5,3.83,0.233,Kakinada,AP
2024-01-05,0.0,26.5,20.5,4.1,0.228,Kakinada,AP
2024-01-06,0.0,26.6,20.6,4.16,0.224,Kakinada,AP
2024-01-07,0.0,27.1,21.1,3.95,0.224,Kakinada,AP
2024-01-08,0.0,26.7,21.5,3.19,0.228,Kakinada,AP
2024-01-09,0.0,27.4,22.1,3.94,0.221,Kakinada,AP
2024-01-10,0.0,29.0,21.0,3.82,0.221,Kakinada,AP
2024-01-11,0.0,30.3,20.3,3.48,0.219,Kakinada,AP
2024-01-12,0.0,28.3,21.5,3.58,0.219,Kakinada,AP
2024-01-13,0.0,29.4,21.1,3.61,0.22,Kakinada,AP
2024-01-14,0.0,29.3,21.3,3.47,0.22,Kakinada,AP
2024-01-15,1.1,29.0,20.9,3.44,0.226,Kakinada,AP
2024-01-16,1.1,28.7,19.8,3.59,0.231,Kakinada,AP
2024-01-17,0.0,28.8,19.0,3.7,0.23,Kakinada,AP
2024-01-18,0.0,28.6,17.9,4.0,0.234,Kakinada,AP
2024-01-19,0.0,28.3,17.9,3.92,0.231,Kakinada,AP
2024-01-20,0.4,27.8,21.7,3.76,0.231,Kakinada,AP
2024-01-21,0.1,29.2,21.0,3.79,0.232,Kakinada,AP
2024-01-22,0.0,29.0,19.9,3.74,0.232,Kakinada,AP
2024-01-23,4.6,28.3,21.8,3.42,0.246,Kakinada,AP
2024-01-24,0.7,30.7,20.2,3.83,0.258,Kakinada,AP
2024-01-25,1.8,29.1,19.7,3.61,0.255,Kakinada,AP
2024-01-26,0.2,27.6,21.6,3.75,0.252,Kakinada,AP
2024-01-27,0.0,27.6,21.4,3.87,0.245,Kakinada,AP
2024-01-28,0.4,27.7,21.7,4.07,0.238,Kakinada,AP
2024-01-29,0.0,27.5,19.2,4.0,0.237,Kakinada,AP
2024-01-30,0.0,28.5,18.3,4.07,0.229,Kakinada,AP
2024-01-31,0.0,29.2,18.5,4.16,0.225,Kakinada,AP
2024-02-01,0.0,29.3,18.3,3.91,0.223,Kakinada,AP
2024-02-02,1.1,30.2,20.7,3.82,0.225,Kakinada,AP
2024-02-03,0.4,29.7,21.0,3.75,0.225,Kakinada,AP
2024-02-04,0.1,29.0,21.2,3.8,0.224,Kakinada,AP
2024-02-05,0.0,30.1,20.6,4.03,0.227,Kakinada,AP
2024-02-06,0.0,32.8,21.2,4.39,0.227,Kakinada,AP
2024-02-07,0.0,34.8,20.9,4.62,0.223,Kakinada,AP
2024-02-08,0.0,33.9,20.9,4.31,0.218,Kakinada,AP
2024-02-09,0.8,30.1,22.9,4.04,0.223,Kakinada,AP
2024-02-10,0.2,28.9,24.1,4.74,0.23,Kakinada,AP
2024-02-11,0.0,28.6,22.4,4.46,0.235,Kakinada,AP
2024-02-12,0.0,28.4,20.4,4.35,0.231,Kakinada,AP
2024-02-13,0.0,28.6,20.7,4.39,0.219,Kakinada,AP
2024-02-14,0.0,29.4,19.4,4.35,0.215,Kakinada,AP
2024-02-15,0.0,30.9,17.0,4.56,0.212,Kakinada,AP
2024-02-16,0.0,31.0,17.6,4.86,0.211,Kakinada,AP
2024-02-17,0.0,31.2,19.4,4.66,0.211,Kakinada,AP
2024-02-18,0.0,32.8,18.6,4.86,0.214,Kakinada,AP
2024-02-19,0.0,31.6,18.6,4.76,0.214,Kakinada,AP
2024-02-20,0.0,34.6,20.4,5.07,0.211,Kakinada,AP
2024-02-21,0.0,35.2,21.9,5.26,0.211,Kakinada,AP
2024-02-22,0.5,34.1,21.1,4.72,0.212,Kakinada,AP
2024-02-23,0.8,33.5,22.6,4.67,0.212,Kakinada,AP
2024-02-24,1.1,31.6,24.0,4.07,0.223,Kakinada,AP
2024-02-25,0.0,30.9,22.9,4.73,0.24,Kakinada,AP
2024-02-26,0.0,30.1,24.2,5.17,0.237,Kakinada,AP
2024-02-27,0.0,30.4,23.3,4.93,0.238,Kakinada,AP
2024-02-28,0.0,30.3,22.4,4.76,0.236,Kakinada,AP
2024-02-29,0.0,35.0,21.8,4.84,0.233,Kakinada,AP
2024-03-01,0.0,33.2,23.3,5.01,0.226,Kakinada,AP
2024-03-02,0.0,33.1,21.1,5.24,0.225,Kakinada,AP
2024-03-03,0.0,33.3,21.6,5.16,0.22,Kakinada,AP
2024-03-04,0.0,33.8,21.7,5.42,0.217,Kakinada,AP
2024-03-05,0.0,34.3,21.8,5.19,0.213,Kakinada,AP
2024-03-06,0.0,34.3,22.0,5.29,0.213,Kakinada,AP
2024-03-07,0.1,36.3,22.9,4.95,0.216,Kakinada,AP
2024-03-08,0.9,34.3,22.4,5.03,0.222,Kakinada,AP
2024-03-09,0.0,32.6,25.1,5.03,0.221,Kakinada,AP
2024-03-10,0.5,32.2,25.6,5.02,0.22,Kakinada,AP
2024-03-11,0.3,33.9,24.5,5.38,0.222,Kakinada,AP
2024-03-12,0.0,37.4,23.4,5.69,0.221,Kakinada,AP
2024-03-13,0.1,37.0,23.7,5.73,0.222,Kakinada,AP
2024-03-14,0.8,37.3,24.4,5.05,0.227,Kakinada,AP
2024-03-15,0.0,35.8,22.4,5.6,0.228,Kakinada,AP
2024-03-16,0.0,33.8,23.8,5.04,0.224,Kakinada,AP
2024-03-17,0.0,32.7,23.6,4.82,0.219,Kakinada,AP
2024-03-18,0.1,35.9,22.1,5.22,0.221,Kakinada,AP
2024-03-19,0.5,33.2,25.8,4.58,0.222,Kakinada,AP
2024-03-20,12.8,30.0,23.8,3.66,0.263,Kakinada,AP
2024-03-21,0.9,32.0,22.6,5.16,0.275,Kakinada,AP
2024-03-22,0.0,33.4,23.1,5.24,0.256,Kakinada,AP
2024-03-23,0.0,34.8,23.0,5.28,0.246,Kakinada,AP
2024-03-24,0.0,35.0,23.0,5.46,0.237,Kakinada,AP
2024-03-25,0.0,34.2,23.1,5.43,0.23,Kakinada,AP
2024-03-26,0.0,34.7,21.5,5.7,0.224,Kakinada,AP
2024-03-27,0.0,36.4,22.4,5.93,0.222,Kakinada,AP
2024-03-28,0.0,38.7,24.3,6.18,0.222,Kakinada,AP
2024-03-29,0.0,38.8,24.4,6.44,0.225,Kakinada,AP
2024-03-30,0.0,38.9,24.0,6.37,0.226,Kakinada,AP
2024-03-31,0.0,39.0,24.0,6.26,0.225,Kakinada,AP
2024-04-01,0.7,39.0,23.3,6.34,0.222,Kakinada,AP
2024-04-02,0.1,39.1,24.9,6.39,0.218,Kakinada,AP
2024-04-03,0.1,37.6,24.5,6.22,0.219,Kakinada,AP
2024-04-04,0.1,39.2,24.6,6.64,0.218,Kakinada,AP
2024-04-05,0.0,41.2,24.8,6.75,0.219,Kakinada,AP
2024-04-06,0.0,42.3,24.6,7.16,0.218,Kakinada,AP
2024-04-07,0.0,41.6,25.1,7.16,0.217,Kakinada,AP
2024-04-08,0.4,32.8,26.3,5.6,0.218,Kakinada,AP
2024-04-09,0.0,35.2,25.1,6.24,0.214,Kakinada,AP
2024-04-10,0.0,36.0,23.5,6.46,0.207,Kakinada,AP
2024-04-11,0.0,35.1,24.0,6.05,0.211,Kakinada,AP
2024-04-12,0.0,34.3,26.4,5.93,0.208,Kakinada,AP
2024-04-13,0.0,35.1,25.3,5.86,0.208,Kakinada,AP
2024-04-14,0.0,35.6,25.3,6.26,0.208,Kakinada,AP
2024-04-15,0.0,38.3,24.7,6.43,0.209,Kakinada,AP
2024-04-16,0.1,41.7,26.3,7.37,0.21,Kakinada,AP
2024-04-17,0.1,42.4,27.6,6.88,0.209,Kakinada,AP
2024-04-18,0.1,42.8,27.2,6.87,0.209,Kakinada,AP
2024-04-19,0.2,40.7,27.5,6.56,0.209,Kakinada,AP
2024-04-20,0.0,40.7,27.6,6.3,0.214,Kakinada,AP
2024-04-21,1.3,40.5,28.3,6.28,0.22,Kakinada,AP
2024-04-22,0.0,42.3,27.1,7.1,0.217,Kakinada,AP
2024-04-23,0.0,38.0,25.8,6.41,0.215,Kakinada,AP
2024-04-24,0.0,40.6,25.5,6.49,0.216,Kakinada,AP
2024-04-25,0.0,38.6,27.7,6.35,0.217,Kakinada,AP
2024-04-26,0.0,40.4,27.1,6.65,0.217,Kakinada,AP
2024-04-27,0.0,41.1,28.0,5.97,0.217,Kakinada,AP
2024-04-28,0.0,41.5,27.7,6.86,0.219,Kakinada,AP
2024-04-29,0.0,41.8,27.1,7.09,0.22,Kakinada,AP
2024-04-30,0.0,41.3,26.7,7.24,0.218,Kakinada,AP
2024-05-01,0.0,40.7,27.5,7.16,0.218,Kakinada,AP
2024-05-02,0.0,39.8,28.9,6.46,0.218,Kakinada,AP
2024-05-03,0.0,40.0,28.6,6.53,0.215,Kakinada,AP
2024-05-04,0.1,40.7,29.4,6.37,0.212,Kakinada,AP
2024-05-05,0.2,39.9,29.4,6.49,0.211,Kakinada,AP
2024-05-06,0.0,40.7,29.3,6.9,0.209,Kakinada,AP
2024-05-07,5.0,34.9,27.5,2.64,0.233,Kakinada,AP
2024-05-08,3.9,35.5,27.7,5.42,0.236,Kakinada,AP
2024-05-09,2.2,35.1,27.7,5.11,0.272,Kakinada,AP
2024-05-10,0.6,35.6,26.6,4.58,0.379,Kakinada,AP
2024-05-11,1.0,37.2,26.8,5.58,0.35,Kakinada,AP
2024-05-12,1.7,36.9,27.4,5.86,0.333,Kakinada,AP
2024-05-13,9.6,34.9,27.0,4.5,0.367,Kakinada,AP
2024-05-14,0.8,33.8,27.2,4.6,0.335,Kakinada,AP
2024-05-15,3.2,34.6,27.0,4.83,0.299,Kakinada,AP
2024-05-16,15.5,30.5,26.5,2.36,0.346,Kakinada,AP
2024-05-17,23.4,31.1,26.1,3.04,0.43,Kakinada,AP
2024-05-18,2.7,33.2,26.5,3.57,0.424,Kakinada,AP
2024-05-19,1.1,33.4,26.7,3.72,0.418,Kakinada,AP
2024-05-20,3.6,34.3,26.6,3.75,0.418,Kakinada,AP
2024-05-21,2.4,33.3,27.4,4.66,0.39,Kakinada,AP
2024-05-22,0.1,34.1,27.5,5.64,0.35,Kakinada,AP
2024-05-23,0.6,33.6,27.5,5.42,0.322,Kakinada,AP
2024-05-24,3.4,35.8,27.4,4.4,0.329,Kakinada,AP
2024-05-25,1.0,33.8,27.2,2.78,0.341,Kakinada,AP
2024-05-26,0.0,38.0,28.5,4.97,0.357,Kakinada,AP
2024-05-27,0.0,41.0,30.5,7.56,0.328,Kakinada,AP
2024-05-28,0.0,41.7,31.0,8.08,0.306,Kakinada,AP
2024-05-29,0.0,42.1,29.9,7.99,0.287,Kakinada,AP
2024-05-30,0.0,41.3,29.6,6.93,0.272,Kakinada,AP
2024-05-31,0.6,38.7,29.1,5.87,0.261,Kakinada,AP
2024-06-01,1.1,39.1,30.0,4.93,0.256,Kakinada,AP
2024-06-02,0.5,37.4,29.5,5.68,0.253,Kakinada,AP
2024-06-03,0.5,38.5,26.4,6.3,0.273,Kakinada,AP
2024-06-04,3.0,34.6,26.8,4.5,0.412,Kakinada,AP
2024-06-05,27.5,34.0,26.2,3.31,0.467,Kakinada,AP
2024-06-06,4.0,33.2,26.2,4.23,0.464,Kakinada,AP
2024-06-07,4.7,32.9,26.4,4.74,0.424,Kakinada,AP
2024-06-08,2.2,33.1,25.8,4.13,0.416,Kakinada,AP
2024-06-09,0.0,33.9,26.7,5.28,0.381,Kakinada,AP
2024-06-10,3.2,34.2,26.2,5.27,0.364,Kakinada,AP
2024-06-11,1.1,35.4,25.8,5.76,0.372,Kakinada,AP
2024-06-12,0.0,34.6,27.5,4.63,0.348,Kakinada,AP
2024-06-13,0.0,35.2,26.6,4.56,0.331,Kakinada,AP
2024-06-14,0.4,36.8,27.8,6.14,0.314,Kakinada,AP
2024-06-15,12.0,37.8,26.6,5.46,0.354,Kakinada,AP
2024-06-16,14.9,34.3,26.0,5.0,0.434,Kakinada,AP
2024-06-17,16.0,36.2,25.3,5.0,0.384,Kakinada,AP
2024-06-18,19.7,37.7,26.9,5.86,0.384,Kakinada,AP
2024-06-19,0.8,35.9,26.7,5.78,0.41,Kakinada,AP
2024-06-20,8.2,35.0,27.1,5.34,0.438,Kakinada,AP
2024-06-21,4.9,35.7,27.0,4.89,0.416,Kakinada,AP
2024-06-22,3.4,32.9,26.6,3.54,0.417,Kakinada,AP
2024-06-23,20.4,33.6,24.5,4.5,0.454,Kakinada,AP
2024-06-24,2.9,34.1,25.7,5.23,0.424,Kakinada,AP
2024-06-25,15.7,33.4,25.6,4.76,0.433,Kakinada,AP
2024-06-26,44.1,31.6,25.8,2.87,0.496,Kakinada,AP
2024-06-27,27.6,27.3,25.8,1.32,0.512,Kakinada,AP
2024-06-28,21.6,32.2,25.8,4.8,0.49,Kakinada,AP
2024-06-29,11.9,32.0,25.3,3.67,0.495,Kakinada,AP
2024-06-30,7.7,30.5,25.8,2.78,0.502,Kakinada,AP
2024-07-01,10.3,31.8,24.9,3.89,0.493,Kakinada,AP
2024-07-02,0.0,33.0,26.4,4.32,0.465,Kakinada,AP
2024-07-03,0.7,33.1,26.8,5.26,0.434,Kakinada,AP
2024-07-04,1.3,33.9,27.1,5.28,0.407,Kakinada,AP
2024-07-05,0.9,33.3,27.3,5.35,0.392,Kakinada,AP
2024-07-06,14.5,31.0,25.8,4.23,0.448,Kakinada,AP
2024-07-07,4.5,31.8,25.5,4.03,0.443,Kakinada,AP
2024-07-08,27.6,32.4,24.5,4.18,0.463,Kakinada,AP
2024-07-09,14.7,30.0,25.0,3.04,0.484,Kakinada,AP
2024-07-10,8.4,32.0,25.4,4.0,0.477,Kakinada,AP
2024-07-11,1.9,32.1,25.8,4.53,0.456,Kakinada,AP
2024-07-12,22.6,31.5,25.9,4.03,0.486,Kakinada,AP
2024-07-13,34.9,30.0,25.5,2.98,0.495,Kakinada,AP
2024-07-14,4.1,29.5,25.4,3.33,0.495,Kakinada,AP
2024-07-15,6.2,30.0,25.4,3.07,0.502,Kakinada,AP
2024-07-16,29.7,28.8,25.3,1.71,0.5,Kakinada,AP
2024-07-17,5.7,31.7,25.5,4.35,0.497,Kakinada,AP
2024-07-18,49.5,27.3,25.4,1.29,0.509,Kakinada,AP
2024-07-19,67.4,26.1,25.2,1.48,0.514,Kakinada,AP
2024-07-20,49.4,27.1,24.8,2.05,0.511,Kakinada,AP
2024-07-21,25.1,27.2,25.0,2.19,0.508,Kakinada,AP
2024-07-22,6.9,29.7,25.3,3.15,0.501,Kakinada,AP
2024-07-23,9.6,30.8,25.5,2.79,0.501,Kakinada,AP
2024-07-24,8.1,29.1,25.8,3.37,0.498,Kakinada,AP
2024-07-25,20.2,29.6,25.2,2.66,0.506,Kakinada,AP
2024-07-26,10.1,29.6,25.1,3.48,0.495,Kakinada,AP
2024-07-27,11.6,30.3,24.9,3.28,0.501,Kakinada,AP
2024-07-28,1.4,32.4,25.6,5.22,0.477,Kakinada,AP
2024-07-29,8.4,32.9,25.1,5.35,0.479,Kakinada,AP
2024-07-30,7.9,32.8,25.3,4.73,0.488,Kakinada,AP
2024-07-31,4.2,30.7,26.1,3.4,0.458,Kakinada,AP
2024-08-01,0.2,31.4,26.5,3.88,0.428,Kakinada,AP
2024-08-02,4.8,30.7,26.1,3.31,0.44,Kakinada,AP
2024-08-03,2.0,32.7,26.0,4.52,0.446,Kakinada,AP
2024-08-04,0.1,33.7,26.8,5.6,0.413,Kakinada,AP
2024-08-05,3.8,32.4,26.4,4.54,0.392,Kakinada,AP
2024-08-06,2.4,30.6,26.2,2.87,0.382,Kakinada,AP
2024-08-07,4.4,30.0,25.4,2.79,0.428,Kakinada,AP
2024-08-08,3.0,31.7,25.1,4.38,0.444,Kakinada,AP
2024-08-09,0.4,33.4,25.8,5.16,0.414,Kakinada,AP
2024-08-10,0.6,33.7,25.9,5.4,0.384,Kakinada,AP
2024-08-11,1.4,33.7,26.5,5.33,0.358,Kakinada,AP
2024-08-12,1.2,33.9,25.8,5.34,0.336,Kakinada,AP
2024-08-13,3.5,33.1,26.8,4.31,0.328,Kakinada,AP
2024-08-14,1.8,33.2,26.0,4.42,0.323,Kakinada,AP
2024-08-15,2.7,33.0,26.2,4.83,0.324,Kakinada,AP
2024-08-16,1.6,32.4,26.0,4.13,0.324,Kakinada,AP
2024-08-17,2.4,33.9,25.6,4.84,0.366,Kakinada,AP
2024-08-18,1.8,33.5,25.6,5.08,0.37,Kakinada,AP
2024-08-19,6.4,32.4,26.6,3.47,0.388,Kakinada,AP
2024-08-20,4.9,32.6,25.8,4.52,0.43,Kakinada,AP
2024-08-21,8.4,31.9,25.4,4.45,0.42,Kakinada,AP
2024-08-22,8.0,30.8,25.9,2.74,0.426,Kakinada,AP
2024-08-23,9.1,29.2,25.2,2.01,0.472,Kakinada,AP
2024-08-24,18.2,30.2,25.2,2.35,0.5,Kakinada,AP
2024-08-25,0.8,31.6,25.7,4.53,0.488,Kakinada,AP
2024-08-26,0.4,31.9,25.5,4.61,0.479,Kakinada,AP
2024-08-27,0.1,32.7,26.3,5.56,0.455,Kakinada,AP
2024-08-28,4.2,31.2,26.2,3.61,0.434,Kakinada,AP
2024-08-29,37.2,27.1,24.6,1.19,0.501,Kakinada,AP
2024-08-30,79.4,27.4,24.9,1.24,0.512,Kakinada,AP
2024-08-31,95.0,27.0,24.6,1.03,0.512,Kakinada,AP
2024-09-01,5.2,29.0,25.0,2.54,0.504,Kakinada,AP
2024-09-02,2.0,30.7,24.7,4.13,0.491,Kakinada,AP
2024-09-03,7.8,28.6,25.1,2.73,0.481,Kakinada,AP
2024-09-04,29.2,28.2,25.0,2.51,0.502,Kakinada,AP
2024-09-05,1.6,31.1,25.3,3.77,0.488,Kakinada,AP
2024-09-06,8.9,31.7,26.0,3.62,0.495,Kakinada,AP
2024-09-07,18.2,31.7,25.6,2.76,0.5,Kakinada,AP
2024-09-08,38.3,27.1,25.4,1.21,0.511,Kakinada,AP
2024-09-09,13.3,29.4,25.2,3.17,0.5,Kakinada,AP
2024-09-10,0.4,32.4,25.8,5.2,0.473,Kakinada,AP
2024-09-11,0.1,32.9,27.0,5.54,0.444,Kakinada,AP
2024-09-12,0.3,32.9,25.2,5.29,0.42,Kakinada,AP
2024-09-13,0.0,33.1,26.4,5.38,0.395,Kakinada,AP
2024-09-14,0.0,32.8,25.9,5.47,0.372,Kakinada,AP
2024-09-15,0.0,33.2,25.7,5.78,0.351,Kakinada,AP
2024-09-16,0.0,33.4,25.6,5.86,0.331,Kakinada,AP
2024-09-17,0.4,33.5,25.7,5.33,0.313,Kakinada,AP
2024-09-18,0.0,34.2,26.0,5.83,0.289,Kakinada,AP
2024-09-19,1.0,34.8,25.4,5.39,0.27,Kakinada,AP
2024-09-20,28.9,31.3,25.0,3.5,0.414,Kakinada,AP
2024-09-21,2.3,32.0,24.3,4.7,0.447,Kakinada,AP
2024-09-22,5.1,32.4,24.0,4.65,0.417,Kakinada,AP
2024-09-23,11.4,30.4,25.5,2.93,0.461,Kakinada,AP
2024-09-24,28.2,31.7,25.0,3.65,0.483,Kakinada,AP
2024-09-25,4.9,30.8,24.8,2.96,0.499,Kakinada,AP
2024-09-26,18.4,30.3,24.3,2.97,0.499,Kakinada,AP
2024-09-27,19.0,29.4,24.0,2.83,0.503,Kakinada,AP
2024-09-28,1.9,31.1,24.1,3.94,0.488,Kakinada,AP
2024-09-29,5.9,31.2,24.7,3.54,0.488,Kakinada,AP
2024-09-30,4.7,32.2,24.9,4.52,0.477,Kakinada,AP
2024-10-01,0.9,33.1,25.6,4.86,0.441,Kakinada,AP
2024-10-02,0.9,33.4,26.0,4.8,0.418,Kakinada,AP
2024-10-03,1.0,34.9,25.5,5.12,0.406,Kakinada,AP
2024-10-04,0.2,36.3,25.9,5.02,0.383,Kakinada,AP
2024-10-05,0.0,34.9,25.7,4.83,0.36,Kakinada,AP
2024-10-06,0.9,32.3,25.7,4.47,0.346,Kakinada,AP
2024-10-07,1.7,30.3,25.2,4.27,0.334,Kakinada,AP
2024-10-08,6.4,29.6,25.6,3.68,0.343,Kakinada,AP
2024-10-09,8.3,30.5,24.6,4.1,0.346,Kakinada,AP
2024-10-10,6.2,30.2,24.9,4.1,0.36,Kakinada,AP
2024-10-11,4.4,30.3,25.1,4.05,0.394,Kakinada,AP
2024-10-12,1.1,30.4,25.1,4.03,0.416,Kakinada,AP
2024-10-13,1.9,30.8,24.3,4.46,0.404,Kakinada,AP
2024-10-14,12.4,28.5,25.6,2.38,0.427,Kakinada,AP
2024-10-15,19.5,29.9,25.2,3.17,0.488,Kakinada,AP
2024-10-16,5.8,29.6,25.8,3.43,0.477,Kakinada,AP
2024-10-17,7.2,28.5,25.8,2.32,0.493,Kakinada,AP
2024-10-18,3.9,29.4,25.4,3.23,0.488,Kakinada,AP
2024-10-19,8.2,28.5,25.5,2.64,0.487,Kakinada,AP
2024-10-20,8.9,30.1,25.0,3.6,0.488,Kakinada,AP
2024-10-21,13.8,30.2,24.3,3.66,0.494,Kakinada,AP
2024-10-22,0.2,31.1,23.4,4.13,0.465,Kakinada,AP
2024-10-23,0.0,34.6,23.6,4.92,0.435,Kakinada,AP
2024-10-24,0.0,31.9,22.4,4.15,0.414,Kakinada,AP
2024-10-25,0.2,33.3,23.6,5.22,0.397,Kakinada,AP
2024-10-26,0.2,32.7,25.0,4.64,0.384,Kakinada,AP
2024-10-27,0.8,32.1,25.0,4.22,0.379,Kakinada,AP
2024-10-28,2.4,31.1,24.0,4.0,0.376,Kakinada,AP
2024-10-29,1.8,32.0,23.4,3.96,0.361,Kakinada,AP
2024-10-30,4.1,30.1,24.1,3.47,0.364,Kakinada,AP
2024-10-31,0.2,30.8,24.0,4.06,0.345,Kakinada,AP
2024-11-01,0.0,31.3,23.2,4.19,0.328,Kakinada,AP
2024-11-02,0.0,30.8,23.1,4.17,0.312,Kakinada,AP
2024-11-03,0.1,30.7,23.5,4.27,0.3,Kakinada,AP
2024-11-04,0.1,30.9,23.2,4.47,0.287,Kakinada,AP
2024-11-05,0.0,30.7,22.3,4.68,0.277,Kakinada,AP
2024-11-06,0.6,29.8,24.8,4.11,0.269,Kakinada,AP
2024-11-07,1.2,30.3,24.4,4.15,0.264,Kakinada,AP
2024-11-08,0.4,30.6,24.7,4.22,0.267,Kakinada,AP
2024-11-09,0.1,30.5,24.5,4.52,0.259,Kakinada,AP
2024-11-10,0.0,31.4,24.0,4.83,0.252,Kakinada,AP
2024-11-11,2.8,30.7,24.2,4.36,0.248,Kakinada,AP
2024-11-12,10.8,28.0,25.0,2.39,0.348,Kakinada,AP
2024-11-13,4.5,29.5,24.6,3.51,0.292,Kakinada,AP
2024-11-14,7.7,28.7,25.1,3.33,0.328,Kakinada,AP
2024-11-15,0.4,31.0,25.1,4.46,0.321,Kakinada,AP
2024-11-16,0.0,30.4,24.5,4.15,0.284,Kakinada,AP
2024-11-17,0.0,30.5,24.2,4.71,0.251,Kakinada,AP
2024-11-18,0.0,30.2,22.8,5.11,0.221,Kakinada,AP
2024-11-19,0.0,30.4,21.8,4.8,0.199,Kakinada,AP
2024-11-20,0.0,29.7,22.0,4.4,0.191,Kakinada,AP
2024-11-21,0.0,29.8,21.6,4.58,0.188,Kakinada,AP
2024-11-22,0.0,30.1,20.8,4.54,0.184,Kakinada,AP
2024-11-23,0.0,30.8,22.0,4.5,0.175,Kakinada,AP
2024-11-24,0.0,30.5,22.5,4.48,0.172,Kakinada,AP
2024-11-25,0.0,30.1,22.8,5.27,0.174,Kakinada,AP
2024-11-26,0.0,30.1,24.3,5.52,0.18,Kakinada,AP
2024-11-27,0.0,29.2,23.3,5.81,0.188,Kakinada,AP
2024-11-28,0.0,29.8,23.6,6.59,0.19,Kakinada,AP
2024-11-29,1.2,28.8,25.3,4.51,0.207,Kakinada,AP
2024-11-30,17.7,27.8,24.5,2.46,0.325,Kakinada,AP
2024-12-01,16.3,26.2,23.9,1.55,0.478,Kakinada,AP
2024-12-02,1.5,28.1,24.3,2.7,0.442,Kakinada,AP
2024-12-03,0.8,27.9,24.5,2.94,0.403,Kakinada,AP
2024-12-04,0.1,29.2,24.8,3.48,0.367,Kakinada,AP
2024-12-05,0.4,29.5,24.5,3.64,0.331,Kakinada,AP
2024-12-06,0.0,29.5,23.7,3.02,0.299,Kakinada,AP
2024-12-07,0.2,31.0,21.8,3.55,0.271,Kakinada,AP
2024-12-08,0.4,30.3,23.3,3.55,0.249,Kakinada,AP
2024-12-09,0.0,30.8,22.5,3.65,0.23,Kakinada,AP
2024-12-10,0.2,29.1,22.7,3.33,0.21,Kakinada,AP
2024-12-11,0.0,29.0,23.8,4.2,0.198,Kakinada,AP
2024-12-12,0.0,28.4,23.5,3.8,0.191,Kakinada,AP
2024-12-13,0.0,28.0,22.3,4.32,0.187,Kakinada,AP
2024-12-14,0.0,28.1,21.1,4.54,0.187,Kakinada,AP
2024-12-15,0.0,28.0,20.5,4.38,0.183,Kakinada,AP
2024-12-16,0.0,28.2,19.9,4.69,0.183,Kakinada,AP
2024-12-17,4.0,28.3,20.6,3.35,0.193,Kakinada,AP
2024-12-18,3.2,27.1,22.7,2.55,0.259,Kakinada,AP
2024-12-19,0.9,27.6,23.8,3.0,0.348,Kakinada,AP
2024-12-20,2.8,27.1,23.5,2.41,0.379,Kakinada,AP
2024-12-21,0.4,27.8,22.6,3.51,0.447,Kakinada,AP
2024-12-22,0.0,27.3,20.7,3.82,0.408,Kakinada,AP
2024-12-23,6.6,26.7,21.8,2.1,0.398,Kakinada,AP
2024-12-24,9.4,26.0,21.4,2.86,0.433,Kakinada,AP
2024-12-25,1.3,26.3,22.5,2.72,0.439,Kakinada,AP
2024-12-26,0.2,27.2,23.3,3.51,0.398,Kakinada,AP
2024-12-27,0.2,28.0,22.6,4.44,0.365,Kakinada,AP
2024-12-28,0.0,27.8,22.1,4.03,0.328,Kakinada,AP
2024-12-29,0.0,28.4,20.4,3.78,0.3,Kakinada,AP
2024-12-30,0.0,28.8,19.2,3.82,0.27,Kakinada,AP
2024-12-31,0.0,28.7,21.9,3.64,0.242,Kakinada,AP
2025-01-01,0.0,27.6,21.9,3.51,0.222,Kakinada,AP
2025-01-02,0.0,27.3,20.0,3.6,0.206,Kakinada,AP
2025-01-03,0.0,27.3,19.5,3.81,0.195,Kakinada,AP
2025-01-04,0.0,27.5,19.3,3.72,0.186,Kakinada,AP
2025-01-05,0.0,27.9,18.4,3.57,0.179,Kakinada,AP
2025-01-06,0.1,27.7,18.9,3.52,0.173,Kakinada,AP
2025-01-07,0.0,30.2,18.5,3.83,0.168,Kakinada,AP
2025-01-08,0.0,29.3,19.2,3.78,0.169,Kakinada,AP
2025-01-09,0.0,28.8,20.6,4.88,0.168,Kakinada,AP
2025-01-10,0.0,27.1,19.5,4.67,0.164,Kakinada,AP
2025-01-11,0.0,26.9,19.5,4.5,0.168,Kakinada,AP
2025-01-12,0.0,28.0,20.3,4.49,0.161,Kakinada,AP
2025-01-13,0.0,28.4,20.1,4.1,0.16,Kakinada,AP
2025-01-14,0.0,28.4,21.2,4.18,0.144,Kakinada,AP
2025-01-15,0.0,27.6,21.9,4.12,0.144,Kakinada,AP
2025-01-16,0.0,27.8,21.7,4.29,0.154,Kakinada,AP
2025-01-17,0.0,27.5,21.3,4.67,0.157,Kakinada,AP
2025-01-18,0.0,27.7,20.2,4.69,0.155,Kakinada,AP
2025-01-19,0.0,28.2,20.2,4.7,0.155,Kakinada,AP
2025-01-20,0.0,29.5,19.2,4.28,0.155,Kakinada,AP
2025-01-21,0.0,30.2,16.5,4.32,0.156,Kakinada,AP
2025-01-22,0.0,29.9,18.4,4.13,0.156,Kakinada,AP
2025-01-23,0.0,29.1,20.1,3.9,0.154,Kakinada,AP
2025-01-24,0.0,30.2,18.8,4.12,0.151,Kakinada,AP
2025-01-25,0.0,31.1,18.4,4.09,0.156,Kakinada,AP
2025-01-26,0.0,30.0,19.7,4.05,0.153,Kakinada,AP
2025-01-27,0.0,31.5,19.9,4.1,0.156,Kakinada,AP
2025-01-28,0.0,31.5,20.5,4.24,0.157,Kakinada,AP
2025-01-29,0.4,29.7,20.6,3.87,0.159,Kakinada,AP
2025-01-30,0.0,31.1,20.8,3.96,0.161,Kakinada,AP
2025-01-31,0.0,32.7,19.6,4.39,0.156,Kakinada,AP
2025-02-01,0.0,32.4,20.5,4.2,0.166,Kakinada,AP
2025-02-02,0.0,32.9,19.5,4.3,0.162,Kakinada,AP
2025-02-03,0.0,35.4,19.4,4.99,0.162,Kakinada,AP
2025-02-04,0.0,35.6,21.2,5.2,0.162,Kakinada,AP
2025-02-05,0.0,34.7,21.0,4.9,0.162,Kakinada,AP
2025-02-06,0.0,34.8,21.1,4.85,0.162,Kakinada,AP
2025-02-07,0.0,33.9,21.9,4.55,0.163,Kakinada,AP
2025-02-08,0.0,31.5,23.0,4.26,0.16,Kakinada,AP
2025-02-09,0.0,31.2,23.3,4.38,0.15,Kakinada,AP
2025-02-10,0.0,31.6,22.4,4.49,0.148,Kakinada,AP
2025-02-11,0.0,32.8,20.5,4.76,0.155,Kakinada,AP
2025-02-12,0.0,35.2,19.7,5.09,0.155,Kakinada,AP
2025-02-13,0.0,36.2,20.3,5.31,0.155,Kakinada,AP
2025-02-14,0.0,36.5,21.6,5.48,0.154,Kakinada,AP
2025-02-15,0.0,32.4,21.3,4.79,0.154,Kakinada,AP
2025-02-16,0.0,33.4,22.2,4.84,0.154,Kakinada,AP
2025-02-17,0.0,33.2,21.4,4.75,0.154,Kakinada,AP
2025-02-18,0.0,34.4,21.4,4.96,0.155,Kakinada,AP
2025-02-19,0.0,34.2,21.4,4.88,0.155,Kakinada,AP
2025-02-20,0.3,32.6,22.5,4.68,0.157,Kakinada,AP
2025-02-21,0.3,32.9,21.8,4.57,0.174,Kakinada,AP
2025-02-22,1.1,33.2,22.2,4.67,0.183,Kakinada,AP
2025-02-23,0.2,34.8,22.7,4.96,0.182,Kakinada,AP
2025-02-24,0.0,32.0,23.2,5.08,0.182,Kakinada,AP
2025-02-25,0.0,31.8,24.2,5.35,0.177,Kakinada,AP
2025-02-26,0.0,31.8,23.6,5.45,0.172,Kakinada,AP
2025-02-27,0.0,31.7,23.9,5.29,0.172,Kakinada,AP
2025-02-28,0.0,32.3,22.9,5.22,0.173,Kakinada,AP
2025-03-01,0.0,34.0,21.5,5.2,0.173,Kakinada,AP
2025-03-02,0.0,35.4,21.2,5.21,0.173,Kakinada,AP
2025-03-03,0.0,37.4,22.4,5.37,0.173,Kakinada,AP
2025-03-04,0.0,36.8,23.5,5.3,0.172,Kakinada,AP
2025-03-05,0.0,37.9,23.9,5.21,0.172,Kakinada,AP
2025-03-06,0.0,33.6,22.5,5.72,0.172,Kakinada,AP
2025-03-07,0.0,34.7,23.2,5.36,0.172,Kakinada,AP
2025-03-08,0.0,35.3,22.4,5.37,0.172,Kakinada,AP
2025-03-09,0.1,31.4,23.7,5.07,0.172,Kakinada,AP
2025-03-10,0.0,31.0,24.7,5.43,0.173,Kakinada,AP
2025-03-11,0.0,31.8,22.9,5.28,0.173,Kakinada,AP
2025-03-12,0.0,35.8,21.9,5.53,0.173,Kakinada,AP
2025-03-13,0.0,38.5,23.7,5.57,0.173,Kakinada,AP
2025-03-14,0.0,38.4,23.7,5.66,0.166,Kakinada,AP
2025-03-15,0.0,37.5,23.3,5.84,0.172,Kakinada,AP
2025-03-16,0.0,37.5,22.9,5.82,0.172,Kakinada,AP
2025-03-17,0.0,37.9,23.8,6.01,0.172,Kakinada,AP
2025-03-18,0.0,37.3,24.0,5.89,0.171,Kakinada,AP
2025-03-19,0.0,35.6,24.8,5.65,0.172,Kakinada,AP
2025-03-20,0.0,35.0,22.7,5.76,0.178,Kakinada,AP
2025-03-21,0.0,35.4,23.0,5.64,0.172,Kakinada,AP
2025-03-22,2.5,33.3,23.5,5.08,0.177,Kakinada,AP
2025-03-23,1.2,33.0,24.5,5.28,0.17,Kakinada,AP
2025-03-24,0.2,33.2,23.7,5.37,0.165,Kakinada,AP
2025-03-25,0.3,35.6,23.8,5.46,0.158,Kakinada,AP
2025-03-26,0.0,36.6,24.5,5.83,0.14,Kakinada,AP
2025-03-27,0.4,38.6,23.8,5.95,0.132,Kakinada,AP
2025-03-28,0.0,40.7,24.6,6.02,0.141,Kakinada,AP
2025-03-29,0.3,40.7,24.7,6.17,0.141,Kakinada,AP
2025-03-30,1.2,37.4,25.2,6.01,0.143,Kakinada,AP
2025-03-31,0.0,35.9,24.8,5.97,0.124,Kakinada,AP
2025-04-01,0.0,35.0,25.4,5.92,0.117,Kakinada,AP
2025-04-02,0.0,34.9,24.8,5.66,0.12,Kakinada,AP
2025-04-03,0.2,35.1,25.8,5.55,0.123,Kakinada,AP
2025-04-04,0.4,35.2,24.7,5.07,0.126,Kakinada,AP
2025-04-05,5.3,36.1,25.7,4.87,0.162,Kakinada,AP
2025-04-06,0.0,37.8,24.5,5.6,0.231,Kakinada,AP
2025-04-07,0.0,35.9,25.3,5.65,0.2,Kakinada,AP
2025-04-08,0.0,34.2,26.8,6.12,0.175,Kakinada,AP
2025-04-09,0.5,32.9,26.1,5.8,0.166,Kakinada,AP
2025-04-10,3.5,36.3,26.2,5.39,0.165,Kakinada,AP
2025-04-11,0.0,37.6,26.2,5.7,0.178,Kakinada,AP
2025-04-12,0.8,38.9,25.7,5.97,0.19,Kakinada,AP
2025-04-13,6.3,35.6,26.5,4.82,0.218,Kakinada,AP
2025-04-14,1.3,34.6,25.0,4.76,0.241,Kakinada,AP
2025-04-15,2.6,35.0,24.3,4.81,0.232,Kakinada,AP
2025-04-16,7.4,34.2,25.1,4.79,0.245,Kakinada,AP
2025-04-17,0.0,36.7,24.6,5.87,0.214,Kakinada,AP
2025-04-18,1.8,36.9,25.6,5.56,0.2,Kakinada,AP
2025-04-19,0.2,38.0,26.8,6.07,0.193,Kakinada,AP
2025-04-20,1.8,39.7,27.7,5.99,0.195,Kakinada,AP
2025-04-21,0.0,39.2,26.6,6.17,0.198,Kakinada,AP
2025-04-22,0.0,38.9,26.3,6.43,0.187,Kakinada,AP
2025-04-23,0.1,39.5,27.4,6.57,0.179,Kakinada,AP
2025-04-24,0.0,38.9,26.8,6.47,0.174,Kakinada,AP
2025-04-25,0.0,39.1,26.8,6.4,0.169,Kakinada,AP
2025-04-26,0.0,38.3,27.4,6.37,0.162,Kakinada,AP
2025-04-27,1.1,37.6,26.4,6.09,0.154,Kakinada,AP
2025-04-28,4.9,37.1,27.3,5.42,0.164,Kakinada,AP
2025-04-29,0.1,38.4,26.0,5.94,0.208,Kakinada,AP
2025-04-30,5.6,35.7,26.5,4.76,0.222,Kakinada,AP
2025-05-01,1.1,34.1,26.9,5.11,0.231,Kakinada,AP
2025-05-02,4.4,33.3,25.9,4.5,0.235,Kakinada,AP
2025-05-03,3.8,34.0,25.5,4.38,0.28,Kakinada,AP
2025-05-04,17.7,32.5,25.3,3.48,0.387,Kakinada,AP
2025-05-05,0.2,33.9,23.4,5.05,0.396,Kakinada,AP
2025-05-06,6.0,34.7,25.3,5.05,0.356,Kakinada,AP
2025-05-07,10.2,35.6,25.9,4.18,0.348,Kakinada,AP
2025-05-08,4.8,34.5,25.2,4.53,0.405,Kakinada,AP
2025-05-09,0.4,35.4,25.0,5.44,0.372,Kakinada,AP
2025-05-10,0.2,37.1,25.9,5.82,0.309,Kakinada,AP
2025-05-11,0.0,38.0,25.5,6.08,0.255,Kakinada,AP
2025-05-12,0.0,39.7,26.2,5.96,0.219,Kakinada,AP
2025-05-13,0.0,38.6,26.9,5.83,0.203,Kakinada,AP
2025-05-14,2.3,37.2,28.4,4.89,0.2,Kakinada,AP
2025-05-15,9.3,33.8,27.8,3.64,0.275,Kakinada,AP
2025-05-16,0.5,37.0,25.9,5.7,0.278,Kakinada,AP
2025-05-17,1.0,35.3,27.7,4.92,0.251,Kakinada,AP
2025-05-18,12.5,31.2,26.9,3.63,0.298,Kakinada,AP
2025-05-19,5.7,31.8,27.0,4.41,0.284,Kakinada,AP
2025-05-20,19.9,31.7,26.0,3.87,0.435,Kakinada,AP
2025-05-21,22.6,30.8,25.7,2.51,0.484,Kakinada,AP
2025-05-22,1.0,31.9,25.5,3.23,0.454,Kakinada,AP
2025-05-23,0.8,35.0,26.7,5.08,0.425,Kakinada,AP
2025-05-24,4.5,33.2,26.6,4.38,0.422,Kakinada,AP
2025-05-25,13.0,32.6,25.6,4.0,0.463,Kakinada,AP
2025-05-26,18.3,32.0,25.3,3.09,0.481,Kakinada,AP
2025-05-27,11.9,34.2,25.5,4.61,0.442,Kakinada,AP
2025-05-28,4.7,30.0,26.5,2.78,0.432,Kakinada,AP
2025-05-29,2.1,32.7,26.7,3.4,0.413,Kakinada,AP
2025-05-30,6.5,35.2,27.1,5.08,0.395,Kakinada,AP
2025-05-31,0.0,35.9,27.1,5.7,0.364,Kakinada,AP
2025-06-01,0.0,36.6,27.3,6.71,0.326,Kakinada,AP
2025-06-02,0.0,36.1,27.3,7.04,0.286,Kakinada,AP
2025-06-03,0.0,35.2,28.3,5.57,0.241,Kakinada,AP
2025-06-04,0.5,36.9,27.9,6.34,0.21,Kakinada,AP
2025-06-05,0.1,37.4,28.0,5.81,0.191,Kakinada,AP
2025-06-06,0.1,37.0,26.7,5.04,0.186,Kakinada,AP
2025-06-07,1.0,36.4,27.7,5.3,0.193,Kakinada,AP
2025-06-08,0.0,38.9,27.6,6.21,0.192,Kakinada,AP
2025-06-09,0.2,39.1,27.2,7.07,0.192,Kakinada,AP
2025-06-10,0.0,34.0,28.7,4.53,0.191,Kakinada,AP
2025-06-11,3.3,30.7,26.1,2.78,0.217,Kakinada,AP
2025-06-12,0.3,33.4,25.5,5.18,0.215,Kakinada,AP
2025-06-13,6.2,33.8,26.2,4.87,0.225,Kakinada,AP
2025-06-14,15.4,34.1,26.6,4.48,0.265,Kakinada,AP
2025-06-15,15.6,33.5,25.6,4.57,0.462,Kakinada,AP
2025-06-16,3.3,33.6,26.8,4.98,0.43,Kakinada,AP
2025-06-17,0.1,33.7,27.3,5.17,0.399,Kakinada,AP
2025-06-18,0.0,34.3,28.6,5.87,0.343,Kakinada,AP
2025-06-19,0.0,33.9,28.9,5.01,0.301,Kakinada,AP
2025-06-20,0.1,34.7,27.0,5.21,0.262,Kakinada,AP
2025-06-21,0.0,35.6,27.4,6.47,0.23,Kakinada,AP
2025-06-22,0.0,34.1,27.9,5.05,0.218,Kakinada,AP
2025-06-23,5.1,30.4,26.2,2.91,0.235,Kakinada,AP
2025-06-24,2.8,29.5,25.3,3.1,0.267,Kakinada,AP
2025-06-25,15.5,28.0,25.2,1.66,0.434,Kakinada,AP
2025-06-26,9.1,29.9,25.0,2.04,0.497,Kakinada,AP
2025-06-27,0.0,32.0,25.9,3.82,0.472,Kakinada,AP
2025-06-28,0.1,33.7,26.3,5.5,0.438,Kakinada,AP
2025-06-29,1.5,31.6,26.5,3.18,0.411,Kakinada,AP
2025-06-30,3.7,29.3,25.2,2.62,0.42,Kakinada,AP
2025-07-01,9.8,28.4,25.0,2.12,0.464,Kakinada,AP
2025-07-02,20.9,27.2,23.3,1.77,0.509,Kakinada,AP
2025-07-03,1.5,30.4,25.4,3.63,0.485,Kakinada,AP
2025-07-04,1.6,33.2,25.6,5.19,0.471,Kakinada,AP
2025-07-05,2.3,32.7,27.1,5.33,0.441,Kakinada,AP
2025-07-06,1.1,32.5,26.1,5.67,0.421,Kakinada,AP
2025-07-07,0.5,31.7,26.1,4.99,0.388,Kakinada,AP
2025-07-08,0.1,33.2,26.1,6.05,0.36,Kakinada,AP
2025-07-09,0.9,33.1,25.3,6.03,0.324,Kakinada,AP
2025-07-10,0.5,33.9,26.5,6.02,0.287,Kakinada,AP
2025-07-11,0.0,35.5,26.1,6.54,0.254,Kakinada,AP
2025-07-12,1.2,33.9,26.6,5.88,0.23,Kakinada,AP
2025-07-13,1.8,34.9,27.8,5.48,0.212,Kakinada,AP
2025-07-14,0.0,35.0,27.8,5.72,0.189,Kakinada,AP
2025-07-15,0.0,35.8,27.9,6.52,0.18,Kakinada,AP
2025-07-16,4.5,36.1,28.3,5.39,0.189,Kakinada,AP
2025-07-17,13.4,33.6,26.0,4.95,0.222,Kakinada,AP
2025-07-18,0.7,34.8,25.4,5.62,0.193,Kakinada,AP
2025-07-19,9.0,36.4,25.8,5.11,0.19,Kakinada,AP
2025-07-20,28.2,35.1,25.9,4.96,0.383,Kakinada,AP
2025-07-21,16.0,32.6,25.7,3.96,0.461,Kakinada,AP
2025-07-22,13.3,30.8,24.6,3.12,0.465,Kakinada,AP
2025-07-23,1.3,31.3,26.6,3.74,0.454,Kakinada,AP
2025-07-24,12.4,29.6,25.2,2.63,0.463,Kakinada,AP
2025-07-25,18.1,27.4,25.0,1.75,0.498,Kakinada,AP
2025-07-26,9.0,30.8,25.4,3.66,0.494,Kakinada,AP
2025-07-27,0.3,33.1,26.5,6.23,0.439,Kakinada,AP
2025-07-28,0.0,32.7,26.8,5.79,0.388,Kakinada,AP
2025-07-29,0.9,32.5,27.2,5.59,0.351,Kakinada,AP
2025-07-30,0.2,33.2,26.7,5.84,0.317,Kakinada,AP
2025-07-31,0.0,33.0,25.9,4.82,0.283,Kakinada,AP
2025-08-01,0.4,34.6,26.6,5.96,0.247,Kakinada,AP
2025-08-02,0.2,35.3,26.8,6.14,0.21,Kakinada,AP
2025-08-03,0.7,35.0,26.8,5.81,0.194,Kakinada,AP
2025-08-04,0.5,34.9,25.8,5.37,0.212,Kakinada,AP
2025-08-05,5.0,34.3,25.7,5.31,0.22,Kakinada,AP
2025-08-06,2.7,34.7,25.9,5.23,0.194,Kakinada,AP
2025-08-07,4.7,33.8,27.1,4.73,0.205,Kakinada,AP
2025-08-08,8.2,34.3,25.5,4.22,0.24,Kakinada,AP
2025-08-09,11.7,34.0,25.0,4.86,0.284,Kakinada,AP
2025-08-10,3.0,32.3,24.8,4.02,0.414,Kakinada,AP
2025-08-11,4.2,34.4,24.9,5.25,0.377,Kakinada,AP
2025-08-12,5.4,35.2,25.7,5.36,0.351,Kakinada,AP
2025-08-13,17.4,33.1,24.7,4.25,0.413,Kakinada,AP
2025-08-14,1.6,31.1,24.3,4.62,0.446,Kakinada,AP
2025-08-15,2.0,32.4,25.2,4.96,0.395,Kakinada,AP
2025-08-16,17.8,30.2,24.6,3.25,0.438,Kakinada,AP
2025-08-17,66.9,26.6,25.1,0.84,0.489,Kakinada,AP
2025-08-18,31.2,28.3,24.4,2.53,0.507,Kakinada,AP
2025-08-19,2.4,29.8,25.4,3.87,0.482,Kakinada,AP
2025-08-20,1.5,31.0,25.7,4.28,0.469,Kakinada,AP
2025-08-21,0.1,32.0,25.8,4.79,0.438,Kakinada,AP
2025-08-22,1.1,31.7,26.4,4.4,0.396,Kakinada,AP
2025-08-23,0.0,32.3,26.3,5.3,0.356,Kakinada,AP
2025-08-24,5.5,31.7,24.4,4.08,0.324,Kakinada,AP
2025-08-25,0.0,32.6,25.8,4.98,0.288,Kakinada,AP
2025-08-26,20.2,28.1,25.1,1.74,0.425,Kakinada,AP
2025-08-27,13.9,28.6,24.0,2.25,0.49,Kakinada,AP
2025-08-28,8.4,28.9,24.4,2.5,0.489,Kakinada,AP
2025-08-29,1.4,31.6,25.2,4.64,0.447,Kakinada,AP
2025-08-30,4.1,31.9,24.9,4.66,0.442,Kakinada,AP
2025-08-31,6.6,32.2,26.4,4.64,0.414,Kakinada,AP
2025-09-01,8.2,32.0,24.9,4.29,0.429,Kakinada,AP
2025-09-02,13.9,31.1,26.2,3.9,0.443,Kakinada,AP
2025-09-03,4.8,31.5,25.8,3.79,0.455,Kakinada,AP
2025-09-04,1.5,31.8,25.4,4.59,0.419,Kakinada,AP
2025-09-05,0.7,32.5,25.3,4.75,0.366,Kakinada,AP
2025-09-06,1.8,32.2,25.2,4.78,0.33,Kakinada,AP
2025-09-07,4.0,32.9,25.5,4.68,0.283,Kakinada,AP
2025-09-08,0.0,34.2,25.7,4.75,0.243,Kakinada,AP
2025-09-09,6.0,32.2,25.6,4.07,0.246,Kakinada,AP
2025-09-10,4.6,31.6,25.9,3.45,0.289,Kakinada,AP
2025-09-11,19.8,33.0,25.2,4.38,0.283,Kakinada,AP
2025-09-12,9.2,31.3,25.3,2.68,0.283,Kakinada,AP
2025-09-13,14.7,31.3,24.4,3.89,0.359,Kakinada,AP
2025-09-14,1.0,31.9,24.3,4.5,0.426,Kakinada,AP
2025-09-15,8.4,31.2,24.7,3.64,0.418,Kakinada,AP
2025-09-16,5.5,31.9,25.1,3.72,0.393,Kakinada,AP
2025-09-17,0.2,32.5,24.9,4.62,0.387,Kakinada,AP
2025-09-18,0.7,32.2,24.4,4.72,0.35,Kakinada,AP
2025-09-19,1.7,33.1,24.8,4.85,0.336,Kakinada,AP
2025-09-20,7.9,34.4,25.2,4.93,0.3,Kakinada,AP
2025-09-21,6.1,34.9,25.4,5.07,0.284,Kakinada,AP
2025-09-22,11.4,31.2,25.6,3.48,0.297,Kakinada,AP
2025-09-23,2.2,32.5,25.2,3.78,0.283,Kakinada,AP
2025-09-24,0.6,32.5,25.7,4.57,0.257,Kakinada,AP
2025-09-25,1.9,32.1,25.5,4.67,0.244,Kakinada,AP
2025-09-26,21.7,29.6,25.0,2.22,0.301,Kakinada,AP
2025-09-27,6.2,30.2,24.8,3.16,0.446,Kakinada,AP
2025-09-28,0.1,31.6,24.4,4.59,0.389,Kakinada,AP
2025-09-29,13.0,31.8,24.9,3.96,0.37,Kakinada,AP
2025-09-30,6.2,31.9,25.6,3.21,0.332,Kakinada,AP
2025-10-01,9.1,32.4,25.2,3.25,0.388,Kakinada,AP
2025-10-02,18.0,28.6,25.4,1.75,0.468,Kakinada,AP
2025-10-03,2.6,32.8,26.0,4.93,0.405,Kakinada,AP
2025-10-04,8.1,30.8,26.1,3.85,0.35,Kakinada,AP
2025-10-05,1.5,32.1,25.3,3.83,0.29,Kakinada,AP
2025-10-06,0.2,33.5,24.7,4.53,0.256,Kakinada,AP
2025-10-07,1.5,33.7,24.1,4.42,0.292,Kakinada,AP
2025-10-08,7.6,32.8,24.4,4.25,0.345,Kakinada,AP
2025-10-09,3.0,32.4,25.0,3.86,0.348,Kakinada,AP
2025-10-10,5.2,32.4,24.7,4.07,0.329,Kakinada,AP
2025-10-11,9.7,30.9,24.5,4.12,0.355,Kakinada,AP
2025-10-12,1.8,31.8,25.1,4.53,0.318,Kakinada,AP
2025-10-13,51.6,27.4,24.5,1.47,0.465,Kakinada,AP
2025-10-14,3.9,29.2,25.2,3.76,0.452,Kakinada,AP
2025-10-15,1.1,31.0,25.6,5.08,0.4,Kakinada,AP
2025-10-16,0.0,30.6,25.3,5.1,0.349,Kakinada,AP
2025-10-17,0.0,30.3,25.7,4.83,0.303,Kakinada,AP
2025-10-18,12.8,29.3,24.7,3.96,0.291,Kakinada,AP
2025-10-19,14.9,27.8,24.3,2.2,0.399,Kakinada,AP
2025-10-20,2.6,30.3,24.9,4.25,0.353,Kakinada,AP
2025-10-21,16.2,30.1,25.3,3.71,0.386,Kakinada,AP
2025-10-22,17.4,28.9,25.1,2.98,0.429,Kakinada,AP
2025-10-23,24.7,27.7,24.8,2.71,0.493,Kakinada,AP
2025-10-24,13.2,27.9,24.7,2.58,0.493,Kakinada,AP
2025-10-25,0.9,30.1,24.8,4.13,0.439,Kakinada,AP
2025-10-26,1.3,30.2,24.9,4.08,0.381,Kakinada,AP
2025-10-27,25.5,26.7,24.7,1.24,0.453,Kakinada,AP
2025-10-28,22.0,29.4,25.0,3.17,0.507,Kakinada,AP
2025-10-29,2.1,27.3,23.7,2.72,0.491,Kakinada,AP
2025-10-30,2.4,31.4,23.7,4.24,0.469,Kakinada,AP
2025-10-31,0.6,31.4,22.2,4.03,0.428,Kakinada,AP
2025-11-01,0.1,32.0,22.8,4.28,0.395,Kakinada,AP
2025-11-02,0.0,33.1,24.7,4.36,0.368,Kakinada,AP
2025-11-03,1.8,33.6,25.0,4.03,0.338,Kakinada,AP
2025-11-04,2.1,30.9,23.9,3.81,0.305,Kakinada,AP
2025-11-05,0.8,31.9,24.5,3.72,0.281,Kakinada,AP
2025-11-06,1.3,31.8,24.1,3.94,0.267,Kakinada,AP
2025-11-07,2.7,30.1,23.6,3.58,0.279,Kakinada,AP
2025-11-08,0.0,31.7,23.0,4.54,0.251,Kakinada,AP
2025-11-09,0.0,30.6,22.7,4.42,0.224,Kakinada,AP
2025-11-10,0.0,30.6,22.5,4.13,0.205,Kakinada,AP
2025-11-11,0.1,31.4,23.5,4.24,0.196,Kakinada,AP
2025-11-12,0.1,29.7,23.3,4.02,0.19,Kakinada,AP
2025-11-13,0.0,29.2,22.8,5.19,0.19,Kakinada,AP
2025-11-14,0.0,28.6,20.1,4.93,0.193,Kakinada,AP
2025-11-15,0.0,28.6,20.5,4.94,0.189,Kakinada,AP
2025-11-16,0.0,28.3,21.2,5.16,0.193,Kakinada,AP
2025-11-17,0.0,28.5,21.3,5.07,0.202,Kakinada,AP
2025-11-18,0.0,28.7,21.4,4.99,0.21,Kakinada,AP
2025-11-19,0.0,29.6,20.6,4.8,0.2,Kakinada,AP
2025-11-20,0.0,30.3,21.5,4.07,0.187,Kakinada,AP
2025-11-21,0.1,30.2,24.9,4.22,0.181,Kakinada,AP
2025-11-22,0.0,30.3,24.3,4.25,0.186,Kakinada,AP
2025-11-23,0.0,29.7,24.0,3.97,0.178,Kakinada,AP
2025-11-24,0.2,29.4,23.9,4.08,0.176,Kakinada,AP
2025-11-25,0.1,29.2,22.9,4.55,0.178,Kakinada,AP
2025-11-26,0.0,28.8,21.7,4.5,0.178,Kakinada,AP
2025-11-27,0.0,28.3,21.6,4.78,0.179,Kakinada,AP
2025-11-28,0.0,29.3,21.0,4.95,0.18,Kakinada,AP
2025-11-29,2.4,29.1,22.6,4.29,0.182,Kakinada,AP
2025-11-30,16.3,28.5,23.4,3.09,0.229,Kakinada,AP
2025-12-01,6.5,25.7,22.6,2.31,0.4,Kakinada,AP
2025-12-02,4.1,25.7,22.7,1.98,0.419,Kakinada,AP
2025-12-03,0.3,27.2,22.9,2.67,0.43,Kakinada,AP
2025-12-04,0.0,28.3,22.9,4.05,0.379,Kakinada,AP
2025-12-05,0.0,27.4,22.1,4.33,0.338,Kakinada,AP
2025-12-06,0.0,28.0,20.6,3.99,0.299,Kakinada,AP
2025-12-07,0.0,27.3,20.3,3.9,0.267,Kakinada,AP
2025-12-08,0.0,27.7,19.0,3.81,0.238,Kakinada,AP
2025-12-09,0.0,28.1,19.0,4.27,0.212,Kakinada,AP
2025-12-10,0.0,28.2,18.7,4.44,0.194,Kakinada,AP
2025-12-11,0.0,28.1,19.4,4.39,0.184,Kakinada,AP
2025-12-12,0.0,27.6,18.4,4.4,0.183,Kakinada,AP
2025-12-13,0.0,27.8,18.1,4.25,0.176,Kakinada,AP
2025-12-14,0.0,27.7,19.7,4.19,0.172,Kakinada,AP
2025-12-15,0.0,27.9,19.9,4.11,0.169,Kakinada,AP
2025-12-16,0.0,27.8,20.0,3.9,0.166,Kakinada,AP
2025-12-17,0.0,28.3,19.7,3.7,0.161,Kakinada,AP
2025-12-18,0.0,27.9,19.3,3.83,0.159,Kakinada,AP
2025-12-19,0.0,29.3,18.3,3.66,0.177,Kakinada,AP
2025-12-20,0.0,28.3,18.4,4.02,0.192,Kakinada,AP
2025-12-21,0.0,28.2,17.8,3.95,0.195,Kakinada,AP
2025-12-22,0.0,27.7,19.9,3.97,0.192,Kakinada,AP
2025-12-23,0.0,27.5,18.4,3.78,0.195,Kakinada,AP
2025-12-24,0.0,27.9,19.4,3.96,0.191,Kakinada,AP
2025-12-25,0.0,27.8,19.4,4.0,0.19,Kakinada,AP
2025-12-26,0.0,27.9,18.9,3.97,0.188,Kakinada,AP
2025-12-27,0.0,28.6,19.3,3.83,0.184,Kakinada,AP
2025-12-28,0.0,27.8,19.6,3.87,0.183,Kakinada,AP
2025-12-29,0.0,27.4,20.0,3.88,0.183,Kakinada,AP
2025-12-30,0.0,28.0,20.0,3.58,0.183,Kakinada,AP
2025-12-31,0.0,28.2,20.8,3.41,0.183,Kakinada,AP
2026-01-01,0.0,27.8,21.1,3.69,0.183,Kakinada,AP
2026-01-02,0.0,27.5,20.9,3.65,0.183,Kakinada,AP
2026-01-03,0.0,27.4,21.1,3.69,0.183,Kakinada,AP
2026-01-04,0.1,27.8,20.2,3.67,0.183,Kakinada,AP
2026-01-05,0.2,27.5,20.4,3.65,0.183,Kakinada,AP
2026-01-06,0.0,27.3,20.2,4.23,0.181,Kakinada,AP
2026-01-07,0.0,26.5,19.1,4.2,0.183,Kakinada,AP
2026-01-08,0.0,27.2,18.4,4.73,0.183,Kakinada,AP
2026-01-09,0.0,26.4,18.6,4.71,0.183,Kakinada,AP
2026-01-10,0.0,26.7,20.7,4.47,0.181,Kakinada,AP
2026-01-11,0.1,26.9,18.9,4.44,0.178,Kakinada,AP
2026-01-12,0.0,27.4,21.2,4.38,0.17,Kakinada,AP
2026-01-13,0.0,28.5,20.8,4.24,0.153,Kakinada,AP
2026-01-14,0.0,30.5,18.3,3.88,0.147,Kakinada,AP
2026-01-15,0.1,28.9,19.8,3.61,0.15,Kakinada,AP
2026-01-16,0.0,28.0,19.7,3.66,0.162,Kakinada,AP
2026-01-17,0.0,28.7,18.1,3.88,0.169,Kakinada,AP
2026-01-18,0.0,29.0,17.3,3.8,0.161,Kakinada,AP
2026-01-19,0.0,29.4,18.8,3.87,0.17,Kakinada,AP
2026-01-20,0.0,28.3,18.4,4.16,0.18,Kakinada,AP
2026-01-21,0.0,27.9,19.8,4.28,0.183,Kakinada,AP
2026-01-22,0.0,28.0,19.7,4.14,0.183,Kakinada,AP
2026-01-23,0.1,27.3,19.8,3.93,0.183,Kakinada,AP
2026-01-24,0.0,27.9,22.4,3.91,0.181,Kakinada,AP
2026-01-25,0.0,29.2,23.0,4.52,0.181,Kakinada,AP
2026-01-26,0.0,29.2,21.0,4.45,0.183,Kakinada,AP
2026-01-27,0.0,28.5,19.6,4.2,0.183,Kakinada,AP
2026-01-28,0.0,29.2,18.2,4.02,0.183,Kakinada,AP
2026-01-29,0.0,28.6,20.3,3.99,0.183,Kakinada,AP
2026-01-30,0.0,28.2,20.9,4.18,0.183,Kakinada,AP
2026-01-31,0.0,27.8,21.7,4.19,0.183,Kakinada,AP
2026-02-01,0.3,28.1,21.5,4.05,0.183,Kakinada,AP
2026-02-02,0.0,28.4,21.9,4.34,0.183,Kakinada,AP
2026-02-03,0.0,27.9,21.4,4.47,0.184,Kakinada,AP
2026-02-04,0.0,28.2,22.0,4.7,0.183,Kakinada,AP
2026-02-05,0.0,29.3,20.9,4.84,0.183,Kakinada,AP
2026-02-06,0.0,29.5,20.7,4.72,0.182,Kakinada,AP
2026-02-07,0.0,33.0,18.4,4.79,0.182,Kakinada,AP
2026-02-08,0.0,30.2,18.0,4.6,0.182,Kakinada,AP
2026-02-09,0.0,28.7,19.5,4.19,0.18,Kakinada,AP
2026-02-10,0.0,29.1,19.2,4.33,0.18,Kakinada,AP
2026-02-11,0.0,28.2,19.5,4.41,0.182,Kakinada,AP
2026-02-12,0.0,28.9,19.6,4.59,0.182,Kakinada,AP
2026-02-13,0.0,30.1,18.8,4.77,0.182,Kakinada,AP
2026-02-14,0.0,30.5,19.1,4.6,0.182,Kakinada,AP
2026-02-15,0.0,32.9,19.1,4.77,0.182,Kakinada,AP
2026-02-16,0.0,30.9,20.2,4.71,0.181,Kakinada,AP
2026-02-17,0.0,29.2,20.7,4.64,0.181,Kakinada,AP
2026-02-18,0.0,29.5,20.8,4.8,0.181,Kakinada,AP
2026-02-19,0.0,29.6,21.0,4.75,0.181,Kakinada,AP
2026-02-20,0.0,30.9,21.8,5.39,0.181,Kakinada,AP
2026-02-21,0.0,32.0,22.3,5.38,0.181,Kakinada,AP
2026-02-22,0.0,31.8,21.8,4.67,0.18,Kakinada,AP
2026-02-23,0.0,32.1,23.0,4.66,0.186,Kakinada,AP
2026-02-24,0.5,32.5,23.3,3.98,0.195,Kakinada,AP
2026-02-25,1.1,32.1,21.6,4.16,0.198,Kakinada,AP
2026-02-26,0.1,33.7,21.9,4.48,0.191,Kakinada,AP
2026-02-27,0.3,33.0,23.0,4.78,0.192,Kakinada,AP
2026-02-28,0.0,33.9,22.2,4.98,0.18,Kakinada,AP
2026-03-01,0.1,34.1,21.7,5.01,0.177,Kakinada,AP
2026-03-02,0.0,36.1,22.5,5.76,0.182,Kakinada,AP
2026-03-03,0.0,36.0,22.7,5.65,0.192,Kakinada,AP
2026-03-04,0.0,36.2,21.7,5.56,0.181,Kakinada,AP
2026-03-05,0.0,37.6,22.9,5.9,0.183,Kakinada,AP
2026-03-06,0.0,37.3,22.6,5.53,0.182,Kakinada,AP
2026-03-07,0.0,34.4,23.3,5.26,0.181,Kakinada,AP
2026-03-08,0.3,32.8,23.6,4.99,0.183,Kakinada,AP
2026-03-09,0.1,31.1,24.1,4.47,0.186,Kakinada,AP
2026-03-10,0.0,33.3,22.0,5.55,0.184,Kakinada,AP
2026-03-11,0.0,36.4,21.4,5.89,0.185,Kakinada,AP
2026-03-12,0.0,37.3,23.2,5.77,0.183,Kakinada,AP
2026-03-13,0.0,35.5,23.3,5.56,0.185,Kakinada,AP
2026-03-14,0.0,35.0,23.1,5.44,0.18,Kakinada,AP
2026-03-15,0.0,34.6,22.7,5.43,0.177,Kakinada,AP
2026-03-16,0.0,34.6,22.7,5.34,0.175,Kakinada,AP
2026-03-17,0.3,33.5,23.1,5.1,0.179,Kakinada,AP
2026-03-18,1.3,31.9,22.9,3.57,0.193,Kakinada,AP
2026-03-19,1.3,33.9,22.6,4.1,0.218,Kakinada,AP
2026-03-20,0.9,32.7,20.5,4.82,0.224,Kakinada,AP
2026-03-21,2.9,33.8,21.2,4.73,0.216,Kakinada,AP
2026-03-22,1.5,33.4,23.0,4.32,0.215,Kakinada,AP
2026-03-23,0.9,33.2,23.0,4.85,0.213,Kakinada,AP
2026-03-24,0.1,33.0,23.6,5.13,0.205,Kakinada,AP
2026-03-25,0.0,35.3,23.2,5.43,0.188,Kakinada,AP
2026-03-26,0.7,35.3,24.6,5.27,0.179,Kakinada,AP
2026-03-27,0.0,37.8,24.4,5.84,0.175,Kakinada,AP
2026-03-28,0.0,39.2,24.6,6.41,0.173,Kakinada,AP
2026-03-29,0.6,38.3,25.2,5.54,0.175,Kakinada,AP
2026-03-30,0.1,37.0,25.9,5.54,0.182,Kakinada,AP
2026-03-31,1.1,36.8,23.8,5.54,0.184,Kakinada,AP
2026-04-01,0.0,34.3,25.1,5.64,0.179,Kakinada,AP
2026-04-02,0.0,36.0,23.6,5.97,0.163,Kakinada,AP
2026-04-03,0.4,37.9,25.4,6.13,0.166,Kakinada,AP
2026-04-04,0.1,37.7,25.7,5.7,0.169,Kakinada,AP
2026-04-05,0.1,37.6,26.4,5.52,0.173,Kakinada,AP
2026-04-06,4.4,35.1,26.3,4.48,0.19,Kakinada,AP
2026-04-07,0.8,36.4,25.9,5.28,0.197,Kakinada,AP
2026-04-08,1.4,35.1,26.0,5.28,0.186,Kakinada,AP
2026-04-09,3.8,35.3,27.1,5.05,0.192,Kakinada,AP
2026-04-10,1.1,36.8,27.0,5.69,0.196,Kakinada,AP
2026-04-11,0.1,37.8,27.4,5.68,0.191,Kakinada,AP
2026-04-12,0.0,36.7,26.7,5.87,0.183,Kakinada,AP
2026-04-13,0.0,38.6,25.5,6.35,0.18,Kakinada,AP
2026-04-14,0.0,39.3,26.0,6.61,0.179,Kakinada,AP
2026-04-15,0.0,39.0,26.2,6.64,0.183,Kakinada,AP
2026-04-16,0.0,37.8,25.9,6.45,0.18,Kakinada,AP
2026-04-17,0.0,39.5,26.3,6.49,0.18,Kakinada,AP
2026-04-18,0.0,38.8,27.4,6.39,0.17,Kakinada,AP
2026-04-19,0.2,38.6,27.2,6.35,0.159,Kakinada,AP
2026-04-20,0.0,39.4,26.6,6.54,0.153,Kakinada,AP
2026-04-21,0.4,38.9,27.1,6.33,0.156,Kakinada,AP
2026-04-22,0.6,38.5,27.4,6.46,0.163,Kakinada,AP
2026-04-23,0.0,39.7,27.0,5.94,0.165,Kakinada,AP
2026-04-24,0.4,39.5,27.7,6.33,0.163,Kakinada,AP
2026-04-25,0.2,39.2,27.0,6.37,0.165,Kakinada,AP
2026-04-26,0.0,39.1,27.0,6.56,0.162,Kakinada,AP
2026-04-27,0.0,38.3,26.5,6.7,0.152,Kakinada,AP
2026-04-28,0.0,37.6,27.7,6.4,0.152,Kakinada,AP
2026-04-29,0.3,37.8,28.3,6.52,0.155,Kakinada,AP
2026-04-30,1.3,36.7,28.3,4.51,0.173,Kakinada,AP
2026-05-01,5.3,34.7,27.6,4.86,0.221,Kakinada,AP
2026-05-02,3.9,35.8,27.8,5.37,0.205,Kakinada,AP
2026-05-03,1.2,34.1,27.5,3.04,0.235,Kakinada,AP
2026-05-04,4.9,32.3,26.6,4.35,0.341,Kakinada,AP
2026-05-05,0.7,33.9,26.2,4.92,0.338,Kakinada,AP
2026-05-06,4.6,33.1,26.8,4.25,0.324,Kakinada,AP
2026-05-07,2.8,32.6,26.2,4.77,0.327,Kakinada,AP
2026-05-08,2.6,31.9,26.4,4.68,0.312,Kakinada,AP
2026-05-09,0.6,32.4,25.6,5.3,0.269,Kakinada,AP
2026-05-10,0.0,32.8,26.0,5.65,0.223,Kakinada,AP
2026-05-11,0.0,33.2,26.0,5.62,0.198,Kakinada,AP
2026-05-12,0.0,33.3,27.3,5.83,0.089,Kakinada,AP
2026-05-13,0.3,34.0,27.7,5.86,0.012,Kakinada,AP
2026-05-14,0.2,33.8,28.1,5.27,0.013,Kakinada,AP
2026-05-15,0.0,38.1,28.0,5.23,0.013,Kakinada,AP
2026-05-16,0.0,35.6,28.7,5.74,0.011,Kakinada,AP
2026-05-17,2.0,37.7,28.4,5.8,0.014,Kakinada,AP
2026-05-18,0.2,39.0,29.0,6.3,0.011,Kakinada,AP
2026-05-19,0.0,41.3,29.2,6.18,0.012,Kakinada,AP
2026-05-20,3.1,42.4,30.0,6.33,0.019,Kakinada,AP
2026-05-21,0.0,42.7,31.2,6.83,0.045,Kakinada,AP
2026-05-22,1.7,41.0,31.3,6.87,0.07,Kakinada,AP
2026-05-23,0.0,40.8,31.1,7.65,0.104,Kakinada,AP
2026-05-24,0.0,44.1,30.8,6.96,0.131,Kakinada,AP
2026-05-25,0.0,40.2,30.5,6.47,0.147,Kakinada,AP
2026-05-26,0.2,42.7,30.4,6.86,0.158,Kakinada,AP
2026-05-27,0.0,39.1,29.0,7.36,0.161,Kakinada,AP
2026-05-28,0.0,40.0,29.8,6.68,0.16,Kakinada,AP
2026-05-29,0.0,39.7,28.3,6.93,0.16,Kakinada,AP
2026-05-30,0.0,36.8,29.3,6.19,0.173,Kakinada,AP
2026-05-31,1.2,37.1,28.5,5.24,0.183,Kakinada,AP
2026-06-01,0.0,35.4,27.6,4.24,0.194,Kakinada,AP
2026-06-02,3.7,37.4,27.3,5.21,0.214,Kakinada,AP
2026-06-03,1.5,37.5,27.3,5.01,0.247,Kakinada,AP
2026-06-04,2.5,37.7,29.1,6.41,0.268,Kakinada,AP
2026-06-05,1.6,37.8,27.5,6.59,0.265,Kakinada,AP
2026-06-06,1.6,38.5,28.1,6.37,0.248,Kakinada,AP
2026-06-07,0.1,38.8,29.3,6.54,0.221,Kakinada,AP
2026-06-08,8.8,36.7,26.6,6.65,0.211,Kakinada,AP
2026-06-09,0.2,37.9,28.5,6.91,0.231,Kakinada,AP
2026-06-10,0.1,40.3,29.4,7.42,0.226,Kakinada,AP
2026-06-11,4.9,35.4,26.2,4.88,0.219,Kakinada,AP
2026-06-12,21.2,37.4,26.7,5.52,0.237,Kakinada,AP
2026-06-13,3.4,34.5,25.5,4.66,0.234,Kakinada,AP
2026-06-14,0.0,36.6,28.1,6.46,0.221,Kakinada,AP
2026-06-15,0.8,38.7,28.6,6.27,0.197,Kakinada,AP
2026-06-16,0.8,38.4,28.0,5.77,0.174,Kakinada,AP
2026-06-17,1.7,38.1,28.1,5.48,0.196,Kakinada,AP
2026-06-18,1.0,34.3,27.1,3.99,0.273,Kakinada,AP
2026-06-19,2.0,36.1,26.5,5.59,0.24,Kakinada,AP
2026-06-20,0.2,36.8,27.0,6.15,0.225,Kakinada,AP
2026-06-21,1.0,32.6,27.0,3.17,0.272,Kakinada,AP
2026-06-22,15.3,32.6,27.3,3.49,0.367,Kakinada,AP
2026-06-23,5.3,32.5,25.4,2.97,0.431,Kakinada,AP
2026-06-24,0.0,34.6,28.0,5.71,0.374,Kakinada,AP
2026-06-25,0.4,34.6,28.1,6.31,0.314,Kakinada,AP
2026-06-26,0.9,35.3,28.1,5.37,0.261,Kakinada,AP
2026-06-27,22.2,33.1,26.3,4.51,0.348,Kakinada,AP
2026-06-28,7.3,33.1,27.0,4.28,0.445,Kakinada,AP
2026-06-29,7.1,33.0,24.5,4.23,0.429,Kakinada,AP
2026-06-30,1.1,33.7,26.9,5.05,0.385,Kakinada,AP
2026-07-01,2.3,33.9,26.9,5.35,0.305,Kakinada,AP
2026-07-02,0.4,32.1,26.9,4.78,0.229,Kakinada,AP
2026-07-03,13.4,29.2,25.8,2.2,0.308,Kakinada,AP
2026-07-04,6.0,31.4,25.1,3.98,0.398,Kakinada,AP
2026-07-05,1.3,31.8,25.5,4.62,0.381,Kakinada,AP
2026-07-06,0.1,34.3,28.6,7.21,0.324,Kakinada,AP
2026-07-07,0.7,33.9,28.9,6.32,0.301,Kakinada,AP
2026-07-08,0.8,34.8,28.6,6.56,0.3,Kakinada,AP
2026-07-09,1.4,33.1,27.4,5.51,0.305,Kakinada,AP
2026-07-10,13.9,34.5,26.9,4.99,0.261,Kakinada,AP
2026-07-11,0.1,35.5,28.8,6.44,0.249,Kakinada,AP
2026-07-12,0.2,36.4,28.5,6.74,0.21,Kakinada,AP
2026-07-13,0.1,34.3,28.6,4.03,0.204,Kakinada,AP
2026-07-14,0.0,35.4,28.9,5.95,0.204,Kakinada,AP
2026-07-15,0.2,36.4,29.5,6.65,0.191,Kakinada,AP
2026-07-16,0.6,34.6,28.3,4.82,0.204,Kakinada,AP
2026-07-17,6.1,34.8,25.5,5.35,0.187,Kakinada,AP
2026-07-18,8.4,30.7,25.1,3.77,0.205,Kakinada,AP
2026-07-19,2.5,34.8,27.1,5.95,0.197,Kakinada,AP
2026-07-20,5.2,34.1,26.5,5.31,0.22,Kakinada,AP
2026-07-21,3.7,30.6,24.8,3.39,0.172,Kakinada,AP
2026-07-22,6.9,33.7,26.1,4.7,0.181,Kakinada,AP
2026-07-23,4.6,34.5,26.1,5.87,0.212,Kakinada,AP
2026-07-24,5.3,35.2,28.1,5.58,0.166,Kakinada,AP
2026-07-25,0.0,36.3,29.2,7.03,0.165,Kakinada,AP
2026-07-26,6.4,33.8,26.4,5.77,0.189,Kakinada,AP
2026-07-27,8.4,33.4,25.6,4.6,0.145,Kakinada,AP
2026-07-28,13.0,31.1,24.8,3.09,0.291,Kakinada,AP
2026-07-29,17.6,29.4,25.0,2.57,0.351,Kakinada,AP
2026-07-30,3.0,32.3,25.1,5.26,0.337,Kakinada,AP
2026-07-31,2.4,32.0,26.4,4.54,0.356,Kakinada,AP
2026-08-01,56.1,29.9,25.2,1.48,0.479,Kakinada,AP
2026-08-02,8.6,34.2,25.4,5.57,0.447,Kakinada,AP
2026-08-03,3.6,33.5,27.5,5.49,0.405,Kakinada,AP
2026-08-04,3.9,33.6,26.5,5.41,0.402,Kakinada,AP
2026-08-05,0.5,33.8,27.4,5.6,0.335,Kakinada,AP
2026-08-06,2.2,32.4,27.4,4.65,0.252,Kakinada,AP
2026-08-07,3.5,32.0,26.6,3.93,0.227,Kakinada,AP
2026-08-08,6.6,32.8,25.7,5.31,0.229,Kakinada,AP
2026-08-09,1.5,33.1,27.0,5.57,0.202,Kakinada,AP
2026-08-10,1.2,34.5,27.2,5.1,0.211,Kakinada,AP
2026-08-11,0.5,35.0,27.6,6.07,0.206,Kakinada,AP
2026-08-12,1.4,35.1,27.6,6.07,0.176,Kakinada,AP
2026-08-13,3.3,32.8,25.5,4.72,0.189,Kakinada,AP
2026-08-14,0.6,34.4,26.0,6.19,0.197,Kakinada,AP
2026-08-15,2.2,32.9,25.5,5.14,0.195,Kakinada,AP
2026-08-16,1.5,33.9,26.2,5.78,0.202,Kakinada,AP
2026-08-17,2.9,33.3,28.3,5.15,0.218,Kakinada,AP
2026-08-18,0.5,32.8,25.8,4.62,0.206,Kakinada,AP
2026-08-19,1.8,31.6,27.4,5.22,0.221,Kakinada,AP
2026-08-20,0.6,33.3,26.1,5.7,0.245,Kakinada,AP
2026-08-21,0.4,34.6,27.2,6.23,0.232,Kakinada,AP
2026-08-22,0.0,32.4,28.8,3.82,0.212,Kakinada,AP
2026-08-23,10.3,30.4,26.0,3.36,0.247,Kakinada,AP
2026-08-24,7.5,32.6,26.0,4.17,0.188,Kakinada,AP
2026-08-25,4.3,34.1,25.2,5.05,0.154,Kakinada,AP
2026-08-26,4.7,34.5,26.0,5.83,0.189,Kakinada,AP
2026-08-27,2.8,34.3,28.3,6.29,0.167,Kakinada,AP
2026-08-28,3.4,35.3,28.2,6.31,0.181,Kakinada,AP
2026-08-29,0.5,33.6,28.5,6.65,0.195,Kakinada,AP
2026-08-30,0.9,33.0,27.2,5.44,0.189,Kakinada,AP
2026-08-31,0.3,32.6,27.6,5.38,0.186,Kakinada,AP
2026-09-01,0.0,36.1,28.0,7.03,0.18,Kakinada,AP
2026-09-02,0.8,35.0,28.4,5.94,0.194,Kakinada,AP
2026-09-03,5.1,35.3,26.5,5.19,0.199,Kakinada,AP
2026-09-04,5.8,33.3,27.2,4.44,0.186,Kakinada,AP
2026-09-05,2.1,35.9,27.5,5.55,0.17,Kakinada,AP
2026-09-06,5.4,34.8,27.8,5.1,0.222,Kakinada,AP
2026-09-07,0.6,34.9,27.1,5.77,0.272,Kakinada,AP
2026-09-08,0.4,35.5,27.7,5.94,0.238,Kakinada,AP
2026-09-09,0.5,36.3,27.4,6.01,0.225,Kakinada,AP
2026-09-10,6.5,34.8,27.0,4.02,0.243,Kakinada,AP
