date,precipitation_sum,temperature_2m_max,temperature_2m_min,et0_fao_evapotranspiration,soil_moisture_0_to_7cm_mean,district,state
2014-01-01,0.0,27.9,16.5,3.76,0.161,Palnadu,AP
2014-01-02,0.0,28.4,16.3,3.79,0.159,Palnadu,AP
2014-01-03,0.0,28.8,17.5,3.79,0.156,Palnadu,AP
2014-01-04,0.0,28.4,17.2,3.29,0.154,Palnadu,AP
2014-01-05,0.0,29.2,19.4,3.61,0.152,Palnadu,AP
2014-01-06,0.0,29.3,17.5,3.94,0.151,Palnadu,AP
2014-01-07,0.0,29.3,18.5,3.85,0.149,Palnadu,AP
2014-01-08,0.0,29.0,18.3,3.29,0.148,Palnadu,AP
2014-01-09,0.0,28.8,19.2,3.12,0.147,Palnadu,AP
2014-01-10,0.0,28.8,20.0,3.14,0.147,Palnadu,AP
2014-01-11,0.0,28.8,19.8,3.55,0.147,Palnadu,AP
2014-01-12,0.0,29.8,19.0,4.03,0.145,Palnadu,AP
2014-01-13,0.0,28.8,19.5,3.46,0.144,Palnadu,AP
2014-01-14,0.0,29.5,20.0,3.77,0.143,Palnadu,AP
2014-01-15,0.0,29.6,18.6,3.73,0.142,Palnadu,AP
2014-01-16,0.0,29.4,20.2,3.59,0.142,Palnadu,AP
2014-01-17,0.0,29.5,19.2,4.16,0.141,Palnadu,AP
2014-01-18,0.0,28.6,18.9,3.57,0.141,Palnadu,AP
2014-01-19,0.0,30.0,19.2,3.98,0.14,Palnadu,AP
2014-01-20,0.0,29.6,19.3,3.89,0.139,Palnadu,AP
2014-01-21,0.0,29.6,18.8,4.05,0.139,Palnadu,AP
2014-01-22,0.6,27.4,19.1,3.19,0.141,Palnadu,AP
2014-01-23,0.0,28.2,19.3,3.45,0.145,Palnadu,AP
2014-01-24,0.0,28.7,18.5,3.49,0.144,Palnadu,AP
2014-01-25,0.0,28.5,19.1,3.23,0.144,Palnadu,AP
2014-01-26,0.0,29.5,18.4,3.8,0.144,Palnadu,AP
2014-01-27,0.5,28.0,18.3,3.21,0.145,Palnadu,AP
2014-01-28,0.4,28.4,19.4,3.17,0.148,Palnadu,AP
2014-01-29,0.0,29.5,19.1,3.91,0.148,Palnadu,AP
2014-01-30,0.0,29.1,19.3,3.89,0.146,Palnadu,AP
2014-01-31,0.0,29.5,18.4,4.15,0.144,Palnadu,AP
2014-02-01,0.0,29.2,18.1,3.71,0.142,Palnadu,AP
2014-02-02,0.0,29.7,18.2,4.04,0.141,Palnadu,AP
2014-02-03,0.0,30.8,18.8,4.31,0.139,Palnadu,AP
2014-02-04,0.0,32.1,18.8,4.49,0.138,Palnadu,AP
2014-02-05,0.0,32.1,18.3,4.61,0.136,Palnadu,AP
2014-02-06,0.0,32.9,18.7,4.81,0.135,Palnadu,AP
2014-02-07,0.0,32.6,18.6,5.2,0.134,Palnadu,AP
2014-02-08,0.0,33.1,19.1,5.72,0.133,Palnadu,AP
2014-02-09,0.0,33.4,18.8,5.5,0.132,Palnadu,AP
2014-02-10,0.0,33.0,19.6,5.31,0.131,Palnadu,AP
2014-02-11,0.0,31.6,20.6,4.86,0.131,Palnadu,AP
2014-02-12,0.0,32.0,19.9,4.87,0.13,Palnadu,AP
2014-02-13,0.0,30.5,19.8,5.06,0.13,Palnadu,AP
2014-02-14,0.0,30.1,20.7,4.26,0.13,Palnadu,AP
2014-02-15,0.2,29.5,20.5,3.22,0.131,Palnadu,AP
2014-02-16,1.5,29.9,22.1,3.51,0.137,Palnadu,AP
2014-02-17,1.4,31.1,21.7,4.14,0.155,Palnadu,AP
2014-02-18,0.7,30.0,21.5,3.85,0.158,Palnadu,AP
2014-02-19,0.0,30.1,19.8,4.1,0.155,Palnadu,AP
2014-02-20,0.0,30.9,18.7,4.75,0.151,Palnadu,AP
2014-02-21,0.0,31.0,19.5,4.99,0.147,Palnadu,AP
2014-02-22,0.0,31.5,19.6,5.29,0.144,Palnadu,AP
2014-02-23,0.0,31.0,19.2,5.17,0.141,Palnadu,AP
2014-02-24,0.0,31.6,18.6,5.31,0.139,Palnadu,AP
2014-02-25,0.0,31.5,18.0,5.25,0.138,Palnadu,AP
2014-02-26,0.0,31.6,18.4,5.04,0.136,Palnadu,AP
2014-02-27,0.0,31.8,18.6,5.27,0.135,Palnadu,AP
2014-02-28,0.0,31.5,18.8,5.08,0.134,Palnadu,AP
2014-03-01,0.0,30.1,21.9,4.05,0.134,Palnadu,AP
2014-03-02,0.0,32.0,21.0,4.7,0.133,Palnadu,AP
2014-03-03,0.0,30.7,21.9,4.24,0.133,Palnadu,AP
2014-03-04,0.0,31.0,21.6,4.52,0.133,Palnadu,AP
2014-03-05,0.0,30.8,21.6,4.78,0.132,Palnadu,AP
2014-03-06,0.0,31.8,20.2,4.58,0.131,Palnadu,AP
2014-03-07,0.0,32.4,21.3,5.25,0.131,Palnadu,AP
2014-03-08,0.0,32.3,21.0,5.12,0.131,Palnadu,AP
2014-03-09,0.0,31.0,20.9,4.26,0.13,Palnadu,AP
2014-03-10,0.0,32.4,20.5,5.3,0.13,Palnadu,AP
2014-03-11,0.0,32.3,21.5,5.46,0.129,Palnadu,AP
2014-03-12,0.0,31.6,22.1,4.32,0.129,Palnadu,AP
2014-03-13,0.0,32.8,21.1,4.53,0.129,Palnadu,AP
2014-03-14,0.0,34.8,21.0,5.85,0.129,Palnadu,AP
2014-03-15,0.0,35.6,20.8,6.13,0.128,Palnadu,AP
2014-03-16,0.0,36.3,22.2,5.93,0.128,Palnadu,AP
2014-03-17,0.0,35.6,22.3,5.83,0.128,Palnadu,AP
2014-03-18,0.0,36.8,22.1,6.4,0.128,Palnadu,AP
2014-03-19,0.0,36.9,21.5,6.36,0.128,Palnadu,AP
2014-03-20,0.0,36.9,21.4,6.23,0.128,Palnadu,AP
2014-03-21,0.0,37.3,23.9,6.31,0.128,Palnadu,AP
2014-03-22,0.0,36.2,24.1,6.0,0.128,Palnadu,AP
2014-03-23,0.0,36.2,24.2,6.4,0.128,Palnadu,AP
2014-03-24,0.0,35.7,23.0,6.0,0.128,Palnadu,AP
2014-03-25,0.0,35.5,23.3,6.0,0.128,Palnadu,AP
2014-03-26,0.0,36.4,22.0,6.39,0.127,Palnadu,AP
2014-03-27,0.0,36.4,21.6,6.56,0.127,Palnadu,AP
2014-03-28,0.0,37.7,21.9,6.61,0.127,Palnadu,AP
2014-03-29,0.0,38.9,22.6,6.65,0.127,Palnadu,AP
2014-03-30,0.0,39.1,23.4,7.2,0.127,Palnadu,AP
2014-03-31,0.0,39.0,25.1,7.08,0.127,Palnadu,AP
2014-04-01,0.0,38.5,24.7,6.45,0.127,Palnadu,AP
2014-04-02,0.0,36.8,24.7,6.04,0.127,Palnadu,AP
2014-04-03,0.4,36.3,25.5,5.76,0.127,Palnadu,AP
2014-04-04,0.0,36.8,24.1,6.15,0.128,Palnadu,AP
2014-04-05,0.0,38.0,23.2,6.5,0.128,Palnadu,AP
2014-04-06,0.0,36.9,23.3,6.31,0.128,Palnadu,AP
2014-04-07,0.0,37.8,23.9,6.53,0.127,Palnadu,AP
2014-04-08,0.0,38.7,24.1,6.3,0.127,Palnadu,AP
2014-04-09,0.1,38.0,25.7,5.94,0.129,Palnadu,AP
2014-04-10,0.0,38.5,27.1,6.27,0.131,Palnadu,AP
2014-04-11,0.0,38.5,25.2,6.45,0.13,Palnadu,AP
2014-04-12,0.2,35.2,26.0,5.49,0.13,Palnadu,AP
2014-04-13,0.0,35.8,26.0,6.05,0.131,Palnadu,AP
2014-04-14,0.2,35.4,25.1,5.83,0.131,Palnadu,AP
2014-04-15,0.0,36.1,24.8,5.93,0.131,Palnadu,AP
2014-04-16,0.0,36.7,24.7,6.39,0.13,Palnadu,AP
2014-04-17,0.0,36.8,25.0,6.39,0.13,Palnadu,AP
2014-04-18,0.0,36.2,25.6,6.02,0.129,Palnadu,AP
2014-04-19,0.0,37.3,24.7,6.37,0.129,Palnadu,AP
2014-04-20,0.0,37.1,24.3,6.22,0.128,Palnadu,AP
2014-04-21,0.0,37.6,25.0,6.73,0.128,Palnadu,AP
2014-04-22,0.0,38.0,24.0,6.43,0.128,Palnadu,AP
2014-04-23,0.0,37.7,23.7,6.49,0.128,Palnadu,AP
2014-04-24,0.0,38.3,24.6,6.9,0.128,Palnadu,AP
2014-04-25,0.0,39.3,25.6,6.61,0.128,Palnadu,AP
2014-04-26,0.0,38.8,26.7,6.9,0.128,Palnadu,AP
2014-04-27,0.0,37.5,26.6,6.47,0.128,Palnadu,AP
2014-04-28,0.0,38.0,26.0,6.7,0.128,Palnadu,AP
2014-04-29,0.0,37.6,26.0,6.79,0.128,Palnadu,AP
2014-04-30,0.0,35.9,26.7,5.52,0.128,Palnadu,AP
2014-05-01,0.3,37.8,26.2,6.36,0.128,Palnadu,AP
2014-05-02,0.4,37.3,27.1,6.31,0.131,Palnadu,AP
2014-05-03,0.2,37.1,27.5,6.21,0.135,Palnadu,AP
2014-05-04,0.4,37.1,27.2,6.22,0.138,Palnadu,AP
2014-05-05,0.7,35.8,26.7,5.67,0.145,Palnadu,AP
2014-05-06,0.9,34.9,26.7,5.31,0.15,Palnadu,AP
2014-05-07,3.2,34.7,26.5,5.2,0.167,Palnadu,AP
2014-05-08,0.4,35.4,26.9,5.12,0.177,Palnadu,AP
2014-05-09,23.2,32.3,25.6,3.27,0.249,Palnadu,AP
2014-05-10,1.3,35.5,25.8,5.33,0.319,Palnadu,AP
2014-05-11,0.0,38.2,26.1,6.68,0.263,Palnadu,AP
2014-05-12,0.0,38.9,25.8,6.95,0.227,Palnadu,AP
2014-05-13,0.0,39.8,27.2,6.9,0.2,Palnadu,AP
2014-05-14,0.0,40.7,26.7,6.94,0.179,Palnadu,AP
2014-05-15,0.0,40.0,27.1,7.27,0.163,Palnadu,AP
2014-05-16,0.0,40.0,27.6,7.16,0.152,Palnadu,AP
2014-05-17,1.6,39.3,28.8,5.84,0.153,Palnadu,AP
2014-05-18,0.6,39.4,28.0,6.33,0.162,Palnadu,AP
2014-05-19,0.0,38.3,27.7,6.19,0.156,Palnadu,AP
2014-05-20,0.0,38.7,27.0,6.29,0.149,Palnadu,AP
2014-05-21,0.0,40.4,28.5,6.94,0.143,Palnadu,AP
2014-05-22,0.3,41.9,29.6,7.65,0.142,Palnadu,AP
2014-05-23,0.0,43.7,31.1,9.13,0.142,Palnadu,AP
2014-05-24,0.0,41.1,28.5,6.8,0.138,Palnadu,AP
2014-05-25,0.0,40.4,28.8,6.42,0.135,Palnadu,AP
2014-05-26,0.1,37.3,29.1,5.31,0.135,Palnadu,AP
2014-05-27,0.2,39.4,28.6,6.46,0.135,Palnadu,AP
2014-05-28,0.0,39.2,28.5,6.4,0.134,Palnadu,AP
2014-05-29,0.0,40.8,28.5,6.71,0.132,Palnadu,AP
2014-05-30,0.0,41.7,28.4,6.89,0.131,Palnadu,AP
2014-05-31,0.0,43.0,29.9,7.23,0.13,Palnadu,AP
2014-06-01,0.0,42.6,29.9,6.91,0.13,Palnadu,AP
2014-06-02,0.0,38.9,29.2,6.6,0.13,Palnadu,AP
2014-06-03,17.2,37.0,25.7,5.59,0.289,Palnadu,AP
2014-06-04,0.0,37.5,28.2,6.08,0.259,Palnadu,AP
2014-06-05,0.7,38.7,27.8,6.4,0.229,Palnadu,AP
2014-06-06,0.0,41.3,30.2,7.22,0.201,Palnadu,AP
2014-06-07,0.0,42.0,30.7,7.88,0.179,Palnadu,AP
2014-06-08,9.2,41.7,28.1,7.37,0.181,Palnadu,AP
2014-06-09,0.0,36.8,29.1,6.47,0.27,Palnadu,AP
2014-06-10,0.4,39.9,29.5,7.84,0.234,Palnadu,AP
2014-06-11,1.5,39.8,30.6,8.3,0.21,Palnadu,AP
2014-06-12,0.0,40.2,30.4,8.64,0.195,Palnadu,AP
2014-06-13,5.0,39.0,27.9,7.31,0.192,Palnadu,AP
2014-06-14,11.7,33.5,26.1,4.0,0.315,Palnadu,AP
2014-06-15,0.0,37.0,29.4,7.44,0.276,Palnadu,AP
2014-06-16,0.2,38.6,30.1,7.83,0.237,Palnadu,AP
2014-06-17,0.0,39.2,30.0,8.36,0.21,Palnadu,AP
2014-06-18,0.0,38.4,30.1,7.83,0.188,Palnadu,AP
2014-06-19,0.0,36.2,29.1,6.89,0.173,Palnadu,AP
2014-06-20,0.0,36.5,29.1,6.51,0.164,Palnadu,AP
2014-06-21,0.0,37.8,29.9,7.73,0.155,Palnadu,AP
2014-06-22,0.0,38.6,30.3,8.23,0.148,Palnadu,AP
2014-06-23,0.0,39.9,30.6,9.18,0.142,Palnadu,AP
2014-06-24,0.0,40.6,30.7,9.48,0.138,Palnadu,AP
2014-06-25,0.0,40.5,30.8,8.98,0.135,Palnadu,AP
2014-06-26,0.9,38.9,30.7,7.84,0.135,Palnadu,AP
2014-06-27,0.8,37.0,28.9,4.17,0.142,Palnadu,AP
2014-06-28,15.3,33.3,26.9,3.57,0.207,Palnadu,AP
2014-06-29,0.4,36.1,26.6,5.42,0.301,Palnadu,AP
2014-06-30,0.0,37.8,28.3,5.94,0.254,Palnadu,AP
2014-07-01,0.3,39.0,29.8,7.35,0.222,Palnadu,AP
2014-07-02,1.5,38.2,28.8,6.06,0.202,Palnadu,AP
2014-07-03,0.0,39.0,30.5,7.76,0.189,Palnadu,AP
2014-07-04,0.3,37.4,30.4,6.86,0.171,Palnadu,AP
2014-07-05,5.7,37.6,27.4,5.36,0.183,Palnadu,AP
2014-07-06,15.1,35.7,26.5,4.81,0.282,Palnadu,AP
2014-07-07,12.0,35.5,26.0,5.28,0.328,Palnadu,AP
2014-07-08,12.1,32.5,26.5,4.19,0.344,Palnadu,AP
2014-07-09,12.2,32.4,26.1,3.84,0.374,Palnadu,AP
2014-07-10,6.4,33.1,26.3,4.03,0.367,Palnadu,AP
2014-07-11,3.4,31.4,25.8,3.68,0.358,Palnadu,AP
2014-07-12,5.0,30.2,25.2,3.08,0.358,Palnadu,AP
2014-07-13,8.8,29.9,24.7,2.8,0.385,Palnadu,AP
2014-07-14,6.4,29.5,26.5,3.16,0.367,Palnadu,AP
2014-07-15,5.8,28.7,24.8,2.26,0.376,Palnadu,AP
2014-07-16,0.1,31.9,26.5,3.93,0.355,Palnadu,AP
2014-07-17,0.0,31.8,26.9,3.99,0.329,Palnadu,AP
2014-07-18,0.0,32.3,27.0,4.62,0.309,Palnadu,AP
2014-07-19,1.0,30.5,26.7,3.75,0.294,Palnadu,AP
2014-07-20,1.2,31.7,26.0,4.2,0.299,Palnadu,AP
2014-07-21,0.0,31.9,27.8,4.93,0.283,Palnadu,AP
2014-07-22,1.0,31.2,26.3,4.12,0.272,Palnadu,AP
2014-07-23,0.0,32.8,27.1,5.42,0.266,Palnadu,AP
2014-07-24,0.0,33.5,26.5,5.44,0.25,Palnadu,AP
2014-07-25,0.0,34.5,26.9,6.59,0.231,Palnadu,AP
2014-07-26,0.2,34.9,27.8,5.69,0.215,Palnadu,AP
2014-07-27,17.3,28.5,24.9,1.66,0.287,Palnadu,AP
2014-07-28,51.8,25.8,24.6,1.18,0.419,Palnadu,AP
2014-07-29,33.8,29.0,24.4,1.96,0.425,Palnadu,AP
2014-07-30,15.2,29.5,24.3,2.64,0.421,Palnadu,AP
2014-07-31,0.9,28.4,25.4,2.87,0.401,Palnadu,AP
2014-08-01,0.4,32.9,26.4,5.0,0.373,Palnadu,AP
2014-08-02,0.1,32.1,26.8,4.94,0.351,Palnadu,AP
2014-08-03,0.1,32.8,27.0,5.28,0.328,Palnadu,AP
2014-08-04,0.0,32.5,27.0,5.25,0.31,Palnadu,AP
2014-08-05,4.7,31.8,24.8,4.5,0.331,Palnadu,AP
2014-08-06,0.0,33.2,26.7,5.81,0.31,Palnadu,AP
2014-08-07,0.0,33.1,27.1,5.17,0.288,Palnadu,AP
2014-08-08,0.0,33.6,27.1,5.69,0.269,Palnadu,AP
2014-08-09,0.0,33.8,27.0,5.82,0.253,Palnadu,AP
2014-08-10,0.0,34.0,27.3,4.94,0.238,Palnadu,AP
2014-08-11,0.9,33.1,25.9,4.21,0.237,Palnadu,AP
2014-08-12,2.0,33.9,25.8,4.52,0.238,Palnadu,AP
2014-08-13,0.0,34.7,27.7,5.97,0.232,Palnadu,AP
2014-08-14,0.0,35.1,28.3,6.27,0.215,Palnadu,AP
2014-08-15,0.0,34.8,28.0,5.79,0.2,Palnadu,AP
2014-08-16,0.0,33.1,28.0,4.27,0.19,Palnadu,AP
2014-08-17,2.9,34.3,26.3,4.44,0.188,Palnadu,AP
2014-08-18,4.9,34.5,24.4,4.38,0.27,Palnadu,AP
2014-08-19,0.7,33.5,25.6,4.8,0.269,Palnadu,AP
2014-08-20,0.2,34.9,26.5,5.37,0.247,Palnadu,AP
2014-08-21,0.1,34.5,26.6,5.21,0.229,Palnadu,AP
2014-08-22,0.0,34.0,26.4,5.44,0.212,Palnadu,AP
2014-08-23,3.8,33.5,26.2,4.51,0.216,Palnadu,AP
2014-08-24,0.1,33.5,25.8,4.41,0.229,Palnadu,AP
2014-08-25,10.2,35.2,26.0,4.0,0.254,Palnadu,AP
2014-08-26,5.3,33.5,25.2,3.58,0.312,Palnadu,AP
2014-08-27,17.7,26.3,24.6,1.48,0.367,Palnadu,AP
2014-08-28,20.9,27.4,24.1,1.54,0.398,Palnadu,AP
2014-08-29,32.3,26.3,23.8,1.14,0.427,Palnadu,AP
2014-08-30,46.2,29.5,24.1,2.61,0.42,Palnadu,AP
2014-08-31,11.2,29.9,24.5,3.11,0.41,Palnadu,AP
2014-09-01,0.7,31.9,25.0,4.42,0.397,Palnadu,AP
2014-09-02,1.5,30.0,26.0,3.18,0.373,Palnadu,AP
2014-09-03,0.0,32.7,25.2,4.53,0.364,Palnadu,AP
2014-09-04,0.3,32.2,26.2,4.3,0.344,Palnadu,AP
2014-09-05,2.6,31.1,25.8,3.51,0.331,Palnadu,AP
2014-09-06,25.0,26.9,24.6,1.52,0.384,Palnadu,AP
2014-09-07,1.1,30.3,24.5,4.0,0.399,Palnadu,AP
2014-09-08,0.0,32.1,24.7,5.33,0.369,Palnadu,AP
2014-09-09,0.0,32.5,24.9,5.43,0.346,Palnadu,AP
2014-09-10,0.8,32.5,25.6,5.46,0.326,Palnadu,AP
2014-09-11,0.1,31.3,25.1,4.01,0.319,Palnadu,AP
2014-09-12,12.7,32.3,24.8,4.64,0.341,Palnadu,AP
2014-09-13,2.6,32.6,25.9,4.3,0.362,Palnadu,AP
2014-09-14,6.6,33.2,25.6,4.63,0.362,Palnadu,AP
2014-09-15,7.2,31.6,25.0,3.96,0.39,Palnadu,AP
2014-09-16,14.5,30.0,24.2,2.25,0.415,Palnadu,AP
2014-09-17,3.1,30.9,25.2,2.8,0.402,Palnadu,AP
2014-09-18,36.4,31.3,24.2,3.3,0.425,Palnadu,AP
2014-09-19,23.2,31.3,24.4,3.07,0.426,Palnadu,AP
2014-09-20,14.8,29.3,24.6,1.76,0.424,Palnadu,AP
2014-09-21,0.5,32.6,26.0,4.65,0.399,Palnadu,AP
2014-09-22,0.3,32.7,25.5,4.54,0.381,Palnadu,AP
2014-09-23,0.9,32.8,25.6,4.67,0.366,Palnadu,AP
2014-09-24,8.3,32.3,25.0,3.85,0.4,Palnadu,AP
2014-09-25,1.9,31.9,24.5,3.91,0.395,Palnadu,AP
2014-09-26,2.5,31.4,24.8,4.19,0.386,Palnadu,AP
2014-09-27,0.9,31.3,25.2,4.23,0.38,Palnadu,AP
2014-09-28,0.9,31.2,24.5,4.14,0.366,Palnadu,AP
2014-09-29,0.6,31.8,24.6,4.13,0.356,Palnadu,AP
2014-09-30,0.2,32.2,23.8,4.52,0.343,Palnadu,AP
2014-10-01,0.3,32.6,23.9,4.7,0.329,Palnadu,AP
2014-10-02,0.3,33.1,24.2,4.71,0.317,Palnadu,AP
2014-10-03,1.4,32.7,24.6,4.27,0.312,Palnadu,AP
2014-10-04,0.3,32.6,24.3,4.46,0.306,Palnadu,AP
2014-10-05,1.2,33.5,25.3,4.56,0.296,Palnadu,AP
2014-10-06,3.1,32.6,24.1,4.34,0.31,Palnadu,AP
2014-10-07,4.3,30.8,24.0,4.04,0.343,Palnadu,AP
2014-10-08,0.8,31.4,24.1,4.01,0.321,Palnadu,AP
2014-10-09,0.0,31.5,24.2,3.68,0.306,Palnadu,AP
2014-10-10,0.1,32.8,25.4,4.33,0.291,Palnadu,AP
2014-10-11,0.0,34.2,27.7,5.81,0.274,Palnadu,AP
2014-10-12,0.3,33.3,27.8,6.28,0.256,Palnadu,AP
2014-10-13,0.0,34.6,27.9,5.73,0.242,Palnadu,AP
2014-10-14,0.0,34.5,26.6,5.21,0.229,Palnadu,AP
2014-10-15,0.5,31.0,25.4,3.62,0.224,Palnadu,AP
2014-10-16,1.5,32.7,23.7,3.99,0.229,Palnadu,AP
2014-10-17,0.3,32.6,24.2,4.42,0.234,Palnadu,AP
2014-10-18,2.1,31.6,23.9,4.17,0.236,Palnadu,AP
2014-10-19,4.1,32.0,24.5,3.64,0.261,Palnadu,AP
2014-10-20,0.5,30.5,24.2,2.65,0.282,Palnadu,AP
2014-10-21,0.6,31.2,22.2,4.07,0.269,Palnadu,AP
2014-10-22,0.0,31.4,23.5,4.31,0.255,Palnadu,AP
2014-10-23,0.5,31.3,22.9,4.2,0.241,Palnadu,AP
2014-10-24,0.0,31.9,23.2,4.12,0.23,Palnadu,AP
2014-10-25,8.8,30.4,23.9,2.79,0.267,Palnadu,AP
2014-10-26,24.7,28.0,23.5,1.74,0.352,Palnadu,AP
2014-10-27,7.8,27.6,23.0,1.88,0.383,Palnadu,AP
2014-10-28,0.1,29.1,22.1,2.89,0.351,Palnadu,AP
2014-10-29,0.0,30.4,22.0,4.39,0.329,Palnadu,AP
2014-10-30,0.0,30.4,19.5,4.36,0.309,Palnadu,AP
2014-10-31,0.0,30.8,19.9,4.36,0.293,Palnadu,AP
2014-11-01,1.6,29.2,22.6,2.97,0.284,Palnadu,AP
2014-11-02,0.0,30.6,22.9,3.81,0.279,Palnadu,AP
2014-11-03,0.0,31.3,21.1,4.1,0.266,Palnadu,AP
2014-11-04,0.0,31.9,21.5,4.93,0.253,Palnadu,AP
2014-11-05,0.0,32.2,21.2,5.51,0.238,Palnadu,AP
2014-11-06,0.0,32.6,22.0,4.9,0.224,Palnadu,AP
2014-11-07,0.0,32.6,21.2,5.29,0.213,Palnadu,AP
2014-11-08,0.0,31.7,21.2,4.48,0.202,Palnadu,AP
2014-11-09,14.2,27.7,22.9,1.71,0.232,Palnadu,AP
2014-11-10,7.8,30.9,22.8,2.99,0.363,Palnadu,AP
2014-11-11,0.7,30.1,23.1,3.2,0.323,Palnadu,AP
2014-11-12,3.5,28.6,22.9,2.11,0.314,Palnadu,AP
2014-11-13,12.3,26.4,23.5,1.31,0.388,Palnadu,AP
2014-11-14,6.3,29.9,23.0,2.74,0.377,Palnadu,AP
2014-11-15,0.0,30.1,22.3,3.61,0.364,Palnadu,AP
2014-11-16,0.0,30.0,21.3,3.9,0.338,Palnadu,AP
2014-11-17,0.0,30.5,21.1,3.96,0.32,Palnadu,AP
2014-11-18,0.0,30.1,21.3,3.81,0.306,Palnadu,AP
2014-11-19,1.4,30.1,22.0,3.12,0.3,Palnadu,AP
2014-11-20,0.5,29.9,22.6,3.33,0.306,Palnadu,AP
2014-11-21,0.0,30.2,22.4,3.77,0.292,Palnadu,AP
2014-11-22,0.0,30.2,20.4,3.96,0.277,Palnadu,AP
2014-11-23,0.0,30.2,20.8,3.95,0.265,Palnadu,AP
2014-11-24,0.0,29.5,21.0,3.55,0.254,Palnadu,AP
2014-11-25,0.0,29.6,21.2,4.13,0.243,Palnadu,AP
2014-11-26,0.0,29.9,18.7,4.13,0.232,Palnadu,AP
2014-11-27,0.0,29.7,18.3,3.91,0.222,Palnadu,AP
2014-11-28,0.0,29.6,18.5,3.62,0.214,Palnadu,AP
2014-11-29,0.0,30.6,19.4,4.03,0.207,Palnadu,AP
2014-11-30,0.0,31.0,17.9,4.41,0.199,Palnadu,AP
2014-12-01,0.0,30.7,18.8,4.15,0.19,Palnadu,AP
2014-12-02,0.0,30.8,17.4,4.19,0.184,Palnadu,AP
2014-12-03,0.0,31.2,17.7,4.33,0.177,Palnadu,AP
2014-12-04,0.0,31.1,17.7,4.27,0.171,Palnadu,AP
2014-12-05,0.0,30.1,18.3,4.08,0.166,Palnadu,AP
2014-12-06,0.0,30.0,18.3,4.05,0.162,Palnadu,AP
2014-12-07,0.0,30.9,18.7,4.03,0.158,Palnadu,AP
2014-12-08,0.0,31.2,19.9,3.97,0.155,Palnadu,AP
2014-12-09,0.0,31.2,20.8,3.95,0.152,Palnadu,AP
2014-12-10,0.0,29.6,22.1,3.35,0.15,Palnadu,AP
2014-12-11,1.4,27.7,22.2,1.89,0.156,Palnadu,AP
2014-12-12,0.0,29.5,21.0,3.28,0.164,Palnadu,AP
2014-12-13,0.0,29.7,20.3,3.48,0.16,Palnadu,AP
2014-12-14,0.3,29.8,20.3,3.42,0.157,Palnadu,AP
2014-12-15,0.0,30.3,21.3,3.34,0.154,Palnadu,AP
2014-12-16,0.0,30.9,21.0,3.64,0.151,Palnadu,AP
2014-12-17,0.0,30.1,22.3,3.88,0.148,Palnadu,AP
2014-12-18,0.0,28.8,21.1,3.34,0.148,Palnadu,AP
2014-12-19,0.0,29.4,20.3,4.02,0.146,Palnadu,AP
2014-12-20,0.0,28.4,16.8,3.96,0.144,Palnadu,AP
2014-12-21,0.0,28.8,16.9,4.0,0.142,Palnadu,AP
2014-12-22,0.0,28.9,16.4,3.99,0.141,Palnadu,AP
2014-12-23,0.0,29.5,16.7,4.32,0.139,Palnadu,AP
2014-12-24,0.0,29.5,16.9,4.07,0.138,Palnadu,AP
2014-12-25,0.0,29.0,17.0,3.63,0.137,Palnadu,AP
2014-12-26,0.0,29.6,16.9,4.12,0.136,Palnadu,AP
2014-12-27,0.0,28.8,16.0,3.86,0.136,Palnadu,AP
2014-12-28,0.0,29.5,18.7,4.24,0.135,Palnadu,AP
2014-12-29,0.0,29.7,20.3,4.15,0.134,Palnadu,AP
2014-12-30,0.0,30.7,20.4,3.93,0.135,Palnadu,AP
2014-12-31,0.0,32.0,20.3,3.97,0.134,Palnadu,AP
2015-01-01,0.0,30.9,21.9,3.87,0.134,Palnadu,AP
2015-01-02,0.6,29.5,23.1,3.02,0.136,Palnadu,AP
2015-01-03,1.6,29.6,23.0,2.94,0.144,Palnadu,AP
2015-01-04,1.1,29.7,22.5,2.8,0.158,Palnadu,AP
2015-01-05,0.0,31.9,21.6,4.05,0.158,Palnadu,AP
2015-01-06,0.0,31.4,20.7,4.03,0.153,Palnadu,AP
2015-01-07,0.0,31.8,21.6,3.69,0.149,Palnadu,AP
2015-01-08,0.2,30.3,21.7,3.19,0.147,Palnadu,AP
2015-01-09,0.0,31.0,18.4,5.37,0.145,Palnadu,AP
2015-01-10,0.0,30.4,15.6,4.8,0.142,Palnadu,AP
2015-01-11,0.0,30.0,15.3,4.28,0.14,Palnadu,AP
2015-01-12,0.0,30.1,16.2,4.2,0.138,Palnadu,AP
2015-01-13,0.0,30.3,16.7,4.25,0.137,Palnadu,AP
2015-01-14,0.0,30.1,17.2,4.31,0.136,Palnadu,AP
2015-01-15,0.0,30.6,17.4,4.23,0.135,Palnadu,AP
2015-01-16,0.0,31.4,18.5,4.18,0.134,Palnadu,AP
2015-01-17,0.0,31.0,17.1,4.47,0.133,Palnadu,AP
2015-01-18,0.0,31.1,17.6,4.33,0.132,Palnadu,AP
2015-01-19,0.0,31.0,18.9,4.53,0.131,Palnadu,AP
2015-01-20,0.0,30.0,17.8,4.44,0.131,Palnadu,AP
2015-01-21,0.0,29.7,18.4,4.79,0.13,Palnadu,AP
2015-01-22,0.0,30.3,16.8,4.8,0.13,Palnadu,AP
2015-01-23,0.0,31.0,17.7,4.61,0.13,Palnadu,AP
2015-01-24,0.0,31.4,17.7,4.79,0.129,Palnadu,AP
2015-01-25,0.0,30.8,18.6,4.68,0.129,Palnadu,AP
2015-01-26,0.0,30.4,18.7,4.49,0.129,Palnadu,AP
2015-01-27,0.0,29.9,17.6,4.34,0.129,Palnadu,AP
2015-01-28,0.0,30.3,19.2,4.52,0.129,Palnadu,AP
2015-01-29,0.0,30.1,18.1,3.88,0.129,Palnadu,AP
2015-01-30,0.0,30.7,18.8,3.87,0.128,Palnadu,AP
2015-01-31,0.0,31.2,20.0,4.13,0.128,Palnadu,AP
2015-02-01,0.0,30.5,20.6,3.63,0.129,Palnadu,AP
2015-02-02,0.1,29.7,20.4,3.75,0.13,Palnadu,AP
2015-02-03,0.0,30.7,18.9,4.65,0.13,Palnadu,AP
2015-02-04,0.0,31.6,16.8,4.78,0.13,Palnadu,AP
2015-02-05,0.0,31.8,18.1,4.96,0.13,Palnadu,AP
2015-02-06,0.0,31.5,18.4,4.96,0.129,Palnadu,AP
2015-02-07,0.0,31.4,18.6,4.75,0.129,Palnadu,AP
2015-02-08,0.0,31.6,19.6,4.78,0.129,Palnadu,AP
2015-02-09,0.0,31.1,19.3,4.85,0.129,Palnadu,AP
2015-02-10,0.0,30.7,19.8,4.62,0.129,Palnadu,AP
2015-02-11,0.0,31.4,18.9,4.81,0.128,Palnadu,AP
2015-02-12,0.0,31.7,19.4,4.63,0.128,Palnadu,AP
2015-02-13,0.0,32.9,18.9,5.13,0.128,Palnadu,AP
2015-02-14,0.0,34.5,19.6,4.99,0.128,Palnadu,AP
2015-02-15,0.0,34.0,20.3,5.26,0.128,Palnadu,AP
2015-02-16,0.0,33.7,20.9,4.99,0.127,Palnadu,AP
2015-02-17,0.0,34.3,20.6,5.35,0.127,Palnadu,AP
2015-02-18,0.0,34.4,21.2,5.79,0.127,Palnadu,AP
2015-02-19,0.0,32.4,21.3,4.74,0.127,Palnadu,AP
2015-02-20,0.0,32.4,20.7,5.03,0.127,Palnadu,AP
2015-02-21,0.0,32.7,18.8,4.91,0.127,Palnadu,AP
2015-02-22,0.0,34.0,20.4,5.3,0.127,Palnadu,AP
2015-02-23,0.0,34.4,20.7,5.97,0.127,Palnadu,AP
2015-02-24,0.0,34.3,18.9,6.21,0.127,Palnadu,AP
2015-02-25,0.0,34.8,18.8,6.03,0.127,Palnadu,AP
2015-02-26,0.0,34.1,19.0,6.1,0.127,Palnadu,AP
2015-02-27,0.0,33.6,17.6,5.7,0.127,Palnadu,AP
2015-02-28,0.0,32.5,21.6,5.47,0.127,Palnadu,AP
2015-03-01,0.2,31.4,22.9,4.8,0.128,Palnadu,AP
2015-03-02,1.7,31.8,24.1,3.9,0.136,Palnadu,AP
2015-03-03,1.1,32.8,23.5,4.15,0.146,Palnadu,AP
2015-03-04,0.3,33.4,23.5,4.3,0.152,Palnadu,AP
2015-03-05,0.9,33.7,24.4,4.55,0.154,Palnadu,AP
2015-03-06,0.3,33.8,24.9,4.67,0.158,Palnadu,AP
2015-03-07,1.0,33.2,23.6,4.64,0.163,Palnadu,AP
2015-03-08,0.5,33.4,24.1,5.11,0.168,Palnadu,AP
2015-03-09,0.2,33.4,23.3,4.8,0.163,Palnadu,AP
2015-03-10,0.0,35.3,23.7,5.69,0.157,Palnadu,AP
2015-03-11,0.0,35.1,20.7,6.25,0.15,Palnadu,AP
2015-03-12,0.0,35.2,21.4,5.95,0.145,Palnadu,AP
2015-03-13,0.0,35.7,22.6,5.92,0.142,Palnadu,AP
2015-03-14,0.0,34.8,20.7,6.07,0.139,Palnadu,AP
2015-03-15,0.0,35.0,22.3,6.02,0.137,Palnadu,AP
2015-03-16,0.0,35.2,22.0,5.93,0.136,Palnadu,AP
2015-03-17,0.0,35.9,20.2,5.93,0.134,Palnadu,AP
2015-03-18,0.0,37.6,20.4,6.66,0.132,Palnadu,AP
2015-03-19,0.0,36.3,22.4,5.73,0.131,Palnadu,AP
2015-03-20,0.0,36.8,21.8,6.2,0.13,Palnadu,AP
2015-03-21,0.0,37.6,21.7,6.23,0.13,Palnadu,AP
2015-03-22,0.0,38.9,23.8,6.57,0.129,Palnadu,AP
2015-03-23,0.0,38.1,23.5,6.52,0.129,Palnadu,AP
2015-03-24,0.0,38.4,23.5,6.47,0.128,Palnadu,AP
2015-03-25,0.1,36.1,24.6,5.8,0.128,Palnadu,AP
2015-03-26,0.0,35.4,24.0,6.06,0.129,Palnadu,AP
2015-03-27,0.0,35.7,23.9,6.06,0.129,Palnadu,AP
2015-03-28,0.0,36.1,23.3,6.17,0.129,Palnadu,AP
2015-03-29,0.1,35.8,25.6,6.19,0.129,Palnadu,AP
2015-03-30,0.0,35.1,25.4,5.73,0.129,Palnadu,AP
2015-03-31,0.0,34.3,25.3,4.99,0.129,Palnadu,AP
2015-04-01,0.2,35.9,25.5,6.11,0.129,Palnadu,AP
2015-04-02,0.0,37.4,25.6,6.02,0.13,Palnadu,AP
2015-04-03,1.5,38.5,26.5,5.8,0.131,Palnadu,AP
2015-04-04,0.0,39.9,26.9,6.19,0.134,Palnadu,AP
2015-04-05,0.1,37.6,27.5,6.19,0.133,Palnadu,AP
2015-04-06,0.0,37.4,26.9,6.56,0.133,Palnadu,AP
2015-04-07,0.0,37.0,26.2,6.54,0.132,Palnadu,AP
2015-04-08,0.0,35.4,26.2,6.4,0.131,Palnadu,AP
2015-04-09,0.0,36.2,25.7,6.08,0.13,Palnadu,AP
2015-04-10,0.0,36.9,26.3,6.16,0.13,Palnadu,AP
2015-04-11,0.0,37.1,25.5,6.48,0.129,Palnadu,AP
2015-04-12,1.8,32.1,24.9,3.89,0.132,Palnadu,AP
2015-04-13,4.8,34.5,24.8,4.7,0.159,Palnadu,AP
2015-04-14,10.0,31.8,23.1,4.74,0.243,Palnadu,AP
2015-04-15,6.2,31.1,23.7,4.45,0.282,Palnadu,AP
2015-04-16,4.4,32.4,23.1,4.14,0.305,Palnadu,AP
2015-04-17,0.1,34.6,23.6,5.4,0.279,Palnadu,AP
2015-04-18,0.0,36.5,24.9,5.99,0.241,Palnadu,AP
2015-04-19,0.0,37.2,24.4,6.51,0.212,Palnadu,AP
2015-04-20,0.0,37.4,25.3,6.46,0.191,Palnadu,AP
2015-04-21,0.0,38.3,26.2,6.69,0.175,Palnadu,AP
2015-04-22,0.0,40.1,26.8,6.97,0.163,Palnadu,AP
2015-04-23,2.0,39.7,27.4,6.28,0.156,Palnadu,AP
2015-04-24,2.5,37.3,28.4,5.76,0.165,Palnadu,AP
2015-04-25,0.6,36.9,26.6,5.57,0.177,Palnadu,AP
2015-04-26,0.4,35.7,26.7,5.67,0.173,Palnadu,AP
2015-04-27,0.0,37.3,26.2,6.58,0.165,Palnadu,AP
2015-04-28,0.0,38.8,26.3,6.58,0.156,Palnadu,AP
2015-04-29,0.1,39.3,27.1,7.08,0.149,Palnadu,AP
2015-04-30,0.0,41.1,27.2,6.59,0.145,Palnadu,AP
2015-05-01,0.0,40.8,27.5,6.64,0.141,Palnadu,AP
2015-05-02,0.4,40.9,27.9,6.64,0.142,Palnadu,AP
2015-05-03,0.2,37.9,27.9,5.96,0.147,Palnadu,AP
2015-05-04,0.8,37.2,27.3,6.33,0.148,Palnadu,AP
2015-05-05,0.0,38.0,25.9,6.75,0.149,Palnadu,AP
2015-05-06,0.4,37.9,26.6,6.54,0.147,Palnadu,AP
2015-05-07,0.8,38.9,27.1,6.81,0.149,Palnadu,AP
2015-05-08,0.0,40.3,27.0,6.54,0.148,Palnadu,AP
2015-05-09,0.0,39.2,27.0,6.56,0.143,Palnadu,AP
2015-05-10,0.0,38.5,27.5,5.63,0.141,Palnadu,AP
2015-05-11,0.0,38.8,28.1,6.59,0.138,Palnadu,AP
2015-05-12,0.0,39.2,27.0,6.08,0.136,Palnadu,AP
2015-05-13,0.0,37.3,27.7,6.1,0.134,Palnadu,AP
2015-05-14,0.0,37.5,27.6,5.77,0.134,Palnadu,AP
2015-05-15,5.0,35.4,27.8,4.87,0.166,Palnadu,AP
2015-05-16,3.6,35.7,27.3,5.24,0.226,Palnadu,AP
2015-05-17,0.3,34.9,27.2,4.17,0.231,Palnadu,AP
2015-05-18,0.0,38.1,26.7,5.45,0.21,Palnadu,AP
2015-05-19,0.0,41.9,28.5,6.96,0.188,Palnadu,AP
2015-05-20,0.0,44.9,31.4,8.02,0.168,Palnadu,AP
2015-05-21,0.0,45.8,31.3,7.99,0.154,Palnadu,AP
2015-05-22,0.0,45.5,33.2,8.59,0.144,Palnadu,AP
2015-05-23,0.0,44.4,33.3,9.15,0.139,Palnadu,AP
2015-05-24,0.0,44.2,33.6,9.97,0.135,Palnadu,AP
2015-05-25,0.2,43.8,33.1,10.22,0.133,Palnadu,AP
2015-05-26,0.0,44.7,33.1,9.46,0.132,Palnadu,AP
2015-05-27,0.0,44.8,32.9,9.06,0.131,Palnadu,AP
2015-05-28,0.2,43.5,31.8,7.8,0.131,Palnadu,AP
2015-05-29,0.0,42.6,30.0,6.92,0.132,Palnadu,AP
2015-05-30,0.0,42.9,30.6,7.65,0.131,Palnadu,AP
2015-05-31,0.4,41.6,29.7,7.21,0.133,Palnadu,AP
2015-06-01,2.5,39.0,29.7,5.43,0.15,Palnadu,AP
2015-06-02,17.0,36.9,26.2,4.08,0.288,Palnadu,AP
2015-06-03,0.3,36.3,28.2,5.67,0.294,Palnadu,AP
2015-06-04,0.5,37.3,28.1,5.87,0.256,Palnadu,AP
2015-06-05,4.7,37.5,28.5,4.78,0.251,Palnadu,AP
2015-06-06,0.0,34.7,29.3,3.56,0.261,Palnadu,AP
2015-06-07,18.4,32.3,26.9,3.51,0.339,Palnadu,AP
2015-06-08,0.7,33.7,28.0,3.91,0.308,Palnadu,AP
2015-06-09,0.0,34.0,27.4,4.13,0.277,Palnadu,AP
2015-06-10,0.0,37.4,28.9,6.15,0.25,Palnadu,AP
2015-06-11,0.2,39.5,28.5,6.65,0.225,Palnadu,AP
2015-06-12,19.1,35.6,27.2,4.94,0.25,Palnadu,AP
2015-06-13,5.6,34.9,27.3,4.24,0.342,Palnadu,AP
2015-06-14,0.2,33.4,28.0,3.75,0.319,Palnadu,AP
2015-06-15,0.2,31.9,27.0,3.47,0.291,Palnadu,AP
2015-06-16,2.5,32.7,26.2,4.43,0.288,Palnadu,AP
2015-06-17,13.4,30.4,25.3,2.33,0.333,Palnadu,AP
2015-06-18,81.4,25.9,25.0,1.38,0.429,Palnadu,AP
2015-06-19,77.1,26.8,24.5,1.3,0.432,Palnadu,AP
2015-06-20,58.6,25.5,25.0,1.23,0.432,Palnadu,AP
2015-06-21,6.6,29.8,24.7,2.83,0.421,Palnadu,AP
2015-06-22,0.2,33.1,25.7,5.41,0.39,Palnadu,AP
2015-06-23,0.0,32.7,27.3,4.92,0.368,Palnadu,AP
2015-06-24,0.0,33.1,27.8,5.41,0.35,Palnadu,AP
2015-06-25,0.0,32.9,27.3,4.98,0.335,Palnadu,AP
2015-06-26,0.1,33.5,27.6,5.51,0.321,Palnadu,AP
2015-06-27,0.0,34.1,27.7,6.07,0.306,Palnadu,AP
2015-06-28,0.1,34.1,27.0,5.8,0.291,Palnadu,AP
2015-06-29,0.4,34.8,26.6,5.67,0.278,Palnadu,AP
2015-06-30,0.1,35.0,27.5,5.98,0.266,Palnadu,AP
2015-07-01,0.0,34.9,27.9,5.96,0.252,Palnadu,AP
2015-07-02,3.8,34.4,27.2,5.03,0.253,Palnadu,AP
2015-07-03,0.0,35.1,27.5,6.02,0.278,Palnadu,AP
2015-07-04,0.0,36.4,28.4,7.35,0.253,Palnadu,AP
2015-07-05,0.0,36.5,28.4,7.8,0.231,Palnadu,AP
2015-07-06,0.0,36.6,29.1,7.89,0.212,Palnadu,AP
2015-07-07,0.0,36.5,28.8,7.86,0.196,Palnadu,AP
2015-07-08,0.0,36.0,30.2,7.26,0.183,Palnadu,AP
2015-07-09,0.0,36.7,30.0,7.38,0.174,Palnadu,AP
2015-07-10,0.8,35.2,27.2,6.36,0.168,Palnadu,AP
2015-07-11,0.0,36.2,29.3,6.47,0.169,Palnadu,AP
2015-07-12,0.0,37.2,29.3,7.33,0.161,Palnadu,AP
2015-07-13,0.5,37.4,28.9,6.84,0.155,Palnadu,AP
2015-07-14,18.4,35.0,25.4,5.0,0.325,Palnadu,AP
2015-07-15,20.8,32.9,25.4,4.03,0.377,Palnadu,AP
2015-07-16,0.1,34.1,28.0,5.2,0.324,Palnadu,AP
2015-07-17,0.1,34.7,28.6,6.18,0.293,Palnadu,AP
2015-07-18,0.8,34.3,27.1,5.22,0.275,Palnadu,AP
2015-07-19,4.7,34.5,26.4,5.53,0.268,Palnadu,AP
2015-07-20,1.4,34.7,27.4,5.82,0.302,Palnadu,AP
2015-07-21,2.1,34.7,27.0,5.45,0.293,Palnadu,AP
2015-07-22,0.5,33.8,27.1,4.65,0.288,Palnadu,AP
2015-07-23,0.6,34.0,27.2,5.1,0.272,Palnadu,AP
2015-07-24,1.9,34.9,27.7,5.33,0.258,Palnadu,AP
2015-07-25,0.3,34.7,27.8,5.82,0.249,Palnadu,AP
2015-07-26,0.6,33.5,27.3,4.47,0.237,Palnadu,AP
2015-07-27,0.6,34.5,25.7,5.28,0.235,Palnadu,AP
2015-07-28,0.9,35.7,28.3,6.81,0.22,Palnadu,AP
2015-07-29,0.0,36.4,28.2,7.12,0.207,Palnadu,AP
2015-07-30,0.0,34.4,28.9,5.79,0.191,Palnadu,AP
2015-07-31,4.4,35.1,26.5,5.12,0.209,Palnadu,AP
2015-08-01,4.7,35.2,25.1,4.91,0.259,Palnadu,AP
2015-08-02,1.4,34.8,25.8,5.0,0.26,Palnadu,AP
2015-08-03,2.1,34.6,26.2,4.61,0.255,Palnadu,AP
2015-08-04,0.0,34.8,27.7,5.86,0.249,Palnadu,AP
2015-08-05,1.8,34.4,26.6,5.46,0.23,Palnadu,AP
2015-08-06,1.6,34.7,26.8,5.58,0.229,Palnadu,AP
2015-08-07,1.8,34.1,25.4,4.72,0.242,Palnadu,AP
2015-08-08,6.6,33.9,25.9,4.31,0.276,Palnadu,AP
2015-08-09,8.1,30.2,25.8,2.66,0.331,Palnadu,AP
2015-08-10,10.2,32.4,26.6,3.11,0.33,Palnadu,AP
2015-08-11,19.7,32.6,25.2,3.35,0.387,Palnadu,AP
2015-08-12,12.8,27.0,24.9,1.31,0.4,Palnadu,AP
2015-08-13,10.3,31.1,25.0,3.58,0.403,Palnadu,AP
2015-08-14,0.0,33.2,25.1,5.1,0.366,Palnadu,AP
2015-08-15,0.4,33.9,26.4,4.97,0.343,Palnadu,AP
2015-08-16,3.4,32.0,27.0,3.42,0.342,Palnadu,AP
2015-08-17,1.9,32.7,26.1,3.8,0.351,Palnadu,AP
2015-08-18,2.5,33.2,25.6,4.81,0.343,Palnadu,AP
2015-08-19,0.1,33.7,26.7,5.28,0.326,Palnadu,AP
2015-08-20,7.3,33.6,26.1,4.47,0.325,Palnadu,AP
2015-08-21,13.1,33.3,25.4,4.47,0.381,Palnadu,AP
2015-08-22,6.1,30.6,25.5,3.02,0.395,Palnadu,AP
2015-08-23,1.3,33.2,25.9,4.66,0.373,Palnadu,AP
2015-08-24,0.0,32.9,26.4,5.17,0.35,Palnadu,AP
2015-08-25,0.4,33.4,26.4,5.28,0.33,Palnadu,AP
2015-08-26,5.1,32.8,25.9,4.37,0.324,Palnadu,AP
2015-08-27,7.9,30.9,25.4,2.31,0.382,Palnadu,AP
2015-08-28,5.0,32.4,24.9,4.14,0.384,Palnadu,AP
2015-08-29,6.4,33.1,26.7,4.71,0.377,Palnadu,AP
2015-08-30,0.6,33.0,26.8,4.57,0.364,Palnadu,AP
2015-08-31,1.8,33.6,26.3,4.62,0.344,Palnadu,AP
2015-09-01,0.0,33.5,25.9,4.4,0.327,Palnadu,AP
2015-09-02,0.0,34.2,26.6,4.69,0.307,Palnadu,AP
2015-09-03,0.2,34.2,26.0,4.82,0.289,Palnadu,AP
2015-09-04,2.9,34.4,26.8,5.03,0.285,Palnadu,AP
2015-09-05,0.6,34.0,25.9,4.8,0.276,Palnadu,AP
2015-09-06,20.9,32.7,25.2,3.86,0.31,Palnadu,AP
2015-09-07,3.5,30.7,25.3,2.54,0.369,Palnadu,AP
2015-09-08,2.3,33.1,25.5,4.57,0.351,Palnadu,AP
2015-09-09,4.5,32.1,24.8,3.95,0.366,Palnadu,AP
2015-09-10,7.7,32.0,25.2,4.35,0.355,Palnadu,AP
2015-09-11,27.1,32.0,25.0,4.01,0.383,Palnadu,AP
2015-09-12,4.4,30.9,24.6,3.15,0.401,Palnadu,AP
2015-09-13,2.1,31.0,26.8,2.9,0.385,Palnadu,AP
2015-09-14,13.3,28.6,25.5,1.75,0.403,Palnadu,AP
2015-09-15,17.6,30.4,24.7,2.65,0.421,Palnadu,AP
2015-09-16,0.3,31.0,26.4,3.4,0.391,Palnadu,AP
2015-09-17,3.4,32.2,25.1,3.99,0.385,Palnadu,AP
2015-09-18,0.4,32.7,25.9,4.36,0.364,Palnadu,AP
2015-09-19,2.2,30.6,25.1,2.3,0.366,Palnadu,AP
2015-09-20,0.0,31.7,26.3,3.44,0.351,Palnadu,AP
2015-09-21,0.0,33.2,26.4,4.62,0.332,Palnadu,AP
2015-09-22,0.0,33.5,24.8,4.71,0.313,Palnadu,AP
2015-09-23,0.0,34.2,25.9,4.74,0.296,Palnadu,AP
2015-09-24,0.0,34.4,26.2,4.83,0.281,Palnadu,AP
2015-09-25,10.1,34.8,26.2,4.93,0.28,Palnadu,AP
2015-09-26,4.9,33.7,25.4,4.67,0.361,Palnadu,AP
2015-09-27,0.2,33.3,25.2,4.71,0.355,Palnadu,AP
2015-09-28,0.0,32.9,23.7,4.9,0.317,Palnadu,AP
2015-09-29,1.2,32.0,25.0,4.02,0.304,Palnadu,AP
2015-09-30,5.5,30.0,24.7,2.87,0.326,Palnadu,AP
2015-10-01,9.3,27.7,24.3,1.69,0.379,Palnadu,AP
2015-10-02,6.9,30.7,24.7,2.84,0.368,Palnadu,AP
2015-10-03,4.4,32.3,24.6,4.0,0.379,Palnadu,AP
2015-10-04,24.2,31.8,24.7,3.13,0.394,Palnadu,AP
2015-10-05,4.0,32.2,24.7,3.82,0.404,Palnadu,AP
2015-10-06,1.2,32.5,24.2,4.14,0.393,Palnadu,AP
2015-10-07,0.0,33.5,24.8,5.0,0.364,Palnadu,AP
2015-10-08,0.0,33.2,24.2,4.64,0.342,Palnadu,AP
2015-10-09,0.0,33.9,25.6,4.43,0.324,Palnadu,AP
2015-10-10,0.0,34.4,26.3,4.55,0.307,Palnadu,AP
2015-10-11,0.4,34.0,24.9,4.65,0.292,Palnadu,AP
2015-10-12,0.0,34.4,25.2,4.78,0.278,Palnadu,AP
2015-10-13,0.0,34.1,24.6,4.65,0.263,Palnadu,AP
2015-10-14,0.0,34.0,23.9,4.71,0.249,Palnadu,AP
2015-10-15,0.4,33.6,24.7,4.71,0.237,Palnadu,AP
2015-10-16,0.3,32.7,25.0,4.31,0.229,Palnadu,AP
2015-10-17,0.1,32.6,25.3,4.21,0.222,Palnadu,AP
2015-10-18,0.3,33.3,25.0,4.46,0.214,Palnadu,AP
2015-10-19,0.0,32.7,25.2,4.09,0.207,Palnadu,AP
2015-10-20,0.0,33.8,23.9,4.73,0.199,Palnadu,AP
2015-10-21,0.0,33.5,23.8,4.61,0.189,Palnadu,AP
2015-10-22,0.0,33.7,23.8,4.68,0.181,Palnadu,AP
2015-10-23,0.0,34.1,23.7,4.94,0.173,Palnadu,AP
2015-10-24,0.0,33.5,23.7,4.66,0.166,Palnadu,AP
2015-10-25,0.6,32.9,23.3,4.39,0.163,Palnadu,AP
2015-10-26,0.0,33.1,23.0,4.95,0.161,Palnadu,AP
2015-10-27,0.0,33.3,22.0,5.06,0.156,Palnadu,AP
2015-10-28,2.4,31.7,23.8,3.61,0.157,Palnadu,AP
2015-10-29,0.5,32.9,24.0,4.04,0.163,Palnadu,AP
2015-10-30,0.6,33.6,25.0,4.27,0.163,Palnadu,AP
2015-10-31,0.9,32.5,23.9,4.2,0.171,Palnadu,AP
2015-11-01,0.0,32.6,25.1,3.95,0.166,Palnadu,AP
2015-11-02,1.2,29.2,25.0,1.92,0.167,Palnadu,AP
2015-11-03,0.1,32.4,23.7,3.83,0.168,Palnadu,AP
2015-11-04,1.5,32.9,23.9,4.11,0.173,Palnadu,AP
2015-11-05,0.0,32.3,23.4,3.97,0.167,Palnadu,AP
2015-11-06,0.0,33.9,23.1,4.88,0.161,Palnadu,AP
2015-11-07,0.0,34.2,22.5,5.31,0.154,Palnadu,AP
2015-11-08,0.0,34.0,22.8,5.88,0.149,Palnadu,AP
2015-11-09,0.4,28.2,24.2,3.33,0.149,Palnadu,AP
2015-11-10,14.6,23.5,21.9,1.09,0.241,Palnadu,AP
2015-11-11,0.0,30.1,22.0,3.88,0.292,Palnadu,AP
2015-11-12,0.0,32.1,22.0,4.6,0.257,Palnadu,AP
2015-11-13,0.0,32.8,20.0,4.76,0.232,Palnadu,AP
2015-11-14,0.0,32.0,19.9,4.45,0.213,Palnadu,AP
2015-11-15,0.3,31.6,22.4,4.13,0.199,Palnadu,AP
2015-11-16,23.4,24.8,20.8,1.36,0.286,Palnadu,AP
2015-11-17,100.5,22.8,21.0,0.98,0.415,Palnadu,AP
2015-11-18,4.4,27.6,20.8,2.09,0.413,Palnadu,AP
2015-11-19,13.3,26.2,22.4,1.45,0.422,Palnadu,AP
2015-11-20,25.0,27.1,22.5,1.41,0.425,Palnadu,AP
2015-11-21,2.3,28.4,22.5,2.74,0.409,Palnadu,AP
2015-11-22,0.0,29.2,22.2,3.54,0.388,Palnadu,AP
2015-11-23,0.0,28.8,20.9,3.19,0.369,Palnadu,AP
2015-11-24,0.0,29.0,21.2,2.9,0.356,Palnadu,AP
2015-11-25,0.3,28.8,21.6,3.07,0.347,Palnadu,AP
2015-11-26,0.0,29.0,20.8,3.33,0.336,Palnadu,AP
2015-11-27,0.0,29.2,20.6,3.28,0.325,Palnadu,AP
2015-11-28,0.0,29.1,21.1,3.64,0.315,Palnadu,AP
2015-11-29,1.7,28.5,20.6,2.49,0.31,Palnadu,AP
2015-11-30,18.8,25.7,22.2,1.32,0.405,Palnadu,AP
2015-12-01,0.7,26.7,22.4,1.51,0.387,Palnadu,AP
2015-12-02,3.7,24.2,22.5,1.04,0.39,Palnadu,AP
2015-12-03,0.0,28.6,20.9,3.32,0.376,Palnadu,AP
2015-12-04,0.0,29.5,19.0,3.67,0.358,Palnadu,AP
2015-12-05,0.0,29.0,18.9,3.65,0.344,Palnadu,AP
2015-12-06,0.0,28.6,19.6,3.07,0.333,Palnadu,AP
2015-12-07,0.0,28.8,18.8,3.58,0.323,Palnadu,AP
2015-12-08,0.0,28.9,18.2,3.61,0.312,Palnadu,AP
2015-12-09,0.0,28.1,18.6,3.43,0.303,Palnadu,AP
2015-12-10,0.0,28.4,17.9,3.67,0.294,Palnadu,AP
2015-12-11,0.0,29.4,18.0,3.72,0.285,Palnadu,AP
2015-12-12,0.0,30.1,21.5,2.87,0.278,Palnadu,AP
2015-12-13,0.0,29.7,21.3,3.48,0.271,Palnadu,AP
2015-12-14,0.0,29.2,18.6,3.66,0.263,Palnadu,AP
2015-12-15,0.0,28.8,18.2,3.49,0.255,Palnadu,AP
2015-12-16,0.0,29.1,18.6,3.6,0.248,Palnadu,AP
2015-12-17,0.0,28.9,19.1,3.72,0.241,Palnadu,AP
2015-12-18,0.0,29.7,19.1,3.84,0.233,Palnadu,AP
2015-12-19,0.0,29.9,19.1,3.7,0.226,Palnadu,AP
2015-12-20,0.0,29.4,19.1,3.38,0.22,Palnadu,AP
2015-12-21,0.0,29.5,19.7,3.56,0.215,Palnadu,AP
2015-12-22,0.0,30.1,20.2,3.79,0.209,Palnadu,AP
2015-12-23,0.0,30.2,20.8,3.55,0.203,Palnadu,AP
2015-12-24,0.0,31.1,21.0,3.59,0.198,Palnadu,AP
2015-12-25,0.0,30.9,21.7,5.0,0.191,Palnadu,AP
2015-12-26,0.0,28.6,18.8,4.06,0.184,Palnadu,AP
2015-12-27,0.0,28.9,18.6,3.71,0.18,Palnadu,AP
2015-12-28,0.0,29.7,17.3,3.95,0.176,Palnadu,AP
2015-12-29,0.0,31.1,17.4,4.09,0.171,Palnadu,AP
2015-12-30,0.0,30.9,17.7,4.03,0.167,Palnadu,AP
2015-12-31,0.0,30.2,17.6,3.92,0.163,Palnadu,AP
2016-01-01,0.0,30.6,18.5,3.99,0.16,Palnadu,AP
2016-01-02,0.0,30.9,19.6,4.14,0.157,Palnadu,AP
2016-01-03,0.0,31.3,18.9,3.99,0.154,Palnadu,AP
2016-01-04,0.0,30.4,19.8,3.72,0.152,Palnadu,AP
2016-01-05,0.0,29.6,20.4,3.48,0.15,Palnadu,AP
2016-01-06,0.0,30.4,19.9,3.94,0.148,Palnadu,AP
2016-01-07,0.0,30.1,20.2,4.14,0.147,Palnadu,AP
2016-01-08,0.0,30.3,19.2,4.16,0.145,Palnadu,AP
2016-01-09,0.0,31.0,18.1,4.39,0.143,Palnadu,AP
2016-01-10,0.0,31.2,18.3,4.62,0.142,Palnadu,AP
2016-01-11,0.0,31.0,18.5,4.2,0.141,Palnadu,AP
2016-01-12,0.0,31.2,17.9,4.4,0.139,Palnadu,AP
2016-01-13,0.0,30.6,18.6,4.19,0.138,Palnadu,AP
2016-01-14,0.0,30.3,19.1,4.17,0.138,Palnadu,AP
2016-01-15,0.0,30.0,19.0,4.55,0.137,Palnadu,AP
2016-01-16,0.0,30.1,17.8,4.6,0.136,Palnadu,AP
2016-01-17,0.0,30.2,18.3,4.63,0.135,Palnadu,AP
2016-01-18,0.0,29.9,18.0,4.41,0.135,Palnadu,AP
2016-01-19,0.1,29.7,21.4,3.19,0.135,Palnadu,AP
2016-01-20,20.3,24.5,21.9,0.67,0.295,Palnadu,AP
2016-01-21,1.1,27.8,21.7,2.56,0.316,Palnadu,AP
2016-01-22,0.6,27.3,21.1,3.08,0.288,Palnadu,AP
2016-01-23,0.0,29.0,21.6,3.34,0.268,Palnadu,AP
2016-01-24,0.0,28.1,21.4,3.37,0.252,Palnadu,AP
2016-01-25,0.7,28.2,20.6,3.2,0.242,Palnadu,AP
2016-01-26,0.0,28.4,19.6,3.16,0.236,Palnadu,AP
2016-01-27,0.0,30.3,19.7,3.63,0.225,Palnadu,AP
2016-01-28,0.0,31.3,19.9,4.46,0.213,Palnadu,AP
2016-01-29,0.0,32.0,20.1,4.49,0.201,Palnadu,AP
2016-01-30,0.0,31.7,20.2,4.39,0.19,Palnadu,AP
2016-01-31,0.0,33.6,20.0,4.83,0.18,Palnadu,AP
2016-02-01,0.0,33.6,19.4,4.75,0.171,Palnadu,AP
2016-02-02,0.0,33.0,19.3,4.97,0.164,Palnadu,AP
2016-02-03,0.0,32.9,18.8,4.83,0.158,Palnadu,AP
2016-02-04,0.0,33.0,19.7,4.98,0.153,Palnadu,AP
2016-02-05,0.0,30.9,21.2,3.97,0.149,Palnadu,AP
2016-02-06,0.0,31.5,19.5,4.66,0.146,Palnadu,AP
2016-02-07,0.0,31.8,20.5,4.44,0.144,Palnadu,AP
2016-02-08,0.0,32.2,21.0,4.28,0.142,Palnadu,AP
2016-02-09,0.0,32.9,22.8,4.62,0.141,Palnadu,AP
2016-02-10,0.0,32.8,21.1,4.87,0.139,Palnadu,AP
2016-02-11,0.0,33.1,21.8,4.57,0.138,Palnadu,AP
2016-02-12,0.0,32.1,22.8,4.75,0.137,Palnadu,AP
2016-02-13,0.0,32.5,20.6,4.59,0.136,Palnadu,AP
2016-02-14,0.0,32.7,21.8,5.15,0.135,Palnadu,AP
2016-02-15,0.0,32.3,19.3,5.27,0.134,Palnadu,AP
2016-02-16,0.0,32.8,20.0,5.2,0.133,Palnadu,AP
2016-02-17,0.0,32.3,19.8,5.29,0.133,Palnadu,AP
2016-02-18,0.0,33.2,18.8,5.34,0.132,Palnadu,AP
2016-02-19,0.0,33.8,18.2,5.29,0.131,Palnadu,AP
2016-02-20,0.0,35.0,20.0,5.55,0.131,Palnadu,AP
2016-02-21,0.0,35.8,21.4,5.55,0.13,Palnadu,AP
2016-02-22,0.0,35.4,23.0,5.56,0.129,Palnadu,AP
2016-02-23,0.0,34.2,22.6,5.71,0.129,Palnadu,AP
2016-02-24,0.0,33.3,23.3,5.59,0.129,Palnadu,AP
2016-02-25,0.0,33.2,23.0,5.22,0.129,Palnadu,AP
2016-02-26,0.0,32.8,24.2,5.12,0.129,Palnadu,AP
2016-02-27,0.0,33.7,22.1,5.49,0.129,Palnadu,AP
2016-02-28,0.0,33.8,22.9,5.01,0.129,Palnadu,AP
2016-02-29,0.0,33.7,23.8,4.74,0.129,Palnadu,AP
2016-03-01,0.0,33.4,23.9,4.6,0.129,Palnadu,AP
2016-03-02,0.0,33.3,24.0,4.79,0.129,Palnadu,AP
2016-03-03,0.0,34.4,24.3,5.32,0.129,Palnadu,AP
2016-03-04,0.0,34.9,22.0,5.42,0.129,Palnadu,AP
2016-03-05,0.0,34.7,22.2,5.43,0.128,Palnadu,AP
2016-03-06,0.0,34.9,22.0,5.81,0.128,Palnadu,AP
2016-03-07,0.0,34.5,21.3,5.87,0.128,Palnadu,AP
2016-03-08,0.0,34.6,20.2,5.92,0.128,Palnadu,AP
2016-03-09,0.0,34.9,19.9,5.93,0.128,Palnadu,AP
2016-03-10,0.0,35.3,21.4,5.69,0.128,Palnadu,AP
2016-03-11,0.0,35.9,20.8,5.68,0.128,Palnadu,AP
2016-03-12,0.0,36.0,21.9,6.23,0.127,Palnadu,AP
2016-03-13,0.2,35.1,22.5,5.17,0.128,Palnadu,AP
2016-03-14,0.2,34.9,26.4,5.76,0.13,Palnadu,AP
2016-03-15,0.2,34.2,25.9,5.51,0.131,Palnadu,AP
2016-03-16,0.2,34.4,25.5,4.94,0.131,Palnadu,AP
2016-03-17,0.0,35.7,25.8,5.09,0.131,Palnadu,AP
2016-03-18,0.0,36.2,25.3,5.93,0.131,Palnadu,AP
2016-03-19,0.0,37.9,24.8,6.12,0.13,Palnadu,AP
2016-03-20,0.0,38.7,25.2,5.85,0.129,Palnadu,AP
2016-03-21,0.0,40.5,25.5,6.07,0.129,Palnadu,AP
2016-03-22,0.0,39.6,25.5,6.18,0.128,Palnadu,AP
2016-03-23,0.0,38.4,25.1,6.2,0.128,Palnadu,AP
2016-03-24,0.0,37.4,26.3,6.11,0.128,Palnadu,AP
2016-03-25,0.0,36.0,25.0,6.31,0.128,Palnadu,AP
2016-03-26,0.0,37.0,24.6,6.41,0.128,Palnadu,AP
2016-03-27,0.0,35.8,24.5,6.54,0.128,Palnadu,AP
2016-03-28,0.0,35.4,23.8,6.02,0.128,Palnadu,AP
2016-03-29,0.0,36.0,23.0,6.45,0.128,Palnadu,AP
2016-03-30,0.3,36.4,26.1,6.16,0.128,Palnadu,AP
2016-03-31,0.0,36.6,26.1,6.25,0.129,Palnadu,AP
2016-04-01,0.1,37.3,25.8,6.36,0.129,Palnadu,AP
2016-04-02,0.0,37.6,25.2,6.45,0.128,Palnadu,AP
2016-04-03,0.0,37.4,26.2,6.48,0.128,Palnadu,AP
2016-04-04,0.0,38.0,25.5,6.55,0.128,Palnadu,AP
2016-04-05,0.0,38.3,25.4,6.62,0.128,Palnadu,AP
2016-04-06,0.0,37.6,25.0,6.51,0.128,Palnadu,AP
2016-04-07,0.0,38.1,24.8,6.36,0.128,Palnadu,AP
2016-04-08,0.0,37.8,25.6,6.88,0.128,Palnadu,AP
2016-04-09,0.0,37.0,25.3,6.68,0.128,Palnadu,AP
2016-04-10,0.0,37.8,24.5,7.07,0.128,Palnadu,AP
2016-04-11,0.0,38.7,22.6,7.27,0.128,Palnadu,AP
2016-04-12,0.0,38.6,24.6,6.76,0.127,Palnadu,AP
2016-04-13,0.0,40.6,27.2,6.29,0.128,Palnadu,AP
2016-04-14,0.0,39.4,28.4,6.52,0.128,Palnadu,AP
2016-04-15,0.0,39.2,27.9,6.96,0.128,Palnadu,AP
2016-04-16,0.0,38.9,27.3,6.84,0.128,Palnadu,AP
2016-04-17,0.0,38.4,27.2,6.27,0.128,Palnadu,AP
2016-04-18,0.0,37.2,26.6,6.55,0.128,Palnadu,AP
2016-04-19,0.0,37.7,26.4,6.73,0.128,Palnadu,AP
2016-04-20,0.0,38.3,26.9,6.59,0.128,Palnadu,AP
2016-04-21,0.0,40.6,27.2,6.71,0.128,Palnadu,AP
2016-04-22,0.0,42.5,28.4,6.86,0.128,Palnadu,AP
2016-04-23,0.0,43.2,29.4,7.94,0.128,Palnadu,AP
2016-04-24,0.0,42.7,28.2,6.63,0.128,Palnadu,AP
2016-04-25,0.1,40.7,28.8,7.19,0.128,Palnadu,AP
2016-04-26,0.0,39.1,28.4,7.15,0.128,Palnadu,AP
2016-04-27,0.0,38.2,27.8,6.94,0.128,Palnadu,AP
2016-04-28,0.0,39.6,26.7,6.93,0.128,Palnadu,AP
2016-04-29,0.0,40.4,26.9,7.15,0.128,Palnadu,AP
2016-04-30,0.0,40.5,26.2,7.23,0.127,Palnadu,AP
2016-05-01,0.0,41.1,27.3,7.27,0.127,Palnadu,AP
2016-05-02,1.6,41.8,27.9,7.25,0.136,Palnadu,AP
2016-05-03,0.0,38.9,28.2,7.0,0.148,Palnadu,AP
2016-05-04,1.0,39.3,28.6,6.89,0.149,Palnadu,AP
2016-05-05,0.0,37.1,28.5,6.26,0.15,Palnadu,AP
2016-05-06,12.9,33.6,26.7,4.3,0.245,Palnadu,AP
2016-05-07,0.0,36.2,26.5,6.14,0.255,Palnadu,AP
2016-05-08,0.0,37.2,27.3,6.06,0.222,Palnadu,AP
2016-05-09,0.9,36.8,28.3,5.71,0.202,Palnadu,AP
2016-05-10,0.0,37.0,27.2,5.87,0.19,Palnadu,AP
2016-05-11,0.0,38.1,27.8,6.37,0.174,Palnadu,AP
2016-05-12,1.0,38.9,27.9,6.36,0.165,Palnadu,AP
2016-05-13,0.2,40.0,28.1,6.71,0.162,Palnadu,AP
2016-05-14,0.0,39.7,28.8,7.23,0.152,Palnadu,AP
2016-05-15,0.0,36.3,28.4,4.59,0.147,Palnadu,AP
2016-05-16,0.2,37.2,27.8,5.71,0.144,Palnadu,AP
2016-05-17,0.5,36.5,27.0,4.68,0.145,Palnadu,AP
2016-05-18,10.4,30.9,26.2,2.16,0.184,Palnadu,AP
2016-05-19,23.3,31.9,26.0,2.57,0.374,Palnadu,AP
2016-05-20,0.0,36.3,28.1,5.32,0.313,Palnadu,AP
2016-05-21,0.0,39.5,29.8,8.01,0.269,Palnadu,AP
2016-05-22,0.0,41.7,31.0,9.04,0.232,Palnadu,AP
2016-05-23,0.0,42.0,32.1,9.82,0.202,Palnadu,AP
2016-05-24,0.0,42.1,32.9,9.02,0.179,Palnadu,AP
2016-05-25,0.0,42.0,33.0,9.78,0.163,Palnadu,AP
2016-05-26,0.0,42.1,33.0,8.65,0.152,Palnadu,AP
2016-05-27,0.8,42.1,32.9,8.17,0.147,Palnadu,AP
2016-05-28,0.6,41.6,31.1,8.06,0.151,Palnadu,AP
2016-05-29,1.8,40.6,27.6,7.45,0.155,Palnadu,AP
2016-05-30,0.0,41.4,31.1,8.01,0.166,Palnadu,AP
2016-05-31,0.5,41.2,29.9,7.45,0.157,Palnadu,AP
2016-06-01,0.1,42.1,31.3,8.3,0.149,Palnadu,AP
2016-06-02,0.0,39.3,31.8,6.68,0.143,Palnadu,AP
2016-06-03,0.0,37.7,30.3,6.21,0.14,Palnadu,AP
2016-06-04,31.4,33.1,26.7,2.97,0.335,Palnadu,AP
2016-06-05,32.6,33.1,25.9,3.57,0.393,Palnadu,AP
2016-06-06,6.2,33.0,26.2,4.59,0.378,Palnadu,AP
2016-06-07,8.5,30.7,26.6,2.84,0.387,Palnadu,AP
2016-06-08,13.5,31.1,26.1,2.06,0.402,Palnadu,AP
2016-06-09,5.2,34.8,27.0,4.11,0.391,Palnadu,AP
2016-06-10,0.0,34.1,27.8,5.74,0.364,Palnadu,AP
2016-06-11,0.7,34.5,27.8,5.75,0.336,Palnadu,AP
2016-06-12,0.5,34.7,28.6,5.82,0.317,Palnadu,AP
2016-06-13,1.2,34.1,28.3,5.69,0.306,Palnadu,AP
2016-06-14,0.0,36.0,28.6,6.54,0.291,Palnadu,AP
2016-06-15,0.0,36.3,28.8,7.57,0.265,Palnadu,AP
2016-06-16,0.0,36.6,29.0,7.24,0.243,Palnadu,AP
2016-06-17,0.2,35.1,29.7,5.16,0.226,Palnadu,AP
2016-06-18,7.0,30.1,26.4,2.27,0.254,Palnadu,AP
2016-06-19,1.7,30.3,25.5,2.61,0.292,Palnadu,AP
2016-06-20,1.4,32.6,25.7,4.16,0.286,Palnadu,AP
2016-06-21,27.8,34.0,25.0,4.74,0.346,Palnadu,AP
2016-06-22,2.2,34.1,25.4,4.9,0.363,Palnadu,AP
2016-06-23,7.6,35.2,26.0,5.4,0.351,Palnadu,AP
2016-06-24,2.7,34.2,26.3,4.96,0.363,Palnadu,AP
2016-06-25,1.9,33.6,25.9,4.62,0.351,Palnadu,AP
2016-06-26,5.4,31.1,25.5,2.48,0.351,Palnadu,AP
2016-06-27,14.2,27.4,25.6,1.41,0.394,Palnadu,AP
2016-06-28,21.0,27.4,25.0,1.62,0.415,Palnadu,AP
2016-06-29,20.8,27.3,24.9,1.86,0.427,Palnadu,AP
2016-06-30,10.7,32.0,25.1,3.95,0.417,Palnadu,AP
2016-07-01,17.0,30.7,24.8,2.91,0.42,Palnadu,AP
2016-07-02,1.6,32.6,26.7,4.4,0.402,Palnadu,AP
2016-07-03,0.0,32.2,27.6,4.48,0.375,Palnadu,AP
2016-07-04,3.3,33.0,27.0,4.37,0.357,Palnadu,AP
2016-07-05,0.0,31.3,27.3,3.81,0.361,Palnadu,AP
2016-07-06,2.3,33.5,26.7,5.58,0.342,Palnadu,AP
2016-07-07,1.0,33.6,26.1,5.54,0.346,Palnadu,AP
2016-07-08,1.1,33.3,26.7,5.3,0.32,Palnadu,AP
2016-07-09,1.3,32.9,27.4,5.75,0.313,Palnadu,AP
2016-07-10,0.5,32.4,27.7,4.8,0.301,Palnadu,AP
2016-07-11,3.9,32.3,25.8,4.16,0.306,Palnadu,AP
2016-07-12,0.1,34.2,27.8,5.32,0.304,Palnadu,AP
2016-07-13,0.0,33.4,27.2,5.38,0.282,Palnadu,AP
2016-07-14,0.0,35.5,27.5,6.6,0.261,Palnadu,AP
2016-07-15,0.4,35.6,28.3,5.55,0.242,Palnadu,AP
2016-07-16,2.2,33.9,27.5,4.31,0.235,Palnadu,AP
2016-07-17,1.7,34.3,27.4,3.93,0.245,Palnadu,AP
2016-07-18,4.5,34.8,26.2,4.43,0.251,Palnadu,AP
2016-07-19,0.7,31.5,26.5,3.68,0.283,Palnadu,AP
2016-07-20,0.0,32.9,27.0,4.46,0.265,Palnadu,AP
2016-07-21,3.1,33.5,27.0,4.5,0.262,Palnadu,AP
2016-07-22,6.2,31.4,25.8,2.97,0.292,Palnadu,AP
2016-07-23,0.3,32.4,26.4,3.87,0.304,Palnadu,AP
2016-07-24,19.4,31.6,24.9,3.07,0.353,Palnadu,AP
2016-07-25,1.4,32.5,25.5,3.91,0.361,Palnadu,AP
2016-07-26,4.3,32.6,26.0,3.51,0.337,Palnadu,AP
2016-07-27,15.0,31.5,25.4,3.2,0.367,Palnadu,AP
2016-07-28,35.7,32.3,24.1,4.14,0.411,Palnadu,AP
2016-07-29,19.4,32.1,24.8,4.2,0.42,Palnadu,AP
2016-07-30,5.9,32.8,25.9,4.45,0.411,Palnadu,AP
2016-07-31,4.9,30.8,25.2,3.39,0.398,Palnadu,AP
2016-08-01,30.0,26.8,24.4,1.71,0.429,Palnadu,AP
2016-08-02,5.4,31.6,24.1,4.7,0.411,Palnadu,AP
2016-08-03,9.0,31.1,24.3,3.18,0.409,Palnadu,AP
2016-08-04,6.0,29.7,24.4,2.81,0.408,Palnadu,AP
2016-08-05,0.5,32.5,26.7,5.08,0.381,Palnadu,AP
2016-08-06,0.0,31.7,27.2,4.04,0.362,Palnadu,AP
2016-08-07,0.0,32.3,26.8,4.73,0.346,Palnadu,AP
2016-08-08,0.0,32.9,26.9,5.1,0.329,Palnadu,AP
2016-08-09,0.0,33.6,27.1,5.76,0.311,Palnadu,AP
2016-08-10,0.0,34.2,27.2,5.98,0.294,Palnadu,AP
2016-08-11,0.0,34.3,27.5,5.92,0.277,Palnadu,AP
2016-08-12,0.0,34.2,28.1,6.06,0.262,Palnadu,AP
2016-08-13,0.0,35.2,28.0,6.37,0.246,Palnadu,AP
2016-08-14,0.0,34.9,28.5,6.49,0.232,Palnadu,AP
2016-08-15,0.0,33.8,28.2,6.42,0.219,Palnadu,AP
2016-08-16,0.0,34.1,28.0,6.86,0.208,Palnadu,AP
2016-08-17,0.0,34.0,27.4,6.41,0.197,Palnadu,AP
2016-08-18,0.0,35.7,27.7,6.93,0.187,Palnadu,AP
2016-08-19,0.0,35.9,27.7,7.01,0.178,Palnadu,AP
2016-08-20,0.0,37.2,27.8,6.1,0.169,Palnadu,AP
2016-08-21,0.0,37.1,25.9,5.6,0.162,Palnadu,AP
2016-08-22,0.0,36.3,28.3,4.93,0.158,Palnadu,AP
2016-08-23,0.0,36.6,28.7,5.75,0.155,Palnadu,AP
2016-08-24,2.8,36.4,27.2,4.92,0.158,Palnadu,AP
2016-08-25,10.3,33.2,26.4,3.6,0.227,Palnadu,AP
2016-08-26,11.7,34.1,26.2,4.58,0.322,Palnadu,AP
2016-08-27,15.1,33.6,26.1,3.34,0.369,Palnadu,AP
2016-08-28,17.7,32.2,25.1,3.37,0.39,Palnadu,AP
2016-08-29,15.5,32.3,25.7,3.6,0.382,Palnadu,AP
2016-08-30,17.3,30.5,24.9,2.56,0.415,Palnadu,AP
2016-08-31,46.9,30.9,25.1,2.81,0.427,Palnadu,AP
2016-09-01,0.1,32.1,25.6,4.19,0.403,Palnadu,AP
2016-09-02,0.0,32.4,25.6,4.12,0.379,Palnadu,AP
2016-09-03,4.1,32.2,26.3,3.88,0.376,Palnadu,AP
2016-09-04,4.4,31.7,25.9,2.68,0.392,Palnadu,AP
2016-09-05,0.0,32.3,26.2,4.41,0.372,Palnadu,AP
2016-09-06,0.0,32.2,25.6,5.68,0.346,Palnadu,AP
2016-09-07,0.0,32.2,25.2,5.39,0.326,Palnadu,AP
2016-09-08,0.0,32.7,24.8,5.46,0.309,Palnadu,AP
2016-09-09,0.0,32.7,26.3,4.78,0.294,Palnadu,AP
2016-09-10,16.1,29.1,25.2,2.61,0.318,Palnadu,AP
2016-09-11,45.3,28.1,24.8,1.91,0.429,Palnadu,AP
2016-09-12,33.2,28.2,24.9,2.19,0.424,Palnadu,AP
2016-09-13,12.8,26.7,24.2,1.68,0.427,Palnadu,AP
2016-09-14,6.2,28.7,24.3,2.04,0.417,Palnadu,AP
2016-09-15,4.4,29.0,23.9,2.41,0.415,Palnadu,AP
2016-09-16,0.3,30.6,24.8,3.57,0.399,Palnadu,AP
2016-09-17,0.3,31.0,25.6,3.41,0.383,Palnadu,AP
2016-09-18,1.6,31.7,25.3,4.03,0.38,Palnadu,AP
2016-09-19,0.2,31.6,26.3,4.23,0.361,Palnadu,AP
2016-09-20,5.7,31.4,25.3,3.73,0.373,Palnadu,AP
2016-09-21,44.9,25.7,24.4,0.88,0.429,Palnadu,AP
2016-09-22,97.4,25.5,24.2,0.88,0.432,Palnadu,AP
2016-09-23,21.5,26.3,24.4,1.24,0.43,Palnadu,AP
2016-09-24,4.5,28.4,23.7,2.06,0.422,Palnadu,AP
2016-09-25,6.7,29.8,25.2,2.79,0.413,Palnadu,AP
2016-09-26,4.8,30.6,24.9,3.14,0.417,Palnadu,AP
2016-09-27,16.9,30.4,24.6,2.42,0.426,Palnadu,AP
2016-09-28,8.0,31.2,25.1,3.04,0.424,Palnadu,AP
2016-09-29,1.6,32.1,25.3,3.74,0.416,Palnadu,AP
2016-09-30,2.2,31.9,26.0,3.63,0.404,Palnadu,AP
2016-10-01,7.3,30.5,25.0,2.49,0.415,Palnadu,AP
2016-10-02,1.3,31.2,24.4,4.05,0.408,Palnadu,AP
2016-10-03,0.2,31.5,24.6,3.92,0.391,Palnadu,AP
2016-10-04,1.0,31.6,23.9,3.86,0.382,Palnadu,AP
2016-10-05,0.0,31.8,25.4,4.62,0.37,Palnadu,AP
2016-10-06,0.5,31.4,26.1,4.32,0.356,Palnadu,AP
2016-10-07,0.0,32.1,26.4,4.55,0.344,Palnadu,AP
2016-10-08,4.3,30.0,25.0,2.73,0.348,Palnadu,AP
2016-10-09,6.6,31.7,25.0,3.85,0.386,Palnadu,AP
2016-10-10,0.1,31.5,26.3,4.31,0.37,Palnadu,AP
2016-10-11,0.2,32.7,25.9,4.56,0.35,Palnadu,AP
2016-10-12,0.0,33.0,25.3,4.9,0.333,Palnadu,AP
2016-10-13,0.0,32.1,23.0,4.48,0.318,Palnadu,AP
2016-10-14,0.0,32.2,23.0,4.66,0.306,Palnadu,AP
2016-10-15,0.0,31.9,21.4,5.22,0.292,Palnadu,AP
2016-10-16,0.0,31.8,20.0,4.82,0.279,Palnadu,AP
2016-10-17,0.0,31.9,20.8,5.19,0.267,Palnadu,AP
2016-10-18,0.0,32.0,20.7,5.12,0.255,Palnadu,AP
2016-10-19,0.0,32.2,22.1,5.32,0.244,Palnadu,AP
2016-10-20,0.0,32.1,22.2,5.49,0.232,Palnadu,AP
2016-10-21,0.0,31.7,20.2,5.11,0.222,Palnadu,AP
2016-10-22,0.0,32.1,20.6,5.17,0.212,Palnadu,AP
2016-10-23,0.0,32.2,20.6,5.25,0.203,Palnadu,AP
2016-10-24,0.0,32.7,20.1,5.57,0.195,Palnadu,AP
2016-10-25,0.0,32.7,22.2,5.35,0.187,Palnadu,AP
2016-10-26,0.0,32.8,22.7,5.73,0.18,Palnadu,AP
2016-10-27,0.0,32.1,22.7,5.58,0.173,Palnadu,AP
2016-10-28,0.1,31.8,24.4,4.36,0.17,Palnadu,AP
2016-10-29,1.4,31.1,24.4,3.72,0.173,Palnadu,AP
2016-10-30,4.1,31.8,23.4,3.8,0.212,Palnadu,AP
2016-10-31,7.8,31.4,23.5,3.4,0.285,Palnadu,AP
2016-11-01,0.7,31.2,23.4,3.82,0.299,Palnadu,AP
2016-11-02,0.5,31.5,23.9,4.0,0.277,Palnadu,AP
2016-11-03,0.0,32.3,23.3,4.41,0.258,Palnadu,AP
2016-11-04,0.0,32.2,24.0,5.07,0.239,Palnadu,AP
2016-11-05,0.0,31.4,23.7,4.82,0.222,Palnadu,AP
2016-11-06,0.2,30.4,23.2,3.89,0.211,Palnadu,AP
2016-11-07,0.0,32.0,21.4,5.53,0.2,Palnadu,AP
2016-11-08,0.0,31.4,18.0,5.16,0.188,Palnadu,AP
2016-11-09,0.0,31.1,17.8,4.8,0.178,Palnadu,AP
2016-11-10,0.0,31.4,17.4,4.9,0.17,Palnadu,AP
2016-11-11,0.0,31.2,17.3,4.74,0.163,Palnadu,AP
2016-11-12,0.0,30.8,19.8,4.45,0.158,Palnadu,AP
2016-11-13,2.2,31.2,20.9,3.18,0.167,Palnadu,AP
2016-11-14,0.8,30.9,23.4,3.3,0.186,Palnadu,AP
2016-11-15,3.7,31.7,23.2,3.4,0.205,Palnadu,AP
2016-11-16,1.8,31.1,23.3,3.19,0.241,Palnadu,AP
2016-11-17,0.1,30.7,23.4,3.59,0.243,Palnadu,AP
2016-11-18,0.0,30.3,22.0,3.39,0.227,Palnadu,AP
2016-11-19,0.0,30.2,20.7,3.97,0.214,Palnadu,AP
2016-11-20,0.0,30.4,19.8,4.17,0.201,Palnadu,AP
2016-11-21,0.0,30.7,19.1,4.2,0.189,Palnadu,AP
2016-11-22,0.0,31.4,18.8,4.32,0.18,Palnadu,AP
2016-11-23,0.0,31.1,18.9,4.22,0.171,Palnadu,AP
2016-11-24,0.0,30.7,20.5,4.16,0.164,Palnadu,AP
2016-11-25,0.0,31.5,18.6,4.34,0.159,Palnadu,AP
2016-11-26,0.0,32.2,18.7,4.45,0.154,Palnadu,AP
2016-11-27,0.0,33.3,17.3,5.03,0.149,Palnadu,AP
2016-11-28,0.0,33.1,17.9,4.84,0.146,Palnadu,AP
2016-11-29,0.0,32.4,17.8,4.33,0.143,Palnadu,AP
2016-11-30,0.0,30.9,21.2,3.94,0.141,Palnadu,AP
2016-12-01,0.0,31.8,19.2,4.37,0.14,Palnadu,AP
2016-12-02,2.3,29.3,23.5,2.18,0.155,Palnadu,AP
2016-12-03,0.2,30.7,22.7,3.42,0.165,Palnadu,AP
2016-12-04,0.0,31.3,23.3,3.48,0.163,Palnadu,AP
2016-12-05,0.0,31.0,21.6,3.49,0.159,Palnadu,AP
2016-12-06,0.0,29.8,21.1,3.48,0.155,Palnadu,AP
2016-12-07,0.0,31.0,18.4,4.15,0.151,Palnadu,AP
2016-12-08,0.0,31.2,18.3,4.62,0.147,Palnadu,AP
2016-12-09,0.0,31.1,17.3,4.92,0.144,Palnadu,AP
2016-12-10,0.0,30.8,18.5,5.2,0.141,Palnadu,AP
2016-12-11,0.0,31.3,20.9,5.17,0.139,Palnadu,AP
2016-12-12,5.4,28.6,22.1,2.83,0.161,Palnadu,AP
2016-12-13,3.7,28.8,22.5,2.64,0.23,Palnadu,AP
2016-12-14,8.4,28.7,23.0,2.2,0.265,Palnadu,AP
2016-12-15,0.0,30.3,22.8,3.3,0.296,Palnadu,AP
2016-12-16,0.3,28.6,21.4,2.73,0.268,Palnadu,AP
2016-12-17,0.0,30.2,20.8,3.51,0.248,Palnadu,AP
2016-12-18,0.0,29.9,17.7,3.93,0.23,Palnadu,AP
2016-12-19,0.0,29.1,17.3,3.79,0.214,Palnadu,AP
2016-12-20,0.0,29.6,16.6,3.7,0.202,Palnadu,AP
2016-12-21,0.0,30.7,16.2,4.45,0.19,Palnadu,AP
2016-12-22,0.0,31.4,16.3,4.95,0.179,Palnadu,AP
2016-12-23,0.0,30.8,15.0,4.74,0.169,Palnadu,AP
2016-12-24,0.0,30.6,14.4,3.99,0.162,Palnadu,AP
2016-12-25,0.0,29.9,17.2,3.77,0.157,Palnadu,AP
2016-12-26,0.0,31.5,17.3,4.06,0.152,Palnadu,AP
2016-12-27,0.0,31.2,17.6,4.24,0.149,Palnadu,AP
2016-12-28,0.0,29.8,18.1,3.52,0.146,Palnadu,AP
2016-12-29,0.0,29.7,19.0,3.52,0.144,Palnadu,AP
2016-12-30,0.0,29.8,20.4,3.21,0.142,Palnadu,AP
2016-12-31,0.0,30.1,20.1,3.66,0.141,Palnadu,AP
2017-01-01,0.0,31.8,18.7,4.09,0.12,Palnadu,AP
2017-01-02,0.0,32.3,19.0,4.02,0.113,Palnadu,AP
2017-01-03,0.0,32.9,19.7,4.45,0.112,Palnadu,AP
2017-01-04,0.0,32.0,19.5,4.1,0.113,Palnadu,AP
2017-01-05,0.0,32.4,19.4,4.44,0.113,Palnadu,AP
2017-01-06,0.2,31.5,20.2,3.84,0.112,Palnadu,AP
2017-01-07,0.0,31.7,19.6,4.01,0.111,Palnadu,AP
2017-01-08,0.0,32.4,19.6,4.4,0.112,Palnadu,AP
2017-01-09,0.0,32.0,19.8,4.42,0.113,Palnadu,AP
2017-01-10,0.0,32.2,19.0,3.82,0.112,Palnadu,AP
2017-01-11,0.0,32.0,19.6,3.29,0.113,Palnadu,AP
2017-01-12,0.7,30.9,21.2,3.43,0.113,Palnadu,AP
2017-01-13,0.7,31.3,20.1,3.65,0.119,Palnadu,AP
2017-01-14,0.0,31.7,19.6,4.36,0.124,Palnadu,AP
2017-01-15,0.0,31.9,18.8,4.39,0.124,Palnadu,AP
2017-01-16,0.2,32.1,19.8,4.14,0.122,Palnadu,AP
2017-01-17,0.0,32.5,19.4,4.67,0.12,Palnadu,AP
2017-01-18,0.0,31.6,18.1,4.8,0.122,Palnadu,AP
2017-01-19,0.0,31.6,18.7,4.49,0.121,Palnadu,AP
2017-01-20,0.0,33.2,17.6,5.45,0.12,Palnadu,AP
2017-01-21,0.0,33.8,20.7,5.79,0.119,Palnadu,AP
2017-01-22,0.0,34.3,21.0,5.01,0.117,Palnadu,AP
2017-01-23,0.0,34.8,20.8,4.83,0.115,Palnadu,AP
2017-01-24,0.0,33.4,20.4,4.96,0.115,Palnadu,AP
2017-01-25,0.0,32.8,19.4,4.96,0.115,Palnadu,AP
2017-01-26,0.0,29.8,20.0,3.2,0.112,Palnadu,AP
2017-01-27,0.0,31.8,20.6,4.12,0.112,Palnadu,AP
2017-01-28,0.0,33.6,21.6,4.54,0.113,Palnadu,AP
2017-01-29,0.0,33.7,21.3,4.15,0.112,Palnadu,AP
2017-01-30,0.0,34.3,20.1,4.8,0.113,Palnadu,AP
2017-01-31,0.0,33.7,21.3,4.6,0.112,Palnadu,AP
2017-02-01,0.0,33.9,20.6,4.93,0.111,Palnadu,AP
2017-02-02,0.0,33.6,19.9,4.76,0.111,Palnadu,AP
2017-02-03,0.0,33.8,20.0,4.7,0.111,Palnadu,AP
2017-02-04,0.0,33.9,19.7,4.86,0.11,Palnadu,AP
2017-02-05,0.0,33.7,20.8,5.07,0.11,Palnadu,AP
2017-02-06,0.0,35.0,20.4,5.09,0.11,Palnadu,AP
2017-02-07,0.0,36.0,19.7,5.3,0.109,Palnadu,AP
2017-02-08,0.0,36.0,19.9,5.42,0.109,Palnadu,AP
2017-02-09,0.0,35.1,20.7,5.61,0.109,Palnadu,AP
2017-02-10,0.0,34.2,20.2,5.75,0.109,Palnadu,AP
2017-02-11,0.0,32.8,19.5,5.41,0.11,Palnadu,AP
2017-02-12,0.0,31.7,18.2,5.3,0.11,Palnadu,AP
2017-02-13,0.0,33.1,18.9,5.58,0.11,Palnadu,AP
2017-02-14,0.0,34.7,19.0,5.2,0.11,Palnadu,AP
2017-02-15,0.0,34.5,21.3,5.41,0.11,Palnadu,AP
2017-02-16,0.0,34.8,18.9,5.51,0.11,Palnadu,AP
2017-02-17,0.0,35.1,20.1,5.6,0.11,Palnadu,AP
2017-02-18,0.0,35.7,20.1,5.53,0.11,Palnadu,AP
2017-02-19,0.0,37.1,20.8,5.65,0.11,Palnadu,AP
2017-02-20,0.0,38.7,21.3,5.97,0.11,Palnadu,AP
2017-02-21,0.0,38.6,22.0,6.54,0.109,Palnadu,AP
2017-02-22,0.0,38.1,23.3,6.1,0.109,Palnadu,AP
2017-02-23,0.0,38.4,23.1,5.71,0.108,Palnadu,AP
2017-02-24,0.0,38.4,22.6,5.57,0.106,Palnadu,AP
2017-02-25,0.0,37.0,23.7,5.51,0.107,Palnadu,AP
2017-02-26,0.0,37.0,21.5,5.68,0.109,Palnadu,AP
2017-02-27,0.0,36.6,23.2,5.56,0.111,Palnadu,AP
2017-02-28,0.0,37.4,21.4,5.92,0.111,Palnadu,AP
2017-03-01,0.0,36.6,21.7,6.17,0.111,Palnadu,AP
2017-03-02,0.0,36.0,21.1,6.25,0.111,Palnadu,AP
2017-03-03,0.0,36.7,18.8,6.35,0.112,Palnadu,AP
2017-03-04,0.0,36.4,21.1,5.85,0.111,Palnadu,AP
2017-03-05,0.0,36.2,25.1,4.92,0.112,Palnadu,AP
2017-03-06,0.5,35.3,25.8,4.95,0.114,Palnadu,AP
2017-03-07,0.9,35.5,25.8,5.16,0.118,Palnadu,AP
2017-03-08,2.0,34.8,25.9,5.13,0.127,Palnadu,AP
2017-03-09,1.5,35.4,25.7,5.2,0.144,Palnadu,AP
2017-03-10,20.6,36.4,26.1,4.62,0.159,Palnadu,AP
2017-03-11,0.0,37.8,25.3,6.95,0.158,Palnadu,AP
2017-03-12,0.0,38.2,23.4,5.53,0.145,Palnadu,AP
2017-03-13,0.1,36.7,25.0,5.32,0.138,Palnadu,AP
2017-03-14,1.6,34.8,25.1,5.23,0.136,Palnadu,AP
2017-03-15,0.3,35.4,25.2,5.35,0.135,Palnadu,AP
2017-03-16,0.1,36.2,25.1,5.15,0.136,Palnadu,AP
2017-03-17,0.5,36.6,24.2,4.97,0.136,Palnadu,AP
2017-03-18,5.1,38.0,24.7,5.66,0.141,Palnadu,AP
2017-03-19,1.2,38.2,24.8,5.46,0.14,Palnadu,AP
2017-03-20,0.0,37.1,25.4,5.0,0.141,Palnadu,AP
2017-03-21,0.0,38.4,25.5,5.67,0.14,Palnadu,AP
2017-03-22,0.0,38.8,25.1,6.02,0.136,Palnadu,AP
2017-03-23,0.1,38.4,23.9,6.44,0.132,Palnadu,AP
2017-03-24,0.1,39.4,23.9,6.94,0.132,Palnadu,AP
2017-03-25,0.0,39.2,23.5,6.85,0.131,Palnadu,AP
2017-03-26,0.0,39.0,24.5,6.41,0.128,Palnadu,AP
2017-03-27,0.0,37.9,23.7,7.0,0.128,Palnadu,AP
2017-03-28,0.0,39.0,24.4,6.71,0.128,Palnadu,AP
2017-03-29,0.0,38.9,25.2,6.64,0.129,Palnadu,AP
2017-03-30,0.0,39.2,25.3,6.89,0.128,Palnadu,AP
2017-03-31,0.0,38.2,25.3,6.79,0.127,Palnadu,AP
2017-04-01,0.0,39.6,24.7,6.97,0.128,Palnadu,AP
2017-04-02,0.2,40.3,25.4,6.95,0.13,Palnadu,AP
2017-04-03,0.0,37.7,26.6,6.92,0.132,Palnadu,AP
2017-04-04,0.2,36.9,26.7,6.03,0.133,Palnadu,AP
2017-04-05,1.9,39.7,26.9,6.09,0.137,Palnadu,AP
2017-04-06,0.0,37.8,27.4,6.6,0.132,Palnadu,AP
2017-04-07,0.8,40.7,27.8,6.53,0.128,Palnadu,AP
2017-04-08,2.0,39.2,27.1,6.58,0.123,Palnadu,AP
2017-04-09,1.4,39.4,26.4,6.42,0.121,Palnadu,AP
2017-04-10,0.7,39.9,26.3,6.53,0.12,Palnadu,AP
2017-04-11,0.0,40.5,25.6,6.58,0.121,Palnadu,AP
2017-04-12,0.0,40.8,24.9,6.47,0.119,Palnadu,AP
2017-04-13,0.1,39.4,24.8,6.92,0.117,Palnadu,AP
2017-04-14,0.1,39.6,25.4,6.64,0.117,Palnadu,AP
2017-04-15,0.0,40.5,24.3,6.57,0.116,Palnadu,AP
2017-04-16,0.0,43.0,24.7,7.02,0.116,Palnadu,AP
2017-04-17,0.0,43.8,26.5,7.14,0.119,Palnadu,AP
2017-04-18,0.0,40.6,27.3,6.89,0.118,Palnadu,AP
2017-04-19,0.0,41.3,27.0,6.5,0.117,Palnadu,AP
2017-04-20,3.6,40.6,27.9,6.0,0.124,Palnadu,AP
2017-04-21,0.3,41.6,29.0,6.35,0.136,Palnadu,AP
2017-04-22,0.0,42.8,28.2,6.84,0.135,Palnadu,AP
2017-04-23,0.8,41.8,28.3,6.37,0.132,Palnadu,AP
2017-04-24,2.5,41.1,27.9,6.26,0.128,Palnadu,AP
2017-04-25,0.1,40.8,27.7,5.83,0.122,Palnadu,AP
2017-04-26,0.2,41.1,27.7,6.12,0.123,Palnadu,AP
2017-04-27,2.4,39.8,28.3,6.07,0.138,Palnadu,AP
2017-04-28,0.9,38.2,28.0,5.13,0.166,Palnadu,AP
2017-04-29,0.1,41.7,27.3,6.18,0.168,Palnadu,AP
2017-04-30,2.0,40.6,27.5,6.07,0.164,Palnadu,AP
2017-05-01,3.8,36.7,27.7,5.96,0.196,Palnadu,AP
2017-05-02,0.2,37.2,27.6,6.32,0.207,Palnadu,AP
2017-05-03,0.9,37.5,27.2,6.67,0.187,Palnadu,AP
2017-05-04,0.3,40.1,26.5,6.75,0.166,Palnadu,AP
2017-05-05,0.0,40.1,26.3,6.9,0.152,Palnadu,AP
2017-05-06,0.3,40.2,27.8,7.14,0.144,Palnadu,AP
2017-05-07,0.8,37.3,28.2,5.43,0.143,Palnadu,AP
2017-05-08,0.3,40.6,27.2,6.1,0.141,Palnadu,AP
2017-05-09,3.9,37.7,27.7,6.06,0.152,Palnadu,AP
2017-05-10,1.3,36.3,28.2,5.67,0.175,Palnadu,AP
2017-05-11,0.8,37.6,27.8,6.27,0.191,Palnadu,AP
2017-05-12,0.8,38.2,27.1,6.65,0.175,Palnadu,AP
2017-05-13,0.3,40.4,27.1,6.98,0.163,Palnadu,AP
2017-05-14,0.1,42.0,27.3,6.87,0.15,Palnadu,AP
2017-05-15,0.0,44.4,29.1,7.69,0.139,Palnadu,AP
2017-05-16,0.2,45.0,32.4,7.94,0.134,Palnadu,AP
2017-05-17,0.0,45.3,30.5,8.95,0.131,Palnadu,AP
2017-05-18,0.0,45.7,33.7,9.09,0.132,Palnadu,AP
2017-05-19,0.0,45.1,31.7,8.75,0.13,Palnadu,AP
2017-05-20,0.0,44.8,31.1,7.84,0.13,Palnadu,AP
2017-05-21,2.5,42.2,29.7,6.47,0.137,Palnadu,AP
2017-05-22,1.5,43.5,30.6,6.46,0.139,Palnadu,AP
2017-05-23,0.0,43.6,30.3,6.26,0.144,Palnadu,AP
2017-05-24,0.0,42.0,30.0,4.77,0.145,Palnadu,AP
2017-05-25,0.2,40.7,30.1,6.48,0.169,Palnadu,AP
2017-05-26,3.5,40.7,29.5,5.85,0.186,Palnadu,AP
2017-05-27,1.2,40.6,28.7,6.02,0.186,Palnadu,AP
2017-05-28,0.0,40.7,28.3,6.7,0.188,Palnadu,AP
2017-05-29,0.0,41.5,29.1,8.03,0.181,Palnadu,AP
2017-05-30,0.0,41.0,31.6,9.32,0.169,Palnadu,AP
2017-05-31,0.0,40.8,30.3,7.89,0.153,Palnadu,AP
2017-06-01,0.1,40.8,29.8,7.04,0.141,Palnadu,AP
2017-06-02,0.6,41.6,29.7,6.81,0.132,Palnadu,AP
2017-06-03,0.1,41.5,29.0,6.3,0.129,Palnadu,AP
2017-06-04,0.4,40.3,29.4,6.91,0.128,Palnadu,AP
2017-06-05,4.1,42.6,28.6,7.64,0.139,Palnadu,AP
2017-06-06,3.0,37.6,27.3,4.9,0.273,Palnadu,AP
2017-06-07,15.4,35.8,25.9,5.15,0.353,Palnadu,AP
2017-06-08,12.1,31.9,24.9,3.04,0.342,Palnadu,AP
2017-06-09,7.3,34.1,26.8,4.66,0.336,Palnadu,AP
2017-06-10,2.5,34.2,28.0,5.51,0.324,Palnadu,AP
2017-06-11,0.4,34.4,26.3,4.24,0.305,Palnadu,AP
2017-06-12,3.0,34.5,28.8,5.31,0.288,Palnadu,AP
2017-06-13,5.1,35.6,27.1,5.31,0.268,Palnadu,AP
2017-06-14,3.2,35.2,25.9,4.33,0.266,Palnadu,AP
2017-06-15,6.5,31.3,27.1,2.73,0.291,Palnadu,AP
2017-06-16,9.8,31.8,25.4,3.01,0.358,Palnadu,AP
2017-06-17,2.4,34.0,25.3,4.56,0.339,Palnadu,AP
2017-06-18,9.8,34.6,26.1,4.66,0.342,Palnadu,AP
2017-06-19,8.5,30.8,26.7,2.62,0.365,Palnadu,AP
2017-06-20,4.2,30.8,25.7,3.6,0.358,Palnadu,AP
2017-06-21,0.0,33.7,26.6,4.87,0.34,Palnadu,AP
2017-06-22,0.2,35.2,27.4,5.65,0.306,Palnadu,AP
2017-06-23,0.1,33.9,27.5,5.23,0.297,Palnadu,AP
2017-06-24,8.4,32.6,25.4,2.65,0.346,Palnadu,AP
2017-06-25,2.2,31.8,25.2,2.84,0.345,Palnadu,AP
2017-06-26,8.9,32.5,24.6,2.83,0.352,Palnadu,AP
2017-06-27,4.9,32.6,25.1,3.49,0.344,Palnadu,AP
2017-06-28,0.6,32.7,25.1,3.98,0.359,Palnadu,AP
2017-06-29,4.3,32.5,25.8,4.08,0.343,Palnadu,AP
2017-06-30,0.0,34.7,28.0,5.12,0.31,Palnadu,AP
2017-07-01,0.4,34.3,28.2,4.92,0.292,Palnadu,AP
2017-07-02,0.2,34.6,27.1,5.31,0.274,Palnadu,AP
2017-07-03,1.4,35.8,27.2,5.44,0.256,Palnadu,AP
2017-07-04,0.3,36.5,27.3,6.88,0.238,Palnadu,AP
2017-07-05,0.3,35.9,29.3,7.09,0.218,Palnadu,AP
2017-07-06,0.1,35.5,29.0,5.46,0.205,Palnadu,AP
2017-07-07,18.3,30.1,24.2,2.03,0.318,Palnadu,AP
2017-07-08,0.2,34.0,26.8,4.38,0.309,Palnadu,AP
2017-07-09,0.0,33.5,27.4,4.84,0.281,Palnadu,AP
2017-07-10,0.7,35.2,26.9,5.4,0.263,Palnadu,AP
2017-07-11,17.0,31.1,26.5,2.81,0.273,Palnadu,AP
2017-07-12,1.0,33.3,27.8,5.12,0.236,Palnadu,AP
2017-07-13,39.2,29.5,24.2,2.07,0.275,Palnadu,AP
2017-07-14,25.9,27.8,23.8,1.24,0.399,Palnadu,AP
2017-07-15,5.3,31.4,24.1,3.56,0.38,Palnadu,AP
2017-07-16,1.2,30.8,25.0,3.82,0.351,Palnadu,AP
2017-07-17,20.3,28.4,24.3,1.63,0.375,Palnadu,AP
2017-07-18,55.0,26.1,24.1,1.11,0.429,Palnadu,AP
2017-07-19,2.6,32.4,24.3,4.81,0.4,Palnadu,AP
2017-07-20,0.2,33.2,26.8,5.35,0.366,Palnadu,AP
2017-07-21,0.1,34.5,27.3,6.06,0.336,Palnadu,AP
2017-07-22,0.0,34.3,27.5,5.59,0.311,Palnadu,AP
2017-07-23,0.4,34.9,28.4,6.28,0.29,Palnadu,AP
2017-07-24,0.0,35.1,28.3,5.92,0.268,Palnadu,AP
2017-07-25,0.0,34.7,27.5,6.06,0.249,Palnadu,AP
2017-07-26,0.0,35.5,28.0,6.52,0.231,Palnadu,AP
2017-07-27,0.2,34.9,27.4,5.81,0.213,Palnadu,AP
2017-07-28,0.2,34.7,27.0,4.98,0.205,Palnadu,AP
2017-07-29,7.9,34.2,24.6,3.62,0.311,Palnadu,AP
2017-07-30,5.0,34.4,27.5,4.56,0.301,Palnadu,AP
2017-07-31,2.8,35.5,25.5,5.23,0.295,Palnadu,AP
2017-08-01,0.4,35.2,27.9,5.65,0.267,Palnadu,AP
2017-08-02,2.9,35.5,26.9,5.16,0.259,Palnadu,AP
2017-08-03,0.4,36.3,28.4,6.71,0.231,Palnadu,AP
2017-08-04,0.4,34.6,27.5,6.07,0.218,Palnadu,AP
2017-08-05,3.9,34.0,26.5,4.59,0.219,Palnadu,AP
2017-08-06,1.8,34.6,27.1,5.16,0.219,Palnadu,AP
2017-08-07,1.1,34.8,26.3,4.65,0.209,Palnadu,AP
2017-08-08,3.2,33.7,26.5,3.58,0.221,Palnadu,AP
2017-08-09,14.8,32.4,25.7,2.56,0.302,Palnadu,AP
2017-08-10,1.8,32.4,25.0,3.71,0.346,Palnadu,AP
2017-08-11,5.1,32.7,26.2,3.69,0.343,Palnadu,AP
2017-08-12,7.3,32.3,26.6,3.5,0.351,Palnadu,AP
2017-08-13,10.9,30.6,26.2,2.8,0.357,Palnadu,AP
2017-08-14,0.4,32.4,24.7,4.23,0.346,Palnadu,AP
2017-08-15,1.3,32.4,25.3,4.28,0.343,Palnadu,AP
2017-08-16,0.7,33.1,26.3,4.21,0.324,Palnadu,AP
2017-08-17,16.6,31.1,25.6,3.23,0.345,Palnadu,AP
2017-08-18,22.0,28.4,24.6,1.53,0.383,Palnadu,AP
2017-08-19,12.6,27.5,24.2,1.68,0.404,Palnadu,AP
2017-08-20,0.4,30.5,25.1,2.7,0.379,Palnadu,AP
2017-08-21,0.2,32.7,24.7,4.78,0.352,Palnadu,AP
2017-08-22,6.5,32.7,25.1,3.62,0.379,Palnadu,AP
2017-08-23,2.1,32.1,25.8,3.63,0.389,Palnadu,AP
2017-08-24,8.1,31.9,25.7,3.72,0.405,Palnadu,AP
2017-08-25,10.4,30.8,25.0,3.06,0.406,Palnadu,AP
2017-08-26,8.2,31.6,25.0,3.52,0.413,Palnadu,AP
2017-08-27,24.9,29.1,25.1,1.92,0.412,Palnadu,AP
2017-08-28,23.6,28.8,24.5,1.61,0.425,Palnadu,AP
2017-08-29,2.7,31.3,24.4,3.17,0.408,Palnadu,AP
2017-08-30,0.2,33.2,25.1,4.23,0.38,Palnadu,AP
2017-08-31,0.0,32.8,26.4,3.67,0.359,Palnadu,AP
2017-09-01,2.3,32.9,26.6,4.56,0.346,Palnadu,AP
2017-09-02,0.0,33.4,25.7,4.43,0.336,Palnadu,AP
2017-09-03,1.3,33.6,26.6,4.88,0.321,Palnadu,AP
2017-09-04,0.4,33.9,26.5,4.21,0.303,Palnadu,AP
2017-09-05,3.9,31.9,26.5,3.36,0.304,Palnadu,AP
2017-09-06,9.6,32.8,25.1,3.94,0.375,Palnadu,AP
2017-09-07,23.6,32.0,24.9,3.87,0.408,Palnadu,AP
2017-09-08,3.2,31.9,25.1,4.12,0.396,Palnadu,AP
2017-09-09,6.0,32.2,25.1,4.34,0.385,Palnadu,AP
2017-09-10,3.4,31.7,25.5,3.67,0.372,Palnadu,AP
2017-09-11,3.4,31.5,25.1,3.67,0.383,Palnadu,AP
2017-09-12,2.0,31.9,25.6,4.33,0.372,Palnadu,AP
2017-09-13,2.8,32.2,25.7,4.33,0.367,Palnadu,AP
2017-09-14,1.3,33.3,26.1,4.64,0.342,Palnadu,AP
2017-09-15,1.9,32.3,25.4,3.22,0.37,Palnadu,AP
2017-09-16,7.0,32.6,25.4,4.18,0.355,Palnadu,AP
2017-09-17,16.7,31.8,25.0,2.98,0.4,Palnadu,AP
2017-09-18,4.0,28.5,25.0,2.39,0.396,Palnadu,AP
2017-09-19,2.9,32.2,24.9,4.42,0.385,Palnadu,AP
2017-09-20,0.1,31.2,26.1,3.84,0.359,Palnadu,AP
2017-09-21,0.1,32.6,26.7,4.88,0.339,Palnadu,AP
2017-09-22,0.6,31.6,25.8,3.93,0.322,Palnadu,AP
2017-09-23,4.6,33.1,25.2,4.32,0.33,Palnadu,AP
2017-09-24,5.7,32.7,25.3,3.57,0.365,Palnadu,AP
2017-09-25,9.9,32.3,25.6,3.65,0.389,Palnadu,AP
2017-09-26,5.9,31.9,25.2,3.88,0.391,Palnadu,AP
2017-09-27,16.4,30.4,25.1,2.58,0.393,Palnadu,AP
2017-09-28,31.3,29.4,24.3,2.66,0.409,Palnadu,AP
2017-09-29,5.8,31.5,24.6,3.44,0.397,Palnadu,AP
2017-09-30,9.2,31.3,24.7,3.13,0.403,Palnadu,AP
2017-10-01,9.6,31.3,24.2,3.34,0.403,Palnadu,AP
2017-10-02,18.6,30.3,24.4,3.13,0.409,Palnadu,AP
2017-10-03,6.4,30.4,24.2,3.08,0.402,Palnadu,AP
2017-10-04,8.7,30.8,24.7,2.97,0.403,Palnadu,AP
2017-10-05,12.0,30.6,24.2,2.91,0.409,Palnadu,AP
2017-10-06,1.7,30.5,24.0,3.28,0.401,Palnadu,AP
2017-10-07,4.0,30.5,24.7,3.21,0.4,Palnadu,AP
2017-10-08,5.1,30.2,24.5,3.26,0.404,Palnadu,AP
2017-10-09,4.9,31.0,24.0,3.43,0.396,Palnadu,AP
2017-10-10,0.8,31.4,23.9,3.81,0.389,Palnadu,AP
2017-10-11,3.5,31.1,25.2,3.51,0.386,Palnadu,AP
2017-10-12,2.9,31.7,24.5,3.89,0.374,Palnadu,AP
2017-10-13,0.6,32.3,24.6,3.85,0.365,Palnadu,AP
2017-10-14,1.3,31.9,25.4,3.74,0.365,Palnadu,AP
2017-10-15,16.9,31.7,25.5,3.47,0.379,Palnadu,AP
2017-10-16,2.0,32.6,24.9,3.85,0.386,Palnadu,AP
2017-10-17,0.0,33.7,25.5,5.27,0.361,Palnadu,AP
2017-10-18,0.0,32.9,24.9,5.09,0.342,Palnadu,AP
2017-10-19,0.3,29.8,24.1,2.94,0.334,Palnadu,AP
2017-10-20,0.0,32.8,23.7,4.22,0.321,Palnadu,AP
2017-10-21,0.0,33.1,20.8,4.95,0.301,Palnadu,AP
2017-10-22,0.0,33.0,22.8,4.32,0.285,Palnadu,AP
2017-10-23,0.2,32.9,24.3,4.08,0.27,Palnadu,AP
2017-10-24,0.4,31.9,25.0,3.75,0.26,Palnadu,AP
2017-10-25,1.1,31.5,24.1,3.83,0.254,Palnadu,AP
2017-10-26,0.0,31.9,23.7,4.2,0.238,Palnadu,AP
2017-10-27,0.0,32.2,22.1,4.58,0.221,Palnadu,AP
2017-10-28,0.0,32.1,22.9,4.1,0.207,Palnadu,AP
2017-10-29,0.0,32.1,22.7,4.75,0.195,Palnadu,AP
2017-10-30,0.0,31.8,22.8,4.68,0.182,Palnadu,AP
2017-10-31,0.0,31.7,22.9,4.27,0.173,Palnadu,AP
2017-11-01,0.0,32.2,22.9,4.9,0.164,Palnadu,AP
2017-11-02,0.0,31.8,22.3,5.11,0.158,Palnadu,AP
2017-11-03,0.0,30.7,21.4,4.13,0.152,Palnadu,AP
2017-11-04,0.0,30.2,22.7,3.4,0.149,Palnadu,AP
2017-11-05,0.2,31.2,23.8,3.69,0.159,Palnadu,AP
2017-11-06,0.3,31.7,23.0,3.8,0.162,Palnadu,AP
2017-11-07,0.0,31.8,22.7,4.1,0.156,Palnadu,AP
2017-11-08,0.1,32.8,23.3,4.19,0.15,Palnadu,AP
2017-11-09,0.0,32.3,22.5,4.95,0.143,Palnadu,AP
2017-11-10,0.0,32.5,21.1,4.89,0.138,Palnadu,AP
2017-11-11,0.0,31.9,20.4,5.0,0.136,Palnadu,AP
2017-11-12,0.0,31.7,21.8,4.43,0.137,Palnadu,AP
2017-11-13,0.2,31.2,24.0,3.78,0.139,Palnadu,AP
2017-11-14,1.3,31.7,24.6,3.2,0.141,Palnadu,AP
2017-11-15,0.1,34.5,24.6,5.51,0.137,Palnadu,AP
2017-11-16,0.0,34.1,24.9,5.25,0.132,Palnadu,AP
2017-11-17,0.2,32.3,23.9,3.84,0.13,Palnadu,AP
2017-11-18,2.8,30.7,23.8,3.19,0.142,Palnadu,AP
2017-11-19,0.4,32.3,24.2,3.38,0.148,Palnadu,AP
2017-11-20,0.7,32.0,24.3,3.17,0.151,Palnadu,AP
2017-11-21,1.2,31.7,24.0,3.25,0.154,Palnadu,AP
2017-11-22,0.0,32.7,21.8,4.19,0.147,Palnadu,AP
2017-11-23,0.4,33.8,22.6,3.9,0.14,Palnadu,AP
2017-11-24,0.9,32.9,23.7,3.72,0.143,Palnadu,AP
2017-11-25,0.0,32.3,22.9,4.2,0.139,Palnadu,AP
2017-11-26,0.0,32.5,20.1,4.41,0.137,Palnadu,AP
2017-11-27,0.0,32.5,20.8,4.28,0.136,Palnadu,AP
2017-11-28,0.0,32.2,20.2,4.46,0.133,Palnadu,AP
2017-11-29,0.0,32.1,20.2,4.49,0.13,Palnadu,AP
2017-11-30,0.0,32.3,20.3,4.48,0.129,Palnadu,AP
2017-12-01,0.0,31.7,21.3,4.47,0.13,Palnadu,AP
2017-12-02,0.0,30.6,20.4,4.57,0.13,Palnadu,AP
2017-12-03,0.0,30.8,18.9,4.43,0.13,Palnadu,AP
2017-12-04,0.0,30.7,19.2,4.23,0.129,Palnadu,AP
2017-12-05,0.0,31.0,19.2,4.51,0.129,Palnadu,AP
2017-12-06,0.0,30.9,19.9,3.93,0.13,Palnadu,AP
2017-12-07,0.0,32.2,19.2,4.12,0.128,Palnadu,AP
2017-12-08,0.0,33.4,20.5,4.57,0.13,Palnadu,AP
2017-12-09,0.0,33.5,20.7,5.28,0.125,Palnadu,AP
2017-12-10,0.0,33.3,21.4,5.09,0.12,Palnadu,AP
2017-12-11,0.0,33.0,19.6,4.33,0.115,Palnadu,AP
2017-12-12,0.1,32.4,21.1,3.53,0.116,Palnadu,AP
2017-12-13,0.0,32.9,21.2,3.71,0.115,Palnadu,AP
2017-12-14,0.0,32.7,22.0,3.76,0.114,Palnadu,AP
2017-12-15,0.0,32.5,22.6,3.94,0.114,Palnadu,AP
2017-12-16,0.0,32.4,20.3,4.16,0.114,Palnadu,AP
2017-12-17,0.0,32.4,19.7,4.19,0.114,Palnadu,AP
2017-12-18,0.0,31.5,18.9,4.09,0.114,Palnadu,AP
2017-12-19,0.0,31.0,18.9,4.03,0.114,Palnadu,AP
2017-12-20,0.0,31.1,17.9,4.21,0.114,Palnadu,AP
2017-12-21,0.0,31.3,17.2,4.17,0.113,Palnadu,AP
2017-12-22,0.0,31.6,19.6,3.95,0.113,Palnadu,AP
2017-12-23,0.0,31.1,19.0,3.97,0.112,Palnadu,AP
2017-12-24,0.0,31.3,19.1,3.94,0.113,Palnadu,AP
2017-12-25,0.0,32.0,19.4,4.01,0.113,Palnadu,AP
2017-12-26,0.0,31.6,19.9,4.19,0.113,Palnadu,AP
2017-12-27,0.0,30.5,18.9,3.82,0.113,Palnadu,AP
2017-12-28,0.0,31.1,18.1,4.29,0.112,Palnadu,AP
2017-12-29,0.0,30.5,17.3,4.14,0.111,Palnadu,AP
2017-12-30,0.0,31.0,17.8,3.85,0.11,Palnadu,AP
2017-12-31,0.0,31.3,18.8,4.02,0.109,Palnadu,AP
2018-01-01,0.0,32.4,20.7,4.27,0.108,Palnadu,AP
2018-01-02,0.0,31.3,20.6,3.65,0.108,Palnadu,AP
2018-01-03,0.0,31.6,20.1,4.22,0.108,Palnadu,AP
2018-01-04,0.0,31.4,18.7,4.31,0.108,Palnadu,AP
2018-01-05,0.0,31.3,17.1,4.2,0.108,Palnadu,AP
2018-01-06,0.0,30.8,16.8,4.14,0.108,Palnadu,AP
2018-01-07,0.0,30.9,17.0,4.22,0.108,Palnadu,AP
2018-01-08,0.0,30.7,17.0,4.2,0.108,Palnadu,AP
2018-01-09,0.0,30.8,18.3,4.02,0.108,Palnadu,AP
2018-01-10,0.0,32.2,20.0,3.95,0.108,Palnadu,AP
2018-01-11,0.0,33.0,20.8,3.58,0.107,Palnadu,AP
2018-01-12,0.0,34.2,20.3,4.24,0.107,Palnadu,AP
2018-01-13,0.0,34.3,20.7,4.36,0.106,Palnadu,AP
2018-01-14,0.0,33.3,21.0,4.06,0.106,Palnadu,AP
2018-01-15,0.0,33.2,20.8,3.89,0.106,Palnadu,AP
2018-01-16,0.0,32.7,20.1,4.27,0.106,Palnadu,AP
2018-01-17,0.2,32.4,19.7,4.03,0.107,Palnadu,AP
2018-01-18,0.0,31.9,18.3,4.18,0.107,Palnadu,AP
2018-01-19,0.0,31.4,18.6,4.09,0.107,Palnadu,AP
2018-01-20,0.0,31.0,17.9,4.08,0.107,Palnadu,AP
2018-01-21,0.0,31.0,18.0,4.32,0.107,Palnadu,AP
2018-01-22,0.0,30.6,18.7,4.52,0.106,Palnadu,AP
2018-01-23,0.0,31.7,18.0,4.14,0.106,Palnadu,AP
2018-01-24,0.0,33.2,18.6,4.22,0.106,Palnadu,AP
2018-01-25,0.0,32.9,18.9,4.31,0.106,Palnadu,AP
2018-01-26,0.0,32.5,19.1,4.37,0.105,Palnadu,AP
2018-01-27,0.0,31.1,19.6,3.81,0.105,Palnadu,AP
2018-01-28,0.0,32.3,19.3,4.48,0.105,Palnadu,AP
2018-01-29,0.0,32.2,19.1,4.26,0.105,Palnadu,AP
2018-01-30,0.0,31.8,19.3,4.14,0.104,Palnadu,AP
2018-01-31,0.0,33.6,17.7,4.68,0.105,Palnadu,AP
2018-02-01,0.0,34.3,18.0,5.22,0.105,Palnadu,AP
2018-02-02,0.0,34.5,17.6,5.14,0.105,Palnadu,AP
2018-02-03,0.0,32.0,18.3,5.34,0.105,Palnadu,AP
2018-02-04,0.0,32.1,17.6,5.18,0.105,Palnadu,AP
2018-02-05,0.0,32.1,16.9,4.78,0.105,Palnadu,AP
2018-02-06,0.0,32.5,18.0,4.72,0.105,Palnadu,AP
2018-02-07,0.0,33.2,19.7,3.96,0.105,Palnadu,AP
2018-02-08,0.0,35.1,23.0,4.38,0.106,Palnadu,AP
2018-02-09,0.3,34.9,22.1,4.85,0.106,Palnadu,AP
2018-02-10,0.0,33.9,22.5,4.64,0.107,Palnadu,AP
2018-02-11,0.0,30.0,22.7,3.71,0.108,Palnadu,AP
2018-02-12,0.0,32.8,21.0,5.3,0.108,Palnadu,AP
2018-02-13,0.0,32.3,20.7,4.57,0.105,Palnadu,AP
2018-02-14,0.0,33.4,19.8,5.33,0.104,Palnadu,AP
2018-02-15,0.0,33.3,19.8,4.43,0.103,Palnadu,AP
2018-02-16,0.0,34.3,20.0,4.71,0.102,Palnadu,AP
2018-02-17,0.0,34.8,20.3,4.82,0.102,Palnadu,AP
2018-02-18,0.0,34.1,21.0,5.03,0.102,Palnadu,AP
2018-02-19,0.0,33.2,19.7,4.91,0.102,Palnadu,AP
2018-02-20,0.0,34.0,20.6,4.91,0.102,Palnadu,AP
2018-02-21,0.0,35.1,19.4,5.24,0.103,Palnadu,AP
2018-02-22,0.0,35.3,21.0,5.12,0.103,Palnadu,AP
2018-02-23,0.0,34.1,21.2,5.54,0.103,Palnadu,AP
2018-02-24,0.0,34.1,19.6,5.36,0.103,Palnadu,AP
2018-02-25,0.0,35.1,17.4,5.7,0.104,Palnadu,AP
2018-02-26,0.0,35.9,17.6,5.7,0.103,Palnadu,AP
2018-02-27,0.0,37.3,19.2,6.26,0.103,Palnadu,AP
2018-02-28,0.0,37.4,20.4,6.0,0.103,Palnadu,AP
2018-03-01,0.0,37.0,21.1,6.04,0.102,Palnadu,AP
2018-03-02,0.0,37.4,21.0,6.23,0.102,Palnadu,AP
2018-03-03,0.0,38.2,22.1,7.01,0.101,Palnadu,AP
2018-03-04,0.0,37.9,22.1,7.23,0.101,Palnadu,AP
2018-03-05,0.0,37.4,20.2,6.33,0.1,Palnadu,AP
2018-03-06,0.0,36.6,21.1,6.08,0.1,Palnadu,AP
2018-03-07,0.0,36.9,21.4,6.4,0.1,Palnadu,AP
2018-03-08,0.0,36.8,19.3,6.91,0.099,Palnadu,AP
2018-03-09,0.0,36.8,20.0,5.86,0.099,Palnadu,AP
2018-03-10,0.6,36.3,22.4,5.39,0.1,Palnadu,AP
2018-03-11,0.0,36.3,22.3,5.75,0.101,Palnadu,AP
2018-03-12,0.0,36.2,22.0,5.83,0.102,Palnadu,AP
2018-03-13,0.0,37.4,23.1,5.75,0.102,Palnadu,AP
2018-03-14,0.0,37.2,22.6,5.84,0.1,Palnadu,AP
2018-03-15,0.0,36.3,23.6,5.77,0.1,Palnadu,AP
2018-03-16,13.7,33.3,23.4,3.4,0.118,Palnadu,AP
2018-03-17,0.2,32.2,23.6,3.65,0.206,Palnadu,AP
2018-03-18,0.0,35.1,22.7,6.03,0.187,Palnadu,AP
2018-03-19,0.0,36.5,22.7,6.17,0.168,Palnadu,AP
2018-03-20,0.0,37.1,22.3,5.74,0.154,Palnadu,AP
2018-03-21,0.0,38.4,23.2,6.44,0.146,Palnadu,AP
2018-03-22,0.2,38.2,24.4,5.25,0.141,Palnadu,AP
2018-03-23,5.0,37.3,25.2,4.9,0.15,Palnadu,AP
2018-03-24,0.0,37.4,25.8,5.42,0.139,Palnadu,AP
2018-03-25,0.0,36.4,24.6,5.51,0.138,Palnadu,AP
2018-03-26,0.0,37.1,23.8,5.67,0.137,Palnadu,AP
2018-03-27,0.0,37.9,23.1,6.09,0.137,Palnadu,AP
2018-03-28,0.6,37.5,24.4,5.75,0.137,Palnadu,AP
2018-03-29,0.1,38.4,25.4,5.53,0.138,Palnadu,AP
2018-03-30,0.4,37.8,25.5,5.59,0.141,Palnadu,AP
2018-03-31,0.0,37.3,25.8,5.86,0.14,Palnadu,AP
2018-04-01,0.1,37.2,25.8,5.92,0.139,Palnadu,AP
2018-04-02,2.2,33.6,26.1,4.67,0.175,Palnadu,AP
2018-04-03,1.1,35.3,25.3,5.12,0.179,Palnadu,AP
2018-04-04,0.0,36.9,25.0,5.95,0.167,Palnadu,AP
2018-04-05,0.7,35.9,25.1,6.02,0.158,Palnadu,AP
2018-04-06,0.0,36.0,25.1,5.78,0.148,Palnadu,AP
2018-04-07,1.9,35.8,24.9,5.31,0.147,Palnadu,AP
2018-04-08,0.7,35.1,24.6,5.22,0.148,Palnadu,AP
2018-04-09,0.8,35.7,24.8,5.86,0.142,Palnadu,AP
2018-04-10,0.0,36.3,22.9,6.0,0.137,Palnadu,AP
2018-04-11,0.0,37.1,24.2,6.0,0.131,Palnadu,AP
2018-04-12,0.2,37.8,26.2,6.25,0.126,Palnadu,AP
2018-04-13,0.0,36.4,26.1,6.1,0.122,Palnadu,AP
2018-04-14,0.0,37.7,26.8,6.08,0.118,Palnadu,AP
2018-04-15,0.1,37.6,27.3,6.32,0.119,Palnadu,AP
2018-04-16,0.4,38.9,26.9,6.16,0.121,Palnadu,AP
2018-04-17,0.0,38.8,26.7,6.61,0.121,Palnadu,AP
2018-04-18,0.0,40.2,26.4,6.2,0.12,Palnadu,AP
2018-04-19,0.3,41.2,27.1,6.82,0.121,Palnadu,AP
2018-04-20,3.4,41.2,27.8,6.08,0.132,Palnadu,AP
2018-04-21,0.4,40.2,28.2,6.15,0.146,Palnadu,AP
2018-04-22,0.0,39.0,27.8,6.76,0.14,Palnadu,AP
2018-04-23,0.7,39.2,27.6,6.01,0.14,Palnadu,AP
2018-04-24,3.8,36.4,28.2,4.97,0.152,Palnadu,AP
2018-04-25,0.0,39.4,27.2,6.37,0.147,Palnadu,AP
2018-04-26,0.0,39.9,27.3,6.51,0.141,Palnadu,AP
2018-04-27,0.0,39.8,27.5,6.76,0.136,Palnadu,AP
2018-04-28,0.0,38.2,26.9,6.83,0.132,Palnadu,AP
2018-04-29,0.0,38.1,26.4,6.12,0.129,Palnadu,AP
2018-04-30,2.0,41.6,27.4,6.58,0.13,Palnadu,AP
2018-05-01,0.0,41.1,28.2,6.86,0.135,Palnadu,AP
2018-05-02,1.3,40.5,27.9,6.25,0.148,Palnadu,AP
2018-05-03,7.2,38.8,28.2,5.06,0.149,Palnadu,AP
2018-05-04,0.2,37.4,26.7,5.42,0.152,Palnadu,AP
2018-05-05,0.3,38.7,27.4,6.73,0.147,Palnadu,AP
2018-05-06,0.0,39.3,26.9,7.1,0.14,Palnadu,AP
2018-05-07,0.0,40.6,27.4,6.42,0.133,Palnadu,AP
2018-05-08,0.0,40.4,27.5,6.52,0.129,Palnadu,AP
2018-05-09,1.3,39.1,28.4,6.36,0.128,Palnadu,AP
2018-05-10,1.8,39.3,28.2,6.63,0.134,Palnadu,AP
2018-05-11,0.0,40.3,27.9,5.95,0.141,Palnadu,AP
2018-05-12,0.2,39.4,28.4,6.06,0.14,Palnadu,AP
2018-05-13,0.0,39.2,28.3,6.36,0.141,Palnadu,AP
2018-05-14,1.0,37.7,28.1,5.94,0.14,Palnadu,AP
2018-05-15,0.0,37.8,26.2,6.06,0.139,Palnadu,AP
2018-05-16,0.6,38.9,27.3,6.61,0.135,Palnadu,AP
2018-05-17,0.0,38.9,27.4,6.67,0.137,Palnadu,AP
2018-05-18,0.0,39.8,27.4,6.4,0.146,Palnadu,AP
2018-05-19,0.1,41.1,28.0,6.64,0.137,Palnadu,AP
2018-05-20,0.1,40.5,28.4,6.65,0.131,Palnadu,AP
2018-05-21,1.5,37.9,28.1,6.48,0.146,Palnadu,AP
2018-05-22,1.0,39.1,28.3,6.21,0.173,Palnadu,AP
2018-05-23,0.3,39.3,27.5,6.59,0.161,Palnadu,AP
2018-05-24,0.0,39.1,28.3,6.21,0.148,Palnadu,AP
2018-05-25,0.0,39.4,27.7,6.41,0.137,Palnadu,AP
2018-05-26,0.0,38.8,27.6,6.33,0.135,Palnadu,AP
2018-05-27,0.3,38.7,28.2,6.04,0.135,Palnadu,AP
2018-05-28,0.5,39.4,28.0,6.92,0.132,Palnadu,AP
2018-05-29,0.0,42.9,27.6,6.59,0.135,Palnadu,AP
2018-05-30,0.0,43.5,29.4,6.67,0.134,Palnadu,AP
2018-05-31,0.0,43.0,29.7,6.18,0.135,Palnadu,AP
2018-06-01,11.1,37.0,28.4,4.81,0.197,Palnadu,AP
2018-06-02,7.2,37.3,27.5,4.96,0.277,Palnadu,AP
2018-06-03,0.1,38.1,26.9,5.58,0.258,Palnadu,AP
2018-06-04,0.0,40.1,28.7,6.93,0.217,Palnadu,AP
2018-06-05,4.8,40.7,26.4,5.8,0.205,Palnadu,AP
2018-06-06,1.7,37.0,27.9,4.31,0.215,Palnadu,AP
2018-06-07,4.1,34.6,25.6,3.8,0.282,Palnadu,AP
2018-06-08,0.3,35.1,26.3,4.72,0.254,Palnadu,AP
2018-06-09,1.0,35.1,28.1,5.06,0.249,Palnadu,AP
2018-06-10,2.4,34.0,25.4,4.28,0.299,Palnadu,AP
2018-06-11,7.5,33.7,26.6,3.71,0.294,Palnadu,AP
2018-06-12,0.0,34.6,28.3,4.81,0.266,Palnadu,AP
2018-06-13,0.1,36.7,27.6,5.7,0.233,Palnadu,AP
2018-06-14,0.0,38.5,29.6,6.97,0.208,Palnadu,AP
2018-06-15,0.3,39.3,29.1,6.44,0.185,Palnadu,AP
2018-06-16,0.0,39.0,29.2,6.66,0.168,Palnadu,AP
2018-06-17,0.0,39.7,30.6,9.43,0.151,Palnadu,AP
2018-06-18,0.0,39.5,30.1,8.08,0.14,Palnadu,AP
2018-06-19,0.1,39.7,29.4,6.87,0.13,Palnadu,AP
2018-06-20,0.0,41.2,30.5,7.72,0.125,Palnadu,AP
2018-06-21,0.1,39.7,29.7,6.31,0.132,Palnadu,AP
2018-06-22,0.7,38.8,27.3,5.45,0.135,Palnadu,AP
2018-06-23,2.2,35.7,26.2,4.75,0.179,Palnadu,AP
2018-06-24,0.0,37.7,28.5,6.86,0.197,Palnadu,AP
2018-06-25,0.2,37.6,29.2,7.02,0.179,Palnadu,AP
2018-06-26,0.0,37.0,29.4,6.62,0.16,Palnadu,AP
2018-06-27,6.7,35.0,26.0,4.96,0.16,Palnadu,AP
2018-06-28,11.7,33.0,24.7,2.99,0.266,Palnadu,AP
2018-06-29,9.8,35.3,25.1,3.9,0.26,Palnadu,AP
2018-06-30,4.6,33.5,24.7,3.56,0.251,Palnadu,AP
2018-07-01,1.7,34.8,25.4,4.66,0.256,Palnadu,AP
2018-07-02,6.3,35.6,26.8,4.68,0.241,Palnadu,AP
2018-07-03,0.1,36.0,25.2,5.24,0.25,Palnadu,AP
2018-07-04,0.0,36.9,27.6,5.96,0.224,Palnadu,AP
2018-07-05,1.3,37.0,27.3,6.72,0.204,Palnadu,AP
2018-07-06,1.2,37.0,26.3,6.26,0.194,Palnadu,AP
2018-07-07,5.6,32.4,25.4,3.71,0.203,Palnadu,AP
2018-07-08,10.1,32.8,24.8,3.29,0.29,Palnadu,AP
2018-07-09,2.5,34.4,25.4,4.4,0.265,Palnadu,AP
2018-07-10,10.4,30.5,24.8,2.86,0.298,Palnadu,AP
2018-07-11,5.1,32.0,24.3,3.34,0.301,Palnadu,AP
2018-07-12,26.3,27.4,24.1,1.45,0.349,Palnadu,AP
2018-07-13,3.8,32.5,24.1,3.89,0.325,Palnadu,AP
2018-07-14,6.3,31.2,24.8,3.64,0.301,Palnadu,AP
2018-07-15,19.3,27.9,24.5,1.56,0.372,Palnadu,AP
2018-07-16,2.7,30.4,24.6,3.46,0.354,Palnadu,AP
2018-07-17,0.2,34.7,26.4,6.26,0.309,Palnadu,AP
2018-07-18,0.0,34.4,27.7,6.42,0.279,Palnadu,AP
2018-07-19,0.0,35.5,28.3,7.27,0.254,Palnadu,AP
2018-07-20,5.5,30.1,25.6,2.74,0.274,Palnadu,AP
2018-07-21,2.0,31.9,24.9,3.71,0.305,Palnadu,AP
2018-07-22,0.4,33.5,27.8,4.89,0.291,Palnadu,AP
2018-07-23,0.8,34.6,27.2,5.98,0.266,Palnadu,AP
2018-07-24,0.5,35.4,27.7,5.92,0.246,Palnadu,AP
2018-07-25,0.2,36.1,28.1,6.56,0.227,Palnadu,AP
2018-07-26,0.0,37.1,28.4,7.09,0.206,Palnadu,AP
2018-07-27,0.2,35.9,27.4,5.63,0.191,Palnadu,AP
2018-07-28,0.0,36.1,28.5,5.66,0.184,Palnadu,AP
2018-07-29,1.0,36.6,27.4,6.43,0.182,Palnadu,AP
2018-07-30,0.2,37.1,27.1,6.99,0.17,Palnadu,AP
2018-07-31,0.3,37.5,30.0,7.31,0.154,Palnadu,AP
2018-08-01,0.8,37.4,26.9,6.99,0.148,Palnadu,AP
2018-08-02,1.3,37.3,25.0,6.24,0.152,Palnadu,AP
2018-08-03,0.4,36.7,26.5,6.1,0.157,Palnadu,AP
2018-08-04,0.6,37.4,25.7,6.89,0.163,Palnadu,AP
2018-08-05,0.1,36.8,27.9,7.27,0.208,Palnadu,AP
2018-08-06,0.2,35.0,29.0,6.38,0.207,Palnadu,AP
2018-08-07,3.4,33.0,24.6,3.97,0.207,Palnadu,AP
2018-08-08,15.4,30.8,24.0,2.56,0.327,Palnadu,AP
2018-08-09,3.4,34.9,24.0,4.75,0.304,Palnadu,AP
2018-08-10,15.9,31.1,24.5,3.53,0.358,Palnadu,AP
2018-08-11,41.9,30.0,24.3,2.39,0.415,Palnadu,AP
2018-08-12,18.9,30.5,23.8,3.62,0.409,Palnadu,AP
2018-08-13,19.2,29.5,23.7,2.17,0.419,Palnadu,AP
2018-08-14,49.8,26.6,23.6,1.15,0.429,Palnadu,AP
2018-08-15,9.6,28.7,24.6,2.26,0.418,Palnadu,AP
2018-08-16,9.1,30.4,23.9,3.68,0.407,Palnadu,AP
2018-08-17,1.0,32.4,25.6,5.55,0.375,Palnadu,AP
2018-08-18,0.9,33.1,26.7,5.68,0.35,Palnadu,AP
2018-08-19,28.7,28.0,24.4,1.74,0.407,Palnadu,AP
2018-08-20,29.4,26.5,24.0,1.16,0.428,Palnadu,AP
2018-08-21,1.5,31.9,23.9,4.49,0.398,Palnadu,AP
2018-08-22,0.2,33.3,25.2,5.79,0.366,Palnadu,AP
2018-08-23,0.0,32.9,26.8,6.0,0.341,Palnadu,AP
2018-08-24,3.7,31.1,27.5,3.68,0.336,Palnadu,AP
2018-08-25,0.0,31.8,27.2,3.96,0.334,Palnadu,AP
2018-08-26,0.0,32.0,27.1,4.43,0.314,Palnadu,AP
2018-08-27,3.6,31.8,24.5,3.64,0.32,Palnadu,AP
2018-08-28,0.4,32.7,24.9,4.2,0.306,Palnadu,AP
2018-08-29,0.3,33.1,25.7,4.95,0.285,Palnadu,AP
2018-08-30,0.2,33.3,26.2,5.25,0.268,Palnadu,AP
2018-08-31,3.4,33.0,25.8,4.76,0.262,Palnadu,AP
2018-09-01,0.0,33.4,25.4,4.68,0.262,Palnadu,AP
2018-09-02,0.5,32.9,26.2,4.32,0.247,Palnadu,AP
2018-09-03,0.1,33.7,26.8,5.69,0.231,Palnadu,AP
2018-09-04,0.2,33.9,26.3,5.24,0.216,Palnadu,AP
2018-09-05,0.1,33.9,26.5,5.24,0.203,Palnadu,AP
2018-09-06,0.3,33.3,27.3,6.03,0.189,Palnadu,AP
2018-09-07,0.0,34.9,26.6,5.93,0.175,Palnadu,AP
2018-09-08,0.3,35.1,25.5,5.61,0.168,Palnadu,AP
2018-09-09,0.4,35.3,25.4,5.13,0.16,Palnadu,AP
2018-09-10,0.9,34.0,27.1,5.09,0.154,Palnadu,AP
2018-09-11,0.4,35.0,26.0,5.22,0.224,Palnadu,AP
2018-09-12,0.3,34.4,26.6,4.5,0.224,Palnadu,AP
2018-09-13,3.0,32.2,26.1,3.2,0.234,Palnadu,AP
2018-09-14,4.0,33.4,25.2,3.6,0.26,Palnadu,AP
2018-09-15,2.8,34.6,26.2,4.71,0.255,Palnadu,AP
2018-09-16,0.0,34.8,26.1,5.1,0.228,Palnadu,AP
2018-09-17,5.7,32.6,24.4,2.97,0.225,Palnadu,AP
2018-09-18,4.7,33.7,25.6,3.38,0.215,Palnadu,AP
2018-09-19,12.2,32.3,25.2,3.82,0.347,Palnadu,AP
2018-09-20,3.1,31.9,26.0,3.21,0.343,Palnadu,AP
2018-09-21,1.6,34.5,25.4,3.91,0.302,Palnadu,AP
2018-09-22,0.6,33.2,24.2,4.33,0.28,Palnadu,AP
2018-09-23,1.1,32.7,25.5,4.38,0.264,Palnadu,AP
2018-09-24,0.5,32.6,24.9,4.33,0.251,Palnadu,AP
2018-09-25,0.8,33.7,25.4,4.6,0.231,Palnadu,AP
2018-09-26,0.3,34.7,24.6,4.62,0.234,Palnadu,AP
2018-09-27,1.9,32.9,25.4,4.07,0.248,Palnadu,AP
2018-09-28,2.2,33.2,25.2,4.37,0.238,Palnadu,AP
2018-09-29,0.1,35.1,25.0,4.93,0.224,Palnadu,AP
2018-09-30,3.7,34.3,25.6,4.22,0.209,Palnadu,AP
2018-10-01,3.3,34.5,24.7,4.66,0.25,Palnadu,AP
2018-10-02,0.8,35.2,25.2,4.89,0.228,Palnadu,AP
2018-10-03,0.1,35.8,25.8,5.14,0.206,Palnadu,AP
2018-10-04,0.0,35.3,25.0,5.02,0.187,Palnadu,AP
2018-10-05,0.4,36.3,24.5,4.93,0.172,Palnadu,AP
2018-10-06,0.0,37.0,23.7,6.16,0.157,Palnadu,AP
2018-10-07,0.0,36.9,24.4,6.3,0.144,Palnadu,AP
2018-10-08,0.1,36.9,24.8,5.83,0.134,Palnadu,AP
2018-10-09,0.0,37.4,25.8,6.78,0.129,Palnadu,AP
2018-10-10,0.0,37.5,26.0,8.4,0.127,Palnadu,AP
2018-10-11,0.0,37.6,27.6,7.6,0.131,Palnadu,AP
2018-10-12,0.1,36.5,27.4,5.75,0.133,Palnadu,AP
2018-10-13,1.7,35.3,27.1,4.32,0.132,Palnadu,AP
2018-10-14,4.5,33.6,26.5,3.55,0.167,Palnadu,AP
2018-10-15,4.9,31.7,24.6,3.35,0.315,Palnadu,AP
2018-10-16,4.1,31.8,24.9,3.27,0.302,Palnadu,AP
2018-10-17,8.6,30.3,23.6,3.01,0.309,Palnadu,AP
2018-10-18,0.9,31.0,23.8,2.97,0.303,Palnadu,AP
2018-10-19,0.0,33.1,22.0,4.81,0.32,Palnadu,AP
2018-10-20,0.0,32.6,20.8,4.22,0.281,Palnadu,AP
2018-10-21,0.0,34.2,22.2,5.09,0.253,Palnadu,AP
2018-10-22,0.0,34.6,22.9,4.85,0.228,Palnadu,AP
2018-10-23,0.0,35.1,23.7,4.71,0.21,Palnadu,AP
2018-10-24,0.2,34.4,23.8,4.47,0.194,Palnadu,AP
2018-10-25,2.2,33.6,25.0,3.53,0.183,Palnadu,AP
2018-10-26,0.0,34.7,23.4,5.4,0.172,Palnadu,AP
2018-10-27,0.0,34.7,21.5,5.84,0.163,Palnadu,AP
2018-10-28,0.0,34.5,20.4,5.93,0.156,Palnadu,AP
2018-10-29,0.0,34.2,21.3,5.69,0.148,Palnadu,AP
2018-10-30,1.7,32.4,22.5,4.34,0.145,Palnadu,AP
2018-10-31,0.9,34.1,23.6,4.56,0.141,Palnadu,AP
2018-11-01,17.2,31.1,24.6,2.95,0.152,Palnadu,AP
2018-11-02,3.1,32.4,23.9,3.21,0.156,Palnadu,AP
2018-11-03,1.0,33.0,23.8,3.97,0.157,Palnadu,AP
2018-11-04,0.7,32.4,23.6,4.07,0.158,Palnadu,AP
2018-11-05,0.5,32.9,23.9,3.51,0.159,Palnadu,AP
2018-11-06,0.1,34.6,23.3,4.52,0.151,Palnadu,AP
2018-11-07,0.0,35.2,22.7,5.05,0.143,Palnadu,AP
2018-11-08,0.0,35.8,21.8,4.97,0.137,Palnadu,AP
2018-11-09,0.0,35.6,22.8,4.52,0.136,Palnadu,AP
2018-11-10,0.0,35.3,22.4,4.79,0.133,Palnadu,AP
2018-11-11,0.0,35.1,21.2,4.8,0.132,Palnadu,AP
2018-11-12,0.0,34.6,21.2,5.4,0.133,Palnadu,AP
2018-11-13,0.0,34.7,20.1,5.7,0.132,Palnadu,AP
2018-11-14,0.0,35.0,19.4,5.11,0.13,Palnadu,AP
2018-11-15,0.3,34.4,23.7,5.35,0.13,Palnadu,AP
2018-11-16,6.5,32.3,24.5,3.34,0.143,Palnadu,AP
2018-11-17,6.2,31.7,23.9,3.08,0.166,Palnadu,AP
2018-11-18,3.1,33.6,24.0,3.64,0.166,Palnadu,AP
2018-11-19,0.0,34.2,24.6,4.06,0.161,Palnadu,AP
2018-11-20,0.0,34.1,23.1,4.46,0.156,Palnadu,AP
2018-11-21,0.3,32.7,23.3,3.98,0.151,Palnadu,AP
2018-11-22,20.3,28.4,20.3,1.64,0.224,Palnadu,AP
2018-11-23,0.0,32.1,21.3,3.35,0.258,Palnadu,AP
2018-11-24,0.0,32.8,22.1,4.18,0.218,Palnadu,AP
2018-11-25,0.0,31.7,21.0,3.82,0.2,Palnadu,AP
2018-11-26,0.0,31.9,19.0,4.29,0.185,Palnadu,AP
2018-11-27,0.0,31.1,18.6,4.35,0.171,Palnadu,AP
2018-11-28,0.0,30.7,18.9,4.02,0.161,Palnadu,AP
2018-11-29,0.0,32.8,21.9,4.0,0.154,Palnadu,AP
2018-11-30,0.0,32.5,21.1,4.14,0.147,Palnadu,AP
2018-12-01,0.0,31.1,20.6,3.43,0.143,Palnadu,AP
2018-12-02,0.0,31.1,20.6,3.66,0.137,Palnadu,AP
2018-12-03,0.0,32.0,20.9,3.79,0.134,Palnadu,AP
2018-12-04,2.0,32.0,22.2,3.43,0.139,Palnadu,AP
2018-12-05,0.5,31.8,22.6,3.02,0.148,Palnadu,AP
2018-12-06,2.0,31.2,22.2,2.92,0.159,Palnadu,AP
2018-12-07,0.8,30.5,22.4,3.18,0.161,Palnadu,AP
2018-12-08,1.4,30.6,22.8,3.0,0.166,Palnadu,AP
2018-12-09,0.5,31.9,22.4,3.64,0.17,Palnadu,AP
2018-12-10,0.0,31.1,22.7,3.19,0.163,Palnadu,AP
2018-12-11,0.0,30.4,22.0,3.4,0.16,Palnadu,AP
2018-12-12,0.0,32.8,20.9,3.82,0.159,Palnadu,AP
2018-12-13,0.5,30.3,21.6,3.33,0.155,Palnadu,AP
2018-12-14,0.1,32.7,20.4,4.43,0.151,Palnadu,AP
2018-12-15,0.0,31.6,21.2,4.4,0.15,Palnadu,AP
2018-12-16,29.7,25.0,18.6,1.59,0.204,Palnadu,AP
2018-12-17,22.9,21.9,17.9,1.57,0.385,Palnadu,AP
2018-12-18,0.0,24.8,18.1,2.99,0.342,Palnadu,AP
2018-12-19,0.0,23.5,19.3,2.29,0.319,Palnadu,AP
2018-12-20,0.0,27.6,18.8,3.06,0.303,Palnadu,AP
2018-12-21,0.0,27.8,19.6,2.98,0.287,Palnadu,AP
2018-12-22,0.0,28.3,19.4,2.78,0.277,Palnadu,AP
2018-12-23,0.0,28.2,19.2,3.04,0.266,Palnadu,AP
2018-12-24,0.0,29.0,18.8,3.47,0.255,Palnadu,AP
2018-12-25,0.0,29.9,18.7,3.59,0.242,Palnadu,AP
2018-12-26,0.0,29.7,18.6,3.68,0.23,Palnadu,AP
2018-12-27,0.1,28.0,20.7,2.09,0.222,Palnadu,AP
2018-12-28,1.3,28.2,19.0,3.71,0.224,Palnadu,AP
2018-12-29,0.0,27.7,15.9,4.22,0.217,Palnadu,AP
2018-12-30,0.0,28.3,17.9,3.79,0.208,Palnadu,AP
2018-12-31,0.0,27.4,14.6,3.93,0.199,Palnadu,AP
2019-01-01,0.0,28.2,13.8,3.83,0.188,Palnadu,AP
2019-01-02,0.0,29.1,14.5,3.79,0.178,Palnadu,AP
2019-01-03,0.0,30.2,15.5,3.79,0.17,Palnadu,AP
2019-01-04,0.0,30.3,16.6,3.95,0.162,Palnadu,AP
2019-01-05,0.0,29.2,17.3,3.53,0.157,Palnadu,AP
2019-01-06,0.0,29.5,17.4,3.83,0.153,Palnadu,AP
2019-01-07,0.0,31.0,17.9,4.0,0.148,Palnadu,AP
2019-01-08,0.0,30.5,16.3,4.61,0.143,Palnadu,AP
2019-01-09,0.0,31.2,15.4,4.55,0.139,Palnadu,AP
2019-01-10,0.0,30.4,15.7,3.72,0.138,Palnadu,AP
2019-01-11,0.0,30.2,18.5,3.69,0.137,Palnadu,AP
2019-01-12,0.0,30.8,18.1,4.33,0.135,Palnadu,AP
2019-01-13,0.0,30.4,17.6,3.88,0.134,Palnadu,AP
2019-01-14,0.0,31.2,17.5,4.02,0.133,Palnadu,AP
2019-01-15,0.0,31.8,17.7,4.3,0.131,Palnadu,AP
2019-01-16,0.0,31.4,18.1,3.73,0.129,Palnadu,AP
2019-01-17,0.0,31.2,18.5,3.78,0.13,Palnadu,AP
2019-01-18,0.0,32.0,18.8,3.96,0.133,Palnadu,AP
2019-01-19,0.0,31.3,19.1,3.86,0.131,Palnadu,AP
2019-01-20,0.0,31.9,18.4,4.07,0.128,Palnadu,AP
2019-01-21,0.0,31.6,17.9,4.48,0.126,Palnadu,AP
2019-01-22,0.0,31.4,17.1,4.39,0.124,Palnadu,AP
2019-01-23,0.0,31.5,17.9,4.21,0.122,Palnadu,AP
2019-01-24,0.0,32.0,18.8,4.25,0.121,Palnadu,AP
2019-01-25,0.4,30.5,21.1,4.21,0.122,Palnadu,AP
2019-01-26,0.0,30.1,21.2,3.96,0.123,Palnadu,AP
2019-01-27,5.0,30.1,21.5,3.17,0.136,Palnadu,AP
2019-01-28,17.3,21.9,20.1,0.88,0.325,Palnadu,AP
2019-01-29,0.1,28.0,18.3,3.81,0.33,Palnadu,AP
2019-01-30,0.0,27.9,15.6,4.66,0.29,Palnadu,AP
2019-01-31,0.7,27.9,17.8,3.23,0.268,Palnadu,AP
2019-02-01,0.0,29.8,19.0,4.02,0.251,Palnadu,AP
2019-02-02,0.0,30.1,18.1,3.98,0.231,Palnadu,AP
2019-02-03,0.5,30.1,18.6,3.44,0.219,Palnadu,AP
2019-02-04,0.0,31.6,18.8,4.21,0.206,Palnadu,AP
2019-02-05,0.0,31.8,19.8,4.17,0.191,Palnadu,AP
2019-02-06,0.0,33.3,18.4,4.63,0.178,Palnadu,AP
2019-02-07,0.0,32.4,20.5,4.82,0.169,Palnadu,AP
2019-02-08,0.0,33.7,21.8,4.07,0.164,Palnadu,AP
2019-02-09,0.8,31.6,22.0,3.54,0.163,Palnadu,AP
2019-02-10,0.0,33.1,20.3,5.39,0.165,Palnadu,AP
2019-02-11,0.5,31.7,22.9,4.21,0.162,Palnadu,AP
2019-02-12,0.0,33.2,21.9,4.56,0.159,Palnadu,AP
2019-02-13,0.0,33.6,19.8,4.76,0.154,Palnadu,AP
2019-02-14,0.0,34.2,19.6,5.06,0.147,Palnadu,AP
2019-02-15,0.0,34.1,20.3,5.07,0.144,Palnadu,AP
2019-02-16,0.3,33.1,21.4,4.71,0.142,Palnadu,AP
2019-02-17,0.2,34.1,23.5,4.32,0.142,Palnadu,AP
2019-02-18,0.3,35.5,24.0,4.68,0.142,Palnadu,AP
2019-02-19,0.0,34.8,24.8,4.72,0.139,Palnadu,AP
2019-02-20,0.0,34.3,23.2,5.01,0.136,Palnadu,AP
2019-02-21,0.0,35.4,22.1,5.12,0.134,Palnadu,AP
2019-02-22,0.0,37.3,21.0,5.51,0.132,Palnadu,AP
2019-02-23,0.0,38.4,21.8,6.61,0.127,Palnadu,AP
2019-02-24,0.0,38.2,22.2,6.91,0.122,Palnadu,AP
2019-02-25,0.0,37.3,22.4,5.99,0.122,Palnadu,AP
2019-02-26,0.0,34.3,22.5,5.72,0.122,Palnadu,AP
2019-02-27,0.1,33.9,24.0,4.8,0.123,Palnadu,AP
2019-02-28,1.3,33.8,24.7,4.21,0.13,Palnadu,AP
2019-03-01,1.6,32.8,23.9,3.88,0.169,Palnadu,AP
2019-03-02,0.4,33.2,23.8,4.85,0.182,Palnadu,AP
2019-03-03,0.3,33.2,23.5,4.49,0.176,Palnadu,AP
2019-03-04,0.0,35.4,24.1,5.51,0.168,Palnadu,AP
2019-03-05,0.0,37.6,24.8,5.59,0.163,Palnadu,AP
2019-03-06,0.0,37.7,24.8,4.83,0.158,Palnadu,AP
2019-03-07,0.1,36.9,23.9,5.12,0.151,Palnadu,AP
2019-03-08,0.2,35.6,25.7,5.16,0.147,Palnadu,AP
2019-03-09,0.5,35.4,25.4,5.12,0.143,Palnadu,AP
2019-03-10,0.0,35.5,25.2,5.41,0.14,Palnadu,AP
2019-03-11,0.0,36.4,24.3,5.84,0.137,Palnadu,AP
2019-03-12,0.1,36.4,23.5,5.54,0.134,Palnadu,AP
2019-03-13,0.0,37.4,23.5,6.51,0.133,Palnadu,AP
2019-03-14,0.0,37.9,22.5,6.63,0.132,Palnadu,AP
2019-03-15,0.0,37.5,23.5,6.91,0.129,Palnadu,AP
2019-03-16,0.0,36.5,22.4,6.34,0.127,Palnadu,AP
2019-03-17,0.0,36.3,22.2,6.22,0.126,Palnadu,AP
2019-03-18,0.0,34.7,21.2,6.42,0.123,Palnadu,AP
2019-03-19,0.0,36.4,23.9,5.8,0.121,Palnadu,AP
2019-03-20,0.0,35.5,24.5,5.9,0.121,Palnadu,AP
2019-03-21,0.0,35.9,24.6,6.39,0.121,Palnadu,AP
2019-03-22,0.0,36.7,24.5,5.68,0.121,Palnadu,AP
2019-03-23,0.0,37.5,24.3,5.88,0.12,Palnadu,AP
2019-03-24,0.0,38.2,24.5,6.09,0.121,Palnadu,AP
2019-03-25,0.0,38.0,24.9,6.12,0.122,Palnadu,AP
2019-03-26,0.0,37.7,23.6,6.27,0.122,Palnadu,AP
2019-03-27,0.0,38.3,23.9,6.38,0.121,Palnadu,AP
2019-03-28,0.0,38.7,23.5,6.29,0.122,Palnadu,AP
2019-03-29,0.0,38.5,24.5,6.18,0.122,Palnadu,AP
2019-03-30,0.0,38.7,24.5,6.61,0.122,Palnadu,AP
2019-03-31,0.0,40.0,24.3,6.53,0.123,Palnadu,AP
2019-04-01,0.0,38.1,25.5,6.01,0.124,Palnadu,AP
2019-04-02,0.0,37.6,25.0,6.64,0.124,Palnadu,AP
2019-04-03,0.0,35.8,25.0,6.27,0.124,Palnadu,AP
2019-04-04,0.0,37.1,24.6,6.63,0.123,Palnadu,AP
2019-04-05,0.0,38.5,24.1,6.11,0.123,Palnadu,AP
2019-04-06,0.0,39.7,24.8,6.35,0.123,Palnadu,AP
2019-04-07,0.1,37.8,25.5,6.37,0.124,Palnadu,AP
2019-04-08,0.0,36.4,26.2,6.1,0.124,Palnadu,AP
2019-04-09,0.0,36.9,26.6,5.83,0.126,Palnadu,AP
2019-04-10,0.0,38.3,26.7,6.03,0.126,Palnadu,AP
2019-04-11,0.0,39.7,25.6,6.55,0.124,Palnadu,AP
2019-04-12,0.0,39.2,24.9,6.19,0.123,Palnadu,AP
2019-04-13,0.0,39.2,25.6,6.8,0.121,Palnadu,AP
2019-04-14,0.0,39.4,25.6,6.92,0.119,Palnadu,AP
2019-04-15,0.0,40.3,24.7,7.59,0.118,Palnadu,AP
2019-04-16,0.0,39.7,24.9,7.0,0.116,Palnadu,AP
2019-04-17,0.0,38.1,25.2,6.91,0.115,Palnadu,AP
2019-04-18,0.0,38.2,26.9,6.22,0.115,Palnadu,AP
2019-04-19,0.1,36.5,27.0,5.29,0.116,Palnadu,AP
2019-04-20,0.0,38.2,27.7,6.35,0.116,Palnadu,AP
2019-04-21,1.7,38.2,27.8,5.79,0.117,Palnadu,AP
2019-04-22,0.2,39.9,27.7,5.9,0.115,Palnadu,AP
2019-04-23,0.4,39.1,26.1,6.13,0.117,Palnadu,AP
2019-04-24,0.0,39.9,26.0,6.48,0.117,Palnadu,AP
2019-04-25,0.0,41.1,25.8,6.73,0.116,Palnadu,AP
2019-04-26,0.0,40.8,26.2,6.79,0.115,Palnadu,AP
2019-04-27,0.0,40.4,27.3,6.98,0.115,Palnadu,AP
2019-04-28,0.0,39.9,27.4,7.03,0.114,Palnadu,AP
2019-04-29,0.0,39.9,26.8,6.57,0.114,Palnadu,AP
2019-04-30,0.0,40.6,26.9,5.82,0.113,Palnadu,AP
2019-05-01,0.0,38.9,27.4,5.61,0.113,Palnadu,AP
2019-05-02,0.0,43.3,28.1,6.61,0.114,Palnadu,AP
2019-05-03,0.0,43.0,29.4,8.08,0.116,Palnadu,AP
2019-05-04,0.0,41.8,27.2,7.18,0.118,Palnadu,AP
2019-05-05,0.0,43.0,28.2,7.62,0.121,Palnadu,AP
2019-05-06,0.0,41.8,28.6,6.27,0.12,Palnadu,AP
2019-05-07,0.0,41.5,28.6,5.31,0.121,Palnadu,AP
2019-05-08,0.0,43.0,28.8,6.99,0.122,Palnadu,AP
2019-05-09,0.0,42.6,29.0,6.8,0.122,Palnadu,AP
2019-05-10,0.0,42.5,30.3,7.08,0.124,Palnadu,AP
2019-05-11,0.0,40.8,29.4,6.49,0.122,Palnadu,AP
2019-05-12,1.1,39.5,28.5,5.5,0.122,Palnadu,AP
2019-05-13,0.0,39.4,28.6,6.26,0.12,Palnadu,AP
2019-05-14,0.7,39.3,28.5,6.25,0.12,Palnadu,AP
2019-05-15,0.0,40.7,28.3,6.35,0.119,Palnadu,AP
2019-05-16,0.0,39.9,28.3,6.14,0.119,Palnadu,AP
2019-05-17,0.0,40.0,28.3,6.21,0.119,Palnadu,AP
2019-05-18,0.4,40.1,28.3,5.85,0.121,Palnadu,AP
2019-05-19,0.1,41.5,28.2,6.71,0.123,Palnadu,AP
2019-05-20,0.0,40.8,27.8,7.25,0.122,Palnadu,AP
2019-05-21,0.0,40.0,27.5,7.37,0.121,Palnadu,AP
2019-05-22,0.0,39.2,27.8,6.95,0.119,Palnadu,AP
2019-05-23,0.0,39.6,27.6,7.28,0.118,Palnadu,AP
2019-05-24,0.0,41.5,28.0,6.5,0.118,Palnadu,AP
2019-05-25,0.0,44.1,28.4,6.78,0.117,Palnadu,AP
2019-05-26,0.0,42.7,29.5,6.8,0.118,Palnadu,AP
2019-05-27,0.2,42.3,29.9,6.8,0.12,Palnadu,AP
2019-05-28,0.0,42.9,29.1,6.98,0.12,Palnadu,AP
2019-05-29,0.0,42.0,29.6,7.26,0.12,Palnadu,AP
2019-05-30,0.0,41.3,29.3,6.55,0.12,Palnadu,AP
2019-05-31,0.0,41.6,28.9,6.7,0.121,Palnadu,AP
2019-06-01,0.8,41.7,28.4,6.25,0.121,Palnadu,AP
2019-06-02,0.7,41.0,30.1,6.13,0.123,Palnadu,AP
2019-06-03,0.0,40.6,29.8,5.86,0.122,Palnadu,AP
2019-06-04,0.0,39.0,28.7,5.71,0.127,Palnadu,AP
2019-06-05,0.0,40.7,29.3,6.45,0.126,Palnadu,AP
2019-06-06,1.0,40.9,29.6,6.13,0.132,Palnadu,AP
2019-06-07,0.2,40.9,28.7,6.27,0.149,Palnadu,AP
2019-06-08,6.7,40.7,27.7,6.63,0.155,Palnadu,AP
2019-06-09,3.3,39.2,30.5,6.22,0.145,Palnadu,AP
2019-06-10,1.4,41.6,27.3,7.29,0.138,Palnadu,AP
2019-06-11,0.0,41.3,28.8,7.83,0.135,Palnadu,AP
2019-06-12,0.0,40.8,31.2,8.44,0.13,Palnadu,AP
2019-06-13,0.0,41.3,30.8,8.37,0.125,Palnadu,AP
2019-06-14,0.0,40.6,30.5,8.38,0.125,Palnadu,AP
2019-06-15,0.0,41.4,32.1,9.05,0.124,Palnadu,AP
2019-06-16,0.0,40.9,32.7,9.37,0.125,Palnadu,AP
2019-06-17,0.0,37.1,30.1,6.04,0.127,Palnadu,AP
2019-06-18,0.0,40.1,29.6,6.73,0.125,Palnadu,AP
2019-06-19,0.0,41.3,31.9,7.64,0.119,Palnadu,AP
2019-06-20,0.7,38.8,29.6,6.7,0.124,Palnadu,AP
2019-06-21,15.7,29.6,26.7,1.59,0.249,Palnadu,AP
2019-06-22,9.8,31.8,25.6,3.32,0.31,Palnadu,AP
2019-06-23,5.9,34.9,25.4,3.93,0.273,Palnadu,AP
2019-06-24,3.9,35.9,26.8,5.34,0.229,Palnadu,AP
2019-06-25,9.0,34.4,25.9,4.16,0.26,Palnadu,AP
2019-06-26,10.5,36.8,26.1,4.68,0.274,Palnadu,AP
2019-06-27,0.1,37.5,28.8,6.93,0.245,Palnadu,AP
2019-06-28,0.4,38.3,29.6,7.69,0.205,Palnadu,AP
2019-06-29,0.3,35.1,29.1,5.54,0.179,Palnadu,AP
2019-06-30,1.8,34.9,25.7,5.33,0.184,Palnadu,AP
2019-07-01,5.6,31.3,25.9,2.5,0.2,Palnadu,AP
2019-07-02,1.8,34.7,25.7,4.67,0.205,Palnadu,AP
2019-07-03,0.7,34.1,26.9,3.94,0.194,Palnadu,AP
2019-07-04,2.8,37.7,28.5,6.53,0.179,Palnadu,AP
2019-07-05,2.6,33.6,27.2,3.92,0.187,Palnadu,AP
2019-07-06,0.2,32.2,26.2,3.81,0.222,Palnadu,AP
2019-07-07,0.0,36.2,28.4,6.91,0.205,Palnadu,AP
2019-07-08,0.0,38.3,28.4,7.96,0.188,Palnadu,AP
2019-07-09,0.0,37.6,29.0,6.83,0.171,Palnadu,AP
2019-07-10,0.2,38.4,28.9,7.69,0.156,Palnadu,AP
2019-07-11,0.0,38.1,29.0,7.57,0.149,Palnadu,AP
2019-07-12,0.3,38.1,27.7,6.46,0.153,Palnadu,AP
2019-07-13,3.3,38.5,27.6,6.17,0.151,Palnadu,AP
2019-07-14,9.1,35.1,25.5,4.38,0.276,Palnadu,AP
2019-07-15,3.4,35.4,25.9,4.9,0.274,Palnadu,AP
2019-07-16,0.6,37.2,26.4,4.79,0.246,Palnadu,AP
2019-07-17,1.2,38.8,27.4,5.7,0.221,Palnadu,AP
2019-07-18,1.1,37.3,27.9,5.18,0.214,Palnadu,AP
2019-07-19,13.4,33.4,25.2,2.27,0.254,Palnadu,AP
2019-07-20,27.7,33.4,24.9,3.49,0.34,Palnadu,AP
2019-07-21,2.8,35.1,25.6,5.39,0.306,Palnadu,AP
2019-07-22,16.1,33.4,24.9,4.4,0.341,Palnadu,AP
2019-07-23,10.9,32.2,26.2,3.54,0.34,Palnadu,AP
2019-07-24,0.4,35.7,27.0,5.73,0.293,Palnadu,AP
2019-07-25,3.2,35.0,26.9,4.92,0.264,Palnadu,AP
2019-07-26,12.9,31.1,25.1,2.27,0.348,Palnadu,AP
2019-07-27,17.1,31.5,24.7,2.48,0.365,Palnadu,AP
2019-07-28,5.0,29.4,24.3,2.32,0.373,Palnadu,AP
2019-07-29,1.7,30.9,25.1,3.43,0.345,Palnadu,AP
2019-07-30,0.2,32.5,24.3,4.14,0.336,Palnadu,AP
2019-07-31,0.0,34.1,26.1,5.5,0.306,Palnadu,AP
2019-08-01,4.6,33.6,26.0,3.66,0.322,Palnadu,AP
2019-08-02,9.5,27.6,24.0,1.81,0.393,Palnadu,AP
2019-08-03,0.0,30.9,24.1,4.01,0.375,Palnadu,AP
2019-08-04,1.1,32.2,25.1,4.8,0.348,Palnadu,AP
2019-08-05,0.3,30.9,25.9,4.43,0.326,Palnadu,AP
2019-08-06,7.0,30.2,24.4,2.89,0.341,Palnadu,AP
2019-08-07,13.0,31.7,24.3,2.76,0.374,Palnadu,AP
2019-08-08,6.9,33.0,24.3,4.49,0.388,Palnadu,AP
2019-08-09,1.8,33.6,26.0,5.25,0.355,Palnadu,AP
2019-08-10,0.9,33.0,25.9,5.21,0.325,Palnadu,AP
2019-08-11,0.0,34.0,27.6,6.26,0.298,Palnadu,AP
2019-08-12,0.3,34.2,27.9,5.97,0.275,Palnadu,AP
2019-08-13,1.7,32.9,26.9,3.39,0.264,Palnadu,AP
2019-08-14,4.8,34.8,25.2,4.77,0.256,Palnadu,AP
2019-08-15,2.5,34.2,25.5,4.93,0.304,Palnadu,AP
2019-08-16,2.2,35.0,25.7,4.47,0.287,Palnadu,AP
2019-08-17,13.4,34.5,25.4,4.6,0.347,Palnadu,AP
2019-08-18,7.8,32.6,26.0,3.62,0.354,Palnadu,AP
2019-08-19,6.3,33.3,25.8,4.5,0.348,Palnadu,AP
2019-08-20,9.2,33.4,25.8,4.33,0.379,Palnadu,AP
2019-08-21,8.1,31.4,25.8,3.2,0.369,Palnadu,AP
2019-08-22,7.5,33.7,25.3,4.49,0.357,Palnadu,AP
2019-08-23,2.7,31.6,24.9,3.67,0.348,Palnadu,AP
2019-08-24,0.5,34.0,26.3,5.13,0.309,Palnadu,AP
2019-08-25,0.2,34.0,27.3,5.43,0.288,Palnadu,AP
2019-08-26,0.0,34.9,27.0,6.15,0.258,Palnadu,AP
2019-08-27,0.4,35.1,26.9,6.33,0.235,Palnadu,AP
2019-08-28,0.0,35.9,27.2,5.99,0.211,Palnadu,AP
2019-08-29,0.9,35.9,26.5,5.12,0.193,Palnadu,AP
2019-08-30,2.3,34.9,26.2,5.16,0.201,Palnadu,AP
2019-08-31,8.8,32.1,25.2,3.32,0.305,Palnadu,AP
2019-09-01,5.5,28.9,24.9,1.74,0.327,Palnadu,AP
2019-09-02,11.0,29.6,24.4,2.63,0.366,Palnadu,AP
2019-09-03,11.3,29.0,25.0,2.01,0.363,Palnadu,AP
2019-09-04,7.2,29.9,24.8,2.47,0.371,Palnadu,AP
2019-09-05,1.7,32.1,24.7,4.23,0.338,Palnadu,AP
2019-09-06,2.4,31.9,25.6,4.08,0.311,Palnadu,AP
2019-09-07,5.9,31.4,24.9,3.61,0.338,Palnadu,AP
2019-09-08,2.7,31.4,25.1,3.58,0.327,Palnadu,AP
2019-09-09,0.4,34.9,26.5,5.75,0.3,Palnadu,AP
2019-09-10,0.4,34.1,27.4,5.02,0.264,Palnadu,AP
2019-09-11,1.7,35.1,25.7,5.27,0.247,Palnadu,AP
2019-09-12,0.9,34.1,25.7,4.66,0.235,Palnadu,AP
2019-09-13,0.0,34.8,26.6,5.08,0.222,Palnadu,AP
2019-09-14,4.9,35.3,25.6,4.92,0.214,Palnadu,AP
2019-09-15,6.9,34.4,25.2,5.01,0.308,Palnadu,AP
2019-09-16,8.9,33.7,25.9,4.3,0.298,Palnadu,AP
2019-09-17,10.5,31.3,25.7,2.84,0.351,Palnadu,AP
2019-09-18,22.1,29.5,24.6,2.16,0.381,Palnadu,AP
2019-09-19,13.5,30.9,24.1,3.29,0.391,Palnadu,AP
2019-09-20,43.8,31.8,24.1,3.21,0.407,Palnadu,AP
2019-09-21,22.8,30.1,24.8,3.19,0.404,Palnadu,AP
2019-09-22,4.5,31.5,24.9,3.63,0.386,Palnadu,AP
2019-09-23,29.7,32.0,24.7,3.5,0.389,Palnadu,AP
2019-09-24,7.0,29.6,24.2,2.61,0.411,Palnadu,AP
2019-09-25,13.9,29.2,24.4,2.15,0.41,Palnadu,AP
2019-09-26,7.0,30.4,24.1,3.61,0.4,Palnadu,AP
2019-09-27,9.4,31.2,24.6,3.5,0.396,Palnadu,AP
2019-09-28,2.8,32.1,24.7,4.01,0.373,Palnadu,AP
2019-09-29,0.7,31.3,25.1,3.99,0.343,Palnadu,AP
2019-09-30,0.4,31.5,25.1,4.03,0.317,Palnadu,AP
2019-10-01,0.7,32.1,25.5,4.02,0.299,Palnadu,AP
2019-10-02,7.3,32.6,25.2,3.9,0.282,Palnadu,AP
2019-10-03,14.7,32.0,24.5,3.47,0.338,Palnadu,AP
2019-10-04,11.5,32.3,24.6,3.77,0.354,Palnadu,AP
2019-10-05,8.6,32.7,24.7,3.83,0.333,Palnadu,AP
2019-10-06,0.4,32.0,24.9,3.73,0.315,Palnadu,AP
2019-10-07,2.7,32.2,24.2,3.87,0.295,Palnadu,AP
2019-10-08,7.3,31.4,23.8,3.45,0.329,Palnadu,AP
2019-10-09,4.7,30.6,23.6,3.31,0.352,Palnadu,AP
2019-10-10,3.9,30.7,24.2,3.48,0.352,Palnadu,AP
2019-10-11,3.7,30.9,24.1,3.4,0.359,Palnadu,AP
2019-10-12,3.2,31.2,24.3,3.92,0.358,Palnadu,AP
2019-10-13,4.3,30.7,24.7,3.58,0.353,Palnadu,AP
2019-10-14,5.3,29.3,23.9,2.66,0.368,Palnadu,AP
2019-10-15,1.3,31.7,24.1,4.17,0.333,Palnadu,AP
2019-10-16,10.3,28.6,24.6,1.92,0.343,Palnadu,AP
2019-10-17,9.5,29.5,23.9,2.51,0.375,Palnadu,AP
2019-10-18,4.6,30.1,23.9,3.34,0.377,Palnadu,AP
2019-10-19,8.9,28.4,23.6,2.28,0.38,Palnadu,AP
2019-10-20,9.4,28.7,23.9,2.41,0.385,Palnadu,AP
2019-10-21,20.9,26.7,23.3,1.18,0.41,Palnadu,AP
2019-10-22,31.9,25.7,24.0,0.92,0.422,Palnadu,AP
2019-10-23,71.4,25.4,22.7,0.76,0.43,Palnadu,AP
2019-10-24,2.0,30.8,23.8,3.07,0.403,Palnadu,AP
2019-10-25,11.8,29.9,24.0,2.7,0.395,Palnadu,AP
2019-10-26,13.6,28.4,24.3,2.18,0.388,Palnadu,AP
2019-10-27,12.9,29.7,23.1,3.01,0.399,Palnadu,AP
2019-10-28,0.5,30.9,23.0,3.78,0.354,Palnadu,AP
2019-10-29,6.4,29.5,24.0,3.02,0.365,Palnadu,AP
2019-10-30,7.5,28.8,24.1,2.03,0.387,Palnadu,AP
2019-10-31,14.6,28.9,23.6,1.77,0.415,Palnadu,AP
2019-11-01,0.5,30.9,22.8,3.65,0.389,Palnadu,AP
2019-11-02,2.3,30.6,23.1,3.55,0.365,Palnadu,AP
2019-11-03,0.6,30.9,23.4,3.81,0.343,Palnadu,AP
2019-11-04,0.0,31.7,23.9,4.01,0.323,Palnadu,AP
2019-11-05,0.0,32.1,22.9,4.23,0.309,Palnadu,AP
2019-11-06,0.2,31.7,23.3,4.03,0.293,Palnadu,AP
2019-11-07,0.1,30.7,22.7,3.72,0.283,Palnadu,AP
2019-11-08,0.0,31.9,22.5,4.29,0.273,Palnadu,AP
2019-11-09,0.0,31.6,22.3,4.66,0.259,Palnadu,AP
2019-11-10,0.0,31.3,22.1,4.54,0.244,Palnadu,AP
2019-11-11,0.3,30.9,22.1,3.69,0.232,Palnadu,AP
2019-11-12,0.1,31.1,22.3,3.84,0.222,Palnadu,AP
2019-11-13,0.3,30.5,22.5,3.79,0.215,Palnadu,AP
2019-11-14,0.0,31.0,22.2,3.73,0.207,Palnadu,AP
2019-11-15,0.0,31.1,23.2,3.69,0.198,Palnadu,AP
2019-11-16,0.0,31.2,22.7,3.65,0.193,Palnadu,AP
2019-11-17,0.0,31.9,21.7,4.14,0.184,Palnadu,AP
2019-11-18,0.7,31.5,23.5,3.42,0.179,Palnadu,AP
2019-11-19,0.8,31.3,23.5,3.63,0.178,Palnadu,AP
2019-11-20,0.8,30.0,23.0,3.47,0.181,Palnadu,AP
2019-11-21,0.0,31.2,22.0,4.32,0.181,Palnadu,AP
2019-11-22,0.0,31.2,20.9,4.05,0.177,Palnadu,AP
2019-11-23,0.0,30.9,21.7,3.84,0.175,Palnadu,AP
2019-11-24,0.0,30.0,20.9,3.18,0.176,Palnadu,AP
2019-11-25,0.0,31.3,20.2,4.12,0.174,Palnadu,AP
2019-11-26,0.0,30.6,20.3,4.11,0.172,Palnadu,AP
2019-11-27,0.2,29.8,20.6,3.23,0.169,Palnadu,AP
2019-11-28,0.6,30.2,22.0,2.97,0.166,Palnadu,AP
2019-11-29,0.0,31.5,22.0,3.94,0.167,Palnadu,AP
2019-11-30,0.1,31.5,22.0,3.82,0.161,Palnadu,AP
2019-12-01,3.5,27.9,22.3,1.89,0.171,Palnadu,AP
2019-12-02,1.5,27.1,22.3,1.49,0.201,Palnadu,AP
2019-12-03,0.5,28.6,23.1,2.03,0.194,Palnadu,AP
2019-12-04,0.0,30.4,21.6,3.79,0.191,Palnadu,AP
2019-12-05,0.0,29.5,21.2,3.55,0.184,Palnadu,AP
2019-12-06,0.0,29.0,20.5,3.45,0.181,Palnadu,AP
2019-12-07,0.0,29.7,17.9,3.23,0.178,Palnadu,AP
2019-12-08,0.1,29.7,21.5,3.24,0.175,Palnadu,AP
2019-12-09,0.3,29.0,21.3,3.21,0.171,Palnadu,AP
2019-12-10,0.0,29.8,20.6,3.45,0.164,Palnadu,AP
2019-12-11,0.0,29.5,19.7,3.3,0.159,Palnadu,AP
2019-12-12,0.2,29.7,20.3,3.27,0.159,Palnadu,AP
2019-12-13,0.0,30.8,20.1,3.62,0.156,Palnadu,AP
2019-12-14,0.3,30.1,21.6,3.32,0.153,Palnadu,AP
2019-12-15,0.7,28.6,20.1,2.81,0.154,Palnadu,AP
2019-12-16,0.0,30.8,20.4,3.55,0.158,Palnadu,AP
2019-12-17,0.0,30.3,20.0,3.49,0.158,Palnadu,AP
2019-12-18,0.0,30.5,19.9,3.54,0.157,Palnadu,AP
2019-12-19,0.0,29.8,20.6,2.95,0.155,Palnadu,AP
2019-12-20,0.1,29.9,20.8,3.25,0.152,Palnadu,AP
2019-12-21,0.2,30.4,21.5,3.4,0.153,Palnadu,AP
2019-12-22,0.9,29.6,21.2,3.25,0.158,Palnadu,AP
2019-12-23,0.0,29.1,19.3,3.13,0.155,Palnadu,AP
2019-12-24,0.0,28.3,20.1,2.45,0.158,Palnadu,AP
2019-12-25,0.0,30.7,19.4,3.76,0.16,Palnadu,AP
2019-12-26,0.1,30.2,19.9,3.51,0.158,Palnadu,AP
2019-12-27,0.6,29.2,20.9,2.33,0.157,Palnadu,AP
2019-12-28,0.0,27.9,21.4,2.62,0.156,Palnadu,AP
2019-12-29,0.0,28.8,20.1,3.14,0.153,Palnadu,AP
2019-12-30,0.4,29.1,20.1,3.56,0.153,Palnadu,AP
2019-12-31,0.5,28.8,20.7,3.57,0.158,Palnadu,AP
2020-01-01,0.6,28.5,21.1,2.79,0.163,Palnadu,AP
2020-01-02,3.0,28.3,22.2,2.47,0.174,Palnadu,AP
2020-01-03,4.2,29.2,22.1,2.61,0.202,Palnadu,AP
2020-01-04,3.6,28.3,22.1,2.13,0.248,Palnadu,AP
2020-01-05,4.2,27.3,22.3,2.26,0.273,Palnadu,AP
2020-01-06,0.1,28.5,22.5,2.94,0.256,Palnadu,AP
2020-01-07,1.3,27.9,21.9,2.5,0.25,Palnadu,AP
2020-01-08,0.6,28.3,20.9,2.78,0.248,Palnadu,AP
2020-01-09,0.0,29.4,19.6,2.88,0.236,Palnadu,AP
2020-01-10,0.1,28.4,20.9,2.54,0.225,Palnadu,AP
2020-01-11,0.7,28.6,20.7,2.86,0.218,Palnadu,AP
2020-01-12,0.5,29.7,20.3,3.46,0.21,Palnadu,AP
2020-01-13,0.0,30.2,18.8,3.66,0.198,Palnadu,AP
2020-01-14,0.0,30.4,19.2,3.57,0.187,Palnadu,AP
2020-01-15,0.0,29.4,17.9,3.68,0.18,Palnadu,AP
2020-01-16,0.1,30.2,17.5,3.73,0.175,Palnadu,AP
2020-01-17,0.0,31.2,20.0,3.99,0.169,Palnadu,AP
2020-01-18,0.1,31.3,20.7,3.72,0.163,Palnadu,AP
2020-01-19,0.2,30.0,22.2,3.29,0.163,Palnadu,AP
2020-01-20,0.1,31.2,20.6,3.46,0.16,Palnadu,AP
2020-01-21,0.1,32.0,20.8,4.02,0.156,Palnadu,AP
2020-01-22,0.0,31.9,20.4,4.07,0.154,Palnadu,AP
2020-01-23,0.0,31.2,20.3,3.76,0.151,Palnadu,AP
2020-01-24,0.0,32.4,19.9,4.23,0.147,Palnadu,AP
2020-01-25,0.0,32.4,21.1,4.05,0.146,Palnadu,AP
2020-01-26,0.0,32.9,20.7,4.27,0.145,Palnadu,AP
2020-01-27,0.0,33.7,21.2,4.67,0.145,Palnadu,AP
2020-01-28,0.0,32.6,21.5,4.58,0.143,Palnadu,AP
2020-01-29,0.1,32.5,23.6,4.48,0.149,Palnadu,AP
2020-01-30,0.0,32.4,22.1,3.83,0.153,Palnadu,AP
2020-01-31,0.0,32.6,22.3,4.29,0.155,Palnadu,AP
2020-02-01,0.2,31.0,22.0,3.9,0.154,Palnadu,AP
2020-02-02,0.2,30.5,21.6,3.9,0.152,Palnadu,AP
2020-02-03,0.0,33.2,21.0,4.64,0.149,Palnadu,AP
2020-02-04,0.2,32.5,21.8,4.46,0.147,Palnadu,AP
2020-02-05,0.0,33.0,20.8,4.8,0.146,Palnadu,AP
2020-02-06,0.0,32.6,21.1,4.94,0.142,Palnadu,AP
2020-02-07,0.1,32.7,22.9,4.89,0.141,Palnadu,AP
2020-02-08,0.0,30.6,23.5,4.57,0.144,Palnadu,AP
2020-02-09,12.0,27.1,21.8,2.21,0.188,Palnadu,AP
2020-02-10,2.7,28.8,21.2,3.15,0.212,Palnadu,AP
2020-02-11,1.3,29.8,20.9,3.93,0.222,Palnadu,AP
2020-02-12,0.1,31.4,21.2,3.8,0.209,Palnadu,AP
2020-02-13,0.0,32.5,20.4,4.48,0.198,Palnadu,AP
2020-02-14,0.0,34.0,19.3,4.92,0.186,Palnadu,AP
2020-02-15,0.0,34.2,18.0,4.95,0.174,Palnadu,AP
2020-02-16,0.0,34.2,20.0,5.26,0.163,Palnadu,AP
2020-02-17,0.0,34.2,20.2,5.06,0.153,Palnadu,AP
2020-02-18,0.0,33.8,20.1,4.98,0.145,Palnadu,AP
2020-02-19,0.0,32.6,21.6,4.41,0.138,Palnadu,AP
2020-02-20,0.0,33.4,20.4,5.32,0.134,Palnadu,AP
2020-02-21,0.0,33.2,19.8,5.33,0.134,Palnadu,AP
2020-02-22,0.0,33.7,19.7,5.24,0.132,Palnadu,AP
2020-02-23,0.0,33.5,20.4,5.1,0.13,Palnadu,AP
2020-02-24,0.0,33.5,21.2,5.28,0.132,Palnadu,AP
2020-02-25,1.0,32.5,22.7,3.9,0.135,Palnadu,AP
2020-02-26,0.4,31.5,22.4,3.48,0.134,Palnadu,AP
2020-02-27,0.9,33.8,22.3,4.58,0.138,Palnadu,AP
2020-02-28,0.8,31.9,22.6,4.24,0.14,Palnadu,AP
2020-02-29,0.3,32.4,22.5,4.77,0.139,Palnadu,AP
2020-03-01,0.0,34.3,21.7,5.05,0.137,Palnadu,AP
2020-03-02,0.1,33.0,22.4,3.92,0.138,Palnadu,AP
2020-03-03,0.0,34.8,22.0,5.21,0.136,Palnadu,AP
2020-03-04,0.0,35.1,23.2,5.02,0.137,Palnadu,AP
2020-03-05,0.6,33.0,24.0,4.72,0.135,Palnadu,AP
2020-03-06,3.1,31.6,24.9,4.43,0.148,Palnadu,AP
2020-03-07,4.3,31.7,23.5,3.96,0.177,Palnadu,AP
2020-03-08,0.9,31.1,23.3,3.81,0.192,Palnadu,AP
2020-03-09,0.0,33.5,22.2,5.29,0.18,Palnadu,AP
2020-03-10,0.0,34.0,21.9,5.45,0.17,Palnadu,AP
2020-03-11,0.0,32.7,22.9,4.63,0.162,Palnadu,AP
2020-03-12,0.0,34.8,23.3,5.46,0.155,Palnadu,AP
2020-03-13,0.0,34.8,23.5,5.59,0.148,Palnadu,AP
2020-03-14,0.0,36.0,22.9,5.99,0.143,Palnadu,AP
2020-03-15,0.0,35.1,22.6,5.57,0.14,Palnadu,AP
2020-03-16,0.0,36.1,22.9,5.54,0.138,Palnadu,AP
2020-03-17,0.0,35.9,22.1,5.86,0.134,Palnadu,AP
2020-03-18,0.0,37.6,22.9,6.03,0.132,Palnadu,AP
2020-03-19,0.0,37.3,23.9,5.55,0.133,Palnadu,AP
2020-03-20,0.3,34.4,24.5,5.27,0.134,Palnadu,AP
2020-03-21,0.0,36.1,25.1,5.58,0.131,Palnadu,AP
2020-03-22,0.0,34.7,25.3,5.13,0.134,Palnadu,AP
2020-03-23,0.1,34.7,24.3,5.67,0.135,Palnadu,AP
2020-03-24,0.0,35.9,23.1,5.64,0.136,Palnadu,AP
2020-03-25,0.0,37.0,23.7,6.23,0.135,Palnadu,AP
2020-03-26,0.0,38.0,24.0,5.9,0.133,Palnadu,AP
2020-03-27,0.0,37.7,23.7,6.69,0.129,Palnadu,AP
2020-03-28,0.0,38.4,23.2,6.78,0.13,Palnadu,AP
2020-03-29,0.0,39.1,24.2,6.94,0.127,Palnadu,AP
2020-03-30,0.0,38.3,23.7,6.68,0.121,Palnadu,AP
2020-03-31,0.0,39.4,23.4,6.54,0.122,Palnadu,AP
2020-04-01,0.0,39.7,24.6,6.05,0.123,Palnadu,AP
2020-04-02,0.0,39.2,25.8,6.58,0.121,Palnadu,AP
2020-04-03,0.0,37.6,25.2,6.39,0.117,Palnadu,AP
2020-04-04,0.0,37.7,24.6,6.39,0.123,Palnadu,AP
2020-04-05,0.0,38.3,24.5,6.08,0.128,Palnadu,AP
2020-04-06,0.0,39.2,26.9,6.06,0.126,Palnadu,AP
2020-04-07,0.0,38.3,26.9,5.98,0.121,Palnadu,AP
2020-04-08,0.3,37.7,26.6,5.27,0.12,Palnadu,AP
2020-04-09,9.2,32.7,26.1,4.27,0.149,Palnadu,AP
2020-04-10,0.0,37.6,25.0,6.29,0.149,Palnadu,AP
2020-04-11,0.0,38.5,23.7,6.26,0.144,Palnadu,AP
2020-04-12,0.0,38.6,24.5,6.14,0.141,Palnadu,AP
2020-04-13,0.0,39.8,23.5,6.54,0.139,Palnadu,AP
2020-04-14,0.0,39.5,23.7,6.62,0.138,Palnadu,AP
2020-04-15,0.0,38.9,24.3,6.91,0.137,Palnadu,AP
2020-04-16,0.0,38.8,24.6,6.59,0.137,Palnadu,AP
2020-04-17,0.0,38.7,25.7,6.68,0.136,Palnadu,AP
2020-04-18,0.0,38.1,26.8,6.83,0.136,Palnadu,AP
2020-04-19,0.0,37.3,27.0,6.56,0.137,Palnadu,AP
2020-04-20,0.0,37.7,25.9,6.32,0.138,Palnadu,AP
2020-04-21,0.0,38.2,25.4,6.61,0.135,Palnadu,AP
2020-04-22,0.0,37.8,26.6,6.6,0.133,Palnadu,AP
2020-04-23,0.0,38.3,27.0,6.58,0.137,Palnadu,AP
2020-04-24,0.0,39.0,28.1,6.09,0.146,Palnadu,AP
2020-04-25,2.6,38.0,27.9,5.66,0.151,Palnadu,AP
2020-04-26,0.3,37.4,28.0,5.79,0.152,Palnadu,AP
2020-04-27,3.6,34.5,27.5,5.04,0.175,Palnadu,AP
2020-04-28,2.1,34.5,26.1,4.86,0.225,Palnadu,AP
2020-04-29,0.0,37.0,26.5,5.66,0.221,Palnadu,AP
2020-04-30,0.0,37.5,25.9,6.21,0.196,Palnadu,AP
2020-05-01,0.2,39.1,27.2,5.84,0.179,Palnadu,AP
2020-05-02,0.1,38.3,27.5,5.92,0.171,Palnadu,AP
2020-05-03,0.0,39.3,27.3,6.29,0.16,Palnadu,AP
2020-05-04,0.0,39.2,27.7,6.14,0.152,Palnadu,AP
2020-05-05,0.2,39.3,27.9,6.21,0.147,Palnadu,AP
2020-05-06,0.1,39.5,28.3,6.34,0.142,Palnadu,AP
2020-05-07,0.1,39.1,27.9,6.05,0.142,Palnadu,AP
2020-05-08,0.0,39.8,27.7,6.72,0.138,Palnadu,AP
2020-05-09,0.0,40.9,27.5,6.6,0.13,Palnadu,AP
2020-05-10,0.0,39.8,27.3,6.6,0.127,Palnadu,AP
2020-05-11,0.1,38.0,27.4,5.8,0.125,Palnadu,AP
2020-05-12,0.0,39.8,26.4,6.91,0.128,Palnadu,AP
2020-05-13,0.0,40.0,28.1,6.51,0.125,Palnadu,AP
2020-05-14,0.0,39.9,28.0,6.31,0.124,Palnadu,AP
2020-05-15,0.0,40.6,26.5,6.34,0.123,Palnadu,AP
2020-05-16,0.6,39.7,28.3,5.62,0.122,Palnadu,AP
2020-05-17,0.0,39.0,28.4,5.57,0.119,Palnadu,AP
2020-05-18,0.0,40.2,28.9,5.64,0.125,Palnadu,AP
2020-05-19,0.0,41.4,30.4,7.63,0.147,Palnadu,AP
2020-05-20,0.0,43.3,29.1,8.48,0.152,Palnadu,AP
2020-05-21,0.0,43.9,28.9,9.43,0.15,Palnadu,AP
2020-05-22,0.0,43.5,24.9,7.95,0.144,Palnadu,AP
2020-05-23,0.0,42.1,27.7,6.34,0.139,Palnadu,AP
2020-05-24,0.0,41.3,29.0,6.45,0.135,Palnadu,AP
2020-05-25,0.0,39.9,29.2,5.68,0.135,Palnadu,AP
2020-05-26,0.0,38.8,28.8,6.16,0.139,Palnadu,AP
2020-05-27,0.0,41.0,29.1,6.51,0.138,Palnadu,AP
2020-05-28,0.0,42.5,29.2,6.62,0.136,Palnadu,AP
2020-05-29,0.0,42.6,29.2,6.61,0.133,Palnadu,AP
2020-05-30,0.0,41.1,29.4,6.42,0.134,Palnadu,AP
2020-05-31,12.8,37.4,29.5,4.89,0.148,Palnadu,AP
2020-06-01,1.4,37.2,29.0,4.87,0.125,Palnadu,AP
2020-06-02,3.5,37.5,26.5,5.19,0.142,Palnadu,AP
2020-06-03,2.1,37.9,26.7,5.58,0.161,Palnadu,AP
2020-06-04,0.1,38.5,29.4,6.79,0.158,Palnadu,AP
2020-06-05,0.1,39.3,28.9,6.74,0.149,Palnadu,AP
2020-06-06,0.0,39.4,29.7,7.24,0.14,Palnadu,AP
2020-06-07,0.0,40.3,30.2,7.51,0.131,Palnadu,AP
2020-06-08,0.0,39.0,30.8,6.47,0.132,Palnadu,AP
2020-06-09,0.3,40.8,27.8,6.62,0.135,Palnadu,AP
2020-06-10,12.9,34.5,27.0,2.98,0.187,Palnadu,AP
2020-06-11,35.6,27.9,25.3,1.27,0.389,Palnadu,AP
2020-06-12,3.3,30.3,25.2,2.6,0.377,Palnadu,AP
2020-06-13,0.2,34.2,26.2,5.2,0.352,Palnadu,AP
2020-06-14,0.9,35.5,27.9,5.91,0.318,Palnadu,AP
2020-06-15,0.9,35.2,27.6,5.26,0.297,Palnadu,AP
2020-06-16,1.8,33.9,27.2,4.43,0.273,Palnadu,AP
2020-06-17,0.3,35.6,27.1,5.8,0.259,Palnadu,AP
2020-06-18,2.7,33.7,26.5,4.1,0.25,Palnadu,AP
2020-06-19,0.0,36.0,27.8,6.45,0.228,Palnadu,AP
2020-06-20,0.0,36.8,29.5,6.89,0.208,Palnadu,AP
2020-06-21,7.6,30.9,26.3,2.56,0.234,Palnadu,AP
2020-06-22,0.0,33.5,26.6,5.57,0.263,Palnadu,AP
2020-06-23,0.9,36.2,27.0,5.97,0.243,Palnadu,AP
2020-06-24,3.7,34.8,27.6,4.85,0.224,Palnadu,AP
2020-06-25,2.3,34.1,26.2,4.94,0.209,Palnadu,AP
2020-06-26,0.6,34.2,26.8,4.87,0.204,Palnadu,AP
2020-06-27,2.0,35.3,27.4,4.88,0.195,Palnadu,AP
2020-06-28,6.2,33.9,26.5,3.68,0.232,Palnadu,AP
2020-06-29,18.0,34.2,25.5,4.61,0.359,Palnadu,AP
2020-06-30,7.8,33.3,25.1,4.25,0.35,Palnadu,AP
2020-07-01,3.4,34.0,25.0,3.89,0.32,Palnadu,AP
2020-07-02,7.6,34.2,26.1,3.89,0.302,Palnadu,AP
2020-07-03,1.7,34.9,26.6,4.79,0.271,Palnadu,AP
2020-07-04,3.9,29.7,25.4,2.15,0.345,Palnadu,AP
2020-07-05,15.1,29.4,24.6,2.08,0.37,Palnadu,AP
2020-07-06,2.6,30.7,25.2,2.75,0.355,Palnadu,AP
2020-07-07,0.3,34.7,25.7,5.51,0.32,Palnadu,AP
2020-07-08,12.3,34.1,26.0,4.85,0.31,Palnadu,AP
2020-07-09,14.3,30.5,25.4,2.29,0.381,Palnadu,AP
2020-07-10,5.6,32.1,25.9,3.98,0.34,Palnadu,AP
2020-07-11,1.4,33.3,25.2,4.7,0.312,Palnadu,AP
2020-07-12,1.6,33.9,27.0,4.28,0.308,Palnadu,AP
2020-07-13,11.2,32.7,26.2,3.62,0.319,Palnadu,AP
2020-07-14,8.5,30.4,26.0,2.61,0.357,Palnadu,AP
2020-07-15,53.4,29.4,25.0,1.59,0.406,Palnadu,AP
2020-07-16,13.0,29.6,24.5,2.18,0.404,Palnadu,AP
2020-07-17,1.4,34.0,25.3,5.06,0.361,Palnadu,AP
2020-07-18,1.7,33.3,25.2,4.73,0.345,Palnadu,AP
2020-07-19,7.9,32.9,26.2,3.79,0.349,Palnadu,AP
2020-07-20,5.5,32.6,26.1,4.23,0.375,Palnadu,AP
2020-07-21,6.1,33.1,25.3,4.85,0.372,Palnadu,AP
2020-07-22,0.9,33.4,26.6,4.43,0.334,Palnadu,AP
2020-07-23,5.1,29.2,25.8,1.86,0.338,Palnadu,AP
2020-07-24,5.8,33.5,25.2,4.29,0.341,Palnadu,AP
2020-07-25,6.0,31.1,25.3,3.14,0.346,Palnadu,AP
2020-07-26,1.3,33.7,25.0,5.0,0.332,Palnadu,AP
2020-07-27,0.0,34.4,26.5,5.88,0.29,Palnadu,AP
2020-07-28,17.3,35.0,25.8,4.85,0.305,Palnadu,AP
2020-07-29,16.3,31.8,25.3,3.88,0.384,Palnadu,AP
2020-07-30,0.9,32.7,24.9,4.15,0.355,Palnadu,AP
2020-07-31,17.3,33.1,24.8,4.41,0.367,Palnadu,AP
2020-08-01,4.6,33.5,24.7,4.39,0.382,Palnadu,AP
2020-08-02,6.6,33.6,26.7,4.54,0.361,Palnadu,AP
2020-08-03,1.0,33.6,25.9,5.28,0.355,Palnadu,AP
2020-08-04,16.7,28.2,24.9,1.76,0.392,Palnadu,AP
2020-08-05,9.1,30.6,24.4,2.66,0.398,Palnadu,AP
2020-08-06,1.9,33.4,24.7,4.81,0.387,Palnadu,AP
2020-08-07,3.7,33.7,25.9,4.77,0.361,Palnadu,AP
2020-08-08,0.5,34.3,27.3,5.82,0.329,Palnadu,AP
2020-08-09,6.0,33.7,25.5,4.74,0.31,Palnadu,AP
2020-08-10,13.4,30.0,24.9,2.46,0.376,Palnadu,AP
2020-08-11,0.8,34.0,25.4,5.49,0.335,Palnadu,AP
2020-08-12,7.4,28.5,25.3,1.76,0.344,Palnadu,AP
2020-08-13,14.5,27.3,24.1,1.41,0.408,Palnadu,AP
2020-08-14,21.7,27.4,23.7,1.37,0.423,Palnadu,AP
2020-08-15,34.4,25.8,23.4,1.09,0.428,Palnadu,AP
2020-08-16,12.5,29.6,23.5,3.47,0.415,Palnadu,AP
2020-08-17,3.6,31.0,24.1,3.46,0.407,Palnadu,AP
2020-08-18,0.4,33.2,25.1,4.78,0.378,Palnadu,AP
2020-08-19,15.1,29.0,25.0,2.01,0.39,Palnadu,AP
2020-08-20,12.7,28.6,24.6,1.84,0.417,Palnadu,AP
2020-08-21,3.7,31.6,24.5,3.86,0.404,Palnadu,AP
2020-08-22,0.6,32.8,25.5,4.48,0.377,Palnadu,AP
2020-08-23,1.1,31.5,25.4,3.39,0.369,Palnadu,AP
2020-08-24,2.6,32.1,25.4,3.72,0.357,Palnadu,AP
2020-08-25,0.2,32.4,25.7,4.1,0.331,Palnadu,AP
2020-08-26,2.0,31.8,26.1,3.11,0.319,Palnadu,AP
2020-08-27,0.8,31.7,25.4,3.33,0.314,Palnadu,AP
2020-08-28,0.3,32.9,25.0,4.69,0.296,Palnadu,AP
2020-08-29,1.1,33.1,25.3,4.9,0.276,Palnadu,AP
2020-08-30,0.7,33.9,25.8,5.04,0.252,Palnadu,AP
2020-08-31,1.3,34.4,25.8,5.38,0.226,Palnadu,AP
2020-09-01,4.5,34.9,26.9,4.78,0.222,Palnadu,AP
2020-09-02,16.0,32.2,25.4,3.05,0.299,Palnadu,AP
2020-09-03,5.9,31.0,24.9,3.86,0.364,Palnadu,AP
2020-09-04,3.0,31.5,24.9,4.19,0.341,Palnadu,AP
2020-09-05,0.1,33.2,24.8,4.83,0.318,Palnadu,AP
2020-09-06,0.3,33.0,25.2,4.78,0.292,Palnadu,AP
2020-09-07,1.5,32.7,25.4,4.39,0.278,Palnadu,AP
2020-09-08,1.7,34.2,25.3,4.95,0.271,Palnadu,AP
2020-09-09,2.5,33.9,26.0,4.71,0.254,Palnadu,AP
2020-09-10,5.6,33.8,25.9,4.56,0.244,Palnadu,AP
2020-09-11,13.7,32.7,25.6,3.7,0.299,Palnadu,AP
2020-09-12,7.2,30.7,24.9,2.54,0.355,Palnadu,AP
2020-09-13,203.7,27.2,24.3,0.97,0.424,Palnadu,AP
2020-09-14,58.5,29.2,24.0,2.1,0.426,Palnadu,AP
2020-09-15,27.3,30.0,24.3,2.3,0.424,Palnadu,AP
2020-09-16,11.9,31.1,24.3,3.31,0.421,Palnadu,AP
2020-09-17,10.7,31.8,24.6,3.72,0.413,Palnadu,AP
2020-09-18,15.5,32.0,25.4,3.91,0.411,Palnadu,AP
2020-09-19,18.1,30.7,24.8,3.03,0.421,Palnadu,AP
2020-09-20,8.8,30.3,24.7,2.47,0.419,Palnadu,AP
2020-09-21,6.6,29.7,24.6,2.06,0.418,Palnadu,AP
2020-09-22,0.3,31.4,24.8,4.25,0.397,Palnadu,AP
2020-09-23,0.0,32.5,24.9,4.79,0.38,Palnadu,AP
2020-09-24,0.2,33.0,25.4,5.04,0.356,Palnadu,AP
2020-09-25,38.5,31.8,24.9,3.37,0.377,Palnadu,AP
2020-09-26,48.7,29.6,24.5,2.58,0.423,Palnadu,AP
2020-09-27,1.6,30.7,24.3,3.78,0.41,Palnadu,AP
2020-09-28,0.3,32.1,24.4,4.69,0.389,Palnadu,AP
2020-09-29,8.9,31.7,25.8,4.07,0.386,Palnadu,AP
2020-09-30,7.2,31.0,25.9,2.86,0.394,Palnadu,AP
2020-10-01,0.8,31.6,24.5,3.95,0.392,Palnadu,AP
2020-10-02,0.2,32.7,25.8,5.01,0.373,Palnadu,AP
2020-10-03,0.0,33.2,26.8,5.04,0.357,Palnadu,AP
2020-10-04,0.0,32.2,26.7,4.29,0.349,Palnadu,AP
2020-10-05,0.0,32.5,26.0,4.4,0.344,Palnadu,AP
2020-10-06,0.1,32.5,25.0,4.78,0.332,Palnadu,AP
2020-10-07,7.3,31.1,25.1,3.3,0.353,Palnadu,AP
2020-10-08,2.9,31.3,25.1,3.33,0.323,Palnadu,AP
2020-10-09,12.5,30.7,24.5,3.14,0.382,Palnadu,AP
2020-10-10,3.2,30.1,24.9,2.41,0.384,Palnadu,AP
2020-10-11,27.3,27.8,24.3,1.47,0.415,Palnadu,AP
2020-10-12,19.3,27.5,23.9,1.42,0.424,Palnadu,AP
2020-10-13,74.7,27.8,23.4,1.77,0.426,Palnadu,AP
2020-10-14,14.0,30.2,24.1,3.27,0.413,Palnadu,AP
2020-10-15,5.2,30.4,24.8,3.23,0.403,Palnadu,AP
2020-10-16,11.7,30.1,24.4,2.33,0.403,Palnadu,AP
2020-10-17,15.4,30.3,24.3,3.04,0.41,Palnadu,AP
2020-10-18,4.3,30.7,24.1,3.15,0.405,Palnadu,AP
2020-10-19,10.6,31.4,24.2,3.41,0.392,Palnadu,AP
2020-10-20,40.5,26.3,23.9,1.08,0.428,Palnadu,AP
2020-10-21,5.6,29.9,24.0,1.76,0.418,Palnadu,AP
2020-10-22,0.0,32.1,24.6,4.52,0.398,Palnadu,AP
2020-10-23,0.0,32.2,24.3,4.65,0.38,Palnadu,AP
2020-10-24,0.0,32.7,23.0,4.66,0.362,Palnadu,AP
2020-10-25,1.1,31.8,23.3,3.92,0.358,Palnadu,AP
2020-10-26,0.0,32.0,22.2,4.51,0.347,Palnadu,AP
2020-10-27,0.7,30.5,22.1,3.87,0.336,Palnadu,AP
2020-10-28,0.0,30.8,22.5,3.92,0.332,Palnadu,AP
2020-10-29,0.0,29.0,23.5,2.51,0.324,Palnadu,AP
2020-10-30,0.0,31.6,23.0,4.35,0.308,Palnadu,AP
2020-10-31,0.0,31.6,22.1,4.58,0.287,Palnadu,AP
2020-11-01,0.0,31.8,22.4,4.56,0.272,Palnadu,AP
2020-11-02,0.0,32.4,23.0,4.51,0.255,Palnadu,AP
2020-11-03,1.1,31.8,23.6,3.87,0.251,Palnadu,AP
2020-11-04,0.1,31.7,24.0,4.06,0.245,Palnadu,AP
2020-11-05,1.0,30.4,23.7,3.41,0.246,Palnadu,AP
2020-11-06,5.5,30.0,23.6,2.78,0.271,Palnadu,AP
2020-11-07,0.5,30.7,23.2,3.62,0.283,Palnadu,AP
2020-11-08,0.2,29.9,21.1,3.76,0.274,Palnadu,AP
2020-11-09,0.0,29.3,19.2,4.44,0.265,Palnadu,AP
2020-11-10,0.0,28.8,17.2,4.33,0.254,Palnadu,AP
2020-11-11,0.4,29.2,19.0,3.97,0.243,Palnadu,AP
2020-11-12,5.1,27.6,23.2,1.99,0.292,Palnadu,AP
2020-11-13,1.4,30.3,22.5,3.49,0.323,Palnadu,AP
2020-11-14,0.0,30.8,21.1,4.28,0.295,Palnadu,AP
2020-11-15,6.9,29.5,21.6,2.69,0.317,Palnadu,AP
2020-11-16,3.7,27.4,23.4,1.65,0.366,Palnadu,AP
2020-11-17,0.0,30.0,22.2,3.37,0.334,Palnadu,AP
2020-11-18,0.9,29.5,21.4,2.85,0.315,Palnadu,AP
2020-11-19,0.3,30.2,21.7,3.3,0.302,Palnadu,AP
2020-11-20,0.0,29.9,21.2,3.67,0.287,Palnadu,AP
2020-11-21,0.0,31.1,20.3,3.98,0.273,Palnadu,AP
2020-11-22,0.1,30.6,22.1,3.77,0.26,Palnadu,AP
2020-11-23,1.2,30.0,22.5,2.93,0.259,Palnadu,AP
2020-11-24,0.0,29.7,22.3,3.64,0.254,Palnadu,AP
2020-11-25,0.7,28.7,21.5,3.42,0.248,Palnadu,AP
2020-11-26,90.3,23.6,21.2,0.73,0.373,Palnadu,AP
2020-11-27,34.2,23.7,20.5,1.25,0.428,Palnadu,AP
2020-11-28,5.7,25.2,20.2,2.05,0.413,Palnadu,AP
2020-11-29,2.5,28.7,21.0,3.71,0.387,Palnadu,AP
2020-11-30,0.0,28.9,19.8,3.74,0.367,Palnadu,AP
2020-12-01,0.0,28.4,18.5,3.54,0.356,Palnadu,AP
2020-12-02,0.0,28.5,18.5,3.68,0.336,Palnadu,AP
2020-12-03,0.0,28.8,19.7,3.62,0.316,Palnadu,AP
2020-12-04,0.0,29.4,20.6,3.93,0.306,Palnadu,AP
2020-12-05,0.0,29.1,20.3,3.83,0.302,Palnadu,AP
2020-12-06,0.0,28.6,20.0,3.51,0.288,Palnadu,AP
2020-12-07,0.0,29.1,21.8,3.41,0.272,Palnadu,AP
2020-12-08,0.0,29.2,21.3,3.46,0.258,Palnadu,AP
2020-12-09,0.0,28.4,19.2,3.32,0.247,Palnadu,AP
2020-12-10,0.0,29.0,17.2,3.73,0.235,Palnadu,AP
2020-12-11,0.0,28.2,18.5,3.25,0.224,Palnadu,AP
2020-12-12,0.0,28.8,18.0,3.59,0.222,Palnadu,AP
2020-12-13,0.0,28.6,17.3,3.67,0.216,Palnadu,AP
2020-12-14,0.0,29.0,17.5,3.57,0.21,Palnadu,AP
2020-12-15,0.1,29.3,18.7,3.15,0.209,Palnadu,AP
2020-12-16,0.2,29.4,20.2,3.11,0.213,Palnadu,AP
2020-12-17,0.0,29.7,20.5,3.44,0.213,Palnadu,AP
2020-12-18,0.0,28.8,20.3,3.14,0.213,Palnadu,AP
2020-12-19,0.1,28.9,19.7,3.12,0.211,Palnadu,AP
2020-12-20,0.0,28.3,19.9,3.41,0.207,Palnadu,AP
2020-12-21,0.0,28.0,17.7,3.69,0.199,Palnadu,AP
2020-12-22,0.0,27.3,16.1,3.55,0.19,Palnadu,AP
2020-12-23,0.0,27.7,16.3,3.55,0.182,Palnadu,AP
2020-12-24,0.0,27.9,16.8,3.7,0.177,Palnadu,AP
2020-12-25,0.0,27.7,17.6,3.15,0.174,Palnadu,AP
2020-12-26,0.0,28.1,17.6,3.22,0.171,Palnadu,AP
2020-12-27,0.0,28.5,17.7,3.58,0.166,Palnadu,AP
2020-12-28,0.0,28.9,17.8,3.33,0.166,Palnadu,AP
2020-12-29,0.0,29.0,18.7,3.33,0.17,Palnadu,AP
2020-12-30,0.0,29.4,19.0,3.7,0.169,Palnadu,AP
2020-12-31,0.0,29.7,19.8,3.52,0.167,Palnadu,AP
2021-01-01,0.0,28.9,18.9,3.71,0.165,Palnadu,AP
2021-01-02,0.0,29.3,17.8,3.9,0.166,Palnadu,AP
2021-01-03,0.0,28.8,17.1,3.82,0.159,Palnadu,AP
2021-01-04,0.0,28.6,17.6,3.26,0.162,Palnadu,AP
2021-01-05,0.0,29.0,19.7,2.73,0.163,Palnadu,AP
2021-01-06,2.7,25.0,22.2,0.9,0.17,Palnadu,AP
2021-01-07,0.1,26.8,21.3,1.74,0.167,Palnadu,AP
2021-01-08,1.2,30.2,20.9,3.05,0.171,Palnadu,AP
2021-01-09,0.0,30.5,19.6,3.53,0.173,Palnadu,AP
2021-01-10,0.0,31.1,19.1,3.76,0.169,Palnadu,AP
2021-01-11,0.0,31.3,20.2,3.69,0.166,Palnadu,AP
2021-01-12,0.0,31.7,19.8,4.01,0.168,Palnadu,AP
2021-01-13,0.0,31.4,20.3,3.74,0.167,Palnadu,AP
2021-01-14,0.0,30.9,19.6,3.85,0.166,Palnadu,AP
2021-01-15,0.0,30.9,20.2,3.78,0.165,Palnadu,AP
2021-01-16,0.0,30.7,19.2,3.83,0.163,Palnadu,AP
2021-01-17,0.0,30.3,19.3,3.82,0.162,Palnadu,AP
2021-01-18,0.0,30.0,19.5,3.39,0.162,Palnadu,AP
2021-01-19,0.0,29.9,19.3,3.65,0.156,Palnadu,AP
2021-01-20,0.0,31.7,18.2,4.08,0.149,Palnadu,AP
2021-01-21,0.0,32.8,19.8,4.37,0.142,Palnadu,AP
2021-01-22,0.0,32.2,20.1,4.19,0.143,Palnadu,AP
2021-01-23,0.0,31.6,21.6,3.87,0.149,Palnadu,AP
2021-01-24,0.0,31.8,21.0,4.28,0.149,Palnadu,AP
2021-01-25,0.0,31.8,20.1,4.45,0.141,Palnadu,AP
2021-01-26,0.0,32.5,20.1,4.44,0.134,Palnadu,AP
2021-01-27,0.0,31.4,20.2,4.16,0.132,Palnadu,AP
2021-01-28,0.4,30.1,20.6,3.57,0.134,Palnadu,AP
2021-01-29,0.8,31.0,20.7,3.9,0.136,Palnadu,AP
2021-01-30,0.0,32.3,20.5,4.39,0.134,Palnadu,AP
2021-01-31,0.0,32.0,20.6,3.76,0.135,Palnadu,AP
2021-02-01,1.6,30.8,21.0,3.71,0.141,Palnadu,AP
2021-02-02,0.0,31.0,20.8,4.16,0.145,Palnadu,AP
2021-02-03,0.0,31.2,19.9,4.4,0.142,Palnadu,AP
2021-02-04,0.0,31.0,18.6,4.52,0.139,Palnadu,AP
2021-02-05,0.0,31.0,17.6,4.48,0.14,Palnadu,AP
2021-02-06,0.0,32.3,18.2,4.73,0.134,Palnadu,AP
2021-02-07,0.0,31.6,18.3,4.94,0.137,Palnadu,AP
2021-02-08,0.0,31.6,18.0,4.54,0.134,Palnadu,AP
2021-02-09,0.0,31.6,19.2,4.42,0.127,Palnadu,AP
2021-02-10,0.0,32.4,18.6,4.72,0.131,Palnadu,AP
2021-02-11,0.0,31.9,18.8,4.7,0.137,Palnadu,AP
2021-02-12,0.0,32.0,19.0,4.8,0.138,Palnadu,AP
2021-02-13,0.0,32.3,18.5,4.87,0.139,Palnadu,AP
2021-02-14,0.0,32.8,17.7,5.01,0.138,Palnadu,AP
2021-02-15,0.0,33.6,19.0,5.04,0.136,Palnadu,AP
2021-02-16,0.0,33.5,19.7,5.31,0.133,Palnadu,AP
2021-02-17,0.0,33.1,19.6,5.2,0.133,Palnadu,AP
2021-02-18,0.0,32.4,18.4,4.98,0.13,Palnadu,AP
2021-02-19,0.2,31.4,20.9,3.98,0.132,Palnadu,AP
2021-02-20,0.4,31.4,20.5,4.47,0.133,Palnadu,AP
2021-02-21,0.0,30.3,21.0,3.88,0.137,Palnadu,AP
2021-02-22,0.2,33.9,20.6,5.04,0.135,Palnadu,AP
2021-02-23,0.0,34.4,20.7,4.86,0.132,Palnadu,AP
2021-02-24,0.0,34.7,20.7,5.25,0.129,Palnadu,AP
2021-02-25,0.0,36.0,20.6,5.24,0.127,Palnadu,AP
2021-02-26,0.0,37.5,20.9,5.93,0.126,Palnadu,AP
2021-02-27,0.0,37.4,21.5,5.84,0.126,Palnadu,AP
2021-02-28,0.0,37.3,21.4,5.53,0.128,Palnadu,AP
2021-03-01,0.0,36.6,21.4,5.59,0.13,Palnadu,AP
2021-03-02,0.0,35.8,22.4,5.26,0.135,Palnadu,AP
2021-03-03,0.0,36.6,20.7,5.77,0.136,Palnadu,AP
2021-03-04,0.0,35.3,20.1,5.85,0.126,Palnadu,AP
2021-03-05,0.0,35.4,20.5,5.98,0.123,Palnadu,AP
2021-03-06,0.0,36.5,19.5,5.92,0.127,Palnadu,AP
2021-03-07,0.0,36.5,21.3,5.57,0.128,Palnadu,AP
2021-03-08,0.0,35.5,22.7,5.6,0.126,Palnadu,AP
2021-03-09,0.0,35.1,22.2,5.71,0.124,Palnadu,AP
2021-03-10,0.0,35.9,22.3,5.8,0.128,Palnadu,AP
2021-03-11,0.1,35.5,21.4,5.31,0.126,Palnadu,AP
2021-03-12,0.0,35.8,21.8,6.0,0.126,Palnadu,AP
2021-03-13,0.0,35.5,19.9,5.57,0.125,Palnadu,AP
2021-03-14,0.0,36.0,20.8,6.13,0.125,Palnadu,AP
2021-03-15,0.0,36.4,21.4,5.9,0.124,Palnadu,AP
2021-03-16,0.0,37.2,22.5,5.57,0.123,Palnadu,AP
2021-03-17,0.0,36.7,23.2,5.63,0.123,Palnadu,AP
2021-03-18,0.1,35.8,22.7,5.47,0.124,Palnadu,AP
2021-03-19,0.0,36.8,22.3,5.7,0.123,Palnadu,AP
2021-03-20,0.0,37.0,20.6,5.98,0.129,Palnadu,AP
2021-03-21,0.0,37.7,21.6,5.93,0.127,Palnadu,AP
2021-03-22,0.0,37.5,24.3,5.56,0.126,Palnadu,AP
2021-03-23,0.0,37.8,21.5,6.05,0.122,Palnadu,AP
2021-03-24,0.0,38.1,22.2,6.18,0.129,Palnadu,AP
2021-03-25,0.0,38.9,22.7,6.01,0.124,Palnadu,AP
2021-03-26,0.0,38.5,23.8,5.81,0.12,Palnadu,AP
2021-03-27,0.0,38.5,24.3,5.59,0.122,Palnadu,AP
2021-03-28,0.0,39.2,24.1,5.95,0.123,Palnadu,AP
2021-03-29,0.0,39.0,24.0,6.03,0.113,Palnadu,AP
2021-03-30,0.0,40.9,24.3,6.15,0.102,Palnadu,AP
2021-03-31,0.0,42.8,25.3,7.19,0.1,Palnadu,AP
2021-04-01,0.0,41.8,23.3,6.62,0.101,Palnadu,AP
2021-04-02,0.0,42.3,25.5,6.9,0.101,Palnadu,AP
2021-04-03,0.1,38.8,25.5,6.18,0.1,Palnadu,AP
2021-04-04,0.1,39.3,26.8,5.68,0.101,Palnadu,AP
2021-04-05,0.9,36.0,26.1,5.24,0.108,Palnadu,AP
2021-04-06,0.0,37.8,26.1,6.34,0.11,Palnadu,AP
2021-04-07,0.0,38.0,24.1,6.6,0.119,Palnadu,AP
2021-04-08,0.0,38.6,25.3,6.6,0.123,Palnadu,AP
2021-04-09,0.0,36.1,24.5,6.18,0.126,Palnadu,AP
2021-04-10,0.0,36.0,24.5,6.0,0.133,Palnadu,AP
2021-04-11,0.0,37.5,25.3,6.04,0.132,Palnadu,AP
2021-04-12,0.0,38.0,25.0,5.84,0.131,Palnadu,AP
2021-04-13,0.0,37.8,26.6,5.77,0.125,Palnadu,AP
2021-04-14,0.1,37.6,26.2,5.59,0.12,Palnadu,AP
2021-04-15,0.0,36.0,25.0,5.27,0.129,Palnadu,AP
2021-04-16,0.0,37.1,25.4,5.91,0.133,Palnadu,AP
2021-04-17,0.1,37.1,26.1,5.71,0.131,Palnadu,AP
2021-04-18,0.0,38.0,25.9,6.0,0.129,Palnadu,AP
2021-04-19,0.0,39.4,26.8,5.75,0.127,Palnadu,AP
2021-04-20,0.0,38.6,27.9,5.85,0.128,Palnadu,AP
2021-04-21,0.6,37.2,27.5,5.27,0.13,Palnadu,AP
2021-04-22,1.3,34.9,27.1,4.96,0.135,Palnadu,AP
2021-04-23,4.7,36.2,27.3,4.75,0.164,Palnadu,AP
2021-04-24,0.3,37.7,27.1,5.68,0.184,Palnadu,AP
2021-04-25,0.0,38.7,27.0,5.94,0.171,Palnadu,AP
2021-04-26,0.0,39.2,26.0,5.91,0.16,Palnadu,AP
2021-04-27,0.0,38.8,25.9,6.21,0.152,Palnadu,AP
2021-04-28,0.3,38.1,26.3,5.91,0.158,Palnadu,AP
2021-04-29,0.0,37.6,26.2,6.0,0.178,Palnadu,AP
2021-04-30,0.0,37.3,26.0,6.05,0.163,Palnadu,AP
2021-05-01,0.1,36.9,26.0,6.52,0.157,Palnadu,AP
2021-05-02,0.0,37.7,25.8,5.88,0.149,Palnadu,AP
2021-05-03,0.0,37.7,26.6,5.86,0.145,Palnadu,AP
2021-05-04,0.0,37.9,26.4,6.23,0.139,Palnadu,AP
2021-05-05,0.0,38.7,27.6,6.42,0.134,Palnadu,AP
2021-05-06,0.0,37.4,28.0,6.36,0.134,Palnadu,AP
2021-05-07,0.0,36.7,27.6,5.9,0.13,Palnadu,AP
2021-05-08,0.0,38.0,27.3,6.14,0.125,Palnadu,AP
2021-05-09,0.1,38.1,27.3,6.29,0.126,Palnadu,AP
2021-05-10,0.3,37.8,28.0,5.94,0.125,Palnadu,AP
2021-05-11,0.1,40.4,28.0,6.61,0.116,Palnadu,AP
2021-05-12,0.0,39.6,28.1,6.32,0.122,Palnadu,AP
2021-05-13,4.4,37.7,28.4,4.88,0.154,Palnadu,AP
2021-05-14,0.0,38.0,28.7,6.45,0.221,Palnadu,AP
2021-05-15,2.4,36.9,27.6,5.74,0.219,Palnadu,AP
2021-05-16,14.0,33.0,26.8,4.03,0.31,Palnadu,AP
2021-05-17,7.5,34.1,26.0,4.56,0.324,Palnadu,AP
2021-05-18,0.9,35.7,27.6,5.25,0.275,Palnadu,AP
2021-05-19,2.3,36.4,26.8,5.36,0.249,Palnadu,AP
2021-05-20,1.9,36.8,26.3,5.21,0.226,Palnadu,AP
2021-05-21,4.9,37.8,27.1,5.48,0.229,Palnadu,AP
2021-05-22,3.2,32.6,26.3,2.46,0.276,Palnadu,AP
2021-05-23,0.0,37.7,26.9,4.6,0.25,Palnadu,AP
2021-05-24,0.0,39.7,27.9,6.9,0.238,Palnadu,AP
2021-05-25,0.0,39.4,29.7,7.42,0.232,Palnadu,AP
2021-05-26,0.0,40.4,29.6,8.91,0.217,Palnadu,AP
2021-05-27,0.0,39.8,31.1,9.87,0.197,Palnadu,AP
2021-05-28,0.0,38.8,29.8,7.93,0.185,Palnadu,AP
2021-05-29,0.1,38.8,28.0,6.42,0.175,Palnadu,AP
2021-05-30,0.0,40.2,27.8,7.35,0.165,Palnadu,AP
2021-05-31,0.0,40.0,30.4,7.04,0.154,Palnadu,AP
2021-06-01,3.4,39.1,27.5,5.89,0.155,Palnadu,AP
2021-06-02,5.4,39.1,27.1,5.75,0.167,Palnadu,AP
2021-06-03,6.0,35.2,26.7,4.59,0.203,Palnadu,AP
2021-06-04,0.1,36.4,27.0,5.12,0.18,Palnadu,AP
2021-06-05,0.3,37.7,27.5,6.1,0.163,Palnadu,AP
2021-06-06,2.4,38.4,25.7,6.04,0.155,Palnadu,AP
2021-06-07,0.5,38.1,27.8,6.16,0.145,Palnadu,AP
2021-06-08,0.1,39.9,28.7,7.33,0.14,Palnadu,AP
2021-06-09,1.3,38.6,28.3,7.4,0.136,Palnadu,AP
2021-06-10,0.8,37.8,28.1,7.03,0.159,Palnadu,AP
2021-06-11,1.7,34.5,23.7,4.64,0.193,Palnadu,AP
2021-06-12,1.5,36.9,28.9,5.88,0.192,Palnadu,AP
2021-06-13,6.2,33.5,25.6,3.82,0.217,Palnadu,AP
2021-06-14,2.6,33.4,27.4,4.05,0.216,Palnadu,AP
2021-06-15,0.1,35.6,28.2,5.67,0.201,Palnadu,AP
2021-06-16,1.0,34.7,27.7,5.55,0.188,Palnadu,AP
2021-06-17,0.4,33.9,25.5,4.65,0.196,Palnadu,AP
2021-06-18,0.1,36.2,28.6,6.4,0.181,Palnadu,AP
2021-06-19,0.3,36.3,28.5,6.89,0.168,Palnadu,AP
2021-06-20,0.0,37.5,28.1,7.2,0.155,Palnadu,AP
2021-06-21,0.0,38.9,28.6,7.92,0.147,Palnadu,AP
2021-06-22,0.5,38.5,30.2,6.35,0.144,Palnadu,AP
2021-06-23,1.7,38.5,28.6,5.46,0.144,Palnadu,AP
2021-06-24,0.5,35.3,27.1,5.6,0.15,Palnadu,AP
2021-06-25,0.0,35.5,28.0,6.08,0.152,Palnadu,AP
2021-06-26,13.4,35.0,25.2,4.78,0.204,Palnadu,AP
2021-06-27,18.8,31.6,24.6,3.18,0.279,Palnadu,AP
2021-06-28,4.8,34.2,24.4,5.15,0.304,Palnadu,AP
2021-06-29,0.3,37.1,26.7,5.84,0.256,Palnadu,AP
2021-06-30,1.6,37.0,27.8,5.42,0.224,Palnadu,AP
2021-07-01,13.2,37.5,27.4,4.27,0.24,Palnadu,AP
2021-07-02,0.6,33.4,26.6,3.86,0.241,Palnadu,AP
2021-07-03,1.1,36.7,25.9,4.84,0.219,Palnadu,AP
2021-07-04,0.0,37.0,27.4,5.14,0.202,Palnadu,AP
2021-07-05,2.2,38.2,26.2,5.93,0.192,Palnadu,AP
2021-07-06,4.1,36.6,25.3,4.64,0.229,Palnadu,AP
2021-07-07,13.0,35.6,26.2,3.83,0.229,Palnadu,AP
2021-07-08,9.5,31.5,25.6,2.83,0.286,Palnadu,AP
2021-07-09,22.5,34.8,24.9,4.54,0.285,Palnadu,AP
2021-07-10,26.2,33.2,24.6,3.73,0.346,Palnadu,AP
2021-07-11,17.9,28.3,25.3,1.34,0.375,Palnadu,AP
2021-07-12,11.1,29.3,24.8,1.83,0.366,Palnadu,AP
2021-07-13,14.1,32.7,24.7,3.84,0.364,Palnadu,AP
2021-07-14,16.4,29.4,24.6,2.24,0.391,Palnadu,AP
2021-07-15,39.8,31.3,24.1,3.51,0.417,Palnadu,AP
2021-07-16,4.8,31.8,25.0,4.39,0.39,Palnadu,AP
2021-07-17,18.6,32.1,24.7,3.94,0.4,Palnadu,AP
2021-07-18,10.7,31.3,24.5,3.53,0.404,Palnadu,AP
2021-07-19,1.3,32.8,24.9,4.89,0.368,Palnadu,AP
2021-07-20,1.7,32.8,26.8,5.37,0.333,Palnadu,AP
2021-07-21,19.5,28.5,24.5,2.06,0.364,Palnadu,AP
2021-07-22,76.4,25.4,23.8,1.06,0.429,Palnadu,AP
2021-07-23,6.6,31.7,23.9,3.42,0.4,Palnadu,AP
2021-07-24,0.1,33.4,24.7,5.09,0.364,Palnadu,AP
2021-07-25,0.0,34.4,26.8,6.01,0.332,Palnadu,AP
2021-07-26,0.0,34.0,27.1,5.59,0.306,Palnadu,AP
2021-07-27,0.0,33.5,27.3,5.29,0.282,Palnadu,AP
2021-07-28,0.0,34.0,27.1,6.18,0.26,Palnadu,AP
2021-07-29,0.0,32.7,27.7,4.83,0.241,Palnadu,AP
2021-07-30,0.0,34.0,27.3,4.82,0.228,Palnadu,AP
2021-07-31,0.0,32.9,27.4,5.18,0.215,Palnadu,AP
2021-08-01,0.2,33.6,26.8,6.24,0.203,Palnadu,AP
2021-08-02,0.9,34.3,26.9,6.5,0.191,Palnadu,AP
2021-08-03,0.0,35.0,27.1,6.46,0.182,Palnadu,AP
2021-08-04,0.0,36.0,27.7,7.04,0.172,Palnadu,AP
2021-08-05,0.7,35.6,27.9,6.85,0.166,Palnadu,AP
2021-08-06,0.5,35.8,27.8,6.5,0.161,Palnadu,AP
2021-08-07,1.4,35.5,27.8,6.06,0.159,Palnadu,AP
2021-08-08,0.8,36.4,27.6,5.64,0.157,Palnadu,AP
2021-08-09,0.7,36.5,27.3,5.22,0.178,Palnadu,AP
2021-08-10,4.5,36.9,26.4,5.99,0.197,Palnadu,AP
2021-08-11,1.5,36.9,27.4,6.0,0.204,Palnadu,AP
2021-08-12,11.5,34.6,26.5,4.72,0.249,Palnadu,AP
2021-08-13,1.7,33.0,26.0,4.11,0.323,Palnadu,AP
2021-08-14,4.3,33.4,25.9,4.46,0.294,Palnadu,AP
2021-08-15,9.6,34.3,25.3,4.73,0.294,Palnadu,AP
2021-08-16,21.3,29.3,24.7,1.73,0.377,Palnadu,AP
2021-08-17,8.0,29.3,24.6,1.93,0.349,Palnadu,AP
2021-08-18,0.8,31.9,24.6,4.42,0.322,Palnadu,AP
2021-08-19,0.7,33.5,25.7,5.15,0.294,Palnadu,AP
2021-08-20,0.4,32.5,25.9,4.23,0.275,Palnadu,AP
2021-08-21,14.7,30.9,25.4,2.92,0.332,Palnadu,AP
2021-08-22,0.7,32.8,24.6,4.68,0.335,Palnadu,AP
2021-08-23,3.0,33.0,24.9,4.86,0.304,Palnadu,AP
2021-08-24,0.6,33.6,25.4,4.79,0.296,Palnadu,AP
2021-08-25,6.2,33.9,25.5,4.95,0.275,Palnadu,AP
2021-08-26,11.6,34.3,25.1,4.7,0.33,Palnadu,AP
2021-08-27,6.2,32.5,25.8,3.56,0.344,Palnadu,AP
2021-08-28,13.6,29.2,25.3,1.65,0.365,Palnadu,AP
2021-08-29,6.3,30.8,24.6,3.06,0.368,Palnadu,AP
2021-08-30,25.2,30.3,24.9,2.42,0.389,Palnadu,AP
2021-08-31,0.6,30.6,23.8,3.24,0.375,Palnadu,AP
2021-09-01,12.7,30.1,24.3,2.92,0.374,Palnadu,AP
2021-09-02,4.1,31.7,24.3,4.13,0.372,Palnadu,AP
2021-09-03,29.9,31.3,24.6,3.81,0.411,Palnadu,AP
2021-09-04,18.8,32.0,24.3,4.24,0.412,Palnadu,AP
2021-09-05,8.4,31.9,25.0,4.03,0.395,Palnadu,AP
2021-09-06,12.2,27.7,24.4,1.68,0.412,Palnadu,AP
2021-09-07,4.4,31.7,24.1,4.41,0.404,Palnadu,AP
2021-09-08,0.1,33.5,25.8,5.23,0.367,Palnadu,AP
2021-09-09,0.0,33.5,26.2,5.25,0.336,Palnadu,AP
2021-09-10,0.0,32.6,27.1,4.68,0.313,Palnadu,AP
2021-09-11,0.7,31.2,26.8,2.72,0.297,Palnadu,AP
2021-09-12,0.2,33.5,26.0,5.05,0.277,Palnadu,AP
2021-09-13,0.9,33.2,27.3,4.93,0.263,Palnadu,AP
2021-09-14,0.3,34.1,26.8,5.05,0.253,Palnadu,AP
2021-09-15,0.8,33.6,27.2,5.54,0.238,Palnadu,AP
2021-09-16,0.1,34.0,26.2,5.34,0.225,Palnadu,AP
2021-09-17,0.2,34.2,25.6,5.22,0.203,Palnadu,AP
2021-09-18,0.3,34.1,25.1,4.42,0.184,Palnadu,AP
2021-09-19,0.1,34.4,25.2,4.71,0.176,Palnadu,AP
2021-09-20,0.1,34.2,25.3,4.98,0.168,Palnadu,AP
2021-09-21,16.4,29.6,24.5,2.07,0.273,Palnadu,AP
2021-09-22,4.6,31.5,25.3,4.14,0.291,Palnadu,AP
2021-09-23,4.0,32.5,25.6,3.42,0.298,Palnadu,AP
2021-09-24,5.5,32.5,24.8,3.52,0.334,Palnadu,AP
2021-09-25,11.3,31.8,25.0,3.83,0.363,Palnadu,AP
2021-09-26,14.2,31.9,24.4,3.66,0.359,Palnadu,AP
2021-09-27,6.3,29.4,25.7,2.56,0.345,Palnadu,AP
2021-09-28,0.7,32.6,25.0,4.66,0.331,Palnadu,AP
2021-09-29,1.8,32.7,24.9,4.2,0.3,Palnadu,AP
2021-09-30,3.8,32.1,25.2,3.62,0.278,Palnadu,AP
2021-10-01,1.3,32.9,25.2,4.38,0.27,Palnadu,AP
2021-10-02,3.1,32.2,25.4,3.79,0.274,Palnadu,AP
2021-10-03,2.0,32.1,25.0,3.97,0.264,Palnadu,AP
2021-10-04,4.0,33.9,24.7,4.33,0.254,Palnadu,AP
2021-10-05,0.2,33.5,24.8,4.93,0.239,Palnadu,AP
2021-10-06,8.9,31.4,25.4,3.02,0.245,Palnadu,AP
2021-10-07,3.4,31.6,24.7,3.67,0.265,Palnadu,AP
2021-10-08,0.5,33.0,25.2,4.13,0.25,Palnadu,AP
2021-10-09,3.8,32.9,25.1,3.88,0.298,Palnadu,AP
2021-10-10,1.1,33.4,26.2,4.27,0.272,Palnadu,AP
2021-10-11,0.0,34.2,25.4,5.08,0.239,Palnadu,AP
2021-10-12,0.0,34.9,24.6,5.33,0.202,Palnadu,AP
2021-10-13,0.2,35.6,25.2,5.15,0.16,Palnadu,AP
2021-10-14,0.5,36.4,26.0,5.38,0.151,Palnadu,AP
2021-10-15,9.3,35.1,24.7,5.0,0.155,Palnadu,AP
2021-10-16,17.2,31.5,24.4,2.8,0.346,Palnadu,AP
2021-10-17,2.4,31.9,24.1,3.49,0.315,Palnadu,AP
2021-10-18,0.2,34.3,25.6,4.38,0.271,Palnadu,AP
2021-10-19,0.6,34.3,24.2,4.8,0.244,Palnadu,AP
2021-10-20,0.0,34.2,25.3,5.18,0.227,Palnadu,AP
2021-10-21,0.6,33.8,25.4,4.68,0.211,Palnadu,AP
2021-10-22,0.0,34.8,24.7,5.39,0.197,Palnadu,AP
2021-10-23,4.4,35.0,24.6,4.7,0.185,Palnadu,AP
2021-10-24,8.2,32.3,23.9,3.52,0.197,Palnadu,AP
2021-10-25,0.0,33.4,23.3,4.91,0.216,Palnadu,AP
2021-10-26,0.0,33.3,22.8,4.97,0.206,Palnadu,AP
2021-10-27,0.0,33.4,21.8,5.67,0.188,Palnadu,AP
2021-10-28,0.0,34.0,22.7,5.29,0.176,Palnadu,AP
2021-10-29,16.3,31.2,23.6,3.01,0.194,Palnadu,AP
2021-10-30,7.4,31.9,23.2,3.21,0.257,Palnadu,AP
2021-10-31,9.3,32.8,23.7,3.83,0.244,Palnadu,AP
2021-11-01,3.9,29.7,23.1,2.63,0.271,Palnadu,AP
2021-11-02,29.3,27.3,23.3,1.27,0.331,Palnadu,AP
2021-11-03,21.6,28.4,23.0,1.71,0.38,Palnadu,AP
2021-11-04,7.9,28.7,22.4,2.22,0.357,Palnadu,AP
2021-11-05,1.7,29.2,22.7,3.24,0.338,Palnadu,AP
2021-11-06,0.2,29.8,22.4,3.2,0.313,Palnadu,AP
2021-11-07,0.0,30.3,23.7,3.48,0.294,Palnadu,AP
2021-11-08,0.0,30.3,21.1,4.32,0.275,Palnadu,AP
2021-11-09,0.0,29.9,20.5,3.59,0.258,Palnadu,AP
2021-11-10,0.2,30.6,21.1,3.62,0.247,Palnadu,AP
2021-11-11,23.8,24.4,21.8,0.9,0.355,Palnadu,AP
2021-11-12,15.3,27.8,22.4,1.69,0.392,Palnadu,AP
2021-11-13,6.0,30.2,23.8,2.57,0.37,Palnadu,AP
2021-11-14,16.0,28.6,23.1,2.44,0.383,Palnadu,AP
2021-11-15,7.0,28.0,24.0,2.09,0.37,Palnadu,AP
2021-11-16,7.3,29.1,23.4,2.14,0.381,Palnadu,AP
2021-11-17,5.8,30.0,23.3,2.91,0.39,Palnadu,AP
2021-11-18,10.1,27.7,22.9,2.1,0.388,Palnadu,AP
2021-11-19,20.1,25.4,23.4,1.2,0.394,Palnadu,AP
2021-11-20,7.6,28.7,23.3,2.14,0.4,Palnadu,AP
2021-11-21,11.9,29.0,23.2,2.1,0.396,Palnadu,AP
2021-11-22,1.7,30.2,23.6,3.24,0.376,Palnadu,AP
2021-11-23,4.0,30.6,23.0,3.33,0.353,Palnadu,AP
2021-11-24,2.6,30.0,23.3,3.18,0.346,Palnadu,AP
2021-11-25,0.0,30.4,21.7,3.34,0.326,Palnadu,AP
2021-11-26,0.0,30.3,21.0,3.87,0.311,Palnadu,AP
2021-11-27,0.0,29.4,20.2,3.34,0.297,Palnadu,AP
2021-11-28,17.4,26.8,22.3,1.61,0.326,Palnadu,AP
2021-11-29,8.4,26.1,21.8,1.55,0.388,Palnadu,AP
2021-11-30,0.1,29.6,21.5,3.59,0.354,Palnadu,AP
2021-12-01,0.1,28.9,20.9,3.56,0.331,Palnadu,AP
2021-12-02,0.0,28.7,20.2,3.83,0.315,Palnadu,AP
2021-12-03,0.0,29.1,19.2,3.49,0.3,Palnadu,AP
2021-12-04,0.0,30.2,20.1,4.16,0.287,Palnadu,AP
2021-12-05,0.0,30.6,21.3,4.22,0.269,Palnadu,AP
2021-12-06,0.0,30.7,21.2,4.09,0.252,Palnadu,AP
2021-12-07,0.6,30.4,22.5,3.43,0.239,Palnadu,AP
2021-12-08,0.1,30.9,22.0,3.7,0.231,Palnadu,AP
2021-12-09,1.7,28.1,22.5,2.19,0.221,Palnadu,AP
2021-12-10,1.4,30.4,22.1,3.48,0.224,Palnadu,AP
2021-12-11,0.0,30.5,21.6,3.68,0.211,Palnadu,AP
2021-12-12,0.1,30.5,21.3,3.8,0.204,Palnadu,AP
2021-12-13,0.2,29.6,21.5,3.44,0.199,Palnadu,AP
2021-12-14,0.0,29.8,21.0,3.48,0.196,Palnadu,AP
2021-12-15,0.0,28.9,20.4,3.58,0.192,Palnadu,AP
2021-12-16,0.0,28.9,19.1,3.76,0.184,Palnadu,AP
2021-12-17,0.0,28.7,18.4,3.88,0.177,Palnadu,AP
2021-12-18,0.0,28.8,16.1,4.16,0.169,Palnadu,AP
2021-12-19,0.0,28.6,15.6,3.88,0.161,Palnadu,AP
2021-12-20,0.0,28.7,16.6,3.95,0.156,Palnadu,AP
2021-12-21,0.0,28.4,15.9,4.04,0.151,Palnadu,AP
2021-12-22,0.0,28.7,14.6,4.31,0.151,Palnadu,AP
2021-12-23,0.0,30.0,14.6,3.86,0.147,Palnadu,AP
2021-12-24,0.0,29.8,16.9,3.93,0.145,Palnadu,AP
2021-12-25,0.0,31.1,19.0,3.92,0.14,Palnadu,AP
2021-12-26,0.0,30.8,19.4,3.71,0.137,Palnadu,AP
2021-12-27,0.1,30.4,19.2,3.56,0.137,Palnadu,AP
2021-12-28,0.0,30.1,19.0,3.81,0.139,Palnadu,AP
2021-12-29,0.2,29.6,20.1,3.55,0.143,Palnadu,AP
2021-12-30,0.2,30.7,20.1,3.98,0.148,Palnadu,AP
2021-12-31,0.0,31.0,20.5,4.25,0.151,Palnadu,AP
2022-01-01,0.0,30.7,20.1,4.08,0.149,Palnadu,AP
2022-01-02,0.1,30.4,20.5,3.73,0.15,Palnadu,AP
2022-01-03,0.0,30.0,19.3,3.68,0.147,Palnadu,AP
2022-01-04,0.0,29.8,18.8,3.87,0.145,Palnadu,AP
2022-01-05,0.0,29.4,18.5,3.9,0.147,Palnadu,AP
2022-01-06,0.0,30.3,18.1,4.04,0.147,Palnadu,AP
2022-01-07,0.0,29.4,19.3,3.65,0.146,Palnadu,AP
2022-01-08,0.0,29.7,19.8,3.42,0.148,Palnadu,AP
2022-01-09,0.5,30.2,19.2,3.75,0.145,Palnadu,AP
2022-01-10,0.3,30.9,19.5,3.74,0.148,Palnadu,AP
2022-01-11,2.6,30.3,20.1,3.8,0.157,Palnadu,AP
2022-01-12,10.0,29.1,19.8,2.65,0.186,Palnadu,AP
2022-01-13,9.8,25.5,20.0,1.94,0.252,Palnadu,AP
2022-01-14,5.2,26.9,20.4,2.3,0.27,Palnadu,AP
2022-01-15,1.5,28.3,20.0,2.98,0.248,Palnadu,AP
2022-01-16,0.9,28.9,20.1,3.42,0.236,Palnadu,AP
2022-01-17,0.0,29.1,20.3,3.38,0.226,Palnadu,AP
2022-01-18,0.5,29.2,19.1,3.64,0.219,Palnadu,AP
2022-01-19,0.0,29.8,17.2,4.38,0.203,Palnadu,AP
2022-01-20,0.0,30.9,17.7,4.2,0.189,Palnadu,AP
2022-01-21,0.0,33.2,19.5,4.37,0.178,Palnadu,AP
2022-01-22,0.1,31.7,19.3,3.85,0.171,Palnadu,AP
2022-01-23,0.0,33.4,22.2,4.46,0.166,Palnadu,AP
2022-01-24,1.0,32.2,21.7,4.55,0.158,Palnadu,AP
2022-01-25,0.0,31.1,18.6,4.58,0.15,Palnadu,AP
2022-01-26,0.9,30.1,19.5,3.65,0.15,Palnadu,AP
2022-01-27,0.0,30.9,20.6,5.01,0.149,Palnadu,AP
2022-01-28,0.0,30.2,19.0,5.49,0.143,Palnadu,AP
2022-01-29,0.0,30.6,17.4,5.07,0.135,Palnadu,AP
2022-01-30,0.0,32.2,18.4,4.47,0.131,Palnadu,AP
2022-01-31,0.0,32.8,17.1,4.74,0.126,Palnadu,AP
2022-02-01,0.0,33.2,19.0,4.34,0.125,Palnadu,AP
2022-02-02,0.0,33.4,19.7,4.84,0.126,Palnadu,AP
2022-02-03,0.0,32.6,20.3,4.82,0.126,Palnadu,AP
2022-02-04,0.0,34.2,21.3,5.08,0.129,Palnadu,AP
2022-02-05,0.0,32.4,17.2,4.86,0.128,Palnadu,AP
2022-02-06,0.4,32.7,18.9,4.64,0.127,Palnadu,AP
2022-02-07,0.0,33.4,19.6,4.82,0.125,Palnadu,AP
2022-02-08,0.0,33.3,20.0,4.72,0.122,Palnadu,AP
2022-02-09,0.0,32.9,21.0,4.9,0.123,Palnadu,AP
2022-02-10,0.0,33.2,19.4,4.99,0.129,Palnadu,AP
2022-02-11,0.0,33.4,19.2,5.03,0.132,Palnadu,AP
2022-02-12,0.1,33.0,21.0,4.79,0.136,Palnadu,AP
2022-02-13,0.0,33.1,19.8,4.62,0.134,Palnadu,AP
2022-02-14,0.0,33.6,20.8,4.81,0.136,Palnadu,AP
2022-02-15,0.0,33.2,20.1,5.09,0.136,Palnadu,AP
2022-02-16,0.0,33.6,20.0,5.09,0.139,Palnadu,AP
2022-02-17,0.0,32.1,19.8,4.77,0.145,Palnadu,AP
2022-02-18,0.1,33.8,19.5,4.99,0.143,Palnadu,AP
2022-02-19,0.0,33.8,19.9,4.96,0.141,Palnadu,AP
2022-02-20,0.0,36.0,19.9,5.69,0.145,Palnadu,AP
2022-02-21,0.0,36.8,21.3,5.24,0.143,Palnadu,AP
2022-02-22,0.0,35.8,23.1,5.08,0.139,Palnadu,AP
2022-02-23,0.3,33.9,22.8,5.04,0.134,Palnadu,AP
2022-02-24,0.1,33.9,20.8,5.29,0.124,Palnadu,AP
2022-02-25,0.0,35.3,19.3,5.73,0.127,Palnadu,AP
2022-02-26,0.0,34.0,19.3,5.37,0.132,Palnadu,AP
2022-02-27,0.0,34.3,20.0,5.43,0.131,Palnadu,AP
2022-02-28,0.0,35.4,18.7,5.75,0.132,Palnadu,AP
2022-03-01,0.0,36.3,20.0,5.84,0.134,Palnadu,AP
2022-03-02,0.0,36.0,19.5,5.74,0.133,Palnadu,AP
2022-03-03,0.0,36.1,20.1,5.93,0.133,Palnadu,AP
2022-03-04,0.0,36.3,20.0,6.08,0.133,Palnadu,AP
2022-03-05,0.0,36.1,20.5,5.94,0.131,Palnadu,AP
2022-03-06,0.0,35.4,21.8,5.76,0.13,Palnadu,AP
2022-03-07,0.0,35.3,21.3,5.3,0.129,Palnadu,AP
2022-03-08,0.2,36.0,22.0,5.13,0.127,Palnadu,AP
2022-03-09,0.0,36.7,23.2,5.83,0.127,Palnadu,AP
2022-03-10,0.0,37.4,21.9,5.85,0.122,Palnadu,AP
2022-03-11,0.0,37.8,21.9,5.8,0.121,Palnadu,AP
2022-03-12,0.0,37.4,21.6,5.86,0.122,Palnadu,AP
2022-03-13,0.0,38.2,22.4,6.1,0.123,Palnadu,AP
2022-03-14,0.0,38.2,22.7,5.92,0.126,Palnadu,AP
2022-03-15,0.0,39.2,21.9,6.37,0.126,Palnadu,AP
2022-03-16,0.0,40.7,21.9,6.78,0.126,Palnadu,AP
2022-03-17,0.0,41.6,22.8,6.51,0.124,Palnadu,AP
2022-03-18,0.0,38.4,23.0,6.39,0.123,Palnadu,AP
2022-03-19,0.0,38.3,25.0,5.93,0.119,Palnadu,AP
2022-03-20,1.2,38.2,26.1,5.07,0.124,Palnadu,AP
2022-03-21,1.0,37.6,27.0,4.48,0.129,Palnadu,AP
2022-03-22,0.2,37.5,26.2,4.97,0.128,Palnadu,AP
2022-03-23,0.1,37.3,26.8,4.94,0.131,Palnadu,AP
2022-03-24,0.1,36.9,25.8,5.44,0.132,Palnadu,AP
2022-03-25,0.1,37.8,25.2,5.65,0.138,Palnadu,AP
2022-03-26,0.1,38.0,25.2,6.03,0.139,Palnadu,AP
2022-03-27,0.1,38.4,25.8,5.77,0.138,Palnadu,AP
2022-03-28,0.6,38.7,26.0,5.8,0.141,Palnadu,AP
2022-03-29,0.0,40.8,25.5,6.06,0.142,Palnadu,AP
2022-03-30,0.0,40.6,25.6,5.93,0.142,Palnadu,AP
2022-03-31,0.0,38.8,26.4,6.22,0.138,Palnadu,AP
2022-04-01,0.0,37.2,26.2,6.42,0.142,Palnadu,AP
2022-04-02,0.0,36.8,26.0,6.34,0.145,Palnadu,AP
2022-04-03,0.1,37.4,25.9,6.37,0.147,Palnadu,AP
2022-04-04,0.0,37.4,25.9,6.51,0.143,Palnadu,AP
2022-04-05,0.0,37.5,25.5,6.4,0.139,Palnadu,AP
2022-04-06,0.0,38.3,25.1,6.25,0.134,Palnadu,AP
2022-04-07,0.0,38.8,25.3,6.06,0.131,Palnadu,AP
2022-04-08,0.0,37.5,24.6,6.19,0.128,Palnadu,AP
2022-04-09,0.0,37.8,25.5,5.91,0.131,Palnadu,AP
2022-04-10,0.0,37.8,25.1,5.79,0.136,Palnadu,AP
2022-04-11,0.0,38.6,24.9,6.1,0.136,Palnadu,AP
2022-04-12,0.0,38.2,25.4,6.61,0.134,Palnadu,AP
2022-04-13,0.0,38.4,25.6,6.39,0.136,Palnadu,AP
2022-04-14,0.0,39.1,26.3,6.32,0.132,Palnadu,AP
2022-04-15,0.3,39.6,25.9,5.33,0.131,Palnadu,AP
2022-04-16,0.0,37.0,27.3,4.4,0.137,Palnadu,AP
2022-04-17,0.0,36.3,26.9,3.92,0.138,Palnadu,AP
2022-04-18,0.1,39.2,26.8,5.84,0.134,Palnadu,AP
2022-04-19,0.0,40.2,26.9,6.23,0.129,Palnadu,AP
2022-04-20,0.0,39.6,26.7,6.1,0.13,Palnadu,AP
2022-04-21,0.0,37.7,26.9,6.7,0.131,Palnadu,AP
2022-04-22,0.0,38.5,25.9,6.58,0.13,Palnadu,AP
2022-04-23,0.6,38.7,26.3,5.62,0.127,Palnadu,AP
2022-04-24,0.0,40.6,26.4,5.82,0.128,Palnadu,AP
2022-04-25,0.0,40.7,26.7,6.9,0.134,Palnadu,AP
2022-04-26,0.0,40.3,26.7,6.39,0.136,Palnadu,AP
2022-04-27,0.0,40.3,26.6,6.55,0.131,Palnadu,AP
2022-04-28,0.0,40.3,26.7,7.08,0.126,Palnadu,AP
2022-04-29,0.0,41.4,26.1,6.33,0.122,Palnadu,AP
2022-04-30,0.0,42.0,26.8,6.64,0.126,Palnadu,AP
2022-05-01,0.0,41.7,27.2,6.53,0.128,Palnadu,AP
2022-05-02,0.0,42.8,27.8,6.33,0.13,Palnadu,AP
2022-05-03,0.2,40.1,28.0,6.32,0.128,Palnadu,AP
2022-05-04,0.5,37.5,28.0,4.83,0.135,Palnadu,AP
2022-05-05,2.8,37.2,27.5,5.26,0.149,Palnadu,AP
2022-05-06,0.4,39.8,27.2,6.02,0.136,Palnadu,AP
2022-05-07,0.0,40.5,26.8,6.33,0.134,Palnadu,AP
2022-05-08,0.2,37.1,28.4,4.66,0.132,Palnadu,AP
2022-05-09,0.0,40.1,27.4,6.76,0.134,Palnadu,AP
2022-05-10,21.8,35.2,25.6,3.19,0.155,Palnadu,AP
2022-05-11,51.0,27.6,25.0,1.53,0.401,Palnadu,AP
2022-05-12,5.0,32.3,25.5,3.99,0.401,Palnadu,AP
2022-05-13,0.4,33.2,24.8,4.22,0.377,Palnadu,AP
2022-05-14,0.1,35.4,25.8,5.13,0.346,Palnadu,AP
2022-05-15,0.1,35.8,27.0,5.55,0.315,Palnadu,AP
2022-05-16,0.5,35.0,26.8,5.25,0.293,Palnadu,AP
2022-05-17,0.4,35.1,27.3,5.41,0.272,Palnadu,AP
2022-05-18,1.2,34.1,27.2,4.74,0.255,Palnadu,AP
2022-05-19,0.7,34.6,27.1,5.34,0.246,Palnadu,AP
2022-05-20,1.5,34.6,26.5,5.06,0.232,Palnadu,AP
2022-05-21,0.1,36.4,25.8,6.53,0.224,Palnadu,AP
2022-05-22,0.0,37.7,28.0,8.28,0.2,Palnadu,AP
2022-05-23,0.0,38.5,28.8,8.11,0.179,Palnadu,AP
2022-05-24,0.0,39.7,28.8,7.67,0.162,Palnadu,AP
2022-05-25,3.9,39.7,26.4,6.57,0.159,Palnadu,AP
2022-05-26,0.0,40.1,27.8,6.85,0.152,Palnadu,AP
2022-05-27,0.0,39.4,27.3,7.47,0.146,Palnadu,AP
2022-05-28,0.0,39.9,28.6,8.54,0.145,Palnadu,AP
2022-05-29,0.0,40.2,30.8,8.51,0.142,Palnadu,AP
2022-05-30,0.2,41.1,28.4,7.29,0.138,Palnadu,AP
2022-05-31,0.2,39.0,30.0,7.65,0.138,Palnadu,AP
2022-06-01,0.0,40.6,29.8,7.45,0.137,Palnadu,AP
2022-06-02,0.0,42.3,30.0,8.12,0.133,Palnadu,AP
2022-06-03,0.0,43.4,29.5,8.18,0.132,Palnadu,AP
2022-06-04,0.0,43.3,30.3,7.74,0.133,Palnadu,AP
2022-06-05,0.0,42.6,28.9,6.69,0.136,Palnadu,AP
2022-06-06,0.0,40.1,29.2,6.01,0.145,Palnadu,AP
2022-06-07,0.0,41.0,29.0,7.27,0.151,Palnadu,AP
2022-06-08,0.0,41.3,31.1,8.38,0.147,Palnadu,AP
2022-06-09,0.0,40.4,30.2,8.38,0.144,Palnadu,AP
2022-06-10,0.0,40.0,31.5,7.42,0.139,Palnadu,AP
2022-06-11,0.0,39.4,30.3,6.94,0.141,Palnadu,AP
2022-06-12,1.0,38.9,29.6,6.26,0.159,Palnadu,AP
2022-06-13,0.0,37.5,28.3,5.89,0.157,Palnadu,AP
2022-06-14,1.4,39.3,27.6,6.59,0.152,Palnadu,AP
2022-06-15,2.1,37.9,24.9,5.89,0.149,Palnadu,AP
2022-06-16,16.9,36.8,25.5,5.57,0.179,Palnadu,AP
2022-06-17,0.7,36.8,24.8,6.02,0.186,Palnadu,AP
2022-06-18,1.5,36.6,27.4,5.7,0.161,Palnadu,AP
2022-06-19,6.1,35.7,26.4,4.97,0.159,Palnadu,AP
2022-06-20,6.3,36.3,25.6,4.81,0.17,Palnadu,AP
2022-06-21,6.0,35.4,27.0,4.23,0.181,Palnadu,AP
2022-06-22,0.0,33.9,26.1,4.03,0.262,Palnadu,AP
2022-06-23,1.7,36.5,27.4,5.2,0.242,Palnadu,AP
2022-06-24,0.1,35.2,28.2,4.68,0.212,Palnadu,AP
2022-06-25,0.8,35.4,26.6,4.6,0.204,Palnadu,AP
2022-06-26,1.4,32.7,25.7,4.48,0.208,Palnadu,AP
2022-06-27,0.9,33.8,24.9,3.78,0.29,Palnadu,AP
2022-06-28,8.4,33.7,24.5,4.37,0.34,Palnadu,AP
2022-06-29,17.4,32.9,24.1,3.51,0.367,Palnadu,AP
2022-06-30,5.3,34.7,26.1,5.02,0.325,Palnadu,AP
2022-07-01,5.9,35.2,25.2,5.47,0.332,Palnadu,AP
2022-07-02,7.8,34.8,24.9,5.34,0.364,Palnadu,AP
2022-07-03,0.9,34.7,25.6,4.84,0.338,Palnadu,AP
2022-07-04,9.3,32.6,24.4,3.38,0.37,Palnadu,AP
2022-07-05,19.3,33.0,25.4,3.66,0.36,Palnadu,AP
2022-07-06,5.4,30.6,24.9,3.55,0.399,Palnadu,AP
2022-07-07,8.8,32.1,25.0,4.09,0.373,Palnadu,AP
2022-07-08,37.2,27.9,24.5,1.54,0.425,Palnadu,AP
2022-07-09,21.8,29.1,24.1,2.06,0.418,Palnadu,AP
2022-07-10,27.1,27.8,23.7,1.88,0.421,Palnadu,AP
2022-07-11,14.0,28.5,24.1,2.39,0.411,Palnadu,AP
2022-07-12,18.8,29.8,23.7,3.37,0.421,Palnadu,AP
2022-07-13,6.3,29.9,23.5,2.98,0.404,Palnadu,AP
2022-07-14,0.4,31.8,24.7,5.18,0.383,Palnadu,AP
2022-07-15,0.0,32.5,26.6,5.47,0.358,Palnadu,AP
2022-07-16,0.7,33.6,26.7,5.52,0.331,Palnadu,AP
2022-07-17,17.8,29.4,24.8,1.51,0.378,Palnadu,AP
2022-07-18,16.1,31.4,24.7,3.15,0.395,Palnadu,AP
2022-07-19,0.0,33.3,24.5,5.48,0.368,Palnadu,AP
2022-07-20,1.3,33.5,25.2,5.15,0.342,Palnadu,AP
2022-07-21,7.1,33.6,25.6,4.99,0.343,Palnadu,AP
2022-07-22,2.2,29.9,25.9,2.28,0.367,Palnadu,AP
2022-07-23,2.5,29.0,24.6,2.33,0.384,Palnadu,AP
2022-07-24,0.9,32.8,24.6,4.6,0.36,Palnadu,AP
2022-07-25,1.7,32.3,25.2,4.04,0.341,Palnadu,AP
2022-07-26,17.0,30.6,24.3,3.01,0.389,Palnadu,AP
2022-07-27,0.8,32.2,23.7,4.71,0.382,Palnadu,AP
2022-07-28,1.2,32.8,24.5,4.89,0.361,Palnadu,AP
2022-07-29,5.2,33.3,25.5,4.83,0.349,Palnadu,AP
2022-07-30,1.4,32.4,25.3,4.57,0.36,Palnadu,AP
2022-07-31,0.7,33.4,25.5,4.94,0.33,Palnadu,AP
2022-08-01,12.2,33.2,24.9,4.38,0.348,Palnadu,AP
2022-08-02,33.1,32.2,23.9,3.84,0.388,Palnadu,AP
2022-08-03,10.4,32.2,24.1,4.32,0.392,Palnadu,AP
2022-08-04,0.1,31.1,25.3,3.21,0.374,Palnadu,AP
2022-08-05,17.7,30.6,25.0,2.75,0.38,Palnadu,AP
2022-08-06,0.5,30.9,24.9,2.81,0.372,Palnadu,AP
2022-08-07,22.7,30.0,24.6,2.71,0.396,Palnadu,AP
2022-08-08,16.2,27.9,24.2,1.9,0.419,Palnadu,AP
2022-08-09,11.0,29.6,24.0,2.55,0.416,Palnadu,AP
2022-08-10,0.3,32.3,23.9,5.8,0.391,Palnadu,AP
2022-08-11,0.2,32.7,25.2,5.45,0.369,Palnadu,AP
2022-08-12,0.0,33.2,26.9,5.72,0.344,Palnadu,AP
2022-08-13,0.0,32.8,26.6,5.21,0.327,Palnadu,AP
2022-08-14,7.4,30.1,24.7,2.74,0.357,Palnadu,AP
2022-08-15,8.5,31.8,24.0,4.04,0.354,Palnadu,AP
2022-08-16,1.0,33.4,23.9,5.17,0.357,Palnadu,AP
2022-08-17,0.1,33.8,25.3,5.24,0.317,Palnadu,AP
2022-08-18,0.1,33.4,25.6,5.29,0.288,Palnadu,AP
2022-08-19,2.2,32.9,24.2,4.11,0.283,Palnadu,AP
2022-08-20,0.0,33.9,27.1,6.21,0.268,Palnadu,AP
2022-08-21,0.0,34.1,27.0,6.04,0.252,Palnadu,AP
2022-08-22,0.2,34.2,26.7,6.23,0.234,Palnadu,AP
2022-08-23,0.0,34.5,26.3,5.66,0.218,Palnadu,AP
2022-08-24,1.6,33.5,25.3,4.42,0.218,Palnadu,AP
2022-08-25,11.9,33.7,24.6,5.3,0.247,Palnadu,AP
2022-08-26,7.3,33.8,23.9,5.08,0.247,Palnadu,AP
2022-08-27,5.6,34.5,23.5,5.4,0.213,Palnadu,AP
2022-08-28,14.3,33.4,23.8,4.7,0.313,Palnadu,AP
2022-08-29,10.2,32.6,24.9,3.96,0.356,Palnadu,AP
2022-08-30,22.5,32.0,23.5,4.39,0.348,Palnadu,AP
2022-08-31,1.3,31.1,24.8,3.92,0.332,Palnadu,AP
2022-09-01,1.9,32.0,25.0,4.16,0.339,Palnadu,AP
2022-09-02,2.2,31.9,24.2,4.28,0.326,Palnadu,AP
2022-09-03,0.5,33.4,24.1,5.02,0.3,Palnadu,AP
2022-09-04,0.0,34.0,25.4,5.14,0.273,Palnadu,AP
2022-09-05,16.1,33.7,24.4,5.05,0.324,Palnadu,AP
2022-09-06,6.7,33.2,24.3,4.68,0.356,Palnadu,AP
2022-09-07,12.1,31.7,25.0,2.75,0.359,Palnadu,AP
2022-09-08,24.4,28.4,24.2,1.61,0.394,Palnadu,AP
2022-09-09,30.8,29.2,23.6,2.07,0.42,Palnadu,AP
2022-09-10,16.3,29.2,24.7,2.04,0.422,Palnadu,AP
2022-09-11,2.9,30.1,24.2,3.15,0.407,Palnadu,AP
2022-09-12,0.1,31.5,26.3,4.28,0.382,Palnadu,AP
2022-09-13,0.0,32.7,26.1,4.72,0.363,Palnadu,AP
2022-09-14,0.2,32.7,25.6,5.03,0.347,Palnadu,AP
2022-09-15,0.0,33.3,25.2,5.32,0.329,Palnadu,AP
2022-09-16,0.2,33.9,25.6,5.56,0.309,Palnadu,AP
2022-09-17,0.2,33.4,25.8,5.45,0.288,Palnadu,AP
2022-09-18,0.0,33.5,26.2,5.57,0.264,Palnadu,AP
2022-09-19,0.4,30.5,26.4,3.13,0.251,Palnadu,AP
2022-09-20,0.3,31.7,25.2,3.83,0.252,Palnadu,AP
2022-09-21,0.0,33.6,25.0,5.35,0.241,Palnadu,AP
2022-09-22,3.0,33.0,25.5,4.38,0.238,Palnadu,AP
2022-09-23,0.4,32.7,24.4,5.34,0.231,Palnadu,AP
2022-09-24,0.4,32.9,23.5,5.14,0.219,Palnadu,AP
2022-09-25,0.1,33.6,25.2,5.27,0.205,Palnadu,AP
2022-09-26,10.3,33.1,23.8,3.67,0.221,Palnadu,AP
2022-09-27,8.7,32.6,23.4,4.46,0.347,Palnadu,AP
2022-09-28,26.4,32.4,24.0,3.85,0.384,Palnadu,AP
2022-09-29,13.6,30.7,23.5,2.62,0.39,Palnadu,AP
2022-09-30,19.8,29.9,24.3,2.63,0.406,Palnadu,AP
2022-10-01,13.5,29.7,24.4,2.07,0.416,Palnadu,AP
2022-10-02,0.0,32.6,25.5,4.86,0.383,Palnadu,AP
2022-10-03,0.0,33.0,25.9,5.31,0.359,Palnadu,AP
2022-10-04,0.6,32.1,26.1,4.61,0.342,Palnadu,AP
2022-10-05,9.6,30.1,24.1,3.09,0.354,Palnadu,AP
2022-10-06,19.6,28.0,23.3,2.21,0.412,Palnadu,AP
2022-10-07,4.6,31.0,23.6,3.9,0.391,Palnadu,AP
2022-10-08,8.8,28.7,23.5,2.5,0.386,Palnadu,AP
2022-10-09,21.4,28.1,23.5,1.89,0.391,Palnadu,AP
2022-10-10,6.0,29.4,23.2,2.71,0.408,Palnadu,AP
2022-10-11,10.7,29.6,22.9,3.02,0.405,Palnadu,AP
2022-10-12,2.2,30.0,22.8,3.36,0.381,Palnadu,AP
2022-10-13,11.9,31.1,22.9,3.59,0.382,Palnadu,AP
2022-10-14,20.6,29.9,23.4,3.33,0.396,Palnadu,AP
2022-10-15,24.8,28.6,22.8,2.3,0.424,Palnadu,AP
2022-10-16,6.4,28.8,23.2,2.69,0.415,Palnadu,AP
2022-10-17,1.4,30.6,23.0,3.45,0.398,Palnadu,AP
2022-10-18,2.3,31.2,23.6,4.11,0.377,Palnadu,AP
2022-10-19,14.1,30.6,22.9,3.61,0.377,Palnadu,AP
2022-10-20,4.8,30.2,22.9,3.23,0.395,Palnadu,AP
2022-10-21,0.4,31.3,23.0,4.4,0.373,Palnadu,AP
2022-10-22,0.1,30.5,21.8,4.55,0.353,Palnadu,AP
2022-10-23,0.0,30.4,20.7,5.43,0.333,Palnadu,AP
2022-10-24,0.0,30.5,21.8,5.55,0.316,Palnadu,AP
2022-10-25,0.0,30.5,19.6,5.1,0.297,Palnadu,AP
2022-10-26,0.0,31.1,20.1,4.84,0.278,Palnadu,AP
2022-10-27,0.0,30.8,22.4,4.23,0.268,Palnadu,AP
2022-10-28,0.0,30.3,21.0,3.7,0.251,Palnadu,AP
2022-10-29,0.2,30.6,22.1,4.36,0.254,Palnadu,AP
2022-10-30,0.0,30.2,20.0,4.74,0.245,Palnadu,AP
2022-10-31,0.0,30.2,19.9,4.52,0.233,Palnadu,AP
2022-11-01,11.9,26.7,22.4,1.43,0.276,Palnadu,AP
2022-11-02,0.9,29.0,22.1,2.04,0.323,Palnadu,AP
2022-11-03,2.8,30.3,23.5,2.81,0.32,Palnadu,AP
2022-11-04,0.9,30.9,22.4,3.14,0.297,Palnadu,AP
2022-11-05,1.0,30.7,23.0,3.86,0.283,Palnadu,AP
2022-11-06,0.1,30.8,21.7,4.25,0.269,Palnadu,AP
2022-11-07,0.0,30.7,20.8,4.34,0.254,Palnadu,AP
2022-11-08,0.0,31.1,20.4,4.3,0.241,Palnadu,AP
2022-11-09,0.0,30.9,21.2,4.24,0.232,Palnadu,AP
2022-11-10,0.0,30.9,21.6,3.99,0.22,Palnadu,AP
2022-11-11,0.0,31.1,22.2,4.53,0.211,Palnadu,AP
2022-11-12,2.9,30.2,23.4,3.46,0.213,Palnadu,AP
2022-11-13,0.2,30.7,23.0,3.86,0.216,Palnadu,AP
2022-11-14,0.0,30.7,22.4,4.06,0.209,Palnadu,AP
2022-11-15,0.0,30.8,21.4,4.0,0.202,Palnadu,AP
2022-11-16,0.0,30.3,19.6,4.23,0.197,Palnadu,AP
2022-11-17,0.0,30.3,17.5,4.58,0.192,Palnadu,AP
2022-11-18,0.0,30.1,17.1,4.55,0.186,Palnadu,AP
2022-11-19,0.0,29.2,18.4,4.38,0.183,Palnadu,AP
2022-11-20,0.0,29.1,18.3,4.68,0.18,Palnadu,AP
2022-11-21,2.9,26.5,21.5,2.52,0.214,Palnadu,AP
2022-11-22,12.2,28.4,21.2,2.22,0.296,Palnadu,AP
2022-11-23,2.0,29.2,22.7,2.76,0.302,Palnadu,AP
2022-11-24,0.8,30.1,21.7,3.29,0.283,Palnadu,AP
2022-11-25,2.3,29.8,23.1,2.85,0.269,Palnadu,AP
2022-11-26,0.4,30.5,22.1,3.53,0.261,Palnadu,AP
2022-11-27,0.0,30.2,21.3,3.84,0.244,Palnadu,AP
2022-11-28,0.4,29.4,19.7,3.46,0.234,Palnadu,AP
2022-11-29,0.0,29.1,18.1,3.89,0.224,Palnadu,AP
2022-11-30,0.0,29.4,17.9,3.34,0.215,Palnadu,AP
2022-12-01,0.2,30.4,21.8,3.39,0.21,Palnadu,AP
2022-12-02,0.7,30.4,22.0,3.22,0.206,Palnadu,AP
2022-12-03,1.1,31.1,21.9,3.38,0.204,Palnadu,AP
2022-12-04,0.4,31.4,21.9,3.73,0.204,Palnadu,AP
2022-12-05,0.4,30.6,22.6,3.52,0.201,Palnadu,AP
2022-12-06,0.0,30.8,20.5,3.85,0.194,Palnadu,AP
2022-12-07,0.0,30.7,18.8,4.33,0.189,Palnadu,AP
2022-12-08,0.0,29.3,19.3,4.38,0.185,Palnadu,AP
2022-12-09,14.7,27.8,21.2,3.18,0.205,Palnadu,AP
2022-12-10,37.0,25.4,20.5,1.72,0.354,Palnadu,AP
2022-12-11,8.9,27.4,22.0,2.27,0.389,Palnadu,AP
2022-12-12,11.5,28.5,22.3,2.45,0.39,Palnadu,AP
2022-12-13,3.6,27.9,22.1,2.39,0.383,Palnadu,AP
2022-12-14,0.1,29.9,21.4,3.47,0.356,Palnadu,AP
2022-12-15,0.0,29.1,20.3,3.5,0.335,Palnadu,AP
2022-12-16,0.0,30.4,20.3,3.64,0.32,Palnadu,AP
2022-12-17,0.4,29.7,20.7,3.4,0.306,Palnadu,AP
2022-12-18,0.2,29.4,21.5,3.43,0.297,Palnadu,AP
2022-12-19,0.0,28.3,19.3,3.48,0.288,Palnadu,AP
2022-12-20,0.0,28.9,18.5,3.6,0.275,Palnadu,AP
2022-12-21,0.0,29.2,17.9,3.34,0.266,Palnadu,AP
2022-12-22,0.0,29.1,19.1,3.47,0.258,Palnadu,AP
2022-12-23,0.0,29.4,17.4,3.84,0.249,Palnadu,AP
2022-12-24,0.0,29.7,16.5,3.68,0.239,Palnadu,AP
2022-12-25,1.3,30.0,19.8,3.31,0.233,Palnadu,AP
2022-12-26,1.1,29.2,22.0,2.55,0.238,Palnadu,AP
2022-12-27,1.5,30.4,21.2,3.2,0.234,Palnadu,AP
2022-12-28,0.0,30.9,22.6,3.36,0.229,Palnadu,AP
2022-12-29,0.1,31.4,21.5,3.62,0.22,Palnadu,AP
2022-12-30,0.0,31.7,21.1,3.69,0.209,Palnadu,AP
2022-12-31,0.0,31.3,19.5,3.82,0.2,Palnadu,AP
2023-01-01,0.0,31.1,20.0,3.76,0.193,Palnadu,AP
2023-01-02,0.3,30.4,20.7,3.58,0.188,Palnadu,AP
2023-01-03,0.1,30.2,20.2,3.71,0.184,Palnadu,AP
2023-01-04,0.4,29.8,21.0,3.6,0.18,Palnadu,AP
2023-01-05,0.9,28.9,21.0,3.09,0.178,Palnadu,AP
2023-01-06,0.0,30.1,20.6,3.72,0.18,Palnadu,AP
2023-01-07,0.1,30.5,20.1,3.88,0.176,Palnadu,AP
2023-01-08,0.0,28.9,16.8,4.55,0.174,Palnadu,AP
2023-01-09,0.0,28.8,15.7,3.79,0.171,Palnadu,AP
2023-01-10,0.0,30.1,16.2,3.97,0.167,Palnadu,AP
2023-01-11,0.0,30.6,16.9,3.89,0.161,Palnadu,AP
2023-01-12,0.0,30.8,17.3,4.0,0.157,Palnadu,AP
2023-01-13,0.0,30.7,18.1,4.02,0.154,Palnadu,AP
2023-01-14,0.0,30.7,18.2,4.02,0.148,Palnadu,AP
2023-01-15,0.0,31.2,17.7,4.13,0.143,Palnadu,AP
2023-01-16,0.0,31.1,18.4,4.3,0.141,Palnadu,AP
2023-01-17,0.0,30.8,18.1,4.35,0.135,Palnadu,AP
2023-01-18,0.0,31.1,18.4,4.37,0.134,Palnadu,AP
2023-01-19,0.0,30.9,18.1,4.11,0.137,Palnadu,AP
2023-01-20,0.0,30.8,19.1,3.78,0.138,Palnadu,AP
2023-01-21,0.0,31.4,19.7,4.0,0.139,Palnadu,AP
2023-01-22,0.0,30.9,19.7,3.95,0.142,Palnadu,AP
2023-01-23,0.0,31.8,19.0,4.34,0.146,Palnadu,AP
2023-01-24,0.0,31.2,18.9,4.48,0.145,Palnadu,AP
2023-01-25,0.0,31.3,17.8,4.3,0.14,Palnadu,AP
2023-01-26,0.0,31.4,17.7,4.32,0.139,Palnadu,AP
2023-01-27,0.0,32.2,17.8,4.43,0.141,Palnadu,AP
2023-01-28,0.0,32.7,17.2,4.74,0.142,Palnadu,AP
2023-01-29,0.1,32.3,18.7,4.65,0.143,Palnadu,AP
2023-01-30,0.1,32.2,20.9,4.46,0.141,Palnadu,AP
2023-01-31,0.0,33.0,19.8,4.6,0.14,Palnadu,AP
2023-02-01,0.0,33.4,19.3,4.77,0.141,Palnadu,AP
2023-02-02,0.0,33.0,19.3,4.95,0.146,Palnadu,AP
2023-02-03,0.0,32.9,20.5,4.45,0.151,Palnadu,AP
2023-02-04,0.0,33.1,20.2,4.47,0.149,Palnadu,AP
2023-02-05,0.0,33.3,19.5,4.56,0.148,Palnadu,AP
2023-02-06,0.0,32.5,19.5,4.51,0.15,Palnadu,AP
2023-02-07,0.0,33.5,20.6,4.64,0.15,Palnadu,AP
2023-02-08,0.0,34.1,20.2,4.55,0.154,Palnadu,AP
2023-02-09,0.0,33.7,20.1,4.65,0.154,Palnadu,AP
2023-02-10,0.0,35.1,20.3,5.06,0.153,Palnadu,AP
2023-02-11,0.0,35.1,19.1,4.96,0.152,Palnadu,AP
2023-02-12,0.0,36.1,19.6,5.16,0.148,Palnadu,AP
2023-02-13,0.0,35.4,19.3,5.93,0.143,Palnadu,AP
2023-02-14,0.0,34.5,19.1,5.51,0.139,Palnadu,AP
2023-02-15,0.0,35.6,17.1,5.79,0.136,Palnadu,AP
2023-02-16,0.0,35.7,18.4,5.25,0.134,Palnadu,AP
2023-02-17,0.0,34.5,20.5,4.87,0.131,Palnadu,AP
2023-02-18,0.0,33.7,20.1,4.78,0.131,Palnadu,AP
2023-02-19,0.0,33.4,20.2,4.72,0.131,Palnadu,AP
2023-02-20,0.0,34.7,20.4,5.2,0.131,Palnadu,AP
2023-02-21,0.0,35.7,20.5,5.25,0.13,Palnadu,AP
2023-02-22,0.0,35.7,20.9,5.42,0.129,Palnadu,AP
2023-02-23,0.0,35.3,21.6,5.48,0.128,Palnadu,AP
2023-02-24,0.0,35.8,20.9,5.44,0.131,Palnadu,AP
2023-02-25,0.0,36.6,20.3,5.47,0.127,Palnadu,AP
2023-02-26,0.0,35.4,20.3,5.96,0.126,Palnadu,AP
2023-02-27,0.0,35.2,20.4,5.78,0.123,Palnadu,AP
2023-02-28,0.0,35.3,19.5,5.83,0.125,Palnadu,AP
2023-03-01,0.0,35.6,20.9,5.89,0.125,Palnadu,AP
2023-03-02,0.0,35.9,19.2,6.01,0.125,Palnadu,AP
2023-03-03,0.0,36.7,19.2,6.48,0.124,Palnadu,AP
2023-03-04,0.0,36.8,20.9,6.36,0.124,Palnadu,AP
2023-03-05,0.0,36.7,20.1,6.06,0.125,Palnadu,AP
2023-03-06,0.0,37.0,21.1,6.83,0.123,Palnadu,AP
2023-03-07,0.0,35.7,19.6,5.07,0.123,Palnadu,AP
2023-03-08,0.0,36.4,20.9,6.0,0.12,Palnadu,AP
2023-03-09,0.0,35.7,20.2,5.45,0.123,Palnadu,AP
2023-03-10,0.0,36.1,21.1,5.77,0.122,Palnadu,AP
2023-03-11,0.0,36.5,21.2,5.79,0.123,Palnadu,AP
2023-03-12,0.0,36.3,21.3,5.7,0.12,Palnadu,AP
2023-03-13,0.0,37.2,20.3,5.95,0.126,Palnadu,AP
2023-03-14,0.0,37.5,20.1,6.28,0.131,Palnadu,AP
2023-03-15,0.4,37.1,22.5,5.68,0.135,Palnadu,AP
2023-03-16,6.2,32.7,25.0,3.82,0.17,Palnadu,AP
2023-03-17,58.0,27.2,21.7,2.08,0.328,Palnadu,AP
2023-03-18,52.7,28.4,21.3,2.72,0.359,Palnadu,AP
2023-03-19,33.4,29.7,20.3,3.79,0.4,Palnadu,AP
2023-03-20,2.1,30.4,21.9,4.25,0.368,Palnadu,AP
2023-03-21,1.9,32.5,23.2,4.47,0.35,Palnadu,AP
2023-03-22,3.0,33.1,23.4,4.74,0.327,Palnadu,AP
2023-03-23,2.1,33.4,24.6,4.2,0.302,Palnadu,AP
2023-03-24,4.4,34.2,24.6,4.83,0.289,Palnadu,AP
2023-03-25,2.3,33.7,25.2,5.04,0.268,Palnadu,AP
2023-03-26,1.1,33.4,25.5,4.23,0.257,Palnadu,AP
2023-03-27,3.3,33.2,25.6,4.69,0.257,Palnadu,AP
2023-03-28,5.0,34.5,25.4,4.89,0.249,Palnadu,AP
2023-03-29,1.1,34.6,25.2,5.34,0.243,Palnadu,AP
2023-03-30,0.1,34.3,24.4,5.4,0.228,Palnadu,AP
2023-03-31,1.9,36.0,24.7,5.35,0.225,Palnadu,AP
2023-04-01,3.2,33.5,25.3,4.72,0.254,Palnadu,AP
2023-04-02,2.2,34.1,25.6,4.45,0.261,Palnadu,AP
2023-04-03,1.3,34.8,25.6,5.02,0.239,Palnadu,AP
2023-04-04,0.2,35.3,26.3,5.37,0.219,Palnadu,AP
2023-04-05,0.3,36.2,25.6,5.47,0.205,Palnadu,AP
2023-04-06,0.2,36.9,25.9,5.75,0.193,Palnadu,AP
2023-04-07,0.0,36.5,25.4,6.22,0.18,Palnadu,AP
2023-04-08,0.0,37.7,23.7,6.1,0.165,Palnadu,AP
2023-04-09,0.0,37.9,22.4,6.16,0.154,Palnadu,AP
2023-04-10,0.0,38.9,22.0,6.82,0.147,Palnadu,AP
2023-04-11,0.0,39.2,22.2,7.07,0.142,Palnadu,AP
2023-04-12,0.0,40.8,25.1,7.97,0.138,Palnadu,AP
2023-04-13,0.0,41.7,25.2,7.61,0.134,Palnadu,AP
2023-04-14,0.0,41.9,26.1,7.74,0.134,Palnadu,AP
2023-04-15,0.0,41.0,25.7,7.24,0.137,Palnadu,AP
2023-04-16,0.0,41.2,26.0,6.45,0.141,Palnadu,AP
2023-04-17,0.0,41.5,25.9,8.31,0.137,Palnadu,AP
2023-04-18,0.0,41.3,25.4,7.57,0.135,Palnadu,AP
2023-04-19,0.0,41.8,24.3,7.61,0.132,Palnadu,AP
2023-04-20,0.0,41.3,25.3,6.26,0.124,Palnadu,AP
2023-04-21,0.1,40.3,25.8,6.36,0.13,Palnadu,AP
2023-04-22,1.0,35.4,26.5,4.23,0.135,Palnadu,AP
2023-04-23,6.2,34.2,27.3,4.57,0.164,Palnadu,AP
2023-04-24,14.6,34.1,24.0,4.4,0.251,Palnadu,AP
2023-04-25,1.4,35.3,26.3,5.54,0.269,Palnadu,AP
2023-04-26,0.3,36.1,24.9,4.99,0.235,Palnadu,AP
2023-04-27,0.1,38.2,25.6,6.39,0.207,Palnadu,AP
2023-04-28,1.8,37.0,25.6,5.0,0.188,Palnadu,AP
2023-04-29,9.6,35.4,26.0,3.61,0.216,Palnadu,AP
2023-04-30,11.8,33.2,25.8,3.95,0.268,Palnadu,AP
2023-05-01,37.9,28.8,23.6,2.92,0.358,Palnadu,AP
2023-05-02,2.3,31.9,24.4,3.67,0.312,Palnadu,AP
2023-05-03,5.0,32.1,24.7,3.96,0.297,Palnadu,AP
2023-05-04,0.4,34.2,24.0,4.78,0.293,Palnadu,AP
2023-05-05,7.4,33.3,26.2,3.57,0.3,Palnadu,AP
2023-05-06,11.7,33.8,26.0,3.96,0.351,Palnadu,AP
2023-05-07,1.3,34.7,26.6,4.22,0.338,Palnadu,AP
2023-05-08,0.1,36.9,26.7,5.49,0.292,Palnadu,AP
2023-05-09,2.6,35.7,27.0,5.14,0.271,Palnadu,AP
2023-05-10,0.0,39.0,26.8,5.83,0.256,Palnadu,AP
2023-05-11,0.4,37.4,27.8,5.66,0.226,Palnadu,AP
2023-05-12,0.0,41.9,27.7,6.56,0.209,Palnadu,AP
2023-05-13,0.0,42.6,25.0,7.41,0.199,Palnadu,AP
2023-05-14,0.0,43.5,25.3,9.19,0.194,Palnadu,AP
2023-05-15,0.0,42.0,28.2,9.03,0.184,Palnadu,AP
2023-05-16,0.0,42.4,28.8,8.84,0.173,Palnadu,AP
2023-05-17,0.0,42.6,29.6,8.13,0.161,Palnadu,AP
2023-05-18,4.1,40.2,28.2,5.66,0.159,Palnadu,AP
2023-05-19,0.0,40.3,28.4,6.08,0.149,Palnadu,AP
2023-05-20,0.0,41.1,28.5,5.99,0.146,Palnadu,AP
2023-05-21,17.3,39.2,28.0,4.84,0.183,Palnadu,AP
2023-05-22,3.3,39.0,25.0,5.31,0.162,Palnadu,AP
2023-05-23,0.3,41.0,28.2,6.07,0.145,Palnadu,AP
2023-05-24,13.5,39.7,28.2,5.37,0.208,Palnadu,AP
2023-05-25,1.4,36.9,28.6,5.6,0.155,Palnadu,AP
2023-05-26,0.0,40.8,29.2,6.98,0.168,Palnadu,AP
2023-05-27,0.0,40.6,27.9,6.91,0.187,Palnadu,AP
2023-05-28,0.0,41.0,27.3,6.31,0.175,Palnadu,AP
2023-05-29,21.5,35.7,27.7,4.4,0.223,Palnadu,AP
2023-05-30,28.3,34.9,26.1,2.89,0.285,Palnadu,AP
2023-05-31,0.0,38.9,25.0,5.89,0.28,Palnadu,AP
2023-06-01,0.5,39.2,27.8,6.42,0.246,Palnadu,AP
2023-06-02,0.4,41.3,26.8,6.77,0.222,Palnadu,AP
2023-06-03,0.0,41.8,26.6,7.01,0.199,Palnadu,AP
2023-06-04,0.0,40.5,27.7,7.54,0.179,Palnadu,AP
2023-06-05,0.0,40.4,29.4,7.43,0.171,Palnadu,AP
2023-06-06,0.5,41.4,28.6,7.36,0.159,Palnadu,AP
2023-06-07,0.7,40.3,28.1,7.92,0.153,Palnadu,AP
2023-06-08,0.3,41.3,31.1,7.69,0.154,Palnadu,AP
2023-06-09,0.0,42.7,31.4,9.38,0.156,Palnadu,AP
2023-06-10,0.1,41.3,30.4,8.76,0.165,Palnadu,AP
2023-06-11,0.1,40.3,31.6,7.62,0.172,Palnadu,AP
2023-06-12,0.4,40.9,31.4,7.81,0.157,Palnadu,AP
2023-06-13,0.0,40.7,32.1,7.75,0.152,Palnadu,AP
2023-06-14,0.0,41.5,32.5,9.73,0.148,Palnadu,AP
2023-06-15,0.0,41.3,32.5,9.62,0.141,Palnadu,AP
2023-06-16,0.0,41.5,32.1,9.02,0.138,Palnadu,AP
2023-06-17,0.0,42.0,33.0,9.21,0.134,Palnadu,AP
2023-06-18,3.2,40.7,25.7,6.67,0.131,Palnadu,AP
2023-06-19,0.4,38.1,28.8,5.34,0.132,Palnadu,AP
2023-06-20,1.9,37.0,29.6,4.81,0.143,Palnadu,AP
2023-06-21,7.7,36.6,25.6,4.41,0.2,Palnadu,AP
2023-06-22,5.0,35.9,25.6,4.52,0.32,Palnadu,AP
2023-06-23,7.8,36.3,26.6,4.24,0.319,Palnadu,AP
2023-06-24,6.2,34.2,26.1,3.11,0.296,Palnadu,AP
2023-06-25,0.3,34.3,28.2,4.67,0.285,Palnadu,AP
2023-06-26,0.0,34.2,26.3,4.72,0.324,Palnadu,AP
2023-06-27,0.0,35.7,27.7,5.94,0.281,Palnadu,AP
2023-06-28,0.0,37.2,29.2,6.66,0.219,Palnadu,AP
2023-06-29,0.4,37.3,26.3,6.38,0.199,Palnadu,AP
2023-06-30,0.1,38.5,28.3,7.41,0.181,Palnadu,AP
2023-07-01,4.8,39.6,28.2,8.08,0.168,Palnadu,AP
2023-07-02,4.0,39.1,25.8,6.66,0.179,Palnadu,AP
2023-07-03,8.0,37.0,26.4,5.24,0.235,Palnadu,AP
2023-07-04,3.9,36.8,25.9,5.09,0.324,Palnadu,AP
2023-07-05,9.4,35.8,26.4,3.96,0.284,Palnadu,AP
2023-07-06,2.9,31.7,27.0,2.92,0.289,Palnadu,AP
2023-07-07,0.2,34.5,27.3,5.55,0.273,Palnadu,AP
2023-07-08,0.4,35.4,28.0,5.74,0.243,Palnadu,AP
2023-07-09,3.0,37.2,27.8,5.97,0.217,Palnadu,AP
2023-07-10,9.3,34.7,25.7,4.55,0.329,Palnadu,AP
2023-07-11,0.1,34.5,27.8,5.23,0.285,Palnadu,AP
2023-07-12,2.7,32.5,26.6,2.29,0.28,Palnadu,AP
2023-07-13,3.1,35.1,25.9,4.43,0.288,Palnadu,AP
2023-07-14,4.4,35.9,26.7,5.43,0.274,Palnadu,AP
2023-07-15,3.7,34.8,26.5,5.36,0.319,Palnadu,AP
2023-07-16,5.0,32.8,25.7,4.53,0.348,Palnadu,AP
2023-07-17,0.3,34.4,27.5,5.9,0.305,Palnadu,AP
2023-07-18,18.3,28.4,24.8,2.15,0.339,Palnadu,AP
2023-07-19,18.2,29.0,24.4,2.11,0.389,Palnadu,AP
2023-07-20,16.5,29.4,24.4,2.62,0.388,Palnadu,AP
2023-07-21,5.2,30.7,25.1,3.5,0.375,Palnadu,AP
2023-07-22,4.0,32.2,25.2,3.8,0.375,Palnadu,AP
2023-07-23,11.8,31.1,24.9,3.18,0.404,Palnadu,AP
2023-07-24,22.5,27.4,24.7,1.4,0.417,Palnadu,AP
2023-07-25,57.0,27.5,24.3,1.59,0.427,Palnadu,AP
2023-07-26,44.9,27.1,24.5,1.15,0.429,Palnadu,AP
2023-07-27,33.6,30.0,24.0,4.11,0.416,Palnadu,AP
2023-07-28,0.5,33.1,26.2,5.86,0.384,Palnadu,AP
2023-07-29,0.0,33.5,27.5,6.16,0.357,Palnadu,AP
2023-07-30,1.1,33.3,27.5,5.47,0.339,Palnadu,AP
2023-07-31,0.2,32.2,28.2,4.38,0.324,Palnadu,AP
2023-08-01,2.1,33.3,28.1,5.14,0.31,Palnadu,AP
2023-08-02,0.1,33.6,28.2,6.3,0.29,Palnadu,AP
2023-08-03,0.2,34.2,27.8,6.36,0.272,Palnadu,AP
2023-08-04,0.6,35.0,26.6,6.29,0.251,Palnadu,AP
2023-08-05,0.0,34.9,27.6,6.57,0.231,Palnadu,AP
2023-08-06,0.3,35.3,27.4,6.57,0.217,Palnadu,AP
2023-08-07,0.2,35.0,27.9,6.78,0.205,Palnadu,AP
2023-08-08,0.0,34.8,27.5,6.43,0.189,Palnadu,AP
2023-08-09,0.2,35.5,27.7,5.79,0.178,Palnadu,AP
2023-08-10,9.5,33.4,25.3,4.38,0.202,Palnadu,AP
2023-08-11,0.0,35.7,25.8,5.52,0.18,Palnadu,AP
2023-08-12,1.3,34.5,25.8,4.82,0.188,Palnadu,AP
2023-08-13,0.1,35.4,26.7,5.86,0.184,Palnadu,AP
2023-08-14,1.2,33.6,27.5,4.47,0.178,Palnadu,AP
2023-08-15,1.5,34.5,26.8,5.01,0.174,Palnadu,AP
2023-08-16,2.6,35.0,26.9,5.3,0.174,Palnadu,AP
2023-08-17,4.4,34.6,26.3,4.29,0.176,Palnadu,AP
2023-08-18,3.3,32.6,25.9,3.34,0.175,Palnadu,AP
2023-08-19,3.5,34.4,25.1,4.72,0.264,Palnadu,AP
2023-08-20,1.2,35.1,26.6,6.19,0.262,Palnadu,AP
2023-08-21,0.3,34.9,25.5,5.12,0.237,Palnadu,AP
2023-08-22,4.3,34.2,26.2,4.23,0.248,Palnadu,AP
2023-08-23,0.6,35.5,27.0,5.07,0.271,Palnadu,AP
2023-08-24,0.1,36.1,26.7,5.46,0.244,Palnadu,AP
2023-08-25,0.1,36.1,26.7,5.64,0.223,Palnadu,AP
2023-08-26,3.5,35.4,25.6,4.66,0.215,Palnadu,AP
2023-08-27,2.6,36.7,25.6,4.94,0.201,Palnadu,AP
2023-08-28,0.5,36.6,26.7,5.92,0.183,Palnadu,AP
2023-08-29,0.0,37.3,27.2,6.23,0.165,Palnadu,AP
2023-08-30,0.3,37.1,27.5,6.48,0.156,Palnadu,AP
2023-08-31,0.6,37.5,27.6,6.24,0.15,Palnadu,AP
2023-09-01,0.4,38.1,27.0,5.92,0.144,Palnadu,AP
2023-09-02,8.8,35.2,26.2,4.01,0.151,Palnadu,AP
2023-09-03,12.1,34.7,25.8,3.64,0.189,Palnadu,AP
2023-09-04,32.6,32.3,24.5,3.23,0.298,Palnadu,AP
2023-09-05,6.4,30.4,25.5,3.22,0.356,Palnadu,AP
2023-09-06,11.2,33.8,24.7,4.5,0.357,Palnadu,AP
2023-09-07,0.0,34.6,27.0,5.7,0.309,Palnadu,AP
2023-09-08,0.2,34.3,26.1,5.32,0.281,Palnadu,AP
2023-09-09,3.3,35.5,25.9,5.77,0.261,Palnadu,AP
2023-09-10,3.8,34.6,25.6,4.63,0.278,Palnadu,AP
2023-09-11,14.2,31.8,25.4,2.68,0.352,Palnadu,AP
2023-09-12,9.6,32.3,25.2,3.56,0.327,Palnadu,AP
2023-09-13,0.4,34.1,25.8,4.48,0.284,Palnadu,AP
2023-09-14,1.7,31.8,26.0,3.41,0.27,Palnadu,AP
2023-09-15,0.1,34.6,26.6,5.83,0.256,Palnadu,AP
2023-09-16,0.1,35.8,26.8,6.14,0.23,Palnadu,AP
2023-09-17,0.0,35.9,26.3,6.02,0.204,Palnadu,AP
2023-09-18,1.0,36.7,27.0,5.68,0.185,Palnadu,AP
2023-09-19,6.3,36.8,24.6,5.43,0.177,Palnadu,AP
2023-09-20,4.1,35.9,25.4,4.75,0.187,Palnadu,AP
2023-09-21,2.7,35.2,26.3,3.91,0.19,Palnadu,AP
2023-09-22,5.5,34.3,24.9,3.52,0.21,Palnadu,AP
2023-09-23,22.9,34.9,25.4,4.39,0.226,Palnadu,AP
2023-09-24,15.2,35.8,24.5,4.14,0.241,Palnadu,AP
2023-09-25,5.7,33.3,24.7,4.01,0.261,Palnadu,AP
2023-09-26,1.4,34.4,25.4,4.51,0.244,Palnadu,AP
2023-09-27,5.9,35.0,24.4,4.51,0.29,Palnadu,AP
2023-09-28,9.3,34.9,24.9,4.27,0.304,Palnadu,AP
2023-09-29,19.6,34.3,24.5,4.49,0.341,Palnadu,AP
2023-09-30,6.6,33.9,24.7,4.7,0.358,Palnadu,AP
2023-10-01,1.0,33.7,25.9,5.08,0.353,Palnadu,AP
2023-10-02,5.4,32.9,25.6,4.13,0.354,Palnadu,AP
2023-10-03,2.1,34.9,25.5,5.1,0.337,Palnadu,AP
2023-10-04,10.3,35.7,24.8,5.69,0.314,Palnadu,AP
2023-10-05,0.0,36.2,25.8,6.27,0.266,Palnadu,AP
2023-10-06,0.0,35.8,22.9,6.13,0.245,Palnadu,AP
2023-10-07,0.0,36.0,24.0,5.62,0.228,Palnadu,AP
2023-10-08,0.0,36.3,24.8,5.25,0.213,Palnadu,AP
2023-10-09,0.0,36.5,25.1,5.09,0.198,Palnadu,AP
2023-10-10,0.1,35.1,25.7,4.89,0.188,Palnadu,AP
2023-10-11,0.6,34.9,25.7,4.8,0.177,Palnadu,AP
2023-10-12,0.0,35.2,24.8,4.95,0.166,Palnadu,AP
2023-10-13,0.0,34.6,24.4,5.0,0.157,Palnadu,AP
2023-10-14,1.3,35.5,24.8,5.11,0.154,Palnadu,AP
2023-10-15,0.1,35.4,25.9,5.17,0.152,Palnadu,AP
2023-10-16,13.3,34.8,26.0,4.18,0.171,Palnadu,AP
2023-10-17,0.8,34.3,24.6,4.64,0.144,Palnadu,AP
2023-10-18,0.1,35.9,24.3,5.12,0.142,Palnadu,AP
2023-10-19,1.2,35.0,24.8,4.76,0.143,Palnadu,AP
2023-10-20,0.7,34.7,25.0,4.89,0.143,Palnadu,AP
2023-10-21,0.2,34.9,25.1,5.24,0.139,Palnadu,AP
2023-10-22,0.0,36.4,24.1,6.62,0.137,Palnadu,AP
2023-10-23,0.0,35.2,23.8,6.6,0.137,Palnadu,AP
2023-10-24,0.0,35.1,23.0,6.07,0.14,Palnadu,AP
2023-10-25,0.0,35.5,23.1,5.92,0.138,Palnadu,AP
2023-10-26,0.0,35.0,23.0,5.78,0.137,Palnadu,AP
2023-10-27,0.0,34.5,23.1,3.87,0.136,Palnadu,AP
2023-10-28,3.0,31.1,24.6,3.29,0.153,Palnadu,AP
2023-10-29,0.9,32.6,23.5,3.39,0.174,Palnadu,AP
2023-10-30,1.7,31.9,23.5,3.8,0.205,Palnadu,AP
2023-10-31,0.1,33.6,23.2,4.81,0.2,Palnadu,AP
2023-11-01,0.0,34.1,23.0,5.05,0.186,Palnadu,AP
2023-11-02,9.0,32.8,23.8,3.39,0.22,Palnadu,AP
2023-11-03,6.5,31.7,23.2,3.32,0.256,Palnadu,AP
2023-11-04,5.6,32.8,23.5,3.25,0.254,Palnadu,AP
2023-11-05,2.6,31.0,23.5,2.93,0.253,Palnadu,AP
2023-11-06,9.2,28.1,23.4,2.07,0.29,Palnadu,AP
2023-11-07,8.1,30.2,23.4,2.76,0.326,Palnadu,AP
2023-11-08,40.8,30.8,22.8,3.51,0.375,Palnadu,AP
2023-11-09,0.5,31.6,23.3,3.7,0.341,Palnadu,AP
2023-11-10,0.0,31.8,22.7,4.44,0.296,Palnadu,AP
2023-11-11,0.0,32.0,21.5,4.4,0.27,Palnadu,AP
2023-11-12,0.0,32.7,22.1,4.37,0.251,Palnadu,AP
2023-11-13,0.0,32.7,21.7,4.57,0.236,Palnadu,AP
2023-11-14,0.1,32.0,22.7,3.87,0.225,Palnadu,AP
2023-11-15,0.0,29.2,23.1,2.18,0.221,Palnadu,AP
2023-11-16,0.0,33.1,21.4,4.48,0.218,Palnadu,AP
2023-11-17,0.2,32.2,22.1,3.98,0.205,Palnadu,AP
2023-11-18,0.0,33.1,22.5,4.12,0.191,Palnadu,AP
2023-11-19,0.0,32.7,22.6,4.45,0.181,Palnadu,AP
2023-11-20,0.1,33.3,23.1,4.4,0.174,Palnadu,AP
2023-11-21,10.6,30.3,22.9,2.66,0.192,Palnadu,AP
2023-11-22,4.5,28.6,23.1,2.36,0.212,Palnadu,AP
2023-11-23,6.8,29.4,22.7,2.31,0.256,Palnadu,AP
2023-11-24,2.9,29.3,22.6,2.48,0.3,Palnadu,AP
2023-11-25,0.0,31.8,21.9,4.14,0.279,Palnadu,AP
2023-11-26,0.2,31.5,22.7,3.92,0.253,Palnadu,AP
2023-11-27,0.3,31.3,22.6,4.16,0.236,Palnadu,AP
2023-11-28,0.0,31.7,22.0,3.9,0.223,Palnadu,AP
2023-11-29,0.4,31.8,22.3,3.7,0.209,Palnadu,AP
2023-11-30,0.2,32.6,21.2,4.11,0.203,Palnadu,AP
2023-12-01,0.0,31.8,21.6,3.33,0.193,Palnadu,AP
2023-12-02,0.9,33.0,21.7,4.46,0.185,Palnadu,AP
2023-12-03,0.2,31.8,24.6,4.22,0.184,Palnadu,AP
2023-12-04,42.9,26.6,22.8,1.68,0.277,Palnadu,AP
2023-12-05,79.2,24.0,22.5,0.52,0.422,Palnadu,AP
2023-12-06,1.4,29.0,22.8,2.82,0.398,Palnadu,AP
2023-12-07,0.1,29.5,21.4,3.46,0.374,Palnadu,AP
2023-12-08,0.0,29.7,21.2,3.65,0.352,Palnadu,AP
2023-12-09,0.0,29.9,21.7,3.82,0.326,Palnadu,AP
2023-12-10,0.0,29.3,19.7,3.56,0.306,Palnadu,AP
2023-12-11,0.0,29.1,19.5,3.65,0.291,Palnadu,AP
2023-12-12,0.1,29.2,19.1,3.45,0.267,Palnadu,AP
2023-12-13,0.0,29.1,19.8,3.82,0.256,Palnadu,AP
2023-12-14,0.0,28.9,18.1,3.71,0.249,Palnadu,AP
2023-12-15,0.0,28.0,18.8,2.94,0.243,Palnadu,AP
2023-12-16,0.0,27.3,21.7,2.02,0.242,Palnadu,AP
2023-12-17,0.3,28.7,21.0,3.09,0.238,Palnadu,AP
2023-12-18,0.0,29.1,20.5,3.31,0.229,Palnadu,AP
2023-12-19,0.0,28.5,19.5,3.21,0.221,Palnadu,AP
2023-12-20,0.0,28.9,19.4,3.26,0.214,Palnadu,AP
2023-12-21,0.0,28.9,19.0,3.55,0.205,Palnadu,AP
2023-12-22,0.0,29.1,17.8,3.54,0.196,Palnadu,AP
2023-12-23,0.0,29.7,18.9,3.38,0.187,Palnadu,AP
2023-12-24,0.0,29.8,18.9,3.69,0.179,Palnadu,AP
2023-12-25,0.0,30.0,18.6,3.46,0.174,Palnadu,AP
2023-12-26,0.0,30.3,18.8,3.56,0.17,Palnadu,AP
2023-12-27,0.0,30.2,19.1,3.73,0.166,Palnadu,AP
2023-12-28,0.0,30.7,19.7,3.91,0.161,Palnadu,AP
2023-12-29,0.0,30.3,18.5,3.37,0.157,Palnadu,AP
2023-12-30,0.0,30.3,18.1,3.71,0.154,Palnadu,AP
2023-12-31,0.0,30.1,17.8,3.76,0.152,Palnadu,AP
2024-01-01,0.0,30.6,19.4,3.79,0.149,Palnadu,AP
2024-01-02,0.0,30.3,18.7,3.55,0.146,Palnadu,AP
2024-01-03,0.0,30.3,19.9,4.0,0.147,Palnadu,AP
2024-01-04,0.0,30.9,19.7,4.41,0.149,Palnadu,AP
2024-01-05,0.0,31.0,19.8,4.44,0.149,Palnadu,AP
2024-01-06,0.0,30.8,19.3,4.36,0.149,Palnadu,AP
2024-01-07,0.0,30.7,19.7,4.33,0.147,Palnadu,AP
2024-01-08,0.0,30.0,20.2,4.12,0.152,Palnadu,AP
2024-01-09,0.0,31.2,20.6,4.19,0.157,Palnadu,AP
2024-01-10,0.0,31.7,19.2,4.06,0.157,Palnadu,AP
2024-01-11,0.1,32.3,21.7,3.76,0.155,Palnadu,AP
2024-01-12,0.5,32.2,20.4,3.9,0.153,Palnadu,AP
2024-01-13,0.0,32.8,21.2,3.87,0.153,Palnadu,AP
2024-01-14,0.0,33.0,21.2,4.19,0.154,Palnadu,AP
2024-01-15,0.0,32.0,21.4,4.03,0.151,Palnadu,AP
2024-01-16,0.0,31.6,21.1,4.01,0.149,Palnadu,AP
2024-01-17,0.1,30.8,20.4,4.36,0.144,Palnadu,AP
2024-01-18,0.0,31.3,19.6,4.5,0.141,Palnadu,AP
2024-01-19,0.0,32.8,19.0,4.43,0.141,Palnadu,AP
2024-01-20,0.0,31.4,20.7,4.31,0.142,Palnadu,AP
2024-01-21,0.0,32.3,21.1,4.43,0.141,Palnadu,AP
2024-01-22,0.0,32.0,20.4,4.12,0.142,Palnadu,AP
2024-01-23,0.4,32.0,21.9,4.23,0.147,Palnadu,AP
2024-01-24,0.4,31.8,22.2,4.19,0.151,Palnadu,AP
2024-01-25,0.9,30.4,22.0,3.45,0.154,Palnadu,AP
2024-01-26,0.7,31.4,21.5,3.34,0.16,Palnadu,AP
2024-01-27,0.5,32.3,21.8,4.04,0.162,Palnadu,AP
2024-01-28,0.9,32.2,21.0,4.33,0.167,Palnadu,AP
2024-01-29,0.0,31.7,19.7,4.32,0.162,Palnadu,AP
2024-01-30,0.0,32.1,18.8,4.6,0.157,Palnadu,AP
2024-01-31,0.0,32.1,18.7,4.47,0.151,Palnadu,AP
2024-02-01,0.4,32.3,21.1,4.21,0.152,Palnadu,AP
2024-02-02,0.9,32.4,22.6,4.02,0.156,Palnadu,AP
2024-02-03,1.6,31.3,22.5,3.57,0.166,Palnadu,AP
2024-02-04,0.1,32.9,21.0,4.4,0.167,Palnadu,AP
2024-02-05,0.1,33.6,21.8,4.43,0.165,Palnadu,AP
2024-02-06,0.0,35.2,22.8,4.74,0.159,Palnadu,AP
2024-02-07,0.0,35.9,22.6,4.7,0.153,Palnadu,AP
2024-02-08,0.0,36.4,22.2,5.08,0.15,Palnadu,AP
2024-02-09,0.6,33.3,23.3,4.36,0.153,Palnadu,AP
2024-02-10,0.4,33.1,23.3,4.85,0.155,Palnadu,AP
2024-02-11,0.0,33.4,22.2,5.23,0.15,Palnadu,AP
2024-02-12,0.0,33.3,20.1,5.03,0.137,Palnadu,AP
2024-02-13,0.0,33.7,20.1,5.1,0.131,Palnadu,AP
2024-02-14,0.1,34.5,21.3,5.06,0.126,Palnadu,AP
2024-02-15,0.0,34.3,21.1,5.4,0.127,Palnadu,AP
2024-02-16,0.0,34.7,19.5,5.46,0.128,Palnadu,AP
2024-02-17,0.0,34.7,18.8,5.34,0.126,Palnadu,AP
2024-02-18,0.0,35.4,19.9,5.71,0.127,Palnadu,AP
2024-02-19,0.1,35.0,21.6,5.24,0.126,Palnadu,AP
2024-02-20,0.0,36.0,22.6,5.58,0.126,Palnadu,AP
2024-02-21,0.0,37.0,22.7,6.13,0.124,Palnadu,AP
2024-02-22,0.0,36.8,24.0,5.39,0.13,Palnadu,AP
2024-02-23,5.0,36.6,24.5,4.81,0.139,Palnadu,AP
2024-02-24,1.3,34.2,24.3,4.9,0.153,Palnadu,AP
2024-02-25,0.3,32.7,24.5,4.93,0.143,Palnadu,AP
2024-02-26,0.3,33.6,24.4,5.47,0.142,Palnadu,AP
2024-02-27,0.0,35.5,21.8,5.58,0.139,Palnadu,AP
2024-02-28,0.2,35.4,23.4,5.47,0.136,Palnadu,AP
2024-02-29,0.2,36.0,23.4,5.4,0.139,Palnadu,AP
2024-03-01,1.0,35.1,22.1,5.17,0.135,Palnadu,AP
2024-03-02,0.0,36.8,22.8,5.91,0.135,Palnadu,AP
2024-03-03,0.0,36.3,23.4,5.84,0.134,Palnadu,AP
2024-03-04,0.0,35.4,22.9,5.91,0.134,Palnadu,AP
2024-03-05,0.0,36.5,21.8,5.47,0.135,Palnadu,AP
2024-03-06,0.0,36.4,22.9,5.22,0.134,Palnadu,AP
2024-03-07,0.0,37.4,23.2,6.24,0.137,Palnadu,AP
2024-03-08,0.5,36.5,24.6,5.71,0.142,Palnadu,AP
2024-03-09,0.1,35.9,24.8,5.21,0.143,Palnadu,AP
2024-03-10,0.2,35.6,26.1,5.94,0.143,Palnadu,AP
2024-03-11,0.0,35.3,24.8,5.68,0.147,Palnadu,AP
2024-03-12,0.0,38.6,24.0,6.11,0.148,Palnadu,AP
2024-03-13,0.0,38.0,25.0,6.03,0.149,Palnadu,AP
2024-03-14,0.0,37.9,25.2,6.31,0.147,Palnadu,AP
2024-03-15,0.0,36.1,24.7,5.88,0.149,Palnadu,AP
2024-03-16,0.2,36.2,25.1,5.85,0.141,Palnadu,AP
2024-03-17,0.1,36.5,24.8,6.01,0.142,Palnadu,AP
2024-03-18,0.1,37.3,23.8,5.95,0.138,Palnadu,AP
2024-03-19,0.0,36.4,24.9,5.52,0.136,Palnadu,AP
2024-03-20,6.4,32.5,22.6,4.28,0.168,Palnadu,AP
2024-03-21,0.0,36.7,23.3,6.02,0.149,Palnadu,AP
2024-03-22,0.0,36.4,23.7,5.96,0.145,Palnadu,AP
2024-03-23,0.5,37.3,24.4,5.98,0.142,Palnadu,AP
2024-03-24,0.1,37.4,25.6,6.27,0.141,Palnadu,AP
2024-03-25,0.2,38.2,24.8,6.31,0.137,Palnadu,AP
2024-03-26,0.0,37.6,23.7,6.36,0.136,Palnadu,AP
2024-03-27,0.0,37.0,23.8,6.4,0.136,Palnadu,AP
2024-03-28,0.0,38.8,24.8,6.55,0.135,Palnadu,AP
2024-03-29,0.0,39.2,25.3,6.99,0.135,Palnadu,AP
2024-03-30,0.0,39.9,24.9,6.91,0.139,Palnadu,AP
2024-03-31,0.0,39.7,24.8,6.72,0.134,Palnadu,AP
2024-04-01,0.0,39.8,25.5,6.56,0.121,Palnadu,AP
2024-04-02,0.0,39.8,25.4,6.74,0.126,Palnadu,AP
2024-04-03,0.0,38.8,25.8,6.99,0.135,Palnadu,AP
2024-04-04,0.0,40.0,25.8,7.14,0.131,Palnadu,AP
2024-04-05,0.1,41.6,25.5,6.26,0.129,Palnadu,AP
2024-04-06,0.0,43.3,25.6,8.4,0.132,Palnadu,AP
2024-04-07,0.0,43.6,26.7,9.21,0.127,Palnadu,AP
2024-04-08,0.0,39.0,26.2,7.35,0.124,Palnadu,AP
2024-04-09,1.0,38.6,26.5,6.44,0.127,Palnadu,AP
2024-04-10,0.0,38.4,24.8,7.02,0.126,Palnadu,AP
2024-04-11,0.1,39.2,24.9,6.72,0.131,Palnadu,AP
2024-04-12,8.0,38.6,24.9,5.1,0.148,Palnadu,AP
2024-04-13,0.0,38.8,26.3,7.03,0.125,Palnadu,AP
2024-04-14,0.0,39.3,26.4,6.93,0.128,Palnadu,AP
2024-04-15,0.0,40.6,25.1,7.51,0.13,Palnadu,AP
2024-04-16,0.0,41.8,26.4,8.0,0.132,Palnadu,AP
2024-04-17,0.0,42.8,27.2,7.03,0.129,Palnadu,AP
2024-04-18,0.0,43.3,27.1,6.88,0.129,Palnadu,AP
2024-04-19,0.0,42.6,27.1,6.96,0.129,Palnadu,AP
2024-04-20,0.4,40.8,28.0,5.59,0.133,Palnadu,AP
2024-04-21,0.0,41.8,28.5,6.6,0.133,Palnadu,AP
2024-04-22,0.0,42.4,26.8,7.4,0.132,Palnadu,AP
2024-04-23,0.0,41.4,25.1,7.44,0.13,Palnadu,AP
2024-04-24,0.0,42.9,25.1,7.66,0.127,Palnadu,AP
2024-04-25,0.0,41.9,26.4,7.77,0.124,Palnadu,AP
2024-04-26,0.0,41.1,26.7,7.17,0.122,Palnadu,AP
2024-04-27,0.0,42.2,26.9,6.91,0.127,Palnadu,AP
2024-04-28,0.0,43.3,26.7,8.23,0.118,Palnadu,AP
2024-04-29,0.0,42.1,26.8,7.64,0.108,Palnadu,AP
2024-04-30,0.0,42.9,27.0,8.0,0.108,Palnadu,AP
2024-05-01,0.0,46.2,28.4,7.71,0.104,Palnadu,AP
2024-05-02,2.0,45.1,29.5,7.01,0.109,Palnadu,AP
2024-05-03,0.0,45.0,29.1,6.68,0.107,Palnadu,AP
2024-05-04,0.2,44.6,29.2,6.92,0.107,Palnadu,AP
2024-05-05,4.4,43.1,29.6,6.7,0.117,Palnadu,AP
2024-05-06,1.1,44.7,29.7,6.52,0.115,Palnadu,AP
2024-05-07,19.2,32.4,25.4,3.87,0.198,Palnadu,AP
2024-05-08,2.9,40.1,26.4,6.43,0.131,Palnadu,AP
2024-05-09,2.3,36.5,28.3,5.18,0.146,Palnadu,AP
2024-05-10,2.3,38.1,27.7,5.37,0.181,Palnadu,AP
2024-05-11,2.6,38.5,27.9,6.22,0.184,Palnadu,AP
2024-05-12,0.8,39.3,28.4,6.19,0.16,Palnadu,AP
2024-05-13,13.5,38.4,27.0,5.13,0.218,Palnadu,AP
2024-05-14,11.8,34.2,24.0,3.69,0.331,Palnadu,AP
2024-05-15,0.0,37.1,27.1,5.54,0.248,Palnadu,AP
2024-05-16,30.2,29.5,25.7,1.93,0.331,Palnadu,AP
2024-05-17,11.7,32.2,24.4,3.15,0.352,Palnadu,AP
2024-05-18,13.5,32.5,24.9,3.46,0.321,Palnadu,AP
2024-05-19,7.0,35.4,26.0,4.83,0.281,Palnadu,AP
2024-05-20,22.7,36.4,25.7,4.87,0.312,Palnadu,AP
2024-05-21,4.9,35.0,26.9,4.29,0.311,Palnadu,AP
2024-05-22,22.9,36.3,25.9,4.94,0.28,Palnadu,AP
2024-05-23,2.0,37.4,26.9,5.25,0.271,Palnadu,AP
2024-05-24,1.0,38.5,28.7,4.81,0.273,Palnadu,AP
2024-05-25,4.0,36.1,28.3,3.48,0.269,Palnadu,AP
2024-05-26,0.0,41.3,29.6,6.84,0.239,Palnadu,AP
2024-05-27,0.0,41.4,31.1,8.4,0.22,Palnadu,AP
2024-05-28,0.0,41.0,31.3,8.29,0.209,Palnadu,AP
2024-05-29,0.0,42.2,30.5,8.13,0.195,Palnadu,AP
2024-05-30,0.0,43.8,30.4,7.79,0.181,Palnadu,AP
2024-05-31,0.0,44.4,29.4,7.89,0.17,Palnadu,AP
2024-06-01,0.0,41.3,31.2,7.08,0.161,Palnadu,AP
2024-06-02,34.8,34.9,26.2,3.01,0.23,Palnadu,AP
2024-06-03,5.3,33.8,26.2,2.52,0.238,Palnadu,AP
2024-06-04,4.9,36.8,27.4,4.85,0.186,Palnadu,AP
2024-06-05,41.9,35.8,25.9,3.99,0.304,Palnadu,AP
2024-06-06,23.7,32.2,25.8,3.29,0.261,Palnadu,AP
2024-06-07,10.8,33.9,25.2,3.17,0.317,Palnadu,AP
2024-06-08,0.1,33.1,25.7,3.03,0.307,Palnadu,AP
2024-06-09,0.5,34.7,25.5,5.63,0.266,Palnadu,AP
2024-06-10,16.2,33.4,26.3,4.16,0.282,Palnadu,AP
2024-06-11,1.6,34.6,27.5,4.77,0.298,Palnadu,AP
2024-06-12,9.6,35.4,26.3,4.98,0.302,Palnadu,AP
2024-06-13,4.1,36.7,26.6,5.58,0.278,Palnadu,AP
2024-06-14,0.7,36.6,27.3,5.94,0.236,Palnadu,AP
2024-06-15,1.1,37.5,28.4,6.55,0.205,Palnadu,AP
2024-06-16,5.9,37.5,26.9,6.12,0.189,Palnadu,AP
2024-06-17,0.2,37.0,27.6,4.93,0.209,Palnadu,AP
2024-06-18,0.3,39.1,27.9,6.17,0.205,Palnadu,AP
2024-06-19,10.3,37.2,25.2,5.29,0.299,Palnadu,AP
2024-06-20,0.2,37.6,28.3,6.43,0.264,Palnadu,AP
2024-06-21,16.6,37.7,26.4,5.64,0.253,Palnadu,AP
2024-06-22,0.1,34.9,28.4,5.14,0.219,Palnadu,AP
2024-06-23,1.1,36.8,27.3,4.83,0.226,Palnadu,AP
2024-06-24,0.4,38.3,27.8,5.69,0.215,Palnadu,AP
2024-06-25,11.0,38.0,26.5,6.33,0.212,Palnadu,AP
2024-06-26,8.3,34.3,26.1,4.08,0.331,Palnadu,AP
2024-06-27,18.3,27.1,25.5,1.09,0.387,Palnadu,AP
2024-06-28,7.5,34.1,25.0,3.61,0.363,Palnadu,AP
2024-06-29,0.3,34.2,26.6,4.8,0.315,Palnadu,AP
2024-06-30,3.6,34.0,26.8,3.57,0.344,Palnadu,AP
2024-07-01,12.8,33.5,25.1,3.4,0.39,Palnadu,AP
2024-07-02,0.0,35.2,27.0,5.01,0.344,Palnadu,AP
2024-07-03,0.5,35.4,26.7,5.28,0.325,Palnadu,AP
2024-07-04,0.1,35.7,27.4,5.36,0.292,Palnadu,AP
2024-07-05,9.7,35.1,25.3,5.71,0.279,Palnadu,AP
2024-07-06,21.8,32.3,24.8,2.7,0.378,Palnadu,AP
2024-07-07,18.0,29.6,24.6,2.17,0.386,Palnadu,AP
2024-07-08,0.4,32.2,25.7,4.2,0.349,Palnadu,AP
2024-07-09,9.6,30.3,25.8,2.43,0.358,Palnadu,AP
2024-07-10,1.7,34.5,25.5,5.11,0.32,Palnadu,AP
2024-07-11,0.9,34.4,27.0,4.69,0.287,Palnadu,AP
2024-07-12,1.7,35.3,26.5,4.81,0.295,Palnadu,AP
2024-07-13,25.4,29.1,25.2,1.43,0.391,Palnadu,AP
2024-07-14,22.0,26.4,24.6,1.21,0.415,Palnadu,AP
2024-07-15,26.6,28.8,24.9,1.75,0.416,Palnadu,AP
2024-07-16,5.0,33.3,24.5,3.93,0.401,Palnadu,AP
2024-07-17,3.9,30.5,24.7,2.77,0.398,Palnadu,AP
2024-07-18,20.8,28.6,25.3,2.08,0.416,Palnadu,AP
2024-07-19,45.9,26.0,24.3,1.07,0.429,Palnadu,AP
2024-07-20,43.3,26.6,24.0,1.04,0.428,Palnadu,AP
2024-07-21,8.3,31.9,23.9,3.15,0.412,Palnadu,AP
2024-07-22,4.6,31.6,24.2,3.23,0.406,Palnadu,AP
2024-07-23,1.6,29.5,26.3,3.04,0.385,Palnadu,AP
2024-07-24,5.3,28.6,24.9,2.4,0.386,Palnadu,AP
2024-07-25,5.2,32.3,24.2,4.21,0.374,Palnadu,AP
2024-07-26,3.8,31.9,24.4,3.6,0.37,Palnadu,AP
2024-07-27,4.2,31.4,25.7,3.7,0.352,Palnadu,AP
2024-07-28,1.5,33.7,24.6,5.38,0.343,Palnadu,AP
2024-07-29,2.7,34.0,26.8,5.75,0.327,Palnadu,AP
2024-07-30,1.5,33.8,25.2,5.06,0.35,Palnadu,AP
2024-07-31,0.3,32.7,26.9,3.51,0.335,Palnadu,AP
2024-08-01,0.5,32.7,26.6,4.65,0.315,Palnadu,AP
2024-08-02,5.9,33.5,26.2,4.23,0.304,Palnadu,AP
2024-08-03,2.7,33.3,26.0,5.19,0.282,Palnadu,AP
2024-08-04,0.1,34.6,27.0,5.9,0.258,Palnadu,AP
2024-08-05,0.3,33.8,26.6,5.15,0.241,Palnadu,AP
2024-08-06,1.6,31.9,26.2,2.91,0.256,Palnadu,AP
2024-08-07,8.2,28.3,24.4,1.76,0.34,Palnadu,AP
2024-08-08,0.8,32.1,24.7,4.01,0.334,Palnadu,AP
2024-08-09,0.4,33.7,24.9,5.07,0.309,Palnadu,AP
2024-08-10,0.4,34.4,25.5,5.37,0.276,Palnadu,AP
2024-08-11,0.6,34.1,26.2,5.32,0.255,Palnadu,AP
2024-08-12,0.8,34.6,26.1,5.36,0.232,Palnadu,AP
2024-08-13,2.2,34.7,25.8,5.21,0.213,Palnadu,AP
2024-08-14,1.3,34.9,26.2,5.31,0.198,Palnadu,AP
2024-08-15,0.5,35.3,26.3,5.57,0.183,Palnadu,AP
2024-08-16,0.9,34.6,26.7,5.04,0.179,Palnadu,AP
2024-08-17,0.9,36.0,26.0,5.12,0.173,Palnadu,AP
2024-08-18,2.0,35.5,26.4,5.39,0.164,Palnadu,AP
2024-08-19,12.4,34.4,25.4,3.73,0.22,Palnadu,AP
2024-08-20,0.2,35.4,25.8,5.31,0.202,Palnadu,AP
2024-08-21,0.3,35.5,26.6,5.78,0.189,Palnadu,AP
2024-08-22,4.1,31.5,26.4,3.24,0.213,Palnadu,AP
2024-08-23,0.9,34.9,26.3,4.61,0.278,Palnadu,AP
2024-08-24,1.6,33.8,25.5,4.23,0.263,Palnadu,AP
2024-08-25,1.4,33.2,24.7,5.46,0.267,Palnadu,AP
2024-08-26,0.4,34.2,27.0,6.02,0.241,Palnadu,AP
2024-08-27,0.0,35.6,27.2,6.7,0.223,Palnadu,AP
2024-08-28,0.2,34.4,26.8,5.11,0.211,Palnadu,AP
2024-08-29,0.1,32.9,27.3,3.99,0.197,Palnadu,AP
2024-08-30,32.8,27.7,24.6,1.37,0.304,Palnadu,AP
2024-08-31,96.5,25.2,23.8,0.94,0.427,Palnadu,AP
2024-09-01,49.9,28.9,23.9,3.19,0.419,Palnadu,AP
2024-09-02,0.6,30.8,24.9,3.66,0.39,Palnadu,AP
2024-09-03,19.6,31.2,24.8,3.09,0.384,Palnadu,AP
2024-09-04,13.9,30.3,24.6,2.36,0.414,Palnadu,AP
2024-09-05,6.2,31.4,24.5,3.25,0.412,Palnadu,AP
2024-09-06,6.8,31.4,26.4,4.23,0.398,Palnadu,AP
2024-09-07,2.4,30.0,26.2,3.62,0.401,Palnadu,AP
2024-09-08,45.4,26.6,24.5,1.17,0.423,Palnadu,AP
2024-09-09,16.9,27.7,24.4,1.81,0.425,Palnadu,AP
2024-09-10,0.0,32.4,25.2,5.29,0.397,Palnadu,AP
2024-09-11,0.0,33.1,25.5,5.35,0.377,Palnadu,AP
2024-09-12,0.0,32.6,25.4,5.4,0.361,Palnadu,AP
2024-09-13,0.0,32.4,24.6,5.54,0.341,Palnadu,AP
2024-09-14,0.0,32.5,25.2,5.77,0.32,Palnadu,AP
2024-09-15,0.0,33.3,25.8,6.06,0.308,Palnadu,AP
2024-09-16,0.3,32.3,26.3,5.01,0.3,Palnadu,AP
2024-09-17,0.0,33.6,25.9,6.13,0.285,Palnadu,AP
2024-09-18,0.2,33.5,24.5,5.57,0.271,Palnadu,AP
2024-09-19,0.0,34.0,25.2,5.2,0.26,Palnadu,AP
2024-09-20,13.5,33.5,25.2,4.45,0.255,Palnadu,AP
2024-09-21,24.1,31.4,24.4,2.9,0.334,Palnadu,AP
2024-09-22,7.1,32.3,24.7,4.2,0.329,Palnadu,AP
2024-09-23,7.9,31.6,24.2,3.05,0.358,Palnadu,AP
2024-09-24,24.8,31.4,24.6,2.69,0.405,Palnadu,AP
2024-09-25,13.2,30.7,24.3,3.15,0.404,Palnadu,AP
2024-09-26,0.2,31.7,25.5,4.32,0.378,Palnadu,AP
2024-09-27,0.1,31.9,26.1,3.56,0.358,Palnadu,AP
2024-09-28,0.9,32.3,25.0,4.45,0.341,Palnadu,AP
2024-09-29,2.8,32.3,25.0,4.6,0.336,Palnadu,AP
2024-09-30,0.2,33.1,25.3,4.96,0.323,Palnadu,AP
2024-10-01,0.0,33.7,25.0,5.1,0.297,Palnadu,AP
2024-10-02,0.0,34.4,24.8,4.88,0.272,Palnadu,AP
2024-10-03,0.7,34.7,25.5,5.38,0.256,Palnadu,AP
2024-10-04,0.0,34.6,26.3,5.25,0.239,Palnadu,AP
2024-10-05,0.0,34.5,25.6,4.96,0.228,Palnadu,AP
2024-10-06,0.6,34.3,25.2,4.85,0.213,Palnadu,AP
2024-10-07,1.8,32.9,24.0,4.07,0.205,Palnadu,AP
2024-10-08,4.6,31.7,24.4,3.59,0.219,Palnadu,AP
2024-10-09,8.6,31.6,24.1,3.63,0.244,Palnadu,AP
2024-10-10,16.9,30.4,24.0,2.59,0.327,Palnadu,AP
2024-10-11,4.2,30.9,23.5,2.61,0.364,Palnadu,AP
2024-10-12,3.4,31.5,23.4,3.37,0.349,Palnadu,AP
2024-10-13,0.9,31.8,23.4,3.89,0.331,Palnadu,AP
2024-10-14,18.2,27.5,23.9,1.58,0.357,Palnadu,AP
2024-10-15,8.7,29.5,24.2,2.3,0.351,Palnadu,AP
2024-10-16,14.1,29.0,23.6,1.75,0.383,Palnadu,AP
2024-10-17,10.3,30.5,24.4,3.06,0.392,Palnadu,AP
2024-10-18,6.5,29.3,24.1,2.48,0.377,Palnadu,AP
2024-10-19,7.4,30.9,24.0,2.68,0.378,Palnadu,AP
2024-10-20,6.1,31.7,23.9,3.38,0.373,Palnadu,AP
2024-10-21,2.2,31.2,23.3,3.12,0.363,Palnadu,AP
2024-10-22,3.4,31.7,22.8,4.04,0.355,Palnadu,AP
2024-10-23,0.0,32.6,23.9,4.65,0.342,Palnadu,AP
2024-10-24,0.0,32.4,23.8,5.28,0.319,Palnadu,AP
2024-10-25,0.0,32.7,22.6,5.6,0.296,Palnadu,AP
2024-10-26,0.0,32.3,24.8,5.35,0.279,Palnadu,AP
2024-10-27,0.0,32.6,23.9,5.15,0.264,Palnadu,AP
2024-10-28,0.0,32.8,22.1,4.58,0.247,Palnadu,AP
2024-10-29,0.0,32.7,23.5,4.35,0.233,Palnadu,AP
2024-10-30,2.4,32.4,24.3,3.49,0.233,Palnadu,AP
2024-10-31,2.1,31.5,23.6,4.11,0.242,Palnadu,AP
2024-11-01,0.4,32.4,22.8,4.33,0.224,Palnadu,AP
2024-11-02,0.3,32.3,22.9,4.13,0.21,Palnadu,AP
2024-11-03,0.0,32.5,24.4,4.4,0.201,Palnadu,AP
2024-11-04,0.0,32.3,23.2,4.23,0.192,Palnadu,AP
2024-11-05,0.0,32.7,21.8,4.72,0.183,Palnadu,AP
2024-11-06,0.0,33.0,22.6,4.65,0.176,Palnadu,AP
2024-11-07,0.0,32.9,22.8,4.41,0.169,Palnadu,AP
2024-11-08,0.9,32.7,23.4,4.29,0.166,Palnadu,AP
2024-11-09,0.1,32.9,22.8,4.42,0.164,Palnadu,AP
2024-11-10,0.6,32.7,22.3,4.55,0.16,Palnadu,AP
2024-11-11,0.0,32.7,21.6,4.64,0.156,Palnadu,AP
2024-11-12,7.7,30.7,23.5,2.69,0.177,Palnadu,AP
2024-11-13,1.1,31.7,23.3,3.49,0.188,Palnadu,AP
2024-11-14,2.4,31.0,23.7,2.97,0.193,Palnadu,AP
2024-11-15,3.0,31.1,24.2,2.74,0.187,Palnadu,AP
2024-11-16,0.2,32.2,23.5,4.02,0.176,Palnadu,AP
2024-11-17,0.8,31.0,23.7,3.73,0.166,Palnadu,AP
2024-11-18,0.0,31.6,22.5,4.15,0.156,Palnadu,AP
2024-11-19,0.0,31.0,20.1,4.17,0.143,Palnadu,AP
2024-11-20,0.0,30.6,19.7,4.0,0.137,Palnadu,AP
2024-11-21,0.0,30.5,19.9,4.01,0.141,Palnadu,AP
2024-11-22,0.0,30.5,18.7,4.17,0.14,Palnadu,AP
2024-11-23,0.0,31.0,18.6,3.84,0.135,Palnadu,AP
2024-11-24,0.0,31.4,20.4,4.12,0.133,Palnadu,AP
2024-11-25,0.0,31.1,19.9,4.16,0.13,Palnadu,AP
2024-11-26,0.0,30.9,21.8,3.99,0.134,Palnadu,AP
2024-11-27,0.0,30.3,21.4,4.56,0.139,Palnadu,AP
2024-11-28,0.0,30.1,18.9,4.88,0.142,Palnadu,AP
2024-11-29,3.9,29.2,23.3,3.7,0.147,Palnadu,AP
2024-11-30,8.9,27.5,22.9,1.59,0.176,Palnadu,AP
2024-12-01,6.4,29.1,23.7,2.65,0.263,Palnadu,AP
2024-12-02,7.5,29.6,23.5,2.17,0.326,Palnadu,AP
2024-12-03,10.0,28.3,24.1,2.21,0.356,Palnadu,AP
2024-12-04,10.9,29.4,23.2,2.4,0.34,Palnadu,AP
2024-12-05,4.9,28.6,23.5,2.1,0.351,Palnadu,AP
2024-12-06,2.7,29.0,22.4,2.73,0.313,Palnadu,AP
2024-12-07,0.5,30.2,22.5,3.36,0.277,Palnadu,AP
2024-12-08,0.5,29.5,22.4,2.88,0.256,Palnadu,AP
2024-12-09,0.0,30.1,22.0,3.37,0.24,Palnadu,AP
2024-12-10,0.3,30.4,21.9,3.5,0.221,Palnadu,AP
2024-12-11,0.1,30.5,21.4,3.75,0.204,Palnadu,AP
2024-12-12,0.2,28.7,21.9,2.18,0.207,Palnadu,AP
2024-12-13,0.0,28.8,21.8,3.27,0.203,Palnadu,AP
2024-12-14,0.0,29.3,19.7,3.36,0.199,Palnadu,AP
2024-12-15,0.0,28.0,18.8,3.59,0.191,Palnadu,AP
2024-12-16,0.0,27.8,17.1,3.66,0.182,Palnadu,AP
2024-12-17,0.0,29.4,17.5,3.7,0.174,Palnadu,AP
2024-12-18,0.0,30.0,20.6,3.6,0.181,Palnadu,AP
2024-12-19,5.4,28.1,22.9,2.15,0.195,Palnadu,AP
2024-12-20,0.7,30.0,23.2,3.05,0.258,Palnadu,AP
2024-12-21,0.2,30.6,22.1,3.26,0.252,Palnadu,AP
2024-12-22,0.0,29.1,21.1,3.45,0.237,Palnadu,AP
2024-12-23,0.0,30.3,20.1,3.72,0.219,Palnadu,AP
2024-12-24,31.3,26.9,22.5,2.41,0.255,Palnadu,AP
2024-12-25,12.5,28.3,22.2,2.16,0.288,Palnadu,AP
2024-12-26,4.5,26.9,21.8,1.88,0.304,Palnadu,AP
2024-12-27,0.0,29.1,21.2,3.77,0.281,Palnadu,AP
2024-12-28,0.0,29.4,19.8,3.46,0.25,Palnadu,AP
2024-12-29,0.0,29.8,19.3,3.9,0.224,Palnadu,AP
2024-12-30,0.0,30.5,18.7,3.72,0.2,Palnadu,AP
2024-12-31,0.0,31.1,19.5,3.66,0.178,Palnadu,AP
2025-01-01,0.0,30.9,20.6,3.4,0.162,Palnadu,AP
2025-01-02,0.2,30.5,20.3,3.43,0.149,Palnadu,AP
2025-01-03,0.0,29.8,19.4,3.55,0.14,Palnadu,AP
2025-01-04,0.0,30.0,18.2,3.69,0.14,Palnadu,AP
2025-01-05,0.0,29.4,18.6,3.73,0.14,Palnadu,AP
2025-01-06,0.0,29.4,18.4,4.14,0.139,Palnadu,AP
2025-01-07,0.0,31.1,18.5,3.85,0.137,Palnadu,AP
2025-01-08,0.0,30.9,18.6,4.05,0.135,Palnadu,AP
2025-01-09,0.0,30.4,19.5,4.14,0.137,Palnadu,AP
2025-01-10,0.0,31.0,19.2,4.89,0.139,Palnadu,AP
2025-01-11,0.0,30.1,19.2,4.56,0.142,Palnadu,AP
2025-01-12,0.0,30.7,18.5,4.32,0.14,Palnadu,AP
2025-01-13,0.0,32.0,19.4,4.18,0.143,Palnadu,AP
2025-01-14,0.0,31.9,20.3,4.27,0.147,Palnadu,AP
2025-01-15,0.2,31.1,20.7,3.95,0.152,Palnadu,AP
2025-01-16,0.3,30.4,20.2,3.81,0.161,Palnadu,AP
2025-01-17,0.0,30.0,20.3,3.86,0.166,Palnadu,AP
2025-01-18,0.0,29.5,18.8,4.19,0.161,Palnadu,AP
2025-01-19,0.0,30.1,18.7,3.78,0.151,Palnadu,AP
2025-01-20,0.0,30.5,18.6,3.8,0.145,Palnadu,AP
2025-01-21,0.0,31.4,18.3,4.03,0.133,Palnadu,AP
2025-01-22,0.0,31.7,18.0,4.12,0.127,Palnadu,AP
2025-01-23,0.0,31.0,18.9,4.19,0.128,Palnadu,AP
2025-01-24,0.1,30.8,18.0,4.05,0.122,Palnadu,AP
2025-01-25,0.0,31.3,17.6,3.76,0.116,Palnadu,AP
2025-01-26,0.0,32.9,17.8,4.42,0.121,Palnadu,AP
2025-01-27,0.0,32.4,19.5,4.25,0.113,Palnadu,AP
2025-01-28,0.0,32.1,20.6,4.44,0.114,Palnadu,AP
2025-01-29,0.0,32.2,19.9,4.47,0.115,Palnadu,AP
2025-01-30,0.0,32.4,19.1,4.42,0.112,Palnadu,AP
2025-01-31,0.0,33.6,19.7,4.31,0.116,Palnadu,AP
2025-02-01,0.0,34.4,22.5,4.83,0.116,Palnadu,AP
2025-02-02,0.0,34.4,21.4,4.84,0.115,Palnadu,AP
2025-02-03,0.0,34.6,18.7,5.13,0.113,Palnadu,AP
2025-02-04,0.0,35.6,20.4,5.2,0.119,Palnadu,AP
2025-02-05,0.0,35.7,20.5,5.89,0.118,Palnadu,AP
2025-02-06,0.0,35.0,20.7,5.17,0.118,Palnadu,AP
2025-02-07,0.0,34.9,21.1,4.89,0.118,Palnadu,AP
2025-02-08,0.0,35.7,21.2,5.1,0.118,Palnadu,AP
2025-02-09,0.0,35.1,23.9,4.95,0.112,Palnadu,AP
2025-02-10,0.0,34.1,21.9,4.83,0.12,Palnadu,AP
2025-02-11,0.0,34.8,21.4,5.13,0.113,Palnadu,AP
2025-02-12,0.0,36.0,19.8,5.36,0.118,Palnadu,AP
2025-02-13,0.0,36.8,20.5,5.53,0.118,Palnadu,AP
2025-02-14,0.0,36.5,20.4,5.22,0.118,Palnadu,AP
2025-02-15,0.0,36.3,19.9,5.59,0.119,Palnadu,AP
2025-02-16,0.0,35.3,21.6,5.07,0.118,Palnadu,AP
2025-02-17,0.0,35.5,21.8,5.23,0.118,Palnadu,AP
2025-02-18,0.0,35.8,21.9,5.45,0.118,Palnadu,AP
2025-02-19,0.0,36.7,22.0,5.54,0.118,Palnadu,AP
2025-02-20,0.0,35.2,23.2,5.29,0.118,Palnadu,AP
2025-02-21,0.9,35.7,22.5,5.05,0.119,Palnadu,AP
2025-02-22,0.0,35.6,22.4,4.95,0.115,Palnadu,AP
2025-02-23,0.0,37.6,22.7,5.86,0.119,Palnadu,AP
2025-02-24,0.0,35.8,21.6,5.69,0.115,Palnadu,AP
2025-02-25,0.0,35.2,23.2,5.59,0.126,Palnadu,AP
2025-02-26,0.0,36.4,22.0,5.74,0.122,Palnadu,AP
2025-02-27,0.0,35.9,22.5,5.49,0.116,Palnadu,AP
2025-02-28,0.0,35.9,22.0,5.78,0.103,Palnadu,AP
2025-03-01,0.0,35.5,22.1,5.51,0.109,Palnadu,AP
2025-03-02,0.0,36.8,23.2,5.73,0.126,Palnadu,AP
2025-03-03,0.0,37.8,21.9,5.73,0.13,Palnadu,AP
2025-03-04,0.0,39.9,23.2,6.12,0.125,Palnadu,AP
2025-03-05,0.0,39.2,22.6,6.31,0.122,Palnadu,AP
2025-03-06,0.0,37.6,22.2,7.78,0.12,Palnadu,AP
2025-03-07,0.0,37.3,19.4,5.78,0.119,Palnadu,AP
2025-03-08,0.0,37.6,22.0,5.57,0.119,Palnadu,AP
2025-03-09,0.0,35.9,22.6,5.61,0.116,Palnadu,AP
2025-03-10,0.0,36.0,22.6,6.02,0.115,Palnadu,AP
2025-03-11,0.0,37.2,21.2,6.03,0.118,Palnadu,AP
2025-03-12,0.0,38.0,22.5,5.94,0.106,Palnadu,AP
2025-03-13,0.0,39.7,23.9,6.35,0.118,Palnadu,AP
2025-03-14,0.0,39.8,23.8,6.5,0.118,Palnadu,AP
2025-03-15,0.0,38.3,23.4,6.45,0.122,Palnadu,AP
2025-03-16,0.0,39.1,23.0,6.49,0.118,Palnadu,AP
2025-03-17,0.0,39.5,23.8,6.55,0.109,Palnadu,AP
2025-03-18,0.0,38.5,23.9,6.42,0.117,Palnadu,AP
2025-03-19,0.0,37.6,25.3,6.53,0.108,Palnadu,AP
2025-03-20,0.0,37.1,24.7,6.64,0.109,Palnadu,AP
2025-03-21,0.0,36.6,24.6,6.16,0.107,Palnadu,AP
2025-03-22,0.4,35.6,25.7,5.37,0.114,Palnadu,AP
2025-03-23,1.4,36.2,25.6,5.35,0.107,Palnadu,AP
2025-03-24,0.7,36.7,25.0,5.64,0.11,Palnadu,AP
2025-03-25,0.1,37.0,24.5,5.88,0.123,Palnadu,AP
2025-03-26,0.0,37.3,23.9,5.88,0.131,Palnadu,AP
2025-03-27,0.0,38.8,23.7,6.09,0.136,Palnadu,AP
2025-03-28,0.0,39.7,24.6,6.58,0.143,Palnadu,AP
2025-03-29,0.0,39.4,24.9,6.67,0.134,Palnadu,AP
2025-03-30,0.0,38.0,24.8,6.7,0.135,Palnadu,AP
2025-03-31,0.0,35.8,25.0,6.17,0.134,Palnadu,AP
2025-04-01,0.0,35.0,24.2,6.22,0.14,Palnadu,AP
2025-04-02,0.0,35.0,24.9,5.51,0.137,Palnadu,AP
2025-04-03,16.0,32.9,25.7,4.04,0.181,Palnadu,AP
2025-04-04,0.4,35.0,23.0,4.95,0.145,Palnadu,AP
2025-04-05,8.8,36.1,25.2,5.25,0.141,Palnadu,AP
2025-04-06,0.0,37.2,25.3,5.51,0.137,Palnadu,AP
2025-04-07,0.0,37.9,25.2,5.84,0.137,Palnadu,AP
2025-04-08,0.1,37.4,25.9,6.01,0.12,Palnadu,AP
2025-04-09,0.0,39.1,25.4,6.23,0.082,Palnadu,AP
2025-04-10,3.8,38.5,24.9,5.41,0.091,Palnadu,AP
2025-04-11,0.3,39.6,26.2,6.04,0.123,Palnadu,AP
2025-04-12,0.0,40.6,26.1,6.74,0.132,Palnadu,AP
2025-04-13,6.2,36.7,26.5,5.06,0.157,Palnadu,AP
2025-04-14,0.2,37.3,24.8,5.84,0.121,Palnadu,AP
2025-04-15,0.6,35.6,25.8,5.62,0.13,Palnadu,AP
2025-04-16,0.8,37.9,26.4,6.28,0.125,Palnadu,AP
2025-04-17,0.1,38.0,27.2,6.1,0.134,Palnadu,AP
2025-04-18,0.5,38.3,26.9,6.19,0.141,Palnadu,AP
2025-04-19,0.0,39.6,27.4,6.0,0.138,Palnadu,AP
2025-04-20,0.0,39.3,27.7,5.94,0.132,Palnadu,AP
2025-04-21,0.1,39.5,27.8,6.16,0.121,Palnadu,AP
2025-04-22,0.5,39.4,27.0,6.6,0.119,Palnadu,AP
2025-04-23,0.0,39.7,26.4,6.95,0.115,Palnadu,AP
2025-04-24,0.0,39.9,26.5,6.83,0.112,Palnadu,AP
2025-04-25,0.1,38.7,27.2,6.79,0.123,Palnadu,AP
2025-04-26,0.0,38.2,27.5,6.78,0.104,Palnadu,AP
2025-04-27,0.8,37.7,27.1,5.94,0.091,Palnadu,AP
2025-04-28,0.2,37.8,27.0,6.45,0.075,Palnadu,AP
2025-04-29,0.2,38.8,26.8,6.54,0.066,Palnadu,AP
2025-04-30,4.2,38.8,27.2,6.51,0.08,Palnadu,AP
2025-05-01,0.1,38.5,26.9,6.28,0.143,Palnadu,AP
2025-05-02,0.9,37.9,27.6,6.02,0.145,Palnadu,AP
2025-05-03,6.9,38.6,27.6,5.76,0.157,Palnadu,AP
2025-05-04,0.5,37.8,26.9,5.61,0.161,Palnadu,AP
2025-05-05,0.0,38.8,24.9,6.33,0.16,Palnadu,AP
2025-05-06,0.1,38.9,26.9,6.12,0.146,Palnadu,AP
2025-05-07,0.7,38.8,27.1,6.03,0.155,Palnadu,AP
2025-05-08,0.5,38.8,27.0,5.64,0.167,Palnadu,AP
2025-05-09,0.0,38.5,26.1,6.16,0.157,Palnadu,AP
2025-05-10,0.5,37.9,27.6,5.41,0.145,Palnadu,AP
2025-05-11,0.0,39.2,27.2,6.1,0.139,Palnadu,AP
2025-05-12,0.0,41.4,27.5,6.3,0.132,Palnadu,AP
2025-05-13,0.0,41.0,28.4,6.5,0.136,Palnadu,AP
2025-05-14,1.1,39.5,27.6,5.51,0.139,Palnadu,AP
2025-05-15,8.1,39.1,26.6,5.55,0.154,Palnadu,AP
2025-05-16,4.0,34.8,26.3,3.72,0.293,Palnadu,AP
2025-05-17,0.0,37.1,27.4,5.74,0.281,Palnadu,AP
2025-05-18,16.9,35.2,26.2,5.06,0.301,Palnadu,AP
2025-05-19,7.4,32.8,25.2,4.22,0.267,Palnadu,AP
2025-05-20,11.3,33.7,26.4,3.68,0.288,Palnadu,AP
2025-05-21,17.1,32.6,25.8,3.31,0.378,Palnadu,AP
2025-05-22,1.0,34.3,25.7,4.68,0.342,Palnadu,AP
2025-05-23,0.8,35.7,27.7,6.16,0.3,Palnadu,AP
2025-05-24,1.0,34.5,26.7,5.0,0.325,Palnadu,AP
2025-05-25,15.7,34.6,27.2,4.94,0.35,Palnadu,AP
2025-05-26,0.0,33.2,26.0,4.28,0.355,Palnadu,AP
2025-05-27,0.7,35.4,26.6,5.61,0.327,Palnadu,AP
2025-05-28,0.5,33.7,27.4,4.6,0.314,Palnadu,AP
2025-05-29,1.6,35.2,27.2,4.49,0.321,Palnadu,AP
2025-05-30,1.5,35.6,26.4,5.91,0.345,Palnadu,AP
2025-05-31,0.0,36.2,27.5,6.48,0.335,Palnadu,AP
2025-06-01,0.0,36.7,28.2,6.65,0.32,Palnadu,AP
2025-06-02,0.1,35.9,28.4,6.52,0.288,Palnadu,AP
2025-06-03,0.1,35.7,27.0,6.16,0.252,Palnadu,AP
2025-06-04,0.0,37.0,27.3,6.43,0.217,Palnadu,AP
2025-06-05,0.0,36.4,27.0,6.29,0.196,Palnadu,AP
2025-06-06,0.0,37.5,26.9,6.2,0.169,Palnadu,AP
2025-06-07,1.0,37.3,27.4,5.92,0.16,Palnadu,AP
2025-06-08,0.0,38.4,28.3,6.77,0.155,Palnadu,AP
2025-06-09,0.0,38.1,29.2,7.12,0.153,Palnadu,AP
2025-06-10,4.2,38.4,26.3,6.25,0.153,Palnadu,AP
2025-06-11,4.7,34.9,25.2,4.53,0.191,Palnadu,AP
2025-06-12,2.0,35.0,26.3,5.31,0.213,Palnadu,AP
2025-06-13,1.1,35.9,25.9,5.66,0.212,Palnadu,AP
2025-06-14,0.2,36.4,27.4,5.49,0.209,Palnadu,AP
2025-06-15,1.7,35.0,26.9,5.34,0.289,Palnadu,AP
2025-06-16,1.9,34.5,27.2,5.67,0.292,Palnadu,AP
2025-06-17,0.0,35.3,28.0,6.35,0.279,Palnadu,AP
2025-06-18,0.0,36.5,27.8,6.49,0.244,Palnadu,AP
2025-06-19,0.0,35.1,28.7,6.3,0.218,Palnadu,AP
2025-06-20,0.1,35.8,28.9,6.26,0.192,Palnadu,AP
2025-06-21,0.0,36.5,27.2,6.65,0.186,Palnadu,AP
2025-06-22,0.1,36.6,28.3,7.17,0.18,Palnadu,AP
2025-06-23,4.9,32.8,27.0,4.14,0.192,Palnadu,AP
2025-06-24,6.6,33.2,25.4,3.48,0.24,Palnadu,AP
2025-06-25,18.5,32.3,25.9,2.96,0.3,Palnadu,AP
2025-06-26,2.6,32.1,25.2,2.7,0.35,Palnadu,AP
2025-06-27,0.0,34.7,26.9,5.93,0.306,Palnadu,AP
2025-06-28,0.0,35.4,26.8,6.32,0.267,Palnadu,AP
2025-06-29,1.9,35.1,25.7,5.95,0.234,Palnadu,AP
2025-06-30,1.2,33.3,25.8,3.75,0.239,Palnadu,AP
2025-07-01,8.1,29.7,25.0,2.46,0.317,Palnadu,AP
2025-07-02,6.9,30.5,24.8,2.76,0.348,Palnadu,AP
2025-07-03,0.0,32.7,25.4,4.13,0.331,Palnadu,AP
2025-07-04,0.0,33.7,26.7,5.36,0.288,Palnadu,AP
2025-07-05,0.8,34.0,27.1,5.18,0.256,Palnadu,AP
2025-07-06,0.1,33.7,27.4,5.77,0.228,Palnadu,AP
2025-07-07,0.5,33.9,28.0,5.22,0.2,Palnadu,AP
2025-07-08,0.2,35.5,26.8,7.06,0.184,Palnadu,AP
2025-07-09,0.0,35.2,25.9,6.45,0.189,Palnadu,AP
2025-07-10,0.3,35.1,27.4,6.29,0.179,Palnadu,AP
2025-07-11,0.2,35.9,26.0,5.95,0.161,Palnadu,AP
2025-07-12,0.1,36.2,27.1,6.74,0.141,Palnadu,AP
2025-07-13,0.0,36.6,28.7,7.16,0.116,Palnadu,AP
2025-07-14,0.1,38.1,28.8,7.96,0.097,Palnadu,AP
2025-07-15,0.4,38.2,28.5,7.59,0.085,Palnadu,AP
2025-07-16,2.5,38.4,28.4,6.28,0.07,Palnadu,AP
2025-07-17,6.5,38.1,25.5,5.07,0.073,Palnadu,AP
2025-07-18,4.7,34.4,25.4,4.73,0.197,Palnadu,AP
2025-07-19,0.3,36.4,27.5,5.27,0.19,Palnadu,AP
2025-07-20,12.8,37.5,25.0,5.29,0.208,Palnadu,AP
2025-07-21,12.5,34.8,26.0,4.2,0.263,Palnadu,AP
2025-07-22,4.5,33.1,25.5,3.58,0.338,Palnadu,AP
2025-07-23,4.9,32.8,26.3,4.17,0.324,Palnadu,AP
2025-07-24,4.8,30.1,25.5,3.16,0.322,Palnadu,AP
2025-07-25,13.5,29.2,24.9,2.43,0.344,Palnadu,AP
2025-07-26,6.0,31.4,24.9,3.38,0.36,Palnadu,AP
2025-07-27,1.4,34.1,25.0,6.04,0.334,Palnadu,AP
2025-07-28,0.0,34.0,25.8,6.22,0.293,Palnadu,AP
2025-07-29,0.1,34.8,27.0,6.71,0.258,Palnadu,AP
2025-07-30,0.5,34.7,27.3,6.71,0.228,Palnadu,AP
2025-07-31,0.4,34.5,27.2,5.87,0.21,Palnadu,AP
2025-08-01,0.3,35.0,26.9,6.21,0.188,Palnadu,AP
2025-08-02,0.0,35.3,27.3,5.99,0.166,Palnadu,AP
2025-08-03,0.1,36.4,27.4,6.01,0.144,Palnadu,AP
2025-08-04,8.2,36.3,26.2,4.67,0.183,Palnadu,AP
2025-08-05,0.6,35.2,25.8,5.05,0.21,Palnadu,AP
2025-08-06,0.7,36.7,26.5,4.79,0.166,Palnadu,AP
2025-08-07,8.1,36.5,27.5,4.9,0.178,Palnadu,AP
2025-08-08,0.1,34.9,25.3,5.04,0.22,Palnadu,AP
2025-08-09,0.3,37.0,26.1,5.36,0.192,Palnadu,AP
2025-08-10,5.3,35.0,25.6,4.66,0.18,Palnadu,AP
2025-08-11,14.1,33.8,24.5,4.72,0.308,Palnadu,AP
2025-08-12,28.9,33.5,24.6,4.3,0.365,Palnadu,AP
2025-08-13,43.3,28.5,24.4,1.62,0.408,Palnadu,AP
2025-08-14,7.3,31.5,24.2,3.91,0.407,Palnadu,AP
2025-08-15,3.9,33.2,24.8,4.74,0.374,Palnadu,AP
2025-08-16,5.4,31.4,26.0,4.29,0.366,Palnadu,AP
2025-08-17,4.9,29.7,25.3,2.94,0.363,Palnadu,AP
2025-08-18,17.1,30.7,24.3,3.44,0.385,Palnadu,AP
2025-08-19,2.6,31.0,24.3,3.93,0.394,Palnadu,AP
2025-08-20,3.4,32.3,24.8,4.5,0.376,Palnadu,AP
2025-08-21,0.1,32.9,25.6,4.59,0.345,Palnadu,AP
2025-08-22,12.1,32.7,26.4,4.05,0.342,Palnadu,AP
2025-08-23,0.0,33.2,25.6,5.15,0.329,Palnadu,AP
2025-08-24,0.0,32.7,25.9,4.68,0.287,Palnadu,AP
2025-08-25,0.0,33.5,26.5,5.43,0.259,Palnadu,AP
2025-08-26,6.0,32.4,25.7,3.97,0.249,Palnadu,AP
2025-08-27,33.0,28.8,24.0,1.53,0.409,Palnadu,AP
2025-08-28,17.2,31.4,24.1,3.5,0.414,Palnadu,AP
2025-08-29,0.6,32.2,24.8,4.48,0.38,Palnadu,AP
2025-08-30,0.5,33.6,24.9,5.11,0.354,Palnadu,AP
2025-08-31,10.0,31.3,25.1,4.1,0.352,Palnadu,AP
2025-09-01,7.1,31.8,25.3,4.06,0.375,Palnadu,AP
2025-09-02,2.6,30.4,26.5,3.49,0.347,Palnadu,AP
2025-09-03,0.0,32.8,25.7,5.4,0.334,Palnadu,AP
2025-09-04,0.2,33.1,24.7,5.42,0.301,Palnadu,AP
2025-09-05,0.0,33.7,25.9,5.64,0.256,Palnadu,AP
2025-09-06,0.0,33.4,25.4,5.56,0.211,Palnadu,AP
2025-09-07,0.0,33.9,25.9,5.89,0.169,Palnadu,AP
2025-09-08,0.0,34.3,25.6,5.83,0.147,Palnadu,AP
2025-09-09,0.3,35.5,25.6,5.35,0.13,Palnadu,AP
2025-09-10,2.8,32.5,26.2,3.28,0.131,Palnadu,AP
2025-09-11,3.8,32.3,25.1,4.2,0.258,Palnadu,AP
2025-09-12,2.8,31.5,25.0,3.1,0.311,Palnadu,AP
2025-09-13,2.8,31.5,24.0,3.29,0.296,Palnadu,AP
2025-09-14,2.1,32.5,24.2,4.77,0.297,Palnadu,AP
2025-09-15,0.5,32.6,25.7,4.26,0.24,Palnadu,AP
2025-09-16,0.5,33.2,25.6,4.79,0.292,Palnadu,AP
2025-09-17,9.8,32.3,24.2,4.48,0.278,Palnadu,AP
2025-09-18,4.2,32.6,24.2,4.56,0.245,Palnadu,AP
2025-09-19,7.0,33.2,24.8,4.69,0.263,Palnadu,AP
2025-09-20,6.9,33.8,24.5,4.78,0.297,Palnadu,AP
2025-09-21,12.6,33.0,25.2,4.65,0.324,Palnadu,AP
2025-09-22,1.9,32.2,24.9,4.06,0.304,Palnadu,AP
2025-09-23,1.3,31.7,25.0,3.97,0.286,Palnadu,AP
2025-09-24,0.0,32.2,26.0,5.31,0.278,Palnadu,AP
2025-09-25,0.0,31.0,26.3,4.52,0.248,Palnadu,AP
2025-09-26,6.8,30.5,23.4,3.98,0.28,Palnadu,AP
2025-09-27,7.0,31.2,24.2,3.89,0.352,Palnadu,AP
2025-09-28,0.1,32.5,24.1,4.98,0.334,Palnadu,AP
2025-09-29,1.1,32.4,24.6,4.41,0.292,Palnadu,AP
2025-09-30,7.6,32.2,25.1,4.41,0.28,Palnadu,AP
2025-10-01,0.6,31.0,25.0,3.05,0.241,Palnadu,AP
2025-10-02,1.2,31.2,26.9,3.27,0.213,Palnadu,AP
2025-10-03,0.1,33.5,26.0,5.41,0.2,Palnadu,AP
2025-10-04,0.0,33.9,25.4,4.23,0.168,Palnadu,AP
2025-10-05,1.7,33.2,24.6,4.46,0.163,Palnadu,AP
2025-10-06,19.1,32.3,23.7,3.64,0.302,Palnadu,AP
2025-10-07,7.7,32.2,24.6,3.74,0.293,Palnadu,AP
2025-10-08,4.2,33.0,24.6,4.08,0.213,Palnadu,AP
2025-10-09,0.8,32.3,24.1,4.35,0.28,Palnadu,AP
2025-10-10,3.4,32.2,24.3,4.19,0.275,Palnadu,AP
2025-10-11,4.0,30.4,23.7,3.38,0.325,Palnadu,AP
2025-10-12,1.9,31.7,24.8,4.22,0.3,Palnadu,AP
2025-10-13,21.5,26.9,23.6,1.92,0.377,Palnadu,AP
2025-10-14,5.7,28.6,23.6,2.6,0.377,Palnadu,AP
2025-10-15,7.1,29.7,23.4,3.7,0.36,Palnadu,AP
2025-10-16,5.2,30.3,23.1,3.61,0.337,Palnadu,AP
2025-10-17,0.1,30.3,23.5,3.23,0.306,Palnadu,AP
2025-10-18,0.8,31.3,23.6,4.13,0.282,Palnadu,AP
2025-10-19,3.4,28.1,23.8,2.46,0.302,Palnadu,AP
2025-10-20,7.4,30.1,24.2,3.28,0.342,Palnadu,AP
2025-10-21,19.3,27.7,24.4,2.21,0.364,Palnadu,AP
2025-10-22,15.5,27.9,24.4,1.89,0.375,Palnadu,AP
2025-10-23,36.0,27.0,23.8,1.55,0.409,Palnadu,AP
2025-10-24,11.6,27.5,23.4,1.6,0.415,Palnadu,AP
2025-10-25,4.8,29.3,23.1,2.52,0.389,Palnadu,AP
2025-10-26,1.5,30.4,22.9,3.73,0.351,Palnadu,AP
2025-10-27,7.1,29.1,23.1,1.47,0.36,Palnadu,AP
2025-10-28,93.8,26.0,24.1,1.35,0.424,Palnadu,AP
2025-10-29,42.9,25.5,23.8,2.47,0.419,Palnadu,AP
2025-10-30,0.0,30.5,23.6,4.1,0.387,Palnadu,AP
2025-10-31,0.0,31.2,24.0,4.29,0.336,Palnadu,AP
2025-11-01,0.2,31.0,23.4,4.05,0.281,Palnadu,AP
2025-11-02,0.1,31.9,24.3,4.24,0.247,Palnadu,AP
2025-11-03,1.0,31.2,24.1,3.93,0.181,Palnadu,AP
2025-11-04,3.8,30.8,25.3,3.24,0.15,Palnadu,AP
2025-11-05,4.2,31.4,24.6,3.57,0.131,Palnadu,AP
2025-11-06,0.0,32.2,24.0,4.68,0.105,Palnadu,AP
2025-11-07,0.0,31.9,22.8,4.6,0.096,Palnadu,AP
2025-11-08,0.0,31.5,22.1,4.21,0.092,Palnadu,AP
2025-11-09,0.0,30.7,21.6,4.69,0.097,Palnadu,AP
2025-11-10,0.0,30.6,21.3,4.71,0.096,Palnadu,AP
2025-11-11,0.0,31.1,21.7,4.67,0.099,Palnadu,AP
2025-11-12,0.0,31.3,21.8,4.61,0.095,Palnadu,AP
2025-11-13,0.0,31.2,21.2,4.09,0.088,Palnadu,AP
2025-11-14,0.0,29.4,19.1,4.16,0.098,Palnadu,AP
2025-11-15,0.0,29.4,18.5,4.21,0.1,Palnadu,AP
2025-11-16,0.0,29.8,19.3,4.68,0.102,Palnadu,AP
2025-11-17,0.0,29.5,17.9,4.32,0.104,Palnadu,AP
2025-11-18,0.0,30.1,19.3,4.42,0.108,Palnadu,AP
2025-11-19,0.0,30.1,19.6,4.09,0.108,Palnadu,AP
2025-11-20,0.0,30.7,18.4,4.28,0.108,Palnadu,AP
2025-11-21,0.9,32.0,22.8,3.6,0.111,Palnadu,AP
2025-11-22,0.2,32.5,23.2,4.02,0.12,Palnadu,AP
2025-11-23,0.2,32.4,23.0,3.96,0.127,Palnadu,AP
2025-11-24,0.2,31.6,23.2,3.99,0.132,Palnadu,AP
2025-11-25,0.0,31.2,21.9,4.01,0.13,Palnadu,AP
2025-11-26,0.0,30.8,20.7,4.12,0.129,Palnadu,AP
2025-11-27,0.0,30.2,20.0,3.71,0.129,Palnadu,AP
2025-11-28,0.0,29.5,19.9,4.09,0.128,Palnadu,AP
2025-11-29,0.7,31.1,19.6,4.24,0.128,Palnadu,AP
2025-11-30,9.4,28.6,22.9,2.14,0.14,Palnadu,AP
2025-12-01,0.5,27.9,22.4,2.9,0.224,Palnadu,AP
2025-12-02,0.0,28.5,21.5,2.72,0.219,Palnadu,AP
2025-12-03,38.2,27.3,21.6,1.96,0.247,Palnadu,AP
2025-12-04,0.3,29.5,21.9,3.5,0.267,Palnadu,AP
2025-12-05,0.0,29.3,21.4,3.65,0.233,Palnadu,AP
2025-12-06,0.0,28.8,19.3,3.59,0.21,Palnadu,AP
2025-12-07,0.0,29.1,19.4,3.5,0.192,Palnadu,AP
2025-12-08,0.0,28.8,18.3,3.59,0.175,Palnadu,AP
2025-12-09,0.0,30.6,17.0,4.0,0.154,Palnadu,AP
2025-12-10,0.0,30.3,17.0,3.83,0.133,Palnadu,AP
2025-12-11,0.0,30.4,16.6,3.78,0.125,Palnadu,AP
2025-12-12,0.0,30.4,16.3,3.86,0.12,Palnadu,AP
2025-12-13,0.0,31.0,16.9,3.98,0.115,Palnadu,AP
2025-12-14,0.0,30.8,18.0,4.0,0.113,Palnadu,AP
2025-12-15,0.0,30.9,18.2,3.84,0.111,Palnadu,AP
2025-12-16,0.0,31.1,17.8,3.96,0.115,Palnadu,AP
2025-12-17,0.0,32.2,18.0,3.91,0.12,Palnadu,AP
2025-12-18,0.0,31.7,16.3,3.89,0.118,Palnadu,AP
2025-12-19,0.0,30.8,19.1,3.65,0.126,Palnadu,AP
2025-12-20,0.0,30.4,17.4,4.26,0.13,Palnadu,AP
2025-12-21,0.0,30.5,18.0,3.91,0.124,Palnadu,AP
2025-12-22,0.0,30.9,18.1,3.8,0.128,Palnadu,AP
2025-12-23,0.0,30.5,18.5,3.57,0.134,Palnadu,AP
2025-12-24,0.0,30.3,18.1,3.77,0.134,Palnadu,AP
2025-12-25,0.0,30.2,17.5,3.81,0.139,Palnadu,AP
2025-12-26,0.0,30.0,18.3,3.88,0.132,Palnadu,AP
2025-12-27,0.0,29.7,18.5,3.72,0.129,Palnadu,AP
2025-12-28,0.0,29.5,18.3,3.51,0.137,Palnadu,AP
2025-12-29,0.0,29.5,17.9,3.58,0.136,Palnadu,AP
2025-12-30,0.0,30.9,18.1,3.63,0.138,Palnadu,AP
2025-12-31,0.2,30.5,19.9,3.04,0.149,Palnadu,AP
2026-01-01,0.1,30.7,20.3,3.6,0.16,Palnadu,AP
2026-01-02,0.0,30.2,20.0,3.65,0.163,Palnadu,AP
2026-01-03,0.0,29.5,20.1,3.64,0.168,Palnadu,AP
2026-01-04,0.1,29.2,19.1,3.6,0.172,Palnadu,AP
2026-01-05,0.1,28.6,18.5,3.27,0.161,Palnadu,AP
2026-01-06,0.0,29.1,18.7,3.79,0.154,Palnadu,AP
2026-01-07,0.0,29.3,18.2,3.93,0.151,Palnadu,AP
2026-01-08,0.0,29.2,16.9,3.96,0.156,Palnadu,AP
2026-01-09,0.0,28.4,16.4,3.79,0.162,Palnadu,AP
2026-01-10,0.7,26.6,18.7,3.0,0.155,Palnadu,AP
2026-01-11,0.0,28.0,18.6,3.34,0.158,Palnadu,AP
2026-01-12,0.0,29.9,21.6,4.53,0.144,Palnadu,AP
2026-01-13,0.0,31.2,20.6,4.09,0.131,Palnadu,AP
2026-01-14,0.0,32.5,19.8,4.01,0.124,Palnadu,AP
2026-01-15,0.1,30.7,20.5,3.77,0.125,Palnadu,AP
2026-01-16,0.0,31.1,20.3,3.64,0.121,Palnadu,AP
2026-01-17,0.0,31.0,19.4,3.85,0.117,Palnadu,AP
2026-01-18,0.0,31.4,17.9,4.23,0.115,Palnadu,AP
2026-01-19,0.0,31.1,18.4,4.16,0.116,Palnadu,AP
2026-01-20,0.0,30.7,18.7,4.19,0.121,Palnadu,AP
2026-01-21,0.0,30.2,18.0,4.52,0.123,Palnadu,AP
2026-01-22,0.0,30.1,17.2,4.33,0.126,Palnadu,AP
2026-01-23,0.0,29.9,17.9,4.0,0.138,Palnadu,AP
2026-01-24,0.1,28.8,19.6,2.73,0.131,Palnadu,AP
2026-01-25,0.0,31.9,21.1,4.27,0.123,Palnadu,AP
2026-01-26,0.0,31.0,20.2,3.74,0.128,Palnadu,AP
2026-01-27,0.0,31.6,19.5,4.39,0.121,Palnadu,AP
2026-01-28,0.0,31.2,19.6,4.2,0.121,Palnadu,AP
2026-01-29,0.0,31.3,19.9,4.09,0.124,Palnadu,AP
2026-01-30,0.0,31.7,19.5,4.6,0.121,Palnadu,AP
2026-01-31,0.0,30.8,18.8,4.32,0.125,Palnadu,AP
2026-02-01,0.0,30.9,19.0,4.17,0.122,Palnadu,AP
2026-02-02,0.0,31.0,19.7,4.07,0.126,Palnadu,AP
2026-02-03,0.0,30.9,19.3,4.45,0.125,Palnadu,AP
2026-02-04,0.0,31.7,20.4,4.85,0.123,Palnadu,AP
2026-02-05,0.0,31.8,19.0,4.93,0.122,Palnadu,AP
2026-02-06,0.0,31.8,18.1,4.76,0.12,Palnadu,AP
2026-02-07,0.0,33.4,18.3,4.76,0.12,Palnadu,AP
2026-02-08,0.0,32.9,17.4,5.09,0.119,Palnadu,AP
2026-02-09,0.0,31.9,21.3,4.38,0.119,Palnadu,AP
2026-02-10,0.0,31.8,20.2,4.6,0.119,Palnadu,AP
2026-02-11,0.0,31.4,19.6,4.98,0.119,Palnadu,AP
2026-02-12,0.0,31.8,18.4,5.0,0.119,Palnadu,AP
2026-02-13,0.0,31.8,17.4,5.0,0.119,Palnadu,AP
2026-02-14,0.0,32.8,18.9,4.7,0.118,Palnadu,AP
2026-02-15,0.0,33.9,19.9,4.94,0.118,Palnadu,AP
2026-02-16,0.0,33.5,20.3,5.16,0.118,Palnadu,AP
2026-02-17,0.0,32.8,19.6,5.01,0.116,Palnadu,AP
2026-02-18,0.0,32.4,19.6,4.91,0.108,Palnadu,AP
2026-02-19,0.0,33.0,19.2,5.13,0.113,Palnadu,AP
2026-02-20,0.0,34.3,20.0,5.33,0.11,Palnadu,AP
2026-02-21,0.0,34.9,21.4,5.39,0.11,Palnadu,AP
2026-02-22,0.2,35.7,21.9,4.95,0.11,Palnadu,AP
2026-02-23,0.5,34.6,23.9,5.08,0.112,Palnadu,AP
2026-02-24,3.1,29.1,21.8,2.46,0.187,Palnadu,AP
2026-02-25,0.0,32.5,21.0,4.33,0.191,Palnadu,AP
2026-02-26,0.0,33.2,21.6,4.59,0.177,Palnadu,AP
2026-02-27,0.0,34.0,21.7,5.04,0.172,Palnadu,AP
2026-02-28,0.0,33.6,22.7,4.87,0.159,Palnadu,AP
2026-03-01,0.0,33.7,21.9,5.04,0.15,Palnadu,AP
2026-03-02,0.0,35.3,22.7,5.48,0.144,Palnadu,AP
2026-03-03,0.0,35.7,22.3,5.63,0.14,Palnadu,AP
2026-03-04,0.0,35.6,21.8,5.29,0.125,Palnadu,AP
2026-03-05,0.0,36.6,22.2,6.35,0.128,Palnadu,AP
2026-03-06,0.0,37.2,21.5,5.84,0.122,Palnadu,AP
2026-03-07,0.0,36.4,21.4,5.79,0.118,Palnadu,AP
2026-03-08,0.1,34.1,24.3,5.31,0.125,Palnadu,AP
2026-03-09,0.2,32.9,23.8,5.13,0.128,Palnadu,AP
2026-03-10,0.0,33.9,21.9,5.78,0.11,Palnadu,AP
2026-03-11,0.0,35.6,21.1,5.75,0.102,Palnadu,AP
2026-03-12,0.0,37.5,22.8,5.91,0.101,Palnadu,AP
2026-03-13,0.0,35.4,22.2,5.79,0.104,Palnadu,AP
2026-03-14,0.0,34.9,24.0,5.52,0.105,Palnadu,AP
2026-03-15,0.0,35.2,23.9,5.76,0.114,Palnadu,AP
2026-03-16,0.0,34.0,24.3,5.66,0.124,Palnadu,AP
2026-03-17,0.0,33.3,23.1,5.46,0.134,Palnadu,AP
2026-03-18,0.8,31.8,23.0,3.77,0.141,Palnadu,AP
2026-03-19,8.5,33.0,22.5,4.14,0.15,Palnadu,AP
2026-03-20,0.3,33.4,22.2,4.93,0.132,Palnadu,AP
2026-03-21,1.5,33.7,24.1,4.04,0.14,Palnadu,AP
2026-03-22,1.3,33.9,25.0,5.08,0.143,Palnadu,AP
2026-03-23,0.4,33.6,24.3,5.29,0.136,Palnadu,AP
2026-03-24,0.0,34.5,23.9,5.55,0.131,Palnadu,AP
2026-03-25,0.0,35.9,24.1,5.71,0.13,Palnadu,AP
2026-03-26,0.0,36.5,24.5,5.66,0.134,Palnadu,AP
2026-03-27,0.0,37.4,23.7,5.82,0.139,Palnadu,AP
2026-03-28,0.0,36.9,24.3,5.6,0.151,Palnadu,AP
2026-03-29,0.0,36.3,25.4,5.64,0.16,Palnadu,AP
2026-03-30,0.0,36.1,25.7,5.88,0.158,Palnadu,AP
2026-03-31,0.8,35.0,24.7,5.09,0.147,Palnadu,AP
2026-04-01,0.0,35.8,24.7,5.99,0.132,Palnadu,AP
2026-04-02,0.0,35.6,24.2,5.83,0.119,Palnadu,AP
2026-04-03,0.0,36.6,25.0,6.06,0.108,Palnadu,AP
2026-04-04,0.0,36.6,24.6,5.43,0.099,Palnadu,AP
2026-04-05,0.1,37.1,25.4,5.16,0.097,Palnadu,AP
2026-04-06,0.2,36.6,27.0,5.98,0.104,Palnadu,AP
2026-04-07,0.1,38.1,26.9,5.71,0.117,Palnadu,AP
2026-04-08,0.0,37.2,26.8,5.7,0.123,Palnadu,AP
2026-04-09,0.1,37.0,27.6,5.78,0.126,Palnadu,AP
2026-04-10,0.0,38.3,27.2,5.92,0.138,Palnadu,AP
2026-04-11,0.0,38.3,26.9,6.17,0.142,Palnadu,AP
2026-04-12,0.0,36.8,26.5,6.25,0.144,Palnadu,AP
2026-04-13,0.0,39.0,25.7,6.77,0.143,Palnadu,AP
2026-04-14,0.0,38.9,25.7,6.83,0.13,Palnadu,AP
2026-04-15,0.0,39.6,26.3,6.63,0.126,Palnadu,AP
2026-04-16,0.0,37.7,26.4,6.16,0.122,Palnadu,AP
2026-04-17,0.0,39.3,26.7,6.57,0.119,Palnadu,AP
2026-04-18,0.0,38.2,26.8,6.48,0.117,Palnadu,AP
2026-04-19,0.0,38.0,26.5,6.67,0.127,Palnadu,AP
2026-04-20,0.0,37.6,26.5,5.81,0.144,Palnadu,AP
2026-04-21,0.0,37.6,26.4,6.05,0.147,Palnadu,AP
2026-04-22,0.0,38.1,26.1,6.33,0.138,Palnadu,AP
2026-04-23,0.0,38.6,25.8,6.46,0.14,Palnadu,AP
2026-04-24,0.7,37.8,25.4,6.19,0.142,Palnadu,AP
2026-04-25,0.0,37.9,25.7,6.06,0.143,Palnadu,AP
2026-04-26,0.0,39.0,26.3,6.67,0.128,Palnadu,AP
2026-04-27,0.0,39.7,26.7,6.49,0.12,Palnadu,AP
2026-04-28,0.0,37.8,27.6,6.02,0.117,Palnadu,AP
2026-04-29,0.0,37.2,27.2,5.84,0.112,Palnadu,AP
2026-04-30,0.3,38.7,28.3,6.19,0.11,Palnadu,AP
2026-05-01,0.0,39.8,28.8,7.65,0.12,Palnadu,AP
2026-05-02,0.0,39.3,27.5,6.36,0.119,Palnadu,AP
2026-05-03,0.0,38.1,28.1,6.4,0.141,Palnadu,AP
2026-05-04,0.0,38.0,26.5,6.17,0.13,Palnadu,AP
2026-05-05,0.0,36.2,28.4,6.15,0.122,Palnadu,AP
2026-05-06,2.5,35.5,27.1,5.76,0.124,Palnadu,AP
2026-05-07,1.0,35.3,27.5,5.61,0.126,Palnadu,AP
2026-05-08,1.0,36.6,26.9,5.55,0.128,Palnadu,AP
2026-05-09,0.7,37.1,26.1,5.81,0.123,Palnadu,AP
2026-05-10,0.0,37.2,26.5,6.02,0.12,Palnadu,AP
2026-05-11,0.0,38.3,26.6,6.2,0.12,Palnadu,AP
2026-05-12,1.5,36.7,27.4,5.8,0.123,Palnadu,AP
2026-05-13,0.1,37.1,27.8,5.81,0.118,Palnadu,AP
2026-05-14,0.0,37.1,27.9,5.68,0.122,Palnadu,AP
2026-05-15,0.0,38.5,27.8,5.71,0.132,Palnadu,AP
2026-05-16,0.1,37.3,28.6,5.95,0.13,Palnadu,AP
2026-05-17,0.0,37.6,28.5,5.84,0.132,Palnadu,AP
2026-05-18,0.0,38.2,29.0,6.39,0.14,Palnadu,AP
2026-05-19,0.0,38.6,29.0,5.93,0.147,Palnadu,AP
2026-05-20,0.0,40.7,30.1,7.75,0.153,Palnadu,AP
2026-05-21,0.6,42.2,32.2,7.87,0.15,Palnadu,AP
2026-05-22,0.0,39.9,31.9,8.53,0.151,Palnadu,AP
2026-05-23,0.1,39.0,30.5,7.25,0.148,Palnadu,AP
2026-05-24,1.5,40.0,31.5,8.61,0.148,Palnadu,AP
2026-05-25,0.2,41.3,31.4,8.22,0.15,Palnadu,AP
2026-05-26,1.6,39.9,29.7,7.25,0.154,Palnadu,AP
2026-05-27,0.1,36.7,27.1,5.89,0.174,Palnadu,AP
2026-05-28,0.1,39.1,29.3,6.98,0.18,Palnadu,AP
2026-05-29,0.0,38.3,28.5,7.21,0.174,Palnadu,AP
2026-05-30,4.8,36.2,24.8,6.04,0.197,Palnadu,AP
2026-05-31,0.6,38.1,27.9,6.25,0.196,Palnadu,AP
2026-06-01,1.0,35.2,27.0,5.86,0.222,Palnadu,AP
2026-06-02,0.7,37.3,28.0,6.4,0.241,Palnadu,AP
2026-06-03,1.4,37.5,28.6,5.93,0.234,Palnadu,AP
2026-06-04,1.8,37.4,28.3,6.08,0.219,Palnadu,AP
2026-06-05,3.6,37.0,27.0,6.31,0.243,Palnadu,AP
2026-06-06,0.2,37.7,29.5,6.61,0.221,Palnadu,AP
2026-06-07,10.0,37.5,28.7,6.68,0.193,Palnadu,AP
2026-06-08,2.6,36.0,26.5,6.17,0.204,Palnadu,AP
2026-06-09,0.8,36.2,29.3,7.1,0.191,Palnadu,AP
2026-06-10,7.2,38.0,27.0,7.21,0.188,Palnadu,AP
2026-06-11,3.3,36.5,26.2,5.39,0.261,Palnadu,AP
2026-06-12,0.0,32.8,26.8,3.18,0.262,Palnadu,AP
2026-06-13,0.0,35.1,26.8,5.65,0.336,Palnadu,AP
2026-06-14,0.0,33.5,27.6,4.38,0.371,Palnadu,AP
2026-06-15,1.7,36.5,28.1,6.18,0.346,Palnadu,AP
2026-06-16,0.8,37.0,27.7,6.16,0.319,Palnadu,AP
2026-06-17,1.6,37.5,28.2,5.99,0.288,Palnadu,AP
2026-06-18,3.5,36.5,26.0,5.46,0.291,Palnadu,AP
2026-06-19,0.3,36.2,27.4,5.87,0.307,Palnadu,AP
2026-06-20,0.6,34.9,26.9,5.48,0.316,Palnadu,AP
2026-06-21,0.7,33.2,25.3,2.85,0.342,Palnadu,AP
2026-06-22,4.2,35.8,28.2,5.45,0.325,Palnadu,AP
2026-06-23,0.1,33.0,27.6,3.89,0.286,Palnadu,AP
2026-06-24,0.8,34.4,27.8,6.14,0.272,Palnadu,AP
2026-06-25,0.6,34.2,27.7,5.81,0.235,Palnadu,AP
2026-06-26,1.8,34.5,28.4,5.6,0.234,Palnadu,AP
2026-06-27,2.1,33.0,27.4,4.11,0.221,Palnadu,AP
2026-06-28,12.3,35.3,25.3,4.95,0.296,Palnadu,AP
2026-06-29,1.4,33.9,26.2,5.2,0.316,Palnadu,AP
2026-06-30,3.2,34.3,26.3,5.87,0.273,Palnadu,AP
2026-07-01,0.1,34.4,28.9,6.14,0.278,Palnadu,AP
2026-07-02,1.5,32.4,26.5,3.84,0.265,Palnadu,AP
2026-07-03,0.5,32.5,27.6,4.31,0.221,Palnadu,AP
2026-07-04,7.0,31.0,25.6,2.97,0.227,Palnadu,AP
2026-07-05,1.4,33.8,26.3,5.14,0.223,Palnadu,AP
2026-07-06,0.1,36.1,28.2,7.65,0.219,Palnadu,AP
2026-07-07,0.9,35.8,29.1,7.38,0.225,Palnadu,AP
2026-07-08,0.2,36.3,28.8,7.08,0.228,Palnadu,AP
2026-07-09,2.7,34.8,28.7,5.66,0.214,Palnadu,AP
2026-07-10,0.8,36.1,27.2,6.44,0.179,Palnadu,AP
2026-07-11,0.9,35.6,28.9,6.44,0.17,Palnadu,AP
2026-07-12,0.0,36.0,30.0,7.39,0.156,Palnadu,AP
2026-07-13,0.0,36.8,29.9,7.78,0.148,Palnadu,AP
2026-07-14,0.0,36.3,30.2,7.42,0.146,Palnadu,AP
2026-07-15,0.2,36.9,28.9,7.68,0.137,Palnadu,AP
2026-07-16,6.1,35.4,25.0,5.9,0.158,Palnadu,AP
2026-07-17,1.3,34.5,27.8,4.55,0.165,Palnadu,AP
2026-07-18,2.5,31.9,25.8,4.25,0.241,Palnadu,AP
2026-07-19,2.0,34.0,27.9,5.69,0.261,Palnadu,AP
2026-07-20,1.1,34.4,27.1,5.38,0.192,Palnadu,AP
2026-07-21,1.3,34.4,26.4,5.16,0.188,Palnadu,AP
2026-07-22,0.3,32.8,27.7,5.33,0.172,Palnadu,AP
2026-07-23,2.7,35.4,27.2,6.8,0.189,Palnadu,AP
2026-07-24,0.5,35.1,28.3,5.84,0.182,Palnadu,AP
2026-07-25,1.4,34.9,28.7,6.78,0.209,Palnadu,AP
2026-07-26,2.3,35.8,29.3,6.85,0.202,Palnadu,AP
2026-07-27,1.0,33.8,28.2,4.95,0.211,Palnadu,AP
2026-07-28,6.1,35.3,25.3,5.14,0.177,Palnadu,AP
2026-07-29,4.1,32.1,26.6,4.42,0.187,Palnadu,AP
2026-07-30,1.4,30.9,26.5,3.77,0.184,Palnadu,AP
2026-07-31,6.3,34.2,26.2,5.35,0.247,Palnadu,AP
2026-08-01,3.5,33.5,26.5,4.18,0.297,Palnadu,AP
2026-08-02,2.2,34.5,26.6,5.99,0.292,Palnadu,AP
2026-08-03,1.2,34.1,27.7,5.63,0.253,Palnadu,AP
2026-08-04,5.7,32.9,26.2,5.3,0.279,Palnadu,AP
2026-08-05,0.3,34.5,26.1,6.09,0.239,Palnadu,AP
2026-08-06,1.1,34.4,27.5,5.44,0.182,Palnadu,AP
2026-08-07,0.4,32.5,27.2,4.95,0.238,Palnadu,AP
2026-08-08,1.4,34.0,25.6,5.76,0.262,Palnadu,AP
2026-08-09,1.0,34.3,25.8,6.12,0.271,Palnadu,AP
2026-08-10,0.1,34.9,27.7,6.19,0.26,Palnadu,AP
2026-08-11,0.5,35.0,26.8,6.49,0.23,Palnadu,AP
2026-08-12,1.7,35.2,27.2,6.1,0.209,Palnadu,AP
2026-08-13,11.7,34.4,26.4,5.28,0.293,Palnadu,AP
2026-08-14,1.7,35.1,27.2,6.75,0.258,Palnadu,AP
2026-08-15,0.3,35.1,26.1,6.65,0.205,Palnadu,AP
2026-08-16,0.7,34.6,27.1,6.03,0.22,Palnadu,AP
2026-08-17,0.9,34.8,27.9,5.99,0.21,Palnadu,AP
2026-08-18,0.1,34.1,25.7,5.63,0.211,Palnadu,AP
2026-08-19,1.0,32.4,26.9,4.65,0.258,Palnadu,AP
2026-08-20,3.1,33.4,25.3,4.85,0.3,Palnadu,AP
2026-08-21,0.9,34.8,26.7,6.26,0.28,Palnadu,AP
2026-08-22,0.1,34.1,29.0,6.16,0.262,Palnadu,AP
2026-08-23,1.0,33.8,26.6,5.04,0.248,Palnadu,AP
2026-08-24,7.0,29.5,25.0,2.66,0.329,Palnadu,AP
2026-08-25,0.9,33.2,27.3,5.41,0.316,Palnadu,AP
2026-08-26,0.5,33.8,28.2,6.16,0.264,Palnadu,AP
2026-08-27,2.8,34.1,25.8,6.08,0.255,Palnadu,AP
2026-08-28,0.2,34.1,28.6,6.74,0.236,Palnadu,AP
2026-08-29,1.0,34.0,28.8,7.17,0.213,Palnadu,AP
2026-08-30,0.0,33.5,28.0,6.97,0.201,Palnadu,AP
2026-08-31,4.7,31.9,24.8,4.85,0.22,Palnadu,AP
2026-09-01,0.2,34.1,27.2,6.14,0.206,Palnadu,AP
2026-09-02,2.0,34.4,26.7,5.18,0.21,Palnadu,AP
2026-09-03,7.4,33.3,27.1,4.39,0.3,Palnadu,AP
2026-09-04,1.6,34.0,26.1,4.49,0.279,Palnadu,AP
2026-09-05,6.2,34.5,25.4,5.29,0.273,Palnadu,AP
2026-09-06,0.5,35.4,27.2,5.19,0.214,Palnadu,AP
2026-09-07,3.4,35.6,26.4,5.18,0.204,Palnadu,AP
2026-09-08,1.5,35.1,26.0,5.17,0.246,Palnadu,AP
2026-09-09,1.2,35.6,26.9,5.94,0.234,Palnadu,AP
2026-09-10,1.5,33.4,28.4,4.59,0.232,Palnadu,AP
