date,precipitation_sum,temperature_2m_max,temperature_2m_min,et0_fao_evapotranspiration,soil_moisture_0_to_7cm_mean,district,state
2014-01-01,0.0,26.3,16.1,3.62,0.216,Vizianagaram,AP
2014-01-02,0.0,27.3,15.4,3.82,0.213,Vizianagaram,AP
2014-01-03,0.0,27.1,16.4,3.63,0.21,Vizianagaram,AP
2014-01-04,0.0,26.9,17.3,3.49,0.207,Vizianagaram,AP
2014-01-05,0.0,27.0,16.9,3.39,0.205,Vizianagaram,AP
2014-01-06,0.0,26.7,17.3,3.39,0.203,Vizianagaram,AP
2014-01-07,0.0,27.4,18.3,3.42,0.2,Vizianagaram,AP
2014-01-08,0.0,27.0,19.5,3.28,0.199,Vizianagaram,AP
2014-01-09,0.0,26.7,19.7,3.18,0.202,Vizianagaram,AP
2014-01-10,0.0,26.3,18.3,3.17,0.201,Vizianagaram,AP
2014-01-11,0.0,26.0,16.9,3.48,0.198,Vizianagaram,AP
2014-01-12,0.0,27.6,16.1,3.57,0.195,Vizianagaram,AP
2014-01-13,0.2,26.5,19.3,3.16,0.195,Vizianagaram,AP
2014-01-14,0.5,25.1,19.3,2.73,0.204,Vizianagaram,AP
2014-01-15,0.8,25.5,18.9,2.81,0.217,Vizianagaram,AP
2014-01-16,0.3,26.4,18.4,3.15,0.22,Vizianagaram,AP
2014-01-17,0.3,25.5,19.4,2.93,0.223,Vizianagaram,AP
2014-01-18,0.0,26.0,17.6,3.37,0.224,Vizianagaram,AP
2014-01-19,0.0,26.9,18.4,3.75,0.218,Vizianagaram,AP
2014-01-20,0.0,27.4,17.7,3.82,0.211,Vizianagaram,AP
2014-01-21,0.1,26.9,17.8,3.54,0.207,Vizianagaram,AP
2014-01-22,1.4,24.5,19.1,2.58,0.214,Vizianagaram,AP
2014-01-23,0.0,26.2,18.2,3.51,0.215,Vizianagaram,AP
2014-01-24,0.0,26.7,16.6,3.58,0.209,Vizianagaram,AP
2014-01-25,0.0,27.2,17.0,3.95,0.203,Vizianagaram,AP
2014-01-26,0.0,27.2,17.6,4.03,0.198,Vizianagaram,AP
2014-01-27,0.0,27.3,18.4,3.64,0.194,Vizianagaram,AP
2014-01-28,0.0,26.8,18.9,3.72,0.19,Vizianagaram,AP
2014-01-29,0.0,26.3,17.8,4.13,0.186,Vizianagaram,AP
2014-01-30,0.0,27.0,17.2,4.11,0.182,Vizianagaram,AP
2014-01-31,0.0,27.1,16.5,4.09,0.178,Vizianagaram,AP
2014-02-01,0.0,27.1,17.6,4.07,0.175,Vizianagaram,AP
2014-02-02,0.0,28.3,16.4,4.14,0.172,Vizianagaram,AP
2014-02-03,0.0,28.8,15.9,4.18,0.169,Vizianagaram,AP
2014-02-04,0.0,29.8,16.1,4.25,0.166,Vizianagaram,AP
2014-02-05,0.0,29.8,18.6,4.1,0.164,Vizianagaram,AP
2014-02-06,0.0,30.5,18.8,4.29,0.161,Vizianagaram,AP
2014-02-07,0.0,30.9,18.1,4.86,0.159,Vizianagaram,AP
2014-02-08,0.0,31.2,19.4,5.71,0.156,Vizianagaram,AP
2014-02-09,0.0,31.6,18.8,5.41,0.153,Vizianagaram,AP
2014-02-10,0.0,31.3,19.8,5.15,0.151,Vizianagaram,AP
2014-02-11,0.0,30.5,19.4,5.02,0.149,Vizianagaram,AP
2014-02-12,0.0,30.5,19.3,4.74,0.147,Vizianagaram,AP
2014-02-13,0.0,28.3,19.9,4.19,0.146,Vizianagaram,AP
2014-02-14,0.0,28.2,18.1,4.28,0.146,Vizianagaram,AP
2014-02-15,0.0,28.5,18.3,4.29,0.145,Vizianagaram,AP
2014-02-16,0.1,28.0,21.8,3.8,0.145,Vizianagaram,AP
2014-02-17,0.1,29.3,20.5,4.7,0.146,Vizianagaram,AP
2014-02-18,0.0,27.7,19.3,4.87,0.145,Vizianagaram,AP
2014-02-19,0.0,27.4,16.4,4.78,0.143,Vizianagaram,AP
2014-02-20,0.0,27.6,16.4,4.59,0.142,Vizianagaram,AP
2014-02-21,0.0,28.0,17.0,4.49,0.141,Vizianagaram,AP
2014-02-22,0.0,28.4,17.8,4.64,0.14,Vizianagaram,AP
2014-02-23,0.0,27.7,18.2,4.49,0.139,Vizianagaram,AP
2014-02-24,0.0,28.0,17.1,4.45,0.138,Vizianagaram,AP
2014-02-25,0.0,28.3,17.9,4.48,0.138,Vizianagaram,AP
2014-02-26,0.0,28.9,18.3,4.66,0.137,Vizianagaram,AP
2014-02-27,0.0,29.8,18.6,4.79,0.136,Vizianagaram,AP
2014-02-28,0.0,28.9,18.5,4.62,0.135,Vizianagaram,AP
2014-03-01,0.0,28.8,20.7,4.44,0.135,Vizianagaram,AP
2014-03-02,0.0,29.5,19.2,4.45,0.134,Vizianagaram,AP
2014-03-03,0.3,29.6,20.5,4.1,0.139,Vizianagaram,AP
2014-03-04,0.0,28.7,20.8,4.09,0.15,Vizianagaram,AP
2014-03-05,0.0,28.4,19.9,4.4,0.148,Vizianagaram,AP
2014-03-06,0.0,30.1,20.4,4.64,0.146,Vizianagaram,AP
2014-03-07,0.0,30.0,20.6,4.82,0.145,Vizianagaram,AP
2014-03-08,0.2,29.8,19.7,4.58,0.143,Vizianagaram,AP
2014-03-09,0.7,30.4,21.0,4.49,0.151,Vizianagaram,AP
2014-03-10,3.6,30.7,21.0,4.02,0.212,Vizianagaram,AP
2014-03-11,0.0,29.8,20.0,4.52,0.274,Vizianagaram,AP
2014-03-12,0.0,30.5,20.8,4.48,0.251,Vizianagaram,AP
2014-03-13,0.0,31.0,22.1,3.91,0.235,Vizianagaram,AP
2014-03-14,0.0,32.6,21.3,5.13,0.222,Vizianagaram,AP
2014-03-15,0.0,33.2,21.7,5.23,0.209,Vizianagaram,AP
2014-03-16,0.0,33.2,21.7,5.28,0.198,Vizianagaram,AP
2014-03-17,0.0,33.4,21.7,5.76,0.189,Vizianagaram,AP
2014-03-18,0.0,34.3,22.6,6.32,0.179,Vizianagaram,AP
2014-03-19,0.0,35.1,23.0,6.51,0.17,Vizianagaram,AP
2014-03-20,0.0,34.7,23.4,6.31,0.163,Vizianagaram,AP
2014-03-21,0.0,33.8,22.8,5.89,0.157,Vizianagaram,AP
2014-03-22,0.0,34.0,23.6,5.85,0.153,Vizianagaram,AP
2014-03-23,0.0,34.3,23.4,6.24,0.15,Vizianagaram,AP
2014-03-24,0.0,33.2,23.3,6.06,0.146,Vizianagaram,AP
2014-03-25,0.0,32.6,22.8,5.75,0.143,Vizianagaram,AP
2014-03-26,0.0,34.4,23.2,6.56,0.14,Vizianagaram,AP
2014-03-27,0.0,35.7,23.1,7.3,0.137,Vizianagaram,AP
2014-03-28,0.0,37.2,23.6,7.2,0.135,Vizianagaram,AP
2014-03-29,0.0,37.5,23.7,6.85,0.132,Vizianagaram,AP
2014-03-30,0.0,37.7,24.3,7.37,0.131,Vizianagaram,AP
2014-03-31,0.0,37.6,25.7,7.44,0.129,Vizianagaram,AP
2014-04-01,0.0,37.3,25.0,7.48,0.129,Vizianagaram,AP
2014-04-02,0.2,36.0,25.3,7.18,0.132,Vizianagaram,AP
2014-04-03,0.0,35.0,24.9,6.83,0.135,Vizianagaram,AP
2014-04-04,0.0,35.7,24.5,6.73,0.133,Vizianagaram,AP
2014-04-05,0.0,36.2,24.0,6.55,0.131,Vizianagaram,AP
2014-04-06,0.0,34.8,24.6,6.29,0.13,Vizianagaram,AP
2014-04-07,0.0,35.5,24.9,6.77,0.129,Vizianagaram,AP
2014-04-08,0.0,36.7,25.6,6.94,0.129,Vizianagaram,AP
2014-04-09,0.1,36.8,26.2,6.7,0.131,Vizianagaram,AP
2014-04-10,0.0,36.4,24.5,6.19,0.132,Vizianagaram,AP
2014-04-11,0.0,34.7,25.4,5.66,0.132,Vizianagaram,AP
2014-04-12,0.0,33.9,25.4,5.85,0.132,Vizianagaram,AP
2014-04-13,0.1,33.2,25.5,5.41,0.133,Vizianagaram,AP
2014-04-14,0.0,33.9,23.7,5.98,0.135,Vizianagaram,AP
2014-04-15,0.0,34.8,23.9,6.13,0.133,Vizianagaram,AP
2014-04-16,0.0,35.1,25.3,6.21,0.132,Vizianagaram,AP
2014-04-17,0.0,34.8,25.6,6.2,0.132,Vizianagaram,AP
2014-04-18,0.0,34.7,25.5,6.07,0.131,Vizianagaram,AP
2014-04-19,0.0,35.5,24.7,6.18,0.131,Vizianagaram,AP
2014-04-20,0.0,36.5,25.4,6.25,0.13,Vizianagaram,AP
2014-04-21,0.0,35.1,26.0,5.82,0.131,Vizianagaram,AP
2014-04-22,0.2,35.6,25.3,5.98,0.134,Vizianagaram,AP
2014-04-23,0.0,36.8,25.3,6.35,0.136,Vizianagaram,AP
2014-04-24,0.0,36.1,26.6,6.63,0.133,Vizianagaram,AP
2014-04-25,0.1,37.3,27.0,6.81,0.133,Vizianagaram,AP
2014-04-26,0.0,35.9,27.2,6.56,0.134,Vizianagaram,AP
2014-04-27,0.0,36.3,26.6,6.72,0.132,Vizianagaram,AP
2014-04-28,0.0,36.6,26.6,7.15,0.131,Vizianagaram,AP
2014-04-29,0.0,36.0,27.2,7.05,0.131,Vizianagaram,AP
2014-04-30,0.0,35.5,26.5,6.09,0.131,Vizianagaram,AP
2014-05-01,0.0,36.1,26.4,6.96,0.13,Vizianagaram,AP
2014-05-02,0.1,35.4,26.4,6.64,0.131,Vizianagaram,AP
2014-05-03,0.2,34.9,26.8,6.65,0.134,Vizianagaram,AP
2014-05-04,0.1,35.2,26.6,6.27,0.137,Vizianagaram,AP
2014-05-05,0.0,33.7,25.7,5.96,0.138,Vizianagaram,AP
2014-05-06,0.3,34.4,25.5,5.74,0.139,Vizianagaram,AP
2014-05-07,0.2,34.7,26.3,6.42,0.142,Vizianagaram,AP
2014-05-08,0.0,35.9,26.9,7.19,0.141,Vizianagaram,AP
2014-05-09,0.9,35.2,26.7,6.62,0.139,Vizianagaram,AP
2014-05-10,45.9,29.4,24.0,2.32,0.315,Vizianagaram,AP
2014-05-11,0.0,34.6,25.7,6.16,0.31,Vizianagaram,AP
2014-05-12,0.0,36.9,26.6,6.72,0.285,Vizianagaram,AP
2014-05-13,0.0,36.1,27.4,6.63,0.266,Vizianagaram,AP
2014-05-14,0.0,37.3,27.2,6.57,0.251,Vizianagaram,AP
2014-05-15,0.2,37.0,26.8,6.36,0.239,Vizianagaram,AP
2014-05-16,0.0,35.9,27.3,6.33,0.23,Vizianagaram,AP
2014-05-17,0.0,35.6,27.1,6.12,0.22,Vizianagaram,AP
2014-05-18,0.0,35.3,27.4,5.99,0.21,Vizianagaram,AP
2014-05-19,0.0,34.8,27.8,5.48,0.201,Vizianagaram,AP
2014-05-20,0.0,35.4,27.0,6.27,0.192,Vizianagaram,AP
2014-05-21,0.0,37.1,27.2,6.59,0.184,Vizianagaram,AP
2014-05-22,0.3,40.0,28.6,6.49,0.178,Vizianagaram,AP
2014-05-23,0.0,37.6,27.6,6.1,0.176,Vizianagaram,AP
2014-05-24,0.1,35.4,28.3,5.62,0.17,Vizianagaram,AP
2014-05-25,21.3,30.8,26.2,1.75,0.23,Vizianagaram,AP
2014-05-26,28.4,31.2,25.0,3.48,0.374,Vizianagaram,AP
2014-05-27,0.0,34.5,27.2,6.07,0.332,Vizianagaram,AP
2014-05-28,0.0,34.1,27.6,5.88,0.309,Vizianagaram,AP
2014-05-29,0.0,34.6,27.5,6.17,0.291,Vizianagaram,AP
2014-05-30,0.0,35.6,27.5,6.35,0.276,Vizianagaram,AP
2014-05-31,0.0,35.6,27.7,6.09,0.262,Vizianagaram,AP
2014-06-01,0.0,34.1,28.4,5.06,0.251,Vizianagaram,AP
2014-06-02,0.1,34.2,28.0,5.38,0.244,Vizianagaram,AP
2014-06-03,1.4,35.1,27.6,5.66,0.24,Vizianagaram,AP
2014-06-04,0.0,33.9,27.4,5.45,0.232,Vizianagaram,AP
2014-06-05,0.0,35.3,27.6,5.77,0.222,Vizianagaram,AP
2014-06-06,0.0,35.9,28.1,6.07,0.212,Vizianagaram,AP
2014-06-07,0.0,36.0,28.4,5.89,0.203,Vizianagaram,AP
2014-06-08,0.0,35.7,28.8,5.7,0.195,Vizianagaram,AP
2014-06-09,0.0,37.2,29.2,6.24,0.187,Vizianagaram,AP
2014-06-10,0.0,38.2,28.3,6.65,0.18,Vizianagaram,AP
2014-06-11,0.2,40.5,29.5,6.63,0.175,Vizianagaram,AP
2014-06-12,0.0,40.8,30.0,6.83,0.174,Vizianagaram,AP
2014-06-13,0.6,40.5,29.3,6.24,0.174,Vizianagaram,AP
2014-06-14,1.2,38.3,30.1,6.23,0.181,Vizianagaram,AP
2014-06-15,4.4,37.5,27.0,5.52,0.253,Vizianagaram,AP
2014-06-16,0.4,37.1,29.2,5.71,0.262,Vizianagaram,AP
2014-06-17,0.7,35.6,28.9,4.13,0.256,Vizianagaram,AP
2014-06-18,3.8,33.8,28.6,3.76,0.28,Vizianagaram,AP
2014-06-19,1.8,33.8,27.6,4.23,0.28,Vizianagaram,AP
2014-06-20,3.9,31.4,26.6,3.0,0.321,Vizianagaram,AP
2014-06-21,0.6,33.0,28.1,3.34,0.305,Vizianagaram,AP
2014-06-22,0.0,33.9,28.1,5.15,0.282,Vizianagaram,AP
2014-06-23,0.3,36.9,27.3,5.74,0.262,Vizianagaram,AP
2014-06-24,0.0,38.2,26.8,6.41,0.244,Vizianagaram,AP
2014-06-25,0.4,37.3,27.9,5.74,0.228,Vizianagaram,AP
2014-06-26,10.3,33.2,27.3,3.19,0.288,Vizianagaram,AP
2014-06-27,27.5,28.7,26.4,1.88,0.39,Vizianagaram,AP
2014-06-28,4.1,31.2,26.1,3.45,0.384,Vizianagaram,AP
2014-06-29,0.0,32.4,26.2,4.14,0.366,Vizianagaram,AP
2014-06-30,1.1,30.0,27.1,3.11,0.357,Vizianagaram,AP
2014-07-01,0.0,35.0,27.4,5.04,0.344,Vizianagaram,AP
2014-07-02,0.0,36.0,27.9,6.17,0.322,Vizianagaram,AP
2014-07-03,0.0,35.8,27.8,5.69,0.305,Vizianagaram,AP
2014-07-04,0.0,35.6,28.4,4.84,0.292,Vizianagaram,AP
2014-07-05,6.9,34.6,28.3,4.84,0.324,Vizianagaram,AP
2014-07-06,3.5,32.9,26.9,5.08,0.364,Vizianagaram,AP
2014-07-07,4.3,33.0,26.9,4.9,0.369,Vizianagaram,AP
2014-07-08,4.5,32.1,27.3,4.5,0.383,Vizianagaram,AP
2014-07-09,6.5,34.0,27.4,4.04,0.388,Vizianagaram,AP
2014-07-10,0.0,33.1,27.5,3.18,0.376,Vizianagaram,AP
2014-07-11,11.0,29.1,26.3,1.75,0.395,Vizianagaram,AP
2014-07-12,10.1,28.5,25.5,1.93,0.412,Vizianagaram,AP
2014-07-13,10.4,28.0,25.4,1.89,0.413,Vizianagaram,AP
2014-07-14,22.4,30.9,25.6,2.95,0.418,Vizianagaram,AP
2014-07-15,0.0,31.5,26.5,4.18,0.396,Vizianagaram,AP
2014-07-16,2.6,28.8,25.1,2.82,0.389,Vizianagaram,AP
2014-07-17,1.2,29.4,25.7,3.14,0.378,Vizianagaram,AP
2014-07-18,5.1,28.4,25.9,1.94,0.383,Vizianagaram,AP
2014-07-19,12.1,27.1,25.3,1.65,0.412,Vizianagaram,AP
2014-07-20,27.1,28.8,24.9,2.2,0.426,Vizianagaram,AP
2014-07-21,16.8,28.3,24.5,3.12,0.421,Vizianagaram,AP
2014-07-22,0.6,31.3,25.7,5.84,0.395,Vizianagaram,AP
2014-07-23,0.2,31.7,25.6,5.41,0.375,Vizianagaram,AP
2014-07-24,0.4,31.7,25.3,4.77,0.363,Vizianagaram,AP
2014-07-25,0.8,31.4,25.7,3.31,0.362,Vizianagaram,AP
2014-07-26,0.8,28.5,25.5,2.33,0.369,Vizianagaram,AP
2014-07-27,51.6,26.0,24.8,0.85,0.408,Vizianagaram,AP
2014-07-28,17.3,26.9,24.5,1.38,0.426,Vizianagaram,AP
2014-07-29,7.9,29.3,24.4,2.51,0.421,Vizianagaram,AP
2014-07-30,9.2,28.7,25.0,2.07,0.419,Vizianagaram,AP
2014-07-31,15.7,29.9,24.8,2.4,0.424,Vizianagaram,AP
2014-08-01,2.0,31.5,26.0,4.6,0.411,Vizianagaram,AP
2014-08-02,5.5,29.3,25.9,2.38,0.416,Vizianagaram,AP
2014-08-03,5.4,28.4,25.2,1.91,0.422,Vizianagaram,AP
2014-08-04,1.4,28.8,25.6,2.65,0.41,Vizianagaram,AP
2014-08-05,1.8,30.2,25.0,3.45,0.409,Vizianagaram,AP
2014-08-06,0.0,33.2,26.0,5.81,0.391,Vizianagaram,AP
2014-08-07,0.5,31.4,26.0,4.25,0.386,Vizianagaram,AP
2014-08-08,0.9,33.3,26.1,4.76,0.39,Vizianagaram,AP
2014-08-09,1.7,33.3,26.4,4.3,0.391,Vizianagaram,AP
2014-08-10,3.2,31.9,25.7,4.57,0.403,Vizianagaram,AP
2014-08-11,2.2,31.7,25.8,4.88,0.397,Vizianagaram,AP
2014-08-12,0.8,31.9,26.2,4.93,0.398,Vizianagaram,AP
2014-08-13,0.3,31.7,26.6,4.35,0.389,Vizianagaram,AP
2014-08-14,1.9,32.4,26.1,4.24,0.386,Vizianagaram,AP
2014-08-15,1.6,31.7,26.7,3.09,0.397,Vizianagaram,AP
2014-08-16,0.9,30.5,26.2,2.77,0.396,Vizianagaram,AP
2014-08-17,2.9,31.3,25.8,3.31,0.399,Vizianagaram,AP
2014-08-18,3.4,30.6,25.3,4.01,0.405,Vizianagaram,AP
2014-08-19,0.3,31.7,25.6,4.98,0.393,Vizianagaram,AP
2014-08-20,0.1,32.3,26.3,4.97,0.379,Vizianagaram,AP
2014-08-21,2.1,31.4,26.3,4.33,0.378,Vizianagaram,AP
2014-08-22,0.0,31.0,26.4,4.77,0.367,Vizianagaram,AP
2014-08-23,0.8,30.7,25.5,4.41,0.359,Vizianagaram,AP
2014-08-24,2.2,31.3,24.9,3.94,0.357,Vizianagaram,AP
2014-08-25,1.7,30.4,25.4,3.94,0.367,Vizianagaram,AP
2014-08-26,6.0,30.8,25.8,3.5,0.382,Vizianagaram,AP
2014-08-27,13.2,28.4,25.3,2.48,0.402,Vizianagaram,AP
2014-08-28,22.8,28.1,24.8,2.5,0.419,Vizianagaram,AP
2014-08-29,24.8,29.1,24.6,3.04,0.424,Vizianagaram,AP
2014-08-30,3.5,29.3,24.5,3.51,0.412,Vizianagaram,AP
2014-08-31,14.6,27.2,24.9,1.86,0.417,Vizianagaram,AP
2014-09-01,14.5,27.1,24.7,2.12,0.425,Vizianagaram,AP
2014-09-02,8.0,30.5,25.1,3.39,0.419,Vizianagaram,AP
2014-09-03,3.0,30.3,25.8,3.59,0.413,Vizianagaram,AP
2014-09-04,6.5,29.3,25.3,2.75,0.42,Vizianagaram,AP
2014-09-05,18.2,26.9,24.7,1.57,0.428,Vizianagaram,AP
2014-09-06,35.7,25.9,24.4,1.2,0.429,Vizianagaram,AP
2014-09-07,0.7,30.5,24.3,5.07,0.414,Vizianagaram,AP
2014-09-08,0.2,30.8,25.3,5.58,0.396,Vizianagaram,AP
2014-09-09,0.5,31.1,25.5,4.94,0.387,Vizianagaram,AP
2014-09-10,0.8,30.2,25.3,3.39,0.388,Vizianagaram,AP
2014-09-11,2.9,30.7,24.7,4.21,0.383,Vizianagaram,AP
2014-09-12,2.9,30.6,25.0,3.18,0.4,Vizianagaram,AP
2014-09-13,2.5,29.5,25.3,2.85,0.407,Vizianagaram,AP
2014-09-14,2.9,30.6,25.4,3.28,0.408,Vizianagaram,AP
2014-09-15,16.9,28.9,24.9,2.28,0.418,Vizianagaram,AP
2014-09-16,21.9,30.0,24.0,2.97,0.422,Vizianagaram,AP
2014-09-17,9.8,31.8,24.8,3.87,0.42,Vizianagaram,AP
2014-09-18,16.2,31.6,24.6,4.02,0.42,Vizianagaram,AP
2014-09-19,11.8,29.9,25.3,1.81,0.423,Vizianagaram,AP
2014-09-20,4.3,29.4,25.3,2.07,0.422,Vizianagaram,AP
2014-09-21,2.6,32.1,25.5,3.59,0.415,Vizianagaram,AP
2014-09-22,2.5,32.2,26.2,4.13,0.414,Vizianagaram,AP
2014-09-23,4.6,31.3,25.7,3.19,0.415,Vizianagaram,AP
2014-09-24,0.9,32.7,25.6,4.28,0.404,Vizianagaram,AP
2014-09-25,0.3,32.6,25.2,4.93,0.391,Vizianagaram,AP
2014-09-26,1.1,32.0,24.9,4.82,0.381,Vizianagaram,AP
2014-09-27,1.0,31.3,24.9,4.37,0.382,Vizianagaram,AP
2014-09-28,0.0,31.8,23.7,4.8,0.377,Vizianagaram,AP
2014-09-29,0.2,32.0,24.1,4.65,0.365,Vizianagaram,AP
2014-09-30,0.2,32.6,23.7,4.93,0.356,Vizianagaram,AP
2014-10-01,0.7,32.2,24.3,4.43,0.353,Vizianagaram,AP
2014-10-02,1.0,31.7,24.5,4.44,0.353,Vizianagaram,AP
2014-10-03,1.8,31.3,23.9,4.32,0.358,Vizianagaram,AP
2014-10-04,0.3,32.2,24.0,4.5,0.36,Vizianagaram,AP
2014-10-05,4.8,31.0,24.6,3.92,0.371,Vizianagaram,AP
2014-10-06,3.2,29.9,23.9,3.7,0.387,Vizianagaram,AP
2014-10-07,3.6,29.3,23.9,3.73,0.385,Vizianagaram,AP
2014-10-08,3.4,30.3,23.8,3.87,0.382,Vizianagaram,AP
2014-10-09,0.0,31.7,23.7,4.19,0.371,Vizianagaram,AP
2014-10-10,0.0,31.5,24.5,4.4,0.358,Vizianagaram,AP
2014-10-11,4.9,29.6,26.7,4.38,0.351,Vizianagaram,AP
2014-10-12,165.0,26.3,25.0,1.9,0.424,Vizianagaram,AP
2014-10-13,6.7,29.9,24.1,4.27,0.419,Vizianagaram,AP
2014-10-14,1.5,30.0,25.0,4.01,0.408,Vizianagaram,AP
2014-10-15,2.0,29.9,24.1,3.79,0.406,Vizianagaram,AP
2014-10-16,2.0,30.1,23.7,3.85,0.401,Vizianagaram,AP
2014-10-17,2.9,30.5,23.5,3.99,0.404,Vizianagaram,AP
2014-10-18,8.0,30.0,23.2,3.63,0.413,Vizianagaram,AP
2014-10-19,0.0,30.2,22.8,4.24,0.406,Vizianagaram,AP
2014-10-20,0.0,30.4,22.5,4.37,0.391,Vizianagaram,AP
2014-10-21,0.5,28.5,23.3,3.6,0.387,Vizianagaram,AP
2014-10-22,0.0,29.3,22.7,3.97,0.381,Vizianagaram,AP
2014-10-23,0.3,29.3,22.8,3.98,0.373,Vizianagaram,AP
2014-10-24,0.0,29.6,22.5,3.96,0.366,Vizianagaram,AP
2014-10-25,0.5,29.6,23.5,3.75,0.359,Vizianagaram,AP
2014-10-26,0.0,28.2,23.8,2.85,0.355,Vizianagaram,AP
2014-10-27,3.3,27.8,23.4,3.04,0.355,Vizianagaram,AP
2014-10-28,1.2,27.2,22.5,2.3,0.359,Vizianagaram,AP
2014-10-29,0.0,29.7,21.2,4.57,0.349,Vizianagaram,AP
2014-10-30,0.0,29.4,21.4,4.64,0.339,Vizianagaram,AP
2014-10-31,0.0,29.9,20.7,4.82,0.331,Vizianagaram,AP
2014-11-01,0.0,29.2,21.3,3.55,0.325,Vizianagaram,AP
2014-11-02,0.0,29.7,21.2,3.99,0.321,Vizianagaram,AP
2014-11-03,0.0,30.2,21.8,4.06,0.316,Vizianagaram,AP
2014-11-04,0.0,30.5,21.8,4.47,0.31,Vizianagaram,AP
2014-11-05,0.0,30.9,20.2,4.7,0.303,Vizianagaram,AP
2014-11-06,0.0,30.9,21.2,4.42,0.297,Vizianagaram,AP
2014-11-07,0.0,30.7,20.4,4.95,0.291,Vizianagaram,AP
2014-11-08,3.1,29.8,22.4,4.64,0.286,Vizianagaram,AP
2014-11-09,5.9,27.5,24.0,2.12,0.304,Vizianagaram,AP
2014-11-10,1.4,29.0,23.6,2.93,0.331,Vizianagaram,AP
2014-11-11,0.0,29.8,22.5,3.73,0.32,Vizianagaram,AP
2014-11-12,0.9,29.4,23.1,3.39,0.311,Vizianagaram,AP
2014-11-13,4.4,28.7,23.3,2.9,0.334,Vizianagaram,AP
2014-11-14,0.0,29.3,22.7,3.64,0.325,Vizianagaram,AP
2014-11-15,0.0,30.0,21.9,3.85,0.312,Vizianagaram,AP
2014-11-16,0.0,29.9,21.1,3.88,0.302,Vizianagaram,AP
2014-11-17,0.0,29.4,20.9,3.77,0.294,Vizianagaram,AP
2014-11-18,0.1,28.5,21.6,3.36,0.29,Vizianagaram,AP
2014-11-19,0.0,28.9,22.6,3.58,0.29,Vizianagaram,AP
2014-11-20,0.0,28.6,21.1,3.87,0.283,Vizianagaram,AP
2014-11-21,0.0,28.1,19.0,3.75,0.277,Vizianagaram,AP
2014-11-22,0.0,28.2,18.6,3.73,0.271,Vizianagaram,AP
2014-11-23,0.0,28.6,19.3,3.62,0.266,Vizianagaram,AP
2014-11-24,0.0,28.1,20.3,3.98,0.261,Vizianagaram,AP
2014-11-25,0.0,27.8,18.7,4.04,0.256,Vizianagaram,AP
2014-11-26,0.0,28.5,17.4,4.1,0.251,Vizianagaram,AP
2014-11-27,0.0,28.4,17.0,3.99,0.246,Vizianagaram,AP
2014-11-28,0.0,27.8,17.6,3.64,0.242,Vizianagaram,AP
2014-11-29,0.0,29.1,18.1,4.0,0.238,Vizianagaram,AP
2014-11-30,0.0,29.7,18.3,4.1,0.234,Vizianagaram,AP
2014-12-01,0.0,29.7,17.2,4.11,0.229,Vizianagaram,AP
2014-12-02,0.0,29.4,16.9,3.91,0.225,Vizianagaram,AP
2014-12-03,0.0,29.2,16.6,4.0,0.221,Vizianagaram,AP
2014-12-04,0.0,28.8,16.2,3.99,0.217,Vizianagaram,AP
2014-12-05,0.0,27.7,16.4,3.82,0.214,Vizianagaram,AP
2014-12-06,0.0,28.1,16.9,3.79,0.211,Vizianagaram,AP
2014-12-07,0.0,27.9,17.5,3.56,0.208,Vizianagaram,AP
2014-12-08,0.0,28.0,18.3,3.5,0.206,Vizianagaram,AP
2014-12-09,0.0,28.4,19.6,3.4,0.204,Vizianagaram,AP
2014-12-10,0.0,27.8,20.5,3.2,0.202,Vizianagaram,AP
2014-12-11,0.0,27.7,20.2,3.2,0.2,Vizianagaram,AP
2014-12-12,0.0,27.2,21.0,3.23,0.199,Vizianagaram,AP
2014-12-13,0.0,27.2,20.2,3.44,0.198,Vizianagaram,AP
2014-12-14,0.0,27.3,17.8,3.44,0.196,Vizianagaram,AP
2014-12-15,0.0,27.3,20.0,3.27,0.194,Vizianagaram,AP
2014-12-16,0.0,28.6,19.3,3.59,0.192,Vizianagaram,AP
2014-12-17,0.0,28.0,20.0,4.0,0.189,Vizianagaram,AP
2014-12-18,0.0,27.0,19.1,4.82,0.186,Vizianagaram,AP
2014-12-19,0.0,25.9,16.7,4.59,0.183,Vizianagaram,AP
2014-12-20,0.0,25.6,13.7,4.07,0.18,Vizianagaram,AP
2014-12-21,0.0,26.0,15.2,4.0,0.178,Vizianagaram,AP
2014-12-22,0.0,25.4,15.7,3.78,0.176,Vizianagaram,AP
2014-12-23,0.0,25.8,15.3,3.79,0.174,Vizianagaram,AP
2014-12-24,0.0,26.5,16.4,3.8,0.172,Vizianagaram,AP
2014-12-25,0.0,26.5,16.2,3.76,0.171,Vizianagaram,AP
2014-12-26,0.0,27.0,15.6,3.94,0.169,Vizianagaram,AP
2014-12-27,0.0,26.3,15.0,4.05,0.167,Vizianagaram,AP
2014-12-28,0.0,26.2,16.5,4.37,0.166,Vizianagaram,AP
2014-12-29,6.2,24.7,18.3,2.8,0.18,Vizianagaram,AP
2014-12-30,4.3,25.9,18.5,3.15,0.233,Vizianagaram,AP
2014-12-31,35.3,23.6,19.8,1.8,0.379,Vizianagaram,AP
2015-01-01,1.6,24.3,20.6,2.24,0.36,Vizianagaram,AP
2015-01-02,0.0,28.6,19.4,3.44,0.332,Vizianagaram,AP
2015-01-03,0.2,27.9,20.1,2.93,0.319,Vizianagaram,AP
2015-01-04,2.0,28.4,20.2,3.03,0.328,Vizianagaram,AP
2015-01-05,0.0,28.7,20.2,3.4,0.335,Vizianagaram,AP
2015-01-06,0.0,27.4,20.2,3.71,0.317,Vizianagaram,AP
2015-01-07,0.2,26.9,18.6,3.29,0.306,Vizianagaram,AP
2015-01-08,0.4,25.6,19.1,2.83,0.301,Vizianagaram,AP
2015-01-09,0.2,27.1,17.5,3.96,0.295,Vizianagaram,AP
2015-01-10,0.0,26.1,14.9,4.11,0.285,Vizianagaram,AP
2015-01-11,0.0,25.7,14.1,4.01,0.277,Vizianagaram,AP
2015-01-12,0.0,25.7,14.8,3.78,0.27,Vizianagaram,AP
2015-01-13,0.0,25.5,17.0,3.46,0.265,Vizianagaram,AP
2015-01-14,0.0,26.1,17.3,3.71,0.259,Vizianagaram,AP
2015-01-15,0.0,26.9,17.0,4.11,0.254,Vizianagaram,AP
2015-01-16,0.0,28.0,15.9,4.11,0.248,Vizianagaram,AP
2015-01-17,0.0,27.2,14.9,3.98,0.242,Vizianagaram,AP
2015-01-18,0.0,26.9,14.4,4.04,0.236,Vizianagaram,AP
2015-01-19,0.0,26.0,14.6,3.85,0.231,Vizianagaram,AP
2015-01-20,0.0,25.7,15.6,3.98,0.226,Vizianagaram,AP
2015-01-21,0.0,25.3,16.5,4.08,0.222,Vizianagaram,AP
2015-01-22,0.0,25.3,14.7,3.88,0.217,Vizianagaram,AP
2015-01-23,0.0,26.8,14.6,3.94,0.213,Vizianagaram,AP
2015-01-24,0.0,27.5,15.2,4.03,0.209,Vizianagaram,AP
2015-01-25,0.0,28.0,15.5,4.1,0.205,Vizianagaram,AP
2015-01-26,0.0,27.8,17.2,3.94,0.201,Vizianagaram,AP
2015-01-27,0.0,27.9,16.7,3.91,0.197,Vizianagaram,AP
2015-01-28,0.0,27.5,16.0,3.93,0.193,Vizianagaram,AP
2015-01-29,0.0,27.1,17.6,3.87,0.19,Vizianagaram,AP
2015-01-30,0.0,27.9,17.4,3.76,0.187,Vizianagaram,AP
2015-01-31,0.1,27.5,18.9,3.67,0.185,Vizianagaram,AP
2015-02-01,0.3,27.7,19.1,3.68,0.185,Vizianagaram,AP
2015-02-02,0.0,27.2,18.9,4.05,0.184,Vizianagaram,AP
2015-02-03,0.0,27.3,16.6,4.44,0.18,Vizianagaram,AP
2015-02-04,0.0,29.8,14.6,4.69,0.176,Vizianagaram,AP
2015-02-05,0.0,30.3,14.6,4.74,0.172,Vizianagaram,AP
2015-02-06,0.0,29.7,16.1,4.59,0.168,Vizianagaram,AP
2015-02-07,0.0,28.8,17.1,4.28,0.166,Vizianagaram,AP
2015-02-08,0.0,28.9,18.6,4.36,0.163,Vizianagaram,AP
2015-02-09,0.0,28.6,17.8,4.44,0.16,Vizianagaram,AP
2015-02-10,0.0,28.0,19.9,4.16,0.158,Vizianagaram,AP
2015-02-11,0.0,28.6,18.3,4.36,0.156,Vizianagaram,AP
2015-02-12,0.0,28.6,18.6,4.3,0.154,Vizianagaram,AP
2015-02-13,0.0,29.1,18.7,4.14,0.153,Vizianagaram,AP
2015-02-14,0.0,31.2,18.7,4.64,0.151,Vizianagaram,AP
2015-02-15,0.0,29.9,19.8,4.43,0.149,Vizianagaram,AP
2015-02-16,0.0,29.9,19.9,4.36,0.148,Vizianagaram,AP
2015-02-17,0.0,30.9,19.7,4.67,0.146,Vizianagaram,AP
2015-02-18,0.0,30.9,20.6,4.89,0.145,Vizianagaram,AP
2015-02-19,0.0,31.3,20.5,5.27,0.144,Vizianagaram,AP
2015-02-20,0.0,30.1,20.4,4.59,0.143,Vizianagaram,AP
2015-02-21,0.0,30.3,20.0,4.69,0.143,Vizianagaram,AP
2015-02-22,0.0,32.1,20.2,5.19,0.142,Vizianagaram,AP
2015-02-23,0.0,32.7,19.7,5.68,0.14,Vizianagaram,AP
2015-02-24,0.0,32.4,19.0,6.33,0.138,Vizianagaram,AP
2015-02-25,0.0,32.3,18.7,6.12,0.137,Vizianagaram,AP
2015-02-26,0.0,32.0,19.2,5.8,0.136,Vizianagaram,AP
2015-02-27,0.0,31.0,20.2,5.97,0.135,Vizianagaram,AP
2015-02-28,0.0,29.6,19.3,5.29,0.134,Vizianagaram,AP
2015-03-01,0.0,28.8,19.0,4.42,0.133,Vizianagaram,AP
2015-03-02,0.0,30.4,20.2,4.94,0.133,Vizianagaram,AP
2015-03-03,0.1,31.2,21.1,4.76,0.134,Vizianagaram,AP
2015-03-04,0.4,31.6,22.5,4.87,0.14,Vizianagaram,AP
2015-03-05,0.0,31.6,22.0,4.68,0.143,Vizianagaram,AP
2015-03-06,1.0,31.0,22.6,4.19,0.147,Vizianagaram,AP
2015-03-07,1.6,30.7,22.4,4.13,0.174,Vizianagaram,AP
2015-03-08,0.8,29.9,22.8,4.16,0.211,Vizianagaram,AP
2015-03-09,0.0,31.1,22.7,4.71,0.206,Vizianagaram,AP
2015-03-10,0.0,33.3,21.1,5.55,0.196,Vizianagaram,AP
2015-03-11,0.0,33.2,19.7,5.75,0.186,Vizianagaram,AP
2015-03-12,0.0,33.2,19.9,5.68,0.177,Vizianagaram,AP
2015-03-13,0.0,34.2,20.7,6.19,0.168,Vizianagaram,AP
2015-03-14,0.0,33.7,20.8,6.21,0.161,Vizianagaram,AP
2015-03-15,0.0,33.7,20.1,6.32,0.155,Vizianagaram,AP
2015-03-16,0.0,33.0,20.0,5.73,0.15,Vizianagaram,AP
2015-03-17,0.0,32.6,19.3,5.9,0.146,Vizianagaram,AP
2015-03-18,0.0,34.6,21.3,6.19,0.143,Vizianagaram,AP
2015-03-19,0.0,33.3,23.0,4.98,0.14,Vizianagaram,AP
2015-03-20,0.2,33.4,24.0,5.0,0.141,Vizianagaram,AP
2015-03-21,0.0,34.4,24.9,5.38,0.143,Vizianagaram,AP
2015-03-22,0.0,35.3,23.9,5.75,0.14,Vizianagaram,AP
2015-03-23,0.0,35.5,22.4,6.44,0.137,Vizianagaram,AP
2015-03-24,0.0,34.2,23.5,5.67,0.136,Vizianagaram,AP
2015-03-25,0.0,33.6,25.4,5.51,0.135,Vizianagaram,AP
2015-03-26,0.0,32.5,24.1,5.59,0.134,Vizianagaram,AP
2015-03-27,0.0,32.8,24.0,5.59,0.132,Vizianagaram,AP
2015-03-28,0.0,33.2,25.1,6.08,0.131,Vizianagaram,AP
2015-03-29,0.0,33.9,25.6,6.11,0.131,Vizianagaram,AP
2015-03-30,0.2,32.9,25.5,5.25,0.133,Vizianagaram,AP
2015-03-31,0.4,32.8,24.3,5.4,0.141,Vizianagaram,AP
2015-04-01,0.0,34.2,25.0,6.37,0.144,Vizianagaram,AP
2015-04-02,0.0,35.6,25.7,6.87,0.14,Vizianagaram,AP
2015-04-03,0.0,36.1,25.8,6.78,0.137,Vizianagaram,AP
2015-04-04,0.3,36.6,25.1,6.5,0.14,Vizianagaram,AP
2015-04-05,0.0,34.7,26.5,6.08,0.146,Vizianagaram,AP
2015-04-06,0.2,34.1,26.1,6.11,0.146,Vizianagaram,AP
2015-04-07,0.0,33.8,26.1,6.37,0.146,Vizianagaram,AP
2015-04-08,0.0,33.7,25.2,6.08,0.142,Vizianagaram,AP
2015-04-09,0.0,34.4,24.0,6.46,0.139,Vizianagaram,AP
2015-04-10,0.1,35.1,24.8,6.58,0.137,Vizianagaram,AP
2015-04-11,0.6,35.0,26.0,6.2,0.146,Vizianagaram,AP
2015-04-12,0.0,33.9,25.5,5.85,0.158,Vizianagaram,AP
2015-04-13,2.2,30.4,25.0,3.76,0.173,Vizianagaram,AP
2015-04-14,0.5,31.3,23.1,4.65,0.198,Vizianagaram,AP
2015-04-15,0.8,31.5,23.2,4.47,0.198,Vizianagaram,AP
2015-04-16,3.3,30.6,23.6,4.49,0.223,Vizianagaram,AP
2015-04-17,1.1,32.6,22.6,5.31,0.243,Vizianagaram,AP
2015-04-18,0.0,33.7,23.8,6.02,0.244,Vizianagaram,AP
2015-04-19,0.0,33.9,24.8,6.46,0.223,Vizianagaram,AP
2015-04-20,0.0,34.9,25.9,6.84,0.206,Vizianagaram,AP
2015-04-21,0.0,36.0,26.5,7.06,0.192,Vizianagaram,AP
2015-04-22,0.0,36.6,27.0,7.16,0.18,Vizianagaram,AP
2015-04-23,0.0,36.1,27.1,6.66,0.171,Vizianagaram,AP
2015-04-24,0.9,32.9,26.2,4.15,0.17,Vizianagaram,AP
2015-04-25,2.8,31.6,24.8,4.86,0.187,Vizianagaram,AP
2015-04-26,1.1,33.2,24.2,5.69,0.201,Vizianagaram,AP
2015-04-27,0.4,34.0,24.4,5.9,0.198,Vizianagaram,AP
2015-04-28,0.0,34.9,26.0,6.57,0.198,Vizianagaram,AP
2015-04-29,0.0,34.7,26.6,6.82,0.187,Vizianagaram,AP
2015-04-30,0.2,37.2,26.6,6.93,0.18,Vizianagaram,AP
2015-05-01,0.0,36.1,27.2,6.51,0.176,Vizianagaram,AP
2015-05-02,0.0,35.5,27.2,6.1,0.167,Vizianagaram,AP
2015-05-03,0.0,34.7,27.2,5.99,0.161,Vizianagaram,AP
2015-05-04,0.0,34.6,26.6,5.63,0.156,Vizianagaram,AP
2015-05-05,0.2,35.7,26.0,6.5,0.155,Vizianagaram,AP
2015-05-06,0.2,35.4,26.5,6.41,0.155,Vizianagaram,AP
2015-05-07,0.1,36.4,26.4,6.8,0.156,Vizianagaram,AP
2015-05-08,0.0,36.7,25.9,6.97,0.153,Vizianagaram,AP
2015-05-09,0.0,35.9,26.8,6.77,0.147,Vizianagaram,AP
2015-05-10,0.0,36.7,27.0,6.65,0.143,Vizianagaram,AP
2015-05-11,0.0,36.1,27.8,6.06,0.14,Vizianagaram,AP
2015-05-12,0.2,37.1,27.1,6.14,0.141,Vizianagaram,AP
2015-05-13,0.0,34.7,27.6,6.46,0.145,Vizianagaram,AP
2015-05-14,0.0,35.5,27.1,6.36,0.145,Vizianagaram,AP
2015-05-15,0.0,36.1,27.3,6.79,0.143,Vizianagaram,AP
2015-05-16,1.2,35.6,26.9,6.24,0.141,Vizianagaram,AP
2015-05-17,0.6,31.7,27.1,3.19,0.144,Vizianagaram,AP
2015-05-18,0.5,36.3,26.3,6.18,0.145,Vizianagaram,AP
2015-05-19,0.0,38.9,28.0,7.66,0.146,Vizianagaram,AP
2015-05-20,0.2,40.3,29.5,7.64,0.143,Vizianagaram,AP
2015-05-21,0.0,40.2,29.5,7.81,0.143,Vizianagaram,AP
2015-05-22,0.0,40.3,29.9,7.44,0.139,Vizianagaram,AP
2015-05-23,0.0,41.5,29.1,7.88,0.137,Vizianagaram,AP
2015-05-24,0.0,42.2,28.6,8.07,0.136,Vizianagaram,AP
2015-05-25,0.5,42.3,29.0,9.07,0.134,Vizianagaram,AP
2015-05-26,0.0,39.7,29.2,7.85,0.134,Vizianagaram,AP
2015-05-27,0.0,37.1,29.1,6.73,0.131,Vizianagaram,AP
2015-05-28,0.0,36.4,29.0,6.48,0.129,Vizianagaram,AP
2015-05-29,0.0,36.3,28.1,6.56,0.128,Vizianagaram,AP
2015-05-30,0.0,36.2,28.2,6.51,0.127,Vizianagaram,AP
2015-05-31,0.0,35.5,28.4,6.36,0.127,Vizianagaram,AP
2015-06-01,0.4,35.4,28.3,6.06,0.131,Vizianagaram,AP
2015-06-02,4.3,33.4,27.7,4.53,0.16,Vizianagaram,AP
2015-06-03,17.1,32.3,26.3,4.43,0.258,Vizianagaram,AP
2015-06-04,14.6,32.0,24.6,4.37,0.35,Vizianagaram,AP
2015-06-05,13.8,31.2,26.3,2.92,0.338,Vizianagaram,AP
2015-06-06,19.8,29.2,26.1,1.83,0.382,Vizianagaram,AP
2015-06-07,2.3,31.7,26.2,3.22,0.367,Vizianagaram,AP
2015-06-08,15.4,28.1,26.4,1.85,0.392,Vizianagaram,AP
2015-06-09,2.2,32.3,26.6,3.49,0.381,Vizianagaram,AP
2015-06-10,0.0,35.6,26.9,6.22,0.355,Vizianagaram,AP
2015-06-11,0.2,35.4,28.3,5.91,0.334,Vizianagaram,AP
2015-06-12,7.2,32.2,26.7,3.01,0.365,Vizianagaram,AP
2015-06-13,3.8,32.3,26.5,4.32,0.368,Vizianagaram,AP
2015-06-14,0.3,31.7,26.7,4.89,0.362,Vizianagaram,AP
2015-06-15,1.1,30.8,26.2,3.27,0.349,Vizianagaram,AP
2015-06-16,12.5,30.3,25.8,3.47,0.38,Vizianagaram,AP
2015-06-17,10.4,31.9,25.9,3.98,0.395,Vizianagaram,AP
2015-06-18,20.1,31.7,25.3,3.82,0.41,Vizianagaram,AP
2015-06-19,32.4,31.3,25.8,3.25,0.412,Vizianagaram,AP
2015-06-20,84.9,26.6,25.1,1.0,0.428,Vizianagaram,AP
2015-06-21,12.2,29.9,25.0,4.04,0.412,Vizianagaram,AP
2015-06-22,2.6,30.6,25.4,4.42,0.399,Vizianagaram,AP
2015-06-23,0.0,31.8,26.7,5.3,0.38,Vizianagaram,AP
2015-06-24,0.4,29.3,27.5,3.3,0.369,Vizianagaram,AP
2015-06-25,0.1,34.3,27.3,6.33,0.358,Vizianagaram,AP
2015-06-26,0.0,33.6,27.7,5.83,0.343,Vizianagaram,AP
2015-06-27,0.6,34.7,26.3,5.83,0.335,Vizianagaram,AP
2015-06-28,1.6,34.1,27.1,5.38,0.347,Vizianagaram,AP
2015-06-29,2.3,31.7,26.6,3.14,0.371,Vizianagaram,AP
2015-06-30,9.9,31.1,25.8,3.02,0.391,Vizianagaram,AP
2015-07-01,1.4,32.3,26.6,4.73,0.386,Vizianagaram,AP
2015-07-02,1.1,32.7,26.7,4.9,0.382,Vizianagaram,AP
2015-07-03,1.7,32.2,26.2,3.84,0.383,Vizianagaram,AP
2015-07-04,0.0,34.8,26.7,5.91,0.369,Vizianagaram,AP
2015-07-05,0.0,35.4,27.3,5.67,0.35,Vizianagaram,AP
2015-07-06,0.0,36.1,26.7,5.94,0.336,Vizianagaram,AP
2015-07-07,0.0,34.4,26.5,4.51,0.325,Vizianagaram,AP
2015-07-08,0.0,34.0,27.8,5.36,0.316,Vizianagaram,AP
2015-07-09,0.1,34.0,27.7,5.37,0.308,Vizianagaram,AP
2015-07-10,0.0,33.7,27.8,5.56,0.299,Vizianagaram,AP
2015-07-11,0.0,32.8,27.5,4.43,0.29,Vizianagaram,AP
2015-07-12,1.8,33.2,25.8,5.02,0.287,Vizianagaram,AP
2015-07-13,6.1,34.0,27.3,4.86,0.344,Vizianagaram,AP
2015-07-14,0.8,33.6,27.6,4.78,0.359,Vizianagaram,AP
2015-07-15,4.2,33.7,27.0,4.45,0.371,Vizianagaram,AP
2015-07-16,2.9,32.6,26.8,4.07,0.384,Vizianagaram,AP
2015-07-17,2.0,33.8,27.2,4.45,0.383,Vizianagaram,AP
2015-07-18,0.1,32.1,27.4,3.79,0.364,Vizianagaram,AP
2015-07-19,2.1,31.0,27.0,3.15,0.364,Vizianagaram,AP
2015-07-20,0.1,32.1,26.6,4.11,0.356,Vizianagaram,AP
2015-07-21,2.3,32.3,27.0,4.69,0.358,Vizianagaram,AP
2015-07-22,2.8,30.4,25.9,3.95,0.367,Vizianagaram,AP
2015-07-23,9.3,30.1,25.4,3.58,0.375,Vizianagaram,AP
2015-07-24,2.1,31.4,25.6,4.38,0.365,Vizianagaram,AP
2015-07-25,1.3,32.4,26.6,4.54,0.359,Vizianagaram,AP
2015-07-26,6.1,28.9,26.3,2.44,0.372,Vizianagaram,AP
2015-07-27,0.0,31.5,26.0,4.22,0.369,Vizianagaram,AP
2015-07-28,0.0,32.3,26.4,3.78,0.353,Vizianagaram,AP
2015-07-29,0.0,32.7,27.3,3.92,0.34,Vizianagaram,AP
2015-07-30,0.2,32.6,26.8,4.31,0.331,Vizianagaram,AP
2015-07-31,1.0,31.9,26.3,3.58,0.336,Vizianagaram,AP
2015-08-01,0.7,34.1,25.8,5.14,0.328,Vizianagaram,AP
2015-08-02,0.0,33.7,26.2,5.02,0.319,Vizianagaram,AP
2015-08-03,0.0,32.3,27.0,4.85,0.308,Vizianagaram,AP
2015-08-04,0.0,32.3,27.0,5.5,0.297,Vizianagaram,AP
2015-08-05,0.4,32.8,25.6,5.99,0.288,Vizianagaram,AP
2015-08-06,0.0,32.8,25.3,5.46,0.279,Vizianagaram,AP
2015-08-07,1.1,30.7,26.4,3.54,0.284,Vizianagaram,AP
2015-08-08,6.4,31.2,25.9,3.88,0.328,Vizianagaram,AP
2015-08-09,5.0,31.3,25.8,4.14,0.376,Vizianagaram,AP
2015-08-10,3.0,31.8,25.6,4.37,0.368,Vizianagaram,AP
2015-08-11,16.0,31.0,25.8,3.8,0.398,Vizianagaram,AP
2015-08-12,81.1,27.2,25.2,0.93,0.426,Vizianagaram,AP
2015-08-13,1.5,31.9,25.3,4.7,0.409,Vizianagaram,AP
2015-08-14,0.0,32.1,25.8,5.26,0.387,Vizianagaram,AP
2015-08-15,2.7,31.6,26.6,4.37,0.388,Vizianagaram,AP
2015-08-16,7.3,29.4,26.1,2.2,0.404,Vizianagaram,AP
2015-08-17,4.8,29.7,25.3,3.05,0.4,Vizianagaram,AP
2015-08-18,0.7,31.3,25.8,4.88,0.386,Vizianagaram,AP
2015-08-19,0.2,32.1,26.6,5.19,0.371,Vizianagaram,AP
2015-08-20,0.9,31.9,26.6,4.74,0.366,Vizianagaram,AP
2015-08-21,0.9,32.7,26.3,4.06,0.371,Vizianagaram,AP
2015-08-22,1.7,31.7,26.3,3.23,0.372,Vizianagaram,AP
2015-08-23,2.9,32.0,25.8,3.21,0.388,Vizianagaram,AP
2015-08-24,1.6,31.3,25.4,3.22,0.391,Vizianagaram,AP
2015-08-25,3.3,32.1,25.6,3.01,0.395,Vizianagaram,AP
2015-08-26,10.0,28.5,26.1,1.34,0.401,Vizianagaram,AP
2015-08-27,16.2,27.3,25.2,1.61,0.425,Vizianagaram,AP
2015-08-28,7.2,30.9,25.0,3.96,0.417,Vizianagaram,AP
2015-08-29,4.0,31.0,25.9,3.85,0.411,Vizianagaram,AP
2015-08-30,1.7,31.4,26.2,3.79,0.409,Vizianagaram,AP
2015-08-31,1.3,31.7,26.8,3.94,0.399,Vizianagaram,AP
2015-09-01,12.6,30.7,26.1,2.5,0.42,Vizianagaram,AP
2015-09-02,9.2,29.7,25.7,1.84,0.424,Vizianagaram,AP
2015-09-03,4.3,30.3,25.6,2.93,0.413,Vizianagaram,AP
2015-09-04,1.0,32.7,25.9,5.09,0.405,Vizianagaram,AP
2015-09-05,0.5,32.0,26.3,4.07,0.401,Vizianagaram,AP
2015-09-06,7.8,31.3,26.0,3.34,0.405,Vizianagaram,AP
2015-09-07,1.4,30.0,25.2,2.31,0.409,Vizianagaram,AP
2015-09-08,2.8,30.7,25.5,3.06,0.406,Vizianagaram,AP
2015-09-09,1.7,32.2,25.5,4.53,0.407,Vizianagaram,AP
2015-09-10,7.0,32.2,25.2,4.16,0.41,Vizianagaram,AP
2015-09-11,5.8,30.8,25.2,3.93,0.415,Vizianagaram,AP
2015-09-12,25.2,30.2,24.5,3.18,0.423,Vizianagaram,AP
2015-09-13,11.7,29.2,24.2,2.42,0.422,Vizianagaram,AP
2015-09-14,36.7,30.1,24.6,2.26,0.427,Vizianagaram,AP
2015-09-15,93.3,26.7,25.5,0.79,0.429,Vizianagaram,AP
2015-09-16,76.1,29.4,25.4,2.34,0.424,Vizianagaram,AP
2015-09-17,1.3,30.0,25.3,3.73,0.408,Vizianagaram,AP
2015-09-18,13.2,30.2,25.4,3.29,0.414,Vizianagaram,AP
2015-09-19,18.8,29.6,25.2,2.45,0.424,Vizianagaram,AP
2015-09-20,27.4,27.1,25.0,1.03,0.428,Vizianagaram,AP
2015-09-21,0.0,31.8,25.4,4.43,0.409,Vizianagaram,AP
2015-09-22,0.3,31.7,26.0,4.6,0.398,Vizianagaram,AP
2015-09-23,0.1,32.0,26.0,4.76,0.388,Vizianagaram,AP
2015-09-24,0.3,33.3,26.1,5.13,0.378,Vizianagaram,AP
2015-09-25,0.6,33.2,26.2,4.64,0.373,Vizianagaram,AP
2015-09-26,4.2,32.9,26.2,4.57,0.383,Vizianagaram,AP
2015-09-27,1.9,31.5,25.3,4.2,0.391,Vizianagaram,AP
2015-09-28,0.8,30.7,25.1,4.18,0.385,Vizianagaram,AP
2015-09-29,0.4,30.8,24.4,4.38,0.374,Vizianagaram,AP
2015-09-30,13.8,30.7,24.8,3.83,0.392,Vizianagaram,AP
2015-10-01,19.6,29.8,24.8,3.1,0.418,Vizianagaram,AP
2015-10-02,11.0,30.8,24.6,3.49,0.419,Vizianagaram,AP
2015-10-03,1.6,31.7,24.7,4.41,0.406,Vizianagaram,AP
2015-10-04,4.8,32.1,24.6,4.39,0.406,Vizianagaram,AP
2015-10-05,1.9,31.6,24.8,4.32,0.404,Vizianagaram,AP
2015-10-06,2.7,32.0,25.0,4.23,0.4,Vizianagaram,AP
2015-10-07,3.9,30.4,25.1,2.31,0.403,Vizianagaram,AP
2015-10-08,0.3,31.6,24.9,4.07,0.394,Vizianagaram,AP
2015-10-09,0.0,31.8,25.3,4.65,0.382,Vizianagaram,AP
2015-10-10,0.0,33.5,24.2,4.85,0.37,Vizianagaram,AP
2015-10-11,0.0,33.5,23.1,4.9,0.36,Vizianagaram,AP
2015-10-12,0.0,33.6,23.4,4.68,0.351,Vizianagaram,AP
2015-10-13,0.6,32.6,23.6,4.57,0.346,Vizianagaram,AP
2015-10-14,1.0,32.1,24.3,4.36,0.345,Vizianagaram,AP
2015-10-15,3.4,30.1,24.0,3.67,0.36,Vizianagaram,AP
2015-10-16,2.0,30.0,23.9,3.67,0.37,Vizianagaram,AP
2015-10-17,0.6,30.3,24.4,3.88,0.361,Vizianagaram,AP
2015-10-18,0.0,30.8,24.0,4.14,0.352,Vizianagaram,AP
2015-10-19,0.7,30.9,24.0,3.96,0.344,Vizianagaram,AP
2015-10-20,0.8,31.4,24.4,4.2,0.339,Vizianagaram,AP
2015-10-21,0.0,31.3,23.6,4.31,0.333,Vizianagaram,AP
2015-10-22,0.0,31.7,23.5,4.49,0.324,Vizianagaram,AP
2015-10-23,0.0,32.3,23.0,4.47,0.315,Vizianagaram,AP
2015-10-24,0.2,31.2,24.4,4.12,0.31,Vizianagaram,AP
2015-10-25,0.3,30.1,23.9,4.1,0.309,Vizianagaram,AP
2015-10-26,0.0,30.4,22.7,4.87,0.303,Vizianagaram,AP
2015-10-27,0.0,30.6,21.4,4.79,0.294,Vizianagaram,AP
2015-10-28,0.0,29.7,21.9,4.05,0.287,Vizianagaram,AP
2015-10-29,4.5,29.5,23.2,3.45,0.29,Vizianagaram,AP
2015-10-30,14.9,28.7,23.2,2.91,0.353,Vizianagaram,AP
2015-10-31,22.2,26.0,23.1,1.49,0.387,Vizianagaram,AP
2015-11-01,261.6,24.0,22.8,0.68,0.427,Vizianagaram,AP
2015-11-02,79.2,26.4,23.1,1.79,0.425,Vizianagaram,AP
2015-11-03,0.5,28.4,22.6,3.5,0.409,Vizianagaram,AP
2015-11-04,0.0,29.7,22.4,4.11,0.397,Vizianagaram,AP
2015-11-05,0.0,29.7,22.5,4.06,0.387,Vizianagaram,AP
2015-11-06,0.0,29.6,22.4,4.06,0.377,Vizianagaram,AP
2015-11-07,0.0,29.6,21.4,4.43,0.369,Vizianagaram,AP
2015-11-08,0.0,29.0,21.9,4.67,0.361,Vizianagaram,AP
2015-11-09,0.1,26.2,22.4,2.39,0.357,Vizianagaram,AP
2015-11-10,9.2,24.1,21.7,1.55,0.381,Vizianagaram,AP
2015-11-11,0.0,29.3,21.4,4.21,0.376,Vizianagaram,AP
2015-11-12,0.0,29.3,20.4,4.24,0.363,Vizianagaram,AP
2015-11-13,0.0,29.5,19.6,4.18,0.354,Vizianagaram,AP
2015-11-14,0.0,29.1,19.7,3.94,0.347,Vizianagaram,AP
2015-11-15,0.0,29.1,19.8,3.92,0.341,Vizianagaram,AP
2015-11-16,2.0,27.5,20.8,2.73,0.339,Vizianagaram,AP
2015-11-17,34.6,23.4,20.1,1.3,0.397,Vizianagaram,AP
2015-11-18,2.8,27.4,19.9,3.65,0.412,Vizianagaram,AP
2015-11-19,2.5,27.5,22.3,3.71,0.397,Vizianagaram,AP
2015-11-20,0.1,27.5,22.0,3.65,0.387,Vizianagaram,AP
2015-11-21,0.0,28.2,20.6,3.95,0.377,Vizianagaram,AP
2015-11-22,0.0,28.3,20.7,3.75,0.369,Vizianagaram,AP
2015-11-23,0.0,28.5,20.3,3.67,0.362,Vizianagaram,AP
2015-11-24,0.1,28.2,21.0,3.37,0.357,Vizianagaram,AP
2015-11-25,0.0,28.3,20.3,3.62,0.351,Vizianagaram,AP
2015-11-26,0.0,28.5,19.1,3.6,0.345,Vizianagaram,AP
2015-11-27,0.0,27.9,19.4,3.44,0.34,Vizianagaram,AP
2015-11-28,0.0,28.2,19.9,3.44,0.336,Vizianagaram,AP
2015-11-29,1.5,27.2,21.7,2.82,0.333,Vizianagaram,AP
2015-11-30,1.6,27.9,22.4,3.17,0.348,Vizianagaram,AP
2015-12-01,0.0,28.0,21.3,3.14,0.338,Vizianagaram,AP
2015-12-02,0.0,25.0,22.7,1.6,0.337,Vizianagaram,AP
2015-12-03,0.0,28.4,22.0,3.75,0.331,Vizianagaram,AP
2015-12-04,0.0,29.0,20.2,3.57,0.324,Vizianagaram,AP
2015-12-05,0.0,28.2,21.1,3.58,0.319,Vizianagaram,AP
2015-12-06,0.0,28.3,20.8,3.44,0.314,Vizianagaram,AP
2015-12-07,0.0,28.1,18.6,3.39,0.31,Vizianagaram,AP
2015-12-08,0.0,28.0,18.3,3.65,0.305,Vizianagaram,AP
2015-12-09,0.0,27.8,17.4,3.49,0.301,Vizianagaram,AP
2015-12-10,0.0,27.3,16.8,3.45,0.297,Vizianagaram,AP
2015-12-11,0.0,27.5,16.6,3.54,0.294,Vizianagaram,AP
2015-12-12,0.0,28.7,18.9,3.36,0.29,Vizianagaram,AP
2015-12-13,0.0,29.3,22.4,3.11,0.287,Vizianagaram,AP
2015-12-14,0.0,28.3,22.5,2.67,0.287,Vizianagaram,AP
2015-12-15,0.0,29.0,21.1,3.04,0.286,Vizianagaram,AP
2015-12-16,0.9,27.7,22.4,2.34,0.29,Vizianagaram,AP
2015-12-17,0.8,28.2,22.2,2.71,0.298,Vizianagaram,AP
2015-12-18,0.0,29.1,20.9,3.67,0.293,Vizianagaram,AP
2015-12-19,1.5,27.6,20.1,2.92,0.292,Vizianagaram,AP
2015-12-20,1.0,25.4,20.9,2.33,0.3,Vizianagaram,AP
2015-12-21,0.6,27.4,21.2,2.87,0.3,Vizianagaram,AP
2015-12-22,1.1,27.1,20.2,2.72,0.299,Vizianagaram,AP
2015-12-23,1.4,27.3,21.2,2.8,0.307,Vizianagaram,AP
2015-12-24,1.1,28.0,21.0,3.16,0.307,Vizianagaram,AP
2015-12-25,0.8,28.3,21.1,3.76,0.315,Vizianagaram,AP
2015-12-26,0.0,25.6,18.7,4.53,0.301,Vizianagaram,AP
2015-12-27,0.0,25.5,16.1,3.86,0.29,Vizianagaram,AP
2015-12-28,0.0,27.5,15.2,3.77,0.282,Vizianagaram,AP
2015-12-29,0.0,28.6,15.5,3.7,0.275,Vizianagaram,AP
2015-12-30,0.0,28.8,15.8,3.67,0.269,Vizianagaram,AP
2015-12-31,0.0,27.7,17.6,3.53,0.264,Vizianagaram,AP
2016-01-01,0.0,27.6,17.7,3.43,0.26,Vizianagaram,AP
2016-01-02,0.0,27.2,18.0,3.44,0.256,Vizianagaram,AP
2016-01-03,0.0,27.9,17.9,3.41,0.252,Vizianagaram,AP
2016-01-04,0.0,28.0,18.3,3.37,0.249,Vizianagaram,AP
2016-01-05,0.2,27.1,18.4,3.24,0.246,Vizianagaram,AP
2016-01-06,0.0,28.5,18.2,3.69,0.242,Vizianagaram,AP
2016-01-07,0.0,27.6,16.7,3.65,0.238,Vizianagaram,AP
2016-01-08,0.0,27.7,16.5,3.67,0.234,Vizianagaram,AP
2016-01-09,0.0,28.9,17.1,3.78,0.231,Vizianagaram,AP
2016-01-10,0.0,29.0,18.0,3.79,0.227,Vizianagaram,AP
2016-01-11,0.0,27.9,17.7,3.68,0.223,Vizianagaram,AP
2016-01-12,0.0,27.4,18.5,3.46,0.22,Vizianagaram,AP
2016-01-13,0.0,27.3,17.9,3.52,0.218,Vizianagaram,AP
2016-01-14,0.0,27.6,17.0,3.77,0.215,Vizianagaram,AP
2016-01-15,0.0,27.5,16.2,4.09,0.212,Vizianagaram,AP
2016-01-16,0.0,28.1,16.1,4.17,0.208,Vizianagaram,AP
2016-01-17,0.0,28.0,17.5,4.27,0.204,Vizianagaram,AP
2016-01-18,0.0,27.6,16.3,4.18,0.2,Vizianagaram,AP
2016-01-19,0.0,27.4,17.4,3.65,0.198,Vizianagaram,AP
2016-01-20,0.5,26.0,21.6,1.62,0.198,Vizianagaram,AP
2016-01-21,0.0,25.1,21.8,2.5,0.208,Vizianagaram,AP
2016-01-22,0.0,26.7,19.5,4.46,0.21,Vizianagaram,AP
2016-01-23,0.0,26.2,18.6,4.15,0.204,Vizianagaram,AP
2016-01-24,0.0,26.4,17.4,4.0,0.2,Vizianagaram,AP
2016-01-25,0.0,26.7,17.0,3.67,0.196,Vizianagaram,AP
2016-01-26,0.0,27.3,17.7,3.65,0.194,Vizianagaram,AP
2016-01-27,0.0,27.6,18.3,3.77,0.192,Vizianagaram,AP
2016-01-28,0.0,29.8,18.5,4.22,0.189,Vizianagaram,AP
2016-01-29,0.0,30.1,20.1,3.96,0.185,Vizianagaram,AP
2016-01-30,0.0,29.7,20.3,4.04,0.182,Vizianagaram,AP
2016-01-31,0.0,31.3,18.9,4.4,0.179,Vizianagaram,AP
2016-02-01,0.0,31.9,19.9,4.32,0.176,Vizianagaram,AP
2016-02-02,0.0,30.9,21.7,4.17,0.173,Vizianagaram,AP
2016-02-03,0.0,30.2,20.3,4.33,0.17,Vizianagaram,AP
2016-02-04,0.2,29.8,20.6,3.68,0.168,Vizianagaram,AP
2016-02-05,0.4,28.5,21.6,3.55,0.171,Vizianagaram,AP
2016-02-06,0.4,27.8,21.9,3.45,0.176,Vizianagaram,AP
2016-02-07,0.1,28.3,22.3,3.58,0.18,Vizianagaram,AP
2016-02-08,0.0,28.9,22.3,3.62,0.18,Vizianagaram,AP
2016-02-09,0.0,30.1,22.3,3.99,0.179,Vizianagaram,AP
2016-02-10,0.0,29.3,22.3,4.01,0.176,Vizianagaram,AP
2016-02-11,0.0,30.3,21.9,4.8,0.173,Vizianagaram,AP
2016-02-12,0.0,30.8,22.2,4.92,0.169,Vizianagaram,AP
2016-02-13,0.0,30.5,21.3,4.72,0.166,Vizianagaram,AP
2016-02-14,0.0,30.5,20.4,4.96,0.162,Vizianagaram,AP
2016-02-15,0.0,31.0,20.6,4.92,0.159,Vizianagaram,AP
2016-02-16,0.0,31.1,19.3,4.73,0.156,Vizianagaram,AP
2016-02-17,0.0,31.4,18.4,4.88,0.154,Vizianagaram,AP
2016-02-18,0.0,32.9,17.7,5.19,0.151,Vizianagaram,AP
2016-02-19,0.0,33.5,18.1,5.51,0.148,Vizianagaram,AP
2016-02-20,0.0,33.9,19.4,5.81,0.146,Vizianagaram,AP
2016-02-21,0.0,34.1,20.7,6.0,0.143,Vizianagaram,AP
2016-02-22,0.0,33.5,22.6,5.62,0.142,Vizianagaram,AP
2016-02-23,0.0,32.7,23.9,5.66,0.14,Vizianagaram,AP
2016-02-24,0.0,31.1,23.5,5.67,0.139,Vizianagaram,AP
2016-02-25,0.0,30.4,23.8,4.84,0.138,Vizianagaram,AP
2016-02-26,0.0,29.4,22.4,3.79,0.138,Vizianagaram,AP
2016-02-27,0.0,30.8,23.8,4.8,0.14,Vizianagaram,AP
2016-02-28,0.6,31.1,22.5,4.28,0.144,Vizianagaram,AP
2016-02-29,1.8,30.6,23.0,4.12,0.164,Vizianagaram,AP
2016-03-01,1.4,30.7,22.9,4.11,0.202,Vizianagaram,AP
2016-03-02,0.1,30.5,23.9,3.91,0.221,Vizianagaram,AP
2016-03-03,0.0,31.3,24.3,4.59,0.211,Vizianagaram,AP
2016-03-04,0.0,31.9,21.8,5.0,0.201,Vizianagaram,AP
2016-03-05,0.0,32.6,22.3,5.12,0.191,Vizianagaram,AP
2016-03-06,0.0,33.0,21.3,5.61,0.183,Vizianagaram,AP
2016-03-07,0.0,32.9,20.1,5.64,0.175,Vizianagaram,AP
2016-03-08,0.0,33.4,19.5,6.08,0.168,Vizianagaram,AP
2016-03-09,0.0,33.8,19.2,6.35,0.161,Vizianagaram,AP
2016-03-10,0.0,33.7,21.2,5.69,0.156,Vizianagaram,AP
2016-03-11,0.0,34.1,22.4,5.98,0.151,Vizianagaram,AP
2016-03-12,0.0,33.2,22.9,5.62,0.147,Vizianagaram,AP
2016-03-13,0.0,32.3,21.2,5.29,0.145,Vizianagaram,AP
2016-03-14,0.0,31.1,22.7,4.54,0.142,Vizianagaram,AP
2016-03-15,0.0,31.5,22.4,4.74,0.14,Vizianagaram,AP
2016-03-16,0.0,32.8,22.9,5.45,0.139,Vizianagaram,AP
2016-03-17,0.0,33.5,23.8,5.64,0.138,Vizianagaram,AP
2016-03-18,0.0,33.9,23.6,5.74,0.136,Vizianagaram,AP
2016-03-19,0.0,35.4,24.6,6.4,0.134,Vizianagaram,AP
2016-03-20,0.0,36.7,24.8,6.37,0.133,Vizianagaram,AP
2016-03-21,0.0,37.1,24.6,6.71,0.131,Vizianagaram,AP
2016-03-22,0.0,38.0,23.7,6.86,0.13,Vizianagaram,AP
2016-03-23,0.0,35.7,25.2,5.92,0.129,Vizianagaram,AP
2016-03-24,0.0,34.5,25.9,5.53,0.128,Vizianagaram,AP
2016-03-25,0.0,33.8,24.1,5.79,0.128,Vizianagaram,AP
2016-03-26,0.0,34.5,25.3,6.07,0.127,Vizianagaram,AP
2016-03-27,0.0,33.7,25.2,6.12,0.127,Vizianagaram,AP
2016-03-28,0.0,34.2,24.8,5.96,0.126,Vizianagaram,AP
2016-03-29,0.0,33.3,24.8,6.16,0.126,Vizianagaram,AP
2016-03-30,0.0,34.9,25.4,6.32,0.128,Vizianagaram,AP
2016-03-31,0.0,33.8,25.7,6.04,0.129,Vizianagaram,AP
2016-04-01,0.2,35.3,25.3,6.44,0.131,Vizianagaram,AP
2016-04-02,0.0,34.9,26.0,6.47,0.134,Vizianagaram,AP
2016-04-03,0.0,35.4,26.0,6.7,0.132,Vizianagaram,AP
2016-04-04,0.0,35.7,26.1,6.97,0.131,Vizianagaram,AP
2016-04-05,0.0,35.7,26.1,6.81,0.129,Vizianagaram,AP
2016-04-06,0.1,36.2,26.0,6.63,0.131,Vizianagaram,AP
2016-04-07,0.0,36.8,26.4,7.04,0.132,Vizianagaram,AP
2016-04-08,0.0,36.0,25.6,7.11,0.13,Vizianagaram,AP
2016-04-09,0.0,36.9,24.7,7.77,0.128,Vizianagaram,AP
2016-04-10,0.0,37.8,25.1,8.35,0.127,Vizianagaram,AP
2016-04-11,0.0,38.3,25.9,8.11,0.126,Vizianagaram,AP
2016-04-12,0.0,37.8,26.7,8.08,0.125,Vizianagaram,AP
2016-04-13,0.0,36.7,26.2,6.93,0.125,Vizianagaram,AP
2016-04-14,0.0,36.2,27.2,6.29,0.126,Vizianagaram,AP
2016-04-15,0.0,36.6,27.4,6.64,0.126,Vizianagaram,AP
2016-04-16,0.0,36.2,27.1,7.04,0.125,Vizianagaram,AP
2016-04-17,0.0,36.6,26.9,7.32,0.125,Vizianagaram,AP
2016-04-18,0.0,36.1,26.6,7.35,0.124,Vizianagaram,AP
2016-04-19,0.0,36.0,25.5,7.27,0.124,Vizianagaram,AP
2016-04-20,0.0,36.3,26.1,7.28,0.123,Vizianagaram,AP
2016-04-21,0.0,36.9,27.2,7.15,0.123,Vizianagaram,AP
2016-04-22,0.0,37.7,28.0,7.27,0.123,Vizianagaram,AP
2016-04-23,0.0,37.2,28.2,7.11,0.123,Vizianagaram,AP
2016-04-24,0.0,37.8,27.4,6.64,0.123,Vizianagaram,AP
2016-04-25,0.0,36.9,28.2,6.97,0.122,Vizianagaram,AP
2016-04-26,0.0,35.7,27.8,6.6,0.122,Vizianagaram,AP
2016-04-27,0.0,37.4,27.3,7.26,0.122,Vizianagaram,AP
2016-04-28,0.0,37.9,27.2,7.47,0.122,Vizianagaram,AP
2016-04-29,0.2,38.2,27.4,7.49,0.125,Vizianagaram,AP
2016-04-30,0.2,37.4,27.4,6.62,0.132,Vizianagaram,AP
2016-05-01,0.3,38.1,27.2,7.52,0.138,Vizianagaram,AP
2016-05-02,0.0,38.1,27.5,7.94,0.143,Vizianagaram,AP
2016-05-03,0.0,36.7,27.5,7.15,0.14,Vizianagaram,AP
2016-05-04,0.0,36.4,27.4,6.81,0.138,Vizianagaram,AP
2016-05-05,0.0,36.0,27.2,6.6,0.138,Vizianagaram,AP
2016-05-06,0.5,36.1,27.3,6.25,0.143,Vizianagaram,AP
2016-05-07,0.5,35.6,27.0,6.54,0.155,Vizianagaram,AP
2016-05-08,0.4,36.2,27.0,6.42,0.166,Vizianagaram,AP
2016-05-09,0.2,34.5,27.4,5.94,0.171,Vizianagaram,AP
2016-05-10,0.0,34.8,27.2,6.31,0.166,Vizianagaram,AP
2016-05-11,0.0,36.5,27.0,6.88,0.159,Vizianagaram,AP
2016-05-12,0.0,36.4,27.5,6.65,0.154,Vizianagaram,AP
2016-05-13,0.0,36.5,27.6,7.06,0.149,Vizianagaram,AP
2016-05-14,0.0,35.9,28.2,6.55,0.144,Vizianagaram,AP
2016-05-15,0.0,35.5,27.7,6.8,0.14,Vizianagaram,AP
2016-05-16,0.0,36.0,27.6,6.73,0.137,Vizianagaram,AP
2016-05-17,0.2,33.8,26.6,5.44,0.137,Vizianagaram,AP
2016-05-18,31.7,27.6,25.3,1.33,0.261,Vizianagaram,AP
2016-05-19,85.5,26.7,25.1,1.11,0.41,Vizianagaram,AP
2016-05-20,47.2,29.5,25.2,1.78,0.421,Vizianagaram,AP
2016-05-21,0.0,36.4,27.0,6.52,0.389,Vizianagaram,AP
2016-05-22,0.0,37.2,28.7,7.0,0.361,Vizianagaram,AP
2016-05-23,0.0,39.7,27.4,7.4,0.34,Vizianagaram,AP
2016-05-24,0.0,37.9,27.2,6.54,0.324,Vizianagaram,AP
2016-05-25,0.0,38.2,29.0,7.13,0.311,Vizianagaram,AP
2016-05-26,0.0,38.8,27.0,6.36,0.297,Vizianagaram,AP
2016-05-27,0.0,37.5,27.5,6.38,0.284,Vizianagaram,AP
2016-05-28,0.1,36.5,28.7,5.76,0.274,Vizianagaram,AP
2016-05-29,0.5,37.2,28.7,6.41,0.269,Vizianagaram,AP
2016-05-30,0.0,36.4,28.2,6.22,0.266,Vizianagaram,AP
2016-05-31,0.0,36.3,29.2,6.7,0.253,Vizianagaram,AP
2016-06-01,0.0,36.6,29.0,6.3,0.241,Vizianagaram,AP
2016-06-02,0.0,36.0,28.5,5.92,0.233,Vizianagaram,AP
2016-06-03,3.4,31.4,27.7,2.96,0.257,Vizianagaram,AP
2016-06-04,38.4,27.9,25.6,1.59,0.391,Vizianagaram,AP
2016-06-05,8.4,30.9,25.5,3.69,0.406,Vizianagaram,AP
2016-06-06,5.6,31.3,25.8,4.63,0.394,Vizianagaram,AP
2016-06-07,2.1,31.0,25.3,3.56,0.387,Vizianagaram,AP
2016-06-08,8.3,29.5,25.7,2.68,0.393,Vizianagaram,AP
2016-06-09,1.6,31.2,25.7,3.1,0.395,Vizianagaram,AP
2016-06-10,0.0,35.0,27.2,6.33,0.367,Vizianagaram,AP
2016-06-11,0.0,34.4,27.4,6.23,0.347,Vizianagaram,AP
2016-06-12,0.5,35.8,28.2,5.61,0.339,Vizianagaram,AP
2016-06-13,1.9,35.7,28.8,5.58,0.36,Vizianagaram,AP
2016-06-14,0.0,35.7,28.1,5.1,0.349,Vizianagaram,AP
2016-06-15,0.0,37.6,28.5,6.07,0.33,Vizianagaram,AP
2016-06-16,0.2,37.1,28.5,6.02,0.315,Vizianagaram,AP
2016-06-17,9.6,29.4,26.3,1.64,0.351,Vizianagaram,AP
2016-06-18,2.8,30.2,26.3,3.57,0.369,Vizianagaram,AP
2016-06-19,8.6,29.9,25.3,3.95,0.381,Vizianagaram,AP
2016-06-20,5.6,30.0,25.2,3.64,0.382,Vizianagaram,AP
2016-06-21,1.8,31.2,25.9,4.58,0.372,Vizianagaram,AP
2016-06-22,0.6,32.4,26.0,5.3,0.365,Vizianagaram,AP
2016-06-23,0.0,32.7,25.8,5.11,0.346,Vizianagaram,AP
2016-06-24,10.8,33.4,25.9,4.7,0.363,Vizianagaram,AP
2016-06-25,5.3,32.4,26.0,4.52,0.399,Vizianagaram,AP
2016-06-26,6.1,31.1,25.8,3.0,0.401,Vizianagaram,AP
2016-06-27,18.5,30.6,25.1,2.92,0.419,Vizianagaram,AP
2016-06-28,33.0,27.8,25.9,1.8,0.427,Vizianagaram,AP
2016-06-29,41.4,27.2,25.5,2.15,0.425,Vizianagaram,AP
2016-06-30,11.4,27.9,25.2,2.05,0.421,Vizianagaram,AP
2016-07-01,21.1,29.3,25.0,2.42,0.426,Vizianagaram,AP
2016-07-02,20.1,27.9,25.4,1.56,0.428,Vizianagaram,AP
2016-07-03,11.3,30.6,25.3,2.93,0.422,Vizianagaram,AP
2016-07-04,3.0,32.0,26.0,4.06,0.417,Vizianagaram,AP
2016-07-05,3.5,32.5,25.9,4.66,0.407,Vizianagaram,AP
2016-07-06,1.9,32.8,27.2,5.31,0.405,Vizianagaram,AP
2016-07-07,0.3,33.4,26.9,4.96,0.394,Vizianagaram,AP
2016-07-08,0.0,30.0,27.0,3.26,0.391,Vizianagaram,AP
2016-07-09,11.0,29.1,24.7,3.02,0.409,Vizianagaram,AP
2016-07-10,3.4,29.1,24.9,4.32,0.418,Vizianagaram,AP
2016-07-11,4.6,30.6,25.1,4.56,0.419,Vizianagaram,AP
2016-07-12,0.0,33.6,26.5,6.27,0.397,Vizianagaram,AP
2016-07-13,0.0,33.7,26.5,5.82,0.382,Vizianagaram,AP
2016-07-14,1.6,34.8,26.9,5.48,0.379,Vizianagaram,AP
2016-07-15,0.2,32.9,27.0,4.95,0.375,Vizianagaram,AP
2016-07-16,0.0,30.3,27.5,3.24,0.364,Vizianagaram,AP
2016-07-17,3.8,31.1,26.2,4.43,0.359,Vizianagaram,AP
2016-07-18,2.7,31.9,26.2,4.65,0.369,Vizianagaram,AP
2016-07-19,1.5,31.2,26.1,3.11,0.384,Vizianagaram,AP
2016-07-20,2.8,32.1,25.8,4.26,0.386,Vizianagaram,AP
2016-07-21,5.5,31.4,26.4,3.97,0.404,Vizianagaram,AP
2016-07-22,7.6,30.2,25.5,3.55,0.413,Vizianagaram,AP
2016-07-23,4.1,29.3,25.1,3.45,0.414,Vizianagaram,AP
2016-07-24,14.4,28.9,24.9,2.62,0.418,Vizianagaram,AP
2016-07-25,9.9,29.9,25.0,2.96,0.422,Vizianagaram,AP
2016-07-26,21.0,28.3,24.5,2.28,0.424,Vizianagaram,AP
2016-07-27,7.0,29.1,24.6,2.89,0.421,Vizianagaram,AP
2016-07-28,3.1,31.0,24.4,4.87,0.406,Vizianagaram,AP
2016-07-29,0.4,31.7,25.7,5.13,0.392,Vizianagaram,AP
2016-07-30,1.3,32.4,26.1,4.99,0.385,Vizianagaram,AP
2016-07-31,2.2,29.3,25.7,2.36,0.397,Vizianagaram,AP
2016-08-01,9.6,29.5,25.2,3.16,0.411,Vizianagaram,AP
2016-08-02,5.6,29.3,25.3,2.51,0.419,Vizianagaram,AP
2016-08-03,5.5,27.7,25.2,2.17,0.418,Vizianagaram,AP
2016-08-04,28.3,27.0,25.0,1.4,0.429,Vizianagaram,AP
2016-08-05,5.6,30.1,25.0,3.21,0.421,Vizianagaram,AP
2016-08-06,2.7,29.2,25.6,2.52,0.414,Vizianagaram,AP
2016-08-07,4.6,32.6,25.2,4.55,0.418,Vizianagaram,AP
2016-08-08,0.0,33.0,26.5,4.57,0.4,Vizianagaram,AP
2016-08-09,0.4,32.5,26.8,3.75,0.389,Vizianagaram,AP
2016-08-10,4.3,33.1,25.5,4.52,0.405,Vizianagaram,AP
2016-08-11,0.3,33.7,27.2,5.14,0.39,Vizianagaram,AP
2016-08-12,0.0,33.5,26.9,5.03,0.38,Vizianagaram,AP
2016-08-13,1.4,33.2,26.9,5.19,0.377,Vizianagaram,AP
2016-08-14,3.1,33.2,27.1,4.58,0.386,Vizianagaram,AP
2016-08-15,3.3,30.7,26.3,3.11,0.398,Vizianagaram,AP
2016-08-16,18.9,29.3,25.0,1.71,0.423,Vizianagaram,AP
2016-08-17,0.1,32.7,25.5,4.38,0.408,Vizianagaram,AP
2016-08-18,0.0,33.2,25.1,5.64,0.39,Vizianagaram,AP
2016-08-19,0.0,33.0,25.5,5.83,0.377,Vizianagaram,AP
2016-08-20,0.1,32.6,24.5,5.28,0.366,Vizianagaram,AP
2016-08-21,0.1,33.1,25.2,5.08,0.357,Vizianagaram,AP
2016-08-22,0.2,32.2,27.0,3.96,0.353,Vizianagaram,AP
2016-08-23,0.5,32.7,26.4,4.63,0.354,Vizianagaram,AP
2016-08-24,2.7,32.6,26.1,4.61,0.37,Vizianagaram,AP
2016-08-25,7.9,31.8,26.0,4.15,0.407,Vizianagaram,AP
2016-08-26,4.0,31.3,26.0,3.93,0.405,Vizianagaram,AP
2016-08-27,11.1,30.6,25.1,3.52,0.411,Vizianagaram,AP
2016-08-28,3.0,30.3,25.3,3.8,0.41,Vizianagaram,AP
2016-08-29,4.8,31.4,25.3,4.29,0.404,Vizianagaram,AP
2016-08-30,5.0,31.2,25.4,3.98,0.415,Vizianagaram,AP
2016-08-31,8.8,29.5,25.3,2.77,0.418,Vizianagaram,AP
2016-09-01,3.8,30.2,25.8,3.7,0.412,Vizianagaram,AP
2016-09-02,1.2,31.0,25.8,3.45,0.408,Vizianagaram,AP
2016-09-03,16.4,27.9,25.0,1.66,0.424,Vizianagaram,AP
2016-09-04,9.1,29.7,25.0,2.04,0.425,Vizianagaram,AP
2016-09-05,1.0,32.0,25.2,3.53,0.412,Vizianagaram,AP
2016-09-06,0.2,32.9,24.7,4.26,0.397,Vizianagaram,AP
2016-09-07,0.2,32.9,23.7,4.93,0.384,Vizianagaram,AP
2016-09-08,0.1,32.2,25.0,4.73,0.374,Vizianagaram,AP
2016-09-09,5.2,31.5,26.4,3.97,0.39,Vizianagaram,AP
2016-09-10,15.8,30.3,25.2,3.69,0.413,Vizianagaram,AP
2016-09-11,17.7,30.8,25.2,3.47,0.425,Vizianagaram,AP
2016-09-12,5.3,29.7,25.0,3.36,0.419,Vizianagaram,AP
2016-09-13,12.2,29.3,25.0,2.75,0.424,Vizianagaram,AP
2016-09-14,13.2,29.4,24.9,2.78,0.423,Vizianagaram,AP
2016-09-15,6.9,29.5,25.1,3.7,0.421,Vizianagaram,AP
2016-09-16,6.1,30.1,25.0,3.87,0.419,Vizianagaram,AP
2016-09-17,7.0,29.8,25.4,3.23,0.415,Vizianagaram,AP
2016-09-18,3.7,30.7,25.4,3.67,0.413,Vizianagaram,AP
2016-09-19,9.4,30.5,25.4,3.54,0.416,Vizianagaram,AP
2016-09-20,9.5,31.5,25.0,3.63,0.422,Vizianagaram,AP
2016-09-21,22.5,28.4,24.5,3.06,0.426,Vizianagaram,AP
2016-09-22,24.7,28.2,24.5,2.64,0.428,Vizianagaram,AP
2016-09-23,34.3,26.4,24.6,1.29,0.426,Vizianagaram,AP
2016-09-24,10.3,28.3,24.3,2.84,0.419,Vizianagaram,AP
2016-09-25,7.6,29.0,25.0,3.05,0.416,Vizianagaram,AP
2016-09-26,10.6,28.9,25.3,2.91,0.414,Vizianagaram,AP
2016-09-27,13.1,28.5,24.9,2.36,0.421,Vizianagaram,AP
2016-09-28,9.4,28.8,24.8,2.34,0.419,Vizianagaram,AP
2016-09-29,14.1,28.7,24.7,2.22,0.423,Vizianagaram,AP
2016-09-30,20.7,27.5,24.3,1.43,0.426,Vizianagaram,AP
2016-10-01,9.4,27.1,24.1,1.76,0.425,Vizianagaram,AP
2016-10-02,2.6,29.9,24.0,3.82,0.416,Vizianagaram,AP
2016-10-03,0.5,31.2,23.7,4.55,0.407,Vizianagaram,AP
2016-10-04,0.8,31.9,24.7,4.49,0.399,Vizianagaram,AP
2016-10-05,1.0,31.2,25.2,3.4,0.398,Vizianagaram,AP
2016-10-06,7.0,31.1,25.2,3.46,0.404,Vizianagaram,AP
2016-10-07,4.2,30.1,25.1,2.96,0.419,Vizianagaram,AP
2016-10-08,11.9,29.0,24.8,2.21,0.421,Vizianagaram,AP
2016-10-09,6.4,30.4,24.5,3.59,0.418,Vizianagaram,AP
2016-10-10,3.4,30.3,25.1,2.24,0.422,Vizianagaram,AP
2016-10-11,0.0,33.8,24.9,4.27,0.405,Vizianagaram,AP
2016-10-12,0.0,33.7,23.9,4.7,0.391,Vizianagaram,AP
2016-10-13,0.0,32.5,23.3,4.86,0.379,Vizianagaram,AP
2016-10-14,0.0,31.2,23.2,4.22,0.37,Vizianagaram,AP
2016-10-15,0.0,31.8,23.3,5.05,0.361,Vizianagaram,AP
2016-10-16,0.0,31.4,21.8,4.99,0.352,Vizianagaram,AP
2016-10-17,0.0,31.2,21.4,4.77,0.344,Vizianagaram,AP
2016-10-18,0.0,31.6,22.6,4.68,0.337,Vizianagaram,AP
2016-10-19,0.0,31.8,22.6,4.63,0.33,Vizianagaram,AP
2016-10-20,0.0,31.6,22.9,4.71,0.323,Vizianagaram,AP
2016-10-21,0.0,31.3,22.8,4.51,0.317,Vizianagaram,AP
2016-10-22,0.0,31.5,21.9,4.58,0.311,Vizianagaram,AP
2016-10-23,0.0,31.8,22.2,4.82,0.304,Vizianagaram,AP
2016-10-24,0.0,31.6,20.7,4.21,0.298,Vizianagaram,AP
2016-10-25,0.0,32.2,20.4,4.7,0.293,Vizianagaram,AP
2016-10-26,0.0,32.1,20.6,5.38,0.286,Vizianagaram,AP
2016-10-27,0.6,30.1,25.2,4.84,0.281,Vizianagaram,AP
2016-10-28,1.8,29.0,24.0,3.41,0.289,Vizianagaram,AP
2016-10-29,3.4,29.8,23.1,3.47,0.315,Vizianagaram,AP
2016-10-30,3.5,30.2,23.3,3.55,0.347,Vizianagaram,AP
2016-10-31,2.2,30.9,23.0,4.09,0.346,Vizianagaram,AP
2016-11-01,0.9,31.5,23.9,4.73,0.323,Vizianagaram,AP
2016-11-02,1.1,30.3,23.1,4.11,0.322,Vizianagaram,AP
2016-11-03,12.8,29.7,24.0,3.5,0.34,Vizianagaram,AP
2016-11-04,19.3,25.9,23.1,2.03,0.395,Vizianagaram,AP
2016-11-05,0.3,30.9,23.6,4.65,0.373,Vizianagaram,AP
2016-11-06,0.0,30.3,21.4,3.92,0.353,Vizianagaram,AP
2016-11-07,0.0,30.6,20.5,4.69,0.341,Vizianagaram,AP
2016-11-08,0.0,29.7,17.2,4.61,0.33,Vizianagaram,AP
2016-11-09,0.0,29.7,17.2,4.33,0.321,Vizianagaram,AP
2016-11-10,0.0,29.4,17.0,4.2,0.314,Vizianagaram,AP
2016-11-11,0.0,28.7,17.3,4.11,0.306,Vizianagaram,AP
2016-11-12,0.0,28.5,19.0,4.16,0.299,Vizianagaram,AP
2016-11-13,0.0,29.1,20.3,4.16,0.293,Vizianagaram,AP
2016-11-14,0.0,29.7,20.8,4.01,0.286,Vizianagaram,AP
2016-11-15,0.0,29.7,22.0,3.82,0.282,Vizianagaram,AP
2016-11-16,0.0,28.8,23.2,3.64,0.28,Vizianagaram,AP
2016-11-17,0.0,29.0,21.0,4.35,0.274,Vizianagaram,AP
2016-11-18,0.0,28.8,19.2,4.38,0.267,Vizianagaram,AP
2016-11-19,0.0,28.4,17.3,4.22,0.261,Vizianagaram,AP
2016-11-20,0.0,28.7,17.1,4.04,0.256,Vizianagaram,AP
2016-11-21,0.0,28.7,16.3,3.88,0.251,Vizianagaram,AP
2016-11-22,0.0,29.4,16.8,3.97,0.247,Vizianagaram,AP
2016-11-23,0.0,29.0,16.3,4.04,0.242,Vizianagaram,AP
2016-11-24,0.0,28.8,16.4,3.92,0.237,Vizianagaram,AP
2016-11-25,0.0,29.4,16.6,3.96,0.233,Vizianagaram,AP
2016-11-26,0.0,29.8,16.1,4.03,0.229,Vizianagaram,AP
2016-11-27,0.0,31.0,17.0,4.03,0.225,Vizianagaram,AP
2016-11-28,0.0,31.4,17.3,4.2,0.221,Vizianagaram,AP
2016-11-29,0.0,29.4,17.0,3.82,0.217,Vizianagaram,AP
2016-11-30,0.0,29.1,17.6,4.04,0.213,Vizianagaram,AP
2016-12-01,0.0,29.1,20.2,4.07,0.21,Vizianagaram,AP
2016-12-02,6.6,26.8,22.5,2.55,0.228,Vizianagaram,AP
2016-12-03,0.7,28.5,21.7,3.41,0.3,Vizianagaram,AP
2016-12-04,0.0,29.2,21.0,4.06,0.282,Vizianagaram,AP
2016-12-05,0.0,28.4,19.7,4.02,0.267,Vizianagaram,AP
2016-12-06,0.0,27.5,18.8,4.06,0.256,Vizianagaram,AP
2016-12-07,0.0,29.0,17.3,4.22,0.246,Vizianagaram,AP
2016-12-08,0.0,28.7,16.8,3.93,0.238,Vizianagaram,AP
2016-12-09,0.0,27.9,17.5,3.78,0.231,Vizianagaram,AP
2016-12-10,0.0,28.7,17.7,4.37,0.225,Vizianagaram,AP
2016-12-11,1.3,27.9,21.5,4.69,0.219,Vizianagaram,AP
2016-12-12,0.6,28.1,22.9,4.4,0.22,Vizianagaram,AP
2016-12-13,0.5,28.5,22.1,4.29,0.219,Vizianagaram,AP
2016-12-14,0.0,28.2,21.3,3.77,0.213,Vizianagaram,AP
2016-12-15,0.0,28.7,20.5,3.65,0.209,Vizianagaram,AP
2016-12-16,0.0,27.8,19.2,3.76,0.204,Vizianagaram,AP
2016-12-17,0.0,28.4,16.6,3.81,0.2,Vizianagaram,AP
2016-12-18,0.0,27.6,16.1,3.84,0.196,Vizianagaram,AP
2016-12-19,0.0,27.9,16.1,3.88,0.193,Vizianagaram,AP
2016-12-20,0.0,27.8,15.9,3.59,0.189,Vizianagaram,AP
2016-12-21,0.0,28.8,15.3,3.69,0.186,Vizianagaram,AP
2016-12-22,0.0,28.6,15.3,3.83,0.183,Vizianagaram,AP
2016-12-23,0.0,27.1,15.3,3.58,0.181,Vizianagaram,AP
2016-12-24,0.0,26.9,16.0,3.39,0.179,Vizianagaram,AP
2016-12-25,0.0,27.5,17.2,3.37,0.177,Vizianagaram,AP
2016-12-26,0.0,29.3,16.4,3.65,0.175,Vizianagaram,AP
2016-12-27,0.0,28.2,17.7,3.69,0.173,Vizianagaram,AP
2016-12-28,0.0,27.4,16.9,3.57,0.17,Vizianagaram,AP
2016-12-29,0.0,27.5,18.4,3.36,0.169,Vizianagaram,AP
2016-12-30,0.0,27.3,17.8,3.28,0.167,Vizianagaram,AP
2016-12-31,0.0,27.3,17.8,3.27,0.166,Vizianagaram,AP
2017-01-01,0.0,29.2,17.5,3.59,0.126,Vizianagaram,AP
2017-01-02,0.0,29.1,19.1,3.71,0.116,Vizianagaram,AP
2017-01-03,0.1,29.6,18.2,3.48,0.116,Vizianagaram,AP
2017-01-04,0.0,29.5,18.9,3.26,0.117,Vizianagaram,AP
2017-01-05,0.2,30.1,19.3,3.76,0.119,Vizianagaram,AP
2017-01-06,0.0,29.4,17.7,3.98,0.119,Vizianagaram,AP
2017-01-07,0.0,29.2,16.1,4.02,0.118,Vizianagaram,AP
2017-01-08,0.0,29.5,16.8,3.97,0.118,Vizianagaram,AP
2017-01-09,0.0,29.6,16.5,4.1,0.117,Vizianagaram,AP
2017-01-10,0.0,28.7,15.7,3.89,0.116,Vizianagaram,AP
2017-01-11,0.9,28.1,18.5,3.28,0.119,Vizianagaram,AP
2017-01-12,1.6,28.1,18.6,3.33,0.125,Vizianagaram,AP
2017-01-13,0.4,28.4,18.2,3.57,0.126,Vizianagaram,AP
2017-01-14,0.0,28.4,18.4,3.74,0.128,Vizianagaram,AP
2017-01-15,0.0,28.9,17.8,3.79,0.125,Vizianagaram,AP
2017-01-16,0.0,30.2,16.3,4.05,0.123,Vizianagaram,AP
2017-01-17,0.0,30.8,14.5,4.18,0.12,Vizianagaram,AP
2017-01-18,0.0,29.8,16.1,4.35,0.119,Vizianagaram,AP
2017-01-19,0.0,30.2,17.4,4.6,0.117,Vizianagaram,AP
2017-01-20,0.0,30.6,17.6,4.93,0.114,Vizianagaram,AP
2017-01-21,0.0,31.4,18.0,4.5,0.115,Vizianagaram,AP
2017-01-22,0.0,31.3,19.6,4.27,0.115,Vizianagaram,AP
2017-01-23,0.0,32.1,18.8,4.41,0.114,Vizianagaram,AP
2017-01-24,0.0,31.0,17.5,4.38,0.114,Vizianagaram,AP
2017-01-25,0.0,29.8,17.6,4.35,0.113,Vizianagaram,AP
2017-01-26,0.0,29.8,17.8,4.18,0.113,Vizianagaram,AP
2017-01-27,0.0,27.8,18.3,2.21,0.113,Vizianagaram,AP
2017-01-28,0.0,33.2,18.7,4.01,0.112,Vizianagaram,AP
2017-01-29,0.0,30.9,19.1,4.0,0.11,Vizianagaram,AP
2017-01-30,0.0,30.3,20.1,3.81,0.111,Vizianagaram,AP
2017-01-31,0.0,31.1,19.9,4.05,0.11,Vizianagaram,AP
2017-02-01,0.2,29.7,20.2,3.41,0.11,Vizianagaram,AP
2017-02-02,0.1,30.5,19.8,3.9,0.112,Vizianagaram,AP
2017-02-03,0.0,30.8,18.6,4.24,0.111,Vizianagaram,AP
2017-02-04,0.2,29.2,18.1,3.89,0.11,Vizianagaram,AP
2017-02-05,0.0,30.8,18.3,4.36,0.109,Vizianagaram,AP
2017-02-06,0.0,32.7,18.0,4.53,0.109,Vizianagaram,AP
2017-02-07,0.0,34.1,18.6,4.79,0.108,Vizianagaram,AP
2017-02-08,0.0,33.7,18.3,4.91,0.108,Vizianagaram,AP
2017-02-09,0.0,32.3,17.6,4.63,0.107,Vizianagaram,AP
2017-02-10,0.0,31.2,19.2,4.5,0.106,Vizianagaram,AP
2017-02-11,0.0,30.5,18.5,4.2,0.106,Vizianagaram,AP
2017-02-12,0.0,29.2,18.8,4.16,0.106,Vizianagaram,AP
2017-02-13,0.0,30.3,18.5,4.42,0.106,Vizianagaram,AP
2017-02-14,0.0,31.6,19.1,4.49,0.106,Vizianagaram,AP
2017-02-15,0.0,32.2,17.7,5.21,0.104,Vizianagaram,AP
2017-02-16,0.0,32.7,17.0,5.13,0.102,Vizianagaram,AP
2017-02-17,0.0,32.9,18.3,5.05,0.102,Vizianagaram,AP
2017-02-18,0.0,32.0,18.4,4.94,0.101,Vizianagaram,AP
2017-02-19,0.0,34.5,19.4,5.0,0.101,Vizianagaram,AP
2017-02-20,0.0,34.0,21.4,5.1,0.101,Vizianagaram,AP
2017-02-21,0.0,34.0,20.8,5.18,0.1,Vizianagaram,AP
2017-02-22,0.0,33.8,22.3,5.11,0.101,Vizianagaram,AP
2017-02-23,0.0,34.9,21.7,5.1,0.101,Vizianagaram,AP
2017-02-24,0.3,34.2,22.4,4.39,0.101,Vizianagaram,AP
2017-02-25,0.3,33.5,22.2,4.37,0.102,Vizianagaram,AP
2017-02-26,0.1,32.3,21.0,4.73,0.102,Vizianagaram,AP
2017-02-27,0.0,33.9,20.6,5.02,0.103,Vizianagaram,AP
2017-02-28,0.0,34.4,19.8,5.24,0.103,Vizianagaram,AP
2017-03-01,0.0,35.3,19.5,5.41,0.103,Vizianagaram,AP
2017-03-02,0.0,35.0,18.9,5.77,0.102,Vizianagaram,AP
2017-03-03,0.0,34.8,18.4,5.96,0.101,Vizianagaram,AP
2017-03-04,0.0,34.2,19.5,5.86,0.1,Vizianagaram,AP
2017-03-05,0.8,35.2,23.3,5.26,0.102,Vizianagaram,AP
2017-03-06,4.4,35.2,24.1,5.12,0.115,Vizianagaram,AP
2017-03-07,2.5,34.0,24.7,4.72,0.124,Vizianagaram,AP
2017-03-08,0.4,33.9,24.5,5.18,0.136,Vizianagaram,AP
2017-03-09,2.4,33.4,24.4,4.17,0.165,Vizianagaram,AP
2017-03-10,2.3,31.8,25.0,4.1,0.202,Vizianagaram,AP
2017-03-11,5.6,32.3,24.3,4.54,0.207,Vizianagaram,AP
2017-03-12,0.0,36.0,24.0,5.48,0.198,Vizianagaram,AP
2017-03-13,0.1,34.0,21.2,5.09,0.184,Vizianagaram,AP
2017-03-14,1.9,30.9,23.3,4.05,0.176,Vizianagaram,AP
2017-03-15,2.2,32.1,22.8,4.29,0.183,Vizianagaram,AP
2017-03-16,1.7,34.6,23.1,4.92,0.185,Vizianagaram,AP
2017-03-17,3.4,34.2,22.9,4.87,0.199,Vizianagaram,AP
2017-03-18,4.4,34.9,24.6,5.35,0.23,Vizianagaram,AP
2017-03-19,1.3,33.9,24.3,5.2,0.209,Vizianagaram,AP
2017-03-20,2.5,34.6,23.6,5.17,0.208,Vizianagaram,AP
2017-03-21,3.4,32.4,24.0,4.27,0.221,Vizianagaram,AP
2017-03-22,0.0,34.2,23.7,5.5,0.212,Vizianagaram,AP
2017-03-23,0.0,35.8,22.9,6.15,0.193,Vizianagaram,AP
2017-03-24,0.4,37.7,23.4,6.08,0.18,Vizianagaram,AP
2017-03-25,0.1,38.2,23.1,6.26,0.171,Vizianagaram,AP
2017-03-26,0.0,35.6,24.5,5.93,0.163,Vizianagaram,AP
2017-03-27,0.0,36.3,24.6,6.31,0.156,Vizianagaram,AP
2017-03-28,0.0,37.0,24.1,6.42,0.151,Vizianagaram,AP
2017-03-29,0.0,37.6,24.9,6.8,0.147,Vizianagaram,AP
2017-03-30,0.0,38.4,25.9,7.09,0.143,Vizianagaram,AP
2017-03-31,0.0,37.6,25.8,6.45,0.141,Vizianagaram,AP
2017-04-01,2.0,37.4,25.7,6.74,0.144,Vizianagaram,AP
2017-04-02,2.3,38.1,26.7,7.1,0.154,Vizianagaram,AP
2017-04-03,2.2,36.2,26.2,6.66,0.172,Vizianagaram,AP
2017-04-04,0.0,35.8,25.2,6.31,0.173,Vizianagaram,AP
2017-04-05,2.0,36.8,25.8,6.22,0.177,Vizianagaram,AP
2017-04-06,0.0,37.3,25.9,6.25,0.182,Vizianagaram,AP
2017-04-07,0.0,38.5,26.8,6.4,0.172,Vizianagaram,AP
2017-04-08,0.0,37.3,26.5,6.13,0.162,Vizianagaram,AP
2017-04-09,0.0,37.7,26.2,6.08,0.154,Vizianagaram,AP
2017-04-10,0.0,36.3,26.0,5.93,0.148,Vizianagaram,AP
2017-04-11,0.0,37.8,25.6,5.69,0.142,Vizianagaram,AP
2017-04-12,0.0,35.4,24.2,5.87,0.135,Vizianagaram,AP
2017-04-13,0.0,35.9,23.6,5.79,0.131,Vizianagaram,AP
2017-04-14,0.0,35.6,24.0,5.99,0.126,Vizianagaram,AP
2017-04-15,0.0,35.1,21.8,6.15,0.123,Vizianagaram,AP
2017-04-16,0.0,35.6,24.0,6.05,0.121,Vizianagaram,AP
2017-04-17,0.1,36.5,25.2,5.62,0.122,Vizianagaram,AP
2017-04-18,1.1,35.6,26.9,5.43,0.128,Vizianagaram,AP
2017-04-19,0.1,37.0,27.4,6.47,0.125,Vizianagaram,AP
2017-04-20,0.0,38.6,27.1,6.82,0.147,Vizianagaram,AP
2017-04-21,1.5,37.5,27.8,6.83,0.193,Vizianagaram,AP
2017-04-22,2.1,39.1,27.3,6.58,0.194,Vizianagaram,AP
2017-04-23,1.6,39.3,27.7,6.15,0.221,Vizianagaram,AP
2017-04-24,0.0,37.7,27.0,6.35,0.219,Vizianagaram,AP
2017-04-25,0.0,38.3,25.9,6.18,0.203,Vizianagaram,AP
2017-04-26,0.1,39.4,25.5,6.26,0.194,Vizianagaram,AP
2017-04-27,0.3,39.6,26.4,5.74,0.189,Vizianagaram,AP
2017-04-28,1.9,39.0,25.6,5.8,0.196,Vizianagaram,AP
2017-04-29,0.0,38.1,25.6,5.98,0.213,Vizianagaram,AP
2017-04-30,0.4,37.6,25.8,6.13,0.218,Vizianagaram,AP
2017-05-01,3.5,36.8,26.9,5.44,0.261,Vizianagaram,AP
2017-05-02,2.6,35.3,25.5,5.73,0.253,Vizianagaram,AP
2017-05-03,0.0,36.6,26.3,6.06,0.226,Vizianagaram,AP
2017-05-04,0.0,37.4,25.7,6.21,0.211,Vizianagaram,AP
2017-05-05,0.0,37.0,26.0,6.34,0.205,Vizianagaram,AP
2017-05-06,0.0,37.2,27.4,6.65,0.192,Vizianagaram,AP
2017-05-07,1.4,37.2,26.0,6.06,0.197,Vizianagaram,AP
2017-05-08,2.4,38.0,26.9,6.3,0.222,Vizianagaram,AP
2017-05-09,0.4,36.0,27.1,5.5,0.23,Vizianagaram,AP
2017-05-10,0.4,34.3,27.0,4.97,0.233,Vizianagaram,AP
2017-05-11,0.3,35.0,26.2,4.48,0.233,Vizianagaram,AP
2017-05-12,0.0,36.4,26.2,6.31,0.228,Vizianagaram,AP
2017-05-13,0.0,38.4,26.9,6.6,0.222,Vizianagaram,AP
2017-05-14,0.0,39.1,27.5,6.83,0.207,Vizianagaram,AP
2017-05-15,0.5,41.2,28.6,6.89,0.192,Vizianagaram,AP
2017-05-16,0.0,42.3,29.2,6.5,0.181,Vizianagaram,AP
2017-05-17,0.0,42.8,29.4,7.13,0.177,Vizianagaram,AP
2017-05-18,0.0,40.4,27.9,6.26,0.174,Vizianagaram,AP
2017-05-19,0.0,37.7,28.7,6.08,0.164,Vizianagaram,AP
2017-05-20,0.0,38.8,28.6,5.86,0.157,Vizianagaram,AP
2017-05-21,0.0,39.0,28.4,6.62,0.147,Vizianagaram,AP
2017-05-22,0.0,38.1,28.8,6.74,0.145,Vizianagaram,AP
2017-05-23,0.0,39.9,29.1,6.78,0.153,Vizianagaram,AP
2017-05-24,0.0,38.0,29.1,6.34,0.144,Vizianagaram,AP
2017-05-25,0.0,37.7,28.4,6.61,0.137,Vizianagaram,AP
2017-05-26,0.1,36.1,28.5,5.56,0.133,Vizianagaram,AP
2017-05-27,0.0,35.8,28.0,5.1,0.132,Vizianagaram,AP
2017-05-28,0.0,36.4,26.7,5.38,0.131,Vizianagaram,AP
2017-05-29,2.7,40.2,27.2,5.77,0.142,Vizianagaram,AP
2017-05-30,0.3,41.3,28.0,5.47,0.157,Vizianagaram,AP
2017-05-31,0.0,39.9,29.5,7.2,0.163,Vizianagaram,AP
2017-06-01,0.9,38.1,28.8,6.29,0.156,Vizianagaram,AP
2017-06-02,0.7,37.7,28.4,6.28,0.153,Vizianagaram,AP
2017-06-03,1.4,36.6,28.8,5.87,0.154,Vizianagaram,AP
2017-06-04,1.7,41.1,28.9,6.78,0.162,Vizianagaram,AP
2017-06-05,3.0,41.0,29.2,6.1,0.18,Vizianagaram,AP
2017-06-06,17.1,38.1,29.0,5.26,0.256,Vizianagaram,AP
2017-06-07,6.8,36.5,28.0,4.67,0.224,Vizianagaram,AP
2017-06-08,19.9,37.4,26.9,4.62,0.314,Vizianagaram,AP
2017-06-09,21.3,34.7,25.5,3.43,0.372,Vizianagaram,AP
2017-06-10,2.5,32.6,25.8,2.77,0.392,Vizianagaram,AP
2017-06-11,1.8,31.3,27.1,2.21,0.396,Vizianagaram,AP
2017-06-12,7.3,32.5,27.6,3.67,0.391,Vizianagaram,AP
2017-06-13,0.9,32.0,27.4,4.08,0.369,Vizianagaram,AP
2017-06-14,18.2,32.6,26.2,3.36,0.38,Vizianagaram,AP
2017-06-15,7.8,33.3,25.7,3.26,0.388,Vizianagaram,AP
2017-06-16,10.4,30.5,25.7,2.32,0.383,Vizianagaram,AP
2017-06-17,0.0,33.7,26.2,5.36,0.353,Vizianagaram,AP
2017-06-18,3.2,34.1,27.0,5.01,0.344,Vizianagaram,AP
2017-06-19,10.4,33.7,27.2,4.23,0.36,Vizianagaram,AP
2017-06-20,0.6,34.1,27.3,4.98,0.338,Vizianagaram,AP
2017-06-21,0.1,34.7,27.4,3.79,0.33,Vizianagaram,AP
2017-06-22,0.2,34.7,27.8,4.12,0.331,Vizianagaram,AP
2017-06-23,7.0,33.0,26.5,3.13,0.343,Vizianagaram,AP
2017-06-24,6.6,31.5,26.4,2.95,0.371,Vizianagaram,AP
2017-06-25,6.8,30.3,26.0,2.24,0.392,Vizianagaram,AP
2017-06-26,4.4,31.7,25.7,2.96,0.399,Vizianagaram,AP
2017-06-27,3.3,30.2,26.2,3.01,0.395,Vizianagaram,AP
2017-06-28,19.9,27.9,25.3,1.5,0.409,Vizianagaram,AP
2017-06-29,5.3,31.4,25.1,3.3,0.407,Vizianagaram,AP
2017-06-30,16.1,29.4,25.6,1.66,0.416,Vizianagaram,AP
2017-07-01,36.7,29.2,25.4,1.38,0.421,Vizianagaram,AP
2017-07-02,30.5,29.9,25.3,2.22,0.413,Vizianagaram,AP
2017-07-03,5.1,32.2,25.6,2.79,0.397,Vizianagaram,AP
2017-07-04,2.2,32.5,26.7,3.67,0.378,Vizianagaram,AP
2017-07-05,0.1,32.1,26.8,3.25,0.356,Vizianagaram,AP
2017-07-06,7.3,31.1,26.3,2.89,0.36,Vizianagaram,AP
2017-07-07,7.6,33.6,25.2,4.05,0.371,Vizianagaram,AP
2017-07-08,6.1,33.4,26.1,3.86,0.38,Vizianagaram,AP
2017-07-09,1.1,33.4,26.7,3.26,0.386,Vizianagaram,AP
2017-07-10,1.2,34.0,26.4,4.61,0.371,Vizianagaram,AP
2017-07-11,13.5,31.3,25.7,2.36,0.363,Vizianagaram,AP
2017-07-12,13.3,31.3,25.4,2.89,0.384,Vizianagaram,AP
2017-07-13,12.1,30.4,25.6,2.02,0.38,Vizianagaram,AP
2017-07-14,5.9,30.6,24.7,2.44,0.376,Vizianagaram,AP
2017-07-15,9.6,30.7,25.2,2.71,0.373,Vizianagaram,AP
2017-07-16,52.8,28.0,24.6,0.93,0.415,Vizianagaram,AP
2017-07-17,76.3,26.5,24.2,0.8,0.429,Vizianagaram,AP
2017-07-18,53.4,26.4,24.3,0.89,0.428,Vizianagaram,AP
2017-07-19,9.0,32.7,24.7,4.21,0.414,Vizianagaram,AP
2017-07-20,1.8,32.0,26.1,4.93,0.396,Vizianagaram,AP
2017-07-21,1.7,33.1,26.8,5.26,0.383,Vizianagaram,AP
2017-07-22,2.9,33.8,27.9,4.88,0.373,Vizianagaram,AP
2017-07-23,0.0,33.5,28.1,5.75,0.358,Vizianagaram,AP
2017-07-24,0.0,33.8,28.1,5.07,0.347,Vizianagaram,AP
2017-07-25,0.0,35.3,27.7,5.29,0.335,Vizianagaram,AP
2017-07-26,0.0,34.7,27.7,5.97,0.323,Vizianagaram,AP
2017-07-27,0.4,34.5,26.6,5.21,0.322,Vizianagaram,AP
2017-07-28,3.0,31.9,26.3,2.78,0.337,Vizianagaram,AP
2017-07-29,5.2,33.2,26.4,3.89,0.349,Vizianagaram,AP
2017-07-30,10.4,32.9,26.3,4.11,0.377,Vizianagaram,AP
2017-07-31,13.7,33.4,26.1,4.0,0.374,Vizianagaram,AP
2017-08-01,8.4,34.9,26.2,5.01,0.382,Vizianagaram,AP
2017-08-02,18.0,34.0,27.1,3.9,0.386,Vizianagaram,AP
2017-08-03,0.9,32.5,27.4,3.67,0.36,Vizianagaram,AP
2017-08-04,4.3,33.6,26.7,4.31,0.36,Vizianagaram,AP
2017-08-05,2.4,32.4,26.8,3.49,0.357,Vizianagaram,AP
2017-08-06,0.5,33.2,25.5,4.59,0.357,Vizianagaram,AP
2017-08-07,7.4,32.2,26.6,4.32,0.357,Vizianagaram,AP
2017-08-08,4.5,31.8,26.7,3.65,0.363,Vizianagaram,AP
2017-08-09,11.1,30.7,26.2,3.27,0.382,Vizianagaram,AP
2017-08-10,3.0,33.6,25.4,5.1,0.359,Vizianagaram,AP
2017-08-11,2.3,32.9,26.6,4.45,0.358,Vizianagaram,AP
2017-08-12,47.2,28.8,26.0,1.22,0.393,Vizianagaram,AP
2017-08-13,6.8,31.5,25.6,3.26,0.382,Vizianagaram,AP
2017-08-14,4.1,33.1,25.3,4.05,0.389,Vizianagaram,AP
2017-08-15,6.8,33.3,25.3,4.73,0.392,Vizianagaram,AP
2017-08-16,4.0,31.6,26.3,3.12,0.377,Vizianagaram,AP
2017-08-17,13.3,28.0,26.1,1.11,0.404,Vizianagaram,AP
2017-08-18,9.5,29.3,25.1,2.23,0.413,Vizianagaram,AP
2017-08-19,3.0,29.9,24.3,3.15,0.397,Vizianagaram,AP
2017-08-20,13.8,29.1,24.8,2.53,0.396,Vizianagaram,AP
2017-08-21,1.7,31.8,25.3,3.95,0.371,Vizianagaram,AP
2017-08-22,4.2,32.2,25.7,3.91,0.367,Vizianagaram,AP
2017-08-23,17.2,31.5,25.2,3.67,0.389,Vizianagaram,AP
2017-08-24,14.7,31.8,24.9,4.14,0.402,Vizianagaram,AP
2017-08-25,12.1,31.0,25.1,3.52,0.401,Vizianagaram,AP
2017-08-26,8.1,32.6,25.0,3.97,0.398,Vizianagaram,AP
2017-08-27,11.0,29.8,24.9,2.16,0.408,Vizianagaram,AP
2017-08-28,32.3,28.4,24.6,1.03,0.427,Vizianagaram,AP
2017-08-29,10.1,29.2,24.1,1.89,0.421,Vizianagaram,AP
2017-08-30,8.3,31.9,25.3,3.99,0.408,Vizianagaram,AP
2017-08-31,10.6,31.3,25.1,2.8,0.415,Vizianagaram,AP
2017-09-01,20.5,30.7,25.7,2.7,0.411,Vizianagaram,AP
2017-09-02,1.0,32.8,25.4,3.9,0.399,Vizianagaram,AP
2017-09-03,3.4,34.8,25.5,4.78,0.393,Vizianagaram,AP
2017-09-04,5.6,34.3,26.4,4.85,0.395,Vizianagaram,AP
2017-09-05,3.8,33.3,25.8,4.22,0.396,Vizianagaram,AP
2017-09-06,5.1,32.0,25.2,4.05,0.404,Vizianagaram,AP
2017-09-07,2.2,32.0,25.1,4.19,0.405,Vizianagaram,AP
2017-09-08,4.6,31.9,25.2,4.17,0.403,Vizianagaram,AP
2017-09-09,1.0,32.0,25.8,4.43,0.392,Vizianagaram,AP
2017-09-10,1.6,31.8,25.0,4.25,0.381,Vizianagaram,AP
2017-09-11,1.4,32.0,25.3,3.96,0.38,Vizianagaram,AP
2017-09-12,7.1,32.4,26.0,4.15,0.378,Vizianagaram,AP
2017-09-13,6.6,30.9,26.6,2.42,0.38,Vizianagaram,AP
2017-09-14,0.5,31.8,26.5,3.26,0.369,Vizianagaram,AP
2017-09-15,0.5,32.3,26.0,3.66,0.366,Vizianagaram,AP
2017-09-16,7.7,33.2,25.5,4.05,0.387,Vizianagaram,AP
2017-09-17,8.4,32.1,25.9,3.21,0.384,Vizianagaram,AP
2017-09-18,7.2,30.5,25.1,2.12,0.387,Vizianagaram,AP
2017-09-19,1.0,32.4,25.3,3.2,0.394,Vizianagaram,AP
2017-09-20,0.1,33.3,26.0,4.84,0.381,Vizianagaram,AP
2017-09-21,0.9,32.1,26.3,4.59,0.369,Vizianagaram,AP
2017-09-22,1.0,31.7,25.9,4.26,0.363,Vizianagaram,AP
2017-09-23,7.7,31.9,24.7,4.06,0.376,Vizianagaram,AP
2017-09-24,15.3,32.1,24.6,3.77,0.39,Vizianagaram,AP
2017-09-25,17.4,33.1,24.5,3.99,0.4,Vizianagaram,AP
2017-09-26,19.1,32.1,24.8,3.62,0.413,Vizianagaram,AP
2017-09-27,8.8,30.9,24.4,3.19,0.416,Vizianagaram,AP
2017-09-28,6.8,29.5,24.7,2.41,0.414,Vizianagaram,AP
2017-09-29,3.9,30.4,24.3,3.52,0.407,Vizianagaram,AP
2017-09-30,8.0,29.6,24.4,2.44,0.407,Vizianagaram,AP
2017-10-01,2.1,29.1,24.6,2.53,0.401,Vizianagaram,AP
2017-10-02,6.4,30.6,24.1,2.9,0.4,Vizianagaram,AP
2017-10-03,15.2,30.4,23.9,3.1,0.405,Vizianagaram,AP
2017-10-04,16.0,30.4,24.7,2.5,0.414,Vizianagaram,AP
2017-10-05,2.7,29.6,24.3,2.66,0.411,Vizianagaram,AP
2017-10-06,6.8,29.3,23.9,1.99,0.418,Vizianagaram,AP
2017-10-07,1.7,29.6,23.9,3.09,0.411,Vizianagaram,AP
2017-10-08,1.8,31.0,24.7,3.76,0.404,Vizianagaram,AP
2017-10-09,7.6,31.1,24.9,2.98,0.407,Vizianagaram,AP
2017-10-10,6.6,30.5,25.1,3.04,0.404,Vizianagaram,AP
2017-10-11,3.5,31.4,25.1,3.79,0.401,Vizianagaram,AP
2017-10-12,1.7,31.4,24.7,3.86,0.4,Vizianagaram,AP
2017-10-13,0.6,31.4,24.7,3.92,0.389,Vizianagaram,AP
2017-10-14,0.5,32.7,24.0,4.3,0.381,Vizianagaram,AP
2017-10-15,4.4,33.3,24.8,3.95,0.387,Vizianagaram,AP
2017-10-16,0.0,34.1,25.1,4.49,0.396,Vizianagaram,AP
2017-10-17,0.0,34.4,23.0,4.94,0.379,Vizianagaram,AP
2017-10-18,0.4,32.1,22.4,3.95,0.368,Vizianagaram,AP
2017-10-19,57.5,26.4,24.7,0.69,0.421,Vizianagaram,AP
2017-10-20,0.8,30.5,24.4,2.48,0.415,Vizianagaram,AP
2017-10-21,1.3,31.3,25.1,3.31,0.408,Vizianagaram,AP
2017-10-22,3.2,31.5,24.9,3.35,0.402,Vizianagaram,AP
2017-10-23,12.0,31.8,24.2,3.28,0.398,Vizianagaram,AP
2017-10-24,0.0,32.1,24.1,4.04,0.383,Vizianagaram,AP
2017-10-25,0.1,31.7,22.2,3.93,0.373,Vizianagaram,AP
2017-10-26,0.0,31.8,21.1,4.33,0.36,Vizianagaram,AP
2017-10-27,0.9,30.7,20.6,3.97,0.351,Vizianagaram,AP
2017-10-28,0.0,31.1,22.5,4.01,0.344,Vizianagaram,AP
2017-10-29,0.0,30.5,21.4,4.32,0.333,Vizianagaram,AP
2017-10-30,0.0,30.4,22.1,3.82,0.322,Vizianagaram,AP
2017-10-31,0.0,30.5,21.9,4.18,0.313,Vizianagaram,AP
2017-11-01,0.3,30.1,21.5,4.22,0.304,Vizianagaram,AP
2017-11-02,0.0,30.1,21.1,4.31,0.295,Vizianagaram,AP
2017-11-03,0.0,30.1,21.2,4.41,0.287,Vizianagaram,AP
2017-11-04,0.5,29.7,21.4,3.98,0.28,Vizianagaram,AP
2017-11-05,0.2,30.3,22.7,3.84,0.275,Vizianagaram,AP
2017-11-06,0.1,31.0,22.0,4.07,0.267,Vizianagaram,AP
2017-11-07,0.1,31.6,22.2,4.23,0.259,Vizianagaram,AP
2017-11-08,0.0,31.5,21.3,4.4,0.249,Vizianagaram,AP
2017-11-09,0.0,31.6,21.6,4.34,0.241,Vizianagaram,AP
2017-11-10,0.0,31.1,21.1,4.45,0.234,Vizianagaram,AP
2017-11-11,0.0,30.3,20.9,4.28,0.228,Vizianagaram,AP
2017-11-12,0.0,30.3,21.7,4.4,0.224,Vizianagaram,AP
2017-11-13,0.7,30.6,23.7,4.32,0.22,Vizianagaram,AP
2017-11-14,19.3,28.2,21.9,2.11,0.275,Vizianagaram,AP
2017-11-15,47.6,24.0,21.3,1.13,0.416,Vizianagaram,AP
2017-11-16,6.5,28.7,22.5,2.56,0.41,Vizianagaram,AP
2017-11-17,0.5,29.1,23.3,2.22,0.39,Vizianagaram,AP
2017-11-18,1.2,30.1,22.9,2.89,0.378,Vizianagaram,AP
2017-11-19,2.4,29.5,23.3,2.78,0.38,Vizianagaram,AP
2017-11-20,2.1,30.4,22.9,3.11,0.375,Vizianagaram,AP
2017-11-21,0.0,31.0,23.0,3.75,0.363,Vizianagaram,AP
2017-11-22,0.1,30.4,21.8,3.63,0.348,Vizianagaram,AP
2017-11-23,0.1,30.6,21.4,3.52,0.339,Vizianagaram,AP
2017-11-24,0.0,29.4,20.6,3.62,0.329,Vizianagaram,AP
2017-11-25,0.0,28.7,18.6,3.72,0.319,Vizianagaram,AP
2017-11-26,0.0,28.9,17.9,3.71,0.311,Vizianagaram,AP
2017-11-27,0.0,29.3,17.8,3.64,0.304,Vizianagaram,AP
2017-11-28,0.0,28.8,18.0,3.63,0.296,Vizianagaram,AP
2017-11-29,0.0,27.9,17.9,3.63,0.289,Vizianagaram,AP
2017-11-30,0.0,27.8,17.8,3.47,0.282,Vizianagaram,AP
2017-12-01,0.0,27.5,17.7,3.6,0.275,Vizianagaram,AP
2017-12-02,0.0,26.9,17.2,3.69,0.268,Vizianagaram,AP
2017-12-03,0.0,27.3,15.8,3.67,0.262,Vizianagaram,AP
2017-12-04,0.0,27.2,15.9,3.58,0.256,Vizianagaram,AP
2017-12-05,0.0,27.5,15.8,3.51,0.25,Vizianagaram,AP
2017-12-06,0.0,27.6,15.3,3.45,0.245,Vizianagaram,AP
2017-12-07,0.0,26.9,16.5,3.06,0.242,Vizianagaram,AP
2017-12-08,0.0,28.0,20.4,3.65,0.239,Vizianagaram,AP
2017-12-09,0.0,30.5,20.5,3.22,0.234,Vizianagaram,AP
2017-12-10,0.0,29.6,18.4,3.47,0.229,Vizianagaram,AP
2017-12-11,0.0,30.0,19.2,3.43,0.224,Vizianagaram,AP
2017-12-12,0.1,29.7,20.2,2.47,0.221,Vizianagaram,AP
2017-12-13,0.5,29.4,20.9,2.94,0.22,Vizianagaram,AP
2017-12-14,0.0,29.2,20.1,3.22,0.221,Vizianagaram,AP
2017-12-15,0.0,29.9,18.7,3.69,0.216,Vizianagaram,AP
2017-12-16,0.0,30.2,17.7,3.87,0.209,Vizianagaram,AP
2017-12-17,0.0,29.5,17.3,3.68,0.203,Vizianagaram,AP
2017-12-18,0.0,28.2,15.7,3.5,0.197,Vizianagaram,AP
2017-12-19,0.0,27.4,15.1,3.52,0.192,Vizianagaram,AP
2017-12-20,0.0,27.0,14.6,3.45,0.186,Vizianagaram,AP
2017-12-21,0.0,27.4,16.1,3.4,0.181,Vizianagaram,AP
2017-12-22,0.0,28.6,16.6,3.46,0.177,Vizianagaram,AP
2017-12-23,0.0,28.1,16.9,3.35,0.174,Vizianagaram,AP
2017-12-24,0.0,28.2,17.2,3.36,0.172,Vizianagaram,AP
2017-12-25,0.0,28.5,18.7,3.37,0.171,Vizianagaram,AP
2017-12-26,0.0,29.7,17.1,3.73,0.168,Vizianagaram,AP
2017-12-27,0.0,28.9,13.4,3.67,0.165,Vizianagaram,AP
2017-12-28,0.0,27.8,13.9,3.57,0.16,Vizianagaram,AP
2017-12-29,0.0,27.9,15.6,3.55,0.154,Vizianagaram,AP
2017-12-30,0.0,29.8,16.0,3.82,0.149,Vizianagaram,AP
2017-12-31,0.0,28.7,16.9,3.8,0.147,Vizianagaram,AP
2018-01-01,0.9,27.9,20.9,3.32,0.147,Vizianagaram,AP
2018-01-02,0.2,28.6,18.5,3.6,0.145,Vizianagaram,AP
2018-01-03,0.0,29.0,17.2,3.52,0.141,Vizianagaram,AP
2018-01-04,0.0,28.6,15.4,3.51,0.139,Vizianagaram,AP
2018-01-05,0.0,27.9,15.6,3.5,0.137,Vizianagaram,AP
2018-01-06,0.0,28.8,15.1,3.68,0.134,Vizianagaram,AP
2018-01-07,0.0,28.8,15.2,3.73,0.133,Vizianagaram,AP
2018-01-08,0.0,27.5,15.1,3.75,0.131,Vizianagaram,AP
2018-01-09,0.0,27.8,15.5,3.74,0.13,Vizianagaram,AP
2018-01-10,0.0,28.6,16.5,3.7,0.129,Vizianagaram,AP
2018-01-11,0.0,29.2,16.9,3.54,0.128,Vizianagaram,AP
2018-01-12,0.0,30.2,17.4,3.55,0.127,Vizianagaram,AP
2018-01-13,0.0,30.4,18.8,3.53,0.128,Vizianagaram,AP
2018-01-14,0.0,30.9,18.7,3.86,0.129,Vizianagaram,AP
2018-01-15,0.0,29.2,17.3,3.68,0.129,Vizianagaram,AP
2018-01-16,0.0,30.3,16.5,3.79,0.128,Vizianagaram,AP
2018-01-17,0.0,28.8,17.6,3.59,0.127,Vizianagaram,AP
2018-01-18,0.0,28.9,15.9,3.72,0.125,Vizianagaram,AP
2018-01-19,0.0,29.7,14.8,3.78,0.124,Vizianagaram,AP
2018-01-20,0.0,29.1,15.9,3.93,0.124,Vizianagaram,AP
2018-01-21,0.0,29.4,14.4,3.92,0.123,Vizianagaram,AP
2018-01-22,0.0,28.2,15.1,3.82,0.122,Vizianagaram,AP
2018-01-23,0.0,28.2,15.1,3.79,0.121,Vizianagaram,AP
2018-01-24,0.0,29.7,16.4,3.94,0.121,Vizianagaram,AP
2018-01-25,0.0,31.4,17.4,3.87,0.121,Vizianagaram,AP
2018-01-26,0.0,29.3,18.8,3.62,0.122,Vizianagaram,AP
2018-01-27,0.0,29.5,17.1,3.64,0.121,Vizianagaram,AP
2018-01-28,0.0,28.8,17.4,3.82,0.12,Vizianagaram,AP
2018-01-29,0.0,29.0,18.0,3.77,0.12,Vizianagaram,AP
2018-01-30,0.0,30.6,16.1,4.18,0.12,Vizianagaram,AP
2018-01-31,0.0,32.6,14.8,4.59,0.12,Vizianagaram,AP
2018-02-01,0.0,33.4,14.8,5.09,0.12,Vizianagaram,AP
2018-02-02,0.0,32.7,14.6,4.89,0.119,Vizianagaram,AP
2018-02-03,0.0,31.5,14.7,4.88,0.117,Vizianagaram,AP
2018-02-04,0.0,30.9,14.6,4.66,0.116,Vizianagaram,AP
2018-02-05,0.0,30.7,14.9,4.27,0.114,Vizianagaram,AP
2018-02-06,0.0,31.2,15.0,4.42,0.113,Vizianagaram,AP
2018-02-07,0.0,32.4,16.3,4.57,0.113,Vizianagaram,AP
2018-02-08,0.0,31.8,20.0,3.63,0.113,Vizianagaram,AP
2018-02-09,0.3,31.9,18.9,4.22,0.113,Vizianagaram,AP
2018-02-10,0.4,32.5,19.8,4.0,0.114,Vizianagaram,AP
2018-02-11,0.0,28.9,20.2,2.1,0.115,Vizianagaram,AP
2018-02-12,0.0,30.9,19.9,4.2,0.116,Vizianagaram,AP
2018-02-13,0.0,31.7,18.9,4.71,0.116,Vizianagaram,AP
2018-02-14,0.0,31.7,17.9,5.04,0.116,Vizianagaram,AP
2018-02-15,0.0,32.8,17.4,4.81,0.113,Vizianagaram,AP
2018-02-16,0.0,32.4,18.0,4.57,0.112,Vizianagaram,AP
2018-02-17,0.0,31.6,18.2,4.4,0.113,Vizianagaram,AP
2018-02-18,0.0,31.9,18.1,4.81,0.113,Vizianagaram,AP
2018-02-19,0.0,30.8,18.4,4.72,0.113,Vizianagaram,AP
2018-02-20,0.0,32.2,18.1,4.85,0.113,Vizianagaram,AP
2018-02-21,0.0,32.7,17.8,5.23,0.113,Vizianagaram,AP
2018-02-22,0.0,33.8,18.0,5.23,0.112,Vizianagaram,AP
2018-02-23,0.0,33.2,18.0,5.42,0.111,Vizianagaram,AP
2018-02-24,0.0,34.3,16.7,5.7,0.111,Vizianagaram,AP
2018-02-25,0.0,36.0,15.5,5.77,0.11,Vizianagaram,AP
2018-02-26,0.0,36.9,18.8,6.59,0.109,Vizianagaram,AP
2018-02-27,0.0,35.2,20.0,5.99,0.108,Vizianagaram,AP
2018-02-28,0.0,36.5,19.2,5.66,0.107,Vizianagaram,AP
2018-03-01,0.0,35.8,18.5,5.58,0.107,Vizianagaram,AP
2018-03-02,0.0,36.1,18.6,6.2,0.107,Vizianagaram,AP
2018-03-03,0.0,38.3,21.2,7.41,0.105,Vizianagaram,AP
2018-03-04,0.0,37.3,22.9,7.48,0.106,Vizianagaram,AP
2018-03-05,0.0,37.1,21.0,6.83,0.105,Vizianagaram,AP
2018-03-06,0.0,36.3,21.5,6.36,0.105,Vizianagaram,AP
2018-03-07,0.0,37.0,21.1,5.88,0.105,Vizianagaram,AP
2018-03-08,0.0,35.5,21.7,5.02,0.104,Vizianagaram,AP
2018-03-09,0.0,34.4,22.5,4.7,0.104,Vizianagaram,AP
2018-03-10,0.2,36.2,20.7,4.76,0.104,Vizianagaram,AP
2018-03-11,0.1,35.8,21.7,5.64,0.106,Vizianagaram,AP
2018-03-12,0.7,36.6,21.7,5.54,0.113,Vizianagaram,AP
2018-03-13,0.0,38.0,22.8,6.56,0.123,Vizianagaram,AP
2018-03-14,0.0,38.5,22.3,7.05,0.121,Vizianagaram,AP
2018-03-15,0.0,35.8,23.4,5.48,0.121,Vizianagaram,AP
2018-03-16,1.4,35.4,24.5,4.83,0.126,Vizianagaram,AP
2018-03-17,0.2,31.7,23.6,3.78,0.147,Vizianagaram,AP
2018-03-18,0.0,34.6,21.8,5.34,0.143,Vizianagaram,AP
2018-03-19,0.7,35.1,21.4,4.92,0.138,Vizianagaram,AP
2018-03-20,0.0,36.5,23.2,5.49,0.134,Vizianagaram,AP
2018-03-21,0.7,37.9,23.8,5.91,0.134,Vizianagaram,AP
2018-03-22,4.6,36.9,24.4,4.95,0.141,Vizianagaram,AP
2018-03-23,0.2,37.5,25.1,5.02,0.135,Vizianagaram,AP
2018-03-24,0.0,34.7,24.9,4.78,0.145,Vizianagaram,AP
2018-03-25,1.1,34.7,24.6,4.72,0.143,Vizianagaram,AP
2018-03-26,0.4,35.6,23.8,5.17,0.139,Vizianagaram,AP
2018-03-27,0.0,37.3,24.1,5.94,0.138,Vizianagaram,AP
2018-03-28,0.0,37.0,24.0,5.94,0.136,Vizianagaram,AP
2018-03-29,0.3,36.9,24.6,5.71,0.136,Vizianagaram,AP
2018-03-30,2.0,36.4,25.1,5.58,0.145,Vizianagaram,AP
2018-03-31,1.6,36.0,25.2,5.38,0.141,Vizianagaram,AP
2018-04-01,0.0,34.0,24.4,5.58,0.135,Vizianagaram,AP
2018-04-02,0.1,34.7,24.2,5.68,0.149,Vizianagaram,AP
2018-04-03,0.8,33.0,24.8,4.48,0.202,Vizianagaram,AP
2018-04-04,0.2,34.2,25.0,5.0,0.194,Vizianagaram,AP
2018-04-05,3.6,35.5,23.4,5.65,0.192,Vizianagaram,AP
2018-04-06,1.6,36.3,24.3,5.86,0.186,Vizianagaram,AP
2018-04-07,2.1,35.7,24.2,5.49,0.197,Vizianagaram,AP
2018-04-08,0.9,31.5,23.1,4.1,0.226,Vizianagaram,AP
2018-04-09,2.1,32.0,23.8,4.37,0.256,Vizianagaram,AP
2018-04-10,0.7,33.3,23.6,5.24,0.236,Vizianagaram,AP
2018-04-11,1.8,34.6,23.3,5.39,0.229,Vizianagaram,AP
2018-04-12,3.6,34.5,24.0,5.35,0.226,Vizianagaram,AP
2018-04-13,1.0,34.1,25.0,5.56,0.226,Vizianagaram,AP
2018-04-14,3.6,36.0,25.8,5.73,0.227,Vizianagaram,AP
2018-04-15,1.6,36.6,26.0,5.73,0.237,Vizianagaram,AP
2018-04-16,1.3,37.9,25.8,5.44,0.261,Vizianagaram,AP
2018-04-17,0.0,37.5,26.5,5.98,0.262,Vizianagaram,AP
2018-04-18,3.6,38.8,26.2,6.0,0.257,Vizianagaram,AP
2018-04-19,3.8,38.2,26.8,6.07,0.277,Vizianagaram,AP
2018-04-20,0.0,36.5,27.3,6.51,0.278,Vizianagaram,AP
2018-04-21,0.0,37.9,27.2,6.35,0.259,Vizianagaram,AP
2018-04-22,0.4,37.8,27.4,6.41,0.237,Vizianagaram,AP
2018-04-23,0.0,36.6,27.2,4.34,0.228,Vizianagaram,AP
2018-04-24,4.3,36.6,26.9,4.7,0.246,Vizianagaram,AP
2018-04-25,1.7,37.5,25.3,6.05,0.245,Vizianagaram,AP
2018-04-26,1.6,37.6,25.3,6.4,0.229,Vizianagaram,AP
2018-04-27,1.1,35.7,26.6,5.88,0.216,Vizianagaram,AP
2018-04-28,0.0,36.7,26.2,6.34,0.198,Vizianagaram,AP
2018-04-29,2.3,37.2,26.4,5.88,0.192,Vizianagaram,AP
2018-04-30,0.2,36.9,27.1,5.97,0.18,Vizianagaram,AP
2018-05-01,0.5,36.0,27.6,4.95,0.179,Vizianagaram,AP
2018-05-02,0.0,37.1,25.9,5.89,0.182,Vizianagaram,AP
2018-05-03,27.0,34.8,26.2,3.99,0.229,Vizianagaram,AP
2018-05-04,0.0,35.2,25.2,5.85,0.264,Vizianagaram,AP
2018-05-05,0.0,36.3,26.0,6.15,0.249,Vizianagaram,AP
2018-05-06,0.0,36.8,26.7,6.55,0.23,Vizianagaram,AP
2018-05-07,1.4,38.1,27.0,6.53,0.218,Vizianagaram,AP
2018-05-08,0.0,37.9,27.5,6.59,0.204,Vizianagaram,AP
2018-05-09,0.0,37.7,27.7,6.21,0.192,Vizianagaram,AP
2018-05-10,3.7,37.7,28.0,6.29,0.193,Vizianagaram,AP
2018-05-11,1.7,37.6,27.7,6.04,0.192,Vizianagaram,AP
2018-05-12,2.2,38.4,27.7,6.28,0.186,Vizianagaram,AP
2018-05-13,0.6,37.0,27.6,5.8,0.183,Vizianagaram,AP
2018-05-14,3.0,33.9,27.0,4.72,0.212,Vizianagaram,AP
2018-05-15,0.6,35.6,24.7,5.87,0.231,Vizianagaram,AP
2018-05-16,3.4,36.6,26.1,6.29,0.23,Vizianagaram,AP
2018-05-17,0.1,36.3,27.0,6.34,0.232,Vizianagaram,AP
2018-05-18,2.1,37.9,27.5,6.7,0.228,Vizianagaram,AP
2018-05-19,0.8,37.5,27.6,6.45,0.224,Vizianagaram,AP
2018-05-20,0.0,36.3,27.7,6.41,0.207,Vizianagaram,AP
2018-05-21,0.0,35.5,27.3,4.77,0.195,Vizianagaram,AP
2018-05-22,0.0,36.3,27.2,6.16,0.187,Vizianagaram,AP
2018-05-23,1.6,36.1,27.3,5.74,0.183,Vizianagaram,AP
2018-05-24,0.7,35.1,27.3,5.18,0.188,Vizianagaram,AP
2018-05-25,0.0,36.3,27.4,5.71,0.2,Vizianagaram,AP
2018-05-26,0.0,35.9,27.1,5.76,0.196,Vizianagaram,AP
2018-05-27,0.0,36.3,27.1,6.18,0.181,Vizianagaram,AP
2018-05-28,0.0,37.6,27.0,6.51,0.167,Vizianagaram,AP
2018-05-29,0.0,38.1,28.1,6.44,0.158,Vizianagaram,AP
2018-05-30,0.0,38.2,28.2,6.45,0.152,Vizianagaram,AP
2018-05-31,0.0,36.1,28.6,5.43,0.204,Vizianagaram,AP
2018-06-01,1.3,34.7,28.1,4.74,0.319,Vizianagaram,AP
2018-06-02,1.8,34.4,27.8,4.82,0.3,Vizianagaram,AP
2018-06-03,3.4,36.3,27.0,5.5,0.272,Vizianagaram,AP
2018-06-04,3.1,36.6,27.8,5.68,0.244,Vizianagaram,AP
2018-06-05,20.5,34.3,25.2,4.61,0.32,Vizianagaram,AP
2018-06-06,19.1,34.1,26.2,4.02,0.359,Vizianagaram,AP
2018-06-07,23.5,35.9,26.5,4.93,0.352,Vizianagaram,AP
2018-06-08,3.9,34.5,26.5,3.23,0.321,Vizianagaram,AP
2018-06-09,5.6,34.5,27.4,4.65,0.302,Vizianagaram,AP
2018-06-10,2.1,33.8,27.1,3.41,0.315,Vizianagaram,AP
2018-06-11,3.0,32.6,26.2,3.05,0.328,Vizianagaram,AP
2018-06-12,14.3,29.3,25.8,1.92,0.368,Vizianagaram,AP
2018-06-13,0.3,35.7,25.7,4.8,0.353,Vizianagaram,AP
2018-06-14,0.0,37.6,27.8,5.38,0.32,Vizianagaram,AP
2018-06-15,0.0,38.4,26.2,6.28,0.294,Vizianagaram,AP
2018-06-16,0.0,39.7,28.3,5.86,0.273,Vizianagaram,AP
2018-06-17,0.1,39.5,28.4,6.1,0.252,Vizianagaram,AP
2018-06-18,0.6,39.4,27.6,5.78,0.243,Vizianagaram,AP
2018-06-19,1.4,37.7,28.8,5.98,0.25,Vizianagaram,AP
2018-06-20,2.6,37.7,29.2,6.03,0.244,Vizianagaram,AP
2018-06-21,8.2,32.6,28.8,3.87,0.249,Vizianagaram,AP
2018-06-22,16.5,28.9,25.5,1.46,0.326,Vizianagaram,AP
2018-06-23,1.1,31.6,26.3,3.09,0.348,Vizianagaram,AP
2018-06-24,2.3,33.9,26.8,5.05,0.321,Vizianagaram,AP
2018-06-25,0.0,35.5,28.0,4.91,0.296,Vizianagaram,AP
2018-06-26,0.2,34.0,28.0,3.59,0.274,Vizianagaram,AP
2018-06-27,11.1,30.3,25.7,2.25,0.309,Vizianagaram,AP
2018-06-28,8.6,29.6,24.4,2.45,0.339,Vizianagaram,AP
2018-06-29,4.3,31.8,25.6,3.92,0.335,Vizianagaram,AP
2018-06-30,6.9,31.2,25.3,3.94,0.362,Vizianagaram,AP
2018-07-01,9.9,32.7,26.7,4.41,0.372,Vizianagaram,AP
2018-07-02,1.7,33.4,26.1,5.21,0.346,Vizianagaram,AP
2018-07-03,1.1,34.6,27.0,5.26,0.343,Vizianagaram,AP
2018-07-04,0.9,34.5,26.9,4.7,0.336,Vizianagaram,AP
2018-07-05,6.9,32.0,26.0,2.49,0.345,Vizianagaram,AP
2018-07-06,5.9,34.0,25.7,4.76,0.348,Vizianagaram,AP
2018-07-07,3.2,31.3,25.0,3.37,0.375,Vizianagaram,AP
2018-07-08,13.8,31.3,24.9,3.18,0.38,Vizianagaram,AP
2018-07-09,7.5,32.6,25.7,4.15,0.38,Vizianagaram,AP
2018-07-10,0.8,33.3,26.0,4.4,0.373,Vizianagaram,AP
2018-07-11,7.7,31.2,25.7,3.29,0.38,Vizianagaram,AP
2018-07-12,4.0,29.6,25.2,3.23,0.387,Vizianagaram,AP
2018-07-13,2.9,32.6,24.6,3.85,0.384,Vizianagaram,AP
2018-07-14,8.5,31.0,24.9,2.84,0.401,Vizianagaram,AP
2018-07-15,29.4,26.4,24.5,1.18,0.426,Vizianagaram,AP
2018-07-16,0.3,32.7,25.8,4.95,0.4,Vizianagaram,AP
2018-07-17,0.4,34.3,25.2,5.53,0.389,Vizianagaram,AP
2018-07-18,6.0,34.9,25.7,4.84,0.398,Vizianagaram,AP
2018-07-19,19.6,28.9,25.5,2.13,0.415,Vizianagaram,AP
2018-07-20,41.2,28.2,24.3,1.27,0.428,Vizianagaram,AP
2018-07-21,38.9,28.3,24.6,1.35,0.426,Vizianagaram,AP
2018-07-22,11.8,30.7,24.9,2.87,0.415,Vizianagaram,AP
2018-07-23,0.3,33.9,26.3,5.34,0.386,Vizianagaram,AP
2018-07-24,2.0,33.5,26.4,4.94,0.377,Vizianagaram,AP
2018-07-25,0.3,33.5,27.1,4.45,0.382,Vizianagaram,AP
2018-07-26,0.1,33.9,27.3,4.77,0.376,Vizianagaram,AP
2018-07-27,1.5,32.8,26.3,3.75,0.367,Vizianagaram,AP
2018-07-28,2.9,31.6,26.3,3.5,0.366,Vizianagaram,AP
2018-07-29,4.7,32.8,26.1,4.22,0.353,Vizianagaram,AP
2018-07-30,4.0,30.7,26.8,2.56,0.353,Vizianagaram,AP
2018-07-31,0.0,32.3,26.3,3.62,0.337,Vizianagaram,AP
2018-08-01,2.8,33.9,26.3,4.38,0.327,Vizianagaram,AP
2018-08-02,2.6,34.5,26.3,4.87,0.326,Vizianagaram,AP
2018-08-03,2.1,32.4,25.0,3.36,0.338,Vizianagaram,AP
2018-08-04,0.7,34.0,25.8,4.82,0.33,Vizianagaram,AP
2018-08-05,2.4,34.2,26.5,5.23,0.322,Vizianagaram,AP
2018-08-06,2.9,32.3,25.1,2.52,0.316,Vizianagaram,AP
2018-08-07,18.1,27.9,24.0,1.6,0.404,Vizianagaram,AP
2018-08-08,13.4,30.4,24.0,2.96,0.412,Vizianagaram,AP
2018-08-09,4.8,33.4,24.9,4.72,0.391,Vizianagaram,AP
2018-08-10,2.9,33.2,25.4,4.84,0.389,Vizianagaram,AP
2018-08-11,21.8,32.2,25.3,3.83,0.407,Vizianagaram,AP
2018-08-12,10.6,32.8,25.1,4.03,0.416,Vizianagaram,AP
2018-08-13,21.1,31.4,24.2,3.42,0.417,Vizianagaram,AP
2018-08-14,39.8,30.7,24.2,2.32,0.425,Vizianagaram,AP
2018-08-15,114.9,28.1,24.6,1.13,0.428,Vizianagaram,AP
2018-08-16,0.7,31.1,25.0,3.28,0.41,Vizianagaram,AP
2018-08-17,2.1,32.8,25.1,4.98,0.397,Vizianagaram,AP
2018-08-18,16.9,28.9,24.8,2.15,0.402,Vizianagaram,AP
2018-08-19,27.2,30.0,24.2,2.45,0.408,Vizianagaram,AP
2018-08-20,20.4,30.0,24.8,2.76,0.423,Vizianagaram,AP
2018-08-21,0.3,33.6,24.9,5.02,0.401,Vizianagaram,AP
2018-08-22,0.0,34.5,25.7,4.82,0.386,Vizianagaram,AP
2018-08-23,1.8,32.4,25.4,4.51,0.386,Vizianagaram,AP
2018-08-24,23.6,32.5,25.4,3.95,0.404,Vizianagaram,AP
2018-08-25,24.0,28.2,24.7,1.5,0.426,Vizianagaram,AP
2018-08-26,17.8,27.5,24.7,1.09,0.427,Vizianagaram,AP
2018-08-27,1.2,32.2,24.5,3.6,0.41,Vizianagaram,AP
2018-08-28,5.6,31.1,24.6,3.39,0.409,Vizianagaram,AP
2018-08-29,0.7,32.0,25.6,3.8,0.404,Vizianagaram,AP
2018-08-30,5.4,32.6,25.9,3.77,0.4,Vizianagaram,AP
2018-08-31,4.8,31.9,25.1,3.33,0.408,Vizianagaram,AP
2018-09-01,10.1,30.7,25.1,3.29,0.409,Vizianagaram,AP
2018-09-02,5.7,30.1,25.2,2.98,0.409,Vizianagaram,AP
2018-09-03,8.2,31.9,25.0,3.74,0.403,Vizianagaram,AP
2018-09-04,1.7,32.6,25.3,4.01,0.398,Vizianagaram,AP
2018-09-05,0.2,31.7,26.0,3.67,0.386,Vizianagaram,AP
2018-09-06,15.6,28.3,24.0,1.94,0.409,Vizianagaram,AP
2018-09-07,5.1,30.5,23.7,3.33,0.418,Vizianagaram,AP
2018-09-08,0.6,31.9,23.2,3.9,0.401,Vizianagaram,AP
2018-09-09,10.1,32.1,25.4,3.95,0.403,Vizianagaram,AP
2018-09-10,7.8,30.4,24.9,3.22,0.409,Vizianagaram,AP
2018-09-11,1.5,33.7,25.2,4.38,0.404,Vizianagaram,AP
2018-09-12,2.1,33.8,25.4,4.64,0.395,Vizianagaram,AP
2018-09-13,4.3,32.1,24.7,4.55,0.393,Vizianagaram,AP
2018-09-14,5.0,32.5,25.3,4.24,0.4,Vizianagaram,AP
2018-09-15,0.1,33.5,24.8,4.34,0.386,Vizianagaram,AP
2018-09-16,12.7,33.2,24.9,3.84,0.395,Vizianagaram,AP
2018-09-17,16.7,31.1,23.8,3.47,0.419,Vizianagaram,AP
2018-09-18,19.4,32.3,23.5,3.8,0.419,Vizianagaram,AP
2018-09-19,4.8,33.5,24.2,4.62,0.413,Vizianagaram,AP
2018-09-20,85.6,26.2,23.8,0.85,0.428,Vizianagaram,AP
2018-09-21,20.0,28.8,23.8,3.18,0.423,Vizianagaram,AP
2018-09-22,9.0,29.8,24.0,3.51,0.422,Vizianagaram,AP
2018-09-23,1.7,30.6,23.7,4.04,0.41,Vizianagaram,AP
2018-09-24,1.0,31.4,23.5,4.53,0.398,Vizianagaram,AP
2018-09-25,6.4,32.5,24.4,4.32,0.398,Vizianagaram,AP
2018-09-26,6.6,32.2,24.0,4.29,0.402,Vizianagaram,AP
2018-09-27,3.2,31.3,23.6,4.06,0.391,Vizianagaram,AP
2018-09-28,1.5,31.8,24.6,4.11,0.382,Vizianagaram,AP
2018-09-29,1.0,32.3,24.2,4.39,0.372,Vizianagaram,AP
2018-09-30,0.7,32.6,24.6,4.39,0.363,Vizianagaram,AP
2018-10-01,0.3,32.9,24.4,4.6,0.352,Vizianagaram,AP
2018-10-02,0.3,32.5,23.6,4.53,0.341,Vizianagaram,AP
2018-10-03,0.1,32.9,23.9,4.52,0.331,Vizianagaram,AP
2018-10-04,0.0,33.3,23.4,4.99,0.32,Vizianagaram,AP
2018-10-05,0.0,33.3,22.0,4.87,0.308,Vizianagaram,AP
2018-10-06,0.0,33.1,22.8,4.73,0.298,Vizianagaram,AP
2018-10-07,0.2,32.9,24.2,4.69,0.289,Vizianagaram,AP
2018-10-08,0.0,33.7,24.2,5.11,0.279,Vizianagaram,AP
2018-10-09,0.0,33.9,23.9,5.87,0.267,Vizianagaram,AP
2018-10-10,21.7,28.8,24.1,3.9,0.299,Vizianagaram,AP
2018-10-11,25.9,29.4,23.8,2.31,0.407,Vizianagaram,AP
2018-10-12,1.9,30.9,24.8,3.95,0.385,Vizianagaram,AP
2018-10-13,9.7,31.2,24.2,3.55,0.393,Vizianagaram,AP
2018-10-14,5.6,30.6,23.7,3.43,0.396,Vizianagaram,AP
2018-10-15,18.8,29.5,23.5,2.59,0.405,Vizianagaram,AP
2018-10-16,0.7,30.7,22.7,3.89,0.387,Vizianagaram,AP
2018-10-17,0.0,31.7,22.2,4.44,0.372,Vizianagaram,AP
2018-10-18,0.1,32.1,21.4,4.45,0.356,Vizianagaram,AP
2018-10-19,0.0,32.7,20.8,4.52,0.343,Vizianagaram,AP
2018-10-20,0.0,33.2,21.3,4.61,0.331,Vizianagaram,AP
2018-10-21,0.0,33.2,21.6,4.43,0.321,Vizianagaram,AP
2018-10-22,0.0,32.7,22.1,4.26,0.311,Vizianagaram,AP
2018-10-23,0.0,32.3,22.2,4.33,0.301,Vizianagaram,AP
2018-10-24,0.0,32.4,21.9,4.22,0.291,Vizianagaram,AP
2018-10-25,0.0,32.8,21.9,4.42,0.282,Vizianagaram,AP
2018-10-26,0.0,31.9,20.7,4.75,0.273,Vizianagaram,AP
2018-10-27,0.0,31.4,18.9,4.68,0.263,Vizianagaram,AP
2018-10-28,0.1,30.1,20.1,4.61,0.254,Vizianagaram,AP
2018-10-29,0.1,30.9,22.3,4.15,0.248,Vizianagaram,AP
2018-10-30,0.7,31.0,22.3,4.58,0.242,Vizianagaram,AP
2018-10-31,1.1,30.0,23.0,3.78,0.242,Vizianagaram,AP
2018-11-01,0.7,30.1,22.6,3.33,0.237,Vizianagaram,AP
2018-11-02,1.4,30.4,23.4,3.32,0.233,Vizianagaram,AP
2018-11-03,0.6,31.3,22.8,3.65,0.228,Vizianagaram,AP
2018-11-04,0.1,31.4,22.8,3.79,0.227,Vizianagaram,AP
2018-11-05,0.4,31.5,23.1,3.57,0.222,Vizianagaram,AP
2018-11-06,0.0,32.1,22.0,3.91,0.216,Vizianagaram,AP
2018-11-07,0.0,32.3,21.5,4.1,0.207,Vizianagaram,AP
2018-11-08,0.0,31.0,20.9,4.04,0.197,Vizianagaram,AP
2018-11-09,0.1,31.7,22.4,3.82,0.189,Vizianagaram,AP
2018-11-10,0.0,32.2,21.8,4.03,0.183,Vizianagaram,AP
2018-11-11,0.0,31.6,21.5,4.33,0.177,Vizianagaram,AP
2018-11-12,0.0,31.5,21.3,4.51,0.172,Vizianagaram,AP
2018-11-13,0.0,31.8,21.6,4.75,0.169,Vizianagaram,AP
2018-11-14,0.0,31.7,21.0,4.66,0.163,Vizianagaram,AP
2018-11-15,0.1,30.9,22.4,3.92,0.156,Vizianagaram,AP
2018-11-16,0.0,31.7,22.6,3.59,0.152,Vizianagaram,AP
2018-11-17,1.2,32.2,23.1,3.52,0.152,Vizianagaram,AP
2018-11-18,1.0,32.2,22.9,3.67,0.157,Vizianagaram,AP
2018-11-19,0.1,32.2,22.8,3.78,0.153,Vizianagaram,AP
2018-11-20,0.0,32.2,22.7,4.13,0.151,Vizianagaram,AP
2018-11-21,0.0,31.8,21.2,4.14,0.146,Vizianagaram,AP
2018-11-22,0.0,31.1,21.2,3.58,0.143,Vizianagaram,AP
2018-11-23,0.0,32.1,22.1,3.86,0.14,Vizianagaram,AP
2018-11-24,0.0,32.2,18.7,4.23,0.136,Vizianagaram,AP
2018-11-25,0.0,31.0,16.9,4.36,0.132,Vizianagaram,AP
2018-11-26,0.0,30.2,16.7,4.21,0.13,Vizianagaram,AP
2018-11-27,0.0,28.8,17.5,3.92,0.128,Vizianagaram,AP
2018-11-28,0.0,30.2,20.3,3.99,0.128,Vizianagaram,AP
2018-11-29,0.0,29.6,20.0,3.59,0.127,Vizianagaram,AP
2018-11-30,0.0,30.3,19.8,3.86,0.126,Vizianagaram,AP
2018-12-01,0.0,29.2,19.7,3.5,0.124,Vizianagaram,AP
2018-12-02,0.0,29.8,19.7,3.8,0.121,Vizianagaram,AP
2018-12-03,0.0,29.4,19.5,3.3,0.122,Vizianagaram,AP
2018-12-04,0.0,29.9,20.5,3.64,0.122,Vizianagaram,AP
2018-12-05,0.0,31.4,21.1,3.56,0.122,Vizianagaram,AP
2018-12-06,1.1,29.7,21.8,2.75,0.12,Vizianagaram,AP
2018-12-07,0.1,31.1,21.3,3.39,0.121,Vizianagaram,AP
2018-12-08,0.0,30.3,21.0,3.22,0.12,Vizianagaram,AP
2018-12-09,0.0,30.7,20.2,3.48,0.118,Vizianagaram,AP
2018-12-10,0.0,30.0,19.6,3.36,0.118,Vizianagaram,AP
2018-12-11,0.0,29.8,19.6,3.49,0.117,Vizianagaram,AP
2018-12-12,0.0,31.2,21.1,3.64,0.117,Vizianagaram,AP
2018-12-13,0.0,30.5,21.7,3.49,0.116,Vizianagaram,AP
2018-12-14,0.0,30.8,20.5,4.5,0.115,Vizianagaram,AP
2018-12-15,0.0,28.8,21.3,4.33,0.115,Vizianagaram,AP
2018-12-16,20.7,24.4,18.5,2.67,0.175,Vizianagaram,AP
2018-12-17,122.9,23.8,17.8,1.13,0.316,Vizianagaram,AP
2018-12-18,2.4,24.4,19.4,1.95,0.407,Vizianagaram,AP
2018-12-19,0.0,25.5,17.8,3.02,0.379,Vizianagaram,AP
2018-12-20,0.0,26.6,16.8,3.34,0.361,Vizianagaram,AP
2018-12-21,0.0,27.3,17.7,3.05,0.347,Vizianagaram,AP
2018-12-22,0.0,26.6,18.1,2.89,0.336,Vizianagaram,AP
2018-12-23,0.0,27.0,17.7,3.29,0.324,Vizianagaram,AP
2018-12-24,0.0,26.9,16.4,3.25,0.313,Vizianagaram,AP
2018-12-25,0.0,27.8,16.3,3.26,0.303,Vizianagaram,AP
2018-12-26,0.0,27.6,16.6,3.21,0.294,Vizianagaram,AP
2018-12-27,1.7,26.8,17.6,2.34,0.292,Vizianagaram,AP
2018-12-28,1.3,27.2,18.7,2.93,0.303,Vizianagaram,AP
2018-12-29,0.0,25.7,16.4,3.25,0.293,Vizianagaram,AP
2018-12-30,0.0,25.3,13.8,3.8,0.28,Vizianagaram,AP
2018-12-31,0.0,25.5,12.3,3.62,0.269,Vizianagaram,AP
2019-01-01,0.0,25.9,12.2,3.53,0.256,Vizianagaram,AP
2019-01-02,0.0,26.9,12.7,3.41,0.246,Vizianagaram,AP
2019-01-03,0.0,28.7,14.1,3.43,0.237,Vizianagaram,AP
2019-01-04,0.0,27.2,15.0,3.44,0.229,Vizianagaram,AP
2019-01-05,0.0,26.8,16.1,3.45,0.221,Vizianagaram,AP
2019-01-06,0.0,27.3,14.8,3.46,0.214,Vizianagaram,AP
2019-01-07,0.0,29.3,14.1,3.56,0.207,Vizianagaram,AP
2019-01-08,0.0,29.2,14.9,3.66,0.2,Vizianagaram,AP
2019-01-09,0.0,27.8,15.7,3.77,0.193,Vizianagaram,AP
2019-01-10,0.0,27.4,16.3,3.45,0.189,Vizianagaram,AP
2019-01-11,0.0,27.7,16.8,3.52,0.184,Vizianagaram,AP
2019-01-12,0.0,27.5,16.4,3.39,0.18,Vizianagaram,AP
2019-01-13,0.0,27.9,16.7,3.53,0.175,Vizianagaram,AP
2019-01-14,0.0,30.1,15.7,3.74,0.169,Vizianagaram,AP
2019-01-15,0.0,30.6,15.7,3.82,0.164,Vizianagaram,AP
2019-01-16,0.0,28.2,17.5,3.53,0.158,Vizianagaram,AP
2019-01-17,0.0,27.9,17.2,3.5,0.156,Vizianagaram,AP
2019-01-18,0.0,29.5,16.8,3.65,0.153,Vizianagaram,AP
2019-01-19,0.0,30.5,16.9,3.91,0.146,Vizianagaram,AP
2019-01-20,0.0,30.7,15.6,3.86,0.141,Vizianagaram,AP
2019-01-21,0.0,30.5,16.3,4.06,0.139,Vizianagaram,AP
2019-01-22,0.0,28.8,16.0,3.92,0.137,Vizianagaram,AP
2019-01-23,0.0,29.4,14.6,3.84,0.134,Vizianagaram,AP
2019-01-24,0.0,29.7,17.1,3.82,0.132,Vizianagaram,AP
2019-01-25,0.0,28.6,18.5,3.33,0.132,Vizianagaram,AP
2019-01-26,0.5,28.5,19.4,3.41,0.133,Vizianagaram,AP
2019-01-27,0.0,26.9,20.4,2.69,0.133,Vizianagaram,AP
2019-01-28,0.5,25.8,19.9,2.89,0.133,Vizianagaram,AP
2019-01-29,0.1,29.6,18.5,3.99,0.13,Vizianagaram,AP
2019-01-30,0.0,27.8,17.1,4.32,0.129,Vizianagaram,AP
2019-01-31,0.0,27.6,16.3,4.18,0.127,Vizianagaram,AP
2019-02-01,0.0,28.7,16.3,4.11,0.126,Vizianagaram,AP
2019-02-02,0.0,30.4,17.0,4.17,0.124,Vizianagaram,AP
2019-02-03,0.0,30.8,17.3,4.55,0.122,Vizianagaram,AP
2019-02-04,0.0,31.2,18.2,4.77,0.121,Vizianagaram,AP
2019-02-05,0.0,32.7,17.4,4.54,0.121,Vizianagaram,AP
2019-02-06,0.0,32.4,15.7,4.63,0.121,Vizianagaram,AP
2019-02-07,0.0,31.8,15.2,4.79,0.119,Vizianagaram,AP
2019-02-08,0.0,31.3,17.0,4.39,0.117,Vizianagaram,AP
2019-02-09,0.6,32.4,19.8,4.03,0.118,Vizianagaram,AP
2019-02-10,0.2,30.3,20.4,4.87,0.119,Vizianagaram,AP
2019-02-11,0.0,29.8,19.8,4.2,0.12,Vizianagaram,AP
2019-02-12,0.0,30.3,18.9,4.33,0.119,Vizianagaram,AP
2019-02-13,0.0,31.7,18.0,4.63,0.119,Vizianagaram,AP
2019-02-14,0.0,32.6,17.5,4.62,0.119,Vizianagaram,AP
2019-02-15,0.0,32.1,18.3,4.52,0.118,Vizianagaram,AP
2019-02-16,0.0,28.9,17.7,3.62,0.118,Vizianagaram,AP
2019-02-17,0.9,32.2,20.9,4.21,0.12,Vizianagaram,AP
2019-02-18,0.3,33.3,21.5,4.37,0.125,Vizianagaram,AP
2019-02-19,0.2,32.8,22.5,3.91,0.126,Vizianagaram,AP
2019-02-20,0.0,33.3,21.5,4.45,0.124,Vizianagaram,AP
2019-02-21,0.0,33.2,20.6,4.78,0.122,Vizianagaram,AP
2019-02-22,0.0,36.5,19.5,5.42,0.122,Vizianagaram,AP
2019-02-23,0.0,37.3,21.7,5.79,0.124,Vizianagaram,AP
2019-02-24,0.0,37.3,22.5,6.58,0.124,Vizianagaram,AP
2019-02-25,0.0,36.1,24.1,6.57,0.125,Vizianagaram,AP
2019-02-26,0.0,32.5,22.9,4.93,0.125,Vizianagaram,AP
2019-02-27,0.0,32.0,22.2,4.96,0.124,Vizianagaram,AP
2019-02-28,2.1,32.8,23.1,4.39,0.125,Vizianagaram,AP
2019-03-01,3.6,29.2,22.7,3.49,0.138,Vizianagaram,AP
2019-03-02,3.3,29.0,22.1,3.4,0.194,Vizianagaram,AP
2019-03-03,0.0,31.1,21.9,3.87,0.197,Vizianagaram,AP
2019-03-04,0.5,33.6,23.9,5.1,0.191,Vizianagaram,AP
2019-03-05,0.3,35.2,24.3,5.58,0.184,Vizianagaram,AP
2019-03-06,3.8,33.9,24.5,4.49,0.184,Vizianagaram,AP
2019-03-07,0.8,34.7,24.5,4.71,0.178,Vizianagaram,AP
2019-03-08,4.6,30.1,23.9,3.32,0.192,Vizianagaram,AP
2019-03-09,0.7,32.1,23.0,4.3,0.205,Vizianagaram,AP
2019-03-10,0.0,33.1,23.6,4.85,0.194,Vizianagaram,AP
2019-03-11,0.0,35.7,23.5,5.35,0.183,Vizianagaram,AP
2019-03-12,0.2,36.0,23.9,5.52,0.173,Vizianagaram,AP
2019-03-13,0.1,38.0,24.9,6.33,0.164,Vizianagaram,AP
2019-03-14,0.1,37.6,23.0,6.26,0.157,Vizianagaram,AP
2019-03-15,0.0,36.6,23.5,5.72,0.15,Vizianagaram,AP
2019-03-16,0.0,34.6,22.1,5.1,0.143,Vizianagaram,AP
2019-03-17,0.0,35.6,22.6,5.48,0.139,Vizianagaram,AP
2019-03-18,0.3,31.2,20.6,4.62,0.134,Vizianagaram,AP
2019-03-19,0.0,34.0,22.0,5.52,0.13,Vizianagaram,AP
2019-03-20,0.1,34.7,23.6,5.22,0.128,Vizianagaram,AP
2019-03-21,0.1,34.3,24.3,5.48,0.127,Vizianagaram,AP
2019-03-22,0.1,35.9,24.1,5.76,0.126,Vizianagaram,AP
2019-03-23,0.4,36.7,23.9,5.14,0.126,Vizianagaram,AP
2019-03-24,4.0,36.5,24.4,4.6,0.148,Vizianagaram,AP
2019-03-25,0.0,35.7,23.0,5.13,0.173,Vizianagaram,AP
2019-03-26,0.0,35.7,22.3,5.64,0.163,Vizianagaram,AP
2019-03-27,0.2,36.6,23.5,5.42,0.155,Vizianagaram,AP
2019-03-28,0.0,35.9,24.2,5.15,0.148,Vizianagaram,AP
2019-03-29,0.0,35.9,23.6,5.69,0.143,Vizianagaram,AP
2019-03-30,0.0,38.6,23.9,6.15,0.138,Vizianagaram,AP
2019-03-31,0.1,39.2,25.5,6.56,0.136,Vizianagaram,AP
2019-04-01,0.1,38.3,25.7,6.74,0.135,Vizianagaram,AP
2019-04-02,0.0,37.4,25.2,6.7,0.132,Vizianagaram,AP
2019-04-03,0.2,37.8,24.4,6.07,0.129,Vizianagaram,AP
2019-04-04,0.0,37.7,24.2,6.39,0.126,Vizianagaram,AP
2019-04-05,1.3,38.6,25.3,6.16,0.126,Vizianagaram,AP
2019-04-06,0.0,39.1,25.3,6.02,0.121,Vizianagaram,AP
2019-04-07,0.8,36.7,24.5,6.14,0.115,Vizianagaram,AP
2019-04-08,2.4,36.2,25.6,5.82,0.12,Vizianagaram,AP
2019-04-09,2.1,37.3,26.1,5.81,0.122,Vizianagaram,AP
2019-04-10,0.4,38.1,25.7,5.92,0.121,Vizianagaram,AP
2019-04-11,0.2,38.8,25.4,5.69,0.12,Vizianagaram,AP
2019-04-12,0.3,39.2,25.5,5.69,0.12,Vizianagaram,AP
2019-04-13,0.6,37.6,25.6,6.22,0.119,Vizianagaram,AP
2019-04-14,0.0,41.3,26.3,6.98,0.12,Vizianagaram,AP
2019-04-15,0.0,40.3,26.1,7.01,0.12,Vizianagaram,AP
2019-04-16,0.0,40.5,26.4,8.21,0.118,Vizianagaram,AP
2019-04-17,0.0,38.7,23.6,7.6,0.116,Vizianagaram,AP
2019-04-18,0.0,35.7,24.8,6.23,0.115,Vizianagaram,AP
2019-04-19,0.3,35.8,24.8,5.61,0.117,Vizianagaram,AP
2019-04-20,0.5,35.5,25.9,5.01,0.12,Vizianagaram,AP
2019-04-21,0.4,36.7,26.9,5.15,0.129,Vizianagaram,AP
2019-04-22,0.4,37.9,25.1,5.78,0.147,Vizianagaram,AP
2019-04-23,0.1,38.5,25.2,5.84,0.142,Vizianagaram,AP
2019-04-24,0.4,37.8,25.0,6.05,0.138,Vizianagaram,AP
2019-04-25,0.0,38.0,25.5,6.41,0.133,Vizianagaram,AP
2019-04-26,0.0,38.7,26.1,6.49,0.131,Vizianagaram,AP
2019-04-27,0.7,38.5,27.0,6.44,0.13,Vizianagaram,AP
2019-04-28,0.0,37.1,27.3,6.44,0.127,Vizianagaram,AP
2019-04-29,0.0,37.2,27.9,6.83,0.125,Vizianagaram,AP
2019-04-30,0.0,35.8,26.6,5.87,0.122,Vizianagaram,AP
2019-05-01,2.2,34.2,26.3,4.36,0.125,Vizianagaram,AP
2019-05-02,36.5,30.0,24.9,2.72,0.322,Vizianagaram,AP
2019-05-03,5.4,33.1,24.4,3.17,0.382,Vizianagaram,AP
2019-05-04,0.0,36.7,26.9,5.78,0.344,Vizianagaram,AP
2019-05-05,0.0,35.4,24.2,5.6,0.322,Vizianagaram,AP
2019-05-06,0.0,36.0,26.0,5.04,0.304,Vizianagaram,AP
2019-05-07,0.0,36.8,26.2,5.73,0.288,Vizianagaram,AP
2019-05-08,0.0,37.3,27.4,5.98,0.273,Vizianagaram,AP
2019-05-09,0.0,36.7,27.4,6.01,0.258,Vizianagaram,AP
2019-05-10,0.0,36.8,27.2,6.26,0.244,Vizianagaram,AP
2019-05-11,0.0,36.8,27.9,6.07,0.231,Vizianagaram,AP
2019-05-12,0.8,36.1,28.0,5.1,0.221,Vizianagaram,AP
2019-05-13,0.0,35.8,27.6,5.69,0.212,Vizianagaram,AP
2019-05-14,0.1,38.1,27.7,5.99,0.2,Vizianagaram,AP
2019-05-15,0.0,36.7,27.6,5.93,0.189,Vizianagaram,AP
2019-05-16,0.0,36.4,27.0,6.21,0.178,Vizianagaram,AP
2019-05-17,0.0,38.1,27.6,6.36,0.171,Vizianagaram,AP
2019-05-18,0.0,39.7,28.0,6.7,0.164,Vizianagaram,AP
2019-05-19,0.2,39.5,28.0,6.53,0.156,Vizianagaram,AP
2019-05-20,0.0,38.1,27.6,6.26,0.15,Vizianagaram,AP
2019-05-21,0.5,37.5,27.9,6.69,0.147,Vizianagaram,AP
2019-05-22,0.0,38.7,27.8,6.68,0.142,Vizianagaram,AP
2019-05-23,0.0,37.5,27.7,6.89,0.139,Vizianagaram,AP
2019-05-24,0.0,38.8,27.9,7.13,0.136,Vizianagaram,AP
2019-05-25,0.0,40.9,28.3,7.37,0.133,Vizianagaram,AP
2019-05-26,0.0,40.3,28.9,6.44,0.13,Vizianagaram,AP
2019-05-27,0.0,39.2,28.6,6.61,0.127,Vizianagaram,AP
2019-05-28,0.0,38.6,28.6,6.92,0.127,Vizianagaram,AP
2019-05-29,0.0,38.7,28.0,6.44,0.125,Vizianagaram,AP
2019-05-30,0.0,38.2,28.3,6.82,0.124,Vizianagaram,AP
2019-05-31,0.0,38.1,28.4,6.79,0.122,Vizianagaram,AP
2019-06-01,0.0,37.5,27.2,6.04,0.122,Vizianagaram,AP
2019-06-02,0.0,37.7,28.8,6.21,0.123,Vizianagaram,AP
2019-06-03,0.0,37.8,28.8,5.95,0.153,Vizianagaram,AP
2019-06-04,0.2,37.5,27.3,5.84,0.221,Vizianagaram,AP
2019-06-05,0.0,38.8,28.0,6.69,0.206,Vizianagaram,AP
2019-06-06,0.3,39.4,28.9,6.71,0.193,Vizianagaram,AP
2019-06-07,0.0,38.4,28.4,5.99,0.203,Vizianagaram,AP
2019-06-08,0.2,39.0,28.7,5.8,0.206,Vizianagaram,AP
2019-06-09,9.5,38.7,28.9,5.03,0.236,Vizianagaram,AP
2019-06-10,1.5,38.3,28.6,5.86,0.23,Vizianagaram,AP
2019-06-11,0.0,40.0,28.9,7.04,0.213,Vizianagaram,AP
2019-06-12,0.0,41.3,30.2,7.81,0.196,Vizianagaram,AP
2019-06-13,0.0,36.1,29.4,5.46,0.185,Vizianagaram,AP
2019-06-14,0.0,39.9,30.6,6.12,0.188,Vizianagaram,AP
2019-06-15,0.1,41.4,30.7,6.82,0.183,Vizianagaram,AP
2019-06-16,0.1,37.7,29.6,4.35,0.179,Vizianagaram,AP
2019-06-17,2.2,35.0,27.7,5.2,0.216,Vizianagaram,AP
2019-06-18,3.8,34.3,26.4,4.86,0.319,Vizianagaram,AP
2019-06-19,0.6,36.8,28.1,5.57,0.299,Vizianagaram,AP
2019-06-20,5.8,35.4,26.3,4.72,0.296,Vizianagaram,AP
2019-06-21,26.5,30.3,26.5,2.25,0.338,Vizianagaram,AP
2019-06-22,5.2,33.1,26.4,3.5,0.37,Vizianagaram,AP
2019-06-23,4.8,33.6,25.7,4.86,0.366,Vizianagaram,AP
2019-06-24,1.0,32.2,26.4,4.78,0.348,Vizianagaram,AP
2019-06-25,2.2,32.2,25.8,4.69,0.33,Vizianagaram,AP
2019-06-26,0.3,33.3,26.2,5.04,0.313,Vizianagaram,AP
2019-06-27,0.2,35.7,26.8,5.38,0.293,Vizianagaram,AP
2019-06-28,0.1,35.9,28.5,5.43,0.274,Vizianagaram,AP
2019-06-29,5.7,35.3,27.5,4.46,0.289,Vizianagaram,AP
2019-06-30,3.2,34.6,26.8,4.18,0.272,Vizianagaram,AP
2019-07-01,4.5,30.7,24.8,2.75,0.318,Vizianagaram,AP
2019-07-02,2.1,33.3,25.8,4.7,0.338,Vizianagaram,AP
2019-07-03,0.0,34.1,26.4,5.6,0.303,Vizianagaram,AP
2019-07-04,0.3,33.6,28.1,4.96,0.28,Vizianagaram,AP
2019-07-05,15.3,29.9,25.9,2.65,0.332,Vizianagaram,AP
2019-07-06,21.1,28.1,25.7,1.89,0.404,Vizianagaram,AP
2019-07-07,1.4,32.9,27.1,4.62,0.374,Vizianagaram,AP
2019-07-08,3.6,35.1,25.8,5.7,0.373,Vizianagaram,AP
2019-07-09,0.9,34.6,27.8,5.56,0.346,Vizianagaram,AP
2019-07-10,0.8,32.9,27.0,4.75,0.334,Vizianagaram,AP
2019-07-11,0.7,34.0,26.5,5.1,0.321,Vizianagaram,AP
2019-07-12,1.4,34.3,27.3,5.6,0.308,Vizianagaram,AP
2019-07-13,8.8,32.5,27.4,4.8,0.327,Vizianagaram,AP
2019-07-14,1.4,34.3,26.3,3.06,0.319,Vizianagaram,AP
2019-07-15,0.1,35.6,27.8,6.03,0.306,Vizianagaram,AP
2019-07-16,2.9,35.1,26.9,5.53,0.321,Vizianagaram,AP
2019-07-17,6.3,35.8,26.7,4.49,0.309,Vizianagaram,AP
2019-07-18,33.8,32.8,26.4,2.99,0.348,Vizianagaram,AP
2019-07-19,55.8,30.3,24.5,3.23,0.4,Vizianagaram,AP
2019-07-20,10.3,31.1,24.8,4.02,0.393,Vizianagaram,AP
2019-07-21,3.0,31.1,25.6,4.3,0.363,Vizianagaram,AP
2019-07-22,1.3,31.8,25.6,4.91,0.346,Vizianagaram,AP
2019-07-23,0.7,31.9,25.1,4.66,0.324,Vizianagaram,AP
2019-07-24,7.9,33.1,26.3,4.98,0.336,Vizianagaram,AP
2019-07-25,4.8,31.7,26.6,3.47,0.343,Vizianagaram,AP
2019-07-26,11.7,28.2,24.7,1.6,0.386,Vizianagaram,AP
2019-07-27,6.2,32.0,24.4,3.68,0.396,Vizianagaram,AP
2019-07-28,37.5,27.3,24.4,1.31,0.412,Vizianagaram,AP
2019-07-29,4.7,28.8,24.7,2.56,0.409,Vizianagaram,AP
2019-07-30,0.8,32.0,25.3,4.83,0.377,Vizianagaram,AP
2019-07-31,0.9,32.1,26.0,4.28,0.355,Vizianagaram,AP
2019-08-01,13.7,29.0,24.8,2.27,0.4,Vizianagaram,AP
2019-08-02,28.5,27.7,24.5,2.09,0.422,Vizianagaram,AP
2019-08-03,8.4,32.3,24.6,3.52,0.408,Vizianagaram,AP
2019-08-04,5.5,32.3,24.5,3.13,0.409,Vizianagaram,AP
2019-08-05,4.5,32.2,25.3,3.85,0.399,Vizianagaram,AP
2019-08-06,63.7,26.6,24.8,0.89,0.427,Vizianagaram,AP
2019-08-07,66.7,26.1,24.6,1.34,0.429,Vizianagaram,AP
2019-08-08,16.6,29.1,24.7,2.89,0.423,Vizianagaram,AP
2019-08-09,0.5,33.2,24.8,5.28,0.396,Vizianagaram,AP
2019-08-10,5.1,33.5,26.3,4.84,0.379,Vizianagaram,AP
2019-08-11,6.3,34.3,26.5,4.6,0.374,Vizianagaram,AP
2019-08-12,7.5,29.9,26.5,1.69,0.398,Vizianagaram,AP
2019-08-13,24.3,28.4,25.4,1.33,0.422,Vizianagaram,AP
2019-08-14,9.8,32.3,25.9,4.7,0.408,Vizianagaram,AP
2019-08-15,3.1,30.8,25.7,3.75,0.401,Vizianagaram,AP
2019-08-16,9.1,32.4,25.5,4.14,0.398,Vizianagaram,AP
2019-08-17,4.0,31.7,25.2,3.83,0.398,Vizianagaram,AP
2019-08-18,27.8,30.9,26.0,2.78,0.417,Vizianagaram,AP
2019-08-19,6.5,32.0,25.3,4.17,0.41,Vizianagaram,AP
2019-08-20,8.1,32.9,26.0,4.61,0.403,Vizianagaram,AP
2019-08-21,32.6,32.7,25.8,4.24,0.407,Vizianagaram,AP
2019-08-22,4.2,32.5,25.3,4.4,0.406,Vizianagaram,AP
2019-08-23,4.3,31.7,25.6,3.22,0.401,Vizianagaram,AP
2019-08-24,7.6,32.1,25.3,3.54,0.402,Vizianagaram,AP
2019-08-25,0.8,31.5,25.8,3.35,0.402,Vizianagaram,AP
2019-08-26,0.0,32.3,26.3,4.07,0.383,Vizianagaram,AP
2019-08-27,1.5,33.4,26.1,4.86,0.37,Vizianagaram,AP
2019-08-28,5.6,32.8,25.1,4.04,0.374,Vizianagaram,AP
2019-08-29,0.1,32.0,26.3,3.14,0.364,Vizianagaram,AP
2019-08-30,3.2,32.8,26.7,3.79,0.362,Vizianagaram,AP
2019-08-31,6.9,30.4,26.0,2.8,0.387,Vizianagaram,AP
2019-09-01,19.9,30.1,24.6,2.51,0.407,Vizianagaram,AP
2019-09-02,7.6,30.4,24.7,2.7,0.418,Vizianagaram,AP
2019-09-03,4.0,30.2,24.8,3.13,0.406,Vizianagaram,AP
2019-09-04,25.3,30.9,24.8,2.97,0.415,Vizianagaram,AP
2019-09-05,33.6,27.6,25.1,0.99,0.428,Vizianagaram,AP
2019-09-06,30.8,29.5,25.0,2.5,0.427,Vizianagaram,AP
2019-09-07,5.4,31.3,25.5,3.93,0.41,Vizianagaram,AP
2019-09-08,0.9,33.3,26.2,4.82,0.407,Vizianagaram,AP
2019-09-09,1.4,32.5,26.4,4.5,0.395,Vizianagaram,AP
2019-09-10,6.2,30.6,26.4,3.17,0.396,Vizianagaram,AP
2019-09-11,6.1,30.7,26.6,3.09,0.397,Vizianagaram,AP
2019-09-12,5.5,28.4,25.6,2.13,0.405,Vizianagaram,AP
2019-09-13,2.6,31.3,25.7,4.37,0.398,Vizianagaram,AP
2019-09-14,3.5,31.7,25.6,4.51,0.394,Vizianagaram,AP
2019-09-15,5.1,33.3,25.7,4.43,0.385,Vizianagaram,AP
2019-09-16,12.9,31.7,25.3,4.24,0.404,Vizianagaram,AP
2019-09-17,7.2,30.9,24.9,3.99,0.406,Vizianagaram,AP
2019-09-18,10.7,28.8,24.9,3.02,0.412,Vizianagaram,AP
2019-09-19,8.9,29.5,24.5,3.34,0.416,Vizianagaram,AP
2019-09-20,7.1,29.9,24.7,3.78,0.41,Vizianagaram,AP
2019-09-21,1.8,30.9,24.4,4.13,0.394,Vizianagaram,AP
2019-09-22,4.2,30.8,24.3,3.81,0.385,Vizianagaram,AP
2019-09-23,19.5,29.2,24.5,2.84,0.408,Vizianagaram,AP
2019-09-24,26.7,29.2,24.0,2.65,0.426,Vizianagaram,AP
2019-09-25,22.5,27.0,24.4,1.54,0.427,Vizianagaram,AP
2019-09-26,11.8,27.9,24.2,2.22,0.425,Vizianagaram,AP
2019-09-27,3.3,29.6,24.1,2.27,0.412,Vizianagaram,AP
2019-09-28,3.2,30.9,23.8,3.51,0.4,Vizianagaram,AP
2019-09-29,6.5,30.0,24.4,3.31,0.392,Vizianagaram,AP
2019-09-30,0.0,31.2,25.3,3.67,0.368,Vizianagaram,AP
2019-10-01,3.5,32.9,25.0,4.06,0.362,Vizianagaram,AP
2019-10-02,1.5,32.5,25.2,4.15,0.357,Vizianagaram,AP
2019-10-03,4.7,31.6,24.0,3.52,0.359,Vizianagaram,AP
2019-10-04,5.2,32.2,24.7,3.51,0.373,Vizianagaram,AP
2019-10-05,5.2,31.4,24.2,3.73,0.37,Vizianagaram,AP
2019-10-06,11.7,32.5,24.3,3.89,0.374,Vizianagaram,AP
2019-10-07,6.9,31.7,23.7,3.89,0.381,Vizianagaram,AP
2019-10-08,12.2,29.1,23.4,2.59,0.403,Vizianagaram,AP
2019-10-09,9.2,28.7,23.5,2.79,0.397,Vizianagaram,AP
2019-10-10,9.7,30.2,23.1,3.11,0.391,Vizianagaram,AP
2019-10-11,13.6,30.5,23.5,3.24,0.399,Vizianagaram,AP
2019-10-12,20.6,30.7,22.9,3.13,0.41,Vizianagaram,AP
2019-10-13,13.0,31.0,22.8,3.41,0.409,Vizianagaram,AP
2019-10-14,1.1,31.4,23.5,4.06,0.387,Vizianagaram,AP
2019-10-15,0.6,30.9,24.0,3.95,0.366,Vizianagaram,AP
2019-10-16,5.6,28.5,23.7,2.51,0.368,Vizianagaram,AP
2019-10-17,13.0,28.6,24.2,2.42,0.394,Vizianagaram,AP
2019-10-18,2.8,29.6,23.9,3.37,0.395,Vizianagaram,AP
2019-10-19,7.7,29.2,23.7,2.56,0.402,Vizianagaram,AP
2019-10-20,3.5,30.2,23.7,3.18,0.401,Vizianagaram,AP
2019-10-21,5.5,30.3,23.9,3.46,0.398,Vizianagaram,AP
2019-10-22,20.1,27.3,24.2,1.11,0.408,Vizianagaram,AP
2019-10-23,66.9,25.6,23.2,0.82,0.43,Vizianagaram,AP
2019-10-24,38.6,27.6,24.0,1.21,0.425,Vizianagaram,AP
2019-10-25,12.8,31.2,23.9,3.01,0.416,Vizianagaram,AP
2019-10-26,16.3,29.9,23.6,2.55,0.424,Vizianagaram,AP
2019-10-27,2.7,30.3,22.8,3.33,0.405,Vizianagaram,AP
2019-10-28,2.4,30.3,23.6,3.32,0.395,Vizianagaram,AP
2019-10-29,2.8,30.1,24.3,3.27,0.402,Vizianagaram,AP
2019-10-30,3.1,30.4,23.6,3.25,0.396,Vizianagaram,AP
2019-10-31,5.9,30.6,22.5,3.34,0.396,Vizianagaram,AP
2019-11-01,3.8,31.2,23.4,3.25,0.394,Vizianagaram,AP
2019-11-02,0.2,31.2,23.6,3.66,0.382,Vizianagaram,AP
2019-11-03,0.0,31.6,22.9,3.88,0.367,Vizianagaram,AP
2019-11-04,0.0,32.8,22.3,4.25,0.354,Vizianagaram,AP
2019-11-05,0.0,32.4,21.6,4.16,0.342,Vizianagaram,AP
2019-11-06,0.0,31.9,22.3,4.07,0.331,Vizianagaram,AP
2019-11-07,0.0,30.7,21.0,4.08,0.322,Vizianagaram,AP
2019-11-08,0.0,30.7,20.4,4.03,0.317,Vizianagaram,AP
2019-11-09,0.0,32.6,19.8,4.07,0.311,Vizianagaram,AP
2019-11-10,0.0,31.9,22.0,3.97,0.302,Vizianagaram,AP
2019-11-11,0.0,32.2,21.8,3.87,0.295,Vizianagaram,AP
2019-11-12,0.3,30.4,22.3,3.56,0.283,Vizianagaram,AP
2019-11-13,0.4,29.6,21.6,3.47,0.271,Vizianagaram,AP
2019-11-14,0.0,29.9,20.6,4.01,0.262,Vizianagaram,AP
2019-11-15,0.0,29.9,20.4,3.9,0.26,Vizianagaram,AP
2019-11-16,0.0,30.8,21.2,3.81,0.256,Vizianagaram,AP
2019-11-17,0.0,31.4,22.2,3.77,0.249,Vizianagaram,AP
2019-11-18,0.0,31.7,22.9,3.86,0.24,Vizianagaram,AP
2019-11-19,0.0,30.5,21.5,3.57,0.231,Vizianagaram,AP
2019-11-20,0.2,29.0,21.8,3.11,0.228,Vizianagaram,AP
2019-11-21,0.0,30.1,20.7,3.75,0.222,Vizianagaram,AP
2019-11-22,0.0,29.5,20.2,3.48,0.219,Vizianagaram,AP
2019-11-23,0.0,29.7,19.6,3.57,0.209,Vizianagaram,AP
2019-11-24,0.0,29.4,19.0,3.37,0.205,Vizianagaram,AP
2019-11-25,0.0,29.2,19.9,3.44,0.201,Vizianagaram,AP
2019-11-26,0.0,29.9,20.9,3.39,0.198,Vizianagaram,AP
2019-11-27,0.0,30.0,20.5,3.57,0.199,Vizianagaram,AP
2019-11-28,0.1,29.3,21.0,3.07,0.196,Vizianagaram,AP
2019-11-29,0.0,30.7,20.2,3.67,0.191,Vizianagaram,AP
2019-11-30,0.0,31.1,21.9,3.63,0.186,Vizianagaram,AP
2019-12-01,0.6,30.5,22.0,3.38,0.186,Vizianagaram,AP
2019-12-02,0.1,28.0,23.4,1.97,0.186,Vizianagaram,AP
2019-12-03,0.1,29.2,21.5,2.78,0.181,Vizianagaram,AP
2019-12-04,0.1,29.8,20.2,3.57,0.18,Vizianagaram,AP
2019-12-05,0.0,29.2,19.9,3.73,0.175,Vizianagaram,AP
2019-12-06,0.0,28.1,18.1,3.7,0.175,Vizianagaram,AP
2019-12-07,0.1,29.1,18.3,3.42,0.176,Vizianagaram,AP
2019-12-08,1.7,28.0,21.0,2.78,0.182,Vizianagaram,AP
2019-12-09,0.7,28.0,20.5,2.8,0.189,Vizianagaram,AP
2019-12-10,0.0,28.7,19.1,3.11,0.191,Vizianagaram,AP
2019-12-11,0.6,27.8,19.0,2.89,0.189,Vizianagaram,AP
2019-12-12,0.5,27.2,19.0,2.57,0.189,Vizianagaram,AP
2019-12-13,2.7,26.7,19.9,2.54,0.191,Vizianagaram,AP
2019-12-14,0.9,28.3,20.9,2.82,0.199,Vizianagaram,AP
2019-12-15,0.1,28.8,19.2,3.14,0.196,Vizianagaram,AP
2019-12-16,0.0,28.9,20.0,3.28,0.193,Vizianagaram,AP
2019-12-17,0.0,28.7,19.9,3.08,0.189,Vizianagaram,AP
2019-12-18,0.3,28.3,20.4,2.41,0.187,Vizianagaram,AP
2019-12-19,0.1,29.1,20.0,3.06,0.186,Vizianagaram,AP
2019-12-20,0.1,29.2,19.6,3.14,0.186,Vizianagaram,AP
2019-12-21,0.0,29.0,20.4,2.97,0.18,Vizianagaram,AP
2019-12-22,0.0,28.7,18.7,3.21,0.179,Vizianagaram,AP
2019-12-23,0.0,28.2,19.6,2.98,0.174,Vizianagaram,AP
2019-12-24,0.0,27.8,19.3,3.22,0.171,Vizianagaram,AP
2019-12-25,0.0,29.0,18.0,3.51,0.169,Vizianagaram,AP
2019-12-26,0.0,28.3,18.6,2.1,0.163,Vizianagaram,AP
2019-12-27,2.8,28.2,19.3,2.7,0.164,Vizianagaram,AP
2019-12-28,0.3,26.6,18.9,3.07,0.181,Vizianagaram,AP
2019-12-29,0.0,26.7,16.2,3.67,0.172,Vizianagaram,AP
2019-12-30,0.0,26.3,16.2,3.69,0.166,Vizianagaram,AP
2019-12-31,0.0,26.6,17.0,3.43,0.162,Vizianagaram,AP
2020-01-01,4.8,27.6,18.6,2.65,0.165,Vizianagaram,AP
2020-01-02,3.5,27.2,20.3,2.25,0.225,Vizianagaram,AP
2020-01-03,3.2,26.5,20.6,1.93,0.322,Vizianagaram,AP
2020-01-04,4.6,24.5,20.7,1.17,0.323,Vizianagaram,AP
2020-01-05,0.6,26.0,19.8,2.28,0.303,Vizianagaram,AP
2020-01-06,0.0,27.3,19.4,3.4,0.28,Vizianagaram,AP
2020-01-07,0.0,25.8,18.1,2.9,0.264,Vizianagaram,AP
2020-01-08,0.0,27.0,17.0,3.36,0.252,Vizianagaram,AP
2020-01-09,0.1,28.7,18.1,3.2,0.242,Vizianagaram,AP
2020-01-10,0.1,27.1,19.4,2.61,0.235,Vizianagaram,AP
2020-01-11,0.0,27.9,18.6,3.11,0.229,Vizianagaram,AP
2020-01-12,0.0,27.4,15.4,3.53,0.221,Vizianagaram,AP
2020-01-13,0.0,28.1,13.8,3.44,0.212,Vizianagaram,AP
2020-01-14,0.0,28.2,15.7,3.46,0.208,Vizianagaram,AP
2020-01-15,0.0,27.8,16.3,3.5,0.2,Vizianagaram,AP
2020-01-16,0.0,27.3,16.6,3.3,0.193,Vizianagaram,AP
2020-01-17,0.0,27.7,18.0,2.95,0.19,Vizianagaram,AP
2020-01-18,0.0,28.9,19.6,3.18,0.184,Vizianagaram,AP
2020-01-19,0.1,29.7,18.9,3.47,0.18,Vizianagaram,AP
2020-01-20,0.1,29.3,18.3,3.26,0.179,Vizianagaram,AP
2020-01-21,0.0,29.4,19.9,3.48,0.175,Vizianagaram,AP
2020-01-22,0.0,29.8,20.2,3.52,0.171,Vizianagaram,AP
2020-01-23,0.0,29.7,18.9,3.62,0.168,Vizianagaram,AP
2020-01-24,0.1,31.3,18.3,3.79,0.167,Vizianagaram,AP
2020-01-25,0.6,28.9,20.4,3.19,0.166,Vizianagaram,AP
2020-01-26,0.1,31.0,19.2,3.77,0.167,Vizianagaram,AP
2020-01-27,0.0,30.1,19.4,3.63,0.165,Vizianagaram,AP
2020-01-28,0.6,29.4,20.4,3.35,0.167,Vizianagaram,AP
2020-01-29,0.2,31.6,21.0,4.18,0.169,Vizianagaram,AP
2020-01-30,0.2,31.2,20.7,3.48,0.168,Vizianagaram,AP
2020-01-31,1.4,29.5,21.1,3.71,0.168,Vizianagaram,AP
2020-02-01,3.0,26.3,21.0,2.36,0.202,Vizianagaram,AP
2020-02-02,4.7,26.9,20.4,2.75,0.238,Vizianagaram,AP
2020-02-03,2.5,26.2,20.8,2.7,0.262,Vizianagaram,AP
2020-02-04,17.4,25.3,20.8,1.52,0.319,Vizianagaram,AP
2020-02-05,4.6,27.8,20.5,2.6,0.333,Vizianagaram,AP
2020-02-06,4.9,28.8,20.1,3.06,0.32,Vizianagaram,AP
2020-02-07,5.0,27.6,19.9,2.62,0.333,Vizianagaram,AP
2020-02-08,3.1,26.6,20.6,2.92,0.31,Vizianagaram,AP
2020-02-09,0.9,25.5,18.8,2.83,0.31,Vizianagaram,AP
2020-02-10,0.0,27.1,17.9,3.42,0.289,Vizianagaram,AP
2020-02-11,0.2,27.6,19.4,3.41,0.271,Vizianagaram,AP
2020-02-12,0.0,29.5,18.7,4.1,0.256,Vizianagaram,AP
2020-02-13,0.0,32.0,18.0,4.49,0.242,Vizianagaram,AP
2020-02-14,0.0,33.2,17.8,4.69,0.229,Vizianagaram,AP
2020-02-15,0.0,32.1,17.6,4.51,0.215,Vizianagaram,AP
2020-02-16,0.0,31.2,20.0,4.24,0.206,Vizianagaram,AP
2020-02-17,0.0,30.9,19.2,4.29,0.2,Vizianagaram,AP
2020-02-18,0.1,31.2,19.8,4.14,0.191,Vizianagaram,AP
2020-02-19,0.3,29.2,20.6,3.61,0.185,Vizianagaram,AP
2020-02-20,0.0,30.5,21.0,4.43,0.179,Vizianagaram,AP
2020-02-21,0.0,30.4,20.6,4.59,0.172,Vizianagaram,AP
2020-02-22,0.0,30.7,20.1,4.56,0.162,Vizianagaram,AP
2020-02-23,0.0,31.5,18.4,4.72,0.155,Vizianagaram,AP
2020-02-24,0.2,31.6,19.2,4.37,0.152,Vizianagaram,AP
2020-02-25,0.3,31.0,21.4,4.01,0.153,Vizianagaram,AP
2020-02-26,5.2,29.2,20.9,3.43,0.189,Vizianagaram,AP
2020-02-27,0.8,30.4,20.1,4.64,0.199,Vizianagaram,AP
2020-02-28,0.0,30.4,18.7,4.33,0.183,Vizianagaram,AP
2020-02-29,0.1,30.5,19.0,4.23,0.174,Vizianagaram,AP
2020-03-01,0.0,31.9,20.3,4.43,0.167,Vizianagaram,AP
2020-03-02,0.0,32.0,19.5,4.24,0.16,Vizianagaram,AP
2020-03-03,0.0,32.3,19.4,4.84,0.154,Vizianagaram,AP
2020-03-04,0.0,30.8,21.3,4.11,0.151,Vizianagaram,AP
2020-03-05,0.0,30.9,21.2,4.24,0.151,Vizianagaram,AP
2020-03-06,1.8,29.4,22.0,3.26,0.152,Vizianagaram,AP
2020-03-07,1.1,30.1,22.9,3.58,0.155,Vizianagaram,AP
2020-03-08,0.5,32.8,23.0,4.71,0.155,Vizianagaram,AP
2020-03-09,6.9,32.9,22.7,3.74,0.16,Vizianagaram,AP
2020-03-10,0.6,32.8,23.0,4.7,0.168,Vizianagaram,AP
2020-03-11,0.0,33.4,22.3,5.28,0.163,Vizianagaram,AP
2020-03-12,0.0,33.9,22.9,5.16,0.156,Vizianagaram,AP
2020-03-13,0.0,33.8,22.1,5.22,0.149,Vizianagaram,AP
2020-03-14,0.0,33.8,20.4,5.23,0.142,Vizianagaram,AP
2020-03-15,0.0,31.8,20.5,4.84,0.138,Vizianagaram,AP
2020-03-16,0.0,33.9,22.7,4.77,0.136,Vizianagaram,AP
2020-03-17,0.5,34.3,22.3,4.96,0.134,Vizianagaram,AP
2020-03-18,0.9,34.9,22.7,4.79,0.14,Vizianagaram,AP
2020-03-19,17.4,34.5,23.6,3.51,0.201,Vizianagaram,AP
2020-03-20,1.3,31.9,21.3,4.35,0.311,Vizianagaram,AP
2020-03-21,0.0,32.5,22.9,4.43,0.301,Vizianagaram,AP
2020-03-22,1.2,31.7,22.9,4.24,0.276,Vizianagaram,AP
2020-03-23,10.7,29.2,22.6,3.45,0.308,Vizianagaram,AP
2020-03-24,0.6,32.7,22.6,4.7,0.314,Vizianagaram,AP
2020-03-25,1.3,32.6,22.2,4.65,0.287,Vizianagaram,AP
2020-03-26,0.0,34.9,22.5,5.1,0.265,Vizianagaram,AP
2020-03-27,0.0,35.7,21.7,6.04,0.246,Vizianagaram,AP
2020-03-28,0.0,36.7,23.2,5.73,0.228,Vizianagaram,AP
2020-03-29,0.0,37.0,24.2,5.53,0.215,Vizianagaram,AP
2020-03-30,0.6,35.3,25.1,5.17,0.201,Vizianagaram,AP
2020-03-31,0.0,36.5,24.8,5.61,0.187,Vizianagaram,AP
2020-04-01,0.0,37.6,24.4,5.79,0.177,Vizianagaram,AP
2020-04-02,0.0,37.0,24.4,5.72,0.17,Vizianagaram,AP
2020-04-03,0.0,36.5,25.1,5.69,0.163,Vizianagaram,AP
2020-04-04,0.3,35.4,25.0,5.29,0.159,Vizianagaram,AP
2020-04-05,0.0,36.6,24.7,5.55,0.156,Vizianagaram,AP
2020-04-06,0.0,37.2,24.6,5.48,0.154,Vizianagaram,AP
2020-04-07,2.0,36.3,25.3,5.25,0.16,Vizianagaram,AP
2020-04-08,1.0,36.7,25.5,5.04,0.165,Vizianagaram,AP
2020-04-09,1.5,35.8,24.4,5.14,0.163,Vizianagaram,AP
2020-04-10,1.6,35.7,24.1,5.38,0.161,Vizianagaram,AP
2020-04-11,0.5,36.2,23.6,5.2,0.157,Vizianagaram,AP
2020-04-12,1.6,36.5,24.0,5.38,0.155,Vizianagaram,AP
2020-04-13,0.1,38.2,23.0,6.08,0.149,Vizianagaram,AP
2020-04-14,3.5,37.9,23.8,5.81,0.153,Vizianagaram,AP
2020-04-15,0.0,37.9,25.0,6.23,0.146,Vizianagaram,AP
2020-04-16,0.3,38.0,25.3,6.24,0.143,Vizianagaram,AP
2020-04-17,0.2,37.8,25.6,6.62,0.139,Vizianagaram,AP
2020-04-18,0.0,37.3,26.2,6.43,0.139,Vizianagaram,AP
2020-04-19,0.9,36.0,25.2,5.56,0.143,Vizianagaram,AP
2020-04-20,0.8,35.5,24.9,5.53,0.147,Vizianagaram,AP
2020-04-21,0.0,35.9,25.5,6.14,0.154,Vizianagaram,AP
2020-04-22,0.1,35.8,25.9,5.84,0.151,Vizianagaram,AP
2020-04-23,0.9,36.5,26.3,6.09,0.149,Vizianagaram,AP
2020-04-24,0.0,36.4,27.2,6.08,0.145,Vizianagaram,AP
2020-04-25,3.3,34.7,26.7,4.6,0.159,Vizianagaram,AP
2020-04-26,15.8,33.2,24.9,4.2,0.188,Vizianagaram,AP
2020-04-27,3.5,35.2,21.9,5.56,0.244,Vizianagaram,AP
2020-04-28,0.9,33.9,24.5,4.86,0.206,Vizianagaram,AP
2020-04-29,2.1,35.6,25.5,5.42,0.206,Vizianagaram,AP
2020-04-30,0.3,35.0,24.8,5.55,0.207,Vizianagaram,AP
2020-05-01,1.6,37.5,26.3,5.57,0.208,Vizianagaram,AP
2020-05-02,0.0,38.1,25.5,6.27,0.201,Vizianagaram,AP
2020-05-03,0.0,38.8,26.7,6.2,0.186,Vizianagaram,AP
2020-05-04,0.0,37.5,27.4,6.19,0.178,Vizianagaram,AP
2020-05-05,0.0,37.2,27.4,6.26,0.171,Vizianagaram,AP
2020-05-06,0.2,36.9,27.6,5.93,0.165,Vizianagaram,AP
2020-05-07,0.0,37.4,27.1,5.94,0.166,Vizianagaram,AP
2020-05-08,0.0,37.5,26.6,6.05,0.163,Vizianagaram,AP
2020-05-09,0.0,37.1,25.7,6.01,0.156,Vizianagaram,AP
2020-05-10,0.1,37.4,26.7,5.93,0.152,Vizianagaram,AP
2020-05-11,0.0,36.2,25.8,5.63,0.15,Vizianagaram,AP
2020-05-12,0.4,36.1,24.3,5.75,0.145,Vizianagaram,AP
2020-05-13,0.0,35.5,25.3,5.95,0.137,Vizianagaram,AP
2020-05-14,0.0,35.5,23.9,5.87,0.132,Vizianagaram,AP
2020-05-15,0.0,36.6,25.2,5.92,0.129,Vizianagaram,AP
2020-05-16,0.0,38.8,26.3,6.0,0.126,Vizianagaram,AP
2020-05-17,0.0,38.1,25.8,6.11,0.125,Vizianagaram,AP
2020-05-18,0.0,37.2,26.6,5.29,0.124,Vizianagaram,AP
2020-05-19,0.1,36.8,29.1,6.34,0.129,Vizianagaram,AP
2020-05-20,0.0,41.5,27.3,7.77,0.15,Vizianagaram,AP
2020-05-21,0.0,42.0,24.4,6.83,0.159,Vizianagaram,AP
2020-05-22,0.0,38.3,26.7,5.68,0.157,Vizianagaram,AP
2020-05-23,0.0,37.5,27.3,6.12,0.149,Vizianagaram,AP
2020-05-24,0.0,36.9,28.0,6.44,0.143,Vizianagaram,AP
2020-05-25,0.0,37.1,28.1,6.28,0.143,Vizianagaram,AP
2020-05-26,0.0,36.1,27.9,6.53,0.141,Vizianagaram,AP
2020-05-27,0.0,37.9,27.9,6.84,0.139,Vizianagaram,AP
2020-05-28,0.0,38.9,28.1,6.77,0.135,Vizianagaram,AP
2020-05-29,0.2,36.4,28.9,5.47,0.135,Vizianagaram,AP
2020-05-30,5.5,35.9,28.3,4.42,0.157,Vizianagaram,AP
2020-05-31,2.0,34.3,27.9,4.42,0.171,Vizianagaram,AP
2020-06-01,1.9,36.4,28.1,5.23,0.159,Vizianagaram,AP
2020-06-02,2.2,36.1,27.5,5.4,0.157,Vizianagaram,AP
2020-06-03,0.9,35.0,26.4,5.03,0.158,Vizianagaram,AP
2020-06-04,2.1,36.2,26.8,5.46,0.17,Vizianagaram,AP
2020-06-05,1.3,37.9,27.3,5.91,0.18,Vizianagaram,AP
2020-06-06,2.0,37.9,28.2,5.87,0.184,Vizianagaram,AP
2020-06-07,1.2,35.0,27.6,4.23,0.192,Vizianagaram,AP
2020-06-08,0.9,37.5,27.7,4.29,0.199,Vizianagaram,AP
2020-06-09,11.1,34.6,27.0,3.75,0.238,Vizianagaram,AP
2020-06-10,50.9,35.2,25.2,3.64,0.357,Vizianagaram,AP
2020-06-11,82.2,29.8,24.9,2.4,0.396,Vizianagaram,AP
2020-06-12,13.7,28.5,25.2,2.06,0.416,Vizianagaram,AP
2020-06-13,3.9,34.2,25.9,4.82,0.397,Vizianagaram,AP
2020-06-14,0.2,34.5,27.5,4.97,0.364,Vizianagaram,AP
2020-06-15,5.6,34.0,27.0,4.45,0.369,Vizianagaram,AP
2020-06-16,0.6,32.2,26.3,4.1,0.358,Vizianagaram,AP
2020-06-17,3.0,31.5,26.4,3.81,0.346,Vizianagaram,AP
2020-06-18,3.4,31.7,26.3,3.7,0.342,Vizianagaram,AP
2020-06-19,1.6,32.9,27.0,4.2,0.341,Vizianagaram,AP
2020-06-20,3.2,34.3,27.1,4.34,0.334,Vizianagaram,AP
2020-06-21,11.9,30.2,26.5,1.56,0.379,Vizianagaram,AP
2020-06-22,0.4,34.9,25.8,5.34,0.36,Vizianagaram,AP
2020-06-23,0.3,35.0,25.6,5.41,0.341,Vizianagaram,AP
2020-06-24,3.3,32.6,26.8,4.45,0.33,Vizianagaram,AP
2020-06-25,1.1,31.8,25.6,4.78,0.317,Vizianagaram,AP
2020-06-26,1.5,32.3,26.1,4.63,0.307,Vizianagaram,AP
2020-06-27,1.2,34.6,25.9,5.32,0.297,Vizianagaram,AP
2020-06-28,0.7,33.4,27.0,3.79,0.279,Vizianagaram,AP
2020-06-29,1.1,33.3,26.8,4.31,0.274,Vizianagaram,AP
2020-06-30,1.8,32.3,26.0,4.57,0.291,Vizianagaram,AP
2020-07-01,8.6,33.0,25.6,4.49,0.337,Vizianagaram,AP
2020-07-02,12.5,33.0,25.8,4.69,0.333,Vizianagaram,AP
2020-07-03,28.4,33.1,26.1,4.32,0.352,Vizianagaram,AP
2020-07-04,25.5,28.1,25.4,1.35,0.419,Vizianagaram,AP
2020-07-05,1.6,31.8,25.4,3.71,0.399,Vizianagaram,AP
2020-07-06,8.1,32.7,25.3,3.85,0.406,Vizianagaram,AP
2020-07-07,0.9,32.3,25.7,4.46,0.391,Vizianagaram,AP
2020-07-08,0.9,33.6,26.8,5.2,0.367,Vizianagaram,AP
2020-07-09,20.1,32.8,25.7,4.45,0.381,Vizianagaram,AP
2020-07-10,2.5,32.7,26.3,5.21,0.357,Vizianagaram,AP
2020-07-11,2.5,34.0,25.7,4.63,0.335,Vizianagaram,AP
2020-07-12,8.6,34.1,26.5,4.2,0.354,Vizianagaram,AP
2020-07-13,11.7,31.8,26.1,4.08,0.375,Vizianagaram,AP
2020-07-14,53.5,28.8,25.8,1.51,0.404,Vizianagaram,AP
2020-07-15,9.3,28.4,25.7,2.18,0.398,Vizianagaram,AP
2020-07-16,1.8,29.7,24.7,3.31,0.38,Vizianagaram,AP
2020-07-17,9.7,31.1,25.2,3.16,0.393,Vizianagaram,AP
2020-07-18,6.1,31.5,25.5,4.76,0.372,Vizianagaram,AP
2020-07-19,2.7,32.4,26.0,4.94,0.354,Vizianagaram,AP
2020-07-20,2.5,31.7,26.3,4.8,0.338,Vizianagaram,AP
2020-07-21,0.2,32.3,26.2,4.98,0.331,Vizianagaram,AP
2020-07-22,3.8,33.8,26.5,4.74,0.313,Vizianagaram,AP
2020-07-23,9.3,28.1,25.5,1.59,0.371,Vizianagaram,AP
2020-07-24,0.4,33.0,24.7,4.95,0.335,Vizianagaram,AP
2020-07-25,1.9,31.8,24.9,4.73,0.327,Vizianagaram,AP
2020-07-26,2.3,33.5,25.5,4.99,0.32,Vizianagaram,AP
2020-07-27,8.7,34.6,26.2,4.94,0.341,Vizianagaram,AP
2020-07-28,14.8,33.0,25.8,4.79,0.377,Vizianagaram,AP
2020-07-29,2.1,31.9,25.4,4.62,0.375,Vizianagaram,AP
2020-07-30,5.1,32.1,25.4,4.25,0.358,Vizianagaram,AP
2020-07-31,2.2,32.3,24.6,4.14,0.363,Vizianagaram,AP
2020-08-01,11.2,32.1,25.0,4.18,0.388,Vizianagaram,AP
2020-08-02,9.9,34.2,26.1,4.88,0.384,Vizianagaram,AP
2020-08-03,9.6,33.1,26.1,3.66,0.385,Vizianagaram,AP
2020-08-04,16.7,29.4,25.4,2.24,0.403,Vizianagaram,AP
2020-08-05,11.5,30.3,24.8,2.68,0.414,Vizianagaram,AP
2020-08-06,0.1,31.8,25.9,3.76,0.378,Vizianagaram,AP
2020-08-07,0.7,33.7,26.2,4.79,0.356,Vizianagaram,AP
2020-08-08,0.6,32.3,26.6,2.74,0.342,Vizianagaram,AP
2020-08-09,14.5,31.8,26.5,3.12,0.355,Vizianagaram,AP
2020-08-10,5.6,30.2,25.5,2.99,0.373,Vizianagaram,AP
2020-08-11,1.3,33.7,25.5,4.7,0.355,Vizianagaram,AP
2020-08-12,59.8,30.9,25.4,2.92,0.37,Vizianagaram,AP
2020-08-13,29.1,30.2,25.0,2.86,0.422,Vizianagaram,AP
2020-08-14,26.9,29.1,24.3,2.78,0.423,Vizianagaram,AP
2020-08-15,36.1,26.3,23.7,1.43,0.428,Vizianagaram,AP
2020-08-16,9.6,29.2,24.2,2.3,0.422,Vizianagaram,AP
2020-08-17,1.4,31.1,24.7,4.16,0.41,Vizianagaram,AP
2020-08-18,6.0,31.3,25.4,2.46,0.413,Vizianagaram,AP
2020-08-19,6.3,30.2,25.0,3.14,0.415,Vizianagaram,AP
2020-08-20,15.5,30.4,24.5,2.94,0.422,Vizianagaram,AP
2020-08-21,6.9,31.1,25.3,3.85,0.413,Vizianagaram,AP
2020-08-22,0.6,30.6,25.9,3.51,0.405,Vizianagaram,AP
2020-08-23,3.9,30.9,25.8,4.0,0.403,Vizianagaram,AP
2020-08-24,14.2,31.9,25.8,3.71,0.404,Vizianagaram,AP
2020-08-25,4.0,32.4,26.0,3.24,0.397,Vizianagaram,AP
2020-08-26,6.2,30.1,25.6,1.99,0.406,Vizianagaram,AP
2020-08-27,1.6,32.5,25.3,4.06,0.392,Vizianagaram,AP
2020-08-28,0.4,33.1,24.3,5.2,0.375,Vizianagaram,AP
2020-08-29,2.5,32.9,25.3,4.91,0.367,Vizianagaram,AP
2020-08-30,2.5,33.6,25.6,4.65,0.357,Vizianagaram,AP
2020-08-31,1.8,33.5,25.6,4.83,0.356,Vizianagaram,AP
2020-09-01,13.4,34.1,25.6,3.79,0.391,Vizianagaram,AP
2020-09-02,22.7,30.4,24.7,2.91,0.419,Vizianagaram,AP
2020-09-03,4.0,30.2,24.9,4.19,0.403,Vizianagaram,AP
2020-09-04,5.0,31.4,24.9,4.33,0.396,Vizianagaram,AP
2020-09-05,2.1,32.3,25.0,4.76,0.382,Vizianagaram,AP
2020-09-06,2.3,31.9,26.0,4.45,0.376,Vizianagaram,AP
2020-09-07,1.0,33.1,25.3,4.76,0.367,Vizianagaram,AP
2020-09-08,0.9,33.0,25.5,4.75,0.345,Vizianagaram,AP
2020-09-09,0.9,32.4,25.7,4.66,0.338,Vizianagaram,AP
2020-09-10,2.8,33.1,25.3,4.67,0.332,Vizianagaram,AP
2020-09-11,5.0,32.2,25.9,4.04,0.34,Vizianagaram,AP
2020-09-12,16.6,31.9,25.6,3.75,0.366,Vizianagaram,AP
2020-09-13,11.8,30.0,25.3,3.3,0.393,Vizianagaram,AP
2020-09-14,18.2,30.1,25.3,3.18,0.41,Vizianagaram,AP
2020-09-15,9.3,31.0,25.1,3.4,0.407,Vizianagaram,AP
2020-09-16,10.4,30.3,25.4,3.26,0.409,Vizianagaram,AP
2020-09-17,3.5,31.2,25.2,3.84,0.401,Vizianagaram,AP
2020-09-18,10.4,32.8,25.0,4.25,0.401,Vizianagaram,AP
2020-09-19,4.2,32.7,25.1,4.5,0.403,Vizianagaram,AP
2020-09-20,51.7,31.5,25.2,2.43,0.417,Vizianagaram,AP
2020-09-21,5.9,30.8,24.6,2.57,0.413,Vizianagaram,AP
2020-09-22,0.4,31.6,25.6,4.97,0.391,Vizianagaram,AP
2020-09-23,0.9,32.5,25.8,4.58,0.378,Vizianagaram,AP
2020-09-24,0.5,33.7,26.1,5.04,0.364,Vizianagaram,AP
2020-09-25,31.1,31.5,25.8,3.18,0.384,Vizianagaram,AP
2020-09-26,8.9,29.7,24.7,2.43,0.403,Vizianagaram,AP
2020-09-27,0.2,32.9,24.5,4.34,0.381,Vizianagaram,AP
2020-09-28,0.4,34.0,24.4,4.71,0.36,Vizianagaram,AP
2020-09-29,0.2,33.6,24.9,4.07,0.34,Vizianagaram,AP
2020-09-30,35.7,27.0,24.6,1.15,0.415,Vizianagaram,AP
2020-10-01,3.3,28.7,24.0,2.04,0.421,Vizianagaram,AP
2020-10-02,1.2,31.1,23.3,3.06,0.402,Vizianagaram,AP
2020-10-03,30.4,31.7,24.4,3.16,0.409,Vizianagaram,AP
2020-10-04,12.0,30.3,24.1,2.64,0.42,Vizianagaram,AP
2020-10-05,17.5,30.5,24.2,3.2,0.424,Vizianagaram,AP
2020-10-06,10.3,30.5,23.9,3.28,0.421,Vizianagaram,AP
2020-10-07,4.8,30.7,24.2,3.72,0.412,Vizianagaram,AP
2020-10-08,9.2,30.8,25.0,3.45,0.412,Vizianagaram,AP
2020-10-09,7.5,30.9,24.8,3.63,0.404,Vizianagaram,AP
2020-10-10,20.7,32.6,24.8,2.83,0.412,Vizianagaram,AP
2020-10-11,11.8,29.9,24.4,3.08,0.422,Vizianagaram,AP
2020-10-12,28.5,27.7,24.5,1.4,0.427,Vizianagaram,AP
2020-10-13,55.7,29.1,24.4,2.01,0.426,Vizianagaram,AP
2020-10-14,17.3,28.5,24.2,2.02,0.426,Vizianagaram,AP
2020-10-15,20.3,29.5,23.7,2.37,0.424,Vizianagaram,AP
2020-10-16,7.1,29.9,24.1,3.36,0.418,Vizianagaram,AP
2020-10-17,1.9,30.8,24.5,3.55,0.411,Vizianagaram,AP
2020-10-18,5.3,32.4,24.2,4.09,0.397,Vizianagaram,AP
2020-10-19,26.2,29.6,24.2,2.1,0.425,Vizianagaram,AP
2020-10-20,8.8,31.0,24.5,3.28,0.416,Vizianagaram,AP
2020-10-21,2.7,30.8,24.6,2.53,0.406,Vizianagaram,AP
2020-10-22,1.2,30.5,24.8,1.8,0.401,Vizianagaram,AP
2020-10-23,0.0,34.0,22.6,4.07,0.384,Vizianagaram,AP
2020-10-24,0.0,33.6,22.8,4.37,0.367,Vizianagaram,AP
2020-10-25,0.0,32.8,22.0,4.21,0.353,Vizianagaram,AP
2020-10-26,0.5,30.8,22.0,3.64,0.335,Vizianagaram,AP
2020-10-27,0.0,31.9,22.7,4.04,0.32,Vizianagaram,AP
2020-10-28,0.0,31.7,23.1,3.92,0.312,Vizianagaram,AP
2020-10-29,0.0,32.3,21.2,4.71,0.301,Vizianagaram,AP
2020-10-30,0.0,32.8,21.4,4.82,0.291,Vizianagaram,AP
2020-10-31,0.0,33.0,21.1,4.53,0.286,Vizianagaram,AP
2020-11-01,0.0,33.4,22.6,4.18,0.28,Vizianagaram,AP
2020-11-02,1.0,33.5,22.9,4.32,0.273,Vizianagaram,AP
2020-11-03,2.5,31.8,23.9,3.74,0.269,Vizianagaram,AP
2020-11-04,7.9,32.0,23.7,3.48,0.289,Vizianagaram,AP
2020-11-05,2.3,31.0,23.3,3.47,0.307,Vizianagaram,AP
2020-11-06,0.0,31.1,23.2,3.92,0.293,Vizianagaram,AP
2020-11-07,0.1,31.3,22.4,3.89,0.274,Vizianagaram,AP
2020-11-08,0.0,30.9,20.2,4.68,0.258,Vizianagaram,AP
2020-11-09,0.0,30.3,17.7,4.59,0.252,Vizianagaram,AP
2020-11-10,0.3,30.3,18.6,4.64,0.247,Vizianagaram,AP
2020-11-11,12.7,26.4,22.0,1.46,0.294,Vizianagaram,AP
2020-11-12,2.7,29.3,22.7,3.12,0.356,Vizianagaram,AP
2020-11-13,0.0,31.4,22.0,4.39,0.32,Vizianagaram,AP
2020-11-14,0.0,31.1,20.9,4.82,0.296,Vizianagaram,AP
2020-11-15,0.0,30.8,21.2,4.38,0.276,Vizianagaram,AP
2020-11-16,0.0,31.3,21.6,4.26,0.259,Vizianagaram,AP
2020-11-17,0.0,31.7,20.6,4.08,0.247,Vizianagaram,AP
2020-11-18,0.0,31.1,19.5,3.85,0.234,Vizianagaram,AP
2020-11-19,0.0,32.1,21.8,3.81,0.225,Vizianagaram,AP
2020-11-20,0.0,32.1,20.5,3.79,0.223,Vizianagaram,AP
2020-11-21,0.2,32.6,20.4,3.72,0.22,Vizianagaram,AP
2020-11-22,6.2,30.4,23.2,3.53,0.229,Vizianagaram,AP
2020-11-23,0.1,30.1,21.8,3.72,0.273,Vizianagaram,AP
2020-11-24,0.0,29.7,20.6,4.06,0.26,Vizianagaram,AP
2020-11-25,0.4,27.7,20.1,3.24,0.254,Vizianagaram,AP
2020-11-26,82.8,21.7,19.7,0.87,0.379,Vizianagaram,AP
2020-11-27,71.8,23.6,19.5,1.73,0.422,Vizianagaram,AP
2020-11-28,2.1,26.8,19.1,2.72,0.398,Vizianagaram,AP
2020-11-29,0.0,29.3,19.3,4.02,0.375,Vizianagaram,AP
2020-11-30,0.0,29.5,17.8,3.78,0.354,Vizianagaram,AP
2020-12-01,0.0,28.8,17.8,3.71,0.337,Vizianagaram,AP
2020-12-02,0.0,28.9,17.1,3.76,0.325,Vizianagaram,AP
2020-12-03,0.0,29.4,17.7,3.7,0.317,Vizianagaram,AP
2020-12-04,0.0,28.9,19.0,3.59,0.307,Vizianagaram,AP
2020-12-05,0.0,29.2,18.7,3.58,0.294,Vizianagaram,AP
2020-12-06,0.0,28.8,17.6,3.77,0.281,Vizianagaram,AP
2020-12-07,0.0,29.6,16.6,3.87,0.269,Vizianagaram,AP
2020-12-08,0.0,30.0,15.7,3.7,0.255,Vizianagaram,AP
2020-12-09,0.0,30.7,15.3,3.75,0.241,Vizianagaram,AP
2020-12-10,0.0,29.8,16.3,3.67,0.228,Vizianagaram,AP
2020-12-11,0.0,30.0,16.3,3.48,0.219,Vizianagaram,AP
2020-12-12,0.0,28.9,16.3,3.46,0.213,Vizianagaram,AP
2020-12-13,0.0,28.8,16.4,3.43,0.2,Vizianagaram,AP
2020-12-14,0.0,29.3,17.8,3.47,0.19,Vizianagaram,AP
2020-12-15,0.0,29.0,19.8,3.27,0.187,Vizianagaram,AP
2020-12-16,0.1,29.5,20.0,3.5,0.187,Vizianagaram,AP
2020-12-17,0.0,30.1,19.4,3.51,0.182,Vizianagaram,AP
2020-12-18,0.4,29.3,20.2,3.14,0.181,Vizianagaram,AP
2020-12-19,0.1,29.1,19.3,3.59,0.184,Vizianagaram,AP
2020-12-20,0.0,28.0,16.5,3.69,0.186,Vizianagaram,AP
2020-12-21,0.0,27.9,14.8,3.9,0.192,Vizianagaram,AP
2020-12-22,0.0,28.1,14.5,3.79,0.192,Vizianagaram,AP
2020-12-23,0.0,27.7,14.2,3.61,0.192,Vizianagaram,AP
2020-12-24,0.0,27.9,14.6,3.61,0.191,Vizianagaram,AP
2020-12-25,0.0,28.4,15.7,3.48,0.191,Vizianagaram,AP
2020-12-26,0.0,28.1,16.3,3.45,0.194,Vizianagaram,AP
2020-12-27,0.0,28.4,15.8,3.43,0.193,Vizianagaram,AP
2020-12-28,0.0,28.3,16.4,3.42,0.193,Vizianagaram,AP
2020-12-29,0.0,28.5,17.0,3.53,0.187,Vizianagaram,AP
2020-12-30,0.0,28.2,17.0,3.52,0.179,Vizianagaram,AP
2020-12-31,0.0,28.2,17.1,3.67,0.175,Vizianagaram,AP
2021-01-01,0.0,28.2,17.1,3.66,0.171,Vizianagaram,AP
2021-01-02,0.0,27.6,16.0,3.54,0.168,Vizianagaram,AP
2021-01-03,0.0,28.9,16.6,3.6,0.165,Vizianagaram,AP
2021-01-04,0.0,28.0,15.6,3.48,0.162,Vizianagaram,AP
2021-01-05,0.0,29.3,18.2,3.62,0.158,Vizianagaram,AP
2021-01-06,0.0,29.5,19.3,3.44,0.152,Vizianagaram,AP
2021-01-07,0.0,29.6,18.3,2.75,0.144,Vizianagaram,AP
2021-01-08,0.0,31.4,18.8,3.74,0.137,Vizianagaram,AP
2021-01-09,0.0,31.3,17.4,4.03,0.133,Vizianagaram,AP
2021-01-10,0.0,31.7,17.5,3.86,0.13,Vizianagaram,AP
2021-01-11,0.0,32.7,17.4,3.83,0.126,Vizianagaram,AP
2021-01-12,0.0,31.7,18.3,3.93,0.122,Vizianagaram,AP
2021-01-13,0.0,30.8,17.5,3.72,0.12,Vizianagaram,AP
2021-01-14,0.0,31.1,18.6,3.75,0.122,Vizianagaram,AP
2021-01-15,0.0,30.2,20.0,3.65,0.124,Vizianagaram,AP
2021-01-16,0.0,30.7,18.6,3.73,0.124,Vizianagaram,AP
2021-01-17,0.1,29.5,18.9,3.49,0.126,Vizianagaram,AP
2021-01-18,0.4,27.8,19.5,3.03,0.13,Vizianagaram,AP
2021-01-19,0.0,30.2,16.7,3.77,0.129,Vizianagaram,AP
2021-01-20,0.0,31.3,17.7,4.02,0.13,Vizianagaram,AP
2021-01-21,0.0,32.9,18.2,4.04,0.132,Vizianagaram,AP
2021-01-22,0.0,29.4,20.9,3.4,0.131,Vizianagaram,AP
2021-01-23,0.0,30.2,21.0,3.46,0.134,Vizianagaram,AP
2021-01-24,0.0,31.0,19.6,3.91,0.135,Vizianagaram,AP
2021-01-25,0.0,30.3,20.6,4.01,0.134,Vizianagaram,AP
2021-01-26,0.1,30.9,20.1,3.78,0.131,Vizianagaram,AP
2021-01-27,0.8,28.5,19.6,3.27,0.13,Vizianagaram,AP
2021-01-28,1.4,27.5,21.4,2.76,0.142,Vizianagaram,AP
2021-01-29,1.2,28.8,21.1,3.2,0.152,Vizianagaram,AP
2021-01-30,0.2,29.7,20.1,3.27,0.159,Vizianagaram,AP
2021-01-31,10.5,27.7,20.5,2.96,0.23,Vizianagaram,AP
2021-02-01,0.4,28.1,19.7,3.53,0.219,Vizianagaram,AP
2021-02-02,0.0,29.1,18.2,4.2,0.208,Vizianagaram,AP
2021-02-03,0.0,30.1,16.2,4.34,0.198,Vizianagaram,AP
2021-02-04,0.0,29.8,14.9,4.37,0.185,Vizianagaram,AP
2021-02-05,0.0,29.3,15.0,4.34,0.175,Vizianagaram,AP
2021-02-06,0.0,31.1,15.0,4.49,0.163,Vizianagaram,AP
2021-02-07,0.0,30.7,15.5,4.5,0.158,Vizianagaram,AP
2021-02-08,0.0,30.4,17.9,4.44,0.153,Vizianagaram,AP
2021-02-09,0.0,30.1,15.6,4.31,0.15,Vizianagaram,AP
2021-02-10,0.0,30.1,16.2,4.42,0.147,Vizianagaram,AP
2021-02-11,0.0,30.0,17.1,4.45,0.143,Vizianagaram,AP
2021-02-12,0.0,30.7,16.4,4.51,0.138,Vizianagaram,AP
2021-02-13,0.0,31.4,16.4,4.75,0.136,Vizianagaram,AP
2021-02-14,0.0,31.2,16.1,4.81,0.134,Vizianagaram,AP
2021-02-15,0.0,33.8,17.9,4.91,0.133,Vizianagaram,AP
2021-02-16,0.0,33.2,18.5,4.98,0.131,Vizianagaram,AP
2021-02-17,0.0,32.3,18.8,4.54,0.131,Vizianagaram,AP
2021-02-18,0.0,30.6,19.9,4.24,0.134,Vizianagaram,AP
2021-02-19,0.0,29.4,19.7,3.51,0.136,Vizianagaram,AP
2021-02-20,1.5,27.5,20.3,2.55,0.141,Vizianagaram,AP
2021-02-21,0.0,30.3,19.0,4.8,0.148,Vizianagaram,AP
2021-02-22,0.0,32.6,18.3,5.09,0.143,Vizianagaram,AP
2021-02-23,0.0,33.0,16.0,5.08,0.14,Vizianagaram,AP
2021-02-24,0.0,33.3,17.0,5.19,0.139,Vizianagaram,AP
2021-02-25,0.0,34.5,18.8,5.24,0.138,Vizianagaram,AP
2021-02-26,0.0,35.7,18.6,5.39,0.138,Vizianagaram,AP
2021-02-27,0.0,35.5,20.2,4.76,0.141,Vizianagaram,AP
2021-02-28,0.0,35.1,20.3,4.63,0.147,Vizianagaram,AP
2021-03-01,0.0,34.8,21.0,4.76,0.148,Vizianagaram,AP
2021-03-02,0.0,35.8,21.0,5.28,0.148,Vizianagaram,AP
2021-03-03,0.0,35.6,19.5,5.6,0.146,Vizianagaram,AP
2021-03-04,0.0,34.8,18.4,5.56,0.134,Vizianagaram,AP
2021-03-05,0.0,35.6,20.5,6.5,0.132,Vizianagaram,AP
2021-03-06,0.0,36.4,21.6,6.29,0.13,Vizianagaram,AP
2021-03-07,0.0,35.8,21.3,5.14,0.132,Vizianagaram,AP
2021-03-08,0.0,33.5,20.3,4.65,0.139,Vizianagaram,AP
2021-03-09,0.0,34.5,21.3,5.47,0.142,Vizianagaram,AP
2021-03-10,0.0,35.1,21.7,5.27,0.149,Vizianagaram,AP
2021-03-11,0.0,35.1,23.6,4.84,0.154,Vizianagaram,AP
2021-03-12,0.0,33.8,21.9,5.07,0.154,Vizianagaram,AP
2021-03-13,0.0,34.5,19.1,5.14,0.155,Vizianagaram,AP
2021-03-14,0.1,33.3,21.7,4.58,0.149,Vizianagaram,AP
2021-03-15,0.1,33.9,22.5,4.87,0.15,Vizianagaram,AP
2021-03-16,0.0,34.8,22.9,4.97,0.147,Vizianagaram,AP
2021-03-17,0.0,35.0,21.4,4.96,0.142,Vizianagaram,AP
2021-03-18,0.0,34.8,22.0,5.17,0.139,Vizianagaram,AP
2021-03-19,0.0,35.9,21.5,5.81,0.137,Vizianagaram,AP
2021-03-20,0.0,37.2,21.1,5.57,0.141,Vizianagaram,AP
2021-03-21,0.0,37.0,23.3,5.4,0.141,Vizianagaram,AP
2021-03-22,0.0,36.0,24.2,4.23,0.146,Vizianagaram,AP
2021-03-23,0.0,37.8,22.2,6.26,0.144,Vizianagaram,AP
2021-03-24,0.0,37.0,20.5,6.21,0.148,Vizianagaram,AP
2021-03-25,0.0,37.0,21.4,5.86,0.146,Vizianagaram,AP
2021-03-26,0.0,36.8,22.1,5.64,0.139,Vizianagaram,AP
2021-03-27,0.0,36.0,23.4,5.39,0.138,Vizianagaram,AP
2021-03-28,2.5,37.0,23.7,5.21,0.143,Vizianagaram,AP
2021-03-29,0.0,38.4,23.6,5.94,0.145,Vizianagaram,AP
2021-03-30,0.0,38.0,24.9,6.2,0.15,Vizianagaram,AP
2021-03-31,0.0,42.2,24.6,7.02,0.152,Vizianagaram,AP
2021-04-01,0.0,38.9,22.3,6.21,0.147,Vizianagaram,AP
2021-04-02,0.0,36.3,25.4,5.29,0.146,Vizianagaram,AP
2021-04-03,3.7,32.9,26.5,4.19,0.156,Vizianagaram,AP
2021-04-04,0.3,35.7,24.9,5.03,0.154,Vizianagaram,AP
2021-04-05,0.0,35.9,24.9,5.15,0.153,Vizianagaram,AP
2021-04-06,0.0,33.3,22.9,5.3,0.15,Vizianagaram,AP
2021-04-07,0.0,34.6,23.9,5.6,0.149,Vizianagaram,AP
2021-04-08,2.6,35.3,25.0,5.77,0.161,Vizianagaram,AP
2021-04-09,2.9,33.7,24.8,5.01,0.183,Vizianagaram,AP
2021-04-10,0.4,33.9,24.6,4.93,0.181,Vizianagaram,AP
2021-04-11,0.1,34.4,24.0,5.33,0.175,Vizianagaram,AP
2021-04-12,0.7,35.0,24.7,5.08,0.175,Vizianagaram,AP
2021-04-13,0.1,35.3,24.9,5.06,0.176,Vizianagaram,AP
2021-04-14,1.2,34.7,25.5,5.28,0.182,Vizianagaram,AP
2021-04-15,0.2,35.7,25.0,4.01,0.177,Vizianagaram,AP
2021-04-16,0.1,35.5,24.5,5.28,0.168,Vizianagaram,AP
2021-04-17,0.1,35.6,24.5,5.49,0.162,Vizianagaram,AP
2021-04-18,0.0,35.3,25.4,5.36,0.157,Vizianagaram,AP
2021-04-19,0.0,36.7,25.1,5.37,0.153,Vizianagaram,AP
2021-04-20,1.8,35.0,26.6,5.17,0.153,Vizianagaram,AP
2021-04-21,1.0,35.7,25.8,5.4,0.147,Vizianagaram,AP
2021-04-22,0.8,36.6,26.0,5.07,0.146,Vizianagaram,AP
2021-04-23,1.2,36.4,26.1,4.99,0.161,Vizianagaram,AP
2021-04-24,0.0,35.9,25.2,5.39,0.192,Vizianagaram,AP
2021-04-25,0.0,37.5,25.5,5.99,0.181,Vizianagaram,AP
2021-04-26,0.2,37.3,25.0,5.72,0.174,Vizianagaram,AP
2021-04-27,0.8,36.7,25.6,5.75,0.176,Vizianagaram,AP
2021-04-28,0.0,36.7,26.1,5.82,0.169,Vizianagaram,AP
2021-04-29,0.0,34.9,26.1,5.25,0.162,Vizianagaram,AP
2021-04-30,0.9,34.0,25.7,4.91,0.158,Vizianagaram,AP
2021-05-01,0.9,33.5,25.3,5.41,0.158,Vizianagaram,AP
2021-05-02,0.4,36.2,25.5,5.68,0.151,Vizianagaram,AP
2021-05-03,1.5,34.4,26.1,4.34,0.151,Vizianagaram,AP
2021-05-04,3.4,34.9,25.7,5.23,0.164,Vizianagaram,AP
2021-05-05,0.2,34.2,25.0,5.53,0.181,Vizianagaram,AP
2021-05-06,0.2,34.8,26.2,5.61,0.179,Vizianagaram,AP
2021-05-07,0.1,34.3,26.0,5.4,0.17,Vizianagaram,AP
2021-05-08,0.2,35.3,26.0,5.13,0.166,Vizianagaram,AP
2021-05-09,0.5,34.6,26.3,5.06,0.162,Vizianagaram,AP
2021-05-10,0.4,36.7,26.4,5.72,0.157,Vizianagaram,AP
2021-05-11,1.3,36.8,27.4,5.63,0.164,Vizianagaram,AP
2021-05-12,0.0,36.4,26.0,6.03,0.188,Vizianagaram,AP
2021-05-13,0.4,36.9,27.1,5.94,0.184,Vizianagaram,AP
2021-05-14,1.1,35.0,27.4,5.2,0.182,Vizianagaram,AP
2021-05-15,0.9,34.2,26.8,5.02,0.179,Vizianagaram,AP
2021-05-16,1.9,33.5,26.7,4.84,0.19,Vizianagaram,AP
2021-05-17,1.7,33.9,26.3,4.99,0.204,Vizianagaram,AP
2021-05-18,0.6,35.1,26.5,5.48,0.203,Vizianagaram,AP
2021-05-19,0.0,36.3,27.0,6.23,0.19,Vizianagaram,AP
2021-05-20,0.0,36.3,27.7,6.35,0.176,Vizianagaram,AP
2021-05-21,5.9,37.7,26.9,5.24,0.185,Vizianagaram,AP
2021-05-22,7.0,34.7,26.0,3.37,0.217,Vizianagaram,AP
2021-05-23,0.1,38.2,25.7,4.51,0.211,Vizianagaram,AP
2021-05-24,0.0,37.3,26.5,4.18,0.209,Vizianagaram,AP
2021-05-25,0.0,34.7,27.1,3.62,0.222,Vizianagaram,AP
2021-05-26,0.0,37.9,26.2,6.63,0.22,Vizianagaram,AP
2021-05-27,0.0,41.5,23.8,7.51,0.209,Vizianagaram,AP
2021-05-28,0.0,38.8,25.8,6.02,0.198,Vizianagaram,AP
2021-05-29,1.5,37.0,28.7,5.6,0.191,Vizianagaram,AP
2021-05-30,0.2,36.6,28.4,3.92,0.182,Vizianagaram,AP
2021-05-31,0.4,39.3,29.5,5.6,0.177,Vizianagaram,AP
2021-06-01,0.3,37.7,28.2,5.77,0.177,Vizianagaram,AP
2021-06-02,10.9,34.8,26.2,4.5,0.249,Vizianagaram,AP
2021-06-03,3.1,34.0,25.8,4.84,0.324,Vizianagaram,AP
2021-06-04,0.2,35.7,26.5,5.79,0.302,Vizianagaram,AP
2021-06-05,0.4,36.0,27.2,6.12,0.263,Vizianagaram,AP
2021-06-06,0.0,37.0,27.1,6.49,0.236,Vizianagaram,AP
2021-06-07,0.0,37.9,27.0,6.41,0.217,Vizianagaram,AP
2021-06-08,6.8,37.9,28.3,5.29,0.222,Vizianagaram,AP
2021-06-09,5.2,36.0,28.3,5.58,0.221,Vizianagaram,AP
2021-06-10,6.7,31.6,26.3,2.09,0.275,Vizianagaram,AP
2021-06-11,7.3,32.2,25.3,3.38,0.337,Vizianagaram,AP
2021-06-12,16.0,30.6,24.8,2.69,0.365,Vizianagaram,AP
2021-06-13,4.2,35.0,25.1,4.23,0.326,Vizianagaram,AP
2021-06-14,10.1,32.9,24.8,3.16,0.36,Vizianagaram,AP
2021-06-15,0.1,34.8,27.0,4.83,0.315,Vizianagaram,AP
2021-06-16,0.4,34.8,27.0,5.97,0.284,Vizianagaram,AP
2021-06-17,6.9,33.7,25.9,4.36,0.272,Vizianagaram,AP
2021-06-18,9.6,31.7,25.4,2.7,0.346,Vizianagaram,AP
2021-06-19,1.0,34.3,27.6,3.87,0.308,Vizianagaram,AP
2021-06-20,0.0,36.1,27.5,5.53,0.283,Vizianagaram,AP
2021-06-21,0.2,36.5,26.7,5.31,0.261,Vizianagaram,AP
2021-06-22,0.0,35.0,26.1,3.87,0.241,Vizianagaram,AP
2021-06-23,7.4,34.3,27.4,4.35,0.288,Vizianagaram,AP
2021-06-24,0.1,37.0,26.0,6.28,0.325,Vizianagaram,AP
2021-06-25,1.1,35.0,26.3,5.12,0.306,Vizianagaram,AP
2021-06-26,6.6,33.0,26.8,4.37,0.318,Vizianagaram,AP
2021-06-27,12.1,31.5,25.4,4.37,0.371,Vizianagaram,AP
2021-06-28,1.1,32.4,25.4,4.72,0.347,Vizianagaram,AP
2021-06-29,0.3,34.6,26.1,5.79,0.318,Vizianagaram,AP
2021-06-30,1.1,34.7,27.2,5.72,0.307,Vizianagaram,AP
2021-07-01,10.5,33.3,27.2,4.7,0.348,Vizianagaram,AP
2021-07-02,3.2,33.3,27.1,4.15,0.358,Vizianagaram,AP
2021-07-03,11.1,34.9,25.7,3.93,0.37,Vizianagaram,AP
2021-07-04,14.4,34.3,25.9,3.77,0.388,Vizianagaram,AP
2021-07-05,6.0,33.2,25.8,3.58,0.395,Vizianagaram,AP
2021-07-06,8.9,33.1,26.2,4.62,0.379,Vizianagaram,AP
2021-07-07,10.4,33.6,26.1,4.12,0.397,Vizianagaram,AP
2021-07-08,6.4,32.0,26.5,3.06,0.393,Vizianagaram,AP
2021-07-09,7.9,33.3,25.5,4.57,0.396,Vizianagaram,AP
2021-07-10,21.7,32.7,26.1,4.3,0.395,Vizianagaram,AP
2021-07-11,8.6,30.4,25.2,3.98,0.413,Vizianagaram,AP
2021-07-12,17.0,29.4,24.9,3.51,0.42,Vizianagaram,AP
2021-07-13,8.1,27.6,24.5,1.67,0.413,Vizianagaram,AP
2021-07-14,7.8,30.3,24.4,3.6,0.403,Vizianagaram,AP
2021-07-15,3.7,31.1,24.6,4.37,0.395,Vizianagaram,AP
2021-07-16,5.0,31.0,25.1,4.49,0.391,Vizianagaram,AP
2021-07-17,2.6,31.0,24.7,4.61,0.376,Vizianagaram,AP
2021-07-18,5.0,31.4,25.7,4.05,0.371,Vizianagaram,AP
2021-07-19,3.3,33.2,25.5,4.99,0.366,Vizianagaram,AP
2021-07-20,21.8,33.7,25.3,4.22,0.385,Vizianagaram,AP
2021-07-21,6.1,29.7,25.8,2.56,0.408,Vizianagaram,AP
2021-07-22,8.7,31.0,24.5,3.37,0.401,Vizianagaram,AP
2021-07-23,5.1,29.6,24.8,2.89,0.395,Vizianagaram,AP
2021-07-24,0.3,34.0,24.7,5.19,0.386,Vizianagaram,AP
2021-07-25,1.8,34.1,26.8,4.63,0.372,Vizianagaram,AP
2021-07-26,0.0,35.7,26.8,5.63,0.362,Vizianagaram,AP
2021-07-27,0.0,33.7,27.8,4.2,0.348,Vizianagaram,AP
2021-07-28,1.4,34.8,26.8,5.0,0.336,Vizianagaram,AP
2021-07-29,7.4,31.0,25.4,2.5,0.379,Vizianagaram,AP
2021-07-30,4.4,32.2,25.0,3.66,0.379,Vizianagaram,AP
2021-07-31,0.3,33.2,25.6,4.54,0.346,Vizianagaram,AP
2021-08-01,0.4,35.2,25.8,5.48,0.328,Vizianagaram,AP
2021-08-02,0.0,35.2,26.3,5.36,0.312,Vizianagaram,AP
2021-08-03,6.1,33.0,26.4,3.2,0.332,Vizianagaram,AP
2021-08-04,0.0,36.1,26.5,5.1,0.327,Vizianagaram,AP
2021-08-05,3.1,33.5,27.0,4.31,0.312,Vizianagaram,AP
2021-08-06,0.9,33.6,26.4,4.52,0.298,Vizianagaram,AP
2021-08-07,1.7,32.8,24.7,4.57,0.308,Vizianagaram,AP
2021-08-08,0.3,33.8,26.0,5.29,0.327,Vizianagaram,AP
2021-08-09,4.6,34.5,26.6,5.0,0.314,Vizianagaram,AP
2021-08-10,1.2,35.5,27.0,5.22,0.311,Vizianagaram,AP
2021-08-11,2.8,35.6,26.7,5.08,0.317,Vizianagaram,AP
2021-08-12,17.8,33.9,26.7,4.33,0.354,Vizianagaram,AP
2021-08-13,17.4,34.2,25.8,4.49,0.375,Vizianagaram,AP
2021-08-14,25.7,34.0,25.1,4.62,0.391,Vizianagaram,AP
2021-08-15,79.3,33.6,25.3,3.45,0.421,Vizianagaram,AP
2021-08-16,27.2,31.4,25.2,2.99,0.42,Vizianagaram,AP
2021-08-17,7.8,29.9,25.3,2.68,0.414,Vizianagaram,AP
2021-08-18,0.7,32.3,24.9,4.42,0.397,Vizianagaram,AP
2021-08-19,6.2,31.8,25.0,4.45,0.387,Vizianagaram,AP
2021-08-20,6.2,31.3,25.1,3.8,0.399,Vizianagaram,AP
2021-08-21,4.8,30.2,24.7,3.96,0.402,Vizianagaram,AP
2021-08-22,0.6,32.2,23.8,5.08,0.383,Vizianagaram,AP
2021-08-23,0.5,33.1,25.0,5.1,0.364,Vizianagaram,AP
2021-08-24,0.4,32.9,25.3,4.96,0.362,Vizianagaram,AP
2021-08-25,5.2,33.4,25.7,4.86,0.361,Vizianagaram,AP
2021-08-26,3.2,34.8,25.7,4.58,0.355,Vizianagaram,AP
2021-08-27,21.6,32.6,25.8,2.92,0.377,Vizianagaram,AP
2021-08-28,11.8,32.7,24.7,4.07,0.398,Vizianagaram,AP
2021-08-29,27.9,31.2,24.7,3.49,0.408,Vizianagaram,AP
2021-08-30,14.3,29.2,24.2,2.81,0.418,Vizianagaram,AP
2021-08-31,17.9,29.2,24.4,3.5,0.424,Vizianagaram,AP
2021-09-01,7.0,30.7,23.9,3.93,0.411,Vizianagaram,AP
2021-09-02,1.9,31.5,23.9,4.6,0.396,Vizianagaram,AP
2021-09-03,1.4,31.9,24.4,4.73,0.381,Vizianagaram,AP
2021-09-04,1.6,32.9,24.0,4.81,0.367,Vizianagaram,AP
2021-09-05,52.5,33.0,24.3,3.84,0.386,Vizianagaram,AP
2021-09-06,83.4,26.7,24.0,0.82,0.43,Vizianagaram,AP
2021-09-07,3.2,29.9,24.3,2.98,0.418,Vizianagaram,AP
2021-09-08,0.6,32.7,24.7,4.84,0.396,Vizianagaram,AP
2021-09-09,12.4,32.9,25.7,4.24,0.387,Vizianagaram,AP
2021-09-10,30.2,30.0,24.8,2.23,0.423,Vizianagaram,AP
2021-09-11,15.6,30.6,24.8,3.01,0.417,Vizianagaram,AP
2021-09-12,9.1,30.0,24.8,2.37,0.419,Vizianagaram,AP
2021-09-13,16.0,29.9,25.1,2.11,0.424,Vizianagaram,AP
2021-09-14,2.6,31.7,25.9,3.55,0.406,Vizianagaram,AP
2021-09-15,1.4,32.0,26.7,4.41,0.398,Vizianagaram,AP
2021-09-16,1.7,32.9,24.9,4.56,0.39,Vizianagaram,AP
2021-09-17,0.2,33.6,24.3,4.82,0.372,Vizianagaram,AP
2021-09-18,0.8,33.4,25.0,4.35,0.359,Vizianagaram,AP
2021-09-19,16.2,33.4,25.1,3.93,0.382,Vizianagaram,AP
2021-09-20,0.4,31.5,24.7,3.18,0.387,Vizianagaram,AP
2021-09-21,3.5,31.8,25.0,3.37,0.376,Vizianagaram,AP
2021-09-22,6.9,31.4,24.8,3.95,0.362,Vizianagaram,AP
2021-09-23,12.1,30.4,24.7,2.85,0.393,Vizianagaram,AP
2021-09-24,8.0,31.4,24.0,3.84,0.385,Vizianagaram,AP
2021-09-25,9.6,31.6,24.5,3.67,0.388,Vizianagaram,AP
2021-09-26,87.6,27.3,24.7,0.9,0.422,Vizianagaram,AP
2021-09-27,82.0,27.2,25.0,1.11,0.43,Vizianagaram,AP
2021-09-28,16.0,29.1,24.3,2.56,0.425,Vizianagaram,AP
2021-09-29,4.1,29.9,23.4,3.5,0.415,Vizianagaram,AP
2021-09-30,8.6,31.3,24.3,3.88,0.408,Vizianagaram,AP
2021-10-01,1.9,31.5,24.2,4.2,0.391,Vizianagaram,AP
2021-10-02,3.1,31.9,24.6,4.01,0.381,Vizianagaram,AP
2021-10-03,1.2,32.0,24.8,4.13,0.364,Vizianagaram,AP
2021-10-04,6.2,31.8,24.1,3.93,0.372,Vizianagaram,AP
2021-10-05,0.3,31.8,24.3,4.41,0.362,Vizianagaram,AP
2021-10-06,2.8,30.7,24.9,3.85,0.351,Vizianagaram,AP
2021-10-07,0.4,32.5,24.2,4.48,0.336,Vizianagaram,AP
2021-10-08,2.0,33.3,24.8,4.37,0.324,Vizianagaram,AP
2021-10-09,1.5,33.7,25.9,3.91,0.323,Vizianagaram,AP
2021-10-10,0.8,33.7,25.8,4.47,0.348,Vizianagaram,AP
2021-10-11,0.1,33.5,25.1,4.51,0.33,Vizianagaram,AP
2021-10-12,8.6,31.9,25.1,3.49,0.335,Vizianagaram,AP
2021-10-13,3.8,32.8,24.3,3.41,0.35,Vizianagaram,AP
2021-10-14,1.5,34.2,24.8,3.65,0.346,Vizianagaram,AP
2021-10-15,70.4,26.8,24.1,1.03,0.413,Vizianagaram,AP
2021-10-16,38.7,27.0,24.1,1.53,0.424,Vizianagaram,AP
2021-10-17,8.1,30.8,23.7,2.76,0.415,Vizianagaram,AP
2021-10-18,3.1,31.9,23.4,3.42,0.399,Vizianagaram,AP
2021-10-19,5.8,32.4,24.8,3.29,0.385,Vizianagaram,AP
2021-10-20,3.9,31.8,24.6,3.53,0.379,Vizianagaram,AP
2021-10-21,12.9,32.8,24.1,3.9,0.377,Vizianagaram,AP
2021-10-22,10.6,32.4,23.8,3.85,0.383,Vizianagaram,AP
2021-10-23,0.8,31.3,23.7,3.8,0.36,Vizianagaram,AP
2021-10-24,0.0,30.6,23.5,4.11,0.333,Vizianagaram,AP
2021-10-25,0.0,31.2,23.0,4.23,0.323,Vizianagaram,AP
2021-10-26,0.0,32.4,22.1,4.44,0.314,Vizianagaram,AP
2021-10-27,0.0,32.2,23.1,4.49,0.309,Vizianagaram,AP
2021-10-28,0.0,30.6,24.1,3.47,0.303,Vizianagaram,AP
2021-10-29,14.1,30.5,23.9,3.2,0.332,Vizianagaram,AP
2021-10-30,7.2,30.3,23.6,3.54,0.373,Vizianagaram,AP
2021-10-31,8.6,30.0,23.1,3.35,0.378,Vizianagaram,AP
2021-11-01,7.0,29.9,22.6,3.57,0.378,Vizianagaram,AP
2021-11-02,22.4,26.4,22.9,1.35,0.408,Vizianagaram,AP
2021-11-03,16.0,28.4,23.0,2.03,0.415,Vizianagaram,AP
2021-11-04,14.0,28.1,22.6,2.42,0.409,Vizianagaram,AP
2021-11-05,0.4,29.2,22.1,3.57,0.394,Vizianagaram,AP
2021-11-06,0.1,29.8,22.2,3.55,0.375,Vizianagaram,AP
2021-11-07,0.0,29.4,20.9,3.99,0.36,Vizianagaram,AP
2021-11-08,0.0,29.2,20.2,4.15,0.347,Vizianagaram,AP
2021-11-09,0.0,29.8,20.3,4.26,0.334,Vizianagaram,AP
2021-11-10,0.0,30.2,20.9,4.46,0.327,Vizianagaram,AP
2021-11-11,23.5,27.1,22.9,1.65,0.365,Vizianagaram,AP
2021-11-12,40.1,24.7,22.6,0.65,0.429,Vizianagaram,AP
2021-11-13,9.4,26.7,22.6,1.11,0.424,Vizianagaram,AP
2021-11-14,11.8,28.1,22.9,1.96,0.418,Vizianagaram,AP
2021-11-15,3.7,29.9,23.4,2.81,0.409,Vizianagaram,AP
2021-11-16,16.5,27.9,23.4,1.86,0.418,Vizianagaram,AP
2021-11-17,0.4,30.3,22.9,3.74,0.401,Vizianagaram,AP
2021-11-18,0.0,27.1,22.6,2.59,0.389,Vizianagaram,AP
2021-11-19,9.4,26.9,22.7,1.79,0.403,Vizianagaram,AP
2021-11-20,2.6,27.7,23.3,1.98,0.41,Vizianagaram,AP
2021-11-21,1.1,29.9,23.0,2.93,0.397,Vizianagaram,AP
2021-11-22,1.8,30.4,23.0,3.25,0.386,Vizianagaram,AP
2021-11-23,5.4,30.4,23.1,3.17,0.379,Vizianagaram,AP
2021-11-24,0.9,30.0,22.9,3.23,0.375,Vizianagaram,AP
2021-11-25,0.1,30.0,22.3,3.4,0.359,Vizianagaram,AP
2021-11-26,0.0,30.6,22.0,3.52,0.351,Vizianagaram,AP
2021-11-27,0.0,29.5,21.4,3.48,0.341,Vizianagaram,AP
2021-11-28,0.0,28.6,22.1,3.39,0.334,Vizianagaram,AP
2021-11-29,0.0,29.1,20.9,3.67,0.324,Vizianagaram,AP
2021-11-30,0.0,28.1,19.0,3.81,0.314,Vizianagaram,AP
2021-12-01,0.0,27.5,18.3,3.81,0.308,Vizianagaram,AP
2021-12-02,0.0,28.2,17.6,3.67,0.303,Vizianagaram,AP
2021-12-03,22.8,25.3,20.6,1.96,0.333,Vizianagaram,AP
2021-12-04,61.8,23.7,20.1,1.85,0.426,Vizianagaram,AP
2021-12-05,0.8,27.9,22.1,2.11,0.402,Vizianagaram,AP
2021-12-06,0.0,27.3,21.1,2.26,0.383,Vizianagaram,AP
2021-12-07,1.1,28.2,21.8,2.99,0.373,Vizianagaram,AP
2021-12-08,0.0,28.4,21.6,2.83,0.36,Vizianagaram,AP
2021-12-09,7.3,26.7,21.4,1.93,0.394,Vizianagaram,AP
2021-12-10,0.0,28.6,19.4,3.04,0.373,Vizianagaram,AP
2021-12-11,2.8,28.5,20.7,2.95,0.365,Vizianagaram,AP
2021-12-12,0.2,28.4,21.3,3.32,0.355,Vizianagaram,AP
2021-12-13,0.0,27.8,19.6,3.35,0.336,Vizianagaram,AP
2021-12-14,0.0,27.3,18.5,3.27,0.327,Vizianagaram,AP
2021-12-15,0.0,26.1,17.9,2.93,0.322,Vizianagaram,AP
2021-12-16,0.0,26.7,16.2,3.56,0.315,Vizianagaram,AP
2021-12-17,0.0,26.7,15.5,3.71,0.304,Vizianagaram,AP
2021-12-18,0.0,27.1,14.7,3.8,0.293,Vizianagaram,AP
2021-12-19,0.0,27.0,15.5,3.56,0.287,Vizianagaram,AP
2021-12-20,0.0,26.6,16.1,3.42,0.284,Vizianagaram,AP
2021-12-21,0.0,25.8,14.6,3.57,0.285,Vizianagaram,AP
2021-12-22,0.0,26.5,14.7,3.43,0.281,Vizianagaram,AP
2021-12-23,0.0,27.2,14.3,3.24,0.276,Vizianagaram,AP
2021-12-24,0.0,27.2,16.0,3.16,0.274,Vizianagaram,AP
2021-12-25,0.0,27.9,17.0,3.08,0.273,Vizianagaram,AP
2021-12-26,0.4,27.8,18.5,3.0,0.275,Vizianagaram,AP
2021-12-27,1.5,26.7,18.1,2.75,0.276,Vizianagaram,AP
2021-12-28,1.3,27.0,18.7,2.85,0.277,Vizianagaram,AP
2021-12-29,2.1,26.0,19.8,2.54,0.283,Vizianagaram,AP
2021-12-30,0.4,26.7,19.2,3.19,0.299,Vizianagaram,AP
2021-12-31,0.0,27.1,18.4,3.49,0.289,Vizianagaram,AP
2022-01-01,0.0,27.8,17.6,3.41,0.276,Vizianagaram,AP
2022-01-02,0.0,27.9,17.8,3.34,0.267,Vizianagaram,AP
2022-01-03,0.0,26.5,16.6,3.35,0.258,Vizianagaram,AP
2022-01-04,0.0,26.7,15.8,3.36,0.25,Vizianagaram,AP
2022-01-05,0.0,27.0,15.6,3.37,0.243,Vizianagaram,AP
2022-01-06,0.0,27.6,17.0,3.35,0.238,Vizianagaram,AP
2022-01-07,0.0,27.3,17.4,3.37,0.232,Vizianagaram,AP
2022-01-08,0.0,27.5,17.0,3.39,0.23,Vizianagaram,AP
2022-01-09,0.0,27.6,17.4,3.37,0.228,Vizianagaram,AP
2022-01-10,0.1,28.5,18.2,3.0,0.23,Vizianagaram,AP
2022-01-11,0.0,28.4,18.8,3.37,0.228,Vizianagaram,AP
2022-01-12,9.4,26.7,19.1,2.7,0.257,Vizianagaram,AP
2022-01-13,21.9,26.8,18.4,2.57,0.331,Vizianagaram,AP
2022-01-14,8.5,26.1,19.1,2.32,0.389,Vizianagaram,AP
2022-01-15,1.4,25.5,19.0,2.42,0.384,Vizianagaram,AP
2022-01-16,0.0,26.7,18.5,3.08,0.367,Vizianagaram,AP
2022-01-17,0.0,26.9,17.3,3.39,0.352,Vizianagaram,AP
2022-01-18,0.0,26.7,16.0,3.24,0.339,Vizianagaram,AP
2022-01-19,0.0,26.9,15.7,3.41,0.33,Vizianagaram,AP
2022-01-20,0.3,27.1,16.5,3.25,0.324,Vizianagaram,AP
2022-01-21,1.3,28.4,18.0,3.31,0.327,Vizianagaram,AP
2022-01-22,0.0,30.3,16.0,3.89,0.33,Vizianagaram,AP
2022-01-23,3.8,27.4,16.7,3.26,0.324,Vizianagaram,AP
2022-01-24,2.6,27.8,18.2,3.06,0.315,Vizianagaram,AP
2022-01-25,1.4,28.8,18.9,3.56,0.313,Vizianagaram,AP
2022-01-26,0.2,27.9,19.3,3.46,0.317,Vizianagaram,AP
2022-01-27,0.0,27.7,18.8,3.97,0.311,Vizianagaram,AP
2022-01-28,0.0,26.5,16.2,4.05,0.297,Vizianagaram,AP
2022-01-29,0.0,26.1,15.0,4.02,0.28,Vizianagaram,AP
2022-01-30,0.0,27.7,13.4,3.81,0.267,Vizianagaram,AP
2022-01-31,0.0,28.7,15.2,3.85,0.257,Vizianagaram,AP
2022-02-01,0.0,29.2,17.1,3.96,0.249,Vizianagaram,AP
2022-02-02,0.0,29.3,16.5,3.93,0.241,Vizianagaram,AP
2022-02-03,0.0,28.6,18.0,3.7,0.237,Vizianagaram,AP
2022-02-04,0.7,29.3,19.0,3.83,0.235,Vizianagaram,AP
2022-02-05,0.0,29.3,18.0,4.42,0.23,Vizianagaram,AP
2022-02-06,0.0,27.6,15.8,4.1,0.228,Vizianagaram,AP
2022-02-07,0.0,29.6,16.4,4.1,0.221,Vizianagaram,AP
2022-02-08,0.0,29.4,17.5,3.89,0.213,Vizianagaram,AP
2022-02-09,0.2,28.0,18.3,3.56,0.208,Vizianagaram,AP
2022-02-10,0.0,28.9,16.5,4.08,0.204,Vizianagaram,AP
2022-02-11,0.7,30.3,18.2,3.97,0.198,Vizianagaram,AP
2022-02-12,0.0,30.1,19.4,4.16,0.193,Vizianagaram,AP
2022-02-13,0.0,28.8,18.2,4.34,0.185,Vizianagaram,AP
2022-02-14,0.0,28.1,16.0,4.44,0.181,Vizianagaram,AP
2022-02-15,0.0,28.9,16.5,4.39,0.176,Vizianagaram,AP
2022-02-16,0.0,30.1,16.9,4.46,0.171,Vizianagaram,AP
2022-02-17,0.0,30.8,17.9,4.44,0.169,Vizianagaram,AP
2022-02-18,0.1,31.0,19.0,4.13,0.166,Vizianagaram,AP
2022-02-19,0.1,30.7,19.9,4.02,0.162,Vizianagaram,AP
2022-02-20,0.0,33.1,21.0,5.04,0.16,Vizianagaram,AP
2022-02-21,0.0,33.1,20.8,5.02,0.161,Vizianagaram,AP
2022-02-22,0.0,33.0,21.3,4.46,0.159,Vizianagaram,AP
2022-02-23,0.2,29.7,21.2,4.1,0.157,Vizianagaram,AP
2022-02-24,0.0,32.1,20.3,4.52,0.153,Vizianagaram,AP
2022-02-25,0.0,32.0,19.6,4.68,0.149,Vizianagaram,AP
2022-02-26,0.0,31.7,17.5,4.72,0.146,Vizianagaram,AP
2022-02-27,0.0,32.9,18.4,4.98,0.145,Vizianagaram,AP
2022-02-28,0.0,33.8,15.9,5.13,0.143,Vizianagaram,AP
2022-03-01,0.0,33.3,18.3,5.13,0.138,Vizianagaram,AP
2022-03-02,0.0,33.9,18.5,5.2,0.134,Vizianagaram,AP
2022-03-03,0.0,34.1,19.6,5.17,0.132,Vizianagaram,AP
2022-03-04,0.0,33.9,19.8,5.43,0.13,Vizianagaram,AP
2022-03-05,0.0,34.1,19.6,5.69,0.127,Vizianagaram,AP
2022-03-06,0.0,34.5,18.3,5.64,0.126,Vizianagaram,AP
2022-03-07,0.0,34.5,20.0,5.45,0.126,Vizianagaram,AP
2022-03-08,0.0,34.2,19.5,5.32,0.125,Vizianagaram,AP
2022-03-09,0.0,35.4,19.6,5.26,0.126,Vizianagaram,AP
2022-03-10,0.1,35.1,19.4,5.44,0.124,Vizianagaram,AP
2022-03-11,0.0,35.9,19.3,5.55,0.126,Vizianagaram,AP
2022-03-12,0.0,35.6,20.0,5.73,0.133,Vizianagaram,AP
2022-03-13,0.0,36.7,20.0,5.51,0.14,Vizianagaram,AP
2022-03-14,0.0,36.5,20.0,5.76,0.145,Vizianagaram,AP
2022-03-15,0.0,36.3,19.9,6.1,0.145,Vizianagaram,AP
2022-03-16,0.0,37.5,21.6,6.24,0.141,Vizianagaram,AP
2022-03-17,0.0,34.8,21.8,5.07,0.134,Vizianagaram,AP
2022-03-18,0.0,33.0,22.2,5.25,0.138,Vizianagaram,AP
2022-03-19,0.0,33.8,21.8,5.35,0.136,Vizianagaram,AP
2022-03-20,1.7,35.3,22.3,4.54,0.138,Vizianagaram,AP
2022-03-21,0.9,35.2,24.5,4.54,0.145,Vizianagaram,AP
2022-03-22,0.0,37.0,25.7,4.78,0.142,Vizianagaram,AP
2022-03-23,2.0,35.2,25.1,4.55,0.148,Vizianagaram,AP
2022-03-24,1.3,34.7,23.8,4.59,0.155,Vizianagaram,AP
2022-03-25,0.0,36.4,23.5,5.43,0.148,Vizianagaram,AP
2022-03-26,0.3,37.4,25.3,5.68,0.147,Vizianagaram,AP
2022-03-27,0.0,37.1,24.8,5.55,0.149,Vizianagaram,AP
2022-03-28,0.1,36.9,25.1,5.31,0.146,Vizianagaram,AP
2022-03-29,0.0,37.0,24.5,5.74,0.144,Vizianagaram,AP
2022-03-30,0.0,36.3,25.1,5.85,0.143,Vizianagaram,AP
2022-03-31,0.0,35.5,25.7,5.49,0.142,Vizianagaram,AP
2022-04-01,0.0,36.0,25.9,5.89,0.141,Vizianagaram,AP
2022-04-02,0.0,35.9,25.7,6.34,0.139,Vizianagaram,AP
2022-04-03,0.2,37.8,25.5,5.83,0.139,Vizianagaram,AP
2022-04-04,0.0,36.5,25.9,5.85,0.138,Vizianagaram,AP
2022-04-05,0.0,35.5,25.4,5.8,0.136,Vizianagaram,AP
2022-04-06,0.0,35.6,25.5,5.65,0.135,Vizianagaram,AP
2022-04-07,0.0,35.0,24.4,5.6,0.131,Vizianagaram,AP
2022-04-08,0.0,36.2,23.0,5.52,0.13,Vizianagaram,AP
2022-04-09,0.3,36.5,24.5,5.57,0.131,Vizianagaram,AP
2022-04-10,0.2,36.0,25.7,5.93,0.128,Vizianagaram,AP
2022-04-11,0.0,36.3,25.5,6.0,0.124,Vizianagaram,AP
2022-04-12,0.0,36.5,25.5,6.13,0.124,Vizianagaram,AP
2022-04-13,0.0,36.4,25.7,6.07,0.125,Vizianagaram,AP
2022-04-14,0.0,38.2,26.0,6.3,0.123,Vizianagaram,AP
2022-04-15,0.9,38.7,26.2,6.43,0.13,Vizianagaram,AP
2022-04-16,1.5,37.5,27.1,5.99,0.143,Vizianagaram,AP
2022-04-17,3.9,36.4,26.5,5.64,0.159,Vizianagaram,AP
2022-04-18,0.0,38.0,27.1,6.13,0.159,Vizianagaram,AP
2022-04-19,0.0,37.9,26.0,6.1,0.155,Vizianagaram,AP
2022-04-20,0.0,38.4,26.8,6.1,0.151,Vizianagaram,AP
2022-04-21,0.0,35.9,27.1,6.23,0.146,Vizianagaram,AP
2022-04-22,0.5,37.2,26.1,6.35,0.142,Vizianagaram,AP
2022-04-23,0.5,38.0,26.8,6.04,0.138,Vizianagaram,AP
2022-04-24,0.2,39.7,27.2,5.76,0.136,Vizianagaram,AP
2022-04-25,0.0,39.0,26.6,6.17,0.136,Vizianagaram,AP
2022-04-26,0.0,39.4,27.1,6.3,0.134,Vizianagaram,AP
2022-04-27,0.0,38.6,26.2,6.24,0.133,Vizianagaram,AP
2022-04-28,0.0,38.8,26.1,6.3,0.132,Vizianagaram,AP
2022-04-29,0.0,39.1,25.8,6.17,0.13,Vizianagaram,AP
2022-04-30,0.0,39.3,26.7,6.63,0.129,Vizianagaram,AP
2022-05-01,0.0,37.9,26.6,6.15,0.128,Vizianagaram,AP
2022-05-02,0.2,38.8,27.0,6.04,0.131,Vizianagaram,AP
2022-05-03,0.0,37.6,26.7,6.4,0.135,Vizianagaram,AP
2022-05-04,0.8,37.8,26.8,5.96,0.134,Vizianagaram,AP
2022-05-05,1.9,37.5,27.2,5.93,0.139,Vizianagaram,AP
2022-05-06,0.3,36.9,26.6,5.31,0.139,Vizianagaram,AP
2022-05-07,0.9,36.7,25.6,5.22,0.15,Vizianagaram,AP
2022-05-08,0.4,37.9,26.0,5.34,0.156,Vizianagaram,AP
2022-05-09,2.2,35.6,26.3,5.2,0.155,Vizianagaram,AP
2022-05-10,37.3,29.9,24.3,2.84,0.32,Vizianagaram,AP
2022-05-11,30.0,31.0,24.4,3.02,0.398,Vizianagaram,AP
2022-05-12,3.6,31.6,24.3,4.21,0.384,Vizianagaram,AP
2022-05-13,0.1,32.7,24.9,4.73,0.351,Vizianagaram,AP
2022-05-14,0.0,33.6,25.4,4.78,0.33,Vizianagaram,AP
2022-05-15,0.6,34.4,26.8,5.07,0.315,Vizianagaram,AP
2022-05-16,0.1,33.9,26.4,4.98,0.301,Vizianagaram,AP
2022-05-17,0.0,33.8,26.6,5.01,0.286,Vizianagaram,AP
2022-05-18,0.8,34.1,26.7,5.29,0.275,Vizianagaram,AP
2022-05-19,6.8,33.5,26.4,4.69,0.283,Vizianagaram,AP
2022-05-20,0.3,35.0,26.7,5.77,0.279,Vizianagaram,AP
2022-05-21,0.0,37.5,26.8,6.28,0.262,Vizianagaram,AP
2022-05-22,0.0,36.6,28.3,5.66,0.253,Vizianagaram,AP
2022-05-23,0.0,39.7,26.0,5.85,0.247,Vizianagaram,AP
2022-05-24,0.1,35.8,26.7,5.61,0.239,Vizianagaram,AP
2022-05-25,0.0,38.5,25.6,5.94,0.24,Vizianagaram,AP
2022-05-26,0.3,38.0,26.5,5.93,0.235,Vizianagaram,AP
2022-05-27,0.0,38.3,26.5,5.76,0.282,Vizianagaram,AP
2022-05-28,0.0,39.8,26.4,6.59,0.282,Vizianagaram,AP
2022-05-29,0.4,40.9,27.1,6.51,0.27,Vizianagaram,AP
2022-05-30,3.1,38.5,26.5,5.94,0.265,Vizianagaram,AP
2022-05-31,0.3,39.2,28.0,5.98,0.253,Vizianagaram,AP
2022-06-01,1.5,39.6,28.0,5.61,0.243,Vizianagaram,AP
2022-06-02,0.0,36.9,28.0,5.68,0.231,Vizianagaram,AP
2022-06-03,0.0,38.1,27.9,5.99,0.22,Vizianagaram,AP
2022-06-04,0.0,36.3,28.2,5.92,0.211,Vizianagaram,AP
2022-06-05,0.0,35.0,28.6,4.69,0.206,Vizianagaram,AP
2022-06-06,0.0,37.4,28.2,4.4,0.202,Vizianagaram,AP
2022-06-07,0.0,37.7,27.3,6.33,0.205,Vizianagaram,AP
2022-06-08,0.0,38.3,29.2,5.99,0.203,Vizianagaram,AP
2022-06-09,0.0,42.1,28.1,6.2,0.203,Vizianagaram,AP
2022-06-10,2.5,38.6,28.4,5.38,0.21,Vizianagaram,AP
2022-06-11,0.1,35.8,28.4,5.32,0.206,Vizianagaram,AP
2022-06-12,0.0,35.8,28.2,5.15,0.204,Vizianagaram,AP
2022-06-13,0.6,37.7,27.3,5.7,0.213,Vizianagaram,AP
2022-06-14,0.8,37.4,27.5,5.61,0.224,Vizianagaram,AP
2022-06-15,5.7,36.3,26.8,5.42,0.234,Vizianagaram,AP
2022-06-16,9.3,34.1,26.0,4.67,0.312,Vizianagaram,AP
2022-06-17,2.4,33.7,26.5,5.32,0.29,Vizianagaram,AP
2022-06-18,2.1,33.3,26.6,4.96,0.274,Vizianagaram,AP
2022-06-19,0.4,34.5,26.9,5.61,0.27,Vizianagaram,AP
2022-06-20,4.8,35.5,26.1,4.71,0.291,Vizianagaram,AP
2022-06-21,9.1,31.8,25.2,3.51,0.339,Vizianagaram,AP
2022-06-22,4.2,33.3,25.6,3.54,0.316,Vizianagaram,AP
2022-06-23,3.1,34.3,26.2,4.37,0.333,Vizianagaram,AP
2022-06-24,9.8,32.2,26.5,3.78,0.359,Vizianagaram,AP
2022-06-25,11.0,29.2,25.4,1.87,0.381,Vizianagaram,AP
2022-06-26,20.9,32.7,25.1,4.35,0.374,Vizianagaram,AP
2022-06-27,13.6,33.6,25.4,4.47,0.355,Vizianagaram,AP
2022-06-28,22.7,31.9,24.9,4.07,0.369,Vizianagaram,AP
2022-06-29,2.1,32.5,24.5,4.54,0.35,Vizianagaram,AP
2022-06-30,1.9,33.7,25.8,4.24,0.34,Vizianagaram,AP
2022-07-01,17.4,34.7,26.3,4.03,0.346,Vizianagaram,AP
2022-07-02,9.3,34.2,25.8,4.11,0.369,Vizianagaram,AP
2022-07-03,6.1,32.7,25.9,3.78,0.375,Vizianagaram,AP
2022-07-04,1.5,33.1,26.0,3.69,0.373,Vizianagaram,AP
2022-07-05,27.6,31.4,26.0,3.09,0.387,Vizianagaram,AP
2022-07-06,17.3,32.5,24.6,4.34,0.404,Vizianagaram,AP
2022-07-07,29.5,29.5,25.0,2.33,0.406,Vizianagaram,AP
2022-07-08,58.7,31.0,25.0,2.68,0.425,Vizianagaram,AP
2022-07-09,21.5,31.7,24.0,3.25,0.42,Vizianagaram,AP
2022-07-10,32.2,30.5,24.0,2.94,0.408,Vizianagaram,AP
2022-07-11,36.5,28.6,24.6,2.25,0.41,Vizianagaram,AP
2022-07-12,11.4,30.5,23.9,3.51,0.402,Vizianagaram,AP
2022-07-13,3.9,31.2,24.4,4.28,0.381,Vizianagaram,AP
2022-07-14,11.4,32.5,24.1,4.09,0.387,Vizianagaram,AP
2022-07-15,16.6,28.9,24.6,2.14,0.401,Vizianagaram,AP
2022-07-16,7.6,31.8,24.8,3.03,0.418,Vizianagaram,AP
2022-07-17,19.0,29.5,25.2,2.23,0.42,Vizianagaram,AP
2022-07-18,3.3,32.7,24.9,4.06,0.4,Vizianagaram,AP
2022-07-19,0.5,34.3,24.9,5.48,0.38,Vizianagaram,AP
2022-07-20,9.6,33.3,25.9,5.12,0.375,Vizianagaram,AP
2022-07-21,16.7,32.4,26.1,3.65,0.392,Vizianagaram,AP
2022-07-22,24.8,28.8,25.5,2.14,0.411,Vizianagaram,AP
2022-07-23,21.5,30.3,24.9,3.29,0.413,Vizianagaram,AP
2022-07-24,5.9,31.9,24.7,4.2,0.408,Vizianagaram,AP
2022-07-25,4.3,31.8,24.1,4.6,0.402,Vizianagaram,AP
2022-07-26,10.8,30.8,23.9,4.51,0.407,Vizianagaram,AP
2022-07-27,1.9,31.0,23.8,4.56,0.387,Vizianagaram,AP
2022-07-28,0.1,32.5,24.1,5.22,0.367,Vizianagaram,AP
2022-07-29,2.6,33.4,25.3,4.85,0.358,Vizianagaram,AP
2022-07-30,0.9,33.0,24.4,5.04,0.35,Vizianagaram,AP
2022-07-31,1.8,33.6,25.7,4.85,0.334,Vizianagaram,AP
2022-08-01,4.6,33.8,26.1,4.76,0.352,Vizianagaram,AP
2022-08-02,6.1,33.4,25.4,4.55,0.368,Vizianagaram,AP
2022-08-03,0.0,32.6,24.6,4.96,0.353,Vizianagaram,AP
2022-08-04,4.9,31.7,25.3,4.0,0.342,Vizianagaram,AP
2022-08-05,21.0,31.8,24.6,4.36,0.355,Vizianagaram,AP
2022-08-06,8.4,30.3,24.7,2.46,0.364,Vizianagaram,AP
2022-08-07,15.5,29.1,24.8,1.69,0.391,Vizianagaram,AP
2022-08-08,64.3,26.4,24.3,1.03,0.425,Vizianagaram,AP
2022-08-09,38.1,29.4,24.4,2.38,0.427,Vizianagaram,AP
2022-08-10,2.3,31.2,24.7,4.17,0.416,Vizianagaram,AP
2022-08-11,2.0,32.8,25.6,5.4,0.399,Vizianagaram,AP
2022-08-12,2.6,33.7,25.6,4.61,0.383,Vizianagaram,AP
2022-08-13,8.7,29.1,25.2,1.8,0.406,Vizianagaram,AP
2022-08-14,49.9,26.7,24.8,1.01,0.428,Vizianagaram,AP
2022-08-15,1.1,32.2,25.3,4.2,0.412,Vizianagaram,AP
2022-08-16,6.6,33.3,24.7,4.81,0.405,Vizianagaram,AP
2022-08-17,5.2,33.3,25.6,4.95,0.393,Vizianagaram,AP
2022-08-18,3.8,33.0,25.7,3.52,0.379,Vizianagaram,AP
2022-08-19,5.1,30.3,26.0,2.88,0.383,Vizianagaram,AP
2022-08-20,0.8,32.7,25.9,3.74,0.389,Vizianagaram,AP
2022-08-21,0.3,34.4,26.1,5.27,0.373,Vizianagaram,AP
2022-08-22,5.3,34.2,25.9,5.17,0.376,Vizianagaram,AP
2022-08-23,8.1,34.1,24.8,4.7,0.371,Vizianagaram,AP
2022-08-24,4.8,31.8,24.2,3.46,0.395,Vizianagaram,AP
2022-08-25,1.8,32.6,23.9,4.89,0.375,Vizianagaram,AP
2022-08-26,4.4,33.0,24.7,4.78,0.372,Vizianagaram,AP
2022-08-27,4.6,33.2,24.6,4.3,0.38,Vizianagaram,AP
2022-08-28,9.7,32.3,24.9,3.86,0.385,Vizianagaram,AP
2022-08-29,5.3,31.5,24.8,4.34,0.378,Vizianagaram,AP
2022-08-30,0.5,31.9,24.8,4.81,0.36,Vizianagaram,AP
2022-08-31,11.1,30.3,24.7,3.72,0.372,Vizianagaram,AP
2022-09-01,0.8,31.6,24.4,4.65,0.363,Vizianagaram,AP
2022-09-02,2.4,31.9,25.0,4.53,0.353,Vizianagaram,AP
2022-09-03,3.8,33.8,25.3,4.38,0.348,Vizianagaram,AP
2022-09-04,5.9,33.7,26.0,4.37,0.351,Vizianagaram,AP
2022-09-05,10.5,33.8,25.6,4.88,0.36,Vizianagaram,AP
2022-09-06,7.2,32.5,24.9,4.38,0.392,Vizianagaram,AP
2022-09-07,17.8,30.8,25.0,2.88,0.393,Vizianagaram,AP
2022-09-08,37.9,28.2,24.1,2.4,0.418,Vizianagaram,AP
2022-09-09,34.8,28.1,24.5,2.04,0.423,Vizianagaram,AP
2022-09-10,47.0,28.4,24.6,1.47,0.427,Vizianagaram,AP
2022-09-11,4.7,31.1,24.0,3.83,0.419,Vizianagaram,AP
2022-09-12,0.3,31.3,26.3,4.62,0.401,Vizianagaram,AP
2022-09-13,1.7,31.0,24.8,3.77,0.4,Vizianagaram,AP
2022-09-14,4.7,31.5,25.3,4.21,0.407,Vizianagaram,AP
2022-09-15,0.8,32.2,25.5,4.3,0.399,Vizianagaram,AP
2022-09-16,0.3,33.6,25.3,4.91,0.382,Vizianagaram,AP
2022-09-17,5.5,33.9,25.3,4.45,0.372,Vizianagaram,AP
2022-09-18,6.6,29.6,25.4,2.06,0.38,Vizianagaram,AP
2022-09-19,18.0,28.5,25.0,2.02,0.423,Vizianagaram,AP
2022-09-20,18.7,29.5,24.1,3.19,0.423,Vizianagaram,AP
2022-09-21,7.6,31.6,24.3,3.63,0.413,Vizianagaram,AP
2022-09-22,15.2,31.2,24.4,3.32,0.411,Vizianagaram,AP
2022-09-23,7.2,31.4,24.1,3.52,0.41,Vizianagaram,AP
2022-09-24,9.9,31.7,24.2,3.49,0.408,Vizianagaram,AP
2022-09-25,20.7,30.9,23.9,3.34,0.416,Vizianagaram,AP
2022-09-26,6.8,31.0,24.2,3.88,0.407,Vizianagaram,AP
2022-09-27,8.8,31.3,23.4,3.73,0.402,Vizianagaram,AP
2022-09-28,13.8,31.7,24.0,3.85,0.408,Vizianagaram,AP
2022-09-29,23.9,30.8,23.6,3.16,0.416,Vizianagaram,AP
2022-09-30,6.4,29.9,23.7,3.39,0.414,Vizianagaram,AP
2022-10-01,21.7,31.7,23.4,3.4,0.409,Vizianagaram,AP
2022-10-02,1.5,33.4,23.5,4.03,0.403,Vizianagaram,AP
2022-10-03,19.2,30.4,24.6,3.11,0.413,Vizianagaram,AP
2022-10-04,18.4,27.8,24.7,1.45,0.42,Vizianagaram,AP
2022-10-05,33.4,27.9,23.6,2.54,0.427,Vizianagaram,AP
2022-10-06,26.8,26.3,23.3,1.42,0.428,Vizianagaram,AP
2022-10-07,16.9,27.7,23.5,2.27,0.426,Vizianagaram,AP
2022-10-08,20.8,28.7,23.8,2.37,0.424,Vizianagaram,AP
2022-10-09,30.5,27.1,23.1,1.53,0.427,Vizianagaram,AP
2022-10-10,16.5,29.2,23.0,3.2,0.425,Vizianagaram,AP
2022-10-11,0.7,30.4,22.5,3.82,0.41,Vizianagaram,AP
2022-10-12,7.8,31.3,22.7,3.89,0.407,Vizianagaram,AP
2022-10-13,5.1,31.0,23.4,3.79,0.404,Vizianagaram,AP
2022-10-14,8.7,28.6,23.7,2.64,0.402,Vizianagaram,AP
2022-10-15,36.3,27.9,23.2,1.8,0.419,Vizianagaram,AP
2022-10-16,1.8,30.2,23.4,3.12,0.4,Vizianagaram,AP
2022-10-17,0.0,31.8,23.1,4.19,0.384,Vizianagaram,AP
2022-10-18,2.7,31.8,23.7,4.14,0.371,Vizianagaram,AP
2022-10-19,11.4,31.1,23.3,3.71,0.367,Vizianagaram,AP
2022-10-20,0.9,30.6,23.1,3.64,0.351,Vizianagaram,AP
2022-10-21,0.0,31.9,22.6,4.71,0.348,Vizianagaram,AP
2022-10-22,0.0,32.0,22.8,5.49,0.336,Vizianagaram,AP
2022-10-23,0.0,32.2,22.9,5.69,0.324,Vizianagaram,AP
2022-10-24,0.0,32.6,21.9,4.87,0.311,Vizianagaram,AP
2022-10-25,0.0,33.3,20.5,4.58,0.304,Vizianagaram,AP
2022-10-26,0.0,31.8,20.7,4.16,0.297,Vizianagaram,AP
2022-10-27,0.0,31.9,21.7,4.3,0.29,Vizianagaram,AP
2022-10-28,0.0,31.4,21.1,4.68,0.281,Vizianagaram,AP
2022-10-29,0.0,30.7,19.9,4.74,0.274,Vizianagaram,AP
2022-10-30,0.0,30.3,19.4,4.67,0.264,Vizianagaram,AP
2022-10-31,0.0,30.7,20.0,4.44,0.247,Vizianagaram,AP
2022-11-01,0.0,31.8,22.1,3.96,0.24,Vizianagaram,AP
2022-11-02,0.3,32.2,22.8,4.19,0.235,Vizianagaram,AP
2022-11-03,1.1,30.3,23.3,3.26,0.225,Vizianagaram,AP
2022-11-04,21.1,30.3,22.2,2.95,0.282,Vizianagaram,AP
2022-11-05,0.0,31.8,21.4,4.32,0.258,Vizianagaram,AP
2022-11-06,0.0,31.1,20.4,4.33,0.246,Vizianagaram,AP
2022-11-07,0.0,31.3,19.5,4.21,0.235,Vizianagaram,AP
2022-11-08,0.0,31.4,20.5,4.18,0.226,Vizianagaram,AP
2022-11-09,0.0,31.1,21.1,3.99,0.219,Vizianagaram,AP
2022-11-10,0.0,31.5,21.9,4.51,0.213,Vizianagaram,AP
2022-11-11,0.0,31.5,22.1,4.63,0.207,Vizianagaram,AP
2022-11-12,0.0,31.9,22.3,4.54,0.201,Vizianagaram,AP
2022-11-13,0.0,31.2,20.9,4.56,0.191,Vizianagaram,AP
2022-11-14,0.0,31.0,20.0,4.35,0.188,Vizianagaram,AP
2022-11-15,0.0,31.1,18.3,4.23,0.187,Vizianagaram,AP
2022-11-16,0.0,30.9,18.2,4.39,0.186,Vizianagaram,AP
2022-11-17,0.0,31.4,18.2,4.59,0.184,Vizianagaram,AP
2022-11-18,0.0,31.0,19.2,4.85,0.182,Vizianagaram,AP
2022-11-19,0.0,29.7,19.5,4.97,0.183,Vizianagaram,AP
2022-11-20,0.0,29.5,20.2,4.52,0.185,Vizianagaram,AP
2022-11-21,0.0,29.8,22.5,3.66,0.195,Vizianagaram,AP
2022-11-22,0.3,31.0,22.2,3.4,0.206,Vizianagaram,AP
2022-11-23,0.2,30.6,22.4,3.52,0.204,Vizianagaram,AP
2022-11-24,3.5,29.4,22.3,2.54,0.213,Vizianagaram,AP
2022-11-25,1.5,26.4,20.7,1.23,0.238,Vizianagaram,AP
2022-11-26,0.0,30.3,19.4,3.7,0.232,Vizianagaram,AP
2022-11-27,0.0,29.7,18.4,3.78,0.226,Vizianagaram,AP
2022-11-28,0.0,29.6,17.0,3.89,0.22,Vizianagaram,AP
2022-11-29,0.0,30.3,17.6,4.03,0.211,Vizianagaram,AP
2022-11-30,0.0,31.4,19.0,3.96,0.206,Vizianagaram,AP
2022-12-01,0.0,32.0,21.0,3.6,0.199,Vizianagaram,AP
2022-12-02,0.3,30.6,22.3,3.24,0.196,Vizianagaram,AP
2022-12-03,1.0,29.6,21.7,3.12,0.2,Vizianagaram,AP
2022-12-04,0.0,31.5,21.4,3.63,0.203,Vizianagaram,AP
2022-12-05,0.0,31.0,20.2,3.65,0.198,Vizianagaram,AP
2022-12-06,0.0,30.3,18.3,3.78,0.193,Vizianagaram,AP
2022-12-07,0.0,29.5,18.9,3.98,0.189,Vizianagaram,AP
2022-12-08,0.0,29.7,18.6,4.96,0.181,Vizianagaram,AP
2022-12-09,9.1,27.1,19.6,3.28,0.19,Vizianagaram,AP
2022-12-10,28.1,26.4,19.1,2.06,0.342,Vizianagaram,AP
2022-12-11,12.1,26.1,21.2,1.53,0.378,Vizianagaram,AP
2022-12-12,1.2,28.7,21.7,2.6,0.357,Vizianagaram,AP
2022-12-13,0.0,31.0,21.6,3.37,0.326,Vizianagaram,AP
2022-12-14,0.0,31.8,20.5,3.39,0.309,Vizianagaram,AP
2022-12-15,0.0,30.9,20.6,3.48,0.295,Vizianagaram,AP
2022-12-16,0.0,30.1,21.4,3.27,0.285,Vizianagaram,AP
2022-12-17,0.4,29.1,21.4,3.03,0.279,Vizianagaram,AP
2022-12-18,0.0,27.9,18.6,3.26,0.273,Vizianagaram,AP
2022-12-19,0.0,29.0,17.3,3.46,0.265,Vizianagaram,AP
2022-12-20,0.0,29.1,16.7,3.47,0.256,Vizianagaram,AP
2022-12-21,0.0,29.2,17.4,3.08,0.25,Vizianagaram,AP
2022-12-22,0.0,27.8,18.8,2.76,0.247,Vizianagaram,AP
2022-12-23,0.0,29.5,16.3,4.04,0.241,Vizianagaram,AP
2022-12-24,0.0,29.5,14.7,3.99,0.232,Vizianagaram,AP
2022-12-25,0.0,29.9,17.0,3.53,0.223,Vizianagaram,AP
2022-12-26,0.0,30.2,19.0,3.29,0.214,Vizianagaram,AP
2022-12-27,0.4,30.6,20.4,3.13,0.211,Vizianagaram,AP
2022-12-28,0.0,31.5,21.1,3.35,0.21,Vizianagaram,AP
2022-12-29,1.1,31.8,20.6,3.62,0.206,Vizianagaram,AP
2022-12-30,0.4,29.1,21.0,3.04,0.211,Vizianagaram,AP
2022-12-31,0.3,30.0,20.9,3.2,0.206,Vizianagaram,AP
2023-01-01,1.9,28.7,20.8,2.82,0.211,Vizianagaram,AP
2023-01-02,2.5,27.6,19.6,3.0,0.231,Vizianagaram,AP
2023-01-03,3.5,26.9,20.0,2.93,0.239,Vizianagaram,AP
2023-01-04,1.7,26.4,19.8,2.01,0.269,Vizianagaram,AP
2023-01-05,0.2,27.9,19.6,2.92,0.286,Vizianagaram,AP
2023-01-06,0.0,28.8,18.3,3.53,0.271,Vizianagaram,AP
2023-01-07,0.0,28.2,16.0,3.78,0.257,Vizianagaram,AP
2023-01-08,0.0,27.6,13.3,4.07,0.243,Vizianagaram,AP
2023-01-09,0.0,28.3,13.3,3.84,0.235,Vizianagaram,AP
2023-01-10,0.0,29.7,13.9,3.7,0.225,Vizianagaram,AP
2023-01-11,0.0,29.8,13.4,3.68,0.216,Vizianagaram,AP
2023-01-12,0.0,28.7,14.8,3.64,0.209,Vizianagaram,AP
2023-01-13,0.0,29.7,16.0,3.6,0.204,Vizianagaram,AP
2023-01-14,0.0,29.8,16.7,3.58,0.201,Vizianagaram,AP
2023-01-15,0.0,29.7,17.4,3.61,0.199,Vizianagaram,AP
2023-01-16,0.0,29.9,18.0,3.68,0.195,Vizianagaram,AP
2023-01-17,0.0,29.6,17.8,3.75,0.192,Vizianagaram,AP
2023-01-18,0.0,30.4,18.8,3.77,0.187,Vizianagaram,AP
2023-01-19,0.0,30.3,19.0,3.58,0.183,Vizianagaram,AP
2023-01-20,0.6,27.7,19.0,2.97,0.181,Vizianagaram,AP
2023-01-21,0.0,30.2,19.8,3.7,0.18,Vizianagaram,AP
2023-01-22,0.0,30.3,19.2,4.01,0.175,Vizianagaram,AP
2023-01-23,0.0,30.1,17.4,4.05,0.17,Vizianagaram,AP
2023-01-24,0.0,30.4,15.0,4.2,0.166,Vizianagaram,AP
2023-01-25,0.0,30.6,15.1,4.4,0.16,Vizianagaram,AP
2023-01-26,0.0,32.4,15.1,4.56,0.155,Vizianagaram,AP
2023-01-27,0.0,32.5,16.2,4.6,0.151,Vizianagaram,AP
2023-01-28,0.0,31.9,16.9,4.39,0.149,Vizianagaram,AP
2023-01-29,0.0,30.3,19.5,4.18,0.144,Vizianagaram,AP
2023-01-30,0.0,30.6,20.4,4.02,0.138,Vizianagaram,AP
2023-01-31,0.0,31.8,21.1,3.87,0.134,Vizianagaram,AP
2023-02-01,0.0,31.6,21.1,4.04,0.137,Vizianagaram,AP
2023-02-02,0.0,32.5,18.7,4.62,0.137,Vizianagaram,AP
2023-02-03,0.0,30.5,18.4,4.41,0.136,Vizianagaram,AP
2023-02-04,0.0,33.3,17.3,4.64,0.133,Vizianagaram,AP
2023-02-05,0.0,32.6,16.1,4.51,0.13,Vizianagaram,AP
2023-02-06,0.0,32.0,15.7,4.53,0.125,Vizianagaram,AP
2023-02-07,0.0,31.4,17.7,4.59,0.124,Vizianagaram,AP
2023-02-08,0.0,33.6,18.2,4.29,0.123,Vizianagaram,AP
2023-02-09,0.0,33.4,19.1,4.26,0.12,Vizianagaram,AP
2023-02-10,0.0,33.9,18.6,4.45,0.116,Vizianagaram,AP
2023-02-11,0.0,35.8,19.3,4.77,0.117,Vizianagaram,AP
2023-02-12,0.0,36.5,20.6,4.78,0.124,Vizianagaram,AP
2023-02-13,0.0,34.2,20.8,5.71,0.117,Vizianagaram,AP
2023-02-14,0.0,33.7,16.7,4.79,0.116,Vizianagaram,AP
2023-02-15,0.0,34.5,16.4,4.9,0.116,Vizianagaram,AP
2023-02-16,0.0,33.1,17.5,4.86,0.115,Vizianagaram,AP
2023-02-17,0.0,30.9,20.6,4.36,0.117,Vizianagaram,AP
2023-02-18,0.5,30.5,20.2,3.87,0.117,Vizianagaram,AP
2023-02-19,0.2,32.6,20.5,4.36,0.116,Vizianagaram,AP
2023-02-20,0.0,33.3,20.0,4.59,0.118,Vizianagaram,AP
2023-02-21,0.0,34.9,21.0,4.93,0.12,Vizianagaram,AP
2023-02-22,0.0,34.1,20.7,5.31,0.125,Vizianagaram,AP
2023-02-23,0.0,35.1,21.5,5.28,0.128,Vizianagaram,AP
2023-02-24,0.0,33.4,20.3,4.85,0.124,Vizianagaram,AP
2023-02-25,0.1,33.9,21.4,4.55,0.12,Vizianagaram,AP
2023-02-26,0.0,34.0,20.9,4.71,0.113,Vizianagaram,AP
2023-02-27,0.0,33.8,18.4,5.16,0.113,Vizianagaram,AP
2023-02-28,0.0,34.2,18.6,5.2,0.117,Vizianagaram,AP
2023-03-01,0.0,34.2,17.8,5.75,0.127,Vizianagaram,AP
2023-03-02,0.0,36.0,18.0,6.17,0.129,Vizianagaram,AP
2023-03-03,0.0,35.6,18.3,5.88,0.141,Vizianagaram,AP
2023-03-04,0.0,36.5,19.0,5.94,0.145,Vizianagaram,AP
2023-03-05,0.0,36.7,18.7,6.21,0.154,Vizianagaram,AP
2023-03-06,0.0,37.0,19.3,6.47,0.149,Vizianagaram,AP
2023-03-07,0.0,35.6,19.6,5.3,0.152,Vizianagaram,AP
2023-03-08,0.0,34.8,20.8,5.12,0.153,Vizianagaram,AP
2023-03-09,0.0,34.5,19.6,4.76,0.147,Vizianagaram,AP
2023-03-10,0.0,33.7,22.4,4.35,0.145,Vizianagaram,AP
2023-03-11,0.0,34.8,21.0,5.83,0.14,Vizianagaram,AP
2023-03-12,0.0,35.4,19.2,5.92,0.14,Vizianagaram,AP
2023-03-13,0.0,36.4,18.3,5.98,0.137,Vizianagaram,AP
2023-03-14,0.0,35.4,20.5,5.73,0.137,Vizianagaram,AP
2023-03-15,2.1,34.1,20.7,5.12,0.133,Vizianagaram,AP
2023-03-16,1.6,32.9,23.3,4.45,0.145,Vizianagaram,AP
2023-03-17,6.2,30.1,22.9,3.04,0.19,Vizianagaram,AP
2023-03-18,14.7,28.7,21.3,2.96,0.287,Vizianagaram,AP
2023-03-19,15.8,26.8,20.8,2.49,0.372,Vizianagaram,AP
2023-03-20,5.1,28.9,19.8,3.79,0.347,Vizianagaram,AP
2023-03-21,2.0,31.5,21.0,4.05,0.325,Vizianagaram,AP
2023-03-22,1.5,30.9,22.0,3.82,0.338,Vizianagaram,AP
2023-03-23,2.2,31.3,23.0,3.64,0.331,Vizianagaram,AP
2023-03-24,1.9,32.9,22.1,4.6,0.312,Vizianagaram,AP
2023-03-25,0.3,32.5,21.7,4.01,0.301,Vizianagaram,AP
2023-03-26,2.4,33.3,23.0,4.63,0.296,Vizianagaram,AP
2023-03-27,5.9,33.4,24.2,3.64,0.311,Vizianagaram,AP
2023-03-28,2.7,33.1,23.8,4.38,0.332,Vizianagaram,AP
2023-03-29,2.5,33.4,24.5,4.86,0.315,Vizianagaram,AP
2023-03-30,2.6,33.4,23.4,5.11,0.314,Vizianagaram,AP
2023-03-31,0.5,33.6,24.2,5.45,0.289,Vizianagaram,AP
2023-04-01,7.9,31.8,24.2,3.62,0.297,Vizianagaram,AP
2023-04-02,0.9,34.5,22.4,4.63,0.276,Vizianagaram,AP
2023-04-03,0.1,35.5,23.9,5.02,0.264,Vizianagaram,AP
2023-04-04,1.4,33.9,24.9,5.18,0.252,Vizianagaram,AP
2023-04-05,1.5,35.8,25.0,5.14,0.246,Vizianagaram,AP
2023-04-06,5.4,35.1,25.0,4.81,0.259,Vizianagaram,AP
2023-04-07,0.0,35.2,24.3,5.45,0.239,Vizianagaram,AP
2023-04-08,0.0,36.1,23.1,5.6,0.22,Vizianagaram,AP
2023-04-09,0.0,37.2,22.0,6.04,0.202,Vizianagaram,AP
2023-04-10,0.0,37.9,24.1,5.72,0.199,Vizianagaram,AP
2023-04-11,0.0,38.9,24.6,6.21,0.205,Vizianagaram,AP
2023-04-12,0.0,39.2,25.2,6.56,0.193,Vizianagaram,AP
2023-04-13,0.0,40.4,26.9,6.85,0.182,Vizianagaram,AP
2023-04-14,0.0,41.6,26.5,6.94,0.173,Vizianagaram,AP
2023-04-15,0.0,41.2,26.7,6.75,0.169,Vizianagaram,AP
2023-04-16,0.0,41.1,27.1,6.56,0.169,Vizianagaram,AP
2023-04-17,0.0,40.4,26.7,6.5,0.162,Vizianagaram,AP
2023-04-18,0.0,41.7,26.4,7.39,0.16,Vizianagaram,AP
2023-04-19,0.2,39.9,26.9,6.25,0.161,Vizianagaram,AP
2023-04-20,0.1,39.6,26.1,6.33,0.16,Vizianagaram,AP
2023-04-21,1.5,38.0,26.3,5.64,0.159,Vizianagaram,AP
2023-04-22,4.6,36.0,25.6,5.41,0.166,Vizianagaram,AP
2023-04-23,9.7,30.9,24.2,4.21,0.204,Vizianagaram,AP
2023-04-24,4.8,32.0,23.2,4.44,0.265,Vizianagaram,AP
2023-04-25,7.3,32.3,23.3,4.29,0.307,Vizianagaram,AP
2023-04-26,0.5,33.5,24.8,3.92,0.267,Vizianagaram,AP
2023-04-27,0.0,35.2,25.3,5.26,0.254,Vizianagaram,AP
2023-04-28,0.8,36.7,24.9,5.54,0.244,Vizianagaram,AP
2023-04-29,0.2,35.6,25.1,5.23,0.223,Vizianagaram,AP
2023-04-30,0.3,35.3,23.9,5.18,0.207,Vizianagaram,AP
2023-05-01,19.0,26.3,22.7,1.14,0.293,Vizianagaram,AP
2023-05-02,6.9,30.7,21.8,4.21,0.322,Vizianagaram,AP
2023-05-03,10.1,30.8,23.6,3.76,0.351,Vizianagaram,AP
2023-05-04,9.4,32.6,23.4,4.22,0.367,Vizianagaram,AP
2023-05-05,14.4,33.2,24.5,4.43,0.351,Vizianagaram,AP
2023-05-06,6.0,34.4,25.3,4.66,0.34,Vizianagaram,AP
2023-05-07,0.0,33.4,26.4,3.27,0.347,Vizianagaram,AP
2023-05-08,0.0,36.6,26.4,5.56,0.316,Vizianagaram,AP
2023-05-09,0.0,37.3,26.2,5.46,0.291,Vizianagaram,AP
2023-05-10,0.0,36.9,25.4,5.44,0.272,Vizianagaram,AP
2023-05-11,1.1,37.8,26.2,5.54,0.258,Vizianagaram,AP
2023-05-12,0.0,37.6,25.3,5.13,0.246,Vizianagaram,AP
2023-05-13,0.0,38.6,25.3,5.44,0.232,Vizianagaram,AP
2023-05-14,0.0,35.6,24.1,5.44,0.223,Vizianagaram,AP
2023-05-15,0.0,40.6,26.2,6.11,0.216,Vizianagaram,AP
2023-05-16,0.0,41.2,26.0,5.32,0.209,Vizianagaram,AP
2023-05-17,0.0,37.0,27.8,6.01,0.206,Vizianagaram,AP
2023-05-18,0.0,38.1,27.7,6.21,0.198,Vizianagaram,AP
2023-05-19,1.2,37.7,28.1,5.89,0.203,Vizianagaram,AP
2023-05-20,0.8,38.9,27.3,5.92,0.223,Vizianagaram,AP
2023-05-21,0.0,37.9,27.6,6.23,0.212,Vizianagaram,AP
2023-05-22,1.0,38.4,27.8,6.15,0.2,Vizianagaram,AP
2023-05-23,0.0,39.9,26.3,6.25,0.188,Vizianagaram,AP
2023-05-24,3.5,37.9,27.5,5.65,0.197,Vizianagaram,AP
2023-05-25,17.9,37.0,28.3,3.56,0.256,Vizianagaram,AP
2023-05-26,0.8,38.0,26.9,5.72,0.228,Vizianagaram,AP
2023-05-27,0.5,39.1,26.3,5.67,0.248,Vizianagaram,AP
2023-05-28,4.7,35.4,26.7,4.95,0.259,Vizianagaram,AP
2023-05-29,0.6,35.5,25.3,5.36,0.27,Vizianagaram,AP
2023-05-30,2.0,38.2,25.9,5.77,0.248,Vizianagaram,AP
2023-05-31,3.0,37.4,27.2,5.22,0.238,Vizianagaram,AP
2023-06-01,1.1,38.2,26.5,5.07,0.219,Vizianagaram,AP
2023-06-02,0.0,41.5,28.1,6.2,0.208,Vizianagaram,AP
2023-06-03,0.0,39.0,27.8,5.56,0.194,Vizianagaram,AP
2023-06-04,0.0,37.9,28.5,5.32,0.187,Vizianagaram,AP
2023-06-05,1.2,38.1,26.1,5.64,0.189,Vizianagaram,AP
2023-06-06,0.9,39.1,28.2,4.65,0.196,Vizianagaram,AP
2023-06-07,0.6,40.8,28.8,5.99,0.198,Vizianagaram,AP
2023-06-08,0.0,40.6,29.1,6.4,0.184,Vizianagaram,AP
2023-06-09,0.0,43.1,29.7,7.24,0.17,Vizianagaram,AP
2023-06-10,0.0,43.0,29.8,6.86,0.167,Vizianagaram,AP
2023-06-11,0.0,42.8,30.4,7.32,0.158,Vizianagaram,AP
2023-06-12,0.1,42.6,29.6,6.57,0.162,Vizianagaram,AP
2023-06-13,0.1,35.7,29.6,4.45,0.169,Vizianagaram,AP
2023-06-14,1.6,39.5,27.9,5.76,0.168,Vizianagaram,AP
2023-06-15,0.5,42.3,27.7,6.41,0.171,Vizianagaram,AP
2023-06-16,0.4,41.5,29.4,6.2,0.167,Vizianagaram,AP
2023-06-17,1.7,39.5,30.0,6.79,0.168,Vizianagaram,AP
2023-06-18,0.2,41.5,29.6,6.41,0.16,Vizianagaram,AP
2023-06-19,0.5,35.7,28.2,3.98,0.157,Vizianagaram,AP
2023-06-20,2.0,34.7,28.3,5.0,0.165,Vizianagaram,AP
2023-06-21,9.1,35.5,27.5,5.46,0.191,Vizianagaram,AP
2023-06-22,5.1,37.5,26.9,4.72,0.225,Vizianagaram,AP
2023-06-23,11.2,29.6,26.4,2.2,0.365,Vizianagaram,AP
2023-06-24,12.9,31.4,26.1,2.26,0.398,Vizianagaram,AP
2023-06-25,13.4,31.7,25.8,2.14,0.396,Vizianagaram,AP
2023-06-26,0.8,31.4,26.4,3.88,0.373,Vizianagaram,AP
2023-06-27,0.1,34.3,27.2,4.79,0.355,Vizianagaram,AP
2023-06-28,0.2,35.9,28.2,5.52,0.327,Vizianagaram,AP
2023-06-29,0.2,35.6,28.3,5.7,0.316,Vizianagaram,AP
2023-06-30,1.0,36.9,28.4,5.73,0.3,Vizianagaram,AP
2023-07-01,2.1,37.0,28.2,5.47,0.295,Vizianagaram,AP
2023-07-02,0.4,36.1,27.5,5.24,0.292,Vizianagaram,AP
2023-07-03,14.2,36.6,26.8,5.17,0.32,Vizianagaram,AP
2023-07-04,8.0,34.7,25.9,5.15,0.347,Vizianagaram,AP
2023-07-05,13.2,31.6,25.9,3.04,0.348,Vizianagaram,AP
2023-07-06,4.8,34.2,25.2,4.12,0.365,Vizianagaram,AP
2023-07-07,1.4,34.0,26.1,4.89,0.354,Vizianagaram,AP
2023-07-08,0.7,34.3,26.7,5.11,0.342,Vizianagaram,AP
2023-07-09,4.3,34.9,27.6,5.11,0.337,Vizianagaram,AP
2023-07-10,13.5,35.2,26.0,4.5,0.359,Vizianagaram,AP
2023-07-11,32.9,34.1,25.5,4.34,0.388,Vizianagaram,AP
2023-07-12,30.3,30.8,24.8,3.96,0.409,Vizianagaram,AP
2023-07-13,2.5,31.5,25.9,4.32,0.381,Vizianagaram,AP
2023-07-14,5.4,34.7,26.6,5.24,0.366,Vizianagaram,AP
2023-07-15,6.3,33.2,25.9,2.92,0.353,Vizianagaram,AP
2023-07-16,12.6,33.6,26.1,3.56,0.368,Vizianagaram,AP
2023-07-17,23.2,29.0,24.8,1.94,0.419,Vizianagaram,AP
2023-07-18,37.5,30.5,25.2,2.61,0.42,Vizianagaram,AP
2023-07-19,33.9,31.7,24.3,4.32,0.415,Vizianagaram,AP
2023-07-20,18.4,31.6,25.1,3.65,0.403,Vizianagaram,AP
2023-07-21,28.2,33.2,24.7,4.28,0.413,Vizianagaram,AP
2023-07-22,31.0,32.0,25.3,3.28,0.419,Vizianagaram,AP
2023-07-23,25.6,32.4,24.6,3.85,0.422,Vizianagaram,AP
2023-07-24,19.0,31.7,25.1,3.45,0.416,Vizianagaram,AP
2023-07-25,41.0,31.3,24.7,3.19,0.421,Vizianagaram,AP
2023-07-26,54.0,32.0,24.6,3.81,0.425,Vizianagaram,AP
2023-07-27,0.1,32.7,24.7,5.18,0.406,Vizianagaram,AP
2023-07-28,1.0,34.5,26.2,5.48,0.396,Vizianagaram,AP
2023-07-29,0.6,34.7,27.0,4.57,0.388,Vizianagaram,AP
2023-07-30,5.7,33.3,26.6,3.93,0.394,Vizianagaram,AP
2023-07-31,2.8,31.3,25.9,2.44,0.399,Vizianagaram,AP
2023-08-01,7.4,30.1,25.8,1.85,0.41,Vizianagaram,AP
2023-08-02,15.7,30.3,25.5,2.36,0.423,Vizianagaram,AP
2023-08-03,0.9,33.7,25.7,4.35,0.406,Vizianagaram,AP
2023-08-04,0.0,34.6,26.1,5.58,0.385,Vizianagaram,AP
2023-08-05,0.2,35.7,26.9,5.34,0.38,Vizianagaram,AP
2023-08-06,7.2,33.7,26.7,5.19,0.394,Vizianagaram,AP
2023-08-07,2.9,34.0,27.0,4.67,0.385,Vizianagaram,AP
2023-08-08,1.3,35.3,26.4,5.63,0.365,Vizianagaram,AP
2023-08-09,0.2,36.1,25.3,5.29,0.348,Vizianagaram,AP
2023-08-10,0.7,34.9,25.5,5.34,0.336,Vizianagaram,AP
2023-08-11,0.6,35.2,26.1,4.93,0.328,Vizianagaram,AP
2023-08-12,0.7,35.1,26.9,5.19,0.319,Vizianagaram,AP
2023-08-13,1.4,35.0,26.4,4.69,0.311,Vizianagaram,AP
2023-08-14,3.0,33.3,26.3,3.75,0.313,Vizianagaram,AP
2023-08-15,0.4,34.8,26.7,4.4,0.307,Vizianagaram,AP
2023-08-16,2.6,33.2,26.7,4.28,0.309,Vizianagaram,AP
2023-08-17,14.7,31.1,26.6,2.27,0.354,Vizianagaram,AP
2023-08-18,10.7,29.3,25.5,1.82,0.392,Vizianagaram,AP
2023-08-19,5.6,32.5,24.4,4.63,0.401,Vizianagaram,AP
2023-08-20,1.7,32.4,25.1,4.79,0.392,Vizianagaram,AP
2023-08-21,5.1,34.2,26.1,4.49,0.386,Vizianagaram,AP
2023-08-22,13.4,32.4,25.9,4.29,0.396,Vizianagaram,AP
2023-08-23,10.5,32.6,26.0,3.91,0.403,Vizianagaram,AP
2023-08-24,20.0,32.6,26.9,3.05,0.404,Vizianagaram,AP
2023-08-25,11.8,31.6,24.9,2.74,0.412,Vizianagaram,AP
2023-08-26,12.5,31.7,25.5,3.37,0.417,Vizianagaram,AP
2023-08-27,12.3,32.0,25.7,3.79,0.407,Vizianagaram,AP
2023-08-28,7.4,34.8,25.9,4.83,0.387,Vizianagaram,AP
2023-08-29,1.8,34.6,25.5,5.44,0.369,Vizianagaram,AP
2023-08-30,1.1,34.9,24.8,5.08,0.359,Vizianagaram,AP
2023-08-31,0.8,34.9,25.4,4.98,0.348,Vizianagaram,AP
2023-09-01,8.3,34.7,25.8,4.46,0.347,Vizianagaram,AP
2023-09-02,19.2,33.3,26.4,3.79,0.365,Vizianagaram,AP
2023-09-03,13.6,34.6,25.0,4.89,0.374,Vizianagaram,AP
2023-09-04,14.3,30.7,24.8,2.95,0.405,Vizianagaram,AP
2023-09-05,15.1,30.8,24.4,2.97,0.413,Vizianagaram,AP
2023-09-06,16.1,30.6,24.7,3.05,0.414,Vizianagaram,AP
2023-09-07,4.3,31.2,25.2,2.38,0.411,Vizianagaram,AP
2023-09-08,0.9,33.3,25.8,4.43,0.393,Vizianagaram,AP
2023-09-09,1.7,33.5,25.9,4.66,0.38,Vizianagaram,AP
2023-09-10,12.4,32.5,26.1,3.88,0.393,Vizianagaram,AP
2023-09-11,8.7,31.8,25.3,3.96,0.406,Vizianagaram,AP
2023-09-12,9.3,30.2,25.7,2.53,0.404,Vizianagaram,AP
2023-09-13,27.2,30.6,25.1,2.21,0.425,Vizianagaram,AP
2023-09-14,11.2,31.6,24.2,3.06,0.417,Vizianagaram,AP
2023-09-15,2.2,33.2,26.0,4.89,0.398,Vizianagaram,AP
2023-09-16,1.6,33.1,26.7,4.29,0.391,Vizianagaram,AP
2023-09-17,3.8,34.4,25.5,3.98,0.385,Vizianagaram,AP
2023-09-18,3.6,33.5,25.8,3.75,0.373,Vizianagaram,AP
2023-09-19,10.4,33.0,25.2,3.55,0.371,Vizianagaram,AP
2023-09-20,17.5,30.0,25.7,2.05,0.403,Vizianagaram,AP
2023-09-21,4.9,32.8,25.4,4.09,0.381,Vizianagaram,AP
2023-09-22,0.9,33.5,25.1,4.68,0.36,Vizianagaram,AP
2023-09-23,8.3,33.4,25.8,4.38,0.366,Vizianagaram,AP
2023-09-24,9.0,32.1,25.3,3.77,0.386,Vizianagaram,AP
2023-09-25,10.7,31.5,24.7,3.24,0.375,Vizianagaram,AP
2023-09-26,5.5,31.3,25.2,3.37,0.359,Vizianagaram,AP
2023-09-27,9.4,32.7,24.9,4.17,0.382,Vizianagaram,AP
2023-09-28,4.6,34.0,25.0,4.35,0.383,Vizianagaram,AP
2023-09-29,3.1,33.7,24.5,4.16,0.384,Vizianagaram,AP
2023-09-30,20.2,33.4,24.5,3.84,0.389,Vizianagaram,AP
2023-10-01,0.9,33.7,25.8,4.27,0.373,Vizianagaram,AP
2023-10-02,7.0,33.6,26.2,4.63,0.367,Vizianagaram,AP
2023-10-03,11.3,33.8,26.0,4.29,0.372,Vizianagaram,AP
2023-10-04,0.0,36.6,25.4,5.17,0.374,Vizianagaram,AP
2023-10-05,0.0,35.4,21.8,5.09,0.355,Vizianagaram,AP
2023-10-06,0.0,35.6,22.9,5.28,0.335,Vizianagaram,AP
2023-10-07,0.0,34.5,23.6,4.81,0.321,Vizianagaram,AP
2023-10-08,1.3,34.1,25.0,4.66,0.309,Vizianagaram,AP
2023-10-09,0.0,35.3,25.8,4.48,0.297,Vizianagaram,AP
2023-10-10,0.0,34.9,25.4,4.65,0.285,Vizianagaram,AP
2023-10-11,0.0,35.4,23.9,4.82,0.273,Vizianagaram,AP
2023-10-12,0.0,34.8,24.1,4.87,0.262,Vizianagaram,AP
2023-10-13,0.2,33.2,23.4,4.73,0.251,Vizianagaram,AP
2023-10-14,0.0,34.4,23.5,4.85,0.242,Vizianagaram,AP
2023-10-15,0.0,34.6,22.4,4.81,0.234,Vizianagaram,AP
2023-10-16,0.0,34.4,22.9,4.98,0.224,Vizianagaram,AP
2023-10-17,0.0,33.1,22.6,4.63,0.213,Vizianagaram,AP
2023-10-18,0.1,33.0,23.5,4.39,0.206,Vizianagaram,AP
2023-10-19,2.1,33.0,23.1,4.14,0.203,Vizianagaram,AP
2023-10-20,0.0,32.9,23.7,4.86,0.206,Vizianagaram,AP
2023-10-21,0.0,32.5,23.7,5.07,0.198,Vizianagaram,AP
2023-10-22,0.0,33.6,23.6,5.51,0.188,Vizianagaram,AP
2023-10-23,0.2,33.2,24.6,5.06,0.184,Vizianagaram,AP
2023-10-24,0.0,34.0,23.2,4.54,0.182,Vizianagaram,AP
2023-10-25,0.9,32.0,23.6,3.93,0.199,Vizianagaram,AP
2023-10-26,0.4,31.8,24.3,3.91,0.204,Vizianagaram,AP
2023-10-27,1.1,32.2,23.3,3.96,0.216,Vizianagaram,AP
2023-10-28,0.4,32.1,22.9,4.17,0.218,Vizianagaram,AP
2023-10-29,0.0,32.6,22.3,4.33,0.216,Vizianagaram,AP
2023-10-30,0.0,32.0,21.7,4.74,0.205,Vizianagaram,AP
2023-10-31,0.0,32.0,22.0,4.69,0.195,Vizianagaram,AP
2023-11-01,3.7,30.0,23.2,3.57,0.209,Vizianagaram,AP
2023-11-02,7.0,30.7,23.1,3.11,0.281,Vizianagaram,AP
2023-11-03,6.9,31.4,22.6,3.52,0.327,Vizianagaram,AP
2023-11-04,8.6,30.8,22.5,2.94,0.348,Vizianagaram,AP
2023-11-05,2.6,30.3,22.9,3.04,0.331,Vizianagaram,AP
2023-11-06,9.5,31.2,22.8,3.43,0.342,Vizianagaram,AP
2023-11-07,9.4,30.5,22.3,3.35,0.357,Vizianagaram,AP
2023-11-08,0.1,32.5,22.7,3.93,0.324,Vizianagaram,AP
2023-11-09,0.0,31.9,21.4,4.36,0.298,Vizianagaram,AP
2023-11-10,0.0,32.0,19.5,4.46,0.281,Vizianagaram,AP
2023-11-11,0.0,32.6,20.4,4.36,0.266,Vizianagaram,AP
2023-11-12,0.0,32.4,20.6,4.31,0.254,Vizianagaram,AP
2023-11-13,0.0,32.2,21.5,4.15,0.246,Vizianagaram,AP
2023-11-14,0.0,31.4,22.3,4.37,0.24,Vizianagaram,AP
2023-11-15,0.0,31.5,22.4,4.34,0.232,Vizianagaram,AP
2023-11-16,0.0,33.2,24.1,4.74,0.223,Vizianagaram,AP
2023-11-17,1.2,32.5,22.3,4.25,0.215,Vizianagaram,AP
2023-11-18,1.1,32.2,21.8,3.84,0.209,Vizianagaram,AP
2023-11-19,0.5,31.2,22.6,3.59,0.213,Vizianagaram,AP
2023-11-20,5.8,28.7,22.1,2.13,0.221,Vizianagaram,AP
2023-11-21,1.5,26.9,22.0,2.0,0.227,Vizianagaram,AP
2023-11-22,1.4,30.9,21.7,3.36,0.229,Vizianagaram,AP
2023-11-23,0.6,29.7,21.8,3.01,0.231,Vizianagaram,AP
2023-11-24,1.0,30.1,21.5,3.26,0.251,Vizianagaram,AP
2023-11-25,0.2,30.5,21.6,3.62,0.25,Vizianagaram,AP
2023-11-26,0.0,30.9,21.7,3.78,0.238,Vizianagaram,AP
2023-11-27,0.2,29.9,21.9,3.36,0.227,Vizianagaram,AP
2023-11-28,0.0,30.4,20.8,3.67,0.217,Vizianagaram,AP
2023-11-29,0.0,30.8,20.2,3.84,0.208,Vizianagaram,AP
2023-11-30,0.0,31.5,19.5,4.13,0.201,Vizianagaram,AP
2023-12-01,0.0,31.5,20.0,4.2,0.192,Vizianagaram,AP
2023-12-02,0.0,31.5,20.5,4.12,0.184,Vizianagaram,AP
2023-12-03,3.2,29.9,23.1,3.59,0.18,Vizianagaram,AP
2023-12-04,18.1,25.1,22.7,1.45,0.239,Vizianagaram,AP
2023-12-05,48.0,25.2,22.3,1.04,0.387,Vizianagaram,AP
2023-12-06,41.1,25.7,22.1,1.17,0.426,Vizianagaram,AP
2023-12-07,22.3,28.7,21.3,2.59,0.411,Vizianagaram,AP
2023-12-08,1.4,29.1,21.7,3.16,0.384,Vizianagaram,AP
2023-12-09,0.3,29.1,21.0,3.13,0.37,Vizianagaram,AP
2023-12-10,0.0,28.8,19.6,3.44,0.355,Vizianagaram,AP
2023-12-11,0.1,27.8,19.8,3.0,0.339,Vizianagaram,AP
2023-12-12,0.0,27.6,18.6,3.25,0.33,Vizianagaram,AP
2023-12-13,0.0,27.8,18.4,3.32,0.32,Vizianagaram,AP
2023-12-14,0.0,27.7,18.2,3.55,0.308,Vizianagaram,AP
2023-12-15,0.0,27.6,17.8,3.48,0.297,Vizianagaram,AP
2023-12-16,0.0,28.0,17.9,3.4,0.289,Vizianagaram,AP
2023-12-17,0.0,27.7,18.3,3.32,0.283,Vizianagaram,AP
2023-12-18,0.0,27.5,18.1,3.38,0.275,Vizianagaram,AP
2023-12-19,0.0,27.1,17.2,3.52,0.267,Vizianagaram,AP
2023-12-20,0.0,26.8,16.3,3.46,0.26,Vizianagaram,AP
2023-12-21,0.0,27.0,15.3,3.36,0.256,Vizianagaram,AP
2023-12-22,0.0,27.2,15.8,3.3,0.246,Vizianagaram,AP
2023-12-23,0.0,27.5,17.1,3.0,0.24,Vizianagaram,AP
2023-12-24,0.0,27.8,17.1,3.29,0.236,Vizianagaram,AP
2023-12-25,0.0,28.3,17.8,3.3,0.232,Vizianagaram,AP
2023-12-26,0.0,28.9,18.7,3.28,0.23,Vizianagaram,AP
2023-12-27,0.0,28.5,18.7,3.17,0.227,Vizianagaram,AP
2023-12-28,0.0,27.7,18.2,2.87,0.223,Vizianagaram,AP
2023-12-29,0.1,27.9,18.6,2.78,0.221,Vizianagaram,AP
2023-12-30,0.0,28.7,18.5,3.29,0.219,Vizianagaram,AP
2023-12-31,0.0,28.6,18.4,3.41,0.215,Vizianagaram,AP
2024-01-01,0.0,28.8,17.8,3.37,0.211,Vizianagaram,AP
2024-01-02,0.0,28.2,17.6,3.36,0.207,Vizianagaram,AP
2024-01-03,0.0,28.0,17.8,3.28,0.205,Vizianagaram,AP
2024-01-04,0.0,28.3,17.4,3.43,0.202,Vizianagaram,AP
2024-01-05,0.0,28.1,17.1,3.72,0.2,Vizianagaram,AP
2024-01-06,0.0,28.1,17.8,3.66,0.196,Vizianagaram,AP
2024-01-07,0.0,28.7,17.5,3.66,0.193,Vizianagaram,AP
2024-01-08,0.0,28.8,17.3,3.48,0.189,Vizianagaram,AP
2024-01-09,0.0,28.4,18.8,3.22,0.186,Vizianagaram,AP
2024-01-10,0.0,30.2,17.9,3.56,0.184,Vizianagaram,AP
2024-01-11,0.0,30.0,19.4,2.77,0.187,Vizianagaram,AP
2024-01-12,0.1,29.3,19.2,3.31,0.19,Vizianagaram,AP
2024-01-13,0.0,30.2,20.2,3.45,0.189,Vizianagaram,AP
2024-01-14,0.1,29.9,19.5,3.27,0.189,Vizianagaram,AP
2024-01-15,0.3,29.8,20.2,3.38,0.191,Vizianagaram,AP
2024-01-16,0.1,29.3,20.7,3.43,0.19,Vizianagaram,AP
2024-01-17,1.2,27.9,19.8,3.11,0.194,Vizianagaram,AP
2024-01-18,0.0,28.3,18.0,3.62,0.191,Vizianagaram,AP
2024-01-19,0.2,28.2,17.9,3.42,0.189,Vizianagaram,AP
2024-01-20,0.4,27.6,19.5,3.0,0.19,Vizianagaram,AP
2024-01-21,0.0,28.9,19.1,3.52,0.187,Vizianagaram,AP
2024-01-22,3.7,27.4,19.6,2.41,0.19,Vizianagaram,AP
2024-01-23,1.9,27.3,20.2,2.87,0.215,Vizianagaram,AP
2024-01-24,0.9,29.9,19.3,3.57,0.222,Vizianagaram,AP
2024-01-25,0.8,27.8,19.3,3.01,0.246,Vizianagaram,AP
2024-01-26,0.0,27.5,19.4,3.11,0.268,Vizianagaram,AP
2024-01-27,0.1,28.9,19.5,3.62,0.252,Vizianagaram,AP
2024-01-28,0.0,28.0,18.1,3.61,0.24,Vizianagaram,AP
2024-01-29,0.0,28.0,16.8,3.73,0.23,Vizianagaram,AP
2024-01-30,0.0,29.4,16.8,3.88,0.219,Vizianagaram,AP
2024-01-31,0.0,30.5,17.4,4.1,0.21,Vizianagaram,AP
2024-02-01,0.0,30.6,17.7,4.15,0.202,Vizianagaram,AP
2024-02-02,0.6,30.6,19.8,3.8,0.199,Vizianagaram,AP
2024-02-03,0.4,29.9,19.7,3.71,0.201,Vizianagaram,AP
2024-02-04,0.0,30.0,20.2,3.73,0.196,Vizianagaram,AP
2024-02-05,0.0,30.7,19.4,3.82,0.191,Vizianagaram,AP
2024-02-06,0.0,32.9,21.2,4.19,0.187,Vizianagaram,AP
2024-02-07,0.3,33.5,21.0,4.05,0.185,Vizianagaram,AP
2024-02-08,1.6,31.9,22.2,3.13,0.196,Vizianagaram,AP
2024-02-09,2.1,29.1,22.8,3.45,0.211,Vizianagaram,AP
2024-02-10,0.0,29.3,20.9,4.2,0.209,Vizianagaram,AP
2024-02-11,0.0,29.9,19.0,4.25,0.198,Vizianagaram,AP
2024-02-12,0.0,30.1,18.2,4.33,0.192,Vizianagaram,AP
2024-02-13,0.0,31.0,17.4,4.38,0.187,Vizianagaram,AP
2024-02-14,0.0,31.2,16.8,4.21,0.183,Vizianagaram,AP
2024-02-15,0.0,32.0,16.8,4.41,0.177,Vizianagaram,AP
2024-02-16,0.0,32.8,17.0,4.39,0.174,Vizianagaram,AP
2024-02-17,0.0,31.7,18.0,4.3,0.173,Vizianagaram,AP
2024-02-18,0.0,32.8,17.9,4.5,0.172,Vizianagaram,AP
2024-02-19,0.0,33.8,19.4,5.67,0.17,Vizianagaram,AP
2024-02-20,0.0,35.3,19.7,5.38,0.169,Vizianagaram,AP
2024-02-21,0.0,34.5,21.5,5.84,0.169,Vizianagaram,AP
2024-02-22,0.0,33.1,21.6,5.32,0.17,Vizianagaram,AP
2024-02-23,0.1,33.2,22.8,4.67,0.17,Vizianagaram,AP
2024-02-24,1.0,31.1,22.4,3.59,0.174,Vizianagaram,AP
2024-02-25,0.0,31.1,22.2,4.35,0.173,Vizianagaram,AP
2024-02-26,0.0,30.8,21.5,4.5,0.169,Vizianagaram,AP
2024-02-27,0.0,32.1,20.4,4.49,0.164,Vizianagaram,AP
2024-02-28,0.0,32.7,21.7,4.72,0.16,Vizianagaram,AP
2024-02-29,0.3,35.0,21.9,4.64,0.158,Vizianagaram,AP
2024-03-01,0.0,35.1,20.8,4.79,0.155,Vizianagaram,AP
2024-03-02,0.0,34.2,20.3,5.37,0.152,Vizianagaram,AP
2024-03-03,0.0,34.5,22.1,5.55,0.149,Vizianagaram,AP
2024-03-04,0.0,34.5,22.0,5.72,0.144,Vizianagaram,AP
2024-03-05,0.4,35.2,21.1,4.79,0.141,Vizianagaram,AP
2024-03-06,0.3,35.2,22.1,5.06,0.141,Vizianagaram,AP
2024-03-07,0.4,34.7,22.5,5.4,0.141,Vizianagaram,AP
2024-03-08,1.2,33.3,22.4,4.11,0.144,Vizianagaram,AP
2024-03-09,1.8,32.4,23.6,3.93,0.154,Vizianagaram,AP
2024-03-10,1.6,33.2,22.5,4.61,0.173,Vizianagaram,AP
2024-03-11,2.4,33.1,22.3,5.08,0.178,Vizianagaram,AP
2024-03-12,0.4,36.5,23.3,5.54,0.175,Vizianagaram,AP
2024-03-13,0.4,36.8,24.6,5.68,0.17,Vizianagaram,AP
2024-03-14,0.2,37.2,25.0,5.7,0.175,Vizianagaram,AP
2024-03-15,0.3,36.2,23.7,5.06,0.172,Vizianagaram,AP
2024-03-16,0.0,34.3,23.4,4.92,0.166,Vizianagaram,AP
2024-03-17,2.1,33.7,22.9,4.05,0.167,Vizianagaram,AP
2024-03-18,4.4,34.7,23.7,4.91,0.187,Vizianagaram,AP
2024-03-19,2.5,32.4,23.8,3.21,0.23,Vizianagaram,AP
2024-03-20,7.3,30.2,20.9,3.52,0.292,Vizianagaram,AP
2024-03-21,0.4,31.3,19.4,4.78,0.296,Vizianagaram,AP
2024-03-22,1.7,32.8,21.9,4.97,0.275,Vizianagaram,AP
2024-03-23,0.0,35.2,22.1,5.02,0.254,Vizianagaram,AP
2024-03-24,0.1,35.3,23.6,5.42,0.238,Vizianagaram,AP
2024-03-25,0.0,35.6,23.3,5.82,0.225,Vizianagaram,AP
2024-03-26,0.0,35.5,21.8,6.17,0.209,Vizianagaram,AP
2024-03-27,0.0,36.3,22.2,6.03,0.197,Vizianagaram,AP
2024-03-28,0.6,38.1,24.0,5.88,0.189,Vizianagaram,AP
2024-03-29,0.1,37.8,23.2,6.19,0.183,Vizianagaram,AP
2024-03-30,0.0,38.7,24.5,6.85,0.176,Vizianagaram,AP
2024-03-31,0.0,36.9,25.6,6.2,0.173,Vizianagaram,AP
2024-04-01,0.4,39.1,24.9,6.89,0.171,Vizianagaram,AP
2024-04-02,0.7,37.7,26.3,6.49,0.169,Vizianagaram,AP
2024-04-03,0.0,36.7,25.4,6.17,0.168,Vizianagaram,AP
2024-04-04,0.1,38.9,26.5,6.49,0.167,Vizianagaram,AP
2024-04-05,0.0,41.4,26.7,6.66,0.167,Vizianagaram,AP
2024-04-06,0.0,41.6,27.1,6.79,0.171,Vizianagaram,AP
2024-04-07,0.0,39.8,27.5,7.25,0.172,Vizianagaram,AP
2024-04-08,0.0,34.3,25.1,5.56,0.173,Vizianagaram,AP
2024-04-09,0.0,37.0,23.3,5.89,0.168,Vizianagaram,AP
2024-04-10,0.0,37.4,22.9,6.07,0.16,Vizianagaram,AP
2024-04-11,0.0,37.1,22.2,5.28,0.151,Vizianagaram,AP
2024-04-12,0.1,34.9,23.9,4.73,0.15,Vizianagaram,AP
2024-04-13,0.0,36.4,24.8,5.34,0.148,Vizianagaram,AP
2024-04-14,0.0,37.7,22.7,6.19,0.143,Vizianagaram,AP
2024-04-15,0.2,38.3,24.0,6.36,0.139,Vizianagaram,AP
2024-04-16,0.0,40.6,27.5,7.11,0.141,Vizianagaram,AP
2024-04-17,0.0,41.0,28.8,6.94,0.136,Vizianagaram,AP
2024-04-18,0.0,40.1,27.1,6.35,0.133,Vizianagaram,AP
2024-04-19,0.1,40.5,27.1,6.4,0.134,Vizianagaram,AP
2024-04-20,0.2,40.6,27.4,6.62,0.138,Vizianagaram,AP
2024-04-21,0.0,39.5,28.1,5.45,0.147,Vizianagaram,AP
2024-04-22,1.0,39.8,27.7,5.81,0.156,Vizianagaram,AP
2024-04-23,0.0,39.2,26.4,6.49,0.164,Vizianagaram,AP
2024-04-24,0.6,41.0,25.5,6.17,0.159,Vizianagaram,AP
2024-04-25,1.0,40.9,26.5,6.36,0.162,Vizianagaram,AP
2024-04-26,0.1,40.6,26.9,6.52,0.156,Vizianagaram,AP
2024-04-27,0.3,40.4,27.3,5.91,0.154,Vizianagaram,AP
2024-04-28,0.3,41.8,28.0,6.56,0.148,Vizianagaram,AP
2024-04-29,0.0,40.9,27.9,7.55,0.142,Vizianagaram,AP
2024-04-30,0.5,41.0,27.9,7.26,0.14,Vizianagaram,AP
2024-05-01,0.0,41.2,30.1,8.19,0.137,Vizianagaram,AP
2024-05-02,0.0,39.1,29.3,7.4,0.138,Vizianagaram,AP
2024-05-03,0.2,40.5,28.6,6.25,0.138,Vizianagaram,AP
2024-05-04,0.0,39.0,28.2,6.77,0.135,Vizianagaram,AP
2024-05-05,0.0,38.6,29.2,6.59,0.132,Vizianagaram,AP
2024-05-06,20.8,38.6,26.8,5.51,0.209,Vizianagaram,AP
2024-05-07,0.0,35.7,27.3,5.06,0.291,Vizianagaram,AP
2024-05-08,1.6,35.0,26.5,5.45,0.265,Vizianagaram,AP
2024-05-09,1.9,34.4,27.0,5.41,0.26,Vizianagaram,AP
2024-05-10,2.8,34.2,26.0,5.44,0.278,Vizianagaram,AP
2024-05-11,0.0,37.1,26.6,6.0,0.252,Vizianagaram,AP
2024-05-12,0.5,36.7,27.7,5.61,0.242,Vizianagaram,AP
2024-05-13,1.4,35.0,27.1,4.56,0.236,Vizianagaram,AP
2024-05-14,0.2,35.1,26.4,5.17,0.241,Vizianagaram,AP
2024-05-15,2.0,34.1,26.2,4.76,0.231,Vizianagaram,AP
2024-05-16,14.5,32.9,25.7,3.38,0.303,Vizianagaram,AP
2024-05-17,1.8,34.3,26.2,4.35,0.262,Vizianagaram,AP
2024-05-18,2.6,35.4,26.0,5.23,0.267,Vizianagaram,AP
2024-05-19,1.8,35.7,27.5,5.17,0.265,Vizianagaram,AP
2024-05-20,2.2,36.9,27.9,5.65,0.272,Vizianagaram,AP
2024-05-21,1.5,35.4,27.6,5.15,0.257,Vizianagaram,AP
2024-05-22,0.0,35.8,26.7,5.45,0.233,Vizianagaram,AP
2024-05-23,0.4,35.5,27.0,5.22,0.214,Vizianagaram,AP
2024-05-24,9.5,36.5,26.7,4.94,0.251,Vizianagaram,AP
2024-05-25,0.0,34.3,26.9,3.18,0.327,Vizianagaram,AP
2024-05-26,0.0,36.0,28.4,3.94,0.296,Vizianagaram,AP
2024-05-27,0.1,41.8,30.3,6.57,0.28,Vizianagaram,AP
2024-05-28,0.0,42.9,29.5,6.76,0.264,Vizianagaram,AP
2024-05-29,0.0,38.9,30.7,7.21,0.252,Vizianagaram,AP
2024-05-30,0.0,38.7,30.3,6.71,0.237,Vizianagaram,AP
2024-05-31,0.4,38.2,29.6,5.98,0.224,Vizianagaram,AP
2024-06-01,1.1,36.9,27.2,5.84,0.216,Vizianagaram,AP
2024-06-02,0.7,36.1,28.8,5.16,0.241,Vizianagaram,AP
2024-06-03,0.1,35.5,26.5,4.12,0.319,Vizianagaram,AP
2024-06-04,15.9,36.8,27.8,4.07,0.341,Vizianagaram,AP
2024-06-05,1.4,36.6,27.8,4.71,0.347,Vizianagaram,AP
2024-06-06,0.1,36.3,27.1,5.63,0.329,Vizianagaram,AP
2024-06-07,0.7,34.8,26.7,5.96,0.306,Vizianagaram,AP
2024-06-08,0.0,36.4,27.1,6.0,0.288,Vizianagaram,AP
2024-06-09,0.1,35.8,26.7,6.47,0.27,Vizianagaram,AP
2024-06-10,0.5,34.9,27.2,5.73,0.255,Vizianagaram,AP
2024-06-11,0.0,36.4,26.6,5.77,0.242,Vizianagaram,AP
2024-06-12,1.4,36.0,28.2,4.2,0.235,Vizianagaram,AP
2024-06-13,0.0,36.0,27.6,4.81,0.236,Vizianagaram,AP
2024-06-14,1.6,37.0,27.3,5.35,0.237,Vizianagaram,AP
2024-06-15,4.5,38.0,27.7,5.41,0.278,Vizianagaram,AP
2024-06-16,2.9,36.5,26.7,5.58,0.345,Vizianagaram,AP
2024-06-17,6.3,37.0,27.2,5.25,0.351,Vizianagaram,AP
2024-06-18,3.7,38.4,27.6,5.72,0.335,Vizianagaram,AP
2024-06-19,0.4,36.9,27.2,5.68,0.312,Vizianagaram,AP
2024-06-20,10.3,36.3,28.0,4.97,0.336,Vizianagaram,AP
2024-06-21,7.6,33.0,26.2,3.24,0.344,Vizianagaram,AP
2024-06-22,15.0,32.8,26.2,3.83,0.35,Vizianagaram,AP
2024-06-23,7.7,32.5,26.0,4.55,0.356,Vizianagaram,AP
2024-06-24,3.3,34.3,26.8,5.16,0.32,Vizianagaram,AP
2024-06-25,10.3,33.9,26.1,4.89,0.338,Vizianagaram,AP
2024-06-26,20.8,31.8,26.0,2.7,0.376,Vizianagaram,AP
2024-06-27,43.8,31.0,25.2,3.11,0.408,Vizianagaram,AP
2024-06-28,3.0,34.7,25.5,5.24,0.397,Vizianagaram,AP
2024-06-29,22.9,31.6,26.3,3.36,0.4,Vizianagaram,AP
2024-06-30,29.9,31.7,25.4,3.4,0.411,Vizianagaram,AP
2024-07-01,6.8,32.2,26.4,2.93,0.395,Vizianagaram,AP
2024-07-02,0.0,34.6,26.6,4.87,0.366,Vizianagaram,AP
2024-07-03,0.0,34.3,27.1,5.12,0.35,Vizianagaram,AP
2024-07-04,7.8,33.5,27.9,4.86,0.37,Vizianagaram,AP
2024-07-05,1.1,34.7,27.4,5.23,0.377,Vizianagaram,AP
2024-07-06,9.8,34.3,26.5,4.8,0.381,Vizianagaram,AP
2024-07-07,8.4,33.1,26.0,4.42,0.384,Vizianagaram,AP
2024-07-08,34.3,32.1,24.9,3.33,0.414,Vizianagaram,AP
2024-07-09,17.9,31.0,25.1,4.13,0.408,Vizianagaram,AP
2024-07-10,3.7,31.7,25.5,4.62,0.389,Vizianagaram,AP
2024-07-11,13.7,32.4,25.7,4.49,0.389,Vizianagaram,AP
2024-07-12,6.4,33.7,26.1,4.57,0.376,Vizianagaram,AP
2024-07-13,16.3,31.4,25.3,3.59,0.407,Vizianagaram,AP
2024-07-14,33.2,33.0,25.3,4.32,0.413,Vizianagaram,AP
2024-07-15,27.9,30.5,25.2,2.52,0.423,Vizianagaram,AP
2024-07-16,13.3,32.0,24.7,3.9,0.413,Vizianagaram,AP
2024-07-17,24.8,32.5,25.2,3.76,0.408,Vizianagaram,AP
2024-07-18,58.8,27.5,24.9,1.3,0.426,Vizianagaram,AP
2024-07-19,78.9,27.3,24.2,1.18,0.429,Vizianagaram,AP
2024-07-20,24.2,30.7,24.7,2.65,0.422,Vizianagaram,AP
2024-07-21,15.4,30.0,24.7,2.94,0.423,Vizianagaram,AP
2024-07-22,5.3,30.7,25.2,3.94,0.419,Vizianagaram,AP
2024-07-23,10.1,30.4,25.2,2.89,0.423,Vizianagaram,AP
2024-07-24,15.4,30.9,25.2,3.1,0.423,Vizianagaram,AP
2024-07-25,11.9,31.2,24.8,3.28,0.421,Vizianagaram,AP
2024-07-26,41.1,31.0,24.5,4.17,0.422,Vizianagaram,AP
2024-07-27,18.7,30.6,25.5,2.48,0.422,Vizianagaram,AP
2024-07-28,0.0,34.5,25.8,5.45,0.407,Vizianagaram,AP
2024-07-29,6.4,34.1,26.1,5.04,0.404,Vizianagaram,AP
2024-07-30,11.6,32.8,25.7,4.44,0.412,Vizianagaram,AP
2024-07-31,4.0,32.3,26.5,3.93,0.408,Vizianagaram,AP
2024-08-01,2.0,31.4,27.0,2.84,0.399,Vizianagaram,AP
2024-08-02,9.0,30.3,25.8,3.02,0.405,Vizianagaram,AP
2024-08-03,4.7,33.4,25.6,4.59,0.407,Vizianagaram,AP
2024-08-04,0.5,33.6,26.8,4.8,0.387,Vizianagaram,AP
2024-08-05,5.1,33.3,26.1,4.13,0.388,Vizianagaram,AP
2024-08-06,14.5,28.7,25.9,1.6,0.406,Vizianagaram,AP
2024-08-07,14.1,31.1,24.8,2.81,0.424,Vizianagaram,AP
2024-08-08,14.6,32.0,24.5,3.4,0.421,Vizianagaram,AP
2024-08-09,0.8,33.9,25.3,4.38,0.402,Vizianagaram,AP
2024-08-10,1.1,33.9,25.5,4.81,0.385,Vizianagaram,AP
2024-08-11,2.0,34.2,25.6,4.78,0.375,Vizianagaram,AP
2024-08-12,22.0,33.3,25.3,4.35,0.382,Vizianagaram,AP
2024-08-13,5.5,33.8,26.2,4.43,0.37,Vizianagaram,AP
2024-08-14,5.2,32.9,25.5,4.32,0.398,Vizianagaram,AP
2024-08-15,0.6,33.1,26.5,4.38,0.386,Vizianagaram,AP
2024-08-16,3.9,33.7,26.3,4.36,0.37,Vizianagaram,AP
2024-08-17,2.8,33.4,25.1,3.97,0.382,Vizianagaram,AP
2024-08-18,7.6,33.1,26.0,4.49,0.378,Vizianagaram,AP
2024-08-19,34.2,31.3,25.9,2.59,0.407,Vizianagaram,AP
2024-08-20,1.3,33.3,25.9,4.94,0.374,Vizianagaram,AP
2024-08-21,4.7,32.1,25.8,4.6,0.369,Vizianagaram,AP
2024-08-22,14.7,30.9,25.7,3.07,0.388,Vizianagaram,AP
2024-08-23,21.7,29.9,26.0,2.01,0.398,Vizianagaram,AP
2024-08-24,1.1,30.6,25.9,3.27,0.389,Vizianagaram,AP
2024-08-25,0.0,32.8,25.5,4.44,0.394,Vizianagaram,AP
2024-08-26,2.7,29.9,25.3,2.27,0.388,Vizianagaram,AP
2024-08-27,1.3,34.0,25.8,4.86,0.369,Vizianagaram,AP
2024-08-28,42.7,30.8,25.1,2.19,0.404,Vizianagaram,AP
2024-08-29,55.1,26.3,24.3,0.9,0.428,Vizianagaram,AP
2024-08-30,57.0,30.1,24.0,2.23,0.421,Vizianagaram,AP
2024-08-31,32.4,29.4,24.8,2.58,0.426,Vizianagaram,AP
2024-09-01,2.7,30.2,24.7,4.12,0.415,Vizianagaram,AP
2024-09-02,1.1,30.4,24.9,4.48,0.401,Vizianagaram,AP
2024-09-03,7.0,30.8,24.8,3.21,0.398,Vizianagaram,AP
2024-09-04,8.8,30.1,24.7,3.32,0.394,Vizianagaram,AP
2024-09-05,27.8,32.2,24.4,3.18,0.412,Vizianagaram,AP
2024-09-06,25.9,32.1,24.9,3.39,0.414,Vizianagaram,AP
2024-09-07,23.8,29.8,25.6,2.01,0.422,Vizianagaram,AP
2024-09-08,59.4,25.9,24.2,0.64,0.428,Vizianagaram,AP
2024-09-09,15.9,30.6,24.4,3.51,0.422,Vizianagaram,AP
2024-09-10,0.4,33.5,25.2,5.12,0.414,Vizianagaram,AP
2024-09-11,0.0,34.3,26.6,5.15,0.401,Vizianagaram,AP
2024-09-12,0.1,33.9,25.5,4.94,0.389,Vizianagaram,AP
2024-09-13,1.2,33.2,25.4,4.09,0.384,Vizianagaram,AP
2024-09-14,1.2,33.5,25.9,3.92,0.387,Vizianagaram,AP
2024-09-15,0.4,35.0,25.3,5.14,0.377,Vizianagaram,AP
2024-09-16,0.0,34.6,25.3,5.34,0.364,Vizianagaram,AP
2024-09-17,3.1,33.1,26.1,4.45,0.367,Vizianagaram,AP
2024-09-18,3.0,34.1,25.5,4.8,0.377,Vizianagaram,AP
2024-09-19,5.7,32.9,24.8,3.92,0.381,Vizianagaram,AP
2024-09-20,30.4,31.3,24.3,3.28,0.41,Vizianagaram,AP
2024-09-21,4.8,33.4,23.7,4.39,0.402,Vizianagaram,AP
2024-09-22,20.1,33.1,24.3,4.4,0.397,Vizianagaram,AP
2024-09-23,16.0,29.1,24.3,2.32,0.421,Vizianagaram,AP
2024-09-24,16.5,30.9,24.5,3.01,0.422,Vizianagaram,AP
2024-09-25,2.8,30.7,24.2,2.83,0.415,Vizianagaram,AP
2024-09-26,17.7,29.1,24.7,2.3,0.418,Vizianagaram,AP
2024-09-27,8.6,29.3,24.7,2.91,0.419,Vizianagaram,AP
2024-09-28,5.2,31.6,24.7,4.37,0.41,Vizianagaram,AP
2024-09-29,2.9,32.9,24.9,4.26,0.393,Vizianagaram,AP
2024-09-30,5.4,33.4,25.1,4.39,0.385,Vizianagaram,AP
2024-10-01,0.1,35.0,25.4,4.84,0.366,Vizianagaram,AP
2024-10-02,7.4,32.0,25.7,3.32,0.372,Vizianagaram,AP
2024-10-03,7.1,34.7,25.1,3.88,0.369,Vizianagaram,AP
2024-10-04,0.0,36.0,24.6,5.01,0.346,Vizianagaram,AP
2024-10-05,0.3,35.3,24.5,4.6,0.333,Vizianagaram,AP
2024-10-06,2.0,33.1,24.4,4.15,0.338,Vizianagaram,AP
2024-10-07,15.5,31.0,24.7,3.78,0.37,Vizianagaram,AP
2024-10-08,5.6,31.3,24.3,3.57,0.361,Vizianagaram,AP
2024-10-09,2.8,31.2,23.9,4.18,0.342,Vizianagaram,AP
2024-10-10,0.6,31.2,24.5,4.22,0.32,Vizianagaram,AP
2024-10-11,1.3,31.3,24.3,4.25,0.31,Vizianagaram,AP
2024-10-12,2.5,32.0,24.1,3.8,0.31,Vizianagaram,AP
2024-10-13,0.7,32.0,24.0,4.33,0.308,Vizianagaram,AP
2024-10-14,2.5,32.1,25.1,3.66,0.304,Vizianagaram,AP
2024-10-15,4.3,31.4,23.9,3.75,0.329,Vizianagaram,AP
2024-10-16,2.0,32.1,24.2,3.96,0.317,Vizianagaram,AP
2024-10-17,6.2,29.5,24.8,2.56,0.34,Vizianagaram,AP
2024-10-18,1.4,30.9,24.6,3.55,0.333,Vizianagaram,AP
2024-10-19,5.0,32.3,24.2,3.34,0.333,Vizianagaram,AP
2024-10-20,1.7,30.0,23.1,2.93,0.344,Vizianagaram,AP
2024-10-21,2.4,31.8,22.9,3.64,0.355,Vizianagaram,AP
2024-10-22,0.0,33.4,23.5,4.61,0.344,Vizianagaram,AP
2024-10-23,0.0,33.6,22.1,5.53,0.322,Vizianagaram,AP
2024-10-24,0.0,33.1,21.7,3.8,0.314,Vizianagaram,AP
2024-10-25,0.3,32.7,23.5,3.62,0.315,Vizianagaram,AP
2024-10-26,0.1,33.5,23.3,4.26,0.336,Vizianagaram,AP
2024-10-27,1.4,31.6,23.5,3.88,0.329,Vizianagaram,AP
2024-10-28,1.0,31.3,24.0,3.33,0.323,Vizianagaram,AP
2024-10-29,3.5,31.5,23.2,3.39,0.318,Vizianagaram,AP
2024-10-30,1.1,31.2,23.2,3.62,0.312,Vizianagaram,AP
2024-10-31,0.4,32.0,22.9,3.9,0.303,Vizianagaram,AP
2024-11-01,0.4,32.3,22.6,3.97,0.293,Vizianagaram,AP
2024-11-02,0.9,32.4,23.3,3.8,0.29,Vizianagaram,AP
2024-11-03,1.0,32.6,22.7,4.35,0.285,Vizianagaram,AP
2024-11-04,0.0,32.1,21.7,4.67,0.271,Vizianagaram,AP
2024-11-05,0.0,31.9,21.4,4.33,0.263,Vizianagaram,AP
2024-11-06,0.9,31.8,22.6,4.13,0.257,Vizianagaram,AP
2024-11-07,0.6,31.5,22.0,3.91,0.251,Vizianagaram,AP
2024-11-08,0.2,32.0,23.2,3.99,0.245,Vizianagaram,AP
2024-11-09,0.0,32.5,22.8,4.36,0.24,Vizianagaram,AP
2024-11-10,0.0,32.2,22.2,4.59,0.235,Vizianagaram,AP
2024-11-11,0.6,29.8,21.8,3.34,0.232,Vizianagaram,AP
2024-11-12,0.9,30.4,23.8,2.81,0.186,Vizianagaram,AP
2024-11-13,0.4,32.8,23.1,4.31,0.075,Vizianagaram,AP
2024-11-14,0.8,33.3,23.7,4.89,0.068,Vizianagaram,AP
2024-11-15,0.0,33.3,23.8,4.58,0.061,Vizianagaram,AP
2024-11-16,0.0,32.4,22.7,4.63,0.064,Vizianagaram,AP
2024-11-17,0.0,31.6,21.5,4.81,0.07,Vizianagaram,AP
2024-11-18,0.0,31.1,19.5,4.94,0.076,Vizianagaram,AP
2024-11-19,0.0,30.8,19.6,4.56,0.081,Vizianagaram,AP
2024-11-20,0.0,30.0,18.4,4.51,0.089,Vizianagaram,AP
2024-11-21,0.0,30.0,19.2,4.34,0.096,Vizianagaram,AP
2024-11-22,0.0,30.8,19.8,4.44,0.096,Vizianagaram,AP
2024-11-23,0.0,31.0,20.1,4.23,0.095,Vizianagaram,AP
2024-11-24,0.0,30.7,20.3,4.33,0.097,Vizianagaram,AP
2024-11-25,0.0,30.0,20.2,4.48,0.104,Vizianagaram,AP
2024-11-26,0.0,30.8,20.6,5.02,0.108,Vizianagaram,AP
2024-11-27,0.0,29.7,18.9,5.01,0.115,Vizianagaram,AP
2024-11-28,0.0,29.1,20.0,5.02,0.128,Vizianagaram,AP
2024-11-29,8.3,27.8,21.4,3.3,0.157,Vizianagaram,AP
2024-11-30,6.2,28.0,21.8,1.94,0.206,Vizianagaram,AP
2024-12-01,22.5,25.6,22.7,1.23,0.362,Vizianagaram,AP
2024-12-02,24.6,27.2,22.3,1.62,0.383,Vizianagaram,AP
2024-12-03,11.7,26.6,22.7,1.53,0.402,Vizianagaram,AP
2024-12-04,0.4,29.3,22.2,2.93,0.377,Vizianagaram,AP
2024-12-05,0.0,29.8,21.9,3.56,0.337,Vizianagaram,AP
2024-12-06,0.0,30.5,22.0,3.49,0.308,Vizianagaram,AP
2024-12-07,5.1,29.3,21.4,2.85,0.304,Vizianagaram,AP
2024-12-08,0.3,29.7,21.8,3.16,0.315,Vizianagaram,AP
2024-12-09,0.2,30.1,21.2,3.0,0.296,Vizianagaram,AP
2024-12-10,3.6,29.4,21.9,3.01,0.282,Vizianagaram,AP
2024-12-11,0.4,28.0,21.3,3.12,0.265,Vizianagaram,AP
2024-12-12,0.0,27.9,20.2,3.57,0.234,Vizianagaram,AP
2024-12-13,0.0,27.8,18.3,3.56,0.218,Vizianagaram,AP
2024-12-14,0.0,27.9,17.1,3.73,0.205,Vizianagaram,AP
2024-12-15,0.0,27.2,16.4,3.68,0.192,Vizianagaram,AP
2024-12-16,0.0,27.6,15.1,3.86,0.182,Vizianagaram,AP
2024-12-17,10.3,27.1,16.1,2.5,0.194,Vizianagaram,AP
2024-12-18,15.9,26.0,20.2,1.98,0.275,Vizianagaram,AP
2024-12-19,36.0,27.2,21.3,1.84,0.361,Vizianagaram,AP
2024-12-20,56.5,22.8,21.2,0.78,0.423,Vizianagaram,AP
2024-12-21,25.8,23.7,19.7,0.99,0.419,Vizianagaram,AP
2024-12-22,0.0,27.8,18.5,3.68,0.382,Vizianagaram,AP
2024-12-23,0.0,24.6,19.7,1.94,0.36,Vizianagaram,AP
2024-12-24,18.3,22.5,20.2,1.38,0.389,Vizianagaram,AP
2024-12-25,27.6,23.3,19.5,1.38,0.421,Vizianagaram,AP
2024-12-26,1.4,27.2,20.0,2.83,0.39,Vizianagaram,AP
2024-12-27,0.0,28.8,19.7,3.99,0.364,Vizianagaram,AP
2024-12-28,0.0,28.6,17.2,3.85,0.337,Vizianagaram,AP
2024-12-29,0.0,29.2,16.7,3.51,0.315,Vizianagaram,AP
2024-12-30,0.0,29.7,18.6,3.58,0.291,Vizianagaram,AP
2024-12-31,0.2,29.1,20.4,3.26,0.281,Vizianagaram,AP
2025-01-01,0.0,28.4,19.3,3.4,0.274,Vizianagaram,AP
2025-01-02,0.0,26.8,17.5,3.33,0.271,Vizianagaram,AP
2025-01-03,0.0,26.9,15.6,3.35,0.264,Vizianagaram,AP
2025-01-04,0.0,27.1,16.1,3.35,0.249,Vizianagaram,AP
2025-01-05,0.0,27.0,16.3,3.05,0.232,Vizianagaram,AP
2025-01-06,0.0,27.8,16.9,3.13,0.215,Vizianagaram,AP
2025-01-07,0.0,28.7,16.6,3.43,0.202,Vizianagaram,AP
2025-01-08,0.0,28.5,17.8,3.66,0.19,Vizianagaram,AP
2025-01-09,0.0,27.5,16.8,3.85,0.177,Vizianagaram,AP
2025-01-10,0.0,26.6,16.1,3.76,0.168,Vizianagaram,AP
2025-01-11,0.0,26.6,15.2,3.71,0.164,Vizianagaram,AP
2025-01-12,0.0,27.0,16.8,3.65,0.159,Vizianagaram,AP
2025-01-13,0.0,28.4,17.0,3.62,0.151,Vizianagaram,AP
2025-01-14,0.0,29.1,18.6,3.68,0.144,Vizianagaram,AP
2025-01-15,0.0,28.4,19.6,3.68,0.142,Vizianagaram,AP
2025-01-16,0.0,28.0,18.4,3.58,0.148,Vizianagaram,AP
2025-01-17,0.0,27.5,17.8,3.88,0.149,Vizianagaram,AP
2025-01-18,0.0,27.2,16.4,4.03,0.141,Vizianagaram,AP
2025-01-19,0.0,29.0,15.5,4.03,0.133,Vizianagaram,AP
2025-01-20,0.0,30.1,15.6,4.08,0.125,Vizianagaram,AP
2025-01-21,0.0,30.6,14.1,4.11,0.114,Vizianagaram,AP
2025-01-22,0.0,30.7,14.3,3.95,0.104,Vizianagaram,AP
2025-01-23,0.0,30.8,15.6,3.86,0.099,Vizianagaram,AP
2025-01-24,0.0,29.7,15.6,3.83,0.1,Vizianagaram,AP
2025-01-25,0.0,31.3,16.9,3.85,0.107,Vizianagaram,AP
2025-01-26,0.0,30.0,18.6,3.78,0.111,Vizianagaram,AP
2025-01-27,0.0,29.9,18.5,3.85,0.112,Vizianagaram,AP
2025-01-28,0.0,30.3,19.3,3.88,0.117,Vizianagaram,AP
2025-01-29,0.1,29.4,20.4,3.43,0.125,Vizianagaram,AP
2025-01-30,0.2,29.5,19.0,3.25,0.136,Vizianagaram,AP
2025-01-31,0.0,31.4,19.3,3.96,0.146,Vizianagaram,AP
2025-02-01,0.0,31.9,20.0,3.86,0.141,Vizianagaram,AP
2025-02-02,0.0,32.6,18.7,4.39,0.135,Vizianagaram,AP
2025-02-03,0.0,34.0,18.2,4.7,0.131,Vizianagaram,AP
2025-02-04,0.0,33.1,19.3,4.37,0.135,Vizianagaram,AP
2025-02-05,0.0,33.1,20.5,4.3,0.139,Vizianagaram,AP
2025-02-06,0.0,34.1,20.1,4.69,0.137,Vizianagaram,AP
2025-02-07,0.5,32.5,20.2,4.08,0.139,Vizianagaram,AP
2025-02-08,0.2,32.3,22.5,4.05,0.14,Vizianagaram,AP
2025-02-09,0.4,31.4,21.0,4.04,0.151,Vizianagaram,AP
2025-02-10,0.0,31.4,19.7,4.3,0.138,Vizianagaram,AP
2025-02-11,0.0,31.7,19.7,4.6,0.121,Vizianagaram,AP
2025-02-12,0.0,33.3,20.5,4.77,0.117,Vizianagaram,AP
2025-02-13,0.0,34.3,20.3,5.06,0.114,Vizianagaram,AP
2025-02-14,0.0,33.9,20.8,5.08,0.11,Vizianagaram,AP
2025-02-15,0.0,31.6,20.2,4.52,0.113,Vizianagaram,AP
2025-02-16,0.0,32.5,20.0,4.61,0.101,Vizianagaram,AP
2025-02-17,0.0,32.6,21.0,4.59,0.11,Vizianagaram,AP
2025-02-18,0.0,33.2,21.1,4.82,0.102,Vizianagaram,AP
2025-02-19,0.3,33.7,21.5,4.67,0.11,Vizianagaram,AP
2025-02-20,0.0,32.3,22.5,4.6,0.109,Vizianagaram,AP
2025-02-21,2.9,33.0,21.6,4.35,0.115,Vizianagaram,AP
2025-02-22,0.5,32.2,22.5,4.29,0.121,Vizianagaram,AP
2025-02-23,0.0,34.9,21.3,4.89,0.113,Vizianagaram,AP
2025-02-24,0.0,33.3,21.4,4.84,0.108,Vizianagaram,AP
2025-02-25,0.6,33.7,22.3,4.82,0.103,Vizianagaram,AP
2025-02-26,0.0,32.5,21.7,4.86,0.1,Vizianagaram,AP
2025-02-27,0.0,33.4,21.1,4.94,0.097,Vizianagaram,AP
2025-02-28,0.0,33.7,20.3,5.02,0.083,Vizianagaram,AP
2025-03-01,0.0,34.8,19.5,5.3,0.065,Vizianagaram,AP
2025-03-02,0.0,35.9,20.0,5.5,0.064,Vizianagaram,AP
2025-03-03,0.0,36.2,21.9,5.42,0.065,Vizianagaram,AP
2025-03-04,0.0,37.3,23.0,5.34,0.064,Vizianagaram,AP
2025-03-05,0.0,36.7,23.2,5.21,0.066,Vizianagaram,AP
2025-03-06,0.0,35.5,21.8,6.45,0.067,Vizianagaram,AP
2025-03-07,0.0,34.8,18.5,5.31,0.072,Vizianagaram,AP
2025-03-08,0.0,34.4,21.4,5.2,0.075,Vizianagaram,AP
2025-03-09,0.8,33.2,22.2,4.7,0.08,Vizianagaram,AP
2025-03-10,0.0,33.5,22.0,5.53,0.087,Vizianagaram,AP
2025-03-11,0.0,34.1,21.3,5.61,0.092,Vizianagaram,AP
2025-03-12,0.0,35.7,20.5,5.49,0.096,Vizianagaram,AP
2025-03-13,0.0,39.1,22.9,6.01,0.099,Vizianagaram,AP
2025-03-14,0.0,38.6,24.1,6.01,0.102,Vizianagaram,AP
2025-03-15,0.0,37.4,23.5,6.36,0.096,Vizianagaram,AP
2025-03-16,0.0,38.5,22.5,6.4,0.096,Vizianagaram,AP
2025-03-17,0.0,38.0,22.4,6.66,0.097,Vizianagaram,AP
2025-03-18,0.0,37.3,22.5,5.87,0.098,Vizianagaram,AP
2025-03-19,0.0,36.0,23.9,6.02,0.102,Vizianagaram,AP
2025-03-20,0.0,35.8,23.0,6.13,0.102,Vizianagaram,AP
2025-03-21,0.0,35.7,22.5,6.3,0.102,Vizianagaram,AP
2025-03-22,1.2,34.0,23.4,5.08,0.108,Vizianagaram,AP
2025-03-23,0.2,32.9,23.6,4.62,0.111,Vizianagaram,AP
2025-03-24,2.3,33.8,24.0,4.62,0.146,Vizianagaram,AP
2025-03-25,0.4,34.5,23.5,5.24,0.152,Vizianagaram,AP
2025-03-26,0.0,35.8,23.8,5.47,0.139,Vizianagaram,AP
2025-03-27,0.0,38.3,24.0,5.96,0.127,Vizianagaram,AP
2025-03-28,0.0,39.6,24.6,6.21,0.125,Vizianagaram,AP
2025-03-29,0.3,39.9,24.4,6.27,0.126,Vizianagaram,AP
2025-03-30,0.0,37.4,25.4,5.73,0.128,Vizianagaram,AP
2025-03-31,1.5,35.6,25.2,5.76,0.13,Vizianagaram,AP
2025-04-01,0.0,35.3,24.8,6.14,0.12,Vizianagaram,AP
2025-04-02,0.0,34.7,23.9,5.83,0.112,Vizianagaram,AP
2025-04-03,0.0,35.4,23.9,5.56,0.106,Vizianagaram,AP
2025-04-04,23.4,35.5,24.2,4.99,0.16,Vizianagaram,AP
2025-04-05,1.4,35.7,23.7,5.31,0.179,Vizianagaram,AP
2025-04-06,1.5,38.0,24.4,5.86,0.136,Vizianagaram,AP
2025-04-07,1.4,37.0,25.4,5.69,0.129,Vizianagaram,AP
2025-04-08,0.0,35.1,25.4,5.67,0.118,Vizianagaram,AP
2025-04-09,1.1,34.1,24.8,5.31,0.109,Vizianagaram,AP
2025-04-10,4.2,35.0,24.4,4.93,0.132,Vizianagaram,AP
2025-04-11,0.8,36.6,25.0,5.64,0.151,Vizianagaram,AP
2025-04-12,0.7,38.7,24.9,5.61,0.132,Vizianagaram,AP
2025-04-13,1.9,37.2,26.2,5.38,0.129,Vizianagaram,AP
2025-04-14,1.3,37.0,25.4,5.47,0.127,Vizianagaram,AP
2025-04-15,5.9,34.0,25.7,4.4,0.18,Vizianagaram,AP
2025-04-16,0.3,34.6,24.7,5.31,0.229,Vizianagaram,AP
2025-04-17,0.2,36.7,25.5,6.34,0.201,Vizianagaram,AP
2025-04-18,1.4,37.2,26.6,6.23,0.179,Vizianagaram,AP
2025-04-19,0.9,39.0,26.8,5.97,0.168,Vizianagaram,AP
2025-04-20,1.1,40.0,27.5,6.64,0.172,Vizianagaram,AP
2025-04-21,0.0,38.8,27.1,6.62,0.151,Vizianagaram,AP
2025-04-22,0.0,39.4,26.6,6.85,0.136,Vizianagaram,AP
2025-04-23,0.0,39.9,27.1,7.16,0.13,Vizianagaram,AP
2025-04-24,0.1,39.5,27.7,7.41,0.124,Vizianagaram,AP
2025-04-25,0.0,38.5,27.4,6.9,0.118,Vizianagaram,AP
2025-04-26,0.0,37.9,27.2,6.66,0.111,Vizianagaram,AP
2025-04-27,0.0,37.4,27.0,6.26,0.094,Vizianagaram,AP
2025-04-28,1.5,36.2,26.8,5.91,0.078,Vizianagaram,AP
2025-04-29,2.1,36.7,26.2,5.99,0.084,Vizianagaram,AP
2025-04-30,1.0,34.6,23.9,5.0,0.138,Vizianagaram,AP
2025-05-01,2.5,33.3,24.7,4.68,0.21,Vizianagaram,AP
2025-05-02,3.0,33.6,23.9,5.21,0.21,Vizianagaram,AP
2025-05-03,2.3,36.2,25.3,5.18,0.198,Vizianagaram,AP
2025-05-04,0.0,35.5,24.1,4.56,0.187,Vizianagaram,AP
2025-05-05,0.0,36.5,23.5,5.91,0.16,Vizianagaram,AP
2025-05-06,0.1,37.7,26.1,5.86,0.132,Vizianagaram,AP
2025-05-07,6.0,37.2,26.4,5.26,0.137,Vizianagaram,AP
2025-05-08,0.5,36.5,25.7,5.75,0.121,Vizianagaram,AP
2025-05-09,0.0,37.3,25.0,6.1,0.113,Vizianagaram,AP
2025-05-10,0.7,37.9,26.2,6.12,0.109,Vizianagaram,AP
2025-05-11,0.0,39.1,25.6,6.38,0.105,Vizianagaram,AP
2025-05-12,0.3,40.3,26.3,6.07,0.112,Vizianagaram,AP
2025-05-13,1.5,38.1,27.9,5.64,0.119,Vizianagaram,AP
2025-05-14,5.4,38.5,28.4,5.11,0.13,Vizianagaram,AP
2025-05-15,7.1,34.9,28.4,4.05,0.158,Vizianagaram,AP
2025-05-16,0.1,37.3,26.6,6.04,0.178,Vizianagaram,AP
2025-05-17,7.8,37.2,27.0,4.87,0.195,Vizianagaram,AP
2025-05-18,18.5,31.8,26.7,3.07,0.267,Vizianagaram,AP
2025-05-19,6.6,32.7,26.7,3.73,0.244,Vizianagaram,AP
2025-05-20,9.6,30.7,25.5,2.11,0.272,Vizianagaram,AP
2025-05-21,12.2,32.6,25.2,3.29,0.348,Vizianagaram,AP
2025-05-22,5.9,33.0,25.3,4.45,0.322,Vizianagaram,AP
2025-05-23,6.3,33.0,24.9,3.79,0.319,Vizianagaram,AP
2025-05-24,4.7,34.9,26.7,5.23,0.293,Vizianagaram,AP
2025-05-25,26.4,33.5,25.7,3.45,0.343,Vizianagaram,AP
2025-05-26,13.5,32.4,25.0,3.43,0.367,Vizianagaram,AP
2025-05-27,18.5,34.2,25.3,4.47,0.367,Vizianagaram,AP
2025-05-28,12.2,28.4,25.5,1.08,0.407,Vizianagaram,AP
2025-05-29,7.7,30.6,26.2,1.57,0.409,Vizianagaram,AP
2025-05-30,2.1,35.3,26.8,4.88,0.393,Vizianagaram,AP
2025-05-31,4.2,34.5,26.2,4.44,0.4,Vizianagaram,AP
2025-06-01,0.0,37.8,27.8,6.59,0.372,Vizianagaram,AP
2025-06-02,0.0,36.6,24.9,6.44,0.338,Vizianagaram,AP
2025-06-03,0.8,35.2,28.2,5.79,0.313,Vizianagaram,AP
2025-06-04,0.0,36.7,27.5,5.76,0.313,Vizianagaram,AP
2025-06-05,4.6,35.6,26.1,4.95,0.316,Vizianagaram,AP
2025-06-06,1.4,34.7,25.9,4.9,0.275,Vizianagaram,AP
2025-06-07,0.1,36.5,26.6,5.76,0.269,Vizianagaram,AP
2025-06-08,1.5,36.7,26.5,5.15,0.267,Vizianagaram,AP
2025-06-09,0.0,37.7,27.9,5.56,0.252,Vizianagaram,AP
2025-06-10,13.1,28.9,25.8,1.36,0.314,Vizianagaram,AP
2025-06-11,8.1,31.5,24.3,3.83,0.315,Vizianagaram,AP
2025-06-12,4.1,32.1,24.6,4.27,0.307,Vizianagaram,AP
2025-06-13,3.4,32.7,25.5,4.57,0.309,Vizianagaram,AP
2025-06-14,8.6,33.3,25.3,4.66,0.352,Vizianagaram,AP
2025-06-15,14.0,33.1,24.7,4.44,0.356,Vizianagaram,AP
2025-06-16,0.4,33.4,27.7,5.41,0.309,Vizianagaram,AP
2025-06-17,0.3,33.0,27.1,4.18,0.29,Vizianagaram,AP
2025-06-18,0.0,35.2,28.0,5.91,0.271,Vizianagaram,AP
2025-06-19,0.0,33.5,28.7,4.46,0.25,Vizianagaram,AP
2025-06-20,0.0,34.3,28.0,4.91,0.23,Vizianagaram,AP
2025-06-21,0.7,34.8,27.3,5.23,0.219,Vizianagaram,AP
2025-06-22,6.3,33.6,27.0,3.51,0.234,Vizianagaram,AP
2025-06-23,22.8,27.2,25.0,1.21,0.345,Vizianagaram,AP
2025-06-24,52.0,28.0,24.9,1.32,0.427,Vizianagaram,AP
2025-06-25,34.6,27.2,24.8,1.49,0.428,Vizianagaram,AP
2025-06-26,35.1,28.3,24.7,1.67,0.419,Vizianagaram,AP
2025-06-27,2.6,32.8,25.3,4.11,0.395,Vizianagaram,AP
2025-06-28,1.6,33.4,25.8,4.27,0.383,Vizianagaram,AP
2025-06-29,27.7,28.8,24.3,1.97,0.419,Vizianagaram,AP
2025-06-30,19.0,27.2,24.5,1.73,0.419,Vizianagaram,AP
2025-07-01,45.4,29.1,24.2,1.84,0.425,Vizianagaram,AP
2025-07-02,19.6,27.8,24.3,1.87,0.421,Vizianagaram,AP
2025-07-03,9.0,31.5,24.4,3.58,0.417,Vizianagaram,AP
2025-07-04,1.9,33.4,25.0,4.48,0.4,Vizianagaram,AP
2025-07-05,5.3,32.2,25.3,3.07,0.408,Vizianagaram,AP
2025-07-06,2.7,32.3,25.3,4.32,0.407,Vizianagaram,AP
2025-07-07,1.1,32.9,25.7,5.79,0.399,Vizianagaram,AP
2025-07-08,0.0,34.2,26.5,6.21,0.377,Vizianagaram,AP
2025-07-09,0.0,33.6,25.7,6.07,0.354,Vizianagaram,AP
2025-07-10,0.0,33.9,26.0,5.42,0.331,Vizianagaram,AP
2025-07-11,0.4,33.7,25.6,4.87,0.316,Vizianagaram,AP
2025-07-12,2.1,34.4,26.7,5.03,0.336,Vizianagaram,AP
2025-07-13,2.2,33.4,26.1,4.22,0.357,Vizianagaram,AP
2025-07-14,4.2,32.8,26.9,4.32,0.365,Vizianagaram,AP
2025-07-15,0.6,34.4,27.0,5.33,0.352,Vizianagaram,AP
2025-07-16,2.1,33.7,26.8,4.98,0.344,Vizianagaram,AP
2025-07-17,6.4,33.1,25.0,4.71,0.365,Vizianagaram,AP
2025-07-18,2.4,32.7,25.1,4.98,0.331,Vizianagaram,AP
2025-07-19,4.9,33.3,24.8,4.94,0.337,Vizianagaram,AP
2025-07-20,19.9,33.1,24.8,4.69,0.398,Vizianagaram,AP
2025-07-21,7.0,31.4,24.7,4.5,0.41,Vizianagaram,AP
2025-07-22,10.7,31.9,24.9,4.25,0.398,Vizianagaram,AP
2025-07-23,13.3,32.6,25.5,3.9,0.4,Vizianagaram,AP
2025-07-24,29.1,30.1,24.7,2.52,0.413,Vizianagaram,AP
2025-07-25,42.7,28.9,24.3,1.71,0.427,Vizianagaram,AP
2025-07-26,9.9,29.9,24.9,3.04,0.419,Vizianagaram,AP
2025-07-27,0.0,34.5,26.4,6.23,0.381,Vizianagaram,AP
2025-07-28,0.1,34.9,26.3,5.5,0.36,Vizianagaram,AP
2025-07-29,0.5,33.9,26.8,3.8,0.353,Vizianagaram,AP
2025-07-30,0.9,33.8,26.7,5.1,0.333,Vizianagaram,AP
2025-07-31,3.6,33.1,26.0,4.39,0.335,Vizianagaram,AP
2025-08-01,7.1,33.8,26.0,5.11,0.34,Vizianagaram,AP
2025-08-02,0.8,34.3,25.3,5.03,0.32,Vizianagaram,AP
2025-08-03,3.5,33.6,25.8,5.3,0.295,Vizianagaram,AP
2025-08-04,3.4,32.9,24.9,4.87,0.274,Vizianagaram,AP
2025-08-05,1.9,32.6,25.3,5.07,0.275,Vizianagaram,AP
2025-08-06,0.8,33.8,25.9,5.22,0.247,Vizianagaram,AP
2025-08-07,10.6,32.7,25.9,4.22,0.267,Vizianagaram,AP
2025-08-08,10.3,31.6,25.1,3.65,0.335,Vizianagaram,AP
2025-08-09,6.6,31.6,24.1,4.3,0.313,Vizianagaram,AP
2025-08-10,10.3,32.2,23.8,4.25,0.312,Vizianagaram,AP
2025-08-11,3.9,32.8,24.3,4.97,0.324,Vizianagaram,AP
2025-08-12,14.6,34.0,24.8,4.81,0.334,Vizianagaram,AP
2025-08-13,11.6,32.5,24.8,4.63,0.328,Vizianagaram,AP
2025-08-14,30.1,30.7,24.2,3.27,0.392,Vizianagaram,AP
2025-08-15,13.8,32.0,24.6,4.11,0.387,Vizianagaram,AP
2025-08-16,23.2,31.6,25.1,3.95,0.395,Vizianagaram,AP
2025-08-17,65.1,29.1,24.1,2.22,0.423,Vizianagaram,AP
2025-08-18,30.0,29.8,23.6,2.97,0.422,Vizianagaram,AP
2025-08-19,5.0,31.6,24.6,4.51,0.404,Vizianagaram,AP
2025-08-20,7.7,31.2,25.4,4.47,0.385,Vizianagaram,AP
2025-08-21,2.9,31.6,25.7,3.58,0.361,Vizianagaram,AP
2025-08-22,6.9,31.8,26.3,3.27,0.368,Vizianagaram,AP
2025-08-23,0.0,33.5,26.1,5.08,0.353,Vizianagaram,AP
2025-08-24,0.6,30.9,25.7,3.58,0.322,Vizianagaram,AP
2025-08-25,17.3,31.4,23.7,3.36,0.375,Vizianagaram,AP
2025-08-26,50.2,28.7,24.1,1.83,0.424,Vizianagaram,AP
2025-08-27,23.9,30.2,23.9,2.97,0.423,Vizianagaram,AP
2025-08-28,2.0,30.6,24.3,4.46,0.399,Vizianagaram,AP
2025-08-29,1.8,31.7,24.8,4.52,0.382,Vizianagaram,AP
2025-08-30,6.5,32.0,25.3,4.2,0.386,Vizianagaram,AP
2025-08-31,10.7,32.0,25.1,3.76,0.403,Vizianagaram,AP
2025-09-01,20.4,32.8,24.9,4.26,0.399,Vizianagaram,AP
2025-09-02,21.8,31.3,24.3,3.48,0.417,Vizianagaram,AP
2025-09-03,17.7,30.6,24.2,2.91,0.422,Vizianagaram,AP
2025-09-04,0.8,33.0,24.5,4.65,0.399,Vizianagaram,AP
2025-09-05,2.2,32.2,24.3,4.63,0.373,Vizianagaram,AP
2025-09-06,3.4,32.4,24.7,4.07,0.354,Vizianagaram,AP
2025-09-07,22.3,31.5,24.5,3.56,0.376,Vizianagaram,AP
2025-09-08,7.2,32.0,24.3,4.04,0.391,Vizianagaram,AP
2025-09-09,7.3,31.3,24.6,4.06,0.401,Vizianagaram,AP
2025-09-10,6.2,32.0,24.8,3.89,0.397,Vizianagaram,AP
2025-09-11,15.2,32.1,24.7,4.11,0.396,Vizianagaram,AP
2025-09-12,26.6,30.8,25.3,2.97,0.405,Vizianagaram,AP
2025-09-13,5.6,30.3,24.1,3.68,0.411,Vizianagaram,AP
2025-09-14,1.8,32.1,23.8,4.68,0.385,Vizianagaram,AP
2025-09-15,2.4,30.7,25.2,3.48,0.363,Vizianagaram,AP
2025-09-16,11.5,30.2,24.4,3.06,0.386,Vizianagaram,AP
2025-09-17,1.4,31.2,24.3,4.19,0.359,Vizianagaram,AP
2025-09-18,0.2,32.6,24.2,4.94,0.338,Vizianagaram,AP
2025-09-19,0.4,33.0,25.0,4.88,0.297,Vizianagaram,AP
2025-09-20,10.7,32.7,25.5,4.28,0.304,Vizianagaram,AP
2025-09-21,4.7,33.4,25.1,4.32,0.34,Vizianagaram,AP
2025-09-22,18.8,30.7,25.2,3.16,0.364,Vizianagaram,AP
2025-09-23,8.4,31.2,25.1,2.63,0.375,Vizianagaram,AP
2025-09-24,0.7,31.2,25.0,3.26,0.361,Vizianagaram,AP
2025-09-25,20.8,31.3,25.2,3.91,0.371,Vizianagaram,AP
2025-09-26,46.0,29.7,24.9,2.56,0.403,Vizianagaram,AP
2025-09-27,1.5,31.0,24.2,3.28,0.4,Vizianagaram,AP
2025-09-28,0.5,32.3,24.0,4.45,0.377,Vizianagaram,AP
2025-09-29,15.4,30.8,24.6,3.12,0.369,Vizianagaram,AP
2025-09-30,10.7,31.3,24.9,3.3,0.364,Vizianagaram,AP
2025-10-01,12.3,32.5,24.8,3.62,0.374,Vizianagaram,AP
2025-10-02,48.7,27.7,23.9,1.23,0.414,Vizianagaram,AP
2025-10-03,0.8,32.6,25.1,3.87,0.39,Vizianagaram,AP
2025-10-04,1.3,31.9,25.1,3.97,0.364,Vizianagaram,AP
2025-10-05,16.5,31.5,24.1,3.31,0.352,Vizianagaram,AP
2025-10-06,4.9,31.8,23.4,4.02,0.341,Vizianagaram,AP
2025-10-07,2.5,31.9,23.9,4.02,0.309,Vizianagaram,AP
2025-10-08,21.6,30.4,24.0,3.69,0.358,Vizianagaram,AP
2025-10-09,19.2,31.0,24.6,3.42,0.349,Vizianagaram,AP
2025-10-10,6.0,31.3,23.9,4.0,0.331,Vizianagaram,AP
2025-10-11,5.0,30.8,24.1,3.5,0.318,Vizianagaram,AP
2025-10-12,3.8,30.8,23.5,3.91,0.324,Vizianagaram,AP
2025-10-13,22.3,27.7,23.7,1.57,0.378,Vizianagaram,AP
2025-10-14,4.5,30.0,23.7,3.2,0.388,Vizianagaram,AP
2025-10-15,0.0,31.6,23.7,4.64,0.346,Vizianagaram,AP
2025-10-16,0.2,31.4,23.6,4.39,0.306,Vizianagaram,AP
2025-10-17,0.0,31.1,23.8,4.45,0.267,Vizianagaram,AP
2025-10-18,22.5,30.4,23.6,3.26,0.289,Vizianagaram,AP
2025-10-19,25.6,29.3,23.5,2.26,0.389,Vizianagaram,AP
2025-10-20,6.1,30.7,23.7,3.3,0.384,Vizianagaram,AP
2025-10-21,10.3,30.8,23.2,3.8,0.377,Vizianagaram,AP
2025-10-22,13.3,30.7,23.7,3.24,0.395,Vizianagaram,AP
2025-10-23,31.5,29.6,23.0,2.71,0.404,Vizianagaram,AP
2025-10-24,5.3,30.0,23.3,3.2,0.396,Vizianagaram,AP
2025-10-25,1.3,30.7,23.1,3.65,0.375,Vizianagaram,AP
2025-10-26,6.0,30.2,23.8,3.62,0.356,Vizianagaram,AP
2025-10-27,26.2,26.7,23.6,1.3,0.383,Vizianagaram,AP
2025-10-28,40.3,28.4,23.7,2.02,0.426,Vizianagaram,AP
2025-10-29,20.4,28.4,23.6,2.35,0.419,Vizianagaram,AP
2025-10-30,2.1,29.7,22.6,3.22,0.397,Vizianagaram,AP
2025-10-31,0.0,32.3,23.5,4.25,0.364,Vizianagaram,AP
2025-11-01,0.0,32.3,21.7,4.25,0.342,Vizianagaram,AP
2025-11-02,0.9,32.6,23.4,3.8,0.326,Vizianagaram,AP
2025-11-03,1.6,32.4,24.0,3.8,0.325,Vizianagaram,AP
2025-11-04,1.4,30.6,23.3,3.7,0.291,Vizianagaram,AP
2025-11-05,0.0,31.6,23.0,4.02,0.261,Vizianagaram,AP
2025-11-06,0.0,31.5,22.2,4.09,0.233,Vizianagaram,AP
2025-11-07,3.2,31.0,22.2,4.11,0.215,Vizianagaram,AP
2025-11-08,0.0,30.6,21.4,4.36,0.196,Vizianagaram,AP
2025-11-09,0.0,29.9,20.8,4.29,0.18,Vizianagaram,AP
2025-11-10,0.0,30.1,20.7,4.1,0.17,Vizianagaram,AP
2025-11-11,0.0,30.4,20.2,3.98,0.16,Vizianagaram,AP
2025-11-12,0.0,30.1,19.7,4.16,0.153,Vizianagaram,AP
2025-11-13,0.0,28.3,16.3,4.3,0.152,Vizianagaram,AP
2025-11-14,0.0,28.3,16.9,4.25,0.146,Vizianagaram,AP
2025-11-15,0.0,28.0,17.2,4.14,0.139,Vizianagaram,AP
2025-11-16,0.0,28.0,17.1,4.21,0.135,Vizianagaram,AP
2025-11-17,0.0,27.5,16.7,4.21,0.136,Vizianagaram,AP
2025-11-18,0.0,28.0,16.7,4.22,0.135,Vizianagaram,AP
2025-11-19,0.0,28.5,17.6,4.11,0.13,Vizianagaram,AP
2025-11-20,0.2,30.2,19.5,3.69,0.124,Vizianagaram,AP
2025-11-21,1.9,30.2,22.0,3.32,0.124,Vizianagaram,AP
2025-11-22,0.0,30.6,21.9,3.56,0.125,Vizianagaram,AP
2025-11-23,0.1,30.2,21.9,3.43,0.125,Vizianagaram,AP
2025-11-24,0.0,29.6,21.4,3.5,0.127,Vizianagaram,AP
2025-11-25,0.0,29.0,20.0,3.81,0.127,Vizianagaram,AP
2025-11-26,0.0,28.9,18.3,3.85,0.131,Vizianagaram,AP
2025-11-27,0.0,27.7,17.6,3.97,0.139,Vizianagaram,AP
2025-11-28,0.0,28.5,17.7,3.98,0.139,Vizianagaram,AP
2025-11-29,1.1,28.1,19.3,3.18,0.134,Vizianagaram,AP
2025-11-30,1.5,28.3,20.6,2.93,0.135,Vizianagaram,AP
2025-12-01,12.1,26.6,20.6,2.54,0.295,Vizianagaram,AP
2025-12-02,0.0,27.0,20.1,2.53,0.292,Vizianagaram,AP
2025-12-03,0.1,28.1,21.0,2.9,0.271,Vizianagaram,AP
2025-12-04,0.0,28.5,20.0,3.69,0.25,Vizianagaram,AP
2025-12-05,0.0,27.6,18.5,3.66,0.23,Vizianagaram,AP
2025-12-06,0.0,27.5,17.1,3.6,0.212,Vizianagaram,AP
2025-12-07,0.0,27.1,15.9,3.43,0.197,Vizianagaram,AP
2025-12-08,0.0,27.9,15.2,3.52,0.183,Vizianagaram,AP
2025-12-09,0.0,28.2,14.9,3.77,0.169,Vizianagaram,AP
2025-12-10,0.0,28.0,15.4,3.8,0.158,Vizianagaram,AP
2025-12-11,0.0,27.6,15.2,3.81,0.151,Vizianagaram,AP
2025-12-12,0.0,27.4,14.3,3.75,0.148,Vizianagaram,AP
2025-12-13,0.0,27.7,14.7,3.71,0.142,Vizianagaram,AP
2025-12-14,0.0,27.7,16.3,3.55,0.134,Vizianagaram,AP
2025-12-15,0.0,27.8,16.3,3.52,0.131,Vizianagaram,AP
2025-12-16,0.0,27.7,16.2,3.38,0.129,Vizianagaram,AP
2025-12-17,0.0,28.3,16.3,3.43,0.127,Vizianagaram,AP
2025-12-18,0.0,28.2,14.9,3.51,0.131,Vizianagaram,AP
2025-12-19,0.0,27.2,15.4,3.44,0.141,Vizianagaram,AP
2025-12-20,0.0,26.9,15.2,3.5,0.152,Vizianagaram,AP
2025-12-21,0.0,27.5,16.6,3.24,0.153,Vizianagaram,AP
2025-12-22,0.0,27.1,17.0,3.43,0.151,Vizianagaram,AP
2025-12-23,0.0,27.3,15.8,3.38,0.149,Vizianagaram,AP
2025-12-24,0.0,27.6,16.1,3.45,0.145,Vizianagaram,AP
2025-12-25,0.0,27.6,16.1,3.35,0.143,Vizianagaram,AP
2025-12-26,0.0,27.5,16.5,3.41,0.14,Vizianagaram,AP
2025-12-27,0.0,27.9,16.9,3.36,0.134,Vizianagaram,AP
2025-12-28,0.0,27.4,16.8,3.4,0.131,Vizianagaram,AP
2025-12-29,0.0,27.4,16.4,3.37,0.125,Vizianagaram,AP
2025-12-30,0.0,27.6,17.0,3.28,0.129,Vizianagaram,AP
2025-12-31,0.0,27.8,17.7,3.19,0.132,Vizianagaram,AP
2026-01-01,0.0,27.6,18.4,3.02,0.142,Vizianagaram,AP
2026-01-02,0.1,29.1,19.0,3.38,0.144,Vizianagaram,AP
2026-01-03,0.0,27.8,17.6,3.42,0.146,Vizianagaram,AP
2026-01-04,0.0,28.3,17.1,3.42,0.144,Vizianagaram,AP
2026-01-05,0.4,28.5,18.0,3.4,0.136,Vizianagaram,AP
2026-01-06,0.0,27.4,17.2,3.6,0.127,Vizianagaram,AP
2026-01-07,0.0,27.0,15.2,3.72,0.129,Vizianagaram,AP
2026-01-08,0.0,27.1,14.1,4.13,0.132,Vizianagaram,AP
2026-01-09,0.0,26.7,14.2,4.1,0.136,Vizianagaram,AP
2026-01-10,0.0,26.8,15.4,3.67,0.13,Vizianagaram,AP
2026-01-11,0.0,26.6,18.8,3.26,0.125,Vizianagaram,AP
2026-01-12,0.0,27.5,17.8,4.32,0.119,Vizianagaram,AP
2026-01-13,0.0,28.4,16.4,3.93,0.113,Vizianagaram,AP
2026-01-14,0.0,29.6,15.6,3.77,0.108,Vizianagaram,AP
2026-01-15,0.0,29.0,17.0,3.71,0.11,Vizianagaram,AP
2026-01-16,0.0,29.0,17.3,3.87,0.111,Vizianagaram,AP
2026-01-17,0.0,29.6,14.8,3.92,0.11,Vizianagaram,AP
2026-01-18,0.0,29.1,13.7,3.75,0.109,Vizianagaram,AP
2026-01-19,0.0,29.5,14.9,3.77,0.104,Vizianagaram,AP
2026-01-20,0.0,29.9,15.5,4.13,0.105,Vizianagaram,AP
2026-01-21,0.0,29.8,16.1,4.56,0.108,Vizianagaram,AP
2026-01-22,0.0,29.4,16.3,4.13,0.108,Vizianagaram,AP
2026-01-23,0.0,29.0,17.9,3.67,0.108,Vizianagaram,AP
2026-01-24,0.0,30.1,20.0,3.81,0.108,Vizianagaram,AP
2026-01-25,0.0,29.9,18.0,4.24,0.108,Vizianagaram,AP
2026-01-26,0.0,30.5,17.3,4.37,0.108,Vizianagaram,AP
2026-01-27,0.0,29.7,16.9,4.21,0.108,Vizianagaram,AP
2026-01-28,0.0,30.0,16.5,3.99,0.109,Vizianagaram,AP
2026-01-29,0.0,29.8,18.0,4.02,0.108,Vizianagaram,AP
2026-01-30,0.0,30.4,18.4,4.21,0.108,Vizianagaram,AP
2026-01-31,0.0,30.2,19.4,4.04,0.104,Vizianagaram,AP
2026-02-01,0.0,30.2,19.2,3.86,0.105,Vizianagaram,AP
2026-02-02,0.0,30.5,19.7,4.14,0.102,Vizianagaram,AP
2026-02-03,0.0,29.9,18.6,4.33,0.102,Vizianagaram,AP
2026-02-04,0.0,30.1,19.4,4.71,0.102,Vizianagaram,AP
2026-02-05,0.0,31.2,17.5,4.97,0.102,Vizianagaram,AP
2026-02-06,0.0,31.9,16.9,4.82,0.102,Vizianagaram,AP
2026-02-07,0.0,32.7,16.6,5.03,0.102,Vizianagaram,AP
2026-02-08,0.0,31.7,16.2,4.81,0.102,Vizianagaram,AP
2026-02-09,0.0,30.3,16.9,4.41,0.102,Vizianagaram,AP
2026-02-10,0.0,30.2,16.9,4.46,0.102,Vizianagaram,AP
2026-02-11,0.0,30.6,17.0,4.51,0.103,Vizianagaram,AP
2026-02-12,0.0,32.0,17.0,4.83,0.103,Vizianagaram,AP
2026-02-13,0.0,32.0,16.9,4.67,0.103,Vizianagaram,AP
2026-02-14,0.0,31.8,17.1,4.71,0.103,Vizianagaram,AP
2026-02-15,0.0,33.6,18.2,4.85,0.105,Vizianagaram,AP
2026-02-16,0.0,32.7,18.9,4.65,0.101,Vizianagaram,AP
2026-02-17,0.0,31.8,18.5,4.62,0.099,Vizianagaram,AP
2026-02-18,0.0,31.4,18.7,4.77,0.103,Vizianagaram,AP
2026-02-19,0.0,32.6,19.1,4.99,0.103,Vizianagaram,AP
2026-02-20,0.0,33.7,19.1,5.62,0.103,Vizianagaram,AP
2026-02-21,0.0,34.2,18.4,5.44,0.103,Vizianagaram,AP
2026-02-22,0.0,33.7,20.7,4.42,0.104,Vizianagaram,AP
2026-02-23,5.3,33.3,21.5,4.69,0.113,Vizianagaram,AP
2026-02-24,1.4,33.8,20.8,4.32,0.13,Vizianagaram,AP
2026-02-25,8.6,32.6,19.5,3.69,0.146,Vizianagaram,AP
2026-02-26,0.0,34.3,20.9,4.8,0.118,Vizianagaram,AP
2026-02-27,0.1,34.5,21.3,4.97,0.104,Vizianagaram,AP
2026-02-28,0.0,34.6,21.6,5.0,0.099,Vizianagaram,AP
2026-03-01,0.0,35.3,21.9,5.49,0.095,Vizianagaram,AP
2026-03-02,0.0,36.1,24.6,6.13,0.103,Vizianagaram,AP
2026-03-03,0.0,36.7,22.7,6.05,0.102,Vizianagaram,AP
2026-03-04,0.0,35.8,20.6,5.68,0.101,Vizianagaram,AP
2026-03-05,0.0,38.1,20.7,6.38,0.102,Vizianagaram,AP
2026-03-06,0.0,36.5,20.4,5.65,0.102,Vizianagaram,AP
2026-03-07,0.0,34.2,22.1,4.92,0.102,Vizianagaram,AP
2026-03-08,2.0,31.4,23.5,4.45,0.107,Vizianagaram,AP
2026-03-09,0.8,31.0,23.2,4.32,0.122,Vizianagaram,AP
2026-03-10,0.0,34.9,22.4,5.66,0.112,Vizianagaram,AP
2026-03-11,0.0,35.8,21.6,6.01,0.111,Vizianagaram,AP
2026-03-12,0.0,36.8,21.9,5.76,0.117,Vizianagaram,AP
2026-03-13,0.4,35.6,23.1,5.34,0.118,Vizianagaram,AP
2026-03-14,0.1,34.9,22.8,5.59,0.121,Vizianagaram,AP
2026-03-15,0.3,34.1,22.9,5.82,0.117,Vizianagaram,AP
2026-03-16,4.9,33.4,23.5,5.35,0.128,Vizianagaram,AP
2026-03-17,1.2,33.4,23.4,5.01,0.17,Vizianagaram,AP
2026-03-18,1.1,34.3,22.8,4.93,0.175,Vizianagaram,AP
2026-03-19,1.2,33.6,22.4,4.24,0.148,Vizianagaram,AP
2026-03-20,1.7,32.8,20.4,5.17,0.137,Vizianagaram,AP
2026-03-21,1.1,32.7,20.1,4.79,0.129,Vizianagaram,AP
2026-03-22,0.5,32.8,22.5,4.89,0.132,Vizianagaram,AP
2026-03-23,0.5,33.9,22.4,4.97,0.121,Vizianagaram,AP
2026-03-24,2.3,33.2,23.5,5.13,0.122,Vizianagaram,AP
2026-03-25,0.6,35.4,23.8,5.37,0.118,Vizianagaram,AP
2026-03-26,0.4,36.3,23.9,5.36,0.112,Vizianagaram,AP
2026-03-27,0.2,38.1,24.6,6.14,0.113,Vizianagaram,AP
2026-03-28,0.0,38.5,24.2,6.69,0.128,Vizianagaram,AP
2026-03-29,0.3,38.3,26.2,6.6,0.134,Vizianagaram,AP
2026-03-30,0.4,36.1,25.9,5.36,0.122,Vizianagaram,AP
2026-03-31,0.1,35.6,24.3,5.52,0.117,Vizianagaram,AP
2026-04-01,0.0,35.3,25.1,5.99,0.102,Vizianagaram,AP
2026-04-02,0.0,37.3,24.0,6.7,0.095,Vizianagaram,AP
2026-04-03,0.5,37.4,24.7,5.64,0.085,Vizianagaram,AP
2026-04-04,0.0,37.0,25.4,5.41,0.076,Vizianagaram,AP
2026-04-05,0.1,38.1,24.9,5.41,0.069,Vizianagaram,AP
2026-04-06,0.5,33.8,25.8,4.58,0.187,Vizianagaram,AP
2026-04-07,0.9,36.0,24.5,5.61,0.204,Vizianagaram,AP
2026-04-08,1.9,36.1,25.5,5.62,0.179,Vizianagaram,AP
2026-04-09,2.2,36.8,26.0,6.01,0.163,Vizianagaram,AP
2026-04-10,0.0,36.5,25.8,5.57,0.156,Vizianagaram,AP
2026-04-11,0.5,36.6,26.6,5.75,0.14,Vizianagaram,AP
2026-04-12,0.0,37.2,25.7,5.99,0.129,Vizianagaram,AP
2026-04-13,0.0,37.0,25.1,6.56,0.121,Vizianagaram,AP
2026-04-14,0.0,38.0,25.6,6.58,0.117,Vizianagaram,AP
2026-04-15,0.0,37.3,26.8,6.86,0.114,Vizianagaram,AP
2026-04-16,0.0,37.1,25.6,6.74,0.116,Vizianagaram,AP
2026-04-17,0.0,38.5,26.6,6.65,0.109,Vizianagaram,AP
2026-04-18,0.0,38.0,26.6,6.26,0.11,Vizianagaram,AP
2026-04-19,0.0,37.8,26.2,6.4,0.114,Vizianagaram,AP
2026-04-20,0.2,39.4,25.8,6.54,0.117,Vizianagaram,AP
2026-04-21,1.5,37.8,26.8,6.19,0.137,Vizianagaram,AP
2026-04-22,0.2,38.3,26.5,6.02,0.15,Vizianagaram,AP
2026-04-23,0.2,38.3,25.6,5.62,0.149,Vizianagaram,AP
2026-04-24,0.0,37.8,25.3,6.17,0.14,Vizianagaram,AP
2026-04-25,0.0,37.9,25.7,6.18,0.132,Vizianagaram,AP
2026-04-26,0.0,37.3,25.0,6.34,0.122,Vizianagaram,AP
2026-04-27,0.0,37.8,26.5,7.1,0.121,Vizianagaram,AP
2026-04-28,13.7,36.6,27.2,6.84,0.129,Vizianagaram,AP
2026-04-29,0.5,37.6,27.1,6.38,0.138,Vizianagaram,AP
2026-04-30,2.4,37.2,26.5,6.08,0.14,Vizianagaram,AP
2026-05-01,0.4,34.3,24.9,5.29,0.151,Vizianagaram,AP
2026-05-02,0.0,35.5,24.5,6.37,0.177,Vizianagaram,AP
2026-05-03,1.1,33.8,26.3,4.28,0.187,Vizianagaram,AP
2026-05-04,3.1,33.0,25.6,4.17,0.204,Vizianagaram,AP
2026-05-05,14.3,33.6,24.4,5.03,0.243,Vizianagaram,AP
2026-05-06,0.0,33.8,23.2,4.61,0.268,Vizianagaram,AP
2026-05-07,0.8,33.9,25.3,5.08,0.236,Vizianagaram,AP
2026-05-08,2.4,32.2,24.2,4.6,0.228,Vizianagaram,AP
2026-05-09,0.3,33.8,24.5,5.14,0.223,Vizianagaram,AP
2026-05-10,0.4,33.8,24.7,5.35,0.201,Vizianagaram,AP
2026-05-11,0.2,34.2,24.0,5.09,0.2,Vizianagaram,AP
2026-05-12,0.1,34.4,25.3,5.42,0.161,Vizianagaram,AP
2026-05-13,0.3,35.5,25.8,5.43,0.118,Vizianagaram,AP
2026-05-14,0.1,36.6,27.0,5.49,0.11,Vizianagaram,AP
2026-05-15,0.0,37.8,26.4,5.66,0.11,Vizianagaram,AP
2026-05-16,0.0,35.6,27.3,5.83,0.109,Vizianagaram,AP
2026-05-17,0.0,37.0,27.0,6.14,0.105,Vizianagaram,AP
2026-05-18,0.0,38.1,28.3,6.87,0.099,Vizianagaram,AP
2026-05-19,0.0,38.8,28.7,6.91,0.099,Vizianagaram,AP
2026-05-20,0.0,38.7,29.2,6.06,0.103,Vizianagaram,AP
2026-05-21,0.1,42.2,30.2,6.53,0.113,Vizianagaram,AP
2026-05-22,0.1,37.2,30.3,5.75,0.121,Vizianagaram,AP
2026-05-23,0.4,41.1,29.1,6.28,0.115,Vizianagaram,AP
2026-05-24,0.0,38.0,29.2,6.2,0.115,Vizianagaram,AP
2026-05-25,0.0,38.3,29.3,5.83,0.109,Vizianagaram,AP
2026-05-26,0.0,40.0,29.9,6.35,0.112,Vizianagaram,AP
2026-05-27,0.0,39.7,28.9,5.89,0.11,Vizianagaram,AP
2026-05-28,0.1,36.6,28.9,5.94,0.128,Vizianagaram,AP
2026-05-29,0.0,37.8,27.0,5.83,0.128,Vizianagaram,AP
2026-05-30,0.5,35.5,27.5,4.85,0.128,Vizianagaram,AP
2026-05-31,0.0,36.4,26.6,4.99,0.125,Vizianagaram,AP
2026-06-01,0.8,34.4,27.9,4.93,0.157,Vizianagaram,AP
2026-06-02,1.1,36.5,26.9,5.55,0.165,Vizianagaram,AP
2026-06-03,0.2,36.7,27.2,5.69,0.16,Vizianagaram,AP
2026-06-04,5.8,36.4,28.4,5.55,0.163,Vizianagaram,AP
2026-06-05,3.8,37.6,28.1,5.8,0.153,Vizianagaram,AP
2026-06-06,0.1,38.5,28.2,5.78,0.148,Vizianagaram,AP
2026-06-07,0.4,38.1,29.0,6.41,0.2,Vizianagaram,AP
2026-06-08,0.3,34.8,29.7,4.07,0.25,Vizianagaram,AP
2026-06-09,2.2,36.9,27.5,5.3,0.274,Vizianagaram,AP
2026-06-10,1.7,38.4,27.3,5.92,0.307,Vizianagaram,AP
2026-06-11,0.0,36.2,27.2,4.83,0.293,Vizianagaram,AP
2026-06-12,11.2,35.8,27.0,5.38,0.292,Vizianagaram,AP
2026-06-13,0.4,34.4,26.8,4.97,0.277,Vizianagaram,AP
2026-06-14,1.8,34.6,27.5,5.03,0.27,Vizianagaram,AP
2026-06-15,4.8,36.1,26.6,5.01,0.275,Vizianagaram,AP
2026-06-16,0.4,35.5,26.9,5.34,0.246,Vizianagaram,AP
2026-06-17,3.6,33.0,25.6,3.73,0.268,Vizianagaram,AP
2026-06-18,5.4,32.7,25.5,3.58,0.372,Vizianagaram,AP
2026-06-19,11.6,34.5,26.4,5.05,0.298,Vizianagaram,AP
2026-06-20,16.9,35.2,26.7,4.71,0.294,Vizianagaram,AP
2026-06-21,1.7,32.0,25.9,2.54,0.346,Vizianagaram,AP
2026-06-22,7.2,32.8,27.8,3.98,0.354,Vizianagaram,AP
2026-06-23,1.6,32.7,26.2,3.07,0.347,Vizianagaram,AP
2026-06-24,1.2,35.2,27.1,5.22,0.312,Vizianagaram,AP
2026-06-25,1.6,34.9,26.9,5.1,0.286,Vizianagaram,AP
2026-06-26,11.7,32.2,25.8,4.45,0.292,Vizianagaram,AP
2026-06-27,10.8,32.3,26.5,4.53,0.334,Vizianagaram,AP
2026-06-28,7.0,32.6,26.4,4.56,0.354,Vizianagaram,AP
2026-06-29,5.4,32.3,25.1,4.29,0.357,Vizianagaram,AP
2026-06-30,4.7,33.6,27.5,3.88,0.325,Vizianagaram,AP
2026-07-01,5.4,31.7,26.3,2.81,0.308,Vizianagaram,AP
2026-07-02,32.8,30.3,25.8,2.54,0.356,Vizianagaram,AP
2026-07-03,15.9,30.6,25.0,2.53,0.363,Vizianagaram,AP
2026-07-04,31.3,30.1,24.5,2.61,0.407,Vizianagaram,AP
2026-07-05,19.1,31.5,24.6,3.99,0.407,Vizianagaram,AP
2026-07-06,0.2,31.4,28.1,4.3,0.379,Vizianagaram,AP
2026-07-07,0.2,33.5,27.4,6.27,0.352,Vizianagaram,AP
2026-07-08,0.1,34.0,26.8,5.95,0.331,Vizianagaram,AP
2026-07-09,1.2,33.2,27.1,4.97,0.316,Vizianagaram,AP
2026-07-10,8.6,33.4,27.4,4.4,0.336,Vizianagaram,AP
2026-07-11,0.2,35.2,26.4,5.61,0.36,Vizianagaram,AP
2026-07-12,0.1,35.5,26.8,6.03,0.321,Vizianagaram,AP
2026-07-13,0.1,34.7,27.3,5.4,0.295,Vizianagaram,AP
2026-07-14,0.0,33.6,26.9,2.92,0.279,Vizianagaram,AP
2026-07-15,0.0,33.0,27.0,3.2,0.271,Vizianagaram,AP
2026-07-16,1.4,31.9,26.7,3.26,0.278,Vizianagaram,AP
2026-07-17,5.3,32.0,27.2,3.23,0.231,Vizianagaram,AP
2026-07-18,7.5,31.7,26.1,3.69,0.276,Vizianagaram,AP
2026-07-19,11.5,33.1,26.1,4.75,0.326,Vizianagaram,AP
2026-07-20,16.5,33.9,26.3,4.23,0.34,Vizianagaram,AP
2026-07-21,16.9,31.4,26.2,2.25,0.382,Vizianagaram,AP
2026-07-22,1.9,31.6,25.0,3.68,0.353,Vizianagaram,AP
2026-07-23,1.3,31.6,25.9,3.74,0.32,Vizianagaram,AP
2026-07-24,1.6,32.1,26.2,3.77,0.302,Vizianagaram,AP
2026-07-25,1.0,33.4,25.6,4.96,0.29,Vizianagaram,AP
2026-07-26,0.5,32.8,25.1,3.7,0.341,Vizianagaram,AP
2026-07-27,1.9,31.7,24.8,3.09,0.312,Vizianagaram,AP
2026-07-28,18.8,29.1,24.6,2.06,0.37,Vizianagaram,AP
2026-07-29,18.3,28.8,25.1,1.91,0.408,Vizianagaram,AP
2026-07-30,0.2,32.2,25.8,5.61,0.365,Vizianagaram,AP
2026-07-31,0.9,31.8,26.1,4.45,0.351,Vizianagaram,AP
2026-08-01,2.9,30.7,26.2,4.2,0.349,Vizianagaram,AP
2026-08-02,0.9,33.9,26.1,4.74,0.321,Vizianagaram,AP
2026-08-03,5.3,33.2,26.7,4.91,0.291,Vizianagaram,AP
2026-08-04,8.4,34.2,26.0,4.49,0.301,Vizianagaram,AP
2026-08-05,3.9,34.3,26.2,4.78,0.283,Vizianagaram,AP
2026-08-06,30.7,33.2,26.5,3.03,0.329,Vizianagaram,AP
2026-08-07,12.7,30.7,26.2,2.58,0.358,Vizianagaram,AP
2026-08-08,39.7,32.2,25.9,4.04,0.39,Vizianagaram,AP
2026-08-09,11.3,33.3,26.2,3.92,0.405,Vizianagaram,AP
2026-08-10,15.8,30.9,25.6,2.85,0.413,Vizianagaram,AP
2026-08-11,8.4,34.0,25.5,4.92,0.398,Vizianagaram,AP
2026-08-12,1.3,34.1,25.1,4.77,0.366,Vizianagaram,AP
2026-08-13,2.7,32.1,26.1,3.48,0.385,Vizianagaram,AP
2026-08-14,9.6,32.3,25.3,3.8,0.372,Vizianagaram,AP
2026-08-15,21.9,31.8,25.3,3.25,0.411,Vizianagaram,AP
2026-08-16,19.7,33.5,25.1,4.36,0.412,Vizianagaram,AP
2026-08-17,12.3,33.1,25.6,4.45,0.409,Vizianagaram,AP
2026-08-18,1.8,31.9,26.1,3.13,0.402,Vizianagaram,AP
2026-08-19,24.8,33.2,24.7,4.21,0.417,Vizianagaram,AP
2026-08-20,2.8,33.0,26.2,4.95,0.402,Vizianagaram,AP
2026-08-21,3.2,33.9,26.2,4.78,0.384,Vizianagaram,AP
2026-08-22,30.8,28.9,25.6,1.48,0.42,Vizianagaram,AP
2026-08-23,44.5,29.6,24.2,1.6,0.423,Vizianagaram,AP
2026-08-24,14.0,30.7,24.7,3.18,0.41,Vizianagaram,AP
2026-08-25,4.8,32.7,25.5,4.62,0.395,Vizianagaram,AP
2026-08-26,10.2,33.5,26.9,4.64,0.396,Vizianagaram,AP
2026-08-27,13.7,32.2,25.6,4.25,0.405,Vizianagaram,AP
2026-08-28,9.7,31.6,25.0,3.51,0.414,Vizianagaram,AP
2026-08-29,6.6,32.7,26.6,3.67,0.405,Vizianagaram,AP
2026-08-30,14.0,29.3,25.1,2.44,0.415,Vizianagaram,AP
2026-08-31,11.6,29.4,24.8,2.53,0.41,Vizianagaram,AP
2026-09-01,0.5,33.3,25.7,4.76,0.38,Vizianagaram,AP
2026-09-02,9.1,33.5,25.8,4.86,0.381,Vizianagaram,AP
2026-09-03,5.6,33.3,25.5,4.62,0.39,Vizianagaram,AP
2026-09-04,0.4,33.8,26.1,5.07,0.362,Vizianagaram,AP
2026-09-05,2.6,33.4,26.1,4.97,0.337,Vizianagaram,AP
2026-09-06,0.5,33.5,26.2,4.97,0.314,Vizianagaram,AP
2026-09-07,0.8,33.7,25.6,4.92,0.296,Vizianagaram,AP
2026-09-08,4.3,34.3,26.3,4.81,0.286,Vizianagaram,AP
2026-09-09,0.9,33.9,26.8,4.1,0.268,Vizianagaram,AP
2026-09-10,17.8,31.7,25.3,2.46,0.291,Vizianagaram,AP
