date,precipitation_sum,temperature_2m_max,temperature_2m_min,et0_fao_evapotranspiration,soil_moisture_0_to_7cm_mean,district,state
2014-01-01,0.0,28.5,18.7,3.75,0.24,Bhadradri Kothagudem,TS
2014-01-02,0.0,28.9,17.2,3.75,0.239,Bhadradri Kothagudem,TS
2014-01-03,0.0,29.2,17.1,3.72,0.239,Bhadradri Kothagudem,TS
2014-01-04,0.0,28.7,18.1,3.08,0.239,Bhadradri Kothagudem,TS
2014-01-05,0.0,29.5,18.8,3.71,0.238,Bhadradri Kothagudem,TS
2014-01-06,0.0,29.8,17.5,3.74,0.238,Bhadradri Kothagudem,TS
2014-01-07,0.0,29.8,18.7,3.78,0.238,Bhadradri Kothagudem,TS
2014-01-08,0.0,29.7,18.8,3.79,0.237,Bhadradri Kothagudem,TS
2014-01-09,0.0,28.8,19.2,2.99,0.238,Bhadradri Kothagudem,TS
2014-01-10,0.0,29.3,20.6,3.48,0.239,Bhadradri Kothagudem,TS
2014-01-11,0.0,29.2,19.9,3.86,0.238,Bhadradri Kothagudem,TS
2014-01-12,0.0,30.4,18.7,4.04,0.238,Bhadradri Kothagudem,TS
2014-01-13,0.0,29.6,20.2,3.58,0.238,Bhadradri Kothagudem,TS
2014-01-14,0.0,28.6,19.4,2.88,0.237,Bhadradri Kothagudem,TS
2014-01-15,0.1,29.5,19.0,3.48,0.238,Bhadradri Kothagudem,TS
2014-01-16,0.0,29.8,19.6,3.73,0.238,Bhadradri Kothagudem,TS
2014-01-17,0.0,30.7,19.3,4.6,0.238,Bhadradri Kothagudem,TS
2014-01-18,0.0,29.9,21.2,4.35,0.237,Bhadradri Kothagudem,TS
2014-01-19,0.0,30.7,18.9,4.43,0.237,Bhadradri Kothagudem,TS
2014-01-20,0.0,29.8,20.1,3.87,0.237,Bhadradri Kothagudem,TS
2014-01-21,0.0,30.3,20.0,4.31,0.237,Bhadradri Kothagudem,TS
2014-01-22,0.0,28.7,20.1,3.44,0.237,Bhadradri Kothagudem,TS
2014-01-23,0.0,28.5,19.3,3.21,0.237,Bhadradri Kothagudem,TS
2014-01-24,0.0,28.6,19.7,3.21,0.237,Bhadradri Kothagudem,TS
2014-01-25,0.0,29.6,20.1,3.46,0.237,Bhadradri Kothagudem,TS
2014-01-26,0.0,30.0,19.6,3.69,0.237,Bhadradri Kothagudem,TS
2014-01-27,0.0,29.2,19.3,3.35,0.237,Bhadradri Kothagudem,TS
2014-01-28,0.4,29.0,19.8,3.24,0.238,Bhadradri Kothagudem,TS
2014-01-29,0.0,29.7,19.2,3.93,0.239,Bhadradri Kothagudem,TS
2014-01-30,0.0,30.0,19.1,4.27,0.238,Bhadradri Kothagudem,TS
2014-01-31,0.0,29.7,17.9,4.07,0.237,Bhadradri Kothagudem,TS
2014-02-01,0.0,29.7,19.3,3.73,0.237,Bhadradri Kothagudem,TS
2014-02-02,0.0,30.7,18.6,4.12,0.237,Bhadradri Kothagudem,TS
2014-02-03,0.0,31.6,18.5,4.39,0.236,Bhadradri Kothagudem,TS
2014-02-04,0.0,32.5,18.4,4.48,0.236,Bhadradri Kothagudem,TS
2014-02-05,0.0,32.7,17.5,4.34,0.236,Bhadradri Kothagudem,TS
2014-02-06,0.0,33.1,18.6,4.52,0.236,Bhadradri Kothagudem,TS
2014-02-07,0.0,33.3,19.5,4.85,0.236,Bhadradri Kothagudem,TS
2014-02-08,0.0,33.5,18.6,5.3,0.236,Bhadradri Kothagudem,TS
2014-02-09,0.0,33.6,19.8,5.34,0.236,Bhadradri Kothagudem,TS
2014-02-10,0.0,32.8,19.3,4.94,0.236,Bhadradri Kothagudem,TS
2014-02-11,0.0,32.3,20.2,4.74,0.236,Bhadradri Kothagudem,TS
2014-02-12,0.0,32.4,19.9,4.82,0.236,Bhadradri Kothagudem,TS
2014-02-13,0.0,32.0,20.2,5.62,0.236,Bhadradri Kothagudem,TS
2014-02-14,0.0,30.4,20.6,4.34,0.236,Bhadradri Kothagudem,TS
2014-02-15,0.1,29.0,20.6,3.22,0.236,Bhadradri Kothagudem,TS
2014-02-16,2.5,29.9,21.2,3.13,0.247,Bhadradri Kothagudem,TS
2014-02-17,0.1,30.8,18.7,4.71,0.254,Bhadradri Kothagudem,TS
2014-02-18,0.0,30.8,17.7,4.68,0.25,Bhadradri Kothagudem,TS
2014-02-19,0.0,30.9,19.2,4.87,0.247,Bhadradri Kothagudem,TS
2014-02-20,0.0,32.1,18.7,5.3,0.244,Bhadradri Kothagudem,TS
2014-02-21,0.0,31.8,19.0,5.16,0.241,Bhadradri Kothagudem,TS
2014-02-22,0.0,32.3,19.9,5.45,0.24,Bhadradri Kothagudem,TS
2014-02-23,0.0,32.1,20.6,5.46,0.239,Bhadradri Kothagudem,TS
2014-02-24,0.0,32.3,20.1,5.36,0.238,Bhadradri Kothagudem,TS
2014-02-25,0.0,32.7,19.8,5.43,0.237,Bhadradri Kothagudem,TS
2014-02-26,0.0,32.5,19.3,5.54,0.237,Bhadradri Kothagudem,TS
2014-02-27,0.0,32.2,18.7,5.61,0.236,Bhadradri Kothagudem,TS
2014-02-28,0.0,31.0,18.6,5.15,0.236,Bhadradri Kothagudem,TS
2014-03-01,0.0,32.0,21.2,5.57,0.236,Bhadradri Kothagudem,TS
2014-03-02,0.4,31.7,21.6,4.61,0.237,Bhadradri Kothagudem,TS
2014-03-03,0.6,30.7,21.8,3.87,0.245,Bhadradri Kothagudem,TS
2014-03-04,0.0,30.0,22.1,3.84,0.246,Bhadradri Kothagudem,TS
2014-03-05,0.0,31.1,20.9,4.72,0.244,Bhadradri Kothagudem,TS
2014-03-06,0.1,31.4,21.5,4.31,0.242,Bhadradri Kothagudem,TS
2014-03-07,0.0,32.3,21.5,5.35,0.241,Bhadradri Kothagudem,TS
2014-03-08,0.0,32.8,21.4,5.43,0.239,Bhadradri Kothagudem,TS
2014-03-09,0.0,31.8,21.9,4.59,0.238,Bhadradri Kothagudem,TS
2014-03-10,0.0,32.0,22.4,5.05,0.238,Bhadradri Kothagudem,TS
2014-03-11,0.0,34.1,21.9,6.06,0.237,Bhadradri Kothagudem,TS
2014-03-12,0.0,33.0,22.3,4.91,0.237,Bhadradri Kothagudem,TS
2014-03-13,0.0,32.9,23.0,4.09,0.236,Bhadradri Kothagudem,TS
2014-03-14,0.2,35.5,22.8,5.58,0.237,Bhadradri Kothagudem,TS
2014-03-15,0.0,36.2,23.5,5.73,0.238,Bhadradri Kothagudem,TS
2014-03-16,0.0,36.3,23.1,5.87,0.237,Bhadradri Kothagudem,TS
2014-03-17,0.0,36.5,23.7,5.68,0.236,Bhadradri Kothagudem,TS
2014-03-18,0.0,36.9,23.1,5.71,0.236,Bhadradri Kothagudem,TS
2014-03-19,0.0,37.4,23.1,5.92,0.236,Bhadradri Kothagudem,TS
2014-03-20,0.0,38.0,23.3,5.67,0.235,Bhadradri Kothagudem,TS
2014-03-21,0.0,37.7,23.2,5.76,0.235,Bhadradri Kothagudem,TS
2014-03-22,0.0,36.3,23.7,5.74,0.235,Bhadradri Kothagudem,TS
2014-03-23,0.0,37.6,24.2,6.24,0.236,Bhadradri Kothagudem,TS
2014-03-24,0.0,37.1,23.6,6.33,0.236,Bhadradri Kothagudem,TS
2014-03-25,0.0,35.9,23.8,5.93,0.235,Bhadradri Kothagudem,TS
2014-03-26,0.0,38.1,22.9,6.8,0.235,Bhadradri Kothagudem,TS
2014-03-27,0.0,38.2,23.5,6.81,0.235,Bhadradri Kothagudem,TS
2014-03-28,0.0,39.2,23.3,6.67,0.235,Bhadradri Kothagudem,TS
2014-03-29,0.0,40.6,24.0,6.37,0.235,Bhadradri Kothagudem,TS
2014-03-30,0.0,40.2,24.4,6.8,0.235,Bhadradri Kothagudem,TS
2014-03-31,0.0,39.7,24.7,6.82,0.235,Bhadradri Kothagudem,TS
2014-04-01,0.0,39.4,24.6,6.73,0.235,Bhadradri Kothagudem,TS
2014-04-02,0.0,39.0,26.1,6.52,0.235,Bhadradri Kothagudem,TS
2014-04-03,0.0,38.8,25.7,6.14,0.235,Bhadradri Kothagudem,TS
2014-04-04,0.0,38.9,25.0,6.39,0.235,Bhadradri Kothagudem,TS
2014-04-05,0.0,39.8,24.9,6.39,0.235,Bhadradri Kothagudem,TS
2014-04-06,0.0,38.7,25.2,6.63,0.235,Bhadradri Kothagudem,TS
2014-04-07,0.0,39.1,25.2,6.68,0.235,Bhadradri Kothagudem,TS
2014-04-08,0.0,39.2,25.4,6.42,0.235,Bhadradri Kothagudem,TS
2014-04-09,0.0,38.3,26.2,5.7,0.236,Bhadradri Kothagudem,TS
2014-04-10,0.0,39.1,26.2,6.26,0.236,Bhadradri Kothagudem,TS
2014-04-11,0.0,39.1,25.6,6.6,0.236,Bhadradri Kothagudem,TS
2014-04-12,0.4,36.7,26.5,6.18,0.237,Bhadradri Kothagudem,TS
2014-04-13,0.0,36.6,26.3,6.05,0.24,Bhadradri Kothagudem,TS
2014-04-14,0.0,37.1,25.6,6.55,0.239,Bhadradri Kothagudem,TS
2014-04-15,0.0,37.1,25.7,6.02,0.238,Bhadradri Kothagudem,TS
2014-04-16,1.8,37.7,26.6,6.09,0.242,Bhadradri Kothagudem,TS
2014-04-17,0.0,37.2,26.4,6.49,0.252,Bhadradri Kothagudem,TS
2014-04-18,0.0,37.2,26.3,6.17,0.247,Bhadradri Kothagudem,TS
2014-04-19,0.3,37.8,26.3,5.82,0.243,Bhadradri Kothagudem,TS
2014-04-20,0.2,38.5,26.7,6.11,0.243,Bhadradri Kothagudem,TS
2014-04-21,0.2,38.7,26.9,6.37,0.242,Bhadradri Kothagudem,TS
2014-04-22,0.0,38.4,27.2,6.05,0.241,Bhadradri Kothagudem,TS
2014-04-23,0.0,39.2,27.3,6.31,0.24,Bhadradri Kothagudem,TS
2014-04-24,0.0,39.6,28.1,6.48,0.238,Bhadradri Kothagudem,TS
2014-04-25,0.3,40.0,28.3,6.44,0.238,Bhadradri Kothagudem,TS
2014-04-26,0.0,39.0,28.2,6.5,0.238,Bhadradri Kothagudem,TS
2014-04-27,0.0,39.0,28.0,6.58,0.238,Bhadradri Kothagudem,TS
2014-04-28,0.0,38.9,27.4,6.85,0.237,Bhadradri Kothagudem,TS
2014-04-29,0.0,39.0,27.2,7.14,0.236,Bhadradri Kothagudem,TS
2014-04-30,0.0,38.1,26.9,6.51,0.237,Bhadradri Kothagudem,TS
2014-05-01,0.0,38.7,27.4,6.86,0.236,Bhadradri Kothagudem,TS
2014-05-02,2.0,38.2,27.3,6.48,0.242,Bhadradri Kothagudem,TS
2014-05-03,0.4,37.9,27.6,6.36,0.254,Bhadradri Kothagudem,TS
2014-05-04,0.0,37.6,27.3,6.39,0.25,Bhadradri Kothagudem,TS
2014-05-05,0.5,37.5,26.8,6.31,0.25,Bhadradri Kothagudem,TS
2014-05-06,0.6,36.6,26.8,5.95,0.25,Bhadradri Kothagudem,TS
2014-05-07,1.4,36.6,26.7,5.74,0.254,Bhadradri Kothagudem,TS
2014-05-08,1.5,37.0,27.0,5.84,0.262,Bhadradri Kothagudem,TS
2014-05-09,38.4,31.8,24.5,3.45,0.32,Bhadradri Kothagudem,TS
2014-05-10,33.6,33.5,24.0,3.7,0.456,Bhadradri Kothagudem,TS
2014-05-11,0.0,36.9,25.9,5.97,0.431,Bhadradri Kothagudem,TS
2014-05-12,0.0,38.6,25.2,6.37,0.405,Bhadradri Kothagudem,TS
2014-05-13,0.0,38.6,25.8,6.67,0.379,Bhadradri Kothagudem,TS
2014-05-14,0.0,38.8,26.7,6.26,0.354,Bhadradri Kothagudem,TS
2014-05-15,0.0,38.3,25.6,6.6,0.333,Bhadradri Kothagudem,TS
2014-05-16,0.0,38.5,26.2,6.28,0.314,Bhadradri Kothagudem,TS
2014-05-17,0.0,38.1,27.2,5.85,0.299,Bhadradri Kothagudem,TS
2014-05-18,0.2,38.0,28.3,6.12,0.286,Bhadradri Kothagudem,TS
2014-05-19,0.8,37.0,28.1,5.86,0.28,Bhadradri Kothagudem,TS
2014-05-20,0.0,36.2,27.6,5.54,0.278,Bhadradri Kothagudem,TS
2014-05-21,0.0,39.3,28.6,6.23,0.268,Bhadradri Kothagudem,TS
2014-05-22,0.0,41.5,29.5,7.12,0.258,Bhadradri Kothagudem,TS
2014-05-23,0.0,41.6,27.7,6.7,0.251,Bhadradri Kothagudem,TS
2014-05-24,0.0,40.0,28.9,6.79,0.246,Bhadradri Kothagudem,TS
2014-05-25,0.8,37.6,28.6,6.32,0.246,Bhadradri Kothagudem,TS
2014-05-26,2.7,38.0,27.8,5.51,0.258,Bhadradri Kothagudem,TS
2014-05-27,0.0,37.9,28.2,6.29,0.252,Bhadradri Kothagudem,TS
2014-05-28,0.0,38.2,28.5,6.25,0.247,Bhadradri Kothagudem,TS
2014-05-29,0.0,39.3,28.1,6.71,0.244,Bhadradri Kothagudem,TS
2014-05-30,0.0,40.8,28.3,7.27,0.241,Bhadradri Kothagudem,TS
2014-05-31,0.0,42.5,29.3,7.06,0.239,Bhadradri Kothagudem,TS
2014-06-01,0.0,40.9,29.4,7.13,0.238,Bhadradri Kothagudem,TS
2014-06-02,0.0,39.0,28.9,6.18,0.237,Bhadradri Kothagudem,TS
2014-06-03,24.8,36.2,25.6,4.33,0.358,Bhadradri Kothagudem,TS
2014-06-04,0.0,36.9,27.9,6.07,0.333,Bhadradri Kothagudem,TS
2014-06-05,0.0,38.3,28.8,6.49,0.309,Bhadradri Kothagudem,TS
2014-06-06,0.0,39.5,29.3,6.84,0.289,Bhadradri Kothagudem,TS
2014-06-07,0.0,42.8,30.1,7.11,0.274,Bhadradri Kothagudem,TS
2014-06-08,0.0,42.0,30.9,7.04,0.262,Bhadradri Kothagudem,TS
2014-06-09,0.0,38.4,31.2,5.7,0.254,Bhadradri Kothagudem,TS
2014-06-10,0.0,41.0,30.2,7.7,0.249,Bhadradri Kothagudem,TS
2014-06-11,0.5,39.4,31.1,7.93,0.247,Bhadradri Kothagudem,TS
2014-06-12,3.3,39.9,30.9,7.84,0.253,Bhadradri Kothagudem,TS
2014-06-13,3.6,40.6,28.4,7.98,0.268,Bhadradri Kothagudem,TS
2014-06-14,1.4,36.7,29.1,6.31,0.28,Bhadradri Kothagudem,TS
2014-06-15,0.3,37.5,29.8,7.1,0.278,Bhadradri Kothagudem,TS
2014-06-16,0.2,39.3,30.4,7.53,0.269,Bhadradri Kothagudem,TS
2014-06-17,5.2,39.3,28.6,6.54,0.276,Bhadradri Kothagudem,TS
2014-06-18,1.6,35.0,27.2,4.12,0.323,Bhadradri Kothagudem,TS
2014-06-19,2.7,35.6,27.7,4.64,0.341,Bhadradri Kothagudem,TS
2014-06-20,0.5,32.6,27.7,3.93,0.342,Bhadradri Kothagudem,TS
2014-06-21,0.0,34.9,28.2,5.15,0.325,Bhadradri Kothagudem,TS
2014-06-22,0.0,34.2,28.9,3.88,0.308,Bhadradri Kothagudem,TS
2014-06-23,0.0,38.6,28.8,7.65,0.292,Bhadradri Kothagudem,TS
2014-06-24,0.0,39.5,29.0,8.08,0.275,Bhadradri Kothagudem,TS
2014-06-25,0.0,39.1,29.8,7.5,0.262,Bhadradri Kothagudem,TS
2014-06-26,0.0,38.1,28.9,5.92,0.254,Bhadradri Kothagudem,TS
2014-06-27,0.7,32.6,27.8,1.92,0.252,Bhadradri Kothagudem,TS
2014-06-28,9.1,28.8,25.5,1.9,0.317,Bhadradri Kothagudem,TS
2014-06-29,0.0,35.5,25.0,4.84,0.348,Bhadradri Kothagudem,TS
2014-06-30,0.3,35.3,27.4,4.69,0.325,Bhadradri Kothagudem,TS
2014-07-01,0.0,38.4,28.2,5.41,0.307,Bhadradri Kothagudem,TS
2014-07-02,0.0,39.6,29.3,7.21,0.288,Bhadradri Kothagudem,TS
2014-07-03,0.0,39.2,30.2,6.61,0.273,Bhadradri Kothagudem,TS
2014-07-04,0.0,37.9,30.7,6.19,0.263,Bhadradri Kothagudem,TS
2014-07-05,2.6,37.5,28.2,5.37,0.267,Bhadradri Kothagudem,TS
2014-07-06,1.6,35.4,28.4,4.89,0.278,Bhadradri Kothagudem,TS
2014-07-07,5.9,36.3,27.6,4.82,0.3,Bhadradri Kothagudem,TS
2014-07-08,22.8,34.8,26.0,4.29,0.426,Bhadradri Kothagudem,TS
2014-07-09,22.1,32.2,25.6,3.34,0.46,Bhadradri Kothagudem,TS
2014-07-10,3.1,32.8,26.1,3.92,0.425,Bhadradri Kothagudem,TS
2014-07-11,18.2,27.5,24.9,1.68,0.489,Bhadradri Kothagudem,TS
2014-07-12,16.3,27.3,25.4,1.95,0.492,Bhadradri Kothagudem,TS
2014-07-13,11.6,29.0,25.1,2.28,0.465,Bhadradri Kothagudem,TS
2014-07-14,16.1,29.3,25.1,2.13,0.479,Bhadradri Kothagudem,TS
2014-07-15,2.2,29.6,26.0,3.02,0.483,Bhadradri Kothagudem,TS
2014-07-16,3.5,31.1,24.6,3.38,0.482,Bhadradri Kothagudem,TS
2014-07-17,6.3,31.5,24.9,3.81,0.486,Bhadradri Kothagudem,TS
2014-07-18,0.4,30.9,26.8,3.78,0.464,Bhadradri Kothagudem,TS
2014-07-19,17.6,26.8,24.9,1.3,0.499,Bhadradri Kothagudem,TS
2014-07-20,12.1,28.2,24.9,2.3,0.457,Bhadradri Kothagudem,TS
2014-07-21,11.3,28.2,24.6,2.09,0.502,Bhadradri Kothagudem,TS
2014-07-22,9.7,27.8,24.1,2.37,0.482,Bhadradri Kothagudem,TS
2014-07-23,4.6,30.7,25.0,3.97,0.48,Bhadradri Kothagudem,TS
2014-07-24,0.0,31.4,24.8,4.65,0.469,Bhadradri Kothagudem,TS
2014-07-25,0.0,33.1,25.5,5.31,0.445,Bhadradri Kothagudem,TS
2014-07-26,6.6,27.9,25.2,1.69,0.463,Bhadradri Kothagudem,TS
2014-07-27,65.4,26.1,24.7,0.89,0.485,Bhadradri Kothagudem,TS
2014-07-28,43.2,25.4,24.5,0.81,0.475,Bhadradri Kothagudem,TS
2014-07-29,16.5,27.9,24.4,1.88,0.505,Bhadradri Kothagudem,TS
2014-07-30,32.8,26.6,24.1,1.41,0.466,Bhadradri Kothagudem,TS
2014-07-31,3.0,30.8,25.2,3.33,0.466,Bhadradri Kothagudem,TS
2014-08-01,1.2,32.5,26.0,4.22,0.461,Bhadradri Kothagudem,TS
2014-08-02,0.1,32.6,26.9,5.06,0.444,Bhadradri Kothagudem,TS
2014-08-03,1.4,31.4,26.9,4.3,0.427,Bhadradri Kothagudem,TS
2014-08-04,3.3,28.7,25.4,2.8,0.433,Bhadradri Kothagudem,TS
2014-08-05,12.2,30.3,24.7,3.11,0.464,Bhadradri Kothagudem,TS
2014-08-06,0.6,32.3,25.5,4.99,0.453,Bhadradri Kothagudem,TS
2014-08-07,0.0,31.8,26.4,4.83,0.436,Bhadradri Kothagudem,TS
2014-08-08,0.0,32.4,26.8,5.01,0.42,Bhadradri Kothagudem,TS
2014-08-09,1.1,32.9,25.4,4.85,0.413,Bhadradri Kothagudem,TS
2014-08-10,1.0,33.0,26.1,4.13,0.405,Bhadradri Kothagudem,TS
2014-08-11,8.0,32.1,25.2,3.77,0.441,Bhadradri Kothagudem,TS
2014-08-12,5.6,32.8,25.5,4.09,0.474,Bhadradri Kothagudem,TS
2014-08-13,2.7,32.8,26.0,4.42,0.462,Bhadradri Kothagudem,TS
2014-08-14,0.3,33.0,25.5,4.46,0.45,Bhadradri Kothagudem,TS
2014-08-15,1.7,32.6,26.4,4.29,0.43,Bhadradri Kothagudem,TS
2014-08-16,1.5,30.7,25.8,2.36,0.44,Bhadradri Kothagudem,TS
2014-08-17,2.7,31.1,25.3,3.73,0.45,Bhadradri Kothagudem,TS
2014-08-18,1.1,33.1,25.3,4.4,0.448,Bhadradri Kothagudem,TS
2014-08-19,2.7,32.5,25.0,4.38,0.444,Bhadradri Kothagudem,TS
2014-08-20,0.0,33.6,26.1,4.88,0.424,Bhadradri Kothagudem,TS
2014-08-21,0.0,32.0,25.8,3.97,0.404,Bhadradri Kothagudem,TS
2014-08-22,0.0,32.3,25.8,4.58,0.388,Bhadradri Kothagudem,TS
2014-08-23,0.2,32.3,25.9,4.44,0.374,Bhadradri Kothagudem,TS
2014-08-24,0.0,32.4,25.1,4.01,0.362,Bhadradri Kothagudem,TS
2014-08-25,8.4,32.2,24.1,4.24,0.422,Bhadradri Kothagudem,TS
2014-08-26,14.0,31.2,24.8,2.96,0.471,Bhadradri Kothagudem,TS
2014-08-27,15.5,28.8,24.5,1.87,0.496,Bhadradri Kothagudem,TS
2014-08-28,60.7,27.5,24.7,1.66,0.48,Bhadradri Kothagudem,TS
2014-08-29,30.0,29.6,23.9,2.02,0.47,Bhadradri Kothagudem,TS
2014-08-30,7.4,28.3,24.1,1.73,0.499,Bhadradri Kothagudem,TS
2014-08-31,12.4,26.4,24.4,1.3,0.475,Bhadradri Kothagudem,TS
2014-09-01,11.0,28.4,23.9,2.77,0.488,Bhadradri Kothagudem,TS
2014-09-02,0.4,30.7,24.9,3.82,0.469,Bhadradri Kothagudem,TS
2014-09-03,0.3,32.2,25.3,4.69,0.45,Bhadradri Kothagudem,TS
2014-09-04,1.4,31.3,25.4,3.81,0.443,Bhadradri Kothagudem,TS
2014-09-05,9.2,29.6,24.4,2.88,0.483,Bhadradri Kothagudem,TS
2014-09-06,32.3,25.5,24.1,0.89,0.474,Bhadradri Kothagudem,TS
2014-09-07,26.4,27.5,24.2,2.44,0.472,Bhadradri Kothagudem,TS
2014-09-08,0.3,30.7,24.9,4.94,0.448,Bhadradri Kothagudem,TS
2014-09-09,0.0,30.7,24.8,4.65,0.43,Bhadradri Kothagudem,TS
2014-09-10,0.4,30.1,24.9,3.45,0.425,Bhadradri Kothagudem,TS
2014-09-11,0.8,30.3,25.1,3.31,0.423,Bhadradri Kothagudem,TS
2014-09-12,15.1,31.3,25.0,3.78,0.434,Bhadradri Kothagudem,TS
2014-09-13,1.6,31.9,24.1,4.12,0.452,Bhadradri Kothagudem,TS
2014-09-14,6.8,32.0,24.9,3.99,0.471,Bhadradri Kothagudem,TS
2014-09-15,7.8,30.8,24.5,3.03,0.496,Bhadradri Kothagudem,TS
2014-09-16,8.2,29.6,24.8,2.23,0.5,Bhadradri Kothagudem,TS
2014-09-17,11.1,30.9,24.4,3.0,0.481,Bhadradri Kothagudem,TS
2014-09-18,12.7,32.7,25.1,3.89,0.483,Bhadradri Kothagudem,TS
2014-09-19,23.5,30.0,24.7,2.42,0.474,Bhadradri Kothagudem,TS
2014-09-20,13.6,27.3,24.5,1.28,0.489,Bhadradri Kothagudem,TS
2014-09-21,0.2,32.0,25.0,3.95,0.474,Bhadradri Kothagudem,TS
2014-09-22,0.7,32.6,25.1,4.39,0.458,Bhadradri Kothagudem,TS
2014-09-23,0.4,31.7,25.4,4.11,0.446,Bhadradri Kothagudem,TS
2014-09-24,0.5,32.4,25.4,3.96,0.436,Bhadradri Kothagudem,TS
2014-09-25,0.1,33.0,24.9,4.31,0.423,Bhadradri Kothagudem,TS
2014-09-26,0.3,32.2,24.6,4.43,0.412,Bhadradri Kothagudem,TS
2014-09-27,1.0,31.9,25.5,4.22,0.405,Bhadradri Kothagudem,TS
2014-09-28,0.0,31.8,25.3,4.38,0.399,Bhadradri Kothagudem,TS
2014-09-29,0.0,32.0,25.0,4.21,0.39,Bhadradri Kothagudem,TS
2014-09-30,0.0,32.7,24.9,4.61,0.378,Bhadradri Kothagudem,TS
2014-10-01,0.0,33.4,25.2,4.77,0.365,Bhadradri Kothagudem,TS
2014-10-02,0.0,33.3,25.1,4.83,0.352,Bhadradri Kothagudem,TS
2014-10-03,0.5,32.3,25.0,4.36,0.343,Bhadradri Kothagudem,TS
2014-10-04,0.6,32.6,25.0,4.31,0.338,Bhadradri Kothagudem,TS
2014-10-05,3.2,33.0,25.7,4.3,0.337,Bhadradri Kothagudem,TS
2014-10-06,1.1,31.2,23.8,3.6,0.367,Bhadradri Kothagudem,TS
2014-10-07,0.1,31.0,23.9,3.75,0.365,Bhadradri Kothagudem,TS
2014-10-08,0.6,31.6,24.5,4.01,0.355,Bhadradri Kothagudem,TS
2014-10-09,0.0,31.3,23.3,3.63,0.351,Bhadradri Kothagudem,TS
2014-10-10,0.0,33.2,25.0,4.56,0.339,Bhadradri Kothagudem,TS
2014-10-11,0.0,32.9,26.8,4.88,0.327,Bhadradri Kothagudem,TS
2014-10-12,23.1,27.6,24.0,2.27,0.397,Bhadradri Kothagudem,TS
2014-10-13,9.5,30.5,23.4,2.94,0.486,Bhadradri Kothagudem,TS
2014-10-14,0.7,31.8,25.9,4.06,0.465,Bhadradri Kothagudem,TS
2014-10-15,0.4,31.2,25.2,3.61,0.45,Bhadradri Kothagudem,TS
2014-10-16,1.3,31.6,24.7,4.01,0.443,Bhadradri Kothagudem,TS
2014-10-17,3.8,31.5,24.2,3.98,0.45,Bhadradri Kothagudem,TS
2014-10-18,0.6,30.6,23.1,3.77,0.461,Bhadradri Kothagudem,TS
2014-10-19,1.0,31.5,24.1,4.13,0.442,Bhadradri Kothagudem,TS
2014-10-20,0.0,31.3,22.8,4.34,0.424,Bhadradri Kothagudem,TS
2014-10-21,0.3,31.3,23.5,4.14,0.408,Bhadradri Kothagudem,TS
2014-10-22,0.5,30.4,24.4,3.81,0.399,Bhadradri Kothagudem,TS
2014-10-23,0.1,31.2,23.5,3.98,0.389,Bhadradri Kothagudem,TS
2014-10-24,0.0,30.5,23.6,3.86,0.377,Bhadradri Kothagudem,TS
2014-10-25,9.2,30.0,23.5,2.92,0.399,Bhadradri Kothagudem,TS
2014-10-26,10.6,26.6,22.7,1.42,0.49,Bhadradri Kothagudem,TS
2014-10-27,9.8,25.6,22.8,1.26,0.481,Bhadradri Kothagudem,TS
2014-10-28,0.2,29.1,22.6,2.89,0.465,Bhadradri Kothagudem,TS
2014-10-29,0.0,29.7,19.9,4.53,0.447,Bhadradri Kothagudem,TS
2014-10-30,0.0,29.9,19.5,4.33,0.43,Bhadradri Kothagudem,TS
2014-10-31,0.0,30.5,20.1,4.41,0.414,Bhadradri Kothagudem,TS
2014-11-01,0.1,28.8,20.5,2.94,0.404,Bhadradri Kothagudem,TS
2014-11-02,0.0,30.7,21.2,4.14,0.395,Bhadradri Kothagudem,TS
2014-11-03,0.0,31.0,21.5,4.34,0.381,Bhadradri Kothagudem,TS
2014-11-04,0.0,30.8,20.3,4.63,0.368,Bhadradri Kothagudem,TS
2014-11-05,0.0,31.0,17.7,4.54,0.355,Bhadradri Kothagudem,TS
2014-11-06,0.0,31.0,19.9,4.13,0.344,Bhadradri Kothagudem,TS
2014-11-07,0.0,30.9,20.0,4.74,0.334,Bhadradri Kothagudem,TS
2014-11-08,0.0,30.8,18.6,4.25,0.323,Bhadradri Kothagudem,TS
2014-11-09,1.6,27.7,23.6,1.59,0.32,Bhadradri Kothagudem,TS
2014-11-10,1.6,31.4,23.6,3.41,0.339,Bhadradri Kothagudem,TS
2014-11-11,1.1,31.3,23.8,3.13,0.336,Bhadradri Kothagudem,TS
2014-11-12,0.3,31.2,22.7,3.1,0.335,Bhadradri Kothagudem,TS
2014-11-13,3.0,30.1,23.6,2.79,0.349,Bhadradri Kothagudem,TS
2014-11-14,0.4,31.6,22.3,3.7,0.363,Bhadradri Kothagudem,TS
2014-11-15,0.0,31.0,23.9,3.57,0.349,Bhadradri Kothagudem,TS
2014-11-16,0.0,30.9,23.6,3.57,0.337,Bhadradri Kothagudem,TS
2014-11-17,0.0,31.1,23.4,3.76,0.326,Bhadradri Kothagudem,TS
2014-11-18,0.0,31.0,23.7,3.6,0.316,Bhadradri Kothagudem,TS
2014-11-19,0.3,29.6,23.9,2.98,0.312,Bhadradri Kothagudem,TS
2014-11-20,0.0,30.1,23.0,3.33,0.307,Bhadradri Kothagudem,TS
2014-11-21,0.0,30.2,21.0,3.78,0.299,Bhadradri Kothagudem,TS
2014-11-22,0.0,30.3,21.3,3.83,0.291,Bhadradri Kothagudem,TS
2014-11-23,0.0,30.0,21.6,3.82,0.284,Bhadradri Kothagudem,TS
2014-11-24,0.0,30.1,20.5,3.77,0.278,Bhadradri Kothagudem,TS
2014-11-25,0.0,30.0,20.2,4.14,0.272,Bhadradri Kothagudem,TS
2014-11-26,0.0,29.6,19.2,4.26,0.267,Bhadradri Kothagudem,TS
2014-11-27,0.0,29.7,19.1,4.05,0.263,Bhadradri Kothagudem,TS
2014-11-28,0.0,30.1,18.8,3.87,0.259,Bhadradri Kothagudem,TS
2014-11-29,0.0,30.9,20.1,4.22,0.256,Bhadradri Kothagudem,TS
2014-11-30,0.0,31.2,19.0,4.51,0.253,Bhadradri Kothagudem,TS
2014-12-01,0.0,30.9,18.5,4.24,0.25,Bhadradri Kothagudem,TS
2014-12-02,0.0,30.3,19.2,4.14,0.248,Bhadradri Kothagudem,TS
2014-12-03,0.0,30.4,19.2,4.16,0.246,Bhadradri Kothagudem,TS
2014-12-04,0.0,30.3,18.3,4.23,0.245,Bhadradri Kothagudem,TS
2014-12-05,0.0,29.8,18.9,3.95,0.243,Bhadradri Kothagudem,TS
2014-12-06,0.0,29.9,19.4,3.99,0.242,Bhadradri Kothagudem,TS
2014-12-07,0.0,30.0,18.3,3.88,0.241,Bhadradri Kothagudem,TS
2014-12-08,0.0,30.5,19.3,3.71,0.24,Bhadradri Kothagudem,TS
2014-12-09,0.0,29.7,20.4,3.22,0.24,Bhadradri Kothagudem,TS
2014-12-10,0.0,30.1,21.7,3.13,0.239,Bhadradri Kothagudem,TS
2014-12-11,0.6,28.8,22.4,2.5,0.244,Bhadradri Kothagudem,TS
2014-12-12,0.0,29.5,21.8,3.01,0.244,Bhadradri Kothagudem,TS
2014-12-13,0.0,30.0,22.4,3.67,0.243,Bhadradri Kothagudem,TS
2014-12-14,0.3,28.7,21.1,2.87,0.243,Bhadradri Kothagudem,TS
2014-12-15,0.0,30.3,20.6,3.77,0.243,Bhadradri Kothagudem,TS
2014-12-16,0.0,30.1,19.8,3.76,0.242,Bhadradri Kothagudem,TS
2014-12-17,0.0,29.2,20.5,4.24,0.241,Bhadradri Kothagudem,TS
2014-12-18,0.0,28.7,16.5,4.1,0.24,Bhadradri Kothagudem,TS
2014-12-19,0.0,28.2,17.0,4.07,0.239,Bhadradri Kothagudem,TS
2014-12-20,0.0,27.2,16.0,3.8,0.238,Bhadradri Kothagudem,TS
2014-12-21,0.0,27.6,16.2,3.86,0.238,Bhadradri Kothagudem,TS
2014-12-22,0.0,27.8,16.6,3.7,0.238,Bhadradri Kothagudem,TS
2014-12-23,0.0,28.1,17.1,3.88,0.237,Bhadradri Kothagudem,TS
2014-12-24,0.0,28.3,17.9,3.81,0.237,Bhadradri Kothagudem,TS
2014-12-25,0.0,28.5,17.1,3.69,0.237,Bhadradri Kothagudem,TS
2014-12-26,0.0,28.4,16.9,4.02,0.237,Bhadradri Kothagudem,TS
2014-12-27,0.0,27.7,14.7,3.86,0.237,Bhadradri Kothagudem,TS
2014-12-28,0.0,27.9,15.1,3.79,0.236,Bhadradri Kothagudem,TS
2014-12-29,0.0,28.6,16.8,3.69,0.236,Bhadradri Kothagudem,TS
2014-12-30,0.0,29.2,19.0,3.19,0.236,Bhadradri Kothagudem,TS
2014-12-31,0.0,29.7,20.1,3.41,0.236,Bhadradri Kothagudem,TS
2015-01-01,0.0,31.6,22.1,3.67,0.236,Bhadradri Kothagudem,TS
2015-01-02,1.7,30.2,22.5,3.05,0.249,Bhadradri Kothagudem,TS
2015-01-03,1.0,30.0,21.7,2.92,0.26,Bhadradri Kothagudem,TS
2015-01-04,1.0,29.3,21.6,2.9,0.274,Bhadradri Kothagudem,TS
2015-01-05,0.0,30.5,19.9,4.08,0.273,Bhadradri Kothagudem,TS
2015-01-06,0.0,30.1,18.5,4.12,0.267,Bhadradri Kothagudem,TS
2015-01-07,0.0,30.0,18.9,4.21,0.261,Bhadradri Kothagudem,TS
2015-01-08,0.0,30.0,18.6,4.47,0.256,Bhadradri Kothagudem,TS
2015-01-09,0.0,28.8,15.3,4.67,0.252,Bhadradri Kothagudem,TS
2015-01-10,0.0,28.6,15.9,4.38,0.249,Bhadradri Kothagudem,TS
2015-01-11,0.0,28.6,16.7,4.17,0.246,Bhadradri Kothagudem,TS
2015-01-12,0.0,28.8,15.5,4.21,0.244,Bhadradri Kothagudem,TS
2015-01-13,0.0,28.8,15.7,4.2,0.242,Bhadradri Kothagudem,TS
2015-01-14,0.0,29.6,17.4,4.09,0.241,Bhadradri Kothagudem,TS
2015-01-15,0.0,29.5,18.3,4.16,0.24,Bhadradri Kothagudem,TS
2015-01-16,0.0,29.9,17.9,4.29,0.239,Bhadradri Kothagudem,TS
2015-01-17,0.0,29.7,17.1,4.54,0.238,Bhadradri Kothagudem,TS
2015-01-18,0.0,29.7,17.9,4.51,0.238,Bhadradri Kothagudem,TS
2015-01-19,0.0,29.6,17.4,4.44,0.237,Bhadradri Kothagudem,TS
2015-01-20,0.0,30.1,16.8,4.47,0.237,Bhadradri Kothagudem,TS
2015-01-21,0.0,29.8,16.9,4.63,0.237,Bhadradri Kothagudem,TS
2015-01-22,0.0,30.2,17.3,4.67,0.236,Bhadradri Kothagudem,TS
2015-01-23,0.0,30.3,16.2,4.44,0.236,Bhadradri Kothagudem,TS
2015-01-24,0.0,31.2,18.7,4.46,0.236,Bhadradri Kothagudem,TS
2015-01-25,0.0,31.6,18.3,4.94,0.236,Bhadradri Kothagudem,TS
2015-01-26,0.0,31.1,17.7,4.74,0.236,Bhadradri Kothagudem,TS
2015-01-27,0.0,30.3,17.9,4.44,0.236,Bhadradri Kothagudem,TS
2015-01-28,0.0,31.0,18.1,4.67,0.236,Bhadradri Kothagudem,TS
2015-01-29,0.0,30.8,19.0,4.32,0.236,Bhadradri Kothagudem,TS
2015-01-30,0.0,30.6,19.2,3.95,0.236,Bhadradri Kothagudem,TS
2015-01-31,0.0,31.1,20.3,4.18,0.236,Bhadradri Kothagudem,TS
2015-02-01,0.0,30.4,19.7,3.7,0.236,Bhadradri Kothagudem,TS
2015-02-02,0.0,30.8,20.8,4.05,0.236,Bhadradri Kothagudem,TS
2015-02-03,0.0,30.8,18.7,4.45,0.236,Bhadradri Kothagudem,TS
2015-02-04,0.0,31.8,18.3,4.63,0.236,Bhadradri Kothagudem,TS
2015-02-05,0.0,32.4,17.9,4.74,0.236,Bhadradri Kothagudem,TS
2015-02-06,0.0,32.8,17.8,4.88,0.236,Bhadradri Kothagudem,TS
2015-02-07,0.0,32.0,18.5,4.87,0.236,Bhadradri Kothagudem,TS
2015-02-08,0.0,32.3,19.1,5.05,0.236,Bhadradri Kothagudem,TS
2015-02-09,0.0,32.8,19.9,5.5,0.236,Bhadradri Kothagudem,TS
2015-02-10,0.0,31.7,19.6,4.98,0.236,Bhadradri Kothagudem,TS
2015-02-11,0.0,32.0,19.2,4.76,0.236,Bhadradri Kothagudem,TS
2015-02-12,0.0,32.3,19.1,4.9,0.236,Bhadradri Kothagudem,TS
2015-02-13,0.0,32.6,20.3,4.75,0.236,Bhadradri Kothagudem,TS
2015-02-14,0.0,33.6,20.0,4.56,0.235,Bhadradri Kothagudem,TS
2015-02-15,0.0,34.4,19.1,4.87,0.235,Bhadradri Kothagudem,TS
2015-02-16,0.0,33.8,19.6,4.48,0.235,Bhadradri Kothagudem,TS
2015-02-17,0.0,34.4,20.1,4.95,0.235,Bhadradri Kothagudem,TS
2015-02-18,0.0,34.2,20.6,5.26,0.235,Bhadradri Kothagudem,TS
2015-02-19,0.0,33.0,21.8,4.64,0.235,Bhadradri Kothagudem,TS
2015-02-20,0.0,32.6,21.0,4.66,0.235,Bhadradri Kothagudem,TS
2015-02-21,0.0,33.0,21.7,4.69,0.236,Bhadradri Kothagudem,TS
2015-02-22,0.0,34.5,21.8,5.07,0.236,Bhadradri Kothagudem,TS
2015-02-23,0.0,35.1,20.7,5.32,0.236,Bhadradri Kothagudem,TS
2015-02-24,0.0,35.3,21.4,5.82,0.236,Bhadradri Kothagudem,TS
2015-02-25,0.0,35.0,21.3,5.64,0.235,Bhadradri Kothagudem,TS
2015-02-26,0.0,35.4,19.8,6.19,0.235,Bhadradri Kothagudem,TS
2015-02-27,0.0,34.3,19.2,6.0,0.235,Bhadradri Kothagudem,TS
2015-02-28,0.0,34.0,20.8,6.21,0.235,Bhadradri Kothagudem,TS
2015-03-01,0.0,32.4,22.3,5.48,0.236,Bhadradri Kothagudem,TS
2015-03-02,0.3,30.4,23.3,3.39,0.237,Bhadradri Kothagudem,TS
2015-03-03,0.7,32.7,23.3,4.37,0.241,Bhadradri Kothagudem,TS
2015-03-04,1.0,31.7,22.6,3.67,0.252,Bhadradri Kothagudem,TS
2015-03-05,1.4,34.2,22.2,4.67,0.264,Bhadradri Kothagudem,TS
2015-03-06,0.2,33.8,24.3,4.54,0.261,Bhadradri Kothagudem,TS
2015-03-07,1.3,33.6,23.7,4.68,0.266,Bhadradri Kothagudem,TS
2015-03-08,0.1,34.0,24.1,5.03,0.277,Bhadradri Kothagudem,TS
2015-03-09,0.7,34.3,23.5,4.76,0.269,Bhadradri Kothagudem,TS
2015-03-10,1.2,35.3,24.6,4.94,0.268,Bhadradri Kothagudem,TS
2015-03-11,0.0,36.7,22.2,6.47,0.27,Bhadradri Kothagudem,TS
2015-03-12,0.0,36.8,21.8,6.42,0.261,Bhadradri Kothagudem,TS
2015-03-13,0.0,36.8,21.6,6.07,0.253,Bhadradri Kothagudem,TS
2015-03-14,0.0,36.8,21.3,6.62,0.248,Bhadradri Kothagudem,TS
2015-03-15,0.0,36.5,22.1,6.58,0.244,Bhadradri Kothagudem,TS
2015-03-16,0.0,36.4,20.9,6.37,0.241,Bhadradri Kothagudem,TS
2015-03-17,0.0,36.6,21.6,5.85,0.239,Bhadradri Kothagudem,TS
2015-03-18,0.0,38.1,24.1,6.06,0.238,Bhadradri Kothagudem,TS
2015-03-19,0.0,38.5,23.7,6.24,0.237,Bhadradri Kothagudem,TS
2015-03-20,0.0,38.0,24.6,5.86,0.236,Bhadradri Kothagudem,TS
2015-03-21,0.0,38.5,24.6,5.68,0.236,Bhadradri Kothagudem,TS
2015-03-22,0.0,39.1,24.5,6.04,0.236,Bhadradri Kothagudem,TS
2015-03-23,0.0,39.1,24.9,6.26,0.235,Bhadradri Kothagudem,TS
2015-03-24,0.0,39.3,24.5,6.15,0.235,Bhadradri Kothagudem,TS
2015-03-25,0.0,37.4,25.7,6.09,0.235,Bhadradri Kothagudem,TS
2015-03-26,0.0,36.5,25.2,6.28,0.235,Bhadradri Kothagudem,TS
2015-03-27,0.0,36.8,24.8,6.24,0.236,Bhadradri Kothagudem,TS
2015-03-28,0.0,36.5,24.9,6.31,0.236,Bhadradri Kothagudem,TS
2015-03-29,0.0,37.2,25.7,6.47,0.236,Bhadradri Kothagudem,TS
2015-03-30,0.1,34.8,26.0,5.2,0.236,Bhadradri Kothagudem,TS
2015-03-31,0.0,35.3,25.8,5.73,0.237,Bhadradri Kothagudem,TS
2015-04-01,0.0,37.2,25.8,6.29,0.236,Bhadradri Kothagudem,TS
2015-04-02,0.0,37.5,25.9,6.11,0.236,Bhadradri Kothagudem,TS
2015-04-03,0.0,37.9,26.6,6.08,0.236,Bhadradri Kothagudem,TS
2015-04-04,0.0,39.3,27.2,6.36,0.236,Bhadradri Kothagudem,TS
2015-04-05,0.0,38.5,27.6,6.26,0.236,Bhadradri Kothagudem,TS
2015-04-06,0.0,37.4,27.0,6.38,0.235,Bhadradri Kothagudem,TS
2015-04-07,0.0,37.7,26.3,6.7,0.235,Bhadradri Kothagudem,TS
2015-04-08,0.0,38.1,25.5,7.13,0.236,Bhadradri Kothagudem,TS
2015-04-09,0.0,37.1,25.4,6.38,0.236,Bhadradri Kothagudem,TS
2015-04-10,0.0,37.6,25.5,6.4,0.236,Bhadradri Kothagudem,TS
2015-04-11,0.0,37.2,25.9,6.2,0.235,Bhadradri Kothagudem,TS
2015-04-12,0.4,31.4,24.6,3.18,0.238,Bhadradri Kothagudem,TS
2015-04-13,2.8,31.7,23.4,4.52,0.264,Bhadradri Kothagudem,TS
2015-04-14,0.9,32.3,24.1,5.11,0.282,Bhadradri Kothagudem,TS
2015-04-15,5.2,34.1,23.2,4.95,0.302,Bhadradri Kothagudem,TS
2015-04-16,2.1,34.3,23.5,4.97,0.324,Bhadradri Kothagudem,TS
2015-04-17,0.1,35.2,24.0,5.54,0.314,Bhadradri Kothagudem,TS
2015-04-18,0.0,38.1,24.9,6.4,0.294,Bhadradri Kothagudem,TS
2015-04-19,0.1,38.7,25.1,6.61,0.278,Bhadradri Kothagudem,TS
2015-04-20,0.0,39.1,26.4,6.81,0.267,Bhadradri Kothagudem,TS
2015-04-21,0.0,39.5,26.6,6.82,0.257,Bhadradri Kothagudem,TS
2015-04-22,0.0,39.9,27.5,6.67,0.25,Bhadradri Kothagudem,TS
2015-04-23,1.6,38.2,27.8,6.06,0.251,Bhadradri Kothagudem,TS
2015-04-24,5.9,33.2,27.7,4.68,0.314,Bhadradri Kothagudem,TS
2015-04-25,1.7,34.9,25.9,5.28,0.348,Bhadradri Kothagudem,TS
2015-04-26,0.0,36.0,25.8,5.71,0.332,Bhadradri Kothagudem,TS
2015-04-27,0.0,37.4,25.3,6.3,0.308,Bhadradri Kothagudem,TS
2015-04-28,0.1,38.5,26.3,6.82,0.289,Bhadradri Kothagudem,TS
2015-04-29,0.0,38.1,26.9,6.94,0.276,Bhadradri Kothagudem,TS
2015-04-30,0.1,40.1,26.9,6.61,0.266,Bhadradri Kothagudem,TS
2015-05-01,0.0,39.8,27.6,6.71,0.257,Bhadradri Kothagudem,TS
2015-05-02,0.4,39.0,28.0,6.56,0.252,Bhadradri Kothagudem,TS
2015-05-03,0.2,37.9,28.1,5.99,0.251,Bhadradri Kothagudem,TS
2015-05-04,0.1,38.2,27.4,6.2,0.248,Bhadradri Kothagudem,TS
2015-05-05,0.0,38.3,26.8,6.41,0.245,Bhadradri Kothagudem,TS
2015-05-06,0.8,39.3,27.3,6.68,0.244,Bhadradri Kothagudem,TS
2015-05-07,0.0,39.7,27.9,6.63,0.245,Bhadradri Kothagudem,TS
2015-05-08,0.0,41.0,27.9,6.86,0.242,Bhadradri Kothagudem,TS
2015-05-09,0.2,40.0,28.1,7.03,0.24,Bhadradri Kothagudem,TS
2015-05-10,0.0,38.4,28.6,5.72,0.241,Bhadradri Kothagudem,TS
2015-05-11,1.5,37.7,29.4,5.9,0.246,Bhadradri Kothagudem,TS
2015-05-12,0.5,39.4,28.4,6.15,0.256,Bhadradri Kothagudem,TS
2015-05-13,1.8,38.8,28.5,6.27,0.258,Bhadradri Kothagudem,TS
2015-05-14,0.0,38.0,28.6,6.01,0.266,Bhadradri Kothagudem,TS
2015-05-15,0.7,38.8,28.6,5.76,0.258,Bhadradri Kothagudem,TS
2015-05-16,0.2,38.9,28.2,5.33,0.258,Bhadradri Kothagudem,TS
2015-05-17,0.0,37.3,28.3,5.21,0.254,Bhadradri Kothagudem,TS
2015-05-18,0.0,39.6,27.3,6.15,0.25,Bhadradri Kothagudem,TS
2015-05-19,0.0,43.2,29.0,7.45,0.244,Bhadradri Kothagudem,TS
2015-05-20,0.5,45.1,31.3,7.72,0.241,Bhadradri Kothagudem,TS
2015-05-21,0.0,45.7,30.0,7.5,0.241,Bhadradri Kothagudem,TS
2015-05-22,0.0,45.7,31.6,7.95,0.238,Bhadradri Kothagudem,TS
2015-05-23,0.0,45.2,29.9,8.54,0.237,Bhadradri Kothagudem,TS
2015-05-24,0.0,44.3,31.0,9.22,0.236,Bhadradri Kothagudem,TS
2015-05-25,0.0,43.7,31.9,8.81,0.236,Bhadradri Kothagudem,TS
2015-05-26,0.0,44.7,31.3,8.34,0.235,Bhadradri Kothagudem,TS
2015-05-27,0.0,44.9,30.3,8.11,0.235,Bhadradri Kothagudem,TS
2015-05-28,0.0,43.9,31.5,7.62,0.235,Bhadradri Kothagudem,TS
2015-05-29,0.1,43.1,30.6,7.59,0.235,Bhadradri Kothagudem,TS
2015-05-30,0.0,42.8,30.2,7.53,0.236,Bhadradri Kothagudem,TS
2015-05-31,0.9,41.0,29.7,7.42,0.239,Bhadradri Kothagudem,TS
2015-06-01,4.2,38.7,29.5,5.54,0.256,Bhadradri Kothagudem,TS
2015-06-02,9.9,36.5,27.6,4.33,0.334,Bhadradri Kothagudem,TS
2015-06-03,0.5,36.0,28.4,5.28,0.346,Bhadradri Kothagudem,TS
2015-06-04,3.4,35.2,28.2,5.16,0.337,Bhadradri Kothagudem,TS
2015-06-05,1.7,36.2,28.3,4.4,0.344,Bhadradri Kothagudem,TS
2015-06-06,2.7,30.7,28.4,2.08,0.36,Bhadradri Kothagudem,TS
2015-06-07,1.0,34.1,27.3,3.83,0.357,Bhadradri Kothagudem,TS
2015-06-08,8.1,34.7,27.2,3.22,0.416,Bhadradri Kothagudem,TS
2015-06-09,6.8,33.6,26.0,3.53,0.445,Bhadradri Kothagudem,TS
2015-06-10,0.8,37.9,28.9,6.57,0.398,Bhadradri Kothagudem,TS
2015-06-11,1.3,38.4,29.4,5.74,0.362,Bhadradri Kothagudem,TS
2015-06-12,4.3,34.1,27.2,3.69,0.371,Bhadradri Kothagudem,TS
2015-06-13,11.4,36.1,26.6,4.62,0.398,Bhadradri Kothagudem,TS
2015-06-14,7.0,32.2,26.3,2.78,0.464,Bhadradri Kothagudem,TS
2015-06-15,4.8,30.5,25.6,2.5,0.464,Bhadradri Kothagudem,TS
2015-06-16,4.5,29.1,25.2,2.09,0.459,Bhadradri Kothagudem,TS
2015-06-17,32.1,30.3,24.9,1.91,0.491,Bhadradri Kothagudem,TS
2015-06-18,26.6,30.7,25.0,2.61,0.475,Bhadradri Kothagudem,TS
2015-06-19,38.2,28.2,25.1,1.53,0.483,Bhadradri Kothagudem,TS
2015-06-20,311.4,25.5,24.6,0.79,0.497,Bhadradri Kothagudem,TS
2015-06-21,54.8,26.1,24.7,1.41,0.485,Bhadradri Kothagudem,TS
2015-06-22,3.3,30.5,24.5,3.47,0.489,Bhadradri Kothagudem,TS
2015-06-23,0.0,31.1,26.8,4.1,0.466,Bhadradri Kothagudem,TS
2015-06-24,6.3,32.3,25.3,4.06,0.483,Bhadradri Kothagudem,TS
2015-06-25,0.0,32.4,27.1,4.72,0.463,Bhadradri Kothagudem,TS
2015-06-26,0.0,32.8,27.7,5.05,0.44,Bhadradri Kothagudem,TS
2015-06-27,0.4,32.9,26.7,5.34,0.424,Bhadradri Kothagudem,TS
2015-06-28,4.0,32.8,26.7,4.44,0.422,Bhadradri Kothagudem,TS
2015-06-29,3.4,34.5,25.8,4.77,0.44,Bhadradri Kothagudem,TS
2015-06-30,0.6,34.8,25.8,5.03,0.449,Bhadradri Kothagudem,TS
2015-07-01,0.4,34.1,26.9,5.05,0.424,Bhadradri Kothagudem,TS
2015-07-02,5.5,32.4,26.5,4.26,0.425,Bhadradri Kothagudem,TS
2015-07-03,0.0,32.2,26.2,3.52,0.445,Bhadradri Kothagudem,TS
2015-07-04,0.0,35.1,26.2,6.04,0.416,Bhadradri Kothagudem,TS
2015-07-05,0.0,34.3,26.1,5.9,0.388,Bhadradri Kothagudem,TS
2015-07-06,0.0,34.3,26.1,6.41,0.365,Bhadradri Kothagudem,TS
2015-07-07,0.0,34.5,26.4,5.62,0.345,Bhadradri Kothagudem,TS
2015-07-08,0.0,33.6,27.5,5.0,0.331,Bhadradri Kothagudem,TS
2015-07-09,0.0,34.3,27.9,5.61,0.319,Bhadradri Kothagudem,TS
2015-07-10,0.4,32.7,27.4,4.1,0.312,Bhadradri Kothagudem,TS
2015-07-11,0.1,33.9,27.5,4.97,0.307,Bhadradri Kothagudem,TS
2015-07-12,0.0,34.5,26.4,5.34,0.298,Bhadradri Kothagudem,TS
2015-07-13,1.4,35.8,27.4,5.38,0.292,Bhadradri Kothagudem,TS
2015-07-14,8.0,34.4,26.5,4.5,0.361,Bhadradri Kothagudem,TS
2015-07-15,25.8,34.0,26.0,4.3,0.448,Bhadradri Kothagudem,TS
2015-07-16,7.1,34.4,25.8,4.19,0.457,Bhadradri Kothagudem,TS
2015-07-17,0.4,33.1,26.8,4.59,0.448,Bhadradri Kothagudem,TS
2015-07-18,5.5,33.4,25.3,3.94,0.46,Bhadradri Kothagudem,TS
2015-07-19,2.5,31.0,26.1,2.86,0.459,Bhadradri Kothagudem,TS
2015-07-20,1.5,33.2,25.4,4.42,0.449,Bhadradri Kothagudem,TS
2015-07-21,6.7,33.0,25.7,4.25,0.447,Bhadradri Kothagudem,TS
2015-07-22,9.0,31.3,25.6,2.62,0.489,Bhadradri Kothagudem,TS
2015-07-23,2.4,30.9,25.9,3.29,0.479,Bhadradri Kothagudem,TS
2015-07-24,2.8,32.5,25.6,3.88,0.483,Bhadradri Kothagudem,TS
2015-07-25,0.1,33.5,27.0,5.04,0.46,Bhadradri Kothagudem,TS
2015-07-26,3.0,31.4,25.8,3.53,0.448,Bhadradri Kothagudem,TS
2015-07-27,1.2,32.8,25.6,4.38,0.447,Bhadradri Kothagudem,TS
2015-07-28,0.0,33.8,26.5,5.54,0.425,Bhadradri Kothagudem,TS
2015-07-29,0.0,33.5,26.7,5.63,0.4,Bhadradri Kothagudem,TS
2015-07-30,2.5,33.0,26.2,5.14,0.387,Bhadradri Kothagudem,TS
2015-07-31,0.0,32.5,26.2,4.74,0.394,Bhadradri Kothagudem,TS
2015-08-01,3.6,32.6,26.1,4.41,0.391,Bhadradri Kothagudem,TS
2015-08-02,0.4,33.1,25.9,4.72,0.395,Bhadradri Kothagudem,TS
2015-08-03,0.2,32.1,26.4,4.17,0.378,Bhadradri Kothagudem,TS
2015-08-04,0.2,31.5,26.3,4.07,0.365,Bhadradri Kothagudem,TS
2015-08-05,0.8,32.2,24.6,4.65,0.356,Bhadradri Kothagudem,TS
2015-08-06,0.6,31.6,24.7,4.55,0.346,Bhadradri Kothagudem,TS
2015-08-07,3.3,31.3,25.1,3.35,0.361,Bhadradri Kothagudem,TS
2015-08-08,6.1,29.4,25.3,2.59,0.414,Bhadradri Kothagudem,TS
2015-08-09,11.8,30.7,24.7,2.56,0.452,Bhadradri Kothagudem,TS
2015-08-10,17.0,31.6,24.5,2.99,0.485,Bhadradri Kothagudem,TS
2015-08-11,10.7,31.0,24.8,3.08,0.491,Bhadradri Kothagudem,TS
2015-08-12,31.3,26.3,24.4,0.89,0.487,Bhadradri Kothagudem,TS
2015-08-13,11.4,29.0,24.6,2.22,0.477,Bhadradri Kothagudem,TS
2015-08-14,0.5,32.4,24.0,4.5,0.467,Bhadradri Kothagudem,TS
2015-08-15,3.9,32.5,26.0,3.68,0.467,Bhadradri Kothagudem,TS
2015-08-16,4.0,30.4,25.9,2.81,0.475,Bhadradri Kothagudem,TS
2015-08-17,5.7,31.5,25.2,3.28,0.47,Bhadradri Kothagudem,TS
2015-08-18,6.0,31.9,25.2,3.88,0.494,Bhadradri Kothagudem,TS
2015-08-19,0.2,32.3,26.2,4.33,0.473,Bhadradri Kothagudem,TS
2015-08-20,4.0,31.8,25.4,3.76,0.469,Bhadradri Kothagudem,TS
2015-08-21,25.8,31.5,25.2,2.99,0.471,Bhadradri Kothagudem,TS
2015-08-22,1.0,31.9,25.2,3.79,0.454,Bhadradri Kothagudem,TS
2015-08-23,0.7,32.7,25.7,4.56,0.449,Bhadradri Kothagudem,TS
2015-08-24,0.2,32.3,25.0,4.56,0.436,Bhadradri Kothagudem,TS
2015-08-25,0.2,33.2,25.0,5.07,0.421,Bhadradri Kothagudem,TS
2015-08-26,6.8,31.2,26.0,2.9,0.429,Bhadradri Kothagudem,TS
2015-08-27,6.7,29.7,25.3,1.72,0.493,Bhadradri Kothagudem,TS
2015-08-28,7.0,31.8,25.0,3.55,0.487,Bhadradri Kothagudem,TS
2015-08-29,6.0,32.6,25.4,3.91,0.483,Bhadradri Kothagudem,TS
2015-08-30,3.5,31.8,26.1,3.57,0.476,Bhadradri Kothagudem,TS
2015-08-31,12.0,31.8,24.9,3.73,0.472,Bhadradri Kothagudem,TS
2015-09-01,4.8,31.3,25.1,3.07,0.468,Bhadradri Kothagudem,TS
2015-09-02,0.0,32.6,25.0,3.45,0.475,Bhadradri Kothagudem,TS
2015-09-03,0.4,33.0,26.3,4.55,0.459,Bhadradri Kothagudem,TS
2015-09-04,2.5,33.3,26.3,4.7,0.445,Bhadradri Kothagudem,TS
2015-09-05,0.1,32.3,26.0,4.15,0.454,Bhadradri Kothagudem,TS
2015-09-06,15.2,31.8,26.0,3.3,0.458,Bhadradri Kothagudem,TS
2015-09-07,5.6,29.9,24.9,2.29,0.489,Bhadradri Kothagudem,TS
2015-09-08,1.1,31.7,24.9,3.78,0.48,Bhadradri Kothagudem,TS
2015-09-09,0.2,31.7,24.6,3.98,0.472,Bhadradri Kothagudem,TS
2015-09-10,6.1,32.5,24.6,4.32,0.469,Bhadradri Kothagudem,TS
2015-09-11,8.5,32.1,24.7,4.02,0.49,Bhadradri Kothagudem,TS
2015-09-12,9.8,30.7,24.8,2.83,0.482,Bhadradri Kothagudem,TS
2015-09-13,26.7,29.5,24.4,1.95,0.453,Bhadradri Kothagudem,TS
2015-09-14,12.7,27.4,24.6,1.29,0.501,Bhadradri Kothagudem,TS
2015-09-15,18.1,28.1,24.8,1.37,0.486,Bhadradri Kothagudem,TS
2015-09-16,40.8,28.0,24.8,1.31,0.48,Bhadradri Kothagudem,TS
2015-09-17,6.1,30.7,24.8,3.23,0.483,Bhadradri Kothagudem,TS
2015-09-18,6.1,31.2,25.6,3.24,0.468,Bhadradri Kothagudem,TS
2015-09-19,12.0,28.1,24.8,1.31,0.491,Bhadradri Kothagudem,TS
2015-09-20,4.9,28.4,24.7,1.28,0.509,Bhadradri Kothagudem,TS
2015-09-21,0.0,32.1,24.2,3.93,0.487,Bhadradri Kothagudem,TS
2015-09-22,0.0,32.5,24.9,4.58,0.467,Bhadradri Kothagudem,TS
2015-09-23,0.0,33.6,24.7,4.78,0.449,Bhadradri Kothagudem,TS
2015-09-24,0.1,32.7,25.0,4.24,0.435,Bhadradri Kothagudem,TS
2015-09-25,2.2,32.9,25.7,4.08,0.433,Bhadradri Kothagudem,TS
2015-09-26,1.6,33.0,24.8,4.19,0.433,Bhadradri Kothagudem,TS
2015-09-27,0.0,32.8,24.2,5.24,0.424,Bhadradri Kothagudem,TS
2015-09-28,0.3,32.1,24.3,4.32,0.406,Bhadradri Kothagudem,TS
2015-09-29,0.0,32.3,25.7,4.47,0.393,Bhadradri Kothagudem,TS
2015-09-30,4.2,31.4,25.2,3.4,0.4,Bhadradri Kothagudem,TS
2015-10-01,6.2,30.2,24.8,2.12,0.445,Bhadradri Kothagudem,TS
2015-10-02,4.9,29.7,24.6,2.24,0.472,Bhadradri Kothagudem,TS
2015-10-03,2.1,32.6,24.8,3.8,0.462,Bhadradri Kothagudem,TS
2015-10-04,11.6,31.8,24.4,3.34,0.465,Bhadradri Kothagudem,TS
2015-10-05,2.6,31.9,24.4,3.99,0.476,Bhadradri Kothagudem,TS
2015-10-06,0.1,32.7,24.6,4.39,0.464,Bhadradri Kothagudem,TS
2015-10-07,0.0,32.9,24.1,4.67,0.443,Bhadradri Kothagudem,TS
2015-10-08,0.0,32.5,24.2,4.17,0.428,Bhadradri Kothagudem,TS
2015-10-09,0.0,33.2,22.9,4.47,0.414,Bhadradri Kothagudem,TS
2015-10-10,0.0,33.9,23.9,4.55,0.401,Bhadradri Kothagudem,TS
2015-10-11,0.0,34.0,25.5,4.6,0.388,Bhadradri Kothagudem,TS
2015-10-12,0.0,34.3,25.4,4.55,0.376,Bhadradri Kothagudem,TS
2015-10-13,0.0,34.3,24.9,4.6,0.363,Bhadradri Kothagudem,TS
2015-10-14,0.0,34.1,24.5,4.61,0.351,Bhadradri Kothagudem,TS
2015-10-15,0.0,33.0,24.1,4.44,0.341,Bhadradri Kothagudem,TS
2015-10-16,0.2,31.1,24.5,3.58,0.334,Bhadradri Kothagudem,TS
2015-10-17,0.4,31.4,24.6,3.6,0.332,Bhadradri Kothagudem,TS
2015-10-18,0.1,32.0,24.9,3.65,0.329,Bhadradri Kothagudem,TS
2015-10-19,0.1,32.9,24.6,4.23,0.322,Bhadradri Kothagudem,TS
2015-10-20,0.0,32.9,23.1,4.32,0.314,Bhadradri Kothagudem,TS
2015-10-21,0.0,32.6,23.8,4.22,0.306,Bhadradri Kothagudem,TS
2015-10-22,0.0,32.7,24.4,4.14,0.299,Bhadradri Kothagudem,TS
2015-10-23,0.0,33.0,24.2,4.26,0.292,Bhadradri Kothagudem,TS
2015-10-24,0.6,33.0,24.1,4.42,0.286,Bhadradri Kothagudem,TS
2015-10-25,0.0,32.2,25.1,4.29,0.282,Bhadradri Kothagudem,TS
2015-10-26,0.0,32.6,24.6,4.72,0.275,Bhadradri Kothagudem,TS
2015-10-27,0.0,32.0,23.4,4.53,0.27,Bhadradri Kothagudem,TS
2015-10-28,0.5,31.8,23.0,4.11,0.266,Bhadradri Kothagudem,TS
2015-10-29,0.1,32.3,23.4,3.97,0.265,Bhadradri Kothagudem,TS
2015-10-30,0.1,32.3,23.8,4.16,0.264,Bhadradri Kothagudem,TS
2015-10-31,0.0,31.2,24.6,3.89,0.262,Bhadradri Kothagudem,TS
2015-11-01,0.0,31.3,23.7,3.78,0.262,Bhadradri Kothagudem,TS
2015-11-02,0.0,31.2,24.6,3.69,0.26,Bhadradri Kothagudem,TS
2015-11-03,0.1,31.7,24.2,3.49,0.26,Bhadradri Kothagudem,TS
2015-11-04,0.0,31.8,24.1,3.67,0.258,Bhadradri Kothagudem,TS
2015-11-05,0.7,31.0,24.6,3.66,0.257,Bhadradri Kothagudem,TS
2015-11-06,0.0,31.7,24.3,3.76,0.258,Bhadradri Kothagudem,TS
2015-11-07,0.0,32.2,24.1,4.28,0.254,Bhadradri Kothagudem,TS
2015-11-08,0.0,33.1,23.4,5.06,0.251,Bhadradri Kothagudem,TS
2015-11-09,0.0,29.2,21.2,3.05,0.248,Bhadradri Kothagudem,TS
2015-11-10,0.1,28.1,22.7,2.4,0.247,Bhadradri Kothagudem,TS
2015-11-11,0.0,32.5,22.0,4.44,0.245,Bhadradri Kothagudem,TS
2015-11-12,0.0,32.8,21.7,4.65,0.244,Bhadradri Kothagudem,TS
2015-11-13,0.0,32.4,20.7,4.59,0.242,Bhadradri Kothagudem,TS
2015-11-14,0.0,31.8,21.0,4.22,0.241,Bhadradri Kothagudem,TS
2015-11-15,0.0,31.8,21.0,3.63,0.24,Bhadradri Kothagudem,TS
2015-11-16,5.2,29.2,21.2,2.26,0.249,Bhadradri Kothagudem,TS
2015-11-17,41.7,21.9,20.4,0.7,0.447,Bhadradri Kothagudem,TS
2015-11-18,2.1,29.2,20.2,3.49,0.457,Bhadradri Kothagudem,TS
2015-11-19,2.0,26.3,21.4,1.99,0.438,Bhadradri Kothagudem,TS
2015-11-20,0.5,28.9,22.3,2.54,0.43,Bhadradri Kothagudem,TS
2015-11-21,0.0,30.2,21.5,3.87,0.411,Bhadradri Kothagudem,TS
2015-11-22,0.0,30.3,21.9,3.7,0.392,Bhadradri Kothagudem,TS
2015-11-23,0.0,29.5,21.5,3.39,0.378,Bhadradri Kothagudem,TS
2015-11-24,0.0,30.0,21.3,3.38,0.366,Bhadradri Kothagudem,TS
2015-11-25,0.0,29.6,22.3,2.93,0.355,Bhadradri Kothagudem,TS
2015-11-26,0.0,30.3,21.2,3.47,0.345,Bhadradri Kothagudem,TS
2015-11-27,0.0,30.1,21.4,3.36,0.334,Bhadradri Kothagudem,TS
2015-11-28,0.0,30.5,20.9,3.96,0.324,Bhadradri Kothagudem,TS
2015-11-29,0.0,30.2,21.7,3.38,0.314,Bhadradri Kothagudem,TS
2015-11-30,8.5,26.7,21.7,1.57,0.364,Bhadradri Kothagudem,TS
2015-12-01,0.4,28.3,22.7,2.44,0.384,Bhadradri Kothagudem,TS
2015-12-02,1.1,26.4,22.6,1.1,0.376,Bhadradri Kothagudem,TS
2015-12-03,0.0,30.3,20.9,3.74,0.371,Bhadradri Kothagudem,TS
2015-12-04,0.0,30.6,20.7,3.83,0.355,Bhadradri Kothagudem,TS
2015-12-05,0.0,31.0,22.7,3.84,0.339,Bhadradri Kothagudem,TS
2015-12-06,0.0,30.0,21.3,3.44,0.327,Bhadradri Kothagudem,TS
2015-12-07,0.0,30.2,21.3,3.82,0.316,Bhadradri Kothagudem,TS
2015-12-08,0.0,30.4,19.8,3.89,0.306,Bhadradri Kothagudem,TS
2015-12-09,0.0,30.0,20.2,3.83,0.297,Bhadradri Kothagudem,TS
2015-12-10,0.0,29.7,18.4,3.83,0.29,Bhadradri Kothagudem,TS
2015-12-11,0.0,30.4,18.4,3.85,0.283,Bhadradri Kothagudem,TS
2015-12-12,0.0,30.9,19.8,3.49,0.278,Bhadradri Kothagudem,TS
2015-12-13,0.0,31.0,21.8,3.25,0.273,Bhadradri Kothagudem,TS
2015-12-14,0.0,31.1,20.9,3.79,0.268,Bhadradri Kothagudem,TS
2015-12-15,0.0,31.1,21.3,3.8,0.264,Bhadradri Kothagudem,TS
2015-12-16,0.0,31.6,21.0,3.74,0.259,Bhadradri Kothagudem,TS
2015-12-17,0.0,30.4,20.6,3.76,0.256,Bhadradri Kothagudem,TS
2015-12-18,0.0,30.8,19.3,3.93,0.253,Bhadradri Kothagudem,TS
2015-12-19,0.0,31.0,20.8,3.79,0.251,Bhadradri Kothagudem,TS
2015-12-20,0.0,30.7,21.9,3.87,0.248,Bhadradri Kothagudem,TS
2015-12-21,0.0,30.3,22.9,3.64,0.248,Bhadradri Kothagudem,TS
2015-12-22,0.0,30.6,21.1,3.6,0.248,Bhadradri Kothagudem,TS
2015-12-23,0.0,30.1,22.5,2.81,0.247,Bhadradri Kothagudem,TS
2015-12-24,0.0,31.3,21.6,3.47,0.245,Bhadradri Kothagudem,TS
2015-12-25,0.0,30.2,21.5,4.93,0.244,Bhadradri Kothagudem,TS
2015-12-26,0.0,29.0,17.2,4.26,0.242,Bhadradri Kothagudem,TS
2015-12-27,0.0,29.4,15.9,3.91,0.241,Bhadradri Kothagudem,TS
2015-12-28,0.0,30.5,16.9,3.67,0.24,Bhadradri Kothagudem,TS
2015-12-29,0.0,31.8,18.7,3.98,0.239,Bhadradri Kothagudem,TS
2015-12-30,0.0,31.8,18.5,3.93,0.239,Bhadradri Kothagudem,TS
2015-12-31,0.0,31.5,19.8,4.0,0.238,Bhadradri Kothagudem,TS
2016-01-01,0.0,31.1,19.3,3.86,0.238,Bhadradri Kothagudem,TS
2016-01-02,0.0,31.6,19.4,3.86,0.237,Bhadradri Kothagudem,TS
2016-01-03,0.0,31.1,19.0,3.92,0.237,Bhadradri Kothagudem,TS
2016-01-04,0.0,30.3,18.6,3.78,0.237,Bhadradri Kothagudem,TS
2016-01-05,0.0,30.3,20.2,3.58,0.237,Bhadradri Kothagudem,TS
2016-01-06,0.0,29.8,20.3,3.57,0.237,Bhadradri Kothagudem,TS
2016-01-07,0.0,30.5,20.1,3.67,0.237,Bhadradri Kothagudem,TS
2016-01-08,0.0,30.6,19.8,3.69,0.236,Bhadradri Kothagudem,TS
2016-01-09,0.0,31.1,19.2,3.9,0.236,Bhadradri Kothagudem,TS
2016-01-10,0.0,31.2,18.8,4.08,0.236,Bhadradri Kothagudem,TS
2016-01-11,0.0,30.7,19.7,3.96,0.236,Bhadradri Kothagudem,TS
2016-01-12,0.0,30.6,18.3,4.18,0.236,Bhadradri Kothagudem,TS
2016-01-13,0.0,30.1,18.0,3.79,0.236,Bhadradri Kothagudem,TS
2016-01-14,0.0,30.1,18.9,4.01,0.236,Bhadradri Kothagudem,TS
2016-01-15,0.0,30.3,19.2,4.36,0.236,Bhadradri Kothagudem,TS
2016-01-16,0.0,30.1,19.2,4.27,0.236,Bhadradri Kothagudem,TS
2016-01-17,0.0,30.9,18.5,4.8,0.236,Bhadradri Kothagudem,TS
2016-01-18,0.0,30.5,17.7,4.76,0.236,Bhadradri Kothagudem,TS
2016-01-19,0.0,29.4,20.5,3.3,0.236,Bhadradri Kothagudem,TS
2016-01-20,2.6,25.7,22.3,1.12,0.252,Bhadradri Kothagudem,TS
2016-01-21,0.0,29.5,20.6,3.95,0.259,Bhadradri Kothagudem,TS
2016-01-22,0.0,28.9,17.7,4.05,0.255,Bhadradri Kothagudem,TS
2016-01-23,0.0,30.0,17.9,4.14,0.252,Bhadradri Kothagudem,TS
2016-01-24,0.0,30.1,18.7,4.05,0.248,Bhadradri Kothagudem,TS
2016-01-25,0.0,30.1,18.5,3.69,0.246,Bhadradri Kothagudem,TS
2016-01-26,0.0,29.8,19.3,3.31,0.244,Bhadradri Kothagudem,TS
2016-01-27,0.0,31.0,20.0,3.82,0.243,Bhadradri Kothagudem,TS
2016-01-28,0.0,32.7,19.9,4.36,0.241,Bhadradri Kothagudem,TS
2016-01-29,0.0,33.3,20.8,4.61,0.24,Bhadradri Kothagudem,TS
2016-01-30,0.0,33.2,20.7,4.36,0.239,Bhadradri Kothagudem,TS
2016-01-31,0.0,34.4,20.7,4.63,0.238,Bhadradri Kothagudem,TS
2016-02-01,0.0,35.1,22.3,4.61,0.237,Bhadradri Kothagudem,TS
2016-02-02,0.0,34.0,20.1,4.46,0.237,Bhadradri Kothagudem,TS
2016-02-03,0.0,34.3,21.2,4.5,0.236,Bhadradri Kothagudem,TS
2016-02-04,0.0,33.3,21.0,4.6,0.236,Bhadradri Kothagudem,TS
2016-02-05,0.0,31.7,21.5,4.18,0.236,Bhadradri Kothagudem,TS
2016-02-06,0.0,31.8,21.0,4.52,0.236,Bhadradri Kothagudem,TS
2016-02-07,0.0,32.5,21.3,4.58,0.236,Bhadradri Kothagudem,TS
2016-02-08,0.0,32.7,21.1,4.05,0.236,Bhadradri Kothagudem,TS
2016-02-09,0.0,33.6,21.9,4.51,0.236,Bhadradri Kothagudem,TS
2016-02-10,0.0,33.7,22.1,4.86,0.236,Bhadradri Kothagudem,TS
2016-02-11,0.0,33.1,22.7,4.61,0.236,Bhadradri Kothagudem,TS
2016-02-12,0.0,32.9,23.7,4.69,0.236,Bhadradri Kothagudem,TS
2016-02-13,0.0,33.0,22.4,4.31,0.236,Bhadradri Kothagudem,TS
2016-02-14,0.0,34.2,21.6,5.58,0.236,Bhadradri Kothagudem,TS
2016-02-15,0.0,34.1,20.3,5.87,0.236,Bhadradri Kothagudem,TS
2016-02-16,0.0,34.1,19.0,5.61,0.235,Bhadradri Kothagudem,TS
2016-02-17,0.0,34.8,18.9,6.03,0.235,Bhadradri Kothagudem,TS
2016-02-18,0.0,35.1,19.6,5.81,0.235,Bhadradri Kothagudem,TS
2016-02-19,0.0,35.5,20.4,5.69,0.235,Bhadradri Kothagudem,TS
2016-02-20,0.0,36.2,21.2,5.35,0.235,Bhadradri Kothagudem,TS
2016-02-21,0.0,36.8,20.7,5.62,0.235,Bhadradri Kothagudem,TS
2016-02-22,0.0,36.3,22.8,5.56,0.235,Bhadradri Kothagudem,TS
2016-02-23,0.0,35.7,23.3,5.95,0.235,Bhadradri Kothagudem,TS
2016-02-24,0.0,34.0,23.3,5.56,0.235,Bhadradri Kothagudem,TS
2016-02-25,0.0,33.3,23.7,4.5,0.235,Bhadradri Kothagudem,TS
2016-02-26,0.0,33.6,24.2,5.01,0.236,Bhadradri Kothagudem,TS
2016-02-27,0.0,33.7,23.9,5.12,0.236,Bhadradri Kothagudem,TS
2016-02-28,0.0,34.8,23.7,5.38,0.236,Bhadradri Kothagudem,TS
2016-02-29,0.0,34.6,24.6,5.18,0.236,Bhadradri Kothagudem,TS
2016-03-01,0.0,33.6,24.6,4.38,0.236,Bhadradri Kothagudem,TS
2016-03-02,0.3,33.2,24.9,4.54,0.237,Bhadradri Kothagudem,TS
2016-03-03,0.2,34.4,24.7,4.87,0.238,Bhadradri Kothagudem,TS
2016-03-04,0.1,34.5,23.7,4.74,0.239,Bhadradri Kothagudem,TS
2016-03-05,0.1,35.6,24.2,5.37,0.239,Bhadradri Kothagudem,TS
2016-03-06,0.0,36.4,23.9,6.55,0.238,Bhadradri Kothagudem,TS
2016-03-07,0.0,35.9,20.8,6.45,0.237,Bhadradri Kothagudem,TS
2016-03-08,0.0,36.2,19.8,6.41,0.237,Bhadradri Kothagudem,TS
2016-03-09,0.0,36.4,21.1,5.83,0.236,Bhadradri Kothagudem,TS
2016-03-10,0.0,37.8,22.4,6.18,0.236,Bhadradri Kothagudem,TS
2016-03-11,0.0,37.9,22.3,5.85,0.236,Bhadradri Kothagudem,TS
2016-03-12,0.0,38.2,24.1,7.06,0.236,Bhadradri Kothagudem,TS
2016-03-13,0.0,35.8,21.5,5.8,0.236,Bhadradri Kothagudem,TS
2016-03-14,0.0,35.8,25.2,5.83,0.236,Bhadradri Kothagudem,TS
2016-03-15,0.2,35.3,24.9,5.96,0.237,Bhadradri Kothagudem,TS
2016-03-16,0.2,35.1,25.1,4.56,0.241,Bhadradri Kothagudem,TS
2016-03-17,0.0,36.5,25.2,5.74,0.24,Bhadradri Kothagudem,TS
2016-03-18,0.0,37.7,25.0,6.73,0.238,Bhadradri Kothagudem,TS
2016-03-19,0.0,38.7,25.0,6.27,0.237,Bhadradri Kothagudem,TS
2016-03-20,0.0,39.6,26.2,6.17,0.236,Bhadradri Kothagudem,TS
2016-03-21,0.0,40.8,25.8,6.87,0.236,Bhadradri Kothagudem,TS
2016-03-22,0.0,40.8,24.3,6.27,0.236,Bhadradri Kothagudem,TS
2016-03-23,0.0,39.9,24.4,5.99,0.235,Bhadradri Kothagudem,TS
2016-03-24,0.0,39.5,26.5,6.38,0.235,Bhadradri Kothagudem,TS
2016-03-25,0.0,38.3,25.4,6.88,0.235,Bhadradri Kothagudem,TS
2016-03-26,0.0,38.4,25.4,6.74,0.235,Bhadradri Kothagudem,TS
2016-03-27,0.1,37.5,25.6,7.03,0.235,Bhadradri Kothagudem,TS
2016-03-28,0.0,38.1,24.8,6.73,0.236,Bhadradri Kothagudem,TS
2016-03-29,0.3,37.5,24.7,6.45,0.237,Bhadradri Kothagudem,TS
2016-03-30,0.0,38.2,26.1,6.59,0.238,Bhadradri Kothagudem,TS
2016-03-31,0.0,37.4,26.1,6.46,0.238,Bhadradri Kothagudem,TS
2016-04-01,0.0,38.5,25.8,6.68,0.238,Bhadradri Kothagudem,TS
2016-04-02,0.0,38.9,25.9,6.51,0.237,Bhadradri Kothagudem,TS
2016-04-03,0.0,39.3,26.3,6.75,0.236,Bhadradri Kothagudem,TS
2016-04-04,0.0,39.4,26.1,6.84,0.236,Bhadradri Kothagudem,TS
2016-04-05,0.0,38.8,26.2,6.12,0.236,Bhadradri Kothagudem,TS
2016-04-06,0.0,38.8,25.9,6.76,0.237,Bhadradri Kothagudem,TS
2016-04-07,0.0,39.0,25.3,6.69,0.236,Bhadradri Kothagudem,TS
2016-04-08,0.0,39.4,25.9,7.41,0.236,Bhadradri Kothagudem,TS
2016-04-09,0.0,39.3,24.7,7.49,0.236,Bhadradri Kothagudem,TS
2016-04-10,0.0,39.2,24.6,7.3,0.235,Bhadradri Kothagudem,TS
2016-04-11,0.0,41.1,25.1,7.96,0.235,Bhadradri Kothagudem,TS
2016-04-12,0.0,40.3,26.2,7.12,0.235,Bhadradri Kothagudem,TS
2016-04-13,0.0,40.5,27.0,6.85,0.235,Bhadradri Kothagudem,TS
2016-04-14,0.0,40.1,28.4,6.65,0.235,Bhadradri Kothagudem,TS
2016-04-15,0.0,41.3,28.2,7.35,0.236,Bhadradri Kothagudem,TS
2016-04-16,0.0,40.7,27.8,7.34,0.235,Bhadradri Kothagudem,TS
2016-04-17,0.0,40.3,27.1,6.85,0.235,Bhadradri Kothagudem,TS
2016-04-18,0.0,39.5,27.3,7.35,0.235,Bhadradri Kothagudem,TS
2016-04-19,0.0,39.8,25.8,7.4,0.235,Bhadradri Kothagudem,TS
2016-04-20,0.0,40.1,26.4,7.09,0.235,Bhadradri Kothagudem,TS
2016-04-21,0.0,40.7,27.6,7.12,0.235,Bhadradri Kothagudem,TS
2016-04-22,0.0,42.6,28.8,7.12,0.235,Bhadradri Kothagudem,TS
2016-04-23,0.0,43.0,29.9,6.56,0.236,Bhadradri Kothagudem,TS
2016-04-24,0.0,42.8,28.9,7.19,0.236,Bhadradri Kothagudem,TS
2016-04-25,0.0,41.3,29.2,7.62,0.235,Bhadradri Kothagudem,TS
2016-04-26,0.1,40.7,29.0,7.24,0.235,Bhadradri Kothagudem,TS
2016-04-27,0.0,40.6,27.7,7.28,0.236,Bhadradri Kothagudem,TS
2016-04-28,0.0,40.4,27.4,7.14,0.236,Bhadradri Kothagudem,TS
2016-04-29,0.0,41.2,28.0,7.5,0.236,Bhadradri Kothagudem,TS
2016-04-30,0.0,41.3,28.1,6.98,0.236,Bhadradri Kothagudem,TS
2016-05-01,0.0,41.5,27.9,7.48,0.236,Bhadradri Kothagudem,TS
2016-05-02,0.5,41.7,28.6,6.9,0.237,Bhadradri Kothagudem,TS
2016-05-03,0.0,40.3,29.1,7.42,0.24,Bhadradri Kothagudem,TS
2016-05-04,0.2,39.6,28.3,6.5,0.242,Bhadradri Kothagudem,TS
2016-05-05,0.2,37.7,28.3,6.48,0.242,Bhadradri Kothagudem,TS
2016-05-06,1.9,35.1,28.7,4.74,0.25,Bhadradri Kothagudem,TS
2016-05-07,0.2,38.5,26.5,6.53,0.249,Bhadradri Kothagudem,TS
2016-05-08,0.0,38.3,28.2,6.18,0.246,Bhadradri Kothagudem,TS
2016-05-09,1.4,37.2,28.6,5.85,0.245,Bhadradri Kothagudem,TS
2016-05-10,0.0,39.0,28.2,6.71,0.248,Bhadradri Kothagudem,TS
2016-05-11,0.0,39.4,28.6,6.66,0.244,Bhadradri Kothagudem,TS
2016-05-12,0.3,40.6,29.3,7.05,0.242,Bhadradri Kothagudem,TS
2016-05-13,0.0,40.7,29.1,6.84,0.24,Bhadradri Kothagudem,TS
2016-05-14,0.0,39.9,29.5,6.95,0.239,Bhadradri Kothagudem,TS
2016-05-15,0.0,37.1,28.8,6.12,0.239,Bhadradri Kothagudem,TS
2016-05-16,0.1,39.6,28.1,7.05,0.238,Bhadradri Kothagudem,TS
2016-05-17,0.4,38.9,28.2,6.52,0.238,Bhadradri Kothagudem,TS
2016-05-18,1.7,34.3,27.9,3.54,0.244,Bhadradri Kothagudem,TS
2016-05-19,16.2,30.3,26.6,1.67,0.315,Bhadradri Kothagudem,TS
2016-05-20,3.3,35.6,26.9,3.93,0.415,Bhadradri Kothagudem,TS
2016-05-21,0.4,42.6,28.6,7.9,0.371,Bhadradri Kothagudem,TS
2016-05-22,0.0,43.3,30.4,8.62,0.324,Bhadradri Kothagudem,TS
2016-05-23,0.0,42.4,31.0,9.05,0.292,Bhadradri Kothagudem,TS
2016-05-24,0.0,42.6,30.6,8.5,0.273,Bhadradri Kothagudem,TS
2016-05-25,0.0,42.4,32.8,9.12,0.259,Bhadradri Kothagudem,TS
2016-05-26,0.0,43.0,32.8,9.02,0.249,Bhadradri Kothagudem,TS
2016-05-27,0.0,42.8,32.1,8.46,0.243,Bhadradri Kothagudem,TS
2016-05-28,0.0,42.5,32.4,7.27,0.24,Bhadradri Kothagudem,TS
2016-05-29,0.0,41.6,31.3,8.01,0.238,Bhadradri Kothagudem,TS
2016-05-30,0.0,42.0,31.6,7.01,0.237,Bhadradri Kothagudem,TS
2016-05-31,0.4,40.8,30.5,6.06,0.239,Bhadradri Kothagudem,TS
2016-06-01,0.0,42.9,31.6,7.29,0.238,Bhadradri Kothagudem,TS
2016-06-02,0.1,39.8,31.3,6.94,0.238,Bhadradri Kothagudem,TS
2016-06-03,0.5,37.9,29.9,5.18,0.244,Bhadradri Kothagudem,TS
2016-06-04,11.6,33.4,26.1,3.56,0.348,Bhadradri Kothagudem,TS
2016-06-05,19.1,28.6,25.6,1.5,0.463,Bhadradri Kothagudem,TS
2016-06-06,8.1,33.8,26.4,4.19,0.453,Bhadradri Kothagudem,TS
2016-06-07,22.9,31.5,25.4,2.55,0.479,Bhadradri Kothagudem,TS
2016-06-08,12.5,29.0,26.3,1.54,0.494,Bhadradri Kothagudem,TS
2016-06-09,0.9,34.5,26.8,3.81,0.476,Bhadradri Kothagudem,TS
2016-06-10,0.2,35.2,27.1,5.86,0.445,Bhadradri Kothagudem,TS
2016-06-11,2.7,36.0,27.5,5.39,0.422,Bhadradri Kothagudem,TS
2016-06-12,0.7,36.3,26.7,5.12,0.445,Bhadradri Kothagudem,TS
2016-06-13,1.8,36.1,27.8,5.87,0.427,Bhadradri Kothagudem,TS
2016-06-14,0.0,37.4,29.5,6.82,0.398,Bhadradri Kothagudem,TS
2016-06-15,0.0,37.6,29.9,7.67,0.361,Bhadradri Kothagudem,TS
2016-06-16,0.3,37.8,30.1,7.13,0.332,Bhadradri Kothagudem,TS
2016-06-17,3.7,37.0,27.1,4.23,0.316,Bhadradri Kothagudem,TS
2016-06-18,18.7,27.9,25.4,1.66,0.48,Bhadradri Kothagudem,TS
2016-06-19,2.0,30.0,25.1,2.71,0.462,Bhadradri Kothagudem,TS
2016-06-20,4.3,32.0,24.6,4.21,0.453,Bhadradri Kothagudem,TS
2016-06-21,7.6,32.3,25.0,4.29,0.445,Bhadradri Kothagudem,TS
2016-06-22,1.1,34.1,25.7,5.08,0.442,Bhadradri Kothagudem,TS
2016-06-23,14.0,35.1,26.1,5.1,0.431,Bhadradri Kothagudem,TS
2016-06-24,3.6,33.1,25.3,4.15,0.446,Bhadradri Kothagudem,TS
2016-06-25,31.2,34.0,25.6,4.32,0.476,Bhadradri Kothagudem,TS
2016-06-26,7.8,29.7,25.6,1.97,0.472,Bhadradri Kothagudem,TS
2016-06-27,19.6,27.4,24.8,1.47,0.478,Bhadradri Kothagudem,TS
2016-06-28,27.3,28.5,25.1,1.72,0.501,Bhadradri Kothagudem,TS
2016-06-29,204.0,26.0,24.8,1.02,0.501,Bhadradri Kothagudem,TS
2016-06-30,30.7,26.9,25.2,1.74,0.489,Bhadradri Kothagudem,TS
2016-07-01,59.2,26.8,24.9,1.11,0.491,Bhadradri Kothagudem,TS
2016-07-02,14.5,29.5,25.4,2.4,0.466,Bhadradri Kothagudem,TS
2016-07-03,8.5,28.9,25.6,2.18,0.478,Bhadradri Kothagudem,TS
2016-07-04,5.2,31.3,26.1,3.89,0.488,Bhadradri Kothagudem,TS
2016-07-05,1.9,31.2,26.3,3.57,0.481,Bhadradri Kothagudem,TS
2016-07-06,1.9,29.9,26.2,3.15,0.477,Bhadradri Kothagudem,TS
2016-07-07,2.7,32.5,25.4,5.11,0.481,Bhadradri Kothagudem,TS
2016-07-08,1.9,31.0,26.3,4.06,0.471,Bhadradri Kothagudem,TS
2016-07-09,22.4,28.4,24.7,2.12,0.484,Bhadradri Kothagudem,TS
2016-07-10,29.7,26.0,24.7,1.47,0.492,Bhadradri Kothagudem,TS
2016-07-11,37.3,27.7,24.6,2.48,0.482,Bhadradri Kothagudem,TS
2016-07-12,0.7,31.9,25.4,4.41,0.472,Bhadradri Kothagudem,TS
2016-07-13,0.1,32.1,26.4,4.94,0.456,Bhadradri Kothagudem,TS
2016-07-14,0.0,33.1,27.3,5.56,0.433,Bhadradri Kothagudem,TS
2016-07-15,0.0,34.0,26.5,5.13,0.414,Bhadradri Kothagudem,TS
2016-07-16,0.2,30.8,26.7,2.69,0.405,Bhadradri Kothagudem,TS
2016-07-17,2.5,32.1,26.2,3.69,0.41,Bhadradri Kothagudem,TS
2016-07-18,7.6,32.9,25.8,3.69,0.434,Bhadradri Kothagudem,TS
2016-07-19,10.5,28.7,25.4,1.9,0.497,Bhadradri Kothagudem,TS
2016-07-20,7.6,31.0,24.9,3.44,0.474,Bhadradri Kothagudem,TS
2016-07-21,7.1,30.1,25.2,3.15,0.467,Bhadradri Kothagudem,TS
2016-07-22,8.8,29.4,24.8,1.98,0.495,Bhadradri Kothagudem,TS
2016-07-23,4.7,30.6,24.9,3.14,0.44,Bhadradri Kothagudem,TS
2016-07-24,5.1,30.0,24.8,2.44,0.485,Bhadradri Kothagudem,TS
2016-07-25,6.4,31.6,24.7,3.0,0.5,Bhadradri Kothagudem,TS
2016-07-26,7.0,30.6,25.2,3.1,0.486,Bhadradri Kothagudem,TS
2016-07-27,7.0,30.2,24.8,2.93,0.458,Bhadradri Kothagudem,TS
2016-07-28,13.6,31.2,24.0,3.51,0.456,Bhadradri Kothagudem,TS
2016-07-29,10.7,31.7,24.8,3.7,0.48,Bhadradri Kothagudem,TS
2016-07-30,6.9,32.1,24.3,4.01,0.491,Bhadradri Kothagudem,TS
2016-07-31,18.5,29.1,24.5,2.51,0.492,Bhadradri Kothagudem,TS
2016-08-01,12.4,27.4,24.4,1.4,0.479,Bhadradri Kothagudem,TS
2016-08-02,6.4,29.2,24.2,2.41,0.485,Bhadradri Kothagudem,TS
2016-08-03,26.4,29.9,24.3,2.35,0.472,Bhadradri Kothagudem,TS
2016-08-04,8.6,28.1,24.6,2.22,0.484,Bhadradri Kothagudem,TS
2016-08-05,6.2,31.1,24.8,3.57,0.495,Bhadradri Kothagudem,TS
2016-08-06,14.6,30.2,24.6,2.66,0.479,Bhadradri Kothagudem,TS
2016-08-07,4.4,31.5,24.8,3.72,0.489,Bhadradri Kothagudem,TS
2016-08-08,0.1,31.3,26.5,4.51,0.46,Bhadradri Kothagudem,TS
2016-08-09,0.0,32.2,26.9,5.45,0.437,Bhadradri Kothagudem,TS
2016-08-10,0.0,32.5,27.2,5.06,0.417,Bhadradri Kothagudem,TS
2016-08-11,0.0,32.2,27.0,5.24,0.402,Bhadradri Kothagudem,TS
2016-08-12,0.8,32.1,25.8,4.66,0.398,Bhadradri Kothagudem,TS
2016-08-13,0.0,32.5,26.9,4.99,0.384,Bhadradri Kothagudem,TS
2016-08-14,2.8,31.1,27.0,3.8,0.396,Bhadradri Kothagudem,TS
2016-08-15,0.0,31.7,27.3,4.76,0.4,Bhadradri Kothagudem,TS
2016-08-16,0.0,31.4,27.0,5.09,0.38,Bhadradri Kothagudem,TS
2016-08-17,0.0,31.8,25.8,5.17,0.362,Bhadradri Kothagudem,TS
2016-08-18,0.2,32.2,25.4,5.02,0.348,Bhadradri Kothagudem,TS
2016-08-19,0.0,32.4,25.8,5.26,0.335,Bhadradri Kothagudem,TS
2016-08-20,0.0,34.1,25.1,5.26,0.323,Bhadradri Kothagudem,TS
2016-08-21,0.0,33.9,24.3,5.06,0.312,Bhadradri Kothagudem,TS
2016-08-22,0.0,32.3,26.3,3.66,0.305,Bhadradri Kothagudem,TS
2016-08-23,0.1,34.0,25.8,5.07,0.299,Bhadradri Kothagudem,TS
2016-08-24,2.7,33.4,25.3,4.58,0.305,Bhadradri Kothagudem,TS
2016-08-25,27.4,31.7,25.2,3.31,0.431,Bhadradri Kothagudem,TS
2016-08-26,18.0,32.2,24.8,3.66,0.45,Bhadradri Kothagudem,TS
2016-08-27,13.2,32.7,25.0,3.72,0.482,Bhadradri Kothagudem,TS
2016-08-28,1.8,32.5,24.9,3.59,0.472,Bhadradri Kothagudem,TS
2016-08-29,8.7,32.2,24.9,3.7,0.49,Bhadradri Kothagudem,TS
2016-08-30,18.7,30.9,25.0,2.71,0.474,Bhadradri Kothagudem,TS
2016-08-31,17.1,29.2,24.4,1.84,0.475,Bhadradri Kothagudem,TS
2016-09-01,19.6,30.8,24.6,2.63,0.475,Bhadradri Kothagudem,TS
2016-09-02,9.7,31.6,25.3,3.18,0.49,Bhadradri Kothagudem,TS
2016-09-03,25.6,27.0,25.1,1.21,0.488,Bhadradri Kothagudem,TS
2016-09-04,16.4,29.3,24.9,1.84,0.487,Bhadradri Kothagudem,TS
2016-09-05,0.7,31.3,24.8,3.7,0.476,Bhadradri Kothagudem,TS
2016-09-06,0.0,31.3,23.8,4.96,0.45,Bhadradri Kothagudem,TS
2016-09-07,0.0,31.2,22.8,4.91,0.429,Bhadradri Kothagudem,TS
2016-09-08,0.0,32.0,23.1,4.96,0.412,Bhadradri Kothagudem,TS
2016-09-09,7.6,31.0,25.5,3.23,0.415,Bhadradri Kothagudem,TS
2016-09-10,33.4,30.1,24.7,1.81,0.478,Bhadradri Kothagudem,TS
2016-09-11,35.1,28.8,24.5,1.51,0.476,Bhadradri Kothagudem,TS
2016-09-12,13.6,28.8,24.3,2.02,0.497,Bhadradri Kothagudem,TS
2016-09-13,15.2,28.0,24.2,1.43,0.478,Bhadradri Kothagudem,TS
2016-09-14,18.9,29.3,23.8,2.27,0.481,Bhadradri Kothagudem,TS
2016-09-15,5.9,28.2,24.1,2.11,0.441,Bhadradri Kothagudem,TS
2016-09-16,1.1,31.5,23.9,3.74,0.459,Bhadradri Kothagudem,TS
2016-09-17,4.8,30.7,25.5,3.46,0.47,Bhadradri Kothagudem,TS
2016-09-18,4.3,31.2,24.4,3.83,0.484,Bhadradri Kothagudem,TS
2016-09-19,0.8,31.3,25.4,3.72,0.469,Bhadradri Kothagudem,TS
2016-09-20,9.4,31.5,24.8,3.23,0.475,Bhadradri Kothagudem,TS
2016-09-21,32.1,29.7,24.2,2.29,0.481,Bhadradri Kothagudem,TS
2016-09-22,41.7,30.3,24.3,2.55,0.475,Bhadradri Kothagudem,TS
2016-09-23,58.6,28.1,24.7,1.22,0.481,Bhadradri Kothagudem,TS
2016-09-24,7.9,27.9,24.2,1.4,0.492,Bhadradri Kothagudem,TS
2016-09-25,5.8,30.1,24.5,2.44,0.492,Bhadradri Kothagudem,TS
2016-09-26,3.7,30.8,24.9,2.97,0.497,Bhadradri Kothagudem,TS
2016-09-27,11.1,29.4,24.3,1.84,0.486,Bhadradri Kothagudem,TS
2016-09-28,8.5,30.5,24.4,2.18,0.469,Bhadradri Kothagudem,TS
2016-09-29,9.5,31.4,24.5,3.08,0.475,Bhadradri Kothagudem,TS
2016-09-30,13.8,31.5,24.9,2.64,0.47,Bhadradri Kothagudem,TS
2016-10-01,15.8,29.4,24.5,2.22,0.481,Bhadradri Kothagudem,TS
2016-10-02,1.6,30.6,24.0,3.53,0.461,Bhadradri Kothagudem,TS
2016-10-03,0.3,31.0,24.0,3.7,0.453,Bhadradri Kothagudem,TS
2016-10-04,0.3,32.0,24.1,4.23,0.441,Bhadradri Kothagudem,TS
2016-10-05,0.9,32.1,24.2,3.79,0.433,Bhadradri Kothagudem,TS
2016-10-06,3.3,31.4,25.5,3.42,0.438,Bhadradri Kothagudem,TS
2016-10-07,4.3,31.5,25.3,3.17,0.444,Bhadradri Kothagudem,TS
2016-10-08,18.0,27.1,24.6,1.69,0.481,Bhadradri Kothagudem,TS
2016-10-09,19.4,28.8,23.9,1.88,0.477,Bhadradri Kothagudem,TS
2016-10-10,0.9,31.6,23.9,3.48,0.477,Bhadradri Kothagudem,TS
2016-10-11,0.0,32.6,23.6,4.23,0.46,Bhadradri Kothagudem,TS
2016-10-12,0.0,32.8,23.4,4.71,0.444,Bhadradri Kothagudem,TS
2016-10-13,0.0,32.2,22.7,4.52,0.429,Bhadradri Kothagudem,TS
2016-10-14,0.0,32.4,23.0,4.9,0.415,Bhadradri Kothagudem,TS
2016-10-15,0.0,31.6,22.8,4.81,0.401,Bhadradri Kothagudem,TS
2016-10-16,0.0,31.3,22.0,4.73,0.387,Bhadradri Kothagudem,TS
2016-10-17,0.0,31.4,20.5,4.9,0.374,Bhadradri Kothagudem,TS
2016-10-18,0.0,31.5,20.7,4.79,0.361,Bhadradri Kothagudem,TS
2016-10-19,0.0,31.8,21.5,4.8,0.349,Bhadradri Kothagudem,TS
2016-10-20,0.0,31.8,20.5,4.94,0.337,Bhadradri Kothagudem,TS
2016-10-21,0.0,31.6,21.6,4.65,0.327,Bhadradri Kothagudem,TS
2016-10-22,0.0,31.5,21.5,4.68,0.317,Bhadradri Kothagudem,TS
2016-10-23,0.0,31.6,22.2,4.77,0.308,Bhadradri Kothagudem,TS
2016-10-24,0.0,31.8,20.9,4.33,0.301,Bhadradri Kothagudem,TS
2016-10-25,0.0,32.1,21.1,4.74,0.293,Bhadradri Kothagudem,TS
2016-10-26,0.0,32.1,21.2,4.93,0.286,Bhadradri Kothagudem,TS
2016-10-27,0.0,31.6,19.5,4.63,0.28,Bhadradri Kothagudem,TS
2016-10-28,0.0,31.0,24.1,3.79,0.276,Bhadradri Kothagudem,TS
2016-10-29,2.4,31.2,24.4,3.22,0.28,Bhadradri Kothagudem,TS
2016-10-30,2.9,30.9,23.3,3.48,0.311,Bhadradri Kothagudem,TS
2016-10-31,3.9,31.6,23.1,3.64,0.332,Bhadradri Kothagudem,TS
2016-11-01,0.0,31.5,22.7,3.94,0.339,Bhadradri Kothagudem,TS
2016-11-02,0.0,31.7,23.2,4.01,0.325,Bhadradri Kothagudem,TS
2016-11-03,0.0,32.1,23.6,4.3,0.312,Bhadradri Kothagudem,TS
2016-11-04,0.0,32.0,23.9,4.75,0.301,Bhadradri Kothagudem,TS
2016-11-05,0.0,30.7,23.6,4.08,0.292,Bhadradri Kothagudem,TS
2016-11-06,0.0,30.5,22.8,3.71,0.285,Bhadradri Kothagudem,TS
2016-11-07,0.0,31.7,20.4,4.84,0.278,Bhadradri Kothagudem,TS
2016-11-08,0.0,30.8,19.3,4.76,0.271,Bhadradri Kothagudem,TS
2016-11-09,0.0,30.5,18.9,4.46,0.266,Bhadradri Kothagudem,TS
2016-11-10,0.0,30.5,19.1,4.37,0.261,Bhadradri Kothagudem,TS
2016-11-11,0.0,30.4,19.1,4.36,0.257,Bhadradri Kothagudem,TS
2016-11-12,0.0,29.3,19.8,3.73,0.253,Bhadradri Kothagudem,TS
2016-11-13,0.0,31.0,21.0,4.06,0.251,Bhadradri Kothagudem,TS
2016-11-14,0.0,31.9,22.8,3.78,0.248,Bhadradri Kothagudem,TS
2016-11-15,0.5,31.2,23.3,3.53,0.246,Bhadradri Kothagudem,TS
2016-11-16,0.4,30.5,24.1,3.17,0.248,Bhadradri Kothagudem,TS
2016-11-17,0.0,30.8,23.7,3.2,0.25,Bhadradri Kothagudem,TS
2016-11-18,0.0,30.5,22.2,3.98,0.249,Bhadradri Kothagudem,TS
2016-11-19,0.0,30.3,20.1,4.21,0.246,Bhadradri Kothagudem,TS
2016-11-20,0.0,30.3,18.9,4.15,0.244,Bhadradri Kothagudem,TS
2016-11-21,0.0,30.6,19.5,4.06,0.243,Bhadradri Kothagudem,TS
2016-11-22,0.0,30.9,19.1,4.25,0.242,Bhadradri Kothagudem,TS
2016-11-23,0.0,30.6,19.7,4.2,0.241,Bhadradri Kothagudem,TS
2016-11-24,0.0,30.3,19.7,4.07,0.24,Bhadradri Kothagudem,TS
2016-11-25,0.0,30.7,18.5,4.09,0.239,Bhadradri Kothagudem,TS
2016-11-26,0.0,31.0,17.5,4.13,0.238,Bhadradri Kothagudem,TS
2016-11-27,0.0,32.5,17.2,4.51,0.238,Bhadradri Kothagudem,TS
2016-11-28,0.0,32.2,16.7,4.36,0.238,Bhadradri Kothagudem,TS
2016-11-29,0.0,31.3,19.3,3.94,0.237,Bhadradri Kothagudem,TS
2016-11-30,0.0,30.0,18.4,3.62,0.237,Bhadradri Kothagudem,TS
2016-12-01,0.0,30.9,19.0,4.13,0.237,Bhadradri Kothagudem,TS
2016-12-02,1.2,29.3,20.6,2.41,0.238,Bhadradri Kothagudem,TS
2016-12-03,1.8,30.5,22.3,3.04,0.261,Bhadradri Kothagudem,TS
2016-12-04,0.5,29.8,22.5,2.84,0.264,Bhadradri Kothagudem,TS
2016-12-05,0.0,29.9,21.5,2.93,0.264,Bhadradri Kothagudem,TS
2016-12-06,0.0,29.5,20.2,3.65,0.26,Bhadradri Kothagudem,TS
2016-12-07,0.0,30.1,18.6,3.89,0.256,Bhadradri Kothagudem,TS
2016-12-08,0.0,30.3,17.4,4.11,0.253,Bhadradri Kothagudem,TS
2016-12-09,0.0,29.8,19.5,4.16,0.25,Bhadradri Kothagudem,TS
2016-12-10,0.0,29.5,17.2,4.25,0.247,Bhadradri Kothagudem,TS
2016-12-11,0.0,30.3,18.1,4.17,0.245,Bhadradri Kothagudem,TS
2016-12-12,0.0,30.0,22.2,3.37,0.243,Bhadradri Kothagudem,TS
2016-12-13,0.2,29.8,22.7,3.15,0.243,Bhadradri Kothagudem,TS
2016-12-14,0.0,28.8,21.9,2.38,0.242,Bhadradri Kothagudem,TS
2016-12-15,0.0,30.2,21.5,3.05,0.241,Bhadradri Kothagudem,TS
2016-12-16,0.1,29.7,22.2,2.58,0.241,Bhadradri Kothagudem,TS
2016-12-17,0.0,30.0,19.4,3.93,0.241,Bhadradri Kothagudem,TS
2016-12-18,0.0,28.9,18.6,3.78,0.24,Bhadradri Kothagudem,TS
2016-12-19,0.0,29.1,17.4,3.8,0.239,Bhadradri Kothagudem,TS
2016-12-20,0.0,29.5,17.5,3.76,0.238,Bhadradri Kothagudem,TS
2016-12-21,0.0,30.3,15.9,4.32,0.238,Bhadradri Kothagudem,TS
2016-12-22,0.0,30.4,15.2,4.42,0.237,Bhadradri Kothagudem,TS
2016-12-23,0.0,29.7,15.4,4.41,0.237,Bhadradri Kothagudem,TS
2016-12-24,0.0,29.3,15.8,3.49,0.237,Bhadradri Kothagudem,TS
2016-12-25,0.0,29.0,17.0,3.49,0.236,Bhadradri Kothagudem,TS
2016-12-26,0.0,30.4,18.7,4.01,0.236,Bhadradri Kothagudem,TS
2016-12-27,0.0,30.1,16.7,4.02,0.236,Bhadradri Kothagudem,TS
2016-12-28,0.0,29.4,16.4,3.62,0.236,Bhadradri Kothagudem,TS
2016-12-29,0.0,29.4,18.4,3.7,0.236,Bhadradri Kothagudem,TS
2016-12-30,0.0,29.6,19.3,3.47,0.236,Bhadradri Kothagudem,TS
2016-12-31,0.0,29.5,19.4,3.52,0.236,Bhadradri Kothagudem,TS
2017-01-01,0.0,30.7,18.3,3.82,0.242,Bhadradri Kothagudem,TS
2017-01-02,0.0,30.5,18.4,3.98,0.243,Bhadradri Kothagudem,TS
2017-01-03,0.0,30.6,18.6,4.05,0.244,Bhadradri Kothagudem,TS
2017-01-04,0.0,30.1,17.8,3.84,0.245,Bhadradri Kothagudem,TS
2017-01-05,0.0,29.9,17.8,4.04,0.245,Bhadradri Kothagudem,TS
2017-01-06,0.0,29.9,18.6,3.9,0.245,Bhadradri Kothagudem,TS
2017-01-07,0.0,29.9,17.5,3.95,0.245,Bhadradri Kothagudem,TS
2017-01-08,0.0,30.6,18.8,4.34,0.246,Bhadradri Kothagudem,TS
2017-01-09,0.0,30.3,18.2,4.01,0.246,Bhadradri Kothagudem,TS
2017-01-10,0.0,30.3,18.9,3.97,0.245,Bhadradri Kothagudem,TS
2017-01-11,0.0,30.3,19.1,4.21,0.243,Bhadradri Kothagudem,TS
2017-01-12,0.0,28.8,16.7,3.88,0.253,Bhadradri Kothagudem,TS
2017-01-13,0.0,29.3,16.8,4.32,0.258,Bhadradri Kothagudem,TS
2017-01-14,0.0,29.6,16.9,4.2,0.26,Bhadradri Kothagudem,TS
2017-01-15,0.0,30.0,16.9,4.13,0.259,Bhadradri Kothagudem,TS
2017-01-16,0.0,29.8,17.8,3.9,0.258,Bhadradri Kothagudem,TS
2017-01-17,0.0,30.6,16.9,4.32,0.258,Bhadradri Kothagudem,TS
2017-01-18,0.0,30.7,16.5,4.6,0.259,Bhadradri Kothagudem,TS
2017-01-19,0.0,30.0,17.4,4.53,0.257,Bhadradri Kothagudem,TS
2017-01-20,0.0,31.8,16.9,4.8,0.255,Bhadradri Kothagudem,TS
2017-01-21,0.0,32.5,17.1,4.9,0.255,Bhadradri Kothagudem,TS
2017-01-22,0.0,32.3,19.8,4.39,0.255,Bhadradri Kothagudem,TS
2017-01-23,0.0,32.6,19.4,4.74,0.255,Bhadradri Kothagudem,TS
2017-01-24,0.0,31.7,18.7,4.57,0.254,Bhadradri Kothagudem,TS
2017-01-25,0.0,31.7,18.0,4.65,0.254,Bhadradri Kothagudem,TS
2017-01-26,0.2,30.9,18.8,3.48,0.252,Bhadradri Kothagudem,TS
2017-01-27,0.1,30.9,20.1,3.93,0.251,Bhadradri Kothagudem,TS
2017-01-28,0.0,32.2,21.6,4.46,0.251,Bhadradri Kothagudem,TS
2017-01-29,0.0,32.0,18.8,4.51,0.251,Bhadradri Kothagudem,TS
2017-01-30,0.0,32.1,17.8,4.47,0.251,Bhadradri Kothagudem,TS
2017-01-31,0.0,32.1,20.5,4.35,0.249,Bhadradri Kothagudem,TS
2017-02-01,0.0,32.5,20.0,4.36,0.248,Bhadradri Kothagudem,TS
2017-02-02,0.0,32.2,19.6,4.48,0.247,Bhadradri Kothagudem,TS
2017-02-03,0.0,31.8,19.5,4.54,0.246,Bhadradri Kothagudem,TS
2017-02-04,0.0,32.4,19.1,4.73,0.245,Bhadradri Kothagudem,TS
2017-02-05,0.0,32.0,19.2,4.66,0.244,Bhadradri Kothagudem,TS
2017-02-06,0.0,33.0,18.7,4.72,0.243,Bhadradri Kothagudem,TS
2017-02-07,0.0,33.5,19.3,4.78,0.243,Bhadradri Kothagudem,TS
2017-02-08,0.0,33.9,19.5,4.99,0.244,Bhadradri Kothagudem,TS
2017-02-09,0.0,33.2,19.5,5.0,0.243,Bhadradri Kothagudem,TS
2017-02-10,0.0,33.5,19.8,5.16,0.243,Bhadradri Kothagudem,TS
2017-02-11,0.0,32.8,19.9,5.38,0.243,Bhadradri Kothagudem,TS
2017-02-12,0.0,31.8,19.3,5.36,0.243,Bhadradri Kothagudem,TS
2017-02-13,0.0,32.3,19.8,5.0,0.243,Bhadradri Kothagudem,TS
2017-02-14,0.0,33.0,19.6,4.92,0.243,Bhadradri Kothagudem,TS
2017-02-15,0.0,33.2,20.9,5.29,0.241,Bhadradri Kothagudem,TS
2017-02-16,0.0,33.1,18.6,5.06,0.241,Bhadradri Kothagudem,TS
2017-02-17,0.0,33.6,19.6,5.3,0.241,Bhadradri Kothagudem,TS
2017-02-18,0.0,34.3,20.1,5.1,0.241,Bhadradri Kothagudem,TS
2017-02-19,0.0,35.1,20.5,5.02,0.241,Bhadradri Kothagudem,TS
2017-02-20,0.0,36.8,19.6,5.95,0.242,Bhadradri Kothagudem,TS
2017-02-21,0.0,37.0,20.5,5.81,0.242,Bhadradri Kothagudem,TS
2017-02-22,0.0,36.5,22.1,5.43,0.242,Bhadradri Kothagudem,TS
2017-02-23,0.0,36.6,21.9,5.39,0.242,Bhadradri Kothagudem,TS
2017-02-24,0.0,36.8,22.1,5.35,0.242,Bhadradri Kothagudem,TS
2017-02-25,0.0,34.8,21.9,5.43,0.242,Bhadradri Kothagudem,TS
2017-02-26,0.0,35.3,19.5,5.29,0.243,Bhadradri Kothagudem,TS
2017-02-27,0.0,35.2,21.5,5.47,0.243,Bhadradri Kothagudem,TS
2017-02-28,0.0,36.1,21.7,5.77,0.244,Bhadradri Kothagudem,TS
2017-03-01,0.0,35.9,21.6,5.9,0.244,Bhadradri Kothagudem,TS
2017-03-02,0.0,36.0,20.7,6.48,0.244,Bhadradri Kothagudem,TS
2017-03-03,0.0,36.6,19.9,6.62,0.244,Bhadradri Kothagudem,TS
2017-03-04,0.0,36.3,19.3,6.02,0.244,Bhadradri Kothagudem,TS
2017-03-05,0.0,35.3,24.3,5.36,0.244,Bhadradri Kothagudem,TS
2017-03-06,0.8,34.0,24.7,4.32,0.244,Bhadradri Kothagudem,TS
2017-03-07,0.4,33.5,25.1,4.63,0.243,Bhadradri Kothagudem,TS
2017-03-08,0.0,35.0,25.6,5.57,0.243,Bhadradri Kothagudem,TS
2017-03-09,1.7,34.5,24.7,4.92,0.244,Bhadradri Kothagudem,TS
2017-03-10,7.6,33.0,25.8,4.46,0.277,Bhadradri Kothagudem,TS
2017-03-11,0.8,36.4,25.1,6.31,0.293,Bhadradri Kothagudem,TS
2017-03-12,0.0,36.5,20.7,6.3,0.279,Bhadradri Kothagudem,TS
2017-03-13,0.0,36.4,21.7,5.21,0.27,Bhadradri Kothagudem,TS
2017-03-14,3.9,34.2,23.9,4.94,0.268,Bhadradri Kothagudem,TS
2017-03-15,0.7,34.0,24.9,4.89,0.262,Bhadradri Kothagudem,TS
2017-03-16,0.1,35.4,24.4,5.14,0.258,Bhadradri Kothagudem,TS
2017-03-17,0.2,35.4,24.4,4.98,0.255,Bhadradri Kothagudem,TS
2017-03-18,0.2,36.8,24.5,5.87,0.256,Bhadradri Kothagudem,TS
2017-03-19,0.0,36.7,23.9,6.0,0.257,Bhadradri Kothagudem,TS
2017-03-20,0.0,35.4,24.3,4.95,0.257,Bhadradri Kothagudem,TS
2017-03-21,0.0,37.0,23.0,5.85,0.255,Bhadradri Kothagudem,TS
2017-03-22,0.0,37.2,24.3,6.0,0.254,Bhadradri Kothagudem,TS
2017-03-23,0.0,37.8,23.8,5.89,0.253,Bhadradri Kothagudem,TS
2017-03-24,0.0,39.1,24.5,6.46,0.256,Bhadradri Kothagudem,TS
2017-03-25,0.0,38.6,24.1,6.13,0.264,Bhadradri Kothagudem,TS
2017-03-26,0.0,38.2,24.2,6.03,0.261,Bhadradri Kothagudem,TS
2017-03-27,0.0,38.0,25.0,6.46,0.261,Bhadradri Kothagudem,TS
2017-03-28,0.0,37.6,24.3,6.14,0.258,Bhadradri Kothagudem,TS
2017-03-29,0.0,38.6,24.5,6.66,0.257,Bhadradri Kothagudem,TS
2017-03-30,0.0,38.6,25.1,6.67,0.256,Bhadradri Kothagudem,TS
2017-03-31,0.0,39.4,25.3,6.72,0.252,Bhadradri Kothagudem,TS
2017-04-01,0.0,38.9,25.2,6.42,0.249,Bhadradri Kothagudem,TS
2017-04-02,0.2,39.3,25.4,6.71,0.257,Bhadradri Kothagudem,TS
2017-04-03,0.7,37.5,25.5,6.38,0.272,Bhadradri Kothagudem,TS
2017-04-04,0.1,36.9,25.5,6.24,0.271,Bhadradri Kothagudem,TS
2017-04-05,1.1,36.2,25.9,5.58,0.269,Bhadradri Kothagudem,TS
2017-04-06,0.0,37.6,26.6,5.6,0.265,Bhadradri Kothagudem,TS
2017-04-07,0.2,38.8,27.0,6.13,0.266,Bhadradri Kothagudem,TS
2017-04-08,3.0,39.2,26.7,6.22,0.274,Bhadradri Kothagudem,TS
2017-04-09,0.0,39.4,26.7,6.51,0.267,Bhadradri Kothagudem,TS
2017-04-10,0.0,39.5,26.1,6.24,0.263,Bhadradri Kothagudem,TS
2017-04-11,0.0,40.7,25.7,6.67,0.258,Bhadradri Kothagudem,TS
2017-04-12,0.0,40.1,24.5,6.72,0.254,Bhadradri Kothagudem,TS
2017-04-13,0.0,39.6,24.9,7.16,0.25,Bhadradri Kothagudem,TS
2017-04-14,0.0,39.3,25.2,6.65,0.249,Bhadradri Kothagudem,TS
2017-04-15,0.0,39.4,24.7,6.77,0.247,Bhadradri Kothagudem,TS
2017-04-16,0.0,40.6,25.0,7.4,0.247,Bhadradri Kothagudem,TS
2017-04-17,0.4,40.6,26.3,6.65,0.251,Bhadradri Kothagudem,TS
2017-04-18,0.0,39.8,27.2,6.89,0.254,Bhadradri Kothagudem,TS
2017-04-19,0.2,39.3,27.2,6.92,0.255,Bhadradri Kothagudem,TS
2017-04-20,0.0,40.0,27.3,6.79,0.256,Bhadradri Kothagudem,TS
2017-04-21,0.8,39.9,27.8,6.93,0.26,Bhadradri Kothagudem,TS
2017-04-22,0.0,41.1,27.2,6.36,0.257,Bhadradri Kothagudem,TS
2017-04-23,0.0,39.7,27.8,6.6,0.256,Bhadradri Kothagudem,TS
2017-04-24,0.0,39.8,27.6,6.38,0.251,Bhadradri Kothagudem,TS
2017-04-25,0.0,40.5,26.9,6.4,0.245,Bhadradri Kothagudem,TS
2017-04-26,0.0,40.1,27.0,6.89,0.245,Bhadradri Kothagudem,TS
2017-04-27,1.6,38.7,27.9,5.74,0.261,Bhadradri Kothagudem,TS
2017-04-28,0.3,39.9,27.0,5.93,0.274,Bhadradri Kothagudem,TS
2017-04-29,1.9,39.5,26.6,6.41,0.282,Bhadradri Kothagudem,TS
2017-04-30,0.0,39.0,25.8,6.15,0.271,Bhadradri Kothagudem,TS
2017-05-01,9.8,35.3,26.7,4.97,0.315,Bhadradri Kothagudem,TS
2017-05-02,0.1,36.0,26.0,5.75,0.359,Bhadradri Kothagudem,TS
2017-05-03,0.5,37.1,26.5,6.37,0.336,Bhadradri Kothagudem,TS
2017-05-04,0.4,39.1,26.0,6.59,0.316,Bhadradri Kothagudem,TS
2017-05-05,0.1,40.1,26.5,6.81,0.304,Bhadradri Kothagudem,TS
2017-05-06,0.4,39.6,27.3,6.8,0.304,Bhadradri Kothagudem,TS
2017-05-07,0.2,37.4,27.5,6.04,0.298,Bhadradri Kothagudem,TS
2017-05-08,1.3,37.3,27.3,5.58,0.296,Bhadradri Kothagudem,TS
2017-05-09,2.6,36.4,27.1,5.77,0.292,Bhadradri Kothagudem,TS
2017-05-10,0.2,37.4,27.7,6.21,0.281,Bhadradri Kothagudem,TS
2017-05-11,0.0,38.0,27.0,6.81,0.274,Bhadradri Kothagudem,TS
2017-05-12,0.0,39.1,26.6,6.82,0.264,Bhadradri Kothagudem,TS
2017-05-13,0.6,40.1,27.6,6.51,0.257,Bhadradri Kothagudem,TS
2017-05-14,1.1,41.7,28.6,7.01,0.259,Bhadradri Kothagudem,TS
2017-05-15,0.0,43.3,29.6,7.25,0.262,Bhadradri Kothagudem,TS
2017-05-16,0.0,43.6,31.5,7.24,0.259,Bhadradri Kothagudem,TS
2017-05-17,0.0,44.3,29.9,8.11,0.261,Bhadradri Kothagudem,TS
2017-05-18,0.3,44.3,31.3,7.14,0.26,Bhadradri Kothagudem,TS
2017-05-19,0.2,42.7,30.4,7.35,0.263,Bhadradri Kothagudem,TS
2017-05-20,0.0,41.9,29.4,7.16,0.262,Bhadradri Kothagudem,TS
2017-05-21,1.0,42.2,29.1,6.99,0.272,Bhadradri Kothagudem,TS
2017-05-22,0.0,41.5,28.6,7.01,0.3,Bhadradri Kothagudem,TS
2017-05-23,2.0,41.1,30.8,6.36,0.298,Bhadradri Kothagudem,TS
2017-05-24,0.4,40.1,29.9,6.26,0.315,Bhadradri Kothagudem,TS
2017-05-25,1.1,40.3,30.0,6.25,0.321,Bhadradri Kothagudem,TS
2017-05-26,1.2,39.7,29.3,6.08,0.301,Bhadradri Kothagudem,TS
2017-05-27,2.5,40.4,28.1,6.25,0.303,Bhadradri Kothagudem,TS
2017-05-28,0.0,40.1,27.7,6.09,0.308,Bhadradri Kothagudem,TS
2017-05-29,0.1,41.1,29.0,6.98,0.302,Bhadradri Kothagudem,TS
2017-05-30,0.0,40.8,30.1,7.77,0.292,Bhadradri Kothagudem,TS
2017-05-31,0.0,40.2,29.9,8.0,0.281,Bhadradri Kothagudem,TS
2017-06-01,0.0,40.2,29.8,7.36,0.271,Bhadradri Kothagudem,TS
2017-06-02,0.0,38.8,28.9,7.05,0.262,Bhadradri Kothagudem,TS
2017-06-03,0.8,39.9,28.6,6.52,0.258,Bhadradri Kothagudem,TS
2017-06-04,10.7,38.0,27.0,5.67,0.402,Bhadradri Kothagudem,TS
2017-06-05,3.3,39.8,28.7,5.89,0.385,Bhadradri Kothagudem,TS
2017-06-06,13.9,36.1,26.6,4.29,0.426,Bhadradri Kothagudem,TS
2017-06-07,22.2,35.2,26.4,4.87,0.451,Bhadradri Kothagudem,TS
2017-06-08,7.6,34.0,25.4,3.48,0.463,Bhadradri Kothagudem,TS
2017-06-09,7.4,34.9,25.7,4.52,0.459,Bhadradri Kothagudem,TS
2017-06-10,3.8,33.0,26.3,3.34,0.476,Bhadradri Kothagudem,TS
2017-06-11,6.8,34.1,27.3,4.16,0.464,Bhadradri Kothagudem,TS
2017-06-12,5.0,32.6,26.8,3.54,0.468,Bhadradri Kothagudem,TS
2017-06-13,1.1,31.5,26.3,3.29,0.459,Bhadradri Kothagudem,TS
2017-06-14,6.7,31.7,26.1,3.43,0.477,Bhadradri Kothagudem,TS
2017-06-15,10.1,31.9,26.3,2.55,0.49,Bhadradri Kothagudem,TS
2017-06-16,4.7,30.3,25.5,1.78,0.486,Bhadradri Kothagudem,TS
2017-06-17,0.3,32.9,25.9,3.76,0.459,Bhadradri Kothagudem,TS
2017-06-18,3.0,33.0,27.0,4.23,0.448,Bhadradri Kothagudem,TS
2017-06-19,2.4,32.7,26.7,3.96,0.466,Bhadradri Kothagudem,TS
2017-06-20,6.1,29.5,26.0,2.91,0.488,Bhadradri Kothagudem,TS
2017-06-21,1.8,33.2,26.1,4.72,0.472,Bhadradri Kothagudem,TS
2017-06-22,2.7,34.7,26.4,5.03,0.461,Bhadradri Kothagudem,TS
2017-06-23,6.4,33.2,25.9,4.38,0.475,Bhadradri Kothagudem,TS
2017-06-24,24.6,31.3,24.8,3.03,0.506,Bhadradri Kothagudem,TS
2017-06-25,7.0,31.5,25.3,2.67,0.506,Bhadradri Kothagudem,TS
2017-06-26,15.0,29.8,25.0,1.84,0.508,Bhadradri Kothagudem,TS
2017-06-27,11.9,29.8,25.2,1.66,0.509,Bhadradri Kothagudem,TS
2017-06-28,5.4,29.4,24.6,1.92,0.504,Bhadradri Kothagudem,TS
2017-06-29,1.7,31.1,25.6,3.65,0.484,Bhadradri Kothagudem,TS
2017-06-30,5.0,30.3,25.8,2.52,0.493,Bhadradri Kothagudem,TS
2017-07-01,6.1,31.1,24.9,2.99,0.498,Bhadradri Kothagudem,TS
2017-07-02,3.3,32.4,25.5,3.86,0.485,Bhadradri Kothagudem,TS
2017-07-03,6.6,28.8,25.3,1.54,0.491,Bhadradri Kothagudem,TS
2017-07-04,0.6,31.8,26.7,3.79,0.474,Bhadradri Kothagudem,TS
2017-07-05,0.3,32.6,26.9,4.71,0.455,Bhadradri Kothagudem,TS
2017-07-06,13.4,30.3,25.9,2.42,0.482,Bhadradri Kothagudem,TS
2017-07-07,8.3,31.4,24.9,3.42,0.501,Bhadradri Kothagudem,TS
2017-07-08,3.2,34.0,25.7,4.11,0.488,Bhadradri Kothagudem,TS
2017-07-09,2.9,33.0,26.1,4.21,0.478,Bhadradri Kothagudem,TS
2017-07-10,9.4,33.7,26.1,4.49,0.476,Bhadradri Kothagudem,TS
2017-07-11,16.2,28.2,25.6,1.68,0.495,Bhadradri Kothagudem,TS
2017-07-12,7.3,30.6,25.6,2.13,0.488,Bhadradri Kothagudem,TS
2017-07-13,9.7,29.2,24.6,1.84,0.504,Bhadradri Kothagudem,TS
2017-07-14,21.2,30.4,24.1,2.65,0.51,Bhadradri Kothagudem,TS
2017-07-15,4.0,30.1,24.2,2.42,0.499,Bhadradri Kothagudem,TS
2017-07-16,7.5,28.7,24.8,1.93,0.501,Bhadradri Kothagudem,TS
2017-07-17,27.0,27.5,24.3,1.74,0.512,Bhadradri Kothagudem,TS
2017-07-18,60.4,25.4,24.0,1.03,0.512,Bhadradri Kothagudem,TS
2017-07-19,22.0,30.9,24.4,3.86,0.504,Bhadradri Kothagudem,TS
2017-07-20,1.0,31.8,25.4,4.14,0.49,Bhadradri Kothagudem,TS
2017-07-21,0.0,32.9,27.0,5.39,0.467,Bhadradri Kothagudem,TS
2017-07-22,0.0,32.8,27.4,5.29,0.448,Bhadradri Kothagudem,TS
2017-07-23,0.0,33.1,27.0,5.61,0.432,Bhadradri Kothagudem,TS
2017-07-24,0.1,32.5,27.3,5.16,0.417,Bhadradri Kothagudem,TS
2017-07-25,0.0,33.2,26.7,5.29,0.405,Bhadradri Kothagudem,TS
2017-07-26,0.0,33.5,27.1,5.61,0.39,Bhadradri Kothagudem,TS
2017-07-27,0.0,33.1,27.1,5.19,0.376,Bhadradri Kothagudem,TS
2017-07-28,5.3,32.6,25.1,4.1,0.39,Bhadradri Kothagudem,TS
2017-07-29,1.1,31.8,25.6,3.55,0.407,Bhadradri Kothagudem,TS
2017-07-30,8.2,31.9,25.9,3.32,0.431,Bhadradri Kothagudem,TS
2017-07-31,2.6,33.3,26.0,4.53,0.433,Bhadradri Kothagudem,TS
2017-08-01,2.9,33.2,26.9,4.5,0.428,Bhadradri Kothagudem,TS
2017-08-02,7.3,32.1,26.8,3.55,0.453,Bhadradri Kothagudem,TS
2017-08-03,1.8,31.6,26.8,3.57,0.454,Bhadradri Kothagudem,TS
2017-08-04,0.9,32.1,26.6,3.9,0.448,Bhadradri Kothagudem,TS
2017-08-05,16.8,28.9,26.0,2.17,0.473,Bhadradri Kothagudem,TS
2017-08-06,2.5,30.0,24.8,3.12,0.478,Bhadradri Kothagudem,TS
2017-08-07,6.7,31.5,24.8,3.8,0.481,Bhadradri Kothagudem,TS
2017-08-08,8.6,30.7,25.8,2.72,0.496,Bhadradri Kothagudem,TS
2017-08-09,6.2,29.1,25.0,1.89,0.499,Bhadradri Kothagudem,TS
2017-08-10,10.2,31.9,24.2,4.0,0.492,Bhadradri Kothagudem,TS
2017-08-11,7.4,31.9,25.6,3.7,0.49,Bhadradri Kothagudem,TS
2017-08-12,14.3,29.0,25.1,1.9,0.501,Bhadradri Kothagudem,TS
2017-08-13,22.5,31.3,24.9,2.75,0.501,Bhadradri Kothagudem,TS
2017-08-14,8.6,30.3,24.6,2.95,0.502,Bhadradri Kothagudem,TS
2017-08-15,0.2,31.8,23.9,4.45,0.485,Bhadradri Kothagudem,TS
2017-08-16,0.5,31.5,25.2,3.21,0.476,Bhadradri Kothagudem,TS
2017-08-17,15.4,29.6,25.7,1.76,0.496,Bhadradri Kothagudem,TS
2017-08-18,154.5,26.2,23.1,1.04,0.512,Bhadradri Kothagudem,TS
2017-08-19,43.5,26.9,22.7,1.38,0.507,Bhadradri Kothagudem,TS
2017-08-20,3.1,28.9,24.0,3.41,0.491,Bhadradri Kothagudem,TS
2017-08-21,0.5,31.7,24.0,4.64,0.471,Bhadradri Kothagudem,TS
2017-08-22,10.3,31.9,24.3,3.71,0.496,Bhadradri Kothagudem,TS
2017-08-23,9.0,31.4,24.7,3.38,0.498,Bhadradri Kothagudem,TS
2017-08-24,18.6,31.6,24.7,3.66,0.503,Bhadradri Kothagudem,TS
2017-08-25,21.4,28.9,24.5,2.77,0.501,Bhadradri Kothagudem,TS
2017-08-26,6.2,30.5,24.7,2.96,0.503,Bhadradri Kothagudem,TS
2017-08-27,14.5,29.4,25.0,2.26,0.503,Bhadradri Kothagudem,TS
2017-08-28,16.5,28.0,24.7,1.5,0.513,Bhadradri Kothagudem,TS
2017-08-29,9.8,29.8,24.4,2.52,0.505,Bhadradri Kothagudem,TS
2017-08-30,1.0,32.5,25.2,4.58,0.487,Bhadradri Kothagudem,TS
2017-08-31,0.4,32.7,26.3,3.48,0.471,Bhadradri Kothagudem,TS
2017-09-01,2.9,32.9,25.4,3.94,0.474,Bhadradri Kothagudem,TS
2017-09-02,0.0,33.7,25.1,4.98,0.471,Bhadradri Kothagudem,TS
2017-09-03,0.8,33.6,25.6,4.75,0.454,Bhadradri Kothagudem,TS
2017-09-04,2.0,33.5,26.0,4.32,0.455,Bhadradri Kothagudem,TS
2017-09-05,5.4,31.9,25.5,3.37,0.458,Bhadradri Kothagudem,TS
2017-09-06,11.5,32.4,25.3,3.67,0.485,Bhadradri Kothagudem,TS
2017-09-07,15.6,31.7,24.5,3.83,0.492,Bhadradri Kothagudem,TS
2017-09-08,3.8,32.9,25.3,4.18,0.479,Bhadradri Kothagudem,TS
2017-09-09,1.2,32.4,25.4,4.32,0.467,Bhadradri Kothagudem,TS
2017-09-10,0.2,33.0,25.1,4.94,0.453,Bhadradri Kothagudem,TS
2017-09-11,0.7,32.2,26.0,4.2,0.441,Bhadradri Kothagudem,TS
2017-09-12,4.8,32.5,25.2,4.07,0.445,Bhadradri Kothagudem,TS
2017-09-13,0.6,31.9,25.5,3.8,0.439,Bhadradri Kothagudem,TS
2017-09-14,3.1,32.4,25.8,3.68,0.443,Bhadradri Kothagudem,TS
2017-09-15,2.5,31.8,24.9,3.36,0.475,Bhadradri Kothagudem,TS
2017-09-16,7.0,32.2,24.9,4.12,0.472,Bhadradri Kothagudem,TS
2017-09-17,22.2,30.7,25.3,2.73,0.498,Bhadradri Kothagudem,TS
2017-09-18,1.1,29.2,25.6,2.63,0.478,Bhadradri Kothagudem,TS
2017-09-19,0.2,32.4,25.5,4.73,0.462,Bhadradri Kothagudem,TS
2017-09-20,0.2,30.1,26.2,3.48,0.462,Bhadradri Kothagudem,TS
2017-09-21,0.0,31.4,26.0,4.37,0.447,Bhadradri Kothagudem,TS
2017-09-22,0.5,31.2,24.9,3.78,0.433,Bhadradri Kothagudem,TS
2017-09-23,6.3,32.6,24.8,4.04,0.454,Bhadradri Kothagudem,TS
2017-09-24,5.4,31.9,24.5,3.49,0.477,Bhadradri Kothagudem,TS
2017-09-25,7.4,31.4,25.3,3.29,0.479,Bhadradri Kothagudem,TS
2017-09-26,6.1,32.1,24.6,3.69,0.462,Bhadradri Kothagudem,TS
2017-09-27,9.4,31.8,25.6,3.17,0.46,Bhadradri Kothagudem,TS
2017-09-28,10.8,30.1,24.4,2.99,0.483,Bhadradri Kothagudem,TS
2017-09-29,3.0,30.5,24.5,3.15,0.48,Bhadradri Kothagudem,TS
2017-09-30,13.5,30.8,24.1,2.95,0.496,Bhadradri Kothagudem,TS
2017-10-01,1.0,30.2,25.1,3.0,0.479,Bhadradri Kothagudem,TS
2017-10-02,6.1,30.8,24.5,3.07,0.477,Bhadradri Kothagudem,TS
2017-10-03,1.9,30.6,24.1,2.99,0.489,Bhadradri Kothagudem,TS
2017-10-04,3.7,29.9,24.2,2.71,0.489,Bhadradri Kothagudem,TS
2017-10-05,19.2,29.6,24.3,3.08,0.497,Bhadradri Kothagudem,TS
2017-10-06,6.6,31.1,24.1,3.21,0.49,Bhadradri Kothagudem,TS
2017-10-07,7.0,30.8,23.9,3.16,0.495,Bhadradri Kothagudem,TS
2017-10-08,4.7,30.9,24.5,3.38,0.485,Bhadradri Kothagudem,TS
2017-10-09,1.8,31.1,24.8,3.51,0.478,Bhadradri Kothagudem,TS
2017-10-10,1.2,31.0,24.3,3.29,0.484,Bhadradri Kothagudem,TS
2017-10-11,6.3,30.3,23.9,3.26,0.482,Bhadradri Kothagudem,TS
2017-10-12,1.1,32.2,24.7,3.81,0.47,Bhadradri Kothagudem,TS
2017-10-13,2.5,30.7,24.3,3.44,0.466,Bhadradri Kothagudem,TS
2017-10-14,4.6,31.4,24.4,3.75,0.483,Bhadradri Kothagudem,TS
2017-10-15,8.0,31.9,24.8,3.5,0.486,Bhadradri Kothagudem,TS
2017-10-16,0.0,32.6,23.9,4.0,0.481,Bhadradri Kothagudem,TS
2017-10-17,0.0,33.9,22.9,4.75,0.465,Bhadradri Kothagudem,TS
2017-10-18,0.0,32.7,21.5,4.81,0.447,Bhadradri Kothagudem,TS
2017-10-19,0.8,31.7,23.3,3.04,0.438,Bhadradri Kothagudem,TS
2017-10-20,8.1,30.6,24.6,2.18,0.472,Bhadradri Kothagudem,TS
2017-10-21,0.0,31.5,23.9,3.29,0.48,Bhadradri Kothagudem,TS
2017-10-22,0.0,32.2,24.2,4.12,0.459,Bhadradri Kothagudem,TS
2017-10-23,1.1,31.6,24.6,3.36,0.445,Bhadradri Kothagudem,TS
2017-10-24,2.2,30.0,24.6,3.19,0.44,Bhadradri Kothagudem,TS
2017-10-25,0.5,31.4,24.2,3.94,0.432,Bhadradri Kothagudem,TS
2017-10-26,0.0,32.2,23.1,4.33,0.422,Bhadradri Kothagudem,TS
2017-10-27,0.1,30.9,21.0,3.89,0.407,Bhadradri Kothagudem,TS
2017-10-28,0.0,31.0,22.4,3.99,0.393,Bhadradri Kothagudem,TS
2017-10-29,0.0,30.4,20.8,3.8,0.38,Bhadradri Kothagudem,TS
2017-10-30,0.0,30.8,21.0,4.27,0.369,Bhadradri Kothagudem,TS
2017-10-31,0.0,30.8,20.4,4.49,0.358,Bhadradri Kothagudem,TS
2017-11-01,0.0,30.5,19.8,4.45,0.35,Bhadradri Kothagudem,TS
2017-11-02,0.0,30.1,19.1,4.42,0.346,Bhadradri Kothagudem,TS
2017-11-03,0.0,30.1,19.6,4.46,0.336,Bhadradri Kothagudem,TS
2017-11-04,0.0,30.2,19.5,4.02,0.326,Bhadradri Kothagudem,TS
2017-11-05,0.0,31.2,21.7,4.23,0.314,Bhadradri Kothagudem,TS
2017-11-06,0.0,31.6,21.9,4.47,0.306,Bhadradri Kothagudem,TS
2017-11-07,0.0,31.6,20.6,4.25,0.295,Bhadradri Kothagudem,TS
2017-11-08,0.0,31.5,20.8,4.22,0.285,Bhadradri Kothagudem,TS
2017-11-09,0.0,31.4,20.8,4.51,0.28,Bhadradri Kothagudem,TS
2017-11-10,0.0,31.3,19.1,4.62,0.275,Bhadradri Kothagudem,TS
2017-11-11,0.0,30.7,18.0,4.49,0.274,Bhadradri Kothagudem,TS
2017-11-12,0.0,31.5,19.3,4.39,0.276,Bhadradri Kothagudem,TS
2017-11-13,1.4,31.8,20.8,3.92,0.278,Bhadradri Kothagudem,TS
2017-11-14,0.0,31.7,23.0,3.59,0.27,Bhadradri Kothagudem,TS
2017-11-15,0.0,32.4,24.1,4.53,0.261,Bhadradri Kothagudem,TS
2017-11-16,0.2,31.8,23.2,3.5,0.261,Bhadradri Kothagudem,TS
2017-11-17,0.1,30.8,24.1,2.87,0.26,Bhadradri Kothagudem,TS
2017-11-18,0.1,30.4,24.1,3.0,0.258,Bhadradri Kothagudem,TS
2017-11-19,4.3,31.6,24.4,3.21,0.265,Bhadradri Kothagudem,TS
2017-11-20,0.4,32.4,23.9,3.34,0.256,Bhadradri Kothagudem,TS
2017-11-21,1.9,33.2,24.5,3.84,0.258,Bhadradri Kothagudem,TS
2017-11-22,0.0,32.0,22.5,3.81,0.254,Bhadradri Kothagudem,TS
2017-11-23,0.3,31.7,23.2,3.56,0.249,Bhadradri Kothagudem,TS
2017-11-24,0.0,32.4,23.1,3.69,0.25,Bhadradri Kothagudem,TS
2017-11-25,0.0,31.8,21.2,4.18,0.248,Bhadradri Kothagudem,TS
2017-11-26,0.0,31.8,19.1,4.19,0.248,Bhadradri Kothagudem,TS
2017-11-27,0.0,31.7,18.7,4.17,0.248,Bhadradri Kothagudem,TS
2017-11-28,0.0,31.5,18.3,4.26,0.248,Bhadradri Kothagudem,TS
2017-11-29,0.0,31.1,18.1,4.28,0.247,Bhadradri Kothagudem,TS
2017-11-30,0.0,31.0,17.2,4.09,0.247,Bhadradri Kothagudem,TS
2017-12-01,0.0,30.8,18.4,4.14,0.247,Bhadradri Kothagudem,TS
2017-12-02,0.0,30.2,18.3,4.08,0.246,Bhadradri Kothagudem,TS
2017-12-03,0.0,29.2,18.2,3.96,0.247,Bhadradri Kothagudem,TS
2017-12-04,0.0,29.8,17.9,3.99,0.249,Bhadradri Kothagudem,TS
2017-12-05,0.0,31.7,19.2,4.3,0.249,Bhadradri Kothagudem,TS
2017-12-06,0.0,30.7,18.8,3.92,0.248,Bhadradri Kothagudem,TS
2017-12-07,0.0,31.6,18.3,3.89,0.246,Bhadradri Kothagudem,TS
2017-12-08,0.0,32.1,18.0,4.5,0.245,Bhadradri Kothagudem,TS
2017-12-09,0.0,31.8,19.4,4.63,0.243,Bhadradri Kothagudem,TS
2017-12-10,0.0,31.3,18.5,4.28,0.241,Bhadradri Kothagudem,TS
2017-12-11,0.0,32.2,17.2,3.97,0.24,Bhadradri Kothagudem,TS
2017-12-12,0.0,31.2,19.2,3.37,0.24,Bhadradri Kothagudem,TS
2017-12-13,0.0,31.6,19.7,3.63,0.241,Bhadradri Kothagudem,TS
2017-12-14,0.0,32.3,20.9,3.96,0.241,Bhadradri Kothagudem,TS
2017-12-15,0.0,31.0,20.6,3.77,0.241,Bhadradri Kothagudem,TS
2017-12-16,0.0,30.9,18.7,4.28,0.244,Bhadradri Kothagudem,TS
2017-12-17,0.0,31.1,17.7,4.2,0.247,Bhadradri Kothagudem,TS
2017-12-18,0.0,30.5,17.2,4.21,0.246,Bhadradri Kothagudem,TS
2017-12-19,0.0,29.8,17.4,3.92,0.246,Bhadradri Kothagudem,TS
2017-12-20,0.0,29.7,14.6,4.0,0.247,Bhadradri Kothagudem,TS
2017-12-21,0.0,29.9,15.2,3.78,0.248,Bhadradri Kothagudem,TS
2017-12-22,0.0,30.0,16.0,3.86,0.248,Bhadradri Kothagudem,TS
2017-12-23,0.0,30.3,16.7,3.85,0.249,Bhadradri Kothagudem,TS
2017-12-24,0.0,30.2,17.5,3.85,0.249,Bhadradri Kothagudem,TS
2017-12-25,0.0,30.4,17.6,3.74,0.251,Bhadradri Kothagudem,TS
2017-12-26,0.0,29.7,17.4,3.59,0.252,Bhadradri Kothagudem,TS
2017-12-27,0.0,29.5,16.6,3.97,0.253,Bhadradri Kothagudem,TS
2017-12-28,0.0,29.4,14.5,4.09,0.253,Bhadradri Kothagudem,TS
2017-12-29,0.0,29.2,16.8,4.05,0.25,Bhadradri Kothagudem,TS
2017-12-30,0.0,29.6,15.8,4.05,0.25,Bhadradri Kothagudem,TS
2017-12-31,0.0,29.9,16.6,4.08,0.248,Bhadradri Kothagudem,TS
2018-01-01,0.0,31.4,19.7,4.07,0.245,Bhadradri Kothagudem,TS
2018-01-02,0.0,30.0,18.6,3.66,0.246,Bhadradri Kothagudem,TS
2018-01-03,0.0,29.6,17.6,4.08,0.245,Bhadradri Kothagudem,TS
2018-01-04,0.0,29.3,15.4,4.32,0.246,Bhadradri Kothagudem,TS
2018-01-05,0.0,29.3,14.4,3.94,0.245,Bhadradri Kothagudem,TS
2018-01-06,0.0,28.8,16.1,3.79,0.245,Bhadradri Kothagudem,TS
2018-01-07,0.0,29.2,16.5,3.95,0.247,Bhadradri Kothagudem,TS
2018-01-08,0.0,28.9,16.3,4.01,0.246,Bhadradri Kothagudem,TS
2018-01-09,0.0,28.9,16.3,3.88,0.246,Bhadradri Kothagudem,TS
2018-01-10,0.0,30.2,17.6,3.9,0.245,Bhadradri Kothagudem,TS
2018-01-11,0.0,31.4,18.1,3.82,0.244,Bhadradri Kothagudem,TS
2018-01-12,0.0,32.1,18.6,3.97,0.242,Bhadradri Kothagudem,TS
2018-01-13,0.0,32.2,17.4,4.2,0.241,Bhadradri Kothagudem,TS
2018-01-14,0.0,32.3,20.2,3.96,0.241,Bhadradri Kothagudem,TS
2018-01-15,0.0,31.9,20.3,3.88,0.241,Bhadradri Kothagudem,TS
2018-01-16,0.0,31.4,19.4,4.39,0.241,Bhadradri Kothagudem,TS
2018-01-17,0.0,30.9,18.3,3.96,0.241,Bhadradri Kothagudem,TS
2018-01-18,0.0,30.5,17.6,4.08,0.241,Bhadradri Kothagudem,TS
2018-01-19,0.0,30.0,17.0,4.1,0.242,Bhadradri Kothagudem,TS
2018-01-20,0.0,30.1,16.8,4.17,0.243,Bhadradri Kothagudem,TS
2018-01-21,0.0,29.7,17.3,4.16,0.243,Bhadradri Kothagudem,TS
2018-01-22,0.0,29.7,16.9,4.18,0.243,Bhadradri Kothagudem,TS
2018-01-23,0.0,30.4,17.1,4.11,0.243,Bhadradri Kothagudem,TS
2018-01-24,0.0,31.2,17.5,4.14,0.243,Bhadradri Kothagudem,TS
2018-01-25,0.0,31.3,18.5,4.44,0.242,Bhadradri Kothagudem,TS
2018-01-26,0.0,30.6,16.4,4.6,0.241,Bhadradri Kothagudem,TS
2018-01-27,0.0,30.1,17.4,3.98,0.242,Bhadradri Kothagudem,TS
2018-01-28,0.0,30.4,18.4,4.12,0.242,Bhadradri Kothagudem,TS
2018-01-29,0.0,30.2,18.4,4.06,0.243,Bhadradri Kothagudem,TS
2018-01-30,0.0,30.2,17.9,4.09,0.243,Bhadradri Kothagudem,TS
2018-01-31,0.0,31.9,16.4,4.6,0.243,Bhadradri Kothagudem,TS
2018-02-01,0.0,32.2,16.9,4.86,0.245,Bhadradri Kothagudem,TS
2018-02-02,0.0,32.6,16.8,5.05,0.244,Bhadradri Kothagudem,TS
2018-02-03,0.0,32.6,17.1,5.08,0.241,Bhadradri Kothagudem,TS
2018-02-04,0.0,32.5,17.5,4.87,0.24,Bhadradri Kothagudem,TS
2018-02-05,0.0,32.5,18.1,4.85,0.239,Bhadradri Kothagudem,TS
2018-02-06,0.0,32.4,17.1,4.7,0.239,Bhadradri Kothagudem,TS
2018-02-07,0.0,33.1,17.8,4.36,0.239,Bhadradri Kothagudem,TS
2018-02-08,0.0,33.4,21.9,4.5,0.24,Bhadradri Kothagudem,TS
2018-02-09,0.0,33.5,21.4,4.22,0.242,Bhadradri Kothagudem,TS
2018-02-10,0.0,32.7,21.5,4.05,0.247,Bhadradri Kothagudem,TS
2018-02-11,0.0,31.6,22.2,3.92,0.248,Bhadradri Kothagudem,TS
2018-02-12,0.0,33.2,20.3,5.36,0.248,Bhadradri Kothagudem,TS
2018-02-13,0.0,33.2,20.2,4.83,0.246,Bhadradri Kothagudem,TS
2018-02-14,0.0,33.1,19.4,5.13,0.244,Bhadradri Kothagudem,TS
2018-02-15,0.0,32.8,19.3,4.73,0.243,Bhadradri Kothagudem,TS
2018-02-16,0.0,33.1,19.1,4.98,0.243,Bhadradri Kothagudem,TS
2018-02-17,0.0,33.4,18.6,4.91,0.242,Bhadradri Kothagudem,TS
2018-02-18,0.0,33.9,20.2,4.97,0.242,Bhadradri Kothagudem,TS
2018-02-19,0.0,34.0,20.5,5.2,0.243,Bhadradri Kothagudem,TS
2018-02-20,0.0,34.1,20.0,4.85,0.243,Bhadradri Kothagudem,TS
2018-02-21,0.0,34.3,20.2,5.29,0.243,Bhadradri Kothagudem,TS
2018-02-22,0.0,34.5,20.4,5.25,0.243,Bhadradri Kothagudem,TS
2018-02-23,0.0,35.1,20.3,5.29,0.242,Bhadradri Kothagudem,TS
2018-02-24,0.0,35.2,19.5,5.99,0.242,Bhadradri Kothagudem,TS
2018-02-25,0.0,36.0,18.4,5.8,0.242,Bhadradri Kothagudem,TS
2018-02-26,0.0,36.1,17.9,5.5,0.243,Bhadradri Kothagudem,TS
2018-02-27,0.0,36.7,20.2,5.98,0.243,Bhadradri Kothagudem,TS
2018-02-28,0.0,36.4,21.0,6.0,0.242,Bhadradri Kothagudem,TS
2018-03-01,0.0,37.0,20.6,5.93,0.242,Bhadradri Kothagudem,TS
2018-03-02,0.0,37.5,20.6,5.88,0.242,Bhadradri Kothagudem,TS
2018-03-03,0.0,37.8,21.2,6.39,0.243,Bhadradri Kothagudem,TS
2018-03-04,0.0,38.2,21.1,6.36,0.244,Bhadradri Kothagudem,TS
2018-03-05,0.0,37.7,20.5,6.36,0.244,Bhadradri Kothagudem,TS
2018-03-06,0.0,37.5,21.5,6.1,0.243,Bhadradri Kothagudem,TS
2018-03-07,0.0,37.9,21.3,5.88,0.242,Bhadradri Kothagudem,TS
2018-03-08,0.0,37.7,21.8,6.62,0.241,Bhadradri Kothagudem,TS
2018-03-09,0.0,37.0,22.2,5.45,0.243,Bhadradri Kothagudem,TS
2018-03-10,0.0,36.6,22.7,5.74,0.247,Bhadradri Kothagudem,TS
2018-03-11,0.0,37.3,23.2,5.52,0.244,Bhadradri Kothagudem,TS
2018-03-12,0.0,37.3,22.3,5.55,0.24,Bhadradri Kothagudem,TS
2018-03-13,0.0,37.5,22.5,6.25,0.231,Bhadradri Kothagudem,TS
2018-03-14,0.0,38.0,21.9,6.51,0.232,Bhadradri Kothagudem,TS
2018-03-15,0.0,35.7,24.1,4.27,0.232,Bhadradri Kothagudem,TS
2018-03-16,0.9,32.1,24.6,2.92,0.241,Bhadradri Kothagudem,TS
2018-03-17,1.2,32.0,23.4,4.03,0.262,Bhadradri Kothagudem,TS
2018-03-18,0.0,35.2,22.7,4.97,0.256,Bhadradri Kothagudem,TS
2018-03-19,0.0,36.5,22.8,5.69,0.251,Bhadradri Kothagudem,TS
2018-03-20,0.0,37.7,23.4,5.8,0.247,Bhadradri Kothagudem,TS
2018-03-21,0.0,37.8,24.0,6.11,0.246,Bhadradri Kothagudem,TS
2018-03-22,0.0,37.4,24.8,5.43,0.244,Bhadradri Kothagudem,TS
2018-03-23,1.1,37.6,25.0,5.49,0.246,Bhadradri Kothagudem,TS
2018-03-24,0.0,38.7,24.1,5.67,0.245,Bhadradri Kothagudem,TS
2018-03-25,0.0,37.6,25.1,5.67,0.245,Bhadradri Kothagudem,TS
2018-03-26,0.0,37.8,24.9,5.85,0.244,Bhadradri Kothagudem,TS
2018-03-27,0.0,38.4,24.1,6.09,0.243,Bhadradri Kothagudem,TS
2018-03-28,0.0,38.6,24.3,6.15,0.242,Bhadradri Kothagudem,TS
2018-03-29,0.0,38.5,24.9,5.99,0.241,Bhadradri Kothagudem,TS
2018-03-30,0.3,38.2,25.3,5.9,0.242,Bhadradri Kothagudem,TS
2018-03-31,0.1,38.3,25.7,5.49,0.257,Bhadradri Kothagudem,TS
2018-04-01,0.6,36.6,24.7,5.66,0.325,Bhadradri Kothagudem,TS
2018-04-02,0.0,36.5,24.8,5.99,0.322,Bhadradri Kothagudem,TS
2018-04-03,0.5,36.8,24.5,5.39,0.312,Bhadradri Kothagudem,TS
2018-04-04,0.2,37.3,24.6,6.03,0.307,Bhadradri Kothagudem,TS
2018-04-05,1.0,37.2,23.7,5.98,0.325,Bhadradri Kothagudem,TS
2018-04-06,0.9,36.2,24.2,5.6,0.321,Bhadradri Kothagudem,TS
2018-04-07,3.6,34.8,24.7,4.82,0.327,Bhadradri Kothagudem,TS
2018-04-08,3.6,34.8,24.2,4.84,0.332,Bhadradri Kothagudem,TS
2018-04-09,0.5,35.2,24.3,5.49,0.311,Bhadradri Kothagudem,TS
2018-04-10,0.0,36.9,24.1,6.47,0.298,Bhadradri Kothagudem,TS
2018-04-11,0.0,37.8,24.6,6.47,0.283,Bhadradri Kothagudem,TS
2018-04-12,0.8,37.9,25.2,6.05,0.272,Bhadradri Kothagudem,TS
2018-04-13,0.3,38.4,25.5,6.66,0.265,Bhadradri Kothagudem,TS
2018-04-14,0.1,38.7,26.2,6.44,0.259,Bhadradri Kothagudem,TS
2018-04-15,1.0,39.2,26.8,5.95,0.255,Bhadradri Kothagudem,TS
2018-04-16,0.0,39.7,27.0,6.08,0.251,Bhadradri Kothagudem,TS
2018-04-17,0.0,40.5,27.6,7.08,0.247,Bhadradri Kothagudem,TS
2018-04-18,0.1,40.9,26.9,6.7,0.243,Bhadradri Kothagudem,TS
2018-04-19,0.5,41.1,27.3,7.07,0.244,Bhadradri Kothagudem,TS
2018-04-20,2.5,40.9,27.6,6.79,0.246,Bhadradri Kothagudem,TS
2018-04-21,0.2,39.7,28.0,5.95,0.246,Bhadradri Kothagudem,TS
2018-04-22,0.7,40.0,27.6,6.87,0.248,Bhadradri Kothagudem,TS
2018-04-23,0.0,40.0,27.1,6.35,0.245,Bhadradri Kothagudem,TS
2018-04-24,3.3,37.7,28.2,5.43,0.259,Bhadradri Kothagudem,TS
2018-04-25,0.0,39.5,26.0,6.22,0.28,Bhadradri Kothagudem,TS
2018-04-26,0.0,40.1,25.7,6.65,0.276,Bhadradri Kothagudem,TS
2018-04-27,0.4,40.2,26.8,6.73,0.27,Bhadradri Kothagudem,TS
2018-04-28,0.8,38.4,26.5,6.79,0.265,Bhadradri Kothagudem,TS
2018-04-29,2.3,39.6,26.0,6.61,0.264,Bhadradri Kothagudem,TS
2018-04-30,0.8,41.3,27.1,6.71,0.265,Bhadradri Kothagudem,TS
2018-05-01,0.8,39.9,27.9,6.47,0.27,Bhadradri Kothagudem,TS
2018-05-02,0.0,39.3,26.8,6.12,0.283,Bhadradri Kothagudem,TS
2018-05-03,0.1,35.7,27.6,5.46,0.282,Bhadradri Kothagudem,TS
2018-05-04,0.0,37.4,26.0,6.12,0.283,Bhadradri Kothagudem,TS
2018-05-05,0.0,38.9,26.6,6.45,0.275,Bhadradri Kothagudem,TS
2018-05-06,0.0,39.2,26.9,6.86,0.269,Bhadradri Kothagudem,TS
2018-05-07,0.0,40.0,26.4,6.48,0.261,Bhadradri Kothagudem,TS
2018-05-08,0.3,38.9,27.7,6.21,0.255,Bhadradri Kothagudem,TS
2018-05-09,1.1,39.8,28.4,6.09,0.255,Bhadradri Kothagudem,TS
2018-05-10,0.3,39.5,27.7,6.39,0.258,Bhadradri Kothagudem,TS
2018-05-11,0.4,40.5,27.6,6.32,0.256,Bhadradri Kothagudem,TS
2018-05-12,1.1,38.4,28.1,6.38,0.258,Bhadradri Kothagudem,TS
2018-05-13,0.7,39.4,28.1,6.22,0.257,Bhadradri Kothagudem,TS
2018-05-14,3.5,36.3,27.3,4.71,0.275,Bhadradri Kothagudem,TS
2018-05-15,0.5,38.9,26.5,6.47,0.292,Bhadradri Kothagudem,TS
2018-05-16,0.3,39.1,26.8,6.67,0.282,Bhadradri Kothagudem,TS
2018-05-17,0.2,39.5,27.0,6.99,0.271,Bhadradri Kothagudem,TS
2018-05-18,0.1,39.2,27.3,6.77,0.265,Bhadradri Kothagudem,TS
2018-05-19,2.4,40.9,28.6,7.33,0.258,Bhadradri Kothagudem,TS
2018-05-20,0.8,40.1,28.7,7.16,0.255,Bhadradri Kothagudem,TS
2018-05-21,1.4,40.0,28.1,6.24,0.256,Bhadradri Kothagudem,TS
2018-05-22,0.2,40.0,28.7,6.86,0.261,Bhadradri Kothagudem,TS
2018-05-23,0.3,39.6,28.2,5.93,0.265,Bhadradri Kothagudem,TS
2018-05-24,0.9,39.4,28.4,6.0,0.269,Bhadradri Kothagudem,TS
2018-05-25,0.2,40.1,27.8,6.85,0.26,Bhadradri Kothagudem,TS
2018-05-26,0.4,39.9,27.8,6.79,0.256,Bhadradri Kothagudem,TS
2018-05-27,0.1,40.2,27.7,6.56,0.253,Bhadradri Kothagudem,TS
2018-05-28,0.0,41.1,28.2,7.48,0.248,Bhadradri Kothagudem,TS
2018-05-29,0.0,42.1,28.0,6.91,0.245,Bhadradri Kothagudem,TS
2018-05-30,0.0,42.6,29.6,6.8,0.243,Bhadradri Kothagudem,TS
2018-05-31,0.1,42.0,29.8,6.7,0.239,Bhadradri Kothagudem,TS
2018-06-01,9.2,36.3,28.2,5.06,0.343,Bhadradri Kothagudem,TS
2018-06-02,3.7,34.9,28.6,4.42,0.376,Bhadradri Kothagudem,TS
2018-06-03,0.0,38.2,27.1,6.04,0.371,Bhadradri Kothagudem,TS
2018-06-04,0.1,39.8,28.1,6.67,0.341,Bhadradri Kothagudem,TS
2018-06-05,6.1,38.9,27.0,5.13,0.337,Bhadradri Kothagudem,TS
2018-06-06,5.9,36.3,26.8,4.75,0.404,Bhadradri Kothagudem,TS
2018-06-07,9.9,34.1,25.7,3.21,0.447,Bhadradri Kothagudem,TS
2018-06-08,1.3,34.4,26.6,4.38,0.425,Bhadradri Kothagudem,TS
2018-06-09,4.9,34.3,26.7,4.07,0.418,Bhadradri Kothagudem,TS
2018-06-10,10.3,29.8,26.0,2.22,0.468,Bhadradri Kothagudem,TS
2018-06-11,40.3,29.0,25.5,1.44,0.501,Bhadradri Kothagudem,TS
2018-06-12,12.6,31.7,25.3,2.2,0.507,Bhadradri Kothagudem,TS
2018-06-13,0.8,35.6,26.0,5.13,0.486,Bhadradri Kothagudem,TS
2018-06-14,0.0,36.0,28.6,5.0,0.458,Bhadradri Kothagudem,TS
2018-06-15,0.0,37.2,27.1,5.95,0.434,Bhadradri Kothagudem,TS
2018-06-16,0.0,36.6,28.7,6.19,0.412,Bhadradri Kothagudem,TS
2018-06-17,0.0,36.9,27.9,6.87,0.393,Bhadradri Kothagudem,TS
2018-06-18,0.2,35.3,29.0,6.39,0.374,Bhadradri Kothagudem,TS
2018-06-19,0.0,36.4,28.4,6.01,0.356,Bhadradri Kothagudem,TS
2018-06-20,0.0,37.1,28.5,6.01,0.341,Bhadradri Kothagudem,TS
2018-06-21,3.6,35.0,27.0,4.6,0.334,Bhadradri Kothagudem,TS
2018-06-22,4.4,33.0,26.0,3.0,0.391,Bhadradri Kothagudem,TS
2018-06-23,5.3,33.9,25.5,4.14,0.471,Bhadradri Kothagudem,TS
2018-06-24,0.9,34.0,25.7,4.83,0.46,Bhadradri Kothagudem,TS
2018-06-25,0.0,35.3,27.8,5.96,0.425,Bhadradri Kothagudem,TS
2018-06-26,0.4,34.2,28.4,4.87,0.398,Bhadradri Kothagudem,TS
2018-06-27,8.7,30.4,24.9,1.91,0.448,Bhadradri Kothagudem,TS
2018-06-28,33.0,27.5,24.2,1.48,0.511,Bhadradri Kothagudem,TS
2018-06-29,8.8,32.7,24.6,3.82,0.499,Bhadradri Kothagudem,TS
2018-06-30,8.1,30.0,24.6,2.46,0.506,Bhadradri Kothagudem,TS
2018-07-01,4.4,32.6,26.1,3.98,0.486,Bhadradri Kothagudem,TS
2018-07-02,8.4,34.0,26.0,4.74,0.473,Bhadradri Kothagudem,TS
2018-07-03,3.8,33.1,24.5,3.65,0.497,Bhadradri Kothagudem,TS
2018-07-04,0.6,33.5,25.6,4.46,0.474,Bhadradri Kothagudem,TS
2018-07-05,4.7,32.6,25.6,3.2,0.48,Bhadradri Kothagudem,TS
2018-07-06,5.9,32.4,24.8,2.87,0.493,Bhadradri Kothagudem,TS
2018-07-07,71.3,27.6,24.9,1.25,0.507,Bhadradri Kothagudem,TS
2018-07-08,24.3,29.5,24.8,1.81,0.512,Bhadradri Kothagudem,TS
2018-07-09,37.0,29.2,24.7,2.21,0.507,Bhadradri Kothagudem,TS
2018-07-10,11.0,27.4,24.7,1.53,0.506,Bhadradri Kothagudem,TS
2018-07-11,24.3,29.0,24.6,2.42,0.504,Bhadradri Kothagudem,TS
2018-07-12,54.9,27.1,24.4,1.32,0.511,Bhadradri Kothagudem,TS
2018-07-13,7.7,31.0,24.4,3.78,0.502,Bhadradri Kothagudem,TS
2018-07-14,9.3,29.5,24.6,3.01,0.502,Bhadradri Kothagudem,TS
2018-07-15,94.6,26.3,24.8,1.26,0.513,Bhadradri Kothagudem,TS
2018-07-16,19.8,28.2,24.6,2.06,0.509,Bhadradri Kothagudem,TS
2018-07-17,3.4,32.6,24.6,4.83,0.495,Bhadradri Kothagudem,TS
2018-07-18,0.7,33.1,26.7,5.36,0.477,Bhadradri Kothagudem,TS
2018-07-19,6.4,31.9,25.8,4.11,0.478,Bhadradri Kothagudem,TS
2018-07-20,48.7,26.1,25.0,1.32,0.509,Bhadradri Kothagudem,TS
2018-07-21,35.0,27.2,24.8,1.59,0.513,Bhadradri Kothagudem,TS
2018-07-22,0.3,30.6,25.3,3.29,0.491,Bhadradri Kothagudem,TS
2018-07-23,0.0,31.9,26.0,4.13,0.469,Bhadradri Kothagudem,TS
2018-07-24,0.7,33.3,25.6,4.87,0.455,Bhadradri Kothagudem,TS
2018-07-25,0.0,32.4,26.7,4.77,0.437,Bhadradri Kothagudem,TS
2018-07-26,0.3,32.7,26.4,5.35,0.426,Bhadradri Kothagudem,TS
2018-07-27,0.1,31.7,26.4,3.92,0.416,Bhadradri Kothagudem,TS
2018-07-28,1.7,32.4,25.9,4.62,0.415,Bhadradri Kothagudem,TS
2018-07-29,1.4,31.9,25.6,3.93,0.413,Bhadradri Kothagudem,TS
2018-07-30,0.7,33.3,25.4,4.88,0.411,Bhadradri Kothagudem,TS
2018-07-31,0.0,32.0,27.0,4.74,0.394,Bhadradri Kothagudem,TS
2018-08-01,0.7,32.9,25.9,4.73,0.383,Bhadradri Kothagudem,TS
2018-08-02,5.5,31.5,24.7,3.83,0.391,Bhadradri Kothagudem,TS
2018-08-03,2.4,31.4,25.0,3.16,0.397,Bhadradri Kothagudem,TS
2018-08-04,0.5,33.1,25.7,4.95,0.393,Bhadradri Kothagudem,TS
2018-08-05,1.2,32.5,26.5,4.65,0.385,Bhadradri Kothagudem,TS
2018-08-06,0.3,31.9,26.0,4.59,0.373,Bhadradri Kothagudem,TS
2018-08-07,19.7,28.5,24.0,1.66,0.47,Bhadradri Kothagudem,TS
2018-08-08,13.2,28.8,24.0,1.74,0.494,Bhadradri Kothagudem,TS
2018-08-09,6.5,31.1,25.3,3.93,0.47,Bhadradri Kothagudem,TS
2018-08-10,4.1,31.2,24.5,3.39,0.468,Bhadradri Kothagudem,TS
2018-08-11,83.1,26.7,24.7,1.75,0.504,Bhadradri Kothagudem,TS
2018-08-12,83.5,26.5,24.1,1.67,0.513,Bhadradri Kothagudem,TS
2018-08-13,38.8,27.5,24.0,1.77,0.512,Bhadradri Kothagudem,TS
2018-08-14,11.4,30.0,24.1,2.29,0.503,Bhadradri Kothagudem,TS
2018-08-15,33.3,26.6,25.0,1.17,0.511,Bhadradri Kothagudem,TS
2018-08-16,3.1,31.1,24.8,4.58,0.494,Bhadradri Kothagudem,TS
2018-08-17,3.3,30.8,24.7,3.62,0.484,Bhadradri Kothagudem,TS
2018-08-18,24.4,30.8,25.1,2.99,0.485,Bhadradri Kothagudem,TS
2018-08-19,59.4,26.8,24.6,1.3,0.508,Bhadradri Kothagudem,TS
2018-08-20,52.9,25.2,24.4,1.2,0.51,Bhadradri Kothagudem,TS
2018-08-21,2.4,30.8,23.9,4.01,0.496,Bhadradri Kothagudem,TS
2018-08-22,0.1,32.6,25.8,5.39,0.474,Bhadradri Kothagudem,TS
2018-08-23,1.9,31.9,26.4,4.55,0.468,Bhadradri Kothagudem,TS
2018-08-24,5.0,30.7,25.4,3.07,0.479,Bhadradri Kothagudem,TS
2018-08-25,0.2,30.9,25.1,2.88,0.475,Bhadradri Kothagudem,TS
2018-08-26,5.7,28.9,25.1,2.8,0.473,Bhadradri Kothagudem,TS
2018-08-27,7.3,28.9,24.1,2.89,0.501,Bhadradri Kothagudem,TS
2018-08-28,1.2,30.5,24.3,3.22,0.485,Bhadradri Kothagudem,TS
2018-08-29,1.3,32.2,24.4,4.28,0.481,Bhadradri Kothagudem,TS
2018-08-30,0.2,32.1,24.5,4.58,0.465,Bhadradri Kothagudem,TS
2018-08-31,4.6,31.6,24.8,3.81,0.47,Bhadradri Kothagudem,TS
2018-09-01,3.0,30.8,24.8,3.34,0.479,Bhadradri Kothagudem,TS
2018-09-02,3.4,30.9,24.1,3.32,0.467,Bhadradri Kothagudem,TS
2018-09-03,0.7,31.6,24.7,3.95,0.461,Bhadradri Kothagudem,TS
2018-09-04,0.9,32.2,25.2,4.74,0.451,Bhadradri Kothagudem,TS
2018-09-05,0.0,31.9,25.1,4.87,0.433,Bhadradri Kothagudem,TS
2018-09-06,4.0,29.2,25.5,2.44,0.438,Bhadradri Kothagudem,TS
2018-09-07,3.7,30.6,24.5,4.54,0.436,Bhadradri Kothagudem,TS
2018-09-08,0.9,32.0,23.3,4.46,0.421,Bhadradri Kothagudem,TS
2018-09-09,0.2,32.2,22.8,4.52,0.408,Bhadradri Kothagudem,TS
2018-09-10,0.4,32.5,23.7,4.24,0.394,Bhadradri Kothagudem,TS
2018-09-11,0.4,33.3,24.7,4.78,0.387,Bhadradri Kothagudem,TS
2018-09-12,2.0,33.1,24.9,4.41,0.378,Bhadradri Kothagudem,TS
2018-09-13,14.4,31.0,24.9,2.98,0.413,Bhadradri Kothagudem,TS
2018-09-14,1.0,32.7,25.1,3.55,0.366,Bhadradri Kothagudem,TS
2018-09-15,0.3,33.1,24.3,4.76,0.356,Bhadradri Kothagudem,TS
2018-09-16,0.0,33.7,24.9,4.51,0.342,Bhadradri Kothagudem,TS
2018-09-17,15.8,30.6,24.8,3.11,0.362,Bhadradri Kothagudem,TS
2018-09-18,10.3,31.9,24.3,3.2,0.463,Bhadradri Kothagudem,TS
2018-09-19,14.0,31.2,24.7,3.85,0.474,Bhadradri Kothagudem,TS
2018-09-20,10.1,29.8,24.7,1.78,0.47,Bhadradri Kothagudem,TS
2018-09-21,66.6,27.6,24.1,1.84,0.507,Bhadradri Kothagudem,TS
2018-09-22,5.2,30.5,23.6,3.36,0.49,Bhadradri Kothagudem,TS
2018-09-23,1.1,31.0,24.0,3.99,0.474,Bhadradri Kothagudem,TS
2018-09-24,0.2,31.7,23.6,4.13,0.463,Bhadradri Kothagudem,TS
2018-09-25,0.1,32.1,24.5,4.13,0.447,Bhadradri Kothagudem,TS
2018-09-26,5.6,30.9,24.3,3.63,0.473,Bhadradri Kothagudem,TS
2018-09-27,1.0,29.9,24.2,3.34,0.463,Bhadradri Kothagudem,TS
2018-09-28,4.4,30.8,24.4,3.72,0.461,Bhadradri Kothagudem,TS
2018-09-29,2.0,31.7,24.5,3.87,0.444,Bhadradri Kothagudem,TS
2018-09-30,0.8,32.5,24.8,4.46,0.431,Bhadradri Kothagudem,TS
2018-10-01,6.8,32.3,24.0,4.32,0.467,Bhadradri Kothagudem,TS
2018-10-02,0.3,32.5,24.0,4.51,0.455,Bhadradri Kothagudem,TS
2018-10-03,0.4,31.6,24.1,4.21,0.434,Bhadradri Kothagudem,TS
2018-10-04,0.0,33.0,24.3,4.7,0.418,Bhadradri Kothagudem,TS
2018-10-05,0.0,32.8,22.5,5.07,0.399,Bhadradri Kothagudem,TS
2018-10-06,0.0,32.1,22.5,4.67,0.381,Bhadradri Kothagudem,TS
2018-10-07,0.0,32.5,24.1,4.74,0.366,Bhadradri Kothagudem,TS
2018-10-08,0.0,33.2,23.8,4.61,0.352,Bhadradri Kothagudem,TS
2018-10-09,0.0,33.2,21.5,4.87,0.34,Bhadradri Kothagudem,TS
2018-10-10,0.0,33.5,22.1,5.72,0.331,Bhadradri Kothagudem,TS
2018-10-11,0.0,32.0,24.8,4.93,0.326,Bhadradri Kothagudem,TS
2018-10-12,0.0,32.0,24.5,4.17,0.323,Bhadradri Kothagudem,TS
2018-10-13,1.7,32.6,23.8,4.08,0.317,Bhadradri Kothagudem,TS
2018-10-14,5.2,31.5,24.3,3.44,0.322,Bhadradri Kothagudem,TS
2018-10-15,8.5,30.9,23.7,2.93,0.363,Bhadradri Kothagudem,TS
2018-10-16,3.5,30.9,23.4,3.54,0.347,Bhadradri Kothagudem,TS
2018-10-17,4.0,31.0,24.0,3.09,0.349,Bhadradri Kothagudem,TS
2018-10-18,0.6,31.0,23.3,3.52,0.334,Bhadradri Kothagudem,TS
2018-10-19,0.0,32.6,22.8,4.52,0.323,Bhadradri Kothagudem,TS
2018-10-20,0.0,33.1,21.5,4.84,0.311,Bhadradri Kothagudem,TS
2018-10-21,0.0,33.4,24.2,4.6,0.303,Bhadradri Kothagudem,TS
2018-10-22,0.0,34.2,23.0,4.71,0.294,Bhadradri Kothagudem,TS
2018-10-23,0.0,34.4,23.4,4.77,0.284,Bhadradri Kothagudem,TS
2018-10-24,0.0,33.8,23.9,4.22,0.277,Bhadradri Kothagudem,TS
2018-10-25,0.0,32.9,23.8,4.28,0.274,Bhadradri Kothagudem,TS
2018-10-26,0.0,33.1,22.0,5.13,0.273,Bhadradri Kothagudem,TS
2018-10-27,0.0,33.2,19.4,5.1,0.272,Bhadradri Kothagudem,TS
2018-10-28,0.0,32.7,18.3,5.15,0.27,Bhadradri Kothagudem,TS
2018-10-29,0.0,32.5,18.5,5.12,0.269,Bhadradri Kothagudem,TS
2018-10-30,0.2,32.9,21.5,4.94,0.267,Bhadradri Kothagudem,TS
2018-10-31,0.0,33.2,21.2,4.7,0.263,Bhadradri Kothagudem,TS
2018-11-01,0.5,29.8,22.5,2.43,0.262,Bhadradri Kothagudem,TS
2018-11-02,0.2,33.4,23.8,4.37,0.258,Bhadradri Kothagudem,TS
2018-11-03,0.0,32.9,24.2,4.2,0.257,Bhadradri Kothagudem,TS
2018-11-04,0.0,33.6,23.3,4.33,0.254,Bhadradri Kothagudem,TS
2018-11-05,0.1,33.1,24.0,3.69,0.25,Bhadradri Kothagudem,TS
2018-11-06,0.0,34.1,23.0,4.39,0.247,Bhadradri Kothagudem,TS
2018-11-07,0.0,34.1,23.5,4.31,0.243,Bhadradri Kothagudem,TS
2018-11-08,0.5,32.7,23.4,4.0,0.243,Bhadradri Kothagudem,TS
2018-11-09,0.0,33.5,22.7,4.26,0.242,Bhadradri Kothagudem,TS
2018-11-10,0.0,33.9,22.0,4.75,0.242,Bhadradri Kothagudem,TS
2018-11-11,0.0,32.5,19.9,4.4,0.242,Bhadradri Kothagudem,TS
2018-11-12,0.0,32.5,18.7,4.7,0.243,Bhadradri Kothagudem,TS
2018-11-13,0.0,32.3,17.1,4.58,0.244,Bhadradri Kothagudem,TS
2018-11-14,0.0,32.6,18.5,4.41,0.244,Bhadradri Kothagudem,TS
2018-11-15,0.0,33.1,20.2,4.43,0.245,Bhadradri Kothagudem,TS
2018-11-16,1.5,33.1,23.5,3.94,0.248,Bhadradri Kothagudem,TS
2018-11-17,1.1,32.9,23.7,3.29,0.252,Bhadradri Kothagudem,TS
2018-11-18,0.3,33.0,23.9,3.71,0.253,Bhadradri Kothagudem,TS
2018-11-19,0.2,33.4,24.0,4.15,0.254,Bhadradri Kothagudem,TS
2018-11-20,0.0,33.3,23.1,4.16,0.253,Bhadradri Kothagudem,TS
2018-11-21,0.0,33.4,21.7,4.78,0.251,Bhadradri Kothagudem,TS
2018-11-22,0.0,30.0,22.4,2.63,0.25,Bhadradri Kothagudem,TS
2018-11-23,0.0,31.6,20.8,3.63,0.251,Bhadradri Kothagudem,TS
2018-11-24,0.0,32.2,20.3,4.25,0.251,Bhadradri Kothagudem,TS
2018-11-25,0.0,31.0,19.1,4.07,0.248,Bhadradri Kothagudem,TS
2018-11-26,0.0,30.7,17.8,4.17,0.246,Bhadradri Kothagudem,TS
2018-11-27,0.0,30.6,17.5,4.17,0.245,Bhadradri Kothagudem,TS
2018-11-28,0.0,30.8,18.1,4.25,0.245,Bhadradri Kothagudem,TS
2018-11-29,0.0,30.7,19.1,3.97,0.245,Bhadradri Kothagudem,TS
2018-11-30,0.0,30.5,18.2,3.84,0.245,Bhadradri Kothagudem,TS
2018-12-01,0.0,29.8,19.0,3.36,0.245,Bhadradri Kothagudem,TS
2018-12-02,0.0,30.2,19.3,3.78,0.244,Bhadradri Kothagudem,TS
2018-12-03,0.0,30.6,18.7,3.83,0.245,Bhadradri Kothagudem,TS
2018-12-04,0.7,30.3,19.3,3.5,0.248,Bhadradri Kothagudem,TS
2018-12-05,0.8,28.6,22.4,2.43,0.262,Bhadradri Kothagudem,TS
2018-12-06,0.0,30.4,21.4,3.2,0.274,Bhadradri Kothagudem,TS
2018-12-07,0.0,31.8,21.5,3.51,0.271,Bhadradri Kothagudem,TS
2018-12-08,0.9,31.2,22.5,3.22,0.272,Bhadradri Kothagudem,TS
2018-12-09,0.2,30.9,22.3,3.52,0.269,Bhadradri Kothagudem,TS
2018-12-10,0.1,30.8,21.3,3.31,0.266,Bhadradri Kothagudem,TS
2018-12-11,0.1,30.3,21.9,3.13,0.264,Bhadradri Kothagudem,TS
2018-12-12,0.0,31.6,20.8,3.6,0.262,Bhadradri Kothagudem,TS
2018-12-13,0.8,31.0,20.7,3.29,0.26,Bhadradri Kothagudem,TS
2018-12-14,0.7,30.0,20.8,3.3,0.258,Bhadradri Kothagudem,TS
2018-12-15,0.0,30.5,20.2,3.87,0.264,Bhadradri Kothagudem,TS
2018-12-16,9.3,24.2,18.4,1.8,0.283,Bhadradri Kothagudem,TS
2018-12-17,31.9,20.0,17.8,0.99,0.481,Bhadradri Kothagudem,TS
2018-12-18,0.2,24.8,18.4,2.34,0.456,Bhadradri Kothagudem,TS
2018-12-19,1.0,22.9,17.9,1.65,0.439,Bhadradri Kothagudem,TS
2018-12-20,0.0,26.8,17.1,3.1,0.422,Bhadradri Kothagudem,TS
2018-12-21,0.0,27.7,17.3,3.41,0.407,Bhadradri Kothagudem,TS
2018-12-22,0.0,28.3,17.3,3.14,0.393,Bhadradri Kothagudem,TS
2018-12-23,0.0,27.9,18.2,3.14,0.38,Bhadradri Kothagudem,TS
2018-12-24,0.0,28.6,17.4,3.41,0.368,Bhadradri Kothagudem,TS
2018-12-25,0.0,28.7,17.3,3.51,0.357,Bhadradri Kothagudem,TS
2018-12-26,0.0,30.1,18.9,3.5,0.345,Bhadradri Kothagudem,TS
2018-12-27,0.5,27.7,20.0,2.43,0.338,Bhadradri Kothagudem,TS
2018-12-28,0.1,28.2,17.5,3.92,0.332,Bhadradri Kothagudem,TS
2018-12-29,0.0,26.9,13.9,3.61,0.32,Bhadradri Kothagudem,TS
2018-12-30,0.0,27.0,14.3,3.6,0.313,Bhadradri Kothagudem,TS
2018-12-31,0.0,26.6,12.3,3.57,0.306,Bhadradri Kothagudem,TS
2019-01-01,0.0,27.9,11.2,3.64,0.299,Bhadradri Kothagudem,TS
2019-01-02,0.0,29.1,12.5,3.72,0.294,Bhadradri Kothagudem,TS
2019-01-03,0.0,29.7,14.5,3.69,0.288,Bhadradri Kothagudem,TS
2019-01-04,0.0,30.4,15.9,3.84,0.286,Bhadradri Kothagudem,TS
2019-01-05,0.0,29.5,15.6,3.87,0.282,Bhadradri Kothagudem,TS
2019-01-06,0.0,30.2,16.4,3.73,0.278,Bhadradri Kothagudem,TS
2019-01-07,0.0,30.5,16.7,4.1,0.275,Bhadradri Kothagudem,TS
2019-01-08,0.0,29.8,16.1,4.24,0.272,Bhadradri Kothagudem,TS
2019-01-09,0.0,30.0,14.4,4.08,0.268,Bhadradri Kothagudem,TS
2019-01-10,0.0,30.0,14.0,3.91,0.266,Bhadradri Kothagudem,TS
2019-01-11,0.0,29.6,18.0,3.68,0.264,Bhadradri Kothagudem,TS
2019-01-12,0.0,30.4,18.0,3.96,0.262,Bhadradri Kothagudem,TS
2019-01-13,0.0,30.6,17.6,3.91,0.26,Bhadradri Kothagudem,TS
2019-01-14,0.0,30.8,17.5,3.96,0.257,Bhadradri Kothagudem,TS
2019-01-15,0.0,30.4,17.7,3.78,0.255,Bhadradri Kothagudem,TS
2019-01-16,0.0,30.4,16.9,4.04,0.252,Bhadradri Kothagudem,TS
2019-01-17,0.0,30.6,17.6,3.95,0.251,Bhadradri Kothagudem,TS
2019-01-18,0.0,30.9,17.8,3.95,0.253,Bhadradri Kothagudem,TS
2019-01-19,0.0,30.8,17.9,4.01,0.252,Bhadradri Kothagudem,TS
2019-01-20,0.0,31.5,17.7,4.19,0.251,Bhadradri Kothagudem,TS
2019-01-21,0.0,31.2,17.2,4.04,0.252,Bhadradri Kothagudem,TS
2019-01-22,0.0,30.9,17.9,4.34,0.25,Bhadradri Kothagudem,TS
2019-01-23,0.0,31.4,16.7,4.28,0.248,Bhadradri Kothagudem,TS
2019-01-24,0.0,31.6,17.4,4.3,0.246,Bhadradri Kothagudem,TS
2019-01-25,0.8,30.6,20.5,4.19,0.248,Bhadradri Kothagudem,TS
2019-01-26,0.6,30.6,19.9,3.75,0.25,Bhadradri Kothagudem,TS
2019-01-27,23.4,28.4,20.7,2.85,0.306,Bhadradri Kothagudem,TS
2019-01-28,15.3,24.5,20.0,1.63,0.456,Bhadradri Kothagudem,TS
2019-01-29,0.0,27.4,16.1,3.98,0.436,Bhadradri Kothagudem,TS
2019-01-30,0.0,27.6,14.1,4.1,0.407,Bhadradri Kothagudem,TS
2019-01-31,0.0,29.1,16.3,3.97,0.384,Bhadradri Kothagudem,TS
2019-02-01,0.0,28.9,17.7,3.77,0.367,Bhadradri Kothagudem,TS
2019-02-02,0.0,29.5,17.3,4.09,0.353,Bhadradri Kothagudem,TS
2019-02-03,0.0,30.1,18.0,3.99,0.337,Bhadradri Kothagudem,TS
2019-02-04,0.0,31.3,18.2,4.61,0.323,Bhadradri Kothagudem,TS
2019-02-05,0.0,31.7,17.8,4.32,0.311,Bhadradri Kothagudem,TS
2019-02-06,0.0,32.5,18.8,4.52,0.301,Bhadradri Kothagudem,TS
2019-02-07,0.0,32.9,20.0,5.74,0.291,Bhadradri Kothagudem,TS
2019-02-08,0.1,32.2,20.8,3.71,0.284,Bhadradri Kothagudem,TS
2019-02-09,0.0,31.7,20.8,4.38,0.28,Bhadradri Kothagudem,TS
2019-02-10,0.0,32.5,17.0,4.96,0.281,Bhadradri Kothagudem,TS
2019-02-11,0.0,32.7,19.3,4.39,0.278,Bhadradri Kothagudem,TS
2019-02-12,0.0,33.0,19.3,4.75,0.275,Bhadradri Kothagudem,TS
2019-02-13,0.0,33.3,18.3,4.72,0.272,Bhadradri Kothagudem,TS
2019-02-14,0.0,34.6,18.8,5.19,0.268,Bhadradri Kothagudem,TS
2019-02-15,0.0,34.0,20.2,5.58,0.263,Bhadradri Kothagudem,TS
2019-02-16,0.6,32.6,21.0,4.7,0.26,Bhadradri Kothagudem,TS
2019-02-17,0.4,33.0,22.5,4.09,0.261,Bhadradri Kothagudem,TS
2019-02-18,0.2,33.7,21.4,4.21,0.261,Bhadradri Kothagudem,TS
2019-02-19,0.0,35.3,22.7,4.84,0.259,Bhadradri Kothagudem,TS
2019-02-20,0.0,35.2,23.9,5.22,0.259,Bhadradri Kothagudem,TS
2019-02-21,0.0,34.9,22.2,4.99,0.256,Bhadradri Kothagudem,TS
2019-02-22,0.0,37.4,21.8,5.05,0.252,Bhadradri Kothagudem,TS
2019-02-23,0.0,38.0,22.7,5.57,0.25,Bhadradri Kothagudem,TS
2019-02-24,0.0,37.8,21.8,6.46,0.249,Bhadradri Kothagudem,TS
2019-02-25,0.0,36.0,23.0,6.14,0.249,Bhadradri Kothagudem,TS
2019-02-26,0.0,34.8,22.0,5.38,0.25,Bhadradri Kothagudem,TS
2019-02-27,0.4,33.4,23.2,4.47,0.253,Bhadradri Kothagudem,TS
2019-02-28,5.3,30.7,23.2,3.51,0.275,Bhadradri Kothagudem,TS
2019-03-01,1.8,32.6,23.2,3.79,0.295,Bhadradri Kothagudem,TS
2019-03-02,0.5,32.7,23.7,4.7,0.294,Bhadradri Kothagudem,TS
2019-03-03,0.2,33.6,23.2,4.68,0.288,Bhadradri Kothagudem,TS
2019-03-04,0.0,35.1,23.8,5.45,0.283,Bhadradri Kothagudem,TS
2019-03-05,0.3,36.1,23.7,5.33,0.283,Bhadradri Kothagudem,TS
2019-03-06,0.0,37.0,23.8,5.58,0.28,Bhadradri Kothagudem,TS
2019-03-07,0.0,35.6,22.2,4.8,0.274,Bhadradri Kothagudem,TS
2019-03-08,0.1,35.5,24.7,4.96,0.27,Bhadradri Kothagudem,TS
2019-03-09,0.0,35.0,23.9,5.16,0.266,Bhadradri Kothagudem,TS
2019-03-10,0.0,35.1,24.5,5.18,0.262,Bhadradri Kothagudem,TS
2019-03-11,0.0,37.0,23.6,5.77,0.259,Bhadradri Kothagudem,TS
2019-03-12,1.1,35.5,23.8,5.52,0.255,Bhadradri Kothagudem,TS
2019-03-13,0.0,37.1,23.7,6.14,0.254,Bhadradri Kothagudem,TS
2019-03-14,0.0,37.0,22.2,6.41,0.252,Bhadradri Kothagudem,TS
2019-03-15,0.0,38.0,25.5,7.92,0.253,Bhadradri Kothagudem,TS
2019-03-16,0.0,37.6,23.3,7.13,0.248,Bhadradri Kothagudem,TS
2019-03-17,0.0,37.5,23.0,6.76,0.245,Bhadradri Kothagudem,TS
2019-03-18,0.0,35.8,21.9,6.73,0.243,Bhadradri Kothagudem,TS
2019-03-19,0.0,35.8,22.1,5.49,0.241,Bhadradri Kothagudem,TS
2019-03-20,0.4,35.9,23.6,5.89,0.241,Bhadradri Kothagudem,TS
2019-03-21,0.0,35.7,24.2,5.85,0.244,Bhadradri Kothagudem,TS
2019-03-22,0.3,36.3,23.3,5.39,0.245,Bhadradri Kothagudem,TS
2019-03-23,0.0,37.5,24.3,5.7,0.247,Bhadradri Kothagudem,TS
2019-03-24,0.0,37.9,25.5,5.89,0.247,Bhadradri Kothagudem,TS
2019-03-25,0.0,38.0,24.3,5.89,0.248,Bhadradri Kothagudem,TS
2019-03-26,0.0,38.3,24.3,6.18,0.249,Bhadradri Kothagudem,TS
2019-03-27,0.0,38.1,24.0,5.88,0.25,Bhadradri Kothagudem,TS
2019-03-28,0.0,38.3,24.1,5.95,0.25,Bhadradri Kothagudem,TS
2019-03-29,0.0,38.0,24.5,5.93,0.25,Bhadradri Kothagudem,TS
2019-03-30,0.0,39.4,25.0,6.49,0.248,Bhadradri Kothagudem,TS
2019-03-31,0.0,39.0,25.3,6.74,0.248,Bhadradri Kothagudem,TS
2019-04-01,0.0,38.4,25.8,6.63,0.249,Bhadradri Kothagudem,TS
2019-04-02,0.0,38.0,24.7,6.23,0.248,Bhadradri Kothagudem,TS
2019-04-03,0.0,37.8,23.5,6.36,0.245,Bhadradri Kothagudem,TS
2019-04-04,0.0,37.7,23.4,6.08,0.244,Bhadradri Kothagudem,TS
2019-04-05,0.0,38.9,23.6,5.86,0.244,Bhadradri Kothagudem,TS
2019-04-06,0.0,38.6,24.5,6.59,0.243,Bhadradri Kothagudem,TS
2019-04-07,0.0,38.4,24.5,6.9,0.243,Bhadradri Kothagudem,TS
2019-04-08,0.4,37.2,25.6,5.92,0.243,Bhadradri Kothagudem,TS
2019-04-09,8.8,36.5,25.6,5.17,0.256,Bhadradri Kothagudem,TS
2019-04-10,0.0,37.9,25.5,6.04,0.242,Bhadradri Kothagudem,TS
2019-04-11,0.0,39.8,24.8,6.07,0.239,Bhadradri Kothagudem,TS
2019-04-12,0.1,39.6,25.9,6.32,0.235,Bhadradri Kothagudem,TS
2019-04-13,0.0,40.8,26.1,6.4,0.231,Bhadradri Kothagudem,TS
2019-04-14,0.0,40.4,26.2,6.78,0.23,Bhadradri Kothagudem,TS
2019-04-15,0.0,40.9,25.7,7.32,0.229,Bhadradri Kothagudem,TS
2019-04-16,0.0,39.5,25.5,7.21,0.227,Bhadradri Kothagudem,TS
2019-04-17,0.0,39.0,24.1,6.76,0.226,Bhadradri Kothagudem,TS
2019-04-18,0.0,39.5,26.5,6.88,0.226,Bhadradri Kothagudem,TS
2019-04-19,0.0,38.4,26.7,6.15,0.226,Bhadradri Kothagudem,TS
2019-04-20,0.0,36.6,27.7,5.54,0.227,Bhadradri Kothagudem,TS
2019-04-21,1.6,37.6,27.3,5.8,0.23,Bhadradri Kothagudem,TS
2019-04-22,0.0,39.2,26.4,6.25,0.233,Bhadradri Kothagudem,TS
2019-04-23,0.0,40.2,27.3,6.69,0.231,Bhadradri Kothagudem,TS
2019-04-24,0.0,40.1,26.6,6.54,0.229,Bhadradri Kothagudem,TS
2019-04-25,0.0,41.1,26.5,6.87,0.229,Bhadradri Kothagudem,TS
2019-04-26,0.0,41.5,26.9,6.74,0.227,Bhadradri Kothagudem,TS
2019-04-27,0.3,41.5,27.9,6.88,0.226,Bhadradri Kothagudem,TS
2019-04-28,0.0,41.2,27.8,7.1,0.225,Bhadradri Kothagudem,TS
2019-04-29,0.0,40.5,27.9,6.98,0.226,Bhadradri Kothagudem,TS
2019-04-30,0.0,40.8,27.5,6.53,0.226,Bhadradri Kothagudem,TS
2019-05-01,0.0,40.3,27.6,6.46,0.225,Bhadradri Kothagudem,TS
2019-05-02,1.6,39.6,29.2,4.27,0.225,Bhadradri Kothagudem,TS
2019-05-03,0.0,41.9,28.6,6.11,0.226,Bhadradri Kothagudem,TS
2019-05-04,0.0,43.2,28.1,8.02,0.228,Bhadradri Kothagudem,TS
2019-05-05,0.0,42.9,28.8,7.79,0.23,Bhadradri Kothagudem,TS
2019-05-06,0.0,42.2,28.6,6.94,0.231,Bhadradri Kothagudem,TS
2019-05-07,0.0,41.1,28.7,7.0,0.233,Bhadradri Kothagudem,TS
2019-05-08,0.0,42.1,29.1,6.62,0.231,Bhadradri Kothagudem,TS
2019-05-09,0.0,41.9,29.3,6.62,0.232,Bhadradri Kothagudem,TS
2019-05-10,0.0,42.0,29.6,7.28,0.236,Bhadradri Kothagudem,TS
2019-05-11,1.2,40.7,29.4,6.05,0.237,Bhadradri Kothagudem,TS
2019-05-12,3.1,40.8,28.0,5.94,0.236,Bhadradri Kothagudem,TS
2019-05-13,15.6,40.2,28.1,5.84,0.247,Bhadradri Kothagudem,TS
2019-05-14,1.1,38.6,28.6,5.62,0.23,Bhadradri Kothagudem,TS
2019-05-15,0.0,40.3,28.4,6.86,0.227,Bhadradri Kothagudem,TS
2019-05-16,0.0,40.9,28.4,6.88,0.225,Bhadradri Kothagudem,TS
2019-05-17,1.8,40.0,28.4,6.63,0.228,Bhadradri Kothagudem,TS
2019-05-18,0.0,41.6,28.8,6.77,0.227,Bhadradri Kothagudem,TS
2019-05-19,0.0,41.3,28.8,7.01,0.228,Bhadradri Kothagudem,TS
2019-05-20,0.0,41.8,28.9,7.3,0.227,Bhadradri Kothagudem,TS
2019-05-21,0.0,41.4,28.0,7.22,0.226,Bhadradri Kothagudem,TS
2019-05-22,0.0,41.5,27.6,7.14,0.225,Bhadradri Kothagudem,TS
2019-05-23,0.1,40.1,28.2,6.8,0.225,Bhadradri Kothagudem,TS
2019-05-24,0.0,41.2,27.9,6.96,0.224,Bhadradri Kothagudem,TS
2019-05-25,0.0,42.8,28.8,7.18,0.223,Bhadradri Kothagudem,TS
2019-05-26,0.0,43.3,29.6,7.37,0.223,Bhadradri Kothagudem,TS
2019-05-27,0.0,42.3,30.3,7.65,0.223,Bhadradri Kothagudem,TS
2019-05-28,0.0,42.6,29.3,7.21,0.225,Bhadradri Kothagudem,TS
2019-05-29,0.0,41.8,29.0,7.24,0.232,Bhadradri Kothagudem,TS
2019-05-30,0.0,40.6,29.1,6.22,0.235,Bhadradri Kothagudem,TS
2019-05-31,0.0,40.7,29.2,6.85,0.236,Bhadradri Kothagudem,TS
2019-06-01,0.2,41.1,28.5,6.11,0.237,Bhadradri Kothagudem,TS
2019-06-02,5.6,41.6,29.2,6.53,0.24,Bhadradri Kothagudem,TS
2019-06-03,3.8,41.2,29.7,5.56,0.259,Bhadradri Kothagudem,TS
2019-06-04,0.1,39.1,28.0,6.24,0.293,Bhadradri Kothagudem,TS
2019-06-05,0.0,40.9,29.0,7.11,0.284,Bhadradri Kothagudem,TS
2019-06-06,0.4,40.9,29.6,6.27,0.284,Bhadradri Kothagudem,TS
2019-06-07,5.8,39.9,27.3,5.8,0.313,Bhadradri Kothagudem,TS
2019-06-08,0.0,39.9,28.6,5.8,0.329,Bhadradri Kothagudem,TS
2019-06-09,3.7,39.3,29.2,5.77,0.313,Bhadradri Kothagudem,TS
2019-06-10,2.0,41.7,28.5,7.24,0.303,Bhadradri Kothagudem,TS
2019-06-11,0.0,40.6,28.2,7.32,0.292,Bhadradri Kothagudem,TS
2019-06-12,0.0,40.3,29.9,7.87,0.277,Bhadradri Kothagudem,TS
2019-06-13,0.0,40.0,31.5,8.21,0.265,Bhadradri Kothagudem,TS
2019-06-14,0.0,39.7,30.7,7.78,0.258,Bhadradri Kothagudem,TS
2019-06-15,0.0,41.6,32.5,8.83,0.254,Bhadradri Kothagudem,TS
2019-06-16,0.0,39.7,32.1,7.5,0.255,Bhadradri Kothagudem,TS
2019-06-17,4.9,35.1,27.2,3.68,0.271,Bhadradri Kothagudem,TS
2019-06-18,2.4,37.8,26.5,4.74,0.307,Bhadradri Kothagudem,TS
2019-06-19,0.0,40.2,29.2,6.94,0.285,Bhadradri Kothagudem,TS
2019-06-20,1.5,38.1,28.4,5.64,0.279,Bhadradri Kothagudem,TS
2019-06-21,21.3,32.7,26.2,2.8,0.444,Bhadradri Kothagudem,TS
2019-06-22,5.4,30.9,26.8,2.14,0.436,Bhadradri Kothagudem,TS
2019-06-23,2.6,33.0,26.1,3.25,0.432,Bhadradri Kothagudem,TS
2019-06-24,2.5,34.3,25.9,5.0,0.409,Bhadradri Kothagudem,TS
2019-06-25,1.1,34.6,26.4,5.2,0.375,Bhadradri Kothagudem,TS
2019-06-26,14.0,35.3,25.9,4.71,0.365,Bhadradri Kothagudem,TS
2019-06-27,0.0,36.4,27.7,5.01,0.346,Bhadradri Kothagudem,TS
2019-06-28,6.9,36.9,27.3,5.71,0.327,Bhadradri Kothagudem,TS
2019-06-29,6.7,30.6,26.9,2.8,0.365,Bhadradri Kothagudem,TS
2019-06-30,22.0,32.7,24.7,4.57,0.409,Bhadradri Kothagudem,TS
2019-07-01,21.1,29.4,24.6,2.29,0.494,Bhadradri Kothagudem,TS
2019-07-02,8.2,31.3,25.3,3.18,0.483,Bhadradri Kothagudem,TS
2019-07-03,5.9,31.4,25.3,4.41,0.475,Bhadradri Kothagudem,TS
2019-07-04,0.1,33.7,27.2,5.69,0.438,Bhadradri Kothagudem,TS
2019-07-05,7.1,31.2,26.3,2.72,0.46,Bhadradri Kothagudem,TS
2019-07-06,2.9,31.7,25.4,3.13,0.472,Bhadradri Kothagudem,TS
2019-07-07,0.2,33.6,27.1,5.16,0.438,Bhadradri Kothagudem,TS
2019-07-08,0.2,34.4,27.6,5.84,0.411,Bhadradri Kothagudem,TS
2019-07-09,0.4,34.8,28.0,5.74,0.398,Bhadradri Kothagudem,TS
2019-07-10,1.2,34.8,26.0,5.72,0.396,Bhadradri Kothagudem,TS
2019-07-11,0.8,34.2,27.1,5.04,0.393,Bhadradri Kothagudem,TS
2019-07-12,1.0,33.4,25.6,4.92,0.382,Bhadradri Kothagudem,TS
2019-07-13,0.1,33.9,27.3,4.57,0.363,Bhadradri Kothagudem,TS
2019-07-14,2.2,33.6,25.5,4.45,0.352,Bhadradri Kothagudem,TS
2019-07-15,3.6,34.0,25.8,4.81,0.354,Bhadradri Kothagudem,TS
2019-07-16,2.4,35.4,26.5,5.02,0.361,Bhadradri Kothagudem,TS
2019-07-17,0.0,36.9,27.9,5.88,0.333,Bhadradri Kothagudem,TS
2019-07-18,4.6,34.7,27.2,4.07,0.336,Bhadradri Kothagudem,TS
2019-07-19,15.8,30.4,25.4,2.81,0.436,Bhadradri Kothagudem,TS
2019-07-20,19.6,33.0,25.0,4.22,0.477,Bhadradri Kothagudem,TS
2019-07-21,3.3,33.6,25.8,4.75,0.461,Bhadradri Kothagudem,TS
2019-07-22,1.6,33.0,25.9,4.66,0.43,Bhadradri Kothagudem,TS
2019-07-23,0.5,33.8,26.3,4.44,0.413,Bhadradri Kothagudem,TS
2019-07-24,0.0,34.9,26.4,5.12,0.392,Bhadradri Kothagudem,TS
2019-07-25,9.8,33.0,25.9,3.75,0.389,Bhadradri Kothagudem,TS
2019-07-26,43.2,26.9,24.7,1.37,0.516,Bhadradri Kothagudem,TS
2019-07-27,15.6,28.6,24.6,1.87,0.509,Bhadradri Kothagudem,TS
2019-07-28,29.7,26.5,24.3,1.46,0.513,Bhadradri Kothagudem,TS
2019-07-29,9.7,26.9,24.7,1.55,0.509,Bhadradri Kothagudem,TS
2019-07-30,2.8,30.7,24.4,3.95,0.496,Bhadradri Kothagudem,TS
2019-07-31,0.4,32.4,25.6,4.95,0.471,Bhadradri Kothagudem,TS
2019-08-01,9.0,31.0,25.6,2.83,0.487,Bhadradri Kothagudem,TS
2019-08-02,41.2,25.5,24.4,1.36,0.513,Bhadradri Kothagudem,TS
2019-08-03,5.3,27.6,24.1,2.24,0.505,Bhadradri Kothagudem,TS
2019-08-04,4.3,30.5,23.9,4.29,0.486,Bhadradri Kothagudem,TS
2019-08-05,2.1,31.7,25.0,4.53,0.485,Bhadradri Kothagudem,TS
2019-08-06,40.3,26.9,24.8,1.67,0.505,Bhadradri Kothagudem,TS
2019-08-07,46.5,26.5,24.6,1.5,0.511,Bhadradri Kothagudem,TS
2019-08-08,8.7,31.6,24.4,3.8,0.503,Bhadradri Kothagudem,TS
2019-08-09,1.0,32.3,25.3,5.03,0.482,Bhadradri Kothagudem,TS
2019-08-10,0.5,32.6,25.9,5.28,0.457,Bhadradri Kothagudem,TS
2019-08-11,0.0,33.0,26.8,5.28,0.438,Bhadradri Kothagudem,TS
2019-08-12,2.7,31.4,26.7,3.47,0.439,Bhadradri Kothagudem,TS
2019-08-13,8.6,30.3,25.6,2.48,0.48,Bhadradri Kothagudem,TS
2019-08-14,8.0,32.3,25.4,3.72,0.474,Bhadradri Kothagudem,TS
2019-08-15,5.4,32.8,25.2,4.25,0.457,Bhadradri Kothagudem,TS
2019-08-16,5.1,31.4,25.7,3.74,0.44,Bhadradri Kothagudem,TS
2019-08-17,12.1,30.2,25.6,3.04,0.464,Bhadradri Kothagudem,TS
2019-08-18,9.8,30.7,24.9,2.66,0.475,Bhadradri Kothagudem,TS
2019-08-19,3.6,32.3,25.2,4.03,0.466,Bhadradri Kothagudem,TS
2019-08-20,16.9,30.7,25.9,3.09,0.484,Bhadradri Kothagudem,TS
2019-08-21,13.0,31.0,25.8,2.73,0.491,Bhadradri Kothagudem,TS
2019-08-22,2.7,31.5,25.0,4.01,0.492,Bhadradri Kothagudem,TS
2019-08-23,3.8,28.5,24.8,2.05,0.496,Bhadradri Kothagudem,TS
2019-08-24,26.0,30.6,24.5,2.95,0.496,Bhadradri Kothagudem,TS
2019-08-25,0.8,32.0,25.4,4.11,0.485,Bhadradri Kothagudem,TS
2019-08-26,0.2,31.9,24.3,3.72,0.466,Bhadradri Kothagudem,TS
2019-08-27,0.0,33.6,24.5,5.71,0.445,Bhadradri Kothagudem,TS
2019-08-28,0.6,33.0,25.3,5.05,0.423,Bhadradri Kothagudem,TS
2019-08-29,0.9,33.4,26.1,4.6,0.41,Bhadradri Kothagudem,TS
2019-08-30,14.6,32.7,25.8,3.76,0.44,Bhadradri Kothagudem,TS
2019-08-31,35.0,29.0,24.5,2.31,0.495,Bhadradri Kothagudem,TS
2019-09-01,17.0,29.0,24.9,2.11,0.504,Bhadradri Kothagudem,TS
2019-09-02,26.2,27.7,24.5,2.29,0.504,Bhadradri Kothagudem,TS
2019-09-03,36.2,27.1,24.5,1.51,0.513,Bhadradri Kothagudem,TS
2019-09-04,5.4,29.3,24.5,2.94,0.5,Bhadradri Kothagudem,TS
2019-09-05,3.3,31.2,25.0,3.7,0.492,Bhadradri Kothagudem,TS
2019-09-06,11.6,27.7,24.9,1.62,0.508,Bhadradri Kothagudem,TS
2019-09-07,7.6,28.4,24.8,2.2,0.502,Bhadradri Kothagudem,TS
2019-09-08,2.6,31.0,25.3,4.31,0.489,Bhadradri Kothagudem,TS
2019-09-09,0.1,32.8,26.0,4.97,0.47,Bhadradri Kothagudem,TS
2019-09-10,0.0,31.8,26.9,4.12,0.446,Bhadradri Kothagudem,TS
2019-09-11,4.0,32.4,25.5,3.68,0.475,Bhadradri Kothagudem,TS
2019-09-12,1.2,31.0,25.5,3.05,0.472,Bhadradri Kothagudem,TS
2019-09-13,0.9,31.3,25.2,3.75,0.46,Bhadradri Kothagudem,TS
2019-09-14,2.5,32.3,25.5,4.33,0.452,Bhadradri Kothagudem,TS
2019-09-15,13.4,32.4,24.6,4.21,0.466,Bhadradri Kothagudem,TS
2019-09-16,4.5,31.8,25.5,3.81,0.478,Bhadradri Kothagudem,TS
2019-09-17,27.0,29.9,24.8,3.06,0.498,Bhadradri Kothagudem,TS
2019-09-18,17.1,30.6,23.9,2.89,0.5,Bhadradri Kothagudem,TS
2019-09-19,10.3,29.7,24.2,3.22,0.503,Bhadradri Kothagudem,TS
2019-09-20,9.8,30.7,24.3,3.38,0.503,Bhadradri Kothagudem,TS
2019-09-21,7.9,30.5,24.3,3.33,0.505,Bhadradri Kothagudem,TS
2019-09-22,0.5,32.7,24.1,4.87,0.477,Bhadradri Kothagudem,TS
2019-09-23,32.9,31.0,24.7,3.27,0.48,Bhadradri Kothagudem,TS
2019-09-24,31.2,29.7,24.0,2.4,0.507,Bhadradri Kothagudem,TS
2019-09-25,13.7,27.4,24.3,2.04,0.505,Bhadradri Kothagudem,TS
2019-09-26,1.7,29.2,24.8,2.76,0.495,Bhadradri Kothagudem,TS
2019-09-27,5.2,30.8,24.3,3.31,0.496,Bhadradri Kothagudem,TS
2019-09-28,0.9,31.2,23.9,4.0,0.471,Bhadradri Kothagudem,TS
2019-09-29,1.4,31.7,24.6,3.91,0.444,Bhadradri Kothagudem,TS
2019-09-30,3.6,31.3,24.5,3.97,0.434,Bhadradri Kothagudem,TS
2019-10-01,8.4,31.1,24.4,3.52,0.453,Bhadradri Kothagudem,TS
2019-10-02,6.6,30.8,24.6,2.93,0.473,Bhadradri Kothagudem,TS
2019-10-03,6.0,29.5,24.7,2.81,0.474,Bhadradri Kothagudem,TS
2019-10-04,3.4,30.9,23.9,3.21,0.465,Bhadradri Kothagudem,TS
2019-10-05,1.2,31.6,23.8,3.78,0.434,Bhadradri Kothagudem,TS
2019-10-06,8.8,29.9,24.0,2.77,0.455,Bhadradri Kothagudem,TS
2019-10-07,2.1,31.4,23.4,3.38,0.447,Bhadradri Kothagudem,TS
2019-10-08,8.5,29.2,23.5,2.52,0.469,Bhadradri Kothagudem,TS
2019-10-09,8.8,29.6,23.8,3.02,0.482,Bhadradri Kothagudem,TS
2019-10-10,13.2,29.2,23.6,2.66,0.492,Bhadradri Kothagudem,TS
2019-10-11,5.5,30.6,23.4,3.25,0.489,Bhadradri Kothagudem,TS
2019-10-12,10.5,30.8,23.2,3.18,0.492,Bhadradri Kothagudem,TS
2019-10-13,2.2,29.5,23.7,2.95,0.472,Bhadradri Kothagudem,TS
2019-10-14,4.6,29.3,23.9,3.09,0.461,Bhadradri Kothagudem,TS
2019-10-15,1.8,31.0,23.8,3.83,0.437,Bhadradri Kothagudem,TS
2019-10-16,6.3,29.7,24.1,2.59,0.434,Bhadradri Kothagudem,TS
2019-10-17,7.8,29.8,23.8,3.26,0.438,Bhadradri Kothagudem,TS
2019-10-18,3.5,31.1,22.6,3.69,0.451,Bhadradri Kothagudem,TS
2019-10-19,3.8,30.5,23.2,3.23,0.452,Bhadradri Kothagudem,TS
2019-10-20,5.9,30.3,23.4,3.17,0.448,Bhadradri Kothagudem,TS
2019-10-21,2.4,29.6,23.0,2.96,0.45,Bhadradri Kothagudem,TS
2019-10-22,8.3,26.7,23.3,1.22,0.447,Bhadradri Kothagudem,TS
2019-10-23,43.9,25.7,23.1,0.8,0.509,Bhadradri Kothagudem,TS
2019-10-24,14.7,29.5,24.2,2.48,0.503,Bhadradri Kothagudem,TS
2019-10-25,8.2,30.0,23.6,2.68,0.499,Bhadradri Kothagudem,TS
2019-10-26,10.9,28.8,23.2,2.74,0.487,Bhadradri Kothagudem,TS
2019-10-27,13.0,30.9,22.8,3.54,0.469,Bhadradri Kothagudem,TS
2019-10-28,2.4,30.7,23.7,3.73,0.469,Bhadradri Kothagudem,TS
2019-10-29,8.3,30.2,23.9,3.25,0.478,Bhadradri Kothagudem,TS
2019-10-30,1.3,30.7,23.5,3.27,0.478,Bhadradri Kothagudem,TS
2019-10-31,8.4,30.1,23.8,2.63,0.473,Bhadradri Kothagudem,TS
2019-11-01,2.3,30.4,23.1,3.27,0.458,Bhadradri Kothagudem,TS
2019-11-02,11.5,30.4,23.4,3.24,0.473,Bhadradri Kothagudem,TS
2019-11-03,0.4,30.9,23.3,3.5,0.436,Bhadradri Kothagudem,TS
2019-11-04,0.0,31.5,22.7,4.07,0.412,Bhadradri Kothagudem,TS
2019-11-05,0.0,31.8,22.3,4.17,0.398,Bhadradri Kothagudem,TS
2019-11-06,0.1,30.8,22.9,3.79,0.391,Bhadradri Kothagudem,TS
2019-11-07,0.0,30.7,22.3,3.93,0.383,Bhadradri Kothagudem,TS
2019-11-08,0.0,30.5,20.2,4.11,0.378,Bhadradri Kothagudem,TS
2019-11-09,0.0,30.7,20.4,4.37,0.372,Bhadradri Kothagudem,TS
2019-11-10,0.0,30.7,19.6,4.04,0.363,Bhadradri Kothagudem,TS
2019-11-11,0.1,30.8,22.3,3.92,0.351,Bhadradri Kothagudem,TS
2019-11-12,0.1,30.8,22.4,3.93,0.339,Bhadradri Kothagudem,TS
2019-11-13,0.0,30.1,21.4,4.13,0.333,Bhadradri Kothagudem,TS
2019-11-14,0.0,29.9,20.6,4.13,0.325,Bhadradri Kothagudem,TS
2019-11-15,0.0,30.7,21.0,3.93,0.325,Bhadradri Kothagudem,TS
2019-11-16,0.0,30.8,20.9,3.86,0.324,Bhadradri Kothagudem,TS
2019-11-17,0.0,31.5,21.3,4.02,0.322,Bhadradri Kothagudem,TS
2019-11-18,0.0,31.5,22.3,3.97,0.316,Bhadradri Kothagudem,TS
2019-11-19,0.0,30.8,21.9,3.85,0.307,Bhadradri Kothagudem,TS
2019-11-20,0.0,30.7,21.7,3.83,0.298,Bhadradri Kothagudem,TS
2019-11-21,0.0,30.8,22.0,3.68,0.291,Bhadradri Kothagudem,TS
2019-11-22,0.0,30.1,20.3,3.77,0.29,Bhadradri Kothagudem,TS
2019-11-23,0.0,30.1,20.1,3.91,0.291,Bhadradri Kothagudem,TS
2019-11-24,0.0,30.0,19.5,3.73,0.289,Bhadradri Kothagudem,TS
2019-11-25,0.0,31.1,20.5,3.84,0.291,Bhadradri Kothagudem,TS
2019-11-26,0.0,30.3,20.2,3.9,0.288,Bhadradri Kothagudem,TS
2019-11-27,0.0,29.6,19.6,3.9,0.285,Bhadradri Kothagudem,TS
2019-11-28,0.0,30.3,20.8,3.79,0.288,Bhadradri Kothagudem,TS
2019-11-29,0.0,30.7,21.1,3.84,0.285,Bhadradri Kothagudem,TS
2019-11-30,0.1,30.8,20.4,3.7,0.279,Bhadradri Kothagudem,TS
2019-12-01,0.6,30.7,21.1,3.22,0.279,Bhadradri Kothagudem,TS
2019-12-02,2.7,26.1,23.0,1.23,0.295,Bhadradri Kothagudem,TS
2019-12-03,0.1,28.9,22.1,2.25,0.312,Bhadradri Kothagudem,TS
2019-12-04,0.0,30.1,20.0,3.78,0.307,Bhadradri Kothagudem,TS
2019-12-05,0.0,28.9,19.7,3.77,0.301,Bhadradri Kothagudem,TS
2019-12-06,0.0,28.5,19.4,3.74,0.296,Bhadradri Kothagudem,TS
2019-12-07,0.0,29.1,17.2,3.71,0.291,Bhadradri Kothagudem,TS
2019-12-08,0.0,29.5,18.8,3.58,0.285,Bhadradri Kothagudem,TS
2019-12-09,0.0,29.8,20.2,3.53,0.279,Bhadradri Kothagudem,TS
2019-12-10,0.1,29.1,19.3,3.51,0.275,Bhadradri Kothagudem,TS
2019-12-11,0.0,29.0,18.9,3.52,0.272,Bhadradri Kothagudem,TS
2019-12-12,0.2,29.2,19.7,3.27,0.268,Bhadradri Kothagudem,TS
2019-12-13,0.0,30.4,19.8,3.67,0.264,Bhadradri Kothagudem,TS
2019-12-14,0.1,30.5,20.8,3.67,0.261,Bhadradri Kothagudem,TS
2019-12-15,0.0,30.7,19.9,3.75,0.256,Bhadradri Kothagudem,TS
2019-12-16,0.0,31.0,20.2,3.97,0.253,Bhadradri Kothagudem,TS
2019-12-17,0.0,30.1,18.8,3.67,0.253,Bhadradri Kothagudem,TS
2019-12-18,0.0,29.0,20.1,3.02,0.253,Bhadradri Kothagudem,TS
2019-12-19,0.0,28.7,20.0,2.72,0.255,Bhadradri Kothagudem,TS
2019-12-20,0.0,30.0,19.9,3.55,0.254,Bhadradri Kothagudem,TS
2019-12-21,0.0,29.9,19.8,3.36,0.251,Bhadradri Kothagudem,TS
2019-12-22,0.0,29.8,19.5,3.71,0.253,Bhadradri Kothagudem,TS
2019-12-23,0.0,28.6,18.6,2.56,0.253,Bhadradri Kothagudem,TS
2019-12-24,0.0,30.3,18.6,3.0,0.257,Bhadradri Kothagudem,TS
2019-12-25,0.0,30.6,18.8,3.86,0.26,Bhadradri Kothagudem,TS
2019-12-26,0.0,29.6,20.3,3.05,0.26,Bhadradri Kothagudem,TS
2019-12-27,1.4,28.6,21.3,2.92,0.26,Bhadradri Kothagudem,TS
2019-12-28,0.0,28.4,21.0,3.48,0.262,Bhadradri Kothagudem,TS
2019-12-29,0.0,27.9,18.1,3.46,0.261,Bhadradri Kothagudem,TS
2019-12-30,0.0,29.6,17.1,3.6,0.265,Bhadradri Kothagudem,TS
2019-12-31,0.0,29.7,18.8,4.28,0.263,Bhadradri Kothagudem,TS
2020-01-01,0.0,30.4,20.1,4.01,0.258,Bhadradri Kothagudem,TS
2020-01-02,0.2,30.3,21.1,3.45,0.244,Bhadradri Kothagudem,TS
2020-01-03,4.2,29.5,21.0,2.64,0.246,Bhadradri Kothagudem,TS
2020-01-04,1.3,28.2,20.3,2.57,0.308,Bhadradri Kothagudem,TS
2020-01-05,0.0,29.8,20.0,3.21,0.313,Bhadradri Kothagudem,TS
2020-01-06,0.0,29.8,20.8,3.31,0.304,Bhadradri Kothagudem,TS
2020-01-07,0.0,29.4,21.2,2.81,0.296,Bhadradri Kothagudem,TS
2020-01-08,0.0,30.8,20.2,3.91,0.287,Bhadradri Kothagudem,TS
2020-01-09,0.0,30.2,19.6,2.96,0.282,Bhadradri Kothagudem,TS
2020-01-10,0.5,29.0,21.0,2.84,0.275,Bhadradri Kothagudem,TS
2020-01-11,0.1,30.4,19.6,3.84,0.271,Bhadradri Kothagudem,TS
2020-01-12,0.0,30.2,17.5,4.01,0.265,Bhadradri Kothagudem,TS
2020-01-13,0.0,30.5,17.2,3.98,0.26,Bhadradri Kothagudem,TS
2020-01-14,0.0,31.1,17.6,4.06,0.256,Bhadradri Kothagudem,TS
2020-01-15,0.0,30.3,18.1,4.41,0.252,Bhadradri Kothagudem,TS
2020-01-16,0.0,29.6,18.2,3.89,0.251,Bhadradri Kothagudem,TS
2020-01-17,0.0,31.3,20.0,4.27,0.253,Bhadradri Kothagudem,TS
2020-01-18,0.0,32.0,20.2,4.1,0.253,Bhadradri Kothagudem,TS
2020-01-19,0.0,30.2,20.6,2.55,0.252,Bhadradri Kothagudem,TS
2020-01-20,0.1,31.6,19.7,3.49,0.247,Bhadradri Kothagudem,TS
2020-01-21,0.0,32.1,20.9,4.35,0.246,Bhadradri Kothagudem,TS
2020-01-22,0.0,32.6,20.8,3.92,0.247,Bhadradri Kothagudem,TS
2020-01-23,0.0,31.9,20.4,3.86,0.25,Bhadradri Kothagudem,TS
2020-01-24,0.0,32.7,20.1,4.3,0.246,Bhadradri Kothagudem,TS
2020-01-25,0.0,32.3,20.8,4.04,0.243,Bhadradri Kothagudem,TS
2020-01-26,0.0,33.0,20.7,4.17,0.247,Bhadradri Kothagudem,TS
2020-01-27,0.0,33.6,19.8,4.22,0.248,Bhadradri Kothagudem,TS
2020-01-28,0.0,33.4,22.4,5.12,0.246,Bhadradri Kothagudem,TS
2020-01-29,0.4,32.4,22.2,3.78,0.252,Bhadradri Kothagudem,TS
2020-01-30,0.3,32.0,22.1,3.66,0.256,Bhadradri Kothagudem,TS
2020-01-31,0.0,33.1,20.8,4.46,0.26,Bhadradri Kothagudem,TS
2020-02-01,0.3,30.8,22.7,3.64,0.262,Bhadradri Kothagudem,TS
2020-02-02,0.3,32.2,21.2,4.09,0.263,Bhadradri Kothagudem,TS
2020-02-03,0.0,33.2,22.0,4.36,0.261,Bhadradri Kothagudem,TS
2020-02-04,0.0,31.7,22.5,4.33,0.26,Bhadradri Kothagudem,TS
2020-02-05,0.0,32.6,21.8,4.07,0.263,Bhadradri Kothagudem,TS
2020-02-06,0.0,33.9,20.2,5.21,0.263,Bhadradri Kothagudem,TS
2020-02-07,0.0,32.9,22.5,4.72,0.26,Bhadradri Kothagudem,TS
2020-02-08,0.3,30.7,22.0,3.58,0.263,Bhadradri Kothagudem,TS
2020-02-09,4.5,29.3,20.9,2.97,0.281,Bhadradri Kothagudem,TS
2020-02-10,2.6,29.5,20.2,3.63,0.31,Bhadradri Kothagudem,TS
2020-02-11,0.8,31.0,21.0,3.62,0.312,Bhadradri Kothagudem,TS
2020-02-12,0.3,32.0,21.1,3.8,0.3,Bhadradri Kothagudem,TS
2020-02-13,0.0,33.7,20.2,5.09,0.29,Bhadradri Kothagudem,TS
2020-02-14,0.0,35.1,17.9,5.18,0.283,Bhadradri Kothagudem,TS
2020-02-15,0.0,35.3,17.7,5.04,0.274,Bhadradri Kothagudem,TS
2020-02-16,0.0,35.3,20.2,5.14,0.269,Bhadradri Kothagudem,TS
2020-02-17,0.0,35.0,20.0,4.92,0.265,Bhadradri Kothagudem,TS
2020-02-18,0.0,35.0,20.1,4.87,0.261,Bhadradri Kothagudem,TS
2020-02-19,0.0,34.2,21.6,4.96,0.257,Bhadradri Kothagudem,TS
2020-02-20,0.0,34.4,21.8,5.53,0.255,Bhadradri Kothagudem,TS
2020-02-21,0.0,34.2,21.5,5.76,0.254,Bhadradri Kothagudem,TS
2020-02-22,0.0,34.9,20.2,5.59,0.251,Bhadradri Kothagudem,TS
2020-02-23,0.0,35.0,20.3,5.7,0.25,Bhadradri Kothagudem,TS
2020-02-24,0.0,35.0,21.8,5.71,0.251,Bhadradri Kothagudem,TS
2020-02-25,0.6,32.0,23.0,3.93,0.253,Bhadradri Kothagudem,TS
2020-02-26,0.4,32.5,21.4,3.62,0.253,Bhadradri Kothagudem,TS
2020-02-27,0.1,34.7,21.8,5.65,0.251,Bhadradri Kothagudem,TS
2020-02-28,0.0,34.2,21.8,4.91,0.249,Bhadradri Kothagudem,TS
2020-02-29,0.0,33.9,21.8,5.15,0.247,Bhadradri Kothagudem,TS
2020-03-01,0.0,34.3,22.0,4.96,0.247,Bhadradri Kothagudem,TS
2020-03-02,0.0,33.1,22.4,4.04,0.248,Bhadradri Kothagudem,TS
2020-03-03,0.0,35.4,22.2,5.19,0.243,Bhadradri Kothagudem,TS
2020-03-04,0.0,35.2,23.5,5.51,0.245,Bhadradri Kothagudem,TS
2020-03-05,0.3,34.1,23.2,5.07,0.246,Bhadradri Kothagudem,TS
2020-03-06,4.3,31.0,23.5,4.36,0.256,Bhadradri Kothagudem,TS
2020-03-07,1.1,31.2,23.3,3.9,0.336,Bhadradri Kothagudem,TS
2020-03-08,0.1,33.8,23.6,4.76,0.339,Bhadradri Kothagudem,TS
2020-03-09,0.1,33.2,23.8,4.06,0.323,Bhadradri Kothagudem,TS
2020-03-10,0.0,35.8,23.7,6.33,0.313,Bhadradri Kothagudem,TS
2020-03-11,0.0,35.7,22.6,5.98,0.299,Bhadradri Kothagudem,TS
2020-03-12,0.0,35.9,22.5,5.62,0.289,Bhadradri Kothagudem,TS
2020-03-13,0.0,36.9,22.4,6.42,0.278,Bhadradri Kothagudem,TS
2020-03-14,0.0,37.8,21.9,6.2,0.269,Bhadradri Kothagudem,TS
2020-03-15,0.0,37.1,22.5,6.12,0.263,Bhadradri Kothagudem,TS
2020-03-16,0.0,37.5,23.2,6.08,0.257,Bhadradri Kothagudem,TS
2020-03-17,0.0,37.9,23.5,6.22,0.251,Bhadradri Kothagudem,TS
2020-03-18,0.0,38.2,23.2,6.06,0.246,Bhadradri Kothagudem,TS
2020-03-19,2.2,36.7,24.7,5.48,0.255,Bhadradri Kothagudem,TS
2020-03-20,0.1,36.9,25.2,6.13,0.245,Bhadradri Kothagudem,TS
2020-03-21,0.6,36.4,24.2,5.42,0.242,Bhadradri Kothagudem,TS
2020-03-22,0.5,35.4,24.3,5.12,0.248,Bhadradri Kothagudem,TS
2020-03-23,0.0,35.7,24.2,5.48,0.255,Bhadradri Kothagudem,TS
2020-03-24,0.0,37.7,23.8,6.06,0.253,Bhadradri Kothagudem,TS
2020-03-25,0.2,37.5,24.7,5.92,0.251,Bhadradri Kothagudem,TS
2020-03-26,0.0,38.0,24.1,6.07,0.248,Bhadradri Kothagudem,TS
2020-03-27,0.0,39.0,25.0,6.66,0.248,Bhadradri Kothagudem,TS
2020-03-28,0.0,39.4,24.8,6.23,0.247,Bhadradri Kothagudem,TS
2020-03-29,0.0,40.0,25.7,6.37,0.247,Bhadradri Kothagudem,TS
2020-03-30,0.0,40.5,26.6,6.36,0.247,Bhadradri Kothagudem,TS
2020-03-31,0.0,40.2,26.1,6.26,0.245,Bhadradri Kothagudem,TS
2020-04-01,0.0,40.1,26.6,6.33,0.246,Bhadradri Kothagudem,TS
2020-04-02,0.0,39.9,26.2,6.61,0.245,Bhadradri Kothagudem,TS
2020-04-03,0.0,39.3,26.6,6.37,0.244,Bhadradri Kothagudem,TS
2020-04-04,0.0,39.4,25.5,6.47,0.245,Bhadradri Kothagudem,TS
2020-04-05,0.0,39.6,25.2,6.85,0.245,Bhadradri Kothagudem,TS
2020-04-06,0.0,39.4,26.2,5.75,0.247,Bhadradri Kothagudem,TS
2020-04-07,0.1,38.6,26.2,6.28,0.245,Bhadradri Kothagudem,TS
2020-04-08,0.7,37.9,26.2,5.91,0.247,Bhadradri Kothagudem,TS
2020-04-09,8.0,36.3,26.4,4.9,0.296,Bhadradri Kothagudem,TS
2020-04-10,0.0,37.5,24.2,6.07,0.352,Bhadradri Kothagudem,TS
2020-04-11,0.0,38.0,24.5,5.96,0.328,Bhadradri Kothagudem,TS
2020-04-12,0.0,39.5,24.8,6.32,0.31,Bhadradri Kothagudem,TS
2020-04-13,0.0,40.2,24.3,6.12,0.296,Bhadradri Kothagudem,TS
2020-04-14,0.0,40.3,24.6,7.16,0.285,Bhadradri Kothagudem,TS
2020-04-15,0.0,39.9,24.7,7.02,0.277,Bhadradri Kothagudem,TS
2020-04-16,0.0,40.2,25.4,6.85,0.271,Bhadradri Kothagudem,TS
2020-04-17,0.0,39.7,25.5,6.57,0.266,Bhadradri Kothagudem,TS
2020-04-18,0.0,39.8,26.0,6.43,0.263,Bhadradri Kothagudem,TS
2020-04-19,0.0,39.2,25.9,6.44,0.263,Bhadradri Kothagudem,TS
2020-04-20,0.7,39.8,26.3,6.51,0.259,Bhadradri Kothagudem,TS
2020-04-21,0.0,40.0,25.3,7.1,0.259,Bhadradri Kothagudem,TS
2020-04-22,0.0,39.2,26.1,7.06,0.256,Bhadradri Kothagudem,TS
2020-04-23,0.0,40.0,26.6,6.66,0.254,Bhadradri Kothagudem,TS
2020-04-24,0.0,39.1,27.3,6.75,0.253,Bhadradri Kothagudem,TS
2020-04-25,4.0,37.9,27.6,5.72,0.26,Bhadradri Kothagudem,TS
2020-04-26,2.9,35.2,27.2,4.69,0.362,Bhadradri Kothagudem,TS
2020-04-27,2.5,34.7,27.0,4.91,0.372,Bhadradri Kothagudem,TS
2020-04-28,0.4,36.8,26.0,5.46,0.344,Bhadradri Kothagudem,TS
2020-04-29,0.0,38.2,26.1,5.84,0.321,Bhadradri Kothagudem,TS
2020-04-30,0.0,39.4,25.8,6.27,0.304,Bhadradri Kothagudem,TS
2020-05-01,0.0,39.4,26.8,6.12,0.292,Bhadradri Kothagudem,TS
2020-05-02,1.3,40.1,26.9,6.41,0.285,Bhadradri Kothagudem,TS
2020-05-03,0.0,40.8,27.0,6.68,0.276,Bhadradri Kothagudem,TS
2020-05-04,0.0,40.9,27.6,6.57,0.274,Bhadradri Kothagudem,TS
2020-05-05,0.0,39.9,27.6,7.01,0.273,Bhadradri Kothagudem,TS
2020-05-06,0.0,39.7,28.1,6.51,0.268,Bhadradri Kothagudem,TS
2020-05-07,0.0,39.7,27.5,6.09,0.266,Bhadradri Kothagudem,TS
2020-05-08,0.0,40.1,27.4,6.59,0.264,Bhadradri Kothagudem,TS
2020-05-09,0.0,41.4,27.4,6.5,0.264,Bhadradri Kothagudem,TS
2020-05-10,0.4,41.2,27.3,6.12,0.266,Bhadradri Kothagudem,TS
2020-05-11,0.3,38.0,27.0,5.69,0.269,Bhadradri Kothagudem,TS
2020-05-12,0.0,40.3,27.2,6.58,0.262,Bhadradri Kothagudem,TS
2020-05-13,0.0,39.8,26.9,6.71,0.258,Bhadradri Kothagudem,TS
2020-05-14,0.0,41.0,26.8,7.05,0.255,Bhadradri Kothagudem,TS
2020-05-15,0.0,40.5,27.2,6.32,0.25,Bhadradri Kothagudem,TS
2020-05-16,0.4,39.5,28.4,6.03,0.24,Bhadradri Kothagudem,TS
2020-05-17,0.0,40.7,28.2,6.29,0.238,Bhadradri Kothagudem,TS
2020-05-18,0.0,39.7,28.7,6.53,0.24,Bhadradri Kothagudem,TS
2020-05-19,0.0,40.9,29.5,7.3,0.248,Bhadradri Kothagudem,TS
2020-05-20,0.0,43.0,28.7,7.3,0.258,Bhadradri Kothagudem,TS
2020-05-21,0.0,43.4,27.6,8.93,0.261,Bhadradri Kothagudem,TS
2020-05-22,0.0,43.0,24.6,7.57,0.257,Bhadradri Kothagudem,TS
2020-05-23,0.0,40.9,27.4,6.79,0.253,Bhadradri Kothagudem,TS
2020-05-24,0.0,40.8,28.5,6.89,0.247,Bhadradri Kothagudem,TS
2020-05-25,0.0,39.8,28.7,6.99,0.246,Bhadradri Kothagudem,TS
2020-05-26,0.0,39.5,28.1,7.01,0.245,Bhadradri Kothagudem,TS
2020-05-27,0.0,40.7,28.5,6.8,0.244,Bhadradri Kothagudem,TS
2020-05-28,0.0,42.4,29.0,7.09,0.244,Bhadradri Kothagudem,TS
2020-05-29,0.1,41.9,29.3,7.02,0.247,Bhadradri Kothagudem,TS
2020-05-30,0.4,38.2,29.1,5.5,0.254,Bhadradri Kothagudem,TS
2020-05-31,15.9,36.0,29.1,3.89,0.288,Bhadradri Kothagudem,TS
2020-06-01,0.2,36.6,28.8,4.57,0.261,Bhadradri Kothagudem,TS
2020-06-02,6.0,37.1,26.4,5.33,0.266,Bhadradri Kothagudem,TS
2020-06-03,6.9,34.5,26.4,4.62,0.404,Bhadradri Kothagudem,TS
2020-06-04,4.7,36.5,26.5,6.18,0.42,Bhadradri Kothagudem,TS
2020-06-05,0.0,36.9,27.7,6.05,0.379,Bhadradri Kothagudem,TS
2020-06-06,0.2,37.5,28.3,6.81,0.351,Bhadradri Kothagudem,TS
2020-06-07,0.1,38.4,29.3,6.41,0.325,Bhadradri Kothagudem,TS
2020-06-08,0.0,38.0,29.7,5.9,0.307,Bhadradri Kothagudem,TS
2020-06-09,7.6,38.0,28.0,4.48,0.307,Bhadradri Kothagudem,TS
2020-06-10,33.8,34.6,26.1,4.06,0.478,Bhadradri Kothagudem,TS
2020-06-11,28.1,30.7,25.3,2.75,0.505,Bhadradri Kothagudem,TS
2020-06-12,16.5,28.8,25.2,1.51,0.51,Bhadradri Kothagudem,TS
2020-06-13,0.4,32.8,26.3,4.57,0.48,Bhadradri Kothagudem,TS
2020-06-14,0.9,34.4,26.8,5.47,0.45,Bhadradri Kothagudem,TS
2020-06-15,5.6,32.9,26.6,3.9,0.445,Bhadradri Kothagudem,TS
2020-06-16,8.1,32.5,26.0,2.62,0.484,Bhadradri Kothagudem,TS
2020-06-17,12.9,30.5,26.0,2.48,0.5,Bhadradri Kothagudem,TS
2020-06-18,0.8,30.3,25.5,2.62,0.481,Bhadradri Kothagudem,TS
2020-06-19,0.8,32.5,25.7,3.48,0.465,Bhadradri Kothagudem,TS
2020-06-20,4.3,33.3,27.0,4.21,0.454,Bhadradri Kothagudem,TS
2020-06-21,3.7,29.3,26.7,2.38,0.457,Bhadradri Kothagudem,TS
2020-06-22,3.2,31.1,25.9,3.02,0.468,Bhadradri Kothagudem,TS
2020-06-23,1.6,34.1,26.1,4.67,0.446,Bhadradri Kothagudem,TS
2020-06-24,5.5,33.5,26.6,4.73,0.432,Bhadradri Kothagudem,TS
2020-06-25,1.8,32.6,26.2,4.86,0.414,Bhadradri Kothagudem,TS
2020-06-26,1.9,32.8,26.1,4.47,0.413,Bhadradri Kothagudem,TS
2020-06-27,0.5,34.3,26.4,5.05,0.396,Bhadradri Kothagudem,TS
2020-06-28,8.5,34.3,26.5,4.37,0.408,Bhadradri Kothagudem,TS
2020-06-29,6.4,31.8,25.6,2.63,0.478,Bhadradri Kothagudem,TS
2020-06-30,6.0,33.2,25.7,4.12,0.47,Bhadradri Kothagudem,TS
2020-07-01,13.7,33.5,25.5,3.84,0.471,Bhadradri Kothagudem,TS
2020-07-02,13.2,32.4,26.2,3.48,0.476,Bhadradri Kothagudem,TS
2020-07-03,15.3,34.0,25.7,4.0,0.469,Bhadradri Kothagudem,TS
2020-07-04,22.5,27.6,25.2,1.45,0.509,Bhadradri Kothagudem,TS
2020-07-05,12.6,27.9,25.2,1.84,0.505,Bhadradri Kothagudem,TS
2020-07-06,5.0,30.4,25.3,2.99,0.501,Bhadradri Kothagudem,TS
2020-07-07,0.0,32.1,25.9,4.06,0.475,Bhadradri Kothagudem,TS
2020-07-08,5.0,32.5,26.4,3.41,0.463,Bhadradri Kothagudem,TS
2020-07-09,11.2,30.9,25.6,2.16,0.497,Bhadradri Kothagudem,TS
2020-07-10,16.9,30.4,25.6,3.12,0.496,Bhadradri Kothagudem,TS
2020-07-11,2.5,32.2,25.3,4.16,0.474,Bhadradri Kothagudem,TS
2020-07-12,9.5,33.3,26.1,3.72,0.49,Bhadradri Kothagudem,TS
2020-07-13,11.6,30.5,25.7,2.32,0.502,Bhadradri Kothagudem,TS
2020-07-14,23.8,30.8,25.3,2.32,0.505,Bhadradri Kothagudem,TS
2020-07-15,12.7,28.2,24.8,1.97,0.51,Bhadradri Kothagudem,TS
2020-07-16,0.8,28.4,24.4,2.14,0.489,Bhadradri Kothagudem,TS
2020-07-17,0.1,31.9,25.5,4.24,0.469,Bhadradri Kothagudem,TS
2020-07-18,0.4,33.3,25.2,4.83,0.446,Bhadradri Kothagudem,TS
2020-07-19,7.7,31.9,25.9,4.23,0.46,Bhadradri Kothagudem,TS
2020-07-20,8.2,30.7,25.8,3.62,0.49,Bhadradri Kothagudem,TS
2020-07-21,1.8,32.4,25.1,4.25,0.481,Bhadradri Kothagudem,TS
2020-07-22,4.9,32.9,25.8,3.91,0.467,Bhadradri Kothagudem,TS
2020-07-23,24.9,27.9,25.1,1.4,0.508,Bhadradri Kothagudem,TS
2020-07-24,2.1,32.3,23.7,3.7,0.495,Bhadradri Kothagudem,TS
2020-07-25,3.3,31.5,25.3,3.14,0.494,Bhadradri Kothagudem,TS
2020-07-26,2.0,34.0,24.6,5.03,0.466,Bhadradri Kothagudem,TS
2020-07-27,1.0,33.6,25.4,4.61,0.449,Bhadradri Kothagudem,TS
2020-07-28,10.6,33.2,25.5,4.18,0.469,Bhadradri Kothagudem,TS
2020-07-29,10.4,31.6,25.5,3.9,0.47,Bhadradri Kothagudem,TS
2020-07-30,6.1,32.2,24.9,4.35,0.453,Bhadradri Kothagudem,TS
2020-07-31,5.1,32.8,25.8,4.14,0.44,Bhadradri Kothagudem,TS
2020-08-01,8.6,31.8,25.6,3.43,0.455,Bhadradri Kothagudem,TS
2020-08-02,24.2,33.3,25.4,4.32,0.471,Bhadradri Kothagudem,TS
2020-08-03,13.7,32.4,25.4,3.72,0.49,Bhadradri Kothagudem,TS
2020-08-04,10.6,29.4,25.1,2.27,0.489,Bhadradri Kothagudem,TS
2020-08-05,19.0,28.9,24.8,2.06,0.51,Bhadradri Kothagudem,TS
2020-08-06,0.6,32.3,24.9,4.34,0.477,Bhadradri Kothagudem,TS
2020-08-07,0.4,33.6,26.2,5.41,0.447,Bhadradri Kothagudem,TS
2020-08-08,0.1,33.0,27.3,4.49,0.424,Bhadradri Kothagudem,TS
2020-08-09,7.7,32.2,25.8,3.29,0.443,Bhadradri Kothagudem,TS
2020-08-10,14.5,29.0,25.3,1.71,0.487,Bhadradri Kothagudem,TS
2020-08-11,2.3,31.2,24.9,3.79,0.453,Bhadradri Kothagudem,TS
2020-08-12,11.2,29.6,25.8,2.28,0.483,Bhadradri Kothagudem,TS
2020-08-13,32.3,26.2,24.5,1.23,0.514,Bhadradri Kothagudem,TS
2020-08-14,37.3,27.0,23.7,1.83,0.511,Bhadradri Kothagudem,TS
2020-08-15,52.4,25.1,23.8,1.1,0.511,Bhadradri Kothagudem,TS
2020-08-16,29.0,28.5,24.0,2.51,0.51,Bhadradri Kothagudem,TS
2020-08-17,15.4,28.8,24.5,2.33,0.507,Bhadradri Kothagudem,TS
2020-08-18,1.7,32.1,25.1,4.04,0.488,Bhadradri Kothagudem,TS
2020-08-19,36.0,26.5,25.0,1.11,0.505,Bhadradri Kothagudem,TS
2020-08-20,39.7,26.2,24.5,1.44,0.51,Bhadradri Kothagudem,TS
2020-08-21,12.9,30.3,24.6,3.24,0.499,Bhadradri Kothagudem,TS
2020-08-22,0.3,32.4,25.7,4.35,0.476,Bhadradri Kothagudem,TS
2020-08-23,9.1,30.3,25.3,3.31,0.476,Bhadradri Kothagudem,TS
2020-08-24,0.2,31.2,25.6,3.15,0.459,Bhadradri Kothagudem,TS
2020-08-25,1.9,33.0,26.0,3.44,0.437,Bhadradri Kothagudem,TS
2020-08-26,6.0,29.5,25.8,1.88,0.444,Bhadradri Kothagudem,TS
2020-08-27,5.1,29.2,24.6,2.45,0.479,Bhadradri Kothagudem,TS
2020-08-28,0.1,32.3,24.4,4.59,0.45,Bhadradri Kothagudem,TS
2020-08-29,0.3,32.8,24.9,4.95,0.425,Bhadradri Kothagudem,TS
2020-08-30,1.0,33.2,25.6,4.84,0.399,Bhadradri Kothagudem,TS
2020-08-31,0.4,33.5,25.8,4.55,0.376,Bhadradri Kothagudem,TS
2020-09-01,4.1,33.7,25.0,4.29,0.362,Bhadradri Kothagudem,TS
2020-09-02,3.3,30.9,25.2,2.86,0.422,Bhadradri Kothagudem,TS
2020-09-03,4.8,31.9,24.7,4.3,0.454,Bhadradri Kothagudem,TS
2020-09-04,0.4,33.4,24.9,5.08,0.433,Bhadradri Kothagudem,TS
2020-09-05,3.9,32.4,25.9,4.2,0.409,Bhadradri Kothagudem,TS
2020-09-06,0.9,32.9,25.7,4.46,0.377,Bhadradri Kothagudem,TS
2020-09-07,0.0,33.5,25.3,4.8,0.357,Bhadradri Kothagudem,TS
2020-09-08,2.3,33.3,25.5,4.49,0.363,Bhadradri Kothagudem,TS
2020-09-09,6.3,33.7,25.4,4.72,0.373,Bhadradri Kothagudem,TS
2020-09-10,9.8,32.9,25.8,4.19,0.368,Bhadradri Kothagudem,TS
2020-09-11,7.0,30.6,24.7,3.35,0.484,Bhadradri Kothagudem,TS
2020-09-12,14.1,31.8,24.1,3.61,0.498,Bhadradri Kothagudem,TS
2020-09-13,58.0,30.0,24.4,3.23,0.505,Bhadradri Kothagudem,TS
2020-09-14,18.1,30.7,24.4,2.8,0.503,Bhadradri Kothagudem,TS
2020-09-15,19.4,31.0,24.5,3.21,0.496,Bhadradri Kothagudem,TS
2020-09-16,18.1,30.3,24.4,3.24,0.501,Bhadradri Kothagudem,TS
2020-09-17,4.7,32.5,24.6,3.83,0.49,Bhadradri Kothagudem,TS
2020-09-18,5.5,32.7,25.1,4.3,0.493,Bhadradri Kothagudem,TS
2020-09-19,42.1,32.3,24.9,3.77,0.503,Bhadradri Kothagudem,TS
2020-09-20,34.7,31.4,25.2,3.15,0.506,Bhadradri Kothagudem,TS
2020-09-21,9.4,28.9,25.1,1.74,0.504,Bhadradri Kothagudem,TS
2020-09-22,0.8,30.7,25.0,4.02,0.482,Bhadradri Kothagudem,TS
2020-09-23,0.6,31.9,25.7,4.54,0.462,Bhadradri Kothagudem,TS
2020-09-24,0.0,32.6,25.8,4.97,0.435,Bhadradri Kothagudem,TS
2020-09-25,9.1,30.2,25.4,2.61,0.453,Bhadradri Kothagudem,TS
2020-09-26,20.5,28.4,24.6,1.61,0.506,Bhadradri Kothagudem,TS
2020-09-27,1.3,30.9,24.1,3.84,0.483,Bhadradri Kothagudem,TS
2020-09-28,1.3,32.2,23.6,4.31,0.463,Bhadradri Kothagudem,TS
2020-09-29,1.8,32.3,24.8,3.79,0.438,Bhadradri Kothagudem,TS
2020-09-30,0.8,29.8,25.2,2.22,0.447,Bhadradri Kothagudem,TS
2020-10-01,0.5,31.4,25.3,2.85,0.462,Bhadradri Kothagudem,TS
2020-10-02,0.1,32.8,23.7,4.11,0.443,Bhadradri Kothagudem,TS
2020-10-03,0.0,33.5,24.5,4.14,0.43,Bhadradri Kothagudem,TS
2020-10-04,0.1,33.0,24.8,3.96,0.417,Bhadradri Kothagudem,TS
2020-10-05,0.0,32.7,25.2,4.3,0.423,Bhadradri Kothagudem,TS
2020-10-06,6.8,29.9,24.7,3.05,0.438,Bhadradri Kothagudem,TS
2020-10-07,15.8,29.8,24.2,2.75,0.49,Bhadradri Kothagudem,TS
2020-10-08,3.9,30.5,23.9,3.3,0.486,Bhadradri Kothagudem,TS
2020-10-09,4.9,31.1,24.3,3.47,0.484,Bhadradri Kothagudem,TS
2020-10-10,31.3,29.5,24.9,2.31,0.5,Bhadradri Kothagudem,TS
2020-10-11,7.9,28.5,23.8,1.89,0.507,Bhadradri Kothagudem,TS
2020-10-12,11.5,27.7,23.4,1.52,0.504,Bhadradri Kothagudem,TS
2020-10-13,44.4,28.5,24.8,1.78,0.511,Bhadradri Kothagudem,TS
2020-10-14,5.5,29.8,24.3,2.57,0.498,Bhadradri Kothagudem,TS
2020-10-15,12.6,30.5,24.1,2.25,0.495,Bhadradri Kothagudem,TS
2020-10-16,2.9,30.5,23.9,2.81,0.494,Bhadradri Kothagudem,TS
2020-10-17,1.0,31.2,23.9,3.24,0.489,Bhadradri Kothagudem,TS
2020-10-18,1.2,31.2,23.8,3.55,0.478,Bhadradri Kothagudem,TS
2020-10-19,25.7,31.4,24.1,3.5,0.468,Bhadradri Kothagudem,TS
2020-10-20,16.5,29.5,23.6,2.25,0.495,Bhadradri Kothagudem,TS
2020-10-21,10.3,31.8,23.6,3.17,0.49,Bhadradri Kothagudem,TS
2020-10-22,0.0,32.4,23.6,4.19,0.478,Bhadradri Kothagudem,TS
2020-10-23,0.0,32.3,24.0,4.64,0.46,Bhadradri Kothagudem,TS
2020-10-24,0.0,32.4,21.8,4.6,0.445,Bhadradri Kothagudem,TS
2020-10-25,0.0,32.2,22.2,4.46,0.424,Bhadradri Kothagudem,TS
2020-10-26,0.0,31.5,20.4,4.45,0.398,Bhadradri Kothagudem,TS
2020-10-27,0.0,31.4,21.4,4.42,0.377,Bhadradri Kothagudem,TS
2020-10-28,0.0,31.2,21.3,4.25,0.364,Bhadradri Kothagudem,TS
2020-10-29,0.0,29.9,22.5,2.36,0.362,Bhadradri Kothagudem,TS
2020-10-30,0.0,31.2,22.5,4.43,0.344,Bhadradri Kothagudem,TS
2020-10-31,0.0,31.2,21.0,4.5,0.336,Bhadradri Kothagudem,TS
2020-11-01,0.0,31.9,21.1,4.48,0.32,Bhadradri Kothagudem,TS
2020-11-02,0.0,32.5,21.1,4.43,0.309,Bhadradri Kothagudem,TS
2020-11-03,0.0,32.0,23.3,4.12,0.299,Bhadradri Kothagudem,TS
2020-11-04,0.0,31.7,23.9,3.85,0.29,Bhadradri Kothagudem,TS
2020-11-05,0.2,31.2,21.0,3.67,0.283,Bhadradri Kothagudem,TS
2020-11-06,0.8,31.1,23.1,3.48,0.293,Bhadradri Kothagudem,TS
2020-11-07,1.0,30.7,23.3,3.48,0.297,Bhadradri Kothagudem,TS
2020-11-08,0.1,30.7,19.7,4.4,0.296,Bhadradri Kothagudem,TS
2020-11-09,0.0,29.4,17.0,4.48,0.298,Bhadradri Kothagudem,TS
2020-11-10,0.0,29.2,16.0,4.2,0.297,Bhadradri Kothagudem,TS
2020-11-11,0.4,29.5,16.7,3.57,0.291,Bhadradri Kothagudem,TS
2020-11-12,1.6,29.6,22.6,2.8,0.291,Bhadradri Kothagudem,TS
2020-11-13,0.0,31.9,22.0,4.34,0.288,Bhadradri Kothagudem,TS
2020-11-14,0.0,32.0,20.7,4.42,0.282,Bhadradri Kothagudem,TS
2020-11-15,0.0,30.8,20.0,3.78,0.277,Bhadradri Kothagudem,TS
2020-11-16,0.0,30.3,23.1,2.87,0.271,Bhadradri Kothagudem,TS
2020-11-17,0.0,32.5,20.7,4.47,0.264,Bhadradri Kothagudem,TS
2020-11-18,0.0,32.6,20.2,4.13,0.257,Bhadradri Kothagudem,TS
2020-11-19,0.0,33.0,20.9,4.1,0.254,Bhadradri Kothagudem,TS
2020-11-20,0.0,32.3,21.8,3.67,0.253,Bhadradri Kothagudem,TS
2020-11-21,0.0,32.5,20.9,4.1,0.251,Bhadradri Kothagudem,TS
2020-11-22,0.0,31.6,23.5,3.74,0.251,Bhadradri Kothagudem,TS
2020-11-23,0.1,31.6,22.1,3.99,0.254,Bhadradri Kothagudem,TS
2020-11-24,0.0,30.6,20.6,3.54,0.257,Bhadradri Kothagudem,TS
2020-11-25,0.0,29.9,19.1,3.57,0.264,Bhadradri Kothagudem,TS
2020-11-26,47.8,24.5,21.5,1.05,0.371,Bhadradri Kothagudem,TS
2020-11-27,33.9,26.1,20.2,1.81,0.507,Bhadradri Kothagudem,TS
2020-11-28,0.3,27.0,19.2,2.55,0.492,Bhadradri Kothagudem,TS
2020-11-29,0.0,29.2,19.8,3.7,0.472,Bhadradri Kothagudem,TS
2020-11-30,0.0,29.1,19.4,3.77,0.458,Bhadradri Kothagudem,TS
2020-12-01,0.0,28.5,18.0,3.64,0.443,Bhadradri Kothagudem,TS
2020-12-02,0.0,28.5,17.5,3.6,0.431,Bhadradri Kothagudem,TS
2020-12-03,0.0,28.7,17.2,3.54,0.425,Bhadradri Kothagudem,TS
2020-12-04,0.0,29.1,18.2,3.7,0.411,Bhadradri Kothagudem,TS
2020-12-05,0.0,28.7,18.4,3.73,0.395,Bhadradri Kothagudem,TS
2020-12-06,0.0,28.9,17.3,3.85,0.38,Bhadradri Kothagudem,TS
2020-12-07,0.0,29.1,16.5,3.88,0.36,Bhadradri Kothagudem,TS
2020-12-08,0.0,29.5,15.7,3.91,0.346,Bhadradri Kothagudem,TS
2020-12-09,0.0,29.5,16.4,3.74,0.334,Bhadradri Kothagudem,TS
2020-12-10,0.0,29.7,17.1,3.84,0.322,Bhadradri Kothagudem,TS
2020-12-11,0.0,29.2,18.0,3.64,0.307,Bhadradri Kothagudem,TS
2020-12-12,0.0,29.7,19.0,3.62,0.294,Bhadradri Kothagudem,TS
2020-12-13,0.0,29.8,17.7,3.68,0.282,Bhadradri Kothagudem,TS
2020-12-14,0.0,30.3,18.9,4.22,0.271,Bhadradri Kothagudem,TS
2020-12-15,0.0,31.0,18.4,3.84,0.27,Bhadradri Kothagudem,TS
2020-12-16,0.0,30.2,19.9,3.69,0.271,Bhadradri Kothagudem,TS
2020-12-17,0.0,30.6,19.3,3.69,0.27,Bhadradri Kothagudem,TS
2020-12-18,0.0,30.1,19.7,3.65,0.271,Bhadradri Kothagudem,TS
2020-12-19,0.0,29.5,19.8,3.42,0.269,Bhadradri Kothagudem,TS
2020-12-20,0.0,28.8,16.6,3.78,0.27,Bhadradri Kothagudem,TS
2020-12-21,0.0,28.1,13.9,3.75,0.271,Bhadradri Kothagudem,TS
2020-12-22,0.0,28.0,13.5,3.77,0.272,Bhadradri Kothagudem,TS
2020-12-23,0.0,28.1,14.3,3.55,0.269,Bhadradri Kothagudem,TS
2020-12-24,0.0,28.1,16.9,3.74,0.266,Bhadradri Kothagudem,TS
2020-12-25,0.0,28.4,15.8,3.62,0.267,Bhadradri Kothagudem,TS
2020-12-26,0.0,28.9,16.2,3.63,0.269,Bhadradri Kothagudem,TS
2020-12-27,0.0,29.4,15.5,3.68,0.265,Bhadradri Kothagudem,TS
2020-12-28,0.0,29.8,16.5,3.73,0.265,Bhadradri Kothagudem,TS
2020-12-29,0.0,30.1,18.0,3.79,0.261,Bhadradri Kothagudem,TS
2020-12-30,0.0,29.6,16.7,3.88,0.264,Bhadradri Kothagudem,TS
2020-12-31,0.0,29.4,17.7,3.78,0.265,Bhadradri Kothagudem,TS
2021-01-01,0.0,29.2,18.7,3.87,0.265,Bhadradri Kothagudem,TS
2021-01-02,0.0,29.0,17.6,3.8,0.272,Bhadradri Kothagudem,TS
2021-01-03,0.0,29.3,17.6,3.85,0.277,Bhadradri Kothagudem,TS
2021-01-04,0.0,29.4,18.1,4.12,0.28,Bhadradri Kothagudem,TS
2021-01-05,0.0,30.9,18.0,3.91,0.275,Bhadradri Kothagudem,TS
2021-01-06,0.0,27.6,20.8,1.96,0.276,Bhadradri Kothagudem,TS
2021-01-07,0.0,30.4,22.6,3.05,0.275,Bhadradri Kothagudem,TS
2021-01-08,0.0,32.3,20.7,4.38,0.268,Bhadradri Kothagudem,TS
2021-01-09,0.0,32.2,16.7,4.54,0.262,Bhadradri Kothagudem,TS
2021-01-10,0.0,31.9,17.8,4.04,0.258,Bhadradri Kothagudem,TS
2021-01-11,0.0,32.4,18.0,4.15,0.256,Bhadradri Kothagudem,TS
2021-01-12,0.0,32.9,19.0,4.27,0.258,Bhadradri Kothagudem,TS
2021-01-13,0.0,32.1,19.4,4.02,0.257,Bhadradri Kothagudem,TS
2021-01-14,0.0,31.4,19.7,4.02,0.264,Bhadradri Kothagudem,TS
2021-01-15,0.0,30.8,20.3,3.67,0.271,Bhadradri Kothagudem,TS
2021-01-16,0.0,30.9,18.4,3.85,0.268,Bhadradri Kothagudem,TS
2021-01-17,0.0,31.1,19.3,4.13,0.266,Bhadradri Kothagudem,TS
2021-01-18,0.0,30.4,19.7,3.81,0.265,Bhadradri Kothagudem,TS
2021-01-19,0.0,31.0,18.7,4.02,0.26,Bhadradri Kothagudem,TS
2021-01-20,0.0,33.1,18.7,4.26,0.259,Bhadradri Kothagudem,TS
2021-01-21,0.0,33.1,18.9,4.31,0.259,Bhadradri Kothagudem,TS
2021-01-22,0.0,32.8,20.2,4.01,0.256,Bhadradri Kothagudem,TS
2021-01-23,0.0,32.0,20.1,3.92,0.256,Bhadradri Kothagudem,TS
2021-01-24,0.0,32.8,19.6,4.33,0.254,Bhadradri Kothagudem,TS
2021-01-25,0.0,33.2,19.1,4.51,0.256,Bhadradri Kothagudem,TS
2021-01-26,0.0,32.8,19.6,4.53,0.253,Bhadradri Kothagudem,TS
2021-01-27,0.0,32.2,20.5,4.02,0.255,Bhadradri Kothagudem,TS
2021-01-28,0.1,30.9,20.9,3.69,0.258,Bhadradri Kothagudem,TS
2021-01-29,0.0,32.3,20.6,4.11,0.253,Bhadradri Kothagudem,TS
2021-01-30,0.2,31.2,19.8,3.57,0.258,Bhadradri Kothagudem,TS
2021-01-31,0.1,31.2,21.0,3.75,0.256,Bhadradri Kothagudem,TS
2021-02-01,0.0,31.8,20.4,4.34,0.254,Bhadradri Kothagudem,TS
2021-02-02,0.0,31.6,19.1,4.58,0.257,Bhadradri Kothagudem,TS
2021-02-03,0.0,31.5,17.7,4.64,0.254,Bhadradri Kothagudem,TS
2021-02-04,0.0,31.3,16.9,4.87,0.253,Bhadradri Kothagudem,TS
2021-02-05,0.0,31.3,16.5,4.69,0.251,Bhadradri Kothagudem,TS
2021-02-06,0.0,31.9,17.6,4.74,0.253,Bhadradri Kothagudem,TS
2021-02-07,0.0,30.9,18.0,4.49,0.253,Bhadradri Kothagudem,TS
2021-02-08,0.0,30.9,16.7,4.68,0.253,Bhadradri Kothagudem,TS
2021-02-09,0.0,31.7,17.7,4.67,0.252,Bhadradri Kothagudem,TS
2021-02-10,0.0,32.3,18.1,4.64,0.252,Bhadradri Kothagudem,TS
2021-02-11,0.0,32.7,18.3,4.85,0.252,Bhadradri Kothagudem,TS
2021-02-12,0.0,32.3,19.3,4.73,0.252,Bhadradri Kothagudem,TS
2021-02-13,0.0,32.9,18.8,4.72,0.252,Bhadradri Kothagudem,TS
2021-02-14,0.0,33.2,18.9,5.06,0.252,Bhadradri Kothagudem,TS
2021-02-15,0.0,33.6,19.4,5.05,0.251,Bhadradri Kothagudem,TS
2021-02-16,0.0,34.0,21.1,5.62,0.252,Bhadradri Kothagudem,TS
2021-02-17,0.0,34.0,20.1,5.92,0.25,Bhadradri Kothagudem,TS
2021-02-18,0.3,31.4,20.1,4.19,0.248,Bhadradri Kothagudem,TS
2021-02-19,0.0,30.7,19.9,4.01,0.249,Bhadradri Kothagudem,TS
2021-02-20,0.0,32.1,21.2,4.96,0.25,Bhadradri Kothagudem,TS
2021-02-21,0.0,31.9,20.3,4.68,0.251,Bhadradri Kothagudem,TS
2021-02-22,0.0,33.4,20.7,4.87,0.249,Bhadradri Kothagudem,TS
2021-02-23,0.0,34.3,20.5,5.04,0.251,Bhadradri Kothagudem,TS
2021-02-24,0.0,35.4,20.2,5.36,0.251,Bhadradri Kothagudem,TS
2021-02-25,0.0,36.2,20.0,5.35,0.251,Bhadradri Kothagudem,TS
2021-02-26,0.0,37.1,19.6,5.47,0.25,Bhadradri Kothagudem,TS
2021-02-27,0.0,36.8,20.7,5.5,0.255,Bhadradri Kothagudem,TS
2021-02-28,0.0,37.3,20.5,5.81,0.251,Bhadradri Kothagudem,TS
2021-03-01,0.0,36.7,21.5,5.17,0.251,Bhadradri Kothagudem,TS
2021-03-02,0.0,36.4,21.2,5.16,0.251,Bhadradri Kothagudem,TS
2021-03-03,0.0,37.0,21.2,5.77,0.251,Bhadradri Kothagudem,TS
2021-03-04,0.0,36.6,21.1,5.73,0.251,Bhadradri Kothagudem,TS
2021-03-05,0.0,36.9,20.7,5.88,0.251,Bhadradri Kothagudem,TS
2021-03-06,0.0,37.1,20.1,5.97,0.251,Bhadradri Kothagudem,TS
2021-03-07,0.0,37.3,20.1,5.81,0.252,Bhadradri Kothagudem,TS
2021-03-08,0.0,37.0,22.3,5.91,0.252,Bhadradri Kothagudem,TS
2021-03-09,0.0,36.6,22.4,6.07,0.254,Bhadradri Kothagudem,TS
2021-03-10,0.0,37.3,22.0,6.04,0.252,Bhadradri Kothagudem,TS
2021-03-11,0.0,36.7,22.4,5.94,0.251,Bhadradri Kothagudem,TS
2021-03-12,0.0,36.5,22.2,6.09,0.252,Bhadradri Kothagudem,TS
2021-03-13,0.0,36.1,19.3,5.76,0.252,Bhadradri Kothagudem,TS
2021-03-14,0.0,36.9,21.4,5.77,0.252,Bhadradri Kothagudem,TS
2021-03-15,0.0,36.7,22.6,5.41,0.252,Bhadradri Kothagudem,TS
2021-03-16,0.0,37.5,23.4,5.72,0.253,Bhadradri Kothagudem,TS
2021-03-17,0.0,37.6,23.6,5.51,0.252,Bhadradri Kothagudem,TS
2021-03-18,0.0,36.8,23.5,5.4,0.252,Bhadradri Kothagudem,TS
2021-03-19,0.0,37.4,23.3,5.38,0.252,Bhadradri Kothagudem,TS
2021-03-20,0.0,36.9,22.3,5.61,0.252,Bhadradri Kothagudem,TS
2021-03-21,0.0,37.3,23.5,5.28,0.252,Bhadradri Kothagudem,TS
2021-03-22,0.0,38.0,24.7,5.66,0.252,Bhadradri Kothagudem,TS
2021-03-23,0.0,38.9,23.7,5.93,0.252,Bhadradri Kothagudem,TS
2021-03-24,0.0,38.8,24.0,6.25,0.252,Bhadradri Kothagudem,TS
2021-03-25,0.0,39.1,24.2,6.29,0.252,Bhadradri Kothagudem,TS
2021-03-26,0.0,39.1,24.6,6.0,0.252,Bhadradri Kothagudem,TS
2021-03-27,0.0,39.0,25.3,6.26,0.252,Bhadradri Kothagudem,TS
2021-03-28,0.0,39.1,24.9,6.28,0.25,Bhadradri Kothagudem,TS
2021-03-29,0.0,39.6,23.6,6.22,0.245,Bhadradri Kothagudem,TS
2021-03-30,0.0,39.8,24.3,6.59,0.247,Bhadradri Kothagudem,TS
2021-03-31,0.0,41.7,24.6,7.65,0.247,Bhadradri Kothagudem,TS
2021-04-01,0.0,41.3,23.5,7.19,0.247,Bhadradri Kothagudem,TS
2021-04-02,0.0,40.7,25.2,6.48,0.247,Bhadradri Kothagudem,TS
2021-04-03,0.0,39.6,26.6,6.54,0.246,Bhadradri Kothagudem,TS
2021-04-04,0.0,39.0,26.4,5.95,0.245,Bhadradri Kothagudem,TS
2021-04-05,0.0,38.9,26.4,6.24,0.247,Bhadradri Kothagudem,TS
2021-04-06,0.0,38.9,25.5,6.15,0.246,Bhadradri Kothagudem,TS
2021-04-07,0.0,39.6,24.9,6.58,0.247,Bhadradri Kothagudem,TS
2021-04-08,0.0,39.9,25.2,6.52,0.251,Bhadradri Kothagudem,TS
2021-04-09,5.3,38.2,25.4,5.72,0.257,Bhadradri Kothagudem,TS
2021-04-10,3.4,38.4,25.6,6.22,0.261,Bhadradri Kothagudem,TS
2021-04-11,0.6,38.0,25.6,5.65,0.26,Bhadradri Kothagudem,TS
2021-04-12,0.0,36.2,25.8,5.58,0.258,Bhadradri Kothagudem,TS
2021-04-13,0.1,36.1,26.0,5.52,0.256,Bhadradri Kothagudem,TS
2021-04-14,5.2,37.0,25.5,5.09,0.299,Bhadradri Kothagudem,TS
2021-04-15,0.7,33.1,24.5,4.65,0.385,Bhadradri Kothagudem,TS
2021-04-16,0.0,34.6,23.2,5.44,0.411,Bhadradri Kothagudem,TS
2021-04-17,0.0,37.3,24.3,6.0,0.382,Bhadradri Kothagudem,TS
2021-04-18,0.0,37.1,25.6,5.82,0.355,Bhadradri Kothagudem,TS
2021-04-19,0.0,38.0,25.9,5.8,0.339,Bhadradri Kothagudem,TS
2021-04-20,0.0,36.8,26.9,5.88,0.326,Bhadradri Kothagudem,TS
2021-04-21,0.5,36.6,26.1,5.39,0.313,Bhadradri Kothagudem,TS
2021-04-22,0.9,35.1,26.1,5.19,0.299,Bhadradri Kothagudem,TS
2021-04-23,1.1,35.6,26.5,4.96,0.298,Bhadradri Kothagudem,TS
2021-04-24,0.0,37.8,25.3,5.81,0.297,Bhadradri Kothagudem,TS
2021-04-25,0.0,38.6,26.3,6.13,0.286,Bhadradri Kothagudem,TS
2021-04-26,0.1,37.7,25.8,5.91,0.279,Bhadradri Kothagudem,TS
2021-04-27,0.0,38.5,25.0,6.06,0.274,Bhadradri Kothagudem,TS
2021-04-28,0.0,38.9,25.5,6.35,0.269,Bhadradri Kothagudem,TS
2021-04-29,1.6,38.9,26.4,5.69,0.277,Bhadradri Kothagudem,TS
2021-04-30,0.5,37.8,25.0,5.9,0.308,Bhadradri Kothagudem,TS
2021-05-01,0.0,38.3,25.7,6.79,0.297,Bhadradri Kothagudem,TS
2021-05-02,0.0,38.4,25.3,6.11,0.287,Bhadradri Kothagudem,TS
2021-05-03,1.0,37.0,26.2,5.56,0.283,Bhadradri Kothagudem,TS
2021-05-04,0.0,38.5,25.6,6.2,0.274,Bhadradri Kothagudem,TS
2021-05-05,0.1,38.8,26.7,5.86,0.266,Bhadradri Kothagudem,TS
2021-05-06,0.0,38.3,27.2,6.16,0.264,Bhadradri Kothagudem,TS
2021-05-07,0.0,38.2,26.4,6.32,0.262,Bhadradri Kothagudem,TS
2021-05-08,0.1,38.4,27.1,6.1,0.257,Bhadradri Kothagudem,TS
2021-05-09,0.3,38.0,27.8,6.04,0.256,Bhadradri Kothagudem,TS
2021-05-10,0.2,38.5,27.4,6.26,0.266,Bhadradri Kothagudem,TS
2021-05-11,0.3,38.2,27.5,6.2,0.261,Bhadradri Kothagudem,TS
2021-05-12,0.0,39.2,26.8,6.3,0.263,Bhadradri Kothagudem,TS
2021-05-13,1.5,36.5,27.7,5.28,0.275,Bhadradri Kothagudem,TS
2021-05-14,1.8,37.3,28.1,5.29,0.289,Bhadradri Kothagudem,TS
2021-05-15,0.4,38.5,27.5,6.56,0.281,Bhadradri Kothagudem,TS
2021-05-16,4.4,35.5,27.0,5.22,0.3,Bhadradri Kothagudem,TS
2021-05-17,0.4,36.5,26.9,6.02,0.318,Bhadradri Kothagudem,TS
2021-05-18,0.4,36.7,27.5,5.82,0.303,Bhadradri Kothagudem,TS
2021-05-19,0.0,37.6,27.3,6.24,0.29,Bhadradri Kothagudem,TS
2021-05-20,1.0,37.4,26.2,5.54,0.298,Bhadradri Kothagudem,TS
2021-05-21,2.3,38.3,26.5,4.94,0.313,Bhadradri Kothagudem,TS
2021-05-22,1.1,37.3,25.8,4.82,0.351,Bhadradri Kothagudem,TS
2021-05-23,0.0,38.4,27.2,5.03,0.338,Bhadradri Kothagudem,TS
2021-05-24,0.0,39.9,27.5,6.29,0.337,Bhadradri Kothagudem,TS
2021-05-25,0.0,38.9,27.3,7.06,0.342,Bhadradri Kothagudem,TS
2021-05-26,0.0,39.4,27.5,7.96,0.326,Bhadradri Kothagudem,TS
2021-05-27,0.0,39.4,29.2,7.83,0.31,Bhadradri Kothagudem,TS
2021-05-28,0.0,39.2,30.7,6.73,0.305,Bhadradri Kothagudem,TS
2021-05-29,0.0,39.3,29.3,6.67,0.298,Bhadradri Kothagudem,TS
2021-05-30,0.6,39.6,27.8,6.42,0.285,Bhadradri Kothagudem,TS
2021-05-31,0.0,40.2,29.5,6.49,0.278,Bhadradri Kothagudem,TS
2021-06-01,0.5,37.3,28.3,5.91,0.277,Bhadradri Kothagudem,TS
2021-06-02,4.4,36.8,28.1,5.5,0.3,Bhadradri Kothagudem,TS
2021-06-03,7.4,33.5,26.5,3.93,0.368,Bhadradri Kothagudem,TS
2021-06-04,0.5,35.1,25.2,4.96,0.413,Bhadradri Kothagudem,TS
2021-06-05,0.2,35.2,26.0,5.36,0.389,Bhadradri Kothagudem,TS
2021-06-06,0.5,34.9,26.2,5.65,0.36,Bhadradri Kothagudem,TS
2021-06-07,0.5,36.5,27.1,5.79,0.339,Bhadradri Kothagudem,TS
2021-06-08,1.4,35.6,26.8,5.0,0.331,Bhadradri Kothagudem,TS
2021-06-09,2.5,31.9,27.4,3.42,0.326,Bhadradri Kothagudem,TS
2021-06-10,5.0,32.4,26.2,3.02,0.328,Bhadradri Kothagudem,TS
2021-06-11,9.0,30.3,25.0,2.31,0.417,Bhadradri Kothagudem,TS
2021-06-12,2.4,33.0,25.2,3.61,0.439,Bhadradri Kothagudem,TS
2021-06-13,18.7,29.9,25.4,1.73,0.455,Bhadradri Kothagudem,TS
2021-06-14,15.5,30.2,25.6,2.38,0.488,Bhadradri Kothagudem,TS
2021-06-15,1.8,32.8,26.4,3.09,0.457,Bhadradri Kothagudem,TS
2021-06-16,0.9,33.3,25.7,4.06,0.43,Bhadradri Kothagudem,TS
2021-06-17,5.9,30.2,25.9,3.14,0.416,Bhadradri Kothagudem,TS
2021-06-18,0.5,31.8,25.5,3.66,0.453,Bhadradri Kothagudem,TS
2021-06-19,0.1,33.8,27.8,5.2,0.422,Bhadradri Kothagudem,TS
2021-06-20,0.1,34.8,25.8,5.77,0.401,Bhadradri Kothagudem,TS
2021-06-21,0.0,35.2,27.3,6.11,0.383,Bhadradri Kothagudem,TS
2021-06-22,1.2,34.5,26.2,4.43,0.37,Bhadradri Kothagudem,TS
2021-06-23,2.2,32.0,25.0,3.8,0.377,Bhadradri Kothagudem,TS
2021-06-24,0.6,33.2,24.4,4.39,0.378,Bhadradri Kothagudem,TS
2021-06-25,0.8,34.2,25.8,5.51,0.376,Bhadradri Kothagudem,TS
2021-06-26,8.0,30.6,25.9,3.07,0.395,Bhadradri Kothagudem,TS
2021-06-27,18.3,30.7,24.9,3.26,0.488,Bhadradri Kothagudem,TS
2021-06-28,4.7,32.7,25.1,4.6,0.471,Bhadradri Kothagudem,TS
2021-06-29,1.0,34.5,25.5,5.33,0.439,Bhadradri Kothagudem,TS
2021-06-30,4.2,34.5,27.0,4.88,0.428,Bhadradri Kothagudem,TS
2021-07-01,3.0,31.8,26.5,3.06,0.454,Bhadradri Kothagudem,TS
2021-07-02,1.9,28.6,25.2,2.34,0.469,Bhadradri Kothagudem,TS
2021-07-03,0.1,33.7,25.0,4.07,0.458,Bhadradri Kothagudem,TS
2021-07-04,0.1,33.6,26.0,4.11,0.439,Bhadradri Kothagudem,TS
2021-07-05,2.9,32.2,26.3,3.78,0.435,Bhadradri Kothagudem,TS
2021-07-06,0.3,34.9,24.9,5.01,0.421,Bhadradri Kothagudem,TS
2021-07-07,14.5,33.2,27.0,3.81,0.428,Bhadradri Kothagudem,TS
2021-07-08,10.1,28.9,25.6,1.85,0.456,Bhadradri Kothagudem,TS
2021-07-09,0.8,32.8,24.6,4.46,0.438,Bhadradri Kothagudem,TS
2021-07-10,8.0,31.1,24.9,3.37,0.461,Bhadradri Kothagudem,TS
2021-07-11,24.2,31.1,25.6,2.89,0.482,Bhadradri Kothagudem,TS
2021-07-12,36.9,28.9,25.0,2.02,0.511,Bhadradri Kothagudem,TS
2021-07-13,7.7,30.0,24.8,2.54,0.503,Bhadradri Kothagudem,TS
2021-07-14,10.7,28.9,24.4,2.24,0.499,Bhadradri Kothagudem,TS
2021-07-15,6.3,31.2,24.5,3.54,0.494,Bhadradri Kothagudem,TS
2021-07-16,2.6,32.0,25.0,4.55,0.471,Bhadradri Kothagudem,TS
2021-07-17,1.5,33.1,25.0,4.64,0.451,Bhadradri Kothagudem,TS
2021-07-18,3.4,32.7,25.3,4.34,0.435,Bhadradri Kothagudem,TS
2021-07-19,12.2,32.9,24.7,4.45,0.449,Bhadradri Kothagudem,TS
2021-07-20,7.7,32.3,25.1,3.77,0.488,Bhadradri Kothagudem,TS
2021-07-21,36.7,29.1,24.8,2.27,0.508,Bhadradri Kothagudem,TS
2021-07-22,106.3,26.4,24.0,1.42,0.512,Bhadradri Kothagudem,TS
2021-07-23,23.1,31.3,24.3,3.26,0.503,Bhadradri Kothagudem,TS
2021-07-24,1.1,32.0,24.5,4.08,0.488,Bhadradri Kothagudem,TS
2021-07-25,0.3,33.3,26.2,5.79,0.468,Bhadradri Kothagudem,TS
2021-07-26,0.1,33.7,26.6,5.54,0.458,Bhadradri Kothagudem,TS
2021-07-27,0.0,32.7,27.5,4.57,0.44,Bhadradri Kothagudem,TS
2021-07-28,0.1,32.2,27.4,4.89,0.428,Bhadradri Kothagudem,TS
2021-07-29,0.0,30.0,26.9,3.51,0.419,Bhadradri Kothagudem,TS
2021-07-30,0.3,32.7,26.1,5.01,0.409,Bhadradri Kothagudem,TS
2021-07-31,0.1,32.3,27.1,4.93,0.395,Bhadradri Kothagudem,TS
2021-08-01,1.2,32.4,26.6,5.38,0.385,Bhadradri Kothagudem,TS
2021-08-02,1.6,33.0,26.6,5.68,0.379,Bhadradri Kothagudem,TS
2021-08-03,0.4,33.3,26.2,5.61,0.373,Bhadradri Kothagudem,TS
2021-08-04,0.8,34.0,26.5,5.39,0.36,Bhadradri Kothagudem,TS
2021-08-05,0.5,33.4,27.0,5.16,0.355,Bhadradri Kothagudem,TS
2021-08-06,2.0,33.3,26.4,4.9,0.349,Bhadradri Kothagudem,TS
2021-08-07,2.6,32.6,25.1,4.56,0.344,Bhadradri Kothagudem,TS
2021-08-08,0.2,34.7,25.3,5.47,0.337,Bhadradri Kothagudem,TS
2021-08-09,7.4,33.6,25.9,4.41,0.369,Bhadradri Kothagudem,TS
2021-08-10,5.4,34.3,26.3,4.77,0.419,Bhadradri Kothagudem,TS
2021-08-11,0.9,33.9,26.0,5.19,0.414,Bhadradri Kothagudem,TS
2021-08-12,5.9,33.0,26.4,4.47,0.406,Bhadradri Kothagudem,TS
2021-08-13,4.9,31.9,26.1,3.95,0.402,Bhadradri Kothagudem,TS
2021-08-14,5.2,32.5,26.1,4.22,0.406,Bhadradri Kothagudem,TS
2021-08-15,5.1,32.6,25.5,3.8,0.403,Bhadradri Kothagudem,TS
2021-08-16,16.4,29.5,25.4,1.94,0.475,Bhadradri Kothagudem,TS
2021-08-17,19.8,28.0,24.9,1.72,0.502,Bhadradri Kothagudem,TS
2021-08-18,3.1,29.9,24.4,3.29,0.475,Bhadradri Kothagudem,TS
2021-08-19,8.0,31.5,24.6,3.46,0.485,Bhadradri Kothagudem,TS
2021-08-20,3.1,30.3,25.2,2.87,0.485,Bhadradri Kothagudem,TS
2021-08-21,9.5,30.2,24.8,3.28,0.493,Bhadradri Kothagudem,TS
2021-08-22,4.9,32.1,23.6,4.39,0.477,Bhadradri Kothagudem,TS
2021-08-23,1.0,32.8,24.9,4.78,0.454,Bhadradri Kothagudem,TS
2021-08-24,1.8,32.7,25.2,4.61,0.43,Bhadradri Kothagudem,TS
2021-08-25,5.9,32.5,25.7,4.18,0.431,Bhadradri Kothagudem,TS
2021-08-26,11.3,32.6,24.9,3.75,0.47,Bhadradri Kothagudem,TS
2021-08-27,4.9,31.2,25.4,3.05,0.459,Bhadradri Kothagudem,TS
2021-08-28,8.9,30.6,25.5,2.78,0.485,Bhadradri Kothagudem,TS
2021-08-29,4.5,30.8,25.2,3.25,0.474,Bhadradri Kothagudem,TS
2021-08-30,21.1,29.8,24.3,2.59,0.507,Bhadradri Kothagudem,TS
2021-08-31,18.8,30.5,24.0,3.34,0.505,Bhadradri Kothagudem,TS
2021-09-01,8.0,29.7,24.4,2.96,0.498,Bhadradri Kothagudem,TS
2021-09-02,10.2,31.1,23.5,4.07,0.493,Bhadradri Kothagudem,TS
2021-09-03,10.1,31.3,24.0,3.67,0.503,Bhadradri Kothagudem,TS
2021-09-04,11.4,32.0,24.1,3.86,0.501,Bhadradri Kothagudem,TS
2021-09-05,15.6,31.8,24.4,3.9,0.503,Bhadradri Kothagudem,TS
2021-09-06,39.9,27.1,25.0,1.13,0.512,Bhadradri Kothagudem,TS
2021-09-07,17.8,29.9,24.4,3.45,0.502,Bhadradri Kothagudem,TS
2021-09-08,0.5,31.6,25.2,4.83,0.475,Bhadradri Kothagudem,TS
2021-09-09,0.3,32.8,25.4,4.67,0.453,Bhadradri Kothagudem,TS
2021-09-10,3.9,30.3,25.2,2.39,0.468,Bhadradri Kothagudem,TS
2021-09-11,0.9,29.1,24.8,2.29,0.469,Bhadradri Kothagudem,TS
2021-09-12,0.8,32.5,25.1,4.34,0.451,Bhadradri Kothagudem,TS
2021-09-13,2.4,30.4,26.4,3.22,0.439,Bhadradri Kothagudem,TS
2021-09-14,2.7,31.7,25.4,3.79,0.465,Bhadradri Kothagudem,TS
2021-09-15,0.1,32.7,26.2,5.2,0.44,Bhadradri Kothagudem,TS
2021-09-16,0.0,32.9,25.1,5.1,0.418,Bhadradri Kothagudem,TS
2021-09-17,0.0,32.8,23.8,4.51,0.395,Bhadradri Kothagudem,TS
2021-09-18,1.5,32.9,25.1,4.09,0.378,Bhadradri Kothagudem,TS
2021-09-19,1.4,32.3,24.9,3.68,0.376,Bhadradri Kothagudem,TS
2021-09-20,4.7,29.1,25.1,2.62,0.437,Bhadradri Kothagudem,TS
2021-09-21,7.7,29.7,24.6,3.02,0.466,Bhadradri Kothagudem,TS
2021-09-22,1.1,30.5,24.0,3.64,0.46,Bhadradri Kothagudem,TS
2021-09-23,22.4,31.2,24.6,3.17,0.461,Bhadradri Kothagudem,TS
2021-09-24,2.8,30.8,24.1,3.5,0.476,Bhadradri Kothagudem,TS
2021-09-25,12.7,30.9,24.3,3.29,0.499,Bhadradri Kothagudem,TS
2021-09-26,8.7,31.3,24.5,3.57,0.498,Bhadradri Kothagudem,TS
2021-09-27,63.3,26.9,24.9,1.39,0.511,Bhadradri Kothagudem,TS
2021-09-28,5.2,31.3,24.4,3.86,0.496,Bhadradri Kothagudem,TS
2021-09-29,4.1,31.4,24.5,3.93,0.491,Bhadradri Kothagudem,TS
2021-09-30,2.9,30.6,24.7,3.16,0.479,Bhadradri Kothagudem,TS
2021-10-01,0.3,32.0,24.3,4.38,0.454,Bhadradri Kothagudem,TS
2021-10-02,0.6,31.7,24.6,4.13,0.438,Bhadradri Kothagudem,TS
2021-10-03,0.2,32.1,24.8,4.13,0.419,Bhadradri Kothagudem,TS
2021-10-04,1.2,32.4,24.3,4.17,0.402,Bhadradri Kothagudem,TS
2021-10-05,2.8,32.4,24.9,4.05,0.395,Bhadradri Kothagudem,TS
2021-10-06,4.4,31.0,23.4,3.84,0.398,Bhadradri Kothagudem,TS
2021-10-07,0.7,32.3,24.3,4.27,0.375,Bhadradri Kothagudem,TS
2021-10-08,1.0,31.9,25.2,3.47,0.36,Bhadradri Kothagudem,TS
2021-10-09,3.7,32.0,25.2,3.72,0.387,Bhadradri Kothagudem,TS
2021-10-10,0.1,32.6,24.9,4.22,0.398,Bhadradri Kothagudem,TS
2021-10-11,0.0,32.9,23.6,4.61,0.373,Bhadradri Kothagudem,TS
2021-10-12,2.4,32.4,22.7,4.26,0.338,Bhadradri Kothagudem,TS
2021-10-13,0.1,33.6,23.5,4.76,0.287,Bhadradri Kothagudem,TS
2021-10-14,0.0,33.9,24.6,4.7,0.276,Bhadradri Kothagudem,TS
2021-10-15,17.5,32.8,24.5,3.31,0.302,Bhadradri Kothagudem,TS
2021-10-16,12.9,27.8,24.0,1.56,0.486,Bhadradri Kothagudem,TS
2021-10-17,0.7,32.0,23.5,3.52,0.458,Bhadradri Kothagudem,TS
2021-10-18,0.3,32.5,24.0,3.91,0.432,Bhadradri Kothagudem,TS
2021-10-19,0.2,33.2,24.8,4.24,0.409,Bhadradri Kothagudem,TS
2021-10-20,0.0,32.6,23.4,4.41,0.39,Bhadradri Kothagudem,TS
2021-10-21,0.3,32.9,23.7,4.66,0.375,Bhadradri Kothagudem,TS
2021-10-22,0.0,32.5,22.9,4.68,0.358,Bhadradri Kothagudem,TS
2021-10-23,0.1,32.5,21.8,4.39,0.341,Bhadradri Kothagudem,TS
2021-10-24,0.1,32.2,23.0,4.16,0.327,Bhadradri Kothagudem,TS
2021-10-25,0.0,31.6,22.4,4.35,0.314,Bhadradri Kothagudem,TS
2021-10-26,0.0,31.9,22.6,4.9,0.305,Bhadradri Kothagudem,TS
2021-10-27,0.0,31.6,20.1,4.9,0.299,Bhadradri Kothagudem,TS
2021-10-28,0.0,33.2,22.1,4.82,0.289,Bhadradri Kothagudem,TS
2021-10-29,1.2,32.8,23.2,4.19,0.287,Bhadradri Kothagudem,TS
2021-10-30,6.9,32.3,23.6,3.56,0.301,Bhadradri Kothagudem,TS
2021-10-31,4.9,32.2,23.3,3.79,0.308,Bhadradri Kothagudem,TS
2021-11-01,1.2,31.1,23.4,3.45,0.311,Bhadradri Kothagudem,TS
2021-11-02,14.1,29.4,23.0,2.31,0.376,Bhadradri Kothagudem,TS
2021-11-03,5.9,29.3,22.6,2.4,0.443,Bhadradri Kothagudem,TS
2021-11-04,4.3,30.1,22.3,3.12,0.431,Bhadradri Kothagudem,TS
2021-11-05,0.0,30.5,21.0,3.87,0.402,Bhadradri Kothagudem,TS
2021-11-06,0.0,30.7,20.7,3.85,0.378,Bhadradri Kothagudem,TS
2021-11-07,0.0,30.0,20.5,4.21,0.361,Bhadradri Kothagudem,TS
2021-11-08,0.0,29.9,18.9,4.13,0.349,Bhadradri Kothagudem,TS
2021-11-09,0.0,30.8,18.9,4.06,0.336,Bhadradri Kothagudem,TS
2021-11-10,0.0,31.2,20.2,4.08,0.326,Bhadradri Kothagudem,TS
2021-11-11,10.9,27.9,22.7,2.01,0.348,Bhadradri Kothagudem,TS
2021-11-12,10.9,28.6,23.3,1.97,0.468,Bhadradri Kothagudem,TS
2021-11-13,10.5,28.8,23.7,1.98,0.485,Bhadradri Kothagudem,TS
2021-11-14,7.8,29.2,23.0,2.36,0.494,Bhadradri Kothagudem,TS
2021-11-15,3.7,29.8,22.3,2.98,0.485,Bhadradri Kothagudem,TS
2021-11-16,3.3,29.2,23.1,2.63,0.477,Bhadradri Kothagudem,TS
2021-11-17,0.1,31.2,22.6,3.52,0.46,Bhadradri Kothagudem,TS
2021-11-18,0.1,28.6,23.8,2.05,0.446,Bhadradri Kothagudem,TS
2021-11-19,3.4,28.5,23.7,2.27,0.455,Bhadradri Kothagudem,TS
2021-11-20,1.2,29.7,23.6,2.78,0.464,Bhadradri Kothagudem,TS
2021-11-21,3.1,30.1,22.7,3.06,0.468,Bhadradri Kothagudem,TS
2021-11-22,0.1,30.7,22.8,3.29,0.461,Bhadradri Kothagudem,TS
2021-11-23,0.4,30.1,23.1,2.72,0.437,Bhadradri Kothagudem,TS
2021-11-24,1.2,30.6,22.7,3.47,0.423,Bhadradri Kothagudem,TS
2021-11-25,0.0,30.9,21.9,3.68,0.408,Bhadradri Kothagudem,TS
2021-11-26,0.0,30.5,20.3,3.95,0.398,Bhadradri Kothagudem,TS
2021-11-27,0.0,30.3,20.1,3.81,0.384,Bhadradri Kothagudem,TS
2021-11-28,0.0,28.9,21.1,2.69,0.374,Bhadradri Kothagudem,TS
2021-11-29,4.6,27.8,22.3,2.44,0.394,Bhadradri Kothagudem,TS
2021-11-30,0.0,29.5,20.5,3.55,0.402,Bhadradri Kothagudem,TS
2021-12-01,0.0,28.9,19.5,3.74,0.386,Bhadradri Kothagudem,TS
2021-12-02,0.0,28.6,18.3,3.77,0.372,Bhadradri Kothagudem,TS
2021-12-03,0.0,28.2,18.4,3.2,0.356,Bhadradri Kothagudem,TS
2021-12-04,0.0,31.1,19.2,4.15,0.341,Bhadradri Kothagudem,TS
2021-12-05,0.0,30.9,20.6,3.97,0.319,Bhadradri Kothagudem,TS
2021-12-06,0.0,31.4,21.0,3.75,0.305,Bhadradri Kothagudem,TS
2021-12-07,0.2,31.9,21.9,4.01,0.295,Bhadradri Kothagudem,TS
2021-12-08,0.0,31.4,21.0,3.4,0.287,Bhadradri Kothagudem,TS
2021-12-09,0.0,31.9,21.3,3.42,0.279,Bhadradri Kothagudem,TS
2021-12-10,0.5,31.0,23.6,3.28,0.279,Bhadradri Kothagudem,TS
2021-12-11,0.1,31.6,22.0,3.66,0.278,Bhadradri Kothagudem,TS
2021-12-12,0.0,31.4,21.5,3.74,0.273,Bhadradri Kothagudem,TS
2021-12-13,0.0,30.2,20.2,3.5,0.267,Bhadradri Kothagudem,TS
2021-12-14,0.0,29.5,19.3,3.51,0.264,Bhadradri Kothagudem,TS
2021-12-15,0.0,28.6,18.5,3.28,0.264,Bhadradri Kothagudem,TS
2021-12-16,0.0,29.0,16.4,3.9,0.264,Bhadradri Kothagudem,TS
2021-12-17,0.0,29.1,15.4,3.93,0.263,Bhadradri Kothagudem,TS
2021-12-18,0.0,28.8,14.5,4.13,0.261,Bhadradri Kothagudem,TS
2021-12-19,0.0,28.2,16.1,3.78,0.263,Bhadradri Kothagudem,TS
2021-12-20,0.0,27.7,15.2,3.66,0.263,Bhadradri Kothagudem,TS
2021-12-21,0.0,27.7,13.7,3.79,0.265,Bhadradri Kothagudem,TS
2021-12-22,0.0,28.2,15.0,3.68,0.266,Bhadradri Kothagudem,TS
2021-12-23,0.0,29.6,14.1,3.7,0.263,Bhadradri Kothagudem,TS
2021-12-24,0.0,30.3,14.8,3.81,0.261,Bhadradri Kothagudem,TS
2021-12-25,0.0,31.2,17.7,3.71,0.262,Bhadradri Kothagudem,TS
2021-12-26,0.0,30.7,18.9,3.51,0.259,Bhadradri Kothagudem,TS
2021-12-27,0.0,30.7,19.4,3.45,0.262,Bhadradri Kothagudem,TS
2021-12-28,0.0,30.0,18.6,3.9,0.263,Bhadradri Kothagudem,TS
2021-12-29,0.1,30.7,18.8,3.92,0.264,Bhadradri Kothagudem,TS
2021-12-30,0.0,29.6,19.2,3.52,0.263,Bhadradri Kothagudem,TS
2021-12-31,0.0,30.2,18.5,3.68,0.266,Bhadradri Kothagudem,TS
2022-01-01,0.0,30.2,18.0,3.76,0.265,Bhadradri Kothagudem,TS
2022-01-02,0.0,29.7,18.7,3.76,0.266,Bhadradri Kothagudem,TS
2022-01-03,0.0,29.2,18.0,3.72,0.264,Bhadradri Kothagudem,TS
2022-01-04,0.0,29.6,16.8,3.83,0.259,Bhadradri Kothagudem,TS
2022-01-05,0.0,29.7,17.6,3.88,0.254,Bhadradri Kothagudem,TS
2022-01-06,0.0,30.5,18.2,4.15,0.249,Bhadradri Kothagudem,TS
2022-01-07,0.0,30.4,18.8,4.41,0.248,Bhadradri Kothagudem,TS
2022-01-08,0.0,31.2,19.4,4.21,0.247,Bhadradri Kothagudem,TS
2022-01-09,0.0,31.5,19.4,4.31,0.245,Bhadradri Kothagudem,TS
2022-01-10,2.0,30.7,20.1,3.64,0.248,Bhadradri Kothagudem,TS
2022-01-11,5.1,30.0,19.5,3.41,0.404,Bhadradri Kothagudem,TS
2022-01-12,10.8,27.3,19.9,2.07,0.471,Bhadradri Kothagudem,TS
2022-01-13,8.2,26.0,19.5,1.57,0.472,Bhadradri Kothagudem,TS
2022-01-14,5.7,27.1,19.3,2.22,0.468,Bhadradri Kothagudem,TS
2022-01-15,10.6,26.7,17.8,2.61,0.46,Bhadradri Kothagudem,TS
2022-01-16,0.1,27.8,18.1,3.47,0.432,Bhadradri Kothagudem,TS
2022-01-17,0.0,27.5,18.9,3.47,0.417,Bhadradri Kothagudem,TS
2022-01-18,0.0,28.2,18.2,3.69,0.394,Bhadradri Kothagudem,TS
2022-01-19,0.0,27.8,16.8,3.92,0.374,Bhadradri Kothagudem,TS
2022-01-20,0.0,29.1,15.9,3.91,0.356,Bhadradri Kothagudem,TS
2022-01-21,0.0,30.7,17.5,4.35,0.342,Bhadradri Kothagudem,TS
2022-01-22,0.0,31.0,16.4,4.07,0.332,Bhadradri Kothagudem,TS
2022-01-23,0.5,30.8,20.7,3.98,0.324,Bhadradri Kothagudem,TS
2022-01-24,0.0,30.3,19.7,4.17,0.314,Bhadradri Kothagudem,TS
2022-01-25,0.0,29.3,17.4,4.42,0.304,Bhadradri Kothagudem,TS
2022-01-26,0.0,29.6,16.9,4.36,0.297,Bhadradri Kothagudem,TS
2022-01-27,0.0,28.9,17.0,4.78,0.292,Bhadradri Kothagudem,TS
2022-01-28,0.0,28.3,14.5,4.63,0.282,Bhadradri Kothagudem,TS
2022-01-29,0.0,29.2,13.3,4.42,0.275,Bhadradri Kothagudem,TS
2022-01-30,0.0,30.5,14.6,4.53,0.27,Bhadradri Kothagudem,TS
2022-01-31,0.0,31.4,15.3,4.35,0.264,Bhadradri Kothagudem,TS
2022-02-01,0.1,31.8,18.8,3.95,0.261,Bhadradri Kothagudem,TS
2022-02-02,0.0,32.9,17.2,4.58,0.26,Bhadradri Kothagudem,TS
2022-02-03,0.0,32.5,19.4,5.0,0.262,Bhadradri Kothagudem,TS
2022-02-04,0.2,31.8,20.5,4.84,0.268,Bhadradri Kothagudem,TS
2022-02-05,0.0,30.4,16.3,4.89,0.273,Bhadradri Kothagudem,TS
2022-02-06,0.0,31.3,14.9,4.71,0.274,Bhadradri Kothagudem,TS
2022-02-07,0.0,31.4,18.7,4.56,0.268,Bhadradri Kothagudem,TS
2022-02-08,0.0,32.2,19.0,4.53,0.264,Bhadradri Kothagudem,TS
2022-02-09,0.0,32.9,20.5,5.21,0.261,Bhadradri Kothagudem,TS
2022-02-10,0.0,32.5,18.9,4.56,0.259,Bhadradri Kothagudem,TS
2022-02-11,0.0,32.9,19.2,5.14,0.257,Bhadradri Kothagudem,TS
2022-02-12,0.0,31.8,19.0,4.9,0.261,Bhadradri Kothagudem,TS
2022-02-13,0.0,31.8,16.7,4.77,0.263,Bhadradri Kothagudem,TS
2022-02-14,0.0,32.1,17.5,4.88,0.262,Bhadradri Kothagudem,TS
2022-02-15,0.0,32.3,18.4,4.83,0.262,Bhadradri Kothagudem,TS
2022-02-16,0.0,33.2,18.8,4.98,0.264,Bhadradri Kothagudem,TS
2022-02-17,0.0,32.9,19.7,4.72,0.265,Bhadradri Kothagudem,TS
2022-02-18,0.0,34.1,20.2,4.97,0.262,Bhadradri Kothagudem,TS
2022-02-19,0.0,33.6,19.7,4.79,0.258,Bhadradri Kothagudem,TS
2022-02-20,0.0,35.0,20.6,5.77,0.257,Bhadradri Kothagudem,TS
2022-02-21,0.0,34.5,20.4,4.88,0.256,Bhadradri Kothagudem,TS
2022-02-22,0.0,34.8,18.8,5.16,0.258,Bhadradri Kothagudem,TS
2022-02-23,0.0,34.8,22.1,5.31,0.258,Bhadradri Kothagudem,TS
2022-02-24,0.0,34.8,20.8,5.34,0.256,Bhadradri Kothagudem,TS
2022-02-25,0.0,35.7,20.9,5.26,0.255,Bhadradri Kothagudem,TS
2022-02-26,0.0,34.7,18.4,5.83,0.254,Bhadradri Kothagudem,TS
2022-02-27,0.0,34.9,20.0,5.78,0.251,Bhadradri Kothagudem,TS
2022-02-28,0.0,35.9,18.7,5.73,0.253,Bhadradri Kothagudem,TS
2022-03-01,0.0,35.8,19.4,5.68,0.253,Bhadradri Kothagudem,TS
2022-03-02,0.0,36.1,19.2,6.18,0.253,Bhadradri Kothagudem,TS
2022-03-03,0.0,36.5,20.6,6.41,0.252,Bhadradri Kothagudem,TS
2022-03-04,0.0,36.1,19.9,6.18,0.252,Bhadradri Kothagudem,TS
2022-03-05,0.0,35.8,20.7,6.15,0.252,Bhadradri Kothagudem,TS
2022-03-06,0.0,35.8,20.8,5.75,0.252,Bhadradri Kothagudem,TS
2022-03-07,0.0,35.4,21.8,5.44,0.252,Bhadradri Kothagudem,TS
2022-03-08,0.0,35.9,21.8,5.15,0.252,Bhadradri Kothagudem,TS
2022-03-09,0.0,36.9,22.3,5.73,0.252,Bhadradri Kothagudem,TS
2022-03-10,0.0,36.7,22.5,5.88,0.252,Bhadradri Kothagudem,TS
2022-03-11,0.0,37.2,22.3,6.08,0.252,Bhadradri Kothagudem,TS
2022-03-12,0.0,37.0,22.7,5.79,0.252,Bhadradri Kothagudem,TS
2022-03-13,0.0,37.7,23.4,6.14,0.252,Bhadradri Kothagudem,TS
2022-03-14,0.0,37.6,22.6,6.05,0.252,Bhadradri Kothagudem,TS
2022-03-15,0.0,39.0,21.1,6.49,0.249,Bhadradri Kothagudem,TS
2022-03-16,0.0,40.1,22.2,6.86,0.252,Bhadradri Kothagudem,TS
2022-03-17,0.0,41.0,22.9,6.87,0.252,Bhadradri Kothagudem,TS
2022-03-18,0.0,38.4,23.5,6.15,0.252,Bhadradri Kothagudem,TS
2022-03-19,0.0,36.9,24.0,5.43,0.252,Bhadradri Kothagudem,TS
2022-03-20,0.0,37.6,24.7,5.22,0.252,Bhadradri Kothagudem,TS
2022-03-21,11.1,35.8,26.2,3.98,0.286,Bhadradri Kothagudem,TS
2022-03-22,0.0,38.1,25.4,5.73,0.274,Bhadradri Kothagudem,TS
2022-03-23,0.0,39.2,26.1,5.79,0.267,Bhadradri Kothagudem,TS
2022-03-24,0.0,38.6,25.1,5.99,0.261,Bhadradri Kothagudem,TS
2022-03-25,0.0,38.7,24.9,6.13,0.257,Bhadradri Kothagudem,TS
2022-03-26,0.0,38.9,25.0,5.83,0.257,Bhadradri Kothagudem,TS
2022-03-27,0.0,38.7,25.3,5.87,0.253,Bhadradri Kothagudem,TS
2022-03-28,0.0,39.3,25.6,6.0,0.253,Bhadradri Kothagudem,TS
2022-03-29,0.0,39.4,25.0,5.85,0.254,Bhadradri Kothagudem,TS
2022-03-30,0.0,39.5,24.9,6.01,0.249,Bhadradri Kothagudem,TS
2022-03-31,0.0,39.4,24.9,6.06,0.25,Bhadradri Kothagudem,TS
2022-04-01,0.0,38.7,25.7,6.49,0.253,Bhadradri Kothagudem,TS
2022-04-02,0.0,38.0,25.6,6.33,0.257,Bhadradri Kothagudem,TS
2022-04-03,0.0,39.3,25.2,6.27,0.256,Bhadradri Kothagudem,TS
2022-04-04,0.0,38.7,25.8,6.69,0.254,Bhadradri Kothagudem,TS
2022-04-05,0.0,38.7,25.4,6.12,0.254,Bhadradri Kothagudem,TS
2022-04-06,0.0,39.0,25.4,6.27,0.253,Bhadradri Kothagudem,TS
2022-04-07,0.0,39.0,25.5,5.96,0.252,Bhadradri Kothagudem,TS
2022-04-08,0.0,39.0,25.3,6.62,0.252,Bhadradri Kothagudem,TS
2022-04-09,0.0,39.0,25.5,6.24,0.255,Bhadradri Kothagudem,TS
2022-04-10,0.0,38.7,25.7,6.34,0.253,Bhadradri Kothagudem,TS
2022-04-11,0.0,39.1,25.5,5.78,0.25,Bhadradri Kothagudem,TS
2022-04-12,0.0,39.7,25.0,6.59,0.248,Bhadradri Kothagudem,TS
2022-04-13,0.0,39.5,25.5,6.69,0.246,Bhadradri Kothagudem,TS
2022-04-14,0.0,39.6,25.8,6.04,0.25,Bhadradri Kothagudem,TS
2022-04-15,0.0,39.6,25.9,5.59,0.251,Bhadradri Kothagudem,TS
2022-04-16,0.3,35.9,28.1,5.14,0.253,Bhadradri Kothagudem,TS
2022-04-17,0.1,36.5,27.6,5.51,0.252,Bhadradri Kothagudem,TS
2022-04-18,1.8,39.5,27.3,6.3,0.251,Bhadradri Kothagudem,TS
2022-04-19,0.0,40.2,25.9,6.3,0.252,Bhadradri Kothagudem,TS
2022-04-20,0.0,40.8,26.4,6.5,0.253,Bhadradri Kothagudem,TS
2022-04-21,0.1,39.6,27.0,6.37,0.257,Bhadradri Kothagudem,TS
2022-04-22,0.1,38.5,25.8,6.31,0.265,Bhadradri Kothagudem,TS
2022-04-23,0.2,38.9,26.3,6.01,0.261,Bhadradri Kothagudem,TS
2022-04-24,0.0,39.3,26.6,6.44,0.283,Bhadradri Kothagudem,TS
2022-04-25,0.0,41.2,27.5,6.77,0.282,Bhadradri Kothagudem,TS
2022-04-26,0.0,40.6,26.7,6.55,0.274,Bhadradri Kothagudem,TS
2022-04-27,0.0,40.7,26.9,6.42,0.269,Bhadradri Kothagudem,TS
2022-04-28,7.6,40.9,27.4,6.58,0.266,Bhadradri Kothagudem,TS
2022-04-29,0.0,41.5,26.3,6.83,0.267,Bhadradri Kothagudem,TS
2022-04-30,0.0,41.4,26.9,7.09,0.261,Bhadradri Kothagudem,TS
2022-05-01,0.1,41.3,27.3,7.26,0.259,Bhadradri Kothagudem,TS
2022-05-02,0.0,41.9,27.5,6.67,0.256,Bhadradri Kothagudem,TS
2022-05-03,0.4,40.1,28.0,6.43,0.257,Bhadradri Kothagudem,TS
2022-05-04,0.2,38.3,27.0,5.82,0.261,Bhadradri Kothagudem,TS
2022-05-05,0.4,38.3,28.5,6.46,0.26,Bhadradri Kothagudem,TS
2022-05-06,0.0,40.2,27.1,6.45,0.259,Bhadradri Kothagudem,TS
2022-05-07,0.0,40.5,26.7,6.33,0.259,Bhadradri Kothagudem,TS
2022-05-08,0.0,39.9,28.1,6.04,0.258,Bhadradri Kothagudem,TS
2022-05-09,0.0,40.2,26.4,7.13,0.258,Bhadradri Kothagudem,TS
2022-05-10,1.7,34.9,28.2,3.73,0.258,Bhadradri Kothagudem,TS
2022-05-11,7.5,32.6,27.6,3.84,0.372,Bhadradri Kothagudem,TS
2022-05-12,1.5,34.6,25.9,5.13,0.426,Bhadradri Kothagudem,TS
2022-05-13,0.0,37.1,25.8,4.92,0.386,Bhadradri Kothagudem,TS
2022-05-14,0.0,38.3,26.6,5.69,0.359,Bhadradri Kothagudem,TS
2022-05-15,0.5,38.6,27.7,5.72,0.33,Bhadradri Kothagudem,TS
2022-05-16,0.0,38.3,27.6,5.92,0.309,Bhadradri Kothagudem,TS
2022-05-17,10.3,39.3,27.9,5.65,0.305,Bhadradri Kothagudem,TS
2022-05-18,15.8,37.4,26.9,4.78,0.344,Bhadradri Kothagudem,TS
2022-05-19,10.2,34.3,27.2,4.54,0.447,Bhadradri Kothagudem,TS
2022-05-20,0.6,36.3,26.3,5.3,0.415,Bhadradri Kothagudem,TS
2022-05-21,0.1,38.8,26.9,6.38,0.376,Bhadradri Kothagudem,TS
2022-05-22,0.0,40.3,28.3,8.4,0.345,Bhadradri Kothagudem,TS
2022-05-23,0.0,40.7,30.4,8.57,0.32,Bhadradri Kothagudem,TS
2022-05-24,0.0,41.7,29.1,7.57,0.301,Bhadradri Kothagudem,TS
2022-05-25,0.4,39.1,27.4,6.08,0.298,Bhadradri Kothagudem,TS
2022-05-26,0.3,40.3,28.3,6.87,0.298,Bhadradri Kothagudem,TS
2022-05-27,1.2,38.5,26.1,5.35,0.303,Bhadradri Kothagudem,TS
2022-05-28,0.0,40.9,28.1,7.72,0.298,Bhadradri Kothagudem,TS
2022-05-29,0.0,40.6,28.2,7.34,0.292,Bhadradri Kothagudem,TS
2022-05-30,0.0,41.9,29.0,7.46,0.289,Bhadradri Kothagudem,TS
2022-05-31,0.4,39.6,30.1,6.96,0.288,Bhadradri Kothagudem,TS
2022-06-01,0.7,41.6,29.9,7.3,0.28,Bhadradri Kothagudem,TS
2022-06-02,0.0,42.6,29.5,6.97,0.27,Bhadradri Kothagudem,TS
2022-06-03,0.0,43.4,30.1,8.07,0.262,Bhadradri Kothagudem,TS
2022-06-04,0.0,44.2,30.2,7.68,0.265,Bhadradri Kothagudem,TS
2022-06-05,1.4,42.6,29.7,6.43,0.271,Bhadradri Kothagudem,TS
2022-06-06,0.0,42.6,28.6,7.25,0.28,Bhadradri Kothagudem,TS
2022-06-07,0.0,42.0,29.1,7.05,0.28,Bhadradri Kothagudem,TS
2022-06-08,0.0,42.4,29.6,8.09,0.275,Bhadradri Kothagudem,TS
2022-06-09,0.0,41.5,30.4,7.61,0.282,Bhadradri Kothagudem,TS
2022-06-10,4.0,39.9,27.9,6.3,0.318,Bhadradri Kothagudem,TS
2022-06-11,0.0,38.8,28.9,6.65,0.337,Bhadradri Kothagudem,TS
2022-06-12,0.1,37.6,27.7,5.99,0.323,Bhadradri Kothagudem,TS
2022-06-13,0.0,35.9,28.3,5.8,0.312,Bhadradri Kothagudem,TS
2022-06-14,0.2,38.3,28.2,6.44,0.302,Bhadradri Kothagudem,TS
2022-06-15,11.4,38.2,26.1,5.9,0.299,Bhadradri Kothagudem,TS
2022-06-16,0.7,35.5,25.4,4.84,0.338,Bhadradri Kothagudem,TS
2022-06-17,0.2,35.8,26.4,5.93,0.335,Bhadradri Kothagudem,TS
2022-06-18,0.1,36.2,26.9,5.91,0.323,Bhadradri Kothagudem,TS
2022-06-19,0.9,35.3,26.9,5.34,0.315,Bhadradri Kothagudem,TS
2022-06-20,29.6,36.2,25.6,4.99,0.357,Bhadradri Kothagudem,TS
2022-06-21,3.8,32.1,25.2,3.41,0.452,Bhadradri Kothagudem,TS
2022-06-22,16.0,32.1,24.7,3.04,0.468,Bhadradri Kothagudem,TS
2022-06-23,1.4,35.0,25.8,4.85,0.417,Bhadradri Kothagudem,TS
2022-06-24,1.0,33.0,26.3,3.53,0.4,Bhadradri Kothagudem,TS
2022-06-25,7.4,32.6,25.9,3.17,0.425,Bhadradri Kothagudem,TS
2022-06-26,8.6,30.7,25.7,3.31,0.449,Bhadradri Kothagudem,TS
2022-06-27,1.4,31.5,25.2,4.13,0.443,Bhadradri Kothagudem,TS
2022-06-28,12.2,31.9,24.1,3.19,0.481,Bhadradri Kothagudem,TS
2022-06-29,7.0,31.2,24.9,3.6,0.469,Bhadradri Kothagudem,TS
2022-06-30,0.7,33.6,26.2,4.28,0.45,Bhadradri Kothagudem,TS
2022-07-01,3.6,34.2,24.7,4.81,0.427,Bhadradri Kothagudem,TS
2022-07-02,3.9,33.2,25.3,4.18,0.427,Bhadradri Kothagudem,TS
2022-07-03,13.7,32.1,24.8,3.14,0.477,Bhadradri Kothagudem,TS
2022-07-04,16.7,30.2,24.6,1.93,0.505,Bhadradri Kothagudem,TS
2022-07-05,16.3,29.4,25.1,2.74,0.497,Bhadradri Kothagudem,TS
2022-07-06,20.8,29.4,24.9,1.55,0.508,Bhadradri Kothagudem,TS
2022-07-07,10.0,31.3,24.8,2.74,0.503,Bhadradri Kothagudem,TS
2022-07-08,65.4,26.0,24.6,1.32,0.51,Bhadradri Kothagudem,TS
2022-07-09,42.0,25.5,24.3,1.3,0.51,Bhadradri Kothagudem,TS
2022-07-10,81.4,27.5,24.0,2.11,0.506,Bhadradri Kothagudem,TS
2022-07-11,108.3,25.6,24.3,1.27,0.51,Bhadradri Kothagudem,TS
2022-07-12,71.6,25.3,24.0,1.67,0.515,Bhadradri Kothagudem,TS
2022-07-13,39.8,26.9,23.8,1.87,0.509,Bhadradri Kothagudem,TS
2022-07-14,7.7,29.7,24.8,3.54,0.498,Bhadradri Kothagudem,TS
2022-07-15,1.0,31.6,25.5,4.08,0.483,Bhadradri Kothagudem,TS
2022-07-16,3.4,31.8,25.2,3.71,0.495,Bhadradri Kothagudem,TS
2022-07-17,13.6,27.9,25.5,1.92,0.503,Bhadradri Kothagudem,TS
2022-07-18,24.4,29.5,24.6,2.58,0.504,Bhadradri Kothagudem,TS
2022-07-19,0.1,33.1,23.5,5.51,0.481,Bhadradri Kothagudem,TS
2022-07-20,1.9,32.3,25.3,4.37,0.46,Bhadradri Kothagudem,TS
2022-07-21,3.8,30.8,25.7,3.83,0.458,Bhadradri Kothagudem,TS
2022-07-22,16.2,29.8,25.1,2.9,0.483,Bhadradri Kothagudem,TS
2022-07-23,5.8,30.0,24.3,2.97,0.503,Bhadradri Kothagudem,TS
2022-07-24,2.5,30.2,24.1,3.51,0.488,Bhadradri Kothagudem,TS
2022-07-25,9.5,31.2,24.6,3.67,0.493,Bhadradri Kothagudem,TS
2022-07-26,34.2,30.2,24.0,3.13,0.505,Bhadradri Kothagudem,TS
2022-07-27,1.3,32.3,23.0,4.67,0.483,Bhadradri Kothagudem,TS
2022-07-28,1.4,32.4,24.6,5.01,0.467,Bhadradri Kothagudem,TS
2022-07-29,1.3,32.0,25.2,3.86,0.459,Bhadradri Kothagudem,TS
2022-07-30,3.4,31.6,24.6,4.07,0.48,Bhadradri Kothagudem,TS
2022-07-31,8.9,32.8,24.2,4.72,0.474,Bhadradri Kothagudem,TS
2022-08-01,5.8,33.0,24.6,4.58,0.481,Bhadradri Kothagudem,TS
2022-08-02,11.3,32.4,24.7,3.86,0.494,Bhadradri Kothagudem,TS
2022-08-03,5.5,33.1,24.9,4.76,0.487,Bhadradri Kothagudem,TS
2022-08-04,16.2,31.3,24.8,3.72,0.495,Bhadradri Kothagudem,TS
2022-08-05,16.1,30.9,24.7,3.13,0.504,Bhadradri Kothagudem,TS
2022-08-06,22.7,28.9,23.9,2.48,0.509,Bhadradri Kothagudem,TS
2022-08-07,30.9,29.1,24.6,2.07,0.512,Bhadradri Kothagudem,TS
2022-08-08,13.8,28.4,24.4,2.5,0.505,Bhadradri Kothagudem,TS
2022-08-09,21.7,29.0,24.3,2.61,0.511,Bhadradri Kothagudem,TS
2022-08-10,0.5,31.3,24.5,4.58,0.49,Bhadradri Kothagudem,TS
2022-08-11,0.2,31.6,26.4,4.76,0.471,Bhadradri Kothagudem,TS
2022-08-12,0.7,32.9,26.4,5.09,0.449,Bhadradri Kothagudem,TS
2022-08-13,0.7,32.0,26.9,4.36,0.453,Bhadradri Kothagudem,TS
2022-08-14,32.2,27.7,24.4,1.46,0.51,Bhadradri Kothagudem,TS
2022-08-15,3.9,30.3,24.2,3.13,0.501,Bhadradri Kothagudem,TS
2022-08-16,0.7,32.7,24.1,5.05,0.486,Bhadradri Kothagudem,TS
2022-08-17,0.6,33.1,24.5,4.87,0.464,Bhadradri Kothagudem,TS
2022-08-18,1.9,33.2,25.6,4.56,0.451,Bhadradri Kothagudem,TS
2022-08-19,10.4,31.1,24.5,2.64,0.481,Bhadradri Kothagudem,TS
2022-08-20,0.8,32.9,25.4,4.38,0.47,Bhadradri Kothagudem,TS
2022-08-21,0.1,32.8,25.5,5.4,0.453,Bhadradri Kothagudem,TS
2022-08-22,0.0,33.0,26.0,5.51,0.427,Bhadradri Kothagudem,TS
2022-08-23,0.4,33.7,25.4,5.08,0.404,Bhadradri Kothagudem,TS
2022-08-24,10.5,32.4,24.2,3.6,0.435,Bhadradri Kothagudem,TS
2022-08-25,1.6,32.7,23.6,4.97,0.464,Bhadradri Kothagudem,TS
2022-08-26,0.0,33.3,24.3,4.89,0.43,Bhadradri Kothagudem,TS
2022-08-27,0.3,33.4,24.8,4.82,0.411,Bhadradri Kothagudem,TS
2022-08-28,16.9,32.4,24.0,3.9,0.417,Bhadradri Kothagudem,TS
2022-08-29,14.2,31.5,24.1,3.96,0.478,Bhadradri Kothagudem,TS
2022-08-30,1.4,32.8,23.8,4.84,0.464,Bhadradri Kothagudem,TS
2022-08-31,6.6,31.9,24.4,3.84,0.472,Bhadradri Kothagudem,TS
2022-09-01,0.5,32.8,24.5,4.78,0.448,Bhadradri Kothagudem,TS
2022-09-02,1.3,32.1,24.2,4.65,0.428,Bhadradri Kothagudem,TS
2022-09-03,0.1,33.8,24.4,5.04,0.403,Bhadradri Kothagudem,TS
2022-09-04,0.5,34.0,25.5,4.24,0.376,Bhadradri Kothagudem,TS
2022-09-05,11.8,33.4,24.8,4.81,0.379,Bhadradri Kothagudem,TS
2022-09-06,0.7,33.2,24.3,4.28,0.437,Bhadradri Kothagudem,TS
2022-09-07,18.9,30.8,23.6,2.34,0.463,Bhadradri Kothagudem,TS
2022-09-08,48.3,29.8,24.6,2.43,0.484,Bhadradri Kothagudem,TS
2022-09-09,29.9,29.7,23.8,2.15,0.502,Bhadradri Kothagudem,TS
2022-09-10,36.7,28.5,24.3,2.07,0.51,Bhadradri Kothagudem,TS
2022-09-11,27.2,28.9,24.6,2.04,0.505,Bhadradri Kothagudem,TS
2022-09-12,4.8,30.1,25.5,3.43,0.489,Bhadradri Kothagudem,TS
2022-09-13,0.1,31.2,25.6,4.09,0.485,Bhadradri Kothagudem,TS
2022-09-14,0.2,32.0,25.6,5.15,0.462,Bhadradri Kothagudem,TS
2022-09-15,0.1,32.5,25.2,5.21,0.446,Bhadradri Kothagudem,TS
2022-09-16,0.0,33.2,25.4,5.55,0.432,Bhadradri Kothagudem,TS
2022-09-17,0.9,32.8,25.7,4.42,0.413,Bhadradri Kothagudem,TS
2022-09-18,3.8,32.7,24.9,4.17,0.43,Bhadradri Kothagudem,TS
2022-09-19,13.1,27.9,24.7,1.48,0.498,Bhadradri Kothagudem,TS
2022-09-20,5.6,28.7,24.2,2.03,0.502,Bhadradri Kothagudem,TS
2022-09-21,5.5,31.8,23.4,3.97,0.491,Bhadradri Kothagudem,TS
2022-09-22,12.9,30.3,24.1,2.85,0.496,Bhadradri Kothagudem,TS
2022-09-23,5.2,30.9,24.0,3.26,0.499,Bhadradri Kothagudem,TS
2022-09-24,0.1,31.8,23.3,4.37,0.477,Bhadradri Kothagudem,TS
2022-09-25,0.5,31.7,23.4,4.3,0.449,Bhadradri Kothagudem,TS
2022-09-26,10.8,31.2,24.2,3.35,0.45,Bhadradri Kothagudem,TS
2022-09-27,4.6,31.1,23.5,3.63,0.488,Bhadradri Kothagudem,TS
2022-09-28,14.3,30.9,24.1,3.4,0.487,Bhadradri Kothagudem,TS
2022-09-29,13.3,30.8,23.7,3.11,0.503,Bhadradri Kothagudem,TS
2022-09-30,30.7,29.7,24.0,2.6,0.505,Bhadradri Kothagudem,TS
2022-10-01,6.0,30.5,23.2,2.54,0.497,Bhadradri Kothagudem,TS
2022-10-02,0.0,32.6,23.5,4.69,0.477,Bhadradri Kothagudem,TS
2022-10-03,0.0,32.4,24.5,4.5,0.462,Bhadradri Kothagudem,TS
2022-10-04,1.7,30.1,24.5,2.72,0.469,Bhadradri Kothagudem,TS
2022-10-05,6.1,30.0,23.4,2.9,0.489,Bhadradri Kothagudem,TS
2022-10-06,11.5,27.4,24.0,2.19,0.494,Bhadradri Kothagudem,TS
2022-10-07,4.5,28.9,24.0,2.99,0.487,Bhadradri Kothagudem,TS
2022-10-08,9.1,30.8,23.4,3.45,0.489,Bhadradri Kothagudem,TS
2022-10-09,16.3,28.5,22.9,2.27,0.491,Bhadradri Kothagudem,TS
2022-10-10,0.8,29.6,23.9,3.55,0.492,Bhadradri Kothagudem,TS
2022-10-11,2.4,30.6,23.5,3.69,0.484,Bhadradri Kothagudem,TS
2022-10-12,1.3,31.3,22.7,4.09,0.462,Bhadradri Kothagudem,TS
2022-10-13,8.7,29.9,23.3,3.32,0.472,Bhadradri Kothagudem,TS
2022-10-14,17.7,30.4,23.4,3.6,0.492,Bhadradri Kothagudem,TS
2022-10-15,7.5,28.5,22.8,2.24,0.5,Bhadradri Kothagudem,TS
2022-10-16,4.9,29.5,23.4,2.89,0.491,Bhadradri Kothagudem,TS
2022-10-17,0.8,31.3,23.0,4.18,0.469,Bhadradri Kothagudem,TS
2022-10-18,1.0,30.8,22.7,3.93,0.457,Bhadradri Kothagudem,TS
2022-10-19,6.3,30.5,22.6,3.87,0.456,Bhadradri Kothagudem,TS
2022-10-20,0.1,30.8,22.1,3.99,0.459,Bhadradri Kothagudem,TS
2022-10-21,0.0,31.1,22.1,4.52,0.422,Bhadradri Kothagudem,TS
2022-10-22,0.0,30.4,20.1,4.75,0.407,Bhadradri Kothagudem,TS
2022-10-23,0.0,30.7,19.0,4.78,0.391,Bhadradri Kothagudem,TS
2022-10-24,0.0,31.1,19.7,4.98,0.377,Bhadradri Kothagudem,TS
2022-10-25,0.0,31.1,19.5,4.61,0.361,Bhadradri Kothagudem,TS
2022-10-26,0.0,30.6,20.3,4.15,0.351,Bhadradri Kothagudem,TS
2022-10-27,0.0,31.0,19.4,4.37,0.335,Bhadradri Kothagudem,TS
2022-10-28,0.0,30.7,19.1,4.45,0.322,Bhadradri Kothagudem,TS
2022-10-29,0.0,29.7,18.9,4.57,0.321,Bhadradri Kothagudem,TS
2022-10-30,0.0,29.2,17.3,4.34,0.32,Bhadradri Kothagudem,TS
2022-10-31,0.0,30.0,17.7,4.32,0.309,Bhadradri Kothagudem,TS
2022-11-01,0.0,29.8,20.0,3.3,0.309,Bhadradri Kothagudem,TS
2022-11-02,0.5,30.9,21.3,3.63,0.302,Bhadradri Kothagudem,TS
2022-11-03,0.4,30.3,22.4,3.12,0.301,Bhadradri Kothagudem,TS
2022-11-04,0.4,30.4,22.8,3.68,0.298,Bhadradri Kothagudem,TS
2022-11-05,0.0,31.2,21.6,4.39,0.292,Bhadradri Kothagudem,TS
2022-11-06,0.0,31.0,19.8,4.39,0.287,Bhadradri Kothagudem,TS
2022-11-07,0.0,31.2,19.1,4.38,0.282,Bhadradri Kothagudem,TS
2022-11-08,0.0,31.5,20.4,4.42,0.276,Bhadradri Kothagudem,TS
2022-11-09,0.0,31.1,19.3,4.27,0.271,Bhadradri Kothagudem,TS
2022-11-10,0.0,31.2,19.4,4.26,0.267,Bhadradri Kothagudem,TS
2022-11-11,0.0,31.2,21.0,4.27,0.268,Bhadradri Kothagudem,TS
2022-11-12,0.0,31.7,20.9,4.26,0.266,Bhadradri Kothagudem,TS
2022-11-13,0.0,31.4,20.8,4.45,0.261,Bhadradri Kothagudem,TS
2022-11-14,0.0,30.8,20.7,4.21,0.259,Bhadradri Kothagudem,TS
2022-11-15,0.0,30.9,19.1,4.29,0.255,Bhadradri Kothagudem,TS
2022-11-16,0.0,30.6,16.7,4.33,0.257,Bhadradri Kothagudem,TS
2022-11-17,0.0,30.7,16.2,4.47,0.255,Bhadradri Kothagudem,TS
2022-11-18,0.0,30.5,16.9,4.28,0.253,Bhadradri Kothagudem,TS
2022-11-19,0.0,29.0,17.5,4.2,0.258,Bhadradri Kothagudem,TS
2022-11-20,0.0,29.1,15.9,4.28,0.263,Bhadradri Kothagudem,TS
2022-11-21,0.9,29.8,19.9,3.37,0.273,Bhadradri Kothagudem,TS
2022-11-22,2.3,31.2,20.3,3.46,0.27,Bhadradri Kothagudem,TS
2022-11-23,0.4,31.2,22.1,3.26,0.269,Bhadradri Kothagudem,TS
2022-11-24,0.5,30.5,23.2,3.26,0.273,Bhadradri Kothagudem,TS
2022-11-25,1.0,30.9,22.6,3.44,0.275,Bhadradri Kothagudem,TS
2022-11-26,0.0,30.9,20.3,3.93,0.273,Bhadradri Kothagudem,TS
2022-11-27,0.0,29.8,18.3,3.96,0.269,Bhadradri Kothagudem,TS
2022-11-28,0.0,29.7,16.5,4.16,0.265,Bhadradri Kothagudem,TS
2022-11-29,0.0,29.7,15.8,4.06,0.262,Bhadradri Kothagudem,TS
2022-11-30,0.0,30.3,16.8,3.76,0.26,Bhadradri Kothagudem,TS
2022-12-01,0.0,31.7,19.3,3.77,0.256,Bhadradri Kothagudem,TS
2022-12-02,0.0,32.2,21.1,3.96,0.254,Bhadradri Kothagudem,TS
2022-12-03,0.0,32.1,22.1,3.77,0.253,Bhadradri Kothagudem,TS
2022-12-04,0.0,32.1,22.2,3.94,0.258,Bhadradri Kothagudem,TS
2022-12-05,0.2,30.7,21.6,3.65,0.267,Bhadradri Kothagudem,TS
2022-12-06,0.0,31.0,18.5,4.06,0.274,Bhadradri Kothagudem,TS
2022-12-07,0.0,30.3,16.6,3.83,0.28,Bhadradri Kothagudem,TS
2022-12-08,0.0,28.9,16.4,4.09,0.28,Bhadradri Kothagudem,TS
2022-12-09,8.6,26.4,18.7,2.69,0.298,Bhadradri Kothagudem,TS
2022-12-10,18.6,29.2,19.8,2.66,0.373,Bhadradri Kothagudem,TS
2022-12-11,22.4,27.5,21.5,2.31,0.474,Bhadradri Kothagudem,TS
2022-12-12,5.5,29.2,20.1,2.6,0.453,Bhadradri Kothagudem,TS
2022-12-13,0.2,30.1,22.1,2.9,0.429,Bhadradri Kothagudem,TS
2022-12-14,1.5,30.6,21.1,3.48,0.402,Bhadradri Kothagudem,TS
2022-12-15,0.0,30.6,21.0,3.54,0.421,Bhadradri Kothagudem,TS
2022-12-16,0.0,31.1,20.5,3.72,0.397,Bhadradri Kothagudem,TS
2022-12-17,0.1,31.1,21.9,3.69,0.375,Bhadradri Kothagudem,TS
2022-12-18,0.0,29.7,21.7,3.79,0.357,Bhadradri Kothagudem,TS
2022-12-19,0.0,29.5,17.2,3.66,0.342,Bhadradri Kothagudem,TS
2022-12-20,0.0,30.4,17.0,3.91,0.327,Bhadradri Kothagudem,TS
2022-12-21,0.0,31.0,17.7,3.89,0.317,Bhadradri Kothagudem,TS
2022-12-22,0.0,30.5,17.9,3.8,0.308,Bhadradri Kothagudem,TS
2022-12-23,0.0,30.6,16.2,3.97,0.3,Bhadradri Kothagudem,TS
2022-12-24,0.0,31.4,17.1,3.98,0.294,Bhadradri Kothagudem,TS
2022-12-25,0.0,31.9,18.3,4.26,0.287,Bhadradri Kothagudem,TS
2022-12-26,1.6,32.3,20.4,3.78,0.281,Bhadradri Kothagudem,TS
2022-12-27,0.0,33.2,21.7,3.8,0.272,Bhadradri Kothagudem,TS
2022-12-28,0.0,33.3,21.9,3.69,0.265,Bhadradri Kothagudem,TS
2022-12-29,0.0,33.1,22.1,3.9,0.26,Bhadradri Kothagudem,TS
2022-12-30,0.0,33.4,21.2,4.02,0.258,Bhadradri Kothagudem,TS
2022-12-31,0.0,33.5,20.2,3.99,0.256,Bhadradri Kothagudem,TS
2023-01-01,0.0,32.7,21.1,3.82,0.257,Bhadradri Kothagudem,TS
2023-01-02,0.1,32.4,20.4,3.75,0.256,Bhadradri Kothagudem,TS
2023-01-03,0.1,32.0,21.2,3.89,0.256,Bhadradri Kothagudem,TS
2023-01-04,0.1,32.0,21.1,4.03,0.256,Bhadradri Kothagudem,TS
2023-01-05,1.1,30.3,21.3,3.65,0.256,Bhadradri Kothagudem,TS
2023-01-06,0.1,31.6,20.7,3.85,0.259,Bhadradri Kothagudem,TS
2023-01-07,0.0,30.6,18.1,4.58,0.26,Bhadradri Kothagudem,TS
2023-01-08,0.0,29.3,13.3,4.47,0.262,Bhadradri Kothagudem,TS
2023-01-09,0.0,30.0,14.9,4.08,0.266,Bhadradri Kothagudem,TS
2023-01-10,0.0,31.2,13.9,4.2,0.267,Bhadradri Kothagudem,TS
2023-01-11,0.0,31.9,15.6,4.13,0.27,Bhadradri Kothagudem,TS
2023-01-12,0.0,32.0,16.8,4.12,0.274,Bhadradri Kothagudem,TS
2023-01-13,0.0,31.9,17.8,4.0,0.277,Bhadradri Kothagudem,TS
2023-01-14,0.0,32.1,17.9,4.19,0.273,Bhadradri Kothagudem,TS
2023-01-15,0.0,32.3,17.7,4.22,0.274,Bhadradri Kothagudem,TS
2023-01-16,0.0,32.2,18.1,4.1,0.274,Bhadradri Kothagudem,TS
2023-01-17,0.0,32.1,18.3,4.22,0.268,Bhadradri Kothagudem,TS
2023-01-18,0.0,32.3,18.6,4.29,0.265,Bhadradri Kothagudem,TS
2023-01-19,0.0,31.5,19.1,4.12,0.261,Bhadradri Kothagudem,TS
2023-01-20,0.0,31.6,19.3,3.93,0.26,Bhadradri Kothagudem,TS
2023-01-21,0.0,32.0,20.8,4.21,0.257,Bhadradri Kothagudem,TS
2023-01-22,0.0,32.5,19.5,4.13,0.256,Bhadradri Kothagudem,TS
2023-01-23,0.0,32.9,19.0,5.07,0.256,Bhadradri Kothagudem,TS
2023-01-24,0.0,33.1,18.2,4.88,0.257,Bhadradri Kothagudem,TS
2023-01-25,0.0,32.9,17.6,4.99,0.258,Bhadradri Kothagudem,TS
2023-01-26,0.0,32.6,16.6,4.67,0.257,Bhadradri Kothagudem,TS
2023-01-27,0.0,32.8,17.1,4.8,0.256,Bhadradri Kothagudem,TS
2023-01-28,0.0,33.3,18.1,4.77,0.255,Bhadradri Kothagudem,TS
2023-01-29,0.0,34.3,19.0,5.52,0.255,Bhadradri Kothagudem,TS
2023-01-30,0.0,33.7,18.8,4.69,0.254,Bhadradri Kothagudem,TS
2023-01-31,0.0,33.6,19.2,4.94,0.254,Bhadradri Kothagudem,TS
2023-02-01,0.0,33.3,19.5,5.02,0.253,Bhadradri Kothagudem,TS
2023-02-02,0.0,33.2,18.8,5.2,0.253,Bhadradri Kothagudem,TS
2023-02-03,0.0,33.3,18.1,4.93,0.253,Bhadradri Kothagudem,TS
2023-02-04,0.0,33.6,18.4,4.95,0.253,Bhadradri Kothagudem,TS
2023-02-05,0.0,33.7,17.6,5.01,0.253,Bhadradri Kothagudem,TS
2023-02-06,0.0,34.1,17.8,4.92,0.251,Bhadradri Kothagudem,TS
2023-02-07,0.0,34.5,19.8,5.03,0.252,Bhadradri Kothagudem,TS
2023-02-08,0.0,34.5,19.9,4.94,0.252,Bhadradri Kothagudem,TS
2023-02-09,0.0,35.1,20.3,5.17,0.252,Bhadradri Kothagudem,TS
2023-02-10,0.0,35.4,19.7,5.36,0.252,Bhadradri Kothagudem,TS
2023-02-11,0.0,36.0,19.7,5.29,0.252,Bhadradri Kothagudem,TS
2023-02-12,0.0,36.4,19.5,5.73,0.252,Bhadradri Kothagudem,TS
2023-02-13,0.0,35.1,18.7,6.05,0.252,Bhadradri Kothagudem,TS
2023-02-14,0.0,33.9,16.6,5.48,0.252,Bhadradri Kothagudem,TS
2023-02-15,0.0,35.2,17.9,5.71,0.252,Bhadradri Kothagudem,TS
2023-02-16,0.0,35.6,17.9,5.27,0.252,Bhadradri Kothagudem,TS
2023-02-17,0.0,35.0,19.6,5.24,0.252,Bhadradri Kothagudem,TS
2023-02-18,0.0,34.3,21.0,4.81,0.252,Bhadradri Kothagudem,TS
2023-02-19,0.0,34.4,20.9,4.87,0.252,Bhadradri Kothagudem,TS
2023-02-20,0.0,35.7,21.2,5.48,0.252,Bhadradri Kothagudem,TS
2023-02-21,0.0,36.6,21.1,5.77,0.252,Bhadradri Kothagudem,TS
2023-02-22,0.0,37.2,20.9,5.79,0.252,Bhadradri Kothagudem,TS
2023-02-23,0.0,36.8,21.7,5.67,0.252,Bhadradri Kothagudem,TS
2023-02-24,0.0,36.9,20.5,5.64,0.252,Bhadradri Kothagudem,TS
2023-02-25,0.0,37.1,20.5,5.68,0.253,Bhadradri Kothagudem,TS
2023-02-26,0.0,36.6,21.3,5.61,0.252,Bhadradri Kothagudem,TS
2023-02-27,0.0,36.5,20.6,5.68,0.252,Bhadradri Kothagudem,TS
2023-02-28,0.0,36.2,20.1,6.48,0.252,Bhadradri Kothagudem,TS
2023-03-01,0.0,36.5,20.6,5.85,0.252,Bhadradri Kothagudem,TS
2023-03-02,0.0,36.7,19.4,6.13,0.252,Bhadradri Kothagudem,TS
2023-03-03,0.0,37.2,20.3,6.42,0.252,Bhadradri Kothagudem,TS
2023-03-04,0.0,37.5,20.7,6.18,0.252,Bhadradri Kothagudem,TS
2023-03-05,0.0,37.3,20.5,6.01,0.252,Bhadradri Kothagudem,TS
2023-03-06,0.0,37.7,21.2,6.44,0.252,Bhadradri Kothagudem,TS
2023-03-07,0.0,35.9,21.3,5.51,0.252,Bhadradri Kothagudem,TS
2023-03-08,0.0,37.0,21.1,6.12,0.252,Bhadradri Kothagudem,TS
2023-03-09,0.0,36.6,21.3,5.65,0.248,Bhadradri Kothagudem,TS
2023-03-10,0.0,36.8,22.0,5.54,0.252,Bhadradri Kothagudem,TS
2023-03-11,0.0,36.9,22.4,6.32,0.252,Bhadradri Kothagudem,TS
2023-03-12,0.0,37.3,21.5,6.08,0.249,Bhadradri Kothagudem,TS
2023-03-13,0.0,38.1,20.8,6.41,0.252,Bhadradri Kothagudem,TS
2023-03-14,0.0,38.5,21.2,5.79,0.252,Bhadradri Kothagudem,TS
2023-03-15,0.0,37.1,22.5,6.06,0.252,Bhadradri Kothagudem,TS
2023-03-16,13.4,34.0,23.0,3.58,0.329,Bhadradri Kothagudem,TS
2023-03-17,17.9,29.5,20.8,2.78,0.462,Bhadradri Kothagudem,TS
2023-03-18,35.6,27.1,20.5,2.47,0.482,Bhadradri Kothagudem,TS
2023-03-19,25.2,29.9,20.3,4.06,0.492,Bhadradri Kothagudem,TS
2023-03-20,3.3,30.2,21.5,3.87,0.466,Bhadradri Kothagudem,TS
2023-03-21,0.4,33.1,21.5,5.07,0.43,Bhadradri Kothagudem,TS
2023-03-22,0.0,32.7,22.7,5.02,0.402,Bhadradri Kothagudem,TS
2023-03-23,2.9,32.8,23.5,3.68,0.392,Bhadradri Kothagudem,TS
2023-03-24,1.4,34.2,22.8,4.73,0.381,Bhadradri Kothagudem,TS
2023-03-25,0.6,34.4,23.6,4.85,0.375,Bhadradri Kothagudem,TS
2023-03-26,0.6,34.3,24.4,4.66,0.355,Bhadradri Kothagudem,TS
2023-03-27,20.2,33.9,24.6,3.96,0.379,Bhadradri Kothagudem,TS
2023-03-28,0.5,36.3,24.6,5.33,0.318,Bhadradri Kothagudem,TS
2023-03-29,0.0,36.3,24.7,5.99,0.308,Bhadradri Kothagudem,TS
2023-03-30,0.0,35.9,24.0,5.67,0.296,Bhadradri Kothagudem,TS
2023-03-31,0.5,35.7,24.3,4.67,0.331,Bhadradri Kothagudem,TS
2023-04-01,5.7,30.9,24.7,3.55,0.436,Bhadradri Kothagudem,TS
2023-04-02,0.0,34.5,23.7,4.57,0.417,Bhadradri Kothagudem,TS
2023-04-03,0.0,36.5,23.2,5.5,0.387,Bhadradri Kothagudem,TS
2023-04-04,0.7,35.7,26.4,4.85,0.366,Bhadradri Kothagudem,TS
2023-04-05,6.3,36.5,24.5,5.12,0.35,Bhadradri Kothagudem,TS
2023-04-06,14.1,36.1,25.2,3.99,0.361,Bhadradri Kothagudem,TS
2023-04-07,9.6,36.4,25.0,5.03,0.369,Bhadradri Kothagudem,TS
2023-04-08,0.0,36.5,24.1,5.78,0.415,Bhadradri Kothagudem,TS
2023-04-09,0.0,37.4,24.0,6.15,0.374,Bhadradri Kothagudem,TS
2023-04-10,0.0,37.4,24.0,5.98,0.346,Bhadradri Kothagudem,TS
2023-04-11,0.0,39.1,23.7,6.31,0.326,Bhadradri Kothagudem,TS
2023-04-12,0.0,40.1,24.3,6.49,0.313,Bhadradri Kothagudem,TS
2023-04-13,0.0,40.8,24.7,6.51,0.295,Bhadradri Kothagudem,TS
2023-04-14,0.0,41.5,25.5,7.2,0.289,Bhadradri Kothagudem,TS
2023-04-15,0.0,39.8,26.1,6.64,0.284,Bhadradri Kothagudem,TS
2023-04-16,0.0,40.9,26.8,6.43,0.28,Bhadradri Kothagudem,TS
2023-04-17,0.0,41.7,26.7,7.04,0.275,Bhadradri Kothagudem,TS
2023-04-18,0.0,42.2,25.1,6.64,0.27,Bhadradri Kothagudem,TS
2023-04-19,0.0,42.4,25.8,7.04,0.277,Bhadradri Kothagudem,TS
2023-04-20,0.0,41.1,25.5,6.8,0.277,Bhadradri Kothagudem,TS
2023-04-21,0.0,39.5,26.6,6.92,0.279,Bhadradri Kothagudem,TS
2023-04-22,0.5,37.6,26.1,6.12,0.278,Bhadradri Kothagudem,TS
2023-04-23,11.7,34.2,22.7,5.06,0.354,Bhadradri Kothagudem,TS
2023-04-24,9.6,33.8,23.9,4.5,0.407,Bhadradri Kothagudem,TS
2023-04-25,9.3,34.5,24.7,4.25,0.434,Bhadradri Kothagudem,TS
2023-04-26,0.0,35.7,23.6,5.18,0.401,Bhadradri Kothagudem,TS
2023-04-27,3.9,34.2,25.3,5.0,0.381,Bhadradri Kothagudem,TS
2023-04-28,0.3,35.7,25.2,4.82,0.341,Bhadradri Kothagudem,TS
2023-04-29,9.6,34.4,23.8,4.72,0.391,Bhadradri Kothagudem,TS
2023-04-30,5.7,31.2,24.1,3.65,0.424,Bhadradri Kothagudem,TS
2023-05-01,28.0,28.6,22.5,2.39,0.483,Bhadradri Kothagudem,TS
2023-05-02,20.2,31.1,22.9,3.28,0.446,Bhadradri Kothagudem,TS
2023-05-03,6.2,32.2,22.7,4.33,0.441,Bhadradri Kothagudem,TS
2023-05-04,0.1,33.5,22.7,4.98,0.442,Bhadradri Kothagudem,TS
2023-05-05,2.9,33.2,25.6,3.74,0.419,Bhadradri Kothagudem,TS
2023-05-06,0.5,35.4,25.1,5.08,0.423,Bhadradri Kothagudem,TS
2023-05-07,11.9,32.9,25.7,3.4,0.415,Bhadradri Kothagudem,TS
2023-05-08,0.0,37.0,25.5,5.31,0.376,Bhadradri Kothagudem,TS
2023-05-09,5.0,37.2,27.4,3.97,0.348,Bhadradri Kothagudem,TS
2023-05-10,0.1,39.6,26.6,6.18,0.306,Bhadradri Kothagudem,TS
2023-05-11,1.0,39.8,27.9,6.13,0.294,Bhadradri Kothagudem,TS
2023-05-12,0.0,41.3,27.1,6.97,0.29,Bhadradri Kothagudem,TS
2023-05-13,0.0,41.5,25.5,7.03,0.283,Bhadradri Kothagudem,TS
2023-05-14,0.0,43.4,23.9,7.79,0.284,Bhadradri Kothagudem,TS
2023-05-15,0.0,42.5,26.2,8.17,0.284,Bhadradri Kothagudem,TS
2023-05-16,0.0,42.2,29.9,7.92,0.277,Bhadradri Kothagudem,TS
2023-05-17,0.0,42.1,26.9,6.9,0.274,Bhadradri Kothagudem,TS
2023-05-18,1.0,40.3,27.8,6.15,0.271,Bhadradri Kothagudem,TS
2023-05-19,2.4,39.7,27.7,5.78,0.274,Bhadradri Kothagudem,TS
2023-05-20,16.1,40.2,27.9,5.43,0.317,Bhadradri Kothagudem,TS
2023-05-21,4.0,39.0,26.8,5.97,0.364,Bhadradri Kothagudem,TS
2023-05-22,7.5,36.3,27.5,4.43,0.363,Bhadradri Kothagudem,TS
2023-05-23,0.2,38.2,27.0,5.4,0.335,Bhadradri Kothagudem,TS
2023-05-24,5.2,39.3,27.9,5.29,0.34,Bhadradri Kothagudem,TS
2023-05-25,4.6,36.9,28.9,5.12,0.332,Bhadradri Kothagudem,TS
2023-05-26,1.6,40.4,28.3,7.0,0.314,Bhadradri Kothagudem,TS
2023-05-27,0.0,39.8,26.1,6.31,0.307,Bhadradri Kothagudem,TS
2023-05-28,0.1,40.7,26.6,6.35,0.298,Bhadradri Kothagudem,TS
2023-05-29,25.0,35.3,27.3,3.09,0.367,Bhadradri Kothagudem,TS
2023-05-30,17.4,31.7,26.7,2.88,0.395,Bhadradri Kothagudem,TS
2023-05-31,0.0,38.4,24.7,6.13,0.351,Bhadradri Kothagudem,TS
2023-06-01,1.0,40.7,27.9,6.44,0.335,Bhadradri Kothagudem,TS
2023-06-02,0.0,41.3,26.8,6.62,0.318,Bhadradri Kothagudem,TS
2023-06-03,0.0,41.7,27.7,6.71,0.302,Bhadradri Kothagudem,TS
2023-06-04,0.2,39.8,29.1,7.08,0.292,Bhadradri Kothagudem,TS
2023-06-05,0.0,39.5,27.3,6.64,0.29,Bhadradri Kothagudem,TS
2023-06-06,0.0,41.1,28.4,7.06,0.282,Bhadradri Kothagudem,TS
2023-06-07,0.0,41.7,28.4,7.44,0.276,Bhadradri Kothagudem,TS
2023-06-08,0.0,41.6,29.6,7.25,0.274,Bhadradri Kothagudem,TS
2023-06-09,0.0,41.9,30.0,7.99,0.279,Bhadradri Kothagudem,TS
2023-06-10,3.0,40.0,26.8,7.44,0.282,Bhadradri Kothagudem,TS
2023-06-11,0.1,40.7,28.7,7.82,0.274,Bhadradri Kothagudem,TS
2023-06-12,4.9,40.8,27.4,6.87,0.28,Bhadradri Kothagudem,TS
2023-06-13,0.0,40.8,28.1,7.91,0.313,Bhadradri Kothagudem,TS
2023-06-14,0.0,40.7,30.9,8.77,0.309,Bhadradri Kothagudem,TS
2023-06-15,0.0,40.7,31.4,8.49,0.294,Bhadradri Kothagudem,TS
2023-06-16,0.0,40.8,30.4,7.96,0.285,Bhadradri Kothagudem,TS
2023-06-17,0.0,40.9,30.2,7.21,0.277,Bhadradri Kothagudem,TS
2023-06-18,0.0,39.8,29.6,6.91,0.273,Bhadradri Kothagudem,TS
2023-06-19,0.2,38.1,30.4,4.74,0.274,Bhadradri Kothagudem,TS
2023-06-20,11.4,38.3,28.9,4.58,0.347,Bhadradri Kothagudem,TS
2023-06-21,21.1,34.0,27.8,3.43,0.453,Bhadradri Kothagudem,TS
2023-06-22,1.4,36.6,27.4,5.13,0.437,Bhadradri Kothagudem,TS
2023-06-23,26.2,30.3,25.8,1.87,0.479,Bhadradri Kothagudem,TS
2023-06-24,12.1,31.3,25.2,2.24,0.491,Bhadradri Kothagudem,TS
2023-06-25,3.0,33.6,25.8,2.61,0.471,Bhadradri Kothagudem,TS
2023-06-26,21.9,30.9,24.9,2.8,0.493,Bhadradri Kothagudem,TS
2023-06-27,0.2,34.0,26.3,4.69,0.462,Bhadradri Kothagudem,TS
2023-06-28,1.2,35.0,26.4,5.64,0.433,Bhadradri Kothagudem,TS
2023-06-29,3.0,35.6,26.2,5.96,0.417,Bhadradri Kothagudem,TS
2023-06-30,0.1,35.4,26.6,6.13,0.399,Bhadradri Kothagudem,TS
2023-07-01,0.1,36.8,27.3,6.45,0.372,Bhadradri Kothagudem,TS
2023-07-02,0.4,36.8,27.0,6.12,0.35,Bhadradri Kothagudem,TS
2023-07-03,1.0,35.8,27.3,4.41,0.328,Bhadradri Kothagudem,TS
2023-07-04,13.8,35.0,25.9,3.97,0.413,Bhadradri Kothagudem,TS
2023-07-05,15.8,32.7,25.8,2.94,0.456,Bhadradri Kothagudem,TS
2023-07-06,25.1,28.6,25.3,2.17,0.496,Bhadradri Kothagudem,TS
2023-07-07,1.3,32.6,25.8,5.05,0.481,Bhadradri Kothagudem,TS
2023-07-08,1.1,33.2,27.2,4.38,0.459,Bhadradri Kothagudem,TS
2023-07-09,0.1,34.7,26.6,4.91,0.448,Bhadradri Kothagudem,TS
2023-07-10,0.8,35.1,25.3,5.26,0.457,Bhadradri Kothagudem,TS
2023-07-11,18.8,32.5,26.0,3.58,0.471,Bhadradri Kothagudem,TS
2023-07-12,3.2,32.6,25.7,3.48,0.463,Bhadradri Kothagudem,TS
2023-07-13,18.2,31.7,25.0,2.93,0.497,Bhadradri Kothagudem,TS
2023-07-14,5.0,34.0,25.1,4.46,0.466,Bhadradri Kothagudem,TS
2023-07-15,6.5,31.1,25.2,2.71,0.489,Bhadradri Kothagudem,TS
2023-07-16,8.7,30.0,25.8,2.51,0.497,Bhadradri Kothagudem,TS
2023-07-17,8.9,31.9,25.4,3.57,0.498,Bhadradri Kothagudem,TS
2023-07-18,28.9,28.5,24.9,2.31,0.509,Bhadradri Kothagudem,TS
2023-07-19,91.7,26.3,24.3,1.34,0.51,Bhadradri Kothagudem,TS
2023-07-20,55.3,26.6,24.6,1.27,0.511,Bhadradri Kothagudem,TS
2023-07-21,62.7,28.1,24.6,1.63,0.511,Bhadradri Kothagudem,TS
2023-07-22,34.3,30.3,24.6,2.31,0.51,Bhadradri Kothagudem,TS
2023-07-23,6.5,31.1,25.2,3.3,0.498,Bhadradri Kothagudem,TS
2023-07-24,37.8,29.9,24.8,2.22,0.506,Bhadradri Kothagudem,TS
2023-07-25,65.0,29.2,24.2,2.04,0.504,Bhadradri Kothagudem,TS
2023-07-26,82.8,27.5,24.7,1.54,0.513,Bhadradri Kothagudem,TS
2023-07-27,63.6,30.0,24.6,3.33,0.506,Bhadradri Kothagudem,TS
2023-07-28,4.3,32.0,25.4,4.15,0.499,Bhadradri Kothagudem,TS
2023-07-29,4.0,32.9,27.1,5.27,0.487,Bhadradri Kothagudem,TS
2023-07-30,7.2,32.3,26.5,4.53,0.47,Bhadradri Kothagudem,TS
2023-07-31,1.8,31.2,26.3,3.01,0.458,Bhadradri Kothagudem,TS
2023-08-01,0.4,32.0,26.9,4.31,0.442,Bhadradri Kothagudem,TS
2023-08-02,3.3,31.4,25.5,3.77,0.458,Bhadradri Kothagudem,TS
2023-08-03,0.9,32.9,27.3,5.62,0.438,Bhadradri Kothagudem,TS
2023-08-04,1.0,33.7,24.8,5.42,0.415,Bhadradri Kothagudem,TS
2023-08-05,0.3,33.9,26.5,5.76,0.395,Bhadradri Kothagudem,TS
2023-08-06,0.0,33.7,26.5,5.71,0.381,Bhadradri Kothagudem,TS
2023-08-07,0.0,33.7,26.5,5.96,0.361,Bhadradri Kothagudem,TS
2023-08-08,0.2,34.4,25.4,5.58,0.346,Bhadradri Kothagudem,TS
2023-08-09,0.2,34.7,25.9,5.03,0.332,Bhadradri Kothagudem,TS
2023-08-10,14.1,33.4,25.5,4.21,0.377,Bhadradri Kothagudem,TS
2023-08-11,3.5,34.6,25.7,5.26,0.345,Bhadradri Kothagudem,TS
2023-08-12,5.2,33.8,25.3,5.04,0.348,Bhadradri Kothagudem,TS
2023-08-13,2.9,34.3,25.5,4.08,0.334,Bhadradri Kothagudem,TS
2023-08-14,1.7,32.3,26.0,3.14,0.333,Bhadradri Kothagudem,TS
2023-08-15,12.4,31.7,25.6,4.26,0.361,Bhadradri Kothagudem,TS
2023-08-16,3.5,33.1,25.5,4.72,0.331,Bhadradri Kothagudem,TS
2023-08-17,20.8,31.9,24.5,3.03,0.406,Bhadradri Kothagudem,TS
2023-08-18,13.1,28.1,24.7,1.96,0.488,Bhadradri Kothagudem,TS
2023-08-19,10.3,29.8,24.6,3.32,0.488,Bhadradri Kothagudem,TS
2023-08-20,0.3,33.7,24.9,5.21,0.477,Bhadradri Kothagudem,TS
2023-08-21,2.6,31.8,25.3,3.89,0.458,Bhadradri Kothagudem,TS
2023-08-22,9.4,31.3,24.9,3.92,0.469,Bhadradri Kothagudem,TS
2023-08-23,8.6,31.7,25.0,2.95,0.471,Bhadradri Kothagudem,TS
2023-08-24,5.0,31.7,25.6,3.51,0.447,Bhadradri Kothagudem,TS
2023-08-25,5.9,31.0,24.9,3.12,0.438,Bhadradri Kothagudem,TS
2023-08-26,24.8,30.8,24.9,2.54,0.468,Bhadradri Kothagudem,TS
2023-08-27,10.9,32.0,24.7,2.8,0.447,Bhadradri Kothagudem,TS
2023-08-28,0.0,33.5,25.3,4.59,0.417,Bhadradri Kothagudem,TS
2023-08-29,0.4,33.6,24.0,5.38,0.393,Bhadradri Kothagudem,TS
2023-08-30,1.0,33.8,24.2,5.18,0.377,Bhadradri Kothagudem,TS
2023-08-31,0.2,34.7,25.2,5.22,0.361,Bhadradri Kothagudem,TS
2023-09-01,0.8,34.7,25.8,4.72,0.35,Bhadradri Kothagudem,TS
2023-09-02,7.0,33.2,26.4,3.35,0.372,Bhadradri Kothagudem,TS
2023-09-03,24.7,31.9,24.9,3.71,0.458,Bhadradri Kothagudem,TS
2023-09-04,30.7,29.3,24.9,1.77,0.485,Bhadradri Kothagudem,TS
2023-09-05,48.4,28.3,24.7,1.91,0.512,Bhadradri Kothagudem,TS
2023-09-06,19.7,30.3,24.5,2.69,0.508,Bhadradri Kothagudem,TS
2023-09-07,16.9,30.9,24.9,3.35,0.505,Bhadradri Kothagudem,TS
2023-09-08,0.4,32.8,26.0,4.85,0.483,Bhadradri Kothagudem,TS
2023-09-09,1.6,33.2,26.2,4.96,0.461,Bhadradri Kothagudem,TS
2023-09-10,13.1,31.9,25.8,3.81,0.479,Bhadradri Kothagudem,TS
2023-09-11,27.1,31.7,24.5,2.93,0.499,Bhadradri Kothagudem,TS
2023-09-12,6.2,31.8,24.9,3.31,0.49,Bhadradri Kothagudem,TS
2023-09-13,2.5,32.5,24.5,4.19,0.49,Bhadradri Kothagudem,TS
2023-09-14,7.7,29.7,24.9,2.42,0.488,Bhadradri Kothagudem,TS
2023-09-15,8.9,32.9,25.0,4.79,0.492,Bhadradri Kothagudem,TS
2023-09-16,0.1,33.7,24.7,5.03,0.454,Bhadradri Kothagudem,TS
2023-09-17,0.2,32.9,25.0,4.44,0.426,Bhadradri Kothagudem,TS
2023-09-18,0.9,34.0,24.4,4.77,0.41,Bhadradri Kothagudem,TS
2023-09-19,0.3,33.8,25.1,4.72,0.395,Bhadradri Kothagudem,TS
2023-09-20,16.4,31.9,25.2,3.27,0.437,Bhadradri Kothagudem,TS
2023-09-21,3.7,30.8,24.8,3.13,0.477,Bhadradri Kothagudem,TS
2023-09-22,6.9,32.1,24.3,4.01,0.471,Bhadradri Kothagudem,TS
2023-09-23,13.0,32.8,25.2,4.06,0.448,Bhadradri Kothagudem,TS
2023-09-24,12.7,31.0,24.7,2.92,0.477,Bhadradri Kothagudem,TS
2023-09-25,10.9,30.7,24.9,2.82,0.498,Bhadradri Kothagudem,TS
2023-09-26,4.4,32.5,23.8,4.26,0.48,Bhadradri Kothagudem,TS
2023-09-27,4.3,32.8,24.3,4.44,0.471,Bhadradri Kothagudem,TS
2023-09-28,2.0,32.9,24.1,4.22,0.449,Bhadradri Kothagudem,TS
2023-09-29,1.2,33.4,24.7,4.39,0.461,Bhadradri Kothagudem,TS
2023-09-30,2.6,32.6,24.2,4.24,0.467,Bhadradri Kothagudem,TS
2023-10-01,0.8,32.9,25.7,4.39,0.455,Bhadradri Kothagudem,TS
2023-10-02,15.6,32.4,24.9,3.75,0.475,Bhadradri Kothagudem,TS
2023-10-03,26.6,33.3,24.8,4.31,0.477,Bhadradri Kothagudem,TS
2023-10-04,0.0,34.4,24.6,5.55,0.451,Bhadradri Kothagudem,TS
2023-10-05,0.0,34.0,23.0,5.41,0.417,Bhadradri Kothagudem,TS
2023-10-06,0.0,33.9,22.4,5.18,0.394,Bhadradri Kothagudem,TS
2023-10-07,0.0,34.8,24.0,5.22,0.373,Bhadradri Kothagudem,TS
2023-10-08,0.0,34.4,22.6,4.83,0.35,Bhadradri Kothagudem,TS
2023-10-09,0.0,35.2,23.6,4.84,0.329,Bhadradri Kothagudem,TS
2023-10-10,1.0,34.1,24.9,4.45,0.315,Bhadradri Kothagudem,TS
2023-10-11,0.0,34.8,24.7,5.06,0.302,Bhadradri Kothagudem,TS
2023-10-12,0.0,34.8,25.1,5.35,0.298,Bhadradri Kothagudem,TS
2023-10-13,0.0,34.0,23.6,4.79,0.294,Bhadradri Kothagudem,TS
2023-10-14,0.1,34.2,24.2,4.93,0.285,Bhadradri Kothagudem,TS
2023-10-15,0.0,34.5,24.1,5.09,0.275,Bhadradri Kothagudem,TS
2023-10-16,0.3,34.1,25.0,4.78,0.27,Bhadradri Kothagudem,TS
2023-10-17,0.0,33.4,24.0,4.73,0.27,Bhadradri Kothagudem,TS
2023-10-18,0.0,33.9,24.2,4.85,0.274,Bhadradri Kothagudem,TS
2023-10-19,0.2,33.8,24.1,4.7,0.271,Bhadradri Kothagudem,TS
2023-10-20,0.0,33.8,23.9,4.88,0.267,Bhadradri Kothagudem,TS
2023-10-21,0.0,33.6,24.4,4.93,0.264,Bhadradri Kothagudem,TS
2023-10-22,0.0,33.2,23.0,5.53,0.267,Bhadradri Kothagudem,TS
2023-10-23,0.0,32.8,20.4,5.3,0.27,Bhadradri Kothagudem,TS
2023-10-24,0.0,33.0,20.3,5.1,0.279,Bhadradri Kothagudem,TS
2023-10-25,0.0,33.0,20.7,5.0,0.281,Bhadradri Kothagudem,TS
2023-10-26,0.0,32.8,19.6,5.04,0.279,Bhadradri Kothagudem,TS
2023-10-27,0.0,32.8,19.5,4.76,0.275,Bhadradri Kothagudem,TS
2023-10-28,1.3,31.6,22.2,3.85,0.276,Bhadradri Kothagudem,TS
2023-10-29,0.1,32.8,23.0,4.45,0.271,Bhadradri Kothagudem,TS
2023-10-30,0.0,32.7,22.8,4.3,0.267,Bhadradri Kothagudem,TS
2023-10-31,0.0,32.4,23.4,4.81,0.269,Bhadradri Kothagudem,TS
2023-11-01,0.0,32.7,21.6,4.57,0.268,Bhadradri Kothagudem,TS
2023-11-02,8.7,32.0,23.1,3.22,0.284,Bhadradri Kothagudem,TS
2023-11-03,0.8,32.9,23.0,3.87,0.267,Bhadradri Kothagudem,TS
2023-11-04,0.1,32.4,24.6,3.81,0.262,Bhadradri Kothagudem,TS
2023-11-05,0.5,32.6,24.0,3.75,0.263,Bhadradri Kothagudem,TS
2023-11-06,15.6,32.1,23.4,3.57,0.3,Bhadradri Kothagudem,TS
2023-11-07,7.2,30.8,22.7,3.55,0.458,Bhadradri Kothagudem,TS
2023-11-08,0.5,31.2,23.2,3.52,0.445,Bhadradri Kothagudem,TS
2023-11-09,0.0,31.8,22.5,3.79,0.436,Bhadradri Kothagudem,TS
2023-11-10,0.0,31.7,20.7,4.43,0.407,Bhadradri Kothagudem,TS
2023-11-11,0.0,31.7,20.1,4.39,0.379,Bhadradri Kothagudem,TS
2023-11-12,0.0,32.4,21.3,4.42,0.359,Bhadradri Kothagudem,TS
2023-11-13,0.0,31.8,20.5,4.29,0.346,Bhadradri Kothagudem,TS
2023-11-14,0.0,31.4,21.7,3.84,0.338,Bhadradri Kothagudem,TS
2023-11-15,0.0,31.2,23.2,3.78,0.329,Bhadradri Kothagudem,TS
2023-11-16,0.0,32.2,20.6,4.26,0.32,Bhadradri Kothagudem,TS
2023-11-17,0.0,32.1,21.8,4.18,0.313,Bhadradri Kothagudem,TS
2023-11-18,0.0,32.0,21.4,4.18,0.304,Bhadradri Kothagudem,TS
2023-11-19,0.0,32.2,21.7,4.11,0.296,Bhadradri Kothagudem,TS
2023-11-20,0.0,32.2,21.7,4.15,0.293,Bhadradri Kothagudem,TS
2023-11-21,0.2,30.9,23.8,3.21,0.291,Bhadradri Kothagudem,TS
2023-11-22,0.6,32.0,22.4,3.77,0.298,Bhadradri Kothagudem,TS
2023-11-23,7.9,31.5,22.5,3.02,0.355,Bhadradri Kothagudem,TS
2023-11-24,3.4,31.4,22.1,3.11,0.45,Bhadradri Kothagudem,TS
2023-11-25,0.0,30.8,21.1,3.53,0.428,Bhadradri Kothagudem,TS
2023-11-26,0.0,31.6,22.5,3.98,0.401,Bhadradri Kothagudem,TS
2023-11-27,0.0,31.8,22.7,4.12,0.38,Bhadradri Kothagudem,TS
2023-11-28,0.0,32.7,21.0,4.18,0.361,Bhadradri Kothagudem,TS
2023-11-29,0.0,33.3,21.0,4.44,0.345,Bhadradri Kothagudem,TS
2023-11-30,0.0,33.6,20.2,4.66,0.327,Bhadradri Kothagudem,TS
2023-12-01,0.0,32.9,19.2,4.32,0.313,Bhadradri Kothagudem,TS
2023-12-02,0.0,33.2,20.1,4.38,0.302,Bhadradri Kothagudem,TS
2023-12-03,0.0,32.7,22.6,4.08,0.291,Bhadradri Kothagudem,TS
2023-12-04,3.9,29.1,23.4,2.4,0.288,Bhadradri Kothagudem,TS
2023-12-05,41.0,24.9,22.6,1.02,0.455,Bhadradri Kothagudem,TS
2023-12-06,17.9,24.7,20.7,0.96,0.507,Bhadradri Kothagudem,TS
2023-12-07,0.3,29.2,19.8,3.09,0.485,Bhadradri Kothagudem,TS
2023-12-08,0.0,28.8,18.8,3.48,0.467,Bhadradri Kothagudem,TS
2023-12-09,0.0,29.1,18.1,3.58,0.447,Bhadradri Kothagudem,TS
2023-12-10,0.0,28.3,19.0,3.54,0.43,Bhadradri Kothagudem,TS
2023-12-11,0.0,28.0,18.3,3.42,0.42,Bhadradri Kothagudem,TS
2023-12-12,0.0,28.0,18.4,3.56,0.407,Bhadradri Kothagudem,TS
2023-12-13,0.0,27.8,18.0,3.47,0.4,Bhadradri Kothagudem,TS
2023-12-14,0.0,27.8,17.8,3.7,0.391,Bhadradri Kothagudem,TS
2023-12-15,0.0,27.8,17.3,3.33,0.376,Bhadradri Kothagudem,TS
2023-12-16,0.0,28.0,19.7,2.64,0.369,Bhadradri Kothagudem,TS
2023-12-17,0.0,28.2,19.4,3.35,0.369,Bhadradri Kothagudem,TS
2023-12-18,0.0,27.7,18.3,3.24,0.36,Bhadradri Kothagudem,TS
2023-12-19,0.0,27.8,17.7,3.47,0.353,Bhadradri Kothagudem,TS
2023-12-20,0.0,27.5,17.1,3.41,0.347,Bhadradri Kothagudem,TS
2023-12-21,0.0,28.0,16.8,3.51,0.341,Bhadradri Kothagudem,TS
2023-12-22,0.0,28.7,16.1,3.52,0.33,Bhadradri Kothagudem,TS
2023-12-23,0.0,28.8,18.1,3.63,0.322,Bhadradri Kothagudem,TS
2023-12-24,0.0,28.9,17.2,3.5,0.313,Bhadradri Kothagudem,TS
2023-12-25,0.0,29.2,17.3,3.55,0.307,Bhadradri Kothagudem,TS
2023-12-26,0.0,29.6,19.5,3.64,0.302,Bhadradri Kothagudem,TS
2023-12-27,0.0,29.5,19.5,3.68,0.3,Bhadradri Kothagudem,TS
2023-12-28,0.0,29.6,19.0,3.62,0.297,Bhadradri Kothagudem,TS
2023-12-29,0.0,29.5,17.1,3.56,0.294,Bhadradri Kothagudem,TS
2023-12-30,0.0,28.7,17.6,3.42,0.293,Bhadradri Kothagudem,TS
2023-12-31,0.0,29.3,18.1,3.66,0.287,Bhadradri Kothagudem,TS
2024-01-01,0.0,29.0,18.1,3.39,0.281,Bhadradri Kothagudem,TS
2024-01-02,0.0,29.6,18.0,3.32,0.28,Bhadradri Kothagudem,TS
2024-01-03,0.0,29.5,18.5,3.67,0.284,Bhadradri Kothagudem,TS
2024-01-04,0.0,29.9,18.6,3.89,0.291,Bhadradri Kothagudem,TS
2024-01-05,0.0,30.8,18.7,4.3,0.293,Bhadradri Kothagudem,TS
2024-01-06,0.0,31.2,17.8,4.21,0.288,Bhadradri Kothagudem,TS
2024-01-07,0.0,29.5,16.8,3.78,0.288,Bhadradri Kothagudem,TS
2024-01-08,0.0,31.5,17.0,4.5,0.291,Bhadradri Kothagudem,TS
2024-01-09,0.0,31.5,18.8,4.11,0.285,Bhadradri Kothagudem,TS
2024-01-10,0.0,31.2,18.6,4.03,0.28,Bhadradri Kothagudem,TS
2024-01-11,0.0,31.8,20.0,4.02,0.277,Bhadradri Kothagudem,TS
2024-01-12,0.0,32.3,21.1,4.14,0.274,Bhadradri Kothagudem,TS
2024-01-13,0.0,31.9,22.5,3.69,0.274,Bhadradri Kothagudem,TS
2024-01-14,0.0,31.8,21.7,3.85,0.278,Bhadradri Kothagudem,TS
2024-01-15,0.4,31.9,22.1,3.72,0.274,Bhadradri Kothagudem,TS
2024-01-16,0.2,31.0,21.2,3.91,0.274,Bhadradri Kothagudem,TS
2024-01-17,0.0,31.3,20.9,4.58,0.271,Bhadradri Kothagudem,TS
2024-01-18,0.0,31.6,19.8,4.53,0.268,Bhadradri Kothagudem,TS
2024-01-19,0.0,32.5,19.6,4.01,0.266,Bhadradri Kothagudem,TS
2024-01-20,0.0,32.2,19.7,4.63,0.264,Bhadradri Kothagudem,TS
2024-01-21,0.0,31.8,21.2,4.03,0.261,Bhadradri Kothagudem,TS
2024-01-22,0.0,32.1,21.1,4.27,0.262,Bhadradri Kothagudem,TS
2024-01-23,0.3,31.4,21.8,4.26,0.26,Bhadradri Kothagudem,TS
2024-01-24,1.7,30.8,22.2,3.41,0.266,Bhadradri Kothagudem,TS
2024-01-25,0.0,30.8,21.2,3.77,0.267,Bhadradri Kothagudem,TS
2024-01-26,1.2,31.6,21.5,3.96,0.262,Bhadradri Kothagudem,TS
2024-01-27,0.0,31.1,20.0,4.06,0.26,Bhadradri Kothagudem,TS
2024-01-28,0.0,31.9,20.2,4.18,0.262,Bhadradri Kothagudem,TS
2024-01-29,0.0,31.5,19.1,4.25,0.264,Bhadradri Kothagudem,TS
2024-01-30,0.0,31.9,18.5,4.46,0.259,Bhadradri Kothagudem,TS
2024-01-31,0.0,32.3,18.3,4.89,0.256,Bhadradri Kothagudem,TS
2024-02-01,0.0,32.1,20.0,4.37,0.262,Bhadradri Kothagudem,TS
2024-02-02,0.2,31.9,22.7,3.84,0.266,Bhadradri Kothagudem,TS
2024-02-03,0.0,33.4,21.8,4.06,0.267,Bhadradri Kothagudem,TS
2024-02-04,0.0,33.2,21.8,4.48,0.267,Bhadradri Kothagudem,TS
2024-02-05,0.0,34.1,21.5,4.41,0.264,Bhadradri Kothagudem,TS
2024-02-06,0.0,35.1,23.1,4.52,0.26,Bhadradri Kothagudem,TS
2024-02-07,0.0,35.6,22.5,4.53,0.259,Bhadradri Kothagudem,TS
2024-02-08,0.0,35.7,22.7,4.71,0.257,Bhadradri Kothagudem,TS
2024-02-09,0.0,33.4,22.6,4.05,0.253,Bhadradri Kothagudem,TS
2024-02-10,0.0,34.5,23.8,4.98,0.253,Bhadradri Kothagudem,TS
2024-02-11,0.0,34.3,21.8,5.55,0.251,Bhadradri Kothagudem,TS
2024-02-12,0.0,34.3,19.8,5.71,0.253,Bhadradri Kothagudem,TS
2024-02-13,0.0,34.1,18.9,5.49,0.254,Bhadradri Kothagudem,TS
2024-02-14,0.0,34.5,19.1,5.86,0.258,Bhadradri Kothagudem,TS
2024-02-15,0.0,34.4,18.6,5.58,0.258,Bhadradri Kothagudem,TS
2024-02-16,0.0,35.3,17.5,5.28,0.257,Bhadradri Kothagudem,TS
2024-02-17,0.0,34.6,18.6,5.25,0.256,Bhadradri Kothagudem,TS
2024-02-18,0.0,35.4,19.4,5.36,0.255,Bhadradri Kothagudem,TS
2024-02-19,0.0,35.5,20.5,5.81,0.254,Bhadradri Kothagudem,TS
2024-02-20,0.0,36.4,21.3,5.28,0.254,Bhadradri Kothagudem,TS
2024-02-21,0.0,36.4,22.3,6.07,0.253,Bhadradri Kothagudem,TS
2024-02-22,0.2,35.8,22.0,5.41,0.253,Bhadradri Kothagudem,TS
2024-02-23,1.6,31.7,24.1,3.7,0.262,Bhadradri Kothagudem,TS
2024-02-24,0.2,33.9,24.3,5.02,0.27,Bhadradri Kothagudem,TS
2024-02-25,0.2,34.2,23.3,5.13,0.273,Bhadradri Kothagudem,TS
2024-02-26,0.0,34.6,22.6,5.9,0.271,Bhadradri Kothagudem,TS
2024-02-27,0.0,35.7,20.7,5.76,0.269,Bhadradri Kothagudem,TS
2024-02-28,0.0,35.4,21.5,5.38,0.265,Bhadradri Kothagudem,TS
2024-02-29,0.0,35.6,22.9,5.18,0.26,Bhadradri Kothagudem,TS
2024-03-01,0.0,36.7,22.8,5.64,0.261,Bhadradri Kothagudem,TS
2024-03-02,0.0,37.0,23.7,5.9,0.261,Bhadradri Kothagudem,TS
2024-03-03,0.0,35.5,23.7,5.9,0.262,Bhadradri Kothagudem,TS
2024-03-04,0.0,36.2,23.5,5.64,0.261,Bhadradri Kothagudem,TS
2024-03-05,0.0,36.6,23.8,5.35,0.259,Bhadradri Kothagudem,TS
2024-03-06,0.0,36.0,23.3,5.31,0.261,Bhadradri Kothagudem,TS
2024-03-07,0.0,36.5,23.2,5.85,0.266,Bhadradri Kothagudem,TS
2024-03-08,0.1,35.7,23.6,5.35,0.263,Bhadradri Kothagudem,TS
2024-03-09,0.0,35.9,22.6,5.28,0.26,Bhadradri Kothagudem,TS
2024-03-10,0.4,34.8,24.7,5.46,0.259,Bhadradri Kothagudem,TS
2024-03-11,0.0,35.6,24.2,5.31,0.265,Bhadradri Kothagudem,TS
2024-03-12,0.0,38.0,23.9,5.7,0.269,Bhadradri Kothagudem,TS
2024-03-13,0.2,36.6,25.0,5.66,0.268,Bhadradri Kothagudem,TS
2024-03-14,0.2,37.1,24.8,5.69,0.267,Bhadradri Kothagudem,TS
2024-03-15,0.8,36.6,24.1,5.72,0.268,Bhadradri Kothagudem,TS
2024-03-16,0.2,35.3,25.7,5.17,0.269,Bhadradri Kothagudem,TS
2024-03-17,0.0,36.1,24.6,4.97,0.263,Bhadradri Kothagudem,TS
2024-03-18,0.2,33.2,24.0,2.99,0.263,Bhadradri Kothagudem,TS
2024-03-19,2.9,35.2,26.2,4.55,0.275,Bhadradri Kothagudem,TS
2024-03-20,2.0,31.1,22.7,4.88,0.314,Bhadradri Kothagudem,TS
2024-03-21,0.0,34.5,20.7,5.51,0.382,Bhadradri Kothagudem,TS
2024-03-22,0.0,35.6,23.7,5.66,0.354,Bhadradri Kothagudem,TS
2024-03-23,0.0,37.3,24.0,5.86,0.332,Bhadradri Kothagudem,TS
2024-03-24,0.0,37.0,24.6,6.11,0.313,Bhadradri Kothagudem,TS
2024-03-25,0.1,37.5,24.7,5.98,0.3,Bhadradri Kothagudem,TS
2024-03-26,0.0,37.9,23.4,6.49,0.288,Bhadradri Kothagudem,TS
2024-03-27,0.0,37.9,23.8,6.22,0.284,Bhadradri Kothagudem,TS
2024-03-28,0.0,39.5,24.6,6.16,0.277,Bhadradri Kothagudem,TS
2024-03-29,0.0,39.5,25.1,6.87,0.273,Bhadradri Kothagudem,TS
2024-03-30,0.0,39.0,24.7,6.59,0.267,Bhadradri Kothagudem,TS
2024-03-31,0.0,38.5,24.2,6.21,0.265,Bhadradri Kothagudem,TS
2024-04-01,0.0,39.6,24.8,6.52,0.263,Bhadradri Kothagudem,TS
2024-04-02,0.0,39.5,25.3,6.85,0.261,Bhadradri Kothagudem,TS
2024-04-03,0.0,39.5,24.4,6.55,0.262,Bhadradri Kothagudem,TS
2024-04-04,0.1,39.5,26.3,6.52,0.256,Bhadradri Kothagudem,TS
2024-04-05,0.0,41.1,25.2,7.03,0.256,Bhadradri Kothagudem,TS
2024-04-06,0.0,41.5,24.4,6.84,0.253,Bhadradri Kothagudem,TS
2024-04-07,0.0,41.4,26.5,7.55,0.246,Bhadradri Kothagudem,TS
2024-04-08,0.0,38.7,26.9,7.57,0.245,Bhadradri Kothagudem,TS
2024-04-09,0.0,38.4,25.7,6.9,0.246,Bhadradri Kothagudem,TS
2024-04-10,0.0,38.9,24.5,7.52,0.242,Bhadradri Kothagudem,TS
2024-04-11,0.0,37.6,26.0,6.32,0.244,Bhadradri Kothagudem,TS
2024-04-12,0.3,35.9,25.2,4.68,0.247,Bhadradri Kothagudem,TS
2024-04-13,10.3,36.8,25.3,5.15,0.284,Bhadradri Kothagudem,TS
2024-04-14,0.0,38.1,25.6,6.78,0.325,Bhadradri Kothagudem,TS
2024-04-15,0.0,39.4,25.2,6.62,0.306,Bhadradri Kothagudem,TS
2024-04-16,0.0,40.3,25.8,6.43,0.292,Bhadradri Kothagudem,TS
2024-04-17,0.0,41.0,26.8,6.89,0.279,Bhadradri Kothagudem,TS
2024-04-18,0.0,42.0,26.2,6.58,0.27,Bhadradri Kothagudem,TS
2024-04-19,0.0,41.4,27.3,6.72,0.267,Bhadradri Kothagudem,TS
2024-04-20,0.4,39.6,27.6,5.5,0.271,Bhadradri Kothagudem,TS
2024-04-21,3.4,39.7,27.9,6.06,0.282,Bhadradri Kothagudem,TS
2024-04-22,0.0,40.9,27.6,6.82,0.266,Bhadradri Kothagudem,TS
2024-04-23,0.0,41.4,25.7,7.58,0.26,Bhadradri Kothagudem,TS
2024-04-24,0.0,41.0,25.7,6.28,0.257,Bhadradri Kothagudem,TS
2024-04-25,0.0,41.9,26.9,7.03,0.254,Bhadradri Kothagudem,TS
2024-04-26,0.0,41.8,27.4,7.33,0.248,Bhadradri Kothagudem,TS
2024-04-27,0.0,41.1,27.3,6.64,0.242,Bhadradri Kothagudem,TS
2024-04-28,0.0,42.7,27.9,7.32,0.245,Bhadradri Kothagudem,TS
2024-04-29,0.0,41.8,27.0,7.24,0.248,Bhadradri Kothagudem,TS
2024-04-30,0.0,42.4,27.3,7.57,0.249,Bhadradri Kothagudem,TS
2024-05-01,0.0,43.2,28.1,7.61,0.25,Bhadradri Kothagudem,TS
2024-05-02,0.0,43.3,29.5,7.48,0.253,Bhadradri Kothagudem,TS
2024-05-03,0.1,43.3,29.2,7.01,0.253,Bhadradri Kothagudem,TS
2024-05-04,0.8,42.6,28.9,6.55,0.264,Bhadradri Kothagudem,TS
2024-05-05,2.4,39.5,28.9,5.97,0.341,Bhadradri Kothagudem,TS
2024-05-06,13.1,41.8,27.0,6.58,0.356,Bhadradri Kothagudem,TS
2024-05-07,37.6,34.5,25.3,3.56,0.465,Bhadradri Kothagudem,TS
2024-05-08,0.3,35.9,25.1,6.11,0.428,Bhadradri Kothagudem,TS
2024-05-09,3.5,32.4,27.3,4.03,0.418,Bhadradri Kothagudem,TS
2024-05-10,0.1,36.0,26.1,5.75,0.414,Bhadradri Kothagudem,TS
2024-05-11,0.0,37.0,27.4,6.19,0.386,Bhadradri Kothagudem,TS
2024-05-12,5.4,36.5,27.0,4.87,0.376,Bhadradri Kothagudem,TS
2024-05-13,0.6,35.2,27.1,5.09,0.362,Bhadradri Kothagudem,TS
2024-05-14,7.1,35.0,26.8,4.36,0.381,Bhadradri Kothagudem,TS
2024-05-15,9.8,34.4,26.4,4.31,0.431,Bhadradri Kothagudem,TS
2024-05-16,20.9,30.3,25.9,2.67,0.435,Bhadradri Kothagudem,TS
2024-05-17,9.0,29.9,25.8,2.81,0.458,Bhadradri Kothagudem,TS
2024-05-18,3.4,32.2,25.6,3.6,0.466,Bhadradri Kothagudem,TS
2024-05-19,6.6,34.2,25.5,4.64,0.47,Bhadradri Kothagudem,TS
2024-05-20,0.9,34.6,26.4,4.9,0.436,Bhadradri Kothagudem,TS
2024-05-21,18.0,33.9,26.2,4.13,0.449,Bhadradri Kothagudem,TS
2024-05-22,0.0,35.2,26.1,5.58,0.389,Bhadradri Kothagudem,TS
2024-05-23,8.5,37.0,26.7,5.79,0.367,Bhadradri Kothagudem,TS
2024-05-24,1.4,37.7,27.6,4.56,0.382,Bhadradri Kothagudem,TS
2024-05-25,1.9,31.1,27.0,2.26,0.436,Bhadradri Kothagudem,TS
2024-05-26,0.0,41.0,28.0,5.9,0.408,Bhadradri Kothagudem,TS
2024-05-27,0.2,40.7,29.0,7.22,0.386,Bhadradri Kothagudem,TS
2024-05-28,0.0,40.5,30.2,7.4,0.372,Bhadradri Kothagudem,TS
2024-05-29,0.0,41.4,31.1,7.61,0.357,Bhadradri Kothagudem,TS
2024-05-30,0.0,42.3,29.2,6.92,0.34,Bhadradri Kothagudem,TS
2024-05-31,0.0,41.6,29.8,6.91,0.324,Bhadradri Kothagudem,TS
2024-06-01,6.0,38.7,29.1,5.76,0.317,Bhadradri Kothagudem,TS
2024-06-02,28.7,33.6,27.7,2.78,0.396,Bhadradri Kothagudem,TS
2024-06-03,0.1,35.4,27.3,4.92,0.315,Bhadradri Kothagudem,TS
2024-06-04,10.5,37.2,28.7,5.43,0.353,Bhadradri Kothagudem,TS
2024-06-05,21.5,32.4,26.6,3.5,0.45,Bhadradri Kothagudem,TS
2024-06-06,2.9,35.1,25.8,4.46,0.438,Bhadradri Kothagudem,TS
2024-06-07,0.8,34.7,26.5,4.56,0.406,Bhadradri Kothagudem,TS
2024-06-08,0.7,33.5,25.6,4.28,0.421,Bhadradri Kothagudem,TS
2024-06-09,2.8,33.4,25.6,4.93,0.443,Bhadradri Kothagudem,TS
2024-06-10,12.8,33.0,25.8,4.46,0.419,Bhadradri Kothagudem,TS
2024-06-11,0.7,35.1,26.5,5.62,0.384,Bhadradri Kothagudem,TS
2024-06-12,5.7,35.0,26.7,4.45,0.365,Bhadradri Kothagudem,TS
2024-06-13,6.1,35.2,26.1,4.7,0.385,Bhadradri Kothagudem,TS
2024-06-14,5.7,35.4,25.8,4.56,0.398,Bhadradri Kothagudem,TS
2024-06-15,28.6,34.6,26.5,4.19,0.415,Bhadradri Kothagudem,TS
2024-06-16,20.2,34.8,25.8,4.54,0.471,Bhadradri Kothagudem,TS
2024-06-17,2.1,35.9,26.0,4.81,0.427,Bhadradri Kothagudem,TS
2024-06-18,8.3,37.3,27.5,5.44,0.385,Bhadradri Kothagudem,TS
2024-06-19,1.4,33.1,26.3,4.19,0.373,Bhadradri Kothagudem,TS
2024-06-20,3.5,34.3,26.1,4.58,0.399,Bhadradri Kothagudem,TS
2024-06-21,6.1,32.9,26.0,3.76,0.433,Bhadradri Kothagudem,TS
2024-06-22,18.9,29.8,25.4,2.52,0.49,Bhadradri Kothagudem,TS
2024-06-23,4.2,32.4,25.7,3.26,0.495,Bhadradri Kothagudem,TS
2024-06-24,0.5,34.2,26.4,5.21,0.471,Bhadradri Kothagudem,TS
2024-06-25,1.5,34.1,25.8,4.86,0.441,Bhadradri Kothagudem,TS
2024-06-26,36.5,32.6,25.4,3.13,0.466,Bhadradri Kothagudem,TS
2024-06-27,37.1,28.1,25.6,1.48,0.51,Bhadradri Kothagudem,TS
2024-06-28,19.3,31.3,25.3,2.93,0.504,Bhadradri Kothagudem,TS
2024-06-29,16.0,31.3,25.3,3.61,0.504,Bhadradri Kothagudem,TS
2024-06-30,20.0,28.5,25.9,1.44,0.514,Bhadradri Kothagudem,TS
2024-07-01,8.2,31.7,25.3,3.35,0.494,Bhadradri Kothagudem,TS
2024-07-02,0.0,33.2,26.6,4.68,0.471,Bhadradri Kothagudem,TS
2024-07-03,0.0,33.7,26.0,4.67,0.456,Bhadradri Kothagudem,TS
2024-07-04,0.3,32.1,26.9,4.04,0.452,Bhadradri Kothagudem,TS
2024-07-05,3.7,33.7,26.7,5.08,0.448,Bhadradri Kothagudem,TS
2024-07-06,7.7,30.6,25.4,3.23,0.495,Bhadradri Kothagudem,TS
2024-07-07,5.4,31.2,25.2,3.66,0.487,Bhadradri Kothagudem,TS
2024-07-08,13.9,31.1,24.8,2.95,0.501,Bhadradri Kothagudem,TS
2024-07-09,13.6,29.4,24.7,2.62,0.504,Bhadradri Kothagudem,TS
2024-07-10,0.9,32.2,25.2,4.34,0.479,Bhadradri Kothagudem,TS
2024-07-11,9.4,32.2,26.2,4.68,0.459,Bhadradri Kothagudem,TS
2024-07-12,13.1,30.7,25.3,2.87,0.498,Bhadradri Kothagudem,TS
2024-07-13,27.4,28.9,24.9,2.11,0.508,Bhadradri Kothagudem,TS
2024-07-14,11.7,28.6,25.1,1.99,0.501,Bhadradri Kothagudem,TS
2024-07-15,16.7,29.5,25.1,2.69,0.502,Bhadradri Kothagudem,TS
2024-07-16,13.9,30.7,25.0,2.88,0.501,Bhadradri Kothagudem,TS
2024-07-17,13.5,29.5,25.4,2.95,0.503,Bhadradri Kothagudem,TS
2024-07-18,56.5,29.7,25.1,2.04,0.509,Bhadradri Kothagudem,TS
2024-07-19,68.7,26.5,25.2,1.1,0.512,Bhadradri Kothagudem,TS
2024-07-20,28.7,27.9,24.6,2.32,0.509,Bhadradri Kothagudem,TS
2024-07-21,7.7,29.8,24.6,3.37,0.504,Bhadradri Kothagudem,TS
2024-07-22,3.9,31.2,24.7,3.75,0.495,Bhadradri Kothagudem,TS
2024-07-23,15.1,29.6,25.0,2.57,0.504,Bhadradri Kothagudem,TS
2024-07-24,19.1,26.6,24.9,1.44,0.511,Bhadradri Kothagudem,TS
2024-07-25,20.3,28.5,24.5,2.14,0.506,Bhadradri Kothagudem,TS
2024-07-26,28.7,29.4,24.1,2.6,0.509,Bhadradri Kothagudem,TS
2024-07-27,13.9,29.5,24.6,3.12,0.506,Bhadradri Kothagudem,TS
2024-07-28,5.7,32.1,24.7,4.48,0.503,Bhadradri Kothagudem,TS
2024-07-29,4.2,33.0,25.4,4.89,0.49,Bhadradri Kothagudem,TS
2024-07-30,7.5,33.5,25.1,5.26,0.492,Bhadradri Kothagudem,TS
2024-07-31,2.7,32.5,25.4,3.98,0.497,Bhadradri Kothagudem,TS
2024-08-01,8.0,29.3,25.2,2.29,0.498,Bhadradri Kothagudem,TS
2024-08-02,22.2,30.0,25.0,2.55,0.502,Bhadradri Kothagudem,TS
2024-08-03,4.1,32.1,25.1,4.24,0.494,Bhadradri Kothagudem,TS
2024-08-04,0.2,32.9,26.1,5.48,0.471,Bhadradri Kothagudem,TS
2024-08-05,0.8,32.9,25.0,4.94,0.443,Bhadradri Kothagudem,TS
2024-08-06,8.0,31.2,25.3,2.75,0.479,Bhadradri Kothagudem,TS
2024-08-07,33.1,27.6,24.8,1.38,0.509,Bhadradri Kothagudem,TS
2024-08-08,5.5,31.4,24.1,3.72,0.502,Bhadradri Kothagudem,TS
2024-08-09,0.5,33.7,24.2,5.09,0.479,Bhadradri Kothagudem,TS
2024-08-10,0.9,33.7,24.8,4.97,0.465,Bhadradri Kothagudem,TS
2024-08-11,1.0,32.9,25.1,4.6,0.451,Bhadradri Kothagudem,TS
2024-08-12,2.0,33.3,25.0,4.67,0.444,Bhadradri Kothagudem,TS
2024-08-13,0.9,33.5,25.9,5.01,0.421,Bhadradri Kothagudem,TS
2024-08-14,0.4,33.1,26.2,4.0,0.433,Bhadradri Kothagudem,TS
2024-08-15,0.8,33.1,25.8,4.58,0.421,Bhadradri Kothagudem,TS
2024-08-16,7.4,33.2,26.2,4.07,0.412,Bhadradri Kothagudem,TS
2024-08-17,8.2,33.2,24.4,4.56,0.435,Bhadradri Kothagudem,TS
2024-08-18,2.5,33.8,26.0,4.63,0.447,Bhadradri Kothagudem,TS
2024-08-19,5.4,31.4,25.1,2.94,0.463,Bhadradri Kothagudem,TS
2024-08-20,6.8,33.1,24.9,4.79,0.46,Bhadradri Kothagudem,TS
2024-08-21,1.5,33.0,26.1,4.79,0.426,Bhadradri Kothagudem,TS
2024-08-22,6.2,29.2,25.7,2.4,0.433,Bhadradri Kothagudem,TS
2024-08-23,1.4,31.0,25.5,3.05,0.448,Bhadradri Kothagudem,TS
2024-08-24,6.0,31.1,25.9,2.82,0.443,Bhadradri Kothagudem,TS
2024-08-25,1.2,31.5,24.9,4.36,0.438,Bhadradri Kothagudem,TS
2024-08-26,0.3,32.4,25.6,5.53,0.424,Bhadradri Kothagudem,TS
2024-08-27,0.2,33.0,25.7,5.12,0.4,Bhadradri Kothagudem,TS
2024-08-28,6.4,32.2,25.5,4.22,0.392,Bhadradri Kothagudem,TS
2024-08-29,10.6,31.1,25.4,2.66,0.401,Bhadradri Kothagudem,TS
2024-08-30,29.3,28.0,24.7,1.62,0.481,Bhadradri Kothagudem,TS
2024-08-31,65.2,27.1,24.8,1.41,0.51,Bhadradri Kothagudem,TS
2024-09-01,38.3,28.7,24.5,2.09,0.51,Bhadradri Kothagudem,TS
2024-09-02,2.1,29.1,23.9,2.32,0.495,Bhadradri Kothagudem,TS
2024-09-03,10.7,29.1,24.3,2.22,0.496,Bhadradri Kothagudem,TS
2024-09-04,53.5,27.5,24.5,1.12,0.51,Bhadradri Kothagudem,TS
2024-09-05,7.9,29.1,24.4,2.54,0.508,Bhadradri Kothagudem,TS
2024-09-06,15.1,31.5,24.2,3.15,0.503,Bhadradri Kothagudem,TS
2024-09-07,22.3,30.9,24.5,2.73,0.502,Bhadradri Kothagudem,TS
2024-09-08,12.9,27.8,25.0,1.42,0.508,Bhadradri Kothagudem,TS
2024-09-09,38.9,26.2,24.6,1.32,0.512,Bhadradri Kothagudem,TS
2024-09-10,9.4,31.0,24.4,4.14,0.497,Bhadradri Kothagudem,TS
2024-09-11,0.0,32.5,25.7,5.49,0.472,Bhadradri Kothagudem,TS
2024-09-12,2.4,32.3,24.4,4.88,0.457,Bhadradri Kothagudem,TS
2024-09-13,0.1,32.4,25.0,4.7,0.444,Bhadradri Kothagudem,TS
2024-09-14,0.0,32.6,24.4,5.15,0.424,Bhadradri Kothagudem,TS
2024-09-15,0.0,33.1,23.9,5.45,0.408,Bhadradri Kothagudem,TS
2024-09-16,0.3,32.4,24.3,5.26,0.392,Bhadradri Kothagudem,TS
2024-09-17,0.0,33.0,25.9,5.18,0.373,Bhadradri Kothagudem,TS
2024-09-18,0.0,33.5,24.8,5.31,0.359,Bhadradri Kothagudem,TS
2024-09-19,0.0,33.8,23.6,5.0,0.353,Bhadradri Kothagudem,TS
2024-09-20,3.7,32.8,25.3,3.65,0.359,Bhadradri Kothagudem,TS
2024-09-21,11.2,32.7,24.3,3.62,0.446,Bhadradri Kothagudem,TS
2024-09-22,13.4,32.0,24.7,3.52,0.463,Bhadradri Kothagudem,TS
2024-09-23,4.9,31.6,24.0,3.27,0.481,Bhadradri Kothagudem,TS
2024-09-24,9.7,31.5,24.8,3.28,0.476,Bhadradri Kothagudem,TS
2024-09-25,7.0,31.0,24.5,3.14,0.504,Bhadradri Kothagudem,TS
2024-09-26,3.1,31.0,24.9,3.51,0.489,Bhadradri Kothagudem,TS
2024-09-27,0.8,31.4,25.5,3.69,0.474,Bhadradri Kothagudem,TS
2024-09-28,1.1,31.2,25.0,3.68,0.459,Bhadradri Kothagudem,TS
2024-09-29,2.4,31.0,24.7,3.07,0.447,Bhadradri Kothagudem,TS
2024-09-30,1.3,32.8,24.8,4.12,0.447,Bhadradri Kothagudem,TS
2024-10-01,0.6,33.5,24.5,4.35,0.425,Bhadradri Kothagudem,TS
2024-10-02,9.3,33.6,25.1,4.04,0.419,Bhadradri Kothagudem,TS
2024-10-03,0.1,34.7,24.6,4.87,0.424,Bhadradri Kothagudem,TS
2024-10-04,0.0,34.7,25.1,4.85,0.403,Bhadradri Kothagudem,TS
2024-10-05,0.3,33.7,25.3,4.51,0.393,Bhadradri Kothagudem,TS
2024-10-06,0.1,33.8,24.6,4.53,0.374,Bhadradri Kothagudem,TS
2024-10-07,0.7,32.9,23.9,3.93,0.361,Bhadradri Kothagudem,TS
2024-10-08,4.1,31.3,23.9,3.42,0.377,Bhadradri Kothagudem,TS
2024-10-09,1.1,32.8,23.7,3.8,0.387,Bhadradri Kothagudem,TS
2024-10-10,7.2,32.2,23.6,3.75,0.427,Bhadradri Kothagudem,TS
2024-10-11,3.0,32.2,23.9,4.08,0.417,Bhadradri Kothagudem,TS
2024-10-12,0.9,33.2,23.7,3.87,0.406,Bhadradri Kothagudem,TS
2024-10-13,0.1,33.3,23.6,4.7,0.386,Bhadradri Kothagudem,TS
2024-10-14,0.2,32.2,23.9,3.91,0.36,Bhadradri Kothagudem,TS
2024-10-15,4.1,32.8,24.3,3.65,0.351,Bhadradri Kothagudem,TS
2024-10-16,10.6,31.3,23.9,3.32,0.39,Bhadradri Kothagudem,TS
2024-10-17,22.2,30.4,25.3,2.35,0.427,Bhadradri Kothagudem,TS
2024-10-18,1.0,31.3,24.4,3.37,0.399,Bhadradri Kothagudem,TS
2024-10-19,1.0,33.4,23.7,3.97,0.386,Bhadradri Kothagudem,TS
2024-10-20,3.7,31.5,23.9,3.46,0.372,Bhadradri Kothagudem,TS
2024-10-21,8.6,32.6,22.9,3.91,0.37,Bhadradri Kothagudem,TS
2024-10-22,4.3,32.8,23.2,3.96,0.348,Bhadradri Kothagudem,TS
2024-10-23,0.0,33.8,22.6,5.01,0.317,Bhadradri Kothagudem,TS
2024-10-24,0.0,33.1,21.4,5.3,0.311,Bhadradri Kothagudem,TS
2024-10-25,0.0,33.8,21.8,4.93,0.307,Bhadradri Kothagudem,TS
2024-10-26,0.0,34.1,23.8,5.43,0.301,Bhadradri Kothagudem,TS
2024-10-27,0.0,33.3,23.4,4.31,0.289,Bhadradri Kothagudem,TS
2024-10-28,0.0,33.9,23.6,4.38,0.277,Bhadradri Kothagudem,TS
2024-10-29,2.9,33.5,23.8,4.35,0.273,Bhadradri Kothagudem,TS
2024-10-30,11.1,30.2,23.4,2.43,0.318,Bhadradri Kothagudem,TS
2024-10-31,1.0,32.1,23.4,3.95,0.333,Bhadradri Kothagudem,TS
2024-11-01,1.4,32.0,24.6,3.71,0.322,Bhadradri Kothagudem,TS
2024-11-02,16.3,30.3,23.7,2.42,0.37,Bhadradri Kothagudem,TS
2024-11-03,26.4,32.9,23.0,4.03,0.358,Bhadradri Kothagudem,TS
2024-11-04,0.0,33.2,22.8,4.64,0.302,Bhadradri Kothagudem,TS
2024-11-05,0.0,33.4,21.7,4.74,0.294,Bhadradri Kothagudem,TS
2024-11-06,0.0,33.8,21.6,4.7,0.288,Bhadradri Kothagudem,TS
2024-11-07,0.0,33.9,21.5,4.28,0.284,Bhadradri Kothagudem,TS
2024-11-08,0.3,33.4,23.1,4.17,0.282,Bhadradri Kothagudem,TS
2024-11-09,0.0,33.7,22.6,4.32,0.278,Bhadradri Kothagudem,TS
2024-11-10,0.0,33.2,22.5,4.82,0.276,Bhadradri Kothagudem,TS
2024-11-11,0.0,33.5,21.1,4.84,0.274,Bhadradri Kothagudem,TS
2024-11-12,0.1,33.2,22.4,3.95,0.267,Bhadradri Kothagudem,TS
2024-11-13,0.5,33.4,22.6,3.78,0.241,Bhadradri Kothagudem,TS
2024-11-14,1.8,34.4,22.7,4.18,0.226,Bhadradri Kothagudem,TS
2024-11-15,1.2,34.7,23.0,4.08,0.208,Bhadradri Kothagudem,TS
2024-11-16,0.1,33.9,23.4,3.93,0.218,Bhadradri Kothagudem,TS
2024-11-17,0.7,32.5,23.8,3.96,0.234,Bhadradri Kothagudem,TS
2024-11-18,0.0,32.0,20.5,4.6,0.238,Bhadradri Kothagudem,TS
2024-11-19,0.0,31.2,19.1,4.28,0.239,Bhadradri Kothagudem,TS
2024-11-20,0.0,30.8,18.4,3.97,0.241,Bhadradri Kothagudem,TS
2024-11-21,0.0,30.7,18.4,3.99,0.246,Bhadradri Kothagudem,TS
2024-11-22,0.0,30.6,18.5,4.05,0.246,Bhadradri Kothagudem,TS
2024-11-23,0.0,30.9,18.1,3.92,0.245,Bhadradri Kothagudem,TS
2024-11-24,0.0,30.5,17.7,4.03,0.252,Bhadradri Kothagudem,TS
2024-11-25,0.0,30.6,17.6,3.87,0.262,Bhadradri Kothagudem,TS
2024-11-26,0.0,30.9,18.1,4.13,0.265,Bhadradri Kothagudem,TS
2024-11-27,0.0,29.9,18.8,3.76,0.271,Bhadradri Kothagudem,TS
2024-11-28,0.0,30.2,17.2,4.2,0.282,Bhadradri Kothagudem,TS
2024-11-29,4.1,29.6,20.5,2.99,0.297,Bhadradri Kothagudem,TS
2024-11-30,1.8,29.9,21.9,2.37,0.357,Bhadradri Kothagudem,TS
2024-12-01,3.0,29.1,23.0,2.16,0.443,Bhadradri Kothagudem,TS
2024-12-02,2.5,29.5,22.6,2.32,0.427,Bhadradri Kothagudem,TS
2024-12-03,0.8,30.8,22.4,3.29,0.427,Bhadradri Kothagudem,TS
2024-12-04,3.7,31.6,22.6,3.32,0.408,Bhadradri Kothagudem,TS
2024-12-05,17.1,30.8,22.9,3.19,0.437,Bhadradri Kothagudem,TS
2024-12-06,0.7,31.3,22.8,3.48,0.402,Bhadradri Kothagudem,TS
2024-12-07,1.4,31.7,22.6,3.17,0.374,Bhadradri Kothagudem,TS
2024-12-08,0.0,31.4,23.2,3.37,0.352,Bhadradri Kothagudem,TS
2024-12-09,0.0,31.8,22.0,3.52,0.336,Bhadradri Kothagudem,TS
2024-12-10,0.1,31.3,21.2,3.8,0.321,Bhadradri Kothagudem,TS
2024-12-11,0.0,30.4,18.1,3.81,0.312,Bhadradri Kothagudem,TS
2024-12-12,0.0,29.4,18.0,3.59,0.309,Bhadradri Kothagudem,TS
2024-12-13,0.0,29.3,18.2,3.25,0.304,Bhadradri Kothagudem,TS
2024-12-14,0.0,29.2,17.7,3.69,0.301,Bhadradri Kothagudem,TS
2024-12-15,0.0,28.7,16.4,3.67,0.295,Bhadradri Kothagudem,TS
2024-12-16,0.0,28.4,14.5,3.53,0.289,Bhadradri Kothagudem,TS
2024-12-17,0.0,29.4,14.2,3.52,0.289,Bhadradri Kothagudem,TS
2024-12-18,0.0,30.1,18.1,3.51,0.303,Bhadradri Kothagudem,TS
2024-12-19,2.3,30.5,21.3,2.85,0.308,Bhadradri Kothagudem,TS
2024-12-20,0.9,29.6,21.6,2.43,0.304,Bhadradri Kothagudem,TS
2024-12-21,0.5,30.8,21.4,3.28,0.304,Bhadradri Kothagudem,TS
2024-12-22,0.0,30.5,19.9,3.61,0.298,Bhadradri Kothagudem,TS
2024-12-23,0.0,30.6,18.7,3.47,0.289,Bhadradri Kothagudem,TS
2024-12-24,13.6,29.0,22.1,2.29,0.31,Bhadradri Kothagudem,TS
2024-12-25,13.4,28.4,21.0,2.03,0.456,Bhadradri Kothagudem,TS
2024-12-26,0.4,28.9,20.4,2.69,0.44,Bhadradri Kothagudem,TS
2024-12-27,0.1,30.3,20.9,3.63,0.403,Bhadradri Kothagudem,TS
2024-12-28,0.0,30.1,18.0,3.81,0.368,Bhadradri Kothagudem,TS
2024-12-29,0.0,29.9,18.4,3.61,0.341,Bhadradri Kothagudem,TS
2024-12-30,0.0,31.0,18.8,3.74,0.309,Bhadradri Kothagudem,TS
2024-12-31,0.0,30.7,18.9,3.56,0.284,Bhadradri Kothagudem,TS
2025-01-01,0.0,30.8,18.6,3.88,0.268,Bhadradri Kothagudem,TS
2025-01-02,0.0,29.8,17.1,3.78,0.257,Bhadradri Kothagudem,TS
2025-01-03,0.0,29.7,17.9,3.57,0.255,Bhadradri Kothagudem,TS
2025-01-04,0.0,30.4,16.8,3.66,0.247,Bhadradri Kothagudem,TS
2025-01-05,0.0,30.6,17.5,3.97,0.241,Bhadradri Kothagudem,TS
2025-01-06,0.0,30.5,17.6,3.69,0.237,Bhadradri Kothagudem,TS
2025-01-07,0.0,30.9,17.9,3.89,0.238,Bhadradri Kothagudem,TS
2025-01-08,0.0,30.0,17.0,3.92,0.242,Bhadradri Kothagudem,TS
2025-01-09,0.0,29.9,16.9,4.13,0.243,Bhadradri Kothagudem,TS
2025-01-10,0.0,30.0,17.2,4.29,0.242,Bhadradri Kothagudem,TS
2025-01-11,0.0,30.0,17.5,4.3,0.247,Bhadradri Kothagudem,TS
2025-01-12,0.0,30.5,18.4,4.16,0.246,Bhadradri Kothagudem,TS
2025-01-13,0.0,31.0,17.9,3.96,0.247,Bhadradri Kothagudem,TS
2025-01-14,0.0,31.5,18.4,4.27,0.249,Bhadradri Kothagudem,TS
2025-01-15,0.0,31.0,18.6,4.06,0.252,Bhadradri Kothagudem,TS
2025-01-16,0.0,30.1,19.6,3.72,0.258,Bhadradri Kothagudem,TS
2025-01-17,0.0,29.6,19.0,3.72,0.267,Bhadradri Kothagudem,TS
2025-01-18,0.0,29.4,17.0,3.95,0.266,Bhadradri Kothagudem,TS
2025-01-19,0.0,30.9,16.8,4.12,0.262,Bhadradri Kothagudem,TS
2025-01-20,0.0,30.7,16.6,3.97,0.26,Bhadradri Kothagudem,TS
2025-01-21,0.0,32.2,15.9,4.24,0.252,Bhadradri Kothagudem,TS
2025-01-22,0.0,32.5,16.9,4.26,0.249,Bhadradri Kothagudem,TS
2025-01-23,0.0,31.6,19.4,4.16,0.247,Bhadradri Kothagudem,TS
2025-01-24,0.0,32.9,17.2,4.44,0.243,Bhadradri Kothagudem,TS
2025-01-25,0.0,32.4,18.9,4.0,0.24,Bhadradri Kothagudem,TS
2025-01-26,0.0,33.3,17.4,4.27,0.238,Bhadradri Kothagudem,TS
2025-01-27,0.0,32.3,18.5,4.15,0.237,Bhadradri Kothagudem,TS
2025-01-28,0.0,32.6,19.3,4.27,0.236,Bhadradri Kothagudem,TS
2025-01-29,0.0,32.2,20.1,4.19,0.235,Bhadradri Kothagudem,TS
2025-01-30,0.0,32.2,19.4,4.12,0.235,Bhadradri Kothagudem,TS
2025-01-31,0.0,34.2,19.9,4.96,0.235,Bhadradri Kothagudem,TS
2025-02-01,0.0,34.7,20.4,4.27,0.235,Bhadradri Kothagudem,TS
2025-02-02,0.0,35.1,20.5,4.55,0.235,Bhadradri Kothagudem,TS
2025-02-03,0.0,35.4,19.9,4.75,0.235,Bhadradri Kothagudem,TS
2025-02-04,0.0,36.0,20.7,4.78,0.235,Bhadradri Kothagudem,TS
2025-02-05,0.0,36.3,21.2,5.1,0.235,Bhadradri Kothagudem,TS
2025-02-06,0.0,36.3,21.5,4.72,0.235,Bhadradri Kothagudem,TS
2025-02-07,0.0,35.3,21.4,4.75,0.235,Bhadradri Kothagudem,TS
2025-02-08,0.0,35.4,21.7,5.04,0.235,Bhadradri Kothagudem,TS
2025-02-09,0.0,35.2,22.8,4.97,0.235,Bhadradri Kothagudem,TS
2025-02-10,0.0,35.0,22.3,4.53,0.229,Bhadradri Kothagudem,TS
2025-02-11,0.0,35.8,21.4,5.01,0.235,Bhadradri Kothagudem,TS
2025-02-12,0.0,36.3,20.9,5.12,0.234,Bhadradri Kothagudem,TS
2025-02-13,0.0,36.2,20.9,5.32,0.234,Bhadradri Kothagudem,TS
2025-02-14,0.0,35.0,20.2,5.42,0.234,Bhadradri Kothagudem,TS
2025-02-15,0.0,35.8,19.5,5.31,0.234,Bhadradri Kothagudem,TS
2025-02-16,0.0,35.8,20.7,5.18,0.234,Bhadradri Kothagudem,TS
2025-02-17,0.0,35.8,21.6,5.06,0.234,Bhadradri Kothagudem,TS
2025-02-18,0.0,36.1,21.5,5.29,0.234,Bhadradri Kothagudem,TS
2025-02-19,0.0,36.9,21.7,5.42,0.234,Bhadradri Kothagudem,TS
2025-02-20,0.2,36.1,22.9,5.19,0.234,Bhadradri Kothagudem,TS
2025-02-21,0.0,36.3,23.0,4.95,0.236,Bhadradri Kothagudem,TS
2025-02-22,0.0,35.5,22.1,5.04,0.243,Bhadradri Kothagudem,TS
2025-02-23,0.0,36.3,21.5,5.75,0.236,Bhadradri Kothagudem,TS
2025-02-24,0.0,35.8,21.8,5.86,0.236,Bhadradri Kothagudem,TS
2025-02-25,0.0,35.8,22.3,5.57,0.236,Bhadradri Kothagudem,TS
2025-02-26,0.0,35.1,21.6,5.68,0.226,Bhadradri Kothagudem,TS
2025-02-27,0.0,34.8,22.0,5.56,0.234,Bhadradri Kothagudem,TS
2025-02-28,0.0,36.5,21.3,5.75,0.232,Bhadradri Kothagudem,TS
2025-03-01,0.0,36.7,22.6,6.01,0.228,Bhadradri Kothagudem,TS
2025-03-02,0.0,37.4,22.1,5.42,0.232,Bhadradri Kothagudem,TS
2025-03-03,0.0,38.1,21.8,5.61,0.232,Bhadradri Kothagudem,TS
2025-03-04,0.0,39.0,22.5,6.21,0.232,Bhadradri Kothagudem,TS
2025-03-05,0.0,38.5,23.0,6.55,0.232,Bhadradri Kothagudem,TS
2025-03-06,0.0,36.2,20.3,6.44,0.232,Bhadradri Kothagudem,TS
2025-03-07,0.0,36.3,19.4,5.65,0.232,Bhadradri Kothagudem,TS
2025-03-08,0.0,37.3,22.5,5.27,0.232,Bhadradri Kothagudem,TS
2025-03-09,0.0,37.7,22.6,5.8,0.232,Bhadradri Kothagudem,TS
2025-03-10,0.0,36.9,22.4,6.6,0.232,Bhadradri Kothagudem,TS
2025-03-11,0.0,37.3,21.5,6.0,0.232,Bhadradri Kothagudem,TS
2025-03-12,0.0,38.5,22.5,6.0,0.232,Bhadradri Kothagudem,TS
2025-03-13,0.0,39.6,23.5,5.88,0.232,Bhadradri Kothagudem,TS
2025-03-14,0.0,39.9,24.3,6.12,0.232,Bhadradri Kothagudem,TS
2025-03-15,0.0,39.1,23.5,6.79,0.232,Bhadradri Kothagudem,TS
2025-03-16,0.0,39.9,23.5,7.19,0.231,Bhadradri Kothagudem,TS
2025-03-17,0.0,39.8,22.0,6.42,0.231,Bhadradri Kothagudem,TS
2025-03-18,0.0,39.3,22.8,6.34,0.231,Bhadradri Kothagudem,TS
2025-03-19,0.0,38.1,23.5,6.88,0.231,Bhadradri Kothagudem,TS
2025-03-20,0.0,38.1,23.8,7.03,0.227,Bhadradri Kothagudem,TS
2025-03-21,0.0,37.9,23.3,6.89,0.232,Bhadradri Kothagudem,TS
2025-03-22,2.8,36.5,24.4,5.62,0.237,Bhadradri Kothagudem,TS
2025-03-23,0.3,36.8,25.2,5.86,0.233,Bhadradri Kothagudem,TS
2025-03-24,0.1,37.8,24.8,5.5,0.235,Bhadradri Kothagudem,TS
2025-03-25,0.0,38.1,24.2,5.69,0.243,Bhadradri Kothagudem,TS
2025-03-26,0.0,38.8,24.1,5.89,0.248,Bhadradri Kothagudem,TS
2025-03-27,0.0,39.3,24.4,6.02,0.248,Bhadradri Kothagudem,TS
2025-03-28,0.0,40.1,24.7,6.51,0.249,Bhadradri Kothagudem,TS
2025-03-29,0.0,39.9,25.4,6.68,0.252,Bhadradri Kothagudem,TS
2025-03-30,0.0,39.8,24.9,6.81,0.263,Bhadradri Kothagudem,TS
2025-03-31,0.0,38.0,24.8,6.41,0.262,Bhadradri Kothagudem,TS
2025-04-01,0.0,36.8,25.0,6.5,0.253,Bhadradri Kothagudem,TS
2025-04-02,0.0,37.0,24.2,6.13,0.231,Bhadradri Kothagudem,TS
2025-04-03,9.7,35.4,23.6,4.45,0.23,Bhadradri Kothagudem,TS
2025-04-04,0.0,36.6,24.2,4.99,0.292,Bhadradri Kothagudem,TS
2025-04-05,0.0,37.4,25.3,5.8,0.255,Bhadradri Kothagudem,TS
2025-04-06,0.0,38.5,25.2,5.9,0.251,Bhadradri Kothagudem,TS
2025-04-07,0.0,39.9,25.5,6.39,0.242,Bhadradri Kothagudem,TS
2025-04-08,11.9,39.1,25.7,6.09,0.232,Bhadradri Kothagudem,TS
2025-04-09,0.0,38.6,25.4,6.24,0.207,Bhadradri Kothagudem,TS
2025-04-10,0.0,36.8,25.4,6.16,0.19,Bhadradri Kothagudem,TS
2025-04-11,0.0,39.6,25.6,6.48,0.179,Bhadradri Kothagudem,TS
2025-04-12,0.0,40.4,25.5,6.73,0.171,Bhadradri Kothagudem,TS
2025-04-13,2.9,37.9,25.9,6.06,0.152,Bhadradri Kothagudem,TS
2025-04-14,0.0,39.0,24.7,6.79,0.136,Bhadradri Kothagudem,TS
2025-04-15,1.8,37.3,25.5,5.43,0.141,Bhadradri Kothagudem,TS
2025-04-16,0.1,38.0,25.2,6.29,0.16,Bhadradri Kothagudem,TS
2025-04-17,0.2,37.8,25.8,5.95,0.162,Bhadradri Kothagudem,TS
2025-04-18,0.2,38.9,26.4,6.24,0.176,Bhadradri Kothagudem,TS
2025-04-19,0.2,37.6,26.6,5.92,0.202,Bhadradri Kothagudem,TS
2025-04-20,0.6,39.5,27.6,6.38,0.213,Bhadradri Kothagudem,TS
2025-04-21,1.4,38.4,27.5,5.96,0.218,Bhadradri Kothagudem,TS
2025-04-22,0.3,40.0,27.2,6.4,0.211,Bhadradri Kothagudem,TS
2025-04-23,0.0,39.6,26.3,6.91,0.213,Bhadradri Kothagudem,TS
2025-04-24,0.0,39.8,26.2,7.14,0.218,Bhadradri Kothagudem,TS
2025-04-25,0.0,39.0,26.2,6.65,0.22,Bhadradri Kothagudem,TS
2025-04-26,0.5,37.9,26.5,6.44,0.219,Bhadradri Kothagudem,TS
2025-04-27,0.0,38.5,26.7,6.27,0.207,Bhadradri Kothagudem,TS
2025-04-28,0.4,37.6,26.5,6.27,0.201,Bhadradri Kothagudem,TS
2025-04-29,0.1,37.7,26.3,6.38,0.232,Bhadradri Kothagudem,TS
2025-04-30,0.0,38.5,26.9,6.21,0.239,Bhadradri Kothagudem,TS
2025-05-01,0.6,38.4,26.3,6.31,0.239,Bhadradri Kothagudem,TS
2025-05-02,1.6,37.2,26.6,5.9,0.242,Bhadradri Kothagudem,TS
2025-05-03,4.9,35.3,27.0,5.64,0.249,Bhadradri Kothagudem,TS
2025-05-04,7.6,36.1,25.2,5.11,0.291,Bhadradri Kothagudem,TS
2025-05-05,0.1,37.3,23.7,5.96,0.271,Bhadradri Kothagudem,TS
2025-05-06,0.1,38.0,25.8,5.87,0.254,Bhadradri Kothagudem,TS
2025-05-07,3.3,35.9,26.3,5.52,0.262,Bhadradri Kothagudem,TS
2025-05-08,0.4,36.6,26.1,5.16,0.288,Bhadradri Kothagudem,TS
2025-05-09,0.0,37.0,25.7,5.65,0.278,Bhadradri Kothagudem,TS
2025-05-10,0.2,37.3,26.2,5.76,0.261,Bhadradri Kothagudem,TS
2025-05-11,0.0,39.1,26.4,6.48,0.249,Bhadradri Kothagudem,TS
2025-05-12,0.0,40.3,26.3,5.89,0.241,Bhadradri Kothagudem,TS
2025-05-13,0.1,40.8,27.4,6.35,0.24,Bhadradri Kothagudem,TS
2025-05-14,0.1,38.9,27.4,6.07,0.249,Bhadradri Kothagudem,TS
2025-05-15,11.3,34.0,26.5,3.59,0.287,Bhadradri Kothagudem,TS
2025-05-16,8.0,34.4,25.6,3.67,0.346,Bhadradri Kothagudem,TS
2025-05-17,0.1,37.6,26.6,5.59,0.313,Bhadradri Kothagudem,TS
2025-05-18,10.3,35.3,25.3,4.8,0.323,Bhadradri Kothagudem,TS
2025-05-19,3.8,35.3,26.6,5.1,0.326,Bhadradri Kothagudem,TS
2025-05-20,11.8,34.0,26.5,4.29,0.365,Bhadradri Kothagudem,TS
2025-05-21,16.3,35.0,25.4,3.6,0.469,Bhadradri Kothagudem,TS
2025-05-22,3.4,33.8,25.0,4.15,0.469,Bhadradri Kothagudem,TS
2025-05-23,6.6,36.7,25.2,6.14,0.444,Bhadradri Kothagudem,TS
2025-05-24,0.0,35.7,26.7,6.1,0.42,Bhadradri Kothagudem,TS
2025-05-25,1.3,35.8,26.3,5.1,0.404,Bhadradri Kothagudem,TS
2025-05-26,2.4,33.4,26.5,3.96,0.395,Bhadradri Kothagudem,TS
2025-05-27,20.6,36.5,25.7,4.54,0.405,Bhadradri Kothagudem,TS
2025-05-28,2.2,30.9,26.1,2.58,0.467,Bhadradri Kothagudem,TS
2025-05-29,8.8,32.9,26.4,2.92,0.448,Bhadradri Kothagudem,TS
2025-05-30,1.0,36.1,26.2,5.2,0.439,Bhadradri Kothagudem,TS
2025-05-31,0.3,36.7,27.4,6.0,0.438,Bhadradri Kothagudem,TS
2025-06-01,0.0,37.1,25.9,6.72,0.43,Bhadradri Kothagudem,TS
2025-06-02,0.0,36.7,27.9,7.33,0.391,Bhadradri Kothagudem,TS
2025-06-03,0.9,36.4,27.5,5.82,0.351,Bhadradri Kothagudem,TS
2025-06-04,0.1,37.7,26.7,5.84,0.321,Bhadradri Kothagudem,TS
2025-06-05,0.0,37.5,26.7,5.93,0.292,Bhadradri Kothagudem,TS
2025-06-06,0.0,38.5,26.4,5.73,0.267,Bhadradri Kothagudem,TS
2025-06-07,0.9,37.4,27.5,5.78,0.274,Bhadradri Kothagudem,TS
2025-06-08,0.0,38.6,27.3,6.39,0.288,Bhadradri Kothagudem,TS
2025-06-09,0.0,37.8,28.2,6.81,0.294,Bhadradri Kothagudem,TS
2025-06-10,8.1,37.0,25.4,5.23,0.313,Bhadradri Kothagudem,TS
2025-06-11,10.8,34.2,24.8,3.68,0.391,Bhadradri Kothagudem,TS
2025-06-12,1.9,34.3,25.0,5.1,0.432,Bhadradri Kothagudem,TS
2025-06-13,0.1,35.3,25.6,5.53,0.439,Bhadradri Kothagudem,TS
2025-06-14,22.4,35.5,26.7,4.64,0.439,Bhadradri Kothagudem,TS
2025-06-15,1.6,34.2,26.2,5.45,0.453,Bhadradri Kothagudem,TS
2025-06-16,1.6,34.2,26.3,5.16,0.448,Bhadradri Kothagudem,TS
2025-06-17,0.0,34.2,27.0,5.05,0.453,Bhadradri Kothagudem,TS
2025-06-18,0.2,34.6,27.8,6.02,0.425,Bhadradri Kothagudem,TS
2025-06-19,1.4,33.8,27.5,5.3,0.393,Bhadradri Kothagudem,TS
2025-06-20,5.6,34.6,23.9,5.47,0.438,Bhadradri Kothagudem,TS
2025-06-21,0.1,36.0,27.6,6.6,0.415,Bhadradri Kothagudem,TS
2025-06-22,1.8,35.7,25.6,6.01,0.396,Bhadradri Kothagudem,TS
2025-06-23,5.2,29.8,25.2,2.16,0.415,Bhadradri Kothagudem,TS
2025-06-24,5.3,32.2,24.1,3.67,0.458,Bhadradri Kothagudem,TS
2025-06-25,8.6,31.3,24.9,2.62,0.473,Bhadradri Kothagudem,TS
2025-06-26,14.6,31.7,24.4,2.93,0.492,Bhadradri Kothagudem,TS
2025-06-27,0.2,33.7,25.5,5.22,0.478,Bhadradri Kothagudem,TS
2025-06-28,0.1,34.1,24.7,5.6,0.452,Bhadradri Kothagudem,TS
2025-06-29,5.4,32.9,24.3,4.48,0.439,Bhadradri Kothagudem,TS
2025-06-30,9.9,30.7,24.1,2.33,0.492,Bhadradri Kothagudem,TS
2025-07-01,16.4,31.4,24.2,2.47,0.499,Bhadradri Kothagudem,TS
2025-07-02,7.4,28.9,23.4,1.94,0.507,Bhadradri Kothagudem,TS
2025-07-03,0.7,32.1,25.1,3.77,0.488,Bhadradri Kothagudem,TS
2025-07-04,0.0,32.9,26.4,5.57,0.475,Bhadradri Kothagudem,TS
2025-07-05,0.1,32.3,26.6,4.43,0.467,Bhadradri Kothagudem,TS
2025-07-06,3.9,32.5,25.4,4.61,0.481,Bhadradri Kothagudem,TS
2025-07-07,0.7,30.7,25.4,3.27,0.487,Bhadradri Kothagudem,TS
2025-07-08,0.1,33.3,26.2,6.01,0.471,Bhadradri Kothagudem,TS
2025-07-09,0.4,33.1,25.6,5.13,0.452,Bhadradri Kothagudem,TS
2025-07-10,0.8,33.3,25.4,5.34,0.437,Bhadradri Kothagudem,TS
2025-07-11,0.4,34.4,24.2,5.41,0.424,Bhadradri Kothagudem,TS
2025-07-12,5.4,33.3,26.3,4.51,0.423,Bhadradri Kothagudem,TS
2025-07-13,0.4,34.2,26.6,4.91,0.378,Bhadradri Kothagudem,TS
2025-07-14,0.0,35.1,27.3,5.89,0.345,Bhadradri Kothagudem,TS
2025-07-15,0.2,34.6,26.4,5.29,0.316,Bhadradri Kothagudem,TS
2025-07-16,0.7,34.9,27.1,4.79,0.313,Bhadradri Kothagudem,TS
2025-07-17,39.5,35.0,24.7,4.74,0.404,Bhadradri Kothagudem,TS
2025-07-18,11.3,34.1,24.5,4.47,0.442,Bhadradri Kothagudem,TS
2025-07-19,4.0,33.8,24.4,4.42,0.426,Bhadradri Kothagudem,TS
2025-07-20,9.1,33.8,24.6,4.34,0.421,Bhadradri Kothagudem,TS
2025-07-21,13.9,32.8,24.8,3.46,0.464,Bhadradri Kothagudem,TS
2025-07-22,25.9,31.8,24.2,3.23,0.503,Bhadradri Kothagudem,TS
2025-07-23,35.1,30.2,24.1,2.57,0.507,Bhadradri Kothagudem,TS
2025-07-24,15.8,29.1,24.4,1.92,0.507,Bhadradri Kothagudem,TS
2025-07-25,20.4,27.3,24.1,1.41,0.513,Bhadradri Kothagudem,TS
2025-07-26,16.4,28.6,24.1,1.82,0.511,Bhadradri Kothagudem,TS
2025-07-27,0.2,33.2,24.9,5.52,0.482,Bhadradri Kothagudem,TS
2025-07-28,0.1,33.4,26.0,5.52,0.46,Bhadradri Kothagudem,TS
2025-07-29,0.2,33.0,27.0,5.67,0.444,Bhadradri Kothagudem,TS
2025-07-30,3.9,31.6,26.1,4.11,0.448,Bhadradri Kothagudem,TS
2025-07-31,0.3,32.6,25.8,4.82,0.437,Bhadradri Kothagudem,TS
2025-08-01,0.7,33.1,25.7,5.11,0.416,Bhadradri Kothagudem,TS
2025-08-02,0.4,33.4,25.2,5.15,0.399,Bhadradri Kothagudem,TS
2025-08-03,3.4,33.4,24.8,5.0,0.389,Bhadradri Kothagudem,TS
2025-08-04,0.9,34.1,24.5,4.87,0.349,Bhadradri Kothagudem,TS
2025-08-05,7.0,33.3,24.9,4.29,0.312,Bhadradri Kothagudem,TS
2025-08-06,4.5,33.9,25.0,4.64,0.29,Bhadradri Kothagudem,TS
2025-08-07,18.2,32.3,26.1,3.89,0.311,Bhadradri Kothagudem,TS
2025-08-08,2.8,31.4,25.3,3.27,0.319,Bhadradri Kothagudem,TS
2025-08-09,8.8,34.2,24.4,4.45,0.286,Bhadradri Kothagudem,TS
2025-08-10,1.7,33.4,24.1,4.09,0.276,Bhadradri Kothagudem,TS
2025-08-11,1.1,33.4,24.6,4.57,0.281,Bhadradri Kothagudem,TS
2025-08-12,22.9,32.8,23.7,4.33,0.374,Bhadradri Kothagudem,TS
2025-08-13,85.6,30.9,23.5,2.86,0.504,Bhadradri Kothagudem,TS
2025-08-14,36.3,29.8,24.0,2.19,0.507,Bhadradri Kothagudem,TS
2025-08-15,8.0,31.3,24.4,3.64,0.494,Bhadradri Kothagudem,TS
2025-08-16,21.2,30.3,24.0,2.83,0.503,Bhadradri Kothagudem,TS
2025-08-17,11.5,29.4,24.6,2.54,0.49,Bhadradri Kothagudem,TS
2025-08-18,26.5,27.9,24.2,1.66,0.51,Bhadradri Kothagudem,TS
2025-08-19,4.0,30.2,23.9,3.56,0.495,Bhadradri Kothagudem,TS
2025-08-20,1.4,30.6,24.5,4.22,0.483,Bhadradri Kothagudem,TS
2025-08-21,0.0,32.5,25.5,5.16,0.453,Bhadradri Kothagudem,TS
2025-08-22,0.5,32.2,26.4,4.25,0.421,Bhadradri Kothagudem,TS
2025-08-23,0.2,32.2,25.5,4.82,0.394,Bhadradri Kothagudem,TS
2025-08-24,8.2,31.7,23.6,3.2,0.442,Bhadradri Kothagudem,TS
2025-08-25,0.1,32.4,24.6,4.81,0.454,Bhadradri Kothagudem,TS
2025-08-26,8.6,29.1,24.7,2.16,0.482,Bhadradri Kothagudem,TS
2025-08-27,31.5,28.6,23.4,2.12,0.506,Bhadradri Kothagudem,TS
2025-08-28,21.4,29.8,23.3,2.59,0.504,Bhadradri Kothagudem,TS
2025-08-29,0.7,31.6,23.9,4.89,0.477,Bhadradri Kothagudem,TS
2025-08-30,2.2,32.5,24.3,4.92,0.468,Bhadradri Kothagudem,TS
2025-08-31,14.4,32.5,25.1,3.85,0.463,Bhadradri Kothagudem,TS
2025-09-01,10.1,30.4,24.2,3.21,0.494,Bhadradri Kothagudem,TS
2025-09-02,12.7,29.0,24.7,2.77,0.497,Bhadradri Kothagudem,TS
2025-09-03,7.8,30.6,24.5,2.87,0.494,Bhadradri Kothagudem,TS
2025-09-04,0.2,32.0,24.1,4.92,0.474,Bhadradri Kothagudem,TS
2025-09-05,0.4,32.7,24.4,5.17,0.438,Bhadradri Kothagudem,TS
2025-09-06,2.5,32.3,24.7,4.25,0.408,Bhadradri Kothagudem,TS
2025-09-07,15.5,31.2,24.6,3.77,0.435,Bhadradri Kothagudem,TS
2025-09-08,0.4,32.7,24.1,4.58,0.436,Bhadradri Kothagudem,TS
2025-09-09,6.5,32.8,24.7,4.02,0.419,Bhadradri Kothagudem,TS
2025-09-10,6.5,31.7,24.6,3.51,0.416,Bhadradri Kothagudem,TS
2025-09-11,7.0,29.6,24.7,2.95,0.458,Bhadradri Kothagudem,TS
2025-09-12,18.4,29.8,24.3,2.41,0.483,Bhadradri Kothagudem,TS
2025-09-13,10.0,29.9,23.6,3.05,0.492,Bhadradri Kothagudem,TS
2025-09-14,0.5,31.9,24.1,4.32,0.476,Bhadradri Kothagudem,TS
2025-09-15,8.8,32.2,24.5,3.99,0.469,Bhadradri Kothagudem,TS
2025-09-16,2.1,31.9,25.4,3.83,0.445,Bhadradri Kothagudem,TS
2025-09-17,3.3,32.2,24.0,4.27,0.431,Bhadradri Kothagudem,TS
2025-09-18,0.1,33.3,25.7,4.95,0.401,Bhadradri Kothagudem,TS
2025-09-19,1.3,32.8,24.5,4.71,0.362,Bhadradri Kothagudem,TS
2025-09-20,5.0,33.6,24.4,4.67,0.324,Bhadradri Kothagudem,TS
2025-09-21,8.7,32.8,24.8,4.14,0.345,Bhadradri Kothagudem,TS
2025-09-22,17.4,28.6,24.7,2.41,0.446,Bhadradri Kothagudem,TS
2025-09-23,16.2,29.5,24.0,2.44,0.482,Bhadradri Kothagudem,TS
2025-09-24,1.6,30.9,24.3,3.55,0.465,Bhadradri Kothagudem,TS
2025-09-25,5.0,28.0,24.5,2.73,0.465,Bhadradri Kothagudem,TS
2025-09-26,26.7,30.4,23.8,2.84,0.486,Bhadradri Kothagudem,TS
2025-09-27,32.2,29.4,24.3,2.32,0.504,Bhadradri Kothagudem,TS
2025-09-28,0.0,31.1,23.7,4.3,0.468,Bhadradri Kothagudem,TS
2025-09-29,0.1,32.2,23.8,4.55,0.441,Bhadradri Kothagudem,TS
2025-09-30,15.5,31.6,24.0,3.83,0.449,Bhadradri Kothagudem,TS
2025-10-01,4.5,32.3,23.8,3.74,0.469,Bhadradri Kothagudem,TS
2025-10-02,0.4,29.4,25.0,1.93,0.459,Bhadradri Kothagudem,TS
2025-10-03,1.4,31.9,25.5,4.48,0.453,Bhadradri Kothagudem,TS
2025-10-04,4.8,31.6,24.3,3.53,0.46,Bhadradri Kothagudem,TS
2025-10-05,6.5,31.0,23.8,3.63,0.467,Bhadradri Kothagudem,TS
2025-10-06,10.4,30.9,23.8,3.99,0.444,Bhadradri Kothagudem,TS
2025-10-07,0.8,32.0,23.6,4.3,0.444,Bhadradri Kothagudem,TS
2025-10-08,8.3,31.6,24.3,4.03,0.406,Bhadradri Kothagudem,TS
2025-10-09,10.0,31.0,23.7,3.8,0.444,Bhadradri Kothagudem,TS
2025-10-10,2.4,31.5,24.1,3.72,0.42,Bhadradri Kothagudem,TS
2025-10-11,1.0,31.3,23.7,3.96,0.419,Bhadradri Kothagudem,TS
2025-10-12,4.7,31.7,24.2,3.88,0.43,Bhadradri Kothagudem,TS
2025-10-13,37.9,26.7,23.2,0.87,0.499,Bhadradri Kothagudem,TS
2025-10-14,6.0,29.8,23.0,3.17,0.472,Bhadradri Kothagudem,TS
2025-10-15,0.1,31.9,23.0,4.35,0.449,Bhadradri Kothagudem,TS
2025-10-16,0.0,32.0,22.7,4.59,0.432,Bhadradri Kothagudem,TS
2025-10-17,0.0,31.8,23.7,4.37,0.415,Bhadradri Kothagudem,TS
2025-10-18,0.0,31.8,23.4,4.52,0.384,Bhadradri Kothagudem,TS
2025-10-19,10.8,30.7,23.4,3.05,0.39,Bhadradri Kothagudem,TS
2025-10-20,1.0,30.9,23.9,3.69,0.417,Bhadradri Kothagudem,TS
2025-10-21,7.3,31.0,23.2,3.64,0.437,Bhadradri Kothagudem,TS
2025-10-22,4.8,31.0,23.6,3.4,0.45,Bhadradri Kothagudem,TS
2025-10-23,8.0,29.9,24.1,2.8,0.473,Bhadradri Kothagudem,TS
2025-10-24,13.7,30.0,23.3,2.33,0.478,Bhadradri Kothagudem,TS
2025-10-25,0.8,31.3,22.5,3.65,0.473,Bhadradri Kothagudem,TS
2025-10-26,0.0,31.6,22.7,4.27,0.45,Bhadradri Kothagudem,TS
2025-10-27,5.9,30.4,22.7,2.17,0.421,Bhadradri Kothagudem,TS
2025-10-28,24.3,29.6,24.3,2.42,0.494,Bhadradri Kothagudem,TS
2025-10-29,14.4,26.6,24.1,2.34,0.507,Bhadradri Kothagudem,TS
2025-10-30,0.7,30.8,23.1,4.24,0.48,Bhadradri Kothagudem,TS
2025-10-31,0.0,31.5,23.4,4.67,0.453,Bhadradri Kothagudem,TS
2025-11-01,0.0,32.8,22.2,4.28,0.432,Bhadradri Kothagudem,TS
2025-11-02,0.4,32.7,23.4,4.26,0.408,Bhadradri Kothagudem,TS
2025-11-03,1.0,33.3,24.8,4.02,0.375,Bhadradri Kothagudem,TS
2025-11-04,1.2,32.8,25.0,3.73,0.348,Bhadradri Kothagudem,TS
2025-11-05,0.1,32.9,24.0,4.31,0.327,Bhadradri Kothagudem,TS
2025-11-06,0.0,33.1,22.7,4.77,0.304,Bhadradri Kothagudem,TS
2025-11-07,0.0,32.7,22.6,4.12,0.296,Bhadradri Kothagudem,TS
2025-11-08,0.0,31.5,22.6,3.88,0.29,Bhadradri Kothagudem,TS
2025-11-09,0.0,30.6,19.8,4.25,0.287,Bhadradri Kothagudem,TS
2025-11-10,0.0,30.8,19.7,4.08,0.282,Bhadradri Kothagudem,TS
2025-11-11,0.0,31.6,20.0,4.15,0.278,Bhadradri Kothagudem,TS
2025-11-12,0.0,31.2,20.2,4.13,0.275,Bhadradri Kothagudem,TS
2025-11-13,0.1,30.3,19.8,3.99,0.269,Bhadradri Kothagudem,TS
2025-11-14,0.0,29.5,16.9,4.13,0.267,Bhadradri Kothagudem,TS
2025-11-15,0.0,29.3,16.8,3.93,0.261,Bhadradri Kothagudem,TS
2025-11-16,0.0,29.4,16.9,4.0,0.255,Bhadradri Kothagudem,TS
2025-11-17,0.0,28.7,15.4,3.85,0.25,Bhadradri Kothagudem,TS
2025-11-18,0.0,29.4,15.7,3.96,0.247,Bhadradri Kothagudem,TS
2025-11-19,0.0,29.3,15.7,4.17,0.245,Bhadradri Kothagudem,TS
2025-11-20,0.0,29.7,16.2,3.85,0.241,Bhadradri Kothagudem,TS
2025-11-21,0.0,31.5,18.8,3.97,0.234,Bhadradri Kothagudem,TS
2025-11-22,0.0,32.2,21.7,4.06,0.236,Bhadradri Kothagudem,TS
2025-11-23,0.0,31.8,21.4,3.83,0.236,Bhadradri Kothagudem,TS
2025-11-24,0.0,31.6,21.2,3.83,0.237,Bhadradri Kothagudem,TS
2025-11-25,0.0,30.6,20.5,3.93,0.243,Bhadradri Kothagudem,TS
2025-11-26,0.0,30.7,19.0,3.96,0.26,Bhadradri Kothagudem,TS
2025-11-27,0.0,29.6,17.9,3.79,0.28,Bhadradri Kothagudem,TS
2025-11-28,0.0,28.0,16.5,3.71,0.291,Bhadradri Kothagudem,TS
2025-11-29,0.0,28.9,16.3,3.53,0.297,Bhadradri Kothagudem,TS
2025-11-30,1.7,27.7,18.7,2.41,0.293,Bhadradri Kothagudem,TS
2025-12-01,0.6,28.2,21.1,2.51,0.336,Bhadradri Kothagudem,TS
2025-12-02,0.3,29.9,19.3,3.36,0.329,Bhadradri Kothagudem,TS
2025-12-03,0.0,29.6,19.9,3.09,0.321,Bhadradri Kothagudem,TS
2025-12-04,0.0,29.8,21.5,3.44,0.315,Bhadradri Kothagudem,TS
2025-12-05,0.0,29.3,19.0,3.59,0.304,Bhadradri Kothagudem,TS
2025-12-06,0.0,28.8,17.2,3.43,0.299,Bhadradri Kothagudem,TS
2025-12-07,0.0,28.3,16.6,3.22,0.294,Bhadradri Kothagudem,TS
2025-12-08,0.0,29.0,15.5,3.5,0.287,Bhadradri Kothagudem,TS
2025-12-09,0.0,29.7,14.5,3.81,0.272,Bhadradri Kothagudem,TS
2025-12-10,0.0,29.2,13.9,3.7,0.265,Bhadradri Kothagudem,TS
2025-12-11,0.0,28.9,13.9,3.68,0.26,Bhadradri Kothagudem,TS
2025-12-12,0.0,28.6,12.3,3.59,0.258,Bhadradri Kothagudem,TS
2025-12-13,0.0,29.0,13.7,3.72,0.25,Bhadradri Kothagudem,TS
2025-12-14,0.0,28.8,16.2,3.59,0.248,Bhadradri Kothagudem,TS
2025-12-15,0.0,29.0,16.0,3.55,0.246,Bhadradri Kothagudem,TS
2025-12-16,0.0,29.3,14.4,3.57,0.248,Bhadradri Kothagudem,TS
2025-12-17,0.0,30.0,14.8,3.64,0.255,Bhadradri Kothagudem,TS
2025-12-18,0.0,29.4,14.4,3.69,0.26,Bhadradri Kothagudem,TS
2025-12-19,0.0,28.1,16.9,3.3,0.262,Bhadradri Kothagudem,TS
2025-12-20,0.0,28.8,14.5,3.7,0.259,Bhadradri Kothagudem,TS
2025-12-21,0.0,28.8,15.3,3.6,0.251,Bhadradri Kothagudem,TS
2025-12-22,0.0,29.3,15.6,3.64,0.248,Bhadradri Kothagudem,TS
2025-12-23,0.0,29.2,16.2,3.56,0.245,Bhadradri Kothagudem,TS
2025-12-24,0.0,29.0,15.3,3.57,0.242,Bhadradri Kothagudem,TS
2025-12-25,0.0,29.7,15.0,3.66,0.24,Bhadradri Kothagudem,TS
2025-12-26,0.0,28.4,16.6,3.47,0.238,Bhadradri Kothagudem,TS
2025-12-27,0.0,28.9,15.7,3.53,0.238,Bhadradri Kothagudem,TS
2025-12-28,0.0,29.3,16.2,3.62,0.233,Bhadradri Kothagudem,TS
2025-12-29,0.0,29.2,15.7,3.64,0.233,Bhadradri Kothagudem,TS
2025-12-30,0.0,29.6,15.8,3.63,0.231,Bhadradri Kothagudem,TS
2025-12-31,0.0,29.6,17.7,2.94,0.233,Bhadradri Kothagudem,TS
2026-01-01,0.0,30.5,19.0,3.57,0.233,Bhadradri Kothagudem,TS
2026-01-02,0.0,30.1,18.1,3.66,0.233,Bhadradri Kothagudem,TS
2026-01-03,0.0,30.4,18.8,3.86,0.232,Bhadradri Kothagudem,TS
2026-01-04,0.0,29.7,18.1,3.72,0.234,Bhadradri Kothagudem,TS
2026-01-05,0.0,29.6,17.8,3.67,0.234,Bhadradri Kothagudem,TS
2026-01-06,0.0,29.3,16.7,3.94,0.234,Bhadradri Kothagudem,TS
2026-01-07,0.0,29.4,15.7,3.93,0.234,Bhadradri Kothagudem,TS
2026-01-08,0.0,29.3,14.4,4.19,0.235,Bhadradri Kothagudem,TS
2026-01-09,0.0,28.8,14.0,3.88,0.235,Bhadradri Kothagudem,TS
2026-01-10,0.0,25.5,16.6,2.45,0.235,Bhadradri Kothagudem,TS
2026-01-11,0.0,28.1,19.3,3.17,0.235,Bhadradri Kothagudem,TS
2026-01-12,0.0,28.8,18.8,3.25,0.235,Bhadradri Kothagudem,TS
2026-01-13,0.0,30.9,19.2,3.84,0.235,Bhadradri Kothagudem,TS
2026-01-14,0.0,31.5,18.6,3.84,0.235,Bhadradri Kothagudem,TS
2026-01-15,0.0,31.5,19.5,3.84,0.232,Bhadradri Kothagudem,TS
2026-01-16,0.0,30.8,16.8,4.2,0.231,Bhadradri Kothagudem,TS
2026-01-17,0.0,31.1,17.6,3.82,0.229,Bhadradri Kothagudem,TS
2026-01-18,0.0,31.6,17.1,4.17,0.235,Bhadradri Kothagudem,TS
2026-01-19,0.0,31.4,18.8,4.07,0.235,Bhadradri Kothagudem,TS
2026-01-20,0.0,31.3,18.1,4.37,0.235,Bhadradri Kothagudem,TS
2026-01-21,0.0,31.8,17.2,4.67,0.235,Bhadradri Kothagudem,TS
2026-01-22,0.0,30.6,16.5,4.53,0.235,Bhadradri Kothagudem,TS
2026-01-23,0.0,30.5,16.9,4.26,0.235,Bhadradri Kothagudem,TS
2026-01-24,0.0,30.2,18.0,3.61,0.235,Bhadradri Kothagudem,TS
2026-01-25,0.0,32.0,19.6,4.28,0.235,Bhadradri Kothagudem,TS
2026-01-26,0.0,32.1,20.0,4.69,0.235,Bhadradri Kothagudem,TS
2026-01-27,0.0,32.3,18.8,4.44,0.235,Bhadradri Kothagudem,TS
2026-01-28,0.0,32.1,18.8,4.34,0.235,Bhadradri Kothagudem,TS
2026-01-29,0.0,32.1,19.8,4.31,0.235,Bhadradri Kothagudem,TS
2026-01-30,0.0,31.9,19.8,4.68,0.235,Bhadradri Kothagudem,TS
2026-01-31,0.0,32.2,18.7,4.76,0.235,Bhadradri Kothagudem,TS
2026-02-01,0.0,31.7,18.9,4.29,0.235,Bhadradri Kothagudem,TS
2026-02-02,0.0,31.7,20.0,4.53,0.222,Bhadradri Kothagudem,TS
2026-02-03,0.0,32.1,18.9,4.56,0.211,Bhadradri Kothagudem,TS
2026-02-04,0.0,32.8,19.7,4.97,0.21,Bhadradri Kothagudem,TS
2026-02-05,0.0,32.0,18.6,4.83,0.21,Bhadradri Kothagudem,TS
2026-02-06,0.0,32.1,18.0,4.79,0.21,Bhadradri Kothagudem,TS
2026-02-07,0.0,32.8,18.7,4.9,0.211,Bhadradri Kothagudem,TS
2026-02-08,0.0,32.8,16.9,4.71,0.205,Bhadradri Kothagudem,TS
2026-02-09,0.0,32.0,18.5,4.58,0.211,Bhadradri Kothagudem,TS
2026-02-10,0.0,32.1,19.5,4.68,0.211,Bhadradri Kothagudem,TS
2026-02-11,0.0,32.3,18.2,4.93,0.213,Bhadradri Kothagudem,TS
2026-02-12,0.0,32.9,18.2,5.07,0.216,Bhadradri Kothagudem,TS
2026-02-13,0.0,33.6,17.9,5.2,0.216,Bhadradri Kothagudem,TS
2026-02-14,0.0,33.6,18.7,5.01,0.224,Bhadradri Kothagudem,TS
2026-02-15,0.0,33.9,19.3,4.96,0.223,Bhadradri Kothagudem,TS
2026-02-16,0.0,34.6,20.3,5.38,0.219,Bhadradri Kothagudem,TS
2026-02-17,0.0,33.4,19.5,4.93,0.219,Bhadradri Kothagudem,TS
2026-02-18,0.0,34.1,19.4,5.15,0.219,Bhadradri Kothagudem,TS
2026-02-19,0.0,34.2,19.6,5.26,0.219,Bhadradri Kothagudem,TS
2026-02-20,0.0,35.1,19.6,5.73,0.219,Bhadradri Kothagudem,TS
2026-02-21,0.0,35.6,20.0,5.65,0.219,Bhadradri Kothagudem,TS
2026-02-22,0.0,35.2,21.8,5.04,0.219,Bhadradri Kothagudem,TS
2026-02-23,0.1,34.8,22.6,4.6,0.219,Bhadradri Kothagudem,TS
2026-02-24,3.4,31.4,20.9,3.48,0.292,Bhadradri Kothagudem,TS
2026-02-25,0.1,33.1,20.7,4.38,0.298,Bhadradri Kothagudem,TS
2026-02-26,0.0,34.0,20.6,4.64,0.296,Bhadradri Kothagudem,TS
2026-02-27,0.0,35.5,21.7,5.3,0.287,Bhadradri Kothagudem,TS
2026-02-28,0.0,36.2,21.7,5.25,0.277,Bhadradri Kothagudem,TS
2026-03-01,0.0,35.5,22.1,5.42,0.269,Bhadradri Kothagudem,TS
2026-03-02,0.0,36.5,21.4,5.34,0.257,Bhadradri Kothagudem,TS
2026-03-03,0.0,36.8,21.6,6.02,0.247,Bhadradri Kothagudem,TS
2026-03-04,0.0,36.9,21.8,5.62,0.231,Bhadradri Kothagudem,TS
2026-03-05,0.0,38.0,20.8,6.11,0.234,Bhadradri Kothagudem,TS
2026-03-06,0.0,38.2,21.0,6.2,0.241,Bhadradri Kothagudem,TS
2026-03-07,0.0,37.5,21.1,6.07,0.239,Bhadradri Kothagudem,TS
2026-03-08,0.0,36.1,24.0,5.37,0.235,Bhadradri Kothagudem,TS
2026-03-09,0.0,34.5,23.4,5.4,0.233,Bhadradri Kothagudem,TS
2026-03-10,0.0,34.9,22.1,5.91,0.229,Bhadradri Kothagudem,TS
2026-03-11,0.0,36.4,21.9,5.81,0.221,Bhadradri Kothagudem,TS
2026-03-12,0.0,38.6,22.0,6.28,0.22,Bhadradri Kothagudem,TS
2026-03-13,0.0,37.1,22.4,6.18,0.22,Bhadradri Kothagudem,TS
2026-03-14,0.0,36.4,22.6,6.07,0.22,Bhadradri Kothagudem,TS
2026-03-15,0.0,35.9,22.2,6.07,0.223,Bhadradri Kothagudem,TS
2026-03-16,0.0,34.3,23.3,5.41,0.218,Bhadradri Kothagudem,TS
2026-03-17,0.5,33.9,23.2,5.18,0.23,Bhadradri Kothagudem,TS
2026-03-18,2.0,32.0,22.2,4.15,0.244,Bhadradri Kothagudem,TS
2026-03-19,0.1,35.2,22.2,4.89,0.23,Bhadradri Kothagudem,TS
2026-03-20,0.2,33.7,20.6,4.9,0.224,Bhadradri Kothagudem,TS
2026-03-21,1.8,34.3,22.2,4.47,0.215,Bhadradri Kothagudem,TS
2026-03-22,0.0,34.5,23.5,4.74,0.221,Bhadradri Kothagudem,TS
2026-03-23,0.4,36.6,23.6,5.79,0.222,Bhadradri Kothagudem,TS
2026-03-24,0.2,36.1,24.0,5.6,0.224,Bhadradri Kothagudem,TS
2026-03-25,0.1,36.6,23.7,5.82,0.231,Bhadradri Kothagudem,TS
2026-03-26,0.0,38.1,24.0,6.16,0.231,Bhadradri Kothagudem,TS
2026-03-27,0.0,38.3,24.5,6.65,0.23,Bhadradri Kothagudem,TS
2026-03-28,0.2,38.8,24.6,7.17,0.234,Bhadradri Kothagudem,TS
2026-03-29,0.0,38.7,25.0,6.62,0.242,Bhadradri Kothagudem,TS
2026-03-30,0.3,37.5,25.1,6.07,0.237,Bhadradri Kothagudem,TS
2026-03-31,0.1,38.0,24.2,6.3,0.241,Bhadradri Kothagudem,TS
2026-04-01,0.0,37.5,25.0,6.47,0.244,Bhadradri Kothagudem,TS
2026-04-02,0.0,37.3,24.1,6.29,0.242,Bhadradri Kothagudem,TS
2026-04-03,0.0,38.8,25.0,5.93,0.24,Bhadradri Kothagudem,TS
2026-04-04,0.0,37.7,25.1,5.72,0.241,Bhadradri Kothagudem,TS
2026-04-05,0.4,38.2,25.6,5.83,0.244,Bhadradri Kothagudem,TS
2026-04-06,1.8,36.3,26.8,5.37,0.26,Bhadradri Kothagudem,TS
2026-04-07,0.0,38.2,25.6,6.47,0.296,Bhadradri Kothagudem,TS
2026-04-08,0.0,38.1,26.0,6.41,0.272,Bhadradri Kothagudem,TS
2026-04-09,0.6,37.7,26.6,5.64,0.264,Bhadradri Kothagudem,TS
2026-04-10,0.0,39.4,26.2,6.07,0.252,Bhadradri Kothagudem,TS
2026-04-11,0.0,39.2,26.0,6.12,0.248,Bhadradri Kothagudem,TS
2026-04-12,0.0,39.5,25.6,6.93,0.245,Bhadradri Kothagudem,TS
2026-04-13,0.0,40.1,25.7,6.97,0.242,Bhadradri Kothagudem,TS
2026-04-14,0.0,39.9,25.8,6.82,0.233,Bhadradri Kothagudem,TS
2026-04-15,0.1,40.2,26.1,7.23,0.224,Bhadradri Kothagudem,TS
2026-04-16,0.0,39.1,25.5,6.74,0.23,Bhadradri Kothagudem,TS
2026-04-17,0.0,40.2,26.5,6.73,0.239,Bhadradri Kothagudem,TS
2026-04-18,0.0,40.1,26.1,6.54,0.244,Bhadradri Kothagudem,TS
2026-04-19,0.1,39.4,26.0,6.43,0.239,Bhadradri Kothagudem,TS
2026-04-20,0.0,38.8,25.7,6.63,0.247,Bhadradri Kothagudem,TS
2026-04-21,0.0,38.7,25.9,6.17,0.253,Bhadradri Kothagudem,TS
2026-04-22,9.5,40.1,24.0,6.19,0.261,Bhadradri Kothagudem,TS
2026-04-23,0.0,40.7,25.5,6.41,0.25,Bhadradri Kothagudem,TS
2026-04-24,0.0,41.3,25.2,6.59,0.253,Bhadradri Kothagudem,TS
2026-04-25,0.1,39.7,25.6,6.52,0.255,Bhadradri Kothagudem,TS
2026-04-26,0.1,39.6,26.0,6.98,0.237,Bhadradri Kothagudem,TS
2026-04-27,0.0,40.3,26.1,7.02,0.231,Bhadradri Kothagudem,TS
2026-04-28,1.4,38.0,27.0,6.09,0.242,Bhadradri Kothagudem,TS
2026-04-29,0.0,38.9,27.2,7.03,0.24,Bhadradri Kothagudem,TS
2026-04-30,0.4,39.0,27.7,6.54,0.231,Bhadradri Kothagudem,TS
2026-05-01,0.0,40.7,27.9,7.47,0.232,Bhadradri Kothagudem,TS
2026-05-02,0.0,39.6,27.0,6.62,0.233,Bhadradri Kothagudem,TS
2026-05-03,3.2,35.9,26.8,4.42,0.26,Bhadradri Kothagudem,TS
2026-05-04,0.1,37.8,26.3,6.38,0.296,Bhadradri Kothagudem,TS
2026-05-05,2.2,36.9,27.4,6.35,0.276,Bhadradri Kothagudem,TS
2026-05-06,0.0,36.8,26.1,5.69,0.259,Bhadradri Kothagudem,TS
2026-05-07,2.6,36.3,26.4,5.35,0.256,Bhadradri Kothagudem,TS
2026-05-08,1.3,36.4,25.9,5.81,0.241,Bhadradri Kothagudem,TS
2026-05-09,0.0,37.6,24.6,6.24,0.228,Bhadradri Kothagudem,TS
2026-05-10,0.0,38.3,26.2,6.33,0.223,Bhadradri Kothagudem,TS
2026-05-11,0.0,38.4,26.3,6.27,0.227,Bhadradri Kothagudem,TS
2026-05-12,2.3,36.9,26.8,6.25,0.251,Bhadradri Kothagudem,TS
2026-05-13,0.0,37.1,26.7,6.09,0.266,Bhadradri Kothagudem,TS
2026-05-14,0.3,37.5,26.9,5.41,0.261,Bhadradri Kothagudem,TS
2026-05-15,0.0,38.5,26.9,5.95,0.264,Bhadradri Kothagudem,TS
2026-05-16,1.7,37.8,28.0,5.93,0.264,Bhadradri Kothagudem,TS
2026-05-17,0.8,35.9,27.5,5.34,0.268,Bhadradri Kothagudem,TS
2026-05-18,0.0,37.5,27.8,6.1,0.268,Bhadradri Kothagudem,TS
2026-05-19,0.0,38.1,27.8,5.84,0.26,Bhadradri Kothagudem,TS
2026-05-20,0.3,40.9,29.3,6.73,0.278,Bhadradri Kothagudem,TS
2026-05-21,0.0,42.6,30.4,7.79,0.299,Bhadradri Kothagudem,TS
2026-05-22,0.1,41.2,30.4,7.41,0.297,Bhadradri Kothagudem,TS
2026-05-23,0.0,42.4,31.0,7.26,0.287,Bhadradri Kothagudem,TS
2026-05-24,0.0,42.6,30.1,7.72,0.292,Bhadradri Kothagudem,TS
2026-05-25,0.0,42.0,28.2,6.88,0.285,Bhadradri Kothagudem,TS
2026-05-26,0.0,41.7,29.0,7.08,0.27,Bhadradri Kothagudem,TS
2026-05-27,0.0,38.9,27.7,7.0,0.278,Bhadradri Kothagudem,TS
2026-05-28,1.6,40.6,27.5,6.6,0.288,Bhadradri Kothagudem,TS
2026-05-29,1.2,39.9,25.7,7.21,0.297,Bhadradri Kothagudem,TS
2026-05-30,0.1,39.6,28.8,7.17,0.275,Bhadradri Kothagudem,TS
2026-05-31,0.1,39.2,28.2,6.61,0.268,Bhadradri Kothagudem,TS
2026-06-01,0.0,36.3,25.9,6.05,0.267,Bhadradri Kothagudem,TS
2026-06-02,0.0,37.8,27.8,5.99,0.27,Bhadradri Kothagudem,TS
2026-06-03,0.8,37.9,28.1,6.46,0.295,Bhadradri Kothagudem,TS
2026-06-04,3.0,38.7,27.0,6.08,0.298,Bhadradri Kothagudem,TS
2026-06-05,0.5,37.6,28.1,6.44,0.352,Bhadradri Kothagudem,TS
2026-06-06,0.1,38.9,28.8,6.43,0.356,Bhadradri Kothagudem,TS
2026-06-07,1.1,38.9,29.2,6.43,0.342,Bhadradri Kothagudem,TS
2026-06-08,5.3,37.0,26.1,5.56,0.344,Bhadradri Kothagudem,TS
2026-06-09,0.3,37.5,29.9,6.6,0.373,Bhadradri Kothagudem,TS
2026-06-10,2.4,38.7,27.2,6.73,0.365,Bhadradri Kothagudem,TS
2026-06-11,0.5,34.8,25.2,3.93,0.382,Bhadradri Kothagudem,TS
2026-06-12,0.0,37.0,28.0,5.57,0.379,Bhadradri Kothagudem,TS
2026-06-13,0.1,34.3,27.0,3.81,0.408,Bhadradri Kothagudem,TS
2026-06-14,0.5,36.9,27.3,5.98,0.398,Bhadradri Kothagudem,TS
2026-06-15,1.1,37.5,28.2,5.71,0.393,Bhadradri Kothagudem,TS
2026-06-16,1.3,37.5,26.3,5.86,0.383,Bhadradri Kothagudem,TS
2026-06-17,0.3,38.5,27.4,5.76,0.382,Bhadradri Kothagudem,TS
2026-06-18,1.2,35.7,25.6,5.1,0.437,Bhadradri Kothagudem,TS
2026-06-19,5.1,36.6,25.9,5.33,0.45,Bhadradri Kothagudem,TS
2026-06-20,0.1,37.0,26.6,5.63,0.403,Bhadradri Kothagudem,TS
2026-06-21,5.0,34.1,26.1,4.1,0.395,Bhadradri Kothagudem,TS
2026-06-22,4.1,33.9,27.1,4.23,0.454,Bhadradri Kothagudem,TS
2026-06-23,0.6,32.7,27.3,2.83,0.472,Bhadradri Kothagudem,TS
2026-06-24,0.3,33.5,27.6,5.51,0.447,Bhadradri Kothagudem,TS
2026-06-25,0.5,34.5,26.0,5.74,0.424,Bhadradri Kothagudem,TS
2026-06-26,7.1,32.9,27.4,4.41,0.387,Bhadradri Kothagudem,TS
2026-06-27,10.6,33.0,25.8,4.34,0.384,Bhadradri Kothagudem,TS
2026-06-28,3.2,34.7,26.2,4.84,0.37,Bhadradri Kothagudem,TS
2026-06-29,0.6,34.1,25.3,4.91,0.408,Bhadradri Kothagudem,TS
2026-06-30,2.3,32.8,25.4,4.11,0.422,Bhadradri Kothagudem,TS
2026-07-01,9.3,32.3,25.3,3.54,0.426,Bhadradri Kothagudem,TS
2026-07-02,6.6,31.3,25.3,3.17,0.43,Bhadradri Kothagudem,TS
2026-07-03,10.2,30.3,25.0,2.44,0.481,Bhadradri Kothagudem,TS
2026-07-04,8.5,31.3,24.4,3.22,0.494,Bhadradri Kothagudem,TS
2026-07-05,11.3,30.0,24.3,2.8,0.501,Bhadradri Kothagudem,TS
2026-07-06,0.2,32.8,25.3,5.46,0.487,Bhadradri Kothagudem,TS
2026-07-07,1.5,34.1,26.7,6.06,0.466,Bhadradri Kothagudem,TS
2026-07-08,0.8,34.3,26.4,6.04,0.456,Bhadradri Kothagudem,TS
2026-07-09,3.4,32.7,27.3,4.46,0.465,Bhadradri Kothagudem,TS
2026-07-10,5.9,34.7,26.0,4.94,0.458,Bhadradri Kothagudem,TS
2026-07-11,0.1,34.4,27.4,5.55,0.431,Bhadradri Kothagudem,TS
2026-07-12,0.0,34.8,27.4,6.18,0.402,Bhadradri Kothagudem,TS
2026-07-13,0.0,35.3,27.7,6.08,0.379,Bhadradri Kothagudem,TS
2026-07-14,0.0,34.8,28.3,5.91,0.352,Bhadradri Kothagudem,TS
2026-07-15,0.0,35.1,27.5,6.39,0.324,Bhadradri Kothagudem,TS
2026-07-16,0.6,33.7,28.5,3.56,0.332,Bhadradri Kothagudem,TS
2026-07-17,2.2,32.1,26.8,3.75,0.362,Bhadradri Kothagudem,TS
2026-07-18,22.0,32.1,24.8,2.8,0.465,Bhadradri Kothagudem,TS
2026-07-19,16.0,33.1,23.9,4.72,0.474,Bhadradri Kothagudem,TS
2026-07-20,10.5,32.9,25.3,4.04,0.486,Bhadradri Kothagudem,TS
2026-07-21,12.1,30.4,24.7,2.53,0.506,Bhadradri Kothagudem,TS
2026-07-22,3.9,29.8,24.7,3.11,0.496,Bhadradri Kothagudem,TS
2026-07-23,0.7,32.6,25.0,5.71,0.485,Bhadradri Kothagudem,TS
2026-07-24,0.1,32.4,27.0,5.09,0.46,Bhadradri Kothagudem,TS
2026-07-25,1.1,32.8,26.7,5.52,0.445,Bhadradri Kothagudem,TS
2026-07-26,13.3,32.8,24.6,3.83,0.485,Bhadradri Kothagudem,TS
2026-07-27,11.4,32.0,25.3,3.77,0.503,Bhadradri Kothagudem,TS
2026-07-28,12.4,29.8,25.2,2.39,0.51,Bhadradri Kothagudem,TS
2026-07-29,35.3,27.1,24.6,0.88,0.511,Bhadradri Kothagudem,TS
2026-07-30,6.9,29.9,24.7,2.94,0.506,Bhadradri Kothagudem,TS
2026-07-31,3.6,32.8,25.6,4.91,0.483,Bhadradri Kothagudem,TS
2026-08-01,0.7,31.8,25.8,3.19,0.487,Bhadradri Kothagudem,TS
2026-08-02,1.7,33.3,26.0,5.44,0.482,Bhadradri Kothagudem,TS
2026-08-03,0.8,33.6,26.8,5.1,0.453,Bhadradri Kothagudem,TS
2026-08-04,9.4,32.1,24.8,4.57,0.483,Bhadradri Kothagudem,TS
2026-08-05,2.4,33.0,26.4,4.52,0.442,Bhadradri Kothagudem,TS
2026-08-06,1.1,32.7,26.4,4.07,0.463,Bhadradri Kothagudem,TS
2026-08-07,3.4,30.0,25.2,3.12,0.474,Bhadradri Kothagudem,TS
2026-08-08,7.9,31.4,24.3,4.19,0.468,Bhadradri Kothagudem,TS
2026-08-09,8.1,31.8,25.0,4.04,0.471,Bhadradri Kothagudem,TS
2026-08-10,2.4,34.2,25.6,5.45,0.451,Bhadradri Kothagudem,TS
2026-08-11,0.3,34.0,26.5,5.89,0.424,Bhadradri Kothagudem,TS
2026-08-12,6.8,32.9,24.1,4.63,0.415,Bhadradri Kothagudem,TS
2026-08-13,3.3,33.4,24.9,4.97,0.404,Bhadradri Kothagudem,TS
2026-08-14,12.2,33.0,24.3,5.31,0.451,Bhadradri Kothagudem,TS
2026-08-15,0.4,31.6,25.5,4.19,0.394,Bhadradri Kothagudem,TS
2026-08-16,11.9,32.8,24.1,5.05,0.396,Bhadradri Kothagudem,TS
2026-08-17,2.3,32.6,25.5,4.62,0.376,Bhadradri Kothagudem,TS
2026-08-18,0.5,32.4,24.8,4.66,0.349,Bhadradri Kothagudem,TS
2026-08-19,12.1,28.8,25.1,1.85,0.417,Bhadradri Kothagudem,TS
2026-08-20,1.0,32.6,25.6,4.91,0.412,Bhadradri Kothagudem,TS
2026-08-21,0.7,33.6,26.6,5.59,0.403,Bhadradri Kothagudem,TS
2026-08-22,1.0,32.2,26.7,4.77,0.386,Bhadradri Kothagudem,TS
2026-08-23,9.4,29.0,26.1,1.79,0.418,Bhadradri Kothagudem,TS
2026-08-24,2.5,29.8,26.0,3.34,0.442,Bhadradri Kothagudem,TS
2026-08-25,9.1,32.1,24.1,4.4,0.474,Bhadradri Kothagudem,TS
2026-08-26,0.9,32.5,26.2,5.08,0.442,Bhadradri Kothagudem,TS
2026-08-27,1.5,31.4,25.9,3.94,0.425,Bhadradri Kothagudem,TS
2026-08-28,1.0,32.6,26.1,5.42,0.422,Bhadradri Kothagudem,TS
2026-08-29,0.5,32.3,26.5,5.36,0.407,Bhadradri Kothagudem,TS
2026-08-30,9.0,31.1,24.0,4.12,0.458,Bhadradri Kothagudem,TS
2026-08-31,0.1,31.0,26.0,3.97,0.444,Bhadradri Kothagudem,TS
2026-09-01,0.3,32.9,26.3,5.5,0.421,Bhadradri Kothagudem,TS
2026-09-02,0.6,32.5,26.5,4.39,0.412,Bhadradri Kothagudem,TS
2026-09-03,0.3,30.8,25.1,3.32,0.412,Bhadradri Kothagudem,TS
2026-09-04,4.4,31.9,25.0,4.07,0.418,Bhadradri Kothagudem,TS
2026-09-05,1.7,32.9,25.3,4.78,0.415,Bhadradri Kothagudem,TS
2026-09-06,4.1,33.5,25.5,4.67,0.38,Bhadradri Kothagudem,TS
2026-09-07,0.9,33.7,25.1,5.16,0.345,Bhadradri Kothagudem,TS
2026-09-08,0.8,33.6,25.9,5.03,0.333,Bhadradri Kothagudem,TS
2026-09-09,2.0,32.9,25.9,4.81,0.336,Bhadradri Kothagudem,TS
2026-09-10,5.6,33.0,26.3,4.25,0.349,Bhadradri Kothagudem,TS
