date,precipitation_sum,temperature_2m_max,temperature_2m_min,et0_fao_evapotranspiration,soil_moisture_0_to_7cm_mean,district,state
2014-01-01,0.0,26.4,15.2,3.09,0.171,Hanumakonda,TS
2014-01-02,0.0,27.0,15.3,3.39,0.169,Hanumakonda,TS
2014-01-03,0.0,27.4,15.2,3.57,0.166,Hanumakonda,TS
2014-01-04,0.0,26.8,15.9,3.24,0.164,Hanumakonda,TS
2014-01-05,0.0,27.4,16.5,3.66,0.163,Hanumakonda,TS
2014-01-06,0.0,28.1,18.1,3.64,0.16,Hanumakonda,TS
2014-01-07,0.0,28.0,17.5,3.67,0.158,Hanumakonda,TS
2014-01-08,0.0,27.6,18.0,3.82,0.156,Hanumakonda,TS
2014-01-09,0.0,27.5,18.4,3.75,0.154,Hanumakonda,TS
2014-01-10,0.0,27.7,18.4,3.76,0.152,Hanumakonda,TS
2014-01-11,0.0,26.8,19.6,2.79,0.151,Hanumakonda,TS
2014-01-12,0.0,28.4,17.6,3.89,0.15,Hanumakonda,TS
2014-01-13,0.0,27.6,16.8,3.63,0.148,Hanumakonda,TS
2014-01-14,0.0,27.0,18.7,3.33,0.147,Hanumakonda,TS
2014-01-15,0.0,28.5,18.2,3.93,0.146,Hanumakonda,TS
2014-01-16,0.0,28.5,19.0,3.93,0.144,Hanumakonda,TS
2014-01-17,0.0,28.8,19.7,4.52,0.143,Hanumakonda,TS
2014-01-18,0.0,27.7,20.2,3.51,0.142,Hanumakonda,TS
2014-01-19,0.0,28.8,18.7,4.28,0.141,Hanumakonda,TS
2014-01-20,0.0,28.1,17.8,3.62,0.14,Hanumakonda,TS
2014-01-21,0.0,28.3,18.8,4.18,0.139,Hanumakonda,TS
2014-01-22,0.0,26.9,18.9,3.31,0.138,Hanumakonda,TS
2014-01-23,0.0,26.7,19.0,3.34,0.138,Hanumakonda,TS
2014-01-24,0.0,27.5,19.0,3.36,0.137,Hanumakonda,TS
2014-01-25,0.0,28.0,18.5,3.35,0.136,Hanumakonda,TS
2014-01-26,0.0,28.7,18.1,3.85,0.135,Hanumakonda,TS
2014-01-27,0.0,27.9,17.5,3.71,0.135,Hanumakonda,TS
2014-01-28,0.0,28.4,16.5,4.35,0.133,Hanumakonda,TS
2014-01-29,0.0,28.1,18.4,3.67,0.133,Hanumakonda,TS
2014-01-30,0.0,28.2,18.2,4.24,0.132,Hanumakonda,TS
2014-01-31,0.0,28.0,16.1,4.2,0.131,Hanumakonda,TS
2014-02-01,0.0,28.0,17.6,4.04,0.131,Hanumakonda,TS
2014-02-02,0.0,28.9,17.3,4.12,0.13,Hanumakonda,TS
2014-02-03,0.0,29.9,15.8,4.72,0.129,Hanumakonda,TS
2014-02-04,0.0,30.4,16.7,4.79,0.128,Hanumakonda,TS
2014-02-05,0.0,31.2,17.2,4.94,0.128,Hanumakonda,TS
2014-02-06,0.0,31.7,15.5,4.57,0.127,Hanumakonda,TS
2014-02-07,0.0,31.6,16.7,5.01,0.126,Hanumakonda,TS
2014-02-08,0.0,32.1,20.8,5.95,0.126,Hanumakonda,TS
2014-02-09,0.0,32.5,20.0,5.66,0.125,Hanumakonda,TS
2014-02-10,0.0,31.5,18.5,5.16,0.125,Hanumakonda,TS
2014-02-11,0.0,31.1,19.1,5.05,0.124,Hanumakonda,TS
2014-02-12,0.0,30.3,19.4,4.93,0.124,Hanumakonda,TS
2014-02-13,0.0,30.1,19.5,5.5,0.124,Hanumakonda,TS
2014-02-14,0.0,28.8,20.8,4.27,0.124,Hanumakonda,TS
2014-02-15,0.8,28.8,19.9,4.35,0.128,Hanumakonda,TS
2014-02-16,1.6,28.1,21.3,4.15,0.139,Hanumakonda,TS
2014-02-17,0.0,28.0,18.7,5.52,0.139,Hanumakonda,TS
2014-02-18,0.0,28.5,16.4,5.33,0.136,Hanumakonda,TS
2014-02-19,0.0,29.2,15.9,4.67,0.133,Hanumakonda,TS
2014-02-20,0.0,30.6,18.8,5.16,0.131,Hanumakonda,TS
2014-02-21,0.0,29.2,19.3,4.49,0.13,Hanumakonda,TS
2014-02-22,0.0,29.9,19.6,4.97,0.129,Hanumakonda,TS
2014-02-23,0.0,30.4,20.1,5.23,0.128,Hanumakonda,TS
2014-02-24,0.0,30.7,19.6,5.19,0.127,Hanumakonda,TS
2014-02-25,0.0,30.9,19.5,5.23,0.126,Hanumakonda,TS
2014-02-26,0.0,30.6,19.3,5.46,0.125,Hanumakonda,TS
2014-02-27,0.0,30.6,19.3,5.67,0.124,Hanumakonda,TS
2014-02-28,0.0,29.4,19.3,5.16,0.124,Hanumakonda,TS
2014-03-01,0.9,29.5,20.5,4.24,0.127,Hanumakonda,TS
2014-03-02,1.8,29.2,20.5,4.06,0.131,Hanumakonda,TS
2014-03-03,11.4,28.2,20.4,3.35,0.231,Hanumakonda,TS
2014-03-04,2.6,26.0,20.1,3.29,0.255,Hanumakonda,TS
2014-03-05,0.0,28.5,19.3,3.98,0.238,Hanumakonda,TS
2014-03-06,0.4,27.9,20.4,3.72,0.224,Hanumakonda,TS
2014-03-07,0.3,29.0,20.0,4.09,0.216,Hanumakonda,TS
2014-03-08,0.2,30.0,20.5,4.64,0.204,Hanumakonda,TS
2014-03-09,0.0,29.5,20.5,4.51,0.192,Hanumakonda,TS
2014-03-10,0.1,29.6,21.4,4.37,0.182,Hanumakonda,TS
2014-03-11,0.0,31.8,20.4,5.85,0.172,Hanumakonda,TS
2014-03-12,0.0,30.5,21.5,4.67,0.163,Hanumakonda,TS
2014-03-13,0.0,31.7,21.5,4.83,0.157,Hanumakonda,TS
2014-03-14,0.0,33.4,20.7,5.18,0.15,Hanumakonda,TS
2014-03-15,0.0,34.1,21.8,5.5,0.144,Hanumakonda,TS
2014-03-16,0.0,34.2,22.2,5.73,0.139,Hanumakonda,TS
2014-03-17,0.0,34.6,22.3,5.49,0.135,Hanumakonda,TS
2014-03-18,0.0,34.8,23.2,5.69,0.132,Hanumakonda,TS
2014-03-19,0.0,35.6,22.2,5.98,0.129,Hanumakonda,TS
2014-03-20,0.0,35.8,22.3,5.78,0.127,Hanumakonda,TS
2014-03-21,0.0,36.0,23.0,5.67,0.125,Hanumakonda,TS
2014-03-22,0.0,35.6,24.4,5.56,0.124,Hanumakonda,TS
2014-03-23,0.0,35.8,23.4,6.37,0.123,Hanumakonda,TS
2014-03-24,0.0,34.9,23.3,6.44,0.122,Hanumakonda,TS
2014-03-25,0.0,34.7,22.7,6.26,0.122,Hanumakonda,TS
2014-03-26,0.0,36.3,23.0,7.02,0.121,Hanumakonda,TS
2014-03-27,0.0,36.6,23.4,7.46,0.121,Hanumakonda,TS
2014-03-28,0.0,37.8,23.9,6.66,0.12,Hanumakonda,TS
2014-03-29,0.0,38.8,23.4,6.89,0.12,Hanumakonda,TS
2014-03-30,0.0,38.8,22.6,6.47,0.12,Hanumakonda,TS
2014-03-31,0.0,38.0,25.3,6.19,0.12,Hanumakonda,TS
2014-04-01,0.0,37.7,25.4,5.93,0.119,Hanumakonda,TS
2014-04-02,0.0,36.8,25.7,5.76,0.12,Hanumakonda,TS
2014-04-03,0.0,36.8,24.9,5.85,0.119,Hanumakonda,TS
2014-04-04,0.0,37.3,24.3,6.25,0.119,Hanumakonda,TS
2014-04-05,0.0,38.4,23.8,7.05,0.119,Hanumakonda,TS
2014-04-06,0.0,38.4,23.4,7.17,0.119,Hanumakonda,TS
2014-04-07,0.0,37.8,24.0,7.02,0.119,Hanumakonda,TS
2014-04-08,0.0,38.5,25.2,5.86,0.119,Hanumakonda,TS
2014-04-09,0.9,36.3,26.0,5.56,0.121,Hanumakonda,TS
2014-04-10,0.0,37.5,26.5,6.76,0.132,Hanumakonda,TS
2014-04-11,0.0,37.9,23.1,6.51,0.129,Hanumakonda,TS
2014-04-12,0.0,36.6,25.2,6.27,0.126,Hanumakonda,TS
2014-04-13,0.2,35.7,25.1,6.62,0.125,Hanumakonda,TS
2014-04-14,0.0,35.8,25.1,6.79,0.126,Hanumakonda,TS
2014-04-15,0.0,35.5,24.9,6.18,0.124,Hanumakonda,TS
2014-04-16,0.6,36.9,25.4,6.06,0.127,Hanumakonda,TS
2014-04-17,0.1,37.2,25.7,6.48,0.132,Hanumakonda,TS
2014-04-18,0.0,35.2,25.9,5.94,0.131,Hanumakonda,TS
2014-04-19,0.4,37.1,26.2,5.63,0.132,Hanumakonda,TS
2014-04-20,0.2,36.8,25.8,5.86,0.132,Hanumakonda,TS
2014-04-21,0.2,37.5,25.0,6.33,0.13,Hanumakonda,TS
2014-04-22,0.1,37.1,26.8,6.08,0.128,Hanumakonda,TS
2014-04-23,0.0,38.0,27.0,6.09,0.127,Hanumakonda,TS
2014-04-24,0.0,38.6,27.5,6.25,0.125,Hanumakonda,TS
2014-04-25,0.0,38.6,28.4,6.64,0.123,Hanumakonda,TS
2014-04-26,0.0,38.5,27.5,7.07,0.123,Hanumakonda,TS
2014-04-27,0.0,38.3,27.2,6.73,0.122,Hanumakonda,TS
2014-04-28,0.0,38.2,27.0,7.03,0.121,Hanumakonda,TS
2014-04-29,0.0,38.8,27.0,7.53,0.12,Hanumakonda,TS
2014-04-30,0.2,37.8,26.4,6.76,0.12,Hanumakonda,TS
2014-05-01,0.1,38.2,27.3,7.06,0.121,Hanumakonda,TS
2014-05-02,0.5,38.8,27.0,7.25,0.125,Hanumakonda,TS
2014-05-03,0.0,36.9,26.8,6.5,0.131,Hanumakonda,TS
2014-05-04,0.1,37.6,26.7,6.94,0.129,Hanumakonda,TS
2014-05-05,0.4,36.4,26.3,6.7,0.131,Hanumakonda,TS
2014-05-06,0.0,35.9,26.0,6.47,0.133,Hanumakonda,TS
2014-05-07,0.4,35.9,25.8,6.35,0.132,Hanumakonda,TS
2014-05-08,0.2,36.4,26.0,6.74,0.132,Hanumakonda,TS
2014-05-09,30.2,27.7,23.6,1.24,0.234,Hanumakonda,TS
2014-05-10,0.0,33.7,23.5,4.96,0.328,Hanumakonda,TS
2014-05-11,0.0,36.1,25.7,7.01,0.274,Hanumakonda,TS
2014-05-12,0.0,36.9,25.7,7.37,0.242,Hanumakonda,TS
2014-05-13,0.0,37.7,26.0,7.1,0.216,Hanumakonda,TS
2014-05-14,0.0,37.2,26.7,7.19,0.196,Hanumakonda,TS
2014-05-15,0.0,36.7,24.9,6.66,0.18,Hanumakonda,TS
2014-05-16,0.0,37.2,27.0,6.68,0.167,Hanumakonda,TS
2014-05-17,0.0,38.0,26.8,6.61,0.157,Hanumakonda,TS
2014-05-18,0.0,39.1,27.9,6.96,0.147,Hanumakonda,TS
2014-05-19,0.2,37.5,28.4,6.71,0.142,Hanumakonda,TS
2014-05-20,0.0,37.3,27.9,6.39,0.139,Hanumakonda,TS
2014-05-21,0.0,38.2,28.9,6.36,0.135,Hanumakonda,TS
2014-05-22,0.0,40.6,29.5,8.09,0.132,Hanumakonda,TS
2014-05-23,0.0,41.7,28.8,8.78,0.128,Hanumakonda,TS
2014-05-24,0.0,39.8,28.0,7.11,0.126,Hanumakonda,TS
2014-05-25,0.6,39.7,28.1,7.24,0.126,Hanumakonda,TS
2014-05-26,0.0,36.7,28.2,5.83,0.129,Hanumakonda,TS
2014-05-27,0.0,38.5,28.0,6.32,0.126,Hanumakonda,TS
2014-05-28,0.0,39.1,28.4,6.64,0.125,Hanumakonda,TS
2014-05-29,0.0,39.9,27.7,6.85,0.123,Hanumakonda,TS
2014-05-30,0.0,40.7,28.5,7.22,0.122,Hanumakonda,TS
2014-05-31,0.0,41.6,30.5,8.18,0.121,Hanumakonda,TS
2014-06-01,0.0,41.7,28.7,7.18,0.121,Hanumakonda,TS
2014-06-02,1.3,39.1,28.8,6.91,0.123,Hanumakonda,TS
2014-06-03,0.0,38.3,26.9,5.8,0.127,Hanumakonda,TS
2014-06-04,0.0,39.2,28.7,6.72,0.125,Hanumakonda,TS
2014-06-05,0.0,40.2,29.6,7.13,0.123,Hanumakonda,TS
2014-06-06,0.0,41.7,30.2,7.93,0.122,Hanumakonda,TS
2014-06-07,0.0,42.2,31.7,8.9,0.121,Hanumakonda,TS
2014-06-08,0.1,41.8,32.6,8.69,0.121,Hanumakonda,TS
2014-06-09,1.2,38.0,31.5,7.49,0.128,Hanumakonda,TS
2014-06-10,0.0,40.3,29.7,8.26,0.133,Hanumakonda,TS
2014-06-11,1.2,38.7,29.8,7.53,0.135,Hanumakonda,TS
2014-06-12,0.2,38.4,31.1,7.74,0.141,Hanumakonda,TS
2014-06-13,6.1,38.2,26.7,8.02,0.144,Hanumakonda,TS
2014-06-14,4.4,35.3,26.7,6.0,0.235,Hanumakonda,TS
2014-06-15,0.0,36.0,28.6,6.94,0.22,Hanumakonda,TS
2014-06-16,0.0,37.3,29.4,7.49,0.196,Hanumakonda,TS
2014-06-17,2.6,37.6,29.4,6.47,0.187,Hanumakonda,TS
2014-06-18,0.5,35.6,27.1,5.4,0.191,Hanumakonda,TS
2014-06-19,4.1,35.1,25.9,4.36,0.226,Hanumakonda,TS
2014-06-20,0.0,33.1,27.3,4.86,0.225,Hanumakonda,TS
2014-06-21,0.0,34.4,28.4,6.49,0.205,Hanumakonda,TS
2014-06-22,0.3,34.9,27.8,6.06,0.19,Hanumakonda,TS
2014-06-23,0.0,37.2,28.8,7.99,0.176,Hanumakonda,TS
2014-06-24,0.0,37.6,28.8,8.38,0.161,Hanumakonda,TS
2014-06-25,0.0,37.5,29.3,8.25,0.149,Hanumakonda,TS
2014-06-26,0.0,37.6,30.4,7.61,0.142,Hanumakonda,TS
2014-06-27,1.1,33.1,27.6,3.14,0.14,Hanumakonda,TS
2014-06-28,20.3,28.3,24.6,1.5,0.304,Hanumakonda,TS
2014-06-29,0.0,35.2,25.1,5.01,0.295,Hanumakonda,TS
2014-06-30,0.1,34.8,27.6,5.28,0.256,Hanumakonda,TS
2014-07-01,0.0,36.7,27.7,6.74,0.229,Hanumakonda,TS
2014-07-02,0.2,37.0,29.3,7.09,0.205,Hanumakonda,TS
2014-07-03,0.0,36.4,29.8,6.97,0.188,Hanumakonda,TS
2014-07-04,0.5,35.5,28.5,6.33,0.173,Hanumakonda,TS
2014-07-05,0.4,35.6,27.1,5.72,0.169,Hanumakonda,TS
2014-07-06,0.8,34.1,27.5,4.83,0.168,Hanumakonda,TS
2014-07-07,0.4,34.4,27.0,5.18,0.172,Hanumakonda,TS
2014-07-08,9.0,34.0,25.9,4.87,0.205,Hanumakonda,TS
2014-07-09,16.7,30.3,24.5,3.05,0.346,Hanumakonda,TS
2014-07-10,1.9,32.2,25.7,4.61,0.309,Hanumakonda,TS
2014-07-11,16.9,27.5,24.5,2.04,0.358,Hanumakonda,TS
2014-07-12,16.1,26.7,24.2,1.69,0.39,Hanumakonda,TS
2014-07-13,15.6,27.4,24.4,2.05,0.391,Hanumakonda,TS
2014-07-14,7.4,29.9,24.9,3.0,0.397,Hanumakonda,TS
2014-07-15,2.1,28.0,25.5,2.54,0.373,Hanumakonda,TS
2014-07-16,6.5,30.7,23.9,3.4,0.387,Hanumakonda,TS
2014-07-17,1.8,31.0,24.4,3.95,0.366,Hanumakonda,TS
2014-07-18,2.0,31.0,25.3,3.96,0.345,Hanumakonda,TS
2014-07-19,8.1,30.1,24.4,2.81,0.372,Hanumakonda,TS
2014-07-20,11.7,26.8,24.4,1.65,0.399,Hanumakonda,TS
2014-07-21,11.2,26.7,24.0,1.92,0.405,Hanumakonda,TS
2014-07-22,19.2,26.4,23.3,1.99,0.42,Hanumakonda,TS
2014-07-23,3.1,29.8,23.6,3.92,0.394,Hanumakonda,TS
2014-07-24,1.6,30.8,23.8,4.61,0.376,Hanumakonda,TS
2014-07-25,0.0,31.7,24.6,5.73,0.356,Hanumakonda,TS
2014-07-26,6.2,30.5,25.2,3.39,0.359,Hanumakonda,TS
2014-07-27,20.2,27.6,24.2,1.72,0.411,Hanumakonda,TS
2014-07-28,33.4,25.2,24.0,1.18,0.428,Hanumakonda,TS
2014-07-29,12.5,27.4,23.7,2.04,0.42,Hanumakonda,TS
2014-07-30,24.5,27.6,23.3,2.02,0.423,Hanumakonda,TS
2014-07-31,2.2,31.2,24.8,3.99,0.399,Hanumakonda,TS
2014-08-01,2.8,31.2,25.6,3.54,0.388,Hanumakonda,TS
2014-08-02,0.0,31.2,25.7,4.78,0.374,Hanumakonda,TS
2014-08-03,0.7,31.0,25.4,4.47,0.355,Hanumakonda,TS
2014-08-04,7.5,27.9,24.6,2.76,0.374,Hanumakonda,TS
2014-08-05,9.4,28.3,24.0,3.06,0.402,Hanumakonda,TS
2014-08-06,0.2,31.5,25.2,5.11,0.377,Hanumakonda,TS
2014-08-07,0.3,31.1,25.2,4.76,0.358,Hanumakonda,TS
2014-08-08,0.0,31.2,25.4,5.2,0.343,Hanumakonda,TS
2014-08-09,0.0,31.8,25.6,5.28,0.329,Hanumakonda,TS
2014-08-10,1.0,32.0,25.8,4.54,0.321,Hanumakonda,TS
2014-08-11,5.6,31.4,25.0,3.58,0.35,Hanumakonda,TS
2014-08-12,1.5,32.0,25.1,4.54,0.358,Hanumakonda,TS
2014-08-13,0.9,32.3,26.3,4.99,0.34,Hanumakonda,TS
2014-08-14,0.6,32.0,26.2,5.14,0.328,Hanumakonda,TS
2014-08-15,0.2,32.2,26.4,4.85,0.311,Hanumakonda,TS
2014-08-16,0.0,30.2,26.0,3.61,0.3,Hanumakonda,TS
2014-08-17,0.2,31.6,26.2,4.38,0.292,Hanumakonda,TS
2014-08-18,0.1,31.8,24.9,4.48,0.287,Hanumakonda,TS
2014-08-19,0.4,32.4,25.0,4.54,0.283,Hanumakonda,TS
2014-08-20,0.4,32.9,25.4,4.76,0.275,Hanumakonda,TS
2014-08-21,9.9,32.1,24.4,4.23,0.301,Hanumakonda,TS
2014-08-22,0.3,32.1,25.0,4.39,0.325,Hanumakonda,TS
2014-08-23,0.1,32.0,25.2,5.07,0.298,Hanumakonda,TS
2014-08-24,0.1,32.6,25.1,5.0,0.279,Hanumakonda,TS
2014-08-25,4.9,33.4,25.0,4.75,0.286,Hanumakonda,TS
2014-08-26,18.4,31.4,24.1,3.23,0.362,Hanumakonda,TS
2014-08-27,22.7,28.2,23.9,2.11,0.396,Hanumakonda,TS
2014-08-28,53.2,27.1,23.2,1.34,0.426,Hanumakonda,TS
2014-08-29,58.0,28.6,23.1,1.81,0.428,Hanumakonda,TS
2014-08-30,26.3,25.5,23.3,0.97,0.428,Hanumakonda,TS
2014-08-31,5.8,26.7,23.7,1.86,0.422,Hanumakonda,TS
2014-09-01,11.1,26.2,23.4,1.89,0.425,Hanumakonda,TS
2014-09-02,1.3,31.1,23.7,4.25,0.414,Hanumakonda,TS
2014-09-03,0.0,30.9,24.4,4.61,0.395,Hanumakonda,TS
2014-09-04,0.1,31.0,24.8,4.35,0.382,Hanumakonda,TS
2014-09-05,9.1,29.7,24.1,3.37,0.387,Hanumakonda,TS
2014-09-06,17.8,25.3,23.8,1.38,0.426,Hanumakonda,TS
2014-09-07,60.5,24.3,23.5,1.4,0.428,Hanumakonda,TS
2014-09-08,0.4,30.1,23.2,4.33,0.411,Hanumakonda,TS
2014-09-09,0.0,29.5,24.1,3.9,0.394,Hanumakonda,TS
2014-09-10,0.4,29.5,24.7,3.67,0.383,Hanumakonda,TS
2014-09-11,2.4,29.5,24.2,3.39,0.386,Hanumakonda,TS
2014-09-12,3.9,30.4,24.7,3.82,0.383,Hanumakonda,TS
2014-09-13,5.2,30.8,24.5,4.3,0.391,Hanumakonda,TS
2014-09-14,0.2,30.7,24.6,4.14,0.387,Hanumakonda,TS
2014-09-15,3.7,29.9,24.7,3.58,0.385,Hanumakonda,TS
2014-09-16,2.3,30.1,24.8,3.37,0.389,Hanumakonda,TS
2014-09-17,2.9,30.6,25.6,4.16,0.381,Hanumakonda,TS
2014-09-18,6.7,31.4,24.4,4.23,0.399,Hanumakonda,TS
2014-09-19,11.1,29.6,24.6,2.84,0.418,Hanumakonda,TS
2014-09-20,1.7,29.7,25.0,2.63,0.412,Hanumakonda,TS
2014-09-21,0.4,30.5,25.4,3.79,0.396,Hanumakonda,TS
2014-09-22,0.0,31.5,24.7,4.63,0.381,Hanumakonda,TS
2014-09-23,0.1,31.0,24.4,4.14,0.372,Hanumakonda,TS
2014-09-24,0.0,32.0,24.2,4.66,0.361,Hanumakonda,TS
2014-09-25,0.0,32.7,23.3,5.14,0.348,Hanumakonda,TS
2014-09-26,0.4,31.2,23.7,4.41,0.339,Hanumakonda,TS
2014-09-27,0.8,31.6,24.0,4.33,0.335,Hanumakonda,TS
2014-09-28,0.7,31.4,23.8,4.41,0.333,Hanumakonda,TS
2014-09-29,0.5,31.4,23.5,4.46,0.326,Hanumakonda,TS
2014-09-30,0.0,31.7,23.4,4.52,0.317,Hanumakonda,TS
2014-10-01,0.0,32.0,24.1,4.78,0.306,Hanumakonda,TS
2014-10-02,0.0,32.4,22.8,4.91,0.296,Hanumakonda,TS
2014-10-03,0.0,32.6,22.6,4.57,0.286,Hanumakonda,TS
2014-10-04,0.2,33.0,24.3,4.65,0.278,Hanumakonda,TS
2014-10-05,0.7,33.0,24.0,4.62,0.272,Hanumakonda,TS
2014-10-06,1.2,32.2,24.0,4.55,0.269,Hanumakonda,TS
2014-10-07,0.5,30.5,24.0,3.92,0.276,Hanumakonda,TS
2014-10-08,1.7,31.0,23.4,4.01,0.273,Hanumakonda,TS
2014-10-09,0.3,31.0,22.8,3.96,0.277,Hanumakonda,TS
2014-10-10,0.1,32.3,24.3,4.66,0.268,Hanumakonda,TS
2014-10-11,0.0,32.4,25.7,5.17,0.256,Hanumakonda,TS
2014-10-12,5.5,29.8,22.6,4.75,0.255,Hanumakonda,TS
2014-10-13,4.0,31.6,22.7,3.78,0.352,Hanumakonda,TS
2014-10-14,0.1,32.9,24.7,4.95,0.322,Hanumakonda,TS
2014-10-15,0.0,31.0,24.9,4.08,0.3,Hanumakonda,TS
2014-10-16,2.0,31.1,23.5,3.97,0.299,Hanumakonda,TS
2014-10-17,2.9,30.7,22.5,3.92,0.321,Hanumakonda,TS
2014-10-18,0.3,30.2,22.2,3.7,0.317,Hanumakonda,TS
2014-10-19,0.5,30.7,22.3,4.08,0.302,Hanumakonda,TS
2014-10-20,0.0,30.6,22.4,4.38,0.29,Hanumakonda,TS
2014-10-21,0.0,31.0,22.2,4.33,0.276,Hanumakonda,TS
2014-10-22,0.4,29.7,22.9,3.6,0.268,Hanumakonda,TS
2014-10-23,0.1,30.6,23.1,4.14,0.261,Hanumakonda,TS
2014-10-24,0.0,30.6,22.1,4.28,0.251,Hanumakonda,TS
2014-10-25,5.0,28.1,23.1,1.9,0.261,Hanumakonda,TS
2014-10-26,55.1,23.8,21.4,0.92,0.398,Hanumakonda,TS
2014-10-27,17.1,23.5,19.9,1.41,0.419,Hanumakonda,TS
2014-10-28,0.0,27.7,19.8,3.83,0.391,Hanumakonda,TS
2014-10-29,0.0,28.6,18.6,4.53,0.372,Hanumakonda,TS
2014-10-30,0.0,28.9,18.0,4.45,0.357,Hanumakonda,TS
2014-10-31,0.0,29.4,18.4,4.43,0.345,Hanumakonda,TS
2014-11-01,0.0,28.5,18.7,3.57,0.335,Hanumakonda,TS
2014-11-02,0.0,29.9,20.3,4.26,0.327,Hanumakonda,TS
2014-11-03,0.0,29.8,19.6,4.54,0.316,Hanumakonda,TS
2014-11-04,0.0,29.6,19.0,4.63,0.306,Hanumakonda,TS
2014-11-05,0.0,29.9,18.7,4.84,0.296,Hanumakonda,TS
2014-11-06,0.0,30.5,19.0,4.33,0.287,Hanumakonda,TS
2014-11-07,0.0,29.8,19.5,4.69,0.278,Hanumakonda,TS
2014-11-08,0.0,29.3,17.6,4.69,0.269,Hanumakonda,TS
2014-11-09,8.6,26.3,21.7,2.15,0.279,Hanumakonda,TS
2014-11-10,6.9,29.2,21.6,2.47,0.366,Hanumakonda,TS
2014-11-11,0.0,29.8,22.8,3.17,0.337,Hanumakonda,TS
2014-11-12,5.0,29.6,22.6,2.94,0.331,Hanumakonda,TS
2014-11-13,1.5,27.9,21.3,2.41,0.345,Hanumakonda,TS
2014-11-14,1.4,29.4,21.7,3.07,0.335,Hanumakonda,TS
2014-11-15,0.2,29.3,21.6,3.23,0.332,Hanumakonda,TS
2014-11-16,0.0,29.6,21.4,3.48,0.319,Hanumakonda,TS
2014-11-17,0.4,29.7,22.6,3.56,0.309,Hanumakonda,TS
2014-11-18,1.7,29.5,22.2,3.29,0.308,Hanumakonda,TS
2014-11-19,0.3,29.2,21.0,3.36,0.314,Hanumakonda,TS
2014-11-20,0.0,28.7,19.6,3.56,0.302,Hanumakonda,TS
2014-11-21,0.0,28.3,16.7,3.77,0.291,Hanumakonda,TS
2014-11-22,0.0,28.5,18.2,3.63,0.281,Hanumakonda,TS
2014-11-23,0.0,28.3,17.8,3.66,0.273,Hanumakonda,TS
2014-11-24,0.0,28.6,17.9,3.86,0.265,Hanumakonda,TS
2014-11-25,0.0,28.2,18.7,3.97,0.258,Hanumakonda,TS
2014-11-26,0.0,28.1,16.7,3.97,0.25,Hanumakonda,TS
2014-11-27,0.0,28.2,15.8,3.84,0.243,Hanumakonda,TS
2014-11-28,0.0,28.7,16.4,3.82,0.237,Hanumakonda,TS
2014-11-29,0.0,29.1,16.9,3.97,0.231,Hanumakonda,TS
2014-11-30,0.0,29.1,17.5,4.15,0.225,Hanumakonda,TS
2014-12-01,0.0,29.2,18.1,4.14,0.219,Hanumakonda,TS
2014-12-02,0.0,28.9,17.2,3.96,0.213,Hanumakonda,TS
2014-12-03,0.0,28.7,16.7,4.2,0.207,Hanumakonda,TS
2014-12-04,0.0,28.6,15.5,4.23,0.201,Hanumakonda,TS
2014-12-05,0.0,28.3,16.8,3.85,0.197,Hanumakonda,TS
2014-12-06,0.0,28.3,16.0,3.89,0.193,Hanumakonda,TS
2014-12-07,0.0,28.5,16.7,3.83,0.189,Hanumakonda,TS
2014-12-08,0.0,28.7,16.4,3.66,0.185,Hanumakonda,TS
2014-12-09,0.0,28.7,19.1,3.38,0.182,Hanumakonda,TS
2014-12-10,0.0,28.8,18.9,3.54,0.179,Hanumakonda,TS
2014-12-11,0.0,26.7,20.0,2.48,0.177,Hanumakonda,TS
2014-12-12,0.5,25.1,20.5,1.63,0.181,Hanumakonda,TS
2014-12-13,1.7,25.1,20.8,1.68,0.19,Hanumakonda,TS
2014-12-14,0.0,27.3,19.7,3.57,0.199,Hanumakonda,TS
2014-12-15,0.0,28.5,19.2,3.31,0.193,Hanumakonda,TS
2014-12-16,0.0,26.8,19.6,3.43,0.188,Hanumakonda,TS
2014-12-17,0.0,25.7,18.2,4.51,0.183,Hanumakonda,TS
2014-12-18,0.0,26.2,15.7,4.22,0.177,Hanumakonda,TS
2014-12-19,0.0,26.1,14.9,4.08,0.172,Hanumakonda,TS
2014-12-20,0.0,25.5,13.2,3.92,0.167,Hanumakonda,TS
2014-12-21,0.0,25.9,15.7,3.56,0.164,Hanumakonda,TS
2014-12-22,0.0,26.2,13.9,3.6,0.161,Hanumakonda,TS
2014-12-23,0.0,26.6,14.4,3.57,0.159,Hanumakonda,TS
2014-12-24,0.0,27.0,14.4,3.68,0.156,Hanumakonda,TS
2014-12-25,0.0,27.0,16.1,3.78,0.154,Hanumakonda,TS
2014-12-26,0.0,26.6,14.5,4.27,0.151,Hanumakonda,TS
2014-12-27,0.0,25.7,15.3,4.02,0.148,Hanumakonda,TS
2014-12-28,0.0,25.8,14.4,4.09,0.146,Hanumakonda,TS
2014-12-29,0.0,26.9,15.7,4.11,0.144,Hanumakonda,TS
2014-12-30,0.0,28.2,16.2,3.8,0.142,Hanumakonda,TS
2014-12-31,0.0,29.5,18.3,3.69,0.141,Hanumakonda,TS
2015-01-01,0.1,29.1,20.3,3.52,0.14,Hanumakonda,TS
2015-01-02,0.5,28.6,21.1,3.09,0.145,Hanumakonda,TS
2015-01-03,14.8,27.9,20.3,2.0,0.219,Hanumakonda,TS
2015-01-04,1.5,26.8,19.8,2.51,0.308,Hanumakonda,TS
2015-01-05,0.0,27.4,19.2,3.76,0.279,Hanumakonda,TS
2015-01-06,0.0,26.7,16.8,4.29,0.255,Hanumakonda,TS
2015-01-07,0.0,27.2,15.5,3.89,0.238,Hanumakonda,TS
2015-01-08,0.0,27.2,16.4,4.12,0.225,Hanumakonda,TS
2015-01-09,0.0,25.9,14.0,4.37,0.212,Hanumakonda,TS
2015-01-10,0.0,26.2,12.7,4.44,0.201,Hanumakonda,TS
2015-01-11,0.0,26.3,12.2,4.48,0.191,Hanumakonda,TS
2015-01-12,0.0,26.6,13.6,4.42,0.183,Hanumakonda,TS
2015-01-13,0.0,26.6,13.0,4.2,0.176,Hanumakonda,TS
2015-01-14,0.0,27.4,12.2,4.12,0.17,Hanumakonda,TS
2015-01-15,0.0,27.4,15.5,3.92,0.165,Hanumakonda,TS
2015-01-16,0.0,27.8,15.0,4.19,0.16,Hanumakonda,TS
2015-01-17,0.0,27.8,15.0,4.48,0.155,Hanumakonda,TS
2015-01-18,0.0,27.9,14.5,4.45,0.151,Hanumakonda,TS
2015-01-19,0.0,27.9,13.9,4.32,0.147,Hanumakonda,TS
2015-01-20,0.0,27.9,16.1,4.19,0.144,Hanumakonda,TS
2015-01-21,0.0,28.2,17.9,4.54,0.142,Hanumakonda,TS
2015-01-22,0.0,28.2,17.5,4.56,0.139,Hanumakonda,TS
2015-01-23,0.0,28.2,17.0,4.38,0.137,Hanumakonda,TS
2015-01-24,0.0,29.0,17.4,4.31,0.136,Hanumakonda,TS
2015-01-25,0.0,29.2,17.6,4.92,0.134,Hanumakonda,TS
2015-01-26,0.0,28.6,17.6,4.49,0.133,Hanumakonda,TS
2015-01-27,0.0,28.2,17.2,4.54,0.132,Hanumakonda,TS
2015-01-28,0.0,28.7,17.1,4.52,0.131,Hanumakonda,TS
2015-01-29,0.0,28.9,18.0,4.34,0.13,Hanumakonda,TS
2015-01-30,0.0,28.7,17.5,3.97,0.129,Hanumakonda,TS
2015-01-31,0.0,29.5,17.0,4.58,0.128,Hanumakonda,TS
2015-02-01,0.0,29.1,16.5,4.27,0.128,Hanumakonda,TS
2015-02-02,0.0,28.7,19.1,3.84,0.127,Hanumakonda,TS
2015-02-03,0.0,28.8,18.8,4.31,0.127,Hanumakonda,TS
2015-02-04,0.0,30.3,17.7,4.51,0.126,Hanumakonda,TS
2015-02-05,0.0,30.6,17.3,4.58,0.126,Hanumakonda,TS
2015-02-06,0.0,30.5,16.7,4.89,0.125,Hanumakonda,TS
2015-02-07,0.0,29.5,17.5,4.88,0.124,Hanumakonda,TS
2015-02-08,0.0,29.8,18.4,4.73,0.124,Hanumakonda,TS
2015-02-09,0.0,30.3,18.8,5.02,0.124,Hanumakonda,TS
2015-02-10,0.0,29.8,18.8,4.87,0.123,Hanumakonda,TS
2015-02-11,0.0,29.6,18.9,4.56,0.123,Hanumakonda,TS
2015-02-12,0.0,30.3,18.8,4.99,0.123,Hanumakonda,TS
2015-02-13,0.0,31.4,19.3,4.76,0.122,Hanumakonda,TS
2015-02-14,0.0,31.8,18.2,4.95,0.122,Hanumakonda,TS
2015-02-15,0.0,33.0,17.4,4.99,0.122,Hanumakonda,TS
2015-02-16,0.0,32.8,18.5,4.95,0.121,Hanumakonda,TS
2015-02-17,0.0,33.6,18.1,5.22,0.121,Hanumakonda,TS
2015-02-18,0.0,33.3,20.5,5.98,0.121,Hanumakonda,TS
2015-02-19,0.0,31.6,20.8,5.5,0.121,Hanumakonda,TS
2015-02-20,0.1,31.4,20.7,5.19,0.121,Hanumakonda,TS
2015-02-21,0.0,31.5,19.8,4.63,0.122,Hanumakonda,TS
2015-02-22,0.0,33.3,19.4,5.64,0.122,Hanumakonda,TS
2015-02-23,0.0,33.2,18.4,5.32,0.121,Hanumakonda,TS
2015-02-24,0.0,33.7,19.9,6.04,0.121,Hanumakonda,TS
2015-02-25,0.0,34.0,20.3,6.43,0.12,Hanumakonda,TS
2015-02-26,0.0,34.1,20.5,6.87,0.12,Hanumakonda,TS
2015-02-27,0.0,32.8,20.2,6.46,0.12,Hanumakonda,TS
2015-02-28,0.0,32.4,20.5,6.08,0.12,Hanumakonda,TS
2015-03-01,4.7,30.6,21.2,4.19,0.121,Hanumakonda,TS
2015-03-02,7.4,29.5,22.3,3.05,0.141,Hanumakonda,TS
2015-03-03,0.6,30.5,22.1,3.88,0.159,Hanumakonda,TS
2015-03-04,0.0,30.1,20.7,5.38,0.157,Hanumakonda,TS
2015-03-05,0.0,33.1,18.8,5.23,0.15,Hanumakonda,TS
2015-03-06,2.8,31.1,22.5,3.6,0.147,Hanumakonda,TS
2015-03-07,0.1,31.9,22.6,4.41,0.16,Hanumakonda,TS
2015-03-08,0.5,32.6,23.2,5.23,0.157,Hanumakonda,TS
2015-03-09,0.3,32.5,22.8,4.93,0.152,Hanumakonda,TS
2015-03-10,3.1,33.0,22.6,4.75,0.153,Hanumakonda,TS
2015-03-11,0.5,33.8,21.8,5.56,0.174,Hanumakonda,TS
2015-03-12,0.0,33.9,20.2,5.61,0.163,Hanumakonda,TS
2015-03-13,0.0,34.7,21.6,6.21,0.153,Hanumakonda,TS
2015-03-14,0.0,34.6,21.7,6.91,0.145,Hanumakonda,TS
2015-03-15,0.0,34.3,20.6,6.76,0.139,Hanumakonda,TS
2015-03-16,0.0,34.6,21.0,6.73,0.135,Hanumakonda,TS
2015-03-17,0.0,35.1,21.1,5.93,0.131,Hanumakonda,TS
2015-03-18,0.0,35.9,23.8,5.59,0.128,Hanumakonda,TS
2015-03-19,0.0,35.7,24.1,5.26,0.126,Hanumakonda,TS
2015-03-20,0.0,36.1,24.1,6.15,0.125,Hanumakonda,TS
2015-03-21,0.0,36.9,22.4,6.13,0.123,Hanumakonda,TS
2015-03-22,0.0,37.7,23.8,6.42,0.122,Hanumakonda,TS
2015-03-23,0.0,37.7,23.9,6.51,0.121,Hanumakonda,TS
2015-03-24,0.0,38.0,23.7,6.32,0.121,Hanumakonda,TS
2015-03-25,0.0,36.6,23.9,6.35,0.12,Hanumakonda,TS
2015-03-26,0.0,35.0,23.7,6.28,0.12,Hanumakonda,TS
2015-03-27,0.0,35.2,23.6,6.39,0.12,Hanumakonda,TS
2015-03-28,0.0,35.0,23.7,6.41,0.12,Hanumakonda,TS
2015-03-29,0.0,35.4,24.0,6.34,0.12,Hanumakonda,TS
2015-03-30,0.0,32.4,24.9,4.26,0.12,Hanumakonda,TS
2015-03-31,0.0,34.9,24.5,5.91,0.12,Hanumakonda,TS
2015-04-01,0.0,35.4,24.7,6.01,0.12,Hanumakonda,TS
2015-04-02,0.0,35.7,24.9,6.01,0.12,Hanumakonda,TS
2015-04-03,0.0,37.2,25.9,5.91,0.12,Hanumakonda,TS
2015-04-04,0.0,38.2,26.1,6.89,0.119,Hanumakonda,TS
2015-04-05,0.0,38.0,25.6,6.36,0.119,Hanumakonda,TS
2015-04-06,0.0,36.9,26.2,6.56,0.119,Hanumakonda,TS
2015-04-07,0.0,37.1,25.4,7.14,0.119,Hanumakonda,TS
2015-04-08,0.0,36.5,25.4,7.23,0.119,Hanumakonda,TS
2015-04-09,0.0,36.0,24.6,6.81,0.12,Hanumakonda,TS
2015-04-10,0.0,35.8,24.8,6.0,0.12,Hanumakonda,TS
2015-04-11,0.0,33.0,25.8,4.21,0.121,Hanumakonda,TS
2015-04-12,12.5,29.0,21.7,3.04,0.229,Hanumakonda,TS
2015-04-13,14.5,30.3,21.6,4.39,0.308,Hanumakonda,TS
2015-04-14,6.2,29.2,20.9,4.61,0.313,Hanumakonda,TS
2015-04-15,0.4,31.1,21.4,4.91,0.302,Hanumakonda,TS
2015-04-16,0.0,32.1,21.8,5.26,0.263,Hanumakonda,TS
2015-04-17,0.2,33.2,22.4,5.52,0.236,Hanumakonda,TS
2015-04-18,0.0,35.8,23.1,5.98,0.215,Hanumakonda,TS
2015-04-19,0.0,36.7,24.6,6.44,0.195,Hanumakonda,TS
2015-04-20,0.0,36.9,25.5,6.63,0.179,Hanumakonda,TS
2015-04-21,0.0,37.7,25.6,7.05,0.165,Hanumakonda,TS
2015-04-22,0.4,38.7,26.5,6.35,0.155,Hanumakonda,TS
2015-04-23,0.4,36.4,27.0,5.83,0.149,Hanumakonda,TS
2015-04-24,4.8,36.6,26.4,6.17,0.173,Hanumakonda,TS
2015-04-25,0.0,36.1,24.8,6.19,0.18,Hanumakonda,TS
2015-04-26,0.0,35.1,25.4,6.14,0.168,Hanumakonda,TS
2015-04-27,0.0,36.9,25.0,6.52,0.158,Hanumakonda,TS
2015-04-28,0.0,38.4,25.6,7.18,0.149,Hanumakonda,TS
2015-04-29,0.0,39.2,26.5,7.37,0.142,Hanumakonda,TS
2015-04-30,0.0,39.4,26.5,6.59,0.136,Hanumakonda,TS
2015-05-01,0.0,39.4,26.6,6.72,0.131,Hanumakonda,TS
2015-05-02,0.0,39.4,27.1,6.89,0.128,Hanumakonda,TS
2015-05-03,0.0,38.5,27.6,6.72,0.127,Hanumakonda,TS
2015-05-04,0.8,36.0,27.6,6.26,0.127,Hanumakonda,TS
2015-05-05,0.2,37.4,26.5,6.34,0.132,Hanumakonda,TS
2015-05-06,0.6,38.5,26.9,6.62,0.13,Hanumakonda,TS
2015-05-07,0.0,38.5,27.5,7.11,0.129,Hanumakonda,TS
2015-05-08,0.0,40.1,27.5,6.93,0.126,Hanumakonda,TS
2015-05-09,0.0,39.8,27.9,7.0,0.125,Hanumakonda,TS
2015-05-10,0.0,36.7,28.7,5.59,0.125,Hanumakonda,TS
2015-05-11,0.4,36.8,28.8,6.32,0.125,Hanumakonda,TS
2015-05-12,0.0,37.6,27.9,6.01,0.125,Hanumakonda,TS
2015-05-13,1.7,37.0,28.0,6.28,0.131,Hanumakonda,TS
2015-05-14,0.0,36.6,27.4,5.31,0.145,Hanumakonda,TS
2015-05-15,0.3,37.1,28.1,5.63,0.139,Hanumakonda,TS
2015-05-16,3.7,35.3,25.7,4.39,0.159,Hanumakonda,TS
2015-05-17,0.0,36.6,26.8,6.22,0.157,Hanumakonda,TS
2015-05-18,0.0,39.6,26.9,6.45,0.147,Hanumakonda,TS
2015-05-19,0.0,43.2,29.0,7.49,0.139,Hanumakonda,TS
2015-05-20,0.0,43.9,31.5,9.76,0.132,Hanumakonda,TS
2015-05-21,0.0,44.4,30.4,8.11,0.128,Hanumakonda,TS
2015-05-22,0.0,43.5,31.4,8.98,0.125,Hanumakonda,TS
2015-05-23,0.0,42.6,32.1,9.6,0.123,Hanumakonda,TS
2015-05-24,0.0,41.9,31.2,9.43,0.121,Hanumakonda,TS
2015-05-25,0.0,41.6,30.9,8.87,0.121,Hanumakonda,TS
2015-05-26,0.0,42.7,31.2,8.76,0.12,Hanumakonda,TS
2015-05-27,0.0,42.7,31.2,8.74,0.12,Hanumakonda,TS
2015-05-28,0.0,42.6,30.8,8.6,0.12,Hanumakonda,TS
2015-05-29,0.0,42.7,30.8,7.74,0.12,Hanumakonda,TS
2015-05-30,0.1,42.2,30.9,8.43,0.119,Hanumakonda,TS
2015-05-31,0.0,41.1,29.6,7.44,0.119,Hanumakonda,TS
2015-06-01,0.0,39.3,29.6,6.4,0.12,Hanumakonda,TS
2015-06-02,8.1,37.1,26.0,4.55,0.202,Hanumakonda,TS
2015-06-03,0.0,35.5,27.9,5.62,0.214,Hanumakonda,TS
2015-06-04,1.0,35.9,28.1,5.45,0.197,Hanumakonda,TS
2015-06-05,2.5,36.7,26.3,6.01,0.205,Hanumakonda,TS
2015-06-06,1.0,35.1,28.5,4.28,0.194,Hanumakonda,TS
2015-06-07,3.2,31.9,27.4,4.01,0.207,Hanumakonda,TS
2015-06-08,12.1,35.9,26.1,4.64,0.298,Hanumakonda,TS
2015-06-09,2.1,32.9,25.9,3.28,0.301,Hanumakonda,TS
2015-06-10,0.4,36.5,27.8,6.39,0.261,Hanumakonda,TS
2015-06-11,0.5,36.3,28.0,6.04,0.234,Hanumakonda,TS
2015-06-12,21.1,33.4,25.6,4.24,0.32,Hanumakonda,TS
2015-06-13,17.3,32.4,25.3,4.09,0.335,Hanumakonda,TS
2015-06-14,12.2,30.4,24.9,3.21,0.381,Hanumakonda,TS
2015-06-15,7.9,29.4,24.3,2.33,0.385,Hanumakonda,TS
2015-06-16,4.4,29.8,24.2,3.13,0.376,Hanumakonda,TS
2015-06-17,18.3,29.6,25.1,2.56,0.386,Hanumakonda,TS
2015-06-18,16.7,30.3,24.0,2.95,0.414,Hanumakonda,TS
2015-06-19,8.7,30.0,24.6,3.43,0.407,Hanumakonda,TS
2015-06-20,34.1,27.6,24.5,1.72,0.423,Hanumakonda,TS
2015-06-21,50.3,25.4,24.2,1.32,0.428,Hanumakonda,TS
2015-06-22,8.3,28.7,24.1,2.1,0.416,Hanumakonda,TS
2015-06-23,0.2,31.4,25.1,4.55,0.388,Hanumakonda,TS
2015-06-24,4.3,32.3,24.4,4.61,0.385,Hanumakonda,TS
2015-06-25,0.0,32.1,26.0,5.13,0.362,Hanumakonda,TS
2015-06-26,0.0,31.5,26.2,4.9,0.342,Hanumakonda,TS
2015-06-27,0.0,31.3,26.6,5.5,0.326,Hanumakonda,TS
2015-06-28,0.0,31.6,26.6,4.83,0.313,Hanumakonda,TS
2015-06-29,0.2,33.0,26.3,5.08,0.302,Hanumakonda,TS
2015-06-30,0.1,33.3,26.4,5.32,0.292,Hanumakonda,TS
2015-07-01,1.5,32.4,26.5,4.67,0.286,Hanumakonda,TS
2015-07-02,4.7,31.1,25.6,3.69,0.313,Hanumakonda,TS
2015-07-03,0.0,32.8,26.1,4.42,0.324,Hanumakonda,TS
2015-07-04,0.0,33.5,26.5,6.59,0.297,Hanumakonda,TS
2015-07-05,0.0,33.4,26.4,6.81,0.275,Hanumakonda,TS
2015-07-06,0.0,33.5,26.6,6.7,0.256,Hanumakonda,TS
2015-07-07,0.0,33.2,27.1,6.08,0.241,Hanumakonda,TS
2015-07-08,0.0,32.8,27.8,5.61,0.229,Hanumakonda,TS
2015-07-09,0.0,34.2,28.3,6.47,0.218,Hanumakonda,TS
2015-07-10,0.1,31.6,27.4,4.13,0.21,Hanumakonda,TS
2015-07-11,0.0,32.1,27.2,4.09,0.21,Hanumakonda,TS
2015-07-12,0.0,34.3,27.7,6.23,0.201,Hanumakonda,TS
2015-07-13,0.8,34.3,26.4,5.49,0.198,Hanumakonda,TS
2015-07-14,2.4,33.4,25.6,4.67,0.225,Hanumakonda,TS
2015-07-15,9.3,33.9,25.5,4.65,0.302,Hanumakonda,TS
2015-07-16,0.3,33.0,26.4,5.06,0.295,Hanumakonda,TS
2015-07-17,0.4,33.1,28.0,4.97,0.268,Hanumakonda,TS
2015-07-18,3.9,33.9,25.2,4.81,0.287,Hanumakonda,TS
2015-07-19,8.1,33.5,25.4,4.71,0.3,Hanumakonda,TS
2015-07-20,1.5,32.8,25.6,5.14,0.31,Hanumakonda,TS
2015-07-21,1.2,32.7,25.4,4.67,0.288,Hanumakonda,TS
2015-07-22,15.5,29.3,25.2,2.08,0.339,Hanumakonda,TS
2015-07-23,12.6,28.6,24.4,2.26,0.381,Hanumakonda,TS
2015-07-24,3.1,31.6,24.7,3.87,0.362,Hanumakonda,TS
2015-07-25,0.0,32.6,25.8,4.57,0.34,Hanumakonda,TS
2015-07-26,2.9,31.5,24.9,4.37,0.331,Hanumakonda,TS
2015-07-27,0.1,32.3,25.8,5.07,0.318,Hanumakonda,TS
2015-07-28,0.0,33.3,26.2,6.11,0.295,Hanumakonda,TS
2015-07-29,0.0,33.0,26.0,5.92,0.276,Hanumakonda,TS
2015-07-30,0.0,30.5,26.3,4.55,0.262,Hanumakonda,TS
2015-07-31,0.3,31.8,26.1,4.87,0.255,Hanumakonda,TS
2015-08-01,0.0,31.6,25.4,5.0,0.245,Hanumakonda,TS
2015-08-02,0.0,32.4,25.8,4.91,0.236,Hanumakonda,TS
2015-08-03,0.0,31.8,26.3,4.68,0.227,Hanumakonda,TS
2015-08-04,0.0,30.5,25.6,3.78,0.222,Hanumakonda,TS
2015-08-05,0.4,30.7,25.0,3.82,0.218,Hanumakonda,TS
2015-08-06,0.2,29.8,25.2,3.65,0.215,Hanumakonda,TS
2015-08-07,0.4,30.0,25.5,3.01,0.215,Hanumakonda,TS
2015-08-08,0.9,29.1,25.9,3.11,0.215,Hanumakonda,TS
2015-08-09,11.6,30.8,24.5,3.07,0.286,Hanumakonda,TS
2015-08-10,8.0,30.3,25.2,2.78,0.351,Hanumakonda,TS
2015-08-11,11.8,31.0,24.0,3.11,0.377,Hanumakonda,TS
2015-08-12,18.0,25.3,24.4,1.02,0.404,Hanumakonda,TS
2015-08-13,12.3,27.9,24.0,2.49,0.405,Hanumakonda,TS
2015-08-14,0.1,31.0,23.7,4.62,0.376,Hanumakonda,TS
2015-08-15,1.5,31.0,25.2,3.83,0.362,Hanumakonda,TS
2015-08-16,0.9,30.3,26.1,3.13,0.356,Hanumakonda,TS
2015-08-17,0.8,31.6,25.3,4.25,0.345,Hanumakonda,TS
2015-08-18,9.9,32.2,24.3,3.99,0.364,Hanumakonda,TS
2015-08-19,4.1,31.9,24.9,4.18,0.37,Hanumakonda,TS
2015-08-20,2.4,29.8,24.6,2.8,0.382,Hanumakonda,TS
2015-08-21,5.1,30.4,25.6,2.91,0.379,Hanumakonda,TS
2015-08-22,0.0,30.6,24.5,4.29,0.369,Hanumakonda,TS
2015-08-23,0.6,31.0,25.5,4.47,0.349,Hanumakonda,TS
2015-08-24,0.2,31.3,24.4,4.77,0.335,Hanumakonda,TS
2015-08-25,0.0,31.9,25.1,5.15,0.318,Hanumakonda,TS
2015-08-26,0.6,30.8,25.8,4.39,0.307,Hanumakonda,TS
2015-08-27,1.8,28.4,24.8,1.89,0.32,Hanumakonda,TS
2015-08-28,6.9,31.3,25.3,3.98,0.328,Hanumakonda,TS
2015-08-29,5.8,31.4,25.2,3.65,0.347,Hanumakonda,TS
2015-08-30,3.3,31.4,25.4,4.17,0.345,Hanumakonda,TS
2015-08-31,5.4,31.6,24.8,3.74,0.366,Hanumakonda,TS
2015-09-01,3.4,31.2,24.8,3.64,0.36,Hanumakonda,TS
2015-09-02,0.6,31.5,24.8,4.26,0.346,Hanumakonda,TS
2015-09-03,1.0,32.7,26.0,4.29,0.329,Hanumakonda,TS
2015-09-04,1.0,33.1,25.4,4.5,0.316,Hanumakonda,TS
2015-09-05,0.5,33.1,25.1,4.9,0.306,Hanumakonda,TS
2015-09-06,9.4,31.6,25.0,3.74,0.318,Hanumakonda,TS
2015-09-07,9.9,30.8,24.4,3.14,0.368,Hanumakonda,TS
2015-09-08,3.2,31.6,23.4,4.19,0.357,Hanumakonda,TS
2015-09-09,1.2,31.9,23.1,4.49,0.35,Hanumakonda,TS
2015-09-10,1.5,31.6,23.7,4.23,0.338,Hanumakonda,TS
2015-09-11,4.0,31.9,24.6,4.15,0.338,Hanumakonda,TS
2015-09-12,17.0,29.2,24.1,2.75,0.405,Hanumakonda,TS
2015-09-13,12.8,28.7,24.3,1.9,0.412,Hanumakonda,TS
2015-09-14,19.8,29.1,24.2,2.3,0.417,Hanumakonda,TS
2015-09-15,13.9,29.1,23.9,2.64,0.418,Hanumakonda,TS
2015-09-16,17.9,29.3,24.1,2.04,0.424,Hanumakonda,TS
2015-09-17,21.6,31.3,24.2,3.51,0.42,Hanumakonda,TS
2015-09-18,0.3,32.0,25.0,4.33,0.394,Hanumakonda,TS
2015-09-19,0.0,30.8,25.0,3.57,0.377,Hanumakonda,TS
2015-09-20,0.2,30.0,25.7,2.58,0.368,Hanumakonda,TS
2015-09-21,0.1,31.1,24.2,4.22,0.359,Hanumakonda,TS
2015-09-22,0.0,32.0,23.9,4.55,0.346,Hanumakonda,TS
2015-09-23,0.0,33.1,23.2,5.01,0.333,Hanumakonda,TS
2015-09-24,1.0,32.0,24.9,4.24,0.325,Hanumakonda,TS
2015-09-25,5.3,32.3,24.2,4.22,0.34,Hanumakonda,TS
2015-09-26,3.3,30.6,24.0,3.8,0.36,Hanumakonda,TS
2015-09-27,0.0,31.5,22.9,4.98,0.343,Hanumakonda,TS
2015-09-28,0.0,30.4,23.1,4.1,0.324,Hanumakonda,TS
2015-09-29,0.1,31.3,23.8,3.94,0.314,Hanumakonda,TS
2015-09-30,4.8,31.3,23.9,4.02,0.32,Hanumakonda,TS
2015-10-01,4.5,30.4,23.8,3.12,0.364,Hanumakonda,TS
2015-10-02,4.0,29.4,23.7,2.94,0.373,Hanumakonda,TS
2015-10-03,1.4,32.0,24.1,4.14,0.358,Hanumakonda,TS
2015-10-04,1.4,31.6,24.4,3.56,0.364,Hanumakonda,TS
2015-10-05,0.3,31.5,24.0,3.86,0.354,Hanumakonda,TS
2015-10-06,0.0,32.1,23.5,4.72,0.336,Hanumakonda,TS
2015-10-07,0.0,32.7,22.1,5.27,0.319,Hanumakonda,TS
2015-10-08,0.0,32.8,22.4,4.93,0.305,Hanumakonda,TS
2015-10-09,0.0,33.4,21.4,4.85,0.293,Hanumakonda,TS
2015-10-10,0.0,33.6,23.8,4.49,0.282,Hanumakonda,TS
2015-10-11,0.2,33.2,23.2,4.42,0.274,Hanumakonda,TS
2015-10-12,0.0,33.6,23.2,4.64,0.265,Hanumakonda,TS
2015-10-13,0.0,32.9,22.8,4.37,0.256,Hanumakonda,TS
2015-10-14,0.0,33.5,22.7,4.43,0.248,Hanumakonda,TS
2015-10-15,0.0,33.2,22.5,4.47,0.239,Hanumakonda,TS
2015-10-16,0.6,30.9,24.0,4.01,0.234,Hanumakonda,TS
2015-10-17,0.1,31.1,24.0,3.89,0.234,Hanumakonda,TS
2015-10-18,0.1,31.5,23.8,4.01,0.228,Hanumakonda,TS
2015-10-19,0.0,32.5,23.0,4.52,0.222,Hanumakonda,TS
2015-10-20,0.0,32.7,21.9,4.67,0.213,Hanumakonda,TS
2015-10-21,0.0,33.1,21.8,4.8,0.205,Hanumakonda,TS
2015-10-22,0.0,33.2,22.5,4.79,0.197,Hanumakonda,TS
2015-10-23,0.0,32.5,22.8,4.44,0.19,Hanumakonda,TS
2015-10-24,0.1,32.5,23.4,4.51,0.185,Hanumakonda,TS
2015-10-25,0.0,31.7,23.6,4.51,0.18,Hanumakonda,TS
2015-10-26,0.0,31.3,22.5,4.27,0.175,Hanumakonda,TS
2015-10-27,0.0,31.7,21.9,4.7,0.171,Hanumakonda,TS
2015-10-28,0.5,30.9,21.3,4.48,0.167,Hanumakonda,TS
2015-10-29,4.1,31.1,23.1,3.69,0.17,Hanumakonda,TS
2015-10-30,1.1,30.0,22.1,3.86,0.206,Hanumakonda,TS
2015-10-31,0.0,30.4,22.6,4.22,0.198,Hanumakonda,TS
2015-11-01,0.0,30.9,22.5,4.32,0.189,Hanumakonda,TS
2015-11-02,0.3,29.9,22.3,3.6,0.184,Hanumakonda,TS
2015-11-03,0.0,31.4,23.3,4.14,0.18,Hanumakonda,TS
2015-11-04,0.0,31.3,22.2,4.21,0.173,Hanumakonda,TS
2015-11-05,0.1,30.1,22.0,3.59,0.169,Hanumakonda,TS
2015-11-06,0.1,31.0,22.7,4.0,0.166,Hanumakonda,TS
2015-11-07,0.0,31.1,21.2,4.18,0.162,Hanumakonda,TS
2015-11-08,0.0,32.1,20.6,4.74,0.157,Hanumakonda,TS
2015-11-09,0.0,29.8,19.8,3.86,0.153,Hanumakonda,TS
2015-11-10,0.0,29.2,20.8,3.61,0.15,Hanumakonda,TS
2015-11-11,0.0,31.5,20.2,4.74,0.147,Hanumakonda,TS
2015-11-12,0.0,31.3,19.4,4.55,0.144,Hanumakonda,TS
2015-11-13,0.0,31.5,18.4,4.9,0.141,Hanumakonda,TS
2015-11-14,0.0,31.1,19.0,4.38,0.139,Hanumakonda,TS
2015-11-15,0.0,30.5,19.8,3.81,0.137,Hanumakonda,TS
2015-11-16,0.5,28.1,22.0,2.39,0.137,Hanumakonda,TS
2015-11-17,2.4,26.4,20.8,2.64,0.161,Hanumakonda,TS
2015-11-18,0.0,30.4,19.1,4.65,0.166,Hanumakonda,TS
2015-11-19,0.0,29.8,19.9,4.17,0.16,Hanumakonda,TS
2015-11-20,0.0,29.0,22.5,2.25,0.156,Hanumakonda,TS
2015-11-21,0.0,30.7,22.2,3.81,0.152,Hanumakonda,TS
2015-11-22,0.0,31.4,22.1,4.02,0.148,Hanumakonda,TS
2015-11-23,0.0,30.7,22.0,3.83,0.145,Hanumakonda,TS
2015-11-24,0.0,29.8,22.9,3.23,0.142,Hanumakonda,TS
2015-11-25,0.0,30.7,20.2,3.94,0.14,Hanumakonda,TS
2015-11-26,0.0,31.3,19.3,4.03,0.138,Hanumakonda,TS
2015-11-27,0.0,31.5,20.1,4.3,0.135,Hanumakonda,TS
2015-11-28,0.0,30.8,21.3,4.28,0.134,Hanumakonda,TS
2015-11-29,0.0,31.1,21.5,4.3,0.132,Hanumakonda,TS
2015-11-30,1.1,27.8,22.5,1.97,0.137,Hanumakonda,TS
2015-12-01,0.0,30.1,22.0,3.35,0.141,Hanumakonda,TS
2015-12-02,0.0,29.1,22.2,2.78,0.14,Hanumakonda,TS
2015-12-03,0.0,30.8,21.4,3.97,0.139,Hanumakonda,TS
2015-12-04,0.0,31.1,18.9,4.08,0.136,Hanumakonda,TS
2015-12-05,0.0,30.9,20.9,3.89,0.134,Hanumakonda,TS
2015-12-06,0.0,30.4,19.9,3.93,0.132,Hanumakonda,TS
2015-12-07,0.0,30.9,20.7,4.2,0.131,Hanumakonda,TS
2015-12-08,0.0,31.2,18.4,4.13,0.129,Hanumakonda,TS
2015-12-09,0.0,30.3,18.7,4.14,0.128,Hanumakonda,TS
2015-12-10,0.0,30.7,17.4,4.38,0.127,Hanumakonda,TS
2015-12-11,0.0,31.8,19.6,4.75,0.126,Hanumakonda,TS
2015-12-12,0.0,32.1,21.6,4.03,0.126,Hanumakonda,TS
2015-12-13,0.0,32.2,22.8,4.31,0.125,Hanumakonda,TS
2015-12-14,0.0,31.7,22.6,4.39,0.126,Hanumakonda,TS
2015-12-15,0.0,31.8,22.2,4.41,0.125,Hanumakonda,TS
2015-12-16,0.0,31.4,21.5,4.64,0.124,Hanumakonda,TS
2015-12-17,0.0,30.6,20.9,4.71,0.124,Hanumakonda,TS
2015-12-18,0.0,30.8,20.1,4.12,0.123,Hanumakonda,TS
2015-12-19,0.0,30.1,20.8,3.63,0.123,Hanumakonda,TS
2015-12-20,0.0,30.2,21.6,4.33,0.123,Hanumakonda,TS
2015-12-21,0.0,29.7,21.7,3.75,0.123,Hanumakonda,TS
2015-12-22,0.0,30.8,21.3,4.08,0.123,Hanumakonda,TS
2015-12-23,0.0,29.7,22.3,3.44,0.123,Hanumakonda,TS
2015-12-24,0.0,30.3,22.4,3.48,0.123,Hanumakonda,TS
2015-12-25,0.0,27.2,18.9,5.55,0.122,Hanumakonda,TS
2015-12-26,0.0,27.4,15.5,4.62,0.122,Hanumakonda,TS
2015-12-27,0.0,28.5,15.4,4.56,0.122,Hanumakonda,TS
2015-12-28,0.0,30.1,16.3,4.14,0.121,Hanumakonda,TS
2015-12-29,0.0,31.6,15.6,4.85,0.121,Hanumakonda,TS
2015-12-30,0.0,31.9,16.8,4.48,0.121,Hanumakonda,TS
2015-12-31,0.0,31.5,17.0,4.24,0.121,Hanumakonda,TS
2016-01-01,0.0,31.1,18.9,4.14,0.121,Hanumakonda,TS
2016-01-02,0.0,31.2,18.8,4.2,0.12,Hanumakonda,TS
2016-01-03,0.0,30.9,19.0,4.14,0.12,Hanumakonda,TS
2016-01-04,0.0,30.0,18.7,4.03,0.12,Hanumakonda,TS
2016-01-05,0.0,30.1,17.7,4.14,0.12,Hanumakonda,TS
2016-01-06,0.0,29.6,17.7,4.07,0.12,Hanumakonda,TS
2016-01-07,0.0,29.6,17.8,4.08,0.12,Hanumakonda,TS
2016-01-08,0.0,29.8,17.5,4.16,0.12,Hanumakonda,TS
2016-01-09,0.0,30.5,16.6,4.27,0.12,Hanumakonda,TS
2016-01-10,0.0,30.4,18.2,4.44,0.12,Hanumakonda,TS
2016-01-11,0.0,30.1,17.6,4.65,0.12,Hanumakonda,TS
2016-01-12,0.0,30.0,16.6,4.67,0.12,Hanumakonda,TS
2016-01-13,0.0,29.9,15.7,4.42,0.12,Hanumakonda,TS
2016-01-14,0.0,29.7,18.2,4.52,0.12,Hanumakonda,TS
2016-01-15,0.0,29.4,19.1,4.44,0.12,Hanumakonda,TS
2016-01-16,0.0,29.8,18.4,4.88,0.12,Hanumakonda,TS
2016-01-17,0.0,29.7,19.0,5.14,0.12,Hanumakonda,TS
2016-01-18,0.0,29.4,18.4,4.85,0.12,Hanumakonda,TS
2016-01-19,1.8,27.5,20.7,2.65,0.125,Hanumakonda,TS
2016-01-20,4.5,24.1,18.5,1.16,0.172,Hanumakonda,TS
2016-01-21,0.0,27.1,17.2,4.43,0.187,Hanumakonda,TS
2016-01-22,0.0,27.1,16.6,4.9,0.176,Hanumakonda,TS
2016-01-23,0.0,28.3,14.6,4.66,0.166,Hanumakonda,TS
2016-01-24,0.0,29.2,15.0,3.99,0.158,Hanumakonda,TS
2016-01-25,0.1,28.4,19.7,3.47,0.153,Hanumakonda,TS
2016-01-26,0.0,28.8,19.5,3.64,0.15,Hanumakonda,TS
2016-01-27,0.0,31.4,20.1,4.26,0.146,Hanumakonda,TS
2016-01-28,0.0,32.1,20.2,4.4,0.141,Hanumakonda,TS
2016-01-29,0.0,32.2,19.8,4.94,0.138,Hanumakonda,TS
2016-01-30,0.0,33.0,18.6,4.96,0.134,Hanumakonda,TS
2016-01-31,0.0,34.1,18.2,5.02,0.131,Hanumakonda,TS
2016-02-01,0.0,34.1,18.6,4.98,0.129,Hanumakonda,TS
2016-02-02,0.0,35.1,21.1,5.06,0.127,Hanumakonda,TS
2016-02-03,0.0,34.1,20.8,4.97,0.126,Hanumakonda,TS
2016-02-04,0.0,32.7,20.0,4.78,0.125,Hanumakonda,TS
2016-02-05,0.0,31.6,19.4,4.82,0.123,Hanumakonda,TS
2016-02-06,0.0,31.9,20.5,5.47,0.123,Hanumakonda,TS
2016-02-07,0.0,31.9,20.8,5.0,0.122,Hanumakonda,TS
2016-02-08,0.0,31.2,22.0,4.28,0.122,Hanumakonda,TS
2016-02-09,0.0,31.8,23.3,3.84,0.121,Hanumakonda,TS
2016-02-10,0.0,32.9,23.2,5.78,0.121,Hanumakonda,TS
2016-02-11,0.0,33.3,22.9,5.64,0.121,Hanumakonda,TS
2016-02-12,0.0,33.2,23.0,5.55,0.12,Hanumakonda,TS
2016-02-13,0.0,32.5,22.4,5.35,0.12,Hanumakonda,TS
2016-02-14,0.0,31.8,22.9,4.92,0.12,Hanumakonda,TS
2016-02-15,0.0,33.2,21.0,6.29,0.12,Hanumakonda,TS
2016-02-16,0.0,32.6,19.3,5.97,0.12,Hanumakonda,TS
2016-02-17,0.0,33.1,18.2,6.26,0.12,Hanumakonda,TS
2016-02-18,0.0,33.7,19.0,6.36,0.12,Hanumakonda,TS
2016-02-19,0.0,34.1,18.4,6.16,0.119,Hanumakonda,TS
2016-02-20,0.0,35.8,20.7,6.24,0.119,Hanumakonda,TS
2016-02-21,0.0,36.4,21.5,6.34,0.119,Hanumakonda,TS
2016-02-22,0.0,36.4,23.0,6.72,0.119,Hanumakonda,TS
2016-02-23,0.0,35.7,23.0,6.63,0.119,Hanumakonda,TS
2016-02-24,0.0,33.3,22.3,5.9,0.119,Hanumakonda,TS
2016-02-25,0.0,33.9,22.9,6.01,0.119,Hanumakonda,TS
2016-02-26,0.0,31.6,23.7,4.44,0.119,Hanumakonda,TS
2016-02-27,0.0,31.8,22.9,4.81,0.119,Hanumakonda,TS
2016-02-28,0.0,33.6,22.7,5.4,0.119,Hanumakonda,TS
2016-02-29,1.0,33.7,23.4,5.19,0.12,Hanumakonda,TS
2016-03-01,1.0,33.3,23.8,4.71,0.123,Hanumakonda,TS
2016-03-02,1.5,32.9,24.5,4.42,0.127,Hanumakonda,TS
2016-03-03,0.5,32.8,23.9,4.43,0.134,Hanumakonda,TS
2016-03-04,0.0,33.9,23.4,4.82,0.133,Hanumakonda,TS
2016-03-05,0.0,34.3,23.4,5.04,0.132,Hanumakonda,TS
2016-03-06,0.0,35.6,23.9,6.69,0.13,Hanumakonda,TS
2016-03-07,0.0,34.7,21.3,6.59,0.128,Hanumakonda,TS
2016-03-08,0.0,35.2,20.8,6.63,0.126,Hanumakonda,TS
2016-03-09,0.0,34.3,22.5,5.73,0.125,Hanumakonda,TS
2016-03-10,0.0,37.1,23.2,6.51,0.123,Hanumakonda,TS
2016-03-11,0.0,37.0,22.9,6.27,0.122,Hanumakonda,TS
2016-03-12,0.0,37.4,24.1,7.93,0.121,Hanumakonda,TS
2016-03-13,0.7,35.7,22.1,6.25,0.126,Hanumakonda,TS
2016-03-14,1.0,34.0,25.6,5.15,0.139,Hanumakonda,TS
2016-03-15,1.0,33.6,24.2,4.75,0.147,Hanumakonda,TS
2016-03-16,0.8,33.9,25.1,4.6,0.158,Hanumakonda,TS
2016-03-17,0.0,35.4,24.5,5.95,0.153,Hanumakonda,TS
2016-03-18,0.0,37.1,24.9,6.26,0.145,Hanumakonda,TS
2016-03-19,0.2,37.8,25.2,5.68,0.139,Hanumakonda,TS
2016-03-20,0.0,38.4,24.9,6.91,0.135,Hanumakonda,TS
2016-03-21,0.0,39.1,23.8,7.35,0.131,Hanumakonda,TS
2016-03-22,0.0,38.9,22.8,7.11,0.127,Hanumakonda,TS
2016-03-23,0.0,38.5,22.3,6.69,0.125,Hanumakonda,TS
2016-03-24,0.0,38.8,23.0,6.5,0.123,Hanumakonda,TS
2016-03-25,0.0,37.8,24.0,6.8,0.122,Hanumakonda,TS
2016-03-26,0.0,37.8,24.3,6.87,0.122,Hanumakonda,TS
2016-03-27,0.0,37.2,24.6,7.45,0.121,Hanumakonda,TS
2016-03-28,0.0,36.6,24.4,6.87,0.121,Hanumakonda,TS
2016-03-29,0.0,36.5,24.1,7.0,0.121,Hanumakonda,TS
2016-03-30,0.0,36.9,25.1,6.7,0.121,Hanumakonda,TS
2016-03-31,0.1,37.3,25.0,6.77,0.121,Hanumakonda,TS
2016-04-01,0.0,38.1,25.1,6.69,0.121,Hanumakonda,TS
2016-04-02,0.0,38.3,25.5,6.95,0.121,Hanumakonda,TS
2016-04-03,0.0,38.5,26.2,7.27,0.12,Hanumakonda,TS
2016-04-04,0.0,39.0,26.5,7.07,0.12,Hanumakonda,TS
2016-04-05,0.8,36.6,26.7,5.47,0.123,Hanumakonda,TS
2016-04-06,0.0,37.9,25.7,7.06,0.124,Hanumakonda,TS
2016-04-07,0.0,38.7,25.3,7.6,0.123,Hanumakonda,TS
2016-04-08,0.0,38.2,24.8,7.74,0.122,Hanumakonda,TS
2016-04-09,0.0,38.3,24.2,8.06,0.121,Hanumakonda,TS
2016-04-10,0.0,38.9,24.7,7.98,0.12,Hanumakonda,TS
2016-04-11,0.0,40.3,25.6,8.14,0.12,Hanumakonda,TS
2016-04-12,0.0,40.7,27.2,7.65,0.12,Hanumakonda,TS
2016-04-13,0.0,40.6,26.6,6.36,0.119,Hanumakonda,TS
2016-04-14,0.2,39.0,28.1,6.42,0.12,Hanumakonda,TS
2016-04-15,0.0,40.1,27.2,7.42,0.12,Hanumakonda,TS
2016-04-16,0.0,40.5,27.1,7.74,0.12,Hanumakonda,TS
2016-04-17,0.0,40.2,27.4,7.1,0.12,Hanumakonda,TS
2016-04-18,0.0,39.1,27.5,7.23,0.12,Hanumakonda,TS
2016-04-19,0.0,39.5,25.7,7.89,0.119,Hanumakonda,TS
2016-04-20,0.0,39.8,26.1,7.38,0.119,Hanumakonda,TS
2016-04-21,0.0,40.7,27.4,7.37,0.119,Hanumakonda,TS
2016-04-22,0.0,41.9,28.7,6.56,0.119,Hanumakonda,TS
2016-04-23,0.0,41.6,29.4,8.39,0.119,Hanumakonda,TS
2016-04-24,0.0,41.6,27.8,7.42,0.119,Hanumakonda,TS
2016-04-25,0.0,41.0,28.2,7.52,0.119,Hanumakonda,TS
2016-04-26,0.0,40.8,28.4,7.21,0.119,Hanumakonda,TS
2016-04-27,0.0,39.9,27.6,8.01,0.12,Hanumakonda,TS
2016-04-28,0.0,39.8,27.6,6.67,0.12,Hanumakonda,TS
2016-04-29,0.0,40.7,28.2,7.5,0.12,Hanumakonda,TS
2016-04-30,1.1,40.6,28.6,6.74,0.124,Hanumakonda,TS
2016-05-01,1.3,40.8,27.9,7.52,0.133,Hanumakonda,TS
2016-05-02,0.6,41.1,28.4,7.47,0.135,Hanumakonda,TS
2016-05-03,3.2,38.9,28.5,7.28,0.146,Hanumakonda,TS
2016-05-04,2.6,38.6,26.7,6.77,0.165,Hanumakonda,TS
2016-05-05,3.2,36.0,25.7,6.5,0.185,Hanumakonda,TS
2016-05-06,10.5,33.7,23.9,5.58,0.3,Hanumakonda,TS
2016-05-07,0.4,36.0,26.3,6.21,0.261,Hanumakonda,TS
2016-05-08,0.0,35.6,26.8,6.16,0.229,Hanumakonda,TS
2016-05-09,2.2,35.5,26.9,5.57,0.218,Hanumakonda,TS
2016-05-10,3.3,35.9,26.6,5.9,0.214,Hanumakonda,TS
2016-05-11,0.6,36.9,27.3,6.5,0.221,Hanumakonda,TS
2016-05-12,0.2,38.4,27.9,6.66,0.199,Hanumakonda,TS
2016-05-13,0.0,39.2,28.5,7.22,0.179,Hanumakonda,TS
2016-05-14,0.0,39.9,29.0,7.55,0.163,Hanumakonda,TS
2016-05-15,0.0,38.4,27.9,7.5,0.151,Hanumakonda,TS
2016-05-16,0.0,38.6,27.3,7.59,0.143,Hanumakonda,TS
2016-05-17,0.0,37.6,27.8,6.98,0.136,Hanumakonda,TS
2016-05-18,0.0,35.9,27.8,4.55,0.133,Hanumakonda,TS
2016-05-19,0.7,34.1,26.6,3.46,0.133,Hanumakonda,TS
2016-05-20,2.0,40.8,27.6,6.23,0.148,Hanumakonda,TS
2016-05-21,0.0,41.6,30.4,9.42,0.143,Hanumakonda,TS
2016-05-22,0.0,42.0,31.6,9.53,0.135,Hanumakonda,TS
2016-05-23,0.0,40.7,31.9,9.67,0.13,Hanumakonda,TS
2016-05-24,0.0,41.0,32.4,9.07,0.127,Hanumakonda,TS
2016-05-25,0.0,41.1,32.4,9.4,0.125,Hanumakonda,TS
2016-05-26,0.0,41.7,32.0,9.15,0.123,Hanumakonda,TS
2016-05-27,0.0,41.1,32.0,8.7,0.122,Hanumakonda,TS
2016-05-28,0.0,40.4,31.7,7.9,0.121,Hanumakonda,TS
2016-05-29,0.0,39.3,31.0,8.11,0.12,Hanumakonda,TS
2016-05-30,0.0,39.6,30.7,8.12,0.12,Hanumakonda,TS
2016-05-31,0.0,40.4,29.9,7.19,0.122,Hanumakonda,TS
2016-06-01,0.1,41.2,30.2,7.44,0.123,Hanumakonda,TS
2016-06-02,0.0,38.8,31.4,6.39,0.123,Hanumakonda,TS
2016-06-03,0.5,39.3,29.8,6.45,0.126,Hanumakonda,TS
2016-06-04,4.7,36.4,25.9,4.67,0.194,Hanumakonda,TS
2016-06-05,13.0,33.9,24.8,3.6,0.321,Hanumakonda,TS
2016-06-06,10.4,31.6,25.6,3.37,0.327,Hanumakonda,TS
2016-06-07,19.5,31.0,25.1,3.02,0.366,Hanumakonda,TS
2016-06-08,4.2,31.0,25.4,3.12,0.353,Hanumakonda,TS
2016-06-09,3.8,35.1,26.9,4.92,0.342,Hanumakonda,TS
2016-06-10,0.8,35.0,27.0,5.78,0.315,Hanumakonda,TS
2016-06-11,0.2,35.0,27.2,5.85,0.289,Hanumakonda,TS
2016-06-12,2.0,34.7,26.5,5.52,0.278,Hanumakonda,TS
2016-06-13,7.6,33.5,26.0,5.31,0.328,Hanumakonda,TS
2016-06-14,0.0,36.2,29.3,7.79,0.297,Hanumakonda,TS
2016-06-15,0.0,35.9,29.0,7.95,0.264,Hanumakonda,TS
2016-06-16,0.0,36.6,29.2,7.93,0.237,Hanumakonda,TS
2016-06-17,1.7,36.3,26.3,6.41,0.22,Hanumakonda,TS
2016-06-18,35.7,28.0,24.7,1.44,0.36,Hanumakonda,TS
2016-06-19,11.6,29.1,24.4,2.51,0.379,Hanumakonda,TS
2016-06-20,0.9,31.2,25.0,4.55,0.363,Hanumakonda,TS
2016-06-21,2.5,32.1,24.5,4.73,0.348,Hanumakonda,TS
2016-06-22,0.0,33.7,25.5,5.26,0.337,Hanumakonda,TS
2016-06-23,7.6,33.2,25.8,4.93,0.325,Hanumakonda,TS
2016-06-24,3.5,31.9,25.3,4.07,0.365,Hanumakonda,TS
2016-06-25,23.0,32.3,25.1,3.88,0.378,Hanumakonda,TS
2016-06-26,3.4,30.9,24.9,3.52,0.393,Hanumakonda,TS
2016-06-27,15.1,27.4,25.2,1.82,0.402,Hanumakonda,TS
2016-06-28,28.3,28.0,24.8,2.13,0.421,Hanumakonda,TS
2016-06-29,18.9,26.2,24.6,1.56,0.421,Hanumakonda,TS
2016-06-30,28.0,26.0,24.4,1.69,0.419,Hanumakonda,TS
2016-07-01,24.0,26.8,24.1,1.5,0.427,Hanumakonda,TS
2016-07-02,15.6,28.8,24.3,2.17,0.423,Hanumakonda,TS
2016-07-03,12.7,28.1,24.7,1.94,0.421,Hanumakonda,TS
2016-07-04,2.6,30.7,24.9,3.61,0.406,Hanumakonda,TS
2016-07-05,6.9,31.8,24.9,3.73,0.399,Hanumakonda,TS
2016-07-06,5.8,30.4,24.7,2.96,0.406,Hanumakonda,TS
2016-07-07,0.4,30.1,25.6,4.43,0.384,Hanumakonda,TS
2016-07-08,8.8,30.0,24.9,4.04,0.376,Hanumakonda,TS
2016-07-09,36.4,25.4,23.8,1.47,0.428,Hanumakonda,TS
2016-07-10,41.5,25.5,24.1,1.39,0.43,Hanumakonda,TS
2016-07-11,26.8,26.4,24.0,2.13,0.428,Hanumakonda,TS
2016-07-12,0.8,30.6,24.9,4.25,0.411,Hanumakonda,TS
2016-07-13,0.0,31.2,25.4,4.71,0.394,Hanumakonda,TS
2016-07-14,0.0,31.7,25.6,5.15,0.379,Hanumakonda,TS
2016-07-15,0.0,31.9,26.2,4.79,0.367,Hanumakonda,TS
2016-07-16,2.1,31.6,25.7,3.61,0.369,Hanumakonda,TS
2016-07-17,0.3,30.9,25.5,3.85,0.365,Hanumakonda,TS
2016-07-18,7.4,31.7,25.1,4.21,0.375,Hanumakonda,TS
2016-07-19,3.2,26.8,24.6,1.6,0.395,Hanumakonda,TS
2016-07-20,6.8,27.8,24.0,2.58,0.404,Hanumakonda,TS
2016-07-21,4.4,28.7,25.0,2.48,0.399,Hanumakonda,TS
2016-07-22,7.6,29.6,23.8,2.38,0.415,Hanumakonda,TS
2016-07-23,0.0,29.2,24.6,3.72,0.399,Hanumakonda,TS
2016-07-24,2.4,29.0,24.5,2.67,0.393,Hanumakonda,TS
2016-07-25,13.1,31.0,24.1,3.66,0.407,Hanumakonda,TS
2016-07-26,6.6,30.6,24.6,3.28,0.415,Hanumakonda,TS
2016-07-27,17.9,30.7,23.9,3.66,0.423,Hanumakonda,TS
2016-07-28,14.2,30.7,23.8,3.84,0.414,Hanumakonda,TS
2016-07-29,15.1,31.4,24.1,3.72,0.423,Hanumakonda,TS
2016-07-30,16.6,30.0,24.1,2.83,0.422,Hanumakonda,TS
2016-07-31,11.5,27.2,24.0,2.17,0.426,Hanumakonda,TS
2016-08-01,8.6,27.0,24.1,1.95,0.424,Hanumakonda,TS
2016-08-02,2.9,29.7,23.7,3.09,0.416,Hanumakonda,TS
2016-08-03,3.2,28.4,23.9,3.1,0.411,Hanumakonda,TS
2016-08-04,1.0,29.0,25.1,2.82,0.402,Hanumakonda,TS
2016-08-05,2.5,30.8,24.9,4.13,0.399,Hanumakonda,TS
2016-08-06,11.8,29.7,24.0,2.53,0.419,Hanumakonda,TS
2016-08-07,0.2,30.4,25.3,4.27,0.402,Hanumakonda,TS
2016-08-08,0.1,30.4,25.1,4.3,0.387,Hanumakonda,TS
2016-08-09,0.0,30.2,25.3,4.18,0.374,Hanumakonda,TS
2016-08-10,0.0,30.8,25.6,4.66,0.362,Hanumakonda,TS
2016-08-11,0.0,30.6,26.0,4.65,0.351,Hanumakonda,TS
2016-08-12,0.0,31.3,26.2,4.96,0.341,Hanumakonda,TS
2016-08-13,0.1,30.9,26.3,4.91,0.332,Hanumakonda,TS
2016-08-14,0.2,29.5,26.4,3.44,0.328,Hanumakonda,TS
2016-08-15,0.0,30.4,26.3,4.79,0.32,Hanumakonda,TS
2016-08-16,0.1,29.5,25.7,4.77,0.311,Hanumakonda,TS
2016-08-17,0.0,29.6,24.9,4.56,0.302,Hanumakonda,TS
2016-08-18,0.0,30.7,25.5,5.1,0.294,Hanumakonda,TS
2016-08-19,0.0,31.4,25.5,5.33,0.285,Hanumakonda,TS
2016-08-20,0.0,32.4,24.5,5.5,0.275,Hanumakonda,TS
2016-08-21,0.0,32.4,24.1,5.24,0.266,Hanumakonda,TS
2016-08-22,0.5,31.2,25.4,3.82,0.263,Hanumakonda,TS
2016-08-23,0.2,32.3,25.9,4.56,0.259,Hanumakonda,TS
2016-08-24,3.0,32.3,25.1,4.0,0.269,Hanumakonda,TS
2016-08-25,9.7,30.3,25.3,3.28,0.332,Hanumakonda,TS
2016-08-26,0.1,31.4,25.6,4.31,0.342,Hanumakonda,TS
2016-08-27,5.9,31.9,24.8,4.0,0.334,Hanumakonda,TS
2016-08-28,3.9,32.1,23.9,3.93,0.362,Hanumakonda,TS
2016-08-29,13.6,31.4,24.5,3.78,0.372,Hanumakonda,TS
2016-08-30,14.7,30.2,24.6,2.74,0.406,Hanumakonda,TS
2016-08-31,31.4,28.2,23.7,1.6,0.427,Hanumakonda,TS
2016-09-01,19.7,29.2,24.1,2.5,0.423,Hanumakonda,TS
2016-09-02,16.0,30.6,24.0,3.18,0.423,Hanumakonda,TS
2016-09-03,4.4,28.3,24.5,2.19,0.418,Hanumakonda,TS
2016-09-04,15.9,27.4,24.1,1.98,0.421,Hanumakonda,TS
2016-09-05,0.0,30.2,23.5,5.02,0.404,Hanumakonda,TS
2016-09-06,0.0,29.7,23.7,4.93,0.385,Hanumakonda,TS
2016-09-07,0.0,29.5,23.2,4.93,0.372,Hanumakonda,TS
2016-09-08,0.0,30.1,23.3,4.8,0.36,Hanumakonda,TS
2016-09-09,0.4,29.1,25.4,3.09,0.353,Hanumakonda,TS
2016-09-10,23.0,28.6,24.0,2.17,0.403,Hanumakonda,TS
2016-09-11,11.8,27.3,23.8,1.8,0.421,Hanumakonda,TS
2016-09-12,18.8,27.6,23.6,1.93,0.422,Hanumakonda,TS
2016-09-13,14.9,25.9,23.1,1.48,0.424,Hanumakonda,TS
2016-09-14,20.3,28.8,23.3,2.01,0.427,Hanumakonda,TS
2016-09-15,18.8,26.8,23.8,1.27,0.427,Hanumakonda,TS
2016-09-16,7.4,30.2,23.3,3.52,0.419,Hanumakonda,TS
2016-09-17,5.9,29.4,24.1,2.73,0.417,Hanumakonda,TS
2016-09-18,3.8,29.6,23.7,3.37,0.411,Hanumakonda,TS
2016-09-19,2.1,29.3,24.2,3.68,0.406,Hanumakonda,TS
2016-09-20,7.1,30.3,24.5,3.56,0.408,Hanumakonda,TS
2016-09-21,17.2,29.2,23.2,2.17,0.422,Hanumakonda,TS
2016-09-22,34.6,28.7,23.6,2.22,0.427,Hanumakonda,TS
2016-09-23,34.0,28.8,23.8,1.59,0.428,Hanumakonda,TS
2016-09-24,18.7,26.4,23.6,1.13,0.426,Hanumakonda,TS
2016-09-25,6.7,27.8,24.1,1.64,0.422,Hanumakonda,TS
2016-09-26,8.6,25.8,24.1,1.16,0.42,Hanumakonda,TS
2016-09-27,7.6,28.8,23.5,1.98,0.423,Hanumakonda,TS
2016-09-28,2.6,30.5,23.8,3.39,0.416,Hanumakonda,TS
2016-09-29,0.2,31.0,24.1,3.8,0.403,Hanumakonda,TS
2016-09-30,5.4,29.5,24.3,2.99,0.405,Hanumakonda,TS
2016-10-01,26.9,27.1,23.7,1.52,0.424,Hanumakonda,TS
2016-10-02,1.4,29.5,23.3,3.34,0.415,Hanumakonda,TS
2016-10-03,0.0,29.7,23.4,4.04,0.402,Hanumakonda,TS
2016-10-04,0.2,31.0,22.7,4.4,0.388,Hanumakonda,TS
2016-10-05,0.0,30.7,24.3,4.53,0.376,Hanumakonda,TS
2016-10-06,3.1,29.7,24.5,3.33,0.377,Hanumakonda,TS
2016-10-07,7.5,30.0,24.8,3.27,0.392,Hanumakonda,TS
2016-10-08,23.3,28.7,23.6,2.23,0.42,Hanumakonda,TS
2016-10-09,17.7,29.0,23.9,2.16,0.427,Hanumakonda,TS
2016-10-10,0.2,31.0,24.1,4.19,0.409,Hanumakonda,TS
2016-10-11,0.2,31.9,24.5,4.61,0.393,Hanumakonda,TS
2016-10-12,0.0,31.2,23.3,4.63,0.38,Hanumakonda,TS
2016-10-13,0.0,30.8,21.2,4.64,0.368,Hanumakonda,TS
2016-10-14,0.0,30.8,19.6,4.95,0.358,Hanumakonda,TS
2016-10-15,0.0,30.0,19.9,4.77,0.348,Hanumakonda,TS
2016-10-16,0.0,29.5,21.3,4.18,0.34,Hanumakonda,TS
2016-10-17,0.0,30.0,19.0,4.96,0.331,Hanumakonda,TS
2016-10-18,0.0,30.1,18.9,4.91,0.323,Hanumakonda,TS
2016-10-19,0.0,30.2,20.9,5.08,0.314,Hanumakonda,TS
2016-10-20,0.0,30.4,18.4,4.98,0.306,Hanumakonda,TS
2016-10-21,0.0,30.0,18.6,4.83,0.298,Hanumakonda,TS
2016-10-22,0.0,30.0,19.5,4.83,0.291,Hanumakonda,TS
2016-10-23,0.0,30.2,20.1,4.69,0.284,Hanumakonda,TS
2016-10-24,0.0,30.0,19.9,4.11,0.278,Hanumakonda,TS
2016-10-25,0.0,29.9,21.5,4.2,0.273,Hanumakonda,TS
2016-10-26,0.0,30.4,22.1,5.03,0.266,Hanumakonda,TS
2016-10-27,0.0,29.8,19.4,5.32,0.259,Hanumakonda,TS
2016-10-28,0.0,29.7,20.8,4.6,0.251,Hanumakonda,TS
2016-10-29,0.2,28.4,23.2,2.92,0.249,Hanumakonda,TS
2016-10-30,1.4,29.7,22.0,3.29,0.258,Hanumakonda,TS
2016-10-31,1.5,30.1,22.3,3.11,0.271,Hanumakonda,TS
2016-11-01,0.0,30.1,21.8,4.41,0.273,Hanumakonda,TS
2016-11-02,0.0,30.1,21.4,4.57,0.26,Hanumakonda,TS
2016-11-03,0.0,30.6,21.5,4.54,0.25,Hanumakonda,TS
2016-11-04,0.0,29.9,21.8,4.69,0.241,Hanumakonda,TS
2016-11-05,0.0,28.8,22.2,4.02,0.236,Hanumakonda,TS
2016-11-06,0.0,28.9,22.3,3.66,0.232,Hanumakonda,TS
2016-11-07,0.0,29.4,17.9,5.11,0.226,Hanumakonda,TS
2016-11-08,0.0,29.4,18.2,4.64,0.218,Hanumakonda,TS
2016-11-09,0.0,28.9,16.6,4.47,0.212,Hanumakonda,TS
2016-11-10,0.0,28.8,15.5,4.66,0.207,Hanumakonda,TS
2016-11-11,0.0,29.0,15.4,4.56,0.201,Hanumakonda,TS
2016-11-12,0.0,28.5,16.9,4.09,0.197,Hanumakonda,TS
2016-11-13,0.0,29.1,18.5,3.89,0.194,Hanumakonda,TS
2016-11-14,0.0,29.4,20.2,3.11,0.191,Hanumakonda,TS
2016-11-15,0.0,30.2,22.1,3.82,0.189,Hanumakonda,TS
2016-11-16,0.0,30.2,19.7,4.15,0.185,Hanumakonda,TS
2016-11-17,0.0,29.5,20.2,4.13,0.181,Hanumakonda,TS
2016-11-18,0.0,28.8,19.8,4.78,0.177,Hanumakonda,TS
2016-11-19,0.0,28.8,17.4,4.39,0.172,Hanumakonda,TS
2016-11-20,0.0,29.0,16.3,4.23,0.17,Hanumakonda,TS
2016-11-21,0.0,29.4,17.2,4.29,0.167,Hanumakonda,TS
2016-11-22,0.0,29.5,15.9,4.46,0.164,Hanumakonda,TS
2016-11-23,0.0,29.5,15.9,4.41,0.161,Hanumakonda,TS
2016-11-24,0.0,29.1,17.7,4.18,0.159,Hanumakonda,TS
2016-11-25,0.0,29.3,16.1,4.44,0.156,Hanumakonda,TS
2016-11-26,0.0,29.7,16.4,4.52,0.154,Hanumakonda,TS
2016-11-27,0.0,30.4,16.2,4.86,0.151,Hanumakonda,TS
2016-11-28,0.0,30.3,16.9,4.84,0.149,Hanumakonda,TS
2016-11-29,0.0,30.3,17.3,4.56,0.147,Hanumakonda,TS
2016-11-30,0.0,29.1,17.1,3.86,0.145,Hanumakonda,TS
2016-12-01,0.0,29.4,18.2,4.0,0.144,Hanumakonda,TS
2016-12-02,0.0,29.2,18.0,3.61,0.143,Hanumakonda,TS
2016-12-03,0.5,28.8,21.8,2.52,0.145,Hanumakonda,TS
2016-12-04,0.4,28.5,21.7,2.77,0.155,Hanumakonda,TS
2016-12-05,0.0,29.1,18.6,4.24,0.155,Hanumakonda,TS
2016-12-06,0.0,28.0,19.1,3.98,0.152,Hanumakonda,TS
2016-12-07,0.0,28.7,18.3,4.09,0.149,Hanumakonda,TS
2016-12-08,0.0,28.1,16.0,4.22,0.146,Hanumakonda,TS
2016-12-09,0.0,27.7,15.0,4.38,0.144,Hanumakonda,TS
2016-12-10,0.0,27.5,16.2,4.43,0.142,Hanumakonda,TS
2016-12-11,0.0,28.6,16.9,4.49,0.14,Hanumakonda,TS
2016-12-12,0.0,28.7,19.1,4.09,0.138,Hanumakonda,TS
2016-12-13,0.0,28.5,19.3,3.05,0.137,Hanumakonda,TS
2016-12-14,0.0,27.6,22.2,2.34,0.137,Hanumakonda,TS
2016-12-15,0.0,29.1,20.5,3.01,0.136,Hanumakonda,TS
2016-12-16,0.0,29.4,19.9,3.43,0.136,Hanumakonda,TS
2016-12-17,0.0,29.0,17.4,4.52,0.135,Hanumakonda,TS
2016-12-18,0.0,28.0,15.1,4.51,0.134,Hanumakonda,TS
2016-12-19,0.0,27.9,14.3,4.23,0.133,Hanumakonda,TS
2016-12-20,0.0,28.0,14.0,4.15,0.132,Hanumakonda,TS
2016-12-21,0.0,28.4,13.6,4.36,0.131,Hanumakonda,TS
2016-12-22,0.0,28.8,13.5,4.49,0.13,Hanumakonda,TS
2016-12-23,0.0,28.2,14.7,4.74,0.13,Hanumakonda,TS
2016-12-24,0.0,28.2,13.9,4.09,0.129,Hanumakonda,TS
2016-12-25,0.0,28.1,14.6,3.82,0.129,Hanumakonda,TS
2016-12-26,0.0,28.7,15.2,4.06,0.128,Hanumakonda,TS
2016-12-27,0.0,27.8,15.5,4.58,0.128,Hanumakonda,TS
2016-12-28,0.0,27.6,14.6,3.88,0.127,Hanumakonda,TS
2016-12-29,0.0,28.0,15.9,3.66,0.127,Hanumakonda,TS
2016-12-30,0.0,28.7,16.4,3.72,0.127,Hanumakonda,TS
2016-12-31,0.0,28.0,16.1,3.64,0.126,Hanumakonda,TS
2017-01-01,0.0,28.8,18.3,4.04,0.15,Hanumakonda,TS
2017-01-02,0.0,29.1,17.7,3.84,0.155,Hanumakonda,TS
2017-01-03,0.0,27.9,17.4,4.06,0.157,Hanumakonda,TS
2017-01-04,0.0,27.3,14.7,3.95,0.157,Hanumakonda,TS
2017-01-05,0.0,27.6,14.7,4.04,0.158,Hanumakonda,TS
2017-01-06,0.0,28.1,14.3,3.95,0.156,Hanumakonda,TS
2017-01-07,0.0,28.4,15.9,3.81,0.156,Hanumakonda,TS
2017-01-08,0.0,28.5,18.2,3.9,0.157,Hanumakonda,TS
2017-01-09,0.0,28.5,19.2,4.12,0.16,Hanumakonda,TS
2017-01-10,0.0,28.9,19.0,3.89,0.158,Hanumakonda,TS
2017-01-11,0.0,27.2,17.3,4.22,0.157,Hanumakonda,TS
2017-01-12,0.0,26.4,15.3,4.02,0.155,Hanumakonda,TS
2017-01-13,0.0,27.1,14.5,4.06,0.155,Hanumakonda,TS
2017-01-14,0.0,27.7,16.0,4.03,0.155,Hanumakonda,TS
2017-01-15,0.0,28.5,15.3,4.17,0.152,Hanumakonda,TS
2017-01-16,0.0,29.0,16.3,4.22,0.152,Hanumakonda,TS
2017-01-17,0.0,28.7,16.0,3.96,0.155,Hanumakonda,TS
2017-01-18,0.0,28.7,16.9,4.43,0.157,Hanumakonda,TS
2017-01-19,0.0,28.1,16.6,4.08,0.157,Hanumakonda,TS
2017-01-20,0.0,29.3,15.8,4.29,0.155,Hanumakonda,TS
2017-01-21,0.0,30.1,17.6,4.41,0.154,Hanumakonda,TS
2017-01-22,0.0,30.7,18.1,4.19,0.152,Hanumakonda,TS
2017-01-23,0.0,30.8,18.8,4.55,0.149,Hanumakonda,TS
2017-01-24,0.0,30.3,17.9,4.58,0.147,Hanumakonda,TS
2017-01-25,0.0,29.7,18.4,4.38,0.146,Hanumakonda,TS
2017-01-26,0.4,27.2,19.3,2.85,0.147,Hanumakonda,TS
2017-01-27,0.0,28.8,19.1,3.54,0.173,Hanumakonda,TS
2017-01-28,0.0,29.7,18.6,4.32,0.175,Hanumakonda,TS
2017-01-29,0.0,29.8,16.9,4.81,0.17,Hanumakonda,TS
2017-01-30,0.0,30.3,15.8,4.51,0.165,Hanumakonda,TS
2017-01-31,0.0,31.0,16.5,4.51,0.161,Hanumakonda,TS
2017-02-01,0.0,31.3,18.4,4.73,0.16,Hanumakonda,TS
2017-02-02,0.0,30.9,19.1,4.49,0.16,Hanumakonda,TS
2017-02-03,0.0,30.8,19.1,4.69,0.157,Hanumakonda,TS
2017-02-04,0.0,31.2,18.0,4.66,0.155,Hanumakonda,TS
2017-02-05,0.0,30.5,18.9,4.55,0.153,Hanumakonda,TS
2017-02-06,0.0,31.7,18.6,5.04,0.15,Hanumakonda,TS
2017-02-07,0.0,31.4,18.4,5.01,0.147,Hanumakonda,TS
2017-02-08,0.0,31.9,17.9,4.94,0.144,Hanumakonda,TS
2017-02-09,0.0,32.0,18.1,4.94,0.143,Hanumakonda,TS
2017-02-10,0.0,31.9,19.3,5.41,0.143,Hanumakonda,TS
2017-02-11,0.0,31.0,19.2,5.58,0.143,Hanumakonda,TS
2017-02-12,0.0,29.6,18.4,4.85,0.145,Hanumakonda,TS
2017-02-13,0.0,30.2,18.7,4.76,0.148,Hanumakonda,TS
2017-02-14,0.0,31.1,19.4,5.02,0.149,Hanumakonda,TS
2017-02-15,0.0,31.4,19.9,4.9,0.147,Hanumakonda,TS
2017-02-16,0.0,31.4,19.3,5.39,0.146,Hanumakonda,TS
2017-02-17,0.0,32.1,17.8,5.12,0.145,Hanumakonda,TS
2017-02-18,0.0,32.3,17.2,5.04,0.141,Hanumakonda,TS
2017-02-19,0.0,33.3,18.5,5.73,0.139,Hanumakonda,TS
2017-02-20,0.0,34.6,19.2,5.91,0.137,Hanumakonda,TS
2017-02-21,0.0,35.2,21.0,5.92,0.136,Hanumakonda,TS
2017-02-22,0.0,35.6,21.4,5.74,0.134,Hanumakonda,TS
2017-02-23,0.0,35.4,21.3,5.88,0.133,Hanumakonda,TS
2017-02-24,0.0,34.3,20.3,5.94,0.133,Hanumakonda,TS
2017-02-25,0.0,32.5,18.8,6.15,0.135,Hanumakonda,TS
2017-02-26,0.0,33.1,18.3,6.28,0.136,Hanumakonda,TS
2017-02-27,0.0,33.3,18.6,5.66,0.136,Hanumakonda,TS
2017-02-28,0.0,34.1,18.7,6.04,0.138,Hanumakonda,TS
2017-03-01,0.0,33.7,19.7,5.72,0.137,Hanumakonda,TS
2017-03-02,0.0,34.0,20.5,6.64,0.138,Hanumakonda,TS
2017-03-03,0.0,34.4,19.6,7.13,0.137,Hanumakonda,TS
2017-03-04,0.0,34.2,19.5,6.49,0.135,Hanumakonda,TS
2017-03-05,0.0,33.3,22.5,4.9,0.138,Hanumakonda,TS
2017-03-06,0.4,32.9,23.2,4.23,0.143,Hanumakonda,TS
2017-03-07,1.8,32.8,23.6,4.48,0.157,Hanumakonda,TS
2017-03-08,0.0,34.7,24.0,5.61,0.173,Hanumakonda,TS
2017-03-09,0.0,33.3,23.6,5.14,0.164,Hanumakonda,TS
2017-03-10,0.3,35.3,24.5,5.67,0.163,Hanumakonda,TS
2017-03-11,0.0,33.1,21.7,6.14,0.163,Hanumakonda,TS
2017-03-12,0.0,32.3,18.8,6.17,0.156,Hanumakonda,TS
2017-03-13,0.0,34.1,18.2,5.66,0.148,Hanumakonda,TS
2017-03-14,0.3,32.4,22.4,5.24,0.145,Hanumakonda,TS
2017-03-15,0.4,32.6,23.3,4.76,0.15,Hanumakonda,TS
2017-03-16,0.3,33.1,24.2,4.95,0.15,Hanumakonda,TS
2017-03-17,0.7,32.6,21.8,4.65,0.172,Hanumakonda,TS
2017-03-18,0.0,34.9,21.8,6.24,0.171,Hanumakonda,TS
2017-03-19,0.0,35.1,22.3,5.94,0.164,Hanumakonda,TS
2017-03-20,0.0,34.5,22.0,6.5,0.159,Hanumakonda,TS
2017-03-21,0.0,34.9,21.0,6.47,0.153,Hanumakonda,TS
2017-03-22,0.0,35.0,21.2,6.23,0.148,Hanumakonda,TS
2017-03-23,0.0,36.4,22.0,6.34,0.145,Hanumakonda,TS
2017-03-24,0.0,37.5,23.6,6.47,0.142,Hanumakonda,TS
2017-03-25,0.0,38.1,23.8,6.95,0.141,Hanumakonda,TS
2017-03-26,0.0,37.3,23.8,6.46,0.138,Hanumakonda,TS
2017-03-27,0.0,37.3,24.5,6.99,0.138,Hanumakonda,TS
2017-03-28,0.0,37.0,24.6,6.91,0.138,Hanumakonda,TS
2017-03-29,0.0,37.6,24.3,6.96,0.142,Hanumakonda,TS
2017-03-30,0.0,38.1,24.5,7.27,0.141,Hanumakonda,TS
2017-03-31,0.0,38.0,24.8,7.23,0.14,Hanumakonda,TS
2017-04-01,0.2,38.2,25.3,6.57,0.139,Hanumakonda,TS
2017-04-02,2.1,38.3,26.0,6.3,0.139,Hanumakonda,TS
2017-04-03,2.2,36.7,24.9,6.54,0.148,Hanumakonda,TS
2017-04-04,0.0,36.3,24.7,6.51,0.166,Hanumakonda,TS
2017-04-05,1.0,35.6,25.6,5.28,0.169,Hanumakonda,TS
2017-04-06,0.1,37.2,26.0,6.4,0.17,Hanumakonda,TS
2017-04-07,0.5,36.9,26.6,5.85,0.163,Hanumakonda,TS
2017-04-08,0.1,37.6,26.5,6.13,0.152,Hanumakonda,TS
2017-04-09,0.0,38.6,25.9,6.47,0.142,Hanumakonda,TS
2017-04-10,0.0,39.3,25.0,6.86,0.139,Hanumakonda,TS
2017-04-11,0.0,38.5,22.4,7.69,0.142,Hanumakonda,TS
2017-04-12,0.0,38.5,20.7,7.5,0.136,Hanumakonda,TS
2017-04-13,0.0,39.3,22.6,7.56,0.133,Hanumakonda,TS
2017-04-14,0.0,38.1,24.1,7.05,0.13,Hanumakonda,TS
2017-04-15,0.0,39.5,23.6,7.49,0.129,Hanumakonda,TS
2017-04-16,0.0,41.0,25.3,7.84,0.128,Hanumakonda,TS
2017-04-17,0.0,40.8,24.8,7.49,0.125,Hanumakonda,TS
2017-04-18,0.0,40.0,25.6,7.32,0.124,Hanumakonda,TS
2017-04-19,0.1,39.2,26.3,6.83,0.13,Hanumakonda,TS
2017-04-20,0.0,39.8,26.3,6.94,0.138,Hanumakonda,TS
2017-04-21,0.0,39.6,26.7,6.85,0.136,Hanumakonda,TS
2017-04-22,0.0,40.3,26.4,7.56,0.135,Hanumakonda,TS
2017-04-23,0.0,39.5,25.6,7.82,0.136,Hanumakonda,TS
2017-04-24,0.0,39.2,25.5,7.64,0.136,Hanumakonda,TS
2017-04-25,0.0,39.2,24.4,7.86,0.138,Hanumakonda,TS
2017-04-26,0.0,39.6,25.5,7.61,0.136,Hanumakonda,TS
2017-04-27,0.0,39.1,27.4,7.17,0.131,Hanumakonda,TS
2017-04-28,5.2,37.8,26.9,6.15,0.147,Hanumakonda,TS
2017-04-29,0.0,39.5,26.3,7.15,0.153,Hanumakonda,TS
2017-04-30,1.1,37.1,25.7,6.19,0.147,Hanumakonda,TS
2017-05-01,2.4,36.0,25.2,6.2,0.145,Hanumakonda,TS
2017-05-02,0.3,36.1,25.0,6.63,0.138,Hanumakonda,TS
2017-05-03,0.5,37.0,26.3,6.83,0.134,Hanumakonda,TS
2017-05-04,0.0,39.1,25.9,7.04,0.133,Hanumakonda,TS
2017-05-05,0.0,39.9,26.8,7.29,0.132,Hanumakonda,TS
2017-05-06,1.6,38.4,27.0,6.93,0.135,Hanumakonda,TS
2017-05-07,0.5,36.6,27.0,6.56,0.131,Hanumakonda,TS
2017-05-08,0.5,38.4,27.0,6.22,0.141,Hanumakonda,TS
2017-05-09,0.2,38.6,26.9,7.02,0.157,Hanumakonda,TS
2017-05-10,1.1,36.6,26.1,6.3,0.185,Hanumakonda,TS
2017-05-11,1.0,35.2,26.5,6.12,0.225,Hanumakonda,TS
2017-05-12,0.5,37.3,26.8,6.17,0.208,Hanumakonda,TS
2017-05-13,0.0,39.0,27.4,6.93,0.19,Hanumakonda,TS
2017-05-14,0.0,40.6,28.6,7.14,0.174,Hanumakonda,TS
2017-05-15,0.0,41.7,29.6,7.73,0.16,Hanumakonda,TS
2017-05-16,0.0,41.9,31.7,8.39,0.142,Hanumakonda,TS
2017-05-17,0.0,41.7,30.6,8.56,0.142,Hanumakonda,TS
2017-05-18,0.0,41.5,30.7,8.63,0.143,Hanumakonda,TS
2017-05-19,0.0,41.8,28.9,8.01,0.138,Hanumakonda,TS
2017-05-20,0.0,41.8,28.0,7.81,0.134,Hanumakonda,TS
2017-05-21,0.0,41.4,28.2,8.33,0.129,Hanumakonda,TS
2017-05-22,0.0,41.4,27.9,7.87,0.132,Hanumakonda,TS
2017-05-23,0.0,41.8,28.0,7.82,0.122,Hanumakonda,TS
2017-05-24,0.0,40.4,29.4,7.28,0.108,Hanumakonda,TS
2017-05-25,0.0,40.7,30.1,7.2,0.106,Hanumakonda,TS
2017-05-26,2.8,39.4,30.3,6.9,0.115,Hanumakonda,TS
2017-05-27,0.1,41.1,28.4,6.98,0.134,Hanumakonda,TS
2017-05-28,0.1,39.8,26.5,6.73,0.155,Hanumakonda,TS
2017-05-29,0.9,39.2,28.6,7.66,0.156,Hanumakonda,TS
2017-05-30,0.0,38.6,30.7,8.5,0.148,Hanumakonda,TS
2017-05-31,0.0,38.9,30.2,7.5,0.141,Hanumakonda,TS
2017-06-01,0.3,39.0,29.5,7.19,0.132,Hanumakonda,TS
2017-06-02,0.5,39.2,29.6,7.69,0.122,Hanumakonda,TS
2017-06-03,0.8,39.2,29.3,6.67,0.119,Hanumakonda,TS
2017-06-04,17.0,36.4,26.0,4.63,0.318,Hanumakonda,TS
2017-06-05,3.7,38.1,27.8,6.35,0.278,Hanumakonda,TS
2017-06-06,12.7,36.0,26.1,5.09,0.342,Hanumakonda,TS
2017-06-07,3.0,32.9,27.2,5.08,0.325,Hanumakonda,TS
2017-06-08,3.8,33.5,25.1,4.79,0.33,Hanumakonda,TS
2017-06-09,1.6,33.5,25.2,5.16,0.312,Hanumakonda,TS
2017-06-10,4.2,32.3,25.4,3.31,0.357,Hanumakonda,TS
2017-06-11,1.7,32.8,26.4,3.98,0.343,Hanumakonda,TS
2017-06-12,20.0,32.6,25.7,3.4,0.363,Hanumakonda,TS
2017-06-13,14.1,29.7,25.0,2.43,0.402,Hanumakonda,TS
2017-06-14,14.8,30.8,24.1,2.82,0.408,Hanumakonda,TS
2017-06-15,21.0,31.6,25.5,3.46,0.412,Hanumakonda,TS
2017-06-16,8.6,29.3,25.0,2.53,0.413,Hanumakonda,TS
2017-06-17,0.2,32.5,24.7,4.05,0.392,Hanumakonda,TS
2017-06-18,15.7,31.7,26.6,4.05,0.404,Hanumakonda,TS
2017-06-19,13.0,31.4,25.4,3.84,0.406,Hanumakonda,TS
2017-06-20,8.1,31.8,26.0,4.0,0.394,Hanumakonda,TS
2017-06-21,1.4,32.9,26.6,4.66,0.372,Hanumakonda,TS
2017-06-22,0.6,34.1,27.4,5.81,0.356,Hanumakonda,TS
2017-06-23,5.2,32.5,26.6,4.59,0.355,Hanumakonda,TS
2017-06-24,6.7,31.3,25.5,3.66,0.379,Hanumakonda,TS
2017-06-25,4.5,32.7,25.6,3.98,0.382,Hanumakonda,TS
2017-06-26,11.4,29.3,24.6,2.28,0.413,Hanumakonda,TS
2017-06-27,10.8,30.3,24.4,2.69,0.415,Hanumakonda,TS
2017-06-28,2.7,29.1,24.3,2.57,0.41,Hanumakonda,TS
2017-06-29,8.4,31.7,25.9,4.13,0.394,Hanumakonda,TS
2017-06-30,0.5,31.4,26.0,3.92,0.371,Hanumakonda,TS
2017-07-01,5.9,30.5,25.9,2.98,0.365,Hanumakonda,TS
2017-07-02,21.5,29.7,24.9,2.65,0.397,Hanumakonda,TS
2017-07-03,4.7,30.8,24.5,3.16,0.384,Hanumakonda,TS
2017-07-04,0.9,31.6,26.4,5.06,0.355,Hanumakonda,TS
2017-07-05,0.2,31.3,26.7,5.13,0.335,Hanumakonda,TS
2017-07-06,4.4,31.1,24.5,3.33,0.348,Hanumakonda,TS
2017-07-07,1.4,31.9,25.5,3.94,0.34,Hanumakonda,TS
2017-07-08,0.5,32.3,26.0,4.79,0.324,Hanumakonda,TS
2017-07-09,3.9,31.6,25.0,2.48,0.337,Hanumakonda,TS
2017-07-10,4.4,32.0,26.0,3.64,0.352,Hanumakonda,TS
2017-07-11,8.5,28.5,24.3,1.98,0.388,Hanumakonda,TS
2017-07-12,2.2,32.2,24.4,3.94,0.378,Hanumakonda,TS
2017-07-13,3.8,28.3,24.1,2.29,0.382,Hanumakonda,TS
2017-07-14,20.1,30.2,24.0,2.63,0.41,Hanumakonda,TS
2017-07-15,7.6,31.5,24.0,4.04,0.407,Hanumakonda,TS
2017-07-16,10.5,27.6,24.4,1.98,0.399,Hanumakonda,TS
2017-07-17,14.9,26.2,24.0,1.69,0.425,Hanumakonda,TS
2017-07-18,31.2,27.9,23.8,2.27,0.427,Hanumakonda,TS
2017-07-19,25.0,29.2,24.0,3.4,0.425,Hanumakonda,TS
2017-07-20,3.7,31.6,25.0,4.01,0.412,Hanumakonda,TS
2017-07-21,0.0,32.4,26.2,5.35,0.389,Hanumakonda,TS
2017-07-22,0.0,32.7,26.1,5.79,0.374,Hanumakonda,TS
2017-07-23,0.4,32.1,26.1,5.76,0.36,Hanumakonda,TS
2017-07-24,1.2,32.0,25.9,5.09,0.348,Hanumakonda,TS
2017-07-25,0.2,32.4,25.9,5.21,0.336,Hanumakonda,TS
2017-07-26,0.2,31.9,26.0,5.43,0.325,Hanumakonda,TS
2017-07-27,0.3,31.5,26.0,5.1,0.316,Hanumakonda,TS
2017-07-28,0.9,31.7,26.2,3.88,0.314,Hanumakonda,TS
2017-07-29,0.3,31.9,25.5,4.49,0.333,Hanumakonda,TS
2017-07-30,1.6,32.6,26.4,4.69,0.33,Hanumakonda,TS
2017-07-31,0.1,32.6,26.3,5.23,0.328,Hanumakonda,TS
2017-08-01,0.4,32.8,26.8,5.06,0.309,Hanumakonda,TS
2017-08-02,4.5,31.7,26.4,3.55,0.304,Hanumakonda,TS
2017-08-03,0.2,32.2,27.0,5.26,0.283,Hanumakonda,TS
2017-08-04,0.0,30.8,27.2,4.01,0.276,Hanumakonda,TS
2017-08-05,8.4,29.5,24.7,2.28,0.318,Hanumakonda,TS
2017-08-06,0.7,29.7,25.6,3.08,0.322,Hanumakonda,TS
2017-08-07,1.5,31.4,24.4,4.25,0.308,Hanumakonda,TS
2017-08-08,20.5,30.4,25.2,2.82,0.326,Hanumakonda,TS
2017-08-09,39.8,26.8,24.0,1.12,0.391,Hanumakonda,TS
2017-08-10,19.9,31.0,23.9,3.68,0.38,Hanumakonda,TS
2017-08-11,11.4,31.0,24.8,3.36,0.381,Hanumakonda,TS
2017-08-12,5.7,28.3,24.7,2.38,0.399,Hanumakonda,TS
2017-08-13,20.2,29.2,25.0,2.42,0.408,Hanumakonda,TS
2017-08-14,1.8,28.5,24.4,2.58,0.403,Hanumakonda,TS
2017-08-15,13.0,29.8,24.0,3.3,0.401,Hanumakonda,TS
2017-08-16,3.5,30.8,25.1,3.62,0.392,Hanumakonda,TS
2017-08-17,9.7,30.6,25.1,2.88,0.398,Hanumakonda,TS
2017-08-18,32.9,26.7,23.6,1.46,0.418,Hanumakonda,TS
2017-08-19,147.7,25.0,23.8,1.09,0.43,Hanumakonda,TS
2017-08-20,8.7,28.9,22.8,3.21,0.415,Hanumakonda,TS
2017-08-21,0.4,30.8,23.7,4.49,0.398,Hanumakonda,TS
2017-08-22,2.9,31.3,24.4,3.99,0.397,Hanumakonda,TS
2017-08-23,4.5,30.8,24.7,3.38,0.414,Hanumakonda,TS
2017-08-24,7.9,29.9,25.1,3.43,0.416,Hanumakonda,TS
2017-08-25,13.8,30.3,24.6,2.71,0.418,Hanumakonda,TS
2017-08-26,6.2,29.0,24.4,2.46,0.417,Hanumakonda,TS
2017-08-27,11.3,28.0,24.4,2.31,0.417,Hanumakonda,TS
2017-08-28,14.2,27.8,24.1,1.87,0.427,Hanumakonda,TS
2017-08-29,11.0,29.2,23.8,2.35,0.423,Hanumakonda,TS
2017-08-30,1.1,32.2,24.6,4.79,0.405,Hanumakonda,TS
2017-08-31,0.1,32.3,25.6,4.98,0.388,Hanumakonda,TS
2017-09-01,0.3,31.9,25.5,4.78,0.375,Hanumakonda,TS
2017-09-02,0.2,32.3,24.2,4.92,0.363,Hanumakonda,TS
2017-09-03,1.0,32.6,24.6,4.32,0.364,Hanumakonda,TS
2017-09-04,4.5,31.5,25.1,4.13,0.38,Hanumakonda,TS
2017-09-05,5.7,30.7,25.1,3.42,0.386,Hanumakonda,TS
2017-09-06,8.6,31.5,25.0,3.86,0.4,Hanumakonda,TS
2017-09-07,16.7,31.0,24.1,3.65,0.417,Hanumakonda,TS
2017-09-08,0.5,31.2,24.1,4.16,0.407,Hanumakonda,TS
2017-09-09,0.6,31.4,24.5,4.48,0.389,Hanumakonda,TS
2017-09-10,0.2,31.9,24.8,4.63,0.376,Hanumakonda,TS
2017-09-11,1.1,32.1,25.1,4.43,0.365,Hanumakonda,TS
2017-09-12,1.2,31.7,25.0,4.23,0.358,Hanumakonda,TS
2017-09-13,2.1,32.4,25.0,4.65,0.352,Hanumakonda,TS
2017-09-14,15.9,31.5,24.3,2.97,0.379,Hanumakonda,TS
2017-09-15,3.2,31.6,24.1,3.65,0.391,Hanumakonda,TS
2017-09-16,1.9,31.3,24.5,3.73,0.395,Hanumakonda,TS
2017-09-17,27.9,31.0,25.0,3.22,0.403,Hanumakonda,TS
2017-09-18,1.3,30.1,24.9,3.06,0.393,Hanumakonda,TS
2017-09-19,0.2,31.6,24.8,4.66,0.385,Hanumakonda,TS
2017-09-20,0.7,29.4,25.1,3.14,0.377,Hanumakonda,TS
2017-09-21,0.6,29.6,24.8,3.54,0.369,Hanumakonda,TS
2017-09-22,1.3,29.8,23.9,3.57,0.381,Hanumakonda,TS
2017-09-23,0.2,30.9,23.9,4.28,0.366,Hanumakonda,TS
2017-09-24,0.3,31.7,24.3,4.34,0.353,Hanumakonda,TS
2017-09-25,2.9,31.3,25.2,3.63,0.356,Hanumakonda,TS
2017-09-26,0.1,31.9,25.3,4.2,0.347,Hanumakonda,TS
2017-09-27,0.5,31.8,25.1,4.06,0.338,Hanumakonda,TS
2017-09-28,19.2,30.5,24.1,3.28,0.389,Hanumakonda,TS
2017-09-29,9.7,29.5,24.0,2.82,0.395,Hanumakonda,TS
2017-09-30,3.4,31.5,24.0,3.23,0.382,Hanumakonda,TS
2017-10-01,0.4,31.7,24.4,3.99,0.363,Hanumakonda,TS
2017-10-02,3.5,30.4,24.5,3.34,0.359,Hanumakonda,TS
2017-10-03,3.4,30.3,24.0,3.09,0.383,Hanumakonda,TS
2017-10-04,2.8,30.2,23.7,3.11,0.38,Hanumakonda,TS
2017-10-05,16.1,28.8,24.1,2.73,0.407,Hanumakonda,TS
2017-10-06,6.7,30.0,23.4,3.28,0.413,Hanumakonda,TS
2017-10-07,20.1,29.7,23.6,2.93,0.418,Hanumakonda,TS
2017-10-08,6.0,28.8,23.2,2.9,0.41,Hanumakonda,TS
2017-10-09,7.0,30.3,23.4,3.26,0.4,Hanumakonda,TS
2017-10-10,1.6,30.7,23.7,3.39,0.41,Hanumakonda,TS
2017-10-11,7.6,29.2,23.8,3.14,0.399,Hanumakonda,TS
2017-10-12,1.5,30.7,23.9,3.67,0.385,Hanumakonda,TS
2017-10-13,12.0,29.4,23.9,2.97,0.394,Hanumakonda,TS
2017-10-14,6.6,30.6,23.8,3.54,0.398,Hanumakonda,TS
2017-10-15,5.2,31.2,24.1,3.2,0.395,Hanumakonda,TS
2017-10-16,1.1,32.1,24.5,4.3,0.393,Hanumakonda,TS
2017-10-17,0.0,32.2,22.8,4.47,0.381,Hanumakonda,TS
2017-10-18,0.0,31.8,22.1,5.17,0.365,Hanumakonda,TS
2017-10-19,0.0,30.7,21.4,4.5,0.354,Hanumakonda,TS
2017-10-20,0.5,28.5,23.8,2.68,0.348,Hanumakonda,TS
2017-10-21,1.3,28.4,24.3,3.06,0.351,Hanumakonda,TS
2017-10-22,1.1,31.3,23.7,3.73,0.352,Hanumakonda,TS
2017-10-23,0.1,31.1,23.6,3.85,0.355,Hanumakonda,TS
2017-10-24,0.0,31.5,23.6,3.89,0.339,Hanumakonda,TS
2017-10-25,0.2,30.5,23.2,3.95,0.328,Hanumakonda,TS
2017-10-26,0.8,30.5,21.9,3.73,0.318,Hanumakonda,TS
2017-10-27,0.0,30.3,21.8,3.58,0.309,Hanumakonda,TS
2017-10-28,0.0,30.2,21.1,4.31,0.301,Hanumakonda,TS
2017-10-29,0.0,29.6,20.0,3.93,0.291,Hanumakonda,TS
2017-10-30,0.0,30.0,20.0,4.55,0.282,Hanumakonda,TS
2017-10-31,0.0,30.0,19.3,4.53,0.273,Hanumakonda,TS
2017-11-01,0.0,29.8,18.7,4.63,0.264,Hanumakonda,TS
2017-11-02,0.0,28.8,18.6,4.5,0.257,Hanumakonda,TS
2017-11-03,0.0,28.8,19.6,4.37,0.25,Hanumakonda,TS
2017-11-04,0.0,28.9,18.9,4.5,0.242,Hanumakonda,TS
2017-11-05,0.0,30.0,19.7,4.42,0.234,Hanumakonda,TS
2017-11-06,0.0,30.0,19.0,4.47,0.228,Hanumakonda,TS
2017-11-07,0.0,30.2,18.3,4.45,0.222,Hanumakonda,TS
2017-11-08,0.0,29.9,18.9,4.31,0.215,Hanumakonda,TS
2017-11-09,0.0,29.5,19.5,4.54,0.209,Hanumakonda,TS
2017-11-10,0.0,29.2,18.0,4.41,0.204,Hanumakonda,TS
2017-11-11,0.0,28.6,17.1,4.43,0.201,Hanumakonda,TS
2017-11-12,0.0,28.9,17.6,4.34,0.198,Hanumakonda,TS
2017-11-13,0.0,29.6,19.5,4.55,0.196,Hanumakonda,TS
2017-11-14,0.0,30.3,21.3,4.09,0.192,Hanumakonda,TS
2017-11-15,0.0,30.7,22.9,4.69,0.187,Hanumakonda,TS
2017-11-16,0.0,30.5,21.7,4.17,0.184,Hanumakonda,TS
2017-11-17,0.2,29.3,21.7,3.3,0.184,Hanumakonda,TS
2017-11-18,0.1,29.8,21.5,3.45,0.182,Hanumakonda,TS
2017-11-19,0.0,30.5,22.8,3.24,0.179,Hanumakonda,TS
2017-11-20,0.0,31.5,21.2,4.02,0.176,Hanumakonda,TS
2017-11-21,0.9,30.6,22.9,3.22,0.176,Hanumakonda,TS
2017-11-22,0.0,30.9,22.6,3.8,0.173,Hanumakonda,TS
2017-11-23,0.1,30.7,22.5,3.5,0.17,Hanumakonda,TS
2017-11-24,0.2,30.5,22.1,3.48,0.168,Hanumakonda,TS
2017-11-25,0.0,29.6,19.4,4.05,0.168,Hanumakonda,TS
2017-11-26,0.0,29.6,17.7,4.09,0.168,Hanumakonda,TS
2017-11-27,0.0,29.4,16.7,4.25,0.166,Hanumakonda,TS
2017-11-28,0.0,29.3,16.7,4.06,0.165,Hanumakonda,TS
2017-11-29,0.0,28.3,17.8,3.57,0.164,Hanumakonda,TS
2017-11-30,0.0,29.0,16.8,4.04,0.164,Hanumakonda,TS
2017-12-01,0.0,28.7,17.8,3.83,0.163,Hanumakonda,TS
2017-12-02,0.0,28.5,17.9,3.77,0.163,Hanumakonda,TS
2017-12-03,0.0,27.4,16.8,3.67,0.166,Hanumakonda,TS
2017-12-04,0.0,28.2,17.3,3.66,0.166,Hanumakonda,TS
2017-12-05,0.0,28.3,18.3,3.7,0.165,Hanumakonda,TS
2017-12-06,0.0,28.7,18.8,3.77,0.165,Hanumakonda,TS
2017-12-07,0.0,29.9,18.1,3.87,0.163,Hanumakonda,TS
2017-12-08,0.0,29.9,18.4,4.43,0.162,Hanumakonda,TS
2017-12-09,0.0,29.8,18.9,4.43,0.159,Hanumakonda,TS
2017-12-10,0.0,28.5,17.4,4.27,0.157,Hanumakonda,TS
2017-12-11,0.0,28.6,14.7,3.98,0.153,Hanumakonda,TS
2017-12-12,0.0,29.7,15.7,3.7,0.151,Hanumakonda,TS
2017-12-13,0.0,30.1,16.7,3.79,0.153,Hanumakonda,TS
2017-12-14,0.0,30.2,19.4,3.62,0.156,Hanumakonda,TS
2017-12-15,0.0,29.2,19.7,3.33,0.158,Hanumakonda,TS
2017-12-16,0.0,29.6,17.7,3.62,0.16,Hanumakonda,TS
2017-12-17,0.0,29.2,18.4,3.96,0.162,Hanumakonda,TS
2017-12-18,0.0,28.1,16.7,4.02,0.161,Hanumakonda,TS
2017-12-19,0.0,27.5,15.1,4.07,0.16,Hanumakonda,TS
2017-12-20,0.0,28.0,13.9,3.86,0.159,Hanumakonda,TS
2017-12-21,0.0,28.1,14.0,3.85,0.157,Hanumakonda,TS
2017-12-22,0.0,28.2,14.5,3.83,0.156,Hanumakonda,TS
2017-12-23,0.0,28.1,16.2,3.65,0.156,Hanumakonda,TS
2017-12-24,0.0,28.7,16.1,3.55,0.156,Hanumakonda,TS
2017-12-25,0.0,29.0,17.0,3.74,0.155,Hanumakonda,TS
2017-12-26,0.0,28.0,16.4,4.06,0.154,Hanumakonda,TS
2017-12-27,0.0,27.7,13.8,3.92,0.154,Hanumakonda,TS
2017-12-28,0.0,28.0,13.7,3.75,0.154,Hanumakonda,TS
2017-12-29,0.0,27.4,14.4,3.61,0.151,Hanumakonda,TS
2017-12-30,0.0,27.7,15.3,3.76,0.146,Hanumakonda,TS
2017-12-31,0.0,28.1,14.4,3.78,0.146,Hanumakonda,TS
2018-01-01,0.0,28.9,15.8,3.99,0.146,Hanumakonda,TS
2018-01-02,0.0,28.7,16.7,3.93,0.15,Hanumakonda,TS
2018-01-03,0.0,28.2,15.7,4.02,0.152,Hanumakonda,TS
2018-01-04,0.0,27.7,15.3,4.15,0.151,Hanumakonda,TS
2018-01-05,0.0,27.6,14.9,4.18,0.15,Hanumakonda,TS
2018-01-06,0.0,27.6,14.6,4.1,0.15,Hanumakonda,TS
2018-01-07,0.0,27.9,14.3,4.12,0.153,Hanumakonda,TS
2018-01-08,0.0,27.3,14.4,4.02,0.153,Hanumakonda,TS
2018-01-09,0.0,27.2,14.8,3.66,0.153,Hanumakonda,TS
2018-01-10,0.0,28.3,16.4,3.88,0.155,Hanumakonda,TS
2018-01-11,0.0,29.7,16.6,4.06,0.152,Hanumakonda,TS
2018-01-12,0.0,30.2,17.3,4.19,0.15,Hanumakonda,TS
2018-01-13,0.0,30.4,17.8,4.48,0.148,Hanumakonda,TS
2018-01-14,0.0,30.3,17.6,3.88,0.147,Hanumakonda,TS
2018-01-15,0.0,30.9,20.4,4.02,0.147,Hanumakonda,TS
2018-01-16,0.0,29.9,18.9,4.45,0.145,Hanumakonda,TS
2018-01-17,0.0,30.1,16.1,4.42,0.146,Hanumakonda,TS
2018-01-18,0.0,28.9,16.1,4.13,0.147,Hanumakonda,TS
2018-01-19,0.0,28.8,15.0,4.21,0.146,Hanumakonda,TS
2018-01-20,0.0,28.6,14.4,4.15,0.144,Hanumakonda,TS
2018-01-21,0.0,28.4,14.7,3.97,0.142,Hanumakonda,TS
2018-01-22,0.0,27.7,16.2,4.08,0.141,Hanumakonda,TS
2018-01-23,0.0,28.6,16.7,4.08,0.142,Hanumakonda,TS
2018-01-24,0.0,30.2,17.9,4.11,0.141,Hanumakonda,TS
2018-01-25,0.0,28.8,17.7,4.47,0.142,Hanumakonda,TS
2018-01-26,0.0,28.8,15.0,4.5,0.142,Hanumakonda,TS
2018-01-27,0.0,28.8,14.2,4.35,0.142,Hanumakonda,TS
2018-01-28,0.0,28.7,15.1,4.14,0.141,Hanumakonda,TS
2018-01-29,0.1,28.7,17.1,4.14,0.142,Hanumakonda,TS
2018-01-30,0.0,29.2,14.4,4.73,0.14,Hanumakonda,TS
2018-01-31,0.0,30.2,15.0,5.0,0.138,Hanumakonda,TS
2018-02-01,0.0,30.6,15.4,5.28,0.136,Hanumakonda,TS
2018-02-02,0.0,30.9,15.1,4.92,0.133,Hanumakonda,TS
2018-02-03,0.0,30.6,16.6,5.3,0.133,Hanumakonda,TS
2018-02-04,0.0,30.5,17.3,5.33,0.132,Hanumakonda,TS
2018-02-05,0.0,30.0,17.0,4.54,0.132,Hanumakonda,TS
2018-02-06,0.0,29.9,16.8,4.43,0.132,Hanumakonda,TS
2018-02-07,0.0,30.1,17.8,3.19,0.132,Hanumakonda,TS
2018-02-08,0.0,31.5,19.8,4.49,0.135,Hanumakonda,TS
2018-02-09,0.0,32.7,20.9,4.21,0.137,Hanumakonda,TS
2018-02-10,0.0,30.9,21.0,3.58,0.14,Hanumakonda,TS
2018-02-11,0.0,30.3,21.2,4.52,0.145,Hanumakonda,TS
2018-02-12,0.0,30.7,19.8,4.95,0.145,Hanumakonda,TS
2018-02-13,0.0,30.8,19.1,4.84,0.142,Hanumakonda,TS
2018-02-14,0.0,30.6,19.2,4.7,0.138,Hanumakonda,TS
2018-02-15,0.0,30.5,20.1,4.87,0.136,Hanumakonda,TS
2018-02-16,0.0,30.8,18.2,5.2,0.133,Hanumakonda,TS
2018-02-17,0.0,31.5,17.3,5.31,0.129,Hanumakonda,TS
2018-02-18,0.0,32.3,17.8,4.9,0.126,Hanumakonda,TS
2018-02-19,0.0,32.3,19.5,5.08,0.125,Hanumakonda,TS
2018-02-20,0.0,32.1,19.8,4.66,0.126,Hanumakonda,TS
2018-02-21,0.0,32.6,19.4,5.1,0.128,Hanumakonda,TS
2018-02-22,0.0,32.7,20.5,5.22,0.131,Hanumakonda,TS
2018-02-23,0.0,33.0,20.1,5.52,0.131,Hanumakonda,TS
2018-02-24,0.0,32.6,20.2,5.76,0.131,Hanumakonda,TS
2018-02-25,0.0,33.6,19.3,5.46,0.129,Hanumakonda,TS
2018-02-26,0.0,34.4,19.2,5.8,0.129,Hanumakonda,TS
2018-02-27,0.0,34.5,19.9,5.79,0.133,Hanumakonda,TS
2018-02-28,0.0,35.1,20.0,5.91,0.134,Hanumakonda,TS
2018-03-01,0.0,35.2,20.3,6.08,0.13,Hanumakonda,TS
2018-03-02,0.0,35.7,20.4,6.14,0.133,Hanumakonda,TS
2018-03-03,0.0,36.3,21.7,6.35,0.135,Hanumakonda,TS
2018-03-04,0.0,36.1,22.2,7.15,0.136,Hanumakonda,TS
2018-03-05,0.0,35.7,22.1,7.26,0.134,Hanumakonda,TS
2018-03-06,0.0,35.0,21.5,6.5,0.13,Hanumakonda,TS
2018-03-07,0.0,35.3,21.7,6.64,0.128,Hanumakonda,TS
2018-03-08,0.0,34.8,21.5,6.59,0.133,Hanumakonda,TS
2018-03-09,0.0,35.1,21.4,5.89,0.131,Hanumakonda,TS
2018-03-10,0.0,34.4,21.5,5.2,0.129,Hanumakonda,TS
2018-03-11,0.0,34.6,22.7,5.82,0.129,Hanumakonda,TS
2018-03-12,0.0,34.8,22.9,5.99,0.135,Hanumakonda,TS
2018-03-13,0.0,35.6,22.2,6.01,0.133,Hanumakonda,TS
2018-03-14,0.0,35.9,21.4,7.03,0.132,Hanumakonda,TS
2018-03-15,0.0,35.1,24.8,5.86,0.13,Hanumakonda,TS
2018-03-16,1.6,28.7,21.9,3.27,0.143,Hanumakonda,TS
2018-03-17,1.6,30.7,21.4,3.78,0.177,Hanumakonda,TS
2018-03-18,0.0,32.9,21.5,4.97,0.172,Hanumakonda,TS
2018-03-19,0.0,34.2,21.6,5.41,0.163,Hanumakonda,TS
2018-03-20,0.0,35.6,22.9,6.17,0.154,Hanumakonda,TS
2018-03-21,0.0,35.6,23.7,5.52,0.145,Hanumakonda,TS
2018-03-22,0.0,36.2,23.9,6.04,0.136,Hanumakonda,TS
2018-03-23,0.0,36.6,23.4,6.44,0.133,Hanumakonda,TS
2018-03-24,0.0,37.5,22.1,6.51,0.132,Hanumakonda,TS
2018-03-25,0.0,36.7,23.4,5.56,0.131,Hanumakonda,TS
2018-03-26,0.0,36.6,23.7,5.97,0.135,Hanumakonda,TS
2018-03-27,0.0,37.4,23.8,6.5,0.135,Hanumakonda,TS
2018-03-28,0.0,37.9,23.7,6.88,0.132,Hanumakonda,TS
2018-03-29,0.0,37.5,24.4,6.01,0.13,Hanumakonda,TS
2018-03-30,2.0,37.5,24.6,6.01,0.138,Hanumakonda,TS
2018-03-31,0.9,37.4,24.9,6.18,0.144,Hanumakonda,TS
2018-04-01,0.3,36.3,24.3,5.86,0.152,Hanumakonda,TS
2018-04-02,0.0,34.8,24.0,5.8,0.176,Hanumakonda,TS
2018-04-03,0.1,36.0,24.0,5.81,0.186,Hanumakonda,TS
2018-04-04,4.3,35.6,24.0,5.59,0.191,Hanumakonda,TS
2018-04-05,1.8,34.5,23.6,5.35,0.204,Hanumakonda,TS
2018-04-06,0.5,34.7,23.9,5.55,0.203,Hanumakonda,TS
2018-04-07,4.0,33.7,24.3,5.48,0.294,Hanumakonda,TS
2018-04-08,1.8,33.4,22.9,4.89,0.29,Hanumakonda,TS
2018-04-09,2.2,33.3,23.2,5.27,0.271,Hanumakonda,TS
2018-04-10,0.2,33.9,23.6,5.56,0.262,Hanumakonda,TS
2018-04-11,0.0,34.8,23.1,6.05,0.246,Hanumakonda,TS
2018-04-12,0.4,35.4,23.7,5.95,0.232,Hanumakonda,TS
2018-04-13,0.1,35.6,24.3,6.15,0.221,Hanumakonda,TS
2018-04-14,0.1,35.7,25.1,5.96,0.203,Hanumakonda,TS
2018-04-15,0.8,34.1,25.9,5.28,0.192,Hanumakonda,TS
2018-04-16,0.0,36.9,25.2,5.95,0.182,Hanumakonda,TS
2018-04-17,0.2,38.4,26.7,6.55,0.169,Hanumakonda,TS
2018-04-18,0.1,39.4,25.8,6.44,0.16,Hanumakonda,TS
2018-04-19,0.0,39.0,26.5,7.02,0.155,Hanumakonda,TS
2018-04-20,0.0,40.0,26.9,6.85,0.148,Hanumakonda,TS
2018-04-21,0.1,38.4,26.5,6.08,0.143,Hanumakonda,TS
2018-04-22,0.3,37.4,26.8,6.42,0.141,Hanumakonda,TS
2018-04-23,2.1,37.9,26.5,6.49,0.141,Hanumakonda,TS
2018-04-24,0.9,37.1,27.4,6.3,0.138,Hanumakonda,TS
2018-04-25,0.0,38.0,25.3,6.26,0.14,Hanumakonda,TS
2018-04-26,0.8,38.2,26.0,6.51,0.14,Hanumakonda,TS
2018-04-27,2.2,36.6,25.9,6.28,0.14,Hanumakonda,TS
2018-04-28,0.0,37.8,25.3,7.02,0.135,Hanumakonda,TS
2018-04-29,1.0,38.1,25.8,7.18,0.141,Hanumakonda,TS
2018-04-30,0.0,39.5,26.5,7.21,0.146,Hanumakonda,TS
2018-05-01,0.8,39.1,26.9,6.71,0.139,Hanumakonda,TS
2018-05-02,0.3,38.9,27.2,6.53,0.141,Hanumakonda,TS
2018-05-03,3.9,36.6,24.7,5.18,0.209,Hanumakonda,TS
2018-05-04,0.0,35.1,25.3,5.74,0.307,Hanumakonda,TS
2018-05-05,0.0,36.9,25.7,6.38,0.267,Hanumakonda,TS
2018-05-06,0.0,37.3,26.0,6.95,0.239,Hanumakonda,TS
2018-05-07,0.3,39.0,26.2,6.37,0.215,Hanumakonda,TS
2018-05-08,0.7,38.9,27.8,6.75,0.199,Hanumakonda,TS
2018-05-09,0.0,37.5,27.3,6.49,0.192,Hanumakonda,TS
2018-05-10,0.4,37.7,27.3,6.39,0.178,Hanumakonda,TS
2018-05-11,0.0,38.2,27.2,6.33,0.168,Hanumakonda,TS
2018-05-12,0.2,38.5,27.4,6.73,0.158,Hanumakonda,TS
2018-05-13,4.6,38.6,27.2,6.35,0.162,Hanumakonda,TS
2018-05-14,1.3,36.9,26.5,6.68,0.162,Hanumakonda,TS
2018-05-15,0.4,38.3,25.9,6.42,0.16,Hanumakonda,TS
2018-05-16,0.1,38.2,26.3,6.68,0.15,Hanumakonda,TS
2018-05-17,0.2,38.8,27.0,7.13,0.155,Hanumakonda,TS
2018-05-18,0.0,37.8,27.2,6.83,0.167,Hanumakonda,TS
2018-05-19,0.0,40.1,28.1,7.66,0.151,Hanumakonda,TS
2018-05-20,0.0,40.5,28.1,7.59,0.136,Hanumakonda,TS
2018-05-21,1.0,39.0,27.7,7.3,0.127,Hanumakonda,TS
2018-05-22,0.1,38.9,27.7,6.8,0.126,Hanumakonda,TS
2018-05-23,2.1,38.8,27.9,6.82,0.132,Hanumakonda,TS
2018-05-24,1.5,37.5,27.7,6.51,0.147,Hanumakonda,TS
2018-05-25,1.6,40.0,27.7,7.57,0.142,Hanumakonda,TS
2018-05-26,0.2,38.7,27.4,7.21,0.134,Hanumakonda,TS
2018-05-27,0.0,38.9,27.5,6.72,0.132,Hanumakonda,TS
2018-05-28,0.0,39.8,28.2,7.61,0.128,Hanumakonda,TS
2018-05-29,0.0,41.4,27.4,7.33,0.123,Hanumakonda,TS
2018-05-30,0.0,41.6,29.5,6.69,0.121,Hanumakonda,TS
2018-05-31,1.3,41.0,29.3,6.52,0.119,Hanumakonda,TS
2018-06-01,0.0,36.1,28.5,4.77,0.158,Hanumakonda,TS
2018-06-02,2.0,36.9,26.8,5.13,0.187,Hanumakonda,TS
2018-06-03,0.0,38.4,27.7,6.38,0.172,Hanumakonda,TS
2018-06-04,0.1,38.9,27.8,6.81,0.158,Hanumakonda,TS
2018-06-05,1.6,38.3,26.4,6.15,0.167,Hanumakonda,TS
2018-06-06,1.9,35.6,26.3,4.77,0.208,Hanumakonda,TS
2018-06-07,17.4,33.9,25.5,3.65,0.263,Hanumakonda,TS
2018-06-08,39.2,30.4,24.9,2.34,0.378,Hanumakonda,TS
2018-06-09,3.9,31.9,26.1,3.8,0.358,Hanumakonda,TS
2018-06-10,12.9,32.1,25.2,3.24,0.403,Hanumakonda,TS
2018-06-11,13.0,29.6,25.1,2.28,0.411,Hanumakonda,TS
2018-06-12,5.4,33.2,25.4,3.73,0.399,Hanumakonda,TS
2018-06-13,0.1,34.7,27.7,6.65,0.371,Hanumakonda,TS
2018-06-14,0.0,34.6,27.9,6.5,0.342,Hanumakonda,TS
2018-06-15,0.1,35.4,28.0,6.49,0.317,Hanumakonda,TS
2018-06-16,0.0,35.4,27.9,6.78,0.295,Hanumakonda,TS
2018-06-17,0.0,33.8,28.5,6.72,0.273,Hanumakonda,TS
2018-06-18,1.6,34.2,27.3,5.99,0.254,Hanumakonda,TS
2018-06-19,0.2,35.4,26.6,5.78,0.239,Hanumakonda,TS
2018-06-20,1.9,35.5,27.7,5.29,0.222,Hanumakonda,TS
2018-06-21,2.1,35.4,26.6,5.41,0.204,Hanumakonda,TS
2018-06-22,20.3,31.6,25.0,2.81,0.276,Hanumakonda,TS
2018-06-23,7.3,32.4,24.4,4.02,0.355,Hanumakonda,TS
2018-06-24,0.4,33.7,26.1,5.64,0.306,Hanumakonda,TS
2018-06-25,0.1,34.1,26.8,5.99,0.274,Hanumakonda,TS
2018-06-26,0.4,33.5,27.1,5.24,0.253,Hanumakonda,TS
2018-06-27,13.6,30.8,24.5,2.38,0.283,Hanumakonda,TS
2018-06-28,13.4,30.0,24.0,2.23,0.375,Hanumakonda,TS
2018-06-29,1.1,33.3,24.5,3.7,0.323,Hanumakonda,TS
2018-06-30,9.0,31.3,24.0,3.89,0.328,Hanumakonda,TS
2018-07-01,4.9,32.4,25.0,4.08,0.342,Hanumakonda,TS
2018-07-02,6.8,31.8,25.5,4.51,0.35,Hanumakonda,TS
2018-07-03,4.7,32.6,24.1,4.79,0.363,Hanumakonda,TS
2018-07-04,0.1,32.3,26.8,4.49,0.334,Hanumakonda,TS
2018-07-05,0.4,32.8,26.6,4.96,0.315,Hanumakonda,TS
2018-07-06,1.7,31.0,24.4,3.8,0.333,Hanumakonda,TS
2018-07-07,54.1,27.0,24.1,1.79,0.406,Hanumakonda,TS
2018-07-08,40.2,30.6,23.9,2.71,0.418,Hanumakonda,TS
2018-07-09,37.5,28.2,24.1,1.88,0.427,Hanumakonda,TS
2018-07-10,1.3,29.8,24.0,3.52,0.405,Hanumakonda,TS
2018-07-11,61.1,26.5,24.1,1.68,0.421,Hanumakonda,TS
2018-07-12,47.4,26.7,23.5,1.54,0.428,Hanumakonda,TS
2018-07-13,8.0,30.2,23.9,3.62,0.415,Hanumakonda,TS
2018-07-14,16.9,27.8,23.9,2.42,0.426,Hanumakonda,TS
2018-07-15,23.4,29.4,24.2,2.82,0.427,Hanumakonda,TS
2018-07-16,22.6,28.1,23.9,1.8,0.428,Hanumakonda,TS
2018-07-17,1.8,31.2,24.0,4.54,0.414,Hanumakonda,TS
2018-07-18,0.6,32.2,25.6,5.49,0.399,Hanumakonda,TS
2018-07-19,5.1,31.0,25.7,4.31,0.389,Hanumakonda,TS
2018-07-20,32.8,27.8,24.4,1.32,0.426,Hanumakonda,TS
2018-07-21,49.5,25.5,24.2,1.28,0.429,Hanumakonda,TS
2018-07-22,1.8,29.6,24.8,3.3,0.414,Hanumakonda,TS
2018-07-23,0.6,30.9,24.7,3.83,0.4,Hanumakonda,TS
2018-07-24,0.8,31.6,25.8,4.64,0.387,Hanumakonda,TS
2018-07-25,0.1,32.0,25.8,4.43,0.375,Hanumakonda,TS
2018-07-26,0.0,30.6,26.0,4.34,0.364,Hanumakonda,TS
2018-07-27,1.2,30.3,25.6,4.22,0.359,Hanumakonda,TS
2018-07-28,1.1,32.1,25.7,4.78,0.352,Hanumakonda,TS
2018-07-29,1.6,32.4,25.5,4.44,0.348,Hanumakonda,TS
2018-07-30,0.0,32.5,25.4,5.58,0.333,Hanumakonda,TS
2018-07-31,0.4,31.2,26.4,4.34,0.321,Hanumakonda,TS
2018-08-01,0.3,31.9,26.5,5.19,0.311,Hanumakonda,TS
2018-08-02,1.2,31.4,24.5,4.64,0.309,Hanumakonda,TS
2018-08-03,0.6,31.3,24.8,4.61,0.309,Hanumakonda,TS
2018-08-04,0.1,32.2,26.5,5.57,0.298,Hanumakonda,TS
2018-08-05,0.4,32.2,26.1,5.82,0.286,Hanumakonda,TS
2018-08-06,0.0,30.5,26.1,4.81,0.277,Hanumakonda,TS
2018-08-07,4.4,29.0,24.2,3.1,0.283,Hanumakonda,TS
2018-08-08,16.8,27.6,23.3,1.66,0.366,Hanumakonda,TS
2018-08-09,0.7,30.1,24.5,2.91,0.34,Hanumakonda,TS
2018-08-10,2.5,31.0,25.5,4.3,0.321,Hanumakonda,TS
2018-08-11,55.6,25.7,24.0,1.17,0.407,Hanumakonda,TS
2018-08-12,56.2,26.2,23.6,1.58,0.429,Hanumakonda,TS
2018-08-13,14.0,28.2,23.5,1.91,0.424,Hanumakonda,TS
2018-08-14,10.6,28.0,23.6,2.45,0.421,Hanumakonda,TS
2018-08-15,21.3,27.2,24.7,2.08,0.418,Hanumakonda,TS
2018-08-16,42.2,28.4,24.1,3.21,0.427,Hanumakonda,TS
2018-08-17,0.5,29.1,24.3,3.05,0.414,Hanumakonda,TS
2018-08-18,7.3,30.4,24.8,3.75,0.408,Hanumakonda,TS
2018-08-19,20.8,27.6,23.8,2.15,0.428,Hanumakonda,TS
2018-08-20,69.8,24.9,23.7,1.32,0.43,Hanumakonda,TS
2018-08-21,5.4,30.0,23.2,4.34,0.418,Hanumakonda,TS
2018-08-22,0.6,31.5,24.8,5.19,0.398,Hanumakonda,TS
2018-08-23,0.5,30.8,25.6,4.78,0.384,Hanumakonda,TS
2018-08-24,1.5,29.7,25.4,3.61,0.386,Hanumakonda,TS
2018-08-25,0.0,30.5,25.6,4.5,0.378,Hanumakonda,TS
2018-08-26,11.4,28.6,23.8,2.83,0.384,Hanumakonda,TS
2018-08-27,12.3,28.5,23.6,2.36,0.421,Hanumakonda,TS
2018-08-28,0.7,29.7,24.1,3.72,0.4,Hanumakonda,TS
2018-08-29,3.4,31.2,24.4,4.41,0.391,Hanumakonda,TS
2018-08-30,1.1,31.0,24.1,4.75,0.38,Hanumakonda,TS
2018-08-31,0.1,30.6,24.7,4.27,0.366,Hanumakonda,TS
2018-09-01,0.1,29.9,25.1,3.54,0.358,Hanumakonda,TS
2018-09-02,0.1,30.7,24.8,4.21,0.349,Hanumakonda,TS
2018-09-03,0.0,31.5,25.1,4.71,0.338,Hanumakonda,TS
2018-09-04,1.7,30.5,24.9,4.92,0.334,Hanumakonda,TS
2018-09-05,0.6,30.7,24.4,4.14,0.334,Hanumakonda,TS
2018-09-06,2.1,29.1,24.3,3.38,0.328,Hanumakonda,TS
2018-09-07,0.0,27.4,23.7,2.49,0.315,Hanumakonda,TS
2018-09-08,0.3,31.5,22.4,4.96,0.309,Hanumakonda,TS
2018-09-09,0.0,31.4,21.6,4.47,0.297,Hanumakonda,TS
2018-09-10,0.7,31.0,23.5,4.24,0.291,Hanumakonda,TS
2018-09-11,1.4,32.0,23.4,4.48,0.283,Hanumakonda,TS
2018-09-12,5.5,31.7,23.9,4.01,0.288,Hanumakonda,TS
2018-09-13,0.7,30.4,24.1,3.63,0.282,Hanumakonda,TS
2018-09-14,1.1,31.9,24.0,4.08,0.272,Hanumakonda,TS
2018-09-15,0.1,31.6,24.0,4.58,0.262,Hanumakonda,TS
2018-09-16,0.0,31.9,24.7,4.75,0.251,Hanumakonda,TS
2018-09-17,1.5,31.2,24.9,3.64,0.246,Hanumakonda,TS
2018-09-18,0.0,31.6,24.7,4.44,0.243,Hanumakonda,TS
2018-09-19,8.5,29.9,25.0,3.44,0.29,Hanumakonda,TS
2018-09-20,0.1,30.3,25.1,2.97,0.319,Hanumakonda,TS
2018-09-21,61.0,25.9,22.7,1.29,0.401,Hanumakonda,TS
2018-09-22,2.6,30.6,21.9,4.28,0.395,Hanumakonda,TS
2018-09-23,0.5,31.0,23.8,4.16,0.37,Hanumakonda,TS
2018-09-24,1.8,31.4,23.9,4.29,0.358,Hanumakonda,TS
2018-09-25,4.6,31.7,24.0,4.32,0.378,Hanumakonda,TS
2018-09-26,1.5,30.8,23.9,3.39,0.375,Hanumakonda,TS
2018-09-27,3.0,30.7,23.5,3.59,0.371,Hanumakonda,TS
2018-09-28,15.6,30.3,23.7,3.15,0.382,Hanumakonda,TS
2018-09-29,3.8,30.3,23.7,3.71,0.371,Hanumakonda,TS
2018-09-30,0.5,32.0,23.8,4.25,0.35,Hanumakonda,TS
2018-10-01,2.9,31.8,24.3,4.09,0.348,Hanumakonda,TS
2018-10-02,0.5,31.9,24.1,4.08,0.351,Hanumakonda,TS
2018-10-03,0.5,31.7,24.1,4.29,0.336,Hanumakonda,TS
2018-10-04,0.8,31.2,23.9,3.95,0.322,Hanumakonda,TS
2018-10-05,0.1,31.2,22.7,4.44,0.31,Hanumakonda,TS
2018-10-06,0.2,31.2,22.1,4.6,0.297,Hanumakonda,TS
2018-10-07,0.3,31.6,23.1,4.43,0.287,Hanumakonda,TS
2018-10-08,0.0,32.0,23.1,4.82,0.278,Hanumakonda,TS
2018-10-09,0.0,32.0,22.1,5.16,0.27,Hanumakonda,TS
2018-10-10,0.0,32.7,22.4,6.21,0.262,Hanumakonda,TS
2018-10-11,0.0,31.4,23.5,5.34,0.255,Hanumakonda,TS
2018-10-12,0.2,30.3,23.4,4.18,0.252,Hanumakonda,TS
2018-10-13,0.5,30.7,23.5,3.89,0.248,Hanumakonda,TS
2018-10-14,1.3,30.4,23.2,3.88,0.239,Hanumakonda,TS
2018-10-15,1.1,30.6,24.0,3.33,0.232,Hanumakonda,TS
2018-10-16,4.1,30.7,23.3,3.65,0.237,Hanumakonda,TS
2018-10-17,0.5,30.2,23.8,3.66,0.241,Hanumakonda,TS
2018-10-18,0.0,30.7,22.9,3.56,0.235,Hanumakonda,TS
2018-10-19,0.0,31.6,21.9,4.28,0.23,Hanumakonda,TS
2018-10-20,0.0,31.7,21.5,4.38,0.222,Hanumakonda,TS
2018-10-21,0.0,31.8,22.3,4.16,0.214,Hanumakonda,TS
2018-10-22,0.0,32.9,22.3,4.39,0.208,Hanumakonda,TS
2018-10-23,0.0,33.2,22.7,4.64,0.206,Hanumakonda,TS
2018-10-24,0.0,30.8,23.3,3.36,0.207,Hanumakonda,TS
2018-10-25,0.0,31.7,21.4,4.45,0.206,Hanumakonda,TS
2018-10-26,0.0,31.9,20.3,4.81,0.201,Hanumakonda,TS
2018-10-27,0.0,31.7,18.6,5.07,0.196,Hanumakonda,TS
2018-10-28,0.0,31.1,18.7,5.24,0.189,Hanumakonda,TS
2018-10-29,0.0,30.2,17.8,5.2,0.186,Hanumakonda,TS
2018-10-30,0.0,30.3,19.6,4.97,0.182,Hanumakonda,TS
2018-10-31,0.0,30.6,19.4,4.75,0.178,Hanumakonda,TS
2018-11-01,0.0,30.1,20.5,3.59,0.175,Hanumakonda,TS
2018-11-02,0.3,30.8,22.2,3.68,0.176,Hanumakonda,TS
2018-11-03,0.1,31.0,22.4,4.03,0.181,Hanumakonda,TS
2018-11-04,0.1,31.6,23.0,4.1,0.175,Hanumakonda,TS
2018-11-05,0.1,31.2,23.0,3.64,0.172,Hanumakonda,TS
2018-11-06,0.0,31.8,22.0,3.92,0.167,Hanumakonda,TS
2018-11-07,0.1,31.6,22.5,3.97,0.166,Hanumakonda,TS
2018-11-08,0.4,31.3,22.7,3.84,0.164,Hanumakonda,TS
2018-11-09,0.0,31.9,21.7,4.31,0.164,Hanumakonda,TS
2018-11-10,0.0,31.3,19.7,4.58,0.165,Hanumakonda,TS
2018-11-11,0.0,30.7,18.3,4.89,0.167,Hanumakonda,TS
2018-11-12,0.0,30.3,16.6,4.96,0.166,Hanumakonda,TS
2018-11-13,0.0,29.9,17.3,4.7,0.167,Hanumakonda,TS
2018-11-14,0.0,30.8,17.0,4.54,0.166,Hanumakonda,TS
2018-11-15,0.0,31.3,17.9,4.69,0.164,Hanumakonda,TS
2018-11-16,0.0,31.9,19.3,4.09,0.159,Hanumakonda,TS
2018-11-17,0.2,30.7,23.6,3.33,0.158,Hanumakonda,TS
2018-11-18,0.3,31.5,23.1,3.68,0.157,Hanumakonda,TS
2018-11-19,0.0,31.6,22.6,3.78,0.156,Hanumakonda,TS
2018-11-20,0.2,31.2,22.7,3.76,0.157,Hanumakonda,TS
2018-11-21,0.0,31.0,21.1,4.42,0.158,Hanumakonda,TS
2018-11-22,0.0,30.3,20.4,4.06,0.158,Hanumakonda,TS
2018-11-23,0.0,30.0,20.4,3.72,0.155,Hanumakonda,TS
2018-11-24,0.0,30.2,19.0,4.23,0.154,Hanumakonda,TS
2018-11-25,0.0,29.4,17.3,4.44,0.15,Hanumakonda,TS
2018-11-26,0.0,29.0,15.8,4.32,0.148,Hanumakonda,TS
2018-11-27,0.0,28.9,15.7,3.89,0.147,Hanumakonda,TS
2018-11-28,0.0,29.0,16.0,4.05,0.144,Hanumakonda,TS
2018-11-29,0.0,29.0,17.5,3.91,0.143,Hanumakonda,TS
2018-11-30,0.0,28.7,16.6,4.08,0.143,Hanumakonda,TS
2018-12-01,0.0,28.8,17.6,3.92,0.144,Hanumakonda,TS
2018-12-02,0.0,28.1,17.0,3.35,0.146,Hanumakonda,TS
2018-12-03,0.0,28.5,18.3,3.52,0.146,Hanumakonda,TS
2018-12-04,0.0,29.2,17.9,3.15,0.148,Hanumakonda,TS
2018-12-05,0.2,29.6,21.6,3.12,0.15,Hanumakonda,TS
2018-12-06,0.5,28.7,21.2,2.91,0.15,Hanumakonda,TS
2018-12-07,0.0,30.4,20.9,3.28,0.147,Hanumakonda,TS
2018-12-08,0.2,29.4,21.7,2.92,0.148,Hanumakonda,TS
2018-12-09,0.0,29.5,21.6,3.21,0.15,Hanumakonda,TS
2018-12-10,2.2,26.8,21.7,2.56,0.153,Hanumakonda,TS
2018-12-11,0.5,28.4,21.0,2.95,0.154,Hanumakonda,TS
2018-12-12,0.7,29.5,20.5,2.92,0.158,Hanumakonda,TS
2018-12-13,1.0,27.9,20.4,2.92,0.16,Hanumakonda,TS
2018-12-14,0.0,26.2,19.8,2.01,0.165,Hanumakonda,TS
2018-12-15,0.0,28.1,19.2,4.15,0.166,Hanumakonda,TS
2018-12-16,1.5,23.6,18.2,2.79,0.167,Hanumakonda,TS
2018-12-17,15.1,18.3,16.2,1.18,0.281,Hanumakonda,TS
2018-12-18,0.0,22.6,16.2,2.3,0.35,Hanumakonda,TS
2018-12-19,0.0,24.0,14.2,2.8,0.325,Hanumakonda,TS
2018-12-20,0.0,25.2,16.2,2.74,0.31,Hanumakonda,TS
2018-12-21,0.0,25.9,16.7,3.41,0.299,Hanumakonda,TS
2018-12-22,0.0,26.4,16.0,3.42,0.288,Hanumakonda,TS
2018-12-23,0.0,26.7,16.1,3.33,0.278,Hanumakonda,TS
2018-12-24,0.0,26.9,16.1,3.54,0.268,Hanumakonda,TS
2018-12-25,0.0,27.8,15.0,3.65,0.259,Hanumakonda,TS
2018-12-26,0.0,28.0,17.6,3.32,0.251,Hanumakonda,TS
2018-12-27,0.3,26.4,18.4,2.44,0.246,Hanumakonda,TS
2018-12-28,0.0,24.3,15.0,3.8,0.24,Hanumakonda,TS
2018-12-29,0.0,24.2,13.1,3.62,0.232,Hanumakonda,TS
2018-12-30,0.0,24.6,11.7,3.59,0.226,Hanumakonda,TS
2018-12-31,0.0,24.6,11.5,3.71,0.219,Hanumakonda,TS
2019-01-01,0.0,26.2,12.0,3.84,0.212,Hanumakonda,TS
2019-01-02,0.0,27.3,14.5,3.63,0.207,Hanumakonda,TS
2019-01-03,0.0,28.4,14.1,3.72,0.201,Hanumakonda,TS
2019-01-04,0.0,27.9,13.5,3.73,0.197,Hanumakonda,TS
2019-01-05,0.0,27.1,16.4,3.52,0.193,Hanumakonda,TS
2019-01-06,0.0,27.4,16.5,3.6,0.189,Hanumakonda,TS
2019-01-07,0.0,28.3,16.3,3.72,0.186,Hanumakonda,TS
2019-01-08,0.0,25.7,15.5,3.96,0.185,Hanumakonda,TS
2019-01-09,0.0,26.7,12.5,4.12,0.182,Hanumakonda,TS
2019-01-10,0.0,27.3,12.2,3.85,0.179,Hanumakonda,TS
2019-01-11,0.0,27.6,13.4,3.27,0.177,Hanumakonda,TS
2019-01-12,0.0,28.2,16.4,3.77,0.175,Hanumakonda,TS
2019-01-13,0.0,27.9,17.1,3.83,0.173,Hanumakonda,TS
2019-01-14,0.0,28.8,16.8,3.83,0.172,Hanumakonda,TS
2019-01-15,0.0,27.8,15.5,3.87,0.17,Hanumakonda,TS
2019-01-16,0.0,28.1,14.1,4.14,0.168,Hanumakonda,TS
2019-01-17,0.0,28.6,13.5,4.03,0.166,Hanumakonda,TS
2019-01-18,0.0,29.1,15.4,3.93,0.164,Hanumakonda,TS
2019-01-19,0.0,28.7,15.5,3.91,0.162,Hanumakonda,TS
2019-01-20,0.0,29.3,15.6,4.01,0.159,Hanumakonda,TS
2019-01-21,0.0,29.1,14.9,4.24,0.156,Hanumakonda,TS
2019-01-22,0.0,28.4,16.7,4.37,0.153,Hanumakonda,TS
2019-01-23,0.0,28.2,17.6,3.77,0.153,Hanumakonda,TS
2019-01-24,0.0,29.1,18.6,4.06,0.151,Hanumakonda,TS
2019-01-25,0.6,27.7,19.6,3.0,0.153,Hanumakonda,TS
2019-01-26,12.7,26.9,19.2,2.35,0.184,Hanumakonda,TS
2019-01-27,8.0,23.5,18.5,1.7,0.305,Hanumakonda,TS
2019-01-28,4.0,24.2,17.6,2.78,0.342,Hanumakonda,TS
2019-01-29,0.0,23.7,13.7,4.11,0.305,Hanumakonda,TS
2019-01-30,0.0,24.6,11.6,3.99,0.279,Hanumakonda,TS
2019-01-31,0.0,26.6,12.3,3.59,0.26,Hanumakonda,TS
2019-02-01,0.0,27.6,16.4,3.77,0.247,Hanumakonda,TS
2019-02-02,0.0,28.1,15.4,3.93,0.234,Hanumakonda,TS
2019-02-03,0.0,28.4,16.7,3.86,0.223,Hanumakonda,TS
2019-02-04,0.0,29.4,17.2,4.13,0.213,Hanumakonda,TS
2019-02-05,0.0,29.9,18.3,4.3,0.203,Hanumakonda,TS
2019-02-06,0.0,30.3,16.6,4.51,0.192,Hanumakonda,TS
2019-02-07,0.0,30.3,19.4,4.93,0.186,Hanumakonda,TS
2019-02-08,1.5,27.6,19.0,2.6,0.186,Hanumakonda,TS
2019-02-09,0.0,26.9,17.7,4.81,0.185,Hanumakonda,TS
2019-02-10,0.0,28.0,14.3,4.81,0.179,Hanumakonda,TS
2019-02-11,0.0,30.1,16.6,4.02,0.174,Hanumakonda,TS
2019-02-12,0.0,30.4,19.9,3.92,0.172,Hanumakonda,TS
2019-02-13,0.0,31.1,18.7,4.45,0.17,Hanumakonda,TS
2019-02-14,0.0,31.8,18.9,5.05,0.167,Hanumakonda,TS
2019-02-15,0.0,31.8,19.9,5.17,0.164,Hanumakonda,TS
2019-02-16,0.3,30.8,20.7,4.62,0.162,Hanumakonda,TS
2019-02-17,0.2,31.9,21.6,4.11,0.162,Hanumakonda,TS
2019-02-18,0.0,32.0,20.4,4.47,0.157,Hanumakonda,TS
2019-02-19,0.0,33.5,20.5,4.84,0.152,Hanumakonda,TS
2019-02-20,0.0,33.0,22.2,5.0,0.149,Hanumakonda,TS
2019-02-21,0.0,33.3,21.6,5.1,0.146,Hanumakonda,TS
2019-02-22,0.0,35.1,22.3,5.16,0.145,Hanumakonda,TS
2019-02-23,0.0,35.3,22.6,5.24,0.142,Hanumakonda,TS
2019-02-24,0.0,36.1,23.0,6.44,0.136,Hanumakonda,TS
2019-02-25,0.0,35.4,22.7,6.43,0.137,Hanumakonda,TS
2019-02-26,0.0,33.3,20.8,4.9,0.14,Hanumakonda,TS
2019-02-27,2.1,30.9,22.0,3.42,0.144,Hanumakonda,TS
2019-02-28,1.8,30.5,21.3,4.4,0.169,Hanumakonda,TS
2019-03-01,0.8,30.8,19.2,3.86,0.178,Hanumakonda,TS
2019-03-02,0.5,30.9,22.9,4.53,0.172,Hanumakonda,TS
2019-03-03,0.0,32.8,22.5,5.02,0.165,Hanumakonda,TS
2019-03-04,0.0,34.6,22.9,5.6,0.16,Hanumakonda,TS
2019-03-05,0.0,34.2,23.0,5.5,0.158,Hanumakonda,TS
2019-03-06,0.0,33.0,20.8,5.8,0.153,Hanumakonda,TS
2019-03-07,0.0,33.4,19.6,5.54,0.149,Hanumakonda,TS
2019-03-08,0.0,34.4,20.7,5.56,0.146,Hanumakonda,TS
2019-03-09,0.0,33.6,22.0,5.13,0.143,Hanumakonda,TS
2019-03-10,0.0,35.0,22.9,5.48,0.14,Hanumakonda,TS
2019-03-11,0.0,34.7,22.9,5.8,0.138,Hanumakonda,TS
2019-03-12,0.0,34.4,23.9,5.32,0.134,Hanumakonda,TS
2019-03-13,0.0,35.6,23.9,6.67,0.13,Hanumakonda,TS
2019-03-14,0.0,36.0,22.9,6.9,0.128,Hanumakonda,TS
2019-03-15,0.0,36.2,23.7,7.26,0.129,Hanumakonda,TS
2019-03-16,0.0,35.8,23.1,7.52,0.126,Hanumakonda,TS
2019-03-17,0.0,35.2,22.0,6.37,0.125,Hanumakonda,TS
2019-03-18,0.0,33.5,21.4,6.63,0.124,Hanumakonda,TS
2019-03-19,0.0,34.7,22.0,5.97,0.124,Hanumakonda,TS
2019-03-20,0.0,34.1,23.3,6.04,0.125,Hanumakonda,TS
2019-03-21,0.0,34.5,23.3,6.26,0.124,Hanumakonda,TS
2019-03-22,0.0,34.6,23.1,5.37,0.124,Hanumakonda,TS
2019-03-23,0.0,35.7,24.2,5.32,0.125,Hanumakonda,TS
2019-03-24,0.0,36.7,24.4,5.78,0.124,Hanumakonda,TS
2019-03-25,0.0,36.8,24.0,6.01,0.124,Hanumakonda,TS
2019-03-26,0.0,36.7,24.1,6.43,0.127,Hanumakonda,TS
2019-03-27,0.0,37.0,24.3,6.17,0.127,Hanumakonda,TS
2019-03-28,0.0,37.3,24.8,6.12,0.125,Hanumakonda,TS
2019-03-29,0.0,37.6,24.1,6.5,0.125,Hanumakonda,TS
2019-03-30,0.0,38.4,24.3,6.71,0.124,Hanumakonda,TS
2019-03-31,0.0,39.4,25.3,6.51,0.126,Hanumakonda,TS
2019-04-01,0.0,38.0,26.2,7.29,0.127,Hanumakonda,TS
2019-04-02,0.0,37.8,24.9,6.88,0.126,Hanumakonda,TS
2019-04-03,0.0,37.1,24.0,6.26,0.121,Hanumakonda,TS
2019-04-04,0.5,36.6,24.0,6.52,0.119,Hanumakonda,TS
2019-04-05,0.2,36.8,24.1,5.99,0.117,Hanumakonda,TS
2019-04-06,0.0,38.8,24.9,6.71,0.116,Hanumakonda,TS
2019-04-07,0.0,38.4,25.1,7.29,0.12,Hanumakonda,TS
2019-04-08,0.1,36.6,24.6,6.7,0.124,Hanumakonda,TS
2019-04-09,0.0,36.0,24.8,6.17,0.127,Hanumakonda,TS
2019-04-10,0.0,36.6,25.1,5.8,0.127,Hanumakonda,TS
2019-04-11,0.0,38.5,24.9,6.4,0.124,Hanumakonda,TS
2019-04-12,0.0,38.8,25.9,6.58,0.124,Hanumakonda,TS
2019-04-13,0.0,38.3,25.3,6.57,0.125,Hanumakonda,TS
2019-04-14,0.0,38.6,25.7,6.79,0.126,Hanumakonda,TS
2019-04-15,0.0,38.9,25.8,7.43,0.126,Hanumakonda,TS
2019-04-16,0.0,37.7,24.5,7.12,0.12,Hanumakonda,TS
2019-04-17,0.0,36.7,24.4,6.22,0.117,Hanumakonda,TS
2019-04-18,0.0,36.6,25.8,5.63,0.115,Hanumakonda,TS
2019-04-19,0.3,36.6,26.1,6.02,0.118,Hanumakonda,TS
2019-04-20,0.0,37.0,26.3,6.21,0.119,Hanumakonda,TS
2019-04-21,1.3,37.0,26.1,5.89,0.122,Hanumakonda,TS
2019-04-22,0.3,37.3,25.9,5.73,0.121,Hanumakonda,TS
2019-04-23,0.0,37.6,25.6,6.31,0.123,Hanumakonda,TS
2019-04-24,0.0,38.6,25.8,6.51,0.122,Hanumakonda,TS
2019-04-25,0.0,39.5,26.5,6.93,0.122,Hanumakonda,TS
2019-04-26,0.0,40.2,26.7,7.21,0.119,Hanumakonda,TS
2019-04-27,0.0,40.2,27.4,6.79,0.117,Hanumakonda,TS
2019-04-28,0.0,40.1,27.7,7.2,0.116,Hanumakonda,TS
2019-04-29,0.0,39.4,27.1,7.17,0.115,Hanumakonda,TS
2019-04-30,0.0,40.2,27.7,7.01,0.116,Hanumakonda,TS
2019-05-01,0.0,39.9,27.8,6.64,0.116,Hanumakonda,TS
2019-05-02,0.0,41.4,28.8,8.02,0.118,Hanumakonda,TS
2019-05-03,0.0,38.9,27.3,6.34,0.119,Hanumakonda,TS
2019-05-04,0.0,40.5,29.9,9.48,0.118,Hanumakonda,TS
2019-05-05,0.0,39.6,30.2,8.61,0.116,Hanumakonda,TS
2019-05-06,0.0,40.5,29.6,7.6,0.114,Hanumakonda,TS
2019-05-07,0.0,40.4,27.7,6.67,0.112,Hanumakonda,TS
2019-05-08,0.0,40.8,28.3,6.96,0.11,Hanumakonda,TS
2019-05-09,0.0,41.1,27.2,8.4,0.111,Hanumakonda,TS
2019-05-10,0.0,41.2,27.9,7.61,0.112,Hanumakonda,TS
2019-05-11,0.3,39.1,29.4,6.41,0.116,Hanumakonda,TS
2019-05-12,0.2,39.1,28.5,6.34,0.124,Hanumakonda,TS
2019-05-13,0.0,39.0,28.2,6.74,0.124,Hanumakonda,TS
2019-05-14,0.0,39.5,28.0,6.53,0.119,Hanumakonda,TS
2019-05-15,0.0,39.5,28.2,7.1,0.113,Hanumakonda,TS
2019-05-16,0.0,39.4,28.2,6.71,0.115,Hanumakonda,TS
2019-05-17,0.0,39.2,28.3,6.38,0.118,Hanumakonda,TS
2019-05-18,0.0,40.8,28.6,7.33,0.12,Hanumakonda,TS
2019-05-19,0.0,39.7,28.0,6.32,0.124,Hanumakonda,TS
2019-05-20,0.0,39.5,28.5,7.18,0.124,Hanumakonda,TS
2019-05-21,0.0,39.9,27.9,7.48,0.123,Hanumakonda,TS
2019-05-22,0.0,40.2,28.2,7.49,0.124,Hanumakonda,TS
2019-05-23,0.0,40.0,28.6,7.58,0.122,Hanumakonda,TS
2019-05-24,0.0,41.1,28.0,7.05,0.127,Hanumakonda,TS
2019-05-25,0.0,40.9,29.5,6.73,0.134,Hanumakonda,TS
2019-05-26,0.0,41.7,29.4,7.06,0.129,Hanumakonda,TS
2019-05-27,0.0,42.6,30.6,8.11,0.129,Hanumakonda,TS
2019-05-28,0.0,41.7,29.7,7.41,0.129,Hanumakonda,TS
2019-05-29,0.0,41.0,29.8,7.59,0.13,Hanumakonda,TS
2019-05-30,0.0,40.8,28.7,6.99,0.137,Hanumakonda,TS
2019-05-31,0.0,39.6,28.9,6.84,0.139,Hanumakonda,TS
2019-06-01,2.0,39.2,28.5,5.87,0.149,Hanumakonda,TS
2019-06-02,0.0,39.7,30.1,6.57,0.143,Hanumakonda,TS
2019-06-03,0.2,41.0,30.4,6.88,0.139,Hanumakonda,TS
2019-06-04,0.0,38.7,27.7,6.73,0.143,Hanumakonda,TS
2019-06-05,0.0,40.8,29.4,7.18,0.141,Hanumakonda,TS
2019-06-06,0.0,40.7,29.8,7.53,0.134,Hanumakonda,TS
2019-06-07,0.0,40.4,28.7,6.47,0.134,Hanumakonda,TS
2019-06-08,0.0,38.8,28.3,6.7,0.138,Hanumakonda,TS
2019-06-09,0.3,39.6,30.1,6.32,0.138,Hanumakonda,TS
2019-06-10,0.0,39.9,30.3,7.77,0.13,Hanumakonda,TS
2019-06-11,0.0,39.4,28.6,7.69,0.125,Hanumakonda,TS
2019-06-12,0.0,39.2,30.3,8.16,0.115,Hanumakonda,TS
2019-06-13,0.0,38.7,29.5,8.16,0.106,Hanumakonda,TS
2019-06-14,0.0,38.5,29.4,7.55,0.101,Hanumakonda,TS
2019-06-15,0.0,39.1,31.1,8.77,0.101,Hanumakonda,TS
2019-06-16,0.0,39.2,31.9,8.54,0.103,Hanumakonda,TS
2019-06-17,0.0,37.9,30.0,6.41,0.104,Hanumakonda,TS
2019-06-18,0.0,38.0,29.4,6.07,0.105,Hanumakonda,TS
2019-06-19,0.0,39.6,31.0,7.91,0.102,Hanumakonda,TS
2019-06-20,9.2,36.9,27.3,5.86,0.11,Hanumakonda,TS
2019-06-21,3.6,32.8,26.0,2.84,0.178,Hanumakonda,TS
2019-06-22,3.7,31.6,25.4,2.93,0.19,Hanumakonda,TS
2019-06-23,1.9,34.6,26.1,3.76,0.208,Hanumakonda,TS
2019-06-24,2.8,34.3,25.3,5.13,0.247,Hanumakonda,TS
2019-06-25,1.5,33.9,25.8,5.09,0.23,Hanumakonda,TS
2019-06-26,2.3,36.3,26.5,5.52,0.217,Hanumakonda,TS
2019-06-27,0.4,35.6,27.8,5.44,0.205,Hanumakonda,TS
2019-06-28,7.2,34.3,27.2,4.89,0.19,Hanumakonda,TS
2019-06-29,10.1,28.8,25.4,2.25,0.291,Hanumakonda,TS
2019-06-30,45.9,29.2,24.3,2.19,0.349,Hanumakonda,TS
2019-07-01,9.8,30.1,24.0,2.91,0.361,Hanumakonda,TS
2019-07-02,6.9,31.6,25.1,3.43,0.336,Hanumakonda,TS
2019-07-03,2.4,30.9,24.0,4.19,0.331,Hanumakonda,TS
2019-07-04,0.2,33.7,26.3,5.54,0.291,Hanumakonda,TS
2019-07-05,1.2,32.3,27.2,4.12,0.269,Hanumakonda,TS
2019-07-06,1.4,30.7,24.8,3.44,0.301,Hanumakonda,TS
2019-07-07,0.5,32.9,26.6,5.38,0.292,Hanumakonda,TS
2019-07-08,0.9,34.3,26.7,6.21,0.271,Hanumakonda,TS
2019-07-09,2.9,32.3,25.1,3.49,0.267,Hanumakonda,TS
2019-07-10,0.7,33.1,26.4,4.7,0.244,Hanumakonda,TS
2019-07-11,0.5,32.0,26.4,4.61,0.237,Hanumakonda,TS
2019-07-12,0.4,33.0,25.0,5.1,0.265,Hanumakonda,TS
2019-07-13,0.0,33.6,26.8,5.04,0.251,Hanumakonda,TS
2019-07-14,1.5,32.1,25.5,3.12,0.257,Hanumakonda,TS
2019-07-15,0.4,34.2,26.0,5.63,0.249,Hanumakonda,TS
2019-07-16,0.1,35.2,26.8,5.9,0.233,Hanumakonda,TS
2019-07-17,0.0,35.5,28.1,6.4,0.214,Hanumakonda,TS
2019-07-18,2.8,35.6,27.3,5.06,0.206,Hanumakonda,TS
2019-07-19,12.7,31.8,25.3,3.2,0.35,Hanumakonda,TS
2019-07-20,7.4,31.2,25.1,3.0,0.396,Hanumakonda,TS
2019-07-21,1.5,32.6,25.2,5.05,0.376,Hanumakonda,TS
2019-07-22,3.1,32.6,24.8,4.96,0.353,Hanumakonda,TS
2019-07-23,1.1,33.4,25.4,4.96,0.332,Hanumakonda,TS
2019-07-24,0.7,34.1,26.0,5.43,0.315,Hanumakonda,TS
2019-07-25,9.0,31.7,25.9,3.89,0.307,Hanumakonda,TS
2019-07-26,30.4,26.2,24.6,1.26,0.413,Hanumakonda,TS
2019-07-27,17.3,28.8,24.0,2.37,0.414,Hanumakonda,TS
2019-07-28,40.0,27.2,23.8,1.52,0.427,Hanumakonda,TS
2019-07-29,21.0,26.1,24.0,1.64,0.425,Hanumakonda,TS
2019-07-30,9.0,29.1,23.4,3.17,0.412,Hanumakonda,TS
2019-07-31,3.4,30.9,23.8,4.26,0.394,Hanumakonda,TS
2019-08-01,3.7,29.0,24.7,2.57,0.382,Hanumakonda,TS
2019-08-02,66.9,24.9,23.9,1.35,0.429,Hanumakonda,TS
2019-08-03,40.3,27.0,23.5,2.37,0.428,Hanumakonda,TS
2019-08-04,19.9,30.2,23.5,3.09,0.422,Hanumakonda,TS
2019-08-05,4.4,31.3,24.8,4.75,0.403,Hanumakonda,TS
2019-08-06,49.5,28.0,24.2,1.96,0.424,Hanumakonda,TS
2019-08-07,43.2,26.2,24.1,1.51,0.429,Hanumakonda,TS
2019-08-08,6.0,29.9,23.7,3.33,0.422,Hanumakonda,TS
2019-08-09,0.8,31.9,25.8,4.78,0.405,Hanumakonda,TS
2019-08-10,1.0,32.2,25.2,4.82,0.389,Hanumakonda,TS
2019-08-11,0.7,31.6,25.8,5.42,0.374,Hanumakonda,TS
2019-08-12,0.5,31.8,26.1,4.42,0.357,Hanumakonda,TS
2019-08-13,5.2,29.6,25.3,2.38,0.361,Hanumakonda,TS
2019-08-14,2.5,31.2,24.5,3.56,0.372,Hanumakonda,TS
2019-08-15,3.1,31.7,24.3,4.4,0.376,Hanumakonda,TS
2019-08-16,2.4,31.8,25.2,4.64,0.345,Hanumakonda,TS
2019-08-17,1.4,31.5,25.5,3.6,0.347,Hanumakonda,TS
2019-08-18,7.7,29.4,25.3,2.79,0.366,Hanumakonda,TS
2019-08-19,1.6,31.2,24.9,4.33,0.358,Hanumakonda,TS
2019-08-20,8.9,29.8,25.7,3.74,0.353,Hanumakonda,TS
2019-08-21,8.9,28.5,25.1,2.53,0.371,Hanumakonda,TS
2019-08-22,2.9,29.8,24.8,3.09,0.36,Hanumakonda,TS
2019-08-23,27.4,25.8,24.1,1.31,0.41,Hanumakonda,TS
2019-08-24,0.9,30.6,24.3,3.9,0.404,Hanumakonda,TS
2019-08-25,0.8,30.5,24.9,3.73,0.384,Hanumakonda,TS
2019-08-26,1.1,31.3,24.0,3.97,0.372,Hanumakonda,TS
2019-08-27,0.0,32.5,24.4,5.9,0.353,Hanumakonda,TS
2019-08-28,0.3,32.4,25.7,5.64,0.337,Hanumakonda,TS
2019-08-29,1.8,32.9,25.5,4.54,0.335,Hanumakonda,TS
2019-08-30,13.2,31.5,25.3,3.63,0.363,Hanumakonda,TS
2019-08-31,11.8,30.0,24.7,2.84,0.403,Hanumakonda,TS
2019-09-01,8.6,29.3,24.2,3.04,0.417,Hanumakonda,TS
2019-09-02,22.4,26.0,24.0,1.66,0.426,Hanumakonda,TS
2019-09-03,14.7,27.3,24.2,1.78,0.426,Hanumakonda,TS
2019-09-04,11.0,29.8,24.2,3.07,0.422,Hanumakonda,TS
2019-09-05,3.4,30.8,24.6,3.65,0.409,Hanumakonda,TS
2019-09-06,12.0,28.1,24.5,1.91,0.418,Hanumakonda,TS
2019-09-07,10.8,29.0,24.2,2.36,0.418,Hanumakonda,TS
2019-09-08,2.7,30.4,24.7,2.87,0.407,Hanumakonda,TS
2019-09-09,1.0,31.4,25.4,4.72,0.395,Hanumakonda,TS
2019-09-10,0.0,32.0,25.2,4.62,0.376,Hanumakonda,TS
2019-09-11,0.4,31.6,25.5,4.27,0.376,Hanumakonda,TS
2019-09-12,2.5,30.6,24.9,3.75,0.383,Hanumakonda,TS
2019-09-13,0.8,31.2,24.7,4.21,0.364,Hanumakonda,TS
2019-09-14,5.6,31.5,24.4,4.38,0.35,Hanumakonda,TS
2019-09-15,7.8,31.0,24.5,3.93,0.373,Hanumakonda,TS
2019-09-16,7.6,30.6,24.7,3.58,0.384,Hanumakonda,TS
2019-09-17,18.0,29.9,24.5,3.3,0.4,Hanumakonda,TS
2019-09-18,17.1,30.2,23.9,2.83,0.415,Hanumakonda,TS
2019-09-19,17.3,29.1,24.2,3.06,0.423,Hanumakonda,TS
2019-09-20,15.6,30.2,23.2,3.46,0.422,Hanumakonda,TS
2019-09-21,6.1,30.8,23.7,3.57,0.418,Hanumakonda,TS
2019-09-22,16.2,30.8,23.8,3.07,0.419,Hanumakonda,TS
2019-09-23,9.1,31.0,23.9,3.34,0.413,Hanumakonda,TS
2019-09-24,21.5,28.7,23.6,2.22,0.425,Hanumakonda,TS
2019-09-25,10.3,27.8,23.3,2.59,0.419,Hanumakonda,TS
2019-09-26,3.8,28.4,23.8,2.79,0.408,Hanumakonda,TS
2019-09-27,4.5,30.2,23.3,3.41,0.412,Hanumakonda,TS
2019-09-28,0.9,30.3,24.2,3.68,0.399,Hanumakonda,TS
2019-09-29,2.2,30.9,24.2,4.43,0.376,Hanumakonda,TS
2019-09-30,0.4,30.6,23.9,4.35,0.357,Hanumakonda,TS
2019-10-01,9.2,30.9,23.7,3.39,0.368,Hanumakonda,TS
2019-10-02,7.8,31.0,24.1,3.05,0.383,Hanumakonda,TS
2019-10-03,14.5,29.6,24.0,2.83,0.362,Hanumakonda,TS
2019-10-04,9.5,30.6,24.1,3.33,0.361,Hanumakonda,TS
2019-10-05,1.1,30.8,22.9,4.01,0.341,Hanumakonda,TS
2019-10-06,8.3,30.1,23.6,3.28,0.354,Hanumakonda,TS
2019-10-07,3.0,31.2,22.8,3.82,0.352,Hanumakonda,TS
2019-10-08,7.5,29.7,23.6,2.98,0.357,Hanumakonda,TS
2019-10-09,2.6,29.7,23.4,3.38,0.358,Hanumakonda,TS
2019-10-10,5.7,29.8,23.1,3.37,0.361,Hanumakonda,TS
2019-10-11,2.3,27.9,23.0,2.43,0.37,Hanumakonda,TS
2019-10-12,11.2,29.3,22.5,3.28,0.377,Hanumakonda,TS
2019-10-13,2.9,30.6,23.0,3.63,0.373,Hanumakonda,TS
2019-10-14,2.8,30.7,23.5,3.56,0.358,Hanumakonda,TS
2019-10-15,3.9,30.1,23.9,3.35,0.346,Hanumakonda,TS
2019-10-16,10.9,29.1,23.2,2.47,0.348,Hanumakonda,TS
2019-10-17,3.8,29.1,23.0,2.64,0.346,Hanumakonda,TS
2019-10-18,7.8,30.0,22.6,3.39,0.362,Hanumakonda,TS
2019-10-19,4.9,29.3,22.1,3.16,0.39,Hanumakonda,TS
2019-10-20,19.6,28.3,22.8,2.46,0.414,Hanumakonda,TS
2019-10-21,2.3,29.5,22.5,2.97,0.408,Hanumakonda,TS
2019-10-22,3.0,27.8,23.4,1.85,0.401,Hanumakonda,TS
2019-10-23,7.3,27.4,23.2,1.8,0.408,Hanumakonda,TS
2019-10-24,4.4,29.5,23.3,2.61,0.392,Hanumakonda,TS
2019-10-25,10.4,28.5,23.1,2.66,0.399,Hanumakonda,TS
2019-10-26,10.0,28.4,22.9,2.5,0.406,Hanumakonda,TS
2019-10-27,4.0,29.5,22.4,3.1,0.389,Hanumakonda,TS
2019-10-28,0.9,30.6,22.9,3.57,0.387,Hanumakonda,TS
2019-10-29,4.1,29.0,23.1,2.81,0.394,Hanumakonda,TS
2019-10-30,1.5,29.1,22.7,2.74,0.383,Hanumakonda,TS
2019-10-31,2.9,28.1,23.4,2.16,0.385,Hanumakonda,TS
2019-11-01,1.1,29.8,22.7,3.34,0.367,Hanumakonda,TS
2019-11-02,3.9,29.6,23.2,2.94,0.362,Hanumakonda,TS
2019-11-03,0.7,30.4,22.5,3.58,0.355,Hanumakonda,TS
2019-11-04,0.0,30.9,22.5,4.1,0.338,Hanumakonda,TS
2019-11-05,0.0,30.5,22.9,3.97,0.322,Hanumakonda,TS
2019-11-06,0.3,30.0,22.3,3.68,0.306,Hanumakonda,TS
2019-11-07,0.0,30.0,21.6,3.85,0.3,Hanumakonda,TS
2019-11-08,0.0,30.5,21.5,4.16,0.287,Hanumakonda,TS
2019-11-09,0.0,30.1,21.1,4.23,0.28,Hanumakonda,TS
2019-11-10,0.0,29.7,20.2,4.14,0.27,Hanumakonda,TS
2019-11-11,0.0,30.0,21.4,3.85,0.27,Hanumakonda,TS
2019-11-12,0.0,29.8,21.0,3.86,0.263,Hanumakonda,TS
2019-11-13,0.0,29.4,18.7,3.69,0.249,Hanumakonda,TS
2019-11-14,0.1,28.8,20.6,3.72,0.239,Hanumakonda,TS
2019-11-15,0.0,29.8,20.6,3.53,0.229,Hanumakonda,TS
2019-11-16,0.0,30.6,21.1,3.97,0.217,Hanumakonda,TS
2019-11-17,0.0,30.8,20.9,4.22,0.204,Hanumakonda,TS
2019-11-18,0.0,30.6,20.9,4.28,0.198,Hanumakonda,TS
2019-11-19,0.0,30.8,20.1,3.91,0.193,Hanumakonda,TS
2019-11-20,0.0,29.9,20.9,3.38,0.188,Hanumakonda,TS
2019-11-21,0.0,29.9,21.0,3.36,0.185,Hanumakonda,TS
2019-11-22,0.0,29.8,20.0,3.92,0.185,Hanumakonda,TS
2019-11-23,0.0,29.8,18.8,4.01,0.181,Hanumakonda,TS
2019-11-24,0.0,29.4,18.4,3.71,0.177,Hanumakonda,TS
2019-11-25,0.0,29.9,19.2,3.81,0.179,Hanumakonda,TS
2019-11-26,0.0,29.6,19.5,3.6,0.179,Hanumakonda,TS
2019-11-27,0.0,29.4,19.5,3.72,0.178,Hanumakonda,TS
2019-11-28,0.0,29.5,18.9,3.35,0.176,Hanumakonda,TS
2019-11-29,0.0,30.2,20.8,3.49,0.174,Hanumakonda,TS
2019-11-30,0.0,30.0,20.5,3.4,0.167,Hanumakonda,TS
2019-12-01,0.3,29.4,22.0,3.17,0.16,Hanumakonda,TS
2019-12-02,10.5,23.7,22.3,0.89,0.199,Hanumakonda,TS
2019-12-03,0.3,28.2,21.1,2.76,0.21,Hanumakonda,TS
2019-12-04,0.0,29.3,19.4,3.4,0.205,Hanumakonda,TS
2019-12-05,0.2,27.9,20.3,3.02,0.2,Hanumakonda,TS
2019-12-06,0.0,26.8,19.3,2.78,0.193,Hanumakonda,TS
2019-12-07,0.0,28.0,17.0,3.54,0.188,Hanumakonda,TS
2019-12-08,0.2,27.6,20.0,2.87,0.183,Hanumakonda,TS
2019-12-09,1.0,27.6,20.1,2.68,0.183,Hanumakonda,TS
2019-12-10,0.2,28.1,19.3,3.18,0.179,Hanumakonda,TS
2019-12-11,0.0,28.6,18.7,3.31,0.176,Hanumakonda,TS
2019-12-12,0.0,27.5,18.4,3.27,0.175,Hanumakonda,TS
2019-12-13,0.0,29.0,19.8,3.73,0.17,Hanumakonda,TS
2019-12-14,0.0,29.2,20.3,3.47,0.166,Hanumakonda,TS
2019-12-15,0.0,28.8,20.0,3.57,0.163,Hanumakonda,TS
2019-12-16,0.1,29.0,19.0,3.35,0.16,Hanumakonda,TS
2019-12-17,0.0,28.7,19.0,3.32,0.159,Hanumakonda,TS
2019-12-18,0.1,27.6,20.1,2.9,0.159,Hanumakonda,TS
2019-12-19,0.0,28.3,18.0,3.0,0.157,Hanumakonda,TS
2019-12-20,0.0,28.7,17.1,3.52,0.156,Hanumakonda,TS
2019-12-21,0.0,28.3,17.6,3.1,0.157,Hanumakonda,TS
2019-12-22,0.0,28.0,19.0,2.97,0.157,Hanumakonda,TS
2019-12-23,0.0,25.9,18.7,2.29,0.156,Hanumakonda,TS
2019-12-24,0.1,26.8,18.7,2.71,0.157,Hanumakonda,TS
2019-12-25,0.0,28.3,19.4,3.54,0.155,Hanumakonda,TS
2019-12-26,0.0,26.9,20.3,1.99,0.158,Hanumakonda,TS
2019-12-27,0.3,25.2,19.2,1.84,0.167,Hanumakonda,TS
2019-12-28,0.0,25.3,17.2,3.51,0.169,Hanumakonda,TS
2019-12-29,0.0,26.5,14.6,3.45,0.167,Hanumakonda,TS
2019-12-30,0.7,26.7,16.1,3.34,0.169,Hanumakonda,TS
2019-12-31,0.1,26.6,18.5,3.13,0.168,Hanumakonda,TS
2020-01-01,0.3,27.0,19.7,3.06,0.164,Hanumakonda,TS
2020-01-02,0.6,27.9,21.1,2.66,0.164,Hanumakonda,TS
2020-01-03,10.3,25.7,19.9,1.97,0.225,Hanumakonda,TS
2020-01-04,0.6,25.2,19.3,1.78,0.304,Hanumakonda,TS
2020-01-05,0.0,25.9,17.9,3.37,0.282,Hanumakonda,TS
2020-01-06,0.1,27.3,17.2,3.1,0.263,Hanumakonda,TS
2020-01-07,0.7,27.5,20.4,2.84,0.255,Hanumakonda,TS
2020-01-08,0.0,27.4,20.4,2.74,0.247,Hanumakonda,TS
2020-01-09,0.4,27.0,19.7,2.07,0.24,Hanumakonda,TS
2020-01-10,0.3,26.3,18.4,2.93,0.235,Hanumakonda,TS
2020-01-11,0.0,27.0,16.0,3.86,0.223,Hanumakonda,TS
2020-01-12,0.0,27.0,15.6,3.9,0.211,Hanumakonda,TS
2020-01-13,0.0,28.0,13.8,3.89,0.199,Hanumakonda,TS
2020-01-14,0.0,28.6,16.4,3.6,0.187,Hanumakonda,TS
2020-01-15,0.0,28.2,17.8,3.91,0.18,Hanumakonda,TS
2020-01-16,0.0,28.0,17.5,3.95,0.177,Hanumakonda,TS
2020-01-17,0.0,28.0,19.1,3.05,0.173,Hanumakonda,TS
2020-01-18,0.0,29.8,20.2,3.68,0.17,Hanumakonda,TS
2020-01-19,1.6,27.4,20.5,2.88,0.178,Hanumakonda,TS
2020-01-20,0.2,28.5,19.0,2.91,0.171,Hanumakonda,TS
2020-01-21,0.0,29.6,20.0,3.59,0.171,Hanumakonda,TS
2020-01-22,0.0,29.7,19.8,4.12,0.167,Hanumakonda,TS
2020-01-23,0.0,29.8,18.8,3.78,0.162,Hanumakonda,TS
2020-01-24,0.0,30.3,18.5,4.07,0.157,Hanumakonda,TS
2020-01-25,0.0,30.9,18.0,4.22,0.152,Hanumakonda,TS
2020-01-26,0.0,31.5,19.4,4.38,0.149,Hanumakonda,TS
2020-01-27,0.0,31.6,18.3,4.52,0.149,Hanumakonda,TS
2020-01-28,0.5,29.9,20.9,4.56,0.151,Hanumakonda,TS
2020-01-29,0.1,30.5,21.3,3.74,0.156,Hanumakonda,TS
2020-01-30,0.0,29.8,20.0,3.94,0.156,Hanumakonda,TS
2020-01-31,0.0,30.3,18.2,4.19,0.158,Hanumakonda,TS
2020-02-01,0.5,29.3,20.7,3.46,0.157,Hanumakonda,TS
2020-02-02,0.6,28.8,19.5,3.15,0.155,Hanumakonda,TS
2020-02-03,0.0,30.0,20.6,3.68,0.154,Hanumakonda,TS
2020-02-04,0.0,31.1,21.3,4.63,0.154,Hanumakonda,TS
2020-02-05,0.0,30.3,20.5,3.93,0.151,Hanumakonda,TS
2020-02-06,0.0,31.2,19.9,4.47,0.149,Hanumakonda,TS
2020-02-07,0.2,29.8,21.1,4.19,0.146,Hanumakonda,TS
2020-02-08,15.3,25.0,20.2,2.27,0.247,Hanumakonda,TS
2020-02-09,4.3,23.9,19.0,2.03,0.363,Hanumakonda,TS
2020-02-10,2.5,25.8,19.0,2.52,0.351,Hanumakonda,TS
2020-02-11,0.4,27.2,20.3,2.93,0.337,Hanumakonda,TS
2020-02-12,0.6,27.7,20.2,3.21,0.325,Hanumakonda,TS
2020-02-13,0.0,28.6,18.0,4.41,0.308,Hanumakonda,TS
2020-02-14,0.0,30.3,17.0,4.62,0.292,Hanumakonda,TS
2020-02-15,0.0,31.1,16.7,4.64,0.277,Hanumakonda,TS
2020-02-16,0.0,31.3,18.0,4.62,0.267,Hanumakonda,TS
2020-02-17,0.0,31.3,17.5,4.68,0.258,Hanumakonda,TS
2020-02-18,0.0,30.5,17.7,4.81,0.249,Hanumakonda,TS
2020-02-19,0.0,31.0,17.4,4.66,0.244,Hanumakonda,TS
2020-02-20,0.0,30.8,20.2,4.67,0.238,Hanumakonda,TS
2020-02-21,0.0,30.6,19.8,4.98,0.236,Hanumakonda,TS
2020-02-22,0.0,31.0,18.7,4.98,0.232,Hanumakonda,TS
2020-02-23,0.0,30.9,19.4,4.87,0.226,Hanumakonda,TS
2020-02-24,0.0,31.8,20.5,5.3,0.223,Hanumakonda,TS
2020-02-25,0.1,30.2,21.2,3.94,0.217,Hanumakonda,TS
2020-02-26,0.4,30.0,19.1,4.79,0.211,Hanumakonda,TS
2020-02-27,0.0,30.2,16.8,5.18,0.207,Hanumakonda,TS
2020-02-28,0.0,30.7,18.0,4.47,0.203,Hanumakonda,TS
2020-02-29,0.0,30.2,20.4,4.33,0.201,Hanumakonda,TS
2020-03-01,0.0,30.8,20.5,4.48,0.2,Hanumakonda,TS
2020-03-02,0.0,30.5,20.6,4.08,0.202,Hanumakonda,TS
2020-03-03,0.1,31.9,21.4,4.78,0.199,Hanumakonda,TS
2020-03-04,0.1,32.5,22.4,5.51,0.196,Hanumakonda,TS
2020-03-05,0.2,32.0,22.1,4.84,0.195,Hanumakonda,TS
2020-03-06,6.3,29.2,22.5,3.71,0.225,Hanumakonda,TS
2020-03-07,1.8,29.9,22.3,3.61,0.26,Hanumakonda,TS
2020-03-08,0.5,29.9,22.0,3.12,0.252,Hanumakonda,TS
2020-03-09,0.4,31.1,22.1,4.07,0.256,Hanumakonda,TS
2020-03-10,0.0,32.3,22.4,5.26,0.245,Hanumakonda,TS
2020-03-11,1.0,30.7,22.0,3.9,0.236,Hanumakonda,TS
2020-03-12,0.2,31.9,22.2,4.19,0.228,Hanumakonda,TS
2020-03-13,0.0,32.7,22.1,5.27,0.216,Hanumakonda,TS
2020-03-14,0.0,32.3,21.1,4.35,0.207,Hanumakonda,TS
2020-03-15,0.0,32.4,21.7,5.1,0.198,Hanumakonda,TS
2020-03-16,0.0,33.0,22.3,5.25,0.189,Hanumakonda,TS
2020-03-17,0.0,34.1,23.0,5.71,0.181,Hanumakonda,TS
2020-03-18,0.0,34.6,22.1,5.74,0.171,Hanumakonda,TS
2020-03-19,0.3,33.0,22.8,4.83,0.169,Hanumakonda,TS
2020-03-20,0.1,34.8,22.7,5.45,0.183,Hanumakonda,TS
2020-03-21,1.0,32.7,22.8,4.92,0.213,Hanumakonda,TS
2020-03-22,0.1,32.9,23.1,4.98,0.204,Hanumakonda,TS
2020-03-23,0.0,33.0,23.1,4.88,0.199,Hanumakonda,TS
2020-03-24,0.0,34.1,23.0,5.39,0.195,Hanumakonda,TS
2020-03-25,0.0,34.4,23.4,5.73,0.184,Hanumakonda,TS
2020-03-26,0.2,34.1,23.8,5.29,0.179,Hanumakonda,TS
2020-03-27,0.0,35.5,24.3,6.28,0.173,Hanumakonda,TS
2020-03-28,0.0,35.7,24.1,6.16,0.164,Hanumakonda,TS
2020-03-29,0.0,36.5,23.1,5.76,0.157,Hanumakonda,TS
2020-03-30,0.0,36.3,23.2,5.31,0.159,Hanumakonda,TS
2020-03-31,0.0,36.4,23.8,5.61,0.162,Hanumakonda,TS
2020-04-01,0.0,36.3,25.1,5.19,0.165,Hanumakonda,TS
2020-04-02,0.0,36.8,24.9,5.91,0.163,Hanumakonda,TS
2020-04-03,0.0,36.1,25.7,5.42,0.159,Hanumakonda,TS
2020-04-04,0.0,32.0,25.1,3.11,0.166,Hanumakonda,TS
2020-04-05,0.0,35.8,23.9,6.09,0.168,Hanumakonda,TS
2020-04-06,0.0,35.5,25.0,5.73,0.169,Hanumakonda,TS
2020-04-07,0.0,36.4,25.0,5.92,0.169,Hanumakonda,TS
2020-04-08,0.7,36.3,25.9,5.85,0.165,Hanumakonda,TS
2020-04-09,1.9,34.8,24.7,5.36,0.165,Hanumakonda,TS
2020-04-10,0.0,35.2,23.6,5.79,0.163,Hanumakonda,TS
2020-04-11,0.0,35.7,24.0,5.77,0.157,Hanumakonda,TS
2020-04-12,0.0,36.4,24.0,6.07,0.155,Hanumakonda,TS
2020-04-13,0.0,37.4,24.9,6.16,0.15,Hanumakonda,TS
2020-04-14,0.0,37.2,24.7,6.77,0.143,Hanumakonda,TS
2020-04-15,0.0,37.3,25.3,6.85,0.14,Hanumakonda,TS
2020-04-16,0.0,37.5,24.9,6.9,0.141,Hanumakonda,TS
2020-04-17,0.0,37.5,25.2,6.84,0.143,Hanumakonda,TS
2020-04-18,1.1,35.9,25.7,6.36,0.146,Hanumakonda,TS
2020-04-19,0.0,35.9,25.2,6.12,0.147,Hanumakonda,TS
2020-04-20,0.0,37.2,25.5,6.12,0.145,Hanumakonda,TS
2020-04-21,0.3,36.0,26.3,6.36,0.139,Hanumakonda,TS
2020-04-22,0.0,36.9,25.6,6.92,0.137,Hanumakonda,TS
2020-04-23,0.0,37.9,25.8,6.52,0.136,Hanumakonda,TS
2020-04-24,0.0,37.0,26.5,6.08,0.135,Hanumakonda,TS
2020-04-25,0.2,37.4,26.8,6.25,0.135,Hanumakonda,TS
2020-04-26,1.2,36.5,27.1,5.75,0.164,Hanumakonda,TS
2020-04-27,13.2,34.9,26.5,5.12,0.261,Hanumakonda,TS
2020-04-28,0.0,35.5,25.5,5.77,0.212,Hanumakonda,TS
2020-04-29,0.0,35.3,25.6,5.76,0.199,Hanumakonda,TS
2020-04-30,0.0,37.3,25.9,6.2,0.184,Hanumakonda,TS
2020-05-01,0.0,38.3,26.3,6.33,0.168,Hanumakonda,TS
2020-05-02,0.0,37.8,26.3,6.37,0.164,Hanumakonda,TS
2020-05-03,0.0,39.3,27.3,6.61,0.159,Hanumakonda,TS
2020-05-04,0.0,39.2,27.3,7.05,0.153,Hanumakonda,TS
2020-05-05,0.1,39.1,27.2,6.82,0.154,Hanumakonda,TS
2020-05-06,0.1,38.5,27.1,6.53,0.151,Hanumakonda,TS
2020-05-07,0.0,37.2,26.3,6.32,0.149,Hanumakonda,TS
2020-05-08,0.0,37.6,27.7,6.49,0.147,Hanumakonda,TS
2020-05-09,0.0,38.4,27.7,6.54,0.142,Hanumakonda,TS
2020-05-10,0.1,37.5,26.4,6.18,0.143,Hanumakonda,TS
2020-05-11,0.0,36.5,25.5,6.18,0.143,Hanumakonda,TS
2020-05-12,0.2,37.4,26.9,6.53,0.138,Hanumakonda,TS
2020-05-13,0.0,37.2,26.4,6.38,0.135,Hanumakonda,TS
2020-05-14,0.0,37.7,26.7,6.61,0.133,Hanumakonda,TS
2020-05-15,0.1,38.0,27.3,6.12,0.128,Hanumakonda,TS
2020-05-16,0.7,37.4,27.0,5.9,0.136,Hanumakonda,TS
2020-05-17,0.0,38.0,26.9,5.91,0.136,Hanumakonda,TS
2020-05-18,0.1,38.0,27.8,6.02,0.135,Hanumakonda,TS
2020-05-19,0.0,38.9,28.4,7.41,0.129,Hanumakonda,TS
2020-05-20,0.0,40.5,26.8,8.02,0.133,Hanumakonda,TS
2020-05-21,0.0,40.7,29.4,9.17,0.13,Hanumakonda,TS
2020-05-22,0.0,41.1,23.7,7.52,0.135,Hanumakonda,TS
2020-05-23,0.0,40.9,26.4,7.6,0.135,Hanumakonda,TS
2020-05-24,0.0,40.5,27.6,6.72,0.132,Hanumakonda,TS
2020-05-25,0.0,39.8,28.3,6.81,0.128,Hanumakonda,TS
2020-05-26,0.0,40.3,28.5,7.31,0.128,Hanumakonda,TS
2020-05-27,0.0,40.0,28.6,7.08,0.127,Hanumakonda,TS
2020-05-28,0.0,41.6,28.6,7.46,0.127,Hanumakonda,TS
2020-05-29,0.0,40.2,29.0,7.06,0.131,Hanumakonda,TS
2020-05-30,0.2,38.2,28.1,5.77,0.133,Hanumakonda,TS
2020-05-31,21.5,34.0,28.5,4.4,0.202,Hanumakonda,TS
2020-06-01,2.6,34.2,25.8,4.82,0.212,Hanumakonda,TS
2020-06-02,0.7,34.4,24.2,5.21,0.22,Hanumakonda,TS
2020-06-03,2.3,32.7,24.7,4.14,0.245,Hanumakonda,TS
2020-06-04,0.0,34.7,26.1,6.57,0.229,Hanumakonda,TS
2020-06-05,0.0,35.4,27.0,6.21,0.21,Hanumakonda,TS
2020-06-06,0.0,36.3,27.9,6.84,0.19,Hanumakonda,TS
2020-06-07,0.0,37.2,28.9,7.29,0.173,Hanumakonda,TS
2020-06-08,0.0,37.1,28.8,6.92,0.16,Hanumakonda,TS
2020-06-09,1.9,38.3,27.3,6.99,0.152,Hanumakonda,TS
2020-06-10,7.8,36.0,26.3,4.82,0.171,Hanumakonda,TS
2020-06-11,22.0,29.9,24.7,2.18,0.295,Hanumakonda,TS
2020-06-12,25.2,29.5,24.2,2.21,0.384,Hanumakonda,TS
2020-06-13,0.3,33.1,25.2,4.74,0.327,Hanumakonda,TS
2020-06-14,4.0,34.2,27.1,5.3,0.296,Hanumakonda,TS
2020-06-15,0.7,33.5,27.1,4.72,0.275,Hanumakonda,TS
2020-06-16,19.7,29.7,25.5,2.15,0.357,Hanumakonda,TS
2020-06-17,5.8,30.8,24.8,2.97,0.383,Hanumakonda,TS
2020-06-18,3.9,31.0,24.5,3.63,0.382,Hanumakonda,TS
2020-06-19,1.0,33.3,24.9,4.45,0.362,Hanumakonda,TS
2020-06-20,0.4,32.8,27.1,4.69,0.337,Hanumakonda,TS
2020-06-21,0.4,29.9,26.4,3.15,0.323,Hanumakonda,TS
2020-06-22,3.3,29.5,25.7,2.92,0.332,Hanumakonda,TS
2020-06-23,2.0,32.9,26.1,4.61,0.323,Hanumakonda,TS
2020-06-24,6.9,34.0,25.3,4.8,0.327,Hanumakonda,TS
2020-06-25,4.5,33.6,25.0,5.5,0.3,Hanumakonda,TS
2020-06-26,0.6,33.6,25.6,5.42,0.266,Hanumakonda,TS
2020-06-27,2.1,34.7,26.2,5.28,0.257,Hanumakonda,TS
2020-06-28,6.1,33.1,25.3,4.45,0.298,Hanumakonda,TS
2020-06-29,8.9,31.6,25.2,3.65,0.315,Hanumakonda,TS
2020-06-30,4.2,32.4,24.9,3.48,0.365,Hanumakonda,TS
2020-07-01,4.6,33.6,24.6,4.34,0.37,Hanumakonda,TS
2020-07-02,5.6,32.1,25.6,3.93,0.374,Hanumakonda,TS
2020-07-03,9.6,33.0,26.2,4.42,0.366,Hanumakonda,TS
2020-07-04,27.4,27.7,25.0,1.83,0.413,Hanumakonda,TS
2020-07-05,21.5,27.7,24.5,1.61,0.409,Hanumakonda,TS
2020-07-06,4.2,28.4,24.4,2.24,0.41,Hanumakonda,TS
2020-07-07,0.0,31.6,24.2,4.56,0.374,Hanumakonda,TS
2020-07-08,0.7,33.2,25.3,4.73,0.346,Hanumakonda,TS
2020-07-09,18.5,29.8,25.0,1.95,0.384,Hanumakonda,TS
2020-07-10,11.1,29.1,24.5,2.23,0.406,Hanumakonda,TS
2020-07-11,1.0,31.7,24.6,4.12,0.387,Hanumakonda,TS
2020-07-12,7.1,32.4,25.8,3.68,0.373,Hanumakonda,TS
2020-07-13,8.4,29.2,24.9,2.11,0.396,Hanumakonda,TS
2020-07-14,28.0,29.2,24.5,2.23,0.411,Hanumakonda,TS
2020-07-15,60.6,27.3,24.4,1.37,0.427,Hanumakonda,TS
2020-07-16,1.8,28.8,23.6,2.38,0.401,Hanumakonda,TS
2020-07-17,2.6,31.9,24.5,4.79,0.374,Hanumakonda,TS
2020-07-18,1.9,32.5,25.1,4.49,0.365,Hanumakonda,TS
2020-07-19,12.5,30.5,24.9,3.51,0.392,Hanumakonda,TS
2020-07-20,8.8,31.1,24.9,3.79,0.394,Hanumakonda,TS
2020-07-21,4.0,32.4,24.4,4.39,0.377,Hanumakonda,TS
2020-07-22,5.3,32.7,25.3,3.58,0.368,Hanumakonda,TS
2020-07-23,30.3,27.2,24.1,1.3,0.424,Hanumakonda,TS
2020-07-24,1.7,31.9,24.0,4.26,0.4,Hanumakonda,TS
2020-07-25,1.2,30.2,24.1,2.83,0.393,Hanumakonda,TS
2020-07-26,0.3,33.0,23.8,5.14,0.364,Hanumakonda,TS
2020-07-27,0.0,32.9,25.3,5.17,0.342,Hanumakonda,TS
2020-07-28,15.2,32.1,24.6,4.18,0.36,Hanumakonda,TS
2020-07-29,4.2,31.2,24.8,3.87,0.381,Hanumakonda,TS
2020-07-30,0.5,32.2,24.4,4.36,0.357,Hanumakonda,TS
2020-07-31,1.9,31.9,25.1,4.24,0.346,Hanumakonda,TS
2020-08-01,4.9,32.6,25.1,3.75,0.361,Hanumakonda,TS
2020-08-02,8.9,32.3,25.0,4.22,0.358,Hanumakonda,TS
2020-08-03,3.8,31.5,25.1,3.92,0.368,Hanumakonda,TS
2020-08-04,12.6,27.6,24.6,2.14,0.387,Hanumakonda,TS
2020-08-05,15.0,30.5,24.2,3.19,0.406,Hanumakonda,TS
2020-08-06,7.5,31.8,24.1,4.45,0.407,Hanumakonda,TS
2020-08-07,0.3,33.2,25.0,4.97,0.385,Hanumakonda,TS
2020-08-08,1.1,31.4,26.3,3.65,0.367,Hanumakonda,TS
2020-08-09,5.2,31.9,24.9,4.21,0.365,Hanumakonda,TS
2020-08-10,24.7,29.2,24.5,2.48,0.412,Hanumakonda,TS
2020-08-11,0.8,30.8,24.8,3.61,0.38,Hanumakonda,TS
2020-08-12,17.6,29.1,24.5,2.41,0.411,Hanumakonda,TS
2020-08-13,47.0,25.8,24.0,1.36,0.428,Hanumakonda,TS
2020-08-14,45.1,27.5,23.2,2.05,0.428,Hanumakonda,TS
2020-08-15,68.9,24.9,23.2,1.14,0.43,Hanumakonda,TS
2020-08-16,34.6,27.0,23.5,1.87,0.428,Hanumakonda,TS
2020-08-17,22.4,29.3,23.9,3.06,0.424,Hanumakonda,TS
2020-08-18,5.1,28.9,24.9,2.84,0.411,Hanumakonda,TS
2020-08-19,22.8,26.0,24.2,1.33,0.427,Hanumakonda,TS
2020-08-20,43.8,25.7,23.9,1.35,0.429,Hanumakonda,TS
2020-08-21,7.9,28.5,23.9,2.39,0.424,Hanumakonda,TS
2020-08-22,0.4,31.3,24.4,4.23,0.41,Hanumakonda,TS
2020-08-23,3.8,31.7,24.5,3.87,0.398,Hanumakonda,TS
2020-08-24,1.2,31.7,24.9,4.71,0.382,Hanumakonda,TS
2020-08-25,0.1,31.6,25.2,4.65,0.365,Hanumakonda,TS
2020-08-26,3.7,30.8,25.3,3.03,0.365,Hanumakonda,TS
2020-08-27,10.6,28.1,24.4,1.72,0.399,Hanumakonda,TS
2020-08-28,0.2,30.8,23.8,4.02,0.37,Hanumakonda,TS
2020-08-29,0.8,32.0,24.8,4.86,0.35,Hanumakonda,TS
2020-08-30,0.8,32.2,24.4,4.72,0.335,Hanumakonda,TS
2020-08-31,0.3,32.5,25.1,4.87,0.325,Hanumakonda,TS
2020-09-01,0.1,32.0,25.2,4.82,0.307,Hanumakonda,TS
2020-09-02,2.0,29.7,25.0,3.01,0.308,Hanumakonda,TS
2020-09-03,2.7,31.0,24.2,4.25,0.331,Hanumakonda,TS
2020-09-04,0.8,32.2,24.8,4.78,0.333,Hanumakonda,TS
2020-09-05,0.6,32.2,25.1,4.17,0.319,Hanumakonda,TS
2020-09-06,0.7,32.4,25.0,4.61,0.305,Hanumakonda,TS
2020-09-07,1.8,32.9,25.2,4.8,0.336,Hanumakonda,TS
2020-09-08,9.9,32.7,25.4,4.36,0.331,Hanumakonda,TS
2020-09-09,12.4,32.2,24.7,4.07,0.371,Hanumakonda,TS
2020-09-10,5.1,31.9,24.2,3.95,0.352,Hanumakonda,TS
2020-09-11,13.7,30.8,24.6,3.21,0.365,Hanumakonda,TS
2020-09-12,2.3,31.6,23.7,3.72,0.371,Hanumakonda,TS
2020-09-13,23.9,30.6,24.9,3.32,0.383,Hanumakonda,TS
2020-09-14,39.1,29.6,23.6,2.75,0.423,Hanumakonda,TS
2020-09-15,13.4,29.6,23.3,3.27,0.419,Hanumakonda,TS
2020-09-16,7.6,29.8,24.2,3.28,0.416,Hanumakonda,TS
2020-09-17,14.6,31.4,23.9,3.73,0.419,Hanumakonda,TS
2020-09-18,8.1,31.5,24.2,4.13,0.413,Hanumakonda,TS
2020-09-19,8.8,30.8,24.6,3.51,0.415,Hanumakonda,TS
2020-09-20,14.7,30.7,24.1,3.43,0.42,Hanumakonda,TS
2020-09-21,5.8,29.8,24.4,2.68,0.417,Hanumakonda,TS
2020-09-22,6.1,31.0,24.3,3.88,0.411,Hanumakonda,TS
2020-09-23,0.9,31.9,24.7,4.74,0.399,Hanumakonda,TS
2020-09-24,0.2,31.8,24.9,4.41,0.383,Hanumakonda,TS
2020-09-25,23.4,30.0,24.4,2.91,0.403,Hanumakonda,TS
2020-09-26,5.7,27.6,23.9,1.83,0.415,Hanumakonda,TS
2020-09-27,1.9,29.6,23.7,3.54,0.393,Hanumakonda,TS
2020-09-28,0.8,30.8,23.8,4.34,0.373,Hanumakonda,TS
2020-09-29,2.6,30.8,24.3,3.96,0.358,Hanumakonda,TS
2020-09-30,0.2,30.3,24.5,3.39,0.343,Hanumakonda,TS
2020-10-01,0.4,30.9,24.7,3.97,0.337,Hanumakonda,TS
2020-10-02,0.0,32.1,24.5,4.92,0.316,Hanumakonda,TS
2020-10-03,0.0,32.6,25.2,5.37,0.297,Hanumakonda,TS
2020-10-04,0.0,32.1,25.1,5.12,0.281,Hanumakonda,TS
2020-10-05,0.0,31.7,24.5,4.95,0.267,Hanumakonda,TS
2020-10-06,0.0,30.4,23.9,3.78,0.253,Hanumakonda,TS
2020-10-07,10.9,28.2,24.0,2.43,0.329,Hanumakonda,TS
2020-10-08,7.1,30.2,23.3,3.24,0.349,Hanumakonda,TS
2020-10-09,4.5,30.5,24.0,3.37,0.365,Hanumakonda,TS
2020-10-10,4.0,30.6,24.3,2.79,0.376,Hanumakonda,TS
2020-10-11,34.0,26.8,23.5,1.55,0.419,Hanumakonda,TS
2020-10-12,6.4,27.9,23.2,1.96,0.415,Hanumakonda,TS
2020-10-13,56.0,25.2,24.1,0.85,0.427,Hanumakonda,TS
2020-10-14,4.3,28.2,23.8,2.5,0.42,Hanumakonda,TS
2020-10-15,6.5,29.0,23.5,2.7,0.414,Hanumakonda,TS
2020-10-16,3.0,29.4,23.6,3.08,0.402,Hanumakonda,TS
2020-10-17,6.8,29.6,24.1,3.04,0.402,Hanumakonda,TS
2020-10-18,1.7,29.9,23.6,3.53,0.394,Hanumakonda,TS
2020-10-19,3.8,30.8,23.8,3.88,0.371,Hanumakonda,TS
2020-10-20,15.7,29.1,24.0,2.11,0.405,Hanumakonda,TS
2020-10-21,2.8,30.0,23.9,2.77,0.401,Hanumakonda,TS
2020-10-22,0.0,30.9,22.1,4.41,0.37,Hanumakonda,TS
2020-10-23,0.0,31.3,21.5,4.63,0.346,Hanumakonda,TS
2020-10-24,0.0,31.8,21.3,4.67,0.322,Hanumakonda,TS
2020-10-25,0.1,31.7,21.9,4.4,0.3,Hanumakonda,TS
2020-10-26,0.0,31.1,21.8,4.74,0.28,Hanumakonda,TS
2020-10-27,0.0,30.5,21.1,4.46,0.26,Hanumakonda,TS
2020-10-28,0.0,31.0,20.2,4.47,0.242,Hanumakonda,TS
2020-10-29,0.0,30.7,20.4,4.32,0.23,Hanumakonda,TS
2020-10-30,0.0,30.8,22.4,4.7,0.22,Hanumakonda,TS
2020-10-31,0.0,30.6,20.8,4.79,0.204,Hanumakonda,TS
2020-11-01,0.0,31.2,21.0,4.96,0.19,Hanumakonda,TS
2020-11-02,0.0,31.7,21.6,4.98,0.175,Hanumakonda,TS
2020-11-03,0.0,31.2,21.9,4.68,0.168,Hanumakonda,TS
2020-11-04,0.0,31.0,21.7,5.2,0.164,Hanumakonda,TS
2020-11-05,0.0,31.1,18.8,5.02,0.161,Hanumakonda,TS
2020-11-06,0.1,31.2,19.1,4.32,0.157,Hanumakonda,TS
2020-11-07,0.0,31.2,20.5,4.6,0.149,Hanumakonda,TS
2020-11-08,0.0,30.5,18.8,4.8,0.14,Hanumakonda,TS
2020-11-09,0.0,29.1,17.2,5.01,0.141,Hanumakonda,TS
2020-11-10,0.0,29.2,15.8,4.62,0.142,Hanumakonda,TS
2020-11-11,0.0,30.1,16.8,4.53,0.144,Hanumakonda,TS
2020-11-12,1.3,29.7,21.3,3.38,0.149,Hanumakonda,TS
2020-11-13,0.4,31.0,21.2,3.8,0.148,Hanumakonda,TS
2020-11-14,0.0,32.0,20.9,4.51,0.15,Hanumakonda,TS
2020-11-15,0.0,31.7,19.8,4.15,0.15,Hanumakonda,TS
2020-11-16,0.0,31.9,22.5,4.29,0.15,Hanumakonda,TS
2020-11-17,0.0,32.2,20.7,4.44,0.153,Hanumakonda,TS
2020-11-18,0.0,31.3,21.2,4.17,0.153,Hanumakonda,TS
2020-11-19,0.0,31.7,22.8,4.28,0.15,Hanumakonda,TS
2020-11-20,0.0,32.3,20.8,4.25,0.147,Hanumakonda,TS
2020-11-21,0.0,31.3,20.9,4.4,0.142,Hanumakonda,TS
2020-11-22,0.2,30.1,22.1,3.64,0.142,Hanumakonda,TS
2020-11-23,0.0,30.5,18.8,4.29,0.143,Hanumakonda,TS
2020-11-24,0.0,29.8,17.0,4.46,0.141,Hanumakonda,TS
2020-11-25,0.0,29.7,17.0,4.05,0.144,Hanumakonda,TS
2020-11-26,2.7,27.4,21.1,2.12,0.154,Hanumakonda,TS
2020-11-27,8.9,22.2,19.2,1.2,0.261,Hanumakonda,TS
2020-11-28,0.0,26.5,18.2,2.51,0.332,Hanumakonda,TS
2020-11-29,0.0,28.4,20.0,2.95,0.293,Hanumakonda,TS
2020-11-30,0.0,29.3,20.6,3.57,0.269,Hanumakonda,TS
2020-12-01,0.0,29.2,19.5,3.76,0.25,Hanumakonda,TS
2020-12-02,0.0,29.0,17.8,4.0,0.232,Hanumakonda,TS
2020-12-03,0.0,29.4,16.6,4.1,0.218,Hanumakonda,TS
2020-12-04,0.0,29.4,17.2,4.11,0.207,Hanumakonda,TS
2020-12-05,0.0,29.3,16.6,4.0,0.197,Hanumakonda,TS
2020-12-06,0.0,29.4,15.7,3.92,0.186,Hanumakonda,TS
2020-12-07,0.0,30.2,16.7,4.26,0.176,Hanumakonda,TS
2020-12-08,0.0,30.3,17.0,3.99,0.17,Hanumakonda,TS
2020-12-09,0.0,30.1,15.6,4.06,0.165,Hanumakonda,TS
2020-12-10,0.0,30.0,16.7,3.92,0.163,Hanumakonda,TS
2020-12-11,0.0,30.2,18.7,3.97,0.158,Hanumakonda,TS
2020-12-12,0.0,29.6,18.4,3.94,0.156,Hanumakonda,TS
2020-12-13,0.0,29.7,18.6,3.78,0.152,Hanumakonda,TS
2020-12-14,0.0,29.7,18.3,4.08,0.147,Hanumakonda,TS
2020-12-15,0.0,29.4,18.6,3.87,0.151,Hanumakonda,TS
2020-12-16,0.0,29.8,19.8,3.37,0.153,Hanumakonda,TS
2020-12-17,0.0,30.2,19.0,3.78,0.157,Hanumakonda,TS
2020-12-18,0.0,29.2,18.4,3.94,0.16,Hanumakonda,TS
2020-12-19,0.0,28.4,18.2,4.2,0.158,Hanumakonda,TS
2020-12-20,0.0,27.6,16.2,4.23,0.157,Hanumakonda,TS
2020-12-21,0.0,27.0,14.5,4.21,0.158,Hanumakonda,TS
2020-12-22,0.0,27.1,13.5,4.11,0.16,Hanumakonda,TS
2020-12-23,0.0,27.7,12.4,3.82,0.158,Hanumakonda,TS
2020-12-24,0.0,27.6,15.0,3.74,0.155,Hanumakonda,TS
2020-12-25,0.0,27.8,15.1,3.66,0.155,Hanumakonda,TS
2020-12-26,0.0,28.1,14.8,3.67,0.154,Hanumakonda,TS
2020-12-27,0.0,28.6,14.7,3.87,0.154,Hanumakonda,TS
2020-12-28,0.0,29.0,14.0,3.93,0.156,Hanumakonda,TS
2020-12-29,0.0,28.8,16.2,3.79,0.154,Hanumakonda,TS
2020-12-30,0.0,28.9,17.1,3.71,0.155,Hanumakonda,TS
2020-12-31,0.0,28.5,18.0,3.26,0.156,Hanumakonda,TS
2021-01-01,0.0,28.6,19.0,3.31,0.164,Hanumakonda,TS
2021-01-02,0.0,27.7,17.1,3.49,0.167,Hanumakonda,TS
2021-01-03,0.0,28.0,16.6,3.56,0.165,Hanumakonda,TS
2021-01-04,0.0,28.3,17.3,3.87,0.167,Hanumakonda,TS
2021-01-05,0.0,29.2,17.1,3.61,0.163,Hanumakonda,TS
2021-01-06,0.0,27.0,21.6,2.0,0.154,Hanumakonda,TS
2021-01-07,0.7,26.5,21.0,1.77,0.152,Hanumakonda,TS
2021-01-08,0.0,30.7,19.6,4.05,0.15,Hanumakonda,TS
2021-01-09,0.0,30.3,18.8,4.42,0.147,Hanumakonda,TS
2021-01-10,0.0,30.2,18.0,3.76,0.148,Hanumakonda,TS
2021-01-11,0.0,31.3,17.1,3.93,0.148,Hanumakonda,TS
2021-01-12,0.0,31.4,18.8,3.83,0.145,Hanumakonda,TS
2021-01-13,0.0,30.3,19.3,3.94,0.141,Hanumakonda,TS
2021-01-14,0.0,30.1,18.4,4.21,0.136,Hanumakonda,TS
2021-01-15,0.0,30.1,16.6,4.03,0.135,Hanumakonda,TS
2021-01-16,0.0,30.2,17.4,4.15,0.136,Hanumakonda,TS
2021-01-17,0.0,30.0,18.1,4.01,0.14,Hanumakonda,TS
2021-01-18,0.0,28.9,19.0,3.69,0.141,Hanumakonda,TS
2021-01-19,0.0,29.9,18.9,3.83,0.139,Hanumakonda,TS
2021-01-20,0.0,31.6,19.1,4.55,0.139,Hanumakonda,TS
2021-01-21,0.0,31.5,19.4,4.45,0.142,Hanumakonda,TS
2021-01-22,0.0,31.4,18.9,4.27,0.142,Hanumakonda,TS
2021-01-23,0.0,31.2,18.9,4.21,0.143,Hanumakonda,TS
2021-01-24,0.0,31.5,19.6,4.4,0.142,Hanumakonda,TS
2021-01-25,0.0,31.8,20.0,4.77,0.139,Hanumakonda,TS
2021-01-26,0.0,31.7,20.4,4.72,0.134,Hanumakonda,TS
2021-01-27,0.0,30.9,19.6,4.36,0.137,Hanumakonda,TS
2021-01-28,0.0,29.8,20.0,4.14,0.144,Hanumakonda,TS
2021-01-29,0.0,30.9,19.7,4.34,0.148,Hanumakonda,TS
2021-01-30,0.2,29.2,19.0,3.36,0.148,Hanumakonda,TS
2021-01-31,0.0,29.0,18.9,3.39,0.147,Hanumakonda,TS
2021-02-01,0.0,29.4,18.2,4.09,0.145,Hanumakonda,TS
2021-02-02,0.0,29.7,15.7,4.39,0.142,Hanumakonda,TS
2021-02-03,0.0,29.8,16.2,4.37,0.139,Hanumakonda,TS
2021-02-04,0.0,29.4,16.5,4.63,0.134,Hanumakonda,TS
2021-02-05,0.0,29.5,16.1,4.68,0.135,Hanumakonda,TS
2021-02-06,0.0,30.5,17.4,4.9,0.132,Hanumakonda,TS
2021-02-07,0.0,29.1,17.9,4.85,0.137,Hanumakonda,TS
2021-02-08,0.0,29.0,14.5,4.83,0.139,Hanumakonda,TS
2021-02-09,0.0,30.0,14.6,4.89,0.142,Hanumakonda,TS
2021-02-10,0.0,30.7,15.5,4.59,0.138,Hanumakonda,TS
2021-02-11,0.0,31.1,17.3,4.95,0.136,Hanumakonda,TS
2021-02-12,0.0,30.8,18.0,4.72,0.133,Hanumakonda,TS
2021-02-13,0.0,31.1,18.8,4.86,0.132,Hanumakonda,TS
2021-02-14,0.0,31.8,18.9,5.06,0.133,Hanumakonda,TS
2021-02-15,0.0,32.4,19.0,5.3,0.14,Hanumakonda,TS
2021-02-16,0.0,32.8,19.7,5.86,0.138,Hanumakonda,TS
2021-02-17,0.0,32.0,19.7,5.79,0.136,Hanumakonda,TS
2021-02-18,0.2,30.0,18.9,4.74,0.134,Hanumakonda,TS
2021-02-19,0.9,29.2,18.9,3.73,0.13,Hanumakonda,TS
2021-02-20,0.0,29.9,18.7,4.42,0.137,Hanumakonda,TS
2021-02-21,0.0,30.0,19.1,4.1,0.141,Hanumakonda,TS
2021-02-22,0.0,31.6,19.8,4.7,0.139,Hanumakonda,TS
2021-02-23,0.0,32.6,17.9,5.28,0.136,Hanumakonda,TS
2021-02-24,0.0,33.1,18.4,5.35,0.14,Hanumakonda,TS
2021-02-25,0.0,34.0,18.9,5.53,0.142,Hanumakonda,TS
2021-02-26,0.0,34.8,19.0,5.68,0.142,Hanumakonda,TS
2021-02-27,0.0,35.1,20.8,5.79,0.142,Hanumakonda,TS
2021-02-28,0.0,35.1,19.8,5.6,0.144,Hanumakonda,TS
2021-03-01,0.0,34.5,20.4,5.13,0.144,Hanumakonda,TS
2021-03-02,0.0,34.5,21.2,5.16,0.145,Hanumakonda,TS
2021-03-03,0.0,34.6,19.2,5.63,0.146,Hanumakonda,TS
2021-03-04,0.0,34.7,18.9,5.7,0.14,Hanumakonda,TS
2021-03-05,0.0,35.2,20.2,6.49,0.14,Hanumakonda,TS
2021-03-06,0.0,35.0,21.7,6.31,0.142,Hanumakonda,TS
2021-03-07,0.0,35.0,21.3,6.29,0.142,Hanumakonda,TS
2021-03-08,0.0,35.2,20.7,6.15,0.134,Hanumakonda,TS
2021-03-09,0.0,34.9,20.9,6.12,0.134,Hanumakonda,TS
2021-03-10,0.0,35.2,20.4,6.23,0.132,Hanumakonda,TS
2021-03-11,0.0,35.3,21.0,6.69,0.133,Hanumakonda,TS
2021-03-12,0.0,34.7,20.7,6.33,0.135,Hanumakonda,TS
2021-03-13,0.0,33.5,20.1,6.01,0.128,Hanumakonda,TS
2021-03-14,0.0,34.8,20.6,6.18,0.128,Hanumakonda,TS
2021-03-15,0.0,35.1,20.8,6.05,0.128,Hanumakonda,TS
2021-03-16,0.0,35.9,22.4,6.09,0.138,Hanumakonda,TS
2021-03-17,0.0,36.1,22.7,5.82,0.143,Hanumakonda,TS
2021-03-18,0.0,34.6,22.6,5.77,0.149,Hanumakonda,TS
2021-03-19,0.0,34.8,22.8,5.59,0.154,Hanumakonda,TS
2021-03-20,0.0,34.2,21.4,5.31,0.148,Hanumakonda,TS
2021-03-21,0.0,35.2,22.8,5.21,0.143,Hanumakonda,TS
2021-03-22,0.0,36.2,23.3,5.66,0.144,Hanumakonda,TS
2021-03-23,0.0,35.6,24.0,6.35,0.14,Hanumakonda,TS
2021-03-24,0.0,36.0,23.9,5.69,0.138,Hanumakonda,TS
2021-03-25,0.0,36.7,23.3,5.72,0.139,Hanumakonda,TS
2021-03-26,0.0,36.9,23.3,6.1,0.144,Hanumakonda,TS
2021-03-27,0.0,38.0,22.6,6.22,0.138,Hanumakonda,TS
2021-03-28,0.0,38.1,23.5,6.56,0.138,Hanumakonda,TS
2021-03-29,0.0,38.2,23.5,6.62,0.143,Hanumakonda,TS
2021-03-30,0.0,39.5,24.8,7.92,0.144,Hanumakonda,TS
2021-03-31,0.0,39.5,22.6,7.79,0.136,Hanumakonda,TS
2021-04-01,0.0,38.8,23.2,7.79,0.134,Hanumakonda,TS
2021-04-02,0.0,39.0,24.7,7.28,0.132,Hanumakonda,TS
2021-04-03,0.0,38.7,23.4,6.74,0.129,Hanumakonda,TS
2021-04-04,0.0,37.2,25.1,5.98,0.127,Hanumakonda,TS
2021-04-05,0.0,37.4,24.5,6.38,0.126,Hanumakonda,TS
2021-04-06,0.0,38.3,24.9,6.95,0.124,Hanumakonda,TS
2021-04-07,0.0,38.3,24.2,6.45,0.133,Hanumakonda,TS
2021-04-08,0.0,38.3,24.6,6.53,0.132,Hanumakonda,TS
2021-04-09,0.0,35.9,24.6,6.44,0.136,Hanumakonda,TS
2021-04-10,0.6,35.6,25.7,6.31,0.133,Hanumakonda,TS
2021-04-11,0.2,36.0,24.5,5.91,0.136,Hanumakonda,TS
2021-04-12,0.2,35.1,25.0,5.34,0.138,Hanumakonda,TS
2021-04-13,2.2,35.4,25.6,5.08,0.139,Hanumakonda,TS
2021-04-14,0.4,32.6,24.7,4.04,0.137,Hanumakonda,TS
2021-04-15,0.1,34.8,22.0,5.19,0.144,Hanumakonda,TS
2021-04-16,0.0,35.2,23.6,5.74,0.144,Hanumakonda,TS
2021-04-17,0.0,36.6,24.7,6.3,0.143,Hanumakonda,TS
2021-04-18,0.0,36.8,25.3,5.9,0.141,Hanumakonda,TS
2021-04-19,0.0,37.5,26.1,5.95,0.141,Hanumakonda,TS
2021-04-20,0.0,36.7,26.5,6.26,0.14,Hanumakonda,TS
2021-04-21,4.0,36.1,25.7,5.97,0.149,Hanumakonda,TS
2021-04-22,0.1,35.4,24.3,5.38,0.17,Hanumakonda,TS
2021-04-23,0.0,35.8,26.1,5.51,0.166,Hanumakonda,TS
2021-04-24,0.0,36.8,25.5,6.41,0.163,Hanumakonda,TS
2021-04-25,0.0,37.2,25.6,6.39,0.155,Hanumakonda,TS
2021-04-26,0.0,36.8,26.0,6.18,0.147,Hanumakonda,TS
2021-04-27,0.0,37.7,25.3,6.43,0.14,Hanumakonda,TS
2021-04-28,0.0,37.9,25.5,6.27,0.135,Hanumakonda,TS
2021-04-29,0.0,38.3,26.1,6.77,0.131,Hanumakonda,TS
2021-04-30,0.0,37.8,25.3,6.92,0.126,Hanumakonda,TS
2021-05-01,0.0,36.5,26.0,6.16,0.128,Hanumakonda,TS
2021-05-02,0.0,36.4,25.4,6.24,0.131,Hanumakonda,TS
2021-05-03,4.1,35.4,25.9,5.39,0.134,Hanumakonda,TS
2021-05-04,0.0,36.5,25.5,5.89,0.13,Hanumakonda,TS
2021-05-05,0.0,37.1,26.1,6.41,0.129,Hanumakonda,TS
2021-05-06,0.0,36.3,26.4,6.38,0.13,Hanumakonda,TS
2021-05-07,0.0,36.3,25.9,6.49,0.129,Hanumakonda,TS
2021-05-08,0.0,36.4,26.5,6.39,0.127,Hanumakonda,TS
2021-05-09,0.0,36.3,26.5,6.28,0.128,Hanumakonda,TS
2021-05-10,0.0,36.8,26.6,6.09,0.124,Hanumakonda,TS
2021-05-11,0.3,37.1,27.2,6.24,0.123,Hanumakonda,TS
2021-05-12,0.0,38.0,26.2,6.88,0.135,Hanumakonda,TS
2021-05-13,0.2,36.8,27.5,6.27,0.136,Hanumakonda,TS
2021-05-14,0.0,35.1,28.0,5.87,0.136,Hanumakonda,TS
2021-05-15,0.0,36.6,26.8,6.86,0.135,Hanumakonda,TS
2021-05-16,1.1,32.9,25.6,4.13,0.129,Hanumakonda,TS
2021-05-17,0.1,34.1,26.2,4.94,0.13,Hanumakonda,TS
2021-05-18,0.3,34.7,26.5,5.93,0.133,Hanumakonda,TS
2021-05-19,0.0,36.0,25.9,6.27,0.13,Hanumakonda,TS
2021-05-20,1.6,36.4,26.1,5.87,0.157,Hanumakonda,TS
2021-05-21,0.3,37.1,27.4,6.04,0.156,Hanumakonda,TS
2021-05-22,0.0,35.3,26.2,4.71,0.153,Hanumakonda,TS
2021-05-23,0.0,37.9,27.4,6.48,0.149,Hanumakonda,TS
2021-05-24,0.0,38.5,28.6,7.47,0.148,Hanumakonda,TS
2021-05-25,0.0,37.2,27.5,7.05,0.154,Hanumakonda,TS
2021-05-26,0.0,38.6,30.1,9.51,0.147,Hanumakonda,TS
2021-05-27,0.0,37.4,30.1,8.28,0.145,Hanumakonda,TS
2021-05-28,0.0,36.3,28.9,6.61,0.143,Hanumakonda,TS
2021-05-29,0.0,38.6,28.9,6.59,0.136,Hanumakonda,TS
2021-05-30,0.6,37.0,27.8,6.16,0.13,Hanumakonda,TS
2021-05-31,0.0,38.7,29.0,6.73,0.126,Hanumakonda,TS
2021-06-01,3.0,36.7,27.4,5.45,0.126,Hanumakonda,TS
2021-06-02,2.3,35.4,25.7,5.43,0.137,Hanumakonda,TS
2021-06-03,2.9,33.1,25.5,4.34,0.187,Hanumakonda,TS
2021-06-04,0.4,33.9,25.7,5.0,0.182,Hanumakonda,TS
2021-06-05,1.1,34.6,26.3,5.4,0.178,Hanumakonda,TS
2021-06-06,1.2,35.0,24.7,5.86,0.187,Hanumakonda,TS
2021-06-07,1.0,36.0,26.8,5.44,0.175,Hanumakonda,TS
2021-06-08,2.2,35.2,26.6,5.18,0.172,Hanumakonda,TS
2021-06-09,7.1,29.1,25.3,2.42,0.254,Hanumakonda,TS
2021-06-10,7.4,31.4,25.2,3.73,0.309,Hanumakonda,TS
2021-06-11,4.5,30.1,23.5,3.23,0.332,Hanumakonda,TS
2021-06-12,0.0,33.0,26.0,4.68,0.305,Hanumakonda,TS
2021-06-13,13.9,32.3,25.1,3.02,0.351,Hanumakonda,TS
2021-06-14,10.7,29.8,25.0,2.63,0.37,Hanumakonda,TS
2021-06-15,5.2,32.9,25.1,3.37,0.355,Hanumakonda,TS
2021-06-16,2.5,32.1,26.1,4.28,0.323,Hanumakonda,TS
2021-06-17,2.7,30.4,25.2,3.62,0.316,Hanumakonda,TS
2021-06-18,0.3,32.2,24.8,4.29,0.318,Hanumakonda,TS
2021-06-19,2.6,30.0,26.2,3.52,0.301,Hanumakonda,TS
2021-06-20,0.0,34.0,25.9,6.27,0.28,Hanumakonda,TS
2021-06-21,0.2,33.2,26.4,6.19,0.259,Hanumakonda,TS
2021-06-22,0.3,31.6,26.8,3.96,0.247,Hanumakonda,TS
2021-06-23,2.4,29.4,24.6,2.54,0.251,Hanumakonda,TS
2021-06-24,0.3,31.5,25.1,3.6,0.25,Hanumakonda,TS
2021-06-25,0.3,32.7,25.1,4.96,0.254,Hanumakonda,TS
2021-06-26,8.3,32.5,25.8,4.2,0.272,Hanumakonda,TS
2021-06-27,6.8,30.4,24.2,3.2,0.35,Hanumakonda,TS
2021-06-28,10.8,31.7,24.3,4.49,0.362,Hanumakonda,TS
2021-06-29,0.0,35.0,24.7,5.23,0.322,Hanumakonda,TS
2021-06-30,0.6,35.1,26.8,5.03,0.294,Hanumakonda,TS
2021-07-01,0.6,32.1,26.1,3.27,0.288,Hanumakonda,TS
2021-07-02,22.5,28.8,24.4,2.02,0.386,Hanumakonda,TS
2021-07-03,0.0,32.2,25.7,4.87,0.363,Hanumakonda,TS
2021-07-04,0.0,33.3,25.6,5.22,0.339,Hanumakonda,TS
2021-07-05,0.3,32.2,26.3,3.75,0.327,Hanumakonda,TS
2021-07-06,0.7,33.6,24.8,4.65,0.316,Hanumakonda,TS
2021-07-07,3.7,33.7,25.8,4.26,0.315,Hanumakonda,TS
2021-07-08,19.5,28.3,24.4,2.01,0.379,Hanumakonda,TS
2021-07-09,4.3,31.2,24.4,3.84,0.367,Hanumakonda,TS
2021-07-10,8.7,31.3,24.4,3.53,0.355,Hanumakonda,TS
2021-07-11,12.6,30.6,24.9,3.17,0.387,Hanumakonda,TS
2021-07-12,16.0,29.7,24.6,2.5,0.416,Hanumakonda,TS
2021-07-13,6.8,29.2,24.5,2.59,0.406,Hanumakonda,TS
2021-07-14,8.2,28.3,24.1,2.19,0.405,Hanumakonda,TS
2021-07-15,2.7,30.8,24.4,3.73,0.394,Hanumakonda,TS
2021-07-16,3.9,31.3,24.0,4.2,0.379,Hanumakonda,TS
2021-07-17,3.0,32.0,24.3,4.33,0.371,Hanumakonda,TS
2021-07-18,6.1,31.7,24.5,4.19,0.369,Hanumakonda,TS
2021-07-19,5.2,32.0,24.5,4.23,0.383,Hanumakonda,TS
2021-07-20,2.8,31.3,24.9,4.0,0.363,Hanumakonda,TS
2021-07-21,66.1,26.9,24.3,1.86,0.41,Hanumakonda,TS
2021-07-22,91.7,27.7,23.8,1.77,0.427,Hanumakonda,TS
2021-07-23,17.9,28.1,23.8,1.87,0.421,Hanumakonda,TS
2021-07-24,0.1,30.6,24.1,3.7,0.397,Hanumakonda,TS
2021-07-25,0.1,32.8,25.7,5.67,0.373,Hanumakonda,TS
2021-07-26,0.0,32.8,25.8,5.86,0.357,Hanumakonda,TS
2021-07-27,0.0,31.7,26.1,5.06,0.341,Hanumakonda,TS
2021-07-28,0.0,31.5,25.8,4.93,0.328,Hanumakonda,TS
2021-07-29,0.7,31.4,25.8,4.13,0.322,Hanumakonda,TS
2021-07-30,0.0,31.1,25.4,4.33,0.318,Hanumakonda,TS
2021-07-31,0.8,31.6,24.4,4.18,0.31,Hanumakonda,TS
2021-08-01,0.1,31.0,25.5,4.98,0.305,Hanumakonda,TS
2021-08-02,0.6,32.5,25.4,5.76,0.297,Hanumakonda,TS
2021-08-03,0.7,31.6,25.4,5.29,0.291,Hanumakonda,TS
2021-08-04,0.2,32.5,25.9,5.21,0.284,Hanumakonda,TS
2021-08-05,1.1,32.4,26.3,5.68,0.274,Hanumakonda,TS
2021-08-06,4.3,31.0,25.0,2.55,0.289,Hanumakonda,TS
2021-08-07,1.0,32.4,24.2,4.94,0.278,Hanumakonda,TS
2021-08-08,0.4,33.1,25.1,4.51,0.265,Hanumakonda,TS
2021-08-09,0.3,34.4,25.7,4.79,0.254,Hanumakonda,TS
2021-08-10,0.5,33.0,26.2,4.48,0.245,Hanumakonda,TS
2021-08-11,0.8,33.3,26.0,5.33,0.251,Hanumakonda,TS
2021-08-12,11.1,31.8,25.8,4.11,0.28,Hanumakonda,TS
2021-08-13,1.0,31.9,25.7,4.21,0.281,Hanumakonda,TS
2021-08-14,0.3,31.7,25.9,4.35,0.268,Hanumakonda,TS
2021-08-15,1.4,32.0,25.7,4.84,0.26,Hanumakonda,TS
2021-08-16,5.8,28.9,24.6,2.11,0.311,Hanumakonda,TS
2021-08-17,21.7,27.2,24.0,1.52,0.398,Hanumakonda,TS
2021-08-18,5.1,29.0,24.0,2.94,0.376,Hanumakonda,TS
2021-08-19,2.1,31.1,24.1,3.94,0.372,Hanumakonda,TS
2021-08-20,1.6,29.5,24.2,2.56,0.38,Hanumakonda,TS
2021-08-21,5.6,31.5,23.7,3.67,0.366,Hanumakonda,TS
2021-08-22,4.5,31.8,23.7,4.72,0.353,Hanumakonda,TS
2021-08-23,0.5,32.8,23.8,5.02,0.355,Hanumakonda,TS
2021-08-24,2.6,32.5,24.8,4.54,0.321,Hanumakonda,TS
2021-08-25,7.0,31.3,25.2,3.86,0.329,Hanumakonda,TS
2021-08-26,4.7,31.1,25.3,3.53,0.348,Hanumakonda,TS
2021-08-27,0.7,30.9,24.4,3.3,0.333,Hanumakonda,TS
2021-08-28,4.4,30.5,24.9,3.41,0.346,Hanumakonda,TS
2021-08-29,16.1,30.0,24.2,3.5,0.36,Hanumakonda,TS
2021-08-30,12.3,29.2,24.0,2.9,0.38,Hanumakonda,TS
2021-08-31,6.4,29.2,23.7,2.97,0.377,Hanumakonda,TS
2021-09-01,10.3,29.9,23.3,3.7,0.373,Hanumakonda,TS
2021-09-02,7.4,31.4,24.0,4.37,0.363,Hanumakonda,TS
2021-09-03,28.3,30.7,23.3,3.17,0.413,Hanumakonda,TS
2021-09-04,21.7,29.5,23.5,3.39,0.413,Hanumakonda,TS
2021-09-05,11.5,30.4,23.9,3.6,0.411,Hanumakonda,TS
2021-09-06,19.5,27.8,24.1,1.59,0.422,Hanumakonda,TS
2021-09-07,61.5,26.5,23.6,1.99,0.424,Hanumakonda,TS
2021-09-08,1.0,31.7,23.8,4.56,0.397,Hanumakonda,TS
2021-09-09,0.3,31.9,25.0,5.15,0.377,Hanumakonda,TS
2021-09-10,0.1,31.6,25.9,4.38,0.367,Hanumakonda,TS
2021-09-11,1.6,29.6,25.0,2.24,0.37,Hanumakonda,TS
2021-09-12,0.0,31.8,25.5,4.7,0.345,Hanumakonda,TS
2021-09-13,2.3,30.4,25.5,3.15,0.336,Hanumakonda,TS
2021-09-14,1.4,31.1,25.0,3.63,0.358,Hanumakonda,TS
2021-09-15,0.8,32.2,25.4,5.23,0.342,Hanumakonda,TS
2021-09-16,0.2,31.8,24.5,5.24,0.325,Hanumakonda,TS
2021-09-17,0.1,31.6,24.2,4.81,0.304,Hanumakonda,TS
2021-09-18,2.6,29.5,24.8,2.08,0.293,Hanumakonda,TS
2021-09-19,0.4,31.5,24.5,3.73,0.281,Hanumakonda,TS
2021-09-20,13.4,29.5,24.3,2.6,0.345,Hanumakonda,TS
2021-09-21,4.8,28.6,23.9,2.64,0.373,Hanumakonda,TS
2021-09-22,5.0,28.9,23.6,3.19,0.361,Hanumakonda,TS
2021-09-23,8.5,29.2,23.6,2.95,0.386,Hanumakonda,TS
2021-09-24,15.4,30.2,24.0,3.5,0.407,Hanumakonda,TS
2021-09-25,6.7,29.9,24.1,3.42,0.407,Hanumakonda,TS
2021-09-26,5.2,30.0,24.4,3.48,0.391,Hanumakonda,TS
2021-09-27,79.3,25.3,23.6,0.86,0.428,Hanumakonda,TS
2021-09-28,2.6,30.2,23.4,3.56,0.414,Hanumakonda,TS
2021-09-29,0.7,31.3,23.2,4.11,0.397,Hanumakonda,TS
2021-09-30,0.8,31.4,24.1,3.66,0.376,Hanumakonda,TS
2021-10-01,6.1,31.4,24.2,4.18,0.358,Hanumakonda,TS
2021-10-02,2.5,30.9,24.3,3.8,0.375,Hanumakonda,TS
2021-10-03,0.8,31.1,24.7,3.94,0.354,Hanumakonda,TS
2021-10-04,1.4,31.7,24.0,3.91,0.333,Hanumakonda,TS
2021-10-05,6.6,30.7,24.2,3.74,0.343,Hanumakonda,TS
2021-10-06,1.1,31.4,24.3,4.32,0.35,Hanumakonda,TS
2021-10-07,1.0,31.3,24.1,4.0,0.33,Hanumakonda,TS
2021-10-08,3.8,31.1,24.5,3.26,0.323,Hanumakonda,TS
2021-10-09,5.6,31.3,24.2,4.03,0.352,Hanumakonda,TS
2021-10-10,0.4,31.7,23.8,4.53,0.332,Hanumakonda,TS
2021-10-11,0.0,31.6,22.0,4.71,0.308,Hanumakonda,TS
2021-10-12,0.0,31.5,22.9,4.74,0.276,Hanumakonda,TS
2021-10-13,0.1,32.4,23.8,4.95,0.234,Hanumakonda,TS
2021-10-14,0.0,32.8,23.7,4.96,0.222,Hanumakonda,TS
2021-10-15,8.2,32.4,23.6,4.75,0.218,Hanumakonda,TS
2021-10-16,21.1,25.5,23.1,1.26,0.341,Hanumakonda,TS
2021-10-17,5.3,31.2,23.4,3.36,0.312,Hanumakonda,TS
2021-10-18,0.4,33.0,23.7,4.78,0.32,Hanumakonda,TS
2021-10-19,0.0,31.9,24.5,5.14,0.29,Hanumakonda,TS
2021-10-20,0.0,31.0,22.0,4.83,0.268,Hanumakonda,TS
2021-10-21,0.0,31.1,22.2,4.93,0.253,Hanumakonda,TS
2021-10-22,0.0,30.8,21.2,4.9,0.238,Hanumakonda,TS
2021-10-23,0.0,31.2,20.6,4.88,0.226,Hanumakonda,TS
2021-10-24,0.0,31.3,20.4,4.55,0.215,Hanumakonda,TS
2021-10-25,0.0,30.8,20.2,4.52,0.205,Hanumakonda,TS
2021-10-26,0.0,30.3,20.0,4.52,0.195,Hanumakonda,TS
2021-10-27,0.0,30.3,20.0,4.93,0.189,Hanumakonda,TS
2021-10-28,0.0,31.0,21.0,5.13,0.185,Hanumakonda,TS
2021-10-29,0.0,31.2,22.1,4.67,0.179,Hanumakonda,TS
2021-10-30,0.4,31.4,22.6,4.06,0.177,Hanumakonda,TS
2021-10-31,0.1,31.6,22.7,4.32,0.168,Hanumakonda,TS
2021-11-01,0.0,31.8,21.4,4.11,0.158,Hanumakonda,TS
2021-11-02,16.8,29.4,22.7,2.23,0.236,Hanumakonda,TS
2021-11-03,8.5,28.6,21.9,2.59,0.33,Hanumakonda,TS
2021-11-04,0.8,29.9,20.8,3.81,0.324,Hanumakonda,TS
2021-11-05,0.1,30.0,21.3,4.03,0.289,Hanumakonda,TS
2021-11-06,0.0,29.8,20.7,4.13,0.265,Hanumakonda,TS
2021-11-07,0.0,29.5,19.3,4.45,0.246,Hanumakonda,TS
2021-11-08,0.0,28.8,18.7,4.43,0.233,Hanumakonda,TS
2021-11-09,0.0,28.6,18.4,4.42,0.221,Hanumakonda,TS
2021-11-10,0.0,29.2,19.1,4.64,0.215,Hanumakonda,TS
2021-11-11,6.0,27.3,20.7,2.9,0.219,Hanumakonda,TS
2021-11-12,10.2,28.3,21.0,2.02,0.301,Hanumakonda,TS
2021-11-13,2.1,28.9,22.5,2.8,0.35,Hanumakonda,TS
2021-11-14,7.4,29.2,22.6,2.7,0.368,Hanumakonda,TS
2021-11-15,1.1,29.5,22.2,3.4,0.336,Hanumakonda,TS
2021-11-16,1.4,29.1,22.8,2.64,0.327,Hanumakonda,TS
2021-11-17,0.6,30.2,22.4,3.09,0.313,Hanumakonda,TS
2021-11-18,0.0,28.3,22.5,1.88,0.301,Hanumakonda,TS
2021-11-19,9.3,28.3,22.4,1.86,0.32,Hanumakonda,TS
2021-11-20,5.7,28.9,22.8,2.51,0.349,Hanumakonda,TS
2021-11-21,5.5,29.3,22.7,2.77,0.337,Hanumakonda,TS
2021-11-22,0.3,29.8,22.5,2.98,0.309,Hanumakonda,TS
2021-11-23,0.8,29.8,22.9,3.18,0.294,Hanumakonda,TS
2021-11-24,0.2,31.0,22.3,3.78,0.282,Hanumakonda,TS
2021-11-25,0.0,30.7,21.6,3.97,0.266,Hanumakonda,TS
2021-11-26,0.0,30.0,19.4,4.12,0.252,Hanumakonda,TS
2021-11-27,0.0,29.4,18.5,3.99,0.239,Hanumakonda,TS
2021-11-28,0.0,29.2,18.2,3.73,0.232,Hanumakonda,TS
2021-11-29,0.0,28.0,21.4,2.47,0.228,Hanumakonda,TS
2021-11-30,0.0,28.9,20.1,3.55,0.225,Hanumakonda,TS
2021-12-01,0.0,29.8,18.7,3.62,0.218,Hanumakonda,TS
2021-12-02,0.0,28.9,19.4,3.69,0.21,Hanumakonda,TS
2021-12-03,0.0,29.4,19.1,3.67,0.204,Hanumakonda,TS
2021-12-04,0.0,29.4,18.5,4.15,0.199,Hanumakonda,TS
2021-12-05,0.0,29.9,19.6,4.3,0.193,Hanumakonda,TS
2021-12-06,0.0,30.3,19.1,4.03,0.185,Hanumakonda,TS
2021-12-07,0.0,30.5,19.9,4.03,0.179,Hanumakonda,TS
2021-12-08,0.0,30.6,18.6,3.45,0.177,Hanumakonda,TS
2021-12-09,0.4,30.2,20.4,3.34,0.173,Hanumakonda,TS
2021-12-10,0.1,28.5,21.5,2.7,0.172,Hanumakonda,TS
2021-12-11,0.1,30.1,21.5,3.66,0.173,Hanumakonda,TS
2021-12-12,0.0,29.8,19.4,4.19,0.173,Hanumakonda,TS
2021-12-13,0.0,29.0,18.2,3.8,0.173,Hanumakonda,TS
2021-12-14,0.0,28.8,18.1,3.5,0.169,Hanumakonda,TS
2021-12-15,0.0,27.5,17.1,3.52,0.168,Hanumakonda,TS
2021-12-16,0.0,27.8,15.5,3.89,0.168,Hanumakonda,TS
2021-12-17,0.0,27.6,14.2,3.94,0.166,Hanumakonda,TS
2021-12-18,0.0,27.2,14.1,4.05,0.162,Hanumakonda,TS
2021-12-19,0.0,26.8,14.7,3.72,0.161,Hanumakonda,TS
2021-12-20,0.0,26.3,15.2,3.88,0.159,Hanumakonda,TS
2021-12-21,0.0,25.6,11.9,3.95,0.16,Hanumakonda,TS
2021-12-22,0.0,26.7,11.9,4.01,0.157,Hanumakonda,TS
2021-12-23,0.0,28.8,12.9,3.85,0.155,Hanumakonda,TS
2021-12-24,0.0,29.7,14.7,3.92,0.158,Hanumakonda,TS
2021-12-25,0.0,30.5,18.1,3.85,0.158,Hanumakonda,TS
2021-12-26,0.0,29.7,18.4,3.54,0.157,Hanumakonda,TS
2021-12-27,0.0,28.9,18.7,3.43,0.158,Hanumakonda,TS
2021-12-28,0.0,29.0,18.6,3.89,0.162,Hanumakonda,TS
2021-12-29,0.3,28.2,19.1,3.32,0.163,Hanumakonda,TS
2021-12-30,0.9,27.4,18.5,3.31,0.163,Hanumakonda,TS
2021-12-31,0.0,28.4,17.6,3.62,0.164,Hanumakonda,TS
2022-01-01,0.0,28.4,17.1,3.71,0.163,Hanumakonda,TS
2022-01-02,0.0,28.4,16.9,3.84,0.159,Hanumakonda,TS
2022-01-03,0.0,28.0,15.7,3.71,0.153,Hanumakonda,TS
2022-01-04,0.0,28.1,16.3,3.7,0.151,Hanumakonda,TS
2022-01-05,0.0,28.5,17.6,3.65,0.15,Hanumakonda,TS
2022-01-06,0.0,28.5,17.7,3.83,0.151,Hanumakonda,TS
2022-01-07,0.0,28.6,17.8,3.99,0.152,Hanumakonda,TS
2022-01-08,0.0,29.4,19.0,3.79,0.151,Hanumakonda,TS
2022-01-09,0.0,28.8,19.4,3.94,0.152,Hanumakonda,TS
2022-01-10,6.2,27.3,19.3,2.26,0.17,Hanumakonda,TS
2022-01-11,8.4,26.1,18.4,1.82,0.273,Hanumakonda,TS
2022-01-12,7.7,25.0,17.9,2.24,0.349,Hanumakonda,TS
2022-01-13,1.4,24.4,18.3,1.72,0.335,Hanumakonda,TS
2022-01-14,3.7,25.0,17.5,2.13,0.317,Hanumakonda,TS
2022-01-15,0.7,24.9,16.3,2.27,0.307,Hanumakonda,TS
2022-01-16,0.0,26.7,17.2,3.24,0.293,Hanumakonda,TS
2022-01-17,0.3,26.6,17.6,3.21,0.287,Hanumakonda,TS
2022-01-18,0.0,27.0,16.6,3.79,0.273,Hanumakonda,TS
2022-01-19,0.0,26.7,16.0,3.8,0.257,Hanumakonda,TS
2022-01-20,0.0,28.0,16.0,3.85,0.244,Hanumakonda,TS
2022-01-21,0.0,29.0,18.0,4.4,0.232,Hanumakonda,TS
2022-01-22,0.0,29.7,16.5,4.41,0.222,Hanumakonda,TS
2022-01-23,0.0,29.1,19.3,4.09,0.213,Hanumakonda,TS
2022-01-24,0.0,26.0,17.0,4.32,0.204,Hanumakonda,TS
2022-01-25,0.0,26.3,15.8,4.05,0.194,Hanumakonda,TS
2022-01-26,0.0,26.6,15.3,4.19,0.19,Hanumakonda,TS
2022-01-27,0.0,25.8,15.5,4.36,0.188,Hanumakonda,TS
2022-01-28,0.0,25.3,13.7,4.43,0.182,Hanumakonda,TS
2022-01-29,0.0,26.2,12.7,4.27,0.173,Hanumakonda,TS
2022-01-30,0.0,28.2,12.0,4.44,0.166,Hanumakonda,TS
2022-01-31,0.0,29.9,12.7,4.47,0.159,Hanumakonda,TS
2022-02-01,0.0,30.7,15.3,4.64,0.155,Hanumakonda,TS
2022-02-02,0.0,31.7,16.7,4.54,0.145,Hanumakonda,TS
2022-02-03,0.0,31.2,18.8,5.08,0.146,Hanumakonda,TS
2022-02-04,0.0,28.4,17.8,4.86,0.149,Hanumakonda,TS
2022-02-05,0.0,27.9,14.6,4.68,0.152,Hanumakonda,TS
2022-02-06,0.0,29.2,14.9,4.41,0.153,Hanumakonda,TS
2022-02-07,0.0,30.6,17.8,4.4,0.152,Hanumakonda,TS
2022-02-08,0.0,30.8,18.6,4.18,0.149,Hanumakonda,TS
2022-02-09,0.0,30.8,19.6,4.68,0.15,Hanumakonda,TS
2022-02-10,0.1,29.6,19.4,4.1,0.153,Hanumakonda,TS
2022-02-11,0.0,29.0,18.6,4.58,0.157,Hanumakonda,TS
2022-02-12,0.0,28.9,15.9,4.9,0.156,Hanumakonda,TS
2022-02-13,0.0,29.3,13.9,4.77,0.15,Hanumakonda,TS
2022-02-14,0.0,30.1,15.7,4.66,0.151,Hanumakonda,TS
2022-02-15,0.0,30.5,18.1,4.49,0.152,Hanumakonda,TS
2022-02-16,0.0,30.9,19.2,4.14,0.157,Hanumakonda,TS
2022-02-17,0.0,29.8,19.6,4.4,0.16,Hanumakonda,TS
2022-02-18,0.0,30.6,19.0,4.27,0.163,Hanumakonda,TS
2022-02-19,0.0,31.6,19.1,4.99,0.167,Hanumakonda,TS
2022-02-20,0.0,33.8,20.4,5.51,0.166,Hanumakonda,TS
2022-02-21,0.0,31.6,18.6,5.42,0.164,Hanumakonda,TS
2022-02-22,0.0,32.8,17.1,5.23,0.157,Hanumakonda,TS
2022-02-23,0.0,31.9,19.9,5.07,0.153,Hanumakonda,TS
2022-02-24,0.0,32.8,19.9,5.33,0.153,Hanumakonda,TS
2022-02-25,0.0,33.0,20.0,5.34,0.153,Hanumakonda,TS
2022-02-26,0.0,32.1,18.9,5.45,0.148,Hanumakonda,TS
2022-02-27,0.0,32.2,19.3,5.51,0.148,Hanumakonda,TS
2022-02-28,0.0,33.1,19.1,5.93,0.154,Hanumakonda,TS
2022-03-01,0.0,33.8,19.3,5.87,0.159,Hanumakonda,TS
2022-03-02,0.0,33.7,19.3,5.54,0.159,Hanumakonda,TS
2022-03-03,0.0,34.0,20.0,5.52,0.153,Hanumakonda,TS
2022-03-04,0.0,34.0,19.8,5.55,0.162,Hanumakonda,TS
2022-03-05,0.0,33.7,20.3,5.75,0.157,Hanumakonda,TS
2022-03-06,0.0,33.5,21.0,5.33,0.146,Hanumakonda,TS
2022-03-07,0.0,33.8,20.4,5.48,0.146,Hanumakonda,TS
2022-03-08,0.0,34.7,21.1,5.62,0.141,Hanumakonda,TS
2022-03-09,0.0,35.0,20.1,5.86,0.138,Hanumakonda,TS
2022-03-10,0.0,34.4,21.2,5.41,0.138,Hanumakonda,TS
2022-03-11,0.0,34.9,21.5,5.58,0.136,Hanumakonda,TS
2022-03-12,0.0,34.9,21.6,6.15,0.131,Hanumakonda,TS
2022-03-13,0.0,35.3,21.3,6.41,0.13,Hanumakonda,TS
2022-03-14,0.0,35.5,19.6,6.48,0.128,Hanumakonda,TS
2022-03-15,0.0,36.4,19.5,6.37,0.127,Hanumakonda,TS
2022-03-16,0.0,37.8,20.9,6.79,0.13,Hanumakonda,TS
2022-03-17,0.0,38.4,21.5,6.7,0.13,Hanumakonda,TS
2022-03-18,0.0,37.7,22.9,6.47,0.128,Hanumakonda,TS
2022-03-19,0.0,36.2,22.9,5.79,0.128,Hanumakonda,TS
2022-03-20,0.0,36.9,25.6,5.93,0.127,Hanumakonda,TS
2022-03-21,0.4,35.2,25.9,5.33,0.126,Hanumakonda,TS
2022-03-22,0.0,36.8,24.7,5.42,0.125,Hanumakonda,TS
2022-03-23,0.0,38.5,22.9,5.89,0.124,Hanumakonda,TS
2022-03-24,0.0,37.2,24.6,5.5,0.118,Hanumakonda,TS
2022-03-25,0.0,37.4,23.9,5.76,0.124,Hanumakonda,TS
2022-03-26,4.8,37.1,24.5,5.09,0.143,Hanumakonda,TS
2022-03-27,0.0,38.6,24.9,5.91,0.14,Hanumakonda,TS
2022-03-28,0.0,39.4,25.5,6.32,0.119,Hanumakonda,TS
2022-03-29,0.0,39.6,25.1,7.03,0.117,Hanumakonda,TS
2022-03-30,0.0,40.0,24.7,7.07,0.118,Hanumakonda,TS
2022-03-31,0.0,39.7,25.0,6.88,0.117,Hanumakonda,TS
2022-04-01,0.0,38.6,24.5,6.5,0.12,Hanumakonda,TS
2022-04-02,0.0,38.0,24.9,6.63,0.126,Hanumakonda,TS
2022-04-03,0.0,38.7,24.2,6.43,0.125,Hanumakonda,TS
2022-04-04,0.0,38.1,25.4,6.89,0.124,Hanumakonda,TS
2022-04-05,0.0,38.1,24.8,6.95,0.122,Hanumakonda,TS
2022-04-06,0.0,38.4,24.7,6.81,0.129,Hanumakonda,TS
2022-04-07,0.0,38.4,25.5,6.93,0.146,Hanumakonda,TS
2022-04-08,0.0,37.8,24.8,6.76,0.147,Hanumakonda,TS
2022-04-09,0.0,37.8,24.7,6.28,0.144,Hanumakonda,TS
2022-04-10,0.0,38.2,24.8,6.7,0.143,Hanumakonda,TS
2022-04-11,0.0,38.1,24.9,6.33,0.137,Hanumakonda,TS
2022-04-12,0.0,38.8,24.6,6.68,0.135,Hanumakonda,TS
2022-04-13,0.0,38.9,24.4,7.12,0.139,Hanumakonda,TS
2022-04-14,0.0,38.9,25.0,6.14,0.144,Hanumakonda,TS
2022-04-15,0.0,39.4,26.4,6.04,0.165,Hanumakonda,TS
2022-04-16,0.0,38.7,27.3,6.37,0.209,Hanumakonda,TS
2022-04-17,0.0,38.3,26.9,6.4,0.195,Hanumakonda,TS
2022-04-18,0.0,38.4,26.2,6.55,0.185,Hanumakonda,TS
2022-04-19,0.0,39.7,26.1,7.04,0.166,Hanumakonda,TS
2022-04-20,0.0,41.3,26.8,7.27,0.151,Hanumakonda,TS
2022-04-21,0.0,39.1,26.3,7.06,0.14,Hanumakonda,TS
2022-04-22,1.1,37.9,26.0,6.09,0.143,Hanumakonda,TS
2022-04-23,0.3,37.6,25.8,5.92,0.142,Hanumakonda,TS
2022-04-24,0.0,38.7,26.4,7.08,0.14,Hanumakonda,TS
2022-04-25,0.0,40.3,27.0,7.06,0.138,Hanumakonda,TS
2022-04-26,0.0,39.7,26.9,7.06,0.138,Hanumakonda,TS
2022-04-27,0.2,39.7,27.0,7.08,0.138,Hanumakonda,TS
2022-04-28,0.0,40.5,27.5,7.49,0.137,Hanumakonda,TS
2022-04-29,0.0,40.4,27.2,7.39,0.142,Hanumakonda,TS
2022-04-30,0.0,40.6,27.4,7.08,0.142,Hanumakonda,TS
2022-05-01,0.0,40.4,27.5,7.64,0.145,Hanumakonda,TS
2022-05-02,0.0,39.7,27.3,6.88,0.141,Hanumakonda,TS
2022-05-03,0.0,40.0,27.7,6.91,0.137,Hanumakonda,TS
2022-05-04,0.0,37.7,25.7,5.86,0.136,Hanumakonda,TS
2022-05-05,0.0,38.2,27.6,6.41,0.139,Hanumakonda,TS
2022-05-06,0.0,39.3,27.0,7.17,0.141,Hanumakonda,TS
2022-05-07,0.0,39.9,26.8,6.79,0.133,Hanumakonda,TS
2022-05-08,0.0,38.5,28.4,6.58,0.126,Hanumakonda,TS
2022-05-09,0.0,39.0,26.8,7.33,0.123,Hanumakonda,TS
2022-05-10,0.0,36.6,27.5,5.73,0.124,Hanumakonda,TS
2022-05-11,2.6,34.5,28.0,4.23,0.131,Hanumakonda,TS
2022-05-12,1.0,35.3,26.9,5.28,0.143,Hanumakonda,TS
2022-05-13,0.0,37.5,25.2,6.29,0.139,Hanumakonda,TS
2022-05-14,0.0,40.0,26.5,6.85,0.135,Hanumakonda,TS
2022-05-15,0.2,39.8,27.1,6.81,0.132,Hanumakonda,TS
2022-05-16,0.0,38.7,27.3,6.34,0.129,Hanumakonda,TS
2022-05-17,0.4,37.2,27.1,5.82,0.129,Hanumakonda,TS
2022-05-18,3.2,37.8,26.7,5.66,0.137,Hanumakonda,TS
2022-05-19,6.4,35.7,25.8,4.85,0.152,Hanumakonda,TS
2022-05-20,0.3,37.7,25.8,5.71,0.132,Hanumakonda,TS
2022-05-21,0.0,36.5,27.2,6.15,0.13,Hanumakonda,TS
2022-05-22,0.0,39.5,28.9,8.95,0.127,Hanumakonda,TS
2022-05-23,0.0,39.4,29.7,8.75,0.126,Hanumakonda,TS
2022-05-24,0.0,40.3,29.6,8.11,0.125,Hanumakonda,TS
2022-05-25,0.0,38.5,27.3,6.75,0.131,Hanumakonda,TS
2022-05-26,0.0,39.6,27.5,6.81,0.137,Hanumakonda,TS
2022-05-27,6.2,39.3,24.6,6.95,0.149,Hanumakonda,TS
2022-05-28,0.0,39.4,28.8,8.38,0.14,Hanumakonda,TS
2022-05-29,0.0,39.2,29.9,7.77,0.138,Hanumakonda,TS
2022-05-30,0.0,39.8,28.7,8.15,0.137,Hanumakonda,TS
2022-05-31,0.8,39.2,29.4,7.11,0.136,Hanumakonda,TS
2022-06-01,0.0,38.6,28.8,7.19,0.132,Hanumakonda,TS
2022-06-02,0.0,40.5,30.1,7.47,0.128,Hanumakonda,TS
2022-06-03,0.0,41.1,29.6,8.46,0.127,Hanumakonda,TS
2022-06-04,0.0,41.3,31.6,8.68,0.126,Hanumakonda,TS
2022-06-05,0.0,41.6,29.9,7.21,0.127,Hanumakonda,TS
2022-06-06,0.0,41.1,30.1,8.28,0.129,Hanumakonda,TS
2022-06-07,0.0,41.0,29.2,8.19,0.144,Hanumakonda,TS
2022-06-08,0.0,39.1,31.0,8.27,0.141,Hanumakonda,TS
2022-06-09,0.0,38.9,29.3,6.34,0.137,Hanumakonda,TS
2022-06-10,0.2,39.5,30.4,6.8,0.135,Hanumakonda,TS
2022-06-11,0.0,38.0,28.7,6.87,0.136,Hanumakonda,TS
2022-06-12,4.6,36.5,27.0,5.11,0.151,Hanumakonda,TS
2022-06-13,0.7,34.6,25.6,4.22,0.164,Hanumakonda,TS
2022-06-14,0.0,36.9,26.0,6.27,0.157,Hanumakonda,TS
2022-06-15,6.7,35.8,24.2,5.68,0.258,Hanumakonda,TS
2022-06-16,1.6,34.4,24.4,4.76,0.287,Hanumakonda,TS
2022-06-17,0.8,35.2,25.1,5.63,0.249,Hanumakonda,TS
2022-06-18,1.1,34.8,26.2,5.77,0.265,Hanumakonda,TS
2022-06-19,2.2,34.1,26.5,4.6,0.252,Hanumakonda,TS
2022-06-20,21.0,34.9,25.2,4.41,0.285,Hanumakonda,TS
2022-06-21,15.6,31.6,24.3,2.83,0.37,Hanumakonda,TS
2022-06-22,15.4,30.0,24.9,2.47,0.379,Hanumakonda,TS
2022-06-23,1.6,33.8,25.1,4.54,0.327,Hanumakonda,TS
2022-06-24,1.6,32.3,24.9,3.52,0.322,Hanumakonda,TS
2022-06-25,3.5,31.9,24.8,3.34,0.338,Hanumakonda,TS
2022-06-26,12.1,29.6,24.4,2.5,0.393,Hanumakonda,TS
2022-06-27,12.9,30.9,24.3,3.64,0.393,Hanumakonda,TS
2022-06-28,8.4,30.3,24.3,3.41,0.393,Hanumakonda,TS
2022-06-29,4.2,32.2,24.8,4.03,0.367,Hanumakonda,TS
2022-06-30,5.2,32.6,26.0,3.78,0.346,Hanumakonda,TS
2022-07-01,18.7,32.6,25.0,4.8,0.37,Hanumakonda,TS
2022-07-02,1.5,31.3,25.5,4.0,0.377,Hanumakonda,TS
2022-07-03,24.0,30.4,24.5,2.6,0.41,Hanumakonda,TS
2022-07-04,26.6,30.9,24.2,3.38,0.42,Hanumakonda,TS
2022-07-05,11.2,31.5,24.3,3.33,0.413,Hanumakonda,TS
2022-07-06,15.0,28.4,24.3,1.69,0.42,Hanumakonda,TS
2022-07-07,10.4,30.6,24.7,3.39,0.41,Hanumakonda,TS
2022-07-08,53.6,25.2,24.2,1.11,0.427,Hanumakonda,TS
2022-07-09,93.9,25.3,23.6,1.3,0.43,Hanumakonda,TS
2022-07-10,110.7,24.5,23.6,1.38,0.43,Hanumakonda,TS
2022-07-11,57.3,25.0,23.5,1.28,0.43,Hanumakonda,TS
2022-07-12,84.5,25.6,23.4,1.56,0.43,Hanumakonda,TS
2022-07-13,18.7,27.8,23.4,2.93,0.426,Hanumakonda,TS
2022-07-14,39.5,27.2,23.3,2.06,0.427,Hanumakonda,TS
2022-07-15,15.5,29.5,23.7,3.13,0.419,Hanumakonda,TS
2022-07-16,6.3,31.7,24.9,4.24,0.411,Hanumakonda,TS
2022-07-17,22.1,26.9,24.6,1.66,0.425,Hanumakonda,TS
2022-07-18,8.4,31.4,24.1,4.06,0.422,Hanumakonda,TS
2022-07-19,0.0,32.2,23.7,5.58,0.403,Hanumakonda,TS
2022-07-20,0.4,32.3,24.7,5.11,0.385,Hanumakonda,TS
2022-07-21,16.7,31.1,24.0,3.93,0.4,Hanumakonda,TS
2022-07-22,33.7,29.5,24.5,3.18,0.412,Hanumakonda,TS
2022-07-23,30.9,27.9,24.0,1.95,0.426,Hanumakonda,TS
2022-07-24,19.2,29.4,24.0,2.34,0.424,Hanumakonda,TS
2022-07-25,10.5,30.7,23.7,4.02,0.421,Hanumakonda,TS
2022-07-26,16.6,30.2,23.2,3.18,0.418,Hanumakonda,TS
2022-07-27,3.8,31.1,22.6,4.34,0.413,Hanumakonda,TS
2022-07-28,11.4,31.6,23.5,4.36,0.414,Hanumakonda,TS
2022-07-29,6.2,32.1,23.6,4.62,0.413,Hanumakonda,TS
2022-07-30,8.8,30.9,24.2,4.02,0.416,Hanumakonda,TS
2022-07-31,4.3,31.9,24.6,4.37,0.402,Hanumakonda,TS
2022-08-01,3.2,32.2,24.2,4.46,0.379,Hanumakonda,TS
2022-08-02,1.8,32.1,25.2,4.2,0.371,Hanumakonda,TS
2022-08-03,15.1,30.8,24.6,3.85,0.396,Hanumakonda,TS
2022-08-04,1.4,30.5,23.9,3.73,0.401,Hanumakonda,TS
2022-08-05,8.9,31.4,24.2,3.92,0.405,Hanumakonda,TS
2022-08-06,4.2,30.8,24.2,3.44,0.405,Hanumakonda,TS
2022-08-07,18.0,29.6,24.3,2.53,0.423,Hanumakonda,TS
2022-08-08,25.1,26.6,23.9,1.95,0.426,Hanumakonda,TS
2022-08-09,21.2,27.2,23.7,2.31,0.427,Hanumakonda,TS
2022-08-10,3.3,31.1,23.4,4.46,0.417,Hanumakonda,TS
2022-08-11,0.0,30.8,25.4,4.43,0.401,Hanumakonda,TS
2022-08-12,0.4,31.7,25.5,5.16,0.388,Hanumakonda,TS
2022-08-13,1.7,31.1,25.1,4.69,0.376,Hanumakonda,TS
2022-08-14,34.9,26.2,24.1,1.58,0.429,Hanumakonda,TS
2022-08-15,14.5,29.4,23.7,3.24,0.421,Hanumakonda,TS
2022-08-16,0.1,32.1,23.3,5.39,0.401,Hanumakonda,TS
2022-08-17,0.2,32.7,24.0,5.53,0.38,Hanumakonda,TS
2022-08-18,0.6,32.5,25.3,5.52,0.363,Hanumakonda,TS
2022-08-19,0.1,30.8,26.0,4.28,0.355,Hanumakonda,TS
2022-08-20,0.9,31.8,26.1,4.83,0.354,Hanumakonda,TS
2022-08-21,0.0,32.2,25.5,5.63,0.344,Hanumakonda,TS
2022-08-22,0.0,31.7,25.8,5.61,0.33,Hanumakonda,TS
2022-08-23,1.0,32.8,25.0,5.34,0.321,Hanumakonda,TS
2022-08-24,0.2,32.5,25.1,4.87,0.309,Hanumakonda,TS
2022-08-25,0.9,31.5,23.5,4.27,0.302,Hanumakonda,TS
2022-08-26,0.1,32.0,24.0,5.1,0.297,Hanumakonda,TS
2022-08-27,0.3,32.2,24.7,4.77,0.29,Hanumakonda,TS
2022-08-28,0.1,32.7,25.5,4.86,0.28,Hanumakonda,TS
2022-08-29,22.5,30.5,24.1,3.87,0.309,Hanumakonda,TS
2022-08-30,11.9,32.3,23.2,4.96,0.37,Hanumakonda,TS
2022-08-31,6.2,31.0,23.6,3.25,0.363,Hanumakonda,TS
2022-09-01,3.1,31.5,24.4,4.71,0.344,Hanumakonda,TS
2022-09-02,0.2,32.9,24.0,4.95,0.327,Hanumakonda,TS
2022-09-03,1.6,32.8,24.6,4.91,0.31,Hanumakonda,TS
2022-09-04,11.5,30.7,23.7,3.69,0.351,Hanumakonda,TS
2022-09-05,2.0,32.1,23.8,4.49,0.324,Hanumakonda,TS
2022-09-06,0.2,31.7,23.8,4.07,0.334,Hanumakonda,TS
2022-09-07,14.9,31.6,23.8,3.43,0.36,Hanumakonda,TS
2022-09-08,14.6,29.7,23.6,2.45,0.397,Hanumakonda,TS
2022-09-09,11.6,28.7,23.4,2.31,0.418,Hanumakonda,TS
2022-09-10,35.8,27.6,24.2,1.71,0.423,Hanumakonda,TS
2022-09-11,45.1,26.3,23.5,1.08,0.43,Hanumakonda,TS
2022-09-12,2.7,30.6,23.9,3.58,0.419,Hanumakonda,TS
2022-09-13,0.4,31.2,24.3,4.4,0.402,Hanumakonda,TS
2022-09-14,0.3,31.6,24.4,5.28,0.389,Hanumakonda,TS
2022-09-15,0.1,31.8,24.2,5.05,0.376,Hanumakonda,TS
2022-09-16,0.1,31.9,24.7,5.09,0.362,Hanumakonda,TS
2022-09-17,1.8,31.8,24.6,4.73,0.349,Hanumakonda,TS
2022-09-18,3.5,31.2,24.3,4.25,0.337,Hanumakonda,TS
2022-09-19,10.5,30.2,24.2,2.51,0.356,Hanumakonda,TS
2022-09-20,3.0,28.9,23.8,2.67,0.397,Hanumakonda,TS
2022-09-21,0.6,30.3,24.7,3.97,0.381,Hanumakonda,TS
2022-09-22,7.3,30.0,23.2,2.88,0.38,Hanumakonda,TS
2022-09-23,3.4,30.8,23.5,4.04,0.38,Hanumakonda,TS
2022-09-24,0.0,30.7,23.5,4.7,0.367,Hanumakonda,TS
2022-09-25,0.4,31.0,23.0,4.56,0.347,Hanumakonda,TS
2022-09-26,11.0,30.9,23.6,3.62,0.35,Hanumakonda,TS
2022-09-27,12.2,30.1,23.3,3.26,0.39,Hanumakonda,TS
2022-09-28,14.6,30.9,23.9,3.3,0.382,Hanumakonda,TS
2022-09-29,20.8,29.3,23.1,2.73,0.413,Hanumakonda,TS
2022-09-30,8.5,30.3,23.6,3.22,0.403,Hanumakonda,TS
2022-10-01,0.7,30.6,23.2,3.89,0.389,Hanumakonda,TS
2022-10-02,0.4,31.3,24.6,4.89,0.368,Hanumakonda,TS
2022-10-03,0.0,31.7,24.3,5.48,0.351,Hanumakonda,TS
2022-10-04,0.1,30.3,24.3,3.75,0.337,Hanumakonda,TS
2022-10-05,17.2,29.6,23.2,2.77,0.365,Hanumakonda,TS
2022-10-06,19.4,27.9,22.7,1.95,0.414,Hanumakonda,TS
2022-10-07,1.8,29.6,22.9,3.64,0.41,Hanumakonda,TS
2022-10-08,7.5,30.2,22.8,3.89,0.398,Hanumakonda,TS
2022-10-09,14.3,29.5,23.0,3.03,0.394,Hanumakonda,TS
2022-10-10,2.6,29.3,22.9,2.87,0.399,Hanumakonda,TS
2022-10-11,1.4,30.1,23.3,4.15,0.382,Hanumakonda,TS
2022-10-12,3.9,30.0,23.2,3.95,0.359,Hanumakonda,TS
2022-10-13,3.2,29.5,22.2,3.15,0.375,Hanumakonda,TS
2022-10-14,7.8,29.0,23.0,2.72,0.381,Hanumakonda,TS
2022-10-15,23.2,28.7,23.1,2.39,0.4,Hanumakonda,TS
2022-10-16,5.1,27.3,22.2,2.49,0.399,Hanumakonda,TS
2022-10-17,2.1,30.7,22.1,3.98,0.372,Hanumakonda,TS
2022-10-18,3.0,29.6,22.4,3.41,0.37,Hanumakonda,TS
2022-10-19,4.1,30.2,22.5,3.86,0.374,Hanumakonda,TS
2022-10-20,2.9,30.1,22.1,3.76,0.376,Hanumakonda,TS
2022-10-21,0.0,30.1,22.0,4.4,0.351,Hanumakonda,TS
2022-10-22,0.0,28.8,19.5,4.72,0.336,Hanumakonda,TS
2022-10-23,0.0,29.1,18.3,4.97,0.324,Hanumakonda,TS
2022-10-24,0.0,29.0,19.5,4.97,0.31,Hanumakonda,TS
2022-10-25,0.0,29.4,18.1,4.85,0.294,Hanumakonda,TS
2022-10-26,0.0,29.9,17.5,4.57,0.281,Hanumakonda,TS
2022-10-27,0.0,29.7,18.4,4.58,0.269,Hanumakonda,TS
2022-10-28,0.0,29.5,18.3,4.79,0.256,Hanumakonda,TS
2022-10-29,0.0,28.9,17.1,4.82,0.246,Hanumakonda,TS
2022-10-30,0.0,28.7,16.8,4.65,0.24,Hanumakonda,TS
2022-10-31,0.0,28.4,18.0,4.48,0.23,Hanumakonda,TS
2022-11-01,0.0,29.3,19.4,3.95,0.227,Hanumakonda,TS
2022-11-02,0.0,28.3,21.0,2.79,0.232,Hanumakonda,TS
2022-11-03,0.1,30.1,21.2,3.99,0.227,Hanumakonda,TS
2022-11-04,0.0,30.2,20.2,4.09,0.223,Hanumakonda,TS
2022-11-05,0.0,30.6,19.7,4.44,0.221,Hanumakonda,TS
2022-11-06,0.0,30.3,19.4,4.4,0.222,Hanumakonda,TS
2022-11-07,0.0,30.3,20.3,4.49,0.219,Hanumakonda,TS
2022-11-08,0.0,30.2,18.6,4.41,0.213,Hanumakonda,TS
2022-11-09,0.0,29.6,17.6,4.46,0.209,Hanumakonda,TS
2022-11-10,0.0,29.5,17.5,4.49,0.204,Hanumakonda,TS
2022-11-11,0.0,29.3,18.5,4.5,0.201,Hanumakonda,TS
2022-11-12,0.0,29.1,18.5,4.3,0.2,Hanumakonda,TS
2022-11-13,0.0,29.5,17.9,4.23,0.2,Hanumakonda,TS
2022-11-14,0.0,29.4,17.4,4.24,0.2,Hanumakonda,TS
2022-11-15,0.0,28.8,17.0,4.35,0.198,Hanumakonda,TS
2022-11-16,0.0,28.5,16.2,4.39,0.198,Hanumakonda,TS
2022-11-17,0.0,28.2,15.8,4.33,0.195,Hanumakonda,TS
2022-11-18,0.0,28.0,16.0,4.53,0.192,Hanumakonda,TS
2022-11-19,0.0,26.7,16.4,4.27,0.196,Hanumakonda,TS
2022-11-20,0.0,26.0,15.4,4.3,0.197,Hanumakonda,TS
2022-11-21,0.0,27.7,18.2,3.75,0.2,Hanumakonda,TS
2022-11-22,0.0,29.4,20.6,4.2,0.202,Hanumakonda,TS
2022-11-23,0.0,30.1,20.7,3.57,0.197,Hanumakonda,TS
2022-11-24,0.0,29.8,21.4,3.96,0.198,Hanumakonda,TS
2022-11-25,0.0,29.5,19.4,4.08,0.194,Hanumakonda,TS
2022-11-26,0.0,28.3,17.2,4.19,0.19,Hanumakonda,TS
2022-11-27,0.0,28.1,15.4,4.17,0.19,Hanumakonda,TS
2022-11-28,0.0,28.1,14.6,4.03,0.188,Hanumakonda,TS
2022-11-29,0.0,28.1,14.6,4.06,0.187,Hanumakonda,TS
2022-11-30,0.0,28.4,15.0,3.89,0.187,Hanumakonda,TS
2022-12-01,0.0,29.1,17.4,3.89,0.188,Hanumakonda,TS
2022-12-02,0.0,30.0,19.1,3.55,0.192,Hanumakonda,TS
2022-12-03,0.1,29.9,20.4,3.54,0.185,Hanumakonda,TS
2022-12-04,0.0,29.8,20.2,3.98,0.184,Hanumakonda,TS
2022-12-05,0.0,28.7,16.8,3.85,0.187,Hanumakonda,TS
2022-12-06,0.0,28.8,16.6,3.93,0.187,Hanumakonda,TS
2022-12-07,0.0,28.0,17.4,3.98,0.194,Hanumakonda,TS
2022-12-08,0.0,26.1,16.4,4.26,0.203,Hanumakonda,TS
2022-12-09,0.0,26.5,15.4,3.58,0.208,Hanumakonda,TS
2022-12-10,6.3,27.8,19.1,2.82,0.254,Hanumakonda,TS
2022-12-11,16.8,28.0,21.0,2.36,0.373,Hanumakonda,TS
2022-12-12,0.5,29.3,19.8,3.29,0.359,Hanumakonda,TS
2022-12-13,0.4,28.7,22.1,2.45,0.338,Hanumakonda,TS
2022-12-14,0.3,29.8,21.1,3.27,0.325,Hanumakonda,TS
2022-12-15,0.0,29.5,20.4,3.35,0.31,Hanumakonda,TS
2022-12-16,0.0,29.9,21.5,3.53,0.299,Hanumakonda,TS
2022-12-17,0.0,29.7,21.2,3.71,0.288,Hanumakonda,TS
2022-12-18,0.0,27.9,18.1,3.79,0.277,Hanumakonda,TS
2022-12-19,0.0,27.8,16.2,3.67,0.267,Hanumakonda,TS
2022-12-20,0.0,28.5,16.9,3.69,0.258,Hanumakonda,TS
2022-12-21,0.0,28.8,15.6,3.65,0.251,Hanumakonda,TS
2022-12-22,0.0,28.6,14.6,3.66,0.247,Hanumakonda,TS
2022-12-23,0.0,28.8,15.8,3.69,0.241,Hanumakonda,TS
2022-12-24,0.0,29.6,16.9,3.84,0.235,Hanumakonda,TS
2022-12-25,0.0,29.7,17.3,3.82,0.231,Hanumakonda,TS
2022-12-26,0.1,29.5,18.8,3.11,0.225,Hanumakonda,TS
2022-12-27,0.0,30.2,21.3,3.41,0.226,Hanumakonda,TS
2022-12-28,0.1,30.6,20.4,3.48,0.223,Hanumakonda,TS
2022-12-29,0.0,30.2,20.1,3.71,0.216,Hanumakonda,TS
2022-12-30,0.0,30.7,18.9,3.84,0.213,Hanumakonda,TS
2022-12-31,0.0,30.8,18.5,3.92,0.212,Hanumakonda,TS
2023-01-01,0.0,30.6,18.5,3.77,0.21,Hanumakonda,TS
2023-01-02,0.0,29.6,18.8,3.53,0.208,Hanumakonda,TS
2023-01-03,0.1,29.2,19.2,3.42,0.206,Hanumakonda,TS
2023-01-04,0.2,29.0,19.8,3.46,0.208,Hanumakonda,TS
2023-01-05,2.6,25.5,19.9,1.74,0.248,Hanumakonda,TS
2023-01-06,0.2,27.6,19.0,3.33,0.281,Hanumakonda,TS
2023-01-07,0.0,26.8,17.1,3.87,0.273,Hanumakonda,TS
2023-01-08,0.0,25.3,13.6,3.89,0.259,Hanumakonda,TS
2023-01-09,0.0,26.3,13.5,3.81,0.249,Hanumakonda,TS
2023-01-10,0.0,27.8,13.5,3.94,0.241,Hanumakonda,TS
2023-01-11,0.0,28.2,13.7,3.8,0.232,Hanumakonda,TS
2023-01-12,0.0,29.5,14.5,4.06,0.225,Hanumakonda,TS
2023-01-13,0.0,29.4,15.8,4.0,0.218,Hanumakonda,TS
2023-01-14,0.0,29.4,17.2,4.02,0.214,Hanumakonda,TS
2023-01-15,0.0,29.5,16.2,3.81,0.207,Hanumakonda,TS
2023-01-16,0.0,29.4,17.5,4.18,0.202,Hanumakonda,TS
2023-01-17,0.0,29.0,17.3,4.22,0.198,Hanumakonda,TS
2023-01-18,0.0,29.5,17.2,4.05,0.195,Hanumakonda,TS
2023-01-19,0.0,29.0,17.4,3.99,0.193,Hanumakonda,TS
2023-01-20,0.0,28.6,18.2,4.0,0.189,Hanumakonda,TS
2023-01-21,0.0,29.1,18.4,3.89,0.187,Hanumakonda,TS
2023-01-22,0.0,28.8,17.5,3.9,0.189,Hanumakonda,TS
2023-01-23,0.0,28.8,17.5,4.01,0.191,Hanumakonda,TS
2023-01-24,0.0,28.9,18.3,4.38,0.193,Hanumakonda,TS
2023-01-25,0.0,28.5,17.5,4.02,0.191,Hanumakonda,TS
2023-01-26,0.0,29.3,16.9,3.97,0.188,Hanumakonda,TS
2023-01-27,0.0,29.8,15.1,4.07,0.183,Hanumakonda,TS
2023-01-28,0.0,30.1,16.4,4.2,0.183,Hanumakonda,TS
2023-01-29,0.0,30.0,18.1,4.61,0.18,Hanumakonda,TS
2023-01-30,0.0,29.9,18.2,4.37,0.177,Hanumakonda,TS
2023-01-31,0.0,30.3,18.6,4.16,0.184,Hanumakonda,TS
2023-02-01,0.0,30.0,18.4,4.55,0.185,Hanumakonda,TS
2023-02-02,0.0,29.3,16.9,4.81,0.185,Hanumakonda,TS
2023-02-03,0.0,29.6,15.2,4.71,0.181,Hanumakonda,TS
2023-02-04,0.0,30.1,15.9,4.62,0.176,Hanumakonda,TS
2023-02-05,0.0,29.8,15.3,4.59,0.172,Hanumakonda,TS
2023-02-06,0.0,30.8,15.0,4.52,0.166,Hanumakonda,TS
2023-02-07,0.0,32.3,18.8,4.68,0.162,Hanumakonda,TS
2023-02-08,0.0,31.9,19.8,4.67,0.159,Hanumakonda,TS
2023-02-09,0.0,31.7,19.4,4.49,0.155,Hanumakonda,TS
2023-02-10,0.0,32.3,16.0,4.99,0.152,Hanumakonda,TS
2023-02-11,0.0,33.2,17.5,5.14,0.153,Hanumakonda,TS
2023-02-12,0.0,32.6,18.2,5.66,0.15,Hanumakonda,TS
2023-02-13,0.0,30.8,16.9,5.57,0.147,Hanumakonda,TS
2023-02-14,0.0,30.6,15.5,5.53,0.142,Hanumakonda,TS
2023-02-15,0.0,32.3,16.0,5.52,0.138,Hanumakonda,TS
2023-02-16,0.0,32.8,16.1,5.67,0.137,Hanumakonda,TS
2023-02-17,0.0,32.1,16.6,5.05,0.136,Hanumakonda,TS
2023-02-18,0.0,31.8,17.0,4.76,0.135,Hanumakonda,TS
2023-02-19,0.0,32.3,19.0,4.87,0.137,Hanumakonda,TS
2023-02-20,0.0,33.2,19.5,4.96,0.138,Hanumakonda,TS
2023-02-21,0.0,34.4,18.9,5.5,0.136,Hanumakonda,TS
2023-02-22,0.0,34.3,18.8,5.56,0.135,Hanumakonda,TS
2023-02-23,0.0,34.2,19.8,5.58,0.134,Hanumakonda,TS
2023-02-24,0.0,34.5,19.2,5.86,0.137,Hanumakonda,TS
2023-02-25,0.0,34.4,17.8,5.75,0.131,Hanumakonda,TS
2023-02-26,0.0,34.5,19.4,5.94,0.13,Hanumakonda,TS
2023-02-27,0.0,33.8,20.3,6.26,0.129,Hanumakonda,TS
2023-02-28,0.0,33.4,20.5,6.09,0.135,Hanumakonda,TS
2023-03-01,0.0,33.4,20.5,6.04,0.132,Hanumakonda,TS
2023-03-02,0.0,34.1,19.6,5.96,0.127,Hanumakonda,TS
2023-03-03,0.0,34.9,20.4,6.27,0.127,Hanumakonda,TS
2023-03-04,0.0,35.1,21.3,6.25,0.126,Hanumakonda,TS
2023-03-05,0.0,35.1,21.3,6.29,0.122,Hanumakonda,TS
2023-03-06,0.0,35.4,21.5,6.22,0.125,Hanumakonda,TS
2023-03-07,0.0,32.8,20.2,6.21,0.125,Hanumakonda,TS
2023-03-08,0.0,33.9,20.8,5.15,0.124,Hanumakonda,TS
2023-03-09,0.0,34.3,20.0,5.51,0.124,Hanumakonda,TS
2023-03-10,0.0,34.2,21.2,5.67,0.12,Hanumakonda,TS
2023-03-11,0.0,34.0,20.8,5.71,0.126,Hanumakonda,TS
2023-03-12,0.0,34.5,21.3,6.09,0.125,Hanumakonda,TS
2023-03-13,0.0,35.0,21.2,6.26,0.123,Hanumakonda,TS
2023-03-14,0.0,35.1,22.1,6.34,0.123,Hanumakonda,TS
2023-03-15,0.0,34.8,20.6,5.73,0.123,Hanumakonda,TS
2023-03-16,4.6,32.4,21.7,4.42,0.127,Hanumakonda,TS
2023-03-17,30.5,26.8,19.6,2.24,0.359,Hanumakonda,TS
2023-03-18,16.4,26.6,20.0,2.64,0.362,Hanumakonda,TS
2023-03-19,6.6,29.2,19.2,4.46,0.388,Hanumakonda,TS
2023-03-20,0.9,28.3,20.8,3.82,0.356,Hanumakonda,TS
2023-03-21,0.2,31.9,21.1,4.84,0.325,Hanumakonda,TS
2023-03-22,0.5,31.6,20.9,4.59,0.303,Hanumakonda,TS
2023-03-23,0.0,32.5,20.8,5.14,0.285,Hanumakonda,TS
2023-03-24,0.0,33.3,22.2,4.99,0.271,Hanumakonda,TS
2023-03-25,9.9,32.2,23.3,3.95,0.294,Hanumakonda,TS
2023-03-26,0.8,32.7,23.3,4.28,0.332,Hanumakonda,TS
2023-03-27,2.9,33.5,22.2,5.13,0.322,Hanumakonda,TS
2023-03-28,0.6,33.5,22.3,4.94,0.284,Hanumakonda,TS
2023-03-29,0.0,34.6,23.6,6.01,0.263,Hanumakonda,TS
2023-03-30,0.0,35.1,23.1,6.15,0.247,Hanumakonda,TS
2023-03-31,6.0,33.6,22.9,5.05,0.263,Hanumakonda,TS
2023-04-01,0.2,34.2,23.3,5.41,0.221,Hanumakonda,TS
2023-04-02,0.0,35.0,23.4,5.44,0.217,Hanumakonda,TS
2023-04-03,0.0,33.6,23.2,4.31,0.212,Hanumakonda,TS
2023-04-04,0.5,34.8,25.6,4.99,0.211,Hanumakonda,TS
2023-04-05,2.7,34.4,23.5,5.3,0.21,Hanumakonda,TS
2023-04-06,12.2,32.3,23.8,4.06,0.25,Hanumakonda,TS
2023-04-07,10.0,32.1,23.4,4.09,0.264,Hanumakonda,TS
2023-04-08,0.0,33.7,22.1,5.37,0.297,Hanumakonda,TS
2023-04-09,0.0,35.1,23.1,5.59,0.263,Hanumakonda,TS
2023-04-10,0.0,35.1,22.3,5.56,0.237,Hanumakonda,TS
2023-04-11,0.0,37.2,23.9,6.28,0.219,Hanumakonda,TS
2023-04-12,0.0,37.9,24.2,6.27,0.207,Hanumakonda,TS
2023-04-13,0.0,38.8,25.2,6.52,0.193,Hanumakonda,TS
2023-04-14,0.1,39.6,26.8,7.15,0.183,Hanumakonda,TS
2023-04-15,0.0,37.4,26.9,6.79,0.179,Hanumakonda,TS
2023-04-16,0.0,38.4,25.4,6.58,0.178,Hanumakonda,TS
2023-04-17,0.0,38.9,24.4,6.09,0.172,Hanumakonda,TS
2023-04-18,0.0,39.6,24.7,6.56,0.166,Hanumakonda,TS
2023-04-19,0.0,39.1,25.0,6.48,0.161,Hanumakonda,TS
2023-04-20,0.0,38.4,25.4,6.74,0.155,Hanumakonda,TS
2023-04-21,0.0,36.3,25.1,6.69,0.151,Hanumakonda,TS
2023-04-22,1.9,36.6,25.0,5.61,0.157,Hanumakonda,TS
2023-04-23,9.4,35.2,23.1,5.35,0.159,Hanumakonda,TS
2023-04-24,8.9,34.1,21.7,5.54,0.156,Hanumakonda,TS
2023-04-25,8.9,32.5,24.2,3.85,0.223,Hanumakonda,TS
2023-04-26,0.0,34.2,23.2,5.89,0.26,Hanumakonda,TS
2023-04-27,0.3,33.2,24.4,4.64,0.241,Hanumakonda,TS
2023-04-28,0.2,33.2,24.2,4.64,0.222,Hanumakonda,TS
2023-04-29,20.4,32.0,22.4,3.76,0.298,Hanumakonda,TS
2023-04-30,26.7,29.8,22.8,2.93,0.357,Hanumakonda,TS
2023-05-01,30.6,28.2,22.1,3.34,0.406,Hanumakonda,TS
2023-05-02,11.9,29.0,22.9,2.52,0.385,Hanumakonda,TS
2023-05-03,2.4,31.0,23.0,4.27,0.353,Hanumakonda,TS
2023-05-04,0.4,31.8,22.7,4.23,0.333,Hanumakonda,TS
2023-05-05,1.6,32.0,22.6,3.82,0.315,Hanumakonda,TS
2023-05-06,0.9,33.5,23.5,5.08,0.29,Hanumakonda,TS
2023-05-07,1.2,33.8,25.4,4.82,0.278,Hanumakonda,TS
2023-05-08,0.7,36.5,24.9,5.64,0.275,Hanumakonda,TS
2023-05-09,1.1,35.1,27.0,4.94,0.251,Hanumakonda,TS
2023-05-10,6.0,37.8,27.0,5.12,0.235,Hanumakonda,TS
2023-05-11,0.0,38.2,26.9,6.28,0.216,Hanumakonda,TS
2023-05-12,0.0,39.3,24.3,7.53,0.204,Hanumakonda,TS
2023-05-13,0.0,39.7,24.9,7.59,0.197,Hanumakonda,TS
2023-05-14,0.0,40.7,24.4,8.37,0.19,Hanumakonda,TS
2023-05-15,0.0,39.6,25.6,8.59,0.183,Hanumakonda,TS
2023-05-16,0.0,39.2,26.5,8.02,0.176,Hanumakonda,TS
2023-05-17,0.0,39.3,25.3,7.61,0.167,Hanumakonda,TS
2023-05-18,0.0,38.7,27.0,6.71,0.158,Hanumakonda,TS
2023-05-19,2.9,38.5,27.5,6.33,0.162,Hanumakonda,TS
2023-05-20,4.8,37.1,27.6,6.41,0.167,Hanumakonda,TS
2023-05-21,0.0,38.8,27.0,6.56,0.161,Hanumakonda,TS
2023-05-22,0.0,38.5,26.1,6.22,0.156,Hanumakonda,TS
2023-05-23,0.0,39.0,26.4,6.45,0.154,Hanumakonda,TS
2023-05-24,0.7,39.0,28.3,6.35,0.159,Hanumakonda,TS
2023-05-25,3.1,35.9,28.5,5.6,0.175,Hanumakonda,TS
2023-05-26,0.0,38.2,28.1,7.77,0.164,Hanumakonda,TS
2023-05-27,0.0,38.7,26.6,7.52,0.168,Hanumakonda,TS
2023-05-28,0.0,39.1,27.3,7.29,0.17,Hanumakonda,TS
2023-05-29,1.6,36.5,26.8,4.53,0.173,Hanumakonda,TS
2023-05-30,17.4,32.9,24.7,3.11,0.26,Hanumakonda,TS
2023-05-31,0.1,38.5,25.6,6.48,0.176,Hanumakonda,TS
2023-06-01,0.0,39.9,27.5,6.55,0.171,Hanumakonda,TS
2023-06-02,0.0,40.0,25.7,7.73,0.168,Hanumakonda,TS
2023-06-03,0.0,39.4,28.5,7.69,0.163,Hanumakonda,TS
2023-06-04,0.0,37.9,29.4,6.92,0.16,Hanumakonda,TS
2023-06-05,0.0,37.5,26.9,6.98,0.163,Hanumakonda,TS
2023-06-06,0.4,38.6,28.3,7.23,0.163,Hanumakonda,TS
2023-06-07,0.7,38.5,29.8,7.55,0.159,Hanumakonda,TS
2023-06-08,0.0,39.5,29.2,8.31,0.156,Hanumakonda,TS
2023-06-09,0.1,39.3,30.3,8.43,0.156,Hanumakonda,TS
2023-06-10,1.9,37.4,30.3,7.37,0.16,Hanumakonda,TS
2023-06-11,0.3,38.1,26.3,7.43,0.154,Hanumakonda,TS
2023-06-12,0.2,38.2,30.0,7.88,0.147,Hanumakonda,TS
2023-06-13,0.0,39.2,30.3,8.5,0.14,Hanumakonda,TS
2023-06-14,0.0,39.1,30.7,9.05,0.138,Hanumakonda,TS
2023-06-15,0.0,38.9,30.8,8.54,0.139,Hanumakonda,TS
2023-06-16,0.0,39.6,30.8,8.5,0.138,Hanumakonda,TS
2023-06-17,0.0,39.6,31.2,8.68,0.136,Hanumakonda,TS
2023-06-18,0.0,38.7,28.0,7.44,0.138,Hanumakonda,TS
2023-06-19,0.2,39.1,30.6,7.06,0.138,Hanumakonda,TS
2023-06-20,0.1,38.0,29.9,6.14,0.14,Hanumakonda,TS
2023-06-21,6.8,37.0,27.7,4.49,0.152,Hanumakonda,TS
2023-06-22,8.9,35.7,25.8,5.38,0.211,Hanumakonda,TS
2023-06-23,12.1,32.1,25.3,2.55,0.271,Hanumakonda,TS
2023-06-24,2.1,32.7,25.4,3.53,0.315,Hanumakonda,TS
2023-06-25,10.7,31.9,25.0,3.64,0.334,Hanumakonda,TS
2023-06-26,13.2,30.1,25.0,2.48,0.377,Hanumakonda,TS
2023-06-27,0.9,32.8,25.1,4.49,0.347,Hanumakonda,TS
2023-06-28,1.4,33.5,25.3,4.77,0.34,Hanumakonda,TS
2023-06-29,0.2,34.2,25.9,5.47,0.303,Hanumakonda,TS
2023-06-30,0.0,34.1,26.6,5.71,0.263,Hanumakonda,TS
2023-07-01,0.5,35.3,27.3,6.5,0.245,Hanumakonda,TS
2023-07-02,0.5,35.1,27.5,6.56,0.22,Hanumakonda,TS
2023-07-03,3.0,35.0,27.2,5.37,0.219,Hanumakonda,TS
2023-07-04,5.4,35.4,25.4,4.38,0.237,Hanumakonda,TS
2023-07-05,6.6,33.7,25.7,3.96,0.267,Hanumakonda,TS
2023-07-06,17.4,28.6,25.3,2.1,0.373,Hanumakonda,TS
2023-07-07,5.4,32.4,24.7,3.48,0.369,Hanumakonda,TS
2023-07-08,3.9,33.0,24.9,4.84,0.356,Hanumakonda,TS
2023-07-09,1.0,33.2,25.9,4.61,0.336,Hanumakonda,TS
2023-07-10,1.1,34.2,25.3,5.69,0.328,Hanumakonda,TS
2023-07-11,5.8,31.2,24.6,3.77,0.363,Hanumakonda,TS
2023-07-12,4.6,32.7,24.3,4.27,0.339,Hanumakonda,TS
2023-07-13,2.7,32.4,24.3,4.07,0.339,Hanumakonda,TS
2023-07-14,23.0,32.1,24.8,3.7,0.379,Hanumakonda,TS
2023-07-15,0.4,30.8,25.0,3.27,0.381,Hanumakonda,TS
2023-07-16,9.5,27.9,25.1,2.2,0.394,Hanumakonda,TS
2023-07-17,12.5,29.6,24.7,2.68,0.412,Hanumakonda,TS
2023-07-18,50.9,27.2,24.2,1.81,0.425,Hanumakonda,TS
2023-07-19,41.0,27.3,23.9,1.99,0.426,Hanumakonda,TS
2023-07-20,64.8,26.3,24.4,1.53,0.427,Hanumakonda,TS
2023-07-21,28.7,29.0,24.1,1.99,0.426,Hanumakonda,TS
2023-07-22,19.1,32.1,24.9,3.48,0.415,Hanumakonda,TS
2023-07-23,16.1,29.8,24.6,2.71,0.411,Hanumakonda,TS
2023-07-24,19.3,30.5,24.7,2.8,0.417,Hanumakonda,TS
2023-07-25,6.0,29.9,24.6,3.41,0.417,Hanumakonda,TS
2023-07-26,35.8,30.8,24.4,2.39,0.425,Hanumakonda,TS
2023-07-27,142.0,25.5,24.3,1.32,0.429,Hanumakonda,TS
2023-07-28,31.4,31.1,23.9,4.08,0.419,Hanumakonda,TS
2023-07-29,2.4,31.6,25.8,4.98,0.4,Hanumakonda,TS
2023-07-30,3.1,31.5,25.7,4.85,0.38,Hanumakonda,TS
2023-07-31,0.4,30.6,25.9,4.04,0.368,Hanumakonda,TS
2023-08-01,0.6,32.4,26.0,4.94,0.357,Hanumakonda,TS
2023-08-02,0.2,31.5,26.6,4.68,0.344,Hanumakonda,TS
2023-08-03,0.4,31.2,26.3,4.91,0.33,Hanumakonda,TS
2023-08-04,0.4,33.0,25.6,5.29,0.311,Hanumakonda,TS
2023-08-05,0.3,33.3,25.9,5.74,0.288,Hanumakonda,TS
2023-08-06,0.0,32.8,26.1,5.98,0.277,Hanumakonda,TS
2023-08-07,0.7,32.3,25.2,5.67,0.265,Hanumakonda,TS
2023-08-08,0.0,33.0,25.2,5.35,0.254,Hanumakonda,TS
2023-08-09,0.4,32.5,25.1,5.02,0.247,Hanumakonda,TS
2023-08-10,0.1,33.0,24.6,5.28,0.245,Hanumakonda,TS
2023-08-11,1.7,33.1,25.4,5.32,0.242,Hanumakonda,TS
2023-08-12,1.5,32.8,25.5,4.63,0.243,Hanumakonda,TS
2023-08-13,0.2,32.6,25.1,5.15,0.231,Hanumakonda,TS
2023-08-14,1.5,30.4,25.2,2.85,0.223,Hanumakonda,TS
2023-08-15,2.4,30.9,24.9,4.17,0.21,Hanumakonda,TS
2023-08-16,3.2,32.1,24.8,4.51,0.209,Hanumakonda,TS
2023-08-17,8.3,31.6,25.5,3.61,0.21,Hanumakonda,TS
2023-08-18,5.6,28.9,24.4,2.76,0.24,Hanumakonda,TS
2023-08-19,11.4,29.4,23.2,3.77,0.363,Hanumakonda,TS
2023-08-20,0.8,32.4,24.2,4.8,0.347,Hanumakonda,TS
2023-08-21,0.1,33.1,24.8,5.11,0.312,Hanumakonda,TS
2023-08-22,8.3,31.7,25.0,3.36,0.325,Hanumakonda,TS
2023-08-23,0.4,31.9,25.0,3.77,0.328,Hanumakonda,TS
2023-08-24,0.3,31.7,24.9,4.46,0.308,Hanumakonda,TS
2023-08-25,4.9,32.4,26.4,4.83,0.284,Hanumakonda,TS
2023-08-26,13.8,33.0,24.6,4.09,0.312,Hanumakonda,TS
2023-08-27,3.4,32.7,24.5,4.27,0.305,Hanumakonda,TS
2023-08-28,0.5,32.7,25.1,5.28,0.263,Hanumakonda,TS
2023-08-29,0.6,32.1,23.3,5.2,0.241,Hanumakonda,TS
2023-08-30,0.5,32.2,24.3,5.15,0.222,Hanumakonda,TS
2023-08-31,0.8,32.9,24.5,5.39,0.205,Hanumakonda,TS
2023-09-01,1.1,33.3,24.5,5.09,0.191,Hanumakonda,TS
2023-09-02,2.6,32.5,25.7,3.93,0.187,Hanumakonda,TS
2023-09-03,20.7,30.7,24.4,3.29,0.317,Hanumakonda,TS
2023-09-04,14.3,27.2,24.3,1.51,0.35,Hanumakonda,TS
2023-09-05,21.9,31.0,23.9,2.87,0.389,Hanumakonda,TS
2023-09-06,28.7,30.5,23.9,2.79,0.4,Hanumakonda,TS
2023-09-07,13.4,27.9,24.3,2.27,0.419,Hanumakonda,TS
2023-09-08,2.4,32.1,24.9,4.36,0.397,Hanumakonda,TS
2023-09-09,0.6,32.1,24.5,4.29,0.377,Hanumakonda,TS
2023-09-10,5.5,31.7,24.6,4.16,0.393,Hanumakonda,TS
2023-09-11,0.0,31.8,25.2,4.9,0.392,Hanumakonda,TS
2023-09-12,0.4,30.2,24.4,2.74,0.377,Hanumakonda,TS
2023-09-13,0.7,31.3,24.1,4.56,0.36,Hanumakonda,TS
2023-09-14,4.3,30.0,24.4,3.09,0.38,Hanumakonda,TS
2023-09-15,1.3,31.9,25.3,4.34,0.359,Hanumakonda,TS
2023-09-16,0.2,32.2,25.0,5.06,0.327,Hanumakonda,TS
2023-09-17,0.0,32.8,24.5,4.88,0.299,Hanumakonda,TS
2023-09-18,0.5,33.1,24.3,5.19,0.28,Hanumakonda,TS
2023-09-19,0.1,33.3,24.6,5.2,0.256,Hanumakonda,TS
2023-09-20,14.8,32.0,24.8,3.52,0.278,Hanumakonda,TS
2023-09-21,11.9,30.4,24.1,2.79,0.374,Hanumakonda,TS
2023-09-22,0.1,31.1,23.6,3.6,0.365,Hanumakonda,TS
2023-09-23,1.9,31.0,23.8,3.06,0.349,Hanumakonda,TS
2023-09-24,28.7,30.2,23.9,2.81,0.367,Hanumakonda,TS
2023-09-25,15.1,28.9,23.4,2.34,0.4,Hanumakonda,TS
2023-09-26,5.6,31.5,23.1,4.36,0.365,Hanumakonda,TS
2023-09-27,5.4,32.2,23.2,4.26,0.346,Hanumakonda,TS
2023-09-28,13.5,32.3,23.6,4.1,0.329,Hanumakonda,TS
2023-09-29,16.5,32.1,24.3,3.36,0.382,Hanumakonda,TS
2023-09-30,5.8,31.5,23.5,3.49,0.374,Hanumakonda,TS
2023-10-01,9.0,32.3,24.6,4.19,0.364,Hanumakonda,TS
2023-10-02,17.9,32.4,23.8,3.91,0.372,Hanumakonda,TS
2023-10-03,2.6,32.7,24.9,4.58,0.327,Hanumakonda,TS
2023-10-04,0.0,33.3,24.0,5.45,0.289,Hanumakonda,TS
2023-10-05,0.0,33.2,22.4,5.93,0.261,Hanumakonda,TS
2023-10-06,0.0,33.4,22.8,5.89,0.241,Hanumakonda,TS
2023-10-07,0.0,33.4,22.7,5.56,0.227,Hanumakonda,TS
2023-10-08,0.0,34.0,21.7,5.13,0.21,Hanumakonda,TS
2023-10-09,0.0,34.1,22.1,4.94,0.194,Hanumakonda,TS
2023-10-10,0.2,33.3,23.1,4.64,0.182,Hanumakonda,TS
2023-10-11,0.0,34.0,24.1,5.13,0.172,Hanumakonda,TS
2023-10-12,0.0,34.3,22.4,5.07,0.166,Hanumakonda,TS
2023-10-13,0.0,33.6,22.7,4.97,0.156,Hanumakonda,TS
2023-10-14,0.1,33.0,23.7,4.74,0.147,Hanumakonda,TS
2023-10-15,0.2,33.6,23.3,4.87,0.136,Hanumakonda,TS
2023-10-16,0.4,32.6,23.8,4.48,0.132,Hanumakonda,TS
2023-10-17,0.0,32.9,23.1,4.65,0.129,Hanumakonda,TS
2023-10-18,0.0,33.1,22.1,4.66,0.129,Hanumakonda,TS
2023-10-19,0.1,33.2,22.6,4.81,0.127,Hanumakonda,TS
2023-10-20,0.0,33.3,22.4,4.95,0.124,Hanumakonda,TS
2023-10-21,0.0,32.3,21.7,4.75,0.123,Hanumakonda,TS
2023-10-22,0.0,32.2,20.9,5.91,0.122,Hanumakonda,TS
2023-10-23,0.0,31.2,18.3,5.58,0.122,Hanumakonda,TS
2023-10-24,0.0,31.3,18.5,5.31,0.125,Hanumakonda,TS
2023-10-25,0.0,31.7,18.6,5.28,0.123,Hanumakonda,TS
2023-10-26,0.0,31.5,17.6,5.41,0.124,Hanumakonda,TS
2023-10-27,0.0,31.4,17.5,5.39,0.121,Hanumakonda,TS
2023-10-28,0.0,31.6,17.6,3.92,0.124,Hanumakonda,TS
2023-10-29,0.0,32.4,20.9,4.53,0.128,Hanumakonda,TS
2023-10-30,0.2,31.2,21.4,4.02,0.134,Hanumakonda,TS
2023-10-31,0.0,31.4,21.2,4.27,0.137,Hanumakonda,TS
2023-11-01,0.0,31.6,21.2,3.97,0.131,Hanumakonda,TS
2023-11-02,1.5,31.1,22.0,3.25,0.141,Hanumakonda,TS
2023-11-03,0.4,32.1,22.4,3.71,0.16,Hanumakonda,TS
2023-11-04,0.8,31.6,22.4,3.9,0.16,Hanumakonda,TS
2023-11-05,0.0,31.8,22.3,4.09,0.151,Hanumakonda,TS
2023-11-06,8.6,30.4,22.1,3.05,0.171,Hanumakonda,TS
2023-11-07,2.6,31.2,21.4,3.75,0.228,Hanumakonda,TS
2023-11-08,5.3,29.9,22.4,2.83,0.291,Hanumakonda,TS
2023-11-09,0.0,30.4,21.8,3.36,0.283,Hanumakonda,TS
2023-11-10,0.0,31.6,20.9,4.09,0.249,Hanumakonda,TS
2023-11-11,0.0,31.6,20.3,4.26,0.223,Hanumakonda,TS
2023-11-12,0.0,32.0,21.4,4.6,0.202,Hanumakonda,TS
2023-11-13,0.0,31.5,19.9,4.34,0.186,Hanumakonda,TS
2023-11-14,0.0,31.1,21.0,4.19,0.172,Hanumakonda,TS
2023-11-15,0.0,30.5,19.7,4.53,0.161,Hanumakonda,TS
2023-11-16,0.0,30.3,19.2,4.5,0.152,Hanumakonda,TS
2023-11-17,0.0,31.2,19.9,4.28,0.142,Hanumakonda,TS
2023-11-18,0.0,31.3,21.7,3.88,0.132,Hanumakonda,TS
2023-11-19,0.0,31.5,20.8,4.11,0.127,Hanumakonda,TS
2023-11-20,0.0,31.3,20.7,4.19,0.123,Hanumakonda,TS
2023-11-21,0.0,31.4,21.7,3.67,0.119,Hanumakonda,TS
2023-11-22,1.5,30.2,21.9,3.11,0.12,Hanumakonda,TS
2023-11-23,2.0,30.0,21.1,2.79,0.135,Hanumakonda,TS
2023-11-24,12.9,27.9,21.6,2.24,0.184,Hanumakonda,TS
2023-11-25,0.5,29.1,19.8,3.03,0.243,Hanumakonda,TS
2023-11-26,7.1,30.3,21.4,3.69,0.244,Hanumakonda,TS
2023-11-27,0.0,30.5,21.4,4.05,0.212,Hanumakonda,TS
2023-11-28,2.3,30.5,20.2,3.82,0.2,Hanumakonda,TS
2023-11-29,0.0,30.7,20.0,3.92,0.187,Hanumakonda,TS
2023-11-30,0.0,31.2,20.5,4.1,0.168,Hanumakonda,TS
2023-12-01,0.0,31.0,20.4,3.97,0.154,Hanumakonda,TS
2023-12-02,0.0,31.9,19.9,4.32,0.142,Hanumakonda,TS
2023-12-03,0.0,31.8,19.6,4.06,0.132,Hanumakonda,TS
2023-12-04,0.8,29.6,22.0,2.79,0.133,Hanumakonda,TS
2023-12-05,9.7,25.5,20.9,1.46,0.207,Hanumakonda,TS
2023-12-06,8.5,24.1,19.5,1.31,0.334,Hanumakonda,TS
2023-12-07,0.0,29.2,18.2,3.32,0.295,Hanumakonda,TS
2023-12-08,0.0,28.3,18.2,3.44,0.269,Hanumakonda,TS
2023-12-09,0.0,28.4,17.8,3.68,0.244,Hanumakonda,TS
2023-12-10,0.0,28.0,16.4,3.93,0.219,Hanumakonda,TS
2023-12-11,0.0,27.9,15.5,3.83,0.198,Hanumakonda,TS
2023-12-12,0.0,27.8,16.2,3.8,0.184,Hanumakonda,TS
2023-12-13,0.0,28.3,16.2,3.79,0.169,Hanumakonda,TS
2023-12-14,0.0,28.1,16.4,3.5,0.154,Hanumakonda,TS
2023-12-15,0.0,28.2,16.5,3.43,0.144,Hanumakonda,TS
2023-12-16,0.0,27.8,19.1,3.05,0.139,Hanumakonda,TS
2023-12-17,0.0,28.4,17.0,4.0,0.133,Hanumakonda,TS
2023-12-18,0.0,27.9,17.3,3.91,0.127,Hanumakonda,TS
2023-12-19,0.0,27.2,17.3,3.73,0.123,Hanumakonda,TS
2023-12-20,0.0,27.3,16.3,3.9,0.118,Hanumakonda,TS
2023-12-21,0.0,27.9,14.5,3.91,0.113,Hanumakonda,TS
2023-12-22,0.0,28.7,14.2,3.75,0.109,Hanumakonda,TS
2023-12-23,0.0,28.9,15.2,3.6,0.109,Hanumakonda,TS
2023-12-24,0.0,29.5,17.4,3.51,0.107,Hanumakonda,TS
2023-12-25,0.0,29.6,16.7,3.4,0.107,Hanumakonda,TS
2023-12-26,0.0,29.9,17.2,3.65,0.107,Hanumakonda,TS
2023-12-27,0.0,29.0,17.7,3.31,0.108,Hanumakonda,TS
2023-12-28,0.0,28.9,18.2,3.61,0.109,Hanumakonda,TS
2023-12-29,0.0,28.8,17.7,3.66,0.11,Hanumakonda,TS
2023-12-30,0.0,29.0,17.7,3.72,0.111,Hanumakonda,TS
2023-12-31,0.0,29.1,17.4,3.68,0.111,Hanumakonda,TS
2024-01-01,0.0,29.3,19.0,3.45,0.111,Hanumakonda,TS
2024-01-02,0.0,29.0,18.2,3.39,0.113,Hanumakonda,TS
2024-01-03,0.0,28.9,18.4,3.88,0.117,Hanumakonda,TS
2024-01-04,0.0,29.6,18.0,4.08,0.123,Hanumakonda,TS
2024-01-05,0.0,29.5,18.0,4.06,0.125,Hanumakonda,TS
2024-01-06,0.0,29.7,17.6,3.95,0.127,Hanumakonda,TS
2024-01-07,0.0,29.1,17.7,4.11,0.129,Hanumakonda,TS
2024-01-08,0.0,30.2,16.7,4.6,0.128,Hanumakonda,TS
2024-01-09,0.0,30.4,16.6,4.21,0.124,Hanumakonda,TS
2024-01-10,0.0,29.4,18.9,3.25,0.125,Hanumakonda,TS
2024-01-11,0.0,31.2,19.9,3.88,0.128,Hanumakonda,TS
2024-01-12,0.0,31.5,19.1,3.92,0.124,Hanumakonda,TS
2024-01-13,0.0,31.6,19.5,3.9,0.123,Hanumakonda,TS
2024-01-14,0.0,31.9,19.5,4.35,0.122,Hanumakonda,TS
2024-01-15,0.0,31.4,19.5,3.93,0.116,Hanumakonda,TS
2024-01-16,0.0,30.7,20.0,4.26,0.113,Hanumakonda,TS
2024-01-17,0.0,30.7,19.9,4.45,0.111,Hanumakonda,TS
2024-01-18,0.0,29.5,19.4,4.04,0.109,Hanumakonda,TS
2024-01-19,0.0,30.8,20.2,4.1,0.108,Hanumakonda,TS
2024-01-20,0.0,30.1,19.6,4.08,0.106,Hanumakonda,TS
2024-01-21,0.4,30.7,20.6,3.67,0.108,Hanumakonda,TS
2024-01-22,0.0,31.2,20.5,4.52,0.108,Hanumakonda,TS
2024-01-23,0.3,31.4,21.5,4.55,0.104,Hanumakonda,TS
2024-01-24,0.4,29.7,20.9,3.89,0.109,Hanumakonda,TS
2024-01-25,0.2,30.1,20.1,3.69,0.115,Hanumakonda,TS
2024-01-26,0.0,31.0,18.4,3.92,0.116,Hanumakonda,TS
2024-01-27,0.2,29.8,18.7,3.46,0.122,Hanumakonda,TS
2024-01-28,0.0,30.2,15.2,4.07,0.119,Hanumakonda,TS
2024-01-29,0.0,30.2,18.6,4.05,0.119,Hanumakonda,TS
2024-01-30,0.0,30.2,18.5,4.22,0.118,Hanumakonda,TS
2024-01-31,0.0,30.6,18.2,4.55,0.113,Hanumakonda,TS
2024-02-01,0.2,31.3,20.1,4.41,0.114,Hanumakonda,TS
2024-02-02,0.6,32.4,21.8,4.21,0.119,Hanumakonda,TS
2024-02-03,0.4,31.4,20.3,3.9,0.118,Hanumakonda,TS
2024-02-04,0.0,32.6,19.6,4.5,0.117,Hanumakonda,TS
2024-02-05,0.0,32.7,21.2,4.34,0.113,Hanumakonda,TS
2024-02-06,0.0,33.6,21.7,4.63,0.114,Hanumakonda,TS
2024-02-07,0.0,35.1,21.5,4.69,0.107,Hanumakonda,TS
2024-02-08,0.0,33.6,22.0,5.17,0.106,Hanumakonda,TS
2024-02-09,0.0,32.7,20.0,4.82,0.104,Hanumakonda,TS
2024-02-10,0.2,32.7,22.8,4.69,0.105,Hanumakonda,TS
2024-02-11,0.0,32.5,22.4,4.85,0.104,Hanumakonda,TS
2024-02-12,0.0,32.0,19.6,5.2,0.104,Hanumakonda,TS
2024-02-13,0.0,31.5,19.5,5.12,0.104,Hanumakonda,TS
2024-02-14,0.0,32.9,20.3,5.19,0.104,Hanumakonda,TS
2024-02-15,0.0,32.3,19.4,5.2,0.105,Hanumakonda,TS
2024-02-16,0.0,33.0,17.6,5.43,0.103,Hanumakonda,TS
2024-02-17,0.0,33.9,19.4,5.79,0.102,Hanumakonda,TS
2024-02-18,0.0,34.4,19.3,6.14,0.102,Hanumakonda,TS
2024-02-19,0.0,33.9,20.4,6.11,0.102,Hanumakonda,TS
2024-02-20,0.0,34.3,20.9,6.02,0.102,Hanumakonda,TS
2024-02-21,0.0,35.8,22.1,6.06,0.104,Hanumakonda,TS
2024-02-22,0.0,34.7,20.8,5.74,0.104,Hanumakonda,TS
2024-02-23,0.8,33.4,21.3,5.37,0.105,Hanumakonda,TS
2024-02-24,0.5,33.1,21.9,4.65,0.103,Hanumakonda,TS
2024-02-25,5.0,31.8,21.6,4.27,0.126,Hanumakonda,TS
2024-02-26,0.0,32.9,22.8,5.26,0.125,Hanumakonda,TS
2024-02-27,0.0,33.7,20.9,5.45,0.121,Hanumakonda,TS
2024-02-28,0.0,33.4,20.4,5.18,0.117,Hanumakonda,TS
2024-02-29,0.0,34.6,21.5,5.24,0.113,Hanumakonda,TS
2024-03-01,0.0,34.4,22.1,5.59,0.11,Hanumakonda,TS
2024-03-02,0.0,35.4,22.6,6.71,0.11,Hanumakonda,TS
2024-03-03,0.0,36.2,22.4,6.68,0.109,Hanumakonda,TS
2024-03-04,0.0,34.7,22.8,6.11,0.108,Hanumakonda,TS
2024-03-05,0.0,35.6,23.1,5.96,0.11,Hanumakonda,TS
2024-03-06,0.0,36.3,23.8,6.2,0.107,Hanumakonda,TS
2024-03-07,0.0,35.4,24.6,5.59,0.103,Hanumakonda,TS
2024-03-08,0.0,36.2,22.2,5.49,0.105,Hanumakonda,TS
2024-03-09,0.0,35.8,22.4,5.13,0.103,Hanumakonda,TS
2024-03-10,0.1,34.0,24.3,5.28,0.105,Hanumakonda,TS
2024-03-11,0.0,34.1,24.7,5.74,0.109,Hanumakonda,TS
2024-03-12,0.0,36.8,23.5,5.85,0.105,Hanumakonda,TS
2024-03-13,0.4,37.6,25.1,6.32,0.103,Hanumakonda,TS
2024-03-14,0.6,36.8,24.4,5.72,0.103,Hanumakonda,TS
2024-03-15,0.1,35.8,23.9,5.89,0.102,Hanumakonda,TS
2024-03-16,1.8,35.0,23.9,5.13,0.108,Hanumakonda,TS
2024-03-17,1.1,33.2,24.2,4.21,0.124,Hanumakonda,TS
2024-03-18,0.0,31.6,23.8,4.53,0.119,Hanumakonda,TS
2024-03-19,0.2,34.7,25.1,5.62,0.118,Hanumakonda,TS
2024-03-20,8.1,31.0,20.4,4.71,0.154,Hanumakonda,TS
2024-03-21,0.2,33.7,20.4,5.67,0.127,Hanumakonda,TS
2024-03-22,0.0,35.2,22.0,5.98,0.119,Hanumakonda,TS
2024-03-23,0.0,36.5,22.2,6.36,0.111,Hanumakonda,TS
2024-03-24,0.3,36.3,23.4,5.77,0.109,Hanumakonda,TS
2024-03-25,0.0,36.1,23.6,6.07,0.111,Hanumakonda,TS
2024-03-26,0.0,36.9,23.7,7.29,0.11,Hanumakonda,TS
2024-03-27,0.0,36.4,22.9,6.47,0.108,Hanumakonda,TS
2024-03-28,0.0,38.0,23.6,6.7,0.107,Hanumakonda,TS
2024-03-29,0.0,38.4,25.0,6.99,0.11,Hanumakonda,TS
2024-03-30,0.0,38.2,24.6,6.57,0.107,Hanumakonda,TS
2024-03-31,0.0,37.5,23.7,6.66,0.105,Hanumakonda,TS
2024-04-01,0.0,39.1,24.5,7.35,0.103,Hanumakonda,TS
2024-04-02,0.1,38.8,25.5,7.12,0.103,Hanumakonda,TS
2024-04-03,0.0,38.7,25.6,7.02,0.102,Hanumakonda,TS
2024-04-04,0.1,38.8,25.2,6.99,0.103,Hanumakonda,TS
2024-04-05,0.0,41.4,26.0,6.83,0.103,Hanumakonda,TS
2024-04-06,0.0,41.1,26.1,6.55,0.102,Hanumakonda,TS
2024-04-07,0.0,40.8,27.1,7.2,0.102,Hanumakonda,TS
2024-04-08,0.1,37.8,27.0,7.36,0.102,Hanumakonda,TS
2024-04-09,1.0,36.1,24.9,6.06,0.106,Hanumakonda,TS
2024-04-10,0.0,37.3,25.0,7.66,0.106,Hanumakonda,TS
2024-04-11,0.5,34.3,25.6,5.36,0.105,Hanumakonda,TS
2024-04-12,12.9,32.4,23.3,4.17,0.177,Hanumakonda,TS
2024-04-13,0.0,36.6,25.4,6.45,0.106,Hanumakonda,TS
2024-04-14,0.3,37.7,25.3,6.77,0.105,Hanumakonda,TS
2024-04-15,0.0,39.3,25.8,7.32,0.101,Hanumakonda,TS
2024-04-16,0.0,40.9,25.9,7.23,0.1,Hanumakonda,TS
2024-04-17,0.0,41.1,27.6,7.09,0.095,Hanumakonda,TS
2024-04-18,0.0,41.8,26.8,6.38,0.092,Hanumakonda,TS
2024-04-19,0.2,41.6,27.6,6.86,0.093,Hanumakonda,TS
2024-04-20,2.6,38.7,28.0,5.37,0.103,Hanumakonda,TS
2024-04-21,0.8,40.4,29.0,6.55,0.102,Hanumakonda,TS
2024-04-22,0.0,40.2,27.6,6.66,0.101,Hanumakonda,TS
2024-04-23,0.0,39.9,25.2,6.9,0.099,Hanumakonda,TS
2024-04-24,0.0,40.1,25.0,7.08,0.1,Hanumakonda,TS
2024-04-25,0.0,40.7,27.5,7.32,0.104,Hanumakonda,TS
2024-04-26,0.0,41.2,27.0,7.66,0.104,Hanumakonda,TS
2024-04-27,0.0,41.9,26.9,6.91,0.097,Hanumakonda,TS
2024-04-28,0.0,41.9,27.7,7.72,0.094,Hanumakonda,TS
2024-04-29,0.0,40.9,27.9,7.58,0.091,Hanumakonda,TS
2024-04-30,0.0,42.1,28.0,8.45,0.098,Hanumakonda,TS
2024-05-01,0.0,43.0,28.9,9.14,0.098,Hanumakonda,TS
2024-05-02,0.0,41.8,28.1,8.49,0.098,Hanumakonda,TS
2024-05-03,0.0,42.6,26.5,6.95,0.098,Hanumakonda,TS
2024-05-04,0.0,42.7,28.0,7.27,0.098,Hanumakonda,TS
2024-05-05,0.0,42.0,28.9,7.21,0.098,Hanumakonda,TS
2024-05-06,0.0,42.5,28.1,7.65,0.097,Hanumakonda,TS
2024-05-07,31.6,36.9,24.8,5.84,0.265,Hanumakonda,TS
2024-05-08,0.0,36.5,25.2,6.42,0.246,Hanumakonda,TS
2024-05-09,11.3,33.8,26.2,4.5,0.226,Hanumakonda,TS
2024-05-10,0.0,36.9,25.4,5.74,0.193,Hanumakonda,TS
2024-05-11,0.0,38.5,26.3,6.92,0.153,Hanumakonda,TS
2024-05-12,1.0,35.9,27.6,5.74,0.142,Hanumakonda,TS
2024-05-13,0.1,35.5,27.3,4.46,0.138,Hanumakonda,TS
2024-05-14,2.2,37.6,24.7,6.16,0.133,Hanumakonda,TS
2024-05-15,0.8,37.5,24.6,5.51,0.127,Hanumakonda,TS
2024-05-16,50.0,32.1,25.0,3.63,0.21,Hanumakonda,TS
2024-05-17,9.9,33.8,24.6,4.58,0.269,Hanumakonda,TS
2024-05-18,9.1,34.1,24.9,4.41,0.279,Hanumakonda,TS
2024-05-19,2.0,34.4,25.4,4.89,0.306,Hanumakonda,TS
2024-05-20,1.8,35.4,25.0,5.53,0.26,Hanumakonda,TS
2024-05-21,9.6,35.5,26.0,5.44,0.249,Hanumakonda,TS
2024-05-22,18.4,36.3,26.0,5.4,0.198,Hanumakonda,TS
2024-05-23,0.0,38.1,26.8,5.92,0.144,Hanumakonda,TS
2024-05-24,0.0,41.0,27.7,6.98,0.131,Hanumakonda,TS
2024-05-25,7.8,35.3,27.3,3.98,0.172,Hanumakonda,TS
2024-05-26,0.0,41.7,27.8,7.11,0.123,Hanumakonda,TS
2024-05-27,0.0,41.7,29.5,7.81,0.12,Hanumakonda,TS
2024-05-28,0.0,40.7,30.8,7.76,0.117,Hanumakonda,TS
2024-05-29,0.0,41.0,29.7,7.91,0.116,Hanumakonda,TS
2024-05-30,0.0,41.7,29.5,8.51,0.108,Hanumakonda,TS
2024-05-31,0.0,42.4,28.6,8.23,0.103,Hanumakonda,TS
2024-06-01,1.1,40.1,29.5,6.43,0.123,Hanumakonda,TS
2024-06-02,82.7,37.0,27.5,4.08,0.265,Hanumakonda,TS
2024-06-03,2.6,35.8,26.2,4.9,0.232,Hanumakonda,TS
2024-06-04,4.4,36.4,26.6,4.99,0.172,Hanumakonda,TS
2024-06-05,5.7,34.4,25.8,4.93,0.216,Hanumakonda,TS
2024-06-06,34.8,36.1,25.5,4.6,0.251,Hanumakonda,TS
2024-06-07,6.0,34.7,25.2,5.34,0.282,Hanumakonda,TS
2024-06-08,1.8,33.1,25.1,4.37,0.238,Hanumakonda,TS
2024-06-09,5.4,33.4,25.1,4.57,0.246,Hanumakonda,TS
2024-06-10,5.3,34.8,25.2,4.97,0.232,Hanumakonda,TS
2024-06-11,1.2,34.9,25.6,5.42,0.224,Hanumakonda,TS
2024-06-12,2.9,35.5,25.7,5.31,0.193,Hanumakonda,TS
2024-06-13,4.7,36.2,26.4,4.99,0.181,Hanumakonda,TS
2024-06-14,10.2,34.2,25.9,4.19,0.182,Hanumakonda,TS
2024-06-15,8.8,35.3,25.9,5.48,0.171,Hanumakonda,TS
2024-06-16,18.7,33.7,25.5,3.86,0.199,Hanumakonda,TS
2024-06-17,1.7,36.9,25.6,5.35,0.144,Hanumakonda,TS
2024-06-18,2.1,38.0,27.5,5.76,0.116,Hanumakonda,TS
2024-06-19,6.5,33.0,25.7,3.46,0.196,Hanumakonda,TS
2024-06-20,5.0,33.3,25.8,3.72,0.223,Hanumakonda,TS
2024-06-21,3.9,34.2,25.5,4.15,0.228,Hanumakonda,TS
2024-06-22,29.2,29.3,24.6,2.0,0.338,Hanumakonda,TS
2024-06-23,28.0,34.0,24.4,4.24,0.341,Hanumakonda,TS
2024-06-24,2.8,34.6,24.8,5.57,0.299,Hanumakonda,TS
2024-06-25,0.3,35.0,25.9,5.0,0.234,Hanumakonda,TS
2024-06-26,10.7,34.1,25.5,4.3,0.214,Hanumakonda,TS
2024-06-27,24.0,30.3,25.2,3.28,0.373,Hanumakonda,TS
2024-06-28,17.4,32.8,24.5,3.15,0.385,Hanumakonda,TS
2024-06-29,17.7,30.7,24.9,3.09,0.39,Hanumakonda,TS
2024-06-30,21.5,27.7,25.0,1.53,0.411,Hanumakonda,TS
2024-07-01,7.1,31.7,24.4,3.76,0.387,Hanumakonda,TS
2024-07-02,1.1,32.2,26.0,4.16,0.352,Hanumakonda,TS
2024-07-03,0.8,33.8,25.2,4.5,0.342,Hanumakonda,TS
2024-07-04,1.1,32.8,26.0,3.25,0.318,Hanumakonda,TS
2024-07-05,1.2,33.4,26.1,5.0,0.301,Hanumakonda,TS
2024-07-06,6.0,31.4,25.1,3.77,0.36,Hanumakonda,TS
2024-07-07,10.1,30.9,24.7,3.91,0.365,Hanumakonda,TS
2024-07-08,21.6,30.7,24.4,3.83,0.396,Hanumakonda,TS
2024-07-09,16.9,30.8,23.9,3.34,0.409,Hanumakonda,TS
2024-07-10,3.3,31.8,24.3,4.12,0.393,Hanumakonda,TS
2024-07-11,7.9,31.8,25.5,4.37,0.364,Hanumakonda,TS
2024-07-12,9.3,31.9,24.5,4.1,0.385,Hanumakonda,TS
2024-07-13,14.9,31.8,24.7,3.21,0.404,Hanumakonda,TS
2024-07-14,17.5,29.2,24.6,2.16,0.419,Hanumakonda,TS
2024-07-15,24.9,28.9,24.5,2.41,0.419,Hanumakonda,TS
2024-07-16,17.6,31.9,24.1,3.34,0.415,Hanumakonda,TS
2024-07-17,11.7,29.9,24.6,3.02,0.417,Hanumakonda,TS
2024-07-18,24.9,30.4,24.6,2.96,0.42,Hanumakonda,TS
2024-07-19,36.5,27.4,24.5,2.26,0.426,Hanumakonda,TS
2024-07-20,29.7,27.5,24.3,2.16,0.427,Hanumakonda,TS
2024-07-21,27.1,28.5,24.0,2.37,0.427,Hanumakonda,TS
2024-07-22,3.6,30.6,24.1,3.85,0.413,Hanumakonda,TS
2024-07-23,8.1,29.1,24.7,2.77,0.421,Hanumakonda,TS
2024-07-24,22.7,25.9,24.3,1.55,0.428,Hanumakonda,TS
2024-07-25,28.8,26.4,24.0,1.59,0.429,Hanumakonda,TS
2024-07-26,8.4,28.6,23.3,3.0,0.424,Hanumakonda,TS
2024-07-27,31.3,27.9,24.0,2.07,0.429,Hanumakonda,TS
2024-07-28,6.5,31.6,24.1,4.34,0.416,Hanumakonda,TS
2024-07-29,5.6,32.8,24.4,4.27,0.403,Hanumakonda,TS
2024-07-30,1.6,32.1,25.1,4.71,0.393,Hanumakonda,TS
2024-07-31,0.8,31.5,25.2,4.32,0.382,Hanumakonda,TS
2024-08-01,19.7,31.8,24.0,3.72,0.405,Hanumakonda,TS
2024-08-02,16.0,31.0,24.6,2.78,0.424,Hanumakonda,TS
2024-08-03,1.7,29.8,24.2,3.24,0.413,Hanumakonda,TS
2024-08-04,13.3,31.6,25.3,4.59,0.405,Hanumakonda,TS
2024-08-05,6.1,32.0,24.3,4.8,0.397,Hanumakonda,TS
2024-08-06,17.5,30.3,24.9,3.16,0.407,Hanumakonda,TS
2024-08-07,22.6,26.2,24.1,1.14,0.426,Hanumakonda,TS
2024-08-08,8.9,30.0,23.6,2.74,0.422,Hanumakonda,TS
2024-08-09,0.6,31.9,23.5,4.86,0.395,Hanumakonda,TS
2024-08-10,0.4,32.1,24.4,5.12,0.371,Hanumakonda,TS
2024-08-11,1.2,32.0,24.2,4.55,0.358,Hanumakonda,TS
2024-08-12,5.6,31.3,24.2,4.23,0.366,Hanumakonda,TS
2024-08-13,1.4,32.3,24.4,4.81,0.329,Hanumakonda,TS
2024-08-14,0.5,32.4,25.6,4.03,0.312,Hanumakonda,TS
2024-08-15,1.0,31.5,25.3,3.64,0.297,Hanumakonda,TS
2024-08-16,1.4,31.9,25.3,3.47,0.292,Hanumakonda,TS
2024-08-17,6.2,31.7,24.4,4.02,0.315,Hanumakonda,TS
2024-08-18,10.6,31.6,24.7,3.55,0.378,Hanumakonda,TS
2024-08-19,15.2,30.7,24.8,3.06,0.402,Hanumakonda,TS
2024-08-20,6.7,32.4,24.7,4.52,0.404,Hanumakonda,TS
2024-08-21,4.8,32.8,24.3,4.84,0.394,Hanumakonda,TS
2024-08-22,5.1,31.4,24.8,3.17,0.397,Hanumakonda,TS
2024-08-23,1.3,32.2,24.8,4.14,0.393,Hanumakonda,TS
2024-08-24,10.3,28.9,24.6,2.57,0.4,Hanumakonda,TS
2024-08-25,1.7,30.3,23.9,3.19,0.407,Hanumakonda,TS
2024-08-26,1.0,32.3,24.5,5.11,0.384,Hanumakonda,TS
2024-08-27,0.8,31.7,24.5,5.2,0.363,Hanumakonda,TS
2024-08-28,2.8,31.7,24.7,4.71,0.376,Hanumakonda,TS
2024-08-29,0.8,30.9,25.2,3.8,0.361,Hanumakonda,TS
2024-08-30,28.7,27.4,23.9,1.57,0.404,Hanumakonda,TS
2024-08-31,52.3,28.1,23.7,1.92,0.424,Hanumakonda,TS
2024-09-01,35.0,27.6,23.9,1.68,0.427,Hanumakonda,TS
2024-09-02,3.2,29.2,23.7,2.32,0.413,Hanumakonda,TS
2024-09-03,4.5,29.8,24.1,2.72,0.408,Hanumakonda,TS
2024-09-04,9.0,28.7,24.0,2.53,0.416,Hanumakonda,TS
2024-09-05,7.1,30.9,23.8,3.25,0.419,Hanumakonda,TS
2024-09-06,5.7,31.4,24.5,4.32,0.398,Hanumakonda,TS
2024-09-07,10.1,29.6,24.5,2.63,0.403,Hanumakonda,TS
2024-09-08,6.1,27.7,24.7,2.05,0.407,Hanumakonda,TS
2024-09-09,29.3,25.8,24.3,1.13,0.426,Hanumakonda,TS
2024-09-10,2.7,30.8,23.9,4.02,0.417,Hanumakonda,TS
2024-09-11,0.3,32.3,25.1,5.4,0.4,Hanumakonda,TS
2024-09-12,0.4,31.2,24.3,4.67,0.38,Hanumakonda,TS
2024-09-13,0.4,31.3,24.2,4.78,0.362,Hanumakonda,TS
2024-09-14,0.0,31.1,23.7,5.08,0.345,Hanumakonda,TS
2024-09-15,0.0,31.0,23.9,5.13,0.33,Hanumakonda,TS
2024-09-16,0.6,30.4,23.8,4.29,0.324,Hanumakonda,TS
2024-09-17,0.0,31.3,24.9,5.41,0.303,Hanumakonda,TS
2024-09-18,0.0,31.5,23.2,5.15,0.289,Hanumakonda,TS
2024-09-19,0.0,32.2,23.1,4.96,0.269,Hanumakonda,TS
2024-09-20,2.1,32.3,24.5,4.09,0.258,Hanumakonda,TS
2024-09-21,5.0,31.3,23.6,4.22,0.356,Hanumakonda,TS
2024-09-22,0.5,30.3,23.3,3.38,0.376,Hanumakonda,TS
2024-09-23,18.1,31.2,24.3,2.99,0.385,Hanumakonda,TS
2024-09-24,1.6,30.9,24.2,3.14,0.361,Hanumakonda,TS
2024-09-25,9.6,30.2,23.7,3.03,0.381,Hanumakonda,TS
2024-09-26,3.3,29.9,24.0,3.27,0.387,Hanumakonda,TS
2024-09-27,0.2,31.0,24.7,4.1,0.358,Hanumakonda,TS
2024-09-28,0.5,31.7,24.0,4.54,0.335,Hanumakonda,TS
2024-09-29,1.1,31.6,24.2,4.13,0.313,Hanumakonda,TS
2024-09-30,4.2,32.1,24.1,4.41,0.346,Hanumakonda,TS
2024-10-01,4.0,33.2,24.4,4.35,0.32,Hanumakonda,TS
2024-10-02,2.5,33.1,24.0,4.36,0.303,Hanumakonda,TS
2024-10-03,0.0,33.1,24.8,4.79,0.278,Hanumakonda,TS
2024-10-04,0.1,33.2,24.5,4.88,0.256,Hanumakonda,TS
2024-10-05,1.1,32.0,24.6,4.33,0.242,Hanumakonda,TS
2024-10-06,2.9,32.6,23.8,4.11,0.233,Hanumakonda,TS
2024-10-07,1.5,32.0,23.0,3.95,0.232,Hanumakonda,TS
2024-10-08,0.9,31.9,23.5,4.27,0.214,Hanumakonda,TS
2024-10-09,0.0,32.2,23.7,4.57,0.202,Hanumakonda,TS
2024-10-10,2.9,31.8,23.8,4.04,0.208,Hanumakonda,TS
2024-10-11,3.1,32.0,23.2,3.59,0.223,Hanumakonda,TS
2024-10-12,10.6,31.8,24.2,3.49,0.232,Hanumakonda,TS
2024-10-13,1.1,32.2,22.8,3.92,0.23,Hanumakonda,TS
2024-10-14,4.5,32.4,23.3,4.07,0.208,Hanumakonda,TS
2024-10-15,6.8,31.6,23.4,3.29,0.223,Hanumakonda,TS
2024-10-16,1.7,31.9,22.9,3.93,0.269,Hanumakonda,TS
2024-10-17,7.9,30.4,23.6,3.18,0.29,Hanumakonda,TS
2024-10-18,1.9,31.8,24.1,3.73,0.275,Hanumakonda,TS
2024-10-19,6.0,32.4,23.7,4.02,0.258,Hanumakonda,TS
2024-10-20,7.3,30.7,22.8,3.59,0.306,Hanumakonda,TS
2024-10-21,7.4,30.2,22.0,3.1,0.313,Hanumakonda,TS
2024-10-22,0.9,31.1,22.0,4.0,0.311,Hanumakonda,TS
2024-10-23,0.0,31.7,22.2,4.82,0.264,Hanumakonda,TS
2024-10-24,0.0,31.1,21.1,4.82,0.239,Hanumakonda,TS
2024-10-25,0.0,31.0,22.0,5.16,0.22,Hanumakonda,TS
2024-10-26,0.0,31.7,22.3,5.14,0.199,Hanumakonda,TS
2024-10-27,0.0,31.9,20.1,4.45,0.183,Hanumakonda,TS
2024-10-28,0.0,31.6,21.4,3.99,0.169,Hanumakonda,TS
2024-10-29,0.2,31.6,23.0,3.82,0.163,Hanumakonda,TS
2024-10-30,15.6,28.5,22.6,2.25,0.209,Hanumakonda,TS
2024-10-31,8.1,30.8,22.2,3.21,0.243,Hanumakonda,TS
2024-11-01,10.3,29.3,22.2,2.84,0.251,Hanumakonda,TS
2024-11-02,0.2,32.1,21.6,4.05,0.203,Hanumakonda,TS
2024-11-03,0.1,30.9,22.7,3.54,0.19,Hanumakonda,TS
2024-11-04,0.1,31.3,21.1,4.17,0.175,Hanumakonda,TS
2024-11-05,0.0,31.5,20.6,4.42,0.163,Hanumakonda,TS
2024-11-06,0.0,31.7,20.5,4.94,0.152,Hanumakonda,TS
2024-11-07,0.0,31.3,18.9,4.59,0.142,Hanumakonda,TS
2024-11-08,0.0,31.3,19.6,4.33,0.133,Hanumakonda,TS
2024-11-09,0.0,31.7,20.4,4.45,0.128,Hanumakonda,TS
2024-11-10,0.0,31.2,20.0,4.59,0.125,Hanumakonda,TS
2024-11-11,0.0,30.9,18.7,4.68,0.123,Hanumakonda,TS
2024-11-12,0.0,31.3,20.3,4.49,0.141,Hanumakonda,TS
2024-11-13,0.2,30.3,21.1,3.8,0.194,Hanumakonda,TS
2024-11-14,0.0,30.1,21.6,4.06,0.181,Hanumakonda,TS
2024-11-15,0.0,29.9,21.2,4.07,0.156,Hanumakonda,TS
2024-11-16,0.0,29.1,20.1,4.38,0.15,Hanumakonda,TS
2024-11-17,0.0,28.5,17.8,4.18,0.146,Hanumakonda,TS
2024-11-18,0.0,28.1,17.3,4.21,0.136,Hanumakonda,TS
2024-11-19,0.0,28.0,16.5,4.17,0.131,Hanumakonda,TS
2024-11-20,0.0,27.9,16.6,4.1,0.134,Hanumakonda,TS
2024-11-21,0.0,27.8,17.6,4.04,0.136,Hanumakonda,TS
2024-11-22,0.0,27.3,16.4,3.98,0.137,Hanumakonda,TS
2024-11-23,0.0,27.5,16.6,3.78,0.138,Hanumakonda,TS
2024-11-24,0.0,27.2,16.3,3.77,0.138,Hanumakonda,TS
2024-11-25,0.0,26.8,16.5,3.92,0.132,Hanumakonda,TS
2024-11-26,0.0,27.3,16.3,4.14,0.134,Hanumakonda,TS
2024-11-27,0.0,26.6,16.1,4.21,0.138,Hanumakonda,TS
2024-11-28,0.0,26.2,15.7,4.27,0.148,Hanumakonda,TS
2024-11-29,0.0,27.5,16.4,4.0,0.146,Hanumakonda,TS
2024-11-30,2.5,26.6,20.5,2.34,0.148,Hanumakonda,TS
2024-12-01,1.7,26.8,21.8,1.89,0.167,Hanumakonda,TS
2024-12-02,3.2,28.0,22.7,2.11,0.18,Hanumakonda,TS
2024-12-03,1.8,29.6,21.9,3.2,0.202,Hanumakonda,TS
2024-12-04,1.1,29.8,21.9,3.0,0.188,Hanumakonda,TS
2024-12-05,2.1,29.4,22.3,2.55,0.193,Hanumakonda,TS
2024-12-06,1.7,29.6,21.6,3.17,0.199,Hanumakonda,TS
2024-12-07,1.7,29.9,21.5,2.97,0.203,Hanumakonda,TS
2024-12-08,4.6,29.3,22.2,2.78,0.208,Hanumakonda,TS
2024-12-09,1.8,28.1,21.4,2.42,0.194,Hanumakonda,TS
2024-12-10,0.0,28.3,20.7,3.67,0.201,Hanumakonda,TS
2024-12-11,0.0,26.9,17.0,4.03,0.176,Hanumakonda,TS
2024-12-12,0.0,27.0,15.5,3.8,0.163,Hanumakonda,TS
2024-12-13,0.0,26.9,16.2,3.87,0.154,Hanumakonda,TS
2024-12-14,0.0,26.3,16.3,3.9,0.146,Hanumakonda,TS
2024-12-15,0.0,26.2,14.8,3.99,0.139,Hanumakonda,TS
2024-12-16,0.0,26.1,13.7,3.67,0.136,Hanumakonda,TS
2024-12-17,0.0,27.1,14.2,3.75,0.132,Hanumakonda,TS
2024-12-18,0.0,27.5,16.0,3.88,0.132,Hanumakonda,TS
2024-12-19,0.0,28.5,16.8,3.61,0.129,Hanumakonda,TS
2024-12-20,0.2,30.2,20.8,3.54,0.121,Hanumakonda,TS
2024-12-21,0.3,29.5,21.1,3.58,0.13,Hanumakonda,TS
2024-12-22,0.0,28.9,19.2,3.64,0.131,Hanumakonda,TS
2024-12-23,0.0,29.6,18.2,3.79,0.128,Hanumakonda,TS
2024-12-24,0.0,28.1,20.4,2.79,0.142,Hanumakonda,TS
2024-12-25,1.1,27.4,21.3,2.61,0.162,Hanumakonda,TS
2024-12-26,1.6,28.0,21.0,2.33,0.204,Hanumakonda,TS
2024-12-27,0.4,27.6,20.8,2.77,0.207,Hanumakonda,TS
2024-12-28,0.0,28.6,19.4,4.06,0.191,Hanumakonda,TS
2024-12-29,0.0,29.0,19.3,3.48,0.17,Hanumakonda,TS
2024-12-30,0.0,29.4,19.3,3.62,0.148,Hanumakonda,TS
2024-12-31,0.0,29.3,18.6,3.64,0.136,Hanumakonda,TS
2025-01-01,0.0,28.3,18.2,3.82,0.126,Hanumakonda,TS
2025-01-02,0.0,27.0,16.3,4.09,0.119,Hanumakonda,TS
2025-01-03,0.0,27.5,15.6,3.97,0.127,Hanumakonda,TS
2025-01-04,0.0,27.5,15.9,3.85,0.123,Hanumakonda,TS
2025-01-05,0.0,28.3,15.6,3.68,0.115,Hanumakonda,TS
2025-01-06,0.0,27.6,17.5,3.48,0.11,Hanumakonda,TS
2025-01-07,0.0,28.4,16.8,3.96,0.111,Hanumakonda,TS
2025-01-08,0.0,26.4,16.3,4.11,0.11,Hanumakonda,TS
2025-01-09,0.0,26.8,14.0,3.71,0.11,Hanumakonda,TS
2025-01-10,0.0,27.2,15.6,3.67,0.109,Hanumakonda,TS
2025-01-11,0.0,27.3,16.9,4.02,0.109,Hanumakonda,TS
2025-01-12,0.0,27.7,18.3,3.63,0.109,Hanumakonda,TS
2025-01-13,0.0,28.4,18.3,3.85,0.109,Hanumakonda,TS
2025-01-14,0.0,29.1,18.1,3.83,0.108,Hanumakonda,TS
2025-01-15,0.0,28.6,19.0,3.54,0.108,Hanumakonda,TS
2025-01-16,0.0,28.5,19.2,3.52,0.108,Hanumakonda,TS
2025-01-17,0.0,28.0,19.6,3.59,0.108,Hanumakonda,TS
2025-01-18,0.0,27.1,18.2,3.69,0.107,Hanumakonda,TS
2025-01-19,0.0,27.8,16.7,4.03,0.107,Hanumakonda,TS
2025-01-20,0.0,27.6,15.8,4.15,0.107,Hanumakonda,TS
2025-01-21,0.0,28.6,15.6,4.11,0.107,Hanumakonda,TS
2025-01-22,0.0,30.0,16.2,4.05,0.106,Hanumakonda,TS
2025-01-23,0.0,28.9,18.1,4.05,0.106,Hanumakonda,TS
2025-01-24,0.0,29.5,17.8,4.11,0.106,Hanumakonda,TS
2025-01-25,0.0,30.1,17.7,3.77,0.106,Hanumakonda,TS
2025-01-26,0.0,30.5,17.1,4.15,0.106,Hanumakonda,TS
2025-01-27,0.0,30.3,17.6,4.16,0.106,Hanumakonda,TS
2025-01-28,0.0,30.5,18.2,4.59,0.105,Hanumakonda,TS
2025-01-29,0.0,29.6,18.9,4.31,0.105,Hanumakonda,TS
2025-01-30,0.0,30.2,18.9,4.34,0.105,Hanumakonda,TS
2025-01-31,0.0,31.2,19.5,4.72,0.105,Hanumakonda,TS
2025-02-01,0.0,31.7,19.7,4.7,0.105,Hanumakonda,TS
2025-02-02,0.0,32.0,19.4,4.68,0.105,Hanumakonda,TS
2025-02-03,0.0,32.9,20.0,4.86,0.105,Hanumakonda,TS
2025-02-04,0.0,33.2,20.2,4.65,0.105,Hanumakonda,TS
2025-02-05,0.0,33.2,21.2,4.87,0.105,Hanumakonda,TS
2025-02-06,0.0,32.3,20.7,4.53,0.105,Hanumakonda,TS
2025-02-07,0.0,32.0,20.2,4.47,0.105,Hanumakonda,TS
2025-02-08,0.0,32.1,20.3,4.76,0.105,Hanumakonda,TS
2025-02-09,0.0,31.9,20.3,4.5,0.105,Hanumakonda,TS
2025-02-10,0.0,32.1,20.7,4.77,0.105,Hanumakonda,TS
2025-02-11,0.0,32.9,20.4,4.99,0.105,Hanumakonda,TS
2025-02-12,0.0,33.5,21.1,5.33,0.104,Hanumakonda,TS
2025-02-13,0.0,31.4,21.2,4.85,0.104,Hanumakonda,TS
2025-02-14,0.0,30.5,18.8,4.93,0.104,Hanumakonda,TS
2025-02-15,0.0,31.4,18.6,5.24,0.104,Hanumakonda,TS
2025-02-16,0.0,33.2,18.4,4.95,0.104,Hanumakonda,TS
2025-02-17,0.0,33.2,19.5,5.5,0.104,Hanumakonda,TS
2025-02-18,0.0,33.7,20.6,5.6,0.104,Hanumakonda,TS
2025-02-19,0.0,34.1,21.2,5.52,0.104,Hanumakonda,TS
2025-02-20,0.0,33.3,21.6,5.05,0.104,Hanumakonda,TS
2025-02-21,0.0,33.1,22.0,4.88,0.104,Hanumakonda,TS
2025-02-22,0.0,33.3,21.7,4.86,0.107,Hanumakonda,TS
2025-02-23,0.0,33.0,20.0,5.4,0.107,Hanumakonda,TS
2025-02-24,0.0,33.7,18.9,5.42,0.104,Hanumakonda,TS
2025-02-25,0.0,32.8,20.8,4.93,0.104,Hanumakonda,TS
2025-02-26,0.0,32.7,21.4,5.12,0.104,Hanumakonda,TS
2025-02-27,0.0,32.8,21.6,5.28,0.108,Hanumakonda,TS
2025-02-28,0.0,33.4,21.5,5.09,0.103,Hanumakonda,TS
2025-03-01,0.0,33.3,21.5,5.59,0.103,Hanumakonda,TS
2025-03-02,0.0,35.0,21.2,5.46,0.103,Hanumakonda,TS
2025-03-03,0.0,35.7,22.4,5.65,0.103,Hanumakonda,TS
2025-03-04,0.0,35.7,22.2,5.56,0.103,Hanumakonda,TS
2025-03-05,0.0,33.8,21.3,6.41,0.102,Hanumakonda,TS
2025-03-06,0.0,31.8,18.6,6.27,0.102,Hanumakonda,TS
2025-03-07,0.0,33.4,17.9,6.28,0.102,Hanumakonda,TS
2025-03-08,0.0,35.0,19.4,5.81,0.102,Hanumakonda,TS
2025-03-09,0.0,34.9,20.7,5.74,0.101,Hanumakonda,TS
2025-03-10,0.0,33.8,22.0,5.59,0.101,Hanumakonda,TS
2025-03-11,0.0,34.6,22.1,5.76,0.101,Hanumakonda,TS
2025-03-12,0.0,36.3,22.6,5.84,0.101,Hanumakonda,TS
2025-03-13,0.0,37.5,23.6,6.5,0.1,Hanumakonda,TS
2025-03-14,0.0,37.9,24.2,6.43,0.1,Hanumakonda,TS
2025-03-15,0.0,37.8,24.1,7.27,0.1,Hanumakonda,TS
2025-03-16,0.0,37.8,23.6,7.59,0.099,Hanumakonda,TS
2025-03-17,0.0,37.7,22.8,6.81,0.099,Hanumakonda,TS
2025-03-18,0.0,37.7,23.0,6.74,0.098,Hanumakonda,TS
2025-03-19,0.0,36.8,22.9,7.3,0.098,Hanumakonda,TS
2025-03-20,0.0,35.7,22.9,6.29,0.098,Hanumakonda,TS
2025-03-21,0.0,35.5,23.1,5.98,0.098,Hanumakonda,TS
2025-03-22,0.6,35.1,23.7,5.58,0.099,Hanumakonda,TS
2025-03-23,0.1,34.5,24.0,5.2,0.097,Hanumakonda,TS
2025-03-24,0.0,35.9,24.1,5.5,0.113,Hanumakonda,TS
2025-03-25,0.0,35.7,23.2,5.81,0.126,Hanumakonda,TS
2025-03-26,0.0,36.3,22.6,5.89,0.132,Hanumakonda,TS
2025-03-27,0.0,37.1,23.0,6.5,0.126,Hanumakonda,TS
2025-03-28,0.0,36.9,24.9,6.35,0.117,Hanumakonda,TS
2025-03-29,0.0,38.1,23.5,6.11,0.115,Hanumakonda,TS
2025-03-30,0.0,37.7,24.9,7.07,0.105,Hanumakonda,TS
2025-03-31,0.0,36.6,23.9,7.04,0.104,Hanumakonda,TS
2025-04-01,0.0,35.1,23.7,6.36,0.104,Hanumakonda,TS
2025-04-02,0.0,34.0,23.6,5.38,0.103,Hanumakonda,TS
2025-04-03,0.9,33.0,25.1,4.8,0.105,Hanumakonda,TS
2025-04-04,6.4,32.4,22.3,4.61,0.271,Hanumakonda,TS
2025-04-05,0.0,34.5,24.0,5.56,0.252,Hanumakonda,TS
2025-04-06,0.0,36.6,23.6,5.96,0.2,Hanumakonda,TS
2025-04-07,0.0,37.0,23.7,6.35,0.161,Hanumakonda,TS
2025-04-08,0.3,35.5,24.4,6.06,0.126,Hanumakonda,TS
2025-04-09,0.0,35.7,24.5,6.17,0.111,Hanumakonda,TS
2025-04-10,0.0,36.4,24.3,5.99,0.109,Hanumakonda,TS
2025-04-11,0.0,37.7,25.3,6.77,0.101,Hanumakonda,TS
2025-04-12,0.0,37.6,24.4,7.12,0.083,Hanumakonda,TS
2025-04-13,0.4,36.0,25.2,6.61,0.092,Hanumakonda,TS
2025-04-14,0.0,37.0,24.9,6.59,0.091,Hanumakonda,TS
2025-04-15,0.0,36.5,24.6,6.65,0.103,Hanumakonda,TS
2025-04-16,0.0,36.2,24.6,6.76,0.106,Hanumakonda,TS
2025-04-17,0.1,37.2,25.1,6.58,0.106,Hanumakonda,TS
2025-04-18,0.0,37.5,25.6,6.58,0.103,Hanumakonda,TS
2025-04-19,0.0,37.8,26.5,6.26,0.095,Hanumakonda,TS
2025-04-20,0.0,39.0,26.7,6.73,0.085,Hanumakonda,TS
2025-04-21,0.1,38.4,27.2,6.55,0.09,Hanumakonda,TS
2025-04-22,0.0,39.7,27.2,6.8,0.087,Hanumakonda,TS
2025-04-23,0.0,39.2,26.9,7.19,0.093,Hanumakonda,TS
2025-04-24,0.0,39.6,26.8,7.97,0.093,Hanumakonda,TS
2025-04-25,0.0,38.7,27.3,7.6,0.093,Hanumakonda,TS
2025-04-26,0.0,38.4,27.2,6.75,0.093,Hanumakonda,TS
2025-04-27,0.0,34.6,26.2,3.56,0.11,Hanumakonda,TS
2025-04-28,0.0,37.0,25.6,6.74,0.115,Hanumakonda,TS
2025-04-29,0.0,38.2,25.6,7.03,0.109,Hanumakonda,TS
2025-04-30,0.2,38.5,26.0,7.09,0.115,Hanumakonda,TS
2025-05-01,0.2,38.2,25.3,6.87,0.102,Hanumakonda,TS
2025-05-02,0.0,38.4,26.1,6.95,0.101,Hanumakonda,TS
2025-05-03,0.0,39.4,26.8,7.08,0.105,Hanumakonda,TS
2025-05-04,0.1,36.5,26.0,6.21,0.104,Hanumakonda,TS
2025-05-05,1.8,37.8,23.7,6.37,0.105,Hanumakonda,TS
2025-05-06,1.2,37.5,25.2,6.02,0.117,Hanumakonda,TS
2025-05-07,0.0,37.1,25.8,7.07,0.112,Hanumakonda,TS
2025-05-08,0.0,36.8,25.5,7.0,0.103,Hanumakonda,TS
2025-05-09,0.0,38.4,25.8,6.65,0.102,Hanumakonda,TS
2025-05-10,0.2,37.6,27.1,6.57,0.1,Hanumakonda,TS
2025-05-11,0.0,39.1,28.1,6.82,0.11,Hanumakonda,TS
2025-05-12,0.1,39.1,27.6,6.73,0.116,Hanumakonda,TS
2025-05-13,0.0,39.4,27.7,6.95,0.12,Hanumakonda,TS
2025-05-14,1.3,38.3,25.1,6.16,0.131,Hanumakonda,TS
2025-05-15,0.1,36.7,26.9,5.03,0.133,Hanumakonda,TS
2025-05-16,0.2,36.5,26.6,5.32,0.138,Hanumakonda,TS
2025-05-17,0.3,34.9,26.0,4.7,0.141,Hanumakonda,TS
2025-05-18,0.2,37.6,27.1,6.2,0.12,Hanumakonda,TS
2025-05-19,0.9,35.2,26.0,4.94,0.111,Hanumakonda,TS
2025-05-20,0.6,37.2,27.7,5.68,0.108,Hanumakonda,TS
2025-05-21,26.2,34.8,24.7,4.43,0.3,Hanumakonda,TS
2025-05-22,10.5,31.4,24.7,3.36,0.369,Hanumakonda,TS
2025-05-23,0.8,34.8,25.1,4.94,0.338,Hanumakonda,TS
2025-05-24,1.0,34.0,25.0,5.59,0.309,Hanumakonda,TS
2025-05-25,2.3,34.1,26.1,5.66,0.278,Hanumakonda,TS
2025-05-26,0.5,32.8,25.6,4.41,0.249,Hanumakonda,TS
2025-05-27,29.2,34.6,25.4,4.28,0.291,Hanumakonda,TS
2025-05-28,3.0,32.1,25.3,4.17,0.352,Hanumakonda,TS
2025-05-29,0.6,34.1,26.6,4.48,0.319,Hanumakonda,TS
2025-05-30,0.0,33.9,27.0,5.46,0.318,Hanumakonda,TS
2025-05-31,0.0,36.3,27.3,6.8,0.293,Hanumakonda,TS
2025-06-01,0.0,36.5,27.7,7.41,0.255,Hanumakonda,TS
2025-06-02,6.4,35.8,26.4,6.62,0.22,Hanumakonda,TS
2025-06-03,0.4,35.4,27.0,6.29,0.179,Hanumakonda,TS
2025-06-04,0.0,36.1,27.2,6.86,0.15,Hanumakonda,TS
2025-06-05,0.0,34.2,25.7,5.0,0.125,Hanumakonda,TS
2025-06-06,0.0,37.0,26.9,6.31,0.11,Hanumakonda,TS
2025-06-07,0.0,38.2,27.9,6.68,0.105,Hanumakonda,TS
2025-06-08,0.0,38.1,28.1,6.89,0.113,Hanumakonda,TS
2025-06-09,0.0,33.8,26.4,5.12,0.14,Hanumakonda,TS
2025-06-10,3.7,37.0,26.8,6.76,0.169,Hanumakonda,TS
2025-06-11,3.8,33.8,25.3,4.14,0.204,Hanumakonda,TS
2025-06-12,9.2,33.8,24.1,4.5,0.311,Hanumakonda,TS
2025-06-13,0.6,34.6,25.1,5.48,0.294,Hanumakonda,TS
2025-06-14,0.8,35.0,26.1,5.76,0.253,Hanumakonda,TS
2025-06-15,0.1,33.9,26.6,5.72,0.215,Hanumakonda,TS
2025-06-16,7.6,34.4,26.2,5.13,0.217,Hanumakonda,TS
2025-06-17,0.0,34.7,27.0,6.07,0.27,Hanumakonda,TS
2025-06-18,0.1,35.0,26.4,6.8,0.24,Hanumakonda,TS
2025-06-19,18.2,33.1,27.1,4.47,0.241,Hanumakonda,TS
2025-06-20,0.0,33.9,26.7,5.39,0.233,Hanumakonda,TS
2025-06-21,0.0,34.9,27.0,7.05,0.19,Hanumakonda,TS
2025-06-22,0.1,34.8,26.9,6.83,0.153,Hanumakonda,TS
2025-06-23,0.1,31.6,27.6,4.5,0.145,Hanumakonda,TS
2025-06-24,14.6,31.3,25.2,4.68,0.206,Hanumakonda,TS
2025-06-25,19.6,33.4,24.9,4.55,0.302,Hanumakonda,TS
2025-06-26,4.2,31.5,24.5,4.13,0.341,Hanumakonda,TS
2025-06-27,0.7,33.9,25.5,5.5,0.291,Hanumakonda,TS
2025-06-28,0.1,34.0,26.5,6.33,0.242,Hanumakonda,TS
2025-06-29,4.7,33.5,24.6,5.72,0.209,Hanumakonda,TS
2025-06-30,9.1,30.7,24.1,2.76,0.295,Hanumakonda,TS
2025-07-01,20.0,30.7,24.0,3.14,0.382,Hanumakonda,TS
2025-07-02,11.9,31.3,23.8,3.54,0.392,Hanumakonda,TS
2025-07-03,4.0,29.2,24.3,2.97,0.374,Hanumakonda,TS
2025-07-04,2.1,31.9,25.7,4.9,0.348,Hanumakonda,TS
2025-07-05,2.0,32.4,26.7,4.81,0.333,Hanumakonda,TS
2025-07-06,21.7,32.7,25.2,5.05,0.359,Hanumakonda,TS
2025-07-07,4.2,30.6,24.6,3.5,0.358,Hanumakonda,TS
2025-07-08,0.0,31.9,25.1,5.81,0.314,Hanumakonda,TS
2025-07-09,0.1,31.6,25.8,5.37,0.284,Hanumakonda,TS
2025-07-10,0.6,31.9,25.1,5.31,0.269,Hanumakonda,TS
2025-07-11,1.0,32.6,24.3,5.37,0.247,Hanumakonda,TS
2025-07-12,0.3,33.1,26.0,5.8,0.228,Hanumakonda,TS
2025-07-13,0.0,32.8,26.9,5.51,0.195,Hanumakonda,TS
2025-07-14,0.2,33.5,26.9,6.16,0.165,Hanumakonda,TS
2025-07-15,0.7,33.5,26.4,5.59,0.159,Hanumakonda,TS
2025-07-16,1.1,33.3,26.4,4.85,0.147,Hanumakonda,TS
2025-07-17,8.8,34.4,24.5,4.69,0.134,Hanumakonda,TS
2025-07-18,2.7,33.8,24.9,4.71,0.15,Hanumakonda,TS
2025-07-19,2.5,32.8,24.7,4.58,0.167,Hanumakonda,TS
2025-07-20,0.1,31.7,25.3,4.17,0.237,Hanumakonda,TS
2025-07-21,1.2,32.6,25.1,4.47,0.233,Hanumakonda,TS
2025-07-22,34.4,31.6,25.1,3.79,0.313,Hanumakonda,TS
2025-07-23,16.9,30.7,24.2,2.92,0.359,Hanumakonda,TS
2025-07-24,10.7,28.0,24.2,2.26,0.371,Hanumakonda,TS
2025-07-25,24.5,27.8,24.2,1.75,0.413,Hanumakonda,TS
2025-07-26,30.8,26.1,24.1,1.45,0.426,Hanumakonda,TS
2025-07-27,1.8,32.2,24.3,5.11,0.386,Hanumakonda,TS
2025-07-28,0.2,31.9,25.0,5.77,0.347,Hanumakonda,TS
2025-07-29,0.4,31.3,25.7,4.93,0.318,Hanumakonda,TS
2025-07-30,0.2,30.0,25.3,3.71,0.318,Hanumakonda,TS
2025-07-31,0.4,32.0,25.5,5.11,0.309,Hanumakonda,TS
2025-08-01,0.4,32.1,25.8,5.45,0.281,Hanumakonda,TS
2025-08-02,0.2,31.9,25.3,5.19,0.255,Hanumakonda,TS
2025-08-03,4.6,32.6,25.0,5.13,0.236,Hanumakonda,TS
2025-08-04,1.8,32.7,24.6,4.74,0.225,Hanumakonda,TS
2025-08-05,5.6,31.3,24.5,4.25,0.218,Hanumakonda,TS
2025-08-06,5.5,32.3,24.3,4.64,0.186,Hanumakonda,TS
2025-08-07,8.4,31.7,25.2,4.03,0.197,Hanumakonda,TS
2025-08-08,1.5,29.5,24.4,2.54,0.238,Hanumakonda,TS
2025-08-09,7.6,31.3,23.2,4.51,0.31,Hanumakonda,TS
2025-08-10,2.7,30.9,23.6,4.21,0.274,Hanumakonda,TS
2025-08-11,16.5,31.2,23.9,4.29,0.255,Hanumakonda,TS
2025-08-12,7.8,31.1,23.5,4.33,0.336,Hanumakonda,TS
2025-08-13,11.9,29.2,23.9,3.18,0.377,Hanumakonda,TS
2025-08-14,4.8,30.1,24.0,3.33,0.366,Hanumakonda,TS
2025-08-15,13.2,29.7,24.0,3.28,0.371,Hanumakonda,TS
2025-08-16,12.4,29.8,23.4,3.64,0.387,Hanumakonda,TS
2025-08-17,3.9,30.4,24.5,4.23,0.345,Hanumakonda,TS
2025-08-18,14.2,28.8,23.8,2.48,0.39,Hanumakonda,TS
2025-08-19,21.7,28.8,23.8,3.19,0.407,Hanumakonda,TS
2025-08-20,17.2,29.7,23.6,4.15,0.385,Hanumakonda,TS
2025-08-21,0.1,31.7,25.1,5.1,0.333,Hanumakonda,TS
2025-08-22,0.1,31.2,25.8,4.82,0.296,Hanumakonda,TS
2025-08-23,0.0,31.0,25.2,4.89,0.248,Hanumakonda,TS
2025-08-24,0.0,31.2,25.0,4.86,0.209,Hanumakonda,TS
2025-08-25,0.3,31.2,25.0,5.27,0.186,Hanumakonda,TS
2025-08-26,7.6,27.7,24.1,2.57,0.196,Hanumakonda,TS
2025-08-27,40.7,27.8,23.4,2.39,0.403,Hanumakonda,TS
2025-08-28,23.9,27.9,23.3,2.68,0.418,Hanumakonda,TS
2025-08-29,2.1,31.4,23.5,4.84,0.38,Hanumakonda,TS
2025-08-30,1.4,31.2,24.1,4.59,0.347,Hanumakonda,TS
2025-08-31,10.5,30.4,25.0,4.4,0.343,Hanumakonda,TS
2025-09-01,32.7,28.9,23.8,3.11,0.397,Hanumakonda,TS
2025-09-02,5.5,28.6,24.1,3.14,0.389,Hanumakonda,TS
2025-09-03,0.0,29.4,24.5,3.93,0.344,Hanumakonda,TS
2025-09-04,0.9,31.1,24.0,4.36,0.305,Hanumakonda,TS
2025-09-05,0.5,31.9,24.3,5.18,0.27,Hanumakonda,TS
2025-09-06,5.7,30.6,24.0,4.28,0.248,Hanumakonda,TS
2025-09-07,1.3,31.4,23.9,4.92,0.193,Hanumakonda,TS
2025-09-08,2.3,31.4,24.6,4.86,0.148,Hanumakonda,TS
2025-09-09,0.1,32.1,24.3,4.6,0.122,Hanumakonda,TS
2025-09-10,7.0,31.7,23.7,4.41,0.179,Hanumakonda,TS
2025-09-11,13.4,27.8,23.8,2.77,0.306,Hanumakonda,TS
2025-09-12,7.4,27.9,23.6,2.24,0.351,Hanumakonda,TS
2025-09-13,11.2,28.6,23.3,2.85,0.366,Hanumakonda,TS
2025-09-14,18.5,30.4,23.7,4.1,0.36,Hanumakonda,TS
2025-09-15,4.4,30.1,23.7,3.51,0.378,Hanumakonda,TS
2025-09-16,13.3,30.5,24.0,3.52,0.38,Hanumakonda,TS
2025-09-17,4.9,30.0,23.8,3.8,0.366,Hanumakonda,TS
2025-09-18,0.7,31.2,23.8,4.68,0.307,Hanumakonda,TS
2025-09-19,5.3,32.1,23.5,4.75,0.264,Hanumakonda,TS
2025-09-20,15.3,31.6,23.0,4.63,0.331,Hanumakonda,TS
2025-09-21,4.9,31.6,24.4,4.36,0.338,Hanumakonda,TS
2025-09-22,9.6,28.9,24.1,2.61,0.359,Hanumakonda,TS
2025-09-23,11.0,29.8,23.9,2.5,0.364,Hanumakonda,TS
2025-09-24,1.3,30.2,24.4,3.46,0.339,Hanumakonda,TS
2025-09-25,21.8,25.1,24.0,1.4,0.378,Hanumakonda,TS
2025-09-26,40.6,29.5,23.2,3.21,0.406,Hanumakonda,TS
2025-09-27,26.6,27.4,23.3,1.78,0.419,Hanumakonda,TS
2025-09-28,0.8,29.6,23.3,4.13,0.378,Hanumakonda,TS
2025-09-29,0.5,30.2,22.9,4.29,0.34,Hanumakonda,TS
2025-09-30,5.6,30.5,23.7,4.5,0.312,Hanumakonda,TS
2025-10-01,13.5,31.0,23.4,4.66,0.285,Hanumakonda,TS
2025-10-02,0.0,29.2,25.4,3.03,0.224,Hanumakonda,TS
2025-10-03,0.2,30.1,25.5,4.04,0.203,Hanumakonda,TS
2025-10-04,14.5,30.8,24.8,3.68,0.259,Hanumakonda,TS
2025-10-05,1.1,30.1,24.3,3.83,0.23,Hanumakonda,TS
2025-10-06,10.0,29.2,23.1,3.57,0.301,Hanumakonda,TS
2025-10-07,1.3,30.8,22.9,4.18,0.211,Hanumakonda,TS
2025-10-08,0.7,31.4,24.0,4.47,0.153,Hanumakonda,TS
2025-10-09,0.4,31.7,23.3,4.76,0.122,Hanumakonda,TS
2025-10-10,0.0,32.6,23.5,5.2,0.107,Hanumakonda,TS
2025-10-11,0.0,31.9,22.9,5.14,0.101,Hanumakonda,TS
2025-10-12,4.1,32.5,22.7,4.82,0.098,Hanumakonda,TS
2025-10-13,8.1,27.9,23.2,2.17,0.225,Hanumakonda,TS
2025-10-14,2.3,29.3,22.9,3.16,0.254,Hanumakonda,TS
2025-10-15,4.5,31.2,23.2,3.98,0.231,Hanumakonda,TS
2025-10-16,0.0,32.3,22.7,4.69,0.17,Hanumakonda,TS
2025-10-17,0.0,32.7,23.1,4.86,0.139,Hanumakonda,TS
2025-10-18,0.0,32.8,22.8,4.89,0.121,Hanumakonda,TS
2025-10-19,0.8,33.1,22.9,4.5,0.112,Hanumakonda,TS
2025-10-20,7.2,31.6,23.5,3.73,0.111,Hanumakonda,TS
2025-10-21,1.3,33.3,23.1,4.41,0.109,Hanumakonda,TS
2025-10-22,5.5,34.6,23.9,3.81,0.095,Hanumakonda,TS
2025-10-23,3.5,32.0,24.0,3.1,0.175,Hanumakonda,TS
2025-10-24,10.4,27.9,23.1,1.98,0.34,Hanumakonda,TS
2025-10-25,6.1,30.1,22.7,3.44,0.332,Hanumakonda,TS
2025-10-26,0.0,30.3,22.0,4.1,0.296,Hanumakonda,TS
2025-10-27,1.2,31.0,22.8,3.56,0.241,Hanumakonda,TS
2025-10-28,23.8,28.1,23.5,2.1,0.351,Hanumakonda,TS
2025-10-29,178.9,25.5,23.5,0.82,0.415,Hanumakonda,TS
2025-10-30,1.8,30.3,23.8,4.15,0.396,Hanumakonda,TS
2025-10-31,0.0,30.6,22.6,4.41,0.344,Hanumakonda,TS
2025-11-01,0.3,30.6,22.2,3.92,0.309,Hanumakonda,TS
2025-11-02,1.5,30.7,23.8,3.83,0.264,Hanumakonda,TS
2025-11-03,9.4,30.6,22.9,3.76,0.247,Hanumakonda,TS
2025-11-04,3.4,30.1,24.0,3.58,0.204,Hanumakonda,TS
2025-11-05,0.0,30.7,23.4,4.2,0.174,Hanumakonda,TS
2025-11-06,0.0,30.4,21.4,4.45,0.157,Hanumakonda,TS
2025-11-07,0.0,30.4,21.4,4.52,0.15,Hanumakonda,TS
2025-11-08,0.0,29.7,20.6,4.7,0.147,Hanumakonda,TS
2025-11-09,0.0,28.3,18.8,4.63,0.136,Hanumakonda,TS
2025-11-10,0.0,28.3,17.4,4.5,0.126,Hanumakonda,TS
2025-11-11,0.0,28.6,18.4,4.74,0.117,Hanumakonda,TS
2025-11-12,0.0,28.8,18.3,5.08,0.114,Hanumakonda,TS
2025-11-13,0.0,28.6,17.2,4.87,0.115,Hanumakonda,TS
2025-11-14,0.0,28.0,15.6,4.44,0.12,Hanumakonda,TS
2025-11-15,0.0,28.5,15.5,4.4,0.114,Hanumakonda,TS
2025-11-16,0.0,27.7,16.3,4.59,0.119,Hanumakonda,TS
2025-11-17,0.0,27.3,15.8,4.5,0.118,Hanumakonda,TS
2025-11-18,0.0,28.0,15.5,4.39,0.114,Hanumakonda,TS
2025-11-19,0.0,28.0,15.3,4.26,0.116,Hanumakonda,TS
2025-11-20,0.0,28.8,16.3,4.4,0.112,Hanumakonda,TS
2025-11-21,0.0,30.0,17.7,4.31,0.109,Hanumakonda,TS
2025-11-22,0.0,31.2,20.1,4.26,0.098,Hanumakonda,TS
2025-11-23,0.0,31.8,20.1,4.3,0.102,Hanumakonda,TS
2025-11-24,0.0,30.8,18.7,4.14,0.115,Hanumakonda,TS
2025-11-25,0.0,30.3,20.3,3.91,0.114,Hanumakonda,TS
2025-11-26,0.0,30.2,19.8,4.08,0.12,Hanumakonda,TS
2025-11-27,0.0,29.7,18.9,4.13,0.125,Hanumakonda,TS
2025-11-28,0.0,27.7,17.3,4.3,0.132,Hanumakonda,TS
2025-11-29,0.0,27.7,15.6,3.91,0.126,Hanumakonda,TS
2025-11-30,0.0,27.1,17.7,3.16,0.115,Hanumakonda,TS
2025-12-01,0.1,28.0,19.4,2.95,0.114,Hanumakonda,TS
2025-12-02,0.0,29.0,18.8,4.16,0.113,Hanumakonda,TS
2025-12-03,0.0,28.9,18.1,3.9,0.114,Hanumakonda,TS
2025-12-04,0.0,29.5,19.3,4.16,0.096,Hanumakonda,TS
2025-12-05,0.0,28.3,18.1,4.18,0.088,Hanumakonda,TS
2025-12-06,0.0,28.2,15.9,4.19,0.084,Hanumakonda,TS
2025-12-07,0.0,28.6,16.8,4.31,0.089,Hanumakonda,TS
2025-12-08,0.0,28.5,15.2,4.46,0.085,Hanumakonda,TS
2025-12-09,0.0,28.5,15.1,4.78,0.086,Hanumakonda,TS
2025-12-10,0.0,28.9,14.9,4.77,0.089,Hanumakonda,TS
2025-12-11,0.0,28.4,14.1,4.71,0.098,Hanumakonda,TS
2025-12-12,0.0,28.1,14.6,4.38,0.095,Hanumakonda,TS
2025-12-13,0.0,28.9,14.6,4.13,0.098,Hanumakonda,TS
2025-12-14,0.0,29.0,16.2,3.99,0.097,Hanumakonda,TS
2025-12-15,0.0,28.5,16.1,3.92,0.093,Hanumakonda,TS
2025-12-16,0.0,28.8,15.0,3.87,0.1,Hanumakonda,TS
2025-12-17,0.0,29.1,15.5,4.11,0.101,Hanumakonda,TS
2025-12-18,0.0,28.6,15.0,4.36,0.101,Hanumakonda,TS
2025-12-19,0.0,27.3,14.5,4.34,0.101,Hanumakonda,TS
2025-12-20,0.0,27.0,14.4,4.16,0.101,Hanumakonda,TS
2025-12-21,0.0,27.5,14.5,3.78,0.101,Hanumakonda,TS
2025-12-22,0.0,27.8,14.8,3.91,0.101,Hanumakonda,TS
2025-12-23,0.0,27.5,14.6,3.87,0.101,Hanumakonda,TS
2025-12-24,0.0,27.5,15.5,3.89,0.101,Hanumakonda,TS
2025-12-25,0.0,28.3,14.8,3.81,0.102,Hanumakonda,TS
2025-12-26,0.0,27.1,15.7,3.7,0.102,Hanumakonda,TS
2025-12-27,0.0,27.5,15.3,3.79,0.104,Hanumakonda,TS
2025-12-28,0.0,27.5,14.5,3.77,0.102,Hanumakonda,TS
2025-12-29,0.0,27.2,14.1,3.66,0.102,Hanumakonda,TS
2025-12-30,0.0,27.7,13.9,3.75,0.102,Hanumakonda,TS
2025-12-31,0.0,28.7,15.5,3.5,0.102,Hanumakonda,TS
2026-01-01,0.0,28.7,17.5,3.14,0.102,Hanumakonda,TS
2026-01-02,0.0,29.2,18.5,3.42,0.102,Hanumakonda,TS
2026-01-03,0.0,28.6,18.7,3.38,0.102,Hanumakonda,TS
2026-01-04,0.0,28.1,18.1,3.47,0.102,Hanumakonda,TS
2026-01-05,0.0,28.0,16.8,3.61,0.102,Hanumakonda,TS
2026-01-06,0.0,27.4,15.2,4.02,0.102,Hanumakonda,TS
2026-01-07,0.0,27.9,14.6,4.01,0.102,Hanumakonda,TS
2026-01-08,0.0,27.4,13.6,3.9,0.102,Hanumakonda,TS
2026-01-09,0.0,26.6,13.6,3.9,0.102,Hanumakonda,TS
2026-01-10,0.0,24.0,14.1,2.64,0.102,Hanumakonda,TS
2026-01-11,0.0,27.4,15.3,3.66,0.102,Hanumakonda,TS
2026-01-12,0.0,28.3,17.5,3.57,0.102,Hanumakonda,TS
2026-01-13,0.0,29.9,18.6,3.97,0.102,Hanumakonda,TS
2026-01-14,0.0,30.1,17.8,3.77,0.102,Hanumakonda,TS
2026-01-15,0.0,30.1,18.7,3.98,0.102,Hanumakonda,TS
2026-01-16,0.0,28.8,17.3,4.23,0.101,Hanumakonda,TS
2026-01-17,0.0,29.3,15.7,4.34,0.101,Hanumakonda,TS
2026-01-18,0.0,30.9,16.2,4.05,0.101,Hanumakonda,TS
2026-01-19,0.0,29.8,16.8,3.64,0.101,Hanumakonda,TS
2026-01-20,0.0,30.2,17.4,3.98,0.101,Hanumakonda,TS
2026-01-21,0.0,29.5,18.2,4.14,0.101,Hanumakonda,TS
2026-01-22,0.0,29.4,18.0,4.49,0.101,Hanumakonda,TS
2026-01-23,0.0,29.0,18.2,4.46,0.101,Hanumakonda,TS
2026-01-24,0.0,29.2,17.9,4.1,0.1,Hanumakonda,TS
2026-01-25,0.0,30.9,19.1,4.11,0.1,Hanumakonda,TS
2026-01-26,0.0,30.8,19.6,4.48,0.1,Hanumakonda,TS
2026-01-27,0.0,30.2,19.4,4.46,0.1,Hanumakonda,TS
2026-01-28,0.0,30.9,18.9,4.3,0.1,Hanumakonda,TS
2026-01-29,0.0,30.6,18.9,4.09,0.1,Hanumakonda,TS
2026-01-30,0.0,30.7,19.2,4.06,0.1,Hanumakonda,TS
2026-01-31,0.0,30.5,19.0,4.44,0.099,Hanumakonda,TS
2026-02-01,0.0,30.6,18.9,4.3,0.099,Hanumakonda,TS
2026-02-02,0.0,30.5,18.7,4.15,0.099,Hanumakonda,TS
2026-02-03,0.0,30.9,19.2,4.16,0.099,Hanumakonda,TS
2026-02-04,0.0,30.8,19.4,4.55,0.099,Hanumakonda,TS
2026-02-05,0.0,31.0,19.2,4.65,0.099,Hanumakonda,TS
2026-02-06,0.0,30.7,19.4,4.74,0.098,Hanumakonda,TS
2026-02-07,0.0,30.6,17.6,5.02,0.098,Hanumakonda,TS
2026-02-08,0.0,30.3,16.8,5.33,0.098,Hanumakonda,TS
2026-02-09,0.0,30.9,17.4,4.73,0.098,Hanumakonda,TS
2026-02-10,0.0,31.0,17.3,4.4,0.098,Hanumakonda,TS
2026-02-11,0.0,31.1,18.7,4.52,0.09,Hanumakonda,TS
2026-02-12,0.0,31.9,18.8,4.88,0.097,Hanumakonda,TS
2026-02-13,0.0,32.2,19.1,4.86,0.097,Hanumakonda,TS
2026-02-14,0.0,32.3,19.2,5.19,0.102,Hanumakonda,TS
2026-02-15,0.0,32.3,19.3,5.3,0.097,Hanumakonda,TS
2026-02-16,0.0,32.6,19.6,5.04,0.096,Hanumakonda,TS
2026-02-17,0.0,32.2,19.2,5.29,0.096,Hanumakonda,TS
2026-02-18,0.0,31.9,19.3,5.04,0.096,Hanumakonda,TS
2026-02-19,0.0,32.2,19.8,5.25,0.096,Hanumakonda,TS
2026-02-20,0.0,33.1,19.9,4.97,0.095,Hanumakonda,TS
2026-02-21,0.0,34.0,20.9,5.31,0.095,Hanumakonda,TS
2026-02-22,0.0,33.9,21.7,5.29,0.095,Hanumakonda,TS
2026-02-23,2.0,33.0,21.3,4.47,0.097,Hanumakonda,TS
2026-02-24,0.1,31.8,20.6,4.54,0.125,Hanumakonda,TS
2026-02-25,0.0,32.3,20.5,4.38,0.14,Hanumakonda,TS
2026-02-26,0.0,32.7,19.7,4.73,0.153,Hanumakonda,TS
2026-02-27,0.0,33.2,20.5,4.83,0.148,Hanumakonda,TS
2026-02-28,0.0,33.0,21.6,5.28,0.138,Hanumakonda,TS
2026-03-01,0.0,34.3,22.4,5.18,0.125,Hanumakonda,TS
2026-03-02,0.0,34.4,22.0,5.23,0.119,Hanumakonda,TS
2026-03-03,0.0,34.6,21.5,5.97,0.113,Hanumakonda,TS
2026-03-04,0.0,34.3,20.6,6.09,0.105,Hanumakonda,TS
2026-03-05,0.0,34.6,22.1,6.84,0.104,Hanumakonda,TS
2026-03-06,0.0,35.4,22.4,6.91,0.104,Hanumakonda,TS
2026-03-07,0.0,36.3,21.5,6.17,0.104,Hanumakonda,TS
2026-03-08,0.0,35.0,21.1,5.49,0.103,Hanumakonda,TS
2026-03-09,0.0,34.1,22.3,5.46,0.103,Hanumakonda,TS
2026-03-10,0.0,33.5,22.9,5.73,0.103,Hanumakonda,TS
2026-03-11,0.0,35.5,22.8,6.02,0.102,Hanumakonda,TS
2026-03-12,0.0,36.5,21.9,6.59,0.102,Hanumakonda,TS
2026-03-13,0.0,36.7,21.7,6.8,0.101,Hanumakonda,TS
2026-03-14,0.0,35.8,22.0,6.53,0.101,Hanumakonda,TS
2026-03-15,0.0,35.2,22.0,6.44,0.101,Hanumakonda,TS
2026-03-16,0.4,32.7,23.3,5.52,0.11,Hanumakonda,TS
2026-03-17,2.6,32.8,21.8,5.45,0.117,Hanumakonda,TS
2026-03-18,0.2,29.9,21.6,3.34,0.136,Hanumakonda,TS
2026-03-19,0.0,31.7,20.7,5.13,0.126,Hanumakonda,TS
2026-03-20,0.5,31.9,20.6,4.76,0.115,Hanumakonda,TS
2026-03-21,0.4,32.9,22.5,5.04,0.109,Hanumakonda,TS
2026-03-22,0.3,32.7,22.3,4.75,0.126,Hanumakonda,TS
2026-03-23,0.0,34.4,23.2,5.7,0.119,Hanumakonda,TS
2026-03-24,0.0,35.5,23.0,6.07,0.108,Hanumakonda,TS
2026-03-25,0.0,35.9,23.9,5.7,0.099,Hanumakonda,TS
2026-03-26,0.0,37.4,24.4,6.45,0.105,Hanumakonda,TS
2026-03-27,0.0,37.6,24.5,6.66,0.104,Hanumakonda,TS
2026-03-28,0.0,37.4,25.8,6.94,0.104,Hanumakonda,TS
2026-03-29,0.0,37.5,25.2,6.69,0.103,Hanumakonda,TS
2026-03-30,1.0,36.6,25.1,6.45,0.104,Hanumakonda,TS
2026-03-31,0.0,35.1,24.1,5.76,0.113,Hanumakonda,TS
2026-04-01,0.0,36.2,24.2,6.3,0.119,Hanumakonda,TS
2026-04-02,0.0,35.6,23.5,5.85,0.117,Hanumakonda,TS
2026-04-03,0.0,37.0,24.9,5.78,0.105,Hanumakonda,TS
2026-04-04,0.1,35.8,24.5,5.95,0.097,Hanumakonda,TS
2026-04-05,0.1,35.9,26.1,5.84,0.1,Hanumakonda,TS
2026-04-06,0.0,36.2,26.2,6.24,0.107,Hanumakonda,TS
2026-04-07,0.0,36.5,25.1,6.47,0.108,Hanumakonda,TS
2026-04-08,0.0,37.3,24.4,6.95,0.105,Hanumakonda,TS
2026-04-09,0.0,37.7,25.7,6.9,0.104,Hanumakonda,TS
2026-04-10,0.0,38.9,25.9,6.97,0.103,Hanumakonda,TS
2026-04-11,0.0,39.2,25.7,6.8,0.103,Hanumakonda,TS
2026-04-12,0.0,39.9,26.0,7.11,0.102,Hanumakonda,TS
2026-04-13,0.0,39.7,26.3,7.58,0.102,Hanumakonda,TS
2026-04-14,0.0,40.1,26.8,7.92,0.101,Hanumakonda,TS
2026-04-15,0.0,40.7,26.9,8.11,0.1,Hanumakonda,TS
2026-04-16,0.0,40.7,26.8,7.72,0.1,Hanumakonda,TS
2026-04-17,0.0,40.5,26.8,6.7,0.101,Hanumakonda,TS
2026-04-18,0.0,40.3,27.4,7.46,0.104,Hanumakonda,TS
2026-04-19,0.3,40.0,27.2,6.94,0.104,Hanumakonda,TS
2026-04-20,0.0,39.6,27.2,7.02,0.105,Hanumakonda,TS
2026-04-21,0.0,38.5,27.4,6.41,0.111,Hanumakonda,TS
2026-04-22,0.0,39.6,28.3,7.32,0.109,Hanumakonda,TS
2026-04-23,0.4,40.5,27.5,6.62,0.114,Hanumakonda,TS
2026-04-24,0.0,40.5,26.4,7.44,0.106,Hanumakonda,TS
2026-04-25,0.0,40.5,26.9,7.0,0.104,Hanumakonda,TS
2026-04-26,0.0,40.7,27.6,7.33,0.104,Hanumakonda,TS
2026-04-27,0.0,40.8,26.5,8.06,0.105,Hanumakonda,TS
2026-04-28,0.6,39.3,27.3,7.05,0.104,Hanumakonda,TS
2026-04-29,0.0,40.3,27.2,7.64,0.103,Hanumakonda,TS
2026-04-30,0.0,40.6,28.0,7.94,0.099,Hanumakonda,TS
2026-05-01,0.0,39.7,27.0,8.18,0.107,Hanumakonda,TS
2026-05-02,0.0,40.3,26.0,7.61,0.104,Hanumakonda,TS
2026-05-03,0.0,39.4,27.4,7.21,0.105,Hanumakonda,TS
2026-05-04,0.0,39.3,25.9,7.24,0.105,Hanumakonda,TS
2026-05-05,0.0,39.7,27.7,7.57,0.104,Hanumakonda,TS
2026-05-06,0.0,36.8,26.1,6.26,0.104,Hanumakonda,TS
2026-05-07,0.1,36.4,26.3,6.15,0.104,Hanumakonda,TS
2026-05-08,0.9,36.8,25.6,5.84,0.119,Hanumakonda,TS
2026-05-09,0.0,37.1,26.0,6.4,0.116,Hanumakonda,TS
2026-05-10,0.2,38.2,25.8,7.03,0.111,Hanumakonda,TS
2026-05-11,0.0,38.0,26.0,6.87,0.111,Hanumakonda,TS
2026-05-12,0.3,36.2,26.3,6.7,0.104,Hanumakonda,TS
2026-05-13,0.0,37.6,26.8,6.76,0.105,Hanumakonda,TS
2026-05-14,0.0,38.0,27.4,6.58,0.114,Hanumakonda,TS
2026-05-15,0.0,38.2,27.6,5.91,0.124,Hanumakonda,TS
2026-05-16,0.4,36.4,28.2,6.82,0.115,Hanumakonda,TS
2026-05-17,0.0,36.2,28.0,6.61,0.109,Hanumakonda,TS
2026-05-18,0.0,36.9,27.7,6.95,0.116,Hanumakonda,TS
2026-05-19,0.2,38.5,27.8,6.81,0.122,Hanumakonda,TS
2026-05-20,0.0,40.8,30.1,7.18,0.126,Hanumakonda,TS
2026-05-21,0.0,42.3,32.2,8.74,0.109,Hanumakonda,TS
2026-05-22,0.0,41.8,31.8,8.95,0.105,Hanumakonda,TS
2026-05-23,0.0,41.2,32.0,9.2,0.105,Hanumakonda,TS
2026-05-24,0.0,41.2,31.5,9.67,0.105,Hanumakonda,TS
2026-05-25,1.0,40.6,31.7,8.77,0.105,Hanumakonda,TS
2026-05-26,0.0,41.0,31.3,7.61,0.104,Hanumakonda,TS
2026-05-27,0.1,36.6,27.7,7.3,0.171,Hanumakonda,TS
2026-05-28,0.4,39.0,29.5,7.41,0.195,Hanumakonda,TS
2026-05-29,0.0,38.6,29.4,7.59,0.174,Hanumakonda,TS
2026-05-30,0.1,38.1,30.6,8.02,0.135,Hanumakonda,TS
2026-05-31,0.0,37.6,29.1,7.38,0.119,Hanumakonda,TS
2026-06-01,0.4,36.7,26.2,6.3,0.111,Hanumakonda,TS
2026-06-02,0.0,37.9,28.1,6.91,0.106,Hanumakonda,TS
2026-06-03,0.1,37.6,29.3,7.27,0.106,Hanumakonda,TS
2026-06-04,1.9,37.5,25.9,6.41,0.12,Hanumakonda,TS
2026-06-05,1.5,36.3,25.9,6.36,0.189,Hanumakonda,TS
2026-06-06,0.2,37.4,26.6,7.28,0.156,Hanumakonda,TS
2026-06-07,6.4,37.6,26.7,6.45,0.136,Hanumakonda,TS
2026-06-08,0.1,34.4,26.3,5.12,0.166,Hanumakonda,TS
2026-06-09,1.5,36.5,25.6,6.34,0.221,Hanumakonda,TS
2026-06-10,5.1,37.2,26.0,7.2,0.189,Hanumakonda,TS
2026-06-11,4.5,36.1,24.3,6.26,0.235,Hanumakonda,TS
2026-06-12,0.2,36.7,27.3,6.85,0.213,Hanumakonda,TS
2026-06-13,0.5,34.6,27.6,4.23,0.255,Hanumakonda,TS
2026-06-14,0.0,35.3,26.8,6.31,0.273,Hanumakonda,TS
2026-06-15,0.2,35.5,28.5,6.6,0.229,Hanumakonda,TS
2026-06-16,0.0,35.9,27.7,6.46,0.186,Hanumakonda,TS
2026-06-17,0.0,37.1,27.2,6.45,0.136,Hanumakonda,TS
2026-06-18,0.2,36.4,27.3,6.18,0.118,Hanumakonda,TS
2026-06-19,0.1,37.4,28.8,6.65,0.105,Hanumakonda,TS
2026-06-20,0.6,37.4,28.1,6.38,0.103,Hanumakonda,TS
2026-06-21,1.7,33.1,25.8,3.72,0.248,Hanumakonda,TS
2026-06-22,7.3,33.5,26.0,4.72,0.294,Hanumakonda,TS
2026-06-23,1.3,33.6,26.0,4.22,0.26,Hanumakonda,TS
2026-06-24,4.4,33.5,24.7,5.44,0.261,Hanumakonda,TS
2026-06-25,1.4,33.5,26.0,5.6,0.245,Hanumakonda,TS
2026-06-26,2.2,32.4,26.5,4.1,0.218,Hanumakonda,TS
2026-06-27,9.0,31.0,24.8,4.23,0.321,Hanumakonda,TS
2026-06-28,7.7,33.9,25.6,4.45,0.269,Hanumakonda,TS
2026-06-29,4.1,33.0,25.4,4.7,0.283,Hanumakonda,TS
2026-06-30,3.3,32.6,25.4,5.02,0.286,Hanumakonda,TS
2026-07-01,5.2,31.5,25.4,3.97,0.281,Hanumakonda,TS
2026-07-02,15.7,30.9,24.9,3.63,0.327,Hanumakonda,TS
2026-07-03,18.8,30.0,24.8,2.31,0.374,Hanumakonda,TS
2026-07-04,1.6,29.9,25.1,3.22,0.367,Hanumakonda,TS
2026-07-05,5.2,29.5,24.8,3.13,0.379,Hanumakonda,TS
2026-07-06,1.6,32.1,25.0,4.26,0.372,Hanumakonda,TS
2026-07-07,1.3,32.9,27.0,6.05,0.353,Hanumakonda,TS
2026-07-08,1.4,33.2,26.7,5.55,0.336,Hanumakonda,TS
2026-07-09,1.0,32.3,25.7,4.33,0.314,Hanumakonda,TS
2026-07-10,1.7,32.9,25.8,5.81,0.276,Hanumakonda,TS
2026-07-11,0.0,32.7,27.9,5.65,0.241,Hanumakonda,TS
2026-07-12,0.0,33.0,27.2,6.32,0.212,Hanumakonda,TS
2026-07-13,0.0,33.8,27.5,6.4,0.178,Hanumakonda,TS
2026-07-14,0.0,32.4,28.1,5.69,0.149,Hanumakonda,TS
2026-07-15,0.0,33.1,27.3,6.8,0.126,Hanumakonda,TS
2026-07-16,0.6,32.3,28.2,4.5,0.11,Hanumakonda,TS
2026-07-17,6.9,30.7,25.4,3.53,0.139,Hanumakonda,TS
2026-07-18,13.9,29.6,24.9,3.19,0.256,Hanumakonda,TS
2026-07-19,2.0,31.5,24.9,4.69,0.275,Hanumakonda,TS
2026-07-20,6.9,31.0,24.5,4.72,0.301,Hanumakonda,TS
2026-07-21,20.7,28.8,24.1,2.64,0.373,Hanumakonda,TS
2026-07-22,8.9,28.7,24.1,2.86,0.387,Hanumakonda,TS
2026-07-23,2.5,30.0,24.3,4.34,0.369,Hanumakonda,TS
2026-07-24,2.4,31.9,25.7,5.24,0.331,Hanumakonda,TS
2026-07-25,1.1,32.2,25.9,5.62,0.286,Hanumakonda,TS
2026-07-26,9.5,31.8,27.1,4.99,0.269,Hanumakonda,TS
2026-07-27,3.6,32.0,25.7,4.59,0.332,Hanumakonda,TS
2026-07-28,9.9,30.2,25.1,3.54,0.376,Hanumakonda,TS
2026-07-29,44.6,27.0,24.5,1.42,0.419,Hanumakonda,TS
2026-07-30,35.9,26.2,24.3,1.71,0.426,Hanumakonda,TS
2026-07-31,10.4,31.9,24.2,5.28,0.408,Hanumakonda,TS
2026-08-01,2.9,32.1,25.7,4.27,0.388,Hanumakonda,TS
2026-08-02,1.3,32.5,26.0,5.39,0.379,Hanumakonda,TS
2026-08-03,0.5,32.5,26.5,5.53,0.333,Hanumakonda,TS
2026-08-04,7.9,29.8,25.3,2.96,0.327,Hanumakonda,TS
2026-08-05,11.7,31.3,25.0,4.25,0.343,Hanumakonda,TS
2026-08-06,0.1,32.1,26.4,5.03,0.299,Hanumakonda,TS
2026-08-07,4.5,30.2,24.5,3.34,0.334,Hanumakonda,TS
2026-08-08,3.2,29.6,23.6,4.16,0.343,Hanumakonda,TS
2026-08-09,4.6,31.0,23.9,4.02,0.356,Hanumakonda,TS
2026-08-10,0.5,31.8,26.5,5.81,0.312,Hanumakonda,TS
2026-08-11,0.2,31.6,26.0,5.55,0.261,Hanumakonda,TS
2026-08-12,3.0,31.8,24.9,4.92,0.239,Hanumakonda,TS
2026-08-13,4.3,31.4,24.4,5.11,0.217,Hanumakonda,TS
2026-08-14,0.8,31.7,26.2,5.46,0.186,Hanumakonda,TS
2026-08-15,1.4,31.5,24.7,5.05,0.16,Hanumakonda,TS
2026-08-16,2.5,31.6,24.8,4.95,0.141,Hanumakonda,TS
2026-08-17,1.7,30.9,24.9,3.98,0.137,Hanumakonda,TS
2026-08-18,0.4,31.9,26.4,5.06,0.123,Hanumakonda,TS
2026-08-19,4.9,29.4,24.7,2.99,0.221,Hanumakonda,TS
2026-08-20,1.3,31.1,25.2,5.44,0.246,Hanumakonda,TS
2026-08-21,0.1,31.7,25.1,5.83,0.202,Hanumakonda,TS
2026-08-22,0.2,31.3,26.2,5.05,0.182,Hanumakonda,TS
2026-08-23,11.9,29.8,25.7,3.08,0.21,Hanumakonda,TS
2026-08-24,8.0,28.3,24.1,1.83,0.281,Hanumakonda,TS
2026-08-25,3.9,30.5,25.7,5.02,0.259,Hanumakonda,TS
2026-08-26,0.4,31.8,26.1,5.37,0.231,Hanumakonda,TS
2026-08-27,0.8,31.1,25.1,5.06,0.216,Hanumakonda,TS
2026-08-28,0.6,31.4,25.8,5.68,0.2,Hanumakonda,TS
2026-08-29,0.5,30.8,26.0,5.3,0.171,Hanumakonda,TS
2026-08-30,1.7,28.8,24.3,3.68,0.168,Hanumakonda,TS
2026-08-31,2.8,29.7,23.7,4.28,0.186,Hanumakonda,TS
2026-09-01,0.3,31.2,25.3,5.39,0.184,Hanumakonda,TS
2026-09-02,0.3,30.4,26.3,4.37,0.16,Hanumakonda,TS
2026-09-03,0.7,28.9,25.4,2.8,0.155,Hanumakonda,TS
2026-09-04,0.9,31.5,25.1,4.85,0.157,Hanumakonda,TS
2026-09-05,0.4,31.6,25.2,5.1,0.146,Hanumakonda,TS
2026-09-06,4.0,31.9,25.7,4.85,0.147,Hanumakonda,TS
2026-09-07,2.3,32.1,25.9,5.02,0.127,Hanumakonda,TS
2026-09-08,0.8,32.1,26.6,5.37,0.126,Hanumakonda,TS
2026-09-09,0.6,32.0,26.4,5.27,0.114,Hanumakonda,TS
2026-09-10,1.7,32.3,26.4,5.22,0.113,Hanumakonda,TS
