date,precipitation_sum,temperature_2m_max,temperature_2m_min,et0_fao_evapotranspiration,soil_moisture_0_to_7cm_mean,district,state
2014-01-01,0.0,26.1,15.3,3.88,0.132,Hyderabad,TS
2014-01-02,0.0,27.1,14.2,3.92,0.132,Hyderabad,TS
2014-01-03,0.0,27.7,14.2,4.07,0.131,Hyderabad,TS
2014-01-04,0.0,27.4,14.9,4.09,0.13,Hyderabad,TS
2014-01-05,0.0,28.9,15.8,4.3,0.129,Hyderabad,TS
2014-01-06,0.0,29.5,17.3,4.31,0.129,Hyderabad,TS
2014-01-07,0.0,28.0,17.3,4.28,0.128,Hyderabad,TS
2014-01-08,0.0,27.9,16.1,4.43,0.127,Hyderabad,TS
2014-01-09,0.0,28.2,16.4,4.26,0.127,Hyderabad,TS
2014-01-10,0.0,28.4,16.9,4.2,0.126,Hyderabad,TS
2014-01-11,0.0,27.6,18.1,3.16,0.126,Hyderabad,TS
2014-01-12,0.0,29.2,17.3,4.48,0.126,Hyderabad,TS
2014-01-13,0.0,27.9,16.6,4.55,0.125,Hyderabad,TS
2014-01-14,0.0,27.5,16.4,3.97,0.125,Hyderabad,TS
2014-01-15,0.0,28.8,17.8,4.25,0.124,Hyderabad,TS
2014-01-16,0.0,28.8,17.5,4.68,0.124,Hyderabad,TS
2014-01-17,0.0,28.8,17.9,4.83,0.124,Hyderabad,TS
2014-01-18,0.0,28.3,17.8,4.27,0.123,Hyderabad,TS
2014-01-19,0.0,28.8,17.1,4.86,0.123,Hyderabad,TS
2014-01-20,0.0,27.7,17.3,3.98,0.123,Hyderabad,TS
2014-01-21,0.0,27.7,17.2,4.54,0.123,Hyderabad,TS
2014-01-22,0.0,26.7,16.4,4.06,0.122,Hyderabad,TS
2014-01-23,0.0,26.3,17.4,3.56,0.122,Hyderabad,TS
2014-01-24,0.0,28.2,16.8,4.21,0.122,Hyderabad,TS
2014-01-25,0.0,28.3,16.9,4.06,0.122,Hyderabad,TS
2014-01-26,0.0,29.1,16.2,4.44,0.122,Hyderabad,TS
2014-01-27,0.0,27.8,16.0,4.37,0.122,Hyderabad,TS
2014-01-28,0.0,28.6,15.7,4.77,0.122,Hyderabad,TS
2014-01-29,0.0,27.1,17.5,3.71,0.121,Hyderabad,TS
2014-01-30,0.0,28.2,16.7,4.58,0.121,Hyderabad,TS
2014-01-31,0.0,27.6,15.1,4.71,0.121,Hyderabad,TS
2014-02-01,0.0,27.5,16.2,4.59,0.121,Hyderabad,TS
2014-02-02,0.0,28.1,15.6,4.61,0.121,Hyderabad,TS
2014-02-03,0.0,29.8,16.0,4.75,0.12,Hyderabad,TS
2014-02-04,0.0,31.1,18.9,5.07,0.12,Hyderabad,TS
2014-02-05,0.0,31.4,18.2,5.44,0.12,Hyderabad,TS
2014-02-06,0.0,31.9,16.6,5.5,0.12,Hyderabad,TS
2014-02-07,0.0,31.8,17.9,5.25,0.12,Hyderabad,TS
2014-02-08,0.0,32.0,19.6,5.76,0.119,Hyderabad,TS
2014-02-09,0.0,32.2,17.3,5.67,0.119,Hyderabad,TS
2014-02-10,0.0,32.1,16.3,5.34,0.119,Hyderabad,TS
2014-02-11,0.0,31.2,15.6,5.29,0.119,Hyderabad,TS
2014-02-12,0.0,30.5,17.7,5.3,0.119,Hyderabad,TS
2014-02-13,0.0,30.5,19.0,6.54,0.119,Hyderabad,TS
2014-02-14,0.4,27.6,20.0,4.12,0.122,Hyderabad,TS
2014-02-15,0.5,28.6,18.7,4.42,0.131,Hyderabad,TS
2014-02-16,0.2,27.8,20.1,4.18,0.132,Hyderabad,TS
2014-02-17,0.0,27.9,17.1,5.83,0.13,Hyderabad,TS
2014-02-18,0.0,28.7,16.2,5.75,0.128,Hyderabad,TS
2014-02-19,0.0,29.5,17.9,4.74,0.126,Hyderabad,TS
2014-02-20,0.0,30.4,18.1,5.46,0.125,Hyderabad,TS
2014-02-21,0.0,29.9,18.0,4.74,0.124,Hyderabad,TS
2014-02-22,0.0,31.0,19.4,5.17,0.123,Hyderabad,TS
2014-02-23,0.2,30.6,18.7,5.51,0.123,Hyderabad,TS
2014-02-24,0.0,29.8,17.7,5.7,0.125,Hyderabad,TS
2014-02-25,0.0,30.1,16.9,5.63,0.124,Hyderabad,TS
2014-02-26,0.0,30.6,16.7,5.96,0.123,Hyderabad,TS
2014-02-27,0.0,31.3,18.3,5.59,0.122,Hyderabad,TS
2014-02-28,1.0,30.6,19.1,4.87,0.125,Hyderabad,TS
2014-03-01,1.5,27.8,19.1,3.53,0.143,Hyderabad,TS
2014-03-02,1.1,28.0,19.1,3.27,0.158,Hyderabad,TS
2014-03-03,2.9,27.1,18.8,2.99,0.177,Hyderabad,TS
2014-03-04,7.3,23.8,18.2,2.37,0.239,Hyderabad,TS
2014-03-05,0.2,27.8,17.7,4.34,0.236,Hyderabad,TS
2014-03-06,0.0,27.6,18.5,4.39,0.217,Hyderabad,TS
2014-03-07,0.0,28.5,18.3,4.69,0.202,Hyderabad,TS
2014-03-08,0.0,29.6,19.2,5.35,0.19,Hyderabad,TS
2014-03-09,0.0,29.1,18.5,5.11,0.177,Hyderabad,TS
2014-03-10,0.0,29.4,19.0,5.44,0.168,Hyderabad,TS
2014-03-11,0.0,31.8,19.2,6.4,0.159,Hyderabad,TS
2014-03-12,0.0,30.9,20.3,5.47,0.151,Hyderabad,TS
2014-03-13,0.0,32.5,20.5,6.08,0.145,Hyderabad,TS
2014-03-14,0.0,33.6,20.5,6.28,0.139,Hyderabad,TS
2014-03-15,0.0,34.0,20.8,6.14,0.135,Hyderabad,TS
2014-03-16,0.0,34.0,20.7,5.89,0.131,Hyderabad,TS
2014-03-17,0.0,34.6,21.1,6.07,0.128,Hyderabad,TS
2014-03-18,0.0,34.9,21.2,6.1,0.126,Hyderabad,TS
2014-03-19,0.0,35.8,21.5,6.73,0.124,Hyderabad,TS
2014-03-20,0.0,36.0,21.6,5.96,0.122,Hyderabad,TS
2014-03-21,0.0,35.7,22.2,5.59,0.121,Hyderabad,TS
2014-03-22,0.0,35.6,23.4,5.95,0.12,Hyderabad,TS
2014-03-23,0.0,36.4,22.7,6.85,0.12,Hyderabad,TS
2014-03-24,0.0,35.0,22.8,6.37,0.119,Hyderabad,TS
2014-03-25,0.0,36.1,22.4,7.04,0.119,Hyderabad,TS
2014-03-26,0.0,36.6,22.3,7.8,0.119,Hyderabad,TS
2014-03-27,0.0,37.0,23.0,7.91,0.118,Hyderabad,TS
2014-03-28,0.0,37.6,22.0,6.81,0.118,Hyderabad,TS
2014-03-29,0.0,38.4,22.6,7.08,0.118,Hyderabad,TS
2014-03-30,0.0,38.6,22.7,6.86,0.118,Hyderabad,TS
2014-03-31,0.0,36.9,26.1,6.1,0.118,Hyderabad,TS
2014-04-01,0.0,37.0,24.6,5.63,0.118,Hyderabad,TS
2014-04-02,1.3,35.4,24.5,5.66,0.12,Hyderabad,TS
2014-04-03,0.0,35.8,24.0,5.67,0.122,Hyderabad,TS
2014-04-04,0.0,37.0,23.3,6.67,0.12,Hyderabad,TS
2014-04-05,0.0,37.8,23.0,7.03,0.12,Hyderabad,TS
2014-04-06,0.0,38.3,23.0,7.82,0.119,Hyderabad,TS
2014-04-07,0.0,38.3,24.3,7.69,0.119,Hyderabad,TS
2014-04-08,0.0,38.0,24.8,6.46,0.118,Hyderabad,TS
2014-04-09,0.3,35.9,25.1,5.98,0.12,Hyderabad,TS
2014-04-10,0.0,36.5,24.9,6.29,0.124,Hyderabad,TS
2014-04-11,0.0,36.2,24.5,6.61,0.122,Hyderabad,TS
2014-04-12,0.0,36.9,23.8,6.36,0.121,Hyderabad,TS
2014-04-13,0.4,36.1,23.6,6.63,0.121,Hyderabad,TS
2014-04-14,0.0,35.4,24.0,6.19,0.122,Hyderabad,TS
2014-04-15,0.0,35.6,23.9,6.27,0.122,Hyderabad,TS
2014-04-16,1.7,36.1,24.4,5.73,0.125,Hyderabad,TS
2014-04-17,0.9,36.2,24.2,5.64,0.135,Hyderabad,TS
2014-04-18,0.6,34.2,24.6,5.75,0.146,Hyderabad,TS
2014-04-19,3.0,35.8,25.3,5.53,0.148,Hyderabad,TS
2014-04-20,0.6,36.6,24.6,6.61,0.155,Hyderabad,TS
2014-04-21,0.0,36.6,24.3,6.81,0.147,Hyderabad,TS
2014-04-22,0.0,36.0,25.1,6.4,0.139,Hyderabad,TS
2014-04-23,0.0,37.2,24.7,6.33,0.133,Hyderabad,TS
2014-04-24,0.2,37.5,25.2,5.88,0.129,Hyderabad,TS
2014-04-25,0.0,38.2,26.4,6.57,0.127,Hyderabad,TS
2014-04-26,0.0,37.9,26.1,6.28,0.125,Hyderabad,TS
2014-04-27,0.0,38.3,26.3,6.62,0.123,Hyderabad,TS
2014-04-28,0.0,37.4,26.5,6.06,0.122,Hyderabad,TS
2014-04-29,0.0,38.5,26.7,6.3,0.122,Hyderabad,TS
2014-04-30,1.5,37.8,25.9,5.96,0.126,Hyderabad,TS
2014-05-01,0.7,38.2,26.4,6.39,0.135,Hyderabad,TS
2014-05-02,0.0,38.4,25.2,6.91,0.137,Hyderabad,TS
2014-05-03,0.3,36.9,25.4,6.48,0.133,Hyderabad,TS
2014-05-04,0.0,37.2,24.8,6.66,0.132,Hyderabad,TS
2014-05-05,0.0,35.9,24.2,6.84,0.128,Hyderabad,TS
2014-05-06,0.0,35.1,24.4,6.55,0.126,Hyderabad,TS
2014-05-07,1.2,35.0,23.9,6.02,0.129,Hyderabad,TS
2014-05-08,1.9,34.5,24.8,4.85,0.141,Hyderabad,TS
2014-05-09,55.2,24.9,22.6,1.0,0.303,Hyderabad,TS
2014-05-10,0.0,33.0,22.7,5.61,0.345,Hyderabad,TS
2014-05-11,0.0,34.4,24.1,7.33,0.296,Hyderabad,TS
2014-05-12,0.0,34.7,24.3,7.16,0.263,Hyderabad,TS
2014-05-13,0.0,35.5,25.4,7.74,0.236,Hyderabad,TS
2014-05-14,0.0,35.1,25.4,7.2,0.213,Hyderabad,TS
2014-05-15,0.0,34.6,23.8,6.37,0.196,Hyderabad,TS
2014-05-16,0.0,35.0,25.6,6.13,0.183,Hyderabad,TS
2014-05-17,0.5,35.1,26.4,6.24,0.173,Hyderabad,TS
2014-05-18,0.0,37.5,25.7,6.88,0.162,Hyderabad,TS
2014-05-19,0.1,37.5,26.0,6.46,0.153,Hyderabad,TS
2014-05-20,0.0,35.6,25.3,5.95,0.148,Hyderabad,TS
2014-05-21,0.2,37.3,25.7,6.66,0.144,Hyderabad,TS
2014-05-22,0.0,38.6,26.6,7.78,0.142,Hyderabad,TS
2014-05-23,0.0,39.6,27.2,8.24,0.135,Hyderabad,TS
2014-05-24,0.0,39.6,26.5,7.81,0.131,Hyderabad,TS
2014-05-25,0.0,39.5,26.4,7.47,0.128,Hyderabad,TS
2014-05-26,0.0,36.3,26.7,6.26,0.126,Hyderabad,TS
2014-05-27,0.0,37.4,27.5,6.89,0.124,Hyderabad,TS
2014-05-28,0.0,38.5,26.2,6.99,0.123,Hyderabad,TS
2014-05-29,0.0,38.3,27.4,6.53,0.122,Hyderabad,TS
2014-05-30,0.0,38.7,28.0,7.35,0.121,Hyderabad,TS
2014-05-31,0.0,39.6,28.8,8.05,0.12,Hyderabad,TS
2014-06-01,0.2,40.4,28.3,7.7,0.12,Hyderabad,TS
2014-06-02,2.5,39.2,27.0,6.52,0.133,Hyderabad,TS
2014-06-03,0.5,36.3,26.7,6.05,0.154,Hyderabad,TS
2014-06-04,0.7,37.8,27.2,6.45,0.151,Hyderabad,TS
2014-06-05,0.0,38.7,26.8,6.9,0.146,Hyderabad,TS
2014-06-06,0.0,39.6,28.7,7.78,0.138,Hyderabad,TS
2014-06-07,0.0,39.4,28.0,8.04,0.133,Hyderabad,TS
2014-06-08,0.3,39.2,28.0,8.06,0.131,Hyderabad,TS
2014-06-09,2.0,35.2,26.9,6.66,0.142,Hyderabad,TS
2014-06-10,0.2,37.5,25.7,7.4,0.149,Hyderabad,TS
2014-06-11,0.9,37.5,26.2,8.04,0.146,Hyderabad,TS
2014-06-12,1.7,37.4,26.6,8.36,0.144,Hyderabad,TS
2014-06-13,4.3,35.8,25.9,6.91,0.154,Hyderabad,TS
2014-06-14,3.8,35.1,25.3,5.87,0.193,Hyderabad,TS
2014-06-15,0.2,33.6,25.8,6.13,0.205,Hyderabad,TS
2014-06-16,0.0,34.9,25.8,7.31,0.188,Hyderabad,TS
2014-06-17,0.0,34.8,25.9,7.54,0.173,Hyderabad,TS
2014-06-18,0.4,33.0,25.7,6.32,0.161,Hyderabad,TS
2014-06-19,0.0,31.9,24.9,5.44,0.157,Hyderabad,TS
2014-06-20,0.0,31.7,24.0,4.78,0.156,Hyderabad,TS
2014-06-21,1.7,31.0,25.1,5.37,0.154,Hyderabad,TS
2014-06-22,0.0,30.1,25.2,5.22,0.156,Hyderabad,TS
2014-06-23,0.0,35.4,24.8,7.8,0.149,Hyderabad,TS
2014-06-24,0.0,36.7,25.0,8.56,0.141,Hyderabad,TS
2014-06-25,0.0,36.6,25.4,8.41,0.135,Hyderabad,TS
2014-06-26,0.0,36.5,26.6,7.73,0.13,Hyderabad,TS
2014-06-27,0.0,34.5,26.2,5.23,0.128,Hyderabad,TS
2014-06-28,9.7,32.6,25.0,3.15,0.169,Hyderabad,TS
2014-06-29,0.4,32.9,25.2,4.7,0.236,Hyderabad,TS
2014-06-30,0.0,35.1,25.3,6.31,0.213,Hyderabad,TS
2014-07-01,0.0,36.2,27.1,7.17,0.189,Hyderabad,TS
2014-07-02,0.0,35.2,27.6,7.5,0.171,Hyderabad,TS
2014-07-03,0.0,35.3,26.8,7.65,0.157,Hyderabad,TS
2014-07-04,0.4,33.7,26.4,6.46,0.15,Hyderabad,TS
2014-07-05,0.4,34.6,25.5,5.03,0.154,Hyderabad,TS
2014-07-06,13.4,34.2,24.3,5.11,0.201,Hyderabad,TS
2014-07-07,5.5,30.9,23.9,4.5,0.315,Hyderabad,TS
2014-07-08,11.7,31.3,23.3,4.03,0.341,Hyderabad,TS
2014-07-09,15.8,27.4,22.9,1.83,0.374,Hyderabad,TS
2014-07-10,9.1,29.5,22.8,3.67,0.36,Hyderabad,TS
2014-07-11,5.4,28.2,23.1,3.65,0.357,Hyderabad,TS
2014-07-12,3.1,27.8,22.5,2.87,0.347,Hyderabad,TS
2014-07-13,10.3,26.7,22.7,2.42,0.369,Hyderabad,TS
2014-07-14,4.2,26.9,22.9,2.48,0.367,Hyderabad,TS
2014-07-15,6.6,24.8,22.7,1.68,0.373,Hyderabad,TS
2014-07-16,2.8,29.1,22.4,4.14,0.369,Hyderabad,TS
2014-07-17,0.2,28.7,23.1,3.52,0.344,Hyderabad,TS
2014-07-18,1.4,29.7,23.7,4.66,0.33,Hyderabad,TS
2014-07-19,5.1,28.5,23.2,3.68,0.344,Hyderabad,TS
2014-07-20,6.1,26.5,22.9,2.11,0.36,Hyderabad,TS
2014-07-21,3.3,26.9,22.9,2.85,0.356,Hyderabad,TS
2014-07-22,16.2,23.8,22.0,1.43,0.391,Hyderabad,TS
2014-07-23,4.4,27.8,21.4,3.13,0.38,Hyderabad,TS
2014-07-24,1.7,29.1,22.5,4.52,0.361,Hyderabad,TS
2014-07-25,0.7,29.8,22.4,5.11,0.34,Hyderabad,TS
2014-07-26,1.6,29.7,23.0,4.7,0.324,Hyderabad,TS
2014-07-27,12.9,26.7,22.9,2.67,0.339,Hyderabad,TS
2014-07-28,16.0,23.8,22.4,1.25,0.413,Hyderabad,TS
2014-07-29,14.7,26.2,22.5,2.2,0.414,Hyderabad,TS
2014-07-30,20.0,26.1,21.9,1.95,0.424,Hyderabad,TS
2014-07-31,0.2,27.9,22.5,3.27,0.396,Hyderabad,TS
2014-08-01,2.3,29.3,23.4,3.95,0.375,Hyderabad,TS
2014-08-02,0.0,29.0,22.9,4.47,0.358,Hyderabad,TS
2014-08-03,0.0,28.8,22.8,4.56,0.337,Hyderabad,TS
2014-08-04,2.7,27.3,22.8,3.21,0.328,Hyderabad,TS
2014-08-05,5.5,27.4,22.3,3.45,0.357,Hyderabad,TS
2014-08-06,0.3,29.0,23.0,4.62,0.339,Hyderabad,TS
2014-08-07,0.0,29.1,22.8,4.39,0.32,Hyderabad,TS
2014-08-08,0.1,29.2,22.6,4.81,0.303,Hyderabad,TS
2014-08-09,0.0,29.3,22.2,5.01,0.288,Hyderabad,TS
2014-08-10,0.2,30.3,23.0,5.02,0.273,Hyderabad,TS
2014-08-11,2.7,29.1,23.4,4.11,0.269,Hyderabad,TS
2014-08-12,0.4,29.9,23.3,4.86,0.267,Hyderabad,TS
2014-08-13,0.0,30.0,23.5,5.06,0.255,Hyderabad,TS
2014-08-14,0.0,30.3,23.6,5.28,0.24,Hyderabad,TS
2014-08-15,0.0,30.1,23.4,4.96,0.227,Hyderabad,TS
2014-08-16,0.0,28.6,22.8,3.72,0.218,Hyderabad,TS
2014-08-17,0.1,30.1,23.7,4.87,0.21,Hyderabad,TS
2014-08-18,0.1,31.6,23.5,4.43,0.203,Hyderabad,TS
2014-08-19,0.2,32.0,23.2,4.5,0.198,Hyderabad,TS
2014-08-20,0.5,32.5,23.1,4.89,0.194,Hyderabad,TS
2014-08-21,11.0,32.3,23.2,4.02,0.255,Hyderabad,TS
2014-08-22,0.1,31.0,23.0,4.61,0.304,Hyderabad,TS
2014-08-23,0.0,32.3,23.1,5.55,0.268,Hyderabad,TS
2014-08-24,4.0,32.2,23.7,5.01,0.248,Hyderabad,TS
2014-08-25,8.9,31.8,23.4,4.22,0.304,Hyderabad,TS
2014-08-26,16.5,29.5,23.2,3.21,0.352,Hyderabad,TS
2014-08-27,10.2,24.7,21.9,1.45,0.371,Hyderabad,TS
2014-08-28,21.6,23.9,21.8,1.09,0.397,Hyderabad,TS
2014-08-29,27.5,24.8,21.8,1.28,0.424,Hyderabad,TS
2014-08-30,65.9,23.7,21.9,0.87,0.429,Hyderabad,TS
2014-08-31,22.4,24.1,22.1,1.26,0.427,Hyderabad,TS
2014-09-01,4.9,26.1,21.6,2.91,0.412,Hyderabad,TS
2014-09-02,0.4,28.3,22.6,4.08,0.39,Hyderabad,TS
2014-09-03,0.0,28.2,22.4,4.03,0.37,Hyderabad,TS
2014-09-04,0.4,29.1,22.7,4.27,0.356,Hyderabad,TS
2014-09-05,5.2,28.8,22.7,4.06,0.352,Hyderabad,TS
2014-09-06,9.1,23.6,21.8,1.41,0.395,Hyderabad,TS
2014-09-07,16.5,23.0,21.9,1.32,0.416,Hyderabad,TS
2014-09-08,1.3,28.1,22.0,4.36,0.399,Hyderabad,TS
2014-09-09,0.1,27.7,21.8,4.1,0.382,Hyderabad,TS
2014-09-10,4.9,28.0,21.9,3.56,0.38,Hyderabad,TS
2014-09-11,0.8,28.1,22.0,3.63,0.383,Hyderabad,TS
2014-09-12,0.2,29.0,22.6,4.25,0.362,Hyderabad,TS
2014-09-13,0.7,29.5,22.6,4.57,0.349,Hyderabad,TS
2014-09-14,3.1,29.6,22.9,4.22,0.349,Hyderabad,TS
2014-09-15,4.7,29.2,22.7,3.73,0.365,Hyderabad,TS
2014-09-16,5.5,28.4,23.1,3.01,0.385,Hyderabad,TS
2014-09-17,0.4,29.0,22.6,3.78,0.37,Hyderabad,TS
2014-09-18,2.0,29.5,23.5,3.78,0.358,Hyderabad,TS
2014-09-19,5.6,28.6,23.6,2.98,0.368,Hyderabad,TS
2014-09-20,2.2,28.1,23.4,2.83,0.376,Hyderabad,TS
2014-09-21,0.1,29.2,22.9,3.88,0.364,Hyderabad,TS
2014-09-22,0.0,30.7,22.3,4.86,0.343,Hyderabad,TS
2014-09-23,1.2,30.0,22.9,4.16,0.332,Hyderabad,TS
2014-09-24,0.1,30.8,22.7,4.5,0.333,Hyderabad,TS
2014-09-25,0.0,31.0,21.5,4.76,0.318,Hyderabad,TS
2014-09-26,0.2,30.6,21.5,4.51,0.304,Hyderabad,TS
2014-09-27,0.4,29.6,22.1,4.02,0.295,Hyderabad,TS
2014-09-28,0.7,29.9,21.6,4.31,0.289,Hyderabad,TS
2014-09-29,0.4,29.9,21.8,4.25,0.282,Hyderabad,TS
2014-09-30,0.0,30.2,22.0,4.31,0.273,Hyderabad,TS
2014-10-01,0.0,30.0,22.4,4.29,0.264,Hyderabad,TS
2014-10-02,0.0,31.4,21.2,4.91,0.253,Hyderabad,TS
2014-10-03,0.0,31.3,21.1,4.62,0.241,Hyderabad,TS
2014-10-04,0.0,31.7,21.4,4.33,0.231,Hyderabad,TS
2014-10-05,0.0,32.4,24.0,4.66,0.222,Hyderabad,TS
2014-10-06,0.6,31.9,21.7,4.54,0.214,Hyderabad,TS
2014-10-07,2.2,30.0,21.4,4.24,0.236,Hyderabad,TS
2014-10-08,0.4,30.7,22.0,3.98,0.232,Hyderabad,TS
2014-10-09,0.8,30.7,22.1,3.95,0.227,Hyderabad,TS
2014-10-10,0.6,32.1,22.5,4.58,0.227,Hyderabad,TS
2014-10-11,0.0,31.9,24.3,5.22,0.215,Hyderabad,TS
2014-10-12,0.0,31.5,23.3,7.1,0.201,Hyderabad,TS
2014-10-13,0.0,32.4,25.1,6.07,0.187,Hyderabad,TS
2014-10-14,0.0,34.1,22.5,4.79,0.178,Hyderabad,TS
2014-10-15,0.1,31.8,23.1,4.59,0.172,Hyderabad,TS
2014-10-16,2.7,32.0,22.1,4.58,0.175,Hyderabad,TS
2014-10-17,1.2,32.1,22.4,4.55,0.185,Hyderabad,TS
2014-10-18,2.4,30.9,22.0,3.93,0.202,Hyderabad,TS
2014-10-19,0.4,31.1,20.7,4.37,0.213,Hyderabad,TS
2014-10-20,0.0,31.8,20.8,5.24,0.203,Hyderabad,TS
2014-10-21,0.0,31.0,20.0,4.67,0.191,Hyderabad,TS
2014-10-22,0.2,30.2,22.0,4.11,0.183,Hyderabad,TS
2014-10-23,0.0,30.6,20.8,4.4,0.178,Hyderabad,TS
2014-10-24,0.0,30.8,21.1,4.67,0.17,Hyderabad,TS
2014-10-25,22.8,26.9,21.7,1.92,0.249,Hyderabad,TS
2014-10-26,77.2,21.4,19.7,0.67,0.423,Hyderabad,TS
2014-10-27,0.6,25.4,19.5,2.29,0.404,Hyderabad,TS
2014-10-28,0.0,27.3,18.3,4.01,0.379,Hyderabad,TS
2014-10-29,0.0,27.6,17.8,4.67,0.358,Hyderabad,TS
2014-10-30,0.0,27.7,17.0,4.64,0.341,Hyderabad,TS
2014-10-31,0.0,28.4,17.4,4.76,0.326,Hyderabad,TS
2014-11-01,0.0,27.6,17.4,3.86,0.314,Hyderabad,TS
2014-11-02,0.0,29.2,19.4,4.38,0.303,Hyderabad,TS
2014-11-03,0.0,29.2,19.3,4.93,0.29,Hyderabad,TS
2014-11-04,0.0,29.6,17.4,4.88,0.277,Hyderabad,TS
2014-11-05,0.0,30.1,17.1,5.08,0.265,Hyderabad,TS
2014-11-06,0.0,30.2,17.7,4.49,0.254,Hyderabad,TS
2014-11-07,0.0,29.8,19.9,4.96,0.244,Hyderabad,TS
2014-11-08,0.0,28.6,17.2,5.05,0.233,Hyderabad,TS
2014-11-09,4.6,27.2,20.1,2.94,0.241,Hyderabad,TS
2014-11-10,2.3,27.7,20.6,2.32,0.327,Hyderabad,TS
2014-11-11,0.0,28.9,20.4,3.89,0.303,Hyderabad,TS
2014-11-12,2.1,29.1,20.9,3.26,0.288,Hyderabad,TS
2014-11-13,3.6,25.6,20.9,1.91,0.306,Hyderabad,TS
2014-11-14,4.6,27.8,21.5,2.69,0.337,Hyderabad,TS
2014-11-15,0.4,28.6,20.1,3.34,0.34,Hyderabad,TS
2014-11-16,0.0,28.3,20.6,3.67,0.314,Hyderabad,TS
2014-11-17,0.4,28.7,19.8,3.68,0.297,Hyderabad,TS
2014-11-18,0.5,28.2,20.0,3.37,0.288,Hyderabad,TS
2014-11-19,0.5,28.1,19.5,3.33,0.282,Hyderabad,TS
2014-11-20,0.0,28.1,19.0,3.9,0.272,Hyderabad,TS
2014-11-21,0.0,28.0,18.5,4.3,0.258,Hyderabad,TS
2014-11-22,0.0,28.8,17.8,4.19,0.246,Hyderabad,TS
2014-11-23,0.0,28.6,17.2,4.2,0.236,Hyderabad,TS
2014-11-24,0.0,27.8,16.3,4.15,0.226,Hyderabad,TS
2014-11-25,0.0,27.6,15.8,4.24,0.218,Hyderabad,TS
2014-11-26,0.0,27.9,15.8,4.59,0.21,Hyderabad,TS
2014-11-27,0.0,28.2,14.5,4.41,0.202,Hyderabad,TS
2014-11-28,0.0,28.3,15.3,4.21,0.195,Hyderabad,TS
2014-11-29,0.0,28.9,16.3,4.43,0.188,Hyderabad,TS
2014-11-30,0.0,28.7,16.4,4.68,0.182,Hyderabad,TS
2014-12-01,0.0,28.7,16.0,4.63,0.176,Hyderabad,TS
2014-12-02,0.0,28.6,15.8,4.46,0.17,Hyderabad,TS
2014-12-03,0.0,28.7,16.4,4.58,0.166,Hyderabad,TS
2014-12-04,0.0,28.7,15.3,4.75,0.161,Hyderabad,TS
2014-12-05,0.0,28.3,15.4,4.45,0.157,Hyderabad,TS
2014-12-06,0.0,28.4,14.9,4.25,0.154,Hyderabad,TS
2014-12-07,0.0,28.8,15.0,4.12,0.151,Hyderabad,TS
2014-12-08,0.0,29.1,16.1,4.05,0.148,Hyderabad,TS
2014-12-09,0.0,28.8,18.4,3.75,0.146,Hyderabad,TS
2014-12-10,0.0,28.6,18.4,4.06,0.144,Hyderabad,TS
2014-12-11,0.0,25.7,18.9,2.55,0.143,Hyderabad,TS
2014-12-12,1.5,24.7,19.8,1.99,0.152,Hyderabad,TS
2014-12-13,0.4,23.9,19.4,1.99,0.168,Hyderabad,TS
2014-12-14,0.0,27.6,18.5,3.6,0.17,Hyderabad,TS
2014-12-15,0.0,28.1,18.0,3.35,0.165,Hyderabad,TS
2014-12-16,0.0,27.2,18.5,3.51,0.16,Hyderabad,TS
2014-12-17,0.0,25.7,17.0,4.49,0.156,Hyderabad,TS
2014-12-18,0.0,26.2,14.4,4.4,0.151,Hyderabad,TS
2014-12-19,0.0,26.2,14.7,4.21,0.148,Hyderabad,TS
2014-12-20,0.0,25.7,12.8,4.03,0.145,Hyderabad,TS
2014-12-21,0.0,26.0,12.6,3.99,0.142,Hyderabad,TS
2014-12-22,0.0,26.1,12.4,4.07,0.139,Hyderabad,TS
2014-12-23,0.0,26.5,14.1,3.93,0.137,Hyderabad,TS
2014-12-24,0.0,26.8,14.4,3.93,0.136,Hyderabad,TS
2014-12-25,0.0,26.6,14.0,3.98,0.134,Hyderabad,TS
2014-12-26,0.0,26.8,13.5,4.43,0.133,Hyderabad,TS
2014-12-27,0.0,25.6,13.7,4.2,0.131,Hyderabad,TS
2014-12-28,0.0,26.1,13.9,4.28,0.13,Hyderabad,TS
2014-12-29,0.0,27.2,14.7,4.22,0.129,Hyderabad,TS
2014-12-30,0.0,28.3,15.6,4.24,0.128,Hyderabad,TS
2014-12-31,0.0,28.9,17.3,4.09,0.127,Hyderabad,TS
2015-01-01,0.2,28.3,18.9,3.38,0.127,Hyderabad,TS
2015-01-02,0.0,27.6,19.6,2.87,0.132,Hyderabad,TS
2015-01-03,4.0,26.6,19.7,2.4,0.16,Hyderabad,TS
2015-01-04,0.6,25.7,19.6,1.99,0.178,Hyderabad,TS
2015-01-05,0.0,27.7,17.7,3.77,0.176,Hyderabad,TS
2015-01-06,0.0,27.4,16.5,4.08,0.168,Hyderabad,TS
2015-01-07,0.0,28.3,15.6,4.08,0.161,Hyderabad,TS
2015-01-08,0.0,27.5,16.0,4.13,0.155,Hyderabad,TS
2015-01-09,0.0,26.6,14.1,4.62,0.149,Hyderabad,TS
2015-01-10,0.0,26.9,11.1,4.62,0.144,Hyderabad,TS
2015-01-11,0.0,26.9,11.2,4.75,0.141,Hyderabad,TS
2015-01-12,0.0,27.0,11.6,4.79,0.137,Hyderabad,TS
2015-01-13,0.0,27.3,13.8,4.76,0.134,Hyderabad,TS
2015-01-14,0.0,28.0,12.2,4.6,0.132,Hyderabad,TS
2015-01-15,0.0,27.3,15.4,4.31,0.13,Hyderabad,TS
2015-01-16,0.0,27.8,14.6,4.51,0.129,Hyderabad,TS
2015-01-17,0.0,27.8,14.2,4.99,0.127,Hyderabad,TS
2015-01-18,0.0,28.2,13.9,4.67,0.126,Hyderabad,TS
2015-01-19,0.0,27.8,15.4,4.72,0.125,Hyderabad,TS
2015-01-20,0.0,27.7,16.1,4.25,0.124,Hyderabad,TS
2015-01-21,0.0,27.3,16.4,4.22,0.123,Hyderabad,TS
2015-01-22,0.0,27.9,16.3,4.64,0.123,Hyderabad,TS
2015-01-23,0.0,28.2,16.1,4.69,0.123,Hyderabad,TS
2015-01-24,0.0,28.6,16.7,4.97,0.122,Hyderabad,TS
2015-01-25,0.0,28.6,16.6,5.55,0.122,Hyderabad,TS
2015-01-26,0.0,27.9,16.1,4.97,0.121,Hyderabad,TS
2015-01-27,0.0,28.0,15.7,5.27,0.121,Hyderabad,TS
2015-01-28,0.0,28.0,15.3,4.86,0.121,Hyderabad,TS
2015-01-29,0.0,28.4,16.2,4.75,0.12,Hyderabad,TS
2015-01-30,0.0,28.2,15.9,4.4,0.12,Hyderabad,TS
2015-01-31,0.0,29.0,16.9,4.81,0.12,Hyderabad,TS
2015-02-01,0.0,29.0,14.9,4.68,0.12,Hyderabad,TS
2015-02-02,0.0,28.9,16.8,4.92,0.12,Hyderabad,TS
2015-02-03,0.0,28.0,18.1,4.68,0.119,Hyderabad,TS
2015-02-04,0.0,29.2,14.4,4.98,0.119,Hyderabad,TS
2015-02-05,0.0,29.6,15.0,5.34,0.119,Hyderabad,TS
2015-02-06,0.0,29.7,15.9,5.74,0.119,Hyderabad,TS
2015-02-07,0.0,29.4,16.0,5.77,0.119,Hyderabad,TS
2015-02-08,0.0,29.8,16.9,5.47,0.119,Hyderabad,TS
2015-02-09,0.0,29.9,17.1,5.63,0.119,Hyderabad,TS
2015-02-10,0.0,28.9,16.5,5.17,0.119,Hyderabad,TS
2015-02-11,0.0,28.8,16.2,4.92,0.119,Hyderabad,TS
2015-02-12,0.0,30.0,15.8,5.22,0.119,Hyderabad,TS
2015-02-13,0.0,31.4,17.3,5.36,0.119,Hyderabad,TS
2015-02-14,0.0,31.6,18.5,5.32,0.118,Hyderabad,TS
2015-02-15,0.0,32.6,18.5,5.42,0.118,Hyderabad,TS
2015-02-16,0.0,32.6,17.6,5.36,0.118,Hyderabad,TS
2015-02-17,0.0,33.2,17.3,5.38,0.118,Hyderabad,TS
2015-02-18,0.0,33.3,19.5,6.04,0.118,Hyderabad,TS
2015-02-19,0.0,31.4,18.4,5.52,0.118,Hyderabad,TS
2015-02-20,0.0,30.2,19.7,5.23,0.118,Hyderabad,TS
2015-02-21,0.0,30.5,19.2,5.14,0.118,Hyderabad,TS
2015-02-22,0.0,32.4,17.6,5.76,0.118,Hyderabad,TS
2015-02-23,0.0,32.5,19.2,6.13,0.118,Hyderabad,TS
2015-02-24,0.0,33.0,19.4,6.56,0.118,Hyderabad,TS
2015-02-25,0.0,33.1,19.6,6.26,0.118,Hyderabad,TS
2015-02-26,0.0,33.6,19.5,6.48,0.118,Hyderabad,TS
2015-02-27,0.0,33.1,20.0,6.58,0.118,Hyderabad,TS
2015-02-28,0.0,32.1,19.7,6.0,0.118,Hyderabad,TS
2015-03-01,5.9,29.7,21.0,3.52,0.13,Hyderabad,TS
2015-03-02,11.5,28.1,20.5,3.66,0.271,Hyderabad,TS
2015-03-03,0.0,30.3,19.7,4.96,0.255,Hyderabad,TS
2015-03-04,0.0,29.1,18.5,5.42,0.226,Hyderabad,TS
2015-03-05,0.0,31.0,19.4,5.29,0.204,Hyderabad,TS
2015-03-06,0.6,30.2,21.0,3.72,0.193,Hyderabad,TS
2015-03-07,0.2,30.6,20.7,4.02,0.19,Hyderabad,TS
2015-03-08,0.1,31.2,20.9,4.94,0.184,Hyderabad,TS
2015-03-09,0.0,30.6,20.4,4.6,0.174,Hyderabad,TS
2015-03-10,0.8,31.0,21.7,4.81,0.168,Hyderabad,TS
2015-03-11,0.0,32.6,20.5,6.3,0.169,Hyderabad,TS
2015-03-12,0.0,32.6,19.4,6.47,0.157,Hyderabad,TS
2015-03-13,0.0,33.8,19.1,6.65,0.148,Hyderabad,TS
2015-03-14,0.0,34.2,20.8,7.61,0.14,Hyderabad,TS
2015-03-15,0.0,34.0,18.5,7.02,0.135,Hyderabad,TS
2015-03-16,0.0,34.1,20.4,5.92,0.131,Hyderabad,TS
2015-03-17,0.0,34.4,20.2,5.59,0.128,Hyderabad,TS
2015-03-18,0.0,35.3,22.0,6.22,0.126,Hyderabad,TS
2015-03-19,0.0,35.0,23.4,6.41,0.124,Hyderabad,TS
2015-03-20,0.0,35.8,22.1,7.21,0.122,Hyderabad,TS
2015-03-21,0.0,35.8,22.2,6.65,0.121,Hyderabad,TS
2015-03-22,0.0,36.3,24.9,6.39,0.12,Hyderabad,TS
2015-03-23,0.0,36.5,22.7,6.36,0.119,Hyderabad,TS
2015-03-24,0.0,37.2,23.0,6.66,0.119,Hyderabad,TS
2015-03-25,0.0,35.8,21.9,6.78,0.119,Hyderabad,TS
2015-03-26,0.0,34.7,22.2,6.45,0.119,Hyderabad,TS
2015-03-27,0.0,34.9,22.0,6.68,0.118,Hyderabad,TS
2015-03-28,0.0,35.1,22.5,6.68,0.118,Hyderabad,TS
2015-03-29,0.0,34.5,22.4,5.8,0.118,Hyderabad,TS
2015-03-30,0.0,32.4,23.1,4.81,0.119,Hyderabad,TS
2015-03-31,0.5,34.0,23.1,5.33,0.12,Hyderabad,TS
2015-04-01,0.0,34.1,23.2,5.26,0.121,Hyderabad,TS
2015-04-02,0.0,35.1,24.0,5.66,0.12,Hyderabad,TS
2015-04-03,0.0,36.9,24.6,7.05,0.12,Hyderabad,TS
2015-04-04,0.0,36.7,24.3,7.46,0.119,Hyderabad,TS
2015-04-05,0.0,36.9,22.3,6.86,0.119,Hyderabad,TS
2015-04-06,0.0,37.1,23.5,6.64,0.119,Hyderabad,TS
2015-04-07,0.0,35.8,24.0,6.32,0.119,Hyderabad,TS
2015-04-08,0.0,35.9,24.0,6.83,0.119,Hyderabad,TS
2015-04-09,0.0,35.4,23.2,6.42,0.12,Hyderabad,TS
2015-04-10,0.4,35.0,24.0,5.66,0.122,Hyderabad,TS
2015-04-11,6.6,31.2,23.3,3.58,0.153,Hyderabad,TS
2015-04-12,12.0,27.4,21.3,3.55,0.318,Hyderabad,TS
2015-04-13,6.0,29.9,19.9,4.29,0.301,Hyderabad,TS
2015-04-14,12.4,27.9,19.7,4.29,0.341,Hyderabad,TS
2015-04-15,2.2,29.2,20.0,4.79,0.324,Hyderabad,TS
2015-04-16,0.2,30.1,20.6,5.03,0.291,Hyderabad,TS
2015-04-17,1.1,31.3,21.1,5.0,0.263,Hyderabad,TS
2015-04-18,0.0,34.1,21.1,6.21,0.242,Hyderabad,TS
2015-04-19,0.0,35.6,22.3,6.48,0.216,Hyderabad,TS
2015-04-20,0.0,36.0,22.9,6.73,0.194,Hyderabad,TS
2015-04-21,0.0,36.5,22.9,6.8,0.176,Hyderabad,TS
2015-04-22,0.0,36.9,25.1,6.7,0.162,Hyderabad,TS
2015-04-23,0.7,35.8,24.8,5.53,0.154,Hyderabad,TS
2015-04-24,1.0,34.7,24.7,5.99,0.161,Hyderabad,TS
2015-04-25,0.0,35.1,23.6,5.95,0.157,Hyderabad,TS
2015-04-26,0.0,34.7,23.2,6.21,0.149,Hyderabad,TS
2015-04-27,0.0,35.3,23.2,6.3,0.142,Hyderabad,TS
2015-04-28,0.0,37.0,24.6,7.17,0.136,Hyderabad,TS
2015-04-29,0.0,37.9,26.6,7.15,0.131,Hyderabad,TS
2015-04-30,0.0,38.1,26.3,7.68,0.128,Hyderabad,TS
2015-05-01,0.0,38.7,25.1,7.56,0.125,Hyderabad,TS
2015-05-02,0.0,38.4,24.5,6.83,0.123,Hyderabad,TS
2015-05-03,0.0,37.4,25.7,6.56,0.122,Hyderabad,TS
2015-05-04,1.5,35.2,25.8,6.34,0.131,Hyderabad,TS
2015-05-05,0.0,35.9,24.9,6.14,0.144,Hyderabad,TS
2015-05-06,1.0,37.3,24.3,6.37,0.14,Hyderabad,TS
2015-05-07,0.4,37.2,25.3,6.84,0.141,Hyderabad,TS
2015-05-08,0.0,38.8,26.2,7.11,0.135,Hyderabad,TS
2015-05-09,0.0,38.3,26.6,6.62,0.13,Hyderabad,TS
2015-05-10,0.0,36.3,27.3,5.32,0.128,Hyderabad,TS
2015-05-11,1.1,36.8,26.6,6.15,0.129,Hyderabad,TS
2015-05-12,0.5,36.3,26.2,5.82,0.135,Hyderabad,TS
2015-05-13,1.8,35.6,26.2,5.28,0.144,Hyderabad,TS
2015-05-14,0.1,35.0,26.1,5.54,0.149,Hyderabad,TS
2015-05-15,0.3,35.4,26.6,5.56,0.143,Hyderabad,TS
2015-05-16,8.5,31.5,24.1,3.69,0.227,Hyderabad,TS
2015-05-17,0.0,35.1,24.5,5.98,0.213,Hyderabad,TS
2015-05-18,0.0,37.1,25.8,6.42,0.189,Hyderabad,TS
2015-05-19,0.0,39.8,27.5,7.22,0.17,Hyderabad,TS
2015-05-20,0.0,40.8,28.4,9.15,0.154,Hyderabad,TS
2015-05-21,0.0,41.6,28.6,8.65,0.142,Hyderabad,TS
2015-05-22,0.0,40.6,29.9,8.95,0.134,Hyderabad,TS
2015-05-23,0.2,39.7,29.5,9.38,0.129,Hyderabad,TS
2015-05-24,0.0,39.3,28.6,9.15,0.126,Hyderabad,TS
2015-05-25,0.0,39.5,28.8,9.07,0.124,Hyderabad,TS
2015-05-26,0.0,40.2,28.7,8.88,0.122,Hyderabad,TS
2015-05-27,0.0,40.3,28.8,8.58,0.121,Hyderabad,TS
2015-05-28,0.4,40.0,28.5,8.21,0.121,Hyderabad,TS
2015-05-29,0.0,40.4,28.0,8.34,0.123,Hyderabad,TS
2015-05-30,0.0,39.5,27.6,7.73,0.121,Hyderabad,TS
2015-05-31,0.1,40.2,28.2,7.59,0.121,Hyderabad,TS
2015-06-01,0.6,37.4,27.6,6.28,0.126,Hyderabad,TS
2015-06-02,0.8,37.4,27.4,6.46,0.134,Hyderabad,TS
2015-06-03,1.3,36.7,26.5,6.07,0.139,Hyderabad,TS
2015-06-04,0.5,36.4,26.1,5.93,0.146,Hyderabad,TS
2015-06-05,2.8,35.8,25.4,6.01,0.157,Hyderabad,TS
2015-06-06,0.9,33.8,26.1,4.83,0.16,Hyderabad,TS
2015-06-07,3.4,30.8,24.9,4.03,0.193,Hyderabad,TS
2015-06-08,0.1,33.3,24.9,5.45,0.203,Hyderabad,TS
2015-06-09,0.3,33.2,25.0,4.63,0.194,Hyderabad,TS
2015-06-10,3.8,34.9,25.4,6.06,0.189,Hyderabad,TS
2015-06-11,1.4,35.4,25.8,5.86,0.199,Hyderabad,TS
2015-06-12,15.4,32.4,24.3,4.33,0.274,Hyderabad,TS
2015-06-13,7.3,30.4,23.6,3.71,0.341,Hyderabad,TS
2015-06-14,3.5,28.0,23.0,3.14,0.326,Hyderabad,TS
2015-06-15,5.1,27.9,22.7,2.48,0.318,Hyderabad,TS
2015-06-16,1.3,28.1,23.2,3.33,0.301,Hyderabad,TS
2015-06-17,5.8,29.1,23.7,3.63,0.294,Hyderabad,TS
2015-06-18,13.2,28.6,22.8,3.17,0.362,Hyderabad,TS
2015-06-19,15.6,29.3,22.6,3.73,0.377,Hyderabad,TS
2015-06-20,14.0,26.3,23.0,2.17,0.381,Hyderabad,TS
2015-06-21,31.8,24.3,22.7,1.35,0.418,Hyderabad,TS
2015-06-22,4.3,28.2,22.6,3.13,0.399,Hyderabad,TS
2015-06-23,1.4,29.8,24.2,4.8,0.367,Hyderabad,TS
2015-06-24,7.3,30.8,24.1,4.92,0.381,Hyderabad,TS
2015-06-25,0.0,29.8,24.4,4.98,0.35,Hyderabad,TS
2015-06-26,0.0,30.2,24.1,5.31,0.328,Hyderabad,TS
2015-06-27,0.0,29.8,23.5,4.93,0.31,Hyderabad,TS
2015-06-28,0.0,31.2,23.7,5.66,0.292,Hyderabad,TS
2015-06-29,0.1,31.0,23.8,5.27,0.275,Hyderabad,TS
2015-06-30,0.0,31.3,24.3,5.53,0.261,Hyderabad,TS
2015-07-01,0.0,31.1,24.5,5.68,0.247,Hyderabad,TS
2015-07-02,0.3,30.1,23.7,4.39,0.238,Hyderabad,TS
2015-07-03,0.0,31.8,25.5,5.64,0.228,Hyderabad,TS
2015-07-04,0.0,33.2,24.3,7.32,0.214,Hyderabad,TS
2015-07-05,0.0,33.6,24.1,7.65,0.198,Hyderabad,TS
2015-07-06,0.0,33.4,23.7,7.33,0.185,Hyderabad,TS
2015-07-07,0.2,31.7,23.9,6.1,0.176,Hyderabad,TS
2015-07-08,0.6,32.4,24.7,6.42,0.172,Hyderabad,TS
2015-07-09,0.0,32.2,25.4,6.15,0.166,Hyderabad,TS
2015-07-10,0.4,30.8,25.4,4.86,0.163,Hyderabad,TS
2015-07-11,0.0,31.2,24.6,4.67,0.161,Hyderabad,TS
2015-07-12,0.0,32.7,24.4,6.08,0.156,Hyderabad,TS
2015-07-13,0.2,33.5,25.7,5.86,0.152,Hyderabad,TS
2015-07-14,2.3,35.1,26.2,5.04,0.165,Hyderabad,TS
2015-07-15,3.3,31.7,24.1,4.64,0.213,Hyderabad,TS
2015-07-16,0.0,32.8,25.9,6.56,0.199,Hyderabad,TS
2015-07-17,0.7,32.8,25.2,6.28,0.184,Hyderabad,TS
2015-07-18,0.4,32.6,25.0,5.85,0.186,Hyderabad,TS
2015-07-19,7.2,33.1,24.5,5.76,0.199,Hyderabad,TS
2015-07-20,0.9,32.6,23.8,5.46,0.247,Hyderabad,TS
2015-07-21,0.0,31.0,24.3,5.25,0.232,Hyderabad,TS
2015-07-22,5.2,29.9,24.1,3.3,0.233,Hyderabad,TS
2015-07-23,2.7,31.2,24.1,4.28,0.249,Hyderabad,TS
2015-07-24,1.7,31.5,24.2,4.92,0.244,Hyderabad,TS
2015-07-25,0.0,32.0,24.1,5.76,0.237,Hyderabad,TS
2015-07-26,2.8,30.7,23.5,4.64,0.231,Hyderabad,TS
2015-07-27,0.0,31.2,23.8,5.46,0.233,Hyderabad,TS
2015-07-28,0.0,33.1,23.3,7.24,0.211,Hyderabad,TS
2015-07-29,0.0,31.6,23.1,6.51,0.191,Hyderabad,TS
2015-07-30,0.0,29.3,23.7,4.62,0.179,Hyderabad,TS
2015-07-31,1.4,31.6,24.3,5.39,0.175,Hyderabad,TS
2015-08-01,0.0,32.1,23.4,5.5,0.181,Hyderabad,TS
2015-08-02,0.0,32.4,25.1,5.65,0.17,Hyderabad,TS
2015-08-03,0.0,31.0,25.2,5.17,0.162,Hyderabad,TS
2015-08-04,0.0,29.9,25.3,5.0,0.156,Hyderabad,TS
2015-08-05,0.1,30.5,24.1,4.95,0.153,Hyderabad,TS
2015-08-06,0.8,31.0,23.2,4.33,0.153,Hyderabad,TS
2015-08-07,2.9,30.3,23.3,4.38,0.16,Hyderabad,TS
2015-08-08,5.4,30.7,23.2,3.71,0.205,Hyderabad,TS
2015-08-09,1.9,29.0,23.3,3.09,0.274,Hyderabad,TS
2015-08-10,6.5,29.1,24.0,2.98,0.279,Hyderabad,TS
2015-08-11,15.7,28.3,23.3,2.89,0.328,Hyderabad,TS
2015-08-12,19.8,24.4,22.8,1.12,0.391,Hyderabad,TS
2015-08-13,6.8,27.7,22.5,3.02,0.373,Hyderabad,TS
2015-08-14,0.8,29.8,22.9,4.67,0.335,Hyderabad,TS
2015-08-15,0.1,29.9,23.8,4.72,0.311,Hyderabad,TS
2015-08-16,0.4,28.9,24.1,3.58,0.294,Hyderabad,TS
2015-08-17,0.2,30.4,24.1,4.28,0.284,Hyderabad,TS
2015-08-18,0.8,31.0,23.8,4.07,0.276,Hyderabad,TS
2015-08-19,5.0,31.5,23.9,4.17,0.279,Hyderabad,TS
2015-08-20,5.1,29.9,23.1,3.19,0.335,Hyderabad,TS
2015-08-21,1.7,28.3,23.0,3.08,0.335,Hyderabad,TS
2015-08-22,0.1,29.5,23.1,4.5,0.309,Hyderabad,TS
2015-08-23,0.0,30.2,23.3,4.96,0.285,Hyderabad,TS
2015-08-24,0.0,30.1,24.4,5.3,0.263,Hyderabad,TS
2015-08-25,0.1,30.9,24.2,5.51,0.246,Hyderabad,TS
2015-08-26,0.1,30.6,23.9,4.77,0.232,Hyderabad,TS
2015-08-27,2.3,29.7,23.6,3.45,0.234,Hyderabad,TS
2015-08-28,9.6,29.2,23.0,3.25,0.278,Hyderabad,TS
2015-08-29,2.8,28.3,22.6,3.49,0.331,Hyderabad,TS
2015-08-30,0.4,29.9,23.8,4.22,0.3,Hyderabad,TS
2015-08-31,0.0,30.8,24.4,5.05,0.276,Hyderabad,TS
2015-09-01,0.0,30.1,24.8,4.68,0.254,Hyderabad,TS
2015-09-02,0.6,30.6,24.0,4.87,0.239,Hyderabad,TS
2015-09-03,0.2,31.6,23.3,4.57,0.226,Hyderabad,TS
2015-09-04,0.0,33.1,23.7,4.94,0.212,Hyderabad,TS
2015-09-05,3.7,33.5,23.0,4.78,0.213,Hyderabad,TS
2015-09-06,14.5,31.5,23.4,4.07,0.291,Hyderabad,TS
2015-09-07,6.2,29.4,23.0,3.34,0.352,Hyderabad,TS
2015-09-08,7.4,30.6,22.2,4.07,0.351,Hyderabad,TS
2015-09-09,5.2,29.2,21.9,3.44,0.359,Hyderabad,TS
2015-09-10,10.1,30.3,21.9,3.97,0.364,Hyderabad,TS
2015-09-11,7.3,30.2,22.0,3.95,0.364,Hyderabad,TS
2015-09-12,11.6,26.2,22.6,1.97,0.395,Hyderabad,TS
2015-09-13,12.7,29.0,22.9,2.61,0.384,Hyderabad,TS
2015-09-14,10.9,29.2,22.4,2.56,0.396,Hyderabad,TS
2015-09-15,1.8,26.9,22.5,2.27,0.387,Hyderabad,TS
2015-09-16,7.2,27.5,22.4,1.96,0.395,Hyderabad,TS
2015-09-17,5.4,28.9,22.7,2.96,0.39,Hyderabad,TS
2015-09-18,0.2,30.6,23.4,4.27,0.361,Hyderabad,TS
2015-09-19,0.0,29.8,23.0,4.1,0.339,Hyderabad,TS
2015-09-20,0.0,28.1,23.6,3.11,0.323,Hyderabad,TS
2015-09-21,0.0,29.9,23.0,4.82,0.307,Hyderabad,TS
2015-09-22,0.0,30.8,22.5,5.19,0.288,Hyderabad,TS
2015-09-23,0.0,32.2,22.1,5.28,0.269,Hyderabad,TS
2015-09-24,0.0,32.0,22.8,4.69,0.253,Hyderabad,TS
2015-09-25,0.5,31.8,23.2,4.35,0.243,Hyderabad,TS
2015-09-26,1.6,31.1,23.0,3.95,0.249,Hyderabad,TS
2015-09-27,0.0,31.5,22.2,5.4,0.245,Hyderabad,TS
2015-09-28,0.0,30.1,20.9,4.31,0.228,Hyderabad,TS
2015-09-29,1.0,30.7,21.8,4.1,0.22,Hyderabad,TS
2015-09-30,0.4,30.2,21.8,4.04,0.219,Hyderabad,TS
2015-10-01,3.7,29.5,22.4,2.96,0.228,Hyderabad,TS
2015-10-02,3.6,30.0,22.3,3.13,0.265,Hyderabad,TS
2015-10-03,9.7,31.4,22.6,3.89,0.314,Hyderabad,TS
2015-10-04,7.2,30.8,23.0,3.82,0.347,Hyderabad,TS
2015-10-05,0.9,30.8,22.0,4.08,0.333,Hyderabad,TS
2015-10-06,0.0,32.0,21.5,5.0,0.3,Hyderabad,TS
2015-10-07,0.0,32.4,19.9,5.48,0.272,Hyderabad,TS
2015-10-08,0.0,32.3,20.3,5.19,0.248,Hyderabad,TS
2015-10-09,0.0,33.1,21.6,5.14,0.228,Hyderabad,TS
2015-10-10,0.0,32.4,23.9,5.05,0.211,Hyderabad,TS
2015-10-11,3.2,32.9,23.3,4.46,0.215,Hyderabad,TS
2015-10-12,0.0,34.0,23.1,4.92,0.228,Hyderabad,TS
2015-10-13,0.0,33.7,24.4,5.01,0.209,Hyderabad,TS
2015-10-14,0.0,33.6,24.2,4.81,0.194,Hyderabad,TS
2015-10-15,0.0,34.0,21.6,4.85,0.182,Hyderabad,TS
2015-10-16,0.1,32.9,21.9,4.78,0.172,Hyderabad,TS
2015-10-17,0.7,32.2,22.8,4.42,0.17,Hyderabad,TS
2015-10-18,0.4,32.5,22.4,4.59,0.17,Hyderabad,TS
2015-10-19,0.0,33.4,22.6,5.05,0.164,Hyderabad,TS
2015-10-20,0.0,34.3,20.8,5.72,0.155,Hyderabad,TS
2015-10-21,0.0,34.1,22.3,5.84,0.148,Hyderabad,TS
2015-10-22,0.0,34.4,22.0,5.79,0.142,Hyderabad,TS
2015-10-23,0.0,33.5,22.2,5.06,0.138,Hyderabad,TS
2015-10-24,0.0,32.9,22.3,5.05,0.134,Hyderabad,TS
2015-10-25,0.0,31.7,22.6,5.01,0.132,Hyderabad,TS
2015-10-26,0.0,32.1,21.2,5.07,0.13,Hyderabad,TS
2015-10-27,0.0,32.5,19.7,5.46,0.128,Hyderabad,TS
2015-10-28,0.0,31.6,20.3,4.97,0.127,Hyderabad,TS
2015-10-29,1.9,31.4,22.0,3.67,0.137,Hyderabad,TS
2015-10-30,0.3,30.1,21.2,4.03,0.153,Hyderabad,TS
2015-10-31,0.0,31.7,21.5,5.03,0.149,Hyderabad,TS
2015-11-01,0.0,31.6,20.7,4.81,0.143,Hyderabad,TS
2015-11-02,0.0,32.1,20.3,4.89,0.138,Hyderabad,TS
2015-11-03,0.0,31.1,22.3,4.22,0.135,Hyderabad,TS
2015-11-04,0.0,31.8,22.6,4.66,0.134,Hyderabad,TS
2015-11-05,0.0,31.8,21.0,4.49,0.131,Hyderabad,TS
2015-11-06,0.0,32.0,21.0,4.72,0.129,Hyderabad,TS
2015-11-07,0.0,31.6,19.8,4.93,0.128,Hyderabad,TS
2015-11-08,0.0,32.1,20.6,5.42,0.126,Hyderabad,TS
2015-11-09,0.0,30.9,18.8,5.22,0.125,Hyderabad,TS
2015-11-10,0.0,29.2,21.3,4.46,0.124,Hyderabad,TS
2015-11-11,0.0,31.5,19.5,5.24,0.123,Hyderabad,TS
2015-11-12,0.0,32.0,18.9,5.23,0.122,Hyderabad,TS
2015-11-13,0.0,32.5,18.9,5.59,0.122,Hyderabad,TS
2015-11-14,0.0,31.6,18.5,5.28,0.121,Hyderabad,TS
2015-11-15,0.3,31.2,18.6,4.94,0.121,Hyderabad,TS
2015-11-16,0.1,26.3,20.5,2.47,0.124,Hyderabad,TS
2015-11-17,0.0,29.8,20.4,4.42,0.13,Hyderabad,TS
2015-11-18,0.0,30.8,19.6,5.36,0.128,Hyderabad,TS
2015-11-19,0.0,29.2,19.9,4.69,0.127,Hyderabad,TS
2015-11-20,0.0,25.4,21.5,2.01,0.127,Hyderabad,TS
2015-11-21,0.0,29.3,21.1,3.79,0.128,Hyderabad,TS
2015-11-22,0.0,30.7,21.1,4.59,0.126,Hyderabad,TS
2015-11-23,0.0,30.5,20.4,4.59,0.125,Hyderabad,TS
2015-11-24,0.2,28.7,22.3,3.01,0.125,Hyderabad,TS
2015-11-25,0.0,31.1,20.7,4.51,0.126,Hyderabad,TS
2015-11-26,0.0,31.5,18.4,4.6,0.125,Hyderabad,TS
2015-11-27,0.0,32.3,18.4,4.66,0.123,Hyderabad,TS
2015-11-28,0.0,31.6,20.1,4.93,0.123,Hyderabad,TS
2015-11-29,0.0,30.8,19.6,4.82,0.122,Hyderabad,TS
2015-11-30,9.5,23.5,20.6,1.3,0.182,Hyderabad,TS
2015-12-01,0.2,29.5,19.9,3.5,0.234,Hyderabad,TS
2015-12-02,0.0,27.8,19.9,3.7,0.217,Hyderabad,TS
2015-12-03,0.0,30.1,18.4,4.4,0.201,Hyderabad,TS
2015-12-04,0.0,30.8,18.7,4.4,0.187,Hyderabad,TS
2015-12-05,0.0,30.6,18.8,4.58,0.175,Hyderabad,TS
2015-12-06,0.0,29.9,17.6,4.21,0.165,Hyderabad,TS
2015-12-07,0.0,30.5,18.2,4.35,0.158,Hyderabad,TS
2015-12-08,0.0,31.1,18.5,4.54,0.151,Hyderabad,TS
2015-12-09,0.0,30.6,17.0,4.65,0.145,Hyderabad,TS
2015-12-10,0.0,31.4,17.0,4.53,0.141,Hyderabad,TS
2015-12-11,0.0,32.8,18.7,4.4,0.137,Hyderabad,TS
2015-12-12,0.0,32.9,21.4,3.93,0.134,Hyderabad,TS
2015-12-13,0.0,32.3,21.9,4.14,0.131,Hyderabad,TS
2015-12-14,0.0,32.9,20.9,4.41,0.129,Hyderabad,TS
2015-12-15,0.0,33.0,20.6,4.92,0.127,Hyderabad,TS
2015-12-16,0.0,32.8,19.8,5.11,0.126,Hyderabad,TS
2015-12-17,0.0,31.9,18.6,4.98,0.125,Hyderabad,TS
2015-12-18,0.0,31.8,18.0,4.31,0.123,Hyderabad,TS
2015-12-19,0.0,30.9,19.1,4.5,0.123,Hyderabad,TS
2015-12-20,0.0,31.5,19.4,4.66,0.122,Hyderabad,TS
2015-12-21,0.0,30.3,20.3,3.66,0.121,Hyderabad,TS
2015-12-22,0.0,31.4,19.8,3.92,0.121,Hyderabad,TS
2015-12-23,0.0,30.3,21.3,3.38,0.12,Hyderabad,TS
2015-12-24,0.0,30.6,21.6,4.34,0.12,Hyderabad,TS
2015-12-25,0.0,27.5,18.0,5.34,0.12,Hyderabad,TS
2015-12-26,0.0,28.2,13.5,4.67,0.119,Hyderabad,TS
2015-12-27,0.0,28.9,14.8,4.96,0.119,Hyderabad,TS
2015-12-28,0.0,30.3,15.4,5.03,0.119,Hyderabad,TS
2015-12-29,0.0,32.1,14.7,5.33,0.119,Hyderabad,TS
2015-12-30,0.0,32.3,16.4,5.42,0.119,Hyderabad,TS
2015-12-31,0.0,31.8,17.9,4.97,0.119,Hyderabad,TS
2016-01-01,0.0,31.3,16.4,4.79,0.118,Hyderabad,TS
2016-01-02,0.0,31.0,17.1,4.48,0.118,Hyderabad,TS
2016-01-03,0.0,30.9,17.7,4.53,0.118,Hyderabad,TS
2016-01-04,0.0,29.7,17.5,4.36,0.118,Hyderabad,TS
2016-01-05,0.0,29.6,18.4,4.52,0.118,Hyderabad,TS
2016-01-06,0.0,29.3,17.6,4.58,0.118,Hyderabad,TS
2016-01-07,0.0,29.2,16.8,4.66,0.118,Hyderabad,TS
2016-01-08,0.0,29.6,16.3,4.58,0.118,Hyderabad,TS
2016-01-09,0.0,29.9,16.3,4.75,0.118,Hyderabad,TS
2016-01-10,0.0,29.8,17.0,5.05,0.118,Hyderabad,TS
2016-01-11,0.0,29.3,16.9,4.84,0.118,Hyderabad,TS
2016-01-12,0.0,29.3,15.6,4.62,0.118,Hyderabad,TS
2016-01-13,0.0,29.6,16.0,4.75,0.118,Hyderabad,TS
2016-01-14,0.0,29.5,18.5,5.11,0.118,Hyderabad,TS
2016-01-15,0.0,28.7,17.5,4.56,0.118,Hyderabad,TS
2016-01-16,0.0,29.3,17.5,5.05,0.118,Hyderabad,TS
2016-01-17,0.0,29.6,18.5,5.61,0.118,Hyderabad,TS
2016-01-18,0.0,29.0,17.9,4.73,0.118,Hyderabad,TS
2016-01-19,0.4,26.2,19.7,2.52,0.124,Hyderabad,TS
2016-01-20,1.4,24.5,18.6,1.67,0.142,Hyderabad,TS
2016-01-21,0.0,27.2,16.7,4.35,0.145,Hyderabad,TS
2016-01-22,0.0,27.4,16.2,5.05,0.14,Hyderabad,TS
2016-01-23,0.0,28.5,16.9,4.72,0.136,Hyderabad,TS
2016-01-24,0.0,29.1,17.1,3.92,0.133,Hyderabad,TS
2016-01-25,0.2,28.3,18.7,3.23,0.132,Hyderabad,TS
2016-01-26,0.0,30.0,18.4,4.05,0.131,Hyderabad,TS
2016-01-27,0.0,31.2,18.3,4.01,0.129,Hyderabad,TS
2016-01-28,0.0,32.6,19.6,5.04,0.127,Hyderabad,TS
2016-01-29,0.0,32.2,17.2,5.63,0.125,Hyderabad,TS
2016-01-30,0.0,32.7,17.0,5.44,0.124,Hyderabad,TS
2016-01-31,0.0,33.7,17.3,5.18,0.122,Hyderabad,TS
2016-02-01,0.0,33.6,18.7,5.31,0.121,Hyderabad,TS
2016-02-02,0.0,34.1,20.6,5.79,0.12,Hyderabad,TS
2016-02-03,0.0,34.2,18.8,5.51,0.12,Hyderabad,TS
2016-02-04,0.0,32.8,18.6,5.29,0.119,Hyderabad,TS
2016-02-05,0.0,31.4,18.5,5.47,0.119,Hyderabad,TS
2016-02-06,0.0,32.0,19.8,5.94,0.119,Hyderabad,TS
2016-02-07,0.0,32.6,19.5,5.43,0.119,Hyderabad,TS
2016-02-08,0.0,31.6,20.4,5.09,0.118,Hyderabad,TS
2016-02-09,0.0,31.6,23.4,4.67,0.118,Hyderabad,TS
2016-02-10,0.0,33.5,22.0,6.12,0.118,Hyderabad,TS
2016-02-11,0.0,32.6,22.2,5.4,0.118,Hyderabad,TS
2016-02-12,0.0,32.9,21.7,5.11,0.118,Hyderabad,TS
2016-02-13,0.0,32.6,21.1,5.28,0.118,Hyderabad,TS
2016-02-14,0.0,32.4,20.7,5.41,0.118,Hyderabad,TS
2016-02-15,0.0,32.8,20.7,7.32,0.118,Hyderabad,TS
2016-02-16,0.0,32.1,18.4,6.17,0.118,Hyderabad,TS
2016-02-17,0.0,31.7,18.3,6.78,0.118,Hyderabad,TS
2016-02-18,0.0,32.6,18.3,6.69,0.118,Hyderabad,TS
2016-02-19,0.0,33.4,17.0,6.55,0.118,Hyderabad,TS
2016-02-20,0.0,35.1,18.4,6.08,0.118,Hyderabad,TS
2016-02-21,0.0,36.2,19.9,6.04,0.118,Hyderabad,TS
2016-02-22,0.0,36.2,22.3,6.51,0.118,Hyderabad,TS
2016-02-23,0.0,36.6,22.4,6.72,0.118,Hyderabad,TS
2016-02-24,0.0,35.8,21.6,6.03,0.118,Hyderabad,TS
2016-02-25,0.0,34.8,21.7,5.92,0.118,Hyderabad,TS
2016-02-26,0.0,31.6,22.1,4.7,0.118,Hyderabad,TS
2016-02-27,0.0,31.8,21.6,5.08,0.119,Hyderabad,TS
2016-02-28,0.5,32.4,21.4,4.95,0.12,Hyderabad,TS
2016-02-29,0.2,33.9,21.8,5.65,0.122,Hyderabad,TS
2016-03-01,0.3,33.1,22.2,5.04,0.124,Hyderabad,TS
2016-03-02,2.2,32.6,22.8,4.56,0.128,Hyderabad,TS
2016-03-03,0.2,33.4,22.1,4.94,0.141,Hyderabad,TS
2016-03-04,1.7,33.5,21.8,4.9,0.142,Hyderabad,TS
2016-03-05,1.5,33.8,22.3,4.97,0.159,Hyderabad,TS
2016-03-06,0.0,35.1,22.4,7.3,0.165,Hyderabad,TS
2016-03-07,0.0,35.0,20.4,7.44,0.151,Hyderabad,TS
2016-03-08,0.0,35.5,20.4,6.96,0.142,Hyderabad,TS
2016-03-09,0.0,34.9,22.5,5.76,0.136,Hyderabad,TS
2016-03-10,0.0,37.1,23.0,7.06,0.131,Hyderabad,TS
2016-03-11,0.0,36.9,22.8,7.5,0.127,Hyderabad,TS
2016-03-12,0.0,37.7,23.6,8.28,0.125,Hyderabad,TS
2016-03-13,0.0,36.8,22.0,6.12,0.123,Hyderabad,TS
2016-03-14,0.2,34.9,24.4,5.55,0.124,Hyderabad,TS
2016-03-15,0.6,33.2,22.6,5.1,0.126,Hyderabad,TS
2016-03-16,0.0,36.4,23.6,6.1,0.128,Hyderabad,TS
2016-03-17,0.0,37.2,23.2,6.51,0.125,Hyderabad,TS
2016-03-18,0.0,38.1,23.8,6.41,0.123,Hyderabad,TS
2016-03-19,0.0,37.8,24.6,6.3,0.122,Hyderabad,TS
2016-03-20,0.0,38.2,23.0,7.54,0.121,Hyderabad,TS
2016-03-21,0.0,38.4,23.4,7.77,0.12,Hyderabad,TS
2016-03-22,0.0,38.3,22.4,7.68,0.119,Hyderabad,TS
2016-03-23,0.0,37.7,22.9,7.29,0.119,Hyderabad,TS
2016-03-24,0.0,37.8,23.6,7.21,0.118,Hyderabad,TS
2016-03-25,0.0,38.3,23.2,7.51,0.118,Hyderabad,TS
2016-03-26,0.0,38.1,23.4,7.6,0.118,Hyderabad,TS
2016-03-27,0.0,37.8,24.7,7.67,0.118,Hyderabad,TS
2016-03-28,0.0,35.9,22.5,7.38,0.118,Hyderabad,TS
2016-03-29,0.0,36.8,23.1,6.49,0.118,Hyderabad,TS
2016-03-30,0.5,36.2,24.3,6.16,0.119,Hyderabad,TS
2016-03-31,0.0,37.2,23.8,6.55,0.124,Hyderabad,TS
2016-04-01,0.0,37.5,23.5,6.48,0.124,Hyderabad,TS
2016-04-02,0.0,37.6,24.5,6.23,0.122,Hyderabad,TS
2016-04-03,0.0,38.2,25.8,6.58,0.121,Hyderabad,TS
2016-04-04,0.0,38.4,25.7,6.72,0.12,Hyderabad,TS
2016-04-05,0.0,37.2,25.8,5.71,0.119,Hyderabad,TS
2016-04-06,0.0,38.2,24.1,7.71,0.119,Hyderabad,TS
2016-04-07,0.0,38.3,25.3,7.68,0.119,Hyderabad,TS
2016-04-08,0.0,38.3,23.9,8.3,0.118,Hyderabad,TS
2016-04-09,0.0,38.1,23.5,8.46,0.118,Hyderabad,TS
2016-04-10,0.0,38.6,24.5,7.99,0.118,Hyderabad,TS
2016-04-11,0.0,39.4,25.0,6.95,0.118,Hyderabad,TS
2016-04-12,0.0,39.9,26.9,7.12,0.118,Hyderabad,TS
2016-04-13,0.0,40.3,26.7,7.48,0.118,Hyderabad,TS
2016-04-14,0.0,38.5,27.9,6.25,0.118,Hyderabad,TS
2016-04-15,0.0,39.9,26.4,6.84,0.118,Hyderabad,TS
2016-04-16,0.0,40.2,27.5,7.12,0.118,Hyderabad,TS
2016-04-17,0.0,39.5,27.9,6.76,0.118,Hyderabad,TS
2016-04-18,0.1,38.7,27.3,6.62,0.119,Hyderabad,TS
2016-04-19,0.0,39.8,24.6,8.16,0.121,Hyderabad,TS
2016-04-20,0.0,40.2,24.6,7.56,0.12,Hyderabad,TS
2016-04-21,0.0,39.8,27.0,6.68,0.119,Hyderabad,TS
2016-04-22,0.0,41.5,29.9,7.69,0.119,Hyderabad,TS
2016-04-23,0.0,40.4,28.8,9.38,0.118,Hyderabad,TS
2016-04-24,0.0,40.9,28.6,8.87,0.118,Hyderabad,TS
2016-04-25,0.0,41.3,26.3,7.8,0.118,Hyderabad,TS
2016-04-26,2.1,40.5,28.0,7.3,0.131,Hyderabad,TS
2016-04-27,0.0,39.8,26.6,7.66,0.147,Hyderabad,TS
2016-04-28,0.0,39.9,27.0,6.82,0.138,Hyderabad,TS
2016-04-29,0.0,40.7,27.2,7.61,0.131,Hyderabad,TS
2016-04-30,0.9,40.6,28.6,6.59,0.133,Hyderabad,TS
2016-05-01,0.6,39.9,27.9,6.89,0.143,Hyderabad,TS
2016-05-02,3.1,40.4,28.5,6.96,0.149,Hyderabad,TS
2016-05-03,2.4,39.9,27.5,7.16,0.17,Hyderabad,TS
2016-05-04,1.5,39.0,25.9,6.39,0.18,Hyderabad,TS
2016-05-05,0.8,36.5,25.6,6.63,0.18,Hyderabad,TS
2016-05-06,2.1,33.8,23.4,5.91,0.19,Hyderabad,TS
2016-05-07,0.0,35.8,24.8,6.24,0.176,Hyderabad,TS
2016-05-08,1.1,36.3,26.2,6.36,0.172,Hyderabad,TS
2016-05-09,2.2,36.1,25.4,6.05,0.186,Hyderabad,TS
2016-05-10,1.8,35.3,25.2,5.93,0.208,Hyderabad,TS
2016-05-11,0.5,36.3,25.9,6.04,0.209,Hyderabad,TS
2016-05-12,0.0,37.8,26.2,6.48,0.192,Hyderabad,TS
2016-05-13,0.0,38.7,27.8,6.69,0.17,Hyderabad,TS
2016-05-14,0.4,39.2,27.8,7.03,0.155,Hyderabad,TS
2016-05-15,0.3,38.3,27.3,7.39,0.144,Hyderabad,TS
2016-05-16,0.0,38.3,26.7,7.24,0.137,Hyderabad,TS
2016-05-17,0.0,36.7,26.3,6.58,0.132,Hyderabad,TS
2016-05-18,0.3,35.2,26.3,4.93,0.129,Hyderabad,TS
2016-05-19,1.0,33.2,26.9,3.54,0.131,Hyderabad,TS
2016-05-20,1.0,37.5,25.3,6.28,0.141,Hyderabad,TS
2016-05-21,0.0,39.5,27.5,9.23,0.139,Hyderabad,TS
2016-05-22,0.0,40.3,27.8,9.79,0.132,Hyderabad,TS
2016-05-23,0.0,39.3,27.5,10.0,0.128,Hyderabad,TS
2016-05-24,0.0,38.5,28.5,8.68,0.125,Hyderabad,TS
2016-05-25,0.0,38.4,28.9,9.21,0.123,Hyderabad,TS
2016-05-26,0.0,39.2,28.5,8.75,0.122,Hyderabad,TS
2016-05-27,0.0,38.5,29.3,8.51,0.12,Hyderabad,TS
2016-05-28,0.0,38.1,29.6,7.95,0.12,Hyderabad,TS
2016-05-29,0.0,37.1,28.9,8.1,0.119,Hyderabad,TS
2016-05-30,0.0,37.5,28.8,7.78,0.119,Hyderabad,TS
2016-05-31,0.2,38.0,29.2,7.69,0.12,Hyderabad,TS
2016-06-01,0.8,38.2,28.4,7.08,0.123,Hyderabad,TS
2016-06-02,0.4,36.0,27.2,6.19,0.129,Hyderabad,TS
2016-06-03,0.4,37.3,26.4,6.31,0.13,Hyderabad,TS
2016-06-04,4.9,34.2,25.1,4.88,0.197,Hyderabad,TS
2016-06-05,27.4,30.7,23.8,2.87,0.35,Hyderabad,TS
2016-06-06,20.0,29.3,23.6,2.39,0.373,Hyderabad,TS
2016-06-07,32.0,28.8,23.6,3.13,0.39,Hyderabad,TS
2016-06-08,6.4,31.3,23.6,3.69,0.378,Hyderabad,TS
2016-06-09,4.8,32.5,24.9,4.88,0.353,Hyderabad,TS
2016-06-10,5.0,31.8,24.3,4.75,0.359,Hyderabad,TS
2016-06-11,4.3,30.5,24.6,4.67,0.362,Hyderabad,TS
2016-06-12,0.4,30.6,24.3,4.56,0.344,Hyderabad,TS
2016-06-13,0.7,30.3,24.2,4.31,0.323,Hyderabad,TS
2016-06-14,0.0,33.0,24.8,6.8,0.3,Hyderabad,TS
2016-06-15,0.0,32.4,24.4,6.82,0.275,Hyderabad,TS
2016-06-16,0.0,32.8,24.5,6.9,0.254,Hyderabad,TS
2016-06-17,0.0,33.0,25.9,6.21,0.235,Hyderabad,TS
2016-06-18,16.8,28.9,23.2,2.51,0.313,Hyderabad,TS
2016-06-19,18.3,25.2,23.1,1.31,0.402,Hyderabad,TS
2016-06-20,0.1,28.8,23.5,3.75,0.362,Hyderabad,TS
2016-06-21,1.2,30.6,23.3,4.35,0.339,Hyderabad,TS
2016-06-22,0.3,30.6,23.5,4.15,0.328,Hyderabad,TS
2016-06-23,2.3,31.1,24.0,4.96,0.312,Hyderabad,TS
2016-06-24,2.0,31.0,24.1,4.65,0.306,Hyderabad,TS
2016-06-25,3.2,30.3,23.5,4.27,0.323,Hyderabad,TS
2016-06-26,2.7,28.4,23.4,3.59,0.336,Hyderabad,TS
2016-06-27,4.3,28.6,23.1,3.07,0.356,Hyderabad,TS
2016-06-28,17.5,26.9,22.8,2.47,0.381,Hyderabad,TS
2016-06-29,39.2,24.8,23.0,1.25,0.418,Hyderabad,TS
2016-06-30,12.1,26.2,22.9,2.18,0.415,Hyderabad,TS
2016-07-01,22.3,27.3,22.7,2.19,0.421,Hyderabad,TS
2016-07-02,17.3,27.9,22.7,2.44,0.42,Hyderabad,TS
2016-07-03,1.9,28.3,24.1,3.0,0.393,Hyderabad,TS
2016-07-04,1.3,29.4,24.1,3.75,0.378,Hyderabad,TS
2016-07-05,6.6,29.6,23.6,4.26,0.376,Hyderabad,TS
2016-07-06,0.7,28.1,23.4,3.75,0.372,Hyderabad,TS
2016-07-07,0.1,27.3,23.0,3.12,0.355,Hyderabad,TS
2016-07-08,5.5,28.2,23.2,3.59,0.35,Hyderabad,TS
2016-07-09,23.5,25.6,22.2,2.28,0.407,Hyderabad,TS
2016-07-10,25.9,24.4,22.6,1.54,0.421,Hyderabad,TS
2016-07-11,40.2,23.7,22.3,1.58,0.427,Hyderabad,TS
2016-07-12,1.0,28.9,23.0,3.89,0.402,Hyderabad,TS
2016-07-13,0.1,29.2,23.4,4.53,0.382,Hyderabad,TS
2016-07-14,0.0,29.3,22.7,4.49,0.364,Hyderabad,TS
2016-07-15,0.0,30.3,23.4,5.0,0.348,Hyderabad,TS
2016-07-16,0.0,28.8,24.0,4.16,0.335,Hyderabad,TS
2016-07-17,0.0,28.8,24.3,3.7,0.325,Hyderabad,TS
2016-07-18,2.3,30.0,23.8,4.14,0.328,Hyderabad,TS
2016-07-19,8.7,25.9,22.5,2.28,0.37,Hyderabad,TS
2016-07-20,11.3,27.0,22.3,2.55,0.396,Hyderabad,TS
2016-07-21,0.1,26.5,22.4,2.45,0.377,Hyderabad,TS
2016-07-22,2.9,25.5,22.6,1.67,0.381,Hyderabad,TS
2016-07-23,0.2,26.8,22.8,2.86,0.366,Hyderabad,TS
2016-07-24,5.7,27.3,22.3,2.16,0.377,Hyderabad,TS
2016-07-25,14.9,29.1,22.4,3.63,0.397,Hyderabad,TS
2016-07-26,9.2,29.0,22.7,3.6,0.407,Hyderabad,TS
2016-07-27,9.4,29.7,22.8,3.49,0.412,Hyderabad,TS
2016-07-28,15.3,29.3,22.5,3.53,0.416,Hyderabad,TS
2016-07-29,8.3,28.6,22.8,3.3,0.413,Hyderabad,TS
2016-07-30,10.1,28.6,22.6,3.49,0.412,Hyderabad,TS
2016-07-31,10.1,26.3,22.1,2.21,0.415,Hyderabad,TS
2016-08-01,16.1,25.6,21.8,2.06,0.425,Hyderabad,TS
2016-08-02,4.4,27.6,22.2,3.45,0.411,Hyderabad,TS
2016-08-03,18.6,25.1,22.1,1.9,0.423,Hyderabad,TS
2016-08-04,4.6,27.3,22.0,2.62,0.416,Hyderabad,TS
2016-08-05,1.3,28.8,22.9,4.13,0.4,Hyderabad,TS
2016-08-06,4.4,28.0,23.3,3.22,0.399,Hyderabad,TS
2016-08-07,1.3,28.7,23.1,4.14,0.386,Hyderabad,TS
2016-08-08,0.1,28.4,22.7,4.09,0.376,Hyderabad,TS
2016-08-09,0.0,28.2,22.5,4.15,0.364,Hyderabad,TS
2016-08-10,0.1,28.2,22.8,4.24,0.353,Hyderabad,TS
2016-08-11,0.0,28.9,22.5,4.38,0.343,Hyderabad,TS
2016-08-12,0.3,28.5,22.8,4.49,0.334,Hyderabad,TS
2016-08-13,1.4,28.9,23.3,4.46,0.331,Hyderabad,TS
2016-08-14,0.0,28.6,23.3,4.09,0.324,Hyderabad,TS
2016-08-15,0.4,28.3,22.8,4.52,0.315,Hyderabad,TS
2016-08-16,0.4,28.5,22.9,4.36,0.309,Hyderabad,TS
2016-08-17,0.0,28.4,22.3,4.33,0.302,Hyderabad,TS
2016-08-18,0.1,28.7,22.5,4.49,0.293,Hyderabad,TS
2016-08-19,0.0,28.7,22.0,4.45,0.284,Hyderabad,TS
2016-08-20,0.0,30.0,22.1,5.37,0.273,Hyderabad,TS
2016-08-21,0.1,29.7,22.4,4.95,0.263,Hyderabad,TS
2016-08-22,0.0,29.7,23.4,4.35,0.254,Hyderabad,TS
2016-08-23,0.0,29.6,23.1,4.63,0.248,Hyderabad,TS
2016-08-24,0.3,30.3,23.4,4.7,0.242,Hyderabad,TS
2016-08-25,2.2,29.6,24.0,3.86,0.248,Hyderabad,TS
2016-08-26,0.2,30.5,23.8,4.36,0.259,Hyderabad,TS
2016-08-27,1.3,30.0,24.1,3.74,0.256,Hyderabad,TS
2016-08-28,3.6,29.6,23.0,3.22,0.293,Hyderabad,TS
2016-08-29,7.8,29.6,22.9,3.33,0.311,Hyderabad,TS
2016-08-30,11.8,26.9,22.8,2.0,0.377,Hyderabad,TS
2016-08-31,29.5,26.5,22.4,1.63,0.393,Hyderabad,TS
2016-09-01,3.4,27.9,22.5,3.22,0.404,Hyderabad,TS
2016-09-02,2.4,28.7,22.6,3.99,0.387,Hyderabad,TS
2016-09-03,1.9,27.3,22.7,2.96,0.378,Hyderabad,TS
2016-09-04,0.0,27.5,23.2,3.75,0.365,Hyderabad,TS
2016-09-05,0.0,28.8,21.8,5.15,0.346,Hyderabad,TS
2016-09-06,0.0,28.5,21.5,5.15,0.328,Hyderabad,TS
2016-09-07,0.0,28.1,21.6,4.81,0.314,Hyderabad,TS
2016-09-08,0.2,28.6,21.6,4.63,0.303,Hyderabad,TS
2016-09-09,0.8,28.3,23.0,3.86,0.295,Hyderabad,TS
2016-09-10,24.9,24.6,22.7,1.28,0.39,Hyderabad,TS
2016-09-11,22.1,25.4,22.1,1.45,0.424,Hyderabad,TS
2016-09-12,11.4,24.8,22.5,1.86,0.419,Hyderabad,TS
2016-09-13,33.4,24.4,20.9,1.51,0.425,Hyderabad,TS
2016-09-14,15.5,25.4,22.1,1.16,0.428,Hyderabad,TS
2016-09-15,17.1,25.9,21.7,1.61,0.426,Hyderabad,TS
2016-09-16,6.6,27.3,22.2,2.35,0.42,Hyderabad,TS
2016-09-17,1.2,25.0,22.5,1.92,0.41,Hyderabad,TS
2016-09-18,0.9,27.2,21.8,3.32,0.398,Hyderabad,TS
2016-09-19,0.5,27.5,21.9,3.49,0.387,Hyderabad,TS
2016-09-20,5.4,27.5,22.3,3.07,0.39,Hyderabad,TS
2016-09-21,16.5,25.1,21.8,1.22,0.417,Hyderabad,TS
2016-09-22,17.9,24.9,21.9,1.13,0.427,Hyderabad,TS
2016-09-23,46.1,23.0,21.9,0.61,0.43,Hyderabad,TS
2016-09-24,12.7,23.2,22.0,0.65,0.427,Hyderabad,TS
2016-09-25,7.2,26.0,22.1,1.51,0.422,Hyderabad,TS
2016-09-26,18.2,27.1,22.4,2.08,0.422,Hyderabad,TS
2016-09-27,9.7,28.1,22.6,2.36,0.422,Hyderabad,TS
2016-09-28,0.7,29.5,22.8,3.7,0.41,Hyderabad,TS
2016-09-29,0.7,29.5,23.5,3.85,0.396,Hyderabad,TS
2016-09-30,0.7,28.6,23.1,3.59,0.386,Hyderabad,TS
2016-10-01,22.1,26.9,22.3,1.57,0.412,Hyderabad,TS
2016-10-02,2.5,28.0,22.0,3.06,0.412,Hyderabad,TS
2016-10-03,0.0,28.4,20.7,4.19,0.397,Hyderabad,TS
2016-10-04,0.0,28.5,22.4,3.46,0.383,Hyderabad,TS
2016-10-05,0.0,27.7,21.7,3.95,0.371,Hyderabad,TS
2016-10-06,0.4,27.8,22.6,3.28,0.364,Hyderabad,TS
2016-10-07,1.1,28.6,22.3,3.76,0.357,Hyderabad,TS
2016-10-08,18.4,26.5,22.5,2.29,0.395,Hyderabad,TS
2016-10-09,10.9,27.4,22.5,2.73,0.42,Hyderabad,TS
2016-10-10,0.3,29.6,22.0,4.04,0.403,Hyderabad,TS
2016-10-11,0.3,29.7,22.5,3.86,0.388,Hyderabad,TS
2016-10-12,0.0,30.5,21.1,4.67,0.374,Hyderabad,TS
2016-10-13,0.0,29.9,19.8,4.82,0.359,Hyderabad,TS
2016-10-14,0.0,29.2,18.8,5.01,0.345,Hyderabad,TS
2016-10-15,0.0,28.7,17.7,4.97,0.332,Hyderabad,TS
2016-10-16,0.0,28.5,17.8,4.61,0.321,Hyderabad,TS
2016-10-17,0.0,29.0,16.6,4.99,0.309,Hyderabad,TS
2016-10-18,0.0,28.8,18.1,4.94,0.298,Hyderabad,TS
2016-10-19,0.0,29.1,17.7,4.96,0.288,Hyderabad,TS
2016-10-20,0.0,29.1,17.7,4.94,0.278,Hyderabad,TS
2016-10-21,0.0,28.9,17.7,4.98,0.268,Hyderabad,TS
2016-10-22,0.0,29.0,16.7,4.85,0.259,Hyderabad,TS
2016-10-23,0.0,29.1,17.3,4.76,0.25,Hyderabad,TS
2016-10-24,0.0,29.2,19.1,4.6,0.242,Hyderabad,TS
2016-10-25,0.0,29.0,19.0,4.43,0.234,Hyderabad,TS
2016-10-26,0.0,29.1,17.6,4.89,0.226,Hyderabad,TS
2016-10-27,0.0,29.0,17.4,5.08,0.218,Hyderabad,TS
2016-10-28,0.0,29.1,18.4,4.68,0.211,Hyderabad,TS
2016-10-29,0.0,27.2,21.3,2.95,0.208,Hyderabad,TS
2016-10-30,1.1,28.6,20.7,3.28,0.213,Hyderabad,TS
2016-10-31,4.0,28.2,21.2,2.5,0.262,Hyderabad,TS
2016-11-01,0.0,29.2,20.2,4.25,0.279,Hyderabad,TS
2016-11-02,0.0,29.1,19.9,4.58,0.259,Hyderabad,TS
2016-11-03,0.0,29.8,20.0,4.63,0.243,Hyderabad,TS
2016-11-04,0.0,29.2,19.8,4.93,0.229,Hyderabad,TS
2016-11-05,0.0,28.5,19.1,4.09,0.217,Hyderabad,TS
2016-11-06,0.0,28.0,20.1,3.83,0.209,Hyderabad,TS
2016-11-07,0.0,28.3,17.2,5.22,0.2,Hyderabad,TS
2016-11-08,0.0,28.5,15.2,5.16,0.191,Hyderabad,TS
2016-11-09,0.0,28.3,14.5,4.73,0.184,Hyderabad,TS
2016-11-10,0.0,28.3,15.0,4.82,0.178,Hyderabad,TS
2016-11-11,0.0,28.5,14.2,4.84,0.172,Hyderabad,TS
2016-11-12,0.0,28.0,15.0,4.49,0.167,Hyderabad,TS
2016-11-13,0.0,28.7,17.0,4.21,0.163,Hyderabad,TS
2016-11-14,0.0,28.4,18.8,3.24,0.16,Hyderabad,TS
2016-11-15,0.6,28.8,19.8,3.49,0.167,Hyderabad,TS
2016-11-16,0.0,29.4,18.5,4.22,0.179,Hyderabad,TS
2016-11-17,0.0,28.8,19.3,4.36,0.172,Hyderabad,TS
2016-11-18,0.0,28.3,18.5,4.7,0.166,Hyderabad,TS
2016-11-19,0.0,28.2,15.3,4.65,0.161,Hyderabad,TS
2016-11-20,0.0,28.4,15.8,4.52,0.156,Hyderabad,TS
2016-11-21,0.0,28.7,15.0,4.63,0.152,Hyderabad,TS
2016-11-22,0.0,28.9,14.4,4.58,0.149,Hyderabad,TS
2016-11-23,0.0,28.9,14.8,4.74,0.146,Hyderabad,TS
2016-11-24,0.0,28.7,14.8,4.62,0.143,Hyderabad,TS
2016-11-25,0.0,29.4,14.5,4.81,0.141,Hyderabad,TS
2016-11-26,0.0,29.7,13.9,4.82,0.139,Hyderabad,TS
2016-11-27,0.0,30.6,14.2,4.98,0.137,Hyderabad,TS
2016-11-28,0.0,30.5,14.5,4.9,0.135,Hyderabad,TS
2016-11-29,0.0,30.1,14.6,4.62,0.133,Hyderabad,TS
2016-11-30,0.0,29.1,15.0,4.41,0.132,Hyderabad,TS
2016-12-01,0.0,29.4,16.6,4.3,0.131,Hyderabad,TS
2016-12-02,0.0,28.3,17.6,3.86,0.13,Hyderabad,TS
2016-12-03,1.8,27.6,20.8,2.88,0.167,Hyderabad,TS
2016-12-04,0.0,27.9,20.1,2.85,0.17,Hyderabad,TS
2016-12-05,0.0,28.6,18.6,4.15,0.167,Hyderabad,TS
2016-12-06,0.0,27.7,15.4,4.19,0.16,Hyderabad,TS
2016-12-07,0.0,28.1,15.5,4.1,0.155,Hyderabad,TS
2016-12-08,0.0,27.8,14.4,4.34,0.15,Hyderabad,TS
2016-12-09,0.0,27.4,13.5,4.37,0.146,Hyderabad,TS
2016-12-10,0.0,27.3,12.8,4.38,0.142,Hyderabad,TS
2016-12-11,0.0,28.7,15.0,4.69,0.139,Hyderabad,TS
2016-12-12,0.0,28.5,18.2,4.68,0.137,Hyderabad,TS
2016-12-13,0.3,26.3,19.4,2.91,0.138,Hyderabad,TS
2016-12-14,2.4,25.4,20.7,1.85,0.168,Hyderabad,TS
2016-12-15,0.0,28.1,19.1,3.08,0.184,Hyderabad,TS
2016-12-16,0.0,28.1,18.2,3.24,0.178,Hyderabad,TS
2016-12-17,0.0,28.8,17.3,4.2,0.17,Hyderabad,TS
2016-12-18,0.0,28.3,15.1,4.47,0.163,Hyderabad,TS
2016-12-19,0.0,27.7,13.7,4.37,0.156,Hyderabad,TS
2016-12-20,0.0,27.3,12.6,4.24,0.151,Hyderabad,TS
2016-12-21,0.0,28.3,15.7,4.48,0.146,Hyderabad,TS
2016-12-22,0.0,29.1,12.5,4.68,0.142,Hyderabad,TS
2016-12-23,0.0,29.0,13.1,4.7,0.139,Hyderabad,TS
2016-12-24,0.0,28.3,15.0,4.69,0.136,Hyderabad,TS
2016-12-25,0.0,28.7,12.6,4.28,0.134,Hyderabad,TS
2016-12-26,0.0,29.1,15.4,4.3,0.132,Hyderabad,TS
2016-12-27,0.0,27.7,14.9,4.59,0.13,Hyderabad,TS
2016-12-28,0.0,27.1,12.6,4.32,0.129,Hyderabad,TS
2016-12-29,0.0,27.2,14.3,3.97,0.128,Hyderabad,TS
2016-12-30,0.0,28.2,15.7,4.05,0.127,Hyderabad,TS
2016-12-31,0.0,28.1,14.8,4.13,0.126,Hyderabad,TS
2017-01-01,0.0,28.4,15.4,4.15,0.139,Hyderabad,TS
2017-01-02,0.0,29.1,16.7,4.02,0.143,Hyderabad,TS
2017-01-03,0.0,28.3,16.3,4.24,0.142,Hyderabad,TS
2017-01-04,0.0,27.3,14.0,4.19,0.141,Hyderabad,TS
2017-01-05,0.0,27.8,15.2,4.31,0.142,Hyderabad,TS
2017-01-06,0.0,27.9,12.7,3.86,0.142,Hyderabad,TS
2017-01-07,0.0,28.6,14.0,4.26,0.144,Hyderabad,TS
2017-01-08,0.0,28.1,16.3,3.88,0.149,Hyderabad,TS
2017-01-09,0.0,28.1,16.6,4.01,0.151,Hyderabad,TS
2017-01-10,0.0,27.7,16.4,3.77,0.149,Hyderabad,TS
2017-01-11,0.0,27.3,16.5,4.35,0.146,Hyderabad,TS
2017-01-12,0.0,26.4,14.4,4.11,0.143,Hyderabad,TS
2017-01-13,0.0,26.8,14.7,4.07,0.144,Hyderabad,TS
2017-01-14,0.0,26.6,16.3,3.99,0.144,Hyderabad,TS
2017-01-15,0.0,27.5,16.0,4.32,0.142,Hyderabad,TS
2017-01-16,0.0,28.4,15.7,4.45,0.142,Hyderabad,TS
2017-01-17,0.0,28.4,15.1,4.74,0.142,Hyderabad,TS
2017-01-18,0.0,27.8,15.7,4.78,0.142,Hyderabad,TS
2017-01-19,0.0,26.8,15.3,4.28,0.142,Hyderabad,TS
2017-01-20,0.0,28.2,15.3,4.6,0.141,Hyderabad,TS
2017-01-21,0.0,29.0,15.8,5.01,0.14,Hyderabad,TS
2017-01-22,0.0,29.6,16.9,4.73,0.137,Hyderabad,TS
2017-01-23,0.0,30.1,17.1,4.84,0.139,Hyderabad,TS
2017-01-24,0.0,29.5,16.9,4.93,0.14,Hyderabad,TS
2017-01-25,0.0,28.7,16.3,4.67,0.14,Hyderabad,TS
2017-01-26,0.0,26.5,18.1,2.59,0.139,Hyderabad,TS
2017-01-27,0.0,28.3,17.9,3.18,0.139,Hyderabad,TS
2017-01-28,0.0,29.7,18.2,4.34,0.14,Hyderabad,TS
2017-01-29,0.0,29.8,18.4,4.71,0.139,Hyderabad,TS
2017-01-30,0.0,30.0,16.2,5.17,0.136,Hyderabad,TS
2017-01-31,0.0,30.8,17.3,4.81,0.132,Hyderabad,TS
2017-02-01,0.0,31.2,18.2,5.15,0.131,Hyderabad,TS
2017-02-02,0.0,30.5,17.4,5.16,0.13,Hyderabad,TS
2017-02-03,0.0,30.4,17.3,4.99,0.132,Hyderabad,TS
2017-02-04,0.0,30.7,17.6,5.27,0.133,Hyderabad,TS
2017-02-05,0.0,30.3,15.7,4.97,0.134,Hyderabad,TS
2017-02-06,0.0,31.2,17.0,4.77,0.133,Hyderabad,TS
2017-02-07,0.0,31.2,17.8,5.09,0.133,Hyderabad,TS
2017-02-08,0.0,31.5,18.3,5.29,0.132,Hyderabad,TS
2017-02-09,0.0,31.7,18.0,5.23,0.133,Hyderabad,TS
2017-02-10,0.0,31.7,18.8,5.76,0.135,Hyderabad,TS
2017-02-11,0.0,31.2,17.9,6.27,0.136,Hyderabad,TS
2017-02-12,0.0,29.1,17.5,5.46,0.136,Hyderabad,TS
2017-02-13,0.0,29.5,17.2,5.32,0.137,Hyderabad,TS
2017-02-14,0.0,30.0,17.1,5.32,0.137,Hyderabad,TS
2017-02-15,0.0,30.0,18.1,5.24,0.138,Hyderabad,TS
2017-02-16,0.0,30.9,16.8,5.45,0.138,Hyderabad,TS
2017-02-17,0.0,31.4,17.5,5.86,0.138,Hyderabad,TS
2017-02-18,0.0,31.9,17.7,5.8,0.138,Hyderabad,TS
2017-02-19,0.0,32.9,17.1,5.87,0.138,Hyderabad,TS
2017-02-20,0.0,34.6,17.0,5.8,0.135,Hyderabad,TS
2017-02-21,0.0,34.6,17.8,5.94,0.132,Hyderabad,TS
2017-02-22,0.0,34.9,19.0,6.0,0.132,Hyderabad,TS
2017-02-23,0.0,34.8,22.1,5.82,0.132,Hyderabad,TS
2017-02-24,0.0,34.7,19.8,6.17,0.129,Hyderabad,TS
2017-02-25,0.0,33.0,19.0,6.4,0.128,Hyderabad,TS
2017-02-26,0.0,33.1,17.4,6.76,0.13,Hyderabad,TS
2017-02-27,0.0,32.8,19.0,6.13,0.132,Hyderabad,TS
2017-02-28,0.0,33.8,17.7,6.24,0.135,Hyderabad,TS
2017-03-01,0.0,33.2,18.4,6.29,0.135,Hyderabad,TS
2017-03-02,0.0,33.6,18.2,6.71,0.137,Hyderabad,TS
2017-03-03,0.0,33.8,19.3,7.34,0.136,Hyderabad,TS
2017-03-04,0.0,33.8,17.6,6.18,0.133,Hyderabad,TS
2017-03-05,0.0,33.1,19.4,5.0,0.137,Hyderabad,TS
2017-03-06,0.0,33.0,20.6,5.04,0.14,Hyderabad,TS
2017-03-07,0.2,32.6,21.9,5.27,0.139,Hyderabad,TS
2017-03-08,0.0,34.4,21.6,6.26,0.138,Hyderabad,TS
2017-03-09,0.0,34.1,20.0,5.79,0.135,Hyderabad,TS
2017-03-10,0.0,33.9,21.8,6.63,0.138,Hyderabad,TS
2017-03-11,0.0,32.3,19.8,7.23,0.138,Hyderabad,TS
2017-03-12,0.0,31.6,17.2,6.24,0.139,Hyderabad,TS
2017-03-13,0.0,33.2,17.9,6.11,0.139,Hyderabad,TS
2017-03-14,0.0,31.9,20.8,5.39,0.137,Hyderabad,TS
2017-03-15,0.2,31.5,21.8,4.62,0.139,Hyderabad,TS
2017-03-16,3.4,32.0,22.2,4.86,0.161,Hyderabad,TS
2017-03-17,1.5,32.2,21.1,4.95,0.173,Hyderabad,TS
2017-03-18,0.0,33.7,19.0,6.51,0.162,Hyderabad,TS
2017-03-19,0.0,34.3,20.7,6.38,0.155,Hyderabad,TS
2017-03-20,0.0,33.9,22.0,6.74,0.149,Hyderabad,TS
2017-03-21,0.0,34.2,20.6,6.59,0.142,Hyderabad,TS
2017-03-22,0.0,34.7,19.7,6.69,0.138,Hyderabad,TS
2017-03-23,0.0,35.9,20.2,6.75,0.138,Hyderabad,TS
2017-03-24,0.0,36.5,21.5,6.67,0.135,Hyderabad,TS
2017-03-25,0.0,36.0,22.5,6.1,0.133,Hyderabad,TS
2017-03-26,0.0,37.6,22.7,6.4,0.13,Hyderabad,TS
2017-03-27,0.0,37.1,23.3,6.72,0.128,Hyderabad,TS
2017-03-28,0.0,37.1,24.0,6.55,0.126,Hyderabad,TS
2017-03-29,0.0,37.7,23.3,6.58,0.126,Hyderabad,TS
2017-03-30,0.0,36.6,24.2,6.03,0.126,Hyderabad,TS
2017-03-31,0.0,38.8,24.4,7.41,0.124,Hyderabad,TS
2017-04-01,0.0,37.4,25.1,6.64,0.12,Hyderabad,TS
2017-04-02,0.0,37.5,24.8,6.25,0.123,Hyderabad,TS
2017-04-03,0.3,37.0,23.9,6.29,0.122,Hyderabad,TS
2017-04-04,0.4,36.5,23.8,6.07,0.124,Hyderabad,TS
2017-04-05,1.5,36.5,24.3,5.97,0.133,Hyderabad,TS
2017-04-06,0.0,37.4,24.4,6.58,0.142,Hyderabad,TS
2017-04-07,0.4,35.9,25.0,5.38,0.136,Hyderabad,TS
2017-04-08,0.0,36.3,24.7,6.2,0.134,Hyderabad,TS
2017-04-09,0.0,38.0,25.1,6.37,0.13,Hyderabad,TS
2017-04-10,0.5,37.7,24.7,6.34,0.128,Hyderabad,TS
2017-04-11,0.0,38.1,22.4,8.01,0.126,Hyderabad,TS
2017-04-12,0.0,37.9,20.8,7.43,0.123,Hyderabad,TS
2017-04-13,0.0,38.5,20.8,7.5,0.124,Hyderabad,TS
2017-04-14,0.0,37.4,22.3,6.73,0.122,Hyderabad,TS
2017-04-15,0.1,38.5,24.4,7.39,0.122,Hyderabad,TS
2017-04-16,0.0,40.0,23.7,7.72,0.122,Hyderabad,TS
2017-04-17,0.0,40.6,25.5,8.8,0.122,Hyderabad,TS
2017-04-18,0.0,39.7,23.9,7.9,0.121,Hyderabad,TS
2017-04-19,0.0,38.0,24.3,6.08,0.119,Hyderabad,TS
2017-04-20,0.0,39.7,24.0,6.31,0.119,Hyderabad,TS
2017-04-21,0.0,39.2,25.5,8.06,0.119,Hyderabad,TS
2017-04-22,0.0,38.9,26.3,8.53,0.114,Hyderabad,TS
2017-04-23,0.0,38.5,25.8,8.39,0.113,Hyderabad,TS
2017-04-24,0.0,38.8,26.5,8.44,0.112,Hyderabad,TS
2017-04-25,0.0,38.4,23.8,7.73,0.111,Hyderabad,TS
2017-04-26,0.0,38.5,24.7,7.32,0.112,Hyderabad,TS
2017-04-27,0.0,37.5,24.6,6.24,0.11,Hyderabad,TS
2017-04-28,1.6,36.9,23.8,6.77,0.113,Hyderabad,TS
2017-04-29,0.0,37.0,24.9,6.78,0.112,Hyderabad,TS
2017-04-30,0.3,36.6,24.6,6.14,0.12,Hyderabad,TS
2017-05-01,2.2,35.8,23.6,6.21,0.124,Hyderabad,TS
2017-05-02,0.3,35.9,23.2,6.62,0.122,Hyderabad,TS
2017-05-03,0.2,36.3,25.1,6.61,0.123,Hyderabad,TS
2017-05-04,0.0,38.7,25.2,6.44,0.12,Hyderabad,TS
2017-05-05,0.1,38.0,25.9,6.36,0.116,Hyderabad,TS
2017-05-06,0.5,38.1,25.8,6.68,0.12,Hyderabad,TS
2017-05-07,0.0,36.5,25.4,6.16,0.14,Hyderabad,TS
2017-05-08,0.0,37.8,25.2,6.0,0.139,Hyderabad,TS
2017-05-09,0.0,38.7,25.7,6.28,0.136,Hyderabad,TS
2017-05-10,0.2,36.9,24.9,6.16,0.135,Hyderabad,TS
2017-05-11,1.4,35.8,25.3,5.68,0.137,Hyderabad,TS
2017-05-12,0.1,36.4,25.9,6.03,0.135,Hyderabad,TS
2017-05-13,0.1,38.2,25.7,6.67,0.126,Hyderabad,TS
2017-05-14,0.5,38.7,26.5,6.31,0.124,Hyderabad,TS
2017-05-15,0.0,39.1,27.7,7.71,0.123,Hyderabad,TS
2017-05-16,0.1,40.1,28.2,7.56,0.125,Hyderabad,TS
2017-05-17,0.1,38.9,28.7,7.77,0.125,Hyderabad,TS
2017-05-18,0.0,39.2,28.0,7.73,0.126,Hyderabad,TS
2017-05-19,0.0,39.9,27.9,7.77,0.121,Hyderabad,TS
2017-05-20,0.2,40.1,27.4,8.03,0.117,Hyderabad,TS
2017-05-21,0.0,40.2,26.3,7.51,0.114,Hyderabad,TS
2017-05-22,0.1,38.9,28.0,7.6,0.114,Hyderabad,TS
2017-05-23,0.0,39.9,28.2,7.97,0.113,Hyderabad,TS
2017-05-24,0.0,40.7,27.8,7.65,0.113,Hyderabad,TS
2017-05-25,0.0,39.8,28.7,6.51,0.11,Hyderabad,TS
2017-05-26,0.0,39.3,28.5,6.3,0.112,Hyderabad,TS
2017-05-27,4.5,38.7,28.1,7.16,0.126,Hyderabad,TS
2017-05-28,3.1,37.7,26.4,5.82,0.131,Hyderabad,TS
2017-05-29,0.1,37.9,27.6,8.11,0.137,Hyderabad,TS
2017-05-30,0.0,37.1,27.0,8.83,0.131,Hyderabad,TS
2017-05-31,0.0,36.3,26.5,7.49,0.125,Hyderabad,TS
2017-06-01,0.0,36.6,27.3,6.45,0.122,Hyderabad,TS
2017-06-02,0.6,36.6,28.3,5.99,0.115,Hyderabad,TS
2017-06-03,5.1,37.0,25.4,6.45,0.113,Hyderabad,TS
2017-06-04,1.8,34.9,25.3,5.13,0.199,Hyderabad,TS
2017-06-05,4.1,36.0,25.3,6.44,0.197,Hyderabad,TS
2017-06-06,3.5,33.0,24.6,5.23,0.248,Hyderabad,TS
2017-06-07,12.5,31.3,24.0,4.73,0.286,Hyderabad,TS
2017-06-08,6.0,31.0,23.4,3.87,0.298,Hyderabad,TS
2017-06-09,7.6,30.5,24.4,4.08,0.286,Hyderabad,TS
2017-06-10,3.6,31.2,24.0,4.19,0.313,Hyderabad,TS
2017-06-11,5.1,31.5,23.9,3.83,0.319,Hyderabad,TS
2017-06-12,2.8,29.0,23.7,3.73,0.322,Hyderabad,TS
2017-06-13,15.4,27.8,23.7,2.44,0.324,Hyderabad,TS
2017-06-14,5.3,30.0,23.6,3.45,0.362,Hyderabad,TS
2017-06-15,24.3,30.7,24.3,3.1,0.385,Hyderabad,TS
2017-06-16,18.0,28.1,23.1,2.0,0.405,Hyderabad,TS
2017-06-17,10.4,29.6,23.2,3.16,0.381,Hyderabad,TS
2017-06-18,10.8,29.7,24.1,3.74,0.385,Hyderabad,TS
2017-06-19,8.5,29.8,23.8,3.32,0.404,Hyderabad,TS
2017-06-20,4.6,29.4,23.8,4.13,0.394,Hyderabad,TS
2017-06-21,1.1,31.3,24.0,5.53,0.364,Hyderabad,TS
2017-06-22,0.1,30.8,24.0,5.75,0.342,Hyderabad,TS
2017-06-23,2.0,29.5,24.6,4.92,0.332,Hyderabad,TS
2017-06-24,2.1,30.6,24.4,5.01,0.325,Hyderabad,TS
2017-06-25,6.3,30.1,24.1,4.31,0.337,Hyderabad,TS
2017-06-26,5.4,27.5,23.2,2.7,0.384,Hyderabad,TS
2017-06-27,6.9,28.8,22.8,3.32,0.384,Hyderabad,TS
2017-06-28,2.8,26.6,22.6,2.61,0.39,Hyderabad,TS
2017-06-29,0.7,29.9,22.9,4.11,0.387,Hyderabad,TS
2017-06-30,6.7,29.7,23.9,4.86,0.383,Hyderabad,TS
2017-07-01,0.4,28.9,23.9,3.76,0.37,Hyderabad,TS
2017-07-02,1.2,28.9,23.7,3.71,0.357,Hyderabad,TS
2017-07-03,0.4,29.9,23.8,4.35,0.338,Hyderabad,TS
2017-07-04,0.4,30.1,23.3,5.13,0.324,Hyderabad,TS
2017-07-05,0.5,30.8,23.8,5.23,0.309,Hyderabad,TS
2017-07-06,3.8,29.4,23.5,3.2,0.324,Hyderabad,TS
2017-07-07,1.5,30.1,23.9,4.61,0.329,Hyderabad,TS
2017-07-08,0.0,30.5,23.6,4.78,0.317,Hyderabad,TS
2017-07-09,4.2,29.6,23.6,4.34,0.316,Hyderabad,TS
2017-07-10,11.9,30.7,23.6,4.08,0.369,Hyderabad,TS
2017-07-11,6.1,28.2,24.1,3.11,0.352,Hyderabad,TS
2017-07-12,0.2,29.0,23.7,4.35,0.324,Hyderabad,TS
2017-07-13,3.1,27.6,23.6,3.62,0.324,Hyderabad,TS
2017-07-14,3.7,27.5,23.0,3.37,0.351,Hyderabad,TS
2017-07-15,0.8,30.1,22.5,4.32,0.361,Hyderabad,TS
2017-07-16,10.6,25.7,22.4,2.04,0.362,Hyderabad,TS
2017-07-17,30.0,24.4,22.6,1.74,0.395,Hyderabad,TS
2017-07-18,38.8,24.4,22.1,1.33,0.427,Hyderabad,TS
2017-07-19,11.5,27.1,22.1,3.44,0.422,Hyderabad,TS
2017-07-20,3.1,28.2,23.2,3.66,0.406,Hyderabad,TS
2017-07-21,0.1,30.0,23.8,5.07,0.38,Hyderabad,TS
2017-07-22,0.0,30.4,23.6,5.37,0.358,Hyderabad,TS
2017-07-23,0.0,29.6,23.2,5.39,0.34,Hyderabad,TS
2017-07-24,1.1,29.9,23.0,4.99,0.327,Hyderabad,TS
2017-07-25,0.3,30.1,23.0,5.14,0.316,Hyderabad,TS
2017-07-26,0.5,29.8,23.1,4.72,0.304,Hyderabad,TS
2017-07-27,0.8,29.7,23.3,4.73,0.294,Hyderabad,TS
2017-07-28,4.1,28.6,23.9,4.21,0.294,Hyderabad,TS
2017-07-29,0.7,29.5,23.7,4.45,0.282,Hyderabad,TS
2017-07-30,0.0,30.4,24.2,4.98,0.279,Hyderabad,TS
2017-07-31,0.2,30.7,24.6,5.49,0.293,Hyderabad,TS
2017-08-01,0.0,31.0,24.8,5.45,0.272,Hyderabad,TS
2017-08-02,0.1,30.2,25.0,5.18,0.257,Hyderabad,TS
2017-08-03,0.9,30.1,24.4,5.11,0.246,Hyderabad,TS
2017-08-04,1.7,28.6,24.1,3.29,0.245,Hyderabad,TS
2017-08-05,0.3,27.9,24.3,3.18,0.244,Hyderabad,TS
2017-08-06,0.5,30.1,24.0,4.21,0.238,Hyderabad,TS
2017-08-07,1.0,28.4,23.2,3.21,0.241,Hyderabad,TS
2017-08-08,3.7,28.9,23.3,2.95,0.278,Hyderabad,TS
2017-08-09,16.3,26.4,23.7,1.2,0.338,Hyderabad,TS
2017-08-10,1.3,29.7,22.6,3.9,0.356,Hyderabad,TS
2017-08-11,8.4,29.2,22.7,3.69,0.36,Hyderabad,TS
2017-08-12,3.2,28.4,23.0,3.33,0.364,Hyderabad,TS
2017-08-13,3.4,27.3,23.3,2.52,0.359,Hyderabad,TS
2017-08-14,0.9,27.6,22.7,2.82,0.348,Hyderabad,TS
2017-08-15,1.8,29.1,22.2,4.01,0.349,Hyderabad,TS
2017-08-16,1.6,28.2,23.1,3.72,0.362,Hyderabad,TS
2017-08-17,3.2,28.8,24.0,3.31,0.369,Hyderabad,TS
2017-08-18,17.2,24.9,23.1,1.67,0.39,Hyderabad,TS
2017-08-19,33.3,24.2,22.4,1.52,0.427,Hyderabad,TS
2017-08-20,7.2,26.4,21.6,3.69,0.407,Hyderabad,TS
2017-08-21,11.6,27.8,21.9,3.65,0.392,Hyderabad,TS
2017-08-22,6.2,29.7,22.3,3.74,0.39,Hyderabad,TS
2017-08-23,5.7,29.6,22.7,3.92,0.37,Hyderabad,TS
2017-08-24,10.6,28.9,23.1,3.68,0.387,Hyderabad,TS
2017-08-25,0.9,28.8,22.9,3.75,0.384,Hyderabad,TS
2017-08-26,5.7,28.3,22.8,3.7,0.387,Hyderabad,TS
2017-08-27,4.0,26.9,22.9,1.94,0.388,Hyderabad,TS
2017-08-28,26.5,25.9,22.7,1.71,0.412,Hyderabad,TS
2017-08-29,30.1,28.0,22.6,2.89,0.42,Hyderabad,TS
2017-08-30,0.0,29.5,22.8,4.28,0.392,Hyderabad,TS
2017-08-31,0.0,29.3,22.8,4.63,0.373,Hyderabad,TS
2017-09-01,0.0,30.0,22.7,4.59,0.357,Hyderabad,TS
2017-09-02,0.3,30.0,22.3,4.7,0.345,Hyderabad,TS
2017-09-03,0.5,29.8,22.8,4.31,0.337,Hyderabad,TS
2017-09-04,0.9,29.6,23.4,4.01,0.331,Hyderabad,TS
2017-09-05,3.3,28.8,23.1,3.14,0.348,Hyderabad,TS
2017-09-06,7.5,29.0,23.6,2.73,0.382,Hyderabad,TS
2017-09-07,3.9,30.2,22.9,4.01,0.384,Hyderabad,TS
2017-09-08,4.9,29.6,23.1,3.94,0.39,Hyderabad,TS
2017-09-09,0.0,30.7,22.7,4.94,0.368,Hyderabad,TS
2017-09-10,0.0,30.6,23.2,4.72,0.35,Hyderabad,TS
2017-09-11,0.2,30.0,23.2,4.15,0.336,Hyderabad,TS
2017-09-12,0.5,29.7,23.3,4.08,0.338,Hyderabad,TS
2017-09-13,9.5,30.9,23.0,4.03,0.355,Hyderabad,TS
2017-09-14,4.3,29.7,23.0,3.36,0.381,Hyderabad,TS
2017-09-15,2.2,28.4,22.8,3.23,0.362,Hyderabad,TS
2017-09-16,1.9,30.1,22.8,4.08,0.345,Hyderabad,TS
2017-09-17,4.0,29.6,22.8,3.49,0.351,Hyderabad,TS
2017-09-18,3.7,27.7,22.5,3.5,0.366,Hyderabad,TS
2017-09-19,1.4,27.4,22.5,3.46,0.357,Hyderabad,TS
2017-09-20,0.1,27.0,22.7,2.91,0.341,Hyderabad,TS
2017-09-21,1.4,27.1,22.6,3.24,0.333,Hyderabad,TS
2017-09-22,1.0,29.3,21.9,3.86,0.326,Hyderabad,TS
2017-09-23,2.8,29.6,22.5,3.82,0.324,Hyderabad,TS
2017-09-24,0.4,30.5,22.5,4.1,0.317,Hyderabad,TS
2017-09-25,0.2,29.1,23.1,2.85,0.331,Hyderabad,TS
2017-09-26,6.5,30.8,22.6,3.37,0.355,Hyderabad,TS
2017-09-27,1.9,30.4,22.9,3.77,0.341,Hyderabad,TS
2017-09-28,11.8,28.7,22.9,2.74,0.389,Hyderabad,TS
2017-09-29,8.6,27.9,22.2,2.72,0.404,Hyderabad,TS
2017-09-30,6.0,30.5,22.4,3.33,0.403,Hyderabad,TS
2017-10-01,4.0,30.5,22.8,3.68,0.397,Hyderabad,TS
2017-10-02,12.5,29.3,22.7,3.1,0.413,Hyderabad,TS
2017-10-03,3.4,28.6,22.1,2.54,0.412,Hyderabad,TS
2017-10-04,7.5,29.0,21.6,2.75,0.407,Hyderabad,TS
2017-10-05,11.8,28.0,22.7,2.52,0.407,Hyderabad,TS
2017-10-06,5.1,28.4,22.1,3.19,0.407,Hyderabad,TS
2017-10-07,7.4,29.1,22.1,3.44,0.405,Hyderabad,TS
2017-10-08,3.1,27.8,22.7,2.84,0.408,Hyderabad,TS
2017-10-09,19.8,29.2,22.2,3.08,0.418,Hyderabad,TS
2017-10-10,7.4,28.6,22.3,2.62,0.417,Hyderabad,TS
2017-10-11,9.8,28.5,21.9,2.76,0.417,Hyderabad,TS
2017-10-12,1.1,29.4,21.7,3.44,0.408,Hyderabad,TS
2017-10-13,7.0,28.7,22.1,2.9,0.407,Hyderabad,TS
2017-10-14,0.7,29.7,22.8,3.49,0.396,Hyderabad,TS
2017-10-15,2.4,30.1,22.9,3.57,0.389,Hyderabad,TS
2017-10-16,0.4,30.7,22.4,4.09,0.376,Hyderabad,TS
2017-10-17,0.0,30.6,21.4,4.32,0.36,Hyderabad,TS
2017-10-18,0.0,31.1,20.4,5.13,0.347,Hyderabad,TS
2017-10-19,0.0,29.8,19.0,4.74,0.335,Hyderabad,TS
2017-10-20,0.0,30.2,20.9,4.19,0.324,Hyderabad,TS
2017-10-21,0.0,27.3,22.8,3.08,0.316,Hyderabad,TS
2017-10-22,1.8,29.8,22.2,3.78,0.309,Hyderabad,TS
2017-10-23,2.2,29.9,22.2,3.65,0.308,Hyderabad,TS
2017-10-24,0.2,30.5,22.2,4.04,0.299,Hyderabad,TS
2017-10-25,0.5,28.5,21.4,3.68,0.287,Hyderabad,TS
2017-10-26,0.2,28.6,20.6,3.67,0.277,Hyderabad,TS
2017-10-27,0.0,29.4,20.3,4.33,0.268,Hyderabad,TS
2017-10-28,0.0,29.1,20.2,3.81,0.257,Hyderabad,TS
2017-10-29,0.0,28.7,18.3,4.46,0.247,Hyderabad,TS
2017-10-30,0.0,29.2,18.3,4.85,0.236,Hyderabad,TS
2017-10-31,0.0,28.8,18.9,4.89,0.224,Hyderabad,TS
2017-11-01,0.0,29.1,17.9,4.99,0.214,Hyderabad,TS
2017-11-02,0.0,28.3,17.0,4.89,0.205,Hyderabad,TS
2017-11-03,0.0,28.2,17.6,4.84,0.197,Hyderabad,TS
2017-11-04,0.0,28.3,18.4,4.76,0.191,Hyderabad,TS
2017-11-05,0.0,29.3,19.3,4.7,0.185,Hyderabad,TS
2017-11-06,0.0,29.4,18.5,4.6,0.178,Hyderabad,TS
2017-11-07,0.0,29.2,17.7,4.5,0.171,Hyderabad,TS
2017-11-08,0.0,28.8,18.4,4.27,0.166,Hyderabad,TS
2017-11-09,0.0,29.2,17.8,4.58,0.161,Hyderabad,TS
2017-11-10,0.0,28.7,16.9,4.7,0.155,Hyderabad,TS
2017-11-11,0.0,28.4,17.2,4.92,0.151,Hyderabad,TS
2017-11-12,0.0,29.1,15.7,4.53,0.149,Hyderabad,TS
2017-11-13,0.0,29.6,18.2,4.72,0.148,Hyderabad,TS
2017-11-14,0.0,30.6,19.2,3.78,0.146,Hyderabad,TS
2017-11-15,0.1,30.1,21.5,4.35,0.145,Hyderabad,TS
2017-11-16,0.2,31.0,20.6,4.68,0.144,Hyderabad,TS
2017-11-17,0.0,30.4,18.9,4.12,0.145,Hyderabad,TS
2017-11-18,0.0,29.9,20.4,3.5,0.145,Hyderabad,TS
2017-11-19,0.0,29.6,22.2,3.43,0.144,Hyderabad,TS
2017-11-20,0.1,30.2,20.0,3.95,0.141,Hyderabad,TS
2017-11-21,0.3,29.9,21.1,3.66,0.139,Hyderabad,TS
2017-11-22,0.0,30.6,20.6,3.85,0.138,Hyderabad,TS
2017-11-23,0.0,30.2,20.6,3.74,0.135,Hyderabad,TS
2017-11-24,0.0,30.7,20.7,3.83,0.134,Hyderabad,TS
2017-11-25,0.0,29.7,19.4,4.38,0.138,Hyderabad,TS
2017-11-26,0.0,28.8,17.1,4.15,0.142,Hyderabad,TS
2017-11-27,0.0,29.1,16.9,4.35,0.142,Hyderabad,TS
2017-11-28,0.0,28.6,16.1,4.28,0.143,Hyderabad,TS
2017-11-29,0.0,27.8,15.1,4.21,0.142,Hyderabad,TS
2017-11-30,0.0,28.5,15.9,4.18,0.144,Hyderabad,TS
2017-12-01,0.0,27.6,18.2,3.92,0.146,Hyderabad,TS
2017-12-02,0.0,26.9,17.5,3.81,0.149,Hyderabad,TS
2017-12-03,0.0,27.0,15.7,3.97,0.151,Hyderabad,TS
2017-12-04,0.0,27.4,17.1,3.85,0.151,Hyderabad,TS
2017-12-05,0.0,27.8,17.6,4.06,0.151,Hyderabad,TS
2017-12-06,0.0,28.7,18.0,3.56,0.151,Hyderabad,TS
2017-12-07,0.0,29.2,17.7,3.89,0.148,Hyderabad,TS
2017-12-08,0.0,30.2,18.5,4.57,0.144,Hyderabad,TS
2017-12-09,0.0,29.4,18.8,4.56,0.142,Hyderabad,TS
2017-12-10,0.0,29.0,17.2,4.39,0.139,Hyderabad,TS
2017-12-11,0.0,29.1,14.9,4.06,0.14,Hyderabad,TS
2017-12-12,0.0,29.6,16.0,4.0,0.14,Hyderabad,TS
2017-12-13,0.0,29.5,16.1,4.0,0.141,Hyderabad,TS
2017-12-14,0.0,29.4,17.6,3.96,0.144,Hyderabad,TS
2017-12-15,0.0,28.2,17.8,3.83,0.147,Hyderabad,TS
2017-12-16,0.0,27.7,16.2,3.95,0.149,Hyderabad,TS
2017-12-17,0.0,27.7,16.1,4.13,0.148,Hyderabad,TS
2017-12-18,0.0,27.1,16.7,4.27,0.147,Hyderabad,TS
2017-12-19,0.0,27.5,14.8,4.45,0.145,Hyderabad,TS
2017-12-20,0.0,27.3,14.9,4.22,0.143,Hyderabad,TS
2017-12-21,0.0,27.2,13.4,4.1,0.142,Hyderabad,TS
2017-12-22,0.0,27.9,14.4,4.05,0.142,Hyderabad,TS
2017-12-23,0.0,28.0,14.9,4.03,0.14,Hyderabad,TS
2017-12-24,0.0,27.6,14.3,3.75,0.139,Hyderabad,TS
2017-12-25,0.0,28.8,16.3,3.96,0.139,Hyderabad,TS
2017-12-26,0.0,28.2,15.1,4.44,0.138,Hyderabad,TS
2017-12-27,0.0,27.1,12.9,4.37,0.138,Hyderabad,TS
2017-12-28,0.0,27.2,14.1,4.22,0.138,Hyderabad,TS
2017-12-29,0.0,26.6,12.1,4.06,0.138,Hyderabad,TS
2017-12-30,0.0,26.8,12.8,4.09,0.136,Hyderabad,TS
2017-12-31,0.0,27.3,14.9,3.78,0.136,Hyderabad,TS
2018-01-01,0.0,28.1,16.6,3.78,0.139,Hyderabad,TS
2018-01-02,0.0,27.9,17.2,3.73,0.134,Hyderabad,TS
2018-01-03,0.0,26.9,16.7,3.39,0.134,Hyderabad,TS
2018-01-04,0.0,27.2,15.1,4.21,0.133,Hyderabad,TS
2018-01-05,0.0,27.3,14.1,4.1,0.137,Hyderabad,TS
2018-01-06,0.0,26.8,15.8,3.9,0.137,Hyderabad,TS
2018-01-07,0.0,27.0,13.6,3.95,0.136,Hyderabad,TS
2018-01-08,0.0,26.5,14.5,4.21,0.136,Hyderabad,TS
2018-01-09,0.0,26.7,14.5,3.81,0.137,Hyderabad,TS
2018-01-10,0.0,28.5,16.0,4.07,0.137,Hyderabad,TS
2018-01-11,0.0,29.5,16.9,3.74,0.134,Hyderabad,TS
2018-01-12,0.0,30.5,17.8,4.37,0.129,Hyderabad,TS
2018-01-13,0.0,30.6,17.6,4.7,0.126,Hyderabad,TS
2018-01-14,0.0,30.6,16.9,4.66,0.126,Hyderabad,TS
2018-01-15,0.0,29.8,19.2,3.64,0.125,Hyderabad,TS
2018-01-16,0.0,29.8,17.0,4.43,0.126,Hyderabad,TS
2018-01-17,0.0,29.5,16.5,4.55,0.13,Hyderabad,TS
2018-01-18,0.0,28.7,17.3,4.48,0.135,Hyderabad,TS
2018-01-19,0.0,28.7,16.5,4.46,0.135,Hyderabad,TS
2018-01-20,0.0,28.0,15.8,4.37,0.133,Hyderabad,TS
2018-01-21,0.0,28.0,14.3,4.5,0.131,Hyderabad,TS
2018-01-22,0.0,27.7,14.1,4.23,0.13,Hyderabad,TS
2018-01-23,0.0,28.4,15.2,4.12,0.13,Hyderabad,TS
2018-01-24,0.0,28.7,15.5,4.22,0.13,Hyderabad,TS
2018-01-25,0.0,28.8,15.4,4.46,0.131,Hyderabad,TS
2018-01-26,0.0,28.5,14.8,4.44,0.131,Hyderabad,TS
2018-01-27,0.0,28.3,14.8,4.31,0.132,Hyderabad,TS
2018-01-28,0.0,28.7,15.6,4.57,0.134,Hyderabad,TS
2018-01-29,0.0,28.6,16.0,4.56,0.135,Hyderabad,TS
2018-01-30,0.0,29.3,14.6,5.07,0.135,Hyderabad,TS
2018-01-31,0.0,30.2,14.6,5.1,0.135,Hyderabad,TS
2018-02-01,0.0,30.2,14.3,5.25,0.133,Hyderabad,TS
2018-02-02,0.0,30.3,13.7,5.04,0.13,Hyderabad,TS
2018-02-03,0.0,29.9,16.4,5.33,0.133,Hyderabad,TS
2018-02-04,0.0,29.9,15.7,5.17,0.133,Hyderabad,TS
2018-02-05,0.0,29.2,15.4,4.85,0.135,Hyderabad,TS
2018-02-06,0.0,28.2,14.7,4.66,0.136,Hyderabad,TS
2018-02-07,0.3,28.8,18.0,3.2,0.136,Hyderabad,TS
2018-02-08,0.0,30.8,17.8,4.45,0.134,Hyderabad,TS
2018-02-09,0.0,30.7,18.5,4.88,0.128,Hyderabad,TS
2018-02-10,0.1,29.5,18.4,3.44,0.13,Hyderabad,TS
2018-02-11,0.1,30.0,19.2,4.94,0.135,Hyderabad,TS
2018-02-12,0.1,30.1,18.3,4.67,0.134,Hyderabad,TS
2018-02-13,0.0,30.2,18.3,4.93,0.132,Hyderabad,TS
2018-02-14,0.0,29.8,18.5,5.2,0.129,Hyderabad,TS
2018-02-15,0.0,30.0,17.2,4.95,0.129,Hyderabad,TS
2018-02-16,0.0,30.6,17.7,5.12,0.13,Hyderabad,TS
2018-02-17,0.0,31.8,16.7,5.44,0.13,Hyderabad,TS
2018-02-18,0.0,32.0,18.1,5.21,0.13,Hyderabad,TS
2018-02-19,0.0,32.3,18.1,5.25,0.132,Hyderabad,TS
2018-02-20,0.0,32.1,18.7,4.87,0.134,Hyderabad,TS
2018-02-21,0.0,31.8,19.3,5.06,0.135,Hyderabad,TS
2018-02-22,0.0,31.7,18.9,4.87,0.134,Hyderabad,TS
2018-02-23,0.0,32.3,18.5,5.82,0.134,Hyderabad,TS
2018-02-24,0.0,31.5,18.7,6.14,0.135,Hyderabad,TS
2018-02-25,0.0,31.9,17.3,6.22,0.134,Hyderabad,TS
2018-02-26,0.0,33.0,17.7,6.12,0.134,Hyderabad,TS
2018-02-27,0.0,33.2,18.7,5.98,0.134,Hyderabad,TS
2018-02-28,0.0,34.0,18.1,5.84,0.133,Hyderabad,TS
2018-03-01,0.0,33.7,18.0,6.08,0.13,Hyderabad,TS
2018-03-02,0.0,34.2,18.7,6.21,0.131,Hyderabad,TS
2018-03-03,0.0,34.5,20.2,6.09,0.131,Hyderabad,TS
2018-03-04,0.0,35.5,20.8,6.27,0.129,Hyderabad,TS
2018-03-05,0.0,35.3,19.5,6.65,0.13,Hyderabad,TS
2018-03-06,0.0,34.6,20.7,6.36,0.128,Hyderabad,TS
2018-03-07,0.0,34.9,19.6,7.13,0.127,Hyderabad,TS
2018-03-08,0.0,34.6,20.8,7.01,0.129,Hyderabad,TS
2018-03-09,0.0,34.9,19.5,6.51,0.128,Hyderabad,TS
2018-03-10,0.0,34.4,20.6,6.09,0.127,Hyderabad,TS
2018-03-11,0.0,33.4,22.3,5.55,0.129,Hyderabad,TS
2018-03-12,0.0,35.2,20.8,6.43,0.135,Hyderabad,TS
2018-03-13,0.0,34.9,20.8,6.51,0.132,Hyderabad,TS
2018-03-14,0.0,35.1,20.5,6.75,0.132,Hyderabad,TS
2018-03-15,0.0,34.0,24.1,5.25,0.128,Hyderabad,TS
2018-03-16,2.9,29.0,20.5,3.32,0.164,Hyderabad,TS
2018-03-17,0.1,29.0,19.4,3.94,0.255,Hyderabad,TS
2018-03-18,0.0,31.1,19.9,5.12,0.24,Hyderabad,TS
2018-03-19,0.0,33.0,19.9,5.47,0.215,Hyderabad,TS
2018-03-20,0.0,34.4,20.9,5.82,0.197,Hyderabad,TS
2018-03-21,0.4,34.0,23.1,5.68,0.186,Hyderabad,TS
2018-03-22,0.0,35.5,22.8,6.76,0.177,Hyderabad,TS
2018-03-23,0.0,35.7,21.6,6.74,0.164,Hyderabad,TS
2018-03-24,0.0,36.3,20.9,6.05,0.155,Hyderabad,TS
2018-03-25,0.0,35.9,21.5,6.25,0.15,Hyderabad,TS
2018-03-26,0.0,36.0,22.1,5.93,0.148,Hyderabad,TS
2018-03-27,0.0,36.6,22.1,6.35,0.145,Hyderabad,TS
2018-03-28,0.0,36.9,22.8,6.29,0.138,Hyderabad,TS
2018-03-29,0.0,37.1,23.0,5.98,0.135,Hyderabad,TS
2018-03-30,0.0,36.9,22.8,5.38,0.136,Hyderabad,TS
2018-03-31,0.3,36.7,22.2,5.94,0.137,Hyderabad,TS
2018-04-01,2.4,35.7,22.3,5.84,0.152,Hyderabad,TS
2018-04-02,0.1,34.5,22.8,5.32,0.141,Hyderabad,TS
2018-04-03,0.1,34.8,22.2,5.35,0.145,Hyderabad,TS
2018-04-04,0.9,34.9,21.8,5.47,0.147,Hyderabad,TS
2018-04-05,1.1,34.5,22.4,5.24,0.151,Hyderabad,TS
2018-04-06,3.2,34.4,22.4,5.08,0.162,Hyderabad,TS
2018-04-07,2.7,32.4,23.1,4.64,0.182,Hyderabad,TS
2018-04-08,1.7,32.9,20.6,4.39,0.188,Hyderabad,TS
2018-04-09,0.6,32.5,21.4,5.24,0.19,Hyderabad,TS
2018-04-10,0.3,33.0,22.0,5.35,0.179,Hyderabad,TS
2018-04-11,0.0,33.6,21.8,5.24,0.169,Hyderabad,TS
2018-04-12,2.2,34.4,22.1,5.36,0.158,Hyderabad,TS
2018-04-13,0.3,34.3,22.7,5.48,0.149,Hyderabad,TS
2018-04-14,0.1,34.8,23.6,5.25,0.144,Hyderabad,TS
2018-04-15,5.3,33.0,24.7,4.48,0.162,Hyderabad,TS
2018-04-16,0.0,34.9,23.3,5.45,0.175,Hyderabad,TS
2018-04-17,0.4,37.3,24.0,5.94,0.164,Hyderabad,TS
2018-04-18,0.3,37.1,24.6,5.83,0.152,Hyderabad,TS
2018-04-19,0.2,38.6,25.0,6.58,0.145,Hyderabad,TS
2018-04-20,0.0,38.5,25.7,7.49,0.139,Hyderabad,TS
2018-04-21,0.0,38.7,24.0,7.15,0.133,Hyderabad,TS
2018-04-22,0.0,37.0,23.9,6.28,0.131,Hyderabad,TS
2018-04-23,0.0,37.1,24.8,5.75,0.131,Hyderabad,TS
2018-04-24,0.0,38.5,25.1,6.36,0.128,Hyderabad,TS
2018-04-25,0.0,36.9,23.2,6.0,0.125,Hyderabad,TS
2018-04-26,0.4,37.1,25.1,5.85,0.125,Hyderabad,TS
2018-04-27,0.0,36.8,25.1,6.22,0.124,Hyderabad,TS
2018-04-28,0.1,36.2,23.5,5.95,0.121,Hyderabad,TS
2018-04-29,0.0,38.4,24.4,6.67,0.118,Hyderabad,TS
2018-04-30,0.0,39.8,26.4,7.49,0.113,Hyderabad,TS
2018-05-01,0.0,39.6,25.8,6.51,0.109,Hyderabad,TS
2018-05-02,0.0,38.3,25.0,6.03,0.11,Hyderabad,TS
2018-05-03,3.5,36.6,25.5,5.94,0.129,Hyderabad,TS
2018-05-04,0.0,35.2,23.3,5.65,0.147,Hyderabad,TS
2018-05-05,0.0,36.1,25.0,5.77,0.142,Hyderabad,TS
2018-05-06,0.0,36.8,25.3,6.12,0.134,Hyderabad,TS
2018-05-07,0.0,37.5,26.5,5.99,0.127,Hyderabad,TS
2018-05-08,0.6,38.3,26.6,6.44,0.124,Hyderabad,TS
2018-05-09,0.2,37.7,26.7,6.02,0.123,Hyderabad,TS
2018-05-10,0.3,37.1,26.7,6.32,0.128,Hyderabad,TS
2018-05-11,0.1,36.7,25.3,5.42,0.131,Hyderabad,TS
2018-05-12,0.2,37.2,25.3,6.26,0.13,Hyderabad,TS
2018-05-13,0.1,37.5,25.0,6.02,0.137,Hyderabad,TS
2018-05-14,0.7,36.5,25.3,6.21,0.148,Hyderabad,TS
2018-05-15,0.3,36.0,24.8,5.99,0.172,Hyderabad,TS
2018-05-16,0.3,36.6,24.9,5.97,0.171,Hyderabad,TS
2018-05-17,0.4,37.8,25.8,5.98,0.174,Hyderabad,TS
2018-05-18,1.0,35.2,25.6,5.72,0.193,Hyderabad,TS
2018-05-19,0.0,38.9,26.1,6.93,0.187,Hyderabad,TS
2018-05-20,0.0,38.6,26.0,6.71,0.171,Hyderabad,TS
2018-05-21,0.0,38.2,26.3,6.46,0.158,Hyderabad,TS
2018-05-22,2.1,37.6,26.8,5.91,0.158,Hyderabad,TS
2018-05-23,1.6,36.2,25.4,5.52,0.172,Hyderabad,TS
2018-05-24,3.4,36.9,26.4,5.53,0.175,Hyderabad,TS
2018-05-25,0.0,39.1,26.1,6.48,0.166,Hyderabad,TS
2018-05-26,0.3,38.4,25.6,6.93,0.156,Hyderabad,TS
2018-05-27,0.0,37.6,25.6,6.26,0.154,Hyderabad,TS
2018-05-28,0.2,38.5,26.7,6.44,0.141,Hyderabad,TS
2018-05-29,0.5,39.2,27.7,7.15,0.135,Hyderabad,TS
2018-05-30,0.2,38.8,27.5,6.61,0.13,Hyderabad,TS
2018-05-31,9.2,38.7,25.3,6.11,0.165,Hyderabad,TS
2018-06-01,4.1,35.0,24.9,4.75,0.191,Hyderabad,TS
2018-06-02,4.0,35.6,24.3,4.67,0.252,Hyderabad,TS
2018-06-03,2.3,35.9,25.8,6.04,0.249,Hyderabad,TS
2018-06-04,1.9,36.3,24.5,6.07,0.236,Hyderabad,TS
2018-06-05,1.2,36.1,25.1,5.84,0.234,Hyderabad,TS
2018-06-06,5.0,33.5,25.1,4.48,0.304,Hyderabad,TS
2018-06-07,11.6,30.2,23.4,3.43,0.361,Hyderabad,TS
2018-06-08,6.3,29.1,23.5,2.71,0.369,Hyderabad,TS
2018-06-09,2.2,29.6,23.7,3.87,0.342,Hyderabad,TS
2018-06-10,2.6,28.7,23.4,3.78,0.351,Hyderabad,TS
2018-06-11,8.8,28.6,23.5,2.48,0.383,Hyderabad,TS
2018-06-12,1.7,30.2,24.5,4.39,0.353,Hyderabad,TS
2018-06-13,0.0,31.9,24.3,5.53,0.331,Hyderabad,TS
2018-06-14,0.0,31.7,24.4,5.59,0.307,Hyderabad,TS
2018-06-15,0.0,33.0,24.5,6.44,0.283,Hyderabad,TS
2018-06-16,0.0,32.1,24.7,5.98,0.262,Hyderabad,TS
2018-06-17,0.4,30.1,24.9,5.26,0.243,Hyderabad,TS
2018-06-18,2.1,31.6,23.9,5.6,0.231,Hyderabad,TS
2018-06-19,0.0,32.3,23.4,5.69,0.222,Hyderabad,TS
2018-06-20,0.0,33.9,24.5,6.18,0.205,Hyderabad,TS
2018-06-21,1.3,33.6,25.1,5.57,0.187,Hyderabad,TS
2018-06-22,8.0,31.0,24.0,3.24,0.24,Hyderabad,TS
2018-06-23,9.0,29.4,23.1,3.68,0.354,Hyderabad,TS
2018-06-24,1.0,31.3,23.4,5.19,0.311,Hyderabad,TS
2018-06-25,0.4,31.6,23.5,5.48,0.284,Hyderabad,TS
2018-06-26,0.2,30.5,23.7,5.24,0.269,Hyderabad,TS
2018-06-27,2.1,28.1,23.6,3.17,0.258,Hyderabad,TS
2018-06-28,6.9,29.7,22.8,3.53,0.263,Hyderabad,TS
2018-06-29,0.1,30.8,23.7,4.51,0.246,Hyderabad,TS
2018-06-30,0.1,31.4,23.9,5.04,0.231,Hyderabad,TS
2018-07-01,0.0,32.0,24.3,5.07,0.215,Hyderabad,TS
2018-07-02,0.0,32.6,24.2,5.71,0.2,Hyderabad,TS
2018-07-03,2.7,31.0,23.6,5.11,0.194,Hyderabad,TS
2018-07-04,0.4,31.0,23.9,5.44,0.189,Hyderabad,TS
2018-07-05,0.1,31.0,23.5,5.07,0.179,Hyderabad,TS
2018-07-06,7.2,28.6,22.5,2.7,0.27,Hyderabad,TS
2018-07-07,13.9,27.2,22.9,2.43,0.349,Hyderabad,TS
2018-07-08,3.4,28.2,22.8,2.57,0.344,Hyderabad,TS
2018-07-09,19.2,28.0,22.3,2.92,0.377,Hyderabad,TS
2018-07-10,3.6,26.8,22.2,2.84,0.355,Hyderabad,TS
2018-07-11,15.5,26.6,22.6,2.56,0.365,Hyderabad,TS
2018-07-12,32.8,24.7,22.1,1.41,0.423,Hyderabad,TS
2018-07-13,2.7,27.8,22.5,2.78,0.401,Hyderabad,TS
2018-07-14,12.4,25.5,22.1,1.63,0.406,Hyderabad,TS
2018-07-15,15.8,25.1,22.4,1.75,0.416,Hyderabad,TS
2018-07-16,14.2,26.1,22.2,1.98,0.415,Hyderabad,TS
2018-07-17,5.2,29.2,22.3,4.69,0.402,Hyderabad,TS
2018-07-18,0.4,30.2,23.2,5.09,0.372,Hyderabad,TS
2018-07-19,2.6,29.8,23.0,4.91,0.355,Hyderabad,TS
2018-07-20,15.7,25.0,22.5,1.67,0.386,Hyderabad,TS
2018-07-21,9.4,26.8,22.1,2.0,0.405,Hyderabad,TS
2018-07-22,0.1,28.3,22.6,3.93,0.377,Hyderabad,TS
2018-07-23,0.8,29.0,22.8,4.35,0.359,Hyderabad,TS
2018-07-24,1.3,30.0,22.8,5.05,0.345,Hyderabad,TS
2018-07-25,1.0,30.0,23.1,5.04,0.334,Hyderabad,TS
2018-07-26,0.5,29.3,23.2,4.82,0.319,Hyderabad,TS
2018-07-27,3.3,28.6,22.4,3.66,0.32,Hyderabad,TS
2018-07-28,1.2,30.2,22.7,4.34,0.31,Hyderabad,TS
2018-07-29,0.1,30.6,23.3,5.01,0.292,Hyderabad,TS
2018-07-30,0.0,30.4,23.4,5.44,0.273,Hyderabad,TS
2018-07-31,0.5,30.3,23.2,5.5,0.259,Hyderabad,TS
2018-08-01,1.6,30.4,22.9,4.83,0.255,Hyderabad,TS
2018-08-02,1.1,30.2,23.0,4.68,0.256,Hyderabad,TS
2018-08-03,0.5,30.6,23.6,5.35,0.248,Hyderabad,TS
2018-08-04,1.2,31.2,23.4,5.23,0.238,Hyderabad,TS
2018-08-05,0.8,30.3,23.2,5.47,0.232,Hyderabad,TS
2018-08-06,0.6,29.7,23.4,5.03,0.225,Hyderabad,TS
2018-08-07,1.6,28.7,23.7,4.3,0.223,Hyderabad,TS
2018-08-08,7.6,25.0,22.2,1.93,0.264,Hyderabad,TS
2018-08-09,2.1,30.2,22.5,4.53,0.265,Hyderabad,TS
2018-08-10,4.0,30.0,22.8,4.36,0.27,Hyderabad,TS
2018-08-11,31.3,25.1,22.5,2.02,0.37,Hyderabad,TS
2018-08-12,31.3,25.0,22.0,1.8,0.424,Hyderabad,TS
2018-08-13,7.7,26.9,21.7,3.15,0.405,Hyderabad,TS
2018-08-14,4.0,27.2,22.1,2.63,0.401,Hyderabad,TS
2018-08-15,36.7,25.6,22.4,1.47,0.423,Hyderabad,TS
2018-08-16,38.7,24.0,22.4,1.64,0.426,Hyderabad,TS
2018-08-17,0.4,26.9,22.7,2.83,0.4,Hyderabad,TS
2018-08-18,0.4,27.7,22.5,3.3,0.382,Hyderabad,TS
2018-08-19,23.6,27.2,22.5,2.35,0.413,Hyderabad,TS
2018-08-20,54.4,23.3,22.1,1.14,0.43,Hyderabad,TS
2018-08-21,4.5,27.3,21.7,3.64,0.412,Hyderabad,TS
2018-08-22,1.6,29.3,21.9,4.34,0.392,Hyderabad,TS
2018-08-23,0.1,27.3,22.5,3.09,0.381,Hyderabad,TS
2018-08-24,0.4,28.8,22.9,4.26,0.369,Hyderabad,TS
2018-08-25,0.1,28.2,22.8,4.09,0.359,Hyderabad,TS
2018-08-26,8.2,28.0,22.6,3.29,0.362,Hyderabad,TS
2018-08-27,5.8,26.2,21.9,2.46,0.393,Hyderabad,TS
2018-08-28,1.2,28.7,22.2,4.26,0.37,Hyderabad,TS
2018-08-29,0.5,29.2,22.1,4.36,0.357,Hyderabad,TS
2018-08-30,0.3,29.0,22.6,4.72,0.342,Hyderabad,TS
2018-08-31,3.4,28.8,22.6,3.84,0.334,Hyderabad,TS
2018-09-01,0.2,28.6,22.4,4.18,0.326,Hyderabad,TS
2018-09-02,0.2,29.1,22.8,4.6,0.307,Hyderabad,TS
2018-09-03,0.0,29.3,22.6,4.23,0.297,Hyderabad,TS
2018-09-04,0.9,28.9,22.4,5.08,0.288,Hyderabad,TS
2018-09-05,0.6,28.8,22.9,5.35,0.279,Hyderabad,TS
2018-09-06,0.0,27.9,22.7,4.28,0.271,Hyderabad,TS
2018-09-07,0.0,29.1,22.7,5.16,0.261,Hyderabad,TS
2018-09-08,0.0,29.2,21.2,5.13,0.251,Hyderabad,TS
2018-09-09,0.2,30.2,19.6,4.81,0.24,Hyderabad,TS
2018-09-10,0.2,30.3,20.6,4.52,0.229,Hyderabad,TS
2018-09-11,1.9,30.3,22.5,3.82,0.23,Hyderabad,TS
2018-09-12,5.4,29.4,22.3,3.95,0.253,Hyderabad,TS
2018-09-13,0.6,29.9,21.7,3.86,0.255,Hyderabad,TS
2018-09-14,0.6,30.2,21.8,4.11,0.245,Hyderabad,TS
2018-09-15,5.1,29.8,22.8,3.92,0.256,Hyderabad,TS
2018-09-16,0.6,30.7,22.2,4.61,0.226,Hyderabad,TS
2018-09-17,2.5,30.6,22.8,3.77,0.229,Hyderabad,TS
2018-09-18,0.8,30.6,22.6,4.28,0.245,Hyderabad,TS
2018-09-19,2.5,28.7,23.1,2.71,0.256,Hyderabad,TS
2018-09-20,0.5,29.5,22.5,3.21,0.259,Hyderabad,TS
2018-09-21,25.6,24.6,22.0,1.44,0.339,Hyderabad,TS
2018-09-22,0.9,30.4,22.3,4.81,0.351,Hyderabad,TS
2018-09-23,0.1,30.1,21.5,4.34,0.317,Hyderabad,TS
2018-09-24,1.8,30.6,21.7,4.33,0.297,Hyderabad,TS
2018-09-25,8.2,30.5,22.6,4.29,0.301,Hyderabad,TS
2018-09-26,7.1,29.3,22.2,3.36,0.35,Hyderabad,TS
2018-09-27,1.8,30.3,22.1,3.92,0.334,Hyderabad,TS
2018-09-28,4.4,30.0,21.7,4.04,0.323,Hyderabad,TS
2018-09-29,1.5,29.9,21.8,4.06,0.314,Hyderabad,TS
2018-09-30,2.1,30.6,22.1,4.25,0.309,Hyderabad,TS
2018-10-01,2.7,31.3,22.8,4.41,0.3,Hyderabad,TS
2018-10-02,0.1,30.8,22.8,4.42,0.294,Hyderabad,TS
2018-10-03,0.0,31.0,21.9,4.59,0.272,Hyderabad,TS
2018-10-04,0.1,31.0,22.0,4.74,0.257,Hyderabad,TS
2018-10-05,0.0,31.0,21.4,5.25,0.244,Hyderabad,TS
2018-10-06,0.2,30.0,19.8,4.79,0.227,Hyderabad,TS
2018-10-07,0.9,30.5,20.7,4.77,0.216,Hyderabad,TS
2018-10-08,0.0,31.2,21.1,4.93,0.206,Hyderabad,TS
2018-10-09,0.0,31.8,20.0,5.33,0.196,Hyderabad,TS
2018-10-10,0.0,32.2,20.4,6.04,0.186,Hyderabad,TS
2018-10-11,0.0,31.8,22.0,5.69,0.181,Hyderabad,TS
2018-10-12,0.0,31.8,20.9,5.43,0.178,Hyderabad,TS
2018-10-13,0.0,31.2,20.2,4.47,0.176,Hyderabad,TS
2018-10-14,0.1,31.6,21.4,4.6,0.17,Hyderabad,TS
2018-10-15,5.2,30.5,21.6,3.48,0.165,Hyderabad,TS
2018-10-16,5.4,30.6,22.0,3.92,0.17,Hyderabad,TS
2018-10-17,4.0,29.5,22.1,2.84,0.205,Hyderabad,TS
2018-10-18,1.4,28.8,21.8,2.9,0.232,Hyderabad,TS
2018-10-19,0.0,29.9,19.6,4.53,0.248,Hyderabad,TS
2018-10-20,0.0,31.0,20.4,4.87,0.229,Hyderabad,TS
2018-10-21,0.0,31.1,21.3,4.62,0.213,Hyderabad,TS
2018-10-22,0.0,32.1,20.6,4.48,0.199,Hyderabad,TS
2018-10-23,0.1,32.3,21.4,4.49,0.189,Hyderabad,TS
2018-10-24,2.1,29.9,21.6,3.49,0.198,Hyderabad,TS
2018-10-25,0.0,31.1,20.0,4.64,0.205,Hyderabad,TS
2018-10-26,0.0,31.0,19.8,5.31,0.193,Hyderabad,TS
2018-10-27,0.0,31.4,19.0,5.33,0.184,Hyderabad,TS
2018-10-28,0.0,31.0,18.9,5.88,0.175,Hyderabad,TS
2018-10-29,0.0,29.6,18.9,5.86,0.167,Hyderabad,TS
2018-10-30,0.0,29.9,18.9,5.45,0.161,Hyderabad,TS
2018-10-31,0.0,30.3,18.1,5.25,0.155,Hyderabad,TS
2018-11-01,1.7,28.5,18.1,3.46,0.153,Hyderabad,TS
2018-11-02,0.1,29.8,21.2,3.8,0.15,Hyderabad,TS
2018-11-03,0.9,30.2,21.7,4.13,0.153,Hyderabad,TS
2018-11-04,0.2,30.3,21.5,4.23,0.15,Hyderabad,TS
2018-11-05,0.1,31.0,21.2,3.95,0.146,Hyderabad,TS
2018-11-06,0.8,30.5,20.7,3.98,0.142,Hyderabad,TS
2018-11-07,0.5,31.3,21.4,4.3,0.142,Hyderabad,TS
2018-11-08,0.4,30.7,20.3,4.29,0.144,Hyderabad,TS
2018-11-09,0.0,31.3,19.3,4.33,0.145,Hyderabad,TS
2018-11-10,0.0,31.6,19.6,4.94,0.145,Hyderabad,TS
2018-11-11,0.0,31.3,17.2,5.18,0.143,Hyderabad,TS
2018-11-12,0.0,30.4,17.0,5.59,0.144,Hyderabad,TS
2018-11-13,0.0,30.2,15.7,5.07,0.146,Hyderabad,TS
2018-11-14,0.0,30.7,17.1,4.88,0.145,Hyderabad,TS
2018-11-15,0.0,31.7,16.4,5.21,0.142,Hyderabad,TS
2018-11-16,0.0,31.3,18.9,4.05,0.138,Hyderabad,TS
2018-11-17,0.6,30.8,21.7,3.61,0.136,Hyderabad,TS
2018-11-18,0.5,30.6,21.6,3.71,0.138,Hyderabad,TS
2018-11-19,0.1,30.1,21.1,3.73,0.136,Hyderabad,TS
2018-11-20,0.0,30.6,20.5,4.12,0.135,Hyderabad,TS
2018-11-21,0.0,31.0,19.3,4.81,0.134,Hyderabad,TS
2018-11-22,0.0,29.4,19.1,4.44,0.133,Hyderabad,TS
2018-11-23,0.0,29.4,20.1,3.28,0.132,Hyderabad,TS
2018-11-24,0.0,30.0,18.5,4.53,0.13,Hyderabad,TS
2018-11-25,0.0,29.8,17.7,4.84,0.127,Hyderabad,TS
2018-11-26,0.0,29.7,15.9,4.81,0.123,Hyderabad,TS
2018-11-27,0.0,28.6,15.3,4.43,0.123,Hyderabad,TS
2018-11-28,0.0,28.4,15.9,4.4,0.122,Hyderabad,TS
2018-11-29,0.0,28.9,15.8,4.17,0.123,Hyderabad,TS
2018-11-30,0.0,28.5,16.4,4.32,0.125,Hyderabad,TS
2018-12-01,0.0,28.3,17.4,4.3,0.127,Hyderabad,TS
2018-12-02,0.0,28.1,16.1,4.0,0.128,Hyderabad,TS
2018-12-03,0.0,27.6,16.6,3.68,0.128,Hyderabad,TS
2018-12-04,0.0,28.4,17.6,3.04,0.131,Hyderabad,TS
2018-12-05,0.2,29.6,19.1,3.69,0.133,Hyderabad,TS
2018-12-06,1.1,27.9,19.7,2.75,0.137,Hyderabad,TS
2018-12-07,0.1,29.8,18.8,3.64,0.139,Hyderabad,TS
2018-12-08,0.5,29.0,20.1,3.44,0.14,Hyderabad,TS
2018-12-09,0.2,28.9,20.4,3.2,0.14,Hyderabad,TS
2018-12-10,0.4,28.3,19.7,3.15,0.146,Hyderabad,TS
2018-12-11,1.1,29.0,19.2,2.77,0.153,Hyderabad,TS
2018-12-12,0.0,30.0,19.6,3.63,0.152,Hyderabad,TS
2018-12-13,0.7,27.5,19.5,3.16,0.152,Hyderabad,TS
2018-12-14,0.0,25.6,18.7,2.6,0.16,Hyderabad,TS
2018-12-15,0.2,27.1,18.5,4.05,0.161,Hyderabad,TS
2018-12-16,0.0,25.7,17.4,4.3,0.158,Hyderabad,TS
2018-12-17,0.5,23.4,16.4,2.57,0.159,Hyderabad,TS
2018-12-18,1.9,22.7,15.7,2.75,0.177,Hyderabad,TS
2018-12-19,0.0,25.3,13.7,3.23,0.177,Hyderabad,TS
2018-12-20,0.0,25.6,15.1,2.91,0.174,Hyderabad,TS
2018-12-21,0.0,27.6,15.0,3.31,0.169,Hyderabad,TS
2018-12-22,0.0,28.0,15.7,3.67,0.162,Hyderabad,TS
2018-12-23,0.0,28.0,16.9,3.24,0.157,Hyderabad,TS
2018-12-24,0.0,28.4,16.5,3.79,0.152,Hyderabad,TS
2018-12-25,0.0,29.6,16.0,4.04,0.148,Hyderabad,TS
2018-12-26,0.0,30.3,17.7,3.67,0.144,Hyderabad,TS
2018-12-27,0.1,28.3,17.0,3.75,0.143,Hyderabad,TS
2018-12-28,0.0,26.0,13.3,4.31,0.142,Hyderabad,TS
2018-12-29,0.0,25.7,12.7,4.2,0.14,Hyderabad,TS
2018-12-30,0.0,25.4,11.6,4.0,0.137,Hyderabad,TS
2018-12-31,0.0,25.7,12.0,4.03,0.135,Hyderabad,TS
2019-01-01,0.0,27.6,11.3,4.46,0.133,Hyderabad,TS
2019-01-02,0.0,28.3,14.0,4.16,0.13,Hyderabad,TS
2019-01-03,0.0,29.4,14.2,4.17,0.13,Hyderabad,TS
2019-01-04,0.0,28.5,15.6,4.35,0.133,Hyderabad,TS
2019-01-05,0.0,28.5,13.6,4.07,0.133,Hyderabad,TS
2019-01-06,0.0,28.6,14.5,4.05,0.133,Hyderabad,TS
2019-01-07,0.0,28.9,14.7,4.09,0.134,Hyderabad,TS
2019-01-08,0.0,27.6,14.6,4.05,0.137,Hyderabad,TS
2019-01-09,0.0,28.4,12.2,4.01,0.14,Hyderabad,TS
2019-01-10,0.0,28.1,12.8,4.41,0.138,Hyderabad,TS
2019-01-11,0.0,28.3,13.0,4.1,0.138,Hyderabad,TS
2019-01-12,0.0,28.9,15.6,4.14,0.137,Hyderabad,TS
2019-01-13,0.0,28.6,15.8,4.35,0.136,Hyderabad,TS
2019-01-14,0.0,28.7,15.0,4.33,0.139,Hyderabad,TS
2019-01-15,0.0,28.4,16.9,4.31,0.138,Hyderabad,TS
2019-01-16,0.0,28.5,16.0,4.28,0.137,Hyderabad,TS
2019-01-17,0.0,29.4,16.1,4.35,0.136,Hyderabad,TS
2019-01-18,0.0,29.9,16.3,4.39,0.137,Hyderabad,TS
2019-01-19,0.0,28.6,14.2,4.29,0.137,Hyderabad,TS
2019-01-20,0.0,29.3,16.2,4.42,0.135,Hyderabad,TS
2019-01-21,0.0,29.7,15.7,4.83,0.132,Hyderabad,TS
2019-01-22,0.0,29.4,14.9,5.0,0.131,Hyderabad,TS
2019-01-23,0.0,28.8,15.9,4.16,0.13,Hyderabad,TS
2019-01-24,0.0,30.0,18.4,3.94,0.131,Hyderabad,TS
2019-01-25,0.0,29.4,18.6,4.28,0.133,Hyderabad,TS
2019-01-26,10.0,23.6,18.8,1.68,0.178,Hyderabad,TS
2019-01-27,21.3,22.7,17.9,1.22,0.261,Hyderabad,TS
2019-01-28,1.5,24.3,16.9,2.81,0.339,Hyderabad,TS
2019-01-29,0.0,24.9,13.0,4.17,0.3,Hyderabad,TS
2019-01-30,0.0,25.2,11.0,4.2,0.273,Hyderabad,TS
2019-01-31,0.0,25.5,11.7,4.06,0.253,Hyderabad,TS
2019-02-01,0.0,26.9,14.3,3.94,0.24,Hyderabad,TS
2019-02-02,0.0,27.9,14.9,4.42,0.227,Hyderabad,TS
2019-02-03,0.0,27.3,14.9,4.23,0.216,Hyderabad,TS
2019-02-04,0.0,28.1,15.8,4.42,0.207,Hyderabad,TS
2019-02-05,0.0,29.0,16.3,4.55,0.199,Hyderabad,TS
2019-02-06,0.0,30.5,16.6,4.76,0.19,Hyderabad,TS
2019-02-07,0.0,31.1,19.3,5.08,0.183,Hyderabad,TS
2019-02-08,0.0,28.5,18.6,3.42,0.175,Hyderabad,TS
2019-02-09,0.0,28.8,17.0,4.78,0.168,Hyderabad,TS
2019-02-10,0.0,29.1,14.3,4.99,0.16,Hyderabad,TS
2019-02-11,0.0,29.4,18.0,4.48,0.155,Hyderabad,TS
2019-02-12,0.0,30.2,18.3,4.92,0.153,Hyderabad,TS
2019-02-13,0.0,30.4,16.7,4.86,0.152,Hyderabad,TS
2019-02-14,0.0,32.0,17.3,5.19,0.151,Hyderabad,TS
2019-02-15,0.0,31.6,19.3,5.1,0.149,Hyderabad,TS
2019-02-16,0.0,32.1,20.0,4.93,0.146,Hyderabad,TS
2019-02-17,0.1,32.1,19.8,4.9,0.147,Hyderabad,TS
2019-02-18,0.0,31.6,17.5,4.75,0.145,Hyderabad,TS
2019-02-19,0.0,32.9,19.2,4.89,0.142,Hyderabad,TS
2019-02-20,0.0,32.6,20.8,5.2,0.14,Hyderabad,TS
2019-02-21,0.0,33.2,19.2,5.71,0.139,Hyderabad,TS
2019-02-22,0.0,34.4,20.1,5.52,0.137,Hyderabad,TS
2019-02-23,0.0,35.0,20.5,5.42,0.137,Hyderabad,TS
2019-02-24,0.0,34.8,21.5,5.91,0.134,Hyderabad,TS
2019-02-25,0.0,34.6,22.1,6.64,0.134,Hyderabad,TS
2019-02-26,0.0,33.5,18.9,5.89,0.135,Hyderabad,TS
2019-02-27,0.0,33.2,19.1,4.84,0.136,Hyderabad,TS
2019-02-28,0.3,31.5,20.2,5.32,0.136,Hyderabad,TS
2019-03-01,0.1,32.7,18.7,4.86,0.134,Hyderabad,TS
2019-03-02,0.0,32.3,21.3,5.13,0.132,Hyderabad,TS
2019-03-03,0.1,33.0,21.1,4.92,0.13,Hyderabad,TS
2019-03-04,0.0,35.2,21.1,6.19,0.129,Hyderabad,TS
2019-03-05,0.0,34.8,22.2,6.21,0.131,Hyderabad,TS
2019-03-06,0.0,33.5,19.8,6.1,0.132,Hyderabad,TS
2019-03-07,0.0,33.3,18.1,5.86,0.131,Hyderabad,TS
2019-03-08,0.0,34.1,18.7,5.46,0.132,Hyderabad,TS
2019-03-09,0.0,34.1,20.1,5.27,0.133,Hyderabad,TS
2019-03-10,0.0,34.7,21.2,5.47,0.134,Hyderabad,TS
2019-03-11,0.0,34.5,21.7,5.63,0.133,Hyderabad,TS
2019-03-12,0.0,34.9,22.3,5.68,0.133,Hyderabad,TS
2019-03-13,0.0,35.5,21.4,6.93,0.136,Hyderabad,TS
2019-03-14,0.0,35.3,21.4,6.82,0.132,Hyderabad,TS
2019-03-15,0.0,35.6,22.5,6.99,0.133,Hyderabad,TS
2019-03-16,0.0,35.7,21.8,7.63,0.135,Hyderabad,TS
2019-03-17,0.0,35.4,21.8,7.3,0.133,Hyderabad,TS
2019-03-18,0.0,34.5,20.9,6.59,0.129,Hyderabad,TS
2019-03-19,0.0,35.2,20.4,5.96,0.129,Hyderabad,TS
2019-03-20,0.2,34.2,22.0,5.69,0.13,Hyderabad,TS
2019-03-21,0.0,34.1,21.3,5.9,0.131,Hyderabad,TS
2019-03-22,0.0,34.7,21.1,5.57,0.13,Hyderabad,TS
2019-03-23,0.0,35.4,22.3,5.4,0.127,Hyderabad,TS
2019-03-24,0.0,35.4,23.8,5.68,0.124,Hyderabad,TS
2019-03-25,0.0,35.7,22.9,6.26,0.123,Hyderabad,TS
2019-03-26,0.0,35.6,22.6,5.62,0.125,Hyderabad,TS
2019-03-27,0.0,35.4,23.0,5.38,0.127,Hyderabad,TS
2019-03-28,0.0,36.6,23.5,5.73,0.128,Hyderabad,TS
2019-03-29,0.0,36.7,23.4,6.18,0.128,Hyderabad,TS
2019-03-30,0.0,37.8,22.2,6.37,0.125,Hyderabad,TS
2019-03-31,0.0,37.7,23.7,6.53,0.125,Hyderabad,TS
2019-04-01,0.0,37.9,24.7,6.16,0.127,Hyderabad,TS
2019-04-02,0.0,36.9,23.9,6.3,0.124,Hyderabad,TS
2019-04-03,0.1,36.7,22.8,5.51,0.124,Hyderabad,TS
2019-04-04,0.0,36.5,22.8,5.92,0.121,Hyderabad,TS
2019-04-05,0.0,36.4,22.2,6.09,0.112,Hyderabad,TS
2019-04-06,0.0,36.1,22.7,6.21,0.112,Hyderabad,TS
2019-04-07,0.0,37.1,23.6,6.47,0.12,Hyderabad,TS
2019-04-08,0.1,37.1,23.1,6.12,0.122,Hyderabad,TS
2019-04-09,0.3,35.9,23.1,5.95,0.122,Hyderabad,TS
2019-04-10,1.3,36.7,23.3,5.48,0.125,Hyderabad,TS
2019-04-11,0.0,37.3,23.3,6.59,0.121,Hyderabad,TS
2019-04-12,0.0,37.4,23.6,6.23,0.121,Hyderabad,TS
2019-04-13,0.0,38.1,24.1,6.44,0.124,Hyderabad,TS
2019-04-14,0.0,37.5,24.2,6.47,0.124,Hyderabad,TS
2019-04-15,0.0,37.8,24.5,6.6,0.121,Hyderabad,TS
2019-04-16,0.0,36.5,24.2,6.84,0.121,Hyderabad,TS
2019-04-17,0.0,35.2,24.7,5.62,0.12,Hyderabad,TS
2019-04-18,0.0,35.9,24.7,5.71,0.122,Hyderabad,TS
2019-04-19,1.7,36.0,24.8,5.91,0.125,Hyderabad,TS
2019-04-20,0.0,36.3,24.5,6.05,0.125,Hyderabad,TS
2019-04-21,0.0,36.6,25.1,5.76,0.126,Hyderabad,TS
2019-04-22,0.0,36.1,24.0,5.7,0.13,Hyderabad,TS
2019-04-23,0.1,36.4,23.9,6.08,0.137,Hyderabad,TS
2019-04-24,0.0,37.4,23.8,6.58,0.135,Hyderabad,TS
2019-04-25,0.0,38.4,24.5,6.31,0.132,Hyderabad,TS
2019-04-26,0.0,38.6,25.4,6.95,0.126,Hyderabad,TS
2019-04-27,0.0,38.5,25.6,6.03,0.121,Hyderabad,TS
2019-04-28,0.0,38.6,26.1,6.43,0.117,Hyderabad,TS
2019-04-29,0.0,38.5,27.2,5.9,0.116,Hyderabad,TS
2019-04-30,0.0,37.7,27.6,6.22,0.116,Hyderabad,TS
2019-05-01,0.0,39.8,26.8,6.81,0.12,Hyderabad,TS
2019-05-02,0.0,39.1,26.7,8.18,0.125,Hyderabad,TS
2019-05-03,0.0,37.8,26.9,9.0,0.126,Hyderabad,TS
2019-05-04,0.0,37.4,25.9,8.24,0.125,Hyderabad,TS
2019-05-05,0.0,37.8,25.1,7.47,0.124,Hyderabad,TS
2019-05-06,0.0,38.9,25.3,7.08,0.122,Hyderabad,TS
2019-05-07,0.0,39.1,25.1,6.49,0.121,Hyderabad,TS
2019-05-08,0.0,39.8,28.0,7.97,0.122,Hyderabad,TS
2019-05-09,0.0,38.8,26.0,7.64,0.121,Hyderabad,TS
2019-05-10,0.0,38.6,27.7,7.24,0.12,Hyderabad,TS
2019-05-11,0.0,38.0,26.6,6.26,0.119,Hyderabad,TS
2019-05-12,0.0,37.9,26.6,6.27,0.123,Hyderabad,TS
2019-05-13,0.2,37.8,26.8,6.07,0.124,Hyderabad,TS
2019-05-14,0.2,38.6,26.7,6.83,0.119,Hyderabad,TS
2019-05-15,0.0,38.6,26.4,6.15,0.118,Hyderabad,TS
2019-05-16,0.2,38.2,25.8,6.25,0.121,Hyderabad,TS
2019-05-17,0.0,37.6,26.1,5.78,0.122,Hyderabad,TS
2019-05-18,0.0,39.0,25.7,6.8,0.121,Hyderabad,TS
2019-05-19,0.1,39.6,27.1,6.71,0.125,Hyderabad,TS
2019-05-20,0.0,37.1,26.8,5.92,0.125,Hyderabad,TS
2019-05-21,0.0,38.1,26.3,6.24,0.123,Hyderabad,TS
2019-05-22,0.0,39.1,26.6,6.56,0.122,Hyderabad,TS
2019-05-23,0.2,38.8,27.7,6.33,0.123,Hyderabad,TS
2019-05-24,0.0,39.4,27.2,6.05,0.122,Hyderabad,TS
2019-05-25,0.0,39.4,28.6,7.49,0.119,Hyderabad,TS
2019-05-26,0.0,39.9,27.8,7.21,0.115,Hyderabad,TS
2019-05-27,0.0,40.6,28.5,7.17,0.11,Hyderabad,TS
2019-05-28,0.0,40.6,29.0,6.81,0.109,Hyderabad,TS
2019-05-29,0.0,39.9,28.6,6.76,0.11,Hyderabad,TS
2019-05-30,0.0,39.5,27.5,6.34,0.11,Hyderabad,TS
2019-05-31,0.0,38.6,28.6,6.34,0.11,Hyderabad,TS
2019-06-01,2.0,37.7,27.7,6.0,0.114,Hyderabad,TS
2019-06-02,0.0,40.0,27.8,6.53,0.11,Hyderabad,TS
2019-06-03,0.3,37.3,28.3,6.87,0.113,Hyderabad,TS
2019-06-04,0.0,37.4,25.5,5.96,0.122,Hyderabad,TS
2019-06-05,0.0,38.9,27.7,6.49,0.126,Hyderabad,TS
2019-06-06,0.1,37.5,27.9,6.44,0.13,Hyderabad,TS
2019-06-07,0.9,38.1,26.3,5.94,0.142,Hyderabad,TS
2019-06-08,0.0,36.7,24.9,6.15,0.143,Hyderabad,TS
2019-06-09,0.1,36.4,28.2,6.11,0.144,Hyderabad,TS
2019-06-10,0.9,36.8,26.2,6.55,0.139,Hyderabad,TS
2019-06-11,0.0,37.0,27.1,7.78,0.128,Hyderabad,TS
2019-06-12,1.0,36.3,26.8,7.33,0.125,Hyderabad,TS
2019-06-13,0.2,33.7,25.9,5.97,0.121,Hyderabad,TS
2019-06-14,0.0,35.0,25.2,6.16,0.118,Hyderabad,TS
2019-06-15,0.1,36.2,26.6,8.0,0.112,Hyderabad,TS
2019-06-16,0.0,36.3,27.0,7.86,0.11,Hyderabad,TS
2019-06-17,0.0,35.5,28.1,7.0,0.112,Hyderabad,TS
2019-06-18,0.0,36.4,27.0,7.79,0.112,Hyderabad,TS
2019-06-19,0.0,36.8,27.0,8.13,0.105,Hyderabad,TS
2019-06-20,3.7,35.2,26.7,5.73,0.139,Hyderabad,TS
2019-06-21,2.6,30.7,24.8,2.92,0.226,Hyderabad,TS
2019-06-22,13.6,26.6,23.8,1.53,0.306,Hyderabad,TS
2019-06-23,5.3,31.4,23.8,3.56,0.306,Hyderabad,TS
2019-06-24,3.0,31.7,23.6,4.51,0.309,Hyderabad,TS
2019-06-25,11.8,31.8,23.3,4.52,0.336,Hyderabad,TS
2019-06-26,3.3,31.7,24.3,5.05,0.298,Hyderabad,TS
2019-06-27,0.6,32.9,24.4,5.35,0.269,Hyderabad,TS
2019-06-28,1.1,32.9,24.5,4.97,0.255,Hyderabad,TS
2019-06-29,15.9,28.4,23.5,2.34,0.345,Hyderabad,TS
2019-06-30,6.6,27.2,23.1,2.39,0.356,Hyderabad,TS
2019-07-01,33.7,27.0,22.9,1.66,0.379,Hyderabad,TS
2019-07-02,11.1,26.4,23.3,1.72,0.383,Hyderabad,TS
2019-07-03,7.4,27.6,23.1,2.16,0.369,Hyderabad,TS
2019-07-04,2.0,30.4,23.7,4.38,0.335,Hyderabad,TS
2019-07-05,2.8,29.8,24.0,4.23,0.327,Hyderabad,TS
2019-07-06,0.8,28.5,24.3,3.68,0.322,Hyderabad,TS
2019-07-07,0.6,29.2,24.2,4.87,0.305,Hyderabad,TS
2019-07-08,0.4,31.3,24.1,5.61,0.289,Hyderabad,TS
2019-07-09,0.1,29.8,24.1,4.13,0.27,Hyderabad,TS
2019-07-10,4.1,31.5,23.8,5.41,0.256,Hyderabad,TS
2019-07-11,5.5,30.6,24.2,4.22,0.268,Hyderabad,TS
2019-07-12,1.2,31.1,23.6,5.05,0.281,Hyderabad,TS
2019-07-13,0.2,32.1,24.1,4.72,0.257,Hyderabad,TS
2019-07-14,2.3,31.8,24.0,5.02,0.246,Hyderabad,TS
2019-07-15,1.5,32.2,23.5,5.49,0.238,Hyderabad,TS
2019-07-16,0.1,32.3,24.5,5.7,0.248,Hyderabad,TS
2019-07-17,0.3,33.3,24.8,6.0,0.232,Hyderabad,TS
2019-07-18,2.0,33.3,24.7,5.05,0.224,Hyderabad,TS
2019-07-19,7.1,28.5,23.9,2.06,0.285,Hyderabad,TS
2019-07-20,6.9,29.3,22.5,2.92,0.343,Hyderabad,TS
2019-07-21,0.3,31.7,23.0,4.43,0.308,Hyderabad,TS
2019-07-22,1.9,31.1,23.3,4.23,0.283,Hyderabad,TS
2019-07-23,2.2,30.6,23.5,4.35,0.279,Hyderabad,TS
2019-07-24,2.7,31.1,23.5,4.64,0.26,Hyderabad,TS
2019-07-25,2.0,31.2,23.8,4.69,0.253,Hyderabad,TS
2019-07-26,11.9,26.9,22.6,1.92,0.301,Hyderabad,TS
2019-07-27,10.0,26.1,22.4,2.56,0.353,Hyderabad,TS
2019-07-28,16.3,25.9,22.2,2.11,0.376,Hyderabad,TS
2019-07-29,34.7,24.0,22.2,1.33,0.413,Hyderabad,TS
2019-07-30,14.5,25.3,22.1,2.02,0.415,Hyderabad,TS
2019-07-31,6.0,29.1,22.1,3.8,0.39,Hyderabad,TS
2019-08-01,5.8,27.4,22.8,2.93,0.399,Hyderabad,TS
2019-08-02,42.8,23.4,22.1,1.39,0.422,Hyderabad,TS
2019-08-03,32.4,23.5,22.1,1.58,0.428,Hyderabad,TS
2019-08-04,6.4,26.7,21.9,2.9,0.41,Hyderabad,TS
2019-08-05,5.1,27.3,22.0,3.67,0.396,Hyderabad,TS
2019-08-06,6.9,26.0,22.5,2.26,0.396,Hyderabad,TS
2019-08-07,14.2,26.9,22.6,2.26,0.408,Hyderabad,TS
2019-08-08,4.1,28.9,22.5,3.84,0.41,Hyderabad,TS
2019-08-09,1.2,29.2,24.2,4.65,0.386,Hyderabad,TS
2019-08-10,0.4,29.5,23.4,4.51,0.363,Hyderabad,TS
2019-08-11,0.3,29.5,23.0,4.57,0.342,Hyderabad,TS
2019-08-12,1.0,29.6,23.2,4.54,0.328,Hyderabad,TS
2019-08-13,1.9,29.0,23.7,3.56,0.323,Hyderabad,TS
2019-08-14,1.5,29.4,23.1,3.84,0.336,Hyderabad,TS
2019-08-15,4.3,30.2,22.8,4.73,0.362,Hyderabad,TS
2019-08-16,0.0,30.4,23.5,5.15,0.331,Hyderabad,TS
2019-08-17,0.4,30.3,23.8,4.66,0.301,Hyderabad,TS
2019-08-18,3.8,28.7,23.5,2.82,0.318,Hyderabad,TS
2019-08-19,2.3,29.6,22.5,4.16,0.345,Hyderabad,TS
2019-08-20,3.0,28.7,23.9,3.78,0.319,Hyderabad,TS
2019-08-21,10.8,27.2,23.7,2.36,0.344,Hyderabad,TS
2019-08-22,13.1,29.1,22.5,4.14,0.366,Hyderabad,TS
2019-08-23,5.5,26.7,22.7,2.2,0.38,Hyderabad,TS
2019-08-24,0.7,29.3,22.9,4.26,0.376,Hyderabad,TS
2019-08-25,0.5,28.4,22.7,3.77,0.353,Hyderabad,TS
2019-08-26,0.0,29.1,22.9,4.73,0.334,Hyderabad,TS
2019-08-27,0.0,30.0,22.2,5.51,0.317,Hyderabad,TS
2019-08-28,0.0,30.1,23.1,5.35,0.301,Hyderabad,TS
2019-08-29,0.3,30.4,23.6,4.89,0.287,Hyderabad,TS
2019-08-30,3.9,29.8,23.3,3.86,0.279,Hyderabad,TS
2019-08-31,5.3,27.4,23.0,2.66,0.328,Hyderabad,TS
2019-09-01,13.9,26.7,22.5,2.11,0.393,Hyderabad,TS
2019-09-02,11.9,25.1,22.3,1.7,0.402,Hyderabad,TS
2019-09-03,5.8,26.6,22.4,2.39,0.394,Hyderabad,TS
2019-09-04,15.0,25.5,22.5,1.91,0.414,Hyderabad,TS
2019-09-05,4.6,27.7,22.6,3.5,0.407,Hyderabad,TS
2019-09-06,2.3,27.2,23.1,2.65,0.383,Hyderabad,TS
2019-09-07,10.8,25.8,22.6,2.16,0.402,Hyderabad,TS
2019-09-08,4.6,28.5,22.8,3.65,0.393,Hyderabad,TS
2019-09-09,1.3,29.2,23.2,4.32,0.376,Hyderabad,TS
2019-09-10,0.2,29.3,22.8,4.41,0.373,Hyderabad,TS
2019-09-11,0.0,29.1,23.2,4.13,0.354,Hyderabad,TS
2019-09-12,0.7,28.0,23.3,3.51,0.337,Hyderabad,TS
2019-09-13,1.9,28.5,22.7,3.36,0.331,Hyderabad,TS
2019-09-14,1.6,29.6,22.8,4.18,0.318,Hyderabad,TS
2019-09-15,0.3,29.8,22.4,3.75,0.331,Hyderabad,TS
2019-09-16,0.8,29.2,22.8,3.89,0.335,Hyderabad,TS
2019-09-17,7.3,28.4,22.9,3.06,0.351,Hyderabad,TS
2019-09-18,11.0,27.8,22.5,2.73,0.391,Hyderabad,TS
2019-09-19,9.3,28.0,22.6,2.84,0.397,Hyderabad,TS
2019-09-20,6.4,27.2,22.3,2.24,0.405,Hyderabad,TS
2019-09-21,7.4,28.7,22.0,3.36,0.38,Hyderabad,TS
2019-09-22,20.2,29.0,22.6,2.85,0.385,Hyderabad,TS
2019-09-23,4.5,29.7,22.2,3.89,0.405,Hyderabad,TS
2019-09-24,9.4,28.3,22.7,2.78,0.414,Hyderabad,TS
2019-09-25,11.3,27.5,22.2,2.55,0.42,Hyderabad,TS
2019-09-26,1.5,28.5,22.5,3.2,0.404,Hyderabad,TS
2019-09-27,6.4,28.6,22.0,3.3,0.409,Hyderabad,TS
2019-09-28,1.9,28.6,22.5,3.34,0.388,Hyderabad,TS
2019-09-29,5.2,29.1,22.6,3.3,0.374,Hyderabad,TS
2019-09-30,11.3,29.2,21.6,3.29,0.373,Hyderabad,TS
2019-10-01,7.5,29.7,21.5,3.82,0.376,Hyderabad,TS
2019-10-02,2.2,29.7,22.8,3.99,0.367,Hyderabad,TS
2019-10-03,2.6,29.3,22.4,3.6,0.358,Hyderabad,TS
2019-10-04,4.2,28.8,21.7,3.0,0.364,Hyderabad,TS
2019-10-05,9.5,29.0,21.6,3.67,0.377,Hyderabad,TS
2019-10-06,4.9,29.1,21.7,3.46,0.382,Hyderabad,TS
2019-10-07,4.2,29.1,21.1,3.92,0.374,Hyderabad,TS
2019-10-08,3.4,28.8,22.2,3.32,0.383,Hyderabad,TS
2019-10-09,4.7,29.1,22.1,3.51,0.391,Hyderabad,TS
2019-10-10,3.7,28.4,22.2,3.27,0.394,Hyderabad,TS
2019-10-11,13.6,28.3,21.7,2.99,0.411,Hyderabad,TS
2019-10-12,4.0,28.4,21.5,2.79,0.402,Hyderabad,TS
2019-10-13,3.6,28.7,21.7,3.23,0.396,Hyderabad,TS
2019-10-14,2.0,28.6,21.5,3.48,0.378,Hyderabad,TS
2019-10-15,4.2,28.8,22.1,3.69,0.37,Hyderabad,TS
2019-10-16,7.8,27.5,21.7,2.94,0.373,Hyderabad,TS
2019-10-17,8.4,27.2,21.4,2.36,0.376,Hyderabad,TS
2019-10-18,5.4,27.6,21.9,2.65,0.383,Hyderabad,TS
2019-10-19,2.0,27.1,21.4,2.87,0.379,Hyderabad,TS
2019-10-20,4.0,27.1,21.5,2.7,0.38,Hyderabad,TS
2019-10-21,3.2,25.3,21.6,1.25,0.385,Hyderabad,TS
2019-10-22,6.7,26.5,21.7,1.82,0.392,Hyderabad,TS
2019-10-23,7.1,26.6,21.3,1.93,0.382,Hyderabad,TS
2019-10-24,6.2,27.6,21.6,2.49,0.372,Hyderabad,TS
2019-10-25,7.3,28.1,21.6,2.65,0.386,Hyderabad,TS
2019-10-26,10.2,28.1,21.5,2.76,0.393,Hyderabad,TS
2019-10-27,11.4,28.0,21.5,2.82,0.411,Hyderabad,TS
2019-10-28,0.5,28.3,20.8,3.43,0.383,Hyderabad,TS
2019-10-29,3.4,27.8,21.1,3.17,0.383,Hyderabad,TS
2019-10-30,1.9,27.1,21.7,2.81,0.369,Hyderabad,TS
2019-10-31,1.6,27.3,21.6,2.7,0.361,Hyderabad,TS
2019-11-01,1.6,28.3,21.9,3.31,0.35,Hyderabad,TS
2019-11-02,1.9,28.8,21.1,3.62,0.338,Hyderabad,TS
2019-11-03,0.9,29.1,20.7,3.6,0.329,Hyderabad,TS
2019-11-04,0.2,29.7,21.1,4.01,0.318,Hyderabad,TS
2019-11-05,0.0,29.4,21.3,3.87,0.302,Hyderabad,TS
2019-11-06,1.4,28.4,20.3,3.46,0.289,Hyderabad,TS
2019-11-07,0.0,29.6,20.9,3.84,0.279,Hyderabad,TS
2019-11-08,0.3,29.3,21.6,3.76,0.27,Hyderabad,TS
2019-11-09,0.0,29.3,20.8,3.77,0.261,Hyderabad,TS
2019-11-10,0.0,29.2,19.7,4.35,0.25,Hyderabad,TS
2019-11-11,0.1,29.1,19.2,3.76,0.237,Hyderabad,TS
2019-11-12,0.0,29.0,18.9,3.99,0.224,Hyderabad,TS
2019-11-13,0.0,28.1,18.0,4.06,0.21,Hyderabad,TS
2019-11-14,1.0,26.5,19.9,3.08,0.207,Hyderabad,TS
2019-11-15,1.0,28.0,21.5,2.85,0.202,Hyderabad,TS
2019-11-16,0.0,29.4,20.0,3.85,0.192,Hyderabad,TS
2019-11-17,0.0,30.7,19.3,4.33,0.182,Hyderabad,TS
2019-11-18,0.0,30.2,19.5,4.33,0.172,Hyderabad,TS
2019-11-19,1.3,27.7,19.2,3.07,0.17,Hyderabad,TS
2019-11-20,0.1,28.5,20.0,3.31,0.169,Hyderabad,TS
2019-11-21,0.1,28.4,19.3,3.46,0.167,Hyderabad,TS
2019-11-22,0.0,28.5,18.5,4.01,0.164,Hyderabad,TS
2019-11-23,0.0,28.2,17.9,4.1,0.159,Hyderabad,TS
2019-11-24,0.0,28.3,16.7,4.08,0.155,Hyderabad,TS
2019-11-25,0.0,28.4,16.4,4.01,0.154,Hyderabad,TS
2019-11-26,0.0,27.9,17.5,3.7,0.153,Hyderabad,TS
2019-11-27,0.0,28.2,17.4,3.74,0.152,Hyderabad,TS
2019-11-28,0.2,27.9,18.2,3.13,0.148,Hyderabad,TS
2019-11-29,0.0,28.9,18.7,3.46,0.146,Hyderabad,TS
2019-11-30,0.0,29.0,18.0,3.29,0.146,Hyderabad,TS
2019-12-01,0.0,27.5,19.8,2.95,0.146,Hyderabad,TS
2019-12-02,6.3,24.8,20.3,1.5,0.169,Hyderabad,TS
2019-12-03,0.5,26.5,19.8,2.5,0.175,Hyderabad,TS
2019-12-04,0.0,26.6,19.2,2.86,0.179,Hyderabad,TS
2019-12-05,0.3,26.3,17.9,2.69,0.176,Hyderabad,TS
2019-12-06,0.3,25.9,17.1,2.7,0.175,Hyderabad,TS
2019-12-07,0.0,26.8,16.2,3.85,0.173,Hyderabad,TS
2019-12-08,0.3,25.9,17.8,2.51,0.172,Hyderabad,TS
2019-12-09,0.3,26.1,17.8,2.74,0.17,Hyderabad,TS
2019-12-10,0.0,27.2,16.7,3.46,0.167,Hyderabad,TS
2019-12-11,0.0,27.4,17.0,3.43,0.164,Hyderabad,TS
2019-12-12,0.0,26.8,16.0,3.66,0.163,Hyderabad,TS
2019-12-13,0.0,28.4,17.8,3.65,0.159,Hyderabad,TS
2019-12-14,0.0,28.1,18.9,3.56,0.157,Hyderabad,TS
2019-12-15,0.0,27.6,18.2,3.63,0.154,Hyderabad,TS
2019-12-16,0.0,27.6,16.8,3.32,0.154,Hyderabad,TS
2019-12-17,0.0,27.1,16.5,3.41,0.153,Hyderabad,TS
2019-12-18,0.1,26.4,16.7,3.01,0.156,Hyderabad,TS
2019-12-19,0.0,26.6,16.4,2.74,0.157,Hyderabad,TS
2019-12-20,0.0,27.6,16.5,3.64,0.155,Hyderabad,TS
2019-12-21,0.0,27.2,16.7,3.37,0.158,Hyderabad,TS
2019-12-22,0.0,27.0,15.9,3.19,0.158,Hyderabad,TS
2019-12-23,0.0,25.0,16.5,2.62,0.157,Hyderabad,TS
2019-12-24,0.0,26.9,17.6,3.56,0.159,Hyderabad,TS
2019-12-25,0.0,27.6,17.7,3.78,0.158,Hyderabad,TS
2019-12-26,0.1,28.7,18.6,2.72,0.156,Hyderabad,TS
2019-12-27,1.3,26.6,18.9,2.6,0.157,Hyderabad,TS
2019-12-28,0.0,25.9,17.3,3.45,0.159,Hyderabad,TS
2019-12-29,0.0,26.6,15.3,3.37,0.156,Hyderabad,TS
2019-12-30,0.1,25.2,16.4,2.68,0.157,Hyderabad,TS
2019-12-31,1.5,24.9,19.0,2.22,0.164,Hyderabad,TS
2020-01-01,0.2,26.7,18.7,2.56,0.17,Hyderabad,TS
2020-01-02,0.5,26.7,20.0,2.68,0.172,Hyderabad,TS
2020-01-03,0.7,27.3,19.9,2.59,0.187,Hyderabad,TS
2020-01-04,0.4,26.7,18.7,2.22,0.194,Hyderabad,TS
2020-01-05,0.0,25.5,17.1,3.06,0.19,Hyderabad,TS
2020-01-06,0.0,25.9,16.7,3.09,0.186,Hyderabad,TS
2020-01-07,0.0,27.2,19.5,2.79,0.184,Hyderabad,TS
2020-01-08,0.0,28.9,19.5,3.36,0.182,Hyderabad,TS
2020-01-09,0.3,27.7,18.9,2.56,0.182,Hyderabad,TS
2020-01-10,0.3,26.5,19.0,3.07,0.181,Hyderabad,TS
2020-01-11,0.0,26.9,15.8,3.86,0.177,Hyderabad,TS
2020-01-12,0.0,27.6,15.1,3.86,0.171,Hyderabad,TS
2020-01-13,0.0,28.7,16.1,3.85,0.164,Hyderabad,TS
2020-01-14,0.0,28.8,15.6,4.26,0.16,Hyderabad,TS
2020-01-15,0.0,27.7,17.0,4.34,0.157,Hyderabad,TS
2020-01-16,0.0,27.9,16.5,4.12,0.157,Hyderabad,TS
2020-01-17,0.0,27.9,17.1,3.22,0.158,Hyderabad,TS
2020-01-18,0.0,28.5,18.5,3.66,0.159,Hyderabad,TS
2020-01-19,0.0,28.8,18.7,3.33,0.162,Hyderabad,TS
2020-01-20,0.1,28.2,18.7,3.23,0.159,Hyderabad,TS
2020-01-21,0.0,28.7,18.4,4.29,0.16,Hyderabad,TS
2020-01-22,0.0,28.7,17.8,4.27,0.16,Hyderabad,TS
2020-01-23,0.0,28.5,15.8,4.12,0.16,Hyderabad,TS
2020-01-24,0.0,29.3,18.3,4.4,0.164,Hyderabad,TS
2020-01-25,0.0,29.4,17.2,4.19,0.165,Hyderabad,TS
2020-01-26,0.0,30.4,17.6,4.25,0.165,Hyderabad,TS
2020-01-27,0.0,30.9,17.4,4.44,0.163,Hyderabad,TS
2020-01-28,0.0,30.4,18.6,4.49,0.166,Hyderabad,TS
2020-01-29,0.0,30.6,19.1,4.19,0.173,Hyderabad,TS
2020-01-30,0.0,29.8,18.7,4.27,0.173,Hyderabad,TS
2020-01-31,0.0,29.4,17.4,4.05,0.174,Hyderabad,TS
2020-02-01,0.0,29.2,19.4,4.21,0.172,Hyderabad,TS
2020-02-02,0.2,28.5,19.6,3.69,0.172,Hyderabad,TS
2020-02-03,0.0,29.3,19.0,3.97,0.171,Hyderabad,TS
2020-02-04,0.0,30.1,18.5,4.8,0.168,Hyderabad,TS
2020-02-05,0.0,29.2,17.9,3.83,0.165,Hyderabad,TS
2020-02-06,0.0,30.8,18.5,4.63,0.165,Hyderabad,TS
2020-02-07,0.2,29.4,19.7,4.13,0.164,Hyderabad,TS
2020-02-08,3.2,27.2,18.9,3.17,0.176,Hyderabad,TS
2020-02-09,17.0,21.6,18.5,1.29,0.238,Hyderabad,TS
2020-02-10,1.1,25.0,18.2,2.79,0.252,Hyderabad,TS
2020-02-11,0.6,26.1,19.3,3.03,0.247,Hyderabad,TS
2020-02-12,0.2,26.9,18.1,3.1,0.238,Hyderabad,TS
2020-02-13,0.0,29.4,17.9,4.88,0.225,Hyderabad,TS
2020-02-14,0.0,29.9,15.9,5.0,0.211,Hyderabad,TS
2020-02-15,0.0,31.0,15.7,4.88,0.199,Hyderabad,TS
2020-02-16,0.0,30.6,16.8,5.09,0.184,Hyderabad,TS
2020-02-17,0.0,30.7,16.5,4.98,0.174,Hyderabad,TS
2020-02-18,0.0,30.3,17.6,5.39,0.167,Hyderabad,TS
2020-02-19,0.0,30.6,15.4,5.08,0.162,Hyderabad,TS
2020-02-20,0.0,30.1,18.1,4.98,0.16,Hyderabad,TS
2020-02-21,0.0,29.5,17.3,5.13,0.159,Hyderabad,TS
2020-02-22,0.0,30.2,16.4,5.29,0.158,Hyderabad,TS
2020-02-23,0.0,30.0,17.3,5.41,0.159,Hyderabad,TS
2020-02-24,0.0,31.4,17.7,5.6,0.158,Hyderabad,TS
2020-02-25,0.0,31.0,19.8,4.73,0.157,Hyderabad,TS
2020-02-26,0.0,29.6,18.9,5.13,0.159,Hyderabad,TS
2020-02-27,0.0,29.9,18.1,5.69,0.157,Hyderabad,TS
2020-02-28,0.0,30.2,16.8,4.84,0.154,Hyderabad,TS
2020-02-29,0.0,29.6,19.0,4.57,0.155,Hyderabad,TS
2020-03-01,0.0,30.6,19.2,4.79,0.157,Hyderabad,TS
2020-03-02,0.0,29.9,21.2,3.97,0.156,Hyderabad,TS
2020-03-03,0.5,30.9,19.5,4.34,0.156,Hyderabad,TS
2020-03-04,0.0,33.0,20.3,5.75,0.155,Hyderabad,TS
2020-03-05,0.0,31.6,18.8,5.22,0.158,Hyderabad,TS
2020-03-06,0.3,31.7,20.4,5.23,0.157,Hyderabad,TS
2020-03-07,0.2,31.2,21.2,4.12,0.156,Hyderabad,TS
2020-03-08,0.0,30.1,21.3,3.74,0.16,Hyderabad,TS
2020-03-09,0.5,30.3,20.8,4.3,0.176,Hyderabad,TS
2020-03-10,0.6,31.9,20.9,5.15,0.174,Hyderabad,TS
2020-03-11,0.6,31.5,21.5,4.61,0.172,Hyderabad,TS
2020-03-12,0.5,31.5,21.2,4.6,0.175,Hyderabad,TS
2020-03-13,0.0,32.6,21.2,5.45,0.171,Hyderabad,TS
2020-03-14,0.0,33.3,20.1,5.12,0.167,Hyderabad,TS
2020-03-15,0.0,31.7,20.3,5.54,0.164,Hyderabad,TS
2020-03-16,0.0,32.1,20.1,5.47,0.159,Hyderabad,TS
2020-03-17,0.0,33.4,21.6,6.34,0.155,Hyderabad,TS
2020-03-18,0.0,33.5,20.2,5.32,0.148,Hyderabad,TS
2020-03-19,0.0,32.8,22.1,4.71,0.155,Hyderabad,TS
2020-03-20,0.0,33.0,21.8,4.91,0.17,Hyderabad,TS
2020-03-21,0.5,31.2,20.6,4.58,0.169,Hyderabad,TS
2020-03-22,0.0,32.4,20.7,4.98,0.166,Hyderabad,TS
2020-03-23,0.5,31.8,21.1,4.95,0.163,Hyderabad,TS
2020-03-24,0.0,32.5,21.4,5.42,0.163,Hyderabad,TS
2020-03-25,0.0,32.6,21.5,5.58,0.161,Hyderabad,TS
2020-03-26,0.0,33.0,21.5,5.94,0.154,Hyderabad,TS
2020-03-27,0.0,34.4,22.1,6.56,0.152,Hyderabad,TS
2020-03-28,0.0,34.7,21.6,6.06,0.15,Hyderabad,TS
2020-03-29,0.0,35.0,23.0,5.77,0.15,Hyderabad,TS
2020-03-30,0.0,34.4,22.3,5.85,0.15,Hyderabad,TS
2020-03-31,0.0,34.9,21.4,5.55,0.155,Hyderabad,TS
2020-04-01,0.0,33.9,23.0,4.71,0.156,Hyderabad,TS
2020-04-02,0.0,34.0,24.0,4.85,0.161,Hyderabad,TS
2020-04-03,0.0,34.9,23.2,5.52,0.161,Hyderabad,TS
2020-04-04,0.0,34.1,23.4,4.99,0.166,Hyderabad,TS
2020-04-05,0.0,35.0,23.0,5.93,0.166,Hyderabad,TS
2020-04-06,0.0,33.9,24.1,4.97,0.157,Hyderabad,TS
2020-04-07,0.1,35.0,23.0,5.53,0.158,Hyderabad,TS
2020-04-08,0.0,35.6,23.9,5.95,0.154,Hyderabad,TS
2020-04-09,0.2,34.3,22.8,5.43,0.153,Hyderabad,TS
2020-04-10,0.0,34.5,21.4,5.79,0.16,Hyderabad,TS
2020-04-11,0.0,34.7,21.3,6.18,0.157,Hyderabad,TS
2020-04-12,0.0,35.3,22.5,5.94,0.156,Hyderabad,TS
2020-04-13,0.0,35.9,22.6,6.07,0.152,Hyderabad,TS
2020-04-14,0.0,35.8,22.4,6.35,0.145,Hyderabad,TS
2020-04-15,0.0,36.1,22.9,6.1,0.143,Hyderabad,TS
2020-04-16,0.0,35.4,23.2,6.15,0.143,Hyderabad,TS
2020-04-17,0.0,35.7,23.1,6.05,0.14,Hyderabad,TS
2020-04-18,0.2,35.9,23.7,5.6,0.138,Hyderabad,TS
2020-04-19,0.0,35.6,23.3,5.98,0.136,Hyderabad,TS
2020-04-20,2.4,36.3,23.6,5.42,0.14,Hyderabad,TS
2020-04-21,0.0,35.9,24.1,5.94,0.136,Hyderabad,TS
2020-04-22,0.0,35.4,24.4,5.81,0.134,Hyderabad,TS
2020-04-23,0.0,37.6,24.3,6.31,0.138,Hyderabad,TS
2020-04-24,0.0,35.3,25.8,5.75,0.137,Hyderabad,TS
2020-04-25,0.0,36.3,26.0,6.41,0.137,Hyderabad,TS
2020-04-26,0.0,34.9,25.5,5.33,0.13,Hyderabad,TS
2020-04-27,0.1,35.0,24.9,5.95,0.13,Hyderabad,TS
2020-04-28,0.0,34.6,24.7,5.48,0.132,Hyderabad,TS
2020-04-29,0.4,33.3,24.1,5.16,0.135,Hyderabad,TS
2020-04-30,0.0,35.8,23.9,5.68,0.133,Hyderabad,TS
2020-05-01,0.0,36.9,24.8,6.21,0.133,Hyderabad,TS
2020-05-02,0.1,35.9,23.6,5.64,0.137,Hyderabad,TS
2020-05-03,0.0,37.3,24.5,6.31,0.152,Hyderabad,TS
2020-05-04,0.0,37.2,25.2,6.2,0.157,Hyderabad,TS
2020-05-05,0.0,36.8,25.1,5.82,0.159,Hyderabad,TS
2020-05-06,0.0,36.7,25.3,6.11,0.155,Hyderabad,TS
2020-05-07,0.1,36.4,25.0,5.7,0.151,Hyderabad,TS
2020-05-08,0.1,35.6,25.6,5.69,0.145,Hyderabad,TS
2020-05-09,0.0,36.5,27.7,5.98,0.142,Hyderabad,TS
2020-05-10,0.4,36.3,25.2,5.43,0.142,Hyderabad,TS
2020-05-11,0.0,35.0,24.0,5.98,0.138,Hyderabad,TS
2020-05-12,0.0,35.8,24.9,5.73,0.136,Hyderabad,TS
2020-05-13,0.0,35.9,24.5,5.92,0.135,Hyderabad,TS
2020-05-14,0.0,36.4,24.9,6.34,0.132,Hyderabad,TS
2020-05-15,0.2,36.3,25.1,5.75,0.126,Hyderabad,TS
2020-05-16,0.4,36.1,26.1,5.48,0.126,Hyderabad,TS
2020-05-17,0.0,36.7,25.1,5.88,0.138,Hyderabad,TS
2020-05-18,0.2,36.3,25.7,6.2,0.143,Hyderabad,TS
2020-05-19,0.0,37.0,25.7,6.82,0.141,Hyderabad,TS
2020-05-20,0.0,38.3,25.2,8.0,0.14,Hyderabad,TS
2020-05-21,0.0,39.3,26.0,8.78,0.139,Hyderabad,TS
2020-05-22,0.0,38.8,23.0,7.76,0.139,Hyderabad,TS
2020-05-23,0.0,39.3,23.4,7.98,0.137,Hyderabad,TS
2020-05-24,0.0,39.0,25.0,6.46,0.136,Hyderabad,TS
2020-05-25,0.2,38.2,25.9,6.29,0.136,Hyderabad,TS
2020-05-26,0.1,38.1,26.7,6.29,0.136,Hyderabad,TS
2020-05-27,0.1,38.3,28.0,6.36,0.137,Hyderabad,TS
2020-05-28,0.0,39.7,28.4,7.22,0.138,Hyderabad,TS
2020-05-29,0.0,38.5,27.5,7.32,0.135,Hyderabad,TS
2020-05-30,0.0,36.8,26.9,6.19,0.131,Hyderabad,TS
2020-05-31,3.0,35.0,26.8,4.94,0.131,Hyderabad,TS
2020-06-01,6.0,32.8,24.1,4.38,0.191,Hyderabad,TS
2020-06-02,8.0,33.7,23.9,4.52,0.233,Hyderabad,TS
2020-06-03,3.8,31.9,23.6,4.88,0.29,Hyderabad,TS
2020-06-04,0.0,31.8,24.7,6.19,0.259,Hyderabad,TS
2020-06-05,0.1,33.7,25.1,6.65,0.231,Hyderabad,TS
2020-06-06,0.5,34.1,24.8,6.55,0.204,Hyderabad,TS
2020-06-07,0.0,34.7,25.4,6.61,0.182,Hyderabad,TS
2020-06-08,0.2,35.5,25.9,7.28,0.167,Hyderabad,TS
2020-06-09,0.2,35.4,26.2,6.64,0.155,Hyderabad,TS
2020-06-10,13.2,31.9,24.5,4.38,0.31,Hyderabad,TS
2020-06-11,19.7,26.8,23.4,1.8,0.385,Hyderabad,TS
2020-06-12,36.0,26.2,23.0,1.83,0.4,Hyderabad,TS
2020-06-13,3.1,30.3,23.4,3.95,0.362,Hyderabad,TS
2020-06-14,2.4,31.4,24.0,4.88,0.343,Hyderabad,TS
2020-06-15,2.4,30.5,24.7,4.3,0.331,Hyderabad,TS
2020-06-16,24.7,29.2,24.0,3.43,0.357,Hyderabad,TS
2020-06-17,18.5,28.5,23.2,2.64,0.403,Hyderabad,TS
2020-06-18,4.0,29.2,23.3,2.94,0.386,Hyderabad,TS
2020-06-19,2.7,30.0,23.3,4.1,0.388,Hyderabad,TS
2020-06-20,1.2,31.5,24.3,5.36,0.358,Hyderabad,TS
2020-06-21,6.4,26.8,23.9,2.07,0.374,Hyderabad,TS
2020-06-22,0.3,28.4,23.7,3.45,0.355,Hyderabad,TS
2020-06-23,0.1,32.1,23.7,5.6,0.328,Hyderabad,TS
2020-06-24,0.5,31.5,23.7,4.93,0.313,Hyderabad,TS
2020-06-25,4.7,32.3,23.2,5.36,0.306,Hyderabad,TS
2020-06-26,0.2,32.4,23.6,5.28,0.277,Hyderabad,TS
2020-06-27,15.4,32.3,24.4,4.55,0.281,Hyderabad,TS
2020-06-28,8.5,31.4,24.0,4.23,0.393,Hyderabad,TS
2020-06-29,4.2,31.3,23.6,4.16,0.391,Hyderabad,TS
2020-06-30,2.6,30.6,23.4,3.69,0.378,Hyderabad,TS
2020-07-01,1.0,31.4,23.5,4.82,0.374,Hyderabad,TS
2020-07-02,2.7,30.0,23.6,3.97,0.367,Hyderabad,TS
2020-07-03,2.9,31.3,23.5,4.75,0.369,Hyderabad,TS
2020-07-04,9.5,26.6,22.7,1.87,0.405,Hyderabad,TS
2020-07-05,41.5,24.5,22.8,1.3,0.42,Hyderabad,TS
2020-07-06,4.4,25.6,23.1,1.66,0.405,Hyderabad,TS
2020-07-07,0.9,30.5,23.5,4.18,0.374,Hyderabad,TS
2020-07-08,0.9,30.5,23.3,4.55,0.347,Hyderabad,TS
2020-07-09,15.4,27.8,23.1,1.71,0.383,Hyderabad,TS
2020-07-10,2.2,26.8,23.0,2.45,0.372,Hyderabad,TS
2020-07-11,1.0,29.8,22.7,3.61,0.366,Hyderabad,TS
2020-07-12,0.4,30.2,23.6,4.3,0.34,Hyderabad,TS
2020-07-13,4.7,28.6,23.4,3.11,0.344,Hyderabad,TS
2020-07-14,15.1,28.4,22.9,2.83,0.361,Hyderabad,TS
2020-07-15,17.6,25.4,22.7,1.41,0.409,Hyderabad,TS
2020-07-16,1.8,26.7,22.4,2.32,0.387,Hyderabad,TS
2020-07-17,12.6,29.5,22.8,3.73,0.371,Hyderabad,TS
2020-07-18,0.6,30.5,23.0,4.24,0.354,Hyderabad,TS
2020-07-19,12.0,30.4,23.4,3.49,0.369,Hyderabad,TS
2020-07-20,5.0,28.5,23.0,3.23,0.387,Hyderabad,TS
2020-07-21,1.1,30.7,23.4,4.52,0.369,Hyderabad,TS
2020-07-22,1.1,31.3,23.7,4.17,0.345,Hyderabad,TS
2020-07-23,18.0,26.8,23.2,1.49,0.395,Hyderabad,TS
2020-07-24,0.3,30.2,23.5,3.66,0.366,Hyderabad,TS
2020-07-25,0.5,27.1,22.6,1.95,0.363,Hyderabad,TS
2020-07-26,0.0,30.9,22.4,5.12,0.341,Hyderabad,TS
2020-07-27,3.1,30.7,23.1,5.19,0.318,Hyderabad,TS
2020-07-28,4.9,31.0,23.1,4.09,0.333,Hyderabad,TS
2020-07-29,17.5,31.0,23.1,4.35,0.349,Hyderabad,TS
2020-07-30,0.2,30.6,22.7,4.55,0.366,Hyderabad,TS
2020-07-31,4.2,31.1,23.7,4.44,0.353,Hyderabad,TS
2020-08-01,8.6,31.5,22.7,4.36,0.371,Hyderabad,TS
2020-08-02,3.3,31.0,23.2,4.84,0.369,Hyderabad,TS
2020-08-03,2.9,29.1,23.4,3.84,0.367,Hyderabad,TS
2020-08-04,6.9,24.9,23.3,2.05,0.38,Hyderabad,TS
2020-08-05,13.8,27.2,22.6,2.98,0.394,Hyderabad,TS
2020-08-06,2.4,28.7,22.9,4.08,0.383,Hyderabad,TS
2020-08-07,0.3,29.8,23.2,4.83,0.362,Hyderabad,TS
2020-08-08,5.9,29.2,23.5,4.18,0.348,Hyderabad,TS
2020-08-09,11.5,29.0,23.1,3.88,0.346,Hyderabad,TS
2020-08-10,9.9,26.4,22.8,2.06,0.396,Hyderabad,TS
2020-08-11,1.4,28.4,22.6,3.64,0.379,Hyderabad,TS
2020-08-12,4.1,26.5,23.4,2.34,0.373,Hyderabad,TS
2020-08-13,25.8,24.0,22.3,1.39,0.415,Hyderabad,TS
2020-08-14,17.8,24.2,21.9,1.73,0.426,Hyderabad,TS
2020-08-15,35.3,23.5,21.8,1.21,0.429,Hyderabad,TS
2020-08-16,22.5,24.3,22.0,1.46,0.427,Hyderabad,TS
2020-08-17,12.5,27.2,22.3,2.21,0.422,Hyderabad,TS
2020-08-18,3.7,26.9,22.8,2.15,0.404,Hyderabad,TS
2020-08-19,32.8,24.9,22.5,1.23,0.423,Hyderabad,TS
2020-08-20,31.7,23.8,22.1,1.17,0.429,Hyderabad,TS
2020-08-21,10.6,26.1,22.2,1.93,0.426,Hyderabad,TS
2020-08-22,0.8,29.1,22.7,3.71,0.412,Hyderabad,TS
2020-08-23,0.6,29.1,22.2,4.05,0.394,Hyderabad,TS
2020-08-24,0.4,29.3,22.9,4.42,0.382,Hyderabad,TS
2020-08-25,0.2,29.9,22.9,4.88,0.368,Hyderabad,TS
2020-08-26,0.9,29.5,23.4,3.89,0.357,Hyderabad,TS
2020-08-27,5.1,26.5,23.3,1.91,0.364,Hyderabad,TS
2020-08-28,0.4,28.4,22.2,3.87,0.355,Hyderabad,TS
2020-08-29,0.0,29.3,22.7,4.27,0.337,Hyderabad,TS
2020-08-30,0.0,29.8,22.4,4.49,0.321,Hyderabad,TS
2020-08-31,0.0,30.8,22.6,5.25,0.309,Hyderabad,TS
2020-09-01,0.6,30.4,23.2,4.32,0.297,Hyderabad,TS
2020-09-02,5.2,29.8,23.6,3.41,0.307,Hyderabad,TS
2020-09-03,1.2,29.6,22.3,4.2,0.315,Hyderabad,TS
2020-09-04,0.0,30.4,22.9,4.45,0.295,Hyderabad,TS
2020-09-05,0.0,31.1,22.6,4.9,0.277,Hyderabad,TS
2020-09-06,0.7,31.0,23.1,4.81,0.257,Hyderabad,TS
2020-09-07,2.7,31.0,23.2,4.55,0.275,Hyderabad,TS
2020-09-08,1.1,31.1,23.3,4.6,0.283,Hyderabad,TS
2020-09-09,4.3,30.9,23.5,4.21,0.299,Hyderabad,TS
2020-09-10,2.5,30.6,23.1,4.23,0.285,Hyderabad,TS
2020-09-11,2.1,30.0,23.4,3.45,0.304,Hyderabad,TS
2020-09-12,1.1,29.5,22.7,3.65,0.319,Hyderabad,TS
2020-09-13,6.2,28.3,22.7,2.72,0.332,Hyderabad,TS
2020-09-14,22.3,26.4,22.3,2.0,0.401,Hyderabad,TS
2020-09-15,33.8,28.8,22.3,2.89,0.421,Hyderabad,TS
2020-09-16,11.8,28.0,22.2,2.65,0.419,Hyderabad,TS
2020-09-17,5.5,29.3,22.0,3.47,0.413,Hyderabad,TS
2020-09-18,13.7,30.0,22.7,3.52,0.413,Hyderabad,TS
2020-09-19,8.0,28.8,22.6,2.83,0.411,Hyderabad,TS
2020-09-20,14.1,29.6,22.4,3.15,0.418,Hyderabad,TS
2020-09-21,4.0,27.7,22.6,3.23,0.403,Hyderabad,TS
2020-09-22,2.0,29.0,22.9,3.74,0.388,Hyderabad,TS
2020-09-23,0.0,28.7,22.4,3.75,0.385,Hyderabad,TS
2020-09-24,0.0,28.9,22.5,3.26,0.367,Hyderabad,TS
2020-09-25,17.0,28.9,22.9,3.01,0.378,Hyderabad,TS
2020-09-26,19.8,25.4,22.2,1.54,0.426,Hyderabad,TS
2020-09-27,3.9,27.5,21.7,2.94,0.409,Hyderabad,TS
2020-09-28,2.7,29.3,20.8,4.03,0.384,Hyderabad,TS
2020-09-29,6.3,29.2,22.2,3.59,0.39,Hyderabad,TS
2020-09-30,11.0,28.9,22.3,3.23,0.395,Hyderabad,TS
2020-10-01,2.6,28.2,22.9,2.42,0.385,Hyderabad,TS
2020-10-02,0.0,30.3,22.3,4.76,0.361,Hyderabad,TS
2020-10-03,0.0,31.5,23.0,4.78,0.343,Hyderabad,TS
2020-10-04,0.0,30.5,22.8,4.43,0.327,Hyderabad,TS
2020-10-05,0.0,30.2,22.2,4.93,0.313,Hyderabad,TS
2020-10-06,0.0,31.4,21.9,4.92,0.297,Hyderabad,TS
2020-10-07,1.0,28.4,21.9,3.56,0.286,Hyderabad,TS
2020-10-08,2.5,28.8,21.2,3.31,0.285,Hyderabad,TS
2020-10-09,8.2,29.5,22.3,3.17,0.32,Hyderabad,TS
2020-10-10,5.9,29.5,22.1,3.11,0.326,Hyderabad,TS
2020-10-11,40.7,26.5,22.3,1.63,0.391,Hyderabad,TS
2020-10-12,11.7,26.4,22.3,1.99,0.417,Hyderabad,TS
2020-10-13,80.5,24.1,22.2,0.86,0.43,Hyderabad,TS
2020-10-14,13.7,27.7,22.3,2.34,0.425,Hyderabad,TS
2020-10-15,1.4,28.1,22.3,3.05,0.412,Hyderabad,TS
2020-10-16,0.0,29.4,22.0,3.91,0.394,Hyderabad,TS
2020-10-17,2.3,28.9,21.3,3.5,0.382,Hyderabad,TS
2020-10-18,3.8,29.3,22.2,3.33,0.386,Hyderabad,TS
2020-10-19,1.1,29.4,22.1,3.59,0.369,Hyderabad,TS
2020-10-20,13.3,28.1,22.4,2.02,0.403,Hyderabad,TS
2020-10-21,8.1,27.8,22.4,2.31,0.41,Hyderabad,TS
2020-10-22,0.0,30.1,21.2,4.45,0.385,Hyderabad,TS
2020-10-23,0.0,30.4,20.1,4.58,0.367,Hyderabad,TS
2020-10-24,0.0,30.6,20.3,4.5,0.352,Hyderabad,TS
2020-10-25,0.0,29.5,22.0,4.18,0.337,Hyderabad,TS
2020-10-26,0.0,29.5,20.6,4.28,0.324,Hyderabad,TS
2020-10-27,0.0,28.6,19.0,4.24,0.302,Hyderabad,TS
2020-10-28,0.0,29.2,19.1,4.19,0.285,Hyderabad,TS
2020-10-29,0.0,29.0,18.7,4.2,0.27,Hyderabad,TS
2020-10-30,0.0,28.4,20.9,3.53,0.253,Hyderabad,TS
2020-10-31,0.0,29.5,19.8,4.64,0.241,Hyderabad,TS
2020-11-01,0.0,29.8,19.4,4.75,0.23,Hyderabad,TS
2020-11-02,0.0,30.5,18.9,4.74,0.218,Hyderabad,TS
2020-11-03,0.0,30.1,20.0,4.62,0.207,Hyderabad,TS
2020-11-04,0.0,29.8,19.1,4.95,0.2,Hyderabad,TS
2020-11-05,0.0,29.7,17.4,5.0,0.189,Hyderabad,TS
2020-11-06,0.0,29.3,17.1,4.48,0.184,Hyderabad,TS
2020-11-07,0.0,30.0,20.1,4.22,0.178,Hyderabad,TS
2020-11-08,0.0,29.5,18.1,5.0,0.174,Hyderabad,TS
2020-11-09,0.0,28.2,15.4,5.12,0.174,Hyderabad,TS
2020-11-10,0.0,27.7,15.8,4.85,0.172,Hyderabad,TS
2020-11-11,0.0,28.9,14.2,4.75,0.169,Hyderabad,TS
2020-11-12,0.9,27.9,19.4,3.11,0.17,Hyderabad,TS
2020-11-13,0.1,29.1,20.6,3.82,0.173,Hyderabad,TS
2020-11-14,0.0,30.0,18.6,4.48,0.174,Hyderabad,TS
2020-11-15,0.0,29.6,18.0,4.19,0.173,Hyderabad,TS
2020-11-16,0.0,28.1,20.7,3.7,0.17,Hyderabad,TS
2020-11-17,0.0,29.9,19.1,4.79,0.164,Hyderabad,TS
2020-11-18,0.0,29.9,18.5,4.09,0.16,Hyderabad,TS
2020-11-19,0.0,29.5,21.1,3.92,0.16,Hyderabad,TS
2020-11-20,0.0,30.4,17.9,4.38,0.158,Hyderabad,TS
2020-11-21,0.0,30.1,18.2,4.07,0.154,Hyderabad,TS
2020-11-22,0.2,28.7,19.0,3.47,0.154,Hyderabad,TS
2020-11-23,0.0,29.1,18.9,4.31,0.156,Hyderabad,TS
2020-11-24,0.0,28.6,16.9,4.64,0.158,Hyderabad,TS
2020-11-25,0.0,28.2,16.3,4.56,0.168,Hyderabad,TS
2020-11-26,2.1,26.1,19.4,2.48,0.176,Hyderabad,TS
2020-11-27,13.1,20.1,18.1,1.15,0.265,Hyderabad,TS
2020-11-28,7.7,24.9,17.7,1.86,0.361,Hyderabad,TS
2020-11-29,0.0,26.6,18.7,2.99,0.325,Hyderabad,TS
2020-11-30,0.0,27.6,18.2,3.27,0.301,Hyderabad,TS
2020-12-01,0.0,27.1,17.1,3.51,0.285,Hyderabad,TS
2020-12-02,0.0,27.8,15.7,3.96,0.271,Hyderabad,TS
2020-12-03,0.0,28.0,15.0,4.03,0.256,Hyderabad,TS
2020-12-04,0.0,28.1,15.6,4.16,0.246,Hyderabad,TS
2020-12-05,0.0,27.7,14.4,4.29,0.236,Hyderabad,TS
2020-12-06,0.0,27.6,14.1,4.12,0.226,Hyderabad,TS
2020-12-07,0.0,28.0,15.8,4.1,0.218,Hyderabad,TS
2020-12-08,0.0,27.7,15.6,4.26,0.211,Hyderabad,TS
2020-12-09,0.0,27.6,17.1,4.19,0.202,Hyderabad,TS
2020-12-10,0.0,27.8,15.6,4.05,0.192,Hyderabad,TS
2020-12-11,0.0,28.5,15.2,4.06,0.181,Hyderabad,TS
2020-12-12,0.0,28.2,16.2,3.96,0.174,Hyderabad,TS
2020-12-13,0.0,27.9,15.4,3.9,0.169,Hyderabad,TS
2020-12-14,0.0,28.4,15.4,4.15,0.164,Hyderabad,TS
2020-12-15,0.0,27.5,15.6,3.95,0.16,Hyderabad,TS
2020-12-16,0.0,27.7,16.9,3.67,0.161,Hyderabad,TS
2020-12-17,0.0,28.4,16.6,3.44,0.16,Hyderabad,TS
2020-12-18,0.0,27.9,17.9,3.74,0.16,Hyderabad,TS
2020-12-19,0.0,27.3,16.4,4.21,0.163,Hyderabad,TS
2020-12-20,0.0,27.0,15.3,4.39,0.163,Hyderabad,TS
2020-12-21,0.0,26.7,13.0,4.39,0.166,Hyderabad,TS
2020-12-22,0.0,26.3,11.7,4.01,0.164,Hyderabad,TS
2020-12-23,0.0,26.4,13.3,3.9,0.162,Hyderabad,TS
2020-12-24,0.0,26.7,14.2,3.86,0.161,Hyderabad,TS
2020-12-25,0.0,26.1,13.9,3.62,0.161,Hyderabad,TS
2020-12-26,0.0,26.7,15.9,3.63,0.164,Hyderabad,TS
2020-12-27,0.0,27.4,16.1,3.74,0.163,Hyderabad,TS
2020-12-28,0.0,28.1,14.3,3.89,0.158,Hyderabad,TS
2020-12-29,0.0,27.9,15.1,4.08,0.155,Hyderabad,TS
2020-12-30,0.0,27.3,14.6,3.85,0.156,Hyderabad,TS
2020-12-31,0.0,26.4,17.1,3.11,0.159,Hyderabad,TS
2021-01-01,0.0,26.7,17.8,3.51,0.166,Hyderabad,TS
2021-01-02,0.0,26.1,14.4,3.71,0.177,Hyderabad,TS
2021-01-03,0.0,26.2,14.1,3.75,0.183,Hyderabad,TS
2021-01-04,0.0,26.3,15.7,4.12,0.186,Hyderabad,TS
2021-01-05,0.0,27.1,15.0,3.68,0.187,Hyderabad,TS
2021-01-06,1.2,24.7,19.7,1.55,0.19,Hyderabad,TS
2021-01-07,3.4,24.0,18.5,1.95,0.224,Hyderabad,TS
2021-01-08,0.0,28.8,17.7,3.79,0.218,Hyderabad,TS
2021-01-09,0.0,27.6,18.0,3.89,0.211,Hyderabad,TS
2021-01-10,0.0,28.4,16.8,4.18,0.207,Hyderabad,TS
2021-01-11,0.0,29.4,17.5,4.15,0.201,Hyderabad,TS
2021-01-12,0.0,29.4,16.9,3.9,0.201,Hyderabad,TS
2021-01-13,0.0,28.6,17.2,4.02,0.198,Hyderabad,TS
2021-01-14,0.0,28.3,18.0,4.08,0.193,Hyderabad,TS
2021-01-15,0.0,28.0,17.3,3.96,0.188,Hyderabad,TS
2021-01-16,0.0,28.4,16.0,3.94,0.186,Hyderabad,TS
2021-01-17,0.0,28.1,17.2,4.01,0.189,Hyderabad,TS
2021-01-18,0.0,27.4,16.9,3.81,0.191,Hyderabad,TS
2021-01-19,0.0,28.0,15.5,4.02,0.188,Hyderabad,TS
2021-01-20,0.0,29.2,15.7,4.32,0.185,Hyderabad,TS
2021-01-21,0.0,29.7,16.6,4.11,0.184,Hyderabad,TS
2021-01-22,0.0,29.2,19.4,4.09,0.183,Hyderabad,TS
2021-01-23,0.0,29.4,18.4,4.14,0.185,Hyderabad,TS
2021-01-24,0.0,29.3,16.5,4.17,0.186,Hyderabad,TS
2021-01-25,0.0,29.7,16.8,4.36,0.182,Hyderabad,TS
2021-01-26,0.0,29.6,17.2,4.27,0.188,Hyderabad,TS
2021-01-27,0.0,29.2,17.4,4.34,0.196,Hyderabad,TS
2021-01-28,0.0,28.6,18.9,4.33,0.187,Hyderabad,TS
2021-01-29,0.0,28.9,16.5,4.31,0.182,Hyderabad,TS
2021-01-30,0.0,28.0,17.1,3.49,0.182,Hyderabad,TS
2021-01-31,0.0,27.5,18.7,3.69,0.182,Hyderabad,TS
2021-02-01,0.0,26.9,17.7,3.83,0.19,Hyderabad,TS
2021-02-02,0.0,27.9,15.2,4.64,0.188,Hyderabad,TS
2021-02-03,0.0,28.0,14.7,4.64,0.182,Hyderabad,TS
2021-02-04,0.0,27.5,14.8,4.7,0.178,Hyderabad,TS
2021-02-05,0.0,28.1,14.3,4.54,0.17,Hyderabad,TS
2021-02-06,0.0,28.6,15.0,4.68,0.165,Hyderabad,TS
2021-02-07,0.0,27.6,16.5,4.71,0.162,Hyderabad,TS
2021-02-08,0.0,27.4,14.4,5.0,0.153,Hyderabad,TS
2021-02-09,0.0,28.4,16.5,4.65,0.151,Hyderabad,TS
2021-02-10,0.0,29.1,14.6,4.75,0.148,Hyderabad,TS
2021-02-11,0.0,29.8,15.4,5.03,0.146,Hyderabad,TS
2021-02-12,0.0,29.3,16.2,4.86,0.145,Hyderabad,TS
2021-02-13,0.0,29.4,15.8,5.0,0.142,Hyderabad,TS
2021-02-14,0.0,30.0,15.7,5.06,0.141,Hyderabad,TS
2021-02-15,0.0,30.8,17.4,5.2,0.139,Hyderabad,TS
2021-02-16,0.0,31.1,18.6,5.64,0.138,Hyderabad,TS
2021-02-17,0.0,30.8,16.9,5.67,0.136,Hyderabad,TS
2021-02-18,0.0,28.9,17.6,5.54,0.134,Hyderabad,TS
2021-02-19,0.5,27.2,17.6,4.27,0.133,Hyderabad,TS
2021-02-20,0.0,28.0,17.3,4.41,0.137,Hyderabad,TS
2021-02-21,0.0,27.3,17.5,4.06,0.135,Hyderabad,TS
2021-02-22,0.0,30.4,18.6,4.59,0.135,Hyderabad,TS
2021-02-23,0.0,31.2,17.1,5.18,0.141,Hyderabad,TS
2021-02-24,0.0,31.8,16.6,5.36,0.147,Hyderabad,TS
2021-02-25,0.0,32.7,16.8,5.68,0.143,Hyderabad,TS
2021-02-26,0.0,33.2,17.0,5.66,0.134,Hyderabad,TS
2021-02-27,0.0,33.5,19.3,5.64,0.138,Hyderabad,TS
2021-02-28,0.0,34.0,17.9,5.52,0.133,Hyderabad,TS
2021-03-01,0.0,33.9,18.6,5.25,0.134,Hyderabad,TS
2021-03-02,0.0,33.7,20.2,5.53,0.132,Hyderabad,TS
2021-03-03,0.0,33.7,18.3,6.22,0.131,Hyderabad,TS
2021-03-04,0.0,33.4,20.6,6.06,0.126,Hyderabad,TS
2021-03-05,0.0,34.0,18.2,6.51,0.127,Hyderabad,TS
2021-03-06,0.0,34.3,17.5,6.38,0.126,Hyderabad,TS
2021-03-07,0.0,34.4,19.4,6.37,0.125,Hyderabad,TS
2021-03-08,0.0,34.2,20.5,6.67,0.124,Hyderabad,TS
2021-03-09,0.0,33.9,19.1,6.36,0.124,Hyderabad,TS
2021-03-10,0.0,34.3,19.2,6.74,0.123,Hyderabad,TS
2021-03-11,0.0,34.5,19.4,6.99,0.125,Hyderabad,TS
2021-03-12,0.0,34.0,19.8,6.59,0.137,Hyderabad,TS
2021-03-13,0.0,33.2,16.3,6.78,0.135,Hyderabad,TS
2021-03-14,0.0,33.6,18.3,6.61,0.132,Hyderabad,TS
2021-03-15,0.0,34.2,18.3,6.62,0.128,Hyderabad,TS
2021-03-16,0.0,34.7,20.1,6.5,0.133,Hyderabad,TS
2021-03-17,0.0,35.3,20.6,5.67,0.127,Hyderabad,TS
2021-03-18,0.0,34.7,21.2,6.26,0.122,Hyderabad,TS
2021-03-19,0.0,35.1,21.3,6.33,0.124,Hyderabad,TS
2021-03-20,0.0,34.3,20.5,6.59,0.123,Hyderabad,TS
2021-03-21,0.0,35.0,20.4,6.15,0.123,Hyderabad,TS
2021-03-22,0.0,35.2,21.9,5.94,0.125,Hyderabad,TS
2021-03-23,0.0,34.6,22.9,6.65,0.124,Hyderabad,TS
2021-03-24,0.0,34.9,22.4,6.13,0.123,Hyderabad,TS
2021-03-25,0.0,35.4,22.8,6.1,0.123,Hyderabad,TS
2021-03-26,0.0,36.5,22.1,6.58,0.118,Hyderabad,TS
2021-03-27,0.0,36.9,22.2,6.49,0.121,Hyderabad,TS
2021-03-28,0.0,36.5,22.7,6.33,0.121,Hyderabad,TS
2021-03-29,0.0,37.5,21.9,6.61,0.121,Hyderabad,TS
2021-03-30,0.0,38.1,23.8,7.49,0.128,Hyderabad,TS
2021-03-31,0.0,38.2,23.2,8.01,0.131,Hyderabad,TS
2021-04-01,0.0,37.6,20.5,7.52,0.131,Hyderabad,TS
2021-04-02,0.0,37.1,21.2,7.45,0.128,Hyderabad,TS
2021-04-03,0.0,38.2,21.1,6.25,0.125,Hyderabad,TS
2021-04-04,0.0,36.7,22.5,6.25,0.121,Hyderabad,TS
2021-04-05,0.0,36.0,22.2,6.55,0.118,Hyderabad,TS
2021-04-06,0.0,37.6,22.3,7.05,0.123,Hyderabad,TS
2021-04-07,0.0,35.8,22.4,5.36,0.121,Hyderabad,TS
2021-04-08,0.0,36.3,23.6,5.56,0.118,Hyderabad,TS
2021-04-09,0.0,35.5,23.0,5.48,0.124,Hyderabad,TS
2021-04-10,0.0,35.0,25.1,6.52,0.126,Hyderabad,TS
2021-04-11,0.0,35.4,22.9,6.09,0.13,Hyderabad,TS
2021-04-12,0.1,34.9,23.6,5.4,0.137,Hyderabad,TS
2021-04-13,2.9,34.6,23.6,5.32,0.144,Hyderabad,TS
2021-04-14,1.8,31.7,21.3,3.09,0.159,Hyderabad,TS
2021-04-15,0.0,33.3,20.7,5.45,0.153,Hyderabad,TS
2021-04-16,0.0,35.0,21.2,6.1,0.151,Hyderabad,TS
2021-04-17,0.0,35.2,21.9,6.0,0.152,Hyderabad,TS
2021-04-18,0.0,35.2,23.3,5.45,0.151,Hyderabad,TS
2021-04-19,0.0,35.3,23.3,5.81,0.15,Hyderabad,TS
2021-04-20,0.0,34.9,24.2,5.86,0.151,Hyderabad,TS
2021-04-21,0.1,35.9,23.9,5.85,0.151,Hyderabad,TS
2021-04-22,0.0,34.6,22.9,5.58,0.148,Hyderabad,TS
2021-04-23,0.0,35.1,23.8,5.64,0.148,Hyderabad,TS
2021-04-24,0.0,35.5,23.5,6.17,0.148,Hyderabad,TS
2021-04-25,0.0,36.1,23.2,6.31,0.148,Hyderabad,TS
2021-04-26,0.0,35.1,24.3,5.85,0.146,Hyderabad,TS
2021-04-27,0.0,36.1,24.0,6.13,0.14,Hyderabad,TS
2021-04-28,0.0,36.3,23.7,6.09,0.137,Hyderabad,TS
2021-04-29,0.0,36.4,23.4,5.39,0.143,Hyderabad,TS
2021-04-30,0.0,36.2,22.5,6.15,0.145,Hyderabad,TS
2021-05-01,0.0,36.4,22.9,6.59,0.144,Hyderabad,TS
2021-05-02,0.0,34.9,22.9,6.17,0.149,Hyderabad,TS
2021-05-03,0.0,34.4,23.6,5.65,0.147,Hyderabad,TS
2021-05-04,0.0,34.6,23.6,4.98,0.145,Hyderabad,TS
2021-05-05,0.0,35.4,24.2,5.8,0.149,Hyderabad,TS
2021-05-06,0.0,34.8,25.2,6.11,0.146,Hyderabad,TS
2021-05-07,0.0,34.5,24.0,5.69,0.141,Hyderabad,TS
2021-05-08,0.0,35.3,25.0,5.86,0.143,Hyderabad,TS
2021-05-09,0.1,35.3,25.1,5.78,0.14,Hyderabad,TS
2021-05-10,0.1,35.1,25.6,5.18,0.132,Hyderabad,TS
2021-05-11,0.9,35.7,25.9,5.38,0.127,Hyderabad,TS
2021-05-12,0.0,37.0,25.3,6.51,0.127,Hyderabad,TS
2021-05-13,0.1,35.6,27.0,6.09,0.131,Hyderabad,TS
2021-05-14,0.4,35.2,26.8,5.23,0.146,Hyderabad,TS
2021-05-15,0.7,34.2,24.6,6.07,0.173,Hyderabad,TS
2021-05-16,11.3,32.9,24.3,4.6,0.195,Hyderabad,TS
2021-05-17,0.7,33.8,23.7,5.57,0.256,Hyderabad,TS
2021-05-18,2.2,33.9,24.0,5.85,0.238,Hyderabad,TS
2021-05-19,0.1,34.8,25.4,6.43,0.209,Hyderabad,TS
2021-05-20,0.3,34.0,24.1,5.89,0.225,Hyderabad,TS
2021-05-21,0.0,35.5,24.9,6.18,0.212,Hyderabad,TS
2021-05-22,0.0,35.6,24.3,5.69,0.196,Hyderabad,TS
2021-05-23,0.0,36.3,26.0,6.97,0.183,Hyderabad,TS
2021-05-24,0.0,36.7,25.2,7.34,0.173,Hyderabad,TS
2021-05-25,0.0,36.7,26.0,7.99,0.164,Hyderabad,TS
2021-05-26,0.0,37.0,26.1,7.82,0.155,Hyderabad,TS
2021-05-27,0.0,35.5,26.0,8.28,0.15,Hyderabad,TS
2021-05-28,0.5,34.4,25.6,6.63,0.155,Hyderabad,TS
2021-05-29,0.2,36.5,25.2,6.05,0.153,Hyderabad,TS
2021-05-30,0.0,35.9,24.9,6.31,0.142,Hyderabad,TS
2021-05-31,1.2,35.8,26.6,6.01,0.131,Hyderabad,TS
2021-06-01,1.3,35.4,25.1,5.73,0.128,Hyderabad,TS
2021-06-02,12.4,32.9,23.7,4.17,0.247,Hyderabad,TS
2021-06-03,2.5,30.8,23.8,2.94,0.315,Hyderabad,TS
2021-06-04,0.0,31.8,23.3,4.04,0.29,Hyderabad,TS
2021-06-05,1.9,32.3,23.9,4.82,0.258,Hyderabad,TS
2021-06-06,2.1,32.1,22.9,4.99,0.259,Hyderabad,TS
2021-06-07,2.1,32.0,24.3,5.31,0.24,Hyderabad,TS
2021-06-08,1.3,33.2,24.6,6.06,0.222,Hyderabad,TS
2021-06-09,3.8,31.0,23.7,4.24,0.224,Hyderabad,TS
2021-06-10,0.3,31.4,23.4,5.41,0.22,Hyderabad,TS
2021-06-11,2.2,29.1,22.4,3.79,0.277,Hyderabad,TS
2021-06-12,1.2,32.5,23.1,5.5,0.27,Hyderabad,TS
2021-06-13,2.2,32.0,23.3,4.12,0.263,Hyderabad,TS
2021-06-14,10.3,30.9,23.0,3.54,0.292,Hyderabad,TS
2021-06-15,1.0,31.5,24.1,4.76,0.25,Hyderabad,TS
2021-06-16,2.9,28.4,23.1,3.12,0.247,Hyderabad,TS
2021-06-17,3.4,29.1,22.6,3.19,0.267,Hyderabad,TS
2021-06-18,0.7,29.2,23.3,4.14,0.303,Hyderabad,TS
2021-06-19,0.8,29.0,23.5,4.26,0.284,Hyderabad,TS
2021-06-20,0.0,31.7,23.2,5.71,0.269,Hyderabad,TS
2021-06-21,0.0,32.4,22.7,6.52,0.242,Hyderabad,TS
2021-06-22,0.0,33.4,24.8,6.36,0.22,Hyderabad,TS
2021-06-23,0.3,32.4,24.8,4.98,0.206,Hyderabad,TS
2021-06-24,3.7,28.9,23.3,2.62,0.21,Hyderabad,TS
2021-06-25,0.2,29.9,23.1,4.59,0.22,Hyderabad,TS
2021-06-26,1.6,32.0,24.0,4.91,0.219,Hyderabad,TS
2021-06-27,8.2,28.2,22.3,3.09,0.297,Hyderabad,TS
2021-06-28,2.3,31.6,22.3,4.25,0.288,Hyderabad,TS
2021-06-29,0.0,32.9,23.5,5.42,0.263,Hyderabad,TS
2021-06-30,0.1,33.8,24.6,5.95,0.236,Hyderabad,TS
2021-07-01,1.6,31.6,24.9,3.53,0.221,Hyderabad,TS
2021-07-02,23.8,28.4,22.6,2.28,0.348,Hyderabad,TS
2021-07-03,0.0,32.1,24.0,5.05,0.304,Hyderabad,TS
2021-07-04,0.0,32.5,24.5,5.24,0.271,Hyderabad,TS
2021-07-05,0.0,32.4,24.7,4.7,0.251,Hyderabad,TS
2021-07-06,0.9,31.9,23.7,4.71,0.263,Hyderabad,TS
2021-07-07,7.7,32.2,23.9,4.3,0.27,Hyderabad,TS
2021-07-08,19.4,26.1,23.3,1.47,0.379,Hyderabad,TS
2021-07-09,14.4,28.8,23.2,2.95,0.378,Hyderabad,TS
2021-07-10,5.2,29.3,22.6,3.54,0.366,Hyderabad,TS
2021-07-11,9.3,29.2,23.2,2.79,0.389,Hyderabad,TS
2021-07-12,14.1,28.7,22.7,2.99,0.4,Hyderabad,TS
2021-07-13,13.1,28.3,22.4,3.55,0.409,Hyderabad,TS
2021-07-14,4.5,27.2,22.4,3.04,0.408,Hyderabad,TS
2021-07-15,4.5,27.7,22.2,3.47,0.399,Hyderabad,TS
2021-07-16,5.0,29.8,22.6,3.33,0.398,Hyderabad,TS
2021-07-17,7.7,30.1,22.7,4.23,0.392,Hyderabad,TS
2021-07-18,9.2,30.3,22.6,4.1,0.403,Hyderabad,TS
2021-07-19,1.3,28.2,22.9,4.32,0.391,Hyderabad,TS
2021-07-20,1.6,29.3,23.0,4.45,0.364,Hyderabad,TS
2021-07-21,43.8,24.2,22.5,1.54,0.407,Hyderabad,TS
2021-07-22,39.3,24.7,21.9,1.47,0.428,Hyderabad,TS
2021-07-23,7.4,25.8,21.9,2.13,0.416,Hyderabad,TS
2021-07-24,0.2,29.4,22.2,4.42,0.397,Hyderabad,TS
2021-07-25,1.7,29.9,22.7,4.55,0.379,Hyderabad,TS
2021-07-26,0.0,30.0,22.8,5.25,0.36,Hyderabad,TS
2021-07-27,0.2,29.5,22.7,5.24,0.339,Hyderabad,TS
2021-07-28,0.1,29.1,22.5,5.04,0.325,Hyderabad,TS
2021-07-29,0.0,28.7,23.0,4.32,0.314,Hyderabad,TS
2021-07-30,0.5,29.0,23.1,3.95,0.313,Hyderabad,TS
2021-07-31,1.1,29.6,22.3,4.62,0.324,Hyderabad,TS
2021-08-01,0.4,28.5,22.5,4.23,0.317,Hyderabad,TS
2021-08-02,0.7,29.8,22.2,4.82,0.306,Hyderabad,TS
2021-08-03,0.3,29.5,22.1,4.77,0.298,Hyderabad,TS
2021-08-04,1.0,29.7,22.9,4.87,0.289,Hyderabad,TS
2021-08-05,2.6,29.2,23.0,4.42,0.287,Hyderabad,TS
2021-08-06,0.5,29.8,22.9,4.68,0.281,Hyderabad,TS
2021-08-07,0.0,31.4,23.4,5.45,0.27,Hyderabad,TS
2021-08-08,1.7,30.3,23.4,4.61,0.264,Hyderabad,TS
2021-08-09,1.2,31.3,23.4,4.88,0.267,Hyderabad,TS
2021-08-10,0.2,31.3,24.3,5.01,0.249,Hyderabad,TS
2021-08-11,0.3,31.7,24.5,5.36,0.239,Hyderabad,TS
2021-08-12,7.5,30.0,24.4,4.28,0.248,Hyderabad,TS
2021-08-13,0.4,29.6,23.2,3.92,0.258,Hyderabad,TS
2021-08-14,0.0,31.3,24.1,5.46,0.237,Hyderabad,TS
2021-08-15,2.2,30.4,23.2,4.89,0.233,Hyderabad,TS
2021-08-16,4.9,27.1,22.8,2.11,0.302,Hyderabad,TS
2021-08-17,22.5,24.4,22.6,1.26,0.382,Hyderabad,TS
2021-08-18,2.9,27.9,22.2,3.06,0.362,Hyderabad,TS
2021-08-19,0.9,29.3,22.6,4.66,0.338,Hyderabad,TS
2021-08-20,1.4,28.3,22.4,3.54,0.326,Hyderabad,TS
2021-08-21,6.1,28.0,22.3,3.11,0.344,Hyderabad,TS
2021-08-22,2.4,30.0,22.1,4.66,0.324,Hyderabad,TS
2021-08-23,0.6,30.8,22.3,4.84,0.315,Hyderabad,TS
2021-08-24,1.3,30.7,22.8,4.54,0.326,Hyderabad,TS
2021-08-25,2.9,30.0,23.4,3.84,0.314,Hyderabad,TS
2021-08-26,9.4,29.7,22.3,3.66,0.344,Hyderabad,TS
2021-08-27,6.1,29.5,23.1,3.63,0.348,Hyderabad,TS
2021-08-28,9.9,27.4,22.9,2.29,0.356,Hyderabad,TS
2021-08-29,3.0,28.8,22.3,3.59,0.355,Hyderabad,TS
2021-08-30,8.8,26.6,22.4,2.26,0.383,Hyderabad,TS
2021-08-31,10.2,28.0,22.3,3.06,0.413,Hyderabad,TS
2021-09-01,2.5,28.7,22.3,3.42,0.401,Hyderabad,TS
2021-09-02,3.1,29.5,22.0,3.87,0.387,Hyderabad,TS
2021-09-03,6.6,28.1,22.5,2.7,0.4,Hyderabad,TS
2021-09-04,9.9,28.2,22.3,3.21,0.412,Hyderabad,TS
2021-09-05,3.3,28.4,22.1,3.6,0.414,Hyderabad,TS
2021-09-06,9.3,25.8,22.4,1.91,0.418,Hyderabad,TS
2021-09-07,47.8,24.5,22.0,1.35,0.425,Hyderabad,TS
2021-09-08,3.9,28.6,22.6,4.17,0.403,Hyderabad,TS
2021-09-09,0.0,29.4,22.3,4.43,0.383,Hyderabad,TS
2021-09-10,0.2,29.0,22.4,4.2,0.366,Hyderabad,TS
2021-09-11,0.4,28.0,22.6,3.46,0.353,Hyderabad,TS
2021-09-12,1.2,29.7,22.5,4.13,0.34,Hyderabad,TS
2021-09-13,3.3,29.0,23.1,3.53,0.342,Hyderabad,TS
2021-09-14,2.1,28.5,22.7,3.42,0.346,Hyderabad,TS
2021-09-15,0.0,28.8,22.4,4.19,0.327,Hyderabad,TS
2021-09-16,0.0,28.8,22.0,4.43,0.313,Hyderabad,TS
2021-09-17,0.0,29.5,21.8,4.6,0.293,Hyderabad,TS
2021-09-18,0.0,28.6,22.9,3.08,0.281,Hyderabad,TS
2021-09-19,12.9,29.0,22.9,3.6,0.302,Hyderabad,TS
2021-09-20,14.9,29.0,23.0,3.11,0.39,Hyderabad,TS
2021-09-21,7.3,26.7,22.1,2.85,0.385,Hyderabad,TS
2021-09-22,4.9,27.7,22.3,3.03,0.373,Hyderabad,TS
2021-09-23,20.2,27.1,22.2,2.3,0.416,Hyderabad,TS
2021-09-24,1.8,28.7,22.2,3.57,0.402,Hyderabad,TS
2021-09-25,6.1,28.6,22.6,3.57,0.393,Hyderabad,TS
2021-09-26,6.5,28.2,22.2,3.17,0.392,Hyderabad,TS
2021-09-27,39.2,24.3,22.5,1.18,0.42,Hyderabad,TS
2021-09-28,9.0,27.8,22.0,2.98,0.416,Hyderabad,TS
2021-09-29,0.4,28.9,21.6,3.75,0.393,Hyderabad,TS
2021-09-30,4.6,28.9,22.3,3.68,0.383,Hyderabad,TS
2021-10-01,5.3,29.9,22.5,4.1,0.384,Hyderabad,TS
2021-10-02,2.8,29.5,22.2,3.94,0.382,Hyderabad,TS
2021-10-03,2.1,29.5,22.9,3.92,0.365,Hyderabad,TS
2021-10-04,5.1,30.2,23.2,4.01,0.357,Hyderabad,TS
2021-10-05,4.0,29.9,22.4,3.8,0.359,Hyderabad,TS
2021-10-06,2.1,29.2,22.8,3.81,0.348,Hyderabad,TS
2021-10-07,0.4,29.9,22.5,3.74,0.33,Hyderabad,TS
2021-10-08,12.4,29.9,22.8,3.49,0.364,Hyderabad,TS
2021-10-09,8.5,29.3,22.5,3.43,0.4,Hyderabad,TS
2021-10-10,4.6,29.4,22.5,3.66,0.387,Hyderabad,TS
2021-10-11,0.0,30.5,21.6,4.73,0.362,Hyderabad,TS
2021-10-12,0.0,30.1,19.2,4.25,0.323,Hyderabad,TS
2021-10-13,0.0,30.7,20.8,4.16,0.257,Hyderabad,TS
2021-10-14,0.0,31.3,22.0,4.31,0.244,Hyderabad,TS
2021-10-15,0.0,30.8,22.0,4.49,0.229,Hyderabad,TS
2021-10-16,11.6,28.0,22.2,2.38,0.29,Hyderabad,TS
2021-10-17,1.6,29.5,21.6,3.25,0.329,Hyderabad,TS
2021-10-18,0.0,30.9,22.9,5.09,0.295,Hyderabad,TS
2021-10-19,0.0,31.6,21.9,4.66,0.269,Hyderabad,TS
2021-10-20,0.0,31.5,20.4,4.72,0.247,Hyderabad,TS
2021-10-21,0.0,30.9,19.9,5.06,0.226,Hyderabad,TS
2021-10-22,0.0,30.9,19.7,4.92,0.211,Hyderabad,TS
2021-10-23,0.0,31.3,19.7,5.01,0.197,Hyderabad,TS
2021-10-24,0.0,30.9,20.4,4.21,0.19,Hyderabad,TS
2021-10-25,0.0,30.3,19.9,5.08,0.184,Hyderabad,TS
2021-10-26,0.0,29.8,18.0,5.33,0.178,Hyderabad,TS
2021-10-27,0.0,29.7,18.2,5.55,0.174,Hyderabad,TS
2021-10-28,0.0,29.9,18.5,4.4,0.17,Hyderabad,TS
2021-10-29,0.0,30.9,21.3,5.06,0.167,Hyderabad,TS
2021-10-30,1.0,30.4,21.4,4.08,0.168,Hyderabad,TS
2021-10-31,0.0,31.3,21.0,4.09,0.214,Hyderabad,TS
2021-11-01,0.1,29.7,20.3,4.14,0.212,Hyderabad,TS
2021-11-02,16.2,29.2,21.4,3.14,0.225,Hyderabad,TS
2021-11-03,1.4,28.4,21.3,2.98,0.228,Hyderabad,TS
2021-11-04,1.0,29.2,20.7,3.64,0.237,Hyderabad,TS
2021-11-05,0.0,29.3,20.3,3.73,0.223,Hyderabad,TS
2021-11-06,0.0,29.7,18.9,4.48,0.212,Hyderabad,TS
2021-11-07,0.0,29.1,17.8,4.51,0.199,Hyderabad,TS
2021-11-08,0.0,29.0,17.9,4.74,0.189,Hyderabad,TS
2021-11-09,0.0,29.1,18.4,4.99,0.182,Hyderabad,TS
2021-11-10,0.0,29.9,19.0,4.91,0.175,Hyderabad,TS
2021-11-11,3.9,26.3,19.9,3.06,0.174,Hyderabad,TS
2021-11-12,2.0,26.3,19.7,2.22,0.246,Hyderabad,TS
2021-11-13,1.2,28.4,21.1,3.0,0.248,Hyderabad,TS
2021-11-14,4.4,29.4,21.6,3.0,0.249,Hyderabad,TS
2021-11-15,1.0,29.8,21.8,3.76,0.245,Hyderabad,TS
2021-11-16,5.0,27.2,21.6,2.93,0.246,Hyderabad,TS
2021-11-17,1.8,28.6,21.1,2.86,0.244,Hyderabad,TS
2021-11-18,1.3,26.3,20.0,1.66,0.247,Hyderabad,TS
2021-11-19,4.9,25.0,21.2,1.64,0.258,Hyderabad,TS
2021-11-20,4.9,27.8,21.3,2.32,0.29,Hyderabad,TS
2021-11-21,3.8,27.3,21.8,2.63,0.309,Hyderabad,TS
2021-11-22,0.7,30.0,21.8,3.37,0.291,Hyderabad,TS
2021-11-23,1.0,29.8,20.8,3.52,0.27,Hyderabad,TS
2021-11-24,0.0,30.2,20.8,3.99,0.251,Hyderabad,TS
2021-11-25,0.0,30.2,19.6,4.1,0.23,Hyderabad,TS
2021-11-26,0.0,29.8,17.8,4.66,0.212,Hyderabad,TS
2021-11-27,0.0,28.8,17.6,4.55,0.199,Hyderabad,TS
2021-11-28,0.0,29.0,17.7,4.13,0.189,Hyderabad,TS
2021-11-29,0.3,25.8,20.2,1.98,0.214,Hyderabad,TS
2021-11-30,0.0,28.7,19.5,3.6,0.244,Hyderabad,TS
2021-12-01,0.0,29.0,18.3,3.74,0.228,Hyderabad,TS
2021-12-02,0.0,28.8,18.7,3.43,0.215,Hyderabad,TS
2021-12-03,0.0,29.3,18.9,3.84,0.203,Hyderabad,TS
2021-12-04,0.0,30.9,19.1,4.28,0.192,Hyderabad,TS
2021-12-05,0.0,30.9,19.1,4.4,0.18,Hyderabad,TS
2021-12-06,0.0,30.5,18.1,4.37,0.171,Hyderabad,TS
2021-12-07,0.0,30.0,20.2,4.43,0.163,Hyderabad,TS
2021-12-08,0.0,29.5,18.4,3.82,0.161,Hyderabad,TS
2021-12-09,0.7,29.0,18.7,3.6,0.157,Hyderabad,TS
2021-12-10,0.8,28.1,20.6,3.34,0.161,Hyderabad,TS
2021-12-11,0.1,28.9,19.5,3.61,0.165,Hyderabad,TS
2021-12-12,0.0,29.4,17.9,4.31,0.161,Hyderabad,TS
2021-12-13,0.0,28.7,17.9,3.51,0.162,Hyderabad,TS
2021-12-14,0.1,27.3,18.0,3.12,0.165,Hyderabad,TS
2021-12-15,0.0,26.9,17.3,3.79,0.17,Hyderabad,TS
2021-12-16,0.0,27.8,15.0,4.37,0.168,Hyderabad,TS
2021-12-17,0.0,28.0,13.6,4.38,0.164,Hyderabad,TS
2021-12-18,0.0,27.3,13.0,4.57,0.157,Hyderabad,TS
2021-12-19,0.0,26.7,13.9,4.03,0.153,Hyderabad,TS
2021-12-20,0.0,26.5,13.6,3.86,0.149,Hyderabad,TS
2021-12-21,0.0,27.2,12.3,3.85,0.148,Hyderabad,TS
2021-12-22,0.0,27.5,12.8,3.9,0.153,Hyderabad,TS
2021-12-23,0.0,28.7,15.3,3.78,0.147,Hyderabad,TS
2021-12-24,0.0,29.6,16.3,4.13,0.149,Hyderabad,TS
2021-12-25,0.0,30.0,16.0,4.17,0.148,Hyderabad,TS
2021-12-26,0.0,29.7,16.2,3.91,0.149,Hyderabad,TS
2021-12-27,0.0,29.0,17.3,3.89,0.152,Hyderabad,TS
2021-12-28,0.0,28.6,16.7,4.14,0.158,Hyderabad,TS
2021-12-29,0.0,27.4,16.6,3.67,0.157,Hyderabad,TS
2021-12-30,0.3,26.5,17.5,3.51,0.154,Hyderabad,TS
2021-12-31,0.0,27.9,16.7,3.86,0.152,Hyderabad,TS
2022-01-01,0.0,27.8,16.9,3.77,0.155,Hyderabad,TS
2022-01-02,0.0,27.1,16.9,3.73,0.158,Hyderabad,TS
2022-01-03,0.0,27.3,15.3,3.93,0.155,Hyderabad,TS
2022-01-04,0.0,27.0,14.9,4.0,0.157,Hyderabad,TS
2022-01-05,0.0,27.6,14.8,3.9,0.156,Hyderabad,TS
2022-01-06,0.0,27.5,14.7,4.12,0.157,Hyderabad,TS
2022-01-07,0.0,27.6,16.9,3.99,0.16,Hyderabad,TS
2022-01-08,0.3,27.6,18.0,2.92,0.158,Hyderabad,TS
2022-01-09,0.4,28.7,18.0,3.59,0.159,Hyderabad,TS
2022-01-10,3.0,26.5,18.2,2.8,0.18,Hyderabad,TS
2022-01-11,4.9,26.6,17.3,2.39,0.241,Hyderabad,TS
2022-01-12,1.5,26.1,17.0,2.82,0.287,Hyderabad,TS
2022-01-13,1.1,24.1,18.1,1.78,0.279,Hyderabad,TS
2022-01-14,1.2,27.3,18.3,3.28,0.274,Hyderabad,TS
2022-01-15,1.0,25.2,16.8,2.91,0.261,Hyderabad,TS
2022-01-16,0.1,26.5,16.8,3.33,0.251,Hyderabad,TS
2022-01-17,0.8,24.9,15.8,2.89,0.248,Hyderabad,TS
2022-01-18,0.0,27.0,16.6,3.84,0.236,Hyderabad,TS
2022-01-19,0.0,27.6,14.7,4.22,0.218,Hyderabad,TS
2022-01-20,0.0,29.3,14.9,4.22,0.207,Hyderabad,TS
2022-01-21,0.0,29.9,15.4,4.81,0.196,Hyderabad,TS
2022-01-22,0.0,31.0,15.8,4.6,0.189,Hyderabad,TS
2022-01-23,0.0,28.8,16.6,4.83,0.182,Hyderabad,TS
2022-01-24,0.0,26.6,16.0,4.37,0.174,Hyderabad,TS
2022-01-25,0.0,26.9,14.9,4.22,0.169,Hyderabad,TS
2022-01-26,0.0,27.3,15.0,4.27,0.169,Hyderabad,TS
2022-01-27,0.0,26.9,15.7,4.64,0.17,Hyderabad,TS
2022-01-28,0.0,26.4,13.7,4.56,0.167,Hyderabad,TS
2022-01-29,0.0,27.5,12.0,4.55,0.155,Hyderabad,TS
2022-01-30,0.0,28.9,12.3,4.48,0.147,Hyderabad,TS
2022-01-31,0.0,30.2,16.6,4.57,0.139,Hyderabad,TS
2022-02-01,0.0,31.0,17.3,4.76,0.14,Hyderabad,TS
2022-02-02,0.0,31.2,15.9,4.67,0.143,Hyderabad,TS
2022-02-03,0.0,30.8,17.0,5.21,0.143,Hyderabad,TS
2022-02-04,0.0,28.3,17.2,5.39,0.143,Hyderabad,TS
2022-02-05,0.0,28.4,14.0,4.92,0.143,Hyderabad,TS
2022-02-06,0.0,28.7,14.8,4.93,0.141,Hyderabad,TS
2022-02-07,0.0,30.7,16.3,4.41,0.14,Hyderabad,TS
2022-02-08,0.0,30.6,17.7,4.46,0.138,Hyderabad,TS
2022-02-09,0.0,30.6,18.6,4.9,0.149,Hyderabad,TS
2022-02-10,0.0,30.1,17.7,4.32,0.157,Hyderabad,TS
2022-02-11,0.0,29.3,18.8,4.73,0.168,Hyderabad,TS
2022-02-12,0.0,29.2,17.0,5.23,0.166,Hyderabad,TS
2022-02-13,0.0,28.9,15.2,5.21,0.16,Hyderabad,TS
2022-02-14,0.0,29.6,15.3,4.85,0.155,Hyderabad,TS
2022-02-15,0.0,30.1,17.2,4.58,0.157,Hyderabad,TS
2022-02-16,0.0,30.1,18.0,4.49,0.159,Hyderabad,TS
2022-02-17,0.0,30.7,18.6,5.2,0.159,Hyderabad,TS
2022-02-18,0.0,30.6,19.0,4.73,0.152,Hyderabad,TS
2022-02-19,0.0,31.4,17.4,5.63,0.142,Hyderabad,TS
2022-02-20,0.0,32.4,19.2,5.75,0.136,Hyderabad,TS
2022-02-21,0.0,32.5,18.1,5.6,0.136,Hyderabad,TS
2022-02-22,0.0,32.8,17.6,5.92,0.133,Hyderabad,TS
2022-02-23,0.0,32.0,18.2,5.36,0.129,Hyderabad,TS
2022-02-24,0.0,33.0,18.6,6.01,0.128,Hyderabad,TS
2022-02-25,0.0,33.5,18.3,6.17,0.125,Hyderabad,TS
2022-02-26,0.0,32.0,17.7,6.39,0.127,Hyderabad,TS
2022-02-27,0.0,32.2,18.4,6.23,0.126,Hyderabad,TS
2022-02-28,0.0,32.8,17.8,6.64,0.125,Hyderabad,TS
2022-03-01,0.0,33.4,18.4,6.72,0.125,Hyderabad,TS
2022-03-02,0.0,33.3,18.4,6.01,0.124,Hyderabad,TS
2022-03-03,0.0,33.0,19.2,6.66,0.123,Hyderabad,TS
2022-03-04,0.0,33.5,19.3,6.52,0.123,Hyderabad,TS
2022-03-05,0.0,34.1,19.6,6.24,0.117,Hyderabad,TS
2022-03-06,0.0,33.1,19.4,5.97,0.115,Hyderabad,TS
2022-03-07,0.0,33.1,18.9,5.78,0.114,Hyderabad,TS
2022-03-08,0.0,33.7,20.4,5.27,0.11,Hyderabad,TS
2022-03-09,0.0,34.5,20.7,5.67,0.11,Hyderabad,TS
2022-03-10,0.0,33.8,20.3,5.37,0.11,Hyderabad,TS
2022-03-11,0.0,34.2,21.6,5.27,0.108,Hyderabad,TS
2022-03-12,0.0,33.8,22.4,4.97,0.111,Hyderabad,TS
2022-03-13,0.0,34.8,20.7,6.18,0.123,Hyderabad,TS
2022-03-14,0.0,35.3,20.4,6.93,0.134,Hyderabad,TS
2022-03-15,0.0,36.3,17.9,6.91,0.133,Hyderabad,TS
2022-03-16,0.0,37.3,19.8,7.01,0.131,Hyderabad,TS
2022-03-17,0.0,38.4,20.9,7.32,0.131,Hyderabad,TS
2022-03-18,0.0,37.9,22.7,6.4,0.126,Hyderabad,TS
2022-03-19,0.0,35.4,21.5,5.76,0.126,Hyderabad,TS
2022-03-20,1.6,34.6,20.3,5.42,0.133,Hyderabad,TS
2022-03-21,0.0,36.5,23.6,6.48,0.12,Hyderabad,TS
2022-03-22,0.0,36.1,23.0,5.57,0.117,Hyderabad,TS
2022-03-23,0.0,36.9,22.7,5.57,0.122,Hyderabad,TS
2022-03-24,0.0,35.8,21.9,5.86,0.122,Hyderabad,TS
2022-03-25,0.0,36.9,21.9,5.72,0.125,Hyderabad,TS
2022-03-26,0.0,36.9,22.9,5.61,0.122,Hyderabad,TS
2022-03-27,0.0,37.8,22.7,5.64,0.119,Hyderabad,TS
2022-03-28,0.0,38.3,23.6,5.81,0.108,Hyderabad,TS
2022-03-29,0.0,38.4,23.4,6.86,0.108,Hyderabad,TS
2022-03-30,0.0,38.4,22.6,6.64,0.105,Hyderabad,TS
2022-03-31,0.0,38.7,22.7,6.62,0.105,Hyderabad,TS
2022-04-01,0.0,38.0,22.9,6.27,0.111,Hyderabad,TS
2022-04-02,0.0,37.1,23.4,6.49,0.11,Hyderabad,TS
2022-04-03,0.0,37.7,22.9,6.35,0.106,Hyderabad,TS
2022-04-04,0.0,37.1,24.5,6.25,0.109,Hyderabad,TS
2022-04-05,0.0,37.9,23.9,6.4,0.118,Hyderabad,TS
2022-04-06,0.0,37.4,23.0,6.39,0.125,Hyderabad,TS
2022-04-07,0.0,37.1,23.9,6.39,0.133,Hyderabad,TS
2022-04-08,0.0,38.0,23.9,7.23,0.134,Hyderabad,TS
2022-04-09,0.0,37.4,23.3,6.27,0.133,Hyderabad,TS
2022-04-10,0.0,37.4,23.8,6.57,0.131,Hyderabad,TS
2022-04-11,0.0,38.1,24.2,6.57,0.125,Hyderabad,TS
2022-04-12,0.0,38.9,23.5,7.25,0.116,Hyderabad,TS
2022-04-13,0.0,38.1,23.6,7.13,0.125,Hyderabad,TS
2022-04-14,0.0,38.8,23.7,5.94,0.124,Hyderabad,TS
2022-04-15,2.7,38.0,25.2,5.09,0.129,Hyderabad,TS
2022-04-16,0.0,37.6,26.3,5.99,0.139,Hyderabad,TS
2022-04-17,0.0,37.6,25.4,6.1,0.135,Hyderabad,TS
2022-04-18,0.0,37.9,24.8,6.4,0.135,Hyderabad,TS
2022-04-19,0.0,38.8,24.7,6.84,0.134,Hyderabad,TS
2022-04-20,0.0,39.6,24.9,6.79,0.135,Hyderabad,TS
2022-04-21,0.6,36.6,24.4,5.44,0.139,Hyderabad,TS
2022-04-22,0.1,37.0,24.8,5.47,0.174,Hyderabad,TS
2022-04-23,0.0,35.6,24.4,5.73,0.252,Hyderabad,TS
2022-04-24,0.1,35.3,24.3,6.75,0.227,Hyderabad,TS
2022-04-25,0.0,38.1,25.5,6.36,0.208,Hyderabad,TS
2022-04-26,0.0,37.0,24.5,5.64,0.189,Hyderabad,TS
2022-04-27,0.0,37.5,25.3,6.19,0.179,Hyderabad,TS
2022-04-28,0.0,38.5,24.6,6.55,0.17,Hyderabad,TS
2022-04-29,0.0,39.2,24.5,7.1,0.166,Hyderabad,TS
2022-04-30,0.0,39.3,25.2,7.21,0.154,Hyderabad,TS
2022-05-01,0.0,38.6,26.2,6.6,0.149,Hyderabad,TS
2022-05-02,0.0,38.7,25.5,8.0,0.144,Hyderabad,TS
2022-05-03,0.0,38.3,26.2,6.45,0.134,Hyderabad,TS
2022-05-04,1.9,36.7,25.9,5.58,0.138,Hyderabad,TS
2022-05-05,0.0,37.1,25.4,6.15,0.141,Hyderabad,TS
2022-05-06,0.0,38.7,26.6,7.23,0.137,Hyderabad,TS
2022-05-07,0.0,37.8,24.5,6.48,0.128,Hyderabad,TS
2022-05-08,0.0,37.1,26.9,5.7,0.128,Hyderabad,TS
2022-05-09,0.0,39.0,25.2,6.81,0.131,Hyderabad,TS
2022-05-10,0.0,36.9,23.5,6.15,0.126,Hyderabad,TS
2022-05-11,6.4,29.4,24.3,2.33,0.187,Hyderabad,TS
2022-05-12,0.2,33.0,25.5,4.25,0.272,Hyderabad,TS
2022-05-13,0.6,36.7,23.6,5.92,0.244,Hyderabad,TS
2022-05-14,0.1,38.0,26.1,6.53,0.221,Hyderabad,TS
2022-05-15,0.1,37.2,25.4,6.34,0.2,Hyderabad,TS
2022-05-16,0.0,36.1,25.7,5.97,0.182,Hyderabad,TS
2022-05-17,1.2,35.2,22.8,4.77,0.177,Hyderabad,TS
2022-05-18,0.5,34.9,25.4,5.37,0.176,Hyderabad,TS
2022-05-19,2.9,32.4,24.3,3.96,0.19,Hyderabad,TS
2022-05-20,3.6,33.6,24.2,5.03,0.204,Hyderabad,TS
2022-05-21,0.0,35.1,23.6,6.81,0.238,Hyderabad,TS
2022-05-22,0.0,34.9,24.0,7.94,0.211,Hyderabad,TS
2022-05-23,0.0,35.4,24.5,7.88,0.188,Hyderabad,TS
2022-05-24,0.0,36.7,25.7,7.6,0.169,Hyderabad,TS
2022-05-25,0.0,35.9,25.6,6.76,0.155,Hyderabad,TS
2022-05-26,0.3,36.7,26.2,6.91,0.151,Hyderabad,TS
2022-05-27,0.1,36.1,25.3,7.15,0.157,Hyderabad,TS
2022-05-28,0.0,36.7,25.5,8.04,0.151,Hyderabad,TS
2022-05-29,0.0,37.2,26.3,8.09,0.142,Hyderabad,TS
2022-05-30,0.0,37.2,26.7,7.43,0.138,Hyderabad,TS
2022-05-31,1.1,36.3,24.6,5.98,0.17,Hyderabad,TS
2022-06-01,8.2,35.6,23.0,6.44,0.261,Hyderabad,TS
2022-06-02,0.0,37.8,25.6,6.96,0.225,Hyderabad,TS
2022-06-03,0.0,37.9,25.0,7.23,0.205,Hyderabad,TS
2022-06-04,0.0,38.6,27.3,7.72,0.192,Hyderabad,TS
2022-06-05,0.0,38.3,26.5,6.7,0.179,Hyderabad,TS
2022-06-06,0.8,37.7,26.5,7.47,0.167,Hyderabad,TS
2022-06-07,0.4,38.1,24.7,7.5,0.161,Hyderabad,TS
2022-06-08,0.0,33.8,26.4,4.55,0.164,Hyderabad,TS
2022-06-09,0.5,35.9,24.8,6.92,0.159,Hyderabad,TS
2022-06-10,0.0,35.7,25.9,7.22,0.149,Hyderabad,TS
2022-06-11,0.0,34.1,25.0,6.85,0.14,Hyderabad,TS
2022-06-12,0.4,33.9,24.5,6.09,0.137,Hyderabad,TS
2022-06-13,0.5,33.6,25.3,5.56,0.131,Hyderabad,TS
2022-06-14,0.7,33.7,23.6,5.96,0.138,Hyderabad,TS
2022-06-15,11.5,32.5,22.7,4.52,0.251,Hyderabad,TS
2022-06-16,7.8,33.0,23.6,4.36,0.279,Hyderabad,TS
2022-06-17,1.0,33.0,23.0,5.18,0.263,Hyderabad,TS
2022-06-18,3.8,33.1,23.1,4.66,0.238,Hyderabad,TS
2022-06-19,1.6,31.7,23.5,4.61,0.228,Hyderabad,TS
2022-06-20,1.8,31.8,23.9,4.78,0.227,Hyderabad,TS
2022-06-21,10.7,32.0,22.9,4.19,0.265,Hyderabad,TS
2022-06-22,0.3,31.2,23.3,4.17,0.27,Hyderabad,TS
2022-06-23,0.2,31.8,23.5,4.93,0.242,Hyderabad,TS
2022-06-24,0.1,32.0,24.6,4.71,0.218,Hyderabad,TS
2022-06-25,6.5,30.5,24.4,3.91,0.222,Hyderabad,TS
2022-06-26,23.6,27.8,22.9,2.92,0.309,Hyderabad,TS
2022-06-27,12.7,28.1,22.9,2.62,0.368,Hyderabad,TS
2022-06-28,7.9,29.2,22.8,3.91,0.344,Hyderabad,TS
2022-06-29,1.1,31.3,23.5,4.96,0.311,Hyderabad,TS
2022-06-30,2.6,30.3,23.1,4.3,0.321,Hyderabad,TS
2022-07-01,0.6,31.5,23.3,4.87,0.316,Hyderabad,TS
2022-07-02,2.9,31.4,23.2,4.51,0.288,Hyderabad,TS
2022-07-03,3.6,30.8,23.6,4.11,0.282,Hyderabad,TS
2022-07-04,6.1,29.4,22.9,3.84,0.346,Hyderabad,TS
2022-07-05,10.0,27.1,22.9,2.29,0.345,Hyderabad,TS
2022-07-06,20.3,26.1,22.4,1.6,0.393,Hyderabad,TS
2022-07-07,21.0,28.9,22.8,3.26,0.374,Hyderabad,TS
2022-07-08,27.4,24.1,22.5,1.15,0.411,Hyderabad,TS
2022-07-09,55.8,23.5,22.2,1.25,0.427,Hyderabad,TS
2022-07-10,39.9,23.2,21.9,1.18,0.429,Hyderabad,TS
2022-07-11,10.5,26.4,21.9,2.55,0.42,Hyderabad,TS
2022-07-12,36.3,23.1,21.6,1.39,0.426,Hyderabad,TS
2022-07-13,21.3,24.0,21.7,1.93,0.426,Hyderabad,TS
2022-07-14,2.0,26.5,21.9,3.22,0.408,Hyderabad,TS
2022-07-15,0.7,27.9,22.5,4.26,0.395,Hyderabad,TS
2022-07-16,3.3,29.9,22.7,4.44,0.389,Hyderabad,TS
2022-07-17,13.6,26.3,22.8,1.96,0.408,Hyderabad,TS
2022-07-18,8.8,28.7,22.8,3.11,0.422,Hyderabad,TS
2022-07-19,1.3,29.9,22.2,4.64,0.399,Hyderabad,TS
2022-07-20,0.2,30.6,22.9,5.43,0.38,Hyderabad,TS
2022-07-21,0.4,29.1,23.0,4.52,0.362,Hyderabad,TS
2022-07-22,22.8,28.3,23.1,2.39,0.383,Hyderabad,TS
2022-07-23,16.2,26.5,22.3,2.43,0.425,Hyderabad,TS
2022-07-24,2.0,26.6,22.1,2.2,0.408,Hyderabad,TS
2022-07-25,13.1,28.0,22.1,2.44,0.412,Hyderabad,TS
2022-07-26,3.0,28.0,22.0,3.45,0.407,Hyderabad,TS
2022-07-27,2.3,29.8,21.5,4.63,0.405,Hyderabad,TS
2022-07-28,1.6,29.9,21.8,4.27,0.403,Hyderabad,TS
2022-07-29,2.3,30.3,21.9,4.89,0.4,Hyderabad,TS
2022-07-30,3.8,29.7,22.6,4.29,0.409,Hyderabad,TS
2022-07-31,0.5,29.6,22.9,3.72,0.406,Hyderabad,TS
2022-08-01,5.0,29.6,22.8,3.73,0.409,Hyderabad,TS
2022-08-02,6.2,30.2,22.6,4.26,0.401,Hyderabad,TS
2022-08-03,3.4,29.9,23.0,3.82,0.411,Hyderabad,TS
2022-08-04,7.3,30.1,22.6,4.28,0.405,Hyderabad,TS
2022-08-05,6.4,29.0,22.4,3.09,0.414,Hyderabad,TS
2022-08-06,20.2,29.5,22.8,4.1,0.41,Hyderabad,TS
2022-08-07,12.7,28.3,22.6,2.97,0.414,Hyderabad,TS
2022-08-08,22.7,24.6,22.1,1.61,0.429,Hyderabad,TS
2022-08-09,6.2,25.0,22.2,2.39,0.421,Hyderabad,TS
2022-08-10,0.3,28.6,22.0,4.58,0.411,Hyderabad,TS
2022-08-11,0.9,28.8,23.2,4.57,0.395,Hyderabad,TS
2022-08-12,0.5,29.3,23.2,5.01,0.382,Hyderabad,TS
2022-08-13,0.2,28.4,22.7,4.36,0.369,Hyderabad,TS
2022-08-14,7.0,25.9,22.6,2.24,0.379,Hyderabad,TS
2022-08-15,7.4,27.1,21.8,2.67,0.408,Hyderabad,TS
2022-08-16,0.0,29.4,21.8,4.63,0.385,Hyderabad,TS
2022-08-17,0.0,29.9,22.2,5.39,0.367,Hyderabad,TS
2022-08-18,0.1,30.5,22.8,5.22,0.348,Hyderabad,TS
2022-08-19,0.1,29.6,23.4,4.75,0.333,Hyderabad,TS
2022-08-20,0.9,29.2,23.4,4.46,0.323,Hyderabad,TS
2022-08-21,0.5,29.7,23.2,5.34,0.312,Hyderabad,TS
2022-08-22,0.2,29.6,22.3,4.48,0.301,Hyderabad,TS
2022-08-23,0.3,30.0,22.3,4.43,0.293,Hyderabad,TS
2022-08-24,1.6,30.3,22.8,5.12,0.282,Hyderabad,TS
2022-08-25,4.2,30.0,22.0,3.92,0.276,Hyderabad,TS
2022-08-26,1.0,30.7,21.9,4.87,0.275,Hyderabad,TS
2022-08-27,1.7,30.4,22.6,4.67,0.267,Hyderabad,TS
2022-08-28,0.6,30.1,21.7,4.58,0.263,Hyderabad,TS
2022-08-29,8.8,30.0,23.0,3.68,0.305,Hyderabad,TS
2022-08-30,0.7,30.6,21.8,4.67,0.346,Hyderabad,TS
2022-08-31,8.7,30.6,22.3,4.27,0.336,Hyderabad,TS
2022-09-01,7.2,30.5,22.8,4.21,0.343,Hyderabad,TS
2022-09-02,0.4,30.4,22.1,4.25,0.343,Hyderabad,TS
2022-09-03,2.6,31.3,22.1,4.99,0.315,Hyderabad,TS
2022-09-04,10.5,30.0,22.3,3.87,0.349,Hyderabad,TS
2022-09-05,2.5,30.4,21.9,4.72,0.375,Hyderabad,TS
2022-09-06,10.9,30.1,22.0,4.25,0.373,Hyderabad,TS
2022-09-07,19.5,30.2,22.2,3.94,0.401,Hyderabad,TS
2022-09-08,10.9,28.5,21.9,2.85,0.416,Hyderabad,TS
2022-09-09,24.5,28.2,22.5,2.72,0.421,Hyderabad,TS
2022-09-10,20.3,27.9,22.6,2.31,0.425,Hyderabad,TS
2022-09-11,9.2,26.1,22.2,1.81,0.425,Hyderabad,TS
2022-09-12,1.6,27.2,22.4,3.27,0.413,Hyderabad,TS
2022-09-13,0.5,28.8,22.9,4.09,0.398,Hyderabad,TS
2022-09-14,0.9,29.1,22.1,4.22,0.383,Hyderabad,TS
2022-09-15,0.2,29.1,22.2,4.4,0.375,Hyderabad,TS
2022-09-16,0.0,29.1,22.4,4.5,0.362,Hyderabad,TS
2022-09-17,0.3,29.7,22.2,4.51,0.347,Hyderabad,TS
2022-09-18,0.1,29.4,22.5,4.35,0.327,Hyderabad,TS
2022-09-19,3.2,29.0,22.8,4.19,0.312,Hyderabad,TS
2022-09-20,1.8,26.1,22.2,2.45,0.338,Hyderabad,TS
2022-09-21,0.8,28.8,21.7,4.01,0.327,Hyderabad,TS
2022-09-22,3.6,27.9,22.3,3.56,0.33,Hyderabad,TS
2022-09-23,0.8,28.3,21.8,4.22,0.33,Hyderabad,TS
2022-09-24,0.0,29.2,21.7,4.62,0.307,Hyderabad,TS
2022-09-25,0.7,29.3,21.3,4.48,0.291,Hyderabad,TS
2022-09-26,3.1,30.2,21.7,4.0,0.289,Hyderabad,TS
2022-09-27,2.2,29.4,22.2,3.87,0.34,Hyderabad,TS
2022-09-28,14.6,29.3,21.7,3.36,0.379,Hyderabad,TS
2022-09-29,25.5,29.0,21.9,2.83,0.414,Hyderabad,TS
2022-09-30,8.5,29.2,22.1,3.85,0.404,Hyderabad,TS
2022-10-01,1.3,29.6,22.1,3.56,0.391,Hyderabad,TS
2022-10-02,0.0,30.0,21.1,4.74,0.371,Hyderabad,TS
2022-10-03,0.1,30.3,22.8,5.15,0.354,Hyderabad,TS
2022-10-04,0.0,30.1,22.8,4.42,0.338,Hyderabad,TS
2022-10-05,10.9,28.6,22.3,3.16,0.361,Hyderabad,TS
2022-10-06,21.1,25.6,21.6,1.74,0.422,Hyderabad,TS
2022-10-07,2.3,28.6,20.7,3.79,0.411,Hyderabad,TS
2022-10-08,3.5,28.9,21.1,3.76,0.398,Hyderabad,TS
2022-10-09,2.6,28.1,21.4,3.31,0.379,Hyderabad,TS
2022-10-10,1.5,27.9,22.0,3.24,0.391,Hyderabad,TS
2022-10-11,3.2,28.6,22.0,3.57,0.389,Hyderabad,TS
2022-10-12,11.8,29.1,21.6,3.64,0.396,Hyderabad,TS
2022-10-13,3.8,29.0,21.1,3.77,0.39,Hyderabad,TS
2022-10-14,2.0,28.0,21.1,2.51,0.389,Hyderabad,TS
2022-10-15,5.0,26.8,20.9,2.69,0.405,Hyderabad,TS
2022-10-16,6.0,26.7,20.9,2.2,0.407,Hyderabad,TS
2022-10-17,2.0,28.7,21.2,3.65,0.383,Hyderabad,TS
2022-10-18,0.4,28.5,21.2,3.42,0.36,Hyderabad,TS
2022-10-19,1.1,29.3,21.1,3.83,0.363,Hyderabad,TS
2022-10-20,2.8,28.4,21.1,3.25,0.368,Hyderabad,TS
2022-10-21,0.0,29.0,20.0,4.31,0.347,Hyderabad,TS
2022-10-22,0.0,27.9,18.9,5.11,0.325,Hyderabad,TS
2022-10-23,0.0,27.8,17.7,5.21,0.307,Hyderabad,TS
2022-10-24,0.0,28.1,16.8,5.18,0.293,Hyderabad,TS
2022-10-25,0.0,28.2,16.4,4.73,0.28,Hyderabad,TS
2022-10-26,0.0,28.2,15.6,4.72,0.267,Hyderabad,TS
2022-10-27,0.0,28.2,17.1,4.47,0.253,Hyderabad,TS
2022-10-28,0.0,28.9,16.5,4.89,0.241,Hyderabad,TS
2022-10-29,0.0,28.5,18.5,5.44,0.229,Hyderabad,TS
2022-10-30,0.0,28.5,17.4,5.27,0.215,Hyderabad,TS
2022-10-31,0.0,28.0,16.9,4.8,0.199,Hyderabad,TS
2022-11-01,0.2,27.1,17.8,3.2,0.196,Hyderabad,TS
2022-11-02,0.0,27.5,18.6,2.36,0.209,Hyderabad,TS
2022-11-03,0.3,29.8,19.3,4.24,0.2,Hyderabad,TS
2022-11-04,0.6,29.3,19.4,4.1,0.191,Hyderabad,TS
2022-11-05,0.0,29.9,18.9,4.49,0.181,Hyderabad,TS
2022-11-06,0.0,29.4,17.4,4.64,0.173,Hyderabad,TS
2022-11-07,0.0,29.7,16.5,4.64,0.17,Hyderabad,TS
2022-11-08,0.0,29.5,16.7,4.59,0.167,Hyderabad,TS
2022-11-09,0.0,29.0,15.9,4.71,0.16,Hyderabad,TS
2022-11-10,0.0,29.2,16.6,5.04,0.153,Hyderabad,TS
2022-11-11,0.0,29.4,19.3,5.52,0.149,Hyderabad,TS
2022-11-12,0.0,29.4,18.8,5.05,0.148,Hyderabad,TS
2022-11-13,0.0,29.7,18.2,4.25,0.146,Hyderabad,TS
2022-11-14,0.0,29.9,17.8,4.01,0.144,Hyderabad,TS
2022-11-15,0.0,29.7,18.3,4.59,0.14,Hyderabad,TS
2022-11-16,0.0,28.9,14.6,4.51,0.139,Hyderabad,TS
2022-11-17,0.0,29.0,14.4,4.87,0.137,Hyderabad,TS
2022-11-18,0.0,28.4,16.6,5.18,0.134,Hyderabad,TS
2022-11-19,0.0,26.8,16.5,4.87,0.135,Hyderabad,TS
2022-11-20,0.0,26.4,14.9,4.54,0.133,Hyderabad,TS
2022-11-21,0.0,29.2,17.5,4.64,0.131,Hyderabad,TS
2022-11-22,0.0,30.2,20.9,4.52,0.132,Hyderabad,TS
2022-11-23,0.0,29.9,20.4,3.39,0.128,Hyderabad,TS
2022-11-24,0.8,28.7,20.0,3.44,0.133,Hyderabad,TS
2022-11-25,0.0,30.6,20.0,4.07,0.14,Hyderabad,TS
2022-11-26,0.0,30.3,18.3,4.46,0.135,Hyderabad,TS
2022-11-27,0.0,30.0,16.9,4.26,0.135,Hyderabad,TS
2022-11-28,0.0,29.6,17.4,4.33,0.135,Hyderabad,TS
2022-11-29,0.0,28.6,15.5,4.49,0.135,Hyderabad,TS
2022-11-30,0.0,28.1,13.7,4.19,0.136,Hyderabad,TS
2022-12-01,0.0,29.4,17.0,3.97,0.134,Hyderabad,TS
2022-12-02,0.0,29.3,17.7,3.39,0.138,Hyderabad,TS
2022-12-03,0.1,29.3,19.1,3.66,0.141,Hyderabad,TS
2022-12-04,0.0,29.8,19.1,3.86,0.148,Hyderabad,TS
2022-12-05,0.0,28.8,17.3,4.17,0.155,Hyderabad,TS
2022-12-06,0.0,29.8,16.0,4.57,0.155,Hyderabad,TS
2022-12-07,0.0,28.9,16.8,4.22,0.16,Hyderabad,TS
2022-12-08,0.0,26.9,15.8,4.6,0.166,Hyderabad,TS
2022-12-09,0.0,27.5,15.7,4.28,0.166,Hyderabad,TS
2022-12-10,3.8,27.0,17.9,3.09,0.196,Hyderabad,TS
2022-12-11,11.1,25.8,20.1,1.92,0.252,Hyderabad,TS
2022-12-12,1.3,26.9,20.2,2.86,0.292,Hyderabad,TS
2022-12-13,2.3,27.0,20.8,2.82,0.288,Hyderabad,TS
2022-12-14,0.0,28.5,19.6,3.49,0.27,Hyderabad,TS
2022-12-15,0.0,28.9,18.9,3.62,0.244,Hyderabad,TS
2022-12-16,0.0,29.9,18.9,3.75,0.221,Hyderabad,TS
2022-12-17,0.0,29.9,19.1,3.64,0.204,Hyderabad,TS
2022-12-18,0.0,28.3,17.4,4.28,0.19,Hyderabad,TS
2022-12-19,0.0,28.0,15.2,4.11,0.179,Hyderabad,TS
2022-12-20,0.0,28.9,15.3,4.05,0.168,Hyderabad,TS
2022-12-21,0.0,29.3,15.7,4.0,0.158,Hyderabad,TS
2022-12-22,0.0,29.4,16.1,4.24,0.15,Hyderabad,TS
2022-12-23,0.0,30.2,15.2,4.28,0.146,Hyderabad,TS
2022-12-24,0.0,29.6,14.9,4.31,0.141,Hyderabad,TS
2022-12-25,0.0,29.1,14.7,4.2,0.137,Hyderabad,TS
2022-12-26,0.3,28.6,18.2,2.73,0.138,Hyderabad,TS
2022-12-27,0.0,30.2,19.4,3.64,0.139,Hyderabad,TS
2022-12-28,0.0,31.1,18.8,3.67,0.139,Hyderabad,TS
2022-12-29,0.0,30.5,18.9,3.7,0.138,Hyderabad,TS
2022-12-30,0.0,30.4,19.2,3.61,0.138,Hyderabad,TS
2022-12-31,0.0,30.8,18.7,3.73,0.141,Hyderabad,TS
2023-01-01,0.0,30.1,20.0,3.93,0.151,Hyderabad,TS
2023-01-02,0.0,29.4,18.5,4.05,0.16,Hyderabad,TS
2023-01-03,0.0,28.6,18.0,3.62,0.163,Hyderabad,TS
2023-01-04,0.0,28.6,18.0,3.78,0.168,Hyderabad,TS
2023-01-05,0.9,26.8,17.8,3.19,0.176,Hyderabad,TS
2023-01-06,0.3,27.1,18.0,3.36,0.185,Hyderabad,TS
2023-01-07,0.0,27.0,16.8,4.02,0.194,Hyderabad,TS
2023-01-08,0.0,26.1,13.1,4.28,0.188,Hyderabad,TS
2023-01-09,0.0,27.1,11.1,4.19,0.183,Hyderabad,TS
2023-01-10,0.0,28.3,13.8,4.26,0.175,Hyderabad,TS
2023-01-11,0.0,28.2,12.6,3.91,0.168,Hyderabad,TS
2023-01-12,0.0,29.0,13.5,4.13,0.161,Hyderabad,TS
2023-01-13,0.0,29.0,14.6,3.98,0.154,Hyderabad,TS
2023-01-14,0.0,29.3,16.2,4.08,0.156,Hyderabad,TS
2023-01-15,0.0,29.3,16.2,4.23,0.154,Hyderabad,TS
2023-01-16,0.0,29.6,16.0,4.46,0.152,Hyderabad,TS
2023-01-17,0.0,29.5,15.1,4.61,0.149,Hyderabad,TS
2023-01-18,0.0,29.5,15.0,4.46,0.142,Hyderabad,TS
2023-01-19,0.0,28.8,15.0,4.46,0.14,Hyderabad,TS
2023-01-20,0.0,28.2,16.5,4.34,0.142,Hyderabad,TS
2023-01-21,0.0,28.2,15.9,4.31,0.143,Hyderabad,TS
2023-01-22,0.0,28.4,15.0,4.43,0.144,Hyderabad,TS
2023-01-23,0.0,27.8,15.8,4.3,0.15,Hyderabad,TS
2023-01-24,0.0,29.1,16.8,4.49,0.157,Hyderabad,TS
2023-01-25,0.0,28.4,16.5,4.45,0.155,Hyderabad,TS
2023-01-26,0.0,29.1,14.7,4.62,0.149,Hyderabad,TS
2023-01-27,0.0,28.8,15.4,4.55,0.146,Hyderabad,TS
2023-01-28,0.0,29.8,15.5,4.71,0.143,Hyderabad,TS
2023-01-29,0.0,29.1,15.1,4.97,0.141,Hyderabad,TS
2023-01-30,0.0,29.3,17.1,4.3,0.142,Hyderabad,TS
2023-01-31,0.0,30.0,18.3,4.32,0.148,Hyderabad,TS
2023-02-01,0.0,29.9,17.1,4.91,0.145,Hyderabad,TS
2023-02-02,0.0,29.3,17.7,5.4,0.144,Hyderabad,TS
2023-02-03,0.0,29.8,15.2,5.19,0.138,Hyderabad,TS
2023-02-04,0.0,30.3,16.0,4.92,0.136,Hyderabad,TS
2023-02-05,0.0,30.4,15.6,4.83,0.138,Hyderabad,TS
2023-02-06,0.0,30.7,15.9,4.94,0.137,Hyderabad,TS
2023-02-07,0.0,31.4,17.4,4.87,0.134,Hyderabad,TS
2023-02-08,0.0,32.5,18.5,4.88,0.133,Hyderabad,TS
2023-02-09,0.0,32.4,17.6,4.95,0.131,Hyderabad,TS
2023-02-10,0.0,32.8,17.9,5.44,0.13,Hyderabad,TS
2023-02-11,0.0,33.5,16.5,5.16,0.128,Hyderabad,TS
2023-02-12,0.0,33.3,17.2,5.91,0.129,Hyderabad,TS
2023-02-13,0.0,31.6,17.4,6.13,0.128,Hyderabad,TS
2023-02-14,0.0,31.6,14.4,5.87,0.126,Hyderabad,TS
2023-02-15,0.0,32.8,15.8,6.17,0.125,Hyderabad,TS
2023-02-16,0.0,33.4,17.7,6.61,0.124,Hyderabad,TS
2023-02-17,0.0,32.5,17.3,5.74,0.124,Hyderabad,TS
2023-02-18,0.0,31.6,17.6,5.16,0.123,Hyderabad,TS
2023-02-19,0.0,31.7,18.9,5.37,0.123,Hyderabad,TS
2023-02-20,0.0,32.8,16.9,5.15,0.124,Hyderabad,TS
2023-02-21,0.0,34.3,17.1,5.54,0.123,Hyderabad,TS
2023-02-22,0.0,34.8,17.4,5.76,0.122,Hyderabad,TS
2023-02-23,0.0,34.3,17.3,5.91,0.122,Hyderabad,TS
2023-02-24,0.0,34.4,20.0,6.04,0.122,Hyderabad,TS
2023-02-25,0.0,34.6,20.7,6.26,0.122,Hyderabad,TS
2023-02-26,0.0,33.7,18.9,6.28,0.124,Hyderabad,TS
2023-02-27,0.0,33.3,17.8,6.17,0.123,Hyderabad,TS
2023-02-28,0.0,32.9,18.5,6.57,0.121,Hyderabad,TS
2023-03-01,0.0,32.8,19.1,6.78,0.121,Hyderabad,TS
2023-03-02,0.0,33.2,18.4,6.63,0.121,Hyderabad,TS
2023-03-03,0.0,34.2,18.0,6.38,0.115,Hyderabad,TS
2023-03-04,0.0,34.0,20.8,6.49,0.113,Hyderabad,TS
2023-03-05,0.0,34.1,18.6,6.45,0.114,Hyderabad,TS
2023-03-06,0.0,34.4,18.3,6.6,0.115,Hyderabad,TS
2023-03-07,0.0,32.1,19.7,6.27,0.115,Hyderabad,TS
2023-03-08,0.0,33.2,19.1,5.87,0.117,Hyderabad,TS
2023-03-09,0.0,33.5,19.8,6.14,0.121,Hyderabad,TS
2023-03-10,0.0,33.8,19.8,5.98,0.118,Hyderabad,TS
2023-03-11,0.0,33.4,19.2,6.45,0.109,Hyderabad,TS
2023-03-12,0.0,33.7,19.4,6.6,0.123,Hyderabad,TS
2023-03-13,0.0,33.8,18.8,6.45,0.125,Hyderabad,TS
2023-03-14,0.0,34.5,19.6,5.96,0.129,Hyderabad,TS
2023-03-15,0.0,34.8,18.5,6.33,0.128,Hyderabad,TS
2023-03-16,9.7,31.1,20.3,4.31,0.192,Hyderabad,TS
2023-03-17,29.6,26.8,18.9,3.14,0.359,Hyderabad,TS
2023-03-18,17.6,26.6,19.1,2.98,0.381,Hyderabad,TS
2023-03-19,0.3,29.0,17.7,4.7,0.368,Hyderabad,TS
2023-03-20,0.0,29.6,18.5,4.95,0.332,Hyderabad,TS
2023-03-21,0.0,29.9,16.9,5.05,0.303,Hyderabad,TS
2023-03-22,0.0,30.9,18.3,5.38,0.283,Hyderabad,TS
2023-03-23,0.0,31.2,18.8,5.22,0.265,Hyderabad,TS
2023-03-24,0.0,32.3,19.6,5.14,0.247,Hyderabad,TS
2023-03-25,0.7,31.1,20.9,4.27,0.235,Hyderabad,TS
2023-03-26,0.0,33.2,21.2,5.3,0.22,Hyderabad,TS
2023-03-27,0.0,33.6,20.8,6.1,0.208,Hyderabad,TS
2023-03-28,0.0,34.4,20.6,5.81,0.197,Hyderabad,TS
2023-03-29,0.0,34.8,21.0,6.23,0.189,Hyderabad,TS
2023-03-30,0.0,35.1,21.3,6.51,0.182,Hyderabad,TS
2023-03-31,0.0,33.6,21.5,5.71,0.174,Hyderabad,TS
2023-04-01,0.0,33.3,21.2,5.82,0.166,Hyderabad,TS
2023-04-02,0.5,33.4,20.8,5.08,0.161,Hyderabad,TS
2023-04-03,0.0,34.2,21.4,5.71,0.155,Hyderabad,TS
2023-04-04,0.0,35.1,22.4,5.73,0.152,Hyderabad,TS
2023-04-05,0.0,34.4,21.4,5.52,0.153,Hyderabad,TS
2023-04-06,2.5,33.7,22.5,4.55,0.167,Hyderabad,TS
2023-04-07,1.5,34.8,22.9,4.66,0.191,Hyderabad,TS
2023-04-08,0.1,33.3,21.8,5.93,0.242,Hyderabad,TS
2023-04-09,0.0,34.4,22.4,6.42,0.218,Hyderabad,TS
2023-04-10,0.0,35.7,21.4,6.63,0.196,Hyderabad,TS
2023-04-11,0.0,36.6,21.8,6.92,0.18,Hyderabad,TS
2023-04-12,0.0,37.1,22.4,6.32,0.167,Hyderabad,TS
2023-04-13,0.0,37.6,23.5,6.11,0.158,Hyderabad,TS
2023-04-14,0.0,37.0,24.3,5.98,0.159,Hyderabad,TS
2023-04-15,0.0,36.4,24.0,6.76,0.157,Hyderabad,TS
2023-04-16,0.0,36.5,23.4,6.07,0.156,Hyderabad,TS
2023-04-17,0.0,37.0,24.5,5.78,0.154,Hyderabad,TS
2023-04-18,0.0,38.6,24.9,6.52,0.153,Hyderabad,TS
2023-04-19,0.0,38.0,22.9,6.07,0.146,Hyderabad,TS
2023-04-20,0.0,37.9,24.2,6.36,0.14,Hyderabad,TS
2023-04-21,1.6,35.0,23.1,6.42,0.145,Hyderabad,TS
2023-04-22,0.0,35.1,22.7,6.01,0.185,Hyderabad,TS
2023-04-23,0.0,35.0,21.9,6.18,0.182,Hyderabad,TS
2023-04-24,4.2,33.0,23.6,5.2,0.183,Hyderabad,TS
2023-04-25,16.2,33.9,23.9,5.52,0.198,Hyderabad,TS
2023-04-26,2.5,32.2,21.6,5.45,0.318,Hyderabad,TS
2023-04-27,17.3,30.3,23.2,3.89,0.335,Hyderabad,TS
2023-04-28,0.5,31.1,22.0,4.9,0.314,Hyderabad,TS
2023-04-29,19.4,30.2,21.4,4.78,0.357,Hyderabad,TS
2023-04-30,17.7,29.6,21.6,3.93,0.361,Hyderabad,TS
2023-05-01,9.9,29.9,20.0,4.09,0.368,Hyderabad,TS
2023-05-02,7.0,30.1,22.3,3.75,0.363,Hyderabad,TS
2023-05-03,1.0,30.4,22.3,4.1,0.34,Hyderabad,TS
2023-05-04,0.2,31.4,21.5,4.84,0.316,Hyderabad,TS
2023-05-05,8.7,29.6,21.1,3.15,0.345,Hyderabad,TS
2023-05-06,1.8,32.0,21.8,4.76,0.337,Hyderabad,TS
2023-05-07,0.0,32.7,24.6,5.36,0.305,Hyderabad,TS
2023-05-08,0.0,34.1,23.8,5.58,0.291,Hyderabad,TS
2023-05-09,4.3,32.2,23.9,4.05,0.291,Hyderabad,TS
2023-05-10,15.3,33.4,24.1,3.77,0.356,Hyderabad,TS
2023-05-11,0.2,36.2,24.1,5.96,0.335,Hyderabad,TS
2023-05-12,0.0,37.4,22.4,6.67,0.3,Hyderabad,TS
2023-05-13,0.0,38.3,22.4,7.11,0.276,Hyderabad,TS
2023-05-14,0.0,37.8,22.2,8.12,0.258,Hyderabad,TS
2023-05-15,0.0,37.3,24.6,7.61,0.242,Hyderabad,TS
2023-05-16,0.0,36.7,23.9,7.41,0.226,Hyderabad,TS
2023-05-17,0.0,36.6,21.4,7.0,0.21,Hyderabad,TS
2023-05-18,0.0,36.9,23.5,5.92,0.196,Hyderabad,TS
2023-05-19,0.0,37.7,24.9,6.23,0.186,Hyderabad,TS
2023-05-20,0.1,36.5,24.2,6.14,0.182,Hyderabad,TS
2023-05-21,0.0,36.9,24.3,6.11,0.177,Hyderabad,TS
2023-05-22,15.1,36.2,22.5,5.81,0.216,Hyderabad,TS
2023-05-23,0.0,36.4,23.5,6.24,0.179,Hyderabad,TS
2023-05-24,3.4,36.4,24.1,6.4,0.201,Hyderabad,TS
2023-05-25,1.0,35.8,25.7,6.13,0.185,Hyderabad,TS
2023-05-26,0.0,36.2,25.2,7.02,0.177,Hyderabad,TS
2023-05-27,0.0,36.1,25.0,7.12,0.168,Hyderabad,TS
2023-05-28,0.0,36.7,24.2,6.86,0.164,Hyderabad,TS
2023-05-29,9.0,35.8,23.9,5.87,0.208,Hyderabad,TS
2023-05-30,11.0,33.9,22.5,4.28,0.227,Hyderabad,TS
2023-05-31,0.0,37.1,25.1,6.64,0.162,Hyderabad,TS
2023-06-01,0.0,38.0,25.5,7.06,0.16,Hyderabad,TS
2023-06-02,0.0,38.3,26.2,7.92,0.157,Hyderabad,TS
2023-06-03,0.0,37.6,26.1,7.0,0.15,Hyderabad,TS
2023-06-04,6.3,34.7,24.3,4.45,0.161,Hyderabad,TS
2023-06-05,0.0,35.0,23.8,6.52,0.163,Hyderabad,TS
2023-06-06,1.9,35.1,25.8,6.14,0.159,Hyderabad,TS
2023-06-07,0.1,37.0,27.1,7.14,0.152,Hyderabad,TS
2023-06-08,0.0,36.6,27.7,7.43,0.156,Hyderabad,TS
2023-06-09,0.0,37.1,26.9,7.85,0.155,Hyderabad,TS
2023-06-10,0.3,36.8,27.0,7.57,0.153,Hyderabad,TS
2023-06-11,0.0,35.0,27.1,6.34,0.16,Hyderabad,TS
2023-06-12,0.0,36.1,26.9,7.07,0.154,Hyderabad,TS
2023-06-13,0.0,36.8,26.9,8.09,0.148,Hyderabad,TS
2023-06-14,0.0,36.6,26.9,8.17,0.144,Hyderabad,TS
2023-06-15,0.0,36.3,26.9,8.1,0.142,Hyderabad,TS
2023-06-16,0.0,36.8,27.2,8.17,0.139,Hyderabad,TS
2023-06-17,0.0,36.7,27.3,7.89,0.138,Hyderabad,TS
2023-06-18,0.0,36.5,28.0,7.57,0.133,Hyderabad,TS
2023-06-19,0.1,36.4,27.9,6.41,0.129,Hyderabad,TS
2023-06-20,0.4,36.2,27.3,6.21,0.132,Hyderabad,TS
2023-06-21,9.3,35.4,24.4,5.93,0.157,Hyderabad,TS
2023-06-22,4.7,34.3,24.4,4.56,0.226,Hyderabad,TS
2023-06-23,11.2,33.2,24.4,3.44,0.214,Hyderabad,TS
2023-06-24,16.5,29.3,23.6,2.6,0.265,Hyderabad,TS
2023-06-25,3.9,31.6,23.4,4.68,0.315,Hyderabad,TS
2023-06-26,3.1,30.6,24.0,3.01,0.323,Hyderabad,TS
2023-06-27,1.0,31.9,24.1,5.1,0.312,Hyderabad,TS
2023-06-28,1.6,31.5,23.7,4.9,0.298,Hyderabad,TS
2023-06-29,0.1,32.1,23.9,5.77,0.271,Hyderabad,TS
2023-06-30,0.3,32.3,23.8,5.65,0.251,Hyderabad,TS
2023-07-01,0.3,33.1,24.6,6.54,0.226,Hyderabad,TS
2023-07-02,0.8,33.1,24.2,5.85,0.223,Hyderabad,TS
2023-07-03,1.9,32.7,23.7,5.28,0.294,Hyderabad,TS
2023-07-04,0.2,32.7,25.0,5.38,0.284,Hyderabad,TS
2023-07-05,3.3,30.2,23.6,3.68,0.299,Hyderabad,TS
2023-07-06,10.9,28.0,23.6,2.38,0.31,Hyderabad,TS
2023-07-07,2.9,29.8,22.9,4.69,0.324,Hyderabad,TS
2023-07-08,0.8,31.0,23.8,4.27,0.294,Hyderabad,TS
2023-07-09,1.2,31.2,23.7,5.08,0.322,Hyderabad,TS
2023-07-10,0.1,30.4,24.7,4.73,0.292,Hyderabad,TS
2023-07-11,0.0,29.2,24.4,4.01,0.269,Hyderabad,TS
2023-07-12,1.8,30.7,23.7,4.24,0.263,Hyderabad,TS
2023-07-13,0.7,31.5,23.3,5.1,0.256,Hyderabad,TS
2023-07-14,1.4,31.4,23.1,4.55,0.257,Hyderabad,TS
2023-07-15,0.9,30.5,23.7,4.48,0.24,Hyderabad,TS
2023-07-16,7.0,27.3,23.7,2.22,0.283,Hyderabad,TS
2023-07-17,6.4,29.2,23.1,2.84,0.311,Hyderabad,TS
2023-07-18,29.1,25.7,22.6,2.09,0.397,Hyderabad,TS
2023-07-19,28.8,26.4,22.3,2.37,0.415,Hyderabad,TS
2023-07-20,28.9,24.1,22.4,1.39,0.426,Hyderabad,TS
2023-07-21,17.8,27.5,22.6,3.01,0.413,Hyderabad,TS
2023-07-22,4.0,28.7,23.0,3.13,0.397,Hyderabad,TS
2023-07-23,17.4,28.5,23.2,3.02,0.398,Hyderabad,TS
2023-07-24,9.9,27.9,22.9,2.69,0.407,Hyderabad,TS
2023-07-25,16.1,27.4,22.6,2.58,0.421,Hyderabad,TS
2023-07-26,23.8,26.9,22.9,2.39,0.418,Hyderabad,TS
2023-07-27,82.7,24.1,22.5,1.18,0.427,Hyderabad,TS
2023-07-28,0.8,29.4,22.8,4.14,0.405,Hyderabad,TS
2023-07-29,0.8,29.8,23.2,4.54,0.389,Hyderabad,TS
2023-07-30,2.9,30.0,22.9,4.61,0.38,Hyderabad,TS
2023-07-31,1.1,27.8,23.6,3.55,0.367,Hyderabad,TS
2023-08-01,1.6,28.9,23.5,4.63,0.364,Hyderabad,TS
2023-08-02,0.2,28.7,23.4,4.0,0.353,Hyderabad,TS
2023-08-03,0.7,29.5,23.0,4.76,0.342,Hyderabad,TS
2023-08-04,1.7,30.0,22.7,5.11,0.334,Hyderabad,TS
2023-08-05,0.4,30.7,22.8,5.5,0.323,Hyderabad,TS
2023-08-06,0.4,30.5,22.9,5.45,0.311,Hyderabad,TS
2023-08-07,0.3,30.0,23.1,4.97,0.298,Hyderabad,TS
2023-08-08,0.0,29.9,22.8,4.75,0.284,Hyderabad,TS
2023-08-09,0.4,30.6,23.3,5.13,0.269,Hyderabad,TS
2023-08-10,0.7,30.8,23.4,5.04,0.256,Hyderabad,TS
2023-08-11,0.3,30.7,23.1,5.13,0.24,Hyderabad,TS
2023-08-12,0.1,31.2,23.8,5.13,0.229,Hyderabad,TS
2023-08-13,0.0,30.6,23.6,5.44,0.221,Hyderabad,TS
2023-08-14,0.1,30.8,23.6,5.07,0.211,Hyderabad,TS
2023-08-15,3.8,30.3,23.2,4.83,0.242,Hyderabad,TS
2023-08-16,3.8,29.5,23.4,4.69,0.226,Hyderabad,TS
2023-08-17,0.9,29.6,23.8,4.12,0.225,Hyderabad,TS
2023-08-18,3.3,28.5,23.4,3.21,0.247,Hyderabad,TS
2023-08-19,5.2,27.2,22.3,3.47,0.314,Hyderabad,TS
2023-08-20,1.4,29.9,22.0,4.66,0.348,Hyderabad,TS
2023-08-21,0.0,30.4,22.8,4.98,0.317,Hyderabad,TS
2023-08-22,2.0,29.8,22.7,3.95,0.301,Hyderabad,TS
2023-08-23,0.0,30.6,23.3,4.65,0.274,Hyderabad,TS
2023-08-24,0.3,31.1,23.6,5.34,0.258,Hyderabad,TS
2023-08-25,4.4,31.4,24.2,5.26,0.249,Hyderabad,TS
2023-08-26,0.7,31.0,22.7,4.45,0.253,Hyderabad,TS
2023-08-27,0.0,31.6,23.3,5.4,0.268,Hyderabad,TS
2023-08-28,0.6,31.2,23.5,5.35,0.246,Hyderabad,TS
2023-08-29,0.5,30.5,22.6,4.89,0.244,Hyderabad,TS
2023-08-30,0.1,31.3,22.0,5.33,0.24,Hyderabad,TS
2023-08-31,0.0,31.8,22.3,5.52,0.221,Hyderabad,TS
2023-09-01,8.9,32.4,22.6,4.96,0.227,Hyderabad,TS
2023-09-02,23.3,31.1,22.7,3.79,0.297,Hyderabad,TS
2023-09-03,27.9,29.2,22.8,2.53,0.401,Hyderabad,TS
2023-09-04,30.0,24.7,22.3,1.24,0.412,Hyderabad,TS
2023-09-05,27.0,26.3,22.0,1.41,0.425,Hyderabad,TS
2023-09-06,9.7,27.8,22.5,2.81,0.41,Hyderabad,TS
2023-09-07,1.7,29.2,23.0,4.1,0.396,Hyderabad,TS
2023-09-08,8.5,28.8,23.1,4.35,0.39,Hyderabad,TS
2023-09-09,3.3,29.5,23.1,4.26,0.38,Hyderabad,TS
2023-09-10,14.1,29.3,22.8,3.97,0.388,Hyderabad,TS
2023-09-11,0.0,29.4,23.2,3.98,0.395,Hyderabad,TS
2023-09-12,0.2,29.6,22.6,4.3,0.376,Hyderabad,TS
2023-09-13,0.2,29.9,22.9,5.06,0.358,Hyderabad,TS
2023-09-14,0.1,28.5,23.8,3.47,0.354,Hyderabad,TS
2023-09-15,0.1,29.8,23.6,4.86,0.345,Hyderabad,TS
2023-09-16,1.1,29.6,23.6,4.63,0.33,Hyderabad,TS
2023-09-17,0.1,29.7,22.8,4.3,0.322,Hyderabad,TS
2023-09-18,0.7,30.8,23.2,5.23,0.304,Hyderabad,TS
2023-09-19,0.0,31.3,23.4,5.27,0.284,Hyderabad,TS
2023-09-20,3.2,31.0,24.1,4.63,0.287,Hyderabad,TS
2023-09-21,3.8,29.6,23.0,3.16,0.347,Hyderabad,TS
2023-09-22,1.9,29.1,22.7,3.44,0.353,Hyderabad,TS
2023-09-23,8.2,29.4,22.7,3.72,0.351,Hyderabad,TS
2023-09-24,3.1,28.4,22.1,3.07,0.364,Hyderabad,TS
2023-09-25,3.3,29.1,22.5,3.31,0.36,Hyderabad,TS
2023-09-26,7.7,30.0,22.4,4.16,0.35,Hyderabad,TS
2023-09-27,5.7,30.1,22.2,3.79,0.354,Hyderabad,TS
2023-09-28,17.0,30.9,22.2,4.19,0.371,Hyderabad,TS
2023-09-29,30.9,30.2,22.4,4.15,0.398,Hyderabad,TS
2023-09-30,1.9,30.0,21.9,4.16,0.386,Hyderabad,TS
2023-10-01,6.9,30.2,22.6,4.32,0.368,Hyderabad,TS
2023-10-02,0.8,30.5,22.8,4.03,0.343,Hyderabad,TS
2023-10-03,0.0,31.4,24.6,5.12,0.317,Hyderabad,TS
2023-10-04,0.0,31.4,23.2,4.98,0.296,Hyderabad,TS
2023-10-05,0.0,31.5,21.5,5.49,0.276,Hyderabad,TS
2023-10-06,0.0,31.6,20.9,5.55,0.256,Hyderabad,TS
2023-10-07,0.0,31.9,20.8,5.42,0.238,Hyderabad,TS
2023-10-08,0.0,31.9,19.9,4.86,0.222,Hyderabad,TS
2023-10-09,0.0,32.6,20.8,4.76,0.208,Hyderabad,TS
2023-10-10,24.6,32.0,21.7,4.68,0.246,Hyderabad,TS
2023-10-11,0.0,33.4,20.6,5.01,0.225,Hyderabad,TS
2023-10-12,0.0,32.6,21.6,5.2,0.177,Hyderabad,TS
2023-10-13,0.0,32.4,21.2,5.09,0.17,Hyderabad,TS
2023-10-14,0.0,32.0,22.7,5.13,0.169,Hyderabad,TS
2023-10-15,0.0,32.3,21.6,4.91,0.165,Hyderabad,TS
2023-10-16,0.8,31.0,22.4,4.68,0.165,Hyderabad,TS
2023-10-17,0.2,31.4,21.5,4.89,0.167,Hyderabad,TS
2023-10-18,0.1,31.4,22.0,4.94,0.162,Hyderabad,TS
2023-10-19,0.0,32.6,20.1,5.09,0.156,Hyderabad,TS
2023-10-20,0.0,32.3,20.7,5.28,0.155,Hyderabad,TS
2023-10-21,0.0,31.1,20.8,5.07,0.156,Hyderabad,TS
2023-10-22,0.0,31.5,20.2,5.78,0.153,Hyderabad,TS
2023-10-23,0.0,30.7,18.4,5.65,0.153,Hyderabad,TS
2023-10-24,0.0,30.7,16.6,5.58,0.149,Hyderabad,TS
2023-10-25,0.0,30.9,17.1,5.58,0.15,Hyderabad,TS
2023-10-26,0.0,30.2,17.3,5.7,0.149,Hyderabad,TS
2023-10-27,0.0,30.6,16.6,5.84,0.145,Hyderabad,TS
2023-10-28,0.1,30.9,17.0,4.68,0.143,Hyderabad,TS
2023-10-29,1.8,31.1,20.2,4.37,0.149,Hyderabad,TS
2023-10-30,0.3,29.6,19.9,4.08,0.148,Hyderabad,TS
2023-10-31,0.0,29.9,20.2,4.3,0.146,Hyderabad,TS
2023-11-01,0.0,30.7,20.1,4.35,0.16,Hyderabad,TS
2023-11-02,4.5,30.5,19.9,4.04,0.173,Hyderabad,TS
2023-11-03,1.9,30.8,20.4,3.69,0.213,Hyderabad,TS
2023-11-04,1.7,30.0,20.4,3.86,0.21,Hyderabad,TS
2023-11-05,0.0,30.1,20.1,4.19,0.201,Hyderabad,TS
2023-11-06,6.5,30.2,21.3,3.5,0.209,Hyderabad,TS
2023-11-07,8.3,29.5,21.0,3.39,0.247,Hyderabad,TS
2023-11-08,9.0,29.6,21.2,3.33,0.317,Hyderabad,TS
2023-11-09,0.0,28.9,20.9,3.58,0.324,Hyderabad,TS
2023-11-10,0.0,29.4,20.7,4.24,0.283,Hyderabad,TS
2023-11-11,0.0,29.7,19.1,4.39,0.257,Hyderabad,TS
2023-11-12,0.0,30.7,19.9,4.51,0.236,Hyderabad,TS
2023-11-13,0.0,30.0,18.8,4.31,0.22,Hyderabad,TS
2023-11-14,0.0,29.7,19.2,3.94,0.209,Hyderabad,TS
2023-11-15,0.0,29.4,18.5,4.4,0.197,Hyderabad,TS
2023-11-16,0.0,29.5,18.8,4.65,0.187,Hyderabad,TS
2023-11-17,0.0,29.8,18.2,4.33,0.178,Hyderabad,TS
2023-11-18,0.0,29.7,18.5,4.28,0.171,Hyderabad,TS
2023-11-19,0.0,29.8,18.9,4.21,0.167,Hyderabad,TS
2023-11-20,0.0,29.9,18.5,4.12,0.166,Hyderabad,TS
2023-11-21,0.9,28.8,19.5,3.65,0.165,Hyderabad,TS
2023-11-22,0.9,29.0,19.5,3.45,0.162,Hyderabad,TS
2023-11-23,1.2,27.6,20.3,2.7,0.168,Hyderabad,TS
2023-11-24,7.2,27.1,20.5,2.46,0.204,Hyderabad,TS
2023-11-25,0.0,28.6,19.8,3.77,0.23,Hyderabad,TS
2023-11-26,0.2,28.4,20.7,3.5,0.211,Hyderabad,TS
2023-11-27,0.0,29.0,19.7,3.99,0.203,Hyderabad,TS
2023-11-28,5.9,29.5,20.1,3.62,0.2,Hyderabad,TS
2023-11-29,0.8,28.9,20.0,4.08,0.242,Hyderabad,TS
2023-11-30,0.0,29.3,20.2,3.96,0.24,Hyderabad,TS
2023-12-01,0.0,29.2,19.2,4.27,0.225,Hyderabad,TS
2023-12-02,0.0,29.7,17.9,4.35,0.21,Hyderabad,TS
2023-12-03,0.0,30.2,19.4,4.25,0.198,Hyderabad,TS
2023-12-04,1.0,28.0,20.8,2.94,0.19,Hyderabad,TS
2023-12-05,6.2,25.5,20.6,1.93,0.228,Hyderabad,TS
2023-12-06,3.1,28.8,19.5,3.31,0.285,Hyderabad,TS
2023-12-07,0.0,27.9,18.6,3.23,0.28,Hyderabad,TS
2023-12-08,0.0,28.2,16.7,3.57,0.266,Hyderabad,TS
2023-12-09,0.0,28.6,17.2,3.68,0.245,Hyderabad,TS
2023-12-10,0.0,28.4,16.8,3.9,0.227,Hyderabad,TS
2023-12-11,0.0,27.6,16.2,3.88,0.211,Hyderabad,TS
2023-12-12,0.0,27.5,15.7,3.98,0.2,Hyderabad,TS
2023-12-13,0.0,27.3,15.7,3.95,0.187,Hyderabad,TS
2023-12-14,0.0,26.4,16.1,3.79,0.181,Hyderabad,TS
2023-12-15,0.0,26.7,16.0,3.75,0.175,Hyderabad,TS
2023-12-16,0.0,26.6,17.1,2.23,0.173,Hyderabad,TS
2023-12-17,0.0,27.3,17.7,3.96,0.172,Hyderabad,TS
2023-12-18,0.0,27.1,17.2,3.88,0.169,Hyderabad,TS
2023-12-19,0.0,26.8,16.8,4.04,0.167,Hyderabad,TS
2023-12-20,0.0,26.9,15.9,3.95,0.162,Hyderabad,TS
2023-12-21,0.0,27.9,13.8,4.04,0.155,Hyderabad,TS
2023-12-22,0.0,28.1,13.2,3.79,0.151,Hyderabad,TS
2023-12-23,0.0,28.2,16.5,3.9,0.15,Hyderabad,TS
2023-12-24,0.0,28.4,16.1,3.83,0.146,Hyderabad,TS
2023-12-25,0.0,28.3,16.4,3.72,0.144,Hyderabad,TS
2023-12-26,0.0,29.3,16.7,3.94,0.143,Hyderabad,TS
2023-12-27,0.0,28.3,16.9,3.98,0.144,Hyderabad,TS
2023-12-28,0.0,27.5,15.4,3.79,0.147,Hyderabad,TS
2023-12-29,0.0,27.5,14.3,3.76,0.147,Hyderabad,TS
2023-12-30,0.0,28.0,14.7,3.89,0.149,Hyderabad,TS
2023-12-31,0.0,27.9,15.1,3.91,0.15,Hyderabad,TS
2024-01-01,0.0,27.7,14.7,3.84,0.15,Hyderabad,TS
2024-01-02,0.0,27.3,14.6,3.63,0.154,Hyderabad,TS
2024-01-03,0.0,27.1,17.1,3.84,0.158,Hyderabad,TS
2024-01-04,0.0,27.7,18.2,3.89,0.159,Hyderabad,TS
2024-01-05,0.0,27.6,17.0,4.06,0.163,Hyderabad,TS
2024-01-06,0.0,27.9,16.9,3.92,0.162,Hyderabad,TS
2024-01-07,0.0,27.0,17.5,3.75,0.165,Hyderabad,TS
2024-01-08,0.0,27.4,16.5,4.27,0.168,Hyderabad,TS
2024-01-09,0.0,28.3,17.0,4.38,0.171,Hyderabad,TS
2024-01-10,0.5,26.0,17.6,2.64,0.174,Hyderabad,TS
2024-01-11,0.0,29.5,17.7,4.1,0.172,Hyderabad,TS
2024-01-12,0.0,30.0,18.6,4.16,0.165,Hyderabad,TS
2024-01-13,0.0,30.0,17.6,3.56,0.162,Hyderabad,TS
2024-01-14,0.0,30.3,17.6,4.19,0.159,Hyderabad,TS
2024-01-15,0.0,29.2,17.3,3.86,0.155,Hyderabad,TS
2024-01-16,0.0,29.8,18.3,4.22,0.152,Hyderabad,TS
2024-01-17,0.0,29.8,17.7,4.44,0.145,Hyderabad,TS
2024-01-18,0.0,28.6,18.1,3.83,0.143,Hyderabad,TS
2024-01-19,0.0,29.9,17.0,4.13,0.141,Hyderabad,TS
2024-01-20,0.0,29.0,18.9,4.26,0.138,Hyderabad,TS
2024-01-21,0.0,30.1,18.2,4.26,0.138,Hyderabad,TS
2024-01-22,0.0,31.0,20.3,4.24,0.138,Hyderabad,TS
2024-01-23,0.0,30.7,19.0,4.65,0.134,Hyderabad,TS
2024-01-24,0.0,29.6,19.2,3.91,0.133,Hyderabad,TS
2024-01-25,0.0,28.3,18.1,3.45,0.134,Hyderabad,TS
2024-01-26,0.0,29.6,17.8,4.04,0.137,Hyderabad,TS
2024-01-27,0.0,29.0,17.5,4.04,0.14,Hyderabad,TS
2024-01-28,0.0,29.1,16.4,4.62,0.137,Hyderabad,TS
2024-01-29,0.0,29.2,15.9,4.4,0.137,Hyderabad,TS
2024-01-30,0.0,29.3,16.6,4.55,0.142,Hyderabad,TS
2024-01-31,0.0,30.8,16.8,4.67,0.138,Hyderabad,TS
2024-02-01,0.0,31.1,18.3,5.04,0.137,Hyderabad,TS
2024-02-02,0.0,30.8,17.1,4.19,0.134,Hyderabad,TS
2024-02-03,0.2,29.9,19.4,4.34,0.132,Hyderabad,TS
2024-02-04,0.0,31.3,20.4,4.81,0.13,Hyderabad,TS
2024-02-05,0.0,32.4,19.0,4.59,0.128,Hyderabad,TS
2024-02-06,0.0,32.8,20.2,4.59,0.126,Hyderabad,TS
2024-02-07,0.0,33.4,20.3,4.61,0.124,Hyderabad,TS
2024-02-08,0.0,33.1,20.6,4.91,0.123,Hyderabad,TS
2024-02-09,0.0,32.4,19.3,5.21,0.122,Hyderabad,TS
2024-02-10,0.0,32.3,20.5,4.89,0.121,Hyderabad,TS
2024-02-11,0.0,32.7,19.8,5.35,0.123,Hyderabad,TS
2024-02-12,0.0,32.0,19.0,5.51,0.125,Hyderabad,TS
2024-02-13,0.0,32.3,18.0,5.5,0.124,Hyderabad,TS
2024-02-14,0.0,32.6,18.9,5.51,0.122,Hyderabad,TS
2024-02-15,0.0,32.3,18.2,5.77,0.121,Hyderabad,TS
2024-02-16,0.0,32.0,16.7,6.01,0.121,Hyderabad,TS
2024-02-17,0.0,33.0,17.2,5.94,0.121,Hyderabad,TS
2024-02-18,0.0,33.5,17.7,6.0,0.119,Hyderabad,TS
2024-02-19,0.0,33.6,18.5,5.99,0.118,Hyderabad,TS
2024-02-20,0.0,33.4,19.7,5.39,0.118,Hyderabad,TS
2024-02-21,0.0,33.3,19.9,6.02,0.117,Hyderabad,TS
2024-02-22,0.0,33.0,19.0,5.69,0.117,Hyderabad,TS
2024-02-23,0.0,32.6,19.3,5.64,0.117,Hyderabad,TS
2024-02-24,0.1,33.7,18.7,5.21,0.117,Hyderabad,TS
2024-02-25,0.4,32.0,22.3,4.73,0.12,Hyderabad,TS
2024-02-26,0.1,32.3,20.7,5.6,0.126,Hyderabad,TS
2024-02-27,0.0,33.4,19.6,5.74,0.133,Hyderabad,TS
2024-02-28,0.0,32.9,20.3,5.61,0.135,Hyderabad,TS
2024-02-29,0.0,33.7,19.7,5.77,0.131,Hyderabad,TS
2024-03-01,0.0,34.3,20.3,6.0,0.135,Hyderabad,TS
2024-03-02,0.0,35.4,20.7,6.58,0.13,Hyderabad,TS
2024-03-03,0.0,35.1,21.4,6.24,0.127,Hyderabad,TS
2024-03-04,0.0,34.8,21.1,5.78,0.125,Hyderabad,TS
2024-03-05,0.0,34.6,20.9,5.69,0.122,Hyderabad,TS
2024-03-06,0.0,36.3,23.0,6.0,0.122,Hyderabad,TS
2024-03-07,0.0,36.1,22.6,6.24,0.124,Hyderabad,TS
2024-03-08,0.0,35.8,20.8,6.25,0.121,Hyderabad,TS
2024-03-09,0.0,36.3,21.7,5.25,0.12,Hyderabad,TS
2024-03-10,0.2,34.8,23.0,5.29,0.119,Hyderabad,TS
2024-03-11,0.0,35.6,23.0,5.02,0.116,Hyderabad,TS
2024-03-12,0.0,36.3,22.7,5.6,0.116,Hyderabad,TS
2024-03-13,0.0,37.4,25.9,6.35,0.122,Hyderabad,TS
2024-03-14,0.0,35.4,23.0,5.55,0.113,Hyderabad,TS
2024-03-15,0.0,37.8,22.3,6.48,0.119,Hyderabad,TS
2024-03-16,0.4,35.1,22.3,5.63,0.12,Hyderabad,TS
2024-03-17,5.7,34.9,22.8,4.47,0.132,Hyderabad,TS
2024-03-18,0.9,34.3,23.4,3.75,0.128,Hyderabad,TS
2024-03-19,0.2,34.9,22.3,5.63,0.134,Hyderabad,TS
2024-03-20,0.2,30.8,21.8,5.86,0.138,Hyderabad,TS
2024-03-21,0.0,33.1,20.4,5.99,0.136,Hyderabad,TS
2024-03-22,0.0,35.1,19.8,5.81,0.134,Hyderabad,TS
2024-03-23,0.0,35.4,20.9,5.93,0.132,Hyderabad,TS
2024-03-24,0.0,35.4,23.0,6.2,0.13,Hyderabad,TS
2024-03-25,0.0,35.5,23.0,5.35,0.133,Hyderabad,TS
2024-03-26,0.0,36.9,22.6,6.79,0.134,Hyderabad,TS
2024-03-27,0.0,37.2,22.4,7.13,0.136,Hyderabad,TS
2024-03-28,0.0,38.3,21.9,6.82,0.137,Hyderabad,TS
2024-03-29,0.0,38.7,23.7,7.35,0.136,Hyderabad,TS
2024-03-30,0.0,38.4,23.1,6.81,0.14,Hyderabad,TS
2024-03-31,0.0,37.6,23.0,6.49,0.143,Hyderabad,TS
2024-04-01,0.0,38.0,22.7,6.8,0.14,Hyderabad,TS
2024-04-02,0.0,37.7,23.9,5.94,0.139,Hyderabad,TS
2024-04-03,0.0,38.4,24.5,6.03,0.135,Hyderabad,TS
2024-04-04,0.0,38.8,23.6,6.31,0.133,Hyderabad,TS
2024-04-05,0.0,39.2,25.8,6.74,0.129,Hyderabad,TS
2024-04-06,0.0,38.7,26.4,7.09,0.127,Hyderabad,TS
2024-04-07,0.0,39.5,25.0,7.68,0.127,Hyderabad,TS
2024-04-08,0.0,37.3,25.8,8.1,0.128,Hyderabad,TS
2024-04-09,0.0,35.0,23.8,6.68,0.123,Hyderabad,TS
2024-04-10,0.0,35.6,24.2,7.06,0.129,Hyderabad,TS
2024-04-11,0.0,35.4,24.4,6.93,0.128,Hyderabad,TS
2024-04-12,6.3,31.2,23.7,5.27,0.152,Hyderabad,TS
2024-04-13,1.8,33.1,22.5,5.14,0.154,Hyderabad,TS
2024-04-14,0.0,36.6,23.8,6.52,0.154,Hyderabad,TS
2024-04-15,0.0,37.7,23.8,6.83,0.143,Hyderabad,TS
2024-04-16,0.0,37.8,24.4,7.07,0.134,Hyderabad,TS
2024-04-17,0.1,37.8,24.9,6.19,0.127,Hyderabad,TS
2024-04-18,0.0,38.6,26.4,5.97,0.123,Hyderabad,TS
2024-04-19,0.1,37.8,26.1,6.07,0.124,Hyderabad,TS
2024-04-20,0.5,36.4,25.8,5.21,0.134,Hyderabad,TS
2024-04-21,1.7,36.9,26.2,5.97,0.148,Hyderabad,TS
2024-04-22,0.0,37.0,25.7,6.42,0.146,Hyderabad,TS
2024-04-23,0.0,39.0,23.4,6.22,0.14,Hyderabad,TS
2024-04-24,0.0,38.7,22.9,7.31,0.134,Hyderabad,TS
2024-04-25,0.0,39.0,25.5,7.1,0.137,Hyderabad,TS
2024-04-26,0.0,40.4,23.8,6.48,0.135,Hyderabad,TS
2024-04-27,0.0,38.7,24.7,6.85,0.132,Hyderabad,TS
2024-04-28,0.0,40.5,25.8,7.73,0.131,Hyderabad,TS
2024-04-29,0.0,39.6,25.5,6.73,0.126,Hyderabad,TS
2024-04-30,0.0,39.9,25.8,6.73,0.125,Hyderabad,TS
2024-05-01,0.0,40.5,28.0,8.21,0.124,Hyderabad,TS
2024-05-02,0.0,39.6,25.2,7.92,0.121,Hyderabad,TS
2024-05-03,0.0,40.4,24.0,7.73,0.119,Hyderabad,TS
2024-05-04,0.0,41.4,24.9,7.21,0.115,Hyderabad,TS
2024-05-05,0.0,40.0,26.0,7.6,0.114,Hyderabad,TS
2024-05-06,0.0,40.8,25.9,7.31,0.114,Hyderabad,TS
2024-05-07,1.6,35.1,23.9,5.73,0.126,Hyderabad,TS
2024-05-08,0.8,36.5,23.4,6.01,0.192,Hyderabad,TS
2024-05-09,0.8,36.2,23.6,5.78,0.198,Hyderabad,TS
2024-05-10,22.9,34.8,22.0,4.45,0.294,Hyderabad,TS
2024-05-11,0.0,37.3,24.2,6.51,0.199,Hyderabad,TS
2024-05-12,5.1,35.8,24.2,5.8,0.174,Hyderabad,TS
2024-05-13,1.6,34.9,24.9,5.12,0.186,Hyderabad,TS
2024-05-14,0.5,35.0,24.4,5.87,0.166,Hyderabad,TS
2024-05-15,1.0,36.1,24.6,5.95,0.157,Hyderabad,TS
2024-05-16,13.5,32.9,23.7,5.05,0.174,Hyderabad,TS
2024-05-17,2.3,32.6,23.1,4.87,0.243,Hyderabad,TS
2024-05-18,10.7,33.1,24.2,4.13,0.252,Hyderabad,TS
2024-05-19,10.3,32.8,23.7,4.16,0.301,Hyderabad,TS
2024-05-20,9.2,32.7,23.1,4.72,0.293,Hyderabad,TS
2024-05-21,0.2,34.6,24.7,5.72,0.229,Hyderabad,TS
2024-05-22,5.5,35.2,24.4,5.27,0.21,Hyderabad,TS
2024-05-23,0.0,36.3,25.0,5.21,0.186,Hyderabad,TS
2024-05-24,0.0,38.6,26.4,6.8,0.172,Hyderabad,TS
2024-05-25,0.5,37.0,27.3,4.99,0.169,Hyderabad,TS
2024-05-26,0.2,37.6,28.2,8.3,0.16,Hyderabad,TS
2024-05-27,0.0,38.0,27.9,7.67,0.159,Hyderabad,TS
2024-05-28,0.0,37.0,26.8,7.32,0.156,Hyderabad,TS
2024-05-29,0.0,38.6,27.0,8.23,0.148,Hyderabad,TS
2024-05-30,0.0,38.4,27.9,7.85,0.138,Hyderabad,TS
2024-05-31,0.0,39.5,28.0,7.94,0.13,Hyderabad,TS
2024-06-01,0.0,39.2,27.6,6.9,0.124,Hyderabad,TS
2024-06-02,25.2,37.2,26.1,4.7,0.195,Hyderabad,TS
2024-06-03,11.9,33.6,22.7,4.11,0.265,Hyderabad,TS
2024-06-04,7.4,33.5,25.2,3.67,0.183,Hyderabad,TS
2024-06-05,34.1,32.3,24.2,3.4,0.256,Hyderabad,TS
2024-06-06,38.3,34.1,23.6,4.6,0.375,Hyderabad,TS
2024-06-07,4.5,32.0,23.3,3.71,0.347,Hyderabad,TS
2024-06-08,6.3,31.3,24.0,3.69,0.336,Hyderabad,TS
2024-06-09,1.6,30.9,23.3,4.06,0.326,Hyderabad,TS
2024-06-10,10.6,29.2,23.4,3.19,0.323,Hyderabad,TS
2024-06-11,6.0,31.1,23.1,3.24,0.346,Hyderabad,TS
2024-06-12,6.2,31.1,22.6,3.51,0.328,Hyderabad,TS
2024-06-13,32.4,32.1,23.4,4.3,0.353,Hyderabad,TS
2024-06-14,8.7,30.4,23.2,3.99,0.359,Hyderabad,TS
2024-06-15,0.8,31.6,23.5,5.08,0.304,Hyderabad,TS
2024-06-16,2.1,31.2,23.9,4.47,0.276,Hyderabad,TS
2024-06-17,2.8,32.4,23.6,4.64,0.256,Hyderabad,TS
2024-06-18,0.4,32.6,23.8,4.93,0.225,Hyderabad,TS
2024-06-19,6.5,30.3,23.8,4.36,0.234,Hyderabad,TS
2024-06-20,0.6,32.1,24.5,5.48,0.182,Hyderabad,TS
2024-06-21,2.8,32.3,24.5,4.88,0.174,Hyderabad,TS
2024-06-22,15.8,29.0,23.9,1.94,0.257,Hyderabad,TS
2024-06-23,2.5,31.9,23.2,4.98,0.248,Hyderabad,TS
2024-06-24,0.1,31.5,23.8,4.8,0.239,Hyderabad,TS
2024-06-25,7.9,32.5,24.1,4.77,0.231,Hyderabad,TS
2024-06-26,7.4,31.7,24.0,4.24,0.27,Hyderabad,TS
2024-06-27,28.0,27.5,23.5,2.7,0.348,Hyderabad,TS
2024-06-28,8.9,28.9,23.0,2.99,0.349,Hyderabad,TS
2024-06-29,2.2,30.0,23.4,4.1,0.298,Hyderabad,TS
2024-06-30,11.8,28.6,23.7,2.31,0.341,Hyderabad,TS
2024-07-01,1.0,28.9,23.4,3.24,0.328,Hyderabad,TS
2024-07-02,1.8,30.9,23.6,4.65,0.292,Hyderabad,TS
2024-07-03,0.0,30.7,23.5,4.11,0.278,Hyderabad,TS
2024-07-04,0.1,31.3,24.0,4.63,0.255,Hyderabad,TS
2024-07-05,2.4,30.8,23.7,4.08,0.236,Hyderabad,TS
2024-07-06,9.9,29.6,23.2,3.55,0.32,Hyderabad,TS
2024-07-07,9.3,28.9,22.8,3.35,0.322,Hyderabad,TS
2024-07-08,25.9,29.1,22.7,2.85,0.354,Hyderabad,TS
2024-07-09,8.6,29.3,23.1,3.58,0.351,Hyderabad,TS
2024-07-10,2.1,31.2,22.6,4.62,0.329,Hyderabad,TS
2024-07-11,12.0,31.0,23.1,4.39,0.329,Hyderabad,TS
2024-07-12,3.3,30.9,23.3,5.09,0.272,Hyderabad,TS
2024-07-13,3.6,30.5,23.1,4.37,0.279,Hyderabad,TS
2024-07-14,17.7,26.2,23.0,1.87,0.342,Hyderabad,TS
2024-07-15,5.4,29.1,23.3,2.99,0.379,Hyderabad,TS
2024-07-16,8.8,29.8,23.0,4.23,0.397,Hyderabad,TS
2024-07-17,3.6,28.7,22.9,3.29,0.382,Hyderabad,TS
2024-07-18,10.8,27.6,23.1,2.87,0.395,Hyderabad,TS
2024-07-19,28.3,27.5,22.4,2.14,0.426,Hyderabad,TS
2024-07-20,20.6,25.9,22.7,1.92,0.425,Hyderabad,TS
2024-07-21,13.5,27.7,22.4,2.69,0.414,Hyderabad,TS
2024-07-22,10.2,25.8,22.8,1.91,0.42,Hyderabad,TS
2024-07-23,11.9,26.6,23.0,2.31,0.417,Hyderabad,TS
2024-07-24,25.7,24.6,22.4,1.48,0.424,Hyderabad,TS
2024-07-25,18.2,24.9,22.4,1.61,0.425,Hyderabad,TS
2024-07-26,13.5,27.2,22.0,2.41,0.418,Hyderabad,TS
2024-07-27,10.5,25.5,22.9,2.07,0.416,Hyderabad,TS
2024-07-28,4.8,28.7,22.7,4.27,0.408,Hyderabad,TS
2024-07-29,3.8,29.3,23.3,3.95,0.392,Hyderabad,TS
2024-07-30,0.0,29.9,23.4,3.84,0.373,Hyderabad,TS
2024-07-31,1.5,29.6,23.4,4.35,0.353,Hyderabad,TS
2024-08-01,3.7,29.0,23.7,3.18,0.362,Hyderabad,TS
2024-08-02,11.5,27.4,22.9,2.66,0.393,Hyderabad,TS
2024-08-03,0.4,28.2,23.1,3.6,0.36,Hyderabad,TS
2024-08-04,4.9,29.0,22.9,3.94,0.363,Hyderabad,TS
2024-08-05,0.5,30.2,22.7,4.42,0.355,Hyderabad,TS
2024-08-06,5.5,29.1,22.5,3.83,0.346,Hyderabad,TS
2024-08-07,22.2,25.1,22.6,1.63,0.401,Hyderabad,TS
2024-08-08,7.9,29.0,22.0,3.76,0.396,Hyderabad,TS
2024-08-09,3.6,30.3,21.9,4.26,0.379,Hyderabad,TS
2024-08-10,0.4,30.3,22.8,5.1,0.34,Hyderabad,TS
2024-08-11,0.2,29.4,22.9,4.52,0.323,Hyderabad,TS
2024-08-12,39.0,28.2,23.1,3.05,0.37,Hyderabad,TS
2024-08-13,2.2,30.4,22.6,4.6,0.319,Hyderabad,TS
2024-08-14,0.2,30.8,23.6,4.34,0.311,Hyderabad,TS
2024-08-15,1.1,31.0,23.3,4.45,0.306,Hyderabad,TS
2024-08-16,26.6,31.2,23.1,3.13,0.351,Hyderabad,TS
2024-08-17,3.2,30.4,22.8,4.2,0.35,Hyderabad,TS
2024-08-18,7.8,31.2,23.6,4.33,0.35,Hyderabad,TS
2024-08-19,17.3,28.8,23.6,2.45,0.404,Hyderabad,TS
2024-08-20,8.2,29.9,23.1,3.26,0.412,Hyderabad,TS
2024-08-21,7.4,31.2,23.0,4.85,0.399,Hyderabad,TS
2024-08-22,6.9,30.1,22.7,3.97,0.403,Hyderabad,TS
2024-08-23,0.2,28.4,23.2,3.18,0.4,Hyderabad,TS
2024-08-24,12.7,27.3,22.9,2.63,0.402,Hyderabad,TS
2024-08-25,9.1,27.0,22.1,2.81,0.415,Hyderabad,TS
2024-08-26,1.8,29.2,22.4,4.53,0.392,Hyderabad,TS
2024-08-27,4.0,29.7,22.4,4.44,0.373,Hyderabad,TS
2024-08-28,3.3,29.3,22.4,4.46,0.381,Hyderabad,TS
2024-08-29,1.0,29.2,22.3,4.24,0.364,Hyderabad,TS
2024-08-30,15.9,24.8,22.9,1.43,0.386,Hyderabad,TS
2024-08-31,25.0,25.1,21.9,1.41,0.418,Hyderabad,TS
2024-09-01,72.0,23.1,21.7,1.11,0.43,Hyderabad,TS
2024-09-02,19.6,25.1,22.0,2.06,0.42,Hyderabad,TS
2024-09-03,8.8,27.6,22.8,3.02,0.409,Hyderabad,TS
2024-09-04,7.9,28.1,22.6,3.23,0.421,Hyderabad,TS
2024-09-05,3.7,29.4,22.6,3.79,0.409,Hyderabad,TS
2024-09-06,2.9,29.0,22.6,3.89,0.4,Hyderabad,TS
2024-09-07,10.3,26.5,22.8,2.1,0.41,Hyderabad,TS
2024-09-08,16.1,26.4,22.7,1.54,0.419,Hyderabad,TS
2024-09-09,12.9,25.0,22.7,1.43,0.425,Hyderabad,TS
2024-09-10,2.5,29.3,22.4,3.78,0.413,Hyderabad,TS
2024-09-11,0.1,29.4,22.0,4.53,0.393,Hyderabad,TS
2024-09-12,0.0,28.7,22.1,4.45,0.377,Hyderabad,TS
2024-09-13,0.0,28.7,21.9,5.13,0.362,Hyderabad,TS
2024-09-14,0.0,29.2,21.7,4.91,0.345,Hyderabad,TS
2024-09-15,0.0,29.4,21.8,5.24,0.333,Hyderabad,TS
2024-09-16,0.8,27.8,22.2,4.04,0.323,Hyderabad,TS
2024-09-17,0.0,29.8,22.1,5.29,0.309,Hyderabad,TS
2024-09-18,0.1,29.5,21.0,4.95,0.293,Hyderabad,TS
2024-09-19,0.0,30.4,21.1,5.01,0.275,Hyderabad,TS
2024-09-20,0.4,30.9,22.1,4.83,0.258,Hyderabad,TS
2024-09-21,6.1,29.5,22.3,3.29,0.305,Hyderabad,TS
2024-09-22,2.4,29.3,22.2,3.18,0.343,Hyderabad,TS
2024-09-23,20.0,29.2,22.2,2.7,0.368,Hyderabad,TS
2024-09-24,13.6,29.3,22.5,2.93,0.379,Hyderabad,TS
2024-09-25,14.6,28.7,22.7,3.24,0.417,Hyderabad,TS
2024-09-26,8.6,27.8,22.9,2.76,0.41,Hyderabad,TS
2024-09-27,0.0,29.0,22.8,3.6,0.383,Hyderabad,TS
2024-09-28,0.0,29.6,22.2,4.0,0.36,Hyderabad,TS
2024-09-29,0.8,30.7,22.1,4.3,0.347,Hyderabad,TS
2024-09-30,3.7,29.9,22.5,3.84,0.337,Hyderabad,TS
2024-10-01,2.7,31.2,22.7,4.45,0.322,Hyderabad,TS
2024-10-02,3.1,31.8,22.4,4.67,0.303,Hyderabad,TS
2024-10-03,1.1,31.5,22.5,4.66,0.337,Hyderabad,TS
2024-10-04,0.1,30.7,22.4,4.45,0.341,Hyderabad,TS
2024-10-05,2.2,30.4,22.3,4.21,0.321,Hyderabad,TS
2024-10-06,1.4,30.7,22.3,4.19,0.302,Hyderabad,TS
2024-10-07,2.1,30.0,21.7,4.2,0.288,Hyderabad,TS
2024-10-08,0.2,29.7,21.6,4.46,0.272,Hyderabad,TS
2024-10-09,2.7,30.2,22.4,4.11,0.263,Hyderabad,TS
2024-10-10,1.4,29.2,22.5,3.93,0.262,Hyderabad,TS
2024-10-11,1.7,29.7,22.6,3.61,0.274,Hyderabad,TS
2024-10-12,4.4,29.5,22.3,3.34,0.341,Hyderabad,TS
2024-10-13,2.7,29.7,22.2,3.62,0.332,Hyderabad,TS
2024-10-14,0.2,28.6,21.0,3.36,0.309,Hyderabad,TS
2024-10-15,11.0,29.4,22.1,2.96,0.315,Hyderabad,TS
2024-10-16,6.6,29.4,21.9,3.22,0.313,Hyderabad,TS
2024-10-17,7.8,29.0,22.7,3.25,0.298,Hyderabad,TS
2024-10-18,2.6,28.8,23.0,3.27,0.316,Hyderabad,TS
2024-10-19,0.9,30.3,22.0,3.94,0.301,Hyderabad,TS
2024-10-20,5.9,29.4,21.4,3.38,0.325,Hyderabad,TS
2024-10-21,1.2,29.6,20.8,3.76,0.316,Hyderabad,TS
2024-10-22,6.1,29.5,20.9,3.2,0.31,Hyderabad,TS
2024-10-23,0.0,30.5,21.0,4.71,0.288,Hyderabad,TS
2024-10-24,0.0,30.7,19.5,4.56,0.264,Hyderabad,TS
2024-10-25,0.0,30.1,19.9,4.99,0.246,Hyderabad,TS
2024-10-26,0.4,30.2,20.3,4.71,0.232,Hyderabad,TS
2024-10-27,0.0,30.5,18.7,4.49,0.216,Hyderabad,TS
2024-10-28,0.0,30.3,19.5,3.93,0.205,Hyderabad,TS
2024-10-29,0.1,30.5,20.0,4.12,0.198,Hyderabad,TS
2024-10-30,6.5,30.2,21.5,3.2,0.224,Hyderabad,TS
2024-10-31,11.3,28.7,21.1,2.91,0.29,Hyderabad,TS
2024-11-01,6.1,30.1,21.3,3.53,0.264,Hyderabad,TS
2024-11-02,1.6,29.2,20.7,3.41,0.254,Hyderabad,TS
2024-11-03,1.2,28.4,20.6,3.37,0.248,Hyderabad,TS
2024-11-04,0.0,29.5,20.4,4.06,0.243,Hyderabad,TS
2024-11-05,0.0,29.7,18.5,4.58,0.229,Hyderabad,TS
2024-11-06,0.0,30.2,18.1,4.9,0.214,Hyderabad,TS
2024-11-07,0.0,29.8,17.8,4.64,0.201,Hyderabad,TS
2024-11-08,0.0,29.6,17.6,4.21,0.189,Hyderabad,TS
2024-11-09,0.0,29.8,18.2,4.4,0.18,Hyderabad,TS
2024-11-10,0.0,29.9,18.5,4.93,0.174,Hyderabad,TS
2024-11-11,0.0,29.3,18.8,4.78,0.17,Hyderabad,TS
2024-11-12,0.0,29.9,20.5,4.77,0.145,Hyderabad,TS
2024-11-13,0.0,30.3,22.5,4.2,0.08,Hyderabad,TS
2024-11-14,1.0,29.5,21.9,2.61,0.086,Hyderabad,TS
2024-11-15,1.4,30.7,21.6,4.14,0.082,Hyderabad,TS
2024-11-16,0.0,30.6,21.9,4.95,0.085,Hyderabad,TS
2024-11-17,0.0,29.5,20.8,5.03,0.079,Hyderabad,TS
2024-11-18,0.0,28.6,19.9,4.78,0.079,Hyderabad,TS
2024-11-19,0.0,28.3,19.6,4.67,0.079,Hyderabad,TS
2024-11-20,0.0,28.1,18.8,4.54,0.078,Hyderabad,TS
2024-11-21,0.0,28.3,19.2,4.44,0.078,Hyderabad,TS
2024-11-22,0.0,28.6,19.1,4.56,0.078,Hyderabad,TS
2024-11-23,0.0,28.3,19.0,4.14,0.08,Hyderabad,TS
2024-11-24,0.0,28.4,19.4,4.31,0.078,Hyderabad,TS
2024-11-25,0.0,27.5,18.6,4.47,0.078,Hyderabad,TS
2024-11-26,0.0,28.8,18.6,4.49,0.078,Hyderabad,TS
2024-11-27,0.0,27.5,18.9,4.57,0.078,Hyderabad,TS
2024-11-28,0.0,26.9,18.0,5.09,0.078,Hyderabad,TS
2024-11-29,0.0,29.0,17.9,4.35,0.078,Hyderabad,TS
2024-11-30,0.0,29.1,21.1,3.59,0.078,Hyderabad,TS
2024-12-01,0.7,28.1,22.1,2.99,0.083,Hyderabad,TS
2024-12-02,4.2,27.3,21.7,2.14,0.105,Hyderabad,TS
2024-12-03,3.5,27.4,21.3,2.67,0.135,Hyderabad,TS
2024-12-04,0.8,28.3,21.8,3.17,0.13,Hyderabad,TS
2024-12-05,12.2,27.4,21.1,2.28,0.187,Hyderabad,TS
2024-12-06,3.1,29.1,21.6,3.29,0.098,Hyderabad,TS
2024-12-07,1.4,30.0,21.1,2.91,0.093,Hyderabad,TS
2024-12-08,1.1,28.7,21.8,2.68,0.083,Hyderabad,TS
2024-12-09,1.0,27.8,21.4,3.08,0.09,Hyderabad,TS
2024-12-10,0.6,28.2,21.0,3.35,0.095,Hyderabad,TS
2024-12-11,0.0,27.2,18.6,4.03,0.092,Hyderabad,TS
2024-12-12,0.0,27.4,17.5,3.67,0.094,Hyderabad,TS
2024-12-13,0.0,26.9,18.0,4.02,0.092,Hyderabad,TS
2024-12-14,0.0,26.6,17.5,4.13,0.092,Hyderabad,TS
2024-12-15,0.0,26.6,16.9,4.08,0.09,Hyderabad,TS
2024-12-16,0.0,27.0,15.5,4.04,0.09,Hyderabad,TS
2024-12-17,0.0,27.5,15.3,3.82,0.09,Hyderabad,TS
2024-12-18,0.0,28.0,16.7,4.0,0.09,Hyderabad,TS
2024-12-19,0.0,28.9,18.5,3.76,0.088,Hyderabad,TS
2024-12-20,0.0,29.4,20.9,2.81,0.082,Hyderabad,TS
2024-12-21,0.0,29.9,20.0,3.77,0.091,Hyderabad,TS
2024-12-22,0.0,28.5,20.2,3.51,0.095,Hyderabad,TS
2024-12-23,0.0,28.6,19.8,3.93,0.09,Hyderabad,TS
2024-12-24,0.0,28.5,21.0,3.76,0.087,Hyderabad,TS
2024-12-25,0.1,27.7,20.0,3.0,0.084,Hyderabad,TS
2024-12-26,0.5,25.9,20.6,2.1,0.094,Hyderabad,TS
2024-12-27,1.9,26.4,20.6,2.77,0.114,Hyderabad,TS
2024-12-28,0.0,27.9,18.8,3.76,0.095,Hyderabad,TS
2024-12-29,0.0,28.9,19.3,3.96,0.086,Hyderabad,TS
2024-12-30,0.0,30.0,19.4,4.25,0.082,Hyderabad,TS
2024-12-31,0.0,28.7,19.9,4.06,0.081,Hyderabad,TS
2025-01-01,0.0,28.6,20.5,4.15,0.08,Hyderabad,TS
2025-01-02,0.0,28.2,18.6,4.37,0.081,Hyderabad,TS
2025-01-03,0.0,28.9,18.2,4.6,0.08,Hyderabad,TS
2025-01-04,0.0,28.9,18.5,4.63,0.08,Hyderabad,TS
2025-01-05,0.0,28.2,16.4,4.11,0.081,Hyderabad,TS
2025-01-06,0.0,27.5,17.7,4.04,0.081,Hyderabad,TS
2025-01-07,0.0,28.6,18.0,4.28,0.081,Hyderabad,TS
2025-01-08,0.0,27.2,18.7,4.44,0.081,Hyderabad,TS
2025-01-09,0.0,25.8,17.0,4.18,0.081,Hyderabad,TS
2025-01-10,0.0,26.4,17.3,4.1,0.081,Hyderabad,TS
2025-01-11,0.0,26.8,17.8,4.11,0.081,Hyderabad,TS
2025-01-12,0.0,27.7,18.0,3.85,0.081,Hyderabad,TS
2025-01-13,0.0,28.7,19.0,4.13,0.081,Hyderabad,TS
2025-01-14,0.0,28.5,18.4,4.23,0.081,Hyderabad,TS
2025-01-15,0.0,28.1,18.7,3.97,0.081,Hyderabad,TS
2025-01-16,0.0,28.2,18.9,3.96,0.081,Hyderabad,TS
2025-01-17,0.0,28.4,18.9,4.24,0.081,Hyderabad,TS
2025-01-18,0.0,26.9,18.5,3.97,0.081,Hyderabad,TS
2025-01-19,0.0,29.3,19.0,4.39,0.081,Hyderabad,TS
2025-01-20,0.0,29.5,19.2,4.72,0.08,Hyderabad,TS
2025-01-21,0.0,30.5,18.2,4.71,0.08,Hyderabad,TS
2025-01-22,0.0,30.1,18.6,4.72,0.08,Hyderabad,TS
2025-01-23,0.0,29.6,18.5,4.41,0.08,Hyderabad,TS
2025-01-24,0.0,30.6,19.0,4.69,0.08,Hyderabad,TS
2025-01-25,0.0,31.3,18.3,4.67,0.08,Hyderabad,TS
2025-01-26,0.0,30.1,19.6,4.8,0.08,Hyderabad,TS
2025-01-27,0.0,31.2,19.2,4.59,0.079,Hyderabad,TS
2025-01-28,0.0,31.0,19.3,4.78,0.079,Hyderabad,TS
2025-01-29,0.0,30.5,19.8,4.69,0.079,Hyderabad,TS
2025-01-30,0.0,31.0,19.3,4.71,0.08,Hyderabad,TS
2025-01-31,0.0,32.4,19.6,4.94,0.079,Hyderabad,TS
2025-02-01,0.0,32.2,21.0,5.23,0.079,Hyderabad,TS
2025-02-02,0.0,32.3,21.3,5.17,0.079,Hyderabad,TS
2025-02-03,0.0,32.2,20.9,5.18,0.079,Hyderabad,TS
2025-02-04,0.0,33.1,20.0,5.26,0.079,Hyderabad,TS
2025-02-05,0.0,33.4,22.1,5.41,0.079,Hyderabad,TS
2025-02-06,0.0,32.4,21.6,5.29,0.079,Hyderabad,TS
2025-02-07,0.0,32.1,21.9,4.77,0.079,Hyderabad,TS
2025-02-08,0.0,32.3,22.2,5.03,0.079,Hyderabad,TS
2025-02-09,0.0,31.6,22.1,5.43,0.079,Hyderabad,TS
2025-02-10,0.0,32.3,21.4,5.23,0.079,Hyderabad,TS
2025-02-11,0.0,33.7,21.5,5.23,0.078,Hyderabad,TS
2025-02-12,0.0,34.4,22.0,5.29,0.078,Hyderabad,TS
2025-02-13,0.0,33.6,21.5,5.18,0.078,Hyderabad,TS
2025-02-14,0.0,32.8,22.4,4.86,0.078,Hyderabad,TS
2025-02-15,0.0,32.9,20.6,5.36,0.078,Hyderabad,TS
2025-02-16,0.0,33.5,20.4,5.24,0.078,Hyderabad,TS
2025-02-17,0.0,34.3,21.4,5.31,0.078,Hyderabad,TS
2025-02-18,0.0,34.7,21.9,5.51,0.078,Hyderabad,TS
2025-02-19,0.0,34.0,23.0,5.71,0.078,Hyderabad,TS
2025-02-20,0.5,33.9,23.4,5.04,0.08,Hyderabad,TS
2025-02-21,0.0,32.8,23.3,4.68,0.081,Hyderabad,TS
2025-02-22,0.0,33.9,22.3,5.24,0.078,Hyderabad,TS
2025-02-23,0.0,33.2,23.0,5.78,0.078,Hyderabad,TS
2025-02-24,0.0,32.3,22.7,6.37,0.078,Hyderabad,TS
2025-02-25,0.0,31.8,21.1,5.81,0.078,Hyderabad,TS
2025-02-26,0.0,31.8,21.7,5.67,0.078,Hyderabad,TS
2025-02-27,0.0,32.4,21.6,5.61,0.078,Hyderabad,TS
2025-02-28,0.0,32.5,21.7,5.66,0.078,Hyderabad,TS
2025-03-01,0.0,32.8,21.6,5.98,0.078,Hyderabad,TS
2025-03-02,0.0,34.5,22.5,5.93,0.078,Hyderabad,TS
2025-03-03,0.0,35.6,23.5,6.02,0.078,Hyderabad,TS
2025-03-04,0.0,36.0,22.8,5.9,0.078,Hyderabad,TS
2025-03-05,0.0,33.7,23.9,6.19,0.078,Hyderabad,TS
2025-03-06,0.0,32.5,21.1,6.3,0.078,Hyderabad,TS
2025-03-07,0.0,33.4,19.3,5.94,0.078,Hyderabad,TS
2025-03-08,0.0,35.8,19.8,5.71,0.078,Hyderabad,TS
2025-03-09,0.0,34.7,22.6,6.37,0.078,Hyderabad,TS
2025-03-10,0.0,32.6,20.7,5.81,0.078,Hyderabad,TS
2025-03-11,0.0,33.6,22.1,6.02,0.078,Hyderabad,TS
2025-03-12,0.0,35.8,22.4,6.14,0.078,Hyderabad,TS
2025-03-13,0.0,37.6,23.7,6.31,0.078,Hyderabad,TS
2025-03-14,0.0,37.4,25.5,6.34,0.078,Hyderabad,TS
2025-03-15,0.0,37.4,26.0,7.07,0.078,Hyderabad,TS
2025-03-16,0.0,37.2,25.8,7.74,0.078,Hyderabad,TS
2025-03-17,0.0,37.6,24.9,6.74,0.078,Hyderabad,TS
2025-03-18,0.0,37.0,26.2,6.89,0.078,Hyderabad,TS
2025-03-19,0.0,36.1,24.6,7.44,0.078,Hyderabad,TS
2025-03-20,0.0,35.3,22.1,6.25,0.078,Hyderabad,TS
2025-03-21,0.0,35.8,22.4,6.03,0.078,Hyderabad,TS
2025-03-22,0.5,33.8,23.0,5.16,0.085,Hyderabad,TS
2025-03-23,0.1,32.3,22.8,4.77,0.088,Hyderabad,TS
2025-03-24,0.0,33.3,22.8,5.48,0.088,Hyderabad,TS
2025-03-25,0.0,34.5,23.0,5.86,0.079,Hyderabad,TS
2025-03-26,0.0,36.2,24.0,6.58,0.078,Hyderabad,TS
2025-03-27,0.0,37.5,25.1,6.72,0.078,Hyderabad,TS
2025-03-28,0.0,37.8,26.1,5.78,0.078,Hyderabad,TS
2025-03-29,0.0,37.6,26.2,5.76,0.078,Hyderabad,TS
2025-03-30,0.0,38.1,26.8,6.51,0.077,Hyderabad,TS
2025-03-31,0.0,37.0,26.1,6.75,0.077,Hyderabad,TS
2025-04-01,0.0,35.2,23.8,6.17,0.078,Hyderabad,TS
2025-04-02,0.0,32.8,23.3,5.71,0.078,Hyderabad,TS
2025-04-03,9.4,30.3,21.6,4.28,0.162,Hyderabad,TS
2025-04-04,3.0,30.6,21.4,4.86,0.275,Hyderabad,TS
2025-04-05,0.0,32.5,23.6,5.38,0.209,Hyderabad,TS
2025-04-06,0.0,34.5,23.1,5.65,0.14,Hyderabad,TS
2025-04-07,0.0,36.1,23.8,6.38,0.095,Hyderabad,TS
2025-04-08,0.1,35.6,23.9,5.97,0.071,Hyderabad,TS
2025-04-09,0.0,36.8,23.8,6.13,0.068,Hyderabad,TS
2025-04-10,0.0,37.1,25.4,6.12,0.077,Hyderabad,TS
2025-04-11,0.0,37.0,24.3,6.89,0.078,Hyderabad,TS
2025-04-12,0.0,37.1,25.3,7.13,0.078,Hyderabad,TS
2025-04-13,0.0,37.0,25.1,6.55,0.078,Hyderabad,TS
2025-04-14,0.0,36.9,24.9,6.31,0.078,Hyderabad,TS
2025-04-15,0.0,36.2,25.6,6.44,0.078,Hyderabad,TS
2025-04-16,0.0,36.2,24.3,6.34,0.078,Hyderabad,TS
2025-04-17,0.3,35.9,25.1,5.74,0.076,Hyderabad,TS
2025-04-18,0.0,37.2,25.6,6.14,0.081,Hyderabad,TS
2025-04-19,1.7,35.3,26.7,5.35,0.081,Hyderabad,TS
2025-04-20,0.0,37.9,27.3,6.09,0.078,Hyderabad,TS
2025-04-21,0.1,37.8,26.7,6.36,0.078,Hyderabad,TS
2025-04-22,0.1,38.5,27.7,6.06,0.078,Hyderabad,TS
2025-04-23,0.0,38.3,28.0,6.79,0.073,Hyderabad,TS
2025-04-24,0.0,38.7,27.8,6.98,0.073,Hyderabad,TS
2025-04-25,0.0,38.4,28.9,6.46,0.078,Hyderabad,TS
2025-04-26,0.0,37.6,27.0,5.91,0.072,Hyderabad,TS
2025-04-27,8.2,32.9,24.7,3.83,0.112,Hyderabad,TS
2025-04-28,0.0,37.0,24.9,6.0,0.083,Hyderabad,TS
2025-04-29,0.0,36.9,25.0,6.43,0.075,Hyderabad,TS
2025-04-30,0.0,38.4,25.6,6.86,0.075,Hyderabad,TS
2025-05-01,0.0,37.9,25.2,6.15,0.078,Hyderabad,TS
2025-05-02,0.0,38.7,25.5,6.59,0.073,Hyderabad,TS
2025-05-03,0.0,38.6,26.2,6.91,0.078,Hyderabad,TS
2025-05-04,0.0,38.5,26.1,6.66,0.078,Hyderabad,TS
2025-05-05,0.0,37.5,23.9,6.62,0.078,Hyderabad,TS
2025-05-06,0.0,36.8,24.9,5.93,0.079,Hyderabad,TS
2025-05-07,0.8,36.0,24.8,6.81,0.079,Hyderabad,TS
2025-05-08,0.0,35.2,26.4,6.33,0.078,Hyderabad,TS
2025-05-09,0.0,35.6,25.1,6.43,0.076,Hyderabad,TS
2025-05-10,0.0,36.5,26.7,6.26,0.076,Hyderabad,TS
2025-05-11,0.2,37.6,27.4,6.47,0.077,Hyderabad,TS
2025-05-12,0.0,37.0,26.3,6.48,0.072,Hyderabad,TS
2025-05-13,0.0,36.5,26.1,5.77,0.086,Hyderabad,TS
2025-05-14,0.2,36.9,25.5,5.59,0.085,Hyderabad,TS
2025-05-15,11.5,33.6,22.8,5.28,0.128,Hyderabad,TS
2025-05-16,0.3,35.5,25.0,4.72,0.099,Hyderabad,TS
2025-05-17,0.6,34.9,26.1,5.54,0.094,Hyderabad,TS
2025-05-18,1.5,35.2,25.0,5.21,0.088,Hyderabad,TS
2025-05-19,8.8,34.0,23.6,5.2,0.106,Hyderabad,TS
2025-05-20,1.9,34.5,25.7,5.14,0.092,Hyderabad,TS
2025-05-21,24.5,30.2,24.1,3.81,0.248,Hyderabad,TS
2025-05-22,5.4,30.8,23.7,4.0,0.35,Hyderabad,TS
2025-05-23,1.0,31.5,24.0,4.7,0.304,Hyderabad,TS
2025-05-24,1.6,31.1,24.5,4.3,0.308,Hyderabad,TS
2025-05-25,2.6,30.4,23.2,4.66,0.332,Hyderabad,TS
2025-05-26,2.0,28.8,23.7,3.21,0.348,Hyderabad,TS
2025-05-27,1.5,30.7,23.4,3.99,0.344,Hyderabad,TS
2025-05-28,3.5,28.0,23.8,3.05,0.327,Hyderabad,TS
2025-05-29,4.5,30.9,23.5,2.45,0.316,Hyderabad,TS
2025-05-30,1.8,32.2,23.6,5.47,0.287,Hyderabad,TS
2025-05-31,0.0,33.6,24.5,6.57,0.246,Hyderabad,TS
2025-06-01,0.2,33.0,24.3,6.33,0.198,Hyderabad,TS
2025-06-02,1.1,31.9,24.0,5.44,0.169,Hyderabad,TS
2025-06-03,0.2,31.8,24.1,5.2,0.17,Hyderabad,TS
2025-06-04,0.1,33.0,23.9,6.25,0.14,Hyderabad,TS
2025-06-05,0.7,32.5,23.9,5.14,0.108,Hyderabad,TS
2025-06-06,0.2,33.8,23.8,5.46,0.094,Hyderabad,TS
2025-06-07,0.0,35.4,25.5,6.24,0.083,Hyderabad,TS
2025-06-08,0.6,35.1,25.5,5.73,0.087,Hyderabad,TS
2025-06-09,6.2,28.6,24.7,2.57,0.141,Hyderabad,TS
2025-06-10,1.6,31.5,24.6,4.32,0.195,Hyderabad,TS
2025-06-11,2.6,30.1,23.9,3.99,0.231,Hyderabad,TS
2025-06-12,10.0,31.1,22.6,4.31,0.277,Hyderabad,TS
2025-06-13,0.9,32.1,24.2,4.94,0.289,Hyderabad,TS
2025-06-14,1.6,31.4,24.6,5.2,0.266,Hyderabad,TS
2025-06-15,5.4,30.9,23.8,4.61,0.241,Hyderabad,TS
2025-06-16,1.6,30.2,23.8,4.9,0.247,Hyderabad,TS
2025-06-17,0.1,31.8,24.1,5.38,0.208,Hyderabad,TS
2025-06-18,0.2,31.4,23.7,5.31,0.172,Hyderabad,TS
2025-06-19,2.3,31.6,24.1,5.31,0.145,Hyderabad,TS
2025-06-20,0.2,31.6,24.1,5.08,0.131,Hyderabad,TS
2025-06-21,0.3,32.5,23.7,6.23,0.111,Hyderabad,TS
2025-06-22,1.0,33.0,23.6,6.19,0.1,Hyderabad,TS
2025-06-23,0.5,31.7,24.0,4.45,0.097,Hyderabad,TS
2025-06-24,12.4,29.4,23.4,3.88,0.144,Hyderabad,TS
2025-06-25,7.2,28.9,23.7,3.38,0.153,Hyderabad,TS
2025-06-26,9.8,30.0,22.8,4.17,0.166,Hyderabad,TS
2025-06-27,1.6,30.4,23.3,4.71,0.155,Hyderabad,TS
2025-06-28,0.3,32.0,23.4,5.29,0.122,Hyderabad,TS
2025-06-29,1.5,32.0,23.8,5.68,0.102,Hyderabad,TS
2025-06-30,8.7,30.6,23.1,3.97,0.126,Hyderabad,TS
2025-07-01,9.6,28.0,22.7,2.59,0.257,Hyderabad,TS
2025-07-02,4.9,27.8,22.7,2.1,0.333,Hyderabad,TS
2025-07-03,1.8,27.7,23.4,3.23,0.317,Hyderabad,TS
2025-07-04,11.5,29.9,23.5,4.25,0.277,Hyderabad,TS
2025-07-05,2.9,29.9,23.9,4.76,0.21,Hyderabad,TS
2025-07-06,2.4,30.8,23.4,5.08,0.173,Hyderabad,TS
2025-07-07,3.0,28.9,23.2,3.75,0.159,Hyderabad,TS
2025-07-08,1.7,29.8,23.3,4.94,0.139,Hyderabad,TS
2025-07-09,0.6,29.9,23.7,4.68,0.132,Hyderabad,TS
2025-07-10,0.7,31.4,22.9,5.44,0.13,Hyderabad,TS
2025-07-11,0.3,31.6,23.4,5.52,0.114,Hyderabad,TS
2025-07-12,1.3,32.2,23.7,5.8,0.104,Hyderabad,TS
2025-07-13,0.0,32.0,24.4,5.63,0.094,Hyderabad,TS
2025-07-14,1.2,32.3,24.2,5.97,0.085,Hyderabad,TS
2025-07-15,2.7,31.2,24.0,4.56,0.102,Hyderabad,TS
2025-07-16,4.3,32.2,23.8,4.96,0.088,Hyderabad,TS
2025-07-17,7.0,31.3,22.8,4.69,0.16,Hyderabad,TS
2025-07-18,12.5,31.1,22.7,4.28,0.233,Hyderabad,TS
2025-07-19,8.5,30.2,22.5,4.18,0.339,Hyderabad,TS
2025-07-20,2.1,29.5,23.7,4.28,0.306,Hyderabad,TS
2025-07-21,3.0,30.3,23.5,4.34,0.264,Hyderabad,TS
2025-07-22,5.5,29.0,23.0,3.33,0.288,Hyderabad,TS
2025-07-23,8.1,27.6,23.0,2.56,0.34,Hyderabad,TS
2025-07-24,8.5,25.7,22.8,2.06,0.355,Hyderabad,TS
2025-07-25,14.9,26.6,22.9,1.93,0.382,Hyderabad,TS
2025-07-26,23.5,24.5,22.6,1.5,0.418,Hyderabad,TS
2025-07-27,0.9,29.3,23.0,5.15,0.372,Hyderabad,TS
2025-07-28,0.0,29.9,22.6,5.09,0.323,Hyderabad,TS
2025-07-29,0.5,29.6,23.2,5.29,0.291,Hyderabad,TS
2025-07-30,2.9,28.5,23.2,4.64,0.279,Hyderabad,TS
2025-07-31,1.0,29.3,23.0,4.47,0.266,Hyderabad,TS
2025-08-01,0.0,30.3,23.3,4.67,0.229,Hyderabad,TS
2025-08-02,0.2,30.8,23.6,5.23,0.191,Hyderabad,TS
2025-08-03,0.6,30.7,23.4,4.85,0.163,Hyderabad,TS
2025-08-04,4.1,31.1,23.4,3.97,0.155,Hyderabad,TS
2025-08-05,6.6,29.6,23.6,4.06,0.193,Hyderabad,TS
2025-08-06,7.0,31.5,22.8,4.89,0.208,Hyderabad,TS
2025-08-07,23.7,30.0,24.1,3.59,0.241,Hyderabad,TS
2025-08-08,3.9,29.5,22.5,4.36,0.336,Hyderabad,TS
2025-08-09,5.4,28.1,21.8,3.34,0.308,Hyderabad,TS
2025-08-10,15.0,28.5,22.8,3.45,0.322,Hyderabad,TS
2025-08-11,9.7,28.6,22.3,3.88,0.353,Hyderabad,TS
2025-08-12,4.4,28.5,22.2,4.01,0.366,Hyderabad,TS
2025-08-13,11.8,26.3,22.2,2.96,0.371,Hyderabad,TS
2025-08-14,8.8,27.4,21.9,2.87,0.393,Hyderabad,TS
2025-08-15,4.8,27.6,22.3,2.94,0.396,Hyderabad,TS
2025-08-16,2.0,26.9,22.5,2.96,0.377,Hyderabad,TS
2025-08-17,7.5,26.6,22.5,2.26,0.377,Hyderabad,TS
2025-08-18,15.6,25.7,22.4,2.33,0.413,Hyderabad,TS
2025-08-19,7.4,26.9,22.1,3.31,0.4,Hyderabad,TS
2025-08-20,2.8,27.5,22.7,3.5,0.372,Hyderabad,TS
2025-08-21,0.1,29.4,22.4,4.63,0.341,Hyderabad,TS
2025-08-22,0.1,28.9,22.7,4.35,0.299,Hyderabad,TS
2025-08-23,0.1,28.8,22.4,4.66,0.255,Hyderabad,TS
2025-08-24,0.1,29.2,22.2,5.16,0.214,Hyderabad,TS
2025-08-25,0.1,29.4,21.9,5.09,0.179,Hyderabad,TS
2025-08-26,19.8,26.7,22.7,2.72,0.218,Hyderabad,TS
2025-08-27,25.8,26.7,22.2,1.72,0.386,Hyderabad,TS
2025-08-28,17.6,26.5,21.8,3.0,0.399,Hyderabad,TS
2025-08-29,1.7,28.6,21.8,4.27,0.362,Hyderabad,TS
2025-08-30,0.4,29.6,22.5,4.48,0.338,Hyderabad,TS
2025-08-31,2.9,28.0,22.9,3.27,0.321,Hyderabad,TS
2025-09-01,8.7,27.9,22.7,3.19,0.348,Hyderabad,TS
2025-09-02,4.5,27.0,22.7,2.91,0.364,Hyderabad,TS
2025-09-03,0.2,28.8,22.2,3.65,0.328,Hyderabad,TS
2025-09-04,0.3,29.4,22.1,4.73,0.288,Hyderabad,TS
2025-09-05,0.6,29.1,22.2,4.8,0.255,Hyderabad,TS
2025-09-06,0.2,28.9,22.8,4.48,0.227,Hyderabad,TS
2025-09-07,0.0,29.3,22.6,5.13,0.19,Hyderabad,TS
2025-09-08,0.5,30.0,22.7,4.88,0.151,Hyderabad,TS
2025-09-09,0.9,31.8,22.2,5.27,0.115,Hyderabad,TS
2025-09-10,12.2,30.7,22.6,4.08,0.138,Hyderabad,TS
2025-09-11,20.5,26.7,22.7,2.5,0.192,Hyderabad,TS
2025-09-12,6.6,25.7,21.9,2.11,0.317,Hyderabad,TS
2025-09-13,11.5,27.2,22.5,2.3,0.347,Hyderabad,TS
2025-09-14,7.2,29.3,21.7,4.17,0.348,Hyderabad,TS
2025-09-15,4.5,28.9,22.6,3.74,0.289,Hyderabad,TS
2025-09-16,7.6,29.4,22.9,3.55,0.283,Hyderabad,TS
2025-09-17,1.2,28.8,22.5,3.38,0.289,Hyderabad,TS
2025-09-18,6.3,30.0,21.9,4.45,0.285,Hyderabad,TS
2025-09-19,16.2,30.3,22.0,4.46,0.339,Hyderabad,TS
2025-09-20,2.2,30.0,21.9,4.34,0.297,Hyderabad,TS
2025-09-21,9.3,29.7,22.4,4.06,0.314,Hyderabad,TS
2025-09-22,6.8,28.4,22.4,3.11,0.361,Hyderabad,TS
2025-09-23,10.2,28.7,22.7,3.65,0.371,Hyderabad,TS
2025-09-24,0.0,28.3,22.5,4.01,0.321,Hyderabad,TS
2025-09-25,6.0,25.7,22.2,2.1,0.314,Hyderabad,TS
2025-09-26,16.9,27.7,21.7,2.48,0.379,Hyderabad,TS
2025-09-27,10.5,25.1,22.0,1.78,0.371,Hyderabad,TS
2025-09-28,3.3,27.1,21.7,3.25,0.349,Hyderabad,TS
2025-09-29,0.0,29.2,21.6,4.47,0.314,Hyderabad,TS
2025-09-30,0.1,28.4,22.1,4.25,0.276,Hyderabad,TS
2025-10-01,0.2,29.2,22.4,4.71,0.24,Hyderabad,TS
2025-10-02,0.0,27.9,23.0,3.07,0.217,Hyderabad,TS
2025-10-03,0.0,29.7,23.0,4.56,0.197,Hyderabad,TS
2025-10-04,0.8,29.7,23.6,4.18,0.16,Hyderabad,TS
2025-10-05,2.3,29.6,22.3,4.12,0.155,Hyderabad,TS
2025-10-06,10.2,29.6,21.5,3.73,0.186,Hyderabad,TS
2025-10-07,3.4,28.5,21.8,3.85,0.2,Hyderabad,TS
2025-10-08,0.7,30.4,22.7,4.47,0.203,Hyderabad,TS
2025-10-09,1.1,29.2,22.0,4.27,0.162,Hyderabad,TS
2025-10-10,0.0,30.7,22.8,5.11,0.119,Hyderabad,TS
2025-10-11,0.0,30.8,21.8,5.22,0.091,Hyderabad,TS
2025-10-12,0.0,31.4,22.3,5.29,0.078,Hyderabad,TS
2025-10-13,0.2,28.1,23.7,2.18,0.079,Hyderabad,TS
2025-10-14,2.1,28.9,22.5,3.73,0.102,Hyderabad,TS
2025-10-15,0.7,29.7,22.3,4.52,0.098,Hyderabad,TS
2025-10-16,0.0,31.0,22.6,4.98,0.076,Hyderabad,TS
2025-10-17,0.7,31.2,22.7,4.95,0.077,Hyderabad,TS
2025-10-18,0.0,31.7,22.6,5.1,0.079,Hyderabad,TS
2025-10-19,1.3,31.1,22.5,4.78,0.087,Hyderabad,TS
2025-10-20,10.8,29.8,22.6,3.75,0.091,Hyderabad,TS
2025-10-21,2.2,30.4,22.8,3.93,0.073,Hyderabad,TS
2025-10-22,5.1,29.8,22.6,3.49,0.092,Hyderabad,TS
2025-10-23,5.5,26.7,22.5,2.24,0.129,Hyderabad,TS
2025-10-24,12.0,25.7,21.9,2.24,0.256,Hyderabad,TS
2025-10-25,20.4,27.0,21.6,2.42,0.348,Hyderabad,TS
2025-10-26,1.0,28.0,21.6,3.15,0.308,Hyderabad,TS
2025-10-27,2.3,28.8,21.3,3.69,0.238,Hyderabad,TS
2025-10-28,16.8,27.8,22.0,2.06,0.292,Hyderabad,TS
2025-10-29,26.7,23.8,21.7,0.94,0.383,Hyderabad,TS
2025-10-30,0.2,28.4,22.3,3.77,0.344,Hyderabad,TS
2025-10-31,0.0,28.5,20.9,4.19,0.304,Hyderabad,TS
2025-11-01,0.1,28.7,22.0,3.77,0.273,Hyderabad,TS
2025-11-02,0.4,29.1,22.5,3.63,0.241,Hyderabad,TS
2025-11-03,1.0,28.8,22.4,3.42,0.223,Hyderabad,TS
2025-11-04,1.6,28.2,22.3,3.34,0.206,Hyderabad,TS
2025-11-05,0.0,29.7,21.7,3.92,0.187,Hyderabad,TS
2025-11-06,0.0,28.7,21.7,3.34,0.151,Hyderabad,TS
2025-11-07,0.0,29.5,21.6,4.72,0.12,Hyderabad,TS
2025-11-08,0.0,28.9,20.3,4.78,0.098,Hyderabad,TS
2025-11-09,0.0,28.0,18.3,4.53,0.087,Hyderabad,TS
2025-11-10,0.0,28.8,18.0,4.27,0.084,Hyderabad,TS
2025-11-11,0.0,29.3,19.2,4.47,0.087,Hyderabad,TS
2025-11-12,0.0,29.5,19.3,4.7,0.089,Hyderabad,TS
2025-11-13,0.0,29.0,18.7,4.85,0.091,Hyderabad,TS
2025-11-14,0.0,28.2,16.4,4.57,0.094,Hyderabad,TS
2025-11-15,0.0,27.8,16.7,4.41,0.092,Hyderabad,TS
2025-11-16,0.0,27.9,17.1,4.67,0.084,Hyderabad,TS
2025-11-17,0.0,27.7,17.4,4.91,0.082,Hyderabad,TS
2025-11-18,0.0,29.1,17.3,4.5,0.08,Hyderabad,TS
2025-11-19,0.0,29.0,17.4,4.41,0.08,Hyderabad,TS
2025-11-20,0.0,28.9,16.6,4.53,0.08,Hyderabad,TS
2025-11-21,0.0,29.7,18.5,4.08,0.08,Hyderabad,TS
2025-11-22,0.0,30.5,20.8,4.02,0.08,Hyderabad,TS
2025-11-23,0.0,31.2,21.0,4.2,0.08,Hyderabad,TS
2025-11-24,0.0,30.2,21.3,4.49,0.08,Hyderabad,TS
2025-11-25,0.0,29.3,19.6,4.31,0.08,Hyderabad,TS
2025-11-26,0.0,29.0,19.1,4.17,0.08,Hyderabad,TS
2025-11-27,0.0,28.5,18.7,4.31,0.08,Hyderabad,TS
2025-11-28,0.0,28.1,19.2,4.67,0.079,Hyderabad,TS
2025-11-29,0.0,27.0,17.2,4.01,0.079,Hyderabad,TS
2025-11-30,0.0,26.9,19.2,3.38,0.08,Hyderabad,TS
2025-12-01,0.2,28.3,19.5,3.73,0.079,Hyderabad,TS
2025-12-02,0.0,28.8,19.0,3.73,0.074,Hyderabad,TS
2025-12-03,0.0,28.5,20.3,4.02,0.077,Hyderabad,TS
2025-12-04,0.1,28.4,20.8,3.46,0.079,Hyderabad,TS
2025-12-05,0.0,28.2,19.7,4.33,0.078,Hyderabad,TS
2025-12-06,0.0,28.3,17.9,4.3,0.079,Hyderabad,TS
2025-12-07,0.0,29.1,18.8,4.46,0.079,Hyderabad,TS
2025-12-08,0.0,28.9,17.3,4.58,0.078,Hyderabad,TS
2025-12-09,0.0,28.8,17.5,5.1,0.078,Hyderabad,TS
2025-12-10,0.0,28.6,17.6,5.0,0.078,Hyderabad,TS
2025-12-11,0.0,28.3,16.8,4.77,0.078,Hyderabad,TS
2025-12-12,0.0,28.2,15.2,4.42,0.078,Hyderabad,TS
2025-12-13,0.0,28.3,15.1,4.13,0.078,Hyderabad,TS
2025-12-14,0.0,28.3,16.4,4.13,0.078,Hyderabad,TS
2025-12-15,0.0,27.7,16.7,4.08,0.078,Hyderabad,TS
2025-12-16,0.0,27.9,17.0,4.1,0.078,Hyderabad,TS
2025-12-17,0.0,29.2,17.7,4.23,0.078,Hyderabad,TS
2025-12-18,0.0,29.0,17.2,4.6,0.078,Hyderabad,TS
2025-12-19,0.0,27.5,17.4,4.75,0.078,Hyderabad,TS
2025-12-20,0.0,27.3,15.9,4.38,0.078,Hyderabad,TS
2025-12-21,0.0,27.0,14.8,3.87,0.078,Hyderabad,TS
2025-12-22,0.0,27.5,17.0,4.07,0.078,Hyderabad,TS
2025-12-23,0.0,27.5,15.6,4.08,0.078,Hyderabad,TS
2025-12-24,0.0,27.1,17.1,4.16,0.078,Hyderabad,TS
2025-12-25,0.0,26.8,16.7,4.08,0.078,Hyderabad,TS
2025-12-26,0.0,26.6,16.2,3.92,0.078,Hyderabad,TS
2025-12-27,0.0,26.9,16.2,3.88,0.078,Hyderabad,TS
2025-12-28,0.0,26.8,16.2,3.92,0.078,Hyderabad,TS
2025-12-29,0.0,26.6,16.5,3.96,0.078,Hyderabad,TS
2025-12-30,0.0,28.0,16.1,3.61,0.078,Hyderabad,TS
2025-12-31,0.0,28.3,16.7,3.99,0.078,Hyderabad,TS
2026-01-01,0.0,29.1,18.2,3.75,0.078,Hyderabad,TS
2026-01-02,0.0,28.9,18.8,3.48,0.078,Hyderabad,TS
2026-01-03,0.0,27.6,18.6,3.66,0.078,Hyderabad,TS
2026-01-04,0.0,26.7,18.2,3.75,0.078,Hyderabad,TS
2026-01-05,0.0,26.8,17.5,4.05,0.078,Hyderabad,TS
2026-01-06,0.0,26.6,17.0,4.25,0.078,Hyderabad,TS
2026-01-07,0.0,26.6,16.5,4.29,0.078,Hyderabad,TS
2026-01-08,0.0,26.0,16.2,4.26,0.078,Hyderabad,TS
2026-01-09,0.0,25.3,16.3,4.34,0.078,Hyderabad,TS
2026-01-10,0.0,25.5,17.1,4.42,0.078,Hyderabad,TS
2026-01-11,0.0,25.6,16.7,3.64,0.078,Hyderabad,TS
2026-01-12,0.0,26.6,18.8,4.1,0.078,Hyderabad,TS
2026-01-13,0.0,29.5,19.0,4.08,0.076,Hyderabad,TS
2026-01-14,0.2,29.6,19.7,3.59,0.08,Hyderabad,TS
2026-01-15,0.0,28.8,20.0,3.8,0.092,Hyderabad,TS
2026-01-16,0.0,28.7,19.0,4.36,0.081,Hyderabad,TS
2026-01-17,0.0,29.6,18.0,4.4,0.079,Hyderabad,TS
2026-01-18,0.0,30.2,17.0,4.38,0.078,Hyderabad,TS
2026-01-19,0.0,29.7,17.7,4.68,0.078,Hyderabad,TS
2026-01-20,0.0,28.4,18.7,4.67,0.078,Hyderabad,TS
2026-01-21,0.0,27.2,17.7,4.64,0.078,Hyderabad,TS
2026-01-22,0.0,27.0,17.4,4.62,0.078,Hyderabad,TS
2026-01-23,0.0,26.8,17.8,4.59,0.078,Hyderabad,TS
2026-01-24,0.0,28.2,17.6,4.09,0.078,Hyderabad,TS
2026-01-25,0.0,28.6,19.2,4.05,0.078,Hyderabad,TS
2026-01-26,0.0,28.7,19.6,4.24,0.078,Hyderabad,TS
2026-01-27,0.0,28.7,19.5,4.22,0.078,Hyderabad,TS
2026-01-28,0.0,30.1,19.1,3.86,0.078,Hyderabad,TS
2026-01-29,0.0,29.2,19.4,4.59,0.078,Hyderabad,TS
2026-01-30,0.0,28.6,19.6,4.39,0.078,Hyderabad,TS
2026-01-31,0.0,27.7,18.7,4.66,0.078,Hyderabad,TS
2026-02-01,0.0,27.7,17.8,4.43,0.078,Hyderabad,TS
2026-02-02,0.0,28.2,18.2,4.37,0.078,Hyderabad,TS
2026-02-03,0.0,28.1,18.3,4.27,0.078,Hyderabad,TS
2026-02-04,0.0,28.2,18.4,4.66,0.078,Hyderabad,TS
2026-02-05,0.0,28.4,18.5,4.63,0.078,Hyderabad,TS
2026-02-06,0.0,28.8,18.9,4.73,0.078,Hyderabad,TS
2026-02-07,0.0,29.4,18.6,4.95,0.078,Hyderabad,TS
2026-02-08,0.0,29.6,20.3,5.37,0.078,Hyderabad,TS
2026-02-09,0.0,30.1,18.9,4.96,0.077,Hyderabad,TS
2026-02-10,0.0,30.0,18.7,5.14,0.077,Hyderabad,TS
2026-02-11,0.0,29.5,18.3,4.9,0.078,Hyderabad,TS
2026-02-12,0.0,29.6,18.3,5.08,0.078,Hyderabad,TS
2026-02-13,0.0,30.2,18.6,5.15,0.078,Hyderabad,TS
2026-02-14,0.0,30.5,19.2,5.27,0.077,Hyderabad,TS
2026-02-15,0.0,31.2,18.8,5.22,0.077,Hyderabad,TS
2026-02-16,0.0,30.7,20.8,5.56,0.077,Hyderabad,TS
2026-02-17,0.0,30.0,19.8,5.43,0.077,Hyderabad,TS
2026-02-18,0.0,29.4,18.8,5.28,0.077,Hyderabad,TS
2026-02-19,0.0,30.0,20.2,5.41,0.077,Hyderabad,TS
2026-02-20,0.0,31.0,19.5,5.48,0.077,Hyderabad,TS
2026-02-21,0.0,31.5,20.9,5.42,0.077,Hyderabad,TS
2026-02-22,0.0,31.9,21.8,4.16,0.082,Hyderabad,TS
2026-02-23,1.9,31.4,21.7,4.06,0.087,Hyderabad,TS
2026-02-24,3.7,28.9,19.5,4.19,0.146,Hyderabad,TS
2026-02-25,0.0,29.0,20.8,3.83,0.159,Hyderabad,TS
2026-02-26,0.0,29.7,20.4,4.32,0.171,Hyderabad,TS
2026-02-27,0.0,30.4,21.5,4.52,0.135,Hyderabad,TS
2026-02-28,0.0,31.6,20.8,5.1,0.097,Hyderabad,TS
2026-03-01,0.0,32.7,21.8,5.02,0.08,Hyderabad,TS
2026-03-02,0.0,34.1,22.9,4.82,0.078,Hyderabad,TS
2026-03-03,0.0,34.1,22.8,5.86,0.077,Hyderabad,TS
2026-03-04,0.0,33.6,20.9,5.88,0.077,Hyderabad,TS
2026-03-05,0.0,34.5,21.0,5.94,0.077,Hyderabad,TS
2026-03-06,0.0,35.1,21.9,6.22,0.077,Hyderabad,TS
2026-03-07,0.0,35.3,21.6,6.07,0.077,Hyderabad,TS
2026-03-08,0.0,34.5,23.0,5.94,0.077,Hyderabad,TS
2026-03-09,0.0,33.7,22.5,5.82,0.077,Hyderabad,TS
2026-03-10,0.0,32.5,22.4,5.75,0.077,Hyderabad,TS
2026-03-11,0.0,34.3,22.8,6.05,0.077,Hyderabad,TS
2026-03-12,0.0,35.3,21.1,6.23,0.077,Hyderabad,TS
2026-03-13,0.0,36.1,23.6,6.74,0.077,Hyderabad,TS
2026-03-14,0.0,35.5,23.9,6.38,0.077,Hyderabad,TS
2026-03-15,0.0,33.9,22.8,5.94,0.077,Hyderabad,TS
2026-03-16,0.3,33.4,23.6,5.65,0.077,Hyderabad,TS
2026-03-17,0.4,31.0,22.3,4.56,0.085,Hyderabad,TS
2026-03-18,3.8,27.8,20.4,4.09,0.12,Hyderabad,TS
2026-03-19,0.0,30.4,19.8,4.89,0.113,Hyderabad,TS
2026-03-20,0.0,30.8,20.0,5.11,0.092,Hyderabad,TS
2026-03-21,0.1,32.5,22.0,4.92,0.08,Hyderabad,TS
2026-03-22,0.4,31.4,22.5,5.02,0.085,Hyderabad,TS
2026-03-23,0.2,34.0,23.3,5.54,0.078,Hyderabad,TS
2026-03-24,0.7,33.7,23.7,5.18,0.08,Hyderabad,TS
2026-03-25,0.1,33.5,24.1,5.13,0.094,Hyderabad,TS
2026-03-26,0.0,35.1,24.1,5.62,0.1,Hyderabad,TS
2026-03-27,0.0,35.5,23.9,6.0,0.097,Hyderabad,TS
2026-03-28,0.0,35.2,25.2,6.53,0.096,Hyderabad,TS
2026-03-29,0.0,36.6,25.2,6.22,0.079,Hyderabad,TS
2026-03-30,0.3,36.3,26.2,5.27,0.083,Hyderabad,TS
2026-03-31,1.5,32.0,23.2,5.37,0.101,Hyderabad,TS
2026-04-01,0.0,33.5,23.9,5.69,0.094,Hyderabad,TS
2026-04-02,0.0,33.5,23.7,5.9,0.08,Hyderabad,TS
2026-04-03,0.0,34.9,24.4,5.84,0.079,Hyderabad,TS
2026-04-04,0.1,34.6,26.1,5.51,0.077,Hyderabad,TS
2026-04-05,2.3,33.9,27.1,5.25,0.081,Hyderabad,TS
2026-04-06,0.0,34.7,25.1,6.82,0.076,Hyderabad,TS
2026-04-07,0.0,34.6,24.7,6.8,0.077,Hyderabad,TS
2026-04-08,0.0,35.6,25.2,6.74,0.077,Hyderabad,TS
2026-04-09,0.0,36.3,25.9,6.65,0.076,Hyderabad,TS
2026-04-10,0.0,36.8,25.7,6.64,0.076,Hyderabad,TS
2026-04-11,0.0,37.9,26.2,6.26,0.075,Hyderabad,TS
2026-04-12,0.0,38.3,27.3,5.95,0.075,Hyderabad,TS
2026-04-13,0.0,37.4,27.4,6.93,0.074,Hyderabad,TS
2026-04-14,0.0,38.4,27.5,6.98,0.074,Hyderabad,TS
2026-04-15,0.0,38.6,27.7,7.22,0.073,Hyderabad,TS
2026-04-16,0.0,38.4,27.4,6.77,0.072,Hyderabad,TS
2026-04-17,0.0,39.5,27.9,6.36,0.072,Hyderabad,TS
2026-04-18,0.0,39.0,27.4,6.15,0.086,Hyderabad,TS
2026-04-19,0.0,38.3,26.6,6.21,0.088,Hyderabad,TS
2026-04-20,0.0,37.1,26.6,6.7,0.077,Hyderabad,TS
2026-04-21,0.2,36.6,27.3,6.02,0.077,Hyderabad,TS
2026-04-22,0.0,37.8,26.3,6.19,0.075,Hyderabad,TS
2026-04-23,0.0,37.3,26.9,6.06,0.081,Hyderabad,TS
2026-04-24,0.0,37.7,26.4,6.46,0.08,Hyderabad,TS
2026-04-25,0.0,38.2,26.9,6.24,0.077,Hyderabad,TS
2026-04-26,0.0,37.7,27.9,6.74,0.076,Hyderabad,TS
2026-04-27,0.0,39.1,27.6,7.26,0.075,Hyderabad,TS
2026-04-28,0.0,39.3,27.3,6.68,0.08,Hyderabad,TS
2026-04-29,0.0,39.4,28.0,6.97,0.077,Hyderabad,TS
2026-04-30,0.0,38.9,29.1,7.49,0.076,Hyderabad,TS
2026-05-01,0.0,37.9,27.3,7.83,0.075,Hyderabad,TS
2026-05-02,0.0,38.9,28.2,7.66,0.074,Hyderabad,TS
2026-05-03,0.0,38.8,28.7,7.74,0.073,Hyderabad,TS
2026-05-04,0.0,38.8,26.1,7.26,0.073,Hyderabad,TS
2026-05-05,0.0,38.2,26.1,6.51,0.072,Hyderabad,TS
2026-05-06,0.0,35.8,25.5,6.29,0.071,Hyderabad,TS
2026-05-07,0.2,35.2,25.7,5.8,0.074,Hyderabad,TS
2026-05-08,0.0,34.8,25.4,5.54,0.08,Hyderabad,TS
2026-05-09,0.0,34.7,24.7,6.05,0.079,Hyderabad,TS
2026-05-10,0.2,36.3,24.7,6.46,0.075,Hyderabad,TS
2026-05-11,0.0,36.7,25.1,6.35,0.072,Hyderabad,TS
2026-05-12,2.0,36.6,26.2,6.19,0.08,Hyderabad,TS
2026-05-13,1.5,36.9,26.5,6.17,0.082,Hyderabad,TS
2026-05-14,0.3,36.9,28.5,5.51,0.081,Hyderabad,TS
2026-05-15,0.2,37.4,27.5,6.05,0.079,Hyderabad,TS
2026-05-16,1.0,37.7,29.4,6.2,0.079,Hyderabad,TS
2026-05-17,0.4,36.6,27.6,6.04,0.079,Hyderabad,TS
2026-05-18,0.6,36.7,27.8,6.26,0.079,Hyderabad,TS
2026-05-19,0.3,37.9,28.0,6.68,0.077,Hyderabad,TS
2026-05-20,0.3,38.5,28.2,7.34,0.079,Hyderabad,TS
2026-05-21,0.0,40.0,29.3,7.42,0.077,Hyderabad,TS
2026-05-22,0.2,36.8,29.3,7.51,0.079,Hyderabad,TS
2026-05-23,0.8,37.2,28.0,6.99,0.081,Hyderabad,TS
2026-05-24,0.0,37.7,26.5,7.66,0.083,Hyderabad,TS
2026-05-25,1.8,37.1,29.1,7.04,0.081,Hyderabad,TS
2026-05-26,4.1,36.9,25.1,6.5,0.081,Hyderabad,TS
2026-05-27,2.5,32.5,23.2,5.15,0.161,Hyderabad,TS
2026-05-28,0.3,36.2,26.0,6.42,0.131,Hyderabad,TS
2026-05-29,0.0,36.8,27.5,6.87,0.093,Hyderabad,TS
2026-05-30,0.0,37.0,28.2,7.71,0.077,Hyderabad,TS
2026-05-31,0.5,35.8,28.2,6.9,0.081,Hyderabad,TS
2026-06-01,0.0,35.8,27.4,6.46,0.078,Hyderabad,TS
2026-06-02,0.6,35.5,27.7,5.83,0.078,Hyderabad,TS
2026-06-03,0.2,34.4,26.8,6.39,0.083,Hyderabad,TS
2026-06-04,0.9,35.0,26.9,6.19,0.078,Hyderabad,TS
2026-06-05,0.1,33.5,25.3,4.93,0.09,Hyderabad,TS
2026-06-06,7.8,35.2,23.7,5.54,0.107,Hyderabad,TS
2026-06-07,0.8,35.0,24.8,5.36,0.12,Hyderabad,TS
2026-06-08,0.3,31.6,24.9,5.66,0.133,Hyderabad,TS
2026-06-09,1.3,32.2,25.6,4.84,0.182,Hyderabad,TS
2026-06-10,1.0,34.0,25.0,6.32,0.162,Hyderabad,TS
2026-06-11,0.0,34.5,25.8,6.32,0.137,Hyderabad,TS
2026-06-12,0.0,34.1,25.9,5.68,0.113,Hyderabad,TS
2026-06-13,2.8,32.9,24.5,4.76,0.118,Hyderabad,TS
2026-06-14,0.7,33.0,25.7,5.36,0.121,Hyderabad,TS
2026-06-15,0.0,34.0,26.4,6.57,0.1,Hyderabad,TS
2026-06-16,0.0,35.2,26.9,6.81,0.085,Hyderabad,TS
2026-06-17,1.2,36.2,27.3,6.86,0.079,Hyderabad,TS
2026-06-18,0.2,35.2,27.3,6.59,0.074,Hyderabad,TS
2026-06-19,0.2,34.9,26.1,6.59,0.092,Hyderabad,TS
2026-06-20,1.1,36.9,26.9,6.22,0.062,Hyderabad,TS
2026-06-21,2.3,32.6,25.9,3.8,0.1,Hyderabad,TS
2026-06-22,0.0,33.2,26.6,6.08,0.117,Hyderabad,TS
2026-06-23,2.7,31.9,23.6,5.43,0.087,Hyderabad,TS
2026-06-24,0.4,31.0,24.6,4.99,0.107,Hyderabad,TS
2026-06-25,1.8,30.5,23.8,5.42,0.143,Hyderabad,TS
2026-06-26,1.2,30.8,24.4,4.61,0.166,Hyderabad,TS
2026-06-27,4.2,28.7,24.1,3.67,0.162,Hyderabad,TS
2026-06-28,14.6,32.6,23.2,4.52,0.202,Hyderabad,TS
2026-06-29,0.9,29.6,24.3,4.0,0.231,Hyderabad,TS
2026-06-30,1.8,29.8,23.8,4.3,0.191,Hyderabad,TS
2026-07-01,4.0,29.1,23.7,3.74,0.18,Hyderabad,TS
2026-07-02,6.9,28.6,23.5,3.02,0.163,Hyderabad,TS
2026-07-03,7.1,28.3,23.5,3.15,0.118,Hyderabad,TS
2026-07-04,10.7,25.2,22.8,1.86,0.184,Hyderabad,TS
2026-07-05,4.5,27.9,23.2,3.5,0.197,Hyderabad,TS
2026-07-06,1.8,31.1,23.7,4.38,0.17,Hyderabad,TS
2026-07-07,2.2,31.6,24.6,5.46,0.148,Hyderabad,TS
2026-07-08,0.8,32.4,24.4,5.77,0.126,Hyderabad,TS
2026-07-09,0.6,31.6,24.1,4.87,0.113,Hyderabad,TS
2026-07-10,0.0,32.7,24.5,5.56,0.082,Hyderabad,TS
2026-07-11,0.8,33.3,25.2,6.5,0.076,Hyderabad,TS
2026-07-12,0.0,33.2,24.8,6.1,0.074,Hyderabad,TS
2026-07-13,0.9,33.9,24.4,7.26,0.064,Hyderabad,TS
2026-07-14,0.0,32.8,24.9,6.29,0.052,Hyderabad,TS
2026-07-15,0.7,32.9,25.7,6.89,0.055,Hyderabad,TS
2026-07-16,1.0,32.6,25.4,5.42,0.07,Hyderabad,TS
2026-07-17,13.6,29.3,23.3,2.27,0.094,Hyderabad,TS
2026-07-18,8.2,28.6,23.2,3.28,0.11,Hyderabad,TS
2026-07-19,2.4,30.6,23.7,4.89,0.165,Hyderabad,TS
2026-07-20,5.0,29.8,22.9,3.95,0.146,Hyderabad,TS
2026-07-21,13.9,26.7,22.8,1.92,0.213,Hyderabad,TS
2026-07-22,12.3,26.3,22.5,2.41,0.334,Hyderabad,TS
2026-07-23,1.2,28.6,22.7,4.87,0.308,Hyderabad,TS
2026-07-24,0.2,29.2,23.7,4.55,0.239,Hyderabad,TS
2026-07-25,0.0,29.7,23.1,4.54,0.177,Hyderabad,TS
2026-07-26,6.2,30.0,23.8,4.74,0.169,Hyderabad,TS
2026-07-27,16.5,29.0,23.0,3.2,0.209,Hyderabad,TS
2026-07-28,8.0,30.3,23.2,4.4,0.188,Hyderabad,TS
2026-07-29,24.9,25.5,22.7,1.64,0.323,Hyderabad,TS
2026-07-30,15.1,25.0,23.3,1.88,0.371,Hyderabad,TS
2026-07-31,2.7,29.4,23.3,4.68,0.337,Hyderabad,TS
2026-08-01,2.0,30.3,23.9,4.98,0.295,Hyderabad,TS
2026-08-02,1.3,30.6,23.9,5.34,0.264,Hyderabad,TS
2026-08-03,2.7,30.6,23.5,4.83,0.242,Hyderabad,TS
2026-08-04,9.0,28.8,23.2,3.59,0.245,Hyderabad,TS
2026-08-05,4.5,29.9,23.4,4.08,0.216,Hyderabad,TS
2026-08-06,1.8,29.4,23.9,4.13,0.193,Hyderabad,TS
2026-08-07,1.3,28.4,23.3,3.69,0.213,Hyderabad,TS
2026-08-08,1.0,28.8,22.5,3.84,0.216,Hyderabad,TS
2026-08-09,0.2,30.2,23.8,5.02,0.214,Hyderabad,TS
2026-08-10,2.4,30.8,23.9,5.61,0.185,Hyderabad,TS
2026-08-11,0.6,30.0,23.5,5.18,0.168,Hyderabad,TS
2026-08-12,3.6,29.0,23.2,4.27,0.174,Hyderabad,TS
2026-08-13,0.6,30.0,23.5,3.96,0.166,Hyderabad,TS
2026-08-14,3.4,30.1,23.4,4.61,0.173,Hyderabad,TS
2026-08-15,1.0,30.3,23.8,5.27,0.15,Hyderabad,TS
2026-08-16,1.0,28.6,23.8,3.38,0.112,Hyderabad,TS
2026-08-17,0.9,30.2,23.7,5.64,0.103,Hyderabad,TS
2026-08-18,1.6,31.2,23.9,4.95,0.092,Hyderabad,TS
2026-08-19,3.0,29.3,23.9,4.0,0.116,Hyderabad,TS
2026-08-20,1.1,30.3,23.0,5.26,0.141,Hyderabad,TS
2026-08-21,0.2,30.9,23.9,5.51,0.11,Hyderabad,TS
2026-08-22,0.4,31.5,24.2,5.89,0.089,Hyderabad,TS
2026-08-23,11.0,28.2,23.9,2.94,0.105,Hyderabad,TS
2026-08-24,2.9,27.4,23.2,2.58,0.224,Hyderabad,TS
2026-08-25,3.2,29.0,23.3,4.62,0.246,Hyderabad,TS
2026-08-26,0.7,30.1,23.5,5.37,0.217,Hyderabad,TS
2026-08-27,0.0,29.3,23.9,4.38,0.175,Hyderabad,TS
2026-08-28,0.5,30.4,23.5,5.3,0.127,Hyderabad,TS
2026-08-29,0.6,30.1,23.7,5.25,0.107,Hyderabad,TS
2026-08-30,2.5,27.9,23.4,3.7,0.132,Hyderabad,TS
2026-08-31,0.1,28.0,23.3,3.02,0.15,Hyderabad,TS
2026-09-01,0.3,29.8,23.5,5.2,0.112,Hyderabad,TS
2026-09-02,0.5,31.3,24.4,5.13,0.078,Hyderabad,TS
2026-09-03,0.4,28.4,23.7,3.25,0.084,Hyderabad,TS
2026-09-04,0.0,30.9,24.3,5.21,0.086,Hyderabad,TS
2026-09-05,2.2,31.2,24.5,5.49,0.077,Hyderabad,TS
2026-09-06,5.3,32.0,24.7,5.53,0.083,Hyderabad,TS
2026-09-07,11.7,31.8,22.0,4.72,0.087,Hyderabad,TS
2026-09-08,0.3,32.1,24.9,5.65,0.029,Hyderabad,TS
2026-09-09,2.6,32.2,25.1,5.55,0.034,Hyderabad,TS
2026-09-10,3.2,31.5,25.2,5.27,0.05,Hyderabad,TS
