date,precipitation_sum,temperature_2m_max,temperature_2m_min,et0_fao_evapotranspiration,soil_moisture_0_to_7cm_mean,district,state
2014-01-01,0.0,27.5,16.2,3.3,0.202,Jayashankar Bhupalpally,TS
2014-01-02,0.0,28.1,16.9,3.56,0.2,Jayashankar Bhupalpally,TS
2014-01-03,0.0,28.3,16.6,3.64,0.198,Jayashankar Bhupalpally,TS
2014-01-04,0.0,27.8,17.6,3.26,0.195,Jayashankar Bhupalpally,TS
2014-01-05,0.0,28.4,17.8,3.65,0.193,Jayashankar Bhupalpally,TS
2014-01-06,0.0,29.0,18.7,3.54,0.191,Jayashankar Bhupalpally,TS
2014-01-07,0.0,28.8,18.0,3.57,0.189,Jayashankar Bhupalpally,TS
2014-01-08,0.0,28.9,18.6,3.75,0.186,Jayashankar Bhupalpally,TS
2014-01-09,0.0,28.3,19.3,3.54,0.184,Jayashankar Bhupalpally,TS
2014-01-10,0.0,28.4,19.0,3.56,0.182,Jayashankar Bhupalpally,TS
2014-01-11,0.0,28.1,20.0,2.98,0.18,Jayashankar Bhupalpally,TS
2014-01-12,0.0,29.1,18.1,3.75,0.179,Jayashankar Bhupalpally,TS
2014-01-13,0.0,28.8,17.7,3.5,0.177,Jayashankar Bhupalpally,TS
2014-01-14,0.0,27.4,20.4,3.13,0.175,Jayashankar Bhupalpally,TS
2014-01-15,0.0,29.3,18.9,3.77,0.174,Jayashankar Bhupalpally,TS
2014-01-16,0.0,29.2,19.8,3.73,0.172,Jayashankar Bhupalpally,TS
2014-01-17,0.0,30.1,19.8,4.68,0.17,Jayashankar Bhupalpally,TS
2014-01-18,0.0,28.4,21.0,3.59,0.168,Jayashankar Bhupalpally,TS
2014-01-19,0.0,29.6,19.8,4.16,0.166,Jayashankar Bhupalpally,TS
2014-01-20,0.0,28.9,18.6,3.59,0.164,Jayashankar Bhupalpally,TS
2014-01-21,0.0,29.5,19.8,4.0,0.162,Jayashankar Bhupalpally,TS
2014-01-22,0.0,27.5,19.9,3.1,0.161,Jayashankar Bhupalpally,TS
2014-01-23,0.0,27.6,19.2,3.15,0.161,Jayashankar Bhupalpally,TS
2014-01-24,0.0,27.9,19.9,2.95,0.161,Jayashankar Bhupalpally,TS
2014-01-25,0.0,29.0,19.7,3.33,0.16,Jayashankar Bhupalpally,TS
2014-01-26,0.0,29.7,18.9,3.99,0.158,Jayashankar Bhupalpally,TS
2014-01-27,0.0,28.5,18.4,3.5,0.157,Jayashankar Bhupalpally,TS
2014-01-28,0.0,29.1,17.2,3.93,0.155,Jayashankar Bhupalpally,TS
2014-01-29,0.0,29.1,19.1,3.73,0.154,Jayashankar Bhupalpally,TS
2014-01-30,0.0,29.3,20.2,4.37,0.152,Jayashankar Bhupalpally,TS
2014-01-31,0.0,29.1,17.4,4.31,0.15,Jayashankar Bhupalpally,TS
2014-02-01,0.0,29.3,18.1,3.86,0.149,Jayashankar Bhupalpally,TS
2014-02-02,0.0,30.1,18.5,4.4,0.148,Jayashankar Bhupalpally,TS
2014-02-03,0.0,30.8,16.9,4.82,0.146,Jayashankar Bhupalpally,TS
2014-02-04,0.0,31.6,16.6,4.92,0.145,Jayashankar Bhupalpally,TS
2014-02-05,0.0,32.3,18.1,4.98,0.143,Jayashankar Bhupalpally,TS
2014-02-06,0.0,32.9,17.2,4.77,0.142,Jayashankar Bhupalpally,TS
2014-02-07,0.0,32.8,18.5,4.84,0.14,Jayashankar Bhupalpally,TS
2014-02-08,0.0,33.0,21.3,6.01,0.139,Jayashankar Bhupalpally,TS
2014-02-09,0.0,33.1,21.0,5.8,0.138,Jayashankar Bhupalpally,TS
2014-02-10,0.0,32.4,20.6,5.23,0.137,Jayashankar Bhupalpally,TS
2014-02-11,0.0,31.7,20.4,4.87,0.136,Jayashankar Bhupalpally,TS
2014-02-12,0.0,31.5,20.0,4.56,0.135,Jayashankar Bhupalpally,TS
2014-02-13,0.0,31.5,20.4,5.69,0.135,Jayashankar Bhupalpally,TS
2014-02-14,0.0,30.0,21.5,4.32,0.135,Jayashankar Bhupalpally,TS
2014-02-15,2.6,29.1,21.0,4.3,0.14,Jayashankar Bhupalpally,TS
2014-02-16,3.5,29.2,21.6,4.13,0.173,Jayashankar Bhupalpally,TS
2014-02-17,0.0,28.9,18.9,5.42,0.18,Jayashankar Bhupalpally,TS
2014-02-18,0.0,29.4,17.0,5.32,0.173,Jayashankar Bhupalpally,TS
2014-02-19,0.0,30.1,16.5,4.53,0.167,Jayashankar Bhupalpally,TS
2014-02-20,0.0,31.6,19.1,5.03,0.163,Jayashankar Bhupalpally,TS
2014-02-21,0.0,30.5,20.0,4.53,0.158,Jayashankar Bhupalpally,TS
2014-02-22,0.0,31.3,20.5,5.17,0.154,Jayashankar Bhupalpally,TS
2014-02-23,0.0,31.5,21.1,5.16,0.15,Jayashankar Bhupalpally,TS
2014-02-24,0.0,31.2,20.6,4.94,0.147,Jayashankar Bhupalpally,TS
2014-02-25,0.0,32.1,20.4,5.27,0.145,Jayashankar Bhupalpally,TS
2014-02-26,0.0,31.8,20.6,5.39,0.142,Jayashankar Bhupalpally,TS
2014-02-27,0.0,31.9,19.9,5.84,0.14,Jayashankar Bhupalpally,TS
2014-02-28,0.0,30.6,20.0,5.18,0.138,Jayashankar Bhupalpally,TS
2014-03-01,0.5,30.7,21.5,4.83,0.139,Jayashankar Bhupalpally,TS
2014-03-02,0.9,30.0,21.2,3.79,0.141,Jayashankar Bhupalpally,TS
2014-03-03,7.0,29.5,21.0,3.67,0.206,Jayashankar Bhupalpally,TS
2014-03-04,5.1,26.8,21.2,3.27,0.253,Jayashankar Bhupalpally,TS
2014-03-05,0.0,29.9,19.5,4.02,0.243,Jayashankar Bhupalpally,TS
2014-03-06,2.6,28.8,21.4,3.62,0.244,Jayashankar Bhupalpally,TS
2014-03-07,0.0,29.9,21.0,4.21,0.257,Jayashankar Bhupalpally,TS
2014-03-08,0.0,31.1,21.2,4.86,0.243,Jayashankar Bhupalpally,TS
2014-03-09,0.0,30.3,21.6,4.17,0.23,Jayashankar Bhupalpally,TS
2014-03-10,2.2,29.6,20.5,4.12,0.246,Jayashankar Bhupalpally,TS
2014-03-11,0.0,33.1,21.4,5.93,0.234,Jayashankar Bhupalpally,TS
2014-03-12,0.0,31.6,22.5,4.64,0.22,Jayashankar Bhupalpally,TS
2014-03-13,0.0,31.8,22.6,4.4,0.211,Jayashankar Bhupalpally,TS
2014-03-14,0.0,34.3,21.9,5.19,0.202,Jayashankar Bhupalpally,TS
2014-03-15,0.0,35.0,22.9,5.71,0.192,Jayashankar Bhupalpally,TS
2014-03-16,0.0,35.0,23.0,5.59,0.182,Jayashankar Bhupalpally,TS
2014-03-17,0.0,35.7,23.3,5.61,0.174,Jayashankar Bhupalpally,TS
2014-03-18,0.0,35.5,23.9,5.55,0.166,Jayashankar Bhupalpally,TS
2014-03-19,0.0,36.3,23.8,6.09,0.159,Jayashankar Bhupalpally,TS
2014-03-20,0.0,36.9,23.9,6.18,0.153,Jayashankar Bhupalpally,TS
2014-03-21,0.0,37.0,24.5,5.92,0.148,Jayashankar Bhupalpally,TS
2014-03-22,0.0,36.1,25.2,5.9,0.144,Jayashankar Bhupalpally,TS
2014-03-23,0.0,36.8,24.5,5.94,0.141,Jayashankar Bhupalpally,TS
2014-03-24,0.0,36.1,24.3,6.47,0.138,Jayashankar Bhupalpally,TS
2014-03-25,0.0,35.6,24.1,6.25,0.135,Jayashankar Bhupalpally,TS
2014-03-26,0.0,37.7,24.2,6.64,0.133,Jayashankar Bhupalpally,TS
2014-03-27,0.0,38.0,24.6,7.37,0.132,Jayashankar Bhupalpally,TS
2014-03-28,0.0,38.9,24.3,6.6,0.13,Jayashankar Bhupalpally,TS
2014-03-29,0.0,39.9,24.5,7.13,0.129,Jayashankar Bhupalpally,TS
2014-03-30,0.0,39.5,25.2,6.54,0.128,Jayashankar Bhupalpally,TS
2014-03-31,0.0,39.4,26.1,6.64,0.127,Jayashankar Bhupalpally,TS
2014-04-01,0.0,38.7,26.3,6.5,0.126,Jayashankar Bhupalpally,TS
2014-04-02,0.0,38.3,26.8,6.45,0.126,Jayashankar Bhupalpally,TS
2014-04-03,0.0,38.2,25.9,6.25,0.125,Jayashankar Bhupalpally,TS
2014-04-04,0.0,38.5,25.3,6.34,0.125,Jayashankar Bhupalpally,TS
2014-04-05,0.0,39.3,24.0,7.1,0.125,Jayashankar Bhupalpally,TS
2014-04-06,0.0,39.3,24.9,7.15,0.124,Jayashankar Bhupalpally,TS
2014-04-07,0.0,38.8,25.1,6.93,0.124,Jayashankar Bhupalpally,TS
2014-04-08,0.0,39.1,26.4,6.41,0.124,Jayashankar Bhupalpally,TS
2014-04-09,0.1,37.7,26.8,5.53,0.125,Jayashankar Bhupalpally,TS
2014-04-10,0.0,38.3,26.4,6.74,0.127,Jayashankar Bhupalpally,TS
2014-04-11,0.0,39.1,25.1,6.9,0.126,Jayashankar Bhupalpally,TS
2014-04-12,0.0,37.5,26.3,6.53,0.125,Jayashankar Bhupalpally,TS
2014-04-13,1.3,36.9,26.1,6.66,0.129,Jayashankar Bhupalpally,TS
2014-04-14,0.0,36.9,26.2,6.77,0.134,Jayashankar Bhupalpally,TS
2014-04-15,0.0,36.1,25.9,6.02,0.134,Jayashankar Bhupalpally,TS
2014-04-16,0.8,38.0,26.7,6.23,0.14,Jayashankar Bhupalpally,TS
2014-04-17,0.0,37.9,26.8,6.64,0.151,Jayashankar Bhupalpally,TS
2014-04-18,0.0,36.7,27.1,5.95,0.146,Jayashankar Bhupalpally,TS
2014-04-19,0.2,37.8,27.2,5.46,0.145,Jayashankar Bhupalpally,TS
2014-04-20,0.0,38.2,26.3,5.81,0.148,Jayashankar Bhupalpally,TS
2014-04-21,0.3,38.6,26.8,6.36,0.144,Jayashankar Bhupalpally,TS
2014-04-22,0.1,37.9,27.6,6.1,0.142,Jayashankar Bhupalpally,TS
2014-04-23,0.0,38.7,28.0,5.92,0.138,Jayashankar Bhupalpally,TS
2014-04-24,0.0,39.4,28.6,6.21,0.134,Jayashankar Bhupalpally,TS
2014-04-25,0.0,39.1,29.3,6.39,0.132,Jayashankar Bhupalpally,TS
2014-04-26,0.0,39.3,28.5,7.23,0.13,Jayashankar Bhupalpally,TS
2014-04-27,0.1,38.9,28.3,6.6,0.128,Jayashankar Bhupalpally,TS
2014-04-28,0.0,39.3,27.9,7.35,0.128,Jayashankar Bhupalpally,TS
2014-04-29,0.0,39.7,28.0,7.55,0.127,Jayashankar Bhupalpally,TS
2014-04-30,0.3,38.8,27.4,6.71,0.129,Jayashankar Bhupalpally,TS
2014-05-01,0.2,39.0,28.3,7.06,0.129,Jayashankar Bhupalpally,TS
2014-05-02,0.1,39.1,27.7,7.12,0.13,Jayashankar Bhupalpally,TS
2014-05-03,0.0,37.9,27.7,6.5,0.131,Jayashankar Bhupalpally,TS
2014-05-04,0.4,38.2,27.7,6.44,0.136,Jayashankar Bhupalpally,TS
2014-05-05,1.1,37.0,26.9,6.67,0.153,Jayashankar Bhupalpally,TS
2014-05-06,0.6,36.7,26.6,6.36,0.16,Jayashankar Bhupalpally,TS
2014-05-07,0.3,36.7,26.6,6.23,0.156,Jayashankar Bhupalpally,TS
2014-05-08,0.0,37.3,26.8,6.89,0.152,Jayashankar Bhupalpally,TS
2014-05-09,29.3,30.0,24.3,1.98,0.213,Jayashankar Bhupalpally,TS
2014-05-10,2.5,34.0,23.9,4.89,0.33,Jayashankar Bhupalpally,TS
2014-05-11,0.0,37.4,26.7,6.54,0.286,Jayashankar Bhupalpally,TS
2014-05-12,0.0,38.5,25.4,7.24,0.261,Jayashankar Bhupalpally,TS
2014-05-13,0.0,38.7,25.8,6.94,0.241,Jayashankar Bhupalpally,TS
2014-05-14,0.0,38.6,26.2,6.97,0.225,Jayashankar Bhupalpally,TS
2014-05-15,0.0,37.9,26.0,7.09,0.21,Jayashankar Bhupalpally,TS
2014-05-16,0.0,38.0,27.2,6.53,0.198,Jayashankar Bhupalpally,TS
2014-05-17,0.0,38.6,27.5,6.43,0.188,Jayashankar Bhupalpally,TS
2014-05-18,0.0,39.9,29.0,7.13,0.178,Jayashankar Bhupalpally,TS
2014-05-19,0.7,37.4,29.2,6.41,0.172,Jayashankar Bhupalpally,TS
2014-05-20,0.1,37.9,28.7,6.17,0.169,Jayashankar Bhupalpally,TS
2014-05-21,0.0,38.8,29.5,6.46,0.163,Jayashankar Bhupalpally,TS
2014-05-22,0.0,40.9,30.0,7.75,0.157,Jayashankar Bhupalpally,TS
2014-05-23,0.0,42.1,29.0,7.96,0.15,Jayashankar Bhupalpally,TS
2014-05-24,0.0,40.4,29.4,7.04,0.145,Jayashankar Bhupalpally,TS
2014-05-25,0.0,39.2,29.1,7.08,0.141,Jayashankar Bhupalpally,TS
2014-05-26,0.0,37.5,28.5,5.95,0.139,Jayashankar Bhupalpally,TS
2014-05-27,0.0,38.8,28.6,6.45,0.137,Jayashankar Bhupalpally,TS
2014-05-28,0.0,39.2,29.4,6.69,0.134,Jayashankar Bhupalpally,TS
2014-05-29,0.0,40.2,28.3,6.93,0.132,Jayashankar Bhupalpally,TS
2014-05-30,0.0,41.3,29.1,7.45,0.131,Jayashankar Bhupalpally,TS
2014-05-31,0.0,42.1,30.5,8.05,0.129,Jayashankar Bhupalpally,TS
2014-06-01,0.5,42.3,29.9,7.15,0.129,Jayashankar Bhupalpally,TS
2014-06-02,0.0,39.7,29.6,6.97,0.13,Jayashankar Bhupalpally,TS
2014-06-03,2.0,38.2,27.6,5.68,0.134,Jayashankar Bhupalpally,TS
2014-06-04,0.0,39.7,29.2,6.89,0.134,Jayashankar Bhupalpally,TS
2014-06-05,0.0,40.4,30.1,6.97,0.133,Jayashankar Bhupalpally,TS
2014-06-06,0.0,42.1,30.4,7.56,0.131,Jayashankar Bhupalpally,TS
2014-06-07,0.0,42.7,31.7,8.56,0.129,Jayashankar Bhupalpally,TS
2014-06-08,0.0,41.8,32.6,7.46,0.128,Jayashankar Bhupalpally,TS
2014-06-09,0.4,41.5,32.4,7.9,0.133,Jayashankar Bhupalpally,TS
2014-06-10,0.1,40.4,30.8,8.22,0.139,Jayashankar Bhupalpally,TS
2014-06-11,1.1,38.6,31.1,7.82,0.139,Jayashankar Bhupalpally,TS
2014-06-12,0.2,38.3,31.6,7.7,0.149,Jayashankar Bhupalpally,TS
2014-06-13,1.2,39.2,30.0,8.21,0.167,Jayashankar Bhupalpally,TS
2014-06-14,2.0,36.5,28.5,6.6,0.184,Jayashankar Bhupalpally,TS
2014-06-15,0.0,36.8,29.4,6.9,0.176,Jayashankar Bhupalpally,TS
2014-06-16,0.0,37.9,30.4,7.61,0.166,Jayashankar Bhupalpally,TS
2014-06-17,1.3,38.0,28.1,6.26,0.163,Jayashankar Bhupalpally,TS
2014-06-18,4.3,34.8,27.3,3.7,0.188,Jayashankar Bhupalpally,TS
2014-06-19,2.8,35.5,26.3,4.05,0.234,Jayashankar Bhupalpally,TS
2014-06-20,0.0,33.5,27.9,4.66,0.246,Jayashankar Bhupalpally,TS
2014-06-21,0.0,35.2,29.3,6.64,0.226,Jayashankar Bhupalpally,TS
2014-06-22,0.1,34.5,29.2,6.09,0.21,Jayashankar Bhupalpally,TS
2014-06-23,0.0,37.0,29.9,7.96,0.198,Jayashankar Bhupalpally,TS
2014-06-24,0.0,37.8,30.0,8.23,0.184,Jayashankar Bhupalpally,TS
2014-06-25,0.0,37.8,30.6,7.9,0.171,Jayashankar Bhupalpally,TS
2014-06-26,0.0,36.9,30.0,6.43,0.162,Jayashankar Bhupalpally,TS
2014-06-27,1.9,33.6,26.5,3.03,0.161,Jayashankar Bhupalpally,TS
2014-06-28,17.2,27.7,24.8,1.21,0.286,Jayashankar Bhupalpally,TS
2014-06-29,0.2,34.4,24.8,4.42,0.3,Jayashankar Bhupalpally,TS
2014-06-30,0.0,34.5,28.0,4.64,0.267,Jayashankar Bhupalpally,TS
2014-07-01,0.0,37.1,27.9,6.73,0.244,Jayashankar Bhupalpally,TS
2014-07-02,0.0,37.4,29.6,7.17,0.223,Jayashankar Bhupalpally,TS
2014-07-03,0.0,36.9,30.4,6.96,0.207,Jayashankar Bhupalpally,TS
2014-07-04,0.2,35.7,30.0,6.16,0.194,Jayashankar Bhupalpally,TS
2014-07-05,0.1,35.6,28.2,5.54,0.189,Jayashankar Bhupalpally,TS
2014-07-06,1.3,32.8,27.1,3.98,0.191,Jayashankar Bhupalpally,TS
2014-07-07,0.0,34.9,27.6,5.08,0.186,Jayashankar Bhupalpally,TS
2014-07-08,8.0,34.6,27.0,4.82,0.237,Jayashankar Bhupalpally,TS
2014-07-09,26.2,30.7,25.1,2.73,0.371,Jayashankar Bhupalpally,TS
2014-07-10,0.4,32.1,26.2,4.46,0.335,Jayashankar Bhupalpally,TS
2014-07-11,23.2,28.3,24.8,1.56,0.387,Jayashankar Bhupalpally,TS
2014-07-12,22.3,26.9,24.3,1.38,0.416,Jayashankar Bhupalpally,TS
2014-07-13,11.6,26.7,24.9,1.58,0.414,Jayashankar Bhupalpally,TS
2014-07-14,6.6,30.0,25.1,2.74,0.409,Jayashankar Bhupalpally,TS
2014-07-15,2.4,29.3,25.5,2.87,0.393,Jayashankar Bhupalpally,TS
2014-07-16,1.6,30.9,24.7,3.25,0.384,Jayashankar Bhupalpally,TS
2014-07-17,3.5,31.9,24.9,3.9,0.377,Jayashankar Bhupalpally,TS
2014-07-18,1.4,30.8,25.8,3.66,0.359,Jayashankar Bhupalpally,TS
2014-07-19,13.8,28.9,24.8,2.24,0.402,Jayashankar Bhupalpally,TS
2014-07-20,15.8,25.7,24.5,1.27,0.418,Jayashankar Bhupalpally,TS
2014-07-21,20.9,25.6,24.3,1.46,0.425,Jayashankar Bhupalpally,TS
2014-07-22,26.0,26.5,23.6,1.75,0.423,Jayashankar Bhupalpally,TS
2014-07-23,1.5,30.1,24.3,3.83,0.399,Jayashankar Bhupalpally,TS
2014-07-24,3.8,31.2,24.4,4.73,0.385,Jayashankar Bhupalpally,TS
2014-07-25,0.0,32.2,24.6,5.37,0.38,Jayashankar Bhupalpally,TS
2014-07-26,11.5,28.1,24.8,1.75,0.396,Jayashankar Bhupalpally,TS
2014-07-27,25.2,26.6,24.6,1.21,0.427,Jayashankar Bhupalpally,TS
2014-07-28,27.0,25.2,24.1,0.98,0.428,Jayashankar Bhupalpally,TS
2014-07-29,16.6,26.6,24.1,1.48,0.427,Jayashankar Bhupalpally,TS
2014-07-30,37.6,28.0,23.7,1.78,0.426,Jayashankar Bhupalpally,TS
2014-07-31,0.9,31.5,24.9,3.95,0.409,Jayashankar Bhupalpally,TS
2014-08-01,4.2,31.9,26.0,3.89,0.402,Jayashankar Bhupalpally,TS
2014-08-02,1.9,31.6,26.3,4.37,0.403,Jayashankar Bhupalpally,TS
2014-08-03,0.6,30.8,26.5,4.09,0.389,Jayashankar Bhupalpally,TS
2014-08-04,10.6,28.3,25.1,2.22,0.408,Jayashankar Bhupalpally,TS
2014-08-05,10.4,28.1,24.4,2.38,0.423,Jayashankar Bhupalpally,TS
2014-08-06,0.3,31.8,25.4,4.93,0.404,Jayashankar Bhupalpally,TS
2014-08-07,0.1,31.7,25.8,4.67,0.391,Jayashankar Bhupalpally,TS
2014-08-08,0.1,31.3,26.2,4.97,0.381,Jayashankar Bhupalpally,TS
2014-08-09,0.0,32.2,25.9,5.06,0.373,Jayashankar Bhupalpally,TS
2014-08-10,0.8,31.8,25.9,4.33,0.371,Jayashankar Bhupalpally,TS
2014-08-11,5.0,31.3,25.0,3.67,0.387,Jayashankar Bhupalpally,TS
2014-08-12,2.0,32.2,25.3,4.44,0.391,Jayashankar Bhupalpally,TS
2014-08-13,0.7,31.5,26.5,4.0,0.381,Jayashankar Bhupalpally,TS
2014-08-14,1.5,31.9,25.8,4.59,0.374,Jayashankar Bhupalpally,TS
2014-08-15,0.0,31.9,26.7,4.48,0.361,Jayashankar Bhupalpally,TS
2014-08-16,0.0,30.7,26.4,3.86,0.353,Jayashankar Bhupalpally,TS
2014-08-17,0.2,31.4,26.5,4.06,0.35,Jayashankar Bhupalpally,TS
2014-08-18,0.2,32.4,25.1,4.43,0.347,Jayashankar Bhupalpally,TS
2014-08-19,0.3,32.9,25.7,4.5,0.342,Jayashankar Bhupalpally,TS
2014-08-20,2.3,32.6,25.6,4.51,0.347,Jayashankar Bhupalpally,TS
2014-08-21,4.2,32.4,25.0,4.04,0.353,Jayashankar Bhupalpally,TS
2014-08-22,0.1,31.7,25.7,3.71,0.348,Jayashankar Bhupalpally,TS
2014-08-23,0.0,32.8,25.7,5.18,0.335,Jayashankar Bhupalpally,TS
2014-08-24,0.0,32.5,25.5,4.66,0.323,Jayashankar Bhupalpally,TS
2014-08-25,6.6,32.6,24.7,4.47,0.346,Jayashankar Bhupalpally,TS
2014-08-26,8.2,31.4,24.6,3.04,0.376,Jayashankar Bhupalpally,TS
2014-08-27,8.6,30.1,24.5,2.69,0.391,Jayashankar Bhupalpally,TS
2014-08-28,54.7,27.6,24.1,1.43,0.428,Jayashankar Bhupalpally,TS
2014-08-29,70.8,29.5,23.7,2.3,0.428,Jayashankar Bhupalpally,TS
2014-08-30,19.8,26.3,24.1,1.21,0.427,Jayashankar Bhupalpally,TS
2014-08-31,7.4,26.8,24.0,1.39,0.423,Jayashankar Bhupalpally,TS
2014-09-01,20.9,27.4,23.7,2.06,0.424,Jayashankar Bhupalpally,TS
2014-09-02,6.0,31.3,23.8,3.74,0.419,Jayashankar Bhupalpally,TS
2014-09-03,0.0,31.7,25.4,4.57,0.403,Jayashankar Bhupalpally,TS
2014-09-04,2.2,31.5,24.8,4.41,0.399,Jayashankar Bhupalpally,TS
2014-09-05,13.6,30.2,24.4,3.21,0.415,Jayashankar Bhupalpally,TS
2014-09-06,32.4,25.3,24.0,1.01,0.429,Jayashankar Bhupalpally,TS
2014-09-07,112.3,24.8,23.5,1.26,0.427,Jayashankar Bhupalpally,TS
2014-09-08,0.1,30.2,24.1,4.32,0.411,Jayashankar Bhupalpally,TS
2014-09-09,1.1,29.9,24.6,4.04,0.397,Jayashankar Bhupalpally,TS
2014-09-10,0.2,29.6,24.8,3.65,0.396,Jayashankar Bhupalpally,TS
2014-09-11,3.4,29.0,25.0,2.86,0.396,Jayashankar Bhupalpally,TS
2014-09-12,5.3,30.9,24.9,3.65,0.404,Jayashankar Bhupalpally,TS
2014-09-13,2.4,31.3,24.7,4.11,0.41,Jayashankar Bhupalpally,TS
2014-09-14,5.6,31.1,25.2,3.89,0.407,Jayashankar Bhupalpally,TS
2014-09-15,3.4,30.3,24.3,3.25,0.411,Jayashankar Bhupalpally,TS
2014-09-16,2.6,30.4,24.8,3.07,0.407,Jayashankar Bhupalpally,TS
2014-09-17,2.3,31.3,24.9,3.87,0.404,Jayashankar Bhupalpally,TS
2014-09-18,19.9,31.9,24.7,4.04,0.414,Jayashankar Bhupalpally,TS
2014-09-19,26.2,30.0,24.6,2.78,0.427,Jayashankar Bhupalpally,TS
2014-09-20,2.7,30.3,24.8,2.28,0.423,Jayashankar Bhupalpally,TS
2014-09-21,0.9,30.9,25.3,3.33,0.41,Jayashankar Bhupalpally,TS
2014-09-22,0.4,32.1,25.3,4.56,0.397,Jayashankar Bhupalpally,TS
2014-09-23,0.6,31.5,24.9,4.02,0.389,Jayashankar Bhupalpally,TS
2014-09-24,0.0,32.7,24.8,4.61,0.379,Jayashankar Bhupalpally,TS
2014-09-25,0.0,33.1,24.6,4.99,0.37,Jayashankar Bhupalpally,TS
2014-09-26,0.0,32.0,25.0,4.6,0.362,Jayashankar Bhupalpally,TS
2014-09-27,0.0,32.0,25.0,4.4,0.355,Jayashankar Bhupalpally,TS
2014-09-28,0.1,32.0,24.7,4.38,0.349,Jayashankar Bhupalpally,TS
2014-09-29,0.0,31.8,24.3,4.43,0.344,Jayashankar Bhupalpally,TS
2014-09-30,0.0,32.8,23.9,4.63,0.338,Jayashankar Bhupalpally,TS
2014-10-01,0.0,32.9,23.8,4.72,0.331,Jayashankar Bhupalpally,TS
2014-10-02,0.0,33.0,23.8,4.77,0.324,Jayashankar Bhupalpally,TS
2014-10-03,0.0,33.3,23.9,4.7,0.318,Jayashankar Bhupalpally,TS
2014-10-04,0.0,33.2,25.2,4.55,0.312,Jayashankar Bhupalpally,TS
2014-10-05,0.6,33.3,24.8,4.63,0.309,Jayashankar Bhupalpally,TS
2014-10-06,1.8,31.9,24.4,4.32,0.31,Jayashankar Bhupalpally,TS
2014-10-07,0.5,30.9,24.0,3.82,0.324,Jayashankar Bhupalpally,TS
2014-10-08,1.4,31.1,23.8,3.7,0.319,Jayashankar Bhupalpally,TS
2014-10-09,0.2,31.4,23.2,3.92,0.321,Jayashankar Bhupalpally,TS
2014-10-10,0.0,33.1,24.8,4.69,0.31,Jayashankar Bhupalpally,TS
2014-10-11,0.2,32.6,26.1,4.86,0.301,Jayashankar Bhupalpally,TS
2014-10-12,12.2,29.6,24.1,3.48,0.318,Jayashankar Bhupalpally,TS
2014-10-13,21.1,30.9,23.0,2.71,0.405,Jayashankar Bhupalpally,TS
2014-10-14,0.0,33.1,25.5,4.94,0.378,Jayashankar Bhupalpally,TS
2014-10-15,0.0,31.2,25.3,3.91,0.364,Jayashankar Bhupalpally,TS
2014-10-16,5.6,30.8,24.1,3.67,0.369,Jayashankar Bhupalpally,TS
2014-10-17,3.0,30.9,23.6,3.69,0.384,Jayashankar Bhupalpally,TS
2014-10-18,0.6,30.3,22.6,3.7,0.375,Jayashankar Bhupalpally,TS
2014-10-19,0.7,31.0,23.0,3.93,0.363,Jayashankar Bhupalpally,TS
2014-10-20,0.0,31.0,23.2,4.21,0.353,Jayashankar Bhupalpally,TS
2014-10-21,0.1,31.5,22.9,4.23,0.343,Jayashankar Bhupalpally,TS
2014-10-22,0.4,30.6,23.5,3.7,0.34,Jayashankar Bhupalpally,TS
2014-10-23,0.0,31.2,23.6,4.08,0.333,Jayashankar Bhupalpally,TS
2014-10-24,0.0,30.8,22.8,4.05,0.324,Jayashankar Bhupalpally,TS
2014-10-25,3.3,28.9,23.9,1.92,0.326,Jayashankar Bhupalpally,TS
2014-10-26,25.0,24.9,22.5,1.09,0.392,Jayashankar Bhupalpally,TS
2014-10-27,44.0,22.7,21.3,0.72,0.425,Jayashankar Bhupalpally,TS
2014-10-28,0.0,28.4,20.6,3.74,0.401,Jayashankar Bhupalpally,TS
2014-10-29,0.0,29.5,19.4,4.53,0.386,Jayashankar Bhupalpally,TS
2014-10-30,0.0,29.7,20.1,4.43,0.374,Jayashankar Bhupalpally,TS
2014-10-31,0.0,30.3,20.9,4.44,0.365,Jayashankar Bhupalpally,TS
2014-11-01,0.0,29.1,19.9,3.42,0.357,Jayashankar Bhupalpally,TS
2014-11-02,0.0,30.7,20.2,4.31,0.35,Jayashankar Bhupalpally,TS
2014-11-03,0.0,30.8,20.2,4.58,0.342,Jayashankar Bhupalpally,TS
2014-11-04,0.0,30.4,19.5,4.55,0.335,Jayashankar Bhupalpally,TS
2014-11-05,0.0,30.7,18.8,4.89,0.328,Jayashankar Bhupalpally,TS
2014-11-06,0.0,31.0,19.8,4.18,0.321,Jayashankar Bhupalpally,TS
2014-11-07,0.0,30.7,21.8,4.85,0.315,Jayashankar Bhupalpally,TS
2014-11-08,0.0,30.2,18.3,4.55,0.309,Jayashankar Bhupalpally,TS
2014-11-09,3.1,27.7,22.0,2.32,0.311,Jayashankar Bhupalpally,TS
2014-11-10,6.6,30.3,22.3,2.92,0.364,Jayashankar Bhupalpally,TS
2014-11-11,0.0,30.5,23.4,2.94,0.351,Jayashankar Bhupalpally,TS
2014-11-12,4.1,30.1,23.4,3.13,0.347,Jayashankar Bhupalpally,TS
2014-11-13,1.6,28.9,22.2,2.44,0.369,Jayashankar Bhupalpally,TS
2014-11-14,1.4,30.2,22.6,3.3,0.353,Jayashankar Bhupalpally,TS
2014-11-15,0.2,30.0,22.4,3.21,0.345,Jayashankar Bhupalpally,TS
2014-11-16,0.0,30.1,21.6,3.28,0.337,Jayashankar Bhupalpally,TS
2014-11-17,0.3,30.5,22.2,3.48,0.331,Jayashankar Bhupalpally,TS
2014-11-18,2.4,30.1,22.7,3.21,0.329,Jayashankar Bhupalpally,TS
2014-11-19,0.4,30.0,22.3,3.31,0.337,Jayashankar Bhupalpally,TS
2014-11-20,0.0,29.4,20.3,3.5,0.327,Jayashankar Bhupalpally,TS
2014-11-21,0.0,29.0,18.4,3.59,0.318,Jayashankar Bhupalpally,TS
2014-11-22,0.0,29.2,19.6,3.56,0.311,Jayashankar Bhupalpally,TS
2014-11-23,0.0,29.0,19.0,3.61,0.305,Jayashankar Bhupalpally,TS
2014-11-24,0.0,29.3,18.6,3.71,0.299,Jayashankar Bhupalpally,TS
2014-11-25,0.0,29.0,17.6,3.84,0.293,Jayashankar Bhupalpally,TS
2014-11-26,0.0,29.0,16.1,3.91,0.288,Jayashankar Bhupalpally,TS
2014-11-27,0.0,28.8,17.3,3.72,0.283,Jayashankar Bhupalpally,TS
2014-11-28,0.0,29.5,17.7,3.75,0.278,Jayashankar Bhupalpally,TS
2014-11-29,0.0,30.0,17.8,3.94,0.273,Jayashankar Bhupalpally,TS
2014-11-30,0.0,30.0,18.0,4.07,0.268,Jayashankar Bhupalpally,TS
2014-12-01,0.0,29.9,17.7,3.99,0.264,Jayashankar Bhupalpally,TS
2014-12-02,0.0,29.5,17.2,3.9,0.26,Jayashankar Bhupalpally,TS
2014-12-03,0.0,29.5,17.4,4.1,0.255,Jayashankar Bhupalpally,TS
2014-12-04,0.0,29.4,17.1,4.04,0.251,Jayashankar Bhupalpally,TS
2014-12-05,0.0,28.8,16.3,3.7,0.247,Jayashankar Bhupalpally,TS
2014-12-06,0.0,28.8,16.8,3.71,0.244,Jayashankar Bhupalpally,TS
2014-12-07,0.0,29.0,17.3,3.72,0.24,Jayashankar Bhupalpally,TS
2014-12-08,0.0,29.3,17.1,3.54,0.237,Jayashankar Bhupalpally,TS
2014-12-09,0.0,29.3,20.0,3.25,0.234,Jayashankar Bhupalpally,TS
2014-12-10,0.0,29.2,19.8,3.09,0.232,Jayashankar Bhupalpally,TS
2014-12-11,0.0,27.7,20.2,2.41,0.23,Jayashankar Bhupalpally,TS
2014-12-12,0.5,26.4,21.2,1.57,0.232,Jayashankar Bhupalpally,TS
2014-12-13,0.9,26.1,21.5,1.44,0.242,Jayashankar Bhupalpally,TS
2014-12-14,0.0,27.7,20.4,3.35,0.25,Jayashankar Bhupalpally,TS
2014-12-15,0.0,29.3,19.1,3.29,0.244,Jayashankar Bhupalpally,TS
2014-12-16,0.0,27.9,20.1,3.46,0.239,Jayashankar Bhupalpally,TS
2014-12-17,0.0,26.8,18.8,4.36,0.233,Jayashankar Bhupalpally,TS
2014-12-18,0.0,27.1,15.0,4.03,0.228,Jayashankar Bhupalpally,TS
2014-12-19,0.0,26.8,14.3,3.91,0.223,Jayashankar Bhupalpally,TS
2014-12-20,0.0,26.1,14.2,3.8,0.219,Jayashankar Bhupalpally,TS
2014-12-21,0.0,26.5,15.2,3.54,0.215,Jayashankar Bhupalpally,TS
2014-12-22,0.0,26.8,13.7,3.52,0.212,Jayashankar Bhupalpally,TS
2014-12-23,0.0,26.9,15.2,3.56,0.209,Jayashankar Bhupalpally,TS
2014-12-24,0.0,27.2,15.5,3.46,0.206,Jayashankar Bhupalpally,TS
2014-12-25,0.0,27.7,15.6,3.69,0.204,Jayashankar Bhupalpally,TS
2014-12-26,0.0,27.2,15.2,4.1,0.2,Jayashankar Bhupalpally,TS
2014-12-27,0.0,26.3,14.4,3.8,0.197,Jayashankar Bhupalpally,TS
2014-12-28,0.0,26.4,13.4,3.86,0.194,Jayashankar Bhupalpally,TS
2014-12-29,0.0,27.6,15.1,3.92,0.191,Jayashankar Bhupalpally,TS
2014-12-30,0.0,28.6,17.0,3.51,0.189,Jayashankar Bhupalpally,TS
2014-12-31,0.0,30.1,19.5,3.76,0.186,Jayashankar Bhupalpally,TS
2015-01-01,0.0,29.9,21.8,3.3,0.185,Jayashankar Bhupalpally,TS
2015-01-02,0.5,29.0,21.8,3.03,0.188,Jayashankar Bhupalpally,TS
2015-01-03,5.8,28.9,21.5,2.38,0.226,Jayashankar Bhupalpally,TS
2015-01-04,1.2,27.5,19.8,2.67,0.271,Jayashankar Bhupalpally,TS
2015-01-05,0.0,28.3,19.5,3.84,0.26,Jayashankar Bhupalpally,TS
2015-01-06,0.0,27.9,17.1,4.23,0.248,Jayashankar Bhupalpally,TS
2015-01-07,0.0,27.8,15.7,4.02,0.237,Jayashankar Bhupalpally,TS
2015-01-08,0.0,27.8,16.0,4.22,0.229,Jayashankar Bhupalpally,TS
2015-01-09,0.0,26.9,14.1,4.34,0.221,Jayashankar Bhupalpally,TS
2015-01-10,0.0,27.0,13.2,4.26,0.213,Jayashankar Bhupalpally,TS
2015-01-11,0.0,27.2,13.2,4.24,0.207,Jayashankar Bhupalpally,TS
2015-01-12,0.0,27.4,13.3,4.23,0.201,Jayashankar Bhupalpally,TS
2015-01-13,0.0,27.3,13.9,4.19,0.196,Jayashankar Bhupalpally,TS
2015-01-14,0.0,28.2,14.6,3.95,0.191,Jayashankar Bhupalpally,TS
2015-01-15,0.0,28.1,16.6,3.84,0.187,Jayashankar Bhupalpally,TS
2015-01-16,0.0,28.7,15.9,4.17,0.183,Jayashankar Bhupalpally,TS
2015-01-17,0.0,28.4,18.3,4.61,0.179,Jayashankar Bhupalpally,TS
2015-01-18,0.0,28.6,15.3,4.47,0.176,Jayashankar Bhupalpally,TS
2015-01-19,0.0,28.5,14.8,4.2,0.172,Jayashankar Bhupalpally,TS
2015-01-20,0.0,28.7,16.4,4.05,0.17,Jayashankar Bhupalpally,TS
2015-01-21,0.0,28.9,18.5,4.51,0.167,Jayashankar Bhupalpally,TS
2015-01-22,0.0,29.0,18.1,4.38,0.164,Jayashankar Bhupalpally,TS
2015-01-23,0.0,29.0,17.5,4.39,0.162,Jayashankar Bhupalpally,TS
2015-01-24,0.0,29.9,17.5,4.22,0.159,Jayashankar Bhupalpally,TS
2015-01-25,0.0,30.4,18.2,4.81,0.157,Jayashankar Bhupalpally,TS
2015-01-26,0.0,29.7,18.5,4.4,0.155,Jayashankar Bhupalpally,TS
2015-01-27,0.0,29.2,18.0,4.39,0.153,Jayashankar Bhupalpally,TS
2015-01-28,0.0,29.6,17.8,4.41,0.152,Jayashankar Bhupalpally,TS
2015-01-29,0.0,29.8,18.6,4.15,0.15,Jayashankar Bhupalpally,TS
2015-01-30,0.0,29.6,18.6,3.96,0.149,Jayashankar Bhupalpally,TS
2015-01-31,0.0,30.2,18.1,4.61,0.147,Jayashankar Bhupalpally,TS
2015-02-01,0.0,29.8,18.1,4.2,0.146,Jayashankar Bhupalpally,TS
2015-02-02,0.0,29.2,20.1,3.4,0.145,Jayashankar Bhupalpally,TS
2015-02-03,0.0,29.8,18.9,4.1,0.144,Jayashankar Bhupalpally,TS
2015-02-04,0.0,31.1,18.6,4.55,0.143,Jayashankar Bhupalpally,TS
2015-02-05,0.0,31.6,18.6,4.43,0.142,Jayashankar Bhupalpally,TS
2015-02-06,0.0,31.6,17.3,4.51,0.14,Jayashankar Bhupalpally,TS
2015-02-07,0.0,30.7,17.6,4.8,0.139,Jayashankar Bhupalpally,TS
2015-02-08,0.0,31.0,19.4,4.68,0.138,Jayashankar Bhupalpally,TS
2015-02-09,0.0,31.3,19.8,4.92,0.137,Jayashankar Bhupalpally,TS
2015-02-10,0.0,30.9,19.4,4.76,0.136,Jayashankar Bhupalpally,TS
2015-02-11,0.0,30.5,19.3,4.38,0.136,Jayashankar Bhupalpally,TS
2015-02-12,0.0,31.3,20.0,4.71,0.136,Jayashankar Bhupalpally,TS
2015-02-13,0.0,31.7,20.1,4.58,0.136,Jayashankar Bhupalpally,TS
2015-02-14,0.0,32.5,19.6,5.01,0.135,Jayashankar Bhupalpally,TS
2015-02-15,0.0,33.7,18.3,5.14,0.134,Jayashankar Bhupalpally,TS
2015-02-16,0.0,33.5,19.9,5.15,0.133,Jayashankar Bhupalpally,TS
2015-02-17,0.0,34.2,19.9,5.09,0.132,Jayashankar Bhupalpally,TS
2015-02-18,0.0,33.7,21.1,5.84,0.131,Jayashankar Bhupalpally,TS
2015-02-19,0.0,32.5,21.7,5.14,0.131,Jayashankar Bhupalpally,TS
2015-02-20,0.0,32.1,21.3,4.7,0.13,Jayashankar Bhupalpally,TS
2015-02-21,0.0,32.5,20.5,4.69,0.13,Jayashankar Bhupalpally,TS
2015-02-22,0.0,33.8,21.1,5.42,0.13,Jayashankar Bhupalpally,TS
2015-02-23,0.0,34.3,20.0,5.13,0.129,Jayashankar Bhupalpally,TS
2015-02-24,0.0,34.6,21.7,5.82,0.129,Jayashankar Bhupalpally,TS
2015-02-25,0.0,34.6,21.1,6.0,0.128,Jayashankar Bhupalpally,TS
2015-02-26,0.0,34.9,21.0,6.6,0.128,Jayashankar Bhupalpally,TS
2015-02-27,0.0,33.6,21.1,6.21,0.127,Jayashankar Bhupalpally,TS
2015-02-28,0.0,33.8,21.3,6.35,0.127,Jayashankar Bhupalpally,TS
2015-03-01,0.0,31.7,21.9,4.83,0.127,Jayashankar Bhupalpally,TS
2015-03-02,2.6,28.7,23.0,2.89,0.136,Jayashankar Bhupalpally,TS
2015-03-03,1.4,31.5,22.2,3.75,0.158,Jayashankar Bhupalpally,TS
2015-03-04,1.2,31.1,21.3,5.32,0.169,Jayashankar Bhupalpally,TS
2015-03-05,0.0,34.1,21.2,5.5,0.164,Jayashankar Bhupalpally,TS
2015-03-06,1.2,31.7,23.4,4.11,0.168,Jayashankar Bhupalpally,TS
2015-03-07,0.3,32.5,23.0,4.35,0.199,Jayashankar Bhupalpally,TS
2015-03-08,0.6,33.3,24.0,5.17,0.193,Jayashankar Bhupalpally,TS
2015-03-09,0.6,32.7,23.7,4.82,0.197,Jayashankar Bhupalpally,TS
2015-03-10,1.3,33.8,22.9,4.75,0.206,Jayashankar Bhupalpally,TS
2015-03-11,0.1,34.8,22.2,5.21,0.206,Jayashankar Bhupalpally,TS
2015-03-12,0.0,34.7,21.4,5.71,0.194,Jayashankar Bhupalpally,TS
2015-03-13,0.0,35.6,22.0,5.93,0.183,Jayashankar Bhupalpally,TS
2015-03-14,0.0,35.5,21.8,6.44,0.174,Jayashankar Bhupalpally,TS
2015-03-15,0.0,35.2,22.0,6.75,0.166,Jayashankar Bhupalpally,TS
2015-03-16,0.0,35.2,21.9,6.51,0.158,Jayashankar Bhupalpally,TS
2015-03-17,0.0,35.7,21.7,5.61,0.152,Jayashankar Bhupalpally,TS
2015-03-18,0.0,36.7,23.8,5.96,0.147,Jayashankar Bhupalpally,TS
2015-03-19,0.0,36.5,27.3,5.23,0.143,Jayashankar Bhupalpally,TS
2015-03-20,0.0,36.9,25.3,5.55,0.139,Jayashankar Bhupalpally,TS
2015-03-21,0.0,37.8,24.4,6.43,0.136,Jayashankar Bhupalpally,TS
2015-03-22,0.0,39.0,24.3,6.84,0.133,Jayashankar Bhupalpally,TS
2015-03-23,0.0,38.5,24.4,6.56,0.131,Jayashankar Bhupalpally,TS
2015-03-24,0.0,38.8,24.6,6.53,0.129,Jayashankar Bhupalpally,TS
2015-03-25,0.0,37.5,25.1,6.16,0.128,Jayashankar Bhupalpally,TS
2015-03-26,0.0,36.1,25.1,6.39,0.127,Jayashankar Bhupalpally,TS
2015-03-27,0.0,36.2,25.0,6.41,0.127,Jayashankar Bhupalpally,TS
2015-03-28,0.0,36.0,25.0,6.28,0.126,Jayashankar Bhupalpally,TS
2015-03-29,0.0,36.5,25.3,6.46,0.132,Jayashankar Bhupalpally,TS
2015-03-30,0.0,33.0,26.0,4.12,0.142,Jayashankar Bhupalpally,TS
2015-03-31,0.0,35.8,25.0,5.84,0.14,Jayashankar Bhupalpally,TS
2015-04-01,0.0,36.3,25.6,6.06,0.137,Jayashankar Bhupalpally,TS
2015-04-02,0.0,36.6,25.9,6.27,0.134,Jayashankar Bhupalpally,TS
2015-04-03,0.0,37.6,26.5,6.04,0.133,Jayashankar Bhupalpally,TS
2015-04-04,0.0,39.1,27.0,6.91,0.131,Jayashankar Bhupalpally,TS
2015-04-05,0.0,38.3,26.7,6.26,0.13,Jayashankar Bhupalpally,TS
2015-04-06,0.0,37.5,27.0,6.45,0.129,Jayashankar Bhupalpally,TS
2015-04-07,0.0,37.6,26.4,7.21,0.128,Jayashankar Bhupalpally,TS
2015-04-08,0.0,37.7,26.1,7.32,0.127,Jayashankar Bhupalpally,TS
2015-04-09,0.0,36.9,25.6,6.72,0.126,Jayashankar Bhupalpally,TS
2015-04-10,0.0,37.0,25.9,6.1,0.126,Jayashankar Bhupalpally,TS
2015-04-11,0.0,34.7,27.2,5.2,0.126,Jayashankar Bhupalpally,TS
2015-04-12,7.0,28.7,22.7,2.83,0.186,Jayashankar Bhupalpally,TS
2015-04-13,12.3,31.4,21.4,4.48,0.291,Jayashankar Bhupalpally,TS
2015-04-14,6.7,30.5,20.7,4.65,0.314,Jayashankar Bhupalpally,TS
2015-04-15,1.5,32.3,22.2,4.89,0.295,Jayashankar Bhupalpally,TS
2015-04-16,0.5,33.2,22.8,4.95,0.28,Jayashankar Bhupalpally,TS
2015-04-17,0.0,33.9,23.6,5.5,0.257,Jayashankar Bhupalpally,TS
2015-04-18,0.0,37.2,24.8,6.17,0.237,Jayashankar Bhupalpally,TS
2015-04-19,0.0,38.0,25.9,6.42,0.22,Jayashankar Bhupalpally,TS
2015-04-20,0.0,38.0,26.6,6.47,0.205,Jayashankar Bhupalpally,TS
2015-04-21,0.0,38.4,26.7,6.8,0.193,Jayashankar Bhupalpally,TS
2015-04-22,0.0,38.9,27.4,6.55,0.183,Jayashankar Bhupalpally,TS
2015-04-23,0.1,37.7,28.1,6.4,0.176,Jayashankar Bhupalpally,TS
2015-04-24,10.8,36.1,27.0,5.78,0.264,Jayashankar Bhupalpally,TS
2015-04-25,0.0,36.2,25.4,5.9,0.279,Jayashankar Bhupalpally,TS
2015-04-26,0.0,35.5,25.9,6.13,0.253,Jayashankar Bhupalpally,TS
2015-04-27,0.0,37.0,25.7,6.51,0.234,Jayashankar Bhupalpally,TS
2015-04-28,0.0,38.4,26.4,7.25,0.218,Jayashankar Bhupalpally,TS
2015-04-29,0.0,39.2,27.2,7.57,0.203,Jayashankar Bhupalpally,TS
2015-04-30,0.0,39.5,27.1,6.84,0.192,Jayashankar Bhupalpally,TS
2015-05-01,0.0,39.5,27.5,6.95,0.181,Jayashankar Bhupalpally,TS
2015-05-02,0.0,39.6,28.0,7.01,0.171,Jayashankar Bhupalpally,TS
2015-05-03,0.2,38.5,28.2,6.63,0.163,Jayashankar Bhupalpally,TS
2015-05-04,0.3,37.0,28.2,6.08,0.159,Jayashankar Bhupalpally,TS
2015-05-05,0.3,37.6,27.5,6.27,0.157,Jayashankar Bhupalpally,TS
2015-05-06,0.5,38.7,27.6,6.5,0.154,Jayashankar Bhupalpally,TS
2015-05-07,0.0,39.0,28.0,6.8,0.153,Jayashankar Bhupalpally,TS
2015-05-08,0.0,40.4,28.2,6.93,0.147,Jayashankar Bhupalpally,TS
2015-05-09,0.2,40.0,28.4,6.86,0.143,Jayashankar Bhupalpally,TS
2015-05-10,0.0,37.2,29.4,5.79,0.141,Jayashankar Bhupalpally,TS
2015-05-11,0.1,37.2,29.2,6.16,0.141,Jayashankar Bhupalpally,TS
2015-05-12,0.0,38.1,28.5,5.76,0.142,Jayashankar Bhupalpally,TS
2015-05-13,2.4,38.1,28.8,6.31,0.148,Jayashankar Bhupalpally,TS
2015-05-14,0.4,37.1,27.6,5.18,0.16,Jayashankar Bhupalpally,TS
2015-05-15,0.4,37.8,28.7,5.76,0.157,Jayashankar Bhupalpally,TS
2015-05-16,2.8,36.1,26.9,4.35,0.199,Jayashankar Bhupalpally,TS
2015-05-17,0.0,36.8,27.6,6.24,0.204,Jayashankar Bhupalpally,TS
2015-05-18,0.0,39.3,27.5,6.33,0.194,Jayashankar Bhupalpally,TS
2015-05-19,0.0,43.1,29.4,7.59,0.18,Jayashankar Bhupalpally,TS
2015-05-20,0.0,43.5,32.1,9.1,0.167,Jayashankar Bhupalpally,TS
2015-05-21,0.0,44.4,28.9,7.64,0.157,Jayashankar Bhupalpally,TS
2015-05-22,0.0,44.0,30.5,8.47,0.148,Jayashankar Bhupalpally,TS
2015-05-23,0.0,43.1,31.4,9.21,0.141,Jayashankar Bhupalpally,TS
2015-05-24,0.0,42.6,31.3,9.41,0.136,Jayashankar Bhupalpally,TS
2015-05-25,0.0,42.0,31.3,8.56,0.133,Jayashankar Bhupalpally,TS
2015-05-26,0.0,43.3,30.9,8.62,0.13,Jayashankar Bhupalpally,TS
2015-05-27,0.0,43.2,30.7,8.33,0.128,Jayashankar Bhupalpally,TS
2015-05-28,0.0,43.4,30.8,8.0,0.127,Jayashankar Bhupalpally,TS
2015-05-29,0.0,43.0,30.4,7.54,0.126,Jayashankar Bhupalpally,TS
2015-05-30,0.0,42.5,30.9,7.92,0.125,Jayashankar Bhupalpally,TS
2015-05-31,0.0,41.3,30.4,7.67,0.125,Jayashankar Bhupalpally,TS
2015-06-01,0.0,38.8,30.0,5.95,0.126,Jayashankar Bhupalpally,TS
2015-06-02,9.1,37.2,27.6,4.87,0.19,Jayashankar Bhupalpally,TS
2015-06-03,0.0,35.7,28.9,5.61,0.209,Jayashankar Bhupalpally,TS
2015-06-04,4.4,35.7,28.8,5.05,0.231,Jayashankar Bhupalpally,TS
2015-06-05,1.2,36.5,27.5,5.77,0.243,Jayashankar Bhupalpally,TS
2015-06-06,0.5,34.1,28.8,3.73,0.231,Jayashankar Bhupalpally,TS
2015-06-07,1.7,34.3,27.0,4.39,0.234,Jayashankar Bhupalpally,TS
2015-06-08,16.3,35.3,26.0,4.39,0.349,Jayashankar Bhupalpally,TS
2015-06-09,6.0,33.5,26.2,3.7,0.344,Jayashankar Bhupalpally,TS
2015-06-10,0.0,36.5,28.4,6.28,0.297,Jayashankar Bhupalpally,TS
2015-06-11,1.2,36.4,27.7,5.97,0.282,Jayashankar Bhupalpally,TS
2015-06-12,14.8,33.7,26.4,3.94,0.329,Jayashankar Bhupalpally,TS
2015-06-13,15.1,33.1,25.7,4.12,0.369,Jayashankar Bhupalpally,TS
2015-06-14,20.3,30.4,25.5,2.96,0.396,Jayashankar Bhupalpally,TS
2015-06-15,13.1,29.2,25.0,2.02,0.409,Jayashankar Bhupalpally,TS
2015-06-16,10.9,29.2,24.5,2.27,0.41,Jayashankar Bhupalpally,TS
2015-06-17,19.3,29.4,24.9,2.3,0.408,Jayashankar Bhupalpally,TS
2015-06-18,17.5,31.1,24.7,2.88,0.417,Jayashankar Bhupalpally,TS
2015-06-19,25.6,29.5,24.8,2.48,0.425,Jayashankar Bhupalpally,TS
2015-06-20,34.2,26.2,24.9,1.35,0.429,Jayashankar Bhupalpally,TS
2015-06-21,77.5,25.5,24.5,1.17,0.43,Jayashankar Bhupalpally,TS
2015-06-22,12.7,28.1,24.4,1.73,0.425,Jayashankar Bhupalpally,TS
2015-06-23,2.6,32.0,24.6,4.4,0.412,Jayashankar Bhupalpally,TS
2015-06-24,2.3,33.1,25.1,4.56,0.407,Jayashankar Bhupalpally,TS
2015-06-25,0.2,32.8,26.9,5.06,0.39,Jayashankar Bhupalpally,TS
2015-06-26,0.0,31.9,27.2,5.02,0.378,Jayashankar Bhupalpally,TS
2015-06-27,0.3,31.4,26.7,4.91,0.371,Jayashankar Bhupalpally,TS
2015-06-28,1.3,32.1,26.8,4.55,0.367,Jayashankar Bhupalpally,TS
2015-06-29,1.4,34.0,26.8,4.71,0.368,Jayashankar Bhupalpally,TS
2015-06-30,1.0,34.1,25.8,5.05,0.365,Jayashankar Bhupalpally,TS
2015-07-01,2.1,32.7,26.9,4.57,0.361,Jayashankar Bhupalpally,TS
2015-07-02,7.6,31.2,26.3,3.61,0.378,Jayashankar Bhupalpally,TS
2015-07-03,0.0,32.8,26.5,4.11,0.377,Jayashankar Bhupalpally,TS
2015-07-04,0.0,33.4,27.0,5.97,0.361,Jayashankar Bhupalpally,TS
2015-07-05,0.0,33.2,27.0,5.95,0.348,Jayashankar Bhupalpally,TS
2015-07-06,0.0,33.0,26.9,6.27,0.337,Jayashankar Bhupalpally,TS
2015-07-07,0.0,33.1,26.8,5.66,0.328,Jayashankar Bhupalpally,TS
2015-07-08,0.0,32.5,28.3,5.17,0.32,Jayashankar Bhupalpally,TS
2015-07-09,0.0,33.7,28.6,5.91,0.313,Jayashankar Bhupalpally,TS
2015-07-10,2.7,30.1,26.8,2.81,0.317,Jayashankar Bhupalpally,TS
2015-07-11,0.6,32.1,26.8,3.85,0.326,Jayashankar Bhupalpally,TS
2015-07-12,0.0,33.4,27.0,5.56,0.315,Jayashankar Bhupalpally,TS
2015-07-13,0.1,33.9,26.5,4.99,0.305,Jayashankar Bhupalpally,TS
2015-07-14,1.7,34.3,26.4,4.51,0.322,Jayashankar Bhupalpally,TS
2015-07-15,7.5,34.1,26.1,4.59,0.369,Jayashankar Bhupalpally,TS
2015-07-16,0.2,33.7,26.4,4.75,0.355,Jayashankar Bhupalpally,TS
2015-07-17,0.0,33.3,27.8,5.06,0.334,Jayashankar Bhupalpally,TS
2015-07-18,3.7,33.3,25.3,4.17,0.357,Jayashankar Bhupalpally,TS
2015-07-19,4.7,32.5,25.6,4.09,0.368,Jayashankar Bhupalpally,TS
2015-07-20,2.0,33.1,25.7,4.98,0.363,Jayashankar Bhupalpally,TS
2015-07-21,2.8,32.6,26.1,4.33,0.352,Jayashankar Bhupalpally,TS
2015-07-22,21.6,29.1,25.7,1.92,0.399,Jayashankar Bhupalpally,TS
2015-07-23,8.1,29.3,25.3,2.51,0.415,Jayashankar Bhupalpally,TS
2015-07-24,5.8,31.6,25.2,3.81,0.41,Jayashankar Bhupalpally,TS
2015-07-25,0.0,32.4,26.5,3.99,0.392,Jayashankar Bhupalpally,TS
2015-07-26,3.9,31.9,25.0,4.36,0.388,Jayashankar Bhupalpally,TS
2015-07-27,0.0,32.7,26.0,4.75,0.379,Jayashankar Bhupalpally,TS
2015-07-28,0.0,33.5,27.0,5.81,0.361,Jayashankar Bhupalpally,TS
2015-07-29,0.0,33.0,26.6,5.57,0.348,Jayashankar Bhupalpally,TS
2015-07-30,0.7,30.6,26.4,4.38,0.343,Jayashankar Bhupalpally,TS
2015-07-31,0.0,31.9,26.6,4.59,0.342,Jayashankar Bhupalpally,TS
2015-08-01,0.6,30.8,25.9,4.42,0.34,Jayashankar Bhupalpally,TS
2015-08-02,0.1,32.2,26.0,4.61,0.338,Jayashankar Bhupalpally,TS
2015-08-03,0.0,31.4,26.8,4.28,0.328,Jayashankar Bhupalpally,TS
2015-08-04,0.7,31.0,25.7,3.72,0.323,Jayashankar Bhupalpally,TS
2015-08-05,0.8,30.2,24.7,3.47,0.319,Jayashankar Bhupalpally,TS
2015-08-06,0.0,29.2,25.1,3.12,0.316,Jayashankar Bhupalpally,TS
2015-08-07,1.0,29.2,25.3,2.42,0.318,Jayashankar Bhupalpally,TS
2015-08-08,3.7,28.5,25.3,2.04,0.358,Jayashankar Bhupalpally,TS
2015-08-09,11.8,29.5,24.9,2.7,0.379,Jayashankar Bhupalpally,TS
2015-08-10,5.4,31.5,25.2,3.18,0.387,Jayashankar Bhupalpally,TS
2015-08-11,18.7,31.1,24.3,2.92,0.413,Jayashankar Bhupalpally,TS
2015-08-12,21.2,26.2,24.4,0.89,0.427,Jayashankar Bhupalpally,TS
2015-08-13,12.6,28.2,24.3,2.23,0.42,Jayashankar Bhupalpally,TS
2015-08-14,0.1,31.2,24.1,4.38,0.397,Jayashankar Bhupalpally,TS
2015-08-15,7.3,31.6,25.6,3.59,0.398,Jayashankar Bhupalpally,TS
2015-08-16,0.7,30.1,26.0,2.85,0.404,Jayashankar Bhupalpally,TS
2015-08-17,0.3,32.1,25.5,3.89,0.399,Jayashankar Bhupalpally,TS
2015-08-18,10.6,32.3,24.7,3.81,0.419,Jayashankar Bhupalpally,TS
2015-08-19,6.6,32.6,25.6,4.19,0.409,Jayashankar Bhupalpally,TS
2015-08-20,5.0,30.3,24.9,2.74,0.414,Jayashankar Bhupalpally,TS
2015-08-21,8.9,31.0,25.3,2.85,0.417,Jayashankar Bhupalpally,TS
2015-08-22,0.1,31.2,24.8,4.04,0.404,Jayashankar Bhupalpally,TS
2015-08-23,0.2,31.4,25.7,4.62,0.392,Jayashankar Bhupalpally,TS
2015-08-24,0.3,31.5,25.0,4.86,0.382,Jayashankar Bhupalpally,TS
2015-08-25,0.5,32.1,25.6,4.97,0.372,Jayashankar Bhupalpally,TS
2015-08-26,1.9,30.8,26.3,3.65,0.369,Jayashankar Bhupalpally,TS
2015-08-27,5.0,28.7,25.3,1.97,0.392,Jayashankar Bhupalpally,TS
2015-08-28,3.2,31.6,25.2,3.42,0.392,Jayashankar Bhupalpally,TS
2015-08-29,6.2,31.1,25.4,3.45,0.391,Jayashankar Bhupalpally,TS
2015-08-30,3.7,31.6,25.8,3.76,0.39,Jayashankar Bhupalpally,TS
2015-08-31,7.9,31.3,25.3,3.46,0.401,Jayashankar Bhupalpally,TS
2015-09-01,3.9,30.4,25.5,2.77,0.406,Jayashankar Bhupalpally,TS
2015-09-02,0.0,32.2,25.0,4.18,0.397,Jayashankar Bhupalpally,TS
2015-09-03,0.7,32.7,25.6,4.19,0.386,Jayashankar Bhupalpally,TS
2015-09-04,0.0,33.4,25.8,4.33,0.379,Jayashankar Bhupalpally,TS
2015-09-05,0.3,32.8,25.9,4.62,0.369,Jayashankar Bhupalpally,TS
2015-09-06,7.9,31.4,25.8,3.71,0.381,Jayashankar Bhupalpally,TS
2015-09-07,5.7,30.5,24.5,3.12,0.402,Jayashankar Bhupalpally,TS
2015-09-08,0.8,31.6,24.3,4.18,0.387,Jayashankar Bhupalpally,TS
2015-09-09,0.4,32.2,24.2,4.6,0.376,Jayashankar Bhupalpally,TS
2015-09-10,3.2,31.7,24.0,4.27,0.371,Jayashankar Bhupalpally,TS
2015-09-11,14.5,31.7,24.6,3.79,0.393,Jayashankar Bhupalpally,TS
2015-09-12,33.5,29.8,24.4,2.45,0.424,Jayashankar Bhupalpally,TS
2015-09-13,27.6,29.4,24.6,2.07,0.425,Jayashankar Bhupalpally,TS
2015-09-14,18.9,29.1,24.1,1.9,0.426,Jayashankar Bhupalpally,TS
2015-09-15,16.5,28.6,24.5,2.06,0.424,Jayashankar Bhupalpally,TS
2015-09-16,30.2,29.2,24.6,1.64,0.429,Jayashankar Bhupalpally,TS
2015-09-17,32.8,31.4,24.3,3.28,0.425,Jayashankar Bhupalpally,TS
2015-09-18,0.3,31.4,25.4,4.1,0.411,Jayashankar Bhupalpally,TS
2015-09-19,0.9,30.9,25.6,3.2,0.401,Jayashankar Bhupalpally,TS
2015-09-20,1.9,29.7,25.6,1.94,0.408,Jayashankar Bhupalpally,TS
2015-09-21,0.1,31.8,25.0,4.1,0.398,Jayashankar Bhupalpally,TS
2015-09-22,0.0,32.1,24.8,4.49,0.385,Jayashankar Bhupalpally,TS
2015-09-23,0.0,33.1,25.3,4.89,0.374,Jayashankar Bhupalpally,TS
2015-09-24,0.7,32.4,25.2,4.19,0.369,Jayashankar Bhupalpally,TS
2015-09-25,3.7,32.6,24.6,4.11,0.382,Jayashankar Bhupalpally,TS
2015-09-26,2.9,31.4,24.6,4.04,0.382,Jayashankar Bhupalpally,TS
2015-09-27,0.0,32.1,23.0,5.02,0.371,Jayashankar Bhupalpally,TS
2015-09-28,0.0,31.4,23.9,4.22,0.359,Jayashankar Bhupalpally,TS
2015-09-29,2.7,31.5,24.6,4.04,0.356,Jayashankar Bhupalpally,TS
2015-09-30,8.5,31.9,24.5,4.13,0.365,Jayashankar Bhupalpally,TS
2015-10-01,2.6,31.0,24.7,3.24,0.38,Jayashankar Bhupalpally,TS
2015-10-02,3.6,29.8,24.4,3.0,0.38,Jayashankar Bhupalpally,TS
2015-10-03,4.8,32.1,24.5,3.89,0.371,Jayashankar Bhupalpally,TS
2015-10-04,9.9,30.8,24.9,2.79,0.404,Jayashankar Bhupalpally,TS
2015-10-05,1.5,31.6,24.0,3.67,0.392,Jayashankar Bhupalpally,TS
2015-10-06,0.0,32.2,23.7,4.49,0.378,Jayashankar Bhupalpally,TS
2015-10-07,0.0,33.0,23.7,5.24,0.366,Jayashankar Bhupalpally,TS
2015-10-08,0.0,32.9,22.3,4.64,0.355,Jayashankar Bhupalpally,TS
2015-10-09,0.0,33.4,22.9,4.71,0.346,Jayashankar Bhupalpally,TS
2015-10-10,0.0,34.3,23.7,4.75,0.337,Jayashankar Bhupalpally,TS
2015-10-11,0.1,33.6,23.8,4.44,0.33,Jayashankar Bhupalpally,TS
2015-10-12,0.0,33.9,24.3,4.56,0.324,Jayashankar Bhupalpally,TS
2015-10-13,0.2,33.4,23.4,4.37,0.317,Jayashankar Bhupalpally,TS
2015-10-14,0.0,33.8,23.7,4.45,0.31,Jayashankar Bhupalpally,TS
2015-10-15,0.0,33.3,23.5,4.49,0.303,Jayashankar Bhupalpally,TS
2015-10-16,0.4,30.5,24.9,3.48,0.299,Jayashankar Bhupalpally,TS
2015-10-17,0.6,31.0,24.5,3.53,0.299,Jayashankar Bhupalpally,TS
2015-10-18,0.0,31.6,24.2,3.91,0.296,Jayashankar Bhupalpally,TS
2015-10-19,0.0,32.7,23.5,4.37,0.291,Jayashankar Bhupalpally,TS
2015-10-20,0.0,32.8,23.3,4.27,0.284,Jayashankar Bhupalpally,TS
2015-10-21,0.0,32.9,23.1,4.45,0.277,Jayashankar Bhupalpally,TS
2015-10-22,0.0,33.2,23.4,4.52,0.271,Jayashankar Bhupalpally,TS
2015-10-23,0.0,32.9,23.5,4.34,0.265,Jayashankar Bhupalpally,TS
2015-10-24,0.0,32.7,23.9,4.35,0.26,Jayashankar Bhupalpally,TS
2015-10-25,0.0,31.8,24.0,4.18,0.254,Jayashankar Bhupalpally,TS
2015-10-26,0.0,31.3,22.9,3.97,0.25,Jayashankar Bhupalpally,TS
2015-10-27,0.0,31.6,22.6,4.31,0.245,Jayashankar Bhupalpally,TS
2015-10-28,0.0,31.4,21.7,4.55,0.24,Jayashankar Bhupalpally,TS
2015-10-29,3.9,31.6,23.2,3.87,0.241,Jayashankar Bhupalpally,TS
2015-10-30,1.2,30.4,22.8,3.93,0.283,Jayashankar Bhupalpally,TS
2015-10-31,0.0,30.6,22.8,3.99,0.272,Jayashankar Bhupalpally,TS
2015-11-01,0.0,30.6,23.1,3.95,0.262,Jayashankar Bhupalpally,TS
2015-11-02,0.0,30.6,23.5,3.6,0.255,Jayashankar Bhupalpally,TS
2015-11-03,0.0,31.4,23.2,4.0,0.249,Jayashankar Bhupalpally,TS
2015-11-04,0.0,30.7,22.6,3.68,0.243,Jayashankar Bhupalpally,TS
2015-11-05,0.2,30.4,22.9,3.5,0.239,Jayashankar Bhupalpally,TS
2015-11-06,0.0,30.8,24.0,3.64,0.235,Jayashankar Bhupalpally,TS
2015-11-07,0.0,31.0,21.8,3.87,0.23,Jayashankar Bhupalpally,TS
2015-11-08,0.0,32.4,21.5,4.56,0.225,Jayashankar Bhupalpally,TS
2015-11-09,0.0,29.4,21.6,3.43,0.219,Jayashankar Bhupalpally,TS
2015-11-10,0.0,29.2,21.6,3.11,0.216,Jayashankar Bhupalpally,TS
2015-11-11,0.0,31.7,20.7,4.33,0.212,Jayashankar Bhupalpally,TS
2015-11-12,0.0,31.5,19.9,4.28,0.208,Jayashankar Bhupalpally,TS
2015-11-13,0.0,31.5,19.4,4.49,0.203,Jayashankar Bhupalpally,TS
2015-11-14,0.0,31.1,19.6,4.07,0.199,Jayashankar Bhupalpally,TS
2015-11-15,0.0,30.3,20.3,3.38,0.196,Jayashankar Bhupalpally,TS
2015-11-16,0.0,28.2,21.4,2.24,0.198,Jayashankar Bhupalpally,TS
2015-11-17,0.2,26.1,20.8,2.2,0.228,Jayashankar Bhupalpally,TS
2015-11-18,0.0,30.7,19.4,4.44,0.228,Jayashankar Bhupalpally,TS
2015-11-19,0.0,30.1,19.3,4.05,0.22,Jayashankar Bhupalpally,TS
2015-11-20,0.0,30.1,22.4,2.94,0.214,Jayashankar Bhupalpally,TS
2015-11-21,0.0,30.8,22.7,3.51,0.209,Jayashankar Bhupalpally,TS
2015-11-22,0.0,31.0,22.5,3.81,0.204,Jayashankar Bhupalpally,TS
2015-11-23,0.0,30.3,22.1,3.65,0.2,Jayashankar Bhupalpally,TS
2015-11-24,0.0,30.3,22.6,3.2,0.197,Jayashankar Bhupalpally,TS
2015-11-25,0.0,30.2,21.6,3.53,0.194,Jayashankar Bhupalpally,TS
2015-11-26,0.0,31.0,20.1,3.71,0.19,Jayashankar Bhupalpally,TS
2015-11-27,0.0,31.2,21.1,4.0,0.186,Jayashankar Bhupalpally,TS
2015-11-28,0.0,31.1,21.8,4.17,0.182,Jayashankar Bhupalpally,TS
2015-11-29,0.0,31.1,21.8,3.97,0.178,Jayashankar Bhupalpally,TS
2015-11-30,0.7,28.3,22.6,2.26,0.179,Jayashankar Bhupalpally,TS
2015-12-01,0.0,29.7,22.4,2.76,0.18,Jayashankar Bhupalpally,TS
2015-12-02,0.3,29.2,22.5,2.67,0.179,Jayashankar Bhupalpally,TS
2015-12-03,0.0,30.8,22.0,3.62,0.18,Jayashankar Bhupalpally,TS
2015-12-04,0.0,31.2,20.2,3.85,0.176,Jayashankar Bhupalpally,TS
2015-12-05,0.0,31.0,23.0,3.73,0.173,Jayashankar Bhupalpally,TS
2015-12-06,0.0,30.5,20.5,3.7,0.17,Jayashankar Bhupalpally,TS
2015-12-07,0.0,30.7,20.0,3.79,0.167,Jayashankar Bhupalpally,TS
2015-12-08,0.0,30.9,19.4,3.86,0.165,Jayashankar Bhupalpally,TS
2015-12-09,0.0,30.2,19.1,3.95,0.162,Jayashankar Bhupalpally,TS
2015-12-10,0.0,30.6,18.7,4.21,0.16,Jayashankar Bhupalpally,TS
2015-12-11,0.0,31.4,19.8,4.44,0.158,Jayashankar Bhupalpally,TS
2015-12-12,0.0,32.0,22.1,4.04,0.155,Jayashankar Bhupalpally,TS
2015-12-13,0.1,32.1,23.2,4.18,0.154,Jayashankar Bhupalpally,TS
2015-12-14,0.0,31.8,23.1,4.08,0.153,Jayashankar Bhupalpally,TS
2015-12-15,0.0,31.6,22.6,3.91,0.151,Jayashankar Bhupalpally,TS
2015-12-16,0.0,31.2,22.2,4.27,0.149,Jayashankar Bhupalpally,TS
2015-12-17,0.0,30.6,21.6,4.37,0.148,Jayashankar Bhupalpally,TS
2015-12-18,0.0,30.4,20.9,3.81,0.147,Jayashankar Bhupalpally,TS
2015-12-19,0.0,30.3,20.3,3.44,0.146,Jayashankar Bhupalpally,TS
2015-12-20,0.0,30.2,21.7,3.94,0.145,Jayashankar Bhupalpally,TS
2015-12-21,0.0,29.9,21.8,3.67,0.144,Jayashankar Bhupalpally,TS
2015-12-22,0.0,30.2,21.9,3.8,0.144,Jayashankar Bhupalpally,TS
2015-12-23,0.0,29.4,23.2,3.22,0.144,Jayashankar Bhupalpally,TS
2015-12-24,0.0,30.7,22.6,3.73,0.143,Jayashankar Bhupalpally,TS
2015-12-25,0.0,27.4,19.4,5.24,0.142,Jayashankar Bhupalpally,TS
2015-12-26,0.0,27.3,15.4,4.34,0.14,Jayashankar Bhupalpally,TS
2015-12-27,0.0,28.5,14.4,4.04,0.139,Jayashankar Bhupalpally,TS
2015-12-28,0.0,30.2,17.1,3.7,0.138,Jayashankar Bhupalpally,TS
2015-12-29,0.0,31.4,16.4,4.29,0.138,Jayashankar Bhupalpally,TS
2015-12-30,0.0,31.6,15.9,3.91,0.137,Jayashankar Bhupalpally,TS
2015-12-31,0.0,31.3,17.6,3.87,0.136,Jayashankar Bhupalpally,TS
2016-01-01,0.0,30.9,19.7,3.77,0.136,Jayashankar Bhupalpally,TS
2016-01-02,0.0,31.0,19.7,3.9,0.135,Jayashankar Bhupalpally,TS
2016-01-03,0.0,30.7,19.7,3.95,0.135,Jayashankar Bhupalpally,TS
2016-01-04,0.0,30.1,18.4,3.84,0.134,Jayashankar Bhupalpally,TS
2016-01-05,0.0,30.1,17.6,3.91,0.133,Jayashankar Bhupalpally,TS
2016-01-06,0.0,29.5,19.0,3.75,0.133,Jayashankar Bhupalpally,TS
2016-01-07,0.0,29.8,18.8,3.63,0.133,Jayashankar Bhupalpally,TS
2016-01-08,0.0,29.9,18.8,3.77,0.132,Jayashankar Bhupalpally,TS
2016-01-09,0.0,30.7,17.9,4.01,0.132,Jayashankar Bhupalpally,TS
2016-01-10,0.0,30.6,18.3,4.09,0.131,Jayashankar Bhupalpally,TS
2016-01-11,0.0,30.3,18.9,4.35,0.131,Jayashankar Bhupalpally,TS
2016-01-12,0.0,30.2,16.7,4.44,0.131,Jayashankar Bhupalpally,TS
2016-01-13,0.0,30.0,17.0,4.21,0.13,Jayashankar Bhupalpally,TS
2016-01-14,0.0,29.9,18.6,4.2,0.13,Jayashankar Bhupalpally,TS
2016-01-15,0.0,29.7,19.4,4.39,0.13,Jayashankar Bhupalpally,TS
2016-01-16,0.0,30.1,18.7,4.57,0.129,Jayashankar Bhupalpally,TS
2016-01-17,0.0,30.3,19.4,4.87,0.129,Jayashankar Bhupalpally,TS
2016-01-18,0.0,30.0,19.1,4.89,0.129,Jayashankar Bhupalpally,TS
2016-01-19,0.2,27.7,21.0,2.84,0.129,Jayashankar Bhupalpally,TS
2016-01-20,5.1,24.1,18.6,1.01,0.166,Jayashankar Bhupalpally,TS
2016-01-21,0.0,27.4,17.4,4.23,0.185,Jayashankar Bhupalpally,TS
2016-01-22,0.0,27.3,16.2,4.66,0.178,Jayashankar Bhupalpally,TS
2016-01-23,0.0,28.4,15.2,4.56,0.172,Jayashankar Bhupalpally,TS
2016-01-24,0.0,29.2,14.7,4.25,0.166,Jayashankar Bhupalpally,TS
2016-01-25,0.0,28.8,19.4,3.56,0.162,Jayashankar Bhupalpally,TS
2016-01-26,0.0,28.8,19.8,3.4,0.159,Jayashankar Bhupalpally,TS
2016-01-27,0.0,31.2,20.7,4.18,0.156,Jayashankar Bhupalpally,TS
2016-01-28,0.0,31.9,20.4,4.38,0.152,Jayashankar Bhupalpally,TS
2016-01-29,0.0,32.2,18.4,4.57,0.148,Jayashankar Bhupalpally,TS
2016-01-30,0.0,32.9,18.3,4.59,0.145,Jayashankar Bhupalpally,TS
2016-01-31,0.0,33.9,19.9,4.74,0.142,Jayashankar Bhupalpally,TS
2016-02-01,0.0,34.2,19.8,4.68,0.139,Jayashankar Bhupalpally,TS
2016-02-02,0.0,34.6,21.5,5.01,0.137,Jayashankar Bhupalpally,TS
2016-02-03,0.0,34.1,21.5,4.81,0.135,Jayashankar Bhupalpally,TS
2016-02-04,0.0,32.8,20.0,4.59,0.133,Jayashankar Bhupalpally,TS
2016-02-05,0.0,31.4,20.4,4.28,0.132,Jayashankar Bhupalpally,TS
2016-02-06,0.0,32.1,20.9,5.12,0.131,Jayashankar Bhupalpally,TS
2016-02-07,0.0,32.2,21.6,4.64,0.13,Jayashankar Bhupalpally,TS
2016-02-08,0.0,31.5,22.2,3.81,0.13,Jayashankar Bhupalpally,TS
2016-02-09,0.0,32.3,23.2,3.78,0.129,Jayashankar Bhupalpally,TS
2016-02-10,0.0,32.9,23.2,5.31,0.129,Jayashankar Bhupalpally,TS
2016-02-11,0.0,33.1,23.7,5.56,0.128,Jayashankar Bhupalpally,TS
2016-02-12,0.0,33.1,23.9,5.45,0.128,Jayashankar Bhupalpally,TS
2016-02-13,0.0,32.0,24.1,4.71,0.127,Jayashankar Bhupalpally,TS
2016-02-14,0.0,32.9,24.0,4.74,0.127,Jayashankar Bhupalpally,TS
2016-02-15,0.0,34.1,21.1,6.38,0.126,Jayashankar Bhupalpally,TS
2016-02-16,0.0,33.5,20.0,5.99,0.126,Jayashankar Bhupalpally,TS
2016-02-17,0.0,34.3,19.2,6.15,0.126,Jayashankar Bhupalpally,TS
2016-02-18,0.0,34.8,19.3,6.14,0.125,Jayashankar Bhupalpally,TS
2016-02-19,0.0,35.0,20.4,5.89,0.125,Jayashankar Bhupalpally,TS
2016-02-20,0.0,36.2,21.0,5.75,0.125,Jayashankar Bhupalpally,TS
2016-02-21,0.0,36.7,22.4,5.84,0.125,Jayashankar Bhupalpally,TS
2016-02-22,0.0,36.6,23.6,6.24,0.124,Jayashankar Bhupalpally,TS
2016-02-23,0.0,36.0,23.9,6.32,0.124,Jayashankar Bhupalpally,TS
2016-02-24,0.0,33.6,23.2,5.83,0.124,Jayashankar Bhupalpally,TS
2016-02-25,0.0,33.2,23.8,5.55,0.124,Jayashankar Bhupalpally,TS
2016-02-26,0.0,32.2,24.3,4.81,0.124,Jayashankar Bhupalpally,TS
2016-02-27,0.0,32.7,23.9,4.61,0.124,Jayashankar Bhupalpally,TS
2016-02-28,0.0,34.3,23.5,5.26,0.124,Jayashankar Bhupalpally,TS
2016-02-29,0.0,34.2,24.3,5.26,0.125,Jayashankar Bhupalpally,TS
2016-03-01,0.4,33.3,24.6,4.28,0.129,Jayashankar Bhupalpally,TS
2016-03-02,0.6,33.2,25.2,4.24,0.133,Jayashankar Bhupalpally,TS
2016-03-03,0.0,33.3,24.8,4.17,0.146,Jayashankar Bhupalpally,TS
2016-03-04,0.3,33.9,24.2,4.63,0.144,Jayashankar Bhupalpally,TS
2016-03-05,0.0,34.8,24.3,5.02,0.147,Jayashankar Bhupalpally,TS
2016-03-06,0.0,36.2,24.6,6.56,0.153,Jayashankar Bhupalpally,TS
2016-03-07,0.0,35.6,22.0,6.71,0.147,Jayashankar Bhupalpally,TS
2016-03-08,0.0,35.8,21.7,6.54,0.143,Jayashankar Bhupalpally,TS
2016-03-09,0.0,35.2,23.3,5.61,0.139,Jayashankar Bhupalpally,TS
2016-03-10,0.0,37.7,24.0,5.93,0.136,Jayashankar Bhupalpally,TS
2016-03-11,0.0,37.6,23.2,5.69,0.133,Jayashankar Bhupalpally,TS
2016-03-12,0.0,38.4,25.3,7.8,0.131,Jayashankar Bhupalpally,TS
2016-03-13,0.0,36.2,22.9,6.15,0.13,Jayashankar Bhupalpally,TS
2016-03-14,2.2,34.6,25.6,4.58,0.137,Jayashankar Bhupalpally,TS
2016-03-15,1.7,34.2,24.8,4.89,0.148,Jayashankar Bhupalpally,TS
2016-03-16,2.3,34.1,24.4,4.32,0.169,Jayashankar Bhupalpally,TS
2016-03-17,0.0,35.6,25.2,5.98,0.172,Jayashankar Bhupalpally,TS
2016-03-18,0.0,37.2,25.7,6.52,0.163,Jayashankar Bhupalpally,TS
2016-03-19,0.0,37.9,26.2,6.15,0.156,Jayashankar Bhupalpally,TS
2016-03-20,0.0,38.3,26.5,6.96,0.149,Jayashankar Bhupalpally,TS
2016-03-21,0.0,38.9,25.2,7.26,0.144,Jayashankar Bhupalpally,TS
2016-03-22,0.0,39.4,22.8,7.16,0.139,Jayashankar Bhupalpally,TS
2016-03-23,0.0,39.3,23.3,6.85,0.135,Jayashankar Bhupalpally,TS
2016-03-24,0.0,39.5,24.0,6.59,0.132,Jayashankar Bhupalpally,TS
2016-03-25,0.0,38.7,25.2,6.63,0.13,Jayashankar Bhupalpally,TS
2016-03-26,0.0,39.0,25.6,6.88,0.129,Jayashankar Bhupalpally,TS
2016-03-27,0.0,38.1,25.9,7.69,0.127,Jayashankar Bhupalpally,TS
2016-03-28,0.5,37.6,25.9,6.51,0.128,Jayashankar Bhupalpally,TS
2016-03-29,0.0,37.1,25.2,6.93,0.131,Jayashankar Bhupalpally,TS
2016-03-30,0.0,37.7,26.0,7.05,0.131,Jayashankar Bhupalpally,TS
2016-03-31,0.2,37.9,26.0,6.96,0.137,Jayashankar Bhupalpally,TS
2016-04-01,0.0,38.5,26.3,6.68,0.136,Jayashankar Bhupalpally,TS
2016-04-02,0.0,38.8,26.4,6.82,0.133,Jayashankar Bhupalpally,TS
2016-04-03,0.0,39.3,26.9,6.89,0.131,Jayashankar Bhupalpally,TS
2016-04-04,0.1,39.8,27.3,7.2,0.13,Jayashankar Bhupalpally,TS
2016-04-05,0.6,37.4,27.4,5.67,0.134,Jayashankar Bhupalpally,TS
2016-04-06,0.0,38.8,26.7,6.89,0.139,Jayashankar Bhupalpally,TS
2016-04-07,0.0,39.4,26.1,7.38,0.135,Jayashankar Bhupalpally,TS
2016-04-08,0.0,39.2,26.3,7.57,0.132,Jayashankar Bhupalpally,TS
2016-04-09,0.0,39.6,25.7,8.24,0.13,Jayashankar Bhupalpally,TS
2016-04-10,0.0,39.7,26.0,7.93,0.129,Jayashankar Bhupalpally,TS
2016-04-11,0.0,41.0,27.0,7.9,0.127,Jayashankar Bhupalpally,TS
2016-04-12,0.0,41.2,27.8,7.88,0.126,Jayashankar Bhupalpally,TS
2016-04-13,0.0,40.6,27.5,6.85,0.125,Jayashankar Bhupalpally,TS
2016-04-14,0.0,39.5,29.0,6.22,0.124,Jayashankar Bhupalpally,TS
2016-04-15,0.0,40.8,28.1,7.33,0.124,Jayashankar Bhupalpally,TS
2016-04-16,0.0,40.8,27.8,7.73,0.124,Jayashankar Bhupalpally,TS
2016-04-17,0.0,40.7,28.1,7.31,0.123,Jayashankar Bhupalpally,TS
2016-04-18,0.0,39.8,28.2,7.37,0.123,Jayashankar Bhupalpally,TS
2016-04-19,0.0,40.4,26.8,7.77,0.123,Jayashankar Bhupalpally,TS
2016-04-20,0.0,40.6,27.1,7.14,0.123,Jayashankar Bhupalpally,TS
2016-04-21,0.0,40.8,28.3,7.51,0.123,Jayashankar Bhupalpally,TS
2016-04-22,0.0,42.5,29.4,7.18,0.123,Jayashankar Bhupalpally,TS
2016-04-23,0.0,42.3,30.1,8.21,0.123,Jayashankar Bhupalpally,TS
2016-04-24,0.0,42.2,27.9,7.52,0.123,Jayashankar Bhupalpally,TS
2016-04-25,0.0,41.9,29.2,7.61,0.124,Jayashankar Bhupalpally,TS
2016-04-26,0.1,41.0,29.3,7.24,0.126,Jayashankar Bhupalpally,TS
2016-04-27,0.0,40.5,28.6,8.08,0.126,Jayashankar Bhupalpally,TS
2016-04-28,0.0,40.3,28.6,6.77,0.126,Jayashankar Bhupalpally,TS
2016-04-29,0.0,41.4,29.2,7.47,0.125,Jayashankar Bhupalpally,TS
2016-04-30,0.4,40.9,29.4,6.84,0.126,Jayashankar Bhupalpally,TS
2016-05-01,0.0,41.6,28.7,7.62,0.127,Jayashankar Bhupalpally,TS
2016-05-02,0.2,41.7,29.4,7.74,0.13,Jayashankar Bhupalpally,TS
2016-05-03,3.2,39.9,27.9,6.98,0.148,Jayashankar Bhupalpally,TS
2016-05-04,1.5,38.8,27.6,6.8,0.176,Jayashankar Bhupalpally,TS
2016-05-05,2.7,37.1,27.5,6.49,0.186,Jayashankar Bhupalpally,TS
2016-05-06,5.3,35.8,24.5,5.86,0.255,Jayashankar Bhupalpally,TS
2016-05-07,0.3,37.5,27.2,6.22,0.238,Jayashankar Bhupalpally,TS
2016-05-08,0.1,37.0,28.1,6.09,0.219,Jayashankar Bhupalpally,TS
2016-05-09,2.7,36.8,27.5,5.73,0.225,Jayashankar Bhupalpally,TS
2016-05-10,0.6,36.8,28.1,6.15,0.227,Jayashankar Bhupalpally,TS
2016-05-11,0.0,38.0,28.4,6.58,0.224,Jayashankar Bhupalpally,TS
2016-05-12,0.1,39.1,29.0,7.02,0.224,Jayashankar Bhupalpally,TS
2016-05-13,0.0,39.7,29.3,7.18,0.207,Jayashankar Bhupalpally,TS
2016-05-14,0.0,40.4,29.8,7.65,0.19,Jayashankar Bhupalpally,TS
2016-05-15,0.0,38.1,28.9,7.27,0.177,Jayashankar Bhupalpally,TS
2016-05-16,0.0,39.3,28.4,7.59,0.167,Jayashankar Bhupalpally,TS
2016-05-17,0.0,38.4,28.7,6.99,0.157,Jayashankar Bhupalpally,TS
2016-05-18,1.0,36.6,28.4,4.84,0.153,Jayashankar Bhupalpally,TS
2016-05-19,0.8,33.1,27.7,2.81,0.156,Jayashankar Bhupalpally,TS
2016-05-20,1.2,39.5,27.5,5.04,0.166,Jayashankar Bhupalpally,TS
2016-05-21,0.5,42.1,30.6,9.11,0.162,Jayashankar Bhupalpally,TS
2016-05-22,0.0,42.1,31.4,9.11,0.154,Jayashankar Bhupalpally,TS
2016-05-23,0.0,40.8,32.5,9.38,0.146,Jayashankar Bhupalpally,TS
2016-05-24,0.0,41.8,32.4,8.97,0.14,Jayashankar Bhupalpally,TS
2016-05-25,0.0,41.6,32.4,9.48,0.135,Jayashankar Bhupalpally,TS
2016-05-26,0.0,41.9,32.2,8.96,0.132,Jayashankar Bhupalpally,TS
2016-05-27,0.0,41.6,31.4,8.42,0.13,Jayashankar Bhupalpally,TS
2016-05-28,0.0,41.5,31.6,7.49,0.128,Jayashankar Bhupalpally,TS
2016-05-29,0.0,40.0,31.1,8.26,0.128,Jayashankar Bhupalpally,TS
2016-05-30,0.0,40.4,31.1,7.79,0.127,Jayashankar Bhupalpally,TS
2016-05-31,0.1,40.9,31.0,6.75,0.127,Jayashankar Bhupalpally,TS
2016-06-01,0.0,42.2,31.1,6.92,0.127,Jayashankar Bhupalpally,TS
2016-06-02,0.0,39.3,32.1,7.29,0.126,Jayashankar Bhupalpally,TS
2016-06-03,0.0,38.9,31.1,6.52,0.127,Jayashankar Bhupalpally,TS
2016-06-04,12.9,35.9,26.3,4.89,0.236,Jayashankar Bhupalpally,TS
2016-06-05,12.3,33.6,25.5,3.07,0.296,Jayashankar Bhupalpally,TS
2016-06-06,4.2,34.2,26.0,4.11,0.311,Jayashankar Bhupalpally,TS
2016-06-07,23.3,31.6,25.4,2.84,0.359,Jayashankar Bhupalpally,TS
2016-06-08,5.0,31.6,25.9,3.19,0.353,Jayashankar Bhupalpally,TS
2016-06-09,6.9,35.7,26.3,5.03,0.354,Jayashankar Bhupalpally,TS
2016-06-10,0.2,36.2,28.0,5.97,0.317,Jayashankar Bhupalpally,TS
2016-06-11,0.5,36.4,28.0,5.78,0.295,Jayashankar Bhupalpally,TS
2016-06-12,1.3,35.9,27.0,5.53,0.291,Jayashankar Bhupalpally,TS
2016-06-13,8.5,34.7,26.9,5.31,0.335,Jayashankar Bhupalpally,TS
2016-06-14,0.0,37.0,30.4,7.59,0.31,Jayashankar Bhupalpally,TS
2016-06-15,0.0,36.8,30.2,8.01,0.284,Jayashankar Bhupalpally,TS
2016-06-16,0.0,37.3,30.6,7.9,0.264,Jayashankar Bhupalpally,TS
2016-06-17,3.3,36.3,26.6,5.57,0.253,Jayashankar Bhupalpally,TS
2016-06-18,73.2,29.8,25.1,1.88,0.408,Jayashankar Bhupalpally,TS
2016-06-19,1.4,30.1,25.1,3.22,0.392,Jayashankar Bhupalpally,TS
2016-06-20,0.2,32.2,26.0,4.75,0.369,Jayashankar Bhupalpally,TS
2016-06-21,4.2,32.9,25.1,4.88,0.372,Jayashankar Bhupalpally,TS
2016-06-22,0.2,34.5,26.4,5.63,0.361,Jayashankar Bhupalpally,TS
2016-06-23,6.1,33.8,26.2,5.08,0.348,Jayashankar Bhupalpally,TS
2016-06-24,2.3,32.3,25.5,3.93,0.378,Jayashankar Bhupalpally,TS
2016-06-25,18.5,33.0,25.3,4.43,0.383,Jayashankar Bhupalpally,TS
2016-06-26,3.8,30.6,25.3,2.85,0.402,Jayashankar Bhupalpally,TS
2016-06-27,23.5,27.0,25.5,1.38,0.411,Jayashankar Bhupalpally,TS
2016-06-28,24.4,28.2,25.0,1.77,0.425,Jayashankar Bhupalpally,TS
2016-06-29,13.5,26.9,25.1,1.57,0.422,Jayashankar Bhupalpally,TS
2016-06-30,53.1,26.3,24.4,1.5,0.425,Jayashankar Bhupalpally,TS
2016-07-01,26.1,27.0,24.6,1.25,0.429,Jayashankar Bhupalpally,TS
2016-07-02,18.0,28.7,24.7,2.17,0.425,Jayashankar Bhupalpally,TS
2016-07-03,16.0,27.5,25.1,1.39,0.427,Jayashankar Bhupalpally,TS
2016-07-04,4.4,31.2,25.4,3.52,0.42,Jayashankar Bhupalpally,TS
2016-07-05,6.6,31.5,25.4,3.03,0.42,Jayashankar Bhupalpally,TS
2016-07-06,14.2,30.1,25.1,2.44,0.422,Jayashankar Bhupalpally,TS
2016-07-07,3.1,30.5,25.6,4.51,0.411,Jayashankar Bhupalpally,TS
2016-07-08,13.2,29.9,25.0,3.65,0.412,Jayashankar Bhupalpally,TS
2016-07-09,39.5,25.2,24.3,1.14,0.43,Jayashankar Bhupalpally,TS
2016-07-10,66.1,25.4,24.5,1.16,0.429,Jayashankar Bhupalpally,TS
2016-07-11,35.4,26.9,24.3,1.66,0.428,Jayashankar Bhupalpally,TS
2016-07-12,2.1,31.2,25.0,4.31,0.417,Jayashankar Bhupalpally,TS
2016-07-13,0.1,31.9,25.8,4.79,0.404,Jayashankar Bhupalpally,TS
2016-07-14,0.0,31.8,26.7,5.22,0.391,Jayashankar Bhupalpally,TS
2016-07-15,0.3,33.2,26.8,4.87,0.381,Jayashankar Bhupalpally,TS
2016-07-16,2.9,31.7,25.5,3.2,0.386,Jayashankar Bhupalpally,TS
2016-07-17,0.0,31.6,26.6,3.61,0.378,Jayashankar Bhupalpally,TS
2016-07-18,3.6,32.4,26.1,4.27,0.381,Jayashankar Bhupalpally,TS
2016-07-19,6.1,27.3,24.7,1.51,0.406,Jayashankar Bhupalpally,TS
2016-07-20,4.5,28.3,24.5,2.38,0.407,Jayashankar Bhupalpally,TS
2016-07-21,11.2,29.2,24.9,2.62,0.404,Jayashankar Bhupalpally,TS
2016-07-22,8.3,29.9,24.4,2.21,0.421,Jayashankar Bhupalpally,TS
2016-07-23,0.0,29.8,25.0,3.4,0.406,Jayashankar Bhupalpally,TS
2016-07-24,2.2,30.8,25.1,2.79,0.404,Jayashankar Bhupalpally,TS
2016-07-25,8.4,31.4,24.5,3.44,0.415,Jayashankar Bhupalpally,TS
2016-07-26,6.7,30.8,24.9,3.26,0.418,Jayashankar Bhupalpally,TS
2016-07-27,13.0,31.9,24.3,3.73,0.422,Jayashankar Bhupalpally,TS
2016-07-28,9.5,31.7,23.9,3.85,0.418,Jayashankar Bhupalpally,TS
2016-07-29,17.1,31.8,24.6,3.62,0.423,Jayashankar Bhupalpally,TS
2016-07-30,9.2,31.1,24.4,3.16,0.42,Jayashankar Bhupalpally,TS
2016-07-31,9.2,27.5,24.4,2.11,0.425,Jayashankar Bhupalpally,TS
2016-08-01,9.2,27.2,24.5,1.69,0.425,Jayashankar Bhupalpally,TS
2016-08-02,2.8,30.1,24.2,3.29,0.418,Jayashankar Bhupalpally,TS
2016-08-03,7.0,29.2,24.4,2.62,0.421,Jayashankar Bhupalpally,TS
2016-08-04,14.1,29.0,24.5,2.19,0.424,Jayashankar Bhupalpally,TS
2016-08-05,4.8,30.6,24.9,3.41,0.418,Jayashankar Bhupalpally,TS
2016-08-06,16.6,29.0,24.4,2.14,0.427,Jayashankar Bhupalpally,TS
2016-08-07,0.1,30.9,25.7,3.96,0.413,Jayashankar Bhupalpally,TS
2016-08-08,0.0,30.8,26.0,4.34,0.399,Jayashankar Bhupalpally,TS
2016-08-09,0.0,30.9,26.4,4.44,0.387,Jayashankar Bhupalpally,TS
2016-08-10,0.0,31.4,26.6,4.84,0.377,Jayashankar Bhupalpally,TS
2016-08-11,0.1,31.3,26.8,5.07,0.368,Jayashankar Bhupalpally,TS
2016-08-12,0.2,31.8,26.6,4.87,0.364,Jayashankar Bhupalpally,TS
2016-08-13,0.1,31.6,26.9,4.85,0.358,Jayashankar Bhupalpally,TS
2016-08-14,0.7,29.8,26.8,3.18,0.355,Jayashankar Bhupalpally,TS
2016-08-15,0.0,30.7,26.9,4.71,0.351,Jayashankar Bhupalpally,TS
2016-08-16,0.0,29.6,26.4,4.35,0.344,Jayashankar Bhupalpally,TS
2016-08-17,0.0,30.3,25.9,4.73,0.338,Jayashankar Bhupalpally,TS
2016-08-18,0.0,30.7,26.0,4.88,0.332,Jayashankar Bhupalpally,TS
2016-08-19,0.0,31.5,25.7,5.14,0.327,Jayashankar Bhupalpally,TS
2016-08-20,0.0,33.2,25.2,5.52,0.32,Jayashankar Bhupalpally,TS
2016-08-21,0.1,33.0,24.4,5.06,0.313,Jayashankar Bhupalpally,TS
2016-08-22,0.0,31.4,26.5,3.74,0.309,Jayashankar Bhupalpally,TS
2016-08-23,0.9,32.7,26.2,4.65,0.306,Jayashankar Bhupalpally,TS
2016-08-24,1.9,32.5,25.1,4.08,0.322,Jayashankar Bhupalpally,TS
2016-08-25,17.0,31.1,25.3,3.29,0.361,Jayashankar Bhupalpally,TS
2016-08-26,2.9,30.9,24.8,3.61,0.378,Jayashankar Bhupalpally,TS
2016-08-27,8.0,32.2,25.2,4.07,0.394,Jayashankar Bhupalpally,TS
2016-08-28,2.2,32.2,25.1,4.14,0.385,Jayashankar Bhupalpally,TS
2016-08-29,9.1,31.7,25.0,3.63,0.399,Jayashankar Bhupalpally,TS
2016-08-30,16.4,30.7,24.7,2.87,0.414,Jayashankar Bhupalpally,TS
2016-08-31,55.5,28.3,24.0,1.23,0.429,Jayashankar Bhupalpally,TS
2016-09-01,15.7,29.7,24.1,2.33,0.427,Jayashankar Bhupalpally,TS
2016-09-02,16.1,30.6,24.5,3.02,0.425,Jayashankar Bhupalpally,TS
2016-09-03,11.0,28.3,24.9,1.81,0.427,Jayashankar Bhupalpally,TS
2016-09-04,9.6,28.3,24.4,1.71,0.427,Jayashankar Bhupalpally,TS
2016-09-05,0.0,30.7,24.2,4.78,0.412,Jayashankar Bhupalpally,TS
2016-09-06,0.0,30.4,24.4,5.06,0.396,Jayashankar Bhupalpally,TS
2016-09-07,0.0,30.0,23.6,4.83,0.385,Jayashankar Bhupalpally,TS
2016-09-08,0.0,30.8,23.8,4.81,0.376,Jayashankar Bhupalpally,TS
2016-09-09,0.2,28.6,25.9,2.95,0.371,Jayashankar Bhupalpally,TS
2016-09-10,19.5,29.1,24.3,2.03,0.416,Jayashankar Bhupalpally,TS
2016-09-11,13.1,28.5,24.0,2.2,0.423,Jayashankar Bhupalpally,TS
2016-09-12,21.8,27.9,23.9,1.56,0.425,Jayashankar Bhupalpally,TS
2016-09-13,9.3,26.6,23.6,1.31,0.424,Jayashankar Bhupalpally,TS
2016-09-14,26.0,28.8,23.5,2.0,0.428,Jayashankar Bhupalpally,TS
2016-09-15,13.2,28.1,24.0,2.01,0.425,Jayashankar Bhupalpally,TS
2016-09-16,2.4,30.9,24.2,3.63,0.415,Jayashankar Bhupalpally,TS
2016-09-17,2.9,30.2,25.1,2.95,0.41,Jayashankar Bhupalpally,TS
2016-09-18,7.2,30.6,24.5,3.75,0.416,Jayashankar Bhupalpally,TS
2016-09-19,1.7,30.2,24.9,3.6,0.411,Jayashankar Bhupalpally,TS
2016-09-20,7.2,30.7,24.9,3.15,0.415,Jayashankar Bhupalpally,TS
2016-09-21,29.3,30.4,24.2,2.8,0.426,Jayashankar Bhupalpally,TS
2016-09-22,37.9,29.7,24.0,2.31,0.428,Jayashankar Bhupalpally,TS
2016-09-23,25.8,29.6,24.2,2.24,0.427,Jayashankar Bhupalpally,TS
2016-09-24,14.0,26.3,24.2,0.92,0.427,Jayashankar Bhupalpally,TS
2016-09-25,10.5,29.0,24.4,1.7,0.42,Jayashankar Bhupalpally,TS
2016-09-26,4.6,27.5,24.5,1.37,0.419,Jayashankar Bhupalpally,TS
2016-09-27,5.2,28.7,24.4,1.58,0.421,Jayashankar Bhupalpally,TS
2016-09-28,2.9,30.1,24.3,2.83,0.417,Jayashankar Bhupalpally,TS
2016-09-29,1.3,31.6,24.6,3.47,0.409,Jayashankar Bhupalpally,TS
2016-09-30,14.6,28.8,24.5,2.34,0.417,Jayashankar Bhupalpally,TS
2016-10-01,20.3,28.4,24.1,1.78,0.426,Jayashankar Bhupalpally,TS
2016-10-02,3.0,29.9,23.7,3.16,0.42,Jayashankar Bhupalpally,TS
2016-10-03,1.0,30.7,24.0,4.05,0.409,Jayashankar Bhupalpally,TS
2016-10-04,0.2,31.4,23.8,4.41,0.396,Jayashankar Bhupalpally,TS
2016-10-05,0.2,31.1,24.5,4.2,0.386,Jayashankar Bhupalpally,TS
2016-10-06,3.4,30.1,24.9,3.35,0.385,Jayashankar Bhupalpally,TS
2016-10-07,8.1,30.3,25.4,2.8,0.4,Jayashankar Bhupalpally,TS
2016-10-08,18.7,27.7,23.9,1.48,0.423,Jayashankar Bhupalpally,TS
2016-10-09,30.4,28.8,23.8,1.77,0.429,Jayashankar Bhupalpally,TS
2016-10-10,0.6,31.1,24.4,3.82,0.415,Jayashankar Bhupalpally,TS
2016-10-11,0.0,32.6,24.6,4.66,0.399,Jayashankar Bhupalpally,TS
2016-10-12,0.0,31.8,23.2,4.52,0.387,Jayashankar Bhupalpally,TS
2016-10-13,0.0,31.1,22.3,4.33,0.379,Jayashankar Bhupalpally,TS
2016-10-14,0.0,31.7,20.6,4.85,0.37,Jayashankar Bhupalpally,TS
2016-10-15,0.0,30.7,21.9,4.22,0.363,Jayashankar Bhupalpally,TS
2016-10-16,0.0,30.6,22.2,4.27,0.356,Jayashankar Bhupalpally,TS
2016-10-17,0.0,30.8,19.8,4.94,0.349,Jayashankar Bhupalpally,TS
2016-10-18,0.0,31.1,20.2,4.9,0.341,Jayashankar Bhupalpally,TS
2016-10-19,0.0,31.1,21.3,5.01,0.334,Jayashankar Bhupalpally,TS
2016-10-20,0.0,31.2,19.9,5.08,0.327,Jayashankar Bhupalpally,TS
2016-10-21,0.0,30.9,19.7,4.87,0.321,Jayashankar Bhupalpally,TS
2016-10-22,0.0,30.9,20.4,4.78,0.314,Jayashankar Bhupalpally,TS
2016-10-23,0.0,30.9,20.6,4.48,0.309,Jayashankar Bhupalpally,TS
2016-10-24,0.0,31.1,19.7,4.29,0.304,Jayashankar Bhupalpally,TS
2016-10-25,0.0,30.7,21.0,4.3,0.299,Jayashankar Bhupalpally,TS
2016-10-26,0.0,31.3,21.4,4.78,0.293,Jayashankar Bhupalpally,TS
2016-10-27,0.0,31.1,19.3,5.4,0.287,Jayashankar Bhupalpally,TS
2016-10-28,0.0,31.0,21.9,4.48,0.281,Jayashankar Bhupalpally,TS
2016-10-29,0.9,30.0,23.2,3.05,0.279,Jayashankar Bhupalpally,TS
2016-10-30,0.5,30.3,23.4,3.27,0.284,Jayashankar Bhupalpally,TS
2016-10-31,0.9,30.6,23.1,3.34,0.285,Jayashankar Bhupalpally,TS
2016-11-01,0.0,31.3,22.0,4.42,0.281,Jayashankar Bhupalpally,TS
2016-11-02,0.0,30.8,21.5,4.31,0.274,Jayashankar Bhupalpally,TS
2016-11-03,0.0,31.6,21.3,4.4,0.268,Jayashankar Bhupalpally,TS
2016-11-04,0.0,30.3,22.6,4.46,0.263,Jayashankar Bhupalpally,TS
2016-11-05,0.5,29.2,23.0,3.64,0.26,Jayashankar Bhupalpally,TS
2016-11-06,0.0,30.1,22.4,3.75,0.258,Jayashankar Bhupalpally,TS
2016-11-07,0.0,30.7,18.3,4.96,0.253,Jayashankar Bhupalpally,TS
2016-11-08,0.0,30.4,19.6,4.55,0.247,Jayashankar Bhupalpally,TS
2016-11-09,0.0,30.0,18.8,4.46,0.242,Jayashankar Bhupalpally,TS
2016-11-10,0.0,29.9,16.7,4.62,0.238,Jayashankar Bhupalpally,TS
2016-11-11,0.0,30.0,16.7,4.37,0.233,Jayashankar Bhupalpally,TS
2016-11-12,0.0,29.4,16.7,3.84,0.23,Jayashankar Bhupalpally,TS
2016-11-13,0.0,30.0,18.9,3.79,0.227,Jayashankar Bhupalpally,TS
2016-11-14,0.0,30.5,20.6,3.43,0.224,Jayashankar Bhupalpally,TS
2016-11-15,0.0,31.2,22.2,3.84,0.221,Jayashankar Bhupalpally,TS
2016-11-16,0.0,30.9,21.2,3.8,0.218,Jayashankar Bhupalpally,TS
2016-11-17,0.0,30.4,22.3,3.79,0.215,Jayashankar Bhupalpally,TS
2016-11-18,0.0,30.0,19.5,4.61,0.212,Jayashankar Bhupalpally,TS
2016-11-19,0.0,29.7,17.0,4.06,0.208,Jayashankar Bhupalpally,TS
2016-11-20,0.0,29.9,16.5,4.08,0.205,Jayashankar Bhupalpally,TS
2016-11-21,0.0,30.1,16.3,4.07,0.202,Jayashankar Bhupalpally,TS
2016-11-22,0.0,30.4,16.9,4.27,0.199,Jayashankar Bhupalpally,TS
2016-11-23,0.0,30.2,17.5,4.1,0.196,Jayashankar Bhupalpally,TS
2016-11-24,0.0,29.7,16.6,3.93,0.194,Jayashankar Bhupalpally,TS
2016-11-25,0.0,30.0,17.3,4.23,0.191,Jayashankar Bhupalpally,TS
2016-11-26,0.0,30.5,16.5,4.37,0.188,Jayashankar Bhupalpally,TS
2016-11-27,0.0,31.3,16.9,4.81,0.186,Jayashankar Bhupalpally,TS
2016-11-28,0.0,31.1,17.0,4.6,0.183,Jayashankar Bhupalpally,TS
2016-11-29,0.0,30.9,16.8,4.26,0.18,Jayashankar Bhupalpally,TS
2016-11-30,0.0,29.5,16.9,3.7,0.178,Jayashankar Bhupalpally,TS
2016-12-01,0.0,30.0,17.9,3.81,0.176,Jayashankar Bhupalpally,TS
2016-12-02,0.0,29.8,18.5,3.41,0.175,Jayashankar Bhupalpally,TS
2016-12-03,0.9,29.6,22.2,2.7,0.178,Jayashankar Bhupalpally,TS
2016-12-04,0.1,29.4,21.6,2.81,0.191,Jayashankar Bhupalpally,TS
2016-12-05,0.0,29.9,20.6,4.11,0.189,Jayashankar Bhupalpally,TS
2016-12-06,0.0,28.6,18.4,3.66,0.186,Jayashankar Bhupalpally,TS
2016-12-07,0.0,29.3,17.4,3.88,0.182,Jayashankar Bhupalpally,TS
2016-12-08,0.0,29.0,17.0,4.22,0.179,Jayashankar Bhupalpally,TS
2016-12-09,0.0,28.5,16.2,4.3,0.176,Jayashankar Bhupalpally,TS
2016-12-10,0.0,28.4,16.4,4.37,0.173,Jayashankar Bhupalpally,TS
2016-12-11,0.0,29.0,17.0,4.15,0.17,Jayashankar Bhupalpally,TS
2016-12-12,0.0,29.9,19.7,3.79,0.168,Jayashankar Bhupalpally,TS
2016-12-13,0.0,28.8,21.1,2.82,0.167,Jayashankar Bhupalpally,TS
2016-12-14,0.0,28.2,21.5,2.55,0.166,Jayashankar Bhupalpally,TS
2016-12-15,0.0,29.7,21.2,2.98,0.166,Jayashankar Bhupalpally,TS
2016-12-16,0.0,29.7,20.7,3.4,0.164,Jayashankar Bhupalpally,TS
2016-12-17,0.0,29.7,19.1,4.63,0.163,Jayashankar Bhupalpally,TS
2016-12-18,0.0,28.7,15.8,4.36,0.16,Jayashankar Bhupalpally,TS
2016-12-19,0.0,28.7,15.5,4.06,0.158,Jayashankar Bhupalpally,TS
2016-12-20,0.0,28.9,14.8,4.07,0.156,Jayashankar Bhupalpally,TS
2016-12-21,0.0,29.0,14.6,4.38,0.155,Jayashankar Bhupalpally,TS
2016-12-22,0.0,29.4,14.4,4.53,0.153,Jayashankar Bhupalpally,TS
2016-12-23,0.0,28.7,14.4,4.6,0.152,Jayashankar Bhupalpally,TS
2016-12-24,0.0,28.9,14.9,3.88,0.15,Jayashankar Bhupalpally,TS
2016-12-25,0.0,28.4,16.1,3.55,0.15,Jayashankar Bhupalpally,TS
2016-12-26,0.0,29.1,15.8,3.95,0.149,Jayashankar Bhupalpally,TS
2016-12-27,0.0,28.8,15.4,4.33,0.148,Jayashankar Bhupalpally,TS
2016-12-28,0.0,28.6,15.0,3.87,0.146,Jayashankar Bhupalpally,TS
2016-12-29,0.0,28.9,16.2,3.8,0.146,Jayashankar Bhupalpally,TS
2016-12-30,0.0,29.4,15.9,3.69,0.145,Jayashankar Bhupalpally,TS
2016-12-31,0.0,28.8,17.5,3.49,0.144,Jayashankar Bhupalpally,TS
2017-01-01,0.0,29.0,18.9,3.66,0.187,Jayashankar Bhupalpally,TS
2017-01-02,0.0,28.8,18.3,3.58,0.2,Jayashankar Bhupalpally,TS
2017-01-03,0.0,28.0,17.6,3.89,0.201,Jayashankar Bhupalpally,TS
2017-01-04,0.0,27.7,16.1,3.72,0.2,Jayashankar Bhupalpally,TS
2017-01-05,0.0,28.0,15.6,3.82,0.2,Jayashankar Bhupalpally,TS
2017-01-06,0.0,28.1,15.2,3.71,0.199,Jayashankar Bhupalpally,TS
2017-01-07,0.0,28.5,17.1,3.72,0.201,Jayashankar Bhupalpally,TS
2017-01-08,0.0,28.7,18.4,3.76,0.202,Jayashankar Bhupalpally,TS
2017-01-09,0.0,28.8,18.6,3.85,0.2,Jayashankar Bhupalpally,TS
2017-01-10,0.0,28.9,19.1,4.02,0.197,Jayashankar Bhupalpally,TS
2017-01-11,0.0,27.7,17.9,4.02,0.19,Jayashankar Bhupalpally,TS
2017-01-12,0.0,26.9,16.7,3.82,0.187,Jayashankar Bhupalpally,TS
2017-01-13,0.0,27.6,14.8,3.76,0.186,Jayashankar Bhupalpally,TS
2017-01-14,0.0,27.8,14.5,3.76,0.185,Jayashankar Bhupalpally,TS
2017-01-15,0.0,28.7,15.7,3.9,0.185,Jayashankar Bhupalpally,TS
2017-01-16,0.0,29.0,16.9,3.81,0.184,Jayashankar Bhupalpally,TS
2017-01-17,0.0,29.3,16.8,3.94,0.184,Jayashankar Bhupalpally,TS
2017-01-18,0.0,29.6,17.1,4.33,0.183,Jayashankar Bhupalpally,TS
2017-01-19,0.0,29.1,16.4,3.96,0.182,Jayashankar Bhupalpally,TS
2017-01-20,0.0,30.3,15.9,4.24,0.18,Jayashankar Bhupalpally,TS
2017-01-21,0.0,30.3,16.3,4.14,0.176,Jayashankar Bhupalpally,TS
2017-01-22,0.0,31.2,17.9,4.06,0.175,Jayashankar Bhupalpally,TS
2017-01-23,0.0,31.3,19.5,4.45,0.177,Jayashankar Bhupalpally,TS
2017-01-24,0.0,30.8,18.0,4.34,0.18,Jayashankar Bhupalpally,TS
2017-01-25,0.0,30.1,18.2,4.19,0.18,Jayashankar Bhupalpally,TS
2017-01-26,0.0,28.3,19.4,2.94,0.18,Jayashankar Bhupalpally,TS
2017-01-27,0.0,29.2,20.0,3.15,0.177,Jayashankar Bhupalpally,TS
2017-01-28,0.0,30.7,19.6,4.26,0.176,Jayashankar Bhupalpally,TS
2017-01-29,0.0,30.4,16.9,4.57,0.175,Jayashankar Bhupalpally,TS
2017-01-30,0.0,30.9,16.0,4.3,0.174,Jayashankar Bhupalpally,TS
2017-01-31,0.0,31.1,18.2,4.2,0.172,Jayashankar Bhupalpally,TS
2017-02-01,0.0,31.7,18.3,4.39,0.173,Jayashankar Bhupalpally,TS
2017-02-02,0.0,31.1,18.9,4.1,0.173,Jayashankar Bhupalpally,TS
2017-02-03,0.0,31.2,18.9,4.37,0.171,Jayashankar Bhupalpally,TS
2017-02-04,0.0,31.9,19.3,4.72,0.168,Jayashankar Bhupalpally,TS
2017-02-05,0.0,30.5,19.3,4.33,0.168,Jayashankar Bhupalpally,TS
2017-02-06,0.0,31.9,18.9,4.72,0.166,Jayashankar Bhupalpally,TS
2017-02-07,0.0,32.3,19.0,4.83,0.164,Jayashankar Bhupalpally,TS
2017-02-08,0.0,32.7,18.7,4.59,0.163,Jayashankar Bhupalpally,TS
2017-02-09,0.0,32.6,19.9,4.84,0.165,Jayashankar Bhupalpally,TS
2017-02-10,0.0,32.6,19.7,4.93,0.165,Jayashankar Bhupalpally,TS
2017-02-11,0.0,31.8,19.5,5.26,0.166,Jayashankar Bhupalpally,TS
2017-02-12,0.0,30.9,18.9,4.76,0.165,Jayashankar Bhupalpally,TS
2017-02-13,0.0,30.8,19.5,4.5,0.162,Jayashankar Bhupalpally,TS
2017-02-14,0.0,31.9,20.1,4.82,0.16,Jayashankar Bhupalpally,TS
2017-02-15,0.0,32.2,20.0,4.86,0.158,Jayashankar Bhupalpally,TS
2017-02-16,0.0,32.4,19.5,4.98,0.161,Jayashankar Bhupalpally,TS
2017-02-17,0.0,33.1,18.8,4.99,0.162,Jayashankar Bhupalpally,TS
2017-02-18,0.0,33.7,19.0,4.93,0.162,Jayashankar Bhupalpally,TS
2017-02-19,0.0,33.9,20.1,5.42,0.16,Jayashankar Bhupalpally,TS
2017-02-20,0.0,34.9,19.8,5.65,0.159,Jayashankar Bhupalpally,TS
2017-02-21,0.0,35.5,21.7,5.55,0.158,Jayashankar Bhupalpally,TS
2017-02-22,0.0,35.3,22.2,5.58,0.159,Jayashankar Bhupalpally,TS
2017-02-23,0.0,35.3,22.0,5.6,0.159,Jayashankar Bhupalpally,TS
2017-02-24,0.0,35.5,20.7,5.45,0.156,Jayashankar Bhupalpally,TS
2017-02-25,0.0,33.5,19.3,5.86,0.154,Jayashankar Bhupalpally,TS
2017-02-26,0.0,34.5,18.3,5.87,0.153,Jayashankar Bhupalpally,TS
2017-02-27,0.0,33.8,19.3,5.07,0.152,Jayashankar Bhupalpally,TS
2017-02-28,0.0,35.4,19.9,5.57,0.153,Jayashankar Bhupalpally,TS
2017-03-01,0.0,34.7,20.1,5.59,0.151,Jayashankar Bhupalpally,TS
2017-03-02,0.0,35.0,21.0,6.29,0.15,Jayashankar Bhupalpally,TS
2017-03-03,0.0,35.5,20.8,6.63,0.15,Jayashankar Bhupalpally,TS
2017-03-04,0.0,34.1,20.0,6.03,0.149,Jayashankar Bhupalpally,TS
2017-03-05,0.0,33.6,23.4,4.84,0.15,Jayashankar Bhupalpally,TS
2017-03-06,0.2,33.3,23.7,4.53,0.15,Jayashankar Bhupalpally,TS
2017-03-07,2.0,31.4,24.0,4.26,0.16,Jayashankar Bhupalpally,TS
2017-03-08,0.0,33.9,24.2,5.73,0.176,Jayashankar Bhupalpally,TS
2017-03-09,0.0,33.8,24.2,5.04,0.171,Jayashankar Bhupalpally,TS
2017-03-10,0.4,33.5,24.8,4.88,0.173,Jayashankar Bhupalpally,TS
2017-03-11,0.3,32.7,22.7,5.9,0.171,Jayashankar Bhupalpally,TS
2017-03-12,0.0,32.9,19.4,5.88,0.165,Jayashankar Bhupalpally,TS
2017-03-13,0.0,34.4,19.5,5.71,0.158,Jayashankar Bhupalpally,TS
2017-03-14,0.2,33.1,22.0,5.04,0.152,Jayashankar Bhupalpally,TS
2017-03-15,0.0,33.3,23.7,4.87,0.153,Jayashankar Bhupalpally,TS
2017-03-16,2.8,32.5,24.6,4.61,0.156,Jayashankar Bhupalpally,TS
2017-03-17,1.6,33.5,23.1,5.02,0.156,Jayashankar Bhupalpally,TS
2017-03-18,0.0,35.5,23.7,6.19,0.156,Jayashankar Bhupalpally,TS
2017-03-19,0.0,35.3,23.4,5.97,0.157,Jayashankar Bhupalpally,TS
2017-03-20,0.0,35.6,23.4,5.97,0.157,Jayashankar Bhupalpally,TS
2017-03-21,0.0,35.6,21.0,6.09,0.154,Jayashankar Bhupalpally,TS
2017-03-22,0.0,35.4,22.2,5.95,0.152,Jayashankar Bhupalpally,TS
2017-03-23,0.0,36.8,23.1,6.09,0.151,Jayashankar Bhupalpally,TS
2017-03-24,0.0,37.5,24.3,6.15,0.147,Jayashankar Bhupalpally,TS
2017-03-25,0.0,38.1,24.9,6.48,0.142,Jayashankar Bhupalpally,TS
2017-03-26,0.0,37.7,24.2,6.23,0.142,Jayashankar Bhupalpally,TS
2017-03-27,0.0,37.3,25.1,6.41,0.139,Jayashankar Bhupalpally,TS
2017-03-28,0.0,36.6,24.8,6.33,0.131,Jayashankar Bhupalpally,TS
2017-03-29,0.0,38.0,24.3,6.57,0.133,Jayashankar Bhupalpally,TS
2017-03-30,0.0,38.5,25.0,6.68,0.135,Jayashankar Bhupalpally,TS
2017-03-31,0.0,38.7,25.1,6.48,0.135,Jayashankar Bhupalpally,TS
2017-04-01,0.0,38.4,25.4,6.13,0.139,Jayashankar Bhupalpally,TS
2017-04-02,0.1,38.6,26.2,6.47,0.151,Jayashankar Bhupalpally,TS
2017-04-03,0.0,38.0,25.5,6.32,0.151,Jayashankar Bhupalpally,TS
2017-04-04,1.4,36.6,25.1,6.24,0.15,Jayashankar Bhupalpally,TS
2017-04-05,3.1,36.7,25.9,5.71,0.15,Jayashankar Bhupalpally,TS
2017-04-06,0.2,37.6,26.7,5.75,0.146,Jayashankar Bhupalpally,TS
2017-04-07,0.4,37.4,26.9,5.83,0.144,Jayashankar Bhupalpally,TS
2017-04-08,0.5,37.8,27.3,6.02,0.14,Jayashankar Bhupalpally,TS
2017-04-09,0.0,39.2,26.9,6.38,0.134,Jayashankar Bhupalpally,TS
2017-04-10,0.0,39.5,25.3,6.66,0.133,Jayashankar Bhupalpally,TS
2017-04-11,0.0,39.9,23.4,7.45,0.135,Jayashankar Bhupalpally,TS
2017-04-12,0.0,39.4,21.6,7.04,0.132,Jayashankar Bhupalpally,TS
2017-04-13,0.0,39.3,23.7,7.33,0.13,Jayashankar Bhupalpally,TS
2017-04-14,0.0,38.6,25.2,6.9,0.13,Jayashankar Bhupalpally,TS
2017-04-15,0.0,38.6,24.3,6.75,0.131,Jayashankar Bhupalpally,TS
2017-04-16,0.0,40.8,25.3,7.68,0.131,Jayashankar Bhupalpally,TS
2017-04-17,0.0,40.3,26.1,6.81,0.131,Jayashankar Bhupalpally,TS
2017-04-18,0.1,40.0,26.0,7.08,0.13,Jayashankar Bhupalpally,TS
2017-04-19,0.0,38.9,26.1,6.69,0.133,Jayashankar Bhupalpally,TS
2017-04-20,0.0,39.8,26.7,6.45,0.135,Jayashankar Bhupalpally,TS
2017-04-21,0.0,39.9,27.8,6.72,0.136,Jayashankar Bhupalpally,TS
2017-04-22,0.0,40.5,26.7,6.88,0.135,Jayashankar Bhupalpally,TS
2017-04-23,0.0,40.1,26.9,8.0,0.137,Jayashankar Bhupalpally,TS
2017-04-24,0.0,39.7,26.4,7.5,0.137,Jayashankar Bhupalpally,TS
2017-04-25,0.0,39.3,25.6,7.26,0.139,Jayashankar Bhupalpally,TS
2017-04-26,0.0,40.1,25.9,7.49,0.139,Jayashankar Bhupalpally,TS
2017-04-27,0.8,38.0,27.5,6.69,0.154,Jayashankar Bhupalpally,TS
2017-04-28,1.3,38.3,27.4,6.15,0.18,Jayashankar Bhupalpally,TS
2017-04-29,0.0,38.0,26.8,6.23,0.172,Jayashankar Bhupalpally,TS
2017-04-30,0.7,37.0,26.1,5.93,0.165,Jayashankar Bhupalpally,TS
2017-05-01,3.1,34.8,26.3,5.73,0.166,Jayashankar Bhupalpally,TS
2017-05-02,0.6,36.4,25.5,5.98,0.165,Jayashankar Bhupalpally,TS
2017-05-03,0.4,37.2,26.5,5.99,0.188,Jayashankar Bhupalpally,TS
2017-05-04,0.5,38.4,26.4,6.34,0.194,Jayashankar Bhupalpally,TS
2017-05-05,0.2,39.0,27.0,6.42,0.178,Jayashankar Bhupalpally,TS
2017-05-06,0.0,39.2,27.1,6.91,0.17,Jayashankar Bhupalpally,TS
2017-05-07,0.3,37.5,26.8,6.39,0.175,Jayashankar Bhupalpally,TS
2017-05-08,0.3,37.9,27.4,5.94,0.192,Jayashankar Bhupalpally,TS
2017-05-09,0.8,37.7,27.7,6.35,0.194,Jayashankar Bhupalpally,TS
2017-05-10,3.5,36.3,26.9,5.98,0.201,Jayashankar Bhupalpally,TS
2017-05-11,0.2,35.9,27.1,6.18,0.201,Jayashankar Bhupalpally,TS
2017-05-12,0.0,38.4,27.2,6.04,0.186,Jayashankar Bhupalpally,TS
2017-05-13,0.0,39.4,27.7,6.69,0.174,Jayashankar Bhupalpally,TS
2017-05-14,0.1,39.5,28.8,6.46,0.165,Jayashankar Bhupalpally,TS
2017-05-15,0.0,41.5,30.0,7.35,0.161,Jayashankar Bhupalpally,TS
2017-05-16,0.0,42.7,30.0,7.91,0.152,Jayashankar Bhupalpally,TS
2017-05-17,0.0,42.1,30.1,7.95,0.143,Jayashankar Bhupalpally,TS
2017-05-18,0.0,42.5,30.0,8.31,0.143,Jayashankar Bhupalpally,TS
2017-05-19,0.0,42.1,29.1,7.38,0.14,Jayashankar Bhupalpally,TS
2017-05-20,0.0,41.9,30.1,7.76,0.145,Jayashankar Bhupalpally,TS
2017-05-21,0.0,41.2,28.8,6.73,0.151,Jayashankar Bhupalpally,TS
2017-05-22,0.0,41.7,28.1,7.45,0.155,Jayashankar Bhupalpally,TS
2017-05-23,0.0,41.6,29.5,6.9,0.144,Jayashankar Bhupalpally,TS
2017-05-24,0.0,40.2,29.4,6.53,0.139,Jayashankar Bhupalpally,TS
2017-05-25,1.5,40.4,30.3,6.97,0.136,Jayashankar Bhupalpally,TS
2017-05-26,0.2,40.4,30.3,6.72,0.135,Jayashankar Bhupalpally,TS
2017-05-27,2.3,40.6,28.4,6.84,0.149,Jayashankar Bhupalpally,TS
2017-05-28,0.0,39.1,27.7,6.81,0.167,Jayashankar Bhupalpally,TS
2017-05-29,0.3,38.8,27.7,6.99,0.168,Jayashankar Bhupalpally,TS
2017-05-30,0.2,38.4,30.7,7.89,0.165,Jayashankar Bhupalpally,TS
2017-05-31,0.0,38.8,30.3,7.1,0.161,Jayashankar Bhupalpally,TS
2017-06-01,0.2,38.7,29.8,6.95,0.152,Jayashankar Bhupalpally,TS
2017-06-02,0.7,38.5,29.6,6.98,0.142,Jayashankar Bhupalpally,TS
2017-06-03,0.2,38.9,29.3,6.21,0.14,Jayashankar Bhupalpally,TS
2017-06-04,14.8,36.0,26.2,4.28,0.291,Jayashankar Bhupalpally,TS
2017-06-05,12.8,38.7,26.9,5.88,0.291,Jayashankar Bhupalpally,TS
2017-06-06,13.2,35.8,26.2,4.6,0.357,Jayashankar Bhupalpally,TS
2017-06-07,7.8,32.4,26.3,4.23,0.343,Jayashankar Bhupalpally,TS
2017-06-08,6.3,34.1,25.0,4.33,0.362,Jayashankar Bhupalpally,TS
2017-06-09,2.9,33.7,25.4,5.22,0.356,Jayashankar Bhupalpally,TS
2017-06-10,5.4,33.4,25.9,4.26,0.388,Jayashankar Bhupalpally,TS
2017-06-11,5.2,33.5,26.9,3.88,0.387,Jayashankar Bhupalpally,TS
2017-06-12,16.5,31.1,26.3,3.37,0.413,Jayashankar Bhupalpally,TS
2017-06-13,14.4,28.8,25.7,2.29,0.418,Jayashankar Bhupalpally,TS
2017-06-14,33.4,31.1,24.7,2.82,0.419,Jayashankar Bhupalpally,TS
2017-06-15,11.1,31.4,26.0,3.59,0.418,Jayashankar Bhupalpally,TS
2017-06-16,11.6,29.1,25.1,1.59,0.42,Jayashankar Bhupalpally,TS
2017-06-17,1.7,32.4,25.5,4.2,0.397,Jayashankar Bhupalpally,TS
2017-06-18,3.7,32.6,26.9,4.39,0.384,Jayashankar Bhupalpally,TS
2017-06-19,8.2,31.2,26.2,3.21,0.396,Jayashankar Bhupalpally,TS
2017-06-20,5.3,31.5,26.2,3.7,0.406,Jayashankar Bhupalpally,TS
2017-06-21,1.3,32.6,25.9,4.8,0.389,Jayashankar Bhupalpally,TS
2017-06-22,0.9,33.4,26.3,5.06,0.378,Jayashankar Bhupalpally,TS
2017-06-23,10.7,32.4,26.5,4.16,0.39,Jayashankar Bhupalpally,TS
2017-06-24,13.7,31.4,25.4,3.32,0.408,Jayashankar Bhupalpally,TS
2017-06-25,6.4,31.5,25.6,3.53,0.405,Jayashankar Bhupalpally,TS
2017-06-26,17.7,28.8,24.6,1.98,0.425,Jayashankar Bhupalpally,TS
2017-06-27,14.5,29.3,24.9,1.73,0.424,Jayashankar Bhupalpally,TS
2017-06-28,8.5,29.4,24.7,2.46,0.42,Jayashankar Bhupalpally,TS
2017-06-29,5.8,30.9,25.4,3.61,0.415,Jayashankar Bhupalpally,TS
2017-06-30,0.5,31.2,25.6,3.68,0.404,Jayashankar Bhupalpally,TS
2017-07-01,2.6,29.7,25.5,2.33,0.406,Jayashankar Bhupalpally,TS
2017-07-02,8.8,30.2,25.2,2.86,0.414,Jayashankar Bhupalpally,TS
2017-07-03,8.3,30.5,24.9,2.49,0.42,Jayashankar Bhupalpally,TS
2017-07-04,0.2,31.0,26.7,3.89,0.399,Jayashankar Bhupalpally,TS
2017-07-05,0.0,31.3,26.5,4.73,0.388,Jayashankar Bhupalpally,TS
2017-07-06,6.0,31.1,25.0,2.97,0.401,Jayashankar Bhupalpally,TS
2017-07-07,1.9,31.4,25.3,3.28,0.405,Jayashankar Bhupalpally,TS
2017-07-08,1.1,32.1,25.9,4.24,0.4,Jayashankar Bhupalpally,TS
2017-07-09,5.1,31.0,25.4,3.09,0.405,Jayashankar Bhupalpally,TS
2017-07-10,9.2,32.1,25.9,4.04,0.407,Jayashankar Bhupalpally,TS
2017-07-11,4.4,28.7,24.7,1.84,0.417,Jayashankar Bhupalpally,TS
2017-07-12,8.1,30.6,24.8,2.2,0.413,Jayashankar Bhupalpally,TS
2017-07-13,2.9,28.4,24.6,2.27,0.407,Jayashankar Bhupalpally,TS
2017-07-14,15.3,29.5,24.1,2.69,0.418,Jayashankar Bhupalpally,TS
2017-07-15,16.8,30.3,24.3,2.87,0.419,Jayashankar Bhupalpally,TS
2017-07-16,10.0,27.5,24.7,1.56,0.416,Jayashankar Bhupalpally,TS
2017-07-17,15.1,26.1,24.1,1.52,0.428,Jayashankar Bhupalpally,TS
2017-07-18,47.7,28.0,24.0,1.57,0.429,Jayashankar Bhupalpally,TS
2017-07-19,22.7,29.6,24.1,3.28,0.426,Jayashankar Bhupalpally,TS
2017-07-20,1.2,31.1,24.9,3.8,0.413,Jayashankar Bhupalpally,TS
2017-07-21,0.0,32.7,26.3,5.31,0.397,Jayashankar Bhupalpally,TS
2017-07-22,0.0,32.9,26.8,5.2,0.386,Jayashankar Bhupalpally,TS
2017-07-23,0.1,32.1,26.6,5.36,0.376,Jayashankar Bhupalpally,TS
2017-07-24,0.0,31.6,26.6,4.61,0.366,Jayashankar Bhupalpally,TS
2017-07-25,0.1,32.0,26.2,4.78,0.36,Jayashankar Bhupalpally,TS
2017-07-26,0.0,31.6,26.6,5.13,0.351,Jayashankar Bhupalpally,TS
2017-07-27,0.6,31.4,26.4,5.1,0.344,Jayashankar Bhupalpally,TS
2017-07-28,0.7,31.6,26.2,4.05,0.342,Jayashankar Bhupalpally,TS
2017-07-29,0.1,31.5,25.9,3.11,0.345,Jayashankar Bhupalpally,TS
2017-07-30,2.3,32.0,26.1,3.86,0.359,Jayashankar Bhupalpally,TS
2017-07-31,0.9,32.4,25.9,4.91,0.368,Jayashankar Bhupalpally,TS
2017-08-01,1.5,32.7,26.6,4.86,0.353,Jayashankar Bhupalpally,TS
2017-08-02,6.3,30.7,26.7,3.39,0.381,Jayashankar Bhupalpally,TS
2017-08-03,0.2,31.7,26.6,4.32,0.376,Jayashankar Bhupalpally,TS
2017-08-04,0.4,30.7,26.4,3.84,0.363,Jayashankar Bhupalpally,TS
2017-08-05,6.5,28.4,25.3,1.86,0.38,Jayashankar Bhupalpally,TS
2017-08-06,3.9,29.9,25.1,3.36,0.383,Jayashankar Bhupalpally,TS
2017-08-07,1.2,31.7,24.8,4.13,0.371,Jayashankar Bhupalpally,TS
2017-08-08,8.0,29.9,25.3,2.32,0.393,Jayashankar Bhupalpally,TS
2017-08-09,16.8,26.8,25.3,1.29,0.416,Jayashankar Bhupalpally,TS
2017-08-10,12.5,31.5,24.2,4.0,0.403,Jayashankar Bhupalpally,TS
2017-08-11,7.4,30.6,25.3,3.51,0.402,Jayashankar Bhupalpally,TS
2017-08-12,11.3,28.2,25.2,2.09,0.413,Jayashankar Bhupalpally,TS
2017-08-13,15.1,29.9,25.1,2.72,0.413,Jayashankar Bhupalpally,TS
2017-08-14,9.9,29.6,24.7,2.6,0.41,Jayashankar Bhupalpally,TS
2017-08-15,12.0,29.9,24.3,2.88,0.407,Jayashankar Bhupalpally,TS
2017-08-16,0.4,31.0,25.0,3.17,0.402,Jayashankar Bhupalpally,TS
2017-08-17,7.7,30.0,25.6,2.53,0.408,Jayashankar Bhupalpally,TS
2017-08-18,35.0,28.3,23.8,1.76,0.425,Jayashankar Bhupalpally,TS
2017-08-19,90.9,25.9,23.8,1.02,0.43,Jayashankar Bhupalpally,TS
2017-08-20,7.9,29.5,23.5,3.52,0.418,Jayashankar Bhupalpally,TS
2017-08-21,0.4,30.7,24.1,4.45,0.403,Jayashankar Bhupalpally,TS
2017-08-22,3.8,31.2,24.5,4.01,0.396,Jayashankar Bhupalpally,TS
2017-08-23,11.8,30.7,25.0,3.21,0.401,Jayashankar Bhupalpally,TS
2017-08-24,16.4,29.8,25.0,3.42,0.42,Jayashankar Bhupalpally,TS
2017-08-25,22.7,28.8,24.8,2.43,0.423,Jayashankar Bhupalpally,TS
2017-08-26,8.7,29.1,24.3,2.74,0.419,Jayashankar Bhupalpally,TS
2017-08-27,11.0,29.5,24.9,2.36,0.419,Jayashankar Bhupalpally,TS
2017-08-28,11.9,28.1,24.6,1.93,0.426,Jayashankar Bhupalpally,TS
2017-08-29,9.5,28.1,24.2,2.09,0.425,Jayashankar Bhupalpally,TS
2017-08-30,1.2,31.7,24.9,4.35,0.41,Jayashankar Bhupalpally,TS
2017-08-31,0.2,32.4,25.7,4.55,0.395,Jayashankar Bhupalpally,TS
2017-09-01,0.4,32.2,25.5,4.43,0.385,Jayashankar Bhupalpally,TS
2017-09-02,0.0,32.7,24.4,4.95,0.377,Jayashankar Bhupalpally,TS
2017-09-03,0.7,32.6,25.0,4.44,0.374,Jayashankar Bhupalpally,TS
2017-09-04,1.6,31.8,25.9,4.04,0.371,Jayashankar Bhupalpally,TS
2017-09-05,7.5,31.5,25.4,3.54,0.383,Jayashankar Bhupalpally,TS
2017-09-06,11.9,31.9,25.2,3.57,0.404,Jayashankar Bhupalpally,TS
2017-09-07,26.5,31.7,24.1,3.95,0.424,Jayashankar Bhupalpally,TS
2017-09-08,0.4,32.0,24.3,4.07,0.411,Jayashankar Bhupalpally,TS
2017-09-09,0.1,32.1,25.0,4.21,0.395,Jayashankar Bhupalpally,TS
2017-09-10,0.0,32.5,25.6,4.66,0.384,Jayashankar Bhupalpally,TS
2017-09-11,0.9,32.7,26.2,4.46,0.375,Jayashankar Bhupalpally,TS
2017-09-12,1.6,32.4,25.4,4.3,0.373,Jayashankar Bhupalpally,TS
2017-09-13,0.2,32.2,25.7,4.3,0.371,Jayashankar Bhupalpally,TS
2017-09-14,4.4,30.7,25.5,2.88,0.38,Jayashankar Bhupalpally,TS
2017-09-15,8.0,31.4,24.6,3.63,0.394,Jayashankar Bhupalpally,TS
2017-09-16,4.0,31.7,25.0,3.99,0.39,Jayashankar Bhupalpally,TS
2017-09-17,19.8,30.5,25.8,2.94,0.406,Jayashankar Bhupalpally,TS
2017-09-18,6.9,29.0,25.1,3.13,0.41,Jayashankar Bhupalpally,TS
2017-09-19,0.0,31.6,24.8,4.5,0.397,Jayashankar Bhupalpally,TS
2017-09-20,0.2,28.7,25.5,2.82,0.396,Jayashankar Bhupalpally,TS
2017-09-21,0.1,30.0,25.3,3.63,0.386,Jayashankar Bhupalpally,TS
2017-09-22,0.3,30.2,24.6,3.63,0.378,Jayashankar Bhupalpally,TS
2017-09-23,0.0,31.6,24.7,4.29,0.369,Jayashankar Bhupalpally,TS
2017-09-24,7.3,32.6,25.1,3.99,0.365,Jayashankar Bhupalpally,TS
2017-09-25,4.2,32.1,25.0,3.43,0.366,Jayashankar Bhupalpally,TS
2017-09-26,8.8,32.7,25.5,4.03,0.365,Jayashankar Bhupalpally,TS
2017-09-27,4.6,32.7,24.9,3.6,0.367,Jayashankar Bhupalpally,TS
2017-09-28,11.5,30.1,25.0,3.31,0.404,Jayashankar Bhupalpally,TS
2017-09-29,12.2,30.1,24.4,3.15,0.394,Jayashankar Bhupalpally,TS
2017-09-30,5.8,30.8,24.9,3.15,0.394,Jayashankar Bhupalpally,TS
2017-10-01,5.1,31.0,25.2,3.41,0.389,Jayashankar Bhupalpally,TS
2017-10-02,3.4,30.0,25.1,3.06,0.378,Jayashankar Bhupalpally,TS
2017-10-03,1.1,29.4,24.4,2.83,0.392,Jayashankar Bhupalpally,TS
2017-10-04,3.2,29.3,24.6,2.74,0.402,Jayashankar Bhupalpally,TS
2017-10-05,16.7,29.6,24.6,2.82,0.415,Jayashankar Bhupalpally,TS
2017-10-06,0.6,30.5,24.4,3.08,0.407,Jayashankar Bhupalpally,TS
2017-10-07,10.5,29.6,24.2,2.71,0.422,Jayashankar Bhupalpally,TS
2017-10-08,2.7,29.8,24.3,2.85,0.413,Jayashankar Bhupalpally,TS
2017-10-09,1.7,30.0,24.6,3.12,0.403,Jayashankar Bhupalpally,TS
2017-10-10,2.4,30.1,24.3,3.08,0.409,Jayashankar Bhupalpally,TS
2017-10-11,2.2,30.5,23.8,2.74,0.401,Jayashankar Bhupalpally,TS
2017-10-12,0.5,30.9,24.4,3.53,0.397,Jayashankar Bhupalpally,TS
2017-10-13,10.2,29.5,24.5,2.97,0.412,Jayashankar Bhupalpally,TS
2017-10-14,3.2,30.9,24.6,3.22,0.409,Jayashankar Bhupalpally,TS
2017-10-15,2.9,31.0,24.9,3.1,0.405,Jayashankar Bhupalpally,TS
2017-10-16,0.1,32.6,24.5,4.08,0.397,Jayashankar Bhupalpally,TS
2017-10-17,0.0,33.0,23.6,4.51,0.385,Jayashankar Bhupalpally,TS
2017-10-18,0.0,32.7,22.0,4.87,0.375,Jayashankar Bhupalpally,TS
2017-10-19,0.0,31.5,21.4,4.02,0.367,Jayashankar Bhupalpally,TS
2017-10-20,7.5,28.6,24.9,2.28,0.389,Jayashankar Bhupalpally,TS
2017-10-21,0.7,30.2,24.0,2.88,0.386,Jayashankar Bhupalpally,TS
2017-10-22,2.4,31.9,23.7,3.95,0.377,Jayashankar Bhupalpally,TS
2017-10-23,0.0,31.4,24.9,3.54,0.374,Jayashankar Bhupalpally,TS
2017-10-24,0.8,31.8,24.4,3.58,0.366,Jayashankar Bhupalpally,TS
2017-10-25,0.0,30.9,24.1,3.84,0.356,Jayashankar Bhupalpally,TS
2017-10-26,1.0,30.4,23.0,3.48,0.349,Jayashankar Bhupalpally,TS
2017-10-27,0.0,30.9,22.5,3.6,0.341,Jayashankar Bhupalpally,TS
2017-10-28,0.0,31.1,22.6,4.3,0.332,Jayashankar Bhupalpally,TS
2017-10-29,0.0,29.8,21.4,3.58,0.323,Jayashankar Bhupalpally,TS
2017-10-30,0.0,30.9,20.6,4.54,0.316,Jayashankar Bhupalpally,TS
2017-10-31,0.0,30.7,19.5,4.36,0.308,Jayashankar Bhupalpally,TS
2017-11-01,0.0,30.7,19.8,4.42,0.301,Jayashankar Bhupalpally,TS
2017-11-02,0.0,29.6,19.9,4.3,0.295,Jayashankar Bhupalpally,TS
2017-11-03,0.0,29.5,20.0,4.25,0.285,Jayashankar Bhupalpally,TS
2017-11-04,0.0,30.1,19.3,4.23,0.273,Jayashankar Bhupalpally,TS
2017-11-05,0.0,30.8,19.9,4.22,0.266,Jayashankar Bhupalpally,TS
2017-11-06,0.0,31.0,19.6,4.28,0.259,Jayashankar Bhupalpally,TS
2017-11-07,0.0,30.7,19.9,4.19,0.253,Jayashankar Bhupalpally,TS
2017-11-08,0.0,30.5,19.9,4.04,0.245,Jayashankar Bhupalpally,TS
2017-11-09,0.0,30.3,20.6,4.13,0.24,Jayashankar Bhupalpally,TS
2017-11-10,0.0,30.2,18.7,4.2,0.236,Jayashankar Bhupalpally,TS
2017-11-11,0.0,29.8,17.7,4.36,0.232,Jayashankar Bhupalpally,TS
2017-11-12,0.0,30.0,18.1,4.04,0.23,Jayashankar Bhupalpally,TS
2017-11-13,0.0,30.9,19.4,4.11,0.228,Jayashankar Bhupalpally,TS
2017-11-14,0.0,31.5,21.8,3.73,0.225,Jayashankar Bhupalpally,TS
2017-11-15,0.0,31.1,23.3,4.16,0.219,Jayashankar Bhupalpally,TS
2017-11-16,0.0,29.8,21.9,3.68,0.215,Jayashankar Bhupalpally,TS
2017-11-17,0.1,30.1,22.2,3.13,0.214,Jayashankar Bhupalpally,TS
2017-11-18,0.2,30.3,21.7,3.15,0.206,Jayashankar Bhupalpally,TS
2017-11-19,0.0,30.9,22.5,3.2,0.201,Jayashankar Bhupalpally,TS
2017-11-20,0.0,31.8,22.4,3.68,0.197,Jayashankar Bhupalpally,TS
2017-11-21,0.3,31.9,23.0,3.41,0.195,Jayashankar Bhupalpally,TS
2017-11-22,0.0,31.7,23.1,3.67,0.192,Jayashankar Bhupalpally,TS
2017-11-23,0.2,30.6,23.4,3.45,0.189,Jayashankar Bhupalpally,TS
2017-11-24,0.2,30.4,22.6,3.11,0.189,Jayashankar Bhupalpally,TS
2017-11-25,0.0,30.4,19.6,3.71,0.188,Jayashankar Bhupalpally,TS
2017-11-26,0.0,30.1,19.1,3.77,0.187,Jayashankar Bhupalpally,TS
2017-11-27,0.0,29.9,18.6,3.91,0.186,Jayashankar Bhupalpally,TS
2017-11-28,0.0,29.7,17.4,3.76,0.183,Jayashankar Bhupalpally,TS
2017-11-29,0.0,29.3,16.8,3.61,0.181,Jayashankar Bhupalpally,TS
2017-11-30,0.0,29.9,17.1,3.71,0.18,Jayashankar Bhupalpally,TS
2017-12-01,0.0,29.2,17.2,3.51,0.18,Jayashankar Bhupalpally,TS
2017-12-02,0.0,29.0,17.7,3.78,0.18,Jayashankar Bhupalpally,TS
2017-12-03,0.0,28.1,16.7,3.43,0.178,Jayashankar Bhupalpally,TS
2017-12-04,0.0,28.3,17.7,3.45,0.178,Jayashankar Bhupalpally,TS
2017-12-05,0.0,29.2,18.0,3.61,0.177,Jayashankar Bhupalpally,TS
2017-12-06,0.0,29.5,18.9,3.53,0.178,Jayashankar Bhupalpally,TS
2017-12-07,0.0,30.8,18.7,3.67,0.177,Jayashankar Bhupalpally,TS
2017-12-08,0.0,31.0,17.9,4.17,0.179,Jayashankar Bhupalpally,TS
2017-12-09,0.0,30.3,18.8,4.03,0.178,Jayashankar Bhupalpally,TS
2017-12-10,0.0,29.1,16.8,3.97,0.176,Jayashankar Bhupalpally,TS
2017-12-11,0.0,29.3,15.2,3.69,0.174,Jayashankar Bhupalpally,TS
2017-12-12,0.0,29.6,15.3,3.59,0.173,Jayashankar Bhupalpally,TS
2017-12-13,0.0,30.6,17.2,3.66,0.174,Jayashankar Bhupalpally,TS
2017-12-14,0.0,30.6,18.9,3.45,0.175,Jayashankar Bhupalpally,TS
2017-12-15,0.0,29.6,19.7,3.33,0.177,Jayashankar Bhupalpally,TS
2017-12-16,0.0,30.1,18.8,3.53,0.179,Jayashankar Bhupalpally,TS
2017-12-17,0.0,29.9,17.8,3.79,0.18,Jayashankar Bhupalpally,TS
2017-12-18,0.0,29.1,18.0,3.84,0.179,Jayashankar Bhupalpally,TS
2017-12-19,0.0,28.5,16.2,3.72,0.18,Jayashankar Bhupalpally,TS
2017-12-20,0.0,28.3,14.3,3.59,0.181,Jayashankar Bhupalpally,TS
2017-12-21,0.0,28.3,15.5,3.58,0.179,Jayashankar Bhupalpally,TS
2017-12-22,0.0,28.6,16.5,3.52,0.177,Jayashankar Bhupalpally,TS
2017-12-23,0.0,28.3,15.7,3.5,0.177,Jayashankar Bhupalpally,TS
2017-12-24,0.0,28.9,17.2,3.41,0.176,Jayashankar Bhupalpally,TS
2017-12-25,0.0,29.2,18.0,3.57,0.175,Jayashankar Bhupalpally,TS
2017-12-26,0.0,29.1,15.7,3.84,0.174,Jayashankar Bhupalpally,TS
2017-12-27,0.0,28.3,15.3,3.7,0.173,Jayashankar Bhupalpally,TS
2017-12-28,0.0,28.3,14.8,3.56,0.172,Jayashankar Bhupalpally,TS
2017-12-29,0.0,27.9,15.3,3.47,0.17,Jayashankar Bhupalpally,TS
2017-12-30,0.0,28.3,15.6,3.6,0.169,Jayashankar Bhupalpally,TS
2017-12-31,0.0,28.3,16.8,3.62,0.167,Jayashankar Bhupalpally,TS
2018-01-01,0.0,29.0,17.5,3.93,0.165,Jayashankar Bhupalpally,TS
2018-01-02,0.0,28.8,16.9,3.7,0.169,Jayashankar Bhupalpally,TS
2018-01-03,0.0,28.4,16.0,3.83,0.171,Jayashankar Bhupalpally,TS
2018-01-04,0.0,28.3,15.1,3.94,0.172,Jayashankar Bhupalpally,TS
2018-01-05,0.0,28.1,14.1,3.85,0.173,Jayashankar Bhupalpally,TS
2018-01-06,0.0,27.7,15.1,3.63,0.172,Jayashankar Bhupalpally,TS
2018-01-07,0.0,28.2,15.4,3.87,0.171,Jayashankar Bhupalpally,TS
2018-01-08,0.0,27.9,15.0,3.64,0.17,Jayashankar Bhupalpally,TS
2018-01-09,0.0,27.5,15.6,3.47,0.17,Jayashankar Bhupalpally,TS
2018-01-10,0.0,29.4,16.3,3.57,0.169,Jayashankar Bhupalpally,TS
2018-01-11,0.0,30.3,16.9,3.89,0.166,Jayashankar Bhupalpally,TS
2018-01-12,0.0,30.8,18.4,4.0,0.163,Jayashankar Bhupalpally,TS
2018-01-13,0.0,31.7,17.2,4.32,0.159,Jayashankar Bhupalpally,TS
2018-01-14,0.0,31.2,17.4,3.73,0.159,Jayashankar Bhupalpally,TS
2018-01-15,0.0,30.7,20.8,3.87,0.159,Jayashankar Bhupalpally,TS
2018-01-16,0.0,30.6,18.8,4.28,0.157,Jayashankar Bhupalpally,TS
2018-01-17,0.0,30.5,17.1,4.05,0.155,Jayashankar Bhupalpally,TS
2018-01-18,0.0,29.7,17.1,3.79,0.159,Jayashankar Bhupalpally,TS
2018-01-19,0.0,29.2,15.8,3.92,0.158,Jayashankar Bhupalpally,TS
2018-01-20,0.0,29.2,15.6,3.88,0.156,Jayashankar Bhupalpally,TS
2018-01-21,0.0,29.2,16.3,3.91,0.153,Jayashankar Bhupalpally,TS
2018-01-22,0.0,28.6,16.1,3.74,0.152,Jayashankar Bhupalpally,TS
2018-01-23,0.0,29.0,17.5,3.96,0.151,Jayashankar Bhupalpally,TS
2018-01-24,0.0,29.7,18.4,3.81,0.151,Jayashankar Bhupalpally,TS
2018-01-25,0.0,29.5,18.3,4.1,0.152,Jayashankar Bhupalpally,TS
2018-01-26,0.0,29.4,14.8,4.21,0.153,Jayashankar Bhupalpally,TS
2018-01-27,0.0,29.2,14.5,4.13,0.151,Jayashankar Bhupalpally,TS
2018-01-28,0.0,29.2,15.9,3.93,0.15,Jayashankar Bhupalpally,TS
2018-01-29,0.0,28.8,16.8,3.66,0.149,Jayashankar Bhupalpally,TS
2018-01-30,0.0,30.2,16.1,4.39,0.148,Jayashankar Bhupalpally,TS
2018-01-31,0.0,31.2,15.8,4.61,0.147,Jayashankar Bhupalpally,TS
2018-02-01,0.0,31.6,16.1,4.92,0.145,Jayashankar Bhupalpally,TS
2018-02-02,0.0,31.6,16.4,4.57,0.142,Jayashankar Bhupalpally,TS
2018-02-03,0.0,31.7,16.7,4.88,0.141,Jayashankar Bhupalpally,TS
2018-02-04,0.0,31.5,17.8,4.97,0.141,Jayashankar Bhupalpally,TS
2018-02-05,0.0,31.6,17.8,4.74,0.139,Jayashankar Bhupalpally,TS
2018-02-06,0.1,31.0,16.6,4.14,0.138,Jayashankar Bhupalpally,TS
2018-02-07,0.0,30.8,18.8,3.31,0.135,Jayashankar Bhupalpally,TS
2018-02-08,0.0,31.6,20.1,4.18,0.135,Jayashankar Bhupalpally,TS
2018-02-09,0.1,31.6,21.2,4.17,0.138,Jayashankar Bhupalpally,TS
2018-02-10,0.0,32.0,21.3,3.87,0.139,Jayashankar Bhupalpally,TS
2018-02-11,0.0,31.0,21.9,4.26,0.141,Jayashankar Bhupalpally,TS
2018-02-12,0.0,32.0,19.4,4.89,0.143,Jayashankar Bhupalpally,TS
2018-02-13,0.0,32.0,19.3,4.74,0.143,Jayashankar Bhupalpally,TS
2018-02-14,0.0,31.8,19.6,4.45,0.141,Jayashankar Bhupalpally,TS
2018-02-15,0.0,31.7,20.4,4.67,0.137,Jayashankar Bhupalpally,TS
2018-02-16,0.0,31.5,18.3,5.02,0.135,Jayashankar Bhupalpally,TS
2018-02-17,0.0,32.3,18.3,5.11,0.131,Jayashankar Bhupalpally,TS
2018-02-18,0.0,32.7,19.1,4.7,0.127,Jayashankar Bhupalpally,TS
2018-02-19,0.0,32.8,19.4,4.78,0.126,Jayashankar Bhupalpally,TS
2018-02-20,0.0,32.5,19.6,4.26,0.127,Jayashankar Bhupalpally,TS
2018-02-21,0.0,33.0,20.6,4.77,0.128,Jayashankar Bhupalpally,TS
2018-02-22,0.0,32.9,21.4,4.84,0.129,Jayashankar Bhupalpally,TS
2018-02-23,0.0,33.8,21.0,5.36,0.126,Jayashankar Bhupalpally,TS
2018-02-24,0.0,33.9,20.7,5.74,0.126,Jayashankar Bhupalpally,TS
2018-02-25,0.0,34.7,19.5,5.61,0.125,Jayashankar Bhupalpally,TS
2018-02-26,0.0,34.9,20.1,5.63,0.128,Jayashankar Bhupalpally,TS
2018-02-27,0.0,35.4,21.0,5.32,0.13,Jayashankar Bhupalpally,TS
2018-02-28,0.0,35.9,19.7,5.36,0.131,Jayashankar Bhupalpally,TS
2018-03-01,0.0,35.4,21.6,5.55,0.131,Jayashankar Bhupalpally,TS
2018-03-02,0.0,36.1,20.4,5.78,0.131,Jayashankar Bhupalpally,TS
2018-03-03,0.0,36.1,22.1,5.95,0.135,Jayashankar Bhupalpally,TS
2018-03-04,0.0,36.6,23.1,6.92,0.138,Jayashankar Bhupalpally,TS
2018-03-05,0.0,36.2,22.2,6.87,0.138,Jayashankar Bhupalpally,TS
2018-03-06,0.0,35.8,22.4,6.29,0.134,Jayashankar Bhupalpally,TS
2018-03-07,0.0,36.1,21.1,6.11,0.134,Jayashankar Bhupalpally,TS
2018-03-08,0.0,35.8,21.3,6.32,0.138,Jayashankar Bhupalpally,TS
2018-03-09,0.0,35.4,22.2,5.54,0.137,Jayashankar Bhupalpally,TS
2018-03-10,0.0,35.1,21.7,4.98,0.137,Jayashankar Bhupalpally,TS
2018-03-11,0.1,35.3,23.4,5.52,0.135,Jayashankar Bhupalpally,TS
2018-03-12,0.0,35.4,23.6,5.5,0.136,Jayashankar Bhupalpally,TS
2018-03-13,0.0,35.8,23.2,5.8,0.133,Jayashankar Bhupalpally,TS
2018-03-14,0.0,36.7,21.5,6.88,0.13,Jayashankar Bhupalpally,TS
2018-03-15,0.0,35.6,25.2,6.21,0.13,Jayashankar Bhupalpally,TS
2018-03-16,0.5,31.2,23.1,3.85,0.137,Jayashankar Bhupalpally,TS
2018-03-17,3.6,31.5,21.8,3.37,0.21,Jayashankar Bhupalpally,TS
2018-03-18,0.0,33.7,22.4,4.88,0.214,Jayashankar Bhupalpally,TS
2018-03-19,0.0,35.2,22.5,5.18,0.203,Jayashankar Bhupalpally,TS
2018-03-20,0.0,35.9,23.9,5.79,0.192,Jayashankar Bhupalpally,TS
2018-03-21,0.0,36.2,24.2,5.84,0.181,Jayashankar Bhupalpally,TS
2018-03-22,0.5,35.9,24.8,5.45,0.174,Jayashankar Bhupalpally,TS
2018-03-23,0.0,37.2,24.1,6.03,0.164,Jayashankar Bhupalpally,TS
2018-03-24,0.0,37.5,23.3,6.11,0.157,Jayashankar Bhupalpally,TS
2018-03-25,0.0,37.0,23.9,5.32,0.152,Jayashankar Bhupalpally,TS
2018-03-26,0.0,37.3,24.6,5.92,0.149,Jayashankar Bhupalpally,TS
2018-03-27,0.0,37.6,24.3,6.36,0.146,Jayashankar Bhupalpally,TS
2018-03-28,0.0,37.9,24.1,6.34,0.142,Jayashankar Bhupalpally,TS
2018-03-29,0.1,38.0,24.7,5.93,0.139,Jayashankar Bhupalpally,TS
2018-03-30,0.1,38.1,25.1,5.78,0.137,Jayashankar Bhupalpally,TS
2018-03-31,2.2,37.7,25.2,5.88,0.132,Jayashankar Bhupalpally,TS
2018-04-01,0.3,36.5,24.7,5.79,0.137,Jayashankar Bhupalpally,TS
2018-04-02,0.0,35.8,23.9,5.94,0.143,Jayashankar Bhupalpally,TS
2018-04-03,2.5,35.8,24.4,5.34,0.146,Jayashankar Bhupalpally,TS
2018-04-04,0.0,36.5,24.3,5.74,0.152,Jayashankar Bhupalpally,TS
2018-04-05,0.1,36.1,24.2,5.51,0.186,Jayashankar Bhupalpally,TS
2018-04-06,1.1,35.6,24.4,5.42,0.207,Jayashankar Bhupalpally,TS
2018-04-07,2.7,34.9,25.0,4.95,0.269,Jayashankar Bhupalpally,TS
2018-04-08,1.4,34.0,24.0,4.47,0.28,Jayashankar Bhupalpally,TS
2018-04-09,0.6,33.0,23.8,5.07,0.256,Jayashankar Bhupalpally,TS
2018-04-10,0.3,35.3,24.4,5.58,0.236,Jayashankar Bhupalpally,TS
2018-04-11,0.2,35.7,23.8,6.02,0.22,Jayashankar Bhupalpally,TS
2018-04-12,0.1,36.1,24.5,5.61,0.207,Jayashankar Bhupalpally,TS
2018-04-13,0.1,36.3,25.2,5.91,0.195,Jayashankar Bhupalpally,TS
2018-04-14,0.0,36.5,25.5,5.8,0.185,Jayashankar Bhupalpally,TS
2018-04-15,1.9,35.3,26.6,5.19,0.185,Jayashankar Bhupalpally,TS
2018-04-16,0.2,37.0,25.9,5.76,0.176,Jayashankar Bhupalpally,TS
2018-04-17,0.6,38.8,27.4,6.59,0.167,Jayashankar Bhupalpally,TS
2018-04-18,0.2,39.3,26.5,6.49,0.159,Jayashankar Bhupalpally,TS
2018-04-19,0.0,39.5,26.9,6.86,0.154,Jayashankar Bhupalpally,TS
2018-04-20,0.3,39.9,27.4,6.94,0.147,Jayashankar Bhupalpally,TS
2018-04-21,0.0,39.4,27.2,6.13,0.14,Jayashankar Bhupalpally,TS
2018-04-22,0.0,38.1,27.1,6.05,0.137,Jayashankar Bhupalpally,TS
2018-04-23,0.5,39.3,26.9,6.24,0.136,Jayashankar Bhupalpally,TS
2018-04-24,2.9,37.1,28.0,5.52,0.152,Jayashankar Bhupalpally,TS
2018-04-25,0.0,38.5,25.7,6.05,0.172,Jayashankar Bhupalpally,TS
2018-04-26,0.1,38.5,26.1,6.38,0.169,Jayashankar Bhupalpally,TS
2018-04-27,0.1,37.0,26.2,6.18,0.16,Jayashankar Bhupalpally,TS
2018-04-28,0.0,38.7,25.9,7.05,0.152,Jayashankar Bhupalpally,TS
2018-04-29,0.0,38.5,26.1,6.84,0.145,Jayashankar Bhupalpally,TS
2018-04-30,1.0,40.0,26.9,6.81,0.144,Jayashankar Bhupalpally,TS
2018-05-01,0.1,40.0,27.4,6.81,0.144,Jayashankar Bhupalpally,TS
2018-05-02,0.1,39.1,27.4,6.32,0.148,Jayashankar Bhupalpally,TS
2018-05-03,2.9,36.7,26.4,5.42,0.16,Jayashankar Bhupalpally,TS
2018-05-04,0.0,36.5,25.8,5.62,0.171,Jayashankar Bhupalpally,TS
2018-05-05,0.0,37.6,26.4,6.24,0.163,Jayashankar Bhupalpally,TS
2018-05-06,0.0,38.1,26.5,6.57,0.154,Jayashankar Bhupalpally,TS
2018-05-07,0.2,39.1,26.5,6.4,0.143,Jayashankar Bhupalpally,TS
2018-05-08,3.6,39.5,28.2,6.63,0.134,Jayashankar Bhupalpally,TS
2018-05-09,3.1,37.0,27.9,6.4,0.139,Jayashankar Bhupalpally,TS
2018-05-10,0.1,39.0,27.9,6.51,0.131,Jayashankar Bhupalpally,TS
2018-05-11,0.0,38.9,27.9,6.41,0.132,Jayashankar Bhupalpally,TS
2018-05-12,0.2,38.9,27.7,6.59,0.134,Jayashankar Bhupalpally,TS
2018-05-13,0.3,37.9,27.9,5.87,0.148,Jayashankar Bhupalpally,TS
2018-05-14,2.4,36.9,27.0,6.14,0.171,Jayashankar Bhupalpally,TS
2018-05-15,0.1,37.8,26.4,6.37,0.163,Jayashankar Bhupalpally,TS
2018-05-16,0.2,38.3,27.0,6.44,0.156,Jayashankar Bhupalpally,TS
2018-05-17,0.2,38.9,27.4,6.98,0.146,Jayashankar Bhupalpally,TS
2018-05-18,2.2,38.1,27.3,6.75,0.141,Jayashankar Bhupalpally,TS
2018-05-19,0.0,40.3,28.4,7.21,0.131,Jayashankar Bhupalpally,TS
2018-05-20,0.3,40.9,28.2,7.31,0.126,Jayashankar Bhupalpally,TS
2018-05-21,1.4,38.9,28.0,6.83,0.119,Jayashankar Bhupalpally,TS
2018-05-22,0.0,38.9,28.4,6.71,0.116,Jayashankar Bhupalpally,TS
2018-05-23,2.5,38.0,28.7,6.32,0.12,Jayashankar Bhupalpally,TS
2018-05-24,0.3,38.0,28.0,5.81,0.122,Jayashankar Bhupalpally,TS
2018-05-25,0.1,39.6,28.3,6.98,0.119,Jayashankar Bhupalpally,TS
2018-05-26,0.2,39.2,28.1,6.67,0.118,Jayashankar Bhupalpally,TS
2018-05-27,0.5,38.8,28.1,6.32,0.122,Jayashankar Bhupalpally,TS
2018-05-28,0.0,39.8,28.2,7.13,0.12,Jayashankar Bhupalpally,TS
2018-05-29,0.0,41.5,27.8,7.11,0.12,Jayashankar Bhupalpally,TS
2018-05-30,2.6,41.0,29.5,6.5,0.124,Jayashankar Bhupalpally,TS
2018-05-31,0.2,41.2,29.7,6.66,0.119,Jayashankar Bhupalpally,TS
2018-06-01,4.8,35.9,26.1,4.76,0.302,Jayashankar Bhupalpally,TS
2018-06-02,6.7,35.2,26.9,4.77,0.333,Jayashankar Bhupalpally,TS
2018-06-03,0.0,36.4,27.1,5.03,0.283,Jayashankar Bhupalpally,TS
2018-06-04,0.0,38.1,27.6,6.5,0.258,Jayashankar Bhupalpally,TS
2018-06-05,0.1,36.7,27.8,5.93,0.239,Jayashankar Bhupalpally,TS
2018-06-06,2.9,35.7,27.4,5.05,0.224,Jayashankar Bhupalpally,TS
2018-06-07,4.8,33.8,26.0,3.68,0.227,Jayashankar Bhupalpally,TS
2018-06-08,6.3,31.0,25.2,3.24,0.327,Jayashankar Bhupalpally,TS
2018-06-09,2.8,32.3,26.3,4.64,0.33,Jayashankar Bhupalpally,TS
2018-06-10,16.0,30.4,25.1,2.3,0.398,Jayashankar Bhupalpally,TS
2018-06-11,35.3,29.2,25.6,1.83,0.424,Jayashankar Bhupalpally,TS
2018-06-12,5.9,32.0,25.2,3.22,0.413,Jayashankar Bhupalpally,TS
2018-06-13,0.1,34.5,27.1,6.03,0.386,Jayashankar Bhupalpally,TS
2018-06-14,0.0,34.8,28.1,6.34,0.363,Jayashankar Bhupalpally,TS
2018-06-15,0.0,35.7,27.5,6.3,0.342,Jayashankar Bhupalpally,TS
2018-06-16,0.0,35.2,27.6,6.33,0.323,Jayashankar Bhupalpally,TS
2018-06-17,0.0,34.4,28.7,6.3,0.305,Jayashankar Bhupalpally,TS
2018-06-18,0.4,33.7,27.7,6.02,0.288,Jayashankar Bhupalpally,TS
2018-06-19,0.2,35.0,27.3,5.78,0.276,Jayashankar Bhupalpally,TS
2018-06-20,2.3,35.6,28.0,5.23,0.265,Jayashankar Bhupalpally,TS
2018-06-21,2.2,35.6,27.1,4.99,0.263,Jayashankar Bhupalpally,TS
2018-06-22,3.8,31.7,25.8,2.72,0.298,Jayashankar Bhupalpally,TS
2018-06-23,5.4,32.4,25.2,3.53,0.31,Jayashankar Bhupalpally,TS
2018-06-24,0.3,33.2,26.2,4.92,0.311,Jayashankar Bhupalpally,TS
2018-06-25,0.1,34.4,27.4,5.68,0.285,Jayashankar Bhupalpally,TS
2018-06-26,0.7,33.6,27.7,4.93,0.267,Jayashankar Bhupalpally,TS
2018-06-27,13.0,28.7,24.8,1.85,0.328,Jayashankar Bhupalpally,TS
2018-06-28,15.3,29.1,23.6,1.94,0.399,Jayashankar Bhupalpally,TS
2018-06-29,3.0,32.1,24.3,2.96,0.372,Jayashankar Bhupalpally,TS
2018-06-30,8.5,31.2,24.1,3.81,0.386,Jayashankar Bhupalpally,TS
2018-07-01,1.5,32.1,25.8,4.17,0.375,Jayashankar Bhupalpally,TS
2018-07-02,2.0,33.1,25.8,4.86,0.367,Jayashankar Bhupalpally,TS
2018-07-03,2.0,32.8,24.1,4.32,0.371,Jayashankar Bhupalpally,TS
2018-07-04,0.6,32.6,26.6,3.96,0.361,Jayashankar Bhupalpally,TS
2018-07-05,4.7,32.0,26.0,3.35,0.37,Jayashankar Bhupalpally,TS
2018-07-06,4.3,30.5,24.8,2.79,0.392,Jayashankar Bhupalpally,TS
2018-07-07,25.8,28.3,24.3,2.71,0.421,Jayashankar Bhupalpally,TS
2018-07-08,24.8,30.1,24.0,2.34,0.422,Jayashankar Bhupalpally,TS
2018-07-09,41.9,27.0,24.3,1.55,0.429,Jayashankar Bhupalpally,TS
2018-07-10,5.0,30.0,24.6,3.13,0.412,Jayashankar Bhupalpally,TS
2018-07-11,56.3,26.4,24.4,1.78,0.425,Jayashankar Bhupalpally,TS
2018-07-12,51.6,26.3,24.1,1.55,0.43,Jayashankar Bhupalpally,TS
2018-07-13,12.6,29.9,24.0,3.47,0.423,Jayashankar Bhupalpally,TS
2018-07-14,39.7,26.3,24.4,1.8,0.429,Jayashankar Bhupalpally,TS
2018-07-15,71.7,29.0,24.4,2.23,0.428,Jayashankar Bhupalpally,TS
2018-07-16,41.4,27.3,24.2,1.41,0.428,Jayashankar Bhupalpally,TS
2018-07-17,10.8,32.4,24.4,4.28,0.422,Jayashankar Bhupalpally,TS
2018-07-18,0.7,31.9,25.4,4.87,0.41,Jayashankar Bhupalpally,TS
2018-07-19,4.0,30.8,26.1,4.32,0.401,Jayashankar Bhupalpally,TS
2018-07-20,36.7,26.8,25.0,1.41,0.43,Jayashankar Bhupalpally,TS
2018-07-21,37.4,25.8,24.7,1.29,0.428,Jayashankar Bhupalpally,TS
2018-07-22,3.9,28.8,24.6,2.86,0.418,Jayashankar Bhupalpally,TS
2018-07-23,1.6,30.5,24.7,3.86,0.406,Jayashankar Bhupalpally,TS
2018-07-24,0.6,31.4,25.2,4.76,0.395,Jayashankar Bhupalpally,TS
2018-07-25,0.3,31.7,26.2,4.42,0.385,Jayashankar Bhupalpally,TS
2018-07-26,0.3,30.7,25.7,4.02,0.379,Jayashankar Bhupalpally,TS
2018-07-27,0.5,30.5,25.9,4.29,0.372,Jayashankar Bhupalpally,TS
2018-07-28,0.2,31.0,26.2,4.33,0.366,Jayashankar Bhupalpally,TS
2018-07-29,1.6,32.0,25.5,4.27,0.367,Jayashankar Bhupalpally,TS
2018-07-30,0.1,31.9,25.0,5.07,0.357,Jayashankar Bhupalpally,TS
2018-07-31,0.3,30.3,26.4,3.74,0.348,Jayashankar Bhupalpally,TS
2018-08-01,0.1,31.2,26.6,4.84,0.339,Jayashankar Bhupalpally,TS
2018-08-02,3.2,31.1,24.2,4.18,0.35,Jayashankar Bhupalpally,TS
2018-08-03,0.3,30.7,25.0,3.4,0.347,Jayashankar Bhupalpally,TS
2018-08-04,0.2,32.3,25.9,4.72,0.339,Jayashankar Bhupalpally,TS
2018-08-05,0.4,31.9,26.4,5.29,0.331,Jayashankar Bhupalpally,TS
2018-08-06,0.5,30.2,25.1,3.97,0.329,Jayashankar Bhupalpally,TS
2018-08-07,11.8,27.6,24.0,2.03,0.381,Jayashankar Bhupalpally,TS
2018-08-08,16.1,27.5,23.5,1.94,0.411,Jayashankar Bhupalpally,TS
2018-08-09,1.7,30.3,24.7,3.75,0.401,Jayashankar Bhupalpally,TS
2018-08-10,2.6,30.9,25.0,4.28,0.39,Jayashankar Bhupalpally,TS
2018-08-11,103.2,25.8,24.4,0.94,0.425,Jayashankar Bhupalpally,TS
2018-08-12,41.4,27.0,23.9,2.16,0.429,Jayashankar Bhupalpally,TS
2018-08-13,13.3,27.6,23.8,1.87,0.426,Jayashankar Bhupalpally,TS
2018-08-14,5.1,28.1,24.3,2.27,0.422,Jayashankar Bhupalpally,TS
2018-08-15,36.5,26.3,24.8,1.47,0.424,Jayashankar Bhupalpally,TS
2018-08-16,49.4,29.2,24.3,3.34,0.424,Jayashankar Bhupalpally,TS
2018-08-17,3.8,29.2,24.3,2.84,0.414,Jayashankar Bhupalpally,TS
2018-08-18,10.1,29.5,25.0,2.53,0.413,Jayashankar Bhupalpally,TS
2018-08-19,27.9,26.7,24.1,1.62,0.429,Jayashankar Bhupalpally,TS
2018-08-20,38.1,25.4,24.2,1.41,0.429,Jayashankar Bhupalpally,TS
2018-08-21,6.7,30.2,23.5,3.86,0.419,Jayashankar Bhupalpally,TS
2018-08-22,0.4,31.2,24.6,4.96,0.402,Jayashankar Bhupalpally,TS
2018-08-23,0.9,31.0,25.7,4.75,0.393,Jayashankar Bhupalpally,TS
2018-08-24,1.9,29.0,25.3,3.23,0.397,Jayashankar Bhupalpally,TS
2018-08-25,0.3,30.2,25.5,4.13,0.385,Jayashankar Bhupalpally,TS
2018-08-26,8.7,28.1,24.3,2.64,0.392,Jayashankar Bhupalpally,TS
2018-08-27,11.3,27.7,24.0,2.13,0.422,Jayashankar Bhupalpally,TS
2018-08-28,0.9,29.8,24.1,3.4,0.406,Jayashankar Bhupalpally,TS
2018-08-29,1.6,31.4,24.1,4.57,0.396,Jayashankar Bhupalpally,TS
2018-08-30,0.8,30.8,24.3,4.31,0.389,Jayashankar Bhupalpally,TS
2018-08-31,0.5,30.3,24.6,3.89,0.382,Jayashankar Bhupalpally,TS
2018-09-01,0.1,29.6,25.0,3.37,0.376,Jayashankar Bhupalpally,TS
2018-09-02,0.5,30.1,24.6,3.45,0.37,Jayashankar Bhupalpally,TS
2018-09-03,0.2,30.9,24.6,4.44,0.362,Jayashankar Bhupalpally,TS
2018-09-04,0.6,30.7,24.9,4.87,0.356,Jayashankar Bhupalpally,TS
2018-09-05,0.0,30.5,24.7,4.01,0.349,Jayashankar Bhupalpally,TS
2018-09-06,5.7,28.6,24.2,2.24,0.373,Jayashankar Bhupalpally,TS
2018-09-07,0.3,27.4,23.2,2.51,0.373,Jayashankar Bhupalpally,TS
2018-09-08,0.6,30.7,22.4,4.67,0.366,Jayashankar Bhupalpally,TS
2018-09-09,0.1,31.4,22.5,4.51,0.355,Jayashankar Bhupalpally,TS
2018-09-10,0.2,31.7,23.7,4.18,0.348,Jayashankar Bhupalpally,TS
2018-09-11,0.7,32.5,24.6,4.51,0.345,Jayashankar Bhupalpally,TS
2018-09-12,0.9,32.5,24.4,4.46,0.338,Jayashankar Bhupalpally,TS
2018-09-13,1.3,30.8,25.1,3.66,0.338,Jayashankar Bhupalpally,TS
2018-09-14,0.7,31.8,24.5,3.81,0.33,Jayashankar Bhupalpally,TS
2018-09-15,0.2,32.2,25.7,4.62,0.326,Jayashankar Bhupalpally,TS
2018-09-16,0.0,32.7,24.7,4.55,0.315,Jayashankar Bhupalpally,TS
2018-09-17,2.3,31.6,25.0,3.56,0.326,Jayashankar Bhupalpally,TS
2018-09-18,4.7,31.6,25.1,3.87,0.355,Jayashankar Bhupalpally,TS
2018-09-19,7.0,30.7,24.9,3.73,0.378,Jayashankar Bhupalpally,TS
2018-09-20,0.7,30.0,25.0,2.3,0.369,Jayashankar Bhupalpally,TS
2018-09-21,60.1,25.1,22.6,1.17,0.422,Jayashankar Bhupalpally,TS
2018-09-22,1.3,30.3,22.3,4.07,0.407,Jayashankar Bhupalpally,TS
2018-09-23,0.1,31.4,24.2,4.31,0.391,Jayashankar Bhupalpally,TS
2018-09-24,0.1,31.4,24.2,4.0,0.38,Jayashankar Bhupalpally,TS
2018-09-25,4.4,31.6,24.8,3.97,0.386,Jayashankar Bhupalpally,TS
2018-09-26,4.1,29.9,24.6,3.15,0.395,Jayashankar Bhupalpally,TS
2018-09-27,4.4,30.4,24.3,3.5,0.393,Jayashankar Bhupalpally,TS
2018-09-28,8.7,30.2,24.4,3.46,0.394,Jayashankar Bhupalpally,TS
2018-09-29,4.1,30.0,24.1,3.59,0.389,Jayashankar Bhupalpally,TS
2018-09-30,2.6,32.2,24.2,4.06,0.382,Jayashankar Bhupalpally,TS
2018-10-01,2.3,32.0,24.7,4.15,0.378,Jayashankar Bhupalpally,TS
2018-10-02,1.4,31.2,24.4,3.78,0.373,Jayashankar Bhupalpally,TS
2018-10-03,0.0,32.0,24.5,4.19,0.361,Jayashankar Bhupalpally,TS
2018-10-04,0.8,31.3,24.0,3.83,0.358,Jayashankar Bhupalpally,TS
2018-10-05,0.0,31.9,23.3,4.32,0.351,Jayashankar Bhupalpally,TS
2018-10-06,0.0,32.1,23.1,4.43,0.34,Jayashankar Bhupalpally,TS
2018-10-07,0.0,32.2,23.6,4.38,0.331,Jayashankar Bhupalpally,TS
2018-10-08,0.0,33.2,23.5,4.67,0.322,Jayashankar Bhupalpally,TS
2018-10-09,0.0,33.0,22.3,5.0,0.314,Jayashankar Bhupalpally,TS
2018-10-10,0.0,33.0,21.4,5.81,0.31,Jayashankar Bhupalpally,TS
2018-10-11,0.0,31.3,23.9,4.76,0.307,Jayashankar Bhupalpally,TS
2018-10-12,0.2,30.8,23.8,4.09,0.307,Jayashankar Bhupalpally,TS
2018-10-13,0.2,31.4,23.7,3.88,0.307,Jayashankar Bhupalpally,TS
2018-10-14,0.3,31.4,24.1,3.78,0.304,Jayashankar Bhupalpally,TS
2018-10-15,0.9,30.6,24.3,2.88,0.301,Jayashankar Bhupalpally,TS
2018-10-16,0.2,31.3,23.7,3.94,0.296,Jayashankar Bhupalpally,TS
2018-10-17,4.8,30.6,23.8,3.2,0.301,Jayashankar Bhupalpally,TS
2018-10-18,0.0,31.4,23.2,3.8,0.288,Jayashankar Bhupalpally,TS
2018-10-19,0.0,32.5,22.1,4.24,0.281,Jayashankar Bhupalpally,TS
2018-10-20,0.0,32.5,22.3,4.36,0.275,Jayashankar Bhupalpally,TS
2018-10-21,0.0,32.7,23.3,4.27,0.27,Jayashankar Bhupalpally,TS
2018-10-22,0.0,33.2,23.1,4.27,0.263,Jayashankar Bhupalpally,TS
2018-10-23,0.1,33.5,23.9,4.39,0.256,Jayashankar Bhupalpally,TS
2018-10-24,0.0,31.9,23.7,3.41,0.253,Jayashankar Bhupalpally,TS
2018-10-25,0.0,31.8,21.7,4.1,0.251,Jayashankar Bhupalpally,TS
2018-10-26,0.0,32.1,20.5,4.76,0.247,Jayashankar Bhupalpally,TS
2018-10-27,0.0,32.5,20.0,4.91,0.243,Jayashankar Bhupalpally,TS
2018-10-28,0.0,32.0,18.8,5.23,0.239,Jayashankar Bhupalpally,TS
2018-10-29,0.0,31.2,18.3,5.03,0.235,Jayashankar Bhupalpally,TS
2018-10-30,0.0,31.4,20.2,4.72,0.231,Jayashankar Bhupalpally,TS
2018-10-31,0.0,32.0,19.9,4.39,0.223,Jayashankar Bhupalpally,TS
2018-11-01,0.0,31.0,21.5,3.66,0.222,Jayashankar Bhupalpally,TS
2018-11-02,0.2,30.6,22.6,3.56,0.222,Jayashankar Bhupalpally,TS
2018-11-03,0.2,31.0,23.4,3.69,0.221,Jayashankar Bhupalpally,TS
2018-11-04,0.0,31.7,23.3,3.85,0.216,Jayashankar Bhupalpally,TS
2018-11-05,0.2,31.2,23.8,3.47,0.214,Jayashankar Bhupalpally,TS
2018-11-06,0.0,32.1,22.8,3.88,0.215,Jayashankar Bhupalpally,TS
2018-11-07,0.1,31.6,23.0,3.74,0.211,Jayashankar Bhupalpally,TS
2018-11-08,0.1,31.2,23.5,3.51,0.207,Jayashankar Bhupalpally,TS
2018-11-09,0.0,31.8,22.2,4.0,0.206,Jayashankar Bhupalpally,TS
2018-11-10,0.0,32.0,19.5,4.45,0.203,Jayashankar Bhupalpally,TS
2018-11-11,0.0,31.4,18.3,4.41,0.201,Jayashankar Bhupalpally,TS
2018-11-12,0.0,30.9,18.1,4.57,0.203,Jayashankar Bhupalpally,TS
2018-11-13,0.0,30.9,17.1,4.28,0.204,Jayashankar Bhupalpally,TS
2018-11-14,0.0,31.3,19.0,4.11,0.205,Jayashankar Bhupalpally,TS
2018-11-15,0.0,32.7,18.6,4.26,0.207,Jayashankar Bhupalpally,TS
2018-11-16,0.0,31.9,20.0,3.91,0.203,Jayashankar Bhupalpally,TS
2018-11-17,0.1,30.7,23.0,3.22,0.201,Jayashankar Bhupalpally,TS
2018-11-18,0.0,31.4,22.7,3.39,0.198,Jayashankar Bhupalpally,TS
2018-11-19,0.0,31.8,22.4,3.59,0.199,Jayashankar Bhupalpally,TS
2018-11-20,0.0,31.0,23.2,3.36,0.197,Jayashankar Bhupalpally,TS
2018-11-21,0.0,31.8,21.4,4.11,0.197,Jayashankar Bhupalpally,TS
2018-11-22,0.0,30.0,20.6,3.64,0.195,Jayashankar Bhupalpally,TS
2018-11-23,0.0,29.5,20.9,3.21,0.194,Jayashankar Bhupalpally,TS
2018-11-24,0.0,30.9,20.8,3.94,0.193,Jayashankar Bhupalpally,TS
2018-11-25,0.0,29.9,17.6,4.02,0.191,Jayashankar Bhupalpally,TS
2018-11-26,0.0,29.2,16.8,3.77,0.189,Jayashankar Bhupalpally,TS
2018-11-27,0.0,29.2,16.9,3.72,0.188,Jayashankar Bhupalpally,TS
2018-11-28,0.0,29.3,16.8,3.76,0.187,Jayashankar Bhupalpally,TS
2018-11-29,0.0,28.9,18.3,3.63,0.184,Jayashankar Bhupalpally,TS
2018-11-30,0.0,29.0,17.6,3.62,0.181,Jayashankar Bhupalpally,TS
2018-12-01,0.0,28.8,17.9,3.44,0.178,Jayashankar Bhupalpally,TS
2018-12-02,0.0,28.0,18.4,2.87,0.177,Jayashankar Bhupalpally,TS
2018-12-03,0.0,28.6,17.5,3.21,0.174,Jayashankar Bhupalpally,TS
2018-12-04,0.0,29.2,19.0,3.18,0.176,Jayashankar Bhupalpally,TS
2018-12-05,0.6,29.3,21.6,2.77,0.181,Jayashankar Bhupalpally,TS
2018-12-06,0.6,28.8,21.1,2.81,0.183,Jayashankar Bhupalpally,TS
2018-12-07,0.0,30.5,21.4,3.17,0.181,Jayashankar Bhupalpally,TS
2018-12-08,0.4,29.0,21.9,2.76,0.183,Jayashankar Bhupalpally,TS
2018-12-09,0.1,30.2,21.8,3.23,0.183,Jayashankar Bhupalpally,TS
2018-12-10,0.2,28.3,21.7,2.69,0.186,Jayashankar Bhupalpally,TS
2018-12-11,0.3,28.6,21.5,2.54,0.193,Jayashankar Bhupalpally,TS
2018-12-12,0.5,29.3,21.1,2.71,0.197,Jayashankar Bhupalpally,TS
2018-12-13,0.5,28.0,20.7,2.75,0.197,Jayashankar Bhupalpally,TS
2018-12-14,0.1,27.2,19.5,2.41,0.198,Jayashankar Bhupalpally,TS
2018-12-15,0.0,29.1,18.7,3.87,0.197,Jayashankar Bhupalpally,TS
2018-12-16,1.1,24.1,18.5,2.46,0.197,Jayashankar Bhupalpally,TS
2018-12-17,57.6,18.5,16.9,0.72,0.367,Jayashankar Bhupalpally,TS
2018-12-18,0.0,22.8,17.0,2.05,0.394,Jayashankar Bhupalpally,TS
2018-12-19,0.0,24.6,14.9,2.24,0.377,Jayashankar Bhupalpally,TS
2018-12-20,0.0,26.0,16.3,2.59,0.365,Jayashankar Bhupalpally,TS
2018-12-21,0.0,26.5,17.1,3.31,0.353,Jayashankar Bhupalpally,TS
2018-12-22,0.0,27.0,16.2,3.29,0.341,Jayashankar Bhupalpally,TS
2018-12-23,0.0,27.1,16.2,3.17,0.333,Jayashankar Bhupalpally,TS
2018-12-24,0.0,27.1,15.9,3.39,0.325,Jayashankar Bhupalpally,TS
2018-12-25,0.0,28.5,16.0,3.42,0.316,Jayashankar Bhupalpally,TS
2018-12-26,0.0,28.5,17.8,3.4,0.306,Jayashankar Bhupalpally,TS
2018-12-27,0.1,26.3,18.7,2.36,0.302,Jayashankar Bhupalpally,TS
2018-12-28,0.0,24.9,14.7,3.54,0.297,Jayashankar Bhupalpally,TS
2018-12-29,0.0,25.1,13.2,3.31,0.29,Jayashankar Bhupalpally,TS
2018-12-30,0.0,25.1,12.6,3.39,0.284,Jayashankar Bhupalpally,TS
2018-12-31,0.0,24.9,11.6,3.4,0.278,Jayashankar Bhupalpally,TS
2019-01-01,0.0,26.8,12.3,3.4,0.271,Jayashankar Bhupalpally,TS
2019-01-02,0.0,27.2,13.6,3.4,0.264,Jayashankar Bhupalpally,TS
2019-01-03,0.0,28.0,14.4,3.41,0.258,Jayashankar Bhupalpally,TS
2019-01-04,0.0,28.3,15.3,3.48,0.256,Jayashankar Bhupalpally,TS
2019-01-05,0.0,27.6,16.9,3.43,0.252,Jayashankar Bhupalpally,TS
2019-01-06,0.0,28.1,17.1,3.5,0.248,Jayashankar Bhupalpally,TS
2019-01-07,0.0,28.2,17.1,3.59,0.244,Jayashankar Bhupalpally,TS
2019-01-08,0.0,26.6,15.1,3.69,0.24,Jayashankar Bhupalpally,TS
2019-01-09,0.0,27.3,13.5,3.75,0.236,Jayashankar Bhupalpally,TS
2019-01-10,0.0,27.7,15.0,3.55,0.231,Jayashankar Bhupalpally,TS
2019-01-11,0.0,27.8,14.7,3.34,0.229,Jayashankar Bhupalpally,TS
2019-01-12,0.0,28.8,16.8,3.61,0.228,Jayashankar Bhupalpally,TS
2019-01-13,0.0,28.3,18.0,3.73,0.224,Jayashankar Bhupalpally,TS
2019-01-14,0.0,29.1,16.8,3.61,0.221,Jayashankar Bhupalpally,TS
2019-01-15,0.0,28.5,16.6,3.78,0.219,Jayashankar Bhupalpally,TS
2019-01-16,0.0,28.2,16.1,3.81,0.215,Jayashankar Bhupalpally,TS
2019-01-17,0.0,28.4,15.3,3.7,0.213,Jayashankar Bhupalpally,TS
2019-01-18,0.0,29.2,15.8,3.72,0.211,Jayashankar Bhupalpally,TS
2019-01-19,0.0,28.7,16.1,3.7,0.208,Jayashankar Bhupalpally,TS
2019-01-20,0.0,29.6,16.4,3.84,0.205,Jayashankar Bhupalpally,TS
2019-01-21,0.0,30.1,15.9,3.92,0.203,Jayashankar Bhupalpally,TS
2019-01-22,0.0,29.2,17.6,4.17,0.199,Jayashankar Bhupalpally,TS
2019-01-23,0.0,29.1,17.5,3.77,0.197,Jayashankar Bhupalpally,TS
2019-01-24,0.0,29.8,18.2,3.88,0.196,Jayashankar Bhupalpally,TS
2019-01-25,0.4,27.9,20.0,2.95,0.199,Jayashankar Bhupalpally,TS
2019-01-26,4.1,27.6,19.2,2.18,0.212,Jayashankar Bhupalpally,TS
2019-01-27,6.0,24.3,19.2,2.06,0.323,Jayashankar Bhupalpally,TS
2019-01-28,5.7,24.9,18.0,2.49,0.348,Jayashankar Bhupalpally,TS
2019-01-29,0.0,24.8,14.4,4.07,0.315,Jayashankar Bhupalpally,TS
2019-01-30,0.0,26.2,12.0,3.84,0.295,Jayashankar Bhupalpally,TS
2019-01-31,0.0,27.5,13.5,3.58,0.281,Jayashankar Bhupalpally,TS
2019-02-01,0.0,28.2,17.4,3.63,0.27,Jayashankar Bhupalpally,TS
2019-02-02,0.0,28.8,16.7,3.82,0.261,Jayashankar Bhupalpally,TS
2019-02-03,0.0,29.4,17.3,3.66,0.252,Jayashankar Bhupalpally,TS
2019-02-04,0.0,30.2,18.0,4.0,0.244,Jayashankar Bhupalpally,TS
2019-02-05,0.0,30.2,18.0,4.15,0.237,Jayashankar Bhupalpally,TS
2019-02-06,0.0,30.9,17.6,4.3,0.231,Jayashankar Bhupalpally,TS
2019-02-07,0.0,30.7,19.8,4.87,0.225,Jayashankar Bhupalpally,TS
2019-02-08,1.4,28.4,19.9,2.68,0.222,Jayashankar Bhupalpally,TS
2019-02-09,0.0,27.8,17.1,4.59,0.217,Jayashankar Bhupalpally,TS
2019-02-10,0.0,29.5,14.0,4.54,0.211,Jayashankar Bhupalpally,TS
2019-02-11,0.0,30.9,16.4,3.86,0.207,Jayashankar Bhupalpally,TS
2019-02-12,0.0,31.4,19.2,4.1,0.205,Jayashankar Bhupalpally,TS
2019-02-13,0.0,31.8,19.6,4.41,0.201,Jayashankar Bhupalpally,TS
2019-02-14,0.0,32.6,19.2,4.89,0.198,Jayashankar Bhupalpally,TS
2019-02-15,0.0,32.0,20.5,5.23,0.194,Jayashankar Bhupalpally,TS
2019-02-16,0.0,31.2,20.2,4.44,0.189,Jayashankar Bhupalpally,TS
2019-02-17,0.0,31.0,21.9,3.82,0.189,Jayashankar Bhupalpally,TS
2019-02-18,0.0,32.3,20.5,4.5,0.186,Jayashankar Bhupalpally,TS
2019-02-19,0.0,34.1,19.5,4.57,0.183,Jayashankar Bhupalpally,TS
2019-02-20,0.0,33.6,22.4,4.83,0.181,Jayashankar Bhupalpally,TS
2019-02-21,0.0,33.6,22.1,4.82,0.177,Jayashankar Bhupalpally,TS
2019-02-22,0.0,35.7,22.9,5.0,0.174,Jayashankar Bhupalpally,TS
2019-02-23,0.0,35.4,23.1,5.12,0.172,Jayashankar Bhupalpally,TS
2019-02-24,0.0,35.9,23.7,6.06,0.166,Jayashankar Bhupalpally,TS
2019-02-25,0.0,34.6,22.7,6.09,0.164,Jayashankar Bhupalpally,TS
2019-02-26,0.0,33.8,20.8,4.94,0.162,Jayashankar Bhupalpally,TS
2019-02-27,2.6,31.0,22.3,3.3,0.167,Jayashankar Bhupalpally,TS
2019-02-28,3.5,30.9,21.1,3.89,0.273,Jayashankar Bhupalpally,TS
2019-03-01,0.0,32.2,20.1,4.14,0.279,Jayashankar Bhupalpally,TS
2019-03-02,0.2,31.6,22.7,4.17,0.265,Jayashankar Bhupalpally,TS
2019-03-03,0.0,32.8,22.8,4.56,0.252,Jayashankar Bhupalpally,TS
2019-03-04,0.0,33.9,23.2,5.3,0.24,Jayashankar Bhupalpally,TS
2019-03-05,0.0,33.9,23.5,5.25,0.229,Jayashankar Bhupalpally,TS
2019-03-06,0.0,33.4,21.4,5.46,0.219,Jayashankar Bhupalpally,TS
2019-03-07,0.0,34.2,20.9,5.26,0.209,Jayashankar Bhupalpally,TS
2019-03-08,0.0,34.3,19.9,5.11,0.202,Jayashankar Bhupalpally,TS
2019-03-09,0.0,34.6,21.2,4.85,0.196,Jayashankar Bhupalpally,TS
2019-03-10,0.0,34.9,23.4,5.25,0.19,Jayashankar Bhupalpally,TS
2019-03-11,0.0,35.0,23.6,5.46,0.182,Jayashankar Bhupalpally,TS
2019-03-12,0.0,34.7,23.9,5.11,0.176,Jayashankar Bhupalpally,TS
2019-03-13,0.0,35.2,23.9,5.85,0.171,Jayashankar Bhupalpally,TS
2019-03-14,0.0,35.9,22.8,6.1,0.167,Jayashankar Bhupalpally,TS
2019-03-15,0.0,36.3,24.1,6.7,0.164,Jayashankar Bhupalpally,TS
2019-03-16,0.0,36.1,23.7,6.81,0.157,Jayashankar Bhupalpally,TS
2019-03-17,0.0,35.7,22.8,5.98,0.153,Jayashankar Bhupalpally,TS
2019-03-18,0.0,34.1,21.9,6.26,0.15,Jayashankar Bhupalpally,TS
2019-03-19,0.0,35.0,22.1,5.46,0.146,Jayashankar Bhupalpally,TS
2019-03-20,0.0,34.4,23.7,5.81,0.138,Jayashankar Bhupalpally,TS
2019-03-21,0.0,34.8,23.8,5.71,0.138,Jayashankar Bhupalpally,TS
2019-03-22,0.2,35.1,23.7,5.31,0.138,Jayashankar Bhupalpally,TS
2019-03-23,0.0,36.3,24.8,5.33,0.138,Jayashankar Bhupalpally,TS
2019-03-24,0.0,36.6,25.2,5.37,0.137,Jayashankar Bhupalpally,TS
2019-03-25,0.0,37.3,24.6,5.57,0.136,Jayashankar Bhupalpally,TS
2019-03-26,0.0,37.3,25.0,6.11,0.137,Jayashankar Bhupalpally,TS
2019-03-27,0.0,37.2,24.9,5.74,0.136,Jayashankar Bhupalpally,TS
2019-03-28,0.0,37.6,24.6,5.89,0.135,Jayashankar Bhupalpally,TS
2019-03-29,0.0,37.8,24.2,6.31,0.133,Jayashankar Bhupalpally,TS
2019-03-30,0.0,38.9,24.8,6.47,0.132,Jayashankar Bhupalpally,TS
2019-03-31,0.0,38.7,25.3,6.47,0.135,Jayashankar Bhupalpally,TS
2019-04-01,0.3,37.2,26.3,6.88,0.138,Jayashankar Bhupalpally,TS
2019-04-02,0.0,37.9,25.2,6.77,0.136,Jayashankar Bhupalpally,TS
2019-04-03,0.0,37.3,24.5,6.31,0.13,Jayashankar Bhupalpally,TS
2019-04-04,0.0,36.7,24.3,6.15,0.131,Jayashankar Bhupalpally,TS
2019-04-05,0.5,35.5,24.3,5.3,0.137,Jayashankar Bhupalpally,TS
2019-04-06,0.0,38.0,25.1,6.65,0.142,Jayashankar Bhupalpally,TS
2019-04-07,0.0,38.4,25.2,6.86,0.14,Jayashankar Bhupalpally,TS
2019-04-08,0.0,37.3,25.0,6.37,0.14,Jayashankar Bhupalpally,TS
2019-04-09,0.1,36.0,25.3,6.07,0.138,Jayashankar Bhupalpally,TS
2019-04-10,0.4,37.2,25.3,5.8,0.137,Jayashankar Bhupalpally,TS
2019-04-11,0.0,38.4,25.3,6.41,0.136,Jayashankar Bhupalpally,TS
2019-04-12,0.0,39.7,26.7,6.52,0.133,Jayashankar Bhupalpally,TS
2019-04-13,0.0,39.3,25.6,6.2,0.131,Jayashankar Bhupalpally,TS
2019-04-14,0.0,38.8,26.5,6.56,0.124,Jayashankar Bhupalpally,TS
2019-04-15,0.0,39.2,26.6,7.11,0.123,Jayashankar Bhupalpally,TS
2019-04-16,0.0,38.2,25.2,6.68,0.111,Jayashankar Bhupalpally,TS
2019-04-17,0.0,37.6,24.3,6.43,0.108,Jayashankar Bhupalpally,TS
2019-04-18,0.1,36.8,26.4,5.84,0.111,Jayashankar Bhupalpally,TS
2019-04-19,0.9,37.1,25.8,6.11,0.117,Jayashankar Bhupalpally,TS
2019-04-20,0.2,37.1,26.9,5.81,0.119,Jayashankar Bhupalpally,TS
2019-04-21,0.0,36.2,26.5,5.52,0.119,Jayashankar Bhupalpally,TS
2019-04-22,0.1,37.4,26.5,5.62,0.118,Jayashankar Bhupalpally,TS
2019-04-23,0.0,38.8,26.4,6.15,0.122,Jayashankar Bhupalpally,TS
2019-04-24,0.0,39.2,26.5,6.29,0.125,Jayashankar Bhupalpally,TS
2019-04-25,0.0,39.8,26.9,6.49,0.126,Jayashankar Bhupalpally,TS
2019-04-26,0.0,40.2,26.8,6.66,0.123,Jayashankar Bhupalpally,TS
2019-04-27,0.0,40.4,27.8,6.79,0.12,Jayashankar Bhupalpally,TS
2019-04-28,0.0,40.3,27.4,6.8,0.118,Jayashankar Bhupalpally,TS
2019-04-29,0.0,39.5,27.5,6.71,0.12,Jayashankar Bhupalpally,TS
2019-04-30,0.0,40.0,27.6,6.52,0.119,Jayashankar Bhupalpally,TS
2019-05-01,0.0,38.9,27.9,6.1,0.119,Jayashankar Bhupalpally,TS
2019-05-02,0.0,41.1,28.5,6.59,0.122,Jayashankar Bhupalpally,TS
2019-05-03,0.0,39.4,27.9,6.08,0.125,Jayashankar Bhupalpally,TS
2019-05-04,0.0,40.9,28.6,8.53,0.127,Jayashankar Bhupalpally,TS
2019-05-05,0.0,40.7,27.1,7.67,0.127,Jayashankar Bhupalpally,TS
2019-05-06,0.0,40.9,27.0,6.87,0.126,Jayashankar Bhupalpally,TS
2019-05-07,0.0,39.3,28.6,6.31,0.124,Jayashankar Bhupalpally,TS
2019-05-08,0.0,40.4,28.5,5.97,0.125,Jayashankar Bhupalpally,TS
2019-05-09,0.0,41.6,28.0,8.19,0.126,Jayashankar Bhupalpally,TS
2019-05-10,0.0,41.4,28.9,6.89,0.13,Jayashankar Bhupalpally,TS
2019-05-11,4.7,38.7,28.9,5.7,0.145,Jayashankar Bhupalpally,TS
2019-05-12,1.2,37.0,28.5,5.74,0.137,Jayashankar Bhupalpally,TS
2019-05-13,2.4,37.4,28.5,6.27,0.139,Jayashankar Bhupalpally,TS
2019-05-14,0.0,39.3,28.5,6.06,0.132,Jayashankar Bhupalpally,TS
2019-05-15,0.0,40.0,28.4,6.9,0.133,Jayashankar Bhupalpally,TS
2019-05-16,0.0,39.4,28.5,6.57,0.133,Jayashankar Bhupalpally,TS
2019-05-17,0.0,39.7,28.5,6.72,0.13,Jayashankar Bhupalpally,TS
2019-05-18,0.1,40.7,28.6,6.65,0.14,Jayashankar Bhupalpally,TS
2019-05-19,0.0,39.8,28.7,5.97,0.138,Jayashankar Bhupalpally,TS
2019-05-20,0.0,40.0,28.9,6.7,0.136,Jayashankar Bhupalpally,TS
2019-05-21,0.0,39.8,28.3,6.93,0.135,Jayashankar Bhupalpally,TS
2019-05-22,0.0,40.1,28.2,7.04,0.13,Jayashankar Bhupalpally,TS
2019-05-23,0.1,39.8,28.6,7.17,0.128,Jayashankar Bhupalpally,TS
2019-05-24,0.0,40.8,28.1,6.93,0.128,Jayashankar Bhupalpally,TS
2019-05-25,0.0,41.1,29.0,6.95,0.129,Jayashankar Bhupalpally,TS
2019-05-26,0.0,41.3,29.7,6.77,0.13,Jayashankar Bhupalpally,TS
2019-05-27,0.0,42.4,30.7,7.59,0.13,Jayashankar Bhupalpally,TS
2019-05-28,0.0,41.5,29.7,7.25,0.13,Jayashankar Bhupalpally,TS
2019-05-29,0.0,41.1,29.8,7.38,0.129,Jayashankar Bhupalpally,TS
2019-05-30,0.0,40.3,29.0,6.58,0.126,Jayashankar Bhupalpally,TS
2019-05-31,0.0,39.2,29.1,6.5,0.127,Jayashankar Bhupalpally,TS
2019-06-01,0.0,37.9,29.0,5.61,0.127,Jayashankar Bhupalpally,TS
2019-06-02,0.6,39.9,30.8,5.88,0.133,Jayashankar Bhupalpally,TS
2019-06-03,0.6,40.3,29.9,6.84,0.134,Jayashankar Bhupalpally,TS
2019-06-04,0.0,38.9,28.3,6.27,0.143,Jayashankar Bhupalpally,TS
2019-06-05,0.0,40.7,29.5,7.08,0.141,Jayashankar Bhupalpally,TS
2019-06-06,0.0,40.7,29.8,7.29,0.134,Jayashankar Bhupalpally,TS
2019-06-07,0.0,39.8,28.7,6.25,0.138,Jayashankar Bhupalpally,TS
2019-06-08,0.0,39.1,28.7,6.58,0.143,Jayashankar Bhupalpally,TS
2019-06-09,0.2,39.1,30.6,5.49,0.144,Jayashankar Bhupalpally,TS
2019-06-10,0.1,40.1,31.2,7.51,0.14,Jayashankar Bhupalpally,TS
2019-06-11,0.0,39.9,28.6,7.43,0.137,Jayashankar Bhupalpally,TS
2019-06-12,0.0,39.4,31.0,7.69,0.127,Jayashankar Bhupalpally,TS
2019-06-13,0.0,38.6,30.4,7.93,0.127,Jayashankar Bhupalpally,TS
2019-06-14,0.0,38.1,30.1,7.33,0.126,Jayashankar Bhupalpally,TS
2019-06-15,0.0,39.4,31.7,8.42,0.125,Jayashankar Bhupalpally,TS
2019-06-16,0.0,39.0,32.1,7.81,0.126,Jayashankar Bhupalpally,TS
2019-06-17,3.2,36.5,27.0,3.88,0.146,Jayashankar Bhupalpally,TS
2019-06-18,0.0,37.6,27.1,6.34,0.162,Jayashankar Bhupalpally,TS
2019-06-19,0.0,39.4,29.5,7.12,0.151,Jayashankar Bhupalpally,TS
2019-06-20,14.4,37.0,26.8,5.65,0.17,Jayashankar Bhupalpally,TS
2019-06-21,6.7,32.3,26.8,3.1,0.282,Jayashankar Bhupalpally,TS
2019-06-22,5.0,31.1,25.5,2.87,0.284,Jayashankar Bhupalpally,TS
2019-06-23,1.0,31.0,26.1,2.7,0.288,Jayashankar Bhupalpally,TS
2019-06-24,2.2,33.8,25.4,4.83,0.277,Jayashankar Bhupalpally,TS
2019-06-25,1.3,34.7,26.5,5.51,0.246,Jayashankar Bhupalpally,TS
2019-06-26,4.1,35.8,26.5,5.33,0.231,Jayashankar Bhupalpally,TS
2019-06-27,0.6,36.3,28.3,5.23,0.221,Jayashankar Bhupalpally,TS
2019-06-28,2.9,34.5,27.0,4.48,0.213,Jayashankar Bhupalpally,TS
2019-06-29,12.3,29.4,26.0,2.46,0.318,Jayashankar Bhupalpally,TS
2019-06-30,35.5,29.2,24.9,2.34,0.355,Jayashankar Bhupalpally,TS
2019-07-01,13.1,29.1,24.5,2.44,0.379,Jayashankar Bhupalpally,TS
2019-07-02,5.0,30.5,25.0,2.62,0.363,Jayashankar Bhupalpally,TS
2019-07-03,4.3,31.1,24.0,4.16,0.356,Jayashankar Bhupalpally,TS
2019-07-04,1.5,33.7,26.4,5.28,0.316,Jayashankar Bhupalpally,TS
2019-07-05,3.0,30.2,26.4,2.67,0.312,Jayashankar Bhupalpally,TS
2019-07-06,4.5,31.4,25.2,3.48,0.35,Jayashankar Bhupalpally,TS
2019-07-07,0.6,33.2,25.7,4.96,0.331,Jayashankar Bhupalpally,TS
2019-07-08,2.8,33.4,26.5,4.81,0.314,Jayashankar Bhupalpally,TS
2019-07-09,5.4,31.9,25.4,2.68,0.35,Jayashankar Bhupalpally,TS
2019-07-10,1.6,32.6,25.6,4.1,0.35,Jayashankar Bhupalpally,TS
2019-07-11,0.3,32.9,26.8,5.3,0.333,Jayashankar Bhupalpally,TS
2019-07-12,1.4,32.9,25.3,4.81,0.353,Jayashankar Bhupalpally,TS
2019-07-13,4.3,33.2,26.7,4.33,0.331,Jayashankar Bhupalpally,TS
2019-07-14,4.8,31.3,25.1,2.77,0.347,Jayashankar Bhupalpally,TS
2019-07-15,1.1,33.8,25.9,5.45,0.327,Jayashankar Bhupalpally,TS
2019-07-16,0.2,34.6,26.9,5.55,0.312,Jayashankar Bhupalpally,TS
2019-07-17,0.1,34.5,27.7,5.63,0.293,Jayashankar Bhupalpally,TS
2019-07-18,7.2,34.5,27.7,4.3,0.309,Jayashankar Bhupalpally,TS
2019-07-19,25.0,31.4,25.3,3.11,0.387,Jayashankar Bhupalpally,TS
2019-07-20,19.3,32.0,25.5,3.8,0.395,Jayashankar Bhupalpally,TS
2019-07-21,2.2,32.7,26.0,4.55,0.361,Jayashankar Bhupalpally,TS
2019-07-22,1.8,33.3,25.3,4.88,0.351,Jayashankar Bhupalpally,TS
2019-07-23,1.0,33.3,26.0,4.58,0.336,Jayashankar Bhupalpally,TS
2019-07-24,0.0,34.1,26.3,5.28,0.32,Jayashankar Bhupalpally,TS
2019-07-25,15.1,31.8,25.7,3.58,0.344,Jayashankar Bhupalpally,TS
2019-07-26,49.0,26.3,25.0,1.17,0.427,Jayashankar Bhupalpally,TS
2019-07-27,20.1,27.8,24.2,1.82,0.424,Jayashankar Bhupalpally,TS
2019-07-28,39.7,26.8,24.1,1.49,0.427,Jayashankar Bhupalpally,TS
2019-07-29,18.1,27.7,24.3,2.18,0.425,Jayashankar Bhupalpally,TS
2019-07-30,10.2,30.1,23.8,3.67,0.414,Jayashankar Bhupalpally,TS
2019-07-31,1.1,30.8,24.3,3.75,0.398,Jayashankar Bhupalpally,TS
2019-08-01,9.4,29.0,24.9,2.39,0.402,Jayashankar Bhupalpally,TS
2019-08-02,64.1,25.6,24.0,1.36,0.43,Jayashankar Bhupalpally,TS
2019-08-03,40.4,27.8,23.7,2.36,0.427,Jayashankar Bhupalpally,TS
2019-08-04,20.3,29.8,23.7,2.48,0.426,Jayashankar Bhupalpally,TS
2019-08-05,4.8,30.9,24.4,4.2,0.417,Jayashankar Bhupalpally,TS
2019-08-06,57.6,28.9,24.5,2.16,0.428,Jayashankar Bhupalpally,TS
2019-08-07,59.9,25.9,24.3,1.32,0.429,Jayashankar Bhupalpally,TS
2019-08-08,10.0,29.4,24.1,2.84,0.424,Jayashankar Bhupalpally,TS
2019-08-09,0.9,31.9,25.8,4.78,0.408,Jayashankar Bhupalpally,TS
2019-08-10,0.8,32.3,25.0,4.95,0.395,Jayashankar Bhupalpally,TS
2019-08-11,0.0,31.6,26.1,5.07,0.383,Jayashankar Bhupalpally,TS
2019-08-12,2.8,30.8,26.1,3.56,0.379,Jayashankar Bhupalpally,TS
2019-08-13,9.5,28.9,25.3,1.83,0.414,Jayashankar Bhupalpally,TS
2019-08-14,2.6,31.0,24.8,3.28,0.41,Jayashankar Bhupalpally,TS
2019-08-15,3.8,32.1,24.6,4.38,0.405,Jayashankar Bhupalpally,TS
2019-08-16,2.8,32.0,25.6,4.16,0.388,Jayashankar Bhupalpally,TS
2019-08-17,9.9,30.1,25.4,2.87,0.4,Jayashankar Bhupalpally,TS
2019-08-18,4.2,29.3,25.8,2.64,0.403,Jayashankar Bhupalpally,TS
2019-08-19,0.7,32.4,24.9,4.44,0.381,Jayashankar Bhupalpally,TS
2019-08-20,11.7,29.3,25.8,2.99,0.396,Jayashankar Bhupalpally,TS
2019-08-21,24.5,28.8,25.3,2.32,0.422,Jayashankar Bhupalpally,TS
2019-08-22,8.6,29.2,24.8,3.03,0.416,Jayashankar Bhupalpally,TS
2019-08-23,42.3,25.9,24.3,0.98,0.429,Jayashankar Bhupalpally,TS
2019-08-24,10.7,30.1,24.4,3.06,0.422,Jayashankar Bhupalpally,TS
2019-08-25,2.3,30.1,24.8,3.57,0.413,Jayashankar Bhupalpally,TS
2019-08-26,1.1,30.8,24.2,3.15,0.415,Jayashankar Bhupalpally,TS
2019-08-27,0.0,32.6,24.2,5.35,0.397,Jayashankar Bhupalpally,TS
2019-08-28,0.2,32.3,24.6,4.99,0.383,Jayashankar Bhupalpally,TS
2019-08-29,0.5,32.8,25.4,4.91,0.366,Jayashankar Bhupalpally,TS
2019-08-30,4.9,31.2,25.6,3.6,0.364,Jayashankar Bhupalpally,TS
2019-08-31,15.2,30.1,25.3,2.75,0.399,Jayashankar Bhupalpally,TS
2019-09-01,16.4,30.1,24.6,3.0,0.411,Jayashankar Bhupalpally,TS
2019-09-02,17.6,26.6,23.9,2.13,0.426,Jayashankar Bhupalpally,TS
2019-09-03,15.8,27.1,23.8,1.41,0.427,Jayashankar Bhupalpally,TS
2019-09-04,10.1,29.7,24.4,3.17,0.425,Jayashankar Bhupalpally,TS
2019-09-05,6.6,30.5,24.4,3.76,0.416,Jayashankar Bhupalpally,TS
2019-09-06,16.6,27.6,24.8,1.52,0.425,Jayashankar Bhupalpally,TS
2019-09-07,13.6,28.1,24.5,1.8,0.424,Jayashankar Bhupalpally,TS
2019-09-08,1.6,30.5,25.0,3.76,0.411,Jayashankar Bhupalpally,TS
2019-09-09,1.3,31.5,25.0,4.45,0.406,Jayashankar Bhupalpally,TS
2019-09-10,0.1,31.7,25.6,4.45,0.388,Jayashankar Bhupalpally,TS
2019-09-11,0.2,30.9,25.8,3.66,0.387,Jayashankar Bhupalpally,TS
2019-09-12,4.0,30.2,24.8,3.62,0.407,Jayashankar Bhupalpally,TS
2019-09-13,1.0,30.8,24.8,3.96,0.4,Jayashankar Bhupalpally,TS
2019-09-14,1.8,31.3,24.9,4.25,0.388,Jayashankar Bhupalpally,TS
2019-09-15,8.3,30.8,24.7,3.82,0.394,Jayashankar Bhupalpally,TS
2019-09-16,7.6,30.9,25.4,3.64,0.396,Jayashankar Bhupalpally,TS
2019-09-17,11.8,30.7,25.2,3.41,0.417,Jayashankar Bhupalpally,TS
2019-09-18,7.5,30.9,24.8,3.26,0.417,Jayashankar Bhupalpally,TS
2019-09-19,11.3,30.1,24.7,3.28,0.424,Jayashankar Bhupalpally,TS
2019-09-20,22.5,30.5,23.9,3.6,0.424,Jayashankar Bhupalpally,TS
2019-09-21,7.0,30.2,24.4,3.33,0.421,Jayashankar Bhupalpally,TS
2019-09-22,5.5,31.2,23.9,3.73,0.419,Jayashankar Bhupalpally,TS
2019-09-23,6.0,29.7,24.5,3.11,0.414,Jayashankar Bhupalpally,TS
2019-09-24,14.7,28.4,24.1,2.39,0.422,Jayashankar Bhupalpally,TS
2019-09-25,6.6,28.7,23.9,2.4,0.418,Jayashankar Bhupalpally,TS
2019-09-26,1.5,29.7,24.6,3.24,0.406,Jayashankar Bhupalpally,TS
2019-09-27,3.4,30.1,24.3,3.05,0.403,Jayashankar Bhupalpally,TS
2019-09-28,1.1,30.6,24.4,3.75,0.391,Jayashankar Bhupalpally,TS
2019-09-29,1.5,31.1,24.6,4.2,0.372,Jayashankar Bhupalpally,TS
2019-09-30,1.2,31.2,24.4,4.02,0.359,Jayashankar Bhupalpally,TS
2019-10-01,15.9,30.7,24.2,3.34,0.392,Jayashankar Bhupalpally,TS
2019-10-02,7.5,30.7,24.6,3.19,0.386,Jayashankar Bhupalpally,TS
2019-10-03,5.7,28.7,24.7,2.76,0.381,Jayashankar Bhupalpally,TS
2019-10-04,2.8,30.7,24.2,3.2,0.372,Jayashankar Bhupalpally,TS
2019-10-05,1.0,31.2,23.8,3.55,0.353,Jayashankar Bhupalpally,TS
2019-10-06,4.6,29.7,24.1,2.94,0.356,Jayashankar Bhupalpally,TS
2019-10-07,1.9,31.1,23.6,3.32,0.338,Jayashankar Bhupalpally,TS
2019-10-08,6.0,29.4,24.5,2.88,0.34,Jayashankar Bhupalpally,TS
2019-10-09,4.4,29.4,23.8,2.84,0.363,Jayashankar Bhupalpally,TS
2019-10-10,11.2,29.9,23.3,3.2,0.373,Jayashankar Bhupalpally,TS
2019-10-11,9.3,28.9,23.3,2.49,0.382,Jayashankar Bhupalpally,TS
2019-10-12,12.0,29.1,23.2,3.06,0.383,Jayashankar Bhupalpally,TS
2019-10-13,0.8,30.6,23.2,3.25,0.356,Jayashankar Bhupalpally,TS
2019-10-14,3.6,30.3,24.2,3.59,0.345,Jayashankar Bhupalpally,TS
2019-10-15,2.1,30.7,24.4,3.27,0.336,Jayashankar Bhupalpally,TS
2019-10-16,6.4,29.1,24.0,2.62,0.355,Jayashankar Bhupalpally,TS
2019-10-17,9.5,29.4,23.6,2.48,0.388,Jayashankar Bhupalpally,TS
2019-10-18,6.6,30.7,22.8,3.63,0.387,Jayashankar Bhupalpally,TS
2019-10-19,10.3,29.8,23.3,3.45,0.41,Jayashankar Bhupalpally,TS
2019-10-20,9.5,28.4,23.2,2.48,0.418,Jayashankar Bhupalpally,TS
2019-10-21,2.2,30.1,22.8,3.23,0.407,Jayashankar Bhupalpally,TS
2019-10-22,8.3,28.4,23.9,2.13,0.403,Jayashankar Bhupalpally,TS
2019-10-23,18.4,26.7,24.0,1.22,0.416,Jayashankar Bhupalpally,TS
2019-10-24,7.8,29.6,23.8,2.63,0.401,Jayashankar Bhupalpally,TS
2019-10-25,5.3,28.3,23.3,2.52,0.403,Jayashankar Bhupalpally,TS
2019-10-26,9.3,28.6,23.9,2.56,0.402,Jayashankar Bhupalpally,TS
2019-10-27,13.9,29.9,23.0,3.0,0.393,Jayashankar Bhupalpally,TS
2019-10-28,3.2,30.7,23.2,3.63,0.391,Jayashankar Bhupalpally,TS
2019-10-29,6.8,29.1,23.7,2.72,0.393,Jayashankar Bhupalpally,TS
2019-10-30,2.8,29.7,23.3,2.92,0.375,Jayashankar Bhupalpally,TS
2019-10-31,7.3,28.5,23.8,1.97,0.38,Jayashankar Bhupalpally,TS
2019-11-01,5.8,29.6,23.4,2.77,0.375,Jayashankar Bhupalpally,TS
2019-11-02,8.6,29.6,23.4,2.62,0.364,Jayashankar Bhupalpally,TS
2019-11-03,0.1,30.9,23.1,3.62,0.339,Jayashankar Bhupalpally,TS
2019-11-04,0.0,31.8,22.7,4.13,0.322,Jayashankar Bhupalpally,TS
2019-11-05,0.0,31.5,23.2,3.98,0.309,Jayashankar Bhupalpally,TS
2019-11-06,0.3,30.6,22.9,3.69,0.294,Jayashankar Bhupalpally,TS
2019-11-07,0.0,31.0,22.4,3.74,0.279,Jayashankar Bhupalpally,TS
2019-11-08,0.0,31.3,22.0,3.94,0.267,Jayashankar Bhupalpally,TS
2019-11-09,0.0,30.8,21.3,4.33,0.264,Jayashankar Bhupalpally,TS
2019-11-10,0.0,31.3,20.0,4.14,0.254,Jayashankar Bhupalpally,TS
2019-11-11,0.0,30.8,21.9,3.75,0.248,Jayashankar Bhupalpally,TS
2019-11-12,0.0,30.5,20.8,3.71,0.245,Jayashankar Bhupalpally,TS
2019-11-13,0.0,30.1,20.1,3.89,0.248,Jayashankar Bhupalpally,TS
2019-11-14,0.0,29.8,20.8,3.81,0.246,Jayashankar Bhupalpally,TS
2019-11-15,0.0,30.3,21.3,3.56,0.246,Jayashankar Bhupalpally,TS
2019-11-16,0.0,31.3,21.6,3.76,0.243,Jayashankar Bhupalpally,TS
2019-11-17,0.0,32.0,21.1,4.09,0.233,Jayashankar Bhupalpally,TS
2019-11-18,0.0,31.5,20.8,4.05,0.229,Jayashankar Bhupalpally,TS
2019-11-19,0.0,31.0,21.2,3.73,0.231,Jayashankar Bhupalpally,TS
2019-11-20,0.0,29.8,21.7,3.12,0.229,Jayashankar Bhupalpally,TS
2019-11-21,0.0,30.0,21.4,3.22,0.228,Jayashankar Bhupalpally,TS
2019-11-22,0.0,29.7,20.9,3.54,0.228,Jayashankar Bhupalpally,TS
2019-11-23,0.0,30.1,19.8,3.78,0.229,Jayashankar Bhupalpally,TS
2019-11-24,0.0,29.3,19.4,3.56,0.228,Jayashankar Bhupalpally,TS
2019-11-25,0.0,30.6,20.6,3.71,0.218,Jayashankar Bhupalpally,TS
2019-11-26,0.0,29.7,19.3,3.59,0.213,Jayashankar Bhupalpally,TS
2019-11-27,0.0,29.5,20.0,3.41,0.212,Jayashankar Bhupalpally,TS
2019-11-28,0.0,29.8,19.4,3.23,0.212,Jayashankar Bhupalpally,TS
2019-11-29,0.0,29.9,20.7,3.34,0.214,Jayashankar Bhupalpally,TS
2019-11-30,0.0,30.3,20.5,3.26,0.21,Jayashankar Bhupalpally,TS
2019-12-01,0.1,29.6,22.4,3.06,0.208,Jayashankar Bhupalpally,TS
2019-12-02,7.2,24.0,22.8,0.86,0.25,Jayashankar Bhupalpally,TS
2019-12-03,0.0,27.9,21.9,2.22,0.274,Jayashankar Bhupalpally,TS
2019-12-04,0.0,29.3,19.7,3.32,0.267,Jayashankar Bhupalpally,TS
2019-12-05,0.1,27.6,20.7,2.76,0.26,Jayashankar Bhupalpally,TS
2019-12-06,0.0,27.0,20.2,2.51,0.255,Jayashankar Bhupalpally,TS
2019-12-07,0.0,28.0,17.9,3.32,0.249,Jayashankar Bhupalpally,TS
2019-12-08,0.0,28.0,19.5,2.69,0.243,Jayashankar Bhupalpally,TS
2019-12-09,0.1,28.3,20.7,2.83,0.238,Jayashankar Bhupalpally,TS
2019-12-10,0.1,27.8,19.9,2.95,0.234,Jayashankar Bhupalpally,TS
2019-12-11,0.0,27.9,20.4,3.02,0.229,Jayashankar Bhupalpally,TS
2019-12-12,0.1,28.5,19.0,3.35,0.226,Jayashankar Bhupalpally,TS
2019-12-13,0.0,29.2,20.0,3.46,0.222,Jayashankar Bhupalpally,TS
2019-12-14,0.0,29.6,20.1,3.4,0.218,Jayashankar Bhupalpally,TS
2019-12-15,0.0,29.4,20.2,3.42,0.211,Jayashankar Bhupalpally,TS
2019-12-16,0.2,29.3,20.0,3.11,0.212,Jayashankar Bhupalpally,TS
2019-12-17,0.0,29.0,19.4,3.2,0.211,Jayashankar Bhupalpally,TS
2019-12-18,0.0,27.9,19.7,2.61,0.21,Jayashankar Bhupalpally,TS
2019-12-19,0.0,27.9,18.6,2.8,0.208,Jayashankar Bhupalpally,TS
2019-12-20,0.0,28.9,17.7,3.41,0.206,Jayashankar Bhupalpally,TS
2019-12-21,0.0,28.3,18.4,2.99,0.205,Jayashankar Bhupalpally,TS
2019-12-22,0.0,27.8,18.9,2.67,0.204,Jayashankar Bhupalpally,TS
2019-12-23,0.0,26.1,19.1,2.01,0.205,Jayashankar Bhupalpally,TS
2019-12-24,0.0,27.2,19.2,2.32,0.205,Jayashankar Bhupalpally,TS
2019-12-25,0.0,29.3,19.5,3.41,0.205,Jayashankar Bhupalpally,TS
2019-12-26,0.0,26.9,21.0,1.96,0.207,Jayashankar Bhupalpally,TS
2019-12-27,0.9,25.9,19.7,2.34,0.216,Jayashankar Bhupalpally,TS
2019-12-28,0.2,25.6,17.7,2.45,0.22,Jayashankar Bhupalpally,TS
2019-12-29,0.0,26.0,15.8,3.14,0.217,Jayashankar Bhupalpally,TS
2019-12-30,0.0,27.4,16.0,3.01,0.214,Jayashankar Bhupalpally,TS
2019-12-31,0.0,28.0,18.6,3.32,0.212,Jayashankar Bhupalpally,TS
2020-01-01,3.0,29.0,19.9,2.99,0.213,Jayashankar Bhupalpally,TS
2020-01-02,2.0,28.6,20.5,3.11,0.214,Jayashankar Bhupalpally,TS
2020-01-03,11.8,25.9,19.1,1.73,0.262,Jayashankar Bhupalpally,TS
2020-01-04,0.7,25.1,19.0,1.79,0.321,Jayashankar Bhupalpally,TS
2020-01-05,0.0,27.1,18.3,3.21,0.3,Jayashankar Bhupalpally,TS
2020-01-06,0.0,28.9,17.7,2.96,0.282,Jayashankar Bhupalpally,TS
2020-01-07,0.0,28.2,20.6,2.68,0.273,Jayashankar Bhupalpally,TS
2020-01-08,0.0,28.9,19.8,3.38,0.263,Jayashankar Bhupalpally,TS
2020-01-09,0.1,26.7,20.3,1.95,0.254,Jayashankar Bhupalpally,TS
2020-01-10,0.2,26.9,19.2,2.43,0.251,Jayashankar Bhupalpally,TS
2020-01-11,0.0,27.7,16.4,3.65,0.24,Jayashankar Bhupalpally,TS
2020-01-12,0.0,27.3,15.0,3.66,0.231,Jayashankar Bhupalpally,TS
2020-01-13,0.0,28.4,15.3,3.59,0.222,Jayashankar Bhupalpally,TS
2020-01-14,0.0,29.0,16.1,3.41,0.217,Jayashankar Bhupalpally,TS
2020-01-15,0.0,29.2,18.8,4.01,0.211,Jayashankar Bhupalpally,TS
2020-01-16,0.0,28.7,17.9,4.01,0.207,Jayashankar Bhupalpally,TS
2020-01-17,0.0,28.9,19.6,3.43,0.203,Jayashankar Bhupalpally,TS
2020-01-18,0.0,30.3,20.5,3.6,0.2,Jayashankar Bhupalpally,TS
2020-01-19,0.6,27.9,20.6,2.43,0.2,Jayashankar Bhupalpally,TS
2020-01-20,0.2,28.6,19.5,2.99,0.197,Jayashankar Bhupalpally,TS
2020-01-21,0.0,29.8,19.4,3.41,0.2,Jayashankar Bhupalpally,TS
2020-01-22,0.0,30.4,20.3,3.9,0.2,Jayashankar Bhupalpally,TS
2020-01-23,0.0,30.1,19.3,3.78,0.198,Jayashankar Bhupalpally,TS
2020-01-24,0.0,30.4,19.2,3.74,0.197,Jayashankar Bhupalpally,TS
2020-01-25,0.0,30.6,18.9,3.98,0.193,Jayashankar Bhupalpally,TS
2020-01-26,0.0,30.7,20.0,3.94,0.19,Jayashankar Bhupalpally,TS
2020-01-27,0.0,31.8,19.6,4.1,0.189,Jayashankar Bhupalpally,TS
2020-01-28,0.0,30.5,21.5,4.34,0.187,Jayashankar Bhupalpally,TS
2020-01-29,0.9,29.6,21.9,3.45,0.193,Jayashankar Bhupalpally,TS
2020-01-30,0.4,29.8,20.2,3.64,0.198,Jayashankar Bhupalpally,TS
2020-01-31,0.0,30.5,17.4,3.95,0.197,Jayashankar Bhupalpally,TS
2020-02-01,1.0,29.1,20.2,3.03,0.201,Jayashankar Bhupalpally,TS
2020-02-02,0.5,29.1,20.5,3.13,0.211,Jayashankar Bhupalpally,TS
2020-02-03,0.0,30.6,20.6,3.5,0.213,Jayashankar Bhupalpally,TS
2020-02-04,0.0,30.4,21.7,4.11,0.208,Jayashankar Bhupalpally,TS
2020-02-05,0.0,30.2,21.0,3.45,0.203,Jayashankar Bhupalpally,TS
2020-02-06,0.0,31.3,19.8,4.08,0.198,Jayashankar Bhupalpally,TS
2020-02-07,0.0,29.1,21.3,3.23,0.195,Jayashankar Bhupalpally,TS
2020-02-08,28.5,25.7,20.8,1.92,0.256,Jayashankar Bhupalpally,TS
2020-02-09,18.5,25.8,19.5,2.43,0.38,Jayashankar Bhupalpally,TS
2020-02-10,0.8,26.9,18.9,2.94,0.348,Jayashankar Bhupalpally,TS
2020-02-11,0.1,27.9,20.8,2.67,0.333,Jayashankar Bhupalpally,TS
2020-02-12,0.3,29.1,20.6,3.18,0.323,Jayashankar Bhupalpally,TS
2020-02-13,0.0,29.7,18.4,4.5,0.312,Jayashankar Bhupalpally,TS
2020-02-14,0.0,30.8,17.5,4.58,0.3,Jayashankar Bhupalpally,TS
2020-02-15,0.0,31.6,17.5,4.48,0.29,Jayashankar Bhupalpally,TS
2020-02-16,0.0,31.7,18.5,4.52,0.283,Jayashankar Bhupalpally,TS
2020-02-17,0.0,31.5,19.4,4.6,0.276,Jayashankar Bhupalpally,TS
2020-02-18,0.0,31.6,17.0,4.56,0.269,Jayashankar Bhupalpally,TS
2020-02-19,0.0,31.7,19.4,4.42,0.262,Jayashankar Bhupalpally,TS
2020-02-20,0.0,31.8,21.0,4.57,0.256,Jayashankar Bhupalpally,TS
2020-02-21,0.0,31.6,20.4,4.76,0.251,Jayashankar Bhupalpally,TS
2020-02-22,0.0,32.2,19.4,4.76,0.246,Jayashankar Bhupalpally,TS
2020-02-23,0.0,31.9,20.4,4.85,0.241,Jayashankar Bhupalpally,TS
2020-02-24,0.0,32.1,21.5,5.21,0.237,Jayashankar Bhupalpally,TS
2020-02-25,0.7,30.4,21.3,3.7,0.235,Jayashankar Bhupalpally,TS
2020-02-26,0.2,31.0,19.8,4.76,0.234,Jayashankar Bhupalpally,TS
2020-02-27,0.0,31.2,17.1,4.96,0.23,Jayashankar Bhupalpally,TS
2020-02-28,0.0,31.0,19.4,4.08,0.225,Jayashankar Bhupalpally,TS
2020-02-29,0.0,30.9,20.3,4.24,0.223,Jayashankar Bhupalpally,TS
2020-03-01,0.0,30.8,21.2,4.34,0.221,Jayashankar Bhupalpally,TS
2020-03-02,0.0,30.4,21.5,3.94,0.222,Jayashankar Bhupalpally,TS
2020-03-03,0.0,32.0,21.9,4.71,0.221,Jayashankar Bhupalpally,TS
2020-03-04,0.3,32.5,22.8,5.11,0.22,Jayashankar Bhupalpally,TS
2020-03-05,0.2,32.0,22.5,4.38,0.221,Jayashankar Bhupalpally,TS
2020-03-06,2.4,30.1,22.8,3.98,0.23,Jayashankar Bhupalpally,TS
2020-03-07,1.5,30.3,22.6,3.65,0.242,Jayashankar Bhupalpally,TS
2020-03-08,0.8,31.5,22.2,3.91,0.251,Jayashankar Bhupalpally,TS
2020-03-09,1.6,30.1,22.2,3.25,0.297,Jayashankar Bhupalpally,TS
2020-03-10,0.0,33.0,23.0,5.22,0.288,Jayashankar Bhupalpally,TS
2020-03-11,0.8,31.0,22.6,3.68,0.274,Jayashankar Bhupalpally,TS
2020-03-12,0.2,32.2,22.8,4.26,0.262,Jayashankar Bhupalpally,TS
2020-03-13,0.2,33.3,22.1,5.02,0.249,Jayashankar Bhupalpally,TS
2020-03-14,0.0,32.7,21.0,4.36,0.239,Jayashankar Bhupalpally,TS
2020-03-15,0.0,33.9,22.2,5.06,0.23,Jayashankar Bhupalpally,TS
2020-03-16,0.0,34.4,22.8,5.15,0.221,Jayashankar Bhupalpally,TS
2020-03-17,0.0,35.2,24.0,5.46,0.214,Jayashankar Bhupalpally,TS
2020-03-18,0.0,34.8,22.7,5.4,0.204,Jayashankar Bhupalpally,TS
2020-03-19,0.5,33.5,23.4,4.6,0.2,Jayashankar Bhupalpally,TS
2020-03-20,0.0,34.5,23.6,5.56,0.197,Jayashankar Bhupalpally,TS
2020-03-21,0.9,33.7,23.5,4.85,0.191,Jayashankar Bhupalpally,TS
2020-03-22,0.0,33.9,23.8,4.88,0.186,Jayashankar Bhupalpally,TS
2020-03-23,0.0,33.7,23.6,4.82,0.182,Jayashankar Bhupalpally,TS
2020-03-24,0.0,34.7,23.7,5.29,0.178,Jayashankar Bhupalpally,TS
2020-03-25,0.1,35.3,24.5,5.39,0.175,Jayashankar Bhupalpally,TS
2020-03-26,0.3,34.8,24.6,5.15,0.175,Jayashankar Bhupalpally,TS
2020-03-27,0.0,36.2,25.1,5.97,0.17,Jayashankar Bhupalpally,TS
2020-03-28,0.0,36.1,25.1,5.95,0.164,Jayashankar Bhupalpally,TS
2020-03-29,0.0,36.8,24.7,5.81,0.161,Jayashankar Bhupalpally,TS
2020-03-30,0.0,36.6,24.5,5.48,0.158,Jayashankar Bhupalpally,TS
2020-03-31,0.0,36.7,25.2,5.74,0.158,Jayashankar Bhupalpally,TS
2020-04-01,0.0,36.8,26.0,5.68,0.161,Jayashankar Bhupalpally,TS
2020-04-02,0.0,37.3,26.1,5.61,0.16,Jayashankar Bhupalpally,TS
2020-04-03,0.0,36.5,26.2,5.05,0.161,Jayashankar Bhupalpally,TS
2020-04-04,0.0,34.2,25.7,4.17,0.166,Jayashankar Bhupalpally,TS
2020-04-05,0.0,36.5,24.7,5.72,0.168,Jayashankar Bhupalpally,TS
2020-04-06,0.0,36.1,25.5,5.77,0.169,Jayashankar Bhupalpally,TS
2020-04-07,0.0,36.4,25.1,5.67,0.169,Jayashankar Bhupalpally,TS
2020-04-08,0.0,35.3,26.2,5.76,0.165,Jayashankar Bhupalpally,TS
2020-04-09,2.4,34.1,24.2,5.29,0.163,Jayashankar Bhupalpally,TS
2020-04-10,0.0,35.8,23.9,5.5,0.165,Jayashankar Bhupalpally,TS
2020-04-11,0.0,36.2,24.9,5.58,0.16,Jayashankar Bhupalpally,TS
2020-04-12,0.0,37.3,25.0,5.75,0.16,Jayashankar Bhupalpally,TS
2020-04-13,0.0,37.4,25.8,5.88,0.16,Jayashankar Bhupalpally,TS
2020-04-14,0.0,37.4,25.4,6.39,0.157,Jayashankar Bhupalpally,TS
2020-04-15,0.0,37.3,25.7,6.07,0.16,Jayashankar Bhupalpally,TS
2020-04-16,0.0,37.6,25.3,6.55,0.157,Jayashankar Bhupalpally,TS
2020-04-17,0.0,37.4,25.3,6.54,0.154,Jayashankar Bhupalpally,TS
2020-04-18,0.0,36.6,25.8,6.2,0.16,Jayashankar Bhupalpally,TS
2020-04-19,0.0,36.0,25.6,5.75,0.165,Jayashankar Bhupalpally,TS
2020-04-20,0.0,37.1,26.0,6.06,0.171,Jayashankar Bhupalpally,TS
2020-04-21,0.0,36.9,26.4,6.42,0.169,Jayashankar Bhupalpally,TS
2020-04-22,0.0,36.5,25.6,6.63,0.169,Jayashankar Bhupalpally,TS
2020-04-23,0.0,37.7,25.9,6.31,0.169,Jayashankar Bhupalpally,TS
2020-04-24,0.0,36.4,26.6,5.82,0.167,Jayashankar Bhupalpally,TS
2020-04-25,0.3,36.2,27.1,5.59,0.159,Jayashankar Bhupalpally,TS
2020-04-26,5.7,35.2,27.3,4.85,0.189,Jayashankar Bhupalpally,TS
2020-04-27,0.1,33.4,25.8,4.68,0.235,Jayashankar Bhupalpally,TS
2020-04-28,0.0,35.0,25.4,5.27,0.22,Jayashankar Bhupalpally,TS
2020-04-29,0.0,35.9,25.9,5.55,0.21,Jayashankar Bhupalpally,TS
2020-04-30,0.0,37.0,26.4,6.11,0.201,Jayashankar Bhupalpally,TS
2020-05-01,0.0,36.8,26.6,6.1,0.193,Jayashankar Bhupalpally,TS
2020-05-02,0.0,37.2,26.7,6.21,0.19,Jayashankar Bhupalpally,TS
2020-05-03,0.0,38.7,27.1,6.3,0.184,Jayashankar Bhupalpally,TS
2020-05-04,0.0,38.7,27.1,6.57,0.181,Jayashankar Bhupalpally,TS
2020-05-05,0.0,38.8,26.9,6.67,0.181,Jayashankar Bhupalpally,TS
2020-05-06,2.3,37.9,27.2,6.01,0.181,Jayashankar Bhupalpally,TS
2020-05-07,0.0,36.8,27.0,5.56,0.182,Jayashankar Bhupalpally,TS
2020-05-08,0.2,37.4,27.5,5.9,0.176,Jayashankar Bhupalpally,TS
2020-05-09,0.0,38.3,28.1,6.3,0.172,Jayashankar Bhupalpally,TS
2020-05-10,0.0,36.7,26.7,5.82,0.177,Jayashankar Bhupalpally,TS
2020-05-11,0.0,36.2,26.1,5.57,0.185,Jayashankar Bhupalpally,TS
2020-05-12,0.0,37.3,27.0,5.99,0.179,Jayashankar Bhupalpally,TS
2020-05-13,0.0,37.2,26.5,5.82,0.172,Jayashankar Bhupalpally,TS
2020-05-14,0.0,38.1,27.0,6.06,0.165,Jayashankar Bhupalpally,TS
2020-05-15,0.0,37.5,27.3,5.95,0.157,Jayashankar Bhupalpally,TS
2020-05-16,0.1,36.0,28.4,5.37,0.154,Jayashankar Bhupalpally,TS
2020-05-17,1.1,37.9,27.1,5.76,0.153,Jayashankar Bhupalpally,TS
2020-05-18,0.1,37.9,27.4,5.32,0.151,Jayashankar Bhupalpally,TS
2020-05-19,0.0,38.4,28.5,6.92,0.152,Jayashankar Bhupalpally,TS
2020-05-20,0.0,39.8,27.0,7.17,0.155,Jayashankar Bhupalpally,TS
2020-05-21,0.0,40.2,26.9,7.76,0.156,Jayashankar Bhupalpally,TS
2020-05-22,0.0,41.1,24.4,7.03,0.155,Jayashankar Bhupalpally,TS
2020-05-23,0.0,40.3,27.1,6.86,0.154,Jayashankar Bhupalpally,TS
2020-05-24,0.0,40.1,27.4,6.45,0.149,Jayashankar Bhupalpally,TS
2020-05-25,0.0,39.3,28.1,6.49,0.147,Jayashankar Bhupalpally,TS
2020-05-26,0.0,39.4,27.9,6.7,0.147,Jayashankar Bhupalpally,TS
2020-05-27,0.0,39.9,28.6,7.02,0.148,Jayashankar Bhupalpally,TS
2020-05-28,0.0,40.3,28.5,6.49,0.147,Jayashankar Bhupalpally,TS
2020-05-29,0.0,39.6,29.1,6.72,0.148,Jayashankar Bhupalpally,TS
2020-05-30,0.0,37.2,28.5,5.39,0.161,Jayashankar Bhupalpally,TS
2020-05-31,5.9,33.0,28.4,3.6,0.199,Jayashankar Bhupalpally,TS
2020-06-01,3.7,34.5,27.0,4.36,0.235,Jayashankar Bhupalpally,TS
2020-06-02,1.6,34.6,25.6,4.47,0.252,Jayashankar Bhupalpally,TS
2020-06-03,0.0,34.1,26.1,4.96,0.251,Jayashankar Bhupalpally,TS
2020-06-04,0.2,34.9,26.8,6.55,0.236,Jayashankar Bhupalpally,TS
2020-06-05,0.0,35.1,27.0,5.97,0.224,Jayashankar Bhupalpally,TS
2020-06-06,0.0,36.3,27.4,6.17,0.209,Jayashankar Bhupalpally,TS
2020-06-07,0.0,37.1,28.3,6.55,0.196,Jayashankar Bhupalpally,TS
2020-06-08,0.0,36.8,28.1,6.21,0.186,Jayashankar Bhupalpally,TS
2020-06-09,2.9,38.0,26.8,6.11,0.181,Jayashankar Bhupalpally,TS
2020-06-10,6.3,35.1,25.8,4.21,0.21,Jayashankar Bhupalpally,TS
2020-06-11,12.0,31.0,25.4,2.19,0.34,Jayashankar Bhupalpally,TS
2020-06-12,30.0,28.4,24.5,1.68,0.408,Jayashankar Bhupalpally,TS
2020-06-13,0.7,32.2,25.4,4.55,0.381,Jayashankar Bhupalpally,TS
2020-06-14,1.1,33.8,27.2,4.82,0.351,Jayashankar Bhupalpally,TS
2020-06-15,7.6,32.9,26.4,3.9,0.357,Jayashankar Bhupalpally,TS
2020-06-16,28.4,29.3,25.5,1.94,0.409,Jayashankar Bhupalpally,TS
2020-06-17,10.1,30.3,25.2,2.21,0.409,Jayashankar Bhupalpally,TS
2020-06-18,6.4,31.6,25.0,2.95,0.399,Jayashankar Bhupalpally,TS
2020-06-19,1.1,33.4,25.4,4.19,0.377,Jayashankar Bhupalpally,TS
2020-06-20,0.7,32.1,26.9,4.03,0.362,Jayashankar Bhupalpally,TS
2020-06-21,3.6,31.0,25.7,3.4,0.368,Jayashankar Bhupalpally,TS
2020-06-22,9.8,27.7,25.7,1.7,0.387,Jayashankar Bhupalpally,TS
2020-06-23,0.9,32.3,25.8,4.44,0.362,Jayashankar Bhupalpally,TS
2020-06-24,4.9,33.6,26.0,4.57,0.357,Jayashankar Bhupalpally,TS
2020-06-25,1.7,33.4,25.9,5.2,0.331,Jayashankar Bhupalpally,TS
2020-06-26,0.4,33.8,25.5,5.2,0.301,Jayashankar Bhupalpally,TS
2020-06-27,1.4,34.3,26.5,5.07,0.286,Jayashankar Bhupalpally,TS
2020-06-28,2.0,33.4,25.7,4.31,0.287,Jayashankar Bhupalpally,TS
2020-06-29,8.7,31.5,25.9,3.42,0.297,Jayashankar Bhupalpally,TS
2020-06-30,4.9,32.0,25.5,2.92,0.338,Jayashankar Bhupalpally,TS
2020-07-01,7.2,32.6,25.1,4.09,0.393,Jayashankar Bhupalpally,TS
2020-07-02,11.7,32.0,25.7,3.92,0.393,Jayashankar Bhupalpally,TS
2020-07-03,12.5,32.7,26.2,4.15,0.383,Jayashankar Bhupalpally,TS
2020-07-04,31.0,28.0,25.3,1.65,0.427,Jayashankar Bhupalpally,TS
2020-07-05,16.1,28.2,24.7,2.13,0.423,Jayashankar Bhupalpally,TS
2020-07-06,7.3,28.7,24.8,2.08,0.419,Jayashankar Bhupalpally,TS
2020-07-07,0.0,32.0,25.4,4.4,0.397,Jayashankar Bhupalpally,TS
2020-07-08,0.9,32.3,26.1,4.01,0.385,Jayashankar Bhupalpally,TS
2020-07-09,11.7,29.8,25.4,2.51,0.409,Jayashankar Bhupalpally,TS
2020-07-10,14.2,28.6,24.9,2.02,0.424,Jayashankar Bhupalpally,TS
2020-07-11,0.2,31.5,25.1,4.31,0.408,Jayashankar Bhupalpally,TS
2020-07-12,7.3,32.0,26.2,3.75,0.405,Jayashankar Bhupalpally,TS
2020-07-13,11.0,28.6,25.7,1.7,0.422,Jayashankar Bhupalpally,TS
2020-07-14,47.6,29.2,24.9,2.38,0.423,Jayashankar Bhupalpally,TS
2020-07-15,182.8,28.0,24.5,1.51,0.428,Jayashankar Bhupalpally,TS
2020-07-16,4.6,28.9,24.2,3.2,0.418,Jayashankar Bhupalpally,TS
2020-07-17,0.3,32.1,25.1,4.7,0.399,Jayashankar Bhupalpally,TS
2020-07-18,1.4,32.7,25.2,4.64,0.389,Jayashankar Bhupalpally,TS
2020-07-19,6.9,31.5,25.9,3.82,0.4,Jayashankar Bhupalpally,TS
2020-07-20,4.1,30.7,25.7,3.64,0.397,Jayashankar Bhupalpally,TS
2020-07-21,1.6,31.6,25.2,4.09,0.389,Jayashankar Bhupalpally,TS
2020-07-22,3.1,31.9,25.8,3.38,0.376,Jayashankar Bhupalpally,TS
2020-07-23,38.1,27.2,24.8,1.19,0.428,Jayashankar Bhupalpally,TS
2020-07-24,0.6,31.6,24.5,4.11,0.41,Jayashankar Bhupalpally,TS
2020-07-25,0.4,30.7,25.4,3.27,0.397,Jayashankar Bhupalpally,TS
2020-07-26,0.4,32.8,24.2,4.92,0.378,Jayashankar Bhupalpally,TS
2020-07-27,0.0,32.6,25.7,4.83,0.356,Jayashankar Bhupalpally,TS
2020-07-28,13.7,32.6,25.0,4.29,0.377,Jayashankar Bhupalpally,TS
2020-07-29,4.5,31.9,24.9,3.99,0.4,Jayashankar Bhupalpally,TS
2020-07-30,3.5,31.6,25.3,4.36,0.401,Jayashankar Bhupalpally,TS
2020-07-31,4.3,31.6,25.9,3.82,0.398,Jayashankar Bhupalpally,TS
2020-08-01,4.6,31.6,25.4,3.27,0.408,Jayashankar Bhupalpally,TS
2020-08-02,7.9,32.2,25.5,4.07,0.399,Jayashankar Bhupalpally,TS
2020-08-03,2.3,30.7,25.6,3.57,0.397,Jayashankar Bhupalpally,TS
2020-08-04,7.3,28.8,24.8,2.6,0.401,Jayashankar Bhupalpally,TS
2020-08-05,11.6,30.3,24.5,2.68,0.421,Jayashankar Bhupalpally,TS
2020-08-06,5.9,31.9,24.6,4.43,0.413,Jayashankar Bhupalpally,TS
2020-08-07,0.7,32.9,26.0,4.84,0.399,Jayashankar Bhupalpally,TS
2020-08-08,0.3,30.5,26.5,3.24,0.387,Jayashankar Bhupalpally,TS
2020-08-09,7.1,30.9,25.0,3.39,0.398,Jayashankar Bhupalpally,TS
2020-08-10,23.2,28.9,24.9,2.32,0.416,Jayashankar Bhupalpally,TS
2020-08-11,1.6,29.6,24.6,2.92,0.395,Jayashankar Bhupalpally,TS
2020-08-12,9.7,29.2,24.9,2.31,0.414,Jayashankar Bhupalpally,TS
2020-08-13,41.8,26.1,24.3,1.43,0.429,Jayashankar Bhupalpally,TS
2020-08-14,55.0,26.3,23.7,1.32,0.43,Jayashankar Bhupalpally,TS
2020-08-15,78.5,25.3,23.5,1.27,0.43,Jayashankar Bhupalpally,TS
2020-08-16,35.7,27.2,23.6,1.68,0.429,Jayashankar Bhupalpally,TS
2020-08-17,23.0,29.0,24.1,2.84,0.424,Jayashankar Bhupalpally,TS
2020-08-18,4.2,29.9,24.8,3.44,0.414,Jayashankar Bhupalpally,TS
2020-08-19,31.4,26.3,24.5,1.27,0.427,Jayashankar Bhupalpally,TS
2020-08-20,29.0,25.5,24.3,1.49,0.428,Jayashankar Bhupalpally,TS
2020-08-21,3.2,29.2,24.0,3.22,0.419,Jayashankar Bhupalpally,TS
2020-08-22,0.6,31.4,24.8,4.72,0.408,Jayashankar Bhupalpally,TS
2020-08-23,7.3,30.5,24.9,3.55,0.406,Jayashankar Bhupalpally,TS
2020-08-24,0.3,32.2,25.3,4.58,0.394,Jayashankar Bhupalpally,TS
2020-08-25,0.4,32.1,25.4,4.39,0.382,Jayashankar Bhupalpally,TS
2020-08-26,7.4,29.8,25.3,2.14,0.39,Jayashankar Bhupalpally,TS
2020-08-27,8.9,27.1,24.7,1.5,0.418,Jayashankar Bhupalpally,TS
2020-08-28,0.3,30.5,24.1,3.69,0.405,Jayashankar Bhupalpally,TS
2020-08-29,0.2,32.2,25.3,4.89,0.389,Jayashankar Bhupalpally,TS
2020-08-30,0.8,32.4,24.9,4.69,0.378,Jayashankar Bhupalpally,TS
2020-08-31,0.2,32.7,25.3,4.89,0.36,Jayashankar Bhupalpally,TS
2020-09-01,0.1,32.8,25.1,4.68,0.344,Jayashankar Bhupalpally,TS
2020-09-02,4.2,30.1,25.4,2.87,0.359,Jayashankar Bhupalpally,TS
2020-09-03,8.4,31.6,24.6,4.29,0.376,Jayashankar Bhupalpally,TS
2020-09-04,0.8,32.9,25.0,4.66,0.357,Jayashankar Bhupalpally,TS
2020-09-05,11.9,32.0,24.3,3.78,0.377,Jayashankar Bhupalpally,TS
2020-09-06,2.0,32.5,25.5,4.3,0.351,Jayashankar Bhupalpally,TS
2020-09-07,1.3,32.5,25.5,4.57,0.36,Jayashankar Bhupalpally,TS
2020-09-08,2.3,32.9,26.1,4.43,0.335,Jayashankar Bhupalpally,TS
2020-09-09,7.5,32.2,25.1,3.96,0.365,Jayashankar Bhupalpally,TS
2020-09-10,5.6,31.4,25.4,3.64,0.353,Jayashankar Bhupalpally,TS
2020-09-11,9.4,31.0,25.0,3.43,0.381,Jayashankar Bhupalpally,TS
2020-09-12,12.6,32.0,24.3,3.86,0.389,Jayashankar Bhupalpally,TS
2020-09-13,28.0,31.3,24.9,3.65,0.421,Jayashankar Bhupalpally,TS
2020-09-14,23.8,30.9,24.3,2.73,0.424,Jayashankar Bhupalpally,TS
2020-09-15,5.3,31.1,23.8,3.11,0.414,Jayashankar Bhupalpally,TS
2020-09-16,7.6,30.4,25.0,3.23,0.415,Jayashankar Bhupalpally,TS
2020-09-17,4.7,31.3,24.3,3.67,0.41,Jayashankar Bhupalpally,TS
2020-09-18,5.9,31.8,25.0,4.11,0.404,Jayashankar Bhupalpally,TS
2020-09-19,16.0,31.4,24.8,3.53,0.42,Jayashankar Bhupalpally,TS
2020-09-20,19.5,30.8,24.4,3.05,0.423,Jayashankar Bhupalpally,TS
2020-09-21,5.4,29.4,24.5,1.93,0.422,Jayashankar Bhupalpally,TS
2020-09-22,2.4,31.2,24.5,4.06,0.417,Jayashankar Bhupalpally,TS
2020-09-23,1.2,31.5,25.1,4.33,0.407,Jayashankar Bhupalpally,TS
2020-09-24,0.6,32.2,25.7,4.69,0.393,Jayashankar Bhupalpally,TS
2020-09-25,24.6,30.1,25.0,2.67,0.405,Jayashankar Bhupalpally,TS
2020-09-26,9.0,28.0,24.2,1.84,0.417,Jayashankar Bhupalpally,TS
2020-09-27,4.7,30.5,24.0,3.6,0.399,Jayashankar Bhupalpally,TS
2020-09-28,0.7,31.5,23.9,4.16,0.379,Jayashankar Bhupalpally,TS
2020-09-29,4.9,31.5,24.6,3.92,0.388,Jayashankar Bhupalpally,TS
2020-09-30,2.1,30.7,24.4,2.86,0.387,Jayashankar Bhupalpally,TS
2020-10-01,0.8,31.0,24.9,3.59,0.383,Jayashankar Bhupalpally,TS
2020-10-02,0.0,32.2,24.1,4.43,0.365,Jayashankar Bhupalpally,TS
2020-10-03,0.0,32.7,24.6,4.65,0.353,Jayashankar Bhupalpally,TS
2020-10-04,0.0,32.5,24.2,4.76,0.346,Jayashankar Bhupalpally,TS
2020-10-05,0.0,31.8,24.6,4.54,0.341,Jayashankar Bhupalpally,TS
2020-10-06,1.7,29.9,24.4,3.16,0.344,Jayashankar Bhupalpally,TS
2020-10-07,25.6,28.0,24.1,2.17,0.4,Jayashankar Bhupalpally,TS
2020-10-08,1.4,30.5,24.0,3.24,0.399,Jayashankar Bhupalpally,TS
2020-10-09,2.1,30.1,24.8,3.29,0.396,Jayashankar Bhupalpally,TS
2020-10-10,5.5,29.9,25.0,2.44,0.404,Jayashankar Bhupalpally,TS
2020-10-11,10.4,27.8,24.5,1.6,0.424,Jayashankar Bhupalpally,TS
2020-10-12,5.6,27.9,23.7,1.71,0.42,Jayashankar Bhupalpally,TS
2020-10-13,36.0,26.2,24.5,1.0,0.426,Jayashankar Bhupalpally,TS
2020-10-14,7.8,29.4,24.0,2.38,0.419,Jayashankar Bhupalpally,TS
2020-10-15,5.6,28.6,24.3,2.05,0.417,Jayashankar Bhupalpally,TS
2020-10-16,5.8,29.4,23.6,2.66,0.418,Jayashankar Bhupalpally,TS
2020-10-17,7.8,30.0,24.2,2.96,0.416,Jayashankar Bhupalpally,TS
2020-10-18,1.5,30.3,24.0,3.43,0.405,Jayashankar Bhupalpally,TS
2020-10-19,1.8,31.5,23.9,3.8,0.382,Jayashankar Bhupalpally,TS
2020-10-20,8.5,29.9,24.6,2.36,0.388,Jayashankar Bhupalpally,TS
2020-10-21,1.2,31.0,24.7,3.39,0.387,Jayashankar Bhupalpally,TS
2020-10-22,0.0,31.5,22.9,4.3,0.362,Jayashankar Bhupalpally,TS
2020-10-23,0.0,32.2,21.7,4.58,0.347,Jayashankar Bhupalpally,TS
2020-10-24,0.0,32.8,22.1,4.48,0.331,Jayashankar Bhupalpally,TS
2020-10-25,0.0,32.4,23.3,4.36,0.322,Jayashankar Bhupalpally,TS
2020-10-26,0.0,31.7,21.1,4.55,0.327,Jayashankar Bhupalpally,TS
2020-10-27,0.0,31.4,20.8,4.33,0.312,Jayashankar Bhupalpally,TS
2020-10-28,0.0,31.8,21.5,4.39,0.294,Jayashankar Bhupalpally,TS
2020-10-29,0.0,31.1,22.0,3.97,0.28,Jayashankar Bhupalpally,TS
2020-10-30,0.0,31.8,22.5,4.59,0.265,Jayashankar Bhupalpally,TS
2020-10-31,0.0,31.6,20.9,4.62,0.257,Jayashankar Bhupalpally,TS
2020-11-01,0.0,31.9,20.6,4.61,0.248,Jayashankar Bhupalpally,TS
2020-11-02,0.0,33.1,21.3,4.55,0.234,Jayashankar Bhupalpally,TS
2020-11-03,0.1,31.8,22.1,4.36,0.223,Jayashankar Bhupalpally,TS
2020-11-04,0.0,31.7,21.8,4.88,0.217,Jayashankar Bhupalpally,TS
2020-11-05,0.0,32.0,19.1,4.56,0.21,Jayashankar Bhupalpally,TS
2020-11-06,0.3,30.5,19.7,3.78,0.206,Jayashankar Bhupalpally,TS
2020-11-07,0.0,31.2,21.1,4.0,0.197,Jayashankar Bhupalpally,TS
2020-11-08,0.0,31.1,19.0,4.56,0.191,Jayashankar Bhupalpally,TS
2020-11-09,0.0,29.9,16.8,4.49,0.195,Jayashankar Bhupalpally,TS
2020-11-10,0.0,29.3,16.4,4.19,0.196,Jayashankar Bhupalpally,TS
2020-11-11,0.0,30.8,16.4,3.97,0.197,Jayashankar Bhupalpally,TS
2020-11-12,0.3,30.1,22.1,3.04,0.194,Jayashankar Bhupalpally,TS
2020-11-13,0.0,31.7,21.4,3.9,0.192,Jayashankar Bhupalpally,TS
2020-11-14,0.0,32.4,21.1,4.37,0.187,Jayashankar Bhupalpally,TS
2020-11-15,0.0,31.7,20.0,4.25,0.184,Jayashankar Bhupalpally,TS
2020-11-16,0.0,32.4,22.7,4.08,0.179,Jayashankar Bhupalpally,TS
2020-11-17,0.0,32.4,22.0,4.41,0.178,Jayashankar Bhupalpally,TS
2020-11-18,0.0,31.6,21.0,4.13,0.174,Jayashankar Bhupalpally,TS
2020-11-19,0.0,32.3,22.5,4.22,0.168,Jayashankar Bhupalpally,TS
2020-11-20,0.0,32.0,21.7,3.84,0.167,Jayashankar Bhupalpally,TS
2020-11-21,0.0,31.3,21.4,3.79,0.161,Jayashankar Bhupalpally,TS
2020-11-22,0.1,30.4,22.4,3.37,0.162,Jayashankar Bhupalpally,TS
2020-11-23,0.0,31.1,19.1,3.93,0.163,Jayashankar Bhupalpally,TS
2020-11-24,0.0,30.9,17.9,3.86,0.167,Jayashankar Bhupalpally,TS
2020-11-25,0.0,30.6,17.2,3.71,0.171,Jayashankar Bhupalpally,TS
2020-11-26,6.6,27.7,21.8,2.17,0.184,Jayashankar Bhupalpally,TS
2020-11-27,11.6,24.9,19.3,1.5,0.289,Jayashankar Bhupalpally,TS
2020-11-28,0.0,27.0,18.9,2.27,0.351,Jayashankar Bhupalpally,TS
2020-11-29,0.0,29.2,20.9,3.0,0.321,Jayashankar Bhupalpally,TS
2020-11-30,0.0,29.2,21.2,3.33,0.302,Jayashankar Bhupalpally,TS
2020-12-01,0.0,29.0,19.4,3.63,0.284,Jayashankar Bhupalpally,TS
2020-12-02,0.0,30.0,18.2,3.71,0.27,Jayashankar Bhupalpally,TS
2020-12-03,0.0,30.3,17.3,3.63,0.261,Jayashankar Bhupalpally,TS
2020-12-04,0.0,30.1,17.3,3.55,0.254,Jayashankar Bhupalpally,TS
2020-12-05,0.0,29.9,16.1,3.66,0.244,Jayashankar Bhupalpally,TS
2020-12-06,0.0,30.5,16.6,3.8,0.237,Jayashankar Bhupalpally,TS
2020-12-07,0.0,31.0,16.7,3.88,0.23,Jayashankar Bhupalpally,TS
2020-12-08,0.0,30.9,16.8,3.75,0.221,Jayashankar Bhupalpally,TS
2020-12-09,0.0,30.4,16.7,3.77,0.212,Jayashankar Bhupalpally,TS
2020-12-10,0.0,30.2,18.5,3.61,0.206,Jayashankar Bhupalpally,TS
2020-12-11,0.0,29.9,18.5,3.6,0.198,Jayashankar Bhupalpally,TS
2020-12-12,0.0,30.1,18.8,3.56,0.19,Jayashankar Bhupalpally,TS
2020-12-13,0.0,29.7,18.8,3.34,0.183,Jayashankar Bhupalpally,TS
2020-12-14,0.0,30.3,19.3,3.82,0.175,Jayashankar Bhupalpally,TS
2020-12-15,0.0,29.7,18.9,3.7,0.177,Jayashankar Bhupalpally,TS
2020-12-16,0.0,29.9,19.5,3.15,0.176,Jayashankar Bhupalpally,TS
2020-12-17,0.0,30.3,19.4,3.72,0.176,Jayashankar Bhupalpally,TS
2020-12-18,0.0,30.0,18.6,3.79,0.175,Jayashankar Bhupalpally,TS
2020-12-19,0.0,29.3,17.4,3.86,0.175,Jayashankar Bhupalpally,TS
2020-12-20,0.0,28.4,15.6,3.83,0.177,Jayashankar Bhupalpally,TS
2020-12-21,0.0,28.1,13.7,3.81,0.18,Jayashankar Bhupalpally,TS
2020-12-22,0.0,28.1,13.4,3.57,0.176,Jayashankar Bhupalpally,TS
2020-12-23,0.0,28.4,13.9,3.49,0.172,Jayashankar Bhupalpally,TS
2020-12-24,0.0,28.2,14.9,3.39,0.17,Jayashankar Bhupalpally,TS
2020-12-25,0.0,28.1,16.6,3.47,0.172,Jayashankar Bhupalpally,TS
2020-12-26,0.0,28.4,15.8,3.47,0.172,Jayashankar Bhupalpally,TS
2020-12-27,0.0,29.3,15.4,3.61,0.17,Jayashankar Bhupalpally,TS
2020-12-28,0.0,29.4,15.9,3.46,0.172,Jayashankar Bhupalpally,TS
2020-12-29,0.0,29.6,16.7,3.55,0.171,Jayashankar Bhupalpally,TS
2020-12-30,0.0,29.3,17.2,3.57,0.17,Jayashankar Bhupalpally,TS
2020-12-31,0.0,28.9,18.5,3.28,0.169,Jayashankar Bhupalpally,TS
2021-01-01,0.0,29.0,19.1,3.36,0.17,Jayashankar Bhupalpally,TS
2021-01-02,0.0,28.9,17.0,3.39,0.173,Jayashankar Bhupalpally,TS
2021-01-03,0.0,29.1,16.6,3.54,0.172,Jayashankar Bhupalpally,TS
2021-01-04,0.0,29.4,17.3,3.91,0.173,Jayashankar Bhupalpally,TS
2021-01-05,0.0,30.1,17.2,3.53,0.168,Jayashankar Bhupalpally,TS
2021-01-06,0.2,26.1,21.5,1.41,0.164,Jayashankar Bhupalpally,TS
2021-01-07,0.8,28.1,21.6,2.38,0.17,Jayashankar Bhupalpally,TS
2021-01-08,0.0,31.7,21.2,3.98,0.163,Jayashankar Bhupalpally,TS
2021-01-09,0.0,31.6,18.8,4.46,0.16,Jayashankar Bhupalpally,TS
2021-01-10,0.0,31.2,18.0,3.54,0.16,Jayashankar Bhupalpally,TS
2021-01-11,0.0,32.7,18.6,3.9,0.157,Jayashankar Bhupalpally,TS
2021-01-12,0.0,32.6,19.2,3.84,0.162,Jayashankar Bhupalpally,TS
2021-01-13,0.0,31.1,20.1,3.86,0.163,Jayashankar Bhupalpally,TS
2021-01-14,0.0,30.7,18.8,3.95,0.164,Jayashankar Bhupalpally,TS
2021-01-15,0.0,30.3,17.2,3.83,0.166,Jayashankar Bhupalpally,TS
2021-01-16,0.0,30.6,17.5,3.81,0.164,Jayashankar Bhupalpally,TS
2021-01-17,0.0,30.6,17.8,3.64,0.163,Jayashankar Bhupalpally,TS
2021-01-18,0.0,29.0,19.2,3.08,0.163,Jayashankar Bhupalpally,TS
2021-01-19,0.0,29.8,19.4,3.58,0.162,Jayashankar Bhupalpally,TS
2021-01-20,0.0,32.1,19.3,4.36,0.161,Jayashankar Bhupalpally,TS
2021-01-21,0.0,31.4,20.1,4.17,0.16,Jayashankar Bhupalpally,TS
2021-01-22,0.0,31.5,18.7,3.93,0.158,Jayashankar Bhupalpally,TS
2021-01-23,0.0,31.1,19.5,3.84,0.16,Jayashankar Bhupalpally,TS
2021-01-24,0.0,31.9,19.8,4.32,0.159,Jayashankar Bhupalpally,TS
2021-01-25,0.0,32.1,20.2,4.53,0.153,Jayashankar Bhupalpally,TS
2021-01-26,0.0,31.7,20.4,4.41,0.149,Jayashankar Bhupalpally,TS
2021-01-27,0.0,31.0,20.2,3.87,0.149,Jayashankar Bhupalpally,TS
2021-01-28,0.0,30.2,20.5,3.69,0.156,Jayashankar Bhupalpally,TS
2021-01-29,0.0,30.9,20.5,3.93,0.158,Jayashankar Bhupalpally,TS
2021-01-30,0.1,28.5,20.2,3.03,0.162,Jayashankar Bhupalpally,TS
2021-01-31,0.0,29.4,19.8,3.15,0.169,Jayashankar Bhupalpally,TS
2021-02-01,0.0,29.9,18.5,4.07,0.171,Jayashankar Bhupalpally,TS
2021-02-02,0.0,29.8,15.8,4.08,0.175,Jayashankar Bhupalpally,TS
2021-02-03,0.0,30.0,16.9,3.96,0.178,Jayashankar Bhupalpally,TS
2021-02-04,0.0,30.1,17.9,4.36,0.175,Jayashankar Bhupalpally,TS
2021-02-05,0.0,29.8,17.3,4.37,0.177,Jayashankar Bhupalpally,TS
2021-02-06,0.0,30.2,17.9,4.62,0.17,Jayashankar Bhupalpally,TS
2021-02-07,0.0,30.1,17.5,4.68,0.174,Jayashankar Bhupalpally,TS
2021-02-08,0.0,29.9,15.1,4.61,0.169,Jayashankar Bhupalpally,TS
2021-02-09,0.0,30.4,15.9,4.65,0.169,Jayashankar Bhupalpally,TS
2021-02-10,0.0,30.7,17.0,4.4,0.169,Jayashankar Bhupalpally,TS
2021-02-11,0.0,31.6,18.3,4.58,0.168,Jayashankar Bhupalpally,TS
2021-02-12,0.0,30.7,18.8,4.3,0.173,Jayashankar Bhupalpally,TS
2021-02-13,0.0,30.9,19.6,4.53,0.174,Jayashankar Bhupalpally,TS
2021-02-14,0.0,32.0,19.9,4.77,0.171,Jayashankar Bhupalpally,TS
2021-02-15,0.0,32.4,19.8,4.79,0.169,Jayashankar Bhupalpally,TS
2021-02-16,0.0,32.8,20.5,5.23,0.168,Jayashankar Bhupalpally,TS
2021-02-17,0.0,32.5,20.0,5.1,0.17,Jayashankar Bhupalpally,TS
2021-02-18,0.1,30.4,19.4,4.49,0.166,Jayashankar Bhupalpally,TS
2021-02-19,0.0,29.7,18.8,3.69,0.165,Jayashankar Bhupalpally,TS
2021-02-20,0.1,30.4,19.6,4.09,0.17,Jayashankar Bhupalpally,TS
2021-02-21,0.0,31.2,18.5,4.28,0.168,Jayashankar Bhupalpally,TS
2021-02-22,0.0,31.5,20.4,4.37,0.167,Jayashankar Bhupalpally,TS
2021-02-23,0.0,32.5,18.3,4.97,0.17,Jayashankar Bhupalpally,TS
2021-02-24,0.0,33.4,18.7,5.28,0.17,Jayashankar Bhupalpally,TS
2021-02-25,0.0,34.0,18.4,5.48,0.169,Jayashankar Bhupalpally,TS
2021-02-26,0.0,34.6,18.7,5.44,0.173,Jayashankar Bhupalpally,TS
2021-02-27,0.0,35.3,20.4,5.55,0.176,Jayashankar Bhupalpally,TS
2021-02-28,0.0,35.1,20.2,5.42,0.179,Jayashankar Bhupalpally,TS
2021-03-01,0.0,34.2,21.0,4.74,0.177,Jayashankar Bhupalpally,TS
2021-03-02,0.0,34.5,22.1,4.95,0.179,Jayashankar Bhupalpally,TS
2021-03-03,0.0,35.0,20.1,5.64,0.184,Jayashankar Bhupalpally,TS
2021-03-04,0.0,34.6,20.5,5.37,0.185,Jayashankar Bhupalpally,TS
2021-03-05,0.0,35.1,21.3,6.37,0.186,Jayashankar Bhupalpally,TS
2021-03-06,0.0,34.6,20.3,5.85,0.186,Jayashankar Bhupalpally,TS
2021-03-07,0.0,35.0,20.1,5.64,0.187,Jayashankar Bhupalpally,TS
2021-03-08,0.0,35.4,21.6,5.72,0.191,Jayashankar Bhupalpally,TS
2021-03-09,0.0,34.7,21.7,5.55,0.196,Jayashankar Bhupalpally,TS
2021-03-10,0.0,35.6,21.3,5.63,0.192,Jayashankar Bhupalpally,TS
2021-03-11,0.0,34.8,22.1,5.91,0.175,Jayashankar Bhupalpally,TS
2021-03-12,0.0,34.8,21.7,5.68,0.17,Jayashankar Bhupalpally,TS
2021-03-13,0.0,33.8,20.8,5.65,0.164,Jayashankar Bhupalpally,TS
2021-03-14,0.0,34.4,19.9,5.47,0.163,Jayashankar Bhupalpally,TS
2021-03-15,0.0,35.1,22.5,5.54,0.16,Jayashankar Bhupalpally,TS
2021-03-16,0.0,35.6,22.9,5.19,0.163,Jayashankar Bhupalpally,TS
2021-03-17,0.0,35.7,23.4,5.26,0.169,Jayashankar Bhupalpally,TS
2021-03-18,0.0,34.4,22.8,5.04,0.17,Jayashankar Bhupalpally,TS
2021-03-19,0.0,34.2,22.9,5.04,0.17,Jayashankar Bhupalpally,TS
2021-03-20,0.0,34.4,22.4,4.86,0.156,Jayashankar Bhupalpally,TS
2021-03-21,0.0,35.2,23.3,4.92,0.15,Jayashankar Bhupalpally,TS
2021-03-22,0.0,36.2,23.8,5.32,0.146,Jayashankar Bhupalpally,TS
2021-03-23,0.0,35.8,25.0,5.87,0.148,Jayashankar Bhupalpally,TS
2021-03-24,0.0,36.7,23.3,5.58,0.143,Jayashankar Bhupalpally,TS
2021-03-25,0.0,37.2,23.7,5.8,0.145,Jayashankar Bhupalpally,TS
2021-03-26,0.0,37.1,24.0,6.02,0.152,Jayashankar Bhupalpally,TS
2021-03-27,0.0,37.6,23.4,5.75,0.151,Jayashankar Bhupalpally,TS
2021-03-28,0.0,37.3,24.2,6.06,0.153,Jayashankar Bhupalpally,TS
2021-03-29,0.0,37.7,23.4,6.2,0.158,Jayashankar Bhupalpally,TS
2021-03-30,0.0,38.6,24.5,6.82,0.166,Jayashankar Bhupalpally,TS
2021-03-31,0.0,38.5,23.2,7.03,0.167,Jayashankar Bhupalpally,TS
2021-04-01,0.0,38.4,23.6,6.63,0.167,Jayashankar Bhupalpally,TS
2021-04-02,0.0,38.6,24.0,6.53,0.156,Jayashankar Bhupalpally,TS
2021-04-03,0.0,37.8,22.9,6.15,0.162,Jayashankar Bhupalpally,TS
2021-04-04,0.0,36.7,23.7,5.56,0.172,Jayashankar Bhupalpally,TS
2021-04-05,0.0,35.9,24.6,5.6,0.187,Jayashankar Bhupalpally,TS
2021-04-06,0.0,36.9,25.1,5.62,0.192,Jayashankar Bhupalpally,TS
2021-04-07,0.0,37.2,24.1,6.05,0.193,Jayashankar Bhupalpally,TS
2021-04-08,0.0,37.0,24.5,6.24,0.196,Jayashankar Bhupalpally,TS
2021-04-09,0.0,34.9,24.7,5.77,0.211,Jayashankar Bhupalpally,TS
2021-04-10,0.8,35.2,25.6,5.64,0.219,Jayashankar Bhupalpally,TS
2021-04-11,0.0,34.8,24.1,5.32,0.23,Jayashankar Bhupalpally,TS
2021-04-12,0.0,34.5,25.1,5.02,0.222,Jayashankar Bhupalpally,TS
2021-04-13,0.0,33.5,25.4,4.99,0.214,Jayashankar Bhupalpally,TS
2021-04-14,0.8,32.8,25.3,4.32,0.212,Jayashankar Bhupalpally,TS
2021-04-15,0.8,33.9,23.9,5.15,0.216,Jayashankar Bhupalpally,TS
2021-04-16,0.0,33.9,23.3,5.24,0.212,Jayashankar Bhupalpally,TS
2021-04-17,0.0,35.9,24.8,5.55,0.208,Jayashankar Bhupalpally,TS
2021-04-18,0.0,36.3,25.2,5.73,0.202,Jayashankar Bhupalpally,TS
2021-04-19,0.0,37.0,25.9,5.66,0.198,Jayashankar Bhupalpally,TS
2021-04-20,0.1,36.1,26.6,6.02,0.194,Jayashankar Bhupalpally,TS
2021-04-21,0.4,35.0,25.9,5.43,0.194,Jayashankar Bhupalpally,TS
2021-04-22,0.0,35.5,24.6,5.26,0.244,Jayashankar Bhupalpally,TS
2021-04-23,0.0,35.7,26.2,5.41,0.248,Jayashankar Bhupalpally,TS
2021-04-24,0.0,36.2,25.4,5.7,0.238,Jayashankar Bhupalpally,TS
2021-04-25,0.0,36.4,25.8,5.72,0.227,Jayashankar Bhupalpally,TS
2021-04-26,0.0,36.0,26.0,5.77,0.217,Jayashankar Bhupalpally,TS
2021-04-27,0.0,36.6,25.1,6.1,0.21,Jayashankar Bhupalpally,TS
2021-04-28,0.0,37.3,24.9,5.83,0.198,Jayashankar Bhupalpally,TS
2021-04-29,0.0,37.6,26.0,6.07,0.187,Jayashankar Bhupalpally,TS
2021-04-30,0.0,36.6,24.9,6.23,0.18,Jayashankar Bhupalpally,TS
2021-05-01,0.0,36.2,25.7,5.7,0.173,Jayashankar Bhupalpally,TS
2021-05-02,0.0,36.1,25.8,5.79,0.173,Jayashankar Bhupalpally,TS
2021-05-03,1.7,34.5,25.8,5.0,0.171,Jayashankar Bhupalpally,TS
2021-05-04,0.0,36.0,25.8,5.69,0.163,Jayashankar Bhupalpally,TS
2021-05-05,0.0,36.1,26.3,6.02,0.162,Jayashankar Bhupalpally,TS
2021-05-06,0.0,36.1,26.5,5.93,0.162,Jayashankar Bhupalpally,TS
2021-05-07,0.0,36.0,26.2,6.0,0.161,Jayashankar Bhupalpally,TS
2021-05-08,0.0,36.4,26.7,5.69,0.157,Jayashankar Bhupalpally,TS
2021-05-09,0.0,35.5,26.8,5.81,0.156,Jayashankar Bhupalpally,TS
2021-05-10,0.0,36.1,27.1,5.79,0.152,Jayashankar Bhupalpally,TS
2021-05-11,0.3,36.4,27.2,6.09,0.152,Jayashankar Bhupalpally,TS
2021-05-12,0.0,37.7,26.3,6.4,0.161,Jayashankar Bhupalpally,TS
2021-05-13,0.2,36.4,27.3,6.08,0.167,Jayashankar Bhupalpally,TS
2021-05-14,0.4,34.9,27.9,5.48,0.18,Jayashankar Bhupalpally,TS
2021-05-15,0.0,36.4,26.8,6.41,0.178,Jayashankar Bhupalpally,TS
2021-05-16,1.5,34.3,26.9,4.77,0.171,Jayashankar Bhupalpally,TS
2021-05-17,0.7,35.5,26.8,5.35,0.163,Jayashankar Bhupalpally,TS
2021-05-18,0.2,35.4,27.1,5.9,0.157,Jayashankar Bhupalpally,TS
2021-05-19,0.0,36.7,26.9,6.18,0.153,Jayashankar Bhupalpally,TS
2021-05-20,2.6,35.9,26.2,5.54,0.153,Jayashankar Bhupalpally,TS
2021-05-21,0.1,35.1,27.9,5.22,0.154,Jayashankar Bhupalpally,TS
2021-05-22,0.0,34.1,26.5,3.44,0.152,Jayashankar Bhupalpally,TS
2021-05-23,0.1,37.8,27.3,6.08,0.154,Jayashankar Bhupalpally,TS
2021-05-24,0.0,38.1,28.3,6.71,0.158,Jayashankar Bhupalpally,TS
2021-05-25,0.0,37.4,26.2,6.48,0.165,Jayashankar Bhupalpally,TS
2021-05-26,0.0,38.1,28.5,8.93,0.168,Jayashankar Bhupalpally,TS
2021-05-27,0.0,37.4,29.0,7.48,0.167,Jayashankar Bhupalpally,TS
2021-05-28,0.0,36.3,28.7,6.37,0.168,Jayashankar Bhupalpally,TS
2021-05-29,0.0,38.4,28.8,6.29,0.166,Jayashankar Bhupalpally,TS
2021-05-30,0.0,37.1,28.0,5.95,0.165,Jayashankar Bhupalpally,TS
2021-05-31,0.0,38.3,28.4,6.16,0.161,Jayashankar Bhupalpally,TS
2021-06-01,1.0,36.2,27.9,5.63,0.158,Jayashankar Bhupalpally,TS
2021-06-02,2.7,35.0,25.8,4.99,0.19,Jayashankar Bhupalpally,TS
2021-06-03,5.8,32.7,26.5,3.43,0.296,Jayashankar Bhupalpally,TS
2021-06-04,0.8,34.2,25.6,4.88,0.294,Jayashankar Bhupalpally,TS
2021-06-05,0.9,33.9,26.0,4.63,0.279,Jayashankar Bhupalpally,TS
2021-06-06,3.9,34.5,25.0,5.38,0.28,Jayashankar Bhupalpally,TS
2021-06-07,1.1,35.6,27.4,5.31,0.255,Jayashankar Bhupalpally,TS
2021-06-08,3.7,34.6,26.7,5.19,0.241,Jayashankar Bhupalpally,TS
2021-06-09,16.8,28.1,25.8,1.61,0.364,Jayashankar Bhupalpally,TS
2021-06-10,4.8,31.0,25.6,3.47,0.339,Jayashankar Bhupalpally,TS
2021-06-11,12.7,28.6,24.4,2.39,0.379,Jayashankar Bhupalpally,TS
2021-06-12,0.2,31.2,25.9,4.26,0.358,Jayashankar Bhupalpally,TS
2021-06-13,21.3,31.3,25.0,2.77,0.395,Jayashankar Bhupalpally,TS
2021-06-14,19.6,29.8,25.2,2.43,0.418,Jayashankar Bhupalpally,TS
2021-06-15,7.7,30.3,24.8,2.62,0.405,Jayashankar Bhupalpally,TS
2021-06-16,3.9,31.5,26.0,3.57,0.379,Jayashankar Bhupalpally,TS
2021-06-17,7.7,29.3,25.6,2.58,0.382,Jayashankar Bhupalpally,TS
2021-06-18,0.2,31.5,25.2,3.79,0.369,Jayashankar Bhupalpally,TS
2021-06-19,1.9,30.5,26.5,3.61,0.352,Jayashankar Bhupalpally,TS
2021-06-20,0.1,33.4,25.9,5.73,0.34,Jayashankar Bhupalpally,TS
2021-06-21,0.0,33.0,26.8,6.02,0.325,Jayashankar Bhupalpally,TS
2021-06-22,0.9,31.8,26.3,3.82,0.318,Jayashankar Bhupalpally,TS
2021-06-23,5.3,29.2,24.2,2.51,0.348,Jayashankar Bhupalpally,TS
2021-06-24,0.1,30.1,24.2,3.59,0.345,Jayashankar Bhupalpally,TS
2021-06-25,1.0,32.1,25.5,4.74,0.339,Jayashankar Bhupalpally,TS
2021-06-26,5.5,31.4,25.5,3.36,0.35,Jayashankar Bhupalpally,TS
2021-06-27,9.9,30.1,24.9,3.02,0.393,Jayashankar Bhupalpally,TS
2021-06-28,9.2,32.2,24.5,4.38,0.395,Jayashankar Bhupalpally,TS
2021-06-29,0.1,34.2,25.0,5.08,0.383,Jayashankar Bhupalpally,TS
2021-06-30,2.6,34.3,26.8,4.99,0.362,Jayashankar Bhupalpally,TS
2021-07-01,3.1,31.7,26.4,3.53,0.37,Jayashankar Bhupalpally,TS
2021-07-02,12.9,27.7,24.9,1.7,0.413,Jayashankar Bhupalpally,TS
2021-07-03,0.0,31.9,25.5,3.94,0.396,Jayashankar Bhupalpally,TS
2021-07-04,0.1,33.4,25.5,4.73,0.379,Jayashankar Bhupalpally,TS
2021-07-05,0.2,31.7,26.1,3.38,0.37,Jayashankar Bhupalpally,TS
2021-07-06,0.5,32.7,25.1,4.51,0.359,Jayashankar Bhupalpally,TS
2021-07-07,12.8,32.0,26.2,3.7,0.386,Jayashankar Bhupalpally,TS
2021-07-08,20.6,28.4,25.0,1.89,0.412,Jayashankar Bhupalpally,TS
2021-07-09,2.9,31.9,24.6,4.22,0.409,Jayashankar Bhupalpally,TS
2021-07-10,3.5,30.3,24.8,3.6,0.396,Jayashankar Bhupalpally,TS
2021-07-11,22.6,30.6,24.9,3.15,0.416,Jayashankar Bhupalpally,TS
2021-07-12,43.2,30.4,25.0,2.75,0.427,Jayashankar Bhupalpally,TS
2021-07-13,22.3,29.0,24.7,2.12,0.422,Jayashankar Bhupalpally,TS
2021-07-14,16.8,29.0,24.4,2.57,0.422,Jayashankar Bhupalpally,TS
2021-07-15,3.7,30.5,24.4,3.73,0.412,Jayashankar Bhupalpally,TS
2021-07-16,1.4,31.7,24.5,4.49,0.395,Jayashankar Bhupalpally,TS
2021-07-17,2.6,32.1,25.1,4.35,0.386,Jayashankar Bhupalpally,TS
2021-07-18,3.9,31.6,25.3,3.77,0.381,Jayashankar Bhupalpally,TS
2021-07-19,3.5,31.8,25.0,4.33,0.376,Jayashankar Bhupalpally,TS
2021-07-20,1.9,30.6,25.2,3.48,0.384,Jayashankar Bhupalpally,TS
2021-07-21,56.2,27.0,24.4,1.93,0.425,Jayashankar Bhupalpally,TS
2021-07-22,68.2,27.3,24.2,1.68,0.429,Jayashankar Bhupalpally,TS
2021-07-23,27.3,27.4,24.1,1.74,0.427,Jayashankar Bhupalpally,TS
2021-07-24,0.4,30.5,24.6,3.79,0.409,Jayashankar Bhupalpally,TS
2021-07-25,0.3,32.9,26.1,5.49,0.397,Jayashankar Bhupalpally,TS
2021-07-26,0.2,32.7,26.1,5.49,0.383,Jayashankar Bhupalpally,TS
2021-07-27,0.1,31.9,26.9,5.0,0.369,Jayashankar Bhupalpally,TS
2021-07-28,0.0,30.3,26.5,4.03,0.36,Jayashankar Bhupalpally,TS
2021-07-29,0.6,31.2,25.7,3.54,0.356,Jayashankar Bhupalpally,TS
2021-07-30,0.2,31.7,25.6,4.31,0.355,Jayashankar Bhupalpally,TS
2021-07-31,2.1,31.4,24.4,4.58,0.358,Jayashankar Bhupalpally,TS
2021-08-01,0.2,31.1,26.0,5.11,0.35,Jayashankar Bhupalpally,TS
2021-08-02,0.9,31.9,25.9,5.46,0.341,Jayashankar Bhupalpally,TS
2021-08-03,0.2,31.8,25.9,5.21,0.334,Jayashankar Bhupalpally,TS
2021-08-04,0.1,32.2,26.1,5.29,0.327,Jayashankar Bhupalpally,TS
2021-08-05,0.7,31.7,26.4,4.71,0.322,Jayashankar Bhupalpally,TS
2021-08-06,10.7,28.6,25.0,2.48,0.348,Jayashankar Bhupalpally,TS
2021-08-07,7.3,30.9,24.2,3.24,0.376,Jayashankar Bhupalpally,TS
2021-08-08,0.0,33.3,25.1,4.64,0.341,Jayashankar Bhupalpally,TS
2021-08-09,7.8,31.9,25.4,3.95,0.376,Jayashankar Bhupalpally,TS
2021-08-10,2.6,31.9,26.4,4.12,0.368,Jayashankar Bhupalpally,TS
2021-08-11,0.6,32.3,25.8,4.99,0.359,Jayashankar Bhupalpally,TS
2021-08-12,13.6,31.3,25.5,4.18,0.373,Jayashankar Bhupalpally,TS
2021-08-13,4.7,31.5,25.7,3.72,0.376,Jayashankar Bhupalpally,TS
2021-08-14,4.7,31.6,25.6,4.09,0.372,Jayashankar Bhupalpally,TS
2021-08-15,0.9,31.3,25.2,4.0,0.361,Jayashankar Bhupalpally,TS
2021-08-16,10.5,28.9,24.8,1.92,0.396,Jayashankar Bhupalpally,TS
2021-08-17,32.2,26.9,24.1,1.57,0.426,Jayashankar Bhupalpally,TS
2021-08-18,2.5,29.8,24.3,3.32,0.408,Jayashankar Bhupalpally,TS
2021-08-19,4.6,30.3,24.4,3.5,0.407,Jayashankar Bhupalpally,TS
2021-08-20,3.8,29.4,24.3,2.35,0.415,Jayashankar Bhupalpally,TS
2021-08-21,0.5,31.2,24.2,3.88,0.398,Jayashankar Bhupalpally,TS
2021-08-22,3.1,32.0,24.3,4.58,0.387,Jayashankar Bhupalpally,TS
2021-08-23,0.3,32.1,24.8,4.63,0.393,Jayashankar Bhupalpally,TS
2021-08-24,1.7,31.4,25.4,4.13,0.366,Jayashankar Bhupalpally,TS
2021-08-25,4.5,31.9,25.6,3.86,0.361,Jayashankar Bhupalpally,TS
2021-08-26,7.9,30.5,25.3,3.4,0.371,Jayashankar Bhupalpally,TS
2021-08-27,1.3,31.1,25.1,3.2,0.355,Jayashankar Bhupalpally,TS
2021-08-28,1.6,30.3,25.3,3.01,0.369,Jayashankar Bhupalpally,TS
2021-08-29,21.9,30.0,24.7,3.31,0.382,Jayashankar Bhupalpally,TS
2021-08-30,11.7,29.3,24.6,2.55,0.407,Jayashankar Bhupalpally,TS
2021-08-31,3.7,30.0,23.8,3.26,0.413,Jayashankar Bhupalpally,TS
2021-09-01,6.7,29.6,23.8,3.37,0.408,Jayashankar Bhupalpally,TS
2021-09-02,12.7,31.3,23.9,3.92,0.395,Jayashankar Bhupalpally,TS
2021-09-03,11.2,30.9,24.2,3.45,0.418,Jayashankar Bhupalpally,TS
2021-09-04,20.7,29.5,23.9,2.67,0.421,Jayashankar Bhupalpally,TS
2021-09-05,12.3,30.7,24.2,3.38,0.422,Jayashankar Bhupalpally,TS
2021-09-06,19.8,26.8,24.7,1.46,0.428,Jayashankar Bhupalpally,TS
2021-09-07,40.5,27.6,24.2,2.14,0.425,Jayashankar Bhupalpally,TS
2021-09-08,0.5,31.3,24.4,4.74,0.407,Jayashankar Bhupalpally,TS
2021-09-09,1.4,32.2,25.3,5.01,0.396,Jayashankar Bhupalpally,TS
2021-09-10,0.9,30.0,25.0,2.87,0.404,Jayashankar Bhupalpally,TS
2021-09-11,6.3,29.1,25.0,2.5,0.409,Jayashankar Bhupalpally,TS
2021-09-12,0.4,31.2,25.5,4.19,0.387,Jayashankar Bhupalpally,TS
2021-09-13,5.6,29.5,25.9,2.7,0.385,Jayashankar Bhupalpally,TS
2021-09-14,3.7,30.9,25.2,3.05,0.402,Jayashankar Bhupalpally,TS
2021-09-15,0.3,31.7,25.6,4.98,0.381,Jayashankar Bhupalpally,TS
2021-09-16,0.1,32.0,24.6,5.01,0.364,Jayashankar Bhupalpally,TS
2021-09-17,0.4,30.6,24.2,3.9,0.349,Jayashankar Bhupalpally,TS
2021-09-18,0.7,28.3,25.0,1.71,0.341,Jayashankar Bhupalpally,TS
2021-09-19,0.0,31.9,25.1,3.92,0.329,Jayashankar Bhupalpally,TS
2021-09-20,11.1,30.1,24.7,3.44,0.374,Jayashankar Bhupalpally,TS
2021-09-21,8.2,29.0,24.4,2.45,0.398,Jayashankar Bhupalpally,TS
2021-09-22,4.6,29.5,23.8,3.29,0.393,Jayashankar Bhupalpally,TS
2021-09-23,7.8,29.2,24.0,2.89,0.4,Jayashankar Bhupalpally,TS
2021-09-24,12.7,30.3,23.8,3.62,0.413,Jayashankar Bhupalpally,TS
2021-09-25,6.7,30.0,24.6,3.23,0.409,Jayashankar Bhupalpally,TS
2021-09-26,11.5,30.6,24.5,3.24,0.417,Jayashankar Bhupalpally,TS
2021-09-27,111.4,25.1,24.1,0.74,0.429,Jayashankar Bhupalpally,TS
2021-09-28,3.8,30.3,23.9,3.48,0.418,Jayashankar Bhupalpally,TS
2021-09-29,0.6,31.3,24.2,3.8,0.402,Jayashankar Bhupalpally,TS
2021-09-30,2.7,31.5,24.9,3.51,0.39,Jayashankar Bhupalpally,TS
2021-10-01,1.7,32.0,24.7,4.2,0.389,Jayashankar Bhupalpally,TS
2021-10-02,1.8,31.0,24.7,3.77,0.395,Jayashankar Bhupalpally,TS
2021-10-03,1.8,31.0,24.9,3.61,0.378,Jayashankar Bhupalpally,TS
2021-10-04,3.1,31.6,24.7,3.96,0.364,Jayashankar Bhupalpally,TS
2021-10-05,4.6,31.5,24.9,3.6,0.369,Jayashankar Bhupalpally,TS
2021-10-06,0.2,31.8,24.2,4.26,0.363,Jayashankar Bhupalpally,TS
2021-10-07,0.4,32.0,24.5,4.08,0.348,Jayashankar Bhupalpally,TS
2021-10-08,1.8,31.7,25.2,3.49,0.339,Jayashankar Bhupalpally,TS
2021-10-09,2.1,31.6,25.0,3.74,0.372,Jayashankar Bhupalpally,TS
2021-10-10,0.1,32.7,24.3,4.51,0.36,Jayashankar Bhupalpally,TS
2021-10-11,0.0,32.2,22.7,4.52,0.342,Jayashankar Bhupalpally,TS
2021-10-12,0.0,32.3,22.9,4.41,0.311,Jayashankar Bhupalpally,TS
2021-10-13,0.0,33.4,24.2,4.8,0.262,Jayashankar Bhupalpally,TS
2021-10-14,0.0,33.6,24.1,4.9,0.253,Jayashankar Bhupalpally,TS
2021-10-15,11.1,32.3,24.1,3.54,0.26,Jayashankar Bhupalpally,TS
2021-10-16,18.1,25.8,23.6,1.05,0.371,Jayashankar Bhupalpally,TS
2021-10-17,2.3,31.4,23.3,3.26,0.354,Jayashankar Bhupalpally,TS
2021-10-18,0.2,32.5,24.4,4.19,0.358,Jayashankar Bhupalpally,TS
2021-10-19,0.0,32.0,24.7,4.57,0.338,Jayashankar Bhupalpally,TS
2021-10-20,0.0,31.4,22.8,4.5,0.32,Jayashankar Bhupalpally,TS
2021-10-21,0.0,31.5,23.4,4.6,0.307,Jayashankar Bhupalpally,TS
2021-10-22,0.0,31.4,22.1,4.62,0.298,Jayashankar Bhupalpally,TS
2021-10-23,0.0,31.7,20.9,4.43,0.286,Jayashankar Bhupalpally,TS
2021-10-24,0.0,31.5,21.9,4.28,0.275,Jayashankar Bhupalpally,TS
2021-10-25,0.0,31.2,21.4,4.34,0.265,Jayashankar Bhupalpally,TS
2021-10-26,0.0,31.4,20.7,4.54,0.255,Jayashankar Bhupalpally,TS
2021-10-27,0.0,30.8,19.8,4.77,0.255,Jayashankar Bhupalpally,TS
2021-10-28,0.0,32.2,21.4,4.56,0.258,Jayashankar Bhupalpally,TS
2021-10-29,0.0,32.2,22.4,4.17,0.254,Jayashankar Bhupalpally,TS
2021-10-30,0.3,32.1,23.1,3.91,0.253,Jayashankar Bhupalpally,TS
2021-10-31,0.0,32.1,23.0,4.08,0.257,Jayashankar Bhupalpally,TS
2021-11-01,0.0,31.0,22.7,3.51,0.262,Jayashankar Bhupalpally,TS
2021-11-02,9.0,28.9,22.6,2.2,0.3,Jayashankar Bhupalpally,TS
2021-11-03,9.3,29.0,22.4,2.48,0.328,Jayashankar Bhupalpally,TS
2021-11-04,0.3,30.5,21.4,3.73,0.321,Jayashankar Bhupalpally,TS
2021-11-05,0.0,30.7,21.2,3.93,0.296,Jayashankar Bhupalpally,TS
2021-11-06,0.0,30.5,21.3,4.08,0.28,Jayashankar Bhupalpally,TS
2021-11-07,0.0,30.1,20.0,4.39,0.269,Jayashankar Bhupalpally,TS
2021-11-08,0.0,29.7,18.6,4.23,0.262,Jayashankar Bhupalpally,TS
2021-11-09,0.0,29.9,18.2,4.05,0.253,Jayashankar Bhupalpally,TS
2021-11-10,0.0,30.5,19.2,4.26,0.247,Jayashankar Bhupalpally,TS
2021-11-11,8.8,28.8,20.7,2.56,0.258,Jayashankar Bhupalpally,TS
2021-11-12,15.8,29.6,22.3,2.39,0.357,Jayashankar Bhupalpally,TS
2021-11-13,2.3,28.5,22.6,2.27,0.373,Jayashankar Bhupalpally,TS
2021-11-14,4.6,28.7,22.7,2.44,0.385,Jayashankar Bhupalpally,TS
2021-11-15,0.5,29.7,22.7,3.04,0.368,Jayashankar Bhupalpally,TS
2021-11-16,0.3,30.7,22.8,2.92,0.353,Jayashankar Bhupalpally,TS
2021-11-17,0.0,30.9,22.9,3.37,0.343,Jayashankar Bhupalpally,TS
2021-11-18,0.0,29.0,23.0,2.08,0.33,Jayashankar Bhupalpally,TS
2021-11-19,4.0,29.0,23.3,2.48,0.352,Jayashankar Bhupalpally,TS
2021-11-20,2.3,29.7,23.0,2.61,0.362,Jayashankar Bhupalpally,TS
2021-11-21,2.0,30.5,22.5,2.96,0.339,Jayashankar Bhupalpally,TS
2021-11-22,0.1,30.3,22.5,2.85,0.32,Jayashankar Bhupalpally,TS
2021-11-23,0.8,29.7,23.5,2.92,0.314,Jayashankar Bhupalpally,TS
2021-11-24,0.1,31.6,23.0,3.7,0.308,Jayashankar Bhupalpally,TS
2021-11-25,0.0,31.0,22.3,3.68,0.295,Jayashankar Bhupalpally,TS
2021-11-26,0.0,30.6,20.2,3.94,0.292,Jayashankar Bhupalpally,TS
2021-11-27,0.0,29.9,20.4,3.6,0.283,Jayashankar Bhupalpally,TS
2021-11-28,0.0,30.0,18.3,3.39,0.278,Jayashankar Bhupalpally,TS
2021-11-29,0.2,29.3,22.1,2.71,0.271,Jayashankar Bhupalpally,TS
2021-11-30,0.0,29.6,20.2,3.32,0.266,Jayashankar Bhupalpally,TS
2021-12-01,0.0,29.2,20.4,3.59,0.26,Jayashankar Bhupalpally,TS
2021-12-02,0.0,28.8,18.7,3.5,0.255,Jayashankar Bhupalpally,TS
2021-12-03,0.0,28.9,18.9,3.08,0.249,Jayashankar Bhupalpally,TS
2021-12-04,0.0,30.1,18.8,3.96,0.242,Jayashankar Bhupalpally,TS
2021-12-05,0.0,30.2,19.6,3.95,0.231,Jayashankar Bhupalpally,TS
2021-12-06,0.0,31.0,19.9,3.79,0.223,Jayashankar Bhupalpally,TS
2021-12-07,0.0,31.2,20.2,3.71,0.22,Jayashankar Bhupalpally,TS
2021-12-08,0.0,30.7,19.3,3.36,0.218,Jayashankar Bhupalpally,TS
2021-12-09,0.0,30.6,21.9,3.45,0.215,Jayashankar Bhupalpally,TS
2021-12-10,0.9,29.5,22.5,2.76,0.216,Jayashankar Bhupalpally,TS
2021-12-11,0.0,30.6,21.2,3.54,0.214,Jayashankar Bhupalpally,TS
2021-12-12,0.0,30.1,19.7,3.7,0.211,Jayashankar Bhupalpally,TS
2021-12-13,0.0,28.9,18.6,3.41,0.208,Jayashankar Bhupalpally,TS
2021-12-14,0.1,28.4,19.0,3.19,0.209,Jayashankar Bhupalpally,TS
2021-12-15,0.0,28.0,17.8,3.3,0.209,Jayashankar Bhupalpally,TS
2021-12-16,0.0,28.2,15.6,3.68,0.205,Jayashankar Bhupalpally,TS
2021-12-17,0.0,28.0,16.8,3.77,0.202,Jayashankar Bhupalpally,TS
2021-12-18,0.0,28.3,16.1,3.84,0.198,Jayashankar Bhupalpally,TS
2021-12-19,0.0,27.1,14.9,3.56,0.197,Jayashankar Bhupalpally,TS
2021-12-20,0.0,26.8,15.2,3.74,0.196,Jayashankar Bhupalpally,TS
2021-12-21,0.0,26.2,12.8,3.74,0.2,Jayashankar Bhupalpally,TS
2021-12-22,0.0,26.9,14.4,3.59,0.199,Jayashankar Bhupalpally,TS
2021-12-23,0.0,28.5,13.7,3.52,0.196,Jayashankar Bhupalpally,TS
2021-12-24,0.0,29.3,14.8,3.68,0.198,Jayashankar Bhupalpally,TS
2021-12-25,0.0,30.0,18.4,3.64,0.198,Jayashankar Bhupalpally,TS
2021-12-26,0.0,29.3,19.3,3.2,0.196,Jayashankar Bhupalpally,TS
2021-12-27,0.0,29.0,19.4,3.19,0.195,Jayashankar Bhupalpally,TS
2021-12-28,0.0,29.1,19.4,3.67,0.196,Jayashankar Bhupalpally,TS
2021-12-29,0.1,28.7,17.8,3.24,0.198,Jayashankar Bhupalpally,TS
2021-12-30,0.5,27.8,17.4,3.22,0.2,Jayashankar Bhupalpally,TS
2021-12-31,0.0,28.7,17.2,3.42,0.199,Jayashankar Bhupalpally,TS
2022-01-01,0.0,28.8,17.4,3.53,0.197,Jayashankar Bhupalpally,TS
2022-01-02,0.0,28.8,16.9,3.67,0.194,Jayashankar Bhupalpally,TS
2022-01-03,0.0,27.7,16.4,3.5,0.192,Jayashankar Bhupalpally,TS
2022-01-04,0.0,28.5,16.7,3.5,0.192,Jayashankar Bhupalpally,TS
2022-01-05,0.0,28.0,18.3,3.32,0.191,Jayashankar Bhupalpally,TS
2022-01-06,0.0,29.1,18.3,3.6,0.189,Jayashankar Bhupalpally,TS
2022-01-07,0.0,29.1,18.6,4.09,0.191,Jayashankar Bhupalpally,TS
2022-01-08,0.0,29.3,19.1,3.86,0.194,Jayashankar Bhupalpally,TS
2022-01-09,0.0,29.4,19.5,3.82,0.192,Jayashankar Bhupalpally,TS
2022-01-10,7.4,27.8,19.2,2.38,0.226,Jayashankar Bhupalpally,TS
2022-01-11,19.1,27.6,19.1,2.33,0.266,Jayashankar Bhupalpally,TS
2022-01-12,15.4,23.4,18.7,1.57,0.333,Jayashankar Bhupalpally,TS
2022-01-13,1.2,24.4,18.8,1.76,0.352,Jayashankar Bhupalpally,TS
2022-01-14,6.8,26.1,18.4,2.07,0.349,Jayashankar Bhupalpally,TS
2022-01-15,0.0,26.0,17.7,2.45,0.354,Jayashankar Bhupalpally,TS
2022-01-16,0.0,27.5,17.1,3.17,0.332,Jayashankar Bhupalpally,TS
2022-01-17,0.0,27.2,18.7,3.16,0.321,Jayashankar Bhupalpally,TS
2022-01-18,0.0,27.5,16.9,3.75,0.307,Jayashankar Bhupalpally,TS
2022-01-19,0.0,27.2,17.8,3.65,0.293,Jayashankar Bhupalpally,TS
2022-01-20,0.0,28.0,17.8,3.72,0.285,Jayashankar Bhupalpally,TS
2022-01-21,0.0,28.6,18.0,4.11,0.278,Jayashankar Bhupalpally,TS
2022-01-22,0.0,29.6,17.4,4.03,0.271,Jayashankar Bhupalpally,TS
2022-01-23,0.0,28.1,20.3,3.78,0.266,Jayashankar Bhupalpally,TS
2022-01-24,0.0,26.9,17.7,4.16,0.257,Jayashankar Bhupalpally,TS
2022-01-25,0.0,26.8,15.8,3.91,0.249,Jayashankar Bhupalpally,TS
2022-01-26,0.0,27.6,15.3,3.97,0.246,Jayashankar Bhupalpally,TS
2022-01-27,0.0,26.9,14.9,4.25,0.245,Jayashankar Bhupalpally,TS
2022-01-28,0.0,26.0,12.6,4.17,0.24,Jayashankar Bhupalpally,TS
2022-01-29,0.0,27.0,12.7,3.95,0.231,Jayashankar Bhupalpally,TS
2022-01-30,0.0,27.8,13.0,4.22,0.225,Jayashankar Bhupalpally,TS
2022-01-31,0.0,29.8,13.7,4.21,0.219,Jayashankar Bhupalpally,TS
2022-02-01,0.0,30.1,14.5,4.23,0.217,Jayashankar Bhupalpally,TS
2022-02-02,0.0,31.0,16.4,4.25,0.215,Jayashankar Bhupalpally,TS
2022-02-03,0.0,30.7,19.3,4.59,0.214,Jayashankar Bhupalpally,TS
2022-02-04,0.0,28.4,18.1,4.7,0.215,Jayashankar Bhupalpally,TS
2022-02-05,0.0,28.3,14.9,4.55,0.215,Jayashankar Bhupalpally,TS
2022-02-06,0.0,29.1,15.2,4.33,0.211,Jayashankar Bhupalpally,TS
2022-02-07,0.0,30.6,17.6,4.29,0.209,Jayashankar Bhupalpally,TS
2022-02-08,0.0,30.7,18.4,4.21,0.205,Jayashankar Bhupalpally,TS
2022-02-09,0.0,30.8,20.1,4.46,0.206,Jayashankar Bhupalpally,TS
2022-02-10,0.0,28.8,19.4,3.78,0.211,Jayashankar Bhupalpally,TS
2022-02-11,0.0,29.9,18.7,4.46,0.214,Jayashankar Bhupalpally,TS
2022-02-12,0.0,29.5,16.2,4.66,0.214,Jayashankar Bhupalpally,TS
2022-02-13,0.0,29.6,16.0,4.46,0.208,Jayashankar Bhupalpally,TS
2022-02-14,0.0,29.9,16.0,4.28,0.209,Jayashankar Bhupalpally,TS
2022-02-15,0.0,30.4,17.8,4.37,0.212,Jayashankar Bhupalpally,TS
2022-02-16,0.0,30.1,19.4,4.1,0.211,Jayashankar Bhupalpally,TS
2022-02-17,0.0,29.0,19.9,3.99,0.213,Jayashankar Bhupalpally,TS
2022-02-18,0.0,31.6,19.1,4.37,0.214,Jayashankar Bhupalpally,TS
2022-02-19,0.0,31.5,19.8,4.74,0.213,Jayashankar Bhupalpally,TS
2022-02-20,0.0,33.0,20.6,5.3,0.209,Jayashankar Bhupalpally,TS
2022-02-21,0.0,32.2,19.0,5.16,0.205,Jayashankar Bhupalpally,TS
2022-02-22,0.0,33.3,18.0,4.8,0.198,Jayashankar Bhupalpally,TS
2022-02-23,0.0,32.5,20.4,4.81,0.194,Jayashankar Bhupalpally,TS
2022-02-24,0.0,32.9,20.8,5.15,0.191,Jayashankar Bhupalpally,TS
2022-02-25,0.0,32.6,20.4,4.86,0.19,Jayashankar Bhupalpally,TS
2022-02-26,0.0,32.8,18.7,5.37,0.188,Jayashankar Bhupalpally,TS
2022-02-27,0.0,33.0,19.9,5.47,0.185,Jayashankar Bhupalpally,TS
2022-02-28,0.0,34.2,20.0,5.73,0.186,Jayashankar Bhupalpally,TS
2022-03-01,0.0,33.9,18.9,5.34,0.2,Jayashankar Bhupalpally,TS
2022-03-02,0.0,33.7,19.9,5.02,0.196,Jayashankar Bhupalpally,TS
2022-03-03,0.0,34.7,20.6,5.24,0.187,Jayashankar Bhupalpally,TS
2022-03-04,0.0,34.0,19.6,5.11,0.185,Jayashankar Bhupalpally,TS
2022-03-05,0.0,33.7,19.9,5.42,0.184,Jayashankar Bhupalpally,TS
2022-03-06,0.0,34.0,21.2,5.37,0.181,Jayashankar Bhupalpally,TS
2022-03-07,0.0,33.0,21.1,4.78,0.178,Jayashankar Bhupalpally,TS
2022-03-08,0.0,33.9,22.0,5.41,0.176,Jayashankar Bhupalpally,TS
2022-03-09,0.0,34.1,20.2,5.2,0.179,Jayashankar Bhupalpally,TS
2022-03-10,0.0,33.9,22.1,5.11,0.181,Jayashankar Bhupalpally,TS
2022-03-11,0.0,34.5,21.3,5.29,0.191,Jayashankar Bhupalpally,TS
2022-03-12,0.0,34.7,21.6,5.51,0.196,Jayashankar Bhupalpally,TS
2022-03-13,0.0,35.4,21.8,5.85,0.192,Jayashankar Bhupalpally,TS
2022-03-14,0.0,35.3,19.1,6.0,0.193,Jayashankar Bhupalpally,TS
2022-03-15,0.0,36.6,19.6,6.15,0.192,Jayashankar Bhupalpally,TS
2022-03-16,0.0,37.4,20.7,6.47,0.191,Jayashankar Bhupalpally,TS
2022-03-17,0.0,38.0,21.8,6.37,0.197,Jayashankar Bhupalpally,TS
2022-03-18,0.0,36.3,22.5,5.75,0.193,Jayashankar Bhupalpally,TS
2022-03-19,0.0,35.1,23.2,5.12,0.2,Jayashankar Bhupalpally,TS
2022-03-20,0.3,35.1,24.6,5.27,0.215,Jayashankar Bhupalpally,TS
2022-03-21,6.0,32.6,23.4,3.42,0.242,Jayashankar Bhupalpally,TS
2022-03-22,0.0,35.9,24.7,5.12,0.236,Jayashankar Bhupalpally,TS
2022-03-23,0.0,37.0,22.7,5.76,0.239,Jayashankar Bhupalpally,TS
2022-03-24,0.0,36.2,23.8,5.11,0.236,Jayashankar Bhupalpally,TS
2022-03-25,0.0,36.5,24.4,5.37,0.238,Jayashankar Bhupalpally,TS
2022-03-26,0.3,36.3,24.7,5.04,0.236,Jayashankar Bhupalpally,TS
2022-03-27,0.0,36.6,24.9,5.52,0.241,Jayashankar Bhupalpally,TS
2022-03-28,0.0,37.4,25.3,5.82,0.238,Jayashankar Bhupalpally,TS
2022-03-29,0.0,37.9,24.7,6.0,0.237,Jayashankar Bhupalpally,TS
2022-03-30,0.0,38.1,24.1,5.92,0.23,Jayashankar Bhupalpally,TS
2022-03-31,0.0,37.7,24.3,5.87,0.23,Jayashankar Bhupalpally,TS
2022-04-01,0.0,36.8,24.4,5.74,0.23,Jayashankar Bhupalpally,TS
2022-04-02,0.0,36.3,24.8,5.67,0.233,Jayashankar Bhupalpally,TS
2022-04-03,0.0,36.6,24.6,5.85,0.236,Jayashankar Bhupalpally,TS
2022-04-04,0.0,36.5,25.2,5.99,0.236,Jayashankar Bhupalpally,TS
2022-04-05,0.0,36.4,25.2,5.99,0.239,Jayashankar Bhupalpally,TS
2022-04-06,0.0,36.7,24.7,5.83,0.249,Jayashankar Bhupalpally,TS
2022-04-07,0.0,36.6,25.3,5.84,0.245,Jayashankar Bhupalpally,TS
2022-04-08,0.0,36.7,24.9,6.07,0.252,Jayashankar Bhupalpally,TS
2022-04-09,0.0,36.7,25.2,5.65,0.257,Jayashankar Bhupalpally,TS
2022-04-10,0.0,36.4,25.1,6.09,0.251,Jayashankar Bhupalpally,TS
2022-04-11,0.0,36.3,24.9,5.7,0.241,Jayashankar Bhupalpally,TS
2022-04-12,0.0,37.3,24.7,5.95,0.233,Jayashankar Bhupalpally,TS
2022-04-13,0.0,37.8,24.8,6.1,0.221,Jayashankar Bhupalpally,TS
2022-04-14,0.0,37.8,25.0,5.75,0.219,Jayashankar Bhupalpally,TS
2022-04-15,0.0,37.1,25.8,5.74,0.217,Jayashankar Bhupalpally,TS
2022-04-16,0.0,35.9,27.3,5.52,0.209,Jayashankar Bhupalpally,TS
2022-04-17,0.0,37.4,26.4,5.74,0.208,Jayashankar Bhupalpally,TS
2022-04-18,0.0,37.5,26.3,6.06,0.204,Jayashankar Bhupalpally,TS
2022-04-19,0.0,39.3,25.8,6.54,0.199,Jayashankar Bhupalpally,TS
2022-04-20,0.0,39.9,26.6,6.43,0.201,Jayashankar Bhupalpally,TS
2022-04-21,0.2,37.4,26.2,6.18,0.205,Jayashankar Bhupalpally,TS
2022-04-22,0.2,34.9,25.4,5.55,0.207,Jayashankar Bhupalpally,TS
2022-04-23,0.6,36.0,26.1,5.55,0.213,Jayashankar Bhupalpally,TS
2022-04-24,0.0,37.6,26.6,6.1,0.218,Jayashankar Bhupalpally,TS
2022-04-25,0.0,39.2,27.2,6.64,0.214,Jayashankar Bhupalpally,TS
2022-04-26,0.0,38.7,26.8,6.46,0.205,Jayashankar Bhupalpally,TS
2022-04-27,0.0,38.5,26.7,6.23,0.199,Jayashankar Bhupalpally,TS
2022-04-28,0.0,39.6,27.3,6.62,0.195,Jayashankar Bhupalpally,TS
2022-04-29,0.0,40.1,27.2,6.74,0.185,Jayashankar Bhupalpally,TS
2022-04-30,0.0,40.1,26.7,6.66,0.185,Jayashankar Bhupalpally,TS
2022-05-01,0.0,39.9,27.3,7.13,0.185,Jayashankar Bhupalpally,TS
2022-05-02,0.0,38.8,26.9,6.18,0.181,Jayashankar Bhupalpally,TS
2022-05-03,0.0,39.1,27.9,6.21,0.177,Jayashankar Bhupalpally,TS
2022-05-04,0.0,36.2,26.8,5.81,0.177,Jayashankar Bhupalpally,TS
2022-05-05,0.5,36.9,27.4,5.97,0.189,Jayashankar Bhupalpally,TS
2022-05-06,0.0,38.5,26.9,6.52,0.184,Jayashankar Bhupalpally,TS
2022-05-07,0.0,38.1,26.5,6.28,0.178,Jayashankar Bhupalpally,TS
2022-05-08,0.3,36.8,27.6,5.51,0.176,Jayashankar Bhupalpally,TS
2022-05-09,0.0,38.4,25.5,6.26,0.173,Jayashankar Bhupalpally,TS
2022-05-10,0.0,35.8,26.0,5.04,0.173,Jayashankar Bhupalpally,TS
2022-05-11,2.5,33.4,27.5,4.05,0.205,Jayashankar Bhupalpally,TS
2022-05-12,0.1,33.6,26.9,4.87,0.242,Jayashankar Bhupalpally,TS
2022-05-13,0.0,35.9,25.7,5.41,0.229,Jayashankar Bhupalpally,TS
2022-05-14,0.0,38.1,26.7,6.12,0.216,Jayashankar Bhupalpally,TS
2022-05-15,0.3,38.4,27.3,6.3,0.203,Jayashankar Bhupalpally,TS
2022-05-16,0.0,37.3,27.5,5.73,0.195,Jayashankar Bhupalpally,TS
2022-05-17,0.3,37.0,27.4,5.51,0.186,Jayashankar Bhupalpally,TS
2022-05-18,14.0,35.5,26.7,4.53,0.219,Jayashankar Bhupalpally,TS
2022-05-19,10.7,34.2,26.3,4.43,0.326,Jayashankar Bhupalpally,TS
2022-05-20,0.0,35.0,25.8,5.1,0.281,Jayashankar Bhupalpally,TS
2022-05-21,0.0,37.6,27.1,6.11,0.261,Jayashankar Bhupalpally,TS
2022-05-22,0.0,38.2,28.0,7.69,0.245,Jayashankar Bhupalpally,TS
2022-05-23,0.0,38.4,28.5,7.78,0.225,Jayashankar Bhupalpally,TS
2022-05-24,0.0,39.3,28.5,7.1,0.21,Jayashankar Bhupalpally,TS
2022-05-25,0.0,37.7,25.4,5.86,0.21,Jayashankar Bhupalpally,TS
2022-05-26,0.1,38.4,27.4,6.05,0.208,Jayashankar Bhupalpally,TS
2022-05-27,4.0,38.0,25.0,6.0,0.213,Jayashankar Bhupalpally,TS
2022-05-28,0.0,38.3,27.2,7.25,0.205,Jayashankar Bhupalpally,TS
2022-05-29,0.0,38.3,28.7,7.04,0.199,Jayashankar Bhupalpally,TS
2022-05-30,0.0,38.8,29.0,7.24,0.194,Jayashankar Bhupalpally,TS
2022-05-31,0.5,37.0,27.7,5.51,0.192,Jayashankar Bhupalpally,TS
2022-06-01,0.0,38.3,28.5,6.32,0.189,Jayashankar Bhupalpally,TS
2022-06-02,0.0,39.5,28.4,6.71,0.18,Jayashankar Bhupalpally,TS
2022-06-03,0.0,40.5,29.2,7.29,0.174,Jayashankar Bhupalpally,TS
2022-06-04,0.0,40.8,29.3,7.32,0.17,Jayashankar Bhupalpally,TS
2022-06-05,0.3,38.9,29.6,6.4,0.168,Jayashankar Bhupalpally,TS
2022-06-06,0.0,40.8,28.9,7.41,0.173,Jayashankar Bhupalpally,TS
2022-06-07,0.0,40.0,28.6,7.29,0.184,Jayashankar Bhupalpally,TS
2022-06-08,0.0,38.7,30.1,7.68,0.176,Jayashankar Bhupalpally,TS
2022-06-09,0.0,39.2,29.5,7.31,0.172,Jayashankar Bhupalpally,TS
2022-06-10,4.2,38.6,29.5,6.51,0.168,Jayashankar Bhupalpally,TS
2022-06-11,0.0,37.3,28.7,6.24,0.169,Jayashankar Bhupalpally,TS
2022-06-12,0.5,36.7,26.6,5.5,0.168,Jayashankar Bhupalpally,TS
2022-06-13,0.0,34.6,27.0,3.9,0.163,Jayashankar Bhupalpally,TS
2022-06-14,0.1,36.8,26.9,5.88,0.163,Jayashankar Bhupalpally,TS
2022-06-15,12.6,36.8,25.4,5.73,0.18,Jayashankar Bhupalpally,TS
2022-06-16,0.5,34.3,25.2,4.68,0.21,Jayashankar Bhupalpally,TS
2022-06-17,0.1,35.0,25.9,4.92,0.179,Jayashankar Bhupalpally,TS
2022-06-18,0.5,34.4,26.4,5.03,0.238,Jayashankar Bhupalpally,TS
2022-06-19,1.4,33.2,26.6,4.41,0.273,Jayashankar Bhupalpally,TS
2022-06-20,12.7,34.6,25.5,4.34,0.32,Jayashankar Bhupalpally,TS
2022-06-21,21.8,30.1,24.7,2.67,0.381,Jayashankar Bhupalpally,TS
2022-06-22,11.7,30.7,25.2,2.52,0.39,Jayashankar Bhupalpally,TS
2022-06-23,3.7,32.6,25.7,3.86,0.368,Jayashankar Bhupalpally,TS
2022-06-24,9.3,31.3,25.0,3.53,0.387,Jayashankar Bhupalpally,TS
2022-06-25,6.0,32.0,25.4,3.13,0.396,Jayashankar Bhupalpally,TS
2022-06-26,11.6,29.8,24.4,2.78,0.411,Jayashankar Bhupalpally,TS
2022-06-27,17.3,30.3,24.4,3.15,0.411,Jayashankar Bhupalpally,TS
2022-06-28,10.7,30.4,24.6,3.68,0.414,Jayashankar Bhupalpally,TS
2022-06-29,2.9,31.2,24.7,3.72,0.406,Jayashankar Bhupalpally,TS
2022-06-30,4.1,32.5,25.8,4.01,0.39,Jayashankar Bhupalpally,TS
2022-07-01,12.5,32.2,24.9,4.51,0.399,Jayashankar Bhupalpally,TS
2022-07-02,3.2,30.4,25.3,3.52,0.399,Jayashankar Bhupalpally,TS
2022-07-03,22.3,29.1,24.7,2.92,0.422,Jayashankar Bhupalpally,TS
2022-07-04,16.1,28.7,24.9,1.85,0.423,Jayashankar Bhupalpally,TS
2022-07-05,7.3,29.1,24.7,2.67,0.415,Jayashankar Bhupalpally,TS
2022-07-06,30.8,28.1,24.4,1.52,0.423,Jayashankar Bhupalpally,TS
2022-07-07,9.5,30.5,24.7,3.32,0.421,Jayashankar Bhupalpally,TS
2022-07-08,72.9,25.5,24.5,1.15,0.43,Jayashankar Bhupalpally,TS
2022-07-09,127.6,25.5,23.9,1.01,0.43,Jayashankar Bhupalpally,TS
2022-07-10,133.3,25.2,23.6,1.51,0.43,Jayashankar Bhupalpally,TS
2022-07-11,110.4,24.8,23.8,1.09,0.43,Jayashankar Bhupalpally,TS
2022-07-12,119.0,25.1,23.6,1.3,0.43,Jayashankar Bhupalpally,TS
2022-07-13,48.8,27.3,23.6,2.09,0.426,Jayashankar Bhupalpally,TS
2022-07-14,51.5,27.6,23.3,1.78,0.428,Jayashankar Bhupalpally,TS
2022-07-15,23.7,29.3,23.8,3.04,0.418,Jayashankar Bhupalpally,TS
2022-07-16,6.7,30.8,24.8,3.78,0.416,Jayashankar Bhupalpally,TS
2022-07-17,26.6,27.1,24.8,1.61,0.428,Jayashankar Bhupalpally,TS
2022-07-18,29.1,31.2,24.3,3.48,0.423,Jayashankar Bhupalpally,TS
2022-07-19,0.0,32.3,23.8,5.3,0.404,Jayashankar Bhupalpally,TS
2022-07-20,0.4,32.1,24.7,4.98,0.39,Jayashankar Bhupalpally,TS
2022-07-21,8.4,30.4,24.1,3.25,0.411,Jayashankar Bhupalpally,TS
2022-07-22,37.3,30.1,24.7,2.72,0.421,Jayashankar Bhupalpally,TS
2022-07-23,11.7,28.2,24.3,2.21,0.426,Jayashankar Bhupalpally,TS
2022-07-24,27.6,29.2,24.3,2.89,0.424,Jayashankar Bhupalpally,TS
2022-07-25,8.1,31.0,24.2,3.93,0.423,Jayashankar Bhupalpally,TS
2022-07-26,7.1,29.7,23.8,2.99,0.419,Jayashankar Bhupalpally,TS
2022-07-27,0.7,31.4,23.5,4.47,0.411,Jayashankar Bhupalpally,TS
2022-07-28,3.9,31.4,24.2,4.08,0.412,Jayashankar Bhupalpally,TS
2022-07-29,7.1,31.8,24.8,4.08,0.414,Jayashankar Bhupalpally,TS
2022-07-30,9.4,30.9,24.1,3.96,0.415,Jayashankar Bhupalpally,TS
2022-07-31,1.6,32.1,24.9,4.58,0.397,Jayashankar Bhupalpally,TS
2022-08-01,2.9,32.3,25.5,4.14,0.379,Jayashankar Bhupalpally,TS
2022-08-02,1.5,32.1,25.6,3.71,0.377,Jayashankar Bhupalpally,TS
2022-08-03,6.7,31.8,25.2,4.13,0.397,Jayashankar Bhupalpally,TS
2022-08-04,2.4,30.7,24.6,3.24,0.408,Jayashankar Bhupalpally,TS
2022-08-05,6.5,31.0,24.8,3.43,0.412,Jayashankar Bhupalpally,TS
2022-08-06,15.7,29.4,24.5,2.93,0.422,Jayashankar Bhupalpally,TS
2022-08-07,18.1,28.7,24.4,1.94,0.427,Jayashankar Bhupalpally,TS
2022-08-08,29.2,26.6,24.3,1.74,0.426,Jayashankar Bhupalpally,TS
2022-08-09,19.0,28.0,24.1,2.65,0.427,Jayashankar Bhupalpally,TS
2022-08-10,6.2,30.9,23.8,4.1,0.422,Jayashankar Bhupalpally,TS
2022-08-11,0.3,30.9,25.4,4.5,0.409,Jayashankar Bhupalpally,TS
2022-08-12,0.3,32.1,25.7,5.43,0.398,Jayashankar Bhupalpally,TS
2022-08-13,5.4,31.4,24.8,4.28,0.394,Jayashankar Bhupalpally,TS
2022-08-14,33.4,25.9,24.1,1.31,0.429,Jayashankar Bhupalpally,TS
2022-08-15,15.4,28.9,23.9,2.78,0.423,Jayashankar Bhupalpally,TS
2022-08-16,0.0,32.3,23.8,5.31,0.403,Jayashankar Bhupalpally,TS
2022-08-17,0.0,33.0,24.6,5.3,0.383,Jayashankar Bhupalpally,TS
2022-08-18,0.6,32.2,25.2,5.26,0.373,Jayashankar Bhupalpally,TS
2022-08-19,7.6,30.4,25.6,3.47,0.373,Jayashankar Bhupalpally,TS
2022-08-20,0.1,31.1,25.6,4.06,0.382,Jayashankar Bhupalpally,TS
2022-08-21,0.0,31.9,25.4,5.43,0.367,Jayashankar Bhupalpally,TS
2022-08-22,0.1,32.0,25.8,5.56,0.352,Jayashankar Bhupalpally,TS
2022-08-23,0.7,32.0,24.5,4.85,0.343,Jayashankar Bhupalpally,TS
2022-08-24,4.2,32.4,23.4,4.38,0.37,Jayashankar Bhupalpally,TS
2022-08-25,2.5,31.7,23.9,4.14,0.368,Jayashankar Bhupalpally,TS
2022-08-26,0.1,32.9,24.2,5.09,0.344,Jayashankar Bhupalpally,TS
2022-08-27,0.5,32.4,24.8,4.56,0.33,Jayashankar Bhupalpally,TS
2022-08-28,2.5,33.0,25.5,4.55,0.323,Jayashankar Bhupalpally,TS
2022-08-29,16.3,31.9,24.5,3.96,0.356,Jayashankar Bhupalpally,TS
2022-08-30,8.6,33.2,23.8,5.01,0.381,Jayashankar Bhupalpally,TS
2022-08-31,33.6,30.6,24.0,3.15,0.4,Jayashankar Bhupalpally,TS
2022-09-01,0.7,31.7,24.8,4.35,0.367,Jayashankar Bhupalpally,TS
2022-09-02,0.1,33.5,24.5,4.98,0.343,Jayashankar Bhupalpally,TS
2022-09-03,0.4,33.0,25.3,4.7,0.327,Jayashankar Bhupalpally,TS
2022-09-04,10.9,31.3,23.8,3.73,0.37,Jayashankar Bhupalpally,TS
2022-09-05,0.0,32.5,24.7,4.56,0.342,Jayashankar Bhupalpally,TS
2022-09-06,0.2,31.9,24.6,3.8,0.323,Jayashankar Bhupalpally,TS
2022-09-07,9.9,31.5,24.2,3.17,0.356,Jayashankar Bhupalpally,TS
2022-09-08,19.3,30.3,24.1,2.77,0.395,Jayashankar Bhupalpally,TS
2022-09-09,19.9,27.9,24.2,1.97,0.411,Jayashankar Bhupalpally,TS
2022-09-10,22.6,28.2,24.6,2.07,0.421,Jayashankar Bhupalpally,TS
2022-09-11,42.8,25.9,24.2,1.18,0.429,Jayashankar Bhupalpally,TS
2022-09-12,12.5,30.0,24.1,3.4,0.421,Jayashankar Bhupalpally,TS
2022-09-13,0.0,30.9,24.7,4.23,0.401,Jayashankar Bhupalpally,TS
2022-09-14,0.4,31.8,25.0,5.21,0.386,Jayashankar Bhupalpally,TS
2022-09-15,0.5,32.4,25.0,5.08,0.374,Jayashankar Bhupalpally,TS
2022-09-16,0.2,32.0,24.9,4.72,0.361,Jayashankar Bhupalpally,TS
2022-09-17,2.1,31.5,24.8,4.11,0.361,Jayashankar Bhupalpally,TS
2022-09-18,1.3,31.4,24.5,4.0,0.359,Jayashankar Bhupalpally,TS
2022-09-19,11.0,28.5,24.3,1.78,0.38,Jayashankar Bhupalpally,TS
2022-09-20,4.8,28.3,24.1,2.12,0.383,Jayashankar Bhupalpally,TS
2022-09-21,3.2,29.9,24.1,3.56,0.389,Jayashankar Bhupalpally,TS
2022-09-22,12.4,30.1,24.0,2.97,0.39,Jayashankar Bhupalpally,TS
2022-09-23,0.4,30.3,24.0,3.68,0.382,Jayashankar Bhupalpally,TS
2022-09-24,0.0,31.2,23.6,4.66,0.356,Jayashankar Bhupalpally,TS
2022-09-25,0.1,31.4,23.0,4.51,0.339,Jayashankar Bhupalpally,TS
2022-09-26,7.0,31.0,24.3,3.26,0.338,Jayashankar Bhupalpally,TS
2022-09-27,11.9,30.5,23.3,3.23,0.376,Jayashankar Bhupalpally,TS
2022-09-28,5.1,30.4,24.2,3.11,0.36,Jayashankar Bhupalpally,TS
2022-09-29,22.1,28.7,23.8,2.36,0.395,Jayashankar Bhupalpally,TS
2022-09-30,10.3,29.8,23.9,2.63,0.403,Jayashankar Bhupalpally,TS
2022-10-01,0.7,31.3,23.6,3.34,0.386,Jayashankar Bhupalpally,TS
2022-10-02,0.0,32.1,24.0,4.7,0.371,Jayashankar Bhupalpally,TS
2022-10-03,0.0,32.0,23.9,5.02,0.356,Jayashankar Bhupalpally,TS
2022-10-04,0.7,29.9,24.4,3.0,0.353,Jayashankar Bhupalpally,TS
2022-10-05,11.7,30.4,23.3,2.78,0.371,Jayashankar Bhupalpally,TS
2022-10-06,15.4,29.2,23.2,2.43,0.408,Jayashankar Bhupalpally,TS
2022-10-07,6.7,29.4,23.8,3.36,0.406,Jayashankar Bhupalpally,TS
2022-10-08,0.3,30.8,23.7,3.94,0.393,Jayashankar Bhupalpally,TS
2022-10-09,12.3,29.4,23.5,2.58,0.396,Jayashankar Bhupalpally,TS
2022-10-10,3.7,30.5,23.2,3.26,0.409,Jayashankar Bhupalpally,TS
2022-10-11,0.5,30.9,23.7,4.2,0.392,Jayashankar Bhupalpally,TS
2022-10-12,0.5,31.3,23.0,4.3,0.376,Jayashankar Bhupalpally,TS
2022-10-13,13.1,29.7,23.4,2.9,0.382,Jayashankar Bhupalpally,TS
2022-10-14,1.2,30.0,23.3,3.19,0.365,Jayashankar Bhupalpally,TS
2022-10-15,11.5,29.2,23.5,3.06,0.388,Jayashankar Bhupalpally,TS
2022-10-16,3.6,29.1,22.3,3.05,0.394,Jayashankar Bhupalpally,TS
2022-10-17,0.7,31.2,23.1,3.88,0.366,Jayashankar Bhupalpally,TS
2022-10-18,2.7,30.5,22.7,3.29,0.37,Jayashankar Bhupalpally,TS
2022-10-19,5.6,30.6,22.6,3.85,0.373,Jayashankar Bhupalpally,TS
2022-10-20,0.6,30.4,22.6,3.91,0.347,Jayashankar Bhupalpally,TS
2022-10-21,0.0,31.3,21.6,4.56,0.324,Jayashankar Bhupalpally,TS
2022-10-22,0.0,30.1,19.3,4.71,0.314,Jayashankar Bhupalpally,TS
2022-10-23,0.0,30.4,18.9,4.72,0.305,Jayashankar Bhupalpally,TS
2022-10-24,0.0,29.7,19.5,4.73,0.299,Jayashankar Bhupalpally,TS
2022-10-25,0.0,30.3,17.7,4.55,0.291,Jayashankar Bhupalpally,TS
2022-10-26,0.0,30.6,19.3,4.26,0.278,Jayashankar Bhupalpally,TS
2022-10-27,0.0,31.0,19.4,4.41,0.272,Jayashankar Bhupalpally,TS
2022-10-28,0.0,30.6,18.9,4.64,0.259,Jayashankar Bhupalpally,TS
2022-10-29,0.0,30.1,18.1,4.57,0.246,Jayashankar Bhupalpally,TS
2022-10-30,0.0,30.1,18.6,4.49,0.238,Jayashankar Bhupalpally,TS
2022-10-31,0.0,30.0,17.9,4.28,0.227,Jayashankar Bhupalpally,TS
2022-11-01,0.0,30.0,19.5,3.46,0.225,Jayashankar Bhupalpally,TS
2022-11-02,0.0,30.7,21.5,2.83,0.223,Jayashankar Bhupalpally,TS
2022-11-03,0.1,31.8,21.5,3.97,0.21,Jayashankar Bhupalpally,TS
2022-11-04,0.1,30.4,22.0,3.62,0.191,Jayashankar Bhupalpally,TS
2022-11-05,0.0,31.8,20.7,4.15,0.188,Jayashankar Bhupalpally,TS
2022-11-06,0.0,31.8,20.9,4.17,0.188,Jayashankar Bhupalpally,TS
2022-11-07,0.0,31.5,20.7,4.32,0.188,Jayashankar Bhupalpally,TS
2022-11-08,0.0,30.9,20.4,4.14,0.187,Jayashankar Bhupalpally,TS
2022-11-09,0.0,30.9,19.1,4.49,0.186,Jayashankar Bhupalpally,TS
2022-11-10,0.0,31.4,18.7,4.31,0.184,Jayashankar Bhupalpally,TS
2022-11-11,0.0,31.3,19.1,4.36,0.185,Jayashankar Bhupalpally,TS
2022-11-12,0.0,31.6,19.4,4.16,0.184,Jayashankar Bhupalpally,TS
2022-11-13,0.0,30.6,19.3,4.09,0.181,Jayashankar Bhupalpally,TS
2022-11-14,0.0,30.4,18.3,4.11,0.183,Jayashankar Bhupalpally,TS
2022-11-15,0.0,30.0,17.9,4.22,0.185,Jayashankar Bhupalpally,TS
2022-11-16,0.0,30.0,15.9,4.14,0.19,Jayashankar Bhupalpally,TS
2022-11-17,0.0,29.8,16.4,4.33,0.189,Jayashankar Bhupalpally,TS
2022-11-18,0.0,30.0,16.6,4.3,0.187,Jayashankar Bhupalpally,TS
2022-11-19,0.0,28.1,16.5,4.2,0.192,Jayashankar Bhupalpally,TS
2022-11-20,0.0,27.4,15.7,4.08,0.193,Jayashankar Bhupalpally,TS
2022-11-21,0.9,29.8,18.9,3.56,0.194,Jayashankar Bhupalpally,TS
2022-11-22,0.0,32.6,19.8,3.88,0.195,Jayashankar Bhupalpally,TS
2022-11-23,0.0,30.9,20.7,3.63,0.193,Jayashankar Bhupalpally,TS
2022-11-24,0.0,30.8,21.9,3.73,0.193,Jayashankar Bhupalpally,TS
2022-11-25,0.0,30.7,20.2,3.98,0.19,Jayashankar Bhupalpally,TS
2022-11-26,0.0,29.5,17.9,4.06,0.188,Jayashankar Bhupalpally,TS
2022-11-27,0.0,29.2,16.4,4.05,0.189,Jayashankar Bhupalpally,TS
2022-11-28,0.0,28.8,16.8,3.82,0.19,Jayashankar Bhupalpally,TS
2022-11-29,0.0,29.2,16.4,3.74,0.191,Jayashankar Bhupalpally,TS
2022-11-30,0.0,29.4,16.9,3.66,0.193,Jayashankar Bhupalpally,TS
2022-12-01,0.0,30.2,18.0,3.63,0.196,Jayashankar Bhupalpally,TS
2022-12-02,0.0,30.1,19.2,3.43,0.197,Jayashankar Bhupalpally,TS
2022-12-03,0.0,30.7,20.2,3.56,0.199,Jayashankar Bhupalpally,TS
2022-12-04,0.0,30.8,20.3,4.02,0.206,Jayashankar Bhupalpally,TS
2022-12-05,0.0,29.5,17.8,3.58,0.209,Jayashankar Bhupalpally,TS
2022-12-06,0.0,30.4,16.9,3.89,0.211,Jayashankar Bhupalpally,TS
2022-12-07,0.0,29.6,17.0,3.99,0.217,Jayashankar Bhupalpally,TS
2022-12-08,0.0,27.9,16.4,4.02,0.219,Jayashankar Bhupalpally,TS
2022-12-09,0.3,28.7,16.6,3.31,0.224,Jayashankar Bhupalpally,TS
2022-12-10,4.2,29.0,19.9,2.78,0.306,Jayashankar Bhupalpally,TS
2022-12-11,4.9,28.4,20.7,2.67,0.364,Jayashankar Bhupalpally,TS
2022-12-12,0.2,29.3,19.7,3.27,0.349,Jayashankar Bhupalpally,TS
2022-12-13,0.8,29.2,21.8,2.86,0.325,Jayashankar Bhupalpally,TS
2022-12-14,0.6,30.2,21.9,3.2,0.311,Jayashankar Bhupalpally,TS
2022-12-15,0.0,29.9,21.5,3.2,0.301,Jayashankar Bhupalpally,TS
2022-12-16,0.0,30.5,21.4,3.45,0.288,Jayashankar Bhupalpally,TS
2022-12-17,0.0,31.0,20.9,3.62,0.277,Jayashankar Bhupalpally,TS
2022-12-18,0.0,29.3,18.8,3.46,0.269,Jayashankar Bhupalpally,TS
2022-12-19,0.0,28.2,18.0,3.36,0.262,Jayashankar Bhupalpally,TS
2022-12-20,0.0,29.8,17.1,3.57,0.253,Jayashankar Bhupalpally,TS
2022-12-21,0.0,29.6,17.2,3.65,0.249,Jayashankar Bhupalpally,TS
2022-12-22,0.0,29.7,16.2,3.48,0.248,Jayashankar Bhupalpally,TS
2022-12-23,0.0,29.9,17.8,3.5,0.244,Jayashankar Bhupalpally,TS
2022-12-24,0.0,29.8,17.4,3.62,0.241,Jayashankar Bhupalpally,TS
2022-12-25,0.0,30.5,17.7,3.79,0.237,Jayashankar Bhupalpally,TS
2022-12-26,0.1,30.0,19.1,3.17,0.233,Jayashankar Bhupalpally,TS
2022-12-27,0.0,30.4,21.8,3.21,0.232,Jayashankar Bhupalpally,TS
2022-12-28,0.0,30.5,21.6,3.37,0.23,Jayashankar Bhupalpally,TS
2022-12-29,0.0,30.5,20.5,3.39,0.224,Jayashankar Bhupalpally,TS
2022-12-30,0.0,30.8,19.8,3.72,0.221,Jayashankar Bhupalpally,TS
2022-12-31,0.0,30.9,18.9,3.68,0.218,Jayashankar Bhupalpally,TS
2023-01-01,0.0,30.6,20.1,3.58,0.217,Jayashankar Bhupalpally,TS
2023-01-02,0.1,29.7,19.1,3.22,0.217,Jayashankar Bhupalpally,TS
2023-01-03,0.0,29.4,20.5,3.2,0.215,Jayashankar Bhupalpally,TS
2023-01-04,0.3,29.2,20.7,3.32,0.218,Jayashankar Bhupalpally,TS
2023-01-05,0.5,25.7,20.9,1.88,0.231,Jayashankar Bhupalpally,TS
2023-01-06,0.1,28.7,19.7,3.33,0.239,Jayashankar Bhupalpally,TS
2023-01-07,0.0,28.0,17.0,3.87,0.237,Jayashankar Bhupalpally,TS
2023-01-08,0.0,27.0,13.7,3.79,0.231,Jayashankar Bhupalpally,TS
2023-01-09,0.0,27.2,12.8,3.64,0.228,Jayashankar Bhupalpally,TS
2023-01-10,0.0,28.9,14.5,3.73,0.225,Jayashankar Bhupalpally,TS
2023-01-11,0.0,28.7,14.6,3.64,0.221,Jayashankar Bhupalpally,TS
2023-01-12,0.0,29.7,16.1,3.78,0.223,Jayashankar Bhupalpally,TS
2023-01-13,0.0,29.6,16.6,3.68,0.224,Jayashankar Bhupalpally,TS
2023-01-14,0.0,29.4,17.8,3.82,0.224,Jayashankar Bhupalpally,TS
2023-01-15,0.0,29.8,16.9,3.76,0.222,Jayashankar Bhupalpally,TS
2023-01-16,0.0,29.8,18.8,3.87,0.219,Jayashankar Bhupalpally,TS
2023-01-17,0.0,29.4,18.3,3.96,0.218,Jayashankar Bhupalpally,TS
2023-01-18,0.0,29.6,18.6,3.67,0.219,Jayashankar Bhupalpally,TS
2023-01-19,0.0,29.2,18.8,3.79,0.221,Jayashankar Bhupalpally,TS
2023-01-20,0.0,29.6,19.2,3.66,0.223,Jayashankar Bhupalpally,TS
2023-01-21,0.0,29.3,18.5,3.84,0.223,Jayashankar Bhupalpally,TS
2023-01-22,0.0,29.7,18.2,3.73,0.222,Jayashankar Bhupalpally,TS
2023-01-23,0.0,29.4,18.2,3.96,0.223,Jayashankar Bhupalpally,TS
2023-01-24,0.0,30.0,18.0,4.2,0.228,Jayashankar Bhupalpally,TS
2023-01-25,0.0,29.6,17.1,4.01,0.226,Jayashankar Bhupalpally,TS
2023-01-26,0.0,30.3,17.3,3.96,0.224,Jayashankar Bhupalpally,TS
2023-01-27,0.0,30.0,17.6,3.99,0.229,Jayashankar Bhupalpally,TS
2023-01-28,0.0,30.5,17.3,4.01,0.238,Jayashankar Bhupalpally,TS
2023-01-29,0.0,30.6,18.0,4.55,0.237,Jayashankar Bhupalpally,TS
2023-01-30,0.0,30.4,18.4,4.25,0.232,Jayashankar Bhupalpally,TS
2023-01-31,0.0,30.5,19.4,4.16,0.232,Jayashankar Bhupalpally,TS
2023-02-01,0.0,32.2,18.6,4.24,0.234,Jayashankar Bhupalpally,TS
2023-02-02,0.0,30.2,18.2,4.68,0.243,Jayashankar Bhupalpally,TS
2023-02-03,0.0,30.3,15.3,4.41,0.247,Jayashankar Bhupalpally,TS
2023-02-04,0.0,30.7,15.5,4.35,0.252,Jayashankar Bhupalpally,TS
2023-02-05,0.0,29.9,15.8,4.45,0.25,Jayashankar Bhupalpally,TS
2023-02-06,0.0,30.7,15.5,4.31,0.251,Jayashankar Bhupalpally,TS
2023-02-07,0.0,31.6,17.9,4.49,0.252,Jayashankar Bhupalpally,TS
2023-02-08,0.0,31.3,19.9,4.39,0.253,Jayashankar Bhupalpally,TS
2023-02-09,0.0,31.2,18.2,4.48,0.256,Jayashankar Bhupalpally,TS
2023-02-10,0.0,32.2,17.2,4.75,0.255,Jayashankar Bhupalpally,TS
2023-02-11,0.0,32.4,17.5,4.74,0.254,Jayashankar Bhupalpally,TS
2023-02-12,0.0,32.9,17.4,5.29,0.251,Jayashankar Bhupalpally,TS
2023-02-13,0.0,31.2,16.1,5.11,0.249,Jayashankar Bhupalpally,TS
2023-02-14,0.0,30.6,14.9,5.03,0.25,Jayashankar Bhupalpally,TS
2023-02-15,0.0,32.3,15.9,5.2,0.248,Jayashankar Bhupalpally,TS
2023-02-16,0.0,33.4,16.9,5.35,0.243,Jayashankar Bhupalpally,TS
2023-02-17,0.0,31.4,17.4,4.71,0.241,Jayashankar Bhupalpally,TS
2023-02-18,0.0,31.6,18.0,4.53,0.231,Jayashankar Bhupalpally,TS
2023-02-19,0.0,31.5,18.9,4.51,0.224,Jayashankar Bhupalpally,TS
2023-02-20,0.0,32.2,20.1,4.93,0.22,Jayashankar Bhupalpally,TS
2023-02-21,0.0,33.6,20.6,5.17,0.227,Jayashankar Bhupalpally,TS
2023-02-22,0.0,33.9,19.5,5.13,0.219,Jayashankar Bhupalpally,TS
2023-02-23,0.0,33.7,20.7,5.1,0.216,Jayashankar Bhupalpally,TS
2023-02-24,0.0,33.9,20.0,5.34,0.212,Jayashankar Bhupalpally,TS
2023-02-25,0.0,35.2,18.4,5.16,0.208,Jayashankar Bhupalpally,TS
2023-02-26,0.0,34.1,20.9,5.48,0.205,Jayashankar Bhupalpally,TS
2023-02-27,0.0,33.6,21.0,5.64,0.206,Jayashankar Bhupalpally,TS
2023-02-28,0.0,33.7,20.7,5.69,0.204,Jayashankar Bhupalpally,TS
2023-03-01,0.0,33.7,21.0,5.58,0.206,Jayashankar Bhupalpally,TS
2023-03-02,0.0,34.5,19.9,5.5,0.198,Jayashankar Bhupalpally,TS
2023-03-03,0.0,35.4,19.9,5.68,0.183,Jayashankar Bhupalpally,TS
2023-03-04,0.0,35.4,20.4,5.75,0.187,Jayashankar Bhupalpally,TS
2023-03-05,0.0,34.6,20.2,5.63,0.182,Jayashankar Bhupalpally,TS
2023-03-06,0.0,34.5,22.4,5.64,0.178,Jayashankar Bhupalpally,TS
2023-03-07,0.0,32.8,20.6,5.63,0.175,Jayashankar Bhupalpally,TS
2023-03-08,0.0,33.6,20.2,5.01,0.173,Jayashankar Bhupalpally,TS
2023-03-09,0.0,34.5,20.4,5.23,0.166,Jayashankar Bhupalpally,TS
2023-03-10,0.0,33.8,20.9,5.18,0.17,Jayashankar Bhupalpally,TS
2023-03-11,0.0,34.4,21.0,5.24,0.164,Jayashankar Bhupalpally,TS
2023-03-12,0.0,34.7,21.3,5.54,0.162,Jayashankar Bhupalpally,TS
2023-03-13,0.0,35.3,22.0,5.68,0.17,Jayashankar Bhupalpally,TS
2023-03-14,0.0,34.9,22.7,5.35,0.174,Jayashankar Bhupalpally,TS
2023-03-15,0.0,35.2,19.7,5.3,0.174,Jayashankar Bhupalpally,TS
2023-03-16,11.7,32.0,21.3,4.44,0.226,Jayashankar Bhupalpally,TS
2023-03-17,11.5,27.1,20.6,2.06,0.374,Jayashankar Bhupalpally,TS
2023-03-18,12.2,27.7,20.3,2.7,0.38,Jayashankar Bhupalpally,TS
2023-03-19,17.3,29.6,19.8,4.24,0.395,Jayashankar Bhupalpally,TS
2023-03-20,3.0,30.1,20.5,3.7,0.365,Jayashankar Bhupalpally,TS
2023-03-21,0.0,31.9,20.9,4.71,0.334,Jayashankar Bhupalpally,TS
2023-03-22,0.9,32.0,21.6,4.61,0.321,Jayashankar Bhupalpally,TS
2023-03-23,8.2,31.3,21.4,3.96,0.327,Jayashankar Bhupalpally,TS
2023-03-24,0.0,33.4,22.0,4.7,0.295,Jayashankar Bhupalpally,TS
2023-03-25,5.6,33.2,23.8,3.86,0.29,Jayashankar Bhupalpally,TS
2023-03-26,8.8,33.5,24.3,4.1,0.302,Jayashankar Bhupalpally,TS
2023-03-27,6.4,33.3,22.1,4.74,0.308,Jayashankar Bhupalpally,TS
2023-03-28,2.1,32.7,23.8,4.54,0.266,Jayashankar Bhupalpally,TS
2023-03-29,0.0,35.1,24.1,5.61,0.253,Jayashankar Bhupalpally,TS
2023-03-30,0.0,35.3,23.8,5.83,0.243,Jayashankar Bhupalpally,TS
2023-03-31,5.0,32.9,23.5,4.71,0.259,Jayashankar Bhupalpally,TS
2023-04-01,1.2,32.5,23.6,4.07,0.242,Jayashankar Bhupalpally,TS
2023-04-02,0.2,34.0,23.6,5.06,0.233,Jayashankar Bhupalpally,TS
2023-04-03,0.0,35.0,23.5,4.51,0.226,Jayashankar Bhupalpally,TS
2023-04-04,12.0,32.3,25.6,4.49,0.257,Jayashankar Bhupalpally,TS
2023-04-05,0.0,34.9,23.8,4.98,0.213,Jayashankar Bhupalpally,TS
2023-04-06,7.7,33.9,24.9,3.9,0.233,Jayashankar Bhupalpally,TS
2023-04-07,14.1,33.8,23.3,3.59,0.243,Jayashankar Bhupalpally,TS
2023-04-08,0.0,35.3,22.8,5.39,0.203,Jayashankar Bhupalpally,TS
2023-04-09,0.2,35.4,24.2,5.28,0.195,Jayashankar Bhupalpally,TS
2023-04-10,0.0,36.1,24.6,5.56,0.185,Jayashankar Bhupalpally,TS
2023-04-11,0.0,37.8,24.6,5.83,0.179,Jayashankar Bhupalpally,TS
2023-04-12,0.0,38.6,25.5,6.0,0.174,Jayashankar Bhupalpally,TS
2023-04-13,0.0,39.4,26.6,6.41,0.166,Jayashankar Bhupalpally,TS
2023-04-14,0.0,39.9,27.4,6.95,0.16,Jayashankar Bhupalpally,TS
2023-04-15,0.0,38.1,26.7,6.45,0.162,Jayashankar Bhupalpally,TS
2023-04-16,0.0,38.8,25.3,6.28,0.167,Jayashankar Bhupalpally,TS
2023-04-17,0.0,39.0,25.7,5.79,0.167,Jayashankar Bhupalpally,TS
2023-04-18,0.0,39.7,25.0,6.18,0.168,Jayashankar Bhupalpally,TS
2023-04-19,0.1,38.3,25.9,5.84,0.169,Jayashankar Bhupalpally,TS
2023-04-20,0.0,39.1,25.9,6.75,0.166,Jayashankar Bhupalpally,TS
2023-04-21,0.0,37.3,25.5,6.66,0.165,Jayashankar Bhupalpally,TS
2023-04-22,0.5,36.2,25.6,5.96,0.165,Jayashankar Bhupalpally,TS
2023-04-23,27.1,34.6,22.8,4.88,0.227,Jayashankar Bhupalpally,TS
2023-04-24,6.8,34.0,20.9,5.2,0.23,Jayashankar Bhupalpally,TS
2023-04-25,8.4,31.6,24.2,3.5,0.263,Jayashankar Bhupalpally,TS
2023-04-26,0.0,34.6,24.2,5.33,0.268,Jayashankar Bhupalpally,TS
2023-04-27,0.8,33.8,24.8,4.66,0.253,Jayashankar Bhupalpally,TS
2023-04-28,0.5,33.9,23.5,4.91,0.236,Jayashankar Bhupalpally,TS
2023-04-29,14.5,33.0,22.3,3.34,0.312,Jayashankar Bhupalpally,TS
2023-04-30,20.3,31.0,23.5,3.52,0.382,Jayashankar Bhupalpally,TS
2023-05-01,40.9,28.9,21.9,2.75,0.416,Jayashankar Bhupalpally,TS
2023-05-02,24.5,28.8,21.9,2.09,0.395,Jayashankar Bhupalpally,TS
2023-05-03,2.3,30.8,23.0,3.94,0.369,Jayashankar Bhupalpally,TS
2023-05-04,0.0,32.3,22.8,4.49,0.35,Jayashankar Bhupalpally,TS
2023-05-05,3.5,32.1,24.1,3.97,0.345,Jayashankar Bhupalpally,TS
2023-05-06,0.2,33.7,23.9,4.93,0.329,Jayashankar Bhupalpally,TS
2023-05-07,2.9,32.9,25.2,3.87,0.32,Jayashankar Bhupalpally,TS
2023-05-08,1.4,36.6,25.5,5.26,0.308,Jayashankar Bhupalpally,TS
2023-05-09,0.0,34.0,26.5,4.0,0.29,Jayashankar Bhupalpally,TS
2023-05-10,0.4,36.8,26.3,5.57,0.277,Jayashankar Bhupalpally,TS
2023-05-11,0.0,37.2,27.1,5.65,0.266,Jayashankar Bhupalpally,TS
2023-05-12,0.0,39.6,26.0,6.85,0.259,Jayashankar Bhupalpally,TS
2023-05-13,0.0,39.4,24.4,7.0,0.254,Jayashankar Bhupalpally,TS
2023-05-14,0.0,40.3,24.9,7.36,0.245,Jayashankar Bhupalpally,TS
2023-05-15,0.0,39.3,25.0,7.53,0.237,Jayashankar Bhupalpally,TS
2023-05-16,0.0,39.1,27.3,7.24,0.23,Jayashankar Bhupalpally,TS
2023-05-17,0.0,39.0,26.2,6.94,0.223,Jayashankar Bhupalpally,TS
2023-05-18,1.4,38.1,27.5,6.03,0.218,Jayashankar Bhupalpally,TS
2023-05-19,5.7,38.4,27.2,5.9,0.209,Jayashankar Bhupalpally,TS
2023-05-20,5.7,37.3,26.8,5.26,0.217,Jayashankar Bhupalpally,TS
2023-05-21,0.2,37.9,26.4,5.94,0.203,Jayashankar Bhupalpally,TS
2023-05-22,0.0,37.9,27.6,6.02,0.192,Jayashankar Bhupalpally,TS
2023-05-23,0.0,38.4,26.5,6.14,0.192,Jayashankar Bhupalpally,TS
2023-05-24,2.9,38.5,28.5,6.2,0.202,Jayashankar Bhupalpally,TS
2023-05-25,6.8,36.2,27.5,5.57,0.212,Jayashankar Bhupalpally,TS
2023-05-26,0.0,38.4,28.1,7.61,0.2,Jayashankar Bhupalpally,TS
2023-05-27,0.0,38.4,25.8,6.85,0.196,Jayashankar Bhupalpally,TS
2023-05-28,0.0,39.7,25.9,6.03,0.187,Jayashankar Bhupalpally,TS
2023-05-29,12.3,36.2,26.4,3.26,0.243,Jayashankar Bhupalpally,TS
2023-05-30,8.7,32.9,25.5,2.57,0.245,Jayashankar Bhupalpally,TS
2023-05-31,0.0,38.3,25.6,5.89,0.204,Jayashankar Bhupalpally,TS
2023-06-01,0.0,40.1,28.3,6.4,0.2,Jayashankar Bhupalpally,TS
2023-06-02,0.0,40.3,25.2,6.67,0.197,Jayashankar Bhupalpally,TS
2023-06-03,0.0,40.4,27.6,6.88,0.19,Jayashankar Bhupalpally,TS
2023-06-04,0.0,38.4,27.2,6.62,0.187,Jayashankar Bhupalpally,TS
2023-06-05,0.0,38.1,27.1,6.57,0.187,Jayashankar Bhupalpally,TS
2023-06-06,0.0,38.7,27.5,6.83,0.185,Jayashankar Bhupalpally,TS
2023-06-07,0.0,39.6,28.3,7.14,0.18,Jayashankar Bhupalpally,TS
2023-06-08,0.0,39.9,28.9,7.51,0.177,Jayashankar Bhupalpally,TS
2023-06-09,0.0,40.0,29.5,7.86,0.178,Jayashankar Bhupalpally,TS
2023-06-10,0.1,38.6,30.6,7.62,0.178,Jayashankar Bhupalpally,TS
2023-06-11,12.0,39.0,25.3,7.05,0.207,Jayashankar Bhupalpally,TS
2023-06-12,0.1,39.1,29.4,7.15,0.168,Jayashankar Bhupalpally,TS
2023-06-13,0.0,39.2,28.7,7.89,0.166,Jayashankar Bhupalpally,TS
2023-06-14,0.0,39.0,31.1,8.57,0.162,Jayashankar Bhupalpally,TS
2023-06-15,0.0,38.8,31.0,8.24,0.159,Jayashankar Bhupalpally,TS
2023-06-16,0.0,39.1,30.3,7.63,0.157,Jayashankar Bhupalpally,TS
2023-06-17,0.0,39.4,29.4,7.91,0.153,Jayashankar Bhupalpally,TS
2023-06-18,0.0,38.6,28.8,6.24,0.151,Jayashankar Bhupalpally,TS
2023-06-19,0.0,38.7,29.7,6.58,0.15,Jayashankar Bhupalpally,TS
2023-06-20,5.8,38.4,28.9,5.41,0.161,Jayashankar Bhupalpally,TS
2023-06-21,13.4,34.8,28.2,4.02,0.222,Jayashankar Bhupalpally,TS
2023-06-22,3.6,34.7,26.6,4.95,0.259,Jayashankar Bhupalpally,TS
2023-06-23,24.1,31.5,25.6,2.27,0.347,Jayashankar Bhupalpally,TS
2023-06-24,1.5,32.1,25.7,3.19,0.352,Jayashankar Bhupalpally,TS
2023-06-25,11.9,31.5,25.6,3.07,0.35,Jayashankar Bhupalpally,TS
2023-06-26,20.4,29.6,24.6,1.97,0.406,Jayashankar Bhupalpally,TS
2023-06-27,1.2,31.3,25.3,4.05,0.386,Jayashankar Bhupalpally,TS
2023-06-28,2.6,33.3,25.7,4.93,0.379,Jayashankar Bhupalpally,TS
2023-06-29,1.8,34.1,25.1,5.68,0.366,Jayashankar Bhupalpally,TS
2023-06-30,0.0,33.7,27.0,5.43,0.351,Jayashankar Bhupalpally,TS
2023-07-01,0.4,34.5,27.4,6.16,0.363,Jayashankar Bhupalpally,TS
2023-07-02,0.0,34.4,26.8,6.03,0.345,Jayashankar Bhupalpally,TS
2023-07-03,1.0,34.5,27.3,4.75,0.324,Jayashankar Bhupalpally,TS
2023-07-04,4.9,34.1,25.9,4.34,0.325,Jayashankar Bhupalpally,TS
2023-07-05,20.1,33.2,24.7,3.75,0.348,Jayashankar Bhupalpally,TS
2023-07-06,15.6,30.1,25.6,2.61,0.409,Jayashankar Bhupalpally,TS
2023-07-07,10.4,31.6,25.0,3.36,0.415,Jayashankar Bhupalpally,TS
2023-07-08,3.1,33.0,25.1,4.05,0.409,Jayashankar Bhupalpally,TS
2023-07-09,0.6,32.6,25.5,4.85,0.389,Jayashankar Bhupalpally,TS
2023-07-10,2.5,34.1,25.4,5.6,0.367,Jayashankar Bhupalpally,TS
2023-07-11,13.7,30.3,24.4,3.1,0.394,Jayashankar Bhupalpally,TS
2023-07-12,13.9,31.4,24.7,4.05,0.388,Jayashankar Bhupalpally,TS
2023-07-13,3.8,31.0,24.5,3.56,0.398,Jayashankar Bhupalpally,TS
2023-07-14,10.9,31.6,24.8,3.62,0.41,Jayashankar Bhupalpally,TS
2023-07-15,13.6,30.3,25.2,2.77,0.412,Jayashankar Bhupalpally,TS
2023-07-16,10.1,28.2,25.2,2.15,0.417,Jayashankar Bhupalpally,TS
2023-07-17,15.4,28.3,24.6,2.38,0.418,Jayashankar Bhupalpally,TS
2023-07-18,55.5,27.2,24.5,1.8,0.429,Jayashankar Bhupalpally,TS
2023-07-19,51.9,27.5,24.2,1.84,0.429,Jayashankar Bhupalpally,TS
2023-07-20,33.0,27.5,24.3,1.68,0.428,Jayashankar Bhupalpally,TS
2023-07-21,48.4,27.6,24.1,1.71,0.428,Jayashankar Bhupalpally,TS
2023-07-22,13.6,30.2,24.4,2.94,0.425,Jayashankar Bhupalpally,TS
2023-07-23,19.4,30.8,24.6,3.73,0.421,Jayashankar Bhupalpally,TS
2023-07-24,29.9,30.0,24.6,2.67,0.424,Jayashankar Bhupalpally,TS
2023-07-25,29.7,29.8,24.5,2.53,0.427,Jayashankar Bhupalpally,TS
2023-07-26,63.9,29.9,24.1,1.94,0.428,Jayashankar Bhupalpally,TS
2023-07-27,378.9,25.5,23.9,1.01,0.43,Jayashankar Bhupalpally,TS
2023-07-28,30.2,31.0,24.3,3.99,0.422,Jayashankar Bhupalpally,TS
2023-07-29,1.6,31.5,26.1,4.84,0.406,Jayashankar Bhupalpally,TS
2023-07-30,3.7,31.3,25.8,4.34,0.396,Jayashankar Bhupalpally,TS
2023-07-31,2.6,31.1,26.0,3.71,0.395,Jayashankar Bhupalpally,TS
2023-08-01,0.9,32.0,26.4,4.25,0.385,Jayashankar Bhupalpally,TS
2023-08-02,1.5,30.9,26.1,3.88,0.383,Jayashankar Bhupalpally,TS
2023-08-03,0.3,30.8,25.4,3.91,0.374,Jayashankar Bhupalpally,TS
2023-08-04,0.7,32.1,25.3,5.37,0.359,Jayashankar Bhupalpally,TS
2023-08-05,0.1,32.9,25.6,5.49,0.345,Jayashankar Bhupalpally,TS
2023-08-06,0.2,32.7,26.0,5.68,0.336,Jayashankar Bhupalpally,TS
2023-08-07,0.2,32.0,26.1,5.16,0.328,Jayashankar Bhupalpally,TS
2023-08-08,0.0,32.4,25.1,5.38,0.316,Jayashankar Bhupalpally,TS
2023-08-09,0.1,32.3,24.8,4.93,0.309,Jayashankar Bhupalpally,TS
2023-08-10,3.0,32.9,24.1,4.89,0.32,Jayashankar Bhupalpally,TS
2023-08-11,1.7,32.5,25.6,4.88,0.308,Jayashankar Bhupalpally,TS
2023-08-12,0.9,32.9,25.7,4.91,0.296,Jayashankar Bhupalpally,TS
2023-08-13,0.7,32.3,25.5,4.79,0.297,Jayashankar Bhupalpally,TS
2023-08-14,3.4,29.9,25.4,2.82,0.301,Jayashankar Bhupalpally,TS
2023-08-15,1.3,31.6,25.1,4.36,0.297,Jayashankar Bhupalpally,TS
2023-08-16,1.5,32.0,25.4,4.56,0.295,Jayashankar Bhupalpally,TS
2023-08-17,19.0,30.5,25.3,2.82,0.339,Jayashankar Bhupalpally,TS
2023-08-18,19.4,29.4,24.4,2.26,0.397,Jayashankar Bhupalpally,TS
2023-08-19,24.2,28.9,23.9,3.17,0.418,Jayashankar Bhupalpally,TS
2023-08-20,1.0,32.5,23.9,4.89,0.395,Jayashankar Bhupalpally,TS
2023-08-21,0.6,31.8,24.9,4.57,0.376,Jayashankar Bhupalpally,TS
2023-08-22,8.8,31.3,24.8,3.96,0.384,Jayashankar Bhupalpally,TS
2023-08-23,1.4,32.0,25.4,3.96,0.367,Jayashankar Bhupalpally,TS
2023-08-24,5.7,31.7,25.4,3.69,0.367,Jayashankar Bhupalpally,TS
2023-08-25,0.4,32.5,26.1,4.4,0.34,Jayashankar Bhupalpally,TS
2023-08-26,9.4,31.7,24.6,3.61,0.384,Jayashankar Bhupalpally,TS
2023-08-27,6.8,31.6,24.9,3.69,0.377,Jayashankar Bhupalpally,TS
2023-08-28,0.6,32.3,25.3,4.96,0.342,Jayashankar Bhupalpally,TS
2023-08-29,0.1,32.4,23.6,5.14,0.328,Jayashankar Bhupalpally,TS
2023-08-30,0.8,32.7,24.4,4.94,0.317,Jayashankar Bhupalpally,TS
2023-08-31,0.2,32.8,25.0,4.95,0.306,Jayashankar Bhupalpally,TS
2023-09-01,1.2,33.0,25.1,4.82,0.296,Jayashankar Bhupalpally,TS
2023-09-02,4.5,31.9,26.3,3.53,0.293,Jayashankar Bhupalpally,TS
2023-09-03,18.6,30.3,24.4,2.6,0.37,Jayashankar Bhupalpally,TS
2023-09-04,22.0,28.2,24.1,1.64,0.389,Jayashankar Bhupalpally,TS
2023-09-05,18.4,31.4,24.1,3.0,0.407,Jayashankar Bhupalpally,TS
2023-09-06,23.5,29.1,24.3,2.42,0.423,Jayashankar Bhupalpally,TS
2023-09-07,22.2,28.7,24.2,2.67,0.425,Jayashankar Bhupalpally,TS
2023-09-08,1.7,31.8,25.1,4.3,0.407,Jayashankar Bhupalpally,TS
2023-09-09,0.2,32.4,25.0,4.36,0.392,Jayashankar Bhupalpally,TS
2023-09-10,20.0,32.0,24.7,4.03,0.403,Jayashankar Bhupalpally,TS
2023-09-11,2.8,31.3,24.7,3.79,0.399,Jayashankar Bhupalpally,TS
2023-09-12,6.6,30.2,24.5,2.43,0.396,Jayashankar Bhupalpally,TS
2023-09-13,5.4,30.7,24.3,3.72,0.4,Jayashankar Bhupalpally,TS
2023-09-14,8.3,29.7,24.6,2.54,0.408,Jayashankar Bhupalpally,TS
2023-09-15,0.8,31.8,24.9,4.42,0.399,Jayashankar Bhupalpally,TS
2023-09-16,0.1,32.8,24.7,5.06,0.386,Jayashankar Bhupalpally,TS
2023-09-17,0.3,32.1,25.0,4.04,0.364,Jayashankar Bhupalpally,TS
2023-09-18,0.4,33.1,24.7,5.01,0.342,Jayashankar Bhupalpally,TS
2023-09-19,0.6,32.9,25.0,4.8,0.319,Jayashankar Bhupalpally,TS
2023-09-20,20.0,31.7,25.6,3.57,0.353,Jayashankar Bhupalpally,TS
2023-09-21,9.3,30.5,24.7,2.91,0.393,Jayashankar Bhupalpally,TS
2023-09-22,2.4,30.8,23.3,3.65,0.389,Jayashankar Bhupalpally,TS
2023-09-23,2.0,30.7,24.4,3.36,0.377,Jayashankar Bhupalpally,TS
2023-09-24,26.1,29.9,24.2,2.6,0.392,Jayashankar Bhupalpally,TS
2023-09-25,5.0,29.6,23.8,2.61,0.405,Jayashankar Bhupalpally,TS
2023-09-26,1.8,31.9,23.2,4.43,0.384,Jayashankar Bhupalpally,TS
2023-09-27,0.6,31.8,23.5,4.04,0.369,Jayashankar Bhupalpally,TS
2023-09-28,24.9,32.9,24.0,4.32,0.384,Jayashankar Bhupalpally,TS
2023-09-29,5.4,32.6,24.7,3.48,0.386,Jayashankar Bhupalpally,TS
2023-09-30,4.2,30.8,24.3,3.21,0.379,Jayashankar Bhupalpally,TS
2023-10-01,10.7,31.9,24.9,4.04,0.38,Jayashankar Bhupalpally,TS
2023-10-02,13.6,31.8,23.9,3.78,0.397,Jayashankar Bhupalpally,TS
2023-10-03,23.5,32.6,25.2,4.09,0.397,Jayashankar Bhupalpally,TS
2023-10-04,0.0,33.7,24.2,5.16,0.349,Jayashankar Bhupalpally,TS
2023-10-05,0.0,33.3,22.5,5.55,0.322,Jayashankar Bhupalpally,TS
2023-10-06,0.0,33.5,23.5,5.3,0.309,Jayashankar Bhupalpally,TS
2023-10-07,0.0,33.5,23.8,5.18,0.299,Jayashankar Bhupalpally,TS
2023-10-08,0.0,34.3,22.2,4.56,0.29,Jayashankar Bhupalpally,TS
2023-10-09,0.0,34.7,22.6,4.47,0.276,Jayashankar Bhupalpally,TS
2023-10-10,1.3,34.2,23.7,4.8,0.269,Jayashankar Bhupalpally,TS
2023-10-11,0.0,34.5,23.6,4.74,0.252,Jayashankar Bhupalpally,TS
2023-10-12,0.0,34.3,24.0,4.97,0.242,Jayashankar Bhupalpally,TS
2023-10-13,0.0,33.1,24.0,4.48,0.229,Jayashankar Bhupalpally,TS
2023-10-14,0.0,33.7,24.5,4.77,0.218,Jayashankar Bhupalpally,TS
2023-10-15,0.1,33.5,23.9,4.58,0.214,Jayashankar Bhupalpally,TS
2023-10-16,0.2,32.6,23.4,4.39,0.209,Jayashankar Bhupalpally,TS
2023-10-17,0.0,32.5,23.6,4.52,0.204,Jayashankar Bhupalpally,TS
2023-10-18,0.0,33.2,22.7,4.42,0.201,Jayashankar Bhupalpally,TS
2023-10-19,0.0,33.0,22.9,4.53,0.2,Jayashankar Bhupalpally,TS
2023-10-20,0.0,33.3,22.2,4.5,0.194,Jayashankar Bhupalpally,TS
2023-10-21,0.0,32.9,22.6,4.81,0.19,Jayashankar Bhupalpally,TS
2023-10-22,0.0,32.4,20.8,5.66,0.187,Jayashankar Bhupalpally,TS
2023-10-23,0.0,31.7,19.8,5.34,0.181,Jayashankar Bhupalpally,TS
2023-10-24,0.0,31.8,19.4,5.13,0.18,Jayashankar Bhupalpally,TS
2023-10-25,0.0,32.5,19.5,5.08,0.176,Jayashankar Bhupalpally,TS
2023-10-26,0.0,32.4,18.7,5.15,0.174,Jayashankar Bhupalpally,TS
2023-10-27,0.0,32.7,18.0,5.01,0.165,Jayashankar Bhupalpally,TS
2023-10-28,0.0,31.0,19.0,3.28,0.166,Jayashankar Bhupalpally,TS
2023-10-29,0.0,32.2,20.9,4.1,0.167,Jayashankar Bhupalpally,TS
2023-10-30,0.1,31.3,21.8,3.78,0.172,Jayashankar Bhupalpally,TS
2023-10-31,0.0,31.5,22.3,4.15,0.175,Jayashankar Bhupalpally,TS
2023-11-01,0.0,31.5,20.6,3.65,0.171,Jayashankar Bhupalpally,TS
2023-11-02,1.1,31.2,22.3,3.2,0.168,Jayashankar Bhupalpally,TS
2023-11-03,0.2,32.3,22.3,3.51,0.155,Jayashankar Bhupalpally,TS
2023-11-04,2.1,31.6,23.3,3.51,0.162,Jayashankar Bhupalpally,TS
2023-11-05,0.3,31.7,22.8,3.83,0.155,Jayashankar Bhupalpally,TS
2023-11-06,3.7,30.9,23.6,2.86,0.168,Jayashankar Bhupalpally,TS
2023-11-07,2.6,31.8,22.2,3.73,0.184,Jayashankar Bhupalpally,TS
2023-11-08,1.6,30.7,23.0,2.89,0.202,Jayashankar Bhupalpally,TS
2023-11-09,0.0,31.8,22.3,3.52,0.195,Jayashankar Bhupalpally,TS
2023-11-10,0.0,32.5,22.0,4.22,0.187,Jayashankar Bhupalpally,TS
2023-11-11,0.0,32.5,21.5,4.3,0.181,Jayashankar Bhupalpally,TS
2023-11-12,0.0,33.2,22.1,4.65,0.176,Jayashankar Bhupalpally,TS
2023-11-13,0.0,32.2,20.4,4.06,0.171,Jayashankar Bhupalpally,TS
2023-11-14,0.0,31.5,21.1,3.7,0.167,Jayashankar Bhupalpally,TS
2023-11-15,0.0,31.9,20.8,4.43,0.162,Jayashankar Bhupalpally,TS
2023-11-16,0.0,31.4,19.6,4.43,0.159,Jayashankar Bhupalpally,TS
2023-11-17,0.0,31.8,20.0,4.07,0.153,Jayashankar Bhupalpally,TS
2023-11-18,0.0,31.5,21.7,3.8,0.15,Jayashankar Bhupalpally,TS
2023-11-19,0.0,32.0,20.9,4.04,0.149,Jayashankar Bhupalpally,TS
2023-11-20,0.0,32.4,20.9,4.09,0.148,Jayashankar Bhupalpally,TS
2023-11-21,0.1,31.9,22.5,3.64,0.146,Jayashankar Bhupalpally,TS
2023-11-22,0.8,30.8,22.0,2.98,0.145,Jayashankar Bhupalpally,TS
2023-11-23,3.7,30.4,22.3,2.69,0.157,Jayashankar Bhupalpally,TS
2023-11-24,8.1,28.9,21.5,2.25,0.224,Jayashankar Bhupalpally,TS
2023-11-25,0.3,29.9,20.9,3.13,0.312,Jayashankar Bhupalpally,TS
2023-11-26,0.2,30.7,22.2,3.68,0.288,Jayashankar Bhupalpally,TS
2023-11-27,0.0,30.5,21.4,3.77,0.266,Jayashankar Bhupalpally,TS
2023-11-28,0.3,31.3,20.5,3.89,0.251,Jayashankar Bhupalpally,TS
2023-11-29,0.0,31.0,20.8,3.82,0.237,Jayashankar Bhupalpally,TS
2023-11-30,0.0,31.6,19.8,3.98,0.223,Jayashankar Bhupalpally,TS
2023-12-01,0.0,31.9,19.4,3.82,0.209,Jayashankar Bhupalpally,TS
2023-12-02,0.0,32.5,19.9,4.09,0.2,Jayashankar Bhupalpally,TS
2023-12-03,0.1,32.4,20.8,3.9,0.192,Jayashankar Bhupalpally,TS
2023-12-04,0.2,29.5,22.1,2.77,0.187,Jayashankar Bhupalpally,TS
2023-12-05,15.6,25.9,22.0,1.33,0.238,Jayashankar Bhupalpally,TS
2023-12-06,18.6,24.6,19.8,1.23,0.378,Jayashankar Bhupalpally,TS
2023-12-07,0.0,27.9,19.0,2.99,0.327,Jayashankar Bhupalpally,TS
2023-12-08,0.0,28.3,17.8,3.41,0.304,Jayashankar Bhupalpally,TS
2023-12-09,0.0,29.2,17.4,3.66,0.285,Jayashankar Bhupalpally,TS
2023-12-10,0.0,28.7,18.0,3.71,0.264,Jayashankar Bhupalpally,TS
2023-12-11,0.0,28.6,15.8,3.57,0.242,Jayashankar Bhupalpally,TS
2023-12-12,0.0,28.2,15.7,3.52,0.226,Jayashankar Bhupalpally,TS
2023-12-13,0.0,28.7,17.0,3.62,0.213,Jayashankar Bhupalpally,TS
2023-12-14,0.0,28.6,16.8,3.59,0.203,Jayashankar Bhupalpally,TS
2023-12-15,0.0,28.1,17.4,3.15,0.192,Jayashankar Bhupalpally,TS
2023-12-16,0.0,29.0,19.7,2.88,0.181,Jayashankar Bhupalpally,TS
2023-12-17,0.0,29.4,16.9,3.94,0.176,Jayashankar Bhupalpally,TS
2023-12-18,0.0,28.3,17.1,3.52,0.17,Jayashankar Bhupalpally,TS
2023-12-19,0.0,27.9,17.3,3.4,0.164,Jayashankar Bhupalpally,TS
2023-12-20,0.0,27.8,15.8,3.6,0.157,Jayashankar Bhupalpally,TS
2023-12-21,0.0,29.0,14.5,3.84,0.147,Jayashankar Bhupalpally,TS
2023-12-22,0.0,29.5,14.4,3.64,0.14,Jayashankar Bhupalpally,TS
2023-12-23,0.0,29.1,17.5,3.41,0.137,Jayashankar Bhupalpally,TS
2023-12-24,0.0,30.1,17.3,3.56,0.133,Jayashankar Bhupalpally,TS
2023-12-25,0.0,30.4,18.3,3.49,0.131,Jayashankar Bhupalpally,TS
2023-12-26,0.0,30.5,18.5,3.58,0.13,Jayashankar Bhupalpally,TS
2023-12-27,0.0,29.9,19.3,3.4,0.129,Jayashankar Bhupalpally,TS
2023-12-28,0.0,30.0,18.7,3.64,0.129,Jayashankar Bhupalpally,TS
2023-12-29,0.0,29.9,18.3,3.68,0.129,Jayashankar Bhupalpally,TS
2023-12-30,0.0,29.6,17.8,3.61,0.128,Jayashankar Bhupalpally,TS
2023-12-31,0.0,30.0,18.3,3.82,0.127,Jayashankar Bhupalpally,TS
2024-01-01,0.0,29.5,19.3,3.41,0.126,Jayashankar Bhupalpally,TS
2024-01-02,0.0,29.8,18.0,3.31,0.129,Jayashankar Bhupalpally,TS
2024-01-03,0.0,30.0,18.5,3.82,0.133,Jayashankar Bhupalpally,TS
2024-01-04,0.0,30.6,18.0,4.12,0.135,Jayashankar Bhupalpally,TS
2024-01-05,0.0,31.0,17.9,4.35,0.137,Jayashankar Bhupalpally,TS
2024-01-06,0.0,30.8,17.4,4.22,0.14,Jayashankar Bhupalpally,TS
2024-01-07,0.0,30.2,17.3,4.01,0.143,Jayashankar Bhupalpally,TS
2024-01-08,0.0,31.3,17.0,4.52,0.149,Jayashankar Bhupalpally,TS
2024-01-09,0.0,31.3,17.2,4.16,0.152,Jayashankar Bhupalpally,TS
2024-01-10,0.0,30.7,19.2,3.35,0.157,Jayashankar Bhupalpally,TS
2024-01-11,0.0,32.1,20.6,3.87,0.16,Jayashankar Bhupalpally,TS
2024-01-12,0.0,31.7,20.5,3.87,0.156,Jayashankar Bhupalpally,TS
2024-01-13,0.0,32.2,20.5,4.19,0.155,Jayashankar Bhupalpally,TS
2024-01-14,0.0,32.1,19.1,4.22,0.159,Jayashankar Bhupalpally,TS
2024-01-15,0.0,31.7,19.6,3.86,0.156,Jayashankar Bhupalpally,TS
2024-01-16,0.0,31.0,20.9,4.03,0.156,Jayashankar Bhupalpally,TS
2024-01-17,0.0,30.9,20.3,4.29,0.161,Jayashankar Bhupalpally,TS
2024-01-18,0.0,30.6,20.2,4.25,0.159,Jayashankar Bhupalpally,TS
2024-01-19,0.0,31.5,20.3,4.01,0.164,Jayashankar Bhupalpally,TS
2024-01-20,0.0,30.8,19.9,3.99,0.163,Jayashankar Bhupalpally,TS
2024-01-21,0.3,30.1,20.6,3.6,0.164,Jayashankar Bhupalpally,TS
2024-01-22,0.1,31.6,19.9,4.16,0.168,Jayashankar Bhupalpally,TS
2024-01-23,0.2,30.8,21.9,4.07,0.174,Jayashankar Bhupalpally,TS
2024-01-24,1.1,29.9,21.9,3.59,0.184,Jayashankar Bhupalpally,TS
2024-01-25,0.2,29.5,20.9,3.39,0.185,Jayashankar Bhupalpally,TS
2024-01-26,0.1,30.5,19.2,3.58,0.181,Jayashankar Bhupalpally,TS
2024-01-27,0.0,30.7,18.9,4.01,0.182,Jayashankar Bhupalpally,TS
2024-01-28,0.0,30.0,16.2,3.84,0.184,Jayashankar Bhupalpally,TS
2024-01-29,0.0,30.2,19.3,3.84,0.191,Jayashankar Bhupalpally,TS
2024-01-30,0.0,31.0,19.0,4.23,0.203,Jayashankar Bhupalpally,TS
2024-01-31,0.0,31.2,18.8,4.7,0.198,Jayashankar Bhupalpally,TS
2024-02-01,0.5,30.8,20.6,3.96,0.201,Jayashankar Bhupalpally,TS
2024-02-02,0.2,30.5,22.0,3.89,0.206,Jayashankar Bhupalpally,TS
2024-02-03,0.0,31.9,19.9,3.82,0.205,Jayashankar Bhupalpally,TS
2024-02-04,0.0,32.5,19.4,4.35,0.2,Jayashankar Bhupalpally,TS
2024-02-05,0.0,32.9,21.7,4.11,0.194,Jayashankar Bhupalpally,TS
2024-02-06,0.0,33.5,22.0,4.47,0.193,Jayashankar Bhupalpally,TS
2024-02-07,0.0,34.6,22.0,4.51,0.191,Jayashankar Bhupalpally,TS
2024-02-08,0.0,33.2,22.2,4.8,0.188,Jayashankar Bhupalpally,TS
2024-02-09,0.0,33.6,19.1,4.49,0.179,Jayashankar Bhupalpally,TS
2024-02-10,0.0,33.1,22.2,4.51,0.174,Jayashankar Bhupalpally,TS
2024-02-11,0.0,33.0,21.5,4.97,0.179,Jayashankar Bhupalpally,TS
2024-02-12,0.0,32.8,19.8,5.1,0.181,Jayashankar Bhupalpally,TS
2024-02-13,0.0,32.6,18.8,5.09,0.172,Jayashankar Bhupalpally,TS
2024-02-14,0.0,33.5,20.0,5.27,0.162,Jayashankar Bhupalpally,TS
2024-02-15,0.0,33.2,19.4,5.47,0.161,Jayashankar Bhupalpally,TS
2024-02-16,0.0,34.2,17.8,5.17,0.161,Jayashankar Bhupalpally,TS
2024-02-17,0.0,33.6,19.1,5.53,0.166,Jayashankar Bhupalpally,TS
2024-02-18,0.0,34.3,18.8,5.32,0.165,Jayashankar Bhupalpally,TS
2024-02-19,0.0,34.4,21.4,5.62,0.159,Jayashankar Bhupalpally,TS
2024-02-20,0.0,34.2,21.8,5.5,0.156,Jayashankar Bhupalpally,TS
2024-02-21,0.0,34.7,22.2,6.07,0.157,Jayashankar Bhupalpally,TS
2024-02-22,0.0,34.1,21.5,5.42,0.152,Jayashankar Bhupalpally,TS
2024-02-23,0.0,33.3,22.5,4.99,0.148,Jayashankar Bhupalpally,TS
2024-02-24,1.9,33.0,22.2,4.51,0.158,Jayashankar Bhupalpally,TS
2024-02-25,4.3,32.3,22.4,4.24,0.177,Jayashankar Bhupalpally,TS
2024-02-26,0.0,33.4,22.1,5.23,0.159,Jayashankar Bhupalpally,TS
2024-02-27,0.0,34.2,21.1,5.51,0.155,Jayashankar Bhupalpally,TS
2024-02-28,0.0,33.3,20.7,4.94,0.15,Jayashankar Bhupalpally,TS
2024-02-29,0.0,34.1,22.5,4.78,0.147,Jayashankar Bhupalpally,TS
2024-03-01,0.0,35.3,22.9,5.31,0.144,Jayashankar Bhupalpally,TS
2024-03-02,0.0,35.6,23.0,6.13,0.143,Jayashankar Bhupalpally,TS
2024-03-03,0.1,35.0,23.0,6.18,0.143,Jayashankar Bhupalpally,TS
2024-03-04,0.0,34.7,22.4,5.76,0.144,Jayashankar Bhupalpally,TS
2024-03-05,0.0,35.7,23.8,5.37,0.142,Jayashankar Bhupalpally,TS
2024-03-06,0.1,34.9,24.1,4.85,0.148,Jayashankar Bhupalpally,TS
2024-03-07,0.2,35.0,23.0,4.91,0.158,Jayashankar Bhupalpally,TS
2024-03-08,0.0,34.7,22.2,5.14,0.166,Jayashankar Bhupalpally,TS
2024-03-09,0.0,35.7,22.3,5.19,0.164,Jayashankar Bhupalpally,TS
2024-03-10,0.0,33.5,23.4,5.23,0.178,Jayashankar Bhupalpally,TS
2024-03-11,0.0,33.8,23.4,5.27,0.18,Jayashankar Bhupalpally,TS
2024-03-12,0.0,36.5,23.6,5.62,0.172,Jayashankar Bhupalpally,TS
2024-03-13,0.6,36.0,25.0,5.91,0.175,Jayashankar Bhupalpally,TS
2024-03-14,2.7,35.1,23.9,5.42,0.184,Jayashankar Bhupalpally,TS
2024-03-15,0.2,35.7,23.9,5.56,0.18,Jayashankar Bhupalpally,TS
2024-03-16,0.1,34.0,24.2,4.51,0.176,Jayashankar Bhupalpally,TS
2024-03-17,0.0,33.0,24.1,3.73,0.209,Jayashankar Bhupalpally,TS
2024-03-18,0.0,31.5,23.9,3.33,0.216,Jayashankar Bhupalpally,TS
2024-03-19,0.1,33.5,24.0,5.09,0.21,Jayashankar Bhupalpally,TS
2024-03-20,14.8,31.8,19.8,4.75,0.248,Jayashankar Bhupalpally,TS
2024-03-21,0.0,33.7,20.7,5.49,0.219,Jayashankar Bhupalpally,TS
2024-03-22,0.0,34.9,22.8,5.77,0.206,Jayashankar Bhupalpally,TS
2024-03-23,0.0,36.4,22.8,5.93,0.194,Jayashankar Bhupalpally,TS
2024-03-24,0.0,35.8,23.6,6.09,0.184,Jayashankar Bhupalpally,TS
2024-03-25,0.0,36.7,24.2,6.17,0.178,Jayashankar Bhupalpally,TS
2024-03-26,0.0,36.7,24.2,6.8,0.173,Jayashankar Bhupalpally,TS
2024-03-27,0.1,36.8,23.3,6.07,0.168,Jayashankar Bhupalpally,TS
2024-03-28,0.0,38.0,24.3,6.44,0.165,Jayashankar Bhupalpally,TS
2024-03-29,0.2,38.5,25.5,6.8,0.164,Jayashankar Bhupalpally,TS
2024-03-30,0.0,38.1,25.0,7.05,0.163,Jayashankar Bhupalpally,TS
2024-03-31,0.0,37.0,25.2,6.37,0.165,Jayashankar Bhupalpally,TS
2024-04-01,0.0,38.3,23.8,6.8,0.162,Jayashankar Bhupalpally,TS
2024-04-02,0.0,38.5,25.3,7.04,0.166,Jayashankar Bhupalpally,TS
2024-04-03,0.0,37.8,25.1,6.54,0.168,Jayashankar Bhupalpally,TS
2024-04-04,0.0,37.9,25.7,6.85,0.175,Jayashankar Bhupalpally,TS
2024-04-05,0.0,40.2,26.5,6.91,0.174,Jayashankar Bhupalpally,TS
2024-04-06,0.0,39.9,25.8,6.41,0.164,Jayashankar Bhupalpally,TS
2024-04-07,0.0,39.0,27.7,6.94,0.156,Jayashankar Bhupalpally,TS
2024-04-08,0.0,38.1,27.3,7.34,0.153,Jayashankar Bhupalpally,TS
2024-04-09,0.0,36.9,24.9,6.31,0.153,Jayashankar Bhupalpally,TS
2024-04-10,0.0,37.3,25.2,7.25,0.148,Jayashankar Bhupalpally,TS
2024-04-11,0.1,34.9,25.0,5.05,0.14,Jayashankar Bhupalpally,TS
2024-04-12,0.4,34.3,24.4,4.72,0.144,Jayashankar Bhupalpally,TS
2024-04-13,2.0,35.0,25.2,5.64,0.155,Jayashankar Bhupalpally,TS
2024-04-14,0.0,37.6,25.5,6.54,0.148,Jayashankar Bhupalpally,TS
2024-04-15,0.0,39.4,25.4,6.52,0.142,Jayashankar Bhupalpally,TS
2024-04-16,0.0,39.8,25.6,6.9,0.137,Jayashankar Bhupalpally,TS
2024-04-17,0.0,40.4,27.5,6.63,0.134,Jayashankar Bhupalpally,TS
2024-04-18,0.0,41.0,26.4,6.4,0.129,Jayashankar Bhupalpally,TS
2024-04-19,0.0,41.0,28.5,6.54,0.126,Jayashankar Bhupalpally,TS
2024-04-20,11.4,38.5,27.0,5.64,0.198,Jayashankar Bhupalpally,TS
2024-04-21,0.0,39.7,27.6,6.41,0.145,Jayashankar Bhupalpally,TS
2024-04-22,0.0,39.9,28.0,6.8,0.144,Jayashankar Bhupalpally,TS
2024-04-23,0.0,39.5,24.8,5.9,0.141,Jayashankar Bhupalpally,TS
2024-04-24,0.0,39.6,24.3,7.0,0.136,Jayashankar Bhupalpally,TS
2024-04-25,0.0,40.5,25.6,6.71,0.133,Jayashankar Bhupalpally,TS
2024-04-26,0.0,40.8,27.4,7.13,0.129,Jayashankar Bhupalpally,TS
2024-04-27,0.0,41.7,26.7,6.7,0.127,Jayashankar Bhupalpally,TS
2024-04-28,0.0,41.6,27.9,7.24,0.127,Jayashankar Bhupalpally,TS
2024-04-29,0.7,40.4,27.7,6.86,0.13,Jayashankar Bhupalpally,TS
2024-04-30,0.0,41.1,27.7,7.94,0.121,Jayashankar Bhupalpally,TS
2024-05-01,0.0,42.9,28.8,8.37,0.124,Jayashankar Bhupalpally,TS
2024-05-02,0.0,41.8,28.7,7.32,0.124,Jayashankar Bhupalpally,TS
2024-05-03,0.0,42.0,27.7,6.57,0.124,Jayashankar Bhupalpally,TS
2024-05-04,0.0,42.1,28.1,6.82,0.121,Jayashankar Bhupalpally,TS
2024-05-05,0.4,41.3,29.0,6.69,0.123,Jayashankar Bhupalpally,TS
2024-05-06,1.5,41.9,27.4,7.12,0.122,Jayashankar Bhupalpally,TS
2024-05-07,54.2,37.5,24.9,5.69,0.314,Jayashankar Bhupalpally,TS
2024-05-08,0.5,36.8,23.6,6.15,0.285,Jayashankar Bhupalpally,TS
2024-05-09,14.2,34.0,26.4,4.46,0.294,Jayashankar Bhupalpally,TS
2024-05-10,0.0,36.5,25.3,5.67,0.254,Jayashankar Bhupalpally,TS
2024-05-11,0.0,38.1,26.6,6.37,0.214,Jayashankar Bhupalpally,TS
2024-05-12,0.7,34.8,27.6,5.18,0.203,Jayashankar Bhupalpally,TS
2024-05-13,0.5,35.3,27.2,4.07,0.196,Jayashankar Bhupalpally,TS
2024-05-14,1.8,35.9,25.3,5.76,0.19,Jayashankar Bhupalpally,TS
2024-05-15,0.8,34.7,26.0,5.1,0.175,Jayashankar Bhupalpally,TS
2024-05-16,22.6,33.8,24.9,3.56,0.217,Jayashankar Bhupalpally,TS
2024-05-17,9.9,34.2,25.5,4.13,0.338,Jayashankar Bhupalpally,TS
2024-05-18,12.7,34.1,25.0,4.04,0.343,Jayashankar Bhupalpally,TS
2024-05-19,8.6,34.6,24.6,4.81,0.33,Jayashankar Bhupalpally,TS
2024-05-20,2.6,35.6,26.2,5.52,0.291,Jayashankar Bhupalpally,TS
2024-05-21,3.8,35.2,25.8,5.23,0.296,Jayashankar Bhupalpally,TS
2024-05-22,6.9,36.6,25.9,5.2,0.329,Jayashankar Bhupalpally,TS
2024-05-23,0.2,37.5,27.2,6.14,0.3,Jayashankar Bhupalpally,TS
2024-05-24,0.1,40.3,27.5,6.58,0.32,Jayashankar Bhupalpally,TS
2024-05-25,0.9,34.4,27.1,3.74,0.315,Jayashankar Bhupalpally,TS
2024-05-26,0.0,40.3,27.9,5.96,0.292,Jayashankar Bhupalpally,TS
2024-05-27,10.4,41.0,27.8,7.2,0.302,Jayashankar Bhupalpally,TS
2024-05-28,0.0,40.1,29.7,7.31,0.29,Jayashankar Bhupalpally,TS
2024-05-29,0.0,40.5,29.4,7.45,0.256,Jayashankar Bhupalpally,TS
2024-05-30,0.0,41.4,28.5,6.97,0.24,Jayashankar Bhupalpally,TS
2024-05-31,0.0,41.1,28.7,7.45,0.225,Jayashankar Bhupalpally,TS
2024-06-01,25.8,39.0,28.0,5.9,0.255,Jayashankar Bhupalpally,TS
2024-06-02,17.3,36.3,27.5,3.64,0.3,Jayashankar Bhupalpally,TS
2024-06-03,3.5,34.9,25.3,4.17,0.278,Jayashankar Bhupalpally,TS
2024-06-04,26.7,36.3,25.7,4.99,0.31,Jayashankar Bhupalpally,TS
2024-06-05,17.4,33.7,26.5,4.19,0.387,Jayashankar Bhupalpally,TS
2024-06-06,20.4,34.7,26.0,4.09,0.384,Jayashankar Bhupalpally,TS
2024-06-07,1.0,34.6,25.2,5.33,0.352,Jayashankar Bhupalpally,TS
2024-06-08,0.0,33.3,25.4,4.13,0.319,Jayashankar Bhupalpally,TS
2024-06-09,0.4,32.6,25.7,4.26,0.301,Jayashankar Bhupalpally,TS
2024-06-10,1.5,34.8,25.8,5.41,0.285,Jayashankar Bhupalpally,TS
2024-06-11,0.0,35.1,26.5,5.58,0.264,Jayashankar Bhupalpally,TS
2024-06-12,0.0,34.8,25.8,4.46,0.269,Jayashankar Bhupalpally,TS
2024-06-13,2.7,36.2,26.6,5.62,0.267,Jayashankar Bhupalpally,TS
2024-06-14,16.1,33.7,26.3,4.23,0.273,Jayashankar Bhupalpally,TS
2024-06-15,5.1,34.6,26.9,5.22,0.255,Jayashankar Bhupalpally,TS
2024-06-16,18.6,34.3,25.6,4.67,0.282,Jayashankar Bhupalpally,TS
2024-06-17,7.9,36.3,26.1,4.76,0.277,Jayashankar Bhupalpally,TS
2024-06-18,14.2,37.0,26.6,5.39,0.261,Jayashankar Bhupalpally,TS
2024-06-19,11.6,32.3,25.9,3.73,0.351,Jayashankar Bhupalpally,TS
2024-06-20,3.3,33.3,25.6,4.61,0.311,Jayashankar Bhupalpally,TS
2024-06-21,12.7,32.6,25.8,3.25,0.331,Jayashankar Bhupalpally,TS
2024-06-22,29.7,27.9,25.0,2.01,0.4,Jayashankar Bhupalpally,TS
2024-06-23,3.1,32.5,24.8,4.29,0.352,Jayashankar Bhupalpally,TS
2024-06-24,1.7,34.9,24.9,5.46,0.327,Jayashankar Bhupalpally,TS
2024-06-25,7.0,34.5,26.3,4.69,0.303,Jayashankar Bhupalpally,TS
2024-06-26,27.5,33.8,25.5,3.53,0.339,Jayashankar Bhupalpally,TS
2024-06-27,22.0,30.8,25.6,2.8,0.4,Jayashankar Bhupalpally,TS
2024-06-28,23.2,31.9,24.7,3.28,0.414,Jayashankar Bhupalpally,TS
2024-06-29,15.1,30.8,25.0,3.42,0.414,Jayashankar Bhupalpally,TS
2024-06-30,21.4,27.5,25.3,1.61,0.421,Jayashankar Bhupalpally,TS
2024-07-01,7.5,32.4,24.6,4.17,0.402,Jayashankar Bhupalpally,TS
2024-07-02,1.6,32.4,25.6,4.32,0.378,Jayashankar Bhupalpally,TS
2024-07-03,2.9,33.4,24.3,4.2,0.38,Jayashankar Bhupalpally,TS
2024-07-04,0.7,31.7,25.8,3.38,0.362,Jayashankar Bhupalpally,TS
2024-07-05,0.5,33.3,26.6,4.6,0.351,Jayashankar Bhupalpally,TS
2024-07-06,1.4,31.6,25.5,4.04,0.365,Jayashankar Bhupalpally,TS
2024-07-07,8.0,30.8,25.2,3.64,0.366,Jayashankar Bhupalpally,TS
2024-07-08,12.1,30.8,24.7,3.19,0.403,Jayashankar Bhupalpally,TS
2024-07-09,31.7,29.9,24.2,2.91,0.416,Jayashankar Bhupalpally,TS
2024-07-10,0.4,32.1,24.9,4.17,0.398,Jayashankar Bhupalpally,TS
2024-07-11,9.5,31.6,25.7,4.34,0.373,Jayashankar Bhupalpally,TS
2024-07-12,8.5,30.8,25.0,2.85,0.394,Jayashankar Bhupalpally,TS
2024-07-13,16.2,30.8,24.8,2.98,0.416,Jayashankar Bhupalpally,TS
2024-07-14,15.6,29.2,24.8,2.14,0.421,Jayashankar Bhupalpally,TS
2024-07-15,39.8,30.3,24.8,2.12,0.422,Jayashankar Bhupalpally,TS
2024-07-16,23.9,31.6,24.4,2.93,0.423,Jayashankar Bhupalpally,TS
2024-07-17,21.2,29.2,25.0,2.64,0.425,Jayashankar Bhupalpally,TS
2024-07-18,32.6,29.6,24.9,2.55,0.428,Jayashankar Bhupalpally,TS
2024-07-19,34.0,27.8,24.7,2.05,0.428,Jayashankar Bhupalpally,TS
2024-07-20,34.3,28.0,24.4,2.07,0.427,Jayashankar Bhupalpally,TS
2024-07-21,42.7,28.8,24.2,2.48,0.428,Jayashankar Bhupalpally,TS
2024-07-22,1.7,31.7,24.3,4.84,0.413,Jayashankar Bhupalpally,TS
2024-07-23,11.3,29.8,24.7,3.03,0.422,Jayashankar Bhupalpally,TS
2024-07-24,20.9,27.0,24.5,1.58,0.427,Jayashankar Bhupalpally,TS
2024-07-25,22.5,26.8,24.1,1.67,0.427,Jayashankar Bhupalpally,TS
2024-07-26,19.6,27.8,24.0,2.46,0.427,Jayashankar Bhupalpally,TS
2024-07-27,28.4,27.9,24.2,2.11,0.428,Jayashankar Bhupalpally,TS
2024-07-28,3.0,31.1,24.0,3.93,0.419,Jayashankar Bhupalpally,TS
2024-07-29,5.5,32.1,25.1,4.39,0.409,Jayashankar Bhupalpally,TS
2024-07-30,6.2,32.5,25.3,4.41,0.409,Jayashankar Bhupalpally,TS
2024-07-31,2.3,30.6,25.0,3.04,0.414,Jayashankar Bhupalpally,TS
2024-08-01,25.9,30.7,24.4,2.66,0.421,Jayashankar Bhupalpally,TS
2024-08-02,21.5,28.9,24.8,2.28,0.427,Jayashankar Bhupalpally,TS
2024-08-03,3.0,30.5,24.5,3.46,0.418,Jayashankar Bhupalpally,TS
2024-08-04,8.2,32.2,25.6,4.79,0.406,Jayashankar Bhupalpally,TS
2024-08-05,1.6,32.5,24.4,4.65,0.394,Jayashankar Bhupalpally,TS
2024-08-06,7.0,30.0,24.8,3.12,0.405,Jayashankar Bhupalpally,TS
2024-08-07,23.0,26.2,24.1,1.17,0.427,Jayashankar Bhupalpally,TS
2024-08-08,3.9,30.1,23.8,2.99,0.421,Jayashankar Bhupalpally,TS
2024-08-09,0.5,32.4,23.5,4.98,0.403,Jayashankar Bhupalpally,TS
2024-08-10,0.3,32.1,24.6,4.98,0.388,Jayashankar Bhupalpally,TS
2024-08-11,1.0,31.6,24.3,4.39,0.383,Jayashankar Bhupalpally,TS
2024-08-12,0.8,32.1,24.8,4.35,0.37,Jayashankar Bhupalpally,TS
2024-08-13,0.8,33.1,25.1,4.79,0.357,Jayashankar Bhupalpally,TS
2024-08-14,0.1,32.5,26.1,4.0,0.36,Jayashankar Bhupalpally,TS
2024-08-15,1.2,32.3,26.0,3.37,0.343,Jayashankar Bhupalpally,TS
2024-08-16,2.5,31.5,25.3,3.02,0.345,Jayashankar Bhupalpally,TS
2024-08-17,1.8,32.4,25.1,4.27,0.36,Jayashankar Bhupalpally,TS
2024-08-18,4.5,31.8,25.0,3.66,0.387,Jayashankar Bhupalpally,TS
2024-08-19,13.1,30.0,25.1,2.9,0.407,Jayashankar Bhupalpally,TS
2024-08-20,3.2,32.1,25.0,4.11,0.404,Jayashankar Bhupalpally,TS
2024-08-21,12.4,33.1,24.4,4.75,0.403,Jayashankar Bhupalpally,TS
2024-08-22,11.1,31.3,24.9,2.83,0.403,Jayashankar Bhupalpally,TS
2024-08-23,1.1,31.7,25.6,4.08,0.392,Jayashankar Bhupalpally,TS
2024-08-24,9.9,29.8,25.0,3.02,0.405,Jayashankar Bhupalpally,TS
2024-08-25,0.6,30.7,24.4,4.5,0.406,Jayashankar Bhupalpally,TS
2024-08-26,0.5,32.4,24.8,5.12,0.391,Jayashankar Bhupalpally,TS
2024-08-27,0.9,32.3,24.6,5.16,0.376,Jayashankar Bhupalpally,TS
2024-08-28,1.9,31.9,24.6,4.79,0.382,Jayashankar Bhupalpally,TS
2024-08-29,3.9,30.6,25.5,3.08,0.375,Jayashankar Bhupalpally,TS
2024-08-30,39.6,28.1,24.0,1.69,0.415,Jayashankar Bhupalpally,TS
2024-08-31,80.8,28.9,23.8,1.83,0.429,Jayashankar Bhupalpally,TS
2024-09-01,36.9,28.5,23.8,1.82,0.425,Jayashankar Bhupalpally,TS
2024-09-02,1.8,28.9,24.3,2.18,0.415,Jayashankar Bhupalpally,TS
2024-09-03,3.8,28.8,24.2,2.24,0.413,Jayashankar Bhupalpally,TS
2024-09-04,27.6,28.3,24.3,2.29,0.424,Jayashankar Bhupalpally,TS
2024-09-05,15.4,29.9,24.0,2.58,0.425,Jayashankar Bhupalpally,TS
2024-09-06,25.8,31.3,23.9,3.45,0.422,Jayashankar Bhupalpally,TS
2024-09-07,19.1,29.3,24.3,2.62,0.421,Jayashankar Bhupalpally,TS
2024-09-08,8.9,27.2,24.9,1.72,0.422,Jayashankar Bhupalpally,TS
2024-09-09,45.7,25.7,24.5,1.02,0.428,Jayashankar Bhupalpally,TS
2024-09-10,3.6,30.1,24.1,2.97,0.422,Jayashankar Bhupalpally,TS
2024-09-11,0.7,31.7,24.7,5.23,0.407,Jayashankar Bhupalpally,TS
2024-09-12,0.7,31.6,24.4,4.65,0.392,Jayashankar Bhupalpally,TS
2024-09-13,0.5,31.3,24.4,4.26,0.382,Jayashankar Bhupalpally,TS
2024-09-14,0.4,30.6,23.9,4.8,0.375,Jayashankar Bhupalpally,TS
2024-09-15,0.0,31.2,23.5,4.92,0.362,Jayashankar Bhupalpally,TS
2024-09-16,0.1,29.8,24.0,3.73,0.356,Jayashankar Bhupalpally,TS
2024-09-17,0.2,31.6,25.2,5.16,0.346,Jayashankar Bhupalpally,TS
2024-09-18,0.0,31.7,23.3,5.11,0.334,Jayashankar Bhupalpally,TS
2024-09-19,0.1,32.2,23.5,4.89,0.321,Jayashankar Bhupalpally,TS
2024-09-20,1.2,31.8,25.1,3.58,0.307,Jayashankar Bhupalpally,TS
2024-09-21,8.4,31.2,24.4,3.68,0.357,Jayashankar Bhupalpally,TS
2024-09-22,5.5,31.1,24.2,3.27,0.359,Jayashankar Bhupalpally,TS
2024-09-23,2.0,31.4,24.6,2.92,0.374,Jayashankar Bhupalpally,TS
2024-09-24,4.0,31.1,24.4,2.84,0.366,Jayashankar Bhupalpally,TS
2024-09-25,9.2,29.8,24.3,2.57,0.38,Jayashankar Bhupalpally,TS
2024-09-26,1.8,30.5,24.5,3.2,0.378,Jayashankar Bhupalpally,TS
2024-09-27,1.1,32.2,24.9,4.42,0.354,Jayashankar Bhupalpally,TS
2024-09-28,0.6,31.0,24.7,3.95,0.336,Jayashankar Bhupalpally,TS
2024-09-29,1.6,31.6,24.8,3.94,0.319,Jayashankar Bhupalpally,TS
2024-09-30,2.1,32.3,24.6,4.14,0.353,Jayashankar Bhupalpally,TS
2024-10-01,0.9,33.2,25.2,4.26,0.327,Jayashankar Bhupalpally,TS
2024-10-02,3.7,33.1,24.3,4.42,0.311,Jayashankar Bhupalpally,TS
2024-10-03,0.3,33.7,24.8,4.76,0.308,Jayashankar Bhupalpally,TS
2024-10-04,0.1,33.6,25.2,4.78,0.289,Jayashankar Bhupalpally,TS
2024-10-05,0.2,32.5,24.1,4.23,0.277,Jayashankar Bhupalpally,TS
2024-10-06,2.9,34.1,24.1,4.38,0.268,Jayashankar Bhupalpally,TS
2024-10-07,0.7,32.4,23.7,3.81,0.251,Jayashankar Bhupalpally,TS
2024-10-08,0.1,32.2,24.0,4.08,0.242,Jayashankar Bhupalpally,TS
2024-10-09,1.0,32.2,24.0,4.31,0.232,Jayashankar Bhupalpally,TS
2024-10-10,1.0,32.4,23.3,4.21,0.251,Jayashankar Bhupalpally,TS
2024-10-11,5.7,32.1,23.4,3.95,0.311,Jayashankar Bhupalpally,TS
2024-10-12,10.7,31.8,23.8,3.6,0.311,Jayashankar Bhupalpally,TS
2024-10-13,0.7,31.7,23.4,4.0,0.302,Jayashankar Bhupalpally,TS
2024-10-14,0.1,33.2,24.4,4.33,0.259,Jayashankar Bhupalpally,TS
2024-10-15,0.3,32.5,24.0,4.09,0.245,Jayashankar Bhupalpally,TS
2024-10-16,1.3,32.8,23.6,4.23,0.234,Jayashankar Bhupalpally,TS
2024-10-17,6.2,30.3,24.9,2.96,0.254,Jayashankar Bhupalpally,TS
2024-10-18,1.1,32.2,24.1,4.06,0.27,Jayashankar Bhupalpally,TS
2024-10-19,10.4,32.3,24.0,4.0,0.265,Jayashankar Bhupalpally,TS
2024-10-20,8.8,31.0,23.6,3.08,0.305,Jayashankar Bhupalpally,TS
2024-10-21,14.5,30.8,23.2,2.99,0.289,Jayashankar Bhupalpally,TS
2024-10-22,0.8,31.5,22.9,3.88,0.275,Jayashankar Bhupalpally,TS
2024-10-23,0.0,33.3,22.2,4.92,0.229,Jayashankar Bhupalpally,TS
2024-10-24,0.0,32.0,21.4,5.11,0.22,Jayashankar Bhupalpally,TS
2024-10-25,0.0,32.4,21.8,5.1,0.213,Jayashankar Bhupalpally,TS
2024-10-26,0.0,32.8,23.2,5.19,0.203,Jayashankar Bhupalpally,TS
2024-10-27,0.0,32.1,21.3,3.84,0.194,Jayashankar Bhupalpally,TS
2024-10-28,0.1,32.4,24.2,3.98,0.182,Jayashankar Bhupalpally,TS
2024-10-29,0.4,32.2,24.1,3.27,0.177,Jayashankar Bhupalpally,TS
2024-10-30,14.8,28.7,22.8,2.35,0.225,Jayashankar Bhupalpally,TS
2024-10-31,12.9,31.2,22.2,3.3,0.3,Jayashankar Bhupalpally,TS
2024-11-01,2.3,29.3,22.4,2.76,0.33,Jayashankar Bhupalpally,TS
2024-11-02,0.1,32.4,22.9,4.03,0.282,Jayashankar Bhupalpally,TS
2024-11-03,0.0,31.4,23.0,3.68,0.261,Jayashankar Bhupalpally,TS
2024-11-04,0.1,31.7,21.7,4.11,0.243,Jayashankar Bhupalpally,TS
2024-11-05,0.0,32.2,21.1,4.34,0.227,Jayashankar Bhupalpally,TS
2024-11-06,0.0,32.3,20.7,4.63,0.214,Jayashankar Bhupalpally,TS
2024-11-07,0.0,31.7,20.3,4.24,0.206,Jayashankar Bhupalpally,TS
2024-11-08,0.0,31.8,20.1,4.17,0.197,Jayashankar Bhupalpally,TS
2024-11-09,0.0,32.3,21.1,4.2,0.19,Jayashankar Bhupalpally,TS
2024-11-10,0.0,31.6,20.3,4.42,0.184,Jayashankar Bhupalpally,TS
2024-11-11,0.0,31.9,19.5,4.56,0.18,Jayashankar Bhupalpally,TS
2024-11-12,0.0,32.7,20.2,4.02,0.171,Jayashankar Bhupalpally,TS
2024-11-13,0.5,31.6,20.9,3.8,0.152,Jayashankar Bhupalpally,TS
2024-11-14,0.0,31.7,21.6,4.03,0.147,Jayashankar Bhupalpally,TS
2024-11-15,0.0,31.5,22.3,4.04,0.136,Jayashankar Bhupalpally,TS
2024-11-16,0.0,30.6,20.2,4.21,0.137,Jayashankar Bhupalpally,TS
2024-11-17,0.0,30.0,19.1,3.93,0.14,Jayashankar Bhupalpally,TS
2024-11-18,0.0,29.2,17.8,3.99,0.13,Jayashankar Bhupalpally,TS
2024-11-19,0.0,29.0,17.7,3.8,0.125,Jayashankar Bhupalpally,TS
2024-11-20,0.0,28.9,16.8,3.91,0.13,Jayashankar Bhupalpally,TS
2024-11-21,0.0,28.8,17.0,3.75,0.137,Jayashankar Bhupalpally,TS
2024-11-22,0.0,28.4,17.2,3.69,0.14,Jayashankar Bhupalpally,TS
2024-11-23,0.0,29.1,16.6,3.61,0.142,Jayashankar Bhupalpally,TS
2024-11-24,0.0,28.2,16.5,3.53,0.149,Jayashankar Bhupalpally,TS
2024-11-25,0.0,28.1,16.3,3.71,0.156,Jayashankar Bhupalpally,TS
2024-11-26,0.0,28.7,16.0,3.9,0.159,Jayashankar Bhupalpally,TS
2024-11-27,0.0,28.3,16.2,3.82,0.163,Jayashankar Bhupalpally,TS
2024-11-28,0.0,28.1,15.7,4.15,0.164,Jayashankar Bhupalpally,TS
2024-11-29,0.0,29.4,16.7,3.58,0.17,Jayashankar Bhupalpally,TS
2024-11-30,4.2,26.4,20.7,1.88,0.19,Jayashankar Bhupalpally,TS
2024-12-01,5.8,28.0,21.5,1.47,0.223,Jayashankar Bhupalpally,TS
2024-12-02,6.2,28.6,22.3,2.04,0.245,Jayashankar Bhupalpally,TS
2024-12-03,0.6,30.6,21.5,3.07,0.238,Jayashankar Bhupalpally,TS
2024-12-04,1.7,30.0,21.9,2.58,0.221,Jayashankar Bhupalpally,TS
2024-12-05,3.0,28.7,22.4,2.53,0.217,Jayashankar Bhupalpally,TS
2024-12-06,1.8,30.3,21.6,2.91,0.209,Jayashankar Bhupalpally,TS
2024-12-07,0.7,31.1,21.7,3.24,0.204,Jayashankar Bhupalpally,TS
2024-12-08,2.2,29.5,22.4,2.76,0.247,Jayashankar Bhupalpally,TS
2024-12-09,0.8,29.0,21.6,2.85,0.252,Jayashankar Bhupalpally,TS
2024-12-10,0.0,30.2,20.0,3.69,0.236,Jayashankar Bhupalpally,TS
2024-12-11,0.0,28.5,16.5,3.77,0.222,Jayashankar Bhupalpally,TS
2024-12-12,0.0,28.2,15.3,3.56,0.214,Jayashankar Bhupalpally,TS
2024-12-13,0.0,28.6,15.9,3.67,0.209,Jayashankar Bhupalpally,TS
2024-12-14,0.0,28.1,16.2,3.65,0.203,Jayashankar Bhupalpally,TS
2024-12-15,0.0,27.7,14.2,3.72,0.195,Jayashankar Bhupalpally,TS
2024-12-16,0.0,27.7,13.2,3.5,0.189,Jayashankar Bhupalpally,TS
2024-12-17,0.0,28.5,13.5,3.55,0.183,Jayashankar Bhupalpally,TS
2024-12-18,0.0,28.9,15.1,3.62,0.181,Jayashankar Bhupalpally,TS
2024-12-19,0.0,29.8,16.5,3.19,0.172,Jayashankar Bhupalpally,TS
2024-12-20,0.6,31.2,20.9,3.31,0.164,Jayashankar Bhupalpally,TS
2024-12-21,0.1,30.3,20.6,3.4,0.162,Jayashankar Bhupalpally,TS
2024-12-22,0.0,30.4,19.6,3.67,0.167,Jayashankar Bhupalpally,TS
2024-12-23,0.0,30.9,17.2,3.94,0.174,Jayashankar Bhupalpally,TS
2024-12-24,0.1,28.8,21.3,2.87,0.181,Jayashankar Bhupalpally,TS
2024-12-25,4.5,25.6,21.3,1.9,0.199,Jayashankar Bhupalpally,TS
2024-12-26,1.0,29.3,20.1,2.66,0.218,Jayashankar Bhupalpally,TS
2024-12-27,0.7,29.7,20.4,2.79,0.235,Jayashankar Bhupalpally,TS
2024-12-28,0.0,30.4,18.6,4.05,0.225,Jayashankar Bhupalpally,TS
2024-12-29,0.0,29.8,19.1,3.48,0.213,Jayashankar Bhupalpally,TS
2024-12-30,0.0,31.0,18.9,3.62,0.201,Jayashankar Bhupalpally,TS
2024-12-31,0.0,30.1,19.3,3.44,0.189,Jayashankar Bhupalpally,TS
2025-01-01,0.0,30.0,18.7,3.9,0.18,Jayashankar Bhupalpally,TS
2025-01-02,0.0,29.0,15.6,3.9,0.171,Jayashankar Bhupalpally,TS
2025-01-03,0.0,29.2,15.5,3.73,0.166,Jayashankar Bhupalpally,TS
2025-01-04,0.0,29.2,14.8,3.66,0.154,Jayashankar Bhupalpally,TS
2025-01-05,0.0,29.6,16.1,3.43,0.145,Jayashankar Bhupalpally,TS
2025-01-06,0.0,29.1,17.9,3.61,0.143,Jayashankar Bhupalpally,TS
2025-01-07,0.0,29.6,16.0,4.01,0.142,Jayashankar Bhupalpally,TS
2025-01-08,0.0,28.4,16.0,3.98,0.143,Jayashankar Bhupalpally,TS
2025-01-09,0.0,28.8,14.7,3.73,0.145,Jayashankar Bhupalpally,TS
2025-01-10,0.0,28.8,15.8,3.92,0.146,Jayashankar Bhupalpally,TS
2025-01-11,0.0,28.9,16.3,3.85,0.149,Jayashankar Bhupalpally,TS
2025-01-12,0.0,29.5,17.3,3.77,0.153,Jayashankar Bhupalpally,TS
2025-01-13,0.0,29.3,17.5,3.67,0.157,Jayashankar Bhupalpally,TS
2025-01-14,0.0,30.1,18.0,3.77,0.165,Jayashankar Bhupalpally,TS
2025-01-15,0.0,29.5,17.7,3.5,0.178,Jayashankar Bhupalpally,TS
2025-01-16,0.0,29.0,19.4,3.28,0.195,Jayashankar Bhupalpally,TS
2025-01-17,0.1,29.0,18.9,3.51,0.206,Jayashankar Bhupalpally,TS
2025-01-18,0.0,29.2,16.6,3.69,0.216,Jayashankar Bhupalpally,TS
2025-01-19,0.0,29.8,15.9,3.87,0.218,Jayashankar Bhupalpally,TS
2025-01-20,0.0,29.8,15.3,4.03,0.219,Jayashankar Bhupalpally,TS
2025-01-21,0.0,30.5,15.1,3.93,0.218,Jayashankar Bhupalpally,TS
2025-01-22,0.0,30.8,16.1,3.96,0.21,Jayashankar Bhupalpally,TS
2025-01-23,0.0,31.0,17.7,3.97,0.2,Jayashankar Bhupalpally,TS
2025-01-24,0.0,32.0,16.5,3.88,0.202,Jayashankar Bhupalpally,TS
2025-01-25,0.0,31.1,16.7,3.83,0.213,Jayashankar Bhupalpally,TS
2025-01-26,0.0,31.6,17.8,4.11,0.221,Jayashankar Bhupalpally,TS
2025-01-27,0.0,31.1,17.9,4.03,0.221,Jayashankar Bhupalpally,TS
2025-01-28,0.0,31.5,17.7,4.24,0.226,Jayashankar Bhupalpally,TS
2025-01-29,0.0,31.2,19.7,3.97,0.234,Jayashankar Bhupalpally,TS
2025-01-30,0.0,31.0,19.3,4.26,0.239,Jayashankar Bhupalpally,TS
2025-01-31,0.0,32.6,19.7,4.45,0.245,Jayashankar Bhupalpally,TS
2025-02-01,0.0,33.4,20.0,4.54,0.229,Jayashankar Bhupalpally,TS
2025-02-02,0.0,33.5,20.6,4.71,0.22,Jayashankar Bhupalpally,TS
2025-02-03,0.0,34.1,19.7,4.57,0.222,Jayashankar Bhupalpally,TS
2025-02-04,0.0,34.0,19.3,4.7,0.219,Jayashankar Bhupalpally,TS
2025-02-05,0.0,33.7,20.2,4.71,0.213,Jayashankar Bhupalpally,TS
2025-02-06,0.0,32.7,21.2,4.76,0.201,Jayashankar Bhupalpally,TS
2025-02-07,0.0,33.3,19.2,4.36,0.183,Jayashankar Bhupalpally,TS
2025-02-08,0.0,33.7,18.9,4.65,0.169,Jayashankar Bhupalpally,TS
2025-02-09,0.0,33.6,19.3,4.58,0.164,Jayashankar Bhupalpally,TS
2025-02-10,0.0,33.3,20.5,4.7,0.154,Jayashankar Bhupalpally,TS
2025-02-11,0.0,33.8,21.0,4.87,0.141,Jayashankar Bhupalpally,TS
2025-02-12,0.0,34.2,21.3,5.2,0.137,Jayashankar Bhupalpally,TS
2025-02-13,0.0,33.5,20.5,5.14,0.138,Jayashankar Bhupalpally,TS
2025-02-14,0.0,33.0,18.4,5.28,0.136,Jayashankar Bhupalpally,TS
2025-02-15,0.0,34.0,18.4,5.23,0.137,Jayashankar Bhupalpally,TS
2025-02-16,0.0,34.3,17.6,5.06,0.137,Jayashankar Bhupalpally,TS
2025-02-17,0.0,34.0,20.3,5.16,0.128,Jayashankar Bhupalpally,TS
2025-02-18,0.0,34.3,20.7,5.38,0.126,Jayashankar Bhupalpally,TS
2025-02-19,0.0,34.7,21.5,5.58,0.123,Jayashankar Bhupalpally,TS
2025-02-20,0.0,33.8,21.4,5.03,0.122,Jayashankar Bhupalpally,TS
2025-02-21,0.3,33.6,22.2,4.76,0.115,Jayashankar Bhupalpally,TS
2025-02-22,0.0,33.8,21.5,4.89,0.119,Jayashankar Bhupalpally,TS
2025-02-23,0.0,35.3,19.3,5.44,0.118,Jayashankar Bhupalpally,TS
2025-02-24,0.0,34.6,17.7,5.33,0.124,Jayashankar Bhupalpally,TS
2025-02-25,0.0,34.4,20.7,5.27,0.117,Jayashankar Bhupalpally,TS
2025-02-26,0.0,34.0,21.5,4.9,0.119,Jayashankar Bhupalpally,TS
2025-02-27,0.0,34.1,21.3,5.17,0.127,Jayashankar Bhupalpally,TS
2025-02-28,0.0,35.3,21.5,5.4,0.125,Jayashankar Bhupalpally,TS
2025-03-01,0.0,35.6,21.5,5.69,0.125,Jayashankar Bhupalpally,TS
2025-03-02,0.0,36.0,21.9,5.75,0.12,Jayashankar Bhupalpally,TS
2025-03-03,0.0,36.5,21.6,5.71,0.12,Jayashankar Bhupalpally,TS
2025-03-04,0.0,37.8,21.2,6.22,0.118,Jayashankar Bhupalpally,TS
2025-03-05,0.0,36.1,21.3,6.57,0.117,Jayashankar Bhupalpally,TS
2025-03-06,0.0,34.3,17.3,6.28,0.115,Jayashankar Bhupalpally,TS
2025-03-07,0.0,35.2,17.8,5.69,0.115,Jayashankar Bhupalpally,TS
2025-03-08,0.0,35.5,18.1,5.75,0.114,Jayashankar Bhupalpally,TS
2025-03-09,0.0,36.6,20.7,5.49,0.105,Jayashankar Bhupalpally,TS
2025-03-10,0.0,36.2,21.7,5.65,0.102,Jayashankar Bhupalpally,TS
2025-03-11,0.0,37.1,21.5,5.97,0.112,Jayashankar Bhupalpally,TS
2025-03-12,0.0,36.8,22.7,6.16,0.106,Jayashankar Bhupalpally,TS
2025-03-13,0.0,37.8,23.8,6.48,0.106,Jayashankar Bhupalpally,TS
2025-03-14,0.0,38.0,24.4,6.24,0.11,Jayashankar Bhupalpally,TS
2025-03-15,0.0,39.4,23.3,6.76,0.11,Jayashankar Bhupalpally,TS
2025-03-16,0.0,39.5,23.4,7.32,0.111,Jayashankar Bhupalpally,TS
2025-03-17,0.0,37.9,22.2,6.78,0.111,Jayashankar Bhupalpally,TS
2025-03-18,0.0,38.8,22.6,6.53,0.111,Jayashankar Bhupalpally,TS
2025-03-19,0.0,37.9,22.9,6.8,0.113,Jayashankar Bhupalpally,TS
2025-03-20,0.0,36.9,22.8,6.59,0.119,Jayashankar Bhupalpally,TS
2025-03-21,0.0,35.5,23.1,5.94,0.123,Jayashankar Bhupalpally,TS
2025-03-22,0.0,35.2,23.4,5.56,0.121,Jayashankar Bhupalpally,TS
2025-03-23,0.2,35.4,24.0,5.57,0.122,Jayashankar Bhupalpally,TS
2025-03-24,0.0,36.7,24.1,5.53,0.127,Jayashankar Bhupalpally,TS
2025-03-25,0.0,36.1,23.8,5.72,0.137,Jayashankar Bhupalpally,TS
2025-03-26,0.0,36.8,22.4,6.08,0.147,Jayashankar Bhupalpally,TS
2025-03-27,0.0,37.2,23.2,6.21,0.148,Jayashankar Bhupalpally,TS
2025-03-28,0.0,37.5,24.1,6.41,0.157,Jayashankar Bhupalpally,TS
2025-03-29,0.0,38.1,23.7,6.28,0.17,Jayashankar Bhupalpally,TS
2025-03-30,0.0,37.9,24.4,6.54,0.181,Jayashankar Bhupalpally,TS
2025-03-31,0.0,37.2,23.5,6.21,0.184,Jayashankar Bhupalpally,TS
2025-04-01,0.1,35.7,24.2,5.88,0.178,Jayashankar Bhupalpally,TS
2025-04-02,0.1,35.0,23.6,5.03,0.172,Jayashankar Bhupalpally,TS
2025-04-03,9.5,32.8,23.0,4.22,0.18,Jayashankar Bhupalpally,TS
2025-04-04,8.9,33.7,22.5,4.41,0.237,Jayashankar Bhupalpally,TS
2025-04-05,0.0,36.0,24.6,5.5,0.215,Jayashankar Bhupalpally,TS
2025-04-06,0.0,37.1,23.7,5.83,0.198,Jayashankar Bhupalpally,TS
2025-04-07,0.0,37.3,24.2,6.41,0.18,Jayashankar Bhupalpally,TS
2025-04-08,10.9,37.4,24.1,5.65,0.176,Jayashankar Bhupalpally,TS
2025-04-09,0.0,35.8,24.1,5.78,0.176,Jayashankar Bhupalpally,TS
2025-04-10,0.8,35.3,24.4,5.91,0.187,Jayashankar Bhupalpally,TS
2025-04-11,0.2,37.0,24.7,6.32,0.205,Jayashankar Bhupalpally,TS
2025-04-12,0.3,37.6,25.0,6.34,0.206,Jayashankar Bhupalpally,TS
2025-04-13,0.9,34.9,24.7,5.85,0.212,Jayashankar Bhupalpally,TS
2025-04-14,0.0,36.6,23.6,6.07,0.21,Jayashankar Bhupalpally,TS
2025-04-15,0.2,36.0,24.4,5.99,0.218,Jayashankar Bhupalpally,TS
2025-04-16,0.0,35.9,24.5,6.09,0.219,Jayashankar Bhupalpally,TS
2025-04-17,0.0,37.2,25.1,6.31,0.215,Jayashankar Bhupalpally,TS
2025-04-18,0.0,36.4,25.5,5.86,0.228,Jayashankar Bhupalpally,TS
2025-04-19,0.3,36.7,26.3,5.76,0.236,Jayashankar Bhupalpally,TS
2025-04-20,0.0,38.7,27.3,6.15,0.226,Jayashankar Bhupalpally,TS
2025-04-21,0.0,38.0,26.8,6.21,0.225,Jayashankar Bhupalpally,TS
2025-04-22,0.0,39.1,26.9,6.55,0.217,Jayashankar Bhupalpally,TS
2025-04-23,0.0,39.1,26.4,6.97,0.208,Jayashankar Bhupalpally,TS
2025-04-24,0.0,38.9,26.2,7.24,0.201,Jayashankar Bhupalpally,TS
2025-04-25,0.0,38.5,26.9,7.07,0.198,Jayashankar Bhupalpally,TS
2025-04-26,0.0,37.7,26.0,6.44,0.193,Jayashankar Bhupalpally,TS
2025-04-27,0.0,33.9,25.8,3.93,0.18,Jayashankar Bhupalpally,TS
2025-04-28,0.0,36.5,25.4,6.25,0.183,Jayashankar Bhupalpally,TS
2025-04-29,1.3,37.3,25.5,6.57,0.179,Jayashankar Bhupalpally,TS
2025-04-30,0.2,37.4,26.2,6.68,0.172,Jayashankar Bhupalpally,TS
2025-05-01,0.1,37.6,25.6,6.01,0.178,Jayashankar Bhupalpally,TS
2025-05-02,0.0,36.8,26.2,6.42,0.189,Jayashankar Bhupalpally,TS
2025-05-03,0.2,37.6,26.4,6.28,0.191,Jayashankar Bhupalpally,TS
2025-05-04,0.0,36.5,25.3,5.73,0.2,Jayashankar Bhupalpally,TS
2025-05-05,0.3,37.4,23.1,6.04,0.216,Jayashankar Bhupalpally,TS
2025-05-06,5.0,36.5,24.3,5.86,0.222,Jayashankar Bhupalpally,TS
2025-05-07,0.0,36.7,25.3,6.08,0.208,Jayashankar Bhupalpally,TS
2025-05-08,5.3,36.7,24.4,6.03,0.241,Jayashankar Bhupalpally,TS
2025-05-09,0.0,36.5,25.0,5.95,0.2,Jayashankar Bhupalpally,TS
2025-05-10,1.2,36.7,26.4,5.73,0.199,Jayashankar Bhupalpally,TS
2025-05-11,0.0,37.8,26.5,5.9,0.204,Jayashankar Bhupalpally,TS
2025-05-12,0.0,38.6,26.3,6.15,0.204,Jayashankar Bhupalpally,TS
2025-05-13,0.0,38.9,26.5,6.17,0.198,Jayashankar Bhupalpally,TS
2025-05-14,0.0,38.3,27.1,6.28,0.2,Jayashankar Bhupalpally,TS
2025-05-15,1.0,35.8,28.1,4.42,0.2,Jayashankar Bhupalpally,TS
2025-05-16,0.4,36.6,26.9,5.13,0.207,Jayashankar Bhupalpally,TS
2025-05-17,0.0,35.7,25.5,4.82,0.249,Jayashankar Bhupalpally,TS
2025-05-18,0.0,36.7,27.3,5.37,0.245,Jayashankar Bhupalpally,TS
2025-05-19,1.2,36.7,26.5,4.54,0.235,Jayashankar Bhupalpally,TS
2025-05-20,0.0,37.9,27.4,5.67,0.216,Jayashankar Bhupalpally,TS
2025-05-21,18.0,35.1,25.0,3.75,0.344,Jayashankar Bhupalpally,TS
2025-05-22,9.8,31.6,24.2,2.52,0.4,Jayashankar Bhupalpally,TS
2025-05-23,0.4,34.9,24.8,4.89,0.393,Jayashankar Bhupalpally,TS
2025-05-24,2.6,35.0,26.5,5.56,0.382,Jayashankar Bhupalpally,TS
2025-05-25,2.2,35.2,26.4,5.69,0.377,Jayashankar Bhupalpally,TS
2025-05-26,7.5,35.1,25.9,4.07,0.387,Jayashankar Bhupalpally,TS
2025-05-27,26.7,35.3,25.7,4.26,0.4,Jayashankar Bhupalpally,TS
2025-05-28,3.1,32.8,25.4,3.6,0.412,Jayashankar Bhupalpally,TS
2025-05-29,6.2,33.9,26.4,3.94,0.399,Jayashankar Bhupalpally,TS
2025-05-30,0.0,35.7,26.7,5.01,0.395,Jayashankar Bhupalpally,TS
2025-05-31,0.0,36.4,26.9,6.56,0.39,Jayashankar Bhupalpally,TS
2025-06-01,0.0,37.0,27.7,7.15,0.37,Jayashankar Bhupalpally,TS
2025-06-02,0.9,36.2,27.6,6.89,0.352,Jayashankar Bhupalpally,TS
2025-06-03,1.2,35.6,25.1,6.15,0.334,Jayashankar Bhupalpally,TS
2025-06-04,0.4,36.2,26.5,6.39,0.313,Jayashankar Bhupalpally,TS
2025-06-05,0.3,34.9,24.2,5.55,0.343,Jayashankar Bhupalpally,TS
2025-06-06,0.0,36.6,25.6,5.78,0.332,Jayashankar Bhupalpally,TS
2025-06-07,0.1,37.4,26.8,6.05,0.318,Jayashankar Bhupalpally,TS
2025-06-08,0.0,37.5,26.4,6.48,0.313,Jayashankar Bhupalpally,TS
2025-06-09,1.6,34.2,25.6,5.08,0.324,Jayashankar Bhupalpally,TS
2025-06-10,0.0,36.8,26.8,5.89,0.34,Jayashankar Bhupalpally,TS
2025-06-11,13.9,33.5,24.7,3.58,0.359,Jayashankar Bhupalpally,TS
2025-06-12,11.3,34.3,24.3,4.47,0.38,Jayashankar Bhupalpally,TS
2025-06-13,1.4,35.3,25.4,5.21,0.351,Jayashankar Bhupalpally,TS
2025-06-14,3.3,35.2,26.5,5.38,0.342,Jayashankar Bhupalpally,TS
2025-06-15,0.0,34.2,26.5,5.56,0.333,Jayashankar Bhupalpally,TS
2025-06-16,4.8,35.2,26.4,5.4,0.358,Jayashankar Bhupalpally,TS
2025-06-17,0.0,34.6,26.8,5.67,0.365,Jayashankar Bhupalpally,TS
2025-06-18,0.1,35.1,27.1,6.65,0.339,Jayashankar Bhupalpally,TS
2025-06-19,0.8,32.5,28.0,4.48,0.324,Jayashankar Bhupalpally,TS
2025-06-20,0.0,34.0,27.0,5.05,0.322,Jayashankar Bhupalpally,TS
2025-06-21,0.0,35.0,26.9,6.41,0.309,Jayashankar Bhupalpally,TS
2025-06-22,0.2,34.5,25.5,6.01,0.291,Jayashankar Bhupalpally,TS
2025-06-23,1.7,31.0,24.9,2.79,0.314,Jayashankar Bhupalpally,TS
2025-06-24,11.3,31.9,24.5,4.61,0.36,Jayashankar Bhupalpally,TS
2025-06-25,20.1,31.7,24.3,3.01,0.402,Jayashankar Bhupalpally,TS
2025-06-26,4.7,32.0,24.1,3.78,0.413,Jayashankar Bhupalpally,TS
2025-06-27,0.6,33.2,25.6,4.61,0.395,Jayashankar Bhupalpally,TS
2025-06-28,0.0,33.7,25.8,5.72,0.376,Jayashankar Bhupalpally,TS
2025-06-29,4.3,33.3,24.1,5.46,0.368,Jayashankar Bhupalpally,TS
2025-06-30,14.3,30.0,24.0,1.98,0.416,Jayashankar Bhupalpally,TS
2025-07-01,10.4,29.1,23.8,2.43,0.415,Jayashankar Bhupalpally,TS
2025-07-02,16.0,30.8,23.3,2.92,0.42,Jayashankar Bhupalpally,TS
2025-07-03,6.3,29.7,24.1,2.62,0.415,Jayashankar Bhupalpally,TS
2025-07-04,6.3,32.7,25.5,4.8,0.402,Jayashankar Bhupalpally,TS
2025-07-05,6.3,32.5,25.1,4.58,0.408,Jayashankar Bhupalpally,TS
2025-07-06,7.1,32.2,24.2,3.93,0.414,Jayashankar Bhupalpally,TS
2025-07-07,3.8,31.4,24.4,4.12,0.41,Jayashankar Bhupalpally,TS
2025-07-08,0.5,31.8,25.2,5.52,0.393,Jayashankar Bhupalpally,TS
2025-07-09,0.9,32.2,25.0,5.11,0.386,Jayashankar Bhupalpally,TS
2025-07-10,0.7,31.9,24.8,4.91,0.388,Jayashankar Bhupalpally,TS
2025-07-11,0.2,33.5,23.9,5.33,0.373,Jayashankar Bhupalpally,TS
2025-07-12,0.5,33.2,25.8,5.46,0.363,Jayashankar Bhupalpally,TS
2025-07-13,0.0,32.4,26.4,4.81,0.331,Jayashankar Bhupalpally,TS
2025-07-14,0.3,33.3,26.5,5.61,0.304,Jayashankar Bhupalpally,TS
2025-07-15,0.5,33.4,26.2,5.25,0.268,Jayashankar Bhupalpally,TS
2025-07-16,0.6,33.4,26.2,4.49,0.262,Jayashankar Bhupalpally,TS
2025-07-17,10.7,34.1,24.1,4.64,0.289,Jayashankar Bhupalpally,TS
2025-07-18,0.0,33.1,24.6,4.33,0.311,Jayashankar Bhupalpally,TS
2025-07-19,12.8,33.0,25.1,4.2,0.334,Jayashankar Bhupalpally,TS
2025-07-20,3.2,32.0,24.8,3.87,0.325,Jayashankar Bhupalpally,TS
2025-07-21,1.7,31.9,25.3,3.79,0.297,Jayashankar Bhupalpally,TS
2025-07-22,28.0,32.1,24.9,3.58,0.376,Jayashankar Bhupalpally,TS
2025-07-23,25.2,30.4,24.4,2.9,0.419,Jayashankar Bhupalpally,TS
2025-07-24,18.4,27.9,23.9,1.74,0.423,Jayashankar Bhupalpally,TS
2025-07-25,19.6,26.8,23.8,1.29,0.427,Jayashankar Bhupalpally,TS
2025-07-26,40.7,26.6,23.9,1.19,0.429,Jayashankar Bhupalpally,TS
2025-07-27,1.4,32.8,23.6,4.64,0.405,Jayashankar Bhupalpally,TS
2025-07-28,0.2,32.4,25.2,5.81,0.385,Jayashankar Bhupalpally,TS
2025-07-29,0.3,31.3,26.0,4.41,0.375,Jayashankar Bhupalpally,TS
2025-07-30,3.3,30.2,25.2,3.88,0.376,Jayashankar Bhupalpally,TS
2025-07-31,0.7,32.3,24.5,4.94,0.367,Jayashankar Bhupalpally,TS
2025-08-01,0.2,32.7,25.3,5.31,0.343,Jayashankar Bhupalpally,TS
2025-08-02,0.3,32.5,24.9,5.08,0.328,Jayashankar Bhupalpally,TS
2025-08-03,3.7,33.5,24.6,5.26,0.314,Jayashankar Bhupalpally,TS
2025-08-04,0.6,33.2,24.4,4.39,0.289,Jayashankar Bhupalpally,TS
2025-08-05,1.3,31.7,24.8,3.8,0.246,Jayashankar Bhupalpally,TS
2025-08-06,8.5,32.1,24.5,3.96,0.242,Jayashankar Bhupalpally,TS
2025-08-07,12.1,31.2,25.2,3.66,0.285,Jayashankar Bhupalpally,TS
2025-08-08,3.4,30.4,25.0,2.57,0.281,Jayashankar Bhupalpally,TS
2025-08-09,1.3,32.1,24.2,4.7,0.332,Jayashankar Bhupalpally,TS
2025-08-10,5.0,31.4,23.7,4.08,0.318,Jayashankar Bhupalpally,TS
2025-08-11,30.0,31.2,23.7,3.84,0.322,Jayashankar Bhupalpally,TS
2025-08-12,12.9,31.8,23.8,4.17,0.377,Jayashankar Bhupalpally,TS
2025-08-13,11.2,29.7,23.9,3.23,0.407,Jayashankar Bhupalpally,TS
2025-08-14,17.1,29.7,23.7,2.8,0.419,Jayashankar Bhupalpally,TS
2025-08-15,17.7,30.7,23.9,3.46,0.412,Jayashankar Bhupalpally,TS
2025-08-16,20.5,29.8,23.9,2.7,0.419,Jayashankar Bhupalpally,TS
2025-08-17,5.7,31.2,23.6,3.74,0.399,Jayashankar Bhupalpally,TS
2025-08-18,15.3,27.4,23.7,1.64,0.424,Jayashankar Bhupalpally,TS
2025-08-19,16.2,28.2,23.6,3.06,0.42,Jayashankar Bhupalpally,TS
2025-08-20,7.4,31.0,24.0,4.24,0.412,Jayashankar Bhupalpally,TS
2025-08-21,0.4,31.8,24.8,4.93,0.391,Jayashankar Bhupalpally,TS
2025-08-22,0.1,31.0,26.3,4.48,0.366,Jayashankar Bhupalpally,TS
2025-08-23,0.0,30.7,25.1,4.86,0.335,Jayashankar Bhupalpally,TS
2025-08-24,0.3,30.6,24.6,4.44,0.339,Jayashankar Bhupalpally,TS
2025-08-25,0.2,31.1,25.0,4.91,0.33,Jayashankar Bhupalpally,TS
2025-08-26,5.5,27.2,24.5,1.93,0.335,Jayashankar Bhupalpally,TS
2025-08-27,52.1,27.5,23.3,2.08,0.424,Jayashankar Bhupalpally,TS
2025-08-28,17.1,29.0,23.0,3.05,0.419,Jayashankar Bhupalpally,TS
2025-08-29,1.7,31.0,23.6,4.58,0.399,Jayashankar Bhupalpally,TS
2025-08-30,0.6,31.7,24.1,4.4,0.379,Jayashankar Bhupalpally,TS
2025-08-31,7.6,31.0,24.6,3.87,0.381,Jayashankar Bhupalpally,TS
2025-09-01,35.3,29.0,23.8,2.78,0.422,Jayashankar Bhupalpally,TS
2025-09-02,15.1,28.6,23.9,2.64,0.422,Jayashankar Bhupalpally,TS
2025-09-03,7.0,28.3,24.5,2.67,0.414,Jayashankar Bhupalpally,TS
2025-09-04,0.3,30.4,23.5,4.18,0.395,Jayashankar Bhupalpally,TS
2025-09-05,0.3,32.2,24.1,5.07,0.37,Jayashankar Bhupalpally,TS
2025-09-06,3.4,31.1,23.6,4.1,0.338,Jayashankar Bhupalpally,TS
2025-09-07,0.5,31.3,24.1,4.26,0.318,Jayashankar Bhupalpally,TS
2025-09-08,2.1,31.9,23.8,4.69,0.29,Jayashankar Bhupalpally,TS
2025-09-09,6.1,31.5,23.9,3.91,0.287,Jayashankar Bhupalpally,TS
2025-09-10,11.9,31.5,24.0,3.65,0.309,Jayashankar Bhupalpally,TS
2025-09-11,6.5,29.2,24.4,2.73,0.365,Jayashankar Bhupalpally,TS
2025-09-12,15.0,28.3,24.2,2.09,0.388,Jayashankar Bhupalpally,TS
2025-09-13,25.6,30.1,23.0,3.21,0.392,Jayashankar Bhupalpally,TS
2025-09-14,10.2,31.0,23.9,4.09,0.389,Jayashankar Bhupalpally,TS
2025-09-15,2.1,30.5,24.1,3.6,0.382,Jayashankar Bhupalpally,TS
2025-09-16,9.9,30.7,24.7,3.51,0.373,Jayashankar Bhupalpally,TS
2025-09-17,1.8,30.8,24.1,3.89,0.363,Jayashankar Bhupalpally,TS
2025-09-18,0.6,31.8,24.5,4.61,0.337,Jayashankar Bhupalpally,TS
2025-09-19,1.1,32.2,24.7,4.46,0.284,Jayashankar Bhupalpally,TS
2025-09-20,12.3,32.2,23.6,4.45,0.337,Jayashankar Bhupalpally,TS
2025-09-21,5.3,32.6,24.2,4.36,0.36,Jayashankar Bhupalpally,TS
2025-09-22,20.2,28.6,24.5,2.2,0.375,Jayashankar Bhupalpally,TS
2025-09-23,7.1,29.7,23.4,2.02,0.369,Jayashankar Bhupalpally,TS
2025-09-24,1.1,29.9,24.0,2.59,0.366,Jayashankar Bhupalpally,TS
2025-09-25,34.2,25.4,23.3,1.13,0.408,Jayashankar Bhupalpally,TS
2025-09-26,32.9,30.0,22.9,3.16,0.42,Jayashankar Bhupalpally,TS
2025-09-27,22.2,27.5,23.4,2.09,0.422,Jayashankar Bhupalpally,TS
2025-09-28,0.1,30.0,23.4,3.96,0.392,Jayashankar Bhupalpally,TS
2025-09-29,0.4,30.5,23.6,4.16,0.369,Jayashankar Bhupalpally,TS
2025-09-30,1.3,30.9,23.6,4.1,0.349,Jayashankar Bhupalpally,TS
2025-10-01,1.3,31.3,23.8,4.3,0.333,Jayashankar Bhupalpally,TS
2025-10-02,0.6,28.8,24.7,2.29,0.316,Jayashankar Bhupalpally,TS
2025-10-03,0.6,29.8,25.2,3.52,0.304,Jayashankar Bhupalpally,TS
2025-10-04,11.4,30.7,24.3,3.63,0.307,Jayashankar Bhupalpally,TS
2025-10-05,9.3,30.0,23.9,3.26,0.349,Jayashankar Bhupalpally,TS
2025-10-06,4.6,29.9,23.6,3.35,0.366,Jayashankar Bhupalpally,TS
2025-10-07,0.2,31.0,23.3,4.22,0.316,Jayashankar Bhupalpally,TS
2025-10-08,3.9,31.3,24.0,4.13,0.271,Jayashankar Bhupalpally,TS
2025-10-09,0.0,31.3,23.7,4.33,0.234,Jayashankar Bhupalpally,TS
2025-10-10,0.1,31.4,23.5,4.09,0.201,Jayashankar Bhupalpally,TS
2025-10-11,0.1,31.3,22.8,4.17,0.177,Jayashankar Bhupalpally,TS
2025-10-12,0.6,31.6,22.5,4.13,0.166,Jayashankar Bhupalpally,TS
2025-10-13,24.6,27.2,23.1,1.58,0.338,Jayashankar Bhupalpally,TS
2025-10-14,3.2,29.4,22.8,3.16,0.322,Jayashankar Bhupalpally,TS
2025-10-15,0.0,31.3,22.6,4.18,0.269,Jayashankar Bhupalpally,TS
2025-10-16,0.0,32.0,23.1,4.44,0.234,Jayashankar Bhupalpally,TS
2025-10-17,0.0,32.4,22.8,4.44,0.214,Jayashankar Bhupalpally,TS
2025-10-18,0.0,32.1,22.3,4.5,0.198,Jayashankar Bhupalpally,TS
2025-10-19,0.9,32.1,22.5,4.16,0.183,Jayashankar Bhupalpally,TS
2025-10-20,0.6,30.9,23.7,3.31,0.166,Jayashankar Bhupalpally,TS
2025-10-21,3.9,32.1,23.2,4.01,0.152,Jayashankar Bhupalpally,TS
2025-10-22,1.4,33.4,23.1,3.77,0.16,Jayashankar Bhupalpally,TS
2025-10-23,15.5,32.4,24.0,2.92,0.215,Jayashankar Bhupalpally,TS
2025-10-24,13.5,27.7,22.9,1.71,0.31,Jayashankar Bhupalpally,TS
2025-10-25,17.7,31.3,22.2,3.1,0.311,Jayashankar Bhupalpally,TS
2025-10-26,0.0,32.0,22.1,4.15,0.263,Jayashankar Bhupalpally,TS
2025-10-27,4.5,32.9,22.5,3.53,0.241,Jayashankar Bhupalpally,TS
2025-10-28,26.0,27.8,23.8,1.87,0.362,Jayashankar Bhupalpally,TS
2025-10-29,79.8,27.0,23.5,1.19,0.405,Jayashankar Bhupalpally,TS
2025-10-30,5.7,30.4,22.9,3.8,0.402,Jayashankar Bhupalpally,TS
2025-10-31,0.0,30.8,23.2,4.4,0.353,Jayashankar Bhupalpally,TS
2025-11-01,0.0,31.2,22.2,3.92,0.317,Jayashankar Bhupalpally,TS
2025-11-02,1.0,31.4,23.3,3.96,0.297,Jayashankar Bhupalpally,TS
2025-11-03,0.9,31.5,22.9,3.77,0.262,Jayashankar Bhupalpally,TS
2025-11-04,1.3,30.7,24.2,3.66,0.219,Jayashankar Bhupalpally,TS
2025-11-05,0.0,31.5,23.1,4.04,0.19,Jayashankar Bhupalpally,TS
2025-11-06,0.0,31.2,21.0,4.33,0.172,Jayashankar Bhupalpally,TS
2025-11-07,0.0,31.1,21.5,4.3,0.158,Jayashankar Bhupalpally,TS
2025-11-08,0.0,30.9,20.8,4.33,0.15,Jayashankar Bhupalpally,TS
2025-11-09,0.0,29.8,18.7,4.66,0.143,Jayashankar Bhupalpally,TS
2025-11-10,0.0,29.9,17.4,4.39,0.139,Jayashankar Bhupalpally,TS
2025-11-11,0.0,30.0,17.9,4.63,0.134,Jayashankar Bhupalpally,TS
2025-11-12,0.0,30.4,17.6,4.66,0.128,Jayashankar Bhupalpally,TS
2025-11-13,0.0,30.0,16.5,4.45,0.133,Jayashankar Bhupalpally,TS
2025-11-14,0.0,29.2,15.2,4.13,0.146,Jayashankar Bhupalpally,TS
2025-11-15,0.0,29.3,15.1,4.07,0.134,Jayashankar Bhupalpally,TS
2025-11-16,0.0,28.9,15.1,4.25,0.132,Jayashankar Bhupalpally,TS
2025-11-17,0.0,28.3,15.0,4.17,0.133,Jayashankar Bhupalpally,TS
2025-11-18,0.0,29.1,14.5,4.07,0.132,Jayashankar Bhupalpally,TS
2025-11-19,0.0,28.7,14.5,4.02,0.132,Jayashankar Bhupalpally,TS
2025-11-20,0.0,29.7,14.8,3.96,0.13,Jayashankar Bhupalpally,TS
2025-11-21,0.0,30.7,17.1,3.98,0.128,Jayashankar Bhupalpally,TS
2025-11-22,0.0,31.7,19.1,4.0,0.125,Jayashankar Bhupalpally,TS
2025-11-23,0.0,31.9,19.6,4.08,0.125,Jayashankar Bhupalpally,TS
2025-11-24,0.0,31.5,18.1,4.14,0.123,Jayashankar Bhupalpally,TS
2025-11-25,0.0,30.7,19.1,3.96,0.118,Jayashankar Bhupalpally,TS
2025-11-26,0.0,30.7,18.9,3.98,0.115,Jayashankar Bhupalpally,TS
2025-11-27,0.0,30.0,18.0,4.13,0.116,Jayashankar Bhupalpally,TS
2025-11-28,0.0,28.2,17.1,3.99,0.129,Jayashankar Bhupalpally,TS
2025-11-29,0.0,28.5,15.4,3.61,0.134,Jayashankar Bhupalpally,TS
2025-11-30,0.0,27.8,17.1,2.8,0.134,Jayashankar Bhupalpally,TS
2025-12-01,0.0,29.1,19.0,3.11,0.131,Jayashankar Bhupalpally,TS
2025-12-02,0.0,29.6,18.1,3.78,0.136,Jayashankar Bhupalpally,TS
2025-12-03,0.0,29.8,17.3,3.61,0.136,Jayashankar Bhupalpally,TS
2025-12-04,0.0,30.1,18.9,3.61,0.133,Jayashankar Bhupalpally,TS
2025-12-05,0.0,29.1,17.5,3.72,0.131,Jayashankar Bhupalpally,TS
2025-12-06,0.0,28.9,15.5,3.79,0.134,Jayashankar Bhupalpally,TS
2025-12-07,0.0,29.1,15.8,3.81,0.134,Jayashankar Bhupalpally,TS
2025-12-08,0.0,29.1,14.1,3.82,0.129,Jayashankar Bhupalpally,TS
2025-12-09,0.0,29.3,14.6,4.2,0.122,Jayashankar Bhupalpally,TS
2025-12-10,0.0,29.9,13.8,4.2,0.119,Jayashankar Bhupalpally,TS
2025-12-11,0.0,28.9,13.1,4.02,0.122,Jayashankar Bhupalpally,TS
2025-12-12,0.0,28.7,13.4,3.79,0.121,Jayashankar Bhupalpally,TS
2025-12-13,0.0,28.8,13.5,3.77,0.119,Jayashankar Bhupalpally,TS
2025-12-14,0.0,28.7,15.5,3.63,0.12,Jayashankar Bhupalpally,TS
2025-12-15,0.0,28.5,14.9,3.67,0.124,Jayashankar Bhupalpally,TS
2025-12-16,0.0,29.3,14.3,3.54,0.129,Jayashankar Bhupalpally,TS
2025-12-17,0.0,29.5,14.9,3.78,0.137,Jayashankar Bhupalpally,TS
2025-12-18,0.0,29.3,13.9,4.06,0.145,Jayashankar Bhupalpally,TS
2025-12-19,0.0,27.5,13.9,3.67,0.152,Jayashankar Bhupalpally,TS
2025-12-20,0.0,27.8,13.3,3.61,0.146,Jayashankar Bhupalpally,TS
2025-12-21,0.0,28.1,14.1,3.55,0.143,Jayashankar Bhupalpally,TS
2025-12-22,0.0,28.2,14.1,3.61,0.138,Jayashankar Bhupalpally,TS
2025-12-23,0.0,27.9,14.2,3.51,0.148,Jayashankar Bhupalpally,TS
2025-12-24,0.0,27.9,14.4,3.46,0.156,Jayashankar Bhupalpally,TS
2025-12-25,0.0,28.3,13.1,3.42,0.16,Jayashankar Bhupalpally,TS
2025-12-26,0.0,27.4,15.2,3.46,0.166,Jayashankar Bhupalpally,TS
2025-12-27,0.0,27.5,14.1,3.5,0.166,Jayashankar Bhupalpally,TS
2025-12-28,0.0,27.8,14.2,3.59,0.175,Jayashankar Bhupalpally,TS
2025-12-29,0.0,27.7,14.0,3.56,0.18,Jayashankar Bhupalpally,TS
2025-12-30,0.0,28.1,13.6,3.52,0.183,Jayashankar Bhupalpally,TS
2025-12-31,0.0,28.2,14.8,3.32,0.201,Jayashankar Bhupalpally,TS
2026-01-01,0.0,29.2,16.1,3.32,0.22,Jayashankar Bhupalpally,TS
2026-01-02,0.0,28.8,16.7,3.15,0.242,Jayashankar Bhupalpally,TS
2026-01-03,0.0,28.4,17.4,3.17,0.271,Jayashankar Bhupalpally,TS
2026-01-04,0.0,28.2,17.2,3.22,0.285,Jayashankar Bhupalpally,TS
2026-01-05,0.1,27.6,17.1,3.31,0.298,Jayashankar Bhupalpally,TS
2026-01-06,0.0,28.1,15.1,3.61,0.314,Jayashankar Bhupalpally,TS
2026-01-07,0.0,28.0,13.4,3.59,0.309,Jayashankar Bhupalpally,TS
2026-01-08,0.0,27.7,12.8,3.67,0.313,Jayashankar Bhupalpally,TS
2026-01-09,0.0,27.5,12.4,3.76,0.331,Jayashankar Bhupalpally,TS
2026-01-10,0.0,23.8,14.4,1.94,0.358,Jayashankar Bhupalpally,TS
2026-01-11,0.0,27.6,16.9,3.23,0.357,Jayashankar Bhupalpally,TS
2026-01-12,0.0,28.1,15.5,2.97,0.345,Jayashankar Bhupalpally,TS
2026-01-13,0.0,29.2,16.9,3.83,0.334,Jayashankar Bhupalpally,TS
2026-01-14,0.0,29.7,16.4,3.63,0.336,Jayashankar Bhupalpally,TS
2026-01-15,0.0,30.0,17.6,3.75,0.344,Jayashankar Bhupalpally,TS
2026-01-16,0.0,29.7,16.8,4.05,0.345,Jayashankar Bhupalpally,TS
2026-01-17,0.0,29.7,15.3,4.03,0.343,Jayashankar Bhupalpally,TS
2026-01-18,0.0,29.9,14.0,3.85,0.338,Jayashankar Bhupalpally,TS
2026-01-19,0.0,29.5,17.1,3.7,0.336,Jayashankar Bhupalpally,TS
2026-01-20,0.0,30.0,16.9,3.87,0.332,Jayashankar Bhupalpally,TS
2026-01-21,0.0,30.5,17.0,3.91,0.325,Jayashankar Bhupalpally,TS
2026-01-22,0.0,29.5,16.4,3.92,0.32,Jayashankar Bhupalpally,TS
2026-01-23,0.0,29.6,16.7,3.8,0.315,Jayashankar Bhupalpally,TS
2026-01-24,0.0,29.3,17.1,3.68,0.306,Jayashankar Bhupalpally,TS
2026-01-25,0.0,30.5,17.8,3.87,0.308,Jayashankar Bhupalpally,TS
2026-01-26,0.0,30.6,18.5,3.95,0.328,Jayashankar Bhupalpally,TS
2026-01-27,0.0,30.9,17.7,4.35,0.326,Jayashankar Bhupalpally,TS
2026-01-28,0.0,29.6,18.3,3.98,0.334,Jayashankar Bhupalpally,TS
2026-01-29,0.0,30.3,18.7,3.88,0.328,Jayashankar Bhupalpally,TS
2026-01-30,0.0,30.0,18.7,3.79,0.333,Jayashankar Bhupalpally,TS
2026-01-31,0.0,30.6,18.0,4.02,0.328,Jayashankar Bhupalpally,TS
2026-02-01,0.0,30.0,18.7,3.91,0.313,Jayashankar Bhupalpally,TS
2026-02-02,0.0,30.6,19.1,4.05,0.298,Jayashankar Bhupalpally,TS
2026-02-03,0.0,30.3,18.6,4.02,0.296,Jayashankar Bhupalpally,TS
2026-02-04,0.0,30.8,18.5,4.4,0.3,Jayashankar Bhupalpally,TS
2026-02-05,0.0,30.6,17.9,4.35,0.291,Jayashankar Bhupalpally,TS
2026-02-06,0.0,30.9,17.5,4.2,0.28,Jayashankar Bhupalpally,TS
2026-02-07,0.0,31.2,16.4,4.88,0.273,Jayashankar Bhupalpally,TS
2026-02-08,0.0,31.1,17.3,4.71,0.283,Jayashankar Bhupalpally,TS
2026-02-09,0.0,30.1,15.7,4.54,0.276,Jayashankar Bhupalpally,TS
2026-02-10,0.0,31.2,17.1,4.29,0.268,Jayashankar Bhupalpally,TS
2026-02-11,0.0,31.7,18.4,4.52,0.258,Jayashankar Bhupalpally,TS
2026-02-12,0.0,32.2,18.0,4.68,0.27,Jayashankar Bhupalpally,TS
2026-02-13,0.0,31.8,17.9,4.75,0.267,Jayashankar Bhupalpally,TS
2026-02-14,0.0,32.1,18.2,4.78,0.251,Jayashankar Bhupalpally,TS
2026-02-15,0.0,32.3,17.4,4.98,0.258,Jayashankar Bhupalpally,TS
2026-02-16,0.0,32.9,18.1,5.01,0.247,Jayashankar Bhupalpally,TS
2026-02-17,0.0,32.2,17.6,4.89,0.241,Jayashankar Bhupalpally,TS
2026-02-18,0.0,32.7,18.7,4.68,0.24,Jayashankar Bhupalpally,TS
2026-02-19,0.0,33.2,19.0,4.86,0.23,Jayashankar Bhupalpally,TS
2026-02-20,0.0,33.5,18.5,4.86,0.222,Jayashankar Bhupalpally,TS
2026-02-21,0.0,33.8,19.0,5.17,0.213,Jayashankar Bhupalpally,TS
2026-02-22,0.0,33.3,20.3,4.93,0.209,Jayashankar Bhupalpally,TS
2026-02-23,1.9,32.4,20.4,4.33,0.205,Jayashankar Bhupalpally,TS
2026-02-24,0.1,31.3,20.0,3.93,0.221,Jayashankar Bhupalpally,TS
2026-02-25,0.0,32.5,19.9,4.21,0.221,Jayashankar Bhupalpally,TS
2026-02-26,0.0,33.8,20.0,4.8,0.227,Jayashankar Bhupalpally,TS
2026-02-27,0.0,33.8,20.0,4.91,0.221,Jayashankar Bhupalpally,TS
2026-02-28,0.0,32.5,21.0,4.25,0.217,Jayashankar Bhupalpally,TS
2026-03-01,0.0,33.4,21.5,4.81,0.22,Jayashankar Bhupalpally,TS
2026-03-02,0.0,34.7,21.5,4.91,0.223,Jayashankar Bhupalpally,TS
2026-03-03,0.0,36.1,20.8,5.49,0.224,Jayashankar Bhupalpally,TS
2026-03-04,0.0,35.5,19.1,5.26,0.22,Jayashankar Bhupalpally,TS
2026-03-05,0.0,35.9,18.8,6.19,0.216,Jayashankar Bhupalpally,TS
2026-03-06,0.0,36.5,18.8,6.14,0.215,Jayashankar Bhupalpally,TS
2026-03-07,0.0,36.3,21.5,5.42,0.209,Jayashankar Bhupalpally,TS
2026-03-08,0.0,34.6,20.6,5.37,0.203,Jayashankar Bhupalpally,TS
2026-03-09,0.0,35.0,22.1,5.45,0.216,Jayashankar Bhupalpally,TS
2026-03-10,0.0,33.8,22.5,5.27,0.216,Jayashankar Bhupalpally,TS
2026-03-11,0.0,34.4,22.3,5.74,0.229,Jayashankar Bhupalpally,TS
2026-03-12,0.0,36.0,20.6,5.94,0.237,Jayashankar Bhupalpally,TS
2026-03-13,0.0,36.6,21.2,5.84,0.236,Jayashankar Bhupalpally,TS
2026-03-14,0.0,35.7,21.8,5.64,0.241,Jayashankar Bhupalpally,TS
2026-03-15,0.0,34.0,22.0,5.66,0.236,Jayashankar Bhupalpally,TS
2026-03-16,0.6,32.5,22.9,5.08,0.237,Jayashankar Bhupalpally,TS
2026-03-17,0.9,33.0,21.7,4.98,0.242,Jayashankar Bhupalpally,TS
2026-03-18,0.0,30.5,21.1,3.82,0.248,Jayashankar Bhupalpally,TS
2026-03-19,0.7,30.6,20.4,4.46,0.256,Jayashankar Bhupalpally,TS
2026-03-20,0.3,30.8,19.6,4.43,0.264,Jayashankar Bhupalpally,TS
2026-03-21,0.8,31.7,20.8,4.5,0.246,Jayashankar Bhupalpally,TS
2026-03-22,0.1,32.1,21.2,4.53,0.233,Jayashankar Bhupalpally,TS
2026-03-23,0.0,34.7,21.8,5.28,0.23,Jayashankar Bhupalpally,TS
2026-03-24,0.0,34.9,22.5,5.63,0.216,Jayashankar Bhupalpally,TS
2026-03-25,0.1,34.9,23.2,5.47,0.206,Jayashankar Bhupalpally,TS
2026-03-26,0.7,35.9,23.1,5.72,0.206,Jayashankar Bhupalpally,TS
2026-03-27,0.0,36.6,23.5,6.14,0.211,Jayashankar Bhupalpally,TS
2026-03-28,0.0,36.2,24.5,6.5,0.233,Jayashankar Bhupalpally,TS
2026-03-29,0.0,36.8,24.8,6.33,0.249,Jayashankar Bhupalpally,TS
2026-03-30,0.4,36.4,24.5,5.85,0.246,Jayashankar Bhupalpally,TS
2026-03-31,0.2,34.9,23.7,5.39,0.245,Jayashankar Bhupalpally,TS
2026-04-01,0.0,36.0,24.2,5.77,0.237,Jayashankar Bhupalpally,TS
2026-04-02,0.0,34.7,23.3,5.39,0.231,Jayashankar Bhupalpally,TS
2026-04-03,0.0,35.4,24.6,5.4,0.227,Jayashankar Bhupalpally,TS
2026-04-04,0.0,34.7,25.0,5.24,0.221,Jayashankar Bhupalpally,TS
2026-04-05,0.0,35.0,24.5,5.75,0.212,Jayashankar Bhupalpally,TS
2026-04-06,0.2,35.3,23.7,5.72,0.199,Jayashankar Bhupalpally,TS
2026-04-07,0.0,35.8,24.9,6.37,0.178,Jayashankar Bhupalpally,TS
2026-04-08,0.0,36.3,23.7,6.45,0.159,Jayashankar Bhupalpally,TS
2026-04-09,0.3,36.4,25.3,5.85,0.147,Jayashankar Bhupalpally,TS
2026-04-10,0.0,37.5,25.3,6.2,0.143,Jayashankar Bhupalpally,TS
2026-04-11,0.0,37.6,25.0,6.38,0.146,Jayashankar Bhupalpally,TS
2026-04-12,0.0,38.9,24.5,6.53,0.157,Jayashankar Bhupalpally,TS
2026-04-13,0.0,38.5,25.2,6.64,0.154,Jayashankar Bhupalpally,TS
2026-04-14,0.0,39.2,25.9,7.28,0.144,Jayashankar Bhupalpally,TS
2026-04-15,0.0,39.6,26.2,7.22,0.137,Jayashankar Bhupalpally,TS
2026-04-16,0.0,39.4,25.7,6.75,0.133,Jayashankar Bhupalpally,TS
2026-04-17,0.0,39.0,26.2,6.44,0.136,Jayashankar Bhupalpally,TS
2026-04-18,0.0,39.5,26.2,6.65,0.135,Jayashankar Bhupalpally,TS
2026-04-19,0.0,39.2,25.9,6.5,0.133,Jayashankar Bhupalpally,TS
2026-04-20,0.0,39.0,25.7,6.43,0.145,Jayashankar Bhupalpally,TS
2026-04-21,0.0,37.1,26.3,6.05,0.153,Jayashankar Bhupalpally,TS
2026-04-22,0.0,38.6,27.2,6.83,0.148,Jayashankar Bhupalpally,TS
2026-04-23,0.0,39.0,26.1,6.09,0.141,Jayashankar Bhupalpally,TS
2026-04-24,0.0,39.0,25.5,6.76,0.152,Jayashankar Bhupalpally,TS
2026-04-25,0.0,38.8,25.2,6.4,0.164,Jayashankar Bhupalpally,TS
2026-04-26,0.0,39.7,26.2,6.83,0.159,Jayashankar Bhupalpally,TS
2026-04-27,0.2,39.3,25.9,7.36,0.15,Jayashankar Bhupalpally,TS
2026-04-28,1.5,38.1,26.9,6.38,0.145,Jayashankar Bhupalpally,TS
2026-04-29,0.0,38.8,26.4,7.02,0.133,Jayashankar Bhupalpally,TS
2026-04-30,0.8,39.0,27.2,6.85,0.133,Jayashankar Bhupalpally,TS
2026-05-01,0.0,39.5,26.6,7.43,0.144,Jayashankar Bhupalpally,TS
2026-05-02,0.0,38.9,26.1,6.93,0.141,Jayashankar Bhupalpally,TS
2026-05-03,0.1,38.5,27.2,6.63,0.143,Jayashankar Bhupalpally,TS
2026-05-04,0.0,37.9,25.3,6.44,0.138,Jayashankar Bhupalpally,TS
2026-05-05,0.0,38.0,26.9,6.86,0.13,Jayashankar Bhupalpally,TS
2026-05-06,0.0,35.8,25.0,5.43,0.146,Jayashankar Bhupalpally,TS
2026-05-07,0.1,36.3,25.4,5.63,0.16,Jayashankar Bhupalpally,TS
2026-05-08,1.0,36.6,25.2,5.29,0.169,Jayashankar Bhupalpally,TS
2026-05-09,0.0,36.3,24.9,5.6,0.16,Jayashankar Bhupalpally,TS
2026-05-10,0.0,36.7,25.2,6.16,0.161,Jayashankar Bhupalpally,TS
2026-05-11,0.0,36.5,25.4,6.06,0.174,Jayashankar Bhupalpally,TS
2026-05-12,0.3,36.1,25.6,6.11,0.218,Jayashankar Bhupalpally,TS
2026-05-13,0.0,36.8,26.3,5.95,0.245,Jayashankar Bhupalpally,TS
2026-05-14,0.0,38.0,27.1,5.85,0.234,Jayashankar Bhupalpally,TS
2026-05-15,0.0,38.5,27.5,6.06,0.232,Jayashankar Bhupalpally,TS
2026-05-16,0.6,36.6,27.8,6.4,0.232,Jayashankar Bhupalpally,TS
2026-05-17,0.2,36.7,26.8,5.95,0.229,Jayashankar Bhupalpally,TS
2026-05-18,0.0,37.3,27.4,6.1,0.222,Jayashankar Bhupalpally,TS
2026-05-19,0.1,38.4,27.8,6.4,0.228,Jayashankar Bhupalpally,TS
2026-05-20,0.1,40.7,29.5,6.89,0.246,Jayashankar Bhupalpally,TS
2026-05-21,0.0,42.2,30.5,7.86,0.253,Jayashankar Bhupalpally,TS
2026-05-22,0.0,41.8,29.6,7.36,0.261,Jayashankar Bhupalpally,TS
2026-05-23,0.0,41.6,31.5,8.27,0.262,Jayashankar Bhupalpally,TS
2026-05-24,0.0,40.8,30.8,8.36,0.26,Jayashankar Bhupalpally,TS
2026-05-25,0.1,40.7,30.0,7.41,0.251,Jayashankar Bhupalpally,TS
2026-05-26,0.0,40.7,28.8,6.86,0.244,Jayashankar Bhupalpally,TS
2026-05-27,0.0,37.4,28.1,7.17,0.265,Jayashankar Bhupalpally,TS
2026-05-28,1.0,39.7,28.1,7.17,0.277,Jayashankar Bhupalpally,TS
2026-05-29,0.0,39.3,28.7,7.6,0.287,Jayashankar Bhupalpally,TS
2026-05-30,0.0,38.5,30.3,7.5,0.276,Jayashankar Bhupalpally,TS
2026-05-31,0.0,37.8,27.1,6.62,0.271,Jayashankar Bhupalpally,TS
2026-06-01,0.5,36.1,25.9,5.77,0.278,Jayashankar Bhupalpally,TS
2026-06-02,0.0,37.3,26.9,6.37,0.295,Jayashankar Bhupalpally,TS
2026-06-03,0.1,37.4,27.7,6.33,0.306,Jayashankar Bhupalpally,TS
2026-06-04,5.0,36.9,24.4,6.02,0.306,Jayashankar Bhupalpally,TS
2026-06-05,3.0,37.1,24.7,6.35,0.357,Jayashankar Bhupalpally,TS
2026-06-06,0.0,38.2,27.8,7.01,0.328,Jayashankar Bhupalpally,TS
2026-06-07,0.0,38.2,29.8,6.61,0.311,Jayashankar Bhupalpally,TS
2026-06-08,1.0,35.1,26.9,5.15,0.309,Jayashankar Bhupalpally,TS
2026-06-09,0.5,36.7,26.5,6.48,0.344,Jayashankar Bhupalpally,TS
2026-06-10,1.0,37.8,26.6,6.96,0.328,Jayashankar Bhupalpally,TS
2026-06-11,2.4,36.6,25.0,6.02,0.322,Jayashankar Bhupalpally,TS
2026-06-12,0.0,37.0,27.6,6.54,0.308,Jayashankar Bhupalpally,TS
2026-06-13,1.2,34.8,27.3,3.78,0.352,Jayashankar Bhupalpally,TS
2026-06-14,0.2,35.9,24.9,6.08,0.382,Jayashankar Bhupalpally,TS
2026-06-15,0.0,36.7,27.8,6.53,0.364,Jayashankar Bhupalpally,TS
2026-06-16,0.4,36.7,25.6,5.94,0.34,Jayashankar Bhupalpally,TS
2026-06-17,3.8,37.6,25.5,6.34,0.321,Jayashankar Bhupalpally,TS
2026-06-18,0.3,36.8,26.2,5.78,0.324,Jayashankar Bhupalpally,TS
2026-06-19,0.4,37.2,28.1,5.92,0.332,Jayashankar Bhupalpally,TS
2026-06-20,0.4,36.9,24.9,5.58,0.286,Jayashankar Bhupalpally,TS
2026-06-21,0.6,33.9,26.4,3.35,0.334,Jayashankar Bhupalpally,TS
2026-06-22,24.9,32.5,25.0,3.6,0.399,Jayashankar Bhupalpally,TS
2026-06-23,5.6,33.2,25.0,3.44,0.401,Jayashankar Bhupalpally,TS
2026-06-24,1.4,33.0,24.9,5.62,0.4,Jayashankar Bhupalpally,TS
2026-06-25,1.4,33.5,25.7,5.59,0.386,Jayashankar Bhupalpally,TS
2026-06-26,5.5,31.4,26.8,4.37,0.342,Jayashankar Bhupalpally,TS
2026-06-27,4.2,32.6,25.2,4.34,0.338,Jayashankar Bhupalpally,TS
2026-06-28,21.7,34.2,24.7,4.55,0.396,Jayashankar Bhupalpally,TS
2026-06-29,1.9,33.7,25.4,4.74,0.367,Jayashankar Bhupalpally,TS
2026-06-30,3.6,32.6,24.8,3.92,0.345,Jayashankar Bhupalpally,TS
2026-07-01,8.1,32.3,24.9,4.35,0.37,Jayashankar Bhupalpally,TS
2026-07-02,19.4,31.4,24.7,3.11,0.398,Jayashankar Bhupalpally,TS
2026-07-03,19.2,31.6,24.5,3.15,0.416,Jayashankar Bhupalpally,TS
2026-07-04,15.8,30.4,24.1,3.37,0.412,Jayashankar Bhupalpally,TS
2026-07-05,4.1,30.5,24.1,3.44,0.408,Jayashankar Bhupalpally,TS
2026-07-06,2.0,31.9,25.1,3.82,0.406,Jayashankar Bhupalpally,TS
2026-07-07,1.1,33.6,26.8,6.2,0.398,Jayashankar Bhupalpally,TS
2026-07-08,1.7,33.6,27.2,5.62,0.396,Jayashankar Bhupalpally,TS
2026-07-09,7.0,32.4,25.0,3.91,0.403,Jayashankar Bhupalpally,TS
2026-07-10,1.5,33.1,26.4,5.58,0.374,Jayashankar Bhupalpally,TS
2026-07-11,0.0,33.3,27.4,5.64,0.357,Jayashankar Bhupalpally,TS
2026-07-12,0.0,33.4,27.7,6.1,0.337,Jayashankar Bhupalpally,TS
2026-07-13,0.0,33.3,27.7,5.61,0.318,Jayashankar Bhupalpally,TS
2026-07-14,0.0,33.4,28.2,5.65,0.299,Jayashankar Bhupalpally,TS
2026-07-15,0.0,33.4,26.9,6.38,0.274,Jayashankar Bhupalpally,TS
2026-07-16,3.4,31.6,26.1,3.53,0.27,Jayashankar Bhupalpally,TS
2026-07-17,26.0,30.5,24.8,2.74,0.328,Jayashankar Bhupalpally,TS
2026-07-18,15.2,31.5,24.6,3.52,0.407,Jayashankar Bhupalpally,TS
2026-07-19,14.9,31.7,24.1,4.63,0.414,Jayashankar Bhupalpally,TS
2026-07-20,13.0,31.7,24.4,3.97,0.419,Jayashankar Bhupalpally,TS
2026-07-21,21.4,28.1,24.2,2.13,0.425,Jayashankar Bhupalpally,TS
2026-07-22,10.0,28.1,23.7,2.0,0.422,Jayashankar Bhupalpally,TS
2026-07-23,4.0,31.9,24.3,4.83,0.407,Jayashankar Bhupalpally,TS
2026-07-24,0.7,32.4,26.2,5.15,0.382,Jayashankar Bhupalpally,TS
2026-07-25,0.9,32.6,26.4,5.23,0.372,Jayashankar Bhupalpally,TS
2026-07-26,8.4,32.3,24.9,4.23,0.375,Jayashankar Bhupalpally,TS
2026-07-27,16.6,32.0,24.4,4.24,0.41,Jayashankar Bhupalpally,TS
2026-07-28,19.3,29.6,24.4,2.99,0.425,Jayashankar Bhupalpally,TS
2026-07-29,44.7,27.1,24.2,1.15,0.427,Jayashankar Bhupalpally,TS
2026-07-30,35.2,26.0,24.0,1.34,0.429,Jayashankar Bhupalpally,TS
2026-07-31,5.7,32.0,24.0,4.76,0.415,Jayashankar Bhupalpally,TS
2026-08-01,0.5,32.0,25.4,4.25,0.404,Jayashankar Bhupalpally,TS
2026-08-02,0.9,32.3,25.1,4.78,0.399,Jayashankar Bhupalpally,TS
2026-08-03,0.5,32.7,26.5,5.43,0.375,Jayashankar Bhupalpally,TS
2026-08-04,8.2,29.2,25.2,2.41,0.398,Jayashankar Bhupalpally,TS
2026-08-05,0.7,31.4,25.6,4.05,0.382,Jayashankar Bhupalpally,TS
2026-08-06,0.3,32.0,26.3,4.83,0.374,Jayashankar Bhupalpally,TS
2026-08-07,7.2,30.8,24.4,3.46,0.382,Jayashankar Bhupalpally,TS
2026-08-08,6.3,28.3,24.0,3.03,0.396,Jayashankar Bhupalpally,TS
2026-08-09,4.8,31.1,24.6,4.06,0.399,Jayashankar Bhupalpally,TS
2026-08-10,0.1,32.3,26.2,5.69,0.377,Jayashankar Bhupalpally,TS
2026-08-11,0.2,32.4,25.8,5.61,0.349,Jayashankar Bhupalpally,TS
2026-08-12,5.5,31.9,24.2,4.12,0.339,Jayashankar Bhupalpally,TS
2026-08-13,5.5,32.0,24.6,4.73,0.339,Jayashankar Bhupalpally,TS
2026-08-14,1.5,31.5,26.7,5.03,0.322,Jayashankar Bhupalpally,TS
2026-08-15,3.3,30.2,25.0,3.95,0.359,Jayashankar Bhupalpally,TS
2026-08-16,4.9,31.4,24.2,4.99,0.34,Jayashankar Bhupalpally,TS
2026-08-17,4.3,31.2,24.3,3.77,0.344,Jayashankar Bhupalpally,TS
2026-08-18,0.3,31.3,24.7,4.55,0.325,Jayashankar Bhupalpally,TS
2026-08-19,10.3,29.5,24.5,2.26,0.38,Jayashankar Bhupalpally,TS
2026-08-20,1.2,31.6,25.0,5.21,0.362,Jayashankar Bhupalpally,TS
2026-08-21,3.6,31.8,23.7,5.51,0.364,Jayashankar Bhupalpally,TS
2026-08-22,2.0,30.9,25.7,4.54,0.356,Jayashankar Bhupalpally,TS
2026-08-23,12.8,27.6,24.9,1.8,0.387,Jayashankar Bhupalpally,TS
2026-08-24,11.5,27.7,24.4,1.61,0.402,Jayashankar Bhupalpally,TS
2026-08-25,5.3,30.8,24.6,4.42,0.391,Jayashankar Bhupalpally,TS
2026-08-26,0.4,31.3,24.1,4.88,0.381,Jayashankar Bhupalpally,TS
2026-08-27,3.3,30.7,24.3,4.15,0.378,Jayashankar Bhupalpally,TS
2026-08-28,0.7,31.3,25.3,5.35,0.362,Jayashankar Bhupalpally,TS
2026-08-29,0.6,30.2,25.8,4.64,0.356,Jayashankar Bhupalpally,TS
2026-08-30,5.4,29.5,23.7,4.32,0.37,Jayashankar Bhupalpally,TS
2026-08-31,2.5,29.1,23.4,3.86,0.365,Jayashankar Bhupalpally,TS
2026-09-01,0.3,31.2,25.2,5.13,0.354,Jayashankar Bhupalpally,TS
2026-09-02,0.3,29.9,25.7,3.81,0.352,Jayashankar Bhupalpally,TS
2026-09-03,3.5,29.4,24.4,2.67,0.379,Jayashankar Bhupalpally,TS
2026-09-04,1.4,30.8,24.3,4.47,0.375,Jayashankar Bhupalpally,TS
2026-09-05,0.0,31.3,24.4,4.75,0.354,Jayashankar Bhupalpally,TS
2026-09-06,1.8,31.8,24.8,4.69,0.333,Jayashankar Bhupalpally,TS
2026-09-07,1.5,32.4,25.1,4.95,0.31,Jayashankar Bhupalpally,TS
2026-09-08,0.8,31.8,25.3,4.82,0.292,Jayashankar Bhupalpally,TS
2026-09-09,1.4,30.9,25.7,4.67,0.273,Jayashankar Bhupalpally,TS
2026-09-10,7.2,32.1,25.2,4.52,0.27,Jayashankar Bhupalpally,TS
