date,precipitation_sum,temperature_2m_max,temperature_2m_min,et0_fao_evapotranspiration,soil_moisture_0_to_7cm_mean,district,state
2014-01-01,0.0,27.1,16.0,3.26,0.176,Mulugu,TS
2014-01-02,0.0,27.7,16.4,3.53,0.174,Mulugu,TS
2014-01-03,0.0,27.9,15.8,3.62,0.171,Mulugu,TS
2014-01-04,0.0,27.5,16.9,3.22,0.169,Mulugu,TS
2014-01-05,0.0,28.0,17.4,3.61,0.167,Mulugu,TS
2014-01-06,0.0,28.6,18.6,3.51,0.165,Mulugu,TS
2014-01-07,0.0,28.4,17.6,3.53,0.163,Mulugu,TS
2014-01-08,0.0,28.5,18.2,3.71,0.16,Mulugu,TS
2014-01-09,0.0,28.1,19.0,3.51,0.158,Mulugu,TS
2014-01-10,0.0,28.1,18.3,3.54,0.156,Mulugu,TS
2014-01-11,0.0,27.6,19.9,2.93,0.155,Mulugu,TS
2014-01-12,0.0,28.8,18.0,3.72,0.154,Mulugu,TS
2014-01-13,0.0,28.4,17.1,3.46,0.152,Mulugu,TS
2014-01-14,0.0,27.1,20.0,3.08,0.151,Mulugu,TS
2014-01-15,0.0,28.9,18.3,3.74,0.15,Mulugu,TS
2014-01-16,0.0,28.9,19.5,3.71,0.149,Mulugu,TS
2014-01-17,0.0,29.7,19.7,4.63,0.147,Mulugu,TS
2014-01-18,0.0,28.1,20.7,3.56,0.146,Mulugu,TS
2014-01-19,0.0,29.3,19.5,4.13,0.144,Mulugu,TS
2014-01-20,0.0,28.6,18.2,3.52,0.143,Mulugu,TS
2014-01-21,0.0,29.2,19.6,3.95,0.142,Mulugu,TS
2014-01-22,0.0,27.2,19.7,3.08,0.141,Mulugu,TS
2014-01-23,0.0,27.3,19.1,3.14,0.141,Mulugu,TS
2014-01-24,0.0,27.6,19.8,2.95,0.141,Mulugu,TS
2014-01-25,0.0,28.7,19.0,3.3,0.14,Mulugu,TS
2014-01-26,0.0,29.4,18.6,3.95,0.139,Mulugu,TS
2014-01-27,0.0,28.2,18.2,3.48,0.138,Mulugu,TS
2014-01-28,0.0,28.8,16.8,3.91,0.137,Mulugu,TS
2014-01-29,0.0,28.7,18.6,3.69,0.136,Mulugu,TS
2014-01-30,0.0,28.9,19.6,4.33,0.135,Mulugu,TS
2014-01-31,0.0,28.7,16.7,4.26,0.134,Mulugu,TS
2014-02-01,0.0,28.9,17.4,3.82,0.133,Mulugu,TS
2014-02-02,0.0,29.6,17.7,4.36,0.133,Mulugu,TS
2014-02-03,0.0,30.4,16.2,4.79,0.132,Mulugu,TS
2014-02-04,0.0,31.1,16.6,4.89,0.131,Mulugu,TS
2014-02-05,0.0,31.9,18.3,4.96,0.13,Mulugu,TS
2014-02-06,0.0,32.5,16.2,4.74,0.129,Mulugu,TS
2014-02-07,0.0,32.4,18.1,4.79,0.128,Mulugu,TS
2014-02-08,0.0,32.6,21.1,5.96,0.127,Mulugu,TS
2014-02-09,0.0,32.8,20.8,5.74,0.127,Mulugu,TS
2014-02-10,0.0,32.0,20.0,5.19,0.126,Mulugu,TS
2014-02-11,0.0,31.3,20.1,4.85,0.126,Mulugu,TS
2014-02-12,0.0,31.1,19.9,4.53,0.125,Mulugu,TS
2014-02-13,0.0,31.1,20.2,5.59,0.125,Mulugu,TS
2014-02-14,0.0,29.5,21.2,4.25,0.125,Mulugu,TS
2014-02-15,2.6,29.0,20.7,4.29,0.13,Mulugu,TS
2014-02-16,3.5,28.9,21.4,4.14,0.158,Mulugu,TS
2014-02-17,0.0,28.5,18.7,5.39,0.163,Mulugu,TS
2014-02-18,0.0,29.0,16.7,5.31,0.156,Mulugu,TS
2014-02-19,0.0,29.8,15.7,4.49,0.151,Mulugu,TS
2014-02-20,0.0,31.3,18.9,4.99,0.146,Mulugu,TS
2014-02-21,0.0,29.9,19.8,4.48,0.143,Mulugu,TS
2014-02-22,0.0,30.9,20.3,5.13,0.14,Mulugu,TS
2014-02-23,0.0,31.3,20.9,5.12,0.137,Mulugu,TS
2014-02-24,0.0,31.0,20.4,4.91,0.134,Mulugu,TS
2014-02-25,0.0,31.9,20.2,5.23,0.132,Mulugu,TS
2014-02-26,0.0,31.6,20.3,5.34,0.131,Mulugu,TS
2014-02-27,0.0,31.6,19.7,5.79,0.129,Mulugu,TS
2014-02-28,0.0,30.4,19.9,5.15,0.128,Mulugu,TS
2014-03-01,0.5,30.3,21.1,4.74,0.133,Mulugu,TS
2014-03-02,0.9,29.7,21.1,3.76,0.135,Mulugu,TS
2014-03-03,7.0,29.1,20.4,3.64,0.21,Mulugu,TS
2014-03-04,5.1,26.5,20.7,3.24,0.269,Mulugu,TS
2014-03-05,0.0,29.6,19.1,3.99,0.252,Mulugu,TS
2014-03-06,2.6,28.5,21.3,3.58,0.25,Mulugu,TS
2014-03-07,0.0,29.6,20.7,4.17,0.261,Mulugu,TS
2014-03-08,0.0,30.8,21.0,4.82,0.243,Mulugu,TS
2014-03-09,0.0,30.0,21.4,4.16,0.226,Mulugu,TS
2014-03-10,2.2,29.5,20.4,4.11,0.23,Mulugu,TS
2014-03-11,0.0,32.8,21.3,5.9,0.216,Mulugu,TS
2014-03-12,0.0,31.3,22.3,4.63,0.201,Mulugu,TS
2014-03-13,0.0,31.7,22.3,4.39,0.191,Mulugu,TS
2014-03-14,0.0,33.9,21.6,5.17,0.181,Mulugu,TS
2014-03-15,0.0,34.7,22.7,5.7,0.171,Mulugu,TS
2014-03-16,0.0,34.7,22.8,5.56,0.161,Mulugu,TS
2014-03-17,0.0,35.4,23.0,5.59,0.154,Mulugu,TS
2014-03-18,0.0,35.2,23.8,5.53,0.147,Mulugu,TS
2014-03-19,0.0,36.0,23.6,6.07,0.141,Mulugu,TS
2014-03-20,0.0,36.5,23.7,6.15,0.136,Mulugu,TS
2014-03-21,0.0,36.7,24.2,5.89,0.133,Mulugu,TS
2014-03-22,0.0,35.8,25.0,5.86,0.13,Mulugu,TS
2014-03-23,0.0,36.4,24.2,5.91,0.128,Mulugu,TS
2014-03-24,0.0,35.6,24.0,6.41,0.126,Mulugu,TS
2014-03-25,0.0,35.3,23.7,6.18,0.125,Mulugu,TS
2014-03-26,0.0,37.3,23.9,6.59,0.124,Mulugu,TS
2014-03-27,0.0,37.6,24.4,7.3,0.123,Mulugu,TS
2014-03-28,0.0,38.5,24.2,6.55,0.122,Mulugu,TS
2014-03-29,0.0,39.5,24.1,7.08,0.121,Mulugu,TS
2014-03-30,0.0,39.2,24.4,6.49,0.121,Mulugu,TS
2014-03-31,0.0,38.9,25.9,6.59,0.121,Mulugu,TS
2014-04-01,0.0,38.3,26.0,6.45,0.12,Mulugu,TS
2014-04-02,0.0,37.8,26.4,6.39,0.12,Mulugu,TS
2014-04-03,0.0,37.7,25.6,6.22,0.12,Mulugu,TS
2014-04-04,0.0,38.1,25.1,6.31,0.12,Mulugu,TS
2014-04-05,0.0,38.9,23.8,7.05,0.12,Mulugu,TS
2014-04-06,0.0,39.0,24.5,7.09,0.12,Mulugu,TS
2014-04-07,0.0,38.4,24.8,6.85,0.12,Mulugu,TS
2014-04-08,0.0,38.8,26.0,6.35,0.12,Mulugu,TS
2014-04-09,0.1,37.3,26.6,5.51,0.121,Mulugu,TS
2014-04-10,0.0,37.9,26.1,6.69,0.122,Mulugu,TS
2014-04-11,0.0,38.7,24.4,6.86,0.121,Mulugu,TS
2014-04-12,0.0,37.1,26.0,6.5,0.121,Mulugu,TS
2014-04-13,1.3,36.5,25.8,6.63,0.124,Mulugu,TS
2014-04-14,0.0,36.5,25.9,6.71,0.128,Mulugu,TS
2014-04-15,0.0,35.9,25.6,6.0,0.127,Mulugu,TS
2014-04-16,0.8,37.7,26.3,6.21,0.132,Mulugu,TS
2014-04-17,0.0,37.6,26.6,6.64,0.139,Mulugu,TS
2014-04-18,0.0,36.3,26.8,5.92,0.135,Mulugu,TS
2014-04-19,0.2,37.6,26.8,5.44,0.134,Mulugu,TS
2014-04-20,0.0,37.9,25.9,5.78,0.135,Mulugu,TS
2014-04-21,0.3,38.3,26.4,6.33,0.132,Mulugu,TS
2014-04-22,0.1,37.7,27.4,6.08,0.132,Mulugu,TS
2014-04-23,0.0,38.5,27.7,5.89,0.129,Mulugu,TS
2014-04-24,0.0,39.1,28.3,6.19,0.127,Mulugu,TS
2014-04-25,0.0,38.8,28.9,6.36,0.125,Mulugu,TS
2014-04-26,0.0,39.0,28.2,7.2,0.123,Mulugu,TS
2014-04-27,0.1,38.6,27.9,6.58,0.122,Mulugu,TS
2014-04-28,0.0,39.0,27.6,7.32,0.122,Mulugu,TS
2014-04-29,0.0,39.3,27.7,7.52,0.122,Mulugu,TS
2014-04-30,0.3,38.5,27.1,6.68,0.123,Mulugu,TS
2014-05-01,0.2,38.7,27.9,7.03,0.123,Mulugu,TS
2014-05-02,0.1,39.0,27.4,7.12,0.124,Mulugu,TS
2014-05-03,0.0,37.7,27.4,6.47,0.125,Mulugu,TS
2014-05-04,0.4,37.9,27.4,6.46,0.128,Mulugu,TS
2014-05-05,1.1,36.8,26.7,6.64,0.141,Mulugu,TS
2014-05-06,0.6,36.5,26.4,6.33,0.149,Mulugu,TS
2014-05-07,0.3,36.5,26.3,6.2,0.147,Mulugu,TS
2014-05-08,0.0,37.1,26.5,6.87,0.144,Mulugu,TS
2014-05-09,29.3,29.3,24.2,1.92,0.217,Mulugu,TS
2014-05-10,2.5,33.8,23.8,4.88,0.334,Mulugu,TS
2014-05-11,0.0,37.0,26.5,6.53,0.282,Mulugu,TS
2014-05-12,0.0,38.0,24.9,7.2,0.251,Mulugu,TS
2014-05-13,0.0,38.3,25.8,6.92,0.228,Mulugu,TS
2014-05-14,0.0,38.2,26.0,6.95,0.208,Mulugu,TS
2014-05-15,0.0,37.6,25.8,7.07,0.192,Mulugu,TS
2014-05-16,0.0,37.7,26.9,6.5,0.178,Mulugu,TS
2014-05-17,0.0,38.3,26.9,6.44,0.168,Mulugu,TS
2014-05-18,0.0,39.6,28.7,7.12,0.157,Mulugu,TS
2014-05-19,0.7,37.3,28.9,6.43,0.151,Mulugu,TS
2014-05-20,0.1,37.8,28.4,6.18,0.148,Mulugu,TS
2014-05-21,0.0,38.6,29.3,6.46,0.144,Mulugu,TS
2014-05-22,0.0,40.7,29.8,7.74,0.139,Mulugu,TS
2014-05-23,0.0,42.0,28.4,7.98,0.134,Mulugu,TS
2014-05-24,0.0,40.2,29.1,7.06,0.13,Mulugu,TS
2014-05-25,0.0,39.1,28.8,7.11,0.129,Mulugu,TS
2014-05-26,0.0,37.2,28.4,5.93,0.128,Mulugu,TS
2014-05-27,0.0,38.6,28.3,6.45,0.126,Mulugu,TS
2014-05-28,0.0,39.1,29.1,6.69,0.125,Mulugu,TS
2014-05-29,0.0,40.1,28.1,6.94,0.124,Mulugu,TS
2014-05-30,0.0,41.1,28.9,7.45,0.123,Mulugu,TS
2014-05-31,0.0,41.8,30.4,8.02,0.122,Mulugu,TS
2014-06-01,0.5,42.0,29.5,7.17,0.122,Mulugu,TS
2014-06-02,0.0,39.4,29.4,6.97,0.125,Mulugu,TS
2014-06-03,2.0,38.2,27.2,5.68,0.136,Mulugu,TS
2014-06-04,0.0,39.6,29.1,6.91,0.135,Mulugu,TS
2014-06-05,0.0,40.3,29.9,6.97,0.132,Mulugu,TS
2014-06-06,0.0,41.9,30.2,7.58,0.128,Mulugu,TS
2014-06-07,0.0,42.5,31.5,8.57,0.126,Mulugu,TS
2014-06-08,0.0,41.6,33.1,7.45,0.124,Mulugu,TS
2014-06-09,0.4,41.0,32.2,7.85,0.127,Mulugu,TS
2014-06-10,0.1,40.3,30.5,8.19,0.13,Mulugu,TS
2014-06-11,1.1,38.4,30.4,7.78,0.132,Mulugu,TS
2014-06-12,0.2,38.2,31.3,7.67,0.144,Mulugu,TS
2014-06-13,1.2,39.0,29.1,8.19,0.152,Mulugu,TS
2014-06-14,2.0,36.2,27.9,6.51,0.172,Mulugu,TS
2014-06-15,0.0,36.6,29.2,6.88,0.164,Mulugu,TS
2014-06-16,0.0,37.8,30.2,7.58,0.154,Mulugu,TS
2014-06-17,1.3,37.9,28.1,6.23,0.152,Mulugu,TS
2014-06-18,4.3,35.1,27.1,3.78,0.173,Mulugu,TS
2014-06-19,2.8,35.4,26.2,4.05,0.22,Mulugu,TS
2014-06-20,0.0,33.3,27.7,4.68,0.232,Mulugu,TS
2014-06-21,0.0,35.1,29.1,6.64,0.211,Mulugu,TS
2014-06-22,0.1,34.4,28.9,6.07,0.194,Mulugu,TS
2014-06-23,0.0,37.0,29.7,7.98,0.18,Mulugu,TS
2014-06-24,0.0,37.7,29.7,8.24,0.165,Mulugu,TS
2014-06-25,0.0,37.8,30.3,7.93,0.153,Mulugu,TS
2014-06-26,0.0,37.1,30.2,6.51,0.145,Mulugu,TS
2014-06-27,1.9,33.6,26.4,3.07,0.144,Mulugu,TS
2014-06-28,17.2,27.5,24.7,1.19,0.273,Mulugu,TS
2014-06-29,0.2,34.3,24.8,4.44,0.297,Mulugu,TS
2014-06-30,0.0,34.5,27.9,4.69,0.26,Mulugu,TS
2014-07-01,0.0,37.0,27.8,6.75,0.233,Mulugu,TS
2014-07-02,0.0,37.3,29.5,7.19,0.21,Mulugu,TS
2014-07-03,0.0,36.8,30.3,6.97,0.191,Mulugu,TS
2014-07-04,0.2,35.4,29.9,6.18,0.177,Mulugu,TS
2014-07-05,0.1,35.5,28.1,5.58,0.171,Mulugu,TS
2014-07-06,1.3,33.0,26.9,3.99,0.173,Mulugu,TS
2014-07-07,0.0,34.6,27.4,5.09,0.169,Mulugu,TS
2014-07-08,8.0,34.4,26.7,4.82,0.214,Mulugu,TS
2014-07-09,26.2,30.4,25.0,2.73,0.36,Mulugu,TS
2014-07-10,0.4,32.0,26.0,4.45,0.324,Mulugu,TS
2014-07-11,23.2,28.0,24.7,1.57,0.379,Mulugu,TS
2014-07-12,22.3,26.7,24.2,1.38,0.414,Mulugu,TS
2014-07-13,11.6,26.6,24.8,1.61,0.41,Mulugu,TS
2014-07-14,6.6,29.9,25.0,2.78,0.406,Mulugu,TS
2014-07-15,2.4,28.9,25.4,2.88,0.388,Mulugu,TS
2014-07-16,1.6,30.8,24.4,3.25,0.379,Mulugu,TS
2014-07-17,3.5,31.6,24.7,3.89,0.369,Mulugu,TS
2014-07-18,1.4,30.7,25.6,3.65,0.35,Mulugu,TS
2014-07-19,13.8,29.2,24.7,2.31,0.393,Mulugu,TS
2014-07-20,15.8,25.9,24.4,1.29,0.413,Mulugu,TS
2014-07-21,20.9,25.7,24.2,1.49,0.423,Mulugu,TS
2014-07-22,26.0,26.4,23.4,1.77,0.422,Mulugu,TS
2014-07-23,1.5,29.9,24.1,3.83,0.395,Mulugu,TS
2014-07-24,3.8,31.0,24.2,4.71,0.379,Mulugu,TS
2014-07-25,0.0,31.9,24.5,5.38,0.371,Mulugu,TS
2014-07-26,11.5,28.4,24.8,1.81,0.386,Mulugu,TS
2014-07-27,25.2,26.8,24.4,1.26,0.425,Mulugu,TS
2014-07-28,27.0,25.1,24.0,0.99,0.428,Mulugu,TS
2014-07-29,16.6,26.7,23.9,1.52,0.425,Mulugu,TS
2014-07-30,37.6,27.9,23.6,1.78,0.426,Mulugu,TS
2014-07-31,0.9,31.3,24.8,3.94,0.405,Mulugu,TS
2014-08-01,4.2,31.7,25.8,3.84,0.396,Mulugu,TS
2014-08-02,1.9,31.3,26.1,4.38,0.397,Mulugu,TS
2014-08-03,0.6,30.5,26.2,4.07,0.38,Mulugu,TS
2014-08-04,10.6,28.1,24.9,2.25,0.399,Mulugu,TS
2014-08-05,10.4,28.0,24.2,2.38,0.419,Mulugu,TS
2014-08-06,0.3,31.5,25.2,4.91,0.399,Mulugu,TS
2014-08-07,0.1,31.4,25.6,4.67,0.383,Mulugu,TS
2014-08-08,0.1,31.1,25.9,4.96,0.371,Mulugu,TS
2014-08-09,0.0,32.0,25.8,5.05,0.36,Mulugu,TS
2014-08-10,0.8,31.6,25.7,4.33,0.356,Mulugu,TS
2014-08-11,5.0,31.0,24.9,3.67,0.372,Mulugu,TS
2014-08-12,2.0,32.0,25.0,4.44,0.379,Mulugu,TS
2014-08-13,0.7,31.5,26.4,4.04,0.365,Mulugu,TS
2014-08-14,1.5,31.8,25.9,4.61,0.356,Mulugu,TS
2014-08-15,0.0,31.8,26.6,4.48,0.342,Mulugu,TS
2014-08-16,0.0,30.6,26.2,3.88,0.332,Mulugu,TS
2014-08-17,0.2,31.2,26.3,4.07,0.326,Mulugu,TS
2014-08-18,0.2,32.2,24.8,4.42,0.323,Mulugu,TS
2014-08-19,0.3,32.7,25.3,4.49,0.318,Mulugu,TS
2014-08-20,2.3,32.6,25.5,4.51,0.323,Mulugu,TS
2014-08-21,4.2,32.1,24.7,4.02,0.336,Mulugu,TS
2014-08-22,0.1,31.5,25.4,3.69,0.337,Mulugu,TS
2014-08-23,0.0,32.5,25.6,5.17,0.319,Mulugu,TS
2014-08-24,0.0,32.4,25.4,4.67,0.303,Mulugu,TS
2014-08-25,6.6,32.6,24.6,4.46,0.334,Mulugu,TS
2014-08-26,8.2,31.2,24.4,3.03,0.371,Mulugu,TS
2014-08-27,8.6,29.9,24.3,2.68,0.385,Mulugu,TS
2014-08-28,54.7,27.4,23.8,1.41,0.428,Mulugu,TS
2014-08-29,70.8,29.2,23.5,2.29,0.428,Mulugu,TS
2014-08-30,19.8,26.0,23.9,1.19,0.427,Mulugu,TS
2014-08-31,7.4,26.8,23.9,1.42,0.423,Mulugu,TS
2014-09-01,20.9,27.1,23.5,2.04,0.424,Mulugu,TS
2014-09-02,6.0,31.1,23.6,3.74,0.419,Mulugu,TS
2014-09-03,0.0,31.3,25.2,4.56,0.4,Mulugu,TS
2014-09-04,2.2,31.4,24.7,4.42,0.393,Mulugu,TS
2014-09-05,13.6,29.9,24.2,3.23,0.407,Mulugu,TS
2014-09-06,32.4,25.3,23.9,1.02,0.429,Mulugu,TS
2014-09-07,112.3,24.6,23.4,1.24,0.428,Mulugu,TS
2014-09-08,0.1,30.0,23.8,4.28,0.411,Mulugu,TS
2014-09-09,1.1,29.6,24.3,4.01,0.396,Mulugu,TS
2014-09-10,0.2,29.3,24.7,3.63,0.393,Mulugu,TS
2014-09-11,3.4,28.8,24.8,2.85,0.394,Mulugu,TS
2014-09-12,5.3,30.7,24.7,3.64,0.401,Mulugu,TS
2014-09-13,2.4,31.1,24.5,4.1,0.404,Mulugu,TS
2014-09-14,5.6,30.8,25.2,3.88,0.403,Mulugu,TS
2014-09-15,3.4,30.2,24.2,3.27,0.408,Mulugu,TS
2014-09-16,2.6,30.3,24.6,3.06,0.405,Mulugu,TS
2014-09-17,2.3,31.1,25.0,3.87,0.401,Mulugu,TS
2014-09-18,19.9,31.6,24.5,4.02,0.415,Mulugu,TS
2014-09-19,26.2,29.9,24.4,2.79,0.427,Mulugu,TS
2014-09-20,2.7,30.3,24.8,2.32,0.421,Mulugu,TS
2014-09-21,0.9,30.7,25.2,3.33,0.408,Mulugu,TS
2014-09-22,0.4,31.8,25.2,4.54,0.394,Mulugu,TS
2014-09-23,0.6,31.3,24.7,4.01,0.386,Mulugu,TS
2014-09-24,0.0,32.5,24.7,4.59,0.375,Mulugu,TS
2014-09-25,0.0,32.9,24.2,4.96,0.363,Mulugu,TS
2014-09-26,0.0,31.7,24.7,4.57,0.354,Mulugu,TS
2014-09-27,0.0,31.9,24.8,4.38,0.347,Mulugu,TS
2014-09-28,0.1,31.8,24.4,4.35,0.34,Mulugu,TS
2014-09-29,0.0,31.7,24.0,4.41,0.334,Mulugu,TS
2014-09-30,0.0,32.5,23.8,4.61,0.327,Mulugu,TS
2014-10-01,0.0,32.6,24.1,4.7,0.318,Mulugu,TS
2014-10-02,0.0,32.8,23.3,4.74,0.31,Mulugu,TS
2014-10-03,0.0,33.1,23.4,4.67,0.302,Mulugu,TS
2014-10-04,0.0,33.0,25.0,4.53,0.295,Mulugu,TS
2014-10-05,0.6,33.1,24.5,4.6,0.292,Mulugu,TS
2014-10-06,1.8,31.8,24.4,4.32,0.294,Mulugu,TS
2014-10-07,0.5,30.7,23.9,3.81,0.309,Mulugu,TS
2014-10-08,1.4,31.0,23.6,3.7,0.304,Mulugu,TS
2014-10-09,0.2,31.2,23.0,3.91,0.305,Mulugu,TS
2014-10-10,0.0,32.8,24.5,4.67,0.294,Mulugu,TS
2014-10-11,0.2,32.4,25.9,4.84,0.282,Mulugu,TS
2014-10-12,12.2,29.6,23.8,3.63,0.298,Mulugu,TS
2014-10-13,21.1,30.8,22.7,2.75,0.398,Mulugu,TS
2014-10-14,0.0,33.0,25.3,4.96,0.367,Mulugu,TS
2014-10-15,0.0,31.1,25.2,3.91,0.352,Mulugu,TS
2014-10-16,5.6,30.8,23.8,3.66,0.361,Mulugu,TS
2014-10-17,3.0,30.8,23.3,3.67,0.38,Mulugu,TS
2014-10-18,0.6,30.2,22.5,3.7,0.368,Mulugu,TS
2014-10-19,0.7,30.8,22.8,3.92,0.356,Mulugu,TS
2014-10-20,0.0,30.8,22.9,4.19,0.345,Mulugu,TS
2014-10-21,0.1,31.2,22.6,4.2,0.333,Mulugu,TS
2014-10-22,0.4,30.3,23.4,3.68,0.328,Mulugu,TS
2014-10-23,0.0,31.0,23.2,4.06,0.32,Mulugu,TS
2014-10-24,0.0,30.6,22.6,4.02,0.31,Mulugu,TS
2014-10-25,3.3,28.5,23.7,1.9,0.317,Mulugu,TS
2014-10-26,25.0,24.5,22.1,1.08,0.391,Mulugu,TS
2014-10-27,44.0,22.7,20.9,0.73,0.424,Mulugu,TS
2014-10-28,0.0,28.1,20.2,3.71,0.399,Mulugu,TS
2014-10-29,0.0,29.2,19.2,4.47,0.381,Mulugu,TS
2014-10-30,0.0,29.4,19.7,4.38,0.368,Mulugu,TS
2014-10-31,0.0,30.0,20.0,4.41,0.357,Mulugu,TS
2014-11-01,0.0,28.9,20.2,3.39,0.349,Mulugu,TS
2014-11-02,0.0,30.4,19.7,4.27,0.341,Mulugu,TS
2014-11-03,0.0,30.4,19.7,4.52,0.331,Mulugu,TS
2014-11-04,0.0,30.1,18.9,4.48,0.322,Mulugu,TS
2014-11-05,0.0,30.4,18.2,4.82,0.314,Mulugu,TS
2014-11-06,0.0,30.7,19.3,4.14,0.306,Mulugu,TS
2014-11-07,0.0,30.3,21.2,4.76,0.299,Mulugu,TS
2014-11-08,0.0,29.9,17.6,4.5,0.291,Mulugu,TS
2014-11-09,3.1,27.2,21.6,2.29,0.294,Mulugu,TS
2014-11-10,6.6,30.1,22.0,2.9,0.364,Mulugu,TS
2014-11-11,0.0,30.3,23.3,2.93,0.346,Mulugu,TS
2014-11-12,4.1,29.9,23.3,3.12,0.341,Mulugu,TS
2014-11-13,1.6,28.6,22.0,2.42,0.366,Mulugu,TS
2014-11-14,1.4,29.9,22.4,3.28,0.349,Mulugu,TS
2014-11-15,0.2,29.7,22.0,3.18,0.343,Mulugu,TS
2014-11-16,0.0,29.8,21.4,3.26,0.332,Mulugu,TS
2014-11-17,0.3,30.2,22.1,3.45,0.324,Mulugu,TS
2014-11-18,2.4,29.8,22.5,3.19,0.322,Mulugu,TS
2014-11-19,0.4,29.7,22.0,3.29,0.332,Mulugu,TS
2014-11-20,0.0,29.1,20.0,3.47,0.32,Mulugu,TS
2014-11-21,0.0,28.7,17.9,3.57,0.309,Mulugu,TS
2014-11-22,0.0,28.8,18.9,3.56,0.3,Mulugu,TS
2014-11-23,0.0,28.7,18.3,3.58,0.293,Mulugu,TS
2014-11-24,0.0,29.0,18.5,3.7,0.286,Mulugu,TS
2014-11-25,0.0,28.6,17.2,3.81,0.279,Mulugu,TS
2014-11-26,0.0,28.6,16.0,3.88,0.272,Mulugu,TS
2014-11-27,0.0,28.5,16.5,3.69,0.266,Mulugu,TS
2014-11-28,0.0,29.1,17.0,3.71,0.26,Mulugu,TS
2014-11-29,0.0,29.6,17.3,3.89,0.255,Mulugu,TS
2014-11-30,0.0,29.6,17.5,4.0,0.249,Mulugu,TS
2014-12-01,0.0,29.6,17.0,3.93,0.243,Mulugu,TS
2014-12-02,0.0,29.1,16.6,3.85,0.238,Mulugu,TS
2014-12-03,0.0,29.1,16.7,4.03,0.233,Mulugu,TS
2014-12-04,0.0,29.0,16.4,3.99,0.227,Mulugu,TS
2014-12-05,0.0,28.5,15.6,3.69,0.223,Mulugu,TS
2014-12-06,0.0,28.4,16.0,3.68,0.219,Mulugu,TS
2014-12-07,0.0,28.7,16.8,3.68,0.215,Mulugu,TS
2014-12-08,0.0,29.0,16.8,3.54,0.211,Mulugu,TS
2014-12-09,0.0,29.0,19.5,3.22,0.208,Mulugu,TS
2014-12-10,0.0,29.0,19.3,3.06,0.205,Mulugu,TS
2014-12-11,0.0,27.4,20.0,2.4,0.203,Mulugu,TS
2014-12-12,0.5,26.1,20.9,1.55,0.204,Mulugu,TS
2014-12-13,0.9,25.8,21.3,1.44,0.213,Mulugu,TS
2014-12-14,0.0,27.5,19.7,3.32,0.219,Mulugu,TS
2014-12-15,0.0,28.9,18.8,3.26,0.214,Mulugu,TS
2014-12-16,0.0,27.5,20.0,3.44,0.209,Mulugu,TS
2014-12-17,0.0,26.3,18.7,4.36,0.203,Mulugu,TS
2014-12-18,0.0,26.6,14.5,4.0,0.197,Mulugu,TS
2014-12-19,0.0,26.4,13.6,3.88,0.192,Mulugu,TS
2014-12-20,0.0,25.7,13.6,3.76,0.188,Mulugu,TS
2014-12-21,0.0,26.1,15.6,3.53,0.184,Mulugu,TS
2014-12-22,0.0,26.5,13.7,3.5,0.181,Mulugu,TS
2014-12-23,0.0,26.6,14.7,3.53,0.178,Mulugu,TS
2014-12-24,0.0,27.0,15.0,3.45,0.175,Mulugu,TS
2014-12-25,0.0,27.3,16.0,3.67,0.172,Mulugu,TS
2014-12-26,0.0,26.9,14.6,4.05,0.169,Mulugu,TS
2014-12-27,0.0,26.0,14.0,3.77,0.166,Mulugu,TS
2014-12-28,0.0,26.0,12.9,3.84,0.163,Mulugu,TS
2014-12-29,0.0,27.2,14.8,3.91,0.16,Mulugu,TS
2014-12-30,0.0,28.3,16.4,3.49,0.158,Mulugu,TS
2014-12-31,0.0,29.8,19.2,3.75,0.155,Mulugu,TS
2015-01-01,0.0,29.5,21.4,3.28,0.154,Mulugu,TS
2015-01-02,0.5,28.8,21.3,3.03,0.157,Mulugu,TS
2015-01-03,5.8,28.4,21.1,2.36,0.198,Mulugu,TS
2015-01-04,1.2,27.2,19.7,2.66,0.244,Mulugu,TS
2015-01-05,0.0,28.0,19.4,3.81,0.236,Mulugu,TS
2015-01-06,0.0,27.5,16.8,4.21,0.224,Mulugu,TS
2015-01-07,0.0,27.5,16.0,4.01,0.213,Mulugu,TS
2015-01-08,0.0,27.5,16.3,4.18,0.204,Mulugu,TS
2015-01-09,0.0,26.5,13.3,4.28,0.195,Mulugu,TS
2015-01-10,0.0,26.6,13.0,4.22,0.188,Mulugu,TS
2015-01-11,0.0,26.8,12.9,4.2,0.18,Mulugu,TS
2015-01-12,0.0,27.1,13.9,4.19,0.174,Mulugu,TS
2015-01-13,0.0,27.0,14.7,4.16,0.169,Mulugu,TS
2015-01-14,0.0,27.9,13.6,3.91,0.164,Mulugu,TS
2015-01-15,0.0,27.8,15.9,3.81,0.16,Mulugu,TS
2015-01-16,0.0,28.3,15.2,4.15,0.156,Mulugu,TS
2015-01-17,0.0,28.1,18.1,4.59,0.152,Mulugu,TS
2015-01-18,0.0,28.3,14.9,4.46,0.149,Mulugu,TS
2015-01-19,0.0,28.2,14.1,4.16,0.146,Mulugu,TS
2015-01-20,0.0,28.4,16.0,4.0,0.144,Mulugu,TS
2015-01-21,0.0,28.6,18.4,4.48,0.142,Mulugu,TS
2015-01-22,0.0,28.7,17.9,4.35,0.14,Mulugu,TS
2015-01-23,0.0,28.8,17.4,4.34,0.138,Mulugu,TS
2015-01-24,0.0,29.7,17.6,4.18,0.137,Mulugu,TS
2015-01-25,0.0,30.1,18.2,4.78,0.135,Mulugu,TS
2015-01-26,0.0,29.4,18.3,4.37,0.134,Mulugu,TS
2015-01-27,0.0,28.9,17.9,4.36,0.133,Mulugu,TS
2015-01-28,0.0,29.4,17.7,4.38,0.132,Mulugu,TS
2015-01-29,0.0,29.6,18.5,4.12,0.131,Mulugu,TS
2015-01-30,0.0,29.3,18.3,3.93,0.131,Mulugu,TS
2015-01-31,0.0,29.9,17.8,4.57,0.13,Mulugu,TS
2015-02-01,0.0,29.5,17.3,4.17,0.129,Mulugu,TS
2015-02-02,0.0,29.0,19.8,3.38,0.129,Mulugu,TS
2015-02-03,0.0,29.5,18.9,4.06,0.128,Mulugu,TS
2015-02-04,0.0,30.9,18.4,4.51,0.128,Mulugu,TS
2015-02-05,0.0,31.2,18.3,4.38,0.127,Mulugu,TS
2015-02-06,0.0,31.3,16.9,4.47,0.126,Mulugu,TS
2015-02-07,0.0,30.4,17.5,4.76,0.126,Mulugu,TS
2015-02-08,0.0,30.6,19.2,4.65,0.125,Mulugu,TS
2015-02-09,0.0,31.0,19.5,4.86,0.125,Mulugu,TS
2015-02-10,0.0,30.7,19.4,4.71,0.125,Mulugu,TS
2015-02-11,0.0,30.1,19.2,4.36,0.124,Mulugu,TS
2015-02-12,0.0,31.0,19.7,4.67,0.125,Mulugu,TS
2015-02-13,0.0,31.5,19.9,4.54,0.124,Mulugu,TS
2015-02-14,0.0,32.1,18.6,4.95,0.124,Mulugu,TS
2015-02-15,0.0,33.3,17.4,5.1,0.123,Mulugu,TS
2015-02-16,0.0,33.1,19.6,5.11,0.123,Mulugu,TS
2015-02-17,0.0,33.9,19.4,5.06,0.123,Mulugu,TS
2015-02-18,0.0,33.4,20.9,5.81,0.122,Mulugu,TS
2015-02-19,0.0,32.1,21.4,5.11,0.122,Mulugu,TS
2015-02-20,0.0,31.7,21.2,4.67,0.122,Mulugu,TS
2015-02-21,0.0,32.2,20.1,4.65,0.122,Mulugu,TS
2015-02-22,0.0,33.6,20.9,5.4,0.122,Mulugu,TS
2015-02-23,0.0,33.9,19.3,5.08,0.122,Mulugu,TS
2015-02-24,0.0,34.3,21.5,5.79,0.121,Mulugu,TS
2015-02-25,0.0,34.3,21.0,6.0,0.121,Mulugu,TS
2015-02-26,0.0,34.6,21.0,6.6,0.121,Mulugu,TS
2015-02-27,0.0,33.3,20.8,6.16,0.121,Mulugu,TS
2015-02-28,0.0,33.3,21.1,6.27,0.121,Mulugu,TS
2015-03-01,0.0,31.3,21.7,4.76,0.121,Mulugu,TS
2015-03-02,2.6,28.9,22.7,2.86,0.132,Mulugu,TS
2015-03-03,1.4,31.3,22.1,3.73,0.152,Mulugu,TS
2015-03-04,1.2,30.7,21.0,5.32,0.16,Mulugu,TS
2015-03-05,0.0,33.8,20.2,5.45,0.154,Mulugu,TS
2015-03-06,1.2,31.4,23.2,4.1,0.154,Mulugu,TS
2015-03-07,0.3,32.3,22.9,4.35,0.174,Mulugu,TS
2015-03-08,0.6,33.1,23.8,5.15,0.168,Mulugu,TS
2015-03-09,0.6,32.5,23.6,4.81,0.171,Mulugu,TS
2015-03-10,1.3,33.6,22.9,4.73,0.178,Mulugu,TS
2015-03-11,0.1,34.6,21.9,5.18,0.18,Mulugu,TS
2015-03-12,0.0,34.5,20.8,5.69,0.169,Mulugu,TS
2015-03-13,0.0,35.4,21.9,5.93,0.159,Mulugu,TS
2015-03-14,0.0,35.3,21.4,6.43,0.15,Mulugu,TS
2015-03-15,0.0,35.0,21.7,6.7,0.144,Mulugu,TS
2015-03-16,0.0,35.1,21.7,6.5,0.138,Mulugu,TS
2015-03-17,0.0,35.5,21.5,5.62,0.134,Mulugu,TS
2015-03-18,0.0,36.5,23.6,5.93,0.131,Mulugu,TS
2015-03-19,0.0,36.1,26.6,5.21,0.128,Mulugu,TS
2015-03-20,0.0,36.7,25.0,5.52,0.126,Mulugu,TS
2015-03-21,0.0,37.5,23.9,6.39,0.125,Mulugu,TS
2015-03-22,0.0,38.6,24.1,6.81,0.123,Mulugu,TS
2015-03-23,0.0,38.2,24.0,6.54,0.122,Mulugu,TS
2015-03-24,0.0,38.5,24.4,6.51,0.122,Mulugu,TS
2015-03-25,0.0,37.4,24.8,6.12,0.121,Mulugu,TS
2015-03-26,0.0,35.8,24.7,6.32,0.121,Mulugu,TS
2015-03-27,0.0,35.9,24.6,6.34,0.12,Mulugu,TS
2015-03-28,0.0,35.7,24.6,6.21,0.12,Mulugu,TS
2015-03-29,0.0,36.1,24.9,6.43,0.123,Mulugu,TS
2015-03-30,0.0,32.8,25.7,4.11,0.128,Mulugu,TS
2015-03-31,0.0,35.6,24.8,5.83,0.127,Mulugu,TS
2015-04-01,0.0,36.0,25.3,6.03,0.126,Mulugu,TS
2015-04-02,0.0,36.3,25.6,6.24,0.125,Mulugu,TS
2015-04-03,0.0,37.4,26.3,6.03,0.124,Mulugu,TS
2015-04-04,0.0,38.8,26.8,6.9,0.123,Mulugu,TS
2015-04-05,0.0,38.2,26.2,6.27,0.122,Mulugu,TS
2015-04-06,0.0,37.2,26.7,6.42,0.121,Mulugu,TS
2015-04-07,0.0,37.4,26.1,7.18,0.121,Mulugu,TS
2015-04-08,0.0,37.4,25.9,7.26,0.121,Mulugu,TS
2015-04-09,0.0,36.6,25.4,6.7,0.12,Mulugu,TS
2015-04-10,0.0,36.6,25.5,6.05,0.12,Mulugu,TS
2015-04-11,0.0,34.1,26.8,5.12,0.121,Mulugu,TS
2015-04-12,7.0,28.9,22.5,2.81,0.191,Mulugu,TS
2015-04-13,12.3,31.3,21.2,4.46,0.292,Mulugu,TS
2015-04-14,6.7,30.2,20.5,4.62,0.307,Mulugu,TS
2015-04-15,1.5,32.0,21.7,4.9,0.29,Mulugu,TS
2015-04-16,0.5,33.0,22.4,4.94,0.269,Mulugu,TS
2015-04-17,0.0,33.7,23.0,5.49,0.246,Mulugu,TS
2015-04-18,0.0,36.9,24.2,6.16,0.223,Mulugu,TS
2015-04-19,0.0,37.8,25.7,6.41,0.203,Mulugu,TS
2015-04-20,0.0,37.8,26.4,6.45,0.187,Mulugu,TS
2015-04-21,0.0,38.3,26.5,6.82,0.173,Mulugu,TS
2015-04-22,0.0,38.8,27.1,6.53,0.162,Mulugu,TS
2015-04-23,0.1,37.4,27.8,6.4,0.156,Mulugu,TS
2015-04-24,10.8,36.4,26.8,5.88,0.231,Mulugu,TS
2015-04-25,0.0,36.1,25.2,5.95,0.247,Mulugu,TS
2015-04-26,0.0,35.4,25.8,6.15,0.223,Mulugu,TS
2015-04-27,0.0,36.9,25.5,6.53,0.204,Mulugu,TS
2015-04-28,0.0,38.5,26.2,7.3,0.187,Mulugu,TS
2015-04-29,0.0,39.3,27.0,7.63,0.173,Mulugu,TS
2015-04-30,0.0,39.5,26.9,6.87,0.162,Mulugu,TS
2015-05-01,0.0,39.5,27.3,7.02,0.152,Mulugu,TS
2015-05-02,0.0,39.6,27.8,7.09,0.144,Mulugu,TS
2015-05-03,0.2,38.5,28.0,6.66,0.139,Mulugu,TS
2015-05-04,0.3,36.9,28.1,6.1,0.137,Mulugu,TS
2015-05-05,0.3,37.6,27.3,6.29,0.137,Mulugu,TS
2015-05-06,0.5,38.7,27.5,6.53,0.136,Mulugu,TS
2015-05-07,0.0,38.9,27.9,6.83,0.137,Mulugu,TS
2015-05-08,0.0,40.4,28.1,6.95,0.132,Mulugu,TS
2015-05-09,0.2,39.9,28.3,6.91,0.13,Mulugu,TS
2015-05-10,0.0,37.2,29.2,5.87,0.13,Mulugu,TS
2015-05-11,0.1,37.2,29.0,6.21,0.13,Mulugu,TS
2015-05-12,0.0,38.0,28.5,5.78,0.131,Mulugu,TS
2015-05-13,2.4,37.9,28.4,6.31,0.136,Mulugu,TS
2015-05-14,0.4,37.0,27.3,5.17,0.151,Mulugu,TS
2015-05-15,0.4,37.6,28.5,5.75,0.148,Mulugu,TS
2015-05-16,2.8,35.9,26.7,4.34,0.182,Mulugu,TS
2015-05-17,0.0,36.8,27.4,6.26,0.184,Mulugu,TS
2015-05-18,0.0,39.4,27.3,6.35,0.171,Mulugu,TS
2015-05-19,0.0,43.2,29.3,7.63,0.158,Mulugu,TS
2015-05-20,0.0,43.7,32.0,9.17,0.146,Mulugu,TS
2015-05-21,0.0,44.4,29.0,7.65,0.138,Mulugu,TS
2015-05-22,0.0,44.0,30.2,8.51,0.132,Mulugu,TS
2015-05-23,0.0,43.1,31.7,9.24,0.127,Mulugu,TS
2015-05-24,0.0,42.5,31.3,9.42,0.125,Mulugu,TS
2015-05-25,0.0,41.9,31.4,8.57,0.123,Mulugu,TS
2015-05-26,0.0,43.1,31.0,8.62,0.122,Mulugu,TS
2015-05-27,0.0,42.9,30.9,8.32,0.121,Mulugu,TS
2015-05-28,0.0,43.2,30.5,7.99,0.121,Mulugu,TS
2015-05-29,0.0,42.9,30.3,7.53,0.12,Mulugu,TS
2015-05-30,0.0,42.3,30.4,7.94,0.12,Mulugu,TS
2015-05-31,0.0,41.2,30.2,7.7,0.12,Mulugu,TS
2015-06-01,0.0,38.8,29.9,5.98,0.121,Mulugu,TS
2015-06-02,9.1,37.1,27.2,4.88,0.193,Mulugu,TS
2015-06-03,0.0,35.3,28.7,5.63,0.207,Mulugu,TS
2015-06-04,4.4,35.5,28.5,5.06,0.231,Mulugu,TS
2015-06-05,1.2,36.4,27.0,5.78,0.243,Mulugu,TS
2015-06-06,0.5,34.3,28.9,3.78,0.226,Mulugu,TS
2015-06-07,1.7,33.7,27.1,4.39,0.225,Mulugu,TS
2015-06-08,16.3,35.2,25.9,4.4,0.339,Mulugu,TS
2015-06-09,6.0,33.3,26.1,3.72,0.335,Mulugu,TS
2015-06-10,0.0,36.5,28.1,6.28,0.286,Mulugu,TS
2015-06-11,1.2,36.2,27.6,6.01,0.268,Mulugu,TS
2015-06-12,14.8,33.7,26.2,3.94,0.314,Mulugu,TS
2015-06-13,15.1,32.9,25.7,4.12,0.365,Mulugu,TS
2015-06-14,20.3,30.2,25.3,2.95,0.392,Mulugu,TS
2015-06-15,13.1,29.1,24.8,2.02,0.404,Mulugu,TS
2015-06-16,10.9,29.2,24.4,2.32,0.404,Mulugu,TS
2015-06-17,19.3,29.4,24.7,2.27,0.405,Mulugu,TS
2015-06-18,17.5,30.5,24.6,2.88,0.415,Mulugu,TS
2015-06-19,25.6,29.5,24.7,2.54,0.422,Mulugu,TS
2015-06-20,34.2,26.3,24.8,1.4,0.428,Mulugu,TS
2015-06-21,77.5,25.4,24.4,1.18,0.429,Mulugu,TS
2015-06-22,12.7,27.9,24.3,1.74,0.423,Mulugu,TS
2015-06-23,2.6,31.7,24.4,4.37,0.407,Mulugu,TS
2015-06-24,2.3,32.7,25.0,4.52,0.397,Mulugu,TS
2015-06-25,0.2,32.5,26.6,5.03,0.378,Mulugu,TS
2015-06-26,0.0,31.6,26.9,5.0,0.362,Mulugu,TS
2015-06-27,0.3,31.1,26.5,4.92,0.353,Mulugu,TS
2015-06-28,1.3,31.8,26.6,4.54,0.347,Mulugu,TS
2015-06-29,1.4,33.6,26.7,4.7,0.347,Mulugu,TS
2015-06-30,1.0,33.7,26.0,5.06,0.343,Mulugu,TS
2015-07-01,2.1,32.5,26.7,4.55,0.338,Mulugu,TS
2015-07-02,7.6,31.0,26.1,3.61,0.362,Mulugu,TS
2015-07-03,0.0,32.7,26.5,4.14,0.363,Mulugu,TS
2015-07-04,0.0,33.2,27.0,5.96,0.34,Mulugu,TS
2015-07-05,0.0,33.0,26.6,5.96,0.323,Mulugu,TS
2015-07-06,0.0,32.8,26.5,6.27,0.308,Mulugu,TS
2015-07-07,0.0,32.9,26.6,5.66,0.296,Mulugu,TS
2015-07-08,0.0,32.4,28.2,5.18,0.286,Mulugu,TS
2015-07-09,0.0,33.5,28.6,5.94,0.276,Mulugu,TS
2015-07-10,2.7,30.3,26.7,2.89,0.278,Mulugu,TS
2015-07-11,0.6,32.0,26.6,3.86,0.288,Mulugu,TS
2015-07-12,0.0,33.4,26.9,5.6,0.276,Mulugu,TS
2015-07-13,0.1,33.7,26.2,4.99,0.265,Mulugu,TS
2015-07-14,1.7,34.1,26.2,4.51,0.277,Mulugu,TS
2015-07-15,7.5,33.9,25.9,4.61,0.338,Mulugu,TS
2015-07-16,0.2,33.5,26.4,4.81,0.325,Mulugu,TS
2015-07-17,0.0,33.2,27.8,5.08,0.3,Mulugu,TS
2015-07-18,3.7,33.2,25.1,4.21,0.319,Mulugu,TS
2015-07-19,4.7,32.6,25.5,4.12,0.334,Mulugu,TS
2015-07-20,2.0,32.9,25.7,5.0,0.332,Mulugu,TS
2015-07-21,2.8,32.5,25.9,4.36,0.316,Mulugu,TS
2015-07-22,21.6,28.9,25.6,1.93,0.372,Mulugu,TS
2015-07-23,8.1,28.9,25.1,2.47,0.402,Mulugu,TS
2015-07-24,5.8,31.4,25.0,3.81,0.4,Mulugu,TS
2015-07-25,0.0,32.3,26.2,3.99,0.38,Mulugu,TS
2015-07-26,3.9,31.8,24.8,4.36,0.374,Mulugu,TS
2015-07-27,0.0,32.5,26.0,4.76,0.364,Mulugu,TS
2015-07-28,0.0,33.2,26.8,5.83,0.342,Mulugu,TS
2015-07-29,0.0,32.8,26.5,5.59,0.325,Mulugu,TS
2015-07-30,0.7,30.3,26.4,4.42,0.316,Mulugu,TS
2015-07-31,0.0,31.7,26.5,4.61,0.312,Mulugu,TS
2015-08-01,0.6,30.8,25.8,4.45,0.307,Mulugu,TS
2015-08-02,0.1,32.1,25.7,4.63,0.304,Mulugu,TS
2015-08-03,0.0,31.3,26.6,4.32,0.293,Mulugu,TS
2015-08-04,0.7,30.7,25.6,3.74,0.288,Mulugu,TS
2015-08-05,0.8,29.8,24.8,3.55,0.284,Mulugu,TS
2015-08-06,0.0,29.2,25.3,3.16,0.281,Mulugu,TS
2015-08-07,1.0,29.1,25.2,2.47,0.282,Mulugu,TS
2015-08-08,3.7,28.6,25.5,2.11,0.315,Mulugu,TS
2015-08-09,11.8,29.7,24.8,2.72,0.359,Mulugu,TS
2015-08-10,5.4,31.1,25.1,3.17,0.372,Mulugu,TS
2015-08-11,18.7,31.0,24.2,2.93,0.405,Mulugu,TS
2015-08-12,21.2,25.9,24.3,0.9,0.425,Mulugu,TS
2015-08-13,12.6,27.9,24.1,2.23,0.417,Mulugu,TS
2015-08-14,0.1,31.0,23.9,4.36,0.39,Mulugu,TS
2015-08-15,7.3,31.4,25.3,3.58,0.39,Mulugu,TS
2015-08-16,0.7,30.0,26.0,2.86,0.394,Mulugu,TS
2015-08-17,0.3,31.9,25.5,3.91,0.385,Mulugu,TS
2015-08-18,10.6,32.2,24.5,3.81,0.408,Mulugu,TS
2015-08-19,6.6,32.3,25.4,4.18,0.399,Mulugu,TS
2015-08-20,5.0,30.1,24.7,2.75,0.409,Mulugu,TS
2015-08-21,8.9,30.9,25.2,2.87,0.41,Mulugu,TS
2015-08-22,0.1,31.0,24.7,4.05,0.395,Mulugu,TS
2015-08-23,0.2,31.2,25.6,4.62,0.379,Mulugu,TS
2015-08-24,0.3,31.3,24.7,4.85,0.366,Mulugu,TS
2015-08-25,0.5,31.9,25.4,4.97,0.354,Mulugu,TS
2015-08-26,1.9,30.8,26.1,3.67,0.35,Mulugu,TS
2015-08-27,5.0,28.4,25.2,1.96,0.379,Mulugu,TS
2015-08-28,3.2,31.5,25.3,3.44,0.377,Mulugu,TS
2015-08-29,6.2,31.1,25.3,3.44,0.383,Mulugu,TS
2015-08-30,3.7,31.5,25.7,3.78,0.381,Mulugu,TS
2015-08-31,7.9,31.1,25.1,3.46,0.394,Mulugu,TS
2015-09-01,3.9,30.2,25.3,2.79,0.399,Mulugu,TS
2015-09-02,0.0,32.0,25.0,4.17,0.386,Mulugu,TS
2015-09-03,0.7,32.5,25.5,4.18,0.375,Mulugu,TS
2015-09-04,0.0,33.2,25.7,4.33,0.369,Mulugu,TS
2015-09-05,0.3,32.8,25.8,4.62,0.356,Mulugu,TS
2015-09-06,7.9,31.4,25.8,3.72,0.368,Mulugu,TS
2015-09-07,5.7,30.6,24.5,3.12,0.396,Mulugu,TS
2015-09-08,0.8,31.6,24.1,4.18,0.379,Mulugu,TS
2015-09-09,0.4,32.2,23.9,4.58,0.367,Mulugu,TS
2015-09-10,3.2,31.6,23.8,4.27,0.361,Mulugu,TS
2015-09-11,14.5,31.6,24.6,3.81,0.386,Mulugu,TS
2015-09-12,33.5,29.6,24.3,2.46,0.423,Mulugu,TS
2015-09-13,27.6,29.2,24.6,2.06,0.424,Mulugu,TS
2015-09-14,18.9,29.0,24.1,1.89,0.425,Mulugu,TS
2015-09-15,16.5,28.7,24.3,2.08,0.424,Mulugu,TS
2015-09-16,30.2,29.3,24.4,1.66,0.429,Mulugu,TS
2015-09-17,32.8,31.3,24.2,3.29,0.426,Mulugu,TS
2015-09-18,0.3,31.5,25.3,4.11,0.41,Mulugu,TS
2015-09-19,0.9,30.9,25.6,3.24,0.398,Mulugu,TS
2015-09-20,1.9,29.7,25.6,1.98,0.401,Mulugu,TS
2015-09-21,0.1,31.6,24.8,4.09,0.391,Mulugu,TS
2015-09-22,0.0,31.8,24.5,4.46,0.377,Mulugu,TS
2015-09-23,0.0,32.8,24.9,4.87,0.365,Mulugu,TS
2015-09-24,0.7,32.2,24.9,4.18,0.358,Mulugu,TS
2015-09-25,3.7,32.5,24.5,4.1,0.372,Mulugu,TS
2015-09-26,2.9,31.1,24.4,4.03,0.379,Mulugu,TS
2015-09-27,0.0,31.8,22.5,4.98,0.365,Mulugu,TS
2015-09-28,0.0,31.0,23.4,4.2,0.35,Mulugu,TS
2015-09-29,2.7,31.3,24.3,4.03,0.346,Mulugu,TS
2015-09-30,8.5,31.7,24.3,4.12,0.357,Mulugu,TS
2015-10-01,2.6,30.8,24.6,3.23,0.383,Mulugu,TS
2015-10-02,3.6,29.7,24.1,2.99,0.386,Mulugu,TS
2015-10-03,4.8,32.0,24.4,3.88,0.375,Mulugu,TS
2015-10-04,9.9,30.9,24.8,2.81,0.406,Mulugu,TS
2015-10-05,1.5,31.4,24.0,3.66,0.393,Mulugu,TS
2015-10-06,0.0,32.0,23.6,4.49,0.377,Mulugu,TS
2015-10-07,0.0,32.7,23.3,5.18,0.362,Mulugu,TS
2015-10-08,0.0,32.7,21.9,4.62,0.349,Mulugu,TS
2015-10-09,0.0,33.1,22.3,4.67,0.339,Mulugu,TS
2015-10-10,0.0,34.0,23.3,4.72,0.328,Mulugu,TS
2015-10-11,0.1,33.3,23.7,4.42,0.32,Mulugu,TS
2015-10-12,0.0,33.6,24.0,4.54,0.312,Mulugu,TS
2015-10-13,0.2,33.0,23.0,4.34,0.304,Mulugu,TS
2015-10-14,0.0,33.5,23.7,4.42,0.296,Mulugu,TS
2015-10-15,0.0,33.1,23.1,4.47,0.288,Mulugu,TS
2015-10-16,0.4,30.4,24.7,3.47,0.283,Mulugu,TS
2015-10-17,0.6,30.9,24.4,3.52,0.283,Mulugu,TS
2015-10-18,0.0,31.4,24.0,3.89,0.279,Mulugu,TS
2015-10-19,0.0,32.4,23.3,4.36,0.272,Mulugu,TS
2015-10-20,0.0,32.6,22.7,4.24,0.264,Mulugu,TS
2015-10-21,0.0,32.8,22.7,4.42,0.256,Mulugu,TS
2015-10-22,0.0,33.0,23.2,4.51,0.248,Mulugu,TS
2015-10-23,0.0,32.6,23.3,4.32,0.241,Mulugu,TS
2015-10-24,0.0,32.4,23.7,4.34,0.235,Mulugu,TS
2015-10-25,0.0,31.6,23.8,4.17,0.228,Mulugu,TS
2015-10-26,0.0,31.0,22.7,3.96,0.222,Mulugu,TS
2015-10-27,0.0,31.4,22.4,4.28,0.217,Mulugu,TS
2015-10-28,0.0,31.1,21.5,4.53,0.211,Mulugu,TS
2015-10-29,3.9,31.3,23.0,3.85,0.211,Mulugu,TS
2015-10-30,1.2,30.1,22.4,3.9,0.259,Mulugu,TS
2015-10-31,0.0,30.3,22.6,3.96,0.248,Mulugu,TS
2015-11-01,0.0,30.5,22.6,3.94,0.237,Mulugu,TS
2015-11-02,0.0,30.3,23.3,3.57,0.229,Mulugu,TS
2015-11-03,0.0,31.1,22.9,3.99,0.222,Mulugu,TS
2015-11-04,0.0,30.5,22.1,3.67,0.215,Mulugu,TS
2015-11-05,0.2,30.2,22.6,3.48,0.211,Mulugu,TS
2015-11-06,0.0,30.6,23.6,3.62,0.207,Mulugu,TS
2015-11-07,0.0,30.8,21.5,3.85,0.201,Mulugu,TS
2015-11-08,0.0,32.1,21.2,4.52,0.194,Mulugu,TS
2015-11-09,0.0,29.3,21.2,3.41,0.189,Mulugu,TS
2015-11-10,0.0,29.1,21.1,3.1,0.185,Mulugu,TS
2015-11-11,0.0,31.4,20.4,4.35,0.18,Mulugu,TS
2015-11-12,0.0,31.1,19.6,4.27,0.176,Mulugu,TS
2015-11-13,0.0,31.2,18.9,4.44,0.171,Mulugu,TS
2015-11-14,0.0,30.8,18.9,4.05,0.167,Mulugu,TS
2015-11-15,0.0,30.1,19.9,3.37,0.164,Mulugu,TS
2015-11-16,0.0,28.1,21.3,2.24,0.165,Mulugu,TS
2015-11-17,0.2,26.2,20.7,2.26,0.181,Mulugu,TS
2015-11-18,0.0,30.5,18.9,4.42,0.18,Mulugu,TS
2015-11-19,0.0,29.9,19.1,4.05,0.174,Mulugu,TS
2015-11-20,0.0,29.9,22.0,2.93,0.17,Mulugu,TS
2015-11-21,0.0,30.6,22.4,3.5,0.166,Mulugu,TS
2015-11-22,0.0,30.9,22.5,3.81,0.162,Mulugu,TS
2015-11-23,0.0,30.2,22.1,3.67,0.159,Mulugu,TS
2015-11-24,0.0,30.0,22.6,3.21,0.157,Mulugu,TS
2015-11-25,0.0,30.1,21.0,3.53,0.155,Mulugu,TS
2015-11-26,0.0,30.8,19.6,3.71,0.152,Mulugu,TS
2015-11-27,0.0,31.1,20.8,4.01,0.15,Mulugu,TS
2015-11-28,0.0,30.9,21.7,4.16,0.147,Mulugu,TS
2015-11-29,0.0,30.9,21.8,3.97,0.144,Mulugu,TS
2015-11-30,0.7,28.2,22.6,2.28,0.146,Mulugu,TS
2015-12-01,0.0,29.6,22.3,2.77,0.149,Mulugu,TS
2015-12-02,0.3,29.1,22.4,2.69,0.148,Mulugu,TS
2015-12-03,0.0,30.6,21.8,3.59,0.149,Mulugu,TS
2015-12-04,0.0,31.0,19.7,3.84,0.146,Mulugu,TS
2015-12-05,0.0,30.8,22.6,3.71,0.144,Mulugu,TS
2015-12-06,0.0,30.3,20.3,3.69,0.142,Mulugu,TS
2015-12-07,0.0,30.5,19.4,3.8,0.14,Mulugu,TS
2015-12-08,0.0,30.7,18.6,3.88,0.138,Mulugu,TS
2015-12-09,0.0,30.1,19.2,3.93,0.137,Mulugu,TS
2015-12-10,0.0,30.4,18.8,4.21,0.135,Mulugu,TS
2015-12-11,0.0,31.3,19.8,4.45,0.134,Mulugu,TS
2015-12-12,0.0,31.8,22.0,4.02,0.133,Mulugu,TS
2015-12-13,0.1,32.0,23.0,4.17,0.132,Mulugu,TS
2015-12-14,0.0,31.6,22.9,4.09,0.132,Mulugu,TS
2015-12-15,0.0,31.5,22.5,3.91,0.131,Mulugu,TS
2015-12-16,0.0,31.1,22.0,4.26,0.13,Mulugu,TS
2015-12-17,0.0,30.5,21.4,4.36,0.129,Mulugu,TS
2015-12-18,0.0,30.3,20.7,3.81,0.129,Mulugu,TS
2015-12-19,0.0,30.1,20.3,3.43,0.128,Mulugu,TS
2015-12-20,0.0,30.0,21.6,3.93,0.128,Mulugu,TS
2015-12-21,0.0,29.7,21.7,3.67,0.128,Mulugu,TS
2015-12-22,0.0,30.1,21.8,3.81,0.128,Mulugu,TS
2015-12-23,0.0,29.3,23.0,3.24,0.128,Mulugu,TS
2015-12-24,0.0,30.4,22.4,3.72,0.128,Mulugu,TS
2015-12-25,0.0,27.1,19.2,5.23,0.127,Mulugu,TS
2015-12-26,0.0,27.1,15.3,4.33,0.126,Mulugu,TS
2015-12-27,0.0,28.3,13.9,4.03,0.126,Mulugu,TS
2015-12-28,0.0,30.1,16.6,3.69,0.125,Mulugu,TS
2015-12-29,0.0,31.2,16.2,4.3,0.125,Mulugu,TS
2015-12-30,0.0,31.5,15.5,3.9,0.125,Mulugu,TS
2015-12-31,0.0,31.1,17.4,3.87,0.124,Mulugu,TS
2016-01-01,0.0,30.8,19.4,3.76,0.124,Mulugu,TS
2016-01-02,0.0,30.9,19.4,3.89,0.124,Mulugu,TS
2016-01-03,0.0,30.5,19.4,3.95,0.123,Mulugu,TS
2016-01-04,0.0,29.9,19.0,3.81,0.123,Mulugu,TS
2016-01-05,0.0,29.8,17.3,3.89,0.123,Mulugu,TS
2016-01-06,0.0,29.4,18.8,3.75,0.123,Mulugu,TS
2016-01-07,0.0,29.6,18.4,3.6,0.122,Mulugu,TS
2016-01-08,0.0,29.7,18.5,3.75,0.122,Mulugu,TS
2016-01-09,0.0,30.4,17.2,3.99,0.122,Mulugu,TS
2016-01-10,0.0,30.4,18.0,4.08,0.122,Mulugu,TS
2016-01-11,0.0,30.1,18.0,4.33,0.122,Mulugu,TS
2016-01-12,0.0,29.9,16.2,4.41,0.122,Mulugu,TS
2016-01-13,0.0,29.8,16.4,4.18,0.121,Mulugu,TS
2016-01-14,0.0,29.7,18.5,4.2,0.121,Mulugu,TS
2016-01-15,0.0,29.5,19.3,4.35,0.121,Mulugu,TS
2016-01-16,0.0,29.8,18.6,4.55,0.121,Mulugu,TS
2016-01-17,0.0,30.0,19.3,4.84,0.121,Mulugu,TS
2016-01-18,0.0,29.7,19.0,4.84,0.121,Mulugu,TS
2016-01-19,0.2,27.5,20.9,2.76,0.122,Mulugu,TS
2016-01-20,5.1,23.8,18.6,1.0,0.156,Mulugu,TS
2016-01-21,0.0,27.1,17.2,4.24,0.172,Mulugu,TS
2016-01-22,0.0,27.0,16.1,4.67,0.165,Mulugu,TS
2016-01-23,0.0,28.2,14.7,4.57,0.158,Mulugu,TS
2016-01-24,0.0,29.0,14.6,4.25,0.152,Mulugu,TS
2016-01-25,0.0,28.6,19.3,3.55,0.148,Mulugu,TS
2016-01-26,0.0,28.6,19.7,3.38,0.146,Mulugu,TS
2016-01-27,0.0,31.1,20.5,4.18,0.143,Mulugu,TS
2016-01-28,0.0,31.8,20.3,4.38,0.14,Mulugu,TS
2016-01-29,0.0,32.1,18.5,4.58,0.136,Mulugu,TS
2016-01-30,0.0,32.8,18.1,4.59,0.134,Mulugu,TS
2016-01-31,0.0,33.8,19.5,4.72,0.131,Mulugu,TS
2016-02-01,0.0,34.0,19.3,4.68,0.129,Mulugu,TS
2016-02-02,0.0,34.5,21.4,5.05,0.128,Mulugu,TS
2016-02-03,0.0,33.9,21.4,4.82,0.126,Mulugu,TS
2016-02-04,0.0,32.6,20.3,4.59,0.125,Mulugu,TS
2016-02-05,0.0,31.3,19.8,4.27,0.124,Mulugu,TS
2016-02-06,0.0,32.0,20.8,5.12,0.123,Mulugu,TS
2016-02-07,0.0,32.0,21.4,4.63,0.123,Mulugu,TS
2016-02-08,0.0,31.3,22.0,3.8,0.122,Mulugu,TS
2016-02-09,0.0,32.0,23.2,3.78,0.122,Mulugu,TS
2016-02-10,0.0,32.7,23.2,5.3,0.122,Mulugu,TS
2016-02-11,0.0,33.0,23.4,5.57,0.121,Mulugu,TS
2016-02-12,0.0,33.0,23.6,5.41,0.121,Mulugu,TS
2016-02-13,0.0,31.9,23.8,4.69,0.121,Mulugu,TS
2016-02-14,0.0,32.5,23.8,4.68,0.121,Mulugu,TS
2016-02-15,0.0,33.8,21.1,6.31,0.121,Mulugu,TS
2016-02-16,0.0,33.2,19.9,5.93,0.12,Mulugu,TS
2016-02-17,0.0,34.0,18.8,6.11,0.12,Mulugu,TS
2016-02-18,0.0,34.5,19.0,6.11,0.12,Mulugu,TS
2016-02-19,0.0,34.7,20.1,5.86,0.12,Mulugu,TS
2016-02-20,0.0,35.9,21.1,5.75,0.12,Mulugu,TS
2016-02-21,0.0,36.5,22.2,5.81,0.12,Mulugu,TS
2016-02-22,0.0,36.4,23.5,6.23,0.12,Mulugu,TS
2016-02-23,0.0,35.8,23.6,6.29,0.12,Mulugu,TS
2016-02-24,0.0,33.5,22.9,5.8,0.12,Mulugu,TS
2016-02-25,0.0,33.3,23.6,5.54,0.12,Mulugu,TS
2016-02-26,0.0,32.0,24.1,4.78,0.12,Mulugu,TS
2016-02-27,0.0,32.4,23.6,4.57,0.12,Mulugu,TS
2016-02-28,0.0,34.0,23.2,5.23,0.12,Mulugu,TS
2016-02-29,0.0,34.1,24.0,5.23,0.121,Mulugu,TS
2016-03-01,0.4,33.1,24.2,4.24,0.127,Mulugu,TS
2016-03-02,0.6,33.0,25.0,4.22,0.129,Mulugu,TS
2016-03-03,0.0,33.2,24.6,4.16,0.138,Mulugu,TS
2016-03-04,0.3,33.8,23.8,4.6,0.137,Mulugu,TS
2016-03-05,0.0,34.6,24.1,5.01,0.138,Mulugu,TS
2016-03-06,0.0,36.1,24.5,6.55,0.139,Mulugu,TS
2016-03-07,0.0,35.5,21.9,6.67,0.135,Mulugu,TS
2016-03-08,0.0,35.6,21.5,6.5,0.131,Mulugu,TS
2016-03-09,0.0,34.9,23.1,5.58,0.129,Mulugu,TS
2016-03-10,0.0,37.5,23.7,5.91,0.127,Mulugu,TS
2016-03-11,0.0,37.4,23.1,5.66,0.125,Mulugu,TS
2016-03-12,0.0,38.1,24.9,7.75,0.124,Mulugu,TS
2016-03-13,0.0,36.0,22.6,6.1,0.123,Mulugu,TS
2016-03-14,2.2,34.6,25.5,4.57,0.128,Mulugu,TS
2016-03-15,1.7,34.1,24.6,4.85,0.136,Mulugu,TS
2016-03-16,2.3,34.0,24.5,4.33,0.158,Mulugu,TS
2016-03-17,0.0,35.4,25.0,5.96,0.158,Mulugu,TS
2016-03-18,0.0,37.1,25.5,6.48,0.15,Mulugu,TS
2016-03-19,0.0,37.9,25.9,6.15,0.143,Mulugu,TS
2016-03-20,0.0,38.3,26.2,6.96,0.137,Mulugu,TS
2016-03-21,0.0,38.9,24.7,7.28,0.132,Mulugu,TS
2016-03-22,0.0,39.2,22.5,7.13,0.129,Mulugu,TS
2016-03-23,0.0,39.1,22.7,6.84,0.126,Mulugu,TS
2016-03-24,0.0,39.3,23.6,6.57,0.124,Mulugu,TS
2016-03-25,0.0,38.5,24.9,6.59,0.123,Mulugu,TS
2016-03-26,0.0,38.8,25.2,6.82,0.122,Mulugu,TS
2016-03-27,0.0,37.9,25.5,7.62,0.121,Mulugu,TS
2016-03-28,0.5,37.3,25.5,6.5,0.122,Mulugu,TS
2016-03-29,0.0,36.9,24.9,6.9,0.125,Mulugu,TS
2016-03-30,0.0,37.5,25.7,7.0,0.124,Mulugu,TS
2016-03-31,0.2,37.8,25.7,6.93,0.127,Mulugu,TS
2016-04-01,0.0,38.3,26.0,6.66,0.127,Mulugu,TS
2016-04-02,0.0,38.7,26.1,6.79,0.125,Mulugu,TS
2016-04-03,0.0,39.1,26.7,6.86,0.123,Mulugu,TS
2016-04-04,0.1,39.5,27.0,7.17,0.123,Mulugu,TS
2016-04-05,0.6,37.2,27.2,5.66,0.125,Mulugu,TS
2016-04-06,0.0,38.7,26.5,6.88,0.128,Mulugu,TS
2016-04-07,0.0,39.3,25.9,7.38,0.126,Mulugu,TS
2016-04-08,0.0,39.0,25.9,7.52,0.124,Mulugu,TS
2016-04-09,0.0,39.3,25.3,8.16,0.123,Mulugu,TS
2016-04-10,0.0,39.5,25.7,7.88,0.122,Mulugu,TS
2016-04-11,0.0,40.7,26.6,7.85,0.121,Mulugu,TS
2016-04-12,0.0,41.1,27.5,7.85,0.12,Mulugu,TS
2016-04-13,0.0,40.5,27.1,6.82,0.12,Mulugu,TS
2016-04-14,0.0,39.3,28.6,6.21,0.12,Mulugu,TS
2016-04-15,0.0,40.6,27.8,7.29,0.12,Mulugu,TS
2016-04-16,0.0,40.6,27.6,7.67,0.12,Mulugu,TS
2016-04-17,0.0,40.5,27.8,7.26,0.12,Mulugu,TS
2016-04-18,0.0,39.6,28.0,7.33,0.12,Mulugu,TS
2016-04-19,0.0,40.2,26.5,7.72,0.12,Mulugu,TS
2016-04-20,0.0,40.3,26.8,7.09,0.12,Mulugu,TS
2016-04-21,0.0,40.6,28.0,7.47,0.119,Mulugu,TS
2016-04-22,0.0,42.3,29.1,7.15,0.119,Mulugu,TS
2016-04-23,0.0,42.0,29.7,8.19,0.12,Mulugu,TS
2016-04-24,0.0,41.9,27.4,7.48,0.119,Mulugu,TS
2016-04-25,0.0,41.7,28.8,7.61,0.119,Mulugu,TS
2016-04-26,0.1,40.9,29.0,7.22,0.121,Mulugu,TS
2016-04-27,0.0,40.4,28.3,8.02,0.122,Mulugu,TS
2016-04-28,0.0,40.0,28.3,6.73,0.122,Mulugu,TS
2016-04-29,0.0,41.1,28.9,7.42,0.122,Mulugu,TS
2016-04-30,0.4,40.8,29.1,6.81,0.122,Mulugu,TS
2016-05-01,0.0,41.4,28.4,7.58,0.123,Mulugu,TS
2016-05-02,0.2,41.5,29.1,7.71,0.126,Mulugu,TS
2016-05-03,3.2,39.6,27.9,6.98,0.139,Mulugu,TS
2016-05-04,1.5,38.8,27.4,6.79,0.162,Mulugu,TS
2016-05-05,2.7,36.9,26.9,6.46,0.179,Mulugu,TS
2016-05-06,5.3,35.5,24.2,5.85,0.265,Mulugu,TS
2016-05-07,0.3,37.2,27.1,6.18,0.242,Mulugu,TS
2016-05-08,0.1,36.7,27.7,6.07,0.218,Mulugu,TS
2016-05-09,2.7,36.6,26.8,5.72,0.225,Mulugu,TS
2016-05-10,0.6,36.5,27.9,6.13,0.223,Mulugu,TS
2016-05-11,0.0,37.7,28.2,6.59,0.21,Mulugu,TS
2016-05-12,0.1,38.9,28.7,7.02,0.201,Mulugu,TS
2016-05-13,0.0,39.6,29.1,7.2,0.183,Mulugu,TS
2016-05-14,0.0,40.3,29.7,7.69,0.167,Mulugu,TS
2016-05-15,0.0,38.2,28.6,7.3,0.155,Mulugu,TS
2016-05-16,0.0,39.2,28.1,7.58,0.146,Mulugu,TS
2016-05-17,0.0,38.2,28.5,6.98,0.139,Mulugu,TS
2016-05-18,1.0,36.7,28.3,4.86,0.138,Mulugu,TS
2016-05-19,0.8,33.3,27.2,2.84,0.143,Mulugu,TS
2016-05-20,1.2,39.9,27.7,5.11,0.152,Mulugu,TS
2016-05-21,0.5,42.0,30.7,9.16,0.148,Mulugu,TS
2016-05-22,0.0,42.1,31.6,9.12,0.142,Mulugu,TS
2016-05-23,0.0,40.7,32.4,9.36,0.135,Mulugu,TS
2016-05-24,0.0,41.6,32.7,8.95,0.13,Mulugu,TS
2016-05-25,0.0,41.5,32.5,9.47,0.127,Mulugu,TS
2016-05-26,0.0,41.8,32.2,8.92,0.124,Mulugu,TS
2016-05-27,0.0,41.4,31.2,8.39,0.123,Mulugu,TS
2016-05-28,0.0,41.2,31.4,7.48,0.122,Mulugu,TS
2016-05-29,0.0,39.7,31.1,8.22,0.122,Mulugu,TS
2016-05-30,0.0,40.2,30.8,7.77,0.121,Mulugu,TS
2016-05-31,0.1,40.7,30.6,6.71,0.123,Mulugu,TS
2016-06-01,0.0,42.0,30.8,6.92,0.123,Mulugu,TS
2016-06-02,0.0,39.2,31.8,7.26,0.123,Mulugu,TS
2016-06-03,0.0,39.1,30.8,6.5,0.123,Mulugu,TS
2016-06-04,12.9,36.0,26.0,4.88,0.238,Mulugu,TS
2016-06-05,12.3,33.4,25.3,3.09,0.327,Mulugu,TS
2016-06-06,4.2,33.2,25.7,4.07,0.323,Mulugu,TS
2016-06-07,23.3,31.3,25.2,2.84,0.363,Mulugu,TS
2016-06-08,5.0,31.6,25.6,3.2,0.358,Mulugu,TS
2016-06-09,6.9,35.5,26.4,5.03,0.354,Mulugu,TS
2016-06-10,0.2,35.8,27.8,5.91,0.319,Mulugu,TS
2016-06-11,0.5,36.1,27.8,5.74,0.293,Mulugu,TS
2016-06-12,1.3,35.6,26.7,5.48,0.288,Mulugu,TS
2016-06-13,8.5,34.2,26.6,5.27,0.337,Mulugu,TS
2016-06-14,0.0,36.7,30.2,7.55,0.306,Mulugu,TS
2016-06-15,0.0,36.5,30.0,7.96,0.275,Mulugu,TS
2016-06-16,0.0,37.1,30.3,7.87,0.251,Mulugu,TS
2016-06-17,3.3,36.0,26.2,5.57,0.236,Mulugu,TS
2016-06-18,73.2,29.5,25.0,1.87,0.402,Mulugu,TS
2016-06-19,1.4,29.8,24.9,3.17,0.39,Mulugu,TS
2016-06-20,0.2,31.9,25.8,4.73,0.364,Mulugu,TS
2016-06-21,4.2,32.6,24.8,4.85,0.362,Mulugu,TS
2016-06-22,0.2,34.2,26.2,5.62,0.348,Mulugu,TS
2016-06-23,6.1,33.5,26.0,5.07,0.336,Mulugu,TS
2016-06-24,2.3,32.0,25.3,3.92,0.372,Mulugu,TS
2016-06-25,18.5,32.7,25.2,4.41,0.373,Mulugu,TS
2016-06-26,3.8,30.6,25.1,2.88,0.398,Mulugu,TS
2016-06-27,23.5,26.8,25.4,1.38,0.408,Mulugu,TS
2016-06-28,24.4,28.1,24.8,1.78,0.423,Mulugu,TS
2016-06-29,13.5,26.7,24.9,1.58,0.421,Mulugu,TS
2016-06-30,53.1,26.2,24.2,1.53,0.424,Mulugu,TS
2016-07-01,26.1,26.9,24.4,1.26,0.428,Mulugu,TS
2016-07-02,18.0,28.8,24.6,2.17,0.425,Mulugu,TS
2016-07-03,16.0,27.4,24.9,1.4,0.426,Mulugu,TS
2016-07-04,4.4,31.0,25.2,3.52,0.416,Mulugu,TS
2016-07-05,6.6,31.4,25.2,3.02,0.416,Mulugu,TS
2016-07-06,14.2,30.1,24.9,2.46,0.42,Mulugu,TS
2016-07-07,3.1,30.2,25.6,4.47,0.405,Mulugu,TS
2016-07-08,13.2,29.8,24.8,3.65,0.405,Mulugu,TS
2016-07-09,39.5,25.1,24.1,1.15,0.43,Mulugu,TS
2016-07-10,66.1,25.4,24.3,1.16,0.43,Mulugu,TS
2016-07-11,35.4,26.6,24.2,1.67,0.429,Mulugu,TS
2016-07-12,2.1,30.9,24.8,4.28,0.417,Mulugu,TS
2016-07-13,0.1,31.6,25.7,4.78,0.403,Mulugu,TS
2016-07-14,0.0,31.5,26.4,5.18,0.388,Mulugu,TS
2016-07-15,0.3,32.7,26.6,4.82,0.376,Mulugu,TS
2016-07-16,2.9,31.5,25.3,3.2,0.38,Mulugu,TS
2016-07-17,0.0,31.4,26.4,3.62,0.372,Mulugu,TS
2016-07-18,3.6,32.2,25.8,4.26,0.376,Mulugu,TS
2016-07-19,6.1,27.0,24.6,1.52,0.399,Mulugu,TS
2016-07-20,4.5,28.0,24.3,2.37,0.404,Mulugu,TS
2016-07-21,11.2,28.9,24.9,2.62,0.402,Mulugu,TS
2016-07-22,8.3,29.9,24.2,2.2,0.42,Mulugu,TS
2016-07-23,0.0,29.6,24.8,3.4,0.404,Mulugu,TS
2016-07-24,2.2,30.7,25.0,2.8,0.401,Mulugu,TS
2016-07-25,8.4,31.3,24.4,3.44,0.413,Mulugu,TS
2016-07-26,6.7,30.7,24.8,3.25,0.416,Mulugu,TS
2016-07-27,13.0,31.7,24.1,3.72,0.422,Mulugu,TS
2016-07-28,9.5,31.5,23.8,3.84,0.416,Mulugu,TS
2016-07-29,17.1,31.5,24.4,3.62,0.423,Mulugu,TS
2016-07-30,9.2,30.9,24.4,3.14,0.42,Mulugu,TS
2016-07-31,9.2,27.3,24.3,2.09,0.426,Mulugu,TS
2016-08-01,9.2,26.9,24.4,1.7,0.423,Mulugu,TS
2016-08-02,2.8,29.9,24.0,3.29,0.417,Mulugu,TS
2016-08-03,7.0,29.0,24.3,2.67,0.418,Mulugu,TS
2016-08-04,14.1,28.9,24.4,2.22,0.422,Mulugu,TS
2016-08-05,4.8,30.4,24.8,3.42,0.417,Mulugu,TS
2016-08-06,16.6,29.0,24.2,2.15,0.426,Mulugu,TS
2016-08-07,0.1,30.6,25.6,3.95,0.41,Mulugu,TS
2016-08-08,0.0,30.5,25.8,4.32,0.395,Mulugu,TS
2016-08-09,0.0,30.5,26.1,4.4,0.382,Mulugu,TS
2016-08-10,0.0,31.0,26.3,4.79,0.371,Mulugu,TS
2016-08-11,0.1,31.0,26.6,5.04,0.36,Mulugu,TS
2016-08-12,0.2,31.5,26.5,4.86,0.353,Mulugu,TS
2016-08-13,0.1,31.2,26.7,4.84,0.346,Mulugu,TS
2016-08-14,0.7,29.5,26.6,3.18,0.342,Mulugu,TS
2016-08-15,0.0,30.4,26.7,4.7,0.337,Mulugu,TS
2016-08-16,0.0,29.4,26.2,4.34,0.329,Mulugu,TS
2016-08-17,0.0,30.1,25.6,4.7,0.321,Mulugu,TS
2016-08-18,0.0,30.4,25.8,4.86,0.314,Mulugu,TS
2016-08-19,0.0,31.3,25.4,5.15,0.307,Mulugu,TS
2016-08-20,0.0,32.8,24.9,5.48,0.298,Mulugu,TS
2016-08-21,0.1,32.7,24.1,5.03,0.289,Mulugu,TS
2016-08-22,0.0,31.3,26.1,3.74,0.286,Mulugu,TS
2016-08-23,0.9,32.4,26.2,4.64,0.281,Mulugu,TS
2016-08-24,1.9,32.3,25.0,4.06,0.294,Mulugu,TS
2016-08-25,17.0,31.0,25.4,3.29,0.342,Mulugu,TS
2016-08-26,2.9,30.9,24.7,3.67,0.362,Mulugu,TS
2016-08-27,8.0,32.0,25.1,4.07,0.378,Mulugu,TS
2016-08-28,2.2,32.2,24.8,4.15,0.37,Mulugu,TS
2016-08-29,9.1,31.6,24.9,3.62,0.385,Mulugu,TS
2016-08-30,16.4,30.7,24.6,2.85,0.408,Mulugu,TS
2016-08-31,55.5,28.3,23.9,1.23,0.429,Mulugu,TS
2016-09-01,15.7,29.7,24.0,2.34,0.427,Mulugu,TS
2016-09-02,16.1,30.5,24.3,3.01,0.424,Mulugu,TS
2016-09-03,11.0,28.2,24.8,1.84,0.427,Mulugu,TS
2016-09-04,9.6,28.0,24.2,1.72,0.426,Mulugu,TS
2016-09-05,0.0,30.4,24.0,4.77,0.41,Mulugu,TS
2016-09-06,0.0,30.1,24.2,5.03,0.392,Mulugu,TS
2016-09-07,0.0,29.8,23.5,4.82,0.379,Mulugu,TS
2016-09-08,0.0,30.6,23.6,4.8,0.369,Mulugu,TS
2016-09-09,0.2,28.5,25.7,2.94,0.363,Mulugu,TS
2016-09-10,19.5,29.0,24.2,2.03,0.414,Mulugu,TS
2016-09-11,13.1,28.2,23.9,2.19,0.423,Mulugu,TS
2016-09-12,21.8,27.9,23.7,1.58,0.425,Mulugu,TS
2016-09-13,9.3,26.2,23.4,1.31,0.424,Mulugu,TS
2016-09-14,26.0,28.6,23.4,1.99,0.428,Mulugu,TS
2016-09-15,13.2,27.8,23.9,2.0,0.426,Mulugu,TS
2016-09-16,2.4,30.8,23.9,3.61,0.417,Mulugu,TS
2016-09-17,2.9,29.9,24.8,2.91,0.411,Mulugu,TS
2016-09-18,7.2,30.2,24.3,3.72,0.414,Mulugu,TS
2016-09-19,1.7,29.9,24.6,3.58,0.409,Mulugu,TS
2016-09-20,7.2,30.5,24.8,3.16,0.412,Mulugu,TS
2016-09-21,29.3,30.2,23.9,2.77,0.426,Mulugu,TS
2016-09-22,37.9,29.2,23.9,2.3,0.428,Mulugu,TS
2016-09-23,25.8,29.8,24.1,2.25,0.427,Mulugu,TS
2016-09-24,14.0,26.1,24.0,0.92,0.427,Mulugu,TS
2016-09-25,10.5,28.7,24.2,1.67,0.422,Mulugu,TS
2016-09-26,4.6,26.9,24.3,1.34,0.42,Mulugu,TS
2016-09-27,5.2,28.7,24.1,1.59,0.422,Mulugu,TS
2016-09-28,2.9,30.0,24.0,2.84,0.418,Mulugu,TS
2016-09-29,1.3,31.4,24.3,3.47,0.408,Mulugu,TS
2016-09-30,14.6,28.7,24.3,2.36,0.417,Mulugu,TS
2016-10-01,20.3,27.9,24.0,1.75,0.426,Mulugu,TS
2016-10-02,3.0,29.7,23.5,3.16,0.42,Mulugu,TS
2016-10-03,1.0,30.4,24.0,4.05,0.407,Mulugu,TS
2016-10-04,0.2,31.2,23.6,4.39,0.394,Mulugu,TS
2016-10-05,0.2,30.9,24.4,4.2,0.383,Mulugu,TS
2016-10-06,3.4,29.9,24.7,3.33,0.387,Mulugu,TS
2016-10-07,8.1,30.0,25.2,2.79,0.403,Mulugu,TS
2016-10-08,18.7,27.7,23.7,1.5,0.424,Mulugu,TS
2016-10-09,30.4,28.7,23.8,1.78,0.428,Mulugu,TS
2016-10-10,0.6,30.9,24.2,3.8,0.412,Mulugu,TS
2016-10-11,0.0,32.3,24.4,4.63,0.396,Mulugu,TS
2016-10-12,0.0,31.6,22.8,4.5,0.383,Mulugu,TS
2016-10-13,0.0,30.9,21.7,4.31,0.374,Mulugu,TS
2016-10-14,0.0,31.4,20.2,4.8,0.365,Mulugu,TS
2016-10-15,0.0,30.4,21.3,4.18,0.357,Mulugu,TS
2016-10-16,0.0,30.3,21.7,4.23,0.349,Mulugu,TS
2016-10-17,0.0,30.5,19.5,4.9,0.341,Mulugu,TS
2016-10-18,0.0,30.7,19.6,4.85,0.333,Mulugu,TS
2016-10-19,0.0,30.8,20.7,4.95,0.324,Mulugu,TS
2016-10-20,0.0,30.9,19.4,5.02,0.317,Mulugu,TS
2016-10-21,0.0,30.6,19.2,4.8,0.31,Mulugu,TS
2016-10-22,0.0,30.6,19.7,4.73,0.302,Mulugu,TS
2016-10-23,0.0,30.6,20.1,4.42,0.296,Mulugu,TS
2016-10-24,0.0,30.7,19.3,4.23,0.29,Mulugu,TS
2016-10-25,0.0,30.4,20.6,4.27,0.284,Mulugu,TS
2016-10-26,0.0,30.9,21.0,4.74,0.278,Mulugu,TS
2016-10-27,0.0,30.7,18.8,5.33,0.271,Mulugu,TS
2016-10-28,0.0,30.5,21.6,4.46,0.263,Mulugu,TS
2016-10-29,0.9,29.5,23.2,3.03,0.262,Mulugu,TS
2016-10-30,0.5,30.2,23.3,3.26,0.268,Mulugu,TS
2016-10-31,0.9,30.4,22.9,3.29,0.27,Mulugu,TS
2016-11-01,0.0,30.9,21.6,4.42,0.267,Mulugu,TS
2016-11-02,0.0,30.6,21.4,4.28,0.258,Mulugu,TS
2016-11-03,0.0,31.3,21.0,4.39,0.251,Mulugu,TS
2016-11-04,0.0,30.0,22.3,4.44,0.244,Mulugu,TS
2016-11-05,0.5,28.8,22.8,3.61,0.242,Mulugu,TS
2016-11-06,0.0,29.7,22.0,3.71,0.24,Mulugu,TS
2016-11-07,0.0,30.3,18.0,4.9,0.234,Mulugu,TS
2016-11-08,0.0,30.0,19.3,4.49,0.227,Mulugu,TS
2016-11-09,0.0,29.6,18.8,4.42,0.221,Mulugu,TS
2016-11-10,0.0,29.5,16.4,4.56,0.216,Mulugu,TS
2016-11-11,0.0,29.6,16.3,4.37,0.211,Mulugu,TS
2016-11-12,0.0,29.0,16.7,3.86,0.207,Mulugu,TS
2016-11-13,0.0,29.7,18.6,3.76,0.203,Mulugu,TS
2016-11-14,0.0,30.1,20.1,3.42,0.2,Mulugu,TS
2016-11-15,0.0,30.8,21.6,3.79,0.197,Mulugu,TS
2016-11-16,0.0,30.6,21.0,3.78,0.193,Mulugu,TS
2016-11-17,0.0,30.1,21.6,3.78,0.19,Mulugu,TS
2016-11-18,0.0,29.6,19.3,4.6,0.186,Mulugu,TS
2016-11-19,0.0,29.3,16.5,4.02,0.182,Mulugu,TS
2016-11-20,0.0,29.6,16.1,4.07,0.179,Mulugu,TS
2016-11-21,0.0,29.8,17.4,4.06,0.176,Mulugu,TS
2016-11-22,0.0,30.0,16.4,4.24,0.173,Mulugu,TS
2016-11-23,0.0,29.9,16.8,4.06,0.17,Mulugu,TS
2016-11-24,0.0,29.5,16.5,3.94,0.168,Mulugu,TS
2016-11-25,0.0,29.7,16.8,4.19,0.165,Mulugu,TS
2016-11-26,0.0,30.2,15.9,4.31,0.163,Mulugu,TS
2016-11-27,0.0,30.9,16.1,4.75,0.16,Mulugu,TS
2016-11-28,0.0,30.8,16.3,4.56,0.158,Mulugu,TS
2016-11-29,0.0,30.6,16.5,4.22,0.155,Mulugu,TS
2016-11-30,0.0,29.3,16.3,3.67,0.153,Mulugu,TS
2016-12-01,0.0,29.7,17.6,3.78,0.152,Mulugu,TS
2016-12-02,0.0,29.5,18.2,3.37,0.151,Mulugu,TS
2016-12-03,0.9,29.3,22.0,2.69,0.154,Mulugu,TS
2016-12-04,0.1,29.1,21.3,2.78,0.168,Mulugu,TS
2016-12-05,0.0,29.6,20.1,4.09,0.166,Mulugu,TS
2016-12-06,0.0,28.3,18.8,3.63,0.162,Mulugu,TS
2016-12-07,0.0,29.0,17.5,3.89,0.159,Mulugu,TS
2016-12-08,0.0,28.6,16.2,4.16,0.156,Mulugu,TS
2016-12-09,0.0,28.1,15.4,4.26,0.153,Mulugu,TS
2016-12-10,0.0,28.0,15.8,4.33,0.151,Mulugu,TS
2016-12-11,0.0,28.7,16.7,4.13,0.148,Mulugu,TS
2016-12-12,0.0,29.6,19.5,3.76,0.146,Mulugu,TS
2016-12-13,0.0,28.7,20.4,2.84,0.145,Mulugu,TS
2016-12-14,0.0,28.1,21.3,2.54,0.145,Mulugu,TS
2016-12-15,0.0,29.4,20.7,2.96,0.145,Mulugu,TS
2016-12-16,0.0,29.5,20.1,3.4,0.144,Mulugu,TS
2016-12-17,0.0,29.3,18.7,4.58,0.142,Mulugu,TS
2016-12-18,0.0,28.4,15.2,4.32,0.14,Mulugu,TS
2016-12-19,0.0,28.4,15.0,4.02,0.139,Mulugu,TS
2016-12-20,0.0,28.6,14.4,4.04,0.138,Mulugu,TS
2016-12-21,0.0,28.7,14.3,4.34,0.137,Mulugu,TS
2016-12-22,0.0,29.1,13.9,4.48,0.136,Mulugu,TS
2016-12-23,0.0,28.4,13.8,4.56,0.135,Mulugu,TS
2016-12-24,0.0,28.5,14.7,3.86,0.134,Mulugu,TS
2016-12-25,0.0,28.3,15.1,3.53,0.133,Mulugu,TS
2016-12-26,0.0,28.9,15.3,3.94,0.133,Mulugu,TS
2016-12-27,0.0,28.3,14.5,4.29,0.132,Mulugu,TS
2016-12-28,0.0,28.2,15.0,3.85,0.132,Mulugu,TS
2016-12-29,0.0,28.6,16.8,3.76,0.131,Mulugu,TS
2016-12-30,0.0,29.1,15.5,3.69,0.131,Mulugu,TS
2016-12-31,0.0,28.5,16.9,3.47,0.13,Mulugu,TS
2017-01-01,0.0,28.8,18.8,3.71,0.139,Mulugu,TS
2017-01-02,0.0,29.0,18.0,3.74,0.144,Mulugu,TS
2017-01-03,0.0,27.8,17.6,4.1,0.144,Mulugu,TS
2017-01-04,0.0,27.4,15.7,3.92,0.143,Mulugu,TS
2017-01-05,0.0,28.0,15.1,4.02,0.143,Mulugu,TS
2017-01-06,0.0,28.0,15.0,3.95,0.141,Mulugu,TS
2017-01-07,0.0,28.5,17.0,3.91,0.141,Mulugu,TS
2017-01-08,0.0,28.6,18.3,3.77,0.141,Mulugu,TS
2017-01-09,0.0,28.6,18.8,3.92,0.143,Mulugu,TS
2017-01-10,0.0,28.8,19.0,4.06,0.143,Mulugu,TS
2017-01-11,0.0,27.5,17.7,4.19,0.142,Mulugu,TS
2017-01-12,0.0,26.7,15.5,4.06,0.139,Mulugu,TS
2017-01-13,0.0,27.4,14.8,4.0,0.14,Mulugu,TS
2017-01-14,0.0,27.5,15.5,3.97,0.141,Mulugu,TS
2017-01-15,0.0,28.5,15.1,4.08,0.141,Mulugu,TS
2017-01-16,0.0,29.0,16.1,3.97,0.141,Mulugu,TS
2017-01-17,0.0,29.0,16.6,4.0,0.14,Mulugu,TS
2017-01-18,0.0,29.3,17.5,4.46,0.14,Mulugu,TS
2017-01-19,0.0,28.8,16.9,4.05,0.14,Mulugu,TS
2017-01-20,0.0,30.2,16.0,4.37,0.141,Mulugu,TS
2017-01-21,0.0,30.1,17.5,4.24,0.14,Mulugu,TS
2017-01-22,0.0,31.0,18.4,4.25,0.138,Mulugu,TS
2017-01-23,0.0,31.4,19.2,4.52,0.136,Mulugu,TS
2017-01-24,0.0,30.9,18.0,4.37,0.135,Mulugu,TS
2017-01-25,0.0,29.9,18.2,4.29,0.136,Mulugu,TS
2017-01-26,0.5,28.1,19.5,2.93,0.137,Mulugu,TS
2017-01-27,0.0,29.3,20.1,3.37,0.138,Mulugu,TS
2017-01-28,0.0,30.4,19.6,4.51,0.137,Mulugu,TS
2017-01-29,0.0,30.1,17.2,4.85,0.136,Mulugu,TS
2017-01-30,0.0,30.5,16.3,4.56,0.134,Mulugu,TS
2017-01-31,0.0,31.0,17.8,4.37,0.133,Mulugu,TS
2017-02-01,0.0,31.5,18.0,4.48,0.136,Mulugu,TS
2017-02-02,0.0,31.1,18.6,4.33,0.138,Mulugu,TS
2017-02-03,0.0,31.1,19.2,4.52,0.136,Mulugu,TS
2017-02-04,0.0,31.6,18.1,5.0,0.135,Mulugu,TS
2017-02-05,0.0,30.5,19.2,4.34,0.133,Mulugu,TS
2017-02-06,0.0,31.8,18.9,4.88,0.129,Mulugu,TS
2017-02-07,0.0,32.2,19.1,5.08,0.126,Mulugu,TS
2017-02-08,0.0,32.6,19.3,4.91,0.124,Mulugu,TS
2017-02-09,0.0,32.4,19.8,4.81,0.121,Mulugu,TS
2017-02-10,0.0,32.4,19.7,5.05,0.123,Mulugu,TS
2017-02-11,0.0,31.9,19.7,5.52,0.126,Mulugu,TS
2017-02-12,0.0,30.5,18.9,4.75,0.128,Mulugu,TS
2017-02-13,0.0,30.5,19.5,4.55,0.13,Mulugu,TS
2017-02-14,0.0,31.6,20.2,4.77,0.129,Mulugu,TS
2017-02-15,0.0,31.9,20.1,4.92,0.127,Mulugu,TS
2017-02-16,0.0,32.3,19.0,5.1,0.127,Mulugu,TS
2017-02-17,0.0,33.2,18.6,5.08,0.126,Mulugu,TS
2017-02-18,0.0,33.6,18.6,5.08,0.122,Mulugu,TS
2017-02-19,0.0,33.8,20.0,5.62,0.121,Mulugu,TS
2017-02-20,0.0,34.7,19.3,5.74,0.122,Mulugu,TS
2017-02-21,0.0,35.3,21.8,5.87,0.12,Mulugu,TS
2017-02-22,0.0,35.2,22.0,5.72,0.12,Mulugu,TS
2017-02-23,0.0,35.1,21.9,5.83,0.121,Mulugu,TS
2017-02-24,0.0,35.3,21.1,6.0,0.121,Mulugu,TS
2017-02-25,0.0,33.2,19.4,6.23,0.121,Mulugu,TS
2017-02-26,0.0,34.2,18.7,6.27,0.121,Mulugu,TS
2017-02-27,0.0,33.7,19.6,5.33,0.121,Mulugu,TS
2017-02-28,0.0,35.2,19.7,5.99,0.121,Mulugu,TS
2017-03-01,0.0,34.4,19.6,5.78,0.121,Mulugu,TS
2017-03-02,0.0,34.8,21.4,6.46,0.123,Mulugu,TS
2017-03-03,0.0,35.3,20.7,6.75,0.123,Mulugu,TS
2017-03-04,0.0,34.2,19.9,6.16,0.123,Mulugu,TS
2017-03-05,0.0,33.7,23.2,5.07,0.125,Mulugu,TS
2017-03-06,0.0,33.2,23.8,4.93,0.126,Mulugu,TS
2017-03-07,2.2,32.0,24.3,4.28,0.132,Mulugu,TS
2017-03-08,0.2,34.3,24.0,5.79,0.131,Mulugu,TS
2017-03-09,0.0,34.0,23.9,5.29,0.129,Mulugu,TS
2017-03-10,1.3,34.4,24.5,4.98,0.137,Mulugu,TS
2017-03-11,0.0,32.5,22.8,6.13,0.143,Mulugu,TS
2017-03-12,0.0,32.4,20.3,6.14,0.137,Mulugu,TS
2017-03-13,0.0,34.2,19.2,5.94,0.132,Mulugu,TS
2017-03-14,0.0,32.8,22.6,5.18,0.129,Mulugu,TS
2017-03-15,0.0,33.0,23.6,5.0,0.128,Mulugu,TS
2017-03-16,5.9,31.9,24.5,4.73,0.139,Mulugu,TS
2017-03-17,0.0,33.2,22.5,5.15,0.138,Mulugu,TS
2017-03-18,0.0,35.2,23.4,6.33,0.139,Mulugu,TS
2017-03-19,0.0,35.4,23.0,6.22,0.138,Mulugu,TS
2017-03-20,0.0,35.2,22.9,6.4,0.137,Mulugu,TS
2017-03-21,0.0,35.3,21.9,6.44,0.133,Mulugu,TS
2017-03-22,0.0,35.3,21.6,6.21,0.131,Mulugu,TS
2017-03-23,0.0,36.6,22.8,6.25,0.131,Mulugu,TS
2017-03-24,0.0,37.4,24.0,6.53,0.128,Mulugu,TS
2017-03-25,0.0,37.9,24.7,6.77,0.125,Mulugu,TS
2017-03-26,0.0,37.5,24.0,6.29,0.124,Mulugu,TS
2017-03-27,0.0,37.3,24.9,6.55,0.123,Mulugu,TS
2017-03-28,0.0,36.9,24.6,6.6,0.123,Mulugu,TS
2017-03-29,0.0,38.1,24.2,6.59,0.126,Mulugu,TS
2017-03-30,0.0,38.6,24.7,6.88,0.126,Mulugu,TS
2017-03-31,0.0,38.8,25.1,6.9,0.127,Mulugu,TS
2017-04-01,0.2,38.3,25.2,6.28,0.132,Mulugu,TS
2017-04-02,5.6,38.0,26.2,6.7,0.14,Mulugu,TS
2017-04-03,0.4,37.7,25.3,6.34,0.129,Mulugu,TS
2017-04-04,0.5,37.0,24.9,6.32,0.13,Mulugu,TS
2017-04-05,0.6,36.2,25.8,5.84,0.131,Mulugu,TS
2017-04-06,4.4,37.8,26.4,6.05,0.137,Mulugu,TS
2017-04-07,0.1,37.5,26.8,6.35,0.135,Mulugu,TS
2017-04-08,0.2,37.7,27.0,6.25,0.13,Mulugu,TS
2017-04-09,0.0,38.8,26.4,6.6,0.123,Mulugu,TS
2017-04-10,0.0,39.4,25.3,6.98,0.122,Mulugu,TS
2017-04-11,0.0,39.6,23.4,7.8,0.124,Mulugu,TS
2017-04-12,0.0,39.1,21.1,7.29,0.121,Mulugu,TS
2017-04-13,0.0,39.2,23.9,7.36,0.119,Mulugu,TS
2017-04-14,0.0,38.6,24.9,7.13,0.119,Mulugu,TS
2017-04-15,0.0,38.6,23.8,6.89,0.119,Mulugu,TS
2017-04-16,0.0,40.7,25.3,7.75,0.12,Mulugu,TS
2017-04-17,1.2,39.5,24.9,6.82,0.126,Mulugu,TS
2017-04-18,0.0,39.9,25.8,7.15,0.131,Mulugu,TS
2017-04-19,0.0,39.1,26.1,6.83,0.13,Mulugu,TS
2017-04-20,0.0,39.8,26.6,6.8,0.129,Mulugu,TS
2017-04-21,0.0,39.6,27.5,6.79,0.136,Mulugu,TS
2017-04-22,0.0,40.1,26.4,7.4,0.131,Mulugu,TS
2017-04-23,0.0,39.7,26.8,8.02,0.129,Mulugu,TS
2017-04-24,0.0,39.3,25.6,7.6,0.126,Mulugu,TS
2017-04-25,0.0,38.9,25.3,7.47,0.123,Mulugu,TS
2017-04-26,0.0,39.9,26.3,7.77,0.119,Mulugu,TS
2017-04-27,0.0,38.3,27.9,7.14,0.119,Mulugu,TS
2017-04-28,0.0,38.2,27.5,6.38,0.114,Mulugu,TS
2017-04-29,0.1,39.4,26.8,6.98,0.112,Mulugu,TS
2017-04-30,0.0,36.8,26.1,5.86,0.115,Mulugu,TS
2017-05-01,2.8,35.6,26.3,5.82,0.133,Mulugu,TS
2017-05-02,0.1,36.0,25.4,6.23,0.138,Mulugu,TS
2017-05-03,2.4,37.0,26.4,6.28,0.138,Mulugu,TS
2017-05-04,0.0,38.6,26.2,6.82,0.134,Mulugu,TS
2017-05-05,0.8,39.8,26.9,6.73,0.131,Mulugu,TS
2017-05-06,0.2,38.6,27.0,6.99,0.13,Mulugu,TS
2017-05-07,0.5,37.4,26.7,6.61,0.137,Mulugu,TS
2017-05-08,2.3,37.2,27.3,6.22,0.156,Mulugu,TS
2017-05-09,0.3,37.4,27.4,6.69,0.177,Mulugu,TS
2017-05-10,6.4,36.6,26.7,6.22,0.173,Mulugu,TS
2017-05-11,2.9,36.3,27.1,6.28,0.187,Mulugu,TS
2017-05-12,2.3,38.0,27.1,6.14,0.174,Mulugu,TS
2017-05-13,0.0,39.0,27.7,6.85,0.159,Mulugu,TS
2017-05-14,1.4,40.0,28.7,6.73,0.151,Mulugu,TS
2017-05-15,0.0,42.1,30.0,7.76,0.139,Mulugu,TS
2017-05-16,0.0,42.8,31.0,8.64,0.135,Mulugu,TS
2017-05-17,0.0,42.1,29.8,8.29,0.135,Mulugu,TS
2017-05-18,0.0,42.5,30.8,8.98,0.133,Mulugu,TS
2017-05-19,0.0,42.2,29.2,7.92,0.127,Mulugu,TS
2017-05-20,0.0,41.8,30.0,7.95,0.126,Mulugu,TS
2017-05-21,0.0,41.4,29.0,7.42,0.124,Mulugu,TS
2017-05-22,0.0,42.1,27.8,7.57,0.123,Mulugu,TS
2017-05-23,0.0,42.1,29.7,7.55,0.122,Mulugu,TS
2017-05-24,0.0,40.3,29.0,6.92,0.118,Mulugu,TS
2017-05-25,0.2,40.5,30.3,7.03,0.116,Mulugu,TS
2017-05-26,0.9,40.7,30.3,6.96,0.119,Mulugu,TS
2017-05-27,0.5,40.3,28.5,6.98,0.13,Mulugu,TS
2017-05-28,0.0,39.2,27.4,6.91,0.144,Mulugu,TS
2017-05-29,0.0,38.7,27.3,7.06,0.144,Mulugu,TS
2017-05-30,0.1,38.4,30.7,8.21,0.143,Mulugu,TS
2017-05-31,0.0,38.8,30.7,7.59,0.137,Mulugu,TS
2017-06-01,0.0,39.2,29.7,7.29,0.129,Mulugu,TS
2017-06-02,0.0,38.8,29.5,7.22,0.122,Mulugu,TS
2017-06-03,0.7,39.4,29.3,6.57,0.119,Mulugu,TS
2017-06-04,14.1,36.7,26.1,4.55,0.266,Mulugu,TS
2017-06-05,5.7,39.2,28.0,6.25,0.25,Mulugu,TS
2017-06-06,10.4,35.8,25.9,4.81,0.332,Mulugu,TS
2017-06-07,5.9,32.5,26.5,4.47,0.329,Mulugu,TS
2017-06-08,5.2,33.4,24.9,4.44,0.341,Mulugu,TS
2017-06-09,3.5,33.8,25.1,5.39,0.333,Mulugu,TS
2017-06-10,2.4,33.1,25.6,4.37,0.372,Mulugu,TS
2017-06-11,5.8,33.6,26.5,4.32,0.374,Mulugu,TS
2017-06-12,10.7,31.3,25.9,3.56,0.397,Mulugu,TS
2017-06-13,12.0,29.0,25.5,2.64,0.41,Mulugu,TS
2017-06-14,32.0,31.6,24.2,2.97,0.419,Mulugu,TS
2017-06-15,12.7,31.8,25.8,3.8,0.416,Mulugu,TS
2017-06-16,21.7,29.1,24.9,1.84,0.419,Mulugu,TS
2017-06-17,0.0,32.0,25.3,4.29,0.395,Mulugu,TS
2017-06-18,6.7,32.3,26.8,4.19,0.389,Mulugu,TS
2017-06-19,8.5,30.6,25.7,2.9,0.4,Mulugu,TS
2017-06-20,4.3,31.2,26.2,3.97,0.395,Mulugu,TS
2017-06-21,0.8,32.8,25.9,5.03,0.374,Mulugu,TS
2017-06-22,0.5,32.6,26.3,5.3,0.357,Mulugu,TS
2017-06-23,9.1,31.3,26.3,4.37,0.375,Mulugu,TS
2017-06-24,12.6,31.5,25.2,3.48,0.4,Mulugu,TS
2017-06-25,10.3,31.3,25.4,3.54,0.398,Mulugu,TS
2017-06-26,16.1,28.7,24.5,1.92,0.421,Mulugu,TS
2017-06-27,13.9,29.3,24.6,1.98,0.42,Mulugu,TS
2017-06-28,7.5,28.8,24.5,2.42,0.417,Mulugu,TS
2017-06-29,5.4,30.8,25.1,3.76,0.408,Mulugu,TS
2017-06-30,0.2,31.2,25.6,3.93,0.397,Mulugu,TS
2017-07-01,4.5,30.1,25.3,2.75,0.406,Mulugu,TS
2017-07-02,9.0,29.4,25.1,2.6,0.412,Mulugu,TS
2017-07-03,3.4,30.2,24.6,2.67,0.408,Mulugu,TS
2017-07-04,0.4,31.1,26.6,4.33,0.385,Mulugu,TS
2017-07-05,0.1,31.0,26.4,4.8,0.372,Mulugu,TS
2017-07-06,11.7,30.5,24.7,3.14,0.398,Mulugu,TS
2017-07-07,2.0,31.8,25.5,3.74,0.398,Mulugu,TS
2017-07-08,0.8,32.2,26.1,4.46,0.388,Mulugu,TS
2017-07-09,1.9,31.4,25.1,3.29,0.389,Mulugu,TS
2017-07-10,11.5,31.9,26.1,4.07,0.397,Mulugu,TS
2017-07-11,5.8,28.8,24.4,2.07,0.41,Mulugu,TS
2017-07-12,4.9,30.5,24.5,2.54,0.398,Mulugu,TS
2017-07-13,3.0,28.0,24.5,2.3,0.39,Mulugu,TS
2017-07-14,17.2,28.8,24.1,2.55,0.408,Mulugu,TS
2017-07-15,15.3,30.0,24.1,2.95,0.412,Mulugu,TS
2017-07-16,13.7,27.5,24.5,1.68,0.411,Mulugu,TS
2017-07-17,15.1,26.0,23.9,1.6,0.426,Mulugu,TS
2017-07-18,40.8,27.5,23.8,1.83,0.428,Mulugu,TS
2017-07-19,19.7,29.4,24.0,3.39,0.426,Mulugu,TS
2017-07-20,1.8,31.2,24.8,4.04,0.411,Mulugu,TS
2017-07-21,0.0,32.4,26.2,5.45,0.392,Mulugu,TS
2017-07-22,0.0,32.5,26.5,5.47,0.378,Mulugu,TS
2017-07-23,0.1,31.9,26.4,5.61,0.364,Mulugu,TS
2017-07-24,0.1,31.4,26.4,4.54,0.353,Mulugu,TS
2017-07-25,0.1,31.9,26.1,4.96,0.344,Mulugu,TS
2017-07-26,0.0,31.5,26.4,5.32,0.332,Mulugu,TS
2017-07-27,0.4,31.0,26.3,4.95,0.322,Mulugu,TS
2017-07-28,1.0,31.7,26.2,4.11,0.318,Mulugu,TS
2017-07-29,0.1,31.5,25.6,3.38,0.319,Mulugu,TS
2017-07-30,9.6,31.5,26.1,3.98,0.334,Mulugu,TS
2017-07-31,0.7,32.3,25.9,5.11,0.324,Mulugu,TS
2017-08-01,0.1,32.6,26.7,5.05,0.307,Mulugu,TS
2017-08-02,8.6,30.8,26.3,3.55,0.345,Mulugu,TS
2017-08-03,0.1,31.6,26.7,4.59,0.343,Mulugu,TS
2017-08-04,0.2,30.5,26.4,3.82,0.323,Mulugu,TS
2017-08-05,6.9,28.7,25.4,2.01,0.345,Mulugu,TS
2017-08-06,2.8,29.9,25.2,3.67,0.345,Mulugu,TS
2017-08-07,2.3,31.2,24.7,4.05,0.338,Mulugu,TS
2017-08-08,17.5,30.1,25.0,2.33,0.382,Mulugu,TS
2017-08-09,13.7,26.5,25.1,1.32,0.407,Mulugu,TS
2017-08-10,3.0,31.1,24.0,3.96,0.397,Mulugu,TS
2017-08-11,3.2,30.2,25.2,3.55,0.394,Mulugu,TS
2017-08-12,12.4,28.3,25.0,1.84,0.404,Mulugu,TS
2017-08-13,14.7,29.9,25.2,2.65,0.401,Mulugu,TS
2017-08-14,9.3,28.8,24.4,2.69,0.403,Mulugu,TS
2017-08-15,12.6,29.9,24.4,3.05,0.401,Mulugu,TS
2017-08-16,5.0,31.0,25.0,3.36,0.393,Mulugu,TS
2017-08-17,9.0,29.8,25.4,2.73,0.397,Mulugu,TS
2017-08-18,31.8,28.1,23.9,1.99,0.421,Mulugu,TS
2017-08-19,83.2,25.4,24.0,1.05,0.429,Mulugu,TS
2017-08-20,10.9,29.0,23.3,3.43,0.417,Mulugu,TS
2017-08-21,0.4,30.5,23.9,4.53,0.401,Mulugu,TS
2017-08-22,0.4,31.2,24.4,4.17,0.39,Mulugu,TS
2017-08-23,7.1,30.4,24.9,3.33,0.406,Mulugu,TS
2017-08-24,15.3,29.2,24.9,3.46,0.418,Mulugu,TS
2017-08-25,15.1,28.4,24.6,2.52,0.42,Mulugu,TS
2017-08-26,9.0,29.2,24.2,2.85,0.419,Mulugu,TS
2017-08-27,11.4,29.2,24.6,2.49,0.417,Mulugu,TS
2017-08-28,9.1,27.9,24.4,1.99,0.424,Mulugu,TS
2017-08-29,7.0,28.0,24.0,2.13,0.424,Mulugu,TS
2017-08-30,1.4,31.8,24.7,4.42,0.408,Mulugu,TS
2017-08-31,0.6,32.1,25.6,4.63,0.391,Mulugu,TS
2017-09-01,0.4,31.9,25.3,4.65,0.378,Mulugu,TS
2017-09-02,0.6,32.3,24.3,5.04,0.366,Mulugu,TS
2017-09-03,1.5,32.2,24.9,4.52,0.356,Mulugu,TS
2017-09-04,2.3,31.5,25.8,4.06,0.356,Mulugu,TS
2017-09-05,5.1,31.4,25.3,3.4,0.377,Mulugu,TS
2017-09-06,14.9,31.9,25.3,3.62,0.405,Mulugu,TS
2017-09-07,26.9,31.7,23.8,3.93,0.421,Mulugu,TS
2017-09-08,1.0,31.7,24.3,4.2,0.407,Mulugu,TS
2017-09-09,0.1,31.8,25.0,4.32,0.387,Mulugu,TS
2017-09-10,0.2,32.4,25.6,4.67,0.374,Mulugu,TS
2017-09-11,5.3,32.4,26.0,4.47,0.368,Mulugu,TS
2017-09-12,0.0,32.2,25.4,4.26,0.359,Mulugu,TS
2017-09-13,0.1,32.1,25.5,4.42,0.35,Mulugu,TS
2017-09-14,8.4,30.5,25.2,2.81,0.369,Mulugu,TS
2017-09-15,8.0,31.1,24.4,3.79,0.383,Mulugu,TS
2017-09-16,3.1,31.3,24.9,4.06,0.373,Mulugu,TS
2017-09-17,16.4,31.2,25.7,3.21,0.394,Mulugu,TS
2017-09-18,6.4,29.0,25.0,3.15,0.406,Mulugu,TS
2017-09-19,0.1,31.5,24.9,4.61,0.39,Mulugu,TS
2017-09-20,0.5,28.7,25.3,2.99,0.385,Mulugu,TS
2017-09-21,0.5,29.7,25.1,3.7,0.374,Mulugu,TS
2017-09-22,1.0,30.0,24.0,3.64,0.387,Mulugu,TS
2017-09-23,0.0,31.2,24.5,4.19,0.373,Mulugu,TS
2017-09-24,2.2,32.4,24.8,4.15,0.363,Mulugu,TS
2017-09-25,4.7,31.8,25.0,3.44,0.372,Mulugu,TS
2017-09-26,6.9,32.5,25.3,4.12,0.37,Mulugu,TS
2017-09-27,0.3,32.1,25.0,3.69,0.363,Mulugu,TS
2017-09-28,22.6,30.6,24.6,3.39,0.419,Mulugu,TS
2017-09-29,8.8,29.7,24.3,3.3,0.416,Mulugu,TS
2017-09-30,4.8,31.0,24.9,3.1,0.407,Mulugu,TS
2017-10-01,8.0,31.0,25.1,3.37,0.405,Mulugu,TS
2017-10-02,7.3,30.2,25.0,3.27,0.398,Mulugu,TS
2017-10-03,6.2,29.9,24.2,2.91,0.409,Mulugu,TS
2017-10-04,13.2,30.2,24.8,2.82,0.415,Mulugu,TS
2017-10-05,13.0,29.8,24.4,2.66,0.418,Mulugu,TS
2017-10-06,1.8,29.9,24.2,3.19,0.412,Mulugu,TS
2017-10-07,18.3,29.4,24.0,2.76,0.422,Mulugu,TS
2017-10-08,5.1,29.3,23.9,2.72,0.418,Mulugu,TS
2017-10-09,1.5,29.5,24.4,3.16,0.408,Mulugu,TS
2017-10-10,3.4,30.1,24.2,3.09,0.412,Mulugu,TS
2017-10-11,4.2,29.6,23.6,2.94,0.407,Mulugu,TS
2017-10-12,0.5,30.9,24.4,3.59,0.404,Mulugu,TS
2017-10-13,5.4,29.5,24.5,3.07,0.412,Mulugu,TS
2017-10-14,9.3,30.9,24.2,3.25,0.413,Mulugu,TS
2017-10-15,10.7,30.4,24.4,2.98,0.409,Mulugu,TS
2017-10-16,0.3,32.7,24.9,4.2,0.396,Mulugu,TS
2017-10-17,0.0,32.8,23.6,4.68,0.381,Mulugu,TS
2017-10-18,0.0,32.5,21.7,5.14,0.367,Mulugu,TS
2017-10-19,0.0,31.3,22.0,4.28,0.356,Mulugu,TS
2017-10-20,5.1,27.7,24.5,2.34,0.378,Mulugu,TS
2017-10-21,0.6,29.9,24.1,3.2,0.379,Mulugu,TS
2017-10-22,4.2,31.6,23.6,3.99,0.363,Mulugu,TS
2017-10-23,1.1,31.2,23.9,3.58,0.357,Mulugu,TS
2017-10-24,0.6,31.1,24.6,3.77,0.35,Mulugu,TS
2017-10-25,0.2,31.0,24.0,3.94,0.341,Mulugu,TS
2017-10-26,0.1,30.5,22.7,3.61,0.329,Mulugu,TS
2017-10-27,0.0,31.0,23.0,3.83,0.318,Mulugu,TS
2017-10-28,0.0,30.9,22.5,4.43,0.309,Mulugu,TS
2017-10-29,0.0,29.8,20.9,3.8,0.302,Mulugu,TS
2017-10-30,0.0,30.7,20.8,4.7,0.295,Mulugu,TS
2017-10-31,0.0,30.5,19.7,4.6,0.287,Mulugu,TS
2017-11-01,0.0,30.5,19.5,4.6,0.28,Mulugu,TS
2017-11-02,0.0,29.5,19.3,4.44,0.274,Mulugu,TS
2017-11-03,0.0,29.6,20.4,4.42,0.268,Mulugu,TS
2017-11-04,0.0,29.7,18.4,4.43,0.262,Mulugu,TS
2017-11-05,0.0,30.8,19.6,4.43,0.255,Mulugu,TS
2017-11-06,0.0,30.7,19.6,4.42,0.246,Mulugu,TS
2017-11-07,0.0,30.5,19.3,4.23,0.24,Mulugu,TS
2017-11-08,0.0,30.2,19.8,4.17,0.235,Mulugu,TS
2017-11-09,0.0,29.9,19.8,4.33,0.23,Mulugu,TS
2017-11-10,0.0,29.8,18.2,4.44,0.227,Mulugu,TS
2017-11-11,0.0,29.2,17.7,4.51,0.223,Mulugu,TS
2017-11-12,0.0,29.3,18.0,4.22,0.22,Mulugu,TS
2017-11-13,0.0,30.0,19.5,4.38,0.215,Mulugu,TS
2017-11-14,0.0,31.1,21.6,4.01,0.211,Mulugu,TS
2017-11-15,0.0,30.7,23.4,4.26,0.205,Mulugu,TS
2017-11-16,0.3,29.8,21.9,3.84,0.203,Mulugu,TS
2017-11-17,0.1,29.9,22.2,3.33,0.205,Mulugu,TS
2017-11-18,0.0,29.9,21.8,3.32,0.203,Mulugu,TS
2017-11-19,0.0,30.5,23.1,3.18,0.201,Mulugu,TS
2017-11-20,0.0,31.7,21.7,3.81,0.195,Mulugu,TS
2017-11-21,0.3,31.6,22.4,3.42,0.193,Mulugu,TS
2017-11-22,0.0,31.1,22.8,3.73,0.188,Mulugu,TS
2017-11-23,0.3,30.3,23.3,3.48,0.183,Mulugu,TS
2017-11-24,0.2,30.3,22.1,3.41,0.181,Mulugu,TS
2017-11-25,0.0,30.1,19.7,3.94,0.178,Mulugu,TS
2017-11-26,0.0,29.7,18.6,3.93,0.176,Mulugu,TS
2017-11-27,0.0,29.5,18.0,4.11,0.173,Mulugu,TS
2017-11-28,0.0,29.4,16.8,4.04,0.17,Mulugu,TS
2017-11-29,0.0,28.8,17.0,3.78,0.168,Mulugu,TS
2017-11-30,0.0,29.5,16.9,3.77,0.166,Mulugu,TS
2017-12-01,0.0,28.8,17.6,3.66,0.165,Mulugu,TS
2017-12-02,0.0,28.5,17.5,3.86,0.163,Mulugu,TS
2017-12-03,0.0,27.6,16.3,3.45,0.163,Mulugu,TS
2017-12-04,0.0,28.0,17.5,3.47,0.163,Mulugu,TS
2017-12-05,0.0,28.7,18.2,3.68,0.162,Mulugu,TS
2017-12-06,0.0,29.0,18.8,3.51,0.162,Mulugu,TS
2017-12-07,0.0,30.5,18.5,3.9,0.161,Mulugu,TS
2017-12-08,0.0,30.5,18.2,4.35,0.161,Mulugu,TS
2017-12-09,0.0,29.9,19.4,4.26,0.157,Mulugu,TS
2017-12-10,0.0,28.7,17.8,4.29,0.155,Mulugu,TS
2017-12-11,0.0,28.7,15.3,3.91,0.152,Mulugu,TS
2017-12-12,0.0,29.2,18.2,3.5,0.152,Mulugu,TS
2017-12-13,0.0,30.2,17.7,3.69,0.153,Mulugu,TS
2017-12-14,0.0,30.3,18.6,3.5,0.155,Mulugu,TS
2017-12-15,0.0,29.2,19.8,3.41,0.155,Mulugu,TS
2017-12-16,0.0,29.4,18.1,3.52,0.155,Mulugu,TS
2017-12-17,0.0,29.7,18.0,3.97,0.154,Mulugu,TS
2017-12-18,0.0,28.8,17.4,4.18,0.153,Mulugu,TS
2017-12-19,0.0,28.2,15.6,4.01,0.151,Mulugu,TS
2017-12-20,0.0,27.9,13.6,3.79,0.149,Mulugu,TS
2017-12-21,0.0,28.0,14.9,3.77,0.15,Mulugu,TS
2017-12-22,0.0,28.3,14.9,3.63,0.15,Mulugu,TS
2017-12-23,0.0,28.1,15.1,3.56,0.15,Mulugu,TS
2017-12-24,0.0,28.6,16.7,3.44,0.149,Mulugu,TS
2017-12-25,0.0,29.1,16.8,3.7,0.149,Mulugu,TS
2017-12-26,0.0,28.8,16.6,4.17,0.148,Mulugu,TS
2017-12-27,0.0,27.9,16.2,3.81,0.148,Mulugu,TS
2017-12-28,0.0,27.9,14.4,3.63,0.148,Mulugu,TS
2017-12-29,0.0,27.5,14.4,3.55,0.149,Mulugu,TS
2017-12-30,0.0,28.0,15.6,3.59,0.147,Mulugu,TS
2017-12-31,0.0,28.1,15.7,3.69,0.144,Mulugu,TS
2018-01-01,0.0,28.8,17.2,4.14,0.139,Mulugu,TS
2018-01-02,0.0,28.7,16.7,3.91,0.14,Mulugu,TS
2018-01-03,0.0,28.3,15.8,4.05,0.139,Mulugu,TS
2018-01-04,0.0,28.0,15.5,4.18,0.139,Mulugu,TS
2018-01-05,0.0,27.9,15.7,4.11,0.138,Mulugu,TS
2018-01-06,0.0,27.6,14.5,3.93,0.137,Mulugu,TS
2018-01-07,0.0,28.1,14.3,4.14,0.136,Mulugu,TS
2018-01-08,0.0,27.7,14.6,3.92,0.135,Mulugu,TS
2018-01-09,0.0,27.3,15.2,3.67,0.137,Mulugu,TS
2018-01-10,0.0,29.0,16.0,3.84,0.137,Mulugu,TS
2018-01-11,0.0,30.0,16.4,4.1,0.134,Mulugu,TS
2018-01-12,0.0,30.6,17.2,4.21,0.131,Mulugu,TS
2018-01-13,0.0,31.5,17.9,4.59,0.129,Mulugu,TS
2018-01-14,0.0,30.9,17.6,3.94,0.127,Mulugu,TS
2018-01-15,0.0,30.8,20.9,4.02,0.128,Mulugu,TS
2018-01-16,0.0,30.4,17.7,4.48,0.128,Mulugu,TS
2018-01-17,0.0,30.5,16.7,4.43,0.128,Mulugu,TS
2018-01-18,0.0,29.6,16.6,3.99,0.131,Mulugu,TS
2018-01-19,0.0,28.9,15.4,4.15,0.131,Mulugu,TS
2018-01-20,0.0,28.9,15.5,4.12,0.129,Mulugu,TS
2018-01-21,0.0,29.0,16.2,3.93,0.128,Mulugu,TS
2018-01-22,0.0,28.1,16.4,3.91,0.127,Mulugu,TS
2018-01-23,0.0,28.8,17.2,4.06,0.126,Mulugu,TS
2018-01-24,0.0,29.8,18.5,4.04,0.13,Mulugu,TS
2018-01-25,0.0,29.2,17.8,4.45,0.132,Mulugu,TS
2018-01-26,0.0,29.2,14.9,4.68,0.132,Mulugu,TS
2018-01-27,0.0,28.9,15.8,4.3,0.132,Mulugu,TS
2018-01-28,0.0,29.0,15.9,4.25,0.13,Mulugu,TS
2018-01-29,0.0,28.9,16.9,3.85,0.13,Mulugu,TS
2018-01-30,0.0,29.9,14.9,4.62,0.129,Mulugu,TS
2018-01-31,0.0,30.9,15.0,4.87,0.127,Mulugu,TS
2018-02-01,0.0,31.2,16.2,5.19,0.126,Mulugu,TS
2018-02-02,0.0,31.4,15.3,4.85,0.127,Mulugu,TS
2018-02-03,0.0,31.3,16.8,5.01,0.126,Mulugu,TS
2018-02-04,0.0,31.0,17.7,5.1,0.125,Mulugu,TS
2018-02-05,0.0,31.3,17.8,4.77,0.125,Mulugu,TS
2018-02-06,0.0,30.8,16.6,4.47,0.123,Mulugu,TS
2018-02-07,0.0,30.7,18.6,3.27,0.124,Mulugu,TS
2018-02-08,0.0,31.4,20.3,4.34,0.125,Mulugu,TS
2018-02-09,0.0,31.6,21.1,4.38,0.127,Mulugu,TS
2018-02-10,0.0,31.9,21.2,3.82,0.131,Mulugu,TS
2018-02-11,0.6,30.8,21.6,4.4,0.132,Mulugu,TS
2018-02-12,0.0,31.5,19.7,5.02,0.132,Mulugu,TS
2018-02-13,0.0,31.7,19.4,4.74,0.131,Mulugu,TS
2018-02-14,0.0,31.6,19.8,4.6,0.125,Mulugu,TS
2018-02-15,0.0,31.1,20.7,4.89,0.121,Mulugu,TS
2018-02-16,0.0,31.2,18.4,5.22,0.119,Mulugu,TS
2018-02-17,0.0,32.1,17.6,5.32,0.115,Mulugu,TS
2018-02-18,0.0,32.5,19.0,4.74,0.112,Mulugu,TS
2018-02-19,0.0,32.5,19.8,4.92,0.111,Mulugu,TS
2018-02-20,0.0,32.3,19.6,4.4,0.111,Mulugu,TS
2018-02-21,0.0,33.0,20.5,4.86,0.112,Mulugu,TS
2018-02-22,0.0,33.0,21.3,4.91,0.113,Mulugu,TS
2018-02-23,0.0,33.4,20.9,5.41,0.113,Mulugu,TS
2018-02-24,0.0,33.8,20.6,5.72,0.112,Mulugu,TS
2018-02-25,0.0,34.5,19.9,5.68,0.111,Mulugu,TS
2018-02-26,0.0,34.6,20.2,5.62,0.114,Mulugu,TS
2018-02-27,0.0,35.3,20.9,5.5,0.116,Mulugu,TS
2018-02-28,0.0,35.7,19.6,5.6,0.117,Mulugu,TS
2018-03-01,0.0,35.3,21.4,5.67,0.114,Mulugu,TS
2018-03-02,0.0,35.8,21.2,5.84,0.113,Mulugu,TS
2018-03-03,0.0,36.0,22.3,6.18,0.114,Mulugu,TS
2018-03-04,0.0,36.5,23.3,7.19,0.117,Mulugu,TS
2018-03-05,0.0,36.0,22.1,6.9,0.116,Mulugu,TS
2018-03-06,0.0,35.5,22.2,6.39,0.115,Mulugu,TS
2018-03-07,0.0,35.6,21.0,6.21,0.119,Mulugu,TS
2018-03-08,0.0,35.3,21.2,6.25,0.126,Mulugu,TS
2018-03-09,0.0,35.1,21.5,5.46,0.121,Mulugu,TS
2018-03-10,0.0,35.0,21.7,5.13,0.121,Mulugu,TS
2018-03-11,0.2,35.0,23.6,5.63,0.119,Mulugu,TS
2018-03-12,0.0,35.2,23.7,5.71,0.117,Mulugu,TS
2018-03-13,0.0,35.8,23.1,5.8,0.117,Mulugu,TS
2018-03-14,0.0,36.4,21.6,6.95,0.116,Mulugu,TS
2018-03-15,0.0,35.3,25.1,6.22,0.117,Mulugu,TS
2018-03-16,1.0,30.7,22.7,4.14,0.118,Mulugu,TS
2018-03-17,3.5,31.3,21.8,3.7,0.182,Mulugu,TS
2018-03-18,0.0,33.5,22.1,4.97,0.187,Mulugu,TS
2018-03-19,0.0,34.9,21.9,5.34,0.174,Mulugu,TS
2018-03-20,0.0,35.9,23.7,6.0,0.161,Mulugu,TS
2018-03-21,0.0,35.9,24.1,5.75,0.149,Mulugu,TS
2018-03-22,0.0,35.7,24.8,5.67,0.144,Mulugu,TS
2018-03-23,0.0,37.0,24.3,6.54,0.141,Mulugu,TS
2018-03-24,0.0,37.4,22.7,6.27,0.133,Mulugu,TS
2018-03-25,0.0,36.8,23.6,5.63,0.13,Mulugu,TS
2018-03-26,0.0,37.0,24.3,6.03,0.133,Mulugu,TS
2018-03-27,0.0,37.4,24.1,6.23,0.13,Mulugu,TS
2018-03-28,0.0,37.8,24.0,6.54,0.128,Mulugu,TS
2018-03-29,0.3,37.8,24.5,6.02,0.125,Mulugu,TS
2018-03-30,0.1,37.7,25.0,6.04,0.122,Mulugu,TS
2018-03-31,0.0,37.4,25.1,6.13,0.127,Mulugu,TS
2018-04-01,1.7,35.9,24.3,5.64,0.147,Mulugu,TS
2018-04-02,0.0,36.0,23.6,5.98,0.157,Mulugu,TS
2018-04-03,0.3,35.5,24.3,5.51,0.157,Mulugu,TS
2018-04-04,4.3,36.5,24.1,5.76,0.161,Mulugu,TS
2018-04-05,5.9,35.8,24.0,5.67,0.158,Mulugu,TS
2018-04-06,2.1,35.3,24.1,5.49,0.151,Mulugu,TS
2018-04-07,15.4,34.6,24.7,5.17,0.276,Mulugu,TS
2018-04-08,2.4,33.3,23.6,4.7,0.29,Mulugu,TS
2018-04-09,0.2,33.2,23.8,5.16,0.259,Mulugu,TS
2018-04-10,0.4,34.4,24.2,5.55,0.236,Mulugu,TS
2018-04-11,0.0,35.4,23.6,5.93,0.218,Mulugu,TS
2018-04-12,0.4,35.5,24.2,5.71,0.203,Mulugu,TS
2018-04-13,0.0,35.8,24.9,5.94,0.191,Mulugu,TS
2018-04-14,0.2,36.3,25.2,5.82,0.173,Mulugu,TS
2018-04-15,2.6,34.7,26.2,5.3,0.175,Mulugu,TS
2018-04-16,0.0,36.6,25.6,5.7,0.184,Mulugu,TS
2018-04-17,0.3,38.2,27.1,6.69,0.169,Mulugu,TS
2018-04-18,0.0,39.1,26.3,6.55,0.157,Mulugu,TS
2018-04-19,1.5,39.1,26.5,6.92,0.154,Mulugu,TS
2018-04-20,0.2,39.5,27.0,6.92,0.141,Mulugu,TS
2018-04-21,0.0,38.7,26.9,6.05,0.128,Mulugu,TS
2018-04-22,0.5,37.9,26.9,6.29,0.127,Mulugu,TS
2018-04-23,1.8,37.7,26.6,6.4,0.134,Mulugu,TS
2018-04-24,2.1,37.1,27.8,5.69,0.134,Mulugu,TS
2018-04-25,0.0,38.1,25.2,5.95,0.142,Mulugu,TS
2018-04-26,0.0,38.2,25.8,6.4,0.14,Mulugu,TS
2018-04-27,1.5,37.1,26.0,6.31,0.14,Mulugu,TS
2018-04-28,0.4,38.4,25.7,7.16,0.134,Mulugu,TS
2018-04-29,0.0,38.5,26.0,7.0,0.131,Mulugu,TS
2018-04-30,0.0,39.6,26.7,7.03,0.128,Mulugu,TS
2018-05-01,0.1,39.8,27.2,6.85,0.126,Mulugu,TS
2018-05-02,0.0,38.8,27.0,6.52,0.13,Mulugu,TS
2018-05-03,3.4,37.0,25.8,5.41,0.142,Mulugu,TS
2018-05-04,0.0,35.9,25.7,5.74,0.154,Mulugu,TS
2018-05-05,0.0,37.6,26.2,6.45,0.145,Mulugu,TS
2018-05-06,0.0,37.8,26.5,6.71,0.137,Mulugu,TS
2018-05-07,0.0,38.8,26.4,6.63,0.13,Mulugu,TS
2018-05-08,2.4,39.1,28.1,6.79,0.122,Mulugu,TS
2018-05-09,1.8,36.8,27.8,6.62,0.119,Mulugu,TS
2018-05-10,0.1,38.7,27.8,6.63,0.117,Mulugu,TS
2018-05-11,0.1,38.8,27.9,6.5,0.12,Mulugu,TS
2018-05-12,0.1,38.4,27.7,6.71,0.121,Mulugu,TS
2018-05-13,0.7,36.9,27.7,6.08,0.115,Mulugu,TS
2018-05-14,2.5,36.9,26.9,6.34,0.117,Mulugu,TS
2018-05-15,0.5,37.6,26.3,6.71,0.119,Mulugu,TS
2018-05-16,0.5,38.4,26.9,6.77,0.118,Mulugu,TS
2018-05-17,0.4,39.3,27.3,7.2,0.117,Mulugu,TS
2018-05-18,0.3,38.3,27.4,6.9,0.114,Mulugu,TS
2018-05-19,0.0,40.3,28.4,7.44,0.111,Mulugu,TS
2018-05-20,0.1,40.8,28.1,7.26,0.11,Mulugu,TS
2018-05-21,2.0,38.8,27.9,7.02,0.108,Mulugu,TS
2018-05-22,1.0,39.1,28.4,6.86,0.107,Mulugu,TS
2018-05-23,1.8,38.4,28.6,6.48,0.117,Mulugu,TS
2018-05-24,0.3,37.7,27.9,5.84,0.125,Mulugu,TS
2018-05-25,0.1,39.6,28.2,7.17,0.129,Mulugu,TS
2018-05-26,0.1,38.8,28.0,6.86,0.147,Mulugu,TS
2018-05-27,0.0,38.4,28.0,6.46,0.16,Mulugu,TS
2018-05-28,0.5,39.7,28.1,7.3,0.149,Mulugu,TS
2018-05-29,0.0,41.7,27.8,7.29,0.14,Mulugu,TS
2018-05-30,1.5,41.0,29.4,6.72,0.14,Mulugu,TS
2018-05-31,3.6,40.8,29.6,6.47,0.149,Mulugu,TS
2018-06-01,1.1,36.0,26.4,4.76,0.262,Mulugu,TS
2018-06-02,7.5,35.4,26.6,4.82,0.304,Mulugu,TS
2018-06-03,0.4,37.1,27.2,5.45,0.245,Mulugu,TS
2018-06-04,0.0,38.3,27.6,6.83,0.215,Mulugu,TS
2018-06-05,0.0,37.1,27.9,6.06,0.199,Mulugu,TS
2018-06-06,1.1,35.9,27.2,5.16,0.195,Mulugu,TS
2018-06-07,7.8,33.8,25.9,3.85,0.194,Mulugu,TS
2018-06-08,6.3,30.6,25.1,3.17,0.318,Mulugu,TS
2018-06-09,3.5,32.2,26.3,4.69,0.325,Mulugu,TS
2018-06-10,15.4,30.9,25.0,2.42,0.379,Mulugu,TS
2018-06-11,33.7,29.3,25.2,1.91,0.416,Mulugu,TS
2018-06-12,6.1,32.4,25.1,3.55,0.406,Mulugu,TS
2018-06-13,0.1,34.5,27.1,6.2,0.374,Mulugu,TS
2018-06-14,0.0,34.7,28.2,6.65,0.343,Mulugu,TS
2018-06-15,0.1,35.5,27.7,6.53,0.315,Mulugu,TS
2018-06-16,0.0,35.1,28.1,6.73,0.29,Mulugu,TS
2018-06-17,0.0,34.0,28.7,6.49,0.265,Mulugu,TS
2018-06-18,0.1,33.8,27.7,6.2,0.245,Mulugu,TS
2018-06-19,0.1,34.9,27.0,6.05,0.23,Mulugu,TS
2018-06-20,1.9,35.4,28.1,5.39,0.215,Mulugu,TS
2018-06-21,2.2,35.4,27.2,5.29,0.204,Mulugu,TS
2018-06-22,3.7,31.6,25.4,2.62,0.232,Mulugu,TS
2018-06-23,5.7,32.1,25.0,3.65,0.252,Mulugu,TS
2018-06-24,0.3,33.7,26.2,5.33,0.251,Mulugu,TS
2018-06-25,0.0,34.1,27.3,5.95,0.224,Mulugu,TS
2018-06-26,0.3,34.1,27.7,5.45,0.208,Mulugu,TS
2018-06-27,11.8,28.9,24.7,1.95,0.284,Mulugu,TS
2018-06-28,13.8,29.6,23.4,2.39,0.382,Mulugu,TS
2018-06-29,3.1,31.6,24.1,2.95,0.348,Mulugu,TS
2018-06-30,5.3,31.4,23.8,4.06,0.348,Mulugu,TS
2018-07-01,2.7,31.9,25.6,4.32,0.328,Mulugu,TS
2018-07-02,3.1,32.8,25.3,4.96,0.328,Mulugu,TS
2018-07-03,2.5,32.4,24.0,4.37,0.331,Mulugu,TS
2018-07-04,1.4,33.0,26.4,3.92,0.311,Mulugu,TS
2018-07-05,2.8,31.9,25.9,3.7,0.322,Mulugu,TS
2018-07-06,4.0,30.1,24.6,2.89,0.362,Mulugu,TS
2018-07-07,23.3,27.9,24.1,2.81,0.415,Mulugu,TS
2018-07-08,24.9,30.0,23.8,2.44,0.417,Mulugu,TS
2018-07-09,43.4,26.6,24.1,1.57,0.429,Mulugu,TS
2018-07-10,2.0,29.8,24.2,3.54,0.401,Mulugu,TS
2018-07-11,89.2,26.5,24.3,1.59,0.42,Mulugu,TS
2018-07-12,58.7,26.4,23.8,1.63,0.429,Mulugu,TS
2018-07-13,11.6,28.9,23.9,3.3,0.419,Mulugu,TS
2018-07-14,49.2,26.0,24.2,1.54,0.429,Mulugu,TS
2018-07-15,60.5,28.7,24.2,2.52,0.428,Mulugu,TS
2018-07-16,43.8,27.3,24.1,1.44,0.428,Mulugu,TS
2018-07-17,8.8,31.4,24.1,4.35,0.421,Mulugu,TS
2018-07-18,0.7,31.5,25.2,4.94,0.41,Mulugu,TS
2018-07-19,6.1,30.6,25.7,4.27,0.399,Mulugu,TS
2018-07-20,30.4,26.4,24.7,1.46,0.429,Mulugu,TS
2018-07-21,40.5,25.4,24.4,1.25,0.428,Mulugu,TS
2018-07-22,6.2,28.6,24.4,2.8,0.419,Mulugu,TS
2018-07-23,1.3,30.3,24.2,3.83,0.407,Mulugu,TS
2018-07-24,0.7,31.1,25.1,4.63,0.392,Mulugu,TS
2018-07-25,0.2,31.4,26.0,4.39,0.38,Mulugu,TS
2018-07-26,0.5,30.4,25.6,4.1,0.371,Mulugu,TS
2018-07-27,0.6,30.5,25.7,4.41,0.362,Mulugu,TS
2018-07-28,0.8,30.9,26.0,4.48,0.353,Mulugu,TS
2018-07-29,1.5,31.9,25.3,4.45,0.351,Mulugu,TS
2018-07-30,0.0,31.8,25.2,5.29,0.338,Mulugu,TS
2018-07-31,0.3,29.9,26.2,3.83,0.327,Mulugu,TS
2018-08-01,0.2,31.0,26.5,5.13,0.317,Mulugu,TS
2018-08-02,3.0,30.9,23.9,4.43,0.323,Mulugu,TS
2018-08-03,0.8,30.6,24.8,3.73,0.321,Mulugu,TS
2018-08-04,0.2,32.1,25.9,5.13,0.309,Mulugu,TS
2018-08-05,0.8,31.7,26.2,5.57,0.299,Mulugu,TS
2018-08-06,0.3,30.2,25.0,4.09,0.292,Mulugu,TS
2018-08-07,9.8,27.6,23.9,2.18,0.347,Mulugu,TS
2018-08-08,14.4,27.1,23.4,1.91,0.394,Mulugu,TS
2018-08-09,2.0,30.1,24.3,3.65,0.38,Mulugu,TS
2018-08-10,2.3,30.7,24.6,4.41,0.365,Mulugu,TS
2018-08-11,90.4,26.1,24.2,1.09,0.418,Mulugu,TS
2018-08-12,51.2,26.9,23.7,2.29,0.428,Mulugu,TS
2018-08-13,9.0,28.2,23.7,2.09,0.424,Mulugu,TS
2018-08-14,5.1,27.9,24.0,2.28,0.418,Mulugu,TS
2018-08-15,42.0,26.5,24.7,1.51,0.423,Mulugu,TS
2018-08-16,58.4,28.9,24.1,3.01,0.426,Mulugu,TS
2018-08-17,2.4,28.9,24.1,2.81,0.415,Mulugu,TS
2018-08-18,9.7,29.3,25.0,2.57,0.412,Mulugu,TS
2018-08-19,25.2,26.5,23.9,1.66,0.428,Mulugu,TS
2018-08-20,48.3,25.0,24.0,1.34,0.429,Mulugu,TS
2018-08-21,7.1,30.0,23.3,3.81,0.419,Mulugu,TS
2018-08-22,0.4,31.0,24.6,4.91,0.399,Mulugu,TS
2018-08-23,1.6,30.9,25.7,4.84,0.394,Mulugu,TS
2018-08-24,4.7,28.8,25.0,3.24,0.401,Mulugu,TS
2018-08-25,0.1,29.8,25.5,4.13,0.385,Mulugu,TS
2018-08-26,11.2,28.2,24.0,2.71,0.394,Mulugu,TS
2018-08-27,11.9,27.5,23.7,2.07,0.422,Mulugu,TS
2018-08-28,1.4,29.4,23.8,3.6,0.404,Mulugu,TS
2018-08-29,0.6,31.1,24.1,4.68,0.39,Mulugu,TS
2018-08-30,0.6,30.5,24.1,4.44,0.384,Mulugu,TS
2018-08-31,0.6,30.1,24.4,3.94,0.374,Mulugu,TS
2018-09-01,0.1,29.3,24.9,3.41,0.367,Mulugu,TS
2018-09-02,0.4,30.0,24.7,3.59,0.358,Mulugu,TS
2018-09-03,0.1,30.8,24.5,4.49,0.348,Mulugu,TS
2018-09-04,0.4,30.6,24.7,5.08,0.341,Mulugu,TS
2018-09-05,0.1,30.2,24.6,4.12,0.331,Mulugu,TS
2018-09-06,7.1,28.6,23.9,2.44,0.363,Mulugu,TS
2018-09-07,0.6,26.9,23.4,2.42,0.358,Mulugu,TS
2018-09-08,0.7,30.5,22.3,4.8,0.349,Mulugu,TS
2018-09-09,0.1,31.2,22.1,4.64,0.334,Mulugu,TS
2018-09-10,0.2,31.3,23.6,4.27,0.324,Mulugu,TS
2018-09-11,2.0,32.5,24.2,4.54,0.317,Mulugu,TS
2018-09-12,0.4,32.0,24.3,4.59,0.305,Mulugu,TS
2018-09-13,0.6,31.3,24.9,3.9,0.299,Mulugu,TS
2018-09-14,1.1,32.1,24.2,4.04,0.291,Mulugu,TS
2018-09-15,0.1,31.8,24.0,4.71,0.281,Mulugu,TS
2018-09-16,0.0,32.6,24.8,4.77,0.267,Mulugu,TS
2018-09-17,2.1,31.5,25.1,3.95,0.261,Mulugu,TS
2018-09-18,1.0,32.3,25.2,4.19,0.261,Mulugu,TS
2018-09-19,7.0,30.7,24.4,3.67,0.308,Mulugu,TS
2018-09-20,0.6,29.9,25.0,2.53,0.328,Mulugu,TS
2018-09-21,65.2,24.8,22.6,1.15,0.411,Mulugu,TS
2018-09-22,3.1,30.5,22.2,4.09,0.406,Mulugu,TS
2018-09-23,0.6,31.3,24.0,4.34,0.385,Mulugu,TS
2018-09-24,0.9,31.1,24.1,4.13,0.372,Mulugu,TS
2018-09-25,4.7,31.5,24.6,3.97,0.38,Mulugu,TS
2018-09-26,4.7,30.2,24.3,3.1,0.388,Mulugu,TS
2018-09-27,2.6,30.5,24.0,3.59,0.379,Mulugu,TS
2018-09-28,3.9,30.3,24.1,3.49,0.372,Mulugu,TS
2018-09-29,4.6,30.7,24.5,3.67,0.368,Mulugu,TS
2018-09-30,1.8,32.5,24.3,4.26,0.358,Mulugu,TS
2018-10-01,4.5,31.5,24.8,4.11,0.353,Mulugu,TS
2018-10-02,1.1,31.7,24.3,4.0,0.346,Mulugu,TS
2018-10-03,0.4,31.9,24.5,4.21,0.343,Mulugu,TS
2018-10-04,0.5,31.2,24.2,3.86,0.331,Mulugu,TS
2018-10-05,0.0,31.5,23.2,4.33,0.318,Mulugu,TS
2018-10-06,0.0,32.0,22.9,4.53,0.306,Mulugu,TS
2018-10-07,0.0,32.0,23.8,4.53,0.294,Mulugu,TS
2018-10-08,0.0,33.0,23.4,4.8,0.284,Mulugu,TS
2018-10-09,0.0,32.8,22.3,5.28,0.273,Mulugu,TS
2018-10-10,0.0,32.9,21.6,5.96,0.263,Mulugu,TS
2018-10-11,0.0,31.2,24.0,5.14,0.258,Mulugu,TS
2018-10-12,0.1,30.6,23.8,4.15,0.256,Mulugu,TS
2018-10-13,0.8,31.1,23.9,4.0,0.254,Mulugu,TS
2018-10-14,0.6,31.2,23.5,3.96,0.251,Mulugu,TS
2018-10-15,1.2,30.9,24.1,3.17,0.247,Mulugu,TS
2018-10-16,0.2,31.2,23.5,3.96,0.241,Mulugu,TS
2018-10-17,1.2,30.9,23.9,3.53,0.239,Mulugu,TS
2018-10-18,0.0,31.5,23.0,4.0,0.23,Mulugu,TS
2018-10-19,0.0,32.0,22.1,4.18,0.223,Mulugu,TS
2018-10-20,0.1,32.3,22.2,4.45,0.216,Mulugu,TS
2018-10-21,0.0,32.6,23.2,4.27,0.21,Mulugu,TS
2018-10-22,0.0,33.2,23.6,4.33,0.204,Mulugu,TS
2018-10-23,0.0,33.5,23.3,4.62,0.198,Mulugu,TS
2018-10-24,0.1,31.1,23.5,3.2,0.195,Mulugu,TS
2018-10-25,0.0,31.6,21.5,4.34,0.192,Mulugu,TS
2018-10-26,0.0,32.4,20.3,4.95,0.188,Mulugu,TS
2018-10-27,0.0,32.6,19.1,5.01,0.184,Mulugu,TS
2018-10-28,0.0,31.8,19.1,5.7,0.18,Mulugu,TS
2018-10-29,0.0,30.9,18.4,5.25,0.176,Mulugu,TS
2018-10-30,0.0,31.1,20.5,4.98,0.173,Mulugu,TS
2018-10-31,0.0,31.5,19.7,4.69,0.168,Mulugu,TS
2018-11-01,0.0,31.0,20.6,3.7,0.165,Mulugu,TS
2018-11-02,0.9,30.6,22.7,3.71,0.164,Mulugu,TS
2018-11-03,0.4,30.9,23.3,3.86,0.163,Mulugu,TS
2018-11-04,0.0,31.5,23.3,3.99,0.16,Mulugu,TS
2018-11-05,0.5,31.1,23.7,3.54,0.159,Mulugu,TS
2018-11-06,0.0,31.7,22.9,3.88,0.159,Mulugu,TS
2018-11-07,0.3,31.4,22.6,3.83,0.163,Mulugu,TS
2018-11-08,0.2,31.3,23.4,3.7,0.164,Mulugu,TS
2018-11-09,0.0,31.7,21.5,4.33,0.16,Mulugu,TS
2018-11-10,0.0,31.9,19.7,4.71,0.159,Mulugu,TS
2018-11-11,0.0,31.4,18.4,4.77,0.156,Mulugu,TS
2018-11-12,0.0,30.7,17.8,4.86,0.156,Mulugu,TS
2018-11-13,0.0,30.7,17.4,4.53,0.155,Mulugu,TS
2018-11-14,0.0,31.3,17.6,4.23,0.153,Mulugu,TS
2018-11-15,0.0,32.8,19.0,4.45,0.15,Mulugu,TS
2018-11-16,0.0,31.8,19.7,4.1,0.148,Mulugu,TS
2018-11-17,0.2,30.6,22.9,3.23,0.147,Mulugu,TS
2018-11-18,0.0,31.2,22.6,3.52,0.145,Mulugu,TS
2018-11-19,0.1,31.8,22.5,3.68,0.142,Mulugu,TS
2018-11-20,0.1,30.9,23.1,3.32,0.143,Mulugu,TS
2018-11-21,0.0,32.0,21.3,4.14,0.143,Mulugu,TS
2018-11-22,0.0,30.5,20.3,3.98,0.142,Mulugu,TS
2018-11-23,0.0,29.7,20.8,3.41,0.14,Mulugu,TS
2018-11-24,0.0,31.0,19.9,4.21,0.139,Mulugu,TS
2018-11-25,0.0,30.0,17.7,4.32,0.136,Mulugu,TS
2018-11-26,0.0,29.3,17.6,4.07,0.136,Mulugu,TS
2018-11-27,0.0,28.9,16.5,3.84,0.137,Mulugu,TS
2018-11-28,0.0,29.1,16.7,3.91,0.136,Mulugu,TS
2018-11-29,0.0,28.8,18.1,3.85,0.136,Mulugu,TS
2018-11-30,0.0,29.0,17.0,3.76,0.135,Mulugu,TS
2018-12-01,0.0,29.0,18.3,3.77,0.134,Mulugu,TS
2018-12-02,0.0,28.0,18.3,3.12,0.132,Mulugu,TS
2018-12-03,0.0,28.6,17.4,3.36,0.136,Mulugu,TS
2018-12-04,0.0,29.2,18.8,3.46,0.139,Mulugu,TS
2018-12-05,0.0,29.6,21.6,2.95,0.14,Mulugu,TS
2018-12-06,0.2,29.0,21.1,2.9,0.14,Mulugu,TS
2018-12-07,0.1,30.5,21.2,3.2,0.141,Mulugu,TS
2018-12-08,0.3,29.0,21.8,2.87,0.143,Mulugu,TS
2018-12-09,0.1,29.8,21.7,3.21,0.143,Mulugu,TS
2018-12-10,0.8,28.1,21.6,2.68,0.146,Mulugu,TS
2018-12-11,0.6,28.3,21.6,2.67,0.152,Mulugu,TS
2018-12-12,0.5,28.9,21.0,2.86,0.155,Mulugu,TS
2018-12-13,0.5,27.0,20.7,2.62,0.156,Mulugu,TS
2018-12-14,0.1,27.0,19.1,2.4,0.161,Mulugu,TS
2018-12-15,0.0,28.9,19.3,4.23,0.159,Mulugu,TS
2018-12-16,0.8,23.9,18.5,2.69,0.159,Mulugu,TS
2018-12-17,54.2,18.5,16.7,0.81,0.332,Mulugu,TS
2018-12-18,0.0,22.9,16.6,2.13,0.395,Mulugu,TS
2018-12-19,0.0,24.7,15.0,2.61,0.374,Mulugu,TS
2018-12-20,0.0,25.5,16.3,2.64,0.359,Mulugu,TS
2018-12-21,0.0,26.1,16.9,3.44,0.346,Mulugu,TS
2018-12-22,0.0,26.6,16.1,3.39,0.335,Mulugu,TS
2018-12-23,0.0,26.8,16.0,3.31,0.325,Mulugu,TS
2018-12-24,0.0,26.8,16.6,3.46,0.316,Mulugu,TS
2018-12-25,0.0,28.3,16.7,3.62,0.306,Mulugu,TS
2018-12-26,0.0,28.2,17.6,3.45,0.296,Mulugu,TS
2018-12-27,0.1,26.2,18.7,2.44,0.289,Mulugu,TS
2018-12-28,0.0,24.6,15.1,3.78,0.282,Mulugu,TS
2018-12-29,0.0,24.9,13.3,3.51,0.272,Mulugu,TS
2018-12-30,0.0,24.6,13.2,3.55,0.264,Mulugu,TS
2018-12-31,0.0,24.6,11.9,3.58,0.257,Mulugu,TS
2019-01-01,0.0,26.6,12.3,3.66,0.249,Mulugu,TS
2019-01-02,0.0,26.9,15.4,3.5,0.242,Mulugu,TS
2019-01-03,0.0,27.9,14.3,3.52,0.236,Mulugu,TS
2019-01-04,0.0,27.9,16.3,3.57,0.231,Mulugu,TS
2019-01-05,0.0,27.2,16.0,3.43,0.225,Mulugu,TS
2019-01-06,0.0,27.7,16.7,3.53,0.22,Mulugu,TS
2019-01-07,0.0,27.9,16.7,3.67,0.217,Mulugu,TS
2019-01-08,0.0,26.0,15.4,3.88,0.215,Mulugu,TS
2019-01-09,0.0,26.8,12.5,4.01,0.21,Mulugu,TS
2019-01-10,0.0,27.4,12.9,3.74,0.205,Mulugu,TS
2019-01-11,0.0,27.4,14.2,3.34,0.202,Mulugu,TS
2019-01-12,0.0,28.4,16.8,3.66,0.202,Mulugu,TS
2019-01-13,0.0,28.0,17.7,3.74,0.199,Mulugu,TS
2019-01-14,0.0,28.9,17.3,3.66,0.195,Mulugu,TS
2019-01-15,0.0,28.1,16.1,3.95,0.191,Mulugu,TS
2019-01-16,0.0,27.9,15.3,4.06,0.186,Mulugu,TS
2019-01-17,0.0,28.2,14.4,3.92,0.183,Mulugu,TS
2019-01-18,0.0,29.0,15.1,3.86,0.18,Mulugu,TS
2019-01-19,0.0,28.5,15.8,3.89,0.176,Mulugu,TS
2019-01-20,0.0,29.3,17.9,4.06,0.173,Mulugu,TS
2019-01-21,0.0,29.4,14.9,4.04,0.169,Mulugu,TS
2019-01-22,0.0,28.9,17.5,4.35,0.166,Mulugu,TS
2019-01-23,0.0,28.6,17.6,3.75,0.164,Mulugu,TS
2019-01-24,0.0,29.4,18.1,3.9,0.162,Mulugu,TS
2019-01-25,0.7,27.5,19.8,2.85,0.162,Mulugu,TS
2019-01-26,7.0,27.4,19.4,2.33,0.188,Mulugu,TS
2019-01-27,7.1,24.1,19.0,2.05,0.321,Mulugu,TS
2019-01-28,4.8,24.9,17.8,2.72,0.346,Mulugu,TS
2019-01-29,0.0,24.2,15.0,4.25,0.312,Mulugu,TS
2019-01-30,0.0,25.6,12.5,4.03,0.285,Mulugu,TS
2019-01-31,0.0,27.1,13.6,3.69,0.267,Mulugu,TS
2019-02-01,0.0,27.8,18.1,3.69,0.255,Mulugu,TS
2019-02-02,0.0,28.4,16.0,3.93,0.246,Mulugu,TS
2019-02-03,0.0,29.2,17.3,3.85,0.237,Mulugu,TS
2019-02-04,0.0,29.9,17.9,4.09,0.228,Mulugu,TS
2019-02-05,0.0,29.7,18.0,4.23,0.216,Mulugu,TS
2019-02-06,0.0,30.6,17.5,4.35,0.207,Mulugu,TS
2019-02-07,0.0,30.4,19.6,4.84,0.2,Mulugu,TS
2019-02-08,2.7,27.4,19.9,2.57,0.198,Mulugu,TS
2019-02-09,0.0,27.1,17.9,4.75,0.195,Mulugu,TS
2019-02-10,0.0,28.7,14.4,4.81,0.187,Mulugu,TS
2019-02-11,0.0,30.3,16.0,3.86,0.182,Mulugu,TS
2019-02-12,0.0,30.8,19.9,4.07,0.178,Mulugu,TS
2019-02-13,0.0,31.3,19.3,4.33,0.174,Mulugu,TS
2019-02-14,0.0,32.2,19.4,4.89,0.17,Mulugu,TS
2019-02-15,0.0,31.7,20.3,5.33,0.166,Mulugu,TS
2019-02-16,0.3,30.9,20.8,4.51,0.162,Mulugu,TS
2019-02-17,0.3,30.6,21.4,3.84,0.163,Mulugu,TS
2019-02-18,0.0,31.9,20.4,4.65,0.163,Mulugu,TS
2019-02-19,0.0,33.9,20.2,4.77,0.157,Mulugu,TS
2019-02-20,0.0,33.4,22.3,4.85,0.151,Mulugu,TS
2019-02-21,0.0,33.3,21.9,4.86,0.15,Mulugu,TS
2019-02-22,0.0,35.4,22.9,5.03,0.148,Mulugu,TS
2019-02-23,0.0,35.0,23.3,5.16,0.146,Mulugu,TS
2019-02-24,0.0,35.8,23.4,6.0,0.141,Mulugu,TS
2019-02-25,0.0,34.6,22.6,6.22,0.138,Mulugu,TS
2019-02-26,0.0,33.5,21.4,5.0,0.139,Mulugu,TS
2019-02-27,1.4,30.2,22.2,3.31,0.143,Mulugu,TS
2019-02-28,2.9,30.9,21.2,4.28,0.202,Mulugu,TS
2019-03-01,0.0,31.9,19.4,4.13,0.203,Mulugu,TS
2019-03-02,0.4,31.4,22.6,4.33,0.196,Mulugu,TS
2019-03-03,0.0,33.0,22.6,4.66,0.19,Mulugu,TS
2019-03-04,0.0,33.8,23.0,5.37,0.182,Mulugu,TS
2019-03-05,0.0,33.6,23.3,5.39,0.175,Mulugu,TS
2019-03-06,0.0,33.0,21.3,5.73,0.167,Mulugu,TS
2019-03-07,0.0,33.7,19.1,5.55,0.159,Mulugu,TS
2019-03-08,0.0,34.0,19.5,5.53,0.151,Mulugu,TS
2019-03-09,0.0,34.4,20.4,5.01,0.146,Mulugu,TS
2019-03-10,0.0,34.8,22.6,5.31,0.142,Mulugu,TS
2019-03-11,0.0,35.0,23.4,5.7,0.138,Mulugu,TS
2019-03-12,0.0,34.3,23.9,4.76,0.133,Mulugu,TS
2019-03-13,0.0,35.4,23.7,6.22,0.13,Mulugu,TS
2019-03-14,0.0,35.8,22.1,6.28,0.13,Mulugu,TS
2019-03-15,0.0,36.2,24.5,6.91,0.13,Mulugu,TS
2019-03-16,0.0,35.9,23.6,7.12,0.125,Mulugu,TS
2019-03-17,0.0,35.4,22.5,6.17,0.125,Mulugu,TS
2019-03-18,0.0,33.9,21.9,6.54,0.124,Mulugu,TS
2019-03-19,0.0,34.8,22.0,5.63,0.124,Mulugu,TS
2019-03-20,0.0,34.4,23.5,5.89,0.124,Mulugu,TS
2019-03-21,0.0,34.8,23.9,5.82,0.123,Mulugu,TS
2019-03-22,0.1,35.1,23.5,5.45,0.122,Mulugu,TS
2019-03-23,0.0,36.0,24.6,5.49,0.122,Mulugu,TS
2019-03-24,0.0,36.4,24.6,5.38,0.119,Mulugu,TS
2019-03-25,0.0,37.3,24.4,5.72,0.117,Mulugu,TS
2019-03-26,0.0,37.2,24.7,6.36,0.118,Mulugu,TS
2019-03-27,0.0,37.2,24.7,6.04,0.119,Mulugu,TS
2019-03-28,0.0,37.5,24.5,6.07,0.117,Mulugu,TS
2019-03-29,0.0,37.6,24.0,6.42,0.117,Mulugu,TS
2019-03-30,0.0,38.6,24.5,6.44,0.116,Mulugu,TS
2019-03-31,0.0,38.7,25.2,6.79,0.114,Mulugu,TS
2019-04-01,0.0,37.4,26.4,7.11,0.117,Mulugu,TS
2019-04-02,0.0,38.1,25.1,6.81,0.118,Mulugu,TS
2019-04-03,0.0,37.2,24.3,6.5,0.112,Mulugu,TS
2019-04-04,0.0,36.3,24.2,6.18,0.112,Mulugu,TS
2019-04-05,0.5,35.4,24.3,5.43,0.115,Mulugu,TS
2019-04-06,0.0,38.5,25.1,6.67,0.12,Mulugu,TS
2019-04-07,0.0,38.4,25.1,7.17,0.124,Mulugu,TS
2019-04-08,0.1,37.1,24.7,6.53,0.123,Mulugu,TS
2019-04-09,0.2,35.6,25.0,6.06,0.122,Mulugu,TS
2019-04-10,0.1,36.7,25.2,6.02,0.121,Mulugu,TS
2019-04-11,0.0,38.3,25.2,6.38,0.121,Mulugu,TS
2019-04-12,0.0,38.8,26.6,6.99,0.119,Mulugu,TS
2019-04-13,0.0,39.1,25.1,6.56,0.116,Mulugu,TS
2019-04-14,0.0,38.8,26.3,6.84,0.115,Mulugu,TS
2019-04-15,0.0,39.3,26.6,7.11,0.115,Mulugu,TS
2019-04-16,0.0,37.6,25.4,6.76,0.117,Mulugu,TS
2019-04-17,0.0,37.3,23.7,6.39,0.117,Mulugu,TS
2019-04-18,0.1,36.5,26.1,5.91,0.12,Mulugu,TS
2019-04-19,0.2,36.6,25.5,6.17,0.123,Mulugu,TS
2019-04-20,0.7,36.4,26.5,6.06,0.124,Mulugu,TS
2019-04-21,1.0,36.4,26.3,5.56,0.124,Mulugu,TS
2019-04-22,0.6,37.3,26.3,5.61,0.121,Mulugu,TS
2019-04-23,0.0,38.2,26.2,6.29,0.12,Mulugu,TS
2019-04-24,0.0,38.9,26.1,6.36,0.119,Mulugu,TS
2019-04-25,0.0,39.7,26.8,6.69,0.119,Mulugu,TS
2019-04-26,0.0,40.0,26.8,6.73,0.115,Mulugu,TS
2019-04-27,0.0,40.3,27.6,6.85,0.112,Mulugu,TS
2019-04-28,0.0,40.2,27.3,6.99,0.108,Mulugu,TS
2019-04-29,0.0,39.6,27.3,7.1,0.107,Mulugu,TS
2019-04-30,0.0,39.7,27.6,6.57,0.107,Mulugu,TS
2019-05-01,0.0,39.3,27.9,6.37,0.108,Mulugu,TS
2019-05-02,0.0,40.8,28.2,7.15,0.109,Mulugu,TS
2019-05-03,0.0,38.9,27.0,6.24,0.112,Mulugu,TS
2019-05-04,0.0,40.6,30.4,9.37,0.112,Mulugu,TS
2019-05-05,0.0,40.3,29.0,8.17,0.112,Mulugu,TS
2019-05-06,0.0,40.8,29.3,7.0,0.111,Mulugu,TS
2019-05-07,0.0,39.3,28.4,6.27,0.108,Mulugu,TS
2019-05-08,0.0,40.5,28.3,6.4,0.106,Mulugu,TS
2019-05-09,0.0,41.6,28.2,8.37,0.108,Mulugu,TS
2019-05-10,0.0,41.9,29.2,7.2,0.111,Mulugu,TS
2019-05-11,7.8,37.4,29.9,6.06,0.134,Mulugu,TS
2019-05-12,0.2,38.2,28.4,6.09,0.12,Mulugu,TS
2019-05-13,0.2,37.6,28.4,6.62,0.12,Mulugu,TS
2019-05-14,0.1,39.3,28.3,6.2,0.118,Mulugu,TS
2019-05-15,0.0,40.0,28.4,7.2,0.12,Mulugu,TS
2019-05-16,0.0,39.4,28.5,6.9,0.122,Mulugu,TS
2019-05-17,0.0,39.8,28.3,6.77,0.127,Mulugu,TS
2019-05-18,0.0,40.9,28.0,6.74,0.128,Mulugu,TS
2019-05-19,0.0,39.8,28.5,6.25,0.126,Mulugu,TS
2019-05-20,0.0,39.9,28.8,6.84,0.122,Mulugu,TS
2019-05-21,0.0,40.0,28.1,7.47,0.119,Mulugu,TS
2019-05-22,0.0,40.2,28.2,7.29,0.116,Mulugu,TS
2019-05-23,0.0,39.9,28.5,7.5,0.112,Mulugu,TS
2019-05-24,0.0,40.9,28.1,7.25,0.112,Mulugu,TS
2019-05-25,0.0,41.1,29.2,7.25,0.114,Mulugu,TS
2019-05-26,0.0,41.3,29.6,7.0,0.118,Mulugu,TS
2019-05-27,0.0,42.8,30.5,8.14,0.124,Mulugu,TS
2019-05-28,0.0,41.5,29.7,7.41,0.122,Mulugu,TS
2019-05-29,0.0,41.3,29.7,7.56,0.12,Mulugu,TS
2019-05-30,0.0,40.3,28.7,6.74,0.119,Mulugu,TS
2019-05-31,0.0,39.7,29.1,6.82,0.121,Mulugu,TS
2019-06-01,1.2,38.2,29.2,5.66,0.124,Mulugu,TS
2019-06-02,1.0,40.8,30.6,6.3,0.12,Mulugu,TS
2019-06-03,0.5,40.2,29.8,7.04,0.117,Mulugu,TS
2019-06-04,0.0,39.0,28.2,6.52,0.127,Mulugu,TS
2019-06-05,0.0,40.8,29.6,7.43,0.128,Mulugu,TS
2019-06-06,0.0,40.8,29.7,7.58,0.123,Mulugu,TS
2019-06-07,0.0,40.2,28.7,6.27,0.125,Mulugu,TS
2019-06-08,0.0,39.0,28.6,6.73,0.126,Mulugu,TS
2019-06-09,0.0,39.2,30.6,6.08,0.125,Mulugu,TS
2019-06-10,0.0,40.2,31.1,7.9,0.118,Mulugu,TS
2019-06-11,0.0,40.2,28.6,7.81,0.114,Mulugu,TS
2019-06-12,0.0,39.5,30.9,7.93,0.107,Mulugu,TS
2019-06-13,0.0,38.8,30.4,8.31,0.104,Mulugu,TS
2019-06-14,0.0,38.2,30.1,7.89,0.104,Mulugu,TS
2019-06-15,0.0,39.6,31.7,8.9,0.104,Mulugu,TS
2019-06-16,0.0,39.0,32.2,8.42,0.105,Mulugu,TS
2019-06-17,0.9,37.1,27.8,4.81,0.113,Mulugu,TS
2019-06-18,0.0,38.1,27.8,6.8,0.124,Mulugu,TS
2019-06-19,0.0,39.5,30.7,7.85,0.119,Mulugu,TS
2019-06-20,15.5,37.1,26.9,6.2,0.146,Mulugu,TS
2019-06-21,6.5,32.1,26.4,3.3,0.264,Mulugu,TS
2019-06-22,3.2,31.3,25.7,3.3,0.245,Mulugu,TS
2019-06-23,0.5,31.8,26.3,2.72,0.255,Mulugu,TS
2019-06-24,2.7,33.5,25.5,4.89,0.255,Mulugu,TS
2019-06-25,2.4,34.7,26.2,5.62,0.226,Mulugu,TS
2019-06-26,2.6,35.9,26.3,5.61,0.198,Mulugu,TS
2019-06-27,0.9,36.1,27.9,5.6,0.19,Mulugu,TS
2019-06-28,3.5,34.6,26.6,4.77,0.183,Mulugu,TS
2019-06-29,11.3,29.3,25.8,2.34,0.302,Mulugu,TS
2019-06-30,30.1,28.3,24.6,2.24,0.352,Mulugu,TS
2019-07-01,11.2,28.7,24.3,2.69,0.365,Mulugu,TS
2019-07-02,5.4,31.0,25.0,2.89,0.346,Mulugu,TS
2019-07-03,4.4,31.2,23.7,4.23,0.335,Mulugu,TS
2019-07-04,1.7,33.7,26.4,5.36,0.292,Mulugu,TS
2019-07-05,4.4,30.1,26.1,2.74,0.289,Mulugu,TS
2019-07-06,4.3,31.3,24.9,3.62,0.33,Mulugu,TS
2019-07-07,0.3,33.2,25.5,5.31,0.311,Mulugu,TS
2019-07-08,4.1,33.3,26.0,5.18,0.301,Mulugu,TS
2019-07-09,4.8,31.9,25.1,3.16,0.353,Mulugu,TS
2019-07-10,2.9,32.2,25.4,4.15,0.341,Mulugu,TS
2019-07-11,0.2,32.1,26.7,5.0,0.323,Mulugu,TS
2019-07-12,0.5,32.4,25.0,4.85,0.352,Mulugu,TS
2019-07-13,0.9,32.9,26.6,4.62,0.32,Mulugu,TS
2019-07-14,3.1,32.1,25.0,3.55,0.337,Mulugu,TS
2019-07-15,0.6,33.5,25.9,5.58,0.318,Mulugu,TS
2019-07-16,0.5,34.5,26.9,5.77,0.296,Mulugu,TS
2019-07-17,0.1,34.3,27.9,5.77,0.269,Mulugu,TS
2019-07-18,5.0,34.6,27.5,4.53,0.261,Mulugu,TS
2019-07-19,35.8,31.2,24.9,3.16,0.4,Mulugu,TS
2019-07-20,19.4,31.3,25.3,3.9,0.411,Mulugu,TS
2019-07-21,2.1,32.8,25.9,4.82,0.379,Mulugu,TS
2019-07-22,0.7,32.8,25.2,4.97,0.355,Mulugu,TS
2019-07-23,0.8,33.9,26.0,5.04,0.332,Mulugu,TS
2019-07-24,0.0,33.8,26.2,5.48,0.317,Mulugu,TS
2019-07-25,11.3,31.4,25.4,3.71,0.334,Mulugu,TS
2019-07-26,50.3,26.0,24.8,1.17,0.426,Mulugu,TS
2019-07-27,20.5,27.2,24.0,1.86,0.424,Mulugu,TS
2019-07-28,43.1,26.7,23.9,1.45,0.427,Mulugu,TS
2019-07-29,18.9,26.9,24.1,2.11,0.426,Mulugu,TS
2019-07-30,8.7,29.6,23.5,3.51,0.414,Mulugu,TS
2019-07-31,1.0,30.8,24.1,3.79,0.396,Mulugu,TS
2019-08-01,12.3,29.0,24.8,2.44,0.398,Mulugu,TS
2019-08-02,66.1,25.7,23.8,1.42,0.43,Mulugu,TS
2019-08-03,47.7,27.2,23.5,2.19,0.427,Mulugu,TS
2019-08-04,24.4,29.5,23.5,2.34,0.425,Mulugu,TS
2019-08-05,4.9,30.8,24.4,4.14,0.414,Mulugu,TS
2019-08-06,57.2,28.8,24.2,2.3,0.427,Mulugu,TS
2019-08-07,57.4,25.8,24.1,1.3,0.429,Mulugu,TS
2019-08-08,12.3,28.4,23.8,2.41,0.425,Mulugu,TS
2019-08-09,1.2,31.7,25.7,4.78,0.407,Mulugu,TS
2019-08-10,1.0,32.0,25.0,5.0,0.393,Mulugu,TS
2019-08-11,0.1,31.3,25.8,5.17,0.378,Mulugu,TS
2019-08-12,4.3,30.5,26.0,3.57,0.372,Mulugu,TS
2019-08-13,10.7,28.8,25.1,1.96,0.411,Mulugu,TS
2019-08-14,3.8,30.5,24.6,3.23,0.412,Mulugu,TS
2019-08-15,3.6,31.9,24.5,4.43,0.4,Mulugu,TS
2019-08-16,1.8,31.5,25.4,4.29,0.376,Mulugu,TS
2019-08-17,9.1,30.2,25.2,3.01,0.388,Mulugu,TS
2019-08-18,7.5,29.1,25.9,2.74,0.385,Mulugu,TS
2019-08-19,1.5,32.1,25.0,4.56,0.357,Mulugu,TS
2019-08-20,11.1,29.0,25.7,3.03,0.377,Mulugu,TS
2019-08-21,25.3,28.1,25.1,2.18,0.419,Mulugu,TS
2019-08-22,7.3,29.0,24.6,2.97,0.412,Mulugu,TS
2019-08-23,42.1,25.8,24.1,0.92,0.429,Mulugu,TS
2019-08-24,8.6,30.0,24.2,3.19,0.42,Mulugu,TS
2019-08-25,3.3,29.7,24.6,3.58,0.409,Mulugu,TS
2019-08-26,3.2,30.4,24.3,3.0,0.414,Mulugu,TS
2019-08-27,0.0,32.3,24.0,5.3,0.392,Mulugu,TS
2019-08-28,0.4,31.9,24.8,5.06,0.375,Mulugu,TS
2019-08-29,0.3,32.4,25.2,4.88,0.355,Mulugu,TS
2019-08-30,7.1,30.8,25.3,3.64,0.353,Mulugu,TS
2019-08-31,9.3,30.0,25.1,2.83,0.385,Mulugu,TS
2019-09-01,14.8,30.1,24.3,3.25,0.404,Mulugu,TS
2019-09-02,15.6,26.4,24.0,2.05,0.421,Mulugu,TS
2019-09-03,18.9,26.9,23.7,1.61,0.427,Mulugu,TS
2019-09-04,13.3,29.5,24.2,3.13,0.423,Mulugu,TS
2019-09-05,6.8,30.3,24.3,3.83,0.414,Mulugu,TS
2019-09-06,18.0,27.5,24.7,1.53,0.424,Mulugu,TS
2019-09-07,11.2,28.0,24.2,2.03,0.422,Mulugu,TS
2019-09-08,3.3,30.2,24.9,3.94,0.408,Mulugu,TS
2019-09-09,0.8,31.2,24.9,4.58,0.403,Mulugu,TS
2019-09-10,0.1,31.2,25.3,4.42,0.385,Mulugu,TS
2019-09-11,0.2,30.7,25.9,3.78,0.373,Mulugu,TS
2019-09-12,5.1,29.8,24.6,3.6,0.401,Mulugu,TS
2019-09-13,1.1,31.0,24.6,4.07,0.392,Mulugu,TS
2019-09-14,1.6,31.2,24.8,4.36,0.378,Mulugu,TS
2019-09-15,6.6,30.5,24.5,3.81,0.381,Mulugu,TS
2019-09-16,8.4,30.4,25.2,3.57,0.389,Mulugu,TS
2019-09-17,10.9,30.2,25.2,3.43,0.394,Mulugu,TS
2019-09-18,9.9,30.7,24.7,3.37,0.399,Mulugu,TS
2019-09-19,15.5,29.8,24.5,3.35,0.417,Mulugu,TS
2019-09-20,24.0,30.2,23.8,3.59,0.423,Mulugu,TS
2019-09-21,5.4,29.7,24.3,3.36,0.417,Mulugu,TS
2019-09-22,13.0,31.1,23.9,3.78,0.414,Mulugu,TS
2019-09-23,9.4,29.5,24.2,3.09,0.415,Mulugu,TS
2019-09-24,16.6,28.9,23.8,2.53,0.422,Mulugu,TS
2019-09-25,10.0,28.5,23.9,2.45,0.42,Mulugu,TS
2019-09-26,2.6,29.3,24.4,3.29,0.408,Mulugu,TS
2019-09-27,4.6,30.1,24.1,2.95,0.404,Mulugu,TS
2019-09-28,3.0,30.5,24.2,3.64,0.393,Mulugu,TS
2019-09-29,5.3,31.1,24.5,4.24,0.376,Mulugu,TS
2019-09-30,2.9,31.0,24.4,4.0,0.354,Mulugu,TS
2019-10-01,10.1,31.0,24.0,3.56,0.372,Mulugu,TS
2019-10-02,13.3,30.5,24.6,3.34,0.381,Mulugu,TS
2019-10-03,17.3,29.0,24.5,2.73,0.377,Mulugu,TS
2019-10-04,2.2,30.7,24.0,3.4,0.341,Mulugu,TS
2019-10-05,5.0,31.3,23.6,3.61,0.325,Mulugu,TS
2019-10-06,4.8,29.8,24.1,3.11,0.332,Mulugu,TS
2019-10-07,5.7,30.2,23.5,3.3,0.335,Mulugu,TS
2019-10-08,7.4,29.9,23.7,3.04,0.325,Mulugu,TS
2019-10-09,5.1,29.7,23.5,2.94,0.34,Mulugu,TS
2019-10-10,11.4,29.9,23.6,3.32,0.369,Mulugu,TS
2019-10-11,7.3,28.5,23.7,2.53,0.371,Mulugu,TS
2019-10-12,6.4,29.6,23.8,3.09,0.369,Mulugu,TS
2019-10-13,4.1,30.0,23.3,3.24,0.351,Mulugu,TS
2019-10-14,2.5,30.9,24.7,3.72,0.337,Mulugu,TS
2019-10-15,1.5,30.7,24.3,3.42,0.316,Mulugu,TS
2019-10-16,5.7,29.4,24.1,2.71,0.333,Mulugu,TS
2019-10-17,3.8,29.6,23.5,2.71,0.366,Mulugu,TS
2019-10-18,4.9,30.4,23.2,3.74,0.362,Mulugu,TS
2019-10-19,7.1,29.9,23.4,3.54,0.396,Mulugu,TS
2019-10-20,15.4,29.0,23.2,2.67,0.419,Mulugu,TS
2019-10-21,2.8,29.9,22.4,3.3,0.407,Mulugu,TS
2019-10-22,3.0,28.1,23.7,2.26,0.398,Mulugu,TS
2019-10-23,9.6,26.6,23.7,1.22,0.401,Mulugu,TS
2019-10-24,3.1,29.4,23.6,2.67,0.382,Mulugu,TS
2019-10-25,12.6,29.2,23.3,2.87,0.383,Mulugu,TS
2019-10-26,10.4,29.6,23.8,2.72,0.383,Mulugu,TS
2019-10-27,4.6,29.7,23.2,3.09,0.379,Mulugu,TS
2019-10-28,2.1,30.6,23.1,3.72,0.379,Mulugu,TS
2019-10-29,4.9,28.9,23.4,2.79,0.369,Mulugu,TS
2019-10-30,2.0,29.5,23.2,3.15,0.347,Mulugu,TS
2019-10-31,3.0,28.3,23.6,1.97,0.35,Mulugu,TS
2019-11-01,6.1,29.7,23.3,3.04,0.354,Mulugu,TS
2019-11-02,8.3,29.7,23.2,2.77,0.33,Mulugu,TS
2019-11-03,0.3,31.1,23.3,3.67,0.298,Mulugu,TS
2019-11-04,0.0,31.7,23.3,4.21,0.279,Mulugu,TS
2019-11-05,0.0,31.2,23.2,4.07,0.267,Mulugu,TS
2019-11-06,0.5,30.4,22.9,3.77,0.252,Mulugu,TS
2019-11-07,0.0,31.2,22.1,3.91,0.238,Mulugu,TS
2019-11-08,0.0,30.8,22.1,4.01,0.226,Mulugu,TS
2019-11-09,0.0,30.6,20.8,4.45,0.216,Mulugu,TS
2019-11-10,0.0,30.9,19.8,4.29,0.204,Mulugu,TS
2019-11-11,0.0,31.0,22.0,3.92,0.197,Mulugu,TS
2019-11-12,0.0,30.8,21.4,3.94,0.19,Mulugu,TS
2019-11-13,0.0,30.1,20.0,4.1,0.191,Mulugu,TS
2019-11-14,0.0,30.3,20.4,3.78,0.187,Mulugu,TS
2019-11-15,0.0,30.1,21.2,3.71,0.182,Mulugu,TS
2019-11-16,0.0,31.3,20.9,3.98,0.179,Mulugu,TS
2019-11-17,0.0,31.6,21.8,4.34,0.17,Mulugu,TS
2019-11-18,0.0,31.7,21.1,4.19,0.167,Mulugu,TS
2019-11-19,0.0,30.9,20.8,3.95,0.169,Mulugu,TS
2019-11-20,0.0,30.3,21.8,3.25,0.166,Mulugu,TS
2019-11-21,0.0,30.2,21.4,3.38,0.168,Mulugu,TS
2019-11-22,0.0,30.1,20.6,3.8,0.165,Mulugu,TS
2019-11-23,0.0,30.3,19.4,4.02,0.158,Mulugu,TS
2019-11-24,0.0,29.6,18.8,3.81,0.158,Mulugu,TS
2019-11-25,0.0,30.6,20.1,3.88,0.15,Mulugu,TS
2019-11-26,0.0,29.8,19.6,3.77,0.15,Mulugu,TS
2019-11-27,0.0,29.7,19.4,3.49,0.148,Mulugu,TS
2019-11-28,0.0,29.8,19.2,3.5,0.148,Mulugu,TS
2019-11-29,0.0,30.2,20.8,3.48,0.149,Mulugu,TS
2019-11-30,0.0,30.4,21.0,3.32,0.145,Mulugu,TS
2019-12-01,0.3,29.8,22.6,3.21,0.144,Mulugu,TS
2019-12-02,9.6,23.8,22.6,0.9,0.195,Mulugu,TS
2019-12-03,0.0,28.1,21.7,2.34,0.221,Mulugu,TS
2019-12-04,0.0,29.5,20.2,3.5,0.22,Mulugu,TS
2019-12-05,0.4,27.8,20.1,2.89,0.213,Mulugu,TS
2019-12-06,0.0,27.2,19.8,2.72,0.21,Mulugu,TS
2019-12-07,0.0,27.9,17.9,3.45,0.204,Mulugu,TS
2019-12-08,0.0,27.9,19.4,2.79,0.197,Mulugu,TS
2019-12-09,0.4,28.3,20.6,3.01,0.191,Mulugu,TS
2019-12-10,0.1,28.0,19.3,3.1,0.187,Mulugu,TS
2019-12-11,0.0,27.9,19.7,3.22,0.185,Mulugu,TS
2019-12-12,0.0,28.5,19.7,3.45,0.179,Mulugu,TS
2019-12-13,0.0,29.3,20.2,3.67,0.169,Mulugu,TS
2019-12-14,0.0,29.5,20.4,3.53,0.166,Mulugu,TS
2019-12-15,0.1,29.4,20.1,3.42,0.158,Mulugu,TS
2019-12-16,0.2,28.9,19.7,3.22,0.161,Mulugu,TS
2019-12-17,0.1,29.2,19.8,3.28,0.162,Mulugu,TS
2019-12-18,0.2,27.5,19.7,2.96,0.16,Mulugu,TS
2019-12-19,0.0,28.2,18.7,3.19,0.156,Mulugu,TS
2019-12-20,0.0,28.8,17.9,3.56,0.153,Mulugu,TS
2019-12-21,0.0,27.9,18.7,2.95,0.155,Mulugu,TS
2019-12-22,0.0,27.6,19.6,2.85,0.156,Mulugu,TS
2019-12-23,0.0,26.1,19.0,2.22,0.156,Mulugu,TS
2019-12-24,0.0,26.9,19.2,2.48,0.159,Mulugu,TS
2019-12-25,0.0,28.9,19.6,3.45,0.161,Mulugu,TS
2019-12-26,0.0,26.9,21.1,1.99,0.166,Mulugu,TS
2019-12-27,0.0,25.8,19.7,2.37,0.182,Mulugu,TS
2019-12-28,0.5,25.6,17.7,2.65,0.188,Mulugu,TS
2019-12-29,0.0,25.8,15.5,3.36,0.184,Mulugu,TS
2019-12-30,0.1,27.2,15.9,3.15,0.182,Mulugu,TS
2019-12-31,0.0,27.7,18.6,3.28,0.179,Mulugu,TS
2020-01-01,1.6,28.3,19.8,2.97,0.177,Mulugu,TS
2020-01-02,3.1,28.5,20.4,3.1,0.188,Mulugu,TS
2020-01-03,16.0,25.6,18.9,1.69,0.27,Mulugu,TS
2020-01-04,0.5,24.3,18.8,1.65,0.316,Mulugu,TS
2020-01-05,0.0,26.7,18.3,3.42,0.29,Mulugu,TS
2020-01-06,0.0,28.7,17.8,3.19,0.268,Mulugu,TS
2020-01-07,0.0,27.7,20.3,2.7,0.257,Mulugu,TS
2020-01-08,0.0,28.5,19.9,3.3,0.245,Mulugu,TS
2020-01-09,0.6,26.4,20.3,2.01,0.237,Mulugu,TS
2020-01-10,0.1,26.9,19.3,2.87,0.233,Mulugu,TS
2020-01-11,0.0,27.3,16.2,3.82,0.222,Mulugu,TS
2020-01-12,0.0,26.8,15.3,3.88,0.211,Mulugu,TS
2020-01-13,0.0,27.9,14.3,3.78,0.201,Mulugu,TS
2020-01-14,0.0,28.6,16.0,3.53,0.196,Mulugu,TS
2020-01-15,0.0,29.0,18.5,3.95,0.19,Mulugu,TS
2020-01-16,0.0,28.3,18.0,4.08,0.185,Mulugu,TS
2020-01-17,0.0,28.5,19.5,3.45,0.183,Mulugu,TS
2020-01-18,0.2,29.9,20.5,3.51,0.18,Mulugu,TS
2020-01-19,0.5,27.4,20.9,2.66,0.181,Mulugu,TS
2020-01-20,0.2,28.5,19.1,3.09,0.178,Mulugu,TS
2020-01-21,0.0,29.8,19.3,3.59,0.179,Mulugu,TS
2020-01-22,0.0,30.1,20.2,3.98,0.176,Mulugu,TS
2020-01-23,0.0,29.9,19.1,3.79,0.171,Mulugu,TS
2020-01-24,0.0,30.7,18.7,3.87,0.167,Mulugu,TS
2020-01-25,0.0,30.5,18.8,4.17,0.162,Mulugu,TS
2020-01-26,0.0,30.4,19.9,4.13,0.158,Mulugu,TS
2020-01-27,0.0,31.4,19.2,4.22,0.155,Mulugu,TS
2020-01-28,0.0,30.3,21.3,4.36,0.154,Mulugu,TS
2020-01-29,0.6,29.5,21.7,3.22,0.158,Mulugu,TS
2020-01-30,0.2,29.7,20.6,3.8,0.162,Mulugu,TS
2020-01-31,0.0,29.9,18.4,4.24,0.161,Mulugu,TS
2020-02-01,1.5,29.1,20.1,3.16,0.163,Mulugu,TS
2020-02-02,0.5,29.0,20.2,3.15,0.167,Mulugu,TS
2020-02-03,0.0,30.1,20.5,3.42,0.169,Mulugu,TS
2020-02-04,0.0,30.4,21.4,4.22,0.166,Mulugu,TS
2020-02-05,0.0,29.7,20.9,3.49,0.161,Mulugu,TS
2020-02-06,0.0,31.0,19.9,3.92,0.155,Mulugu,TS
2020-02-07,0.2,29.3,21.2,3.51,0.152,Mulugu,TS
2020-02-08,41.6,25.8,20.2,1.91,0.234,Mulugu,TS
2020-02-09,12.7,25.7,19.3,2.56,0.378,Mulugu,TS
2020-02-10,0.7,26.5,18.7,2.97,0.342,Mulugu,TS
2020-02-11,0.2,27.6,20.4,2.72,0.327,Mulugu,TS
2020-02-12,0.6,28.8,20.4,3.28,0.316,Mulugu,TS
2020-02-13,0.0,29.3,19.3,4.54,0.3,Mulugu,TS
2020-02-14,0.0,30.3,17.4,4.75,0.284,Mulugu,TS
2020-02-15,0.0,31.3,18.1,4.68,0.27,Mulugu,TS
2020-02-16,0.0,31.5,18.7,4.64,0.261,Mulugu,TS
2020-02-17,0.0,31.1,19.3,4.64,0.252,Mulugu,TS
2020-02-18,0.0,31.1,17.4,4.74,0.243,Mulugu,TS
2020-02-19,0.0,31.2,18.9,4.54,0.238,Mulugu,TS
2020-02-20,0.0,31.2,20.7,4.57,0.232,Mulugu,TS
2020-02-21,0.0,31.3,20.1,4.84,0.226,Mulugu,TS
2020-02-22,0.0,31.7,19.4,4.75,0.22,Mulugu,TS
2020-02-23,0.0,31.3,20.0,4.88,0.213,Mulugu,TS
2020-02-24,0.0,31.8,21.1,5.27,0.21,Mulugu,TS
2020-02-25,1.3,29.9,21.5,3.74,0.208,Mulugu,TS
2020-02-26,0.3,30.5,20.0,4.84,0.206,Mulugu,TS
2020-02-27,0.0,30.9,17.2,5.18,0.201,Mulugu,TS
2020-02-28,0.0,30.6,19.2,4.31,0.196,Mulugu,TS
2020-02-29,0.0,30.5,20.3,4.22,0.194,Mulugu,TS
2020-03-01,0.0,30.6,21.0,4.32,0.19,Mulugu,TS
2020-03-02,0.0,30.1,21.4,4.02,0.19,Mulugu,TS
2020-03-03,0.0,31.8,21.8,4.83,0.188,Mulugu,TS
2020-03-04,0.1,32.4,22.5,5.25,0.187,Mulugu,TS
2020-03-05,0.2,31.5,22.3,4.39,0.183,Mulugu,TS
2020-03-06,4.5,29.6,22.7,4.07,0.193,Mulugu,TS
2020-03-07,1.3,30.5,22.4,3.5,0.224,Mulugu,TS
2020-03-08,0.5,30.9,22.2,3.87,0.234,Mulugu,TS
2020-03-09,1.4,29.5,22.0,3.45,0.304,Mulugu,TS
2020-03-10,0.0,32.6,22.9,5.2,0.293,Mulugu,TS
2020-03-11,0.7,30.5,22.5,3.88,0.273,Mulugu,TS
2020-03-12,0.2,31.6,22.7,4.37,0.257,Mulugu,TS
2020-03-13,0.1,32.8,22.4,5.04,0.24,Mulugu,TS
2020-03-14,0.0,32.0,21.5,4.28,0.227,Mulugu,TS
2020-03-15,0.0,33.0,22.1,5.13,0.215,Mulugu,TS
2020-03-16,0.0,33.8,22.8,5.26,0.204,Mulugu,TS
2020-03-17,0.0,34.6,23.7,5.41,0.198,Mulugu,TS
2020-03-18,0.0,34.3,22.7,5.49,0.187,Mulugu,TS
2020-03-19,0.7,32.6,22.9,4.58,0.182,Mulugu,TS
2020-03-20,0.4,34.4,23.5,5.63,0.176,Mulugu,TS
2020-03-21,0.0,32.9,23.3,4.92,0.17,Mulugu,TS
2020-03-22,0.0,33.7,23.5,5.1,0.164,Mulugu,TS
2020-03-23,0.0,33.3,23.5,4.93,0.161,Mulugu,TS
2020-03-24,0.0,34.3,23.6,5.34,0.159,Mulugu,TS
2020-03-25,0.2,34.7,24.1,5.54,0.154,Mulugu,TS
2020-03-26,0.1,34.4,24.4,5.28,0.152,Mulugu,TS
2020-03-27,0.0,35.8,25.1,6.09,0.147,Mulugu,TS
2020-03-28,0.0,35.8,25.1,6.06,0.141,Mulugu,TS
2020-03-29,0.0,36.7,24.1,6.02,0.139,Mulugu,TS
2020-03-30,0.0,36.1,24.4,5.61,0.137,Mulugu,TS
2020-03-31,0.0,36.4,24.8,5.81,0.137,Mulugu,TS
2020-04-01,0.0,36.4,25.9,5.84,0.138,Mulugu,TS
2020-04-02,0.0,37.0,25.7,5.64,0.138,Mulugu,TS
2020-04-03,0.0,36.3,26.1,4.83,0.139,Mulugu,TS
2020-04-04,0.0,34.2,25.4,4.27,0.145,Mulugu,TS
2020-04-05,0.0,36.2,24.5,5.95,0.148,Mulugu,TS
2020-04-06,0.0,35.8,25.1,5.7,0.15,Mulugu,TS
2020-04-07,0.0,36.4,25.5,5.8,0.148,Mulugu,TS
2020-04-08,0.0,34.9,26.0,5.93,0.144,Mulugu,TS
2020-04-09,4.0,34.3,24.5,5.38,0.143,Mulugu,TS
2020-04-10,0.0,35.5,23.8,5.64,0.14,Mulugu,TS
2020-04-11,0.0,35.9,24.8,5.71,0.135,Mulugu,TS
2020-04-12,0.0,36.9,24.6,6.1,0.137,Mulugu,TS
2020-04-13,0.0,37.4,25.7,5.99,0.139,Mulugu,TS
2020-04-14,0.0,37.4,25.3,6.67,0.136,Mulugu,TS
2020-04-15,0.0,36.6,25.7,6.24,0.138,Mulugu,TS
2020-04-16,0.0,37.4,25.2,6.78,0.138,Mulugu,TS
2020-04-17,0.0,37.4,25.3,6.73,0.142,Mulugu,TS
2020-04-18,0.1,36.3,25.7,6.35,0.149,Mulugu,TS
2020-04-19,0.1,36.0,25.3,5.83,0.152,Mulugu,TS
2020-04-20,0.0,37.0,25.8,6.25,0.154,Mulugu,TS
2020-04-21,0.0,36.6,26.4,6.48,0.146,Mulugu,TS
2020-04-22,0.0,36.5,25.4,6.73,0.141,Mulugu,TS
2020-04-23,0.0,37.7,25.8,6.46,0.141,Mulugu,TS
2020-04-24,0.1,36.5,26.4,5.76,0.14,Mulugu,TS
2020-04-25,0.1,36.1,26.9,5.73,0.133,Mulugu,TS
2020-04-26,2.1,35.3,27.0,5.06,0.189,Mulugu,TS
2020-04-27,1.0,33.4,25.8,4.72,0.287,Mulugu,TS
2020-04-28,0.0,34.9,25.2,5.41,0.254,Mulugu,TS
2020-04-29,0.0,35.4,25.6,5.74,0.232,Mulugu,TS
2020-04-30,0.0,37.0,26.1,6.19,0.214,Mulugu,TS
2020-05-01,0.0,36.9,26.4,6.17,0.199,Mulugu,TS
2020-05-02,0.0,36.9,26.4,6.23,0.19,Mulugu,TS
2020-05-03,0.0,38.4,27.1,6.46,0.178,Mulugu,TS
2020-05-04,0.0,38.8,26.9,6.72,0.168,Mulugu,TS
2020-05-05,0.0,38.6,26.8,6.71,0.163,Mulugu,TS
2020-05-06,0.8,37.8,27.0,6.19,0.157,Mulugu,TS
2020-05-07,0.1,36.6,26.5,5.75,0.162,Mulugu,TS
2020-05-08,0.0,37.5,27.4,6.18,0.156,Mulugu,TS
2020-05-09,0.0,38.1,27.9,6.52,0.151,Mulugu,TS
2020-05-10,0.4,36.6,26.5,6.03,0.156,Mulugu,TS
2020-05-11,0.0,36.0,26.8,5.87,0.155,Mulugu,TS
2020-05-12,0.2,37.1,27.0,6.18,0.148,Mulugu,TS
2020-05-13,0.0,37.1,26.5,6.09,0.142,Mulugu,TS
2020-05-14,0.0,37.4,26.9,6.33,0.136,Mulugu,TS
2020-05-15,0.0,37.4,27.5,6.03,0.131,Mulugu,TS
2020-05-16,0.0,36.4,28.3,5.36,0.118,Mulugu,TS
2020-05-17,0.0,37.9,27.1,5.93,0.117,Mulugu,TS
2020-05-18,0.0,37.7,27.1,5.57,0.121,Mulugu,TS
2020-05-19,0.0,38.4,28.6,7.25,0.129,Mulugu,TS
2020-05-20,0.0,40.0,28.0,7.58,0.133,Mulugu,TS
2020-05-21,0.0,40.2,27.8,8.28,0.133,Mulugu,TS
2020-05-22,0.0,41.0,24.8,7.24,0.132,Mulugu,TS
2020-05-23,0.0,40.4,26.8,7.18,0.129,Mulugu,TS
2020-05-24,0.0,39.8,27.4,6.64,0.123,Mulugu,TS
2020-05-25,0.0,39.5,28.1,6.59,0.122,Mulugu,TS
2020-05-26,0.0,39.9,27.8,6.83,0.122,Mulugu,TS
2020-05-27,0.0,40.1,28.5,7.21,0.125,Mulugu,TS
2020-05-28,0.0,40.3,28.5,6.69,0.124,Mulugu,TS
2020-05-29,0.0,39.5,29.0,6.96,0.122,Mulugu,TS
2020-05-30,0.2,37.3,28.4,5.57,0.126,Mulugu,TS
2020-05-31,10.3,33.4,28.4,3.97,0.183,Mulugu,TS
2020-06-01,1.5,33.6,27.0,4.36,0.231,Mulugu,TS
2020-06-02,1.8,34.8,25.4,4.75,0.252,Mulugu,TS
2020-06-03,0.2,33.9,25.8,4.9,0.241,Mulugu,TS
2020-06-04,0.1,34.7,26.6,6.61,0.221,Mulugu,TS
2020-06-05,0.0,35.0,27.0,6.12,0.203,Mulugu,TS
2020-06-06,0.0,36.2,27.6,6.4,0.183,Mulugu,TS
2020-06-07,0.0,37.1,28.5,6.94,0.165,Mulugu,TS
2020-06-08,0.0,36.8,27.9,6.47,0.153,Mulugu,TS
2020-06-09,2.7,38.1,26.7,6.36,0.148,Mulugu,TS
2020-06-10,5.4,35.1,25.9,4.27,0.172,Mulugu,TS
2020-06-11,12.7,31.0,25.2,2.28,0.298,Mulugu,TS
2020-06-12,24.2,28.7,24.4,1.89,0.393,Mulugu,TS
2020-06-13,0.5,32.2,25.2,4.58,0.354,Mulugu,TS
2020-06-14,1.4,33.6,27.3,4.93,0.32,Mulugu,TS
2020-06-15,10.1,32.7,26.3,3.89,0.349,Mulugu,TS
2020-06-16,27.3,28.6,25.3,1.7,0.408,Mulugu,TS
2020-06-17,11.6,30.1,25.0,2.21,0.405,Mulugu,TS
2020-06-18,6.4,30.9,24.7,3.03,0.393,Mulugu,TS
2020-06-19,1.4,33.4,25.0,4.6,0.37,Mulugu,TS
2020-06-20,1.6,32.0,26.3,4.35,0.352,Mulugu,TS
2020-06-21,2.5,30.8,25.5,3.61,0.35,Mulugu,TS
2020-06-22,11.5,27.6,25.5,1.91,0.373,Mulugu,TS
2020-06-23,0.9,32.2,25.8,4.64,0.342,Mulugu,TS
2020-06-24,9.8,33.6,26.1,4.81,0.338,Mulugu,TS
2020-06-25,3.0,33.9,25.4,5.34,0.319,Mulugu,TS
2020-06-26,0.8,33.8,25.5,5.36,0.281,Mulugu,TS
2020-06-27,1.6,34.3,26.5,5.2,0.262,Mulugu,TS
2020-06-28,4.4,32.8,25.7,4.25,0.267,Mulugu,TS
2020-06-29,12.8,31.4,25.7,3.43,0.291,Mulugu,TS
2020-06-30,2.7,32.7,25.4,3.24,0.313,Mulugu,TS
2020-07-01,4.2,32.7,25.0,4.37,0.369,Mulugu,TS
2020-07-02,5.6,31.8,25.8,4.02,0.362,Mulugu,TS
2020-07-03,12.1,32.8,26.1,4.2,0.352,Mulugu,TS
2020-07-04,30.3,28.2,25.1,1.91,0.421,Mulugu,TS
2020-07-05,19.2,28.6,24.5,2.23,0.414,Mulugu,TS
2020-07-06,7.1,29.0,24.7,2.35,0.414,Mulugu,TS
2020-07-07,0.0,31.7,25.2,4.46,0.382,Mulugu,TS
2020-07-08,0.7,32.2,26.1,4.29,0.36,Mulugu,TS
2020-07-09,7.2,29.7,25.0,2.37,0.384,Mulugu,TS
2020-07-10,16.2,28.4,24.6,2.25,0.42,Mulugu,TS
2020-07-11,0.7,31.3,24.8,4.38,0.402,Mulugu,TS
2020-07-12,4.2,31.8,25.7,3.78,0.388,Mulugu,TS
2020-07-13,14.6,28.7,25.4,1.96,0.413,Mulugu,TS
2020-07-14,120.0,28.4,24.6,2.12,0.423,Mulugu,TS
2020-07-15,274.7,27.3,24.3,1.42,0.427,Mulugu,TS
2020-07-16,5.0,28.5,24.0,3.33,0.414,Mulugu,TS
2020-07-17,0.4,32.0,24.9,4.78,0.392,Mulugu,TS
2020-07-18,1.3,32.4,25.1,4.63,0.381,Mulugu,TS
2020-07-19,4.5,31.6,25.7,3.86,0.399,Mulugu,TS
2020-07-20,4.5,30.9,25.3,3.88,0.396,Mulugu,TS
2020-07-21,2.2,32.0,25.1,4.12,0.398,Mulugu,TS
2020-07-22,3.5,31.9,25.5,3.48,0.387,Mulugu,TS
2020-07-23,37.9,26.9,24.7,1.23,0.428,Mulugu,TS
2020-07-24,0.1,31.5,24.3,4.09,0.409,Mulugu,TS
2020-07-25,0.5,30.6,25.1,3.26,0.395,Mulugu,TS
2020-07-26,0.4,32.7,24.3,5.07,0.373,Mulugu,TS
2020-07-27,0.0,32.4,25.7,4.91,0.35,Mulugu,TS
2020-07-28,10.7,32.6,24.6,4.46,0.373,Mulugu,TS
2020-07-29,10.2,31.8,25.0,4.18,0.391,Mulugu,TS
2020-07-30,1.5,32.3,25.2,4.58,0.389,Mulugu,TS
2020-07-31,4.7,31.5,25.8,3.96,0.393,Mulugu,TS
2020-08-01,9.9,31.2,25.3,3.26,0.403,Mulugu,TS
2020-08-02,8.4,32.1,25.2,4.08,0.397,Mulugu,TS
2020-08-03,2.5,30.1,25.4,3.49,0.396,Mulugu,TS
2020-08-04,7.2,28.3,24.6,2.58,0.401,Mulugu,TS
2020-08-05,10.5,30.1,24.3,2.8,0.419,Mulugu,TS
2020-08-06,6.8,31.8,24.4,4.38,0.412,Mulugu,TS
2020-08-07,0.3,32.7,25.9,4.8,0.395,Mulugu,TS
2020-08-08,0.4,30.5,26.6,3.56,0.38,Mulugu,TS
2020-08-09,6.4,30.6,25.0,3.49,0.387,Mulugu,TS
2020-08-10,24.2,28.3,24.6,2.23,0.412,Mulugu,TS
2020-08-11,3.9,29.4,24.9,2.9,0.393,Mulugu,TS
2020-08-12,10.2,29.1,24.6,2.3,0.415,Mulugu,TS
2020-08-13,40.3,26.0,24.1,1.54,0.429,Mulugu,TS
2020-08-14,59.7,26.2,23.4,1.36,0.43,Mulugu,TS
2020-08-15,78.8,24.8,23.3,1.19,0.43,Mulugu,TS
2020-08-16,41.9,26.8,23.5,1.7,0.429,Mulugu,TS
2020-08-17,22.3,28.9,23.9,3.1,0.424,Mulugu,TS
2020-08-18,5.0,29.7,25.0,3.38,0.415,Mulugu,TS
2020-08-19,31.6,26.1,24.3,1.36,0.427,Mulugu,TS
2020-08-20,30.2,25.1,24.0,1.29,0.428,Mulugu,TS
2020-08-21,3.2,28.9,24.0,3.01,0.419,Mulugu,TS
2020-08-22,0.1,31.2,24.6,4.86,0.406,Mulugu,TS
2020-08-23,5.0,31.1,24.9,3.7,0.403,Mulugu,TS
2020-08-24,0.5,31.8,25.3,4.66,0.389,Mulugu,TS
2020-08-25,0.4,31.8,25.3,4.52,0.373,Mulugu,TS
2020-08-26,8.3,29.8,25.2,2.42,0.379,Mulugu,TS
2020-08-27,9.1,26.8,24.7,1.52,0.413,Mulugu,TS
2020-08-28,0.4,30.4,24.0,3.68,0.401,Mulugu,TS
2020-08-29,0.1,31.8,25.1,4.98,0.383,Mulugu,TS
2020-08-30,0.9,32.0,24.9,4.72,0.367,Mulugu,TS
2020-08-31,0.1,32.2,25.2,5.02,0.349,Mulugu,TS
2020-09-01,0.0,32.3,25.1,4.74,0.332,Mulugu,TS
2020-09-02,3.5,29.9,25.3,2.93,0.346,Mulugu,TS
2020-09-03,3.5,31.5,24.4,4.34,0.352,Mulugu,TS
2020-09-04,1.2,32.7,25.0,4.74,0.343,Mulugu,TS
2020-09-05,13.5,32.0,24.2,3.81,0.375,Mulugu,TS
2020-09-06,0.8,32.4,25.5,4.59,0.346,Mulugu,TS
2020-09-07,5.3,32.6,25.5,4.79,0.363,Mulugu,TS
2020-09-08,0.2,32.7,25.9,4.42,0.338,Mulugu,TS
2020-09-09,12.6,32.0,25.0,4.01,0.368,Mulugu,TS
2020-09-10,6.2,31.3,25.2,3.71,0.367,Mulugu,TS
2020-09-11,14.6,30.9,24.5,3.4,0.391,Mulugu,TS
2020-09-12,6.5,31.5,24.2,3.95,0.393,Mulugu,TS
2020-09-13,22.6,30.4,24.9,3.74,0.42,Mulugu,TS
2020-09-14,36.8,30.8,24.0,2.91,0.423,Mulugu,TS
2020-09-15,11.9,30.6,23.6,3.23,0.415,Mulugu,TS
2020-09-16,9.1,30.3,24.8,3.18,0.417,Mulugu,TS
2020-09-17,4.4,31.6,24.0,3.74,0.408,Mulugu,TS
2020-09-18,7.4,31.7,24.8,4.04,0.4,Mulugu,TS
2020-09-19,17.0,31.2,24.6,3.47,0.416,Mulugu,TS
2020-09-20,24.1,30.7,24.2,3.01,0.421,Mulugu,TS
2020-09-21,5.4,29.1,24.3,1.99,0.42,Mulugu,TS
2020-09-22,2.2,31.0,24.5,3.93,0.415,Mulugu,TS
2020-09-23,1.2,31.5,25.0,4.44,0.404,Mulugu,TS
2020-09-24,0.3,31.8,25.4,4.6,0.389,Mulugu,TS
2020-09-25,23.2,29.7,24.9,2.83,0.404,Mulugu,TS
2020-09-26,9.1,27.8,23.9,1.82,0.415,Mulugu,TS
2020-09-27,2.9,29.8,23.9,3.67,0.397,Mulugu,TS
2020-09-28,0.4,31.4,23.8,4.27,0.376,Mulugu,TS
2020-09-29,4.5,31.3,24.6,4.04,0.368,Mulugu,TS
2020-09-30,2.4,30.8,24.3,3.07,0.364,Mulugu,TS
2020-10-01,1.8,30.9,24.8,3.68,0.363,Mulugu,TS
2020-10-02,0.1,31.9,24.3,4.55,0.342,Mulugu,TS
2020-10-03,0.0,32.6,24.7,4.91,0.329,Mulugu,TS
2020-10-04,0.0,32.5,24.2,4.99,0.319,Mulugu,TS
2020-10-05,0.0,31.7,24.5,4.84,0.31,Mulugu,TS
2020-10-06,0.4,29.9,24.8,3.48,0.301,Mulugu,TS
2020-10-07,22.2,27.7,24.3,2.09,0.384,Mulugu,TS
2020-10-08,2.6,30.4,23.8,3.34,0.394,Mulugu,TS
2020-10-09,3.2,30.9,24.5,3.36,0.391,Mulugu,TS
2020-10-10,10.3,29.9,24.7,2.48,0.397,Mulugu,TS
2020-10-11,14.1,27.8,24.3,1.47,0.423,Mulugu,TS
2020-10-12,8.3,27.8,23.5,1.64,0.421,Mulugu,TS
2020-10-13,42.8,26.1,24.3,0.98,0.426,Mulugu,TS
2020-10-14,8.5,29.0,23.8,2.43,0.418,Mulugu,TS
2020-10-15,7.0,28.2,24.1,2.16,0.416,Mulugu,TS
2020-10-16,9.2,29.1,23.7,2.66,0.415,Mulugu,TS
2020-10-17,14.1,30.3,23.9,3.15,0.412,Mulugu,TS
2020-10-18,2.7,30.4,23.6,3.42,0.402,Mulugu,TS
2020-10-19,4.3,31.3,24.3,3.79,0.377,Mulugu,TS
2020-10-20,7.5,30.1,24.6,2.39,0.383,Mulugu,TS
2020-10-21,1.6,31.6,24.2,3.53,0.38,Mulugu,TS
2020-10-22,0.0,31.4,22.7,4.53,0.35,Mulugu,TS
2020-10-23,0.0,31.9,21.6,4.75,0.332,Mulugu,TS
2020-10-24,0.0,32.6,21.9,4.68,0.314,Mulugu,TS
2020-10-25,0.0,32.4,22.8,4.48,0.294,Mulugu,TS
2020-10-26,0.0,31.7,20.4,4.7,0.292,Mulugu,TS
2020-10-27,0.0,31.5,20.8,4.47,0.277,Mulugu,TS
2020-10-28,0.0,31.8,20.7,4.47,0.259,Mulugu,TS
2020-10-29,0.0,31.5,21.5,3.92,0.243,Mulugu,TS
2020-10-30,0.0,31.5,22.8,4.84,0.226,Mulugu,TS
2020-10-31,0.0,31.2,21.0,4.86,0.215,Mulugu,TS
2020-11-01,0.0,31.7,21.1,4.84,0.208,Mulugu,TS
2020-11-02,0.0,32.6,21.6,4.92,0.194,Mulugu,TS
2020-11-03,0.1,31.7,22.4,4.78,0.182,Mulugu,TS
2020-11-04,0.0,31.5,21.9,5.15,0.177,Mulugu,TS
2020-11-05,0.0,31.6,19.3,4.87,0.168,Mulugu,TS
2020-11-06,0.5,30.7,19.6,3.94,0.16,Mulugu,TS
2020-11-07,0.0,31.8,20.6,4.36,0.152,Mulugu,TS
2020-11-08,0.0,30.9,19.8,4.96,0.145,Mulugu,TS
2020-11-09,0.0,29.7,17.7,4.97,0.148,Mulugu,TS
2020-11-10,0.0,29.5,16.7,4.47,0.147,Mulugu,TS
2020-11-11,0.0,31.1,16.8,4.17,0.144,Mulugu,TS
2020-11-12,0.1,29.8,22.3,3.03,0.137,Mulugu,TS
2020-11-13,0.0,31.7,21.6,3.88,0.134,Mulugu,TS
2020-11-14,0.0,32.7,21.0,4.51,0.129,Mulugu,TS
2020-11-15,0.0,31.9,20.0,4.5,0.125,Mulugu,TS
2020-11-16,0.0,32.3,22.9,4.35,0.123,Mulugu,TS
2020-11-17,0.0,32.7,22.2,4.53,0.124,Mulugu,TS
2020-11-18,0.0,31.6,21.3,4.2,0.124,Mulugu,TS
2020-11-19,0.0,32.3,22.6,4.4,0.119,Mulugu,TS
2020-11-20,0.0,32.1,21.6,4.05,0.119,Mulugu,TS
2020-11-21,0.3,31.1,21.3,3.98,0.118,Mulugu,TS
2020-11-22,0.0,30.6,22.8,3.61,0.117,Mulugu,TS
2020-11-23,0.0,31.3,19.2,4.31,0.118,Mulugu,TS
2020-11-24,0.0,30.8,17.7,4.32,0.124,Mulugu,TS
2020-11-25,0.0,30.7,17.2,3.93,0.13,Mulugu,TS
2020-11-26,5.8,28.2,21.9,2.4,0.142,Mulugu,TS
2020-11-27,12.6,25.1,19.2,1.57,0.249,Mulugu,TS
2020-11-28,0.0,26.3,18.8,2.34,0.341,Mulugu,TS
2020-11-29,0.0,28.7,20.5,2.93,0.304,Mulugu,TS
2020-11-30,0.0,29.2,21.1,3.35,0.28,Mulugu,TS
2020-12-01,0.0,28.9,19.6,3.64,0.258,Mulugu,TS
2020-12-02,0.0,29.7,17.7,3.86,0.24,Mulugu,TS
2020-12-03,0.0,30.1,16.6,3.83,0.231,Mulugu,TS
2020-12-04,0.0,30.0,16.6,3.8,0.221,Mulugu,TS
2020-12-05,0.0,29.7,15.6,3.78,0.209,Mulugu,TS
2020-12-06,0.0,30.2,16.1,3.81,0.198,Mulugu,TS
2020-12-07,0.0,30.7,16.7,4.08,0.189,Mulugu,TS
2020-12-08,0.0,30.6,16.3,3.88,0.18,Mulugu,TS
2020-12-09,0.0,30.3,17.0,3.88,0.171,Mulugu,TS
2020-12-10,0.0,30.0,17.3,3.7,0.168,Mulugu,TS
2020-12-11,0.0,29.8,18.3,3.74,0.159,Mulugu,TS
2020-12-12,0.0,29.9,18.4,3.72,0.151,Mulugu,TS
2020-12-13,0.0,29.5,18.7,3.48,0.145,Mulugu,TS
2020-12-14,0.0,30.2,18.9,3.81,0.14,Mulugu,TS
2020-12-15,0.0,29.7,19.1,3.79,0.144,Mulugu,TS
2020-12-16,0.0,29.6,19.5,3.4,0.145,Mulugu,TS
2020-12-17,0.0,30.5,19.3,3.89,0.146,Mulugu,TS
2020-12-18,0.0,29.7,18.6,3.92,0.147,Mulugu,TS
2020-12-19,0.0,29.3,18.0,4.21,0.146,Mulugu,TS
2020-12-20,0.0,28.2,16.4,4.17,0.148,Mulugu,TS
2020-12-21,0.0,27.7,14.4,4.16,0.149,Mulugu,TS
2020-12-22,0.0,27.8,13.4,3.82,0.147,Mulugu,TS
2020-12-23,0.0,28.0,13.3,3.63,0.142,Mulugu,TS
2020-12-24,0.0,28.0,15.0,3.49,0.14,Mulugu,TS
2020-12-25,0.0,27.8,16.2,3.56,0.14,Mulugu,TS
2020-12-26,0.0,28.0,14.8,3.71,0.141,Mulugu,TS
2020-12-27,0.0,28.8,15.3,3.84,0.139,Mulugu,TS
2020-12-28,0.0,29.1,16.0,3.64,0.139,Mulugu,TS
2020-12-29,0.0,29.2,16.2,3.68,0.136,Mulugu,TS
2020-12-30,0.0,29.0,17.4,3.66,0.134,Mulugu,TS
2020-12-31,0.0,28.5,18.2,3.33,0.138,Mulugu,TS
2021-01-01,0.0,28.5,19.1,3.43,0.143,Mulugu,TS
2021-01-02,0.0,28.4,16.8,3.53,0.143,Mulugu,TS
2021-01-03,0.0,28.5,16.7,3.52,0.14,Mulugu,TS
2021-01-04,0.0,29.2,17.3,4.0,0.139,Mulugu,TS
2021-01-05,0.0,29.5,17.2,3.6,0.134,Mulugu,TS
2021-01-06,0.0,27.0,21.2,1.79,0.129,Mulugu,TS
2021-01-07,0.6,27.1,21.8,2.16,0.126,Mulugu,TS
2021-01-08,0.0,31.5,20.4,4.02,0.123,Mulugu,TS
2021-01-09,0.0,31.6,19.0,4.58,0.122,Mulugu,TS
2021-01-10,0.0,31.0,18.1,3.71,0.124,Mulugu,TS
2021-01-11,0.0,32.3,19.0,4.08,0.123,Mulugu,TS
2021-01-12,0.0,32.0,19.1,3.89,0.126,Mulugu,TS
2021-01-13,0.0,30.8,19.9,4.01,0.128,Mulugu,TS
2021-01-14,0.0,30.3,18.8,4.17,0.128,Mulugu,TS
2021-01-15,0.0,30.0,16.9,4.06,0.128,Mulugu,TS
2021-01-16,0.0,30.5,17.6,3.89,0.127,Mulugu,TS
2021-01-17,0.0,30.5,17.9,3.83,0.126,Mulugu,TS
2021-01-18,0.0,29.0,19.3,3.34,0.126,Mulugu,TS
2021-01-19,0.0,29.7,19.1,3.75,0.125,Mulugu,TS
2021-01-20,0.0,31.9,19.5,4.5,0.124,Mulugu,TS
2021-01-21,0.0,31.3,20.0,4.33,0.123,Mulugu,TS
2021-01-22,0.0,31.4,18.4,4.25,0.125,Mulugu,TS
2021-01-23,0.0,30.8,19.0,3.95,0.127,Mulugu,TS
2021-01-24,0.0,31.5,19.6,4.42,0.127,Mulugu,TS
2021-01-25,0.0,31.9,20.2,4.71,0.122,Mulugu,TS
2021-01-26,0.0,31.6,20.3,4.61,0.12,Mulugu,TS
2021-01-27,0.0,30.9,20.0,4.05,0.122,Mulugu,TS
2021-01-28,0.1,30.0,20.2,3.99,0.131,Mulugu,TS
2021-01-29,0.0,30.7,20.2,4.05,0.136,Mulugu,TS
2021-01-30,0.7,28.4,20.4,3.04,0.142,Mulugu,TS
2021-01-31,0.0,29.2,19.8,3.45,0.153,Mulugu,TS
2021-02-01,0.0,29.5,18.4,4.18,0.16,Mulugu,TS
2021-02-02,0.0,29.3,16.6,4.35,0.164,Mulugu,TS
2021-02-03,0.0,29.5,16.6,4.17,0.16,Mulugu,TS
2021-02-04,0.0,29.8,17.2,4.49,0.149,Mulugu,TS
2021-02-05,0.0,29.4,17.0,4.48,0.149,Mulugu,TS
2021-02-06,0.0,30.1,17.8,4.73,0.146,Mulugu,TS
2021-02-07,0.0,29.8,17.7,4.93,0.147,Mulugu,TS
2021-02-08,0.0,29.3,15.2,4.82,0.145,Mulugu,TS
2021-02-09,0.0,30.0,15.0,4.95,0.145,Mulugu,TS
2021-02-10,0.0,30.3,16.0,4.5,0.145,Mulugu,TS
2021-02-11,0.0,31.1,17.7,4.7,0.145,Mulugu,TS
2021-02-12,0.0,30.6,18.7,4.48,0.148,Mulugu,TS
2021-02-13,0.0,30.6,19.3,4.61,0.149,Mulugu,TS
2021-02-14,0.0,31.8,19.5,4.9,0.144,Mulugu,TS
2021-02-15,0.0,32.1,19.5,4.87,0.141,Mulugu,TS
2021-02-16,0.0,32.5,20.3,5.4,0.139,Mulugu,TS
2021-02-17,0.0,32.1,19.9,5.13,0.135,Mulugu,TS
2021-02-18,0.0,30.4,19.2,4.71,0.13,Mulugu,TS
2021-02-19,2.9,29.2,19.3,3.73,0.135,Mulugu,TS
2021-02-20,0.0,30.2,19.2,4.14,0.149,Mulugu,TS
2021-02-21,0.0,30.3,18.4,4.35,0.149,Mulugu,TS
2021-02-22,0.0,31.3,19.9,4.55,0.145,Mulugu,TS
2021-02-23,0.0,32.2,18.0,5.05,0.144,Mulugu,TS
2021-02-24,0.0,33.0,18.7,5.48,0.141,Mulugu,TS
2021-02-25,0.0,33.7,18.4,5.74,0.139,Mulugu,TS
2021-02-26,0.0,34.2,18.3,5.6,0.138,Mulugu,TS
2021-02-27,0.0,35.1,20.1,5.71,0.141,Mulugu,TS
2021-02-28,0.0,34.9,19.8,5.61,0.141,Mulugu,TS
2021-03-01,0.0,33.9,20.7,4.72,0.137,Mulugu,TS
2021-03-02,0.0,34.5,21.7,5.04,0.134,Mulugu,TS
2021-03-03,0.0,34.7,20.1,5.75,0.137,Mulugu,TS
2021-03-04,0.0,34.4,19.9,5.52,0.135,Mulugu,TS
2021-03-05,0.0,35.0,21.1,6.51,0.135,Mulugu,TS
2021-03-06,0.0,34.4,20.6,6.14,0.136,Mulugu,TS
2021-03-07,0.0,34.7,19.9,5.8,0.141,Mulugu,TS
2021-03-08,0.0,34.8,21.4,5.85,0.146,Mulugu,TS
2021-03-09,0.0,34.4,21.1,5.8,0.148,Mulugu,TS
2021-03-10,0.0,35.1,21.0,5.85,0.146,Mulugu,TS
2021-03-11,0.0,34.6,21.8,6.08,0.133,Mulugu,TS
2021-03-12,0.0,34.6,21.5,6.0,0.131,Mulugu,TS
2021-03-13,0.0,33.5,20.8,5.79,0.126,Mulugu,TS
2021-03-14,0.0,34.3,20.6,5.72,0.122,Mulugu,TS
2021-03-15,0.0,34.9,21.9,5.74,0.119,Mulugu,TS
2021-03-16,0.0,35.3,22.6,5.37,0.124,Mulugu,TS
2021-03-17,0.0,35.6,23.1,5.5,0.122,Mulugu,TS
2021-03-18,0.0,34.3,22.9,5.3,0.121,Mulugu,TS
2021-03-19,0.0,33.9,23.1,5.23,0.127,Mulugu,TS
2021-03-20,0.0,34.2,22.9,5.05,0.121,Mulugu,TS
2021-03-21,0.0,35.1,23.3,5.14,0.12,Mulugu,TS
2021-03-22,0.0,36.0,23.8,5.64,0.122,Mulugu,TS
2021-03-23,0.0,35.6,25.0,6.15,0.123,Mulugu,TS
2021-03-24,0.0,36.3,24.0,5.94,0.123,Mulugu,TS
2021-03-25,0.0,37.0,24.1,5.97,0.124,Mulugu,TS
2021-03-26,0.0,37.0,24.1,6.26,0.13,Mulugu,TS
2021-03-27,0.0,37.6,22.6,6.22,0.13,Mulugu,TS
2021-03-28,0.0,37.6,24.0,6.14,0.133,Mulugu,TS
2021-03-29,0.0,37.5,23.2,6.45,0.14,Mulugu,TS
2021-03-30,0.0,38.6,24.4,7.45,0.149,Mulugu,TS
2021-03-31,0.0,38.7,22.8,7.36,0.141,Mulugu,TS
2021-04-01,0.0,38.3,24.5,7.2,0.143,Mulugu,TS
2021-04-02,0.0,38.4,24.0,6.89,0.147,Mulugu,TS
2021-04-03,0.0,37.7,24.1,6.37,0.145,Mulugu,TS
2021-04-04,0.0,36.6,24.4,5.66,0.141,Mulugu,TS
2021-04-05,0.0,35.6,24.6,5.86,0.148,Mulugu,TS
2021-04-06,0.0,36.7,24.8,5.88,0.151,Mulugu,TS
2021-04-07,0.0,37.1,23.9,6.2,0.153,Mulugu,TS
2021-04-08,0.0,37.0,24.2,6.27,0.158,Mulugu,TS
2021-04-09,0.0,34.7,24.5,5.97,0.157,Mulugu,TS
2021-04-10,0.4,35.1,25.5,5.86,0.156,Mulugu,TS
2021-04-11,0.0,34.7,23.6,5.53,0.163,Mulugu,TS
2021-04-12,0.3,34.3,24.7,5.16,0.159,Mulugu,TS
2021-04-13,0.1,33.4,25.0,5.23,0.152,Mulugu,TS
2021-04-14,0.0,33.0,25.4,4.28,0.147,Mulugu,TS
2021-04-15,1.1,34.1,23.2,5.36,0.146,Mulugu,TS
2021-04-16,0.0,34.3,23.5,5.63,0.144,Mulugu,TS
2021-04-17,0.0,35.6,24.7,5.63,0.145,Mulugu,TS
2021-04-18,0.0,36.4,25.0,5.8,0.143,Mulugu,TS
2021-04-19,0.0,37.1,25.8,5.93,0.14,Mulugu,TS
2021-04-20,0.7,36.1,26.5,6.18,0.139,Mulugu,TS
2021-04-21,0.1,35.2,25.6,5.58,0.144,Mulugu,TS
2021-04-22,0.0,35.1,24.5,5.36,0.203,Mulugu,TS
2021-04-23,0.0,36.1,25.9,5.69,0.208,Mulugu,TS
2021-04-24,0.0,36.1,25.3,6.01,0.194,Mulugu,TS
2021-04-25,0.0,36.4,25.6,6.03,0.18,Mulugu,TS
2021-04-26,0.0,35.9,25.8,6.02,0.168,Mulugu,TS
2021-04-27,0.0,36.8,24.9,6.23,0.158,Mulugu,TS
2021-04-28,0.0,37.3,24.4,6.24,0.148,Mulugu,TS
2021-04-29,0.0,37.5,25.5,6.3,0.14,Mulugu,TS
2021-04-30,0.0,36.8,24.4,6.57,0.133,Mulugu,TS
2021-05-01,0.9,36.3,25.7,5.72,0.131,Mulugu,TS
2021-05-02,0.0,35.9,25.5,5.86,0.127,Mulugu,TS
2021-05-03,5.3,34.4,25.7,5.23,0.136,Mulugu,TS
2021-05-04,0.0,35.9,25.5,5.76,0.126,Mulugu,TS
2021-05-05,0.0,36.1,26.3,6.2,0.127,Mulugu,TS
2021-05-06,0.0,36.0,26.4,6.13,0.129,Mulugu,TS
2021-05-07,0.0,35.8,26.2,6.1,0.127,Mulugu,TS
2021-05-08,0.0,36.1,26.6,5.99,0.127,Mulugu,TS
2021-05-09,0.1,36.2,26.7,5.97,0.129,Mulugu,TS
2021-05-10,0.1,36.0,26.8,5.88,0.129,Mulugu,TS
2021-05-11,0.3,36.4,27.1,6.09,0.129,Mulugu,TS
2021-05-12,0.0,37.6,26.1,6.59,0.129,Mulugu,TS
2021-05-13,0.7,36.4,27.2,6.23,0.135,Mulugu,TS
2021-05-14,0.2,35.5,27.6,5.59,0.142,Mulugu,TS
2021-05-15,0.0,36.5,26.6,6.67,0.138,Mulugu,TS
2021-05-16,1.4,34.4,26.9,4.91,0.136,Mulugu,TS
2021-05-17,0.2,35.3,26.7,5.35,0.131,Mulugu,TS
2021-05-18,0.1,35.0,26.8,6.01,0.128,Mulugu,TS
2021-05-19,0.0,36.6,26.9,6.41,0.125,Mulugu,TS
2021-05-20,2.1,36.1,26.1,5.73,0.133,Mulugu,TS
2021-05-21,0.0,35.5,27.8,5.66,0.13,Mulugu,TS
2021-05-22,0.0,34.7,26.4,3.85,0.126,Mulugu,TS
2021-05-23,0.0,38.0,27.0,6.31,0.128,Mulugu,TS
2021-05-24,0.0,38.4,28.2,7.26,0.132,Mulugu,TS
2021-05-25,0.0,37.4,27.6,7.08,0.14,Mulugu,TS
2021-05-26,0.0,38.1,28.9,9.36,0.143,Mulugu,TS
2021-05-27,0.0,37.5,29.5,8.06,0.141,Mulugu,TS
2021-05-28,0.0,36.3,28.9,6.69,0.142,Mulugu,TS
2021-05-29,0.0,38.3,28.8,6.55,0.14,Mulugu,TS
2021-05-30,1.0,37.0,27.9,6.03,0.138,Mulugu,TS
2021-05-31,0.0,38.2,29.4,6.6,0.135,Mulugu,TS
2021-06-01,0.7,36.0,28.0,5.93,0.132,Mulugu,TS
2021-06-02,4.2,34.6,25.3,5.18,0.187,Mulugu,TS
2021-06-03,3.6,32.5,26.1,3.71,0.258,Mulugu,TS
2021-06-04,0.1,34.0,25.4,5.1,0.253,Mulugu,TS
2021-06-05,2.8,33.9,25.9,4.88,0.24,Mulugu,TS
2021-06-06,5.7,34.6,24.7,5.53,0.262,Mulugu,TS
2021-06-07,0.4,35.2,27.3,5.4,0.232,Mulugu,TS
2021-06-08,3.4,34.3,26.9,5.3,0.223,Mulugu,TS
2021-06-09,15.6,27.9,25.5,1.78,0.343,Mulugu,TS
2021-06-10,5.4,31.0,25.3,3.55,0.332,Mulugu,TS
2021-06-11,12.5,28.3,24.2,2.55,0.36,Mulugu,TS
2021-06-12,0.2,30.7,25.8,4.42,0.34,Mulugu,TS
2021-06-13,19.5,31.4,24.6,2.93,0.377,Mulugu,TS
2021-06-14,16.0,29.3,25.0,2.49,0.405,Mulugu,TS
2021-06-15,8.5,30.4,24.6,2.67,0.396,Mulugu,TS
2021-06-16,5.5,31.3,25.7,3.69,0.368,Mulugu,TS
2021-06-17,11.3,28.7,25.4,2.44,0.383,Mulugu,TS
2021-06-18,0.3,31.5,25.1,3.77,0.362,Mulugu,TS
2021-06-19,1.9,30.0,26.3,3.53,0.338,Mulugu,TS
2021-06-20,0.3,33.0,25.8,5.83,0.323,Mulugu,TS
2021-06-21,0.0,32.7,26.6,6.04,0.301,Mulugu,TS
2021-06-22,0.1,31.5,26.7,3.68,0.291,Mulugu,TS
2021-06-23,4.3,29.2,24.3,2.67,0.31,Mulugu,TS
2021-06-24,0.0,29.7,23.7,3.4,0.306,Mulugu,TS
2021-06-25,1.2,31.7,25.2,4.77,0.298,Mulugu,TS
2021-06-26,7.6,31.7,25.3,3.48,0.314,Mulugu,TS
2021-06-27,14.0,30.1,24.8,3.08,0.378,Mulugu,TS
2021-06-28,12.3,31.7,24.4,4.53,0.387,Mulugu,TS
2021-06-29,0.4,33.7,25.0,5.15,0.371,Mulugu,TS
2021-06-30,0.8,34.3,26.7,5.16,0.343,Mulugu,TS
2021-07-01,3.0,31.6,26.2,3.51,0.353,Mulugu,TS
2021-07-02,16.7,27.7,24.5,1.63,0.407,Mulugu,TS
2021-07-03,0.1,31.9,25.5,4.16,0.383,Mulugu,TS
2021-07-04,0.2,33.2,25.4,4.88,0.359,Mulugu,TS
2021-07-05,0.2,31.6,25.9,3.4,0.347,Mulugu,TS
2021-07-06,0.2,32.7,24.7,4.61,0.335,Mulugu,TS
2021-07-07,12.9,31.9,26.1,3.87,0.365,Mulugu,TS
2021-07-08,19.3,28.2,24.8,2.04,0.401,Mulugu,TS
2021-07-09,3.3,30.8,24.3,4.24,0.394,Mulugu,TS
2021-07-10,5.7,30.4,24.7,3.72,0.381,Mulugu,TS
2021-07-11,21.2,30.6,24.6,3.23,0.409,Mulugu,TS
2021-07-12,37.2,30.0,24.9,2.72,0.424,Mulugu,TS
2021-07-13,28.9,28.0,24.6,1.93,0.42,Mulugu,TS
2021-07-14,15.4,28.5,24.5,2.41,0.42,Mulugu,TS
2021-07-15,3.8,30.2,24.1,3.64,0.403,Mulugu,TS
2021-07-16,2.1,31.8,24.4,4.58,0.382,Mulugu,TS
2021-07-17,2.7,32.0,25.0,4.37,0.376,Mulugu,TS
2021-07-18,1.8,32.0,25.0,4.28,0.368,Mulugu,TS
2021-07-19,4.6,31.7,24.7,4.33,0.374,Mulugu,TS
2021-07-20,4.9,30.3,24.9,3.64,0.376,Mulugu,TS
2021-07-21,56.9,26.8,24.2,1.82,0.422,Mulugu,TS
2021-07-22,65.1,27.3,24.0,1.78,0.429,Mulugu,TS
2021-07-23,24.3,26.9,23.9,1.55,0.426,Mulugu,TS
2021-07-24,0.5,30.3,24.4,3.65,0.402,Mulugu,TS
2021-07-25,0.1,32.8,25.9,5.53,0.387,Mulugu,TS
2021-07-26,0.4,32.5,25.8,5.57,0.373,Mulugu,TS
2021-07-27,0.0,31.9,26.7,5.13,0.354,Mulugu,TS
2021-07-28,0.0,30.1,26.3,4.06,0.344,Mulugu,TS
2021-07-29,2.3,30.8,25.1,3.55,0.344,Mulugu,TS
2021-07-30,0.3,31.5,25.4,4.76,0.337,Mulugu,TS
2021-07-31,1.6,30.8,24.2,4.56,0.34,Mulugu,TS
2021-08-01,0.0,30.8,25.7,5.17,0.332,Mulugu,TS
2021-08-02,0.8,31.8,25.8,5.62,0.318,Mulugu,TS
2021-08-03,0.5,31.5,25.7,5.26,0.309,Mulugu,TS
2021-08-04,0.4,31.7,25.9,5.32,0.298,Mulugu,TS
2021-08-05,0.9,31.7,26.3,4.93,0.286,Mulugu,TS
2021-08-06,7.9,29.8,24.8,2.19,0.315,Mulugu,TS
2021-08-07,6.1,31.1,24.0,3.29,0.366,Mulugu,TS
2021-08-08,0.1,32.8,25.1,4.81,0.324,Mulugu,TS
2021-08-09,4.1,32.1,25.5,4.17,0.352,Mulugu,TS
2021-08-10,1.9,31.8,26.1,4.25,0.342,Mulugu,TS
2021-08-11,0.5,32.2,25.7,5.12,0.333,Mulugu,TS
2021-08-12,7.3,31.3,25.7,4.32,0.326,Mulugu,TS
2021-08-13,4.5,31.1,25.8,3.93,0.326,Mulugu,TS
2021-08-14,3.2,31.2,25.5,4.27,0.317,Mulugu,TS
2021-08-15,0.6,31.1,25.4,4.24,0.304,Mulugu,TS
2021-08-16,11.3,29.2,24.6,2.04,0.367,Mulugu,TS
2021-08-17,29.7,26.8,23.9,1.6,0.418,Mulugu,TS
2021-08-18,2.6,29.3,24.1,3.34,0.399,Mulugu,TS
2021-08-19,4.5,29.9,24.1,3.54,0.395,Mulugu,TS
2021-08-20,4.3,28.9,24.1,2.35,0.405,Mulugu,TS
2021-08-21,0.8,31.1,24.2,4.08,0.382,Mulugu,TS
2021-08-22,2.6,31.7,24.1,4.58,0.362,Mulugu,TS
2021-08-23,0.4,32.2,24.6,4.73,0.376,Mulugu,TS
2021-08-24,2.8,31.6,25.3,4.22,0.351,Mulugu,TS
2021-08-25,4.2,31.6,25.4,3.96,0.34,Mulugu,TS
2021-08-26,8.6,31.2,25.2,3.59,0.36,Mulugu,TS
2021-08-27,0.9,31.1,25.0,3.25,0.348,Mulugu,TS
2021-08-28,1.3,30.0,24.9,3.26,0.353,Mulugu,TS
2021-08-29,23.8,30.0,24.5,3.22,0.369,Mulugu,TS
2021-08-30,13.9,29.4,24.5,2.52,0.394,Mulugu,TS
2021-08-31,2.8,29.9,23.8,3.34,0.394,Mulugu,TS
2021-09-01,8.1,29.8,23.6,3.44,0.393,Mulugu,TS
2021-09-02,3.9,31.3,23.9,4.02,0.392,Mulugu,TS
2021-09-03,18.6,30.7,24.1,3.47,0.417,Mulugu,TS
2021-09-04,19.6,29.5,24.0,2.69,0.417,Mulugu,TS
2021-09-05,13.3,30.3,24.0,3.37,0.42,Mulugu,TS
2021-09-06,20.7,26.9,24.5,1.52,0.427,Mulugu,TS
2021-09-07,41.7,27.3,23.9,2.24,0.424,Mulugu,TS
2021-09-08,0.9,31.3,24.1,4.76,0.405,Mulugu,TS
2021-09-09,1.1,32.1,25.0,5.13,0.394,Mulugu,TS
2021-09-10,0.9,30.1,25.2,3.31,0.399,Mulugu,TS
2021-09-11,6.1,28.9,24.9,2.54,0.405,Mulugu,TS
2021-09-12,0.1,31.1,25.4,4.35,0.379,Mulugu,TS
2021-09-13,6.5,29.3,25.6,2.9,0.379,Mulugu,TS
2021-09-14,3.2,30.4,24.9,3.24,0.4,Mulugu,TS
2021-09-15,0.4,31.3,25.6,5.08,0.375,Mulugu,TS
2021-09-16,0.0,31.6,24.6,5.09,0.355,Mulugu,TS
2021-09-17,0.4,30.6,24.3,4.13,0.336,Mulugu,TS
2021-09-18,0.7,28.3,24.8,1.64,0.326,Mulugu,TS
2021-09-19,0.1,31.6,24.8,4.14,0.315,Mulugu,TS
2021-09-20,9.4,30.5,24.6,3.47,0.351,Mulugu,TS
2021-09-21,5.3,28.6,24.3,2.54,0.382,Mulugu,TS
2021-09-22,5.1,29.3,23.6,3.15,0.376,Mulugu,TS
2021-09-23,8.3,29.0,24.0,2.87,0.388,Mulugu,TS
2021-09-24,12.0,30.1,23.6,3.58,0.416,Mulugu,TS
2021-09-25,7.5,29.9,24.2,3.13,0.414,Mulugu,TS
2021-09-26,9.3,30.2,24.4,3.44,0.413,Mulugu,TS
2021-09-27,97.5,24.9,23.9,0.73,0.429,Mulugu,TS
2021-09-28,3.2,30.1,23.5,3.47,0.415,Mulugu,TS
2021-09-29,0.4,31.3,23.8,4.08,0.398,Mulugu,TS
2021-09-30,1.4,31.6,24.9,3.63,0.389,Mulugu,TS
2021-10-01,1.6,31.8,24.3,4.19,0.378,Mulugu,TS
2021-10-02,3.6,31.1,24.5,3.79,0.385,Mulugu,TS
2021-10-03,0.8,31.2,25.2,3.76,0.362,Mulugu,TS
2021-10-04,3.8,32.1,24.8,3.94,0.347,Mulugu,TS
2021-10-05,12.1,30.7,24.6,3.59,0.373,Mulugu,TS
2021-10-06,0.1,31.7,24.3,4.36,0.358,Mulugu,TS
2021-10-07,0.6,31.8,24.3,4.12,0.338,Mulugu,TS
2021-10-08,3.3,31.1,25.1,3.4,0.327,Mulugu,TS
2021-10-09,3.2,31.1,24.5,3.67,0.362,Mulugu,TS
2021-10-10,0.0,32.6,24.8,4.69,0.342,Mulugu,TS
2021-10-11,0.0,32.2,22.8,4.74,0.319,Mulugu,TS
2021-10-12,0.0,32.2,23.1,4.76,0.28,Mulugu,TS
2021-10-13,0.0,33.1,23.7,4.97,0.215,Mulugu,TS
2021-10-14,0.0,33.4,24.2,5.22,0.204,Mulugu,TS
2021-10-15,14.0,32.2,24.1,3.88,0.23,Mulugu,TS
2021-10-16,25.9,25.3,23.5,1.0,0.386,Mulugu,TS
2021-10-17,2.0,31.5,23.4,3.23,0.347,Mulugu,TS
2021-10-18,0.1,32.4,24.1,4.37,0.344,Mulugu,TS
2021-10-19,0.0,31.7,24.6,4.77,0.317,Mulugu,TS
2021-10-20,0.0,31.1,22.1,4.64,0.295,Mulugu,TS
2021-10-21,0.0,31.3,23.1,4.72,0.279,Mulugu,TS
2021-10-22,0.0,31.0,21.5,4.84,0.266,Mulugu,TS
2021-10-23,0.0,31.5,20.7,4.74,0.252,Mulugu,TS
2021-10-24,0.0,31.3,20.9,4.53,0.237,Mulugu,TS
2021-10-25,0.0,31.1,21.5,4.56,0.223,Mulugu,TS
2021-10-26,0.0,31.2,20.2,4.84,0.209,Mulugu,TS
2021-10-27,0.0,30.6,19.7,4.89,0.204,Mulugu,TS
2021-10-28,0.0,31.5,21.9,4.94,0.207,Mulugu,TS
2021-10-29,0.0,31.9,22.5,4.47,0.203,Mulugu,TS
2021-10-30,0.2,31.8,22.9,4.03,0.196,Mulugu,TS
2021-10-31,0.1,31.9,22.7,4.23,0.185,Mulugu,TS
2021-11-01,0.0,31.7,22.1,3.92,0.177,Mulugu,TS
2021-11-02,11.6,29.0,23.0,2.24,0.205,Mulugu,TS
2021-11-03,6.0,28.7,22.7,2.55,0.26,Mulugu,TS
2021-11-04,0.1,30.5,21.7,3.78,0.258,Mulugu,TS
2021-11-05,0.0,30.9,21.3,4.09,0.239,Mulugu,TS
2021-11-06,0.0,30.4,21.3,4.09,0.224,Mulugu,TS
2021-11-07,0.0,30.2,19.6,4.48,0.211,Mulugu,TS
2021-11-08,0.0,29.6,18.4,4.47,0.204,Mulugu,TS
2021-11-09,0.0,29.7,18.5,4.32,0.192,Mulugu,TS
2021-11-10,0.0,30.1,19.7,4.54,0.185,Mulugu,TS
2021-11-11,7.4,28.7,21.1,2.91,0.19,Mulugu,TS
2021-11-12,17.2,29.3,22.4,2.39,0.309,Mulugu,TS
2021-11-13,2.4,28.3,22.7,2.31,0.337,Mulugu,TS
2021-11-14,5.1,28.8,22.9,2.54,0.332,Mulugu,TS
2021-11-15,1.5,29.8,22.4,3.1,0.301,Mulugu,TS
2021-11-16,1.6,30.5,23.1,2.98,0.289,Mulugu,TS
2021-11-17,2.9,30.5,22.9,3.34,0.275,Mulugu,TS
2021-11-18,0.0,29.3,23.0,2.24,0.254,Mulugu,TS
2021-11-19,4.2,29.2,23.3,2.45,0.276,Mulugu,TS
2021-11-20,4.7,30.0,22.9,2.79,0.315,Mulugu,TS
2021-11-21,1.5,30.4,22.8,3.17,0.292,Mulugu,TS
2021-11-22,0.2,30.2,22.5,2.95,0.271,Mulugu,TS
2021-11-23,2.5,29.4,23.3,3.0,0.267,Mulugu,TS
2021-11-24,0.2,31.5,22.9,3.77,0.264,Mulugu,TS
2021-11-25,0.0,31.0,22.3,3.71,0.244,Mulugu,TS
2021-11-26,0.0,30.6,19.5,4.05,0.233,Mulugu,TS
2021-11-27,0.0,29.9,19.3,3.8,0.218,Mulugu,TS
2021-11-28,0.0,30.1,18.6,3.8,0.209,Mulugu,TS
2021-11-29,0.1,29.4,21.9,2.89,0.201,Mulugu,TS
2021-11-30,0.0,30.2,20.0,3.67,0.194,Mulugu,TS
2021-12-01,0.0,29.2,19.6,3.76,0.185,Mulugu,TS
2021-12-02,0.0,28.8,18.6,3.65,0.181,Mulugu,TS
2021-12-03,0.0,28.8,19.7,3.26,0.176,Mulugu,TS
2021-12-04,0.0,30.0,19.1,4.23,0.168,Mulugu,TS
2021-12-05,0.0,30.2,20.0,4.21,0.158,Mulugu,TS
2021-12-06,0.0,30.8,20.3,4.0,0.152,Mulugu,TS
2021-12-07,0.0,31.3,20.5,4.04,0.148,Mulugu,TS
2021-12-08,0.0,30.7,19.3,3.73,0.145,Mulugu,TS
2021-12-09,0.0,30.9,22.1,3.61,0.143,Mulugu,TS
2021-12-10,0.0,29.4,22.2,2.81,0.143,Mulugu,TS
2021-12-11,0.0,30.9,21.3,3.78,0.142,Mulugu,TS
2021-12-12,0.0,30.1,20.7,4.14,0.141,Mulugu,TS
2021-12-13,0.0,29.1,18.3,3.67,0.141,Mulugu,TS
2021-12-14,0.0,28.6,18.9,3.43,0.143,Mulugu,TS
2021-12-15,0.0,28.0,17.2,3.6,0.143,Mulugu,TS
2021-12-16,0.0,28.3,15.9,3.92,0.141,Mulugu,TS
2021-12-17,0.0,27.9,16.2,3.95,0.139,Mulugu,TS
2021-12-18,0.0,28.2,15.5,4.1,0.137,Mulugu,TS
2021-12-19,0.0,27.2,16.2,3.84,0.137,Mulugu,TS
2021-12-20,0.0,26.7,16.1,4.08,0.135,Mulugu,TS
2021-12-21,0.0,26.1,11.9,4.11,0.137,Mulugu,TS
2021-12-22,0.0,27.1,12.9,3.98,0.136,Mulugu,TS
2021-12-23,0.0,28.7,14.3,3.89,0.132,Mulugu,TS
2021-12-24,0.0,29.5,15.7,3.82,0.134,Mulugu,TS
2021-12-25,0.0,30.3,18.3,3.79,0.134,Mulugu,TS
2021-12-26,0.0,29.6,19.1,3.41,0.134,Mulugu,TS
2021-12-27,0.0,29.2,19.1,3.39,0.134,Mulugu,TS
2021-12-28,0.0,29.2,19.1,3.89,0.136,Mulugu,TS
2021-12-29,0.6,28.5,18.3,3.31,0.14,Mulugu,TS
2021-12-30,0.2,27.6,17.5,3.3,0.145,Mulugu,TS
2021-12-31,0.0,28.8,17.2,3.58,0.145,Mulugu,TS
2022-01-01,0.0,29.0,17.3,3.68,0.142,Mulugu,TS
2022-01-02,0.0,28.8,17.4,3.93,0.139,Mulugu,TS
2022-01-03,0.0,27.9,16.8,3.66,0.136,Mulugu,TS
2022-01-04,0.0,28.7,17.0,3.67,0.134,Mulugu,TS
2022-01-05,0.0,28.3,18.1,3.53,0.132,Mulugu,TS
2022-01-06,0.0,28.7,18.2,3.72,0.132,Mulugu,TS
2022-01-07,0.0,29.3,18.5,4.22,0.133,Mulugu,TS
2022-01-08,0.0,29.3,19.0,4.08,0.134,Mulugu,TS
2022-01-09,0.0,29.8,19.7,3.96,0.133,Mulugu,TS
2022-01-10,5.3,27.6,19.4,2.4,0.15,Mulugu,TS
2022-01-11,38.0,27.1,18.9,2.22,0.257,Mulugu,TS
2022-01-12,9.0,23.4,18.5,1.88,0.356,Mulugu,TS
2022-01-13,1.3,23.7,18.6,1.76,0.35,Mulugu,TS
2022-01-14,8.4,25.3,17.9,1.81,0.352,Mulugu,TS
2022-01-15,0.2,25.5,16.9,2.47,0.359,Mulugu,TS
2022-01-16,0.1,27.3,17.3,3.29,0.338,Mulugu,TS
2022-01-17,0.1,26.8,17.9,3.32,0.327,Mulugu,TS
2022-01-18,0.0,27.1,16.9,3.87,0.31,Mulugu,TS
2022-01-19,0.0,26.7,17.4,3.78,0.293,Mulugu,TS
2022-01-20,0.0,27.6,17.5,3.86,0.281,Mulugu,TS
2022-01-21,0.0,28.3,17.6,4.3,0.271,Mulugu,TS
2022-01-22,0.0,29.5,16.7,4.17,0.262,Mulugu,TS
2022-01-23,0.0,27.5,20.1,3.76,0.255,Mulugu,TS
2022-01-24,0.0,26.4,18.4,4.25,0.243,Mulugu,TS
2022-01-25,0.0,26.4,16.5,4.15,0.232,Mulugu,TS
2022-01-26,0.0,27.1,15.5,4.26,0.227,Mulugu,TS
2022-01-27,0.0,26.4,15.8,4.48,0.222,Mulugu,TS
2022-01-28,0.0,25.6,13.7,4.48,0.212,Mulugu,TS
2022-01-29,0.0,26.5,13.2,4.18,0.201,Mulugu,TS
2022-01-30,0.0,27.3,12.7,4.45,0.194,Mulugu,TS
2022-01-31,0.0,29.4,14.0,4.45,0.188,Mulugu,TS
2022-02-01,0.0,29.9,14.9,4.32,0.181,Mulugu,TS
2022-02-02,0.0,30.7,16.3,4.31,0.177,Mulugu,TS
2022-02-03,0.0,30.7,19.0,4.67,0.175,Mulugu,TS
2022-02-04,0.0,28.1,19.1,5.0,0.174,Mulugu,TS
2022-02-05,0.0,28.1,14.5,4.83,0.171,Mulugu,TS
2022-02-06,0.0,28.8,14.7,4.59,0.168,Mulugu,TS
2022-02-07,0.0,30.4,17.8,4.42,0.166,Mulugu,TS
2022-02-08,0.0,30.4,18.6,4.29,0.162,Mulugu,TS
2022-02-09,0.0,30.6,19.8,4.52,0.162,Mulugu,TS
2022-02-10,0.3,28.6,19.4,3.82,0.166,Mulugu,TS
2022-02-11,0.0,29.5,18.5,4.71,0.168,Mulugu,TS
2022-02-12,0.0,29.1,16.6,4.95,0.167,Mulugu,TS
2022-02-13,0.0,29.2,15.0,4.72,0.16,Mulugu,TS
2022-02-14,0.0,29.7,15.7,4.41,0.161,Mulugu,TS
2022-02-15,0.0,30.0,18.1,4.57,0.165,Mulugu,TS
2022-02-16,0.1,29.6,19.3,4.1,0.164,Mulugu,TS
2022-02-17,0.1,28.8,19.7,4.04,0.169,Mulugu,TS
2022-02-18,0.0,31.1,18.3,4.41,0.169,Mulugu,TS
2022-02-19,0.0,31.5,19.6,4.79,0.169,Mulugu,TS
2022-02-20,0.0,32.5,20.5,5.44,0.173,Mulugu,TS
2022-02-21,0.0,31.9,19.4,5.37,0.171,Mulugu,TS
2022-02-22,0.0,32.9,19.5,5.15,0.164,Mulugu,TS
2022-02-23,0.0,31.9,20.2,4.81,0.162,Mulugu,TS
2022-02-24,0.0,32.6,20.6,5.21,0.157,Mulugu,TS
2022-02-25,0.0,32.4,20.3,4.98,0.154,Mulugu,TS
2022-02-26,0.0,32.7,18.8,5.52,0.152,Mulugu,TS
2022-02-27,0.0,32.7,19.5,5.56,0.15,Mulugu,TS
2022-02-28,0.0,33.5,20.1,5.82,0.148,Mulugu,TS
2022-03-01,0.0,33.5,18.2,5.61,0.155,Mulugu,TS
2022-03-02,0.0,33.0,19.1,5.27,0.152,Mulugu,TS
2022-03-03,0.0,34.0,20.4,5.36,0.144,Mulugu,TS
2022-03-04,0.0,33.6,19.9,5.38,0.143,Mulugu,TS
2022-03-05,0.0,33.6,20.2,5.64,0.144,Mulugu,TS
2022-03-06,0.0,33.6,21.3,5.19,0.144,Mulugu,TS
2022-03-07,0.0,32.8,21.2,4.92,0.14,Mulugu,TS
2022-03-08,0.0,33.8,21.7,5.7,0.139,Mulugu,TS
2022-03-09,0.0,34.0,21.1,5.65,0.143,Mulugu,TS
2022-03-10,0.0,33.7,21.0,5.15,0.147,Mulugu,TS
2022-03-11,0.0,34.5,21.5,5.25,0.154,Mulugu,TS
2022-03-12,0.0,34.8,21.7,5.83,0.15,Mulugu,TS
2022-03-13,0.0,35.1,22.1,6.09,0.15,Mulugu,TS
2022-03-14,0.0,35.2,19.1,6.12,0.15,Mulugu,TS
2022-03-15,0.0,36.3,19.5,6.29,0.148,Mulugu,TS
2022-03-16,0.0,37.6,20.9,6.73,0.148,Mulugu,TS
2022-03-17,0.0,38.0,21.0,6.38,0.152,Mulugu,TS
2022-03-18,0.0,36.2,22.3,5.91,0.149,Mulugu,TS
2022-03-19,0.0,35.0,23.0,5.37,0.146,Mulugu,TS
2022-03-20,0.0,35.3,24.7,5.39,0.152,Mulugu,TS
2022-03-21,3.5,33.5,23.2,3.91,0.165,Mulugu,TS
2022-03-22,0.0,36.3,24.4,5.47,0.153,Mulugu,TS
2022-03-23,0.0,37.1,23.0,5.84,0.154,Mulugu,TS
2022-03-24,0.0,36.3,23.8,5.33,0.153,Mulugu,TS
2022-03-25,0.0,36.5,24.2,5.4,0.159,Mulugu,TS
2022-03-26,0.1,36.4,24.4,5.2,0.153,Mulugu,TS
2022-03-27,0.0,36.7,24.7,5.71,0.156,Mulugu,TS
2022-03-28,0.0,37.6,24.9,5.94,0.16,Mulugu,TS
2022-03-29,0.0,38.1,24.5,6.37,0.157,Mulugu,TS
2022-03-30,0.0,38.3,24.2,6.17,0.151,Mulugu,TS
2022-03-31,0.0,37.5,24.2,6.09,0.16,Mulugu,TS
2022-04-01,0.0,37.0,24.2,5.98,0.172,Mulugu,TS
2022-04-02,0.0,36.4,24.4,5.91,0.18,Mulugu,TS
2022-04-03,0.0,36.4,24.3,6.07,0.177,Mulugu,TS
2022-04-04,0.0,36.5,25.1,6.21,0.168,Mulugu,TS
2022-04-05,0.0,36.4,24.8,6.2,0.169,Mulugu,TS
2022-04-06,0.0,36.5,24.6,6.16,0.177,Mulugu,TS
2022-04-07,0.0,36.7,25.2,6.22,0.171,Mulugu,TS
2022-04-08,0.0,36.8,24.8,6.3,0.174,Mulugu,TS
2022-04-09,0.0,36.5,24.9,5.97,0.179,Mulugu,TS
2022-04-10,0.0,36.5,24.8,6.39,0.176,Mulugu,TS
2022-04-11,0.0,36.7,24.9,6.06,0.16,Mulugu,TS
2022-04-12,0.0,37.3,24.4,6.16,0.16,Mulugu,TS
2022-04-13,0.0,37.4,24.5,6.42,0.153,Mulugu,TS
2022-04-14,0.0,37.3,24.6,5.74,0.151,Mulugu,TS
2022-04-15,0.0,37.6,25.9,6.01,0.15,Mulugu,TS
2022-04-16,0.0,36.0,27.3,6.07,0.149,Mulugu,TS
2022-04-17,0.0,37.5,26.3,6.05,0.146,Mulugu,TS
2022-04-18,0.0,37.6,26.2,6.22,0.139,Mulugu,TS
2022-04-19,0.0,38.9,25.7,6.83,0.132,Mulugu,TS
2022-04-20,0.0,40.3,26.6,6.76,0.137,Mulugu,TS
2022-04-21,0.1,37.6,26.1,6.55,0.138,Mulugu,TS
2022-04-22,0.2,34.9,25.4,5.66,0.144,Mulugu,TS
2022-04-23,0.3,35.8,26.1,5.67,0.153,Mulugu,TS
2022-04-24,0.0,37.8,26.4,6.34,0.152,Mulugu,TS
2022-04-25,0.0,39.1,27.1,6.71,0.15,Mulugu,TS
2022-04-26,0.0,38.5,26.9,6.54,0.144,Mulugu,TS
2022-04-27,0.0,38.4,26.6,6.53,0.145,Mulugu,TS
2022-04-28,0.0,39.4,27.1,6.86,0.14,Mulugu,TS
2022-04-29,0.0,39.7,27.1,6.99,0.127,Mulugu,TS
2022-04-30,0.0,39.8,26.7,7.06,0.132,Mulugu,TS
2022-05-01,0.0,39.9,27.4,7.36,0.136,Mulugu,TS
2022-05-02,0.0,38.3,27.1,6.19,0.137,Mulugu,TS
2022-05-03,0.3,38.5,27.7,6.3,0.139,Mulugu,TS
2022-05-04,0.0,36.1,26.7,5.88,0.14,Mulugu,TS
2022-05-05,0.4,36.9,27.1,6.22,0.151,Mulugu,TS
2022-05-06,0.0,38.5,26.6,6.53,0.148,Mulugu,TS
2022-05-07,0.0,38.2,26.5,6.18,0.141,Mulugu,TS
2022-05-08,0.0,36.7,27.7,5.75,0.14,Mulugu,TS
2022-05-09,0.0,38.3,26.1,6.49,0.139,Mulugu,TS
2022-05-10,0.0,36.2,26.0,5.44,0.137,Mulugu,TS
2022-05-11,0.8,34.1,27.5,4.34,0.147,Mulugu,TS
2022-05-12,0.8,33.8,26.5,5.1,0.174,Mulugu,TS
2022-05-13,0.0,36.0,25.6,5.88,0.164,Mulugu,TS
2022-05-14,0.0,38.1,26.6,6.38,0.155,Mulugu,TS
2022-05-15,1.7,38.3,27.1,6.53,0.146,Mulugu,TS
2022-05-16,0.0,37.5,27.2,5.99,0.139,Mulugu,TS
2022-05-17,2.1,36.5,27.2,5.65,0.136,Mulugu,TS
2022-05-18,5.9,35.4,26.6,4.98,0.138,Mulugu,TS
2022-05-19,9.8,33.9,26.2,4.76,0.236,Mulugu,TS
2022-05-20,0.0,35.0,26.0,5.43,0.217,Mulugu,TS
2022-05-21,0.0,37.0,27.1,6.01,0.198,Mulugu,TS
2022-05-22,0.0,38.5,28.5,8.34,0.182,Mulugu,TS
2022-05-23,0.0,38.7,28.7,8.41,0.164,Mulugu,TS
2022-05-24,0.0,39.4,28.7,7.62,0.151,Mulugu,TS
2022-05-25,0.0,37.7,25.9,6.04,0.149,Mulugu,TS
2022-05-26,0.0,38.3,27.3,6.27,0.153,Mulugu,TS
2022-05-27,9.7,38.1,24.6,6.33,0.176,Mulugu,TS
2022-05-28,0.0,38.5,27.7,7.71,0.161,Mulugu,TS
2022-05-29,0.0,38.4,28.3,7.42,0.154,Mulugu,TS
2022-05-30,0.0,38.8,28.8,7.58,0.147,Mulugu,TS
2022-05-31,0.0,37.3,28.1,6.13,0.145,Mulugu,TS
2022-06-01,0.0,37.7,28.8,6.56,0.143,Mulugu,TS
2022-06-02,0.0,39.7,28.9,7.09,0.135,Mulugu,TS
2022-06-03,0.0,40.6,29.8,7.8,0.133,Mulugu,TS
2022-06-04,0.0,40.8,29.6,7.83,0.131,Mulugu,TS
2022-06-05,0.0,40.3,29.1,6.43,0.132,Mulugu,TS
2022-06-06,0.0,40.7,29.2,7.8,0.138,Mulugu,TS
2022-06-07,0.0,40.4,28.6,7.7,0.149,Mulugu,TS
2022-06-08,0.0,38.9,30.8,8.41,0.143,Mulugu,TS
2022-06-09,2.5,39.4,29.4,7.83,0.145,Mulugu,TS
2022-06-10,6.7,38.6,29.8,6.89,0.143,Mulugu,TS
2022-06-11,0.1,37.2,28.9,6.49,0.141,Mulugu,TS
2022-06-12,0.0,36.4,26.3,5.7,0.14,Mulugu,TS
2022-06-13,0.1,34.7,26.8,4.09,0.139,Mulugu,TS
2022-06-14,0.0,36.7,26.9,6.38,0.139,Mulugu,TS
2022-06-15,22.0,37.0,25.2,5.95,0.163,Mulugu,TS
2022-06-16,0.7,34.3,24.9,4.78,0.193,Mulugu,TS
2022-06-17,3.3,35.4,25.5,4.98,0.163,Mulugu,TS
2022-06-18,0.7,34.6,26.2,5.1,0.185,Mulugu,TS
2022-06-19,4.8,33.9,26.6,4.61,0.196,Mulugu,TS
2022-06-20,12.9,34.6,25.2,4.51,0.254,Mulugu,TS
2022-06-21,19.6,30.2,24.5,2.64,0.371,Mulugu,TS
2022-06-22,17.6,30.4,25.0,2.53,0.373,Mulugu,TS
2022-06-23,0.4,32.6,25.4,4.09,0.324,Mulugu,TS
2022-06-24,11.6,31.3,24.9,3.45,0.363,Mulugu,TS
2022-06-25,11.7,31.8,25.3,3.12,0.384,Mulugu,TS
2022-06-26,15.3,29.5,24.3,2.99,0.4,Mulugu,TS
2022-06-27,14.4,30.9,24.2,3.16,0.406,Mulugu,TS
2022-06-28,11.7,30.3,24.4,3.83,0.403,Mulugu,TS
2022-06-29,5.0,31.4,24.5,3.95,0.384,Mulugu,TS
2022-06-30,5.6,32.2,25.9,4.1,0.369,Mulugu,TS
2022-07-01,6.1,32.0,24.7,4.58,0.389,Mulugu,TS
2022-07-02,3.8,30.1,25.2,3.49,0.392,Mulugu,TS
2022-07-03,24.5,29.3,24.3,2.49,0.419,Mulugu,TS
2022-07-04,19.5,28.7,24.6,2.01,0.42,Mulugu,TS
2022-07-05,5.2,30.0,24.5,3.05,0.409,Mulugu,TS
2022-07-06,44.4,28.0,24.3,1.33,0.422,Mulugu,TS
2022-07-07,10.3,30.4,24.7,3.46,0.419,Mulugu,TS
2022-07-08,65.7,25.2,24.2,1.19,0.429,Mulugu,TS
2022-07-09,188.7,25.3,23.6,0.94,0.43,Mulugu,TS
2022-07-10,158.1,24.7,23.4,1.34,0.43,Mulugu,TS
2022-07-11,103.3,24.7,23.6,1.03,0.43,Mulugu,TS
2022-07-12,110.3,25.1,23.5,1.31,0.43,Mulugu,TS
2022-07-13,46.7,27.1,23.4,2.15,0.426,Mulugu,TS
2022-07-14,60.3,26.9,23.1,1.68,0.429,Mulugu,TS
2022-07-15,25.2,29.2,23.6,2.85,0.418,Mulugu,TS
2022-07-16,8.2,30.5,24.6,3.74,0.417,Mulugu,TS
2022-07-17,28.5,26.7,24.6,1.61,0.428,Mulugu,TS
2022-07-18,34.2,30.8,24.0,3.58,0.424,Mulugu,TS
2022-07-19,0.5,31.9,23.6,5.33,0.403,Mulugu,TS
2022-07-20,0.5,32.1,24.7,5.04,0.384,Mulugu,TS
2022-07-21,7.8,30.4,24.0,3.43,0.403,Mulugu,TS
2022-07-22,21.9,29.7,24.7,2.79,0.414,Mulugu,TS
2022-07-23,12.6,28.0,24.1,2.33,0.426,Mulugu,TS
2022-07-24,20.1,29.0,24.1,2.75,0.424,Mulugu,TS
2022-07-25,5.8,30.6,24.0,3.92,0.42,Mulugu,TS
2022-07-26,14.3,29.6,23.9,2.9,0.419,Mulugu,TS
2022-07-27,4.5,31.1,23.0,4.45,0.411,Mulugu,TS
2022-07-28,6.0,31.4,24.1,4.31,0.413,Mulugu,TS
2022-07-29,8.0,32.1,24.5,4.4,0.412,Mulugu,TS
2022-07-30,13.2,31.3,23.6,4.09,0.418,Mulugu,TS
2022-07-31,3.1,32.0,24.7,4.64,0.402,Mulugu,TS
2022-08-01,8.5,32.2,25.5,4.05,0.383,Mulugu,TS
2022-08-02,3.1,32.2,25.5,3.94,0.387,Mulugu,TS
2022-08-03,2.6,31.3,25.3,3.95,0.399,Mulugu,TS
2022-08-04,3.9,30.7,24.7,3.44,0.403,Mulugu,TS
2022-08-05,9.0,31.1,24.5,3.68,0.415,Mulugu,TS
2022-08-06,14.3,29.3,24.2,3.13,0.423,Mulugu,TS
2022-08-07,16.5,28.6,24.3,1.89,0.427,Mulugu,TS
2022-08-08,34.0,26.6,24.0,1.65,0.427,Mulugu,TS
2022-08-09,20.8,27.3,23.9,2.21,0.427,Mulugu,TS
2022-08-10,5.0,31.0,23.5,4.12,0.419,Mulugu,TS
2022-08-11,0.4,30.8,25.4,4.71,0.407,Mulugu,TS
2022-08-12,1.9,31.6,25.6,5.48,0.393,Mulugu,TS
2022-08-13,15.2,31.0,24.7,4.4,0.39,Mulugu,TS
2022-08-14,33.0,25.5,23.9,1.25,0.43,Mulugu,TS
2022-08-15,19.2,28.9,23.8,2.77,0.425,Mulugu,TS
2022-08-16,0.0,31.8,23.5,5.28,0.403,Mulugu,TS
2022-08-17,0.0,32.6,24.5,5.36,0.381,Mulugu,TS
2022-08-18,0.1,32.1,25.3,5.45,0.365,Mulugu,TS
2022-08-19,7.1,30.1,26.0,3.72,0.367,Mulugu,TS
2022-08-20,0.5,31.0,25.7,4.18,0.376,Mulugu,TS
2022-08-21,0.0,31.6,25.4,5.48,0.359,Mulugu,TS
2022-08-22,0.0,31.7,25.7,5.59,0.341,Mulugu,TS
2022-08-23,0.2,31.7,24.6,5.05,0.331,Mulugu,TS
2022-08-24,7.3,32.2,22.9,4.54,0.374,Mulugu,TS
2022-08-25,1.9,31.5,23.7,4.1,0.353,Mulugu,TS
2022-08-26,0.1,32.5,24.3,5.16,0.332,Mulugu,TS
2022-08-27,0.6,32.0,24.7,4.61,0.317,Mulugu,TS
2022-08-28,0.2,32.9,25.4,4.65,0.301,Mulugu,TS
2022-08-29,19.5,30.9,24.8,4.08,0.354,Mulugu,TS
2022-08-30,12.8,32.9,23.8,4.96,0.379,Mulugu,TS
2022-08-31,37.2,31.0,23.7,3.32,0.4,Mulugu,TS
2022-09-01,1.4,31.4,24.7,4.45,0.371,Mulugu,TS
2022-09-02,0.3,33.0,24.5,5.03,0.343,Mulugu,TS
2022-09-03,2.1,32.7,25.2,4.77,0.328,Mulugu,TS
2022-09-04,13.2,31.0,24.2,3.69,0.378,Mulugu,TS
2022-09-05,0.2,32.3,24.4,4.63,0.342,Mulugu,TS
2022-09-06,0.8,32.1,24.4,3.87,0.327,Mulugu,TS
2022-09-07,20.4,31.1,23.9,3.17,0.371,Mulugu,TS
2022-09-08,6.0,30.4,24.3,2.81,0.402,Mulugu,TS
2022-09-09,16.3,28.1,24.3,2.11,0.417,Mulugu,TS
2022-09-10,29.8,27.5,24.5,2.03,0.424,Mulugu,TS
2022-09-11,47.1,25.4,23.9,1.07,0.429,Mulugu,TS
2022-09-12,6.2,29.9,23.9,3.5,0.421,Mulugu,TS
2022-09-13,0.2,31.0,24.6,4.61,0.401,Mulugu,TS
2022-09-14,0.4,31.7,24.7,5.37,0.385,Mulugu,TS
2022-09-15,0.4,32.2,24.9,5.19,0.371,Mulugu,TS
2022-09-16,1.5,31.8,24.7,4.77,0.361,Mulugu,TS
2022-09-17,1.5,31.3,24.5,4.25,0.37,Mulugu,TS
2022-09-18,2.5,31.1,24.5,3.95,0.366,Mulugu,TS
2022-09-19,10.7,28.6,24.1,1.86,0.385,Mulugu,TS
2022-09-20,3.1,28.2,23.8,2.22,0.384,Mulugu,TS
2022-09-21,1.6,29.6,24.2,3.45,0.395,Mulugu,TS
2022-09-22,7.1,29.7,23.8,3.01,0.398,Mulugu,TS
2022-09-23,0.8,30.1,23.9,3.87,0.39,Mulugu,TS
2022-09-24,0.1,30.9,23.6,4.73,0.37,Mulugu,TS
2022-09-25,0.1,31.2,23.1,4.69,0.348,Mulugu,TS
2022-09-26,20.7,30.8,23.8,3.26,0.362,Mulugu,TS
2022-09-27,16.4,30.4,23.1,3.1,0.396,Mulugu,TS
2022-09-28,14.3,30.3,24.2,3.08,0.383,Mulugu,TS
2022-09-29,32.6,28.8,23.7,2.4,0.413,Mulugu,TS
2022-09-30,12.1,30.2,23.9,2.94,0.412,Mulugu,TS
2022-10-01,0.6,31.1,23.7,3.6,0.397,Mulugu,TS
2022-10-02,0.0,32.0,24.3,4.95,0.378,Mulugu,TS
2022-10-03,0.0,32.0,24.2,5.26,0.358,Mulugu,TS
2022-10-04,2.7,30.0,24.6,3.23,0.35,Mulugu,TS
2022-10-05,16.9,30.5,23.4,2.79,0.374,Mulugu,TS
2022-10-06,14.2,29.2,23.1,2.41,0.41,Mulugu,TS
2022-10-07,5.0,29.4,23.4,3.44,0.413,Mulugu,TS
2022-10-08,2.1,30.4,23.3,3.93,0.4,Mulugu,TS
2022-10-09,11.2,29.6,23.3,2.75,0.392,Mulugu,TS
2022-10-10,4.1,30.4,23.0,3.28,0.396,Mulugu,TS
2022-10-11,1.7,30.7,23.6,4.27,0.385,Mulugu,TS
2022-10-12,1.8,31.1,23.2,4.28,0.364,Mulugu,TS
2022-10-13,9.4,29.4,23.1,2.89,0.36,Mulugu,TS
2022-10-14,6.3,30.3,23.3,3.17,0.363,Mulugu,TS
2022-10-15,8.8,29.5,23.5,3.04,0.371,Mulugu,TS
2022-10-16,4.4,28.9,22.5,3.09,0.388,Mulugu,TS
2022-10-17,0.7,31.1,23.2,3.76,0.361,Mulugu,TS
2022-10-18,3.7,30.5,22.5,3.36,0.376,Mulugu,TS
2022-10-19,3.3,30.5,22.8,3.79,0.375,Mulugu,TS
2022-10-20,1.1,30.5,22.3,3.91,0.351,Mulugu,TS
2022-10-21,0.0,31.1,22.1,4.66,0.324,Mulugu,TS
2022-10-22,0.0,29.9,19.8,4.94,0.312,Mulugu,TS
2022-10-23,0.0,30.2,19.3,4.99,0.299,Mulugu,TS
2022-10-24,0.0,29.4,19.7,4.97,0.293,Mulugu,TS
2022-10-25,0.0,30.0,17.8,4.75,0.286,Mulugu,TS
2022-10-26,0.0,30.2,18.7,4.37,0.275,Mulugu,TS
2022-10-27,0.0,30.9,18.9,4.49,0.263,Mulugu,TS
2022-10-28,0.0,30.2,19.3,4.88,0.253,Mulugu,TS
2022-10-29,0.0,29.6,18.3,4.8,0.24,Mulugu,TS
2022-10-30,0.0,29.6,17.6,4.77,0.23,Mulugu,TS
2022-10-31,0.0,29.5,18.3,4.56,0.218,Mulugu,TS
2022-11-01,0.0,29.9,19.7,3.93,0.215,Mulugu,TS
2022-11-02,0.0,29.8,21.3,2.77,0.213,Mulugu,TS
2022-11-03,0.3,31.5,21.6,4.12,0.204,Mulugu,TS
2022-11-04,0.0,30.2,20.9,3.83,0.194,Mulugu,TS
2022-11-05,0.0,31.4,19.8,4.17,0.186,Mulugu,TS
2022-11-06,0.0,31.3,20.5,4.28,0.179,Mulugu,TS
2022-11-07,0.0,31.2,20.8,4.47,0.176,Mulugu,TS
2022-11-08,0.0,30.7,19.6,4.34,0.174,Mulugu,TS
2022-11-09,0.0,30.4,17.9,4.61,0.171,Mulugu,TS
2022-11-10,0.0,31.1,18.6,4.66,0.168,Mulugu,TS
2022-11-11,0.0,31.6,19.4,4.7,0.169,Mulugu,TS
2022-11-12,0.0,31.1,19.2,4.47,0.165,Mulugu,TS
2022-11-13,0.0,30.5,19.3,4.31,0.162,Mulugu,TS
2022-11-14,0.0,30.0,18.3,4.31,0.162,Mulugu,TS
2022-11-15,0.0,29.5,16.9,4.39,0.162,Mulugu,TS
2022-11-16,0.0,29.5,16.1,4.45,0.163,Mulugu,TS
2022-11-17,0.0,29.3,17.0,4.51,0.159,Mulugu,TS
2022-11-18,0.0,29.3,16.8,4.62,0.156,Mulugu,TS
2022-11-19,0.0,27.8,17.3,4.38,0.16,Mulugu,TS
2022-11-20,0.0,26.8,15.7,4.34,0.159,Mulugu,TS
2022-11-21,0.1,29.5,18.9,4.0,0.161,Mulugu,TS
2022-11-22,0.0,31.3,20.8,4.22,0.161,Mulugu,TS
2022-11-23,0.0,30.6,20.8,3.77,0.16,Mulugu,TS
2022-11-24,0.0,30.5,21.6,3.93,0.159,Mulugu,TS
2022-11-25,0.0,30.2,19.9,4.24,0.155,Mulugu,TS
2022-11-26,0.0,29.0,17.9,4.36,0.15,Mulugu,TS
2022-11-27,0.0,28.6,16.3,4.4,0.153,Mulugu,TS
2022-11-28,0.0,28.6,14.7,4.17,0.154,Mulugu,TS
2022-11-29,0.0,28.7,15.8,4.04,0.156,Mulugu,TS
2022-11-30,0.0,29.0,15.7,3.83,0.157,Mulugu,TS
2022-12-01,0.0,29.6,18.1,3.82,0.159,Mulugu,TS
2022-12-02,0.0,30.2,19.0,3.64,0.16,Mulugu,TS
2022-12-03,0.1,30.5,20.3,3.64,0.162,Mulugu,TS
2022-12-04,0.0,30.3,19.7,4.21,0.169,Mulugu,TS
2022-12-05,0.0,29.1,17.4,3.81,0.173,Mulugu,TS
2022-12-06,0.0,29.7,16.5,4.11,0.173,Mulugu,TS
2022-12-07,0.0,29.0,17.1,4.22,0.18,Mulugu,TS
2022-12-08,0.0,27.2,17.0,4.34,0.181,Mulugu,TS
2022-12-09,0.0,28.2,16.9,3.48,0.186,Mulugu,TS
2022-12-10,5.1,29.1,19.6,2.87,0.259,Mulugu,TS
2022-12-11,9.8,28.1,20.9,2.71,0.36,Mulugu,TS
2022-12-12,0.1,28.9,19.8,3.23,0.34,Mulugu,TS
2022-12-13,0.9,28.7,21.8,2.88,0.312,Mulugu,TS
2022-12-14,0.4,30.0,21.9,3.27,0.293,Mulugu,TS
2022-12-15,0.1,29.8,21.4,3.22,0.278,Mulugu,TS
2022-12-16,0.0,30.2,21.4,3.56,0.265,Mulugu,TS
2022-12-17,0.0,30.6,20.9,3.83,0.253,Mulugu,TS
2022-12-18,0.0,29.1,18.7,3.73,0.241,Mulugu,TS
2022-12-19,0.0,27.7,16.9,3.57,0.232,Mulugu,TS
2022-12-20,0.0,29.3,16.9,3.67,0.224,Mulugu,TS
2022-12-21,0.0,29.3,16.0,3.86,0.218,Mulugu,TS
2022-12-22,0.0,29.1,16.4,3.76,0.215,Mulugu,TS
2022-12-23,0.0,29.4,16.9,3.6,0.211,Mulugu,TS
2022-12-24,0.0,29.5,17.2,3.77,0.207,Mulugu,TS
2022-12-25,0.0,30.1,17.5,3.92,0.203,Mulugu,TS
2022-12-26,0.4,29.6,19.0,3.35,0.199,Mulugu,TS
2022-12-27,0.1,30.2,21.7,3.23,0.2,Mulugu,TS
2022-12-28,0.4,30.0,21.4,3.32,0.2,Mulugu,TS
2022-12-29,0.0,30.3,20.6,3.62,0.196,Mulugu,TS
2022-12-30,0.0,30.4,19.4,3.86,0.193,Mulugu,TS
2022-12-31,0.0,30.6,19.0,3.8,0.189,Mulugu,TS
2023-01-01,0.0,30.2,19.5,3.75,0.188,Mulugu,TS
2023-01-02,0.1,29.5,19.9,3.43,0.189,Mulugu,TS
2023-01-03,0.0,29.1,19.9,3.32,0.188,Mulugu,TS
2023-01-04,0.9,28.7,20.4,3.39,0.192,Mulugu,TS
2023-01-05,1.9,25.2,20.6,1.59,0.208,Mulugu,TS
2023-01-06,0.0,28.3,19.4,3.48,0.213,Mulugu,TS
2023-01-07,0.0,27.4,17.8,4.1,0.21,Mulugu,TS
2023-01-08,0.0,26.4,13.5,3.98,0.204,Mulugu,TS
2023-01-09,0.0,26.5,13.1,3.74,0.2,Mulugu,TS
2023-01-10,0.0,28.5,14.1,3.94,0.198,Mulugu,TS
2023-01-11,0.0,28.2,14.9,3.87,0.193,Mulugu,TS
2023-01-12,0.0,29.4,16.2,3.86,0.192,Mulugu,TS
2023-01-13,0.0,29.3,16.0,3.81,0.192,Mulugu,TS
2023-01-14,0.0,29.0,17.6,3.92,0.192,Mulugu,TS
2023-01-15,0.0,29.2,17.0,3.78,0.191,Mulugu,TS
2023-01-16,0.0,29.3,18.6,3.91,0.189,Mulugu,TS
2023-01-17,0.0,28.9,18.0,3.99,0.188,Mulugu,TS
2023-01-18,0.0,29.0,18.2,3.78,0.188,Mulugu,TS
2023-01-19,0.0,28.8,18.5,3.93,0.189,Mulugu,TS
2023-01-20,0.0,28.8,19.0,3.74,0.19,Mulugu,TS
2023-01-21,0.0,28.8,18.7,3.84,0.19,Mulugu,TS
2023-01-22,0.0,29.0,18.6,3.78,0.189,Mulugu,TS
2023-01-23,0.0,28.9,18.2,4.05,0.19,Mulugu,TS
2023-01-24,0.0,29.6,18.1,4.27,0.196,Mulugu,TS
2023-01-25,0.0,29.3,17.3,4.07,0.192,Mulugu,TS
2023-01-26,0.0,29.7,17.0,3.97,0.189,Mulugu,TS
2023-01-27,0.0,29.5,16.7,3.98,0.191,Mulugu,TS
2023-01-28,0.0,30.2,16.9,4.09,0.199,Mulugu,TS
2023-01-29,0.0,30.3,17.6,4.6,0.197,Mulugu,TS
2023-01-30,0.0,29.9,18.5,4.4,0.19,Mulugu,TS
2023-01-31,0.0,30.7,19.2,4.31,0.188,Mulugu,TS
2023-02-01,0.0,30.9,18.3,4.57,0.185,Mulugu,TS
2023-02-02,0.0,29.7,18.0,4.86,0.188,Mulugu,TS
2023-02-03,0.0,29.7,15.1,4.72,0.195,Mulugu,TS
2023-02-04,0.0,30.3,16.0,4.62,0.2,Mulugu,TS
2023-02-05,0.0,29.6,15.7,4.78,0.197,Mulugu,TS
2023-02-06,0.0,30.1,15.5,4.52,0.198,Mulugu,TS
2023-02-07,0.0,31.2,17.6,4.54,0.197,Mulugu,TS
2023-02-08,0.0,31.1,19.7,4.49,0.2,Mulugu,TS
2023-02-09,0.0,31.0,18.3,4.63,0.206,Mulugu,TS
2023-02-10,0.0,31.9,16.9,4.94,0.207,Mulugu,TS
2023-02-11,0.0,32.3,17.4,4.9,0.209,Mulugu,TS
2023-02-12,0.0,32.6,18.3,5.61,0.204,Mulugu,TS
2023-02-13,0.0,30.8,17.4,5.38,0.197,Mulugu,TS
2023-02-14,0.0,30.2,15.7,5.28,0.199,Mulugu,TS
2023-02-15,0.0,31.9,15.9,5.38,0.194,Mulugu,TS
2023-02-16,0.0,32.8,16.8,5.52,0.185,Mulugu,TS
2023-02-17,0.0,31.1,16.7,4.85,0.183,Mulugu,TS
2023-02-18,0.0,31.1,17.2,4.69,0.175,Mulugu,TS
2023-02-19,0.0,31.1,18.8,4.54,0.165,Mulugu,TS
2023-02-20,0.0,32.1,18.9,5.07,0.162,Mulugu,TS
2023-02-21,0.0,33.6,19.9,5.17,0.163,Mulugu,TS
2023-02-22,0.0,33.6,19.0,5.18,0.156,Mulugu,TS
2023-02-23,0.0,33.6,20.3,5.11,0.154,Mulugu,TS
2023-02-24,0.0,33.9,19.5,5.33,0.151,Mulugu,TS
2023-02-25,0.0,34.6,18.4,5.46,0.148,Mulugu,TS
2023-02-26,0.0,33.8,20.0,5.45,0.145,Mulugu,TS
2023-02-27,0.0,33.1,20.8,5.66,0.141,Mulugu,TS
2023-02-28,0.0,33.3,20.5,5.6,0.14,Mulugu,TS
2023-03-01,0.0,33.5,20.9,5.67,0.144,Mulugu,TS
2023-03-02,0.0,33.7,20.0,5.87,0.14,Mulugu,TS
2023-03-03,0.0,35.4,19.8,5.7,0.134,Mulugu,TS
2023-03-04,0.0,34.8,20.6,5.69,0.132,Mulugu,TS
2023-03-05,0.0,34.2,19.6,5.72,0.131,Mulugu,TS
2023-03-06,0.0,34.5,22.2,5.79,0.128,Mulugu,TS
2023-03-07,0.0,32.5,20.8,5.76,0.128,Mulugu,TS
2023-03-08,0.0,33.6,20.7,5.28,0.127,Mulugu,TS
2023-03-09,0.0,34.1,20.6,5.17,0.124,Mulugu,TS
2023-03-10,0.0,33.4,20.8,5.27,0.126,Mulugu,TS
2023-03-11,0.0,34.1,20.5,5.39,0.125,Mulugu,TS
2023-03-12,0.0,34.3,21.2,5.55,0.125,Mulugu,TS
2023-03-13,0.0,34.9,22.1,5.73,0.128,Mulugu,TS
2023-03-14,0.0,34.8,22.4,5.77,0.124,Mulugu,TS
2023-03-15,0.0,34.5,19.8,5.26,0.128,Mulugu,TS
2023-03-16,14.0,31.8,20.2,4.45,0.169,Mulugu,TS
2023-03-17,21.8,27.3,20.5,2.28,0.354,Mulugu,TS
2023-03-18,15.4,27.0,20.1,2.67,0.351,Mulugu,TS
2023-03-19,15.3,29.4,19.8,4.3,0.383,Mulugu,TS
2023-03-20,2.0,29.6,20.4,3.6,0.343,Mulugu,TS
2023-03-21,0.3,31.5,21.4,4.77,0.308,Mulugu,TS
2023-03-22,0.9,31.9,21.4,4.68,0.289,Mulugu,TS
2023-03-23,2.7,31.3,21.6,4.34,0.276,Mulugu,TS
2023-03-24,0.0,33.3,21.6,4.8,0.254,Mulugu,TS
2023-03-25,8.4,33.3,23.8,3.94,0.259,Mulugu,TS
2023-03-26,12.9,32.0,24.0,4.26,0.32,Mulugu,TS
2023-03-27,7.5,33.1,21.9,4.98,0.338,Mulugu,TS
2023-03-28,0.1,33.6,23.3,4.92,0.281,Mulugu,TS
2023-03-29,0.0,34.9,23.9,5.77,0.26,Mulugu,TS
2023-03-30,0.0,35.2,23.7,5.99,0.24,Mulugu,TS
2023-03-31,9.2,33.1,23.4,5.0,0.27,Mulugu,TS
2023-04-01,0.3,32.9,23.4,4.44,0.224,Mulugu,TS
2023-04-02,0.1,34.0,23.4,5.3,0.21,Mulugu,TS
2023-04-03,0.0,34.7,23.2,4.09,0.202,Mulugu,TS
2023-04-04,6.6,32.5,25.4,4.76,0.219,Mulugu,TS
2023-04-05,0.4,35.1,23.9,5.15,0.187,Mulugu,TS
2023-04-06,9.0,33.5,24.6,4.1,0.221,Mulugu,TS
2023-04-07,11.8,32.6,22.7,3.81,0.239,Mulugu,TS
2023-04-08,0.0,34.8,22.4,5.47,0.266,Mulugu,TS
2023-04-09,0.2,34.9,24.0,5.53,0.237,Mulugu,TS
2023-04-10,0.0,35.6,24.6,5.93,0.212,Mulugu,TS
2023-04-11,0.0,37.6,25.0,6.06,0.195,Mulugu,TS
2023-04-12,0.0,38.2,24.5,6.32,0.183,Mulugu,TS
2023-04-13,0.0,38.8,26.4,6.89,0.174,Mulugu,TS
2023-04-14,0.0,39.2,27.4,7.34,0.164,Mulugu,TS
2023-04-15,0.0,38.0,26.7,6.96,0.159,Mulugu,TS
2023-04-16,0.0,38.6,25.5,6.8,0.159,Mulugu,TS
2023-04-17,0.0,38.7,24.9,5.94,0.159,Mulugu,TS
2023-04-18,0.0,39.5,25.1,6.11,0.156,Mulugu,TS
2023-04-19,0.0,38.6,25.3,6.19,0.151,Mulugu,TS
2023-04-20,0.0,38.9,25.5,7.04,0.147,Mulugu,TS
2023-04-21,0.0,37.0,25.3,6.95,0.144,Mulugu,TS
2023-04-22,2.5,36.4,25.2,6.21,0.143,Mulugu,TS
2023-04-23,17.9,34.4,22.6,4.9,0.247,Mulugu,TS
2023-04-24,8.7,33.7,20.8,5.22,0.271,Mulugu,TS
2023-04-25,13.4,30.7,24.1,3.51,0.304,Mulugu,TS
2023-04-26,0.0,34.7,23.9,5.54,0.282,Mulugu,TS
2023-04-27,1.9,34.0,24.4,4.67,0.258,Mulugu,TS
2023-04-28,0.1,33.8,22.6,5.07,0.225,Mulugu,TS
2023-04-29,20.0,32.4,22.5,3.36,0.301,Mulugu,TS
2023-04-30,15.8,30.6,23.4,3.64,0.347,Mulugu,TS
2023-05-01,41.0,28.7,21.7,2.84,0.411,Mulugu,TS
2023-05-02,20.3,28.3,22.2,1.99,0.388,Mulugu,TS
2023-05-03,1.1,30.2,23.0,3.94,0.358,Mulugu,TS
2023-05-04,0.0,32.0,22.4,4.54,0.34,Mulugu,TS
2023-05-05,4.7,32.3,23.8,4.05,0.331,Mulugu,TS
2023-05-06,0.4,33.4,23.8,5.19,0.316,Mulugu,TS
2023-05-07,1.2,32.8,25.7,4.19,0.292,Mulugu,TS
2023-05-08,3.8,36.3,25.2,5.13,0.255,Mulugu,TS
2023-05-09,0.5,34.3,26.3,4.72,0.229,Mulugu,TS
2023-05-10,0.9,36.7,26.3,5.53,0.208,Mulugu,TS
2023-05-11,0.2,37.7,27.2,5.99,0.196,Mulugu,TS
2023-05-12,0.0,39.9,25.3,7.01,0.191,Mulugu,TS
2023-05-13,0.0,39.9,24.2,7.71,0.184,Mulugu,TS
2023-05-14,0.0,40.7,24.4,8.21,0.174,Mulugu,TS
2023-05-15,0.0,39.6,26.4,8.25,0.167,Mulugu,TS
2023-05-16,0.0,39.2,27.8,7.89,0.162,Mulugu,TS
2023-05-17,0.0,39.0,26.9,7.46,0.156,Mulugu,TS
2023-05-18,0.0,38.4,27.6,6.41,0.151,Mulugu,TS
2023-05-19,1.7,37.9,27.1,6.29,0.154,Mulugu,TS
2023-05-20,5.6,36.5,26.8,5.37,0.161,Mulugu,TS
2023-05-21,0.0,38.5,26.6,6.26,0.151,Mulugu,TS
2023-05-22,0.0,37.6,27.4,6.29,0.157,Mulugu,TS
2023-05-23,0.0,38.3,26.3,6.38,0.161,Mulugu,TS
2023-05-24,0.3,38.7,28.4,6.62,0.156,Mulugu,TS
2023-05-25,4.8,35.7,26.6,5.81,0.165,Mulugu,TS
2023-05-26,0.0,38.4,28.4,8.15,0.164,Mulugu,TS
2023-05-27,0.0,38.7,26.3,7.33,0.158,Mulugu,TS
2023-05-28,0.0,39.7,26.8,6.73,0.152,Mulugu,TS
2023-05-29,16.9,36.6,26.0,3.6,0.24,Mulugu,TS
2023-05-30,12.5,32.9,25.4,2.7,0.237,Mulugu,TS
2023-05-31,0.0,38.4,25.8,6.09,0.173,Mulugu,TS
2023-06-01,0.0,40.3,28.0,6.91,0.165,Mulugu,TS
2023-06-02,0.0,40.2,25.8,7.39,0.16,Mulugu,TS
2023-06-03,0.0,40.4,28.6,7.41,0.153,Mulugu,TS
2023-06-04,0.2,38.3,28.1,7.06,0.149,Mulugu,TS
2023-06-05,0.0,38.1,26.2,7.06,0.149,Mulugu,TS
2023-06-06,0.0,38.9,27.9,7.76,0.146,Mulugu,TS
2023-06-07,0.0,39.6,29.5,7.83,0.144,Mulugu,TS
2023-06-08,0.0,40.1,29.2,8.37,0.143,Mulugu,TS
2023-06-09,0.0,40.2,30.2,8.63,0.14,Mulugu,TS
2023-06-10,0.0,38.5,30.7,7.84,0.14,Mulugu,TS
2023-06-11,6.8,39.1,25.5,7.45,0.156,Mulugu,TS
2023-06-12,0.6,39.3,29.5,7.61,0.136,Mulugu,TS
2023-06-13,0.0,39.3,28.9,8.49,0.133,Mulugu,TS
2023-06-14,0.0,39.1,31.1,8.99,0.13,Mulugu,TS
2023-06-15,0.0,39.0,30.9,8.89,0.13,Mulugu,TS
2023-06-16,0.0,39.3,30.9,8.42,0.13,Mulugu,TS
2023-06-17,0.0,39.5,30.5,8.58,0.129,Mulugu,TS
2023-06-18,0.0,38.9,28.8,6.55,0.128,Mulugu,TS
2023-06-19,0.1,39.3,30.6,7.29,0.126,Mulugu,TS
2023-06-20,2.4,38.9,29.2,5.77,0.127,Mulugu,TS
2023-06-21,7.4,35.7,27.9,4.31,0.156,Mulugu,TS
2023-06-22,11.9,35.0,26.1,4.61,0.226,Mulugu,TS
2023-06-23,14.2,31.6,25.9,2.54,0.283,Mulugu,TS
2023-06-24,0.8,31.8,25.8,3.23,0.339,Mulugu,TS
2023-06-25,11.6,31.1,25.5,3.18,0.332,Mulugu,TS
2023-06-26,21.4,29.3,24.6,1.91,0.397,Mulugu,TS
2023-06-27,1.8,30.9,25.0,3.78,0.376,Mulugu,TS
2023-06-28,1.7,32.9,25.3,5.02,0.375,Mulugu,TS
2023-06-29,0.7,33.9,25.1,5.7,0.352,Mulugu,TS
2023-06-30,0.0,33.5,26.9,5.36,0.33,Mulugu,TS
2023-07-01,0.5,34.5,27.5,6.3,0.348,Mulugu,TS
2023-07-02,0.0,34.2,26.9,6.11,0.328,Mulugu,TS
2023-07-03,0.8,34.2,27.4,5.07,0.304,Mulugu,TS
2023-07-04,6.8,34.0,25.8,4.39,0.311,Mulugu,TS
2023-07-05,26.6,33.1,24.6,3.84,0.351,Mulugu,TS
2023-07-06,16.7,29.7,25.5,2.73,0.4,Mulugu,TS
2023-07-07,15.6,31.2,24.9,3.01,0.407,Mulugu,TS
2023-07-08,7.9,32.8,24.9,4.21,0.41,Mulugu,TS
2023-07-09,1.0,32.3,25.8,4.68,0.395,Mulugu,TS
2023-07-10,3.5,33.7,25.5,5.62,0.368,Mulugu,TS
2023-07-11,12.5,29.4,24.7,2.91,0.406,Mulugu,TS
2023-07-12,24.9,30.8,24.4,3.83,0.397,Mulugu,TS
2023-07-13,10.5,30.9,24.2,3.6,0.403,Mulugu,TS
2023-07-14,14.5,31.3,24.6,3.73,0.41,Mulugu,TS
2023-07-15,2.6,30.0,25.2,2.97,0.406,Mulugu,TS
2023-07-16,10.2,27.9,25.0,2.27,0.416,Mulugu,TS
2023-07-17,14.3,27.9,24.4,2.24,0.418,Mulugu,TS
2023-07-18,56.8,26.2,24.3,1.71,0.429,Mulugu,TS
2023-07-19,40.5,27.2,24.0,2.07,0.428,Mulugu,TS
2023-07-20,29.0,27.2,24.2,1.71,0.427,Mulugu,TS
2023-07-21,59.6,27.1,23.9,1.47,0.428,Mulugu,TS
2023-07-22,21.0,29.9,24.1,2.82,0.424,Mulugu,TS
2023-07-23,15.2,30.5,24.8,3.7,0.417,Mulugu,TS
2023-07-24,28.5,30.0,24.5,2.95,0.424,Mulugu,TS
2023-07-25,27.9,30.2,24.4,2.83,0.424,Mulugu,TS
2023-07-26,60.8,29.8,23.9,2.16,0.428,Mulugu,TS
2023-07-27,409.2,24.9,22.8,0.83,0.43,Mulugu,TS
2023-07-28,25.7,30.7,24.1,3.98,0.422,Mulugu,TS
2023-07-29,2.8,31.2,25.8,4.86,0.407,Mulugu,TS
2023-07-30,4.7,31.2,25.7,4.4,0.398,Mulugu,TS
2023-07-31,4.2,31.2,26.0,3.82,0.401,Mulugu,TS
2023-08-01,0.4,31.9,26.3,4.39,0.388,Mulugu,TS
2023-08-02,0.9,30.6,26.1,4.11,0.383,Mulugu,TS
2023-08-03,1.0,30.7,25.5,4.18,0.374,Mulugu,TS
2023-08-04,0.4,32.0,25.2,5.38,0.36,Mulugu,TS
2023-08-05,0.3,32.8,25.6,5.61,0.347,Mulugu,TS
2023-08-06,0.3,32.5,26.0,5.74,0.334,Mulugu,TS
2023-08-07,0.2,31.6,26.1,5.24,0.324,Mulugu,TS
2023-08-08,0.0,32.2,25.1,5.41,0.312,Mulugu,TS
2023-08-09,0.1,32.1,24.9,4.99,0.305,Mulugu,TS
2023-08-10,3.1,32.6,24.2,5.14,0.317,Mulugu,TS
2023-08-11,1.4,32.4,25.2,4.94,0.304,Mulugu,TS
2023-08-12,0.9,32.7,25.7,5.03,0.293,Mulugu,TS
2023-08-13,0.1,32.0,25.7,4.92,0.293,Mulugu,TS
2023-08-14,6.1,29.7,25.7,2.83,0.312,Mulugu,TS
2023-08-15,4.8,31.0,25.2,4.36,0.314,Mulugu,TS
2023-08-16,1.2,31.7,25.4,4.63,0.293,Mulugu,TS
2023-08-17,18.0,30.9,25.0,3.03,0.334,Mulugu,TS
2023-08-18,19.0,29.2,24.2,2.26,0.397,Mulugu,TS
2023-08-19,17.6,29.1,23.6,3.43,0.413,Mulugu,TS
2023-08-20,0.9,32.2,23.9,4.88,0.39,Mulugu,TS
2023-08-21,0.5,31.7,24.8,4.69,0.37,Mulugu,TS
2023-08-22,10.2,30.9,24.9,4.01,0.384,Mulugu,TS
2023-08-23,1.3,31.6,25.3,3.95,0.381,Mulugu,TS
2023-08-24,0.8,31.3,25.5,3.96,0.362,Mulugu,TS
2023-08-25,0.7,32.0,25.9,4.5,0.35,Mulugu,TS
2023-08-26,17.2,31.8,24.4,3.89,0.402,Mulugu,TS
2023-08-27,5.0,31.6,25.0,3.84,0.386,Mulugu,TS
2023-08-28,0.6,32.0,25.4,5.08,0.357,Mulugu,TS
2023-08-29,0.6,31.9,23.7,5.17,0.344,Mulugu,TS
2023-08-30,0.5,32.3,24.4,5.05,0.329,Mulugu,TS
2023-08-31,0.7,32.4,25.1,4.64,0.315,Mulugu,TS
2023-09-01,3.1,33.0,25.0,4.73,0.314,Mulugu,TS
2023-09-02,13.5,31.7,25.5,3.63,0.333,Mulugu,TS
2023-09-03,18.9,29.9,24.2,2.57,0.385,Mulugu,TS
2023-09-04,15.0,27.7,24.2,1.55,0.395,Mulugu,TS
2023-09-05,18.7,30.6,23.8,3.07,0.414,Mulugu,TS
2023-09-06,18.9,29.0,24.1,2.41,0.423,Mulugu,TS
2023-09-07,21.8,28.4,24.0,2.57,0.424,Mulugu,TS
2023-09-08,1.6,31.4,25.0,4.37,0.41,Mulugu,TS
2023-09-09,1.1,32.2,24.8,4.44,0.403,Mulugu,TS
2023-09-10,19.8,32.1,24.5,4.24,0.408,Mulugu,TS
2023-09-11,3.0,31.1,24.5,3.86,0.405,Mulugu,TS
2023-09-12,4.8,30.2,24.7,2.52,0.396,Mulugu,TS
2023-09-13,3.6,30.5,24.0,3.82,0.397,Mulugu,TS
2023-09-14,6.6,29.8,24.2,2.58,0.408,Mulugu,TS
2023-09-15,0.9,31.5,25.0,4.46,0.395,Mulugu,TS
2023-09-16,0.1,32.5,24.8,4.99,0.377,Mulugu,TS
2023-09-17,0.6,32.0,24.9,3.77,0.357,Mulugu,TS
2023-09-18,0.6,32.8,25.2,5.06,0.338,Mulugu,TS
2023-09-19,0.7,32.9,25.1,4.96,0.318,Mulugu,TS
2023-09-20,21.6,31.6,25.3,3.44,0.356,Mulugu,TS
2023-09-21,11.1,30.4,24.7,2.8,0.4,Mulugu,TS
2023-09-22,1.1,30.6,23.0,3.52,0.394,Mulugu,TS
2023-09-23,2.0,31.3,24.3,3.52,0.384,Mulugu,TS
2023-09-24,34.9,29.9,24.3,2.7,0.402,Mulugu,TS
2023-09-25,16.2,29.4,23.5,2.67,0.413,Mulugu,TS
2023-09-26,2.0,32.3,23.3,4.45,0.389,Mulugu,TS
2023-09-27,1.2,32.1,23.4,3.97,0.374,Mulugu,TS
2023-09-28,26.2,32.9,23.7,4.21,0.386,Mulugu,TS
2023-09-29,9.5,32.1,24.5,3.38,0.399,Mulugu,TS
2023-09-30,7.6,30.5,24.0,3.18,0.393,Mulugu,TS
2023-10-01,17.9,31.6,24.6,4.08,0.384,Mulugu,TS
2023-10-02,9.0,31.7,23.8,3.92,0.392,Mulugu,TS
2023-10-03,23.3,32.3,25.0,4.07,0.388,Mulugu,TS
2023-10-04,0.0,33.4,24.2,5.35,0.346,Mulugu,TS
2023-10-05,0.0,33.1,23.0,5.72,0.316,Mulugu,TS
2023-10-06,0.0,33.0,23.6,5.52,0.3,Mulugu,TS
2023-10-07,0.0,33.4,24.0,5.33,0.288,Mulugu,TS
2023-10-08,0.0,34.0,22.9,4.8,0.277,Mulugu,TS
2023-10-09,0.0,34.6,23.0,4.66,0.264,Mulugu,TS
2023-10-10,0.9,34.3,23.7,4.8,0.249,Mulugu,TS
2023-10-11,0.0,34.5,22.9,4.98,0.235,Mulugu,TS
2023-10-12,0.1,34.4,23.8,4.95,0.229,Mulugu,TS
2023-10-13,0.1,33.3,23.7,4.55,0.217,Mulugu,TS
2023-10-14,0.1,33.6,24.9,4.84,0.206,Mulugu,TS
2023-10-15,0.9,33.6,23.8,4.63,0.203,Mulugu,TS
2023-10-16,0.3,32.4,23.6,4.49,0.201,Mulugu,TS
2023-10-17,0.0,32.9,23.9,4.6,0.195,Mulugu,TS
2023-10-18,0.1,33.3,22.9,4.54,0.191,Mulugu,TS
2023-10-19,0.2,33.1,23.3,4.71,0.188,Mulugu,TS
2023-10-20,0.0,33.3,22.5,4.58,0.182,Mulugu,TS
2023-10-21,0.0,32.6,22.3,4.84,0.176,Mulugu,TS
2023-10-22,0.0,32.2,21.2,5.93,0.174,Mulugu,TS
2023-10-23,0.0,31.7,19.8,5.63,0.167,Mulugu,TS
2023-10-24,0.0,31.5,19.2,5.37,0.162,Mulugu,TS
2023-10-25,0.0,32.1,19.9,5.31,0.157,Mulugu,TS
2023-10-26,0.0,32.1,18.6,5.33,0.156,Mulugu,TS
2023-10-27,0.0,32.3,17.7,5.44,0.148,Mulugu,TS
2023-10-28,0.0,31.3,18.6,3.49,0.151,Mulugu,TS
2023-10-29,0.0,32.1,20.7,4.47,0.152,Mulugu,TS
2023-10-30,0.7,31.4,21.7,3.88,0.156,Mulugu,TS
2023-10-31,0.1,31.4,21.6,4.27,0.159,Mulugu,TS
2023-11-01,0.0,31.8,21.0,3.61,0.155,Mulugu,TS
2023-11-02,3.5,30.9,22.5,3.05,0.173,Mulugu,TS
2023-11-03,0.7,32.4,22.1,3.57,0.203,Mulugu,TS
2023-11-04,0.9,31.6,22.7,3.67,0.194,Mulugu,TS
2023-11-05,0.3,31.8,22.7,4.0,0.187,Mulugu,TS
2023-11-06,2.0,30.3,23.5,2.9,0.189,Mulugu,TS
2023-11-07,0.4,31.3,22.1,3.79,0.207,Mulugu,TS
2023-11-08,1.2,31.2,23.0,3.02,0.247,Mulugu,TS
2023-11-09,0.3,31.8,22.5,3.43,0.232,Mulugu,TS
2023-11-10,0.0,32.6,22.0,4.08,0.219,Mulugu,TS
2023-11-11,0.0,32.4,21.7,4.34,0.206,Mulugu,TS
2023-11-12,0.0,32.9,21.9,4.74,0.195,Mulugu,TS
2023-11-13,0.0,32.3,20.7,4.36,0.186,Mulugu,TS
2023-11-14,0.0,31.5,20.9,3.92,0.179,Mulugu,TS
2023-11-15,0.0,31.6,20.7,4.58,0.173,Mulugu,TS
2023-11-16,0.0,31.1,20.1,4.62,0.165,Mulugu,TS
2023-11-17,0.0,31.7,20.1,4.24,0.157,Mulugu,TS
2023-11-18,0.0,31.8,21.8,3.9,0.151,Mulugu,TS
2023-11-19,0.0,31.7,20.9,4.16,0.146,Mulugu,TS
2023-11-20,0.0,32.6,21.1,4.0,0.145,Mulugu,TS
2023-11-21,0.3,31.9,22.7,3.74,0.147,Mulugu,TS
2023-11-22,1.7,30.6,22.3,3.02,0.153,Mulugu,TS
2023-11-23,1.6,30.5,22.0,2.91,0.165,Mulugu,TS
2023-11-24,6.9,28.3,21.8,2.1,0.223,Mulugu,TS
2023-11-25,0.1,29.6,21.1,3.23,0.326,Mulugu,TS
2023-11-26,0.1,30.5,22.0,3.68,0.302,Mulugu,TS
2023-11-27,0.1,30.0,21.3,3.79,0.281,Mulugu,TS
2023-11-28,0.6,31.0,20.8,3.87,0.267,Mulugu,TS
2023-11-29,0.0,30.5,20.6,3.84,0.252,Mulugu,TS
2023-11-30,0.0,31.2,19.9,4.07,0.236,Mulugu,TS
2023-12-01,0.0,31.5,19.7,4.02,0.222,Mulugu,TS
2023-12-02,0.0,32.2,20.3,4.26,0.211,Mulugu,TS
2023-12-03,0.0,32.2,20.7,4.05,0.202,Mulugu,TS
2023-12-04,1.5,29.5,22.6,2.94,0.196,Mulugu,TS
2023-12-05,10.0,26.1,21.8,1.42,0.238,Mulugu,TS
2023-12-06,24.0,24.2,20.2,1.25,0.384,Mulugu,TS
2023-12-07,0.0,27.3,18.7,2.87,0.337,Mulugu,TS
2023-12-08,0.0,28.2,18.6,3.43,0.317,Mulugu,TS
2023-12-09,0.0,28.7,18.3,3.72,0.3,Mulugu,TS
2023-12-10,0.0,28.1,17.7,3.88,0.283,Mulugu,TS
2023-12-11,0.0,28.3,15.7,3.72,0.265,Mulugu,TS
2023-12-12,0.0,27.9,16.6,3.67,0.251,Mulugu,TS
2023-12-13,0.0,28.6,16.9,3.65,0.238,Mulugu,TS
2023-12-14,0.0,28.5,16.8,3.58,0.228,Mulugu,TS
2023-12-15,0.0,27.9,17.4,3.34,0.218,Mulugu,TS
2023-12-16,0.0,28.2,19.5,3.16,0.208,Mulugu,TS
2023-12-17,0.0,28.6,17.7,4.08,0.201,Mulugu,TS
2023-12-18,0.0,28.3,17.5,3.89,0.194,Mulugu,TS
2023-12-19,0.0,27.8,17.4,3.67,0.187,Mulugu,TS
2023-12-20,0.0,27.5,16.5,3.85,0.178,Mulugu,TS
2023-12-21,0.0,28.2,14.9,4.14,0.169,Mulugu,TS
2023-12-22,0.0,29.0,14.7,3.84,0.161,Mulugu,TS
2023-12-23,0.0,28.7,15.9,3.52,0.156,Mulugu,TS
2023-12-24,0.0,29.7,17.1,3.56,0.149,Mulugu,TS
2023-12-25,0.0,30.0,17.3,3.57,0.146,Mulugu,TS
2023-12-26,0.0,30.0,17.6,3.6,0.143,Mulugu,TS
2023-12-27,0.0,29.5,18.6,3.42,0.141,Mulugu,TS
2023-12-28,0.0,29.6,18.7,3.62,0.14,Mulugu,TS
2023-12-29,0.0,29.5,18.3,3.64,0.139,Mulugu,TS
2023-12-30,0.0,29.2,18.1,3.64,0.138,Mulugu,TS
2023-12-31,0.0,29.7,18.1,3.84,0.135,Mulugu,TS
2024-01-01,0.0,29.3,19.3,3.43,0.134,Mulugu,TS
2024-01-02,0.0,29.4,18.0,3.36,0.135,Mulugu,TS
2024-01-03,0.0,29.6,18.6,3.8,0.138,Mulugu,TS
2024-01-04,0.0,30.5,18.3,4.14,0.14,Mulugu,TS
2024-01-05,0.0,30.8,18.0,4.28,0.141,Mulugu,TS
2024-01-06,0.0,30.7,17.2,4.22,0.143,Mulugu,TS
2024-01-07,0.0,29.9,17.5,4.02,0.145,Mulugu,TS
2024-01-08,0.0,30.9,17.2,4.66,0.149,Mulugu,TS
2024-01-09,0.0,31.0,17.5,4.24,0.152,Mulugu,TS
2024-01-10,0.0,30.3,19.5,3.53,0.157,Mulugu,TS
2024-01-11,0.0,31.8,20.7,3.89,0.161,Mulugu,TS
2024-01-12,0.0,31.4,20.6,3.87,0.156,Mulugu,TS
2024-01-13,0.0,31.7,20.5,4.15,0.154,Mulugu,TS
2024-01-14,0.0,31.6,19.6,4.25,0.155,Mulugu,TS
2024-01-15,0.0,31.4,19.8,4.04,0.152,Mulugu,TS
2024-01-16,0.0,30.8,20.2,4.06,0.152,Mulugu,TS
2024-01-17,0.0,30.6,20.2,4.26,0.156,Mulugu,TS
2024-01-18,0.0,30.3,20.1,4.29,0.156,Mulugu,TS
2024-01-19,0.0,31.1,20.7,3.92,0.16,Mulugu,TS
2024-01-20,0.0,30.0,19.9,3.96,0.158,Mulugu,TS
2024-01-21,0.3,29.7,20.4,3.55,0.16,Mulugu,TS
2024-01-22,0.0,31.3,20.2,4.17,0.166,Mulugu,TS
2024-01-23,0.5,30.7,21.7,4.08,0.171,Mulugu,TS
2024-01-24,1.7,29.0,21.8,3.51,0.184,Mulugu,TS
2024-01-25,0.2,29.3,20.5,3.69,0.189,Mulugu,TS
2024-01-26,0.0,30.7,17.9,3.77,0.186,Mulugu,TS
2024-01-27,0.0,30.1,18.8,4.22,0.192,Mulugu,TS
2024-01-28,0.0,29.8,15.3,4.12,0.192,Mulugu,TS
2024-01-29,0.0,30.0,19.3,3.92,0.19,Mulugu,TS
2024-01-30,0.0,30.5,18.8,4.25,0.183,Mulugu,TS
2024-01-31,0.0,30.8,18.5,4.65,0.178,Mulugu,TS
2024-02-01,0.5,30.7,20.3,3.99,0.182,Mulugu,TS
2024-02-02,0.2,30.6,21.8,4.0,0.187,Mulugu,TS
2024-02-03,0.2,31.6,20.3,4.05,0.182,Mulugu,TS
2024-02-04,0.0,32.4,18.9,4.43,0.176,Mulugu,TS
2024-02-05,0.0,32.7,21.5,4.23,0.17,Mulugu,TS
2024-02-06,0.0,33.4,21.8,4.53,0.169,Mulugu,TS
2024-02-07,0.0,34.5,21.7,4.65,0.167,Mulugu,TS
2024-02-08,0.1,32.9,22.4,5.11,0.166,Mulugu,TS
2024-02-09,0.0,33.1,19.3,4.62,0.159,Mulugu,TS
2024-02-10,0.0,32.8,22.1,4.55,0.155,Mulugu,TS
2024-02-11,0.0,32.7,21.4,4.87,0.158,Mulugu,TS
2024-02-12,0.0,32.4,20.1,5.17,0.157,Mulugu,TS
2024-02-13,0.0,32.1,19.0,5.07,0.15,Mulugu,TS
2024-02-14,0.0,33.1,20.2,5.22,0.144,Mulugu,TS
2024-02-15,0.0,32.8,19.6,5.48,0.145,Mulugu,TS
2024-02-16,0.0,33.8,18.1,5.25,0.145,Mulugu,TS
2024-02-17,0.0,33.4,19.6,5.55,0.146,Mulugu,TS
2024-02-18,0.0,34.0,19.4,5.4,0.141,Mulugu,TS
2024-02-19,0.0,34.3,21.3,5.85,0.131,Mulugu,TS
2024-02-20,0.0,33.9,21.7,5.7,0.13,Mulugu,TS
2024-02-21,0.0,34.6,22.0,6.03,0.129,Mulugu,TS
2024-02-22,0.0,33.7,22.1,5.63,0.128,Mulugu,TS
2024-02-23,0.0,33.2,22.2,5.25,0.128,Mulugu,TS
2024-02-24,3.6,33.7,22.2,4.65,0.136,Mulugu,TS
2024-02-25,2.0,31.9,22.0,4.29,0.155,Mulugu,TS
2024-02-26,0.0,33.6,22.0,5.3,0.145,Mulugu,TS
2024-02-27,0.0,33.7,21.1,5.57,0.143,Mulugu,TS
2024-02-28,0.0,33.1,20.9,5.01,0.138,Mulugu,TS
2024-02-29,0.0,34.2,22.2,5.14,0.134,Mulugu,TS
2024-03-01,0.1,34.8,23.1,5.22,0.134,Mulugu,TS
2024-03-02,0.0,35.4,22.9,6.27,0.135,Mulugu,TS
2024-03-03,0.0,34.9,22.8,6.22,0.133,Mulugu,TS
2024-03-04,0.0,34.6,22.3,5.9,0.132,Mulugu,TS
2024-03-05,0.0,35.5,23.6,5.55,0.132,Mulugu,TS
2024-03-06,0.2,34.6,23.6,5.04,0.138,Mulugu,TS
2024-03-07,0.1,34.3,22.8,4.72,0.144,Mulugu,TS
2024-03-08,0.0,34.9,23.0,5.2,0.15,Mulugu,TS
2024-03-09,0.0,35.5,22.5,5.35,0.146,Mulugu,TS
2024-03-10,0.0,33.2,23.4,5.31,0.155,Mulugu,TS
2024-03-11,0.0,33.6,23.4,5.36,0.16,Mulugu,TS
2024-03-12,0.0,36.5,23.6,5.8,0.16,Mulugu,TS
2024-03-13,0.2,36.4,24.6,5.97,0.162,Mulugu,TS
2024-03-14,0.5,35.1,23.9,5.39,0.165,Mulugu,TS
2024-03-15,0.6,35.6,23.9,5.7,0.159,Mulugu,TS
2024-03-16,0.3,33.7,24.0,4.38,0.158,Mulugu,TS
2024-03-17,0.2,32.5,24.2,3.67,0.194,Mulugu,TS
2024-03-18,0.1,31.3,23.7,3.78,0.198,Mulugu,TS
2024-03-19,0.5,33.9,23.4,5.0,0.192,Mulugu,TS
2024-03-20,29.0,31.4,19.8,4.71,0.274,Mulugu,TS
2024-03-21,0.0,33.6,20.6,5.5,0.248,Mulugu,TS
2024-03-22,0.0,34.9,22.5,5.77,0.227,Mulugu,TS
2024-03-23,0.0,36.2,22.7,6.01,0.209,Mulugu,TS
2024-03-24,0.0,35.5,23.4,6.15,0.196,Mulugu,TS
2024-03-25,0.0,36.3,24.0,6.24,0.182,Mulugu,TS
2024-03-26,0.0,36.6,24.0,6.9,0.168,Mulugu,TS
2024-03-27,0.0,36.4,23.1,6.13,0.161,Mulugu,TS
2024-03-28,0.0,37.8,24.0,6.43,0.155,Mulugu,TS
2024-03-29,0.0,38.2,25.3,6.81,0.153,Mulugu,TS
2024-03-30,0.0,38.0,24.9,6.97,0.162,Mulugu,TS
2024-03-31,0.0,36.9,24.7,6.59,0.156,Mulugu,TS
2024-04-01,0.0,38.2,23.6,6.94,0.15,Mulugu,TS
2024-04-02,0.0,38.6,25.4,7.21,0.152,Mulugu,TS
2024-04-03,0.0,37.7,24.4,6.62,0.149,Mulugu,TS
2024-04-04,0.0,37.9,25.5,7.04,0.149,Mulugu,TS
2024-04-05,0.0,40.5,26.1,6.75,0.147,Mulugu,TS
2024-04-06,0.0,39.8,25.6,6.46,0.143,Mulugu,TS
2024-04-07,0.0,39.5,27.9,7.12,0.142,Mulugu,TS
2024-04-08,0.0,37.7,27.1,7.21,0.147,Mulugu,TS
2024-04-09,0.0,36.8,24.8,6.33,0.145,Mulugu,TS
2024-04-10,0.0,37.2,25.4,7.35,0.14,Mulugu,TS
2024-04-11,0.0,34.4,24.8,5.28,0.133,Mulugu,TS
2024-04-12,1.9,34.1,24.4,4.74,0.141,Mulugu,TS
2024-04-13,2.7,35.2,25.1,5.81,0.145,Mulugu,TS
2024-04-14,0.0,37.0,25.4,6.48,0.134,Mulugu,TS
2024-04-15,0.0,39.2,25.7,6.64,0.129,Mulugu,TS
2024-04-16,0.0,39.6,25.6,7.07,0.126,Mulugu,TS
2024-04-17,0.0,40.4,27.4,6.77,0.123,Mulugu,TS
2024-04-18,0.0,41.2,26.5,6.66,0.119,Mulugu,TS
2024-04-19,0.0,40.7,28.2,6.68,0.12,Mulugu,TS
2024-04-20,10.5,38.4,27.3,6.01,0.187,Mulugu,TS
2024-04-21,0.0,39.2,27.5,6.66,0.141,Mulugu,TS
2024-04-22,0.0,40.1,27.2,6.93,0.13,Mulugu,TS
2024-04-23,0.0,39.7,24.8,6.17,0.125,Mulugu,TS
2024-04-24,0.0,39.6,24.8,7.21,0.12,Mulugu,TS
2024-04-25,0.0,40.4,25.5,6.91,0.12,Mulugu,TS
2024-04-26,0.0,40.7,27.3,7.26,0.116,Mulugu,TS
2024-04-27,0.0,41.7,27.0,7.0,0.11,Mulugu,TS
2024-04-28,0.0,41.5,27.8,7.39,0.106,Mulugu,TS
2024-04-29,0.2,40.3,27.8,7.04,0.111,Mulugu,TS
2024-04-30,0.0,41.4,27.5,8.08,0.108,Mulugu,TS
2024-05-01,0.0,42.6,28.6,8.85,0.108,Mulugu,TS
2024-05-02,0.0,41.8,29.0,7.62,0.109,Mulugu,TS
2024-05-03,0.0,42.0,27.4,6.7,0.105,Mulugu,TS
2024-05-04,0.0,42.2,28.0,7.18,0.103,Mulugu,TS
2024-05-05,0.0,41.1,28.9,6.82,0.101,Mulugu,TS
2024-05-06,0.0,42.1,26.0,7.19,0.103,Mulugu,TS
2024-05-07,40.4,38.3,24.9,6.08,0.236,Mulugu,TS
2024-05-08,0.8,36.5,23.5,6.29,0.197,Mulugu,TS
2024-05-09,12.4,34.3,26.6,4.77,0.198,Mulugu,TS
2024-05-10,0.0,36.7,25.4,5.87,0.195,Mulugu,TS
2024-05-11,0.0,38.2,26.5,6.52,0.155,Mulugu,TS
2024-05-12,3.4,34.7,27.5,5.47,0.157,Mulugu,TS
2024-05-13,0.0,35.2,27.3,4.16,0.145,Mulugu,TS
2024-05-14,8.4,37.2,25.2,5.81,0.15,Mulugu,TS
2024-05-15,2.6,35.9,26.3,5.33,0.151,Mulugu,TS
2024-05-16,18.8,34.1,25.0,3.95,0.2,Mulugu,TS
2024-05-17,5.1,34.1,25.2,4.24,0.291,Mulugu,TS
2024-05-18,17.1,34.0,24.9,4.27,0.342,Mulugu,TS
2024-05-19,15.6,34.3,24.2,4.88,0.352,Mulugu,TS
2024-05-20,1.6,35.7,25.9,5.57,0.297,Mulugu,TS
2024-05-21,9.0,35.2,25.7,5.3,0.313,Mulugu,TS
2024-05-22,5.2,36.3,26.1,5.36,0.287,Mulugu,TS
2024-05-23,0.5,37.5,27.0,6.17,0.256,Mulugu,TS
2024-05-24,0.0,40.0,27.4,6.83,0.303,Mulugu,TS
2024-05-25,1.6,33.9,26.7,3.87,0.306,Mulugu,TS
2024-05-26,0.0,40.4,27.9,6.36,0.274,Mulugu,TS
2024-05-27,4.1,41.3,26.8,7.56,0.266,Mulugu,TS
2024-05-28,0.0,40.2,30.1,7.88,0.253,Mulugu,TS
2024-05-29,0.0,40.5,29.6,7.6,0.229,Mulugu,TS
2024-05-30,0.0,40.9,28.8,7.6,0.209,Mulugu,TS
2024-05-31,0.0,41.4,28.7,7.44,0.194,Mulugu,TS
2024-06-01,15.9,39.4,27.6,5.86,0.205,Mulugu,TS
2024-06-02,16.1,36.1,27.2,3.49,0.252,Mulugu,TS
2024-06-03,1.9,34.9,25.2,4.34,0.241,Mulugu,TS
2024-06-04,16.2,36.8,26.0,5.2,0.264,Mulugu,TS
2024-06-05,11.0,33.8,26.1,4.4,0.359,Mulugu,TS
2024-06-06,10.2,35.0,25.9,4.34,0.343,Mulugu,TS
2024-06-07,1.4,34.4,25.1,5.4,0.306,Mulugu,TS
2024-06-08,0.1,33.2,25.2,4.31,0.276,Mulugu,TS
2024-06-09,2.2,32.7,25.7,4.47,0.257,Mulugu,TS
2024-06-10,2.3,35.1,25.8,5.46,0.253,Mulugu,TS
2024-06-11,0.2,35.4,26.3,5.77,0.257,Mulugu,TS
2024-06-12,0.0,35.0,25.9,4.93,0.235,Mulugu,TS
2024-06-13,1.2,36.4,26.9,5.86,0.239,Mulugu,TS
2024-06-14,10.8,33.7,26.4,4.18,0.284,Mulugu,TS
2024-06-15,12.2,34.6,26.5,5.33,0.256,Mulugu,TS
2024-06-16,18.6,34.3,25.3,4.64,0.275,Mulugu,TS
2024-06-17,7.6,36.0,25.9,4.79,0.256,Mulugu,TS
2024-06-18,12.4,37.5,26.3,5.38,0.237,Mulugu,TS
2024-06-19,13.4,32.2,25.3,3.17,0.322,Mulugu,TS
2024-06-20,2.4,33.2,25.8,4.4,0.275,Mulugu,TS
2024-06-21,13.5,32.4,25.6,3.45,0.306,Mulugu,TS
2024-06-22,29.4,27.5,24.8,1.74,0.397,Mulugu,TS
2024-06-23,7.1,32.5,24.7,4.17,0.351,Mulugu,TS
2024-06-24,3.0,34.7,24.8,5.36,0.328,Mulugu,TS
2024-06-25,1.6,34.5,26.2,4.7,0.285,Mulugu,TS
2024-06-26,20.1,33.5,25.5,3.56,0.293,Mulugu,TS
2024-06-27,22.5,31.0,25.3,3.3,0.386,Mulugu,TS
2024-06-28,17.3,31.7,24.5,3.31,0.396,Mulugu,TS
2024-06-29,27.0,30.8,25.0,3.75,0.404,Mulugu,TS
2024-06-30,20.5,27.1,25.2,1.52,0.414,Mulugu,TS
2024-07-01,9.9,32.2,24.4,4.12,0.393,Mulugu,TS
2024-07-02,2.8,32.3,25.5,4.33,0.369,Mulugu,TS
2024-07-03,3.4,33.3,23.8,4.37,0.381,Mulugu,TS
2024-07-04,1.5,31.5,25.6,3.42,0.361,Mulugu,TS
2024-07-05,0.7,32.9,26.5,4.68,0.337,Mulugu,TS
2024-07-06,2.1,31.5,25.6,3.88,0.36,Mulugu,TS
2024-07-07,12.3,30.5,24.8,3.61,0.38,Mulugu,TS
2024-07-08,12.7,30.5,24.5,3.41,0.409,Mulugu,TS
2024-07-09,29.8,29.9,24.2,3.17,0.421,Mulugu,TS
2024-07-10,0.4,32.1,24.6,4.21,0.392,Mulugu,TS
2024-07-11,8.7,31.5,25.6,4.48,0.365,Mulugu,TS
2024-07-12,6.8,30.7,24.8,3.29,0.363,Mulugu,TS
2024-07-13,15.2,31.1,24.6,3.1,0.407,Mulugu,TS
2024-07-14,16.3,28.9,24.6,2.16,0.417,Mulugu,TS
2024-07-15,44.8,29.1,24.7,2.38,0.42,Mulugu,TS
2024-07-16,27.0,31.4,24.5,2.98,0.42,Mulugu,TS
2024-07-17,24.7,29.0,24.7,2.67,0.424,Mulugu,TS
2024-07-18,33.6,29.5,24.6,2.51,0.426,Mulugu,TS
2024-07-19,29.7,27.2,24.5,1.97,0.427,Mulugu,TS
2024-07-20,39.2,27.8,24.3,2.22,0.427,Mulugu,TS
2024-07-21,46.7,28.7,23.9,2.62,0.429,Mulugu,TS
2024-07-22,3.9,31.4,24.0,4.69,0.413,Mulugu,TS
2024-07-23,21.9,29.1,24.4,2.8,0.423,Mulugu,TS
2024-07-24,22.2,27.0,24.2,1.62,0.428,Mulugu,TS
2024-07-25,23.7,26.7,23.9,1.59,0.426,Mulugu,TS
2024-07-26,16.4,27.5,23.8,2.42,0.427,Mulugu,TS
2024-07-27,25.8,27.9,23.9,2.02,0.429,Mulugu,TS
2024-07-28,3.8,30.4,23.8,3.76,0.419,Mulugu,TS
2024-07-29,4.1,32.1,24.9,4.59,0.409,Mulugu,TS
2024-07-30,8.5,32.3,25.2,4.67,0.41,Mulugu,TS
2024-07-31,5.6,30.3,25.0,3.41,0.417,Mulugu,TS
2024-08-01,20.9,30.6,24.1,2.8,0.421,Mulugu,TS
2024-08-02,27.9,28.5,24.6,2.15,0.427,Mulugu,TS
2024-08-03,7.4,30.2,24.3,3.04,0.42,Mulugu,TS
2024-08-04,6.3,31.5,25.3,4.44,0.409,Mulugu,TS
2024-08-05,4.8,31.9,24.4,4.75,0.398,Mulugu,TS
2024-08-06,7.3,30.2,24.8,3.18,0.403,Mulugu,TS
2024-08-07,22.0,26.0,24.0,1.14,0.427,Mulugu,TS
2024-08-08,5.3,29.9,23.7,2.88,0.421,Mulugu,TS
2024-08-09,0.4,32.2,23.5,5.06,0.403,Mulugu,TS
2024-08-10,0.4,31.9,24.5,5.06,0.387,Mulugu,TS
2024-08-11,3.0,31.2,24.4,4.19,0.386,Mulugu,TS
2024-08-12,2.3,31.6,24.9,4.35,0.379,Mulugu,TS
2024-08-13,0.7,32.5,25.1,4.95,0.363,Mulugu,TS
2024-08-14,0.2,32.5,26.0,3.96,0.347,Mulugu,TS
2024-08-15,1.4,31.6,25.7,3.31,0.334,Mulugu,TS
2024-08-16,5.6,31.6,25.3,2.88,0.341,Mulugu,TS
2024-08-17,1.1,31.7,25.0,4.11,0.368,Mulugu,TS
2024-08-18,9.1,31.6,24.9,3.69,0.405,Mulugu,TS
2024-08-19,12.8,30.3,25.0,2.94,0.416,Mulugu,TS
2024-08-20,3.0,32.0,25.0,3.97,0.408,Mulugu,TS
2024-08-21,20.1,33.1,24.4,4.68,0.412,Mulugu,TS
2024-08-22,9.1,31.5,24.5,2.97,0.414,Mulugu,TS
2024-08-23,1.0,31.4,25.3,4.2,0.396,Mulugu,TS
2024-08-24,9.3,29.2,24.8,3.01,0.413,Mulugu,TS
2024-08-25,1.0,30.3,24.3,4.4,0.41,Mulugu,TS
2024-08-26,0.9,32.1,24.7,5.15,0.398,Mulugu,TS
2024-08-27,0.4,31.9,24.5,5.17,0.382,Mulugu,TS
2024-08-28,1.4,31.6,24.7,4.83,0.384,Mulugu,TS
2024-08-29,3.2,30.2,25.4,3.21,0.373,Mulugu,TS
2024-08-30,25.8,27.6,24.1,1.71,0.41,Mulugu,TS
2024-08-31,71.8,28.1,23.5,1.8,0.428,Mulugu,TS
2024-09-01,38.6,28.6,23.8,1.89,0.426,Mulugu,TS
2024-09-02,2.5,28.5,23.9,1.97,0.418,Mulugu,TS
2024-09-03,5.3,29.0,24.2,2.34,0.415,Mulugu,TS
2024-09-04,23.0,28.1,24.1,2.35,0.426,Mulugu,TS
2024-09-05,9.8,29.5,23.8,2.56,0.424,Mulugu,TS
2024-09-06,23.7,30.7,24.0,3.48,0.421,Mulugu,TS
2024-09-07,20.9,29.1,24.2,2.54,0.423,Mulugu,TS
2024-09-08,6.5,26.7,24.7,1.71,0.421,Mulugu,TS
2024-09-09,42.2,25.5,24.3,0.99,0.427,Mulugu,TS
2024-09-10,4.5,29.9,23.9,3.02,0.422,Mulugu,TS
2024-09-11,0.1,31.8,24.8,5.31,0.404,Mulugu,TS
2024-09-12,0.8,31.2,24.4,4.84,0.39,Mulugu,TS
2024-09-13,0.9,31.1,24.5,4.46,0.379,Mulugu,TS
2024-09-14,0.4,30.2,23.9,4.83,0.37,Mulugu,TS
2024-09-15,0.0,31.0,23.5,5.01,0.358,Mulugu,TS
2024-09-16,0.6,30.0,24.0,4.02,0.353,Mulugu,TS
2024-09-17,0.0,31.2,25.2,5.17,0.341,Mulugu,TS
2024-09-18,0.0,31.4,23.3,5.18,0.33,Mulugu,TS
2024-09-19,0.0,32.0,23.8,4.9,0.318,Mulugu,TS
2024-09-20,1.7,31.8,24.9,3.63,0.311,Mulugu,TS
2024-09-21,17.8,31.3,24.1,3.78,0.384,Mulugu,TS
2024-09-22,6.7,31.2,23.8,3.35,0.387,Mulugu,TS
2024-09-23,18.8,31.1,24.4,2.93,0.402,Mulugu,TS
2024-09-24,1.8,31.3,24.3,2.84,0.399,Mulugu,TS
2024-09-25,14.3,29.8,23.8,2.53,0.413,Mulugu,TS
2024-09-26,2.9,30.2,24.4,3.24,0.411,Mulugu,TS
2024-09-27,0.5,31.3,25.1,4.39,0.388,Mulugu,TS
2024-09-28,1.3,31.2,24.6,3.9,0.372,Mulugu,TS
2024-09-29,2.1,31.2,24.6,4.1,0.354,Mulugu,TS
2024-09-30,4.1,31.7,24.4,4.12,0.377,Mulugu,TS
2024-10-01,8.6,33.3,24.9,4.24,0.353,Mulugu,TS
2024-10-02,4.1,32.9,24.1,4.41,0.349,Mulugu,TS
2024-10-03,0.6,33.4,25.0,4.72,0.33,Mulugu,TS
2024-10-04,0.0,33.4,25.2,4.83,0.313,Mulugu,TS
2024-10-05,0.2,32.3,24.7,4.4,0.302,Mulugu,TS
2024-10-06,1.4,33.5,24.5,4.44,0.292,Mulugu,TS
2024-10-07,0.4,32.0,23.6,3.75,0.281,Mulugu,TS
2024-10-08,0.1,32.1,24.0,4.21,0.268,Mulugu,TS
2024-10-09,0.5,32.0,24.0,4.35,0.259,Mulugu,TS
2024-10-10,0.6,32.1,23.6,4.32,0.266,Mulugu,TS
2024-10-11,2.8,31.6,23.5,3.99,0.295,Mulugu,TS
2024-10-12,5.1,31.8,24.0,3.73,0.305,Mulugu,TS
2024-10-13,0.4,31.4,23.4,4.03,0.315,Mulugu,TS
2024-10-14,2.0,32.9,23.8,4.21,0.28,Mulugu,TS
2024-10-15,0.7,32.5,23.7,3.91,0.263,Mulugu,TS
2024-10-16,0.6,32.7,23.6,4.26,0.245,Mulugu,TS
2024-10-17,3.3,30.2,25.0,3.04,0.249,Mulugu,TS
2024-10-18,1.4,32.1,24.2,4.09,0.263,Mulugu,TS
2024-10-19,5.0,32.4,23.7,4.12,0.255,Mulugu,TS
2024-10-20,1.9,31.6,23.1,3.16,0.265,Mulugu,TS
2024-10-21,18.4,30.9,22.7,2.81,0.276,Mulugu,TS
2024-10-22,1.1,31.2,23.1,3.89,0.28,Mulugu,TS
2024-10-23,0.0,33.0,22.6,5.07,0.232,Mulugu,TS
2024-10-24,0.0,31.6,22.0,5.32,0.22,Mulugu,TS
2024-10-25,0.0,31.8,21.8,5.2,0.212,Mulugu,TS
2024-10-26,0.0,32.5,23.3,5.3,0.202,Mulugu,TS
2024-10-27,0.0,31.8,21.9,4.2,0.193,Mulugu,TS
2024-10-28,0.6,32.4,23.6,4.06,0.182,Mulugu,TS
2024-10-29,0.6,31.8,24.0,3.29,0.183,Mulugu,TS
2024-10-30,16.2,28.9,22.6,2.27,0.247,Mulugu,TS
2024-10-31,12.6,30.8,22.4,3.31,0.26,Mulugu,TS
2024-11-01,5.0,29.2,22.3,2.84,0.332,Mulugu,TS
2024-11-02,0.0,32.4,22.5,4.07,0.286,Mulugu,TS
2024-11-03,0.2,31.4,22.7,3.75,0.265,Mulugu,TS
2024-11-04,0.1,31.8,21.6,4.1,0.245,Mulugu,TS
2024-11-05,0.0,32.5,20.7,4.41,0.228,Mulugu,TS
2024-11-06,0.0,32.1,20.0,4.89,0.215,Mulugu,TS
2024-11-07,0.0,31.8,19.7,4.51,0.205,Mulugu,TS
2024-11-08,0.0,31.7,20.6,4.3,0.195,Mulugu,TS
2024-11-09,0.0,32.3,20.9,4.32,0.187,Mulugu,TS
2024-11-10,0.0,31.4,20.6,4.61,0.18,Mulugu,TS
2024-11-11,0.0,31.4,19.4,4.77,0.176,Mulugu,TS
2024-11-12,0.0,32.2,20.9,4.4,0.177,Mulugu,TS
2024-11-13,0.3,31.2,21.0,3.9,0.187,Mulugu,TS
2024-11-14,0.0,31.3,21.9,4.07,0.182,Mulugu,TS
2024-11-15,0.0,30.9,21.4,4.1,0.168,Mulugu,TS
2024-11-16,0.0,30.0,20.3,4.43,0.168,Mulugu,TS
2024-11-17,0.0,29.4,18.7,4.19,0.173,Mulugu,TS
2024-11-18,0.0,28.6,17.7,4.04,0.163,Mulugu,TS
2024-11-19,0.0,28.4,17.3,3.94,0.154,Mulugu,TS
2024-11-20,0.0,28.3,17.3,3.96,0.16,Mulugu,TS
2024-11-21,0.0,28.2,16.9,3.81,0.17,Mulugu,TS
2024-11-22,0.0,27.9,17.0,3.8,0.176,Mulugu,TS
2024-11-23,0.0,28.1,17.2,3.68,0.179,Mulugu,TS
2024-11-24,0.0,27.9,16.9,3.63,0.184,Mulugu,TS
2024-11-25,0.0,27.7,16.7,3.9,0.192,Mulugu,TS
2024-11-26,0.0,28.1,16.1,4.11,0.198,Mulugu,TS
2024-11-27,0.0,27.8,16.5,4.08,0.205,Mulugu,TS
2024-11-28,0.0,27.4,16.8,4.35,0.212,Mulugu,TS
2024-11-29,0.0,28.6,17.0,3.91,0.218,Mulugu,TS
2024-11-30,3.6,26.3,21.1,2.09,0.233,Mulugu,TS
2024-12-01,2.7,28.1,21.8,1.64,0.264,Mulugu,TS
2024-12-02,4.9,28.8,22.3,2.09,0.299,Mulugu,TS
2024-12-03,0.9,29.8,21.2,3.0,0.293,Mulugu,TS
2024-12-04,0.6,29.7,21.9,2.68,0.278,Mulugu,TS
2024-12-05,1.5,29.3,22.4,2.53,0.276,Mulugu,TS
2024-12-06,0.8,29.6,21.6,2.95,0.276,Mulugu,TS
2024-12-07,0.7,30.0,21.9,3.31,0.277,Mulugu,TS
2024-12-08,0.5,28.8,22.5,2.88,0.3,Mulugu,TS
2024-12-09,0.3,28.4,21.6,2.72,0.303,Mulugu,TS
2024-12-10,0.0,29.4,20.5,3.63,0.293,Mulugu,TS
2024-12-11,0.0,27.8,17.1,4.0,0.282,Mulugu,TS
2024-12-12,0.0,27.5,15.5,3.79,0.279,Mulugu,TS
2024-12-13,0.0,27.8,16.5,3.97,0.277,Mulugu,TS
2024-12-14,0.0,27.5,16.6,3.96,0.274,Mulugu,TS
2024-12-15,0.0,26.8,14.9,3.99,0.27,Mulugu,TS
2024-12-16,0.0,26.9,13.4,3.74,0.269,Mulugu,TS
2024-12-17,0.0,27.7,13.5,3.69,0.269,Mulugu,TS
2024-12-18,0.0,28.2,15.5,3.83,0.269,Mulugu,TS
2024-12-19,0.0,29.0,16.6,3.41,0.264,Mulugu,TS
2024-12-20,0.2,30.7,21.1,3.39,0.257,Mulugu,TS
2024-12-21,0.3,29.7,20.9,3.5,0.259,Mulugu,TS
2024-12-22,0.0,29.9,19.8,3.84,0.267,Mulugu,TS
2024-12-23,0.0,30.2,18.4,3.89,0.273,Mulugu,TS
2024-12-24,0.2,28.5,21.4,3.08,0.276,Mulugu,TS
2024-12-25,1.4,25.8,21.1,2.18,0.292,Mulugu,TS
2024-12-26,1.6,28.5,20.3,2.62,0.322,Mulugu,TS
2024-12-27,0.6,28.8,20.6,2.66,0.314,Mulugu,TS
2024-12-28,0.0,30.1,19.0,4.0,0.298,Mulugu,TS
2024-12-29,0.0,29.3,19.1,3.39,0.289,Mulugu,TS
2024-12-30,0.0,30.4,19.1,3.68,0.279,Mulugu,TS
2024-12-31,0.0,29.5,19.2,3.51,0.267,Mulugu,TS
2025-01-01,0.0,29.2,19.1,4.0,0.261,Mulugu,TS
2025-01-02,0.0,28.4,16.3,4.23,0.254,Mulugu,TS
2025-01-03,0.0,28.5,15.1,3.86,0.255,Mulugu,TS
2025-01-04,0.0,28.4,15.4,3.7,0.245,Mulugu,TS
2025-01-05,0.0,28.4,15.8,3.55,0.231,Mulugu,TS
2025-01-06,0.0,27.8,18.1,3.49,0.225,Mulugu,TS
2025-01-07,0.0,28.9,16.4,4.04,0.223,Mulugu,TS
2025-01-08,0.0,27.6,16.4,4.26,0.224,Mulugu,TS
2025-01-09,0.0,27.8,14.3,3.82,0.225,Mulugu,TS
2025-01-10,0.0,27.7,15.7,3.72,0.225,Mulugu,TS
2025-01-11,0.0,28.2,16.2,3.65,0.227,Mulugu,TS
2025-01-12,0.0,28.7,17.3,3.6,0.231,Mulugu,TS
2025-01-13,0.0,28.7,17.7,3.69,0.236,Mulugu,TS
2025-01-14,0.0,29.4,17.8,3.67,0.251,Mulugu,TS
2025-01-15,0.0,28.8,18.0,3.46,0.271,Mulugu,TS
2025-01-16,0.0,28.5,19.4,3.37,0.294,Mulugu,TS
2025-01-17,0.1,28.7,18.8,3.52,0.312,Mulugu,TS
2025-01-18,0.0,28.7,17.2,3.73,0.32,Mulugu,TS
2025-01-19,0.0,29.3,15.8,4.03,0.321,Mulugu,TS
2025-01-20,0.0,29.3,15.9,4.26,0.323,Mulugu,TS
2025-01-21,0.0,29.9,15.2,4.14,0.315,Mulugu,TS
2025-01-22,0.0,30.2,16.0,3.86,0.309,Mulugu,TS
2025-01-23,0.0,29.7,17.9,3.79,0.304,Mulugu,TS
2025-01-24,0.0,30.3,17.2,4.0,0.303,Mulugu,TS
2025-01-25,0.0,30.4,17.5,3.73,0.308,Mulugu,TS
2025-01-26,0.0,31.1,17.8,4.06,0.314,Mulugu,TS
2025-01-27,0.0,30.7,18.1,4.29,0.3,Mulugu,TS
2025-01-28,0.0,30.6,17.9,4.25,0.296,Mulugu,TS
2025-01-29,0.0,29.9,19.6,4.09,0.301,Mulugu,TS
2025-01-30,0.0,30.0,19.2,4.23,0.311,Mulugu,TS
2025-01-31,0.0,31.1,19.8,4.45,0.319,Mulugu,TS
2025-02-01,0.0,32.2,20.2,4.6,0.307,Mulugu,TS
2025-02-02,0.0,32.1,20.3,4.61,0.307,Mulugu,TS
2025-02-03,0.0,33.4,19.6,4.53,0.306,Mulugu,TS
2025-02-04,0.0,33.1,19.4,4.75,0.318,Mulugu,TS
2025-02-05,0.0,32.6,20.3,4.67,0.319,Mulugu,TS
2025-02-06,0.0,32.4,21.0,4.77,0.314,Mulugu,TS
2025-02-07,0.0,32.4,19.8,4.49,0.295,Mulugu,TS
2025-02-08,0.0,32.9,20.0,4.92,0.279,Mulugu,TS
2025-02-09,0.0,32.8,19.5,4.57,0.263,Mulugu,TS
2025-02-10,0.0,32.1,20.8,4.62,0.244,Mulugu,TS
2025-02-11,0.0,32.6,20.8,4.85,0.219,Mulugu,TS
2025-02-12,0.0,33.1,21.0,5.11,0.207,Mulugu,TS
2025-02-13,0.0,32.5,20.4,5.13,0.211,Mulugu,TS
2025-02-14,0.0,32.0,19.2,5.45,0.205,Mulugu,TS
2025-02-15,0.0,33.0,18.5,5.57,0.202,Mulugu,TS
2025-02-16,0.0,33.2,17.9,5.05,0.191,Mulugu,TS
2025-02-17,0.0,32.9,20.0,5.17,0.181,Mulugu,TS
2025-02-18,0.0,33.4,20.5,5.28,0.173,Mulugu,TS
2025-02-19,0.0,33.8,21.2,5.52,0.177,Mulugu,TS
2025-02-20,0.0,32.9,21.2,4.91,0.176,Mulugu,TS
2025-02-21,0.3,32.7,22.0,4.73,0.168,Mulugu,TS
2025-02-22,0.0,32.9,21.3,4.81,0.174,Mulugu,TS
2025-02-23,0.0,34.7,19.6,5.28,0.164,Mulugu,TS
2025-02-24,0.0,33.8,17.8,5.21,0.152,Mulugu,TS
2025-02-25,0.0,33.0,20.6,4.95,0.151,Mulugu,TS
2025-02-26,0.0,33.3,21.2,5.04,0.161,Mulugu,TS
2025-02-27,0.0,32.6,21.2,5.14,0.173,Mulugu,TS
2025-02-28,0.0,33.4,21.3,5.31,0.169,Mulugu,TS
2025-03-01,0.0,33.9,21.3,5.6,0.166,Mulugu,TS
2025-03-02,0.0,34.7,21.5,5.59,0.174,Mulugu,TS
2025-03-03,0.0,35.3,21.2,5.9,0.173,Mulugu,TS
2025-03-04,0.0,36.7,22.0,6.23,0.167,Mulugu,TS
2025-03-05,0.0,34.9,21.5,6.82,0.164,Mulugu,TS
2025-03-06,0.0,33.1,18.1,6.55,0.178,Mulugu,TS
2025-03-07,0.0,34.4,17.0,6.01,0.184,Mulugu,TS
2025-03-08,0.0,34.4,18.3,5.75,0.171,Mulugu,TS
2025-03-09,0.0,34.9,21.0,5.43,0.162,Mulugu,TS
2025-03-10,0.0,34.8,21.4,5.63,0.176,Mulugu,TS
2025-03-11,0.0,35.6,21.5,5.77,0.182,Mulugu,TS
2025-03-12,0.0,35.7,22.3,6.08,0.177,Mulugu,TS
2025-03-13,0.0,36.8,23.4,6.39,0.168,Mulugu,TS
2025-03-14,0.0,37.0,24.0,6.06,0.159,Mulugu,TS
2025-03-15,0.0,37.2,23.3,6.66,0.157,Mulugu,TS
2025-03-16,0.0,37.7,22.5,7.29,0.148,Mulugu,TS
2025-03-17,0.0,37.1,22.2,6.55,0.142,Mulugu,TS
2025-03-18,0.0,37.2,22.3,6.41,0.137,Mulugu,TS
2025-03-19,0.0,36.9,22.6,6.64,0.142,Mulugu,TS
2025-03-20,0.0,35.6,22.5,6.46,0.139,Mulugu,TS
2025-03-21,0.0,34.6,22.9,5.92,0.142,Mulugu,TS
2025-03-22,0.7,34.5,23.2,5.64,0.146,Mulugu,TS
2025-03-23,0.1,34.0,23.9,5.43,0.144,Mulugu,TS
2025-03-24,0.0,35.4,24.0,5.67,0.151,Mulugu,TS
2025-03-25,0.0,35.3,23.5,5.95,0.16,Mulugu,TS
2025-03-26,0.0,35.7,22.5,5.99,0.167,Mulugu,TS
2025-03-27,0.0,36.4,23.3,6.4,0.169,Mulugu,TS
2025-03-28,0.0,36.7,23.9,6.71,0.174,Mulugu,TS
2025-03-29,0.0,37.5,23.7,6.42,0.186,Mulugu,TS
2025-03-30,0.0,37.1,24.7,6.66,0.198,Mulugu,TS
2025-03-31,0.0,36.0,23.2,6.31,0.203,Mulugu,TS
2025-04-01,0.3,34.8,24.0,5.89,0.202,Mulugu,TS
2025-04-02,0.0,33.4,23.7,4.95,0.201,Mulugu,TS
2025-04-03,13.4,32.3,22.5,4.25,0.23,Mulugu,TS
2025-04-04,7.0,33.1,22.4,4.66,0.301,Mulugu,TS
2025-04-05,0.0,35.2,24.5,5.71,0.275,Mulugu,TS
2025-04-06,0.0,36.7,23.7,6.22,0.249,Mulugu,TS
2025-04-07,0.0,36.5,24.0,6.31,0.225,Mulugu,TS
2025-04-08,7.5,36.1,24.6,5.68,0.22,Mulugu,TS
2025-04-09,0.0,35.3,24.2,5.99,0.219,Mulugu,TS
2025-04-10,0.7,35.3,24.4,5.98,0.221,Mulugu,TS
2025-04-11,0.0,36.6,24.8,6.56,0.231,Mulugu,TS
2025-04-12,0.0,38.4,24.8,6.95,0.213,Mulugu,TS
2025-04-13,1.0,34.3,24.8,6.0,0.211,Mulugu,TS
2025-04-14,0.6,35.7,23.9,6.15,0.208,Mulugu,TS
2025-04-15,0.8,35.2,24.3,6.1,0.213,Mulugu,TS
2025-04-16,0.2,35.3,24.3,6.15,0.213,Mulugu,TS
2025-04-17,0.0,36.8,24.9,6.28,0.217,Mulugu,TS
2025-04-18,0.4,35.6,25.4,5.94,0.242,Mulugu,TS
2025-04-19,0.0,36.1,26.2,5.94,0.249,Mulugu,TS
2025-04-20,0.1,37.9,27.0,6.3,0.239,Mulugu,TS
2025-04-21,0.0,37.4,26.7,6.35,0.24,Mulugu,TS
2025-04-22,0.0,38.4,26.8,6.72,0.244,Mulugu,TS
2025-04-23,0.0,38.2,26.4,7.01,0.249,Mulugu,TS
2025-04-24,0.0,38.3,26.2,7.43,0.236,Mulugu,TS
2025-04-25,0.0,37.8,26.7,7.17,0.243,Mulugu,TS
2025-04-26,0.0,37.0,26.1,6.66,0.241,Mulugu,TS
2025-04-27,1.0,32.9,25.6,3.33,0.233,Mulugu,TS
2025-04-28,0.0,35.9,25.3,6.4,0.232,Mulugu,TS
2025-04-29,0.0,36.8,25.4,6.76,0.219,Mulugu,TS
2025-04-30,0.5,36.8,26.0,6.5,0.222,Mulugu,TS
2025-05-01,0.4,36.8,25.4,6.12,0.237,Mulugu,TS
2025-05-02,0.0,36.2,26.0,6.48,0.244,Mulugu,TS
2025-05-03,0.6,37.5,26.4,6.23,0.249,Mulugu,TS
2025-05-04,0.0,36.1,25.4,5.96,0.259,Mulugu,TS
2025-05-05,0.6,36.5,23.3,5.91,0.276,Mulugu,TS
2025-05-06,7.2,35.9,23.5,6.02,0.289,Mulugu,TS
2025-05-07,0.0,36.2,25.3,6.15,0.271,Mulugu,TS
2025-05-08,3.1,36.7,24.8,6.28,0.289,Mulugu,TS
2025-05-09,0.0,35.6,25.2,6.2,0.262,Mulugu,TS
2025-05-10,0.6,35.5,26.4,5.99,0.259,Mulugu,TS
2025-05-11,0.0,37.5,26.8,6.19,0.262,Mulugu,TS
2025-05-12,0.0,37.7,26.5,6.22,0.252,Mulugu,TS
2025-05-13,0.0,38.6,27.1,6.47,0.245,Mulugu,TS
2025-05-14,0.0,37.3,27.1,6.51,0.261,Mulugu,TS
2025-05-15,0.0,35.7,28.7,4.91,0.262,Mulugu,TS
2025-05-16,0.8,36.1,27.1,5.47,0.274,Mulugu,TS
2025-05-17,0.0,34.8,25.5,4.84,0.273,Mulugu,TS
2025-05-18,0.1,36.0,27.1,5.58,0.259,Mulugu,TS
2025-05-19,0.4,36.0,26.8,5.0,0.266,Mulugu,TS
2025-05-20,0.1,36.9,27.5,5.55,0.261,Mulugu,TS
2025-05-21,39.0,35.0,24.5,4.06,0.377,Mulugu,TS
2025-05-22,9.8,31.4,24.2,2.67,0.416,Mulugu,TS
2025-05-23,1.3,34.7,24.5,4.93,0.406,Mulugu,TS
2025-05-24,3.3,34.7,26.4,5.69,0.395,Mulugu,TS
2025-05-25,2.5,35.0,26.6,5.86,0.387,Mulugu,TS
2025-05-26,6.3,34.8,26.0,4.27,0.394,Mulugu,TS
2025-05-27,21.2,35.0,25.5,4.48,0.4,Mulugu,TS
2025-05-28,4.6,32.8,25.3,4.0,0.414,Mulugu,TS
2025-05-29,2.3,34.0,26.5,3.97,0.402,Mulugu,TS
2025-05-30,0.7,35.9,26.8,5.18,0.397,Mulugu,TS
2025-05-31,0.1,36.2,26.9,6.93,0.394,Mulugu,TS
2025-06-01,0.0,36.7,27.9,7.6,0.377,Mulugu,TS
2025-06-02,2.2,35.7,25.6,7.28,0.363,Mulugu,TS
2025-06-03,0.2,35.4,26.8,6.71,0.343,Mulugu,TS
2025-06-04,0.1,36.0,26.6,6.6,0.326,Mulugu,TS
2025-06-05,0.2,34.1,24.2,5.6,0.356,Mulugu,TS
2025-06-06,0.0,36.5,26.3,6.2,0.35,Mulugu,TS
2025-06-07,0.2,37.3,26.8,6.32,0.337,Mulugu,TS
2025-06-08,0.0,37.3,27.1,6.83,0.333,Mulugu,TS
2025-06-09,6.6,33.8,25.6,5.0,0.348,Mulugu,TS
2025-06-10,0.2,36.7,26.6,6.23,0.347,Mulugu,TS
2025-06-11,9.8,32.8,24.7,3.52,0.365,Mulugu,TS
2025-06-12,6.4,33.4,24.2,4.3,0.378,Mulugu,TS
2025-06-13,1.2,35.0,25.5,5.38,0.346,Mulugu,TS
2025-06-14,2.2,35.2,26.5,5.52,0.342,Mulugu,TS
2025-06-15,0.2,34.2,26.6,5.72,0.327,Mulugu,TS
2025-06-16,9.0,35.0,26.2,5.41,0.357,Mulugu,TS
2025-06-17,0.0,34.5,27.1,5.93,0.363,Mulugu,TS
2025-06-18,0.3,35.1,27.2,6.92,0.34,Mulugu,TS
2025-06-19,2.1,32.3,27.8,4.89,0.319,Mulugu,TS
2025-06-20,0.0,33.5,27.2,5.62,0.33,Mulugu,TS
2025-06-21,0.2,34.9,27.4,6.72,0.325,Mulugu,TS
2025-06-22,0.3,34.4,26.1,6.23,0.311,Mulugu,TS
2025-06-23,1.7,30.3,25.2,3.13,0.327,Mulugu,TS
2025-06-24,14.2,31.6,24.6,4.87,0.37,Mulugu,TS
2025-06-25,23.5,31.9,24.4,3.24,0.412,Mulugu,TS
2025-06-26,4.3,32.2,24.2,3.99,0.411,Mulugu,TS
2025-06-27,2.1,33.3,25.6,4.68,0.393,Mulugu,TS
2025-06-28,0.0,33.5,26.0,6.08,0.373,Mulugu,TS
2025-06-29,3.9,33.3,24.0,5.59,0.362,Mulugu,TS
2025-06-30,15.6,29.3,24.0,1.96,0.418,Mulugu,TS
2025-07-01,13.2,28.5,23.7,2.51,0.417,Mulugu,TS
2025-07-02,18.9,30.4,23.0,2.71,0.42,Mulugu,TS
2025-07-03,6.5,29.3,24.0,2.77,0.416,Mulugu,TS
2025-07-04,8.8,32.4,25.2,4.82,0.407,Mulugu,TS
2025-07-05,8.1,32.4,24.9,4.7,0.413,Mulugu,TS
2025-07-06,6.7,32.0,24.5,4.16,0.412,Mulugu,TS
2025-07-07,3.8,31.4,24.3,4.16,0.411,Mulugu,TS
2025-07-08,0.3,31.4,25.1,5.78,0.395,Mulugu,TS
2025-07-09,1.1,32.2,25.2,5.26,0.387,Mulugu,TS
2025-07-10,0.4,31.7,24.9,5.13,0.379,Mulugu,TS
2025-07-11,0.5,33.2,24.1,5.55,0.37,Mulugu,TS
2025-07-12,0.4,33.2,25.8,5.67,0.366,Mulugu,TS
2025-07-13,0.1,32.3,26.5,5.13,0.338,Mulugu,TS
2025-07-14,0.4,33.1,26.7,5.83,0.305,Mulugu,TS
2025-07-15,0.6,33.3,26.5,5.41,0.267,Mulugu,TS
2025-07-16,1.2,33.2,26.4,4.7,0.242,Mulugu,TS
2025-07-17,3.2,33.9,24.3,4.77,0.242,Mulugu,TS
2025-07-18,0.7,32.9,24.8,4.5,0.303,Mulugu,TS
2025-07-19,2.4,32.7,24.9,4.36,0.318,Mulugu,TS
2025-07-20,8.6,31.7,24.8,3.68,0.359,Mulugu,TS
2025-07-21,5.5,31.9,25.1,3.98,0.341,Mulugu,TS
2025-07-22,25.9,31.8,24.3,3.69,0.39,Mulugu,TS
2025-07-23,29.5,29.5,24.2,3.0,0.424,Mulugu,TS
2025-07-24,20.7,27.3,24.0,1.71,0.424,Mulugu,TS
2025-07-25,20.3,26.7,23.8,1.29,0.427,Mulugu,TS
2025-07-26,37.6,26.5,23.9,1.22,0.429,Mulugu,TS
2025-07-27,2.0,32.7,23.5,4.7,0.409,Mulugu,TS
2025-07-28,0.3,32.4,25.3,6.17,0.389,Mulugu,TS
2025-07-29,0.3,31.3,25.9,4.25,0.38,Mulugu,TS
2025-07-30,3.3,29.9,25.3,3.88,0.389,Mulugu,TS
2025-07-31,0.3,32.3,24.9,5.38,0.374,Mulugu,TS
2025-08-01,0.1,32.5,25.5,5.52,0.35,Mulugu,TS
2025-08-02,0.4,32.3,25.1,5.11,0.336,Mulugu,TS
2025-08-03,7.1,33.1,24.5,5.46,0.326,Mulugu,TS
2025-08-04,0.4,33.0,24.5,4.48,0.313,Mulugu,TS
2025-08-05,7.1,31.4,24.9,4.12,0.301,Mulugu,TS
2025-08-06,7.0,31.7,24.4,4.06,0.279,Mulugu,TS
2025-08-07,10.4,31.1,25.4,3.61,0.327,Mulugu,TS
2025-08-08,3.0,30.1,24.8,2.66,0.331,Mulugu,TS
2025-08-09,0.5,32.0,24.5,4.73,0.347,Mulugu,TS
2025-08-10,2.2,31.6,24.0,4.22,0.323,Mulugu,TS
2025-08-11,20.0,31.1,23.6,3.86,0.311,Mulugu,TS
2025-08-12,13.7,31.5,23.6,4.14,0.365,Mulugu,TS
2025-08-13,18.0,29.4,23.7,3.26,0.403,Mulugu,TS
2025-08-14,15.0,30.0,23.5,2.96,0.412,Mulugu,TS
2025-08-15,16.7,30.4,23.9,3.55,0.407,Mulugu,TS
2025-08-16,22.1,30.0,24.0,2.8,0.42,Mulugu,TS
2025-08-17,5.5,31.3,23.7,3.95,0.402,Mulugu,TS
2025-08-18,16.5,27.3,23.5,1.76,0.425,Mulugu,TS
2025-08-19,17.0,28.4,23.4,3.25,0.419,Mulugu,TS
2025-08-20,13.1,30.7,24.0,4.18,0.413,Mulugu,TS
2025-08-21,0.3,31.6,25.0,5.15,0.395,Mulugu,TS
2025-08-22,0.1,30.9,26.4,4.75,0.371,Mulugu,TS
2025-08-23,0.0,30.6,25.4,5.16,0.343,Mulugu,TS
2025-08-24,0.7,30.4,25.0,4.66,0.363,Mulugu,TS
2025-08-25,1.0,31.1,25.2,5.14,0.355,Mulugu,TS
2025-08-26,4.1,27.2,24.7,2.12,0.361,Mulugu,TS
2025-08-27,41.4,27.4,23.2,2.15,0.425,Mulugu,TS
2025-08-28,16.6,28.5,23.2,2.98,0.42,Mulugu,TS
2025-08-29,2.0,31.0,23.7,4.63,0.404,Mulugu,TS
2025-08-30,0.8,31.3,24.0,4.37,0.385,Mulugu,TS
2025-08-31,2.9,30.7,24.9,3.86,0.383,Mulugu,TS
2025-09-01,31.3,28.1,23.7,2.73,0.425,Mulugu,TS
2025-09-02,12.2,28.0,23.8,2.61,0.423,Mulugu,TS
2025-09-03,12.4,28.0,24.4,2.72,0.416,Mulugu,TS
2025-09-04,0.1,30.4,23.6,4.19,0.392,Mulugu,TS
2025-09-05,0.1,32.1,24.3,5.11,0.365,Mulugu,TS
2025-09-06,5.5,30.9,23.3,4.45,0.34,Mulugu,TS
2025-09-07,1.8,31.1,23.9,4.28,0.299,Mulugu,TS
2025-09-08,4.5,31.7,23.9,4.73,0.276,Mulugu,TS
2025-09-09,1.2,31.0,24.0,4.03,0.266,Mulugu,TS
2025-09-10,11.1,31.3,23.7,3.54,0.286,Mulugu,TS
2025-09-11,10.9,29.3,24.3,2.71,0.361,Mulugu,TS
2025-09-12,4.8,28.2,23.9,2.28,0.369,Mulugu,TS
2025-09-13,21.7,29.8,23.0,3.2,0.393,Mulugu,TS
2025-09-14,4.2,30.9,23.9,4.07,0.392,Mulugu,TS
2025-09-15,4.3,30.1,24.1,3.59,0.393,Mulugu,TS
2025-09-16,5.9,30.4,24.6,3.56,0.387,Mulugu,TS
2025-09-17,3.5,30.4,24.0,3.79,0.396,Mulugu,TS
2025-09-18,0.7,31.5,24.1,4.66,0.365,Mulugu,TS
2025-09-19,3.2,31.9,24.4,4.5,0.329,Mulugu,TS
2025-09-20,12.2,32.0,23.3,4.49,0.367,Mulugu,TS
2025-09-21,17.1,32.2,24.2,4.37,0.387,Mulugu,TS
2025-09-22,18.8,28.4,24.4,2.2,0.401,Mulugu,TS
2025-09-23,4.3,29.9,23.1,2.29,0.394,Mulugu,TS
2025-09-24,2.4,29.7,24.1,2.82,0.392,Mulugu,TS
2025-09-25,35.5,25.0,23.1,1.09,0.422,Mulugu,TS
2025-09-26,34.6,29.9,22.9,3.11,0.421,Mulugu,TS
2025-09-27,25.2,27.0,23.2,2.14,0.423,Mulugu,TS
2025-09-28,0.1,29.7,23.4,3.98,0.399,Mulugu,TS
2025-09-29,0.1,30.2,23.5,4.23,0.375,Mulugu,TS
2025-09-30,1.1,30.8,23.6,4.17,0.36,Mulugu,TS
2025-10-01,1.9,31.0,23.5,4.37,0.345,Mulugu,TS
2025-10-02,0.3,28.8,24.8,2.52,0.33,Mulugu,TS
2025-10-03,0.4,29.5,25.2,3.45,0.318,Mulugu,TS
2025-10-04,5.4,30.3,24.6,3.66,0.313,Mulugu,TS
2025-10-05,5.3,29.8,24.1,3.28,0.35,Mulugu,TS
2025-10-06,5.1,29.7,24.0,3.36,0.365,Mulugu,TS
2025-10-07,0.5,30.8,23.3,4.17,0.329,Mulugu,TS
2025-10-08,0.3,31.0,24.0,4.18,0.274,Mulugu,TS
2025-10-09,0.0,31.2,23.6,4.37,0.24,Mulugu,TS
2025-10-10,0.0,31.2,23.5,4.27,0.213,Mulugu,TS
2025-10-11,0.1,31.2,22.5,4.4,0.188,Mulugu,TS
2025-10-12,1.3,31.4,22.7,4.18,0.178,Mulugu,TS
2025-10-13,32.0,27.3,23.0,1.71,0.326,Mulugu,TS
2025-10-14,0.9,30.5,22.7,3.37,0.281,Mulugu,TS
2025-10-15,0.2,31.4,22.9,4.24,0.255,Mulugu,TS
2025-10-16,0.1,31.9,22.8,4.48,0.221,Mulugu,TS
2025-10-17,0.0,32.4,22.9,4.66,0.2,Mulugu,TS
2025-10-18,0.0,31.9,22.3,4.66,0.183,Mulugu,TS
2025-10-19,0.5,32.4,22.2,4.3,0.167,Mulugu,TS
2025-10-20,1.6,30.7,23.7,3.33,0.155,Mulugu,TS
2025-10-21,14.0,31.9,23.5,4.08,0.134,Mulugu,TS
2025-10-22,1.6,33.3,23.3,3.86,0.128,Mulugu,TS
2025-10-23,6.6,32.3,24.0,2.79,0.177,Mulugu,TS
2025-10-24,20.3,28.3,23.1,1.82,0.323,Mulugu,TS
2025-10-25,13.5,30.9,22.6,3.09,0.309,Mulugu,TS
2025-10-26,0.0,31.7,22.3,4.17,0.274,Mulugu,TS
2025-10-27,5.9,32.2,22.4,3.58,0.234,Mulugu,TS
2025-10-28,25.6,28.2,23.7,1.9,0.358,Mulugu,TS
2025-10-29,119.4,26.8,23.4,1.05,0.413,Mulugu,TS
2025-10-30,7.8,30.3,23.0,3.88,0.408,Mulugu,TS
2025-10-31,0.0,30.6,23.1,4.45,0.36,Mulugu,TS
2025-11-01,0.0,30.7,22.3,3.9,0.332,Mulugu,TS
2025-11-02,0.2,30.9,23.7,4.0,0.3,Mulugu,TS
2025-11-03,1.9,31.1,22.8,3.83,0.268,Mulugu,TS
2025-11-04,2.6,30.2,24.1,3.69,0.229,Mulugu,TS
2025-11-05,0.0,31.0,23.3,4.16,0.201,Mulugu,TS
2025-11-06,0.0,30.7,21.4,4.41,0.185,Mulugu,TS
2025-11-07,0.1,30.5,22.1,4.33,0.174,Mulugu,TS
2025-11-08,0.0,30.3,21.0,4.6,0.169,Mulugu,TS
2025-11-09,0.0,28.9,19.0,4.77,0.167,Mulugu,TS
2025-11-10,0.0,29.0,17.7,4.56,0.16,Mulugu,TS
2025-11-11,0.0,29.0,18.3,4.84,0.149,Mulugu,TS
2025-11-12,0.0,29.6,18.1,4.89,0.141,Mulugu,TS
2025-11-13,0.0,29.2,16.9,4.66,0.139,Mulugu,TS
2025-11-14,0.0,28.5,15.2,4.26,0.152,Mulugu,TS
2025-11-15,0.0,28.6,15.2,4.14,0.147,Mulugu,TS
2025-11-16,0.0,28.2,15.6,4.36,0.147,Mulugu,TS
2025-11-17,0.0,27.5,15.5,4.34,0.148,Mulugu,TS
2025-11-18,0.0,28.3,14.9,4.23,0.143,Mulugu,TS
2025-11-19,0.0,28.0,14.9,4.19,0.14,Mulugu,TS
2025-11-20,0.0,29.1,15.2,4.13,0.138,Mulugu,TS
2025-11-21,0.0,30.2,17.2,4.09,0.136,Mulugu,TS
2025-11-22,0.0,31.0,19.0,4.11,0.132,Mulugu,TS
2025-11-23,0.0,31.3,20.1,4.11,0.13,Mulugu,TS
2025-11-24,0.0,31.0,18.3,4.14,0.128,Mulugu,TS
2025-11-25,0.0,30.3,19.1,3.95,0.124,Mulugu,TS
2025-11-26,0.0,30.3,19.1,3.96,0.122,Mulugu,TS
2025-11-27,0.0,29.6,18.3,4.13,0.122,Mulugu,TS
2025-11-28,0.0,27.5,17.4,4.18,0.136,Mulugu,TS
2025-11-29,0.0,27.8,15.5,3.76,0.148,Mulugu,TS
2025-11-30,0.0,27.4,17.6,2.98,0.151,Mulugu,TS
2025-12-01,0.0,28.3,19.6,3.12,0.147,Mulugu,TS
2025-12-02,0.0,29.1,18.2,3.84,0.154,Mulugu,TS
2025-12-03,0.0,29.5,17.4,3.69,0.154,Mulugu,TS
2025-12-04,0.0,29.6,18.8,3.82,0.147,Mulugu,TS
2025-12-05,0.0,28.5,17.2,3.87,0.138,Mulugu,TS
2025-12-06,0.0,28.2,16.0,3.96,0.137,Mulugu,TS
2025-12-07,0.0,28.5,15.9,4.03,0.142,Mulugu,TS
2025-12-08,0.0,28.5,14.2,4.04,0.143,Mulugu,TS
2025-12-09,0.0,28.4,14.5,4.34,0.139,Mulugu,TS
2025-12-10,0.0,29.2,14.4,4.47,0.136,Mulugu,TS
2025-12-11,0.0,28.3,12.9,4.32,0.137,Mulugu,TS
2025-12-12,0.0,27.9,13.3,4.0,0.137,Mulugu,TS
2025-12-13,0.0,28.0,13.8,3.93,0.142,Mulugu,TS
2025-12-14,0.0,27.7,15.1,3.66,0.146,Mulugu,TS
2025-12-15,0.0,27.6,15.1,3.75,0.153,Mulugu,TS
2025-12-16,0.0,28.3,13.9,3.63,0.155,Mulugu,TS
2025-12-17,0.0,28.6,14.9,3.93,0.163,Mulugu,TS
2025-12-18,0.0,28.5,14.7,4.2,0.172,Mulugu,TS
2025-12-19,0.0,26.9,14.0,3.96,0.177,Mulugu,TS
2025-12-20,0.0,27.0,13.7,3.83,0.176,Mulugu,TS
2025-12-21,0.0,27.1,13.9,3.52,0.175,Mulugu,TS
2025-12-22,0.0,27.3,14.4,3.71,0.173,Mulugu,TS
2025-12-23,0.0,27.2,14.5,3.66,0.183,Mulugu,TS
2025-12-24,0.0,27.3,14.2,3.54,0.189,Mulugu,TS
2025-12-25,0.0,27.6,13.2,3.66,0.201,Mulugu,TS
2025-12-26,0.0,26.6,15.0,3.52,0.209,Mulugu,TS
2025-12-27,0.0,26.7,14.3,3.6,0.212,Mulugu,TS
2025-12-28,0.0,26.9,14.4,3.74,0.214,Mulugu,TS
2025-12-29,0.0,26.9,14.0,3.68,0.216,Mulugu,TS
2025-12-30,0.0,27.4,13.7,3.68,0.221,Mulugu,TS
2025-12-31,0.0,27.4,14.2,3.37,0.23,Mulugu,TS
2026-01-01,0.0,28.4,16.4,3.25,0.25,Mulugu,TS
2026-01-02,0.0,28.1,17.4,3.1,0.267,Mulugu,TS
2026-01-03,0.0,27.7,17.6,3.13,0.285,Mulugu,TS
2026-01-04,0.0,27.9,17.6,3.17,0.302,Mulugu,TS
2026-01-05,0.1,27.1,16.7,3.38,0.315,Mulugu,TS
2026-01-06,0.0,27.5,15.2,3.62,0.331,Mulugu,TS
2026-01-07,0.0,27.3,13.3,3.68,0.332,Mulugu,TS
2026-01-08,0.0,27.6,12.4,3.71,0.344,Mulugu,TS
2026-01-09,0.0,27.3,13.4,4.1,0.351,Mulugu,TS
2026-01-10,0.0,24.0,14.9,2.53,0.356,Mulugu,TS
2026-01-11,0.0,27.1,16.7,3.55,0.346,Mulugu,TS
2026-01-12,0.0,27.5,16.0,3.03,0.338,Mulugu,TS
2026-01-13,0.0,28.5,17.3,3.89,0.325,Mulugu,TS
2026-01-14,0.0,29.1,16.9,3.68,0.33,Mulugu,TS
2026-01-15,0.0,29.7,18.2,3.75,0.34,Mulugu,TS
2026-01-16,0.0,29.4,17.3,4.12,0.337,Mulugu,TS
2026-01-17,0.0,29.2,15.3,4.25,0.33,Mulugu,TS
2026-01-18,0.0,29.3,14.4,3.88,0.335,Mulugu,TS
2026-01-19,0.0,28.7,17.1,3.54,0.327,Mulugu,TS
2026-01-20,0.0,29.4,17.0,3.55,0.326,Mulugu,TS
2026-01-21,0.0,29.5,16.8,3.97,0.326,Mulugu,TS
2026-01-22,0.0,28.5,16.7,3.97,0.317,Mulugu,TS
2026-01-23,0.0,28.7,16.8,4.02,0.312,Mulugu,TS
2026-01-24,0.0,28.8,17.7,3.82,0.31,Mulugu,TS
2026-01-25,0.0,29.7,17.7,3.93,0.319,Mulugu,TS
2026-01-26,0.0,29.9,19.0,4.04,0.329,Mulugu,TS
2026-01-27,0.0,29.8,18.4,4.31,0.332,Mulugu,TS
2026-01-28,0.0,29.1,18.4,4.0,0.342,Mulugu,TS
2026-01-29,0.0,29.8,18.8,3.89,0.326,Mulugu,TS
2026-01-30,0.0,29.2,18.4,3.88,0.323,Mulugu,TS
2026-01-31,0.0,29.7,18.4,4.0,0.323,Mulugu,TS
2026-02-01,0.0,29.4,18.6,3.94,0.314,Mulugu,TS
2026-02-02,0.0,29.8,18.8,3.78,0.308,Mulugu,TS
2026-02-03,0.0,29.8,18.8,4.07,0.314,Mulugu,TS
2026-02-04,0.0,29.9,18.8,4.15,0.315,Mulugu,TS
2026-02-05,0.0,30.0,18.3,4.51,0.31,Mulugu,TS
2026-02-06,0.0,30.6,17.8,4.39,0.293,Mulugu,TS
2026-02-07,0.0,30.7,16.6,5.03,0.295,Mulugu,TS
2026-02-08,0.0,30.5,17.9,4.96,0.303,Mulugu,TS
2026-02-09,0.0,29.5,15.6,4.5,0.304,Mulugu,TS
2026-02-10,0.0,30.5,16.4,4.11,0.291,Mulugu,TS
2026-02-11,0.0,31.0,18.3,4.23,0.292,Mulugu,TS
2026-02-12,0.0,31.5,17.9,4.5,0.301,Mulugu,TS
2026-02-13,0.0,31.0,17.8,4.77,0.295,Mulugu,TS
2026-02-14,0.0,31.2,18.4,4.78,0.282,Mulugu,TS
2026-02-15,0.0,31.6,17.5,4.91,0.293,Mulugu,TS
2026-02-16,0.0,32.2,18.1,5.02,0.279,Mulugu,TS
2026-02-17,0.0,31.2,18.0,4.76,0.272,Mulugu,TS
2026-02-18,0.0,31.6,18.7,4.6,0.276,Mulugu,TS
2026-02-19,0.0,32.2,19.2,4.9,0.279,Mulugu,TS
2026-02-20,0.0,32.7,19.0,4.61,0.27,Mulugu,TS
2026-02-21,0.0,32.8,19.5,5.15,0.25,Mulugu,TS
2026-02-22,0.0,32.3,20.5,4.89,0.252,Mulugu,TS
2026-02-23,0.7,31.2,20.4,4.42,0.25,Mulugu,TS
2026-02-24,0.4,30.9,19.6,4.12,0.255,Mulugu,TS
2026-02-25,0.0,31.5,19.9,4.32,0.252,Mulugu,TS
2026-02-26,0.0,33.0,20.3,4.76,0.258,Mulugu,TS
2026-02-27,0.0,32.9,20.2,4.96,0.259,Mulugu,TS
2026-02-28,0.0,32.4,21.7,4.41,0.257,Mulugu,TS
2026-03-01,0.0,33.0,21.7,4.84,0.261,Mulugu,TS
2026-03-02,0.0,33.6,21.6,5.29,0.264,Mulugu,TS
2026-03-03,0.0,35.5,21.3,5.78,0.265,Mulugu,TS
2026-03-04,0.0,35.1,19.0,5.57,0.261,Mulugu,TS
2026-03-05,0.0,35.2,19.3,6.32,0.256,Mulugu,TS
2026-03-06,0.0,35.8,18.9,6.42,0.255,Mulugu,TS
2026-03-07,0.0,35.5,20.7,5.85,0.245,Mulugu,TS
2026-03-08,0.0,33.6,20.6,5.31,0.235,Mulugu,TS
2026-03-09,0.0,34.3,22.0,5.14,0.237,Mulugu,TS
2026-03-10,0.0,32.7,22.6,5.23,0.235,Mulugu,TS
2026-03-11,0.0,33.9,22.1,5.87,0.245,Mulugu,TS
2026-03-12,0.0,35.2,20.6,5.94,0.25,Mulugu,TS
2026-03-13,0.0,35.7,21.2,5.9,0.251,Mulugu,TS
2026-03-14,0.0,34.6,21.6,5.85,0.26,Mulugu,TS
2026-03-15,0.0,33.6,21.9,5.71,0.262,Mulugu,TS
2026-03-16,0.5,32.0,22.9,5.06,0.282,Mulugu,TS
2026-03-17,2.5,31.8,21.7,5.07,0.289,Mulugu,TS
2026-03-18,0.0,28.9,21.3,3.68,0.296,Mulugu,TS
2026-03-19,0.9,29.7,20.3,4.53,0.323,Mulugu,TS
2026-03-20,0.0,29.9,19.9,4.38,0.343,Mulugu,TS
2026-03-21,0.9,31.3,21.3,4.55,0.337,Mulugu,TS
2026-03-22,0.1,31.5,21.6,4.48,0.333,Mulugu,TS
2026-03-23,0.0,33.8,21.9,5.38,0.328,Mulugu,TS
2026-03-24,0.0,33.9,22.5,5.64,0.319,Mulugu,TS
2026-03-25,0.3,34.2,23.2,5.44,0.325,Mulugu,TS
2026-03-26,0.0,35.3,23.1,5.82,0.337,Mulugu,TS
2026-03-27,0.0,36.0,23.7,6.21,0.35,Mulugu,TS
2026-03-28,0.0,35.6,24.6,6.74,0.362,Mulugu,TS
2026-03-29,0.0,36.0,24.6,6.42,0.367,Mulugu,TS
2026-03-30,0.0,35.4,24.3,6.04,0.371,Mulugu,TS
2026-03-31,0.0,34.2,24.2,5.59,0.356,Mulugu,TS
2026-04-01,0.0,34.8,23.9,5.7,0.338,Mulugu,TS
2026-04-02,0.0,33.9,23.3,5.57,0.313,Mulugu,TS
2026-04-03,0.0,34.7,24.6,5.57,0.304,Mulugu,TS
2026-04-04,0.0,34.0,24.7,5.4,0.304,Mulugu,TS
2026-04-05,0.0,34.5,24.8,5.89,0.288,Mulugu,TS
2026-04-06,0.0,35.0,24.5,6.0,0.269,Mulugu,TS
2026-04-07,0.0,34.9,24.8,6.39,0.255,Mulugu,TS
2026-04-08,0.0,35.3,23.5,6.57,0.241,Mulugu,TS
2026-04-09,0.2,35.8,24.9,6.08,0.231,Mulugu,TS
2026-04-10,0.0,37.0,24.8,6.44,0.216,Mulugu,TS
2026-04-11,0.0,37.0,24.8,6.66,0.208,Mulugu,TS
2026-04-12,0.0,38.0,24.3,6.5,0.209,Mulugu,TS
2026-04-13,0.0,38.2,25.1,6.76,0.202,Mulugu,TS
2026-04-14,0.0,38.7,25.9,7.39,0.187,Mulugu,TS
2026-04-15,0.0,39.3,26.1,7.41,0.174,Mulugu,TS
2026-04-16,0.0,39.2,25.8,6.85,0.167,Mulugu,TS
2026-04-17,0.2,38.0,26.1,6.56,0.159,Mulugu,TS
2026-04-18,0.0,39.0,26.2,6.73,0.152,Mulugu,TS
2026-04-19,0.1,38.5,26.0,6.72,0.151,Mulugu,TS
2026-04-20,0.0,37.7,26.0,6.49,0.155,Mulugu,TS
2026-04-21,0.0,36.7,26.3,6.06,0.159,Mulugu,TS
2026-04-22,0.0,38.3,27.2,7.0,0.16,Mulugu,TS
2026-04-23,0.0,38.4,26.4,6.45,0.154,Mulugu,TS
2026-04-24,0.0,39.1,25.6,6.95,0.156,Mulugu,TS
2026-04-25,0.0,38.2,25.3,6.46,0.16,Mulugu,TS
2026-04-26,0.0,39.2,26.2,6.89,0.166,Mulugu,TS
2026-04-27,0.0,39.4,25.8,7.52,0.159,Mulugu,TS
2026-04-28,0.2,37.4,26.8,6.38,0.171,Mulugu,TS
2026-04-29,0.0,38.3,26.6,7.2,0.169,Mulugu,TS
2026-04-30,0.5,38.7,27.1,7.03,0.173,Mulugu,TS
2026-05-01,0.0,38.9,26.4,7.57,0.179,Mulugu,TS
2026-05-02,0.0,38.3,25.8,6.99,0.172,Mulugu,TS
2026-05-03,0.0,37.5,27.1,6.64,0.188,Mulugu,TS
2026-05-04,0.0,37.2,25.2,6.56,0.185,Mulugu,TS
2026-05-05,0.0,37.4,26.7,6.86,0.172,Mulugu,TS
2026-05-06,0.0,35.2,24.7,5.59,0.182,Mulugu,TS
2026-05-07,0.0,35.2,25.4,5.53,0.201,Mulugu,TS
2026-05-08,0.7,35.6,25.2,5.18,0.212,Mulugu,TS
2026-05-09,0.0,35.7,25.1,5.66,0.198,Mulugu,TS
2026-05-10,0.0,36.0,25.0,6.36,0.209,Mulugu,TS
2026-05-11,0.0,35.9,25.3,6.07,0.216,Mulugu,TS
2026-05-12,0.1,36.1,25.6,6.27,0.243,Mulugu,TS
2026-05-13,0.0,36.6,26.5,6.44,0.261,Mulugu,TS
2026-05-14,0.0,37.8,27.4,6.21,0.258,Mulugu,TS
2026-05-15,0.0,38.0,27.6,6.35,0.268,Mulugu,TS
2026-05-16,0.3,36.0,27.9,6.66,0.263,Mulugu,TS
2026-05-17,0.1,36.1,27.0,6.12,0.254,Mulugu,TS
2026-05-18,0.0,36.9,27.5,6.48,0.25,Mulugu,TS
2026-05-19,0.4,38.0,27.9,6.66,0.254,Mulugu,TS
2026-05-20,0.0,40.8,29.9,7.25,0.264,Mulugu,TS
2026-05-21,0.0,42.1,31.0,8.32,0.262,Mulugu,TS
2026-05-22,0.0,41.8,30.4,7.82,0.258,Mulugu,TS
2026-05-23,0.0,41.4,31.8,8.55,0.257,Mulugu,TS
2026-05-24,0.0,40.7,31.0,9.09,0.253,Mulugu,TS
2026-05-25,0.0,40.6,31.1,8.1,0.245,Mulugu,TS
2026-05-26,0.1,40.7,29.3,7.26,0.237,Mulugu,TS
2026-05-27,0.0,37.8,28.5,7.47,0.262,Mulugu,TS
2026-05-28,1.5,39.6,27.3,7.53,0.285,Mulugu,TS
2026-05-29,0.0,39.1,29.2,7.89,0.292,Mulugu,TS
2026-05-30,0.1,38.3,30.3,7.87,0.282,Mulugu,TS
2026-05-31,0.0,37.8,27.5,7.07,0.273,Mulugu,TS
2026-06-01,0.3,35.7,25.9,6.11,0.279,Mulugu,TS
2026-06-02,0.0,37.1,27.3,6.52,0.289,Mulugu,TS
2026-06-03,0.0,37.3,28.1,6.66,0.293,Mulugu,TS
2026-06-04,3.0,36.8,25.4,6.13,0.294,Mulugu,TS
2026-06-05,1.7,37.1,25.1,6.82,0.342,Mulugu,TS
2026-06-06,0.1,37.7,27.5,7.34,0.324,Mulugu,TS
2026-06-07,0.1,38.0,29.1,7.11,0.307,Mulugu,TS
2026-06-08,0.7,35.2,26.6,5.45,0.312,Mulugu,TS
2026-06-09,0.8,36.6,25.2,6.86,0.344,Mulugu,TS
2026-06-10,1.1,37.6,25.8,7.09,0.319,Mulugu,TS
2026-06-11,1.1,36.5,25.2,6.33,0.302,Mulugu,TS
2026-06-12,0.1,36.8,27.9,6.77,0.304,Mulugu,TS
2026-06-13,2.1,34.8,26.8,4.04,0.346,Mulugu,TS
2026-06-14,0.1,35.8,26.1,6.51,0.393,Mulugu,TS
2026-06-15,0.2,36.7,28.0,6.81,0.384,Mulugu,TS
2026-06-16,0.0,36.6,27.4,6.21,0.351,Mulugu,TS
2026-06-17,4.4,37.2,25.8,6.47,0.345,Mulugu,TS
2026-06-18,0.1,36.5,26.6,6.0,0.359,Mulugu,TS
2026-06-19,0.8,37.0,28.2,6.2,0.349,Mulugu,TS
2026-06-20,2.3,36.6,25.6,5.87,0.293,Mulugu,TS
2026-06-21,0.5,34.0,25.9,3.98,0.323,Mulugu,TS
2026-06-22,21.5,32.7,25.0,3.68,0.371,Mulugu,TS
2026-06-23,4.4,33.0,25.2,3.55,0.349,Mulugu,TS
2026-06-24,0.7,33.0,24.9,5.79,0.384,Mulugu,TS
2026-06-25,0.9,33.5,26.0,5.87,0.379,Mulugu,TS
2026-06-26,5.1,32.2,26.9,4.66,0.338,Mulugu,TS
2026-06-27,4.2,32.4,25.6,4.54,0.329,Mulugu,TS
2026-06-28,17.8,33.9,24.8,4.69,0.393,Mulugu,TS
2026-06-29,3.6,33.5,25.5,5.07,0.397,Mulugu,TS
2026-06-30,8.2,32.4,25.1,4.08,0.386,Mulugu,TS
2026-07-01,10.2,31.5,24.9,4.22,0.398,Mulugu,TS
2026-07-02,19.6,31.6,24.7,3.4,0.415,Mulugu,TS
2026-07-03,21.4,31.1,24.5,3.08,0.423,Mulugu,TS
2026-07-04,10.0,30.6,24.1,3.54,0.416,Mulugu,TS
2026-07-05,4.1,30.4,24.2,3.58,0.413,Mulugu,TS
2026-07-06,2.9,31.9,25.0,3.72,0.413,Mulugu,TS
2026-07-07,1.7,33.5,27.4,6.57,0.405,Mulugu,TS
2026-07-08,1.4,33.1,27.3,5.69,0.409,Mulugu,TS
2026-07-09,5.0,32.0,25.2,4.09,0.41,Mulugu,TS
2026-07-10,2.8,33.1,25.3,5.87,0.385,Mulugu,TS
2026-07-11,0.0,33.2,28.0,5.95,0.366,Mulugu,TS
2026-07-12,0.0,33.0,27.9,6.3,0.346,Mulugu,TS
2026-07-13,0.0,33.2,28.3,5.94,0.327,Mulugu,TS
2026-07-14,0.0,33.2,28.3,6.04,0.309,Mulugu,TS
2026-07-15,0.0,33.3,27.3,6.7,0.291,Mulugu,TS
2026-07-16,4.6,31.8,24.7,3.68,0.291,Mulugu,TS
2026-07-17,17.6,30.4,25.0,2.79,0.331,Mulugu,TS
2026-07-18,16.8,31.5,24.4,3.51,0.407,Mulugu,TS
2026-07-19,15.3,31.9,23.9,4.69,0.416,Mulugu,TS
2026-07-20,12.1,31.3,24.6,4.15,0.419,Mulugu,TS
2026-07-21,23.6,27.8,24.1,2.11,0.426,Mulugu,TS
2026-07-22,10.4,28.3,23.7,2.24,0.423,Mulugu,TS
2026-07-23,2.8,30.9,24.3,4.91,0.406,Mulugu,TS
2026-07-24,0.8,32.1,26.2,5.68,0.383,Mulugu,TS
2026-07-25,1.0,32.4,26.4,5.51,0.373,Mulugu,TS
2026-07-26,6.5,32.2,25.2,4.45,0.378,Mulugu,TS
2026-07-27,15.0,32.0,24.1,4.32,0.412,Mulugu,TS
2026-07-28,22.4,29.9,24.3,3.13,0.424,Mulugu,TS
2026-07-29,49.1,27.5,24.3,1.32,0.427,Mulugu,TS
2026-07-30,40.8,25.8,24.1,1.29,0.429,Mulugu,TS
2026-07-31,5.6,32.4,24.0,4.96,0.415,Mulugu,TS
2026-08-01,0.7,31.7,25.0,4.25,0.408,Mulugu,TS
2026-08-02,1.1,32.3,25.0,5.13,0.402,Mulugu,TS
2026-08-03,0.5,32.6,26.5,5.57,0.375,Mulugu,TS
2026-08-04,9.5,28.9,24.9,2.41,0.398,Mulugu,TS
2026-08-05,0.3,31.3,25.7,4.22,0.383,Mulugu,TS
2026-08-06,0.4,31.8,26.5,5.07,0.372,Mulugu,TS
2026-08-07,7.7,30.6,24.2,3.76,0.378,Mulugu,TS
2026-08-08,5.9,28.2,24.0,2.94,0.378,Mulugu,TS
2026-08-09,5.3,30.6,24.7,4.19,0.392,Mulugu,TS
2026-08-10,0.2,32.2,26.3,5.88,0.369,Mulugu,TS
2026-08-11,0.2,32.1,26.0,5.74,0.341,Mulugu,TS
2026-08-12,10.3,31.7,23.5,4.0,0.351,Mulugu,TS
2026-08-13,5.4,31.8,23.9,4.96,0.37,Mulugu,TS
2026-08-14,1.9,31.4,26.6,5.21,0.344,Mulugu,TS
2026-08-15,4.1,30.5,24.9,4.21,0.374,Mulugu,TS
2026-08-16,7.8,31.3,24.0,5.05,0.359,Mulugu,TS
2026-08-17,2.4,31.4,24.5,3.93,0.344,Mulugu,TS
2026-08-18,0.7,31.1,24.5,4.65,0.326,Mulugu,TS
2026-08-19,8.0,29.2,24.5,2.52,0.38,Mulugu,TS
2026-08-20,1.0,31.3,25.1,5.3,0.365,Mulugu,TS
2026-08-21,1.4,31.6,24.3,5.72,0.368,Mulugu,TS
2026-08-22,1.0,30.5,25.9,4.74,0.354,Mulugu,TS
2026-08-23,13.1,27.5,24.9,1.86,0.381,Mulugu,TS
2026-08-24,15.4,27.7,24.3,1.58,0.403,Mulugu,TS
2026-08-25,3.4,30.6,24.7,4.54,0.392,Mulugu,TS
2026-08-26,1.3,31.1,24.1,4.83,0.393,Mulugu,TS
2026-08-27,4.9,30.6,24.1,4.23,0.394,Mulugu,TS
2026-08-28,0.8,31.0,25.3,5.46,0.373,Mulugu,TS
2026-08-29,0.9,30.0,25.9,4.7,0.368,Mulugu,TS
2026-08-30,6.0,29.2,23.7,4.24,0.384,Mulugu,TS
2026-08-31,1.8,29.1,23.5,4.05,0.373,Mulugu,TS
2026-09-01,0.3,31.0,25.2,5.19,0.363,Mulugu,TS
2026-09-02,0.7,30.0,26.1,3.86,0.361,Mulugu,TS
2026-09-03,3.3,29.2,24.2,2.85,0.38,Mulugu,TS
2026-09-04,1.1,30.6,24.6,4.63,0.376,Mulugu,TS
2026-09-05,0.2,31.1,24.8,4.85,0.357,Mulugu,TS
2026-09-06,0.5,31.7,25.3,4.87,0.338,Mulugu,TS
2026-09-07,0.4,32.1,25.3,5.05,0.315,Mulugu,TS
2026-09-08,0.9,31.7,25.5,4.97,0.294,Mulugu,TS
2026-09-09,1.3,30.8,25.8,4.73,0.279,Mulugu,TS
2026-09-10,7.8,32.1,24.7,4.72,0.277,Mulugu,TS
