date,precipitation_sum,temperature_2m_max,temperature_2m_min,et0_fao_evapotranspiration,soil_moisture_0_to_7cm_mean,district,state
2014-01-01,0.0,25.5,14.9,3.84,0.128,Medchal Malikajgiri,TS
2014-01-02,0.0,26.5,13.6,3.87,0.128,Medchal Malikajgiri,TS
2014-01-03,0.0,27.3,13.7,4.02,0.127,Medchal Malikajgiri,TS
2014-01-04,0.0,27.0,14.4,4.06,0.126,Medchal Malikajgiri,TS
2014-01-05,0.0,28.4,15.7,4.27,0.126,Medchal Malikajgiri,TS
2014-01-06,0.0,28.9,17.0,4.27,0.125,Medchal Malikajgiri,TS
2014-01-07,0.0,27.5,16.9,4.23,0.125,Medchal Malikajgiri,TS
2014-01-08,0.0,27.4,16.0,4.41,0.124,Medchal Malikajgiri,TS
2014-01-09,0.0,27.6,16.1,4.24,0.124,Medchal Malikajgiri,TS
2014-01-10,0.0,27.8,16.5,4.15,0.123,Medchal Malikajgiri,TS
2014-01-11,0.0,26.9,17.6,3.12,0.123,Medchal Malikajgiri,TS
2014-01-12,0.0,28.6,16.9,4.42,0.123,Medchal Malikajgiri,TS
2014-01-13,0.0,27.3,16.4,4.51,0.122,Medchal Malikajgiri,TS
2014-01-14,0.0,26.8,15.9,3.93,0.122,Medchal Malikajgiri,TS
2014-01-15,0.0,28.2,17.6,4.21,0.122,Medchal Malikajgiri,TS
2014-01-16,0.0,28.2,17.1,4.62,0.121,Medchal Malikajgiri,TS
2014-01-17,0.0,28.3,17.7,4.79,0.121,Medchal Malikajgiri,TS
2014-01-18,0.0,27.7,17.4,4.23,0.121,Medchal Malikajgiri,TS
2014-01-19,0.0,28.2,16.7,4.81,0.121,Medchal Malikajgiri,TS
2014-01-20,0.0,27.2,16.8,3.95,0.121,Medchal Malikajgiri,TS
2014-01-21,0.0,27.1,16.7,4.49,0.12,Medchal Malikajgiri,TS
2014-01-22,0.0,26.2,16.1,4.03,0.12,Medchal Malikajgiri,TS
2014-01-23,0.0,25.8,17.0,3.52,0.12,Medchal Malikajgiri,TS
2014-01-24,0.0,27.6,16.5,4.17,0.12,Medchal Malikajgiri,TS
2014-01-25,0.0,27.8,16.6,4.03,0.12,Medchal Malikajgiri,TS
2014-01-26,0.0,28.5,15.9,4.4,0.12,Medchal Malikajgiri,TS
2014-01-27,0.0,27.3,15.5,4.34,0.12,Medchal Malikajgiri,TS
2014-01-28,0.0,28.0,14.7,4.77,0.119,Medchal Malikajgiri,TS
2014-01-29,0.0,26.5,17.0,3.69,0.119,Medchal Malikajgiri,TS
2014-01-30,0.0,27.6,16.2,4.53,0.119,Medchal Malikajgiri,TS
2014-01-31,0.0,27.1,14.7,4.66,0.119,Medchal Malikajgiri,TS
2014-02-01,0.0,26.9,16.0,4.56,0.119,Medchal Malikajgiri,TS
2014-02-02,0.0,27.6,15.3,4.58,0.119,Medchal Malikajgiri,TS
2014-02-03,0.0,29.2,15.8,4.71,0.119,Medchal Malikajgiri,TS
2014-02-04,0.0,30.4,18.2,5.03,0.119,Medchal Malikajgiri,TS
2014-02-05,0.0,30.7,17.5,5.36,0.118,Medchal Malikajgiri,TS
2014-02-06,0.0,31.3,15.9,5.45,0.118,Medchal Malikajgiri,TS
2014-02-07,0.0,31.3,17.4,5.19,0.118,Medchal Malikajgiri,TS
2014-02-08,0.0,31.3,19.3,5.69,0.118,Medchal Malikajgiri,TS
2014-02-09,0.0,31.5,16.5,5.6,0.118,Medchal Malikajgiri,TS
2014-02-10,0.0,31.4,15.6,5.25,0.118,Medchal Malikajgiri,TS
2014-02-11,0.0,30.5,15.2,5.22,0.118,Medchal Malikajgiri,TS
2014-02-12,0.0,29.9,17.3,5.25,0.117,Medchal Malikajgiri,TS
2014-02-13,0.0,30.0,18.6,6.43,0.117,Medchal Malikajgiri,TS
2014-02-14,0.4,27.0,19.5,4.08,0.119,Medchal Malikajgiri,TS
2014-02-15,0.5,28.1,18.1,4.41,0.126,Medchal Malikajgiri,TS
2014-02-16,0.2,27.1,19.5,4.12,0.127,Medchal Malikajgiri,TS
2014-02-17,0.0,27.2,16.6,5.74,0.126,Medchal Malikajgiri,TS
2014-02-18,0.0,28.0,15.8,5.68,0.124,Medchal Malikajgiri,TS
2014-02-19,0.0,28.8,17.3,4.72,0.123,Medchal Malikajgiri,TS
2014-02-20,0.0,29.9,17.7,5.42,0.122,Medchal Malikajgiri,TS
2014-02-21,0.0,29.4,17.6,4.69,0.121,Medchal Malikajgiri,TS
2014-02-22,0.0,30.4,18.9,5.12,0.12,Medchal Malikajgiri,TS
2014-02-23,0.2,29.9,18.3,5.44,0.12,Medchal Malikajgiri,TS
2014-02-24,0.0,29.2,17.3,5.64,0.121,Medchal Malikajgiri,TS
2014-02-25,0.0,29.6,16.6,5.57,0.12,Medchal Malikajgiri,TS
2014-02-26,0.0,30.0,16.4,5.9,0.12,Medchal Malikajgiri,TS
2014-02-27,0.0,30.7,17.9,5.54,0.119,Medchal Malikajgiri,TS
2014-02-28,1.0,29.9,18.8,4.81,0.122,Medchal Malikajgiri,TS
2014-03-01,1.5,27.0,18.5,3.49,0.135,Medchal Malikajgiri,TS
2014-03-02,1.1,27.3,18.6,3.2,0.148,Medchal Malikajgiri,TS
2014-03-03,2.9,26.5,18.4,2.93,0.172,Medchal Malikajgiri,TS
2014-03-04,7.3,22.8,17.6,2.33,0.248,Medchal Malikajgiri,TS
2014-03-05,0.2,27.1,17.3,4.27,0.241,Medchal Malikajgiri,TS
2014-03-06,0.0,26.9,18.0,4.32,0.22,Medchal Malikajgiri,TS
2014-03-07,0.0,27.9,17.9,4.6,0.204,Medchal Malikajgiri,TS
2014-03-08,0.0,28.9,18.7,5.26,0.189,Medchal Malikajgiri,TS
2014-03-09,0.0,28.6,18.2,5.05,0.176,Medchal Malikajgiri,TS
2014-03-10,0.0,28.8,18.6,5.36,0.166,Medchal Malikajgiri,TS
2014-03-11,0.0,31.2,18.8,6.31,0.156,Medchal Malikajgiri,TS
2014-03-12,0.0,30.4,19.9,5.4,0.148,Medchal Malikajgiri,TS
2014-03-13,0.0,31.9,20.1,6.01,0.141,Medchal Malikajgiri,TS
2014-03-14,0.0,32.9,20.1,6.21,0.136,Medchal Malikajgiri,TS
2014-03-15,0.0,33.3,20.4,6.05,0.132,Medchal Malikajgiri,TS
2014-03-16,0.0,33.3,20.1,5.81,0.129,Medchal Malikajgiri,TS
2014-03-17,0.0,34.0,20.5,5.99,0.126,Medchal Malikajgiri,TS
2014-03-18,0.0,34.3,20.6,6.02,0.124,Medchal Malikajgiri,TS
2014-03-19,0.0,35.2,21.1,6.65,0.122,Medchal Malikajgiri,TS
2014-03-20,0.0,35.2,21.1,5.88,0.121,Medchal Malikajgiri,TS
2014-03-21,0.0,35.1,22.1,5.55,0.12,Medchal Malikajgiri,TS
2014-03-22,0.0,34.8,23.3,5.89,0.119,Medchal Malikajgiri,TS
2014-03-23,0.0,35.8,22.3,6.8,0.118,Medchal Malikajgiri,TS
2014-03-24,0.0,34.3,22.4,6.32,0.118,Medchal Malikajgiri,TS
2014-03-25,0.0,35.6,22.0,6.99,0.118,Medchal Malikajgiri,TS
2014-03-26,0.0,36.1,22.0,7.73,0.118,Medchal Malikajgiri,TS
2014-03-27,0.0,36.4,22.4,7.82,0.117,Medchal Malikajgiri,TS
2014-03-28,0.0,36.9,21.5,6.75,0.117,Medchal Malikajgiri,TS
2014-03-29,0.0,37.7,22.0,7.02,0.117,Medchal Malikajgiri,TS
2014-03-30,0.0,38.0,22.0,6.8,0.117,Medchal Malikajgiri,TS
2014-03-31,0.0,36.3,25.1,6.02,0.117,Medchal Malikajgiri,TS
2014-04-01,0.0,36.3,24.0,5.58,0.117,Medchal Malikajgiri,TS
2014-04-02,1.3,34.8,23.7,5.59,0.122,Medchal Malikajgiri,TS
2014-04-03,0.0,35.1,23.3,5.61,0.125,Medchal Malikajgiri,TS
2014-04-04,0.0,36.3,22.9,6.62,0.123,Medchal Malikajgiri,TS
2014-04-05,0.0,37.2,22.4,6.97,0.121,Medchal Malikajgiri,TS
2014-04-06,0.0,37.7,22.1,7.74,0.12,Medchal Malikajgiri,TS
2014-04-07,0.0,37.8,23.9,7.63,0.119,Medchal Malikajgiri,TS
2014-04-08,0.0,37.3,24.4,6.4,0.118,Medchal Malikajgiri,TS
2014-04-09,0.3,35.3,24.4,5.95,0.119,Medchal Malikajgiri,TS
2014-04-10,0.0,35.9,24.4,6.24,0.121,Medchal Malikajgiri,TS
2014-04-11,0.0,35.6,23.7,6.55,0.12,Medchal Malikajgiri,TS
2014-04-12,0.0,36.4,23.4,6.31,0.119,Medchal Malikajgiri,TS
2014-04-13,0.4,35.6,23.1,6.56,0.12,Medchal Malikajgiri,TS
2014-04-14,0.0,34.9,23.4,6.13,0.123,Medchal Malikajgiri,TS
2014-04-15,0.0,34.9,23.4,6.21,0.123,Medchal Malikajgiri,TS
2014-04-16,1.7,35.5,24.1,5.67,0.128,Medchal Malikajgiri,TS
2014-04-17,0.9,35.6,23.7,5.6,0.141,Medchal Malikajgiri,TS
2014-04-18,0.6,33.7,23.9,5.69,0.144,Medchal Malikajgiri,TS
2014-04-19,3.0,35.2,24.7,5.45,0.151,Medchal Malikajgiri,TS
2014-04-20,0.6,35.8,24.1,6.51,0.169,Medchal Malikajgiri,TS
2014-04-21,0.0,35.9,23.7,6.69,0.157,Medchal Malikajgiri,TS
2014-04-22,0.0,35.2,24.6,6.27,0.146,Medchal Malikajgiri,TS
2014-04-23,0.0,36.3,24.1,6.25,0.138,Medchal Malikajgiri,TS
2014-04-24,0.2,36.7,24.5,5.8,0.132,Medchal Malikajgiri,TS
2014-04-25,0.0,37.7,25.9,6.5,0.13,Medchal Malikajgiri,TS
2014-04-26,0.0,37.3,25.3,6.21,0.127,Medchal Malikajgiri,TS
2014-04-27,0.0,37.6,25.7,6.56,0.124,Medchal Malikajgiri,TS
2014-04-28,0.0,36.7,26.0,6.02,0.122,Medchal Malikajgiri,TS
2014-04-29,0.0,38.0,26.1,6.25,0.121,Medchal Malikajgiri,TS
2014-04-30,1.5,37.2,25.4,5.91,0.126,Medchal Malikajgiri,TS
2014-05-01,0.7,37.5,25.8,6.34,0.136,Medchal Malikajgiri,TS
2014-05-02,0.0,37.9,24.6,6.87,0.136,Medchal Malikajgiri,TS
2014-05-03,0.3,36.2,25.0,6.44,0.132,Medchal Malikajgiri,TS
2014-05-04,0.0,36.5,24.2,6.62,0.131,Medchal Malikajgiri,TS
2014-05-05,0.0,35.4,23.7,6.8,0.127,Medchal Malikajgiri,TS
2014-05-06,0.0,34.6,23.9,6.51,0.125,Medchal Malikajgiri,TS
2014-05-07,1.2,34.5,23.4,5.98,0.128,Medchal Malikajgiri,TS
2014-05-08,1.9,34.1,24.3,4.83,0.14,Medchal Malikajgiri,TS
2014-05-09,55.2,24.5,22.2,0.99,0.301,Medchal Malikajgiri,TS
2014-05-10,0.0,32.2,22.2,5.48,0.347,Medchal Malikajgiri,TS
2014-05-11,0.0,33.7,23.4,7.19,0.301,Medchal Malikajgiri,TS
2014-05-12,0.0,33.9,23.7,7.04,0.269,Medchal Malikajgiri,TS
2014-05-13,0.0,34.6,24.9,7.6,0.242,Medchal Malikajgiri,TS
2014-05-14,0.0,34.2,24.8,7.05,0.218,Medchal Malikajgiri,TS
2014-05-15,0.0,33.7,23.1,6.22,0.201,Medchal Malikajgiri,TS
2014-05-16,0.0,34.1,24.9,5.99,0.187,Medchal Malikajgiri,TS
2014-05-17,0.5,34.3,25.8,6.07,0.178,Medchal Malikajgiri,TS
2014-05-18,0.0,36.6,25.0,6.78,0.167,Medchal Malikajgiri,TS
2014-05-19,0.1,36.6,25.5,6.38,0.156,Medchal Malikajgiri,TS
2014-05-20,0.0,34.8,24.8,5.88,0.15,Medchal Malikajgiri,TS
2014-05-21,0.2,36.4,25.2,6.6,0.144,Medchal Malikajgiri,TS
2014-05-22,0.0,38.0,26.1,7.68,0.14,Medchal Malikajgiri,TS
2014-05-23,0.0,38.8,26.8,8.11,0.134,Medchal Malikajgiri,TS
2014-05-24,0.0,38.9,25.5,7.7,0.129,Medchal Malikajgiri,TS
2014-05-25,0.0,38.9,25.8,7.37,0.126,Medchal Malikajgiri,TS
2014-05-26,0.0,35.6,26.3,6.2,0.124,Medchal Malikajgiri,TS
2014-05-27,0.0,36.7,27.0,6.82,0.123,Medchal Malikajgiri,TS
2014-05-28,0.0,37.9,25.8,6.95,0.122,Medchal Malikajgiri,TS
2014-05-29,0.0,37.7,26.9,6.49,0.121,Medchal Malikajgiri,TS
2014-05-30,0.0,38.0,27.4,7.28,0.12,Medchal Malikajgiri,TS
2014-05-31,0.0,39.0,28.3,7.99,0.119,Medchal Malikajgiri,TS
2014-06-01,0.2,39.7,27.6,7.63,0.119,Medchal Malikajgiri,TS
2014-06-02,2.5,38.9,26.6,6.48,0.129,Medchal Malikajgiri,TS
2014-06-03,0.5,35.9,26.7,6.02,0.145,Medchal Malikajgiri,TS
2014-06-04,0.7,37.4,26.9,6.43,0.143,Medchal Malikajgiri,TS
2014-06-05,0.0,38.1,26.4,6.87,0.141,Medchal Malikajgiri,TS
2014-06-06,0.0,39.2,28.4,7.8,0.134,Medchal Malikajgiri,TS
2014-06-07,0.0,38.9,27.7,8.04,0.13,Medchal Malikajgiri,TS
2014-06-08,0.3,38.9,27.8,8.14,0.128,Medchal Malikajgiri,TS
2014-06-09,2.0,34.9,26.7,6.69,0.138,Medchal Malikajgiri,TS
2014-06-10,0.2,37.2,25.4,7.39,0.149,Medchal Malikajgiri,TS
2014-06-11,0.9,37.2,25.9,7.99,0.144,Medchal Malikajgiri,TS
2014-06-12,1.7,36.8,25.9,8.28,0.146,Medchal Malikajgiri,TS
2014-06-13,4.3,35.2,25.3,6.85,0.164,Medchal Malikajgiri,TS
2014-06-14,3.8,34.5,24.8,5.82,0.207,Medchal Malikajgiri,TS
2014-06-15,0.2,33.1,25.4,6.08,0.219,Medchal Malikajgiri,TS
2014-06-16,0.0,34.3,25.4,7.23,0.197,Medchal Malikajgiri,TS
2014-06-17,0.0,34.2,25.5,7.48,0.178,Medchal Malikajgiri,TS
2014-06-18,0.4,32.5,25.2,6.31,0.164,Medchal Malikajgiri,TS
2014-06-19,0.0,31.4,24.5,5.42,0.159,Medchal Malikajgiri,TS
2014-06-20,0.0,30.9,23.7,4.71,0.155,Medchal Malikajgiri,TS
2014-06-21,1.7,30.7,24.7,5.27,0.155,Medchal Malikajgiri,TS
2014-06-22,0.0,29.8,24.9,5.18,0.16,Medchal Malikajgiri,TS
2014-06-23,0.0,34.7,24.4,7.72,0.151,Medchal Malikajgiri,TS
2014-06-24,0.0,36.1,24.6,8.46,0.143,Medchal Malikajgiri,TS
2014-06-25,0.0,35.9,24.9,8.31,0.135,Medchal Malikajgiri,TS
2014-06-26,0.0,35.8,26.1,7.62,0.13,Medchal Malikajgiri,TS
2014-06-27,0.0,33.7,25.7,5.13,0.127,Medchal Malikajgiri,TS
2014-06-28,9.7,31.8,24.6,3.1,0.17,Medchal Malikajgiri,TS
2014-06-29,0.4,32.2,24.8,4.65,0.231,Medchal Malikajgiri,TS
2014-06-30,0.0,34.5,24.7,6.25,0.206,Medchal Malikajgiri,TS
2014-07-01,0.0,35.4,26.7,7.1,0.183,Medchal Malikajgiri,TS
2014-07-02,0.0,34.7,27.1,7.43,0.165,Medchal Malikajgiri,TS
2014-07-03,0.0,34.7,26.4,7.55,0.152,Medchal Malikajgiri,TS
2014-07-04,0.4,33.2,26.0,6.44,0.144,Medchal Malikajgiri,TS
2014-07-05,0.4,34.0,25.2,5.04,0.144,Medchal Malikajgiri,TS
2014-07-06,13.4,33.7,24.0,5.12,0.181,Medchal Malikajgiri,TS
2014-07-07,5.5,30.4,23.4,4.48,0.291,Medchal Malikajgiri,TS
2014-07-08,11.7,30.8,22.8,4.01,0.329,Medchal Malikajgiri,TS
2014-07-09,15.8,26.4,22.5,1.8,0.371,Medchal Malikajgiri,TS
2014-07-10,9.1,29.1,22.4,3.58,0.357,Medchal Malikajgiri,TS
2014-07-11,5.4,27.5,22.7,3.61,0.35,Medchal Malikajgiri,TS
2014-07-12,3.1,27.2,22.1,2.81,0.34,Medchal Malikajgiri,TS
2014-07-13,10.3,26.2,22.2,2.37,0.362,Medchal Malikajgiri,TS
2014-07-14,4.2,26.7,22.6,2.46,0.364,Medchal Malikajgiri,TS
2014-07-15,6.6,24.4,22.4,1.67,0.37,Medchal Malikajgiri,TS
2014-07-16,2.8,28.6,21.9,4.07,0.364,Medchal Malikajgiri,TS
2014-07-17,0.2,28.1,22.7,3.47,0.336,Medchal Malikajgiri,TS
2014-07-18,1.4,29.3,23.2,4.59,0.319,Medchal Malikajgiri,TS
2014-07-19,5.1,28.0,22.8,3.61,0.33,Medchal Malikajgiri,TS
2014-07-20,6.1,26.1,22.4,2.03,0.355,Medchal Malikajgiri,TS
2014-07-21,3.3,26.4,22.4,2.77,0.355,Medchal Malikajgiri,TS
2014-07-22,16.2,23.4,21.6,1.41,0.393,Medchal Malikajgiri,TS
2014-07-23,4.4,27.4,21.0,3.02,0.382,Medchal Malikajgiri,TS
2014-07-24,1.7,28.7,22.1,4.41,0.364,Medchal Malikajgiri,TS
2014-07-25,0.7,29.1,21.9,5.01,0.342,Medchal Malikajgiri,TS
2014-07-26,1.6,29.2,22.5,4.61,0.326,Medchal Malikajgiri,TS
2014-07-27,12.9,26.3,22.5,2.63,0.339,Medchal Malikajgiri,TS
2014-07-28,16.0,23.3,22.0,1.29,0.407,Medchal Malikajgiri,TS
2014-07-29,14.7,25.5,22.0,2.09,0.413,Medchal Malikajgiri,TS
2014-07-30,20.0,25.5,21.5,1.93,0.421,Medchal Malikajgiri,TS
2014-07-31,0.2,27.5,22.1,3.24,0.392,Medchal Malikajgiri,TS
2014-08-01,2.3,28.7,23.0,3.86,0.376,Medchal Malikajgiri,TS
2014-08-02,0.0,28.4,22.5,4.39,0.359,Medchal Malikajgiri,TS
2014-08-03,0.0,28.2,22.3,4.49,0.337,Medchal Malikajgiri,TS
2014-08-04,2.7,26.7,22.4,3.15,0.328,Medchal Malikajgiri,TS
2014-08-05,5.5,26.7,21.8,3.32,0.363,Medchal Malikajgiri,TS
2014-08-06,0.3,28.3,22.6,4.51,0.342,Medchal Malikajgiri,TS
2014-08-07,0.0,28.5,22.3,4.31,0.322,Medchal Malikajgiri,TS
2014-08-08,0.1,28.6,22.1,4.74,0.304,Medchal Malikajgiri,TS
2014-08-09,0.0,28.8,21.8,4.95,0.288,Medchal Malikajgiri,TS
2014-08-10,0.2,29.7,22.6,4.95,0.273,Medchal Malikajgiri,TS
2014-08-11,2.7,28.8,23.1,4.01,0.276,Medchal Malikajgiri,TS
2014-08-12,0.4,29.2,22.8,4.78,0.281,Medchal Malikajgiri,TS
2014-08-13,0.0,29.3,23.1,4.97,0.265,Medchal Malikajgiri,TS
2014-08-14,0.0,29.7,23.1,5.18,0.248,Medchal Malikajgiri,TS
2014-08-15,0.0,29.6,23.0,4.88,0.233,Medchal Malikajgiri,TS
2014-08-16,0.0,27.9,22.4,3.66,0.222,Medchal Malikajgiri,TS
2014-08-17,0.1,29.5,23.2,4.8,0.214,Medchal Malikajgiri,TS
2014-08-18,0.1,31.0,23.0,4.37,0.206,Medchal Malikajgiri,TS
2014-08-19,0.2,31.5,22.8,4.45,0.2,Medchal Malikajgiri,TS
2014-08-20,0.5,32.0,22.6,4.86,0.196,Medchal Malikajgiri,TS
2014-08-21,11.0,31.7,22.8,3.98,0.262,Medchal Malikajgiri,TS
2014-08-22,0.1,30.4,22.6,4.54,0.301,Medchal Malikajgiri,TS
2014-08-23,0.0,31.7,22.7,5.49,0.267,Medchal Malikajgiri,TS
2014-08-24,4.0,31.7,23.4,4.99,0.245,Medchal Malikajgiri,TS
2014-08-25,8.9,31.4,22.9,4.21,0.293,Medchal Malikajgiri,TS
2014-08-26,16.5,29.2,22.7,3.19,0.355,Medchal Malikajgiri,TS
2014-08-27,10.2,24.2,21.5,1.41,0.371,Medchal Malikajgiri,TS
2014-08-28,21.6,23.6,21.4,1.08,0.399,Medchal Malikajgiri,TS
2014-08-29,27.5,24.5,21.4,1.28,0.423,Medchal Malikajgiri,TS
2014-08-30,65.9,23.3,21.5,0.83,0.429,Medchal Malikajgiri,TS
2014-08-31,22.4,24.0,21.7,1.23,0.427,Medchal Malikajgiri,TS
2014-09-01,4.9,25.5,21.2,2.78,0.413,Medchal Malikajgiri,TS
2014-09-02,0.4,27.7,22.1,3.98,0.391,Medchal Malikajgiri,TS
2014-09-03,0.0,27.6,21.9,3.95,0.371,Medchal Malikajgiri,TS
2014-09-04,0.4,28.5,22.2,4.2,0.357,Medchal Malikajgiri,TS
2014-09-05,5.2,28.2,22.2,3.97,0.354,Medchal Malikajgiri,TS
2014-09-06,9.1,23.2,21.4,1.39,0.397,Medchal Malikajgiri,TS
2014-09-07,16.5,22.7,21.5,1.28,0.418,Medchal Malikajgiri,TS
2014-09-08,1.3,27.4,21.4,4.32,0.401,Medchal Malikajgiri,TS
2014-09-09,0.1,27.1,21.4,4.01,0.382,Medchal Malikajgiri,TS
2014-09-10,4.9,27.6,21.4,3.5,0.379,Medchal Malikajgiri,TS
2014-09-11,0.8,27.6,21.5,3.55,0.382,Medchal Malikajgiri,TS
2014-09-12,0.2,28.4,22.1,4.19,0.362,Medchal Malikajgiri,TS
2014-09-13,0.7,28.9,22.2,4.48,0.349,Medchal Malikajgiri,TS
2014-09-14,3.1,29.1,22.5,4.16,0.351,Medchal Malikajgiri,TS
2014-09-15,4.7,28.7,22.2,3.66,0.367,Medchal Malikajgiri,TS
2014-09-16,5.5,27.9,22.6,2.97,0.384,Medchal Malikajgiri,TS
2014-09-17,0.4,28.6,22.3,3.72,0.367,Medchal Malikajgiri,TS
2014-09-18,2.0,29.0,23.1,3.72,0.359,Medchal Malikajgiri,TS
2014-09-19,5.6,28.0,23.1,2.92,0.373,Medchal Malikajgiri,TS
2014-09-20,2.2,27.6,22.9,2.79,0.376,Medchal Malikajgiri,TS
2014-09-21,0.1,28.6,22.5,3.84,0.363,Medchal Malikajgiri,TS
2014-09-22,0.0,30.0,21.9,4.79,0.343,Medchal Malikajgiri,TS
2014-09-23,1.2,29.5,22.6,4.1,0.331,Medchal Malikajgiri,TS
2014-09-24,0.1,30.2,22.2,4.46,0.329,Medchal Malikajgiri,TS
2014-09-25,0.0,30.5,21.4,4.75,0.314,Medchal Malikajgiri,TS
2014-09-26,0.2,30.1,20.9,4.49,0.301,Medchal Malikajgiri,TS
2014-09-27,0.4,29.0,21.5,3.97,0.293,Medchal Malikajgiri,TS
2014-09-28,0.7,29.5,21.2,4.26,0.289,Medchal Malikajgiri,TS
2014-09-29,0.4,29.4,21.4,4.18,0.284,Medchal Malikajgiri,TS
2014-09-30,0.0,29.5,21.4,4.25,0.276,Medchal Malikajgiri,TS
2014-10-01,0.0,29.5,21.2,4.22,0.266,Medchal Malikajgiri,TS
2014-10-02,0.0,30.7,20.3,4.8,0.255,Medchal Malikajgiri,TS
2014-10-03,0.0,30.5,20.7,4.54,0.243,Medchal Malikajgiri,TS
2014-10-04,0.0,31.1,20.9,4.28,0.233,Medchal Malikajgiri,TS
2014-10-05,0.0,31.8,23.4,4.59,0.224,Medchal Malikajgiri,TS
2014-10-06,0.6,31.3,21.1,4.47,0.216,Medchal Malikajgiri,TS
2014-10-07,2.2,29.4,21.0,4.2,0.234,Medchal Malikajgiri,TS
2014-10-08,0.4,30.1,21.6,3.95,0.23,Medchal Malikajgiri,TS
2014-10-09,0.8,30.1,21.6,3.89,0.225,Medchal Malikajgiri,TS
2014-10-10,0.6,31.4,22.0,4.5,0.225,Medchal Malikajgiri,TS
2014-10-11,0.0,31.1,23.7,5.11,0.214,Medchal Malikajgiri,TS
2014-10-12,0.0,30.7,22.7,6.95,0.2,Medchal Malikajgiri,TS
2014-10-13,0.0,31.6,24.6,5.94,0.187,Medchal Malikajgiri,TS
2014-10-14,0.0,33.4,21.6,4.73,0.178,Medchal Malikajgiri,TS
2014-10-15,0.1,31.4,22.7,4.55,0.171,Medchal Malikajgiri,TS
2014-10-16,2.7,31.3,21.7,4.44,0.181,Medchal Malikajgiri,TS
2014-10-17,1.2,31.3,21.8,4.48,0.198,Medchal Malikajgiri,TS
2014-10-18,2.4,30.3,21.6,3.87,0.208,Medchal Malikajgiri,TS
2014-10-19,0.4,30.5,20.3,4.3,0.218,Medchal Malikajgiri,TS
2014-10-20,0.0,31.1,20.4,5.15,0.207,Medchal Malikajgiri,TS
2014-10-21,0.0,30.2,19.5,4.59,0.194,Medchal Malikajgiri,TS
2014-10-22,0.2,29.6,21.5,4.01,0.186,Medchal Malikajgiri,TS
2014-10-23,0.0,30.2,20.2,4.37,0.181,Medchal Malikajgiri,TS
2014-10-24,0.0,30.4,20.6,4.64,0.172,Medchal Malikajgiri,TS
2014-10-25,22.8,26.5,21.4,1.92,0.25,Medchal Malikajgiri,TS
2014-10-26,77.2,20.9,19.3,0.7,0.423,Medchal Malikajgiri,TS
2014-10-27,0.6,24.9,19.0,2.27,0.403,Medchal Malikajgiri,TS
2014-10-28,0.0,26.7,17.7,3.96,0.378,Medchal Malikajgiri,TS
2014-10-29,0.0,27.0,17.4,4.6,0.357,Medchal Malikajgiri,TS
2014-10-30,0.0,27.1,16.6,4.57,0.339,Medchal Malikajgiri,TS
2014-10-31,0.0,27.8,16.4,4.66,0.324,Medchal Malikajgiri,TS
2014-11-01,0.0,27.2,16.9,3.81,0.311,Medchal Malikajgiri,TS
2014-11-02,0.0,28.6,18.9,4.33,0.3,Medchal Malikajgiri,TS
2014-11-03,0.0,28.6,19.0,4.85,0.286,Medchal Malikajgiri,TS
2014-11-04,0.0,29.0,17.1,4.79,0.274,Medchal Malikajgiri,TS
2014-11-05,0.0,29.4,16.5,4.98,0.262,Medchal Malikajgiri,TS
2014-11-06,0.0,29.6,17.3,4.39,0.251,Medchal Malikajgiri,TS
2014-11-07,0.0,29.1,19.2,4.86,0.241,Medchal Malikajgiri,TS
2014-11-08,0.0,28.0,17.2,4.97,0.23,Medchal Malikajgiri,TS
2014-11-09,4.6,26.6,19.6,2.92,0.232,Medchal Malikajgiri,TS
2014-11-10,2.3,27.2,20.1,2.28,0.293,Medchal Malikajgiri,TS
2014-11-11,0.0,28.4,20.0,3.85,0.281,Medchal Malikajgiri,TS
2014-11-12,2.1,28.6,20.5,3.19,0.272,Medchal Malikajgiri,TS
2014-11-13,3.6,25.4,20.4,1.93,0.29,Medchal Malikajgiri,TS
2014-11-14,4.6,27.3,21.0,2.68,0.317,Medchal Malikajgiri,TS
2014-11-15,0.4,28.1,19.6,3.3,0.325,Medchal Malikajgiri,TS
2014-11-16,0.0,28.0,19.7,3.66,0.3,Medchal Malikajgiri,TS
2014-11-17,0.4,28.2,19.5,3.63,0.283,Medchal Malikajgiri,TS
2014-11-18,0.5,27.8,19.4,3.3,0.276,Medchal Malikajgiri,TS
2014-11-19,0.5,27.6,19.2,3.3,0.27,Medchal Malikajgiri,TS
2014-11-20,0.0,27.6,18.4,3.86,0.259,Medchal Malikajgiri,TS
2014-11-21,0.0,27.5,17.8,4.25,0.245,Medchal Malikajgiri,TS
2014-11-22,0.0,28.2,16.8,4.15,0.233,Medchal Malikajgiri,TS
2014-11-23,0.0,28.1,16.7,4.17,0.222,Medchal Malikajgiri,TS
2014-11-24,0.0,27.2,15.8,4.1,0.212,Medchal Malikajgiri,TS
2014-11-25,0.0,27.1,15.1,4.2,0.204,Medchal Malikajgiri,TS
2014-11-26,0.0,27.4,14.6,4.52,0.195,Medchal Malikajgiri,TS
2014-11-27,0.0,27.6,13.6,4.34,0.188,Medchal Malikajgiri,TS
2014-11-28,0.0,27.8,14.5,4.16,0.181,Medchal Malikajgiri,TS
2014-11-29,0.0,28.4,15.4,4.37,0.175,Medchal Malikajgiri,TS
2014-11-30,0.0,28.1,15.5,4.59,0.169,Medchal Malikajgiri,TS
2014-12-01,0.0,28.1,15.7,4.57,0.164,Medchal Malikajgiri,TS
2014-12-02,0.0,28.0,14.8,4.38,0.159,Medchal Malikajgiri,TS
2014-12-03,0.0,28.1,15.2,4.49,0.155,Medchal Malikajgiri,TS
2014-12-04,0.0,28.1,14.1,4.64,0.151,Medchal Malikajgiri,TS
2014-12-05,0.0,27.7,14.1,4.37,0.148,Medchal Malikajgiri,TS
2014-12-06,0.0,27.9,14.2,4.23,0.145,Medchal Malikajgiri,TS
2014-12-07,0.0,28.2,14.4,4.09,0.143,Medchal Malikajgiri,TS
2014-12-08,0.0,28.6,15.4,4.01,0.141,Medchal Malikajgiri,TS
2014-12-09,0.0,28.2,17.9,3.71,0.139,Medchal Malikajgiri,TS
2014-12-10,0.0,28.1,18.1,4.02,0.137,Medchal Malikajgiri,TS
2014-12-11,0.0,25.4,18.7,2.56,0.136,Medchal Malikajgiri,TS
2014-12-12,1.5,24.3,19.3,1.99,0.143,Medchal Malikajgiri,TS
2014-12-13,0.4,23.1,19.0,1.98,0.153,Medchal Malikajgiri,TS
2014-12-14,0.0,27.0,18.0,3.56,0.153,Medchal Malikajgiri,TS
2014-12-15,0.0,27.6,17.6,3.32,0.149,Medchal Malikajgiri,TS
2014-12-16,0.0,26.5,18.1,3.47,0.146,Medchal Malikajgiri,TS
2014-12-17,0.0,25.1,16.5,4.46,0.143,Medchal Malikajgiri,TS
2014-12-18,0.0,25.6,14.1,4.37,0.14,Medchal Malikajgiri,TS
2014-12-19,0.0,25.7,14.5,4.18,0.138,Medchal Malikajgiri,TS
2014-12-20,0.0,25.2,12.3,4.02,0.135,Medchal Malikajgiri,TS
2014-12-21,0.0,25.5,11.9,3.96,0.133,Medchal Malikajgiri,TS
2014-12-22,0.0,25.6,11.9,4.05,0.132,Medchal Malikajgiri,TS
2014-12-23,0.0,26.0,13.8,3.91,0.131,Medchal Malikajgiri,TS
2014-12-24,0.0,26.3,14.2,3.89,0.129,Medchal Malikajgiri,TS
2014-12-25,0.0,26.1,13.3,3.95,0.128,Medchal Malikajgiri,TS
2014-12-26,0.0,26.1,13.3,4.4,0.127,Medchal Malikajgiri,TS
2014-12-27,0.0,25.0,13.7,4.16,0.126,Medchal Malikajgiri,TS
2014-12-28,0.0,25.5,13.6,4.25,0.125,Medchal Malikajgiri,TS
2014-12-29,0.0,26.7,14.7,4.2,0.125,Medchal Malikajgiri,TS
2014-12-30,0.0,27.7,15.0,4.22,0.124,Medchal Malikajgiri,TS
2014-12-31,0.0,28.4,16.9,4.06,0.123,Medchal Malikajgiri,TS
2015-01-01,0.2,27.7,18.4,3.34,0.124,Medchal Malikajgiri,TS
2015-01-02,0.0,27.0,19.1,2.85,0.127,Medchal Malikajgiri,TS
2015-01-03,4.0,26.1,19.2,2.36,0.152,Medchal Malikajgiri,TS
2015-01-04,0.6,25.0,19.1,1.94,0.171,Medchal Malikajgiri,TS
2015-01-05,0.0,27.1,17.2,3.71,0.17,Medchal Malikajgiri,TS
2015-01-06,0.0,26.8,16.1,4.04,0.163,Medchal Malikajgiri,TS
2015-01-07,0.0,27.6,15.0,4.01,0.156,Medchal Malikajgiri,TS
2015-01-08,0.0,26.9,15.3,4.08,0.15,Medchal Malikajgiri,TS
2015-01-09,0.0,25.9,14.3,4.58,0.144,Medchal Malikajgiri,TS
2015-01-10,0.0,26.3,10.7,4.56,0.14,Medchal Malikajgiri,TS
2015-01-11,0.0,26.3,11.2,4.72,0.136,Medchal Malikajgiri,TS
2015-01-12,0.0,26.4,11.0,4.74,0.133,Medchal Malikajgiri,TS
2015-01-13,0.0,26.8,12.1,4.69,0.131,Medchal Malikajgiri,TS
2015-01-14,0.0,27.4,11.8,4.56,0.129,Medchal Malikajgiri,TS
2015-01-15,0.0,26.7,14.9,4.26,0.127,Medchal Malikajgiri,TS
2015-01-16,0.0,27.1,14.5,4.48,0.126,Medchal Malikajgiri,TS
2015-01-17,0.0,27.2,14.0,4.93,0.124,Medchal Malikajgiri,TS
2015-01-18,0.0,27.5,14.0,4.63,0.123,Medchal Malikajgiri,TS
2015-01-19,0.0,27.2,15.1,4.67,0.122,Medchal Malikajgiri,TS
2015-01-20,0.0,27.1,15.6,4.2,0.122,Medchal Malikajgiri,TS
2015-01-21,0.0,26.7,16.0,4.18,0.121,Medchal Malikajgiri,TS
2015-01-22,0.0,27.4,15.9,4.6,0.121,Medchal Malikajgiri,TS
2015-01-23,0.0,27.6,15.7,4.64,0.12,Medchal Malikajgiri,TS
2015-01-24,0.0,28.0,16.2,4.91,0.12,Medchal Malikajgiri,TS
2015-01-25,0.0,28.0,16.1,5.47,0.12,Medchal Malikajgiri,TS
2015-01-26,0.0,27.3,15.7,4.91,0.119,Medchal Malikajgiri,TS
2015-01-27,0.0,27.4,15.3,5.2,0.119,Medchal Malikajgiri,TS
2015-01-28,0.0,27.5,14.9,4.81,0.119,Medchal Malikajgiri,TS
2015-01-29,0.0,27.9,15.8,4.71,0.119,Medchal Malikajgiri,TS
2015-01-30,0.0,27.7,15.6,4.35,0.119,Medchal Malikajgiri,TS
2015-01-31,0.0,28.4,16.6,4.77,0.118,Medchal Malikajgiri,TS
2015-02-01,0.0,28.4,14.7,4.67,0.118,Medchal Malikajgiri,TS
2015-02-02,0.0,28.3,16.3,4.85,0.118,Medchal Malikajgiri,TS
2015-02-03,0.0,27.5,17.6,4.62,0.118,Medchal Malikajgiri,TS
2015-02-04,0.0,28.7,13.9,4.93,0.118,Medchal Malikajgiri,TS
2015-02-05,0.0,29.0,14.5,5.26,0.118,Medchal Malikajgiri,TS
2015-02-06,0.0,29.0,15.4,5.68,0.118,Medchal Malikajgiri,TS
2015-02-07,0.0,28.8,15.9,5.69,0.118,Medchal Malikajgiri,TS
2015-02-08,0.0,29.2,16.6,5.38,0.118,Medchal Malikajgiri,TS
2015-02-09,0.0,29.3,16.7,5.55,0.118,Medchal Malikajgiri,TS
2015-02-10,0.0,28.4,16.1,5.1,0.117,Medchal Malikajgiri,TS
2015-02-11,0.0,28.4,16.0,4.88,0.117,Medchal Malikajgiri,TS
2015-02-12,0.0,29.5,15.6,5.17,0.117,Medchal Malikajgiri,TS
2015-02-13,0.0,30.8,17.0,5.31,0.117,Medchal Malikajgiri,TS
2015-02-14,0.0,31.0,18.5,5.27,0.117,Medchal Malikajgiri,TS
2015-02-15,0.0,32.0,17.9,5.36,0.117,Medchal Malikajgiri,TS
2015-02-16,0.0,32.0,16.8,5.28,0.117,Medchal Malikajgiri,TS
2015-02-17,0.0,32.7,16.4,5.32,0.117,Medchal Malikajgiri,TS
2015-02-18,0.0,32.7,18.8,5.96,0.117,Medchal Malikajgiri,TS
2015-02-19,0.0,30.8,18.0,5.44,0.117,Medchal Malikajgiri,TS
2015-02-20,0.0,29.5,19.3,5.16,0.117,Medchal Malikajgiri,TS
2015-02-21,0.0,29.7,18.7,5.06,0.117,Medchal Malikajgiri,TS
2015-02-22,0.0,31.8,17.1,5.68,0.117,Medchal Malikajgiri,TS
2015-02-23,0.0,31.9,18.7,6.06,0.117,Medchal Malikajgiri,TS
2015-02-24,0.0,32.4,18.8,6.47,0.117,Medchal Malikajgiri,TS
2015-02-25,0.0,32.5,19.2,6.19,0.117,Medchal Malikajgiri,TS
2015-02-26,0.0,32.9,19.2,6.4,0.117,Medchal Malikajgiri,TS
2015-02-27,0.0,32.5,19.6,6.5,0.117,Medchal Malikajgiri,TS
2015-02-28,0.0,31.5,19.2,5.92,0.117,Medchal Malikajgiri,TS
2015-03-01,5.9,29.1,20.5,3.47,0.128,Medchal Malikajgiri,TS
2015-03-02,11.5,27.2,19.9,3.57,0.291,Medchal Malikajgiri,TS
2015-03-03,0.0,29.4,19.0,4.87,0.265,Medchal Malikajgiri,TS
2015-03-04,0.0,28.2,17.9,5.33,0.233,Medchal Malikajgiri,TS
2015-03-05,0.0,30.2,18.8,5.22,0.208,Medchal Malikajgiri,TS
2015-03-06,0.6,29.5,20.5,3.67,0.195,Medchal Malikajgiri,TS
2015-03-07,0.2,29.8,20.3,3.99,0.19,Medchal Malikajgiri,TS
2015-03-08,0.1,30.4,20.4,4.85,0.182,Medchal Malikajgiri,TS
2015-03-09,0.0,29.9,20.0,4.55,0.172,Medchal Malikajgiri,TS
2015-03-10,0.8,30.4,21.2,4.76,0.164,Medchal Malikajgiri,TS
2015-03-11,0.0,31.9,20.3,6.2,0.162,Medchal Malikajgiri,TS
2015-03-12,0.0,31.8,19.2,6.38,0.151,Medchal Malikajgiri,TS
2015-03-13,0.0,33.0,18.7,6.57,0.143,Medchal Malikajgiri,TS
2015-03-14,0.0,33.4,20.5,7.5,0.136,Medchal Malikajgiri,TS
2015-03-15,0.0,33.3,18.0,6.93,0.131,Medchal Malikajgiri,TS
2015-03-16,0.0,33.3,20.1,5.84,0.128,Medchal Malikajgiri,TS
2015-03-17,0.0,33.2,19.7,5.51,0.125,Medchal Malikajgiri,TS
2015-03-18,0.0,34.5,21.6,6.14,0.123,Medchal Malikajgiri,TS
2015-03-19,0.0,34.1,23.0,6.24,0.122,Medchal Malikajgiri,TS
2015-03-20,0.0,35.1,21.7,7.1,0.12,Medchal Malikajgiri,TS
2015-03-21,0.0,35.0,21.5,6.54,0.119,Medchal Malikajgiri,TS
2015-03-22,0.0,35.6,23.6,6.3,0.119,Medchal Malikajgiri,TS
2015-03-23,0.0,35.8,23.1,6.29,0.118,Medchal Malikajgiri,TS
2015-03-24,0.0,36.4,22.0,6.55,0.118,Medchal Malikajgiri,TS
2015-03-25,0.0,35.1,21.4,6.7,0.118,Medchal Malikajgiri,TS
2015-03-26,0.0,34.0,21.7,6.35,0.117,Medchal Malikajgiri,TS
2015-03-27,0.0,34.0,21.5,6.59,0.117,Medchal Malikajgiri,TS
2015-03-28,0.0,34.4,22.0,6.58,0.117,Medchal Malikajgiri,TS
2015-03-29,0.0,34.0,21.9,5.73,0.117,Medchal Malikajgiri,TS
2015-03-30,0.0,31.5,22.6,4.74,0.118,Medchal Malikajgiri,TS
2015-03-31,0.5,33.3,22.6,5.27,0.12,Medchal Malikajgiri,TS
2015-04-01,0.0,33.4,22.6,5.2,0.121,Medchal Malikajgiri,TS
2015-04-02,0.0,34.3,23.4,5.6,0.12,Medchal Malikajgiri,TS
2015-04-03,0.0,36.3,24.1,6.95,0.119,Medchal Malikajgiri,TS
2015-04-04,0.0,36.1,23.7,7.36,0.118,Medchal Malikajgiri,TS
2015-04-05,0.0,36.1,21.9,6.79,0.118,Medchal Malikajgiri,TS
2015-04-06,0.0,36.5,22.8,6.57,0.118,Medchal Malikajgiri,TS
2015-04-07,0.0,35.1,23.4,6.24,0.118,Medchal Malikajgiri,TS
2015-04-08,0.0,35.2,23.5,6.74,0.118,Medchal Malikajgiri,TS
2015-04-09,0.0,34.7,22.6,6.35,0.118,Medchal Malikajgiri,TS
2015-04-10,0.4,34.3,23.4,5.63,0.119,Medchal Malikajgiri,TS
2015-04-11,6.6,30.3,22.6,3.48,0.149,Medchal Malikajgiri,TS
2015-04-12,12.0,27.0,20.9,3.49,0.305,Medchal Malikajgiri,TS
2015-04-13,6.0,29.2,19.5,4.23,0.289,Medchal Malikajgiri,TS
2015-04-14,12.4,27.2,19.2,4.24,0.33,Medchal Malikajgiri,TS
2015-04-15,2.2,28.6,19.6,4.74,0.32,Medchal Malikajgiri,TS
2015-04-16,0.2,29.5,20.1,4.98,0.286,Medchal Malikajgiri,TS
2015-04-17,1.1,30.8,20.6,4.95,0.259,Medchal Malikajgiri,TS
2015-04-18,0.0,33.5,20.4,6.15,0.24,Medchal Malikajgiri,TS
2015-04-19,0.0,34.9,21.7,6.42,0.212,Medchal Malikajgiri,TS
2015-04-20,0.0,35.3,22.5,6.65,0.19,Medchal Malikajgiri,TS
2015-04-21,0.0,35.9,22.6,6.75,0.171,Medchal Malikajgiri,TS
2015-04-22,0.0,36.3,24.5,6.63,0.157,Medchal Malikajgiri,TS
2015-04-23,0.7,35.3,24.2,5.48,0.149,Medchal Malikajgiri,TS
2015-04-24,1.0,34.3,24.3,5.97,0.153,Medchal Malikajgiri,TS
2015-04-25,0.0,34.5,23.0,5.91,0.152,Medchal Malikajgiri,TS
2015-04-26,0.0,34.2,22.7,6.16,0.144,Medchal Malikajgiri,TS
2015-04-27,0.0,34.8,22.7,6.25,0.138,Medchal Malikajgiri,TS
2015-04-28,0.0,36.5,24.0,7.11,0.133,Medchal Malikajgiri,TS
2015-04-29,0.0,37.3,26.1,7.1,0.128,Medchal Malikajgiri,TS
2015-04-30,0.0,37.6,25.7,7.63,0.125,Medchal Malikajgiri,TS
2015-05-01,0.0,38.2,24.4,7.48,0.123,Medchal Malikajgiri,TS
2015-05-02,0.0,37.9,23.9,6.78,0.121,Medchal Malikajgiri,TS
2015-05-03,0.0,36.8,25.2,6.51,0.12,Medchal Malikajgiri,TS
2015-05-04,1.5,34.6,25.3,6.29,0.126,Medchal Malikajgiri,TS
2015-05-05,0.0,35.3,24.4,6.1,0.134,Medchal Malikajgiri,TS
2015-05-06,1.0,36.7,24.2,6.31,0.133,Medchal Malikajgiri,TS
2015-05-07,0.4,36.6,24.9,6.77,0.137,Medchal Malikajgiri,TS
2015-05-08,0.0,38.0,25.7,7.04,0.133,Medchal Malikajgiri,TS
2015-05-09,0.0,37.7,26.0,6.57,0.128,Medchal Malikajgiri,TS
2015-05-10,0.0,35.8,26.8,5.28,0.126,Medchal Malikajgiri,TS
2015-05-11,1.1,36.2,25.9,6.06,0.129,Medchal Malikajgiri,TS
2015-05-12,0.5,35.5,25.7,5.79,0.136,Medchal Malikajgiri,TS
2015-05-13,1.8,34.9,25.4,5.23,0.142,Medchal Malikajgiri,TS
2015-05-14,0.1,34.4,25.5,5.41,0.151,Medchal Malikajgiri,TS
2015-05-15,0.3,34.7,26.0,5.49,0.145,Medchal Malikajgiri,TS
2015-05-16,8.5,30.7,23.6,3.62,0.238,Medchal Malikajgiri,TS
2015-05-17,0.0,34.4,24.0,5.91,0.22,Medchal Malikajgiri,TS
2015-05-18,0.0,36.4,25.3,6.33,0.193,Medchal Malikajgiri,TS
2015-05-19,0.0,39.2,27.0,7.15,0.171,Medchal Malikajgiri,TS
2015-05-20,0.0,40.1,28.0,9.05,0.153,Medchal Malikajgiri,TS
2015-05-21,0.0,40.9,27.9,8.5,0.141,Medchal Malikajgiri,TS
2015-05-22,0.0,40.0,29.3,8.86,0.133,Medchal Malikajgiri,TS
2015-05-23,0.2,39.1,29.0,9.32,0.128,Medchal Malikajgiri,TS
2015-05-24,0.0,38.6,28.1,9.05,0.125,Medchal Malikajgiri,TS
2015-05-25,0.0,38.8,28.3,8.96,0.123,Medchal Malikajgiri,TS
2015-05-26,0.0,39.5,28.0,8.73,0.121,Medchal Malikajgiri,TS
2015-05-27,0.0,39.7,28.0,8.45,0.12,Medchal Malikajgiri,TS
2015-05-28,0.4,39.3,27.9,8.12,0.12,Medchal Malikajgiri,TS
2015-05-29,0.0,39.9,27.5,8.27,0.122,Medchal Malikajgiri,TS
2015-05-30,0.0,38.9,27.2,7.68,0.121,Medchal Malikajgiri,TS
2015-05-31,0.1,39.6,27.5,7.55,0.12,Medchal Malikajgiri,TS
2015-06-01,0.6,37.0,27.3,6.29,0.122,Medchal Malikajgiri,TS
2015-06-02,0.8,36.9,27.0,6.43,0.127,Medchal Malikajgiri,TS
2015-06-03,1.3,36.3,26.0,6.04,0.136,Medchal Malikajgiri,TS
2015-06-04,0.5,35.8,25.6,5.88,0.141,Medchal Malikajgiri,TS
2015-06-05,2.8,35.3,24.7,5.94,0.156,Medchal Malikajgiri,TS
2015-06-06,0.9,33.5,25.7,4.8,0.163,Medchal Malikajgiri,TS
2015-06-07,3.4,30.5,24.4,4.02,0.185,Medchal Malikajgiri,TS
2015-06-08,0.1,33.0,24.6,5.43,0.186,Medchal Malikajgiri,TS
2015-06-09,0.3,32.9,24.8,4.62,0.176,Medchal Malikajgiri,TS
2015-06-10,3.8,34.4,25.1,6.01,0.179,Medchal Malikajgiri,TS
2015-06-11,1.4,34.8,25.3,5.81,0.201,Medchal Malikajgiri,TS
2015-06-12,15.4,32.1,23.8,4.29,0.261,Medchal Malikajgiri,TS
2015-06-13,7.3,30.0,23.2,3.68,0.335,Medchal Malikajgiri,TS
2015-06-14,3.5,27.5,22.6,3.12,0.327,Medchal Malikajgiri,TS
2015-06-15,5.1,27.5,22.3,2.47,0.317,Medchal Malikajgiri,TS
2015-06-16,1.3,27.4,22.6,3.23,0.301,Medchal Malikajgiri,TS
2015-06-17,5.8,28.6,23.2,3.56,0.291,Medchal Malikajgiri,TS
2015-06-18,13.2,28.1,22.5,3.13,0.362,Medchal Malikajgiri,TS
2015-06-19,15.6,28.8,22.2,3.68,0.378,Medchal Malikajgiri,TS
2015-06-20,14.0,25.9,22.6,2.14,0.384,Medchal Malikajgiri,TS
2015-06-21,31.8,23.9,22.3,1.32,0.419,Medchal Malikajgiri,TS
2015-06-22,4.3,27.4,22.2,3.02,0.401,Medchal Malikajgiri,TS
2015-06-23,1.4,29.3,23.7,4.71,0.368,Medchal Malikajgiri,TS
2015-06-24,7.3,30.1,23.2,4.79,0.385,Medchal Malikajgiri,TS
2015-06-25,0.0,29.2,23.9,4.87,0.351,Medchal Malikajgiri,TS
2015-06-26,0.0,29.5,23.6,5.2,0.329,Medchal Malikajgiri,TS
2015-06-27,0.0,29.1,23.0,4.82,0.31,Medchal Malikajgiri,TS
2015-06-28,0.0,30.4,23.3,5.54,0.292,Medchal Malikajgiri,TS
2015-06-29,0.1,30.3,23.4,5.18,0.275,Medchal Malikajgiri,TS
2015-06-30,0.0,30.6,23.9,5.45,0.26,Medchal Malikajgiri,TS
2015-07-01,0.0,30.4,24.0,5.58,0.245,Medchal Malikajgiri,TS
2015-07-02,0.3,29.2,23.1,4.26,0.236,Medchal Malikajgiri,TS
2015-07-03,0.0,31.2,25.0,5.55,0.227,Medchal Malikajgiri,TS
2015-07-04,0.0,32.4,23.8,7.16,0.212,Medchal Malikajgiri,TS
2015-07-05,0.0,32.9,23.6,7.48,0.196,Medchal Malikajgiri,TS
2015-07-06,0.0,32.6,23.2,7.17,0.183,Medchal Malikajgiri,TS
2015-07-07,0.2,31.0,23.4,5.97,0.174,Medchal Malikajgiri,TS
2015-07-08,0.6,31.8,24.3,6.35,0.169,Medchal Malikajgiri,TS
2015-07-09,0.0,31.6,25.0,6.08,0.163,Medchal Malikajgiri,TS
2015-07-10,0.4,30.1,25.0,4.74,0.16,Medchal Malikajgiri,TS
2015-07-11,0.0,30.6,24.2,4.57,0.159,Medchal Malikajgiri,TS
2015-07-12,0.0,32.1,23.9,5.98,0.154,Medchal Malikajgiri,TS
2015-07-13,0.2,32.7,25.3,5.77,0.149,Medchal Malikajgiri,TS
2015-07-14,2.3,34.3,25.8,5.0,0.158,Medchal Malikajgiri,TS
2015-07-15,3.3,31.2,23.6,4.68,0.209,Medchal Malikajgiri,TS
2015-07-16,0.0,32.5,25.6,6.55,0.194,Medchal Malikajgiri,TS
2015-07-17,0.7,32.1,24.8,6.23,0.179,Medchal Malikajgiri,TS
2015-07-18,0.4,32.2,24.5,5.78,0.176,Medchal Malikajgiri,TS
2015-07-19,7.2,32.6,23.7,5.67,0.193,Medchal Malikajgiri,TS
2015-07-20,0.9,31.9,23.4,5.35,0.248,Medchal Malikajgiri,TS
2015-07-21,0.0,30.2,23.9,5.12,0.232,Medchal Malikajgiri,TS
2015-07-22,5.2,29.2,23.6,3.11,0.24,Medchal Malikajgiri,TS
2015-07-23,2.7,30.4,23.3,4.11,0.266,Medchal Malikajgiri,TS
2015-07-24,1.7,30.9,23.7,4.84,0.253,Medchal Malikajgiri,TS
2015-07-25,0.0,31.3,23.6,5.62,0.242,Medchal Malikajgiri,TS
2015-07-26,2.8,30.0,23.0,4.52,0.233,Medchal Malikajgiri,TS
2015-07-27,0.0,30.5,23.3,5.37,0.234,Medchal Malikajgiri,TS
2015-07-28,0.0,32.4,22.8,7.12,0.211,Medchal Malikajgiri,TS
2015-07-29,0.0,30.9,22.6,6.36,0.191,Medchal Malikajgiri,TS
2015-07-30,0.0,28.8,23.2,4.52,0.179,Medchal Malikajgiri,TS
2015-07-31,1.4,30.8,23.7,5.27,0.174,Medchal Malikajgiri,TS
2015-08-01,0.0,31.4,22.9,5.39,0.176,Medchal Malikajgiri,TS
2015-08-02,0.0,31.6,24.6,5.54,0.166,Medchal Malikajgiri,TS
2015-08-03,0.0,30.4,24.7,5.07,0.158,Medchal Malikajgiri,TS
2015-08-04,0.0,29.1,24.5,4.86,0.153,Medchal Malikajgiri,TS
2015-08-05,0.1,29.6,23.6,4.8,0.151,Medchal Malikajgiri,TS
2015-08-06,0.8,30.0,22.7,4.21,0.151,Medchal Malikajgiri,TS
2015-08-07,2.9,29.6,22.7,4.22,0.159,Medchal Malikajgiri,TS
2015-08-08,5.4,29.9,22.7,3.59,0.196,Medchal Malikajgiri,TS
2015-08-09,1.9,28.3,22.8,3.02,0.26,Medchal Malikajgiri,TS
2015-08-10,6.5,28.6,23.5,2.89,0.276,Medchal Malikajgiri,TS
2015-08-11,15.7,27.3,22.7,2.81,0.335,Medchal Malikajgiri,TS
2015-08-12,19.8,23.9,22.3,1.1,0.389,Medchal Malikajgiri,TS
2015-08-13,6.8,26.7,22.1,2.86,0.376,Medchal Malikajgiri,TS
2015-08-14,0.8,29.1,22.4,4.56,0.337,Medchal Malikajgiri,TS
2015-08-15,0.1,29.2,23.3,4.6,0.313,Medchal Malikajgiri,TS
2015-08-16,0.4,28.4,23.7,3.54,0.296,Medchal Malikajgiri,TS
2015-08-17,0.2,29.7,23.5,4.2,0.286,Medchal Malikajgiri,TS
2015-08-18,0.8,30.3,23.3,4.02,0.277,Medchal Malikajgiri,TS
2015-08-19,5.0,30.9,23.4,4.13,0.277,Medchal Malikajgiri,TS
2015-08-20,5.1,29.3,22.7,3.13,0.327,Medchal Malikajgiri,TS
2015-08-21,1.7,27.8,22.6,3.03,0.335,Medchal Malikajgiri,TS
2015-08-22,0.1,28.8,22.6,4.41,0.31,Medchal Malikajgiri,TS
2015-08-23,0.0,29.5,22.9,4.88,0.285,Medchal Malikajgiri,TS
2015-08-24,0.0,29.5,23.9,5.17,0.263,Medchal Malikajgiri,TS
2015-08-25,0.1,30.2,23.7,5.39,0.246,Medchal Malikajgiri,TS
2015-08-26,0.1,29.8,23.4,4.64,0.232,Medchal Malikajgiri,TS
2015-08-27,2.3,28.9,23.1,3.35,0.237,Medchal Malikajgiri,TS
2015-08-28,9.6,28.5,22.6,3.17,0.279,Medchal Malikajgiri,TS
2015-08-29,2.8,27.8,22.2,3.42,0.331,Medchal Malikajgiri,TS
2015-08-30,0.4,29.4,23.3,4.14,0.3,Medchal Malikajgiri,TS
2015-08-31,0.0,30.2,23.9,4.93,0.275,Medchal Malikajgiri,TS
2015-09-01,0.0,29.4,24.3,4.58,0.254,Medchal Malikajgiri,TS
2015-09-02,0.6,29.7,23.4,4.74,0.24,Medchal Malikajgiri,TS
2015-09-03,0.2,30.9,22.7,4.49,0.228,Medchal Malikajgiri,TS
2015-09-04,0.0,32.3,23.4,4.88,0.213,Medchal Malikajgiri,TS
2015-09-05,3.7,32.8,22.6,4.77,0.212,Medchal Malikajgiri,TS
2015-09-06,14.5,31.0,22.9,4.03,0.282,Medchal Malikajgiri,TS
2015-09-07,6.2,28.9,22.5,3.31,0.346,Medchal Malikajgiri,TS
2015-09-08,7.4,29.9,21.7,4.03,0.348,Medchal Malikajgiri,TS
2015-09-09,5.2,28.7,21.4,3.42,0.355,Medchal Malikajgiri,TS
2015-09-10,10.1,29.9,21.5,3.92,0.356,Medchal Malikajgiri,TS
2015-09-11,7.3,29.7,21.5,3.92,0.361,Medchal Malikajgiri,TS
2015-09-12,11.6,25.5,22.1,1.92,0.398,Medchal Malikajgiri,TS
2015-09-13,12.7,28.7,22.4,2.58,0.386,Medchal Malikajgiri,TS
2015-09-14,10.9,28.8,21.9,2.52,0.398,Medchal Malikajgiri,TS
2015-09-15,1.8,26.5,22.1,2.24,0.387,Medchal Malikajgiri,TS
2015-09-16,7.2,27.2,22.0,1.94,0.396,Medchal Malikajgiri,TS
2015-09-17,5.4,28.3,22.3,2.92,0.394,Medchal Malikajgiri,TS
2015-09-18,0.2,30.1,23.0,4.24,0.363,Medchal Malikajgiri,TS
2015-09-19,0.0,29.3,22.5,4.05,0.34,Medchal Malikajgiri,TS
2015-09-20,0.0,27.4,23.1,3.05,0.324,Medchal Malikajgiri,TS
2015-09-21,0.0,29.2,22.4,4.73,0.308,Medchal Malikajgiri,TS
2015-09-22,0.0,30.1,22.0,5.12,0.29,Medchal Malikajgiri,TS
2015-09-23,0.0,31.5,21.7,5.2,0.272,Medchal Malikajgiri,TS
2015-09-24,0.0,31.2,22.4,4.59,0.256,Medchal Malikajgiri,TS
2015-09-25,0.5,31.1,22.9,4.3,0.247,Medchal Malikajgiri,TS
2015-09-26,1.6,30.4,22.6,3.91,0.25,Medchal Malikajgiri,TS
2015-09-27,0.0,30.7,21.5,5.32,0.243,Medchal Malikajgiri,TS
2015-09-28,0.0,29.3,20.4,4.22,0.228,Medchal Malikajgiri,TS
2015-09-29,1.0,30.0,21.3,4.04,0.22,Medchal Malikajgiri,TS
2015-09-30,0.4,29.7,21.5,4.0,0.22,Medchal Malikajgiri,TS
2015-10-01,3.7,29.1,21.9,2.93,0.234,Medchal Malikajgiri,TS
2015-10-02,3.6,29.0,21.8,3.1,0.266,Medchal Malikajgiri,TS
2015-10-03,9.7,30.8,22.2,3.86,0.303,Medchal Malikajgiri,TS
2015-10-04,7.2,30.3,22.5,3.79,0.348,Medchal Malikajgiri,TS
2015-10-05,0.9,30.2,21.6,4.04,0.333,Medchal Malikajgiri,TS
2015-10-06,0.0,31.4,21.1,4.96,0.298,Medchal Malikajgiri,TS
2015-10-07,0.0,31.6,19.4,5.41,0.27,Medchal Malikajgiri,TS
2015-10-08,0.0,31.7,19.6,5.12,0.247,Medchal Malikajgiri,TS
2015-10-09,0.0,32.5,20.7,5.1,0.227,Medchal Malikajgiri,TS
2015-10-10,0.0,31.8,23.4,5.01,0.211,Medchal Malikajgiri,TS
2015-10-11,3.2,32.3,22.8,4.44,0.211,Medchal Malikajgiri,TS
2015-10-12,0.0,33.3,22.6,4.9,0.219,Medchal Malikajgiri,TS
2015-10-13,0.0,33.0,23.9,4.95,0.203,Medchal Malikajgiri,TS
2015-10-14,0.0,32.8,23.7,4.76,0.189,Medchal Malikajgiri,TS
2015-10-15,0.0,33.3,21.1,4.8,0.177,Medchal Malikajgiri,TS
2015-10-16,0.1,32.2,21.8,4.72,0.168,Medchal Malikajgiri,TS
2015-10-17,0.7,31.6,22.4,4.39,0.167,Medchal Malikajgiri,TS
2015-10-18,0.4,31.9,21.9,4.57,0.165,Medchal Malikajgiri,TS
2015-10-19,0.0,32.8,22.2,5.01,0.16,Medchal Malikajgiri,TS
2015-10-20,0.0,33.7,20.6,5.65,0.152,Medchal Malikajgiri,TS
2015-10-21,0.0,33.5,21.8,5.78,0.145,Medchal Malikajgiri,TS
2015-10-22,0.0,33.8,21.7,5.73,0.14,Medchal Malikajgiri,TS
2015-10-23,0.0,33.0,21.8,5.02,0.136,Medchal Malikajgiri,TS
2015-10-24,0.0,32.3,21.8,4.99,0.133,Medchal Malikajgiri,TS
2015-10-25,0.0,31.2,22.2,4.96,0.13,Medchal Malikajgiri,TS
2015-10-26,0.0,31.5,21.0,5.0,0.129,Medchal Malikajgiri,TS
2015-10-27,0.0,31.9,19.5,5.41,0.127,Medchal Malikajgiri,TS
2015-10-28,0.0,31.2,20.0,4.99,0.126,Medchal Malikajgiri,TS
2015-10-29,1.9,30.9,21.6,3.66,0.133,Medchal Malikajgiri,TS
2015-10-30,0.3,29.5,20.7,3.98,0.149,Medchal Malikajgiri,TS
2015-10-31,0.0,31.1,20.9,4.97,0.146,Medchal Malikajgiri,TS
2015-11-01,0.0,31.0,20.4,4.75,0.141,Medchal Malikajgiri,TS
2015-11-02,0.0,31.5,19.9,4.84,0.136,Medchal Malikajgiri,TS
2015-11-03,0.0,30.7,21.4,4.19,0.133,Medchal Malikajgiri,TS
2015-11-04,0.0,31.4,22.4,4.65,0.131,Medchal Malikajgiri,TS
2015-11-05,0.0,31.1,20.6,4.43,0.129,Medchal Malikajgiri,TS
2015-11-06,0.0,31.4,20.5,4.67,0.127,Medchal Malikajgiri,TS
2015-11-07,0.0,31.1,19.3,4.86,0.126,Medchal Malikajgiri,TS
2015-11-08,0.0,31.4,20.2,5.34,0.124,Medchal Malikajgiri,TS
2015-11-09,0.0,30.3,18.2,5.16,0.123,Medchal Malikajgiri,TS
2015-11-10,0.0,28.9,20.7,4.47,0.122,Medchal Malikajgiri,TS
2015-11-11,0.0,30.8,19.2,5.18,0.121,Medchal Malikajgiri,TS
2015-11-12,0.0,31.4,18.4,5.18,0.121,Medchal Malikajgiri,TS
2015-11-13,0.0,31.8,17.4,5.5,0.12,Medchal Malikajgiri,TS
2015-11-14,0.0,30.9,18.0,5.18,0.12,Medchal Malikajgiri,TS
2015-11-15,0.3,30.8,18.0,4.9,0.119,Medchal Malikajgiri,TS
2015-11-16,0.1,26.3,20.4,2.52,0.123,Medchal Malikajgiri,TS
2015-11-17,0.0,29.5,20.0,4.46,0.126,Medchal Malikajgiri,TS
2015-11-18,0.0,30.2,19.1,5.32,0.125,Medchal Malikajgiri,TS
2015-11-19,0.0,29.1,19.6,4.79,0.123,Medchal Malikajgiri,TS
2015-11-20,0.0,25.2,21.1,2.08,0.123,Medchal Malikajgiri,TS
2015-11-21,0.0,29.0,20.7,3.81,0.123,Medchal Malikajgiri,TS
2015-11-22,0.0,30.3,20.7,4.6,0.123,Medchal Malikajgiri,TS
2015-11-23,0.0,30.1,20.0,4.58,0.122,Medchal Malikajgiri,TS
2015-11-24,0.2,28.0,22.1,2.98,0.123,Medchal Malikajgiri,TS
2015-11-25,0.0,30.7,20.3,4.49,0.124,Medchal Malikajgiri,TS
2015-11-26,0.0,31.0,18.2,4.58,0.123,Medchal Malikajgiri,TS
2015-11-27,0.0,31.8,17.8,4.64,0.122,Medchal Malikajgiri,TS
2015-11-28,0.0,31.2,19.9,4.91,0.121,Medchal Malikajgiri,TS
2015-11-29,0.0,30.3,19.3,4.79,0.12,Medchal Malikajgiri,TS
2015-11-30,9.5,23.2,20.0,1.35,0.17,Medchal Malikajgiri,TS
2015-12-01,0.2,29.1,19.4,3.48,0.221,Medchal Malikajgiri,TS
2015-12-02,0.0,27.5,19.3,3.69,0.206,Medchal Malikajgiri,TS
2015-12-03,0.0,29.7,17.8,4.38,0.192,Medchal Malikajgiri,TS
2015-12-04,0.0,30.2,18.1,4.35,0.178,Medchal Malikajgiri,TS
2015-12-05,0.0,30.1,17.8,4.52,0.166,Medchal Malikajgiri,TS
2015-12-06,0.0,29.5,17.0,4.19,0.158,Medchal Malikajgiri,TS
2015-12-07,0.0,30.0,17.3,4.32,0.151,Medchal Malikajgiri,TS
2015-12-08,0.0,30.6,17.6,4.51,0.145,Medchal Malikajgiri,TS
2015-12-09,0.0,30.2,16.8,4.64,0.14,Medchal Malikajgiri,TS
2015-12-10,0.0,30.9,16.7,4.5,0.136,Medchal Malikajgiri,TS
2015-12-11,0.0,32.3,18.4,4.37,0.133,Medchal Malikajgiri,TS
2015-12-12,0.0,32.3,21.1,3.9,0.13,Medchal Malikajgiri,TS
2015-12-13,0.0,31.8,21.6,4.1,0.128,Medchal Malikajgiri,TS
2015-12-14,0.0,32.4,20.6,4.37,0.127,Medchal Malikajgiri,TS
2015-12-15,0.0,32.5,20.4,4.89,0.125,Medchal Malikajgiri,TS
2015-12-16,0.0,32.3,19.5,5.07,0.123,Medchal Malikajgiri,TS
2015-12-17,0.0,31.5,18.3,4.95,0.122,Medchal Malikajgiri,TS
2015-12-18,0.0,31.2,17.7,4.26,0.122,Medchal Malikajgiri,TS
2015-12-19,0.0,30.3,19.0,4.45,0.121,Medchal Malikajgiri,TS
2015-12-20,0.0,31.1,19.2,4.63,0.12,Medchal Malikajgiri,TS
2015-12-21,0.0,29.8,19.8,3.61,0.12,Medchal Malikajgiri,TS
2015-12-22,0.0,30.8,19.3,3.87,0.119,Medchal Malikajgiri,TS
2015-12-23,0.0,29.8,20.9,3.34,0.119,Medchal Malikajgiri,TS
2015-12-24,0.0,29.9,20.9,4.27,0.119,Medchal Malikajgiri,TS
2015-12-25,0.0,26.8,17.4,5.25,0.118,Medchal Malikajgiri,TS
2015-12-26,0.0,27.5,13.1,4.61,0.118,Medchal Malikajgiri,TS
2015-12-27,0.0,28.3,14.5,4.91,0.118,Medchal Malikajgiri,TS
2015-12-28,0.0,29.9,15.4,5.0,0.118,Medchal Malikajgiri,TS
2015-12-29,0.0,31.5,14.2,5.27,0.118,Medchal Malikajgiri,TS
2015-12-30,0.0,31.7,15.1,5.35,0.118,Medchal Malikajgiri,TS
2015-12-31,0.0,31.3,17.7,4.93,0.117,Medchal Malikajgiri,TS
2016-01-01,0.0,30.7,15.9,4.73,0.117,Medchal Malikajgiri,TS
2016-01-02,0.0,30.4,16.6,4.43,0.117,Medchal Malikajgiri,TS
2016-01-03,0.0,30.3,17.3,4.5,0.117,Medchal Malikajgiri,TS
2016-01-04,0.0,29.0,16.6,4.3,0.117,Medchal Malikajgiri,TS
2016-01-05,0.0,29.0,16.7,4.46,0.117,Medchal Malikajgiri,TS
2016-01-06,0.0,28.7,17.2,4.53,0.117,Medchal Malikajgiri,TS
2016-01-07,0.0,28.7,16.2,4.61,0.117,Medchal Malikajgiri,TS
2016-01-08,0.0,29.0,15.9,4.53,0.117,Medchal Malikajgiri,TS
2016-01-09,0.0,29.3,15.8,4.69,0.117,Medchal Malikajgiri,TS
2016-01-10,0.0,29.1,16.5,4.98,0.117,Medchal Malikajgiri,TS
2016-01-11,0.0,28.7,16.5,4.79,0.117,Medchal Malikajgiri,TS
2016-01-12,0.0,28.7,15.1,4.58,0.117,Medchal Malikajgiri,TS
2016-01-13,0.0,29.0,15.7,4.71,0.117,Medchal Malikajgiri,TS
2016-01-14,0.0,28.9,18.0,5.04,0.117,Medchal Malikajgiri,TS
2016-01-15,0.0,28.1,17.1,4.5,0.117,Medchal Malikajgiri,TS
2016-01-16,0.0,28.7,17.0,4.98,0.117,Medchal Malikajgiri,TS
2016-01-17,0.0,29.0,18.1,5.55,0.117,Medchal Malikajgiri,TS
2016-01-18,0.0,28.3,17.4,4.68,0.117,Medchal Malikajgiri,TS
2016-01-19,0.4,25.8,19.2,2.54,0.121,Medchal Malikajgiri,TS
2016-01-20,1.4,24.3,18.2,1.72,0.136,Medchal Malikajgiri,TS
2016-01-21,0.0,26.7,16.2,4.33,0.139,Medchal Malikajgiri,TS
2016-01-22,0.0,26.9,15.8,5.02,0.135,Medchal Malikajgiri,TS
2016-01-23,0.0,28.0,16.2,4.71,0.132,Medchal Malikajgiri,TS
2016-01-24,0.0,28.6,16.6,3.91,0.129,Medchal Malikajgiri,TS
2016-01-25,0.2,27.8,18.2,3.23,0.128,Medchal Malikajgiri,TS
2016-01-26,0.0,29.6,17.9,4.04,0.127,Medchal Malikajgiri,TS
2016-01-27,0.0,30.8,17.9,3.99,0.126,Medchal Malikajgiri,TS
2016-01-28,0.0,32.0,18.9,4.99,0.124,Medchal Malikajgiri,TS
2016-01-29,0.0,31.7,17.2,5.61,0.123,Medchal Malikajgiri,TS
2016-01-30,0.0,32.2,16.2,5.39,0.121,Medchal Malikajgiri,TS
2016-01-31,0.0,33.2,16.6,5.15,0.12,Medchal Malikajgiri,TS
2016-02-01,0.0,33.0,17.9,5.25,0.119,Medchal Malikajgiri,TS
2016-02-02,0.0,33.4,20.1,5.74,0.119,Medchal Malikajgiri,TS
2016-02-03,0.0,33.6,18.5,5.47,0.118,Medchal Malikajgiri,TS
2016-02-04,0.0,32.2,17.9,5.25,0.118,Medchal Malikajgiri,TS
2016-02-05,0.0,30.8,17.9,5.42,0.118,Medchal Malikajgiri,TS
2016-02-06,0.0,31.5,19.4,5.88,0.118,Medchal Malikajgiri,TS
2016-02-07,0.0,32.1,19.0,5.38,0.117,Medchal Malikajgiri,TS
2016-02-08,0.0,31.1,20.0,5.05,0.117,Medchal Malikajgiri,TS
2016-02-09,0.0,31.1,22.9,4.63,0.117,Medchal Malikajgiri,TS
2016-02-10,0.0,33.0,21.6,6.07,0.117,Medchal Malikajgiri,TS
2016-02-11,0.0,32.1,21.7,5.33,0.117,Medchal Malikajgiri,TS
2016-02-12,0.0,32.5,21.2,5.07,0.117,Medchal Malikajgiri,TS
2016-02-13,0.0,32.2,20.7,5.23,0.117,Medchal Malikajgiri,TS
2016-02-14,0.0,31.8,20.4,5.36,0.117,Medchal Malikajgiri,TS
2016-02-15,0.0,32.2,20.3,7.24,0.117,Medchal Malikajgiri,TS
2016-02-16,0.0,31.5,17.9,6.11,0.117,Medchal Malikajgiri,TS
2016-02-17,0.0,31.2,18.1,6.72,0.117,Medchal Malikajgiri,TS
2016-02-18,0.0,32.1,18.1,6.64,0.117,Medchal Malikajgiri,TS
2016-02-19,0.0,32.9,16.5,6.49,0.117,Medchal Malikajgiri,TS
2016-02-20,0.0,34.6,17.9,6.04,0.117,Medchal Malikajgiri,TS
2016-02-21,0.0,35.7,19.4,6.0,0.117,Medchal Malikajgiri,TS
2016-02-22,0.0,35.7,21.9,6.46,0.117,Medchal Malikajgiri,TS
2016-02-23,0.0,36.1,22.0,6.66,0.117,Medchal Malikajgiri,TS
2016-02-24,0.0,35.3,21.1,5.97,0.117,Medchal Malikajgiri,TS
2016-02-25,0.0,34.3,21.4,5.88,0.117,Medchal Malikajgiri,TS
2016-02-26,0.0,31.0,21.5,4.64,0.117,Medchal Malikajgiri,TS
2016-02-27,0.0,31.2,21.2,5.03,0.118,Medchal Malikajgiri,TS
2016-02-28,0.5,31.8,20.9,4.91,0.119,Medchal Malikajgiri,TS
2016-02-29,0.2,33.3,21.2,5.57,0.123,Medchal Malikajgiri,TS
2016-03-01,0.3,32.5,21.7,4.97,0.126,Medchal Malikajgiri,TS
2016-03-02,2.2,32.1,22.4,4.52,0.132,Medchal Malikajgiri,TS
2016-03-03,0.2,32.6,21.3,4.86,0.149,Medchal Malikajgiri,TS
2016-03-04,1.7,32.9,21.5,4.86,0.148,Medchal Malikajgiri,TS
2016-03-05,1.5,33.1,21.8,4.93,0.16,Medchal Malikajgiri,TS
2016-03-06,0.0,34.5,22.2,7.23,0.159,Medchal Malikajgiri,TS
2016-03-07,0.0,34.4,20.1,7.38,0.146,Medchal Malikajgiri,TS
2016-03-08,0.0,35.1,20.1,6.93,0.138,Medchal Malikajgiri,TS
2016-03-09,0.0,34.4,22.1,5.73,0.132,Medchal Malikajgiri,TS
2016-03-10,0.0,36.6,22.5,7.02,0.128,Medchal Malikajgiri,TS
2016-03-11,0.0,36.4,22.6,7.44,0.125,Medchal Malikajgiri,TS
2016-03-12,0.0,37.1,23.2,8.2,0.122,Medchal Malikajgiri,TS
2016-03-13,0.0,36.2,21.6,6.08,0.121,Medchal Malikajgiri,TS
2016-03-14,0.2,34.5,23.9,5.57,0.122,Medchal Malikajgiri,TS
2016-03-15,0.6,32.6,22.1,5.04,0.124,Medchal Malikajgiri,TS
2016-03-16,0.0,35.9,23.2,6.05,0.128,Medchal Malikajgiri,TS
2016-03-17,0.0,36.8,22.7,6.47,0.125,Medchal Malikajgiri,TS
2016-03-18,0.0,37.8,23.3,6.39,0.123,Medchal Malikajgiri,TS
2016-03-19,0.0,37.3,24.2,6.25,0.121,Medchal Malikajgiri,TS
2016-03-20,0.0,37.5,22.5,7.46,0.12,Medchal Malikajgiri,TS
2016-03-21,0.0,37.7,22.6,7.69,0.119,Medchal Malikajgiri,TS
2016-03-22,0.0,37.6,22.4,7.63,0.118,Medchal Malikajgiri,TS
2016-03-23,0.0,37.1,23.2,7.26,0.118,Medchal Malikajgiri,TS
2016-03-24,0.0,37.2,23.4,7.19,0.118,Medchal Malikajgiri,TS
2016-03-25,0.0,37.7,22.6,7.45,0.117,Medchal Malikajgiri,TS
2016-03-26,0.0,37.5,23.0,7.54,0.117,Medchal Malikajgiri,TS
2016-03-27,0.0,37.3,24.4,7.61,0.117,Medchal Malikajgiri,TS
2016-03-28,0.0,35.5,22.3,7.38,0.117,Medchal Malikajgiri,TS
2016-03-29,0.0,36.3,22.7,6.44,0.117,Medchal Malikajgiri,TS
2016-03-30,0.5,35.8,23.8,6.12,0.118,Medchal Malikajgiri,TS
2016-03-31,0.0,36.7,23.4,6.51,0.121,Medchal Malikajgiri,TS
2016-04-01,0.0,37.1,23.1,6.43,0.121,Medchal Malikajgiri,TS
2016-04-02,0.0,37.1,24.0,6.19,0.119,Medchal Malikajgiri,TS
2016-04-03,0.0,37.7,25.3,6.53,0.119,Medchal Malikajgiri,TS
2016-04-04,0.0,37.9,25.3,6.66,0.118,Medchal Malikajgiri,TS
2016-04-05,0.0,36.0,25.5,5.64,0.118,Medchal Malikajgiri,TS
2016-04-06,0.0,37.6,23.7,7.64,0.118,Medchal Malikajgiri,TS
2016-04-07,0.0,37.7,25.2,7.63,0.117,Medchal Malikajgiri,TS
2016-04-08,0.0,37.7,23.4,8.24,0.117,Medchal Malikajgiri,TS
2016-04-09,0.0,37.5,23.1,8.41,0.117,Medchal Malikajgiri,TS
2016-04-10,0.0,38.1,24.2,7.95,0.117,Medchal Malikajgiri,TS
2016-04-11,0.0,38.8,24.7,6.91,0.117,Medchal Malikajgiri,TS
2016-04-12,0.0,39.3,26.6,7.08,0.117,Medchal Malikajgiri,TS
2016-04-13,0.0,39.7,26.3,7.41,0.117,Medchal Malikajgiri,TS
2016-04-14,0.0,37.9,27.2,6.2,0.117,Medchal Malikajgiri,TS
2016-04-15,0.0,39.3,25.8,6.8,0.117,Medchal Malikajgiri,TS
2016-04-16,0.0,39.7,27.1,7.07,0.117,Medchal Malikajgiri,TS
2016-04-17,0.0,39.0,27.4,6.71,0.117,Medchal Malikajgiri,TS
2016-04-18,0.1,38.2,26.8,6.6,0.118,Medchal Malikajgiri,TS
2016-04-19,0.0,39.3,24.2,8.13,0.118,Medchal Malikajgiri,TS
2016-04-20,0.0,39.7,24.2,7.53,0.118,Medchal Malikajgiri,TS
2016-04-21,0.0,39.3,26.5,6.66,0.117,Medchal Malikajgiri,TS
2016-04-22,0.0,40.9,29.4,7.62,0.117,Medchal Malikajgiri,TS
2016-04-23,0.0,39.7,28.1,9.24,0.117,Medchal Malikajgiri,TS
2016-04-24,0.0,40.2,28.0,8.76,0.117,Medchal Malikajgiri,TS
2016-04-25,0.0,40.6,25.4,7.74,0.117,Medchal Malikajgiri,TS
2016-04-26,2.1,39.9,27.4,7.24,0.125,Medchal Malikajgiri,TS
2016-04-27,0.0,39.2,26.1,7.61,0.137,Medchal Malikajgiri,TS
2016-04-28,0.0,39.4,26.6,6.78,0.13,Medchal Malikajgiri,TS
2016-04-29,0.0,40.2,26.8,7.56,0.126,Medchal Malikajgiri,TS
2016-04-30,0.9,40.1,28.0,6.55,0.126,Medchal Malikajgiri,TS
2016-05-01,0.6,39.4,27.4,6.84,0.131,Medchal Malikajgiri,TS
2016-05-02,3.1,39.7,28.0,6.9,0.143,Medchal Malikajgiri,TS
2016-05-03,2.4,39.2,27.0,7.09,0.168,Medchal Malikajgiri,TS
2016-05-04,1.5,38.4,25.3,6.32,0.18,Medchal Malikajgiri,TS
2016-05-05,0.8,36.0,25.1,6.53,0.178,Medchal Malikajgiri,TS
2016-05-06,2.1,33.3,22.8,5.83,0.193,Medchal Malikajgiri,TS
2016-05-07,0.0,35.3,24.3,6.21,0.178,Medchal Malikajgiri,TS
2016-05-08,1.1,35.6,25.6,6.34,0.167,Medchal Malikajgiri,TS
2016-05-09,2.2,35.6,25.1,6.02,0.168,Medchal Malikajgiri,TS
2016-05-10,1.8,34.9,24.7,5.92,0.175,Medchal Malikajgiri,TS
2016-05-11,0.5,35.8,25.5,6.04,0.174,Medchal Malikajgiri,TS
2016-05-12,0.0,37.5,25.9,6.47,0.16,Medchal Malikajgiri,TS
2016-05-13,0.0,38.3,27.4,6.66,0.146,Medchal Malikajgiri,TS
2016-05-14,0.4,38.7,27.4,7.0,0.138,Medchal Malikajgiri,TS
2016-05-15,0.3,38.0,26.8,7.35,0.133,Medchal Malikajgiri,TS
2016-05-16,0.0,37.9,26.3,7.22,0.13,Medchal Malikajgiri,TS
2016-05-17,0.0,36.3,25.9,6.55,0.126,Medchal Malikajgiri,TS
2016-05-18,0.3,34.8,25.8,4.92,0.125,Medchal Malikajgiri,TS
2016-05-19,1.0,33.0,26.7,3.62,0.13,Medchal Malikajgiri,TS
2016-05-20,1.0,37.3,24.9,6.32,0.138,Medchal Malikajgiri,TS
2016-05-21,0.0,39.1,27.1,9.17,0.136,Medchal Malikajgiri,TS
2016-05-22,0.0,39.8,27.4,9.71,0.13,Medchal Malikajgiri,TS
2016-05-23,0.0,38.8,27.1,9.87,0.126,Medchal Malikajgiri,TS
2016-05-24,0.0,37.9,28.1,8.57,0.123,Medchal Malikajgiri,TS
2016-05-25,0.0,37.9,28.5,9.12,0.121,Medchal Malikajgiri,TS
2016-05-26,0.0,38.7,28.1,8.71,0.12,Medchal Malikajgiri,TS
2016-05-27,0.0,38.0,28.8,8.41,0.119,Medchal Malikajgiri,TS
2016-05-28,0.0,37.6,29.1,7.89,0.118,Medchal Malikajgiri,TS
2016-05-29,0.0,36.5,28.5,8.04,0.118,Medchal Malikajgiri,TS
2016-05-30,0.0,36.9,28.4,7.7,0.118,Medchal Malikajgiri,TS
2016-05-31,0.2,37.5,28.8,7.65,0.119,Medchal Malikajgiri,TS
2016-06-01,0.8,37.7,28.0,7.01,0.122,Medchal Malikajgiri,TS
2016-06-02,0.4,35.5,26.7,6.16,0.13,Medchal Malikajgiri,TS
2016-06-03,0.4,36.9,26.0,6.25,0.131,Medchal Malikajgiri,TS
2016-06-04,4.9,33.8,24.7,4.86,0.184,Medchal Malikajgiri,TS
2016-06-05,27.4,30.4,23.4,2.84,0.353,Medchal Malikajgiri,TS
2016-06-06,20.0,28.6,23.2,2.39,0.371,Medchal Malikajgiri,TS
2016-06-07,32.0,28.6,23.2,3.07,0.395,Medchal Malikajgiri,TS
2016-06-08,6.4,30.7,23.2,3.64,0.389,Medchal Malikajgiri,TS
2016-06-09,4.8,32.0,24.5,4.8,0.365,Medchal Malikajgiri,TS
2016-06-10,5.0,31.5,23.8,4.71,0.369,Medchal Malikajgiri,TS
2016-06-11,4.3,29.9,24.1,4.57,0.375,Medchal Malikajgiri,TS
2016-06-12,0.4,30.1,24.0,4.5,0.354,Medchal Malikajgiri,TS
2016-06-13,0.7,29.9,23.8,4.27,0.332,Medchal Malikajgiri,TS
2016-06-14,0.0,32.4,24.6,6.74,0.307,Medchal Malikajgiri,TS
2016-06-15,0.0,31.9,24.1,6.75,0.281,Medchal Malikajgiri,TS
2016-06-16,0.0,32.3,24.1,6.82,0.258,Medchal Malikajgiri,TS
2016-06-17,0.0,32.4,25.5,6.18,0.239,Medchal Malikajgiri,TS
2016-06-18,16.8,28.3,22.7,2.46,0.32,Medchal Malikajgiri,TS
2016-06-19,18.3,24.5,22.6,1.28,0.397,Medchal Malikajgiri,TS
2016-06-20,0.1,28.4,23.1,3.7,0.36,Medchal Malikajgiri,TS
2016-06-21,1.2,30.1,22.9,4.29,0.337,Medchal Malikajgiri,TS
2016-06-22,0.3,30.1,23.1,4.12,0.327,Medchal Malikajgiri,TS
2016-06-23,2.3,30.5,23.6,4.87,0.312,Medchal Malikajgiri,TS
2016-06-24,2.0,30.3,23.6,4.59,0.312,Medchal Malikajgiri,TS
2016-06-25,3.2,29.9,23.3,4.26,0.32,Medchal Malikajgiri,TS
2016-06-26,2.7,27.9,22.9,3.55,0.323,Medchal Malikajgiri,TS
2016-06-27,4.3,27.8,22.8,3.07,0.339,Medchal Malikajgiri,TS
2016-06-28,17.5,26.4,22.5,2.4,0.377,Medchal Malikajgiri,TS
2016-06-29,39.2,24.4,22.6,1.25,0.418,Medchal Malikajgiri,TS
2016-06-30,12.1,25.8,22.5,2.14,0.416,Medchal Malikajgiri,TS
2016-07-01,22.3,26.9,22.3,2.15,0.421,Medchal Malikajgiri,TS
2016-07-02,17.3,27.5,22.3,2.39,0.42,Medchal Malikajgiri,TS
2016-07-03,1.9,27.7,23.6,2.92,0.394,Medchal Malikajgiri,TS
2016-07-04,1.3,28.7,23.7,3.65,0.379,Medchal Malikajgiri,TS
2016-07-05,6.6,29.2,23.1,4.15,0.381,Medchal Malikajgiri,TS
2016-07-06,0.7,27.6,23.0,3.62,0.377,Medchal Malikajgiri,TS
2016-07-07,0.1,26.7,22.6,3.05,0.359,Medchal Malikajgiri,TS
2016-07-08,5.5,27.5,22.8,3.53,0.353,Medchal Malikajgiri,TS
2016-07-09,23.5,24.8,21.7,2.11,0.417,Medchal Malikajgiri,TS
2016-07-10,25.9,24.1,22.2,1.52,0.423,Medchal Malikajgiri,TS
2016-07-11,40.2,23.3,21.9,1.55,0.428,Medchal Malikajgiri,TS
2016-07-12,1.0,28.2,22.6,3.8,0.403,Medchal Malikajgiri,TS
2016-07-13,0.1,28.6,23.0,4.44,0.383,Medchal Malikajgiri,TS
2016-07-14,0.0,28.6,22.2,4.39,0.365,Medchal Malikajgiri,TS
2016-07-15,0.0,29.7,23.0,4.9,0.349,Medchal Malikajgiri,TS
2016-07-16,0.0,28.2,23.6,4.09,0.336,Medchal Malikajgiri,TS
2016-07-17,0.0,28.3,23.8,3.64,0.327,Medchal Malikajgiri,TS
2016-07-18,2.3,29.3,23.2,4.07,0.327,Medchal Malikajgiri,TS
2016-07-19,8.7,25.3,22.1,2.25,0.371,Medchal Malikajgiri,TS
2016-07-20,11.3,26.3,21.9,2.51,0.399,Medchal Malikajgiri,TS
2016-07-21,0.1,25.9,22.0,2.39,0.381,Medchal Malikajgiri,TS
2016-07-22,2.9,25.0,22.3,1.6,0.386,Medchal Malikajgiri,TS
2016-07-23,0.2,26.2,22.4,2.8,0.372,Medchal Malikajgiri,TS
2016-07-24,5.7,26.8,21.9,2.16,0.38,Medchal Malikajgiri,TS
2016-07-25,14.9,28.5,21.9,3.57,0.404,Medchal Malikajgiri,TS
2016-07-26,9.2,28.4,22.3,3.55,0.41,Medchal Malikajgiri,TS
2016-07-27,9.4,29.2,22.4,3.43,0.415,Medchal Malikajgiri,TS
2016-07-28,15.3,28.7,22.0,3.5,0.417,Medchal Malikajgiri,TS
2016-07-29,8.3,28.1,22.4,3.26,0.413,Medchal Malikajgiri,TS
2016-07-30,10.1,27.8,22.2,3.42,0.412,Medchal Malikajgiri,TS
2016-07-31,10.1,26.0,21.8,2.21,0.416,Medchal Malikajgiri,TS
2016-08-01,16.1,25.3,21.5,2.03,0.425,Medchal Malikajgiri,TS
2016-08-02,4.4,26.8,21.8,3.34,0.413,Medchal Malikajgiri,TS
2016-08-03,18.6,24.7,21.6,1.88,0.423,Medchal Malikajgiri,TS
2016-08-04,4.6,26.7,21.6,2.6,0.416,Medchal Malikajgiri,TS
2016-08-05,1.3,28.2,22.5,4.03,0.401,Medchal Malikajgiri,TS
2016-08-06,4.4,27.5,22.7,3.09,0.404,Medchal Malikajgiri,TS
2016-08-07,1.3,28.1,22.6,4.05,0.391,Medchal Malikajgiri,TS
2016-08-08,0.1,27.9,22.2,4.02,0.382,Medchal Malikajgiri,TS
2016-08-09,0.0,27.5,22.1,4.07,0.368,Medchal Malikajgiri,TS
2016-08-10,0.1,27.6,22.3,4.16,0.357,Medchal Malikajgiri,TS
2016-08-11,0.0,28.2,22.1,4.29,0.347,Medchal Malikajgiri,TS
2016-08-12,0.3,28.0,22.4,4.41,0.338,Medchal Malikajgiri,TS
2016-08-13,1.4,28.3,22.8,4.38,0.334,Medchal Malikajgiri,TS
2016-08-14,0.0,28.0,22.9,4.0,0.327,Medchal Malikajgiri,TS
2016-08-15,0.4,27.8,22.4,4.42,0.318,Medchal Malikajgiri,TS
2016-08-16,0.4,27.9,22.5,4.27,0.312,Medchal Malikajgiri,TS
2016-08-17,0.0,27.8,21.9,4.27,0.304,Medchal Malikajgiri,TS
2016-08-18,0.1,28.1,22.1,4.4,0.296,Medchal Malikajgiri,TS
2016-08-19,0.0,28.1,21.6,4.37,0.287,Medchal Malikajgiri,TS
2016-08-20,0.0,29.3,21.6,5.26,0.276,Medchal Malikajgiri,TS
2016-08-21,0.1,29.0,21.9,4.87,0.265,Medchal Malikajgiri,TS
2016-08-22,0.0,28.9,23.0,4.25,0.257,Medchal Malikajgiri,TS
2016-08-23,0.0,29.0,22.6,4.54,0.251,Medchal Malikajgiri,TS
2016-08-24,0.3,29.7,22.9,4.61,0.245,Medchal Malikajgiri,TS
2016-08-25,2.2,28.9,23.5,3.79,0.249,Medchal Malikajgiri,TS
2016-08-26,0.2,29.8,23.4,4.29,0.257,Medchal Malikajgiri,TS
2016-08-27,1.3,29.4,23.7,3.69,0.252,Medchal Malikajgiri,TS
2016-08-28,3.6,29.3,22.6,3.2,0.284,Medchal Malikajgiri,TS
2016-08-29,7.8,29.0,22.5,3.27,0.308,Medchal Malikajgiri,TS
2016-08-30,11.8,26.5,22.4,1.98,0.381,Medchal Malikajgiri,TS
2016-08-31,29.5,25.8,22.0,1.58,0.394,Medchal Malikajgiri,TS
2016-09-01,3.4,27.4,22.0,3.1,0.406,Medchal Malikajgiri,TS
2016-09-02,2.4,28.2,22.1,3.86,0.393,Medchal Malikajgiri,TS
2016-09-03,1.9,26.6,22.2,2.82,0.387,Medchal Malikajgiri,TS
2016-09-04,0.0,26.9,22.6,3.67,0.372,Medchal Malikajgiri,TS
2016-09-05,0.0,28.1,21.4,5.04,0.352,Medchal Malikajgiri,TS
2016-09-06,0.0,27.8,21.0,5.04,0.333,Medchal Malikajgiri,TS
2016-09-07,0.0,27.5,21.1,4.71,0.319,Medchal Malikajgiri,TS
2016-09-08,0.2,28.0,21.1,4.53,0.308,Medchal Malikajgiri,TS
2016-09-09,0.8,27.7,22.6,3.79,0.301,Medchal Malikajgiri,TS
2016-09-10,24.9,24.6,22.3,1.3,0.393,Medchal Malikajgiri,TS
2016-09-11,22.1,25.4,21.7,1.47,0.424,Medchal Malikajgiri,TS
2016-09-12,11.4,24.4,22.1,1.84,0.419,Medchal Malikajgiri,TS
2016-09-13,33.4,23.8,20.4,1.46,0.424,Medchal Malikajgiri,TS
2016-09-14,15.5,25.0,21.8,1.15,0.426,Medchal Malikajgiri,TS
2016-09-15,17.1,25.3,21.3,1.59,0.426,Medchal Malikajgiri,TS
2016-09-16,6.6,27.0,21.8,2.33,0.42,Medchal Malikajgiri,TS
2016-09-17,1.2,24.5,22.1,1.84,0.411,Medchal Malikajgiri,TS
2016-09-18,0.9,26.7,21.4,3.24,0.399,Medchal Malikajgiri,TS
2016-09-19,0.5,26.9,21.4,3.41,0.388,Medchal Malikajgiri,TS
2016-09-20,5.4,27.2,21.8,3.01,0.392,Medchal Malikajgiri,TS
2016-09-21,16.5,24.9,21.5,1.2,0.419,Medchal Malikajgiri,TS
2016-09-22,17.9,24.5,21.6,1.13,0.427,Medchal Malikajgiri,TS
2016-09-23,46.1,22.6,21.6,0.6,0.43,Medchal Malikajgiri,TS
2016-09-24,12.7,22.8,21.7,0.65,0.427,Medchal Malikajgiri,TS
2016-09-25,7.2,25.4,21.8,1.47,0.423,Medchal Malikajgiri,TS
2016-09-26,18.2,26.5,22.0,2.04,0.423,Medchal Malikajgiri,TS
2016-09-27,9.7,27.7,22.2,2.33,0.422,Medchal Malikajgiri,TS
2016-09-28,0.7,29.0,22.3,3.66,0.411,Medchal Malikajgiri,TS
2016-09-29,0.7,29.0,23.0,3.8,0.397,Medchal Malikajgiri,TS
2016-09-30,0.7,28.0,22.7,3.54,0.387,Medchal Malikajgiri,TS
2016-10-01,22.1,26.3,21.9,1.54,0.414,Medchal Malikajgiri,TS
2016-10-02,2.5,27.4,21.5,3.01,0.414,Medchal Malikajgiri,TS
2016-10-03,0.0,27.8,20.2,4.13,0.399,Medchal Malikajgiri,TS
2016-10-04,0.0,27.9,21.8,3.41,0.384,Medchal Malikajgiri,TS
2016-10-05,0.0,27.1,21.3,3.88,0.373,Medchal Malikajgiri,TS
2016-10-06,0.4,27.4,22.2,3.23,0.365,Medchal Malikajgiri,TS
2016-10-07,1.1,28.1,21.8,3.69,0.36,Medchal Malikajgiri,TS
2016-10-08,18.4,26.3,22.1,2.29,0.396,Medchal Malikajgiri,TS
2016-10-09,10.9,27.0,22.1,2.68,0.422,Medchal Malikajgiri,TS
2016-10-10,0.3,29.1,21.6,4.0,0.403,Medchal Malikajgiri,TS
2016-10-11,0.3,29.2,22.0,3.82,0.389,Medchal Malikajgiri,TS
2016-10-12,0.0,29.9,21.0,4.63,0.375,Medchal Malikajgiri,TS
2016-10-13,0.0,29.3,18.6,4.75,0.36,Medchal Malikajgiri,TS
2016-10-14,0.0,28.6,18.3,4.94,0.347,Medchal Malikajgiri,TS
2016-10-15,0.0,28.1,16.5,4.87,0.334,Medchal Malikajgiri,TS
2016-10-16,0.0,27.8,17.1,4.53,0.323,Medchal Malikajgiri,TS
2016-10-17,0.0,28.3,16.0,4.88,0.312,Medchal Malikajgiri,TS
2016-10-18,0.0,28.2,17.9,4.86,0.301,Medchal Malikajgiri,TS
2016-10-19,0.0,28.4,17.3,4.87,0.29,Medchal Malikajgiri,TS
2016-10-20,0.0,28.5,17.1,4.83,0.281,Medchal Malikajgiri,TS
2016-10-21,0.0,28.3,17.0,4.89,0.271,Medchal Malikajgiri,TS
2016-10-22,0.0,28.3,16.1,4.74,0.262,Medchal Malikajgiri,TS
2016-10-23,0.0,28.4,16.4,4.67,0.254,Medchal Malikajgiri,TS
2016-10-24,0.0,28.5,18.6,4.5,0.246,Medchal Malikajgiri,TS
2016-10-25,0.0,28.3,18.5,4.34,0.238,Medchal Malikajgiri,TS
2016-10-26,0.0,28.4,17.4,4.81,0.23,Medchal Malikajgiri,TS
2016-10-27,0.0,28.3,17.2,4.99,0.222,Medchal Malikajgiri,TS
2016-10-28,0.0,28.4,17.8,4.6,0.215,Medchal Malikajgiri,TS
2016-10-29,0.0,26.7,21.1,2.93,0.211,Medchal Malikajgiri,TS
2016-10-30,1.1,28.0,20.2,3.22,0.217,Medchal Malikajgiri,TS
2016-10-31,4.0,27.7,20.7,2.49,0.24,Medchal Malikajgiri,TS
2016-11-01,0.0,28.5,19.8,4.2,0.251,Medchal Malikajgiri,TS
2016-11-02,0.0,28.4,19.5,4.52,0.237,Medchal Malikajgiri,TS
2016-11-03,0.0,29.1,19.6,4.56,0.224,Medchal Malikajgiri,TS
2016-11-04,0.0,28.5,19.3,4.84,0.213,Medchal Malikajgiri,TS
2016-11-05,0.0,27.7,18.6,4.02,0.204,Medchal Malikajgiri,TS
2016-11-06,0.0,27.3,19.5,3.76,0.197,Medchal Malikajgiri,TS
2016-11-07,0.0,27.5,16.9,5.14,0.19,Medchal Malikajgiri,TS
2016-11-08,0.0,27.8,14.6,5.03,0.182,Medchal Malikajgiri,TS
2016-11-09,0.0,27.6,13.8,4.63,0.176,Medchal Malikajgiri,TS
2016-11-10,0.0,27.6,13.6,4.71,0.171,Medchal Malikajgiri,TS
2016-11-11,0.0,27.7,13.3,4.73,0.166,Medchal Malikajgiri,TS
2016-11-12,0.0,27.3,14.2,4.42,0.162,Medchal Malikajgiri,TS
2016-11-13,0.0,28.0,16.4,4.15,0.158,Medchal Malikajgiri,TS
2016-11-14,0.0,27.8,18.5,3.21,0.156,Medchal Malikajgiri,TS
2016-11-15,0.6,28.3,19.3,3.49,0.158,Medchal Malikajgiri,TS
2016-11-16,0.0,28.9,18.0,4.19,0.161,Medchal Malikajgiri,TS
2016-11-17,0.0,28.2,18.9,4.32,0.157,Medchal Malikajgiri,TS
2016-11-18,0.0,27.6,18.1,4.66,0.153,Medchal Malikajgiri,TS
2016-11-19,0.0,27.7,15.4,4.62,0.149,Medchal Malikajgiri,TS
2016-11-20,0.0,27.8,14.6,4.46,0.146,Medchal Malikajgiri,TS
2016-11-21,0.0,28.1,14.0,4.55,0.143,Medchal Malikajgiri,TS
2016-11-22,0.0,28.3,13.3,4.5,0.141,Medchal Malikajgiri,TS
2016-11-23,0.0,28.3,13.8,4.65,0.139,Medchal Malikajgiri,TS
2016-11-24,0.0,28.1,13.8,4.56,0.137,Medchal Malikajgiri,TS
2016-11-25,0.0,28.7,14.2,4.74,0.136,Medchal Malikajgiri,TS
2016-11-26,0.0,29.0,13.7,4.74,0.134,Medchal Malikajgiri,TS
2016-11-27,0.0,29.9,14.0,4.9,0.133,Medchal Malikajgiri,TS
2016-11-28,0.0,29.8,14.2,4.8,0.131,Medchal Malikajgiri,TS
2016-11-29,0.0,29.5,14.4,4.55,0.13,Medchal Malikajgiri,TS
2016-11-30,0.0,28.6,14.5,4.37,0.129,Medchal Malikajgiri,TS
2016-12-01,0.0,28.8,15.7,4.23,0.128,Medchal Malikajgiri,TS
2016-12-02,0.0,27.9,17.3,3.86,0.128,Medchal Malikajgiri,TS
2016-12-03,1.8,27.0,20.2,2.85,0.148,Medchal Malikajgiri,TS
2016-12-04,0.0,27.4,19.6,2.81,0.151,Medchal Malikajgiri,TS
2016-12-05,0.0,28.0,17.6,4.09,0.15,Medchal Malikajgiri,TS
2016-12-06,0.0,27.2,15.6,4.17,0.145,Medchal Malikajgiri,TS
2016-12-07,0.0,27.5,14.6,4.05,0.142,Medchal Malikajgiri,TS
2016-12-08,0.0,27.2,14.3,4.3,0.139,Medchal Malikajgiri,TS
2016-12-09,0.0,26.7,12.8,4.31,0.136,Medchal Malikajgiri,TS
2016-12-10,0.0,26.7,13.0,4.35,0.134,Medchal Malikajgiri,TS
2016-12-11,0.0,28.1,14.8,4.62,0.132,Medchal Malikajgiri,TS
2016-12-12,0.0,27.9,17.6,4.62,0.13,Medchal Malikajgiri,TS
2016-12-13,0.3,26.1,18.9,2.99,0.13,Medchal Malikajgiri,TS
2016-12-14,2.4,25.1,20.4,1.94,0.147,Medchal Malikajgiri,TS
2016-12-15,0.0,27.4,18.6,3.03,0.156,Medchal Malikajgiri,TS
2016-12-16,0.0,27.8,18.0,3.22,0.152,Medchal Malikajgiri,TS
2016-12-17,0.0,28.3,16.3,4.17,0.148,Medchal Malikajgiri,TS
2016-12-18,0.0,27.7,14.6,4.42,0.143,Medchal Malikajgiri,TS
2016-12-19,0.0,27.2,13.7,4.36,0.139,Medchal Malikajgiri,TS
2016-12-20,0.0,26.9,12.4,4.19,0.136,Medchal Malikajgiri,TS
2016-12-21,0.0,27.8,13.9,4.41,0.134,Medchal Malikajgiri,TS
2016-12-22,0.0,28.6,12.1,4.64,0.131,Medchal Malikajgiri,TS
2016-12-23,0.0,28.5,13.5,4.68,0.13,Medchal Malikajgiri,TS
2016-12-24,0.0,27.8,13.8,4.61,0.128,Medchal Malikajgiri,TS
2016-12-25,0.0,28.2,12.2,4.23,0.127,Medchal Malikajgiri,TS
2016-12-26,0.0,28.5,14.9,4.24,0.126,Medchal Malikajgiri,TS
2016-12-27,0.0,27.1,14.9,4.54,0.125,Medchal Malikajgiri,TS
2016-12-28,0.0,26.6,12.7,4.3,0.124,Medchal Malikajgiri,TS
2016-12-29,0.0,26.7,13.4,3.93,0.123,Medchal Malikajgiri,TS
2016-12-30,0.0,27.7,14.6,4.01,0.122,Medchal Malikajgiri,TS
2016-12-31,0.0,27.5,14.2,4.08,0.122,Medchal Malikajgiri,TS
2017-01-01,0.0,27.7,16.3,4.13,0.14,Medchal Malikajgiri,TS
2017-01-02,0.0,28.6,15.3,4.06,0.145,Medchal Malikajgiri,TS
2017-01-03,0.0,27.7,16.9,4.43,0.143,Medchal Malikajgiri,TS
2017-01-04,0.0,26.8,14.9,4.47,0.142,Medchal Malikajgiri,TS
2017-01-05,0.0,27.2,14.3,4.51,0.143,Medchal Malikajgiri,TS
2017-01-06,0.0,27.2,13.6,4.35,0.141,Medchal Malikajgiri,TS
2017-01-07,0.0,28.1,13.9,4.24,0.142,Medchal Malikajgiri,TS
2017-01-08,0.0,27.5,16.1,3.74,0.144,Medchal Malikajgiri,TS
2017-01-09,0.0,27.5,16.4,3.9,0.146,Medchal Malikajgiri,TS
2017-01-10,0.0,27.5,16.1,4.0,0.142,Medchal Malikajgiri,TS
2017-01-11,0.0,26.7,16.7,4.49,0.14,Medchal Malikajgiri,TS
2017-01-12,0.0,26.0,14.7,4.3,0.136,Medchal Malikajgiri,TS
2017-01-13,0.0,26.7,14.9,4.28,0.133,Medchal Malikajgiri,TS
2017-01-14,0.0,25.7,16.4,3.94,0.135,Medchal Malikajgiri,TS
2017-01-15,0.0,27.0,16.1,4.27,0.137,Medchal Malikajgiri,TS
2017-01-16,0.0,27.7,16.5,4.53,0.138,Medchal Malikajgiri,TS
2017-01-17,0.0,27.8,15.1,4.68,0.137,Medchal Malikajgiri,TS
2017-01-18,0.0,27.2,16.0,4.78,0.139,Medchal Malikajgiri,TS
2017-01-19,0.0,26.3,14.5,4.29,0.139,Medchal Malikajgiri,TS
2017-01-20,0.0,27.8,14.8,4.59,0.139,Medchal Malikajgiri,TS
2017-01-21,0.0,28.4,15.9,5.08,0.138,Medchal Malikajgiri,TS
2017-01-22,0.0,29.2,16.6,4.75,0.136,Medchal Malikajgiri,TS
2017-01-23,0.0,29.5,17.7,4.76,0.136,Medchal Malikajgiri,TS
2017-01-24,0.0,29.0,16.9,4.95,0.136,Medchal Malikajgiri,TS
2017-01-25,0.0,28.2,16.6,4.71,0.137,Medchal Malikajgiri,TS
2017-01-26,0.1,26.0,18.0,2.55,0.135,Medchal Malikajgiri,TS
2017-01-27,0.0,27.9,17.5,3.61,0.137,Medchal Malikajgiri,TS
2017-01-28,0.0,29.2,18.3,4.45,0.138,Medchal Malikajgiri,TS
2017-01-29,0.0,29.4,17.9,4.87,0.137,Medchal Malikajgiri,TS
2017-01-30,0.0,29.6,16.8,5.11,0.134,Medchal Malikajgiri,TS
2017-01-31,0.0,30.3,16.4,4.89,0.132,Medchal Malikajgiri,TS
2017-02-01,0.0,30.6,16.6,5.18,0.132,Medchal Malikajgiri,TS
2017-02-02,0.0,29.8,17.6,5.13,0.132,Medchal Malikajgiri,TS
2017-02-03,0.0,30.0,17.2,4.87,0.134,Medchal Malikajgiri,TS
2017-02-04,0.0,30.1,17.7,5.5,0.136,Medchal Malikajgiri,TS
2017-02-05,0.0,29.6,15.1,4.95,0.136,Medchal Malikajgiri,TS
2017-02-06,0.0,30.6,16.6,4.98,0.135,Medchal Malikajgiri,TS
2017-02-07,0.0,30.6,18.0,5.18,0.134,Medchal Malikajgiri,TS
2017-02-08,0.0,30.8,18.1,5.29,0.134,Medchal Malikajgiri,TS
2017-02-09,0.0,31.0,17.2,5.28,0.134,Medchal Malikajgiri,TS
2017-02-10,0.0,31.0,17.6,5.82,0.134,Medchal Malikajgiri,TS
2017-02-11,0.0,30.4,18.5,6.23,0.135,Medchal Malikajgiri,TS
2017-02-12,0.0,28.3,16.9,5.35,0.137,Medchal Malikajgiri,TS
2017-02-13,0.0,28.8,16.6,5.17,0.138,Medchal Malikajgiri,TS
2017-02-14,0.0,29.4,16.8,5.17,0.139,Medchal Malikajgiri,TS
2017-02-15,0.0,29.5,18.7,5.25,0.14,Medchal Malikajgiri,TS
2017-02-16,0.0,30.5,16.5,5.43,0.139,Medchal Malikajgiri,TS
2017-02-17,0.0,30.8,18.8,5.85,0.139,Medchal Malikajgiri,TS
2017-02-18,0.0,31.4,19.0,5.96,0.138,Medchal Malikajgiri,TS
2017-02-19,0.0,32.1,17.7,5.93,0.138,Medchal Malikajgiri,TS
2017-02-20,0.0,34.0,18.5,5.87,0.136,Medchal Malikajgiri,TS
2017-02-21,0.0,34.0,19.4,6.17,0.131,Medchal Malikajgiri,TS
2017-02-22,0.0,34.1,18.7,5.95,0.131,Medchal Malikajgiri,TS
2017-02-23,0.0,34.1,20.0,5.94,0.128,Medchal Malikajgiri,TS
2017-02-24,0.0,33.9,20.7,6.39,0.126,Medchal Malikajgiri,TS
2017-02-25,0.0,32.0,19.2,6.44,0.126,Medchal Malikajgiri,TS
2017-02-26,0.0,32.2,19.3,6.91,0.126,Medchal Malikajgiri,TS
2017-02-27,0.0,32.2,17.7,6.32,0.128,Medchal Malikajgiri,TS
2017-02-28,0.0,33.0,18.3,6.38,0.133,Medchal Malikajgiri,TS
2017-03-01,0.0,32.5,19.3,6.41,0.135,Medchal Malikajgiri,TS
2017-03-02,0.0,32.6,17.5,6.66,0.137,Medchal Malikajgiri,TS
2017-03-03,0.0,32.9,18.0,7.32,0.138,Medchal Malikajgiri,TS
2017-03-04,0.0,33.2,17.7,6.3,0.135,Medchal Malikajgiri,TS
2017-03-05,0.0,32.4,19.9,4.98,0.137,Medchal Malikajgiri,TS
2017-03-06,0.0,32.4,20.8,4.98,0.142,Medchal Malikajgiri,TS
2017-03-07,0.4,32.0,21.5,5.29,0.143,Medchal Malikajgiri,TS
2017-03-08,0.0,33.4,21.0,6.04,0.141,Medchal Malikajgiri,TS
2017-03-09,0.0,32.8,20.5,5.29,0.139,Medchal Malikajgiri,TS
2017-03-10,0.0,33.0,21.9,6.78,0.139,Medchal Malikajgiri,TS
2017-03-11,0.0,31.1,19.4,7.21,0.137,Medchal Malikajgiri,TS
2017-03-12,0.0,31.2,17.5,6.59,0.135,Medchal Malikajgiri,TS
2017-03-13,0.0,32.7,17.3,6.19,0.135,Medchal Malikajgiri,TS
2017-03-14,0.3,31.2,21.1,5.37,0.134,Medchal Malikajgiri,TS
2017-03-15,0.2,30.6,21.8,4.53,0.135,Medchal Malikajgiri,TS
2017-03-16,4.7,31.1,21.9,4.66,0.144,Medchal Malikajgiri,TS
2017-03-17,0.4,31.3,20.6,4.85,0.15,Medchal Malikajgiri,TS
2017-03-18,0.0,33.2,19.2,6.6,0.147,Medchal Malikajgiri,TS
2017-03-19,0.0,33.9,20.3,6.37,0.144,Medchal Malikajgiri,TS
2017-03-20,0.0,33.0,21.9,6.95,0.139,Medchal Malikajgiri,TS
2017-03-21,0.0,33.6,21.5,6.95,0.132,Medchal Malikajgiri,TS
2017-03-22,0.0,34.2,21.1,7.07,0.128,Medchal Malikajgiri,TS
2017-03-23,0.0,35.1,20.0,6.75,0.129,Medchal Malikajgiri,TS
2017-03-24,0.0,36.0,21.3,6.72,0.129,Medchal Malikajgiri,TS
2017-03-25,0.0,35.7,22.3,6.16,0.128,Medchal Malikajgiri,TS
2017-03-26,0.0,36.9,22.1,6.49,0.128,Medchal Malikajgiri,TS
2017-03-27,0.0,36.3,23.1,6.76,0.128,Medchal Malikajgiri,TS
2017-03-28,0.0,36.5,22.9,6.8,0.126,Medchal Malikajgiri,TS
2017-03-29,0.0,36.9,22.8,6.65,0.124,Medchal Malikajgiri,TS
2017-03-30,0.0,36.6,23.7,6.3,0.125,Medchal Malikajgiri,TS
2017-03-31,0.0,38.0,24.2,7.48,0.126,Medchal Malikajgiri,TS
2017-04-01,0.0,36.6,25.0,6.46,0.123,Medchal Malikajgiri,TS
2017-04-02,0.1,36.8,23.7,6.41,0.123,Medchal Malikajgiri,TS
2017-04-03,1.2,36.6,24.0,6.31,0.125,Medchal Malikajgiri,TS
2017-04-04,0.1,36.7,23.5,6.31,0.125,Medchal Malikajgiri,TS
2017-04-05,4.0,35.9,24.1,5.7,0.153,Medchal Malikajgiri,TS
2017-04-06,0.0,36.5,23.7,6.63,0.182,Medchal Malikajgiri,TS
2017-04-07,0.3,35.4,24.7,5.39,0.169,Medchal Malikajgiri,TS
2017-04-08,0.1,35.7,23.8,6.4,0.164,Medchal Malikajgiri,TS
2017-04-09,0.0,37.0,24.4,6.21,0.153,Medchal Malikajgiri,TS
2017-04-10,0.0,37.2,24.3,6.56,0.148,Medchal Malikajgiri,TS
2017-04-11,0.0,37.0,23.3,8.21,0.145,Medchal Malikajgiri,TS
2017-04-12,0.0,37.0,21.2,7.5,0.141,Medchal Malikajgiri,TS
2017-04-13,0.0,37.5,20.7,7.44,0.138,Medchal Malikajgiri,TS
2017-04-14,0.0,36.9,21.7,6.94,0.136,Medchal Malikajgiri,TS
2017-04-15,0.0,37.4,23.2,7.25,0.136,Medchal Malikajgiri,TS
2017-04-16,0.0,39.1,23.7,8.01,0.132,Medchal Malikajgiri,TS
2017-04-17,0.0,39.6,25.9,9.18,0.127,Medchal Malikajgiri,TS
2017-04-18,0.0,38.9,23.5,7.77,0.125,Medchal Malikajgiri,TS
2017-04-19,0.0,37.4,23.9,6.0,0.123,Medchal Malikajgiri,TS
2017-04-20,0.0,38.8,23.3,7.36,0.121,Medchal Malikajgiri,TS
2017-04-21,0.0,38.5,24.6,7.4,0.121,Medchal Malikajgiri,TS
2017-04-22,0.0,38.0,25.0,8.47,0.121,Medchal Malikajgiri,TS
2017-04-23,0.0,37.7,26.8,8.74,0.12,Medchal Malikajgiri,TS
2017-04-24,0.0,38.1,26.6,8.67,0.12,Medchal Malikajgiri,TS
2017-04-25,0.0,37.8,23.7,7.82,0.117,Medchal Malikajgiri,TS
2017-04-26,0.0,37.8,24.2,7.51,0.116,Medchal Malikajgiri,TS
2017-04-27,0.0,37.0,25.6,7.12,0.118,Medchal Malikajgiri,TS
2017-04-28,3.0,36.3,24.1,6.77,0.125,Medchal Malikajgiri,TS
2017-04-29,0.3,36.8,24.3,6.56,0.124,Medchal Malikajgiri,TS
2017-04-30,0.9,35.2,23.6,6.21,0.14,Medchal Malikajgiri,TS
2017-05-01,1.6,34.2,22.6,6.26,0.164,Medchal Malikajgiri,TS
2017-05-02,0.1,35.2,22.7,6.51,0.155,Medchal Malikajgiri,TS
2017-05-03,0.3,35.7,24.5,6.45,0.146,Medchal Malikajgiri,TS
2017-05-04,0.0,36.9,24.2,6.46,0.139,Medchal Malikajgiri,TS
2017-05-05,0.3,37.3,24.7,6.13,0.134,Medchal Malikajgiri,TS
2017-05-06,2.9,37.5,25.7,6.35,0.137,Medchal Malikajgiri,TS
2017-05-07,1.9,36.3,25.0,5.96,0.152,Medchal Malikajgiri,TS
2017-05-08,0.2,36.6,24.5,6.17,0.165,Medchal Malikajgiri,TS
2017-05-09,1.9,36.9,24.8,6.33,0.167,Medchal Malikajgiri,TS
2017-05-10,0.0,36.1,24.0,6.21,0.171,Medchal Malikajgiri,TS
2017-05-11,0.1,35.1,24.9,5.64,0.164,Medchal Malikajgiri,TS
2017-05-12,0.0,35.9,25.2,5.99,0.155,Medchal Malikajgiri,TS
2017-05-13,0.0,37.5,25.4,6.56,0.143,Medchal Malikajgiri,TS
2017-05-14,0.2,37.8,25.7,6.55,0.141,Medchal Malikajgiri,TS
2017-05-15,0.0,38.5,27.7,7.71,0.14,Medchal Malikajgiri,TS
2017-05-16,0.2,39.5,28.1,7.79,0.143,Medchal Malikajgiri,TS
2017-05-17,0.1,38.4,28.5,8.0,0.134,Medchal Malikajgiri,TS
2017-05-18,0.0,38.6,27.9,7.76,0.135,Medchal Malikajgiri,TS
2017-05-19,0.0,39.2,28.1,7.7,0.129,Medchal Malikajgiri,TS
2017-05-20,0.2,39.1,27.9,8.16,0.123,Medchal Malikajgiri,TS
2017-05-21,0.0,39.2,26.1,8.07,0.12,Medchal Malikajgiri,TS
2017-05-22,0.0,38.0,28.0,7.53,0.122,Medchal Malikajgiri,TS
2017-05-23,0.0,38.8,28.0,7.84,0.121,Medchal Malikajgiri,TS
2017-05-24,0.0,40.1,27.5,8.0,0.118,Medchal Malikajgiri,TS
2017-05-25,0.0,38.6,28.5,6.51,0.122,Medchal Malikajgiri,TS
2017-05-26,1.0,38.8,28.1,6.42,0.142,Medchal Malikajgiri,TS
2017-05-27,2.5,38.7,27.7,6.77,0.162,Medchal Malikajgiri,TS
2017-05-28,3.3,36.6,25.5,5.47,0.165,Medchal Malikajgiri,TS
2017-05-29,0.0,36.8,27.2,8.02,0.161,Medchal Malikajgiri,TS
2017-05-30,0.0,36.5,26.6,8.7,0.152,Medchal Malikajgiri,TS
2017-05-31,0.0,35.9,26.5,7.47,0.142,Medchal Malikajgiri,TS
2017-06-01,0.0,36.4,27.3,6.44,0.137,Medchal Malikajgiri,TS
2017-06-02,0.1,36.1,27.3,5.83,0.146,Medchal Malikajgiri,TS
2017-06-03,6.7,36.5,25.1,6.32,0.162,Medchal Malikajgiri,TS
2017-06-04,1.0,33.8,24.8,4.87,0.246,Medchal Malikajgiri,TS
2017-06-05,4.4,35.2,25.0,6.44,0.227,Medchal Malikajgiri,TS
2017-06-06,2.5,32.4,24.1,5.16,0.301,Medchal Malikajgiri,TS
2017-06-07,9.1,31.0,23.9,4.78,0.301,Medchal Malikajgiri,TS
2017-06-08,8.0,30.3,23.0,3.83,0.303,Medchal Malikajgiri,TS
2017-06-09,5.8,30.7,24.4,4.13,0.28,Medchal Malikajgiri,TS
2017-06-10,10.5,30.7,23.6,3.98,0.32,Medchal Malikajgiri,TS
2017-06-11,8.2,30.2,23.6,3.72,0.314,Medchal Malikajgiri,TS
2017-06-12,10.2,28.2,23.4,3.49,0.341,Medchal Malikajgiri,TS
2017-06-13,12.8,28.0,22.8,2.53,0.324,Medchal Malikajgiri,TS
2017-06-14,8.1,29.5,23.3,3.45,0.376,Medchal Malikajgiri,TS
2017-06-15,24.7,29.7,23.7,3.14,0.392,Medchal Malikajgiri,TS
2017-06-16,9.1,28.5,22.9,1.98,0.401,Medchal Malikajgiri,TS
2017-06-17,4.4,29.8,22.9,3.17,0.382,Medchal Malikajgiri,TS
2017-06-18,20.7,29.6,23.9,3.45,0.392,Medchal Malikajgiri,TS
2017-06-19,4.5,29.1,23.6,3.12,0.4,Medchal Malikajgiri,TS
2017-06-20,0.4,29.5,23.7,4.33,0.391,Medchal Malikajgiri,TS
2017-06-21,1.6,30.7,23.7,5.31,0.371,Medchal Malikajgiri,TS
2017-06-22,0.7,30.6,23.8,5.7,0.353,Medchal Malikajgiri,TS
2017-06-23,1.2,29.0,24.1,4.77,0.346,Medchal Malikajgiri,TS
2017-06-24,1.5,29.4,23.7,4.62,0.353,Medchal Malikajgiri,TS
2017-06-25,6.4,28.8,23.9,4.06,0.365,Medchal Malikajgiri,TS
2017-06-26,6.6,27.8,22.7,2.54,0.394,Medchal Malikajgiri,TS
2017-06-27,7.6,28.1,22.5,2.78,0.395,Medchal Malikajgiri,TS
2017-06-28,2.4,25.8,22.4,2.29,0.399,Medchal Malikajgiri,TS
2017-06-29,2.8,28.8,22.8,3.7,0.383,Medchal Malikajgiri,TS
2017-06-30,2.7,29.2,23.6,4.39,0.365,Medchal Malikajgiri,TS
2017-07-01,1.3,28.1,23.6,3.5,0.348,Medchal Malikajgiri,TS
2017-07-02,0.0,28.2,23.7,3.52,0.342,Medchal Malikajgiri,TS
2017-07-03,0.3,28.9,23.2,4.17,0.339,Medchal Malikajgiri,TS
2017-07-04,0.3,29.0,23.0,4.75,0.325,Medchal Malikajgiri,TS
2017-07-05,0.5,29.5,23.7,4.94,0.31,Medchal Malikajgiri,TS
2017-07-06,3.8,28.3,22.9,2.86,0.327,Medchal Malikajgiri,TS
2017-07-07,0.0,29.2,23.4,4.42,0.33,Medchal Malikajgiri,TS
2017-07-08,0.2,30.1,22.9,4.68,0.32,Medchal Malikajgiri,TS
2017-07-09,3.0,29.6,23.0,4.06,0.309,Medchal Malikajgiri,TS
2017-07-10,6.1,30.1,23.4,4.25,0.346,Medchal Malikajgiri,TS
2017-07-11,3.3,28.6,23.3,2.89,0.34,Medchal Malikajgiri,TS
2017-07-12,0.0,28.7,23.5,3.98,0.285,Medchal Malikajgiri,TS
2017-07-13,1.1,27.4,23.2,3.58,0.285,Medchal Malikajgiri,TS
2017-07-14,1.2,27.2,22.9,3.36,0.293,Medchal Malikajgiri,TS
2017-07-15,0.5,29.0,22.3,3.75,0.314,Medchal Malikajgiri,TS
2017-07-16,8.9,25.2,22.2,2.02,0.331,Medchal Malikajgiri,TS
2017-07-17,30.1,23.9,22.4,1.68,0.385,Medchal Malikajgiri,TS
2017-07-18,52.8,24.2,21.8,1.45,0.426,Medchal Malikajgiri,TS
2017-07-19,13.9,27.1,21.9,3.38,0.42,Medchal Malikajgiri,TS
2017-07-20,2.9,27.8,22.8,3.65,0.401,Medchal Malikajgiri,TS
2017-07-21,0.3,29.5,23.5,4.95,0.372,Medchal Malikajgiri,TS
2017-07-22,0.0,29.9,23.4,5.22,0.351,Medchal Malikajgiri,TS
2017-07-23,0.0,29.1,22.8,5.45,0.333,Medchal Malikajgiri,TS
2017-07-24,4.6,29.2,22.6,4.88,0.319,Medchal Malikajgiri,TS
2017-07-25,0.0,29.3,22.7,5.05,0.308,Medchal Malikajgiri,TS
2017-07-26,0.3,29.2,22.7,4.76,0.3,Medchal Malikajgiri,TS
2017-07-27,1.4,29.0,22.9,4.57,0.291,Medchal Malikajgiri,TS
2017-07-28,2.5,28.4,23.4,4.2,0.288,Medchal Malikajgiri,TS
2017-07-29,0.4,29.6,23.3,4.49,0.277,Medchal Malikajgiri,TS
2017-07-30,0.3,29.7,23.9,4.85,0.268,Medchal Malikajgiri,TS
2017-07-31,0.0,30.3,24.3,5.56,0.254,Medchal Malikajgiri,TS
2017-08-01,0.0,30.5,24.5,5.34,0.242,Medchal Malikajgiri,TS
2017-08-02,0.2,29.8,24.8,5.01,0.234,Medchal Malikajgiri,TS
2017-08-03,0.8,29.4,24.1,5.09,0.227,Medchal Malikajgiri,TS
2017-08-04,1.7,28.3,23.9,3.47,0.227,Medchal Malikajgiri,TS
2017-08-05,0.8,27.2,24.1,3.1,0.228,Medchal Malikajgiri,TS
2017-08-06,0.4,29.2,23.4,4.01,0.227,Medchal Malikajgiri,TS
2017-08-07,5.0,28.1,23.1,3.03,0.237,Medchal Malikajgiri,TS
2017-08-08,1.4,28.8,22.9,2.92,0.251,Medchal Malikajgiri,TS
2017-08-09,18.2,26.0,23.4,1.29,0.31,Medchal Malikajgiri,TS
2017-08-10,1.1,28.5,22.3,3.51,0.336,Medchal Malikajgiri,TS
2017-08-11,6.8,29.5,22.5,3.67,0.318,Medchal Malikajgiri,TS
2017-08-12,3.8,28.5,22.7,3.31,0.299,Medchal Malikajgiri,TS
2017-08-13,2.0,27.9,23.1,2.84,0.297,Medchal Malikajgiri,TS
2017-08-14,3.0,27.4,22.4,2.34,0.317,Medchal Malikajgiri,TS
2017-08-15,1.3,29.0,22.0,3.89,0.319,Medchal Malikajgiri,TS
2017-08-16,5.2,28.6,22.7,3.8,0.341,Medchal Malikajgiri,TS
2017-08-17,4.5,28.0,23.8,3.17,0.335,Medchal Malikajgiri,TS
2017-08-18,18.7,24.6,22.8,1.5,0.374,Medchal Malikajgiri,TS
2017-08-19,34.9,23.9,21.9,1.34,0.426,Medchal Malikajgiri,TS
2017-08-20,5.8,26.1,21.6,3.44,0.403,Medchal Malikajgiri,TS
2017-08-21,3.1,27.1,21.6,3.67,0.386,Medchal Malikajgiri,TS
2017-08-22,3.5,28.7,22.0,3.91,0.387,Medchal Malikajgiri,TS
2017-08-23,2.8,29.2,22.5,3.78,0.381,Medchal Malikajgiri,TS
2017-08-24,5.7,28.7,22.8,3.86,0.394,Medchal Malikajgiri,TS
2017-08-25,2.3,28.2,22.6,3.77,0.389,Medchal Malikajgiri,TS
2017-08-26,3.0,28.1,22.4,3.54,0.384,Medchal Malikajgiri,TS
2017-08-27,9.9,27.0,22.6,2.05,0.392,Medchal Malikajgiri,TS
2017-08-28,34.2,25.6,22.5,1.79,0.408,Medchal Malikajgiri,TS
2017-08-29,45.1,27.4,22.2,2.79,0.419,Medchal Malikajgiri,TS
2017-08-30,0.2,29.3,22.5,4.25,0.39,Medchal Malikajgiri,TS
2017-08-31,0.4,29.1,22.6,4.76,0.371,Medchal Malikajgiri,TS
2017-09-01,0.0,30.2,22.3,5.09,0.353,Medchal Malikajgiri,TS
2017-09-02,0.4,29.7,22.4,4.64,0.339,Medchal Malikajgiri,TS
2017-09-03,0.3,29.4,22.5,4.39,0.326,Medchal Malikajgiri,TS
2017-09-04,2.5,29.5,23.7,3.79,0.332,Medchal Malikajgiri,TS
2017-09-05,7.2,28.1,23.0,3.07,0.358,Medchal Malikajgiri,TS
2017-09-06,6.2,29.2,23.6,3.06,0.344,Medchal Malikajgiri,TS
2017-09-07,4.4,30.0,22.6,4.0,0.347,Medchal Malikajgiri,TS
2017-09-08,1.8,29.5,22.0,4.04,0.351,Medchal Malikajgiri,TS
2017-09-09,0.0,30.4,22.8,4.84,0.329,Medchal Malikajgiri,TS
2017-09-10,0.0,30.2,22.8,4.71,0.31,Medchal Malikajgiri,TS
2017-09-11,0.2,29.5,22.9,4.16,0.296,Medchal Malikajgiri,TS
2017-09-12,1.7,29.6,23.1,3.93,0.291,Medchal Malikajgiri,TS
2017-09-13,5.7,30.1,23.0,4.09,0.295,Medchal Malikajgiri,TS
2017-09-14,5.7,29.0,22.5,3.32,0.337,Medchal Malikajgiri,TS
2017-09-15,4.6,28.9,22.4,3.63,0.325,Medchal Malikajgiri,TS
2017-09-16,0.8,29.3,22.7,4.03,0.301,Medchal Malikajgiri,TS
2017-09-17,6.3,29.5,22.5,3.47,0.303,Medchal Malikajgiri,TS
2017-09-18,3.7,27.8,22.2,3.51,0.305,Medchal Malikajgiri,TS
2017-09-19,0.7,27.3,22.1,3.54,0.303,Medchal Malikajgiri,TS
2017-09-20,0.4,26.5,22.3,2.97,0.289,Medchal Malikajgiri,TS
2017-09-21,1.0,26.1,22.2,2.98,0.285,Medchal Malikajgiri,TS
2017-09-22,1.0,29.1,21.5,3.98,0.28,Medchal Malikajgiri,TS
2017-09-23,1.4,29.5,22.3,3.83,0.273,Medchal Malikajgiri,TS
2017-09-24,0.0,30.0,22.6,4.15,0.267,Medchal Malikajgiri,TS
2017-09-25,9.4,28.9,23.2,3.2,0.298,Medchal Malikajgiri,TS
2017-09-26,3.0,30.1,22.7,3.74,0.312,Medchal Malikajgiri,TS
2017-09-27,0.6,29.9,23.4,4.01,0.302,Medchal Malikajgiri,TS
2017-09-28,15.0,28.7,22.8,2.8,0.349,Medchal Malikajgiri,TS
2017-09-29,8.1,27.9,21.9,2.75,0.368,Medchal Malikajgiri,TS
2017-09-30,4.5,30.0,22.3,3.4,0.362,Medchal Malikajgiri,TS
2017-10-01,1.4,30.1,22.3,3.76,0.35,Medchal Malikajgiri,TS
2017-10-02,12.2,29.2,22.3,3.06,0.369,Medchal Malikajgiri,TS
2017-10-03,5.5,28.3,21.8,2.63,0.4,Medchal Malikajgiri,TS
2017-10-04,6.4,29.0,21.6,2.92,0.396,Medchal Malikajgiri,TS
2017-10-05,13.3,27.5,22.4,2.57,0.399,Medchal Malikajgiri,TS
2017-10-06,3.3,28.2,21.9,3.38,0.392,Medchal Malikajgiri,TS
2017-10-07,2.3,28.1,21.7,3.45,0.393,Medchal Malikajgiri,TS
2017-10-08,2.0,27.0,22.3,2.71,0.392,Medchal Malikajgiri,TS
2017-10-09,14.4,28.5,21.6,3.02,0.403,Medchal Malikajgiri,TS
2017-10-10,6.9,28.1,21.7,2.75,0.408,Medchal Malikajgiri,TS
2017-10-11,4.2,28.2,21.7,2.85,0.41,Medchal Malikajgiri,TS
2017-10-12,1.2,28.9,21.3,3.45,0.401,Medchal Malikajgiri,TS
2017-10-13,9.0,28.3,22.1,2.89,0.404,Medchal Malikajgiri,TS
2017-10-14,1.4,29.0,22.2,3.39,0.391,Medchal Malikajgiri,TS
2017-10-15,6.3,29.2,22.6,3.5,0.394,Medchal Malikajgiri,TS
2017-10-16,0.1,30.3,22.1,4.08,0.382,Medchal Malikajgiri,TS
2017-10-17,0.0,30.3,21.6,4.45,0.362,Medchal Malikajgiri,TS
2017-10-18,0.0,30.4,21.0,5.33,0.346,Medchal Malikajgiri,TS
2017-10-19,0.0,29.2,19.5,4.85,0.331,Medchal Malikajgiri,TS
2017-10-20,0.0,29.7,20.8,4.36,0.318,Medchal Malikajgiri,TS
2017-10-21,0.0,26.4,22.8,2.88,0.312,Medchal Malikajgiri,TS
2017-10-22,1.1,29.0,22.3,3.47,0.314,Medchal Malikajgiri,TS
2017-10-23,0.5,30.1,22.0,3.64,0.316,Medchal Malikajgiri,TS
2017-10-24,0.1,30.1,22.1,4.22,0.307,Medchal Malikajgiri,TS
2017-10-25,0.0,28.5,20.8,3.79,0.292,Medchal Malikajgiri,TS
2017-10-26,0.4,27.8,20.8,3.62,0.279,Medchal Malikajgiri,TS
2017-10-27,0.0,28.8,19.7,4.15,0.266,Medchal Malikajgiri,TS
2017-10-28,0.0,28.7,20.3,4.06,0.253,Medchal Malikajgiri,TS
2017-10-29,0.0,28.1,19.2,4.52,0.241,Medchal Malikajgiri,TS
2017-10-30,0.0,28.8,19.1,5.06,0.229,Medchal Malikajgiri,TS
2017-10-31,0.0,28.4,19.6,5.13,0.217,Medchal Malikajgiri,TS
2017-11-01,0.0,28.6,18.6,5.16,0.205,Medchal Malikajgiri,TS
2017-11-02,0.0,27.8,18.7,5.0,0.196,Medchal Malikajgiri,TS
2017-11-03,0.0,27.6,18.3,4.82,0.188,Medchal Malikajgiri,TS
2017-11-04,0.0,28.0,18.5,5.01,0.181,Medchal Malikajgiri,TS
2017-11-05,0.0,29.1,19.2,4.77,0.173,Medchal Malikajgiri,TS
2017-11-06,0.0,29.2,18.6,4.76,0.166,Medchal Malikajgiri,TS
2017-11-07,0.0,28.8,18.2,4.56,0.159,Medchal Malikajgiri,TS
2017-11-08,0.0,28.4,18.4,4.28,0.154,Medchal Malikajgiri,TS
2017-11-09,0.0,28.7,17.4,4.82,0.149,Medchal Malikajgiri,TS
2017-11-10,0.0,28.2,17.6,4.98,0.145,Medchal Malikajgiri,TS
2017-11-11,0.0,27.9,17.7,5.02,0.142,Medchal Malikajgiri,TS
2017-11-12,0.0,28.5,17.0,4.69,0.142,Medchal Malikajgiri,TS
2017-11-13,0.0,29.0,18.9,5.24,0.141,Medchal Malikajgiri,TS
2017-11-14,0.0,30.0,19.8,3.97,0.139,Medchal Malikajgiri,TS
2017-11-15,0.1,29.7,21.5,4.54,0.138,Medchal Malikajgiri,TS
2017-11-16,0.0,30.3,20.4,4.87,0.139,Medchal Malikajgiri,TS
2017-11-17,0.0,29.8,19.2,4.11,0.139,Medchal Malikajgiri,TS
2017-11-18,0.0,29.6,20.7,3.66,0.139,Medchal Malikajgiri,TS
2017-11-19,0.2,28.9,22.0,3.35,0.139,Medchal Malikajgiri,TS
2017-11-20,0.0,30.1,20.7,4.12,0.136,Medchal Malikajgiri,TS
2017-11-21,0.7,29.5,21.3,3.74,0.135,Medchal Malikajgiri,TS
2017-11-22,0.0,30.0,20.5,3.8,0.135,Medchal Malikajgiri,TS
2017-11-23,0.0,29.8,20.7,3.8,0.132,Medchal Malikajgiri,TS
2017-11-24,0.1,30.1,21.3,3.8,0.129,Medchal Malikajgiri,TS
2017-11-25,0.0,29.5,19.3,4.66,0.129,Medchal Malikajgiri,TS
2017-11-26,0.0,28.7,17.8,4.21,0.133,Medchal Malikajgiri,TS
2017-11-27,0.0,28.8,17.0,4.4,0.132,Medchal Malikajgiri,TS
2017-11-28,0.0,28.4,16.4,4.48,0.132,Medchal Malikajgiri,TS
2017-11-29,0.0,27.3,16.1,4.4,0.131,Medchal Malikajgiri,TS
2017-11-30,0.0,28.2,16.4,4.26,0.133,Medchal Malikajgiri,TS
2017-12-01,0.0,27.2,18.0,3.96,0.134,Medchal Malikajgiri,TS
2017-12-02,0.0,26.5,17.1,3.91,0.137,Medchal Malikajgiri,TS
2017-12-03,0.0,26.6,15.8,4.05,0.14,Medchal Malikajgiri,TS
2017-12-04,0.0,26.9,16.6,3.83,0.141,Medchal Malikajgiri,TS
2017-12-05,0.0,27.2,17.0,4.02,0.142,Medchal Malikajgiri,TS
2017-12-06,0.0,28.9,17.4,3.67,0.142,Medchal Malikajgiri,TS
2017-12-07,0.0,29.0,18.0,4.02,0.141,Medchal Malikajgiri,TS
2017-12-08,0.0,29.6,19.6,4.83,0.138,Medchal Malikajgiri,TS
2017-12-09,0.0,28.8,19.0,4.8,0.135,Medchal Malikajgiri,TS
2017-12-10,0.0,28.5,18.2,4.58,0.133,Medchal Malikajgiri,TS
2017-12-11,0.0,28.7,15.0,4.31,0.133,Medchal Malikajgiri,TS
2017-12-12,0.0,29.3,16.7,4.16,0.133,Medchal Malikajgiri,TS
2017-12-13,0.0,29.2,16.4,4.02,0.134,Medchal Malikajgiri,TS
2017-12-14,0.0,28.8,18.4,3.92,0.136,Medchal Malikajgiri,TS
2017-12-15,0.0,27.8,18.1,3.81,0.139,Medchal Malikajgiri,TS
2017-12-16,0.0,27.2,16.5,3.92,0.141,Medchal Malikajgiri,TS
2017-12-17,0.0,27.3,16.4,4.32,0.141,Medchal Malikajgiri,TS
2017-12-18,0.0,26.7,17.9,4.52,0.141,Medchal Malikajgiri,TS
2017-12-19,0.0,27.0,15.2,4.71,0.139,Medchal Malikajgiri,TS
2017-12-20,0.0,27.1,14.4,4.24,0.138,Medchal Malikajgiri,TS
2017-12-21,0.0,27.0,14.0,4.07,0.137,Medchal Malikajgiri,TS
2017-12-22,0.0,27.5,14.2,4.26,0.136,Medchal Malikajgiri,TS
2017-12-23,0.0,27.8,16.0,4.15,0.135,Medchal Malikajgiri,TS
2017-12-24,0.0,27.3,14.8,3.8,0.134,Medchal Malikajgiri,TS
2017-12-25,0.0,28.6,16.9,3.96,0.133,Medchal Malikajgiri,TS
2017-12-26,0.0,27.5,16.6,4.68,0.132,Medchal Malikajgiri,TS
2017-12-27,0.0,26.8,15.2,4.61,0.131,Medchal Malikajgiri,TS
2017-12-28,0.0,26.8,13.7,4.34,0.131,Medchal Malikajgiri,TS
2017-12-29,0.0,26.1,13.2,4.08,0.13,Medchal Malikajgiri,TS
2017-12-30,0.0,26.4,13.9,4.06,0.13,Medchal Malikajgiri,TS
2017-12-31,0.0,26.9,14.4,3.89,0.127,Medchal Malikajgiri,TS
2018-01-01,0.0,27.8,16.6,4.04,0.125,Medchal Malikajgiri,TS
2018-01-02,0.0,27.9,17.7,3.96,0.132,Medchal Malikajgiri,TS
2018-01-03,0.0,26.8,16.7,3.66,0.138,Medchal Malikajgiri,TS
2018-01-04,0.0,27.0,15.7,4.32,0.136,Medchal Malikajgiri,TS
2018-01-05,0.0,26.8,14.4,4.21,0.14,Medchal Malikajgiri,TS
2018-01-06,0.0,26.4,14.5,4.02,0.14,Medchal Malikajgiri,TS
2018-01-07,0.0,26.6,13.6,4.06,0.138,Medchal Malikajgiri,TS
2018-01-08,0.0,26.1,14.5,4.3,0.138,Medchal Malikajgiri,TS
2018-01-09,0.0,26.4,14.7,3.94,0.138,Medchal Malikajgiri,TS
2018-01-10,0.0,27.6,16.5,4.26,0.138,Medchal Malikajgiri,TS
2018-01-11,0.0,29.4,17.5,3.99,0.136,Medchal Malikajgiri,TS
2018-01-12,0.0,30.2,17.7,4.4,0.133,Medchal Malikajgiri,TS
2018-01-13,0.0,30.2,18.0,4.82,0.131,Medchal Malikajgiri,TS
2018-01-14,0.0,30.2,18.6,4.8,0.129,Medchal Malikajgiri,TS
2018-01-15,0.0,29.3,18.5,3.85,0.128,Medchal Malikajgiri,TS
2018-01-16,0.0,29.5,17.9,4.68,0.128,Medchal Malikajgiri,TS
2018-01-17,0.0,29.2,16.1,4.48,0.131,Medchal Malikajgiri,TS
2018-01-18,0.0,28.5,16.1,4.68,0.137,Medchal Malikajgiri,TS
2018-01-19,0.0,28.4,15.1,4.66,0.137,Medchal Malikajgiri,TS
2018-01-20,0.0,27.6,14.0,4.54,0.134,Medchal Malikajgiri,TS
2018-01-21,0.0,27.7,14.9,4.64,0.132,Medchal Malikajgiri,TS
2018-01-22,0.0,27.2,14.2,4.33,0.132,Medchal Malikajgiri,TS
2018-01-23,0.0,28.2,15.1,4.26,0.13,Medchal Malikajgiri,TS
2018-01-24,0.0,28.3,15.5,4.41,0.131,Medchal Malikajgiri,TS
2018-01-25,0.0,28.5,16.1,4.8,0.132,Medchal Malikajgiri,TS
2018-01-26,0.0,28.2,15.9,4.48,0.132,Medchal Malikajgiri,TS
2018-01-27,0.0,27.8,14.8,4.48,0.134,Medchal Malikajgiri,TS
2018-01-28,0.0,28.1,15.3,4.61,0.137,Medchal Malikajgiri,TS
2018-01-29,0.0,28.0,16.0,4.53,0.139,Medchal Malikajgiri,TS
2018-01-30,0.0,28.8,14.3,5.13,0.139,Medchal Malikajgiri,TS
2018-01-31,0.0,29.7,15.9,5.54,0.136,Medchal Malikajgiri,TS
2018-02-01,0.0,29.8,16.4,5.74,0.134,Medchal Malikajgiri,TS
2018-02-02,0.0,30.2,15.0,5.53,0.131,Medchal Malikajgiri,TS
2018-02-03,0.0,29.4,14.3,5.54,0.131,Medchal Malikajgiri,TS
2018-02-04,0.0,29.4,14.3,5.26,0.131,Medchal Malikajgiri,TS
2018-02-05,0.0,28.7,14.5,4.97,0.132,Medchal Malikajgiri,TS
2018-02-06,0.0,27.8,14.5,4.72,0.133,Medchal Malikajgiri,TS
2018-02-07,0.2,28.6,17.6,3.37,0.133,Medchal Malikajgiri,TS
2018-02-08,0.0,30.5,18.4,4.54,0.131,Medchal Malikajgiri,TS
2018-02-09,0.0,30.6,19.0,5.14,0.129,Medchal Malikajgiri,TS
2018-02-10,0.0,29.1,18.5,3.57,0.13,Medchal Malikajgiri,TS
2018-02-11,0.3,29.6,19.4,5.03,0.134,Medchal Malikajgiri,TS
2018-02-12,0.0,29.4,17.9,4.71,0.133,Medchal Malikajgiri,TS
2018-02-13,0.0,29.5,17.9,4.98,0.131,Medchal Malikajgiri,TS
2018-02-14,0.0,29.5,18.5,5.2,0.128,Medchal Malikajgiri,TS
2018-02-15,0.0,29.6,17.8,5.11,0.127,Medchal Malikajgiri,TS
2018-02-16,0.0,30.3,17.9,5.4,0.126,Medchal Malikajgiri,TS
2018-02-17,0.0,31.2,16.8,5.57,0.125,Medchal Malikajgiri,TS
2018-02-18,0.0,31.5,16.7,5.43,0.126,Medchal Malikajgiri,TS
2018-02-19,0.0,31.7,17.9,5.36,0.124,Medchal Malikajgiri,TS
2018-02-20,0.0,31.4,18.9,4.74,0.125,Medchal Malikajgiri,TS
2018-02-21,0.0,31.1,18.1,4.95,0.126,Medchal Malikajgiri,TS
2018-02-22,0.0,31.0,18.3,4.74,0.129,Medchal Malikajgiri,TS
2018-02-23,0.0,31.8,19.0,5.86,0.132,Medchal Malikajgiri,TS
2018-02-24,0.0,30.9,18.8,6.11,0.134,Medchal Malikajgiri,TS
2018-02-25,0.0,31.5,17.1,6.13,0.133,Medchal Malikajgiri,TS
2018-02-26,0.0,32.6,16.9,6.1,0.133,Medchal Malikajgiri,TS
2018-02-27,0.0,32.8,19.7,6.12,0.132,Medchal Malikajgiri,TS
2018-02-28,0.0,33.6,18.7,5.89,0.133,Medchal Malikajgiri,TS
2018-03-01,0.0,33.3,18.6,6.17,0.128,Medchal Malikajgiri,TS
2018-03-02,0.0,33.8,18.5,6.18,0.128,Medchal Malikajgiri,TS
2018-03-03,0.0,34.2,20.1,5.85,0.129,Medchal Malikajgiri,TS
2018-03-04,0.0,35.3,20.1,6.46,0.128,Medchal Malikajgiri,TS
2018-03-05,0.0,34.9,19.6,6.92,0.126,Medchal Malikajgiri,TS
2018-03-06,0.0,34.0,20.8,6.45,0.127,Medchal Malikajgiri,TS
2018-03-07,0.0,34.1,20.4,7.22,0.126,Medchal Malikajgiri,TS
2018-03-08,0.0,33.8,19.9,7.09,0.13,Medchal Malikajgiri,TS
2018-03-09,0.0,34.2,19.6,6.58,0.127,Medchal Malikajgiri,TS
2018-03-10,0.0,33.5,20.3,6.0,0.126,Medchal Malikajgiri,TS
2018-03-11,0.0,32.5,22.3,5.51,0.127,Medchal Malikajgiri,TS
2018-03-12,0.0,34.0,21.3,6.33,0.129,Medchal Malikajgiri,TS
2018-03-13,0.0,34.1,19.8,6.51,0.128,Medchal Malikajgiri,TS
2018-03-14,0.0,34.3,20.2,6.82,0.127,Medchal Malikajgiri,TS
2018-03-15,0.0,33.3,24.4,5.31,0.125,Medchal Malikajgiri,TS
2018-03-16,2.9,28.0,20.4,3.28,0.156,Medchal Malikajgiri,TS
2018-03-17,0.0,28.3,19.2,3.84,0.262,Medchal Malikajgiri,TS
2018-03-18,0.0,30.5,19.7,4.99,0.244,Medchal Malikajgiri,TS
2018-03-19,0.0,32.2,19.4,5.55,0.218,Medchal Malikajgiri,TS
2018-03-20,0.0,33.8,21.3,5.62,0.197,Medchal Malikajgiri,TS
2018-03-21,0.0,33.9,22.1,5.69,0.184,Medchal Malikajgiri,TS
2018-03-22,0.0,35.0,22.7,6.82,0.172,Medchal Malikajgiri,TS
2018-03-23,0.0,35.3,21.7,6.91,0.16,Medchal Malikajgiri,TS
2018-03-24,0.0,35.8,22.4,6.56,0.15,Medchal Malikajgiri,TS
2018-03-25,0.0,35.6,20.8,6.27,0.146,Medchal Malikajgiri,TS
2018-03-26,0.0,35.7,21.2,6.0,0.145,Medchal Malikajgiri,TS
2018-03-27,0.0,36.2,22.1,6.34,0.145,Medchal Malikajgiri,TS
2018-03-28,0.1,36.8,22.7,6.43,0.139,Medchal Malikajgiri,TS
2018-03-29,0.0,37.3,22.5,5.89,0.135,Medchal Malikajgiri,TS
2018-03-30,0.0,36.3,22.2,5.62,0.137,Medchal Malikajgiri,TS
2018-03-31,0.2,36.3,22.9,6.29,0.138,Medchal Malikajgiri,TS
2018-04-01,1.9,35.2,22.5,5.69,0.146,Medchal Malikajgiri,TS
2018-04-02,0.2,34.0,22.6,5.44,0.141,Medchal Malikajgiri,TS
2018-04-03,0.7,34.4,22.1,5.44,0.146,Medchal Malikajgiri,TS
2018-04-04,2.0,34.4,21.4,5.53,0.149,Medchal Malikajgiri,TS
2018-04-05,1.3,34.5,21.9,5.16,0.159,Medchal Malikajgiri,TS
2018-04-06,0.3,34.1,22.0,5.33,0.163,Medchal Malikajgiri,TS
2018-04-07,1.2,31.9,22.8,4.61,0.17,Medchal Malikajgiri,TS
2018-04-08,0.4,31.9,20.1,4.57,0.185,Medchal Malikajgiri,TS
2018-04-09,0.1,32.1,21.4,5.28,0.188,Medchal Malikajgiri,TS
2018-04-10,0.2,32.2,21.8,5.44,0.186,Medchal Malikajgiri,TS
2018-04-11,0.0,33.2,21.4,5.29,0.176,Medchal Malikajgiri,TS
2018-04-12,1.1,33.8,21.8,5.39,0.173,Medchal Malikajgiri,TS
2018-04-13,0.0,33.6,22.5,5.49,0.168,Medchal Malikajgiri,TS
2018-04-14,0.0,34.0,23.1,5.27,0.159,Medchal Malikajgiri,TS
2018-04-15,3.9,32.2,24.2,4.53,0.174,Medchal Malikajgiri,TS
2018-04-16,0.0,34.2,22.7,5.35,0.193,Medchal Malikajgiri,TS
2018-04-17,0.1,35.9,23.9,5.74,0.181,Medchal Malikajgiri,TS
2018-04-18,0.1,36.1,24.2,5.71,0.163,Medchal Malikajgiri,TS
2018-04-19,0.0,37.9,24.0,6.71,0.154,Medchal Malikajgiri,TS
2018-04-20,0.0,37.7,25.2,7.14,0.151,Medchal Malikajgiri,TS
2018-04-21,0.0,37.8,22.8,7.1,0.145,Medchal Malikajgiri,TS
2018-04-22,0.9,36.6,24.4,6.31,0.143,Medchal Malikajgiri,TS
2018-04-23,0.0,36.2,24.7,5.96,0.139,Medchal Malikajgiri,TS
2018-04-24,0.0,38.0,24.0,6.53,0.135,Medchal Malikajgiri,TS
2018-04-25,0.0,36.3,23.1,6.08,0.134,Medchal Malikajgiri,TS
2018-04-26,0.1,36.4,24.8,5.89,0.134,Medchal Malikajgiri,TS
2018-04-27,0.0,36.3,24.5,6.38,0.133,Medchal Malikajgiri,TS
2018-04-28,0.1,35.5,23.5,6.14,0.132,Medchal Malikajgiri,TS
2018-04-29,0.1,37.7,23.8,6.31,0.127,Medchal Malikajgiri,TS
2018-04-30,0.0,39.0,25.2,7.44,0.125,Medchal Malikajgiri,TS
2018-05-01,0.0,38.7,25.3,6.93,0.121,Medchal Malikajgiri,TS
2018-05-02,0.0,37.8,25.1,5.97,0.12,Medchal Malikajgiri,TS
2018-05-03,2.4,35.5,24.9,5.66,0.153,Medchal Malikajgiri,TS
2018-05-04,0.0,34.4,22.8,5.7,0.208,Medchal Malikajgiri,TS
2018-05-05,0.0,35.5,24.4,6.01,0.192,Medchal Malikajgiri,TS
2018-05-06,0.0,36.1,25.0,6.3,0.174,Medchal Malikajgiri,TS
2018-05-07,0.1,36.8,25.9,6.25,0.163,Medchal Malikajgiri,TS
2018-05-08,0.7,36.9,25.9,6.26,0.156,Medchal Malikajgiri,TS
2018-05-09,0.6,36.7,25.2,5.91,0.151,Medchal Malikajgiri,TS
2018-05-10,0.9,36.6,26.0,6.2,0.149,Medchal Malikajgiri,TS
2018-05-11,0.0,36.8,25.1,5.74,0.144,Medchal Malikajgiri,TS
2018-05-12,1.7,37.6,25.2,6.26,0.146,Medchal Malikajgiri,TS
2018-05-13,3.9,36.2,24.7,6.0,0.162,Medchal Malikajgiri,TS
2018-05-14,0.1,36.5,24.6,6.13,0.171,Medchal Malikajgiri,TS
2018-05-15,0.1,35.6,24.1,6.0,0.181,Medchal Malikajgiri,TS
2018-05-16,0.4,36.0,24.1,6.1,0.173,Medchal Malikajgiri,TS
2018-05-17,0.9,37.8,25.0,5.95,0.162,Medchal Malikajgiri,TS
2018-05-18,0.4,35.0,25.0,5.78,0.157,Medchal Malikajgiri,TS
2018-05-19,0.1,38.1,25.9,7.03,0.156,Medchal Malikajgiri,TS
2018-05-20,0.2,38.5,26.3,6.9,0.144,Medchal Malikajgiri,TS
2018-05-21,0.0,38.0,26.1,6.83,0.133,Medchal Malikajgiri,TS
2018-05-22,1.1,37.8,26.7,6.05,0.136,Medchal Malikajgiri,TS
2018-05-23,0.7,36.2,25.3,5.48,0.145,Medchal Malikajgiri,TS
2018-05-24,3.6,37.1,26.1,5.76,0.141,Medchal Malikajgiri,TS
2018-05-25,0.0,38.8,26.0,6.66,0.13,Medchal Malikajgiri,TS
2018-05-26,1.2,37.9,25.7,7.12,0.128,Medchal Malikajgiri,TS
2018-05-27,0.1,37.0,25.1,6.17,0.127,Medchal Malikajgiri,TS
2018-05-28,0.6,38.1,26.4,6.45,0.126,Medchal Malikajgiri,TS
2018-05-29,0.5,38.8,27.2,6.91,0.125,Medchal Malikajgiri,TS
2018-05-30,0.4,38.4,27.4,6.64,0.128,Medchal Malikajgiri,TS
2018-05-31,5.4,38.9,25.1,6.04,0.15,Medchal Malikajgiri,TS
2018-06-01,1.5,34.6,24.4,4.74,0.186,Medchal Malikajgiri,TS
2018-06-02,3.2,35.1,24.0,4.68,0.22,Medchal Malikajgiri,TS
2018-06-03,0.0,35.3,25.8,5.94,0.237,Medchal Malikajgiri,TS
2018-06-04,3.5,35.8,24.3,6.07,0.228,Medchal Malikajgiri,TS
2018-06-05,1.0,36.0,24.7,5.77,0.236,Medchal Malikajgiri,TS
2018-06-06,2.9,32.7,25.1,4.67,0.313,Medchal Malikajgiri,TS
2018-06-07,20.4,30.2,23.2,3.35,0.369,Medchal Malikajgiri,TS
2018-06-08,6.6,28.3,22.9,2.85,0.368,Medchal Malikajgiri,TS
2018-06-09,1.3,29.8,23.2,3.92,0.329,Medchal Malikajgiri,TS
2018-06-10,3.4,28.2,23.4,3.69,0.338,Medchal Malikajgiri,TS
2018-06-11,8.0,28.0,23.3,2.47,0.376,Medchal Malikajgiri,TS
2018-06-12,3.0,30.2,24.3,4.58,0.347,Medchal Malikajgiri,TS
2018-06-13,0.0,31.1,24.0,5.38,0.324,Medchal Malikajgiri,TS
2018-06-14,0.0,30.7,24.3,5.14,0.298,Medchal Malikajgiri,TS
2018-06-15,0.0,32.4,24.4,6.47,0.274,Medchal Malikajgiri,TS
2018-06-16,0.0,31.4,24.4,5.94,0.253,Medchal Malikajgiri,TS
2018-06-17,0.1,30.1,24.7,5.19,0.234,Medchal Malikajgiri,TS
2018-06-18,2.4,31.5,23.6,5.53,0.221,Medchal Malikajgiri,TS
2018-06-19,0.1,32.1,23.1,5.89,0.21,Medchal Malikajgiri,TS
2018-06-20,0.0,33.2,24.4,6.14,0.192,Medchal Malikajgiri,TS
2018-06-21,2.3,33.8,25.0,5.57,0.172,Medchal Malikajgiri,TS
2018-06-22,16.6,29.7,23.7,3.23,0.262,Medchal Malikajgiri,TS
2018-06-23,8.8,28.9,22.6,3.66,0.362,Medchal Malikajgiri,TS
2018-06-24,0.5,30.6,23.0,5.23,0.306,Medchal Malikajgiri,TS
2018-06-25,0.2,31.0,23.2,5.09,0.277,Medchal Malikajgiri,TS
2018-06-26,0.2,30.4,23.4,5.23,0.261,Medchal Malikajgiri,TS
2018-06-27,1.6,28.6,23.3,3.26,0.253,Medchal Malikajgiri,TS
2018-06-28,9.5,28.9,22.5,3.11,0.282,Medchal Malikajgiri,TS
2018-06-29,0.3,30.4,23.3,4.62,0.263,Medchal Malikajgiri,TS
2018-06-30,0.2,30.8,23.8,5.08,0.245,Medchal Malikajgiri,TS
2018-07-01,0.3,31.3,24.1,5.05,0.229,Medchal Malikajgiri,TS
2018-07-02,0.1,32.1,23.8,5.5,0.211,Medchal Malikajgiri,TS
2018-07-03,1.9,30.2,23.3,5.19,0.204,Medchal Malikajgiri,TS
2018-07-04,1.1,30.2,23.6,5.06,0.196,Medchal Malikajgiri,TS
2018-07-05,0.5,30.2,23.2,4.94,0.184,Medchal Malikajgiri,TS
2018-07-06,7.5,27.7,22.3,2.49,0.267,Medchal Malikajgiri,TS
2018-07-07,22.1,26.4,22.7,2.22,0.357,Medchal Malikajgiri,TS
2018-07-08,4.7,28.0,22.5,2.6,0.348,Medchal Malikajgiri,TS
2018-07-09,16.1,27.9,22.0,2.91,0.378,Medchal Malikajgiri,TS
2018-07-10,3.1,27.0,22.1,2.71,0.356,Medchal Malikajgiri,TS
2018-07-11,20.5,25.4,22.2,2.16,0.381,Medchal Malikajgiri,TS
2018-07-12,33.8,23.7,21.9,1.36,0.424,Medchal Malikajgiri,TS
2018-07-13,5.8,27.1,22.2,3.01,0.405,Medchal Malikajgiri,TS
2018-07-14,17.5,24.8,21.8,1.39,0.415,Medchal Malikajgiri,TS
2018-07-15,12.3,25.8,22.2,1.98,0.417,Medchal Malikajgiri,TS
2018-07-16,20.6,25.2,22.0,1.8,0.42,Medchal Malikajgiri,TS
2018-07-17,5.3,28.8,22.1,4.39,0.404,Medchal Malikajgiri,TS
2018-07-18,0.3,29.7,22.9,4.99,0.375,Medchal Malikajgiri,TS
2018-07-19,4.0,29.1,22.8,4.81,0.362,Medchal Malikajgiri,TS
2018-07-20,13.2,24.9,22.3,1.62,0.391,Medchal Malikajgiri,TS
2018-07-21,8.8,25.5,21.9,1.77,0.405,Medchal Malikajgiri,TS
2018-07-22,0.3,27.7,22.5,3.96,0.383,Medchal Malikajgiri,TS
2018-07-23,1.0,27.9,22.5,4.08,0.364,Medchal Malikajgiri,TS
2018-07-24,1.5,29.4,22.5,4.91,0.351,Medchal Malikajgiri,TS
2018-07-25,0.4,29.5,22.9,4.79,0.337,Medchal Malikajgiri,TS
2018-07-26,0.2,28.2,22.8,4.36,0.321,Medchal Malikajgiri,TS
2018-07-27,2.4,28.2,22.4,3.55,0.324,Medchal Malikajgiri,TS
2018-07-28,1.3,29.4,22.4,4.25,0.316,Medchal Malikajgiri,TS
2018-07-29,0.0,29.8,23.1,5.08,0.298,Medchal Malikajgiri,TS
2018-07-30,0.0,29.7,23.2,5.3,0.279,Medchal Malikajgiri,TS
2018-07-31,0.3,29.5,23.0,5.37,0.264,Medchal Malikajgiri,TS
2018-08-01,1.3,29.3,22.7,4.55,0.257,Medchal Malikajgiri,TS
2018-08-02,1.2,29.6,22.7,4.5,0.256,Medchal Malikajgiri,TS
2018-08-03,0.5,29.6,23.6,5.15,0.249,Medchal Malikajgiri,TS
2018-08-04,1.0,29.9,23.2,5.16,0.24,Medchal Malikajgiri,TS
2018-08-05,1.5,29.7,23.0,5.37,0.237,Medchal Malikajgiri,TS
2018-08-06,0.6,29.0,23.3,4.92,0.229,Medchal Malikajgiri,TS
2018-08-07,1.0,27.9,23.4,4.27,0.224,Medchal Malikajgiri,TS
2018-08-08,7.9,24.7,22.0,1.9,0.261,Medchal Malikajgiri,TS
2018-08-09,1.5,29.9,22.2,4.49,0.261,Medchal Malikajgiri,TS
2018-08-10,7.0,28.8,22.6,4.25,0.258,Medchal Malikajgiri,TS
2018-08-11,35.3,25.3,22.3,2.16,0.356,Medchal Malikajgiri,TS
2018-08-12,27.0,25.1,21.7,1.86,0.421,Medchal Malikajgiri,TS
2018-08-13,7.9,26.3,21.4,2.97,0.402,Medchal Malikajgiri,TS
2018-08-14,3.3,26.5,21.8,2.53,0.398,Medchal Malikajgiri,TS
2018-08-15,26.0,25.3,22.2,1.69,0.422,Medchal Malikajgiri,TS
2018-08-16,51.6,23.6,22.2,1.55,0.426,Medchal Malikajgiri,TS
2018-08-17,0.2,26.5,22.3,2.73,0.399,Medchal Malikajgiri,TS
2018-08-18,0.0,26.8,22.4,2.9,0.382,Medchal Malikajgiri,TS
2018-08-19,19.2,26.5,22.2,2.63,0.412,Medchal Malikajgiri,TS
2018-08-20,59.7,23.1,21.8,1.15,0.43,Medchal Malikajgiri,TS
2018-08-21,4.5,27.0,21.6,3.58,0.413,Medchal Malikajgiri,TS
2018-08-22,1.1,28.9,21.6,4.27,0.391,Medchal Malikajgiri,TS
2018-08-23,0.4,27.2,22.4,3.38,0.379,Medchal Malikajgiri,TS
2018-08-24,0.6,28.2,22.7,4.13,0.368,Medchal Malikajgiri,TS
2018-08-25,0.5,27.7,22.6,3.91,0.362,Medchal Malikajgiri,TS
2018-08-26,8.5,26.8,22.2,3.12,0.364,Medchal Malikajgiri,TS
2018-08-27,6.7,26.3,21.8,2.69,0.393,Medchal Malikajgiri,TS
2018-08-28,0.8,27.4,21.9,3.67,0.367,Medchal Malikajgiri,TS
2018-08-29,0.8,28.6,21.9,4.44,0.352,Medchal Malikajgiri,TS
2018-08-30,0.4,28.6,22.3,4.71,0.341,Medchal Malikajgiri,TS
2018-08-31,1.9,28.2,22.3,3.84,0.333,Medchal Malikajgiri,TS
2018-09-01,0.4,27.9,22.2,4.12,0.324,Medchal Malikajgiri,TS
2018-09-02,0.2,28.5,22.5,4.51,0.309,Medchal Malikajgiri,TS
2018-09-03,0.0,28.8,22.2,4.11,0.3,Medchal Malikajgiri,TS
2018-09-04,0.7,28.6,22.1,5.02,0.291,Medchal Malikajgiri,TS
2018-09-05,0.2,28.3,22.5,5.18,0.28,Medchal Malikajgiri,TS
2018-09-06,0.0,27.6,22.4,4.14,0.272,Medchal Malikajgiri,TS
2018-09-07,0.0,28.5,22.2,4.98,0.264,Medchal Malikajgiri,TS
2018-09-08,0.0,28.5,21.2,5.04,0.256,Medchal Malikajgiri,TS
2018-09-09,0.4,29.1,20.5,4.81,0.244,Medchal Malikajgiri,TS
2018-09-10,0.1,29.8,20.5,4.49,0.233,Medchal Malikajgiri,TS
2018-09-11,4.3,29.7,21.8,3.98,0.233,Medchal Malikajgiri,TS
2018-09-12,8.1,28.6,22.1,3.89,0.252,Medchal Malikajgiri,TS
2018-09-13,0.5,29.4,21.3,3.92,0.237,Medchal Malikajgiri,TS
2018-09-14,1.0,29.7,21.4,4.22,0.229,Medchal Malikajgiri,TS
2018-09-15,5.2,29.2,22.7,4.02,0.236,Medchal Malikajgiri,TS
2018-09-16,0.7,30.1,22.7,4.8,0.21,Medchal Malikajgiri,TS
2018-09-17,4.5,30.0,22.5,3.89,0.221,Medchal Malikajgiri,TS
2018-09-18,0.5,30.2,22.3,4.32,0.251,Medchal Malikajgiri,TS
2018-09-19,1.5,27.8,22.6,2.6,0.266,Medchal Malikajgiri,TS
2018-09-20,0.7,29.0,22.2,3.39,0.276,Medchal Malikajgiri,TS
2018-09-21,27.2,24.3,21.2,1.29,0.349,Medchal Malikajgiri,TS
2018-09-22,0.8,29.7,21.4,4.67,0.35,Medchal Malikajgiri,TS
2018-09-23,0.3,29.6,21.4,4.36,0.317,Medchal Malikajgiri,TS
2018-09-24,2.6,29.7,21.6,4.26,0.301,Medchal Malikajgiri,TS
2018-09-25,7.2,30.1,22.2,4.17,0.289,Medchal Malikajgiri,TS
2018-09-26,2.8,29.0,21.8,3.36,0.307,Medchal Malikajgiri,TS
2018-09-27,2.1,29.5,21.3,4.05,0.302,Medchal Malikajgiri,TS
2018-09-28,1.5,29.5,21.4,4.05,0.288,Medchal Malikajgiri,TS
2018-09-29,1.3,29.9,21.5,4.02,0.282,Medchal Malikajgiri,TS
2018-09-30,2.9,30.4,22.2,4.19,0.286,Medchal Malikajgiri,TS
2018-10-01,2.3,30.3,22.4,4.26,0.273,Medchal Malikajgiri,TS
2018-10-02,0.1,30.4,22.4,4.42,0.262,Medchal Malikajgiri,TS
2018-10-03,0.4,30.5,22.0,4.53,0.248,Medchal Malikajgiri,TS
2018-10-04,0.9,30.5,21.8,4.6,0.242,Medchal Malikajgiri,TS
2018-10-05,0.0,30.2,21.3,5.11,0.233,Medchal Malikajgiri,TS
2018-10-06,0.2,29.3,20.0,4.73,0.219,Medchal Malikajgiri,TS
2018-10-07,0.3,29.7,20.8,4.73,0.209,Medchal Malikajgiri,TS
2018-10-08,0.0,30.6,20.9,4.9,0.201,Medchal Malikajgiri,TS
2018-10-09,0.0,31.0,20.3,5.44,0.19,Medchal Malikajgiri,TS
2018-10-10,0.0,31.4,21.3,6.39,0.181,Medchal Malikajgiri,TS
2018-10-11,0.0,31.2,22.5,5.68,0.175,Medchal Malikajgiri,TS
2018-10-12,0.0,30.8,20.8,5.41,0.17,Medchal Malikajgiri,TS
2018-10-13,0.0,30.6,20.8,4.61,0.164,Medchal Malikajgiri,TS
2018-10-14,0.2,30.7,21.9,4.59,0.156,Medchal Malikajgiri,TS
2018-10-15,4.4,29.6,21.7,3.66,0.153,Medchal Malikajgiri,TS
2018-10-16,2.3,30.0,21.8,3.87,0.158,Medchal Malikajgiri,TS
2018-10-17,4.2,28.9,21.6,2.95,0.186,Medchal Malikajgiri,TS
2018-10-18,0.0,29.1,21.3,3.14,0.182,Medchal Malikajgiri,TS
2018-10-19,0.0,29.5,19.0,4.57,0.181,Medchal Malikajgiri,TS
2018-10-20,0.0,30.5,19.7,4.94,0.172,Medchal Malikajgiri,TS
2018-10-21,0.0,30.4,20.8,4.68,0.164,Medchal Malikajgiri,TS
2018-10-22,0.0,31.9,21.8,4.54,0.156,Medchal Malikajgiri,TS
2018-10-23,0.0,32.0,20.7,4.57,0.153,Medchal Malikajgiri,TS
2018-10-24,6.3,29.4,21.4,3.41,0.173,Medchal Malikajgiri,TS
2018-10-25,0.0,31.2,20.8,5.01,0.149,Medchal Malikajgiri,TS
2018-10-26,0.0,30.7,19.5,5.62,0.146,Medchal Malikajgiri,TS
2018-10-27,0.0,31.0,19.3,5.61,0.146,Medchal Malikajgiri,TS
2018-10-28,0.0,30.3,19.6,6.16,0.143,Medchal Malikajgiri,TS
2018-10-29,0.0,28.9,18.8,6.02,0.141,Medchal Malikajgiri,TS
2018-10-30,0.0,29.3,18.9,5.74,0.139,Medchal Malikajgiri,TS
2018-10-31,0.0,29.8,18.9,5.41,0.136,Medchal Malikajgiri,TS
2018-11-01,1.8,28.2,18.6,3.38,0.137,Medchal Malikajgiri,TS
2018-11-02,0.0,29.5,21.0,3.81,0.136,Medchal Malikajgiri,TS
2018-11-03,0.8,29.8,21.0,3.93,0.147,Medchal Malikajgiri,TS
2018-11-04,0.2,30.0,21.4,4.18,0.15,Medchal Malikajgiri,TS
2018-11-05,0.1,30.1,19.9,3.8,0.145,Medchal Malikajgiri,TS
2018-11-06,0.6,30.0,20.2,3.89,0.142,Medchal Malikajgiri,TS
2018-11-07,0.6,30.6,20.8,4.21,0.141,Medchal Malikajgiri,TS
2018-11-08,0.2,30.3,20.5,4.24,0.14,Medchal Malikajgiri,TS
2018-11-09,0.0,30.8,19.0,4.36,0.141,Medchal Malikajgiri,TS
2018-11-10,0.0,31.0,18.7,4.93,0.141,Medchal Malikajgiri,TS
2018-11-11,0.0,30.6,17.5,5.31,0.14,Medchal Malikajgiri,TS
2018-11-12,0.0,29.7,18.2,5.71,0.141,Medchal Malikajgiri,TS
2018-11-13,0.0,29.6,17.9,5.33,0.14,Medchal Malikajgiri,TS
2018-11-14,0.0,30.2,17.7,5.2,0.138,Medchal Malikajgiri,TS
2018-11-15,0.0,31.2,18.5,5.63,0.137,Medchal Malikajgiri,TS
2018-11-16,0.0,31.2,19.3,4.28,0.133,Medchal Malikajgiri,TS
2018-11-17,1.0,30.3,21.4,3.59,0.133,Medchal Malikajgiri,TS
2018-11-18,0.5,29.9,21.2,3.6,0.136,Medchal Malikajgiri,TS
2018-11-19,0.2,29.7,20.8,3.71,0.138,Medchal Malikajgiri,TS
2018-11-20,0.2,30.2,20.3,4.05,0.138,Medchal Malikajgiri,TS
2018-11-21,0.0,30.5,19.5,4.92,0.137,Medchal Malikajgiri,TS
2018-11-22,0.0,29.0,18.8,4.45,0.136,Medchal Malikajgiri,TS
2018-11-23,0.0,29.2,19.9,3.49,0.134,Medchal Malikajgiri,TS
2018-11-24,0.0,29.6,18.7,4.69,0.133,Medchal Malikajgiri,TS
2018-11-25,0.0,29.1,19.0,5.04,0.13,Medchal Malikajgiri,TS
2018-11-26,0.0,29.1,17.6,5.02,0.128,Medchal Malikajgiri,TS
2018-11-27,0.0,28.1,14.9,4.47,0.127,Medchal Malikajgiri,TS
2018-11-28,0.0,27.8,15.3,4.42,0.125,Medchal Malikajgiri,TS
2018-11-29,0.0,28.4,16.1,4.26,0.125,Medchal Malikajgiri,TS
2018-11-30,0.0,28.1,16.5,4.46,0.127,Medchal Malikajgiri,TS
2018-12-01,0.0,27.9,15.4,4.38,0.129,Medchal Malikajgiri,TS
2018-12-02,0.0,27.4,15.5,3.97,0.129,Medchal Malikajgiri,TS
2018-12-03,0.0,27.3,16.8,3.83,0.13,Medchal Malikajgiri,TS
2018-12-04,0.0,27.9,17.8,3.14,0.131,Medchal Malikajgiri,TS
2018-12-05,0.1,28.9,19.4,3.59,0.133,Medchal Malikajgiri,TS
2018-12-06,1.4,27.2,19.5,2.79,0.138,Medchal Malikajgiri,TS
2018-12-07,0.1,29.1,19.2,3.51,0.137,Medchal Malikajgiri,TS
2018-12-08,1.5,27.2,20.2,3.19,0.14,Medchal Malikajgiri,TS
2018-12-09,0.2,28.7,20.0,3.22,0.141,Medchal Malikajgiri,TS
2018-12-10,0.5,27.6,19.3,3.12,0.15,Medchal Malikajgiri,TS
2018-12-11,1.7,28.2,19.1,2.65,0.164,Medchal Malikajgiri,TS
2018-12-12,0.2,29.4,19.4,3.58,0.166,Medchal Malikajgiri,TS
2018-12-13,1.6,26.3,19.4,3.08,0.169,Medchal Malikajgiri,TS
2018-12-14,0.3,24.5,18.4,2.15,0.184,Medchal Malikajgiri,TS
2018-12-15,0.0,26.7,18.2,4.24,0.182,Medchal Malikajgiri,TS
2018-12-16,0.0,24.6,17.2,4.26,0.176,Medchal Malikajgiri,TS
2018-12-17,1.9,21.9,15.7,2.38,0.178,Medchal Malikajgiri,TS
2018-12-18,2.8,22.3,15.0,2.61,0.217,Medchal Malikajgiri,TS
2018-12-19,0.0,24.6,13.1,3.21,0.212,Medchal Malikajgiri,TS
2018-12-20,0.0,24.8,15.5,2.78,0.205,Medchal Malikajgiri,TS
2018-12-21,0.0,27.0,16.0,3.36,0.196,Medchal Malikajgiri,TS
2018-12-22,0.0,27.2,16.1,3.7,0.184,Medchal Malikajgiri,TS
2018-12-23,0.0,27.2,16.8,3.45,0.177,Medchal Malikajgiri,TS
2018-12-24,0.0,27.8,17.0,3.81,0.169,Medchal Malikajgiri,TS
2018-12-25,0.0,28.9,15.6,4.1,0.162,Medchal Malikajgiri,TS
2018-12-26,0.0,29.8,17.6,3.58,0.155,Medchal Malikajgiri,TS
2018-12-27,0.0,27.4,17.6,3.73,0.154,Medchal Malikajgiri,TS
2018-12-28,0.0,25.1,15.1,4.85,0.15,Medchal Malikajgiri,TS
2018-12-29,0.0,24.9,12.6,4.4,0.146,Medchal Malikajgiri,TS
2018-12-30,0.0,24.8,13.0,4.17,0.142,Medchal Malikajgiri,TS
2018-12-31,0.0,25.3,12.3,4.3,0.138,Medchal Malikajgiri,TS
2019-01-01,0.0,27.3,12.7,4.53,0.135,Medchal Malikajgiri,TS
2019-01-02,0.0,27.7,13.6,4.3,0.132,Medchal Malikajgiri,TS
2019-01-03,0.0,28.9,13.6,4.17,0.13,Medchal Malikajgiri,TS
2019-01-04,0.0,28.0,13.8,4.36,0.133,Medchal Malikajgiri,TS
2019-01-05,0.0,27.8,13.2,4.08,0.134,Medchal Malikajgiri,TS
2019-01-06,0.0,27.8,14.7,4.01,0.135,Medchal Malikajgiri,TS
2019-01-07,0.0,28.2,15.3,4.05,0.136,Medchal Malikajgiri,TS
2019-01-08,0.0,26.6,15.1,4.19,0.136,Medchal Malikajgiri,TS
2019-01-09,0.0,27.8,12.8,4.27,0.137,Medchal Malikajgiri,TS
2019-01-10,0.0,27.7,12.8,4.47,0.137,Medchal Malikajgiri,TS
2019-01-11,0.0,27.7,13.9,4.1,0.137,Medchal Malikajgiri,TS
2019-01-12,0.0,28.1,15.5,4.11,0.136,Medchal Malikajgiri,TS
2019-01-13,0.0,27.8,15.7,4.3,0.136,Medchal Malikajgiri,TS
2019-01-14,0.0,28.1,15.5,4.2,0.137,Medchal Malikajgiri,TS
2019-01-15,0.0,27.7,15.3,4.38,0.137,Medchal Malikajgiri,TS
2019-01-16,0.0,28.1,14.4,4.39,0.138,Medchal Malikajgiri,TS
2019-01-17,0.0,28.9,15.0,4.55,0.137,Medchal Malikajgiri,TS
2019-01-18,0.0,29.4,14.4,4.42,0.137,Medchal Malikajgiri,TS
2019-01-19,0.0,28.0,15.1,4.23,0.136,Medchal Malikajgiri,TS
2019-01-20,0.0,28.8,15.4,4.46,0.134,Medchal Malikajgiri,TS
2019-01-21,0.0,28.9,16.0,4.89,0.134,Medchal Malikajgiri,TS
2019-01-22,0.0,29.0,15.3,5.02,0.134,Medchal Malikajgiri,TS
2019-01-23,0.0,28.4,15.6,4.22,0.134,Medchal Malikajgiri,TS
2019-01-24,0.0,29.0,18.5,4.13,0.134,Medchal Malikajgiri,TS
2019-01-25,0.2,29.0,18.1,4.24,0.137,Medchal Malikajgiri,TS
2019-01-26,7.1,23.3,18.2,1.92,0.167,Medchal Malikajgiri,TS
2019-01-27,19.2,22.3,17.5,1.42,0.239,Medchal Malikajgiri,TS
2019-01-28,1.1,23.6,16.6,2.94,0.308,Medchal Malikajgiri,TS
2019-01-29,0.0,24.2,13.7,4.47,0.271,Medchal Malikajgiri,TS
2019-01-30,0.0,24.9,11.8,4.46,0.245,Medchal Malikajgiri,TS
2019-01-31,0.0,25.0,12.1,4.02,0.226,Medchal Malikajgiri,TS
2019-02-01,0.0,26.4,14.8,3.95,0.212,Medchal Malikajgiri,TS
2019-02-02,0.0,27.4,14.5,4.39,0.2,Medchal Malikajgiri,TS
2019-02-03,0.0,27.0,15.2,4.23,0.19,Medchal Malikajgiri,TS
2019-02-04,0.0,27.6,15.9,4.41,0.182,Medchal Malikajgiri,TS
2019-02-05,0.0,28.8,16.0,4.6,0.174,Medchal Malikajgiri,TS
2019-02-06,0.0,30.0,16.3,4.92,0.167,Medchal Malikajgiri,TS
2019-02-07,0.0,30.6,18.7,5.12,0.161,Medchal Malikajgiri,TS
2019-02-08,0.0,28.2,18.4,3.58,0.155,Medchal Malikajgiri,TS
2019-02-09,0.0,28.2,17.2,5.2,0.148,Medchal Malikajgiri,TS
2019-02-10,0.0,29.0,14.9,5.43,0.142,Medchal Malikajgiri,TS
2019-02-11,0.0,29.1,17.4,4.46,0.138,Medchal Malikajgiri,TS
2019-02-12,0.0,29.8,18.3,4.8,0.139,Medchal Malikajgiri,TS
2019-02-13,0.0,30.2,15.9,5.01,0.138,Medchal Malikajgiri,TS
2019-02-14,0.0,31.6,16.6,5.38,0.139,Medchal Malikajgiri,TS
2019-02-15,0.0,31.1,19.7,5.32,0.138,Medchal Malikajgiri,TS
2019-02-16,0.0,32.1,19.2,5.2,0.136,Medchal Malikajgiri,TS
2019-02-17,0.0,31.7,19.7,5.01,0.136,Medchal Malikajgiri,TS
2019-02-18,0.0,31.4,18.4,4.85,0.136,Medchal Malikajgiri,TS
2019-02-19,0.0,32.4,20.0,4.99,0.134,Medchal Malikajgiri,TS
2019-02-20,0.0,32.0,20.5,5.26,0.132,Medchal Malikajgiri,TS
2019-02-21,0.0,32.6,19.1,5.71,0.133,Medchal Malikajgiri,TS
2019-02-22,0.0,33.9,19.7,5.37,0.133,Medchal Malikajgiri,TS
2019-02-23,0.0,34.7,20.7,5.38,0.134,Medchal Malikajgiri,TS
2019-02-24,0.0,34.5,22.1,6.12,0.131,Medchal Malikajgiri,TS
2019-02-25,0.0,33.9,21.6,6.7,0.13,Medchal Malikajgiri,TS
2019-02-26,0.0,33.2,18.6,5.87,0.132,Medchal Malikajgiri,TS
2019-02-27,0.0,32.5,19.6,4.72,0.132,Medchal Malikajgiri,TS
2019-02-28,0.9,30.9,20.0,5.35,0.135,Medchal Malikajgiri,TS
2019-03-01,0.3,31.7,18.7,4.76,0.134,Medchal Malikajgiri,TS
2019-03-02,0.2,30.7,20.8,4.84,0.133,Medchal Malikajgiri,TS
2019-03-03,0.0,32.7,20.6,4.96,0.132,Medchal Malikajgiri,TS
2019-03-04,0.0,34.9,21.1,6.35,0.131,Medchal Malikajgiri,TS
2019-03-05,0.0,33.9,21.1,6.08,0.13,Medchal Malikajgiri,TS
2019-03-06,0.0,33.1,21.0,6.35,0.129,Medchal Malikajgiri,TS
2019-03-07,0.0,33.0,18.0,5.9,0.128,Medchal Malikajgiri,TS
2019-03-08,0.0,33.5,18.9,5.64,0.127,Medchal Malikajgiri,TS
2019-03-09,0.0,34.0,21.0,5.47,0.128,Medchal Malikajgiri,TS
2019-03-10,0.0,34.7,20.6,5.68,0.129,Medchal Malikajgiri,TS
2019-03-11,0.0,34.1,21.4,5.75,0.129,Medchal Malikajgiri,TS
2019-03-12,0.0,34.5,21.6,6.16,0.128,Medchal Malikajgiri,TS
2019-03-13,0.0,35.1,22.4,6.96,0.127,Medchal Malikajgiri,TS
2019-03-14,0.0,34.8,21.5,6.97,0.125,Medchal Malikajgiri,TS
2019-03-15,0.0,35.1,22.5,7.08,0.127,Medchal Malikajgiri,TS
2019-03-16,0.0,34.9,20.7,7.81,0.127,Medchal Malikajgiri,TS
2019-03-17,0.0,34.6,21.5,7.41,0.127,Medchal Malikajgiri,TS
2019-03-18,0.0,33.9,20.8,6.96,0.124,Medchal Malikajgiri,TS
2019-03-19,0.0,34.8,20.3,6.1,0.125,Medchal Malikajgiri,TS
2019-03-20,0.1,33.6,21.7,5.92,0.126,Medchal Malikajgiri,TS
2019-03-21,0.0,33.7,21.3,6.09,0.127,Medchal Malikajgiri,TS
2019-03-22,0.0,34.2,21.3,5.71,0.127,Medchal Malikajgiri,TS
2019-03-23,0.0,35.2,22.5,5.4,0.125,Medchal Malikajgiri,TS
2019-03-24,0.0,34.6,23.2,5.61,0.122,Medchal Malikajgiri,TS
2019-03-25,0.0,35.0,22.7,6.23,0.123,Medchal Malikajgiri,TS
2019-03-26,0.0,35.3,22.2,5.92,0.127,Medchal Malikajgiri,TS
2019-03-27,0.0,35.0,22.3,5.51,0.127,Medchal Malikajgiri,TS
2019-03-28,0.0,36.2,22.7,5.85,0.127,Medchal Malikajgiri,TS
2019-03-29,0.0,36.1,23.1,6.24,0.125,Medchal Malikajgiri,TS
2019-03-30,0.0,37.3,21.5,6.5,0.124,Medchal Malikajgiri,TS
2019-03-31,0.0,37.2,23.2,6.65,0.124,Medchal Malikajgiri,TS
2019-04-01,0.0,37.5,23.9,6.32,0.125,Medchal Malikajgiri,TS
2019-04-02,0.0,36.4,23.3,6.21,0.124,Medchal Malikajgiri,TS
2019-04-03,0.2,35.9,22.4,5.44,0.123,Medchal Malikajgiri,TS
2019-04-04,0.0,35.5,22.9,5.76,0.122,Medchal Malikajgiri,TS
2019-04-05,0.0,35.9,22.6,6.09,0.116,Medchal Malikajgiri,TS
2019-04-06,0.0,35.8,22.3,6.5,0.117,Medchal Malikajgiri,TS
2019-04-07,0.0,36.5,23.7,6.68,0.123,Medchal Malikajgiri,TS
2019-04-08,2.0,36.9,23.1,5.98,0.125,Medchal Malikajgiri,TS
2019-04-09,0.3,35.2,23.7,5.81,0.124,Medchal Malikajgiri,TS
2019-04-10,0.0,35.8,23.4,5.5,0.126,Medchal Malikajgiri,TS
2019-04-11,0.1,36.6,22.5,6.35,0.126,Medchal Malikajgiri,TS
2019-04-12,0.0,37.0,23.8,6.24,0.122,Medchal Malikajgiri,TS
2019-04-13,0.0,36.9,22.8,6.65,0.123,Medchal Malikajgiri,TS
2019-04-14,0.0,36.8,23.4,6.5,0.123,Medchal Malikajgiri,TS
2019-04-15,0.0,37.1,24.0,6.49,0.121,Medchal Malikajgiri,TS
2019-04-16,0.0,36.1,24.7,7.31,0.12,Medchal Malikajgiri,TS
2019-04-17,0.0,34.8,24.3,5.64,0.117,Medchal Malikajgiri,TS
2019-04-18,0.0,35.2,24.5,5.75,0.119,Medchal Malikajgiri,TS
2019-04-19,0.6,35.9,24.4,5.96,0.122,Medchal Malikajgiri,TS
2019-04-20,0.0,35.8,24.7,5.97,0.123,Medchal Malikajgiri,TS
2019-04-21,0.0,36.2,24.7,5.75,0.123,Medchal Malikajgiri,TS
2019-04-22,0.2,35.0,23.8,5.88,0.125,Medchal Malikajgiri,TS
2019-04-23,0.0,35.0,23.9,6.04,0.131,Medchal Malikajgiri,TS
2019-04-24,0.0,36.5,23.0,6.47,0.13,Medchal Malikajgiri,TS
2019-04-25,0.0,37.6,24.4,6.41,0.128,Medchal Malikajgiri,TS
2019-04-26,0.0,38.1,24.5,6.91,0.125,Medchal Malikajgiri,TS
2019-04-27,0.0,38.0,25.1,6.08,0.122,Medchal Malikajgiri,TS
2019-04-28,0.0,38.4,25.5,6.56,0.119,Medchal Malikajgiri,TS
2019-04-29,0.0,37.8,27.1,6.1,0.118,Medchal Malikajgiri,TS
2019-04-30,0.0,37.4,27.5,6.24,0.118,Medchal Malikajgiri,TS
2019-05-01,0.0,39.2,26.2,7.24,0.121,Medchal Malikajgiri,TS
2019-05-02,0.0,38.7,27.2,8.83,0.123,Medchal Malikajgiri,TS
2019-05-03,0.0,37.2,26.7,9.17,0.124,Medchal Malikajgiri,TS
2019-05-04,0.0,36.6,25.7,8.32,0.123,Medchal Malikajgiri,TS
2019-05-05,0.0,37.5,26.3,8.07,0.121,Medchal Malikajgiri,TS
2019-05-06,0.0,38.1,26.8,7.43,0.121,Medchal Malikajgiri,TS
2019-05-07,0.0,38.5,25.2,6.7,0.121,Medchal Malikajgiri,TS
2019-05-08,0.0,39.0,27.0,8.1,0.12,Medchal Malikajgiri,TS
2019-05-09,0.0,38.2,26.8,7.89,0.119,Medchal Malikajgiri,TS
2019-05-10,0.0,38.1,28.0,7.79,0.119,Medchal Malikajgiri,TS
2019-05-11,0.0,37.7,28.0,6.45,0.118,Medchal Malikajgiri,TS
2019-05-12,0.0,37.8,26.6,6.48,0.12,Medchal Malikajgiri,TS
2019-05-13,2.4,36.5,25.8,6.22,0.126,Medchal Malikajgiri,TS
2019-05-14,0.4,37.9,26.8,7.06,0.12,Medchal Malikajgiri,TS
2019-05-15,0.0,38.4,25.4,6.23,0.118,Medchal Malikajgiri,TS
2019-05-16,0.3,37.8,26.2,6.22,0.12,Medchal Malikajgiri,TS
2019-05-17,0.0,37.1,26.6,5.6,0.12,Medchal Malikajgiri,TS
2019-05-18,0.0,38.5,25.7,7.29,0.118,Medchal Malikajgiri,TS
2019-05-19,0.0,39.6,26.6,7.36,0.121,Medchal Malikajgiri,TS
2019-05-20,0.2,37.4,26.9,5.93,0.122,Medchal Malikajgiri,TS
2019-05-21,0.0,37.9,26.7,6.6,0.12,Medchal Malikajgiri,TS
2019-05-22,0.0,38.9,26.4,6.26,0.12,Medchal Malikajgiri,TS
2019-05-23,0.0,38.7,27.4,6.57,0.122,Medchal Malikajgiri,TS
2019-05-24,0.0,39.0,26.5,6.32,0.122,Medchal Malikajgiri,TS
2019-05-25,0.0,39.2,27.4,7.47,0.121,Medchal Malikajgiri,TS
2019-05-26,0.0,39.5,27.4,7.15,0.114,Medchal Malikajgiri,TS
2019-05-27,0.0,40.3,28.4,7.27,0.111,Medchal Malikajgiri,TS
2019-05-28,0.0,40.3,28.6,6.93,0.112,Medchal Malikajgiri,TS
2019-05-29,0.0,39.4,28.5,6.67,0.11,Medchal Malikajgiri,TS
2019-05-30,0.0,39.0,26.9,6.54,0.108,Medchal Malikajgiri,TS
2019-05-31,0.1,38.3,27.9,6.58,0.109,Medchal Malikajgiri,TS
2019-06-01,4.3,37.0,26.6,5.89,0.127,Medchal Malikajgiri,TS
2019-06-02,0.0,39.2,27.8,6.53,0.111,Medchal Malikajgiri,TS
2019-06-03,0.8,37.1,28.1,6.78,0.113,Medchal Malikajgiri,TS
2019-06-04,0.0,37.6,25.5,6.19,0.119,Medchal Malikajgiri,TS
2019-06-05,0.0,38.7,27.6,6.74,0.122,Medchal Malikajgiri,TS
2019-06-06,1.5,37.9,28.2,6.34,0.119,Medchal Malikajgiri,TS
2019-06-07,0.2,37.8,26.0,6.08,0.123,Medchal Malikajgiri,TS
2019-06-08,0.0,36.5,24.6,6.22,0.129,Medchal Malikajgiri,TS
2019-06-09,0.1,36.5,27.8,6.28,0.132,Medchal Malikajgiri,TS
2019-06-10,0.1,36.7,26.0,6.71,0.124,Medchal Malikajgiri,TS
2019-06-11,0.0,36.9,27.1,7.88,0.115,Medchal Malikajgiri,TS
2019-06-12,0.2,35.5,27.0,7.49,0.113,Medchal Malikajgiri,TS
2019-06-13,0.1,33.7,25.6,6.33,0.112,Medchal Malikajgiri,TS
2019-06-14,0.0,34.4,25.1,6.15,0.107,Medchal Malikajgiri,TS
2019-06-15,0.0,35.8,26.6,7.9,0.102,Medchal Malikajgiri,TS
2019-06-16,0.3,35.6,27.0,8.04,0.101,Medchal Malikajgiri,TS
2019-06-17,0.0,35.3,28.1,7.12,0.102,Medchal Malikajgiri,TS
2019-06-18,0.0,36.3,26.9,7.61,0.103,Medchal Malikajgiri,TS
2019-06-19,0.0,36.5,26.9,8.05,0.105,Medchal Malikajgiri,TS
2019-06-20,2.2,34.1,26.2,5.79,0.117,Medchal Malikajgiri,TS
2019-06-21,2.5,29.9,24.4,3.0,0.192,Medchal Malikajgiri,TS
2019-06-22,13.0,26.9,23.6,1.65,0.279,Medchal Malikajgiri,TS
2019-06-23,4.9,31.1,23.9,3.54,0.288,Medchal Malikajgiri,TS
2019-06-24,2.2,31.6,23.6,4.64,0.293,Medchal Malikajgiri,TS
2019-06-25,12.0,31.7,22.7,4.57,0.305,Medchal Malikajgiri,TS
2019-06-26,3.1,31.2,24.0,4.93,0.295,Medchal Malikajgiri,TS
2019-06-27,0.7,32.3,24.2,5.37,0.263,Medchal Malikajgiri,TS
2019-06-28,2.2,32.2,24.2,4.74,0.239,Medchal Malikajgiri,TS
2019-06-29,13.8,26.9,23.2,2.01,0.312,Medchal Malikajgiri,TS
2019-06-30,6.4,26.5,22.7,2.04,0.341,Medchal Malikajgiri,TS
2019-07-01,26.9,26.5,22.7,1.84,0.356,Medchal Malikajgiri,TS
2019-07-02,18.0,26.4,23.0,1.96,0.385,Medchal Malikajgiri,TS
2019-07-03,7.8,27.0,22.8,1.87,0.361,Medchal Malikajgiri,TS
2019-07-04,2.8,29.3,23.5,3.94,0.323,Medchal Malikajgiri,TS
2019-07-05,3.0,29.8,23.8,4.08,0.309,Medchal Malikajgiri,TS
2019-07-06,0.8,27.8,24.0,3.38,0.296,Medchal Malikajgiri,TS
2019-07-07,1.4,28.9,23.9,5.01,0.281,Medchal Malikajgiri,TS
2019-07-08,0.6,31.0,23.8,5.6,0.269,Medchal Malikajgiri,TS
2019-07-09,0.5,29.3,23.6,3.83,0.257,Medchal Malikajgiri,TS
2019-07-10,4.7,31.1,23.5,5.28,0.241,Medchal Malikajgiri,TS
2019-07-11,1.4,30.2,23.6,4.36,0.226,Medchal Malikajgiri,TS
2019-07-12,1.0,30.9,23.2,5.04,0.221,Medchal Malikajgiri,TS
2019-07-13,0.2,31.5,23.7,4.76,0.209,Medchal Malikajgiri,TS
2019-07-14,1.7,31.3,23.8,4.8,0.206,Medchal Malikajgiri,TS
2019-07-15,1.0,32.0,23.1,5.43,0.203,Medchal Malikajgiri,TS
2019-07-16,0.3,32.1,24.3,5.95,0.193,Medchal Malikajgiri,TS
2019-07-17,0.1,32.9,24.5,6.18,0.181,Medchal Malikajgiri,TS
2019-07-18,1.3,32.4,24.6,5.19,0.183,Medchal Malikajgiri,TS
2019-07-19,8.7,28.9,23.5,2.11,0.303,Medchal Malikajgiri,TS
2019-07-20,11.0,29.3,22.5,3.05,0.353,Medchal Malikajgiri,TS
2019-07-21,0.2,30.9,22.7,4.38,0.302,Medchal Malikajgiri,TS
2019-07-22,2.0,31.1,23.0,4.41,0.278,Medchal Malikajgiri,TS
2019-07-23,1.7,31.2,23.3,4.16,0.285,Medchal Malikajgiri,TS
2019-07-24,1.3,30.5,23.2,4.62,0.303,Medchal Malikajgiri,TS
2019-07-25,2.2,31.0,23.6,4.61,0.285,Medchal Malikajgiri,TS
2019-07-26,14.2,25.5,22.4,1.63,0.33,Medchal Malikajgiri,TS
2019-07-27,11.7,26.2,22.1,2.4,0.367,Medchal Malikajgiri,TS
2019-07-28,15.6,25.5,22.0,2.0,0.381,Medchal Malikajgiri,TS
2019-07-29,39.5,23.6,21.9,1.17,0.42,Medchal Malikajgiri,TS
2019-07-30,13.7,24.9,21.8,1.93,0.416,Medchal Malikajgiri,TS
2019-07-31,3.6,28.5,21.7,3.42,0.39,Medchal Malikajgiri,TS
2019-08-01,9.6,26.6,22.5,2.34,0.4,Medchal Malikajgiri,TS
2019-08-02,46.1,23.3,21.9,1.34,0.425,Medchal Malikajgiri,TS
2019-08-03,36.5,23.3,21.7,1.53,0.428,Medchal Malikajgiri,TS
2019-08-04,6.3,26.1,21.7,2.72,0.409,Medchal Malikajgiri,TS
2019-08-05,4.7,27.1,21.8,3.38,0.396,Medchal Malikajgiri,TS
2019-08-06,11.4,26.1,22.3,2.12,0.403,Medchal Malikajgiri,TS
2019-08-07,16.6,26.1,22.3,2.03,0.418,Medchal Malikajgiri,TS
2019-08-08,5.3,28.5,22.3,3.7,0.413,Medchal Malikajgiri,TS
2019-08-09,1.0,28.4,23.8,4.49,0.389,Medchal Malikajgiri,TS
2019-08-10,0.6,28.8,23.1,4.33,0.368,Medchal Malikajgiri,TS
2019-08-11,0.4,29.2,22.7,4.51,0.349,Medchal Malikajgiri,TS
2019-08-12,0.7,29.2,22.9,4.55,0.336,Medchal Malikajgiri,TS
2019-08-13,4.1,28.3,23.4,3.35,0.338,Medchal Malikajgiri,TS
2019-08-14,3.9,28.8,22.8,3.62,0.357,Medchal Malikajgiri,TS
2019-08-15,3.5,29.7,22.4,4.66,0.361,Medchal Malikajgiri,TS
2019-08-16,0.0,30.1,23.3,5.07,0.33,Medchal Malikajgiri,TS
2019-08-17,0.2,29.7,23.5,4.57,0.308,Medchal Malikajgiri,TS
2019-08-18,3.9,28.4,23.2,2.78,0.327,Medchal Malikajgiri,TS
2019-08-19,4.5,29.5,22.3,3.89,0.356,Medchal Malikajgiri,TS
2019-08-20,5.2,29.0,23.6,3.84,0.356,Medchal Malikajgiri,TS
2019-08-21,15.0,27.5,23.3,2.32,0.376,Medchal Malikajgiri,TS
2019-08-22,6.0,29.2,22.3,3.97,0.359,Medchal Malikajgiri,TS
2019-08-23,7.1,25.4,22.2,1.86,0.378,Medchal Malikajgiri,TS
2019-08-24,1.0,28.8,22.6,4.06,0.367,Medchal Malikajgiri,TS
2019-08-25,0.2,28.0,22.5,3.66,0.344,Medchal Malikajgiri,TS
2019-08-26,0.0,28.8,22.8,4.91,0.326,Medchal Malikajgiri,TS
2019-08-27,0.0,29.4,22.1,5.54,0.309,Medchal Malikajgiri,TS
2019-08-28,0.0,30.1,22.8,5.37,0.294,Medchal Malikajgiri,TS
2019-08-29,0.0,30.0,23.4,4.78,0.282,Medchal Malikajgiri,TS
2019-08-30,3.3,29.3,23.0,3.69,0.283,Medchal Malikajgiri,TS
2019-08-31,3.6,27.1,22.8,2.81,0.322,Medchal Malikajgiri,TS
2019-09-01,12.7,26.2,22.4,2.02,0.395,Medchal Malikajgiri,TS
2019-09-02,16.3,24.4,22.1,1.51,0.41,Medchal Malikajgiri,TS
2019-09-03,11.7,25.9,22.2,2.21,0.405,Medchal Malikajgiri,TS
2019-09-04,10.2,25.3,22.1,1.91,0.411,Medchal Malikajgiri,TS
2019-09-05,3.5,27.4,22.4,3.41,0.411,Medchal Malikajgiri,TS
2019-09-06,5.2,26.3,22.8,2.3,0.398,Medchal Malikajgiri,TS
2019-09-07,7.3,25.7,22.4,2.18,0.401,Medchal Malikajgiri,TS
2019-09-08,3.8,27.9,22.6,3.38,0.391,Medchal Malikajgiri,TS
2019-09-09,1.1,28.9,22.9,4.29,0.373,Medchal Malikajgiri,TS
2019-09-10,0.8,28.7,22.5,4.29,0.37,Medchal Malikajgiri,TS
2019-09-11,0.0,28.5,22.9,4.03,0.35,Medchal Malikajgiri,TS
2019-09-12,0.6,27.4,23.1,3.41,0.334,Medchal Malikajgiri,TS
2019-09-13,1.8,28.4,22.3,3.56,0.327,Medchal Malikajgiri,TS
2019-09-14,1.2,29.1,22.5,4.23,0.316,Medchal Malikajgiri,TS
2019-09-15,0.4,29.4,22.0,3.88,0.317,Medchal Malikajgiri,TS
2019-09-16,3.9,28.9,22.5,3.85,0.333,Medchal Malikajgiri,TS
2019-09-17,10.5,28.1,22.6,3.2,0.356,Medchal Malikajgiri,TS
2019-09-18,7.9,27.4,22.3,3.02,0.386,Medchal Malikajgiri,TS
2019-09-19,7.6,27.2,22.2,2.97,0.386,Medchal Malikajgiri,TS
2019-09-20,4.1,26.7,22.1,2.57,0.401,Medchal Malikajgiri,TS
2019-09-21,7.9,28.8,21.5,3.62,0.395,Medchal Malikajgiri,TS
2019-09-22,9.0,29.0,22.4,2.96,0.407,Medchal Malikajgiri,TS
2019-09-23,6.0,28.8,21.8,3.53,0.413,Medchal Malikajgiri,TS
2019-09-24,17.4,27.5,22.4,2.54,0.42,Medchal Malikajgiri,TS
2019-09-25,10.2,26.4,21.5,2.42,0.421,Medchal Malikajgiri,TS
2019-09-26,2.2,27.7,22.1,2.92,0.407,Medchal Malikajgiri,TS
2019-09-27,5.9,27.9,21.6,3.31,0.412,Medchal Malikajgiri,TS
2019-09-28,0.5,27.9,22.2,3.17,0.39,Medchal Malikajgiri,TS
2019-09-29,4.4,28.7,22.4,3.38,0.383,Medchal Malikajgiri,TS
2019-09-30,27.9,28.7,21.7,3.19,0.386,Medchal Malikajgiri,TS
2019-10-01,4.7,29.0,21.2,3.64,0.383,Medchal Malikajgiri,TS
2019-10-02,0.7,29.3,22.1,3.92,0.369,Medchal Malikajgiri,TS
2019-10-03,0.5,29.1,22.0,3.54,0.358,Medchal Malikajgiri,TS
2019-10-04,7.7,28.7,20.9,2.46,0.372,Medchal Malikajgiri,TS
2019-10-05,5.5,28.7,21.4,3.55,0.373,Medchal Malikajgiri,TS
2019-10-06,1.0,28.7,21.3,3.56,0.374,Medchal Malikajgiri,TS
2019-10-07,7.0,28.8,20.6,3.74,0.371,Medchal Malikajgiri,TS
2019-10-08,10.9,28.0,21.2,2.94,0.372,Medchal Malikajgiri,TS
2019-10-09,5.5,28.6,21.6,3.53,0.387,Medchal Malikajgiri,TS
2019-10-10,6.8,28.2,21.2,3.46,0.38,Medchal Malikajgiri,TS
2019-10-11,7.0,27.4,21.4,2.78,0.403,Medchal Malikajgiri,TS
2019-10-12,5.0,27.1,20.6,2.74,0.403,Medchal Malikajgiri,TS
2019-10-13,1.6,28.1,21.1,3.13,0.385,Medchal Malikajgiri,TS
2019-10-14,2.0,28.2,21.7,3.3,0.372,Medchal Malikajgiri,TS
2019-10-15,2.0,28.0,21.9,3.6,0.364,Medchal Malikajgiri,TS
2019-10-16,4.6,26.9,21.5,2.82,0.359,Medchal Malikajgiri,TS
2019-10-17,6.8,26.6,21.1,2.43,0.362,Medchal Malikajgiri,TS
2019-10-18,2.8,27.0,21.8,2.55,0.366,Medchal Malikajgiri,TS
2019-10-19,4.6,27.0,20.9,2.84,0.363,Medchal Malikajgiri,TS
2019-10-20,4.6,26.3,21.3,2.53,0.381,Medchal Malikajgiri,TS
2019-10-21,1.4,25.1,21.4,1.4,0.377,Medchal Malikajgiri,TS
2019-10-22,7.4,26.0,21.5,1.85,0.388,Medchal Malikajgiri,TS
2019-10-23,4.5,26.3,21.1,1.93,0.372,Medchal Malikajgiri,TS
2019-10-24,3.6,27.7,21.2,2.79,0.359,Medchal Malikajgiri,TS
2019-10-25,7.0,27.2,20.9,2.77,0.373,Medchal Malikajgiri,TS
2019-10-26,17.4,27.5,21.2,2.62,0.383,Medchal Malikajgiri,TS
2019-10-27,4.2,27.6,21.1,2.9,0.401,Medchal Malikajgiri,TS
2019-10-28,1.6,27.8,20.6,3.42,0.385,Medchal Malikajgiri,TS
2019-10-29,2.6,27.4,21.4,3.17,0.381,Medchal Malikajgiri,TS
2019-10-30,1.7,26.3,21.4,2.53,0.366,Medchal Malikajgiri,TS
2019-10-31,1.0,27.1,21.5,2.74,0.36,Medchal Malikajgiri,TS
2019-11-01,0.9,27.7,21.7,3.2,0.345,Medchal Malikajgiri,TS
2019-11-02,2.9,28.0,20.6,3.42,0.337,Medchal Malikajgiri,TS
2019-11-03,0.9,28.8,20.6,3.5,0.334,Medchal Malikajgiri,TS
2019-11-04,0.4,29.2,20.9,4.07,0.317,Medchal Malikajgiri,TS
2019-11-05,0.0,28.8,21.7,3.87,0.3,Medchal Malikajgiri,TS
2019-11-06,0.9,28.2,20.4,3.51,0.291,Medchal Malikajgiri,TS
2019-11-07,0.0,29.2,20.3,3.86,0.281,Medchal Malikajgiri,TS
2019-11-08,0.2,28.7,21.2,3.77,0.275,Medchal Malikajgiri,TS
2019-11-09,0.2,28.6,20.5,3.84,0.267,Medchal Malikajgiri,TS
2019-11-10,0.0,28.5,19.6,4.34,0.255,Medchal Malikajgiri,TS
2019-11-11,0.0,28.8,20.3,3.9,0.245,Medchal Malikajgiri,TS
2019-11-12,0.0,28.3,19.9,3.92,0.235,Medchal Malikajgiri,TS
2019-11-13,0.0,27.3,18.4,4.05,0.221,Medchal Malikajgiri,TS
2019-11-14,0.0,26.2,19.6,3.1,0.216,Medchal Malikajgiri,TS
2019-11-15,0.3,27.1,21.5,3.03,0.213,Medchal Malikajgiri,TS
2019-11-16,0.0,28.8,20.3,3.9,0.204,Medchal Malikajgiri,TS
2019-11-17,0.0,29.7,20.3,4.47,0.193,Medchal Malikajgiri,TS
2019-11-18,0.0,29.2,20.2,4.51,0.185,Medchal Malikajgiri,TS
2019-11-19,0.4,28.3,19.2,3.5,0.181,Medchal Malikajgiri,TS
2019-11-20,0.8,27.7,19.5,3.1,0.18,Medchal Malikajgiri,TS
2019-11-21,0.5,27.8,19.3,3.23,0.181,Medchal Malikajgiri,TS
2019-11-22,0.0,27.8,18.3,3.93,0.18,Medchal Malikajgiri,TS
2019-11-23,0.0,27.6,17.4,4.15,0.175,Medchal Malikajgiri,TS
2019-11-24,0.0,27.4,16.8,3.98,0.173,Medchal Malikajgiri,TS
2019-11-25,0.0,27.5,16.7,3.97,0.171,Medchal Malikajgiri,TS
2019-11-26,0.0,26.9,18.0,3.53,0.17,Medchal Malikajgiri,TS
2019-11-27,0.0,27.2,17.4,3.61,0.168,Medchal Malikajgiri,TS
2019-11-28,0.0,27.4,18.3,3.16,0.164,Medchal Malikajgiri,TS
2019-11-29,0.0,28.0,18.5,3.39,0.161,Medchal Malikajgiri,TS
2019-11-30,0.0,27.8,18.8,3.18,0.161,Medchal Malikajgiri,TS
2019-12-01,0.0,27.2,19.7,3.0,0.161,Medchal Malikajgiri,TS
2019-12-02,5.3,23.8,20.0,1.39,0.178,Medchal Malikajgiri,TS
2019-12-03,1.2,26.1,19.8,2.53,0.182,Medchal Malikajgiri,TS
2019-12-04,0.0,26.1,19.3,2.88,0.181,Medchal Malikajgiri,TS
2019-12-05,0.1,25.8,18.1,2.71,0.179,Medchal Malikajgiri,TS
2019-12-06,0.0,25.5,17.7,2.7,0.178,Medchal Malikajgiri,TS
2019-12-07,0.0,25.9,16.5,3.74,0.178,Medchal Malikajgiri,TS
2019-12-08,0.2,25.1,17.5,2.53,0.177,Medchal Malikajgiri,TS
2019-12-09,0.5,25.4,17.3,2.63,0.176,Medchal Malikajgiri,TS
2019-12-10,0.0,26.4,16.8,3.32,0.174,Medchal Malikajgiri,TS
2019-12-11,0.0,26.3,16.2,3.3,0.173,Medchal Malikajgiri,TS
2019-12-12,0.0,26.2,16.0,3.55,0.171,Medchal Malikajgiri,TS
2019-12-13,0.0,27.3,17.5,3.57,0.168,Medchal Malikajgiri,TS
2019-12-14,0.0,27.4,18.5,3.5,0.166,Medchal Malikajgiri,TS
2019-12-15,0.0,26.6,18.2,3.55,0.164,Medchal Malikajgiri,TS
2019-12-16,0.0,26.8,16.5,3.24,0.163,Medchal Malikajgiri,TS
2019-12-17,0.0,26.1,16.7,3.32,0.162,Medchal Malikajgiri,TS
2019-12-18,0.5,25.4,17.3,2.69,0.163,Medchal Malikajgiri,TS
2019-12-19,0.0,25.9,16.8,2.81,0.163,Medchal Malikajgiri,TS
2019-12-20,0.0,26.7,16.5,3.55,0.159,Medchal Malikajgiri,TS
2019-12-21,0.0,26.5,17.0,3.4,0.158,Medchal Malikajgiri,TS
2019-12-22,0.0,25.9,16.4,3.07,0.157,Medchal Malikajgiri,TS
2019-12-23,0.0,24.2,16.6,2.56,0.158,Medchal Malikajgiri,TS
2019-12-24,0.0,25.2,17.4,3.22,0.159,Medchal Malikajgiri,TS
2019-12-25,0.0,26.5,17.3,3.62,0.158,Medchal Malikajgiri,TS
2019-12-26,0.2,27.6,18.4,2.74,0.157,Medchal Malikajgiri,TS
2019-12-27,1.7,25.7,18.3,2.62,0.16,Medchal Malikajgiri,TS
2019-12-28,0.0,25.4,17.1,3.57,0.167,Medchal Malikajgiri,TS
2019-12-29,0.0,25.8,14.7,3.49,0.164,Medchal Malikajgiri,TS
2019-12-30,0.8,24.6,16.0,2.67,0.163,Medchal Malikajgiri,TS
2019-12-31,1.0,24.0,18.4,2.09,0.168,Medchal Malikajgiri,TS
2020-01-01,0.0,25.7,18.2,2.55,0.173,Medchal Malikajgiri,TS
2020-01-02,0.6,26.0,19.7,2.46,0.175,Medchal Malikajgiri,TS
2020-01-03,2.1,26.2,19.6,2.31,0.194,Medchal Malikajgiri,TS
2020-01-04,0.6,26.2,17.9,2.34,0.212,Medchal Malikajgiri,TS
2020-01-05,0.0,24.5,17.1,3.0,0.208,Medchal Malikajgiri,TS
2020-01-06,0.0,25.3,16.6,3.24,0.202,Medchal Malikajgiri,TS
2020-01-07,0.0,26.3,19.4,2.77,0.199,Medchal Malikajgiri,TS
2020-01-08,0.0,28.1,19.3,3.29,0.197,Medchal Malikajgiri,TS
2020-01-09,0.2,27.0,18.7,2.35,0.196,Medchal Malikajgiri,TS
2020-01-10,0.2,25.7,18.3,3.11,0.193,Medchal Malikajgiri,TS
2020-01-11,0.0,26.3,15.1,3.89,0.188,Medchal Malikajgiri,TS
2020-01-12,0.0,26.9,15.9,4.03,0.181,Medchal Malikajgiri,TS
2020-01-13,0.0,27.9,14.7,3.91,0.174,Medchal Malikajgiri,TS
2020-01-14,0.0,27.8,15.2,4.24,0.172,Medchal Malikajgiri,TS
2020-01-15,0.0,26.5,16.7,4.16,0.169,Medchal Malikajgiri,TS
2020-01-16,0.0,26.8,15.9,4.03,0.168,Medchal Malikajgiri,TS
2020-01-17,0.0,26.5,16.7,3.03,0.169,Medchal Malikajgiri,TS
2020-01-18,0.0,27.5,18.3,3.52,0.171,Medchal Malikajgiri,TS
2020-01-19,0.0,27.1,18.5,3.21,0.173,Medchal Malikajgiri,TS
2020-01-20,0.3,27.0,18.7,3.19,0.17,Medchal Malikajgiri,TS
2020-01-21,0.0,27.9,18.1,4.14,0.17,Medchal Malikajgiri,TS
2020-01-22,0.0,27.7,17.3,4.04,0.17,Medchal Malikajgiri,TS
2020-01-23,0.0,27.5,15.5,3.95,0.172,Medchal Malikajgiri,TS
2020-01-24,0.0,28.3,18.0,4.34,0.169,Medchal Malikajgiri,TS
2020-01-25,0.0,28.7,17.2,4.14,0.168,Medchal Malikajgiri,TS
2020-01-26,0.0,29.6,17.2,4.34,0.167,Medchal Malikajgiri,TS
2020-01-27,0.0,29.9,16.8,4.45,0.167,Medchal Malikajgiri,TS
2020-01-28,0.0,29.8,18.3,4.44,0.171,Medchal Malikajgiri,TS
2020-01-29,0.0,28.9,19.3,4.17,0.177,Medchal Malikajgiri,TS
2020-01-30,0.0,29.1,18.6,4.33,0.172,Medchal Malikajgiri,TS
2020-01-31,0.0,27.9,17.6,4.18,0.171,Medchal Malikajgiri,TS
2020-02-01,0.0,28.4,18.7,4.17,0.167,Medchal Malikajgiri,TS
2020-02-02,0.3,27.6,19.1,3.36,0.166,Medchal Malikajgiri,TS
2020-02-03,0.0,28.5,18.6,3.87,0.163,Medchal Malikajgiri,TS
2020-02-04,0.0,29.3,18.1,4.69,0.163,Medchal Malikajgiri,TS
2020-02-05,0.0,28.6,17.7,3.81,0.158,Medchal Malikajgiri,TS
2020-02-06,0.0,30.1,19.1,4.74,0.155,Medchal Malikajgiri,TS
2020-02-07,2.1,28.4,19.5,3.95,0.155,Medchal Malikajgiri,TS
2020-02-08,3.7,26.1,18.5,3.03,0.165,Medchal Malikajgiri,TS
2020-02-09,7.4,21.8,18.0,1.52,0.208,Medchal Malikajgiri,TS
2020-02-10,0.6,24.5,18.0,2.64,0.245,Medchal Malikajgiri,TS
2020-02-11,0.7,25.8,19.0,2.92,0.244,Medchal Malikajgiri,TS
2020-02-12,0.1,26.6,18.1,3.15,0.236,Medchal Malikajgiri,TS
2020-02-13,0.0,28.5,17.3,4.89,0.224,Medchal Malikajgiri,TS
2020-02-14,0.0,29.1,16.1,5.17,0.209,Medchal Malikajgiri,TS
2020-02-15,0.0,30.1,16.4,5.01,0.196,Medchal Malikajgiri,TS
2020-02-16,0.0,29.7,17.3,5.05,0.18,Medchal Malikajgiri,TS
2020-02-17,0.0,29.9,16.9,5.06,0.169,Medchal Malikajgiri,TS
2020-02-18,0.0,29.8,18.9,5.57,0.162,Medchal Malikajgiri,TS
2020-02-19,0.0,29.8,16.6,5.24,0.156,Medchal Malikajgiri,TS
2020-02-20,0.0,29.3,17.8,4.84,0.155,Medchal Malikajgiri,TS
2020-02-21,0.0,28.8,17.0,5.04,0.157,Medchal Malikajgiri,TS
2020-02-22,0.0,29.4,16.6,5.18,0.158,Medchal Malikajgiri,TS
2020-02-23,0.0,29.2,17.1,5.17,0.157,Medchal Malikajgiri,TS
2020-02-24,0.0,30.5,17.8,5.51,0.158,Medchal Malikajgiri,TS
2020-02-25,0.0,29.3,19.2,4.52,0.158,Medchal Malikajgiri,TS
2020-02-26,0.0,28.8,19.2,5.29,0.156,Medchal Malikajgiri,TS
2020-02-27,0.0,29.0,18.2,6.0,0.154,Medchal Malikajgiri,TS
2020-02-28,0.0,29.4,17.4,4.96,0.15,Medchal Malikajgiri,TS
2020-02-29,0.0,28.7,18.8,4.49,0.151,Medchal Malikajgiri,TS
2020-03-01,0.0,29.9,18.7,4.74,0.152,Medchal Malikajgiri,TS
2020-03-02,0.0,29.2,20.9,3.99,0.155,Medchal Malikajgiri,TS
2020-03-03,0.3,30.3,19.5,4.29,0.157,Medchal Malikajgiri,TS
2020-03-04,0.0,32.0,19.7,5.49,0.158,Medchal Malikajgiri,TS
2020-03-05,0.0,30.7,19.0,5.16,0.161,Medchal Malikajgiri,TS
2020-03-06,0.5,30.9,20.1,5.08,0.16,Medchal Malikajgiri,TS
2020-03-07,0.6,30.3,20.7,4.05,0.161,Medchal Malikajgiri,TS
2020-03-08,0.6,29.3,20.9,3.65,0.161,Medchal Malikajgiri,TS
2020-03-09,1.3,29.3,20.7,4.11,0.177,Medchal Malikajgiri,TS
2020-03-10,0.9,31.3,20.6,5.26,0.177,Medchal Malikajgiri,TS
2020-03-11,0.5,30.7,20.8,4.32,0.174,Medchal Malikajgiri,TS
2020-03-12,0.3,30.9,20.7,4.65,0.176,Medchal Malikajgiri,TS
2020-03-13,0.0,31.9,20.6,5.43,0.173,Medchal Malikajgiri,TS
2020-03-14,0.0,32.2,19.5,4.91,0.171,Medchal Malikajgiri,TS
2020-03-15,0.0,30.7,20.0,5.46,0.171,Medchal Malikajgiri,TS
2020-03-16,0.0,31.2,19.9,5.4,0.166,Medchal Malikajgiri,TS
2020-03-17,0.0,32.6,21.2,6.19,0.162,Medchal Malikajgiri,TS
2020-03-18,0.0,32.6,20.7,5.32,0.154,Medchal Malikajgiri,TS
2020-03-19,0.6,32.3,22.1,4.73,0.152,Medchal Malikajgiri,TS
2020-03-20,0.0,32.4,21.5,5.13,0.158,Medchal Malikajgiri,TS
2020-03-21,0.1,30.8,20.2,4.85,0.159,Medchal Malikajgiri,TS
2020-03-22,0.0,31.5,20.7,4.8,0.163,Medchal Malikajgiri,TS
2020-03-23,0.2,30.8,20.9,5.0,0.162,Medchal Malikajgiri,TS
2020-03-24,0.0,31.7,21.3,5.5,0.164,Medchal Malikajgiri,TS
2020-03-25,0.0,32.0,21.5,5.5,0.165,Medchal Malikajgiri,TS
2020-03-26,0.0,32.3,21.2,5.91,0.161,Medchal Malikajgiri,TS
2020-03-27,0.0,33.6,21.8,6.41,0.161,Medchal Malikajgiri,TS
2020-03-28,0.0,33.6,20.8,5.9,0.162,Medchal Malikajgiri,TS
2020-03-29,0.0,34.2,23.0,5.73,0.154,Medchal Malikajgiri,TS
2020-03-30,0.0,33.6,22.5,5.82,0.15,Medchal Malikajgiri,TS
2020-03-31,0.0,34.2,22.3,5.64,0.155,Medchal Malikajgiri,TS
2020-04-01,0.0,33.0,22.8,4.8,0.145,Medchal Malikajgiri,TS
2020-04-02,0.0,33.6,23.5,5.07,0.144,Medchal Malikajgiri,TS
2020-04-03,0.0,34.3,23.7,5.73,0.137,Medchal Malikajgiri,TS
2020-04-04,0.0,33.3,23.6,5.09,0.139,Medchal Malikajgiri,TS
2020-04-05,0.0,34.6,23.0,6.17,0.139,Medchal Malikajgiri,TS
2020-04-06,0.1,33.8,23.8,5.18,0.135,Medchal Malikajgiri,TS
2020-04-07,0.3,34.6,23.0,5.51,0.132,Medchal Malikajgiri,TS
2020-04-08,0.0,34.9,23.7,6.16,0.134,Medchal Malikajgiri,TS
2020-04-09,0.3,33.5,23.0,5.57,0.138,Medchal Malikajgiri,TS
2020-04-10,0.0,33.7,21.5,5.84,0.146,Medchal Malikajgiri,TS
2020-04-11,0.0,34.2,21.6,6.29,0.144,Medchal Malikajgiri,TS
2020-04-12,0.0,34.5,21.2,5.92,0.146,Medchal Malikajgiri,TS
2020-04-13,0.0,35.3,22.9,6.03,0.143,Medchal Malikajgiri,TS
2020-04-14,0.0,35.1,22.1,6.37,0.14,Medchal Malikajgiri,TS
2020-04-15,0.0,35.7,22.5,6.36,0.139,Medchal Malikajgiri,TS
2020-04-16,0.0,35.1,22.6,6.2,0.138,Medchal Malikajgiri,TS
2020-04-17,0.0,35.4,23.3,6.09,0.136,Medchal Malikajgiri,TS
2020-04-18,0.1,34.9,24.1,5.86,0.131,Medchal Malikajgiri,TS
2020-04-19,0.0,34.9,23.3,6.13,0.134,Medchal Malikajgiri,TS
2020-04-20,0.1,35.1,23.3,5.71,0.134,Medchal Malikajgiri,TS
2020-04-21,0.0,35.3,24.5,5.9,0.132,Medchal Malikajgiri,TS
2020-04-22,0.0,34.9,24.3,5.91,0.131,Medchal Malikajgiri,TS
2020-04-23,0.0,36.9,24.1,6.34,0.133,Medchal Malikajgiri,TS
2020-04-24,0.2,34.6,25.1,5.67,0.132,Medchal Malikajgiri,TS
2020-04-25,0.0,35.9,25.4,6.61,0.128,Medchal Malikajgiri,TS
2020-04-26,0.0,34.3,25.1,5.47,0.125,Medchal Malikajgiri,TS
2020-04-27,0.4,34.7,24.6,5.93,0.125,Medchal Malikajgiri,TS
2020-04-28,0.0,33.6,24.2,5.46,0.127,Medchal Malikajgiri,TS
2020-04-29,0.2,33.0,23.8,5.17,0.131,Medchal Malikajgiri,TS
2020-04-30,0.0,35.3,22.9,5.76,0.135,Medchal Malikajgiri,TS
2020-05-01,0.0,36.2,24.1,6.29,0.134,Medchal Malikajgiri,TS
2020-05-02,0.0,35.2,23.4,5.76,0.135,Medchal Malikajgiri,TS
2020-05-03,0.0,36.8,24.8,6.5,0.139,Medchal Malikajgiri,TS
2020-05-04,0.0,36.3,24.7,6.12,0.143,Medchal Malikajgiri,TS
2020-05-05,0.0,36.4,25.1,5.92,0.147,Medchal Malikajgiri,TS
2020-05-06,0.0,36.2,24.6,6.27,0.144,Medchal Malikajgiri,TS
2020-05-07,0.6,36.1,24.6,5.76,0.139,Medchal Malikajgiri,TS
2020-05-08,0.2,35.1,25.6,5.86,0.139,Medchal Malikajgiri,TS
2020-05-09,0.0,35.8,27.1,6.31,0.137,Medchal Malikajgiri,TS
2020-05-10,0.1,35.8,25.0,5.76,0.141,Medchal Malikajgiri,TS
2020-05-11,0.0,33.9,23.9,5.92,0.149,Medchal Malikajgiri,TS
2020-05-12,0.0,34.8,24.5,5.96,0.147,Medchal Malikajgiri,TS
2020-05-13,0.0,35.0,24.1,5.8,0.145,Medchal Malikajgiri,TS
2020-05-14,0.0,35.2,24.4,6.32,0.14,Medchal Malikajgiri,TS
2020-05-15,0.0,35.1,24.2,5.84,0.132,Medchal Malikajgiri,TS
2020-05-16,0.1,34.4,25.7,5.74,0.126,Medchal Malikajgiri,TS
2020-05-17,0.0,35.5,24.3,5.88,0.133,Medchal Malikajgiri,TS
2020-05-18,0.2,35.4,24.7,6.14,0.138,Medchal Malikajgiri,TS
2020-05-19,0.0,36.1,25.7,6.96,0.138,Medchal Malikajgiri,TS
2020-05-20,0.0,37.4,26.1,7.66,0.137,Medchal Malikajgiri,TS
2020-05-21,0.0,38.3,26.3,8.96,0.136,Medchal Malikajgiri,TS
2020-05-22,0.0,38.1,24.7,8.19,0.138,Medchal Malikajgiri,TS
2020-05-23,0.0,38.6,25.3,8.07,0.137,Medchal Malikajgiri,TS
2020-05-24,0.0,38.6,26.0,6.6,0.138,Medchal Malikajgiri,TS
2020-05-25,0.1,37.4,25.9,6.36,0.142,Medchal Malikajgiri,TS
2020-05-26,0.0,37.3,26.6,6.4,0.142,Medchal Malikajgiri,TS
2020-05-27,0.1,37.8,27.5,6.32,0.14,Medchal Malikajgiri,TS
2020-05-28,0.0,38.8,28.6,7.35,0.138,Medchal Malikajgiri,TS
2020-05-29,0.0,37.7,26.4,7.17,0.14,Medchal Malikajgiri,TS
2020-05-30,0.0,36.0,26.5,6.0,0.138,Medchal Malikajgiri,TS
2020-05-31,3.2,34.5,26.8,5.11,0.143,Medchal Malikajgiri,TS
2020-06-01,5.2,32.3,23.8,4.32,0.183,Medchal Malikajgiri,TS
2020-06-02,9.4,33.6,23.5,4.52,0.196,Medchal Malikajgiri,TS
2020-06-03,3.2,31.3,23.2,4.52,0.293,Medchal Malikajgiri,TS
2020-06-04,0.0,31.5,24.2,6.12,0.27,Medchal Malikajgiri,TS
2020-06-05,0.0,32.9,24.7,6.58,0.237,Medchal Malikajgiri,TS
2020-06-06,0.4,33.6,24.4,6.66,0.21,Medchal Malikajgiri,TS
2020-06-07,0.0,33.6,25.2,6.65,0.188,Medchal Malikajgiri,TS
2020-06-08,0.2,34.8,25.6,7.08,0.172,Medchal Malikajgiri,TS
2020-06-09,0.4,35.0,26.0,6.71,0.161,Medchal Malikajgiri,TS
2020-06-10,10.5,31.8,24.1,4.61,0.3,Medchal Malikajgiri,TS
2020-06-11,19.5,26.0,23.1,1.75,0.378,Medchal Malikajgiri,TS
2020-06-12,64.1,25.7,22.7,1.93,0.388,Medchal Malikajgiri,TS
2020-06-13,0.1,29.5,23.2,3.78,0.339,Medchal Malikajgiri,TS
2020-06-14,0.7,30.9,23.7,4.72,0.314,Medchal Malikajgiri,TS
2020-06-15,3.0,29.7,24.3,4.14,0.305,Medchal Malikajgiri,TS
2020-06-16,18.9,28.8,23.7,3.38,0.342,Medchal Malikajgiri,TS
2020-06-17,15.0,27.0,22.9,2.35,0.393,Medchal Malikajgiri,TS
2020-06-18,2.5,28.1,23.1,2.8,0.371,Medchal Malikajgiri,TS
2020-06-19,2.1,29.8,23.1,4.16,0.376,Medchal Malikajgiri,TS
2020-06-20,0.3,31.0,24.1,5.37,0.344,Medchal Malikajgiri,TS
2020-06-21,5.3,26.2,23.6,1.86,0.359,Medchal Malikajgiri,TS
2020-06-22,0.7,28.1,23.3,3.15,0.348,Medchal Malikajgiri,TS
2020-06-23,0.2,31.5,23.2,5.4,0.319,Medchal Malikajgiri,TS
2020-06-24,2.7,31.0,23.3,4.7,0.295,Medchal Malikajgiri,TS
2020-06-25,4.4,32.1,23.5,5.42,0.271,Medchal Malikajgiri,TS
2020-06-26,0.1,32.2,23.4,5.29,0.247,Medchal Malikajgiri,TS
2020-06-27,13.3,31.6,24.3,4.58,0.251,Medchal Malikajgiri,TS
2020-06-28,14.0,30.9,23.8,4.13,0.377,Medchal Malikajgiri,TS
2020-06-29,21.2,30.6,23.3,4.0,0.378,Medchal Malikajgiri,TS
2020-06-30,1.4,30.1,23.0,3.74,0.356,Medchal Malikajgiri,TS
2020-07-01,1.2,30.9,23.2,4.77,0.343,Medchal Malikajgiri,TS
2020-07-02,3.5,30.0,23.2,3.92,0.343,Medchal Malikajgiri,TS
2020-07-03,2.1,30.4,23.0,4.42,0.339,Medchal Malikajgiri,TS
2020-07-04,13.3,25.9,22.5,1.66,0.389,Medchal Malikajgiri,TS
2020-07-05,49.3,24.1,22.4,1.26,0.419,Medchal Malikajgiri,TS
2020-07-06,5.1,25.5,22.8,1.54,0.401,Medchal Malikajgiri,TS
2020-07-07,0.7,29.8,23.1,3.74,0.365,Medchal Malikajgiri,TS
2020-07-08,0.4,29.6,23.1,4.44,0.337,Medchal Malikajgiri,TS
2020-07-09,17.2,27.2,22.8,1.81,0.38,Medchal Malikajgiri,TS
2020-07-10,1.8,26.6,22.9,2.41,0.365,Medchal Malikajgiri,TS
2020-07-11,0.0,29.1,22.4,3.93,0.373,Medchal Malikajgiri,TS
2020-07-12,0.5,29.6,23.2,4.21,0.346,Medchal Malikajgiri,TS
2020-07-13,5.6,28.1,23.1,3.17,0.349,Medchal Malikajgiri,TS
2020-07-14,14.7,28.2,22.6,2.94,0.36,Medchal Malikajgiri,TS
2020-07-15,21.5,25.3,22.4,1.36,0.412,Medchal Malikajgiri,TS
2020-07-16,5.7,26.2,21.9,2.19,0.396,Medchal Malikajgiri,TS
2020-07-17,11.2,29.1,22.4,3.87,0.37,Medchal Malikajgiri,TS
2020-07-18,0.1,30.0,22.7,4.52,0.354,Medchal Malikajgiri,TS
2020-07-19,8.1,30.0,23.1,3.54,0.371,Medchal Malikajgiri,TS
2020-07-20,3.3,28.3,22.8,3.31,0.373,Medchal Malikajgiri,TS
2020-07-21,0.7,30.1,22.4,4.58,0.36,Medchal Malikajgiri,TS
2020-07-22,0.8,31.2,23.3,4.21,0.334,Medchal Malikajgiri,TS
2020-07-23,20.5,26.2,22.9,1.41,0.391,Medchal Malikajgiri,TS
2020-07-24,0.9,29.0,23.2,3.53,0.367,Medchal Malikajgiri,TS
2020-07-25,0.5,26.6,22.3,2.08,0.36,Medchal Malikajgiri,TS
2020-07-26,0.0,30.6,22.1,5.24,0.333,Medchal Malikajgiri,TS
2020-07-27,4.0,30.4,22.6,5.11,0.314,Medchal Malikajgiri,TS
2020-07-28,6.0,29.9,22.8,4.05,0.336,Medchal Malikajgiri,TS
2020-07-29,10.1,29.8,22.4,4.11,0.339,Medchal Malikajgiri,TS
2020-07-30,0.7,30.2,21.5,4.61,0.352,Medchal Malikajgiri,TS
2020-07-31,4.1,30.3,23.2,4.45,0.341,Medchal Malikajgiri,TS
2020-08-01,5.5,30.9,22.5,4.43,0.358,Medchal Malikajgiri,TS
2020-08-02,3.4,30.5,23.0,4.7,0.355,Medchal Malikajgiri,TS
2020-08-03,2.3,28.6,23.0,3.56,0.362,Medchal Malikajgiri,TS
2020-08-04,6.3,24.9,23.0,2.17,0.366,Medchal Malikajgiri,TS
2020-08-05,14.4,26.9,22.3,2.84,0.383,Medchal Malikajgiri,TS
2020-08-06,2.5,28.4,22.3,4.19,0.384,Medchal Malikajgiri,TS
2020-08-07,0.5,29.4,22.8,4.68,0.358,Medchal Malikajgiri,TS
2020-08-08,1.2,29.1,23.1,4.04,0.342,Medchal Malikajgiri,TS
2020-08-09,7.5,28.9,23.1,4.07,0.345,Medchal Malikajgiri,TS
2020-08-10,11.8,25.8,22.5,2.02,0.395,Medchal Malikajgiri,TS
2020-08-11,2.3,28.1,22.2,3.73,0.379,Medchal Malikajgiri,TS
2020-08-12,6.5,25.7,23.0,2.24,0.376,Medchal Malikajgiri,TS
2020-08-13,28.9,23.6,22.1,1.29,0.416,Medchal Malikajgiri,TS
2020-08-14,16.7,23.9,21.5,1.67,0.425,Medchal Malikajgiri,TS
2020-08-15,28.3,23.4,21.5,1.26,0.428,Medchal Malikajgiri,TS
2020-08-16,20.3,23.7,21.8,1.32,0.427,Medchal Malikajgiri,TS
2020-08-17,8.7,27.0,22.1,2.41,0.42,Medchal Malikajgiri,TS
2020-08-18,2.8,25.8,22.3,1.85,0.405,Medchal Malikajgiri,TS
2020-08-19,31.1,24.7,22.2,1.36,0.42,Medchal Malikajgiri,TS
2020-08-20,38.5,23.4,22.0,1.08,0.429,Medchal Malikajgiri,TS
2020-08-21,8.4,25.7,22.0,1.9,0.425,Medchal Malikajgiri,TS
2020-08-22,0.8,28.8,22.4,3.52,0.411,Medchal Malikajgiri,TS
2020-08-23,0.9,29.0,21.9,3.98,0.394,Medchal Malikajgiri,TS
2020-08-24,0.3,28.6,22.5,4.28,0.381,Medchal Malikajgiri,TS
2020-08-25,0.1,29.5,22.7,4.95,0.368,Medchal Malikajgiri,TS
2020-08-26,0.7,28.9,23.0,3.97,0.359,Medchal Malikajgiri,TS
2020-08-27,5.6,25.2,22.9,1.84,0.374,Medchal Malikajgiri,TS
2020-08-28,0.3,27.7,21.7,3.7,0.366,Medchal Malikajgiri,TS
2020-08-29,0.0,28.9,22.3,4.43,0.348,Medchal Malikajgiri,TS
2020-08-30,0.0,29.3,22.0,4.6,0.331,Medchal Malikajgiri,TS
2020-08-31,0.0,30.0,22.2,5.1,0.319,Medchal Malikajgiri,TS
2020-09-01,0.8,29.7,23.0,4.34,0.308,Medchal Malikajgiri,TS
2020-09-02,3.4,29.2,23.3,3.67,0.308,Medchal Malikajgiri,TS
2020-09-03,0.4,29.3,21.6,4.29,0.308,Medchal Malikajgiri,TS
2020-09-04,0.0,29.9,23.0,4.41,0.29,Medchal Malikajgiri,TS
2020-09-05,0.2,30.5,22.3,4.72,0.277,Medchal Malikajgiri,TS
2020-09-06,1.8,30.3,23.0,4.76,0.262,Medchal Malikajgiri,TS
2020-09-07,0.6,29.9,22.8,4.4,0.291,Medchal Malikajgiri,TS
2020-09-08,1.4,31.0,22.8,4.68,0.289,Medchal Malikajgiri,TS
2020-09-09,4.1,30.5,22.6,4.33,0.289,Medchal Malikajgiri,TS
2020-09-10,2.5,30.4,22.9,4.29,0.296,Medchal Malikajgiri,TS
2020-09-11,6.3,29.5,22.8,3.39,0.337,Medchal Malikajgiri,TS
2020-09-12,2.4,28.9,22.2,3.64,0.34,Medchal Malikajgiri,TS
2020-09-13,7.7,27.4,22.6,2.53,0.345,Medchal Malikajgiri,TS
2020-09-14,16.0,26.9,22.1,2.25,0.395,Medchal Malikajgiri,TS
2020-09-15,31.3,28.4,21.9,2.97,0.422,Medchal Malikajgiri,TS
2020-09-16,7.3,27.2,22.1,2.48,0.417,Medchal Malikajgiri,TS
2020-09-17,7.4,29.1,21.9,3.4,0.414,Medchal Malikajgiri,TS
2020-09-18,7.1,30.0,22.4,3.52,0.41,Medchal Malikajgiri,TS
2020-09-19,12.4,29.2,22.5,3.08,0.412,Medchal Malikajgiri,TS
2020-09-20,16.0,29.4,22.1,3.31,0.42,Medchal Malikajgiri,TS
2020-09-21,3.0,27.6,22.3,3.07,0.402,Medchal Malikajgiri,TS
2020-09-22,2.1,28.8,22.6,3.67,0.394,Medchal Malikajgiri,TS
2020-09-23,0.0,28.2,22.2,3.57,0.387,Medchal Malikajgiri,TS
2020-09-24,0.0,28.3,22.2,3.3,0.369,Medchal Malikajgiri,TS
2020-09-25,18.3,28.0,22.7,2.81,0.381,Medchal Malikajgiri,TS
2020-09-26,18.8,25.2,21.9,1.74,0.422,Medchal Malikajgiri,TS
2020-09-27,1.4,27.7,21.4,3.44,0.403,Medchal Malikajgiri,TS
2020-09-28,1.6,28.8,21.2,4.1,0.382,Medchal Malikajgiri,TS
2020-09-29,9.7,28.8,22.1,3.68,0.387,Medchal Malikajgiri,TS
2020-09-30,12.4,28.7,22.2,3.36,0.388,Medchal Malikajgiri,TS
2020-10-01,7.4,27.5,22.7,2.28,0.379,Medchal Malikajgiri,TS
2020-10-02,0.0,30.1,22.2,4.81,0.351,Medchal Malikajgiri,TS
2020-10-03,0.0,31.2,23.1,5.3,0.334,Medchal Malikajgiri,TS
2020-10-04,0.0,29.9,22.6,4.58,0.319,Medchal Malikajgiri,TS
2020-10-05,0.0,29.8,22.3,5.04,0.306,Medchal Malikajgiri,TS
2020-10-06,0.0,30.5,22.0,5.05,0.291,Medchal Malikajgiri,TS
2020-10-07,0.0,27.4,21.8,3.39,0.281,Medchal Malikajgiri,TS
2020-10-08,2.1,28.4,21.1,3.37,0.283,Medchal Malikajgiri,TS
2020-10-09,6.8,28.6,22.2,3.27,0.326,Medchal Malikajgiri,TS
2020-10-10,6.8,29.3,22.1,2.98,0.334,Medchal Malikajgiri,TS
2020-10-11,33.7,26.6,21.7,1.61,0.395,Medchal Malikajgiri,TS
2020-10-12,8.1,26.2,22.0,1.98,0.416,Medchal Malikajgiri,TS
2020-10-13,79.5,23.8,21.9,0.83,0.429,Medchal Malikajgiri,TS
2020-10-14,16.4,27.1,22.1,2.51,0.424,Medchal Malikajgiri,TS
2020-10-15,1.7,27.7,21.9,2.99,0.412,Medchal Malikajgiri,TS
2020-10-16,0.2,29.0,21.7,3.9,0.396,Medchal Malikajgiri,TS
2020-10-17,2.2,28.9,21.2,3.51,0.387,Medchal Malikajgiri,TS
2020-10-18,3.0,28.6,21.7,3.31,0.384,Medchal Malikajgiri,TS
2020-10-19,1.0,28.9,21.7,3.51,0.365,Medchal Malikajgiri,TS
2020-10-20,8.0,27.6,22.1,2.11,0.397,Medchal Malikajgiri,TS
2020-10-21,4.3,27.7,22.2,2.44,0.402,Medchal Malikajgiri,TS
2020-10-22,0.0,29.4,21.6,4.47,0.382,Medchal Malikajgiri,TS
2020-10-23,0.0,29.8,20.2,4.7,0.367,Medchal Malikajgiri,TS
2020-10-24,0.0,30.3,20.0,4.55,0.353,Medchal Malikajgiri,TS
2020-10-25,0.3,29.0,21.6,4.22,0.339,Medchal Malikajgiri,TS
2020-10-26,0.0,28.9,20.9,4.45,0.324,Medchal Malikajgiri,TS
2020-10-27,0.2,28.0,20.1,4.33,0.305,Medchal Malikajgiri,TS
2020-10-28,0.0,28.8,19.5,4.55,0.291,Medchal Malikajgiri,TS
2020-10-29,0.0,28.4,18.6,4.18,0.279,Medchal Malikajgiri,TS
2020-10-30,0.0,27.9,21.8,3.61,0.264,Medchal Malikajgiri,TS
2020-10-31,0.0,28.6,20.7,4.87,0.253,Medchal Malikajgiri,TS
2020-11-01,0.0,29.0,20.2,4.98,0.241,Medchal Malikajgiri,TS
2020-11-02,0.0,29.6,20.3,4.96,0.229,Medchal Malikajgiri,TS
2020-11-03,0.0,29.3,21.1,4.82,0.218,Medchal Malikajgiri,TS
2020-11-04,0.0,28.9,20.1,5.24,0.209,Medchal Malikajgiri,TS
2020-11-05,0.0,28.9,18.5,5.32,0.201,Medchal Malikajgiri,TS
2020-11-06,0.0,28.9,17.8,4.56,0.197,Medchal Malikajgiri,TS
2020-11-07,0.0,29.4,20.3,4.23,0.191,Medchal Malikajgiri,TS
2020-11-08,0.0,28.7,18.2,5.2,0.185,Medchal Malikajgiri,TS
2020-11-09,0.0,27.4,16.8,5.26,0.182,Medchal Malikajgiri,TS
2020-11-10,0.0,27.1,16.3,5.11,0.18,Medchal Malikajgiri,TS
2020-11-11,0.0,28.2,16.5,4.94,0.178,Medchal Malikajgiri,TS
2020-11-12,1.0,27.2,19.6,3.24,0.179,Medchal Malikajgiri,TS
2020-11-13,0.0,28.6,20.3,3.9,0.18,Medchal Malikajgiri,TS
2020-11-14,0.0,29.4,18.4,4.46,0.18,Medchal Malikajgiri,TS
2020-11-15,0.0,28.9,18.0,4.17,0.178,Medchal Malikajgiri,TS
2020-11-16,0.0,27.8,20.2,3.93,0.175,Medchal Malikajgiri,TS
2020-11-17,0.0,29.2,18.9,4.67,0.169,Medchal Malikajgiri,TS
2020-11-18,0.0,29.3,18.9,4.01,0.165,Medchal Malikajgiri,TS
2020-11-19,0.0,28.9,21.0,3.83,0.165,Medchal Malikajgiri,TS
2020-11-20,0.0,29.7,17.6,4.28,0.165,Medchal Malikajgiri,TS
2020-11-21,0.0,29.5,18.8,4.01,0.162,Medchal Malikajgiri,TS
2020-11-22,0.4,28.0,19.6,3.41,0.159,Medchal Malikajgiri,TS
2020-11-23,0.0,28.6,18.6,4.46,0.16,Medchal Malikajgiri,TS
2020-11-24,0.0,27.8,18.0,4.86,0.162,Medchal Malikajgiri,TS
2020-11-25,0.0,27.6,17.4,4.73,0.17,Medchal Malikajgiri,TS
2020-11-26,3.3,25.7,19.0,2.58,0.174,Medchal Malikajgiri,TS
2020-11-27,10.5,19.8,17.6,1.13,0.262,Medchal Malikajgiri,TS
2020-11-28,4.1,25.0,17.3,2.16,0.342,Medchal Malikajgiri,TS
2020-11-29,0.0,26.4,19.0,2.93,0.313,Medchal Malikajgiri,TS
2020-11-30,0.0,27.0,17.9,3.21,0.291,Medchal Malikajgiri,TS
2020-12-01,0.0,26.9,17.3,3.49,0.276,Medchal Malikajgiri,TS
2020-12-02,0.0,27.2,15.9,4.13,0.26,Medchal Malikajgiri,TS
2020-12-03,0.0,27.8,16.2,4.18,0.247,Medchal Malikajgiri,TS
2020-12-04,0.0,27.6,17.0,4.4,0.237,Medchal Malikajgiri,TS
2020-12-05,0.0,27.3,15.4,4.37,0.227,Medchal Malikajgiri,TS
2020-12-06,0.0,27.2,14.9,4.16,0.218,Medchal Malikajgiri,TS
2020-12-07,0.0,27.7,15.4,4.05,0.209,Medchal Malikajgiri,TS
2020-12-08,0.0,27.2,16.9,4.24,0.202,Medchal Malikajgiri,TS
2020-12-09,0.0,27.1,16.9,4.27,0.192,Medchal Malikajgiri,TS
2020-12-10,0.0,27.2,15.6,4.04,0.182,Medchal Malikajgiri,TS
2020-12-11,0.0,27.8,15.1,4.04,0.171,Medchal Malikajgiri,TS
2020-12-12,0.0,27.5,15.4,3.91,0.166,Medchal Malikajgiri,TS
2020-12-13,0.0,27.2,15.0,3.86,0.162,Medchal Malikajgiri,TS
2020-12-14,0.0,27.7,14.9,4.11,0.157,Medchal Malikajgiri,TS
2020-12-15,0.0,26.9,14.8,3.82,0.154,Medchal Malikajgiri,TS
2020-12-16,0.0,27.2,17.1,3.63,0.153,Medchal Malikajgiri,TS
2020-12-17,0.0,27.9,16.1,3.39,0.154,Medchal Malikajgiri,TS
2020-12-18,0.0,27.6,18.3,4.09,0.156,Medchal Malikajgiri,TS
2020-12-19,0.0,26.7,17.1,4.43,0.158,Medchal Malikajgiri,TS
2020-12-20,0.0,26.4,16.0,4.71,0.159,Medchal Malikajgiri,TS
2020-12-21,0.0,26.0,14.6,4.75,0.162,Medchal Malikajgiri,TS
2020-12-22,0.0,25.9,12.5,4.15,0.16,Medchal Malikajgiri,TS
2020-12-23,0.0,26.0,13.8,4.01,0.158,Medchal Malikajgiri,TS
2020-12-24,0.0,26.2,13.6,3.79,0.156,Medchal Malikajgiri,TS
2020-12-25,0.0,25.7,14.1,3.63,0.158,Medchal Malikajgiri,TS
2020-12-26,0.0,26.3,14.8,3.73,0.161,Medchal Malikajgiri,TS
2020-12-27,0.0,27.1,15.6,3.85,0.16,Medchal Malikajgiri,TS
2020-12-28,0.0,27.4,14.4,3.95,0.158,Medchal Malikajgiri,TS
2020-12-29,0.0,27.3,15.0,4.06,0.155,Medchal Malikajgiri,TS
2020-12-30,0.0,26.7,14.7,3.79,0.154,Medchal Malikajgiri,TS
2020-12-31,0.0,25.7,16.7,3.03,0.157,Medchal Malikajgiri,TS
2021-01-01,0.0,26.0,17.5,3.46,0.166,Medchal Malikajgiri,TS
2021-01-02,0.0,25.4,13.6,3.69,0.177,Medchal Malikajgiri,TS
2021-01-03,0.0,25.6,13.2,3.69,0.181,Medchal Malikajgiri,TS
2021-01-04,0.0,25.6,15.3,4.08,0.185,Medchal Malikajgiri,TS
2021-01-05,0.0,26.3,15.3,3.59,0.185,Medchal Malikajgiri,TS
2021-01-06,0.9,24.2,19.4,1.55,0.183,Medchal Malikajgiri,TS
2021-01-07,4.9,24.7,18.2,2.11,0.214,Medchal Malikajgiri,TS
2021-01-08,0.0,28.4,17.3,3.72,0.208,Medchal Malikajgiri,TS
2021-01-09,0.0,26.9,17.6,3.87,0.202,Medchal Malikajgiri,TS
2021-01-10,0.0,27.9,16.7,4.12,0.198,Medchal Malikajgiri,TS
2021-01-11,0.0,29.0,17.7,4.17,0.193,Medchal Malikajgiri,TS
2021-01-12,0.0,29.0,17.8,3.87,0.191,Medchal Malikajgiri,TS
2021-01-13,0.0,28.3,16.3,4.02,0.186,Medchal Malikajgiri,TS
2021-01-14,0.0,27.8,16.6,4.04,0.182,Medchal Malikajgiri,TS
2021-01-15,0.0,27.4,16.1,4.0,0.177,Medchal Malikajgiri,TS
2021-01-16,0.0,27.7,15.9,3.84,0.176,Medchal Malikajgiri,TS
2021-01-17,0.0,27.4,16.6,3.96,0.18,Medchal Malikajgiri,TS
2021-01-18,0.0,26.6,15.9,3.63,0.18,Medchal Malikajgiri,TS
2021-01-19,0.0,27.6,14.7,4.02,0.18,Medchal Malikajgiri,TS
2021-01-20,0.0,28.6,15.3,4.26,0.179,Medchal Malikajgiri,TS
2021-01-21,0.0,29.1,15.8,4.2,0.179,Medchal Malikajgiri,TS
2021-01-22,0.0,28.7,18.4,4.09,0.184,Medchal Malikajgiri,TS
2021-01-23,0.0,28.7,17.0,4.2,0.184,Medchal Malikajgiri,TS
2021-01-24,0.0,28.6,15.8,4.12,0.183,Medchal Malikajgiri,TS
2021-01-25,0.0,29.0,16.2,4.34,0.182,Medchal Malikajgiri,TS
2021-01-26,0.0,28.8,17.1,4.24,0.181,Medchal Malikajgiri,TS
2021-01-27,0.0,28.5,16.7,4.21,0.176,Medchal Malikajgiri,TS
2021-01-28,0.0,27.8,16.6,4.24,0.172,Medchal Malikajgiri,TS
2021-01-29,0.0,28.2,16.6,4.29,0.172,Medchal Malikajgiri,TS
2021-01-30,0.0,27.2,16.4,3.37,0.169,Medchal Malikajgiri,TS
2021-01-31,0.0,27.2,18.5,3.54,0.167,Medchal Malikajgiri,TS
2021-02-01,0.0,26.8,17.9,3.89,0.178,Medchal Malikajgiri,TS
2021-02-02,0.0,27.2,16.3,4.69,0.177,Medchal Malikajgiri,TS
2021-02-03,0.0,27.2,15.6,4.6,0.176,Medchal Malikajgiri,TS
2021-02-04,0.0,26.8,14.8,4.69,0.178,Medchal Malikajgiri,TS
2021-02-05,0.0,27.3,13.7,4.59,0.173,Medchal Malikajgiri,TS
2021-02-06,0.0,27.8,15.3,4.54,0.169,Medchal Malikajgiri,TS
2021-02-07,0.0,26.6,15.1,4.85,0.173,Medchal Malikajgiri,TS
2021-02-08,0.0,26.5,15.6,5.14,0.173,Medchal Malikajgiri,TS
2021-02-09,0.0,27.5,14.8,4.64,0.171,Medchal Malikajgiri,TS
2021-02-10,0.0,28.1,14.1,4.74,0.166,Medchal Malikajgiri,TS
2021-02-11,0.0,29.1,14.8,4.98,0.163,Medchal Malikajgiri,TS
2021-02-12,0.0,28.3,15.0,4.74,0.16,Medchal Malikajgiri,TS
2021-02-13,0.0,28.5,15.5,4.92,0.154,Medchal Malikajgiri,TS
2021-02-14,0.0,29.0,14.9,4.91,0.151,Medchal Malikajgiri,TS
2021-02-15,0.0,29.8,16.6,5.01,0.148,Medchal Malikajgiri,TS
2021-02-16,0.0,30.2,17.7,5.57,0.144,Medchal Malikajgiri,TS
2021-02-17,0.0,29.8,17.4,5.53,0.142,Medchal Malikajgiri,TS
2021-02-18,0.0,28.0,16.8,5.21,0.14,Medchal Malikajgiri,TS
2021-02-19,0.7,26.4,17.4,4.09,0.138,Medchal Malikajgiri,TS
2021-02-20,0.0,27.3,17.3,4.02,0.139,Medchal Malikajgiri,TS
2021-02-21,0.0,26.5,17.3,4.08,0.134,Medchal Malikajgiri,TS
2021-02-22,0.0,29.7,17.4,4.75,0.13,Medchal Malikajgiri,TS
2021-02-23,0.0,30.5,17.4,5.27,0.137,Medchal Malikajgiri,TS
2021-02-24,0.0,30.8,17.3,5.45,0.138,Medchal Malikajgiri,TS
2021-02-25,0.0,31.6,16.6,5.64,0.142,Medchal Malikajgiri,TS
2021-02-26,0.0,31.9,17.4,5.79,0.137,Medchal Malikajgiri,TS
2021-02-27,0.0,32.5,20.1,5.54,0.145,Medchal Malikajgiri,TS
2021-02-28,0.0,32.8,18.9,5.58,0.146,Medchal Malikajgiri,TS
2021-03-01,0.0,32.6,19.5,5.23,0.148,Medchal Malikajgiri,TS
2021-03-02,0.0,32.7,19.4,5.66,0.149,Medchal Malikajgiri,TS
2021-03-03,0.0,32.6,19.0,6.02,0.145,Medchal Malikajgiri,TS
2021-03-04,0.0,32.2,19.4,6.11,0.14,Medchal Malikajgiri,TS
2021-03-05,0.0,32.9,17.1,6.15,0.137,Medchal Malikajgiri,TS
2021-03-06,0.0,33.0,17.7,6.3,0.136,Medchal Malikajgiri,TS
2021-03-07,0.0,33.1,18.1,6.26,0.134,Medchal Malikajgiri,TS
2021-03-08,0.0,33.0,18.5,6.49,0.132,Medchal Malikajgiri,TS
2021-03-09,0.0,32.9,18.0,6.22,0.131,Medchal Malikajgiri,TS
2021-03-10,0.0,33.2,18.2,6.47,0.13,Medchal Malikajgiri,TS
2021-03-11,0.0,33.4,18.8,6.79,0.13,Medchal Malikajgiri,TS
2021-03-12,0.0,33.0,17.8,6.63,0.134,Medchal Malikajgiri,TS
2021-03-13,0.0,32.2,16.9,6.49,0.135,Medchal Malikajgiri,TS
2021-03-14,0.0,32.7,17.7,6.49,0.133,Medchal Malikajgiri,TS
2021-03-15,0.0,33.3,17.9,6.47,0.124,Medchal Malikajgiri,TS
2021-03-16,0.0,33.8,19.3,6.2,0.127,Medchal Malikajgiri,TS
2021-03-17,0.0,34.1,20.3,5.74,0.128,Medchal Malikajgiri,TS
2021-03-18,0.0,33.6,20.3,6.14,0.126,Medchal Malikajgiri,TS
2021-03-19,0.0,34.0,20.8,6.27,0.125,Medchal Malikajgiri,TS
2021-03-20,0.0,33.4,20.7,6.36,0.124,Medchal Malikajgiri,TS
2021-03-21,0.0,34.1,20.7,6.24,0.124,Medchal Malikajgiri,TS
2021-03-22,0.0,34.2,21.2,5.89,0.123,Medchal Malikajgiri,TS
2021-03-23,0.0,33.5,23.0,6.62,0.117,Medchal Malikajgiri,TS
2021-03-24,0.0,34.3,22.3,6.0,0.125,Medchal Malikajgiri,TS
2021-03-25,0.0,34.7,23.3,6.02,0.123,Medchal Malikajgiri,TS
2021-03-26,0.0,35.6,22.0,6.34,0.122,Medchal Malikajgiri,TS
2021-03-27,0.0,35.9,22.4,6.58,0.12,Medchal Malikajgiri,TS
2021-03-28,0.0,35.9,22.6,6.38,0.121,Medchal Malikajgiri,TS
2021-03-29,0.0,36.7,21.4,6.64,0.121,Medchal Malikajgiri,TS
2021-03-30,0.0,37.0,23.7,7.85,0.13,Medchal Malikajgiri,TS
2021-03-31,0.0,37.2,24.4,8.47,0.135,Medchal Malikajgiri,TS
2021-04-01,0.0,36.6,22.1,7.89,0.131,Medchal Malikajgiri,TS
2021-04-02,0.0,36.3,22.0,7.31,0.129,Medchal Malikajgiri,TS
2021-04-03,0.0,37.3,22.6,6.43,0.127,Medchal Malikajgiri,TS
2021-04-04,0.0,35.7,22.8,6.21,0.123,Medchal Malikajgiri,TS
2021-04-05,0.0,35.5,23.2,6.55,0.123,Medchal Malikajgiri,TS
2021-04-06,0.0,36.6,21.5,7.1,0.124,Medchal Malikajgiri,TS
2021-04-07,0.0,35.2,21.9,5.32,0.123,Medchal Malikajgiri,TS
2021-04-08,0.0,35.7,23.6,5.34,0.123,Medchal Malikajgiri,TS
2021-04-09,0.0,35.0,22.9,5.5,0.13,Medchal Malikajgiri,TS
2021-04-10,0.1,34.9,24.3,6.48,0.129,Medchal Malikajgiri,TS
2021-04-11,0.0,34.5,22.3,6.1,0.131,Medchal Malikajgiri,TS
2021-04-12,1.2,33.8,22.7,5.26,0.141,Medchal Malikajgiri,TS
2021-04-13,3.6,33.0,22.7,5.17,0.148,Medchal Malikajgiri,TS
2021-04-14,1.4,31.4,21.2,3.43,0.158,Medchal Malikajgiri,TS
2021-04-15,0.0,32.6,20.3,5.59,0.15,Medchal Malikajgiri,TS
2021-04-16,0.0,34.1,20.5,6.32,0.149,Medchal Malikajgiri,TS
2021-04-17,0.0,34.3,21.9,6.07,0.15,Medchal Malikajgiri,TS
2021-04-18,0.0,34.4,22.8,5.38,0.148,Medchal Malikajgiri,TS
2021-04-19,0.0,34.8,23.0,5.81,0.146,Medchal Malikajgiri,TS
2021-04-20,0.0,34.7,24.6,5.98,0.146,Medchal Malikajgiri,TS
2021-04-21,0.0,35.3,24.0,5.89,0.146,Medchal Malikajgiri,TS
2021-04-22,0.0,33.9,22.4,5.51,0.144,Medchal Malikajgiri,TS
2021-04-23,0.0,34.5,23.2,5.59,0.145,Medchal Malikajgiri,TS
2021-04-24,0.0,34.6,22.6,6.01,0.146,Medchal Malikajgiri,TS
2021-04-25,0.0,35.1,23.0,6.21,0.146,Medchal Malikajgiri,TS
2021-04-26,0.0,34.5,24.1,5.86,0.146,Medchal Malikajgiri,TS
2021-04-27,0.0,35.3,23.6,6.01,0.144,Medchal Malikajgiri,TS
2021-04-28,0.0,35.8,22.9,6.05,0.138,Medchal Malikajgiri,TS
2021-04-29,0.0,35.5,23.2,5.39,0.126,Medchal Malikajgiri,TS
2021-04-30,0.0,35.4,22.2,6.33,0.131,Medchal Malikajgiri,TS
2021-05-01,0.0,35.3,23.5,6.59,0.138,Medchal Malikajgiri,TS
2021-05-02,0.0,34.1,22.3,6.17,0.139,Medchal Malikajgiri,TS
2021-05-03,0.0,33.8,23.1,5.78,0.139,Medchal Malikajgiri,TS
2021-05-04,0.0,33.5,22.9,5.23,0.14,Medchal Malikajgiri,TS
2021-05-05,0.0,34.7,23.9,5.89,0.14,Medchal Malikajgiri,TS
2021-05-06,0.0,34.2,24.6,6.09,0.138,Medchal Malikajgiri,TS
2021-05-07,0.0,34.2,23.5,5.69,0.136,Medchal Malikajgiri,TS
2021-05-08,0.0,34.1,24.5,5.82,0.14,Medchal Malikajgiri,TS
2021-05-09,0.0,34.6,24.8,5.71,0.138,Medchal Malikajgiri,TS
2021-05-10,0.2,34.4,25.1,5.28,0.133,Medchal Malikajgiri,TS
2021-05-11,0.9,35.1,25.5,5.51,0.143,Medchal Malikajgiri,TS
2021-05-12,0.0,36.6,24.5,6.38,0.154,Medchal Malikajgiri,TS
2021-05-13,0.0,35.1,26.6,6.17,0.152,Medchal Malikajgiri,TS
2021-05-14,0.6,33.7,26.1,5.5,0.15,Medchal Malikajgiri,TS
2021-05-15,0.4,33.9,24.3,6.1,0.15,Medchal Malikajgiri,TS
2021-05-16,10.1,31.3,23.5,4.27,0.161,Medchal Malikajgiri,TS
2021-05-17,1.3,32.6,23.4,5.41,0.264,Medchal Malikajgiri,TS
2021-05-18,1.8,33.1,23.3,5.71,0.259,Medchal Malikajgiri,TS
2021-05-19,0.1,33.9,24.8,6.23,0.23,Medchal Malikajgiri,TS
2021-05-20,0.4,33.5,23.8,5.76,0.242,Medchal Malikajgiri,TS
2021-05-21,0.0,35.0,24.6,6.28,0.223,Medchal Malikajgiri,TS
2021-05-22,0.0,35.3,24.0,5.96,0.204,Medchal Malikajgiri,TS
2021-05-23,0.0,35.7,25.7,6.8,0.19,Medchal Malikajgiri,TS
2021-05-24,0.0,36.3,25.0,7.06,0.177,Medchal Malikajgiri,TS
2021-05-25,0.0,36.2,25.9,8.03,0.166,Medchal Malikajgiri,TS
2021-05-26,0.0,36.2,26.2,8.34,0.157,Medchal Malikajgiri,TS
2021-05-27,0.0,34.4,25.8,8.2,0.154,Medchal Malikajgiri,TS
2021-05-28,0.6,33.8,25.1,6.76,0.159,Medchal Malikajgiri,TS
2021-05-29,0.7,36.0,25.1,6.09,0.151,Medchal Malikajgiri,TS
2021-05-30,0.1,35.3,24.7,6.3,0.14,Medchal Malikajgiri,TS
2021-05-31,0.9,35.8,26.6,6.18,0.126,Medchal Malikajgiri,TS
2021-06-01,1.5,35.1,25.1,5.71,0.122,Medchal Malikajgiri,TS
2021-06-02,14.9,32.3,23.7,4.22,0.192,Medchal Malikajgiri,TS
2021-06-03,1.8,31.0,23.7,3.26,0.246,Medchal Malikajgiri,TS
2021-06-04,0.1,32.1,22.5,4.27,0.254,Medchal Malikajgiri,TS
2021-06-05,0.6,32.0,23.2,4.86,0.232,Medchal Malikajgiri,TS
2021-06-06,2.7,31.9,22.8,5.07,0.223,Medchal Malikajgiri,TS
2021-06-07,2.1,32.2,24.0,5.32,0.207,Medchal Malikajgiri,TS
2021-06-08,2.4,32.9,24.0,6.01,0.203,Medchal Malikajgiri,TS
2021-06-09,9.5,29.8,23.2,3.59,0.245,Medchal Malikajgiri,TS
2021-06-10,1.2,30.6,22.8,5.05,0.261,Medchal Malikajgiri,TS
2021-06-11,2.6,28.5,22.2,3.51,0.297,Medchal Malikajgiri,TS
2021-06-12,2.6,31.9,22.7,5.33,0.275,Medchal Malikajgiri,TS
2021-06-13,3.1,31.2,23.2,4.29,0.259,Medchal Malikajgiri,TS
2021-06-14,11.3,29.7,22.6,3.26,0.296,Medchal Malikajgiri,TS
2021-06-15,0.5,31.0,23.6,4.65,0.25,Medchal Malikajgiri,TS
2021-06-16,2.1,27.5,23.0,2.96,0.239,Medchal Malikajgiri,TS
2021-06-17,5.3,28.2,22.7,2.97,0.267,Medchal Malikajgiri,TS
2021-06-18,0.4,28.8,22.7,4.21,0.297,Medchal Malikajgiri,TS
2021-06-19,1.4,28.6,23.1,3.95,0.272,Medchal Malikajgiri,TS
2021-06-20,0.1,30.6,22.8,5.48,0.256,Medchal Malikajgiri,TS
2021-06-21,0.0,32.1,22.5,6.44,0.232,Medchal Malikajgiri,TS
2021-06-22,0.0,33.0,24.4,5.89,0.213,Medchal Malikajgiri,TS
2021-06-23,0.0,31.7,24.2,4.39,0.2,Medchal Malikajgiri,TS
2021-06-24,4.4,28.8,22.9,2.67,0.202,Medchal Malikajgiri,TS
2021-06-25,0.6,29.7,22.6,4.66,0.214,Medchal Malikajgiri,TS
2021-06-26,2.3,31.5,23.9,4.84,0.206,Medchal Malikajgiri,TS
2021-06-27,3.7,28.0,22.0,3.12,0.261,Medchal Malikajgiri,TS
2021-06-28,2.2,31.4,22.1,4.19,0.268,Medchal Malikajgiri,TS
2021-06-29,0.1,32.5,22.8,5.31,0.272,Medchal Malikajgiri,TS
2021-06-30,0.4,33.2,24.3,5.8,0.241,Medchal Malikajgiri,TS
2021-07-01,0.6,30.6,25.2,3.26,0.226,Medchal Malikajgiri,TS
2021-07-02,23.1,28.1,22.4,2.12,0.339,Medchal Malikajgiri,TS
2021-07-03,0.0,30.9,23.7,4.88,0.302,Medchal Malikajgiri,TS
2021-07-04,0.2,32.1,24.1,5.28,0.266,Medchal Malikajgiri,TS
2021-07-05,0.1,31.9,24.3,4.47,0.25,Medchal Malikajgiri,TS
2021-07-06,1.1,31.8,23.6,4.6,0.241,Medchal Malikajgiri,TS
2021-07-07,15.0,32.1,23.6,4.07,0.285,Medchal Malikajgiri,TS
2021-07-08,16.7,27.1,22.7,1.57,0.381,Medchal Malikajgiri,TS
2021-07-09,6.4,28.5,22.4,3.03,0.361,Medchal Malikajgiri,TS
2021-07-10,7.3,28.3,22.3,3.25,0.345,Medchal Malikajgiri,TS
2021-07-11,3.3,28.3,23.0,2.86,0.351,Medchal Malikajgiri,TS
2021-07-12,14.6,28.5,22.4,2.96,0.371,Medchal Malikajgiri,TS
2021-07-13,17.5,27.6,22.1,3.33,0.39,Medchal Malikajgiri,TS
2021-07-14,5.1,27.1,22.1,2.99,0.378,Medchal Malikajgiri,TS
2021-07-15,2.8,27.8,22.0,3.36,0.377,Medchal Malikajgiri,TS
2021-07-16,6.8,29.6,22.3,3.61,0.37,Medchal Malikajgiri,TS
2021-07-17,6.5,30.0,22.5,4.16,0.382,Medchal Malikajgiri,TS
2021-07-18,23.2,30.3,22.4,4.04,0.399,Medchal Malikajgiri,TS
2021-07-19,1.5,28.1,22.5,4.29,0.391,Medchal Malikajgiri,TS
2021-07-20,1.5,28.9,22.6,4.27,0.372,Medchal Malikajgiri,TS
2021-07-21,34.0,23.9,22.3,1.48,0.407,Medchal Malikajgiri,TS
2021-07-22,31.5,24.7,21.8,1.5,0.427,Medchal Malikajgiri,TS
2021-07-23,9.4,25.5,21.8,2.05,0.413,Medchal Malikajgiri,TS
2021-07-24,0.5,28.4,21.9,3.89,0.392,Medchal Malikajgiri,TS
2021-07-25,1.3,29.6,22.4,4.6,0.369,Medchal Malikajgiri,TS
2021-07-26,0.0,29.5,22.4,5.08,0.345,Medchal Malikajgiri,TS
2021-07-27,0.1,29.2,22.5,5.29,0.323,Medchal Malikajgiri,TS
2021-07-28,0.0,28.8,22.2,4.96,0.307,Medchal Malikajgiri,TS
2021-07-29,1.7,28.3,22.7,3.99,0.296,Medchal Malikajgiri,TS
2021-07-30,1.3,28.6,22.9,3.76,0.286,Medchal Malikajgiri,TS
2021-07-31,1.1,29.2,22.2,4.68,0.29,Medchal Malikajgiri,TS
2021-08-01,0.1,28.3,22.4,4.37,0.283,Medchal Malikajgiri,TS
2021-08-02,0.7,29.3,21.9,4.84,0.273,Medchal Malikajgiri,TS
2021-08-03,0.1,29.3,21.9,4.55,0.268,Medchal Malikajgiri,TS
2021-08-04,0.9,29.6,22.7,4.8,0.261,Medchal Malikajgiri,TS
2021-08-05,0.6,29.1,22.7,4.64,0.258,Medchal Malikajgiri,TS
2021-08-06,0.4,29.6,22.8,4.77,0.255,Medchal Malikajgiri,TS
2021-08-07,0.3,30.8,23.1,5.56,0.243,Medchal Malikajgiri,TS
2021-08-08,1.1,30.1,23.0,4.62,0.228,Medchal Malikajgiri,TS
2021-08-09,1.3,31.7,23.3,4.99,0.217,Medchal Malikajgiri,TS
2021-08-10,1.2,30.7,24.2,4.9,0.206,Medchal Malikajgiri,TS
2021-08-11,0.2,31.7,24.2,5.36,0.2,Medchal Malikajgiri,TS
2021-08-12,5.4,30.4,24.2,4.25,0.211,Medchal Malikajgiri,TS
2021-08-13,1.6,29.6,23.2,4.0,0.233,Medchal Malikajgiri,TS
2021-08-14,0.0,30.9,24.0,5.58,0.224,Medchal Malikajgiri,TS
2021-08-15,0.9,30.4,23.1,5.1,0.217,Medchal Malikajgiri,TS
2021-08-16,4.1,27.2,22.4,2.29,0.273,Medchal Malikajgiri,TS
2021-08-17,25.9,24.1,22.4,1.24,0.384,Medchal Malikajgiri,TS
2021-08-18,2.1,27.1,22.0,2.85,0.359,Medchal Malikajgiri,TS
2021-08-19,1.5,28.8,22.3,4.59,0.337,Medchal Malikajgiri,TS
2021-08-20,0.8,28.1,22.1,3.4,0.324,Medchal Malikajgiri,TS
2021-08-21,2.8,28.5,22.0,3.37,0.324,Medchal Malikajgiri,TS
2021-08-22,1.6,29.5,21.7,4.58,0.32,Medchal Malikajgiri,TS
2021-08-23,0.3,30.6,21.9,4.83,0.302,Medchal Malikajgiri,TS
2021-08-24,1.4,30.1,22.3,4.52,0.314,Medchal Malikajgiri,TS
2021-08-25,1.3,29.0,23.0,3.77,0.299,Medchal Malikajgiri,TS
2021-08-26,10.4,29.3,22.2,3.59,0.326,Medchal Malikajgiri,TS
2021-08-27,7.6,28.7,22.8,3.3,0.347,Medchal Malikajgiri,TS
2021-08-28,5.5,27.5,22.6,2.62,0.341,Medchal Malikajgiri,TS
2021-08-29,4.4,28.2,22.2,3.46,0.339,Medchal Malikajgiri,TS
2021-08-30,8.2,27.1,22.3,2.65,0.371,Medchal Malikajgiri,TS
2021-08-31,14.4,27.5,22.0,2.88,0.412,Medchal Malikajgiri,TS
2021-09-01,7.4,27.9,22.0,3.45,0.406,Medchal Malikajgiri,TS
2021-09-02,3.9,28.7,21.7,3.9,0.387,Medchal Malikajgiri,TS
2021-09-03,10.8,27.5,22.2,2.69,0.394,Medchal Malikajgiri,TS
2021-09-04,15.8,27.9,21.8,3.33,0.408,Medchal Malikajgiri,TS
2021-09-05,4.1,28.1,21.6,3.54,0.411,Medchal Malikajgiri,TS
2021-09-06,8.7,25.2,22.0,1.65,0.415,Medchal Malikajgiri,TS
2021-09-07,75.5,24.1,21.6,1.18,0.425,Medchal Malikajgiri,TS
2021-09-08,4.2,28.1,22.2,3.97,0.402,Medchal Malikajgiri,TS
2021-09-09,0.1,28.7,22.0,4.09,0.382,Medchal Malikajgiri,TS
2021-09-10,0.2,28.9,22.1,4.26,0.363,Medchal Malikajgiri,TS
2021-09-11,0.2,27.7,22.4,3.26,0.35,Medchal Malikajgiri,TS
2021-09-12,1.1,28.9,22.1,4.04,0.341,Medchal Malikajgiri,TS
2021-09-13,2.3,28.1,22.8,3.58,0.333,Medchal Malikajgiri,TS
2021-09-14,2.0,27.9,22.5,3.06,0.345,Medchal Malikajgiri,TS
2021-09-15,0.0,28.1,21.9,4.16,0.33,Medchal Malikajgiri,TS
2021-09-16,0.0,28.3,21.4,4.46,0.314,Medchal Malikajgiri,TS
2021-09-17,0.1,28.8,21.6,4.67,0.298,Medchal Malikajgiri,TS
2021-09-18,0.0,27.9,22.5,2.78,0.284,Medchal Malikajgiri,TS
2021-09-19,10.2,28.9,22.3,3.76,0.314,Medchal Malikajgiri,TS
2021-09-20,13.5,28.5,22.3,3.23,0.377,Medchal Malikajgiri,TS
2021-09-21,8.0,26.3,21.9,2.73,0.378,Medchal Malikajgiri,TS
2021-09-22,5.9,26.3,22.1,2.94,0.384,Medchal Malikajgiri,TS
2021-09-23,21.6,27.0,22.2,2.37,0.418,Medchal Malikajgiri,TS
2021-09-24,2.7,28.3,21.9,3.51,0.4,Medchal Malikajgiri,TS
2021-09-25,2.6,28.3,22.7,3.41,0.397,Medchal Malikajgiri,TS
2021-09-26,5.7,27.8,21.8,3.24,0.395,Medchal Malikajgiri,TS
2021-09-27,40.1,24.0,22.1,1.09,0.418,Medchal Malikajgiri,TS
2021-09-28,14.6,27.3,21.7,2.72,0.417,Medchal Malikajgiri,TS
2021-09-29,0.1,28.4,21.4,3.73,0.394,Medchal Malikajgiri,TS
2021-09-30,2.2,28.9,21.9,3.67,0.378,Medchal Malikajgiri,TS
2021-10-01,4.5,29.7,21.9,4.1,0.372,Medchal Malikajgiri,TS
2021-10-02,3.4,29.1,21.8,4.03,0.375,Medchal Malikajgiri,TS
2021-10-03,1.4,29.0,22.7,3.85,0.357,Medchal Malikajgiri,TS
2021-10-04,2.3,29.8,22.4,3.96,0.351,Medchal Malikajgiri,TS
2021-10-05,5.3,29.4,22.1,3.7,0.36,Medchal Malikajgiri,TS
2021-10-06,2.4,28.9,22.5,3.91,0.348,Medchal Malikajgiri,TS
2021-10-07,0.2,29.3,22.1,3.9,0.326,Medchal Malikajgiri,TS
2021-10-08,14.7,29.1,22.4,3.3,0.346,Medchal Malikajgiri,TS
2021-10-09,3.3,28.9,22.1,3.31,0.363,Medchal Malikajgiri,TS
2021-10-10,2.4,29.1,22.4,3.74,0.346,Medchal Malikajgiri,TS
2021-10-11,0.0,30.1,21.4,4.86,0.33,Medchal Malikajgiri,TS
2021-10-12,0.0,29.6,20.2,4.44,0.292,Medchal Malikajgiri,TS
2021-10-13,0.0,30.3,21.2,4.37,0.243,Medchal Malikajgiri,TS
2021-10-14,0.7,30.9,22.3,4.38,0.229,Medchal Malikajgiri,TS
2021-10-15,2.1,30.3,22.1,4.79,0.216,Medchal Malikajgiri,TS
2021-10-16,8.4,27.2,21.6,2.14,0.284,Medchal Malikajgiri,TS
2021-10-17,1.3,29.1,21.0,3.22,0.336,Medchal Malikajgiri,TS
2021-10-18,0.0,30.1,22.5,4.92,0.3,Medchal Malikajgiri,TS
2021-10-19,0.0,30.8,22.1,4.77,0.274,Medchal Malikajgiri,TS
2021-10-20,0.0,30.9,21.0,4.88,0.253,Medchal Malikajgiri,TS
2021-10-21,0.0,30.2,20.1,5.19,0.233,Medchal Malikajgiri,TS
2021-10-22,0.0,29.9,20.5,5.11,0.218,Medchal Malikajgiri,TS
2021-10-23,0.0,31.8,20.0,5.15,0.203,Medchal Malikajgiri,TS
2021-10-24,0.0,30.3,19.8,4.33,0.191,Medchal Malikajgiri,TS
2021-10-25,0.0,29.5,19.9,5.16,0.18,Medchal Malikajgiri,TS
2021-10-26,0.0,29.2,19.3,5.67,0.172,Medchal Malikajgiri,TS
2021-10-27,0.0,28.8,19.0,5.56,0.168,Medchal Malikajgiri,TS
2021-10-28,0.0,29.1,19.5,4.67,0.164,Medchal Malikajgiri,TS
2021-10-29,0.0,30.2,20.9,5.08,0.16,Medchal Malikajgiri,TS
2021-10-30,0.8,30.0,21.3,4.12,0.162,Medchal Malikajgiri,TS
2021-10-31,0.0,31.0,20.4,4.27,0.206,Medchal Malikajgiri,TS
2021-11-01,0.0,29.8,19.7,4.05,0.2,Medchal Malikajgiri,TS
2021-11-02,7.1,28.6,21.1,3.01,0.204,Medchal Malikajgiri,TS
2021-11-03,5.8,27.8,20.8,2.92,0.237,Medchal Malikajgiri,TS
2021-11-04,0.6,28.7,20.7,3.69,0.269,Medchal Malikajgiri,TS
2021-11-05,0.0,28.6,20.1,3.89,0.25,Medchal Malikajgiri,TS
2021-11-06,0.0,29.5,18.4,4.55,0.233,Medchal Malikajgiri,TS
2021-11-07,0.0,28.4,18.7,4.7,0.215,Medchal Malikajgiri,TS
2021-11-08,0.0,28.5,19.4,5.11,0.202,Medchal Malikajgiri,TS
2021-11-09,0.0,28.3,18.5,5.25,0.194,Medchal Malikajgiri,TS
2021-11-10,0.0,28.8,19.1,5.15,0.187,Medchal Malikajgiri,TS
2021-11-11,1.9,25.7,19.9,3.37,0.183,Medchal Malikajgiri,TS
2021-11-12,3.0,26.3,19.4,2.46,0.231,Medchal Malikajgiri,TS
2021-11-13,1.8,27.8,20.9,2.82,0.243,Medchal Malikajgiri,TS
2021-11-14,6.9,28.6,21.4,3.04,0.246,Medchal Malikajgiri,TS
2021-11-15,1.1,29.1,21.7,3.68,0.237,Medchal Malikajgiri,TS
2021-11-16,2.6,27.2,21.4,2.94,0.236,Medchal Malikajgiri,TS
2021-11-17,1.3,28.4,21.0,2.98,0.241,Medchal Malikajgiri,TS
2021-11-18,1.4,26.0,19.9,1.58,0.242,Medchal Malikajgiri,TS
2021-11-19,7.9,24.5,21.0,1.67,0.277,Medchal Malikajgiri,TS
2021-11-20,3.6,27.1,21.2,2.17,0.315,Medchal Malikajgiri,TS
2021-11-21,3.8,26.7,21.5,2.41,0.309,Medchal Malikajgiri,TS
2021-11-22,1.3,29.4,21.3,3.38,0.287,Medchal Malikajgiri,TS
2021-11-23,1.1,29.1,20.4,3.37,0.269,Medchal Malikajgiri,TS
2021-11-24,0.4,29.8,20.5,3.94,0.254,Medchal Malikajgiri,TS
2021-11-25,0.0,29.9,19.7,4.23,0.232,Medchal Malikajgiri,TS
2021-11-26,0.0,29.3,18.5,4.76,0.212,Medchal Malikajgiri,TS
2021-11-27,0.0,28.4,17.4,4.68,0.2,Medchal Malikajgiri,TS
2021-11-28,0.0,27.7,17.8,4.22,0.191,Medchal Malikajgiri,TS
2021-11-29,2.4,26.2,19.8,2.2,0.224,Medchal Malikajgiri,TS
2021-11-30,0.0,27.6,19.5,3.82,0.261,Medchal Malikajgiri,TS
2021-12-01,0.0,28.4,18.4,3.87,0.242,Medchal Malikajgiri,TS
2021-12-02,0.0,28.2,18.3,3.42,0.227,Medchal Malikajgiri,TS
2021-12-03,0.0,28.7,18.3,3.82,0.215,Medchal Malikajgiri,TS
2021-12-04,0.0,29.4,19.3,4.47,0.204,Medchal Malikajgiri,TS
2021-12-05,0.0,29.9,19.4,4.78,0.19,Medchal Malikajgiri,TS
2021-12-06,0.0,29.8,18.8,4.47,0.178,Medchal Malikajgiri,TS
2021-12-07,0.0,29.2,20.3,4.49,0.17,Medchal Malikajgiri,TS
2021-12-08,0.0,28.7,18.8,3.94,0.167,Medchal Malikajgiri,TS
2021-12-09,0.8,28.7,18.5,3.51,0.166,Medchal Malikajgiri,TS
2021-12-10,0.6,27.5,20.1,3.18,0.168,Medchal Malikajgiri,TS
2021-12-11,0.0,28.4,19.3,3.63,0.166,Medchal Malikajgiri,TS
2021-12-12,0.0,28.8,18.9,4.4,0.164,Medchal Malikajgiri,TS
2021-12-13,0.0,28.1,17.8,3.67,0.163,Medchal Malikajgiri,TS
2021-12-14,0.1,27.2,17.7,3.35,0.166,Medchal Malikajgiri,TS
2021-12-15,0.0,26.7,17.7,4.02,0.173,Medchal Malikajgiri,TS
2021-12-16,0.0,27.3,15.9,4.59,0.169,Medchal Malikajgiri,TS
2021-12-17,0.0,27.1,15.3,4.51,0.165,Medchal Malikajgiri,TS
2021-12-18,0.0,26.5,15.3,4.66,0.158,Medchal Malikajgiri,TS
2021-12-19,0.0,26.2,15.2,4.14,0.156,Medchal Malikajgiri,TS
2021-12-20,0.0,26.2,14.7,4.07,0.153,Medchal Malikajgiri,TS
2021-12-21,0.0,26.3,11.9,4.0,0.153,Medchal Malikajgiri,TS
2021-12-22,0.0,27.1,13.2,4.07,0.151,Medchal Malikajgiri,TS
2021-12-23,0.0,28.2,15.3,4.03,0.147,Medchal Malikajgiri,TS
2021-12-24,0.0,29.2,17.0,4.17,0.147,Medchal Malikajgiri,TS
2021-12-25,0.0,29.2,14.6,4.12,0.148,Medchal Malikajgiri,TS
2021-12-26,0.0,29.2,15.7,3.77,0.152,Medchal Malikajgiri,TS
2021-12-27,0.1,27.9,17.2,3.71,0.158,Medchal Malikajgiri,TS
2021-12-28,0.0,27.7,16.8,4.06,0.165,Medchal Malikajgiri,TS
2021-12-29,0.0,26.6,16.4,3.56,0.166,Medchal Malikajgiri,TS
2021-12-30,0.4,25.6,17.4,3.34,0.168,Medchal Malikajgiri,TS
2021-12-31,0.0,26.8,16.4,3.78,0.169,Medchal Malikajgiri,TS
2022-01-01,0.0,27.0,16.4,3.54,0.169,Medchal Malikajgiri,TS
2022-01-02,0.0,26.7,17.5,3.79,0.174,Medchal Malikajgiri,TS
2022-01-03,0.0,26.4,16.2,3.92,0.173,Medchal Malikajgiri,TS
2022-01-04,0.0,26.5,16.6,4.01,0.173,Medchal Malikajgiri,TS
2022-01-05,0.0,26.6,14.9,3.81,0.173,Medchal Malikajgiri,TS
2022-01-06,0.0,26.5,14.5,4.02,0.174,Medchal Malikajgiri,TS
2022-01-07,0.0,26.5,16.4,3.87,0.173,Medchal Malikajgiri,TS
2022-01-08,0.0,26.7,17.4,3.03,0.17,Medchal Malikajgiri,TS
2022-01-09,0.2,27.9,17.5,3.43,0.173,Medchal Malikajgiri,TS
2022-01-10,2.1,25.6,17.8,2.64,0.189,Medchal Malikajgiri,TS
2022-01-11,2.2,25.5,16.9,1.89,0.23,Medchal Malikajgiri,TS
2022-01-12,0.8,25.2,16.6,2.73,0.25,Medchal Malikajgiri,TS
2022-01-13,1.2,23.1,17.6,1.66,0.256,Medchal Malikajgiri,TS
2022-01-14,0.9,26.5,17.8,2.98,0.254,Medchal Malikajgiri,TS
2022-01-15,1.2,24.7,16.5,2.9,0.246,Medchal Malikajgiri,TS
2022-01-16,0.1,25.9,16.7,3.21,0.239,Medchal Malikajgiri,TS
2022-01-17,1.0,24.5,16.1,2.92,0.24,Medchal Malikajgiri,TS
2022-01-18,0.0,26.2,15.4,3.82,0.232,Medchal Malikajgiri,TS
2022-01-19,0.0,26.7,14.6,4.21,0.211,Medchal Malikajgiri,TS
2022-01-20,0.0,28.3,15.3,4.17,0.199,Medchal Malikajgiri,TS
2022-01-21,0.0,28.9,15.7,4.85,0.189,Medchal Malikajgiri,TS
2022-01-22,0.0,30.4,15.3,4.68,0.184,Medchal Malikajgiri,TS
2022-01-23,0.0,28.1,16.2,4.82,0.178,Medchal Malikajgiri,TS
2022-01-24,0.0,26.1,16.2,4.52,0.169,Medchal Malikajgiri,TS
2022-01-25,0.0,26.4,14.8,4.36,0.161,Medchal Malikajgiri,TS
2022-01-26,0.0,27.1,15.2,4.45,0.159,Medchal Malikajgiri,TS
2022-01-27,0.0,26.0,15.8,4.78,0.163,Medchal Malikajgiri,TS
2022-01-28,0.0,25.6,14.0,4.91,0.16,Medchal Malikajgiri,TS
2022-01-29,0.0,26.5,13.2,4.76,0.149,Medchal Malikajgiri,TS
2022-01-30,0.0,28.3,12.8,4.78,0.139,Medchal Malikajgiri,TS
2022-01-31,0.0,29.4,17.0,4.7,0.136,Medchal Malikajgiri,TS
2022-02-01,0.0,30.2,15.6,4.92,0.137,Medchal Malikajgiri,TS
2022-02-02,0.0,30.8,16.2,4.82,0.14,Medchal Malikajgiri,TS
2022-02-03,0.0,30.5,17.4,5.33,0.138,Medchal Malikajgiri,TS
2022-02-04,0.0,27.6,18.0,5.54,0.134,Medchal Malikajgiri,TS
2022-02-05,0.0,28.3,13.7,5.08,0.136,Medchal Malikajgiri,TS
2022-02-06,0.0,28.2,15.9,5.11,0.133,Medchal Malikajgiri,TS
2022-02-07,0.0,29.9,16.1,4.59,0.131,Medchal Malikajgiri,TS
2022-02-08,0.0,30.2,17.7,4.59,0.132,Medchal Malikajgiri,TS
2022-02-09,0.0,30.1,17.9,4.8,0.13,Medchal Malikajgiri,TS
2022-02-10,0.0,29.9,17.3,4.3,0.13,Medchal Malikajgiri,TS
2022-02-11,0.0,28.6,18.6,4.86,0.137,Medchal Malikajgiri,TS
2022-02-12,0.0,28.8,16.9,5.36,0.135,Medchal Malikajgiri,TS
2022-02-13,0.0,28.2,16.8,5.36,0.135,Medchal Malikajgiri,TS
2022-02-14,0.0,29.2,15.5,5.03,0.133,Medchal Malikajgiri,TS
2022-02-15,0.0,30.1,16.9,4.62,0.131,Medchal Malikajgiri,TS
2022-02-16,0.1,30.1,17.5,4.75,0.13,Medchal Malikajgiri,TS
2022-02-17,0.0,30.8,18.2,5.26,0.138,Medchal Malikajgiri,TS
2022-02-18,0.0,29.9,18.7,4.64,0.139,Medchal Malikajgiri,TS
2022-02-19,0.0,30.7,17.4,5.69,0.136,Medchal Malikajgiri,TS
2022-02-20,0.0,32.0,19.3,5.72,0.133,Medchal Malikajgiri,TS
2022-02-21,0.0,31.8,19.7,5.87,0.125,Medchal Malikajgiri,TS
2022-02-22,0.0,32.2,17.7,5.89,0.122,Medchal Malikajgiri,TS
2022-02-23,0.0,31.3,17.9,5.38,0.124,Medchal Malikajgiri,TS
2022-02-24,0.0,32.3,18.0,5.99,0.12,Medchal Malikajgiri,TS
2022-02-25,0.0,32.5,18.3,6.15,0.122,Medchal Malikajgiri,TS
2022-02-26,0.0,31.1,17.4,6.4,0.127,Medchal Malikajgiri,TS
2022-02-27,0.0,31.5,18.2,6.33,0.122,Medchal Malikajgiri,TS
2022-02-28,0.0,32.3,18.6,6.66,0.122,Medchal Malikajgiri,TS
2022-03-01,0.0,32.8,18.3,6.4,0.121,Medchal Malikajgiri,TS
2022-03-02,0.0,32.9,18.3,5.99,0.123,Medchal Malikajgiri,TS
2022-03-03,0.0,32.6,18.6,6.43,0.123,Medchal Malikajgiri,TS
2022-03-04,0.0,33.0,19.6,6.48,0.121,Medchal Malikajgiri,TS
2022-03-05,0.0,33.4,18.1,6.22,0.122,Medchal Malikajgiri,TS
2022-03-06,0.0,32.4,19.3,5.98,0.122,Medchal Malikajgiri,TS
2022-03-07,0.0,32.4,18.6,5.77,0.123,Medchal Malikajgiri,TS
2022-03-08,0.0,33.3,19.1,5.39,0.121,Medchal Malikajgiri,TS
2022-03-09,0.0,34.0,20.1,5.74,0.121,Medchal Malikajgiri,TS
2022-03-10,0.0,33.2,20.9,5.59,0.121,Medchal Malikajgiri,TS
2022-03-11,0.0,33.7,21.3,5.32,0.121,Medchal Malikajgiri,TS
2022-03-12,0.0,33.3,21.5,5.05,0.122,Medchal Malikajgiri,TS
2022-03-13,0.0,33.9,21.6,6.45,0.127,Medchal Malikajgiri,TS
2022-03-14,0.0,34.7,21.3,7.02,0.125,Medchal Malikajgiri,TS
2022-03-15,0.0,35.7,20.4,7.35,0.123,Medchal Malikajgiri,TS
2022-03-16,0.0,37.1,21.5,7.23,0.123,Medchal Malikajgiri,TS
2022-03-17,0.0,38.0,21.9,7.51,0.122,Medchal Malikajgiri,TS
2022-03-18,0.0,37.6,23.6,7.16,0.122,Medchal Malikajgiri,TS
2022-03-19,0.0,35.5,21.4,5.78,0.122,Medchal Malikajgiri,TS
2022-03-20,0.3,35.0,21.6,5.46,0.122,Medchal Malikajgiri,TS
2022-03-21,0.0,35.7,22.9,6.58,0.118,Medchal Malikajgiri,TS
2022-03-22,0.0,35.6,23.1,5.68,0.119,Medchal Malikajgiri,TS
2022-03-23,0.0,36.3,23.1,5.68,0.122,Medchal Malikajgiri,TS
2022-03-24,0.0,35.5,21.8,5.78,0.114,Medchal Malikajgiri,TS
2022-03-25,0.0,36.5,22.2,5.99,0.117,Medchal Malikajgiri,TS
2022-03-26,0.2,36.7,22.9,5.47,0.117,Medchal Malikajgiri,TS
2022-03-27,0.0,37.7,22.9,5.9,0.117,Medchal Malikajgiri,TS
2022-03-28,0.0,38.0,23.5,6.1,0.119,Medchal Malikajgiri,TS
2022-03-29,0.0,37.8,22.8,7.06,0.124,Medchal Malikajgiri,TS
2022-03-30,0.0,38.4,22.3,7.13,0.122,Medchal Malikajgiri,TS
2022-03-31,0.0,38.3,22.2,7.02,0.12,Medchal Malikajgiri,TS
2022-04-01,0.0,37.5,22.6,6.78,0.12,Medchal Malikajgiri,TS
2022-04-02,0.0,37.0,23.0,6.53,0.121,Medchal Malikajgiri,TS
2022-04-03,0.0,37.3,22.8,6.58,0.122,Medchal Malikajgiri,TS
2022-04-04,0.0,37.1,24.3,6.55,0.121,Medchal Malikajgiri,TS
2022-04-05,0.0,37.1,24.0,6.69,0.12,Medchal Malikajgiri,TS
2022-04-06,0.0,37.3,23.1,6.55,0.121,Medchal Malikajgiri,TS
2022-04-07,0.0,37.1,23.8,6.81,0.124,Medchal Malikajgiri,TS
2022-04-08,0.0,38.0,23.5,7.48,0.13,Medchal Malikajgiri,TS
2022-04-09,0.0,37.0,23.6,6.52,0.133,Medchal Malikajgiri,TS
2022-04-10,0.0,37.0,23.5,6.71,0.13,Medchal Malikajgiri,TS
2022-04-11,0.0,37.4,23.8,6.6,0.129,Medchal Malikajgiri,TS
2022-04-12,0.0,38.2,23.7,7.35,0.123,Medchal Malikajgiri,TS
2022-04-13,0.0,37.5,23.1,7.24,0.134,Medchal Malikajgiri,TS
2022-04-14,0.0,38.0,23.6,6.04,0.131,Medchal Malikajgiri,TS
2022-04-15,6.6,37.4,23.7,5.05,0.131,Medchal Malikajgiri,TS
2022-04-16,0.5,37.6,25.6,6.3,0.132,Medchal Malikajgiri,TS
2022-04-17,0.5,37.1,25.3,6.18,0.134,Medchal Malikajgiri,TS
2022-04-18,0.2,37.7,24.5,6.38,0.136,Medchal Malikajgiri,TS
2022-04-19,0.0,38.1,24.7,6.99,0.142,Medchal Malikajgiri,TS
2022-04-20,0.0,39.0,24.6,7.01,0.145,Medchal Malikajgiri,TS
2022-04-21,0.2,36.5,25.1,5.95,0.139,Medchal Malikajgiri,TS
2022-04-22,3.8,36.4,24.5,5.41,0.139,Medchal Malikajgiri,TS
2022-04-23,2.2,35.5,23.8,5.79,0.142,Medchal Malikajgiri,TS
2022-04-24,0.7,35.8,24.4,6.81,0.139,Medchal Malikajgiri,TS
2022-04-25,0.0,38.4,24.9,6.72,0.134,Medchal Malikajgiri,TS
2022-04-26,0.0,37.2,25.0,6.55,0.133,Medchal Malikajgiri,TS
2022-04-27,0.0,37.3,24.3,6.13,0.132,Medchal Malikajgiri,TS
2022-04-28,0.0,38.6,24.4,6.72,0.131,Medchal Malikajgiri,TS
2022-04-29,0.0,38.9,24.4,7.44,0.131,Medchal Malikajgiri,TS
2022-04-30,0.0,39.2,24.9,7.06,0.131,Medchal Malikajgiri,TS
2022-05-01,0.0,38.8,26.0,7.04,0.136,Medchal Malikajgiri,TS
2022-05-02,0.0,38.0,25.4,8.08,0.137,Medchal Malikajgiri,TS
2022-05-03,0.0,37.9,26.2,6.64,0.144,Medchal Malikajgiri,TS
2022-05-04,0.8,36.6,24.9,5.64,0.147,Medchal Malikajgiri,TS
2022-05-05,0.0,36.6,24.8,6.1,0.141,Medchal Malikajgiri,TS
2022-05-06,0.0,37.8,26.5,7.2,0.136,Medchal Malikajgiri,TS
2022-05-07,0.0,37.8,24.7,6.78,0.128,Medchal Malikajgiri,TS
2022-05-08,0.0,36.1,26.2,5.89,0.128,Medchal Malikajgiri,TS
2022-05-09,0.0,38.0,24.4,7.09,0.128,Medchal Malikajgiri,TS
2022-05-10,0.0,36.7,24.3,6.73,0.132,Medchal Malikajgiri,TS
2022-05-11,1.9,29.6,26.4,2.8,0.176,Medchal Malikajgiri,TS
2022-05-12,0.0,33.1,25.3,4.55,0.267,Medchal Malikajgiri,TS
2022-05-13,0.1,36.3,23.6,5.94,0.237,Medchal Malikajgiri,TS
2022-05-14,0.1,37.9,26.0,6.57,0.212,Medchal Malikajgiri,TS
2022-05-15,0.1,37.5,25.5,6.36,0.193,Medchal Malikajgiri,TS
2022-05-16,0.1,35.8,25.4,6.0,0.178,Medchal Malikajgiri,TS
2022-05-17,0.1,34.8,23.8,5.02,0.18,Medchal Malikajgiri,TS
2022-05-18,1.7,34.2,24.8,5.35,0.203,Medchal Malikajgiri,TS
2022-05-19,5.7,31.7,23.9,3.95,0.205,Medchal Malikajgiri,TS
2022-05-20,13.7,33.5,24.0,5.16,0.24,Medchal Malikajgiri,TS
2022-05-21,0.0,34.2,23.4,6.67,0.288,Medchal Malikajgiri,TS
2022-05-22,0.0,35.3,23.9,8.06,0.241,Medchal Malikajgiri,TS
2022-05-23,0.0,35.4,24.4,8.05,0.21,Medchal Malikajgiri,TS
2022-05-24,0.0,36.3,25.7,7.5,0.185,Medchal Malikajgiri,TS
2022-05-25,0.1,35.7,25.5,6.85,0.168,Medchal Malikajgiri,TS
2022-05-26,0.0,36.7,25.9,7.02,0.161,Medchal Malikajgiri,TS
2022-05-27,0.2,35.7,25.0,7.05,0.163,Medchal Malikajgiri,TS
2022-05-28,0.0,36.5,25.4,8.29,0.155,Medchal Malikajgiri,TS
2022-05-29,0.0,36.7,26.2,7.94,0.145,Medchal Malikajgiri,TS
2022-05-30,0.0,37.1,26.6,7.54,0.14,Medchal Malikajgiri,TS
2022-05-31,4.2,35.9,24.4,5.93,0.179,Medchal Malikajgiri,TS
2022-06-01,3.5,34.3,23.1,6.31,0.246,Medchal Malikajgiri,TS
2022-06-02,0.0,37.3,25.6,7.26,0.21,Medchal Malikajgiri,TS
2022-06-03,0.0,37.8,24.7,7.43,0.192,Medchal Malikajgiri,TS
2022-06-04,0.0,38.0,27.2,7.96,0.179,Medchal Malikajgiri,TS
2022-06-05,0.0,38.1,26.8,6.79,0.167,Medchal Malikajgiri,TS
2022-06-06,0.4,37.9,26.5,7.7,0.163,Medchal Malikajgiri,TS
2022-06-07,0.7,37.0,25.3,7.59,0.168,Medchal Malikajgiri,TS
2022-06-08,0.0,35.6,26.5,4.9,0.168,Medchal Malikajgiri,TS
2022-06-09,0.3,35.4,24.9,7.25,0.159,Medchal Malikajgiri,TS
2022-06-10,0.0,35.8,25.9,7.33,0.147,Medchal Malikajgiri,TS
2022-06-11,0.0,33.9,25.0,6.92,0.135,Medchal Malikajgiri,TS
2022-06-12,0.4,33.7,24.2,5.97,0.134,Medchal Malikajgiri,TS
2022-06-13,0.8,33.7,25.5,5.31,0.13,Medchal Malikajgiri,TS
2022-06-14,0.7,33.6,23.2,5.61,0.133,Medchal Malikajgiri,TS
2022-06-15,13.6,32.4,22.3,4.58,0.25,Medchal Malikajgiri,TS
2022-06-16,10.6,32.5,23.2,4.2,0.27,Medchal Malikajgiri,TS
2022-06-17,5.7,32.7,22.5,5.14,0.284,Medchal Malikajgiri,TS
2022-06-18,1.7,32.7,22.9,4.79,0.254,Medchal Malikajgiri,TS
2022-06-19,3.1,31.5,23.2,4.43,0.245,Medchal Malikajgiri,TS
2022-06-20,0.6,31.3,23.8,4.65,0.22,Medchal Malikajgiri,TS
2022-06-21,10.9,31.1,22.5,3.91,0.25,Medchal Malikajgiri,TS
2022-06-22,0.2,30.8,22.9,3.97,0.28,Medchal Malikajgiri,TS
2022-06-23,0.1,31.3,23.3,4.76,0.28,Medchal Malikajgiri,TS
2022-06-24,0.4,31.5,24.1,4.95,0.261,Medchal Malikajgiri,TS
2022-06-25,8.4,29.1,23.5,4.03,0.256,Medchal Malikajgiri,TS
2022-06-26,7.8,27.3,22.6,3.09,0.263,Medchal Malikajgiri,TS
2022-06-27,6.8,27.5,22.6,2.63,0.334,Medchal Malikajgiri,TS
2022-06-28,4.8,29.4,22.8,3.8,0.31,Medchal Malikajgiri,TS
2022-06-29,0.2,30.6,23.2,4.71,0.284,Medchal Malikajgiri,TS
2022-06-30,2.1,30.4,22.8,4.3,0.272,Medchal Malikajgiri,TS
2022-07-01,1.0,31.7,23.0,4.92,0.274,Medchal Malikajgiri,TS
2022-07-02,1.1,30.8,23.1,4.56,0.257,Medchal Malikajgiri,TS
2022-07-03,4.3,30.6,23.3,4.21,0.251,Medchal Malikajgiri,TS
2022-07-04,6.2,29.0,22.7,3.79,0.314,Medchal Malikajgiri,TS
2022-07-05,10.1,26.8,22.6,2.46,0.319,Medchal Malikajgiri,TS
2022-07-06,17.0,26.1,22.2,1.8,0.374,Medchal Malikajgiri,TS
2022-07-07,6.1,27.9,22.4,3.21,0.344,Medchal Malikajgiri,TS
2022-07-08,24.4,23.9,22.3,1.18,0.394,Medchal Malikajgiri,TS
2022-07-09,45.9,23.4,22.0,1.32,0.423,Medchal Malikajgiri,TS
2022-07-10,45.9,23.0,21.7,1.13,0.428,Medchal Malikajgiri,TS
2022-07-11,10.5,25.6,21.6,2.44,0.42,Medchal Malikajgiri,TS
2022-07-12,39.5,22.9,21.4,1.4,0.427,Medchal Malikajgiri,TS
2022-07-13,22.3,23.1,21.5,1.76,0.426,Medchal Malikajgiri,TS
2022-07-14,2.9,26.3,21.6,3.37,0.408,Medchal Malikajgiri,TS
2022-07-15,0.5,27.6,22.3,4.07,0.388,Medchal Malikajgiri,TS
2022-07-16,4.6,29.0,22.3,4.27,0.369,Medchal Malikajgiri,TS
2022-07-17,16.2,25.7,22.8,1.76,0.397,Medchal Malikajgiri,TS
2022-07-18,8.7,27.9,22.6,3.11,0.419,Medchal Malikajgiri,TS
2022-07-19,0.4,29.1,22.0,4.41,0.393,Medchal Malikajgiri,TS
2022-07-20,0.1,30.0,22.7,5.35,0.37,Medchal Malikajgiri,TS
2022-07-21,0.8,28.2,22.4,4.12,0.356,Medchal Malikajgiri,TS
2022-07-22,19.4,27.6,22.6,2.3,0.386,Medchal Malikajgiri,TS
2022-07-23,17.1,25.3,21.8,2.07,0.426,Medchal Malikajgiri,TS
2022-07-24,3.9,26.2,21.9,2.24,0.413,Medchal Malikajgiri,TS
2022-07-25,8.6,28.0,21.7,2.83,0.413,Medchal Malikajgiri,TS
2022-07-26,9.0,27.3,21.8,3.27,0.409,Medchal Malikajgiri,TS
2022-07-27,2.6,28.9,21.3,4.34,0.407,Medchal Malikajgiri,TS
2022-07-28,3.5,29.4,21.5,4.4,0.396,Medchal Malikajgiri,TS
2022-07-29,6.5,29.9,21.9,4.71,0.401,Medchal Malikajgiri,TS
2022-07-30,3.2,29.1,21.9,4.05,0.406,Medchal Malikajgiri,TS
2022-07-31,0.2,29.2,22.6,3.73,0.393,Medchal Malikajgiri,TS
2022-08-01,9.2,29.1,22.2,3.76,0.391,Medchal Malikajgiri,TS
2022-08-02,4.3,29.8,21.5,4.38,0.38,Medchal Malikajgiri,TS
2022-08-03,2.1,29.2,22.4,3.87,0.394,Medchal Malikajgiri,TS
2022-08-04,5.4,29.3,22.2,4.25,0.404,Medchal Malikajgiri,TS
2022-08-05,6.5,28.7,22.0,3.22,0.407,Medchal Malikajgiri,TS
2022-08-06,9.3,28.7,22.5,4.03,0.405,Medchal Malikajgiri,TS
2022-08-07,12.4,27.8,22.2,2.81,0.41,Medchal Malikajgiri,TS
2022-08-08,24.4,24.2,21.8,1.54,0.429,Medchal Malikajgiri,TS
2022-08-09,8.3,24.7,21.8,2.29,0.419,Medchal Malikajgiri,TS
2022-08-10,1.5,28.2,21.6,4.38,0.408,Medchal Malikajgiri,TS
2022-08-11,2.0,28.1,22.9,4.23,0.394,Medchal Malikajgiri,TS
2022-08-12,0.5,28.8,22.9,4.8,0.381,Medchal Malikajgiri,TS
2022-08-13,0.4,28.3,22.3,4.31,0.373,Medchal Malikajgiri,TS
2022-08-14,7.0,25.7,22.2,2.1,0.387,Medchal Malikajgiri,TS
2022-08-15,10.3,26.4,21.5,2.5,0.411,Medchal Malikajgiri,TS
2022-08-16,0.2,28.9,21.4,4.59,0.387,Medchal Malikajgiri,TS
2022-08-17,0.0,29.3,21.9,5.27,0.363,Medchal Malikajgiri,TS
2022-08-18,0.0,30.1,22.4,5.22,0.345,Medchal Malikajgiri,TS
2022-08-19,0.1,29.1,23.1,4.61,0.332,Medchal Malikajgiri,TS
2022-08-20,1.3,28.9,23.1,4.57,0.324,Medchal Malikajgiri,TS
2022-08-21,1.2,29.0,22.6,5.28,0.314,Medchal Malikajgiri,TS
2022-08-22,0.6,29.2,22.1,4.62,0.307,Medchal Malikajgiri,TS
2022-08-23,0.5,29.4,21.8,4.42,0.297,Medchal Malikajgiri,TS
2022-08-24,0.5,30.1,22.4,5.11,0.283,Medchal Malikajgiri,TS
2022-08-25,0.7,29.6,21.7,3.86,0.272,Medchal Malikajgiri,TS
2022-08-26,4.1,30.2,21.5,4.8,0.282,Medchal Malikajgiri,TS
2022-08-27,2.8,29.8,22.3,4.58,0.273,Medchal Malikajgiri,TS
2022-08-28,0.3,29.7,21.4,4.61,0.265,Medchal Malikajgiri,TS
2022-08-29,6.9,29.2,22.9,3.7,0.292,Medchal Malikajgiri,TS
2022-08-30,0.5,29.8,21.7,4.57,0.343,Medchal Malikajgiri,TS
2022-08-31,5.9,29.8,21.9,4.34,0.321,Medchal Malikajgiri,TS
2022-09-01,10.8,29.9,22.4,4.34,0.336,Medchal Malikajgiri,TS
2022-09-02,0.4,29.7,22.1,4.28,0.339,Medchal Malikajgiri,TS
2022-09-03,0.4,30.8,22.1,4.94,0.311,Medchal Malikajgiri,TS
2022-09-04,11.2,29.8,21.8,3.93,0.35,Medchal Malikajgiri,TS
2022-09-05,8.5,30.1,21.5,4.51,0.378,Medchal Malikajgiri,TS
2022-09-06,9.8,29.5,21.4,4.1,0.375,Medchal Malikajgiri,TS
2022-09-07,19.7,29.5,21.8,3.77,0.404,Medchal Malikajgiri,TS
2022-09-08,12.5,27.9,21.8,2.95,0.418,Medchal Malikajgiri,TS
2022-09-09,13.9,28.2,22.2,2.91,0.42,Medchal Malikajgiri,TS
2022-09-10,15.2,26.4,22.1,1.95,0.425,Medchal Malikajgiri,TS
2022-09-11,9.9,25.6,21.8,1.66,0.426,Medchal Malikajgiri,TS
2022-09-12,3.5,27.0,22.1,3.14,0.414,Medchal Malikajgiri,TS
2022-09-13,0.7,28.3,22.5,3.89,0.397,Medchal Malikajgiri,TS
2022-09-14,0.8,28.6,21.8,4.09,0.387,Medchal Malikajgiri,TS
2022-09-15,0.3,28.6,22.0,4.36,0.386,Medchal Malikajgiri,TS
2022-09-16,0.0,28.4,21.9,4.31,0.373,Medchal Malikajgiri,TS
2022-09-17,0.2,29.0,22.0,4.45,0.358,Medchal Malikajgiri,TS
2022-09-18,0.1,28.8,22.2,4.11,0.339,Medchal Malikajgiri,TS
2022-09-19,3.6,28.4,22.4,3.89,0.327,Medchal Malikajgiri,TS
2022-09-20,1.5,26.4,21.8,2.44,0.353,Medchal Malikajgiri,TS
2022-09-21,0.1,28.1,21.4,3.75,0.337,Medchal Malikajgiri,TS
2022-09-22,1.9,27.5,22.0,3.46,0.333,Medchal Malikajgiri,TS
2022-09-23,0.5,27.8,21.4,4.28,0.33,Medchal Malikajgiri,TS
2022-09-24,0.8,28.6,21.4,4.47,0.312,Medchal Malikajgiri,TS
2022-09-25,1.0,28.7,21.0,4.48,0.302,Medchal Malikajgiri,TS
2022-09-26,4.6,29.6,21.2,4.04,0.294,Medchal Malikajgiri,TS
2022-09-27,1.8,28.9,21.9,3.81,0.317,Medchal Malikajgiri,TS
2022-09-28,17.1,29.0,22.3,3.4,0.339,Medchal Malikajgiri,TS
2022-09-29,23.3,28.3,21.5,2.83,0.398,Medchal Malikajgiri,TS
2022-09-30,0.6,28.8,21.8,3.8,0.392,Medchal Malikajgiri,TS
2022-10-01,0.7,29.3,22.3,3.92,0.377,Medchal Malikajgiri,TS
2022-10-02,0.2,29.6,20.8,4.84,0.359,Medchal Malikajgiri,TS
2022-10-03,0.0,29.4,22.6,5.2,0.34,Medchal Malikajgiri,TS
2022-10-04,0.0,29.3,22.8,4.55,0.326,Medchal Malikajgiri,TS
2022-10-05,9.0,27.6,22.2,3.0,0.349,Medchal Malikajgiri,TS
2022-10-06,16.6,24.8,21.1,1.72,0.418,Medchal Malikajgiri,TS
2022-10-07,2.0,28.0,20.8,3.73,0.411,Medchal Malikajgiri,TS
2022-10-08,3.4,28.5,21.1,3.79,0.402,Medchal Malikajgiri,TS
2022-10-09,5.7,27.7,21.3,3.27,0.396,Medchal Malikajgiri,TS
2022-10-10,1.7,27.2,21.6,3.14,0.396,Medchal Malikajgiri,TS
2022-10-11,5.2,27.6,21.7,3.39,0.388,Medchal Malikajgiri,TS
2022-10-12,4.6,28.5,21.3,3.63,0.386,Medchal Malikajgiri,TS
2022-10-13,6.7,28.5,20.7,3.84,0.396,Medchal Malikajgiri,TS
2022-10-14,8.4,27.7,21.2,2.57,0.393,Medchal Malikajgiri,TS
2022-10-15,7.4,26.3,20.8,2.33,0.408,Medchal Malikajgiri,TS
2022-10-16,4.0,25.9,20.6,2.34,0.408,Medchal Malikajgiri,TS
2022-10-17,1.0,28.4,21.4,3.73,0.382,Medchal Malikajgiri,TS
2022-10-18,0.1,28.1,20.6,3.11,0.362,Medchal Malikajgiri,TS
2022-10-19,0.8,28.9,21.0,3.74,0.361,Medchal Malikajgiri,TS
2022-10-20,2.3,27.7,20.5,3.25,0.357,Medchal Malikajgiri,TS
2022-10-21,0.1,28.6,20.3,4.36,0.336,Medchal Malikajgiri,TS
2022-10-22,0.0,27.1,19.5,5.27,0.318,Medchal Malikajgiri,TS
2022-10-23,0.0,27.0,17.7,5.32,0.3,Medchal Malikajgiri,TS
2022-10-24,0.0,27.3,17.9,5.45,0.286,Medchal Malikajgiri,TS
2022-10-25,0.0,27.9,16.8,4.95,0.272,Medchal Malikajgiri,TS
2022-10-26,0.0,27.7,17.7,4.85,0.26,Medchal Malikajgiri,TS
2022-10-27,0.0,28.1,17.2,4.56,0.242,Medchal Malikajgiri,TS
2022-10-28,0.0,28.3,17.9,5.2,0.229,Medchal Malikajgiri,TS
2022-10-29,0.0,27.8,18.5,5.69,0.217,Medchal Malikajgiri,TS
2022-10-30,0.0,27.8,17.9,5.44,0.204,Medchal Malikajgiri,TS
2022-10-31,0.0,27.2,17.6,5.0,0.19,Medchal Malikajgiri,TS
2022-11-01,0.2,26.1,18.7,3.29,0.2,Medchal Malikajgiri,TS
2022-11-02,0.0,26.3,19.5,2.33,0.237,Medchal Malikajgiri,TS
2022-11-03,0.1,29.2,19.7,4.18,0.23,Medchal Malikajgiri,TS
2022-11-04,0.0,29.4,19.3,4.18,0.217,Medchal Malikajgiri,TS
2022-11-05,0.0,29.3,18.7,4.58,0.206,Medchal Malikajgiri,TS
2022-11-06,0.0,28.9,17.2,4.71,0.199,Medchal Malikajgiri,TS
2022-11-07,0.0,29.2,17.5,4.9,0.194,Medchal Malikajgiri,TS
2022-11-08,0.0,29.0,18.2,4.6,0.188,Medchal Malikajgiri,TS
2022-11-09,0.0,28.3,17.1,4.9,0.179,Medchal Malikajgiri,TS
2022-11-10,0.0,28.4,17.8,5.14,0.168,Medchal Malikajgiri,TS
2022-11-11,0.0,28.4,19.1,5.6,0.162,Medchal Malikajgiri,TS
2022-11-12,0.0,28.6,18.9,5.24,0.16,Medchal Malikajgiri,TS
2022-11-13,0.0,28.8,18.0,4.41,0.157,Medchal Malikajgiri,TS
2022-11-14,0.0,28.9,18.2,4.3,0.155,Medchal Malikajgiri,TS
2022-11-15,0.0,29.0,17.0,4.59,0.151,Medchal Malikajgiri,TS
2022-11-16,0.0,28.1,15.5,4.7,0.15,Medchal Malikajgiri,TS
2022-11-17,0.0,28.1,15.9,5.02,0.148,Medchal Malikajgiri,TS
2022-11-18,0.0,27.3,17.0,5.22,0.146,Medchal Malikajgiri,TS
2022-11-19,0.0,26.0,16.8,4.94,0.146,Medchal Malikajgiri,TS
2022-11-20,0.0,25.7,15.3,4.72,0.141,Medchal Malikajgiri,TS
2022-11-21,0.0,28.3,18.1,4.92,0.135,Medchal Malikajgiri,TS
2022-11-22,0.0,29.3,21.1,4.69,0.135,Medchal Malikajgiri,TS
2022-11-23,0.0,29.4,20.1,3.36,0.131,Medchal Malikajgiri,TS
2022-11-24,0.8,29.2,19.9,3.62,0.136,Medchal Malikajgiri,TS
2022-11-25,0.0,30.2,20.1,4.3,0.137,Medchal Malikajgiri,TS
2022-11-26,0.0,29.6,18.2,4.43,0.134,Medchal Malikajgiri,TS
2022-11-27,0.0,29.2,16.8,4.34,0.133,Medchal Malikajgiri,TS
2022-11-28,0.0,29.0,16.6,4.38,0.136,Medchal Malikajgiri,TS
2022-11-29,0.0,27.8,16.3,4.51,0.144,Medchal Malikajgiri,TS
2022-11-30,0.0,27.6,14.2,4.33,0.143,Medchal Malikajgiri,TS
2022-12-01,0.0,29.2,16.9,4.04,0.139,Medchal Malikajgiri,TS
2022-12-02,0.0,28.4,17.6,3.49,0.144,Medchal Malikajgiri,TS
2022-12-03,0.3,28.8,19.2,3.61,0.145,Medchal Malikajgiri,TS
2022-12-04,0.0,29.6,18.7,4.03,0.149,Medchal Malikajgiri,TS
2022-12-05,0.0,28.2,18.0,4.29,0.152,Medchal Malikajgiri,TS
2022-12-06,0.0,29.0,16.3,4.74,0.151,Medchal Malikajgiri,TS
2022-12-07,0.0,28.2,17.8,4.44,0.156,Medchal Malikajgiri,TS
2022-12-08,0.0,26.0,16.0,4.81,0.164,Medchal Malikajgiri,TS
2022-12-09,0.0,27.1,15.6,4.6,0.159,Medchal Malikajgiri,TS
2022-12-10,3.4,26.4,17.8,3.07,0.19,Medchal Malikajgiri,TS
2022-12-11,9.7,25.2,19.9,1.94,0.233,Medchal Malikajgiri,TS
2022-12-12,1.9,26.4,20.0,2.84,0.259,Medchal Malikajgiri,TS
2022-12-13,1.3,26.1,20.3,2.73,0.258,Medchal Malikajgiri,TS
2022-12-14,0.0,27.8,19.6,3.4,0.246,Medchal Malikajgiri,TS
2022-12-15,0.0,28.4,19.2,3.5,0.225,Medchal Malikajgiri,TS
2022-12-16,0.0,29.5,18.6,3.68,0.207,Medchal Malikajgiri,TS
2022-12-17,0.0,29.5,19.3,3.74,0.194,Medchal Malikajgiri,TS
2022-12-18,0.0,27.8,18.1,4.52,0.183,Medchal Malikajgiri,TS
2022-12-19,0.0,27.6,15.5,4.13,0.172,Medchal Malikajgiri,TS
2022-12-20,0.0,28.5,15.1,4.16,0.161,Medchal Malikajgiri,TS
2022-12-21,0.0,29.1,17.7,4.05,0.152,Medchal Malikajgiri,TS
2022-12-22,0.0,29.0,16.0,4.39,0.146,Medchal Malikajgiri,TS
2022-12-23,0.0,29.8,16.3,4.36,0.141,Medchal Malikajgiri,TS
2022-12-24,0.0,28.8,15.1,4.38,0.14,Medchal Malikajgiri,TS
2022-12-25,0.0,28.4,15.5,4.18,0.137,Medchal Malikajgiri,TS
2022-12-26,0.4,27.9,18.2,2.71,0.139,Medchal Malikajgiri,TS
2022-12-27,0.0,29.8,19.5,3.6,0.139,Medchal Malikajgiri,TS
2022-12-28,0.0,31.1,18.6,3.71,0.136,Medchal Malikajgiri,TS
2022-12-29,0.0,30.1,18.8,3.82,0.133,Medchal Malikajgiri,TS
2022-12-30,0.0,30.4,20.1,3.84,0.13,Medchal Malikajgiri,TS
2022-12-31,0.0,30.5,19.1,4.21,0.136,Medchal Malikajgiri,TS
2023-01-01,0.0,29.5,19.6,3.83,0.145,Medchal Malikajgiri,TS
2023-01-02,0.0,28.7,18.0,3.95,0.154,Medchal Malikajgiri,TS
2023-01-03,0.0,28.0,17.6,3.47,0.159,Medchal Malikajgiri,TS
2023-01-04,0.0,27.9,17.4,3.67,0.164,Medchal Malikajgiri,TS
2023-01-05,0.5,26.0,17.8,2.99,0.17,Medchal Malikajgiri,TS
2023-01-06,1.1,26.0,17.8,3.24,0.182,Medchal Malikajgiri,TS
2023-01-07,0.0,26.2,16.9,4.15,0.194,Medchal Malikajgiri,TS
2023-01-08,0.0,25.2,13.8,4.4,0.187,Medchal Malikajgiri,TS
2023-01-09,0.0,26.6,13.3,4.37,0.182,Medchal Malikajgiri,TS
2023-01-10,0.0,27.9,13.8,4.49,0.173,Medchal Malikajgiri,TS
2023-01-11,0.0,28.0,13.1,4.07,0.163,Medchal Malikajgiri,TS
2023-01-12,0.0,28.5,13.7,4.05,0.158,Medchal Malikajgiri,TS
2023-01-13,0.0,28.5,14.9,4.08,0.158,Medchal Malikajgiri,TS
2023-01-14,0.0,28.8,14.6,4.16,0.161,Medchal Malikajgiri,TS
2023-01-15,0.0,28.6,15.2,4.31,0.159,Medchal Malikajgiri,TS
2023-01-16,0.0,29.0,15.2,4.62,0.156,Medchal Malikajgiri,TS
2023-01-17,0.0,28.9,14.5,4.68,0.153,Medchal Malikajgiri,TS
2023-01-18,0.0,28.9,14.3,4.4,0.147,Medchal Malikajgiri,TS
2023-01-19,0.0,28.1,14.6,4.37,0.147,Medchal Malikajgiri,TS
2023-01-20,0.0,27.8,15.4,4.4,0.147,Medchal Malikajgiri,TS
2023-01-21,0.0,27.8,15.6,4.27,0.146,Medchal Malikajgiri,TS
2023-01-22,0.0,27.7,15.3,4.51,0.142,Medchal Malikajgiri,TS
2023-01-23,0.0,27.4,15.5,4.38,0.139,Medchal Malikajgiri,TS
2023-01-24,0.0,28.4,16.5,4.55,0.143,Medchal Malikajgiri,TS
2023-01-25,0.0,27.8,16.6,4.51,0.144,Medchal Malikajgiri,TS
2023-01-26,0.0,28.5,14.6,4.64,0.141,Medchal Malikajgiri,TS
2023-01-27,0.0,28.7,14.4,4.63,0.138,Medchal Malikajgiri,TS
2023-01-28,0.0,29.5,15.9,4.73,0.136,Medchal Malikajgiri,TS
2023-01-29,0.0,28.5,15.0,4.91,0.135,Medchal Malikajgiri,TS
2023-01-30,0.0,28.4,17.3,4.41,0.133,Medchal Malikajgiri,TS
2023-01-31,0.0,30.1,18.7,4.43,0.133,Medchal Malikajgiri,TS
2023-02-01,0.0,29.4,18.3,5.04,0.131,Medchal Malikajgiri,TS
2023-02-02,0.0,28.5,18.4,5.53,0.135,Medchal Malikajgiri,TS
2023-02-03,0.0,29.1,15.9,5.46,0.142,Medchal Malikajgiri,TS
2023-02-04,0.0,29.9,16.5,4.96,0.134,Medchal Malikajgiri,TS
2023-02-05,0.0,30.0,15.7,4.98,0.132,Medchal Malikajgiri,TS
2023-02-06,0.0,30.3,15.8,4.91,0.131,Medchal Malikajgiri,TS
2023-02-07,0.0,31.4,17.2,4.89,0.129,Medchal Malikajgiri,TS
2023-02-08,0.0,31.7,18.7,4.85,0.128,Medchal Malikajgiri,TS
2023-02-09,0.0,31.8,17.5,5.1,0.127,Medchal Malikajgiri,TS
2023-02-10,0.0,32.3,18.1,5.64,0.126,Medchal Malikajgiri,TS
2023-02-11,0.0,32.9,17.2,5.34,0.125,Medchal Malikajgiri,TS
2023-02-12,0.0,32.5,17.8,6.18,0.125,Medchal Malikajgiri,TS
2023-02-13,0.0,30.8,17.6,6.2,0.124,Medchal Malikajgiri,TS
2023-02-14,0.0,31.0,16.6,6.03,0.123,Medchal Malikajgiri,TS
2023-02-15,0.0,32.1,18.5,6.46,0.123,Medchal Malikajgiri,TS
2023-02-16,0.0,32.6,19.0,6.91,0.124,Medchal Malikajgiri,TS
2023-02-17,0.0,31.9,18.8,5.87,0.123,Medchal Malikajgiri,TS
2023-02-18,0.0,31.1,18.7,5.29,0.122,Medchal Malikajgiri,TS
2023-02-19,0.0,31.4,17.2,5.38,0.122,Medchal Malikajgiri,TS
2023-02-20,0.0,32.5,17.6,5.37,0.123,Medchal Malikajgiri,TS
2023-02-21,0.0,33.6,19.9,5.77,0.123,Medchal Malikajgiri,TS
2023-02-22,0.0,34.3,18.8,5.8,0.121,Medchal Malikajgiri,TS
2023-02-23,0.0,33.8,17.5,5.99,0.121,Medchal Malikajgiri,TS
2023-02-24,0.0,34.0,19.4,6.28,0.121,Medchal Malikajgiri,TS
2023-02-25,0.0,34.1,19.6,6.61,0.121,Medchal Malikajgiri,TS
2023-02-26,0.0,33.2,19.7,6.49,0.121,Medchal Malikajgiri,TS
2023-02-27,0.0,32.8,17.6,6.27,0.121,Medchal Malikajgiri,TS
2023-02-28,0.0,32.2,19.1,6.66,0.12,Medchal Malikajgiri,TS
2023-03-01,0.0,32.0,18.7,6.64,0.127,Medchal Malikajgiri,TS
2023-03-02,0.0,32.5,17.9,6.59,0.121,Medchal Malikajgiri,TS
2023-03-03,0.0,33.8,18.3,6.38,0.114,Medchal Malikajgiri,TS
2023-03-04,0.0,33.3,18.8,6.48,0.114,Medchal Malikajgiri,TS
2023-03-05,0.0,33.4,18.0,6.36,0.115,Medchal Malikajgiri,TS
2023-03-06,0.0,33.8,18.5,6.62,0.117,Medchal Malikajgiri,TS
2023-03-07,0.0,31.5,19.0,6.52,0.116,Medchal Malikajgiri,TS
2023-03-08,0.0,32.7,20.4,5.99,0.115,Medchal Malikajgiri,TS
2023-03-09,0.0,32.9,19.0,6.12,0.117,Medchal Malikajgiri,TS
2023-03-10,0.0,33.4,18.9,5.93,0.12,Medchal Malikajgiri,TS
2023-03-11,0.0,33.1,19.9,6.44,0.113,Medchal Malikajgiri,TS
2023-03-12,0.0,33.6,19.7,6.46,0.123,Medchal Malikajgiri,TS
2023-03-13,0.0,33.2,18.7,6.44,0.117,Medchal Malikajgiri,TS
2023-03-14,0.0,33.8,19.0,5.93,0.115,Medchal Malikajgiri,TS
2023-03-15,0.0,34.4,19.2,6.58,0.116,Medchal Malikajgiri,TS
2023-03-16,11.1,31.5,20.3,4.2,0.174,Medchal Malikajgiri,TS
2023-03-17,25.4,25.9,18.2,2.96,0.352,Medchal Malikajgiri,TS
2023-03-18,20.4,26.0,18.5,3.09,0.377,Medchal Malikajgiri,TS
2023-03-19,0.4,27.8,17.6,4.58,0.38,Medchal Malikajgiri,TS
2023-03-20,0.0,28.6,18.7,4.98,0.348,Medchal Malikajgiri,TS
2023-03-21,0.0,29.3,16.7,4.99,0.32,Medchal Malikajgiri,TS
2023-03-22,0.0,30.2,17.9,5.42,0.299,Medchal Malikajgiri,TS
2023-03-23,0.0,30.2,19.6,5.33,0.278,Medchal Malikajgiri,TS
2023-03-24,0.0,31.3,19.9,5.0,0.261,Medchal Malikajgiri,TS
2023-03-25,2.9,30.0,21.1,3.82,0.252,Medchal Malikajgiri,TS
2023-03-26,0.1,32.0,21.0,5.12,0.233,Medchal Malikajgiri,TS
2023-03-27,0.1,32.9,20.6,6.0,0.221,Medchal Malikajgiri,TS
2023-03-28,0.1,33.2,20.5,5.66,0.208,Medchal Malikajgiri,TS
2023-03-29,0.0,33.8,21.4,6.11,0.196,Medchal Malikajgiri,TS
2023-03-30,0.0,34.3,21.6,6.16,0.187,Medchal Malikajgiri,TS
2023-03-31,0.0,33.1,21.7,5.77,0.177,Medchal Malikajgiri,TS
2023-04-01,0.0,32.9,21.1,6.02,0.171,Medchal Malikajgiri,TS
2023-04-02,1.6,33.1,20.8,5.12,0.176,Medchal Malikajgiri,TS
2023-04-03,0.0,33.8,21.1,5.78,0.164,Medchal Malikajgiri,TS
2023-04-04,0.0,34.2,22.5,5.85,0.158,Medchal Malikajgiri,TS
2023-04-05,0.1,33.8,22.1,5.35,0.153,Medchal Malikajgiri,TS
2023-04-06,3.3,33.0,22.6,4.6,0.173,Medchal Malikajgiri,TS
2023-04-07,2.6,31.8,22.4,4.23,0.171,Medchal Malikajgiri,TS
2023-04-08,1.3,32.9,21.0,6.01,0.19,Medchal Malikajgiri,TS
2023-04-09,0.0,33.9,21.5,6.43,0.177,Medchal Malikajgiri,TS
2023-04-10,0.0,35.4,21.5,6.64,0.165,Medchal Malikajgiri,TS
2023-04-11,0.0,36.1,22.0,6.84,0.157,Medchal Malikajgiri,TS
2023-04-12,0.0,36.1,23.1,6.25,0.151,Medchal Malikajgiri,TS
2023-04-13,0.0,36.9,23.7,6.36,0.146,Medchal Malikajgiri,TS
2023-04-14,1.1,36.8,25.5,6.35,0.151,Medchal Malikajgiri,TS
2023-04-15,0.0,35.7,23.8,7.12,0.148,Medchal Malikajgiri,TS
2023-04-16,0.0,35.9,24.8,6.57,0.146,Medchal Malikajgiri,TS
2023-04-17,0.0,36.1,24.5,6.0,0.145,Medchal Malikajgiri,TS
2023-04-18,0.0,37.2,24.5,6.52,0.147,Medchal Malikajgiri,TS
2023-04-19,0.0,37.4,23.6,6.47,0.144,Medchal Malikajgiri,TS
2023-04-20,0.0,37.1,25.3,6.6,0.141,Medchal Malikajgiri,TS
2023-04-21,0.0,34.4,23.0,6.55,0.151,Medchal Malikajgiri,TS
2023-04-22,0.0,34.5,22.3,5.74,0.171,Medchal Malikajgiri,TS
2023-04-23,0.0,34.6,21.7,6.15,0.169,Medchal Malikajgiri,TS
2023-04-24,0.2,32.1,23.2,5.17,0.166,Medchal Malikajgiri,TS
2023-04-25,14.3,33.2,23.3,5.28,0.203,Medchal Malikajgiri,TS
2023-04-26,2.1,31.6,21.2,5.55,0.317,Medchal Malikajgiri,TS
2023-04-27,10.5,29.9,22.6,4.11,0.315,Medchal Malikajgiri,TS
2023-04-28,0.5,30.7,21.8,4.72,0.283,Medchal Malikajgiri,TS
2023-04-29,24.1,29.8,20.9,4.71,0.351,Medchal Malikajgiri,TS
2023-04-30,19.4,29.0,20.8,3.8,0.362,Medchal Malikajgiri,TS
2023-05-01,14.1,28.8,20.1,4.14,0.372,Medchal Malikajgiri,TS
2023-05-02,6.5,28.6,22.0,3.7,0.362,Medchal Malikajgiri,TS
2023-05-03,0.3,30.0,22.1,4.1,0.329,Medchal Malikajgiri,TS
2023-05-04,0.2,30.3,21.2,4.62,0.309,Medchal Malikajgiri,TS
2023-05-05,25.1,28.9,21.3,2.8,0.35,Medchal Malikajgiri,TS
2023-05-06,4.0,31.2,22.0,4.68,0.338,Medchal Malikajgiri,TS
2023-05-07,1.4,32.0,24.0,5.06,0.304,Medchal Malikajgiri,TS
2023-05-08,0.1,33.2,23.4,5.53,0.292,Medchal Malikajgiri,TS
2023-05-09,9.7,32.2,23.8,4.03,0.309,Medchal Malikajgiri,TS
2023-05-10,5.5,33.2,23.9,3.82,0.338,Medchal Malikajgiri,TS
2023-05-11,0.3,35.7,23.8,5.86,0.316,Medchal Malikajgiri,TS
2023-05-12,0.0,36.7,23.0,6.78,0.284,Medchal Malikajgiri,TS
2023-05-13,0.0,37.2,22.1,7.48,0.264,Medchal Malikajgiri,TS
2023-05-14,0.0,37.0,22.7,8.13,0.247,Medchal Malikajgiri,TS
2023-05-15,0.0,36.4,24.9,7.87,0.231,Medchal Malikajgiri,TS
2023-05-16,0.0,35.9,25.0,7.71,0.214,Medchal Malikajgiri,TS
2023-05-17,0.0,36.2,23.2,7.12,0.199,Medchal Malikajgiri,TS
2023-05-18,0.0,35.9,23.8,6.12,0.183,Medchal Malikajgiri,TS
2023-05-19,0.0,36.9,24.4,6.57,0.173,Medchal Malikajgiri,TS
2023-05-20,0.0,36.0,24.8,6.41,0.171,Medchal Malikajgiri,TS
2023-05-21,0.0,36.4,24.2,6.02,0.173,Medchal Malikajgiri,TS
2023-05-22,11.0,35.6,21.9,5.89,0.198,Medchal Malikajgiri,TS
2023-05-23,0.0,35.6,23.4,6.44,0.174,Medchal Malikajgiri,TS
2023-05-24,0.0,36.6,24.6,6.25,0.174,Medchal Malikajgiri,TS
2023-05-25,0.0,35.6,25.4,6.59,0.173,Medchal Malikajgiri,TS
2023-05-26,0.0,35.5,26.3,7.15,0.169,Medchal Malikajgiri,TS
2023-05-27,0.0,35.6,25.9,7.02,0.162,Medchal Malikajgiri,TS
2023-05-28,0.0,36.1,24.7,6.96,0.16,Medchal Malikajgiri,TS
2023-05-29,3.6,35.5,22.8,5.96,0.175,Medchal Malikajgiri,TS
2023-05-30,0.1,34.0,22.9,4.65,0.165,Medchal Malikajgiri,TS
2023-05-31,0.0,36.3,24.8,6.43,0.164,Medchal Malikajgiri,TS
2023-06-01,0.0,37.0,26.0,7.44,0.16,Medchal Malikajgiri,TS
2023-06-02,0.0,37.8,26.9,7.94,0.158,Medchal Malikajgiri,TS
2023-06-03,0.0,37.0,27.0,7.18,0.15,Medchal Malikajgiri,TS
2023-06-04,6.5,35.2,24.6,5.34,0.16,Medchal Malikajgiri,TS
2023-06-05,0.0,34.9,23.8,6.42,0.172,Medchal Malikajgiri,TS
2023-06-06,0.1,35.1,26.1,6.44,0.16,Medchal Malikajgiri,TS
2023-06-07,0.1,36.3,27.3,6.96,0.157,Medchal Malikajgiri,TS
2023-06-08,0.0,36.3,27.3,7.54,0.158,Medchal Malikajgiri,TS
2023-06-09,0.0,36.7,26.9,7.91,0.157,Medchal Malikajgiri,TS
2023-06-10,0.5,35.9,27.0,7.52,0.151,Medchal Malikajgiri,TS
2023-06-11,0.4,34.7,26.7,6.31,0.157,Medchal Malikajgiri,TS
2023-06-12,0.0,35.8,26.9,6.99,0.153,Medchal Malikajgiri,TS
2023-06-13,0.0,36.2,26.8,8.2,0.146,Medchal Malikajgiri,TS
2023-06-14,0.0,36.2,26.8,8.47,0.142,Medchal Malikajgiri,TS
2023-06-15,0.0,35.7,26.7,8.03,0.141,Medchal Malikajgiri,TS
2023-06-16,0.0,36.1,27.2,8.3,0.14,Medchal Malikajgiri,TS
2023-06-17,0.0,36.2,27.2,7.69,0.14,Medchal Malikajgiri,TS
2023-06-18,0.0,36.0,27.6,7.4,0.135,Medchal Malikajgiri,TS
2023-06-19,0.0,35.6,27.7,6.46,0.134,Medchal Malikajgiri,TS
2023-06-20,0.3,35.8,27.2,6.32,0.137,Medchal Malikajgiri,TS
2023-06-21,4.4,34.8,24.2,5.89,0.147,Medchal Malikajgiri,TS
2023-06-22,3.8,33.5,24.2,4.46,0.2,Medchal Malikajgiri,TS
2023-06-23,6.2,32.8,24.3,3.34,0.194,Medchal Malikajgiri,TS
2023-06-24,4.6,30.1,23.2,3.3,0.218,Medchal Malikajgiri,TS
2023-06-25,3.5,31.1,23.2,4.68,0.244,Medchal Malikajgiri,TS
2023-06-26,4.9,29.3,23.5,2.86,0.28,Medchal Malikajgiri,TS
2023-06-27,0.8,31.3,24.0,4.86,0.293,Medchal Malikajgiri,TS
2023-06-28,0.1,31.0,23.4,4.75,0.285,Medchal Malikajgiri,TS
2023-06-29,0.1,31.9,23.7,5.74,0.261,Medchal Malikajgiri,TS
2023-06-30,0.1,32.2,23.5,5.62,0.238,Medchal Malikajgiri,TS
2023-07-01,0.7,32.7,24.3,6.49,0.217,Medchal Malikajgiri,TS
2023-07-02,0.7,33.1,23.8,6.11,0.205,Medchal Malikajgiri,TS
2023-07-03,1.3,32.7,23.5,5.44,0.257,Medchal Malikajgiri,TS
2023-07-04,0.1,33.0,24.9,5.33,0.268,Medchal Malikajgiri,TS
2023-07-05,2.7,29.9,23.4,3.6,0.301,Medchal Malikajgiri,TS
2023-07-06,11.0,26.6,23.2,2.33,0.331,Medchal Malikajgiri,TS
2023-07-07,2.6,29.7,22.4,4.46,0.334,Medchal Malikajgiri,TS
2023-07-08,1.1,30.6,23.5,4.5,0.305,Medchal Malikajgiri,TS
2023-07-09,1.4,30.6,23.5,4.67,0.341,Medchal Malikajgiri,TS
2023-07-10,0.8,30.3,24.4,4.83,0.311,Medchal Malikajgiri,TS
2023-07-11,0.7,28.3,24.1,3.68,0.29,Medchal Malikajgiri,TS
2023-07-12,4.9,29.9,23.2,4.08,0.286,Medchal Malikajgiri,TS
2023-07-13,5.8,31.2,22.8,4.95,0.292,Medchal Malikajgiri,TS
2023-07-14,1.3,30.6,22.8,4.44,0.275,Medchal Malikajgiri,TS
2023-07-15,0.6,29.7,23.5,4.3,0.251,Medchal Malikajgiri,TS
2023-07-16,9.4,26.7,23.5,1.91,0.32,Medchal Malikajgiri,TS
2023-07-17,8.9,28.4,22.8,2.42,0.341,Medchal Malikajgiri,TS
2023-07-18,24.2,25.1,22.4,1.81,0.406,Medchal Malikajgiri,TS
2023-07-19,44.6,25.1,22.1,2.01,0.422,Medchal Malikajgiri,TS
2023-07-20,25.5,24.4,22.3,1.42,0.425,Medchal Malikajgiri,TS
2023-07-21,13.8,27.2,22.5,3.09,0.414,Medchal Malikajgiri,TS
2023-07-22,4.4,27.8,22.8,2.84,0.401,Medchal Malikajgiri,TS
2023-07-23,9.3,28.9,22.9,2.98,0.403,Medchal Malikajgiri,TS
2023-07-24,12.8,28.4,22.7,2.66,0.41,Medchal Malikajgiri,TS
2023-07-25,26.9,27.0,22.3,2.62,0.419,Medchal Malikajgiri,TS
2023-07-26,23.5,27.4,22.6,2.43,0.416,Medchal Malikajgiri,TS
2023-07-27,87.8,23.3,22.2,1.05,0.428,Medchal Malikajgiri,TS
2023-07-28,1.5,28.4,22.5,3.78,0.409,Medchal Malikajgiri,TS
2023-07-29,0.9,28.5,22.9,4.43,0.391,Medchal Malikajgiri,TS
2023-07-30,1.0,29.0,22.6,4.37,0.38,Medchal Malikajgiri,TS
2023-07-31,1.7,27.5,23.6,3.46,0.374,Medchal Malikajgiri,TS
2023-08-01,2.4,28.5,23.2,4.5,0.376,Medchal Malikajgiri,TS
2023-08-02,0.1,28.2,23.2,3.95,0.364,Medchal Malikajgiri,TS
2023-08-03,1.8,28.5,22.8,4.66,0.352,Medchal Malikajgiri,TS
2023-08-04,1.5,30.3,22.4,4.97,0.34,Medchal Malikajgiri,TS
2023-08-05,0.4,30.4,22.6,5.47,0.323,Medchal Malikajgiri,TS
2023-08-06,0.6,30.0,22.7,5.5,0.308,Medchal Malikajgiri,TS
2023-08-07,0.5,29.4,22.9,5.06,0.297,Medchal Malikajgiri,TS
2023-08-08,0.0,29.6,22.5,4.8,0.285,Medchal Malikajgiri,TS
2023-08-09,0.2,30.1,23.0,5.06,0.274,Medchal Malikajgiri,TS
2023-08-10,0.2,30.7,23.2,5.13,0.264,Medchal Malikajgiri,TS
2023-08-11,0.4,30.3,23.0,5.08,0.25,Medchal Malikajgiri,TS
2023-08-12,0.3,30.5,23.5,5.1,0.24,Medchal Malikajgiri,TS
2023-08-13,0.3,30.1,23.3,5.41,0.234,Medchal Malikajgiri,TS
2023-08-14,0.0,30.0,23.5,4.83,0.225,Medchal Malikajgiri,TS
2023-08-15,4.4,30.0,22.8,4.78,0.235,Medchal Malikajgiri,TS
2023-08-16,2.6,29.7,23.2,4.79,0.214,Medchal Malikajgiri,TS
2023-08-17,3.2,28.8,23.7,3.93,0.22,Medchal Malikajgiri,TS
2023-08-18,4.4,27.7,22.9,3.24,0.23,Medchal Malikajgiri,TS
2023-08-19,6.1,26.0,22.0,3.07,0.3,Medchal Malikajgiri,TS
2023-08-20,0.7,29.6,21.9,4.56,0.343,Medchal Malikajgiri,TS
2023-08-21,0.8,29.9,22.4,4.91,0.317,Medchal Malikajgiri,TS
2023-08-22,6.2,29.8,22.7,4.02,0.32,Medchal Malikajgiri,TS
2023-08-23,1.1,29.9,23.4,4.62,0.278,Medchal Malikajgiri,TS
2023-08-24,0.3,30.5,23.3,5.19,0.264,Medchal Malikajgiri,TS
2023-08-25,0.8,30.8,23.7,5.09,0.251,Medchal Malikajgiri,TS
2023-08-26,0.5,30.6,22.6,4.37,0.24,Medchal Malikajgiri,TS
2023-08-27,0.2,30.9,23.2,5.42,0.228,Medchal Malikajgiri,TS
2023-08-28,0.5,30.8,22.9,5.36,0.213,Medchal Malikajgiri,TS
2023-08-29,0.3,30.2,22.1,4.91,0.214,Medchal Malikajgiri,TS
2023-08-30,0.2,30.8,21.8,5.4,0.216,Medchal Malikajgiri,TS
2023-08-31,0.2,31.3,22.7,5.58,0.205,Medchal Malikajgiri,TS
2023-09-01,3.1,31.3,22.6,5.02,0.203,Medchal Malikajgiri,TS
2023-09-02,15.4,31.1,22.3,3.88,0.248,Medchal Malikajgiri,TS
2023-09-03,29.4,29.6,22.7,2.79,0.395,Medchal Malikajgiri,TS
2023-09-04,28.9,24.4,22.5,1.15,0.404,Medchal Malikajgiri,TS
2023-09-05,29.5,26.1,21.6,1.42,0.423,Medchal Malikajgiri,TS
2023-09-06,11.0,27.9,22.2,2.5,0.413,Medchal Malikajgiri,TS
2023-09-07,2.5,28.4,23.0,3.77,0.404,Medchal Malikajgiri,TS
2023-09-08,4.4,28.4,22.6,4.22,0.394,Medchal Malikajgiri,TS
2023-09-09,3.1,28.9,22.7,3.91,0.387,Medchal Malikajgiri,TS
2023-09-10,8.8,28.4,22.3,3.73,0.394,Medchal Malikajgiri,TS
2023-09-11,0.0,29.1,22.8,4.05,0.389,Medchal Malikajgiri,TS
2023-09-12,0.2,29.1,22.6,4.07,0.368,Medchal Malikajgiri,TS
2023-09-13,0.2,29.7,22.4,5.04,0.35,Medchal Malikajgiri,TS
2023-09-14,0.6,28.2,23.4,3.26,0.348,Medchal Malikajgiri,TS
2023-09-15,0.0,29.3,23.0,4.87,0.344,Medchal Malikajgiri,TS
2023-09-16,1.4,29.3,23.4,4.65,0.327,Medchal Malikajgiri,TS
2023-09-17,0.1,29.3,22.2,4.08,0.315,Medchal Malikajgiri,TS
2023-09-18,0.9,30.1,22.7,5.17,0.303,Medchal Malikajgiri,TS
2023-09-19,0.1,31.1,23.1,5.32,0.287,Medchal Malikajgiri,TS
2023-09-20,3.5,30.6,23.8,4.64,0.277,Medchal Malikajgiri,TS
2023-09-21,6.1,29.3,22.6,3.23,0.32,Medchal Malikajgiri,TS
2023-09-22,2.0,28.7,22.4,3.25,0.348,Medchal Malikajgiri,TS
2023-09-23,6.5,29.5,22.4,3.8,0.342,Medchal Malikajgiri,TS
2023-09-24,3.0,28.0,22.1,2.96,0.348,Medchal Malikajgiri,TS
2023-09-25,4.6,28.7,22.3,3.06,0.331,Medchal Malikajgiri,TS
2023-09-26,16.9,29.8,22.1,4.04,0.33,Medchal Malikajgiri,TS
2023-09-27,9.0,30.3,21.7,3.79,0.372,Medchal Malikajgiri,TS
2023-09-28,11.0,31.1,21.9,4.19,0.384,Medchal Malikajgiri,TS
2023-09-29,35.6,29.9,22.1,3.94,0.402,Medchal Malikajgiri,TS
2023-09-30,2.7,29.8,21.5,4.2,0.395,Medchal Malikajgiri,TS
2023-10-01,8.8,30.0,22.2,4.3,0.386,Medchal Malikajgiri,TS
2023-10-02,0.5,30.4,22.6,4.38,0.362,Medchal Malikajgiri,TS
2023-10-03,0.5,30.8,24.1,5.18,0.333,Medchal Malikajgiri,TS
2023-10-04,0.0,30.9,23.2,5.26,0.313,Medchal Malikajgiri,TS
2023-10-05,0.0,31.2,22.0,5.77,0.293,Medchal Malikajgiri,TS
2023-10-06,0.0,31.3,21.5,6.0,0.272,Medchal Malikajgiri,TS
2023-10-07,0.0,31.4,21.8,5.73,0.253,Medchal Malikajgiri,TS
2023-10-08,0.0,31.5,20.8,4.99,0.24,Medchal Malikajgiri,TS
2023-10-09,0.0,32.3,21.9,4.96,0.229,Medchal Malikajgiri,TS
2023-10-10,2.8,31.0,21.6,4.53,0.232,Medchal Malikajgiri,TS
2023-10-11,0.0,32.9,20.8,5.23,0.219,Medchal Malikajgiri,TS
2023-10-12,0.0,31.6,21.3,5.19,0.199,Medchal Malikajgiri,TS
2023-10-13,0.0,31.8,21.1,5.1,0.191,Medchal Malikajgiri,TS
2023-10-14,0.0,31.6,22.1,5.0,0.186,Medchal Malikajgiri,TS
2023-10-15,0.1,31.5,22.1,4.86,0.18,Medchal Malikajgiri,TS
2023-10-16,0.5,30.4,21.9,4.72,0.178,Medchal Malikajgiri,TS
2023-10-17,0.0,30.7,21.0,4.81,0.181,Medchal Malikajgiri,TS
2023-10-18,0.2,30.9,21.3,5.03,0.179,Medchal Malikajgiri,TS
2023-10-19,0.0,31.5,21.2,5.14,0.175,Medchal Malikajgiri,TS
2023-10-20,0.0,31.6,21.4,5.34,0.171,Medchal Malikajgiri,TS
2023-10-21,0.0,30.5,21.4,5.06,0.169,Medchal Malikajgiri,TS
2023-10-22,0.0,30.8,20.5,5.94,0.164,Medchal Malikajgiri,TS
2023-10-23,0.0,30.1,19.4,5.74,0.164,Medchal Malikajgiri,TS
2023-10-24,0.0,30.1,18.5,5.72,0.164,Medchal Malikajgiri,TS
2023-10-25,0.0,30.2,18.9,5.55,0.167,Medchal Malikajgiri,TS
2023-10-26,0.0,29.5,19.1,5.65,0.163,Medchal Malikajgiri,TS
2023-10-27,0.0,29.8,18.7,5.82,0.157,Medchal Malikajgiri,TS
2023-10-28,0.0,30.6,16.9,4.65,0.155,Medchal Malikajgiri,TS
2023-10-29,0.1,30.4,19.1,4.29,0.156,Medchal Malikajgiri,TS
2023-10-30,0.0,29.3,19.7,4.1,0.152,Medchal Malikajgiri,TS
2023-10-31,0.0,29.5,19.1,4.24,0.154,Medchal Malikajgiri,TS
2023-11-01,0.0,30.1,20.2,4.29,0.16,Medchal Malikajgiri,TS
2023-11-02,6.3,30.0,19.8,3.94,0.18,Medchal Malikajgiri,TS
2023-11-03,1.7,30.2,20.5,3.5,0.19,Medchal Malikajgiri,TS
2023-11-04,0.5,29.6,20.4,3.9,0.18,Medchal Malikajgiri,TS
2023-11-05,0.1,30.1,20.2,4.25,0.177,Medchal Malikajgiri,TS
2023-11-06,6.2,29.5,21.1,3.53,0.193,Medchal Malikajgiri,TS
2023-11-07,7.3,29.2,20.4,3.42,0.229,Medchal Malikajgiri,TS
2023-11-08,11.3,29.0,20.8,3.26,0.305,Medchal Malikajgiri,TS
2023-11-09,0.3,28.7,20.4,3.62,0.322,Medchal Malikajgiri,TS
2023-11-10,0.0,29.0,20.3,4.22,0.282,Medchal Malikajgiri,TS
2023-11-11,0.0,29.3,19.2,4.37,0.256,Medchal Malikajgiri,TS
2023-11-12,0.0,30.5,20.0,4.8,0.236,Medchal Malikajgiri,TS
2023-11-13,0.0,29.7,18.5,4.47,0.22,Medchal Malikajgiri,TS
2023-11-14,0.0,29.4,19.5,4.13,0.207,Medchal Malikajgiri,TS
2023-11-15,0.0,28.9,18.8,4.59,0.198,Medchal Malikajgiri,TS
2023-11-16,0.0,28.9,18.8,4.84,0.19,Medchal Malikajgiri,TS
2023-11-17,0.0,29.4,19.0,4.43,0.182,Medchal Malikajgiri,TS
2023-11-18,0.0,29.2,19.1,4.27,0.174,Medchal Malikajgiri,TS
2023-11-19,0.0,29.5,19.3,4.2,0.169,Medchal Malikajgiri,TS
2023-11-20,0.0,29.2,18.1,4.07,0.168,Medchal Malikajgiri,TS
2023-11-21,0.7,28.7,19.1,3.41,0.167,Medchal Malikajgiri,TS
2023-11-22,1.3,29.0,19.6,3.45,0.165,Medchal Malikajgiri,TS
2023-11-23,4.7,26.9,20.5,2.7,0.183,Medchal Malikajgiri,TS
2023-11-24,2.7,26.8,20.2,2.32,0.206,Medchal Malikajgiri,TS
2023-11-25,0.0,28.1,19.9,3.71,0.23,Medchal Malikajgiri,TS
2023-11-26,1.2,27.8,20.3,3.53,0.229,Medchal Malikajgiri,TS
2023-11-27,0.0,28.3,19.4,3.98,0.22,Medchal Malikajgiri,TS
2023-11-28,0.3,28.8,19.7,3.7,0.208,Medchal Malikajgiri,TS
2023-11-29,0.6,28.1,19.7,4.03,0.229,Medchal Malikajgiri,TS
2023-11-30,0.0,28.8,19.7,3.9,0.227,Medchal Malikajgiri,TS
2023-12-01,0.0,28.8,19.1,4.21,0.216,Medchal Malikajgiri,TS
2023-12-02,0.0,29.4,18.5,4.42,0.204,Medchal Malikajgiri,TS
2023-12-03,0.0,29.9,19.5,4.3,0.194,Medchal Malikajgiri,TS
2023-12-04,1.2,27.7,21.1,3.01,0.188,Medchal Malikajgiri,TS
2023-12-05,6.8,24.3,20.3,1.83,0.234,Medchal Malikajgiri,TS
2023-12-06,1.9,28.1,19.3,3.12,0.236,Medchal Malikajgiri,TS
2023-12-07,0.0,27.8,18.3,3.33,0.236,Medchal Malikajgiri,TS
2023-12-08,0.0,28.2,16.4,3.66,0.227,Medchal Malikajgiri,TS
2023-12-09,0.0,28.1,17.4,3.8,0.214,Medchal Malikajgiri,TS
2023-12-10,0.0,27.7,17.6,3.98,0.201,Medchal Malikajgiri,TS
2023-12-11,0.0,27.6,16.4,4.08,0.188,Medchal Malikajgiri,TS
2023-12-12,0.0,27.1,15.9,4.0,0.177,Medchal Malikajgiri,TS
2023-12-13,0.0,26.8,16.2,3.97,0.169,Medchal Malikajgiri,TS
2023-12-14,0.0,26.3,15.3,3.8,0.165,Medchal Malikajgiri,TS
2023-12-15,0.0,26.3,16.9,3.79,0.16,Medchal Malikajgiri,TS
2023-12-16,0.0,26.2,17.5,2.38,0.16,Medchal Malikajgiri,TS
2023-12-17,0.0,27.1,17.9,4.15,0.161,Medchal Malikajgiri,TS
2023-12-18,0.0,26.6,18.0,4.18,0.16,Medchal Malikajgiri,TS
2023-12-19,0.0,26.2,16.9,4.2,0.159,Medchal Malikajgiri,TS
2023-12-20,0.0,26.5,16.5,4.3,0.154,Medchal Malikajgiri,TS
2023-12-21,0.0,27.4,14.8,4.21,0.149,Medchal Malikajgiri,TS
2023-12-22,0.0,27.9,14.3,3.99,0.146,Medchal Malikajgiri,TS
2023-12-23,0.0,27.9,15.1,4.02,0.143,Medchal Malikajgiri,TS
2023-12-24,0.0,27.9,15.1,3.84,0.14,Medchal Malikajgiri,TS
2023-12-25,0.0,28.1,16.8,3.73,0.138,Medchal Malikajgiri,TS
2023-12-26,0.0,29.0,15.4,3.96,0.138,Medchal Malikajgiri,TS
2023-12-27,0.0,27.9,15.4,4.0,0.138,Medchal Malikajgiri,TS
2023-12-28,0.0,27.1,16.0,3.78,0.141,Medchal Malikajgiri,TS
2023-12-29,0.0,27.1,14.6,3.75,0.143,Medchal Malikajgiri,TS
2023-12-30,0.0,27.8,14.5,3.93,0.146,Medchal Malikajgiri,TS
2023-12-31,0.0,27.5,14.6,3.9,0.151,Medchal Malikajgiri,TS
2024-01-01,0.0,27.2,15.1,3.74,0.152,Medchal Malikajgiri,TS
2024-01-02,0.0,26.8,15.1,3.57,0.154,Medchal Malikajgiri,TS
2024-01-03,0.0,26.7,17.0,3.91,0.157,Medchal Malikajgiri,TS
2024-01-04,0.0,27.3,18.0,3.94,0.162,Medchal Malikajgiri,TS
2024-01-05,0.0,27.0,16.8,4.02,0.169,Medchal Malikajgiri,TS
2024-01-06,0.0,27.1,16.7,3.85,0.173,Medchal Malikajgiri,TS
2024-01-07,0.0,26.4,17.3,3.76,0.177,Medchal Malikajgiri,TS
2024-01-08,0.0,27.0,16.1,4.37,0.18,Medchal Malikajgiri,TS
2024-01-09,0.0,27.8,17.7,4.47,0.174,Medchal Malikajgiri,TS
2024-01-10,0.3,26.0,18.0,2.92,0.174,Medchal Malikajgiri,TS
2024-01-11,0.0,29.1,18.6,4.13,0.173,Medchal Malikajgiri,TS
2024-01-12,0.0,29.5,18.4,4.14,0.167,Medchal Malikajgiri,TS
2024-01-13,0.0,29.7,17.6,3.62,0.166,Medchal Malikajgiri,TS
2024-01-14,0.0,30.1,19.3,4.32,0.166,Medchal Malikajgiri,TS
2024-01-15,0.0,30.0,18.2,4.19,0.163,Medchal Malikajgiri,TS
2024-01-16,0.0,29.3,17.6,4.28,0.16,Medchal Malikajgiri,TS
2024-01-17,0.0,29.3,17.8,4.45,0.159,Medchal Malikajgiri,TS
2024-01-18,0.0,28.5,17.5,3.99,0.156,Medchal Malikajgiri,TS
2024-01-19,0.0,29.3,17.0,4.12,0.152,Medchal Malikajgiri,TS
2024-01-20,0.0,28.8,18.7,4.16,0.15,Medchal Malikajgiri,TS
2024-01-21,0.0,29.5,18.0,4.27,0.147,Medchal Malikajgiri,TS
2024-01-22,0.0,30.4,19.7,4.35,0.142,Medchal Malikajgiri,TS
2024-01-23,0.0,30.3,19.2,4.69,0.137,Medchal Malikajgiri,TS
2024-01-24,0.0,29.0,18.9,3.99,0.132,Medchal Malikajgiri,TS
2024-01-25,0.0,28.1,18.2,3.4,0.133,Medchal Malikajgiri,TS
2024-01-26,0.0,29.2,17.8,3.94,0.135,Medchal Malikajgiri,TS
2024-01-27,0.0,28.7,18.0,3.88,0.138,Medchal Malikajgiri,TS
2024-01-28,0.0,28.7,16.4,4.59,0.134,Medchal Malikajgiri,TS
2024-01-29,0.0,28.8,15.7,4.29,0.137,Medchal Malikajgiri,TS
2024-01-30,0.0,28.8,16.5,4.49,0.14,Medchal Malikajgiri,TS
2024-01-31,0.0,30.8,16.9,4.79,0.136,Medchal Malikajgiri,TS
2024-02-01,0.0,30.6,18.0,5.04,0.137,Medchal Malikajgiri,TS
2024-02-02,0.0,30.4,18.6,4.6,0.14,Medchal Malikajgiri,TS
2024-02-03,0.5,29.1,19.2,4.29,0.145,Medchal Malikajgiri,TS
2024-02-04,0.0,30.8,19.4,4.78,0.14,Medchal Malikajgiri,TS
2024-02-05,0.0,32.2,19.0,4.61,0.136,Medchal Malikajgiri,TS
2024-02-06,0.0,32.5,20.1,4.66,0.127,Medchal Malikajgiri,TS
2024-02-07,0.0,33.1,20.1,4.86,0.125,Medchal Malikajgiri,TS
2024-02-08,0.0,32.8,20.9,5.14,0.125,Medchal Malikajgiri,TS
2024-02-09,0.0,31.8,19.2,5.37,0.121,Medchal Malikajgiri,TS
2024-02-10,0.4,32.0,20.5,5.0,0.126,Medchal Malikajgiri,TS
2024-02-11,0.0,32.3,20.1,5.28,0.125,Medchal Malikajgiri,TS
2024-02-12,0.0,31.1,18.9,5.45,0.124,Medchal Malikajgiri,TS
2024-02-13,0.0,31.9,17.8,5.57,0.123,Medchal Malikajgiri,TS
2024-02-14,0.0,32.0,18.5,5.47,0.123,Medchal Malikajgiri,TS
2024-02-15,0.0,31.4,19.0,5.82,0.123,Medchal Malikajgiri,TS
2024-02-16,0.0,31.5,17.7,6.01,0.123,Medchal Malikajgiri,TS
2024-02-17,0.0,32.6,17.0,6.1,0.122,Medchal Malikajgiri,TS
2024-02-18,0.0,33.4,17.4,6.3,0.122,Medchal Malikajgiri,TS
2024-02-19,0.0,33.5,19.2,6.5,0.121,Medchal Malikajgiri,TS
2024-02-20,0.0,33.3,19.0,5.74,0.122,Medchal Malikajgiri,TS
2024-02-21,0.0,32.7,19.8,6.04,0.12,Medchal Malikajgiri,TS
2024-02-22,0.0,32.9,19.1,5.81,0.119,Medchal Malikajgiri,TS
2024-02-23,0.0,32.0,19.5,5.83,0.121,Medchal Malikajgiri,TS
2024-02-24,0.1,33.3,18.9,5.15,0.117,Medchal Malikajgiri,TS
2024-02-25,0.5,31.6,22.0,4.54,0.125,Medchal Malikajgiri,TS
2024-02-26,0.0,31.8,20.5,5.57,0.128,Medchal Malikajgiri,TS
2024-02-27,0.0,32.9,19.5,5.8,0.131,Medchal Malikajgiri,TS
2024-02-28,0.0,32.4,19.3,5.67,0.134,Medchal Malikajgiri,TS
2024-02-29,0.0,33.4,19.4,5.67,0.136,Medchal Malikajgiri,TS
2024-03-01,0.0,33.4,19.7,5.98,0.137,Medchal Malikajgiri,TS
2024-03-02,0.0,35.2,21.8,6.6,0.135,Medchal Malikajgiri,TS
2024-03-03,0.0,34.6,21.3,6.28,0.133,Medchal Malikajgiri,TS
2024-03-04,0.0,34.1,20.7,5.9,0.132,Medchal Malikajgiri,TS
2024-03-05,0.0,34.2,20.9,5.97,0.131,Medchal Malikajgiri,TS
2024-03-06,0.0,35.9,22.0,6.27,0.132,Medchal Malikajgiri,TS
2024-03-07,0.0,35.5,22.4,6.23,0.13,Medchal Malikajgiri,TS
2024-03-08,0.0,35.0,20.8,6.27,0.124,Medchal Malikajgiri,TS
2024-03-09,0.0,35.3,21.7,5.33,0.123,Medchal Malikajgiri,TS
2024-03-10,0.0,34.1,22.7,5.71,0.123,Medchal Malikajgiri,TS
2024-03-11,0.0,34.2,23.0,5.5,0.119,Medchal Malikajgiri,TS
2024-03-12,0.0,36.1,23.0,5.86,0.122,Medchal Malikajgiri,TS
2024-03-13,0.0,37.1,25.0,6.69,0.12,Medchal Malikajgiri,TS
2024-03-14,0.1,35.7,23.2,5.71,0.125,Medchal Malikajgiri,TS
2024-03-15,0.0,36.7,22.1,6.78,0.124,Medchal Malikajgiri,TS
2024-03-16,3.4,34.6,22.2,5.45,0.133,Medchal Malikajgiri,TS
2024-03-17,14.7,32.6,22.2,4.2,0.157,Medchal Malikajgiri,TS
2024-03-18,0.0,31.3,23.0,4.18,0.134,Medchal Malikajgiri,TS
2024-03-19,0.0,34.3,22.6,5.63,0.139,Medchal Malikajgiri,TS
2024-03-20,0.1,30.4,20.5,5.74,0.142,Medchal Malikajgiri,TS
2024-03-21,0.0,31.9,19.8,5.94,0.142,Medchal Malikajgiri,TS
2024-03-22,0.0,34.4,20.1,5.96,0.141,Medchal Malikajgiri,TS
2024-03-23,0.0,35.1,20.5,6.14,0.139,Medchal Malikajgiri,TS
2024-03-24,0.2,34.2,22.5,6.18,0.138,Medchal Malikajgiri,TS
2024-03-25,0.0,35.1,22.5,5.85,0.142,Medchal Malikajgiri,TS
2024-03-26,0.0,35.9,22.5,6.85,0.143,Medchal Malikajgiri,TS
2024-03-27,0.0,35.9,23.0,7.31,0.143,Medchal Malikajgiri,TS
2024-03-28,0.0,37.1,22.4,6.71,0.145,Medchal Malikajgiri,TS
2024-03-29,0.0,37.7,23.2,7.34,0.147,Medchal Malikajgiri,TS
2024-03-30,0.0,37.3,23.4,6.95,0.154,Medchal Malikajgiri,TS
2024-03-31,0.0,36.2,23.0,6.7,0.156,Medchal Malikajgiri,TS
2024-04-01,0.0,36.8,22.9,6.63,0.157,Medchal Malikajgiri,TS
2024-04-02,0.0,37.1,23.7,6.08,0.147,Medchal Malikajgiri,TS
2024-04-03,0.0,37.6,24.0,6.36,0.142,Medchal Malikajgiri,TS
2024-04-04,0.0,38.1,24.0,6.71,0.137,Medchal Malikajgiri,TS
2024-04-05,0.0,39.2,25.2,6.78,0.14,Medchal Malikajgiri,TS
2024-04-06,0.0,37.9,26.2,7.2,0.142,Medchal Malikajgiri,TS
2024-04-07,0.0,38.8,25.7,7.61,0.141,Medchal Malikajgiri,TS
2024-04-08,0.0,36.2,25.6,7.97,0.145,Medchal Malikajgiri,TS
2024-04-09,0.0,34.4,23.2,6.62,0.137,Medchal Malikajgiri,TS
2024-04-10,0.0,34.8,23.8,6.96,0.134,Medchal Malikajgiri,TS
2024-04-11,0.1,34.6,23.9,6.75,0.135,Medchal Malikajgiri,TS
2024-04-12,2.8,30.3,23.4,5.0,0.153,Medchal Malikajgiri,TS
2024-04-13,1.8,31.6,21.6,5.07,0.231,Medchal Malikajgiri,TS
2024-04-14,0.0,34.9,23.6,6.51,0.234,Medchal Malikajgiri,TS
2024-04-15,0.0,36.1,22.7,6.56,0.209,Medchal Malikajgiri,TS
2024-04-16,0.0,36.3,24.2,6.71,0.188,Medchal Malikajgiri,TS
2024-04-17,0.2,36.5,25.0,6.26,0.169,Medchal Malikajgiri,TS
2024-04-18,0.0,37.8,26.2,6.12,0.156,Medchal Malikajgiri,TS
2024-04-19,0.2,36.6,27.2,6.39,0.15,Medchal Malikajgiri,TS
2024-04-20,0.0,35.9,25.9,5.55,0.152,Medchal Malikajgiri,TS
2024-04-21,0.4,36.3,26.0,6.25,0.162,Medchal Malikajgiri,TS
2024-04-22,0.0,36.5,25.1,6.33,0.156,Medchal Malikajgiri,TS
2024-04-23,0.0,37.3,22.6,6.47,0.154,Medchal Malikajgiri,TS
2024-04-24,0.0,37.2,22.4,7.02,0.145,Medchal Malikajgiri,TS
2024-04-25,0.0,37.6,24.4,6.89,0.144,Medchal Malikajgiri,TS
2024-04-26,0.0,39.5,23.4,6.99,0.138,Medchal Malikajgiri,TS
2024-04-27,0.0,37.7,24.8,7.15,0.135,Medchal Malikajgiri,TS
2024-04-28,0.0,39.5,26.5,7.27,0.13,Medchal Malikajgiri,TS
2024-04-29,0.0,38.6,26.0,6.85,0.131,Medchal Malikajgiri,TS
2024-04-30,0.0,39.3,25.7,7.11,0.127,Medchal Malikajgiri,TS
2024-05-01,0.0,39.3,27.2,8.06,0.128,Medchal Malikajgiri,TS
2024-05-02,0.0,38.8,25.8,8.08,0.13,Medchal Malikajgiri,TS
2024-05-03,0.0,39.5,25.2,7.61,0.127,Medchal Malikajgiri,TS
2024-05-04,0.0,40.4,24.3,7.18,0.126,Medchal Malikajgiri,TS
2024-05-05,0.0,39.0,25.2,7.43,0.125,Medchal Malikajgiri,TS
2024-05-06,0.0,39.9,25.5,7.31,0.123,Medchal Malikajgiri,TS
2024-05-07,14.7,34.2,24.0,5.75,0.168,Medchal Malikajgiri,TS
2024-05-08,0.1,36.4,23.1,6.03,0.18,Medchal Malikajgiri,TS
2024-05-09,12.1,36.3,24.6,5.71,0.176,Medchal Malikajgiri,TS
2024-05-10,27.0,34.0,22.4,4.6,0.291,Medchal Malikajgiri,TS
2024-05-11,0.0,36.7,24.3,6.55,0.146,Medchal Malikajgiri,TS
2024-05-12,1.0,35.9,25.0,5.94,0.144,Medchal Malikajgiri,TS
2024-05-13,1.3,34.7,23.8,5.39,0.152,Medchal Malikajgiri,TS
2024-05-14,0.5,35.0,23.5,5.92,0.153,Medchal Malikajgiri,TS
2024-05-15,1.0,36.0,24.6,6.03,0.15,Medchal Malikajgiri,TS
2024-05-16,15.2,33.1,24.1,4.95,0.17,Medchal Malikajgiri,TS
2024-05-17,2.0,32.0,22.8,4.85,0.285,Medchal Malikajgiri,TS
2024-05-18,4.3,31.8,23.5,4.0,0.311,Medchal Malikajgiri,TS
2024-05-19,3.3,31.8,23.2,4.37,0.321,Medchal Malikajgiri,TS
2024-05-20,5.4,32.5,23.0,4.53,0.301,Medchal Malikajgiri,TS
2024-05-21,0.0,33.1,24.4,5.64,0.252,Medchal Malikajgiri,TS
2024-05-22,1.1,34.4,24.1,5.27,0.231,Medchal Malikajgiri,TS
2024-05-23,0.0,34.7,24.6,5.05,0.216,Medchal Malikajgiri,TS
2024-05-24,0.0,38.0,25.7,6.61,0.2,Medchal Malikajgiri,TS
2024-05-25,1.3,35.5,27.2,4.03,0.197,Medchal Malikajgiri,TS
2024-05-26,0.1,36.8,27.7,7.95,0.182,Medchal Malikajgiri,TS
2024-05-27,0.0,37.5,27.8,7.71,0.181,Medchal Malikajgiri,TS
2024-05-28,0.0,36.8,26.6,7.66,0.173,Medchal Malikajgiri,TS
2024-05-29,0.0,37.6,27.1,8.14,0.164,Medchal Malikajgiri,TS
2024-05-30,0.0,37.6,27.7,7.86,0.151,Medchal Malikajgiri,TS
2024-05-31,0.0,38.4,28.2,8.06,0.14,Medchal Malikajgiri,TS
2024-06-01,0.0,39.0,28.0,6.86,0.14,Medchal Malikajgiri,TS
2024-06-02,30.7,37.2,25.7,4.88,0.221,Medchal Malikajgiri,TS
2024-06-03,10.8,33.2,22.1,3.97,0.27,Medchal Malikajgiri,TS
2024-06-04,5.0,33.7,25.0,3.75,0.175,Medchal Malikajgiri,TS
2024-06-05,46.5,32.2,24.0,3.7,0.316,Medchal Malikajgiri,TS
2024-06-06,30.4,33.2,23.5,4.54,0.367,Medchal Malikajgiri,TS
2024-06-07,2.8,31.5,22.9,3.89,0.343,Medchal Malikajgiri,TS
2024-06-08,11.6,31.0,23.6,3.73,0.346,Medchal Malikajgiri,TS
2024-06-09,1.3,29.8,22.5,3.89,0.344,Medchal Malikajgiri,TS
2024-06-10,10.2,29.9,23.3,3.37,0.35,Medchal Malikajgiri,TS
2024-06-11,15.2,30.9,22.9,3.48,0.376,Medchal Malikajgiri,TS
2024-06-12,5.2,30.7,22.2,3.55,0.354,Medchal Malikajgiri,TS
2024-06-13,28.9,31.7,23.1,4.49,0.38,Medchal Malikajgiri,TS
2024-06-14,6.6,29.7,22.9,3.86,0.392,Medchal Malikajgiri,TS
2024-06-15,2.4,31.3,23.2,4.82,0.35,Medchal Malikajgiri,TS
2024-06-16,3.2,30.6,23.6,4.37,0.318,Medchal Malikajgiri,TS
2024-06-17,2.9,31.6,23.0,4.22,0.312,Medchal Malikajgiri,TS
2024-06-18,0.2,31.7,23.4,4.93,0.278,Medchal Malikajgiri,TS
2024-06-19,7.1,29.9,23.6,4.21,0.289,Medchal Malikajgiri,TS
2024-06-20,1.2,31.7,24.3,5.15,0.238,Medchal Malikajgiri,TS
2024-06-21,3.4,31.9,24.3,4.7,0.229,Medchal Malikajgiri,TS
2024-06-22,17.7,28.0,23.3,1.91,0.307,Medchal Malikajgiri,TS
2024-06-23,1.8,31.4,22.8,4.83,0.251,Medchal Malikajgiri,TS
2024-06-24,0.0,31.0,23.4,4.71,0.248,Medchal Malikajgiri,TS
2024-06-25,30.0,32.2,23.8,4.73,0.275,Medchal Malikajgiri,TS
2024-06-26,8.3,31.0,23.8,4.16,0.324,Medchal Malikajgiri,TS
2024-06-27,36.5,26.6,23.3,2.17,0.38,Medchal Malikajgiri,TS
2024-06-28,14.5,28.9,22.8,3.25,0.354,Medchal Malikajgiri,TS
2024-06-29,2.6,29.6,23.0,4.07,0.312,Medchal Malikajgiri,TS
2024-06-30,8.3,28.0,23.4,2.36,0.337,Medchal Malikajgiri,TS
2024-07-01,0.9,27.9,23.2,2.93,0.329,Medchal Malikajgiri,TS
2024-07-02,4.3,30.1,23.4,4.21,0.311,Medchal Malikajgiri,TS
2024-07-03,0.0,30.5,23.1,4.45,0.3,Medchal Malikajgiri,TS
2024-07-04,0.5,30.7,23.5,4.61,0.271,Medchal Malikajgiri,TS
2024-07-05,4.4,31.1,23.4,4.57,0.253,Medchal Malikajgiri,TS
2024-07-06,8.0,29.3,23.0,3.75,0.342,Medchal Malikajgiri,TS
2024-07-07,12.5,28.3,22.5,2.98,0.35,Medchal Malikajgiri,TS
2024-07-08,17.1,27.9,22.3,2.76,0.378,Medchal Malikajgiri,TS
2024-07-09,13.4,28.4,22.6,3.5,0.383,Medchal Malikajgiri,TS
2024-07-10,3.2,30.1,22.3,4.31,0.352,Medchal Malikajgiri,TS
2024-07-11,5.2,30.4,22.8,4.41,0.315,Medchal Malikajgiri,TS
2024-07-12,4.6,30.7,22.9,5.1,0.305,Medchal Malikajgiri,TS
2024-07-13,3.6,29.5,22.9,4.33,0.311,Medchal Malikajgiri,TS
2024-07-14,16.3,25.5,22.8,1.69,0.361,Medchal Malikajgiri,TS
2024-07-15,15.3,26.6,23.0,2.45,0.4,Medchal Malikajgiri,TS
2024-07-16,12.5,28.9,22.6,3.78,0.408,Medchal Malikajgiri,TS
2024-07-17,2.1,28.4,22.4,3.45,0.39,Medchal Malikajgiri,TS
2024-07-18,11.0,27.2,22.7,2.72,0.4,Medchal Malikajgiri,TS
2024-07-19,26.3,26.8,22.2,2.22,0.425,Medchal Malikajgiri,TS
2024-07-20,16.7,25.5,22.5,1.8,0.423,Medchal Malikajgiri,TS
2024-07-21,15.3,27.7,22.2,2.73,0.418,Medchal Malikajgiri,TS
2024-07-22,7.9,26.1,22.4,2.36,0.419,Medchal Malikajgiri,TS
2024-07-23,17.3,25.7,22.6,2.07,0.42,Medchal Malikajgiri,TS
2024-07-24,20.8,23.8,22.1,1.39,0.424,Medchal Malikajgiri,TS
2024-07-25,19.9,24.4,22.1,1.48,0.426,Medchal Malikajgiri,TS
2024-07-26,12.9,26.6,21.6,2.21,0.42,Medchal Malikajgiri,TS
2024-07-27,11.3,24.9,22.6,1.9,0.419,Medchal Malikajgiri,TS
2024-07-28,3.7,28.7,22.4,4.28,0.411,Medchal Malikajgiri,TS
2024-07-29,9.7,28.8,22.6,4.02,0.405,Medchal Malikajgiri,TS
2024-07-30,0.0,29.1,22.9,3.72,0.385,Medchal Malikajgiri,TS
2024-07-31,0.6,29.7,23.1,4.55,0.364,Medchal Malikajgiri,TS
2024-08-01,5.6,28.5,23.3,3.17,0.379,Medchal Malikajgiri,TS
2024-08-02,12.0,27.5,22.6,2.62,0.406,Medchal Malikajgiri,TS
2024-08-03,0.1,27.4,22.8,3.31,0.379,Medchal Malikajgiri,TS
2024-08-04,13.5,28.3,22.6,3.83,0.387,Medchal Malikajgiri,TS
2024-08-05,1.4,29.6,22.2,4.38,0.377,Medchal Malikajgiri,TS
2024-08-06,14.9,28.8,22.2,3.61,0.384,Medchal Malikajgiri,TS
2024-08-07,30.1,24.2,22.1,1.46,0.42,Medchal Malikajgiri,TS
2024-08-08,10.3,28.3,21.8,3.25,0.417,Medchal Malikajgiri,TS
2024-08-09,2.7,30.0,21.7,4.48,0.399,Medchal Malikajgiri,TS
2024-08-10,0.1,29.8,22.5,5.1,0.372,Medchal Malikajgiri,TS
2024-08-11,0.2,29.2,22.6,4.44,0.357,Medchal Malikajgiri,TS
2024-08-12,34.5,27.3,22.6,2.18,0.388,Medchal Malikajgiri,TS
2024-08-13,1.9,29.9,22.4,4.59,0.349,Medchal Malikajgiri,TS
2024-08-14,0.5,30.0,23.3,4.22,0.346,Medchal Malikajgiri,TS
2024-08-15,3.6,30.4,23.2,4.14,0.335,Medchal Malikajgiri,TS
2024-08-16,10.2,30.1,22.8,3.63,0.367,Medchal Malikajgiri,TS
2024-08-17,2.0,29.8,22.5,3.92,0.372,Medchal Malikajgiri,TS
2024-08-18,14.4,30.5,23.1,4.11,0.39,Medchal Malikajgiri,TS
2024-08-19,25.4,28.7,22.7,2.85,0.417,Medchal Malikajgiri,TS
2024-08-20,5.8,29.1,22.9,3.4,0.413,Medchal Malikajgiri,TS
2024-08-21,9.9,30.3,22.3,4.69,0.406,Medchal Malikajgiri,TS
2024-08-22,16.3,29.6,22.6,3.62,0.409,Medchal Malikajgiri,TS
2024-08-23,0.8,28.4,22.9,3.57,0.405,Medchal Malikajgiri,TS
2024-08-24,11.7,26.6,22.6,2.57,0.407,Medchal Malikajgiri,TS
2024-08-25,8.8,26.2,21.8,2.57,0.416,Medchal Malikajgiri,TS
2024-08-26,1.9,28.8,22.2,4.41,0.394,Medchal Malikajgiri,TS
2024-08-27,3.8,29.0,22.0,4.35,0.378,Medchal Malikajgiri,TS
2024-08-28,0.3,28.7,22.0,4.38,0.376,Medchal Malikajgiri,TS
2024-08-29,1.7,28.9,22.0,4.2,0.36,Medchal Malikajgiri,TS
2024-08-30,17.9,24.5,22.6,1.4,0.389,Medchal Malikajgiri,TS
2024-08-31,24.4,24.9,21.6,1.58,0.414,Medchal Malikajgiri,TS
2024-09-01,74.9,22.9,21.6,1.11,0.429,Medchal Malikajgiri,TS
2024-09-02,12.7,25.0,21.7,2.06,0.419,Medchal Malikajgiri,TS
2024-09-03,9.4,26.7,22.5,2.66,0.412,Medchal Malikajgiri,TS
2024-09-04,5.2,28.2,22.3,3.25,0.419,Medchal Malikajgiri,TS
2024-09-05,1.8,29.0,22.3,3.6,0.41,Medchal Malikajgiri,TS
2024-09-06,4.0,28.9,22.5,3.97,0.403,Medchal Malikajgiri,TS
2024-09-07,12.0,26.2,22.6,1.99,0.415,Medchal Malikajgiri,TS
2024-09-08,12.9,26.1,22.3,1.62,0.418,Medchal Malikajgiri,TS
2024-09-09,10.8,24.7,22.2,1.51,0.423,Medchal Malikajgiri,TS
2024-09-10,6.5,28.7,22.3,3.59,0.412,Medchal Malikajgiri,TS
2024-09-11,0.2,28.7,21.7,4.57,0.39,Medchal Malikajgiri,TS
2024-09-12,0.1,28.3,21.9,4.33,0.374,Medchal Malikajgiri,TS
2024-09-13,0.0,28.4,21.8,5.12,0.358,Medchal Malikajgiri,TS
2024-09-14,0.0,28.9,21.6,5.02,0.343,Medchal Malikajgiri,TS
2024-09-15,0.4,29.2,21.7,5.18,0.333,Medchal Malikajgiri,TS
2024-09-16,0.6,27.0,21.8,3.73,0.327,Medchal Malikajgiri,TS
2024-09-17,0.0,29.5,21.7,5.23,0.313,Medchal Malikajgiri,TS
2024-09-18,0.1,29.5,21.0,5.09,0.298,Medchal Malikajgiri,TS
2024-09-19,0.0,30.1,21.2,4.99,0.283,Medchal Malikajgiri,TS
2024-09-20,1.8,30.1,21.9,4.73,0.272,Medchal Malikajgiri,TS
2024-09-21,9.2,29.2,22.2,3.22,0.32,Medchal Malikajgiri,TS
2024-09-22,4.7,27.8,22.1,3.1,0.347,Medchal Malikajgiri,TS
2024-09-23,9.4,29.2,22.3,2.97,0.365,Medchal Malikajgiri,TS
2024-09-24,12.8,29.0,22.1,2.94,0.389,Medchal Malikajgiri,TS
2024-09-25,16.1,28.1,22.3,3.21,0.415,Medchal Malikajgiri,TS
2024-09-26,4.5,27.5,22.6,2.81,0.41,Medchal Malikajgiri,TS
2024-09-27,0.2,28.6,22.3,3.5,0.387,Medchal Malikajgiri,TS
2024-09-28,0.0,29.3,21.9,3.96,0.365,Medchal Malikajgiri,TS
2024-09-29,1.1,30.1,21.5,4.23,0.353,Medchal Malikajgiri,TS
2024-09-30,1.8,29.4,22.4,3.97,0.339,Medchal Malikajgiri,TS
2024-10-01,4.0,31.0,22.6,4.28,0.333,Medchal Malikajgiri,TS
2024-10-02,5.8,31.4,22.1,4.58,0.339,Medchal Malikajgiri,TS
2024-10-03,1.2,31.1,22.1,4.58,0.32,Medchal Malikajgiri,TS
2024-10-04,1.4,30.7,22.2,4.49,0.314,Medchal Malikajgiri,TS
2024-10-05,0.2,29.9,22.3,4.28,0.299,Medchal Malikajgiri,TS
2024-10-06,4.1,30.4,21.9,3.8,0.291,Medchal Malikajgiri,TS
2024-10-07,1.4,28.8,21.4,3.94,0.292,Medchal Malikajgiri,TS
2024-10-08,0.0,29.5,21.4,4.44,0.278,Medchal Malikajgiri,TS
2024-10-09,1.5,29.3,22.1,4.08,0.268,Medchal Malikajgiri,TS
2024-10-10,1.6,28.6,22.3,3.87,0.275,Medchal Malikajgiri,TS
2024-10-11,9.9,28.4,22.2,3.23,0.331,Medchal Malikajgiri,TS
2024-10-12,5.4,28.9,21.9,3.4,0.314,Medchal Malikajgiri,TS
2024-10-13,1.5,29.3,21.9,3.54,0.307,Medchal Malikajgiri,TS
2024-10-14,2.1,28.7,21.3,3.48,0.286,Medchal Malikajgiri,TS
2024-10-15,7.0,29.1,21.9,3.08,0.293,Medchal Malikajgiri,TS
2024-10-16,2.4,28.9,21.7,3.2,0.29,Medchal Malikajgiri,TS
2024-10-17,8.9,28.9,22.7,3.27,0.29,Medchal Malikajgiri,TS
2024-10-18,1.4,28.7,22.6,3.39,0.279,Medchal Malikajgiri,TS
2024-10-19,2.9,29.6,22.3,3.97,0.271,Medchal Malikajgiri,TS
2024-10-20,6.1,29.1,21.0,3.32,0.281,Medchal Malikajgiri,TS
2024-10-21,0.6,28.9,20.4,3.71,0.268,Medchal Malikajgiri,TS
2024-10-22,4.3,29.4,20.2,3.14,0.257,Medchal Malikajgiri,TS
2024-10-23,0.0,30.0,20.7,4.73,0.253,Medchal Malikajgiri,TS
2024-10-24,0.0,30.4,19.6,4.76,0.235,Medchal Malikajgiri,TS
2024-10-25,0.0,29.5,20.1,5.28,0.221,Medchal Malikajgiri,TS
2024-10-26,0.5,29.7,20.8,4.97,0.208,Medchal Malikajgiri,TS
2024-10-27,0.0,30.3,19.5,4.8,0.195,Medchal Malikajgiri,TS
2024-10-28,0.0,30.2,19.9,4.08,0.187,Medchal Malikajgiri,TS
2024-10-29,0.2,30.0,21.0,4.3,0.181,Medchal Malikajgiri,TS
2024-10-30,11.1,29.8,21.4,3.27,0.199,Medchal Malikajgiri,TS
2024-10-31,7.4,27.9,20.9,2.85,0.302,Medchal Malikajgiri,TS
2024-11-01,3.2,29.2,20.8,3.3,0.286,Medchal Malikajgiri,TS
2024-11-02,1.1,29.1,20.8,3.48,0.275,Medchal Malikajgiri,TS
2024-11-03,1.2,28.2,20.5,3.59,0.271,Medchal Malikajgiri,TS
2024-11-04,0.0,29.0,20.0,4.06,0.264,Medchal Malikajgiri,TS
2024-11-05,0.0,29.7,18.2,4.66,0.248,Medchal Malikajgiri,TS
2024-11-06,0.0,29.4,19.2,4.96,0.229,Medchal Malikajgiri,TS
2024-11-07,0.0,29.1,19.2,4.72,0.214,Medchal Malikajgiri,TS
2024-11-08,0.0,28.9,18.5,4.27,0.201,Medchal Malikajgiri,TS
2024-11-09,0.0,29.3,19.4,4.32,0.192,Medchal Malikajgiri,TS
2024-11-10,0.0,29.0,19.8,5.02,0.188,Medchal Malikajgiri,TS
2024-11-11,0.0,28.5,19.2,4.78,0.184,Medchal Malikajgiri,TS
2024-11-12,0.0,29.2,20.2,4.83,0.161,Medchal Malikajgiri,TS
2024-11-13,0.2,30.0,20.6,4.13,0.104,Medchal Malikajgiri,TS
2024-11-14,0.6,29.4,20.7,3.04,0.105,Medchal Malikajgiri,TS
2024-11-15,0.0,30.9,20.8,4.29,0.095,Medchal Malikajgiri,TS
2024-11-16,0.0,30.1,19.7,5.0,0.097,Medchal Malikajgiri,TS
2024-11-17,0.0,28.6,19.0,4.97,0.098,Medchal Malikajgiri,TS
2024-11-18,0.0,27.8,18.1,4.71,0.101,Medchal Malikajgiri,TS
2024-11-19,0.0,27.8,16.2,4.62,0.102,Medchal Malikajgiri,TS
2024-11-20,0.0,27.4,15.9,4.46,0.107,Medchal Malikajgiri,TS
2024-11-21,0.0,27.6,16.1,4.4,0.107,Medchal Malikajgiri,TS
2024-11-22,0.0,27.6,16.1,4.37,0.108,Medchal Malikajgiri,TS
2024-11-23,0.0,27.4,15.9,4.1,0.113,Medchal Malikajgiri,TS
2024-11-24,0.0,27.3,16.0,4.09,0.121,Medchal Malikajgiri,TS
2024-11-25,0.0,26.4,15.5,4.25,0.12,Medchal Malikajgiri,TS
2024-11-26,0.0,27.6,16.1,4.41,0.114,Medchal Malikajgiri,TS
2024-11-27,0.0,26.6,16.8,4.59,0.111,Medchal Malikajgiri,TS
2024-11-28,0.0,25.9,16.1,4.95,0.115,Medchal Malikajgiri,TS
2024-11-29,0.0,28.0,16.4,4.42,0.113,Medchal Malikajgiri,TS
2024-11-30,0.0,28.4,19.9,3.53,0.118,Medchal Malikajgiri,TS
2024-12-01,0.3,27.8,20.9,3.01,0.118,Medchal Malikajgiri,TS
2024-12-02,7.1,27.4,21.5,2.09,0.146,Medchal Malikajgiri,TS
2024-12-03,2.3,27.8,21.2,2.74,0.18,Medchal Malikajgiri,TS
2024-12-04,0.9,28.5,21.4,3.21,0.205,Medchal Malikajgiri,TS
2024-12-05,3.8,28.1,21.0,2.63,0.209,Medchal Malikajgiri,TS
2024-12-06,1.2,28.4,20.8,3.14,0.261,Medchal Malikajgiri,TS
2024-12-07,2.1,29.4,20.2,2.97,0.265,Medchal Malikajgiri,TS
2024-12-08,2.2,27.9,20.0,2.42,0.25,Medchal Malikajgiri,TS
2024-12-09,1.7,27.5,20.3,2.88,0.252,Medchal Malikajgiri,TS
2024-12-10,0.7,27.9,19.8,3.48,0.247,Medchal Malikajgiri,TS
2024-12-11,0.0,26.4,17.3,4.1,0.223,Medchal Malikajgiri,TS
2024-12-12,0.0,26.8,14.4,3.84,0.205,Medchal Malikajgiri,TS
2024-12-13,0.0,26.1,16.3,4.05,0.19,Medchal Malikajgiri,TS
2024-12-14,0.0,26.0,16.0,4.12,0.177,Medchal Malikajgiri,TS
2024-12-15,0.0,25.7,14.8,4.07,0.166,Medchal Malikajgiri,TS
2024-12-16,0.0,26.3,12.1,4.05,0.157,Medchal Malikajgiri,TS
2024-12-17,0.0,26.8,12.3,3.86,0.146,Medchal Malikajgiri,TS
2024-12-18,0.0,27.3,13.4,3.99,0.138,Medchal Malikajgiri,TS
2024-12-19,0.0,29.2,15.6,3.82,0.134,Medchal Malikajgiri,TS
2024-12-20,0.3,28.7,19.7,2.81,0.131,Medchal Malikajgiri,TS
2024-12-21,0.1,29.3,18.6,3.84,0.131,Medchal Malikajgiri,TS
2024-12-22,0.0,28.2,18.9,3.53,0.133,Medchal Malikajgiri,TS
2024-12-23,0.0,28.4,17.8,3.85,0.135,Medchal Malikajgiri,TS
2024-12-24,0.0,27.9,19.9,3.88,0.145,Medchal Malikajgiri,TS
2024-12-25,0.2,26.8,18.7,2.79,0.164,Medchal Malikajgiri,TS
2024-12-26,1.9,25.6,19.8,2.15,0.201,Medchal Malikajgiri,TS
2024-12-27,2.4,26.3,19.9,2.6,0.227,Medchal Malikajgiri,TS
2024-12-28,0.0,27.3,17.9,3.61,0.212,Medchal Malikajgiri,TS
2024-12-29,0.0,28.1,17.8,3.74,0.203,Medchal Malikajgiri,TS
2024-12-30,0.0,29.1,17.9,4.02,0.189,Medchal Malikajgiri,TS
2024-12-31,0.0,28.2,17.4,3.84,0.177,Medchal Malikajgiri,TS
2025-01-01,0.0,27.5,17.6,3.94,0.167,Medchal Malikajgiri,TS
2025-01-02,0.0,27.0,15.9,4.11,0.158,Medchal Malikajgiri,TS
2025-01-03,0.0,27.9,15.7,4.54,0.157,Medchal Malikajgiri,TS
2025-01-04,0.0,27.8,14.7,4.44,0.146,Medchal Malikajgiri,TS
2025-01-05,0.0,27.5,15.3,3.95,0.135,Medchal Malikajgiri,TS
2025-01-06,0.0,26.9,14.7,3.84,0.133,Medchal Malikajgiri,TS
2025-01-07,0.0,27.6,15.9,4.04,0.135,Medchal Malikajgiri,TS
2025-01-08,0.0,26.0,15.5,4.17,0.138,Medchal Malikajgiri,TS
2025-01-09,0.0,25.4,13.7,3.98,0.138,Medchal Malikajgiri,TS
2025-01-10,0.0,25.7,14.7,3.9,0.138,Medchal Malikajgiri,TS
2025-01-11,0.0,26.2,16.1,3.95,0.123,Medchal Malikajgiri,TS
2025-01-12,0.0,26.8,16.5,3.67,0.115,Medchal Malikajgiri,TS
2025-01-13,0.0,28.0,16.7,3.88,0.115,Medchal Malikajgiri,TS
2025-01-14,0.0,28.0,16.8,4.03,0.115,Medchal Malikajgiri,TS
2025-01-15,0.0,27.2,17.7,3.71,0.127,Medchal Malikajgiri,TS
2025-01-16,0.0,27.4,17.4,3.67,0.128,Medchal Malikajgiri,TS
2025-01-17,0.0,27.7,17.4,4.18,0.125,Medchal Malikajgiri,TS
2025-01-18,0.0,26.6,16.6,3.83,0.121,Medchal Malikajgiri,TS
2025-01-19,0.0,28.1,16.2,4.32,0.118,Medchal Malikajgiri,TS
2025-01-20,0.0,28.3,16.0,4.56,0.117,Medchal Malikajgiri,TS
2025-01-21,0.0,29.5,14.3,4.48,0.118,Medchal Malikajgiri,TS
2025-01-22,0.0,29.4,15.3,4.51,0.111,Medchal Malikajgiri,TS
2025-01-23,0.0,28.5,15.5,4.17,0.11,Medchal Malikajgiri,TS
2025-01-24,0.0,29.7,16.6,4.46,0.11,Medchal Malikajgiri,TS
2025-01-25,0.0,30.4,15.9,4.49,0.109,Medchal Malikajgiri,TS
2025-01-26,0.0,29.5,18.0,4.5,0.108,Medchal Malikajgiri,TS
2025-01-27,0.0,29.9,17.9,4.36,0.107,Medchal Malikajgiri,TS
2025-01-28,0.0,30.1,17.9,4.56,0.107,Medchal Malikajgiri,TS
2025-01-29,0.0,29.7,17.1,4.52,0.106,Medchal Malikajgiri,TS
2025-01-30,0.0,30.6,16.6,4.65,0.106,Medchal Malikajgiri,TS
2025-01-31,0.0,31.5,17.9,5.0,0.106,Medchal Malikajgiri,TS
2025-02-01,0.0,31.5,18.8,5.15,0.105,Medchal Malikajgiri,TS
2025-02-02,0.0,31.3,18.5,4.94,0.105,Medchal Malikajgiri,TS
2025-02-03,0.0,31.4,19.4,4.98,0.104,Medchal Malikajgiri,TS
2025-02-04,0.0,32.4,18.2,5.28,0.104,Medchal Malikajgiri,TS
2025-02-05,0.0,32.7,20.5,5.34,0.104,Medchal Malikajgiri,TS
2025-02-06,0.0,31.7,19.8,5.26,0.103,Medchal Malikajgiri,TS
2025-02-07,0.0,31.1,19.9,4.63,0.103,Medchal Malikajgiri,TS
2025-02-08,0.0,31.3,20.2,4.93,0.103,Medchal Malikajgiri,TS
2025-02-09,0.0,30.9,19.2,5.12,0.103,Medchal Malikajgiri,TS
2025-02-10,0.0,31.5,18.6,5.05,0.103,Medchal Malikajgiri,TS
2025-02-11,0.0,32.1,19.5,5.12,0.103,Medchal Malikajgiri,TS
2025-02-12,0.0,32.7,20.6,5.28,0.103,Medchal Malikajgiri,TS
2025-02-13,0.0,32.0,19.6,5.13,0.103,Medchal Malikajgiri,TS
2025-02-14,0.0,31.2,18.5,5.1,0.103,Medchal Malikajgiri,TS
2025-02-15,0.0,31.6,18.7,5.25,0.102,Medchal Malikajgiri,TS
2025-02-16,0.0,32.3,19.7,5.32,0.102,Medchal Malikajgiri,TS
2025-02-17,0.0,33.0,20.1,5.37,0.102,Medchal Malikajgiri,TS
2025-02-18,0.0,33.8,20.5,5.42,0.102,Medchal Malikajgiri,TS
2025-02-19,0.0,33.8,21.3,5.72,0.102,Medchal Malikajgiri,TS
2025-02-20,0.0,33.3,20.7,4.95,0.102,Medchal Malikajgiri,TS
2025-02-21,0.0,32.0,20.7,4.83,0.107,Medchal Malikajgiri,TS
2025-02-22,0.0,32.3,20.6,4.93,0.134,Medchal Malikajgiri,TS
2025-02-23,0.0,31.9,20.1,5.62,0.136,Medchal Malikajgiri,TS
2025-02-24,0.0,31.5,19.2,5.98,0.128,Medchal Malikajgiri,TS
2025-02-25,0.0,31.2,18.6,5.44,0.104,Medchal Malikajgiri,TS
2025-02-26,0.0,31.2,19.0,5.41,0.1,Medchal Malikajgiri,TS
2025-02-27,0.0,31.5,19.2,5.45,0.093,Medchal Malikajgiri,TS
2025-02-28,0.0,32.0,18.8,5.51,0.102,Medchal Malikajgiri,TS
2025-03-01,0.0,32.1,19.7,5.82,0.101,Medchal Malikajgiri,TS
2025-03-02,0.0,33.7,20.1,5.75,0.101,Medchal Malikajgiri,TS
2025-03-03,0.0,34.8,21.6,5.65,0.101,Medchal Malikajgiri,TS
2025-03-04,0.0,34.7,22.1,5.53,0.101,Medchal Malikajgiri,TS
2025-03-05,0.0,32.4,21.8,6.29,0.101,Medchal Malikajgiri,TS
2025-03-06,0.0,30.9,18.0,6.35,0.101,Medchal Malikajgiri,TS
2025-03-07,0.0,32.3,17.9,5.96,0.101,Medchal Malikajgiri,TS
2025-03-08,0.0,34.5,20.1,5.84,0.101,Medchal Malikajgiri,TS
2025-03-09,0.0,33.8,19.2,6.32,0.098,Medchal Malikajgiri,TS
2025-03-10,0.0,32.1,19.3,5.61,0.096,Medchal Malikajgiri,TS
2025-03-11,0.0,32.9,19.7,5.81,0.101,Medchal Malikajgiri,TS
2025-03-12,0.0,34.8,20.9,6.08,0.101,Medchal Malikajgiri,TS
2025-03-13,0.0,36.9,22.1,6.39,0.101,Medchal Malikajgiri,TS
2025-03-14,0.0,36.7,23.7,6.33,0.087,Medchal Malikajgiri,TS
2025-03-15,0.0,36.8,23.3,7.1,0.101,Medchal Malikajgiri,TS
2025-03-16,0.0,36.8,23.6,7.56,0.101,Medchal Malikajgiri,TS
2025-03-17,0.0,36.9,23.0,6.88,0.101,Medchal Malikajgiri,TS
2025-03-18,0.0,36.3,23.3,6.88,0.087,Medchal Malikajgiri,TS
2025-03-19,0.0,36.0,22.0,7.37,0.101,Medchal Malikajgiri,TS
2025-03-20,0.0,35.2,20.8,6.37,0.101,Medchal Malikajgiri,TS
2025-03-21,0.5,35.3,21.0,6.12,0.102,Medchal Malikajgiri,TS
2025-03-22,5.4,33.9,21.9,4.96,0.147,Medchal Malikajgiri,TS
2025-03-23,0.3,32.3,21.6,4.76,0.235,Medchal Malikajgiri,TS
2025-03-24,0.0,32.3,21.4,5.08,0.223,Medchal Malikajgiri,TS
2025-03-25,0.0,33.5,20.6,5.52,0.208,Medchal Malikajgiri,TS
2025-03-26,0.0,34.5,21.4,6.1,0.197,Medchal Malikajgiri,TS
2025-03-27,0.0,35.4,21.9,6.32,0.175,Medchal Malikajgiri,TS
2025-03-28,0.0,35.7,23.7,6.0,0.168,Medchal Malikajgiri,TS
2025-03-29,0.0,36.1,24.1,5.96,0.184,Medchal Malikajgiri,TS
2025-03-30,0.0,35.7,24.0,5.98,0.201,Medchal Malikajgiri,TS
2025-03-31,0.0,35.4,23.7,6.45,0.199,Medchal Malikajgiri,TS
2025-04-01,0.5,33.0,21.4,5.81,0.179,Medchal Malikajgiri,TS
2025-04-02,0.0,31.3,21.5,5.37,0.164,Medchal Malikajgiri,TS
2025-04-03,17.2,29.6,20.7,3.97,0.305,Medchal Malikajgiri,TS
2025-04-04,4.1,31.9,20.4,4.95,0.362,Medchal Malikajgiri,TS
2025-04-05,0.0,33.4,22.3,5.6,0.312,Medchal Malikajgiri,TS
2025-04-06,0.0,34.6,21.6,5.75,0.277,Medchal Malikajgiri,TS
2025-04-07,0.0,35.2,22.1,6.04,0.246,Medchal Malikajgiri,TS
2025-04-08,0.5,33.7,21.8,5.63,0.223,Medchal Malikajgiri,TS
2025-04-09,0.0,34.9,22.2,5.92,0.203,Medchal Malikajgiri,TS
2025-04-10,0.0,35.7,23.2,5.93,0.196,Medchal Malikajgiri,TS
2025-04-11,0.0,35.7,23.5,6.59,0.201,Medchal Malikajgiri,TS
2025-04-12,0.0,35.5,23.0,6.99,0.206,Medchal Malikajgiri,TS
2025-04-13,0.0,34.6,23.2,5.91,0.208,Medchal Malikajgiri,TS
2025-04-14,0.0,35.0,22.3,6.14,0.197,Medchal Malikajgiri,TS
2025-04-15,0.0,35.5,22.4,5.98,0.195,Medchal Malikajgiri,TS
2025-04-16,0.0,35.8,22.7,5.93,0.183,Medchal Malikajgiri,TS
2025-04-17,0.1,36.2,23.6,5.7,0.172,Medchal Malikajgiri,TS
2025-04-18,0.0,36.9,22.9,5.89,0.184,Medchal Malikajgiri,TS
2025-04-19,1.5,35.3,25.2,5.23,0.206,Medchal Malikajgiri,TS
2025-04-20,0.0,37.0,25.7,6.11,0.204,Medchal Malikajgiri,TS
2025-04-21,0.1,36.2,25.7,6.35,0.209,Medchal Malikajgiri,TS
2025-04-22,0.0,36.5,25.5,6.12,0.201,Medchal Malikajgiri,TS
2025-04-23,0.0,37.2,25.7,6.42,0.184,Medchal Malikajgiri,TS
2025-04-24,0.3,38.2,25.2,6.64,0.16,Medchal Malikajgiri,TS
2025-04-25,0.2,38.1,26.1,6.22,0.146,Medchal Malikajgiri,TS
2025-04-26,0.6,36.9,25.9,5.81,0.129,Medchal Malikajgiri,TS
2025-04-27,5.4,32.5,23.8,3.62,0.187,Medchal Malikajgiri,TS
2025-04-28,0.0,35.5,23.2,6.12,0.157,Medchal Malikajgiri,TS
2025-04-29,0.0,36.9,22.7,6.22,0.15,Medchal Malikajgiri,TS
2025-04-30,0.1,38.0,23.3,6.63,0.147,Medchal Malikajgiri,TS
2025-05-01,0.0,37.1,23.6,6.19,0.152,Medchal Malikajgiri,TS
2025-05-02,0.0,36.8,24.1,6.25,0.173,Medchal Malikajgiri,TS
2025-05-03,0.0,37.0,25.1,6.91,0.164,Medchal Malikajgiri,TS
2025-05-04,0.0,36.8,23.0,6.43,0.155,Medchal Malikajgiri,TS
2025-05-05,0.0,36.7,22.4,6.31,0.131,Medchal Malikajgiri,TS
2025-05-06,0.0,34.7,22.8,6.06,0.138,Medchal Malikajgiri,TS
2025-05-07,0.0,35.1,24.3,6.2,0.13,Medchal Malikajgiri,TS
2025-05-08,0.0,33.9,23.5,6.18,0.128,Medchal Malikajgiri,TS
2025-05-09,0.0,34.9,23.0,6.38,0.127,Medchal Malikajgiri,TS
2025-05-10,0.3,34.6,24.0,6.22,0.12,Medchal Malikajgiri,TS
2025-05-11,0.0,36.0,24.9,6.41,0.125,Medchal Malikajgiri,TS
2025-05-12,0.1,35.4,25.0,6.48,0.119,Medchal Malikajgiri,TS
2025-05-13,0.7,35.3,24.5,6.0,0.123,Medchal Malikajgiri,TS
2025-05-14,0.4,35.2,24.5,5.95,0.126,Medchal Malikajgiri,TS
2025-05-15,7.4,34.1,23.3,5.34,0.179,Medchal Malikajgiri,TS
2025-05-16,0.0,34.3,24.1,4.31,0.163,Medchal Malikajgiri,TS
2025-05-17,0.4,33.4,25.0,4.93,0.172,Medchal Malikajgiri,TS
2025-05-18,1.1,34.3,24.4,5.3,0.184,Medchal Malikajgiri,TS
2025-05-19,11.3,33.0,22.8,4.93,0.238,Medchal Malikajgiri,TS
2025-05-20,1.3,34.3,25.1,5.24,0.228,Medchal Malikajgiri,TS
2025-05-21,24.9,30.9,23.7,3.85,0.346,Medchal Malikajgiri,TS
2025-05-22,4.1,31.4,23.1,4.05,0.394,Medchal Malikajgiri,TS
2025-05-23,0.1,32.0,24.0,4.87,0.366,Medchal Malikajgiri,TS
2025-05-24,1.5,30.9,23.4,4.32,0.379,Medchal Malikajgiri,TS
2025-05-25,3.1,30.8,22.7,4.85,0.391,Medchal Malikajgiri,TS
2025-05-26,2.0,29.2,23.4,3.36,0.389,Medchal Malikajgiri,TS
2025-05-27,1.2,31.4,22.9,4.18,0.393,Medchal Malikajgiri,TS
2025-05-28,3.1,29.0,23.1,3.32,0.394,Medchal Malikajgiri,TS
2025-05-29,1.8,31.0,23.5,2.86,0.391,Medchal Malikajgiri,TS
2025-05-30,0.1,32.7,23.6,5.97,0.373,Medchal Malikajgiri,TS
2025-05-31,0.0,33.8,24.4,7.18,0.354,Medchal Malikajgiri,TS
2025-06-01,0.5,33.1,23.7,6.8,0.335,Medchal Malikajgiri,TS
2025-06-02,0.6,31.8,23.6,5.95,0.348,Medchal Malikajgiri,TS
2025-06-03,0.7,32.4,23.6,5.45,0.353,Medchal Malikajgiri,TS
2025-06-04,0.3,33.1,23.5,6.37,0.331,Medchal Malikajgiri,TS
2025-06-05,0.1,32.2,23.6,5.19,0.312,Medchal Malikajgiri,TS
2025-06-06,0.3,33.0,23.2,5.3,0.3,Medchal Malikajgiri,TS
2025-06-07,0.0,34.3,24.7,6.22,0.283,Medchal Malikajgiri,TS
2025-06-08,0.1,33.8,24.7,5.95,0.279,Medchal Malikajgiri,TS
2025-06-09,7.1,29.0,22.9,2.57,0.339,Medchal Malikajgiri,TS
2025-06-10,0.5,32.4,24.3,4.97,0.38,Medchal Malikajgiri,TS
2025-06-11,3.8,30.0,23.1,3.94,0.395,Medchal Malikajgiri,TS
2025-06-12,14.4,31.5,22.2,4.36,0.411,Medchal Malikajgiri,TS
2025-06-13,2.5,32.0,23.3,5.14,0.404,Medchal Malikajgiri,TS
2025-06-14,1.3,31.9,23.8,5.33,0.396,Medchal Malikajgiri,TS
2025-06-15,3.3,31.1,23.7,4.64,0.39,Medchal Malikajgiri,TS
2025-06-16,2.4,30.6,23.5,5.17,0.385,Medchal Malikajgiri,TS
2025-06-17,0.0,31.9,23.9,5.92,0.369,Medchal Malikajgiri,TS
2025-06-18,0.3,31.7,23.3,5.83,0.344,Medchal Malikajgiri,TS
2025-06-19,2.0,31.9,23.8,5.43,0.317,Medchal Malikajgiri,TS
2025-06-20,0.4,30.8,23.6,4.78,0.3,Medchal Malikajgiri,TS
2025-06-21,0.4,31.9,23.2,6.26,0.282,Medchal Malikajgiri,TS
2025-06-22,0.6,32.2,23.0,6.22,0.259,Medchal Malikajgiri,TS
2025-06-23,1.1,30.1,23.4,3.99,0.242,Medchal Malikajgiri,TS
2025-06-24,8.4,29.3,23.0,3.8,0.267,Medchal Malikajgiri,TS
2025-06-25,14.1,28.8,23.2,3.13,0.299,Medchal Malikajgiri,TS
2025-06-26,4.3,29.4,22.5,4.1,0.319,Medchal Malikajgiri,TS
2025-06-27,2.7,30.5,23.1,4.83,0.318,Medchal Malikajgiri,TS
2025-06-28,0.0,31.5,23.0,5.22,0.288,Medchal Malikajgiri,TS
2025-06-29,2.6,31.6,22.9,5.86,0.266,Medchal Malikajgiri,TS
2025-06-30,10.3,29.4,22.4,3.6,0.296,Medchal Malikajgiri,TS
2025-07-01,12.4,28.4,22.1,2.38,0.375,Medchal Malikajgiri,TS
2025-07-02,5.2,27.3,22.2,2.36,0.389,Medchal Malikajgiri,TS
2025-07-03,0.6,28.1,23.0,3.21,0.377,Medchal Malikajgiri,TS
2025-07-04,8.8,29.8,23.2,3.98,0.369,Medchal Malikajgiri,TS
2025-07-05,2.2,30.2,23.7,4.96,0.348,Medchal Malikajgiri,TS
2025-07-06,1.8,31.0,23.3,5.23,0.325,Medchal Malikajgiri,TS
2025-07-07,4.7,28.5,22.6,3.86,0.309,Medchal Malikajgiri,TS
2025-07-08,1.7,29.5,22.9,5.08,0.312,Medchal Malikajgiri,TS
2025-07-09,0.2,29.4,23.2,4.29,0.317,Medchal Malikajgiri,TS
2025-07-10,0.7,30.6,22.6,5.24,0.324,Medchal Malikajgiri,TS
2025-07-11,0.0,30.8,22.7,5.37,0.306,Medchal Malikajgiri,TS
2025-07-12,0.3,30.9,23.2,5.57,0.289,Medchal Malikajgiri,TS
2025-07-13,0.2,30.8,23.9,5.58,0.266,Medchal Malikajgiri,TS
2025-07-14,1.4,31.3,23.6,5.6,0.235,Medchal Malikajgiri,TS
2025-07-15,2.5,30.4,23.4,4.83,0.204,Medchal Malikajgiri,TS
2025-07-16,1.5,30.5,23.4,4.89,0.183,Medchal Malikajgiri,TS
2025-07-17,10.5,32.1,22.2,4.57,0.242,Medchal Malikajgiri,TS
2025-07-18,13.3,30.6,22.5,4.2,0.334,Medchal Malikajgiri,TS
2025-07-19,7.1,30.0,22.0,3.93,0.36,Medchal Malikajgiri,TS
2025-07-20,1.8,29.5,23.5,4.42,0.334,Medchal Malikajgiri,TS
2025-07-21,2.8,30.2,22.8,4.37,0.332,Medchal Malikajgiri,TS
2025-07-22,9.7,28.8,22.5,3.5,0.354,Medchal Malikajgiri,TS
2025-07-23,9.5,27.6,22.5,2.46,0.366,Medchal Malikajgiri,TS
2025-07-24,9.5,25.3,22.2,1.78,0.381,Medchal Malikajgiri,TS
2025-07-25,16.8,26.7,22.3,1.82,0.406,Medchal Malikajgiri,TS
2025-07-26,20.7,23.7,22.2,1.16,0.425,Medchal Malikajgiri,TS
2025-07-27,1.0,29.3,22.7,5.18,0.394,Medchal Malikajgiri,TS
2025-07-28,0.0,29.9,22.4,5.42,0.367,Medchal Malikajgiri,TS
2025-07-29,0.2,28.9,22.9,5.02,0.352,Medchal Malikajgiri,TS
2025-07-30,1.4,28.6,22.9,4.7,0.349,Medchal Malikajgiri,TS
2025-07-31,0.6,29.2,22.9,4.38,0.357,Medchal Malikajgiri,TS
2025-08-01,0.0,30.2,22.8,4.91,0.333,Medchal Malikajgiri,TS
2025-08-02,0.3,30.3,23.1,5.28,0.312,Medchal Malikajgiri,TS
2025-08-03,0.7,30.0,22.9,4.87,0.295,Medchal Malikajgiri,TS
2025-08-04,8.4,30.6,22.4,4.01,0.307,Medchal Malikajgiri,TS
2025-08-05,7.3,29.1,22.6,4.12,0.329,Medchal Malikajgiri,TS
2025-08-06,12.9,30.7,22.3,4.72,0.291,Medchal Malikajgiri,TS
2025-08-07,25.2,29.5,23.5,3.57,0.292,Medchal Malikajgiri,TS
2025-08-08,4.7,29.6,21.7,4.36,0.372,Medchal Malikajgiri,TS
2025-08-09,4.9,28.1,21.2,3.53,0.366,Medchal Malikajgiri,TS
2025-08-10,15.2,28.4,22.2,3.52,0.363,Medchal Malikajgiri,TS
2025-08-11,5.7,28.7,21.6,3.86,0.377,Medchal Malikajgiri,TS
2025-08-12,3.9,29.1,21.8,4.22,0.382,Medchal Malikajgiri,TS
2025-08-13,14.0,26.6,21.7,2.89,0.4,Medchal Malikajgiri,TS
2025-08-14,13.4,27.5,21.5,2.94,0.412,Medchal Malikajgiri,TS
2025-08-15,17.8,26.6,21.8,2.79,0.412,Medchal Malikajgiri,TS
2025-08-16,3.3,27.1,22.2,2.9,0.394,Medchal Malikajgiri,TS
2025-08-17,9.7,27.2,22.0,2.76,0.392,Medchal Malikajgiri,TS
2025-08-18,15.4,25.2,22.0,2.13,0.421,Medchal Malikajgiri,TS
2025-08-19,9.7,26.8,21.5,3.28,0.417,Medchal Malikajgiri,TS
2025-08-20,5.0,27.3,22.2,3.45,0.404,Medchal Malikajgiri,TS
2025-08-21,0.2,29.3,22.0,4.78,0.384,Medchal Malikajgiri,TS
2025-08-22,0.0,28.8,22.5,4.4,0.358,Medchal Malikajgiri,TS
2025-08-23,0.1,28.9,22.1,4.84,0.335,Medchal Malikajgiri,TS
2025-08-24,0.5,28.9,21.8,5.24,0.317,Medchal Malikajgiri,TS
2025-08-25,0.4,29.0,21.5,5.06,0.295,Medchal Malikajgiri,TS
2025-08-26,23.1,26.9,22.3,2.58,0.316,Medchal Malikajgiri,TS
2025-08-27,24.1,26.5,21.9,2.03,0.416,Medchal Malikajgiri,TS
2025-08-28,17.4,26.1,21.5,2.54,0.423,Medchal Malikajgiri,TS
2025-08-29,1.6,28.6,21.6,4.23,0.397,Medchal Malikajgiri,TS
2025-08-30,1.1,29.5,22.0,4.44,0.376,Medchal Malikajgiri,TS
2025-08-31,6.2,27.6,22.4,3.41,0.37,Medchal Malikajgiri,TS
2025-09-01,9.7,28.0,22.3,3.26,0.385,Medchal Malikajgiri,TS
2025-09-02,7.1,28.0,22.2,2.85,0.385,Medchal Malikajgiri,TS
2025-09-03,0.2,28.3,21.8,3.67,0.362,Medchal Malikajgiri,TS
2025-09-04,0.1,29.4,21.5,4.65,0.337,Medchal Malikajgiri,TS
2025-09-05,2.6,29.1,21.7,4.79,0.324,Medchal Malikajgiri,TS
2025-09-06,0.3,28.9,22.1,4.53,0.302,Medchal Malikajgiri,TS
2025-09-07,0.0,29.5,22.2,5.09,0.269,Medchal Malikajgiri,TS
2025-09-08,1.5,29.7,22.1,4.81,0.25,Medchal Malikajgiri,TS
2025-09-09,0.9,30.4,21.6,4.99,0.221,Medchal Malikajgiri,TS
2025-09-10,10.0,30.2,22.2,4.09,0.229,Medchal Malikajgiri,TS
2025-09-11,22.4,26.8,22.4,2.39,0.304,Medchal Malikajgiri,TS
2025-09-12,4.1,25.7,21.6,2.08,0.368,Medchal Malikajgiri,TS
2025-09-13,16.0,27.4,21.9,2.52,0.38,Medchal Malikajgiri,TS
2025-09-14,4.2,29.1,21.7,4.12,0.389,Medchal Malikajgiri,TS
2025-09-15,2.8,28.7,22.2,3.74,0.373,Medchal Malikajgiri,TS
2025-09-16,8.6,28.7,22.2,3.37,0.386,Medchal Malikajgiri,TS
2025-09-17,1.4,28.6,22.2,3.47,0.38,Medchal Malikajgiri,TS
2025-09-18,5.4,29.8,21.4,4.45,0.37,Medchal Malikajgiri,TS
2025-09-19,5.5,30.1,21.6,4.44,0.373,Medchal Malikajgiri,TS
2025-09-20,5.0,30.0,21.4,4.44,0.358,Medchal Malikajgiri,TS
2025-09-21,9.2,29.8,21.9,4.07,0.368,Medchal Malikajgiri,TS
2025-09-22,8.9,28.6,22.3,3.11,0.377,Medchal Malikajgiri,TS
2025-09-23,8.2,28.5,22.4,3.21,0.384,Medchal Malikajgiri,TS
2025-09-24,0.4,28.4,22.0,4.11,0.35,Medchal Malikajgiri,TS
2025-09-25,7.5,25.5,21.7,2.05,0.36,Medchal Malikajgiri,TS
2025-09-26,22.1,27.7,21.3,2.55,0.412,Medchal Malikajgiri,TS
2025-09-27,8.5,25.1,21.6,1.65,0.416,Medchal Malikajgiri,TS
2025-09-28,2.5,27.5,21.4,3.23,0.394,Medchal Malikajgiri,TS
2025-09-29,0.0,29.0,21.2,4.5,0.369,Medchal Malikajgiri,TS
2025-09-30,0.2,28.9,21.6,4.25,0.345,Medchal Malikajgiri,TS
2025-10-01,0.0,29.1,22.1,4.72,0.322,Medchal Malikajgiri,TS
2025-10-02,0.0,27.8,22.6,3.17,0.302,Medchal Malikajgiri,TS
2025-10-03,0.3,29.1,22.4,4.43,0.281,Medchal Malikajgiri,TS
2025-10-04,1.9,29.3,23.2,4.08,0.26,Medchal Malikajgiri,TS
2025-10-05,4.5,28.6,22.2,4.05,0.273,Medchal Malikajgiri,TS
2025-10-06,8.0,28.7,20.8,3.54,0.308,Medchal Malikajgiri,TS
2025-10-07,1.6,28.3,21.0,3.88,0.278,Medchal Malikajgiri,TS
2025-10-08,1.4,29.8,21.7,4.47,0.26,Medchal Malikajgiri,TS
2025-10-09,0.5,29.0,21.2,4.35,0.232,Medchal Malikajgiri,TS
2025-10-10,0.0,29.8,21.2,5.03,0.208,Medchal Malikajgiri,TS
2025-10-11,0.0,29.4,20.1,4.98,0.183,Medchal Malikajgiri,TS
2025-10-12,0.0,29.4,19.1,4.72,0.164,Medchal Malikajgiri,TS
2025-10-13,1.1,27.1,21.3,1.88,0.16,Medchal Malikajgiri,TS
2025-10-14,3.1,28.5,21.2,3.49,0.171,Medchal Malikajgiri,TS
2025-10-15,0.6,29.0,21.7,4.25,0.171,Medchal Malikajgiri,TS
2025-10-16,0.0,29.7,20.8,4.61,0.149,Medchal Malikajgiri,TS
2025-10-17,0.6,30.1,20.7,4.56,0.137,Medchal Malikajgiri,TS
2025-10-18,0.0,30.2,20.5,4.76,0.126,Medchal Malikajgiri,TS
2025-10-19,1.7,29.9,20.0,4.51,0.125,Medchal Malikajgiri,TS
2025-10-20,6.0,29.0,21.0,3.66,0.127,Medchal Malikajgiri,TS
2025-10-21,5.4,29.2,21.3,3.78,0.132,Medchal Malikajgiri,TS
2025-10-22,5.7,29.6,21.6,3.33,0.147,Medchal Malikajgiri,TS
2025-10-23,8.1,27.5,22.0,2.29,0.185,Medchal Malikajgiri,TS
2025-10-24,14.2,26.0,21.6,2.36,0.296,Medchal Malikajgiri,TS
2025-10-25,5.1,26.8,21.2,2.6,0.327,Medchal Malikajgiri,TS
2025-10-26,2.3,28.2,21.4,3.36,0.317,Medchal Malikajgiri,TS
2025-10-27,2.6,28.9,20.2,3.71,0.265,Medchal Malikajgiri,TS
2025-10-28,20.0,28.6,21.8,2.25,0.316,Medchal Malikajgiri,TS
2025-10-29,23.9,23.1,21.6,0.86,0.414,Medchal Malikajgiri,TS
2025-10-30,0.8,28.5,21.8,3.92,0.383,Medchal Malikajgiri,TS
2025-10-31,0.0,28.8,20.2,4.3,0.347,Medchal Malikajgiri,TS
2025-11-01,0.4,29.0,21.3,3.84,0.317,Medchal Malikajgiri,TS
2025-11-02,1.0,29.4,22.1,3.75,0.296,Medchal Malikajgiri,TS
2025-11-03,1.0,28.8,22.6,3.43,0.278,Medchal Malikajgiri,TS
2025-11-04,0.7,28.5,21.5,3.57,0.258,Medchal Malikajgiri,TS
2025-11-05,0.0,29.8,21.1,4.11,0.243,Medchal Malikajgiri,TS
2025-11-06,0.0,28.8,19.9,3.57,0.22,Medchal Malikajgiri,TS
2025-11-07,0.0,28.8,19.3,4.74,0.2,Medchal Malikajgiri,TS
2025-11-08,0.0,28.0,18.5,4.77,0.177,Medchal Malikajgiri,TS
2025-11-09,0.0,26.9,16.5,4.48,0.158,Medchal Malikajgiri,TS
2025-11-10,0.0,27.4,15.5,4.35,0.14,Medchal Malikajgiri,TS
2025-11-11,0.0,28.0,16.9,4.53,0.128,Medchal Malikajgiri,TS
2025-11-12,0.0,28.4,17.0,4.73,0.12,Medchal Malikajgiri,TS
2025-11-13,0.0,28.0,16.6,4.91,0.116,Medchal Malikajgiri,TS
2025-11-14,0.0,27.6,13.5,4.68,0.111,Medchal Malikajgiri,TS
2025-11-15,0.0,27.8,14.6,4.54,0.105,Medchal Malikajgiri,TS
2025-11-16,0.0,27.0,15.5,4.8,0.108,Medchal Malikajgiri,TS
2025-11-17,0.0,27.0,14.9,4.85,0.104,Medchal Malikajgiri,TS
2025-11-18,0.0,28.1,15.4,4.66,0.104,Medchal Malikajgiri,TS
2025-11-19,0.0,28.0,14.2,4.56,0.102,Medchal Malikajgiri,TS
2025-11-20,0.0,28.3,14.1,4.56,0.101,Medchal Malikajgiri,TS
2025-11-21,0.0,29.3,16.2,4.06,0.106,Medchal Malikajgiri,TS
2025-11-22,0.0,30.0,18.2,3.88,0.109,Medchal Malikajgiri,TS
2025-11-23,0.0,30.2,18.6,4.03,0.116,Medchal Malikajgiri,TS
2025-11-24,0.0,29.6,18.6,4.26,0.135,Medchal Malikajgiri,TS
2025-11-25,0.0,28.8,17.0,4.07,0.137,Medchal Malikajgiri,TS
2025-11-26,0.0,28.5,16.6,3.97,0.135,Medchal Malikajgiri,TS
2025-11-27,0.0,28.2,16.8,4.15,0.135,Medchal Malikajgiri,TS
2025-11-28,0.0,27.1,17.3,4.44,0.144,Medchal Malikajgiri,TS
2025-11-29,0.0,26.3,15.4,3.85,0.145,Medchal Malikajgiri,TS
2025-11-30,0.0,26.5,17.2,3.33,0.141,Medchal Malikajgiri,TS
2025-12-01,0.0,28.2,17.2,3.55,0.131,Medchal Malikajgiri,TS
2025-12-02,0.0,28.3,16.7,3.85,0.12,Medchal Malikajgiri,TS
2025-12-03,0.0,27.7,17.6,3.82,0.125,Medchal Malikajgiri,TS
2025-12-04,0.0,28.0,18.8,3.36,0.131,Medchal Malikajgiri,TS
2025-12-05,0.0,27.4,17.5,4.29,0.137,Medchal Malikajgiri,TS
2025-12-06,0.0,27.5,15.0,4.16,0.139,Medchal Malikajgiri,TS
2025-12-07,0.0,28.0,16.6,4.27,0.138,Medchal Malikajgiri,TS
2025-12-08,0.0,27.7,14.2,4.42,0.143,Medchal Malikajgiri,TS
2025-12-09,0.0,27.7,15.4,5.05,0.134,Medchal Malikajgiri,TS
2025-12-10,0.0,27.6,16.0,5.08,0.115,Medchal Malikajgiri,TS
2025-12-11,0.0,27.2,14.3,4.81,0.106,Medchal Malikajgiri,TS
2025-12-12,0.0,27.1,12.6,4.47,0.097,Medchal Malikajgiri,TS
2025-12-13,0.0,27.4,13.4,4.27,0.101,Medchal Malikajgiri,TS
2025-12-14,0.0,27.3,13.7,4.1,0.104,Medchal Malikajgiri,TS
2025-12-15,0.0,26.8,14.1,3.92,0.106,Medchal Malikajgiri,TS
2025-12-16,0.0,27.3,14.1,3.97,0.113,Medchal Malikajgiri,TS
2025-12-17,0.0,28.1,13.9,4.06,0.12,Medchal Malikajgiri,TS
2025-12-18,0.0,27.8,13.3,4.45,0.119,Medchal Malikajgiri,TS
2025-12-19,0.0,26.4,13.5,4.43,0.117,Medchal Malikajgiri,TS
2025-12-20,0.0,26.3,13.0,4.26,0.113,Medchal Malikajgiri,TS
2025-12-21,0.0,26.4,13.3,3.83,0.119,Medchal Malikajgiri,TS
2025-12-22,0.0,26.9,13.8,3.92,0.109,Medchal Malikajgiri,TS
2025-12-23,0.0,26.7,13.7,4.04,0.105,Medchal Malikajgiri,TS
2025-12-24,0.0,26.3,14.8,4.24,0.106,Medchal Malikajgiri,TS
2025-12-25,0.0,26.2,14.1,3.99,0.108,Medchal Malikajgiri,TS
2025-12-26,0.0,25.8,14.3,3.84,0.105,Medchal Malikajgiri,TS
2025-12-27,0.0,26.0,14.6,3.76,0.105,Medchal Malikajgiri,TS
2025-12-28,0.0,26.1,13.9,3.82,0.107,Medchal Malikajgiri,TS
2025-12-29,0.0,25.8,13.5,3.78,0.113,Medchal Malikajgiri,TS
2025-12-30,0.0,26.8,13.5,3.71,0.11,Medchal Malikajgiri,TS
2025-12-31,0.0,28.1,15.2,3.7,0.111,Medchal Malikajgiri,TS
2026-01-01,0.0,28.0,15.9,3.71,0.114,Medchal Malikajgiri,TS
2026-01-02,0.0,28.1,16.5,3.29,0.109,Medchal Malikajgiri,TS
2026-01-03,0.0,27.0,16.7,3.41,0.107,Medchal Malikajgiri,TS
2026-01-04,0.0,26.2,16.1,3.51,0.105,Medchal Malikajgiri,TS
2026-01-05,0.0,26.1,16.0,3.88,0.112,Medchal Malikajgiri,TS
2026-01-06,0.0,26.0,14.8,4.08,0.103,Medchal Malikajgiri,TS
2026-01-07,0.0,26.1,13.1,4.2,0.106,Medchal Malikajgiri,TS
2026-01-08,0.0,25.5,13.0,4.19,0.11,Medchal Malikajgiri,TS
2026-01-09,0.0,24.8,13.0,4.33,0.109,Medchal Malikajgiri,TS
2026-01-10,0.0,25.1,15.4,4.46,0.102,Medchal Malikajgiri,TS
2026-01-11,0.0,25.7,14.4,3.9,0.102,Medchal Malikajgiri,TS
2026-01-12,0.0,26.3,16.6,4.12,0.102,Medchal Malikajgiri,TS
2026-01-13,0.0,28.3,17.1,4.02,0.102,Medchal Malikajgiri,TS
2026-01-14,0.0,29.1,18.1,3.62,0.102,Medchal Malikajgiri,TS
2026-01-15,0.0,28.6,18.4,3.88,0.114,Medchal Malikajgiri,TS
2026-01-16,0.0,28.3,16.7,4.37,0.106,Medchal Malikajgiri,TS
2026-01-17,0.0,28.7,15.0,4.6,0.097,Medchal Malikajgiri,TS
2026-01-18,0.0,30.0,16.4,4.56,0.094,Medchal Malikajgiri,TS
2026-01-19,0.0,29.2,15.6,4.64,0.089,Medchal Malikajgiri,TS
2026-01-20,0.0,27.8,16.8,4.48,0.098,Medchal Malikajgiri,TS
2026-01-21,0.0,26.8,15.9,4.52,0.099,Medchal Malikajgiri,TS
2026-01-22,0.0,26.5,15.4,4.52,0.102,Medchal Malikajgiri,TS
2026-01-23,0.0,26.6,15.8,4.44,0.103,Medchal Malikajgiri,TS
2026-01-24,0.0,26.9,15.4,3.88,0.101,Medchal Malikajgiri,TS
2026-01-25,0.0,28.2,16.6,3.92,0.103,Medchal Malikajgiri,TS
2026-01-26,0.0,28.0,17.7,4.16,0.102,Medchal Malikajgiri,TS
2026-01-27,0.0,28.1,17.4,4.19,0.102,Medchal Malikajgiri,TS
2026-01-28,0.0,28.6,17.1,3.98,0.101,Medchal Malikajgiri,TS
2026-01-29,0.0,28.7,17.5,4.44,0.101,Medchal Malikajgiri,TS
2026-01-30,0.0,28.2,17.9,4.33,0.101,Medchal Malikajgiri,TS
2026-01-31,0.0,27.3,16.8,4.49,0.105,Medchal Malikajgiri,TS
2026-02-01,0.0,27.2,16.0,4.22,0.107,Medchal Malikajgiri,TS
2026-02-02,0.0,27.6,16.8,4.29,0.101,Medchal Malikajgiri,TS
2026-02-03,0.0,27.4,17.1,4.25,0.097,Medchal Malikajgiri,TS
2026-02-04,0.0,27.6,17.3,4.39,0.104,Medchal Malikajgiri,TS
2026-02-05,0.0,27.7,16.4,4.44,0.103,Medchal Malikajgiri,TS
2026-02-06,0.0,28.3,16.5,4.62,0.102,Medchal Malikajgiri,TS
2026-02-07,0.0,28.6,17.5,4.88,0.101,Medchal Malikajgiri,TS
2026-02-08,0.0,28.6,16.7,5.27,0.101,Medchal Malikajgiri,TS
2026-02-09,0.0,28.9,15.6,5.03,0.108,Medchal Malikajgiri,TS
2026-02-10,0.0,29.4,17.3,5.2,0.101,Medchal Malikajgiri,TS
2026-02-11,0.0,28.8,16.3,4.67,0.1,Medchal Malikajgiri,TS
2026-02-12,0.0,29.0,15.8,4.82,0.1,Medchal Malikajgiri,TS
2026-02-13,0.0,29.8,16.5,5.06,0.1,Medchal Malikajgiri,TS
2026-02-14,0.0,29.7,17.7,5.05,0.1,Medchal Malikajgiri,TS
2026-02-15,0.0,30.5,18.7,5.22,0.1,Medchal Malikajgiri,TS
2026-02-16,0.0,30.1,18.9,5.52,0.1,Medchal Malikajgiri,TS
2026-02-17,0.0,29.3,17.4,5.29,0.1,Medchal Malikajgiri,TS
2026-02-18,0.0,29.2,16.3,5.1,0.1,Medchal Malikajgiri,TS
2026-02-19,0.0,29.5,18.0,5.25,0.104,Medchal Malikajgiri,TS
2026-02-20,0.0,30.4,17.8,5.31,0.114,Medchal Malikajgiri,TS
2026-02-21,0.0,30.9,18.1,5.22,0.105,Medchal Malikajgiri,TS
2026-02-22,0.0,30.9,19.6,4.7,0.103,Medchal Malikajgiri,TS
2026-02-23,6.3,30.6,20.0,4.06,0.105,Medchal Malikajgiri,TS
2026-02-24,4.1,29.9,18.7,4.55,0.116,Medchal Malikajgiri,TS
2026-02-25,0.0,29.9,19.4,3.94,0.122,Medchal Malikajgiri,TS
2026-02-26,0.0,31.2,19.8,4.46,0.131,Medchal Malikajgiri,TS
2026-02-27,0.0,31.1,20.7,4.55,0.123,Medchal Malikajgiri,TS
2026-02-28,0.0,32.2,19.9,5.29,0.12,Medchal Malikajgiri,TS
2026-03-01,0.0,32.8,20.9,5.34,0.119,Medchal Malikajgiri,TS
2026-03-02,0.0,33.1,21.3,4.91,0.114,Medchal Malikajgiri,TS
2026-03-03,0.0,33.0,21.7,5.74,0.117,Medchal Malikajgiri,TS
2026-03-04,0.0,32.7,19.8,6.04,0.109,Medchal Malikajgiri,TS
2026-03-05,0.0,33.5,19.5,6.06,0.104,Medchal Malikajgiri,TS
2026-03-06,0.0,33.9,19.8,6.25,0.118,Medchal Malikajgiri,TS
2026-03-07,0.0,34.1,20.6,6.13,0.115,Medchal Malikajgiri,TS
2026-03-08,0.0,33.6,21.4,5.78,0.104,Medchal Malikajgiri,TS
2026-03-09,0.0,33.1,20.4,5.57,0.101,Medchal Malikajgiri,TS
2026-03-10,0.0,31.9,20.9,5.62,0.1,Medchal Malikajgiri,TS
2026-03-11,0.0,33.2,21.2,5.82,0.103,Medchal Malikajgiri,TS
2026-03-12,0.0,34.5,21.2,6.05,0.102,Medchal Malikajgiri,TS
2026-03-13,0.0,35.0,23.5,6.31,0.102,Medchal Malikajgiri,TS
2026-03-14,0.0,35.4,22.1,6.58,0.102,Medchal Malikajgiri,TS
2026-03-15,0.0,34.0,21.0,5.89,0.103,Medchal Malikajgiri,TS
2026-03-16,0.2,33.4,21.9,5.55,0.11,Medchal Malikajgiri,TS
2026-03-17,1.3,30.7,20.4,4.62,0.136,Medchal Malikajgiri,TS
2026-03-18,3.7,28.6,20.0,4.1,0.163,Medchal Malikajgiri,TS
2026-03-19,0.0,30.5,18.7,5.08,0.166,Medchal Malikajgiri,TS
2026-03-20,0.3,30.5,18.2,5.06,0.225,Medchal Malikajgiri,TS
2026-03-21,0.3,30.6,19.6,4.93,0.214,Medchal Malikajgiri,TS
2026-03-22,0.4,30.4,20.3,4.79,0.2,Medchal Malikajgiri,TS
2026-03-23,0.0,32.8,20.8,5.49,0.183,Medchal Malikajgiri,TS
2026-03-24,0.1,33.6,21.5,5.11,0.169,Medchal Malikajgiri,TS
2026-03-25,0.5,33.7,22.1,5.3,0.155,Medchal Malikajgiri,TS
2026-03-26,0.0,35.0,22.9,5.55,0.146,Medchal Malikajgiri,TS
2026-03-27,0.0,35.9,23.4,6.07,0.138,Medchal Malikajgiri,TS
2026-03-28,0.0,35.0,24.5,6.71,0.124,Medchal Malikajgiri,TS
2026-03-29,0.0,34.8,23.7,6.21,0.117,Medchal Malikajgiri,TS
2026-03-30,0.0,35.9,24.5,5.51,0.107,Medchal Malikajgiri,TS
2026-03-31,0.2,32.0,22.1,5.52,0.119,Medchal Malikajgiri,TS
2026-04-01,0.0,33.0,22.4,5.72,0.129,Medchal Malikajgiri,TS
2026-04-02,0.0,32.7,21.4,5.81,0.114,Medchal Malikajgiri,TS
2026-04-03,0.1,33.5,22.4,5.8,0.109,Medchal Malikajgiri,TS
2026-04-04,0.2,32.7,22.5,5.52,0.114,Medchal Malikajgiri,TS
2026-04-05,0.3,32.4,24.0,5.29,0.113,Medchal Malikajgiri,TS
2026-04-06,0.0,34.1,23.6,6.14,0.112,Medchal Malikajgiri,TS
2026-04-07,0.0,33.7,21.8,6.83,0.106,Medchal Malikajgiri,TS
2026-04-08,0.0,34.3,22.0,6.68,0.105,Medchal Malikajgiri,TS
2026-04-09,0.0,34.6,23.3,6.65,0.103,Medchal Malikajgiri,TS
2026-04-10,0.0,35.2,23.5,6.53,0.103,Medchal Malikajgiri,TS
2026-04-11,0.0,35.5,23.7,6.45,0.102,Medchal Malikajgiri,TS
2026-04-12,0.0,37.1,24.6,6.72,0.097,Medchal Malikajgiri,TS
2026-04-13,0.0,37.6,25.7,6.78,0.102,Medchal Malikajgiri,TS
2026-04-14,0.0,38.7,26.0,6.88,0.102,Medchal Malikajgiri,TS
2026-04-15,0.0,38.8,25.4,6.91,0.102,Medchal Malikajgiri,TS
2026-04-16,0.0,38.4,26.7,6.79,0.101,Medchal Malikajgiri,TS
2026-04-17,0.0,38.8,27.2,6.77,0.105,Medchal Malikajgiri,TS
2026-04-18,0.0,38.2,26.4,6.54,0.101,Medchal Malikajgiri,TS
2026-04-19,0.2,38.0,25.7,6.35,0.093,Medchal Malikajgiri,TS
2026-04-20,0.0,36.4,25.8,6.83,0.105,Medchal Malikajgiri,TS
2026-04-21,0.0,35.4,25.9,6.06,0.114,Medchal Malikajgiri,TS
2026-04-22,0.0,36.3,25.0,6.54,0.111,Medchal Malikajgiri,TS
2026-04-23,0.1,36.7,25.3,6.13,0.123,Medchal Malikajgiri,TS
2026-04-24,0.0,36.5,25.6,6.47,0.132,Medchal Malikajgiri,TS
2026-04-25,0.0,36.7,26.0,6.06,0.123,Medchal Malikajgiri,TS
2026-04-26,0.0,38.5,25.8,6.55,0.109,Medchal Malikajgiri,TS
2026-04-27,0.0,39.1,25.6,6.9,0.106,Medchal Malikajgiri,TS
2026-04-28,0.0,38.1,25.3,6.8,0.115,Medchal Malikajgiri,TS
2026-04-29,0.0,37.8,27.3,7.21,0.112,Medchal Malikajgiri,TS
2026-04-30,0.0,38.0,27.0,7.44,0.11,Medchal Malikajgiri,TS
2026-05-01,0.0,36.9,26.1,7.89,0.103,Medchal Malikajgiri,TS
2026-05-02,0.0,38.2,27.4,7.75,0.102,Medchal Malikajgiri,TS
2026-05-03,0.0,37.5,26.0,7.5,0.102,Medchal Malikajgiri,TS
2026-05-04,0.0,37.3,24.8,7.45,0.101,Medchal Malikajgiri,TS
2026-05-05,0.0,37.0,24.7,6.98,0.101,Medchal Malikajgiri,TS
2026-05-06,0.0,34.6,24.8,6.35,0.101,Medchal Malikajgiri,TS
2026-05-07,0.4,34.6,24.6,5.98,0.096,Medchal Malikajgiri,TS
2026-05-08,0.2,34.6,24.2,5.76,0.109,Medchal Malikajgiri,TS
2026-05-09,0.0,34.2,23.9,6.11,0.111,Medchal Malikajgiri,TS
2026-05-10,0.1,35.6,23.8,6.29,0.114,Medchal Malikajgiri,TS
2026-05-11,0.0,35.7,24.0,6.46,0.103,Medchal Malikajgiri,TS
2026-05-12,0.4,35.5,24.9,6.54,0.095,Medchal Malikajgiri,TS
2026-05-13,1.2,36.7,26.0,6.6,0.101,Medchal Malikajgiri,TS
2026-05-14,0.0,35.5,27.0,5.8,0.106,Medchal Malikajgiri,TS
2026-05-15,0.1,36.6,26.2,6.0,0.109,Medchal Malikajgiri,TS
2026-05-16,0.4,36.1,27.4,6.57,0.117,Medchal Malikajgiri,TS
2026-05-17,0.5,35.6,26.4,6.15,0.113,Medchal Malikajgiri,TS
2026-05-18,0.2,35.8,27.4,6.51,0.109,Medchal Malikajgiri,TS
2026-05-19,0.2,37.7,27.5,6.6,0.108,Medchal Malikajgiri,TS
2026-05-20,0.0,38.4,27.8,7.65,0.108,Medchal Malikajgiri,TS
2026-05-21,0.0,39.0,29.1,7.99,0.107,Medchal Malikajgiri,TS
2026-05-22,0.2,36.8,29.0,8.23,0.104,Medchal Malikajgiri,TS
2026-05-23,0.4,36.7,28.0,7.45,0.11,Medchal Malikajgiri,TS
2026-05-24,0.1,37.0,26.3,8.04,0.12,Medchal Malikajgiri,TS
2026-05-25,1.1,37.9,28.2,7.34,0.124,Medchal Malikajgiri,TS
2026-05-26,0.9,36.1,25.9,6.6,0.12,Medchal Malikajgiri,TS
2026-05-27,0.8,33.1,22.5,5.79,0.22,Medchal Malikajgiri,TS
2026-05-28,0.0,36.2,26.2,6.76,0.245,Medchal Malikajgiri,TS
2026-05-29,0.0,35.8,27.3,6.84,0.206,Medchal Malikajgiri,TS
2026-05-30,0.0,35.3,27.7,7.5,0.16,Medchal Malikajgiri,TS
2026-05-31,1.0,34.8,27.8,6.98,0.131,Medchal Malikajgiri,TS
2026-06-01,0.1,34.8,26.3,6.42,0.118,Medchal Malikajgiri,TS
2026-06-02,0.3,34.2,26.6,6.12,0.115,Medchal Malikajgiri,TS
2026-06-03,0.1,33.8,26.0,6.41,0.127,Medchal Malikajgiri,TS
2026-06-04,2.1,34.1,26.5,6.03,0.132,Medchal Malikajgiri,TS
2026-06-05,0.6,32.7,23.9,4.8,0.177,Medchal Malikajgiri,TS
2026-06-06,8.9,34.2,23.2,5.64,0.191,Medchal Malikajgiri,TS
2026-06-07,1.6,34.4,23.9,5.32,0.202,Medchal Malikajgiri,TS
2026-06-08,2.6,32.3,24.2,5.63,0.219,Medchal Malikajgiri,TS
2026-06-09,2.9,32.2,24.6,5.23,0.279,Medchal Malikajgiri,TS
2026-06-10,0.8,34.4,24.6,6.73,0.229,Medchal Malikajgiri,TS
2026-06-11,0.0,34.5,25.6,6.45,0.206,Medchal Malikajgiri,TS
2026-06-12,0.0,34.0,25.5,6.07,0.209,Medchal Malikajgiri,TS
2026-06-13,6.3,33.0,23.7,4.97,0.258,Medchal Malikajgiri,TS
2026-06-14,0.8,32.6,24.8,5.69,0.309,Medchal Malikajgiri,TS
2026-06-15,0.0,33.2,26.1,6.57,0.278,Medchal Malikajgiri,TS
2026-06-16,0.0,33.9,25.9,6.36,0.239,Medchal Malikajgiri,TS
2026-06-17,0.2,34.6,25.6,6.65,0.212,Medchal Malikajgiri,TS
2026-06-18,1.9,33.3,26.3,6.11,0.181,Medchal Malikajgiri,TS
2026-06-19,0.0,34.1,25.6,6.36,0.179,Medchal Malikajgiri,TS
2026-06-20,1.6,34.8,24.9,6.11,0.157,Medchal Malikajgiri,TS
2026-06-21,18.6,31.2,23.1,3.83,0.254,Medchal Malikajgiri,TS
2026-06-22,0.0,33.1,26.2,5.99,0.218,Medchal Malikajgiri,TS
2026-06-23,1.7,31.3,23.4,5.27,0.209,Medchal Malikajgiri,TS
2026-06-24,1.5,30.1,23.9,5.08,0.209,Medchal Malikajgiri,TS
2026-06-25,1.3,30.0,23.9,5.53,0.262,Medchal Malikajgiri,TS
2026-06-26,0.5,30.6,24.2,4.84,0.323,Medchal Malikajgiri,TS
2026-06-27,5.8,28.6,23.5,3.69,0.294,Medchal Malikajgiri,TS
2026-06-28,22.4,32.3,23.6,4.6,0.308,Medchal Malikajgiri,TS
2026-06-29,1.3,29.4,23.9,4.2,0.334,Medchal Malikajgiri,TS
2026-06-30,2.3,29.4,23.6,4.42,0.325,Medchal Malikajgiri,TS
2026-07-01,4.0,28.8,23.0,3.57,0.294,Medchal Malikajgiri,TS
2026-07-02,6.0,29.0,22.8,2.86,0.25,Medchal Malikajgiri,TS
2026-07-03,7.3,27.6,22.7,2.77,0.255,Medchal Malikajgiri,TS
2026-07-04,9.8,24.7,22.4,1.93,0.309,Medchal Malikajgiri,TS
2026-07-05,3.5,27.8,22.8,3.5,0.307,Medchal Malikajgiri,TS
2026-07-06,1.4,30.4,23.4,4.21,0.286,Medchal Malikajgiri,TS
2026-07-07,3.8,30.9,24.4,5.45,0.267,Medchal Malikajgiri,TS
2026-07-08,0.6,31.5,24.2,5.63,0.254,Medchal Malikajgiri,TS
2026-07-09,1.4,31.0,23.8,4.71,0.256,Medchal Malikajgiri,TS
2026-07-10,0.0,31.3,24.0,5.25,0.236,Medchal Malikajgiri,TS
2026-07-11,0.0,31.5,24.4,6.12,0.204,Medchal Malikajgiri,TS
2026-07-12,0.0,31.7,24.1,6.25,0.18,Medchal Malikajgiri,TS
2026-07-13,0.1,32.6,23.7,6.96,0.145,Medchal Malikajgiri,TS
2026-07-14,0.0,30.9,24.2,5.82,0.117,Medchal Malikajgiri,TS
2026-07-15,0.9,31.5,24.9,6.77,0.104,Medchal Malikajgiri,TS
2026-07-16,1.7,31.2,25.2,5.53,0.103,Medchal Malikajgiri,TS
2026-07-17,16.9,27.7,22.9,2.29,0.109,Medchal Malikajgiri,TS
2026-07-18,8.0,28.0,23.3,3.05,0.123,Medchal Malikajgiri,TS
2026-07-19,0.9,30.6,23.1,5.29,0.187,Medchal Malikajgiri,TS
2026-07-20,3.9,28.9,22.6,3.83,0.224,Medchal Malikajgiri,TS
2026-07-21,16.0,25.8,22.3,1.79,0.325,Medchal Malikajgiri,TS
2026-07-22,10.2,26.2,22.0,2.21,0.361,Medchal Malikajgiri,TS
2026-07-23,1.0,28.3,22.4,4.89,0.335,Medchal Malikajgiri,TS
2026-07-24,0.4,28.9,23.1,4.62,0.303,Medchal Malikajgiri,TS
2026-07-25,0.0,29.7,22.9,4.75,0.266,Medchal Malikajgiri,TS
2026-07-26,3.6,29.6,23.5,4.5,0.262,Medchal Malikajgiri,TS
2026-07-27,12.3,28.4,22.8,3.09,0.301,Medchal Malikajgiri,TS
2026-07-28,7.2,30.2,22.9,4.36,0.288,Medchal Malikajgiri,TS
2026-07-29,22.5,24.7,22.5,1.42,0.393,Medchal Malikajgiri,TS
2026-07-30,20.3,24.1,22.7,1.44,0.41,Medchal Malikajgiri,TS
2026-07-31,3.1,29.2,22.7,4.61,0.399,Medchal Malikajgiri,TS
2026-08-01,1.3,30.1,23.6,4.8,0.379,Medchal Malikajgiri,TS
2026-08-02,0.8,30.3,23.6,5.44,0.356,Medchal Malikajgiri,TS
2026-08-03,2.4,30.5,23.2,4.88,0.332,Medchal Malikajgiri,TS
2026-08-04,10.6,28.8,22.9,3.57,0.35,Medchal Malikajgiri,TS
2026-08-05,4.6,29.2,22.8,4.13,0.35,Medchal Malikajgiri,TS
2026-08-06,2.0,29.3,23.5,4.25,0.313,Medchal Malikajgiri,TS
2026-08-07,2.7,28.1,22.7,3.53,0.323,Medchal Malikajgiri,TS
2026-08-08,0.9,28.1,22.0,3.74,0.312,Medchal Malikajgiri,TS
2026-08-09,0.1,29.8,23.4,5.18,0.296,Medchal Malikajgiri,TS
2026-08-10,0.8,30.2,23.5,5.52,0.271,Medchal Malikajgiri,TS
2026-08-11,0.2,29.9,23.3,5.03,0.238,Medchal Malikajgiri,TS
2026-08-12,3.7,28.5,22.8,4.26,0.269,Medchal Malikajgiri,TS
2026-08-13,0.7,29.3,23.1,3.94,0.255,Medchal Malikajgiri,TS
2026-08-14,2.4,30.1,23.1,4.93,0.242,Medchal Malikajgiri,TS
2026-08-15,0.4,29.9,23.5,5.2,0.235,Medchal Malikajgiri,TS
2026-08-16,0.7,28.1,23.4,3.39,0.226,Medchal Malikajgiri,TS
2026-08-17,0.7,29.3,23.4,5.19,0.216,Medchal Malikajgiri,TS
2026-08-18,1.2,30.1,23.2,4.86,0.2,Medchal Malikajgiri,TS
2026-08-19,2.7,28.2,22.8,3.6,0.224,Medchal Malikajgiri,TS
2026-08-20,0.6,29.4,22.7,5.03,0.231,Medchal Malikajgiri,TS
2026-08-21,0.5,29.7,23.2,5.17,0.217,Medchal Malikajgiri,TS
2026-08-22,0.6,29.7,23.0,4.94,0.201,Medchal Malikajgiri,TS
2026-08-23,12.0,26.5,22.8,2.5,0.218,Medchal Malikajgiri,TS
2026-08-24,3.6,27.1,22.6,2.34,0.296,Medchal Malikajgiri,TS
2026-08-25,3.3,28.6,22.1,4.32,0.31,Medchal Malikajgiri,TS
2026-08-26,0.7,29.6,22.7,5.45,0.287,Medchal Malikajgiri,TS
2026-08-27,0.6,28.6,22.7,3.87,0.273,Medchal Malikajgiri,TS
2026-08-28,0.2,29.3,23.1,5.15,0.239,Medchal Malikajgiri,TS
2026-08-29,0.3,28.8,23.1,5.03,0.217,Medchal Malikajgiri,TS
2026-08-30,1.3,27.1,23.1,3.58,0.216,Medchal Malikajgiri,TS
2026-08-31,0.0,27.1,23.2,2.97,0.236,Medchal Malikajgiri,TS
2026-09-01,0.9,28.8,23.1,4.83,0.223,Medchal Malikajgiri,TS
2026-09-02,0.7,29.7,23.7,4.52,0.199,Medchal Malikajgiri,TS
2026-09-03,0.5,27.3,23.0,2.85,0.193,Medchal Malikajgiri,TS
2026-09-04,0.0,29.0,23.7,4.56,0.182,Medchal Malikajgiri,TS
2026-09-05,0.7,30.0,23.1,4.98,0.152,Medchal Malikajgiri,TS
2026-09-06,1.7,30.6,23.3,5.21,0.133,Medchal Malikajgiri,TS
2026-09-07,9.9,30.6,22.0,4.58,0.146,Medchal Malikajgiri,TS
2026-09-08,1.1,30.4,23.6,5.29,0.119,Medchal Malikajgiri,TS
2026-09-09,1.4,30.5,24.0,5.16,0.11,Medchal Malikajgiri,TS
2026-09-10,3.1,29.9,24.1,4.87,0.124,Medchal Malikajgiri,TS
