date,precipitation_sum,temperature_2m_max,temperature_2m_min,et0_fao_evapotranspiration,soil_moisture_0_to_7cm_mean,district,state
2014-01-01,0.0,27.0,16.9,3.09,0.223,Mahabubabad,TS
2014-01-02,0.0,27.4,16.8,3.51,0.22,Mahabubabad,TS
2014-01-03,0.0,27.7,16.5,3.55,0.218,Mahabubabad,TS
2014-01-04,0.0,26.7,17.2,3.02,0.216,Mahabubabad,TS
2014-01-05,0.0,27.6,16.4,3.52,0.214,Mahabubabad,TS
2014-01-06,0.0,28.1,17.3,3.66,0.211,Mahabubabad,TS
2014-01-07,0.0,28.3,17.4,3.66,0.208,Mahabubabad,TS
2014-01-08,0.0,27.8,18.3,3.63,0.206,Mahabubabad,TS
2014-01-09,0.0,27.4,18.3,3.46,0.203,Mahabubabad,TS
2014-01-10,0.0,27.7,19.1,3.59,0.202,Mahabubabad,TS
2014-01-11,0.0,27.5,19.7,2.96,0.201,Mahabubabad,TS
2014-01-12,0.0,29.0,17.4,3.93,0.199,Mahabubabad,TS
2014-01-13,0.0,27.9,18.4,3.47,0.196,Mahabubabad,TS
2014-01-14,0.0,27.1,19.2,3.09,0.194,Mahabubabad,TS
2014-01-15,0.0,28.6,18.3,3.88,0.192,Mahabubabad,TS
2014-01-16,0.0,28.5,19.3,3.8,0.19,Mahabubabad,TS
2014-01-17,0.0,29.2,19.5,4.43,0.187,Mahabubabad,TS
2014-01-18,0.0,27.7,20.6,3.54,0.185,Mahabubabad,TS
2014-01-19,0.0,29.2,18.9,4.31,0.182,Mahabubabad,TS
2014-01-20,0.0,28.5,18.6,3.67,0.18,Mahabubabad,TS
2014-01-21,0.0,28.7,18.7,4.13,0.178,Mahabubabad,TS
2014-01-22,0.0,27.2,19.3,3.03,0.177,Mahabubabad,TS
2014-01-23,0.0,27.0,19.1,3.21,0.177,Mahabubabad,TS
2014-01-24,0.0,27.5,18.9,3.3,0.175,Mahabubabad,TS
2014-01-25,0.0,27.8,19.5,3.2,0.174,Mahabubabad,TS
2014-01-26,0.0,29.1,18.5,3.8,0.172,Mahabubabad,TS
2014-01-27,0.0,28.0,18.7,3.19,0.171,Mahabubabad,TS
2014-01-28,0.1,28.6,18.5,3.59,0.17,Mahabubabad,TS
2014-01-29,0.0,28.3,19.7,3.58,0.168,Mahabubabad,TS
2014-01-30,0.0,28.5,19.7,4.13,0.166,Mahabubabad,TS
2014-01-31,0.0,28.2,17.9,3.93,0.164,Mahabubabad,TS
2014-02-01,0.0,28.0,18.5,3.54,0.162,Mahabubabad,TS
2014-02-02,0.0,29.1,18.7,4.18,0.16,Mahabubabad,TS
2014-02-03,0.0,30.5,17.6,4.28,0.158,Mahabubabad,TS
2014-02-04,0.0,31.4,16.7,4.6,0.156,Mahabubabad,TS
2014-02-05,0.0,31.8,16.9,4.42,0.153,Mahabubabad,TS
2014-02-06,0.0,31.9,17.2,4.65,0.151,Mahabubabad,TS
2014-02-07,0.0,31.7,18.0,4.89,0.149,Mahabubabad,TS
2014-02-08,0.0,32.3,19.4,5.6,0.147,Mahabubabad,TS
2014-02-09,0.0,32.4,19.2,5.45,0.145,Mahabubabad,TS
2014-02-10,0.0,31.7,18.9,5.18,0.143,Mahabubabad,TS
2014-02-11,0.0,31.0,19.3,4.93,0.142,Mahabubabad,TS
2014-02-12,0.0,30.8,19.3,4.79,0.141,Mahabubabad,TS
2014-02-13,0.0,30.6,19.3,5.38,0.14,Mahabubabad,TS
2014-02-14,0.0,29.4,20.6,4.25,0.14,Mahabubabad,TS
2014-02-15,0.6,27.9,20.2,3.71,0.143,Mahabubabad,TS
2014-02-16,0.4,29.3,21.5,4.38,0.148,Mahabubabad,TS
2014-02-17,0.0,29.6,19.5,5.71,0.147,Mahabubabad,TS
2014-02-18,0.0,29.8,17.9,5.13,0.144,Mahabubabad,TS
2014-02-19,0.0,29.5,18.4,4.58,0.142,Mahabubabad,TS
2014-02-20,0.0,30.6,18.7,5.07,0.14,Mahabubabad,TS
2014-02-21,0.0,29.7,19.3,4.45,0.139,Mahabubabad,TS
2014-02-22,0.0,30.6,19.6,5.11,0.138,Mahabubabad,TS
2014-02-23,0.0,30.6,20.1,5.22,0.137,Mahabubabad,TS
2014-02-24,0.0,30.9,19.6,5.0,0.136,Mahabubabad,TS
2014-02-25,0.0,31.4,19.4,5.18,0.135,Mahabubabad,TS
2014-02-26,0.0,30.9,19.1,5.33,0.134,Mahabubabad,TS
2014-02-27,0.0,30.9,18.9,5.54,0.134,Mahabubabad,TS
2014-02-28,0.0,29.9,18.8,5.08,0.133,Mahabubabad,TS
2014-03-01,0.0,30.4,20.9,4.2,0.133,Mahabubabad,TS
2014-03-02,0.5,30.1,21.0,4.4,0.134,Mahabubabad,TS
2014-03-03,1.0,28.9,20.6,3.53,0.157,Mahabubabad,TS
2014-03-04,0.1,28.4,20.9,3.95,0.155,Mahabubabad,TS
2014-03-05,0.0,29.4,21.0,4.53,0.152,Mahabubabad,TS
2014-03-06,0.0,29.1,20.9,4.11,0.149,Mahabubabad,TS
2014-03-07,0.0,29.9,20.8,4.73,0.147,Mahabubabad,TS
2014-03-08,0.0,31.3,21.0,5.18,0.144,Mahabubabad,TS
2014-03-09,0.0,30.4,21.4,4.79,0.141,Mahabubabad,TS
2014-03-10,0.0,30.8,21.2,4.82,0.139,Mahabubabad,TS
2014-03-11,0.0,32.3,20.9,5.9,0.137,Mahabubabad,TS
2014-03-12,0.0,30.8,21.6,4.44,0.136,Mahabubabad,TS
2014-03-13,0.0,32.2,21.9,4.56,0.134,Mahabubabad,TS
2014-03-14,0.0,34.3,21.5,5.62,0.133,Mahabubabad,TS
2014-03-15,0.0,35.0,22.5,5.74,0.131,Mahabubabad,TS
2014-03-16,0.0,35.1,22.0,5.41,0.13,Mahabubabad,TS
2014-03-17,0.0,35.5,22.7,5.74,0.129,Mahabubabad,TS
2014-03-18,0.0,35.5,23.2,5.94,0.128,Mahabubabad,TS
2014-03-19,0.0,36.2,22.1,6.19,0.127,Mahabubabad,TS
2014-03-20,0.0,36.9,22.3,5.79,0.126,Mahabubabad,TS
2014-03-21,0.0,36.6,22.7,5.81,0.125,Mahabubabad,TS
2014-03-22,0.0,36.3,23.4,6.07,0.124,Mahabubabad,TS
2014-03-23,0.0,36.4,23.3,6.36,0.124,Mahabubabad,TS
2014-03-24,0.0,35.3,23.0,6.07,0.124,Mahabubabad,TS
2014-03-25,0.0,34.8,22.8,6.09,0.124,Mahabubabad,TS
2014-03-26,0.0,36.8,22.6,6.8,0.123,Mahabubabad,TS
2014-03-27,0.0,36.8,23.0,7.05,0.123,Mahabubabad,TS
2014-03-28,0.0,38.2,23.0,6.73,0.123,Mahabubabad,TS
2014-03-29,0.0,39.8,24.0,6.27,0.122,Mahabubabad,TS
2014-03-30,0.0,39.3,23.6,6.46,0.122,Mahabubabad,TS
2014-03-31,0.0,38.5,24.9,6.41,0.122,Mahabubabad,TS
2014-04-01,0.0,38.1,24.4,5.95,0.122,Mahabubabad,TS
2014-04-02,0.0,37.8,25.3,5.71,0.121,Mahabubabad,TS
2014-04-03,0.0,37.4,24.7,6.01,0.121,Mahabubabad,TS
2014-04-04,0.0,37.1,24.1,6.12,0.121,Mahabubabad,TS
2014-04-05,0.0,39.2,23.1,6.35,0.121,Mahabubabad,TS
2014-04-06,0.0,38.3,23.1,6.79,0.121,Mahabubabad,TS
2014-04-07,0.0,37.7,23.5,6.62,0.121,Mahabubabad,TS
2014-04-08,0.0,38.6,24.6,6.13,0.121,Mahabubabad,TS
2014-04-09,0.0,37.1,25.7,5.64,0.121,Mahabubabad,TS
2014-04-10,0.0,38.6,26.9,6.22,0.122,Mahabubabad,TS
2014-04-11,0.0,39.0,24.2,6.39,0.122,Mahabubabad,TS
2014-04-12,0.0,36.3,25.4,6.18,0.122,Mahabubabad,TS
2014-04-13,0.0,35.8,25.1,6.46,0.122,Mahabubabad,TS
2014-04-14,0.0,35.7,24.9,6.52,0.123,Mahabubabad,TS
2014-04-15,0.0,35.6,24.6,5.96,0.122,Mahabubabad,TS
2014-04-16,0.0,36.7,25.2,6.31,0.122,Mahabubabad,TS
2014-04-17,0.5,37.1,25.5,6.55,0.125,Mahabubabad,TS
2014-04-18,0.0,36.1,25.4,5.76,0.128,Mahabubabad,TS
2014-04-19,0.1,36.4,26.0,5.84,0.127,Mahabubabad,TS
2014-04-20,0.0,38.2,26.2,6.06,0.127,Mahabubabad,TS
2014-04-21,0.0,37.8,26.0,6.69,0.126,Mahabubabad,TS
2014-04-22,0.0,37.6,26.5,6.04,0.126,Mahabubabad,TS
2014-04-23,0.0,38.5,26.5,6.4,0.125,Mahabubabad,TS
2014-04-24,0.0,39.0,27.4,6.39,0.123,Mahabubabad,TS
2014-04-25,0.0,39.2,27.9,6.31,0.123,Mahabubabad,TS
2014-04-26,0.0,38.3,27.2,6.87,0.122,Mahabubabad,TS
2014-04-27,0.3,37.6,26.9,6.57,0.123,Mahabubabad,TS
2014-04-28,0.0,37.9,26.5,6.7,0.122,Mahabubabad,TS
2014-04-29,0.0,38.5,26.2,7.37,0.122,Mahabubabad,TS
2014-04-30,0.0,37.6,26.1,6.76,0.122,Mahabubabad,TS
2014-05-01,0.0,37.5,26.6,6.67,0.124,Mahabubabad,TS
2014-05-02,0.5,37.4,26.7,6.67,0.126,Mahabubabad,TS
2014-05-03,0.5,36.8,26.8,6.3,0.13,Mahabubabad,TS
2014-05-04,0.0,37.0,26.6,6.49,0.136,Mahabubabad,TS
2014-05-05,0.0,36.2,26.3,6.33,0.135,Mahabubabad,TS
2014-05-06,0.5,35.7,26.0,6.11,0.136,Mahabubabad,TS
2014-05-07,0.3,35.1,25.9,5.68,0.142,Mahabubabad,TS
2014-05-08,0.5,35.7,25.8,5.87,0.144,Mahabubabad,TS
2014-05-09,28.9,28.4,23.7,1.56,0.225,Mahabubabad,TS
2014-05-10,1.4,34.2,23.6,4.75,0.342,Mahabubabad,TS
2014-05-11,0.0,37.1,25.4,6.62,0.294,Mahabubabad,TS
2014-05-12,0.0,38.0,24.6,7.02,0.268,Mahabubabad,TS
2014-05-13,0.0,38.5,25.2,7.0,0.247,Mahabubabad,TS
2014-05-14,0.0,38.5,25.8,6.97,0.229,Mahabubabad,TS
2014-05-15,0.0,37.6,25.8,6.89,0.214,Mahabubabad,TS
2014-05-16,0.0,37.6,26.3,6.23,0.202,Mahabubabad,TS
2014-05-17,0.0,38.3,27.1,6.06,0.193,Mahabubabad,TS
2014-05-18,0.0,38.6,27.5,6.67,0.184,Mahabubabad,TS
2014-05-19,0.0,36.5,27.7,6.24,0.177,Mahabubabad,TS
2014-05-20,0.0,36.9,27.2,6.32,0.17,Mahabubabad,TS
2014-05-21,0.0,38.5,28.3,6.44,0.164,Mahabubabad,TS
2014-05-22,0.0,40.9,29.1,7.52,0.159,Mahabubabad,TS
2014-05-23,0.0,42.2,27.9,7.91,0.152,Mahabubabad,TS
2014-05-24,0.0,39.5,27.8,6.77,0.147,Mahabubabad,TS
2014-05-25,0.2,38.6,28.3,6.84,0.144,Mahabubabad,TS
2014-05-26,2.7,36.7,26.4,5.44,0.158,Mahabubabad,TS
2014-05-27,0.0,37.8,27.9,6.22,0.157,Mahabubabad,TS
2014-05-28,0.0,38.0,28.2,6.28,0.15,Mahabubabad,TS
2014-05-29,0.0,39.1,27.4,6.69,0.145,Mahabubabad,TS
2014-05-30,0.0,40.7,27.9,6.84,0.14,Mahabubabad,TS
2014-05-31,0.0,41.9,29.5,7.67,0.136,Mahabubabad,TS
2014-06-01,0.0,41.5,28.5,6.76,0.133,Mahabubabad,TS
2014-06-02,0.0,38.5,28.5,6.51,0.133,Mahabubabad,TS
2014-06-03,4.2,37.0,25.9,5.39,0.205,Mahabubabad,TS
2014-06-04,0.2,37.6,27.9,6.41,0.199,Mahabubabad,TS
2014-06-05,0.0,39.0,28.8,6.46,0.185,Mahabubabad,TS
2014-06-06,0.0,41.5,29.2,7.15,0.172,Mahabubabad,TS
2014-06-07,0.0,42.1,30.8,8.13,0.161,Mahabubabad,TS
2014-06-08,0.2,41.9,31.9,8.22,0.152,Mahabubabad,TS
2014-06-09,3.8,37.7,30.7,6.24,0.169,Mahabubabad,TS
2014-06-10,0.7,39.9,29.4,7.86,0.186,Mahabubabad,TS
2014-06-11,0.8,38.7,29.4,7.48,0.176,Mahabubabad,TS
2014-06-12,0.2,38.6,30.8,7.85,0.169,Mahabubabad,TS
2014-06-13,8.5,38.5,26.3,7.89,0.173,Mahabubabad,TS
2014-06-14,9.9,34.1,26.4,5.27,0.278,Mahabubabad,TS
2014-06-15,0.0,35.1,28.3,6.47,0.254,Mahabubabad,TS
2014-06-16,0.0,36.8,28.9,7.28,0.229,Mahabubabad,TS
2014-06-17,0.9,37.3,29.3,6.29,0.221,Mahabubabad,TS
2014-06-18,0.0,35.2,27.5,5.72,0.221,Mahabubabad,TS
2014-06-19,2.6,35.0,26.3,5.13,0.228,Mahabubabad,TS
2014-06-20,0.2,32.8,27.1,4.2,0.227,Mahabubabad,TS
2014-06-21,0.6,33.6,28.2,5.39,0.214,Mahabubabad,TS
2014-06-22,0.0,35.0,27.8,5.97,0.201,Mahabubabad,TS
2014-06-23,0.0,37.3,29.1,7.9,0.188,Mahabubabad,TS
2014-06-24,0.0,37.9,29.2,8.18,0.175,Mahabubabad,TS
2014-06-25,0.0,37.7,29.8,7.84,0.164,Mahabubabad,TS
2014-06-26,0.0,37.2,29.2,6.82,0.156,Mahabubabad,TS
2014-06-27,0.5,32.4,28.0,2.97,0.151,Mahabubabad,TS
2014-06-28,17.6,28.4,24.6,1.85,0.3,Mahabubabad,TS
2014-06-29,0.0,35.2,25.5,4.67,0.303,Mahabubabad,TS
2014-06-30,0.1,34.6,26.5,5.11,0.27,Mahabubabad,TS
2014-07-01,0.0,37.4,27.7,6.49,0.248,Mahabubabad,TS
2014-07-02,0.5,37.3,29.0,6.39,0.228,Mahabubabad,TS
2014-07-03,0.0,36.7,29.7,6.84,0.213,Mahabubabad,TS
2014-07-04,1.0,36.2,28.8,6.36,0.199,Mahabubabad,TS
2014-07-05,0.9,36.4,26.8,5.31,0.196,Mahabubabad,TS
2014-07-06,4.9,34.5,27.5,4.94,0.194,Mahabubabad,TS
2014-07-07,2.0,35.4,26.9,5.15,0.209,Mahabubabad,TS
2014-07-08,25.1,33.6,25.5,4.5,0.284,Mahabubabad,TS
2014-07-09,17.6,30.6,24.9,3.07,0.386,Mahabubabad,TS
2014-07-10,8.0,32.2,25.3,3.88,0.359,Mahabubabad,TS
2014-07-11,14.0,27.4,24.3,1.95,0.396,Mahabubabad,TS
2014-07-12,13.8,26.7,24.8,1.93,0.413,Mahabubabad,TS
2014-07-13,13.5,28.2,24.3,2.13,0.414,Mahabubabad,TS
2014-07-14,16.0,29.3,24.6,2.46,0.417,Mahabubabad,TS
2014-07-15,2.0,28.0,25.2,2.64,0.393,Mahabubabad,TS
2014-07-16,7.5,31.1,24.0,3.56,0.403,Mahabubabad,TS
2014-07-17,2.8,31.1,24.3,3.78,0.388,Mahabubabad,TS
2014-07-18,0.7,31.2,26.2,4.14,0.365,Mahabubabad,TS
2014-07-19,10.3,28.9,24.2,1.9,0.395,Mahabubabad,TS
2014-07-20,8.2,27.4,24.4,2.09,0.407,Mahabubabad,TS
2014-07-21,7.5,27.7,24.0,2.2,0.409,Mahabubabad,TS
2014-07-22,14.6,26.5,23.5,1.87,0.42,Mahabubabad,TS
2014-07-23,4.8,30.6,23.9,3.78,0.402,Mahabubabad,TS
2014-07-24,0.4,31.0,24.1,4.65,0.386,Mahabubabad,TS
2014-07-25,0.0,32.6,24.9,5.85,0.366,Mahabubabad,TS
2014-07-26,4.7,29.9,25.3,2.82,0.371,Mahabubabad,TS
2014-07-27,31.1,26.2,24.3,1.2,0.425,Mahabubabad,TS
2014-07-28,45.3,25.0,24.0,1.03,0.43,Mahabubabad,TS
2014-07-29,15.3,27.9,23.8,2.04,0.425,Mahabubabad,TS
2014-07-30,30.4,26.9,23.3,1.36,0.428,Mahabubabad,TS
2014-07-31,3.6,30.4,24.6,3.59,0.416,Mahabubabad,TS
2014-08-01,1.3,31.8,25.6,3.97,0.407,Mahabubabad,TS
2014-08-02,0.0,31.9,26.0,4.93,0.393,Mahabubabad,TS
2014-08-03,0.1,31.2,25.7,4.48,0.38,Mahabubabad,TS
2014-08-04,3.5,28.5,24.7,3.07,0.384,Mahabubabad,TS
2014-08-05,12.0,29.6,23.9,3.48,0.416,Mahabubabad,TS
2014-08-06,0.4,31.9,25.4,5.05,0.398,Mahabubabad,TS
2014-08-07,0.2,31.7,25.4,4.87,0.384,Mahabubabad,TS
2014-08-08,0.0,31.7,25.7,5.22,0.374,Mahabubabad,TS
2014-08-09,0.0,32.3,25.7,5.37,0.364,Mahabubabad,TS
2014-08-10,1.0,32.6,26.1,4.52,0.357,Mahabubabad,TS
2014-08-11,4.8,31.3,24.9,4.14,0.375,Mahabubabad,TS
2014-08-12,1.2,32.8,25.2,4.28,0.379,Mahabubabad,TS
2014-08-13,0.1,32.9,26.3,5.18,0.366,Mahabubabad,TS
2014-08-14,0.5,32.4,25.7,5.25,0.361,Mahabubabad,TS
2014-08-15,0.0,32.4,26.5,4.75,0.347,Mahabubabad,TS
2014-08-16,0.0,30.4,26.2,3.43,0.34,Mahabubabad,TS
2014-08-17,0.9,31.9,25.8,4.24,0.337,Mahabubabad,TS
2014-08-18,0.7,32.6,24.8,4.4,0.338,Mahabubabad,TS
2014-08-19,0.3,32.4,25.3,4.48,0.334,Mahabubabad,TS
2014-08-20,0.1,33.4,25.7,5.04,0.324,Mahabubabad,TS
2014-08-21,2.2,32.0,25.4,4.2,0.321,Mahabubabad,TS
2014-08-22,0.0,32.7,25.3,5.25,0.314,Mahabubabad,TS
2014-08-23,0.1,32.2,25.3,4.93,0.304,Mahabubabad,TS
2014-08-24,0.0,32.3,25.3,4.93,0.295,Mahabubabad,TS
2014-08-25,11.3,33.6,24.7,4.68,0.32,Mahabubabad,TS
2014-08-26,22.5,31.1,23.9,3.33,0.4,Mahabubabad,TS
2014-08-27,24.2,28.0,24.2,1.65,0.42,Mahabubabad,TS
2014-08-28,44.0,26.2,23.5,1.12,0.428,Mahabubabad,TS
2014-08-29,33.9,27.8,23.3,1.4,0.429,Mahabubabad,TS
2014-08-30,18.7,27.0,23.7,1.51,0.425,Mahabubabad,TS
2014-08-31,17.5,26.5,23.9,1.38,0.425,Mahabubabad,TS
2014-09-01,7.3,26.8,23.3,2.11,0.423,Mahabubabad,TS
2014-09-02,2.2,31.2,23.5,4.17,0.417,Mahabubabad,TS
2014-09-03,0.0,31.4,24.7,4.51,0.399,Mahabubabad,TS
2014-09-04,0.6,31.1,24.8,4.0,0.39,Mahabubabad,TS
2014-09-05,11.9,30.5,24.4,3.05,0.402,Mahabubabad,TS
2014-09-06,22.9,25.4,23.8,1.11,0.429,Mahabubabad,TS
2014-09-07,26.1,25.6,23.8,1.8,0.425,Mahabubabad,TS
2014-09-08,0.3,30.8,23.8,4.65,0.406,Mahabubabad,TS
2014-09-09,0.0,30.1,24.2,4.2,0.393,Mahabubabad,TS
2014-09-10,0.3,30.4,25.1,4.08,0.384,Mahabubabad,TS
2014-09-11,0.5,30.5,24.7,3.81,0.378,Mahabubabad,TS
2014-09-12,5.2,31.1,25.1,3.95,0.387,Mahabubabad,TS
2014-09-13,4.9,31.5,24.7,4.27,0.397,Mahabubabad,TS
2014-09-14,3.6,31.6,24.8,4.16,0.397,Mahabubabad,TS
2014-09-15,3.2,30.3,24.7,3.42,0.398,Mahabubabad,TS
2014-09-16,5.8,30.2,25.2,3.13,0.401,Mahabubabad,TS
2014-09-17,1.6,31.4,25.9,3.93,0.398,Mahabubabad,TS
2014-09-18,15.7,31.9,24.4,4.09,0.417,Mahabubabad,TS
2014-09-19,21.3,29.8,24.5,2.76,0.427,Mahabubabad,TS
2014-09-20,4.8,30.0,24.6,2.25,0.422,Mahabubabad,TS
2014-09-21,0.0,31.7,25.4,4.13,0.405,Mahabubabad,TS
2014-09-22,0.0,32.7,24.7,4.68,0.392,Mahabubabad,TS
2014-09-23,0.3,31.8,24.9,4.25,0.383,Mahabubabad,TS
2014-09-24,0.5,32.8,24.7,4.44,0.377,Mahabubabad,TS
2014-09-25,0.4,32.6,24.8,4.68,0.369,Mahabubabad,TS
2014-09-26,0.5,31.9,24.8,4.38,0.362,Mahabubabad,TS
2014-09-27,0.8,31.9,24.7,4.35,0.362,Mahabubabad,TS
2014-09-28,0.2,31.6,24.0,4.43,0.359,Mahabubabad,TS
2014-09-29,0.4,32.2,24.1,4.32,0.352,Mahabubabad,TS
2014-09-30,0.5,32.1,23.8,4.45,0.347,Mahabubabad,TS
2014-10-01,0.0,32.3,23.4,4.74,0.341,Mahabubabad,TS
2014-10-02,0.0,33.0,24.0,4.81,0.332,Mahabubabad,TS
2014-10-03,0.0,32.5,23.9,4.56,0.325,Mahabubabad,TS
2014-10-04,0.0,33.0,24.6,4.39,0.32,Mahabubabad,TS
2014-10-05,0.6,33.4,24.5,4.54,0.317,Mahabubabad,TS
2014-10-06,1.1,32.1,23.7,4.22,0.32,Mahabubabad,TS
2014-10-07,1.9,30.7,23.3,3.81,0.334,Mahabubabad,TS
2014-10-08,0.7,31.1,24.0,3.95,0.329,Mahabubabad,TS
2014-10-09,0.6,31.6,22.9,4.04,0.33,Mahabubabad,TS
2014-10-10,0.1,33.1,24.9,4.77,0.321,Mahabubabad,TS
2014-10-11,0.0,32.9,26.3,5.25,0.308,Mahabubabad,TS
2014-10-12,6.4,29.8,22.5,4.17,0.315,Mahabubabad,TS
2014-10-13,0.3,33.2,24.3,4.32,0.365,Mahabubabad,TS
2014-10-14,0.3,33.1,25.2,5.11,0.338,Mahabubabad,TS
2014-10-15,0.0,31.0,25.2,3.95,0.325,Mahabubabad,TS
2014-10-16,0.2,31.1,24.0,4.12,0.318,Mahabubabad,TS
2014-10-17,3.3,31.3,23.5,4.02,0.338,Mahabubabad,TS
2014-10-18,0.4,30.8,23.2,3.88,0.333,Mahabubabad,TS
2014-10-19,0.1,31.2,23.3,4.13,0.323,Mahabubabad,TS
2014-10-20,0.0,31.4,23.1,4.37,0.312,Mahabubabad,TS
2014-10-21,0.2,31.3,22.7,4.29,0.302,Mahabubabad,TS
2014-10-22,0.2,30.4,23.1,3.74,0.298,Mahabubabad,TS
2014-10-23,0.4,30.9,23.0,3.91,0.293,Mahabubabad,TS
2014-10-24,0.0,30.6,23.3,4.07,0.286,Mahabubabad,TS
2014-10-25,6.6,29.3,23.1,2.66,0.296,Mahabubabad,TS
2014-10-26,29.5,25.0,22.0,0.97,0.403,Mahabubabad,TS
2014-10-27,7.7,23.6,21.0,1.2,0.416,Mahabubabad,TS
2014-10-28,0.0,28.6,21.5,3.56,0.391,Mahabubabad,TS
2014-10-29,0.0,30.0,21.0,4.87,0.373,Mahabubabad,TS
2014-10-30,0.0,30.0,20.1,4.7,0.359,Mahabubabad,TS
2014-10-31,0.0,30.7,20.1,4.63,0.348,Mahabubabad,TS
2014-11-01,0.0,29.0,19.9,3.31,0.34,Mahabubabad,TS
2014-11-02,0.0,30.8,21.2,4.21,0.333,Mahabubabad,TS
2014-11-03,0.0,31.0,20.4,4.56,0.324,Mahabubabad,TS
2014-11-04,0.0,30.9,20.9,4.95,0.315,Mahabubabad,TS
2014-11-05,0.0,31.1,20.1,5.13,0.306,Mahabubabad,TS
2014-11-06,0.0,31.6,20.3,4.66,0.298,Mahabubabad,TS
2014-11-07,0.0,31.0,20.8,4.92,0.291,Mahabubabad,TS
2014-11-08,0.0,30.6,20.1,4.85,0.283,Mahabubabad,TS
2014-11-09,5.9,26.8,22.4,2.1,0.286,Mahabubabad,TS
2014-11-10,5.1,30.3,22.1,2.76,0.346,Mahabubabad,TS
2014-11-11,0.1,30.3,23.0,3.18,0.328,Mahabubabad,TS
2014-11-12,1.0,30.3,22.9,3.02,0.321,Mahabubabad,TS
2014-11-13,3.7,28.5,22.3,2.38,0.33,Mahabubabad,TS
2014-11-14,1.5,29.8,22.5,3.16,0.322,Mahabubabad,TS
2014-11-15,0.0,29.8,23.2,3.31,0.315,Mahabubabad,TS
2014-11-16,0.0,30.2,21.6,3.52,0.307,Mahabubabad,TS
2014-11-17,0.0,30.4,21.9,3.67,0.298,Mahabubabad,TS
2014-11-18,0.2,30.1,22.2,3.53,0.293,Mahabubabad,TS
2014-11-19,0.7,28.8,22.6,2.97,0.292,Mahabubabad,TS
2014-11-20,0.4,29.2,20.9,3.22,0.29,Mahabubabad,TS
2014-11-21,0.0,28.9,19.8,3.59,0.283,Mahabubabad,TS
2014-11-22,0.0,29.0,20.8,3.53,0.276,Mahabubabad,TS
2014-11-23,0.0,28.9,19.4,3.7,0.27,Mahabubabad,TS
2014-11-24,0.0,29.3,20.0,3.73,0.264,Mahabubabad,TS
2014-11-25,0.0,28.8,20.0,3.86,0.258,Mahabubabad,TS
2014-11-26,0.0,29.2,18.1,4.1,0.253,Mahabubabad,TS
2014-11-27,0.0,29.2,17.2,3.92,0.248,Mahabubabad,TS
2014-11-28,0.0,29.2,18.7,3.87,0.243,Mahabubabad,TS
2014-11-29,0.0,30.0,18.2,4.04,0.239,Mahabubabad,TS
2014-11-30,0.0,30.2,19.3,4.29,0.234,Mahabubabad,TS
2014-12-01,0.0,30.1,18.9,4.09,0.229,Mahabubabad,TS
2014-12-02,0.0,29.5,18.4,4.03,0.225,Mahabubabad,TS
2014-12-03,0.0,29.8,17.9,4.36,0.221,Mahabubabad,TS
2014-12-04,0.0,29.7,16.5,4.28,0.216,Mahabubabad,TS
2014-12-05,0.0,28.7,17.4,3.77,0.213,Mahabubabad,TS
2014-12-06,0.0,29.0,18.2,3.83,0.21,Mahabubabad,TS
2014-12-07,0.0,29.1,17.9,3.74,0.207,Mahabubabad,TS
2014-12-08,0.0,29.1,18.5,3.63,0.204,Mahabubabad,TS
2014-12-09,0.0,29.1,19.3,3.44,0.202,Mahabubabad,TS
2014-12-10,0.1,29.0,19.9,3.43,0.2,Mahabubabad,TS
2014-12-11,0.0,27.3,20.9,2.52,0.199,Mahabubabad,TS
2014-12-12,0.0,26.8,21.0,2.23,0.198,Mahabubabad,TS
2014-12-13,1.0,27.1,20.9,2.36,0.204,Mahabubabad,TS
2014-12-14,0.3,26.7,20.9,3.24,0.207,Mahabubabad,TS
2014-12-15,0.0,28.7,19.6,3.45,0.204,Mahabubabad,TS
2014-12-16,0.0,28.6,20.1,3.62,0.2,Mahabubabad,TS
2014-12-17,0.0,27.4,19.9,4.7,0.196,Mahabubabad,TS
2014-12-18,0.0,27.6,17.0,4.41,0.191,Mahabubabad,TS
2014-12-19,0.0,27.3,16.3,4.05,0.187,Mahabubabad,TS
2014-12-20,0.0,26.4,15.0,3.86,0.184,Mahabubabad,TS
2014-12-21,0.0,26.7,14.9,3.62,0.181,Mahabubabad,TS
2014-12-22,0.0,26.7,14.9,3.59,0.179,Mahabubabad,TS
2014-12-23,0.0,27.1,16.6,3.65,0.177,Mahabubabad,TS
2014-12-24,0.0,27.5,16.9,3.64,0.175,Mahabubabad,TS
2014-12-25,0.0,27.5,16.5,3.58,0.173,Mahabubabad,TS
2014-12-26,0.0,27.8,16.1,4.32,0.171,Mahabubabad,TS
2014-12-27,0.0,26.9,15.8,4.12,0.169,Mahabubabad,TS
2014-12-28,0.0,27.1,15.8,4.11,0.166,Mahabubabad,TS
2014-12-29,0.0,28.1,16.6,3.95,0.164,Mahabubabad,TS
2014-12-30,0.0,29.0,18.4,3.67,0.162,Mahabubabad,TS
2014-12-31,0.0,30.3,19.9,3.72,0.16,Mahabubabad,TS
2015-01-01,0.0,29.7,21.5,3.67,0.159,Mahabubabad,TS
2015-01-02,0.2,28.6,21.9,3.19,0.159,Mahabubabad,TS
2015-01-03,3.8,28.5,21.2,2.38,0.174,Mahabubabad,TS
2015-01-04,0.6,28.2,20.8,2.9,0.199,Mahabubabad,TS
2015-01-05,0.0,29.0,20.4,4.05,0.195,Mahabubabad,TS
2015-01-06,0.0,28.6,19.0,4.59,0.188,Mahabubabad,TS
2015-01-07,0.0,28.6,17.3,4.11,0.182,Mahabubabad,TS
2015-01-08,0.0,28.6,17.9,4.28,0.177,Mahabubabad,TS
2015-01-09,0.0,27.6,17.1,4.94,0.171,Mahabubabad,TS
2015-01-10,0.0,27.6,16.2,4.79,0.166,Mahabubabad,TS
2015-01-11,0.0,27.7,15.0,4.64,0.162,Mahabubabad,TS
2015-01-12,0.0,27.8,15.0,4.36,0.159,Mahabubabad,TS
2015-01-13,0.0,27.6,14.3,4.19,0.156,Mahabubabad,TS
2015-01-14,0.0,28.2,15.0,4.08,0.154,Mahabubabad,TS
2015-01-15,0.0,28.1,16.7,3.9,0.152,Mahabubabad,TS
2015-01-16,0.0,28.5,17.5,4.09,0.15,Mahabubabad,TS
2015-01-17,0.0,29.0,15.1,4.79,0.148,Mahabubabad,TS
2015-01-18,0.0,29.0,15.5,4.56,0.145,Mahabubabad,TS
2015-01-19,0.0,28.5,15.9,4.22,0.144,Mahabubabad,TS
2015-01-20,0.0,28.6,17.1,4.31,0.143,Mahabubabad,TS
2015-01-21,0.0,28.7,18.2,4.7,0.141,Mahabubabad,TS
2015-01-22,0.0,28.7,17.5,4.57,0.14,Mahabubabad,TS
2015-01-23,0.0,28.7,17.0,4.32,0.139,Mahabubabad,TS
2015-01-24,0.0,29.6,16.5,4.36,0.139,Mahabubabad,TS
2015-01-25,0.0,29.7,17.5,4.76,0.138,Mahabubabad,TS
2015-01-26,0.0,29.2,17.8,4.49,0.137,Mahabubabad,TS
2015-01-27,0.0,28.6,17.2,4.39,0.136,Mahabubabad,TS
2015-01-28,0.0,29.2,17.2,4.5,0.135,Mahabubabad,TS
2015-01-29,0.0,29.3,18.0,4.28,0.135,Mahabubabad,TS
2015-01-30,0.0,29.4,18.4,3.74,0.134,Mahabubabad,TS
2015-01-31,0.0,30.3,18.5,4.12,0.133,Mahabubabad,TS
2015-02-01,0.0,29.5,19.2,4.0,0.133,Mahabubabad,TS
2015-02-02,0.0,28.9,20.3,3.53,0.133,Mahabubabad,TS
2015-02-03,0.0,29.3,18.6,4.17,0.133,Mahabubabad,TS
2015-02-04,0.0,30.7,17.8,4.45,0.132,Mahabubabad,TS
2015-02-05,0.0,31.1,17.8,4.8,0.132,Mahabubabad,TS
2015-02-06,0.0,31.2,17.7,5.03,0.131,Mahabubabad,TS
2015-02-07,0.0,30.0,17.5,4.7,0.13,Mahabubabad,TS
2015-02-08,0.0,30.4,19.0,4.74,0.13,Mahabubabad,TS
2015-02-09,0.0,30.8,19.1,5.08,0.129,Mahabubabad,TS
2015-02-10,0.0,30.2,18.8,4.85,0.129,Mahabubabad,TS
2015-02-11,0.0,30.2,18.6,4.63,0.129,Mahabubabad,TS
2015-02-12,0.0,30.5,19.0,4.85,0.128,Mahabubabad,TS
2015-02-13,0.0,31.5,19.2,4.77,0.128,Mahabubabad,TS
2015-02-14,0.0,32.6,18.9,4.76,0.128,Mahabubabad,TS
2015-02-15,0.0,33.5,19.3,5.0,0.127,Mahabubabad,TS
2015-02-16,0.0,32.9,19.0,4.99,0.126,Mahabubabad,TS
2015-02-17,0.0,33.6,19.0,5.24,0.126,Mahabubabad,TS
2015-02-18,0.0,33.2,20.0,5.78,0.126,Mahabubabad,TS
2015-02-19,0.0,31.9,20.9,5.02,0.125,Mahabubabad,TS
2015-02-20,0.0,31.8,20.3,4.99,0.125,Mahabubabad,TS
2015-02-21,0.0,31.8,20.2,4.59,0.125,Mahabubabad,TS
2015-02-22,0.0,33.7,20.2,5.19,0.125,Mahabubabad,TS
2015-02-23,0.0,33.7,19.9,5.53,0.125,Mahabubabad,TS
2015-02-24,0.0,34.0,20.0,5.97,0.124,Mahabubabad,TS
2015-02-25,0.0,34.2,19.7,5.98,0.124,Mahabubabad,TS
2015-02-26,0.0,34.1,19.2,6.28,0.123,Mahabubabad,TS
2015-02-27,0.0,32.8,19.4,5.81,0.123,Mahabubabad,TS
2015-02-28,0.0,32.9,20.5,5.97,0.123,Mahabubabad,TS
2015-03-01,0.0,31.3,21.5,5.1,0.123,Mahabubabad,TS
2015-03-02,1.8,30.2,22.6,3.28,0.131,Mahabubabad,TS
2015-03-03,0.8,31.8,22.5,4.09,0.146,Mahabubabad,TS
2015-03-04,0.0,31.9,21.8,5.16,0.15,Mahabubabad,TS
2015-03-05,0.0,33.2,21.6,5.3,0.146,Mahabubabad,TS
2015-03-06,0.1,31.7,23.7,3.9,0.142,Mahabubabad,TS
2015-03-07,0.7,32.3,23.0,4.53,0.142,Mahabubabad,TS
2015-03-08,0.2,32.8,23.8,5.22,0.143,Mahabubabad,TS
2015-03-09,1.7,32.6,23.2,4.75,0.144,Mahabubabad,TS
2015-03-10,1.3,33.1,22.8,4.64,0.174,Mahabubabad,TS
2015-03-11,0.0,34.3,21.8,5.99,0.194,Mahabubabad,TS
2015-03-12,0.0,34.3,20.8,5.87,0.182,Mahabubabad,TS
2015-03-13,0.0,34.7,21.4,5.99,0.172,Mahabubabad,TS
2015-03-14,0.0,34.7,21.6,6.55,0.163,Mahabubabad,TS
2015-03-15,0.0,34.5,21.3,6.48,0.156,Mahabubabad,TS
2015-03-16,0.0,34.5,21.0,6.27,0.15,Mahabubabad,TS
2015-03-17,0.0,35.0,20.9,5.93,0.145,Mahabubabad,TS
2015-03-18,0.0,36.4,23.3,5.83,0.14,Mahabubabad,TS
2015-03-19,0.0,36.6,23.4,5.89,0.136,Mahabubabad,TS
2015-03-20,0.0,36.2,24.1,6.13,0.133,Mahabubabad,TS
2015-03-21,0.0,37.3,23.1,5.67,0.13,Mahabubabad,TS
2015-03-22,0.0,38.2,23.8,6.11,0.128,Mahabubabad,TS
2015-03-23,0.0,38.1,24.3,5.97,0.126,Mahabubabad,TS
2015-03-24,0.0,38.4,23.8,6.02,0.125,Mahabubabad,TS
2015-03-25,0.0,36.4,24.2,6.34,0.124,Mahabubabad,TS
2015-03-26,0.0,34.9,24.0,6.01,0.123,Mahabubabad,TS
2015-03-27,0.0,35.4,23.3,6.16,0.123,Mahabubabad,TS
2015-03-28,0.0,35.3,23.5,6.14,0.122,Mahabubabad,TS
2015-03-29,0.0,35.8,24.4,6.38,0.122,Mahabubabad,TS
2015-03-30,0.0,32.8,24.8,4.66,0.122,Mahabubabad,TS
2015-03-31,0.0,34.5,24.9,5.76,0.123,Mahabubabad,TS
2015-04-01,0.0,35.9,24.9,5.96,0.123,Mahabubabad,TS
2015-04-02,0.0,35.9,24.9,5.69,0.122,Mahabubabad,TS
2015-04-03,0.0,37.1,25.9,5.7,0.122,Mahabubabad,TS
2015-04-04,0.0,39.1,26.2,6.57,0.122,Mahabubabad,TS
2015-04-05,0.0,37.5,26.5,6.22,0.122,Mahabubabad,TS
2015-04-06,0.0,36.9,26.1,6.43,0.121,Mahabubabad,TS
2015-04-07,0.0,37.2,25.5,7.03,0.121,Mahabubabad,TS
2015-04-08,0.0,36.8,25.5,7.17,0.121,Mahabubabad,TS
2015-04-09,0.0,36.1,24.8,6.6,0.121,Mahabubabad,TS
2015-04-10,0.0,36.2,25.0,5.99,0.121,Mahabubabad,TS
2015-04-11,0.0,36.1,25.7,5.67,0.121,Mahabubabad,TS
2015-04-12,7.6,29.0,21.7,2.88,0.149,Mahabubabad,TS
2015-04-13,10.5,30.9,22.5,4.59,0.219,Mahabubabad,TS
2015-04-14,3.8,30.6,22.1,5.04,0.252,Mahabubabad,TS
2015-04-15,0.7,31.7,22.8,4.93,0.252,Mahabubabad,TS
2015-04-16,0.0,32.9,22.9,5.13,0.233,Mahabubabad,TS
2015-04-17,0.2,33.9,23.7,5.42,0.217,Mahabubabad,TS
2015-04-18,0.0,36.6,24.2,6.06,0.203,Mahabubabad,TS
2015-04-19,0.0,36.8,24.9,6.12,0.188,Mahabubabad,TS
2015-04-20,0.0,37.5,25.5,6.62,0.176,Mahabubabad,TS
2015-04-21,0.0,38.2,25.6,6.92,0.166,Mahabubabad,TS
2015-04-22,0.0,39.0,26.6,6.27,0.157,Mahabubabad,TS
2015-04-23,0.3,36.9,27.1,5.84,0.152,Mahabubabad,TS
2015-04-24,7.3,36.2,26.6,5.5,0.222,Mahabubabad,TS
2015-04-25,0.0,36.2,25.0,5.91,0.246,Mahabubabad,TS
2015-04-26,0.6,35.0,25.8,5.72,0.227,Mahabubabad,TS
2015-04-27,0.0,36.6,24.9,6.38,0.213,Mahabubabad,TS
2015-04-28,0.0,37.6,25.6,6.69,0.198,Mahabubabad,TS
2015-04-29,0.0,38.7,26.3,7.24,0.184,Mahabubabad,TS
2015-04-30,0.0,39.5,26.5,6.8,0.173,Mahabubabad,TS
2015-05-01,0.0,39.2,26.8,6.54,0.163,Mahabubabad,TS
2015-05-02,0.0,39.4,27.4,6.76,0.155,Mahabubabad,TS
2015-05-03,0.0,38.3,27.4,6.48,0.149,Mahabubabad,TS
2015-05-04,0.2,36.6,27.2,6.35,0.146,Mahabubabad,TS
2015-05-05,0.8,37.3,26.1,6.4,0.148,Mahabubabad,TS
2015-05-06,1.0,38.3,26.6,6.55,0.153,Mahabubabad,TS
2015-05-07,0.0,38.4,27.2,6.89,0.154,Mahabubabad,TS
2015-05-08,0.0,40.0,27.3,6.65,0.147,Mahabubabad,TS
2015-05-09,0.0,40.0,27.7,7.03,0.141,Mahabubabad,TS
2015-05-10,0.0,36.6,27.9,5.47,0.138,Mahabubabad,TS
2015-05-11,0.0,36.4,28.8,6.11,0.136,Mahabubabad,TS
2015-05-12,0.0,38.1,27.8,5.97,0.134,Mahabubabad,TS
2015-05-13,1.2,37.8,27.8,6.34,0.137,Mahabubabad,TS
2015-05-14,0.0,37.2,28.5,6.09,0.146,Mahabubabad,TS
2015-05-15,0.7,37.4,27.6,5.95,0.145,Mahabubabad,TS
2015-05-16,8.1,36.6,25.6,4.93,0.222,Mahabubabad,TS
2015-05-17,0.2,35.9,27.0,5.72,0.229,Mahabubabad,TS
2015-05-18,0.0,38.4,26.6,5.86,0.212,Mahabubabad,TS
2015-05-19,0.0,42.0,28.4,7.24,0.195,Mahabubabad,TS
2015-05-20,0.0,43.5,31.0,8.67,0.178,Mahabubabad,TS
2015-05-21,0.0,44.1,28.8,7.42,0.165,Mahabubabad,TS
2015-05-22,0.0,43.5,30.0,8.34,0.154,Mahabubabad,TS
2015-05-23,0.0,42.7,32.3,9.44,0.145,Mahabubabad,TS
2015-05-24,0.0,42.3,31.4,9.41,0.137,Mahabubabad,TS
2015-05-25,0.0,41.9,31.1,9.07,0.133,Mahabubabad,TS
2015-05-26,0.0,43.1,30.1,8.34,0.129,Mahabubabad,TS
2015-05-27,0.2,43.2,29.8,8.28,0.126,Mahabubabad,TS
2015-05-28,0.5,43.0,30.5,8.16,0.125,Mahabubabad,TS
2015-05-29,0.0,42.4,30.4,7.35,0.123,Mahabubabad,TS
2015-05-30,0.0,42.5,30.9,7.78,0.122,Mahabubabad,TS
2015-05-31,0.2,40.7,29.5,7.12,0.122,Mahabubabad,TS
2015-06-01,0.1,38.4,29.2,5.75,0.123,Mahabubabad,TS
2015-06-02,11.7,36.3,26.1,4.52,0.201,Mahabubabad,TS
2015-06-03,0.5,35.3,27.9,5.43,0.215,Mahabubabad,TS
2015-06-04,0.0,36.2,27.9,5.37,0.21,Mahabubabad,TS
2015-06-05,4.2,36.9,27.0,5.59,0.221,Mahabubabad,TS
2015-06-06,1.1,33.7,28.5,3.71,0.22,Mahabubabad,TS
2015-06-07,3.8,31.9,26.7,3.76,0.239,Mahabubabad,TS
2015-06-08,6.1,34.9,26.4,4.28,0.292,Mahabubabad,TS
2015-06-09,4.0,31.9,25.4,2.96,0.304,Mahabubabad,TS
2015-06-10,0.7,36.8,28.2,6.36,0.276,Mahabubabad,TS
2015-06-11,0.0,36.7,28.6,6.03,0.25,Mahabubabad,TS
2015-06-12,13.3,33.8,25.9,4.29,0.265,Mahabubabad,TS
2015-06-13,12.5,33.8,25.6,4.59,0.351,Mahabubabad,TS
2015-06-14,12.5,30.2,25.4,3.22,0.366,Mahabubabad,TS
2015-06-15,6.4,29.9,24.7,2.58,0.372,Mahabubabad,TS
2015-06-16,1.2,30.2,24.8,3.18,0.35,Mahabubabad,TS
2015-06-17,17.6,29.4,24.9,2.24,0.373,Mahabubabad,TS
2015-06-18,12.1,30.6,24.6,2.66,0.408,Mahabubabad,TS
2015-06-19,18.6,29.1,24.6,2.43,0.418,Mahabubabad,TS
2015-06-20,46.3,25.9,24.5,1.43,0.428,Mahabubabad,TS
2015-06-21,37.3,25.7,24.2,1.42,0.428,Mahabubabad,TS
2015-06-22,3.0,29.8,24.0,2.8,0.408,Mahabubabad,TS
2015-06-23,0.0,31.5,26.1,4.61,0.384,Mahabubabad,TS
2015-06-24,5.2,32.4,24.5,4.5,0.392,Mahabubabad,TS
2015-06-25,0.0,32.4,26.4,4.94,0.372,Mahabubabad,TS
2015-06-26,0.0,32.2,26.5,5.01,0.356,Mahabubabad,TS
2015-06-27,0.0,32.5,26.9,5.89,0.343,Mahabubabad,TS
2015-06-28,1.4,32.7,25.8,4.63,0.338,Mahabubabad,TS
2015-06-29,0.0,34.0,26.0,5.08,0.33,Mahabubabad,TS
2015-06-30,0.0,34.1,26.3,5.54,0.321,Mahabubabad,TS
2015-07-01,0.5,33.4,26.7,5.03,0.313,Mahabubabad,TS
2015-07-02,6.9,31.9,26.6,3.77,0.339,Mahabubabad,TS
2015-07-03,0.0,32.6,26.0,3.76,0.352,Mahabubabad,TS
2015-07-04,0.0,34.6,27.0,6.8,0.328,Mahabubabad,TS
2015-07-05,0.0,34.1,27.2,6.75,0.31,Mahabubabad,TS
2015-07-06,0.0,34.2,27.2,6.74,0.295,Mahabubabad,TS
2015-07-07,0.0,34.4,27.7,6.38,0.283,Mahabubabad,TS
2015-07-08,0.0,33.9,28.1,5.9,0.274,Mahabubabad,TS
2015-07-09,0.0,35.0,28.9,6.39,0.265,Mahabubabad,TS
2015-07-10,0.0,32.8,28.5,4.56,0.258,Mahabubabad,TS
2015-07-11,0.0,33.5,28.3,4.84,0.253,Mahabubabad,TS
2015-07-12,0.0,35.2,28.0,6.39,0.245,Mahabubabad,TS
2015-07-13,0.2,35.5,27.3,5.47,0.238,Mahabubabad,TS
2015-07-14,5.5,33.7,25.5,4.6,0.273,Mahabubabad,TS
2015-07-15,19.4,33.4,25.0,4.1,0.367,Mahabubabad,TS
2015-07-16,2.9,33.5,25.9,4.26,0.366,Mahabubabad,TS
2015-07-17,0.4,32.9,27.6,4.83,0.342,Mahabubabad,TS
2015-07-18,3.7,33.7,24.9,4.63,0.35,Mahabubabad,TS
2015-07-19,9.4,33.2,25.5,4.39,0.355,Mahabubabad,TS
2015-07-20,1.0,33.1,25.4,4.82,0.365,Mahabubabad,TS
2015-07-21,2.2,33.0,25.4,4.5,0.349,Mahabubabad,TS
2015-07-22,10.7,30.3,25.7,2.57,0.381,Mahabubabad,TS
2015-07-23,3.4,30.6,25.0,3.28,0.387,Mahabubabad,TS
2015-07-24,2.3,32.0,25.2,4.13,0.377,Mahabubabad,TS
2015-07-25,0.3,33.2,26.5,5.02,0.359,Mahabubabad,TS
2015-07-26,3.1,31.6,24.7,4.02,0.355,Mahabubabad,TS
2015-07-27,0.1,32.9,25.4,5.2,0.342,Mahabubabad,TS
2015-07-28,0.0,33.9,26.5,6.14,0.325,Mahabubabad,TS
2015-07-29,0.0,34.0,26.3,6.26,0.309,Mahabubabad,TS
2015-07-30,0.4,32.3,26.5,5.27,0.299,Mahabubabad,TS
2015-07-31,1.0,31.6,26.6,4.8,0.3,Mahabubabad,TS
2015-08-01,0.9,32.4,25.4,4.77,0.306,Mahabubabad,TS
2015-08-02,0.0,32.8,26.0,4.92,0.303,Mahabubabad,TS
2015-08-03,0.2,32.0,26.4,4.47,0.293,Mahabubabad,TS
2015-08-04,0.1,31.3,26.5,3.91,0.283,Mahabubabad,TS
2015-08-05,0.2,31.3,24.2,4.23,0.276,Mahabubabad,TS
2015-08-06,0.1,31.2,25.4,4.41,0.27,Mahabubabad,TS
2015-08-07,3.8,31.5,25.1,3.84,0.269,Mahabubabad,TS
2015-08-08,4.4,29.5,25.1,3.16,0.309,Mahabubabad,TS
2015-08-09,13.5,30.7,24.8,2.97,0.349,Mahabubabad,TS
2015-08-10,10.4,31.0,25.1,2.88,0.373,Mahabubabad,TS
2015-08-11,12.7,31.5,24.4,3.13,0.395,Mahabubabad,TS
2015-08-12,21.3,25.8,24.0,0.97,0.419,Mahabubabad,TS
2015-08-13,6.2,29.4,24.2,3.08,0.412,Mahabubabad,TS
2015-08-14,0.1,32.1,24.3,4.73,0.385,Mahabubabad,TS
2015-08-15,0.6,31.8,25.9,4.02,0.375,Mahabubabad,TS
2015-08-16,1.0,31.0,25.9,3.12,0.369,Mahabubabad,TS
2015-08-17,3.3,32.2,25.2,4.06,0.363,Mahabubabad,TS
2015-08-18,13.2,32.4,24.4,4.17,0.402,Mahabubabad,TS
2015-08-19,1.3,32.1,25.2,4.45,0.387,Mahabubabad,TS
2015-08-20,2.7,31.3,25.4,3.77,0.38,Mahabubabad,TS
2015-08-21,8.5,31.0,25.2,2.96,0.397,Mahabubabad,TS
2015-08-22,0.4,31.6,24.5,4.14,0.388,Mahabubabad,TS
2015-08-23,0.8,32.0,25.5,4.45,0.374,Mahabubabad,TS
2015-08-24,0.2,31.8,24.9,4.62,0.362,Mahabubabad,TS
2015-08-25,0.2,32.8,25.2,5.0,0.35,Mahabubabad,TS
2015-08-26,1.6,31.9,26.1,4.36,0.343,Mahabubabad,TS
2015-08-27,4.0,29.4,24.6,2.0,0.371,Mahabubabad,TS
2015-08-28,7.6,32.4,25.5,4.34,0.37,Mahabubabad,TS
2015-08-29,2.8,32.3,24.9,3.8,0.377,Mahabubabad,TS
2015-08-30,1.4,31.5,25.9,3.9,0.366,Mahabubabad,TS
2015-08-31,5.4,32.1,24.9,3.9,0.388,Mahabubabad,TS
2015-09-01,3.3,31.6,24.8,3.6,0.387,Mahabubabad,TS
2015-09-02,0.3,32.2,24.7,4.33,0.378,Mahabubabad,TS
2015-09-03,0.0,33.1,25.4,4.62,0.36,Mahabubabad,TS
2015-09-04,1.9,33.4,26.0,4.74,0.348,Mahabubabad,TS
2015-09-05,5.6,33.5,25.0,4.83,0.361,Mahabubabad,TS
2015-09-06,12.9,31.8,25.6,3.9,0.374,Mahabubabad,TS
2015-09-07,6.8,29.9,24.5,2.71,0.389,Mahabubabad,TS
2015-09-08,4.9,31.7,24.0,4.23,0.385,Mahabubabad,TS
2015-09-09,0.7,31.9,23.5,4.34,0.384,Mahabubabad,TS
2015-09-10,6.0,32.1,23.8,4.26,0.381,Mahabubabad,TS
2015-09-11,11.9,32.3,24.2,3.96,0.4,Mahabubabad,TS
2015-09-12,6.4,31.0,24.2,3.31,0.411,Mahabubabad,TS
2015-09-13,16.4,29.2,24.3,2.15,0.421,Mahabubabad,TS
2015-09-14,34.4,28.7,24.4,1.82,0.426,Mahabubabad,TS
2015-09-15,24.3,29.3,24.1,2.22,0.426,Mahabubabad,TS
2015-09-16,18.1,29.2,24.6,1.77,0.426,Mahabubabad,TS
2015-09-17,12.9,32.1,24.2,3.91,0.422,Mahabubabad,TS
2015-09-18,0.5,31.3,25.0,3.82,0.404,Mahabubabad,TS
2015-09-19,0.0,30.5,25.5,2.92,0.393,Mahabubabad,TS
2015-09-20,0.0,29.7,25.4,2.43,0.386,Mahabubabad,TS
2015-09-21,0.0,31.8,24.3,4.36,0.377,Mahabubabad,TS
2015-09-22,0.0,32.3,24.0,4.77,0.366,Mahabubabad,TS
2015-09-23,0.0,33.8,24.3,4.97,0.355,Mahabubabad,TS
2015-09-24,0.1,32.4,25.6,4.43,0.348,Mahabubabad,TS
2015-09-25,4.3,32.9,25.2,4.3,0.355,Mahabubabad,TS
2015-09-26,3.2,31.7,24.6,3.96,0.366,Mahabubabad,TS
2015-09-27,0.0,32.6,24.7,5.45,0.358,Mahabubabad,TS
2015-09-28,0.0,31.0,24.1,4.19,0.343,Mahabubabad,TS
2015-09-29,1.3,31.5,24.6,4.04,0.342,Mahabubabad,TS
2015-09-30,6.2,31.3,24.3,3.63,0.357,Mahabubabad,TS
2015-10-01,5.4,29.7,24.4,2.06,0.385,Mahabubabad,TS
2015-10-02,2.7,29.4,24.1,2.74,0.387,Mahabubabad,TS
2015-10-03,3.9,32.0,24.4,3.96,0.385,Mahabubabad,TS
2015-10-04,5.3,30.8,24.3,3.25,0.403,Mahabubabad,TS
2015-10-05,1.4,32.4,24.2,3.89,0.393,Mahabubabad,TS
2015-10-06,0.2,32.7,23.9,4.4,0.381,Mahabubabad,TS
2015-10-07,0.0,33.6,23.2,5.42,0.365,Mahabubabad,TS
2015-10-08,0.0,33.1,23.0,4.77,0.353,Mahabubabad,TS
2015-10-09,0.0,33.7,22.8,4.87,0.343,Mahabubabad,TS
2015-10-10,0.0,33.9,24.7,4.6,0.334,Mahabubabad,TS
2015-10-11,0.4,33.4,24.8,4.51,0.326,Mahabubabad,TS
2015-10-12,0.0,34.0,24.1,4.68,0.32,Mahabubabad,TS
2015-10-13,0.0,33.4,24.0,4.54,0.311,Mahabubabad,TS
2015-10-14,0.0,33.9,25.0,4.43,0.304,Mahabubabad,TS
2015-10-15,0.2,33.3,23.8,4.52,0.297,Mahabubabad,TS
2015-10-16,0.8,31.0,24.5,3.96,0.293,Mahabubabad,TS
2015-10-17,0.5,31.0,24.0,3.83,0.294,Mahabubabad,TS
2015-10-18,0.0,31.4,23.9,3.81,0.29,Mahabubabad,TS
2015-10-19,0.1,32.7,23.6,4.32,0.285,Mahabubabad,TS
2015-10-20,0.0,32.3,22.7,4.46,0.278,Mahabubabad,TS
2015-10-21,0.0,32.7,22.8,4.5,0.271,Mahabubabad,TS
2015-10-22,0.0,33.0,23.0,4.57,0.264,Mahabubabad,TS
2015-10-23,0.0,32.5,23.3,4.39,0.257,Mahabubabad,TS
2015-10-24,0.2,32.7,23.8,4.49,0.252,Mahabubabad,TS
2015-10-25,0.0,31.9,23.9,4.41,0.248,Mahabubabad,TS
2015-10-26,0.0,31.7,23.2,4.43,0.242,Mahabubabad,TS
2015-10-27,0.0,31.6,22.0,4.6,0.236,Mahabubabad,TS
2015-10-28,0.1,30.8,21.9,3.97,0.231,Mahabubabad,TS
2015-10-29,1.3,31.4,23.4,3.82,0.229,Mahabubabad,TS
2015-10-30,1.4,30.8,22.8,3.82,0.247,Mahabubabad,TS
2015-10-31,0.1,30.6,22.4,3.9,0.247,Mahabubabad,TS
2015-11-01,0.0,31.1,23.0,4.11,0.241,Mahabubabad,TS
2015-11-02,0.0,30.4,23.3,3.59,0.235,Mahabubabad,TS
2015-11-03,0.0,31.2,23.5,3.7,0.232,Mahabubabad,TS
2015-11-04,0.0,31.4,23.6,3.96,0.227,Mahabubabad,TS
2015-11-05,0.2,30.1,23.2,3.39,0.223,Mahabubabad,TS
2015-11-06,0.0,31.3,23.9,3.93,0.22,Mahabubabad,TS
2015-11-07,0.0,31.4,22.7,4.2,0.214,Mahabubabad,TS
2015-11-08,0.0,32.6,22.7,4.94,0.209,Mahabubabad,TS
2015-11-09,0.0,29.5,20.3,3.48,0.204,Mahabubabad,TS
2015-11-10,0.2,27.8,22.6,2.9,0.203,Mahabubabad,TS
2015-11-11,0.0,31.7,20.8,4.45,0.202,Mahabubabad,TS
2015-11-12,0.0,31.8,21.0,4.47,0.197,Mahabubabad,TS
2015-11-13,0.0,32.0,19.8,4.74,0.193,Mahabubabad,TS
2015-11-14,0.0,31.2,20.3,4.2,0.189,Mahabubabad,TS
2015-11-15,0.0,30.3,20.4,3.4,0.186,Mahabubabad,TS
2015-11-16,0.8,27.6,21.9,2.06,0.189,Mahabubabad,TS
2015-11-17,21.3,23.9,19.7,1.2,0.353,Mahabubabad,TS
2015-11-18,0.9,29.7,20.0,3.91,0.341,Mahabubabad,TS
2015-11-19,1.6,26.9,21.6,2.62,0.318,Mahabubabad,TS
2015-11-20,0.5,28.4,23.0,1.76,0.313,Mahabubabad,TS
2015-11-21,0.0,30.2,21.8,3.73,0.301,Mahabubabad,TS
2015-11-22,0.0,30.2,21.5,3.72,0.287,Mahabubabad,TS
2015-11-23,0.0,29.7,21.6,3.51,0.278,Mahabubabad,TS
2015-11-24,0.0,28.9,22.0,2.77,0.27,Mahabubabad,TS
2015-11-25,0.0,29.4,21.2,3.17,0.264,Mahabubabad,TS
2015-11-26,0.0,30.1,19.6,3.76,0.257,Mahabubabad,TS
2015-11-27,0.0,30.1,20.5,3.9,0.25,Mahabubabad,TS
2015-11-28,0.0,30.0,20.9,4.0,0.243,Mahabubabad,TS
2015-11-29,0.0,30.5,21.0,4.16,0.237,Mahabubabad,TS
2015-11-30,8.0,25.2,21.8,1.24,0.284,Mahabubabad,TS
2015-12-01,0.0,28.9,21.3,3.12,0.304,Mahabubabad,TS
2015-12-02,0.0,27.3,21.9,1.73,0.289,Mahabubabad,TS
2015-12-03,0.0,30.1,20.3,3.92,0.278,Mahabubabad,TS
2015-12-04,0.0,30.4,19.4,3.79,0.266,Mahabubabad,TS
2015-12-05,0.0,30.3,21.5,3.73,0.257,Mahabubabad,TS
2015-12-06,0.0,29.4,21.2,3.69,0.248,Mahabubabad,TS
2015-12-07,0.0,30.3,20.6,3.86,0.241,Mahabubabad,TS
2015-12-08,0.0,30.3,20.5,3.94,0.234,Mahabubabad,TS
2015-12-09,0.0,29.6,19.1,3.9,0.227,Mahabubabad,TS
2015-12-10,0.0,29.6,19.1,4.12,0.221,Mahabubabad,TS
2015-12-11,0.0,30.4,19.1,4.2,0.216,Mahabubabad,TS
2015-12-12,0.0,30.9,21.0,3.6,0.211,Mahabubabad,TS
2015-12-13,0.0,31.2,22.2,3.91,0.206,Mahabubabad,TS
2015-12-14,0.0,30.8,21.7,4.05,0.202,Mahabubabad,TS
2015-12-15,0.0,30.8,21.2,4.09,0.197,Mahabubabad,TS
2015-12-16,0.0,30.2,20.9,4.2,0.193,Mahabubabad,TS
2015-12-17,0.0,29.9,20.5,4.21,0.189,Mahabubabad,TS
2015-12-18,0.0,30.2,19.6,4.0,0.185,Mahabubabad,TS
2015-12-19,0.0,30.1,20.9,3.74,0.182,Mahabubabad,TS
2015-12-20,0.0,29.7,20.7,4.05,0.179,Mahabubabad,TS
2015-12-21,0.0,30.0,21.3,3.74,0.177,Mahabubabad,TS
2015-12-22,0.0,30.5,21.0,3.88,0.174,Mahabubabad,TS
2015-12-23,0.0,29.4,21.8,3.09,0.172,Mahabubabad,TS
2015-12-24,0.0,30.3,22.4,3.31,0.17,Mahabubabad,TS
2015-12-25,0.0,28.0,19.7,5.42,0.166,Mahabubabad,TS
2015-12-26,0.0,27.9,16.5,4.74,0.163,Mahabubabad,TS
2015-12-27,0.0,28.6,16.7,4.42,0.16,Mahabubabad,TS
2015-12-28,0.0,29.5,16.1,3.61,0.158,Mahabubabad,TS
2015-12-29,0.0,31.6,16.4,4.42,0.156,Mahabubabad,TS
2015-12-30,0.0,31.4,17.7,4.2,0.154,Mahabubabad,TS
2015-12-31,0.0,30.9,19.3,4.07,0.152,Mahabubabad,TS
2016-01-01,0.0,30.5,19.1,3.91,0.151,Mahabubabad,TS
2016-01-02,0.0,30.6,18.4,4.02,0.149,Mahabubabad,TS
2016-01-03,0.0,30.6,17.9,3.9,0.147,Mahabubabad,TS
2016-01-04,0.0,29.9,19.3,3.8,0.146,Mahabubabad,TS
2016-01-05,0.0,29.6,18.3,3.82,0.145,Mahabubabad,TS
2016-01-06,0.0,29.2,19.2,3.91,0.144,Mahabubabad,TS
2016-01-07,0.0,29.5,18.5,3.88,0.143,Mahabubabad,TS
2016-01-08,0.0,29.6,18.0,3.84,0.142,Mahabubabad,TS
2016-01-09,0.0,30.3,18.6,4.11,0.141,Mahabubabad,TS
2016-01-10,0.0,30.5,18.0,4.3,0.14,Mahabubabad,TS
2016-01-11,0.0,30.2,18.5,4.16,0.138,Mahabubabad,TS
2016-01-12,0.0,30.1,17.9,4.41,0.137,Mahabubabad,TS
2016-01-13,0.0,29.7,16.6,4.2,0.136,Mahabubabad,TS
2016-01-14,0.0,29.5,18.1,4.28,0.136,Mahabubabad,TS
2016-01-15,0.0,29.4,19.0,4.36,0.135,Mahabubabad,TS
2016-01-16,0.0,29.6,18.0,4.53,0.134,Mahabubabad,TS
2016-01-17,0.0,29.8,18.4,4.85,0.133,Mahabubabad,TS
2016-01-18,0.0,29.6,18.3,4.67,0.133,Mahabubabad,TS
2016-01-19,0.0,28.2,20.5,2.82,0.133,Mahabubabad,TS
2016-01-20,2.7,24.2,20.1,0.94,0.152,Mahabubabad,TS
2016-01-21,0.0,28.3,18.8,4.46,0.162,Mahabubabad,TS
2016-01-22,0.0,28.0,18.0,4.75,0.157,Mahabubabad,TS
2016-01-23,0.0,29.2,17.6,4.61,0.152,Mahabubabad,TS
2016-01-24,0.0,29.0,17.6,3.76,0.148,Mahabubabad,TS
2016-01-25,0.1,28.6,19.8,3.42,0.146,Mahabubabad,TS
2016-01-26,0.0,28.4,19.7,3.29,0.145,Mahabubabad,TS
2016-01-27,0.0,30.9,20.0,4.07,0.143,Mahabubabad,TS
2016-01-28,0.0,31.9,20.2,4.23,0.141,Mahabubabad,TS
2016-01-29,0.0,32.7,21.3,4.63,0.139,Mahabubabad,TS
2016-01-30,0.0,32.7,19.2,4.5,0.136,Mahabubabad,TS
2016-01-31,0.0,33.8,19.3,4.7,0.135,Mahabubabad,TS
2016-02-01,0.0,34.1,20.9,4.84,0.133,Mahabubabad,TS
2016-02-02,0.0,34.3,20.2,5.02,0.132,Mahabubabad,TS
2016-02-03,0.0,33.9,20.4,4.97,0.13,Mahabubabad,TS
2016-02-04,0.0,32.6,19.9,4.72,0.129,Mahabubabad,TS
2016-02-05,0.0,31.2,21.1,4.48,0.129,Mahabubabad,TS
2016-02-06,0.0,31.5,20.4,5.09,0.128,Mahabubabad,TS
2016-02-07,0.0,31.4,21.1,4.63,0.127,Mahabubabad,TS
2016-02-08,0.0,31.1,21.2,4.14,0.127,Mahabubabad,TS
2016-02-09,0.0,32.1,23.2,3.96,0.126,Mahabubabad,TS
2016-02-10,0.0,32.5,22.6,5.38,0.126,Mahabubabad,TS
2016-02-11,0.0,32.5,22.2,5.04,0.126,Mahabubabad,TS
2016-02-12,0.0,32.7,23.0,5.5,0.125,Mahabubabad,TS
2016-02-13,0.0,32.0,22.2,4.83,0.125,Mahabubabad,TS
2016-02-14,0.0,32.3,22.3,4.84,0.125,Mahabubabad,TS
2016-02-15,0.0,33.1,20.2,6.01,0.124,Mahabubabad,TS
2016-02-16,0.0,32.8,19.2,5.66,0.124,Mahabubabad,TS
2016-02-17,0.0,33.1,18.1,6.01,0.123,Mahabubabad,TS
2016-02-18,0.0,33.7,19.6,6.03,0.123,Mahabubabad,TS
2016-02-19,0.0,34.2,19.5,5.86,0.123,Mahabubabad,TS
2016-02-20,0.0,35.6,19.9,5.91,0.123,Mahabubabad,TS
2016-02-21,0.0,36.3,20.4,5.88,0.122,Mahabubabad,TS
2016-02-22,0.0,36.0,22.3,6.06,0.122,Mahabubabad,TS
2016-02-23,0.0,35.4,22.6,6.24,0.122,Mahabubabad,TS
2016-02-24,0.0,33.3,22.5,5.48,0.122,Mahabubabad,TS
2016-02-25,0.0,33.5,22.7,5.65,0.122,Mahabubabad,TS
2016-02-26,0.0,32.2,23.7,4.62,0.122,Mahabubabad,TS
2016-02-27,0.0,32.3,23.0,4.8,0.122,Mahabubabad,TS
2016-02-28,0.0,33.8,22.7,5.36,0.122,Mahabubabad,TS
2016-02-29,0.0,33.7,23.8,5.15,0.122,Mahabubabad,TS
2016-03-01,0.0,33.3,23.6,5.08,0.122,Mahabubabad,TS
2016-03-02,0.0,32.5,24.2,4.48,0.123,Mahabubabad,TS
2016-03-03,0.1,33.3,24.2,4.66,0.125,Mahabubabad,TS
2016-03-04,0.1,33.4,23.3,4.74,0.126,Mahabubabad,TS
2016-03-05,0.0,34.4,24.0,5.37,0.126,Mahabubabad,TS
2016-03-06,0.0,35.6,23.3,6.63,0.125,Mahabubabad,TS
2016-03-07,0.0,35.0,21.1,6.4,0.124,Mahabubabad,TS
2016-03-08,0.0,35.2,20.5,6.3,0.123,Mahabubabad,TS
2016-03-09,0.0,34.6,21.4,5.35,0.123,Mahabubabad,TS
2016-03-10,0.0,37.1,22.6,6.37,0.122,Mahabubabad,TS
2016-03-11,0.0,36.8,22.3,5.93,0.122,Mahabubabad,TS
2016-03-12,0.0,37.3,23.8,7.38,0.122,Mahabubabad,TS
2016-03-13,0.2,35.8,22.0,5.73,0.122,Mahabubabad,TS
2016-03-14,1.1,34.8,25.3,5.04,0.126,Mahabubabad,TS
2016-03-15,3.2,34.1,24.5,5.0,0.131,Mahabubabad,TS
2016-03-16,0.7,33.9,25.1,4.53,0.143,Mahabubabad,TS
2016-03-17,0.0,35.2,24.6,5.54,0.141,Mahabubabad,TS
2016-03-18,0.0,36.5,24.7,6.05,0.137,Mahabubabad,TS
2016-03-19,0.0,37.3,24.7,5.57,0.134,Mahabubabad,TS
2016-03-20,0.0,38.6,25.0,6.41,0.131,Mahabubabad,TS
2016-03-21,0.0,39.5,25.0,6.92,0.128,Mahabubabad,TS
2016-03-22,0.0,39.9,24.1,6.68,0.126,Mahabubabad,TS
2016-03-23,0.0,38.8,23.7,5.83,0.124,Mahabubabad,TS
2016-03-24,0.0,38.8,24.7,6.24,0.123,Mahabubabad,TS
2016-03-25,0.0,37.6,24.4,6.73,0.122,Mahabubabad,TS
2016-03-26,0.0,37.6,24.4,6.67,0.122,Mahabubabad,TS
2016-03-27,0.0,37.1,24.3,7.2,0.121,Mahabubabad,TS
2016-03-28,0.0,36.7,24.4,6.74,0.121,Mahabubabad,TS
2016-03-29,0.0,36.3,23.7,6.58,0.121,Mahabubabad,TS
2016-03-30,0.0,36.8,25.1,6.55,0.121,Mahabubabad,TS
2016-03-31,0.1,36.8,25.2,6.41,0.122,Mahabubabad,TS
2016-04-01,0.0,37.8,25.1,6.58,0.122,Mahabubabad,TS
2016-04-02,0.0,37.9,25.0,6.69,0.122,Mahabubabad,TS
2016-04-03,0.0,38.2,25.7,6.96,0.121,Mahabubabad,TS
2016-04-04,0.0,38.7,25.6,6.88,0.121,Mahabubabad,TS
2016-04-05,1.5,36.2,25.6,5.54,0.126,Mahabubabad,TS
2016-04-06,0.0,37.4,25.1,6.8,0.132,Mahabubabad,TS
2016-04-07,0.0,38.1,24.4,6.87,0.129,Mahabubabad,TS
2016-04-08,0.0,38.2,24.7,7.36,0.126,Mahabubabad,TS
2016-04-09,0.0,38.1,24.0,7.46,0.125,Mahabubabad,TS
2016-04-10,0.0,38.5,23.9,7.45,0.124,Mahabubabad,TS
2016-04-11,0.0,40.2,24.8,7.94,0.123,Mahabubabad,TS
2016-04-12,0.0,40.0,25.9,7.29,0.122,Mahabubabad,TS
2016-04-13,0.0,39.7,26.0,6.16,0.121,Mahabubabad,TS
2016-04-14,0.0,39.5,27.8,6.5,0.121,Mahabubabad,TS
2016-04-15,0.0,40.0,27.3,7.13,0.121,Mahabubabad,TS
2016-04-16,0.0,40.3,26.8,7.62,0.12,Mahabubabad,TS
2016-04-17,0.0,39.8,27.0,6.97,0.12,Mahabubabad,TS
2016-04-18,0.0,38.6,27.1,7.14,0.12,Mahabubabad,TS
2016-04-19,0.0,39.2,25.9,7.53,0.12,Mahabubabad,TS
2016-04-20,0.0,39.2,26.3,6.96,0.12,Mahabubabad,TS
2016-04-21,0.0,40.1,27.0,6.92,0.12,Mahabubabad,TS
2016-04-22,0.0,41.8,28.2,6.85,0.12,Mahabubabad,TS
2016-04-23,0.0,42.6,28.9,7.87,0.12,Mahabubabad,TS
2016-04-24,0.0,42.3,28.4,7.29,0.12,Mahabubabad,TS
2016-04-25,0.0,41.6,28.2,7.52,0.12,Mahabubabad,TS
2016-04-26,0.0,40.4,28.3,7.19,0.12,Mahabubabad,TS
2016-04-27,0.0,39.7,27.3,7.67,0.12,Mahabubabad,TS
2016-04-28,0.0,39.5,26.8,7.11,0.12,Mahabubabad,TS
2016-04-29,0.0,40.5,27.3,7.49,0.12,Mahabubabad,TS
2016-04-30,0.0,40.8,27.6,6.94,0.12,Mahabubabad,TS
2016-05-01,0.1,40.9,27.5,6.97,0.12,Mahabubabad,TS
2016-05-02,0.2,41.7,28.3,7.51,0.12,Mahabubabad,TS
2016-05-03,0.2,38.4,28.8,7.18,0.123,Mahabubabad,TS
2016-05-04,0.6,39.1,27.9,6.97,0.127,Mahabubabad,TS
2016-05-05,0.5,36.4,27.9,6.59,0.129,Mahabubabad,TS
2016-05-06,16.3,33.8,24.4,4.99,0.247,Mahabubabad,TS
2016-05-07,0.2,36.1,26.6,6.03,0.251,Mahabubabad,TS
2016-05-08,0.0,35.6,26.9,6.02,0.227,Mahabubabad,TS
2016-05-09,1.2,35.0,27.4,5.58,0.214,Mahabubabad,TS
2016-05-10,1.5,36.3,27.3,5.9,0.208,Mahabubabad,TS
2016-05-11,0.5,37.0,27.2,6.16,0.203,Mahabubabad,TS
2016-05-12,0.2,38.3,27.7,6.71,0.191,Mahabubabad,TS
2016-05-13,0.0,39.0,28.1,6.97,0.181,Mahabubabad,TS
2016-05-14,0.1,39.7,28.7,7.49,0.169,Mahabubabad,TS
2016-05-15,0.0,37.5,28.0,6.91,0.16,Mahabubabad,TS
2016-05-16,0.0,38.3,27.3,7.25,0.152,Mahabubabad,TS
2016-05-17,0.0,37.4,27.7,6.42,0.145,Mahabubabad,TS
2016-05-18,0.4,34.9,27.8,3.53,0.142,Mahabubabad,TS
2016-05-19,0.8,32.8,26.0,2.99,0.145,Mahabubabad,TS
2016-05-20,2.0,36.6,26.6,5.15,0.16,Mahabubabad,TS
2016-05-21,0.0,41.6,29.9,8.86,0.154,Mahabubabad,TS
2016-05-22,0.0,42.1,31.5,9.35,0.145,Mahabubabad,TS
2016-05-23,0.0,40.9,32.1,9.66,0.138,Mahabubabad,TS
2016-05-24,0.0,41.3,32.2,9.15,0.133,Mahabubabad,TS
2016-05-25,0.0,41.3,32.3,9.32,0.129,Mahabubabad,TS
2016-05-26,0.0,42.0,32.3,8.98,0.126,Mahabubabad,TS
2016-05-27,0.0,41.8,32.1,8.66,0.124,Mahabubabad,TS
2016-05-28,0.0,41.5,31.5,7.85,0.123,Mahabubabad,TS
2016-05-29,0.0,40.0,30.8,8.19,0.122,Mahabubabad,TS
2016-05-30,0.0,40.3,30.9,7.98,0.121,Mahabubabad,TS
2016-05-31,0.6,40.6,29.7,6.52,0.125,Mahabubabad,TS
2016-06-01,0.1,41.7,30.7,7.48,0.128,Mahabubabad,TS
2016-06-02,0.0,39.0,30.9,6.32,0.129,Mahabubabad,TS
2016-06-03,0.0,38.2,30.1,6.06,0.129,Mahabubabad,TS
2016-06-04,24.6,32.5,25.6,3.58,0.302,Mahabubabad,TS
2016-06-05,19.1,32.7,25.1,2.85,0.336,Mahabubabad,TS
2016-06-06,10.4,32.3,25.3,3.62,0.349,Mahabubabad,TS
2016-06-07,33.4,30.6,25.1,2.58,0.4,Mahabubabad,TS
2016-06-08,12.7,29.0,25.4,1.64,0.407,Mahabubabad,TS
2016-06-09,2.4,35.1,27.1,4.37,0.385,Mahabubabad,TS
2016-06-10,0.3,34.1,27.1,5.69,0.363,Mahabubabad,TS
2016-06-11,0.4,34.9,27.1,5.8,0.343,Mahabubabad,TS
2016-06-12,0.0,34.4,27.4,5.43,0.328,Mahabubabad,TS
2016-06-13,10.4,34.1,25.9,5.33,0.369,Mahabubabad,TS
2016-06-14,0.0,36.0,28.5,7.31,0.34,Mahabubabad,TS
2016-06-15,0.0,35.5,28.4,7.51,0.315,Mahabubabad,TS
2016-06-16,0.0,36.3,28.5,7.36,0.296,Mahabubabad,TS
2016-06-17,1.8,35.3,26.4,5.72,0.286,Mahabubabad,TS
2016-06-18,34.3,27.4,24.7,1.15,0.396,Mahabubabad,TS
2016-06-19,3.1,29.7,24.3,2.4,0.399,Mahabubabad,TS
2016-06-20,2.5,31.5,25.0,4.21,0.377,Mahabubabad,TS
2016-06-21,12.5,31.8,24.4,4.52,0.392,Mahabubabad,TS
2016-06-22,0.0,33.5,25.2,4.89,0.383,Mahabubabad,TS
2016-06-23,5.9,33.5,26.1,5.01,0.367,Mahabubabad,TS
2016-06-24,4.0,32.8,25.0,4.33,0.386,Mahabubabad,TS
2016-06-25,15.2,32.7,25.2,4.06,0.393,Mahabubabad,TS
2016-06-26,3.5,29.5,25.1,3.04,0.404,Mahabubabad,TS
2016-06-27,24.5,27.5,25.1,1.58,0.415,Mahabubabad,TS
2016-06-28,15.0,28.2,24.6,1.9,0.421,Mahabubabad,TS
2016-06-29,30.5,25.8,24.6,1.26,0.426,Mahabubabad,TS
2016-06-30,22.1,26.6,24.7,1.96,0.421,Mahabubabad,TS
2016-07-01,35.9,26.9,24.2,1.39,0.43,Mahabubabad,TS
2016-07-02,14.6,27.7,24.7,1.91,0.426,Mahabubabad,TS
2016-07-03,3.1,28.7,25.6,2.53,0.419,Mahabubabad,TS
2016-07-04,3.2,30.8,25.3,3.49,0.414,Mahabubabad,TS
2016-07-05,3.0,31.9,26.1,3.88,0.408,Mahabubabad,TS
2016-07-06,2.9,30.5,25.6,3.34,0.408,Mahabubabad,TS
2016-07-07,0.6,31.1,24.9,5.02,0.399,Mahabubabad,TS
2016-07-08,1.0,30.8,25.3,4.5,0.387,Mahabubabad,TS
2016-07-09,19.8,26.4,23.9,1.68,0.423,Mahabubabad,TS
2016-07-10,30.3,25.3,24.1,1.32,0.429,Mahabubabad,TS
2016-07-11,35.8,27.0,24.0,2.19,0.429,Mahabubabad,TS
2016-07-12,0.3,31.4,25.1,4.31,0.412,Mahabubabad,TS
2016-07-13,0.0,31.8,25.7,4.84,0.397,Mahabubabad,TS
2016-07-14,0.0,32.7,25.9,5.53,0.384,Mahabubabad,TS
2016-07-15,0.0,32.9,26.2,5.05,0.373,Mahabubabad,TS
2016-07-16,0.3,31.0,26.2,3.31,0.368,Mahabubabad,TS
2016-07-17,0.4,31.5,26.0,3.53,0.365,Mahabubabad,TS
2016-07-18,4.6,32.6,25.7,4.04,0.374,Mahabubabad,TS
2016-07-19,6.6,27.0,24.7,1.69,0.401,Mahabubabad,TS
2016-07-20,3.0,29.7,24.3,3.18,0.398,Mahabubabad,TS
2016-07-21,6.4,29.2,24.9,2.59,0.401,Mahabubabad,TS
2016-07-22,6.6,29.9,24.0,2.25,0.413,Mahabubabad,TS
2016-07-23,0.7,30.6,24.6,3.81,0.4,Mahabubabad,TS
2016-07-24,8.2,30.1,24.1,2.75,0.407,Mahabubabad,TS
2016-07-25,10.8,31.1,24.3,3.79,0.416,Mahabubabad,TS
2016-07-26,3.3,30.3,24.9,3.45,0.413,Mahabubabad,TS
2016-07-27,15.9,30.7,24.0,3.56,0.42,Mahabubabad,TS
2016-07-28,16.1,30.8,23.3,3.52,0.422,Mahabubabad,TS
2016-07-29,9.4,31.4,24.0,4.08,0.419,Mahabubabad,TS
2016-07-30,13.2,31.2,24.5,3.13,0.419,Mahabubabad,TS
2016-07-31,21.2,28.4,23.9,2.37,0.427,Mahabubabad,TS
2016-08-01,18.0,26.7,23.9,1.46,0.427,Mahabubabad,TS
2016-08-02,2.7,29.8,23.7,2.93,0.419,Mahabubabad,TS
2016-08-03,16.3,28.8,23.7,2.86,0.422,Mahabubabad,TS
2016-08-04,1.3,28.8,25.1,2.81,0.411,Mahabubabad,TS
2016-08-05,2.6,31.5,24.6,4.27,0.408,Mahabubabad,TS
2016-08-06,10.5,30.6,24.0,2.91,0.42,Mahabubabad,TS
2016-08-07,0.4,31.1,25.0,4.31,0.407,Mahabubabad,TS
2016-08-08,0.0,30.7,25.4,4.26,0.393,Mahabubabad,TS
2016-08-09,0.0,31.4,25.6,4.73,0.382,Mahabubabad,TS
2016-08-10,0.0,31.4,25.8,4.81,0.371,Mahabubabad,TS
2016-08-11,0.0,31.6,26.0,5.01,0.361,Mahabubabad,TS
2016-08-12,0.0,31.9,26.4,5.18,0.353,Mahabubabad,TS
2016-08-13,0.3,31.8,26.4,5.1,0.347,Mahabubabad,TS
2016-08-14,0.0,30.0,26.4,4.02,0.342,Mahabubabad,TS
2016-08-15,0.0,31.4,26.6,5.12,0.334,Mahabubabad,TS
2016-08-16,0.0,30.7,26.1,5.18,0.327,Mahabubabad,TS
2016-08-17,0.0,30.6,25.3,4.74,0.32,Mahabubabad,TS
2016-08-18,0.0,31.8,25.5,5.57,0.313,Mahabubabad,TS
2016-08-19,0.0,32.1,25.6,5.62,0.306,Mahabubabad,TS
2016-08-20,0.0,33.2,25.0,5.74,0.299,Mahabubabad,TS
2016-08-21,0.0,33.2,24.5,5.34,0.292,Mahabubabad,TS
2016-08-22,0.1,31.6,26.2,3.78,0.289,Mahabubabad,TS
2016-08-23,0.0,32.9,26.0,5.01,0.285,Mahabubabad,TS
2016-08-24,2.8,32.9,25.9,4.48,0.292,Mahabubabad,TS
2016-08-25,16.0,30.7,25.0,3.29,0.364,Mahabubabad,TS
2016-08-26,0.0,32.1,25.7,4.22,0.361,Mahabubabad,TS
2016-08-27,8.3,33.1,24.8,3.97,0.362,Mahabubabad,TS
2016-08-28,7.9,32.4,24.0,3.84,0.398,Mahabubabad,TS
2016-08-29,12.1,32.1,24.5,3.74,0.399,Mahabubabad,TS
2016-08-30,26.8,30.1,24.2,2.45,0.423,Mahabubabad,TS
2016-08-31,26.2,27.7,23.6,1.53,0.428,Mahabubabad,TS
2016-09-01,12.6,29.6,24.2,2.75,0.424,Mahabubabad,TS
2016-09-02,3.0,31.3,24.6,3.34,0.421,Mahabubabad,TS
2016-09-03,7.2,27.7,24.5,1.75,0.422,Mahabubabad,TS
2016-09-04,14.6,28.1,24.1,1.85,0.423,Mahabubabad,TS
2016-09-05,0.0,31.1,23.7,4.7,0.41,Mahabubabad,TS
2016-09-06,0.0,30.8,23.7,5.06,0.394,Mahabubabad,TS
2016-09-07,0.0,30.5,23.4,5.01,0.381,Mahabubabad,TS
2016-09-08,0.1,30.9,23.5,4.82,0.372,Mahabubabad,TS
2016-09-09,0.9,30.2,25.6,3.56,0.367,Mahabubabad,TS
2016-09-10,20.8,29.1,24.3,2.06,0.41,Mahabubabad,TS
2016-09-11,14.2,28.2,23.9,2.07,0.422,Mahabubabad,TS
2016-09-12,22.2,28.0,23.5,1.67,0.422,Mahabubabad,TS
2016-09-13,8.0,26.6,23.5,1.56,0.422,Mahabubabad,TS
2016-09-14,28.2,28.5,23.5,1.94,0.427,Mahabubabad,TS
2016-09-15,14.1,27.4,24.0,1.91,0.426,Mahabubabad,TS
2016-09-16,6.4,29.9,23.7,3.31,0.418,Mahabubabad,TS
2016-09-17,3.5,29.6,24.4,2.97,0.417,Mahabubabad,TS
2016-09-18,2.3,30.3,24.0,3.65,0.41,Mahabubabad,TS
2016-09-19,4.5,29.9,24.5,3.71,0.405,Mahabubabad,TS
2016-09-20,3.5,31.4,25.0,3.53,0.409,Mahabubabad,TS
2016-09-21,33.9,29.4,23.6,1.78,0.426,Mahabubabad,TS
2016-09-22,35.2,28.6,23.8,2.22,0.427,Mahabubabad,TS
2016-09-23,36.9,28.5,23.7,1.42,0.428,Mahabubabad,TS
2016-09-24,63.3,27.0,23.8,1.23,0.427,Mahabubabad,TS
2016-09-25,3.7,28.7,24.0,1.91,0.42,Mahabubabad,TS
2016-09-26,7.0,28.7,24.2,2.22,0.418,Mahabubabad,TS
2016-09-27,5.6,28.9,23.8,2.22,0.418,Mahabubabad,TS
2016-09-28,4.5,30.4,24.0,3.09,0.416,Mahabubabad,TS
2016-09-29,0.8,31.6,24.2,3.52,0.407,Mahabubabad,TS
2016-09-30,3.4,31.2,24.7,3.21,0.405,Mahabubabad,TS
2016-10-01,19.8,28.1,24.0,1.71,0.425,Mahabubabad,TS
2016-10-02,2.6,30.0,23.5,3.38,0.419,Mahabubabad,TS
2016-10-03,0.2,30.2,23.7,3.94,0.406,Mahabubabad,TS
2016-10-04,0.3,31.2,23.5,4.28,0.394,Mahabubabad,TS
2016-10-05,0.0,31.3,24.4,4.54,0.384,Mahabubabad,TS
2016-10-06,3.0,30.2,25.3,3.35,0.387,Mahabubabad,TS
2016-10-07,9.8,31.0,24.9,3.43,0.406,Mahabubabad,TS
2016-10-08,18.2,27.2,23.7,1.6,0.427,Mahabubabad,TS
2016-10-09,10.5,28.9,23.8,2.34,0.425,Mahabubabad,TS
2016-10-10,0.1,31.7,24.2,4.23,0.41,Mahabubabad,TS
2016-10-11,0.0,33.0,25.0,4.77,0.395,Mahabubabad,TS
2016-10-12,0.0,32.7,24.2,4.92,0.383,Mahabubabad,TS
2016-10-13,0.0,31.6,22.9,4.62,0.374,Mahabubabad,TS
2016-10-14,0.0,32.1,22.0,5.19,0.365,Mahabubabad,TS
2016-10-15,0.0,31.3,21.5,5.11,0.356,Mahabubabad,TS
2016-10-16,0.0,30.7,22.6,4.65,0.348,Mahabubabad,TS
2016-10-17,0.0,31.4,20.7,5.24,0.341,Mahabubabad,TS
2016-10-18,0.0,31.5,21.3,5.31,0.334,Mahabubabad,TS
2016-10-19,0.0,31.5,22.5,5.43,0.326,Mahabubabad,TS
2016-10-20,0.0,31.7,21.1,5.4,0.318,Mahabubabad,TS
2016-10-21,0.0,31.3,20.4,5.02,0.312,Mahabubabad,TS
2016-10-22,0.0,31.4,21.6,5.21,0.306,Mahabubabad,TS
2016-10-23,0.0,31.4,21.9,5.05,0.299,Mahabubabad,TS
2016-10-24,0.0,31.6,21.0,4.85,0.293,Mahabubabad,TS
2016-10-25,0.0,31.3,22.2,4.76,0.288,Mahabubabad,TS
2016-10-26,0.0,31.7,22.5,5.38,0.282,Mahabubabad,TS
2016-10-27,0.0,31.3,20.8,5.81,0.275,Mahabubabad,TS
2016-10-28,0.0,31.3,22.5,4.41,0.269,Mahabubabad,TS
2016-10-29,1.6,29.8,23.5,2.73,0.276,Mahabubabad,TS
2016-10-30,0.6,30.3,22.6,3.41,0.29,Mahabubabad,TS
2016-10-31,7.5,30.7,22.4,3.3,0.327,Mahabubabad,TS
2016-11-01,0.0,30.8,22.4,3.98,0.342,Mahabubabad,TS
2016-11-02,0.0,30.9,22.0,4.52,0.319,Mahabubabad,TS
2016-11-03,0.0,31.3,22.0,4.36,0.305,Mahabubabad,TS
2016-11-04,0.0,30.4,22.8,4.89,0.294,Mahabubabad,TS
2016-11-05,0.0,29.3,22.9,4.16,0.286,Mahabubabad,TS
2016-11-06,0.0,29.9,23.2,3.9,0.281,Mahabubabad,TS
2016-11-07,0.0,30.5,20.5,5.41,0.273,Mahabubabad,TS
2016-11-08,0.0,30.4,17.9,4.77,0.265,Mahabubabad,TS
2016-11-09,0.0,29.8,18.3,4.4,0.259,Mahabubabad,TS
2016-11-10,0.0,29.9,17.7,4.79,0.253,Mahabubabad,TS
2016-11-11,0.0,30.0,17.2,4.58,0.248,Mahabubabad,TS
2016-11-12,0.0,28.9,18.6,4.07,0.244,Mahabubabad,TS
2016-11-13,0.0,29.9,20.1,4.04,0.24,Mahabubabad,TS
2016-11-14,0.0,30.1,21.7,3.11,0.237,Mahabubabad,TS
2016-11-15,1.1,30.0,23.1,3.43,0.237,Mahabubabad,TS
2016-11-16,0.0,30.5,22.5,3.42,0.236,Mahabubabad,TS
2016-11-17,0.4,29.6,22.7,2.99,0.236,Mahabubabad,TS
2016-11-18,0.0,29.8,20.6,4.39,0.233,Mahabubabad,TS
2016-11-19,0.0,29.3,17.7,4.19,0.227,Mahabubabad,TS
2016-11-20,0.0,29.6,18.2,3.91,0.223,Mahabubabad,TS
2016-11-21,0.0,30.2,18.3,3.9,0.219,Mahabubabad,TS
2016-11-22,0.0,30.4,17.0,4.31,0.215,Mahabubabad,TS
2016-11-23,0.0,30.1,17.0,4.09,0.211,Mahabubabad,TS
2016-11-24,0.0,29.5,17.5,3.86,0.208,Mahabubabad,TS
2016-11-25,0.0,30.1,18.3,4.28,0.205,Mahabubabad,TS
2016-11-26,0.0,30.7,17.0,4.54,0.201,Mahabubabad,TS
2016-11-27,0.0,31.5,18.7,5.08,0.197,Mahabubabad,TS
2016-11-28,0.0,31.5,19.1,5.08,0.193,Mahabubabad,TS
2016-11-29,0.0,31.0,18.4,4.47,0.189,Mahabubabad,TS
2016-11-30,0.0,28.9,18.1,3.57,0.187,Mahabubabad,TS
2016-12-01,0.0,30.3,18.5,3.99,0.185,Mahabubabad,TS
2016-12-02,2.6,28.9,19.2,3.01,0.185,Mahabubabad,TS
2016-12-03,2.1,29.1,22.2,2.75,0.218,Mahabubabad,TS
2016-12-04,0.2,28.9,22.3,2.79,0.219,Mahabubabad,TS
2016-12-05,0.0,29.9,21.1,3.9,0.217,Mahabubabad,TS
2016-12-06,0.0,28.2,19.1,3.34,0.211,Mahabubabad,TS
2016-12-07,0.0,29.4,18.0,3.89,0.205,Mahabubabad,TS
2016-12-08,0.0,29.1,18.3,4.45,0.199,Mahabubabad,TS
2016-12-09,0.0,28.8,18.0,4.63,0.194,Mahabubabad,TS
2016-12-10,0.0,28.7,18.1,4.79,0.188,Mahabubabad,TS
2016-12-11,0.0,29.4,18.6,4.7,0.184,Mahabubabad,TS
2016-12-12,0.0,29.2,20.7,3.77,0.18,Mahabubabad,TS
2016-12-13,0.9,28.6,22.0,2.63,0.181,Mahabubabad,TS
2016-12-14,0.0,27.5,22.0,2.21,0.183,Mahabubabad,TS
2016-12-15,0.0,29.6,21.4,3.15,0.181,Mahabubabad,TS
2016-12-16,0.0,29.0,21.0,2.63,0.179,Mahabubabad,TS
2016-12-17,0.0,30.1,20.1,4.34,0.177,Mahabubabad,TS
2016-12-18,0.0,29.0,17.6,4.65,0.173,Mahabubabad,TS
2016-12-19,0.0,28.8,15.7,3.99,0.17,Mahabubabad,TS
2016-12-20,0.0,28.9,15.8,3.86,0.167,Mahabubabad,TS
2016-12-21,0.0,29.5,15.8,4.47,0.165,Mahabubabad,TS
2016-12-22,0.0,29.9,16.7,4.8,0.162,Mahabubabad,TS
2016-12-23,0.0,29.4,16.9,5.01,0.159,Mahabubabad,TS
2016-12-24,0.0,29.0,15.0,4.17,0.157,Mahabubabad,TS
2016-12-25,0.0,28.0,16.1,3.7,0.156,Mahabubabad,TS
2016-12-26,0.0,29.8,17.6,4.1,0.155,Mahabubabad,TS
2016-12-27,0.0,29.3,17.9,4.74,0.153,Mahabubabad,TS
2016-12-28,0.0,27.9,16.2,3.79,0.151,Mahabubabad,TS
2016-12-29,0.0,28.5,16.9,3.58,0.15,Mahabubabad,TS
2016-12-30,0.0,28.9,18.0,3.67,0.149,Mahabubabad,TS
2016-12-31,0.0,28.4,17.1,3.48,0.149,Mahabubabad,TS
2017-01-01,0.0,29.3,18.4,3.99,0.154,Mahabubabad,TS
2017-01-02,0.0,29.4,17.7,3.62,0.157,Mahabubabad,TS
2017-01-03,0.0,29.7,17.7,4.33,0.157,Mahabubabad,TS
2017-01-04,0.0,29.0,16.3,4.36,0.156,Mahabubabad,TS
2017-01-05,0.0,29.0,16.5,4.19,0.156,Mahabubabad,TS
2017-01-06,0.0,29.0,17.2,3.65,0.155,Mahabubabad,TS
2017-01-07,0.0,28.9,18.3,3.84,0.157,Mahabubabad,TS
2017-01-08,0.0,29.2,18.6,3.78,0.16,Mahabubabad,TS
2017-01-09,0.0,29.0,18.6,4.24,0.16,Mahabubabad,TS
2017-01-10,0.0,29.4,19.0,3.78,0.162,Mahabubabad,TS
2017-01-11,0.0,29.1,20.5,4.72,0.162,Mahabubabad,TS
2017-01-12,0.0,28.6,16.4,4.41,0.158,Mahabubabad,TS
2017-01-13,0.0,28.8,15.7,4.04,0.157,Mahabubabad,TS
2017-01-14,0.0,28.7,17.1,4.08,0.159,Mahabubabad,TS
2017-01-15,0.0,29.1,17.7,3.96,0.155,Mahabubabad,TS
2017-01-16,0.0,30.0,18.2,4.01,0.155,Mahabubabad,TS
2017-01-17,0.0,29.4,17.0,3.99,0.154,Mahabubabad,TS
2017-01-18,0.0,29.4,16.6,4.44,0.157,Mahabubabad,TS
2017-01-19,0.0,29.3,16.7,4.15,0.156,Mahabubabad,TS
2017-01-20,0.0,31.1,15.9,4.48,0.154,Mahabubabad,TS
2017-01-21,0.0,31.7,18.3,4.64,0.153,Mahabubabad,TS
2017-01-22,0.0,31.8,18.6,4.02,0.15,Mahabubabad,TS
2017-01-23,0.0,32.6,19.9,4.49,0.15,Mahabubabad,TS
2017-01-24,0.0,31.8,18.7,4.45,0.152,Mahabubabad,TS
2017-01-25,0.0,30.5,17.3,4.3,0.157,Mahabubabad,TS
2017-01-26,0.2,26.7,19.2,2.09,0.161,Mahabubabad,TS
2017-01-27,0.0,28.9,19.8,2.8,0.163,Mahabubabad,TS
2017-01-28,0.0,31.5,21.2,4.47,0.162,Mahabubabad,TS
2017-01-29,0.0,31.8,19.2,5.24,0.159,Mahabubabad,TS
2017-01-30,0.0,31.1,18.0,4.61,0.154,Mahabubabad,TS
2017-01-31,0.0,31.6,18.5,4.3,0.152,Mahabubabad,TS
2017-02-01,0.0,31.6,18.3,4.72,0.151,Mahabubabad,TS
2017-02-02,0.0,31.5,19.5,4.42,0.151,Mahabubabad,TS
2017-02-03,0.0,31.4,19.6,4.33,0.15,Mahabubabad,TS
2017-02-04,0.0,31.5,18.3,4.82,0.149,Mahabubabad,TS
2017-02-05,0.0,31.1,19.2,4.52,0.147,Mahabubabad,TS
2017-02-06,0.0,32.5,18.0,4.81,0.144,Mahabubabad,TS
2017-02-07,0.0,33.7,18.4,5.07,0.145,Mahabubabad,TS
2017-02-08,0.0,33.5,18.9,4.8,0.143,Mahabubabad,TS
2017-02-09,0.0,32.7,19.2,5.26,0.141,Mahabubabad,TS
2017-02-10,0.0,32.6,19.2,5.47,0.139,Mahabubabad,TS
2017-02-11,0.0,31.7,18.9,5.37,0.141,Mahabubabad,TS
2017-02-12,0.0,30.4,18.3,4.82,0.145,Mahabubabad,TS
2017-02-13,0.0,31.0,18.9,4.93,0.149,Mahabubabad,TS
2017-02-14,0.0,32.3,19.2,4.7,0.147,Mahabubabad,TS
2017-02-15,0.0,32.3,20.5,5.06,0.146,Mahabubabad,TS
2017-02-16,0.0,33.1,18.7,4.86,0.148,Mahabubabad,TS
2017-02-17,0.0,33.7,18.8,5.12,0.147,Mahabubabad,TS
2017-02-18,0.0,33.0,19.1,5.09,0.142,Mahabubabad,TS
2017-02-19,0.0,35.3,19.6,5.98,0.14,Mahabubabad,TS
2017-02-20,0.0,36.7,20.1,6.35,0.139,Mahabubabad,TS
2017-02-21,0.0,36.2,20.7,6.25,0.135,Mahabubabad,TS
2017-02-22,0.0,35.8,20.9,5.57,0.133,Mahabubabad,TS
2017-02-23,0.0,36.5,20.9,5.59,0.133,Mahabubabad,TS
2017-02-24,0.0,37.4,20.4,6.28,0.13,Mahabubabad,TS
2017-02-25,0.0,35.1,20.2,6.2,0.128,Mahabubabad,TS
2017-02-26,0.0,36.0,20.2,6.2,0.129,Mahabubabad,TS
2017-02-27,0.0,34.8,20.3,5.09,0.13,Mahabubabad,TS
2017-02-28,0.0,36.6,21.3,5.61,0.133,Mahabubabad,TS
2017-03-01,0.0,34.8,20.8,5.99,0.136,Mahabubabad,TS
2017-03-02,0.0,34.9,20.5,6.54,0.137,Mahabubabad,TS
2017-03-03,0.0,35.1,19.2,6.6,0.135,Mahabubabad,TS
2017-03-04,0.0,34.7,18.9,5.73,0.133,Mahabubabad,TS
2017-03-05,0.0,33.8,23.5,4.89,0.14,Mahabubabad,TS
2017-03-06,0.0,33.7,23.9,4.62,0.145,Mahabubabad,TS
2017-03-07,1.3,33.4,24.4,4.76,0.15,Mahabubabad,TS
2017-03-08,0.0,34.1,24.8,5.49,0.154,Mahabubabad,TS
2017-03-09,0.6,34.6,24.2,5.08,0.154,Mahabubabad,TS
2017-03-10,0.4,35.3,25.0,5.01,0.157,Mahabubabad,TS
2017-03-11,0.1,34.4,23.1,6.52,0.16,Mahabubabad,TS
2017-03-12,0.0,34.1,19.7,6.44,0.152,Mahabubabad,TS
2017-03-13,0.0,34.7,21.5,5.99,0.146,Mahabubabad,TS
2017-03-14,0.2,33.1,23.4,4.82,0.143,Mahabubabad,TS
2017-03-15,0.6,33.6,24.1,4.7,0.15,Mahabubabad,TS
2017-03-16,0.1,34.0,24.3,5.14,0.154,Mahabubabad,TS
2017-03-17,0.0,33.6,22.7,4.31,0.156,Mahabubabad,TS
2017-03-18,0.0,36.1,23.4,6.22,0.162,Mahabubabad,TS
2017-03-19,0.0,35.4,23.2,5.39,0.166,Mahabubabad,TS
2017-03-20,0.0,36.4,23.4,6.21,0.167,Mahabubabad,TS
2017-03-21,0.0,36.1,22.5,6.01,0.16,Mahabubabad,TS
2017-03-22,0.0,36.5,22.9,5.86,0.156,Mahabubabad,TS
2017-03-23,0.0,36.9,22.7,6.13,0.153,Mahabubabad,TS
2017-03-24,0.0,37.9,23.4,6.67,0.15,Mahabubabad,TS
2017-03-25,0.0,38.4,23.1,6.72,0.149,Mahabubabad,TS
2017-03-26,0.0,37.7,23.3,6.32,0.147,Mahabubabad,TS
2017-03-27,0.0,37.3,24.0,6.71,0.146,Mahabubabad,TS
2017-03-28,0.0,36.7,23.7,6.06,0.145,Mahabubabad,TS
2017-03-29,0.0,37.8,23.6,6.55,0.148,Mahabubabad,TS
2017-03-30,0.0,38.2,24.2,6.69,0.147,Mahabubabad,TS
2017-03-31,0.0,38.8,23.9,6.78,0.145,Mahabubabad,TS
2017-04-01,1.0,38.5,24.4,6.46,0.147,Mahabubabad,TS
2017-04-02,2.0,39.0,25.1,6.4,0.154,Mahabubabad,TS
2017-04-03,0.6,37.3,25.1,6.53,0.159,Mahabubabad,TS
2017-04-04,0.0,36.1,25.0,6.12,0.164,Mahabubabad,TS
2017-04-05,1.2,36.7,25.3,5.39,0.162,Mahabubabad,TS
2017-04-06,0.0,37.7,26.1,6.24,0.159,Mahabubabad,TS
2017-04-07,0.0,37.8,26.5,5.94,0.167,Mahabubabad,TS
2017-04-08,0.0,38.2,26.3,6.13,0.183,Mahabubabad,TS
2017-04-09,0.0,38.6,26.1,6.42,0.174,Mahabubabad,TS
2017-04-10,0.0,40.2,25.3,6.32,0.168,Mahabubabad,TS
2017-04-11,0.0,41.0,24.2,7.86,0.163,Mahabubabad,TS
2017-04-12,0.0,40.3,22.5,6.84,0.151,Mahabubabad,TS
2017-04-13,0.0,39.0,23.8,7.14,0.143,Mahabubabad,TS
2017-04-14,0.0,38.6,24.0,6.73,0.139,Mahabubabad,TS
2017-04-15,0.0,39.1,23.5,6.62,0.137,Mahabubabad,TS
2017-04-16,0.0,41.8,24.3,7.52,0.137,Mahabubabad,TS
2017-04-17,0.1,41.3,25.7,6.85,0.135,Mahabubabad,TS
2017-04-18,0.0,40.1,25.9,6.86,0.135,Mahabubabad,TS
2017-04-19,0.0,39.2,26.6,6.0,0.136,Mahabubabad,TS
2017-04-20,0.6,40.2,26.6,6.58,0.139,Mahabubabad,TS
2017-04-21,0.0,39.8,27.2,6.66,0.14,Mahabubabad,TS
2017-04-22,0.0,41.8,26.5,6.97,0.138,Mahabubabad,TS
2017-04-23,0.0,41.7,26.5,8.2,0.135,Mahabubabad,TS
2017-04-24,0.0,41.1,26.7,7.08,0.13,Mahabubabad,TS
2017-04-25,0.0,40.9,26.0,7.53,0.128,Mahabubabad,TS
2017-04-26,0.0,41.7,26.6,7.59,0.129,Mahabubabad,TS
2017-04-27,3.4,38.1,27.4,5.96,0.138,Mahabubabad,TS
2017-04-28,0.8,38.3,26.7,6.0,0.146,Mahabubabad,TS
2017-04-29,0.0,39.6,25.5,6.26,0.153,Mahabubabad,TS
2017-04-30,5.5,37.3,25.9,5.81,0.159,Mahabubabad,TS
2017-05-01,7.1,34.3,25.6,5.78,0.17,Mahabubabad,TS
2017-05-02,0.6,35.9,25.4,6.16,0.189,Mahabubabad,TS
2017-05-03,0.4,36.8,26.1,6.29,0.187,Mahabubabad,TS
2017-05-04,0.6,38.4,25.6,6.61,0.19,Mahabubabad,TS
2017-05-05,0.1,39.0,26.0,6.65,0.18,Mahabubabad,TS
2017-05-06,0.0,38.0,26.6,6.61,0.171,Mahabubabad,TS
2017-05-07,0.3,36.7,27.2,5.95,0.172,Mahabubabad,TS
2017-05-08,0.4,38.1,26.9,5.97,0.187,Mahabubabad,TS
2017-05-09,1.1,36.3,26.9,6.29,0.216,Mahabubabad,TS
2017-05-10,3.4,35.7,26.3,5.66,0.253,Mahabubabad,TS
2017-05-11,1.1,35.9,26.4,6.12,0.249,Mahabubabad,TS
2017-05-12,0.3,37.4,26.5,6.54,0.238,Mahabubabad,TS
2017-05-13,0.1,38.9,27.1,6.53,0.215,Mahabubabad,TS
2017-05-14,1.0,40.5,28.0,6.59,0.201,Mahabubabad,TS
2017-05-15,1.6,41.8,29.6,7.23,0.187,Mahabubabad,TS
2017-05-16,0.0,42.8,31.1,7.74,0.177,Mahabubabad,TS
2017-05-17,0.0,42.9,29.1,7.83,0.164,Mahabubabad,TS
2017-05-18,0.0,42.7,30.5,8.49,0.159,Mahabubabad,TS
2017-05-19,0.0,43.1,30.0,7.29,0.149,Mahabubabad,TS
2017-05-20,0.0,43.1,29.6,7.76,0.143,Mahabubabad,TS
2017-05-21,0.0,41.7,29.0,6.78,0.137,Mahabubabad,TS
2017-05-22,0.0,42.6,29.3,7.09,0.135,Mahabubabad,TS
2017-05-23,0.0,43.0,29.8,7.05,0.127,Mahabubabad,TS
2017-05-24,0.0,41.7,29.4,6.87,0.126,Mahabubabad,TS
2017-05-25,0.0,41.0,29.7,7.39,0.131,Mahabubabad,TS
2017-05-26,1.1,40.0,29.7,6.3,0.147,Mahabubabad,TS
2017-05-27,0.2,40.1,27.9,6.39,0.184,Mahabubabad,TS
2017-05-28,0.0,40.1,27.3,6.44,0.184,Mahabubabad,TS
2017-05-29,1.4,39.9,28.0,7.3,0.184,Mahabubabad,TS
2017-05-30,0.0,39.4,30.0,8.1,0.177,Mahabubabad,TS
2017-05-31,0.0,38.8,30.7,7.64,0.167,Mahabubabad,TS
2017-06-01,0.4,39.0,29.3,6.89,0.153,Mahabubabad,TS
2017-06-02,0.4,38.9,29.4,7.52,0.138,Mahabubabad,TS
2017-06-03,1.0,39.9,28.6,6.32,0.127,Mahabubabad,TS
2017-06-04,6.5,36.1,26.3,4.08,0.208,Mahabubabad,TS
2017-06-05,4.8,38.7,28.1,5.92,0.219,Mahabubabad,TS
2017-06-06,20.0,36.5,26.5,4.81,0.352,Mahabubabad,TS
2017-06-07,11.7,33.5,26.0,4.94,0.357,Mahabubabad,TS
2017-06-08,8.0,33.7,25.0,4.21,0.353,Mahabubabad,TS
2017-06-09,3.6,34.7,26.0,5.28,0.327,Mahabubabad,TS
2017-06-10,11.6,32.3,25.6,2.91,0.378,Mahabubabad,TS
2017-06-11,4.4,33.4,27.0,4.2,0.365,Mahabubabad,TS
2017-06-12,10.9,32.8,25.4,3.85,0.389,Mahabubabad,TS
2017-06-13,9.9,30.9,25.4,3.27,0.403,Mahabubabad,TS
2017-06-14,14.2,32.1,24.5,3.62,0.406,Mahabubabad,TS
2017-06-15,6.9,31.2,26.3,2.77,0.396,Mahabubabad,TS
2017-06-16,17.6,29.3,24.9,1.66,0.416,Mahabubabad,TS
2017-06-17,1.2,32.4,25.1,3.93,0.399,Mahabubabad,TS
2017-06-18,7.7,32.5,26.4,4.25,0.396,Mahabubabad,TS
2017-06-19,12.0,31.2,26.6,3.46,0.389,Mahabubabad,TS
2017-06-20,10.5,29.7,25.4,2.95,0.41,Mahabubabad,TS
2017-06-21,2.9,32.9,25.2,4.57,0.398,Mahabubabad,TS
2017-06-22,3.3,34.3,26.7,5.31,0.38,Mahabubabad,TS
2017-06-23,6.6,32.6,26.4,3.86,0.388,Mahabubabad,TS
2017-06-24,11.2,32.7,25.2,3.22,0.405,Mahabubabad,TS
2017-06-25,3.3,32.4,25.3,3.7,0.395,Mahabubabad,TS
2017-06-26,27.4,29.3,24.1,2.31,0.424,Mahabubabad,TS
2017-06-27,16.7,31.5,24.6,2.22,0.422,Mahabubabad,TS
2017-06-28,5.9,29.7,24.6,2.52,0.415,Mahabubabad,TS
2017-06-29,1.6,31.1,25.5,4.33,0.4,Mahabubabad,TS
2017-06-30,2.8,31.5,25.8,3.25,0.398,Mahabubabad,TS
2017-07-01,1.5,31.0,25.1,2.7,0.4,Mahabubabad,TS
2017-07-02,6.8,31.5,25.0,3.93,0.393,Mahabubabad,TS
2017-07-03,2.3,31.9,25.4,2.51,0.393,Mahabubabad,TS
2017-07-04,0.6,31.9,26.0,3.77,0.377,Mahabubabad,TS
2017-07-05,0.2,32.5,26.9,5.25,0.363,Mahabubabad,TS
2017-07-06,6.0,30.9,24.9,2.55,0.384,Mahabubabad,TS
2017-07-07,2.5,30.9,24.8,2.56,0.4,Mahabubabad,TS
2017-07-08,1.3,33.7,25.3,5.09,0.393,Mahabubabad,TS
2017-07-09,2.2,31.6,25.0,3.23,0.391,Mahabubabad,TS
2017-07-10,15.6,33.5,26.0,4.18,0.39,Mahabubabad,TS
2017-07-11,5.2,27.8,24.2,1.78,0.411,Mahabubabad,TS
2017-07-12,6.3,31.4,24.6,2.65,0.405,Mahabubabad,TS
2017-07-13,5.2,28.4,24.3,1.82,0.397,Mahabubabad,TS
2017-07-14,26.6,31.3,23.8,2.74,0.419,Mahabubabad,TS
2017-07-15,2.9,31.6,23.9,3.57,0.41,Mahabubabad,TS
2017-07-16,4.2,28.3,24.1,2.2,0.402,Mahabubabad,TS
2017-07-17,20.3,27.0,23.9,1.67,0.426,Mahabubabad,TS
2017-07-18,38.8,26.1,23.7,1.33,0.43,Mahabubabad,TS
2017-07-19,25.5,30.5,24.0,3.71,0.427,Mahabubabad,TS
2017-07-20,1.5,31.8,25.3,4.2,0.414,Mahabubabad,TS
2017-07-21,0.0,33.2,26.0,5.25,0.396,Mahabubabad,TS
2017-07-22,0.0,33.0,26.7,5.39,0.385,Mahabubabad,TS
2017-07-23,0.0,32.7,26.7,5.72,0.372,Mahabubabad,TS
2017-07-24,0.2,32.7,26.4,5.16,0.36,Mahabubabad,TS
2017-07-25,0.2,32.8,26.7,5.13,0.352,Mahabubabad,TS
2017-07-26,0.2,32.6,26.5,5.71,0.343,Mahabubabad,TS
2017-07-27,0.1,32.1,26.0,5.12,0.332,Mahabubabad,TS
2017-07-28,1.9,31.9,25.7,4.26,0.33,Mahabubabad,TS
2017-07-29,0.1,32.6,25.3,4.21,0.347,Mahabubabad,TS
2017-07-30,2.4,32.8,26.6,4.15,0.346,Mahabubabad,TS
2017-07-31,0.8,33.4,25.5,4.77,0.339,Mahabubabad,TS
2017-08-01,0.2,33.7,26.8,5.11,0.327,Mahabubabad,TS
2017-08-02,6.7,32.6,25.8,3.64,0.345,Mahabubabad,TS
2017-08-03,0.0,33.5,26.8,4.97,0.325,Mahabubabad,TS
2017-08-04,0.0,31.6,27.0,4.3,0.313,Mahabubabad,TS
2017-08-05,6.7,29.3,25.3,2.08,0.343,Mahabubabad,TS
2017-08-06,0.8,30.3,25.1,3.36,0.351,Mahabubabad,TS
2017-08-07,5.0,32.7,24.9,4.38,0.337,Mahabubabad,TS
2017-08-08,6.8,30.4,25.5,2.53,0.355,Mahabubabad,TS
2017-08-09,9.9,27.5,24.8,1.58,0.38,Mahabubabad,TS
2017-08-10,2.7,31.8,24.1,3.75,0.377,Mahabubabad,TS
2017-08-11,6.6,31.3,24.6,3.26,0.395,Mahabubabad,TS
2017-08-12,2.0,29.8,25.2,2.59,0.4,Mahabubabad,TS
2017-08-13,37.5,30.4,24.9,2.43,0.416,Mahabubabad,TS
2017-08-14,4.8,30.4,24.1,2.82,0.415,Mahabubabad,TS
2017-08-15,7.0,31.2,24.2,3.29,0.404,Mahabubabad,TS
2017-08-16,3.1,32.0,25.0,3.58,0.403,Mahabubabad,TS
2017-08-17,10.6,30.3,25.5,2.51,0.404,Mahabubabad,TS
2017-08-18,73.3,25.4,23.1,1.0,0.422,Mahabubabad,TS
2017-08-19,80.6,25.7,23.2,1.12,0.429,Mahabubabad,TS
2017-08-20,3.8,29.6,23.3,3.65,0.415,Mahabubabad,TS
2017-08-21,1.1,30.4,24.1,4.35,0.403,Mahabubabad,TS
2017-08-22,12.1,31.8,23.9,3.74,0.415,Mahabubabad,TS
2017-08-23,4.9,31.3,24.8,3.6,0.415,Mahabubabad,TS
2017-08-24,8.1,30.4,25.2,3.39,0.42,Mahabubabad,TS
2017-08-25,20.5,29.5,25.1,2.58,0.422,Mahabubabad,TS
2017-08-26,1.4,29.6,24.3,2.69,0.412,Mahabubabad,TS
2017-08-27,23.4,28.1,24.6,2.1,0.418,Mahabubabad,TS
2017-08-28,13.5,27.9,24.3,1.92,0.427,Mahabubabad,TS
2017-08-29,7.0,28.6,24.0,2.31,0.424,Mahabubabad,TS
2017-08-30,1.1,31.9,24.3,4.41,0.41,Mahabubabad,TS
2017-08-31,0.3,32.8,25.9,4.76,0.395,Mahabubabad,TS
2017-09-01,0.1,33.1,25.5,4.54,0.384,Mahabubabad,TS
2017-09-02,0.1,32.8,24.5,4.77,0.373,Mahabubabad,TS
2017-09-03,0.7,33.5,24.9,4.72,0.364,Mahabubabad,TS
2017-09-04,2.8,32.7,25.1,4.3,0.377,Mahabubabad,TS
2017-09-05,8.0,31.2,25.3,3.32,0.389,Mahabubabad,TS
2017-09-06,15.1,32.6,23.9,3.67,0.409,Mahabubabad,TS
2017-09-07,19.4,32.4,24.1,3.82,0.421,Mahabubabad,TS
2017-09-08,5.0,31.5,24.2,3.91,0.413,Mahabubabad,TS
2017-09-09,4.5,31.7,24.7,4.21,0.4,Mahabubabad,TS
2017-09-10,0.5,32.6,25.1,4.49,0.388,Mahabubabad,TS
2017-09-11,0.3,32.1,25.6,4.09,0.377,Mahabubabad,TS
2017-09-12,4.8,31.6,25.0,4.03,0.382,Mahabubabad,TS
2017-09-13,0.1,32.0,25.0,4.5,0.377,Mahabubabad,TS
2017-09-14,7.4,31.5,25.2,3.15,0.383,Mahabubabad,TS
2017-09-15,10.9,31.2,24.3,3.78,0.412,Mahabubabad,TS
2017-09-16,8.0,32.2,24.6,4.1,0.406,Mahabubabad,TS
2017-09-17,7.7,32.1,25.1,3.31,0.413,Mahabubabad,TS
2017-09-18,3.1,30.2,24.9,3.2,0.406,Mahabubabad,TS
2017-09-19,0.3,31.7,24.5,4.41,0.396,Mahabubabad,TS
2017-09-20,0.1,29.3,25.0,2.99,0.388,Mahabubabad,TS
2017-09-21,1.1,30.3,24.8,3.9,0.379,Mahabubabad,TS
2017-09-22,1.6,31.0,24.7,3.46,0.376,Mahabubabad,TS
2017-09-23,3.1,32.4,24.3,4.29,0.375,Mahabubabad,TS
2017-09-24,1.8,32.6,25.1,3.81,0.379,Mahabubabad,TS
2017-09-25,1.3,32.4,24.8,3.42,0.39,Mahabubabad,TS
2017-09-26,3.5,33.2,24.5,3.79,0.387,Mahabubabad,TS
2017-09-27,1.1,32.7,25.0,3.47,0.383,Mahabubabad,TS
2017-09-28,15.3,30.8,24.0,2.88,0.405,Mahabubabad,TS
2017-09-29,4.6,29.8,24.0,3.06,0.405,Mahabubabad,TS
2017-09-30,4.0,31.9,24.2,3.16,0.408,Mahabubabad,TS
2017-10-01,3.4,31.2,24.3,3.1,0.407,Mahabubabad,TS
2017-10-02,10.0,31.0,23.9,3.23,0.417,Mahabubabad,TS
2017-10-03,2.0,29.7,23.6,3.1,0.415,Mahabubabad,TS
2017-10-04,6.5,29.9,24.5,2.73,0.412,Mahabubabad,TS
2017-10-05,4.5,29.4,24.1,2.87,0.419,Mahabubabad,TS
2017-10-06,3.9,31.2,23.7,3.29,0.415,Mahabubabad,TS
2017-10-07,9.5,29.7,23.6,3.22,0.418,Mahabubabad,TS
2017-10-08,2.1,30.0,24.0,3.23,0.407,Mahabubabad,TS
2017-10-09,16.9,29.7,23.3,3.23,0.413,Mahabubabad,TS
2017-10-10,3.3,30.9,24.0,3.23,0.415,Mahabubabad,TS
2017-10-11,2.1,30.4,23.8,3.1,0.412,Mahabubabad,TS
2017-10-12,2.2,30.9,23.9,3.73,0.403,Mahabubabad,TS
2017-10-13,11.9,29.7,24.0,3.25,0.402,Mahabubabad,TS
2017-10-14,8.8,31.2,23.8,3.31,0.405,Mahabubabad,TS
2017-10-15,4.8,30.2,24.7,3.2,0.402,Mahabubabad,TS
2017-10-16,0.1,33.1,24.4,4.3,0.39,Mahabubabad,TS
2017-10-17,0.0,33.2,23.7,4.69,0.377,Mahabubabad,TS
2017-10-18,0.0,33.7,22.7,5.61,0.365,Mahabubabad,TS
2017-10-19,0.0,32.5,21.7,4.53,0.357,Mahabubabad,TS
2017-10-20,0.0,31.2,23.9,3.63,0.352,Mahabubabad,TS
2017-10-21,0.0,31.7,23.7,3.87,0.35,Mahabubabad,TS
2017-10-22,0.1,32.6,24.1,4.07,0.342,Mahabubabad,TS
2017-10-23,2.0,32.1,24.4,3.64,0.336,Mahabubabad,TS
2017-10-24,1.3,30.7,24.6,3.44,0.335,Mahabubabad,TS
2017-10-25,0.8,31.1,24.1,3.74,0.33,Mahabubabad,TS
2017-10-26,0.1,31.8,23.4,4.07,0.32,Mahabubabad,TS
2017-10-27,0.0,30.8,22.5,3.54,0.307,Mahabubabad,TS
2017-10-28,0.0,31.8,21.8,4.26,0.292,Mahabubabad,TS
2017-10-29,0.0,30.9,20.4,4.07,0.281,Mahabubabad,TS
2017-10-30,0.0,31.7,21.2,4.7,0.274,Mahabubabad,TS
2017-10-31,0.0,31.6,20.1,4.78,0.266,Mahabubabad,TS
2017-11-01,0.0,31.3,19.8,4.47,0.259,Mahabubabad,TS
2017-11-02,0.0,30.7,19.8,4.59,0.252,Mahabubabad,TS
2017-11-03,0.0,30.4,19.5,4.55,0.246,Mahabubabad,TS
2017-11-04,0.0,30.7,19.8,4.49,0.24,Mahabubabad,TS
2017-11-05,0.0,31.6,21.8,4.29,0.232,Mahabubabad,TS
2017-11-06,0.0,31.9,21.0,4.42,0.225,Mahabubabad,TS
2017-11-07,0.0,31.5,19.5,3.93,0.219,Mahabubabad,TS
2017-11-08,0.0,31.2,20.4,4.13,0.214,Mahabubabad,TS
2017-11-09,0.0,31.1,20.6,4.57,0.208,Mahabubabad,TS
2017-11-10,0.0,31.2,19.2,4.89,0.202,Mahabubabad,TS
2017-11-11,0.0,30.9,17.9,4.89,0.202,Mahabubabad,TS
2017-11-12,0.0,30.4,18.3,4.45,0.211,Mahabubabad,TS
2017-11-13,0.0,31.2,20.5,4.6,0.208,Mahabubabad,TS
2017-11-14,0.3,32.0,22.6,3.89,0.203,Mahabubabad,TS
2017-11-15,0.0,31.9,23.5,4.8,0.198,Mahabubabad,TS
2017-11-16,0.0,32.7,22.4,4.54,0.194,Mahabubabad,TS
2017-11-17,0.0,30.5,23.1,3.32,0.193,Mahabubabad,TS
2017-11-18,0.2,30.6,22.2,3.26,0.195,Mahabubabad,TS
2017-11-19,0.3,31.5,22.7,3.27,0.195,Mahabubabad,TS
2017-11-20,0.2,31.4,22.9,3.33,0.194,Mahabubabad,TS
2017-11-21,0.1,30.7,23.2,2.88,0.196,Mahabubabad,TS
2017-11-22,0.0,30.9,22.4,3.78,0.193,Mahabubabad,TS
2017-11-23,0.1,31.1,22.6,3.57,0.189,Mahabubabad,TS
2017-11-24,0.3,31.2,23.0,3.62,0.188,Mahabubabad,TS
2017-11-25,0.0,30.2,21.0,3.51,0.186,Mahabubabad,TS
2017-11-26,0.0,30.8,19.4,3.99,0.185,Mahabubabad,TS
2017-11-27,0.0,30.9,18.8,4.22,0.184,Mahabubabad,TS
2017-11-28,0.0,30.2,18.8,3.73,0.186,Mahabubabad,TS
2017-11-29,0.0,28.9,18.7,3.39,0.187,Mahabubabad,TS
2017-11-30,0.0,30.1,17.6,3.92,0.188,Mahabubabad,TS
2017-12-01,0.0,29.2,18.3,3.66,0.187,Mahabubabad,TS
2017-12-02,0.0,29.0,17.5,3.98,0.184,Mahabubabad,TS
2017-12-03,0.0,28.4,17.8,3.72,0.184,Mahabubabad,TS
2017-12-04,0.0,28.5,17.2,3.74,0.183,Mahabubabad,TS
2017-12-05,0.0,29.1,18.6,3.83,0.181,Mahabubabad,TS
2017-12-06,0.0,29.1,18.8,3.59,0.18,Mahabubabad,TS
2017-12-07,0.0,30.7,17.8,3.75,0.178,Mahabubabad,TS
2017-12-08,0.0,31.4,17.9,4.55,0.175,Mahabubabad,TS
2017-12-09,0.0,31.2,19.6,4.88,0.17,Mahabubabad,TS
2017-12-10,0.0,30.4,18.7,4.79,0.163,Mahabubabad,TS
2017-12-11,0.0,30.3,16.3,4.24,0.162,Mahabubabad,TS
2017-12-12,0.0,29.8,16.3,3.49,0.163,Mahabubabad,TS
2017-12-13,0.0,30.5,18.7,3.5,0.167,Mahabubabad,TS
2017-12-14,0.0,30.7,20.1,3.45,0.17,Mahabubabad,TS
2017-12-15,0.0,29.9,20.9,3.49,0.172,Mahabubabad,TS
2017-12-16,0.0,30.2,19.5,3.83,0.172,Mahabubabad,TS
2017-12-17,0.0,30.3,19.0,4.1,0.171,Mahabubabad,TS
2017-12-18,0.0,30.0,17.4,4.08,0.169,Mahabubabad,TS
2017-12-19,0.0,28.9,16.5,3.8,0.166,Mahabubabad,TS
2017-12-20,0.0,29.2,15.8,3.69,0.164,Mahabubabad,TS
2017-12-21,0.0,28.8,16.3,3.69,0.165,Mahabubabad,TS
2017-12-22,0.0,29.2,15.7,3.7,0.165,Mahabubabad,TS
2017-12-23,0.0,28.9,16.7,3.6,0.165,Mahabubabad,TS
2017-12-24,0.0,29.0,16.9,3.45,0.164,Mahabubabad,TS
2017-12-25,0.0,29.9,17.7,3.8,0.165,Mahabubabad,TS
2017-12-26,0.0,30.2,16.9,4.2,0.163,Mahabubabad,TS
2017-12-27,0.0,28.7,15.8,3.99,0.161,Mahabubabad,TS
2017-12-28,0.0,28.6,14.7,3.87,0.16,Mahabubabad,TS
2017-12-29,0.0,28.1,15.6,3.66,0.157,Mahabubabad,TS
2017-12-30,0.0,29.0,15.5,3.84,0.159,Mahabubabad,TS
2017-12-31,0.0,29.4,15.9,3.66,0.156,Mahabubabad,TS
2018-01-01,0.0,30.0,18.1,4.19,0.155,Mahabubabad,TS
2018-01-02,0.0,29.5,18.5,3.52,0.158,Mahabubabad,TS
2018-01-03,0.0,28.6,17.8,3.76,0.161,Mahabubabad,TS
2018-01-04,0.0,28.9,16.4,4.38,0.159,Mahabubabad,TS
2018-01-05,0.0,29.1,15.7,4.27,0.159,Mahabubabad,TS
2018-01-06,0.0,28.3,14.5,3.95,0.162,Mahabubabad,TS
2018-01-07,0.0,28.5,14.6,3.9,0.161,Mahabubabad,TS
2018-01-08,0.0,27.9,15.1,3.75,0.163,Mahabubabad,TS
2018-01-09,0.0,28.0,16.2,3.58,0.165,Mahabubabad,TS
2018-01-10,0.0,29.5,17.5,3.71,0.167,Mahabubabad,TS
2018-01-11,0.0,31.0,18.6,4.01,0.163,Mahabubabad,TS
2018-01-12,0.0,31.9,17.9,4.44,0.157,Mahabubabad,TS
2018-01-13,0.0,32.6,18.9,4.7,0.154,Mahabubabad,TS
2018-01-14,0.0,30.9,18.7,3.51,0.151,Mahabubabad,TS
2018-01-15,0.0,31.2,20.0,3.93,0.151,Mahabubabad,TS
2018-01-16,0.0,31.4,18.7,4.68,0.152,Mahabubabad,TS
2018-01-17,0.0,30.4,17.3,3.76,0.155,Mahabubabad,TS
2018-01-18,0.0,29.2,17.6,3.24,0.158,Mahabubabad,TS
2018-01-19,0.0,29.9,16.3,3.91,0.157,Mahabubabad,TS
2018-01-20,0.0,29.3,16.4,4.01,0.156,Mahabubabad,TS
2018-01-21,0.0,29.1,16.2,3.89,0.153,Mahabubabad,TS
2018-01-22,0.0,28.3,16.1,4.13,0.151,Mahabubabad,TS
2018-01-23,0.0,29.2,16.8,4.12,0.146,Mahabubabad,TS
2018-01-24,0.0,30.6,17.4,3.8,0.145,Mahabubabad,TS
2018-01-25,0.0,30.3,18.6,4.69,0.146,Mahabubabad,TS
2018-01-26,0.0,30.5,16.8,4.46,0.146,Mahabubabad,TS
2018-01-27,0.0,29.4,16.0,3.96,0.147,Mahabubabad,TS
2018-01-28,0.0,29.4,17.1,3.76,0.146,Mahabubabad,TS
2018-01-29,0.0,29.5,18.2,3.7,0.143,Mahabubabad,TS
2018-01-30,0.1,30.4,17.3,3.65,0.142,Mahabubabad,TS
2018-01-31,0.0,32.3,14.6,4.9,0.141,Mahabubabad,TS
2018-02-01,0.0,32.7,16.1,5.42,0.136,Mahabubabad,TS
2018-02-02,0.0,32.9,16.1,5.12,0.128,Mahabubabad,TS
2018-02-03,0.0,31.3,16.3,5.0,0.125,Mahabubabad,TS
2018-02-04,0.0,31.0,16.0,5.02,0.129,Mahabubabad,TS
2018-02-05,0.0,30.9,16.3,4.69,0.13,Mahabubabad,TS
2018-02-06,0.2,30.6,16.9,3.84,0.133,Mahabubabad,TS
2018-02-07,0.0,29.8,17.7,3.29,0.143,Mahabubabad,TS
2018-02-08,0.0,32.5,20.9,4.67,0.147,Mahabubabad,TS
2018-02-09,0.0,32.2,20.8,4.17,0.143,Mahabubabad,TS
2018-02-10,0.0,31.7,21.0,3.84,0.144,Mahabubabad,TS
2018-02-11,0.0,30.4,21.9,4.3,0.146,Mahabubabad,TS
2018-02-12,0.0,31.6,19.7,5.16,0.147,Mahabubabad,TS
2018-02-13,0.0,31.2,19.7,4.7,0.148,Mahabubabad,TS
2018-02-14,0.0,32.6,19.6,4.8,0.145,Mahabubabad,TS
2018-02-15,0.0,32.6,19.1,5.12,0.142,Mahabubabad,TS
2018-02-16,0.0,32.8,19.2,5.51,0.137,Mahabubabad,TS
2018-02-17,0.0,33.4,18.8,5.51,0.128,Mahabubabad,TS
2018-02-18,0.0,32.6,19.4,5.0,0.126,Mahabubabad,TS
2018-02-19,0.0,32.7,19.7,4.99,0.128,Mahabubabad,TS
2018-02-20,0.0,32.7,19.7,4.29,0.129,Mahabubabad,TS
2018-02-21,0.0,33.6,19.7,4.75,0.129,Mahabubabad,TS
2018-02-22,0.0,33.6,19.7,4.79,0.128,Mahabubabad,TS
2018-02-23,0.0,33.6,20.0,5.59,0.128,Mahabubabad,TS
2018-02-24,0.0,33.2,19.8,5.55,0.128,Mahabubabad,TS
2018-02-25,0.0,34.6,18.3,5.71,0.125,Mahabubabad,TS
2018-02-26,0.0,35.3,19.2,5.46,0.13,Mahabubabad,TS
2018-02-27,0.0,36.2,19.7,5.53,0.139,Mahabubabad,TS
2018-02-28,0.0,36.1,20.5,5.29,0.141,Mahabubabad,TS
2018-03-01,0.0,35.9,20.4,5.57,0.138,Mahabubabad,TS
2018-03-02,0.0,36.2,20.7,5.94,0.14,Mahabubabad,TS
2018-03-03,0.0,36.4,20.4,6.29,0.139,Mahabubabad,TS
2018-03-04,0.0,37.0,21.5,6.68,0.135,Mahabubabad,TS
2018-03-05,0.0,36.3,20.6,6.43,0.135,Mahabubabad,TS
2018-03-06,0.0,35.6,20.8,6.17,0.133,Mahabubabad,TS
2018-03-07,0.0,36.2,20.9,6.37,0.132,Mahabubabad,TS
2018-03-08,0.0,35.9,21.1,6.44,0.141,Mahabubabad,TS
2018-03-09,0.0,35.9,21.4,5.8,0.138,Mahabubabad,TS
2018-03-10,0.0,35.4,21.7,5.27,0.139,Mahabubabad,TS
2018-03-11,0.0,35.3,22.3,5.53,0.135,Mahabubabad,TS
2018-03-12,0.0,35.4,21.7,5.75,0.139,Mahabubabad,TS
2018-03-13,0.0,36.2,21.7,5.95,0.137,Mahabubabad,TS
2018-03-14,0.0,36.5,21.1,6.42,0.135,Mahabubabad,TS
2018-03-15,0.0,33.7,24.3,4.63,0.135,Mahabubabad,TS
2018-03-16,6.6,30.5,22.4,2.67,0.15,Mahabubabad,TS
2018-03-17,0.8,31.1,22.2,4.17,0.17,Mahabubabad,TS
2018-03-18,0.1,33.3,22.0,4.9,0.165,Mahabubabad,TS
2018-03-19,0.0,35.0,21.5,5.42,0.153,Mahabubabad,TS
2018-03-20,0.0,36.4,22.6,6.16,0.142,Mahabubabad,TS
2018-03-21,0.0,37.0,22.9,5.94,0.134,Mahabubabad,TS
2018-03-22,0.6,36.8,23.9,5.55,0.132,Mahabubabad,TS
2018-03-23,0.0,37.2,24.5,5.5,0.133,Mahabubabad,TS
2018-03-24,0.0,38.0,23.9,5.54,0.133,Mahabubabad,TS
2018-03-25,0.0,36.6,23.7,5.29,0.133,Mahabubabad,TS
2018-03-26,0.0,36.5,23.8,5.71,0.139,Mahabubabad,TS
2018-03-27,0.0,37.3,23.2,6.36,0.139,Mahabubabad,TS
2018-03-28,0.0,37.6,23.2,6.39,0.136,Mahabubabad,TS
2018-03-29,2.0,37.7,24.4,5.72,0.14,Mahabubabad,TS
2018-03-30,2.1,37.5,24.6,5.78,0.162,Mahabubabad,TS
2018-03-31,0.0,37.2,25.2,5.84,0.19,Mahabubabad,TS
2018-04-01,0.4,34.9,24.5,5.62,0.196,Mahabubabad,TS
2018-04-02,0.6,34.0,24.3,5.04,0.193,Mahabubabad,TS
2018-04-03,0.1,35.6,23.8,5.58,0.198,Mahabubabad,TS
2018-04-04,0.0,36.4,24.1,5.52,0.201,Mahabubabad,TS
2018-04-05,1.9,34.9,23.5,5.25,0.218,Mahabubabad,TS
2018-04-06,0.1,34.3,23.8,5.25,0.226,Mahabubabad,TS
2018-04-07,3.1,31.2,23.8,4.68,0.259,Mahabubabad,TS
2018-04-08,5.7,32.6,22.2,4.51,0.277,Mahabubabad,TS
2018-04-09,0.2,33.8,23.3,5.22,0.244,Mahabubabad,TS
2018-04-10,0.0,34.7,23.8,5.76,0.227,Mahabubabad,TS
2018-04-11,0.0,35.3,24.1,6.09,0.21,Mahabubabad,TS
2018-04-12,0.8,35.7,24.6,5.72,0.195,Mahabubabad,TS
2018-04-13,0.0,36.5,24.9,6.1,0.182,Mahabubabad,TS
2018-04-14,0.0,37.2,25.6,6.04,0.169,Mahabubabad,TS
2018-04-15,0.1,35.9,26.2,5.19,0.153,Mahabubabad,TS
2018-04-16,0.0,38.0,25.7,5.72,0.151,Mahabubabad,TS
2018-04-17,0.0,38.8,26.7,6.88,0.142,Mahabubabad,TS
2018-04-18,0.1,40.8,25.9,6.47,0.133,Mahabubabad,TS
2018-04-19,0.1,40.6,26.5,6.97,0.136,Mahabubabad,TS
2018-04-20,0.0,40.5,27.2,6.75,0.141,Mahabubabad,TS
2018-04-21,0.0,39.8,27.1,6.09,0.14,Mahabubabad,TS
2018-04-22,2.0,38.1,27.0,5.87,0.151,Mahabubabad,TS
2018-04-23,0.7,37.2,26.8,5.93,0.168,Mahabubabad,TS
2018-04-24,1.5,36.4,27.5,5.81,0.174,Mahabubabad,TS
2018-04-25,0.0,38.5,25.5,6.12,0.166,Mahabubabad,TS
2018-04-26,0.0,38.3,25.9,6.3,0.16,Mahabubabad,TS
2018-04-27,1.6,37.2,26.6,6.27,0.159,Mahabubabad,TS
2018-04-28,0.0,38.5,26.0,6.7,0.157,Mahabubabad,TS
2018-04-29,0.5,38.7,25.6,6.52,0.15,Mahabubabad,TS
2018-04-30,0.2,40.5,26.6,6.77,0.147,Mahabubabad,TS
2018-05-01,1.6,39.9,27.4,6.83,0.144,Mahabubabad,TS
2018-05-02,0.0,39.4,27.4,6.37,0.146,Mahabubabad,TS
2018-05-03,14.1,36.1,25.4,4.6,0.224,Mahabubabad,TS
2018-05-04,0.2,35.0,25.1,5.04,0.256,Mahabubabad,TS
2018-05-05,0.0,36.8,25.8,6.35,0.228,Mahabubabad,TS
2018-05-06,0.0,37.5,26.0,6.7,0.21,Mahabubabad,TS
2018-05-07,0.0,38.7,26.1,6.24,0.191,Mahabubabad,TS
2018-05-08,0.3,39.1,27.3,6.34,0.173,Mahabubabad,TS
2018-05-09,3.3,37.9,27.2,5.57,0.17,Mahabubabad,TS
2018-05-10,0.5,38.5,27.2,6.52,0.155,Mahabubabad,TS
2018-05-11,0.2,38.8,27.0,6.2,0.152,Mahabubabad,TS
2018-05-12,1.1,38.4,27.6,6.32,0.149,Mahabubabad,TS
2018-05-13,0.7,38.7,27.6,6.36,0.152,Mahabubabad,TS
2018-05-14,1.4,36.0,26.8,6.13,0.161,Mahabubabad,TS
2018-05-15,0.3,37.8,26.3,6.31,0.157,Mahabubabad,TS
2018-05-16,0.0,38.7,26.4,6.64,0.147,Mahabubabad,TS
2018-05-17,0.1,38.8,26.8,6.87,0.147,Mahabubabad,TS
2018-05-18,0.4,37.5,26.8,6.36,0.166,Mahabubabad,TS
2018-05-19,2.1,40.2,27.8,6.95,0.166,Mahabubabad,TS
2018-05-20,0.0,39.9,27.9,6.92,0.178,Mahabubabad,TS
2018-05-21,0.3,38.0,27.6,6.38,0.165,Mahabubabad,TS
2018-05-22,0.2,38.1,27.5,6.61,0.153,Mahabubabad,TS
2018-05-23,0.1,38.3,27.5,6.54,0.154,Mahabubabad,TS
2018-05-24,0.9,38.0,28.0,6.34,0.182,Mahabubabad,TS
2018-05-25,0.2,38.8,27.6,6.91,0.176,Mahabubabad,TS
2018-05-26,0.3,37.9,27.5,6.37,0.177,Mahabubabad,TS
2018-05-27,0.0,38.4,27.3,6.25,0.167,Mahabubabad,TS
2018-05-28,0.0,39.7,27.7,7.12,0.155,Mahabubabad,TS
2018-05-29,0.1,41.4,27.5,7.14,0.146,Mahabubabad,TS
2018-05-30,0.0,41.4,29.2,6.5,0.142,Mahabubabad,TS
2018-05-31,2.5,41.8,29.4,6.53,0.14,Mahabubabad,TS
2018-06-01,5.4,36.0,26.8,4.53,0.304,Mahabubabad,TS
2018-06-02,3.8,34.8,26.7,4.78,0.327,Mahabubabad,TS
2018-06-03,0.0,38.0,26.8,5.93,0.304,Mahabubabad,TS
2018-06-04,0.1,38.7,27.5,6.32,0.274,Mahabubabad,TS
2018-06-05,0.7,37.9,27.9,5.7,0.253,Mahabubabad,TS
2018-06-06,6.0,35.5,26.3,4.43,0.283,Mahabubabad,TS
2018-06-07,15.7,33.2,25.3,3.36,0.316,Mahabubabad,TS
2018-06-08,1.8,32.0,25.5,3.74,0.339,Mahabubabad,TS
2018-06-09,4.9,33.1,26.8,4.36,0.336,Mahabubabad,TS
2018-06-10,13.2,31.4,25.1,2.77,0.396,Mahabubabad,TS
2018-06-11,14.9,29.5,25.2,1.68,0.409,Mahabubabad,TS
2018-06-12,6.8,32.1,25.4,2.81,0.403,Mahabubabad,TS
2018-06-13,0.0,35.2,27.0,6.28,0.376,Mahabubabad,TS
2018-06-14,0.0,34.6,28.0,5.05,0.352,Mahabubabad,TS
2018-06-15,0.0,36.1,27.2,6.28,0.33,Mahabubabad,TS
2018-06-16,0.1,36.4,28.0,6.42,0.312,Mahabubabad,TS
2018-06-17,0.0,35.3,28.4,6.83,0.293,Mahabubabad,TS
2018-06-18,0.3,34.3,27.5,6.34,0.276,Mahabubabad,TS
2018-06-19,0.0,35.9,27.1,5.96,0.261,Mahabubabad,TS
2018-06-20,0.0,36.7,28.3,5.62,0.249,Mahabubabad,TS
2018-06-21,1.8,35.8,27.2,5.08,0.238,Mahabubabad,TS
2018-06-22,8.9,32.7,25.6,2.81,0.265,Mahabubabad,TS
2018-06-23,7.8,32.6,24.4,4.01,0.345,Mahabubabad,TS
2018-06-24,0.0,34.4,25.7,5.5,0.332,Mahabubabad,TS
2018-06-25,0.6,34.6,26.9,6.24,0.301,Mahabubabad,TS
2018-06-26,0.6,34.4,27.5,5.66,0.277,Mahabubabad,TS
2018-06-27,8.9,32.3,24.6,2.94,0.278,Mahabubabad,TS
2018-06-28,21.0,29.8,23.9,1.78,0.381,Mahabubabad,TS
2018-06-29,2.3,33.9,23.8,4.11,0.344,Mahabubabad,TS
2018-06-30,2.9,31.7,24.2,3.76,0.332,Mahabubabad,TS
2018-07-01,5.9,32.4,25.7,4.01,0.364,Mahabubabad,TS
2018-07-02,4.9,34.0,24.9,4.64,0.35,Mahabubabad,TS
2018-07-03,3.0,33.8,24.1,4.77,0.376,Mahabubabad,TS
2018-07-04,0.0,34.1,26.6,5.18,0.355,Mahabubabad,TS
2018-07-05,0.7,34.2,26.9,5.37,0.338,Mahabubabad,TS
2018-07-06,3.9,33.0,24.9,4.52,0.341,Mahabubabad,TS
2018-07-07,22.0,27.8,24.5,1.71,0.4,Mahabubabad,TS
2018-07-08,25.0,31.2,24.2,2.22,0.423,Mahabubabad,TS
2018-07-09,37.1,28.9,24.2,2.14,0.426,Mahabubabad,TS
2018-07-10,9.9,29.8,24.0,1.99,0.419,Mahabubabad,TS
2018-07-11,37.1,27.9,23.9,1.98,0.425,Mahabubabad,TS
2018-07-12,26.2,26.5,23.8,1.58,0.427,Mahabubabad,TS
2018-07-13,12.7,30.4,23.8,3.75,0.421,Mahabubabad,TS
2018-07-14,21.4,26.3,24.0,1.61,0.426,Mahabubabad,TS
2018-07-15,51.5,28.0,24.2,1.88,0.428,Mahabubabad,TS
2018-07-16,23.4,28.2,23.9,1.8,0.428,Mahabubabad,TS
2018-07-17,2.5,31.8,23.9,4.64,0.416,Mahabubabad,TS
2018-07-18,0.7,32.8,26.1,5.7,0.4,Mahabubabad,TS
2018-07-19,3.3,31.0,26.1,3.61,0.393,Mahabubabad,TS
2018-07-20,29.4,27.4,24.6,1.44,0.426,Mahabubabad,TS
2018-07-21,29.3,25.8,24.1,1.26,0.428,Mahabubabad,TS
2018-07-22,0.6,30.4,25.0,3.29,0.412,Mahabubabad,TS
2018-07-23,0.2,31.6,25.5,4.47,0.399,Mahabubabad,TS
2018-07-24,0.7,32.3,25.8,5.3,0.387,Mahabubabad,TS
2018-07-25,0.3,32.2,26.0,4.56,0.377,Mahabubabad,TS
2018-07-26,0.1,32.2,26.2,5.25,0.366,Mahabubabad,TS
2018-07-27,0.4,31.0,25.9,4.38,0.36,Mahabubabad,TS
2018-07-28,0.5,32.4,26.1,4.41,0.354,Mahabubabad,TS
2018-07-29,1.7,33.0,25.6,4.59,0.352,Mahabubabad,TS
2018-07-30,0.2,33.8,25.4,5.67,0.34,Mahabubabad,TS
2018-07-31,0.2,32.3,26.5,5.08,0.33,Mahabubabad,TS
2018-08-01,0.1,33.1,26.7,5.45,0.321,Mahabubabad,TS
2018-08-02,4.5,31.9,24.3,4.37,0.339,Mahabubabad,TS
2018-08-03,1.2,31.8,24.5,3.79,0.339,Mahabubabad,TS
2018-08-04,0.4,32.8,25.6,4.79,0.33,Mahabubabad,TS
2018-08-05,0.0,32.8,26.4,5.63,0.319,Mahabubabad,TS
2018-08-06,0.4,31.8,25.5,4.78,0.316,Mahabubabad,TS
2018-08-07,4.9,30.6,24.2,3.26,0.335,Mahabubabad,TS
2018-08-08,14.7,28.6,23.4,2.31,0.395,Mahabubabad,TS
2018-08-09,1.3,31.9,24.8,4.11,0.372,Mahabubabad,TS
2018-08-10,8.5,32.2,24.2,4.18,0.372,Mahabubabad,TS
2018-08-11,80.5,26.2,24.1,1.34,0.42,Mahabubabad,TS
2018-08-12,60.2,25.8,23.8,1.67,0.43,Mahabubabad,TS
2018-08-13,26.6,28.1,23.4,1.7,0.428,Mahabubabad,TS
2018-08-14,11.5,29.1,23.6,2.5,0.425,Mahabubabad,TS
2018-08-15,12.6,27.8,24.6,1.97,0.424,Mahabubabad,TS
2018-08-16,9.2,30.0,24.2,4.15,0.42,Mahabubabad,TS
2018-08-17,1.3,29.9,23.8,3.12,0.41,Mahabubabad,TS
2018-08-18,8.8,30.8,25.0,3.58,0.406,Mahabubabad,TS
2018-08-19,40.0,28.7,24.1,2.33,0.428,Mahabubabad,TS
2018-08-20,76.4,24.7,23.9,1.15,0.43,Mahabubabad,TS
2018-08-21,3.7,30.0,23.2,3.3,0.418,Mahabubabad,TS
2018-08-22,0.0,32.7,25.1,5.55,0.399,Mahabubabad,TS
2018-08-23,0.9,31.8,25.6,4.6,0.388,Mahabubabad,TS
2018-08-24,1.8,30.3,25.3,3.47,0.394,Mahabubabad,TS
2018-08-25,0.0,31.8,25.5,4.67,0.39,Mahabubabad,TS
2018-08-26,11.4,28.3,24.1,2.46,0.394,Mahabubabad,TS
2018-08-27,9.3,29.3,23.6,2.07,0.422,Mahabubabad,TS
2018-08-28,0.4,30.4,23.7,3.96,0.4,Mahabubabad,TS
2018-08-29,1.7,31.9,24.5,4.4,0.395,Mahabubabad,TS
2018-08-30,0.9,31.2,24.2,4.52,0.392,Mahabubabad,TS
2018-08-31,1.2,31.2,24.2,4.2,0.381,Mahabubabad,TS
2018-09-01,1.1,31.2,24.7,4.15,0.375,Mahabubabad,TS
2018-09-02,0.3,31.6,24.7,4.19,0.364,Mahabubabad,TS
2018-09-03,1.0,32.2,24.8,4.68,0.359,Mahabubabad,TS
2018-09-04,1.5,31.4,25.0,4.96,0.358,Mahabubabad,TS
2018-09-05,0.2,31.9,24.6,4.96,0.346,Mahabubabad,TS
2018-09-06,1.6,30.0,23.7,3.44,0.352,Mahabubabad,TS
2018-09-07,0.2,30.0,24.9,4.0,0.339,Mahabubabad,TS
2018-09-08,1.0,32.2,23.9,5.16,0.33,Mahabubabad,TS
2018-09-09,1.0,32.5,22.7,4.64,0.321,Mahabubabad,TS
2018-09-10,0.8,32.3,24.2,4.2,0.313,Mahabubabad,TS
2018-09-11,0.7,33.0,24.7,4.55,0.308,Mahabubabad,TS
2018-09-12,2.5,32.6,24.4,4.27,0.31,Mahabubabad,TS
2018-09-13,4.2,31.6,25.0,3.38,0.325,Mahabubabad,TS
2018-09-14,1.7,32.8,24.7,3.92,0.308,Mahabubabad,TS
2018-09-15,0.3,33.2,24.6,4.86,0.299,Mahabubabad,TS
2018-09-16,0.0,33.4,24.8,4.88,0.286,Mahabubabad,TS
2018-09-17,10.0,30.7,25.4,2.9,0.315,Mahabubabad,TS
2018-09-18,0.3,32.5,24.8,4.21,0.316,Mahabubabad,TS
2018-09-19,8.1,29.7,24.7,3.28,0.366,Mahabubabad,TS
2018-09-20,0.8,30.6,25.2,2.72,0.365,Mahabubabad,TS
2018-09-21,30.7,25.4,22.8,1.44,0.418,Mahabubabad,TS
2018-09-22,8.5,30.3,22.3,3.56,0.404,Mahabubabad,TS
2018-09-23,1.6,31.0,24.3,3.91,0.385,Mahabubabad,TS
2018-09-24,0.2,31.6,24.3,4.21,0.37,Mahabubabad,TS
2018-09-25,8.8,32.5,24.1,4.32,0.383,Mahabubabad,TS
2018-09-26,2.1,31.2,24.1,3.55,0.393,Mahabubabad,TS
2018-09-27,3.6,30.6,23.7,3.64,0.394,Mahabubabad,TS
2018-09-28,6.3,30.6,24.3,3.75,0.399,Mahabubabad,TS
2018-09-29,5.3,31.0,24.5,3.92,0.399,Mahabubabad,TS
2018-09-30,3.1,32.2,24.8,3.87,0.392,Mahabubabad,TS
2018-10-01,6.2,31.8,23.8,3.92,0.394,Mahabubabad,TS
2018-10-02,0.1,32.5,23.8,4.38,0.38,Mahabubabad,TS
2018-10-03,1.0,32.4,24.4,4.25,0.368,Mahabubabad,TS
2018-10-04,0.0,32.5,24.4,4.5,0.356,Mahabubabad,TS
2018-10-05,0.0,32.9,23.3,5.03,0.341,Mahabubabad,TS
2018-10-06,0.1,32.0,22.7,4.55,0.33,Mahabubabad,TS
2018-10-07,0.5,32.3,23.6,4.54,0.323,Mahabubabad,TS
2018-10-08,0.0,32.9,23.3,4.66,0.313,Mahabubabad,TS
2018-10-09,0.0,33.6,22.1,5.52,0.303,Mahabubabad,TS
2018-10-10,0.0,33.9,22.2,6.42,0.295,Mahabubabad,TS
2018-10-11,0.0,31.7,24.2,5.32,0.29,Mahabubabad,TS
2018-10-12,0.1,31.8,23.9,4.48,0.286,Mahabubabad,TS
2018-10-13,0.7,31.5,23.8,4.0,0.284,Mahabubabad,TS
2018-10-14,0.6,31.3,23.9,3.66,0.282,Mahabubabad,TS
2018-10-15,7.2,30.4,23.9,3.14,0.308,Mahabubabad,TS
2018-10-16,0.4,30.7,23.4,3.74,0.3,Mahabubabad,TS
2018-10-17,1.2,30.4,23.1,3.45,0.308,Mahabubabad,TS
2018-10-18,0.2,30.3,23.6,3.17,0.302,Mahabubabad,TS
2018-10-19,0.0,32.4,22.3,4.43,0.288,Mahabubabad,TS
2018-10-20,0.0,32.8,21.8,4.46,0.278,Mahabubabad,TS
2018-10-21,0.0,32.6,23.4,4.23,0.268,Mahabubabad,TS
2018-10-22,0.0,33.5,22.7,4.16,0.26,Mahabubabad,TS
2018-10-23,0.1,33.8,22.7,4.47,0.253,Mahabubabad,TS
2018-10-24,0.3,32.3,23.7,3.3,0.25,Mahabubabad,TS
2018-10-25,0.0,32.1,23.4,4.06,0.246,Mahabubabad,TS
2018-10-26,0.0,32.7,21.5,4.83,0.243,Mahabubabad,TS
2018-10-27,0.0,33.1,19.1,5.09,0.236,Mahabubabad,TS
2018-10-28,0.0,32.3,19.0,5.6,0.229,Mahabubabad,TS
2018-10-29,0.0,31.7,19.4,5.49,0.223,Mahabubabad,TS
2018-10-30,0.0,32.0,21.0,5.19,0.217,Mahabubabad,TS
2018-10-31,0.0,32.4,19.6,4.5,0.211,Mahabubabad,TS
2018-11-01,0.1,30.8,21.3,3.25,0.211,Mahabubabad,TS
2018-11-02,0.5,31.9,23.2,3.88,0.212,Mahabubabad,TS
2018-11-03,0.2,31.5,23.1,3.8,0.217,Mahabubabad,TS
2018-11-04,0.2,31.6,23.2,3.86,0.217,Mahabubabad,TS
2018-11-05,0.5,31.6,23.0,3.56,0.208,Mahabubabad,TS
2018-11-06,0.0,32.2,22.9,3.89,0.202,Mahabubabad,TS
2018-11-07,0.4,32.1,22.6,3.92,0.199,Mahabubabad,TS
2018-11-08,0.1,31.2,22.6,3.94,0.197,Mahabubabad,TS
2018-11-09,0.0,32.5,22.2,4.03,0.195,Mahabubabad,TS
2018-11-10,0.0,32.5,20.6,4.63,0.194,Mahabubabad,TS
2018-11-11,0.0,32.4,17.8,4.93,0.192,Mahabubabad,TS
2018-11-12,0.0,31.6,18.6,5.2,0.19,Mahabubabad,TS
2018-11-13,0.0,31.6,17.5,4.93,0.188,Mahabubabad,TS
2018-11-14,0.0,32.1,17.9,4.39,0.186,Mahabubabad,TS
2018-11-15,0.0,33.4,18.9,4.68,0.183,Mahabubabad,TS
2018-11-16,0.0,32.8,21.0,3.93,0.178,Mahabubabad,TS
2018-11-17,1.6,31.5,23.9,3.46,0.179,Mahabubabad,TS
2018-11-18,0.0,31.8,23.5,3.57,0.193,Mahabubabad,TS
2018-11-19,0.1,31.7,22.9,3.71,0.197,Mahabubabad,TS
2018-11-20,0.0,31.9,23.0,3.76,0.194,Mahabubabad,TS
2018-11-21,0.0,32.5,21.4,4.49,0.192,Mahabubabad,TS
2018-11-22,0.0,28.9,21.7,2.74,0.19,Mahabubabad,TS
2018-11-23,0.3,30.9,20.2,3.33,0.19,Mahabubabad,TS
2018-11-24,0.0,31.6,19.5,4.21,0.19,Mahabubabad,TS
2018-11-25,0.0,30.9,18.7,4.31,0.181,Mahabubabad,TS
2018-11-26,0.0,29.7,16.9,3.99,0.175,Mahabubabad,TS
2018-11-27,0.0,29.2,17.3,3.94,0.174,Mahabubabad,TS
2018-11-28,0.0,29.6,17.4,4.08,0.173,Mahabubabad,TS
2018-11-29,0.0,29.6,19.6,3.56,0.174,Mahabubabad,TS
2018-11-30,0.0,29.5,17.8,3.44,0.172,Mahabubabad,TS
2018-12-01,0.0,29.9,18.5,3.72,0.171,Mahabubabad,TS
2018-12-02,0.0,29.3,18.4,3.85,0.168,Mahabubabad,TS
2018-12-03,0.0,29.3,19.6,3.44,0.169,Mahabubabad,TS
2018-12-04,0.0,30.2,19.0,3.51,0.176,Mahabubabad,TS
2018-12-05,0.3,29.7,22.0,2.89,0.183,Mahabubabad,TS
2018-12-06,0.9,29.6,21.5,2.86,0.193,Mahabubabad,TS
2018-12-07,0.0,30.6,21.3,3.24,0.192,Mahabubabad,TS
2018-12-08,0.4,29.6,22.1,2.95,0.201,Mahabubabad,TS
2018-12-09,1.0,29.1,21.9,3.13,0.205,Mahabubabad,TS
2018-12-10,0.1,28.7,21.9,3.05,0.204,Mahabubabad,TS
2018-12-11,0.2,28.4,21.3,2.75,0.208,Mahabubabad,TS
2018-12-12,0.5,30.3,21.2,3.24,0.209,Mahabubabad,TS
2018-12-13,0.2,28.9,20.5,3.11,0.204,Mahabubabad,TS
2018-12-14,1.5,27.9,20.1,2.99,0.202,Mahabubabad,TS
2018-12-15,0.1,29.8,20.2,4.09,0.202,Mahabubabad,TS
2018-12-16,3.4,24.9,18.4,2.63,0.211,Mahabubabad,TS
2018-12-17,34.5,18.7,17.0,0.99,0.385,Mahabubabad,TS
2018-12-18,0.0,24.1,17.0,2.67,0.397,Mahabubabad,TS
2018-12-19,0.0,22.4,16.2,1.73,0.38,Mahabubabad,TS
2018-12-20,0.0,26.6,16.1,2.93,0.367,Mahabubabad,TS
2018-12-21,0.0,27.2,18.9,3.58,0.354,Mahabubabad,TS
2018-12-22,0.0,27.9,17.0,2.84,0.344,Mahabubabad,TS
2018-12-23,0.0,28.4,17.3,3.08,0.336,Mahabubabad,TS
2018-12-24,0.0,27.8,16.9,3.35,0.328,Mahabubabad,TS
2018-12-25,0.0,29.1,16.2,3.44,0.321,Mahabubabad,TS
2018-12-26,0.0,27.8,17.9,3.04,0.315,Mahabubabad,TS
2018-12-27,0.3,26.5,19.6,2.21,0.312,Mahabubabad,TS
2018-12-28,0.0,26.1,16.2,4.22,0.306,Mahabubabad,TS
2018-12-29,0.0,25.7,14.0,3.76,0.298,Mahabubabad,TS
2018-12-30,0.0,26.0,14.1,3.69,0.292,Mahabubabad,TS
2018-12-31,0.0,25.8,13.5,3.81,0.286,Mahabubabad,TS
2019-01-01,0.0,27.3,13.2,3.7,0.279,Mahabubabad,TS
2019-01-02,0.0,27.0,12.0,3.52,0.274,Mahabubabad,TS
2019-01-03,0.0,28.4,13.7,3.51,0.268,Mahabubabad,TS
2019-01-04,0.0,27.8,14.7,3.63,0.264,Mahabubabad,TS
2019-01-05,0.0,27.0,15.8,3.21,0.262,Mahabubabad,TS
2019-01-06,0.0,27.5,16.2,3.47,0.26,Mahabubabad,TS
2019-01-07,0.0,28.8,15.6,3.78,0.257,Mahabubabad,TS
2019-01-08,0.0,27.3,16.0,4.14,0.252,Mahabubabad,TS
2019-01-09,0.0,28.4,14.2,4.43,0.246,Mahabubabad,TS
2019-01-10,0.0,28.0,13.4,3.74,0.242,Mahabubabad,TS
2019-01-11,0.0,27.5,16.7,3.14,0.243,Mahabubabad,TS
2019-01-12,0.0,28.3,17.0,3.76,0.243,Mahabubabad,TS
2019-01-13,0.0,27.9,17.1,3.55,0.241,Mahabubabad,TS
2019-01-14,0.0,28.8,16.0,3.68,0.244,Mahabubabad,TS
2019-01-15,0.0,29.2,16.3,4.1,0.248,Mahabubabad,TS
2019-01-16,0.0,29.0,15.8,3.98,0.241,Mahabubabad,TS
2019-01-17,0.0,28.3,15.9,3.45,0.237,Mahabubabad,TS
2019-01-18,0.0,29.5,16.4,3.6,0.236,Mahabubabad,TS
2019-01-19,0.0,28.8,16.5,3.55,0.235,Mahabubabad,TS
2019-01-20,0.0,30.2,16.0,3.85,0.235,Mahabubabad,TS
2019-01-21,0.0,29.0,15.8,3.8,0.232,Mahabubabad,TS
2019-01-22,0.0,28.6,16.6,3.91,0.228,Mahabubabad,TS
2019-01-23,0.0,28.6,17.3,3.57,0.228,Mahabubabad,TS
2019-01-24,0.0,29.1,17.4,3.83,0.232,Mahabubabad,TS
2019-01-25,0.6,28.5,19.3,3.2,0.231,Mahabubabad,TS
2019-01-26,5.7,27.8,19.9,2.65,0.244,Mahabubabad,TS
2019-01-27,17.4,26.4,18.8,2.26,0.323,Mahabubabad,TS
2019-01-28,12.0,24.1,18.6,2.0,0.379,Mahabubabad,TS
2019-01-29,0.0,25.7,15.6,4.45,0.329,Mahabubabad,TS
2019-01-30,0.0,27.0,13.2,4.29,0.31,Mahabubabad,TS
2019-01-31,0.0,27.6,14.7,3.67,0.298,Mahabubabad,TS
2019-02-01,0.0,27.9,17.2,3.85,0.286,Mahabubabad,TS
2019-02-02,0.0,28.5,16.1,3.84,0.277,Mahabubabad,TS
2019-02-03,0.0,28.6,17.4,3.67,0.268,Mahabubabad,TS
2019-02-04,0.0,29.9,17.4,4.26,0.261,Mahabubabad,TS
2019-02-05,0.0,30.5,18.7,4.2,0.253,Mahabubabad,TS
2019-02-06,0.0,30.6,18.1,4.39,0.25,Mahabubabad,TS
2019-02-07,0.0,30.5,19.2,4.61,0.245,Mahabubabad,TS
2019-02-08,0.2,28.9,20.4,2.79,0.241,Mahabubabad,TS
2019-02-09,0.0,28.9,19.0,4.91,0.238,Mahabubabad,TS
2019-02-10,0.0,30.9,16.5,5.31,0.231,Mahabubabad,TS
2019-02-11,0.0,30.7,19.8,4.26,0.227,Mahabubabad,TS
2019-02-12,0.1,30.7,20.0,4.11,0.224,Mahabubabad,TS
2019-02-13,0.0,31.7,18.3,4.54,0.221,Mahabubabad,TS
2019-02-14,0.0,32.1,19.0,4.78,0.217,Mahabubabad,TS
2019-02-15,0.0,32.1,19.4,4.89,0.213,Mahabubabad,TS
2019-02-16,0.1,31.4,20.1,4.55,0.209,Mahabubabad,TS
2019-02-17,0.7,31.5,22.2,4.0,0.21,Mahabubabad,TS
2019-02-18,0.2,32.5,20.1,4.27,0.207,Mahabubabad,TS
2019-02-19,0.0,33.7,21.4,4.7,0.202,Mahabubabad,TS
2019-02-20,0.0,33.1,23.0,4.93,0.197,Mahabubabad,TS
2019-02-21,0.0,33.1,21.4,4.67,0.193,Mahabubabad,TS
2019-02-22,0.0,36.0,21.5,4.97,0.189,Mahabubabad,TS
2019-02-23,0.0,36.2,21.7,5.22,0.186,Mahabubabad,TS
2019-02-24,0.0,36.1,21.7,6.24,0.182,Mahabubabad,TS
2019-02-25,0.0,35.0,22.0,5.76,0.18,Mahabubabad,TS
2019-02-26,0.0,33.7,21.0,5.08,0.179,Mahabubabad,TS
2019-02-27,0.2,31.4,22.6,4.1,0.177,Mahabubabad,TS
2019-02-28,2.2,30.4,22.7,3.3,0.188,Mahabubabad,TS
2019-03-01,0.2,31.9,21.6,4.04,0.189,Mahabubabad,TS
2019-03-02,0.8,31.8,23.5,4.38,0.189,Mahabubabad,TS
2019-03-03,0.1,32.8,22.9,4.43,0.186,Mahabubabad,TS
2019-03-04,0.0,34.4,22.9,5.44,0.183,Mahabubabad,TS
2019-03-05,0.0,35.4,23.4,5.45,0.182,Mahabubabad,TS
2019-03-06,0.0,34.8,21.4,6.03,0.179,Mahabubabad,TS
2019-03-07,0.0,34.8,20.0,5.42,0.173,Mahabubabad,TS
2019-03-08,0.2,35.0,23.2,5.33,0.172,Mahabubabad,TS
2019-03-09,0.0,34.2,22.9,4.79,0.172,Mahabubabad,TS
2019-03-10,0.0,34.7,23.1,5.46,0.171,Mahabubabad,TS
2019-03-11,0.0,35.0,22.9,5.41,0.168,Mahabubabad,TS
2019-03-12,0.0,34.7,23.0,5.08,0.163,Mahabubabad,TS
2019-03-13,0.0,35.4,22.5,5.53,0.158,Mahabubabad,TS
2019-03-14,0.0,36.4,21.6,6.35,0.155,Mahabubabad,TS
2019-03-15,0.0,36.7,23.1,6.67,0.156,Mahabubabad,TS
2019-03-16,0.0,36.3,21.9,6.9,0.151,Mahabubabad,TS
2019-03-17,0.0,35.9,22.2,6.0,0.149,Mahabubabad,TS
2019-03-18,0.0,34.1,21.2,6.14,0.149,Mahabubabad,TS
2019-03-19,0.0,35.0,22.3,5.56,0.149,Mahabubabad,TS
2019-03-20,0.0,34.7,23.1,5.7,0.152,Mahabubabad,TS
2019-03-21,0.2,34.8,23.6,5.88,0.152,Mahabubabad,TS
2019-03-22,0.0,34.7,22.9,5.21,0.151,Mahabubabad,TS
2019-03-23,0.0,36.7,23.9,5.49,0.151,Mahabubabad,TS
2019-03-24,0.0,37.4,24.4,5.64,0.149,Mahabubabad,TS
2019-03-25,0.0,36.9,23.9,5.74,0.148,Mahabubabad,TS
2019-03-26,0.0,37.1,23.7,6.07,0.148,Mahabubabad,TS
2019-03-27,0.0,37.2,23.7,5.84,0.148,Mahabubabad,TS
2019-03-28,0.0,37.8,23.5,5.8,0.149,Mahabubabad,TS
2019-03-29,0.0,37.8,23.4,5.99,0.146,Mahabubabad,TS
2019-03-30,0.0,38.7,23.7,6.48,0.142,Mahabubabad,TS
2019-03-31,0.0,38.9,24.2,6.49,0.143,Mahabubabad,TS
2019-04-01,0.3,36.5,25.4,6.47,0.143,Mahabubabad,TS
2019-04-02,0.0,38.1,24.4,6.77,0.141,Mahabubabad,TS
2019-04-03,0.0,37.4,23.4,6.43,0.139,Mahabubabad,TS
2019-04-04,0.0,36.6,23.6,6.09,0.139,Mahabubabad,TS
2019-04-05,0.1,38.9,23.5,5.98,0.134,Mahabubabad,TS
2019-04-06,0.0,39.6,24.4,6.57,0.134,Mahabubabad,TS
2019-04-07,0.0,39.1,24.3,6.91,0.137,Mahabubabad,TS
2019-04-08,0.2,36.9,24.9,6.16,0.135,Mahabubabad,TS
2019-04-09,0.7,36.7,25.1,5.3,0.134,Mahabubabad,TS
2019-04-10,0.0,36.6,25.1,5.84,0.138,Mahabubabad,TS
2019-04-11,0.0,39.6,24.7,6.43,0.138,Mahabubabad,TS
2019-04-12,0.4,39.4,25.5,6.55,0.134,Mahabubabad,TS
2019-04-13,0.0,39.9,25.5,6.92,0.128,Mahabubabad,TS
2019-04-14,0.0,39.6,25.3,6.96,0.123,Mahabubabad,TS
2019-04-15,0.0,40.3,25.1,7.34,0.119,Mahabubabad,TS
2019-04-16,0.0,39.2,24.1,7.35,0.114,Mahabubabad,TS
2019-04-17,0.0,38.2,24.4,6.78,0.112,Mahabubabad,TS
2019-04-18,0.0,38.0,25.7,6.32,0.114,Mahabubabad,TS
2019-04-19,0.2,36.7,25.7,5.62,0.129,Mahabubabad,TS
2019-04-20,2.0,37.7,26.8,6.11,0.137,Mahabubabad,TS
2019-04-21,2.5,37.9,26.6,5.71,0.144,Mahabubabad,TS
2019-04-22,0.0,38.4,26.1,5.97,0.147,Mahabubabad,TS
2019-04-23,0.0,38.7,25.7,6.16,0.151,Mahabubabad,TS
2019-04-24,0.0,39.1,26.0,6.47,0.144,Mahabubabad,TS
2019-04-25,0.0,40.3,25.8,6.45,0.139,Mahabubabad,TS
2019-04-26,0.0,40.4,26.0,6.62,0.134,Mahabubabad,TS
2019-04-27,0.4,40.8,27.1,6.69,0.129,Mahabubabad,TS
2019-04-28,0.0,40.9,27.0,7.15,0.124,Mahabubabad,TS
2019-04-29,0.0,40.1,26.8,7.11,0.122,Mahabubabad,TS
2019-04-30,1.1,40.6,26.9,6.4,0.12,Mahabubabad,TS
2019-05-01,0.4,39.9,27.8,6.38,0.121,Mahabubabad,TS
2019-05-02,0.0,42.4,28.0,7.96,0.129,Mahabubabad,TS
2019-05-03,0.0,40.4,28.5,5.74,0.133,Mahabubabad,TS
2019-05-04,0.0,41.8,26.6,8.69,0.136,Mahabubabad,TS
2019-05-05,0.0,41.8,29.0,8.53,0.13,Mahabubabad,TS
2019-05-06,0.0,42.6,28.1,7.87,0.124,Mahabubabad,TS
2019-05-07,0.0,40.9,28.2,6.48,0.122,Mahabubabad,TS
2019-05-08,0.0,42.2,28.4,6.51,0.122,Mahabubabad,TS
2019-05-09,0.0,42.8,28.3,8.06,0.125,Mahabubabad,TS
2019-05-10,0.0,41.5,29.4,6.87,0.126,Mahabubabad,TS
2019-05-11,3.7,39.0,29.5,6.5,0.127,Mahabubabad,TS
2019-05-12,0.9,38.3,28.1,4.93,0.121,Mahabubabad,TS
2019-05-13,0.8,39.6,27.9,6.4,0.125,Mahabubabad,TS
2019-05-14,0.3,39.5,28.4,6.29,0.123,Mahabubabad,TS
2019-05-15,0.0,40.1,27.9,6.83,0.126,Mahabubabad,TS
2019-05-16,0.0,39.6,27.9,6.75,0.13,Mahabubabad,TS
2019-05-17,0.0,40.0,28.1,6.61,0.128,Mahabubabad,TS
2019-05-18,0.1,40.7,28.5,6.36,0.128,Mahabubabad,TS
2019-05-19,0.0,40.5,28.0,6.49,0.128,Mahabubabad,TS
2019-05-20,0.0,41.0,28.1,7.0,0.125,Mahabubabad,TS
2019-05-21,0.0,40.8,27.5,7.13,0.124,Mahabubabad,TS
2019-05-22,0.0,40.6,27.9,7.27,0.122,Mahabubabad,TS
2019-05-23,0.0,40.0,28.1,7.44,0.119,Mahabubabad,TS
2019-05-24,0.0,41.1,27.7,6.87,0.12,Mahabubabad,TS
2019-05-25,0.0,42.3,28.7,6.87,0.121,Mahabubabad,TS
2019-05-26,0.0,42.3,29.1,7.0,0.124,Mahabubabad,TS
2019-05-27,0.0,42.7,30.1,7.29,0.126,Mahabubabad,TS
2019-05-28,0.0,42.4,29.6,7.38,0.129,Mahabubabad,TS
2019-05-29,0.0,41.8,29.5,7.49,0.127,Mahabubabad,TS
2019-05-30,0.0,40.9,28.8,6.75,0.129,Mahabubabad,TS
2019-05-31,0.0,39.8,28.7,6.46,0.137,Mahabubabad,TS
2019-06-01,0.0,40.1,28.2,6.12,0.139,Mahabubabad,TS
2019-06-02,14.0,40.6,29.4,6.06,0.161,Mahabubabad,TS
2019-06-03,3.5,41.1,28.0,6.51,0.141,Mahabubabad,TS
2019-06-04,0.0,38.8,28.2,6.33,0.149,Mahabubabad,TS
2019-06-05,0.0,40.8,28.9,7.2,0.149,Mahabubabad,TS
2019-06-06,0.1,41.0,29.1,6.91,0.144,Mahabubabad,TS
2019-06-07,0.1,39.7,28.3,6.21,0.148,Mahabubabad,TS
2019-06-08,2.7,40.5,27.3,6.49,0.153,Mahabubabad,TS
2019-06-09,0.1,38.4,30.2,5.35,0.148,Mahabubabad,TS
2019-06-10,0.3,40.9,30.1,7.64,0.135,Mahabubabad,TS
2019-06-11,0.0,40.4,28.3,7.87,0.126,Mahabubabad,TS
2019-06-12,0.0,40.6,31.1,8.21,0.115,Mahabubabad,TS
2019-06-13,0.0,40.3,30.3,8.59,0.106,Mahabubabad,TS
2019-06-14,0.0,39.2,29.7,7.78,0.105,Mahabubabad,TS
2019-06-15,0.0,40.9,31.5,8.97,0.107,Mahabubabad,TS
2019-06-16,0.0,40.2,32.3,8.97,0.109,Mahabubabad,TS
2019-06-17,1.4,36.1,27.2,4.48,0.12,Mahabubabad,TS
2019-06-18,0.1,38.8,26.7,6.26,0.137,Mahabubabad,TS
2019-06-19,0.0,40.3,31.1,7.66,0.129,Mahabubabad,TS
2019-06-20,7.9,37.7,27.7,5.92,0.136,Mahabubabad,TS
2019-06-21,6.6,30.9,25.9,2.39,0.225,Mahabubabad,TS
2019-06-22,8.2,31.2,26.1,2.49,0.286,Mahabubabad,TS
2019-06-23,1.8,32.2,25.4,3.15,0.299,Mahabubabad,TS
2019-06-24,2.4,34.7,25.9,5.19,0.264,Mahabubabad,TS
2019-06-25,5.3,33.6,25.7,4.74,0.267,Mahabubabad,TS
2019-06-26,2.9,35.2,25.8,4.69,0.272,Mahabubabad,TS
2019-06-27,0.4,36.4,27.7,5.49,0.25,Mahabubabad,TS
2019-06-28,0.7,35.2,28.0,5.26,0.222,Mahabubabad,TS
2019-06-29,9.2,29.4,25.9,2.69,0.286,Mahabubabad,TS
2019-06-30,21.5,29.7,24.4,2.81,0.34,Mahabubabad,TS
2019-07-01,16.8,30.3,24.2,2.55,0.387,Mahabubabad,TS
2019-07-02,9.9,29.1,24.8,2.31,0.391,Mahabubabad,TS
2019-07-03,1.3,31.2,24.4,3.24,0.378,Mahabubabad,TS
2019-07-04,0.7,33.1,26.0,5.52,0.345,Mahabubabad,TS
2019-07-05,3.2,31.9,27.4,3.79,0.326,Mahabubabad,TS
2019-07-06,1.9,30.7,25.1,3.49,0.332,Mahabubabad,TS
2019-07-07,0.2,32.5,26.6,4.88,0.318,Mahabubabad,TS
2019-07-08,0.0,34.4,27.1,6.11,0.301,Mahabubabad,TS
2019-07-09,2.8,31.8,26.3,3.85,0.297,Mahabubabad,TS
2019-07-10,0.4,34.6,27.1,5.99,0.285,Mahabubabad,TS
2019-07-11,2.7,33.7,26.8,5.26,0.284,Mahabubabad,TS
2019-07-12,0.9,33.5,26.0,5.27,0.28,Mahabubabad,TS
2019-07-13,0.1,34.1,26.9,4.51,0.269,Mahabubabad,TS
2019-07-14,6.5,31.9,24.5,3.25,0.286,Mahabubabad,TS
2019-07-15,1.9,34.4,25.5,5.08,0.286,Mahabubabad,TS
2019-07-16,0.4,35.2,26.0,5.6,0.271,Mahabubabad,TS
2019-07-17,0.0,35.7,28.1,5.74,0.254,Mahabubabad,TS
2019-07-18,4.2,35.2,27.3,4.62,0.25,Mahabubabad,TS
2019-07-19,36.6,32.0,24.7,2.68,0.383,Mahabubabad,TS
2019-07-20,10.6,31.7,24.8,3.39,0.357,Mahabubabad,TS
2019-07-21,2.7,32.7,25.5,4.79,0.322,Mahabubabad,TS
2019-07-22,10.6,32.8,24.6,4.38,0.333,Mahabubabad,TS
2019-07-23,2.2,32.9,24.9,4.53,0.328,Mahabubabad,TS
2019-07-24,0.3,34.3,26.2,5.35,0.302,Mahabubabad,TS
2019-07-25,20.4,32.4,25.6,3.77,0.329,Mahabubabad,TS
2019-07-26,38.0,26.2,24.7,1.06,0.426,Mahabubabad,TS
2019-07-27,13.6,28.3,23.9,2.16,0.419,Mahabubabad,TS
2019-07-28,30.6,26.3,23.9,1.33,0.427,Mahabubabad,TS
2019-07-29,14.9,26.0,24.1,1.53,0.423,Mahabubabad,TS
2019-07-30,4.4,29.0,23.6,3.24,0.411,Mahabubabad,TS
2019-07-31,9.5,31.9,25.0,4.39,0.399,Mahabubabad,TS
2019-08-01,3.6,30.6,25.0,3.57,0.384,Mahabubabad,TS
2019-08-02,51.8,25.2,23.8,1.33,0.427,Mahabubabad,TS
2019-08-03,17.5,27.2,23.5,2.23,0.425,Mahabubabad,TS
2019-08-04,6.7,30.3,23.5,3.44,0.418,Mahabubabad,TS
2019-08-05,4.8,31.5,24.1,4.52,0.409,Mahabubabad,TS
2019-08-06,39.4,27.2,24.2,1.56,0.426,Mahabubabad,TS
2019-08-07,32.6,26.7,24.1,1.64,0.43,Mahabubabad,TS
2019-08-08,6.0,31.1,23.8,3.84,0.422,Mahabubabad,TS
2019-08-09,0.5,31.7,25.9,4.52,0.408,Mahabubabad,TS
2019-08-10,0.6,32.4,25.5,4.99,0.394,Mahabubabad,TS
2019-08-11,0.0,32.7,26.0,5.6,0.378,Mahabubabad,TS
2019-08-12,1.0,32.3,26.2,4.23,0.363,Mahabubabad,TS
2019-08-13,5.5,30.9,25.0,2.61,0.384,Mahabubabad,TS
2019-08-14,2.8,32.0,24.8,3.59,0.386,Mahabubabad,TS
2019-08-15,3.6,32.8,24.6,4.31,0.389,Mahabubabad,TS
2019-08-16,1.6,33.0,25.5,4.2,0.373,Mahabubabad,TS
2019-08-17,5.9,31.8,25.0,3.45,0.381,Mahabubabad,TS
2019-08-18,6.1,29.4,25.6,2.48,0.381,Mahabubabad,TS
2019-08-19,3.4,32.9,24.9,4.23,0.372,Mahabubabad,TS
2019-08-20,8.2,30.4,25.7,3.46,0.382,Mahabubabad,TS
2019-08-21,5.5,29.4,25.4,2.8,0.39,Mahabubabad,TS
2019-08-22,5.1,30.9,24.9,4.04,0.385,Mahabubabad,TS
2019-08-23,9.5,27.6,24.4,1.81,0.404,Mahabubabad,TS
2019-08-24,0.8,30.8,24.3,3.61,0.402,Mahabubabad,TS
2019-08-25,0.0,31.7,25.6,4.36,0.382,Mahabubabad,TS
2019-08-26,0.3,32.1,24.5,3.67,0.369,Mahabubabad,TS
2019-08-27,0.0,33.4,24.4,6.11,0.354,Mahabubabad,TS
2019-08-28,0.1,33.4,25.1,5.53,0.34,Mahabubabad,TS
2019-08-29,1.6,33.4,25.2,4.67,0.331,Mahabubabad,TS
2019-08-30,12.3,32.2,25.0,3.67,0.344,Mahabubabad,TS
2019-08-31,15.3,29.6,25.1,2.35,0.376,Mahabubabad,TS
2019-09-01,10.7,28.6,24.4,1.91,0.397,Mahabubabad,TS
2019-09-02,55.0,27.5,24.2,1.95,0.423,Mahabubabad,TS
2019-09-03,24.2,27.1,24.3,1.47,0.428,Mahabubabad,TS
2019-09-04,4.9,28.5,24.1,3.2,0.42,Mahabubabad,TS
2019-09-05,1.4,31.0,24.4,3.65,0.409,Mahabubabad,TS
2019-09-06,10.3,28.6,24.6,1.87,0.415,Mahabubabad,TS
2019-09-07,7.4,28.9,24.5,2.31,0.416,Mahabubabad,TS
2019-09-08,2.5,30.3,24.5,3.48,0.41,Mahabubabad,TS
2019-09-09,0.3,32.4,25.3,4.64,0.402,Mahabubabad,TS
2019-09-10,0.0,32.4,25.4,5.06,0.385,Mahabubabad,TS
2019-09-11,0.4,32.4,25.9,4.8,0.378,Mahabubabad,TS
2019-09-12,0.1,31.0,25.2,3.73,0.375,Mahabubabad,TS
2019-09-13,0.4,32.0,25.1,4.5,0.364,Mahabubabad,TS
2019-09-14,0.8,32.1,24.7,4.42,0.351,Mahabubabad,TS
2019-09-15,10.2,31.5,24.2,3.86,0.379,Mahabubabad,TS
2019-09-16,7.9,32.3,24.9,3.76,0.393,Mahabubabad,TS
2019-09-17,27.2,29.9,24.7,2.77,0.409,Mahabubabad,TS
2019-09-18,19.4,30.3,23.8,2.85,0.417,Mahabubabad,TS
2019-09-19,21.6,29.2,24.0,3.22,0.419,Mahabubabad,TS
2019-09-20,24.5,29.8,23.3,3.23,0.421,Mahabubabad,TS
2019-09-21,24.4,31.3,24.1,3.46,0.423,Mahabubabad,TS
2019-09-22,11.0,31.4,24.4,3.72,0.417,Mahabubabad,TS
2019-09-23,24.9,30.7,23.9,3.77,0.421,Mahabubabad,TS
2019-09-24,25.5,28.4,23.8,2.45,0.427,Mahabubabad,TS
2019-09-25,12.3,27.4,23.6,2.01,0.423,Mahabubabad,TS
2019-09-26,6.4,29.8,23.9,3.34,0.418,Mahabubabad,TS
2019-09-27,6.2,30.0,23.6,3.14,0.416,Mahabubabad,TS
2019-09-28,0.5,30.3,24.3,3.82,0.392,Mahabubabad,TS
2019-09-29,2.3,30.7,24.0,3.99,0.382,Mahabubabad,TS
2019-09-30,3.4,30.8,23.9,3.84,0.385,Mahabubabad,TS
2019-10-01,8.2,30.3,24.0,3.49,0.391,Mahabubabad,TS
2019-10-02,1.9,31.3,24.1,3.46,0.382,Mahabubabad,TS
2019-10-03,3.1,30.2,24.2,2.81,0.38,Mahabubabad,TS
2019-10-04,1.6,30.3,24.0,3.16,0.379,Mahabubabad,TS
2019-10-05,2.9,31.3,23.4,3.84,0.38,Mahabubabad,TS
2019-10-06,2.9,30.1,23.3,3.26,0.4,Mahabubabad,TS
2019-10-07,12.8,31.5,23.5,3.7,0.403,Mahabubabad,TS
2019-10-08,25.4,30.0,23.7,2.9,0.405,Mahabubabad,TS
2019-10-09,5.3,29.7,23.1,3.13,0.412,Mahabubabad,TS
2019-10-10,13.5,29.5,22.9,2.95,0.417,Mahabubabad,TS
2019-10-11,5.1,29.1,23.1,2.63,0.417,Mahabubabad,TS
2019-10-12,3.9,30.1,23.1,3.01,0.413,Mahabubabad,TS
2019-10-13,7.2,30.9,23.3,3.37,0.411,Mahabubabad,TS
2019-10-14,5.3,30.0,23.9,2.86,0.4,Mahabubabad,TS
2019-10-15,3.5,31.4,23.6,3.55,0.391,Mahabubabad,TS
2019-10-16,6.3,28.2,23.1,2.36,0.405,Mahabubabad,TS
2019-10-17,10.7,29.0,23.1,2.78,0.406,Mahabubabad,TS
2019-10-18,5.8,30.1,23.0,3.53,0.403,Mahabubabad,TS
2019-10-19,1.6,30.2,22.2,3.4,0.408,Mahabubabad,TS
2019-10-20,12.0,29.9,23.3,2.82,0.421,Mahabubabad,TS
2019-10-21,3.0,29.4,22.8,2.68,0.416,Mahabubabad,TS
2019-10-22,3.7,27.6,23.6,1.64,0.41,Mahabubabad,TS
2019-10-23,11.7,26.4,23.4,1.23,0.418,Mahabubabad,TS
2019-10-24,4.5,30.1,23.4,2.91,0.411,Mahabubabad,TS
2019-10-25,14.9,29.4,22.8,2.7,0.419,Mahabubabad,TS
2019-10-26,21.9,28.1,23.0,2.12,0.413,Mahabubabad,TS
2019-10-27,9.1,30.0,23.2,3.04,0.401,Mahabubabad,TS
2019-10-28,3.2,30.2,23.1,3.46,0.388,Mahabubabad,TS
2019-10-29,11.8,30.4,23.2,3.18,0.408,Mahabubabad,TS
2019-10-30,3.6,29.2,22.6,3.09,0.402,Mahabubabad,TS
2019-10-31,3.1,28.4,23.7,2.37,0.401,Mahabubabad,TS
2019-11-01,0.7,30.6,23.4,3.6,0.39,Mahabubabad,TS
2019-11-02,7.3,30.1,23.0,3.16,0.392,Mahabubabad,TS
2019-11-03,8.2,30.4,22.8,3.24,0.393,Mahabubabad,TS
2019-11-04,0.0,32.2,22.1,4.19,0.383,Mahabubabad,TS
2019-11-05,0.0,32.0,23.3,4.29,0.371,Mahabubabad,TS
2019-11-06,1.1,30.9,22.8,3.78,0.357,Mahabubabad,TS
2019-11-07,0.0,30.8,22.0,3.83,0.344,Mahabubabad,TS
2019-11-08,0.0,31.6,21.9,4.28,0.334,Mahabubabad,TS
2019-11-09,0.0,31.2,21.5,4.6,0.326,Mahabubabad,TS
2019-11-10,0.0,31.3,20.4,4.48,0.314,Mahabubabad,TS
2019-11-11,0.0,30.7,22.8,3.62,0.313,Mahabubabad,TS
2019-11-12,0.4,30.0,21.4,3.41,0.315,Mahabubabad,TS
2019-11-13,0.0,30.2,20.2,3.9,0.312,Mahabubabad,TS
2019-11-14,0.0,30.1,21.2,3.73,0.308,Mahabubabad,TS
2019-11-15,0.0,30.7,21.7,3.17,0.301,Mahabubabad,TS
2019-11-16,0.0,31.3,21.8,3.5,0.294,Mahabubabad,TS
2019-11-17,0.0,32.5,20.5,4.32,0.288,Mahabubabad,TS
2019-11-18,0.0,32.0,21.5,4.13,0.277,Mahabubabad,TS
2019-11-19,0.7,30.0,22.0,3.21,0.269,Mahabubabad,TS
2019-11-20,0.1,30.2,22.2,3.19,0.263,Mahabubabad,TS
2019-11-21,0.0,30.4,21.3,3.54,0.26,Mahabubabad,TS
2019-11-22,0.0,30.2,20.6,3.66,0.258,Mahabubabad,TS
2019-11-23,0.0,30.4,19.7,3.81,0.256,Mahabubabad,TS
2019-11-24,0.0,29.8,20.1,3.5,0.248,Mahabubabad,TS
2019-11-25,0.0,30.1,19.7,3.74,0.248,Mahabubabad,TS
2019-11-26,0.0,30.0,19.3,3.87,0.246,Mahabubabad,TS
2019-11-27,0.0,30.1,20.0,3.65,0.244,Mahabubabad,TS
2019-11-28,0.0,30.1,20.6,3.62,0.239,Mahabubabad,TS
2019-11-29,0.0,30.8,20.1,3.44,0.236,Mahabubabad,TS
2019-11-30,0.2,30.4,20.3,3.43,0.23,Mahabubabad,TS
2019-12-01,2.8,29.3,21.9,2.67,0.233,Mahabubabad,TS
2019-12-02,6.2,24.9,21.8,1.01,0.295,Mahabubabad,TS
2019-12-03,0.1,28.0,21.9,2.42,0.318,Mahabubabad,TS
2019-12-04,0.0,29.6,20.3,3.38,0.295,Mahabubabad,TS
2019-12-05,0.1,28.5,20.2,2.8,0.28,Mahabubabad,TS
2019-12-06,0.0,27.4,19.4,2.8,0.269,Mahabubabad,TS
2019-12-07,0.0,28.6,17.8,3.7,0.261,Mahabubabad,TS
2019-12-08,0.0,28.1,19.6,2.66,0.254,Mahabubabad,TS
2019-12-09,0.1,28.7,20.1,2.99,0.249,Mahabubabad,TS
2019-12-10,0.0,28.7,19.1,3.22,0.244,Mahabubabad,TS
2019-12-11,0.0,28.6,19.5,3.02,0.238,Mahabubabad,TS
2019-12-12,0.3,28.3,19.7,3.25,0.234,Mahabubabad,TS
2019-12-13,0.0,29.4,19.8,3.54,0.233,Mahabubabad,TS
2019-12-14,0.2,29.1,20.7,3.26,0.23,Mahabubabad,TS
2019-12-15,0.0,29.3,19.5,3.44,0.226,Mahabubabad,TS
2019-12-16,0.0,29.7,19.7,3.47,0.222,Mahabubabad,TS
2019-12-17,0.0,29.9,19.0,3.31,0.219,Mahabubabad,TS
2019-12-18,0.2,27.7,19.4,2.54,0.22,Mahabubabad,TS
2019-12-19,0.0,28.0,19.6,2.44,0.221,Mahabubabad,TS
2019-12-20,0.0,28.8,18.5,3.39,0.215,Mahabubabad,TS
2019-12-21,0.0,28.3,18.9,2.93,0.211,Mahabubabad,TS
2019-12-22,0.3,28.9,20.5,3.16,0.214,Mahabubabad,TS
2019-12-23,0.0,25.7,18.8,1.75,0.213,Mahabubabad,TS
2019-12-24,0.3,28.0,18.6,2.59,0.211,Mahabubabad,TS
2019-12-25,0.0,29.6,19.0,3.66,0.208,Mahabubabad,TS
2019-12-26,0.0,28.1,19.9,2.73,0.208,Mahabubabad,TS
2019-12-27,0.0,27.4,20.2,2.5,0.209,Mahabubabad,TS
2019-12-28,0.0,27.2,19.4,3.26,0.211,Mahabubabad,TS
2019-12-29,0.0,26.8,18.3,2.6,0.214,Mahabubabad,TS
2019-12-30,0.0,28.0,17.6,3.58,0.214,Mahabubabad,TS
2019-12-31,0.0,27.9,18.8,3.69,0.213,Mahabubabad,TS
2020-01-01,1.5,28.3,19.9,3.14,0.213,Mahabubabad,TS
2020-01-02,0.3,28.3,21.1,3.02,0.211,Mahabubabad,TS
2020-01-03,5.6,27.6,20.4,2.23,0.218,Mahabubabad,TS
2020-01-04,0.2,27.6,19.1,2.37,0.24,Mahabubabad,TS
2020-01-05,0.0,28.5,19.7,3.81,0.244,Mahabubabad,TS
2020-01-06,0.2,27.7,19.3,2.61,0.236,Mahabubabad,TS
2020-01-07,4.2,28.5,21.3,2.74,0.256,Mahabubabad,TS
2020-01-08,0.0,27.6,19.9,2.84,0.254,Mahabubabad,TS
2020-01-09,0.1,26.9,19.8,2.01,0.249,Mahabubabad,TS
2020-01-10,3.2,25.6,19.9,1.41,0.276,Mahabubabad,TS
2020-01-11,0.0,28.6,17.6,4.03,0.264,Mahabubabad,TS
2020-01-12,0.0,28.6,16.3,4.22,0.25,Mahabubabad,TS
2020-01-13,0.0,29.1,15.4,3.91,0.236,Mahabubabad,TS
2020-01-14,0.2,29.2,18.1,3.54,0.227,Mahabubabad,TS
2020-01-15,0.0,28.7,17.8,3.98,0.223,Mahabubabad,TS
2020-01-16,0.0,28.7,17.5,3.92,0.22,Mahabubabad,TS
2020-01-17,0.0,29.2,19.4,3.27,0.218,Mahabubabad,TS
2020-01-18,0.1,30.3,20.4,3.82,0.213,Mahabubabad,TS
2020-01-19,0.4,28.3,21.1,2.65,0.217,Mahabubabad,TS
2020-01-20,0.2,29.0,19.8,3.01,0.218,Mahabubabad,TS
2020-01-21,0.0,29.8,20.4,3.53,0.217,Mahabubabad,TS
2020-01-22,0.0,30.3,20.3,3.8,0.218,Mahabubabad,TS
2020-01-23,0.0,29.9,19.7,3.66,0.212,Mahabubabad,TS
2020-01-24,0.0,31.1,19.5,4.2,0.206,Mahabubabad,TS
2020-01-25,0.0,31.2,20.5,3.95,0.203,Mahabubabad,TS
2020-01-26,0.0,31.4,19.7,4.11,0.202,Mahabubabad,TS
2020-01-27,0.0,32.0,19.0,4.35,0.202,Mahabubabad,TS
2020-01-28,0.0,31.3,21.6,4.4,0.2,Mahabubabad,TS
2020-01-29,1.7,30.8,21.7,3.65,0.208,Mahabubabad,TS
2020-01-30,1.2,29.8,21.2,3.23,0.216,Mahabubabad,TS
2020-01-31,0.0,30.9,19.4,4.29,0.214,Mahabubabad,TS
2020-02-01,1.6,29.8,21.5,3.02,0.217,Mahabubabad,TS
2020-02-02,0.9,29.3,20.7,3.64,0.215,Mahabubabad,TS
2020-02-03,0.2,30.8,21.0,3.86,0.214,Mahabubabad,TS
2020-02-04,0.6,30.4,21.7,4.15,0.216,Mahabubabad,TS
2020-02-05,0.0,31.2,21.1,4.28,0.214,Mahabubabad,TS
2020-02-06,0.0,31.9,20.1,4.84,0.214,Mahabubabad,TS
2020-02-07,0.5,29.7,21.7,3.63,0.21,Mahabubabad,TS
2020-02-08,4.8,27.9,21.4,2.74,0.228,Mahabubabad,TS
2020-02-09,3.0,25.8,19.8,2.1,0.291,Mahabubabad,TS
2020-02-10,2.2,27.7,20.4,3.08,0.29,Mahabubabad,TS
2020-02-11,1.7,28.2,21.1,3.19,0.288,Mahabubabad,TS
2020-02-12,0.8,28.0,20.4,3.12,0.276,Mahabubabad,TS
2020-02-13,0.0,30.9,18.8,5.01,0.262,Mahabubabad,TS
2020-02-14,0.0,31.9,17.4,5.06,0.251,Mahabubabad,TS
2020-02-15,0.0,33.0,17.5,4.65,0.24,Mahabubabad,TS
2020-02-16,0.0,32.2,19.1,4.74,0.228,Mahabubabad,TS
2020-02-17,0.0,32.1,19.4,4.83,0.218,Mahabubabad,TS
2020-02-18,0.0,32.4,18.5,4.78,0.212,Mahabubabad,TS
2020-02-19,0.0,31.8,19.9,4.64,0.212,Mahabubabad,TS
2020-02-20,0.0,32.0,20.8,4.94,0.209,Mahabubabad,TS
2020-02-21,0.0,31.5,20.1,5.11,0.209,Mahabubabad,TS
2020-02-22,0.0,32.1,18.6,4.96,0.206,Mahabubabad,TS
2020-02-23,0.0,31.7,20.2,4.97,0.203,Mahabubabad,TS
2020-02-24,0.0,32.5,21.1,5.31,0.203,Mahabubabad,TS
2020-02-25,1.7,30.8,22.0,3.7,0.205,Mahabubabad,TS
2020-02-26,0.3,31.9,20.7,4.75,0.208,Mahabubabad,TS
2020-02-27,0.0,32.6,19.9,5.84,0.202,Mahabubabad,TS
2020-02-28,0.6,31.7,20.9,4.34,0.2,Mahabubabad,TS
2020-02-29,0.5,30.9,21.3,4.29,0.199,Mahabubabad,TS
2020-03-01,0.1,31.7,20.8,4.37,0.197,Mahabubabad,TS
2020-03-02,0.0,30.8,21.9,3.71,0.196,Mahabubabad,TS
2020-03-03,0.2,32.6,21.2,4.72,0.195,Mahabubabad,TS
2020-03-04,0.0,33.2,22.2,5.22,0.194,Mahabubabad,TS
2020-03-05,0.7,32.2,22.3,4.81,0.196,Mahabubabad,TS
2020-03-06,4.8,29.4,23.0,3.43,0.216,Mahabubabad,TS
2020-03-07,4.9,29.9,22.8,3.29,0.245,Mahabubabad,TS
2020-03-08,0.0,31.2,22.4,3.96,0.241,Mahabubabad,TS
2020-03-09,0.4,31.6,22.7,4.4,0.236,Mahabubabad,TS
2020-03-10,0.0,33.1,22.6,5.32,0.233,Mahabubabad,TS
2020-03-11,0.7,31.7,22.2,3.98,0.228,Mahabubabad,TS
2020-03-12,0.1,33.0,22.4,4.62,0.224,Mahabubabad,TS
2020-03-13,0.0,33.8,22.3,5.5,0.218,Mahabubabad,TS
2020-03-14,0.0,34.3,21.3,4.97,0.211,Mahabubabad,TS
2020-03-15,0.0,33.8,21.4,5.32,0.206,Mahabubabad,TS
2020-03-16,0.0,34.3,22.7,5.22,0.201,Mahabubabad,TS
2020-03-17,0.0,35.3,23.1,5.75,0.198,Mahabubabad,TS
2020-03-18,0.0,35.5,22.0,5.59,0.193,Mahabubabad,TS
2020-03-19,0.1,35.3,23.6,5.11,0.189,Mahabubabad,TS
2020-03-20,0.1,35.0,23.9,5.7,0.187,Mahabubabad,TS
2020-03-21,0.0,34.2,23.4,5.39,0.185,Mahabubabad,TS
2020-03-22,0.0,33.9,23.8,4.96,0.18,Mahabubabad,TS
2020-03-23,0.1,34.4,23.4,5.15,0.179,Mahabubabad,TS
2020-03-24,0.0,35.1,23.3,5.45,0.18,Mahabubabad,TS
2020-03-25,0.0,35.6,23.7,5.78,0.178,Mahabubabad,TS
2020-03-26,0.0,35.7,24.1,5.45,0.174,Mahabubabad,TS
2020-03-27,0.0,36.5,24.2,6.07,0.173,Mahabubabad,TS
2020-03-28,0.0,36.7,23.8,5.67,0.169,Mahabubabad,TS
2020-03-29,0.0,37.9,23.9,5.84,0.162,Mahabubabad,TS
2020-03-30,0.0,37.5,24.5,5.42,0.161,Mahabubabad,TS
2020-03-31,0.0,37.6,24.4,5.8,0.163,Mahabubabad,TS
2020-04-01,0.0,37.4,24.9,5.61,0.165,Mahabubabad,TS
2020-04-02,0.0,37.9,25.5,5.98,0.164,Mahabubabad,TS
2020-04-03,0.0,37.1,25.6,5.53,0.165,Mahabubabad,TS
2020-04-04,0.0,35.9,24.7,4.83,0.174,Mahabubabad,TS
2020-04-05,0.0,36.9,24.3,6.26,0.175,Mahabubabad,TS
2020-04-06,0.0,36.7,25.2,4.97,0.177,Mahabubabad,TS
2020-04-07,0.0,36.8,25.2,6.0,0.178,Mahabubabad,TS
2020-04-08,0.3,34.6,26.1,5.38,0.18,Mahabubabad,TS
2020-04-09,0.5,33.5,25.4,5.01,0.18,Mahabubabad,TS
2020-04-10,0.0,36.1,23.7,6.01,0.184,Mahabubabad,TS
2020-04-11,0.0,36.8,24.3,5.5,0.18,Mahabubabad,TS
2020-04-12,0.0,37.5,24.3,6.08,0.174,Mahabubabad,TS
2020-04-13,0.0,38.5,24.0,5.97,0.166,Mahabubabad,TS
2020-04-14,0.0,37.9,24.2,6.55,0.159,Mahabubabad,TS
2020-04-15,0.0,38.1,24.5,6.42,0.154,Mahabubabad,TS
2020-04-16,0.0,38.3,24.4,6.41,0.154,Mahabubabad,TS
2020-04-17,0.0,38.1,24.4,6.5,0.158,Mahabubabad,TS
2020-04-18,0.2,37.7,25.7,5.98,0.158,Mahabubabad,TS
2020-04-19,0.0,36.6,25.0,5.8,0.163,Mahabubabad,TS
2020-04-20,0.0,37.4,25.2,6.13,0.163,Mahabubabad,TS
2020-04-21,0.0,37.4,25.0,6.31,0.156,Mahabubabad,TS
2020-04-22,0.0,37.4,25.4,6.71,0.149,Mahabubabad,TS
2020-04-23,0.0,38.3,26.0,6.34,0.146,Mahabubabad,TS
2020-04-24,0.2,37.8,26.7,6.05,0.146,Mahabubabad,TS
2020-04-25,0.2,36.4,27.0,5.75,0.168,Mahabubabad,TS
2020-04-26,0.8,35.9,27.0,5.26,0.232,Mahabubabad,TS
2020-04-27,2.1,33.1,26.4,4.68,0.259,Mahabubabad,TS
2020-04-28,0.1,35.6,25.6,5.36,0.246,Mahabubabad,TS
2020-04-29,0.0,35.1,25.4,5.19,0.234,Mahabubabad,TS
2020-04-30,0.0,37.4,25.8,5.94,0.22,Mahabubabad,TS
2020-05-01,0.0,37.9,26.3,5.87,0.208,Mahabubabad,TS
2020-05-02,0.8,37.4,26.3,5.85,0.204,Mahabubabad,TS
2020-05-03,0.0,39.2,26.8,6.23,0.191,Mahabubabad,TS
2020-05-04,0.0,39.1,27.0,6.62,0.18,Mahabubabad,TS
2020-05-05,0.0,38.7,27.0,6.51,0.177,Mahabubabad,TS
2020-05-06,0.4,38.1,27.2,6.15,0.172,Mahabubabad,TS
2020-05-07,0.0,37.5,27.1,5.89,0.181,Mahabubabad,TS
2020-05-08,0.0,38.1,27.2,6.15,0.176,Mahabubabad,TS
2020-05-09,0.0,39.1,27.1,6.14,0.167,Mahabubabad,TS
2020-05-10,0.5,38.4,26.5,5.87,0.161,Mahabubabad,TS
2020-05-11,0.0,37.5,25.8,6.13,0.147,Mahabubabad,TS
2020-05-12,0.0,38.4,26.9,6.51,0.143,Mahabubabad,TS
2020-05-13,0.0,38.2,26.8,6.22,0.14,Mahabubabad,TS
2020-05-14,0.0,39.2,26.6,6.77,0.136,Mahabubabad,TS
2020-05-15,0.0,39.2,26.8,6.19,0.132,Mahabubabad,TS
2020-05-16,1.0,39.2,28.4,5.85,0.13,Mahabubabad,TS
2020-05-17,0.0,38.6,26.7,5.65,0.22,Mahabubabad,TS
2020-05-18,0.1,38.5,27.3,5.61,0.232,Mahabubabad,TS
2020-05-19,0.0,39.1,28.6,7.21,0.223,Mahabubabad,TS
2020-05-20,0.0,40.7,26.4,7.51,0.217,Mahabubabad,TS
2020-05-21,0.0,41.3,26.9,8.65,0.208,Mahabubabad,TS
2020-05-22,0.0,41.7,24.7,7.35,0.197,Mahabubabad,TS
2020-05-23,0.0,40.5,26.1,6.78,0.188,Mahabubabad,TS
2020-05-24,0.0,40.4,27.6,6.58,0.177,Mahabubabad,TS
2020-05-25,0.0,39.0,28.0,6.42,0.17,Mahabubabad,TS
2020-05-26,0.1,39.3,27.9,6.58,0.166,Mahabubabad,TS
2020-05-27,0.0,40.4,28.4,6.94,0.16,Mahabubabad,TS
2020-05-28,0.0,41.4,28.5,6.48,0.157,Mahabubabad,TS
2020-05-29,0.0,40.7,28.8,6.75,0.154,Mahabubabad,TS
2020-05-30,0.1,38.5,28.3,5.74,0.158,Mahabubabad,TS
2020-05-31,33.6,35.2,27.2,3.58,0.234,Mahabubabad,TS
2020-06-01,5.3,34.6,26.3,4.48,0.282,Mahabubabad,TS
2020-06-02,10.7,34.7,24.7,4.67,0.335,Mahabubabad,TS
2020-06-03,4.4,33.4,25.3,4.73,0.358,Mahabubabad,TS
2020-06-04,0.6,34.2,26.3,5.99,0.33,Mahabubabad,TS
2020-06-05,0.0,35.7,27.3,5.98,0.309,Mahabubabad,TS
2020-06-06,0.0,36.2,27.5,6.24,0.29,Mahabubabad,TS
2020-06-07,0.0,36.9,28.7,6.85,0.273,Mahabubabad,TS
2020-06-08,0.0,36.3,28.3,6.05,0.262,Mahabubabad,TS
2020-06-09,5.4,37.8,26.3,6.05,0.262,Mahabubabad,TS
2020-06-10,14.6,34.7,25.7,3.2,0.322,Mahabubabad,TS
2020-06-11,17.5,29.8,25.2,2.57,0.384,Mahabubabad,TS
2020-06-12,20.9,29.9,24.5,2.27,0.414,Mahabubabad,TS
2020-06-13,0.0,33.1,25.5,4.68,0.386,Mahabubabad,TS
2020-06-14,2.2,34.6,26.8,5.38,0.359,Mahabubabad,TS
2020-06-15,4.0,33.2,26.8,4.45,0.357,Mahabubabad,TS
2020-06-16,15.9,32.5,25.8,2.77,0.396,Mahabubabad,TS
2020-06-17,5.4,31.8,25.3,3.28,0.396,Mahabubabad,TS
2020-06-18,2.9,31.7,25.1,3.22,0.382,Mahabubabad,TS
2020-06-19,2.4,33.9,25.2,4.28,0.378,Mahabubabad,TS
2020-06-20,1.6,34.2,26.3,4.83,0.365,Mahabubabad,TS
2020-06-21,4.1,29.2,26.1,2.36,0.367,Mahabubabad,TS
2020-06-22,2.0,30.7,25.8,3.3,0.362,Mahabubabad,TS
2020-06-23,1.6,33.8,26.0,4.79,0.341,Mahabubabad,TS
2020-06-24,3.9,34.2,25.9,4.74,0.328,Mahabubabad,TS
2020-06-25,4.3,33.7,25.7,5.42,0.313,Mahabubabad,TS
2020-06-26,1.2,32.9,25.6,4.99,0.291,Mahabubabad,TS
2020-06-27,0.9,34.1,26.2,4.81,0.284,Mahabubabad,TS
2020-06-28,3.2,33.7,25.7,4.32,0.326,Mahabubabad,TS
2020-06-29,10.2,32.2,24.9,3.61,0.373,Mahabubabad,TS
2020-06-30,3.7,32.2,25.0,3.57,0.361,Mahabubabad,TS
2020-07-01,9.2,33.4,24.9,4.35,0.378,Mahabubabad,TS
2020-07-02,6.5,32.2,25.7,3.83,0.39,Mahabubabad,TS
2020-07-03,2.4,33.8,26.2,4.53,0.37,Mahabubabad,TS
2020-07-04,26.8,27.2,25.1,1.36,0.417,Mahabubabad,TS
2020-07-05,26.2,26.9,24.4,1.22,0.423,Mahabubabad,TS
2020-07-06,3.7,29.1,24.5,1.78,0.413,Mahabubabad,TS
2020-07-07,0.0,32.2,25.3,4.43,0.385,Mahabubabad,TS
2020-07-08,1.8,33.1,25.6,4.6,0.369,Mahabubabad,TS
2020-07-09,16.3,30.6,25.2,1.78,0.401,Mahabubabad,TS
2020-07-10,11.3,30.3,25.0,3.09,0.41,Mahabubabad,TS
2020-07-11,2.0,32.3,24.9,4.1,0.39,Mahabubabad,TS
2020-07-12,3.6,33.0,25.7,3.66,0.386,Mahabubabad,TS
2020-07-13,8.7,30.1,25.8,2.78,0.402,Mahabubabad,TS
2020-07-14,40.7,30.8,25.2,2.33,0.42,Mahabubabad,TS
2020-07-15,33.6,26.8,24.7,1.28,0.428,Mahabubabad,TS
2020-07-16,3.0,28.7,23.9,1.89,0.414,Mahabubabad,TS
2020-07-17,1.0,32.4,24.8,4.61,0.392,Mahabubabad,TS
2020-07-18,1.1,32.5,25.1,4.91,0.378,Mahabubabad,TS
2020-07-19,6.8,31.8,25.5,3.86,0.377,Mahabubabad,TS
2020-07-20,10.5,31.1,25.2,3.35,0.395,Mahabubabad,TS
2020-07-21,2.0,32.3,24.8,4.17,0.385,Mahabubabad,TS
2020-07-22,4.1,32.5,25.7,3.77,0.368,Mahabubabad,TS
2020-07-23,27.0,27.3,24.7,1.29,0.417,Mahabubabad,TS
2020-07-24,0.2,32.1,24.4,4.06,0.403,Mahabubabad,TS
2020-07-25,5.8,30.1,24.8,2.26,0.405,Mahabubabad,TS
2020-07-26,0.1,33.4,24.5,5.21,0.375,Mahabubabad,TS
2020-07-27,0.0,34.0,25.3,4.99,0.356,Mahabubabad,TS
2020-07-28,12.0,33.2,24.9,4.22,0.375,Mahabubabad,TS
2020-07-29,12.2,31.8,25.0,4.0,0.385,Mahabubabad,TS
2020-07-30,3.6,32.9,24.9,4.61,0.379,Mahabubabad,TS
2020-07-31,5.2,32.3,25.5,4.09,0.381,Mahabubabad,TS
2020-08-01,9.3,31.6,24.6,3.47,0.388,Mahabubabad,TS
2020-08-02,3.2,33.4,25.2,4.5,0.371,Mahabubabad,TS
2020-08-03,3.9,32.7,25.3,3.93,0.39,Mahabubabad,TS
2020-08-04,13.8,28.8,24.7,2.28,0.402,Mahabubabad,TS
2020-08-05,10.2,29.7,24.2,2.68,0.42,Mahabubabad,TS
2020-08-06,2.7,31.6,24.1,4.45,0.405,Mahabubabad,TS
2020-08-07,0.5,33.7,25.5,5.08,0.384,Mahabubabad,TS
2020-08-08,0.6,31.2,26.8,3.55,0.37,Mahabubabad,TS
2020-08-09,4.3,33.3,24.9,4.61,0.372,Mahabubabad,TS
2020-08-10,15.6,30.2,24.6,2.39,0.415,Mahabubabad,TS
2020-08-11,2.0,31.7,24.4,3.83,0.392,Mahabubabad,TS
2020-08-12,16.2,29.1,25.0,2.17,0.415,Mahabubabad,TS
2020-08-13,35.5,26.2,23.9,1.36,0.427,Mahabubabad,TS
2020-08-14,28.4,26.8,23.2,1.4,0.428,Mahabubabad,TS
2020-08-15,51.2,25.5,23.3,1.28,0.429,Mahabubabad,TS
2020-08-16,29.3,27.5,23.4,1.9,0.427,Mahabubabad,TS
2020-08-17,17.9,28.3,24.0,2.44,0.425,Mahabubabad,TS
2020-08-18,1.8,31.1,24.8,4.37,0.409,Mahabubabad,TS
2020-08-19,39.4,26.5,24.4,1.3,0.429,Mahabubabad,TS
2020-08-20,85.5,25.3,24.2,1.22,0.43,Mahabubabad,TS
2020-08-21,7.0,28.9,23.7,2.49,0.424,Mahabubabad,TS
2020-08-22,2.0,32.0,24.4,4.02,0.416,Mahabubabad,TS
2020-08-23,5.5,30.4,24.5,3.28,0.412,Mahabubabad,TS
2020-08-24,0.0,31.9,24.8,4.41,0.393,Mahabubabad,TS
2020-08-25,0.0,32.9,25.4,4.51,0.378,Mahabubabad,TS
2020-08-26,5.7,30.1,25.2,2.19,0.388,Mahabubabad,TS
2020-08-27,7.0,28.6,24.8,1.83,0.406,Mahabubabad,TS
2020-08-28,0.2,31.7,23.8,4.25,0.381,Mahabubabad,TS
2020-08-29,0.5,32.0,24.7,5.0,0.365,Mahabubabad,TS
2020-08-30,0.4,32.8,25.1,5.12,0.349,Mahabubabad,TS
2020-08-31,0.3,33.3,25.4,4.83,0.331,Mahabubabad,TS
2020-09-01,0.1,34.0,25.7,4.96,0.314,Mahabubabad,TS
2020-09-02,3.4,30.9,25.2,3.2,0.336,Mahabubabad,TS
2020-09-03,5.8,31.2,23.4,4.18,0.348,Mahabubabad,TS
2020-09-04,0.3,32.8,24.6,4.77,0.324,Mahabubabad,TS
2020-09-05,0.0,32.8,25.3,4.32,0.308,Mahabubabad,TS
2020-09-06,0.4,33.2,25.3,4.82,0.289,Mahabubabad,TS
2020-09-07,0.2,33.2,25.3,4.79,0.295,Mahabubabad,TS
2020-09-08,3.4,33.1,25.5,4.58,0.288,Mahabubabad,TS
2020-09-09,3.9,33.0,24.2,4.57,0.346,Mahabubabad,TS
2020-09-10,12.4,33.0,24.8,4.1,0.345,Mahabubabad,TS
2020-09-11,16.7,30.7,24.7,3.51,0.388,Mahabubabad,TS
2020-09-12,9.6,31.8,24.2,3.51,0.407,Mahabubabad,TS
2020-09-13,42.4,30.8,24.5,3.07,0.42,Mahabubabad,TS
2020-09-14,47.7,30.3,23.6,2.84,0.424,Mahabubabad,TS
2020-09-15,9.2,29.9,23.4,3.1,0.419,Mahabubabad,TS
2020-09-16,21.1,30.9,24.3,2.99,0.423,Mahabubabad,TS
2020-09-17,11.3,32.2,24.0,3.79,0.421,Mahabubabad,TS
2020-09-18,18.2,32.4,24.7,4.14,0.414,Mahabubabad,TS
2020-09-19,24.7,32.1,24.7,3.78,0.421,Mahabubabad,TS
2020-09-20,31.7,31.7,24.4,3.66,0.425,Mahabubabad,TS
2020-09-21,6.0,30.5,24.6,2.44,0.421,Mahabubabad,TS
2020-09-22,3.4,30.9,24.1,4.14,0.412,Mahabubabad,TS
2020-09-23,0.0,31.7,24.6,4.48,0.398,Mahabubabad,TS
2020-09-24,0.0,32.4,25.3,4.66,0.384,Mahabubabad,TS
2020-09-25,9.0,29.7,24.8,2.77,0.393,Mahabubabad,TS
2020-09-26,14.3,28.6,24.0,1.75,0.423,Mahabubabad,TS
2020-09-27,1.9,30.7,23.4,3.9,0.407,Mahabubabad,TS
2020-09-28,1.7,32.2,23.9,4.48,0.391,Mahabubabad,TS
2020-09-29,4.0,31.7,24.8,3.66,0.377,Mahabubabad,TS
2020-09-30,4.7,31.3,24.7,3.37,0.374,Mahabubabad,TS
2020-10-01,0.6,31.3,24.7,4.04,0.374,Mahabubabad,TS
2020-10-02,0.0,33.4,24.7,5.19,0.351,Mahabubabad,TS
2020-10-03,0.0,33.8,25.1,5.66,0.341,Mahabubabad,TS
2020-10-04,0.0,33.1,24.6,5.16,0.331,Mahabubabad,TS
2020-10-05,0.0,32.6,24.9,5.31,0.321,Mahabubabad,TS
2020-10-06,0.0,31.8,24.5,4.41,0.309,Mahabubabad,TS
2020-10-07,4.3,29.2,24.2,2.64,0.369,Mahabubabad,TS
2020-10-08,1.7,30.6,24.2,3.06,0.381,Mahabubabad,TS
2020-10-09,6.6,30.9,24.3,3.54,0.394,Mahabubabad,TS
2020-10-10,3.1,30.7,24.2,2.25,0.405,Mahabubabad,TS
2020-10-11,16.9,27.0,24.1,1.47,0.425,Mahabubabad,TS
2020-10-12,6.3,28.1,23.7,1.84,0.417,Mahabubabad,TS
2020-10-13,55.3,25.7,24.0,0.99,0.429,Mahabubabad,TS
2020-10-14,2.6,28.7,23.8,2.41,0.422,Mahabubabad,TS
2020-10-15,13.8,29.2,23.6,2.6,0.422,Mahabubabad,TS
2020-10-16,4.8,29.6,23.9,2.92,0.415,Mahabubabad,TS
2020-10-17,7.4,30.4,23.9,3.23,0.42,Mahabubabad,TS
2020-10-18,3.7,31.0,24.0,3.43,0.415,Mahabubabad,TS
2020-10-19,4.9,32.1,24.0,4.0,0.4,Mahabubabad,TS
2020-10-20,27.4,28.9,23.8,1.94,0.421,Mahabubabad,TS
2020-10-21,5.9,30.3,24.1,2.58,0.419,Mahabubabad,TS
2020-10-22,0.0,32.6,22.8,4.52,0.394,Mahabubabad,TS
2020-10-23,0.0,33.0,22.5,5.04,0.37,Mahabubabad,TS
2020-10-24,0.0,33.8,22.5,4.92,0.347,Mahabubabad,TS
2020-10-25,0.0,33.1,22.8,4.41,0.333,Mahabubabad,TS
2020-10-26,0.0,32.6,21.6,4.83,0.328,Mahabubabad,TS
2020-10-27,0.0,32.0,21.4,4.55,0.322,Mahabubabad,TS
2020-10-28,0.0,32.5,20.5,4.56,0.313,Mahabubabad,TS
2020-10-29,0.0,31.0,21.3,3.65,0.31,Mahabubabad,TS
2020-10-30,0.0,32.3,22.6,4.7,0.296,Mahabubabad,TS
2020-10-31,0.0,32.1,21.4,5.07,0.282,Mahabubabad,TS
2020-11-01,0.0,32.7,21.8,5.21,0.268,Mahabubabad,TS
2020-11-02,0.0,33.3,22.2,4.87,0.251,Mahabubabad,TS
2020-11-03,0.2,31.5,22.6,4.21,0.246,Mahabubabad,TS
2020-11-04,0.0,32.4,22.6,5.21,0.241,Mahabubabad,TS
2020-11-05,0.0,32.6,19.8,4.84,0.23,Mahabubabad,TS
2020-11-06,1.2,30.1,20.0,3.53,0.229,Mahabubabad,TS
2020-11-07,0.3,29.8,22.3,3.23,0.229,Mahabubabad,TS
2020-11-08,0.1,31.6,19.1,4.69,0.229,Mahabubabad,TS
2020-11-09,0.0,30.3,17.1,4.99,0.22,Mahabubabad,TS
2020-11-10,0.0,30.3,17.1,4.72,0.213,Mahabubabad,TS
2020-11-11,0.1,31.5,17.9,4.67,0.205,Mahabubabad,TS
2020-11-12,1.3,30.2,21.7,3.31,0.201,Mahabubabad,TS
2020-11-13,0.0,32.1,21.6,4.38,0.205,Mahabubabad,TS
2020-11-14,0.0,32.8,20.6,4.66,0.2,Mahabubabad,TS
2020-11-15,0.0,30.6,20.5,3.99,0.196,Mahabubabad,TS
2020-11-16,0.0,32.0,22.3,4.12,0.193,Mahabubabad,TS
2020-11-17,0.0,32.7,20.1,4.62,0.183,Mahabubabad,TS
2020-11-18,0.1,31.1,21.4,3.74,0.176,Mahabubabad,TS
2020-11-19,0.0,31.3,22.9,3.93,0.172,Mahabubabad,TS
2020-11-20,0.0,31.8,21.1,4.22,0.169,Mahabubabad,TS
2020-11-21,0.0,32.5,20.8,4.08,0.163,Mahabubabad,TS
2020-11-22,0.2,31.0,23.2,3.59,0.16,Mahabubabad,TS
2020-11-23,0.0,31.3,20.9,3.86,0.163,Mahabubabad,TS
2020-11-24,0.0,31.3,18.9,4.18,0.168,Mahabubabad,TS
2020-11-25,0.0,30.7,17.8,4.02,0.174,Mahabubabad,TS
2020-11-26,12.7,26.2,21.3,1.55,0.229,Mahabubabad,TS
2020-11-27,10.9,24.6,19.8,1.57,0.365,Mahabubabad,TS
2020-11-28,1.7,27.4,18.7,2.87,0.374,Mahabubabad,TS
2020-11-29,0.0,29.9,20.3,3.27,0.354,Mahabubabad,TS
2020-11-30,0.0,29.4,20.2,3.26,0.34,Mahabubabad,TS
2020-12-01,0.0,29.4,19.4,3.68,0.324,Mahabubabad,TS
2020-12-02,0.0,30.2,17.9,4.04,0.305,Mahabubabad,TS
2020-12-03,0.0,30.4,17.0,3.79,0.29,Mahabubabad,TS
2020-12-04,0.0,30.8,17.8,4.04,0.278,Mahabubabad,TS
2020-12-05,0.0,30.3,16.3,3.81,0.263,Mahabubabad,TS
2020-12-06,0.0,30.5,16.8,4.14,0.25,Mahabubabad,TS
2020-12-07,0.0,31.1,17.0,3.98,0.24,Mahabubabad,TS
2020-12-08,0.0,30.9,17.8,4.15,0.228,Mahabubabad,TS
2020-12-09,0.0,30.5,16.4,3.78,0.221,Mahabubabad,TS
2020-12-10,0.0,30.0,16.9,3.92,0.212,Mahabubabad,TS
2020-12-11,0.0,29.6,18.2,3.87,0.204,Mahabubabad,TS
2020-12-12,0.0,29.0,17.9,3.73,0.199,Mahabubabad,TS
2020-12-13,0.0,29.0,18.5,3.73,0.194,Mahabubabad,TS
2020-12-14,0.0,29.0,17.7,3.85,0.187,Mahabubabad,TS
2020-12-15,0.0,29.6,18.0,3.7,0.185,Mahabubabad,TS
2020-12-16,0.0,29.8,19.3,3.43,0.186,Mahabubabad,TS
2020-12-17,0.0,30.9,19.2,3.63,0.186,Mahabubabad,TS
2020-12-18,0.0,29.9,19.7,3.62,0.187,Mahabubabad,TS
2020-12-19,0.0,29.3,17.8,3.98,0.185,Mahabubabad,TS
2020-12-20,0.0,28.4,16.8,4.09,0.187,Mahabubabad,TS
2020-12-21,0.0,28.2,14.7,4.01,0.188,Mahabubabad,TS
2020-12-22,0.0,28.4,13.3,3.6,0.184,Mahabubabad,TS
2020-12-23,0.0,28.3,13.7,3.6,0.179,Mahabubabad,TS
2020-12-24,0.0,27.9,15.9,3.57,0.179,Mahabubabad,TS
2020-12-25,0.0,28.1,15.8,3.4,0.178,Mahabubabad,TS
2020-12-26,0.0,28.6,16.7,3.45,0.178,Mahabubabad,TS
2020-12-27,0.0,29.4,16.5,3.59,0.175,Mahabubabad,TS
2020-12-28,0.0,28.7,16.4,3.29,0.174,Mahabubabad,TS
2020-12-29,0.0,28.8,16.7,3.27,0.173,Mahabubabad,TS
2020-12-30,0.0,29.3,16.8,3.73,0.179,Mahabubabad,TS
2020-12-31,0.0,28.5,18.0,3.18,0.184,Mahabubabad,TS
2021-01-01,0.0,28.6,18.5,3.56,0.188,Mahabubabad,TS
2021-01-02,0.0,28.4,17.5,3.49,0.197,Mahabubabad,TS
2021-01-03,0.0,28.5,16.1,3.71,0.199,Mahabubabad,TS
2021-01-04,0.0,28.5,17.5,3.84,0.208,Mahabubabad,TS
2021-01-05,0.0,29.0,17.2,3.38,0.207,Mahabubabad,TS
2021-01-06,0.0,25.3,21.7,1.22,0.201,Mahabubabad,TS
2021-01-07,0.4,28.8,21.2,2.26,0.203,Mahabubabad,TS
2021-01-08,0.0,30.7,20.8,3.97,0.203,Mahabubabad,TS
2021-01-09,0.0,30.1,17.9,4.07,0.205,Mahabubabad,TS
2021-01-10,0.0,30.7,18.2,3.61,0.21,Mahabubabad,TS
2021-01-11,0.0,31.7,18.0,3.67,0.211,Mahabubabad,TS
2021-01-12,0.0,31.6,19.1,3.9,0.216,Mahabubabad,TS
2021-01-13,0.0,30.8,18.7,3.74,0.222,Mahabubabad,TS
2021-01-14,0.0,30.9,18.9,3.97,0.229,Mahabubabad,TS
2021-01-15,0.0,30.1,17.8,3.79,0.233,Mahabubabad,TS
2021-01-16,0.0,30.2,18.4,3.7,0.232,Mahabubabad,TS
2021-01-17,0.0,29.6,18.0,3.78,0.238,Mahabubabad,TS
2021-01-18,0.0,28.6,19.1,3.03,0.243,Mahabubabad,TS
2021-01-19,0.0,29.5,18.5,3.5,0.242,Mahabubabad,TS
2021-01-20,0.0,31.2,18.5,4.29,0.247,Mahabubabad,TS
2021-01-21,0.0,31.9,18.1,4.14,0.249,Mahabubabad,TS
2021-01-22,0.0,31.2,18.9,3.86,0.252,Mahabubabad,TS
2021-01-23,0.0,30.7,20.0,3.84,0.261,Mahabubabad,TS
2021-01-24,0.0,31.0,18.0,4.32,0.261,Mahabubabad,TS
2021-01-25,0.0,31.5,18.6,4.49,0.26,Mahabubabad,TS
2021-01-26,0.0,31.3,19.1,4.25,0.26,Mahabubabad,TS
2021-01-27,0.0,30.7,19.0,4.06,0.262,Mahabubabad,TS
2021-01-28,0.3,29.4,19.9,3.39,0.269,Mahabubabad,TS
2021-01-29,0.0,30.7,20.4,4.12,0.269,Mahabubabad,TS
2021-01-30,0.2,29.5,20.0,3.5,0.266,Mahabubabad,TS
2021-01-31,0.1,29.3,19.6,3.34,0.27,Mahabubabad,TS
2021-02-01,0.2,29.2,20.5,3.53,0.279,Mahabubabad,TS
2021-02-02,0.0,29.3,18.1,3.89,0.285,Mahabubabad,TS
2021-02-03,0.0,29.5,17.6,4.1,0.287,Mahabubabad,TS
2021-02-04,0.0,28.9,17.0,4.21,0.288,Mahabubabad,TS
2021-02-05,0.0,29.3,16.6,4.27,0.285,Mahabubabad,TS
2021-02-06,0.0,30.0,17.2,4.4,0.279,Mahabubabad,TS
2021-02-07,0.0,29.4,17.3,4.68,0.278,Mahabubabad,TS
2021-02-08,0.0,29.0,15.8,4.55,0.272,Mahabubabad,TS
2021-02-09,0.0,30.1,17.3,4.48,0.272,Mahabubabad,TS
2021-02-10,0.0,30.2,16.5,4.4,0.271,Mahabubabad,TS
2021-02-11,0.0,30.5,17.3,4.55,0.269,Mahabubabad,TS
2021-02-12,0.0,30.0,17.7,4.34,0.267,Mahabubabad,TS
2021-02-13,0.0,30.7,18.7,4.5,0.265,Mahabubabad,TS
2021-02-14,0.0,31.3,17.7,4.68,0.263,Mahabubabad,TS
2021-02-15,0.0,31.9,18.0,4.72,0.265,Mahabubabad,TS
2021-02-16,0.0,32.3,18.7,5.2,0.268,Mahabubabad,TS
2021-02-17,0.0,31.8,18.6,5.1,0.268,Mahabubabad,TS
2021-02-18,2.1,29.4,18.9,4.22,0.269,Mahabubabad,TS
2021-02-19,0.3,29.4,18.0,4.07,0.286,Mahabubabad,TS
2021-02-20,0.0,30.2,19.0,4.14,0.283,Mahabubabad,TS
2021-02-21,0.0,30.2,18.7,4.2,0.279,Mahabubabad,TS
2021-02-22,0.0,31.1,20.6,4.37,0.267,Mahabubabad,TS
2021-02-23,0.0,32.7,18.9,4.97,0.26,Mahabubabad,TS
2021-02-24,0.0,33.4,18.3,5.03,0.254,Mahabubabad,TS
2021-02-25,0.0,34.5,19.1,5.26,0.262,Mahabubabad,TS
2021-02-26,0.0,35.4,18.9,5.39,0.267,Mahabubabad,TS
2021-02-27,0.0,35.6,19.9,5.01,0.269,Mahabubabad,TS
2021-02-28,0.0,35.3,20.1,5.07,0.27,Mahabubabad,TS
2021-03-01,0.0,34.2,19.5,4.72,0.26,Mahabubabad,TS
2021-03-02,0.0,34.6,20.2,4.56,0.256,Mahabubabad,TS
2021-03-03,0.0,35.5,19.5,5.45,0.252,Mahabubabad,TS
2021-03-04,0.0,34.6,19.1,5.46,0.25,Mahabubabad,TS
2021-03-05,0.0,34.7,19.4,5.91,0.246,Mahabubabad,TS
2021-03-06,0.0,35.0,19.1,5.55,0.243,Mahabubabad,TS
2021-03-07,0.0,35.0,20.1,5.62,0.243,Mahabubabad,TS
2021-03-08,0.0,34.9,20.7,5.55,0.237,Mahabubabad,TS
2021-03-09,0.0,34.5,20.8,5.62,0.235,Mahabubabad,TS
2021-03-10,0.0,35.0,20.8,5.75,0.232,Mahabubabad,TS
2021-03-11,0.0,34.9,21.4,5.87,0.225,Mahabubabad,TS
2021-03-12,0.0,34.4,20.0,5.55,0.222,Mahabubabad,TS
2021-03-13,0.0,34.1,18.2,5.47,0.222,Mahabubabad,TS
2021-03-14,0.0,34.7,19.3,5.6,0.218,Mahabubabad,TS
2021-03-15,0.0,34.7,20.6,5.66,0.213,Mahabubabad,TS
2021-03-16,0.0,35.8,21.6,5.58,0.207,Mahabubabad,TS
2021-03-17,0.0,35.7,22.7,5.46,0.215,Mahabubabad,TS
2021-03-18,0.0,34.5,22.1,5.11,0.222,Mahabubabad,TS
2021-03-19,0.0,34.9,22.1,5.2,0.233,Mahabubabad,TS
2021-03-20,0.0,34.3,20.9,5.03,0.242,Mahabubabad,TS
2021-03-21,0.0,35.1,21.8,5.21,0.241,Mahabubabad,TS
2021-03-22,0.0,35.7,22.6,5.34,0.249,Mahabubabad,TS
2021-03-23,0.0,36.1,24.4,5.8,0.247,Mahabubabad,TS
2021-03-24,0.0,36.0,23.5,5.31,0.249,Mahabubabad,TS
2021-03-25,0.0,36.9,22.9,5.66,0.244,Mahabubabad,TS
2021-03-26,0.0,37.0,23.8,5.47,0.244,Mahabubabad,TS
2021-03-27,0.0,37.2,23.7,5.54,0.24,Mahabubabad,TS
2021-03-28,0.0,36.9,23.3,5.76,0.239,Mahabubabad,TS
2021-03-29,0.0,37.6,21.9,5.88,0.235,Mahabubabad,TS
2021-03-30,0.0,39.1,23.0,6.48,0.24,Mahabubabad,TS
2021-03-31,0.0,39.2,23.1,7.12,0.237,Mahabubabad,TS
2021-04-01,0.0,38.8,21.2,6.52,0.238,Mahabubabad,TS
2021-04-02,0.0,39.1,23.1,6.49,0.245,Mahabubabad,TS
2021-04-03,0.0,37.9,23.4,6.19,0.25,Mahabubabad,TS
2021-04-04,0.0,36.6,25.2,5.33,0.252,Mahabubabad,TS
2021-04-05,0.0,36.6,25.2,5.67,0.257,Mahabubabad,TS
2021-04-06,0.0,37.1,25.0,6.06,0.258,Mahabubabad,TS
2021-04-07,0.0,37.6,23.7,5.95,0.257,Mahabubabad,TS
2021-04-08,0.0,37.7,24.4,6.06,0.26,Mahabubabad,TS
2021-04-09,0.0,34.9,24.0,5.57,0.262,Mahabubabad,TS
2021-04-10,1.7,35.4,25.0,5.59,0.263,Mahabubabad,TS
2021-04-11,0.0,35.2,24.6,5.62,0.261,Mahabubabad,TS
2021-04-12,0.2,33.4,24.5,5.21,0.266,Mahabubabad,TS
2021-04-13,0.9,33.2,25.7,5.1,0.265,Mahabubabad,TS
2021-04-14,0.1,33.8,24.5,4.91,0.265,Mahabubabad,TS
2021-04-15,0.2,34.5,23.3,5.15,0.269,Mahabubabad,TS
2021-04-16,0.0,34.4,23.2,5.37,0.269,Mahabubabad,TS
2021-04-17,0.0,36.1,24.5,5.78,0.267,Mahabubabad,TS
2021-04-18,0.0,36.1,24.8,5.41,0.266,Mahabubabad,TS
2021-04-19,0.0,36.8,25.5,5.65,0.266,Mahabubabad,TS
2021-04-20,0.0,36.3,26.5,5.79,0.266,Mahabubabad,TS
2021-04-21,2.9,35.9,25.7,5.41,0.275,Mahabubabad,TS
2021-04-22,0.4,34.4,24.7,4.97,0.318,Mahabubabad,TS
2021-04-23,0.0,34.0,25.8,4.97,0.308,Mahabubabad,TS
2021-04-24,0.0,36.6,25.1,5.86,0.298,Mahabubabad,TS
2021-04-25,0.0,36.4,25.5,5.7,0.288,Mahabubabad,TS
2021-04-26,0.0,36.2,25.3,5.51,0.281,Mahabubabad,TS
2021-04-27,0.0,37.1,24.4,5.94,0.275,Mahabubabad,TS
2021-04-28,0.0,37.3,24.8,5.98,0.27,Mahabubabad,TS
2021-04-29,0.0,37.2,25.7,6.16,0.263,Mahabubabad,TS
2021-04-30,0.0,36.7,25.0,6.07,0.249,Mahabubabad,TS
2021-05-01,0.1,36.3,25.5,6.22,0.244,Mahabubabad,TS
2021-05-02,0.0,36.2,25.0,6.11,0.239,Mahabubabad,TS
2021-05-03,0.3,35.6,25.3,5.51,0.235,Mahabubabad,TS
2021-05-04,0.0,36.3,25.2,5.76,0.229,Mahabubabad,TS
2021-05-05,0.1,36.8,26.2,6.01,0.226,Mahabubabad,TS
2021-05-06,0.0,36.5,26.8,6.08,0.226,Mahabubabad,TS
2021-05-07,0.0,36.5,25.9,6.07,0.22,Mahabubabad,TS
2021-05-08,0.1,36.4,26.7,5.94,0.213,Mahabubabad,TS
2021-05-09,0.0,36.5,26.7,6.08,0.208,Mahabubabad,TS
2021-05-10,0.0,36.8,27.0,5.9,0.199,Mahabubabad,TS
2021-05-11,1.4,37.3,27.0,5.81,0.201,Mahabubabad,TS
2021-05-12,0.0,37.6,26.5,6.04,0.226,Mahabubabad,TS
2021-05-13,1.4,35.9,27.1,5.29,0.23,Mahabubabad,TS
2021-05-14,0.0,36.2,27.8,5.14,0.227,Mahabubabad,TS
2021-05-15,0.3,36.3,26.8,6.23,0.223,Mahabubabad,TS
2021-05-16,5.6,32.7,25.3,4.06,0.266,Mahabubabad,TS
2021-05-17,0.7,33.5,26.2,4.81,0.3,Mahabubabad,TS
2021-05-18,0.9,34.6,26.3,5.39,0.286,Mahabubabad,TS
2021-05-19,0.5,36.0,25.8,5.89,0.27,Mahabubabad,TS
2021-05-20,1.6,35.9,25.2,5.54,0.268,Mahabubabad,TS
2021-05-21,0.4,36.9,27.3,5.59,0.254,Mahabubabad,TS
2021-05-22,0.0,33.3,26.3,3.4,0.248,Mahabubabad,TS
2021-05-23,0.0,37.8,26.8,5.27,0.243,Mahabubabad,TS
2021-05-24,0.0,38.6,27.7,7.24,0.241,Mahabubabad,TS
2021-05-25,0.0,37.7,27.5,6.86,0.241,Mahabubabad,TS
2021-05-26,0.0,39.0,27.6,8.35,0.239,Mahabubabad,TS
2021-05-27,0.0,37.9,29.0,7.82,0.234,Mahabubabad,TS
2021-05-28,0.1,37.3,28.9,5.99,0.232,Mahabubabad,TS
2021-05-29,0.0,38.7,28.7,6.39,0.226,Mahabubabad,TS
2021-05-30,0.1,38.0,28.3,6.34,0.22,Mahabubabad,TS
2021-05-31,0.0,39.2,28.5,6.58,0.21,Mahabubabad,TS
2021-06-01,1.7,36.2,27.0,5.3,0.204,Mahabubabad,TS
2021-06-02,0.3,36.5,26.6,5.67,0.198,Mahabubabad,TS
2021-06-03,13.7,32.0,24.9,3.19,0.298,Mahabubabad,TS
2021-06-04,0.1,34.2,25.6,4.63,0.27,Mahabubabad,TS
2021-06-05,2.2,34.6,25.1,4.98,0.278,Mahabubabad,TS
2021-06-06,10.5,34.5,24.5,5.55,0.324,Mahabubabad,TS
2021-06-07,0.8,36.0,27.2,5.83,0.288,Mahabubabad,TS
2021-06-08,0.5,35.2,26.8,5.2,0.271,Mahabubabad,TS
2021-06-09,4.9,29.5,25.7,2.43,0.297,Mahabubabad,TS
2021-06-10,2.8,32.6,25.3,3.96,0.316,Mahabubabad,TS
2021-06-11,6.6,29.8,24.0,2.81,0.345,Mahabubabad,TS
2021-06-12,0.2,33.9,26.5,4.76,0.333,Mahabubabad,TS
2021-06-13,12.2,31.7,25.5,1.91,0.365,Mahabubabad,TS
2021-06-14,13.3,29.0,24.9,2.31,0.391,Mahabubabad,TS
2021-06-15,1.3,33.0,25.4,4.14,0.362,Mahabubabad,TS
2021-06-16,0.8,33.0,25.6,4.35,0.343,Mahabubabad,TS
2021-06-17,3.6,31.1,26.0,3.51,0.335,Mahabubabad,TS
2021-06-18,0.0,31.2,24.9,3.78,0.353,Mahabubabad,TS
2021-06-19,0.9,31.1,26.3,4.01,0.331,Mahabubabad,TS
2021-06-20,0.0,35.0,25.8,6.5,0.313,Mahabubabad,TS
2021-06-21,0.0,34.9,26.5,6.1,0.298,Mahabubabad,TS
2021-06-22,0.1,33.0,26.9,4.23,0.291,Mahabubabad,TS
2021-06-23,1.0,31.0,25.4,3.51,0.302,Mahabubabad,TS
2021-06-24,1.7,31.0,24.5,3.3,0.302,Mahabubabad,TS
2021-06-25,0.3,33.3,25.4,5.29,0.298,Mahabubabad,TS
2021-06-26,10.2,32.4,25.9,3.81,0.339,Mahabubabad,TS
2021-06-27,17.1,30.5,24.9,3.05,0.39,Mahabubabad,TS
2021-06-28,11.8,32.5,24.0,4.71,0.391,Mahabubabad,TS
2021-06-29,0.1,34.7,24.7,5.26,0.367,Mahabubabad,TS
2021-06-30,2.6,35.3,26.6,4.97,0.344,Mahabubabad,TS
2021-07-01,0.3,32.8,26.0,3.28,0.353,Mahabubabad,TS
2021-07-02,11.5,28.4,24.7,1.75,0.388,Mahabubabad,TS
2021-07-03,0.4,33.0,25.5,4.61,0.361,Mahabubabad,TS
2021-07-04,0.0,34.5,26.0,5.09,0.342,Mahabubabad,TS
2021-07-05,0.2,33.9,26.5,4.33,0.331,Mahabubabad,TS
2021-07-06,0.5,34.4,25.3,4.85,0.32,Mahabubabad,TS
2021-07-07,11.7,33.5,25.7,3.83,0.356,Mahabubabad,TS
2021-07-08,18.4,28.6,24.7,1.88,0.399,Mahabubabad,TS
2021-07-09,4.7,32.0,24.5,3.86,0.373,Mahabubabad,TS
2021-07-10,6.5,31.3,24.2,3.27,0.386,Mahabubabad,TS
2021-07-11,25.2,30.4,24.6,2.58,0.406,Mahabubabad,TS
2021-07-12,19.3,29.1,24.8,2.21,0.423,Mahabubabad,TS
2021-07-13,12.8,28.4,24.4,1.9,0.417,Mahabubabad,TS
2021-07-14,11.2,28.7,24.2,2.59,0.417,Mahabubabad,TS
2021-07-15,14.1,30.3,23.8,3.17,0.419,Mahabubabad,TS
2021-07-16,5.0,31.0,24.2,4.18,0.408,Mahabubabad,TS
2021-07-17,7.0,32.6,24.5,4.29,0.411,Mahabubabad,TS
2021-07-18,5.9,31.7,24.0,4.14,0.408,Mahabubabad,TS
2021-07-19,4.0,32.3,24.5,4.32,0.401,Mahabubabad,TS
2021-07-20,2.4,32.0,24.8,4.3,0.403,Mahabubabad,TS
2021-07-21,53.6,27.1,24.1,1.96,0.424,Mahabubabad,TS
2021-07-22,105.9,25.4,23.5,1.21,0.43,Mahabubabad,TS
2021-07-23,13.3,29.2,24.0,2.63,0.424,Mahabubabad,TS
2021-07-24,0.6,32.4,24.3,4.48,0.409,Mahabubabad,TS
2021-07-25,0.3,33.2,25.9,5.71,0.394,Mahabubabad,TS
2021-07-26,0.0,33.5,26.1,5.81,0.38,Mahabubabad,TS
2021-07-27,0.2,33.0,26.3,5.49,0.367,Mahabubabad,TS
2021-07-28,0.0,32.3,26.0,5.12,0.356,Mahabubabad,TS
2021-07-29,0.3,30.6,26.6,3.38,0.349,Mahabubabad,TS
2021-07-30,0.1,31.9,25.4,4.5,0.347,Mahabubabad,TS
2021-07-31,0.4,32.2,25.4,4.22,0.341,Mahabubabad,TS
2021-08-01,0.6,31.5,25.6,5.11,0.336,Mahabubabad,TS
2021-08-02,1.6,33.0,25.6,5.8,0.332,Mahabubabad,TS
2021-08-03,0.3,32.8,25.8,5.72,0.329,Mahabubabad,TS
2021-08-04,0.3,33.6,26.0,5.48,0.318,Mahabubabad,TS
2021-08-05,1.3,33.0,26.7,5.28,0.311,Mahabubabad,TS
2021-08-06,0.3,31.7,26.0,4.45,0.318,Mahabubabad,TS
2021-08-07,1.4,33.7,24.8,5.35,0.319,Mahabubabad,TS
2021-08-08,0.4,33.9,25.6,4.95,0.317,Mahabubabad,TS
2021-08-09,1.3,33.4,25.5,4.49,0.34,Mahabubabad,TS
2021-08-10,1.6,34.0,25.9,4.57,0.344,Mahabubabad,TS
2021-08-11,0.9,34.2,26.1,5.15,0.332,Mahabubabad,TS
2021-08-12,5.2,32.6,26.1,4.29,0.345,Mahabubabad,TS
2021-08-13,2.4,32.2,25.5,3.96,0.357,Mahabubabad,TS
2021-08-14,2.1,32.1,25.6,4.47,0.346,Mahabubabad,TS
2021-08-15,1.9,32.2,25.3,4.38,0.347,Mahabubabad,TS
2021-08-16,12.6,29.2,24.9,2.01,0.392,Mahabubabad,TS
2021-08-17,17.3,27.3,24.1,1.66,0.419,Mahabubabad,TS
2021-08-18,3.9,30.4,23.8,3.12,0.41,Mahabubabad,TS
2021-08-19,2.5,31.7,24.1,3.59,0.405,Mahabubabad,TS
2021-08-20,3.5,30.7,24.4,2.69,0.408,Mahabubabad,TS
2021-08-21,13.5,30.1,23.7,3.27,0.408,Mahabubabad,TS
2021-08-22,2.6,32.1,23.9,4.58,0.392,Mahabubabad,TS
2021-08-23,0.7,32.3,24.1,4.81,0.382,Mahabubabad,TS
2021-08-24,0.4,32.4,24.9,4.5,0.359,Mahabubabad,TS
2021-08-25,11.3,32.0,25.2,3.96,0.369,Mahabubabad,TS
2021-08-26,7.5,31.7,24.7,3.54,0.384,Mahabubabad,TS
2021-08-27,1.7,31.2,25.2,3.14,0.368,Mahabubabad,TS
2021-08-28,3.2,31.2,24.8,2.85,0.383,Mahabubabad,TS
2021-08-29,17.9,30.9,24.4,3.4,0.387,Mahabubabad,TS
2021-08-30,26.4,29.2,24.2,2.48,0.415,Mahabubabad,TS
2021-08-31,12.9,29.6,23.6,2.93,0.421,Mahabubabad,TS
2021-09-01,12.2,29.6,23.5,3.13,0.416,Mahabubabad,TS
2021-09-02,2.6,31.6,24.0,4.12,0.405,Mahabubabad,TS
2021-09-03,27.7,30.7,23.4,3.5,0.422,Mahabubabad,TS
2021-09-04,18.3,31.1,23.8,3.79,0.42,Mahabubabad,TS
2021-09-05,9.2,31.2,24.0,3.67,0.414,Mahabubabad,TS
2021-09-06,23.1,26.4,24.5,1.22,0.426,Mahabubabad,TS
2021-09-07,21.4,27.7,23.8,2.74,0.424,Mahabubabad,TS
2021-09-08,0.7,31.6,24.3,4.55,0.407,Mahabubabad,TS
2021-09-09,0.4,32.7,25.0,5.22,0.392,Mahabubabad,TS
2021-09-10,0.6,32.1,25.6,3.92,0.384,Mahabubabad,TS
2021-09-11,3.8,29.8,25.1,1.83,0.388,Mahabubabad,TS
2021-09-12,0.0,32.3,25.3,4.62,0.367,Mahabubabad,TS
2021-09-13,2.9,31.1,25.7,3.71,0.361,Mahabubabad,TS
2021-09-14,2.2,31.7,25.0,3.44,0.385,Mahabubabad,TS
2021-09-15,0.3,32.3,25.5,5.24,0.365,Mahabubabad,TS
2021-09-16,0.0,32.4,24.1,5.14,0.35,Mahabubabad,TS
2021-09-17,0.3,32.3,23.4,4.77,0.339,Mahabubabad,TS
2021-09-18,0.0,30.7,25.4,2.68,0.327,Mahabubabad,TS
2021-09-19,3.0,31.9,25.4,3.6,0.322,Mahabubabad,TS
2021-09-20,4.4,29.4,24.0,2.75,0.384,Mahabubabad,TS
2021-09-21,2.8,29.3,24.2,2.82,0.39,Mahabubabad,TS
2021-09-22,3.2,29.4,23.7,3.26,0.384,Mahabubabad,TS
2021-09-23,14.7,30.2,24.3,2.97,0.389,Mahabubabad,TS
2021-09-24,13.0,31.1,23.4,3.53,0.407,Mahabubabad,TS
2021-09-25,12.2,31.0,23.4,3.47,0.416,Mahabubabad,TS
2021-09-26,3.6,31.1,24.8,3.64,0.402,Mahabubabad,TS
2021-09-27,44.1,25.6,24.0,0.96,0.423,Mahabubabad,TS
2021-09-28,1.4,30.2,23.6,3.39,0.413,Mahabubabad,TS
2021-09-29,0.6,31.3,23.9,4.07,0.394,Mahabubabad,TS
2021-09-30,4.7,31.6,24.6,3.69,0.392,Mahabubabad,TS
2021-10-01,1.7,32.1,24.1,4.21,0.396,Mahabubabad,TS
2021-10-02,2.6,31.6,24.4,4.03,0.389,Mahabubabad,TS
2021-10-03,0.8,31.7,24.4,4.09,0.374,Mahabubabad,TS
2021-10-04,6.2,31.9,24.6,3.72,0.374,Mahabubabad,TS
2021-10-05,7.1,31.5,23.9,3.78,0.392,Mahabubabad,TS
2021-10-06,1.6,31.0,23.7,4.0,0.381,Mahabubabad,TS
2021-10-07,0.8,32.2,24.2,4.09,0.362,Mahabubabad,TS
2021-10-08,5.8,31.0,24.9,3.22,0.354,Mahabubabad,TS
2021-10-09,4.5,32.6,24.1,4.12,0.369,Mahabubabad,TS
2021-10-10,0.3,32.6,24.0,4.39,0.35,Mahabubabad,TS
2021-10-11,0.0,33.6,23.5,5.08,0.334,Mahabubabad,TS
2021-10-12,0.1,32.4,23.3,4.49,0.305,Mahabubabad,TS
2021-10-13,0.2,33.5,23.8,4.92,0.266,Mahabubabad,TS
2021-10-14,0.0,34.6,24.3,5.38,0.256,Mahabubabad,TS
2021-10-15,3.8,33.3,24.7,4.55,0.252,Mahabubabad,TS
2021-10-16,19.1,26.5,23.9,1.47,0.379,Mahabubabad,TS
2021-10-17,2.5,31.3,23.2,3.52,0.353,Mahabubabad,TS
2021-10-18,0.1,32.8,23.9,4.02,0.34,Mahabubabad,TS
2021-10-19,0.0,33.4,24.7,4.96,0.321,Mahabubabad,TS
2021-10-20,0.0,32.6,23.1,5.22,0.306,Mahabubabad,TS
2021-10-21,0.0,32.6,23.4,5.18,0.293,Mahabubabad,TS
2021-10-22,0.0,32.5,22.4,5.32,0.279,Mahabubabad,TS
2021-10-23,0.0,33.0,21.7,5.09,0.265,Mahabubabad,TS
2021-10-24,0.5,30.9,22.3,3.91,0.264,Mahabubabad,TS
2021-10-25,0.0,32.1,21.4,4.73,0.258,Mahabubabad,TS
2021-10-26,0.0,32.0,21.1,4.98,0.248,Mahabubabad,TS
2021-10-27,0.0,31.4,20.1,5.29,0.239,Mahabubabad,TS
2021-10-28,0.0,32.5,21.6,4.94,0.23,Mahabubabad,TS
2021-10-29,0.0,32.4,22.9,4.1,0.222,Mahabubabad,TS
2021-10-30,4.3,32.1,23.2,3.68,0.229,Mahabubabad,TS
2021-10-31,0.8,31.3,22.8,3.71,0.265,Mahabubabad,TS
2021-11-01,0.3,31.1,22.8,3.33,0.26,Mahabubabad,TS
2021-11-02,8.3,29.4,23.0,2.39,0.29,Mahabubabad,TS
2021-11-03,8.5,28.4,22.4,2.24,0.334,Mahabubabad,TS
2021-11-04,0.9,30.4,21.6,3.25,0.342,Mahabubabad,TS
2021-11-05,0.0,31.3,21.1,4.05,0.321,Mahabubabad,TS
2021-11-06,0.0,31.1,20.8,4.2,0.305,Mahabubabad,TS
2021-11-07,0.0,30.8,20.5,4.48,0.291,Mahabubabad,TS
2021-11-08,0.0,30.6,18.9,4.44,0.282,Mahabubabad,TS
2021-11-09,0.0,30.8,18.9,4.47,0.274,Mahabubabad,TS
2021-11-10,0.0,31.2,19.8,4.68,0.268,Mahabubabad,TS
2021-11-11,9.1,28.7,22.0,2.85,0.275,Mahabubabad,TS
2021-11-12,9.2,26.5,22.1,1.65,0.384,Mahabubabad,TS
2021-11-13,5.3,27.7,22.9,1.86,0.385,Mahabubabad,TS
2021-11-14,8.7,29.5,22.6,2.65,0.374,Mahabubabad,TS
2021-11-15,1.7,30.2,22.6,3.16,0.355,Mahabubabad,TS
2021-11-16,3.8,29.6,23.0,2.77,0.354,Mahabubabad,TS
2021-11-17,0.5,31.0,22.7,3.46,0.342,Mahabubabad,TS
2021-11-18,0.0,28.9,22.9,1.95,0.329,Mahabubabad,TS
2021-11-19,7.1,28.8,22.7,2.36,0.337,Mahabubabad,TS
2021-11-20,2.4,29.0,23.2,2.46,0.341,Mahabubabad,TS
2021-11-21,4.7,30.2,22.9,2.72,0.342,Mahabubabad,TS
2021-11-22,0.5,30.8,22.3,3.14,0.322,Mahabubabad,TS
2021-11-23,3.6,30.5,22.5,3.12,0.316,Mahabubabad,TS
2021-11-24,1.4,30.9,22.8,3.54,0.307,Mahabubabad,TS
2021-11-25,0.0,31.6,21.8,3.93,0.292,Mahabubabad,TS
2021-11-26,0.0,31.1,20.0,4.13,0.281,Mahabubabad,TS
2021-11-27,0.0,30.4,19.8,3.72,0.271,Mahabubabad,TS
2021-11-28,0.2,30.2,19.7,3.33,0.265,Mahabubabad,TS
2021-11-29,4.7,28.3,21.9,2.4,0.271,Mahabubabad,TS
2021-11-30,0.0,30.3,21.1,3.18,0.271,Mahabubabad,TS
2021-12-01,0.0,29.8,20.2,3.63,0.263,Mahabubabad,TS
2021-12-02,0.0,28.9,19.2,3.73,0.251,Mahabubabad,TS
2021-12-03,0.0,29.3,19.3,3.44,0.243,Mahabubabad,TS
2021-12-04,0.0,31.0,19.5,4.52,0.235,Mahabubabad,TS
2021-12-05,0.0,30.9,20.7,4.55,0.225,Mahabubabad,TS
2021-12-06,0.0,31.1,20.8,4.19,0.215,Mahabubabad,TS
2021-12-07,0.0,31.7,21.3,4.22,0.207,Mahabubabad,TS
2021-12-08,0.1,31.4,21.1,3.63,0.203,Mahabubabad,TS
2021-12-09,0.3,30.8,21.9,3.22,0.206,Mahabubabad,TS
2021-12-10,2.8,29.7,22.5,3.01,0.22,Mahabubabad,TS
2021-12-11,0.4,30.7,22.3,3.49,0.221,Mahabubabad,TS
2021-12-12,0.0,30.6,20.0,3.75,0.214,Mahabubabad,TS
2021-12-13,0.3,29.8,20.9,3.14,0.216,Mahabubabad,TS
2021-12-14,0.0,29.3,20.3,3.46,0.212,Mahabubabad,TS
2021-12-15,0.0,28.7,19.0,3.71,0.211,Mahabubabad,TS
2021-12-16,0.0,28.9,16.4,4.0,0.208,Mahabubabad,TS
2021-12-17,0.0,28.6,14.9,3.95,0.202,Mahabubabad,TS
2021-12-18,0.0,28.6,14.7,4.27,0.195,Mahabubabad,TS
2021-12-19,0.0,27.9,16.2,3.79,0.188,Mahabubabad,TS
2021-12-20,0.0,27.6,16.0,4.23,0.186,Mahabubabad,TS
2021-12-21,0.0,27.4,13.9,4.48,0.186,Mahabubabad,TS
2021-12-22,0.0,28.3,14.2,4.32,0.184,Mahabubabad,TS
2021-12-23,0.0,28.9,14.4,3.66,0.182,Mahabubabad,TS
2021-12-24,0.0,29.5,16.4,3.96,0.179,Mahabubabad,TS
2021-12-25,0.0,30.5,17.3,3.75,0.176,Mahabubabad,TS
2021-12-26,0.0,29.7,19.2,3.35,0.175,Mahabubabad,TS
2021-12-27,0.0,29.0,18.9,3.14,0.18,Mahabubabad,TS
2021-12-28,0.0,29.0,18.2,3.8,0.182,Mahabubabad,TS
2021-12-29,0.1,29.3,19.6,3.52,0.184,Mahabubabad,TS
2021-12-30,0.1,29.1,18.1,3.46,0.187,Mahabubabad,TS
2021-12-31,0.3,29.9,18.5,3.66,0.189,Mahabubabad,TS
2022-01-01,0.0,29.5,17.7,3.65,0.188,Mahabubabad,TS
2022-01-02,0.0,29.4,18.8,3.83,0.189,Mahabubabad,TS
2022-01-03,0.0,28.4,17.6,3.49,0.184,Mahabubabad,TS
2022-01-04,0.0,29.3,18.0,3.55,0.182,Mahabubabad,TS
2022-01-05,0.0,28.5,17.4,3.45,0.18,Mahabubabad,TS
2022-01-06,0.0,28.8,17.2,3.93,0.179,Mahabubabad,TS
2022-01-07,0.0,29.6,17.9,4.05,0.179,Mahabubabad,TS
2022-01-08,0.0,29.6,19.0,3.72,0.18,Mahabubabad,TS
2022-01-09,0.0,29.3,19.2,3.64,0.18,Mahabubabad,TS
2022-01-10,8.3,28.5,19.9,2.49,0.194,Mahabubabad,TS
2022-01-11,14.4,27.7,18.8,2.96,0.338,Mahabubabad,TS
2022-01-12,7.3,25.1,18.8,2.0,0.337,Mahabubabad,TS
2022-01-13,16.8,25.5,18.4,1.92,0.377,Mahabubabad,TS
2022-01-14,2.8,26.1,18.9,1.98,0.369,Mahabubabad,TS
2022-01-15,0.4,27.0,17.3,2.74,0.356,Mahabubabad,TS
2022-01-16,0.0,27.7,18.0,3.23,0.339,Mahabubabad,TS
2022-01-17,0.6,26.7,18.9,2.98,0.335,Mahabubabad,TS
2022-01-18,0.0,28.1,17.3,4.06,0.322,Mahabubabad,TS
2022-01-19,0.0,28.4,17.1,4.2,0.307,Mahabubabad,TS
2022-01-20,0.0,29.1,16.3,3.93,0.295,Mahabubabad,TS
2022-01-21,0.0,30.8,16.9,4.33,0.287,Mahabubabad,TS
2022-01-22,0.0,29.6,17.4,4.27,0.28,Mahabubabad,TS
2022-01-23,0.0,30.0,20.1,4.17,0.276,Mahabubabad,TS
2022-01-24,0.0,28.0,18.8,4.67,0.269,Mahabubabad,TS
2022-01-25,0.0,27.9,17.1,4.47,0.261,Mahabubabad,TS
2022-01-26,0.0,28.8,16.9,4.51,0.256,Mahabubabad,TS
2022-01-27,0.0,27.7,17.0,4.75,0.255,Mahabubabad,TS
2022-01-28,0.0,26.9,16.1,5.03,0.249,Mahabubabad,TS
2022-01-29,0.0,28.0,14.7,4.65,0.238,Mahabubabad,TS
2022-01-30,0.0,29.1,13.1,4.52,0.233,Mahabubabad,TS
2022-01-31,0.0,30.9,14.3,4.48,0.229,Mahabubabad,TS
2022-02-01,0.0,30.2,16.8,4.09,0.224,Mahabubabad,TS
2022-02-02,0.0,31.5,17.4,4.48,0.222,Mahabubabad,TS
2022-02-03,0.0,30.8,19.3,4.56,0.222,Mahabubabad,TS
2022-02-04,0.1,29.5,19.0,4.77,0.223,Mahabubabad,TS
2022-02-05,0.0,29.2,16.0,4.83,0.223,Mahabubabad,TS
2022-02-06,0.0,29.4,16.2,4.42,0.22,Mahabubabad,TS
2022-02-07,0.0,30.8,17.7,4.23,0.218,Mahabubabad,TS
2022-02-08,0.0,30.9,19.1,4.15,0.214,Mahabubabad,TS
2022-02-09,0.3,31.3,20.1,4.4,0.213,Mahabubabad,TS
2022-02-10,0.0,29.8,19.1,3.93,0.216,Mahabubabad,TS
2022-02-11,0.0,30.3,19.6,4.69,0.215,Mahabubabad,TS
2022-02-12,0.0,30.3,18.1,5.29,0.212,Mahabubabad,TS
2022-02-13,0.0,30.1,15.9,4.62,0.206,Mahabubabad,TS
2022-02-14,0.0,30.6,17.1,4.32,0.203,Mahabubabad,TS
2022-02-15,0.0,30.8,18.4,4.41,0.204,Mahabubabad,TS
2022-02-16,0.0,31.0,19.3,4.22,0.213,Mahabubabad,TS
2022-02-17,0.1,30.1,19.7,4.13,0.225,Mahabubabad,TS
2022-02-18,0.0,31.1,19.1,4.63,0.229,Mahabubabad,TS
2022-02-19,0.0,31.8,19.5,4.92,0.232,Mahabubabad,TS
2022-02-20,0.0,33.3,19.5,5.15,0.233,Mahabubabad,TS
2022-02-21,0.0,33.1,20.1,5.39,0.233,Mahabubabad,TS
2022-02-22,0.0,33.6,19.0,5.1,0.226,Mahabubabad,TS
2022-02-23,0.0,32.2,20.6,4.75,0.223,Mahabubabad,TS
2022-02-24,0.0,32.4,20.4,4.86,0.219,Mahabubabad,TS
2022-02-25,0.0,33.0,19.5,5.14,0.218,Mahabubabad,TS
2022-02-26,0.0,32.0,18.6,5.4,0.219,Mahabubabad,TS
2022-02-27,0.0,32.2,19.9,5.19,0.219,Mahabubabad,TS
2022-02-28,0.0,33.2,18.3,5.48,0.216,Mahabubabad,TS
2022-03-01,0.0,34.2,18.4,5.27,0.216,Mahabubabad,TS
2022-03-02,0.0,33.9,19.2,4.99,0.217,Mahabubabad,TS
2022-03-03,0.0,34.2,19.7,5.53,0.221,Mahabubabad,TS
2022-03-04,0.0,34.0,19.5,5.36,0.225,Mahabubabad,TS
2022-03-05,0.0,33.6,19.8,5.28,0.225,Mahabubabad,TS
2022-03-06,0.0,33.6,20.0,5.39,0.22,Mahabubabad,TS
2022-03-07,0.0,33.5,20.7,5.02,0.218,Mahabubabad,TS
2022-03-08,0.0,34.3,21.1,5.16,0.216,Mahabubabad,TS
2022-03-09,0.0,35.0,21.3,5.42,0.222,Mahabubabad,TS
2022-03-10,0.0,34.3,21.5,5.11,0.221,Mahabubabad,TS
2022-03-11,0.0,35.1,21.8,5.26,0.222,Mahabubabad,TS
2022-03-12,0.0,35.0,21.7,5.67,0.22,Mahabubabad,TS
2022-03-13,0.0,35.9,22.1,5.73,0.215,Mahabubabad,TS
2022-03-14,0.0,36.0,21.7,6.06,0.214,Mahabubabad,TS
2022-03-15,0.0,36.8,19.5,6.33,0.214,Mahabubabad,TS
2022-03-16,0.0,38.2,21.4,6.34,0.215,Mahabubabad,TS
2022-03-17,0.0,38.7,21.9,6.58,0.222,Mahabubabad,TS
2022-03-18,0.0,37.0,23.2,5.86,0.223,Mahabubabad,TS
2022-03-19,0.0,35.8,23.3,5.44,0.229,Mahabubabad,TS
2022-03-20,0.0,35.8,24.9,5.03,0.229,Mahabubabad,TS
2022-03-21,6.1,33.6,26.5,3.8,0.25,Mahabubabad,TS
2022-03-22,0.0,36.6,24.8,5.31,0.23,Mahabubabad,TS
2022-03-23,0.0,37.8,24.2,5.69,0.225,Mahabubabad,TS
2022-03-24,0.0,36.7,24.5,5.48,0.22,Mahabubabad,TS
2022-03-25,0.0,37.0,23.7,5.66,0.223,Mahabubabad,TS
2022-03-26,0.1,37.1,24.7,5.2,0.23,Mahabubabad,TS
2022-03-27,0.0,37.1,24.8,5.5,0.233,Mahabubabad,TS
2022-03-28,0.0,38.2,24.8,5.71,0.236,Mahabubabad,TS
2022-03-29,0.0,38.8,23.8,5.82,0.24,Mahabubabad,TS
2022-03-30,0.0,38.1,24.3,5.8,0.241,Mahabubabad,TS
2022-03-31,0.0,38.2,24.3,5.64,0.241,Mahabubabad,TS
2022-04-01,0.0,37.3,24.6,5.79,0.243,Mahabubabad,TS
2022-04-02,0.0,36.6,25.0,5.83,0.247,Mahabubabad,TS
2022-04-03,0.0,37.4,24.9,5.87,0.246,Mahabubabad,TS
2022-04-04,0.0,36.8,24.7,6.01,0.245,Mahabubabad,TS
2022-04-05,0.0,36.8,24.5,5.86,0.247,Mahabubabad,TS
2022-04-06,0.0,36.8,24.3,5.55,0.256,Mahabubabad,TS
2022-04-07,0.0,36.6,24.5,5.84,0.256,Mahabubabad,TS
2022-04-08,0.0,36.7,24.3,5.98,0.258,Mahabubabad,TS
2022-04-09,0.0,36.7,24.7,5.66,0.256,Mahabubabad,TS
2022-04-10,0.0,36.8,24.4,6.0,0.252,Mahabubabad,TS
2022-04-11,0.0,36.8,24.4,5.73,0.253,Mahabubabad,TS
2022-04-12,0.0,37.5,24.2,5.96,0.255,Mahabubabad,TS
2022-04-13,0.0,37.4,24.2,6.1,0.258,Mahabubabad,TS
2022-04-14,0.0,37.2,25.3,5.96,0.26,Mahabubabad,TS
2022-04-15,0.0,35.4,25.7,4.35,0.26,Mahabubabad,TS
2022-04-16,0.1,35.5,27.2,5.14,0.25,Mahabubabad,TS
2022-04-17,0.0,36.8,26.2,5.71,0.246,Mahabubabad,TS
2022-04-18,0.0,38.0,26.2,5.97,0.241,Mahabubabad,TS
2022-04-19,0.0,38.8,25.2,6.33,0.238,Mahabubabad,TS
2022-04-20,0.0,39.2,26.0,6.0,0.237,Mahabubabad,TS
2022-04-21,0.0,37.3,26.1,6.27,0.24,Mahabubabad,TS
2022-04-22,0.0,36.3,25.3,5.62,0.245,Mahabubabad,TS
2022-04-23,0.0,36.3,25.3,5.44,0.248,Mahabubabad,TS
2022-04-24,0.0,38.4,25.7,6.07,0.249,Mahabubabad,TS
2022-04-25,0.0,39.7,26.4,6.72,0.255,Mahabubabad,TS
2022-04-26,0.0,38.5,26.2,6.09,0.258,Mahabubabad,TS
2022-04-27,0.0,38.5,26.0,5.96,0.26,Mahabubabad,TS
2022-04-28,0.0,39.2,26.5,6.42,0.255,Mahabubabad,TS
2022-04-29,0.0,40.5,26.3,6.64,0.254,Mahabubabad,TS
2022-04-30,0.0,40.0,26.1,6.18,0.251,Mahabubabad,TS
2022-05-01,0.0,40.4,26.4,6.76,0.248,Mahabubabad,TS
2022-05-02,0.0,40.0,26.8,6.26,0.239,Mahabubabad,TS
2022-05-03,0.0,39.0,27.3,6.26,0.23,Mahabubabad,TS
2022-05-04,0.7,36.0,26.7,5.52,0.23,Mahabubabad,TS
2022-05-05,1.8,37.4,27.0,5.44,0.243,Mahabubabad,TS
2022-05-06,0.0,38.9,26.6,6.25,0.237,Mahabubabad,TS
2022-05-07,0.0,38.6,26.2,5.94,0.233,Mahabubabad,TS
2022-05-08,0.0,37.0,27.7,5.13,0.229,Mahabubabad,TS
2022-05-09,0.0,37.9,26.2,6.36,0.226,Mahabubabad,TS
2022-05-10,0.0,35.5,27.4,4.7,0.222,Mahabubabad,TS
2022-05-11,8.4,32.8,25.9,3.3,0.334,Mahabubabad,TS
2022-05-12,1.1,33.4,26.3,4.73,0.346,Mahabubabad,TS
2022-05-13,0.2,34.9,24.9,4.73,0.32,Mahabubabad,TS
2022-05-14,0.2,37.5,25.7,5.96,0.302,Mahabubabad,TS
2022-05-15,0.1,37.9,26.8,6.09,0.284,Mahabubabad,TS
2022-05-16,0.1,37.2,27.1,5.43,0.272,Mahabubabad,TS
2022-05-17,0.9,36.5,27.1,5.4,0.27,Mahabubabad,TS
2022-05-18,15.0,35.4,26.5,4.78,0.295,Mahabubabad,TS
2022-05-19,13.2,33.4,26.1,3.96,0.368,Mahabubabad,TS
2022-05-20,3.0,34.5,25.9,4.86,0.346,Mahabubabad,TS
2022-05-21,0.0,38.2,26.4,6.24,0.33,Mahabubabad,TS
2022-05-22,0.0,38.1,27.6,7.78,0.309,Mahabubabad,TS
2022-05-23,0.0,38.5,28.9,7.79,0.29,Mahabubabad,TS
2022-05-24,0.0,39.6,28.0,6.91,0.278,Mahabubabad,TS
2022-05-25,0.2,37.7,25.3,6.3,0.272,Mahabubabad,TS
2022-05-26,0.1,38.4,27.9,6.12,0.262,Mahabubabad,TS
2022-05-27,2.4,38.2,25.5,5.61,0.268,Mahabubabad,TS
2022-05-28,0.0,38.8,27.4,7.53,0.261,Mahabubabad,TS
2022-05-29,0.0,38.8,28.5,7.17,0.255,Mahabubabad,TS
2022-05-30,0.0,39.8,28.3,7.2,0.248,Mahabubabad,TS
2022-05-31,1.8,38.7,28.9,6.67,0.247,Mahabubabad,TS
2022-06-01,0.0,39.2,27.6,6.74,0.24,Mahabubabad,TS
2022-06-02,0.0,40.8,29.0,6.9,0.231,Mahabubabad,TS
2022-06-03,0.0,41.3,28.6,7.25,0.225,Mahabubabad,TS
2022-06-04,0.0,41.6,28.7,7.09,0.218,Mahabubabad,TS
2022-06-05,0.0,39.9,29.1,6.5,0.212,Mahabubabad,TS
2022-06-06,0.0,41.1,29.0,7.13,0.213,Mahabubabad,TS
2022-06-07,0.0,41.3,29.2,7.53,0.222,Mahabubabad,TS
2022-06-08,0.0,40.1,29.5,7.67,0.216,Mahabubabad,TS
2022-06-09,0.0,39.1,29.3,7.92,0.211,Mahabubabad,TS
2022-06-10,0.0,39.6,29.7,6.8,0.229,Mahabubabad,TS
2022-06-11,0.0,37.7,28.6,6.75,0.28,Mahabubabad,TS
2022-06-12,0.3,36.9,26.9,6.04,0.259,Mahabubabad,TS
2022-06-13,0.1,35.8,26.4,5.43,0.237,Mahabubabad,TS
2022-06-14,3.1,37.3,25.9,5.87,0.226,Mahabubabad,TS
2022-06-15,10.4,36.6,24.7,5.45,0.26,Mahabubabad,TS
2022-06-16,3.8,33.9,24.6,4.27,0.311,Mahabubabad,TS
2022-06-17,1.5,34.8,24.9,5.37,0.302,Mahabubabad,TS
2022-06-18,2.5,34.2,26.4,5.15,0.313,Mahabubabad,TS
2022-06-19,2.8,33.7,26.4,4.61,0.313,Mahabubabad,TS
2022-06-20,14.0,34.8,25.3,4.42,0.307,Mahabubabad,TS
2022-06-21,8.8,31.2,24.5,2.96,0.38,Mahabubabad,TS
2022-06-22,2.2,32.0,25.0,3.15,0.376,Mahabubabad,TS
2022-06-23,0.5,33.8,25.4,4.47,0.36,Mahabubabad,TS
2022-06-24,0.9,32.8,25.5,3.68,0.354,Mahabubabad,TS
2022-06-25,7.9,33.2,25.3,4.2,0.361,Mahabubabad,TS
2022-06-26,10.8,30.5,24.7,2.74,0.399,Mahabubabad,TS
2022-06-27,9.6,30.5,24.2,3.57,0.41,Mahabubabad,TS
2022-06-28,28.1,30.8,24.3,3.39,0.412,Mahabubabad,TS
2022-06-29,4.7,30.9,24.6,3.29,0.398,Mahabubabad,TS
2022-06-30,4.4,32.6,25.5,4.19,0.392,Mahabubabad,TS
2022-07-01,8.1,33.9,24.6,4.67,0.395,Mahabubabad,TS
2022-07-02,1.6,32.4,25.3,4.2,0.397,Mahabubabad,TS
2022-07-03,10.9,32.6,24.4,4.23,0.408,Mahabubabad,TS
2022-07-04,7.6,30.9,24.9,2.86,0.413,Mahabubabad,TS
2022-07-05,10.7,30.0,24.4,2.52,0.415,Mahabubabad,TS
2022-07-06,20.2,28.3,24.5,1.79,0.424,Mahabubabad,TS
2022-07-07,18.7,31.3,24.5,3.12,0.422,Mahabubabad,TS
2022-07-08,57.9,25.0,24.4,1.02,0.428,Mahabubabad,TS
2022-07-09,93.2,24.9,23.8,1.19,0.429,Mahabubabad,TS
2022-07-10,53.5,25.0,23.7,1.54,0.429,Mahabubabad,TS
2022-07-11,58.5,25.3,23.6,1.2,0.429,Mahabubabad,TS
2022-07-12,50.2,24.7,23.5,1.35,0.429,Mahabubabad,TS
2022-07-13,28.5,27.1,23.4,1.92,0.427,Mahabubabad,TS
2022-07-14,6.7,28.4,24.8,3.69,0.422,Mahabubabad,TS
2022-07-15,4.7,31.0,24.2,4.36,0.413,Mahabubabad,TS
2022-07-16,3.6,33.1,25.2,4.73,0.405,Mahabubabad,TS
2022-07-17,25.4,26.9,24.7,1.65,0.423,Mahabubabad,TS
2022-07-18,19.0,31.3,23.9,3.22,0.425,Mahabubabad,TS
2022-07-19,0.0,32.8,23.3,5.63,0.406,Mahabubabad,TS
2022-07-20,0.7,32.8,24.8,5.05,0.391,Mahabubabad,TS
2022-07-21,3.2,30.8,25.5,3.17,0.391,Mahabubabad,TS
2022-07-22,31.5,29.0,24.5,2.55,0.41,Mahabubabad,TS
2022-07-23,14.2,28.1,24.1,2.44,0.425,Mahabubabad,TS
2022-07-24,2.8,29.4,23.8,2.84,0.413,Mahabubabad,TS
2022-07-25,14.4,31.0,24.0,3.77,0.415,Mahabubabad,TS
2022-07-26,13.8,30.0,23.6,2.71,0.419,Mahabubabad,TS
2022-07-27,1.6,32.3,23.4,4.78,0.412,Mahabubabad,TS
2022-07-28,3.9,31.7,23.3,4.61,0.404,Mahabubabad,TS
2022-07-29,11.9,33.1,23.9,4.42,0.404,Mahabubabad,TS
2022-07-30,7.8,31.5,23.9,3.55,0.408,Mahabubabad,TS
2022-07-31,1.4,32.5,24.7,4.7,0.391,Mahabubabad,TS
2022-08-01,7.1,32.8,24.1,4.16,0.386,Mahabubabad,TS
2022-08-02,12.0,32.7,24.2,3.49,0.398,Mahabubabad,TS
2022-08-03,28.6,32.7,24.5,3.96,0.406,Mahabubabad,TS
2022-08-04,6.1,31.4,24.4,3.37,0.407,Mahabubabad,TS
2022-08-05,13.1,31.3,24.1,3.51,0.411,Mahabubabad,TS
2022-08-06,14.7,29.7,24.2,2.71,0.419,Mahabubabad,TS
2022-08-07,15.9,29.2,24.4,2.36,0.424,Mahabubabad,TS
2022-08-08,19.4,27.8,23.6,2.4,0.425,Mahabubabad,TS
2022-08-09,21.7,28.8,23.7,2.72,0.426,Mahabubabad,TS
2022-08-10,2.1,31.9,23.6,4.98,0.417,Mahabubabad,TS
2022-08-11,0.0,30.2,25.6,3.76,0.402,Mahabubabad,TS
2022-08-12,0.3,32.2,25.5,5.23,0.389,Mahabubabad,TS
2022-08-13,1.4,31.8,25.8,4.91,0.381,Mahabubabad,TS
2022-08-14,22.2,28.8,23.9,2.36,0.425,Mahabubabad,TS
2022-08-15,8.9,29.7,23.7,2.84,0.421,Mahabubabad,TS
2022-08-16,0.1,32.3,23.3,5.23,0.399,Mahabubabad,TS
2022-08-17,0.0,33.0,24.2,5.4,0.376,Mahabubabad,TS
2022-08-18,0.3,33.2,25.3,5.54,0.364,Mahabubabad,TS
2022-08-19,0.5,32.1,25.5,3.95,0.355,Mahabubabad,TS
2022-08-20,0.7,32.4,25.8,4.63,0.363,Mahabubabad,TS
2022-08-21,0.0,33.2,25.4,5.73,0.367,Mahabubabad,TS
2022-08-22,0.0,33.1,25.8,5.89,0.346,Mahabubabad,TS
2022-08-23,1.1,32.9,25.1,5.23,0.332,Mahabubabad,TS
2022-08-24,0.6,33.4,24.9,4.53,0.325,Mahabubabad,TS
2022-08-25,3.5,33.0,23.3,4.36,0.325,Mahabubabad,TS
2022-08-26,0.4,33.6,24.4,5.36,0.313,Mahabubabad,TS
2022-08-27,1.3,33.1,25.0,4.99,0.31,Mahabubabad,TS
2022-08-28,6.4,33.5,23.8,4.44,0.325,Mahabubabad,TS
2022-08-29,8.5,32.5,24.5,3.88,0.317,Mahabubabad,TS
2022-08-30,9.8,32.1,23.4,4.81,0.372,Mahabubabad,TS
2022-08-31,7.0,31.7,24.2,4.08,0.385,Mahabubabad,TS
2022-09-01,1.9,32.5,24.3,4.7,0.36,Mahabubabad,TS
2022-09-02,1.6,32.3,24.1,4.66,0.332,Mahabubabad,TS
2022-09-03,0.2,33.1,24.7,5.15,0.322,Mahabubabad,TS
2022-09-04,2.4,32.9,24.8,4.11,0.312,Mahabubabad,TS
2022-09-05,15.8,33.2,23.5,4.94,0.33,Mahabubabad,TS
2022-09-06,7.6,33.2,23.7,4.14,0.375,Mahabubabad,TS
2022-09-07,37.4,32.1,23.4,3.25,0.405,Mahabubabad,TS
2022-09-08,22.1,27.9,23.8,1.81,0.413,Mahabubabad,TS
2022-09-09,6.8,29.3,23.7,2.24,0.415,Mahabubabad,TS
2022-09-10,22.8,28.6,24.3,1.82,0.423,Mahabubabad,TS
2022-09-11,33.7,27.1,23.9,1.56,0.427,Mahabubabad,TS
2022-09-12,16.1,30.3,24.2,3.51,0.421,Mahabubabad,TS
2022-09-13,0.1,30.9,24.5,4.11,0.407,Mahabubabad,TS
2022-09-14,0.5,32.0,24.2,5.22,0.402,Mahabubabad,TS
2022-09-15,0.0,32.2,24.5,4.93,0.39,Mahabubabad,TS
2022-09-16,0.0,32.3,24.4,5.04,0.374,Mahabubabad,TS
2022-09-17,0.7,32.3,25.0,4.69,0.359,Mahabubabad,TS
2022-09-18,2.7,32.2,24.5,3.87,0.347,Mahabubabad,TS
2022-09-19,12.2,29.7,24.2,1.95,0.367,Mahabubabad,TS
2022-09-20,8.3,30.6,24.0,2.39,0.412,Mahabubabad,TS
2022-09-21,1.7,31.2,23.9,3.77,0.398,Mahabubabad,TS
2022-09-22,8.0,30.3,23.7,3.45,0.4,Mahabubabad,TS
2022-09-23,3.9,30.8,23.9,3.53,0.411,Mahabubabad,TS
2022-09-24,0.4,31.5,23.5,4.8,0.393,Mahabubabad,TS
2022-09-25,0.1,32.3,23.2,4.77,0.372,Mahabubabad,TS
2022-09-26,15.4,32.2,24.1,3.27,0.367,Mahabubabad,TS
2022-09-27,11.9,31.8,23.3,3.91,0.395,Mahabubabad,TS
2022-09-28,13.6,30.1,24.3,2.69,0.387,Mahabubabad,TS
2022-09-29,9.5,31.1,23.2,2.95,0.418,Mahabubabad,TS
2022-09-30,3.9,30.5,23.8,2.58,0.411,Mahabubabad,TS
2022-10-01,0.3,32.0,23.6,3.78,0.394,Mahabubabad,TS
2022-10-02,0.0,32.7,24.6,5.2,0.38,Mahabubabad,TS
2022-10-03,0.0,32.9,24.5,5.57,0.363,Mahabubabad,TS
2022-10-04,0.9,30.5,24.6,3.38,0.352,Mahabubabad,TS
2022-10-05,10.4,30.0,23.8,2.72,0.375,Mahabubabad,TS
2022-10-06,13.4,28.5,22.9,2.36,0.419,Mahabubabad,TS
2022-10-07,2.5,29.8,23.0,3.56,0.413,Mahabubabad,TS
2022-10-08,1.6,30.6,23.7,3.53,0.407,Mahabubabad,TS
2022-10-09,18.2,29.9,23.0,2.68,0.414,Mahabubabad,TS
2022-10-10,8.9,29.7,22.6,3.34,0.418,Mahabubabad,TS
2022-10-11,2.3,30.1,23.2,3.77,0.408,Mahabubabad,TS
2022-10-12,11.1,30.7,22.3,4.13,0.401,Mahabubabad,TS
2022-10-13,5.6,30.3,22.2,3.11,0.407,Mahabubabad,TS
2022-10-14,8.6,29.8,22.8,2.91,0.406,Mahabubabad,TS
2022-10-15,29.9,28.5,23.0,1.97,0.423,Mahabubabad,TS
2022-10-16,3.1,29.0,22.3,2.4,0.416,Mahabubabad,TS
2022-10-17,3.1,31.7,22.7,4.24,0.402,Mahabubabad,TS
2022-10-18,5.3,29.9,22.0,2.94,0.396,Mahabubabad,TS
2022-10-19,3.7,31.1,22.3,3.55,0.4,Mahabubabad,TS
2022-10-20,1.8,31.2,21.9,3.98,0.397,Mahabubabad,TS
2022-10-21,0.0,32.2,22.3,4.7,0.369,Mahabubabad,TS
2022-10-22,0.0,30.8,20.1,5.15,0.355,Mahabubabad,TS
2022-10-23,0.0,30.8,20.1,5.48,0.338,Mahabubabad,TS
2022-10-24,0.0,30.3,20.0,5.41,0.33,Mahabubabad,TS
2022-10-25,0.0,30.8,18.3,5.11,0.32,Mahabubabad,TS
2022-10-26,0.0,32.1,18.5,4.49,0.311,Mahabubabad,TS
2022-10-27,0.0,31.8,20.4,4.97,0.3,Mahabubabad,TS
2022-10-28,0.0,31.3,19.5,5.01,0.286,Mahabubabad,TS
2022-10-29,0.0,30.7,18.7,5.18,0.275,Mahabubabad,TS
2022-10-30,0.0,30.5,17.8,4.91,0.264,Mahabubabad,TS
2022-10-31,0.0,30.6,18.9,4.65,0.254,Mahabubabad,TS
2022-11-01,0.0,30.6,20.1,3.32,0.25,Mahabubabad,TS
2022-11-02,0.1,31.5,21.3,3.59,0.245,Mahabubabad,TS
2022-11-03,0.7,31.6,22.1,3.43,0.23,Mahabubabad,TS
2022-11-04,0.1,30.1,21.7,3.1,0.235,Mahabubabad,TS
2022-11-05,0.0,31.8,21.4,4.34,0.232,Mahabubabad,TS
2022-11-06,0.0,31.6,20.2,4.34,0.225,Mahabubabad,TS
2022-11-07,0.0,31.5,19.8,4.47,0.22,Mahabubabad,TS
2022-11-08,0.0,31.9,19.9,4.23,0.213,Mahabubabad,TS
2022-11-09,0.0,31.4,20.2,4.25,0.208,Mahabubabad,TS
2022-11-10,0.0,32.2,18.9,4.71,0.202,Mahabubabad,TS
2022-11-11,0.0,31.7,19.6,4.73,0.197,Mahabubabad,TS
2022-11-12,0.0,31.9,19.8,4.53,0.194,Mahabubabad,TS
2022-11-13,0.0,32.3,19.6,4.34,0.189,Mahabubabad,TS
2022-11-14,0.0,31.5,20.6,4.4,0.187,Mahabubabad,TS
2022-11-15,0.0,31.0,19.1,4.67,0.182,Mahabubabad,TS
2022-11-16,0.0,30.8,17.8,4.78,0.183,Mahabubabad,TS
2022-11-17,0.0,30.8,17.5,4.94,0.181,Mahabubabad,TS
2022-11-18,0.0,30.4,16.7,4.86,0.176,Mahabubabad,TS
2022-11-19,0.0,28.9,17.1,4.77,0.179,Mahabubabad,TS
2022-11-20,0.0,28.4,16.6,4.83,0.181,Mahabubabad,TS
2022-11-21,5.6,30.3,20.0,3.76,0.192,Mahabubabad,TS
2022-11-22,0.2,31.3,20.2,3.56,0.214,Mahabubabad,TS
2022-11-23,1.1,30.7,21.8,3.36,0.213,Mahabubabad,TS
2022-11-24,1.9,30.1,22.2,3.24,0.252,Mahabubabad,TS
2022-11-25,0.0,31.5,21.5,4.1,0.25,Mahabubabad,TS
2022-11-26,0.0,30.5,21.1,4.25,0.236,Mahabubabad,TS
2022-11-27,0.0,30.0,17.5,4.63,0.224,Mahabubabad,TS
2022-11-28,0.0,29.7,16.3,4.33,0.214,Mahabubabad,TS
2022-11-29,0.0,29.7,15.8,3.98,0.205,Mahabubabad,TS
2022-11-30,0.0,29.6,15.7,3.78,0.198,Mahabubabad,TS
2022-12-01,0.0,31.8,19.1,3.83,0.192,Mahabubabad,TS
2022-12-02,0.1,30.8,20.0,3.56,0.189,Mahabubabad,TS
2022-12-03,0.0,31.2,21.5,3.53,0.185,Mahabubabad,TS
2022-12-04,0.0,31.8,21.9,4.25,0.188,Mahabubabad,TS
2022-12-05,0.0,30.1,20.2,3.75,0.191,Mahabubabad,TS
2022-12-06,0.0,30.9,17.7,4.34,0.189,Mahabubabad,TS
2022-12-07,0.0,30.3,18.2,4.69,0.193,Mahabubabad,TS
2022-12-08,0.0,28.3,17.8,4.81,0.193,Mahabubabad,TS
2022-12-09,0.9,28.2,17.4,3.49,0.2,Mahabubabad,TS
2022-12-10,18.0,28.8,19.8,2.71,0.278,Mahabubabad,TS
2022-12-11,6.2,27.8,21.5,2.6,0.367,Mahabubabad,TS
2022-12-12,0.7,29.2,20.9,3.29,0.346,Mahabubabad,TS
2022-12-13,0.4,29.3,22.4,2.88,0.323,Mahabubabad,TS
2022-12-14,0.1,30.4,21.1,3.38,0.316,Mahabubabad,TS
2022-12-15,0.3,30.4,21.5,3.26,0.302,Mahabubabad,TS
2022-12-16,0.0,31.1,21.1,3.59,0.292,Mahabubabad,TS
2022-12-17,0.0,31.6,21.0,3.71,0.285,Mahabubabad,TS
2022-12-18,0.1,29.5,20.4,3.51,0.277,Mahabubabad,TS
2022-12-19,0.0,29.1,18.7,3.53,0.268,Mahabubabad,TS
2022-12-20,0.0,30.2,17.4,3.79,0.26,Mahabubabad,TS
2022-12-21,0.0,30.3,17.7,3.75,0.256,Mahabubabad,TS
2022-12-22,0.0,29.1,17.7,3.15,0.25,Mahabubabad,TS
2022-12-23,0.0,30.0,17.0,3.81,0.241,Mahabubabad,TS
2022-12-24,0.0,30.2,16.5,3.68,0.236,Mahabubabad,TS
2022-12-25,0.0,30.4,17.3,3.96,0.232,Mahabubabad,TS
2022-12-26,0.7,30.0,20.0,3.18,0.23,Mahabubabad,TS
2022-12-27,0.2,31.0,21.8,3.3,0.228,Mahabubabad,TS
2022-12-28,0.0,31.0,21.7,3.42,0.223,Mahabubabad,TS
2022-12-29,0.0,31.6,21.3,3.68,0.217,Mahabubabad,TS
2022-12-30,0.0,31.6,20.6,3.81,0.213,Mahabubabad,TS
2022-12-31,0.0,31.7,19.6,3.79,0.211,Mahabubabad,TS
2023-01-01,0.0,31.1,19.9,3.72,0.21,Mahabubabad,TS
2023-01-02,0.0,30.4,20.3,3.38,0.21,Mahabubabad,TS
2023-01-03,0.2,30.2,20.1,3.42,0.209,Mahabubabad,TS
2023-01-04,0.2,30.3,20.6,3.59,0.208,Mahabubabad,TS
2023-01-05,6.9,27.6,20.4,2.72,0.278,Mahabubabad,TS
2023-01-06,0.7,29.1,19.9,3.48,0.282,Mahabubabad,TS
2023-01-07,0.0,28.7,18.1,4.12,0.272,Mahabubabad,TS
2023-01-08,0.0,27.6,14.6,4.4,0.259,Mahabubabad,TS
2023-01-09,0.0,27.9,13.4,3.9,0.249,Mahabubabad,TS
2023-01-10,0.0,29.8,14.5,4.22,0.241,Mahabubabad,TS
2023-01-11,0.0,29.8,14.7,3.82,0.23,Mahabubabad,TS
2023-01-12,0.0,30.0,15.0,3.92,0.223,Mahabubabad,TS
2023-01-13,0.0,29.8,16.4,3.88,0.218,Mahabubabad,TS
2023-01-14,0.0,30.0,17.3,3.86,0.214,Mahabubabad,TS
2023-01-15,0.0,30.2,17.5,3.92,0.211,Mahabubabad,TS
2023-01-16,0.0,30.0,17.7,4.09,0.209,Mahabubabad,TS
2023-01-17,0.0,29.7,16.7,3.91,0.208,Mahabubabad,TS
2023-01-18,0.0,30.0,17.4,3.9,0.207,Mahabubabad,TS
2023-01-19,0.0,29.5,17.5,3.97,0.207,Mahabubabad,TS
2023-01-20,0.0,29.3,18.0,3.6,0.204,Mahabubabad,TS
2023-01-21,0.0,29.9,18.7,3.86,0.202,Mahabubabad,TS
2023-01-22,0.0,29.9,18.2,3.9,0.206,Mahabubabad,TS
2023-01-23,0.0,30.0,18.3,4.11,0.205,Mahabubabad,TS
2023-01-24,0.0,29.9,18.0,4.27,0.205,Mahabubabad,TS
2023-01-25,0.1,29.3,17.1,3.99,0.204,Mahabubabad,TS
2023-01-26,0.0,30.4,16.3,4.12,0.201,Mahabubabad,TS
2023-01-27,0.0,30.5,17.1,4.05,0.199,Mahabubabad,TS
2023-01-28,0.0,31.2,16.1,4.23,0.199,Mahabubabad,TS
2023-01-29,0.0,31.2,17.4,4.68,0.197,Mahabubabad,TS
2023-01-30,0.0,31.3,18.3,4.28,0.194,Mahabubabad,TS
2023-01-31,0.0,31.7,19.7,4.25,0.195,Mahabubabad,TS
2023-02-01,0.0,31.4,19.4,4.59,0.198,Mahabubabad,TS
2023-02-02,0.0,31.0,17.1,4.94,0.203,Mahabubabad,TS
2023-02-03,0.0,30.8,16.4,4.56,0.208,Mahabubabad,TS
2023-02-04,0.0,31.6,16.8,4.8,0.208,Mahabubabad,TS
2023-02-05,0.0,31.2,16.4,4.91,0.209,Mahabubabad,TS
2023-02-06,0.0,31.2,17.0,4.42,0.208,Mahabubabad,TS
2023-02-07,0.0,32.2,18.2,4.56,0.216,Mahabubabad,TS
2023-02-08,0.0,32.6,19.7,4.72,0.215,Mahabubabad,TS
2023-02-09,0.0,32.6,18.7,4.77,0.216,Mahabubabad,TS
2023-02-10,0.0,33.2,18.3,5.1,0.217,Mahabubabad,TS
2023-02-11,0.0,33.5,17.5,4.97,0.219,Mahabubabad,TS
2023-02-12,0.0,33.8,18.2,5.77,0.216,Mahabubabad,TS
2023-02-13,0.0,32.2,18.4,5.97,0.218,Mahabubabad,TS
2023-02-14,0.0,31.4,16.2,5.71,0.217,Mahabubabad,TS
2023-02-15,0.0,32.8,16.9,5.64,0.213,Mahabubabad,TS
2023-02-16,0.0,33.8,16.6,5.89,0.211,Mahabubabad,TS
2023-02-17,0.0,32.7,17.3,4.73,0.211,Mahabubabad,TS
2023-02-18,0.0,31.8,18.2,4.48,0.203,Mahabubabad,TS
2023-02-19,0.0,32.0,19.0,4.49,0.194,Mahabubabad,TS
2023-02-20,0.0,33.3,19.6,4.84,0.188,Mahabubabad,TS
2023-02-21,0.0,34.5,19.1,4.98,0.185,Mahabubabad,TS
2023-02-22,0.0,34.8,19.7,5.05,0.184,Mahabubabad,TS
2023-02-23,0.0,34.7,20.4,5.11,0.182,Mahabubabad,TS
2023-02-24,0.0,34.8,20.0,5.24,0.179,Mahabubabad,TS
2023-02-25,0.0,35.6,19.5,5.31,0.177,Mahabubabad,TS
2023-02-26,0.0,34.5,20.3,5.61,0.174,Mahabubabad,TS
2023-02-27,0.0,34.3,19.9,5.95,0.171,Mahabubabad,TS
2023-02-28,0.0,34.1,20.0,5.81,0.169,Mahabubabad,TS
2023-03-01,0.0,33.8,20.3,5.55,0.16,Mahabubabad,TS
2023-03-02,0.0,34.6,19.2,5.47,0.155,Mahabubabad,TS
2023-03-03,0.0,35.4,19.5,5.82,0.15,Mahabubabad,TS
2023-03-04,0.0,35.6,20.6,5.72,0.15,Mahabubabad,TS
2023-03-05,0.0,35.6,19.9,5.5,0.148,Mahabubabad,TS
2023-03-06,0.0,36.0,20.4,6.17,0.147,Mahabubabad,TS
2023-03-07,0.0,33.7,19.9,6.03,0.145,Mahabubabad,TS
2023-03-08,0.0,35.1,20.7,5.4,0.144,Mahabubabad,TS
2023-03-09,0.0,35.0,21.6,5.4,0.139,Mahabubabad,TS
2023-03-10,0.0,34.3,21.3,5.22,0.142,Mahabubabad,TS
2023-03-11,0.0,34.9,21.3,5.42,0.141,Mahabubabad,TS
2023-03-12,0.0,34.8,21.0,5.75,0.143,Mahabubabad,TS
2023-03-13,0.0,35.4,20.7,5.72,0.145,Mahabubabad,TS
2023-03-14,0.0,36.8,20.6,6.15,0.148,Mahabubabad,TS
2023-03-15,0.0,35.7,20.8,5.73,0.149,Mahabubabad,TS
2023-03-16,6.0,32.1,22.5,3.71,0.196,Mahabubabad,TS
2023-03-17,21.3,27.6,19.4,2.51,0.35,Mahabubabad,TS
2023-03-18,14.9,27.0,20.6,2.71,0.348,Mahabubabad,TS
2023-03-19,6.1,29.1,19.6,4.5,0.396,Mahabubabad,TS
2023-03-20,2.4,29.8,21.2,3.89,0.373,Mahabubabad,TS
2023-03-21,0.0,31.4,21.1,4.62,0.351,Mahabubabad,TS
2023-03-22,0.1,32.2,22.1,4.83,0.335,Mahabubabad,TS
2023-03-23,1.1,32.3,22.8,4.31,0.324,Mahabubabad,TS
2023-03-24,0.3,33.2,23.1,4.97,0.312,Mahabubabad,TS
2023-03-25,1.9,33.3,24.0,4.47,0.303,Mahabubabad,TS
2023-03-26,0.8,33.1,23.7,4.56,0.296,Mahabubabad,TS
2023-03-27,14.8,33.6,23.3,4.71,0.325,Mahabubabad,TS
2023-03-28,0.3,34.1,23.2,5.15,0.276,Mahabubabad,TS
2023-03-29,0.0,34.9,23.7,5.55,0.27,Mahabubabad,TS
2023-03-30,0.2,34.8,23.6,5.59,0.262,Mahabubabad,TS
2023-03-31,5.6,33.7,23.6,4.6,0.291,Mahabubabad,TS
2023-04-01,3.9,33.0,23.8,4.54,0.287,Mahabubabad,TS
2023-04-02,0.1,34.5,23.7,5.08,0.269,Mahabubabad,TS
2023-04-03,0.2,34.6,23.8,5.1,0.259,Mahabubabad,TS
2023-04-04,0.3,35.4,25.4,5.01,0.247,Mahabubabad,TS
2023-04-05,7.4,35.8,24.2,4.68,0.252,Mahabubabad,TS
2023-04-06,3.8,34.0,25.0,4.14,0.251,Mahabubabad,TS
2023-04-07,7.4,34.2,24.4,4.48,0.279,Mahabubabad,TS
2023-04-08,0.0,36.0,23.7,5.52,0.283,Mahabubabad,TS
2023-04-09,0.0,36.0,24.4,5.6,0.261,Mahabubabad,TS
2023-04-10,0.0,36.7,23.6,5.74,0.242,Mahabubabad,TS
2023-04-11,0.0,37.9,23.8,6.2,0.228,Mahabubabad,TS
2023-04-12,0.0,39.7,24.4,6.1,0.22,Mahabubabad,TS
2023-04-13,0.0,39.6,24.5,6.46,0.213,Mahabubabad,TS
2023-04-14,0.0,40.1,25.7,6.17,0.209,Mahabubabad,TS
2023-04-15,0.0,38.2,26.9,6.79,0.207,Mahabubabad,TS
2023-04-16,0.0,39.0,26.0,6.71,0.204,Mahabubabad,TS
2023-04-17,0.0,40.3,25.0,6.68,0.197,Mahabubabad,TS
2023-04-18,0.0,40.4,25.4,6.57,0.195,Mahabubabad,TS
2023-04-19,0.0,40.7,24.8,6.42,0.192,Mahabubabad,TS
2023-04-20,0.0,40.4,24.8,6.93,0.191,Mahabubabad,TS
2023-04-21,0.0,37.7,26.2,6.64,0.189,Mahabubabad,TS
2023-04-22,0.6,36.4,25.3,5.85,0.191,Mahabubabad,TS
2023-04-23,12.0,33.6,23.6,4.94,0.293,Mahabubabad,TS
2023-04-24,6.8,33.4,22.5,5.08,0.358,Mahabubabad,TS
2023-04-25,16.4,33.3,24.5,3.92,0.374,Mahabubabad,TS
2023-04-26,0.0,33.8,23.1,5.29,0.358,Mahabubabad,TS
2023-04-27,1.3,33.5,24.1,4.65,0.336,Mahabubabad,TS
2023-04-28,2.4,33.8,24.2,4.79,0.321,Mahabubabad,TS
2023-04-29,11.6,33.0,24.3,4.39,0.351,Mahabubabad,TS
2023-04-30,25.5,30.5,23.3,3.16,0.381,Mahabubabad,TS
2023-05-01,35.4,27.8,22.7,3.1,0.411,Mahabubabad,TS
2023-05-02,8.9,29.0,23.3,2.63,0.387,Mahabubabad,TS
2023-05-03,2.1,30.5,23.2,4.0,0.363,Mahabubabad,TS
2023-05-04,0.6,32.5,22.9,4.35,0.351,Mahabubabad,TS
2023-05-05,8.1,33.3,24.3,4.06,0.335,Mahabubabad,TS
2023-05-06,10.3,34.7,24.9,4.54,0.329,Mahabubabad,TS
2023-05-07,3.2,34.0,25.0,3.5,0.337,Mahabubabad,TS
2023-05-08,0.1,37.3,26.8,5.47,0.297,Mahabubabad,TS
2023-05-09,12.5,34.9,27.2,3.39,0.313,Mahabubabad,TS
2023-05-10,6.1,38.4,26.8,5.11,0.284,Mahabubabad,TS
2023-05-11,0.0,37.0,27.2,5.74,0.274,Mahabubabad,TS
2023-05-12,0.0,40.2,26.2,6.93,0.262,Mahabubabad,TS
2023-05-13,0.0,40.6,23.9,7.13,0.252,Mahabubabad,TS
2023-05-14,0.0,41.7,24.1,8.13,0.245,Mahabubabad,TS
2023-05-15,0.0,40.3,26.2,8.33,0.239,Mahabubabad,TS
2023-05-16,0.0,40.1,26.8,7.71,0.234,Mahabubabad,TS
2023-05-17,0.0,40.1,25.8,7.49,0.228,Mahabubabad,TS
2023-05-18,0.0,39.0,27.0,6.39,0.218,Mahabubabad,TS
2023-05-19,2.3,37.6,27.4,5.53,0.217,Mahabubabad,TS
2023-05-20,13.8,37.1,27.8,5.4,0.239,Mahabubabad,TS
2023-05-21,0.2,37.8,26.8,5.85,0.207,Mahabubabad,TS
2023-05-22,0.0,38.2,26.8,5.75,0.204,Mahabubabad,TS
2023-05-23,0.0,38.3,26.6,6.16,0.202,Mahabubabad,TS
2023-05-24,2.6,39.1,27.3,5.84,0.214,Mahabubabad,TS
2023-05-25,3.8,36.9,27.7,5.24,0.211,Mahabubabad,TS
2023-05-26,0.0,39.1,27.7,7.38,0.205,Mahabubabad,TS
2023-05-27,0.0,39.5,26.3,7.11,0.199,Mahabubabad,TS
2023-05-28,0.0,40.7,27.2,6.69,0.191,Mahabubabad,TS
2023-05-29,26.3,36.3,26.8,3.47,0.265,Mahabubabad,TS
2023-05-30,22.8,32.4,26.6,2.55,0.27,Mahabubabad,TS
2023-05-31,0.0,39.4,25.2,6.05,0.198,Mahabubabad,TS
2023-06-01,0.0,39.9,27.6,6.56,0.193,Mahabubabad,TS
2023-06-02,0.1,41.4,26.7,6.86,0.191,Mahabubabad,TS
2023-06-03,0.0,41.3,27.3,7.46,0.187,Mahabubabad,TS
2023-06-04,0.9,38.7,28.0,6.79,0.185,Mahabubabad,TS
2023-06-05,0.0,38.8,27.5,6.77,0.184,Mahabubabad,TS
2023-06-06,0.0,39.2,27.7,7.4,0.183,Mahabubabad,TS
2023-06-07,0.0,40.8,29.8,7.79,0.178,Mahabubabad,TS
2023-06-08,0.0,40.4,29.0,7.88,0.176,Mahabubabad,TS
2023-06-09,0.0,41.1,30.0,8.5,0.176,Mahabubabad,TS
2023-06-10,0.4,39.0,28.2,7.27,0.172,Mahabubabad,TS
2023-06-11,1.1,39.0,26.3,6.92,0.228,Mahabubabad,TS
2023-06-12,2.3,39.0,29.4,6.92,0.226,Mahabubabad,TS
2023-06-13,0.0,39.8,29.4,8.13,0.207,Mahabubabad,TS
2023-06-14,0.0,39.9,30.4,8.41,0.194,Mahabubabad,TS
2023-06-15,0.0,39.6,30.4,8.3,0.184,Mahabubabad,TS
2023-06-16,0.0,40.3,30.0,8.09,0.175,Mahabubabad,TS
2023-06-17,0.0,40.5,31.0,8.34,0.166,Mahabubabad,TS
2023-06-18,0.1,39.9,28.6,7.06,0.162,Mahabubabad,TS
2023-06-19,0.0,39.5,30.7,6.34,0.158,Mahabubabad,TS
2023-06-20,0.3,36.7,29.5,5.05,0.161,Mahabubabad,TS
2023-06-21,22.4,36.2,26.8,3.78,0.248,Mahabubabad,TS
2023-06-22,0.7,35.6,26.5,5.15,0.286,Mahabubabad,TS
2023-06-23,22.0,31.5,25.8,2.09,0.361,Mahabubabad,TS
2023-06-24,9.6,32.7,25.5,3.54,0.389,Mahabubabad,TS
2023-06-25,4.3,32.2,25.3,3.52,0.37,Mahabubabad,TS
2023-06-26,7.0,31.3,25.6,3.25,0.37,Mahabubabad,TS
2023-06-27,0.7,34.6,25.1,4.7,0.368,Mahabubabad,TS
2023-06-28,0.1,33.9,25.5,4.92,0.383,Mahabubabad,TS
2023-06-29,5.6,34.6,25.8,5.81,0.377,Mahabubabad,TS
2023-06-30,0.2,35.1,26.2,5.73,0.358,Mahabubabad,TS
2023-07-01,0.3,35.6,27.3,6.44,0.335,Mahabubabad,TS
2023-07-02,0.6,35.6,27.2,6.23,0.317,Mahabubabad,TS
2023-07-03,6.2,34.8,26.6,4.67,0.309,Mahabubabad,TS
2023-07-04,5.4,35.2,25.3,4.49,0.326,Mahabubabad,TS
2023-07-05,15.9,33.1,24.9,3.62,0.372,Mahabubabad,TS
2023-07-06,16.0,29.9,25.5,2.52,0.405,Mahabubabad,TS
2023-07-07,0.9,32.0,24.8,4.4,0.4,Mahabubabad,TS
2023-07-08,0.6,32.7,26.1,4.69,0.38,Mahabubabad,TS
2023-07-09,0.8,34.2,26.0,5.49,0.363,Mahabubabad,TS
2023-07-10,4.0,34.7,24.8,5.38,0.36,Mahabubabad,TS
2023-07-11,10.6,32.1,25.5,4.08,0.385,Mahabubabad,TS
2023-07-12,5.7,33.2,25.3,4.57,0.381,Mahabubabad,TS
2023-07-13,3.2,32.5,24.6,3.72,0.406,Mahabubabad,TS
2023-07-14,20.4,32.6,24.7,3.91,0.406,Mahabubabad,TS
2023-07-15,1.9,31.3,25.3,3.63,0.406,Mahabubabad,TS
2023-07-16,7.0,28.6,25.1,2.16,0.411,Mahabubabad,TS
2023-07-17,11.0,29.2,24.6,2.79,0.41,Mahabubabad,TS
2023-07-18,26.2,28.6,24.3,2.18,0.424,Mahabubabad,TS
2023-07-19,100.8,25.9,23.9,1.29,0.43,Mahabubabad,TS
2023-07-20,55.8,26.0,24.2,1.32,0.429,Mahabubabad,TS
2023-07-21,37.9,27.7,24.2,1.61,0.428,Mahabubabad,TS
2023-07-22,24.0,31.9,24.3,3.27,0.424,Mahabubabad,TS
2023-07-23,29.6,30.4,24.4,2.73,0.425,Mahabubabad,TS
2023-07-24,27.7,29.1,24.7,2.18,0.426,Mahabubabad,TS
2023-07-25,36.6,30.5,24.7,2.93,0.425,Mahabubabad,TS
2023-07-26,46.3,29.4,24.4,1.81,0.429,Mahabubabad,TS
2023-07-27,100.5,25.8,24.3,1.5,0.428,Mahabubabad,TS
2023-07-28,5.2,31.7,24.3,4.15,0.42,Mahabubabad,TS
2023-07-29,3.3,32.4,26.1,5.1,0.406,Mahabubabad,TS
2023-07-30,0.2,32.6,25.9,5.01,0.393,Mahabubabad,TS
2023-07-31,0.2,31.4,26.2,4.17,0.384,Mahabubabad,TS
2023-08-01,1.0,33.1,26.5,4.92,0.375,Mahabubabad,TS
2023-08-02,1.1,31.3,26.1,3.74,0.377,Mahabubabad,TS
2023-08-03,1.6,32.5,26.1,5.13,0.366,Mahabubabad,TS
2023-08-04,1.6,33.7,25.3,5.82,0.36,Mahabubabad,TS
2023-08-05,0.5,33.6,26.0,5.77,0.349,Mahabubabad,TS
2023-08-06,0.0,34.3,25.8,6.17,0.339,Mahabubabad,TS
2023-08-07,0.0,33.3,26.3,6.01,0.331,Mahabubabad,TS
2023-08-08,0.1,33.9,25.4,5.58,0.324,Mahabubabad,TS
2023-08-09,0.1,32.8,24.6,5.04,0.316,Mahabubabad,TS
2023-08-10,0.9,34.0,25.2,5.48,0.314,Mahabubabad,TS
2023-08-11,0.5,34.0,26.1,5.43,0.303,Mahabubabad,TS
2023-08-12,22.4,32.2,25.0,3.6,0.337,Mahabubabad,TS
2023-08-13,0.2,33.8,25.5,4.95,0.301,Mahabubabad,TS
2023-08-14,0.9,30.9,26.1,3.48,0.299,Mahabubabad,TS
2023-08-15,2.6,32.3,25.2,4.08,0.302,Mahabubabad,TS
2023-08-16,4.2,31.5,25.4,4.17,0.306,Mahabubabad,TS
2023-08-17,13.0,31.5,25.0,3.71,0.364,Mahabubabad,TS
2023-08-18,5.2,29.8,24.4,2.37,0.382,Mahabubabad,TS
2023-08-19,18.5,30.7,24.1,3.9,0.382,Mahabubabad,TS
2023-08-20,0.8,32.6,24.6,4.6,0.361,Mahabubabad,TS
2023-08-21,0.3,34.1,25.1,5.18,0.342,Mahabubabad,TS
2023-08-22,19.6,32.4,25.2,3.45,0.369,Mahabubabad,TS
2023-08-23,4.1,32.8,25.0,3.83,0.383,Mahabubabad,TS
2023-08-24,1.2,32.8,25.3,4.39,0.358,Mahabubabad,TS
2023-08-25,0.1,34.0,25.7,4.65,0.341,Mahabubabad,TS
2023-08-26,23.5,33.0,25.0,3.75,0.397,Mahabubabad,TS
2023-08-27,1.9,33.2,24.7,4.33,0.369,Mahabubabad,TS
2023-08-28,0.2,33.4,25.8,5.41,0.342,Mahabubabad,TS
2023-08-29,0.1,33.0,24.3,5.42,0.331,Mahabubabad,TS
2023-08-30,1.1,33.6,24.7,5.39,0.325,Mahabubabad,TS
2023-08-31,0.0,34.8,25.2,5.89,0.316,Mahabubabad,TS
2023-09-01,1.0,34.4,25.2,5.15,0.302,Mahabubabad,TS
2023-09-02,8.8,32.9,25.1,3.39,0.304,Mahabubabad,TS
2023-09-03,24.1,31.6,24.3,3.42,0.391,Mahabubabad,TS
2023-09-04,3.1,28.1,25.1,2.24,0.361,Mahabubabad,TS
2023-09-05,33.5,30.2,24.3,2.18,0.407,Mahabubabad,TS
2023-09-06,35.0,30.6,24.0,2.45,0.425,Mahabubabad,TS
2023-09-07,7.3,30.4,24.4,2.88,0.418,Mahabubabad,TS
2023-09-08,1.1,32.2,25.1,4.79,0.401,Mahabubabad,TS
2023-09-09,1.2,32.9,25.0,4.62,0.39,Mahabubabad,TS
2023-09-10,18.5,33.0,25.1,4.22,0.405,Mahabubabad,TS
2023-09-11,5.3,32.8,24.9,4.22,0.412,Mahabubabad,TS
2023-09-12,0.8,30.8,25.4,2.9,0.397,Mahabubabad,TS
2023-09-13,0.1,32.8,24.4,4.88,0.386,Mahabubabad,TS
2023-09-14,1.6,30.2,24.9,3.04,0.388,Mahabubabad,TS
2023-09-15,0.0,32.0,24.9,3.99,0.387,Mahabubabad,TS
2023-09-16,0.2,33.1,25.4,5.1,0.369,Mahabubabad,TS
2023-09-17,0.2,34.3,24.3,5.06,0.351,Mahabubabad,TS
2023-09-18,0.1,34.3,24.5,5.5,0.336,Mahabubabad,TS
2023-09-19,0.1,34.3,25.6,5.09,0.32,Mahabubabad,TS
2023-09-20,4.2,32.7,25.5,4.11,0.322,Mahabubabad,TS
2023-09-21,5.7,30.1,24.8,2.52,0.379,Mahabubabad,TS
2023-09-22,0.3,31.0,24.1,3.59,0.37,Mahabubabad,TS
2023-09-23,9.9,32.2,24.3,3.95,0.372,Mahabubabad,TS
2023-09-24,28.3,30.7,23.8,2.59,0.41,Mahabubabad,TS
2023-09-25,5.5,30.9,23.8,2.85,0.409,Mahabubabad,TS
2023-09-26,13.6,32.2,23.3,4.52,0.391,Mahabubabad,TS
2023-09-27,18.6,33.3,23.6,4.26,0.395,Mahabubabad,TS
2023-09-28,22.4,33.4,23.8,4.04,0.391,Mahabubabad,TS
2023-09-29,6.7,32.8,23.9,4.11,0.406,Mahabubabad,TS
2023-09-30,4.9,32.8,23.2,3.95,0.404,Mahabubabad,TS
2023-10-01,10.9,33.4,24.7,4.61,0.39,Mahabubabad,TS
2023-10-02,11.7,32.7,24.4,3.7,0.405,Mahabubabad,TS
2023-10-03,13.5,33.7,24.9,4.78,0.392,Mahabubabad,TS
2023-10-04,0.0,34.0,24.8,5.29,0.361,Mahabubabad,TS
2023-10-05,0.0,34.3,23.5,5.94,0.33,Mahabubabad,TS
2023-10-06,0.0,34.4,23.0,6.13,0.312,Mahabubabad,TS
2023-10-07,0.0,34.6,23.6,5.68,0.3,Mahabubabad,TS
2023-10-08,0.0,35.1,22.8,4.85,0.289,Mahabubabad,TS
2023-10-09,0.0,35.7,23.3,4.87,0.281,Mahabubabad,TS
2023-10-10,0.3,34.3,24.7,4.61,0.269,Mahabubabad,TS
2023-10-11,0.0,35.0,24.7,4.8,0.258,Mahabubabad,TS
2023-10-12,0.0,35.7,24.6,5.16,0.247,Mahabubabad,TS
2023-10-13,0.1,34.6,24.0,4.77,0.24,Mahabubabad,TS
2023-10-14,0.0,34.6,24.5,4.86,0.233,Mahabubabad,TS
2023-10-15,0.1,34.2,24.2,4.64,0.229,Mahabubabad,TS
2023-10-16,0.5,33.3,24.4,4.73,0.226,Mahabubabad,TS
2023-10-17,0.5,33.6,24.1,4.67,0.222,Mahabubabad,TS
2023-10-18,0.0,34.0,23.8,4.93,0.221,Mahabubabad,TS
2023-10-19,0.3,33.6,23.6,4.69,0.214,Mahabubabad,TS
2023-10-20,0.0,33.5,24.0,4.71,0.205,Mahabubabad,TS
2023-10-21,0.0,33.9,23.6,4.71,0.201,Mahabubabad,TS
2023-10-22,0.0,33.8,21.6,6.1,0.196,Mahabubabad,TS
2023-10-23,0.0,32.9,21.2,6.14,0.19,Mahabubabad,TS
2023-10-24,0.0,33.1,20.6,5.96,0.185,Mahabubabad,TS
2023-10-25,0.0,33.8,20.5,5.89,0.178,Mahabubabad,TS
2023-10-26,0.0,33.3,20.2,5.71,0.173,Mahabubabad,TS
2023-10-27,0.0,33.5,19.5,5.45,0.169,Mahabubabad,TS
2023-10-28,0.2,31.5,21.9,3.63,0.167,Mahabubabad,TS
2023-10-29,0.0,33.0,22.5,4.22,0.171,Mahabubabad,TS
2023-10-30,0.6,30.4,22.6,3.78,0.176,Mahabubabad,TS
2023-10-31,0.0,32.8,22.9,4.35,0.182,Mahabubabad,TS
2023-11-01,1.1,32.6,22.3,3.55,0.181,Mahabubabad,TS
2023-11-02,1.9,32.3,22.8,3.28,0.186,Mahabubabad,TS
2023-11-03,3.2,32.4,22.2,3.33,0.183,Mahabubabad,TS
2023-11-04,1.7,31.7,23.4,3.28,0.179,Mahabubabad,TS
2023-11-05,6.3,32.1,22.7,3.77,0.196,Mahabubabad,TS
2023-11-06,2.4,31.7,22.7,3.08,0.208,Mahabubabad,TS
2023-11-07,15.7,31.2,22.1,3.36,0.256,Mahabubabad,TS
2023-11-08,10.9,30.9,22.4,2.93,0.295,Mahabubabad,TS
2023-11-09,0.0,32.0,22.8,2.98,0.269,Mahabubabad,TS
2023-11-10,0.0,32.7,21.9,4.44,0.251,Mahabubabad,TS
2023-11-11,0.0,32.6,21.3,4.41,0.24,Mahabubabad,TS
2023-11-12,0.0,33.6,21.6,4.6,0.23,Mahabubabad,TS
2023-11-13,0.0,32.4,20.6,3.89,0.219,Mahabubabad,TS
2023-11-14,0.0,31.5,22.2,3.44,0.208,Mahabubabad,TS
2023-11-15,0.0,32.2,22.6,4.48,0.199,Mahabubabad,TS
2023-11-16,0.0,32.0,20.6,4.98,0.194,Mahabubabad,TS
2023-11-17,0.0,32.5,20.7,4.32,0.188,Mahabubabad,TS
2023-11-18,0.0,32.0,22.1,3.96,0.183,Mahabubabad,TS
2023-11-19,0.0,32.6,21.8,4.3,0.18,Mahabubabad,TS
2023-11-20,0.1,32.4,21.5,3.7,0.178,Mahabubabad,TS
2023-11-21,0.5,31.5,22.3,3.78,0.178,Mahabubabad,TS
2023-11-22,0.3,31.3,22.2,3.33,0.18,Mahabubabad,TS
2023-11-23,9.4,30.8,22.6,2.64,0.21,Mahabubabad,TS
2023-11-24,4.2,30.5,22.3,2.57,0.245,Mahabubabad,TS
2023-11-25,1.6,31.1,21.1,3.62,0.303,Mahabubabad,TS
2023-11-26,0.4,31.0,21.4,3.9,0.296,Mahabubabad,TS
2023-11-27,0.0,31.1,22.1,4.16,0.271,Mahabubabad,TS
2023-11-28,0.0,31.0,20.9,4.09,0.256,Mahabubabad,TS
2023-11-29,0.0,31.4,21.6,4.04,0.242,Mahabubabad,TS
2023-11-30,0.0,32.1,21.0,4.33,0.229,Mahabubabad,TS
2023-12-01,0.0,32.5,20.5,4.13,0.218,Mahabubabad,TS
2023-12-02,0.0,33.0,20.2,4.37,0.211,Mahabubabad,TS
2023-12-03,0.1,32.5,21.3,4.07,0.203,Mahabubabad,TS
2023-12-04,0.0,28.7,24.1,2.72,0.199,Mahabubabad,TS
2023-12-05,29.2,25.1,22.5,1.45,0.288,Mahabubabad,TS
2023-12-06,6.8,25.0,20.9,1.58,0.4,Mahabubabad,TS
2023-12-07,0.1,29.0,19.6,3.53,0.381,Mahabubabad,TS
2023-12-08,0.0,29.6,19.0,3.76,0.364,Mahabubabad,TS
2023-12-09,0.0,30.0,19.2,4.05,0.342,Mahabubabad,TS
2023-12-10,0.0,29.4,19.0,4.13,0.322,Mahabubabad,TS
2023-12-11,0.0,28.9,17.4,3.84,0.304,Mahabubabad,TS
2023-12-12,0.0,28.5,17.2,3.53,0.287,Mahabubabad,TS
2023-12-13,0.0,29.1,18.6,3.56,0.285,Mahabubabad,TS
2023-12-14,0.0,28.7,18.0,3.43,0.276,Mahabubabad,TS
2023-12-15,0.0,29.0,17.5,3.38,0.267,Mahabubabad,TS
2023-12-16,0.1,27.3,20.0,2.04,0.267,Mahabubabad,TS
2023-12-17,0.0,29.2,18.7,3.87,0.256,Mahabubabad,TS
2023-12-18,0.0,28.8,18.3,3.72,0.248,Mahabubabad,TS
2023-12-19,0.0,27.9,18.6,3.54,0.244,Mahabubabad,TS
2023-12-20,0.0,27.8,17.0,3.52,0.239,Mahabubabad,TS
2023-12-21,0.0,28.8,16.3,3.87,0.232,Mahabubabad,TS
2023-12-22,0.0,29.0,14.8,3.36,0.226,Mahabubabad,TS
2023-12-23,0.0,28.7,17.6,3.4,0.218,Mahabubabad,TS
2023-12-24,0.0,29.3,17.9,3.47,0.212,Mahabubabad,TS
2023-12-25,0.0,29.3,17.6,3.44,0.208,Mahabubabad,TS
2023-12-26,0.0,29.6,18.3,3.29,0.204,Mahabubabad,TS
2023-12-27,0.0,29.3,19.3,3.28,0.204,Mahabubabad,TS
2023-12-28,0.0,29.1,18.4,3.3,0.203,Mahabubabad,TS
2023-12-29,0.0,28.7,18.0,3.48,0.199,Mahabubabad,TS
2023-12-30,0.0,28.8,17.7,3.48,0.193,Mahabubabad,TS
2023-12-31,0.0,29.1,17.4,3.71,0.19,Mahabubabad,TS
2024-01-01,0.0,29.5,18.0,3.42,0.186,Mahabubabad,TS
2024-01-02,0.2,29.0,18.0,3.37,0.182,Mahabubabad,TS
2024-01-03,0.0,29.1,18.7,3.89,0.184,Mahabubabad,TS
2024-01-04,0.0,29.7,18.3,3.94,0.188,Mahabubabad,TS
2024-01-05,0.0,29.7,18.1,4.18,0.188,Mahabubabad,TS
2024-01-06,0.0,30.1,17.9,4.08,0.191,Mahabubabad,TS
2024-01-07,0.0,29.6,18.4,4.1,0.192,Mahabubabad,TS
2024-01-08,0.0,30.7,17.8,4.51,0.197,Mahabubabad,TS
2024-01-09,0.0,30.7,18.4,4.09,0.206,Mahabubabad,TS
2024-01-10,0.0,30.3,18.9,3.17,0.214,Mahabubabad,TS
2024-01-11,0.0,31.8,21.3,3.73,0.218,Mahabubabad,TS
2024-01-12,0.0,30.9,20.7,3.77,0.214,Mahabubabad,TS
2024-01-13,0.0,32.0,20.6,3.99,0.213,Mahabubabad,TS
2024-01-14,0.0,31.9,20.2,4.07,0.214,Mahabubabad,TS
2024-01-15,0.0,31.2,20.3,3.89,0.211,Mahabubabad,TS
2024-01-16,0.0,30.6,20.2,4.02,0.209,Mahabubabad,TS
2024-01-17,0.0,30.4,19.8,3.93,0.209,Mahabubabad,TS
2024-01-18,0.0,29.9,19.3,4.06,0.206,Mahabubabad,TS
2024-01-19,0.0,31.1,19.5,4.06,0.207,Mahabubabad,TS
2024-01-20,0.0,30.6,19.8,4.15,0.209,Mahabubabad,TS
2024-01-21,0.3,30.2,20.8,3.63,0.213,Mahabubabad,TS
2024-01-22,0.0,30.5,21.0,4.05,0.216,Mahabubabad,TS
2024-01-23,1.1,30.5,21.7,4.01,0.222,Mahabubabad,TS
2024-01-24,1.2,30.2,22.1,3.64,0.232,Mahabubabad,TS
2024-01-25,0.5,29.4,22.1,3.43,0.243,Mahabubabad,TS
2024-01-26,0.7,29.1,21.0,3.47,0.244,Mahabubabad,TS
2024-01-27,0.2,29.9,19.5,3.6,0.249,Mahabubabad,TS
2024-01-28,0.1,29.6,19.6,3.71,0.251,Mahabubabad,TS
2024-01-29,0.0,29.7,19.1,3.86,0.25,Mahabubabad,TS
2024-01-30,0.0,30.1,18.5,4.05,0.25,Mahabubabad,TS
2024-01-31,0.0,30.5,18.1,4.37,0.251,Mahabubabad,TS
2024-02-01,0.7,30.4,20.6,3.88,0.256,Mahabubabad,TS
2024-02-02,1.1,31.3,22.3,3.73,0.266,Mahabubabad,TS
2024-02-03,0.4,31.2,21.3,3.72,0.271,Mahabubabad,TS
2024-02-04,0.1,31.3,20.4,4.03,0.271,Mahabubabad,TS
2024-02-05,0.2,32.1,21.7,3.97,0.269,Mahabubabad,TS
2024-02-06,0.0,33.4,22.2,4.38,0.267,Mahabubabad,TS
2024-02-07,0.0,34.4,21.8,4.4,0.262,Mahabubabad,TS
2024-02-08,0.0,33.6,22.3,4.75,0.258,Mahabubabad,TS
2024-02-09,0.0,33.6,21.4,4.47,0.257,Mahabubabad,TS
2024-02-10,0.7,32.5,23.2,4.19,0.262,Mahabubabad,TS
2024-02-11,0.0,32.4,21.5,5.04,0.266,Mahabubabad,TS
2024-02-12,0.0,31.9,19.6,4.94,0.268,Mahabubabad,TS
2024-02-13,0.0,31.6,19.6,4.8,0.27,Mahabubabad,TS
2024-02-14,0.0,32.4,19.8,4.84,0.272,Mahabubabad,TS
2024-02-15,0.0,31.8,19.0,4.75,0.271,Mahabubabad,TS
2024-02-16,0.0,32.4,17.6,4.98,0.269,Mahabubabad,TS
2024-02-17,0.0,32.4,18.7,5.1,0.273,Mahabubabad,TS
2024-02-18,0.0,33.4,18.6,5.4,0.272,Mahabubabad,TS
2024-02-19,0.0,33.4,19.7,5.08,0.276,Mahabubabad,TS
2024-02-20,0.0,33.4,20.6,4.97,0.276,Mahabubabad,TS
2024-02-21,0.0,33.9,21.2,5.64,0.278,Mahabubabad,TS
2024-02-22,0.0,33.6,21.4,5.21,0.27,Mahabubabad,TS
2024-02-23,6.1,32.5,22.9,3.82,0.292,Mahabubabad,TS
2024-02-24,0.4,32.8,23.2,4.48,0.268,Mahabubabad,TS
2024-02-25,0.4,32.1,22.8,4.3,0.269,Mahabubabad,TS
2024-02-26,0.0,32.6,22.8,5.13,0.265,Mahabubabad,TS
2024-02-27,0.0,33.2,20.6,5.04,0.258,Mahabubabad,TS
2024-02-28,0.0,33.2,21.5,4.77,0.253,Mahabubabad,TS
2024-02-29,0.0,34.1,21.8,4.57,0.25,Mahabubabad,TS
2024-03-01,0.0,34.3,22.2,5.22,0.246,Mahabubabad,TS
2024-03-02,0.0,34.8,22.1,5.95,0.244,Mahabubabad,TS
2024-03-03,0.0,34.8,22.1,5.75,0.242,Mahabubabad,TS
2024-03-04,0.0,33.8,22.0,5.29,0.241,Mahabubabad,TS
2024-03-05,0.0,34.8,22.7,5.35,0.241,Mahabubabad,TS
2024-03-06,0.0,34.4,22.8,5.06,0.241,Mahabubabad,TS
2024-03-07,0.0,34.3,22.9,5.07,0.239,Mahabubabad,TS
2024-03-08,0.0,34.1,23.1,5.04,0.241,Mahabubabad,TS
2024-03-09,0.0,34.8,22.8,5.06,0.239,Mahabubabad,TS
2024-03-10,1.2,33.7,24.8,4.94,0.243,Mahabubabad,TS
2024-03-11,0.0,33.2,24.2,4.69,0.239,Mahabubabad,TS
2024-03-12,0.0,35.7,23.0,5.58,0.243,Mahabubabad,TS
2024-03-13,0.0,35.5,24.0,5.22,0.251,Mahabubabad,TS
2024-03-14,0.2,36.1,24.2,5.33,0.255,Mahabubabad,TS
2024-03-15,0.0,34.6,23.4,4.87,0.254,Mahabubabad,TS
2024-03-16,0.2,34.0,24.2,4.8,0.256,Mahabubabad,TS
2024-03-17,0.8,33.4,24.3,4.55,0.264,Mahabubabad,TS
2024-03-18,0.0,31.4,23.0,2.87,0.267,Mahabubabad,TS
2024-03-19,0.0,33.4,24.2,4.2,0.268,Mahabubabad,TS
2024-03-20,5.5,31.0,20.0,4.16,0.282,Mahabubabad,TS
2024-03-21,0.0,33.4,20.5,5.31,0.268,Mahabubabad,TS
2024-03-22,0.0,34.8,23.0,5.48,0.261,Mahabubabad,TS
2024-03-23,0.0,36.2,23.0,5.69,0.254,Mahabubabad,TS
2024-03-24,0.1,35.4,23.9,5.0,0.252,Mahabubabad,TS
2024-03-25,0.0,35.7,24.0,5.6,0.256,Mahabubabad,TS
2024-03-26,0.0,36.0,22.9,5.99,0.254,Mahabubabad,TS
2024-03-27,0.0,35.4,22.7,5.62,0.253,Mahabubabad,TS
2024-03-28,0.0,37.2,24.1,5.84,0.255,Mahabubabad,TS
2024-03-29,0.0,37.9,24.4,6.47,0.257,Mahabubabad,TS
2024-03-30,0.1,37.1,23.6,6.14,0.261,Mahabubabad,TS
2024-03-31,0.0,36.5,23.3,5.85,0.267,Mahabubabad,TS
2024-04-01,0.0,37.7,23.8,6.15,0.262,Mahabubabad,TS
2024-04-02,0.0,37.6,24.9,6.29,0.261,Mahabubabad,TS
2024-04-03,0.0,37.5,24.5,5.94,0.261,Mahabubabad,TS
2024-04-04,0.0,37.3,24.7,6.28,0.264,Mahabubabad,TS
2024-04-05,0.0,39.2,24.9,6.21,0.264,Mahabubabad,TS
2024-04-06,0.0,39.2,25.0,6.38,0.27,Mahabubabad,TS
2024-04-07,0.0,39.8,24.9,6.75,0.276,Mahabubabad,TS
2024-04-08,0.0,36.9,25.6,7.21,0.279,Mahabubabad,TS
2024-04-09,0.3,36.0,25.1,6.01,0.283,Mahabubabad,TS
2024-04-10,0.0,36.3,24.1,6.68,0.28,Mahabubabad,TS
2024-04-11,0.2,34.5,24.6,5.16,0.274,Mahabubabad,TS
2024-04-12,2.4,33.1,24.5,4.67,0.277,Mahabubabad,TS
2024-04-13,0.4,35.9,24.7,5.51,0.262,Mahabubabad,TS
2024-04-14,0.0,36.9,24.5,6.19,0.263,Mahabubabad,TS
2024-04-15,0.0,38.4,24.7,6.48,0.252,Mahabubabad,TS
2024-04-16,0.0,39.2,25.4,6.38,0.242,Mahabubabad,TS
2024-04-17,0.0,40.1,26.0,6.49,0.232,Mahabubabad,TS
2024-04-18,0.0,41.1,26.5,5.94,0.223,Mahabubabad,TS
2024-04-19,0.0,40.6,26.8,6.29,0.215,Mahabubabad,TS
2024-04-20,0.8,38.4,27.9,5.23,0.221,Mahabubabad,TS
2024-04-21,0.1,38.2,27.7,5.75,0.247,Mahabubabad,TS
2024-04-22,0.0,39.6,26.7,6.43,0.298,Mahabubabad,TS
2024-04-23,0.0,39.1,24.9,6.52,0.288,Mahabubabad,TS
2024-04-24,0.0,39.2,24.2,6.35,0.277,Mahabubabad,TS
2024-04-25,0.0,39.3,25.9,6.51,0.267,Mahabubabad,TS
2024-04-26,0.0,40.3,26.5,6.66,0.25,Mahabubabad,TS
2024-04-27,0.0,40.5,26.4,6.25,0.242,Mahabubabad,TS
2024-04-28,0.0,41.3,26.6,7.06,0.232,Mahabubabad,TS
2024-04-29,0.0,40.1,26.7,6.59,0.226,Mahabubabad,TS
2024-04-30,0.0,40.8,26.5,6.94,0.221,Mahabubabad,TS
2024-05-01,0.0,43.2,27.6,7.37,0.216,Mahabubabad,TS
2024-05-02,0.0,41.3,28.1,6.68,0.213,Mahabubabad,TS
2024-05-03,0.0,41.7,28.2,6.14,0.21,Mahabubabad,TS
2024-05-04,0.0,42.2,27.9,6.78,0.208,Mahabubabad,TS
2024-05-05,3.3,41.1,28.5,6.18,0.208,Mahabubabad,TS
2024-05-06,0.0,41.5,28.1,6.52,0.201,Mahabubabad,TS
2024-05-07,18.3,34.8,24.4,4.98,0.294,Mahabubabad,TS
2024-05-08,0.0,35.5,25.1,6.18,0.307,Mahabubabad,TS
2024-05-09,4.2,34.2,26.8,4.39,0.296,Mahabubabad,TS
2024-05-10,0.9,35.8,25.9,5.49,0.29,Mahabubabad,TS
2024-05-11,0.0,37.7,26.6,6.55,0.27,Mahabubabad,TS
2024-05-12,3.5,34.9,27.3,4.83,0.271,Mahabubabad,TS
2024-05-13,0.7,34.9,27.2,4.21,0.252,Mahabubabad,TS
2024-05-14,4.0,36.2,24.8,5.35,0.252,Mahabubabad,TS
2024-05-15,1.7,36.2,26.4,5.24,0.273,Mahabubabad,TS
2024-05-16,32.3,32.0,24.9,3.03,0.333,Mahabubabad,TS
2024-05-17,19.1,31.2,24.8,4.06,0.394,Mahabubabad,TS
2024-05-18,5.0,33.7,25.0,4.67,0.371,Mahabubabad,TS
2024-05-19,11.0,34.4,25.6,4.66,0.396,Mahabubabad,TS
2024-05-20,9.7,33.4,25.6,4.52,0.392,Mahabubabad,TS
2024-05-21,30.2,33.4,25.3,4.23,0.39,Mahabubabad,TS
2024-05-22,5.2,34.9,26.1,5.07,0.381,Mahabubabad,TS
2024-05-23,0.2,36.6,27.0,5.42,0.351,Mahabubabad,TS
2024-05-24,0.1,39.9,27.0,5.84,0.361,Mahabubabad,TS
2024-05-25,2.3,33.3,26.6,3.28,0.367,Mahabubabad,TS
2024-05-26,0.0,40.5,28.1,6.44,0.352,Mahabubabad,TS
2024-05-27,3.9,39.9,27.2,6.93,0.349,Mahabubabad,TS
2024-05-28,0.0,40.2,29.4,7.2,0.35,Mahabubabad,TS
2024-05-29,0.0,40.4,29.2,7.39,0.336,Mahabubabad,TS
2024-05-30,0.2,41.8,29.1,7.03,0.329,Mahabubabad,TS
2024-05-31,0.8,41.9,28.6,7.15,0.322,Mahabubabad,TS
2024-06-01,4.5,39.6,29.6,6.01,0.323,Mahabubabad,TS
2024-06-02,13.2,35.1,26.6,3.84,0.327,Mahabubabad,TS
2024-06-03,0.8,34.9,25.8,4.44,0.336,Mahabubabad,TS
2024-06-04,3.0,37.0,26.8,5.59,0.343,Mahabubabad,TS
2024-06-05,17.3,34.7,25.9,4.54,0.396,Mahabubabad,TS
2024-06-06,15.4,34.4,25.6,4.09,0.397,Mahabubabad,TS
2024-06-07,3.7,34.6,25.0,4.5,0.381,Mahabubabad,TS
2024-06-08,0.3,33.6,25.3,4.24,0.371,Mahabubabad,TS
2024-06-09,1.0,33.2,25.5,4.16,0.353,Mahabubabad,TS
2024-06-10,5.5,34.2,25.8,4.69,0.357,Mahabubabad,TS
2024-06-11,0.4,33.6,26.0,4.74,0.364,Mahabubabad,TS
2024-06-12,1.5,34.5,25.6,3.92,0.342,Mahabubabad,TS
2024-06-13,1.7,36.1,26.1,5.2,0.344,Mahabubabad,TS
2024-06-14,7.0,33.9,26.1,3.69,0.359,Mahabubabad,TS
2024-06-15,2.8,35.0,26.3,4.9,0.339,Mahabubabad,TS
2024-06-16,5.1,34.3,26.5,4.52,0.339,Mahabubabad,TS
2024-06-17,6.8,36.1,26.2,4.96,0.302,Mahabubabad,TS
2024-06-18,0.8,37.3,27.7,5.64,0.282,Mahabubabad,TS
2024-06-19,9.6,32.2,25.7,2.83,0.358,Mahabubabad,TS
2024-06-20,6.6,33.5,24.7,4.87,0.373,Mahabubabad,TS
2024-06-21,0.3,33.4,26.1,4.19,0.349,Mahabubabad,TS
2024-06-22,45.6,27.4,24.6,1.37,0.405,Mahabubabad,TS
2024-06-23,4.7,32.4,24.7,3.39,0.411,Mahabubabad,TS
2024-06-24,0.2,34.5,25.7,5.66,0.387,Mahabubabad,TS
2024-06-25,0.2,34.8,26.2,5.4,0.361,Mahabubabad,TS
2024-06-26,18.1,33.0,25.3,3.9,0.365,Mahabubabad,TS
2024-06-27,28.4,29.0,25.3,2.37,0.416,Mahabubabad,TS
2024-06-28,10.5,32.0,24.8,3.58,0.417,Mahabubabad,TS
2024-06-29,21.9,29.8,25.4,2.79,0.414,Mahabubabad,TS
2024-06-30,20.3,28.8,25.0,1.54,0.424,Mahabubabad,TS
2024-07-01,9.4,31.6,24.6,3.46,0.411,Mahabubabad,TS
2024-07-02,4.2,33.6,24.5,4.62,0.392,Mahabubabad,TS
2024-07-03,0.4,33.1,25.1,4.37,0.393,Mahabubabad,TS
2024-07-04,0.7,33.6,26.5,3.24,0.374,Mahabubabad,TS
2024-07-05,3.6,33.6,25.0,5.25,0.372,Mahabubabad,TS
2024-07-06,8.6,33.0,24.8,3.72,0.399,Mahabubabad,TS
2024-07-07,12.6,30.7,24.4,3.69,0.395,Mahabubabad,TS
2024-07-08,1.4,31.2,24.8,3.49,0.394,Mahabubabad,TS
2024-07-09,5.4,30.2,24.7,2.92,0.391,Mahabubabad,TS
2024-07-10,1.9,32.3,24.7,4.29,0.388,Mahabubabad,TS
2024-07-11,5.4,32.0,25.7,4.11,0.368,Mahabubabad,TS
2024-07-12,16.2,32.6,24.9,3.49,0.401,Mahabubabad,TS
2024-07-13,21.0,31.0,24.7,2.15,0.426,Mahabubabad,TS
2024-07-14,27.0,28.4,24.6,1.85,0.427,Mahabubabad,TS
2024-07-15,25.6,29.2,24.5,2.27,0.425,Mahabubabad,TS
2024-07-16,23.9,31.7,24.1,3.28,0.423,Mahabubabad,TS
2024-07-17,5.6,30.9,24.5,2.68,0.42,Mahabubabad,TS
2024-07-18,23.6,30.2,24.9,2.54,0.427,Mahabubabad,TS
2024-07-19,34.5,27.1,24.6,1.84,0.428,Mahabubabad,TS
2024-07-20,23.1,27.3,24.3,1.76,0.427,Mahabubabad,TS
2024-07-21,33.2,28.6,24.2,2.44,0.427,Mahabubabad,TS
2024-07-22,2.4,30.6,24.3,3.5,0.417,Mahabubabad,TS
2024-07-23,11.9,28.6,24.5,2.12,0.424,Mahabubabad,TS
2024-07-24,22.6,25.7,24.3,1.29,0.429,Mahabubabad,TS
2024-07-25,24.2,27.8,24.0,2.0,0.429,Mahabubabad,TS
2024-07-26,12.2,30.2,23.8,2.87,0.425,Mahabubabad,TS
2024-07-27,16.2,28.2,24.0,2.45,0.428,Mahabubabad,TS
2024-07-28,6.9,32.2,24.2,4.49,0.422,Mahabubabad,TS
2024-07-29,3.4,33.2,24.9,4.02,0.414,Mahabubabad,TS
2024-07-30,2.7,32.9,25.0,5.27,0.4,Mahabubabad,TS
2024-07-31,4.0,32.6,25.4,4.68,0.414,Mahabubabad,TS
2024-08-01,13.6,31.7,24.3,3.03,0.419,Mahabubabad,TS
2024-08-02,20.4,29.2,24.7,2.41,0.425,Mahabubabad,TS
2024-08-03,1.8,32.5,24.5,4.26,0.416,Mahabubabad,TS
2024-08-04,1.8,32.6,25.2,4.99,0.405,Mahabubabad,TS
2024-08-05,1.9,32.6,24.9,5.11,0.393,Mahabubabad,TS
2024-08-06,10.3,31.4,24.9,3.29,0.415,Mahabubabad,TS
2024-08-07,30.3,25.7,24.0,1.06,0.427,Mahabubabad,TS
2024-08-08,4.5,30.8,23.6,3.49,0.421,Mahabubabad,TS
2024-08-09,0.5,33.4,23.3,5.23,0.406,Mahabubabad,TS
2024-08-10,0.2,33.4,24.6,5.2,0.391,Mahabubabad,TS
2024-08-11,0.4,32.6,24.9,4.59,0.38,Mahabubabad,TS
2024-08-12,1.1,32.4,24.3,4.55,0.372,Mahabubabad,TS
2024-08-13,1.7,34.3,25.4,5.2,0.362,Mahabubabad,TS
2024-08-14,0.4,33.0,25.3,4.47,0.343,Mahabubabad,TS
2024-08-15,1.0,33.0,25.7,4.18,0.326,Mahabubabad,TS
2024-08-16,2.9,33.1,26.0,4.01,0.325,Mahabubabad,TS
2024-08-17,2.4,33.8,24.7,4.76,0.348,Mahabubabad,TS
2024-08-18,10.2,33.2,24.8,4.64,0.365,Mahabubabad,TS
2024-08-19,6.1,31.5,25.0,2.94,0.39,Mahabubabad,TS
2024-08-20,5.0,33.5,24.4,4.3,0.375,Mahabubabad,TS
2024-08-21,4.3,33.4,24.5,4.91,0.36,Mahabubabad,TS
2024-08-22,4.6,31.3,25.4,2.99,0.371,Mahabubabad,TS
2024-08-23,4.0,32.1,25.1,3.48,0.38,Mahabubabad,TS
2024-08-24,7.2,30.4,24.8,3.37,0.384,Mahabubabad,TS
2024-08-25,0.7,31.2,24.3,3.59,0.384,Mahabubabad,TS
2024-08-26,0.4,32.7,24.6,5.29,0.363,Mahabubabad,TS
2024-08-27,0.7,32.5,25.0,5.37,0.354,Mahabubabad,TS
2024-08-28,1.1,32.7,24.8,4.67,0.362,Mahabubabad,TS
2024-08-29,1.9,32.0,25.4,3.78,0.355,Mahabubabad,TS
2024-08-30,28.9,26.1,23.8,1.42,0.411,Mahabubabad,TS
2024-08-31,54.1,27.9,23.8,1.57,0.428,Mahabubabad,TS
2024-09-01,51.6,26.4,23.8,1.62,0.424,Mahabubabad,TS
2024-09-02,3.9,29.9,23.6,2.52,0.414,Mahabubabad,TS
2024-09-03,9.5,29.1,24.0,2.14,0.415,Mahabubabad,TS
2024-09-04,12.2,30.2,24.0,2.34,0.421,Mahabubabad,TS
2024-09-05,11.4,30.6,24.0,2.92,0.423,Mahabubabad,TS
2024-09-06,10.3,32.3,24.4,3.97,0.411,Mahabubabad,TS
2024-09-07,22.0,30.0,24.8,2.46,0.419,Mahabubabad,TS
2024-09-08,8.4,27.5,24.7,1.78,0.424,Mahabubabad,TS
2024-09-09,24.5,25.5,24.4,1.08,0.428,Mahabubabad,TS
2024-09-10,10.2,28.9,24.1,3.2,0.421,Mahabubabad,TS
2024-09-11,0.5,32.8,25.2,5.44,0.403,Mahabubabad,TS
2024-09-12,0.3,31.8,24.0,4.83,0.389,Mahabubabad,TS
2024-09-13,0.3,31.8,24.6,4.59,0.378,Mahabubabad,TS
2024-09-14,0.5,31.8,23.7,5.0,0.369,Mahabubabad,TS
2024-09-15,0.0,32.6,23.8,5.55,0.356,Mahabubabad,TS
2024-09-16,0.1,31.9,24.1,4.74,0.352,Mahabubabad,TS
2024-09-17,0.0,32.8,25.0,5.55,0.34,Mahabubabad,TS
2024-09-18,0.3,32.8,23.5,5.46,0.338,Mahabubabad,TS
2024-09-19,0.0,33.6,23.7,5.17,0.322,Mahabubabad,TS
2024-09-20,1.1,33.0,25.1,4.31,0.314,Mahabubabad,TS
2024-09-21,15.9,32.4,24.2,3.56,0.383,Mahabubabad,TS
2024-09-22,1.5,31.4,24.1,3.44,0.362,Mahabubabad,TS
2024-09-23,7.3,31.3,24.5,2.89,0.379,Mahabubabad,TS
2024-09-24,3.3,31.9,24.1,3.69,0.376,Mahabubabad,TS
2024-09-25,1.4,31.2,24.1,3.44,0.379,Mahabubabad,TS
2024-09-26,2.9,30.6,24.3,3.52,0.379,Mahabubabad,TS
2024-09-27,0.2,31.8,24.6,4.24,0.359,Mahabubabad,TS
2024-09-28,2.7,31.2,24.4,3.45,0.348,Mahabubabad,TS
2024-09-29,1.5,31.7,24.5,4.06,0.326,Mahabubabad,TS
2024-09-30,2.2,32.7,24.1,4.68,0.307,Mahabubabad,TS
2024-10-01,5.1,33.6,24.7,4.52,0.286,Mahabubabad,TS
2024-10-02,2.5,34.9,24.5,4.42,0.296,Mahabubabad,TS
2024-10-03,0.0,35.0,24.5,5.17,0.281,Mahabubabad,TS
2024-10-04,0.0,34.2,25.1,4.95,0.265,Mahabubabad,TS
2024-10-05,1.3,32.9,24.9,4.4,0.26,Mahabubabad,TS
2024-10-06,0.7,34.5,24.9,4.18,0.241,Mahabubabad,TS
2024-10-07,0.8,32.6,23.8,3.9,0.238,Mahabubabad,TS
2024-10-08,1.2,31.8,23.7,3.81,0.229,Mahabubabad,TS
2024-10-09,1.0,32.6,23.9,4.41,0.218,Mahabubabad,TS
2024-10-10,2.2,31.6,24.1,3.94,0.215,Mahabubabad,TS
2024-10-11,1.9,31.7,23.3,3.68,0.221,Mahabubabad,TS
2024-10-12,6.0,32.4,23.7,3.84,0.228,Mahabubabad,TS
2024-10-13,1.5,32.6,23.4,4.33,0.241,Mahabubabad,TS
2024-10-14,0.7,33.5,24.2,4.1,0.212,Mahabubabad,TS
2024-10-15,5.3,32.2,24.3,3.28,0.211,Mahabubabad,TS
2024-10-16,3.7,32.2,23.6,3.83,0.27,Mahabubabad,TS
2024-10-17,7.1,30.4,24.6,3.21,0.258,Mahabubabad,TS
2024-10-18,5.1,31.9,24.5,3.46,0.26,Mahabubabad,TS
2024-10-19,1.0,33.2,24.0,4.32,0.244,Mahabubabad,TS
2024-10-20,1.9,31.4,23.6,3.32,0.255,Mahabubabad,TS
2024-10-21,1.4,32.3,23.1,3.36,0.249,Mahabubabad,TS
2024-10-22,5.0,32.3,23.0,3.42,0.26,Mahabubabad,TS
2024-10-23,0.0,33.5,22.1,5.12,0.255,Mahabubabad,TS
2024-10-24,0.0,32.5,22.0,5.43,0.241,Mahabubabad,TS
2024-10-25,0.0,32.7,22.2,5.5,0.234,Mahabubabad,TS
2024-10-26,0.0,33.1,23.3,5.58,0.224,Mahabubabad,TS
2024-10-27,0.0,33.4,21.7,4.91,0.213,Mahabubabad,TS
2024-10-28,0.8,32.1,23.0,4.06,0.203,Mahabubabad,TS
2024-10-29,0.4,32.6,23.7,4.14,0.196,Mahabubabad,TS
2024-10-30,13.1,30.5,22.9,2.79,0.252,Mahabubabad,TS
2024-10-31,1.0,30.7,22.7,3.08,0.365,Mahabubabad,TS
2024-11-01,0.8,31.1,22.2,3.12,0.334,Mahabubabad,TS
2024-11-02,0.9,32.0,22.5,3.76,0.321,Mahabubabad,TS
2024-11-03,1.1,31.6,23.1,3.33,0.31,Mahabubabad,TS
2024-11-04,0.1,31.6,23.2,3.91,0.294,Mahabubabad,TS
2024-11-05,0.0,32.6,21.7,4.19,0.282,Mahabubabad,TS
2024-11-06,0.0,32.8,20.8,4.81,0.273,Mahabubabad,TS
2024-11-07,0.0,32.6,20.4,4.4,0.261,Mahabubabad,TS
2024-11-08,0.1,32.6,21.3,3.98,0.254,Mahabubabad,TS
2024-11-09,0.0,32.8,22.0,4.36,0.247,Mahabubabad,TS
2024-11-10,0.0,32.2,21.4,4.74,0.241,Mahabubabad,TS
2024-11-11,0.0,32.1,20.4,4.94,0.234,Mahabubabad,TS
2024-11-12,0.0,32.3,21.4,3.82,0.207,Mahabubabad,TS
2024-11-13,1.3,32.0,22.3,4.04,0.141,Mahabubabad,TS
2024-11-14,1.5,31.9,22.6,3.79,0.14,Mahabubabad,TS
2024-11-15,0.3,31.3,22.4,3.94,0.127,Mahabubabad,TS
2024-11-16,0.0,31.3,21.4,4.86,0.127,Mahabubabad,TS
2024-11-17,0.0,30.4,20.3,4.31,0.131,Mahabubabad,TS
2024-11-18,0.0,29.9,19.4,4.27,0.132,Mahabubabad,TS
2024-11-19,0.0,29.4,18.9,4.14,0.13,Mahabubabad,TS
2024-11-20,0.0,28.6,17.8,4.08,0.132,Mahabubabad,TS
2024-11-21,0.0,28.8,18.1,4.08,0.137,Mahabubabad,TS
2024-11-22,0.0,28.5,17.5,4.14,0.14,Mahabubabad,TS
2024-11-23,0.0,28.7,17.2,3.97,0.147,Mahabubabad,TS
2024-11-24,0.0,28.1,17.2,4.04,0.151,Mahabubabad,TS
2024-11-25,0.0,28.4,16.8,4.11,0.149,Mahabubabad,TS
2024-11-26,0.0,28.9,17.3,4.57,0.15,Mahabubabad,TS
2024-11-27,0.0,28.0,17.1,4.24,0.154,Mahabubabad,TS
2024-11-28,0.0,27.9,16.1,4.6,0.163,Mahabubabad,TS
2024-11-29,0.1,28.9,18.4,3.32,0.162,Mahabubabad,TS
2024-11-30,2.4,27.0,21.2,2.41,0.19,Mahabubabad,TS
2024-12-01,8.0,29.0,22.5,2.23,0.265,Mahabubabad,TS
2024-12-02,4.2,29.5,22.7,2.6,0.312,Mahabubabad,TS
2024-12-03,1.2,29.9,22.6,3.31,0.317,Mahabubabad,TS
2024-12-04,2.2,29.9,22.3,3.28,0.292,Mahabubabad,TS
2024-12-05,2.3,29.4,22.6,2.81,0.279,Mahabubabad,TS
2024-12-06,0.5,29.3,21.9,3.09,0.3,Mahabubabad,TS
2024-12-07,0.6,29.7,22.6,2.51,0.279,Mahabubabad,TS
2024-12-08,1.1,28.9,22.8,2.95,0.259,Mahabubabad,TS
2024-12-09,0.8,28.6,21.3,2.88,0.247,Mahabubabad,TS
2024-12-10,0.1,30.4,20.8,3.99,0.227,Mahabubabad,TS
2024-12-11,0.0,28.6,18.7,4.58,0.208,Mahabubabad,TS
2024-12-12,0.0,28.0,16.5,4.14,0.199,Mahabubabad,TS
2024-12-13,0.0,28.4,17.6,4.06,0.188,Mahabubabad,TS
2024-12-14,0.0,27.9,16.8,4.0,0.182,Mahabubabad,TS
2024-12-15,0.0,27.5,15.3,4.03,0.174,Mahabubabad,TS
2024-12-16,0.0,27.2,14.3,3.92,0.169,Mahabubabad,TS
2024-12-17,0.0,28.4,14.2,4.0,0.164,Mahabubabad,TS
2024-12-18,0.0,28.8,17.2,4.34,0.16,Mahabubabad,TS
2024-12-19,0.8,29.9,18.3,3.32,0.156,Mahabubabad,TS
2024-12-20,5.2,31.1,21.9,3.34,0.167,Mahabubabad,TS
2024-12-21,0.6,30.5,21.1,3.72,0.157,Mahabubabad,TS
2024-12-22,0.1,30.2,20.2,3.64,0.157,Mahabubabad,TS
2024-12-23,0.0,31.0,19.2,3.87,0.155,Mahabubabad,TS
2024-12-24,0.4,29.5,22.0,3.04,0.167,Mahabubabad,TS
2024-12-25,2.0,26.5,21.9,1.52,0.199,Mahabubabad,TS
2024-12-26,2.5,28.5,20.7,2.62,0.223,Mahabubabad,TS
2024-12-27,0.4,28.8,20.4,3.41,0.221,Mahabubabad,TS
2024-12-28,0.0,29.1,18.7,4.05,0.209,Mahabubabad,TS
2024-12-29,0.0,29.3,18.7,3.52,0.201,Mahabubabad,TS
2024-12-30,0.0,30.9,18.3,3.88,0.188,Mahabubabad,TS
2024-12-31,0.0,29.8,19.5,3.62,0.175,Mahabubabad,TS
2025-01-01,0.0,30.0,19.6,4.27,0.17,Mahabubabad,TS
2025-01-02,0.0,28.9,17.6,4.63,0.161,Mahabubabad,TS
2025-01-03,0.0,28.1,16.0,3.82,0.165,Mahabubabad,TS
2025-01-04,0.0,28.1,15.4,3.65,0.159,Mahabubabad,TS
2025-01-05,0.0,28.7,17.3,3.66,0.151,Mahabubabad,TS
2025-01-06,0.0,27.9,17.5,3.35,0.151,Mahabubabad,TS
2025-01-07,0.0,29.1,16.6,4.27,0.151,Mahabubabad,TS
2025-01-08,0.0,28.8,16.6,4.53,0.15,Mahabubabad,TS
2025-01-09,0.0,28.3,15.7,4.06,0.154,Mahabubabad,TS
2025-01-10,0.0,28.4,16.3,4.14,0.157,Mahabubabad,TS
2025-01-11,0.0,28.3,16.9,4.16,0.163,Mahabubabad,TS
2025-01-12,0.0,28.5,17.6,3.83,0.169,Mahabubabad,TS
2025-01-13,0.0,28.7,17.9,3.68,0.175,Mahabubabad,TS
2025-01-14,0.0,29.6,18.5,3.78,0.18,Mahabubabad,TS
2025-01-15,0.0,28.7,19.3,3.49,0.188,Mahabubabad,TS
2025-01-16,0.0,28.2,19.2,3.22,0.194,Mahabubabad,TS
2025-01-17,0.1,28.7,19.4,3.36,0.201,Mahabubabad,TS
2025-01-18,0.0,28.3,17.8,3.66,0.203,Mahabubabad,TS
2025-01-19,0.0,28.6,16.2,4.06,0.203,Mahabubabad,TS
2025-01-20,0.0,28.4,15.7,4.03,0.203,Mahabubabad,TS
2025-01-21,0.0,29.6,14.7,4.16,0.193,Mahabubabad,TS
2025-01-22,0.0,29.5,16.6,3.88,0.183,Mahabubabad,TS
2025-01-23,0.0,29.0,17.2,3.85,0.183,Mahabubabad,TS
2025-01-24,0.0,29.2,17.1,3.6,0.184,Mahabubabad,TS
2025-01-25,0.0,29.7,17.2,3.44,0.187,Mahabubabad,TS
2025-01-26,0.0,30.5,16.2,4.05,0.193,Mahabubabad,TS
2025-01-27,0.0,30.3,18.3,4.06,0.189,Mahabubabad,TS
2025-01-28,0.0,30.1,17.5,4.07,0.187,Mahabubabad,TS
2025-01-29,0.0,29.6,19.2,3.8,0.19,Mahabubabad,TS
2025-01-30,0.0,29.7,18.6,3.89,0.192,Mahabubabad,TS
2025-01-31,0.0,30.6,17.9,4.1,0.199,Mahabubabad,TS
2025-02-01,0.0,31.3,18.8,3.94,0.2,Mahabubabad,TS
2025-02-02,0.0,31.4,19.1,4.32,0.208,Mahabubabad,TS
2025-02-03,0.0,32.1,19.2,4.36,0.207,Mahabubabad,TS
2025-02-04,0.0,32.3,19.8,4.39,0.211,Mahabubabad,TS
2025-02-05,0.0,32.6,19.1,4.51,0.217,Mahabubabad,TS
2025-02-06,0.0,31.9,19.4,4.52,0.215,Mahabubabad,TS
2025-02-07,0.0,32.1,19.7,4.33,0.205,Mahabubabad,TS
2025-02-08,0.0,32.1,19.9,4.44,0.206,Mahabubabad,TS
2025-02-09,0.0,31.7,20.4,4.36,0.193,Mahabubabad,TS
2025-02-10,0.0,31.6,20.8,4.39,0.18,Mahabubabad,TS
2025-02-11,0.0,32.3,20.1,4.47,0.169,Mahabubabad,TS
2025-02-12,0.0,33.0,19.1,4.59,0.17,Mahabubabad,TS
2025-02-13,0.0,32.9,20.0,5.02,0.163,Mahabubabad,TS
2025-02-14,0.0,31.4,18.3,5.16,0.156,Mahabubabad,TS
2025-02-15,0.0,32.4,17.8,5.86,0.15,Mahabubabad,TS
2025-02-16,0.0,32.7,17.8,4.82,0.142,Mahabubabad,TS
2025-02-17,0.0,32.8,18.9,4.78,0.142,Mahabubabad,TS
2025-02-18,0.0,33.1,19.6,4.78,0.139,Mahabubabad,TS
2025-02-19,0.0,33.7,20.2,5.02,0.136,Mahabubabad,TS
2025-02-20,0.0,33.2,21.3,4.63,0.133,Mahabubabad,TS
2025-02-21,0.0,33.4,21.7,4.72,0.126,Mahabubabad,TS
2025-02-22,0.0,33.1,20.9,4.67,0.132,Mahabubabad,TS
2025-02-23,0.0,34.1,20.2,5.69,0.13,Mahabubabad,TS
2025-02-24,0.0,33.4,19.1,5.42,0.127,Mahabubabad,TS
2025-02-25,0.0,33.0,20.8,4.94,0.12,Mahabubabad,TS
2025-02-26,0.0,32.4,20.9,4.84,0.1,Mahabubabad,TS
2025-02-27,0.0,32.2,21.0,4.9,0.097,Mahabubabad,TS
2025-02-28,0.0,33.8,20.8,5.3,0.09,Mahabubabad,TS
2025-03-01,0.0,33.8,20.9,5.15,0.089,Mahabubabad,TS
2025-03-02,0.0,34.7,20.8,5.23,0.082,Mahabubabad,TS
2025-03-03,0.0,35.6,20.3,5.32,0.09,Mahabubabad,TS
2025-03-04,0.0,36.7,21.0,5.75,0.09,Mahabubabad,TS
2025-03-05,0.0,35.1,21.2,7.08,0.091,Mahabubabad,TS
2025-03-06,0.0,32.8,18.8,7.54,0.091,Mahabubabad,TS
2025-03-07,0.0,34.3,16.3,6.32,0.092,Mahabubabad,TS
2025-03-08,0.0,34.9,18.4,5.2,0.092,Mahabubabad,TS
2025-03-09,0.0,35.4,21.2,5.62,0.098,Mahabubabad,TS
2025-03-10,0.0,34.7,22.3,6.03,0.109,Mahabubabad,TS
2025-03-11,0.0,34.6,21.1,5.59,0.112,Mahabubabad,TS
2025-03-12,0.0,36.0,21.6,5.4,0.102,Mahabubabad,TS
2025-03-13,0.0,37.1,22.0,5.67,0.096,Mahabubabad,TS
2025-03-14,0.0,37.5,22.6,5.87,0.097,Mahabubabad,TS
2025-03-15,0.0,37.5,22.3,6.45,0.101,Mahabubabad,TS
2025-03-16,0.0,37.8,21.7,6.81,0.102,Mahabubabad,TS
2025-03-17,0.0,37.2,21.4,5.84,0.103,Mahabubabad,TS
2025-03-18,0.0,36.7,21.7,5.74,0.112,Mahabubabad,TS
2025-03-19,0.0,37.1,23.2,7.17,0.121,Mahabubabad,TS
2025-03-20,0.0,36.2,23.0,6.78,0.122,Mahabubabad,TS
2025-03-21,0.1,35.8,23.3,5.98,0.127,Mahabubabad,TS
2025-03-22,0.4,34.4,24.0,5.57,0.126,Mahabubabad,TS
2025-03-23,0.1,34.3,24.4,5.41,0.131,Mahabubabad,TS
2025-03-24,0.0,35.3,24.5,5.29,0.13,Mahabubabad,TS
2025-03-25,0.0,35.2,23.5,5.4,0.136,Mahabubabad,TS
2025-03-26,0.0,35.4,22.6,5.88,0.145,Mahabubabad,TS
2025-03-27,0.0,36.5,22.8,5.75,0.147,Mahabubabad,TS
2025-03-28,0.0,36.9,22.6,5.98,0.155,Mahabubabad,TS
2025-03-29,0.0,37.1,23.5,5.92,0.171,Mahabubabad,TS
2025-03-30,0.0,36.5,23.6,6.66,0.197,Mahabubabad,TS
2025-03-31,0.0,35.2,23.5,5.9,0.218,Mahabubabad,TS
2025-04-01,0.0,34.1,23.9,5.94,0.224,Mahabubabad,TS
2025-04-02,0.0,33.5,23.8,5.21,0.223,Mahabubabad,TS
2025-04-03,10.7,31.4,23.7,4.19,0.233,Mahabubabad,TS
2025-04-04,14.1,32.0,22.5,3.92,0.35,Mahabubabad,TS
2025-04-05,0.0,34.3,23.9,5.47,0.297,Mahabubabad,TS
2025-04-06,0.0,36.2,23.7,5.57,0.266,Mahabubabad,TS
2025-04-07,0.1,36.0,23.7,5.92,0.245,Mahabubabad,TS
2025-04-08,0.8,35.6,24.9,5.93,0.231,Mahabubabad,TS
2025-04-09,0.0,34.9,24.3,5.79,0.219,Mahabubabad,TS
2025-04-10,0.6,35.3,24.3,5.34,0.206,Mahabubabad,TS
2025-04-11,0.5,36.4,24.4,6.24,0.193,Mahabubabad,TS
2025-04-12,0.0,37.6,24.0,7.18,0.197,Mahabubabad,TS
2025-04-13,1.7,34.6,23.7,5.52,0.201,Mahabubabad,TS
2025-04-14,0.0,35.9,23.1,6.14,0.182,Mahabubabad,TS
2025-04-15,0.0,35.7,24.2,6.31,0.181,Mahabubabad,TS
2025-04-16,0.0,35.8,24.6,6.25,0.186,Mahabubabad,TS
2025-04-17,0.3,36.9,25.4,6.26,0.194,Mahabubabad,TS
2025-04-18,0.0,36.6,25.7,6.06,0.204,Mahabubabad,TS
2025-04-19,0.3,35.7,26.2,5.74,0.213,Mahabubabad,TS
2025-04-20,0.1,37.8,26.9,6.32,0.211,Mahabubabad,TS
2025-04-21,0.0,36.5,26.6,6.09,0.218,Mahabubabad,TS
2025-04-22,0.0,38.2,26.6,6.64,0.221,Mahabubabad,TS
2025-04-23,0.0,37.9,25.8,6.64,0.208,Mahabubabad,TS
2025-04-24,0.0,38.3,25.5,6.89,0.184,Mahabubabad,TS
2025-04-25,0.0,37.7,26.4,6.68,0.172,Mahabubabad,TS
2025-04-26,0.0,36.4,25.9,6.49,0.171,Mahabubabad,TS
2025-04-27,0.2,36.0,26.3,5.61,0.173,Mahabubabad,TS
2025-04-28,0.0,36.1,26.0,6.12,0.172,Mahabubabad,TS
2025-04-29,0.0,36.9,25.7,6.4,0.165,Mahabubabad,TS
2025-04-30,0.0,37.7,26.3,6.72,0.162,Mahabubabad,TS
2025-05-01,0.0,36.7,25.3,6.75,0.161,Mahabubabad,TS
2025-05-02,0.0,36.8,26.2,6.57,0.163,Mahabubabad,TS
2025-05-03,0.3,37.4,26.8,6.46,0.165,Mahabubabad,TS
2025-05-04,0.0,35.2,25.3,5.75,0.179,Mahabubabad,TS
2025-05-05,0.2,36.3,23.7,6.06,0.197,Mahabubabad,TS
2025-05-06,0.0,35.6,25.8,5.68,0.196,Mahabubabad,TS
2025-05-07,0.0,36.4,25.7,6.13,0.195,Mahabubabad,TS
2025-05-08,0.0,36.5,26.0,6.25,0.195,Mahabubabad,TS
2025-05-09,0.0,36.0,25.1,5.9,0.188,Mahabubabad,TS
2025-05-10,0.1,35.5,26.4,5.9,0.176,Mahabubabad,TS
2025-05-11,0.0,37.1,26.5,5.92,0.169,Mahabubabad,TS
2025-05-12,0.0,38.2,27.3,6.27,0.164,Mahabubabad,TS
2025-05-13,0.0,38.7,27.6,6.34,0.162,Mahabubabad,TS
2025-05-14,0.0,37.6,27.1,6.17,0.165,Mahabubabad,TS
2025-05-15,0.3,36.2,27.1,5.48,0.175,Mahabubabad,TS
2025-05-16,3.8,35.1,25.7,4.21,0.194,Mahabubabad,TS
2025-05-17,0.0,36.0,26.6,6.32,0.18,Mahabubabad,TS
2025-05-18,0.3,35.9,26.8,5.74,0.174,Mahabubabad,TS
2025-05-19,9.7,34.8,25.2,4.28,0.232,Mahabubabad,TS
2025-05-20,3.6,34.6,27.5,5.15,0.227,Mahabubabad,TS
2025-05-21,15.4,34.6,25.0,4.49,0.343,Mahabubabad,TS
2025-05-22,4.8,31.8,25.0,3.39,0.391,Mahabubabad,TS
2025-05-23,2.1,35.3,25.5,5.91,0.38,Mahabubabad,TS
2025-05-24,1.4,34.3,26.4,5.96,0.354,Mahabubabad,TS
2025-05-25,1.1,34.2,26.3,5.61,0.341,Mahabubabad,TS
2025-05-26,0.1,32.6,25.8,4.11,0.344,Mahabubabad,TS
2025-05-27,20.8,35.1,25.9,4.64,0.36,Mahabubabad,TS
2025-05-28,4.4,30.6,25.7,2.82,0.406,Mahabubabad,TS
2025-05-29,5.7,34.5,26.3,4.27,0.396,Mahabubabad,TS
2025-05-30,1.5,34.7,27.0,5.32,0.385,Mahabubabad,TS
2025-05-31,0.5,36.5,25.7,6.02,0.366,Mahabubabad,TS
2025-06-01,0.0,36.8,27.6,7.49,0.346,Mahabubabad,TS
2025-06-02,0.8,35.5,28.2,7.56,0.328,Mahabubabad,TS
2025-06-03,0.0,35.1,27.6,6.23,0.314,Mahabubabad,TS
2025-06-04,0.0,36.4,26.4,6.64,0.289,Mahabubabad,TS
2025-06-05,0.0,35.5,26.8,6.01,0.268,Mahabubabad,TS
2025-06-06,0.1,36.3,26.5,5.73,0.25,Mahabubabad,TS
2025-06-07,0.1,37.0,26.5,6.01,0.23,Mahabubabad,TS
2025-06-08,0.1,37.7,26.9,6.77,0.224,Mahabubabad,TS
2025-06-09,0.0,34.4,27.6,6.14,0.236,Mahabubabad,TS
2025-06-10,6.0,37.3,25.3,6.52,0.275,Mahabubabad,TS
2025-06-11,1.9,34.3,25.3,5.04,0.303,Mahabubabad,TS
2025-06-12,3.7,33.1,25.1,4.63,0.328,Mahabubabad,TS
2025-06-13,0.2,34.7,25.0,5.68,0.315,Mahabubabad,TS
2025-06-14,1.7,35.0,26.4,5.63,0.29,Mahabubabad,TS
2025-06-15,1.1,34.2,26.2,5.54,0.278,Mahabubabad,TS
2025-06-16,10.6,34.7,26.7,6.14,0.326,Mahabubabad,TS
2025-06-17,0.0,34.9,26.9,6.37,0.305,Mahabubabad,TS
2025-06-18,0.1,34.6,27.3,6.32,0.277,Mahabubabad,TS
2025-06-19,0.5,33.4,27.7,5.66,0.247,Mahabubabad,TS
2025-06-20,0.0,34.2,27.3,6.18,0.26,Mahabubabad,TS
2025-06-21,0.5,35.1,27.4,6.9,0.264,Mahabubabad,TS
2025-06-22,0.2,34.6,27.6,7.01,0.251,Mahabubabad,TS
2025-06-23,1.4,32.4,27.2,4.68,0.259,Mahabubabad,TS
2025-06-24,2.5,31.9,26.1,5.07,0.324,Mahabubabad,TS
2025-06-25,16.4,32.1,24.7,3.96,0.355,Mahabubabad,TS
2025-06-26,11.1,32.7,24.6,3.7,0.38,Mahabubabad,TS
2025-06-27,0.1,33.6,26.3,5.81,0.353,Mahabubabad,TS
2025-06-28,0.0,34.3,26.9,6.57,0.33,Mahabubabad,TS
2025-06-29,5.7,33.9,24.2,5.62,0.324,Mahabubabad,TS
2025-06-30,8.0,31.7,24.3,3.2,0.372,Mahabubabad,TS
2025-07-01,24.1,28.8,24.1,2.52,0.391,Mahabubabad,TS
2025-07-02,2.1,30.4,23.9,3.24,0.407,Mahabubabad,TS
2025-07-03,0.1,31.1,25.3,4.49,0.39,Mahabubabad,TS
2025-07-04,1.2,31.9,26.1,4.94,0.382,Mahabubabad,TS
2025-07-05,0.9,33.2,26.6,5.32,0.388,Mahabubabad,TS
2025-07-06,4.6,32.5,26.3,4.94,0.393,Mahabubabad,TS
2025-07-07,2.5,30.0,25.0,3.43,0.383,Mahabubabad,TS
2025-07-08,0.2,32.5,25.4,6.08,0.37,Mahabubabad,TS
2025-07-09,0.2,32.1,26.1,5.77,0.357,Mahabubabad,TS
2025-07-10,0.4,32.9,25.1,5.7,0.346,Mahabubabad,TS
2025-07-11,1.2,32.9,24.4,5.44,0.331,Mahabubabad,TS
2025-07-12,1.6,33.0,24.4,5.42,0.315,Mahabubabad,TS
2025-07-13,0.4,33.1,26.9,5.56,0.281,Mahabubabad,TS
2025-07-14,0.0,33.4,27.0,6.13,0.249,Mahabubabad,TS
2025-07-15,0.3,33.5,26.8,5.88,0.211,Mahabubabad,TS
2025-07-16,1.1,33.2,26.6,4.97,0.186,Mahabubabad,TS
2025-07-17,25.9,33.8,24.5,4.99,0.267,Mahabubabad,TS
2025-07-18,1.9,32.5,24.6,4.52,0.294,Mahabubabad,TS
2025-07-19,3.2,32.6,24.9,4.35,0.3,Mahabubabad,TS
2025-07-20,0.2,33.1,24.9,5.11,0.278,Mahabubabad,TS
2025-07-21,2.8,33.1,25.4,4.39,0.288,Mahabubabad,TS
2025-07-22,16.0,31.5,25.1,3.7,0.32,Mahabubabad,TS
2025-07-23,15.3,31.2,24.6,2.88,0.368,Mahabubabad,TS
2025-07-24,10.4,28.3,24.4,2.41,0.397,Mahabubabad,TS
2025-07-25,28.0,28.1,24.1,1.85,0.424,Mahabubabad,TS
2025-07-26,20.1,28.4,24.2,1.69,0.426,Mahabubabad,TS
2025-07-27,1.8,32.7,23.9,5.29,0.396,Mahabubabad,TS
2025-07-28,0.1,32.4,25.1,5.82,0.371,Mahabubabad,TS
2025-07-29,0.1,32.0,26.3,5.82,0.36,Mahabubabad,TS
2025-07-30,1.9,32.0,25.8,5.45,0.346,Mahabubabad,TS
2025-07-31,0.4,32.3,24.9,5.16,0.34,Mahabubabad,TS
2025-08-01,0.8,32.2,25.5,5.37,0.321,Mahabubabad,TS
2025-08-02,0.6,32.3,25.2,5.1,0.305,Mahabubabad,TS
2025-08-03,2.8,33.1,25.5,5.14,0.289,Mahabubabad,TS
2025-08-04,4.1,32.5,24.7,4.81,0.329,Mahabubabad,TS
2025-08-05,4.1,31.5,25.2,4.08,0.302,Mahabubabad,TS
2025-08-06,6.0,32.5,24.4,4.71,0.3,Mahabubabad,TS
2025-08-07,2.3,32.0,24.8,4.33,0.305,Mahabubabad,TS
2025-08-08,1.5,30.3,24.5,2.84,0.303,Mahabubabad,TS
2025-08-09,1.1,31.8,24.3,4.92,0.323,Mahabubabad,TS
2025-08-10,7.9,30.7,23.7,4.26,0.312,Mahabubabad,TS
2025-08-11,9.1,31.8,23.9,4.25,0.336,Mahabubabad,TS
2025-08-12,21.9,31.5,23.7,4.03,0.37,Mahabubabad,TS
2025-08-13,44.9,30.6,23.6,2.83,0.405,Mahabubabad,TS
2025-08-14,11.7,30.0,23.9,3.29,0.412,Mahabubabad,TS
2025-08-15,6.8,30.8,24.0,3.71,0.405,Mahabubabad,TS
2025-08-16,9.2,30.2,24.0,3.28,0.405,Mahabubabad,TS
2025-08-17,3.9,30.1,24.5,3.57,0.386,Mahabubabad,TS
2025-08-18,12.0,28.0,23.8,2.14,0.409,Mahabubabad,TS
2025-08-19,21.6,29.7,23.9,3.79,0.411,Mahabubabad,TS
2025-08-20,11.6,30.8,23.7,4.1,0.395,Mahabubabad,TS
2025-08-21,0.0,32.0,25.4,5.45,0.361,Mahabubabad,TS
2025-08-22,0.0,31.4,26.0,4.56,0.338,Mahabubabad,TS
2025-08-23,0.2,31.3,24.9,4.91,0.309,Mahabubabad,TS
2025-08-24,0.6,31.5,25.6,4.75,0.292,Mahabubabad,TS
2025-08-25,0.1,31.6,24.9,5.35,0.276,Mahabubabad,TS
2025-08-26,6.4,29.3,24.1,2.9,0.294,Mahabubabad,TS
2025-08-27,36.9,28.3,23.5,2.4,0.421,Mahabubabad,TS
2025-08-28,19.9,29.2,23.2,2.87,0.42,Mahabubabad,TS
2025-08-29,1.8,31.6,23.4,5.01,0.396,Mahabubabad,TS
2025-08-30,0.5,31.9,23.6,4.71,0.38,Mahabubabad,TS
2025-08-31,14.6,31.0,24.9,4.06,0.378,Mahabubabad,TS
2025-09-01,32.5,29.6,24.1,3.2,0.422,Mahabubabad,TS
2025-09-02,10.9,28.2,24.4,2.66,0.415,Mahabubabad,TS
2025-09-03,0.1,30.1,24.9,4.03,0.393,Mahabubabad,TS
2025-09-04,1.7,31.3,23.7,4.49,0.373,Mahabubabad,TS
2025-09-05,0.0,31.9,24.0,5.39,0.348,Mahabubabad,TS
2025-09-06,0.9,31.3,24.9,4.7,0.316,Mahabubabad,TS
2025-09-07,1.3,31.9,24.5,4.16,0.279,Mahabubabad,TS
2025-09-08,0.5,32.0,24.2,5.07,0.233,Mahabubabad,TS
2025-09-09,1.4,32.6,24.2,4.58,0.21,Mahabubabad,TS
2025-09-10,1.1,32.1,24.3,4.43,0.246,Mahabubabad,TS
2025-09-11,13.1,29.1,24.7,2.9,0.331,Mahabubabad,TS
2025-09-12,8.4,28.8,23.6,1.95,0.352,Mahabubabad,TS
2025-09-13,9.5,29.8,23.6,2.74,0.381,Mahabubabad,TS
2025-09-14,8.5,31.3,23.4,4.54,0.372,Mahabubabad,TS
2025-09-15,3.0,30.7,24.4,3.94,0.379,Mahabubabad,TS
2025-09-16,8.2,31.1,24.5,3.85,0.373,Mahabubabad,TS
2025-09-17,2.6,30.8,23.9,4.16,0.359,Mahabubabad,TS
2025-09-18,2.8,31.7,24.3,4.54,0.322,Mahabubabad,TS
2025-09-19,9.9,31.7,24.2,4.66,0.337,Mahabubabad,TS
2025-09-20,15.2,32.3,23.3,4.59,0.365,Mahabubabad,TS
2025-09-21,22.7,32.3,24.3,4.53,0.375,Mahabubabad,TS
2025-09-22,5.5,29.6,24.7,2.82,0.38,Mahabubabad,TS
2025-09-23,4.6,28.7,23.8,1.82,0.378,Mahabubabad,TS
2025-09-24,0.3,30.8,24.1,3.19,0.358,Mahabubabad,TS
2025-09-25,25.0,25.9,23.7,1.92,0.385,Mahabubabad,TS
2025-09-26,35.2,30.1,23.4,2.71,0.418,Mahabubabad,TS
2025-09-27,24.0,27.7,23.7,1.95,0.424,Mahabubabad,TS
2025-09-28,0.9,30.4,23.5,4.35,0.391,Mahabubabad,TS
2025-09-29,0.3,30.8,23.1,4.38,0.363,Mahabubabad,TS
2025-09-30,12.3,30.7,23.9,4.32,0.362,Mahabubabad,TS
2025-10-01,6.3,31.7,23.4,4.34,0.363,Mahabubabad,TS
2025-10-02,0.1,29.5,25.6,2.81,0.327,Mahabubabad,TS
2025-10-03,0.6,31.3,25.1,4.32,0.311,Mahabubabad,TS
2025-10-04,8.7,30.8,24.8,3.6,0.322,Mahabubabad,TS
2025-10-05,6.7,30.6,24.0,3.71,0.317,Mahabubabad,TS
2025-10-06,12.6,30.5,23.5,3.81,0.307,Mahabubabad,TS
2025-10-07,0.3,31.3,23.4,4.4,0.292,Mahabubabad,TS
2025-10-08,0.9,31.3,24.2,4.17,0.245,Mahabubabad,TS
2025-10-09,0.0,31.5,23.2,4.4,0.233,Mahabubabad,TS
2025-10-10,0.0,31.8,23.8,4.53,0.202,Mahabubabad,TS
2025-10-11,0.0,31.6,22.4,4.8,0.18,Mahabubabad,TS
2025-10-12,10.8,32.0,22.6,4.29,0.178,Mahabubabad,TS
2025-10-13,25.5,26.3,23.3,1.48,0.355,Mahabubabad,TS
2025-10-14,3.2,28.8,23.0,2.88,0.341,Mahabubabad,TS
2025-10-15,0.2,31.1,22.8,3.97,0.29,Mahabubabad,TS
2025-10-16,0.0,32.2,22.9,4.6,0.238,Mahabubabad,TS
2025-10-17,0.1,32.7,22.9,4.44,0.218,Mahabubabad,TS
2025-10-18,0.4,31.5,22.9,4.5,0.194,Mahabubabad,TS
2025-10-19,19.3,30.8,23.8,3.24,0.249,Mahabubabad,TS
2025-10-20,3.6,30.4,23.5,3.42,0.305,Mahabubabad,TS
2025-10-21,5.3,31.9,23.4,3.72,0.276,Mahabubabad,TS
2025-10-22,6.1,33.1,23.4,3.74,0.274,Mahabubabad,TS
2025-10-23,11.7,29.2,23.9,2.15,0.344,Mahabubabad,TS
2025-10-24,12.7,28.4,23.2,2.38,0.368,Mahabubabad,TS
2025-10-25,7.1,30.4,22.9,3.7,0.349,Mahabubabad,TS
2025-10-26,0.0,30.9,22.3,4.28,0.339,Mahabubabad,TS
2025-10-27,5.2,30.9,22.4,3.05,0.284,Mahabubabad,TS
2025-10-28,22.9,28.3,23.7,2.07,0.386,Mahabubabad,TS
2025-10-29,168.7,24.9,23.2,0.82,0.422,Mahabubabad,TS
2025-10-30,0.8,30.3,23.3,4.25,0.397,Mahabubabad,TS
2025-10-31,0.0,30.8,21.9,4.36,0.36,Mahabubabad,TS
2025-11-01,0.0,31.0,22.3,4.01,0.33,Mahabubabad,TS
2025-11-02,0.4,31.5,23.7,4.18,0.286,Mahabubabad,TS
2025-11-03,1.1,31.2,23.2,3.75,0.259,Mahabubabad,TS
2025-11-04,1.6,30.0,24.1,3.72,0.236,Mahabubabad,TS
2025-11-05,0.0,31.4,23.5,4.35,0.221,Mahabubabad,TS
2025-11-06,0.0,31.0,21.9,5.04,0.188,Mahabubabad,TS
2025-11-07,0.0,31.3,22.6,4.8,0.164,Mahabubabad,TS
2025-11-08,0.0,30.8,21.6,4.8,0.156,Mahabubabad,TS
2025-11-09,0.0,29.9,19.9,5.35,0.151,Mahabubabad,TS
2025-11-10,0.0,29.8,18.7,5.15,0.145,Mahabubabad,TS
2025-11-11,0.0,29.9,19.6,5.49,0.142,Mahabubabad,TS
2025-11-12,0.0,30.6,19.6,5.74,0.141,Mahabubabad,TS
2025-11-13,0.0,29.9,17.9,5.12,0.144,Mahabubabad,TS
2025-11-14,0.0,28.8,15.7,4.31,0.142,Mahabubabad,TS
2025-11-15,0.0,28.7,15.7,4.23,0.139,Mahabubabad,TS
2025-11-16,0.0,29.4,16.4,4.83,0.136,Mahabubabad,TS
2025-11-17,0.0,28.7,16.1,4.72,0.136,Mahabubabad,TS
2025-11-18,0.0,29.3,16.3,4.74,0.138,Mahabubabad,TS
2025-11-19,0.0,28.5,16.3,4.61,0.139,Mahabubabad,TS
2025-11-20,0.0,29.5,15.4,4.39,0.137,Mahabubabad,TS
2025-11-21,0.0,30.9,18.8,4.57,0.134,Mahabubabad,TS
2025-11-22,0.0,31.4,20.5,4.05,0.133,Mahabubabad,TS
2025-11-23,0.0,31.6,21.7,4.15,0.131,Mahabubabad,TS
2025-11-24,0.0,30.8,20.7,3.97,0.129,Mahabubabad,TS
2025-11-25,0.0,31.2,20.7,3.88,0.124,Mahabubabad,TS
2025-11-26,0.0,31.5,19.3,4.08,0.121,Mahabubabad,TS
2025-11-27,0.0,31.1,19.4,4.53,0.123,Mahabubabad,TS
2025-11-28,0.0,29.0,18.4,4.55,0.127,Mahabubabad,TS
2025-11-29,0.0,29.2,16.8,4.35,0.134,Mahabubabad,TS
2025-11-30,0.3,28.9,18.4,3.37,0.14,Mahabubabad,TS
2025-12-01,0.0,29.3,19.4,2.86,0.143,Mahabubabad,TS
2025-12-02,0.0,30.3,19.2,3.68,0.153,Mahabubabad,TS
2025-12-03,0.0,29.9,19.7,3.18,0.15,Mahabubabad,TS
2025-12-04,0.7,30.6,20.8,3.62,0.149,Mahabubabad,TS
2025-12-05,0.0,29.6,19.0,4.06,0.153,Mahabubabad,TS
2025-12-06,0.0,28.6,16.7,3.87,0.148,Mahabubabad,TS
2025-12-07,0.0,29.9,17.1,4.17,0.145,Mahabubabad,TS
2025-12-08,0.0,29.7,15.5,4.44,0.139,Mahabubabad,TS
2025-12-09,0.0,30.5,15.1,5.09,0.131,Mahabubabad,TS
2025-12-10,0.0,31.0,14.6,4.65,0.127,Mahabubabad,TS
2025-12-11,0.0,29.2,15.0,4.79,0.126,Mahabubabad,TS
2025-12-12,0.0,29.6,14.1,4.56,0.123,Mahabubabad,TS
2025-12-13,0.0,28.9,15.1,4.04,0.119,Mahabubabad,TS
2025-12-14,0.0,29.2,16.1,4.06,0.112,Mahabubabad,TS
2025-12-15,0.0,29.1,16.4,3.94,0.111,Mahabubabad,TS
2025-12-16,0.0,29.8,14.9,3.68,0.117,Mahabubabad,TS
2025-12-17,0.0,30.4,16.4,4.61,0.129,Mahabubabad,TS
2025-12-18,0.0,30.0,16.3,5.07,0.137,Mahabubabad,TS
2025-12-19,0.0,27.9,14.9,4.36,0.141,Mahabubabad,TS
2025-12-20,0.0,28.4,14.4,4.46,0.139,Mahabubabad,TS
2025-12-21,0.0,28.3,15.9,3.59,0.129,Mahabubabad,TS
2025-12-22,0.0,28.7,15.4,4.11,0.13,Mahabubabad,TS
2025-12-23,0.0,28.5,15.3,3.81,0.134,Mahabubabad,TS
2025-12-24,0.0,28.2,14.8,3.83,0.138,Mahabubabad,TS
2025-12-25,0.0,28.3,16.1,3.73,0.148,Mahabubabad,TS
2025-12-26,0.0,27.3,16.1,3.65,0.158,Mahabubabad,TS
2025-12-27,0.0,27.5,16.4,3.64,0.154,Mahabubabad,TS
2025-12-28,0.0,28.0,15.9,3.88,0.16,Mahabubabad,TS
2025-12-29,0.0,27.7,15.8,3.77,0.159,Mahabubabad,TS
2025-12-30,0.0,28.3,15.0,3.87,0.162,Mahabubabad,TS
2025-12-31,0.0,28.4,17.1,3.1,0.178,Mahabubabad,TS
2026-01-01,0.0,28.8,18.7,3.05,0.198,Mahabubabad,TS
2026-01-02,0.0,28.9,18.8,3.38,0.204,Mahabubabad,TS
2026-01-03,0.0,28.0,19.2,3.37,0.209,Mahabubabad,TS
2026-01-04,0.0,27.5,17.5,3.17,0.21,Mahabubabad,TS
2026-01-05,0.0,27.9,17.3,3.62,0.2,Mahabubabad,TS
2026-01-06,0.0,27.6,15.6,3.4,0.197,Mahabubabad,TS
2026-01-07,0.0,27.3,15.7,3.65,0.191,Mahabubabad,TS
2026-01-08,0.0,27.9,15.2,3.56,0.195,Mahabubabad,TS
2026-01-09,0.0,27.2,14.3,3.86,0.204,Mahabubabad,TS
2026-01-10,0.0,23.9,15.1,2.31,0.229,Mahabubabad,TS
2026-01-11,0.0,26.4,18.1,3.1,0.26,Mahabubabad,TS
2026-01-12,0.0,26.6,18.3,2.72,0.239,Mahabubabad,TS
2026-01-13,0.0,28.8,18.6,3.8,0.22,Mahabubabad,TS
2026-01-14,0.0,29.4,17.1,3.71,0.227,Mahabubabad,TS
2026-01-15,0.0,29.6,17.7,4.01,0.241,Mahabubabad,TS
2026-01-16,0.0,29.6,16.6,4.51,0.237,Mahabubabad,TS
2026-01-17,0.0,29.4,14.7,4.26,0.22,Mahabubabad,TS
2026-01-18,0.0,29.9,14.3,3.83,0.215,Mahabubabad,TS
2026-01-19,0.0,29.4,17.9,3.53,0.201,Mahabubabad,TS
2026-01-20,0.0,29.2,17.4,3.59,0.199,Mahabubabad,TS
2026-01-21,0.0,28.9,17.3,4.21,0.197,Mahabubabad,TS
2026-01-22,0.0,28.1,16.3,4.05,0.188,Mahabubabad,TS
2026-01-23,0.0,28.6,16.9,4.13,0.181,Mahabubabad,TS
2026-01-24,0.0,28.8,17.5,3.25,0.174,Mahabubabad,TS
2026-01-25,0.0,30.5,19.7,3.92,0.168,Mahabubabad,TS
2026-01-26,0.0,30.4,18.7,4.42,0.164,Mahabubabad,TS
2026-01-27,0.0,30.1,18.2,4.26,0.169,Mahabubabad,TS
2026-01-28,0.0,29.9,18.1,4.06,0.15,Mahabubabad,TS
2026-01-29,0.0,29.8,18.9,3.61,0.151,Mahabubabad,TS
2026-01-30,0.0,30.1,19.0,4.21,0.156,Mahabubabad,TS
2026-01-31,0.0,29.8,18.0,4.25,0.162,Mahabubabad,TS
2026-02-01,0.0,29.3,18.2,3.92,0.154,Mahabubabad,TS
2026-02-02,0.0,30.1,18.9,3.8,0.137,Mahabubabad,TS
2026-02-03,0.0,29.9,18.3,4.14,0.128,Mahabubabad,TS
2026-02-04,0.0,30.0,19.1,4.37,0.121,Mahabubabad,TS
2026-02-05,0.0,30.0,18.3,4.18,0.123,Mahabubabad,TS
2026-02-06,0.0,30.2,18.3,4.33,0.12,Mahabubabad,TS
2026-02-07,0.0,31.1,17.8,5.67,0.12,Mahabubabad,TS
2026-02-08,0.0,30.9,17.6,5.66,0.133,Mahabubabad,TS
2026-02-09,0.0,30.3,17.8,4.31,0.121,Mahabubabad,TS
2026-02-10,0.0,30.2,18.3,4.3,0.122,Mahabubabad,TS
2026-02-11,0.0,30.2,18.3,4.47,0.117,Mahabubabad,TS
2026-02-12,0.0,30.9,17.9,4.42,0.125,Mahabubabad,TS
2026-02-13,0.0,31.6,17.8,4.48,0.128,Mahabubabad,TS
2026-02-14,0.0,31.8,18.0,4.76,0.12,Mahabubabad,TS
2026-02-15,0.0,32.3,18.0,5.09,0.123,Mahabubabad,TS
2026-02-16,0.0,32.3,18.6,5.21,0.125,Mahabubabad,TS
2026-02-17,0.0,31.5,18.5,5.0,0.133,Mahabubabad,TS
2026-02-18,0.0,31.7,18.9,5.15,0.131,Mahabubabad,TS
2026-02-19,0.0,32.2,19.2,5.33,0.139,Mahabubabad,TS
2026-02-20,0.0,33.3,19.3,5.3,0.134,Mahabubabad,TS
2026-02-21,0.0,33.6,20.2,4.91,0.133,Mahabubabad,TS
2026-02-22,0.0,33.6,21.2,5.08,0.131,Mahabubabad,TS
2026-02-23,2.0,32.9,21.2,4.62,0.121,Mahabubabad,TS
2026-02-24,1.5,30.2,21.1,3.59,0.288,Mahabubabad,TS
2026-02-25,0.0,31.1,20.4,4.27,0.284,Mahabubabad,TS
2026-02-26,0.0,32.0,20.0,4.48,0.277,Mahabubabad,TS
2026-02-27,0.0,32.6,19.8,4.61,0.261,Mahabubabad,TS
2026-02-28,0.0,32.1,20.4,4.65,0.248,Mahabubabad,TS
2026-03-01,0.0,32.9,22.2,4.58,0.241,Mahabubabad,TS
2026-03-02,0.0,33.3,20.9,4.67,0.24,Mahabubabad,TS
2026-03-03,0.0,34.8,21.5,5.53,0.247,Mahabubabad,TS
2026-03-04,0.0,33.3,20.1,5.07,0.231,Mahabubabad,TS
2026-03-05,0.0,34.7,18.8,6.54,0.226,Mahabubabad,TS
2026-03-06,0.0,35.3,20.6,6.76,0.217,Mahabubabad,TS
2026-03-07,0.0,34.5,20.3,5.46,0.214,Mahabubabad,TS
2026-03-08,0.0,32.7,21.3,4.89,0.192,Mahabubabad,TS
2026-03-09,0.0,32.4,22.2,5.02,0.187,Mahabubabad,TS
2026-03-10,0.0,32.2,22.4,5.1,0.193,Mahabubabad,TS
2026-03-11,0.0,33.4,20.8,5.44,0.193,Mahabubabad,TS
2026-03-12,0.0,35.3,20.6,5.42,0.189,Mahabubabad,TS
2026-03-13,0.0,34.5,20.6,5.51,0.181,Mahabubabad,TS
2026-03-14,0.0,34.2,21.8,5.33,0.178,Mahabubabad,TS
2026-03-15,0.0,33.1,21.5,5.62,0.173,Mahabubabad,TS
2026-03-16,0.3,31.9,22.2,5.0,0.179,Mahabubabad,TS
2026-03-17,0.2,30.8,21.3,4.54,0.203,Mahabubabad,TS
2026-03-18,1.7,30.0,21.7,4.23,0.229,Mahabubabad,TS
2026-03-19,0.0,31.3,20.6,4.89,0.22,Mahabubabad,TS
2026-03-20,0.0,31.7,20.4,4.62,0.205,Mahabubabad,TS
2026-03-21,3.2,30.9,21.9,4.25,0.194,Mahabubabad,TS
2026-03-22,0.0,32.4,22.4,4.7,0.204,Mahabubabad,TS
2026-03-23,0.0,33.3,22.8,5.01,0.198,Mahabubabad,TS
2026-03-24,0.0,33.5,22.5,5.39,0.195,Mahabubabad,TS
2026-03-25,0.0,33.7,22.8,5.01,0.195,Mahabubabad,TS
2026-03-26,0.0,35.2,22.7,5.81,0.188,Mahabubabad,TS
2026-03-27,0.0,35.9,22.7,6.3,0.189,Mahabubabad,TS
2026-03-28,0.0,36.0,23.9,6.3,0.19,Mahabubabad,TS
2026-03-29,0.0,36.1,23.8,5.88,0.192,Mahabubabad,TS
2026-03-30,0.4,34.5,23.7,5.57,0.197,Mahabubabad,TS
2026-03-31,0.0,34.3,23.6,5.83,0.197,Mahabubabad,TS
2026-04-01,0.0,34.7,24.1,5.83,0.189,Mahabubabad,TS
2026-04-02,0.0,34.3,23.1,5.62,0.16,Mahabubabad,TS
2026-04-03,0.0,35.2,23.5,5.4,0.142,Mahabubabad,TS
2026-04-04,0.0,34.9,24.1,5.48,0.138,Mahabubabad,TS
2026-04-05,0.0,35.7,24.4,5.77,0.132,Mahabubabad,TS
2026-04-06,7.6,35.3,26.2,5.9,0.139,Mahabubabad,TS
2026-04-07,0.0,36.5,24.8,6.61,0.136,Mahabubabad,TS
2026-04-08,0.0,37.4,25.1,6.58,0.137,Mahabubabad,TS
2026-04-09,0.3,36.1,26.1,5.9,0.139,Mahabubabad,TS
2026-04-10,0.0,38.2,25.3,5.78,0.136,Mahabubabad,TS
2026-04-11,0.0,38.2,25.5,6.35,0.134,Mahabubabad,TS
2026-04-12,0.0,38.0,25.3,6.91,0.136,Mahabubabad,TS
2026-04-13,0.0,38.6,25.1,7.15,0.129,Mahabubabad,TS
2026-04-14,0.0,39.1,25.6,7.59,0.118,Mahabubabad,TS
2026-04-15,0.0,39.4,25.4,7.39,0.12,Mahabubabad,TS
2026-04-16,0.0,38.8,25.7,6.96,0.118,Mahabubabad,TS
2026-04-17,0.0,39.3,25.7,6.69,0.118,Mahabubabad,TS
2026-04-18,0.0,38.7,26.0,6.78,0.127,Mahabubabad,TS
2026-04-19,0.0,38.6,25.7,6.93,0.128,Mahabubabad,TS
2026-04-20,0.0,37.7,25.3,6.23,0.141,Mahabubabad,TS
2026-04-21,0.0,37.6,26.3,5.88,0.15,Mahabubabad,TS
2026-04-22,0.2,38.6,26.9,6.57,0.151,Mahabubabad,TS
2026-04-23,0.0,38.1,25.8,6.36,0.159,Mahabubabad,TS
2026-04-24,0.0,39.0,25.2,6.39,0.161,Mahabubabad,TS
2026-04-25,0.0,37.8,25.3,6.28,0.158,Mahabubabad,TS
2026-04-26,0.0,38.7,26.0,6.85,0.141,Mahabubabad,TS
2026-04-27,0.2,39.3,25.6,7.17,0.132,Mahabubabad,TS
2026-04-28,1.7,38.2,26.8,6.01,0.144,Mahabubabad,TS
2026-04-29,0.0,38.5,26.4,7.05,0.143,Mahabubabad,TS
2026-04-30,1.4,39.0,27.4,6.64,0.152,Mahabubabad,TS
2026-05-01,0.0,39.4,26.9,7.65,0.148,Mahabubabad,TS
2026-05-02,0.0,38.6,25.7,6.43,0.144,Mahabubabad,TS
2026-05-03,0.0,37.5,27.1,6.26,0.165,Mahabubabad,TS
2026-05-04,0.1,37.2,25.5,6.65,0.175,Mahabubabad,TS
2026-05-05,0.1,37.0,27.2,6.86,0.161,Mahabubabad,TS
2026-05-06,0.0,34.9,25.9,5.84,0.16,Mahabubabad,TS
2026-05-07,0.3,35.5,26.0,5.95,0.173,Mahabubabad,TS
2026-05-08,0.2,35.4,25.4,6.12,0.17,Mahabubabad,TS
2026-05-09,0.0,35.6,25.6,5.9,0.162,Mahabubabad,TS
2026-05-10,0.0,36.2,25.6,6.48,0.154,Mahabubabad,TS
2026-05-11,0.0,35.6,25.9,6.25,0.161,Mahabubabad,TS
2026-05-12,0.5,35.2,26.2,6.28,0.176,Mahabubabad,TS
2026-05-13,0.0,36.0,26.6,6.25,0.187,Mahabubabad,TS
2026-05-14,0.0,36.5,27.0,5.96,0.185,Mahabubabad,TS
2026-05-15,0.0,37.9,26.7,6.02,0.19,Mahabubabad,TS
2026-05-16,0.0,36.4,28.1,6.35,0.194,Mahabubabad,TS
2026-05-17,0.0,35.7,27.6,6.11,0.194,Mahabubabad,TS
2026-05-18,0.0,35.9,27.5,6.11,0.185,Mahabubabad,TS
2026-05-19,0.0,37.4,27.5,6.36,0.197,Mahabubabad,TS
2026-05-20,0.0,40.3,29.8,7.3,0.214,Mahabubabad,TS
2026-05-21,0.0,41.5,31.1,8.66,0.222,Mahabubabad,TS
2026-05-22,0.0,41.1,31.3,8.6,0.23,Mahabubabad,TS
2026-05-23,0.0,40.4,30.9,8.59,0.228,Mahabubabad,TS
2026-05-24,0.0,40.9,30.4,8.73,0.225,Mahabubabad,TS
2026-05-25,0.1,40.6,30.6,8.37,0.21,Mahabubabad,TS
2026-05-26,0.1,40.1,29.9,7.31,0.219,Mahabubabad,TS
2026-05-27,0.0,37.4,26.0,7.36,0.271,Mahabubabad,TS
2026-05-28,1.6,39.7,29.3,7.34,0.296,Mahabubabad,TS
2026-05-29,0.0,38.6,29.2,7.54,0.29,Mahabubabad,TS
2026-05-30,0.0,38.1,29.5,7.82,0.272,Mahabubabad,TS
2026-05-31,0.1,37.6,28.5,6.53,0.249,Mahabubabad,TS
2026-06-01,0.3,36.2,26.5,5.99,0.242,Mahabubabad,TS
2026-06-02,0.3,37.1,27.2,6.26,0.238,Mahabubabad,TS
2026-06-03,0.0,37.2,28.1,6.85,0.244,Mahabubabad,TS
2026-06-04,1.6,37.4,29.0,6.92,0.22,Mahabubabad,TS
2026-06-05,1.1,36.1,27.2,6.08,0.271,Mahabubabad,TS
2026-06-06,0.0,37.9,28.0,7.34,0.27,Mahabubabad,TS
2026-06-07,0.0,37.2,29.8,6.51,0.259,Mahabubabad,TS
2026-06-08,4.6,36.3,25.7,6.41,0.277,Mahabubabad,TS
2026-06-09,0.2,36.0,28.2,6.7,0.281,Mahabubabad,TS
2026-06-10,5.1,37.6,25.8,7.12,0.252,Mahabubabad,TS
2026-06-11,3.4,36.1,25.3,6.31,0.267,Mahabubabad,TS
2026-06-12,0.2,36.7,27.0,6.68,0.269,Mahabubabad,TS
2026-06-13,0.0,35.0,27.0,4.32,0.33,Mahabubabad,TS
2026-06-14,3.0,36.0,24.5,6.17,0.369,Mahabubabad,TS
2026-06-15,0.6,35.9,28.3,6.64,0.345,Mahabubabad,TS
2026-06-16,0.2,36.7,27.8,6.66,0.312,Mahabubabad,TS
2026-06-17,0.6,37.5,27.7,6.44,0.301,Mahabubabad,TS
2026-06-18,0.0,36.2,26.8,5.93,0.291,Mahabubabad,TS
2026-06-19,0.0,37.2,27.2,6.59,0.3,Mahabubabad,TS
2026-06-20,14.9,36.4,24.4,5.28,0.329,Mahabubabad,TS
2026-06-21,3.0,33.3,25.7,4.47,0.338,Mahabubabad,TS
2026-06-22,5.4,34.6,26.5,4.81,0.36,Mahabubabad,TS
2026-06-23,0.2,33.6,26.9,4.28,0.358,Mahabubabad,TS
2026-06-24,0.7,33.5,25.7,5.82,0.345,Mahabubabad,TS
2026-06-25,1.3,33.8,25.6,5.8,0.322,Mahabubabad,TS
2026-06-26,3.2,32.5,26.5,4.29,0.305,Mahabubabad,TS
2026-06-27,11.5,31.9,25.1,4.21,0.329,Mahabubabad,TS
2026-06-28,7.4,33.6,26.2,4.95,0.326,Mahabubabad,TS
2026-06-29,1.5,33.0,25.1,4.85,0.334,Mahabubabad,TS
2026-06-30,0.4,33.0,26.5,5.66,0.284,Mahabubabad,TS
2026-07-01,2.3,32.1,26.2,4.87,0.224,Mahabubabad,TS
2026-07-02,10.5,30.1,25.2,3.49,0.265,Mahabubabad,TS
2026-07-03,9.5,30.8,25.1,3.11,0.332,Mahabubabad,TS
2026-07-04,4.2,30.3,24.8,3.32,0.377,Mahabubabad,TS
2026-07-05,3.8,28.7,25.0,2.75,0.393,Mahabubabad,TS
2026-07-06,1.0,32.2,25.9,4.75,0.391,Mahabubabad,TS
2026-07-07,6.0,33.7,26.9,5.94,0.387,Mahabubabad,TS
2026-07-08,1.2,33.7,27.2,6.13,0.376,Mahabubabad,TS
2026-07-09,5.7,32.7,26.7,4.09,0.364,Mahabubabad,TS
2026-07-10,1.1,33.2,26.3,5.78,0.35,Mahabubabad,TS
2026-07-11,0.0,33.4,28.0,5.52,0.329,Mahabubabad,TS
2026-07-12,0.0,33.5,27.8,6.32,0.306,Mahabubabad,TS
2026-07-13,0.0,34.2,28.0,6.53,0.282,Mahabubabad,TS
2026-07-14,0.0,32.9,28.7,6.13,0.263,Mahabubabad,TS
2026-07-15,0.0,33.4,27.5,6.64,0.25,Mahabubabad,TS
2026-07-16,0.4,32.1,28.2,3.98,0.243,Mahabubabad,TS
2026-07-17,7.0,30.3,25.2,3.42,0.28,Mahabubabad,TS
2026-07-18,11.5,30.6,25.2,3.11,0.35,Mahabubabad,TS
2026-07-19,9.0,31.2,24.8,4.72,0.339,Mahabubabad,TS
2026-07-20,5.7,31.2,25.2,4.39,0.341,Mahabubabad,TS
2026-07-21,10.3,30.1,24.6,3.12,0.375,Mahabubabad,TS
2026-07-22,9.2,29.0,24.2,2.63,0.378,Mahabubabad,TS
2026-07-23,2.2,32.0,24.8,5.4,0.367,Mahabubabad,TS
2026-07-24,0.2,32.3,26.7,5.38,0.337,Mahabubabad,TS
2026-07-25,0.7,32.6,26.6,6.06,0.322,Mahabubabad,TS
2026-07-26,2.9,32.2,25.6,4.68,0.326,Mahabubabad,TS
2026-07-27,2.7,31.2,26.1,4.16,0.353,Mahabubabad,TS
2026-07-28,12.3,30.5,25.5,3.21,0.379,Mahabubabad,TS
2026-07-29,32.8,27.0,24.7,1.3,0.421,Mahabubabad,TS
2026-07-30,13.0,28.0,24.6,2.36,0.423,Mahabubabad,TS
2026-07-31,1.9,32.2,24.7,5.18,0.411,Mahabubabad,TS
2026-08-01,1.1,31.9,25.2,4.1,0.396,Mahabubabad,TS
2026-08-02,1.1,33.3,25.7,5.67,0.377,Mahabubabad,TS
2026-08-03,0.3,32.9,26.9,5.59,0.345,Mahabubabad,TS
2026-08-04,4.2,30.4,25.3,3.24,0.343,Mahabubabad,TS
2026-08-05,0.3,32.0,26.2,5.02,0.308,Mahabubabad,TS
2026-08-06,1.1,32.5,26.0,5.04,0.294,Mahabubabad,TS
2026-08-07,3.7,30.7,25.4,3.31,0.304,Mahabubabad,TS
2026-08-08,4.2,31.1,24.3,4.56,0.327,Mahabubabad,TS
2026-08-09,1.6,32.1,24.7,5.0,0.329,Mahabubabad,TS
2026-08-10,0.3,33.0,26.5,5.76,0.305,Mahabubabad,TS
2026-08-11,0.0,32.7,26.0,5.97,0.281,Mahabubabad,TS
2026-08-12,13.5,32.2,23.0,5.05,0.346,Mahabubabad,TS
2026-08-13,1.8,32.3,25.4,5.36,0.309,Mahabubabad,TS
2026-08-14,2.5,32.3,26.0,5.72,0.309,Mahabubabad,TS
2026-08-15,0.9,32.2,26.2,5.44,0.289,Mahabubabad,TS
2026-08-16,8.4,31.9,24.3,5.28,0.301,Mahabubabad,TS
2026-08-17,1.5,31.5,25.6,4.48,0.281,Mahabubabad,TS
2026-08-18,0.3,31.7,26.7,5.23,0.265,Mahabubabad,TS
2026-08-19,2.8,29.0,24.7,2.43,0.285,Mahabubabad,TS
2026-08-20,0.9,32.5,25.3,5.53,0.28,Mahabubabad,TS
2026-08-21,0.5,32.5,24.9,5.92,0.266,Mahabubabad,TS
2026-08-22,3.6,31.8,24.2,5.23,0.258,Mahabubabad,TS
2026-08-23,10.6,30.0,25.9,2.74,0.282,Mahabubabad,TS
2026-08-24,4.8,28.2,25.1,2.59,0.325,Mahabubabad,TS
2026-08-25,2.8,31.0,26.0,4.75,0.317,Mahabubabad,TS
2026-08-26,0.1,32.2,26.3,5.44,0.284,Mahabubabad,TS
2026-08-27,0.8,31.7,25.1,4.92,0.275,Mahabubabad,TS
2026-08-28,0.4,32.1,26.1,5.8,0.263,Mahabubabad,TS
2026-08-29,0.2,31.7,26.9,6.02,0.26,Mahabubabad,TS
2026-08-30,0.6,30.1,25.8,4.7,0.272,Mahabubabad,TS
2026-08-31,2.3,30.4,24.0,4.75,0.278,Mahabubabad,TS
2026-09-01,0.0,31.9,25.7,5.69,0.265,Mahabubabad,TS
2026-09-02,0.1,31.3,26.6,4.33,0.257,Mahabubabad,TS
2026-09-03,0.2,29.8,25.6,3.37,0.279,Mahabubabad,TS
2026-09-04,0.6,31.6,25.1,4.94,0.303,Mahabubabad,TS
2026-09-05,0.7,31.8,25.5,4.96,0.271,Mahabubabad,TS
2026-09-06,1.2,32.6,25.9,4.62,0.236,Mahabubabad,TS
2026-09-07,0.4,32.6,25.7,5.03,0.221,Mahabubabad,TS
2026-09-08,1.4,32.4,25.3,5.05,0.228,Mahabubabad,TS
2026-09-09,0.7,31.8,26.2,5.04,0.214,Mahabubabad,TS
2026-09-10,5.7,32.4,26.1,4.8,0.22,Mahabubabad,TS
