date,precipitation_sum,temperature_2m_max,temperature_2m_min,et0_fao_evapotranspiration,soil_moisture_0_to_7cm_mean,district,state
2014-01-01,0.0,26.8,15.4,3.73,0.232,Nirmal,TS
2014-01-02,0.0,27.7,15.5,3.95,0.232,Nirmal,TS
2014-01-03,0.0,27.8,15.8,3.98,0.232,Nirmal,TS
2014-01-04,0.0,28.4,17.8,4.07,0.232,Nirmal,TS
2014-01-05,0.0,29.6,16.9,3.9,0.232,Nirmal,TS
2014-01-06,0.0,28.7,17.5,3.81,0.231,Nirmal,TS
2014-01-07,0.0,28.3,18.7,3.63,0.231,Nirmal,TS
2014-01-08,0.0,28.8,17.1,4.33,0.231,Nirmal,TS
2014-01-09,0.0,29.2,16.9,4.09,0.231,Nirmal,TS
2014-01-10,0.0,29.6,18.3,4.25,0.231,Nirmal,TS
2014-01-11,0.0,28.2,18.1,3.79,0.231,Nirmal,TS
2014-01-12,0.0,28.4,19.1,3.73,0.231,Nirmal,TS
2014-01-13,0.0,28.3,17.7,3.99,0.231,Nirmal,TS
2014-01-14,0.0,28.6,17.0,3.99,0.231,Nirmal,TS
2014-01-15,0.0,30.0,19.9,4.1,0.231,Nirmal,TS
2014-01-16,0.0,29.2,20.4,4.05,0.23,Nirmal,TS
2014-01-17,0.0,29.0,21.9,4.32,0.23,Nirmal,TS
2014-01-18,0.0,28.6,21.8,4.07,0.23,Nirmal,TS
2014-01-19,0.0,28.5,20.3,4.25,0.23,Nirmal,TS
2014-01-20,0.0,29.6,18.6,4.54,0.23,Nirmal,TS
2014-01-21,0.0,29.0,18.6,4.55,0.23,Nirmal,TS
2014-01-22,0.0,28.1,18.4,4.16,0.23,Nirmal,TS
2014-01-23,0.9,27.2,19.7,3.06,0.234,Nirmal,TS
2014-01-24,0.0,28.3,18.2,3.61,0.239,Nirmal,TS
2014-01-25,0.0,29.1,19.1,4.51,0.237,Nirmal,TS
2014-01-26,0.0,29.6,18.5,4.73,0.235,Nirmal,TS
2014-01-27,0.0,28.3,17.5,4.63,0.234,Nirmal,TS
2014-01-28,0.0,28.2,16.0,4.79,0.233,Nirmal,TS
2014-01-29,0.0,28.3,15.6,4.75,0.232,Nirmal,TS
2014-01-30,0.0,28.5,17.0,4.81,0.231,Nirmal,TS
2014-01-31,0.0,28.5,16.7,4.86,0.231,Nirmal,TS
2014-02-01,0.0,28.8,15.4,4.92,0.231,Nirmal,TS
2014-02-02,0.0,29.2,17.2,4.93,0.231,Nirmal,TS
2014-02-03,0.0,30.0,17.5,4.78,0.23,Nirmal,TS
2014-02-04,0.0,31.0,17.0,4.67,0.23,Nirmal,TS
2014-02-05,0.0,31.3,17.5,4.76,0.23,Nirmal,TS
2014-02-06,0.0,31.8,19.2,4.88,0.23,Nirmal,TS
2014-02-07,0.0,32.3,18.2,5.03,0.23,Nirmal,TS
2014-02-08,0.0,32.4,20.4,5.0,0.23,Nirmal,TS
2014-02-09,0.0,31.3,18.2,5.33,0.23,Nirmal,TS
2014-02-10,0.0,30.7,17.0,5.25,0.23,Nirmal,TS
2014-02-11,0.0,30.1,16.6,5.03,0.23,Nirmal,TS
2014-02-12,0.0,30.5,16.3,5.0,0.23,Nirmal,TS
2014-02-13,0.0,31.8,22.1,5.78,0.23,Nirmal,TS
2014-02-14,0.0,29.8,22.2,4.24,0.23,Nirmal,TS
2014-02-15,0.0,28.9,18.7,4.24,0.23,Nirmal,TS
2014-02-16,0.0,27.2,20.0,4.38,0.23,Nirmal,TS
2014-02-17,0.0,27.0,17.3,5.54,0.23,Nirmal,TS
2014-02-18,0.0,28.2,14.1,5.31,0.23,Nirmal,TS
2014-02-19,0.0,30.0,15.8,5.34,0.23,Nirmal,TS
2014-02-20,0.0,31.8,19.2,5.35,0.23,Nirmal,TS
2014-02-21,0.0,31.2,21.2,4.89,0.23,Nirmal,TS
2014-02-22,0.0,31.0,22.3,4.55,0.23,Nirmal,TS
2014-02-23,0.5,31.6,21.5,4.5,0.232,Nirmal,TS
2014-02-24,0.0,31.0,20.5,5.22,0.238,Nirmal,TS
2014-02-25,0.0,31.7,19.8,5.3,0.236,Nirmal,TS
2014-02-26,0.0,31.8,20.3,5.71,0.234,Nirmal,TS
2014-02-27,10.4,31.9,21.2,4.77,0.246,Nirmal,TS
2014-02-28,14.5,28.9,19.9,3.76,0.37,Nirmal,TS
2014-03-01,0.4,28.2,19.4,4.16,0.432,Nirmal,TS
2014-03-02,0.1,27.1,18.6,3.75,0.396,Nirmal,TS
2014-03-03,7.5,28.1,18.9,4.19,0.383,Nirmal,TS
2014-03-04,21.2,24.7,19.1,3.06,0.471,Nirmal,TS
2014-03-05,0.0,25.6,17.6,3.46,0.434,Nirmal,TS
2014-03-06,0.2,26.5,19.4,3.73,0.414,Nirmal,TS
2014-03-07,0.0,27.2,19.0,3.85,0.396,Nirmal,TS
2014-03-08,0.4,28.0,20.1,4.26,0.38,Nirmal,TS
2014-03-09,3.8,27.1,20.0,3.91,0.381,Nirmal,TS
2014-03-10,3.5,27.2,19.3,4.16,0.435,Nirmal,TS
2014-03-11,0.0,30.3,19.5,4.72,0.407,Nirmal,TS
2014-03-12,0.0,30.1,20.9,4.33,0.382,Nirmal,TS
2014-03-13,0.8,31.3,20.3,5.06,0.375,Nirmal,TS
2014-03-14,0.0,31.8,21.0,5.33,0.357,Nirmal,TS
2014-03-15,0.0,32.7,21.7,5.15,0.337,Nirmal,TS
2014-03-16,0.0,32.6,23.3,5.08,0.32,Nirmal,TS
2014-03-17,0.0,33.0,23.8,4.79,0.306,Nirmal,TS
2014-03-18,0.0,33.7,22.1,5.23,0.293,Nirmal,TS
2014-03-19,0.0,33.6,25.4,5.0,0.282,Nirmal,TS
2014-03-20,0.0,34.1,23.6,5.17,0.273,Nirmal,TS
2014-03-21,0.0,34.9,23.0,5.49,0.264,Nirmal,TS
2014-03-22,0.0,34.9,20.9,6.22,0.257,Nirmal,TS
2014-03-23,0.0,35.3,22.0,5.62,0.25,Nirmal,TS
2014-03-24,0.0,34.9,22.9,5.49,0.245,Nirmal,TS
2014-03-25,0.0,34.9,23.7,5.91,0.241,Nirmal,TS
2014-03-26,0.0,36.5,23.5,6.51,0.238,Nirmal,TS
2014-03-27,0.0,36.6,24.0,5.92,0.235,Nirmal,TS
2014-03-28,0.0,36.9,24.9,6.71,0.233,Nirmal,TS
2014-03-29,0.0,37.6,22.9,6.39,0.232,Nirmal,TS
2014-03-30,0.0,38.3,24.8,6.65,0.232,Nirmal,TS
2014-03-31,0.0,36.9,25.5,5.89,0.231,Nirmal,TS
2014-04-01,0.0,37.5,23.9,6.41,0.231,Nirmal,TS
2014-04-02,0.0,36.5,23.4,6.54,0.231,Nirmal,TS
2014-04-03,0.0,36.5,23.2,6.29,0.23,Nirmal,TS
2014-04-04,0.0,37.5,23.3,6.12,0.23,Nirmal,TS
2014-04-05,0.0,38.0,23.0,6.41,0.23,Nirmal,TS
2014-04-06,0.0,39.1,22.7,7.03,0.23,Nirmal,TS
2014-04-07,0.0,38.4,25.7,7.09,0.23,Nirmal,TS
2014-04-08,0.0,37.7,27.6,5.99,0.23,Nirmal,TS
2014-04-09,0.0,36.6,25.1,5.78,0.231,Nirmal,TS
2014-04-10,0.0,36.8,24.9,6.67,0.232,Nirmal,TS
2014-04-11,0.0,37.6,25.4,6.87,0.231,Nirmal,TS
2014-04-12,0.0,37.2,25.5,6.47,0.23,Nirmal,TS
2014-04-13,0.0,37.2,25.0,7.12,0.23,Nirmal,TS
2014-04-14,0.2,36.7,25.2,6.43,0.23,Nirmal,TS
2014-04-15,0.0,36.2,25.5,6.18,0.232,Nirmal,TS
2014-04-16,0.3,36.1,26.2,5.48,0.233,Nirmal,TS
2014-04-17,0.0,38.4,25.0,6.58,0.233,Nirmal,TS
2014-04-18,0.0,36.6,26.6,6.19,0.233,Nirmal,TS
2014-04-19,0.8,37.3,25.9,6.05,0.239,Nirmal,TS
2014-04-20,0.1,35.9,24.8,5.83,0.251,Nirmal,TS
2014-04-21,0.0,37.1,25.9,6.51,0.253,Nirmal,TS
2014-04-22,0.0,36.7,26.1,5.89,0.245,Nirmal,TS
2014-04-23,0.0,37.3,27.1,6.14,0.24,Nirmal,TS
2014-04-24,0.0,38.3,27.2,5.3,0.237,Nirmal,TS
2014-04-25,0.0,38.8,27.6,6.51,0.234,Nirmal,TS
2014-04-26,0.0,39.5,27.2,6.47,0.232,Nirmal,TS
2014-04-27,0.0,39.7,27.1,6.58,0.231,Nirmal,TS
2014-04-28,0.0,39.8,27.0,6.8,0.231,Nirmal,TS
2014-04-29,0.4,39.8,27.8,6.71,0.234,Nirmal,TS
2014-04-30,0.0,39.0,26.9,6.45,0.238,Nirmal,TS
2014-05-01,0.0,39.4,27.6,6.9,0.235,Nirmal,TS
2014-05-02,0.0,40.7,27.8,7.97,0.233,Nirmal,TS
2014-05-03,0.0,37.9,26.7,6.93,0.233,Nirmal,TS
2014-05-04,0.0,38.0,27.9,6.63,0.236,Nirmal,TS
2014-05-05,0.0,37.0,26.9,6.73,0.234,Nirmal,TS
2014-05-06,0.0,35.6,27.1,6.65,0.233,Nirmal,TS
2014-05-07,0.0,36.7,26.8,6.38,0.232,Nirmal,TS
2014-05-08,0.1,36.3,28.0,6.26,0.232,Nirmal,TS
2014-05-09,7.9,28.0,24.7,1.88,0.27,Nirmal,TS
2014-05-10,0.0,36.4,22.9,5.88,0.286,Nirmal,TS
2014-05-11,0.0,37.9,27.0,7.69,0.27,Nirmal,TS
2014-05-12,0.0,38.2,27.0,7.39,0.256,Nirmal,TS
2014-05-13,0.0,38.2,27.3,7.45,0.246,Nirmal,TS
2014-05-14,0.0,37.7,27.7,7.29,0.239,Nirmal,TS
2014-05-15,0.0,37.2,27.1,6.81,0.235,Nirmal,TS
2014-05-16,0.0,37.5,28.1,6.95,0.235,Nirmal,TS
2014-05-17,0.0,38.4,27.6,6.3,0.233,Nirmal,TS
2014-05-18,0.0,39.9,29.1,7.16,0.231,Nirmal,TS
2014-05-19,0.0,39.7,28.7,6.67,0.231,Nirmal,TS
2014-05-20,0.0,38.9,28.3,6.57,0.233,Nirmal,TS
2014-05-21,0.0,38.7,28.6,5.3,0.237,Nirmal,TS
2014-05-22,0.0,41.1,28.5,8.66,0.236,Nirmal,TS
2014-05-23,0.0,41.0,29.2,7.3,0.233,Nirmal,TS
2014-05-24,0.0,41.3,28.1,6.87,0.231,Nirmal,TS
2014-05-25,0.0,42.1,28.2,8.02,0.23,Nirmal,TS
2014-05-26,0.0,37.3,28.5,6.19,0.23,Nirmal,TS
2014-05-27,0.0,39.8,29.3,6.74,0.231,Nirmal,TS
2014-05-28,0.0,41.1,28.7,8.09,0.23,Nirmal,TS
2014-05-29,0.0,40.9,28.1,6.96,0.23,Nirmal,TS
2014-05-30,0.0,41.3,29.5,7.52,0.23,Nirmal,TS
2014-05-31,0.0,41.8,30.7,8.39,0.23,Nirmal,TS
2014-06-01,0.0,42.2,31.5,7.62,0.23,Nirmal,TS
2014-06-02,0.0,41.9,29.8,7.2,0.23,Nirmal,TS
2014-06-03,0.0,39.1,30.0,7.4,0.231,Nirmal,TS
2014-06-04,0.0,40.4,29.8,6.83,0.231,Nirmal,TS
2014-06-05,0.0,40.6,30.3,7.2,0.23,Nirmal,TS
2014-06-06,0.0,42.3,30.6,7.54,0.23,Nirmal,TS
2014-06-07,0.0,42.1,31.7,8.85,0.23,Nirmal,TS
2014-06-08,0.0,41.7,32.6,8.55,0.23,Nirmal,TS
2014-06-09,0.0,40.8,31.5,9.15,0.23,Nirmal,TS
2014-06-10,0.0,40.0,29.4,7.92,0.23,Nirmal,TS
2014-06-11,4.5,36.8,27.3,6.93,0.236,Nirmal,TS
2014-06-12,0.4,38.3,29.2,7.13,0.268,Nirmal,TS
2014-06-13,0.7,37.0,28.4,7.35,0.264,Nirmal,TS
2014-06-14,7.1,36.8,25.6,6.55,0.324,Nirmal,TS
2014-06-15,0.0,35.9,28.0,6.93,0.325,Nirmal,TS
2014-06-16,0.0,36.4,28.5,7.38,0.3,Nirmal,TS
2014-06-17,0.0,36.8,28.9,6.91,0.282,Nirmal,TS
2014-06-18,0.0,34.1,28.5,4.89,0.27,Nirmal,TS
2014-06-19,1.9,34.7,27.2,5.66,0.265,Nirmal,TS
2014-06-20,0.8,34.4,25.3,5.74,0.275,Nirmal,TS
2014-06-21,0.0,32.2,27.3,6.05,0.265,Nirmal,TS
2014-06-22,0.2,32.9,27.3,5.66,0.258,Nirmal,TS
2014-06-23,0.0,37.3,26.8,8.21,0.25,Nirmal,TS
2014-06-24,0.0,38.2,26.8,8.53,0.243,Nirmal,TS
2014-06-25,0.0,38.0,27.2,8.44,0.238,Nirmal,TS
2014-06-26,0.0,37.5,28.3,7.83,0.235,Nirmal,TS
2014-06-27,0.0,35.9,28.5,5.33,0.233,Nirmal,TS
2014-06-28,13.6,28.3,26.2,2.42,0.349,Nirmal,TS
2014-06-29,0.2,33.5,26.5,5.23,0.392,Nirmal,TS
2014-06-30,0.0,36.5,26.9,6.77,0.353,Nirmal,TS
2014-07-01,0.0,37.4,27.5,7.24,0.319,Nirmal,TS
2014-07-02,0.0,37.4,29.1,7.74,0.293,Nirmal,TS
2014-07-03,0.4,36.4,28.6,7.25,0.276,Nirmal,TS
2014-07-04,0.6,36.3,28.3,6.53,0.269,Nirmal,TS
2014-07-05,0.4,35.1,29.0,5.36,0.266,Nirmal,TS
2014-07-06,0.3,33.2,27.2,4.18,0.266,Nirmal,TS
2014-07-07,5.7,34.1,25.6,4.21,0.299,Nirmal,TS
2014-07-08,2.4,33.1,26.6,4.7,0.33,Nirmal,TS
2014-07-09,9.9,28.7,24.2,2.38,0.422,Nirmal,TS
2014-07-10,1.3,31.7,24.5,3.76,0.424,Nirmal,TS
2014-07-11,4.5,29.5,24.1,4.0,0.44,Nirmal,TS
2014-07-12,5.8,30.9,24.8,3.53,0.428,Nirmal,TS
2014-07-13,13.1,29.2,24.1,2.58,0.479,Nirmal,TS
2014-07-14,1.2,29.1,24.5,2.94,0.451,Nirmal,TS
2014-07-15,5.2,26.4,24.2,1.91,0.451,Nirmal,TS
2014-07-16,0.0,29.0,23.8,3.25,0.448,Nirmal,TS
2014-07-17,1.4,31.9,24.9,4.54,0.424,Nirmal,TS
2014-07-18,2.3,31.6,25.4,4.21,0.411,Nirmal,TS
2014-07-19,8.9,29.2,24.5,2.89,0.448,Nirmal,TS
2014-07-20,14.0,27.5,23.6,2.12,0.487,Nirmal,TS
2014-07-21,14.2,25.9,23.8,1.93,0.483,Nirmal,TS
2014-07-22,31.0,24.0,22.9,1.23,0.486,Nirmal,TS
2014-07-23,9.7,27.7,22.7,2.82,0.474,Nirmal,TS
2014-07-24,0.4,30.0,23.1,4.53,0.455,Nirmal,TS
2014-07-25,0.0,30.8,23.3,5.53,0.437,Nirmal,TS
2014-07-26,0.8,30.8,24.8,4.86,0.417,Nirmal,TS
2014-07-27,8.7,28.1,24.3,2.66,0.441,Nirmal,TS
2014-07-28,18.1,25.0,23.7,1.25,0.494,Nirmal,TS
2014-07-29,28.0,27.4,23.2,2.29,0.485,Nirmal,TS
2014-07-30,7.1,28.0,23.2,2.68,0.479,Nirmal,TS
2014-07-31,2.6,29.1,24.4,2.82,0.483,Nirmal,TS
2014-08-01,3.3,29.4,24.0,3.41,0.485,Nirmal,TS
2014-08-02,0.0,30.2,24.5,4.45,0.464,Nirmal,TS
2014-08-03,0.2,29.9,24.5,4.54,0.443,Nirmal,TS
2014-08-04,12.1,27.0,23.8,1.95,0.479,Nirmal,TS
2014-08-05,16.2,25.7,23.4,1.6,0.505,Nirmal,TS
2014-08-06,1.2,30.3,23.5,4.28,0.481,Nirmal,TS
2014-08-07,0.0,29.8,24.0,4.23,0.462,Nirmal,TS
2014-08-08,0.0,30.0,23.9,4.52,0.444,Nirmal,TS
2014-08-09,0.5,30.5,24.2,4.92,0.428,Nirmal,TS
2014-08-10,0.1,29.6,24.7,3.67,0.418,Nirmal,TS
2014-08-11,0.3,29.6,24.2,4.13,0.415,Nirmal,TS
2014-08-12,0.0,30.6,24.7,4.97,0.4,Nirmal,TS
2014-08-13,0.0,29.4,25.1,4.47,0.385,Nirmal,TS
2014-08-14,0.0,30.3,25.1,4.53,0.371,Nirmal,TS
2014-08-15,0.0,30.6,25.1,4.79,0.358,Nirmal,TS
2014-08-16,0.0,29.9,24.5,4.43,0.346,Nirmal,TS
2014-08-17,0.0,29.9,25.3,4.25,0.336,Nirmal,TS
2014-08-18,0.2,31.5,23.9,4.56,0.329,Nirmal,TS
2014-08-19,0.4,32.5,24.4,4.25,0.328,Nirmal,TS
2014-08-20,0.7,32.5,24.4,4.62,0.339,Nirmal,TS
2014-08-21,5.0,31.1,24.7,3.24,0.389,Nirmal,TS
2014-08-22,8.5,29.2,23.9,2.6,0.463,Nirmal,TS
2014-08-23,0.0,31.6,23.9,4.65,0.43,Nirmal,TS
2014-08-24,0.8,32.3,24.4,4.82,0.403,Nirmal,TS
2014-08-25,5.4,32.6,24.2,4.63,0.396,Nirmal,TS
2014-08-26,14.3,30.3,23.9,3.31,0.463,Nirmal,TS
2014-08-27,23.9,28.7,23.5,2.23,0.482,Nirmal,TS
2014-08-28,16.6,27.7,23.1,1.88,0.484,Nirmal,TS
2014-08-29,42.0,28.3,23.2,1.9,0.484,Nirmal,TS
2014-08-30,44.0,28.0,23.4,1.71,0.468,Nirmal,TS
2014-08-31,94.7,24.3,23.2,0.6,0.488,Nirmal,TS
2014-09-01,43.8,24.8,23.4,1.29,0.479,Nirmal,TS
2014-09-02,0.8,28.2,23.7,2.8,0.464,Nirmal,TS
2014-09-03,0.2,30.0,23.6,4.53,0.448,Nirmal,TS
2014-09-04,0.0,29.8,24.1,4.14,0.433,Nirmal,TS
2014-09-05,10.0,28.8,23.9,3.34,0.443,Nirmal,TS
2014-09-06,4.6,27.6,23.3,2.3,0.486,Nirmal,TS
2014-09-07,106.7,24.3,22.9,1.03,0.491,Nirmal,TS
2014-09-08,5.4,28.1,22.0,3.25,0.433,Nirmal,TS
2014-09-09,3.4,27.7,23.0,3.53,0.439,Nirmal,TS
2014-09-10,6.3,27.5,22.7,3.2,0.465,Nirmal,TS
2014-09-11,5.2,28.7,23.2,2.57,0.495,Nirmal,TS
2014-09-12,0.3,29.5,23.6,4.25,0.474,Nirmal,TS
2014-09-13,0.2,29.4,23.9,4.25,0.457,Nirmal,TS
2014-09-14,4.3,29.6,24.1,3.55,0.465,Nirmal,TS
2014-09-15,2.1,30.2,23.8,3.95,0.475,Nirmal,TS
2014-09-16,1.1,30.2,23.9,3.7,0.472,Nirmal,TS
2014-09-17,0.2,29.9,24.2,3.66,0.46,Nirmal,TS
2014-09-18,1.9,30.9,24.4,4.24,0.456,Nirmal,TS
2014-09-19,3.2,30.8,24.9,3.57,0.464,Nirmal,TS
2014-09-20,0.6,28.8,25.2,2.82,0.466,Nirmal,TS
2014-09-21,0.0,30.0,24.5,3.99,0.455,Nirmal,TS
2014-09-22,0.1,30.6,23.5,4.23,0.435,Nirmal,TS
2014-09-23,0.0,30.8,24.1,4.08,0.422,Nirmal,TS
2014-09-24,0.0,31.7,23.6,4.71,0.409,Nirmal,TS
2014-09-25,0.0,32.5,22.2,5.18,0.393,Nirmal,TS
2014-09-26,0.0,31.7,22.6,5.01,0.379,Nirmal,TS
2014-09-27,0.0,32.0,24.5,4.75,0.367,Nirmal,TS
2014-09-28,0.0,31.6,23.3,4.58,0.355,Nirmal,TS
2014-09-29,0.0,31.4,24.2,4.49,0.345,Nirmal,TS
2014-09-30,0.0,31.3,24.4,4.61,0.336,Nirmal,TS
2014-10-01,0.0,31.8,23.1,4.42,0.327,Nirmal,TS
2014-10-02,0.0,32.5,22.2,4.81,0.318,Nirmal,TS
2014-10-03,0.0,32.7,24.4,4.57,0.309,Nirmal,TS
2014-10-04,0.2,33.2,25.1,4.77,0.302,Nirmal,TS
2014-10-05,0.2,33.2,23.3,4.8,0.296,Nirmal,TS
2014-10-06,0.2,32.8,23.6,4.68,0.291,Nirmal,TS
2014-10-07,0.1,30.7,23.9,4.04,0.289,Nirmal,TS
2014-10-08,0.6,29.9,23.6,3.59,0.293,Nirmal,TS
2014-10-09,0.3,31.2,22.8,3.89,0.303,Nirmal,TS
2014-10-10,0.0,32.1,24.4,4.49,0.298,Nirmal,TS
2014-10-11,0.0,32.1,24.9,4.99,0.29,Nirmal,TS
2014-10-12,0.1,31.7,23.5,6.25,0.28,Nirmal,TS
2014-10-13,0.0,31.5,25.6,5.12,0.272,Nirmal,TS
2014-10-14,0.0,32.0,24.6,4.21,0.268,Nirmal,TS
2014-10-15,0.0,31.5,24.4,4.29,0.263,Nirmal,TS
2014-10-16,0.1,31.0,23.3,3.99,0.261,Nirmal,TS
2014-10-17,0.3,31.7,22.8,4.13,0.262,Nirmal,TS
2014-10-18,0.0,31.1,24.1,4.01,0.26,Nirmal,TS
2014-10-19,0.2,31.7,22.7,4.47,0.257,Nirmal,TS
2014-10-20,0.0,31.9,22.8,4.43,0.254,Nirmal,TS
2014-10-21,0.2,31.8,23.4,4.37,0.25,Nirmal,TS
2014-10-22,0.0,32.0,22.8,4.9,0.249,Nirmal,TS
2014-10-23,0.0,31.6,20.9,4.98,0.245,Nirmal,TS
2014-10-24,0.0,31.7,21.7,5.01,0.242,Nirmal,TS
2014-10-25,0.4,27.5,23.0,1.93,0.243,Nirmal,TS
2014-10-26,24.6,24.1,20.3,1.53,0.436,Nirmal,TS
2014-10-27,0.0,25.7,19.6,2.33,0.432,Nirmal,TS
2014-10-28,0.0,28.9,20.9,4.21,0.404,Nirmal,TS
2014-10-29,0.0,29.4,21.3,4.52,0.381,Nirmal,TS
2014-10-30,0.0,29.7,21.5,4.62,0.36,Nirmal,TS
2014-10-31,0.0,30.1,18.9,4.55,0.343,Nirmal,TS
2014-11-01,0.0,30.1,21.1,4.33,0.328,Nirmal,TS
2014-11-02,0.0,31.0,19.8,4.61,0.315,Nirmal,TS
2014-11-03,0.0,30.9,19.1,4.6,0.303,Nirmal,TS
2014-11-04,0.0,31.1,19.0,4.7,0.293,Nirmal,TS
2014-11-05,0.0,31.5,19.6,4.64,0.284,Nirmal,TS
2014-11-06,0.0,31.8,21.2,4.88,0.275,Nirmal,TS
2014-11-07,0.0,31.2,19.9,4.89,0.268,Nirmal,TS
2014-11-08,0.0,30.5,18.2,4.89,0.261,Nirmal,TS
2014-11-09,0.8,29.2,19.2,3.66,0.26,Nirmal,TS
2014-11-10,2.5,29.2,21.7,2.82,0.284,Nirmal,TS
2014-11-11,0.0,31.1,21.7,3.95,0.297,Nirmal,TS
2014-11-12,1.2,30.8,21.4,3.74,0.296,Nirmal,TS
2014-11-13,0.2,29.3,21.5,3.11,0.311,Nirmal,TS
2014-11-14,2.0,29.8,22.1,3.0,0.312,Nirmal,TS
2014-11-15,4.8,30.5,22.3,3.34,0.349,Nirmal,TS
2014-11-16,0.0,30.1,21.3,3.53,0.398,Nirmal,TS
2014-11-17,0.5,30.1,22.4,3.49,0.388,Nirmal,TS
2014-11-18,0.2,29.2,22.6,3.31,0.381,Nirmal,TS
2014-11-19,0.2,30.2,21.7,4.0,0.365,Nirmal,TS
2014-11-20,0.0,29.8,21.8,4.37,0.346,Nirmal,TS
2014-11-21,0.0,29.4,19.6,4.17,0.33,Nirmal,TS
2014-11-22,0.0,29.5,19.9,4.13,0.317,Nirmal,TS
2014-11-23,0.0,29.4,19.1,4.02,0.305,Nirmal,TS
2014-11-24,0.0,29.7,20.1,4.35,0.295,Nirmal,TS
2014-11-25,0.0,29.2,18.4,4.37,0.286,Nirmal,TS
2014-11-26,0.0,29.1,18.2,4.24,0.278,Nirmal,TS
2014-11-27,0.0,29.5,19.0,4.11,0.271,Nirmal,TS
2014-11-28,0.0,29.9,18.2,3.96,0.265,Nirmal,TS
2014-11-29,0.0,29.8,20.2,4.16,0.26,Nirmal,TS
2014-11-30,0.0,29.8,18.4,4.29,0.255,Nirmal,TS
2014-12-01,0.0,29.8,18.1,4.07,0.251,Nirmal,TS
2014-12-02,0.0,29.4,19.3,3.98,0.248,Nirmal,TS
2014-12-03,0.0,29.4,18.2,3.98,0.245,Nirmal,TS
2014-12-04,0.0,29.3,17.0,4.16,0.243,Nirmal,TS
2014-12-05,0.0,28.9,18.2,4.31,0.24,Nirmal,TS
2014-12-06,0.0,28.9,17.4,4.27,0.239,Nirmal,TS
2014-12-07,0.0,28.9,17.5,3.94,0.238,Nirmal,TS
2014-12-08,0.0,29.2,19.1,3.86,0.236,Nirmal,TS
2014-12-09,0.0,29.4,19.0,3.83,0.235,Nirmal,TS
2014-12-10,0.0,29.3,19.6,3.88,0.235,Nirmal,TS
2014-12-11,0.0,28.3,18.9,3.21,0.234,Nirmal,TS
2014-12-12,2.7,26.3,19.0,2.44,0.241,Nirmal,TS
2014-12-13,1.1,26.8,20.1,2.45,0.282,Nirmal,TS
2014-12-14,0.0,28.2,19.3,3.47,0.28,Nirmal,TS
2014-12-15,0.0,26.6,19.8,2.98,0.276,Nirmal,TS
2014-12-16,0.0,26.2,18.0,3.81,0.272,Nirmal,TS
2014-12-17,0.0,24.6,15.4,4.11,0.265,Nirmal,TS
2014-12-18,0.0,25.0,11.7,3.92,0.26,Nirmal,TS
2014-12-19,0.0,25.5,12.6,4.03,0.255,Nirmal,TS
2014-12-20,0.0,25.2,12.1,3.83,0.251,Nirmal,TS
2014-12-21,0.0,25.9,15.1,3.66,0.248,Nirmal,TS
2014-12-22,0.0,26.2,15.9,3.86,0.245,Nirmal,TS
2014-12-23,0.0,26.5,15.5,3.75,0.243,Nirmal,TS
2014-12-24,0.0,27.3,15.8,3.82,0.241,Nirmal,TS
2014-12-25,0.0,27.3,15.0,3.98,0.239,Nirmal,TS
2014-12-26,0.0,26.4,14.8,4.02,0.238,Nirmal,TS
2014-12-27,0.0,24.9,14.8,3.9,0.236,Nirmal,TS
2014-12-28,0.0,24.9,12.1,3.97,0.235,Nirmal,TS
2014-12-29,0.0,26.4,13.2,4.0,0.234,Nirmal,TS
2014-12-30,0.0,28.1,14.5,4.04,0.234,Nirmal,TS
2014-12-31,0.0,28.5,18.0,3.72,0.233,Nirmal,TS
2015-01-01,2.4,27.0,19.1,2.55,0.24,Nirmal,TS
2015-01-02,1.5,27.5,19.7,2.4,0.281,Nirmal,TS
2015-01-03,0.9,23.6,19.1,1.39,0.296,Nirmal,TS
2015-01-04,0.0,26.9,18.9,2.52,0.299,Nirmal,TS
2015-01-05,0.0,26.6,17.5,3.66,0.292,Nirmal,TS
2015-01-06,0.0,26.9,15.0,3.9,0.284,Nirmal,TS
2015-01-07,0.0,27.8,16.6,3.89,0.276,Nirmal,TS
2015-01-08,0.0,27.0,14.6,4.13,0.269,Nirmal,TS
2015-01-09,0.0,26.1,14.1,4.29,0.262,Nirmal,TS
2015-01-10,0.0,26.4,13.4,4.04,0.257,Nirmal,TS
2015-01-11,0.0,26.9,12.7,4.19,0.252,Nirmal,TS
2015-01-12,0.0,27.5,13.1,4.12,0.248,Nirmal,TS
2015-01-13,0.0,27.3,13.0,3.99,0.245,Nirmal,TS
2015-01-14,0.0,27.9,14.6,4.36,0.242,Nirmal,TS
2015-01-15,0.0,27.5,13.8,4.25,0.24,Nirmal,TS
2015-01-16,0.0,28.2,15.4,4.52,0.238,Nirmal,TS
2015-01-17,0.0,27.4,14.6,4.15,0.236,Nirmal,TS
2015-01-18,0.0,27.2,14.0,4.12,0.235,Nirmal,TS
2015-01-19,0.0,27.7,15.1,4.44,0.234,Nirmal,TS
2015-01-20,0.0,28.3,16.9,4.36,0.233,Nirmal,TS
2015-01-21,0.0,27.7,18.3,3.64,0.233,Nirmal,TS
2015-01-22,0.0,28.9,18.9,4.24,0.232,Nirmal,TS
2015-01-23,0.0,29.0,17.9,4.13,0.232,Nirmal,TS
2015-01-24,0.0,29.5,19.6,4.69,0.231,Nirmal,TS
2015-01-25,0.0,30.5,18.6,5.15,0.231,Nirmal,TS
2015-01-26,0.0,29.0,18.4,4.55,0.231,Nirmal,TS
2015-01-27,0.0,29.8,17.7,4.86,0.231,Nirmal,TS
2015-01-28,0.0,29.5,17.8,4.75,0.23,Nirmal,TS
2015-01-29,0.0,29.4,17.6,4.34,0.23,Nirmal,TS
2015-01-30,0.0,28.4,19.3,4.16,0.23,Nirmal,TS
2015-01-31,0.0,28.9,18.0,4.76,0.23,Nirmal,TS
2015-02-01,0.0,29.7,16.9,4.87,0.23,Nirmal,TS
2015-02-02,0.0,30.3,16.4,5.06,0.23,Nirmal,TS
2015-02-03,0.0,30.1,17.5,4.69,0.23,Nirmal,TS
2015-02-04,0.0,30.8,19.2,4.95,0.23,Nirmal,TS
2015-02-05,0.0,30.6,20.1,4.85,0.23,Nirmal,TS
2015-02-06,0.0,30.4,19.7,4.86,0.23,Nirmal,TS
2015-02-07,0.0,30.7,17.2,5.25,0.23,Nirmal,TS
2015-02-08,0.0,30.6,19.1,5.31,0.23,Nirmal,TS
2015-02-09,0.0,30.2,19.3,4.99,0.23,Nirmal,TS
2015-02-10,0.0,30.4,19.0,5.04,0.23,Nirmal,TS
2015-02-11,0.0,29.8,20.6,4.56,0.23,Nirmal,TS
2015-02-12,0.0,30.7,19.1,4.47,0.231,Nirmal,TS
2015-02-13,0.0,31.3,18.7,4.69,0.23,Nirmal,TS
2015-02-14,0.0,31.3,17.9,4.82,0.23,Nirmal,TS
2015-02-15,0.0,32.8,20.9,4.93,0.23,Nirmal,TS
2015-02-16,0.0,33.0,18.3,5.08,0.23,Nirmal,TS
2015-02-17,0.0,34.1,18.8,5.48,0.23,Nirmal,TS
2015-02-18,0.0,33.7,18.3,5.14,0.23,Nirmal,TS
2015-02-19,0.0,32.6,18.2,5.23,0.23,Nirmal,TS
2015-02-20,0.0,31.5,21.3,4.72,0.23,Nirmal,TS
2015-02-21,0.0,31.9,20.6,5.09,0.23,Nirmal,TS
2015-02-22,0.0,33.2,19.4,5.55,0.23,Nirmal,TS
2015-02-23,0.0,33.3,19.3,5.64,0.23,Nirmal,TS
2015-02-24,0.0,33.7,19.0,5.83,0.23,Nirmal,TS
2015-02-25,0.0,34.1,20.4,5.87,0.23,Nirmal,TS
2015-02-26,0.0,33.9,20.2,6.35,0.23,Nirmal,TS
2015-02-27,0.0,32.9,20.1,5.14,0.23,Nirmal,TS
2015-02-28,1.1,32.9,22.1,5.43,0.233,Nirmal,TS
2015-03-01,16.5,24.1,19.5,1.93,0.387,Nirmal,TS
2015-03-02,2.5,27.3,20.3,3.47,0.439,Nirmal,TS
2015-03-03,0.2,28.8,19.1,4.88,0.397,Nirmal,TS
2015-03-04,0.0,27.9,16.9,5.1,0.364,Nirmal,TS
2015-03-05,0.0,30.3,17.4,5.36,0.338,Nirmal,TS
2015-03-06,0.2,30.6,21.6,4.16,0.32,Nirmal,TS
2015-03-07,0.0,31.6,20.4,4.55,0.307,Nirmal,TS
2015-03-08,3.3,32.3,22.5,4.59,0.305,Nirmal,TS
2015-03-09,2.2,30.4,21.1,4.18,0.353,Nirmal,TS
2015-03-10,0.0,31.4,21.2,4.66,0.349,Nirmal,TS
2015-03-11,6.0,32.2,21.4,4.86,0.375,Nirmal,TS
2015-03-12,0.0,32.0,22.7,5.24,0.355,Nirmal,TS
2015-03-13,0.0,33.6,21.1,5.55,0.33,Nirmal,TS
2015-03-14,0.0,33.6,21.5,6.33,0.307,Nirmal,TS
2015-03-15,0.0,33.6,20.9,6.04,0.289,Nirmal,TS
2015-03-16,1.3,33.2,22.5,4.79,0.281,Nirmal,TS
2015-03-17,0.0,33.1,22.9,4.87,0.281,Nirmal,TS
2015-03-18,0.0,32.6,24.0,5.39,0.27,Nirmal,TS
2015-03-19,0.0,33.8,23.0,5.39,0.261,Nirmal,TS
2015-03-20,0.0,34.6,23.8,5.47,0.252,Nirmal,TS
2015-03-21,0.0,34.7,25.2,5.2,0.247,Nirmal,TS
2015-03-22,0.0,36.7,23.0,5.4,0.242,Nirmal,TS
2015-03-23,0.0,37.2,23.6,6.01,0.238,Nirmal,TS
2015-03-24,0.0,36.9,24.0,5.57,0.235,Nirmal,TS
2015-03-25,0.0,37.3,23.0,5.88,0.233,Nirmal,TS
2015-03-26,0.0,36.5,24.1,6.09,0.232,Nirmal,TS
2015-03-27,0.0,36.7,23.5,6.34,0.231,Nirmal,TS
2015-03-28,0.0,35.9,24.1,5.84,0.232,Nirmal,TS
2015-03-29,0.2,35.7,24.0,5.89,0.232,Nirmal,TS
2015-03-30,0.0,31.1,25.4,4.47,0.233,Nirmal,TS
2015-03-31,0.0,33.8,24.4,5.19,0.233,Nirmal,TS
2015-04-01,0.0,36.6,25.2,6.26,0.232,Nirmal,TS
2015-04-02,0.0,37.3,24.0,6.38,0.231,Nirmal,TS
2015-04-03,0.0,37.6,24.4,6.96,0.23,Nirmal,TS
2015-04-04,0.0,37.2,25.3,7.62,0.23,Nirmal,TS
2015-04-05,0.0,37.2,23.9,7.0,0.23,Nirmal,TS
2015-04-06,0.0,37.3,23.5,6.67,0.23,Nirmal,TS
2015-04-07,0.0,38.3,25.0,6.68,0.23,Nirmal,TS
2015-04-08,0.4,36.9,26.6,6.06,0.231,Nirmal,TS
2015-04-09,1.2,35.8,24.7,5.92,0.24,Nirmal,TS
2015-04-10,0.3,35.1,25.3,5.71,0.241,Nirmal,TS
2015-04-11,29.2,31.5,22.7,4.52,0.353,Nirmal,TS
2015-04-12,18.4,27.1,20.9,3.35,0.459,Nirmal,TS
2015-04-13,17.0,28.2,19.9,4.11,0.417,Nirmal,TS
2015-04-14,6.2,26.9,20.7,3.65,0.484,Nirmal,TS
2015-04-15,2.2,28.9,20.2,4.63,0.472,Nirmal,TS
2015-04-16,4.4,30.2,20.7,4.97,0.464,Nirmal,TS
2015-04-17,0.0,31.7,23.2,5.27,0.431,Nirmal,TS
2015-04-18,0.0,34.4,23.2,5.74,0.405,Nirmal,TS
2015-04-19,0.0,35.8,23.1,6.15,0.379,Nirmal,TS
2015-04-20,0.0,36.2,24.2,6.04,0.355,Nirmal,TS
2015-04-21,0.0,36.1,25.5,6.11,0.334,Nirmal,TS
2015-04-22,0.1,37.0,25.0,6.31,0.318,Nirmal,TS
2015-04-23,0.0,36.4,26.5,6.0,0.306,Nirmal,TS
2015-04-24,0.2,36.2,25.6,6.64,0.295,Nirmal,TS
2015-04-25,0.0,36.0,23.4,6.26,0.281,Nirmal,TS
2015-04-26,0.0,35.4,23.3,6.33,0.27,Nirmal,TS
2015-04-27,0.0,36.0,24.8,6.63,0.26,Nirmal,TS
2015-04-28,0.0,39.0,25.0,6.93,0.252,Nirmal,TS
2015-04-29,0.0,38.8,25.3,7.08,0.245,Nirmal,TS
2015-04-30,0.0,39.1,25.8,6.95,0.24,Nirmal,TS
2015-05-01,0.0,38.9,26.6,6.93,0.237,Nirmal,TS
2015-05-02,0.0,39.0,23.9,6.98,0.234,Nirmal,TS
2015-05-03,0.0,39.1,25.2,6.76,0.233,Nirmal,TS
2015-05-04,0.5,36.8,26.5,6.62,0.234,Nirmal,TS
2015-05-05,0.1,36.2,25.8,6.11,0.242,Nirmal,TS
2015-05-06,0.2,37.3,26.4,6.46,0.246,Nirmal,TS
2015-05-07,0.0,38.0,25.8,6.47,0.244,Nirmal,TS
2015-05-08,0.0,40.1,26.8,7.1,0.238,Nirmal,TS
2015-05-09,0.0,39.9,25.8,6.81,0.235,Nirmal,TS
2015-05-10,0.1,39.2,28.7,6.98,0.233,Nirmal,TS
2015-05-11,0.2,39.0,26.4,6.63,0.233,Nirmal,TS
2015-05-12,0.2,38.0,28.3,6.32,0.236,Nirmal,TS
2015-05-13,1.3,37.0,27.4,6.34,0.242,Nirmal,TS
2015-05-14,0.1,34.4,25.7,5.39,0.274,Nirmal,TS
2015-05-15,8.3,33.6,25.0,4.84,0.372,Nirmal,TS
2015-05-16,8.8,34.1,25.5,4.77,0.434,Nirmal,TS
2015-05-17,0.0,36.3,26.6,6.11,0.386,Nirmal,TS
2015-05-18,0.0,39.1,27.4,6.73,0.347,Nirmal,TS
2015-05-19,0.0,41.7,27.2,7.62,0.315,Nirmal,TS
2015-05-20,0.0,42.3,29.9,8.16,0.289,Nirmal,TS
2015-05-21,0.0,42.4,29.3,8.18,0.27,Nirmal,TS
2015-05-22,0.0,42.2,30.0,8.42,0.255,Nirmal,TS
2015-05-23,0.0,41.3,29.3,8.87,0.245,Nirmal,TS
2015-05-24,0.0,40.9,29.1,8.38,0.238,Nirmal,TS
2015-05-25,0.0,41.1,29.4,8.81,0.235,Nirmal,TS
2015-05-26,0.0,41.1,29.7,8.28,0.233,Nirmal,TS
2015-05-27,0.0,41.6,30.3,8.17,0.231,Nirmal,TS
2015-05-28,0.0,42.0,31.1,7.96,0.231,Nirmal,TS
2015-05-29,0.0,41.6,31.1,8.13,0.23,Nirmal,TS
2015-05-30,0.0,42.0,30.8,8.54,0.23,Nirmal,TS
2015-05-31,0.0,42.5,31.1,7.95,0.23,Nirmal,TS
2015-06-01,0.0,39.9,29.9,6.55,0.23,Nirmal,TS
2015-06-02,0.3,39.1,29.7,6.51,0.233,Nirmal,TS
2015-06-03,0.0,37.3,28.0,5.99,0.236,Nirmal,TS
2015-06-04,0.0,37.7,28.6,6.12,0.234,Nirmal,TS
2015-06-05,0.2,37.9,28.7,6.49,0.237,Nirmal,TS
2015-06-06,0.0,38.2,28.8,5.82,0.236,Nirmal,TS
2015-06-07,0.9,36.2,28.0,5.6,0.237,Nirmal,TS
2015-06-08,0.0,36.5,27.4,6.21,0.243,Nirmal,TS
2015-06-09,1.8,34.6,27.7,5.08,0.245,Nirmal,TS
2015-06-10,1.7,36.9,27.4,6.35,0.261,Nirmal,TS
2015-06-11,2.4,36.4,26.3,5.77,0.301,Nirmal,TS
2015-06-12,11.4,32.4,25.3,3.99,0.359,Nirmal,TS
2015-06-13,6.6,31.3,24.9,3.54,0.449,Nirmal,TS
2015-06-14,11.6,29.9,24.4,2.93,0.476,Nirmal,TS
2015-06-15,17.5,28.8,24.3,2.0,0.495,Nirmal,TS
2015-06-16,10.0,30.5,23.8,3.08,0.492,Nirmal,TS
2015-06-17,6.3,29.1,24.4,2.78,0.494,Nirmal,TS
2015-06-18,10.5,28.7,24.7,2.6,0.479,Nirmal,TS
2015-06-19,4.2,30.2,24.2,3.66,0.487,Nirmal,TS
2015-06-20,3.2,29.8,25.4,3.42,0.478,Nirmal,TS
2015-06-21,99.2,25.3,24.0,1.43,0.495,Nirmal,TS
2015-06-22,18.4,27.0,23.9,1.88,0.492,Nirmal,TS
2015-06-23,1.8,30.8,24.6,3.28,0.491,Nirmal,TS
2015-06-24,4.8,31.6,24.4,4.76,0.494,Nirmal,TS
2015-06-25,0.0,30.9,25.2,4.88,0.466,Nirmal,TS
2015-06-26,0.0,30.3,25.3,4.67,0.448,Nirmal,TS
2015-06-27,0.0,29.7,25.3,4.19,0.434,Nirmal,TS
2015-06-28,0.0,31.2,25.3,4.79,0.42,Nirmal,TS
2015-06-29,0.0,31.3,25.4,4.93,0.405,Nirmal,TS
2015-06-30,0.0,31.6,26.0,5.26,0.39,Nirmal,TS
2015-07-01,0.5,31.0,26.1,4.36,0.386,Nirmal,TS
2015-07-02,0.6,31.2,24.7,3.51,0.417,Nirmal,TS
2015-07-03,0.0,32.9,26.1,6.0,0.399,Nirmal,TS
2015-07-04,0.0,32.9,25.5,6.35,0.373,Nirmal,TS
2015-07-05,0.0,33.0,25.3,6.63,0.351,Nirmal,TS
2015-07-06,0.0,32.8,25.2,5.65,0.332,Nirmal,TS
2015-07-07,0.0,31.7,25.9,4.99,0.32,Nirmal,TS
2015-07-08,0.3,31.8,26.0,4.92,0.311,Nirmal,TS
2015-07-09,0.0,32.0,26.4,5.63,0.302,Nirmal,TS
2015-07-10,1.4,29.3,26.3,3.53,0.307,Nirmal,TS
2015-07-11,0.6,31.6,26.0,4.07,0.317,Nirmal,TS
2015-07-12,0.0,32.1,26.1,4.84,0.307,Nirmal,TS
2015-07-13,0.0,32.8,26.2,5.27,0.297,Nirmal,TS
2015-07-14,0.0,33.1,25.8,4.93,0.289,Nirmal,TS
2015-07-15,0.0,33.8,27.2,5.77,0.281,Nirmal,TS
2015-07-16,0.0,33.5,27.6,5.7,0.271,Nirmal,TS
2015-07-17,0.0,33.1,27.9,5.71,0.263,Nirmal,TS
2015-07-18,2.7,33.0,26.0,5.12,0.275,Nirmal,TS
2015-07-19,1.1,31.8,25.7,4.67,0.294,Nirmal,TS
2015-07-20,0.7,31.6,25.8,4.63,0.291,Nirmal,TS
2015-07-21,0.5,31.2,25.2,4.07,0.292,Nirmal,TS
2015-07-22,4.8,29.5,25.3,3.02,0.302,Nirmal,TS
2015-07-23,5.7,29.9,25.0,2.83,0.35,Nirmal,TS
2015-07-24,7.9,31.3,24.5,4.27,0.445,Nirmal,TS
2015-07-25,0.2,31.5,24.8,4.77,0.435,Nirmal,TS
2015-07-26,0.0,31.1,25.5,4.75,0.396,Nirmal,TS
2015-07-27,0.0,31.2,25.3,4.85,0.37,Nirmal,TS
2015-07-28,0.3,33.1,25.0,6.02,0.348,Nirmal,TS
2015-07-29,0.0,31.0,24.6,4.88,0.333,Nirmal,TS
2015-07-30,0.4,30.1,25.0,3.77,0.325,Nirmal,TS
2015-07-31,0.0,31.7,24.9,5.05,0.317,Nirmal,TS
2015-08-01,0.0,31.4,25.0,4.52,0.306,Nirmal,TS
2015-08-02,1.0,32.0,25.1,4.84,0.3,Nirmal,TS
2015-08-03,0.0,30.9,25.4,4.44,0.295,Nirmal,TS
2015-08-04,29.7,24.6,23.0,1.35,0.428,Nirmal,TS
2015-08-05,6.1,26.9,22.6,3.3,0.472,Nirmal,TS
2015-08-06,1.0,26.4,23.2,1.88,0.476,Nirmal,TS
2015-08-07,2.9,28.4,23.6,2.34,0.47,Nirmal,TS
2015-08-08,0.2,28.9,24.5,2.52,0.456,Nirmal,TS
2015-08-09,2.9,28.5,24.3,2.86,0.46,Nirmal,TS
2015-08-10,8.1,30.0,24.3,2.76,0.46,Nirmal,TS
2015-08-11,21.6,29.4,24.1,2.64,0.456,Nirmal,TS
2015-08-12,28.1,25.8,24.0,1.23,0.472,Nirmal,TS
2015-08-13,30.5,25.8,23.3,1.76,0.494,Nirmal,TS
2015-08-14,0.0,29.4,23.8,3.85,0.488,Nirmal,TS
2015-08-15,0.3,30.3,24.3,4.1,0.468,Nirmal,TS
2015-08-16,0.0,29.1,25.1,3.11,0.457,Nirmal,TS
2015-08-17,0.4,30.2,24.7,3.89,0.448,Nirmal,TS
2015-08-18,0.8,31.0,24.4,4.0,0.446,Nirmal,TS
2015-08-19,4.1,31.6,24.8,4.11,0.453,Nirmal,TS
2015-08-20,8.8,30.3,24.3,3.53,0.471,Nirmal,TS
2015-08-21,1.6,29.8,24.7,3.94,0.481,Nirmal,TS
2015-08-22,0.0,29.6,25.0,4.27,0.46,Nirmal,TS
2015-08-23,0.0,29.9,24.5,4.36,0.443,Nirmal,TS
2015-08-24,0.0,29.9,24.3,4.24,0.429,Nirmal,TS
2015-08-25,0.0,30.2,24.5,4.57,0.417,Nirmal,TS
2015-08-26,0.1,30.5,24.4,4.24,0.407,Nirmal,TS
2015-08-27,1.4,27.9,24.7,2.04,0.418,Nirmal,TS
2015-08-28,16.7,28.7,23.4,2.37,0.465,Nirmal,TS
2015-08-29,5.8,26.6,23.8,1.99,0.493,Nirmal,TS
2015-08-30,0.4,29.2,24.4,3.68,0.472,Nirmal,TS
2015-08-31,0.5,29.6,24.4,2.98,0.469,Nirmal,TS
2015-09-01,0.0,29.9,24.6,3.71,0.457,Nirmal,TS
2015-09-02,0.0,30.0,23.3,4.32,0.443,Nirmal,TS
2015-09-03,0.1,31.1,24.1,4.32,0.43,Nirmal,TS
2015-09-04,0.0,31.5,23.9,4.43,0.419,Nirmal,TS
2015-09-05,6.0,31.7,23.9,4.47,0.45,Nirmal,TS
2015-09-06,5.3,31.2,24.3,4.13,0.468,Nirmal,TS
2015-09-07,6.6,30.2,23.5,3.61,0.482,Nirmal,TS
2015-09-08,2.6,29.8,23.2,3.87,0.484,Nirmal,TS
2015-09-09,0.6,30.8,23.1,4.15,0.476,Nirmal,TS
2015-09-10,1.0,31.5,23.4,4.34,0.475,Nirmal,TS
2015-09-11,0.5,31.9,24.3,4.07,0.458,Nirmal,TS
2015-09-12,14.4,30.9,23.9,3.53,0.489,Nirmal,TS
2015-09-13,21.1,30.6,23.8,2.65,0.489,Nirmal,TS
2015-09-14,14.0,29.7,23.8,2.29,0.476,Nirmal,TS
2015-09-15,9.3,28.6,23.2,2.44,0.464,Nirmal,TS
2015-09-16,17.3,30.4,23.5,2.59,0.481,Nirmal,TS
2015-09-17,48.4,25.6,24.0,1.2,0.479,Nirmal,TS
2015-09-18,2.5,30.0,24.0,4.4,0.473,Nirmal,TS
2015-09-19,0.0,31.2,24.7,4.01,0.448,Nirmal,TS
2015-09-20,0.0,30.1,23.9,3.71,0.432,Nirmal,TS
2015-09-21,0.0,30.4,24.3,4.49,0.419,Nirmal,TS
2015-09-22,0.0,30.5,24.2,4.51,0.404,Nirmal,TS
2015-09-23,0.3,30.4,23.1,3.97,0.395,Nirmal,TS
2015-09-24,0.2,31.2,24.4,4.32,0.39,Nirmal,TS
2015-09-25,0.1,31.3,24.3,4.31,0.383,Nirmal,TS
2015-09-26,0.0,30.7,22.8,4.82,0.371,Nirmal,TS
2015-09-27,0.0,30.9,20.9,4.75,0.358,Nirmal,TS
2015-09-28,0.0,30.7,22.0,4.15,0.348,Nirmal,TS
2015-09-29,0.1,31.2,22.7,4.53,0.339,Nirmal,TS
2015-09-30,0.5,31.4,24.5,4.34,0.333,Nirmal,TS
2015-10-01,2.2,31.4,24.6,3.95,0.341,Nirmal,TS
2015-10-02,2.9,31.2,23.7,3.51,0.393,Nirmal,TS
2015-10-03,3.8,31.6,23.6,4.01,0.402,Nirmal,TS
2015-10-04,2.6,31.2,24.1,3.96,0.427,Nirmal,TS
2015-10-05,0.0,31.8,24.0,4.32,0.426,Nirmal,TS
2015-10-06,0.0,32.6,23.0,5.03,0.401,Nirmal,TS
2015-10-07,0.0,32.3,22.3,5.03,0.378,Nirmal,TS
2015-10-08,0.0,32.7,22.0,4.77,0.36,Nirmal,TS
2015-10-09,0.0,32.6,23.1,4.48,0.344,Nirmal,TS
2015-10-10,0.0,32.7,22.3,4.69,0.332,Nirmal,TS
2015-10-11,0.1,32.8,22.6,4.31,0.32,Nirmal,TS
2015-10-12,0.1,32.7,24.5,4.37,0.312,Nirmal,TS
2015-10-13,0.0,32.4,24.9,4.16,0.304,Nirmal,TS
2015-10-14,0.0,33.4,24.7,4.32,0.296,Nirmal,TS
2015-10-15,0.0,32.8,22.6,4.35,0.288,Nirmal,TS
2015-10-16,0.0,31.7,22.8,4.16,0.282,Nirmal,TS
2015-10-17,0.0,31.7,24.5,4.09,0.278,Nirmal,TS
2015-10-18,0.0,32.8,24.5,4.68,0.273,Nirmal,TS
2015-10-19,0.0,32.8,24.9,4.61,0.267,Nirmal,TS
2015-10-20,0.0,32.3,24.8,4.41,0.261,Nirmal,TS
2015-10-21,0.0,32.9,24.7,4.49,0.257,Nirmal,TS
2015-10-22,0.0,32.9,24.1,4.48,0.252,Nirmal,TS
2015-10-23,0.0,32.7,24.1,4.29,0.249,Nirmal,TS
2015-10-24,0.0,32.3,24.6,4.42,0.246,Nirmal,TS
2015-10-25,0.0,31.8,22.9,4.49,0.244,Nirmal,TS
2015-10-26,0.0,31.2,23.6,4.21,0.243,Nirmal,TS
2015-10-27,0.0,31.6,23.3,4.44,0.241,Nirmal,TS
2015-10-28,0.0,32.1,23.5,4.79,0.239,Nirmal,TS
2015-10-29,0.0,30.9,22.0,3.98,0.238,Nirmal,TS
2015-10-30,0.0,29.4,22.1,3.94,0.239,Nirmal,TS
2015-10-31,0.0,30.1,21.1,4.29,0.239,Nirmal,TS
2015-11-01,0.0,30.2,21.6,4.34,0.238,Nirmal,TS
2015-11-02,0.0,29.9,21.1,3.87,0.238,Nirmal,TS
2015-11-03,0.0,30.3,21.5,3.92,0.238,Nirmal,TS
2015-11-04,0.0,30.6,21.5,4.04,0.237,Nirmal,TS
2015-11-05,0.0,31.3,20.7,4.09,0.236,Nirmal,TS
2015-11-06,0.0,31.6,22.9,4.28,0.235,Nirmal,TS
2015-11-07,0.0,31.7,22.0,4.3,0.234,Nirmal,TS
2015-11-08,0.0,31.7,21.4,4.55,0.233,Nirmal,TS
2015-11-09,0.0,31.2,20.3,4.61,0.233,Nirmal,TS
2015-11-10,0.0,30.0,20.4,4.27,0.233,Nirmal,TS
2015-11-11,0.0,31.2,20.6,4.89,0.232,Nirmal,TS
2015-11-12,0.0,31.4,19.4,5.03,0.232,Nirmal,TS
2015-11-13,0.0,31.4,18.8,4.86,0.232,Nirmal,TS
2015-11-14,0.0,31.2,18.7,4.69,0.231,Nirmal,TS
2015-11-15,0.0,31.5,19.9,4.7,0.231,Nirmal,TS
2015-11-16,0.0,30.6,19.9,4.26,0.231,Nirmal,TS
2015-11-17,0.0,30.6,19.2,4.62,0.231,Nirmal,TS
2015-11-18,0.0,30.5,19.4,5.1,0.231,Nirmal,TS
2015-11-19,0.0,30.1,20.0,5.43,0.231,Nirmal,TS
2015-11-20,0.0,30.3,19.7,4.51,0.231,Nirmal,TS
2015-11-21,0.0,30.8,21.9,3.86,0.231,Nirmal,TS
2015-11-22,0.0,30.6,21.9,3.73,0.231,Nirmal,TS
2015-11-23,0.0,30.0,23.6,3.34,0.232,Nirmal,TS
2015-11-24,0.0,30.6,23.3,3.46,0.233,Nirmal,TS
2015-11-25,0.0,31.1,21.7,4.46,0.232,Nirmal,TS
2015-11-26,0.0,31.3,22.1,4.09,0.232,Nirmal,TS
2015-11-27,0.0,31.5,21.6,4.08,0.231,Nirmal,TS
2015-11-28,0.0,31.5,22.3,4.22,0.231,Nirmal,TS
2015-11-29,0.0,30.8,21.8,4.0,0.231,Nirmal,TS
2015-11-30,0.0,29.7,22.5,2.85,0.231,Nirmal,TS
2015-12-01,0.0,30.8,21.6,3.75,0.231,Nirmal,TS
2015-12-02,0.0,29.7,22.8,3.61,0.231,Nirmal,TS
2015-12-03,0.0,30.5,21.8,3.71,0.231,Nirmal,TS
2015-12-04,0.0,30.4,22.1,3.67,0.231,Nirmal,TS
2015-12-05,0.0,30.3,21.3,4.05,0.231,Nirmal,TS
2015-12-06,0.0,30.3,18.5,4.4,0.23,Nirmal,TS
2015-12-07,0.0,30.1,19.7,4.35,0.23,Nirmal,TS
2015-12-08,0.0,30.1,17.2,4.28,0.23,Nirmal,TS
2015-12-09,0.0,30.1,18.5,4.31,0.23,Nirmal,TS
2015-12-10,0.0,30.6,17.9,3.99,0.23,Nirmal,TS
2015-12-11,0.0,31.8,20.8,3.84,0.23,Nirmal,TS
2015-12-12,0.0,31.8,23.0,3.7,0.231,Nirmal,TS
2015-12-13,0.0,32.3,22.2,3.79,0.231,Nirmal,TS
2015-12-14,0.3,31.9,23.8,3.53,0.233,Nirmal,TS
2015-12-15,0.0,31.3,22.9,3.85,0.236,Nirmal,TS
2015-12-16,0.0,31.7,22.4,4.01,0.235,Nirmal,TS
2015-12-17,0.0,31.6,21.7,4.17,0.233,Nirmal,TS
2015-12-18,0.0,30.0,20.1,3.89,0.232,Nirmal,TS
2015-12-19,0.0,29.8,21.1,3.83,0.232,Nirmal,TS
2015-12-20,0.0,30.5,22.2,3.48,0.231,Nirmal,TS
2015-12-21,0.0,30.6,21.7,3.46,0.231,Nirmal,TS
2015-12-22,0.0,31.1,22.3,3.94,0.231,Nirmal,TS
2015-12-23,0.0,30.5,20.4,4.14,0.231,Nirmal,TS
2015-12-24,0.0,27.9,19.2,4.74,0.23,Nirmal,TS
2015-12-25,0.0,24.9,15.7,4.77,0.23,Nirmal,TS
2015-12-26,0.0,25.2,12.5,4.11,0.23,Nirmal,TS
2015-12-27,0.0,27.6,13.0,4.44,0.23,Nirmal,TS
2015-12-28,0.0,30.4,15.4,4.79,0.23,Nirmal,TS
2015-12-29,0.0,31.3,15.6,4.7,0.23,Nirmal,TS
2015-12-30,0.0,31.7,18.3,4.56,0.23,Nirmal,TS
2015-12-31,0.0,31.9,18.0,4.57,0.23,Nirmal,TS
2016-01-01,0.0,31.3,18.3,4.03,0.23,Nirmal,TS
2016-01-02,0.0,30.9,17.5,4.47,0.23,Nirmal,TS
2016-01-03,0.0,30.1,17.6,3.95,0.23,Nirmal,TS
2016-01-04,0.0,29.6,17.4,4.25,0.23,Nirmal,TS
2016-01-05,0.0,29.5,18.5,4.46,0.23,Nirmal,TS
2016-01-06,0.0,29.5,17.6,4.27,0.23,Nirmal,TS
2016-01-07,0.0,29.7,18.5,4.41,0.23,Nirmal,TS
2016-01-08,0.0,29.5,17.6,4.03,0.23,Nirmal,TS
2016-01-09,0.0,29.8,19.1,3.93,0.23,Nirmal,TS
2016-01-10,0.0,29.5,19.7,3.88,0.23,Nirmal,TS
2016-01-11,0.0,29.2,19.0,4.07,0.23,Nirmal,TS
2016-01-12,0.0,29.1,17.8,4.07,0.23,Nirmal,TS
2016-01-13,0.0,29.6,17.6,4.54,0.23,Nirmal,TS
2016-01-14,0.0,29.8,18.4,4.46,0.23,Nirmal,TS
2016-01-15,0.0,29.0,19.4,3.99,0.23,Nirmal,TS
2016-01-16,0.0,29.2,19.0,4.15,0.23,Nirmal,TS
2016-01-17,0.0,29.9,20.8,4.73,0.23,Nirmal,TS
2016-01-18,0.0,28.7,20.0,4.16,0.23,Nirmal,TS
2016-01-19,0.0,28.6,21.1,4.28,0.23,Nirmal,TS
2016-01-20,0.0,27.1,18.3,3.83,0.23,Nirmal,TS
2016-01-21,0.0,26.0,16.2,4.7,0.23,Nirmal,TS
2016-01-22,0.0,26.2,15.2,4.75,0.23,Nirmal,TS
2016-01-23,0.0,27.4,14.2,4.62,0.23,Nirmal,TS
2016-01-24,0.0,28.8,14.3,4.58,0.23,Nirmal,TS
2016-01-25,0.0,29.3,17.7,4.08,0.23,Nirmal,TS
2016-01-26,0.0,30.6,18.9,3.97,0.23,Nirmal,TS
2016-01-27,0.0,31.6,20.0,4.59,0.23,Nirmal,TS
2016-01-28,0.0,31.0,17.4,4.82,0.23,Nirmal,TS
2016-01-29,0.0,31.9,16.9,5.21,0.23,Nirmal,TS
2016-01-30,0.0,33.0,17.5,4.51,0.23,Nirmal,TS
2016-01-31,0.0,33.5,20.1,4.87,0.23,Nirmal,TS
2016-02-01,0.0,33.8,20.6,5.04,0.23,Nirmal,TS
2016-02-02,0.0,33.6,18.3,4.79,0.23,Nirmal,TS
2016-02-03,0.0,32.7,20.4,5.23,0.23,Nirmal,TS
2016-02-04,0.0,31.5,17.7,5.17,0.23,Nirmal,TS
2016-02-05,0.0,31.4,17.9,4.94,0.23,Nirmal,TS
2016-02-06,0.0,32.8,20.9,5.42,0.23,Nirmal,TS
2016-02-07,0.0,32.3,22.1,5.4,0.23,Nirmal,TS
2016-02-08,0.0,31.9,21.6,4.81,0.23,Nirmal,TS
2016-02-09,0.0,32.1,22.8,4.54,0.23,Nirmal,TS
2016-02-10,0.0,33.9,24.6,5.23,0.23,Nirmal,TS
2016-02-11,0.0,33.1,23.1,5.17,0.23,Nirmal,TS
2016-02-12,0.0,33.7,23.9,5.16,0.23,Nirmal,TS
2016-02-13,0.0,33.1,21.5,5.36,0.23,Nirmal,TS
2016-02-14,0.0,32.1,21.8,4.28,0.23,Nirmal,TS
2016-02-15,0.0,34.3,24.3,6.34,0.23,Nirmal,TS
2016-02-16,0.0,33.8,21.5,6.62,0.23,Nirmal,TS
2016-02-17,0.0,34.0,21.3,6.77,0.23,Nirmal,TS
2016-02-18,0.0,34.4,19.0,6.42,0.23,Nirmal,TS
2016-02-19,0.0,34.7,19.0,6.29,0.23,Nirmal,TS
2016-02-20,0.0,35.5,20.4,5.43,0.23,Nirmal,TS
2016-02-21,0.0,36.2,20.4,5.61,0.23,Nirmal,TS
2016-02-22,0.0,36.6,22.8,5.19,0.23,Nirmal,TS
2016-02-23,0.0,36.9,24.9,5.94,0.23,Nirmal,TS
2016-02-24,0.0,36.4,24.3,5.86,0.23,Nirmal,TS
2016-02-25,0.0,36.2,25.3,5.93,0.23,Nirmal,TS
2016-02-26,0.0,33.5,24.6,5.27,0.23,Nirmal,TS
2016-02-27,0.0,32.5,24.9,4.76,0.231,Nirmal,TS
2016-02-28,0.1,33.7,24.4,4.76,0.231,Nirmal,TS
2016-02-29,2.0,33.6,23.3,4.51,0.239,Nirmal,TS
2016-03-01,0.2,32.5,22.8,4.41,0.255,Nirmal,TS
2016-03-02,0.9,33.4,23.3,4.5,0.259,Nirmal,TS
2016-03-03,0.4,33.0,23.8,4.15,0.274,Nirmal,TS
2016-03-04,0.1,34.2,22.8,5.01,0.272,Nirmal,TS
2016-03-05,0.3,33.7,23.6,5.05,0.267,Nirmal,TS
2016-03-06,0.0,34.1,24.2,5.03,0.26,Nirmal,TS
2016-03-07,0.0,35.5,22.1,6.59,0.252,Nirmal,TS
2016-03-08,0.0,35.8,22.9,6.61,0.245,Nirmal,TS
2016-03-09,0.0,35.7,24.2,5.83,0.24,Nirmal,TS
2016-03-10,0.0,36.9,24.9,5.82,0.236,Nirmal,TS
2016-03-11,0.0,37.4,27.1,6.02,0.234,Nirmal,TS
2016-03-12,0.0,38.3,24.6,7.04,0.233,Nirmal,TS
2016-03-13,0.0,36.6,24.7,6.2,0.235,Nirmal,TS
2016-03-14,0.0,35.4,24.9,6.67,0.233,Nirmal,TS
2016-03-15,0.0,34.9,23.6,5.6,0.232,Nirmal,TS
2016-03-16,0.0,34.2,23.5,5.13,0.233,Nirmal,TS
2016-03-17,0.0,38.4,25.1,6.84,0.232,Nirmal,TS
2016-03-18,0.0,37.8,24.6,6.04,0.231,Nirmal,TS
2016-03-19,0.0,38.1,25.8,6.57,0.231,Nirmal,TS
2016-03-20,0.0,38.5,24.2,7.33,0.23,Nirmal,TS
2016-03-21,0.0,38.3,26.0,8.06,0.23,Nirmal,TS
2016-03-22,0.0,37.9,22.8,6.78,0.23,Nirmal,TS
2016-03-23,0.0,37.8,22.7,7.12,0.23,Nirmal,TS
2016-03-24,0.0,38.9,22.6,7.4,0.23,Nirmal,TS
2016-03-25,0.0,39.2,22.7,7.19,0.23,Nirmal,TS
2016-03-26,0.0,39.0,23.8,6.79,0.23,Nirmal,TS
2016-03-27,0.0,39.0,25.8,7.22,0.23,Nirmal,TS
2016-03-28,0.0,36.5,25.8,6.43,0.23,Nirmal,TS
2016-03-29,0.0,38.7,26.2,7.25,0.23,Nirmal,TS
2016-03-30,0.0,39.1,24.4,6.97,0.23,Nirmal,TS
2016-03-31,0.0,39.1,23.9,6.79,0.23,Nirmal,TS
2016-04-01,0.0,39.3,23.7,6.82,0.23,Nirmal,TS
2016-04-02,0.0,39.3,25.9,6.84,0.23,Nirmal,TS
2016-04-03,0.0,39.7,27.7,6.81,0.229,Nirmal,TS
2016-04-04,0.0,39.6,27.6,6.77,0.23,Nirmal,TS
2016-04-05,0.0,36.7,27.8,5.35,0.233,Nirmal,TS
2016-04-06,0.0,37.5,26.5,5.63,0.234,Nirmal,TS
2016-04-07,0.0,38.4,27.3,6.29,0.234,Nirmal,TS
2016-04-08,0.0,39.1,26.7,7.36,0.232,Nirmal,TS
2016-04-09,0.0,39.2,27.8,7.67,0.231,Nirmal,TS
2016-04-10,0.0,38.7,28.5,6.17,0.23,Nirmal,TS
2016-04-11,0.0,39.5,27.5,6.49,0.23,Nirmal,TS
2016-04-12,0.0,40.1,27.8,6.83,0.23,Nirmal,TS
2016-04-13,0.0,40.3,26.5,7.2,0.23,Nirmal,TS
2016-04-14,0.0,40.5,27.2,7.08,0.23,Nirmal,TS
2016-04-15,0.0,41.2,27.4,7.35,0.229,Nirmal,TS
2016-04-16,0.0,41.8,28.8,8.29,0.229,Nirmal,TS
2016-04-17,0.0,41.3,29.3,7.33,0.229,Nirmal,TS
2016-04-18,1.8,39.5,30.3,5.98,0.237,Nirmal,TS
2016-04-19,0.0,39.4,28.9,6.28,0.247,Nirmal,TS
2016-04-20,0.0,41.0,29.8,6.97,0.239,Nirmal,TS
2016-04-21,0.0,42.2,28.8,7.26,0.235,Nirmal,TS
2016-04-22,0.0,42.2,29.6,8.6,0.232,Nirmal,TS
2016-04-23,0.0,40.6,28.8,8.78,0.231,Nirmal,TS
2016-04-24,0.0,40.9,28.2,8.43,0.23,Nirmal,TS
2016-04-25,0.0,41.2,27.2,7.34,0.23,Nirmal,TS
2016-04-26,0.0,41.2,28.7,6.97,0.23,Nirmal,TS
2016-04-27,0.3,40.6,28.7,7.05,0.23,Nirmal,TS
2016-04-28,0.3,40.8,28.5,6.99,0.232,Nirmal,TS
2016-04-29,0.7,40.3,29.1,7.04,0.239,Nirmal,TS
2016-04-30,1.9,40.9,28.2,6.73,0.252,Nirmal,TS
2016-05-01,0.0,40.6,26.8,7.03,0.258,Nirmal,TS
2016-05-02,0.0,40.2,27.8,7.16,0.249,Nirmal,TS
2016-05-03,0.3,40.1,27.5,7.14,0.247,Nirmal,TS
2016-05-04,0.0,39.7,26.3,6.74,0.252,Nirmal,TS
2016-05-05,0.6,38.2,26.8,6.6,0.251,Nirmal,TS
2016-05-06,0.0,35.8,26.2,6.86,0.251,Nirmal,TS
2016-05-07,0.1,36.8,26.8,6.11,0.246,Nirmal,TS
2016-05-08,0.2,37.3,26.6,6.15,0.243,Nirmal,TS
2016-05-09,0.2,37.4,27.2,5.77,0.246,Nirmal,TS
2016-05-10,0.2,36.8,26.5,5.77,0.248,Nirmal,TS
2016-05-11,0.1,38.5,27.2,6.35,0.248,Nirmal,TS
2016-05-12,0.0,40.1,28.5,6.49,0.244,Nirmal,TS
2016-05-13,0.0,41.4,30.0,7.44,0.239,Nirmal,TS
2016-05-14,0.0,41.8,30.6,7.25,0.237,Nirmal,TS
2016-05-15,0.0,40.7,30.6,7.32,0.234,Nirmal,TS
2016-05-16,0.0,40.6,30.0,7.19,0.232,Nirmal,TS
2016-05-17,0.0,39.6,29.9,7.1,0.231,Nirmal,TS
2016-05-18,0.0,38.9,29.6,6.69,0.231,Nirmal,TS
2016-05-19,0.0,39.3,30.5,6.05,0.231,Nirmal,TS
2016-05-20,0.0,42.1,30.0,8.6,0.231,Nirmal,TS
2016-05-21,0.0,41.7,30.4,9.29,0.231,Nirmal,TS
2016-05-22,0.0,41.5,29.3,9.73,0.23,Nirmal,TS
2016-05-23,0.0,40.6,28.8,9.59,0.23,Nirmal,TS
2016-05-24,0.0,40.9,29.9,8.75,0.23,Nirmal,TS
2016-05-25,0.0,40.6,30.6,9.13,0.23,Nirmal,TS
2016-05-26,0.0,40.9,30.4,8.59,0.23,Nirmal,TS
2016-05-27,0.0,40.7,30.9,8.55,0.229,Nirmal,TS
2016-05-28,0.0,40.4,30.8,8.36,0.229,Nirmal,TS
2016-05-29,0.0,40.1,30.5,8.16,0.229,Nirmal,TS
2016-05-30,0.0,39.1,30.6,7.69,0.229,Nirmal,TS
2016-05-31,0.0,39.6,30.8,7.15,0.231,Nirmal,TS
2016-06-01,0.0,40.5,30.5,7.1,0.232,Nirmal,TS
2016-06-02,0.3,40.0,31.6,7.27,0.235,Nirmal,TS
2016-06-03,0.6,41.4,29.6,7.56,0.242,Nirmal,TS
2016-06-04,0.0,39.9,29.6,7.16,0.24,Nirmal,TS
2016-06-05,0.2,37.6,29.5,5.01,0.238,Nirmal,TS
2016-06-06,12.3,33.8,27.1,4.45,0.305,Nirmal,TS
2016-06-07,2.1,35.3,26.3,5.33,0.373,Nirmal,TS
2016-06-08,0.3,35.7,28.0,5.34,0.343,Nirmal,TS
2016-06-09,1.0,36.5,27.1,5.62,0.332,Nirmal,TS
2016-06-10,0.6,36.5,26.2,6.12,0.315,Nirmal,TS
2016-06-11,0.8,36.4,28.1,6.23,0.298,Nirmal,TS
2016-06-12,0.5,36.2,26.9,6.64,0.292,Nirmal,TS
2016-06-13,0.2,37.3,29.1,7.31,0.277,Nirmal,TS
2016-06-14,0.0,38.1,28.5,8.5,0.262,Nirmal,TS
2016-06-15,0.0,37.7,28.6,8.2,0.251,Nirmal,TS
2016-06-16,0.0,38.0,28.8,8.29,0.243,Nirmal,TS
2016-06-17,2.4,37.4,25.8,7.03,0.242,Nirmal,TS
2016-06-18,28.3,28.9,24.8,1.76,0.46,Nirmal,TS
2016-06-19,4.8,29.5,24.8,2.43,0.462,Nirmal,TS
2016-06-20,1.8,31.2,24.4,4.02,0.446,Nirmal,TS
2016-06-21,3.2,32.7,26.1,4.86,0.413,Nirmal,TS
2016-06-22,0.5,33.5,25.9,4.74,0.41,Nirmal,TS
2016-06-23,1.8,32.8,25.0,4.51,0.396,Nirmal,TS
2016-06-24,6.7,32.3,25.4,3.88,0.397,Nirmal,TS
2016-06-25,15.9,30.7,25.3,3.6,0.476,Nirmal,TS
2016-06-26,0.2,30.7,25.0,4.24,0.463,Nirmal,TS
2016-06-27,5.4,30.3,25.0,3.4,0.462,Nirmal,TS
2016-06-28,19.7,25.9,24.4,1.45,0.495,Nirmal,TS
2016-06-29,40.6,26.1,24.2,1.23,0.476,Nirmal,TS
2016-06-30,15.8,26.9,23.8,2.04,0.454,Nirmal,TS
2016-07-01,5.8,29.2,24.7,2.77,0.447,Nirmal,TS
2016-07-02,9.7,30.1,24.3,2.99,0.491,Nirmal,TS
2016-07-03,5.1,28.0,24.2,2.32,0.497,Nirmal,TS
2016-07-04,2.5,29.4,24.5,3.24,0.489,Nirmal,TS
2016-07-05,4.5,28.3,24.2,2.78,0.494,Nirmal,TS
2016-07-06,2.6,29.8,23.8,3.74,0.491,Nirmal,TS
2016-07-07,2.0,27.8,25.6,2.88,0.477,Nirmal,TS
2016-07-08,32.8,27.1,24.1,2.35,0.481,Nirmal,TS
2016-07-09,33.8,25.1,23.4,1.59,0.485,Nirmal,TS
2016-07-10,34.0,24.7,23.5,1.38,0.483,Nirmal,TS
2016-07-11,63.2,24.2,23.5,1.12,0.482,Nirmal,TS
2016-07-12,14.1,26.7,23.7,1.88,0.482,Nirmal,TS
2016-07-13,0.0,30.3,23.8,4.31,0.473,Nirmal,TS
2016-07-14,0.0,30.1,24.3,4.17,0.451,Nirmal,TS
2016-07-15,0.0,29.9,25.3,3.95,0.434,Nirmal,TS
2016-07-16,1.6,30.3,24.1,4.25,0.435,Nirmal,TS
2016-07-17,0.5,30.9,25.5,4.73,0.419,Nirmal,TS
2016-07-18,2.0,29.1,24.4,3.35,0.431,Nirmal,TS
2016-07-19,4.2,27.2,24.0,2.64,0.445,Nirmal,TS
2016-07-20,10.2,26.7,23.4,1.73,0.493,Nirmal,TS
2016-07-21,3.2,28.7,24.1,2.92,0.482,Nirmal,TS
2016-07-22,7.5,27.0,23.6,1.58,0.488,Nirmal,TS
2016-07-23,2.6,28.2,23.6,2.25,0.492,Nirmal,TS
2016-07-24,3.2,29.7,24.2,3.17,0.483,Nirmal,TS
2016-07-25,28.6,29.6,23.7,2.68,0.473,Nirmal,TS
2016-07-26,11.2,29.2,23.7,2.3,0.47,Nirmal,TS
2016-07-27,17.2,29.6,23.5,2.71,0.484,Nirmal,TS
2016-07-28,7.5,29.7,23.4,3.13,0.49,Nirmal,TS
2016-07-29,2.7,29.0,23.8,3.0,0.487,Nirmal,TS
2016-07-30,15.8,29.1,24.0,3.26,0.471,Nirmal,TS
2016-07-31,8.4,26.3,23.7,1.8,0.502,Nirmal,TS
2016-08-01,4.4,27.8,23.6,2.39,0.426,Nirmal,TS
2016-08-02,9.1,26.0,23.5,2.35,0.473,Nirmal,TS
2016-08-03,9.5,25.5,23.4,1.83,0.503,Nirmal,TS
2016-08-04,5.0,28.0,24.1,2.36,0.504,Nirmal,TS
2016-08-05,2.2,29.9,23.8,3.37,0.489,Nirmal,TS
2016-08-06,19.5,28.8,23.9,2.33,0.474,Nirmal,TS
2016-08-07,0.3,29.8,24.6,4.14,0.415,Nirmal,TS
2016-08-08,0.0,30.0,24.0,4.7,0.406,Nirmal,TS
2016-08-09,0.0,28.9,24.4,3.33,0.398,Nirmal,TS
2016-08-10,0.0,29.8,24.5,4.32,0.39,Nirmal,TS
2016-08-11,0.0,29.0,24.7,3.76,0.381,Nirmal,TS
2016-08-12,0.0,29.2,24.5,4.04,0.376,Nirmal,TS
2016-08-13,0.3,29.6,24.9,4.16,0.372,Nirmal,TS
2016-08-14,1.2,28.7,24.4,3.49,0.375,Nirmal,TS
2016-08-15,0.0,28.6,24.4,3.67,0.37,Nirmal,TS
2016-08-16,0.4,29.2,24.2,4.5,0.366,Nirmal,TS
2016-08-17,0.0,28.9,23.7,4.27,0.359,Nirmal,TS
2016-08-18,0.5,28.7,24.1,3.91,0.353,Nirmal,TS
2016-08-19,0.0,29.4,23.8,4.34,0.346,Nirmal,TS
2016-08-20,0.0,29.4,23.5,4.56,0.336,Nirmal,TS
2016-08-21,0.0,30.1,23.7,4.5,0.327,Nirmal,TS
2016-08-22,0.0,29.9,24.6,4.28,0.32,Nirmal,TS
2016-08-23,0.0,30.5,25.1,4.44,0.314,Nirmal,TS
2016-08-24,0.9,30.6,24.6,4.28,0.314,Nirmal,TS
2016-08-25,3.4,29.7,25.0,3.43,0.332,Nirmal,TS
2016-08-26,0.0,30.8,24.9,4.29,0.344,Nirmal,TS
2016-08-27,1.3,30.6,25.1,3.67,0.34,Nirmal,TS
2016-08-28,1.8,30.7,24.8,3.65,0.355,Nirmal,TS
2016-08-29,12.3,30.6,24.6,2.99,0.426,Nirmal,TS
2016-08-30,19.7,29.2,24.3,2.06,0.487,Nirmal,TS
2016-08-31,9.4,27.0,23.6,1.9,0.483,Nirmal,TS
2016-09-01,8.5,27.0,24.0,2.05,0.497,Nirmal,TS
2016-09-02,0.7,29.6,23.5,3.71,0.491,Nirmal,TS
2016-09-03,0.0,28.6,24.6,3.83,0.477,Nirmal,TS
2016-09-04,0.4,28.5,24.4,3.73,0.462,Nirmal,TS
2016-09-05,0.0,29.0,22.8,4.95,0.445,Nirmal,TS
2016-09-06,0.0,28.6,22.5,4.84,0.427,Nirmal,TS
2016-09-07,0.0,28.9,22.5,4.66,0.413,Nirmal,TS
2016-09-08,0.0,28.6,22.6,4.25,0.403,Nirmal,TS
2016-09-09,0.0,27.5,24.1,2.32,0.399,Nirmal,TS
2016-09-10,12.5,27.4,24.3,1.77,0.439,Nirmal,TS
2016-09-11,4.2,27.1,23.6,1.84,0.486,Nirmal,TS
2016-09-12,12.1,27.0,23.7,2.2,0.474,Nirmal,TS
2016-09-13,12.3,25.3,22.7,1.14,0.503,Nirmal,TS
2016-09-14,18.8,27.4,23.1,1.86,0.473,Nirmal,TS
2016-09-15,25.3,28.2,23.3,1.87,0.489,Nirmal,TS
2016-09-16,24.2,28.1,23.1,2.37,0.48,Nirmal,TS
2016-09-17,2.0,27.5,22.7,2.22,0.481,Nirmal,TS
2016-09-18,5.0,28.6,23.1,3.29,0.478,Nirmal,TS
2016-09-19,2.1,28.5,23.5,2.65,0.486,Nirmal,TS
2016-09-20,10.2,28.7,23.5,2.68,0.475,Nirmal,TS
2016-09-21,17.4,28.7,23.2,2.01,0.481,Nirmal,TS
2016-09-22,16.0,29.1,23.3,2.16,0.474,Nirmal,TS
2016-09-23,31.9,27.1,23.4,1.4,0.49,Nirmal,TS
2016-09-24,32.1,26.6,23.1,1.11,0.476,Nirmal,TS
2016-09-25,32.6,26.1,23.2,1.12,0.479,Nirmal,TS
2016-09-26,28.4,29.3,23.4,2.03,0.486,Nirmal,TS
2016-09-27,20.7,29.4,23.6,2.11,0.491,Nirmal,TS
2016-09-28,0.7,30.7,24.1,4.12,0.483,Nirmal,TS
2016-09-29,0.6,30.6,24.3,4.15,0.469,Nirmal,TS
2016-09-30,8.6,28.9,24.0,2.86,0.48,Nirmal,TS
2016-10-01,13.7,27.8,23.3,1.59,0.493,Nirmal,TS
2016-10-02,5.5,27.7,23.7,1.91,0.488,Nirmal,TS
2016-10-03,0.0,29.6,22.5,3.71,0.474,Nirmal,TS
2016-10-04,0.0,29.6,23.0,3.78,0.46,Nirmal,TS
2016-10-05,0.1,28.4,23.4,3.54,0.448,Nirmal,TS
2016-10-06,0.2,29.3,23.2,3.61,0.44,Nirmal,TS
2016-10-07,9.7,29.2,24.1,3.03,0.445,Nirmal,TS
2016-10-08,23.0,28.0,24.0,2.0,0.479,Nirmal,TS
2016-10-09,3.3,29.7,23.8,2.91,0.484,Nirmal,TS
2016-10-10,0.1,31.1,23.7,4.11,0.472,Nirmal,TS
2016-10-11,0.3,30.9,23.9,4.16,0.461,Nirmal,TS
2016-10-12,0.0,30.7,21.3,4.39,0.449,Nirmal,TS
2016-10-13,0.0,30.7,20.3,4.44,0.435,Nirmal,TS
2016-10-14,0.0,30.5,21.0,4.6,0.421,Nirmal,TS
2016-10-15,0.0,30.0,22.1,4.63,0.409,Nirmal,TS
2016-10-16,0.0,29.9,20.8,4.53,0.396,Nirmal,TS
2016-10-17,0.0,30.1,20.6,4.38,0.385,Nirmal,TS
2016-10-18,0.0,30.2,18.5,4.8,0.373,Nirmal,TS
2016-10-19,0.0,30.2,18.9,4.7,0.361,Nirmal,TS
2016-10-20,0.0,30.3,19.0,4.71,0.35,Nirmal,TS
2016-10-21,0.0,30.3,19.2,4.74,0.339,Nirmal,TS
2016-10-22,0.0,30.4,18.5,4.53,0.33,Nirmal,TS
2016-10-23,0.0,29.9,20.5,3.66,0.322,Nirmal,TS
2016-10-24,0.0,29.8,20.4,3.7,0.315,Nirmal,TS
2016-10-25,0.0,29.6,20.7,3.97,0.308,Nirmal,TS
2016-10-26,0.0,29.7,19.9,3.86,0.301,Nirmal,TS
2016-10-27,0.0,30.1,19.1,4.94,0.294,Nirmal,TS
2016-10-28,0.0,29.3,17.3,4.71,0.286,Nirmal,TS
2016-10-29,0.0,29.0,20.0,3.43,0.28,Nirmal,TS
2016-10-30,0.0,29.8,22.0,3.56,0.277,Nirmal,TS
2016-10-31,0.0,30.3,22.0,4.3,0.272,Nirmal,TS
2016-11-01,0.0,29.1,19.3,4.55,0.267,Nirmal,TS
2016-11-02,0.0,29.0,18.3,4.49,0.262,Nirmal,TS
2016-11-03,0.0,29.4,19.7,3.9,0.258,Nirmal,TS
2016-11-04,0.0,29.5,19.8,4.35,0.254,Nirmal,TS
2016-11-05,0.0,28.8,20.5,3.66,0.251,Nirmal,TS
2016-11-06,0.0,29.0,19.2,4.11,0.249,Nirmal,TS
2016-11-07,0.0,29.6,16.3,4.7,0.246,Nirmal,TS
2016-11-08,0.0,29.6,17.6,4.4,0.244,Nirmal,TS
2016-11-09,0.0,29.2,16.1,4.39,0.242,Nirmal,TS
2016-11-10,0.0,28.7,15.9,4.29,0.24,Nirmal,TS
2016-11-11,0.0,28.9,17.2,4.37,0.239,Nirmal,TS
2016-11-12,0.0,28.6,16.9,4.41,0.238,Nirmal,TS
2016-11-13,0.0,28.7,18.1,4.11,0.237,Nirmal,TS
2016-11-14,0.0,29.7,18.7,3.73,0.236,Nirmal,TS
2016-11-15,0.0,29.8,19.5,4.21,0.235,Nirmal,TS
2016-11-16,0.0,29.6,18.2,4.51,0.234,Nirmal,TS
2016-11-17,0.0,28.6,16.9,4.49,0.234,Nirmal,TS
2016-11-18,0.0,28.2,16.6,4.38,0.233,Nirmal,TS
2016-11-19,0.0,28.5,16.0,4.2,0.233,Nirmal,TS
2016-11-20,0.0,28.7,17.0,4.05,0.233,Nirmal,TS
2016-11-21,0.0,29.2,17.3,4.09,0.232,Nirmal,TS
2016-11-22,0.0,29.1,17.3,4.12,0.232,Nirmal,TS
2016-11-23,0.0,29.0,18.4,4.16,0.232,Nirmal,TS
2016-11-24,0.0,29.1,18.0,4.33,0.232,Nirmal,TS
2016-11-25,0.0,29.1,17.2,4.39,0.232,Nirmal,TS
2016-11-26,0.0,29.6,14.7,4.07,0.231,Nirmal,TS
2016-11-27,0.0,30.5,15.7,4.4,0.231,Nirmal,TS
2016-11-28,0.0,30.2,15.6,4.2,0.231,Nirmal,TS
2016-11-29,0.0,30.0,17.3,4.09,0.231,Nirmal,TS
2016-11-30,0.0,29.7,16.1,4.03,0.231,Nirmal,TS
2016-12-01,0.0,28.2,17.9,3.36,0.231,Nirmal,TS
2016-12-02,0.0,29.2,17.7,4.06,0.231,Nirmal,TS
2016-12-03,0.0,29.4,18.2,3.78,0.231,Nirmal,TS
2016-12-04,0.0,29.8,21.0,3.86,0.231,Nirmal,TS
2016-12-05,0.0,28.6,19.0,4.28,0.231,Nirmal,TS
2016-12-06,0.0,27.8,16.0,4.08,0.231,Nirmal,TS
2016-12-07,0.0,27.7,16.3,3.89,0.231,Nirmal,TS
2016-12-08,0.0,27.8,15.4,3.9,0.231,Nirmal,TS
2016-12-09,0.0,27.1,14.2,3.99,0.231,Nirmal,TS
2016-12-10,0.0,27.1,13.1,4.12,0.23,Nirmal,TS
2016-12-11,0.0,28.3,14.0,4.13,0.23,Nirmal,TS
2016-12-12,0.0,29.5,16.6,4.49,0.23,Nirmal,TS
2016-12-13,0.0,29.1,18.1,4.18,0.23,Nirmal,TS
2016-12-14,0.0,25.9,20.2,2.51,0.23,Nirmal,TS
2016-12-15,0.0,29.2,20.1,4.21,0.23,Nirmal,TS
2016-12-16,0.0,29.1,18.9,4.26,0.23,Nirmal,TS
2016-12-17,0.0,28.8,18.0,4.17,0.23,Nirmal,TS
2016-12-18,0.0,27.6,15.0,3.97,0.23,Nirmal,TS
2016-12-19,0.0,27.2,15.1,4.12,0.23,Nirmal,TS
2016-12-20,0.0,27.1,14.9,4.02,0.23,Nirmal,TS
2016-12-21,0.0,28.0,15.6,3.66,0.23,Nirmal,TS
2016-12-22,0.0,29.0,13.9,4.06,0.23,Nirmal,TS
2016-12-23,0.0,28.1,13.8,3.96,0.23,Nirmal,TS
2016-12-24,0.0,28.2,15.1,3.93,0.23,Nirmal,TS
2016-12-25,0.0,28.7,16.2,4.09,0.23,Nirmal,TS
2016-12-26,0.0,27.8,15.5,3.99,0.23,Nirmal,TS
2016-12-27,0.0,26.4,13.2,4.12,0.23,Nirmal,TS
2016-12-28,0.0,26.9,13.8,3.91,0.23,Nirmal,TS
2016-12-29,0.0,27.7,16.1,3.81,0.23,Nirmal,TS
2016-12-30,0.0,28.5,17.1,3.79,0.23,Nirmal,TS
2016-12-31,0.0,28.7,18.3,4.02,0.23,Nirmal,TS
2017-01-01,0.0,28.4,17.6,3.92,0.216,Nirmal,TS
2017-01-02,0.0,28.9,18.1,4.11,0.213,Nirmal,TS
2017-01-03,0.0,27.3,16.8,4.53,0.208,Nirmal,TS
2017-01-04,0.0,26.7,15.5,4.04,0.209,Nirmal,TS
2017-01-05,0.0,27.5,14.5,3.85,0.213,Nirmal,TS
2017-01-06,0.0,28.0,15.2,4.22,0.208,Nirmal,TS
2017-01-07,0.0,28.0,15.5,4.1,0.204,Nirmal,TS
2017-01-08,0.0,27.4,16.4,3.94,0.207,Nirmal,TS
2017-01-09,0.0,28.4,20.6,3.95,0.208,Nirmal,TS
2017-01-10,0.0,28.3,18.9,4.32,0.209,Nirmal,TS
2017-01-11,0.0,25.9,16.0,4.31,0.207,Nirmal,TS
2017-01-12,0.0,25.2,14.8,4.06,0.203,Nirmal,TS
2017-01-13,0.0,26.0,14.7,4.15,0.207,Nirmal,TS
2017-01-14,0.0,26.8,15.3,4.41,0.208,Nirmal,TS
2017-01-15,0.0,27.8,16.5,4.38,0.207,Nirmal,TS
2017-01-16,0.0,28.5,17.3,4.23,0.206,Nirmal,TS
2017-01-17,0.0,29.1,17.5,4.23,0.21,Nirmal,TS
2017-01-18,0.0,29.1,16.8,4.45,0.211,Nirmal,TS
2017-01-19,0.0,28.8,17.1,4.32,0.209,Nirmal,TS
2017-01-20,0.0,29.0,16.7,4.33,0.206,Nirmal,TS
2017-01-21,0.0,29.7,17.1,4.43,0.203,Nirmal,TS
2017-01-22,0.0,31.1,18.5,4.39,0.201,Nirmal,TS
2017-01-23,0.0,31.2,20.7,4.98,0.199,Nirmal,TS
2017-01-24,0.0,30.1,19.0,5.09,0.198,Nirmal,TS
2017-01-25,0.0,29.7,18.1,4.49,0.201,Nirmal,TS
2017-01-26,0.1,27.6,19.9,3.36,0.205,Nirmal,TS
2017-01-27,0.0,29.3,18.3,4.12,0.201,Nirmal,TS
2017-01-28,0.0,29.4,19.1,4.81,0.203,Nirmal,TS
2017-01-29,0.0,29.3,16.8,4.54,0.203,Nirmal,TS
2017-01-30,0.0,30.4,17.0,4.47,0.202,Nirmal,TS
2017-01-31,0.0,31.0,18.7,4.79,0.201,Nirmal,TS
2017-02-01,0.0,31.5,18.5,4.86,0.202,Nirmal,TS
2017-02-02,0.0,31.3,18.9,4.91,0.202,Nirmal,TS
2017-02-03,0.0,31.3,19.0,4.72,0.204,Nirmal,TS
2017-02-04,0.0,31.3,20.4,5.04,0.201,Nirmal,TS
2017-02-05,0.0,30.8,19.7,4.83,0.2,Nirmal,TS
2017-02-06,0.0,30.6,18.6,4.95,0.201,Nirmal,TS
2017-02-07,0.0,31.2,19.3,5.02,0.2,Nirmal,TS
2017-02-08,0.0,31.6,19.4,5.25,0.201,Nirmal,TS
2017-02-09,0.0,31.7,19.3,5.1,0.203,Nirmal,TS
2017-02-10,0.0,31.8,20.0,5.04,0.204,Nirmal,TS
2017-02-11,0.0,32.6,20.9,5.51,0.204,Nirmal,TS
2017-02-12,0.0,30.2,19.5,5.26,0.207,Nirmal,TS
2017-02-13,0.0,30.5,19.4,5.13,0.208,Nirmal,TS
2017-02-14,0.0,31.3,19.6,4.73,0.208,Nirmal,TS
2017-02-15,0.0,31.1,19.1,5.36,0.206,Nirmal,TS
2017-02-16,0.0,32.1,19.9,5.22,0.206,Nirmal,TS
2017-02-17,0.0,32.6,19.5,6.25,0.204,Nirmal,TS
2017-02-18,0.0,33.8,20.1,6.47,0.199,Nirmal,TS
2017-02-19,0.0,34.0,19.6,5.26,0.195,Nirmal,TS
2017-02-20,0.0,35.0,19.6,6.03,0.198,Nirmal,TS
2017-02-21,0.0,34.2,20.7,5.99,0.195,Nirmal,TS
2017-02-22,0.0,34.5,20.4,5.96,0.192,Nirmal,TS
2017-02-23,0.0,34.3,20.7,5.99,0.193,Nirmal,TS
2017-02-24,0.0,34.3,20.6,6.73,0.193,Nirmal,TS
2017-02-25,0.0,33.3,20.8,6.52,0.196,Nirmal,TS
2017-02-26,0.0,33.9,18.9,6.26,0.2,Nirmal,TS
2017-02-27,0.0,34.7,20.0,5.64,0.201,Nirmal,TS
2017-02-28,0.0,35.1,20.2,6.55,0.202,Nirmal,TS
2017-03-01,0.0,34.6,20.8,6.42,0.202,Nirmal,TS
2017-03-02,0.0,34.4,20.0,6.03,0.204,Nirmal,TS
2017-03-03,0.0,34.1,20.8,6.0,0.205,Nirmal,TS
2017-03-04,0.0,34.5,21.7,6.96,0.202,Nirmal,TS
2017-03-05,0.0,33.8,20.6,6.07,0.203,Nirmal,TS
2017-03-06,0.0,33.4,22.4,5.93,0.204,Nirmal,TS
2017-03-07,0.0,34.8,24.1,6.02,0.204,Nirmal,TS
2017-03-08,0.0,32.8,21.8,5.54,0.2,Nirmal,TS
2017-03-09,0.0,33.8,21.8,6.04,0.199,Nirmal,TS
2017-03-10,0.0,32.5,22.7,6.53,0.202,Nirmal,TS
2017-03-11,0.0,31.2,20.9,6.85,0.2,Nirmal,TS
2017-03-12,0.0,30.9,20.9,6.73,0.201,Nirmal,TS
2017-03-13,0.0,32.3,19.3,6.49,0.198,Nirmal,TS
2017-03-14,0.0,33.6,19.5,6.33,0.198,Nirmal,TS
2017-03-15,2.9,32.2,23.3,5.06,0.21,Nirmal,TS
2017-03-16,1.8,31.4,22.8,4.69,0.248,Nirmal,TS
2017-03-17,0.0,33.6,21.4,6.0,0.263,Nirmal,TS
2017-03-18,0.0,34.6,20.3,6.94,0.243,Nirmal,TS
2017-03-19,0.0,34.9,21.2,6.52,0.227,Nirmal,TS
2017-03-20,0.0,33.7,22.7,6.6,0.213,Nirmal,TS
2017-03-21,0.0,34.6,21.5,6.5,0.203,Nirmal,TS
2017-03-22,0.0,35.8,22.6,6.7,0.201,Nirmal,TS
2017-03-23,0.0,36.4,21.7,6.64,0.202,Nirmal,TS
2017-03-24,0.0,36.4,23.4,6.8,0.2,Nirmal,TS
2017-03-25,0.0,37.3,24.9,6.96,0.191,Nirmal,TS
2017-03-26,0.0,39.0,24.9,6.69,0.193,Nirmal,TS
2017-03-27,0.0,37.7,25.2,6.77,0.193,Nirmal,TS
2017-03-28,0.0,37.9,26.1,6.51,0.193,Nirmal,TS
2017-03-29,0.0,38.0,24.9,6.57,0.193,Nirmal,TS
2017-03-30,0.0,37.9,25.6,6.79,0.196,Nirmal,TS
2017-03-31,0.0,38.1,25.9,6.65,0.199,Nirmal,TS
2017-04-01,0.1,38.1,26.5,6.3,0.198,Nirmal,TS
2017-04-02,0.0,38.8,25.6,7.17,0.195,Nirmal,TS
2017-04-03,1.9,37.1,27.0,6.53,0.203,Nirmal,TS
2017-04-04,0.0,37.9,25.8,6.92,0.202,Nirmal,TS
2017-04-05,0.0,37.2,26.4,6.54,0.2,Nirmal,TS
2017-04-06,0.0,38.2,25.2,6.91,0.195,Nirmal,TS
2017-04-07,0.0,38.7,25.7,7.2,0.193,Nirmal,TS
2017-04-08,0.0,38.1,25.2,7.21,0.189,Nirmal,TS
2017-04-09,0.0,39.3,24.9,7.32,0.186,Nirmal,TS
2017-04-10,0.0,39.7,25.4,8.78,0.186,Nirmal,TS
2017-04-11,0.0,38.7,25.8,8.65,0.187,Nirmal,TS
2017-04-12,0.0,39.5,22.7,7.35,0.189,Nirmal,TS
2017-04-13,0.0,40.3,23.9,7.66,0.191,Nirmal,TS
2017-04-14,0.0,39.1,24.6,7.66,0.192,Nirmal,TS
2017-04-15,0.0,39.9,25.5,7.69,0.198,Nirmal,TS
2017-04-16,0.0,41.8,24.7,8.43,0.199,Nirmal,TS
2017-04-17,0.0,41.8,27.1,9.52,0.194,Nirmal,TS
2017-04-18,0.0,42.0,26.8,8.23,0.19,Nirmal,TS
2017-04-19,0.0,40.4,26.7,7.49,0.191,Nirmal,TS
2017-04-20,0.0,40.2,26.5,7.9,0.189,Nirmal,TS
2017-04-21,0.0,39.5,25.9,8.13,0.19,Nirmal,TS
2017-04-22,0.0,39.9,25.9,8.7,0.191,Nirmal,TS
2017-04-23,0.0,39.1,29.1,9.49,0.192,Nirmal,TS
2017-04-24,0.0,38.9,27.0,8.67,0.192,Nirmal,TS
2017-04-25,0.0,38.8,27.3,8.76,0.193,Nirmal,TS
2017-04-26,0.0,38.8,26.5,7.73,0.192,Nirmal,TS
2017-04-27,0.0,38.5,28.8,7.28,0.191,Nirmal,TS
2017-04-28,0.0,38.8,26.3,7.9,0.185,Nirmal,TS
2017-04-29,1.3,38.7,26.5,7.63,0.19,Nirmal,TS
2017-04-30,0.0,37.8,25.8,6.88,0.191,Nirmal,TS
2017-05-01,0.0,37.3,26.0,7.24,0.193,Nirmal,TS
2017-05-02,0.0,37.1,24.9,6.8,0.19,Nirmal,TS
2017-05-03,0.3,37.1,26.8,6.19,0.193,Nirmal,TS
2017-05-04,0.1,38.3,27.3,6.64,0.201,Nirmal,TS
2017-05-05,0.0,39.2,28.2,6.79,0.198,Nirmal,TS
2017-05-06,0.5,39.0,27.6,7.61,0.198,Nirmal,TS
2017-05-07,0.5,38.2,28.1,7.18,0.201,Nirmal,TS
2017-05-08,0.1,39.4,26.9,6.88,0.197,Nirmal,TS
2017-05-09,0.2,39.8,28.0,6.86,0.199,Nirmal,TS
2017-05-10,0.0,37.9,26.7,6.84,0.203,Nirmal,TS
2017-05-11,2.0,36.1,27.2,5.96,0.2,Nirmal,TS
2017-05-12,0.9,35.9,28.0,6.07,0.197,Nirmal,TS
2017-05-13,0.4,38.4,28.1,6.43,0.194,Nirmal,TS
2017-05-14,0.0,41.1,29.9,7.39,0.19,Nirmal,TS
2017-05-15,0.0,41.7,29.5,7.78,0.188,Nirmal,TS
2017-05-16,0.0,40.8,30.5,7.67,0.188,Nirmal,TS
2017-05-17,0.0,40.5,31.0,8.23,0.188,Nirmal,TS
2017-05-18,0.0,40.9,29.9,8.37,0.19,Nirmal,TS
2017-05-19,0.2,40.7,30.7,8.36,0.188,Nirmal,TS
2017-05-20,0.0,40.5,30.3,8.26,0.19,Nirmal,TS
2017-05-21,0.0,41.4,29.4,8.91,0.189,Nirmal,TS
2017-05-22,0.0,40.2,29.2,7.69,0.19,Nirmal,TS
2017-05-23,0.0,41.1,30.9,8.51,0.188,Nirmal,TS
2017-05-24,0.0,41.3,28.9,8.48,0.186,Nirmal,TS
2017-05-25,0.0,41.1,30.0,7.48,0.186,Nirmal,TS
2017-05-26,0.0,38.5,30.6,5.36,0.186,Nirmal,TS
2017-05-27,0.4,41.1,30.0,7.12,0.188,Nirmal,TS
2017-05-28,0.6,40.6,26.2,6.99,0.196,Nirmal,TS
2017-05-29,0.0,38.8,27.7,7.55,0.213,Nirmal,TS
2017-05-30,0.0,37.2,28.9,8.37,0.208,Nirmal,TS
2017-05-31,0.0,36.4,29.7,6.65,0.202,Nirmal,TS
2017-06-01,1.2,37.8,31.1,6.98,0.192,Nirmal,TS
2017-06-02,0.6,37.6,28.5,6.46,0.187,Nirmal,TS
2017-06-03,4.8,39.0,26.8,6.96,0.191,Nirmal,TS
2017-06-04,3.3,36.8,26.4,6.34,0.212,Nirmal,TS
2017-06-05,4.7,37.1,26.4,6.5,0.209,Nirmal,TS
2017-06-06,12.6,37.2,26.5,5.74,0.32,Nirmal,TS
2017-06-07,7.3,33.7,25.6,5.33,0.362,Nirmal,TS
2017-06-08,4.1,32.9,24.7,4.99,0.41,Nirmal,TS
2017-06-09,0.7,34.1,25.9,5.37,0.405,Nirmal,TS
2017-06-10,14.4,32.2,25.0,4.21,0.45,Nirmal,TS
2017-06-11,4.9,32.7,25.3,4.32,0.447,Nirmal,TS
2017-06-12,19.3,29.7,25.5,3.06,0.484,Nirmal,TS
2017-06-13,20.4,31.0,24.7,3.26,0.502,Nirmal,TS
2017-06-14,3.5,30.8,25.4,2.92,0.499,Nirmal,TS
2017-06-15,16.2,31.9,25.7,4.61,0.493,Nirmal,TS
2017-06-16,10.1,29.2,24.8,3.35,0.491,Nirmal,TS
2017-06-17,6.9,31.0,25.3,4.21,0.489,Nirmal,TS
2017-06-18,1.9,31.4,26.1,4.51,0.473,Nirmal,TS
2017-06-19,0.1,32.7,26.3,5.72,0.438,Nirmal,TS
2017-06-20,0.0,32.5,26.6,5.87,0.407,Nirmal,TS
2017-06-21,0.4,32.1,26.4,5.82,0.375,Nirmal,TS
2017-06-22,0.2,32.4,26.4,5.91,0.348,Nirmal,TS
2017-06-23,10.5,30.7,24.6,4.41,0.389,Nirmal,TS
2017-06-24,0.2,31.5,24.8,4.75,0.426,Nirmal,TS
2017-06-25,3.1,31.2,25.6,4.45,0.407,Nirmal,TS
2017-06-26,5.2,30.2,25.2,3.87,0.476,Nirmal,TS
2017-06-27,3.7,29.8,24.3,2.99,0.474,Nirmal,TS
2017-06-28,2.2,28.2,24.4,2.89,0.472,Nirmal,TS
2017-06-29,2.2,29.4,25.2,4.01,0.453,Nirmal,TS
2017-06-30,0.2,30.5,25.7,4.31,0.433,Nirmal,TS
2017-07-01,27.9,30.1,25.6,3.45,0.448,Nirmal,TS
2017-07-02,11.7,27.8,24.8,2.06,0.508,Nirmal,TS
2017-07-03,2.0,29.8,25.0,3.83,0.492,Nirmal,TS
2017-07-04,0.3,30.6,25.0,4.56,0.467,Nirmal,TS
2017-07-05,1.5,30.2,24.7,4.18,0.445,Nirmal,TS
2017-07-06,0.4,30.7,25.5,4.72,0.426,Nirmal,TS
2017-07-07,0.2,31.3,25.1,5.03,0.404,Nirmal,TS
2017-07-08,1.7,31.8,24.3,5.26,0.379,Nirmal,TS
2017-07-09,0.6,32.3,25.9,4.98,0.357,Nirmal,TS
2017-07-10,4.5,31.7,25.9,3.76,0.375,Nirmal,TS
2017-07-11,2.3,30.1,24.6,3.14,0.353,Nirmal,TS
2017-07-12,3.2,30.3,24.5,3.59,0.297,Nirmal,TS
2017-07-13,9.7,27.3,24.4,2.38,0.32,Nirmal,TS
2017-07-14,10.3,27.1,24.3,1.99,0.345,Nirmal,TS
2017-07-15,2.2,29.1,24.1,2.84,0.421,Nirmal,TS
2017-07-16,10.9,26.4,23.6,1.67,0.452,Nirmal,TS
2017-07-17,29.6,26.0,23.4,1.37,0.508,Nirmal,TS
2017-07-18,11.2,26.2,23.6,2.03,0.508,Nirmal,TS
2017-07-19,16.0,26.9,23.6,2.02,0.509,Nirmal,TS
2017-07-20,5.1,29.5,23.8,3.05,0.496,Nirmal,TS
2017-07-21,0.1,30.7,25.0,5.02,0.475,Nirmal,TS
2017-07-22,0.6,31.1,25.0,4.83,0.456,Nirmal,TS
2017-07-23,2.4,29.8,24.9,4.64,0.448,Nirmal,TS
2017-07-24,0.2,29.7,24.8,4.15,0.442,Nirmal,TS
2017-07-25,1.0,31.3,24.3,4.98,0.415,Nirmal,TS
2017-07-26,0.2,31.0,24.7,4.94,0.388,Nirmal,TS
2017-07-27,1.7,28.6,24.8,3.47,0.371,Nirmal,TS
2017-07-28,7.4,29.0,25.3,3.99,0.375,Nirmal,TS
2017-07-29,0.0,30.5,24.5,4.52,0.349,Nirmal,TS
2017-07-30,0.1,31.1,25.3,4.8,0.327,Nirmal,TS
2017-07-31,0.0,31.2,25.7,5.44,0.305,Nirmal,TS
2017-08-01,0.0,31.6,25.8,5.3,0.285,Nirmal,TS
2017-08-02,0.5,31.5,26.0,4.82,0.275,Nirmal,TS
2017-08-03,0.1,31.0,26.0,5.51,0.262,Nirmal,TS
2017-08-04,0.3,31.0,25.8,4.76,0.253,Nirmal,TS
2017-08-05,1.0,30.1,25.4,3.38,0.257,Nirmal,TS
2017-08-06,0.2,29.9,25.2,3.63,0.255,Nirmal,TS
2017-08-07,1.6,30.1,25.2,3.42,0.258,Nirmal,TS
2017-08-08,13.6,29.5,25.1,2.58,0.289,Nirmal,TS
2017-08-09,4.9,27.9,24.7,2.2,0.339,Nirmal,TS
2017-08-10,9.2,30.0,24.2,3.36,0.432,Nirmal,TS
2017-08-11,3.4,29.4,23.9,2.81,0.413,Nirmal,TS
2017-08-12,1.0,29.6,24.5,3.49,0.388,Nirmal,TS
2017-08-13,0.0,31.0,25.2,4.33,0.358,Nirmal,TS
2017-08-14,23.1,26.6,24.3,1.62,0.441,Nirmal,TS
2017-08-15,3.8,28.7,23.9,3.2,0.466,Nirmal,TS
2017-08-16,2.9,29.9,24.1,3.91,0.445,Nirmal,TS
2017-08-17,0.7,30.3,25.0,4.12,0.44,Nirmal,TS
2017-08-18,4.1,27.1,24.6,1.66,0.465,Nirmal,TS
2017-08-19,46.3,26.6,23.6,1.47,0.51,Nirmal,TS
2017-08-20,17.2,26.5,21.9,2.24,0.501,Nirmal,TS
2017-08-21,1.1,27.2,22.8,2.64,0.483,Nirmal,TS
2017-08-22,1.0,28.8,23.4,3.06,0.472,Nirmal,TS
2017-08-23,16.2,28.9,23.5,3.18,0.48,Nirmal,TS
2017-08-24,0.7,29.3,24.3,3.66,0.477,Nirmal,TS
2017-08-25,14.0,27.4,23.9,2.17,0.487,Nirmal,TS
2017-08-26,21.8,29.0,23.5,2.47,0.503,Nirmal,TS
2017-08-27,14.0,27.9,24.1,2.38,0.504,Nirmal,TS
2017-08-28,10.0,28.9,23.7,2.85,0.499,Nirmal,TS
2017-08-29,7.3,27.5,24.1,2.29,0.503,Nirmal,TS
2017-08-30,2.1,29.7,24.4,4.1,0.481,Nirmal,TS
2017-08-31,0.0,31.0,24.8,5.09,0.449,Nirmal,TS
2017-09-01,0.0,30.6,24.1,4.95,0.425,Nirmal,TS
2017-09-02,0.6,30.8,23.4,4.54,0.407,Nirmal,TS
2017-09-03,3.6,30.4,24.4,4.29,0.396,Nirmal,TS
2017-09-04,6.3,29.5,24.4,3.15,0.421,Nirmal,TS
2017-09-05,1.3,31.2,24.5,3.97,0.438,Nirmal,TS
2017-09-06,6.7,30.5,25.1,3.62,0.449,Nirmal,TS
2017-09-07,7.3,30.4,24.2,3.71,0.478,Nirmal,TS
2017-09-08,11.3,30.7,24.3,4.1,0.483,Nirmal,TS
2017-09-09,0.8,30.9,24.7,3.98,0.458,Nirmal,TS
2017-09-10,0.6,31.6,24.7,4.58,0.439,Nirmal,TS
2017-09-11,3.9,31.9,24.8,3.96,0.441,Nirmal,TS
2017-09-12,3.0,31.0,24.8,4.23,0.463,Nirmal,TS
2017-09-13,5.2,29.8,24.5,3.12,0.48,Nirmal,TS
2017-09-14,2.8,29.4,24.7,3.33,0.468,Nirmal,TS
2017-09-15,2.4,29.1,24.0,2.9,0.469,Nirmal,TS
2017-09-16,2.0,29.5,23.7,3.8,0.466,Nirmal,TS
2017-09-17,6.5,29.3,24.3,3.48,0.462,Nirmal,TS
2017-09-18,0.6,28.6,24.2,3.42,0.458,Nirmal,TS
2017-09-19,0.7,29.9,24.0,3.98,0.469,Nirmal,TS
2017-09-20,0.5,28.6,24.5,3.01,0.462,Nirmal,TS
2017-09-21,2.8,26.5,23.7,2.12,0.464,Nirmal,TS
2017-09-22,0.3,29.4,22.9,3.76,0.466,Nirmal,TS
2017-09-23,0.3,30.4,22.7,3.93,0.458,Nirmal,TS
2017-09-24,0.3,31.4,23.4,4.33,0.456,Nirmal,TS
2017-09-25,0.7,31.0,24.6,3.84,0.431,Nirmal,TS
2017-09-26,0.0,31.7,24.6,4.76,0.408,Nirmal,TS
2017-09-27,0.1,31.9,25.0,4.58,0.388,Nirmal,TS
2017-09-28,0.1,31.9,25.1,3.78,0.371,Nirmal,TS
2017-09-29,4.5,30.6,24.8,2.88,0.378,Nirmal,TS
2017-09-30,0.0,32.4,24.0,4.37,0.351,Nirmal,TS
2017-10-01,0.5,32.2,24.6,4.24,0.339,Nirmal,TS
2017-10-02,3.8,29.8,24.4,3.16,0.343,Nirmal,TS
2017-10-03,4.8,29.4,24.2,2.76,0.377,Nirmal,TS
2017-10-04,0.0,32.9,24.0,4.48,0.389,Nirmal,TS
2017-10-05,5.9,29.7,23.8,2.84,0.406,Nirmal,TS
2017-10-06,7.0,29.6,23.5,3.36,0.455,Nirmal,TS
2017-10-07,2.1,28.6,23.7,2.96,0.442,Nirmal,TS
2017-10-08,8.1,28.5,23.6,2.61,0.475,Nirmal,TS
2017-10-09,12.7,28.6,23.5,2.4,0.494,Nirmal,TS
2017-10-10,3.5,28.3,23.3,2.76,0.499,Nirmal,TS
2017-10-11,2.4,28.8,23.2,3.29,0.493,Nirmal,TS
2017-10-12,4.0,30.1,23.8,3.71,0.476,Nirmal,TS
2017-10-13,10.1,29.9,23.7,3.03,0.493,Nirmal,TS
2017-10-14,1.4,30.0,24.1,3.47,0.486,Nirmal,TS
2017-10-15,5.2,29.9,24.4,3.3,0.49,Nirmal,TS
2017-10-16,0.0,32.5,24.1,4.23,0.476,Nirmal,TS
2017-10-17,0.0,32.5,23.0,4.54,0.454,Nirmal,TS
2017-10-18,0.0,32.4,22.0,5.31,0.43,Nirmal,TS
2017-10-19,0.0,31.2,20.7,4.93,0.411,Nirmal,TS
2017-10-20,3.7,28.6,22.0,2.69,0.413,Nirmal,TS
2017-10-21,6.8,29.9,23.5,3.45,0.433,Nirmal,TS
2017-10-22,0.8,29.2,23.6,3.44,0.44,Nirmal,TS
2017-10-23,0.1,31.2,23.2,3.99,0.456,Nirmal,TS
2017-10-24,0.0,31.9,21.3,4.88,0.424,Nirmal,TS
2017-10-25,0.0,30.9,19.4,4.51,0.396,Nirmal,TS
2017-10-26,0.0,30.5,20.4,4.45,0.375,Nirmal,TS
2017-10-27,0.1,29.1,20.4,3.64,0.359,Nirmal,TS
2017-10-28,0.0,30.4,20.1,4.16,0.344,Nirmal,TS
2017-10-29,0.0,29.1,18.7,3.81,0.332,Nirmal,TS
2017-10-30,0.0,30.5,19.8,4.65,0.318,Nirmal,TS
2017-10-31,0.0,30.3,19.5,4.25,0.305,Nirmal,TS
2017-11-01,0.0,30.1,18.6,4.58,0.292,Nirmal,TS
2017-11-02,0.0,29.2,18.5,4.63,0.279,Nirmal,TS
2017-11-03,0.0,29.0,18.4,4.73,0.266,Nirmal,TS
2017-11-04,0.0,28.5,18.1,4.74,0.254,Nirmal,TS
2017-11-05,0.0,30.1,20.4,4.83,0.242,Nirmal,TS
2017-11-06,0.0,29.3,19.2,4.52,0.231,Nirmal,TS
2017-11-07,0.0,29.5,18.8,4.27,0.222,Nirmal,TS
2017-11-08,0.0,29.9,18.6,4.48,0.215,Nirmal,TS
2017-11-09,0.0,29.8,18.3,4.59,0.213,Nirmal,TS
2017-11-10,0.0,29.4,17.6,4.74,0.211,Nirmal,TS
2017-11-11,0.0,28.8,18.0,4.76,0.208,Nirmal,TS
2017-11-12,0.0,29.1,18.1,4.79,0.206,Nirmal,TS
2017-11-13,0.0,29.1,18.8,4.61,0.203,Nirmal,TS
2017-11-14,0.0,30.3,20.2,4.52,0.202,Nirmal,TS
2017-11-15,0.2,30.0,22.2,4.35,0.203,Nirmal,TS
2017-11-16,0.0,30.2,21.0,4.12,0.203,Nirmal,TS
2017-11-17,0.2,29.3,21.2,3.48,0.204,Nirmal,TS
2017-11-18,0.0,29.8,20.7,3.88,0.2,Nirmal,TS
2017-11-19,0.0,30.5,21.5,3.36,0.196,Nirmal,TS
2017-11-20,0.0,31.7,22.0,4.4,0.192,Nirmal,TS
2017-11-21,2.2,30.9,23.2,4.05,0.196,Nirmal,TS
2017-11-22,1.6,30.5,22.7,3.45,0.203,Nirmal,TS
2017-11-23,0.0,29.9,21.7,3.48,0.22,Nirmal,TS
2017-11-24,0.0,30.8,22.4,3.91,0.218,Nirmal,TS
2017-11-25,0.0,30.3,19.5,4.47,0.214,Nirmal,TS
2017-11-26,0.0,29.2,18.0,4.12,0.211,Nirmal,TS
2017-11-27,0.0,29.2,17.0,4.09,0.207,Nirmal,TS
2017-11-28,0.0,29.0,17.0,4.05,0.208,Nirmal,TS
2017-11-29,0.0,28.6,16.5,4.2,0.207,Nirmal,TS
2017-11-30,0.0,28.5,16.8,4.16,0.209,Nirmal,TS
2017-12-01,0.0,28.5,16.7,4.29,0.207,Nirmal,TS
2017-12-02,0.0,28.0,17.6,4.29,0.203,Nirmal,TS
2017-12-03,0.0,27.5,15.9,4.1,0.203,Nirmal,TS
2017-12-04,0.0,27.5,16.6,3.94,0.201,Nirmal,TS
2017-12-05,0.0,28.0,17.7,4.08,0.2,Nirmal,TS
2017-12-06,0.0,29.0,19.3,3.62,0.201,Nirmal,TS
2017-12-07,0.0,30.1,19.5,3.79,0.196,Nirmal,TS
2017-12-08,0.0,30.3,20.0,4.55,0.193,Nirmal,TS
2017-12-09,0.0,29.6,19.8,4.36,0.193,Nirmal,TS
2017-12-10,0.0,28.9,19.2,4.65,0.194,Nirmal,TS
2017-12-11,0.0,28.6,16.4,3.76,0.195,Nirmal,TS
2017-12-12,0.0,28.8,16.4,3.77,0.197,Nirmal,TS
2017-12-13,0.0,29.9,18.0,4.02,0.2,Nirmal,TS
2017-12-14,0.0,30.2,19.1,3.9,0.204,Nirmal,TS
2017-12-15,0.0,29.6,18.6,3.91,0.21,Nirmal,TS
2017-12-16,0.0,29.2,17.7,4.06,0.211,Nirmal,TS
2017-12-17,0.0,28.5,16.7,4.07,0.211,Nirmal,TS
2017-12-18,0.0,28.0,18.8,4.52,0.209,Nirmal,TS
2017-12-19,0.0,27.8,16.2,4.44,0.207,Nirmal,TS
2017-12-20,0.0,28.1,14.2,3.95,0.205,Nirmal,TS
2017-12-21,0.0,28.4,15.2,3.8,0.201,Nirmal,TS
2017-12-22,0.0,29.2,15.5,4.18,0.198,Nirmal,TS
2017-12-23,0.0,28.4,15.8,3.73,0.196,Nirmal,TS
2017-12-24,0.0,28.0,17.2,3.64,0.199,Nirmal,TS
2017-12-25,0.0,29.0,18.5,3.66,0.203,Nirmal,TS
2017-12-26,0.0,28.5,17.5,4.61,0.205,Nirmal,TS
2017-12-27,0.0,27.5,14.2,4.11,0.203,Nirmal,TS
2017-12-28,0.0,27.9,14.6,4.28,0.199,Nirmal,TS
2017-12-29,0.0,27.4,16.1,3.85,0.196,Nirmal,TS
2017-12-30,0.0,27.4,16.5,3.59,0.197,Nirmal,TS
2017-12-31,0.0,27.3,16.7,3.82,0.194,Nirmal,TS
2018-01-01,0.0,27.7,15.8,4.0,0.195,Nirmal,TS
2018-01-02,0.0,27.9,15.8,4.0,0.199,Nirmal,TS
2018-01-03,0.0,27.3,15.8,4.0,0.201,Nirmal,TS
2018-01-04,0.0,27.2,14.9,3.9,0.2,Nirmal,TS
2018-01-05,0.0,27.2,15.3,3.89,0.202,Nirmal,TS
2018-01-06,0.0,26.9,16.7,3.85,0.202,Nirmal,TS
2018-01-07,0.0,27.0,15.7,3.8,0.202,Nirmal,TS
2018-01-08,0.0,26.9,15.3,4.03,0.204,Nirmal,TS
2018-01-09,0.0,26.9,14.9,4.04,0.205,Nirmal,TS
2018-01-10,0.0,28.2,15.7,4.23,0.205,Nirmal,TS
2018-01-11,0.0,29.2,16.8,3.97,0.199,Nirmal,TS
2018-01-12,0.0,30.4,18.0,4.06,0.197,Nirmal,TS
2018-01-13,0.0,30.7,18.9,4.4,0.194,Nirmal,TS
2018-01-14,0.0,30.7,18.9,4.42,0.194,Nirmal,TS
2018-01-15,0.0,29.6,20.9,3.52,0.194,Nirmal,TS
2018-01-16,0.0,29.9,18.5,4.21,0.192,Nirmal,TS
2018-01-17,0.0,29.7,18.2,4.19,0.194,Nirmal,TS
2018-01-18,0.0,30.0,18.1,4.57,0.201,Nirmal,TS
2018-01-19,0.0,29.6,15.3,4.7,0.2,Nirmal,TS
2018-01-20,0.0,28.8,15.3,4.32,0.198,Nirmal,TS
2018-01-21,0.0,28.7,16.6,4.43,0.198,Nirmal,TS
2018-01-22,0.0,28.1,17.1,4.36,0.2,Nirmal,TS
2018-01-23,0.0,28.7,15.7,4.19,0.2,Nirmal,TS
2018-01-24,0.0,29.5,18.7,4.62,0.203,Nirmal,TS
2018-01-25,0.0,27.8,17.5,4.57,0.2,Nirmal,TS
2018-01-26,0.0,27.8,14.9,4.56,0.202,Nirmal,TS
2018-01-27,0.0,28.3,14.4,4.68,0.203,Nirmal,TS
2018-01-28,0.0,29.0,15.6,4.62,0.202,Nirmal,TS
2018-01-29,0.0,29.7,17.1,4.42,0.202,Nirmal,TS
2018-01-30,0.0,31.0,16.3,5.01,0.198,Nirmal,TS
2018-01-31,0.0,30.8,15.0,4.58,0.198,Nirmal,TS
2018-02-01,0.0,31.6,15.9,5.04,0.197,Nirmal,TS
2018-02-02,0.0,30.9,16.2,4.8,0.194,Nirmal,TS
2018-02-03,0.0,31.3,17.8,4.73,0.2,Nirmal,TS
2018-02-04,0.0,31.3,19.1,4.78,0.203,Nirmal,TS
2018-02-05,0.0,31.5,17.8,5.15,0.202,Nirmal,TS
2018-02-06,0.0,30.8,17.4,4.68,0.202,Nirmal,TS
2018-02-07,0.2,28.6,19.2,3.05,0.204,Nirmal,TS
2018-02-08,0.0,29.9,18.1,4.64,0.204,Nirmal,TS
2018-02-09,0.0,31.0,18.8,4.84,0.201,Nirmal,TS
2018-02-10,0.0,30.3,18.5,4.23,0.207,Nirmal,TS
2018-02-11,0.4,31.1,20.5,4.46,0.21,Nirmal,TS
2018-02-12,2.8,30.0,19.6,4.15,0.211,Nirmal,TS
2018-02-13,1.0,28.0,19.5,3.36,0.282,Nirmal,TS
2018-02-14,0.0,29.4,18.5,4.58,0.274,Nirmal,TS
2018-02-15,0.0,29.3,19.3,4.77,0.258,Nirmal,TS
2018-02-16,0.0,30.8,17.5,4.53,0.241,Nirmal,TS
2018-02-17,0.0,32.0,17.4,4.83,0.226,Nirmal,TS
2018-02-18,0.0,32.1,19.6,5.39,0.213,Nirmal,TS
2018-02-19,0.0,32.8,19.9,5.05,0.205,Nirmal,TS
2018-02-20,0.0,31.3,21.1,4.17,0.202,Nirmal,TS
2018-02-21,0.0,32.5,20.7,4.88,0.202,Nirmal,TS
2018-02-22,0.0,32.1,21.5,4.16,0.2,Nirmal,TS
2018-02-23,0.0,33.9,22.2,5.25,0.202,Nirmal,TS
2018-02-24,0.0,33.8,20.4,5.77,0.203,Nirmal,TS
2018-02-25,0.0,33.9,20.5,5.47,0.201,Nirmal,TS
2018-02-26,0.0,33.8,20.4,5.62,0.204,Nirmal,TS
2018-02-27,0.0,34.9,21.8,5.76,0.204,Nirmal,TS
2018-02-28,0.0,34.5,21.2,5.67,0.203,Nirmal,TS
2018-03-01,0.0,34.7,21.1,5.9,0.198,Nirmal,TS
2018-03-02,0.0,35.2,21.5,5.96,0.201,Nirmal,TS
2018-03-03,0.0,35.4,21.5,6.71,0.202,Nirmal,TS
2018-03-04,0.0,35.4,22.3,6.26,0.202,Nirmal,TS
2018-03-05,0.0,35.4,23.4,6.05,0.203,Nirmal,TS
2018-03-06,0.0,35.0,22.5,6.0,0.204,Nirmal,TS
2018-03-07,0.0,35.2,24.3,6.23,0.203,Nirmal,TS
2018-03-08,0.0,34.5,23.5,6.06,0.205,Nirmal,TS
2018-03-09,0.0,34.2,21.8,6.05,0.203,Nirmal,TS
2018-03-10,0.0,33.7,22.8,5.41,0.201,Nirmal,TS
2018-03-11,0.2,34.4,23.6,5.53,0.207,Nirmal,TS
2018-03-12,0.0,33.8,22.9,5.05,0.216,Nirmal,TS
2018-03-13,0.0,34.4,23.5,5.54,0.211,Nirmal,TS
2018-03-14,0.0,35.7,22.6,6.1,0.206,Nirmal,TS
2018-03-15,0.0,32.4,24.1,4.36,0.204,Nirmal,TS
2018-03-16,5.0,27.2,21.1,2.76,0.218,Nirmal,TS
2018-03-17,0.0,30.1,19.9,4.38,0.229,Nirmal,TS
2018-03-18,0.0,32.6,20.7,5.43,0.217,Nirmal,TS
2018-03-19,0.0,33.8,21.8,5.45,0.207,Nirmal,TS
2018-03-20,0.0,33.7,23.5,4.89,0.204,Nirmal,TS
2018-03-21,0.0,34.9,24.6,5.7,0.2,Nirmal,TS
2018-03-22,0.0,36.0,25.5,7.49,0.199,Nirmal,TS
2018-03-23,0.0,35.3,22.4,7.06,0.196,Nirmal,TS
2018-03-24,0.0,36.8,23.6,7.34,0.191,Nirmal,TS
2018-03-25,0.0,37.8,23.5,7.33,0.19,Nirmal,TS
2018-03-26,0.0,37.8,23.6,6.92,0.19,Nirmal,TS
2018-03-27,0.0,37.1,23.4,6.51,0.19,Nirmal,TS
2018-03-28,0.0,37.9,24.2,6.63,0.191,Nirmal,TS
2018-03-29,0.0,38.0,24.1,6.51,0.191,Nirmal,TS
2018-03-30,0.0,38.3,24.1,7.09,0.197,Nirmal,TS
2018-03-31,0.0,37.3,24.3,6.74,0.199,Nirmal,TS
2018-04-01,2.4,35.0,25.8,5.77,0.198,Nirmal,TS
2018-04-02,0.1,36.3,23.9,6.3,0.19,Nirmal,TS
2018-04-03,0.8,35.2,23.9,5.51,0.197,Nirmal,TS
2018-04-04,0.2,36.3,24.6,6.18,0.202,Nirmal,TS
2018-04-05,0.0,36.8,23.7,6.21,0.202,Nirmal,TS
2018-04-06,3.3,36.3,25.0,5.36,0.214,Nirmal,TS
2018-04-07,0.0,34.6,24.5,5.3,0.224,Nirmal,TS
2018-04-08,2.9,34.5,23.0,5.17,0.236,Nirmal,TS
2018-04-09,0.2,33.2,21.1,5.37,0.244,Nirmal,TS
2018-04-10,0.0,33.6,23.3,5.52,0.239,Nirmal,TS
2018-04-11,0.0,34.5,23.9,5.69,0.231,Nirmal,TS
2018-04-12,0.0,35.1,24.9,5.89,0.222,Nirmal,TS
2018-04-13,0.0,35.5,24.9,5.82,0.21,Nirmal,TS
2018-04-14,0.0,36.1,25.8,6.24,0.201,Nirmal,TS
2018-04-15,1.0,35.0,26.7,5.72,0.203,Nirmal,TS
2018-04-16,0.3,36.1,25.0,5.73,0.21,Nirmal,TS
2018-04-17,0.0,38.2,26.7,6.26,0.205,Nirmal,TS
2018-04-18,0.0,40.5,26.8,7.18,0.194,Nirmal,TS
2018-04-19,0.0,40.0,25.2,7.45,0.192,Nirmal,TS
2018-04-20,0.0,40.1,26.4,7.75,0.188,Nirmal,TS
2018-04-21,0.0,39.1,26.2,7.05,0.184,Nirmal,TS
2018-04-22,0.0,39.0,26.5,7.03,0.183,Nirmal,TS
2018-04-23,0.0,39.3,27.1,7.38,0.182,Nirmal,TS
2018-04-24,0.0,39.5,25.1,7.09,0.185,Nirmal,TS
2018-04-25,0.0,38.2,24.8,6.56,0.185,Nirmal,TS
2018-04-26,0.3,37.4,26.1,7.0,0.187,Nirmal,TS
2018-04-27,0.0,38.7,25.9,6.83,0.186,Nirmal,TS
2018-04-28,0.0,38.4,25.7,7.09,0.185,Nirmal,TS
2018-04-29,0.2,40.4,27.4,7.41,0.186,Nirmal,TS
2018-04-30,0.0,41.8,27.2,7.66,0.184,Nirmal,TS
2018-05-01,0.0,41.1,28.0,8.11,0.182,Nirmal,TS
2018-05-02,0.0,39.5,27.8,6.81,0.183,Nirmal,TS
2018-05-03,0.0,38.3,27.7,6.67,0.186,Nirmal,TS
2018-05-04,0.0,36.7,26.2,6.23,0.191,Nirmal,TS
2018-05-05,0.0,37.5,27.4,6.46,0.187,Nirmal,TS
2018-05-06,0.0,38.9,27.7,6.42,0.184,Nirmal,TS
2018-05-07,0.0,39.9,30.4,7.0,0.184,Nirmal,TS
2018-05-08,0.0,40.9,29.7,7.55,0.184,Nirmal,TS
2018-05-09,0.0,41.2,28.3,7.75,0.185,Nirmal,TS
2018-05-10,0.0,39.2,29.5,6.91,0.185,Nirmal,TS
2018-05-11,0.1,41.0,28.5,7.44,0.186,Nirmal,TS
2018-05-12,0.0,40.0,28.5,7.29,0.184,Nirmal,TS
2018-05-13,0.6,38.7,28.2,6.67,0.199,Nirmal,TS
2018-05-14,1.7,38.5,28.0,6.88,0.229,Nirmal,TS
2018-05-15,0.0,38.2,27.0,7.01,0.213,Nirmal,TS
2018-05-16,0.5,38.2,26.9,6.75,0.202,Nirmal,TS
2018-05-17,3.2,39.5,28.6,6.52,0.208,Nirmal,TS
2018-05-18,0.0,38.4,28.8,6.97,0.217,Nirmal,TS
2018-05-19,0.0,41.0,27.0,7.07,0.201,Nirmal,TS
2018-05-20,0.0,41.9,29.1,6.88,0.188,Nirmal,TS
2018-05-21,0.0,40.7,29.2,7.14,0.184,Nirmal,TS
2018-05-22,0.2,39.7,30.3,6.51,0.184,Nirmal,TS
2018-05-23,0.0,38.5,29.8,5.69,0.193,Nirmal,TS
2018-05-24,0.8,39.1,28.9,6.46,0.195,Nirmal,TS
2018-05-25,0.0,41.5,29.4,7.81,0.191,Nirmal,TS
2018-05-26,0.0,40.4,29.4,7.51,0.196,Nirmal,TS
2018-05-27,0.0,38.2,28.8,6.51,0.218,Nirmal,TS
2018-05-28,0.0,39.0,29.5,6.67,0.223,Nirmal,TS
2018-05-29,0.0,40.1,30.3,6.51,0.214,Nirmal,TS
2018-05-30,0.9,40.0,30.8,7.11,0.204,Nirmal,TS
2018-05-31,0.7,38.0,28.2,5.26,0.199,Nirmal,TS
2018-06-01,1.1,36.6,25.8,5.63,0.204,Nirmal,TS
2018-06-02,8.7,35.9,25.9,5.25,0.212,Nirmal,TS
2018-06-03,0.2,38.6,27.5,6.42,0.205,Nirmal,TS
2018-06-04,2.9,38.5,26.4,6.2,0.21,Nirmal,TS
2018-06-05,0.0,38.7,26.3,6.35,0.207,Nirmal,TS
2018-06-06,9.9,34.7,25.8,5.31,0.234,Nirmal,TS
2018-06-07,9.2,32.3,25.5,4.08,0.384,Nirmal,TS
2018-06-08,15.1,29.9,25.4,2.0,0.483,Nirmal,TS
2018-06-09,19.5,30.4,24.7,3.17,0.482,Nirmal,TS
2018-06-10,12.2,31.0,25.6,3.46,0.479,Nirmal,TS
2018-06-11,4.8,32.7,25.0,3.85,0.486,Nirmal,TS
2018-06-12,1.2,32.4,26.2,5.07,0.45,Nirmal,TS
2018-06-13,0.0,33.8,26.0,6.05,0.417,Nirmal,TS
2018-06-14,0.0,34.4,26.4,6.61,0.38,Nirmal,TS
2018-06-15,0.0,34.5,26.9,6.7,0.345,Nirmal,TS
2018-06-16,0.0,34.3,27.5,6.32,0.313,Nirmal,TS
2018-06-17,0.3,33.5,27.4,6.5,0.282,Nirmal,TS
2018-06-18,0.0,32.1,26.5,6.15,0.258,Nirmal,TS
2018-06-19,1.4,33.6,26.1,5.39,0.246,Nirmal,TS
2018-06-20,6.1,33.8,25.3,4.93,0.272,Nirmal,TS
2018-06-21,0.5,34.4,26.3,5.21,0.261,Nirmal,TS
2018-06-22,9.8,30.8,25.1,2.94,0.312,Nirmal,TS
2018-06-23,4.3,30.0,23.8,4.27,0.354,Nirmal,TS
2018-06-24,0.0,32.7,25.0,5.67,0.328,Nirmal,TS
2018-06-25,1.6,32.7,25.8,5.48,0.3,Nirmal,TS
2018-06-26,3.3,32.3,25.8,5.15,0.292,Nirmal,TS
2018-06-27,12.6,28.0,24.7,2.0,0.345,Nirmal,TS
2018-06-28,10.8,28.5,23.7,2.3,0.438,Nirmal,TS
2018-06-29,4.5,31.5,24.5,4.51,0.424,Nirmal,TS
2018-06-30,1.6,32.0,24.1,4.9,0.401,Nirmal,TS
2018-07-01,2.9,32.9,25.8,4.83,0.361,Nirmal,TS
2018-07-02,0.7,31.0,25.9,3.8,0.36,Nirmal,TS
2018-07-03,0.2,31.2,25.5,3.93,0.359,Nirmal,TS
2018-07-04,2.8,32.4,25.8,5.19,0.392,Nirmal,TS
2018-07-05,1.8,30.4,25.4,4.37,0.393,Nirmal,TS
2018-07-06,42.6,25.7,24.2,1.24,0.477,Nirmal,TS
2018-07-07,22.5,26.3,23.9,1.78,0.508,Nirmal,TS
2018-07-08,4.9,28.1,23.7,2.94,0.502,Nirmal,TS
2018-07-09,49.2,26.9,23.8,1.98,0.512,Nirmal,TS
2018-07-10,30.5,27.1,23.6,2.55,0.508,Nirmal,TS
2018-07-11,44.3,27.5,23.7,2.28,0.508,Nirmal,TS
2018-07-12,33.8,26.4,23.6,1.88,0.51,Nirmal,TS
2018-07-13,29.2,26.5,23.5,2.3,0.511,Nirmal,TS
2018-07-14,14.7,28.0,23.5,2.71,0.508,Nirmal,TS
2018-07-15,8.3,30.0,24.0,3.68,0.508,Nirmal,TS
2018-07-16,28.9,25.6,23.9,1.51,0.511,Nirmal,TS
2018-07-17,12.1,27.9,23.8,2.02,0.503,Nirmal,TS
2018-07-18,0.5,30.7,24.2,4.66,0.482,Nirmal,TS
2018-07-19,6.7,30.3,24.8,4.9,0.473,Nirmal,TS
2018-07-20,5.9,28.5,24.0,3.59,0.496,Nirmal,TS
2018-07-21,12.0,26.6,23.6,1.7,0.504,Nirmal,TS
2018-07-22,6.1,28.6,24.2,3.21,0.494,Nirmal,TS
2018-07-23,4.0,29.0,23.1,3.51,0.494,Nirmal,TS
2018-07-24,0.7,30.1,24.2,4.07,0.473,Nirmal,TS
2018-07-25,0.6,30.6,24.5,4.84,0.456,Nirmal,TS
2018-07-26,3.2,28.2,24.7,3.72,0.445,Nirmal,TS
2018-07-27,3.4,29.4,24.0,3.99,0.457,Nirmal,TS
2018-07-28,1.1,30.2,24.2,4.44,0.441,Nirmal,TS
2018-07-29,0.0,30.2,25.0,4.7,0.411,Nirmal,TS
2018-07-30,0.1,29.9,24.4,4.59,0.388,Nirmal,TS
2018-07-31,1.0,29.8,24.9,4.74,0.371,Nirmal,TS
2018-08-01,2.1,29.0,24.8,4.02,0.359,Nirmal,TS
2018-08-02,1.5,29.9,23.8,4.25,0.36,Nirmal,TS
2018-08-03,1.8,30.4,24.8,4.88,0.347,Nirmal,TS
2018-08-04,1.1,30.6,25.0,4.97,0.329,Nirmal,TS
2018-08-05,1.0,30.0,24.5,5.0,0.317,Nirmal,TS
2018-08-06,0.7,30.1,24.7,5.1,0.305,Nirmal,TS
2018-08-07,1.0,28.1,25.0,3.87,0.3,Nirmal,TS
2018-08-08,14.0,25.7,23.5,1.78,0.375,Nirmal,TS
2018-08-09,1.2,30.1,23.6,4.12,0.392,Nirmal,TS
2018-08-10,3.0,30.1,24.6,4.38,0.381,Nirmal,TS
2018-08-11,36.0,28.2,23.8,2.84,0.441,Nirmal,TS
2018-08-12,10.0,27.7,23.5,2.27,0.509,Nirmal,TS
2018-08-13,4.2,28.3,23.3,3.29,0.498,Nirmal,TS
2018-08-14,4.1,29.1,23.6,3.17,0.498,Nirmal,TS
2018-08-15,12.9,27.9,24.3,2.38,0.491,Nirmal,TS
2018-08-16,165.0,24.7,23.5,1.06,0.513,Nirmal,TS
2018-08-17,17.5,26.1,23.1,2.24,0.508,Nirmal,TS
2018-08-18,6.2,29.0,24.0,3.95,0.488,Nirmal,TS
2018-08-19,8.1,27.7,24.0,2.54,0.503,Nirmal,TS
2018-08-20,46.6,25.6,23.4,1.67,0.513,Nirmal,TS
2018-08-21,10.5,28.1,22.9,3.41,0.5,Nirmal,TS
2018-08-22,1.2,29.8,23.5,4.32,0.474,Nirmal,TS
2018-08-23,0.9,30.0,23.8,4.5,0.458,Nirmal,TS
2018-08-24,0.9,29.4,24.1,4.21,0.45,Nirmal,TS
2018-08-25,1.4,29.4,24.2,4.35,0.435,Nirmal,TS
2018-08-26,13.4,28.2,23.6,2.79,0.449,Nirmal,TS
2018-08-27,12.8,26.8,23.3,2.11,0.503,Nirmal,TS
2018-08-28,5.9,28.1,23.3,3.27,0.482,Nirmal,TS
2018-08-29,0.7,29.6,23.2,4.56,0.456,Nirmal,TS
2018-08-30,0.4,30.6,23.4,4.89,0.436,Nirmal,TS
2018-08-31,0.2,29.0,24.3,4.27,0.418,Nirmal,TS
2018-09-01,0.3,29.3,24.0,3.78,0.406,Nirmal,TS
2018-09-02,1.8,29.2,23.9,3.82,0.394,Nirmal,TS
2018-09-03,0.1,29.5,23.4,4.48,0.384,Nirmal,TS
2018-09-04,0.0,29.5,23.6,4.75,0.364,Nirmal,TS
2018-09-05,1.0,28.7,23.6,4.64,0.35,Nirmal,TS
2018-09-06,2.5,28.2,23.6,3.74,0.345,Nirmal,TS
2018-09-07,0.0,27.4,23.0,2.65,0.343,Nirmal,TS
2018-09-08,0.0,29.5,21.7,4.6,0.332,Nirmal,TS
2018-09-09,0.4,28.9,21.4,4.12,0.313,Nirmal,TS
2018-09-10,0.4,30.0,22.5,4.26,0.288,Nirmal,TS
2018-09-11,0.3,30.7,22.4,4.28,0.272,Nirmal,TS
2018-09-12,1.6,30.3,24.2,4.21,0.267,Nirmal,TS
2018-09-13,0.0,30.8,23.3,4.67,0.261,Nirmal,TS
2018-09-14,0.3,30.8,22.8,4.68,0.245,Nirmal,TS
2018-09-15,0.3,31.2,22.8,4.56,0.231,Nirmal,TS
2018-09-16,0.2,31.6,24.2,4.92,0.219,Nirmal,TS
2018-09-17,2.2,31.7,24.4,4.46,0.216,Nirmal,TS
2018-09-18,0.0,32.7,24.0,5.06,0.215,Nirmal,TS
2018-09-19,0.0,31.2,24.2,3.58,0.211,Nirmal,TS
2018-09-20,0.0,32.1,24.3,4.64,0.228,Nirmal,TS
2018-09-21,32.9,26.8,23.6,1.62,0.388,Nirmal,TS
2018-09-22,0.6,29.8,23.7,3.92,0.462,Nirmal,TS
2018-09-23,0.5,30.3,23.4,4.31,0.426,Nirmal,TS
2018-09-24,0.2,30.6,22.8,4.29,0.398,Nirmal,TS
2018-09-25,2.3,31.3,23.8,4.14,0.386,Nirmal,TS
2018-09-26,10.1,29.9,24.2,3.32,0.438,Nirmal,TS
2018-09-27,8.1,30.7,23.6,4.21,0.463,Nirmal,TS
2018-09-28,0.4,31.3,23.3,4.21,0.439,Nirmal,TS
2018-09-29,2.2,30.4,24.1,3.9,0.423,Nirmal,TS
2018-09-30,0.0,32.5,24.3,4.62,0.409,Nirmal,TS
2018-10-01,0.5,32.0,23.6,4.72,0.376,Nirmal,TS
2018-10-02,0.3,31.9,23.8,4.33,0.351,Nirmal,TS
2018-10-03,0.1,31.9,23.6,4.47,0.331,Nirmal,TS
2018-10-04,0.4,31.4,23.6,4.33,0.31,Nirmal,TS
2018-10-05,0.1,31.5,23.0,4.43,0.292,Nirmal,TS
2018-10-06,0.0,31.9,22.7,4.72,0.276,Nirmal,TS
2018-10-07,0.0,32.2,22.9,4.76,0.262,Nirmal,TS
2018-10-08,0.0,32.5,21.8,4.82,0.249,Nirmal,TS
2018-10-09,0.0,33.2,21.4,5.04,0.237,Nirmal,TS
2018-10-10,0.0,33.4,22.5,5.55,0.226,Nirmal,TS
2018-10-11,0.0,33.0,23.4,6.17,0.222,Nirmal,TS
2018-10-12,0.0,32.5,22.2,5.52,0.218,Nirmal,TS
2018-10-13,0.2,32.2,21.9,4.75,0.212,Nirmal,TS
2018-10-14,0.0,32.5,22.0,4.82,0.203,Nirmal,TS
2018-10-15,0.0,32.8,21.8,5.19,0.2,Nirmal,TS
2018-10-16,0.1,31.2,22.0,4.4,0.199,Nirmal,TS
2018-10-17,0.1,32.1,23.4,4.15,0.199,Nirmal,TS
2018-10-18,0.0,32.0,23.5,4.35,0.198,Nirmal,TS
2018-10-19,0.0,32.4,22.7,4.75,0.196,Nirmal,TS
2018-10-20,0.0,32.9,22.7,4.83,0.199,Nirmal,TS
2018-10-21,0.0,33.4,23.0,4.73,0.201,Nirmal,TS
2018-10-22,0.0,33.4,23.1,4.41,0.203,Nirmal,TS
2018-10-23,0.1,32.4,24.2,4.21,0.207,Nirmal,TS
2018-10-24,0.0,31.9,22.8,4.24,0.209,Nirmal,TS
2018-10-25,0.0,32.1,21.5,5.1,0.204,Nirmal,TS
2018-10-26,0.0,32.4,19.7,5.25,0.197,Nirmal,TS
2018-10-27,0.0,32.5,20.5,4.86,0.203,Nirmal,TS
2018-10-28,0.0,32.3,20.0,5.36,0.202,Nirmal,TS
2018-10-29,0.0,30.7,19.6,5.85,0.202,Nirmal,TS
2018-10-30,0.0,30.5,18.7,5.51,0.199,Nirmal,TS
2018-10-31,0.0,31.2,20.4,5.19,0.196,Nirmal,TS
2018-11-01,0.0,31.5,21.9,4.72,0.194,Nirmal,TS
2018-11-02,0.0,32.0,21.5,4.36,0.193,Nirmal,TS
2018-11-03,0.6,31.0,23.8,3.95,0.198,Nirmal,TS
2018-11-04,0.9,31.4,23.3,3.7,0.204,Nirmal,TS
2018-11-05,0.0,31.5,23.4,3.67,0.201,Nirmal,TS
2018-11-06,0.7,30.9,23.3,3.41,0.195,Nirmal,TS
2018-11-07,0.2,33.0,23.2,3.96,0.193,Nirmal,TS
2018-11-08,0.0,32.1,22.3,4.08,0.195,Nirmal,TS
2018-11-09,0.0,32.5,21.6,4.25,0.2,Nirmal,TS
2018-11-10,0.0,32.5,20.9,4.7,0.201,Nirmal,TS
2018-11-11,0.0,32.0,19.6,4.86,0.2,Nirmal,TS
2018-11-12,0.0,31.4,18.3,5.31,0.203,Nirmal,TS
2018-11-13,0.0,31.0,16.8,4.65,0.204,Nirmal,TS
2018-11-14,0.0,31.3,19.7,4.35,0.202,Nirmal,TS
2018-11-15,0.0,31.7,18.7,4.99,0.201,Nirmal,TS
2018-11-16,0.0,32.2,19.6,5.04,0.199,Nirmal,TS
2018-11-17,0.0,31.9,20.5,4.49,0.198,Nirmal,TS
2018-11-18,0.0,32.6,21.8,4.33,0.193,Nirmal,TS
2018-11-19,0.6,31.8,22.6,3.95,0.19,Nirmal,TS
2018-11-20,0.1,31.9,23.1,3.86,0.19,Nirmal,TS
2018-11-21,0.0,32.3,21.8,4.73,0.191,Nirmal,TS
2018-11-22,0.0,30.9,20.9,4.59,0.191,Nirmal,TS
2018-11-23,0.0,31.1,20.3,4.7,0.189,Nirmal,TS
2018-11-24,0.0,30.8,19.2,4.25,0.189,Nirmal,TS
2018-11-25,0.0,29.9,18.6,4.12,0.189,Nirmal,TS
2018-11-26,0.0,29.8,18.2,4.15,0.191,Nirmal,TS
2018-11-27,0.0,29.3,18.0,4.26,0.193,Nirmal,TS
2018-11-28,0.0,28.9,16.2,4.18,0.194,Nirmal,TS
2018-11-29,0.0,29.1,17.5,4.04,0.196,Nirmal,TS
2018-11-30,0.0,29.0,17.4,4.06,0.199,Nirmal,TS
2018-12-01,0.0,28.7,16.6,3.81,0.203,Nirmal,TS
2018-12-02,0.0,27.9,16.8,3.73,0.204,Nirmal,TS
2018-12-03,0.0,28.1,16.8,3.93,0.203,Nirmal,TS
2018-12-04,0.0,28.4,17.0,3.86,0.205,Nirmal,TS
2018-12-05,0.0,28.7,19.3,3.47,0.202,Nirmal,TS
2018-12-06,0.0,30.1,20.0,3.5,0.197,Nirmal,TS
2018-12-07,0.0,30.7,20.3,3.53,0.192,Nirmal,TS
2018-12-08,0.5,28.9,20.9,3.06,0.195,Nirmal,TS
2018-12-09,0.4,28.6,20.7,3.0,0.198,Nirmal,TS
2018-12-10,1.2,28.4,21.1,3.11,0.21,Nirmal,TS
2018-12-11,0.2,29.2,19.8,3.48,0.211,Nirmal,TS
2018-12-12,0.5,27.7,19.7,2.78,0.212,Nirmal,TS
2018-12-13,1.5,26.9,19.5,2.84,0.218,Nirmal,TS
2018-12-14,0.1,27.2,18.3,3.36,0.235,Nirmal,TS
2018-12-15,0.0,28.0,18.6,4.51,0.231,Nirmal,TS
2018-12-16,0.0,25.8,16.8,4.75,0.224,Nirmal,TS
2018-12-17,4.3,19.6,16.5,1.79,0.238,Nirmal,TS
2018-12-18,0.5,24.7,15.7,3.09,0.253,Nirmal,TS
2018-12-19,0.0,25.0,13.6,3.47,0.247,Nirmal,TS
2018-12-20,0.0,25.5,15.2,3.22,0.237,Nirmal,TS
2018-12-21,0.0,26.2,15.7,3.75,0.228,Nirmal,TS
2018-12-22,0.0,27.4,14.7,3.84,0.215,Nirmal,TS
2018-12-23,0.0,27.9,15.0,3.82,0.203,Nirmal,TS
2018-12-24,0.0,28.5,16.1,3.82,0.197,Nirmal,TS
2018-12-25,0.0,28.9,16.6,4.06,0.195,Nirmal,TS
2018-12-26,0.0,30.3,18.7,3.94,0.191,Nirmal,TS
2018-12-27,0.0,27.3,18.2,4.79,0.19,Nirmal,TS
2018-12-28,0.0,25.1,15.2,4.68,0.191,Nirmal,TS
2018-12-29,0.0,24.6,13.8,4.3,0.194,Nirmal,TS
2018-12-30,0.0,25.0,13.3,3.97,0.192,Nirmal,TS
2018-12-31,0.0,25.6,11.9,3.8,0.191,Nirmal,TS
2019-01-01,0.0,27.4,12.8,3.88,0.193,Nirmal,TS
2019-01-02,0.0,28.3,14.9,3.98,0.194,Nirmal,TS
2019-01-03,0.0,28.9,15.0,4.07,0.197,Nirmal,TS
2019-01-04,0.0,28.7,15.8,4.02,0.201,Nirmal,TS
2019-01-05,0.0,28.6,16.5,3.71,0.203,Nirmal,TS
2019-01-06,0.0,28.9,15.2,3.86,0.203,Nirmal,TS
2019-01-07,0.0,27.8,15.6,3.69,0.206,Nirmal,TS
2019-01-08,0.0,26.5,15.0,4.1,0.207,Nirmal,TS
2019-01-09,0.0,26.9,12.9,3.76,0.21,Nirmal,TS
2019-01-10,0.0,27.5,13.4,3.93,0.207,Nirmal,TS
2019-01-11,0.0,28.1,14.2,3.91,0.204,Nirmal,TS
2019-01-12,0.0,29.1,15.8,3.9,0.203,Nirmal,TS
2019-01-13,0.0,28.9,17.4,3.92,0.205,Nirmal,TS
2019-01-14,0.0,28.4,16.9,3.56,0.206,Nirmal,TS
2019-01-15,0.0,27.7,17.9,4.09,0.206,Nirmal,TS
2019-01-16,0.0,27.7,15.4,3.95,0.204,Nirmal,TS
2019-01-17,0.0,28.5,16.7,4.02,0.202,Nirmal,TS
2019-01-18,0.0,28.7,16.3,4.06,0.202,Nirmal,TS
2019-01-19,0.0,28.3,16.0,4.06,0.199,Nirmal,TS
2019-01-20,0.0,29.2,15.9,4.24,0.197,Nirmal,TS
2019-01-21,0.0,29.9,17.4,4.59,0.197,Nirmal,TS
2019-01-22,0.0,29.1,16.1,4.17,0.199,Nirmal,TS
2019-01-23,0.0,28.4,16.4,4.09,0.202,Nirmal,TS
2019-01-24,0.0,28.9,18.7,3.82,0.2,Nirmal,TS
2019-01-25,1.2,27.3,19.5,3.26,0.202,Nirmal,TS
2019-01-26,5.8,23.9,18.2,2.12,0.242,Nirmal,TS
2019-01-27,0.0,24.2,17.0,2.85,0.258,Nirmal,TS
2019-01-28,0.0,25.0,15.4,4.25,0.251,Nirmal,TS
2019-01-29,0.0,24.4,13.7,4.64,0.239,Nirmal,TS
2019-01-30,0.0,25.5,10.7,4.28,0.227,Nirmal,TS
2019-01-31,0.0,27.2,11.8,4.38,0.214,Nirmal,TS
2019-02-01,0.0,28.6,14.4,4.14,0.207,Nirmal,TS
2019-02-02,0.0,29.5,16.3,4.26,0.207,Nirmal,TS
2019-02-03,0.0,30.0,16.3,4.76,0.206,Nirmal,TS
2019-02-04,0.0,30.1,17.4,4.63,0.201,Nirmal,TS
2019-02-05,0.0,30.6,17.8,4.53,0.197,Nirmal,TS
2019-02-06,0.0,31.6,18.5,4.98,0.197,Nirmal,TS
2019-02-07,0.1,30.6,20.9,4.71,0.201,Nirmal,TS
2019-02-08,0.0,28.1,20.0,4.9,0.198,Nirmal,TS
2019-02-09,0.0,27.4,16.3,5.65,0.194,Nirmal,TS
2019-02-10,0.0,28.4,14.3,5.08,0.195,Nirmal,TS
2019-02-11,0.0,30.3,16.9,4.84,0.192,Nirmal,TS
2019-02-12,0.0,31.2,19.3,4.67,0.19,Nirmal,TS
2019-02-13,0.0,32.2,19.2,5.01,0.191,Nirmal,TS
2019-02-14,0.0,32.1,18.2,5.07,0.194,Nirmal,TS
2019-02-15,0.3,31.9,20.6,4.67,0.199,Nirmal,TS
2019-02-16,0.0,31.5,20.2,4.92,0.201,Nirmal,TS
2019-02-17,0.0,30.3,18.9,4.94,0.199,Nirmal,TS
2019-02-18,0.0,30.9,18.7,4.97,0.196,Nirmal,TS
2019-02-19,0.0,33.3,19.0,5.05,0.196,Nirmal,TS
2019-02-20,0.0,33.8,22.5,5.39,0.194,Nirmal,TS
2019-02-21,0.0,33.4,22.1,4.73,0.193,Nirmal,TS
2019-02-22,0.0,34.1,23.3,4.9,0.196,Nirmal,TS
2019-02-23,0.0,34.4,22.7,5.21,0.201,Nirmal,TS
2019-02-24,0.0,34.3,23.2,5.46,0.202,Nirmal,TS
2019-02-25,0.0,33.7,21.9,5.84,0.203,Nirmal,TS
2019-02-26,0.0,32.6,20.4,6.1,0.202,Nirmal,TS
2019-02-27,0.0,31.2,20.0,5.48,0.201,Nirmal,TS
2019-02-28,0.0,30.9,20.2,5.95,0.193,Nirmal,TS
2019-03-01,0.0,31.7,20.2,5.83,0.19,Nirmal,TS
2019-03-02,0.0,31.7,22.7,5.31,0.19,Nirmal,TS
2019-03-03,0.0,34.4,22.6,5.65,0.19,Nirmal,TS
2019-03-04,0.0,33.8,22.1,5.93,0.191,Nirmal,TS
2019-03-05,0.0,32.4,23.3,6.38,0.193,Nirmal,TS
2019-03-06,0.0,31.9,20.2,5.87,0.195,Nirmal,TS
2019-03-07,0.0,32.0,20.0,6.11,0.197,Nirmal,TS
2019-03-08,0.0,33.5,18.9,6.11,0.197,Nirmal,TS
2019-03-09,0.0,34.3,20.8,6.29,0.199,Nirmal,TS
2019-03-10,0.0,34.5,21.2,6.24,0.198,Nirmal,TS
2019-03-11,0.0,36.0,22.0,6.12,0.196,Nirmal,TS
2019-03-12,0.0,34.3,23.8,5.82,0.193,Nirmal,TS
2019-03-13,0.0,35.2,25.5,6.05,0.193,Nirmal,TS
2019-03-14,0.0,35.2,23.6,6.29,0.192,Nirmal,TS
2019-03-15,0.0,34.9,24.5,5.95,0.192,Nirmal,TS
2019-03-16,0.0,35.3,23.3,6.38,0.191,Nirmal,TS
2019-03-17,0.0,35.9,24.2,7.11,0.194,Nirmal,TS
2019-03-18,0.0,35.4,23.5,6.68,0.194,Nirmal,TS
2019-03-19,0.0,34.9,22.6,6.06,0.192,Nirmal,TS
2019-03-20,0.0,35.4,24.5,6.13,0.192,Nirmal,TS
2019-03-21,0.0,34.7,24.3,6.0,0.189,Nirmal,TS
2019-03-22,0.0,35.0,24.3,5.77,0.191,Nirmal,TS
2019-03-23,0.0,35.5,24.1,5.61,0.192,Nirmal,TS
2019-03-24,0.0,35.8,24.7,6.21,0.191,Nirmal,TS
2019-03-25,0.0,36.6,25.1,6.37,0.191,Nirmal,TS
2019-03-26,0.0,37.5,25.4,6.56,0.198,Nirmal,TS
2019-03-27,0.0,37.3,24.5,6.6,0.198,Nirmal,TS
2019-03-28,0.0,36.9,24.4,6.14,0.195,Nirmal,TS
2019-03-29,0.0,37.1,25.2,6.38,0.196,Nirmal,TS
2019-03-30,0.0,38.0,24.4,6.52,0.194,Nirmal,TS
2019-03-31,0.0,38.2,25.2,6.93,0.195,Nirmal,TS
2019-04-01,0.0,38.6,24.9,7.12,0.194,Nirmal,TS
2019-04-02,0.0,38.6,24.8,6.82,0.196,Nirmal,TS
2019-04-03,0.0,37.2,25.2,6.46,0.188,Nirmal,TS
2019-04-04,0.2,34.8,26.0,5.04,0.194,Nirmal,TS
2019-04-05,0.2,36.5,24.2,5.92,0.203,Nirmal,TS
2019-04-06,0.0,37.9,24.8,6.85,0.2,Nirmal,TS
2019-04-07,0.0,37.2,25.7,6.84,0.202,Nirmal,TS
2019-04-08,0.0,37.4,25.2,6.76,0.198,Nirmal,TS
2019-04-09,0.0,37.9,26.2,6.58,0.195,Nirmal,TS
2019-04-10,0.0,38.1,25.6,6.79,0.194,Nirmal,TS
2019-04-11,0.0,37.8,25.5,6.5,0.191,Nirmal,TS
2019-04-12,0.0,38.8,25.7,7.05,0.19,Nirmal,TS
2019-04-13,0.0,37.4,25.2,6.9,0.19,Nirmal,TS
2019-04-14,0.0,38.6,24.7,7.15,0.188,Nirmal,TS
2019-04-15,0.0,37.0,26.7,5.97,0.189,Nirmal,TS
2019-04-16,0.0,35.4,25.7,6.41,0.196,Nirmal,TS
2019-04-17,0.0,34.7,25.7,5.86,0.199,Nirmal,TS
2019-04-18,0.0,35.4,26.0,6.41,0.203,Nirmal,TS
2019-04-19,0.0,36.7,25.1,6.78,0.194,Nirmal,TS
2019-04-20,0.0,36.6,26.6,6.26,0.19,Nirmal,TS
2019-04-21,0.0,37.8,25.8,6.87,0.19,Nirmal,TS
2019-04-22,0.0,36.4,26.1,6.74,0.19,Nirmal,TS
2019-04-23,0.0,36.5,26.4,6.08,0.193,Nirmal,TS
2019-04-24,0.0,37.9,25.7,6.35,0.194,Nirmal,TS
2019-04-25,0.0,39.1,26.7,7.25,0.195,Nirmal,TS
2019-04-26,0.0,39.5,27.4,7.15,0.193,Nirmal,TS
2019-04-27,0.0,39.7,27.6,6.95,0.189,Nirmal,TS
2019-04-28,0.0,40.3,28.6,6.87,0.188,Nirmal,TS
2019-04-29,0.0,40.4,28.7,7.14,0.189,Nirmal,TS
2019-04-30,0.0,40.5,29.2,6.93,0.189,Nirmal,TS
2019-05-01,0.0,41.4,28.7,7.87,0.19,Nirmal,TS
2019-05-02,0.0,41.3,28.0,8.88,0.189,Nirmal,TS
2019-05-03,0.0,39.5,28.4,8.64,0.189,Nirmal,TS
2019-05-04,0.0,39.5,28.5,8.86,0.189,Nirmal,TS
2019-05-05,0.0,39.0,27.6,7.63,0.19,Nirmal,TS
2019-05-06,0.0,39.6,26.9,7.56,0.189,Nirmal,TS
2019-05-07,0.0,40.7,27.0,7.19,0.189,Nirmal,TS
2019-05-08,0.0,41.0,31.0,7.7,0.189,Nirmal,TS
2019-05-09,0.0,40.1,29.7,8.43,0.191,Nirmal,TS
2019-05-10,0.0,39.5,30.4,7.75,0.19,Nirmal,TS
2019-05-11,0.0,39.6,29.9,7.22,0.19,Nirmal,TS
2019-05-12,0.0,40.0,28.2,6.96,0.189,Nirmal,TS
2019-05-13,0.0,39.8,27.8,6.51,0.189,Nirmal,TS
2019-05-14,0.0,40.1,28.0,6.96,0.189,Nirmal,TS
2019-05-15,0.0,40.4,27.4,7.61,0.189,Nirmal,TS
2019-05-16,0.0,39.8,27.6,7.24,0.186,Nirmal,TS
2019-05-17,0.0,39.4,27.4,7.12,0.186,Nirmal,TS
2019-05-18,0.0,40.4,28.6,7.87,0.187,Nirmal,TS
2019-05-19,0.0,41.1,30.1,7.86,0.188,Nirmal,TS
2019-05-20,0.0,40.8,28.6,6.67,0.188,Nirmal,TS
2019-05-21,0.0,40.0,29.8,7.17,0.19,Nirmal,TS
2019-05-22,0.0,40.9,29.7,7.47,0.188,Nirmal,TS
2019-05-23,0.0,41.2,30.4,7.44,0.185,Nirmal,TS
2019-05-24,0.0,41.3,31.2,7.15,0.184,Nirmal,TS
2019-05-25,0.0,41.4,30.2,7.62,0.184,Nirmal,TS
2019-05-26,0.0,41.8,28.6,7.03,0.183,Nirmal,TS
2019-05-27,0.0,42.5,30.6,7.81,0.183,Nirmal,TS
2019-05-28,0.0,43.1,30.4,8.0,0.183,Nirmal,TS
2019-05-29,0.0,42.4,29.5,7.85,0.184,Nirmal,TS
2019-05-30,0.0,41.2,30.5,7.51,0.189,Nirmal,TS
2019-05-31,0.0,40.3,30.2,7.07,0.201,Nirmal,TS
2019-06-01,0.0,39.8,27.0,5.97,0.202,Nirmal,TS
2019-06-02,0.0,40.6,30.8,6.33,0.206,Nirmal,TS
2019-06-03,0.0,41.6,31.5,7.55,0.198,Nirmal,TS
2019-06-04,0.0,39.8,28.8,7.14,0.197,Nirmal,TS
2019-06-05,0.0,41.3,30.6,7.19,0.201,Nirmal,TS
2019-06-06,0.0,42.0,31.6,7.56,0.201,Nirmal,TS
2019-06-07,0.0,41.8,30.3,7.4,0.204,Nirmal,TS
2019-06-08,0.0,38.4,27.6,5.83,0.208,Nirmal,TS
2019-06-09,0.9,38.8,29.7,5.99,0.219,Nirmal,TS
2019-06-10,0.0,38.6,29.2,7.26,0.208,Nirmal,TS
2019-06-11,0.0,38.7,30.0,7.62,0.196,Nirmal,TS
2019-06-12,0.0,37.4,30.1,8.62,0.185,Nirmal,TS
2019-06-13,0.0,37.9,28.3,8.51,0.176,Nirmal,TS
2019-06-14,0.0,36.8,28.8,7.95,0.172,Nirmal,TS
2019-06-15,0.0,38.0,29.9,8.97,0.172,Nirmal,TS
2019-06-16,0.0,38.3,30.5,8.93,0.172,Nirmal,TS
2019-06-17,0.0,37.5,30.4,8.06,0.175,Nirmal,TS
2019-06-18,0.0,37.6,29.7,8.36,0.177,Nirmal,TS
2019-06-19,0.0,37.4,29.9,8.32,0.177,Nirmal,TS
2019-06-20,0.6,36.4,29.2,6.13,0.178,Nirmal,TS
2019-06-21,0.4,35.1,26.6,4.76,0.182,Nirmal,TS
2019-06-22,6.7,32.9,26.5,4.25,0.198,Nirmal,TS
2019-06-23,6.4,32.5,25.8,4.27,0.226,Nirmal,TS
2019-06-24,4.4,33.6,25.1,5.06,0.28,Nirmal,TS
2019-06-25,1.3,33.3,26.2,5.26,0.28,Nirmal,TS
2019-06-26,2.3,35.6,26.4,5.92,0.268,Nirmal,TS
2019-06-27,1.3,34.5,26.3,5.73,0.259,Nirmal,TS
2019-06-28,3.0,33.0,25.5,4.48,0.263,Nirmal,TS
2019-06-29,14.5,29.2,24.3,2.96,0.37,Nirmal,TS
2019-06-30,26.6,26.2,23.9,1.6,0.47,Nirmal,TS
2019-07-01,6.5,27.3,24.4,1.98,0.46,Nirmal,TS
2019-07-02,12.0,28.9,24.4,2.33,0.462,Nirmal,TS
2019-07-03,5.3,30.3,23.5,3.99,0.463,Nirmal,TS
2019-07-04,1.8,31.7,25.3,5.52,0.408,Nirmal,TS
2019-07-05,7.7,31.6,25.1,3.6,0.406,Nirmal,TS
2019-07-06,7.5,29.7,24.8,3.42,0.431,Nirmal,TS
2019-07-07,2.8,31.3,25.0,4.58,0.412,Nirmal,TS
2019-07-08,2.0,32.2,24.7,4.94,0.409,Nirmal,TS
2019-07-09,5.7,31.1,24.7,3.23,0.442,Nirmal,TS
2019-07-10,0.3,31.1,24.7,5.0,0.436,Nirmal,TS
2019-07-11,5.6,30.0,25.4,3.96,0.437,Nirmal,TS
2019-07-12,0.5,30.4,24.8,3.55,0.434,Nirmal,TS
2019-07-13,0.0,32.3,25.0,5.07,0.396,Nirmal,TS
2019-07-14,0.1,32.7,26.1,5.82,0.354,Nirmal,TS
2019-07-15,0.7,32.8,26.0,6.0,0.319,Nirmal,TS
2019-07-16,0.0,34.3,26.2,6.57,0.287,Nirmal,TS
2019-07-17,0.0,35.4,27.1,6.68,0.259,Nirmal,TS
2019-07-18,1.2,34.4,26.8,5.52,0.242,Nirmal,TS
2019-07-19,8.7,32.0,25.1,3.46,0.266,Nirmal,TS
2019-07-20,28.8,30.7,24.9,3.66,0.405,Nirmal,TS
2019-07-21,7.0,32.2,24.3,4.64,0.438,Nirmal,TS
2019-07-22,1.3,32.7,25.6,5.18,0.383,Nirmal,TS
2019-07-23,0.4,33.1,25.9,5.24,0.348,Nirmal,TS
2019-07-24,0.0,34.2,26.6,5.9,0.311,Nirmal,TS
2019-07-25,6.8,33.1,25.7,5.09,0.31,Nirmal,TS
2019-07-26,18.4,26.1,24.4,1.45,0.47,Nirmal,TS
2019-07-27,23.8,26.6,24.0,2.06,0.482,Nirmal,TS
2019-07-28,38.2,26.5,23.4,1.67,0.512,Nirmal,TS
2019-07-29,76.4,25.0,23.5,1.41,0.516,Nirmal,TS
2019-07-30,43.2,24.9,23.3,1.34,0.512,Nirmal,TS
2019-07-31,1.4,28.6,23.4,3.85,0.492,Nirmal,TS
2019-08-01,8.9,27.7,23.6,2.58,0.5,Nirmal,TS
2019-08-02,46.3,26.7,23.7,2.15,0.509,Nirmal,TS
2019-08-03,114.9,24.7,23.3,1.13,0.512,Nirmal,TS
2019-08-04,3.7,29.0,23.5,3.42,0.494,Nirmal,TS
2019-08-05,12.6,29.5,23.7,4.02,0.492,Nirmal,TS
2019-08-06,44.1,28.5,24.1,2.8,0.505,Nirmal,TS
2019-08-07,15.6,26.1,23.8,1.64,0.513,Nirmal,TS
2019-08-08,22.0,25.4,23.4,1.49,0.512,Nirmal,TS
2019-08-09,6.2,29.4,23.6,3.44,0.501,Nirmal,TS
2019-08-10,0.7,30.8,24.8,4.47,0.473,Nirmal,TS
2019-08-11,0.2,30.2,24.5,4.85,0.446,Nirmal,TS
2019-08-12,1.8,29.4,24.9,3.91,0.426,Nirmal,TS
2019-08-13,8.3,27.3,24.9,1.77,0.439,Nirmal,TS
2019-08-14,13.0,29.4,24.6,3.15,0.495,Nirmal,TS
2019-08-15,1.2,30.7,23.6,4.71,0.47,Nirmal,TS
2019-08-16,0.5,31.1,25.0,5.13,0.443,Nirmal,TS
2019-08-17,0.0,30.8,25.0,4.66,0.421,Nirmal,TS
2019-08-18,0.2,30.0,25.1,3.96,0.399,Nirmal,TS
2019-08-19,2.6,29.3,24.7,4.07,0.391,Nirmal,TS
2019-08-20,4.5,28.4,25.0,2.76,0.389,Nirmal,TS
2019-08-21,3.5,28.5,24.9,2.86,0.407,Nirmal,TS
2019-08-22,6.0,29.3,24.6,3.13,0.414,Nirmal,TS
2019-08-23,6.5,27.6,24.3,2.08,0.461,Nirmal,TS
2019-08-24,0.6,30.5,24.4,4.33,0.44,Nirmal,TS
2019-08-25,5.1,26.7,23.7,2.32,0.421,Nirmal,TS
2019-08-26,3.4,29.5,22.9,3.81,0.458,Nirmal,TS
2019-08-27,3.0,30.4,23.7,4.66,0.446,Nirmal,TS
2019-08-28,0.1,30.8,23.4,4.92,0.408,Nirmal,TS
2019-08-29,0.4,30.8,24.7,4.67,0.382,Nirmal,TS
2019-08-30,8.9,29.7,24.8,3.47,0.389,Nirmal,TS
2019-08-31,12.4,28.7,23.9,3.06,0.452,Nirmal,TS
2019-09-01,6.1,28.6,24.0,3.3,0.491,Nirmal,TS
2019-09-02,4.3,28.1,23.6,2.89,0.497,Nirmal,TS
2019-09-03,15.8,26.1,23.9,1.66,0.509,Nirmal,TS
2019-09-04,8.1,28.1,24.1,2.92,0.502,Nirmal,TS
2019-09-05,1.4,29.8,24.0,3.99,0.478,Nirmal,TS
2019-09-06,4.3,28.0,24.4,2.67,0.479,Nirmal,TS
2019-09-07,12.7,29.5,24.0,3.28,0.506,Nirmal,TS
2019-09-08,1.9,29.3,24.3,3.53,0.493,Nirmal,TS
2019-09-09,9.1,29.7,24.2,3.26,0.494,Nirmal,TS
2019-09-10,0.4,30.3,24.5,4.62,0.476,Nirmal,TS
2019-09-11,1.0,29.3,24.9,3.87,0.454,Nirmal,TS
2019-09-12,3.6,27.1,24.4,2.71,0.469,Nirmal,TS
2019-09-13,1.3,29.2,23.7,3.78,0.486,Nirmal,TS
2019-09-14,3.6,29.4,23.6,4.06,0.48,Nirmal,TS
2019-09-15,0.8,30.0,24.1,3.38,0.481,Nirmal,TS
2019-09-16,4.1,30.1,23.9,3.85,0.476,Nirmal,TS
2019-09-17,6.3,28.9,24.1,2.97,0.479,Nirmal,TS
2019-09-18,7.3,29.1,23.6,2.7,0.489,Nirmal,TS
2019-09-19,18.0,28.9,23.5,3.17,0.5,Nirmal,TS
2019-09-20,15.7,28.5,22.8,3.01,0.501,Nirmal,TS
2019-09-21,2.3,29.3,22.9,3.72,0.485,Nirmal,TS
2019-09-22,1.0,30.4,23.9,3.79,0.464,Nirmal,TS
2019-09-23,10.3,29.9,23.5,3.56,0.456,Nirmal,TS
2019-09-24,31.3,28.2,23.9,2.29,0.493,Nirmal,TS
2019-09-25,16.0,27.3,23.4,2.17,0.509,Nirmal,TS
2019-09-26,4.4,28.8,23.8,3.53,0.497,Nirmal,TS
2019-09-27,0.1,30.0,24.0,3.88,0.478,Nirmal,TS
2019-09-28,0.9,29.4,23.7,3.77,0.452,Nirmal,TS
2019-09-29,2.0,29.9,23.4,3.62,0.438,Nirmal,TS
2019-09-30,2.4,28.3,23.1,2.87,0.439,Nirmal,TS
2019-10-01,2.6,29.0,23.3,3.53,0.416,Nirmal,TS
2019-10-02,0.1,30.4,24.3,4.26,0.393,Nirmal,TS
2019-10-03,4.9,29.9,23.5,3.73,0.377,Nirmal,TS
2019-10-04,4.5,29.5,24.0,3.57,0.372,Nirmal,TS
2019-10-05,0.4,30.3,23.5,4.07,0.368,Nirmal,TS
2019-10-06,2.5,30.0,23.1,3.95,0.351,Nirmal,TS
2019-10-07,7.8,29.3,23.3,3.81,0.364,Nirmal,TS
2019-10-08,3.7,30.6,23.6,3.88,0.347,Nirmal,TS
2019-10-09,3.0,30.2,22.6,3.95,0.345,Nirmal,TS
2019-10-10,9.7,29.7,23.0,3.52,0.38,Nirmal,TS
2019-10-11,8.6,28.2,23.2,2.83,0.419,Nirmal,TS
2019-10-12,1.6,29.1,23.0,3.48,0.421,Nirmal,TS
2019-10-13,0.8,30.3,22.9,4.01,0.438,Nirmal,TS
2019-10-14,1.7,30.4,23.5,4.03,0.4,Nirmal,TS
2019-10-15,0.0,30.2,22.4,4.31,0.367,Nirmal,TS
2019-10-16,0.0,30.4,22.5,4.48,0.341,Nirmal,TS
2019-10-17,4.0,30.2,22.8,3.74,0.33,Nirmal,TS
2019-10-18,2.0,27.9,22.6,2.02,0.33,Nirmal,TS
2019-10-19,3.9,28.3,22.7,2.5,0.356,Nirmal,TS
2019-10-20,33.3,27.3,22.1,2.08,0.482,Nirmal,TS
2019-10-21,2.7,27.0,22.3,2.01,0.492,Nirmal,TS
2019-10-22,5.7,28.1,21.6,2.95,0.483,Nirmal,TS
2019-10-23,2.7,29.2,22.0,3.28,0.459,Nirmal,TS
2019-10-24,6.5,27.6,22.6,2.58,0.445,Nirmal,TS
2019-10-25,2.6,27.8,22.4,2.88,0.451,Nirmal,TS
2019-10-26,9.1,27.9,22.5,2.52,0.487,Nirmal,TS
2019-10-27,16.6,27.9,22.0,2.67,0.504,Nirmal,TS
2019-10-28,0.8,29.5,22.4,3.56,0.479,Nirmal,TS
2019-10-29,6.4,29.3,22.4,3.26,0.482,Nirmal,TS
2019-10-30,7.4,28.7,21.9,3.18,0.473,Nirmal,TS
2019-10-31,2.3,27.7,22.8,2.04,0.483,Nirmal,TS
2019-11-01,6.4,27.9,22.5,2.59,0.49,Nirmal,TS
2019-11-02,4.4,29.0,22.1,3.06,0.483,Nirmal,TS
2019-11-03,0.5,29.8,21.9,3.73,0.464,Nirmal,TS
2019-11-04,0.2,30.2,22.5,3.66,0.44,Nirmal,TS
2019-11-05,0.2,30.3,22.7,3.62,0.42,Nirmal,TS
2019-11-06,1.2,28.7,22.3,3.34,0.401,Nirmal,TS
2019-11-07,0.1,29.6,22.3,3.59,0.382,Nirmal,TS
2019-11-08,0.2,29.7,22.3,3.61,0.368,Nirmal,TS
2019-11-09,0.1,30.1,21.5,3.91,0.359,Nirmal,TS
2019-11-10,0.0,30.3,20.4,4.25,0.348,Nirmal,TS
2019-11-11,0.0,28.9,21.0,3.74,0.337,Nirmal,TS
2019-11-12,0.0,29.3,20.8,4.13,0.324,Nirmal,TS
2019-11-13,0.0,28.3,19.4,4.27,0.311,Nirmal,TS
2019-11-14,0.0,28.1,18.3,4.06,0.301,Nirmal,TS
2019-11-15,0.0,29.0,20.7,3.9,0.293,Nirmal,TS
2019-11-16,0.0,29.8,20.6,3.93,0.288,Nirmal,TS
2019-11-17,0.0,30.1,20.0,4.22,0.28,Nirmal,TS
2019-11-18,0.0,29.7,20.4,4.26,0.272,Nirmal,TS
2019-11-19,0.0,29.3,20.4,4.1,0.263,Nirmal,TS
2019-11-20,0.0,28.8,18.8,3.94,0.254,Nirmal,TS
2019-11-21,0.0,28.5,18.6,3.48,0.258,Nirmal,TS
2019-11-22,0.0,28.5,20.0,3.95,0.257,Nirmal,TS
2019-11-23,0.0,28.6,18.2,3.91,0.257,Nirmal,TS
2019-11-24,0.0,28.7,17.3,3.84,0.258,Nirmal,TS
2019-11-25,0.0,28.4,18.2,3.78,0.257,Nirmal,TS
2019-11-26,0.0,28.3,19.9,3.58,0.257,Nirmal,TS
2019-11-27,0.0,28.7,18.3,3.55,0.252,Nirmal,TS
2019-11-28,0.0,28.7,18.7,3.35,0.249,Nirmal,TS
2019-11-29,0.0,29.4,20.7,3.42,0.251,Nirmal,TS
2019-11-30,0.0,29.4,19.1,3.67,0.25,Nirmal,TS
2019-12-01,0.0,28.6,19.4,3.22,0.245,Nirmal,TS
2019-12-02,0.3,26.4,20.7,2.33,0.239,Nirmal,TS
2019-12-03,0.0,28.1,19.6,2.96,0.237,Nirmal,TS
2019-12-04,0.0,28.9,19.4,3.7,0.238,Nirmal,TS
2019-12-05,0.0,28.4,19.2,4.13,0.231,Nirmal,TS
2019-12-06,0.0,27.1,18.2,3.91,0.224,Nirmal,TS
2019-12-07,0.0,26.9,16.9,3.49,0.22,Nirmal,TS
2019-12-08,0.0,27.6,17.1,3.21,0.218,Nirmal,TS
2019-12-09,0.0,27.7,18.3,3.77,0.211,Nirmal,TS
2019-12-10,0.0,27.6,18.2,3.38,0.208,Nirmal,TS
2019-12-11,0.0,26.9,17.9,3.12,0.208,Nirmal,TS
2019-12-12,0.0,27.9,17.2,3.69,0.212,Nirmal,TS
2019-12-13,0.0,26.9,18.3,3.25,0.216,Nirmal,TS
2019-12-14,0.4,27.2,20.0,3.05,0.216,Nirmal,TS
2019-12-15,0.0,28.6,19.3,3.11,0.216,Nirmal,TS
2019-12-16,0.0,27.4,19.1,3.21,0.213,Nirmal,TS
2019-12-17,0.1,27.4,19.0,3.28,0.214,Nirmal,TS
2019-12-18,0.0,27.0,18.1,3.12,0.22,Nirmal,TS
2019-12-19,0.0,27.8,17.2,3.55,0.225,Nirmal,TS
2019-12-20,0.0,27.4,16.9,3.51,0.222,Nirmal,TS
2019-12-21,0.0,28.3,17.9,3.58,0.221,Nirmal,TS
2019-12-22,0.0,27.3,17.6,3.25,0.22,Nirmal,TS
2019-12-23,0.0,27.4,17.9,2.97,0.22,Nirmal,TS
2019-12-24,0.0,27.5,18.4,3.55,0.213,Nirmal,TS
2019-12-25,0.4,26.7,18.6,2.14,0.209,Nirmal,TS
2019-12-26,4.6,23.4,20.3,1.57,0.258,Nirmal,TS
2019-12-27,2.9,24.3,17.6,2.32,0.333,Nirmal,TS
2019-12-28,0.0,24.5,14.9,4.14,0.326,Nirmal,TS
2019-12-29,0.0,24.3,13.9,3.73,0.306,Nirmal,TS
2019-12-30,0.6,24.7,15.7,2.56,0.293,Nirmal,TS
2019-12-31,1.7,24.8,18.3,2.27,0.295,Nirmal,TS
2020-01-01,4.6,25.8,18.8,2.05,0.305,Nirmal,TS
2020-01-02,4.2,24.9,19.0,1.54,0.302,Nirmal,TS
2020-01-03,1.8,25.4,17.5,1.83,0.383,Nirmal,TS
2020-01-04,0.0,24.2,16.2,2.48,0.382,Nirmal,TS
2020-01-05,0.0,24.8,16.4,3.59,0.362,Nirmal,TS
2020-01-06,0.1,25.7,15.9,3.72,0.341,Nirmal,TS
2020-01-07,0.1,27.2,18.5,2.81,0.322,Nirmal,TS
2020-01-08,1.5,28.0,20.4,2.64,0.324,Nirmal,TS
2020-01-09,3.9,24.5,18.7,1.63,0.352,Nirmal,TS
2020-01-10,0.0,25.0,15.3,3.8,0.374,Nirmal,TS
2020-01-11,0.0,25.7,15.3,3.71,0.348,Nirmal,TS
2020-01-12,0.0,26.7,14.2,3.69,0.325,Nirmal,TS
2020-01-13,0.0,27.1,14.3,3.75,0.304,Nirmal,TS
2020-01-14,0.0,28.7,15.4,3.88,0.289,Nirmal,TS
2020-01-15,0.0,28.9,18.1,4.27,0.276,Nirmal,TS
2020-01-16,0.0,27.4,17.7,3.78,0.265,Nirmal,TS
2020-01-17,0.0,27.2,19.4,3.35,0.256,Nirmal,TS
2020-01-18,0.0,27.9,19.4,3.18,0.247,Nirmal,TS
2020-01-19,0.4,27.4,19.9,3.28,0.239,Nirmal,TS
2020-01-20,0.1,27.3,19.6,3.15,0.233,Nirmal,TS
2020-01-21,0.0,29.4,20.1,3.78,0.227,Nirmal,TS
2020-01-22,0.0,29.8,19.6,4.02,0.221,Nirmal,TS
2020-01-23,0.0,29.9,18.4,3.77,0.215,Nirmal,TS
2020-01-24,0.0,29.2,19.8,4.05,0.208,Nirmal,TS
2020-01-25,0.0,29.8,18.7,4.06,0.205,Nirmal,TS
2020-01-26,0.0,30.3,20.6,4.08,0.207,Nirmal,TS
2020-01-27,0.0,31.3,18.7,4.41,0.206,Nirmal,TS
2020-01-28,0.0,30.4,22.3,4.34,0.207,Nirmal,TS
2020-01-29,0.0,29.0,19.9,4.24,0.208,Nirmal,TS
2020-01-30,0.0,28.6,18.8,4.35,0.201,Nirmal,TS
2020-01-31,0.0,28.1,17.3,4.58,0.2,Nirmal,TS
2020-02-01,0.8,27.9,18.8,4.39,0.204,Nirmal,TS
2020-02-02,0.0,25.8,18.5,2.71,0.2,Nirmal,TS
2020-02-03,0.0,28.9,19.7,3.62,0.2,Nirmal,TS
2020-02-04,0.0,30.5,20.3,4.07,0.205,Nirmal,TS
2020-02-05,0.0,28.4,22.0,3.78,0.208,Nirmal,TS
2020-02-06,0.0,29.5,20.7,3.66,0.205,Nirmal,TS
2020-02-07,0.2,29.9,21.4,4.36,0.2,Nirmal,TS
2020-02-08,0.4,24.6,19.9,2.18,0.204,Nirmal,TS
2020-02-09,0.4,25.5,17.7,3.46,0.208,Nirmal,TS
2020-02-10,0.0,25.9,17.6,2.61,0.207,Nirmal,TS
2020-02-11,0.2,28.1,18.9,3.74,0.205,Nirmal,TS
2020-02-12,0.0,30.1,20.0,4.22,0.204,Nirmal,TS
2020-02-13,0.0,31.8,19.9,4.8,0.201,Nirmal,TS
2020-02-14,0.0,32.5,18.3,5.12,0.199,Nirmal,TS
2020-02-15,0.0,32.3,19.3,5.14,0.199,Nirmal,TS
2020-02-16,0.0,32.4,20.2,5.15,0.195,Nirmal,TS
2020-02-17,0.0,33.2,21.5,5.64,0.191,Nirmal,TS
2020-02-18,0.0,32.5,20.6,5.93,0.193,Nirmal,TS
2020-02-19,0.0,32.5,18.9,5.17,0.192,Nirmal,TS
2020-02-20,0.0,32.9,20.1,5.53,0.192,Nirmal,TS
2020-02-21,0.0,32.2,21.1,5.37,0.198,Nirmal,TS
2020-02-22,0.0,33.1,19.7,5.46,0.201,Nirmal,TS
2020-02-23,0.0,33.1,20.4,5.53,0.202,Nirmal,TS
2020-02-24,0.0,32.5,21.0,4.94,0.207,Nirmal,TS
2020-02-25,0.0,31.6,22.4,5.82,0.204,Nirmal,TS
2020-02-26,0.0,30.3,18.5,5.53,0.203,Nirmal,TS
2020-02-27,0.0,31.2,18.2,5.57,0.201,Nirmal,TS
2020-02-28,0.0,31.9,19.7,5.88,0.198,Nirmal,TS
2020-02-29,0.0,32.0,19.4,5.34,0.2,Nirmal,TS
2020-03-01,0.0,32.2,20.6,5.05,0.202,Nirmal,TS
2020-03-02,0.3,31.5,21.9,4.65,0.202,Nirmal,TS
2020-03-03,0.0,33.6,21.7,5.47,0.203,Nirmal,TS
2020-03-04,0.0,32.4,21.7,6.12,0.207,Nirmal,TS
2020-03-05,0.0,30.9,18.7,5.18,0.206,Nirmal,TS
2020-03-06,0.0,32.5,20.7,5.47,0.204,Nirmal,TS
2020-03-07,0.0,31.6,21.1,5.24,0.199,Nirmal,TS
2020-03-08,0.2,31.8,21.8,4.3,0.197,Nirmal,TS
2020-03-09,2.9,30.7,22.6,3.81,0.23,Nirmal,TS
2020-03-10,0.5,33.0,22.4,4.89,0.243,Nirmal,TS
2020-03-11,0.0,32.7,23.0,5.65,0.231,Nirmal,TS
2020-03-12,0.0,32.1,23.7,4.82,0.223,Nirmal,TS
2020-03-13,0.6,32.3,23.2,4.73,0.219,Nirmal,TS
2020-03-14,0.0,32.0,22.9,4.85,0.212,Nirmal,TS
2020-03-15,0.1,31.8,22.9,4.76,0.206,Nirmal,TS
2020-03-16,0.0,33.2,23.7,5.22,0.203,Nirmal,TS
2020-03-17,0.1,34.1,24.2,5.34,0.201,Nirmal,TS
2020-03-18,0.0,33.3,23.9,5.28,0.198,Nirmal,TS
2020-03-19,0.0,33.6,23.7,5.28,0.199,Nirmal,TS
2020-03-20,0.0,34.2,22.6,5.41,0.2,Nirmal,TS
2020-03-21,0.0,33.8,21.9,6.3,0.199,Nirmal,TS
2020-03-22,0.0,34.1,20.5,6.08,0.2,Nirmal,TS
2020-03-23,0.0,34.2,22.2,5.82,0.201,Nirmal,TS
2020-03-24,0.0,34.7,23.3,5.48,0.203,Nirmal,TS
2020-03-25,0.0,35.2,25.0,5.37,0.205,Nirmal,TS
2020-03-26,1.0,33.5,22.9,5.57,0.206,Nirmal,TS
2020-03-27,0.0,36.0,24.0,6.02,0.204,Nirmal,TS
2020-03-28,0.0,34.9,24.8,5.91,0.198,Nirmal,TS
2020-03-29,0.0,35.2,25.4,5.76,0.195,Nirmal,TS
2020-03-30,0.0,34.8,24.9,5.37,0.2,Nirmal,TS
2020-03-31,0.0,35.2,24.8,5.51,0.212,Nirmal,TS
2020-04-01,0.0,35.1,26.0,5.32,0.223,Nirmal,TS
2020-04-02,0.0,35.0,27.4,5.35,0.226,Nirmal,TS
2020-04-03,0.0,35.0,25.2,5.35,0.218,Nirmal,TS
2020-04-04,0.0,35.9,25.8,6.06,0.22,Nirmal,TS
2020-04-05,0.0,35.3,24.1,5.83,0.217,Nirmal,TS
2020-04-06,0.0,35.5,24.6,5.56,0.209,Nirmal,TS
2020-04-07,0.0,35.4,25.1,5.79,0.207,Nirmal,TS
2020-04-08,0.0,36.2,25.0,6.38,0.204,Nirmal,TS
2020-04-09,0.0,35.8,23.2,6.52,0.199,Nirmal,TS
2020-04-10,0.0,35.7,23.8,5.86,0.197,Nirmal,TS
2020-04-11,0.0,35.9,24.3,5.81,0.2,Nirmal,TS
2020-04-12,0.0,36.1,24.1,5.95,0.208,Nirmal,TS
2020-04-13,0.0,36.1,24.1,5.95,0.208,Nirmal,TS
2020-04-14,0.0,37.0,26.2,6.21,0.206,Nirmal,TS
2020-04-15,0.0,36.4,25.5,6.21,0.205,Nirmal,TS
2020-04-16,0.0,37.5,25.2,6.82,0.202,Nirmal,TS
2020-04-17,0.0,37.5,25.7,6.39,0.196,Nirmal,TS
2020-04-18,0.0,37.9,26.0,6.38,0.194,Nirmal,TS
2020-04-19,0.0,35.7,26.1,5.98,0.202,Nirmal,TS
2020-04-20,0.0,37.3,27.3,6.25,0.207,Nirmal,TS
2020-04-21,0.0,37.3,26.8,6.43,0.202,Nirmal,TS
2020-04-22,0.0,37.5,25.6,6.33,0.2,Nirmal,TS
2020-04-23,0.0,38.3,26.7,6.65,0.203,Nirmal,TS
2020-04-24,0.0,36.5,26.8,6.45,0.204,Nirmal,TS
2020-04-25,0.0,38.7,27.5,7.07,0.203,Nirmal,TS
2020-04-26,0.0,36.6,24.6,7.01,0.201,Nirmal,TS
2020-04-27,0.0,37.6,25.7,6.2,0.203,Nirmal,TS
2020-04-28,0.1,36.0,26.1,6.08,0.198,Nirmal,TS
2020-04-29,0.0,36.4,25.5,5.92,0.204,Nirmal,TS
2020-04-30,0.0,37.4,25.9,6.16,0.205,Nirmal,TS
2020-05-01,0.0,38.5,27.0,6.28,0.204,Nirmal,TS
2020-05-02,0.0,38.1,26.3,6.18,0.201,Nirmal,TS
2020-05-03,0.0,39.9,28.1,6.75,0.203,Nirmal,TS
2020-05-04,0.0,40.4,27.5,7.43,0.197,Nirmal,TS
2020-05-05,0.0,39.4,28.5,6.06,0.193,Nirmal,TS
2020-05-06,0.0,38.9,28.1,6.56,0.199,Nirmal,TS
2020-05-07,0.0,38.1,27.3,6.67,0.199,Nirmal,TS
2020-05-08,0.0,37.8,29.3,6.92,0.199,Nirmal,TS
2020-05-09,0.0,38.5,28.2,6.57,0.199,Nirmal,TS
2020-05-10,0.0,36.5,28.3,6.02,0.199,Nirmal,TS
2020-05-11,0.8,37.0,25.0,6.11,0.197,Nirmal,TS
2020-05-12,0.1,37.3,26.4,6.39,0.204,Nirmal,TS
2020-05-13,0.0,37.0,27.9,6.26,0.207,Nirmal,TS
2020-05-14,1.2,38.1,27.2,6.35,0.204,Nirmal,TS
2020-05-15,0.0,38.2,26.6,6.44,0.202,Nirmal,TS
2020-05-16,0.1,38.4,27.6,6.47,0.201,Nirmal,TS
2020-05-17,0.2,38.1,26.6,6.22,0.201,Nirmal,TS
2020-05-18,0.2,39.0,28.9,6.31,0.198,Nirmal,TS
2020-05-19,0.0,38.9,27.7,7.18,0.199,Nirmal,TS
2020-05-20,0.0,40.8,27.9,9.25,0.194,Nirmal,TS
2020-05-21,0.0,41.1,29.3,9.9,0.189,Nirmal,TS
2020-05-22,0.0,41.4,25.4,8.47,0.194,Nirmal,TS
2020-05-23,0.0,41.8,29.8,7.46,0.189,Nirmal,TS
2020-05-24,0.0,42.1,29.4,7.6,0.191,Nirmal,TS
2020-05-25,0.0,42.4,29.1,7.67,0.192,Nirmal,TS
2020-05-26,0.0,41.0,30.3,7.3,0.189,Nirmal,TS
2020-05-27,0.0,41.8,29.5,7.98,0.195,Nirmal,TS
2020-05-28,0.0,41.1,29.0,8.09,0.194,Nirmal,TS
2020-05-29,0.0,40.6,31.0,7.43,0.193,Nirmal,TS
2020-05-30,0.0,37.3,30.5,6.59,0.193,Nirmal,TS
2020-05-31,0.0,37.4,29.6,6.21,0.195,Nirmal,TS
2020-06-01,0.0,33.2,26.2,4.07,0.2,Nirmal,TS
2020-06-02,2.5,33.9,27.5,4.49,0.199,Nirmal,TS
2020-06-03,2.7,32.3,24.6,3.54,0.232,Nirmal,TS
2020-06-04,0.2,34.8,27.0,7.7,0.229,Nirmal,TS
2020-06-05,0.0,34.3,25.9,6.65,0.219,Nirmal,TS
2020-06-06,0.1,35.7,26.5,6.76,0.209,Nirmal,TS
2020-06-07,0.1,36.1,27.2,6.95,0.2,Nirmal,TS
2020-06-08,0.0,37.4,27.9,7.61,0.194,Nirmal,TS
2020-06-09,0.0,37.2,29.1,7.26,0.187,Nirmal,TS
2020-06-10,2.3,35.4,26.0,5.31,0.196,Nirmal,TS
2020-06-11,8.3,31.4,25.0,2.65,0.254,Nirmal,TS
2020-06-12,11.8,28.1,24.5,2.31,0.386,Nirmal,TS
2020-06-13,3.1,31.6,25.2,3.97,0.419,Nirmal,TS
2020-06-14,0.6,32.6,25.3,4.47,0.369,Nirmal,TS
2020-06-15,10.0,30.7,25.7,3.54,0.407,Nirmal,TS
2020-06-16,14.6,29.6,25.0,2.56,0.472,Nirmal,TS
2020-06-17,4.9,29.5,24.9,2.92,0.45,Nirmal,TS
2020-06-18,2.1,29.4,24.5,2.65,0.444,Nirmal,TS
2020-06-19,0.2,33.0,24.7,5.32,0.409,Nirmal,TS
2020-06-20,0.7,32.2,25.9,3.84,0.367,Nirmal,TS
2020-06-21,1.2,31.9,25.1,3.65,0.366,Nirmal,TS
2020-06-22,4.1,30.0,25.0,2.72,0.363,Nirmal,TS
2020-06-23,1.7,33.3,25.3,5.21,0.351,Nirmal,TS
2020-06-24,4.3,33.6,25.4,5.26,0.323,Nirmal,TS
2020-06-25,4.3,34.0,24.7,5.25,0.311,Nirmal,TS
2020-06-26,1.1,34.0,25.7,5.49,0.272,Nirmal,TS
2020-06-27,1.8,34.6,26.6,5.15,0.257,Nirmal,TS
2020-06-28,5.6,31.8,25.6,3.89,0.414,Nirmal,TS
2020-06-29,1.9,30.7,26.1,3.27,0.412,Nirmal,TS
2020-06-30,5.3,30.1,25.4,2.84,0.428,Nirmal,TS
2020-07-01,0.2,31.7,24.7,4.79,0.434,Nirmal,TS
2020-07-02,5.6,32.1,25.3,4.43,0.419,Nirmal,TS
2020-07-03,3.6,32.4,25.5,4.28,0.436,Nirmal,TS
2020-07-04,6.5,28.7,24.5,2.85,0.466,Nirmal,TS
2020-07-05,14.8,28.5,24.5,3.1,0.467,Nirmal,TS
2020-07-06,10.2,26.7,24.5,1.44,0.485,Nirmal,TS
2020-07-07,0.4,31.6,24.6,4.52,0.448,Nirmal,TS
2020-07-08,0.2,31.6,25.0,4.62,0.415,Nirmal,TS
2020-07-09,2.3,30.0,25.4,3.27,0.39,Nirmal,TS
2020-07-10,3.4,27.5,24.9,2.09,0.429,Nirmal,TS
2020-07-11,0.1,31.2,24.7,4.15,0.426,Nirmal,TS
2020-07-12,1.4,32.3,25.4,4.75,0.388,Nirmal,TS
2020-07-13,2.8,29.9,24.9,3.07,0.442,Nirmal,TS
2020-07-14,15.5,28.3,24.9,2.42,0.468,Nirmal,TS
2020-07-15,21.0,26.6,24.2,1.61,0.502,Nirmal,TS
2020-07-16,8.6,28.3,23.7,3.08,0.486,Nirmal,TS
2020-07-17,1.8,30.8,24.5,4.78,0.467,Nirmal,TS
2020-07-18,0.1,31.3,24.5,4.77,0.437,Nirmal,TS
2020-07-19,0.6,31.4,25.4,4.17,0.432,Nirmal,TS
2020-07-20,6.3,29.2,25.0,3.01,0.441,Nirmal,TS
2020-07-21,5.2,30.7,25.0,4.24,0.448,Nirmal,TS
2020-07-22,6.1,31.3,25.1,3.95,0.429,Nirmal,TS
2020-07-23,42.4,26.3,24.7,1.2,0.506,Nirmal,TS
2020-07-24,4.7,28.1,23.9,2.77,0.504,Nirmal,TS
2020-07-25,2.4,29.3,23.8,3.42,0.486,Nirmal,TS
2020-07-26,0.2,30.9,23.9,4.88,0.448,Nirmal,TS
2020-07-27,2.1,31.9,24.8,5.0,0.409,Nirmal,TS
2020-07-28,6.5,29.9,24.7,3.69,0.441,Nirmal,TS
2020-07-29,3.5,29.9,24.4,3.53,0.484,Nirmal,TS
2020-07-30,0.5,31.4,24.6,4.69,0.463,Nirmal,TS
2020-07-31,1.2,31.0,25.5,4.58,0.426,Nirmal,TS
2020-08-01,1.7,30.7,25.7,3.72,0.449,Nirmal,TS
2020-08-02,2.6,31.4,25.3,4.21,0.447,Nirmal,TS
2020-08-03,2.3,29.6,25.2,3.36,0.445,Nirmal,TS
2020-08-04,6.7,29.5,24.8,3.14,0.443,Nirmal,TS
2020-08-05,20.9,30.2,24.4,4.08,0.469,Nirmal,TS
2020-08-06,3.3,29.4,24.5,3.11,0.453,Nirmal,TS
2020-08-07,0.9,31.4,25.1,4.72,0.426,Nirmal,TS
2020-08-08,1.4,30.6,25.6,4.2,0.399,Nirmal,TS
2020-08-09,8.6,28.3,24.4,2.88,0.425,Nirmal,TS
2020-08-10,13.9,26.8,24.3,1.79,0.489,Nirmal,TS
2020-08-11,9.2,28.1,23.9,2.98,0.492,Nirmal,TS
2020-08-12,10.0,27.7,24.6,2.91,0.477,Nirmal,TS
2020-08-13,15.5,26.1,23.6,1.61,0.506,Nirmal,TS
2020-08-14,9.1,27.4,23.2,2.06,0.506,Nirmal,TS
2020-08-15,17.9,25.5,23.3,1.62,0.513,Nirmal,TS
2020-08-16,21.9,25.0,23.3,1.37,0.514,Nirmal,TS
2020-08-17,35.7,25.7,23.4,1.59,0.508,Nirmal,TS
2020-08-18,5.6,27.9,23.4,2.75,0.499,Nirmal,TS
2020-08-19,22.5,27.8,23.7,2.55,0.511,Nirmal,TS
2020-08-20,6.9,25.6,23.6,1.78,0.508,Nirmal,TS
2020-08-21,12.3,27.6,23.6,2.81,0.506,Nirmal,TS
2020-08-22,0.6,29.7,23.9,3.67,0.483,Nirmal,TS
2020-08-23,0.9,30.3,24.0,4.88,0.457,Nirmal,TS
2020-08-24,0.2,30.7,24.1,4.72,0.433,Nirmal,TS
2020-08-25,0.2,31.0,24.3,5.13,0.412,Nirmal,TS
2020-08-26,3.1,30.5,24.4,4.39,0.399,Nirmal,TS
2020-08-27,9.6,27.6,24.6,2.23,0.48,Nirmal,TS
2020-08-28,10.5,27.3,23.7,2.52,0.494,Nirmal,TS
2020-08-29,2.3,28.7,23.9,3.4,0.481,Nirmal,TS
2020-08-30,0.0,30.3,23.8,4.7,0.441,Nirmal,TS
2020-08-31,0.0,30.8,23.8,5.06,0.412,Nirmal,TS
2020-09-01,0.4,31.7,24.2,4.98,0.387,Nirmal,TS
2020-09-02,0.9,30.7,24.7,3.56,0.371,Nirmal,TS
2020-09-03,0.3,30.6,23.8,4.2,0.36,Nirmal,TS
2020-09-04,0.6,31.8,24.3,4.84,0.344,Nirmal,TS
2020-09-05,2.8,31.3,25.0,4.19,0.338,Nirmal,TS
2020-09-06,4.6,31.4,24.9,4.23,0.331,Nirmal,TS
2020-09-07,5.3,31.5,25.5,4.38,0.348,Nirmal,TS
2020-09-08,0.5,31.7,25.0,4.65,0.336,Nirmal,TS
2020-09-09,0.5,31.5,24.4,4.45,0.32,Nirmal,TS
2020-09-10,1.9,30.4,25.3,3.79,0.32,Nirmal,TS
2020-09-11,2.5,29.6,24.6,2.82,0.343,Nirmal,TS
2020-09-12,3.4,30.5,24.7,3.93,0.402,Nirmal,TS
2020-09-13,4.3,30.2,25.3,3.68,0.436,Nirmal,TS
2020-09-14,29.8,30.4,23.7,3.49,0.489,Nirmal,TS
2020-09-15,30.7,30.0,23.6,3.24,0.506,Nirmal,TS
2020-09-16,14.1,29.3,23.9,2.83,0.506,Nirmal,TS
2020-09-17,18.2,30.5,23.4,3.61,0.501,Nirmal,TS
2020-09-18,6.1,29.6,24.3,3.18,0.499,Nirmal,TS
2020-09-19,9.1,30.9,24.3,3.65,0.493,Nirmal,TS
2020-09-20,14.0,30.2,24.0,3.16,0.507,Nirmal,TS
2020-09-21,5.9,29.0,24.2,3.05,0.501,Nirmal,TS
2020-09-22,10.2,30.0,24.5,3.18,0.506,Nirmal,TS
2020-09-23,1.8,29.7,24.7,3.53,0.485,Nirmal,TS
2020-09-24,0.9,30.1,24.9,3.6,0.464,Nirmal,TS
2020-09-25,6.3,28.6,24.8,2.77,0.471,Nirmal,TS
2020-09-26,4.3,26.7,23.5,2.16,0.486,Nirmal,TS
2020-09-27,1.4,28.0,23.6,3.24,0.457,Nirmal,TS
2020-09-28,0.7,30.8,23.3,4.25,0.433,Nirmal,TS
2020-09-29,6.1,30.1,23.7,3.72,0.433,Nirmal,TS
2020-09-30,6.3,29.8,23.7,3.13,0.454,Nirmal,TS
2020-10-01,2.2,31.1,24.2,3.73,0.436,Nirmal,TS
2020-10-02,0.0,31.6,23.9,4.8,0.395,Nirmal,TS
2020-10-03,0.0,32.5,24.3,5.25,0.363,Nirmal,TS
2020-10-04,0.0,32.0,23.7,5.15,0.34,Nirmal,TS
2020-10-05,0.0,31.6,24.0,5.32,0.32,Nirmal,TS
2020-10-06,0.0,31.0,24.6,4.03,0.299,Nirmal,TS
2020-10-07,1.3,28.4,23.0,2.5,0.323,Nirmal,TS
2020-10-08,7.0,29.7,22.4,3.59,0.405,Nirmal,TS
2020-10-09,2.9,30.6,23.6,3.83,0.421,Nirmal,TS
2020-10-10,9.3,29.5,23.6,2.83,0.433,Nirmal,TS
2020-10-11,44.6,27.1,23.7,1.55,0.49,Nirmal,TS
2020-10-12,10.6,29.5,22.9,3.06,0.49,Nirmal,TS
2020-10-13,28.5,29.3,24.2,2.13,0.501,Nirmal,TS
2020-10-14,15.4,28.0,23.9,2.92,0.505,Nirmal,TS
2020-10-15,5.5,28.0,23.4,2.45,0.499,Nirmal,TS
2020-10-16,1.0,29.4,23.6,3.46,0.47,Nirmal,TS
2020-10-17,3.5,30.0,23.7,3.29,0.448,Nirmal,TS
2020-10-18,2.0,30.2,23.4,3.69,0.436,Nirmal,TS
2020-10-19,0.6,30.8,23.6,3.73,0.411,Nirmal,TS
2020-10-20,0.1,31.1,24.6,4.07,0.383,Nirmal,TS
2020-10-21,0.0,31.6,23.5,4.7,0.366,Nirmal,TS
2020-10-22,0.0,31.4,22.7,4.33,0.351,Nirmal,TS
2020-10-23,0.0,32.2,21.1,4.62,0.338,Nirmal,TS
2020-10-24,0.0,31.1,22.3,4.04,0.331,Nirmal,TS
2020-10-25,0.2,30.5,23.2,3.94,0.329,Nirmal,TS
2020-10-26,0.2,30.4,22.9,4.1,0.321,Nirmal,TS
2020-10-27,0.0,29.8,20.6,3.84,0.307,Nirmal,TS
2020-10-28,0.0,29.7,20.2,3.78,0.298,Nirmal,TS
2020-10-29,0.0,29.9,20.1,4.16,0.293,Nirmal,TS
2020-10-30,0.0,30.4,20.9,3.84,0.286,Nirmal,TS
2020-10-31,0.0,30.7,21.5,4.83,0.274,Nirmal,TS
2020-11-01,0.0,30.5,20.8,4.99,0.261,Nirmal,TS
2020-11-02,0.0,31.3,21.3,4.99,0.253,Nirmal,TS
2020-11-03,0.0,30.7,20.9,5.08,0.244,Nirmal,TS
2020-11-04,0.0,30.4,19.1,5.08,0.236,Nirmal,TS
2020-11-05,0.0,30.4,16.7,4.51,0.225,Nirmal,TS
2020-11-06,0.0,30.3,16.9,4.98,0.217,Nirmal,TS
2020-11-07,0.0,30.8,20.7,5.33,0.209,Nirmal,TS
2020-11-08,0.0,29.8,18.4,5.37,0.205,Nirmal,TS
2020-11-09,0.0,29.1,16.5,4.93,0.203,Nirmal,TS
2020-11-10,0.0,28.3,15.8,4.67,0.203,Nirmal,TS
2020-11-11,0.0,28.9,17.6,4.85,0.206,Nirmal,TS
2020-11-12,0.2,29.8,19.9,4.4,0.198,Nirmal,TS
2020-11-13,0.0,30.0,21.6,3.74,0.197,Nirmal,TS
2020-11-14,0.0,31.0,21.2,4.25,0.201,Nirmal,TS
2020-11-15,0.0,31.1,20.6,4.44,0.203,Nirmal,TS
2020-11-16,0.0,30.4,21.2,3.9,0.205,Nirmal,TS
2020-11-17,0.0,31.1,22.3,4.16,0.201,Nirmal,TS
2020-11-18,0.0,31.4,20.7,4.54,0.199,Nirmal,TS
2020-11-19,0.0,30.8,21.5,3.83,0.201,Nirmal,TS
2020-11-20,0.0,30.7,22.5,3.88,0.208,Nirmal,TS
2020-11-21,0.3,28.9,22.1,3.37,0.208,Nirmal,TS
2020-11-22,0.0,29.8,21.7,3.99,0.211,Nirmal,TS
2020-11-23,0.0,30.1,19.1,4.3,0.21,Nirmal,TS
2020-11-24,0.0,29.8,18.3,4.85,0.21,Nirmal,TS
2020-11-25,0.0,29.7,18.1,4.68,0.208,Nirmal,TS
2020-11-26,0.7,29.0,20.3,4.03,0.207,Nirmal,TS
2020-11-27,0.5,23.6,19.7,2.45,0.208,Nirmal,TS
2020-11-28,0.3,27.6,18.6,3.77,0.218,Nirmal,TS
2020-11-29,0.0,28.8,19.2,3.16,0.21,Nirmal,TS
2020-11-30,0.0,30.8,20.8,3.81,0.202,Nirmal,TS
2020-12-01,0.0,29.6,18.7,4.16,0.199,Nirmal,TS
2020-12-02,0.0,29.9,17.8,4.08,0.201,Nirmal,TS
2020-12-03,0.0,30.0,16.7,4.22,0.202,Nirmal,TS
2020-12-04,0.0,30.2,16.8,4.28,0.203,Nirmal,TS
2020-12-05,0.0,29.9,15.6,4.18,0.207,Nirmal,TS
2020-12-06,0.0,29.9,17.8,4.44,0.205,Nirmal,TS
2020-12-07,0.0,30.4,17.2,4.01,0.206,Nirmal,TS
2020-12-08,0.0,30.1,16.0,4.23,0.21,Nirmal,TS
2020-12-09,0.0,29.4,17.7,4.06,0.209,Nirmal,TS
2020-12-10,0.0,29.5,18.9,3.99,0.201,Nirmal,TS
2020-12-11,0.0,29.2,19.3,3.77,0.202,Nirmal,TS
2020-12-12,0.0,29.5,20.0,3.78,0.207,Nirmal,TS
2020-12-13,0.0,28.4,19.2,3.47,0.204,Nirmal,TS
2020-12-14,0.0,28.8,19.9,3.42,0.202,Nirmal,TS
2020-12-15,0.0,29.2,19.3,3.96,0.202,Nirmal,TS
2020-12-16,0.0,29.0,18.5,3.64,0.202,Nirmal,TS
2020-12-17,0.0,29.5,19.5,3.66,0.199,Nirmal,TS
2020-12-18,0.0,29.2,19.2,3.73,0.199,Nirmal,TS
2020-12-19,0.0,28.2,17.7,4.12,0.202,Nirmal,TS
2020-12-20,0.0,27.7,16.3,4.38,0.203,Nirmal,TS
2020-12-21,0.0,27.5,14.1,4.29,0.203,Nirmal,TS
2020-12-22,0.0,27.3,12.8,3.97,0.202,Nirmal,TS
2020-12-23,0.0,27.2,13.6,3.92,0.196,Nirmal,TS
2020-12-24,0.0,27.8,15.0,3.83,0.192,Nirmal,TS
2020-12-25,0.0,28.1,14.4,3.82,0.198,Nirmal,TS
2020-12-26,0.0,28.1,15.1,3.93,0.203,Nirmal,TS
2020-12-27,0.0,28.6,14.9,3.76,0.202,Nirmal,TS
2020-12-28,0.0,28.8,17.3,3.86,0.209,Nirmal,TS
2020-12-29,0.0,28.8,15.4,4.03,0.209,Nirmal,TS
2020-12-30,0.0,28.4,15.9,4.01,0.206,Nirmal,TS
2020-12-31,0.0,28.4,16.0,3.8,0.204,Nirmal,TS
2021-01-01,0.0,28.6,17.6,3.78,0.202,Nirmal,TS
2021-01-02,0.0,28.8,17.4,3.86,0.202,Nirmal,TS
2021-01-03,0.0,28.2,17.9,3.89,0.203,Nirmal,TS
2021-01-04,0.0,28.4,17.6,3.93,0.199,Nirmal,TS
2021-01-05,0.0,28.4,16.9,3.73,0.194,Nirmal,TS
2021-01-06,0.1,29.5,18.2,3.18,0.196,Nirmal,TS
2021-01-07,2.1,26.6,21.8,1.81,0.201,Nirmal,TS
2021-01-08,0.0,30.7,20.3,4.01,0.202,Nirmal,TS
2021-01-09,0.0,30.8,20.3,4.65,0.201,Nirmal,TS
2021-01-10,0.0,30.8,19.1,4.14,0.2,Nirmal,TS
2021-01-11,0.0,31.8,21.2,3.77,0.201,Nirmal,TS
2021-01-12,0.0,32.0,19.6,3.93,0.201,Nirmal,TS
2021-01-13,0.0,30.2,19.6,3.81,0.203,Nirmal,TS
2021-01-14,0.0,29.7,18.6,4.09,0.205,Nirmal,TS
2021-01-15,0.0,29.3,17.2,4.06,0.202,Nirmal,TS
2021-01-16,0.0,29.9,17.6,4.14,0.203,Nirmal,TS
2021-01-17,0.0,29.8,18.2,4.39,0.205,Nirmal,TS
2021-01-18,0.0,29.5,18.2,4.09,0.209,Nirmal,TS
2021-01-19,0.0,29.6,19.1,3.98,0.21,Nirmal,TS
2021-01-20,0.0,30.3,21.0,4.21,0.203,Nirmal,TS
2021-01-21,0.0,30.0,20.1,4.41,0.205,Nirmal,TS
2021-01-22,0.0,30.0,18.6,4.4,0.205,Nirmal,TS
2021-01-23,0.0,30.1,18.2,4.2,0.204,Nirmal,TS
2021-01-24,0.0,30.5,19.9,4.36,0.2,Nirmal,TS
2021-01-25,0.0,30.4,20.4,4.22,0.202,Nirmal,TS
2021-01-26,0.0,30.4,20.4,4.3,0.201,Nirmal,TS
2021-01-27,0.0,29.9,20.9,4.33,0.203,Nirmal,TS
2021-01-28,0.0,30.1,20.8,3.83,0.2,Nirmal,TS
2021-01-29,0.0,29.0,19.4,3.92,0.203,Nirmal,TS
2021-01-30,0.0,29.0,20.2,4.13,0.206,Nirmal,TS
2021-01-31,0.0,29.0,20.0,4.25,0.204,Nirmal,TS
2021-02-01,0.0,28.9,18.1,4.32,0.202,Nirmal,TS
2021-02-02,0.0,29.4,15.8,4.61,0.201,Nirmal,TS
2021-02-03,0.0,29.7,17.6,4.75,0.2,Nirmal,TS
2021-02-04,0.0,29.4,16.8,4.67,0.2,Nirmal,TS
2021-02-05,0.0,29.5,18.2,5.01,0.199,Nirmal,TS
2021-02-06,0.0,28.9,18.5,4.6,0.199,Nirmal,TS
2021-02-07,0.0,28.6,18.4,5.81,0.199,Nirmal,TS
2021-02-08,0.0,28.1,16.0,5.04,0.199,Nirmal,TS
2021-02-09,0.0,29.0,15.3,4.65,0.199,Nirmal,TS
2021-02-10,0.0,30.0,17.3,5.03,0.199,Nirmal,TS
2021-02-11,0.0,31.4,16.8,4.8,0.199,Nirmal,TS
2021-02-12,0.0,30.8,18.0,4.81,0.198,Nirmal,TS
2021-02-13,0.0,31.5,18.8,4.91,0.198,Nirmal,TS
2021-02-14,0.0,31.4,18.5,5.07,0.199,Nirmal,TS
2021-02-15,0.0,31.6,20.0,4.76,0.199,Nirmal,TS
2021-02-16,0.0,32.3,20.3,5.12,0.199,Nirmal,TS
2021-02-17,0.0,30.6,20.9,4.82,0.199,Nirmal,TS
2021-02-18,0.1,28.9,19.9,4.32,0.2,Nirmal,TS
2021-02-19,5.0,22.9,18.6,1.61,0.214,Nirmal,TS
2021-02-20,0.1,29.3,18.1,4.42,0.209,Nirmal,TS
2021-02-21,0.0,30.7,19.2,4.96,0.205,Nirmal,TS
2021-02-22,0.0,32.3,20.1,5.13,0.204,Nirmal,TS
2021-02-23,0.0,32.4,19.6,5.17,0.204,Nirmal,TS
2021-02-24,0.0,33.1,20.9,5.36,0.2,Nirmal,TS
2021-02-25,0.0,34.1,19.3,5.75,0.203,Nirmal,TS
2021-02-26,0.0,34.6,19.4,5.2,0.203,Nirmal,TS
2021-02-27,0.0,35.1,20.1,5.84,0.205,Nirmal,TS
2021-02-28,0.0,35.4,20.1,5.8,0.204,Nirmal,TS
2021-03-01,0.0,34.8,23.5,4.93,0.199,Nirmal,TS
2021-03-02,0.0,35.9,21.6,6.48,0.198,Nirmal,TS
2021-03-03,0.0,35.5,20.9,6.18,0.199,Nirmal,TS
2021-03-04,0.0,35.1,21.7,5.66,0.199,Nirmal,TS
2021-03-05,0.0,34.9,20.4,6.44,0.199,Nirmal,TS
2021-03-06,0.0,35.3,20.4,5.99,0.199,Nirmal,TS
2021-03-07,0.0,35.7,20.0,6.22,0.199,Nirmal,TS
2021-03-08,0.0,35.3,22.5,6.06,0.199,Nirmal,TS
2021-03-09,0.0,35.0,22.5,5.78,0.203,Nirmal,TS
2021-03-10,0.0,35.2,22.8,5.26,0.193,Nirmal,TS
2021-03-11,0.0,36.5,23.6,5.58,0.199,Nirmal,TS
2021-03-12,0.0,36.7,22.1,6.92,0.199,Nirmal,TS
2021-03-13,0.0,34.4,21.2,6.38,0.199,Nirmal,TS
2021-03-14,0.0,35.6,19.8,6.62,0.199,Nirmal,TS
2021-03-15,0.0,35.8,21.9,6.0,0.199,Nirmal,TS
2021-03-16,0.0,36.1,22.1,5.89,0.199,Nirmal,TS
2021-03-17,0.0,35.5,23.0,5.67,0.201,Nirmal,TS
2021-03-18,0.0,34.8,25.0,5.67,0.199,Nirmal,TS
2021-03-19,0.0,33.9,24.2,5.13,0.199,Nirmal,TS
2021-03-20,0.0,34.2,22.2,5.59,0.199,Nirmal,TS
2021-03-21,0.0,34.6,22.4,5.68,0.199,Nirmal,TS
2021-03-22,0.0,36.0,23.9,5.88,0.199,Nirmal,TS
2021-03-23,0.0,35.0,23.8,5.98,0.199,Nirmal,TS
2021-03-24,0.0,36.3,23.4,5.79,0.201,Nirmal,TS
2021-03-25,0.0,37.0,23.9,6.06,0.202,Nirmal,TS
2021-03-26,0.0,37.1,25.1,6.89,0.194,Nirmal,TS
2021-03-27,0.0,37.7,23.3,6.62,0.192,Nirmal,TS
2021-03-28,0.0,38.1,22.4,6.25,0.192,Nirmal,TS
2021-03-29,0.0,38.6,23.3,7.16,0.192,Nirmal,TS
2021-03-30,0.0,39.3,23.9,7.97,0.194,Nirmal,TS
2021-03-31,0.0,39.3,24.3,7.7,0.193,Nirmal,TS
2021-04-01,0.0,38.7,25.3,7.4,0.195,Nirmal,TS
2021-04-02,0.0,38.7,23.9,7.45,0.194,Nirmal,TS
2021-04-03,0.0,38.8,23.6,6.91,0.192,Nirmal,TS
2021-04-04,0.0,39.3,23.7,7.19,0.192,Nirmal,TS
2021-04-05,0.0,38.1,24.7,6.11,0.192,Nirmal,TS
2021-04-06,0.0,39.0,23.8,6.49,0.192,Nirmal,TS
2021-04-07,0.0,38.1,25.4,6.43,0.192,Nirmal,TS
2021-04-08,0.0,37.6,26.1,6.56,0.192,Nirmal,TS
2021-04-09,0.0,37.1,27.5,5.3,0.192,Nirmal,TS
2021-04-10,0.7,37.2,25.8,6.07,0.192,Nirmal,TS
2021-04-11,0.0,36.2,25.1,5.75,0.193,Nirmal,TS
2021-04-12,1.7,35.1,25.3,5.24,0.2,Nirmal,TS
2021-04-13,0.3,36.5,24.1,5.51,0.202,Nirmal,TS
2021-04-14,0.0,34.9,25.2,5.59,0.2,Nirmal,TS
2021-04-15,0.0,34.5,23.0,6.22,0.202,Nirmal,TS
2021-04-16,0.0,37.0,23.1,6.49,0.209,Nirmal,TS
2021-04-17,0.0,35.9,24.5,6.03,0.209,Nirmal,TS
2021-04-18,0.0,37.1,24.8,6.59,0.202,Nirmal,TS
2021-04-19,0.0,37.9,25.9,6.44,0.205,Nirmal,TS
2021-04-20,0.0,38.5,25.7,7.05,0.203,Nirmal,TS
2021-04-21,0.0,37.9,26.6,6.99,0.199,Nirmal,TS
2021-04-22,0.0,36.9,24.6,5.79,0.199,Nirmal,TS
2021-04-23,0.0,36.4,26.3,6.0,0.195,Nirmal,TS
2021-04-24,0.0,37.9,25.0,6.3,0.198,Nirmal,TS
2021-04-25,0.0,38.6,25.1,6.87,0.194,Nirmal,TS
2021-04-26,0.0,37.6,27.7,6.49,0.192,Nirmal,TS
2021-04-27,0.0,38.3,25.6,7.06,0.193,Nirmal,TS
2021-04-28,0.0,38.7,26.6,6.76,0.196,Nirmal,TS
2021-04-29,0.0,39.0,25.7,7.12,0.2,Nirmal,TS
2021-04-30,0.0,38.9,25.5,7.07,0.203,Nirmal,TS
2021-05-01,0.6,36.7,26.5,5.91,0.205,Nirmal,TS
2021-05-02,0.0,37.1,25.7,6.01,0.204,Nirmal,TS
2021-05-03,0.2,35.9,23.9,6.15,0.205,Nirmal,TS
2021-05-04,0.0,36.9,26.0,5.92,0.206,Nirmal,TS
2021-05-05,0.0,37.4,27.0,6.44,0.203,Nirmal,TS
2021-05-06,0.0,37.1,27.2,6.31,0.197,Nirmal,TS
2021-05-07,0.0,36.3,27.5,5.96,0.194,Nirmal,TS
2021-05-08,0.6,36.5,26.5,5.72,0.196,Nirmal,TS
2021-05-09,0.0,36.5,28.2,5.9,0.199,Nirmal,TS
2021-05-10,0.2,37.1,26.5,5.76,0.212,Nirmal,TS
2021-05-11,0.0,39.4,28.6,6.98,0.205,Nirmal,TS
2021-05-12,0.0,39.2,27.6,7.06,0.205,Nirmal,TS
2021-05-13,0.0,37.6,29.8,7.13,0.205,Nirmal,TS
2021-05-14,0.0,36.8,28.4,6.5,0.2,Nirmal,TS
2021-05-15,0.0,37.9,28.9,8.39,0.199,Nirmal,TS
2021-05-16,0.3,34.6,27.5,5.57,0.19,Nirmal,TS
2021-05-17,0.7,36.7,26.9,6.84,0.185,Nirmal,TS
2021-05-18,0.3,37.1,28.0,6.87,0.189,Nirmal,TS
2021-05-19,0.1,37.8,28.3,7.54,0.189,Nirmal,TS
2021-05-20,0.2,37.5,27.4,7.47,0.2,Nirmal,TS
2021-05-21,0.0,38.7,26.8,7.62,0.196,Nirmal,TS
2021-05-22,0.0,39.3,27.8,6.93,0.195,Nirmal,TS
2021-05-23,0.0,38.4,28.8,7.72,0.196,Nirmal,TS
2021-05-24,0.0,39.6,29.9,8.64,0.2,Nirmal,TS
2021-05-25,0.0,39.8,28.9,9.48,0.201,Nirmal,TS
2021-05-26,0.0,39.7,29.2,9.78,0.204,Nirmal,TS
2021-05-27,0.0,38.8,29.6,8.87,0.203,Nirmal,TS
2021-05-28,0.0,37.2,28.6,6.32,0.204,Nirmal,TS
2021-05-29,0.2,39.4,28.0,7.09,0.203,Nirmal,TS
2021-05-30,4.5,34.1,25.5,4.27,0.36,Nirmal,TS
2021-05-31,0.1,36.2,27.3,6.33,0.343,Nirmal,TS
2021-06-01,1.1,35.9,26.7,6.17,0.309,Nirmal,TS
2021-06-02,6.0,33.0,24.9,3.85,0.333,Nirmal,TS
2021-06-03,4.3,32.8,26.3,3.86,0.328,Nirmal,TS
2021-06-04,0.0,32.4,26.2,3.95,0.295,Nirmal,TS
2021-06-05,0.1,33.8,25.8,5.29,0.278,Nirmal,TS
2021-06-06,3.6,33.9,24.8,5.31,0.3,Nirmal,TS
2021-06-07,0.8,33.1,25.9,5.29,0.288,Nirmal,TS
2021-06-08,1.1,35.3,25.9,6.08,0.273,Nirmal,TS
2021-06-09,24.9,30.0,24.5,2.95,0.435,Nirmal,TS
2021-06-10,24.3,30.7,24.8,3.39,0.47,Nirmal,TS
2021-06-11,1.6,30.7,23.9,4.13,0.489,Nirmal,TS
2021-06-12,0.1,31.7,24.8,4.47,0.463,Nirmal,TS
2021-06-13,6.5,33.0,25.2,4.57,0.467,Nirmal,TS
2021-06-14,5.6,31.4,24.7,3.37,0.482,Nirmal,TS
2021-06-15,0.3,30.9,24.8,3.48,0.454,Nirmal,TS
2021-06-16,5.2,31.3,25.0,4.38,0.43,Nirmal,TS
2021-06-17,7.2,27.9,24.2,2.55,0.455,Nirmal,TS
2021-06-18,2.4,31.7,24.4,4.71,0.448,Nirmal,TS
2021-06-19,1.5,29.8,24.4,3.65,0.426,Nirmal,TS
2021-06-20,0.4,32.2,24.6,5.56,0.395,Nirmal,TS
2021-06-21,0.0,32.2,24.5,6.02,0.359,Nirmal,TS
2021-06-22,0.7,32.5,26.2,5.52,0.329,Nirmal,TS
2021-06-23,1.9,29.2,25.0,2.89,0.366,Nirmal,TS
2021-06-24,4.1,28.5,24.0,3.31,0.407,Nirmal,TS
2021-06-25,0.8,30.7,24.0,3.87,0.39,Nirmal,TS
2021-06-26,6.9,31.8,25.0,4.79,0.381,Nirmal,TS
2021-06-27,10.8,29.9,24.1,3.28,0.456,Nirmal,TS
2021-06-28,1.7,30.8,23.6,4.02,0.438,Nirmal,TS
2021-06-29,0.7,32.2,24.5,4.81,0.399,Nirmal,TS
2021-06-30,1.0,33.0,25.9,5.04,0.362,Nirmal,TS
2021-07-01,9.4,32.3,26.4,4.17,0.371,Nirmal,TS
2021-07-02,0.7,28.5,25.1,2.08,0.4,Nirmal,TS
2021-07-03,0.0,33.3,24.8,5.39,0.37,Nirmal,TS
2021-07-04,0.2,33.8,23.9,5.23,0.337,Nirmal,TS
2021-07-05,0.0,33.5,26.0,4.85,0.31,Nirmal,TS
2021-07-06,0.5,34.2,25.1,5.36,0.293,Nirmal,TS
2021-07-07,12.0,34.6,25.5,4.76,0.289,Nirmal,TS
2021-07-08,14.7,26.0,23.9,1.72,0.454,Nirmal,TS
2021-07-09,7.3,28.0,23.9,2.55,0.462,Nirmal,TS
2021-07-10,3.8,29.5,24.2,3.41,0.449,Nirmal,TS
2021-07-11,27.9,29.1,24.5,3.21,0.484,Nirmal,TS
2021-07-12,7.4,30.2,23.7,3.84,0.484,Nirmal,TS
2021-07-13,4.6,29.6,24.2,3.71,0.463,Nirmal,TS
2021-07-14,23.9,27.4,23.9,2.05,0.491,Nirmal,TS
2021-07-15,4.6,29.7,23.7,3.59,0.5,Nirmal,TS
2021-07-16,2.7,30.7,24.5,4.37,0.484,Nirmal,TS
2021-07-17,2.0,30.9,24.5,4.45,0.472,Nirmal,TS
2021-07-18,4.4,31.0,25.4,4.6,0.457,Nirmal,TS
2021-07-19,7.0,30.5,24.8,4.56,0.467,Nirmal,TS
2021-07-20,5.5,28.6,24.5,3.49,0.478,Nirmal,TS
2021-07-21,35.0,25.1,24.1,1.49,0.514,Nirmal,TS
2021-07-22,80.5,26.1,23.5,1.53,0.511,Nirmal,TS
2021-07-23,19.8,26.8,23.6,1.88,0.505,Nirmal,TS
2021-07-24,0.7,29.8,23.7,3.48,0.487,Nirmal,TS
2021-07-25,0.3,31.3,24.5,4.83,0.472,Nirmal,TS
2021-07-26,0.5,30.9,24.5,5.22,0.446,Nirmal,TS
2021-07-27,0.4,30.9,24.7,5.4,0.422,Nirmal,TS
2021-07-28,0.3,30.5,24.5,5.1,0.403,Nirmal,TS
2021-07-29,0.7,27.2,24.5,2.92,0.4,Nirmal,TS
2021-07-30,1.5,29.3,24.2,3.42,0.404,Nirmal,TS
2021-07-31,0.6,29.8,23.7,4.92,0.403,Nirmal,TS
2021-08-01,0.9,29.0,24.4,4.51,0.383,Nirmal,TS
2021-08-02,0.5,30.7,24.1,5.28,0.365,Nirmal,TS
2021-08-03,0.3,30.5,24.4,4.87,0.355,Nirmal,TS
2021-08-04,0.7,30.8,24.8,5.2,0.339,Nirmal,TS
2021-08-05,0.9,30.2,24.8,4.47,0.326,Nirmal,TS
2021-08-06,0.2,29.6,25.1,4.21,0.319,Nirmal,TS
2021-08-07,0.0,31.6,25.0,4.93,0.313,Nirmal,TS
2021-08-08,0.1,30.6,25.1,4.34,0.299,Nirmal,TS
2021-08-09,0.0,32.0,24.1,5.0,0.286,Nirmal,TS
2021-08-10,0.7,30.7,25.1,4.01,0.296,Nirmal,TS
2021-08-11,0.2,32.0,25.1,5.38,0.293,Nirmal,TS
2021-08-12,1.1,30.9,24.9,3.94,0.288,Nirmal,TS
2021-08-13,1.4,30.9,25.2,4.09,0.286,Nirmal,TS
2021-08-14,0.7,31.4,25.3,5.05,0.285,Nirmal,TS
2021-08-15,0.3,31.4,25.1,5.23,0.279,Nirmal,TS
2021-08-16,12.0,29.5,24.5,2.99,0.297,Nirmal,TS
2021-08-17,18.6,26.4,24.1,1.55,0.442,Nirmal,TS
2021-08-18,15.3,25.9,23.8,1.65,0.497,Nirmal,TS
2021-08-19,39.4,26.9,23.2,2.66,0.506,Nirmal,TS
2021-08-20,2.3,27.6,23.3,2.79,0.496,Nirmal,TS
2021-08-21,0.9,29.0,23.2,3.94,0.48,Nirmal,TS
2021-08-22,0.8,29.9,23.7,4.44,0.464,Nirmal,TS
2021-08-23,0.1,30.5,24.1,4.69,0.441,Nirmal,TS
2021-08-24,1.9,30.7,24.1,4.33,0.436,Nirmal,TS
2021-08-25,3.9,29.2,24.9,3.71,0.435,Nirmal,TS
2021-08-26,1.6,29.9,24.7,4.4,0.433,Nirmal,TS
2021-08-27,3.9,29.6,24.4,3.88,0.425,Nirmal,TS
2021-08-28,0.3,29.7,24.3,3.52,0.412,Nirmal,TS
2021-08-29,23.7,29.0,24.1,2.82,0.467,Nirmal,TS
2021-08-30,23.0,28.4,23.9,2.39,0.506,Nirmal,TS
2021-08-31,8.9,28.5,23.7,3.12,0.505,Nirmal,TS
2021-09-01,6.6,28.5,24.2,3.54,0.492,Nirmal,TS
2021-09-02,1.4,28.6,24.0,3.74,0.494,Nirmal,TS
2021-09-03,4.6,28.2,24.1,3.1,0.492,Nirmal,TS
2021-09-04,17.6,28.6,24.0,3.05,0.502,Nirmal,TS
2021-09-05,14.2,29.2,23.5,3.14,0.502,Nirmal,TS
2021-09-06,24.3,27.4,23.1,2.13,0.509,Nirmal,TS
2021-09-07,46.5,27.9,23.4,2.28,0.508,Nirmal,TS
2021-09-08,2.2,29.8,23.7,4.11,0.483,Nirmal,TS
2021-09-09,0.4,30.5,24.2,4.51,0.467,Nirmal,TS
2021-09-10,0.8,30.0,24.3,4.35,0.443,Nirmal,TS
2021-09-11,1.7,29.3,24.4,3.32,0.437,Nirmal,TS
2021-09-12,1.0,29.8,24.1,3.28,0.428,Nirmal,TS
2021-09-13,5.3,29.3,24.7,3.66,0.429,Nirmal,TS
2021-09-14,0.6,29.0,24.6,3.13,0.461,Nirmal,TS
2021-09-15,0.4,29.9,24.5,4.36,0.432,Nirmal,TS
2021-09-16,0.0,30.0,24.1,4.25,0.407,Nirmal,TS
2021-09-17,0.3,30.3,23.6,4.45,0.383,Nirmal,TS
2021-09-18,0.5,30.5,24.3,3.78,0.374,Nirmal,TS
2021-09-19,0.7,30.1,22.9,4.15,0.358,Nirmal,TS
2021-09-20,19.1,29.1,24.0,2.73,0.375,Nirmal,TS
2021-09-21,14.5,26.9,23.1,2.25,0.465,Nirmal,TS
2021-09-22,12.7,27.1,23.0,2.33,0.5,Nirmal,TS
2021-09-23,9.7,28.1,23.0,2.59,0.5,Nirmal,TS
2021-09-24,9.3,28.5,23.1,2.92,0.5,Nirmal,TS
2021-09-25,5.5,28.8,23.6,3.12,0.489,Nirmal,TS
2021-09-26,12.0,28.5,23.5,2.95,0.493,Nirmal,TS
2021-09-27,45.4,27.7,23.9,1.92,0.505,Nirmal,TS
2021-09-28,45.0,27.3,23.6,2.33,0.505,Nirmal,TS
2021-09-29,0.0,29.4,23.0,3.73,0.473,Nirmal,TS
2021-09-30,0.5,30.0,24.0,4.04,0.448,Nirmal,TS
2021-10-01,10.0,30.5,23.9,3.97,0.445,Nirmal,TS
2021-10-02,7.0,29.3,23.6,3.14,0.485,Nirmal,TS
2021-10-03,0.7,30.4,23.5,3.87,0.453,Nirmal,TS
2021-10-04,10.9,31.2,24.1,3.71,0.457,Nirmal,TS
2021-10-05,3.5,29.6,24.2,3.34,0.475,Nirmal,TS
2021-10-06,4.7,30.0,23.9,3.7,0.474,Nirmal,TS
2021-10-07,0.2,31.1,23.5,4.18,0.447,Nirmal,TS
2021-10-08,4.6,30.4,24.8,3.79,0.426,Nirmal,TS
2021-10-09,14.5,28.6,24.3,2.72,0.464,Nirmal,TS
2021-10-10,0.2,31.9,22.7,4.22,0.449,Nirmal,TS
2021-10-11,0.0,31.6,21.4,4.54,0.414,Nirmal,TS
2021-10-12,0.0,31.6,20.8,4.99,0.392,Nirmal,TS
2021-10-13,0.0,31.9,21.1,4.92,0.371,Nirmal,TS
2021-10-14,0.0,32.5,23.4,4.87,0.348,Nirmal,TS
2021-10-15,1.3,31.9,22.7,5.09,0.326,Nirmal,TS
2021-10-16,26.0,29.5,23.2,2.51,0.427,Nirmal,TS
2021-10-17,19.9,29.1,22.8,3.23,0.489,Nirmal,TS
2021-10-18,1.1,29.8,23.4,3.87,0.476,Nirmal,TS
2021-10-19,0.0,30.3,22.1,4.58,0.455,Nirmal,TS
2021-10-20,0.0,30.2,20.8,4.75,0.431,Nirmal,TS
2021-10-21,0.0,30.1,19.9,4.77,0.409,Nirmal,TS
2021-10-22,0.0,30.4,19.1,4.56,0.39,Nirmal,TS
2021-10-23,0.0,29.5,18.5,4.54,0.376,Nirmal,TS
2021-10-24,0.0,29.2,19.2,4.31,0.36,Nirmal,TS
2021-10-25,0.0,30.1,18.9,4.77,0.346,Nirmal,TS
2021-10-26,0.0,29.4,17.8,3.97,0.329,Nirmal,TS
2021-10-27,0.0,29.5,18.5,4.59,0.315,Nirmal,TS
2021-10-28,0.0,29.6,19.8,5.18,0.301,Nirmal,TS
2021-10-29,0.0,29.6,20.3,5.14,0.29,Nirmal,TS
2021-10-30,0.0,30.6,21.3,4.83,0.282,Nirmal,TS
2021-10-31,0.0,30.6,20.2,4.67,0.267,Nirmal,TS
2021-11-01,0.0,29.7,18.7,4.64,0.256,Nirmal,TS
2021-11-02,0.0,28.3,20.3,3.45,0.247,Nirmal,TS
2021-11-03,2.1,29.5,21.2,3.22,0.235,Nirmal,TS
2021-11-04,0.1,30.1,21.0,3.92,0.229,Nirmal,TS
2021-11-05,0.1,29.9,21.1,3.99,0.22,Nirmal,TS
2021-11-06,0.0,30.8,19.9,4.64,0.212,Nirmal,TS
2021-11-07,0.0,29.7,19.5,4.55,0.206,Nirmal,TS
2021-11-08,0.0,29.6,19.2,5.18,0.204,Nirmal,TS
2021-11-09,0.0,29.8,19.3,5.06,0.202,Nirmal,TS
2021-11-10,0.0,30.2,19.7,5.17,0.205,Nirmal,TS
2021-11-11,0.0,27.7,20.0,4.06,0.207,Nirmal,TS
2021-11-12,2.6,28.5,22.3,3.15,0.214,Nirmal,TS
2021-11-13,2.0,30.3,22.6,2.97,0.212,Nirmal,TS
2021-11-14,1.5,29.0,22.3,2.66,0.296,Nirmal,TS
2021-11-15,0.0,29.6,22.2,3.35,0.313,Nirmal,TS
2021-11-16,0.7,30.3,22.6,3.64,0.307,Nirmal,TS
2021-11-17,1.8,30.1,22.0,3.47,0.304,Nirmal,TS
2021-11-18,0.1,30.9,22.2,3.47,0.288,Nirmal,TS
2021-11-19,1.2,30.5,22.8,3.51,0.275,Nirmal,TS
2021-11-20,11.1,29.1,22.7,2.57,0.326,Nirmal,TS
2021-11-21,0.9,30.2,22.6,3.51,0.306,Nirmal,TS
2021-11-22,2.4,30.4,22.7,3.15,0.301,Nirmal,TS
2021-11-23,1.2,29.7,22.2,3.28,0.385,Nirmal,TS
2021-11-24,0.0,30.8,21.9,3.87,0.376,Nirmal,TS
2021-11-25,0.0,31.1,20.9,3.95,0.345,Nirmal,TS
2021-11-26,0.0,30.4,20.5,4.1,0.321,Nirmal,TS
2021-11-27,0.0,29.9,19.5,4.42,0.301,Nirmal,TS
2021-11-28,0.0,28.8,17.6,4.53,0.284,Nirmal,TS
2021-11-29,0.0,29.2,19.8,4.55,0.267,Nirmal,TS
2021-11-30,0.0,28.7,20.4,4.08,0.255,Nirmal,TS
2021-12-01,0.0,29.4,19.6,4.47,0.244,Nirmal,TS
2021-12-02,0.0,29.0,17.9,3.85,0.233,Nirmal,TS
2021-12-03,0.0,29.6,19.7,3.95,0.226,Nirmal,TS
2021-12-04,0.0,29.7,19.9,4.36,0.22,Nirmal,TS
2021-12-05,0.0,30.3,19.7,4.32,0.212,Nirmal,TS
2021-12-06,0.0,30.5,18.8,3.99,0.208,Nirmal,TS
2021-12-07,0.0,30.1,20.1,4.04,0.207,Nirmal,TS
2021-12-08,0.0,29.7,20.6,4.13,0.213,Nirmal,TS
2021-12-09,0.0,30.2,20.5,3.74,0.219,Nirmal,TS
2021-12-10,0.0,29.8,20.3,3.87,0.22,Nirmal,TS
2021-12-11,0.0,29.9,20.1,4.1,0.218,Nirmal,TS
2021-12-12,0.0,28.6,18.2,4.1,0.215,Nirmal,TS
2021-12-13,0.0,28.3,18.1,4.1,0.212,Nirmal,TS
2021-12-14,0.0,27.6,17.8,3.8,0.21,Nirmal,TS
2021-12-15,0.0,27.1,16.7,3.56,0.208,Nirmal,TS
2021-12-16,0.0,27.3,16.1,3.79,0.21,Nirmal,TS
2021-12-17,0.0,27.1,15.1,3.82,0.21,Nirmal,TS
2021-12-18,0.0,27.2,15.7,3.67,0.208,Nirmal,TS
2021-12-19,0.0,26.1,16.2,3.87,0.204,Nirmal,TS
2021-12-20,0.0,25.7,14.2,3.89,0.206,Nirmal,TS
2021-12-21,0.0,25.9,11.7,3.57,0.206,Nirmal,TS
2021-12-22,0.0,26.7,13.0,3.62,0.202,Nirmal,TS
2021-12-23,0.0,27.2,14.9,3.64,0.207,Nirmal,TS
2021-12-24,0.0,28.6,16.0,3.68,0.215,Nirmal,TS
2021-12-25,0.0,29.0,17.5,3.74,0.208,Nirmal,TS
2021-12-26,0.0,27.8,16.4,3.44,0.208,Nirmal,TS
2021-12-27,0.0,27.9,17.2,3.39,0.21,Nirmal,TS
2021-12-28,0.1,28.9,17.8,3.58,0.214,Nirmal,TS
2021-12-29,2.1,26.5,17.4,3.15,0.218,Nirmal,TS
2021-12-30,0.1,25.5,17.0,3.02,0.222,Nirmal,TS
2021-12-31,0.0,26.8,16.5,3.42,0.228,Nirmal,TS
2022-01-01,0.0,27.4,17.8,3.41,0.23,Nirmal,TS
2022-01-02,0.0,27.8,17.2,3.51,0.224,Nirmal,TS
2022-01-03,0.0,27.0,17.1,3.48,0.215,Nirmal,TS
2022-01-04,0.0,27.5,15.6,3.69,0.211,Nirmal,TS
2022-01-05,0.0,26.7,16.1,3.5,0.213,Nirmal,TS
2022-01-06,0.0,28.3,17.4,3.64,0.213,Nirmal,TS
2022-01-07,0.0,28.3,16.6,4.29,0.21,Nirmal,TS
2022-01-08,0.0,27.0,18.5,3.21,0.206,Nirmal,TS
2022-01-09,1.9,28.1,19.3,3.38,0.21,Nirmal,TS
2022-01-10,2.5,25.7,18.6,2.34,0.229,Nirmal,TS
2022-01-11,6.5,21.3,17.9,1.89,0.285,Nirmal,TS
2022-01-12,0.3,24.7,17.5,2.48,0.342,Nirmal,TS
2022-01-13,12.3,24.4,17.8,2.35,0.383,Nirmal,TS
2022-01-14,3.7,23.3,16.4,1.92,0.414,Nirmal,TS
2022-01-15,0.5,24.4,15.8,2.52,0.389,Nirmal,TS
2022-01-16,0.0,26.0,16.9,3.41,0.37,Nirmal,TS
2022-01-17,0.0,26.2,16.7,3.26,0.352,Nirmal,TS
2022-01-18,0.0,25.9,15.5,3.4,0.334,Nirmal,TS
2022-01-19,0.0,26.4,15.3,3.59,0.313,Nirmal,TS
2022-01-20,0.0,27.5,15.0,3.69,0.296,Nirmal,TS
2022-01-21,0.0,28.6,16.5,4.28,0.282,Nirmal,TS
2022-01-22,0.0,29.1,16.3,3.99,0.269,Nirmal,TS
2022-01-23,0.0,26.7,17.4,4.0,0.259,Nirmal,TS
2022-01-24,0.0,24.4,15.1,4.04,0.247,Nirmal,TS
2022-01-25,0.0,24.2,14.0,4.12,0.239,Nirmal,TS
2022-01-26,0.0,25.0,13.7,4.03,0.235,Nirmal,TS
2022-01-27,0.0,25.1,14.5,4.41,0.229,Nirmal,TS
2022-01-28,0.0,24.3,13.1,4.19,0.222,Nirmal,TS
2022-01-29,0.0,25.2,11.5,3.94,0.216,Nirmal,TS
2022-01-30,0.0,26.5,13.4,4.04,0.212,Nirmal,TS
2022-01-31,0.0,28.2,13.8,4.21,0.209,Nirmal,TS
2022-02-01,0.0,28.8,14.6,4.29,0.209,Nirmal,TS
2022-02-02,0.0,28.8,16.2,4.21,0.208,Nirmal,TS
2022-02-03,0.0,31.0,16.4,4.69,0.206,Nirmal,TS
2022-02-04,0.0,26.0,16.4,4.86,0.204,Nirmal,TS
2022-02-05,0.0,26.7,13.1,4.76,0.201,Nirmal,TS
2022-02-06,0.0,28.2,14.4,4.55,0.204,Nirmal,TS
2022-02-07,0.0,28.9,15.7,4.46,0.207,Nirmal,TS
2022-02-08,0.0,30.0,17.5,4.39,0.21,Nirmal,TS
2022-02-09,0.1,30.4,19.3,4.37,0.223,Nirmal,TS
2022-02-10,0.0,28.4,19.3,4.02,0.229,Nirmal,TS
2022-02-11,0.0,27.6,17.8,4.71,0.231,Nirmal,TS
2022-02-12,0.0,27.9,15.1,4.72,0.227,Nirmal,TS
2022-02-13,0.0,28.1,14.3,4.62,0.221,Nirmal,TS
2022-02-14,0.0,29.1,15.2,4.96,0.221,Nirmal,TS
2022-02-15,0.0,29.1,17.5,4.66,0.22,Nirmal,TS
2022-02-16,0.5,28.2,18.6,3.95,0.216,Nirmal,TS
2022-02-17,0.0,28.3,20.3,4.62,0.214,Nirmal,TS
2022-02-18,0.0,30.0,18.5,3.99,0.21,Nirmal,TS
2022-02-19,0.0,31.3,19.8,4.96,0.209,Nirmal,TS
2022-02-20,0.0,31.8,19.7,4.84,0.212,Nirmal,TS
2022-02-21,0.0,30.9,17.2,4.95,0.21,Nirmal,TS
2022-02-22,0.0,31.8,17.0,5.15,0.206,Nirmal,TS
2022-02-23,0.0,32.4,17.9,5.32,0.203,Nirmal,TS
2022-02-24,0.0,32.2,19.2,4.97,0.201,Nirmal,TS
2022-02-25,0.0,31.2,20.9,5.06,0.2,Nirmal,TS
2022-02-26,0.0,32.4,19.8,5.54,0.202,Nirmal,TS
2022-02-27,0.0,32.0,19.6,5.41,0.187,Nirmal,TS
2022-02-28,0.0,32.5,20.6,5.33,0.182,Nirmal,TS
2022-03-01,0.0,32.7,20.4,5.13,0.182,Nirmal,TS
2022-03-02,0.0,32.3,20.5,5.13,0.186,Nirmal,TS
2022-03-03,0.0,32.9,19.2,5.16,0.189,Nirmal,TS
2022-03-04,0.0,32.3,20.8,5.19,0.194,Nirmal,TS
2022-03-05,0.0,32.3,20.3,5.1,0.19,Nirmal,TS
2022-03-06,0.0,32.8,21.3,5.68,0.19,Nirmal,TS
2022-03-07,0.0,32.8,20.6,5.27,0.19,Nirmal,TS
2022-03-08,0.0,32.7,20.3,5.34,0.191,Nirmal,TS
2022-03-09,0.0,33.2,22.0,5.97,0.188,Nirmal,TS
2022-03-10,0.0,33.0,22.6,5.68,0.196,Nirmal,TS
2022-03-11,0.0,33.5,22.3,5.45,0.206,Nirmal,TS
2022-03-12,0.0,33.2,20.9,5.23,0.208,Nirmal,TS
2022-03-13,0.0,34.4,20.9,6.07,0.207,Nirmal,TS
2022-03-14,0.0,35.2,19.3,6.14,0.206,Nirmal,TS
2022-03-15,0.0,36.1,20.8,6.22,0.211,Nirmal,TS
2022-03-16,0.0,37.3,21.3,6.79,0.207,Nirmal,TS
2022-03-17,0.0,38.0,21.0,6.65,0.215,Nirmal,TS
2022-03-18,0.0,37.7,21.5,6.16,0.219,Nirmal,TS
2022-03-19,0.0,35.7,24.3,5.73,0.21,Nirmal,TS
2022-03-20,0.0,35.7,23.7,5.6,0.209,Nirmal,TS
2022-03-21,0.0,37.0,22.8,5.97,0.203,Nirmal,TS
2022-03-22,0.0,35.8,23.0,5.25,0.2,Nirmal,TS
2022-03-23,0.0,38.0,22.2,6.47,0.199,Nirmal,TS
2022-03-24,0.0,35.6,24.2,5.35,0.199,Nirmal,TS
2022-03-25,0.1,34.5,24.6,4.89,0.199,Nirmal,TS
2022-03-26,0.3,35.8,25.8,5.39,0.2,Nirmal,TS
2022-03-27,0.0,38.1,24.6,5.63,0.199,Nirmal,TS
2022-03-28,0.0,39.2,23.7,6.42,0.199,Nirmal,TS
2022-03-29,0.0,39.2,24.0,6.68,0.199,Nirmal,TS
2022-03-30,0.0,39.0,22.4,6.57,0.202,Nirmal,TS
2022-03-31,0.0,39.4,23.4,6.85,0.199,Nirmal,TS
2022-04-01,0.0,38.4,23.5,7.18,0.199,Nirmal,TS
2022-04-02,0.0,38.1,23.4,6.32,0.199,Nirmal,TS
2022-04-03,0.0,37.8,25.5,6.07,0.199,Nirmal,TS
2022-04-04,0.0,37.5,26.0,6.4,0.205,Nirmal,TS
2022-04-05,0.0,38.3,25.8,6.65,0.206,Nirmal,TS
2022-04-06,0.0,38.5,26.0,6.64,0.206,Nirmal,TS
2022-04-07,0.0,38.1,26.0,6.41,0.206,Nirmal,TS
2022-04-08,0.0,37.6,26.5,6.41,0.201,Nirmal,TS
2022-04-09,0.0,37.5,26.5,6.63,0.206,Nirmal,TS
2022-04-10,0.0,37.4,26.4,6.38,0.207,Nirmal,TS
2022-04-11,0.0,38.1,26.6,6.58,0.205,Nirmal,TS
2022-04-12,0.0,38.1,26.6,6.51,0.198,Nirmal,TS
2022-04-13,0.0,38.3,26.6,6.55,0.197,Nirmal,TS
2022-04-14,0.0,38.8,26.7,6.97,0.204,Nirmal,TS
2022-04-15,0.0,38.2,28.0,6.45,0.204,Nirmal,TS
2022-04-16,0.0,38.8,27.3,6.82,0.202,Nirmal,TS
2022-04-17,0.0,38.7,27.2,6.81,0.205,Nirmal,TS
2022-04-18,0.0,38.9,26.2,6.55,0.208,Nirmal,TS
2022-04-19,0.0,40.8,25.3,7.04,0.208,Nirmal,TS
2022-04-20,0.0,41.4,26.0,7.64,0.211,Nirmal,TS
2022-04-21,0.0,39.5,27.0,7.33,0.205,Nirmal,TS
2022-04-22,0.4,34.7,27.8,4.26,0.202,Nirmal,TS
2022-04-23,0.3,36.7,26.5,5.9,0.198,Nirmal,TS
2022-04-24,0.0,39.0,26.9,6.33,0.201,Nirmal,TS
2022-04-25,0.0,40.6,26.7,7.0,0.204,Nirmal,TS
2022-04-26,0.0,40.7,27.2,6.84,0.209,Nirmal,TS
2022-04-27,0.0,41.3,27.9,7.11,0.209,Nirmal,TS
2022-04-28,0.0,40.2,27.5,7.27,0.199,Nirmal,TS
2022-04-29,0.0,41.9,27.3,7.42,0.192,Nirmal,TS
2022-04-30,0.0,40.8,28.0,7.36,0.195,Nirmal,TS
2022-05-01,0.0,40.7,27.7,7.78,0.194,Nirmal,TS
2022-05-02,0.0,40.7,26.6,7.02,0.199,Nirmal,TS
2022-05-03,0.0,40.5,29.5,7.1,0.199,Nirmal,TS
2022-05-04,0.0,38.6,27.8,6.55,0.199,Nirmal,TS
2022-05-05,0.1,38.9,28.8,7.04,0.199,Nirmal,TS
2022-05-06,0.0,41.0,26.2,7.32,0.198,Nirmal,TS
2022-05-07,0.0,40.2,27.7,7.39,0.196,Nirmal,TS
2022-05-08,0.0,39.2,29.1,5.95,0.205,Nirmal,TS
2022-05-09,0.0,40.4,27.7,6.94,0.204,Nirmal,TS
2022-05-10,0.0,41.5,27.6,8.49,0.206,Nirmal,TS
2022-05-11,0.0,39.1,29.4,6.83,0.205,Nirmal,TS
2022-05-12,0.0,39.3,29.1,6.67,0.203,Nirmal,TS
2022-05-13,0.0,40.0,29.1,6.58,0.199,Nirmal,TS
2022-05-14,0.0,41.8,30.4,7.57,0.199,Nirmal,TS
2022-05-15,0.0,41.4,30.2,7.77,0.201,Nirmal,TS
2022-05-16,2.1,34.7,27.8,4.12,0.22,Nirmal,TS
2022-05-17,0.0,39.4,28.8,6.61,0.206,Nirmal,TS
2022-05-18,0.0,38.5,29.9,6.65,0.202,Nirmal,TS
2022-05-19,0.0,38.0,28.5,6.21,0.201,Nirmal,TS
2022-05-20,0.7,37.0,28.5,5.82,0.201,Nirmal,TS
2022-05-21,0.0,41.1,28.3,8.23,0.201,Nirmal,TS
2022-05-22,0.0,39.4,28.1,9.35,0.2,Nirmal,TS
2022-05-23,0.0,38.7,28.6,8.88,0.196,Nirmal,TS
2022-05-24,0.0,39.7,29.7,7.81,0.195,Nirmal,TS
2022-05-25,0.0,39.0,28.7,7.05,0.196,Nirmal,TS
2022-05-26,0.2,38.7,29.1,6.84,0.2,Nirmal,TS
2022-05-27,0.0,39.4,27.0,7.34,0.2,Nirmal,TS
2022-05-28,0.0,39.3,28.0,8.59,0.2,Nirmal,TS
2022-05-29,0.0,39.4,29.2,8.08,0.2,Nirmal,TS
2022-05-30,0.0,39.8,28.7,7.77,0.199,Nirmal,TS
2022-05-31,0.1,39.3,28.3,7.03,0.194,Nirmal,TS
2022-06-01,0.8,38.8,27.6,5.95,0.199,Nirmal,TS
2022-06-02,0.0,40.7,28.7,7.93,0.2,Nirmal,TS
2022-06-03,0.0,41.2,29.5,8.17,0.198,Nirmal,TS
2022-06-04,0.0,40.4,31.0,7.0,0.196,Nirmal,TS
2022-06-05,0.0,38.7,30.6,5.53,0.19,Nirmal,TS
2022-06-06,0.0,40.6,29.2,8.67,0.192,Nirmal,TS
2022-06-07,0.0,40.8,29.7,8.74,0.193,Nirmal,TS
2022-06-08,0.0,40.6,31.4,9.04,0.191,Nirmal,TS
2022-06-09,0.0,39.6,27.8,7.7,0.19,Nirmal,TS
2022-06-10,0.0,38.1,29.2,7.03,0.198,Nirmal,TS
2022-06-11,1.3,35.6,27.6,7.01,0.226,Nirmal,TS
2022-06-12,3.9,34.1,25.4,5.73,0.24,Nirmal,TS
2022-06-13,0.1,34.5,25.2,4.12,0.233,Nirmal,TS
2022-06-14,0.4,34.9,25.3,5.89,0.223,Nirmal,TS
2022-06-15,22.2,33.0,25.1,4.9,0.308,Nirmal,TS
2022-06-16,1.6,33.2,24.3,4.54,0.315,Nirmal,TS
2022-06-17,8.5,33.4,24.9,4.36,0.316,Nirmal,TS
2022-06-18,0.7,34.2,26.4,5.32,0.282,Nirmal,TS
2022-06-19,10.1,33.3,25.0,4.58,0.285,Nirmal,TS
2022-06-20,8.3,33.9,25.3,4.59,0.291,Nirmal,TS
2022-06-21,26.4,31.9,24.2,3.9,0.444,Nirmal,TS
2022-06-22,17.1,29.8,24.6,2.66,0.489,Nirmal,TS
2022-06-23,2.2,31.9,24.3,4.94,0.455,Nirmal,TS
2022-06-24,2.3,29.5,24.5,3.14,0.439,Nirmal,TS
2022-06-25,8.1,30.9,25.1,4.11,0.444,Nirmal,TS
2022-06-26,1.5,30.9,24.7,4.08,0.442,Nirmal,TS
2022-06-27,12.1,28.9,24.5,3.91,0.476,Nirmal,TS
2022-06-28,3.7,30.2,24.0,3.88,0.455,Nirmal,TS
2022-06-29,0.0,31.9,24.3,4.77,0.442,Nirmal,TS
2022-06-30,4.8,30.7,25.9,3.95,0.418,Nirmal,TS
2022-07-01,3.1,31.2,24.4,4.25,0.458,Nirmal,TS
2022-07-02,9.2,27.7,24.9,1.95,0.481,Nirmal,TS
2022-07-03,4.2,29.6,25.1,3.14,0.486,Nirmal,TS
2022-07-04,21.0,28.8,24.3,2.62,0.509,Nirmal,TS
2022-07-05,12.9,27.5,23.8,2.55,0.508,Nirmal,TS
2022-07-06,3.4,28.7,23.6,2.78,0.498,Nirmal,TS
2022-07-07,2.4,28.8,24.3,3.26,0.495,Nirmal,TS
2022-07-08,60.4,25.3,23.9,1.33,0.506,Nirmal,TS
2022-07-09,26.1,27.5,23.4,1.92,0.514,Nirmal,TS
2022-07-10,31.6,25.2,23.3,1.28,0.51,Nirmal,TS
2022-07-11,44.0,24.8,23.4,1.41,0.512,Nirmal,TS
2022-07-12,119.8,24.5,23.4,1.29,0.512,Nirmal,TS
2022-07-13,155.5,23.6,22.9,1.17,0.514,Nirmal,TS
2022-07-14,58.0,26.6,22.6,2.67,0.51,Nirmal,TS
2022-07-15,20.5,28.6,23.3,3.15,0.5,Nirmal,TS
2022-07-16,0.7,30.1,23.7,3.87,0.489,Nirmal,TS
2022-07-17,18.4,28.7,24.2,2.6,0.5,Nirmal,TS
2022-07-18,25.1,28.3,23.5,3.26,0.509,Nirmal,TS
2022-07-19,2.1,29.8,24.1,4.64,0.487,Nirmal,TS
2022-07-20,0.6,30.8,23.7,5.01,0.471,Nirmal,TS
2022-07-21,1.9,30.2,24.1,4.05,0.485,Nirmal,TS
2022-07-22,6.5,28.9,24.1,2.81,0.494,Nirmal,TS
2022-07-23,48.4,25.1,23.5,1.2,0.515,Nirmal,TS
2022-07-24,4.7,26.5,23.4,1.71,0.503,Nirmal,TS
2022-07-25,9.4,28.0,23.5,2.57,0.502,Nirmal,TS
2022-07-26,8.8,26.6,23.3,2.49,0.502,Nirmal,TS
2022-07-27,7.3,28.9,23.2,3.63,0.501,Nirmal,TS
2022-07-28,5.6,30.6,23.3,4.67,0.489,Nirmal,TS
2022-07-29,6.0,30.7,23.7,4.18,0.491,Nirmal,TS
2022-07-30,14.7,29.8,23.4,3.57,0.499,Nirmal,TS
2022-07-31,0.9,30.9,24.0,4.44,0.477,Nirmal,TS
2022-08-01,5.1,31.2,24.7,4.43,0.448,Nirmal,TS
2022-08-02,0.5,31.2,24.4,4.96,0.423,Nirmal,TS
2022-08-03,18.8,29.5,24.8,3.74,0.454,Nirmal,TS
2022-08-04,18.7,29.6,23.4,3.96,0.496,Nirmal,TS
2022-08-05,29.7,30.0,24.1,4.24,0.503,Nirmal,TS
2022-08-06,14.5,30.2,24.5,4.13,0.5,Nirmal,TS
2022-08-07,15.9,27.5,24.2,2.24,0.508,Nirmal,TS
2022-08-08,35.7,25.5,23.7,1.64,0.506,Nirmal,TS
2022-08-09,12.4,26.2,23.8,2.21,0.502,Nirmal,TS
2022-08-10,6.0,27.7,23.4,3.16,0.502,Nirmal,TS
2022-08-11,2.9,29.7,23.6,4.34,0.496,Nirmal,TS
2022-08-12,0.5,31.1,24.9,4.85,0.469,Nirmal,TS
2022-08-13,6.0,30.4,23.9,4.61,0.46,Nirmal,TS
2022-08-14,11.2,26.7,23.7,1.69,0.499,Nirmal,TS
2022-08-15,22.8,25.3,23.3,1.48,0.511,Nirmal,TS
2022-08-16,0.2,29.8,23.6,4.43,0.486,Nirmal,TS
2022-08-17,0.1,30.8,23.6,5.25,0.457,Nirmal,TS
2022-08-18,0.3,31.1,24.0,5.23,0.428,Nirmal,TS
2022-08-19,0.4,30.2,24.6,4.76,0.407,Nirmal,TS
2022-08-20,0.7,30.5,24.7,4.57,0.39,Nirmal,TS
2022-08-21,0.2,29.4,24.3,4.7,0.377,Nirmal,TS
2022-08-22,0.9,30.2,24.4,4.81,0.363,Nirmal,TS
2022-08-23,0.6,30.8,24.1,4.97,0.357,Nirmal,TS
2022-08-24,0.0,31.0,24.8,5.11,0.343,Nirmal,TS
2022-08-25,2.0,30.6,23.6,4.46,0.328,Nirmal,TS
2022-08-26,0.5,31.2,23.2,4.79,0.316,Nirmal,TS
2022-08-27,0.5,31.4,23.8,5.07,0.307,Nirmal,TS
2022-08-28,0.8,31.8,24.7,5.12,0.293,Nirmal,TS
2022-08-29,2.7,30.5,24.4,3.65,0.305,Nirmal,TS
2022-08-30,1.8,32.1,24.0,4.59,0.332,Nirmal,TS
2022-08-31,18.5,31.2,23.4,4.42,0.446,Nirmal,TS
2022-09-01,6.6,30.3,23.7,4.49,0.429,Nirmal,TS
2022-09-02,0.3,32.0,24.3,5.02,0.379,Nirmal,TS
2022-09-03,2.1,32.3,24.5,5.04,0.351,Nirmal,TS
2022-09-04,11.0,29.9,24.0,3.19,0.444,Nirmal,TS
2022-09-05,7.2,29.8,23.7,3.72,0.429,Nirmal,TS
2022-09-06,1.0,30.5,23.4,4.26,0.377,Nirmal,TS
2022-09-07,10.2,30.7,24.0,3.94,0.392,Nirmal,TS
2022-09-08,19.5,29.7,23.6,3.25,0.473,Nirmal,TS
2022-09-09,8.3,30.5,23.9,3.27,0.492,Nirmal,TS
2022-09-10,23.3,28.3,23.3,2.45,0.507,Nirmal,TS
2022-09-11,25.0,26.0,23.5,1.56,0.51,Nirmal,TS
2022-09-12,21.3,27.9,23.8,2.43,0.509,Nirmal,TS
2022-09-13,2.7,29.3,24.1,3.49,0.497,Nirmal,TS
2022-09-14,0.5,30.3,24.6,4.68,0.471,Nirmal,TS
2022-09-15,0.4,30.3,24.0,4.47,0.463,Nirmal,TS
2022-09-16,0.7,29.6,24.1,4.29,0.449,Nirmal,TS
2022-09-17,2.5,30.1,23.8,3.99,0.436,Nirmal,TS
2022-09-18,1.7,29.7,23.2,3.66,0.42,Nirmal,TS
2022-09-19,9.4,29.9,23.7,3.27,0.44,Nirmal,TS
2022-09-20,1.6,28.5,23.0,3.05,0.471,Nirmal,TS
2022-09-21,2.5,28.9,23.7,3.3,0.468,Nirmal,TS
2022-09-22,3.6,28.0,23.2,3.08,0.47,Nirmal,TS
2022-09-23,0.0,29.2,23.2,4.45,0.457,Nirmal,TS
2022-09-24,0.0,29.5,22.1,4.65,0.424,Nirmal,TS
2022-09-25,0.6,30.3,22.4,4.27,0.403,Nirmal,TS
2022-09-26,1.1,30.4,22.6,3.55,0.406,Nirmal,TS
2022-09-27,7.1,29.9,23.1,3.39,0.442,Nirmal,TS
2022-09-28,14.1,29.8,23.3,3.29,0.461,Nirmal,TS
2022-09-29,13.0,29.4,23.2,2.54,0.465,Nirmal,TS
2022-09-30,0.1,31.5,22.7,4.72,0.434,Nirmal,TS
2022-10-01,0.0,31.4,24.2,4.89,0.395,Nirmal,TS
2022-10-02,0.5,31.5,23.6,5.09,0.364,Nirmal,TS
2022-10-03,0.0,31.4,23.9,5.29,0.338,Nirmal,TS
2022-10-04,0.1,31.2,24.1,4.64,0.316,Nirmal,TS
2022-10-05,18.1,29.3,23.7,3.28,0.353,Nirmal,TS
2022-10-06,22.1,27.2,22.8,2.31,0.469,Nirmal,TS
2022-10-07,1.1,29.1,22.5,3.79,0.468,Nirmal,TS
2022-10-08,0.8,29.5,22.9,4.14,0.442,Nirmal,TS
2022-10-09,6.0,30.0,22.8,3.99,0.412,Nirmal,TS
2022-10-10,8.6,28.3,22.9,2.74,0.46,Nirmal,TS
2022-10-11,13.7,29.4,22.9,3.31,0.487,Nirmal,TS
2022-10-12,8.3,27.6,22.6,2.76,0.48,Nirmal,TS
2022-10-13,6.3,28.6,22.3,3.32,0.493,Nirmal,TS
2022-10-14,12.1,28.8,22.4,3.43,0.496,Nirmal,TS
2022-10-15,3.5,29.8,22.5,4.0,0.481,Nirmal,TS
2022-10-16,9.7,28.7,22.3,3.07,0.482,Nirmal,TS
2022-10-17,1.5,29.8,22.6,3.94,0.449,Nirmal,TS
2022-10-18,1.7,28.5,22.4,3.23,0.436,Nirmal,TS
2022-10-19,5.7,28.8,21.8,3.48,0.465,Nirmal,TS
2022-10-20,1.5,28.7,22.2,3.73,0.437,Nirmal,TS
2022-10-21,0.0,30.1,22.3,4.58,0.406,Nirmal,TS
2022-10-22,0.0,28.9,19.6,5.07,0.381,Nirmal,TS
2022-10-23,0.0,28.8,19.4,5.19,0.354,Nirmal,TS
2022-10-24,0.0,28.5,18.3,4.84,0.334,Nirmal,TS
2022-10-25,0.0,29.7,16.9,4.55,0.32,Nirmal,TS
2022-10-26,0.0,29.4,17.7,4.36,0.31,Nirmal,TS
2022-10-27,0.0,29.2,18.3,4.49,0.301,Nirmal,TS
2022-10-28,0.0,29.6,17.3,4.76,0.289,Nirmal,TS
2022-10-29,0.0,29.5,17.0,4.78,0.28,Nirmal,TS
2022-10-30,0.0,29.5,17.0,4.63,0.276,Nirmal,TS
2022-10-31,0.0,28.1,16.7,4.47,0.265,Nirmal,TS
2022-11-01,0.0,29.3,18.0,4.24,0.255,Nirmal,TS
2022-11-02,0.0,29.5,20.8,3.98,0.243,Nirmal,TS
2022-11-03,0.0,30.5,19.3,4.74,0.234,Nirmal,TS
2022-11-04,0.0,30.5,18.5,4.93,0.227,Nirmal,TS
2022-11-05,0.0,30.6,18.0,4.42,0.223,Nirmal,TS
2022-11-06,0.0,30.6,18.5,4.14,0.218,Nirmal,TS
2022-11-07,0.0,30.8,19.1,4.33,0.217,Nirmal,TS
2022-11-08,0.0,30.8,19.3,4.55,0.214,Nirmal,TS
2022-11-09,0.0,29.8,18.3,4.82,0.211,Nirmal,TS
2022-11-10,0.0,29.9,18.2,5.09,0.211,Nirmal,TS
2022-11-11,0.0,30.1,18.8,5.08,0.207,Nirmal,TS
2022-11-12,0.0,30.0,18.7,4.92,0.205,Nirmal,TS
2022-11-13,0.0,29.5,19.1,4.68,0.203,Nirmal,TS
2022-11-14,0.0,29.8,18.9,4.4,0.202,Nirmal,TS
2022-11-15,0.0,29.5,16.9,4.58,0.198,Nirmal,TS
2022-11-16,0.0,28.8,16.0,4.25,0.194,Nirmal,TS
2022-11-17,0.0,29.4,16.7,4.59,0.19,Nirmal,TS
2022-11-18,0.0,28.5,18.1,5.11,0.193,Nirmal,TS
2022-11-19,0.0,27.2,18.1,5.05,0.2,Nirmal,TS
2022-11-20,0.0,26.6,15.4,4.42,0.2,Nirmal,TS
2022-11-21,0.0,28.6,17.0,4.44,0.2,Nirmal,TS
2022-11-22,0.0,29.6,20.1,4.74,0.205,Nirmal,TS
2022-11-23,0.0,30.2,21.2,4.51,0.203,Nirmal,TS
2022-11-24,0.0,29.7,20.8,4.45,0.2,Nirmal,TS
2022-11-25,0.0,29.8,19.9,4.79,0.199,Nirmal,TS
2022-11-26,0.0,29.2,18.3,4.27,0.208,Nirmal,TS
2022-11-27,0.0,29.1,16.6,3.89,0.207,Nirmal,TS
2022-11-28,0.0,28.9,16.0,3.89,0.204,Nirmal,TS
2022-11-29,0.0,28.5,16.0,4.1,0.205,Nirmal,TS
2022-11-30,0.0,28.3,15.3,3.93,0.207,Nirmal,TS
2022-12-01,0.0,28.6,16.1,3.95,0.21,Nirmal,TS
2022-12-02,0.0,29.2,18.1,3.9,0.207,Nirmal,TS
2022-12-03,0.0,29.8,18.8,3.7,0.207,Nirmal,TS
2022-12-04,0.0,30.3,19.3,4.11,0.212,Nirmal,TS
2022-12-05,0.0,29.7,17.0,4.01,0.204,Nirmal,TS
2022-12-06,0.0,30.1,17.0,4.15,0.2,Nirmal,TS
2022-12-07,0.0,28.5,19.1,4.34,0.211,Nirmal,TS
2022-12-08,0.0,26.2,16.6,4.35,0.219,Nirmal,TS
2022-12-09,0.0,27.7,15.1,4.62,0.213,Nirmal,TS
2022-12-10,0.0,27.3,19.2,3.18,0.206,Nirmal,TS
2022-12-11,12.0,29.1,21.0,3.76,0.207,Nirmal,TS
2022-12-12,0.0,28.4,20.0,3.19,0.344,Nirmal,TS
2022-12-13,0.7,28.7,20.9,3.0,0.358,Nirmal,TS
2022-12-14,0.0,29.5,20.7,3.42,0.339,Nirmal,TS
2022-12-15,0.1,30.0,20.6,3.28,0.32,Nirmal,TS
2022-12-16,0.0,30.7,20.3,3.52,0.302,Nirmal,TS
2022-12-17,0.0,30.5,21.5,4.1,0.285,Nirmal,TS
2022-12-18,0.0,29.2,19.2,4.59,0.269,Nirmal,TS
2022-12-19,0.0,29.2,16.1,4.14,0.255,Nirmal,TS
2022-12-20,0.0,29.4,15.7,3.65,0.245,Nirmal,TS
2022-12-21,0.0,29.4,16.7,3.64,0.238,Nirmal,TS
2022-12-22,0.0,29.6,15.9,3.82,0.229,Nirmal,TS
2022-12-23,0.0,30.6,17.9,3.62,0.221,Nirmal,TS
2022-12-24,0.0,29.9,17.5,3.74,0.217,Nirmal,TS
2022-12-25,0.0,30.1,18.1,3.99,0.213,Nirmal,TS
2022-12-26,0.0,29.6,17.5,3.43,0.211,Nirmal,TS
2022-12-27,0.0,29.7,20.5,3.36,0.21,Nirmal,TS
2022-12-28,0.0,31.1,21.0,3.63,0.206,Nirmal,TS
2022-12-29,0.0,29.7,19.4,3.76,0.203,Nirmal,TS
2022-12-30,0.0,30.6,19.1,3.81,0.2,Nirmal,TS
2022-12-31,0.0,30.2,18.4,3.77,0.201,Nirmal,TS
2023-01-01,0.0,29.2,17.7,3.93,0.202,Nirmal,TS
2023-01-02,0.0,29.0,18.2,3.88,0.203,Nirmal,TS
2023-01-03,0.0,28.6,19.0,3.53,0.2,Nirmal,TS
2023-01-04,0.0,28.3,19.5,3.5,0.204,Nirmal,TS
2023-01-05,0.2,27.4,18.8,3.3,0.208,Nirmal,TS
2023-01-06,0.7,27.3,19.2,3.32,0.225,Nirmal,TS
2023-01-07,0.0,27.1,16.9,4.02,0.227,Nirmal,TS
2023-01-08,0.0,26.4,14.3,4.12,0.223,Nirmal,TS
2023-01-09,0.0,27.0,12.9,3.99,0.218,Nirmal,TS
2023-01-10,0.0,28.1,13.4,3.82,0.211,Nirmal,TS
2023-01-11,0.0,28.2,15.6,3.83,0.207,Nirmal,TS
2023-01-12,0.0,28.7,16.8,4.16,0.204,Nirmal,TS
2023-01-13,0.0,28.5,15.8,4.13,0.201,Nirmal,TS
2023-01-14,0.0,28.0,16.0,3.92,0.205,Nirmal,TS
2023-01-15,0.0,28.9,16.4,3.98,0.2,Nirmal,TS
2023-01-16,0.0,29.3,17.8,4.12,0.197,Nirmal,TS
2023-01-17,0.0,29.4,17.6,4.15,0.198,Nirmal,TS
2023-01-18,0.0,28.7,17.3,3.98,0.197,Nirmal,TS
2023-01-19,0.0,29.2,17.4,4.05,0.198,Nirmal,TS
2023-01-20,0.0,29.5,18.2,4.17,0.204,Nirmal,TS
2023-01-21,0.0,29.5,17.4,4.18,0.21,Nirmal,TS
2023-01-22,0.0,29.6,18.0,4.36,0.207,Nirmal,TS
2023-01-23,0.0,29.5,17.4,4.32,0.204,Nirmal,TS
2023-01-24,0.0,30.5,18.5,4.88,0.204,Nirmal,TS
2023-01-25,0.0,30.5,19.0,4.89,0.202,Nirmal,TS
2023-01-26,0.0,29.5,17.7,4.05,0.201,Nirmal,TS
2023-01-27,0.0,30.1,17.4,4.28,0.2,Nirmal,TS
2023-01-28,0.0,30.3,17.4,4.35,0.197,Nirmal,TS
2023-01-29,0.0,31.0,18.8,5.01,0.199,Nirmal,TS
2023-01-30,0.0,30.3,18.7,4.72,0.2,Nirmal,TS
2023-01-31,0.0,30.0,19.3,4.23,0.205,Nirmal,TS
2023-02-01,0.0,29.5,19.9,4.72,0.208,Nirmal,TS
2023-02-02,0.0,29.3,18.7,5.45,0.203,Nirmal,TS
2023-02-03,0.0,28.9,17.4,5.22,0.207,Nirmal,TS
2023-02-04,0.0,29.7,16.3,4.94,0.2,Nirmal,TS
2023-02-05,0.0,30.2,14.8,4.92,0.199,Nirmal,TS
2023-02-06,0.0,30.7,16.4,4.9,0.199,Nirmal,TS
2023-02-07,0.0,30.5,19.2,4.57,0.199,Nirmal,TS
2023-02-08,0.0,31.4,19.4,4.9,0.199,Nirmal,TS
2023-02-09,0.0,31.3,17.6,4.84,0.202,Nirmal,TS
2023-02-10,0.0,33.0,17.8,4.81,0.199,Nirmal,TS
2023-02-11,0.0,33.1,17.9,5.16,0.199,Nirmal,TS
2023-02-12,0.0,31.9,18.3,6.1,0.199,Nirmal,TS
2023-02-13,0.0,30.7,18.3,5.65,0.199,Nirmal,TS
2023-02-14,0.0,30.9,16.5,5.23,0.199,Nirmal,TS
2023-02-15,0.0,32.7,15.9,5.16,0.199,Nirmal,TS
2023-02-16,0.0,33.7,17.2,5.46,0.199,Nirmal,TS
2023-02-17,0.0,32.3,20.4,5.88,0.199,Nirmal,TS
2023-02-18,0.0,31.9,20.4,5.53,0.199,Nirmal,TS
2023-02-19,0.0,32.4,18.4,4.74,0.199,Nirmal,TS
2023-02-20,0.0,33.2,18.5,5.17,0.199,Nirmal,TS
2023-02-21,0.0,34.1,20.3,5.44,0.199,Nirmal,TS
2023-02-22,0.0,34.4,18.1,5.44,0.199,Nirmal,TS
2023-02-23,0.0,33.8,18.6,5.42,0.199,Nirmal,TS
2023-02-24,0.0,34.5,18.6,5.67,0.199,Nirmal,TS
2023-02-25,0.0,35.2,19.9,5.92,0.199,Nirmal,TS
2023-02-26,0.0,34.2,20.3,5.42,0.199,Nirmal,TS
2023-02-27,0.0,33.8,20.0,5.61,0.199,Nirmal,TS
2023-02-28,0.0,34.3,21.6,5.65,0.199,Nirmal,TS
2023-03-01,0.0,34.6,22.0,6.13,0.199,Nirmal,TS
2023-03-02,0.0,34.0,21.6,5.41,0.199,Nirmal,TS
2023-03-03,0.0,35.1,20.9,5.6,0.199,Nirmal,TS
2023-03-04,0.0,35.1,22.5,5.69,0.199,Nirmal,TS
2023-03-05,0.0,35.2,22.2,5.41,0.199,Nirmal,TS
2023-03-06,0.0,34.9,21.1,5.4,0.199,Nirmal,TS
2023-03-07,1.0,31.1,21.6,6.0,0.2,Nirmal,TS
2023-03-08,0.0,33.6,19.3,5.26,0.2,Nirmal,TS
2023-03-09,0.0,33.8,20.9,5.64,0.203,Nirmal,TS
2023-03-10,0.0,33.2,22.1,6.07,0.2,Nirmal,TS
2023-03-11,0.0,33.9,20.9,5.79,0.2,Nirmal,TS
2023-03-12,0.0,34.6,21.5,5.87,0.199,Nirmal,TS
2023-03-13,0.0,34.9,23.5,5.9,0.199,Nirmal,TS
2023-03-14,0.0,34.6,22.3,6.16,0.199,Nirmal,TS
2023-03-15,0.0,34.7,21.6,5.6,0.199,Nirmal,TS
2023-03-16,8.0,30.3,22.3,4.43,0.23,Nirmal,TS
2023-03-17,7.5,30.5,20.6,4.36,0.261,Nirmal,TS
2023-03-18,26.6,27.0,19.4,3.49,0.418,Nirmal,TS
2023-03-19,0.0,28.7,18.8,4.73,0.384,Nirmal,TS
2023-03-20,0.0,29.9,18.5,4.96,0.334,Nirmal,TS
2023-03-21,0.0,32.0,19.7,5.68,0.298,Nirmal,TS
2023-03-22,0.0,32.0,20.7,5.47,0.27,Nirmal,TS
2023-03-23,0.0,33.0,20.3,5.75,0.248,Nirmal,TS
2023-03-24,0.0,33.9,21.0,5.72,0.229,Nirmal,TS
2023-03-25,0.4,32.8,21.7,5.05,0.218,Nirmal,TS
2023-03-26,0.0,35.8,22.4,5.6,0.207,Nirmal,TS
2023-03-27,0.0,35.1,23.0,6.97,0.202,Nirmal,TS
2023-03-28,0.0,35.7,21.1,6.59,0.202,Nirmal,TS
2023-03-29,0.0,37.4,23.8,6.39,0.203,Nirmal,TS
2023-03-30,0.0,37.0,23.9,6.9,0.207,Nirmal,TS
2023-03-31,0.0,34.8,21.7,6.43,0.203,Nirmal,TS
2023-04-01,0.0,34.4,22.9,6.7,0.197,Nirmal,TS
2023-04-02,0.0,36.2,22.1,6.71,0.192,Nirmal,TS
2023-04-03,0.0,35.9,23.0,6.4,0.197,Nirmal,TS
2023-04-04,0.0,35.5,24.3,5.47,0.196,Nirmal,TS
2023-04-05,0.0,38.0,25.3,7.03,0.192,Nirmal,TS
2023-04-06,0.7,36.0,24.5,6.07,0.19,Nirmal,TS
2023-04-07,2.5,33.0,24.5,4.86,0.206,Nirmal,TS
2023-04-08,4.2,35.2,21.8,5.42,0.238,Nirmal,TS
2023-04-09,0.0,35.1,23.5,5.76,0.248,Nirmal,TS
2023-04-10,0.0,36.2,23.2,6.08,0.225,Nirmal,TS
2023-04-11,0.0,38.0,24.7,6.46,0.213,Nirmal,TS
2023-04-12,0.0,38.4,26.0,5.83,0.205,Nirmal,TS
2023-04-13,0.0,39.8,25.8,6.98,0.202,Nirmal,TS
2023-04-14,0.3,38.2,27.0,6.31,0.207,Nirmal,TS
2023-04-15,0.0,37.2,26.0,6.28,0.219,Nirmal,TS
2023-04-16,0.0,38.6,23.8,6.72,0.215,Nirmal,TS
2023-04-17,0.3,39.8,24.8,6.52,0.211,Nirmal,TS
2023-04-18,0.0,40.0,25.7,6.4,0.205,Nirmal,TS
2023-04-19,0.0,38.5,25.2,6.27,0.203,Nirmal,TS
2023-04-20,0.0,38.0,27.7,7.28,0.196,Nirmal,TS
2023-04-21,0.0,36.3,23.5,6.73,0.203,Nirmal,TS
2023-04-22,0.0,36.8,24.8,7.0,0.209,Nirmal,TS
2023-04-23,0.0,34.7,23.7,6.32,0.205,Nirmal,TS
2023-04-24,0.0,35.9,24.1,6.42,0.199,Nirmal,TS
2023-04-25,8.4,31.9,25.3,4.54,0.221,Nirmal,TS
2023-04-26,1.3,35.5,23.4,6.02,0.239,Nirmal,TS
2023-04-27,0.4,32.3,24.2,4.9,0.311,Nirmal,TS
2023-04-28,4.3,30.1,23.6,3.98,0.317,Nirmal,TS
2023-04-29,16.5,31.9,22.1,4.85,0.33,Nirmal,TS
2023-04-30,15.2,29.3,21.6,3.96,0.46,Nirmal,TS
2023-05-01,2.0,30.0,21.2,4.71,0.454,Nirmal,TS
2023-05-02,7.9,29.5,22.3,4.35,0.459,Nirmal,TS
2023-05-03,0.4,29.5,22.4,3.79,0.433,Nirmal,TS
2023-05-04,1.3,29.6,22.3,4.09,0.405,Nirmal,TS
2023-05-05,1.3,29.5,22.9,4.3,0.445,Nirmal,TS
2023-05-06,1.9,32.6,24.1,4.68,0.422,Nirmal,TS
2023-05-07,1.0,34.7,25.0,5.6,0.379,Nirmal,TS
2023-05-08,0.0,35.9,24.8,6.02,0.335,Nirmal,TS
2023-05-09,0.1,37.4,26.2,5.85,0.309,Nirmal,TS
2023-05-10,0.0,38.1,25.9,6.33,0.294,Nirmal,TS
2023-05-11,0.0,39.7,24.5,7.06,0.27,Nirmal,TS
2023-05-12,0.0,39.7,23.7,7.05,0.251,Nirmal,TS
2023-05-13,0.0,40.7,24.2,7.58,0.236,Nirmal,TS
2023-05-14,0.0,40.7,25.1,9.12,0.219,Nirmal,TS
2023-05-15,0.0,39.8,27.1,8.57,0.211,Nirmal,TS
2023-05-16,0.0,39.3,27.6,8.78,0.208,Nirmal,TS
2023-05-17,0.0,37.8,26.7,7.56,0.203,Nirmal,TS
2023-05-18,0.0,39.8,26.5,6.86,0.201,Nirmal,TS
2023-05-19,0.0,40.4,28.7,7.92,0.201,Nirmal,TS
2023-05-20,0.0,40.3,27.9,6.71,0.206,Nirmal,TS
2023-05-21,0.0,40.9,28.3,6.61,0.201,Nirmal,TS
2023-05-22,0.0,39.8,27.4,6.44,0.201,Nirmal,TS
2023-05-23,0.0,39.1,28.5,7.54,0.208,Nirmal,TS
2023-05-24,0.0,40.0,28.2,7.1,0.208,Nirmal,TS
2023-05-25,0.0,39.2,27.2,7.56,0.207,Nirmal,TS
2023-05-26,0.0,39.3,28.1,8.76,0.202,Nirmal,TS
2023-05-27,0.0,39.9,26.9,8.59,0.203,Nirmal,TS
2023-05-28,0.0,39.5,28.3,7.7,0.202,Nirmal,TS
2023-05-29,0.1,38.9,28.3,7.0,0.201,Nirmal,TS
2023-05-30,0.2,39.5,27.7,6.97,0.202,Nirmal,TS
2023-05-31,0.0,40.1,28.6,7.13,0.201,Nirmal,TS
2023-06-01,0.0,41.6,27.7,8.53,0.2,Nirmal,TS
2023-06-02,0.0,40.5,28.9,8.55,0.201,Nirmal,TS
2023-06-03,0.0,41.0,29.8,8.52,0.201,Nirmal,TS
2023-06-04,0.0,39.1,27.8,8.51,0.203,Nirmal,TS
2023-06-05,0.0,38.7,26.5,7.35,0.203,Nirmal,TS
2023-06-06,0.0,39.7,29.4,7.71,0.203,Nirmal,TS
2023-06-07,0.0,40.2,29.0,8.18,0.205,Nirmal,TS
2023-06-08,0.1,39.8,28.6,8.17,0.203,Nirmal,TS
2023-06-09,0.2,40.1,29.2,7.88,0.2,Nirmal,TS
2023-06-10,0.3,38.8,30.6,8.01,0.2,Nirmal,TS
2023-06-11,0.3,37.9,26.0,7.53,0.203,Nirmal,TS
2023-06-12,0.0,38.5,28.7,8.05,0.2,Nirmal,TS
2023-06-13,0.0,39.6,30.2,9.51,0.198,Nirmal,TS
2023-06-14,0.0,39.1,30.3,9.16,0.2,Nirmal,TS
2023-06-15,0.0,38.8,30.0,8.96,0.203,Nirmal,TS
2023-06-16,0.0,39.7,30.0,8.99,0.2,Nirmal,TS
2023-06-17,0.0,38.9,30.0,8.92,0.2,Nirmal,TS
2023-06-18,0.0,38.8,30.2,8.28,0.197,Nirmal,TS
2023-06-19,0.0,39.2,30.2,8.41,0.198,Nirmal,TS
2023-06-20,0.0,38.8,30.5,8.17,0.197,Nirmal,TS
2023-06-21,0.0,38.6,30.7,7.67,0.199,Nirmal,TS
2023-06-22,1.0,39.0,28.4,6.97,0.201,Nirmal,TS
2023-06-23,8.0,34.6,25.7,3.66,0.218,Nirmal,TS
2023-06-24,7.9,32.4,25.6,3.81,0.324,Nirmal,TS
2023-06-25,10.1,30.1,24.9,3.42,0.419,Nirmal,TS
2023-06-26,25.1,27.5,24.6,2.06,0.491,Nirmal,TS
2023-06-27,7.6,27.7,24.6,2.27,0.484,Nirmal,TS
2023-06-28,5.2,31.1,24.3,2.82,0.474,Nirmal,TS
2023-06-29,0.6,32.6,24.8,5.14,0.441,Nirmal,TS
2023-06-30,0.6,32.8,25.7,5.89,0.414,Nirmal,TS
2023-07-01,0.3,34.1,26.1,6.42,0.387,Nirmal,TS
2023-07-02,0.6,33.9,25.8,6.23,0.369,Nirmal,TS
2023-07-03,0.3,34.2,25.8,5.66,0.354,Nirmal,TS
2023-07-04,0.2,34.6,27.3,5.07,0.367,Nirmal,TS
2023-07-05,11.2,31.5,25.6,3.52,0.408,Nirmal,TS
2023-07-06,2.7,31.1,25.2,3.49,0.41,Nirmal,TS
2023-07-07,23.9,30.9,24.7,3.55,0.437,Nirmal,TS
2023-07-08,8.6,31.9,24.5,3.37,0.481,Nirmal,TS
2023-07-09,0.5,30.9,24.7,4.04,0.469,Nirmal,TS
2023-07-10,0.6,32.5,25.8,5.53,0.435,Nirmal,TS
2023-07-11,14.5,26.7,24.2,1.67,0.485,Nirmal,TS
2023-07-12,4.1,30.3,23.9,4.08,0.487,Nirmal,TS
2023-07-13,2.2,31.6,24.3,4.49,0.49,Nirmal,TS
2023-07-14,0.8,31.5,24.1,4.49,0.475,Nirmal,TS
2023-07-15,2.5,30.6,25.0,3.65,0.473,Nirmal,TS
2023-07-16,7.8,27.5,24.4,1.81,0.501,Nirmal,TS
2023-07-17,15.9,28.4,24.0,2.49,0.505,Nirmal,TS
2023-07-18,60.0,24.9,23.9,1.14,0.512,Nirmal,TS
2023-07-19,34.6,29.2,23.4,3.2,0.507,Nirmal,TS
2023-07-20,19.5,29.2,23.9,2.77,0.508,Nirmal,TS
2023-07-21,26.5,26.4,23.9,1.52,0.506,Nirmal,TS
2023-07-22,12.0,29.3,23.9,3.11,0.498,Nirmal,TS
2023-07-23,11.5,30.7,24.4,3.54,0.476,Nirmal,TS
2023-07-24,5.5,30.4,24.5,3.72,0.488,Nirmal,TS
2023-07-25,8.4,30.6,24.1,3.81,0.496,Nirmal,TS
2023-07-26,5.7,30.3,24.4,3.87,0.494,Nirmal,TS
2023-07-27,31.6,28.2,24.0,2.38,0.509,Nirmal,TS
2023-07-28,14.1,30.2,23.6,3.43,0.498,Nirmal,TS
2023-07-29,1.6,30.2,24.5,4.16,0.482,Nirmal,TS
2023-07-30,1.6,30.8,24.1,4.44,0.476,Nirmal,TS
2023-07-31,5.1,30.4,24.8,4.57,0.47,Nirmal,TS
2023-08-01,2.4,30.7,24.9,4.71,0.463,Nirmal,TS
2023-08-02,0.4,29.4,25.1,3.96,0.458,Nirmal,TS
2023-08-03,0.0,28.3,25.0,3.06,0.451,Nirmal,TS
2023-08-04,0.2,30.4,24.5,3.87,0.446,Nirmal,TS
2023-08-05,0.4,31.3,24.3,5.37,0.436,Nirmal,TS
2023-08-06,0.6,31.3,24.6,5.46,0.425,Nirmal,TS
2023-08-07,0.1,30.2,24.6,4.93,0.414,Nirmal,TS
2023-08-08,0.2,31.0,24.1,5.1,0.4,Nirmal,TS
2023-08-09,0.6,31.2,24.3,4.93,0.39,Nirmal,TS
2023-08-10,0.0,31.8,24.1,5.47,0.378,Nirmal,TS
2023-08-11,0.4,31.8,24.0,5.25,0.362,Nirmal,TS
2023-08-12,0.3,31.7,24.3,5.3,0.349,Nirmal,TS
2023-08-13,0.3,31.1,24.7,5.19,0.346,Nirmal,TS
2023-08-14,0.1,31.6,24.2,4.9,0.342,Nirmal,TS
2023-08-15,0.8,30.7,24.3,4.41,0.378,Nirmal,TS
2023-08-16,0.3,30.8,24.1,4.46,0.452,Nirmal,TS
2023-08-17,1.2,31.4,23.3,5.18,0.467,Nirmal,TS
2023-08-18,16.4,26.2,24.0,1.85,0.485,Nirmal,TS
2023-08-19,22.0,26.5,22.7,2.46,0.511,Nirmal,TS
2023-08-20,6.7,28.9,23.1,3.73,0.505,Nirmal,TS
2023-08-21,0.3,30.6,23.3,4.91,0.485,Nirmal,TS
2023-08-22,0.4,31.4,23.7,5.12,0.467,Nirmal,TS
2023-08-23,0.2,30.9,24.6,4.26,0.453,Nirmal,TS
2023-08-24,0.3,30.9,24.6,4.98,0.442,Nirmal,TS
2023-08-25,4.8,31.7,24.8,5.02,0.434,Nirmal,TS
2023-08-26,0.9,31.3,24.1,4.91,0.444,Nirmal,TS
2023-08-27,2.2,30.9,24.1,4.43,0.428,Nirmal,TS
2023-08-28,0.7,30.6,23.3,5.14,0.415,Nirmal,TS
2023-08-29,0.2,31.0,22.2,4.87,0.398,Nirmal,TS
2023-08-30,0.0,31.9,23.4,5.58,0.383,Nirmal,TS
2023-08-31,0.7,32.5,24.5,5.3,0.37,Nirmal,TS
2023-09-01,0.5,32.4,24.5,4.83,0.359,Nirmal,TS
2023-09-02,3.0,33.2,25.3,4.43,0.359,Nirmal,TS
2023-09-03,19.0,31.7,24.2,3.1,0.44,Nirmal,TS
2023-09-04,27.7,30.4,23.9,1.81,0.5,Nirmal,TS
2023-09-05,15.2,31.6,23.0,4.11,0.494,Nirmal,TS
2023-09-06,10.0,30.4,23.9,3.45,0.497,Nirmal,TS
2023-09-07,9.9,27.5,24.0,2.63,0.501,Nirmal,TS
2023-09-08,4.3,29.0,23.5,3.57,0.499,Nirmal,TS
2023-09-09,4.7,29.6,24.2,3.55,0.495,Nirmal,TS
2023-09-10,22.3,28.0,23.7,3.41,0.496,Nirmal,TS
2023-09-11,0.3,31.0,24.1,4.99,0.483,Nirmal,TS
2023-09-12,0.4,30.0,24.4,3.79,0.465,Nirmal,TS
2023-09-13,1.9,29.9,24.8,4.13,0.455,Nirmal,TS
2023-09-14,8.0,30.1,24.0,4.08,0.48,Nirmal,TS
2023-09-15,14.4,27.8,23.9,3.24,0.504,Nirmal,TS
2023-09-16,0.2,30.1,24.6,4.37,0.479,Nirmal,TS
2023-09-17,0.0,31.0,23.7,4.99,0.458,Nirmal,TS
2023-09-18,1.0,31.2,23.1,4.85,0.441,Nirmal,TS
2023-09-19,0.2,31.5,23.8,4.97,0.423,Nirmal,TS
2023-09-20,3.4,31.3,24.4,3.59,0.433,Nirmal,TS
2023-09-21,13.0,28.6,24.3,2.19,0.503,Nirmal,TS
2023-09-22,14.3,28.6,23.9,2.35,0.506,Nirmal,TS
2023-09-23,3.5,30.6,23.4,3.51,0.488,Nirmal,TS
2023-09-24,14.2,29.7,23.3,2.7,0.486,Nirmal,TS
2023-09-25,6.0,28.7,23.3,2.04,0.506,Nirmal,TS
2023-09-26,5.1,29.8,22.8,2.92,0.493,Nirmal,TS
2023-09-27,4.2,30.4,22.9,3.28,0.482,Nirmal,TS
2023-09-28,22.9,31.7,23.3,4.17,0.475,Nirmal,TS
2023-09-29,20.6,29.3,23.6,2.48,0.498,Nirmal,TS
2023-09-30,2.9,31.3,23.4,3.72,0.487,Nirmal,TS
2023-10-01,0.6,31.4,23.7,3.75,0.467,Nirmal,TS
2023-10-02,0.0,31.9,23.6,4.09,0.453,Nirmal,TS
2023-10-03,0.0,32.2,24.7,4.87,0.434,Nirmal,TS
2023-10-04,0.0,32.5,23.4,5.6,0.41,Nirmal,TS
2023-10-05,0.0,32.6,22.9,5.91,0.389,Nirmal,TS
2023-10-06,0.0,32.5,22.7,5.78,0.373,Nirmal,TS
2023-10-07,0.0,33.1,22.9,5.6,0.358,Nirmal,TS
2023-10-08,0.0,33.0,23.0,4.82,0.344,Nirmal,TS
2023-10-09,0.0,33.9,23.1,4.74,0.332,Nirmal,TS
2023-10-10,0.0,33.8,22.1,4.89,0.321,Nirmal,TS
2023-10-11,0.0,34.5,22.3,5.33,0.31,Nirmal,TS
2023-10-12,0.0,33.4,21.9,4.91,0.303,Nirmal,TS
2023-10-13,0.0,32.2,22.7,4.39,0.293,Nirmal,TS
2023-10-14,0.2,31.9,23.7,4.6,0.29,Nirmal,TS
2023-10-15,0.3,31.7,23.0,4.42,0.287,Nirmal,TS
2023-10-16,0.0,32.2,23.1,4.56,0.284,Nirmal,TS
2023-10-17,0.0,32.2,23.1,4.73,0.28,Nirmal,TS
2023-10-18,0.1,31.9,23.4,4.83,0.279,Nirmal,TS
2023-10-19,0.8,32.0,22.6,4.57,0.277,Nirmal,TS
2023-10-20,0.0,32.4,22.9,5.08,0.271,Nirmal,TS
2023-10-21,0.0,32.0,23.0,5.26,0.271,Nirmal,TS
2023-10-22,0.0,32.2,19.7,5.31,0.272,Nirmal,TS
2023-10-23,0.0,31.5,19.4,5.19,0.276,Nirmal,TS
2023-10-24,0.0,31.2,18.3,5.2,0.277,Nirmal,TS
2023-10-25,0.0,31.6,19.3,5.22,0.277,Nirmal,TS
2023-10-26,0.0,31.3,18.9,5.15,0.285,Nirmal,TS
2023-10-27,0.0,31.4,18.3,5.0,0.285,Nirmal,TS
2023-10-28,0.0,30.7,18.2,4.83,0.281,Nirmal,TS
2023-10-29,0.0,31.2,18.8,4.78,0.28,Nirmal,TS
2023-10-30,0.0,30.6,18.4,4.68,0.277,Nirmal,TS
2023-10-31,0.0,30.8,18.9,4.88,0.274,Nirmal,TS
2023-11-01,0.1,30.6,21.4,3.44,0.266,Nirmal,TS
2023-11-02,0.0,31.3,20.1,4.31,0.261,Nirmal,TS
2023-11-03,0.0,32.5,21.4,4.61,0.26,Nirmal,TS
2023-11-04,0.0,32.4,20.8,5.17,0.263,Nirmal,TS
2023-11-05,0.0,31.9,20.4,4.99,0.262,Nirmal,TS
2023-11-06,0.8,30.4,22.4,4.1,0.268,Nirmal,TS
2023-11-07,0.8,31.7,21.2,4.16,0.275,Nirmal,TS
2023-11-08,4.3,30.2,22.9,3.6,0.289,Nirmal,TS
2023-11-09,0.0,32.1,21.0,4.81,0.279,Nirmal,TS
2023-11-10,0.0,31.4,20.2,4.09,0.275,Nirmal,TS
2023-11-11,0.0,32.6,19.8,4.57,0.277,Nirmal,TS
2023-11-12,0.0,33.3,20.7,5.27,0.277,Nirmal,TS
2023-11-13,0.0,31.6,20.4,4.84,0.275,Nirmal,TS
2023-11-14,0.0,31.7,21.2,4.93,0.272,Nirmal,TS
2023-11-15,0.0,30.2,20.0,4.64,0.276,Nirmal,TS
2023-11-16,0.0,30.2,20.2,4.95,0.276,Nirmal,TS
2023-11-17,0.0,30.5,20.6,4.65,0.279,Nirmal,TS
2023-11-18,0.0,31.1,21.0,4.52,0.274,Nirmal,TS
2023-11-19,0.0,31.3,20.2,4.51,0.271,Nirmal,TS
2023-11-20,0.0,31.2,21.5,4.55,0.275,Nirmal,TS
2023-11-21,0.0,31.0,22.4,4.17,0.28,Nirmal,TS
2023-11-22,0.0,31.6,21.3,4.02,0.277,Nirmal,TS
2023-11-23,0.7,29.9,21.8,3.78,0.278,Nirmal,TS
2023-11-24,3.2,27.0,21.7,2.56,0.296,Nirmal,TS
2023-11-25,0.2,29.2,20.8,3.48,0.323,Nirmal,TS
2023-11-26,0.8,29.9,20.4,3.78,0.314,Nirmal,TS
2023-11-27,11.6,28.1,20.6,2.62,0.388,Nirmal,TS
2023-11-28,7.4,27.8,19.9,2.74,0.353,Nirmal,TS
2023-11-29,0.5,28.8,20.1,3.21,0.345,Nirmal,TS
2023-11-30,1.2,30.1,20.5,3.1,0.335,Nirmal,TS
2023-12-01,0.0,29.4,19.9,3.09,0.326,Nirmal,TS
2023-12-02,0.0,31.4,20.6,4.04,0.314,Nirmal,TS
2023-12-03,0.0,31.3,20.6,4.35,0.304,Nirmal,TS
2023-12-04,0.0,30.6,22.0,3.83,0.297,Nirmal,TS
2023-12-05,1.6,29.5,20.5,3.45,0.296,Nirmal,TS
2023-12-06,1.0,27.2,19.4,3.01,0.301,Nirmal,TS
2023-12-07,0.1,28.1,18.2,3.29,0.302,Nirmal,TS
2023-12-08,0.0,28.3,17.9,3.11,0.3,Nirmal,TS
2023-12-09,0.0,29.3,18.4,3.85,0.294,Nirmal,TS
2023-12-10,0.0,28.5,18.2,3.83,0.287,Nirmal,TS
2023-12-11,0.0,28.5,17.5,4.02,0.28,Nirmal,TS
2023-12-12,0.0,28.8,17.8,3.68,0.274,Nirmal,TS
2023-12-13,0.0,28.7,17.6,3.82,0.271,Nirmal,TS
2023-12-14,0.0,28.1,17.2,3.87,0.268,Nirmal,TS
2023-12-15,0.0,28.1,16.9,3.85,0.263,Nirmal,TS
2023-12-16,0.0,29.9,18.3,4.08,0.262,Nirmal,TS
2023-12-17,0.0,28.3,19.0,4.34,0.263,Nirmal,TS
2023-12-18,0.0,27.3,19.0,4.49,0.266,Nirmal,TS
2023-12-19,0.0,25.7,17.0,4.14,0.266,Nirmal,TS
2023-12-20,0.0,27.2,16.8,4.49,0.259,Nirmal,TS
2023-12-21,0.0,28.6,15.6,4.32,0.255,Nirmal,TS
2023-12-22,0.0,29.2,14.5,3.71,0.249,Nirmal,TS
2023-12-23,0.0,30.0,16.3,3.92,0.252,Nirmal,TS
2023-12-24,0.0,30.0,16.7,3.75,0.254,Nirmal,TS
2023-12-25,0.0,30.4,15.6,3.54,0.256,Nirmal,TS
2023-12-26,0.0,29.9,15.8,3.88,0.26,Nirmal,TS
2023-12-27,0.0,29.7,17.3,3.75,0.26,Nirmal,TS
2023-12-28,0.0,29.3,17.1,3.9,0.263,Nirmal,TS
2023-12-29,0.0,29.2,19.5,3.75,0.267,Nirmal,TS
2023-12-30,0.0,29.2,18.1,3.76,0.272,Nirmal,TS
2023-12-31,0.0,29.8,17.7,3.94,0.277,Nirmal,TS
2024-01-01,0.0,29.4,18.3,3.75,0.278,Nirmal,TS
2024-01-02,0.0,29.3,17.0,3.86,0.28,Nirmal,TS
2024-01-03,0.0,28.9,17.7,3.7,0.285,Nirmal,TS
2024-01-04,0.0,30.0,18.8,3.8,0.286,Nirmal,TS
2024-01-05,0.0,29.3,18.3,3.83,0.289,Nirmal,TS
2024-01-06,0.0,29.5,17.8,4.16,0.281,Nirmal,TS
2024-01-07,0.0,29.2,18.1,3.99,0.279,Nirmal,TS
2024-01-08,0.0,29.9,17.2,4.49,0.285,Nirmal,TS
2024-01-09,0.0,30.8,17.4,4.57,0.283,Nirmal,TS
2024-01-10,0.0,29.2,20.6,3.19,0.28,Nirmal,TS
2024-01-11,0.0,31.1,19.3,3.86,0.276,Nirmal,TS
2024-01-12,0.0,32.0,20.0,4.04,0.271,Nirmal,TS
2024-01-13,0.0,30.9,20.6,3.49,0.27,Nirmal,TS
2024-01-14,0.0,31.8,21.3,4.39,0.271,Nirmal,TS
2024-01-15,0.0,30.4,19.3,4.43,0.269,Nirmal,TS
2024-01-16,0.0,30.1,17.6,4.3,0.267,Nirmal,TS
2024-01-17,0.0,31.2,20.1,4.27,0.26,Nirmal,TS
2024-01-18,0.0,30.9,20.3,4.15,0.261,Nirmal,TS
2024-01-19,0.0,30.8,21.3,4.03,0.261,Nirmal,TS
2024-01-20,0.0,31.1,21.1,4.19,0.263,Nirmal,TS
2024-01-21,0.0,30.8,20.4,4.08,0.262,Nirmal,TS
2024-01-22,0.0,31.3,20.3,4.06,0.26,Nirmal,TS
2024-01-23,0.0,31.4,21.2,4.62,0.261,Nirmal,TS
2024-01-24,0.4,28.9,20.3,4.49,0.269,Nirmal,TS
2024-01-25,0.0,28.5,16.9,4.83,0.27,Nirmal,TS
2024-01-26,0.0,29.4,17.3,4.73,0.27,Nirmal,TS
2024-01-27,0.0,30.4,17.8,4.94,0.259,Nirmal,TS
2024-01-28,0.0,30.6,17.9,4.79,0.254,Nirmal,TS
2024-01-29,0.0,31.0,18.8,4.32,0.253,Nirmal,TS
2024-01-30,0.0,30.5,18.3,4.45,0.252,Nirmal,TS
2024-01-31,0.0,31.7,18.8,4.74,0.254,Nirmal,TS
2024-02-01,0.0,31.9,19.7,5.03,0.255,Nirmal,TS
2024-02-02,0.0,31.8,20.2,4.93,0.255,Nirmal,TS
2024-02-03,0.0,31.9,20.0,4.98,0.257,Nirmal,TS
2024-02-04,0.0,32.9,20.4,5.05,0.254,Nirmal,TS
2024-02-05,0.0,34.4,20.8,4.82,0.253,Nirmal,TS
2024-02-06,0.0,34.7,20.8,5.22,0.253,Nirmal,TS
2024-02-07,0.0,34.7,21.8,5.39,0.255,Nirmal,TS
2024-02-08,0.0,31.8,22.0,5.71,0.253,Nirmal,TS
2024-02-09,0.0,32.7,19.5,5.24,0.253,Nirmal,TS
2024-02-10,0.1,34.0,22.2,5.26,0.253,Nirmal,TS
2024-02-11,1.7,33.3,21.6,4.92,0.254,Nirmal,TS
2024-02-12,0.0,32.8,21.7,5.4,0.255,Nirmal,TS
2024-02-13,0.0,33.3,21.0,5.29,0.26,Nirmal,TS
2024-02-14,0.0,33.5,20.8,5.2,0.271,Nirmal,TS
2024-02-15,0.0,32.9,21.1,4.99,0.279,Nirmal,TS
2024-02-16,0.0,33.8,20.0,5.43,0.279,Nirmal,TS
2024-02-17,0.0,33.7,19.6,5.08,0.285,Nirmal,TS
2024-02-18,0.0,34.2,22.0,5.23,0.292,Nirmal,TS
2024-02-19,0.0,34.3,21.6,5.65,0.299,Nirmal,TS
2024-02-20,0.0,34.8,21.3,6.02,0.296,Nirmal,TS
2024-02-21,0.0,34.2,21.2,6.28,0.291,Nirmal,TS
2024-02-22,0.0,32.6,21.5,6.27,0.279,Nirmal,TS
2024-02-23,0.0,31.9,19.1,5.42,0.273,Nirmal,TS
2024-02-24,0.0,33.8,19.0,6.0,0.273,Nirmal,TS
2024-02-25,1.3,31.6,22.0,4.81,0.281,Nirmal,TS
2024-02-26,1.4,32.6,22.8,4.83,0.28,Nirmal,TS
2024-02-27,0.0,34.2,22.5,5.4,0.277,Nirmal,TS
2024-02-28,0.0,34.3,23.0,5.5,0.272,Nirmal,TS
2024-02-29,0.0,34.9,22.2,5.44,0.275,Nirmal,TS
2024-03-01,0.0,37.0,22.5,5.92,0.278,Nirmal,TS
2024-03-02,0.0,35.6,23.6,5.31,0.28,Nirmal,TS
2024-03-03,0.0,35.3,23.6,6.21,0.287,Nirmal,TS
2024-03-04,0.0,34.0,22.5,6.38,0.284,Nirmal,TS
2024-03-05,0.0,33.9,21.7,6.08,0.283,Nirmal,TS
2024-03-06,0.0,37.0,23.1,6.31,0.278,Nirmal,TS
2024-03-07,0.0,36.1,22.4,6.83,0.279,Nirmal,TS
2024-03-08,0.0,35.9,22.3,7.41,0.275,Nirmal,TS
2024-03-09,0.0,36.4,21.3,6.7,0.274,Nirmal,TS
2024-03-10,0.0,35.9,22.7,6.04,0.27,Nirmal,TS
2024-03-11,0.0,37.1,24.9,5.69,0.26,Nirmal,TS
2024-03-12,0.0,38.4,23.8,6.05,0.255,Nirmal,TS
2024-03-13,0.0,37.8,25.3,7.36,0.254,Nirmal,TS
2024-03-14,0.0,37.0,23.1,7.19,0.253,Nirmal,TS
2024-03-15,0.1,35.5,24.1,5.74,0.253,Nirmal,TS
2024-03-16,0.0,35.8,24.1,6.04,0.253,Nirmal,TS
2024-03-17,4.3,33.8,23.8,4.99,0.276,Nirmal,TS
2024-03-18,0.0,34.8,23.6,5.39,0.3,Nirmal,TS
2024-03-19,0.0,35.5,23.8,5.9,0.292,Nirmal,TS
2024-03-20,0.0,33.7,20.4,6.33,0.294,Nirmal,TS
2024-03-21,0.0,35.1,19.8,6.15,0.29,Nirmal,TS
2024-03-22,0.0,36.6,21.8,6.26,0.287,Nirmal,TS
2024-03-23,0.0,37.6,22.3,6.54,0.283,Nirmal,TS
2024-03-24,0.0,37.5,24.7,5.82,0.282,Nirmal,TS
2024-03-25,0.0,37.1,25.1,6.26,0.286,Nirmal,TS
2024-03-26,0.0,38.3,25.4,6.55,0.288,Nirmal,TS
2024-03-27,0.0,39.1,24.4,6.81,0.285,Nirmal,TS
2024-03-28,0.0,39.2,25.6,6.41,0.284,Nirmal,TS
2024-03-29,0.0,40.5,27.2,6.82,0.283,Nirmal,TS
2024-03-30,0.0,39.6,26.4,6.76,0.291,Nirmal,TS
2024-03-31,0.0,37.0,27.0,5.98,0.297,Nirmal,TS
2024-04-01,0.0,39.8,26.6,6.76,0.297,Nirmal,TS
2024-04-02,0.0,39.9,25.7,6.34,0.296,Nirmal,TS
2024-04-03,0.0,39.5,25.4,6.39,0.285,Nirmal,TS
2024-04-04,0.0,41.0,26.8,6.34,0.276,Nirmal,TS
2024-04-05,0.0,40.8,27.7,7.4,0.272,Nirmal,TS
2024-04-06,0.0,40.8,27.8,7.31,0.259,Nirmal,TS
2024-04-07,0.0,39.9,29.2,7.97,0.255,Nirmal,TS
2024-04-08,0.0,36.8,26.9,8.24,0.256,Nirmal,TS
2024-04-09,0.4,37.7,25.8,7.13,0.263,Nirmal,TS
2024-04-10,0.0,37.6,25.7,7.57,0.277,Nirmal,TS
2024-04-11,0.6,32.0,24.1,5.0,0.292,Nirmal,TS
2024-04-12,13.2,31.5,22.4,4.8,0.363,Nirmal,TS
2024-04-13,4.1,32.7,23.9,4.48,0.332,Nirmal,TS
2024-04-14,0.0,36.9,24.6,6.26,0.306,Nirmal,TS
2024-04-15,0.0,38.3,26.2,5.69,0.293,Nirmal,TS
2024-04-16,0.0,39.5,27.2,6.03,0.282,Nirmal,TS
2024-04-17,0.0,40.4,27.1,6.25,0.274,Nirmal,TS
2024-04-18,0.1,41.1,27.6,6.48,0.266,Nirmal,TS
2024-04-19,0.3,40.6,28.4,6.35,0.268,Nirmal,TS
2024-04-20,1.8,36.8,27.7,6.7,0.289,Nirmal,TS
2024-04-21,0.8,39.1,27.3,6.59,0.289,Nirmal,TS
2024-04-22,12.0,39.3,25.1,6.82,0.319,Nirmal,TS
2024-04-23,0.0,37.5,24.2,6.09,0.34,Nirmal,TS
2024-04-24,0.0,38.6,26.9,6.84,0.301,Nirmal,TS
2024-04-25,0.0,40.4,26.1,7.12,0.29,Nirmal,TS
2024-04-26,0.0,41.1,27.3,7.13,0.282,Nirmal,TS
2024-04-27,0.0,41.6,28.4,7.41,0.28,Nirmal,TS
2024-04-28,0.0,41.8,27.8,7.14,0.284,Nirmal,TS
2024-04-29,0.0,41.7,28.8,6.99,0.281,Nirmal,TS
2024-04-30,0.0,42.1,30.1,7.47,0.274,Nirmal,TS
2024-05-01,0.0,41.8,28.8,8.6,0.267,Nirmal,TS
2024-05-02,0.0,41.1,27.0,9.06,0.261,Nirmal,TS
2024-05-03,0.0,41.5,26.4,8.76,0.258,Nirmal,TS
2024-05-04,0.0,43.1,25.5,8.04,0.263,Nirmal,TS
2024-05-05,0.0,41.6,27.3,8.49,0.264,Nirmal,TS
2024-05-06,0.0,41.8,26.8,8.24,0.259,Nirmal,TS
2024-05-07,5.5,39.3,25.4,7.2,0.275,Nirmal,TS
2024-05-08,0.0,38.5,25.9,7.01,0.279,Nirmal,TS
2024-05-09,0.7,36.2,27.5,6.24,0.279,Nirmal,TS
2024-05-10,0.0,38.3,26.0,6.05,0.296,Nirmal,TS
2024-05-11,0.2,39.8,26.8,5.96,0.291,Nirmal,TS
2024-05-12,0.9,39.2,26.1,5.85,0.295,Nirmal,TS
2024-05-13,0.3,35.8,26.5,5.72,0.307,Nirmal,TS
2024-05-14,0.9,39.3,26.9,6.18,0.298,Nirmal,TS
2024-05-15,0.9,37.3,26.6,5.84,0.292,Nirmal,TS
2024-05-16,0.9,37.8,27.1,6.02,0.287,Nirmal,TS
2024-05-17,0.4,35.6,26.4,6.07,0.288,Nirmal,TS
2024-05-18,2.9,36.6,25.6,5.74,0.288,Nirmal,TS
2024-05-19,0.0,37.7,25.4,6.5,0.284,Nirmal,TS
2024-05-20,0.4,39.3,27.0,5.94,0.271,Nirmal,TS
2024-05-21,4.2,37.6,29.0,5.79,0.277,Nirmal,TS
2024-05-22,0.6,39.9,28.0,6.59,0.259,Nirmal,TS
2024-05-23,0.0,41.0,29.0,6.58,0.259,Nirmal,TS
2024-05-24,0.0,42.7,29.8,7.32,0.263,Nirmal,TS
2024-05-25,0.0,41.3,30.6,6.93,0.272,Nirmal,TS
2024-05-26,0.0,41.2,29.8,6.74,0.272,Nirmal,TS
2024-05-27,0.0,43.2,31.3,8.93,0.276,Nirmal,TS
2024-05-28,0.0,42.2,30.4,9.11,0.276,Nirmal,TS
2024-05-29,0.0,41.4,30.2,9.15,0.277,Nirmal,TS
2024-05-30,0.2,41.4,30.3,8.28,0.267,Nirmal,TS
2024-05-31,0.0,42.3,29.8,8.81,0.261,Nirmal,TS
2024-06-01,0.0,42.1,30.5,7.8,0.264,Nirmal,TS
2024-06-02,2.3,40.9,28.0,6.33,0.267,Nirmal,TS
2024-06-03,0.7,39.5,26.9,6.67,0.271,Nirmal,TS
2024-06-04,9.4,38.0,27.0,4.41,0.301,Nirmal,TS
2024-06-05,0.1,35.9,26.1,5.48,0.36,Nirmal,TS
2024-06-06,5.2,36.0,25.9,5.03,0.371,Nirmal,TS
2024-06-07,0.0,36.2,25.7,5.04,0.352,Nirmal,TS
2024-06-08,1.7,37.1,26.3,6.0,0.323,Nirmal,TS
2024-06-09,2.1,33.6,25.7,4.47,0.312,Nirmal,TS
2024-06-10,19.7,36.8,25.4,5.08,0.34,Nirmal,TS
2024-06-11,7.0,36.4,25.0,5.21,0.362,Nirmal,TS
2024-06-12,3.6,35.0,25.0,4.96,0.329,Nirmal,TS
2024-06-13,0.9,36.0,25.2,5.56,0.338,Nirmal,TS
2024-06-14,20.6,32.6,24.6,4.52,0.442,Nirmal,TS
2024-06-15,1.5,33.4,24.4,4.99,0.449,Nirmal,TS
2024-06-16,2.8,33.1,26.2,4.42,0.422,Nirmal,TS
2024-06-17,13.9,35.0,24.8,4.72,0.431,Nirmal,TS
2024-06-18,3.4,33.4,24.9,4.29,0.39,Nirmal,TS
2024-06-19,0.0,33.4,26.2,5.32,0.385,Nirmal,TS
2024-06-20,0.8,32.3,26.4,4.69,0.377,Nirmal,TS
2024-06-21,7.9,33.6,25.4,5.44,0.425,Nirmal,TS
2024-06-22,25.1,30.1,24.4,2.63,0.496,Nirmal,TS
2024-06-23,33.8,29.3,24.1,2.37,0.509,Nirmal,TS
2024-06-24,0.8,32.4,24.3,4.48,0.488,Nirmal,TS
2024-06-25,0.3,32.7,25.5,5.04,0.452,Nirmal,TS
2024-06-26,4.7,32.8,25.9,4.92,0.426,Nirmal,TS
2024-06-27,9.2,30.4,25.3,3.17,0.476,Nirmal,TS
2024-06-28,9.2,30.4,24.2,3.34,0.489,Nirmal,TS
2024-06-29,13.1,30.4,25.0,3.31,0.479,Nirmal,TS
2024-06-30,7.7,31.0,25.2,3.14,0.466,Nirmal,TS
2024-07-01,10.6,29.6,24.4,3.21,0.457,Nirmal,TS
2024-07-02,5.3,30.8,25.2,3.96,0.44,Nirmal,TS
2024-07-03,0.4,32.6,24.6,5.04,0.47,Nirmal,TS
2024-07-04,2.5,30.2,25.6,3.44,0.442,Nirmal,TS
2024-07-05,5.4,32.8,25.1,5.36,0.419,Nirmal,TS
2024-07-06,13.5,31.7,24.5,4.13,0.465,Nirmal,TS
2024-07-07,5.4,30.2,24.3,3.68,0.5,Nirmal,TS
2024-07-08,10.6,30.1,24.1,3.47,0.494,Nirmal,TS
2024-07-09,7.7,29.4,24.6,3.09,0.502,Nirmal,TS
2024-07-10,3.8,30.8,24.4,4.49,0.493,Nirmal,TS
2024-07-11,3.9,31.1,24.6,4.91,0.463,Nirmal,TS
2024-07-12,11.9,29.2,24.1,2.93,0.47,Nirmal,TS
2024-07-13,5.2,30.2,24.5,3.87,0.461,Nirmal,TS
2024-07-14,17.2,29.4,23.9,2.56,0.501,Nirmal,TS
2024-07-15,62.1,27.9,24.4,1.68,0.508,Nirmal,TS
2024-07-16,16.7,29.1,23.7,2.9,0.507,Nirmal,TS
2024-07-17,9.2,27.7,24.2,2.07,0.504,Nirmal,TS
2024-07-18,14.5,28.6,24.1,3.26,0.502,Nirmal,TS
2024-07-19,14.7,28.4,24.1,2.81,0.505,Nirmal,TS
2024-07-20,84.1,24.9,23.9,1.05,0.512,Nirmal,TS
2024-07-21,46.7,26.9,23.3,1.67,0.511,Nirmal,TS
2024-07-22,27.7,29.2,23.8,2.7,0.506,Nirmal,TS
2024-07-23,14.9,27.8,24.1,2.54,0.506,Nirmal,TS
2024-07-24,31.1,25.0,23.8,1.25,0.511,Nirmal,TS
2024-07-25,46.2,25.7,23.5,1.58,0.511,Nirmal,TS
2024-07-26,13.9,27.9,22.7,2.68,0.508,Nirmal,TS
2024-07-27,30.4,25.3,23.6,1.38,0.51,Nirmal,TS
2024-07-28,8.9,29.1,23.5,3.44,0.493,Nirmal,TS
2024-07-29,0.5,31.1,24.4,4.47,0.473,Nirmal,TS
2024-07-30,1.5,31.3,24.3,4.51,0.462,Nirmal,TS
2024-07-31,0.5,30.6,24.2,3.47,0.475,Nirmal,TS
2024-08-01,15.5,26.5,23.8,1.68,0.502,Nirmal,TS
2024-08-02,10.8,29.7,24.1,2.96,0.505,Nirmal,TS
2024-08-03,6.0,28.4,23.7,2.58,0.504,Nirmal,TS
2024-08-04,24.8,27.7,23.9,2.42,0.506,Nirmal,TS
2024-08-05,7.6,30.3,23.3,4.16,0.498,Nirmal,TS
2024-08-06,1.7,29.4,24.0,3.52,0.487,Nirmal,TS
2024-08-07,12.1,28.1,23.1,1.87,0.508,Nirmal,TS
2024-08-08,6.0,29.6,23.2,4.04,0.498,Nirmal,TS
2024-08-09,0.1,31.2,22.9,5.17,0.473,Nirmal,TS
2024-08-10,0.2,31.4,23.9,4.92,0.456,Nirmal,TS
2024-08-11,0.6,30.2,24.2,4.3,0.471,Nirmal,TS
2024-08-12,7.2,31.4,23.8,4.54,0.476,Nirmal,TS
2024-08-13,1.2,30.5,23.9,3.43,0.449,Nirmal,TS
2024-08-14,0.2,31.5,24.8,3.63,0.439,Nirmal,TS
2024-08-15,3.2,30.0,24.6,3.41,0.452,Nirmal,TS
2024-08-16,7.6,28.8,25.2,2.6,0.466,Nirmal,TS
2024-08-17,7.1,30.2,23.8,3.07,0.486,Nirmal,TS
2024-08-18,12.3,31.0,23.8,3.96,0.489,Nirmal,TS
2024-08-19,18.4,31.6,24.8,3.58,0.496,Nirmal,TS
2024-08-20,0.9,30.2,24.4,3.55,0.49,Nirmal,TS
2024-08-21,13.7,31.6,23.9,4.42,0.492,Nirmal,TS
2024-08-22,5.4,31.0,24.9,4.44,0.492,Nirmal,TS
2024-08-23,4.1,29.4,24.8,3.74,0.48,Nirmal,TS
2024-08-24,20.3,27.7,23.9,2.27,0.512,Nirmal,TS
2024-08-25,12.7,26.9,23.3,2.53,0.505,Nirmal,TS
2024-08-26,0.9,30.8,23.3,4.98,0.487,Nirmal,TS
2024-08-27,1.5,31.3,23.4,4.67,0.47,Nirmal,TS
2024-08-28,0.5,30.6,23.8,4.58,0.466,Nirmal,TS
2024-08-29,3.2,30.9,23.7,4.69,0.455,Nirmal,TS
2024-08-30,11.6,28.5,24.3,2.21,0.486,Nirmal,TS
2024-08-31,12.5,28.0,24.6,2.78,0.488,Nirmal,TS
2024-09-01,72.5,29.6,23.9,2.09,0.51,Nirmal,TS
2024-09-02,38.6,28.0,23.6,2.19,0.511,Nirmal,TS
2024-09-03,10.0,27.7,23.6,2.14,0.504,Nirmal,TS
2024-09-04,24.6,28.3,23.7,2.22,0.508,Nirmal,TS
2024-09-05,0.3,30.1,23.4,3.76,0.489,Nirmal,TS
2024-09-06,14.7,30.4,23.9,4.3,0.482,Nirmal,TS
2024-09-07,2.2,29.0,23.8,3.24,0.499,Nirmal,TS
2024-09-08,0.7,29.1,23.8,2.78,0.486,Nirmal,TS
2024-09-09,1.8,28.1,24.1,2.55,0.48,Nirmal,TS
2024-09-10,2.8,28.1,23.9,2.89,0.485,Nirmal,TS
2024-09-11,0.0,30.6,24.4,4.65,0.468,Nirmal,TS
2024-09-12,0.2,30.3,23.8,4.35,0.454,Nirmal,TS
2024-09-13,0.0,29.4,23.5,4.71,0.441,Nirmal,TS
2024-09-14,0.0,29.9,22.3,5.01,0.425,Nirmal,TS
2024-09-15,0.0,29.9,22.5,4.86,0.41,Nirmal,TS
2024-09-16,0.6,30.3,22.9,4.79,0.397,Nirmal,TS
2024-09-17,0.0,30.7,23.3,5.41,0.379,Nirmal,TS
2024-09-18,0.0,30.5,22.4,4.92,0.368,Nirmal,TS
2024-09-19,0.4,31.2,22.5,4.5,0.359,Nirmal,TS
2024-09-20,2.2,30.7,23.5,3.8,0.351,Nirmal,TS
2024-09-21,13.3,31.3,23.3,3.64,0.423,Nirmal,TS
2024-09-22,9.9,29.8,23.2,3.06,0.465,Nirmal,TS
2024-09-23,1.6,30.4,23.6,2.73,0.458,Nirmal,TS
2024-09-24,21.6,29.9,23.4,2.24,0.481,Nirmal,TS
2024-09-25,16.8,27.5,23.4,1.92,0.5,Nirmal,TS
2024-09-26,15.6,28.7,23.7,2.63,0.502,Nirmal,TS
2024-09-27,0.5,30.0,24.0,3.87,0.485,Nirmal,TS
2024-09-28,0.1,30.8,24.0,4.04,0.463,Nirmal,TS
2024-09-29,0.5,31.3,24.2,4.39,0.439,Nirmal,TS
2024-09-30,0.4,31.3,24.5,4.22,0.416,Nirmal,TS
2024-10-01,1.7,32.6,24.3,4.5,0.409,Nirmal,TS
2024-10-02,2.5,32.7,24.5,4.23,0.438,Nirmal,TS
2024-10-03,0.1,33.1,23.9,4.81,0.425,Nirmal,TS
2024-10-04,0.2,32.6,23.6,4.59,0.405,Nirmal,TS
2024-10-05,0.3,31.9,23.1,4.24,0.397,Nirmal,TS
2024-10-06,0.0,32.7,21.9,4.87,0.383,Nirmal,TS
2024-10-07,0.2,31.9,22.9,4.69,0.364,Nirmal,TS
2024-10-08,1.4,30.9,23.9,3.99,0.354,Nirmal,TS
2024-10-09,0.9,30.7,23.3,4.01,0.351,Nirmal,TS
2024-10-10,0.1,31.4,22.8,4.23,0.358,Nirmal,TS
2024-10-11,12.9,29.3,23.1,2.83,0.408,Nirmal,TS
2024-10-12,3.8,30.6,23.6,3.75,0.433,Nirmal,TS
2024-10-13,8.6,31.4,23.0,4.01,0.443,Nirmal,TS
2024-10-14,1.3,30.9,22.7,4.05,0.438,Nirmal,TS
2024-10-15,0.3,31.8,23.5,4.3,0.406,Nirmal,TS
2024-10-16,0.5,31.9,22.5,4.44,0.386,Nirmal,TS
2024-10-17,0.8,31.6,24.4,3.88,0.375,Nirmal,TS
2024-10-18,0.4,31.8,23.8,4.28,0.376,Nirmal,TS
2024-10-19,3.4,32.2,23.7,4.03,0.375,Nirmal,TS
2024-10-20,2.2,29.2,22.9,2.52,0.41,Nirmal,TS
2024-10-21,7.9,30.6,22.1,3.47,0.411,Nirmal,TS
2024-10-22,7.5,31.0,22.9,3.85,0.406,Nirmal,TS
2024-10-23,0.0,32.0,21.7,4.89,0.367,Nirmal,TS
2024-10-24,0.0,31.3,21.7,5.13,0.349,Nirmal,TS
2024-10-25,0.0,30.9,21.7,5.08,0.335,Nirmal,TS
2024-10-26,0.0,31.5,22.8,4.96,0.321,Nirmal,TS
2024-10-27,0.0,31.9,21.1,4.9,0.309,Nirmal,TS
2024-10-28,0.1,31.6,21.6,3.94,0.3,Nirmal,TS
2024-10-29,1.5,31.6,23.4,3.9,0.296,Nirmal,TS
2024-10-30,1.3,33.1,22.8,3.87,0.292,Nirmal,TS
2024-10-31,8.1,32.0,22.6,3.82,0.327,Nirmal,TS
2024-11-01,6.0,30.8,22.0,3.6,0.383,Nirmal,TS
2024-11-02,0.0,32.1,20.9,4.5,0.346,Nirmal,TS
2024-11-03,0.0,31.6,20.7,4.51,0.334,Nirmal,TS
2024-11-04,0.0,31.1,20.8,3.97,0.325,Nirmal,TS
2024-11-05,0.0,31.7,20.6,4.05,0.319,Nirmal,TS
2024-11-06,0.0,31.8,20.3,4.93,0.311,Nirmal,TS
2024-11-07,0.0,31.0,19.8,4.67,0.303,Nirmal,TS
2024-11-08,0.0,30.5,19.3,4.35,0.296,Nirmal,TS
2024-11-09,0.0,30.6,18.9,4.44,0.294,Nirmal,TS
2024-11-10,0.0,30.9,19.5,4.55,0.294,Nirmal,TS
2024-11-11,0.0,30.4,20.3,4.9,0.293,Nirmal,TS
2024-11-12,0.0,30.7,21.2,4.89,0.293,Nirmal,TS
2024-11-13,0.0,29.9,21.0,4.76,0.297,Nirmal,TS
2024-11-14,0.0,30.5,20.4,4.71,0.296,Nirmal,TS
2024-11-15,0.0,30.4,20.4,4.6,0.283,Nirmal,TS
2024-11-16,0.0,30.3,20.2,4.87,0.28,Nirmal,TS
2024-11-17,0.0,29.0,19.1,4.53,0.265,Nirmal,TS
2024-11-18,0.0,28.2,17.3,4.43,0.26,Nirmal,TS
2024-11-19,0.0,27.9,16.2,4.14,0.26,Nirmal,TS
2024-11-20,0.0,27.2,16.1,4.09,0.258,Nirmal,TS
2024-11-21,0.0,27.5,16.7,3.93,0.273,Nirmal,TS
2024-11-22,0.0,27.8,17.0,3.85,0.28,Nirmal,TS
2024-11-23,0.0,26.8,16.6,3.88,0.291,Nirmal,TS
2024-11-24,0.0,26.8,15.3,3.68,0.296,Nirmal,TS
2024-11-25,0.0,26.9,15.6,4.0,0.291,Nirmal,TS
2024-11-26,0.0,27.3,15.9,4.28,0.284,Nirmal,TS
2024-11-27,0.0,27.1,16.2,4.56,0.283,Nirmal,TS
2024-11-28,0.0,26.2,16.4,4.69,0.285,Nirmal,TS
2024-11-29,0.0,27.2,16.5,4.46,0.278,Nirmal,TS
2024-11-30,0.0,28.8,19.5,4.12,0.272,Nirmal,TS
2024-12-01,0.0,28.9,20.9,3.26,0.267,Nirmal,TS
2024-12-02,0.5,28.3,20.9,2.74,0.265,Nirmal,TS
2024-12-03,0.8,29.4,22.3,3.11,0.275,Nirmal,TS
2024-12-04,2.2,28.5,21.5,2.52,0.282,Nirmal,TS
2024-12-05,0.5,29.8,21.2,3.26,0.298,Nirmal,TS
2024-12-06,6.7,29.5,21.2,3.16,0.319,Nirmal,TS
2024-12-07,1.9,29.6,21.8,2.95,0.335,Nirmal,TS
2024-12-08,1.5,29.5,21.2,3.0,0.328,Nirmal,TS
2024-12-09,0.0,29.4,20.9,3.74,0.33,Nirmal,TS
2024-12-10,0.0,27.8,18.3,4.47,0.32,Nirmal,TS
2024-12-11,0.0,27.0,16.9,4.48,0.309,Nirmal,TS
2024-12-12,0.0,26.6,13.5,3.79,0.31,Nirmal,TS
2024-12-13,0.0,26.1,14.9,4.12,0.305,Nirmal,TS
2024-12-14,0.0,26.1,15.7,4.39,0.297,Nirmal,TS
2024-12-15,0.0,26.3,15.0,4.13,0.296,Nirmal,TS
2024-12-16,0.0,27.2,12.0,3.88,0.297,Nirmal,TS
2024-12-17,0.0,27.1,12.6,3.64,0.288,Nirmal,TS
2024-12-18,0.0,28.3,13.0,3.98,0.287,Nirmal,TS
2024-12-19,0.0,28.5,13.9,3.55,0.284,Nirmal,TS
2024-12-20,0.0,30.6,18.9,3.45,0.276,Nirmal,TS
2024-12-21,0.1,30.4,19.9,3.87,0.276,Nirmal,TS
2024-12-22,0.0,29.8,18.6,4.05,0.288,Nirmal,TS
2024-12-23,0.0,29.2,18.3,4.15,0.302,Nirmal,TS
2024-12-24,0.0,29.4,18.4,3.79,0.31,Nirmal,TS
2024-12-25,0.0,28.4,19.6,3.64,0.298,Nirmal,TS
2024-12-26,0.7,27.7,19.6,2.82,0.294,Nirmal,TS
2024-12-27,2.4,27.8,20.2,2.76,0.323,Nirmal,TS
2024-12-28,0.0,29.4,18.9,3.75,0.311,Nirmal,TS
2024-12-29,0.0,29.4,19.7,3.53,0.292,Nirmal,TS
2024-12-30,0.0,30.4,19.4,3.84,0.27,Nirmal,TS
2024-12-31,0.0,29.7,19.6,3.61,0.262,Nirmal,TS
2025-01-01,0.0,29.2,18.6,4.06,0.262,Nirmal,TS
2025-01-02,0.0,28.7,15.3,4.53,0.266,Nirmal,TS
2025-01-03,0.0,29.0,16.6,4.51,0.271,Nirmal,TS
2025-01-04,0.0,29.6,15.2,4.2,0.264,Nirmal,TS
2025-01-05,0.0,28.3,15.2,3.92,0.259,Nirmal,TS
2025-01-06,0.0,28.0,16.7,3.83,0.263,Nirmal,TS
2025-01-07,0.0,28.9,17.4,4.09,0.267,Nirmal,TS
2025-01-08,0.0,27.4,16.3,4.41,0.268,Nirmal,TS
2025-01-09,0.0,27.3,13.3,4.07,0.26,Nirmal,TS
2025-01-10,0.0,27.0,15.7,4.17,0.254,Nirmal,TS
2025-01-11,0.0,28.1,17.5,4.18,0.249,Nirmal,TS
2025-01-12,0.0,28.4,18.0,3.86,0.245,Nirmal,TS
2025-01-13,0.0,29.2,17.5,3.78,0.242,Nirmal,TS
2025-01-14,0.0,29.2,17.6,4.19,0.24,Nirmal,TS
2025-01-15,0.0,29.0,18.5,4.02,0.238,Nirmal,TS
2025-01-16,0.0,27.9,19.2,3.47,0.237,Nirmal,TS
2025-01-17,0.0,28.6,19.4,4.3,0.236,Nirmal,TS
2025-01-18,0.0,28.6,17.5,4.7,0.236,Nirmal,TS
2025-01-19,0.0,29.9,17.8,5.02,0.236,Nirmal,TS
2025-01-20,0.0,30.0,16.4,5.09,0.236,Nirmal,TS
2025-01-21,0.0,30.6,15.8,4.26,0.236,Nirmal,TS
2025-01-22,0.0,30.9,18.2,4.34,0.236,Nirmal,TS
2025-01-23,0.0,31.0,18.6,4.53,0.236,Nirmal,TS
2025-01-24,0.0,31.1,17.9,4.4,0.236,Nirmal,TS
2025-01-25,0.0,31.5,19.6,4.28,0.236,Nirmal,TS
2025-01-26,0.0,31.3,18.6,4.49,0.236,Nirmal,TS
2025-01-27,0.0,31.9,19.4,4.39,0.236,Nirmal,TS
2025-01-28,0.0,31.5,19.2,4.57,0.236,Nirmal,TS
2025-01-29,0.0,31.7,20.5,4.53,0.236,Nirmal,TS
2025-01-30,0.0,32.1,20.4,4.47,0.236,Nirmal,TS
2025-01-31,0.0,32.6,20.5,4.7,0.236,Nirmal,TS
2025-02-01,0.0,32.9,20.6,4.6,0.236,Nirmal,TS
2025-02-02,0.0,32.8,21.3,4.55,0.236,Nirmal,TS
2025-02-03,0.0,33.7,21.4,4.69,0.236,Nirmal,TS
2025-02-04,0.0,33.8,19.6,4.85,0.236,Nirmal,TS
2025-02-05,0.0,33.1,20.2,4.97,0.236,Nirmal,TS
2025-02-06,0.0,33.0,21.1,5.2,0.236,Nirmal,TS
2025-02-07,0.0,32.7,21.1,5.32,0.236,Nirmal,TS
2025-02-08,0.0,32.9,20.6,5.25,0.236,Nirmal,TS
2025-02-09,0.0,33.4,21.0,5.27,0.236,Nirmal,TS
2025-02-10,0.0,33.3,21.4,4.85,0.236,Nirmal,TS
2025-02-11,0.0,33.5,21.5,5.14,0.236,Nirmal,TS
2025-02-12,0.0,35.3,21.9,5.23,0.235,Nirmal,TS
2025-02-13,0.0,32.5,21.2,5.55,0.235,Nirmal,TS
2025-02-14,0.0,32.4,19.1,5.04,0.235,Nirmal,TS
2025-02-15,0.0,34.6,18.1,5.23,0.222,Nirmal,TS
2025-02-16,0.0,33.8,19.5,5.4,0.232,Nirmal,TS
2025-02-17,0.0,35.3,19.4,5.54,0.235,Nirmal,TS
2025-02-18,0.0,34.3,21.0,5.48,0.235,Nirmal,TS
2025-02-19,0.0,34.8,20.6,5.75,0.235,Nirmal,TS
2025-02-20,0.0,34.6,21.8,5.41,0.235,Nirmal,TS
2025-02-21,0.0,35.4,22.5,5.66,0.235,Nirmal,TS
2025-02-22,0.0,35.2,22.2,6.15,0.235,Nirmal,TS
2025-02-23,0.0,35.0,22.5,6.42,0.235,Nirmal,TS
2025-02-24,0.0,33.7,20.8,5.72,0.235,Nirmal,TS
2025-02-25,0.0,33.2,20.1,5.52,0.24,Nirmal,TS
2025-02-26,0.0,34.6,20.6,5.6,0.24,Nirmal,TS
2025-02-27,0.0,34.2,20.6,5.36,0.235,Nirmal,TS
2025-02-28,0.0,35.0,21.8,5.47,0.235,Nirmal,TS
2025-03-01,0.0,35.0,21.7,5.67,0.229,Nirmal,TS
2025-03-02,0.0,35.5,21.6,5.68,0.207,Nirmal,TS
2025-03-03,0.0,37.6,23.0,6.61,0.207,Nirmal,TS
2025-03-04,0.0,37.6,21.3,6.66,0.212,Nirmal,TS
2025-03-05,0.0,34.3,23.4,8.0,0.212,Nirmal,TS
2025-03-06,0.0,33.8,20.0,6.62,0.212,Nirmal,TS
2025-03-07,0.0,35.1,17.3,5.33,0.224,Nirmal,TS
2025-03-08,0.0,35.8,19.8,6.33,0.211,Nirmal,TS
2025-03-09,0.0,35.8,21.5,6.13,0.211,Nirmal,TS
2025-03-10,0.0,35.9,21.9,6.07,0.211,Nirmal,TS
2025-03-11,0.0,36.5,23.0,5.39,0.211,Nirmal,TS
2025-03-12,0.0,36.6,22.3,6.39,0.211,Nirmal,TS
2025-03-13,0.0,37.9,23.3,6.66,0.215,Nirmal,TS
2025-03-14,0.0,38.2,24.8,6.62,0.215,Nirmal,TS
2025-03-15,0.0,37.6,24.1,6.2,0.211,Nirmal,TS
2025-03-16,0.0,38.1,25.0,6.91,0.211,Nirmal,TS
2025-03-17,0.0,38.9,24.9,6.55,0.211,Nirmal,TS
2025-03-18,0.0,37.7,25.1,7.1,0.211,Nirmal,TS
2025-03-19,0.0,38.1,25.3,7.44,0.211,Nirmal,TS
2025-03-20,0.0,37.4,24.3,6.84,0.211,Nirmal,TS
2025-03-21,0.0,35.5,24.9,6.09,0.216,Nirmal,TS
2025-03-22,0.0,34.8,22.6,5.88,0.218,Nirmal,TS
2025-03-23,0.1,35.2,24.2,5.63,0.248,Nirmal,TS
2025-03-24,0.0,34.4,23.6,5.09,0.254,Nirmal,TS
2025-03-25,0.0,36.2,23.5,6.27,0.237,Nirmal,TS
2025-03-26,0.0,35.9,23.0,6.19,0.244,Nirmal,TS
2025-03-27,0.0,37.6,23.2,6.81,0.257,Nirmal,TS
2025-03-28,0.0,39.1,24.3,6.62,0.248,Nirmal,TS
2025-03-29,0.0,37.3,25.3,7.02,0.24,Nirmal,TS
2025-03-30,0.0,38.2,26.3,7.16,0.237,Nirmal,TS
2025-03-31,0.0,37.4,25.2,6.43,0.236,Nirmal,TS
2025-04-01,0.0,36.8,24.8,6.28,0.236,Nirmal,TS
2025-04-02,0.2,34.6,24.9,5.62,0.235,Nirmal,TS
2025-04-03,1.2,31.9,25.3,4.63,0.245,Nirmal,TS
2025-04-04,11.3,35.2,22.3,5.38,0.285,Nirmal,TS
2025-04-05,0.4,36.5,24.6,5.5,0.264,Nirmal,TS
2025-04-06,0.0,38.4,23.8,6.2,0.279,Nirmal,TS
2025-04-07,0.0,38.1,24.0,6.73,0.286,Nirmal,TS
2025-04-08,0.0,36.7,25.0,6.15,0.269,Nirmal,TS
2025-04-09,1.9,38.2,24.7,6.32,0.26,Nirmal,TS
2025-04-10,0.8,38.4,25.0,6.45,0.275,Nirmal,TS
2025-04-11,0.0,38.9,24.4,7.06,0.294,Nirmal,TS
2025-04-12,0.0,38.2,23.5,7.56,0.277,Nirmal,TS
2025-04-13,0.0,36.9,22.8,6.59,0.273,Nirmal,TS
2025-04-14,0.0,38.3,24.3,6.38,0.264,Nirmal,TS
2025-04-15,0.0,38.4,24.1,6.57,0.255,Nirmal,TS
2025-04-16,0.0,37.7,23.6,6.59,0.246,Nirmal,TS
2025-04-17,0.0,36.3,24.8,6.52,0.239,Nirmal,TS
2025-04-18,0.0,37.9,26.1,5.91,0.23,Nirmal,TS
2025-04-19,0.0,40.0,26.6,6.24,0.236,Nirmal,TS
2025-04-20,0.0,40.4,26.3,6.87,0.236,Nirmal,TS
2025-04-21,0.0,39.0,26.9,6.95,0.236,Nirmal,TS
2025-04-22,0.0,39.6,26.6,6.83,0.236,Nirmal,TS
2025-04-23,0.0,39.9,27.6,7.21,0.236,Nirmal,TS
2025-04-24,0.0,40.1,27.5,7.2,0.235,Nirmal,TS
2025-04-25,0.0,39.3,27.9,6.64,0.235,Nirmal,TS
2025-04-26,0.0,39.4,27.8,6.28,0.235,Nirmal,TS
2025-04-27,0.0,35.4,25.2,6.38,0.234,Nirmal,TS
2025-04-28,0.0,38.8,26.4,6.9,0.229,Nirmal,TS
2025-04-29,0.0,39.6,26.4,6.9,0.238,Nirmal,TS
2025-04-30,0.0,41.2,26.9,7.75,0.251,Nirmal,TS
2025-05-01,0.0,38.1,25.3,6.71,0.246,Nirmal,TS
2025-05-02,0.0,40.9,26.5,6.93,0.24,Nirmal,TS
2025-05-03,0.0,41.2,26.6,7.56,0.237,Nirmal,TS
2025-05-04,0.0,39.1,25.6,7.38,0.236,Nirmal,TS
2025-05-05,0.0,38.1,24.5,6.3,0.236,Nirmal,TS
2025-05-06,0.0,36.3,24.6,6.61,0.236,Nirmal,TS
2025-05-07,0.0,37.0,24.9,7.25,0.236,Nirmal,TS
2025-05-08,0.0,35.7,24.2,6.76,0.237,Nirmal,TS
2025-05-09,0.0,36.5,24.7,6.37,0.236,Nirmal,TS
2025-05-10,0.0,37.1,26.8,6.5,0.24,Nirmal,TS
2025-05-11,0.1,38.8,27.2,6.39,0.244,Nirmal,TS
2025-05-12,0.4,38.3,26.3,5.97,0.245,Nirmal,TS
2025-05-13,2.0,38.2,26.3,6.66,0.261,Nirmal,TS
2025-05-14,1.4,35.9,26.4,5.24,0.284,Nirmal,TS
2025-05-15,0.1,36.8,26.3,6.59,0.28,Nirmal,TS
2025-05-16,1.0,37.0,26.5,6.3,0.279,Nirmal,TS
2025-05-17,7.8,33.8,24.2,3.76,0.378,Nirmal,TS
2025-05-18,3.4,35.8,26.3,5.66,0.381,Nirmal,TS
2025-05-19,0.0,35.9,26.5,5.85,0.385,Nirmal,TS
2025-05-20,0.1,36.9,27.9,6.0,0.375,Nirmal,TS
2025-05-21,19.1,34.0,25.0,4.76,0.432,Nirmal,TS
2025-05-22,6.3,31.0,24.8,3.37,0.459,Nirmal,TS
2025-05-23,2.0,33.7,24.4,5.02,0.476,Nirmal,TS
2025-05-24,2.3,33.1,24.5,4.63,0.485,Nirmal,TS
2025-05-25,0.1,33.0,25.2,5.33,0.471,Nirmal,TS
2025-05-26,8.9,35.6,24.8,5.22,0.467,Nirmal,TS
2025-05-27,19.3,32.0,24.8,3.58,0.496,Nirmal,TS
2025-05-28,10.8,32.7,24.5,3.57,0.506,Nirmal,TS
2025-05-29,2.0,33.5,25.8,4.35,0.49,Nirmal,TS
2025-05-30,0.3,33.6,25.2,5.08,0.486,Nirmal,TS
2025-05-31,0.0,35.7,26.3,7.24,0.475,Nirmal,TS
2025-06-01,0.0,34.9,25.9,7.23,0.456,Nirmal,TS
2025-06-02,0.3,34.2,26.1,6.63,0.438,Nirmal,TS
2025-06-03,0.0,34.8,25.8,6.95,0.411,Nirmal,TS
2025-06-04,0.1,34.8,24.7,6.84,0.387,Nirmal,TS
2025-06-05,11.3,33.0,23.2,3.42,0.455,Nirmal,TS
2025-06-06,0.0,35.8,24.4,6.25,0.43,Nirmal,TS
2025-06-07,0.0,37.2,25.8,6.48,0.395,Nirmal,TS
2025-06-08,2.9,37.5,25.3,6.22,0.387,Nirmal,TS
2025-06-09,0.0,37.1,26.1,6.44,0.385,Nirmal,TS
2025-06-10,7.0,36.9,26.5,6.09,0.405,Nirmal,TS
2025-06-11,13.0,34.9,24.4,4.28,0.476,Nirmal,TS
2025-06-12,10.2,33.9,25.6,4.07,0.482,Nirmal,TS
2025-06-13,0.2,33.6,25.6,5.1,0.481,Nirmal,TS
2025-06-14,0.2,34.7,26.0,5.75,0.467,Nirmal,TS
2025-06-15,0.9,33.7,26.7,5.34,0.455,Nirmal,TS
2025-06-16,6.3,32.5,25.7,4.87,0.467,Nirmal,TS
2025-06-17,0.0,34.2,25.8,6.49,0.453,Nirmal,TS
2025-06-18,2.3,34.0,25.5,5.64,0.433,Nirmal,TS
2025-06-19,3.9,33.5,26.1,5.23,0.43,Nirmal,TS
2025-06-20,0.2,33.3,25.7,6.28,0.456,Nirmal,TS
2025-06-21,0.9,33.6,25.9,6.69,0.434,Nirmal,TS
2025-06-22,1.1,33.5,25.5,6.47,0.419,Nirmal,TS
2025-06-23,11.2,32.7,24.1,5.69,0.436,Nirmal,TS
2025-06-24,11.9,31.9,24.6,4.5,0.476,Nirmal,TS
2025-06-25,10.9,28.7,24.3,2.39,0.497,Nirmal,TS
2025-06-26,10.9,29.8,24.2,2.57,0.508,Nirmal,TS
2025-06-27,2.2,32.6,25.1,5.36,0.488,Nirmal,TS
2025-06-28,0.8,32.4,25.3,5.31,0.472,Nirmal,TS
2025-06-29,3.4,31.5,23.6,4.61,0.474,Nirmal,TS
2025-06-30,7.8,29.4,24.1,2.94,0.492,Nirmal,TS
2025-07-01,27.2,27.0,23.3,1.6,0.51,Nirmal,TS
2025-07-02,11.1,30.2,23.5,4.13,0.502,Nirmal,TS
2025-07-03,1.2,31.2,23.7,4.26,0.49,Nirmal,TS
2025-07-04,12.8,31.2,23.7,4.27,0.487,Nirmal,TS
2025-07-05,15.4,31.0,24.3,4.12,0.494,Nirmal,TS
2025-07-06,12.6,29.7,24.1,3.35,0.503,Nirmal,TS
2025-07-07,4.4,27.9,23.2,2.89,0.504,Nirmal,TS
2025-07-08,1.6,28.6,23.2,2.76,0.494,Nirmal,TS
2025-07-09,0.6,29.3,23.6,3.8,0.486,Nirmal,TS
2025-07-10,1.1,30.5,23.8,3.86,0.486,Nirmal,TS
2025-07-11,0.2,31.9,23.2,5.05,0.47,Nirmal,TS
2025-07-12,0.5,32.0,24.5,5.61,0.452,Nirmal,TS
2025-07-13,0.9,31.7,25.4,5.59,0.437,Nirmal,TS
2025-07-14,0.9,31.4,25.3,5.33,0.411,Nirmal,TS
2025-07-15,1.1,31.8,25.1,4.83,0.378,Nirmal,TS
2025-07-16,4.1,31.6,25.1,4.42,0.364,Nirmal,TS
2025-07-17,4.2,31.4,24.3,4.06,0.453,Nirmal,TS
2025-07-18,3.7,30.5,25.0,3.57,0.465,Nirmal,TS
2025-07-19,2.7,31.2,24.0,4.13,0.448,Nirmal,TS
2025-07-20,5.0,29.6,24.8,2.6,0.451,Nirmal,TS
2025-07-21,1.8,31.9,24.6,4.19,0.411,Nirmal,TS
2025-07-22,14.6,30.0,23.9,3.47,0.472,Nirmal,TS
2025-07-23,22.2,29.8,23.9,3.27,0.491,Nirmal,TS
2025-07-24,16.3,27.1,23.7,1.94,0.508,Nirmal,TS
2025-07-25,14.6,27.6,23.6,2.07,0.507,Nirmal,TS
2025-07-26,33.5,25.4,23.6,1.27,0.512,Nirmal,TS
2025-07-27,8.2,30.1,23.4,3.15,0.504,Nirmal,TS
2025-07-28,1.0,30.9,24.5,5.74,0.489,Nirmal,TS
2025-07-29,6.8,28.8,23.8,3.56,0.496,Nirmal,TS
2025-07-30,6.1,28.8,23.8,2.75,0.505,Nirmal,TS
2025-07-31,1.8,31.0,24.5,5.01,0.495,Nirmal,TS
2025-08-01,0.0,31.6,24.4,5.11,0.474,Nirmal,TS
2025-08-02,0.6,31.6,24.1,5.3,0.446,Nirmal,TS
2025-08-03,1.5,31.1,24.4,4.64,0.421,Nirmal,TS
2025-08-04,0.9,31.9,24.1,4.51,0.402,Nirmal,TS
2025-08-05,1.7,31.5,24.2,4.46,0.376,Nirmal,TS
2025-08-06,6.5,29.8,24.2,4.07,0.398,Nirmal,TS
2025-08-07,3.3,29.3,25.2,2.7,0.415,Nirmal,TS
2025-08-08,7.2,29.2,23.6,2.86,0.47,Nirmal,TS
2025-08-09,10.0,30.3,22.7,3.8,0.463,Nirmal,TS
2025-08-10,14.8,30.6,23.2,4.32,0.455,Nirmal,TS
2025-08-11,17.9,30.3,23.0,4.1,0.48,Nirmal,TS
2025-08-12,1.1,31.4,22.6,5.05,0.453,Nirmal,TS
2025-08-13,56.8,26.0,23.3,1.1,0.501,Nirmal,TS
2025-08-14,8.3,29.1,23.8,2.92,0.491,Nirmal,TS
2025-08-15,11.9,30.1,23.0,3.11,0.501,Nirmal,TS
2025-08-16,29.5,26.6,23.0,1.39,0.503,Nirmal,TS
2025-08-17,21.1,30.1,23.4,4.25,0.497,Nirmal,TS
2025-08-18,22.2,26.8,23.2,2.03,0.508,Nirmal,TS
2025-08-19,13.6,28.1,23.2,2.69,0.507,Nirmal,TS
2025-08-20,17.3,28.6,22.8,3.3,0.504,Nirmal,TS
2025-08-21,0.3,30.9,23.2,4.65,0.481,Nirmal,TS
2025-08-22,0.2,30.1,24.3,4.9,0.468,Nirmal,TS
2025-08-23,4.1,30.0,23.8,5.01,0.44,Nirmal,TS
2025-08-24,0.7,29.1,23.9,4.46,0.416,Nirmal,TS
2025-08-25,2.9,29.9,23.4,4.67,0.411,Nirmal,TS
2025-08-26,15.1,27.8,23.3,2.68,0.438,Nirmal,TS
2025-08-27,14.3,27.3,22.9,2.41,0.501,Nirmal,TS
2025-08-28,67.7,27.3,22.7,1.59,0.511,Nirmal,TS
2025-08-29,3.0,28.9,22.6,3.4,0.498,Nirmal,TS
2025-08-30,1.1,30.2,22.9,4.22,0.478,Nirmal,TS
2025-08-31,33.0,28.9,23.5,2.88,0.489,Nirmal,TS
2025-09-01,23.9,28.6,23.2,2.81,0.508,Nirmal,TS
2025-09-02,13.3,27.7,22.9,2.33,0.508,Nirmal,TS
2025-09-03,22.6,27.6,22.7,2.67,0.502,Nirmal,TS
2025-09-04,8.9,29.0,23.0,3.6,0.489,Nirmal,TS
2025-09-05,1.2,29.8,22.8,4.46,0.464,Nirmal,TS
2025-09-06,3.5,29.1,23.7,3.61,0.464,Nirmal,TS
2025-09-07,0.0,30.2,23.0,4.78,0.432,Nirmal,TS
2025-09-08,0.4,30.8,22.9,4.71,0.403,Nirmal,TS
2025-09-09,1.9,31.2,23.2,4.53,0.369,Nirmal,TS
2025-09-10,24.5,30.5,23.1,3.49,0.467,Nirmal,TS
2025-09-11,32.9,28.8,24.0,2.73,0.497,Nirmal,TS
2025-09-12,20.4,29.4,23.2,2.72,0.505,Nirmal,TS
2025-09-13,18.8,29.3,23.4,3.15,0.504,Nirmal,TS
2025-09-14,16.7,28.6,23.0,3.21,0.501,Nirmal,TS
2025-09-15,3.8,29.5,22.8,3.15,0.493,Nirmal,TS
2025-09-16,4.1,28.6,23.5,2.7,0.493,Nirmal,TS
2025-09-17,1.6,29.9,23.3,3.55,0.474,Nirmal,TS
2025-09-18,6.6,30.5,23.1,4.3,0.481,Nirmal,TS
2025-09-19,0.3,31.2,23.1,4.47,0.445,Nirmal,TS
2025-09-20,7.8,31.6,22.6,4.36,0.452,Nirmal,TS
2025-09-21,19.5,31.1,22.8,3.54,0.487,Nirmal,TS
2025-09-22,15.6,30.4,23.1,3.04,0.497,Nirmal,TS
2025-09-23,1.8,30.4,23.1,3.96,0.474,Nirmal,TS
2025-09-24,0.3,29.8,22.9,3.74,0.457,Nirmal,TS
2025-09-25,15.7,25.2,23.4,1.41,0.489,Nirmal,TS
2025-09-26,16.6,30.1,22.8,3.5,0.498,Nirmal,TS
2025-09-27,17.1,27.0,23.1,1.67,0.508,Nirmal,TS
2025-09-28,1.2,27.2,23.3,2.67,0.494,Nirmal,TS
2025-09-29,0.2,29.8,22.4,4.29,0.476,Nirmal,TS
2025-09-30,0.5,29.9,22.3,4.4,0.45,Nirmal,TS
2025-10-01,0.2,30.4,22.8,4.65,0.422,Nirmal,TS
2025-10-02,0.0,30.1,23.3,3.52,0.393,Nirmal,TS
2025-10-03,0.1,30.4,23.7,4.1,0.372,Nirmal,TS
2025-10-04,2.6,30.1,24.2,3.73,0.351,Nirmal,TS
2025-10-05,1.1,30.3,23.6,3.61,0.342,Nirmal,TS
2025-10-06,19.8,28.9,23.1,2.83,0.458,Nirmal,TS
2025-10-07,0.1,29.9,22.0,3.8,0.422,Nirmal,TS
2025-10-08,0.0,30.9,22.6,4.55,0.376,Nirmal,TS
2025-10-09,0.0,30.7,23.2,5.0,0.345,Nirmal,TS
2025-10-10,0.0,30.9,21.6,5.12,0.326,Nirmal,TS
2025-10-11,0.0,30.7,21.2,5.21,0.307,Nirmal,TS
2025-10-12,0.0,30.9,21.7,4.96,0.289,Nirmal,TS
2025-10-13,0.0,30.4,21.2,4.5,0.28,Nirmal,TS
2025-10-14,4.0,30.1,22.6,3.98,0.265,Nirmal,TS
2025-10-15,0.9,30.6,22.7,4.13,0.261,Nirmal,TS
2025-10-16,0.0,31.2,22.2,4.5,0.252,Nirmal,TS
2025-10-17,0.2,31.4,22.6,4.83,0.248,Nirmal,TS
2025-10-18,0.0,31.0,22.3,4.97,0.242,Nirmal,TS
2025-10-19,0.0,32.1,22.3,5.42,0.239,Nirmal,TS
2025-10-20,1.3,30.8,22.3,4.24,0.242,Nirmal,TS
2025-10-21,1.1,30.9,22.7,3.81,0.248,Nirmal,TS
2025-10-22,0.2,31.7,22.6,4.56,0.246,Nirmal,TS
2025-10-23,0.5,32.4,23.6,4.54,0.238,Nirmal,TS
2025-10-24,5.2,28.8,23.3,2.71,0.259,Nirmal,TS
2025-10-25,9.5,29.5,22.8,3.38,0.33,Nirmal,TS
2025-10-26,0.2,30.2,21.8,3.98,0.314,Nirmal,TS
2025-10-27,0.4,31.3,22.1,4.3,0.294,Nirmal,TS
2025-10-28,5.5,31.4,23.8,2.56,0.323,Nirmal,TS
2025-10-29,40.6,27.6,23.3,1.91,0.482,Nirmal,TS
2025-10-30,38.7,27.7,22.6,1.5,0.503,Nirmal,TS
2025-10-31,0.0,29.7,22.7,4.08,0.471,Nirmal,TS
2025-11-01,1.0,30.3,22.7,3.74,0.435,Nirmal,TS
2025-11-02,8.6,29.3,23.4,3.22,0.418,Nirmal,TS
2025-11-03,0.5,31.0,23.1,3.9,0.386,Nirmal,TS
2025-11-04,2.9,29.6,23.0,3.35,0.368,Nirmal,TS
2025-11-05,0.0,29.2,21.2,3.73,0.345,Nirmal,TS
2025-11-06,0.0,30.5,20.4,4.34,0.333,Nirmal,TS
2025-11-07,0.0,29.9,19.4,4.86,0.325,Nirmal,TS
2025-11-08,0.0,29.1,18.6,4.74,0.319,Nirmal,TS
2025-11-09,0.0,28.1,16.6,4.59,0.313,Nirmal,TS
2025-11-10,0.0,28.0,14.9,4.15,0.302,Nirmal,TS
2025-11-11,0.0,28.1,15.4,4.43,0.286,Nirmal,TS
2025-11-12,0.0,28.4,16.3,4.69,0.275,Nirmal,TS
2025-11-13,0.0,27.9,14.0,4.59,0.267,Nirmal,TS
2025-11-14,0.0,28.2,14.0,4.53,0.26,Nirmal,TS
2025-11-15,0.0,28.3,14.0,4.16,0.253,Nirmal,TS
2025-11-16,0.0,27.6,15.2,4.75,0.253,Nirmal,TS
2025-11-17,0.0,27.3,14.6,4.55,0.249,Nirmal,TS
2025-11-18,0.0,27.2,15.3,4.38,0.247,Nirmal,TS
2025-11-19,0.0,27.8,14.1,4.0,0.246,Nirmal,TS
2025-11-20,0.0,28.5,13.9,4.05,0.254,Nirmal,TS
2025-11-21,0.0,28.8,14.3,3.9,0.258,Nirmal,TS
2025-11-22,0.0,29.2,16.7,3.97,0.257,Nirmal,TS
2025-11-23,0.0,30.2,18.3,3.99,0.249,Nirmal,TS
2025-11-24,0.0,30.6,19.2,3.93,0.248,Nirmal,TS
2025-11-25,0.0,29.5,18.2,4.04,0.259,Nirmal,TS
2025-11-26,0.0,29.1,18.9,3.93,0.264,Nirmal,TS
2025-11-27,0.0,29.7,18.7,4.08,0.279,Nirmal,TS
2025-11-28,0.0,27.7,17.7,4.34,0.292,Nirmal,TS
2025-11-29,0.0,27.5,16.4,4.38,0.292,Nirmal,TS
2025-11-30,0.0,26.9,16.2,3.69,0.298,Nirmal,TS
2025-12-01,0.0,28.3,18.3,3.96,0.285,Nirmal,TS
2025-12-02,0.0,28.1,15.9,3.93,0.275,Nirmal,TS
2025-12-03,0.0,28.2,15.5,4.09,0.274,Nirmal,TS
2025-12-04,0.0,28.9,18.7,4.42,0.265,Nirmal,TS
2025-12-05,0.0,28.5,18.1,4.76,0.259,Nirmal,TS
2025-12-06,0.0,27.4,16.7,4.03,0.257,Nirmal,TS
2025-12-07,0.0,28.3,16.1,4.28,0.261,Nirmal,TS
2025-12-08,0.0,28.5,14.4,4.44,0.255,Nirmal,TS
2025-12-09,0.0,28.6,14.7,4.71,0.25,Nirmal,TS
2025-12-10,0.0,28.9,16.2,4.9,0.247,Nirmal,TS
2025-12-11,0.0,27.8,12.8,4.17,0.244,Nirmal,TS
2025-12-12,0.0,28.1,12.1,3.7,0.241,Nirmal,TS
2025-12-13,0.0,27.9,15.7,3.63,0.24,Nirmal,TS
2025-12-14,0.0,27.7,13.0,3.49,0.239,Nirmal,TS
2025-12-15,0.0,27.5,14.4,3.64,0.233,Nirmal,TS
2025-12-16,0.0,27.6,13.8,3.72,0.238,Nirmal,TS
2025-12-17,0.0,28.8,14.9,3.85,0.238,Nirmal,TS
2025-12-18,0.0,28.7,12.4,4.13,0.237,Nirmal,TS
2025-12-19,0.0,27.5,14.1,4.21,0.237,Nirmal,TS
2025-12-20,0.0,27.6,12.6,4.14,0.237,Nirmal,TS
2025-12-21,0.0,27.8,12.5,3.63,0.237,Nirmal,TS
2025-12-22,0.0,28.4,14.2,4.21,0.237,Nirmal,TS
2025-12-23,0.0,28.0,13.9,4.33,0.237,Nirmal,TS
2025-12-24,0.0,27.6,15.0,4.26,0.237,Nirmal,TS
2025-12-25,0.0,27.1,13.5,3.87,0.237,Nirmal,TS
2025-12-26,0.0,27.2,15.3,3.68,0.237,Nirmal,TS
2025-12-27,0.0,27.0,14.7,3.64,0.237,Nirmal,TS
2025-12-28,0.0,27.0,13.8,3.71,0.244,Nirmal,TS
2025-12-29,0.0,27.1,12.7,3.8,0.243,Nirmal,TS
2025-12-30,0.0,27.4,15.2,3.63,0.24,Nirmal,TS
2025-12-31,0.0,27.7,15.0,3.75,0.239,Nirmal,TS
2026-01-01,0.0,28.9,16.3,3.79,0.238,Nirmal,TS
2026-01-02,0.0,28.2,18.4,3.2,0.237,Nirmal,TS
2026-01-03,0.0,29.0,19.1,3.58,0.246,Nirmal,TS
2026-01-04,0.0,28.7,17.9,3.53,0.247,Nirmal,TS
2026-01-05,0.0,28.1,17.5,4.04,0.243,Nirmal,TS
2026-01-06,0.0,27.4,15.7,4.07,0.239,Nirmal,TS
2026-01-07,0.0,27.6,13.9,4.15,0.248,Nirmal,TS
2026-01-08,0.0,27.3,15.5,4.01,0.249,Nirmal,TS
2026-01-09,0.0,27.1,14.0,4.28,0.245,Nirmal,TS
2026-01-10,0.0,26.9,15.5,4.81,0.242,Nirmal,TS
2026-01-11,0.0,27.9,14.1,4.6,0.24,Nirmal,TS
2026-01-12,0.0,28.4,16.6,4.58,0.238,Nirmal,TS
2026-01-13,0.0,29.1,17.1,3.96,0.237,Nirmal,TS
2026-01-14,0.0,28.8,19.5,3.72,0.237,Nirmal,TS
2026-01-15,0.0,30.5,19.1,4.04,0.236,Nirmal,TS
2026-01-16,0.0,29.8,16.9,4.2,0.236,Nirmal,TS
2026-01-17,0.0,30.1,15.8,4.03,0.245,Nirmal,TS
2026-01-18,0.0,30.5,17.4,4.14,0.236,Nirmal,TS
2026-01-19,0.0,29.6,17.2,4.08,0.236,Nirmal,TS
2026-01-20,0.0,29.9,17.7,4.11,0.236,Nirmal,TS
2026-01-21,0.0,29.5,17.5,4.5,0.236,Nirmal,TS
2026-01-22,0.0,29.2,16.4,4.41,0.231,Nirmal,TS
2026-01-23,0.0,28.7,17.9,4.31,0.236,Nirmal,TS
2026-01-24,0.0,29.4,17.1,4.53,0.236,Nirmal,TS
2026-01-25,0.0,29.4,17.0,4.29,0.236,Nirmal,TS
2026-01-26,0.0,29.8,18.4,4.1,0.236,Nirmal,TS
2026-01-27,0.0,30.4,19.0,4.28,0.236,Nirmal,TS
2026-01-28,0.0,29.6,19.7,3.92,0.236,Nirmal,TS
2026-01-29,0.0,30.2,19.3,4.3,0.236,Nirmal,TS
2026-01-30,0.0,30.7,19.3,4.67,0.236,Nirmal,TS
2026-01-31,0.0,30.4,18.3,4.69,0.236,Nirmal,TS
2026-02-01,0.0,30.6,19.0,4.6,0.236,Nirmal,TS
2026-02-02,0.0,30.5,18.0,4.9,0.236,Nirmal,TS
2026-02-03,0.0,30.3,17.4,4.57,0.236,Nirmal,TS
2026-02-04,0.0,30.4,18.9,4.4,0.236,Nirmal,TS
2026-02-05,0.0,30.4,17.8,4.56,0.236,Nirmal,TS
2026-02-06,0.0,30.8,18.1,4.56,0.236,Nirmal,TS
2026-02-07,0.0,30.6,18.7,5.18,0.236,Nirmal,TS
2026-02-08,0.0,30.5,17.1,5.09,0.236,Nirmal,TS
2026-02-09,0.0,31.0,18.0,4.82,0.236,Nirmal,TS
2026-02-10,0.0,31.9,18.7,4.9,0.236,Nirmal,TS
2026-02-11,0.0,31.7,18.2,5.07,0.236,Nirmal,TS
2026-02-12,0.0,31.8,18.7,4.81,0.236,Nirmal,TS
2026-02-13,0.0,31.6,19.7,4.6,0.236,Nirmal,TS
2026-02-14,0.0,32.2,19.1,4.93,0.244,Nirmal,TS
2026-02-15,0.0,33.1,20.3,4.62,0.246,Nirmal,TS
2026-02-16,0.0,32.4,20.8,5.59,0.236,Nirmal,TS
2026-02-17,0.0,32.7,18.3,5.26,0.236,Nirmal,TS
2026-02-18,0.0,31.7,19.1,5.08,0.236,Nirmal,TS
2026-02-19,0.0,31.9,20.3,5.23,0.249,Nirmal,TS
2026-02-20,0.0,32.8,20.4,5.37,0.248,Nirmal,TS
2026-02-21,0.0,32.9,20.3,5.15,0.236,Nirmal,TS
2026-02-22,0.0,32.3,21.3,4.86,0.243,Nirmal,TS
2026-02-23,5.1,31.1,20.8,4.75,0.302,Nirmal,TS
2026-02-24,0.0,30.8,19.5,4.5,0.321,Nirmal,TS
2026-02-25,0.0,30.3,20.2,4.17,0.334,Nirmal,TS
2026-02-26,0.0,31.6,20.9,4.79,0.358,Nirmal,TS
2026-02-27,0.0,32.3,21.5,4.6,0.357,Nirmal,TS
2026-02-28,0.0,33.4,22.7,5.37,0.34,Nirmal,TS
2026-03-01,0.0,34.5,24.0,4.87,0.333,Nirmal,TS
2026-03-02,0.0,34.6,21.3,5.12,0.329,Nirmal,TS
2026-03-03,0.0,35.5,21.6,5.89,0.321,Nirmal,TS
2026-03-04,0.0,35.4,19.8,5.87,0.301,Nirmal,TS
2026-03-05,0.0,35.7,19.7,5.86,0.285,Nirmal,TS
2026-03-06,0.0,36.5,20.1,6.29,0.267,Nirmal,TS
2026-03-07,0.0,36.6,20.1,5.44,0.255,Nirmal,TS
2026-03-08,0.0,36.6,21.0,6.21,0.247,Nirmal,TS
2026-03-09,0.0,36.5,20.9,6.14,0.241,Nirmal,TS
2026-03-10,0.0,35.6,22.2,5.78,0.238,Nirmal,TS
2026-03-11,0.0,36.1,21.8,5.47,0.236,Nirmal,TS
2026-03-12,0.0,36.6,22.1,6.18,0.236,Nirmal,TS
2026-03-13,0.0,36.8,22.5,6.36,0.236,Nirmal,TS
2026-03-14,0.0,36.0,22.1,5.79,0.236,Nirmal,TS
2026-03-15,0.0,35.9,24.3,6.47,0.236,Nirmal,TS
2026-03-16,0.0,35.4,23.3,6.25,0.242,Nirmal,TS
2026-03-17,0.0,34.0,22.6,5.56,0.253,Nirmal,TS
2026-03-18,0.0,30.1,21.9,4.39,0.249,Nirmal,TS
2026-03-19,0.0,32.5,20.5,5.35,0.255,Nirmal,TS
2026-03-20,0.3,31.6,20.1,5.44,0.269,Nirmal,TS
2026-03-21,0.0,33.6,21.8,5.79,0.262,Nirmal,TS
2026-03-22,0.0,33.6,22.3,6.78,0.268,Nirmal,TS
2026-03-23,0.0,34.5,22.2,6.08,0.262,Nirmal,TS
2026-03-24,0.0,34.8,23.2,5.41,0.248,Nirmal,TS
2026-03-25,0.0,36.6,23.1,6.13,0.259,Nirmal,TS
2026-03-26,0.0,37.1,24.7,5.8,0.247,Nirmal,TS
2026-03-27,0.0,38.0,24.0,6.8,0.251,Nirmal,TS
2026-03-28,0.0,37.4,23.8,6.72,0.238,Nirmal,TS
2026-03-29,0.0,37.9,23.9,6.72,0.236,Nirmal,TS
2026-03-30,0.3,36.9,24.7,6.35,0.237,Nirmal,TS
2026-03-31,0.0,34.0,21.5,6.01,0.249,Nirmal,TS
2026-04-01,0.0,35.3,24.6,5.85,0.256,Nirmal,TS
2026-04-02,0.0,32.9,23.2,4.42,0.265,Nirmal,TS
2026-04-03,0.0,34.0,23.6,5.53,0.266,Nirmal,TS
2026-04-04,0.2,34.6,23.7,6.08,0.286,Nirmal,TS
2026-04-05,0.2,33.7,23.8,6.08,0.272,Nirmal,TS
2026-04-06,0.0,34.6,23.1,6.91,0.266,Nirmal,TS
2026-04-07,0.0,34.9,22.5,7.01,0.265,Nirmal,TS
2026-04-08,0.0,36.3,22.7,6.76,0.258,Nirmal,TS
2026-04-09,0.0,35.9,23.6,6.73,0.247,Nirmal,TS
2026-04-10,0.0,37.0,25.5,7.86,0.246,Nirmal,TS
2026-04-11,0.0,36.4,24.7,6.74,0.241,Nirmal,TS
2026-04-12,0.0,37.8,25.4,6.31,0.238,Nirmal,TS
2026-04-13,0.0,38.8,27.1,6.73,0.248,Nirmal,TS
2026-04-14,0.0,40.1,27.3,6.72,0.24,Nirmal,TS
2026-04-15,0.0,39.8,26.2,7.5,0.237,Nirmal,TS
2026-04-16,0.0,39.9,24.3,7.28,0.236,Nirmal,TS
2026-04-17,0.0,40.2,27.7,6.91,0.236,Nirmal,TS
2026-04-18,0.0,40.6,27.4,6.8,0.236,Nirmal,TS
2026-04-19,0.0,39.4,27.1,7.19,0.236,Nirmal,TS
2026-04-20,0.0,38.7,28.4,7.31,0.235,Nirmal,TS
2026-04-21,0.0,38.3,27.7,7.07,0.249,Nirmal,TS
2026-04-22,0.0,39.9,27.8,6.99,0.267,Nirmal,TS
2026-04-23,0.0,39.4,26.1,6.64,0.283,Nirmal,TS
2026-04-24,0.0,40.5,26.0,6.56,0.264,Nirmal,TS
2026-04-25,0.0,40.9,26.4,7.13,0.255,Nirmal,TS
2026-04-26,0.0,40.9,27.5,7.69,0.242,Nirmal,TS
2026-04-27,0.0,41.8,27.9,6.38,0.238,Nirmal,TS
2026-04-28,0.0,41.9,28.9,7.73,0.236,Nirmal,TS
2026-04-29,0.0,41.5,27.8,7.62,0.236,Nirmal,TS
2026-04-30,0.0,40.4,27.3,8.4,0.236,Nirmal,TS
2026-05-01,0.0,39.3,26.9,7.99,0.235,Nirmal,TS
2026-05-02,0.0,40.8,27.6,7.89,0.235,Nirmal,TS
2026-05-03,0.0,40.3,27.5,7.41,0.235,Nirmal,TS
2026-05-04,0.0,39.2,26.3,7.35,0.235,Nirmal,TS
2026-05-05,0.0,39.4,27.2,7.81,0.235,Nirmal,TS
2026-05-06,0.0,36.6,26.7,6.74,0.235,Nirmal,TS
2026-05-07,1.0,36.3,26.6,6.14,0.242,Nirmal,TS
2026-05-08,0.0,36.5,24.4,6.17,0.264,Nirmal,TS
2026-05-09,0.0,37.2,26.1,6.21,0.261,Nirmal,TS
2026-05-10,0.0,37.6,26.9,6.66,0.26,Nirmal,TS
2026-05-11,0.0,38.2,26.5,6.83,0.257,Nirmal,TS
2026-05-12,0.0,38.2,27.7,6.98,0.268,Nirmal,TS
2026-05-13,2.8,38.3,27.9,6.87,0.275,Nirmal,TS
2026-05-14,2.0,38.1,25.2,6.77,0.322,Nirmal,TS
2026-05-15,0.1,39.8,29.4,7.25,0.365,Nirmal,TS
2026-05-16,0.0,40.3,28.7,7.15,0.367,Nirmal,TS
2026-05-17,0.0,38.9,28.5,6.68,0.343,Nirmal,TS
2026-05-18,0.0,39.0,29.5,7.26,0.314,Nirmal,TS
2026-05-19,0.0,39.3,30.2,7.03,0.304,Nirmal,TS
2026-05-20,0.0,41.7,30.7,8.6,0.292,Nirmal,TS
2026-05-21,0.0,41.6,31.1,8.19,0.27,Nirmal,TS
2026-05-22,0.0,41.7,32.2,8.36,0.263,Nirmal,TS
2026-05-23,0.2,39.9,31.5,9.17,0.249,Nirmal,TS
2026-05-24,0.0,40.3,30.9,8.65,0.25,Nirmal,TS
2026-05-25,0.4,40.9,31.0,8.36,0.239,Nirmal,TS
2026-05-26,0.4,39.6,29.2,7.91,0.239,Nirmal,TS
2026-05-27,0.2,37.2,25.4,7.36,0.338,Nirmal,TS
2026-05-28,0.0,39.6,29.2,7.77,0.367,Nirmal,TS
2026-05-29,0.0,39.1,29.0,7.33,0.347,Nirmal,TS
2026-05-30,0.0,37.6,30.0,8.33,0.318,Nirmal,TS
2026-05-31,1.8,37.1,29.5,7.78,0.295,Nirmal,TS
2026-06-01,0.0,37.1,28.1,6.52,0.293,Nirmal,TS
2026-06-02,0.4,36.1,26.0,6.0,0.285,Nirmal,TS
2026-06-03,0.1,36.8,29.7,7.54,0.28,Nirmal,TS
2026-06-04,18.1,35.9,24.1,5.11,0.304,Nirmal,TS
2026-06-05,0.8,36.3,28.2,6.17,0.326,Nirmal,TS
2026-06-06,0.0,37.5,27.5,7.17,0.316,Nirmal,TS
2026-06-07,0.5,37.0,29.3,6.39,0.305,Nirmal,TS
2026-06-08,0.8,36.7,25.3,6.47,0.319,Nirmal,TS
2026-06-09,3.5,36.7,25.1,6.81,0.385,Nirmal,TS
2026-06-10,0.0,37.6,29.6,7.79,0.362,Nirmal,TS
2026-06-11,0.0,37.7,28.8,7.37,0.345,Nirmal,TS
2026-06-12,0.1,37.3,27.8,7.26,0.334,Nirmal,TS
2026-06-13,1.4,36.3,28.2,5.56,0.367,Nirmal,TS
2026-06-14,1.2,35.5,28.5,6.84,0.388,Nirmal,TS
2026-06-15,0.6,36.1,26.5,6.92,0.382,Nirmal,TS
2026-06-16,0.0,36.4,28.0,6.84,0.365,Nirmal,TS
2026-06-17,0.0,36.6,28.1,7.03,0.35,Nirmal,TS
2026-06-18,0.6,36.5,28.1,6.7,0.328,Nirmal,TS
2026-06-19,0.1,36.1,29.0,6.93,0.336,Nirmal,TS
2026-06-20,1.9,36.2,27.4,6.35,0.301,Nirmal,TS
2026-06-21,1.6,35.8,27.5,5.71,0.283,Nirmal,TS
2026-06-22,6.4,35.1,26.0,6.57,0.307,Nirmal,TS
2026-06-23,8.1,33.3,25.4,4.87,0.455,Nirmal,TS
2026-06-24,9.1,30.7,24.8,4.39,0.478,Nirmal,TS
2026-06-25,3.3,31.8,24.7,4.9,0.471,Nirmal,TS
2026-06-26,2.3,32.5,24.9,5.05,0.477,Nirmal,TS
2026-06-27,4.5,32.1,24.9,4.34,0.483,Nirmal,TS
2026-06-28,6.2,31.6,26.3,4.61,0.48,Nirmal,TS
2026-06-29,4.7,32.8,25.2,4.26,0.474,Nirmal,TS
2026-06-30,5.3,31.3,24.8,4.15,0.474,Nirmal,TS
2026-07-01,8.3,30.3,24.9,3.02,0.481,Nirmal,TS
2026-07-02,15.9,28.4,24.3,2.05,0.509,Nirmal,TS
2026-07-03,27.2,28.3,24.1,2.49,0.506,Nirmal,TS
2026-07-04,6.8,28.1,23.5,2.88,0.505,Nirmal,TS
2026-07-05,2.7,28.9,24.6,2.86,0.5,Nirmal,TS
2026-07-06,1.0,30.0,24.2,3.7,0.494,Nirmal,TS
2026-07-07,2.4,31.9,25.8,5.53,0.491,Nirmal,TS
2026-07-08,1.0,32.3,26.5,5.16,0.486,Nirmal,TS
2026-07-09,1.9,32.5,25.1,5.01,0.486,Nirmal,TS
2026-07-10,0.4,32.4,26.2,6.23,0.451,Nirmal,TS
2026-07-11,0.0,31.9,26.1,5.9,0.428,Nirmal,TS
2026-07-12,0.0,31.9,25.9,5.65,0.406,Nirmal,TS
2026-07-13,0.0,33.3,26.0,6.57,0.38,Nirmal,TS
2026-07-14,0.0,32.5,26.1,6.19,0.355,Nirmal,TS
2026-07-15,0.6,31.9,25.9,6.19,0.326,Nirmal,TS
2026-07-16,1.7,31.6,24.5,5.16,0.312,Nirmal,TS
2026-07-17,13.9,32.0,24.5,3.84,0.345,Nirmal,TS
2026-07-18,10.1,29.3,24.3,3.24,0.383,Nirmal,TS
2026-07-19,10.5,31.2,24.3,4.12,0.449,Nirmal,TS
2026-07-20,5.2,30.5,23.6,4.19,0.461,Nirmal,TS
2026-07-21,21.7,25.7,23.7,1.4,0.492,Nirmal,TS
2026-07-22,9.3,27.5,23.6,2.26,0.502,Nirmal,TS
2026-07-23,9.6,29.7,22.9,3.96,0.504,Nirmal,TS
2026-07-24,1.4,32.0,24.6,5.32,0.487,Nirmal,TS
2026-07-25,1.2,31.5,25.2,5.63,0.461,Nirmal,TS
2026-07-26,22.7,30.8,24.1,4.51,0.465,Nirmal,TS
2026-07-27,9.2,30.3,24.1,4.15,0.492,Nirmal,TS
2026-07-28,19.0,30.6,24.1,3.46,0.505,Nirmal,TS
2026-07-29,52.4,26.9,23.7,1.51,0.508,Nirmal,TS
2026-07-30,92.2,24.8,23.7,0.97,0.515,Nirmal,TS
2026-07-31,25.0,30.4,24.1,4.08,0.508,Nirmal,TS
2026-08-01,0.6,31.0,24.6,5.19,0.494,Nirmal,TS
2026-08-02,1.3,31.4,25.7,5.37,0.474,Nirmal,TS
2026-08-03,1.6,31.7,25.5,5.14,0.464,Nirmal,TS
2026-08-04,4.9,29.3,24.7,2.84,0.489,Nirmal,TS
2026-08-05,0.9,30.3,24.6,4.12,0.484,Nirmal,TS
2026-08-06,6.4,31.0,24.1,5.27,0.466,Nirmal,TS
2026-08-07,5.1,30.8,24.1,4.91,0.486,Nirmal,TS
2026-08-08,6.3,30.5,24.0,4.31,0.49,Nirmal,TS
2026-08-09,6.4,30.7,23.7,4.65,0.488,Nirmal,TS
2026-08-10,0.2,31.0,25.1,5.48,0.459,Nirmal,TS
2026-08-11,0.9,30.9,24.7,4.84,0.434,Nirmal,TS
2026-08-12,9.8,30.0,23.9,3.77,0.469,Nirmal,TS
2026-08-13,3.8,31.0,24.5,4.97,0.476,Nirmal,TS
2026-08-14,0.8,30.6,25.1,4.89,0.464,Nirmal,TS
2026-08-15,3.5,29.8,24.2,4.53,0.459,Nirmal,TS
2026-08-16,1.6,30.0,24.3,4.19,0.476,Nirmal,TS
2026-08-17,0.8,30.2,24.7,4.25,0.448,Nirmal,TS
2026-08-18,12.8,30.2,24.3,4.52,0.443,Nirmal,TS
2026-08-19,5.0,27.0,24.0,2.21,0.465,Nirmal,TS
2026-08-20,0.8,30.7,24.3,5.12,0.464,Nirmal,TS
2026-08-21,0.6,30.2,24.2,4.96,0.441,Nirmal,TS
2026-08-22,1.9,30.2,24.0,4.73,0.423,Nirmal,TS
2026-08-23,18.1,27.6,24.2,1.84,0.484,Nirmal,TS
2026-08-24,1.8,29.5,23.8,2.88,0.486,Nirmal,TS
2026-08-25,5.2,29.0,23.1,3.93,0.475,Nirmal,TS
2026-08-26,5.3,30.9,23.8,4.82,0.46,Nirmal,TS
2026-08-27,8.5,30.5,23.7,5.19,0.457,Nirmal,TS
2026-08-28,1.7,29.6,24.9,5.0,0.428,Nirmal,TS
2026-08-29,2.1,29.4,24.8,4.73,0.425,Nirmal,TS
2026-08-30,1.4,27.8,23.6,2.93,0.463,Nirmal,TS
2026-08-31,0.0,29.4,24.4,3.54,0.455,Nirmal,TS
2026-09-01,0.9,30.6,24.2,5.08,0.431,Nirmal,TS
2026-09-02,0.9,30.1,23.5,4.49,0.418,Nirmal,TS
2026-09-03,3.5,27.8,23.6,2.4,0.412,Nirmal,TS
2026-09-04,0.2,28.3,24.1,2.7,0.425,Nirmal,TS
2026-09-05,0.7,30.2,24.0,4.88,0.412,Nirmal,TS
2026-09-06,1.2,30.9,24.2,4.87,0.396,Nirmal,TS
2026-09-07,0.4,31.3,24.4,5.1,0.377,Nirmal,TS
2026-09-08,0.6,30.7,24.8,4.71,0.347,Nirmal,TS
2026-09-09,0.6,30.6,24.5,5.07,0.325,Nirmal,TS
2026-09-10,1.3,30.5,25.0,4.96,0.314,Nirmal,TS
