date,precipitation_sum,temperature_2m_max,temperature_2m_min,et0_fao_evapotranspiration,soil_moisture_0_to_7cm_mean,district,state
2014-01-01,0.0,27.2,16.3,4.3,0.142,Narayanpet,TS
2014-01-02,0.0,27.9,15.4,4.32,0.14,Narayanpet,TS
2014-01-03,0.0,28.3,15.3,4.29,0.139,Narayanpet,TS
2014-01-04,0.0,28.7,15.6,4.34,0.138,Narayanpet,TS
2014-01-05,0.0,29.0,16.5,4.38,0.138,Narayanpet,TS
2014-01-06,0.0,29.8,16.5,4.39,0.136,Narayanpet,TS
2014-01-07,0.0,29.6,16.9,4.66,0.136,Narayanpet,TS
2014-01-08,0.0,28.9,17.0,4.66,0.135,Narayanpet,TS
2014-01-09,0.0,28.8,16.9,4.35,0.134,Narayanpet,TS
2014-01-10,0.0,28.7,17.0,4.31,0.133,Narayanpet,TS
2014-01-11,0.0,28.0,17.9,3.61,0.133,Narayanpet,TS
2014-01-12,0.0,30.1,18.3,4.64,0.132,Narayanpet,TS
2014-01-13,0.0,29.7,18.7,5.14,0.132,Narayanpet,TS
2014-01-14,0.0,28.9,17.7,4.49,0.131,Narayanpet,TS
2014-01-15,0.0,29.4,18.1,4.63,0.131,Narayanpet,TS
2014-01-16,0.0,29.7,18.4,4.78,0.13,Narayanpet,TS
2014-01-17,0.0,29.3,19.4,4.93,0.129,Narayanpet,TS
2014-01-18,0.0,28.6,19.1,4.43,0.129,Narayanpet,TS
2014-01-19,0.0,29.5,18.4,4.97,0.129,Narayanpet,TS
2014-01-20,0.0,29.4,18.1,4.98,0.128,Narayanpet,TS
2014-01-21,0.0,28.7,18.0,5.05,0.128,Narayanpet,TS
2014-01-22,0.0,28.1,17.1,4.66,0.127,Narayanpet,TS
2014-01-23,0.0,28.5,18.2,4.41,0.127,Narayanpet,TS
2014-01-24,0.0,29.2,18.3,4.37,0.127,Narayanpet,TS
2014-01-25,0.0,30.0,18.3,4.9,0.127,Narayanpet,TS
2014-01-26,0.0,30.1,17.1,4.83,0.126,Narayanpet,TS
2014-01-27,0.0,29.4,17.4,4.76,0.126,Narayanpet,TS
2014-01-28,0.0,28.9,16.8,4.32,0.126,Narayanpet,TS
2014-01-29,0.0,28.4,19.5,4.12,0.125,Narayanpet,TS
2014-01-30,0.0,28.8,19.8,4.6,0.125,Narayanpet,TS
2014-01-31,0.0,28.7,17.2,5.24,0.125,Narayanpet,TS
2014-02-01,0.0,28.7,17.5,5.13,0.125,Narayanpet,TS
2014-02-02,0.0,29.4,17.7,4.99,0.125,Narayanpet,TS
2014-02-03,0.0,30.6,17.4,4.94,0.124,Narayanpet,TS
2014-02-04,0.0,31.6,17.3,4.84,0.124,Narayanpet,TS
2014-02-05,0.0,31.9,17.8,5.2,0.124,Narayanpet,TS
2014-02-06,0.0,32.3,18.2,5.56,0.123,Narayanpet,TS
2014-02-07,0.0,31.7,18.3,5.49,0.123,Narayanpet,TS
2014-02-08,0.0,31.9,18.2,5.63,0.123,Narayanpet,TS
2014-02-09,0.0,32.4,18.1,5.52,0.123,Narayanpet,TS
2014-02-10,0.0,32.3,16.5,5.37,0.122,Narayanpet,TS
2014-02-11,0.0,31.4,16.9,5.41,0.122,Narayanpet,TS
2014-02-12,0.0,31.1,17.7,5.76,0.122,Narayanpet,TS
2014-02-13,0.0,30.9,19.7,5.94,0.122,Narayanpet,TS
2014-02-14,0.1,29.6,21.3,4.77,0.123,Narayanpet,TS
2014-02-15,0.0,29.4,19.8,4.38,0.124,Narayanpet,TS
2014-02-16,0.0,28.8,21.5,4.34,0.124,Narayanpet,TS
2014-02-17,0.0,29.5,18.7,6.25,0.123,Narayanpet,TS
2014-02-18,0.0,30.2,18.0,6.11,0.123,Narayanpet,TS
2014-02-19,0.0,29.3,18.3,4.15,0.123,Narayanpet,TS
2014-02-20,0.0,30.6,18.9,5.05,0.123,Narayanpet,TS
2014-02-21,0.0,31.2,20.2,5.38,0.122,Narayanpet,TS
2014-02-22,0.0,31.5,21.2,5.62,0.122,Narayanpet,TS
2014-02-23,0.0,31.7,20.1,5.7,0.122,Narayanpet,TS
2014-02-24,0.0,31.7,19.5,6.39,0.122,Narayanpet,TS
2014-02-25,0.0,31.6,17.2,6.22,0.122,Narayanpet,TS
2014-02-26,0.0,31.7,18.5,5.94,0.122,Narayanpet,TS
2014-02-27,0.2,32.0,20.4,5.31,0.122,Narayanpet,TS
2014-02-28,2.9,31.4,20.4,4.66,0.132,Narayanpet,TS
2014-03-01,0.0,29.3,20.7,4.3,0.169,Narayanpet,TS
2014-03-02,0.0,29.9,20.7,4.48,0.166,Narayanpet,TS
2014-03-03,6.2,30.0,20.4,4.52,0.187,Narayanpet,TS
2014-03-04,0.6,28.1,19.9,3.74,0.251,Narayanpet,TS
2014-03-05,0.0,29.0,19.8,4.72,0.234,Narayanpet,TS
2014-03-06,0.8,28.5,20.5,4.13,0.225,Narayanpet,TS
2014-03-07,0.1,30.0,19.6,4.99,0.217,Narayanpet,TS
2014-03-08,0.0,31.4,20.6,5.74,0.202,Narayanpet,TS
2014-03-09,0.0,30.0,20.2,5.15,0.189,Narayanpet,TS
2014-03-10,0.1,31.5,20.5,5.53,0.179,Narayanpet,TS
2014-03-11,0.0,32.7,20.6,6.19,0.169,Narayanpet,TS
2014-03-12,0.0,31.5,21.5,5.5,0.16,Narayanpet,TS
2014-03-13,0.0,33.8,21.4,6.39,0.152,Narayanpet,TS
2014-03-14,0.0,34.7,21.1,6.67,0.145,Narayanpet,TS
2014-03-15,0.0,35.3,22.0,6.85,0.14,Narayanpet,TS
2014-03-16,0.0,35.5,21.5,6.47,0.135,Narayanpet,TS
2014-03-17,0.0,35.1,22.0,6.31,0.133,Narayanpet,TS
2014-03-18,0.0,35.4,22.4,6.58,0.13,Narayanpet,TS
2014-03-19,0.0,36.5,21.6,6.88,0.128,Narayanpet,TS
2014-03-20,0.0,36.5,21.8,6.61,0.126,Narayanpet,TS
2014-03-21,0.0,36.5,22.5,6.94,0.125,Narayanpet,TS
2014-03-22,0.0,36.4,24.3,5.8,0.124,Narayanpet,TS
2014-03-23,0.0,36.7,23.1,7.01,0.123,Narayanpet,TS
2014-03-24,0.0,36.5,24.2,7.6,0.122,Narayanpet,TS
2014-03-25,0.0,36.6,23.2,7.45,0.122,Narayanpet,TS
2014-03-26,0.0,37.0,22.7,7.45,0.122,Narayanpet,TS
2014-03-27,0.0,37.2,23.4,7.86,0.121,Narayanpet,TS
2014-03-28,0.0,37.0,22.8,6.97,0.121,Narayanpet,TS
2014-03-29,0.0,38.4,22.6,7.03,0.121,Narayanpet,TS
2014-03-30,0.0,38.5,24.2,7.2,0.121,Narayanpet,TS
2014-03-31,0.0,37.8,26.8,7.29,0.121,Narayanpet,TS
2014-04-01,0.0,37.7,25.0,5.87,0.121,Narayanpet,TS
2014-04-02,0.0,36.4,25.0,6.05,0.122,Narayanpet,TS
2014-04-03,0.0,36.9,25.7,6.53,0.121,Narayanpet,TS
2014-04-04,0.0,37.2,24.1,6.75,0.121,Narayanpet,TS
2014-04-05,0.0,37.9,23.6,6.75,0.121,Narayanpet,TS
2014-04-06,0.0,38.2,24.3,7.61,0.121,Narayanpet,TS
2014-04-07,0.0,38.6,24.4,7.98,0.121,Narayanpet,TS
2014-04-08,0.0,38.2,25.9,6.74,0.121,Narayanpet,TS
2014-04-09,1.7,38.0,25.3,7.02,0.128,Narayanpet,TS
2014-04-10,0.0,36.3,24.2,6.27,0.139,Narayanpet,TS
2014-04-11,0.0,37.0,24.4,6.21,0.134,Narayanpet,TS
2014-04-12,0.0,36.5,25.0,6.36,0.131,Narayanpet,TS
2014-04-13,0.0,36.6,24.2,6.79,0.129,Narayanpet,TS
2014-04-14,0.3,36.7,25.1,7.12,0.128,Narayanpet,TS
2014-04-15,0.3,35.3,25.3,6.13,0.131,Narayanpet,TS
2014-04-16,0.3,36.7,25.5,6.06,0.132,Narayanpet,TS
2014-04-17,1.8,37.4,25.4,6.36,0.137,Narayanpet,TS
2014-04-18,0.0,35.4,25.5,6.17,0.148,Narayanpet,TS
2014-04-19,3.4,36.7,25.4,6.12,0.153,Narayanpet,TS
2014-04-20,0.0,37.4,24.4,6.95,0.167,Narayanpet,TS
2014-04-21,0.0,37.7,24.6,7.19,0.154,Narayanpet,TS
2014-04-22,0.0,38.0,25.0,7.37,0.145,Narayanpet,TS
2014-04-23,0.0,38.6,24.1,6.89,0.138,Narayanpet,TS
2014-04-24,0.0,38.2,25.8,6.25,0.133,Narayanpet,TS
2014-04-25,0.3,39.2,26.8,6.6,0.131,Narayanpet,TS
2014-04-26,0.8,38.4,28.4,6.2,0.133,Narayanpet,TS
2014-04-27,0.1,38.5,26.7,5.97,0.138,Narayanpet,TS
2014-04-28,0.4,38.4,26.1,6.36,0.137,Narayanpet,TS
2014-04-29,0.1,38.6,26.5,6.29,0.137,Narayanpet,TS
2014-04-30,0.7,37.6,26.9,5.87,0.138,Narayanpet,TS
2014-05-01,0.2,37.8,26.4,6.19,0.143,Narayanpet,TS
2014-05-02,0.0,39.1,26.2,7.18,0.143,Narayanpet,TS
2014-05-03,1.4,37.5,26.8,6.44,0.139,Narayanpet,TS
2014-05-04,0.1,36.9,25.1,6.27,0.145,Narayanpet,TS
2014-05-05,0.0,36.6,25.8,7.09,0.141,Narayanpet,TS
2014-05-06,0.1,35.6,25.7,6.89,0.137,Narayanpet,TS
2014-05-07,0.2,35.4,25.0,6.35,0.135,Narayanpet,TS
2014-05-08,2.1,34.6,25.8,5.15,0.138,Narayanpet,TS
2014-05-09,50.5,24.6,23.3,1.01,0.315,Narayanpet,TS
2014-05-10,0.0,34.0,22.1,5.88,0.32,Narayanpet,TS
2014-05-11,0.0,35.1,24.0,7.08,0.282,Narayanpet,TS
2014-05-12,0.0,35.9,24.0,7.34,0.254,Narayanpet,TS
2014-05-13,0.0,36.7,24.2,7.95,0.231,Narayanpet,TS
2014-05-14,0.0,36.8,25.5,7.27,0.21,Narayanpet,TS
2014-05-15,0.0,36.5,26.0,6.68,0.194,Narayanpet,TS
2014-05-16,0.0,36.4,25.9,6.22,0.181,Narayanpet,TS
2014-05-17,0.1,35.8,27.3,5.66,0.172,Narayanpet,TS
2014-05-18,0.2,38.1,25.8,6.47,0.165,Narayanpet,TS
2014-05-19,0.9,38.0,26.3,6.67,0.161,Narayanpet,TS
2014-05-20,8.2,35.9,25.8,5.95,0.166,Narayanpet,TS
2014-05-21,3.8,37.4,25.7,5.91,0.249,Narayanpet,TS
2014-05-22,0.0,38.6,26.6,6.74,0.25,Narayanpet,TS
2014-05-23,0.0,39.6,27.5,7.64,0.221,Narayanpet,TS
2014-05-24,0.0,39.8,29.1,7.68,0.196,Narayanpet,TS
2014-05-25,0.0,40.5,26.7,7.45,0.178,Narayanpet,TS
2014-05-26,1.8,37.4,25.9,6.6,0.169,Narayanpet,TS
2014-05-27,3.8,37.3,26.3,6.26,0.182,Narayanpet,TS
2014-05-28,0.0,38.1,25.8,6.22,0.2,Narayanpet,TS
2014-05-29,0.0,37.9,27.4,6.37,0.181,Narayanpet,TS
2014-05-30,1.0,38.5,27.4,6.93,0.17,Narayanpet,TS
2014-05-31,0.1,39.7,28.4,7.63,0.166,Narayanpet,TS
2014-06-01,1.1,39.9,29.1,7.69,0.157,Narayanpet,TS
2014-06-02,2.2,39.4,28.4,6.63,0.164,Narayanpet,TS
2014-06-03,0.6,36.1,27.4,5.58,0.171,Narayanpet,TS
2014-06-04,2.5,37.0,27.0,5.84,0.178,Narayanpet,TS
2014-06-05,1.1,38.2,26.7,6.39,0.193,Narayanpet,TS
2014-06-06,2.3,38.5,26.7,7.03,0.19,Narayanpet,TS
2014-06-07,9.5,38.7,27.0,7.38,0.205,Narayanpet,TS
2014-06-08,0.6,37.2,26.6,7.18,0.266,Narayanpet,TS
2014-06-09,1.3,32.4,25.5,4.98,0.251,Narayanpet,TS
2014-06-10,0.2,35.9,25.5,6.83,0.229,Narayanpet,TS
2014-06-11,0.0,36.2,25.5,7.57,0.208,Narayanpet,TS
2014-06-12,0.3,36.1,25.4,7.37,0.19,Narayanpet,TS
2014-06-13,1.7,35.9,25.7,7.21,0.179,Narayanpet,TS
2014-06-14,3.8,34.9,25.8,6.58,0.194,Narayanpet,TS
2014-06-15,2.6,34.4,25.6,5.65,0.226,Narayanpet,TS
2014-06-16,0.1,34.5,25.4,6.65,0.227,Narayanpet,TS
2014-06-17,1.4,35.2,25.6,6.68,0.212,Narayanpet,TS
2014-06-18,0.5,32.3,25.2,5.29,0.207,Narayanpet,TS
2014-06-19,2.1,33.0,25.2,4.69,0.208,Narayanpet,TS
2014-06-20,0.3,33.3,24.9,5.89,0.213,Narayanpet,TS
2014-06-21,0.1,33.2,25.4,5.16,0.2,Narayanpet,TS
2014-06-22,0.0,32.9,25.6,4.99,0.191,Narayanpet,TS
2014-06-23,0.0,35.0,24.5,6.81,0.18,Narayanpet,TS
2014-06-24,0.0,36.8,24.7,8.24,0.168,Narayanpet,TS
2014-06-25,0.0,37.3,24.6,8.66,0.156,Narayanpet,TS
2014-06-26,0.0,37.4,25.7,7.82,0.147,Narayanpet,TS
2014-06-27,1.1,36.0,27.5,6.63,0.143,Narayanpet,TS
2014-06-28,8.0,34.7,25.7,4.51,0.177,Narayanpet,TS
2014-06-29,1.3,35.9,25.7,5.17,0.232,Narayanpet,TS
2014-06-30,0.0,35.9,26.5,6.65,0.217,Narayanpet,TS
2014-07-01,0.0,37.0,26.9,7.77,0.194,Narayanpet,TS
2014-07-02,0.0,36.5,26.7,8.05,0.176,Narayanpet,TS
2014-07-03,0.0,35.7,26.0,8.23,0.162,Narayanpet,TS
2014-07-04,1.6,33.6,26.0,5.12,0.157,Narayanpet,TS
2014-07-05,5.9,34.6,24.0,4.64,0.199,Narayanpet,TS
2014-07-06,27.3,34.5,24.5,4.86,0.258,Narayanpet,TS
2014-07-07,31.0,29.9,23.7,3.29,0.385,Narayanpet,TS
2014-07-08,13.6,29.1,23.6,3.03,0.395,Narayanpet,TS
2014-07-09,19.0,27.8,23.5,2.3,0.403,Narayanpet,TS
2014-07-10,14.7,29.2,23.4,3.06,0.41,Narayanpet,TS
2014-07-11,11.9,28.2,23.1,3.11,0.412,Narayanpet,TS
2014-07-12,12.8,30.8,23.0,3.58,0.409,Narayanpet,TS
2014-07-13,9.2,27.6,23.8,2.42,0.407,Narayanpet,TS
2014-07-14,7.3,27.8,23.2,2.16,0.408,Narayanpet,TS
2014-07-15,10.5,28.0,23.3,2.5,0.408,Narayanpet,TS
2014-07-16,1.9,28.7,23.5,4.21,0.395,Narayanpet,TS
2014-07-17,0.2,30.3,24.4,4.73,0.374,Narayanpet,TS
2014-07-18,0.8,30.3,24.2,4.9,0.358,Narayanpet,TS
2014-07-19,2.2,29.0,24.5,4.15,0.354,Narayanpet,TS
2014-07-20,2.4,27.7,23.8,2.86,0.36,Narayanpet,TS
2014-07-21,0.8,27.2,24.1,3.21,0.352,Narayanpet,TS
2014-07-22,7.4,26.1,22.8,2.1,0.368,Narayanpet,TS
2014-07-23,7.5,26.8,22.7,2.76,0.391,Narayanpet,TS
2014-07-24,0.7,29.9,23.1,4.81,0.372,Narayanpet,TS
2014-07-25,2.6,29.9,23.0,4.3,0.36,Narayanpet,TS
2014-07-26,1.3,30.6,23.4,4.81,0.355,Narayanpet,TS
2014-07-27,7.1,28.5,22.5,3.13,0.363,Narayanpet,TS
2014-07-28,18.1,26.1,22.8,1.87,0.408,Narayanpet,TS
2014-07-29,6.8,28.6,23.2,3.3,0.404,Narayanpet,TS
2014-07-30,14.8,28.0,22.6,2.41,0.42,Narayanpet,TS
2014-07-31,4.7,28.4,22.6,2.9,0.409,Narayanpet,TS
2014-08-01,0.4,29.6,23.6,4.19,0.385,Narayanpet,TS
2014-08-02,0.7,29.6,23.3,4.41,0.37,Narayanpet,TS
2014-08-03,0.5,29.4,23.4,4.27,0.357,Narayanpet,TS
2014-08-04,2.0,28.7,23.3,3.74,0.351,Narayanpet,TS
2014-08-05,3.9,27.4,23.2,3.46,0.371,Narayanpet,TS
2014-08-06,1.5,29.6,23.4,4.53,0.363,Narayanpet,TS
2014-08-07,1.0,29.7,23.5,4.23,0.351,Narayanpet,TS
2014-08-08,0.6,29.7,23.2,4.04,0.341,Narayanpet,TS
2014-08-09,0.2,29.6,23.1,3.87,0.332,Narayanpet,TS
2014-08-10,2.1,30.2,23.1,4.21,0.328,Narayanpet,TS
2014-08-11,1.8,29.9,23.0,3.81,0.332,Narayanpet,TS
2014-08-12,0.6,29.6,23.0,4.4,0.33,Narayanpet,TS
2014-08-13,0.3,29.4,23.0,4.21,0.316,Narayanpet,TS
2014-08-14,0.0,29.7,22.9,3.94,0.306,Narayanpet,TS
2014-08-15,0.1,29.6,23.0,3.85,0.296,Narayanpet,TS
2014-08-16,0.0,28.5,22.7,3.38,0.288,Narayanpet,TS
2014-08-17,1.6,30.5,23.3,4.66,0.281,Narayanpet,TS
2014-08-18,5.0,30.9,23.7,3.99,0.285,Narayanpet,TS
2014-08-19,10.0,32.2,22.9,4.71,0.334,Narayanpet,TS
2014-08-20,6.6,31.5,23.3,4.39,0.369,Narayanpet,TS
2014-08-21,10.6,31.0,23.4,3.8,0.365,Narayanpet,TS
2014-08-22,3.0,31.2,23.5,4.7,0.372,Narayanpet,TS
2014-08-23,0.0,31.2,23.7,5.16,0.346,Narayanpet,TS
2014-08-24,6.8,30.9,23.4,4.52,0.348,Narayanpet,TS
2014-08-25,1.7,30.0,23.5,3.75,0.374,Narayanpet,TS
2014-08-26,12.6,28.3,23.4,2.72,0.381,Narayanpet,TS
2014-08-27,17.9,23.3,22.4,0.84,0.422,Narayanpet,TS
2014-08-28,8.5,23.6,22.0,0.89,0.418,Narayanpet,TS
2014-08-29,28.1,24.5,21.9,1.04,0.426,Narayanpet,TS
2014-08-30,25.8,26.3,22.4,1.67,0.424,Narayanpet,TS
2014-08-31,63.6,24.3,22.4,0.98,0.425,Narayanpet,TS
2014-09-01,4.6,28.3,21.9,3.62,0.418,Narayanpet,TS
2014-09-02,1.0,29.1,22.7,4.03,0.403,Narayanpet,TS
2014-09-03,0.1,29.3,22.6,3.99,0.39,Narayanpet,TS
2014-09-04,2.6,29.3,23.3,3.91,0.387,Narayanpet,TS
2014-09-05,2.7,29.3,23.2,4.16,0.389,Narayanpet,TS
2014-09-06,19.1,25.5,22.6,1.7,0.407,Narayanpet,TS
2014-09-07,4.3,24.4,22.3,1.58,0.42,Narayanpet,TS
2014-09-08,0.9,29.0,22.1,4.21,0.405,Narayanpet,TS
2014-09-09,0.1,28.9,22.6,4.43,0.391,Narayanpet,TS
2014-09-10,3.7,28.9,22.3,3.87,0.385,Narayanpet,TS
2014-09-11,1.2,28.2,22.1,3.21,0.391,Narayanpet,TS
2014-09-12,2.4,28.7,22.3,3.75,0.383,Narayanpet,TS
2014-09-13,0.6,28.6,22.4,3.45,0.381,Narayanpet,TS
2014-09-14,5.2,29.4,22.8,3.97,0.378,Narayanpet,TS
2014-09-15,4.9,29.2,22.8,3.62,0.394,Narayanpet,TS
2014-09-16,10.1,29.7,23.2,3.56,0.402,Narayanpet,TS
2014-09-17,0.4,29.1,22.6,3.56,0.401,Narayanpet,TS
2014-09-18,11.3,29.3,23.0,3.05,0.405,Narayanpet,TS
2014-09-19,7.7,29.8,23.0,3.42,0.416,Narayanpet,TS
2014-09-20,8.6,28.5,23.3,2.96,0.415,Narayanpet,TS
2014-09-21,0.5,29.3,23.2,3.78,0.401,Narayanpet,TS
2014-09-22,0.0,30.4,22.9,4.5,0.384,Narayanpet,TS
2014-09-23,0.0,30.8,23.0,4.53,0.371,Narayanpet,TS
2014-09-24,1.9,31.2,22.9,4.43,0.364,Narayanpet,TS
2014-09-25,0.1,31.0,22.8,4.7,0.359,Narayanpet,TS
2014-09-26,0.1,31.0,22.8,4.58,0.345,Narayanpet,TS
2014-09-27,0.8,30.0,22.6,4.24,0.337,Narayanpet,TS
2014-09-28,0.0,30.4,22.9,4.71,0.329,Narayanpet,TS
2014-09-29,0.0,30.8,22.3,4.66,0.318,Narayanpet,TS
2014-09-30,0.0,31.3,22.5,5.01,0.306,Narayanpet,TS
2014-10-01,0.6,30.4,23.0,4.42,0.299,Narayanpet,TS
2014-10-02,0.0,31.4,21.3,4.78,0.292,Narayanpet,TS
2014-10-03,0.0,31.7,20.8,4.88,0.281,Narayanpet,TS
2014-10-04,0.0,31.8,21.9,4.7,0.271,Narayanpet,TS
2014-10-05,0.3,32.2,21.9,4.73,0.262,Narayanpet,TS
2014-10-06,0.6,32.0,22.8,4.68,0.259,Narayanpet,TS
2014-10-07,3.0,30.7,22.1,4.61,0.277,Narayanpet,TS
2014-10-08,1.3,30.4,22.7,4.04,0.276,Narayanpet,TS
2014-10-09,1.2,30.9,22.5,4.27,0.289,Narayanpet,TS
2014-10-10,1.2,31.4,23.3,4.05,0.284,Narayanpet,TS
2014-10-11,0.2,32.0,24.0,4.83,0.277,Narayanpet,TS
2014-10-12,0.0,31.8,22.8,6.08,0.26,Narayanpet,TS
2014-10-13,0.0,32.4,22.8,5.47,0.243,Narayanpet,TS
2014-10-14,0.0,32.6,22.2,5.27,0.23,Narayanpet,TS
2014-10-15,0.0,32.1,23.2,5.08,0.219,Narayanpet,TS
2014-10-16,0.0,32.1,22.7,5.11,0.209,Narayanpet,TS
2014-10-17,0.4,32.2,23.0,5.17,0.202,Narayanpet,TS
2014-10-18,0.3,31.5,22.4,4.81,0.205,Narayanpet,TS
2014-10-19,0.0,31.1,21.8,4.56,0.198,Narayanpet,TS
2014-10-20,0.0,31.8,21.6,5.07,0.191,Narayanpet,TS
2014-10-21,0.0,31.6,21.5,5.31,0.183,Narayanpet,TS
2014-10-22,0.0,31.0,22.8,4.76,0.177,Narayanpet,TS
2014-10-23,0.5,30.7,22.5,4.57,0.173,Narayanpet,TS
2014-10-24,0.6,30.7,22.9,4.34,0.173,Narayanpet,TS
2014-10-25,26.0,26.8,22.2,1.94,0.255,Narayanpet,TS
2014-10-26,74.1,23.7,20.5,1.6,0.423,Narayanpet,TS
2014-10-27,0.0,26.2,21.4,2.13,0.399,Narayanpet,TS
2014-10-28,0.0,28.5,19.7,4.37,0.377,Narayanpet,TS
2014-10-29,0.0,28.5,19.1,4.88,0.357,Narayanpet,TS
2014-10-30,0.0,28.7,17.8,4.86,0.341,Narayanpet,TS
2014-10-31,0.0,29.0,17.4,4.82,0.327,Narayanpet,TS
2014-11-01,0.0,28.2,18.1,3.88,0.316,Narayanpet,TS
2014-11-02,0.0,30.1,20.0,4.39,0.306,Narayanpet,TS
2014-11-03,0.0,30.4,19.7,5.06,0.294,Narayanpet,TS
2014-11-04,0.0,30.5,19.0,4.91,0.282,Narayanpet,TS
2014-11-05,0.0,30.9,17.1,4.94,0.271,Narayanpet,TS
2014-11-06,0.0,31.0,17.6,4.67,0.26,Narayanpet,TS
2014-11-07,0.0,30.7,19.7,5.03,0.25,Narayanpet,TS
2014-11-08,0.0,29.6,18.6,5.03,0.24,Narayanpet,TS
2014-11-09,0.7,29.5,20.2,4.14,0.234,Narayanpet,TS
2014-11-10,3.7,28.6,21.1,2.91,0.283,Narayanpet,TS
2014-11-11,0.0,29.7,20.0,4.01,0.293,Narayanpet,TS
2014-11-12,0.0,30.3,20.8,4.51,0.273,Narayanpet,TS
2014-11-13,5.9,25.2,21.0,1.82,0.278,Narayanpet,TS
2014-11-14,10.5,28.4,22.1,2.8,0.356,Narayanpet,TS
2014-11-15,0.2,29.7,20.9,3.86,0.343,Narayanpet,TS
2014-11-16,0.0,29.6,19.9,4.11,0.312,Narayanpet,TS
2014-11-17,0.0,30.1,18.9,4.21,0.293,Narayanpet,TS
2014-11-18,0.1,29.4,20.6,3.83,0.28,Narayanpet,TS
2014-11-19,0.0,29.4,19.8,3.82,0.271,Narayanpet,TS
2014-11-20,0.0,29.6,19.5,4.21,0.26,Narayanpet,TS
2014-11-21,0.0,29.3,18.0,4.25,0.249,Narayanpet,TS
2014-11-22,0.0,29.7,18.8,4.19,0.238,Narayanpet,TS
2014-11-23,0.0,29.9,18.3,4.28,0.23,Narayanpet,TS
2014-11-24,0.0,29.6,18.3,4.64,0.221,Narayanpet,TS
2014-11-25,0.0,28.9,17.7,4.54,0.213,Narayanpet,TS
2014-11-26,0.0,29.1,16.4,4.84,0.205,Narayanpet,TS
2014-11-27,0.0,29.4,15.3,4.71,0.197,Narayanpet,TS
2014-11-28,0.0,29.4,15.8,4.44,0.19,Narayanpet,TS
2014-11-29,0.0,29.9,17.1,4.7,0.184,Narayanpet,TS
2014-11-30,0.0,29.7,17.8,4.92,0.178,Narayanpet,TS
2014-12-01,0.0,29.7,18.0,4.98,0.173,Narayanpet,TS
2014-12-02,0.0,29.6,16.8,4.78,0.168,Narayanpet,TS
2014-12-03,0.0,29.7,16.6,4.67,0.163,Narayanpet,TS
2014-12-04,0.0,30.0,16.9,5.05,0.159,Narayanpet,TS
2014-12-05,0.0,29.3,15.7,4.76,0.155,Narayanpet,TS
2014-12-06,0.0,29.4,16.2,4.53,0.152,Narayanpet,TS
2014-12-07,0.0,29.4,16.3,4.13,0.149,Narayanpet,TS
2014-12-08,0.0,30.1,18.6,4.27,0.147,Narayanpet,TS
2014-12-09,0.0,30.3,19.3,4.24,0.145,Narayanpet,TS
2014-12-10,0.0,30.1,19.8,4.46,0.143,Narayanpet,TS
2014-12-11,1.3,27.2,21.6,2.35,0.147,Narayanpet,TS
2014-12-12,0.3,26.2,21.0,2.47,0.158,Narayanpet,TS
2014-12-13,2.6,24.2,20.3,1.67,0.173,Narayanpet,TS
2014-12-14,0.0,28.1,18.8,3.01,0.188,Narayanpet,TS
2014-12-15,0.0,28.7,18.9,3.43,0.182,Narayanpet,TS
2014-12-16,0.0,28.8,20.2,4.02,0.175,Narayanpet,TS
2014-12-17,0.0,27.7,18.9,4.97,0.168,Narayanpet,TS
2014-12-18,0.0,27.6,16.4,4.77,0.162,Narayanpet,TS
2014-12-19,0.0,27.7,18.8,4.49,0.157,Narayanpet,TS
2014-12-20,0.0,27.1,16.6,4.32,0.152,Narayanpet,TS
2014-12-21,0.0,27.4,14.7,4.26,0.149,Narayanpet,TS
2014-12-22,0.0,27.6,14.9,4.4,0.146,Narayanpet,TS
2014-12-23,0.0,27.6,15.1,4.18,0.143,Narayanpet,TS
2014-12-24,0.0,28.0,15.0,4.21,0.14,Narayanpet,TS
2014-12-25,0.0,27.8,15.1,4.23,0.138,Narayanpet,TS
2014-12-26,0.0,27.7,15.4,4.63,0.137,Narayanpet,TS
2014-12-27,0.0,26.9,15.9,4.62,0.135,Narayanpet,TS
2014-12-28,0.0,27.4,15.5,4.56,0.134,Narayanpet,TS
2014-12-29,0.0,28.7,16.9,4.47,0.133,Narayanpet,TS
2014-12-30,0.0,29.6,17.1,4.42,0.132,Narayanpet,TS
2014-12-31,0.0,29.4,18.5,4.05,0.131,Narayanpet,TS
2015-01-01,0.8,27.4,20.4,3.05,0.134,Narayanpet,TS
2015-01-02,1.1,28.0,20.5,2.96,0.154,Narayanpet,TS
2015-01-03,3.0,29.8,20.1,3.47,0.186,Narayanpet,TS
2015-01-04,0.0,28.0,20.2,2.88,0.19,Narayanpet,TS
2015-01-05,0.0,28.9,19.1,3.98,0.184,Narayanpet,TS
2015-01-06,0.0,28.2,18.7,3.7,0.176,Narayanpet,TS
2015-01-07,0.0,29.2,18.1,4.14,0.169,Narayanpet,TS
2015-01-08,0.0,28.6,19.4,4.16,0.162,Narayanpet,TS
2015-01-09,0.0,28.2,17.0,5.21,0.156,Narayanpet,TS
2015-01-10,0.0,28.1,14.1,5.12,0.15,Narayanpet,TS
2015-01-11,0.0,28.2,14.0,5.15,0.145,Narayanpet,TS
2015-01-12,0.0,28.0,13.5,5.03,0.142,Narayanpet,TS
2015-01-13,0.0,28.3,13.0,4.82,0.139,Narayanpet,TS
2015-01-14,0.0,28.5,14.2,4.78,0.136,Narayanpet,TS
2015-01-15,0.0,28.2,15.1,4.42,0.134,Narayanpet,TS
2015-01-16,0.0,28.5,16.8,4.74,0.133,Narayanpet,TS
2015-01-17,0.0,28.9,16.2,5.15,0.131,Narayanpet,TS
2015-01-18,0.0,29.2,16.3,4.92,0.13,Narayanpet,TS
2015-01-19,0.0,29.3,17.5,5.31,0.129,Narayanpet,TS
2015-01-20,0.0,28.3,17.6,4.55,0.128,Narayanpet,TS
2015-01-21,0.0,28.0,18.7,4.02,0.127,Narayanpet,TS
2015-01-22,0.0,28.8,18.2,4.68,0.127,Narayanpet,TS
2015-01-23,0.0,28.9,17.3,4.65,0.126,Narayanpet,TS
2015-01-24,0.0,29.7,17.5,5.08,0.125,Narayanpet,TS
2015-01-25,0.0,30.1,17.9,5.93,0.125,Narayanpet,TS
2015-01-26,0.0,28.5,16.7,5.17,0.124,Narayanpet,TS
2015-01-27,0.0,28.9,16.0,5.27,0.124,Narayanpet,TS
2015-01-28,0.0,29.2,15.7,5.09,0.124,Narayanpet,TS
2015-01-29,0.0,29.5,16.9,4.71,0.123,Narayanpet,TS
2015-01-30,0.0,30.1,17.2,5.01,0.123,Narayanpet,TS
2015-01-31,0.0,30.4,18.4,5.19,0.123,Narayanpet,TS
2015-02-01,0.0,30.2,17.5,4.95,0.123,Narayanpet,TS
2015-02-02,0.0,30.1,18.4,5.2,0.122,Narayanpet,TS
2015-02-03,0.0,29.3,17.9,5.15,0.122,Narayanpet,TS
2015-02-04,0.0,30.3,15.6,5.42,0.122,Narayanpet,TS
2015-02-05,0.0,31.0,16.0,5.82,0.122,Narayanpet,TS
2015-02-06,0.0,31.0,16.0,6.18,0.122,Narayanpet,TS
2015-02-07,0.0,30.6,15.6,6.03,0.122,Narayanpet,TS
2015-02-08,0.0,30.4,16.6,5.68,0.122,Narayanpet,TS
2015-02-09,0.0,31.1,18.4,5.89,0.122,Narayanpet,TS
2015-02-10,0.0,30.4,17.0,5.73,0.121,Narayanpet,TS
2015-02-11,0.0,30.3,16.5,5.52,0.121,Narayanpet,TS
2015-02-12,0.0,30.7,17.2,5.7,0.121,Narayanpet,TS
2015-02-13,0.0,31.5,17.6,5.32,0.121,Narayanpet,TS
2015-02-14,0.0,32.3,18.5,5.04,0.121,Narayanpet,TS
2015-02-15,0.0,33.2,18.9,5.48,0.121,Narayanpet,TS
2015-02-16,0.0,33.2,19.4,5.5,0.121,Narayanpet,TS
2015-02-17,0.0,33.3,18.8,5.62,0.121,Narayanpet,TS
2015-02-18,0.0,33.7,18.9,5.87,0.121,Narayanpet,TS
2015-02-19,0.0,33.1,18.9,6.06,0.121,Narayanpet,TS
2015-02-20,0.0,31.6,19.4,5.73,0.121,Narayanpet,TS
2015-02-21,0.0,32.2,20.0,5.92,0.121,Narayanpet,TS
2015-02-22,0.0,33.1,19.4,6.11,0.121,Narayanpet,TS
2015-02-23,0.0,33.1,18.1,6.33,0.121,Narayanpet,TS
2015-02-24,0.0,33.5,19.1,6.62,0.121,Narayanpet,TS
2015-02-25,0.0,33.2,18.6,6.33,0.121,Narayanpet,TS
2015-02-26,0.0,33.0,17.7,6.04,0.121,Narayanpet,TS
2015-02-27,0.0,33.6,18.5,6.15,0.121,Narayanpet,TS
2015-02-28,0.7,32.0,21.5,5.13,0.124,Narayanpet,TS
2015-03-01,2.8,31.1,21.3,4.78,0.15,Narayanpet,TS
2015-03-02,3.5,28.9,21.0,3.74,0.205,Narayanpet,TS
2015-03-03,0.0,30.7,20.9,5.23,0.195,Narayanpet,TS
2015-03-04,0.0,30.7,19.2,5.64,0.181,Narayanpet,TS
2015-03-05,0.0,33.0,20.9,5.97,0.169,Narayanpet,TS
2015-03-06,0.3,31.3,22.3,4.59,0.162,Narayanpet,TS
2015-03-07,0.6,31.8,21.9,4.75,0.165,Narayanpet,TS
2015-03-08,2.5,32.3,22.5,4.77,0.167,Narayanpet,TS
2015-03-09,2.6,31.4,22.2,4.65,0.2,Narayanpet,TS
2015-03-10,1.1,31.3,22.1,4.84,0.217,Narayanpet,TS
2015-03-11,0.0,33.5,21.5,6.81,0.211,Narayanpet,TS
2015-03-12,0.0,33.8,19.9,7.03,0.191,Narayanpet,TS
2015-03-13,0.0,34.4,20.6,6.91,0.175,Narayanpet,TS
2015-03-14,0.0,34.6,20.9,7.55,0.162,Narayanpet,TS
2015-03-15,0.0,34.6,20.8,6.34,0.153,Narayanpet,TS
2015-03-16,0.0,34.5,22.8,5.59,0.146,Narayanpet,TS
2015-03-17,0.0,35.0,22.9,5.84,0.141,Narayanpet,TS
2015-03-18,0.0,35.7,22.6,6.37,0.136,Narayanpet,TS
2015-03-19,0.0,35.6,23.1,6.88,0.132,Narayanpet,TS
2015-03-20,0.0,36.4,22.8,7.22,0.13,Narayanpet,TS
2015-03-21,0.0,36.2,20.8,6.56,0.127,Narayanpet,TS
2015-03-22,0.0,36.6,23.1,6.51,0.126,Narayanpet,TS
2015-03-23,0.0,36.6,24.6,6.43,0.125,Narayanpet,TS
2015-03-24,0.0,37.2,23.4,6.43,0.124,Narayanpet,TS
2015-03-25,0.0,37.3,23.6,6.96,0.123,Narayanpet,TS
2015-03-26,0.0,36.2,23.7,6.9,0.122,Narayanpet,TS
2015-03-27,0.0,35.5,23.1,6.76,0.122,Narayanpet,TS
2015-03-28,0.0,35.6,22.8,6.74,0.122,Narayanpet,TS
2015-03-29,0.0,35.4,23.4,6.42,0.121,Narayanpet,TS
2015-03-30,0.0,34.4,25.0,5.68,0.121,Narayanpet,TS
2015-03-31,0.0,34.6,24.7,5.69,0.121,Narayanpet,TS
2015-04-01,0.0,35.0,24.5,5.85,0.122,Narayanpet,TS
2015-04-02,0.0,36.1,25.2,5.9,0.122,Narayanpet,TS
2015-04-03,0.0,37.9,26.1,7.52,0.122,Narayanpet,TS
2015-04-04,0.0,37.8,24.7,7.44,0.121,Narayanpet,TS
2015-04-05,0.0,37.6,23.3,7.01,0.121,Narayanpet,TS
2015-04-06,0.0,38.0,23.5,6.82,0.121,Narayanpet,TS
2015-04-07,0.0,37.6,25.6,6.85,0.121,Narayanpet,TS
2015-04-08,0.0,36.7,26.0,6.72,0.121,Narayanpet,TS
2015-04-09,0.0,36.4,25.2,6.71,0.123,Narayanpet,TS
2015-04-10,1.0,35.4,25.6,6.25,0.126,Narayanpet,TS
2015-04-11,7.3,33.3,23.8,4.55,0.17,Narayanpet,TS
2015-04-12,26.1,29.4,21.3,3.94,0.318,Narayanpet,TS
2015-04-13,4.9,30.1,20.4,4.54,0.34,Narayanpet,TS
2015-04-14,0.8,30.3,20.4,5.33,0.319,Narayanpet,TS
2015-04-15,0.4,30.5,20.6,5.34,0.286,Narayanpet,TS
2015-04-16,0.0,31.2,21.2,5.45,0.263,Narayanpet,TS
2015-04-17,0.0,32.1,22.3,5.37,0.242,Narayanpet,TS
2015-04-18,0.0,34.5,21.5,5.94,0.225,Narayanpet,TS
2015-04-19,0.0,35.6,22.8,6.17,0.206,Narayanpet,TS
2015-04-20,0.0,36.6,23.6,6.97,0.191,Narayanpet,TS
2015-04-21,0.0,36.6,23.8,6.85,0.176,Narayanpet,TS
2015-04-22,0.0,37.8,25.0,6.77,0.165,Narayanpet,TS
2015-04-23,7.6,36.1,25.2,5.49,0.17,Narayanpet,TS
2015-04-24,0.4,35.5,25.3,6.1,0.241,Narayanpet,TS
2015-04-25,0.0,36.3,24.6,6.45,0.22,Narayanpet,TS
2015-04-26,0.0,35.5,24.2,6.56,0.199,Narayanpet,TS
2015-04-27,0.0,35.8,24.5,6.45,0.184,Narayanpet,TS
2015-04-28,0.0,37.3,24.1,6.34,0.17,Narayanpet,TS
2015-04-29,0.0,38.7,26.2,7.06,0.158,Narayanpet,TS
2015-04-30,0.0,38.4,26.3,7.45,0.148,Narayanpet,TS
2015-05-01,0.0,39.4,24.0,7.19,0.141,Narayanpet,TS
2015-05-02,0.0,38.5,25.3,6.89,0.135,Narayanpet,TS
2015-05-03,0.0,38.0,26.4,7.0,0.132,Narayanpet,TS
2015-05-04,1.5,37.0,27.1,6.76,0.135,Narayanpet,TS
2015-05-05,0.0,36.2,25.7,6.12,0.141,Narayanpet,TS
2015-05-06,0.1,37.5,24.8,6.75,0.137,Narayanpet,TS
2015-05-07,0.0,37.6,26.9,7.05,0.134,Narayanpet,TS
2015-05-08,0.0,38.9,26.6,6.61,0.131,Narayanpet,TS
2015-05-09,0.1,38.9,27.3,6.88,0.13,Narayanpet,TS
2015-05-10,0.0,37.3,27.4,6.28,0.13,Narayanpet,TS
2015-05-11,0.4,37.5,27.3,6.33,0.13,Narayanpet,TS
2015-05-12,0.0,37.7,27.8,6.44,0.131,Narayanpet,TS
2015-05-13,0.4,36.1,26.6,5.07,0.135,Narayanpet,TS
2015-05-14,0.2,35.5,28.1,5.62,0.139,Narayanpet,TS
2015-05-15,2.9,35.0,26.3,3.93,0.149,Narayanpet,TS
2015-05-16,2.8,34.2,24.6,4.87,0.213,Narayanpet,TS
2015-05-17,0.0,36.3,25.2,6.02,0.199,Narayanpet,TS
2015-05-18,0.0,38.2,26.7,6.33,0.181,Narayanpet,TS
2015-05-19,0.0,39.7,27.9,7.11,0.167,Narayanpet,TS
2015-05-20,0.0,41.8,27.6,8.2,0.154,Narayanpet,TS
2015-05-21,0.0,42.0,29.4,8.2,0.144,Narayanpet,TS
2015-05-22,0.0,41.0,28.6,8.75,0.137,Narayanpet,TS
2015-05-23,0.0,40.2,28.6,9.06,0.133,Narayanpet,TS
2015-05-24,0.0,40.3,27.9,9.08,0.13,Narayanpet,TS
2015-05-25,0.0,40.1,27.8,9.11,0.127,Narayanpet,TS
2015-05-26,0.0,40.7,28.2,8.91,0.125,Narayanpet,TS
2015-05-27,0.0,41.4,29.1,8.85,0.124,Narayanpet,TS
2015-05-28,0.5,39.9,28.2,7.79,0.125,Narayanpet,TS
2015-05-29,0.1,40.7,27.7,7.54,0.13,Narayanpet,TS
2015-05-30,0.0,39.4,27.1,7.02,0.13,Narayanpet,TS
2015-05-31,1.5,40.2,28.9,7.28,0.133,Narayanpet,TS
2015-06-01,1.0,36.0,27.2,5.72,0.141,Narayanpet,TS
2015-06-02,0.0,37.4,27.3,7.31,0.143,Narayanpet,TS
2015-06-03,0.6,37.5,26.7,6.56,0.139,Narayanpet,TS
2015-06-04,0.4,37.9,27.8,6.45,0.139,Narayanpet,TS
2015-06-05,0.4,36.1,26.5,6.16,0.138,Narayanpet,TS
2015-06-06,0.1,35.5,26.2,5.33,0.143,Narayanpet,TS
2015-06-07,3.3,32.1,26.1,3.66,0.153,Narayanpet,TS
2015-06-08,0.7,33.5,26.1,4.73,0.182,Narayanpet,TS
2015-06-09,1.6,33.1,24.4,5.45,0.198,Narayanpet,TS
2015-06-10,0.2,35.2,25.4,6.24,0.183,Narayanpet,TS
2015-06-11,2.5,36.1,25.8,6.89,0.173,Narayanpet,TS
2015-06-12,14.0,33.3,24.7,4.3,0.225,Narayanpet,TS
2015-06-13,7.4,32.1,24.3,3.79,0.328,Narayanpet,TS
2015-06-14,5.6,29.5,23.9,3.31,0.337,Narayanpet,TS
2015-06-15,19.4,29.0,22.8,2.5,0.374,Narayanpet,TS
2015-06-16,0.9,29.8,23.7,3.6,0.332,Narayanpet,TS
2015-06-17,1.9,29.1,24.1,3.75,0.312,Narayanpet,TS
2015-06-18,6.7,27.6,24.3,2.56,0.329,Narayanpet,TS
2015-06-19,12.8,28.0,23.4,2.2,0.39,Narayanpet,TS
2015-06-20,5.3,28.6,23.7,2.72,0.366,Narayanpet,TS
2015-06-21,16.7,26.2,23.3,1.68,0.406,Narayanpet,TS
2015-06-22,2.3,29.1,23.2,3.73,0.39,Narayanpet,TS
2015-06-23,0.2,31.2,24.9,4.93,0.362,Narayanpet,TS
2015-06-24,0.7,31.6,25.5,5.49,0.347,Narayanpet,TS
2015-06-25,0.2,31.6,25.4,5.22,0.331,Narayanpet,TS
2015-06-26,0.3,31.4,25.1,5.38,0.317,Narayanpet,TS
2015-06-27,0.2,31.0,24.3,4.84,0.306,Narayanpet,TS
2015-06-28,0.0,31.2,23.4,4.86,0.292,Narayanpet,TS
2015-06-29,0.1,32.3,23.9,5.85,0.277,Narayanpet,TS
2015-06-30,0.1,32.2,24.4,5.66,0.262,Narayanpet,TS
2015-07-01,0.1,31.9,24.4,5.51,0.252,Narayanpet,TS
2015-07-02,0.0,32.6,24.5,5.54,0.243,Narayanpet,TS
2015-07-03,0.0,33.5,25.0,5.72,0.23,Narayanpet,TS
2015-07-04,0.0,35.0,24.4,7.38,0.216,Narayanpet,TS
2015-07-05,0.0,35.2,24.1,7.28,0.203,Narayanpet,TS
2015-07-06,0.0,35.1,23.8,7.77,0.191,Narayanpet,TS
2015-07-07,0.1,33.4,24.2,6.4,0.182,Narayanpet,TS
2015-07-08,2.9,33.4,25.3,6.18,0.184,Narayanpet,TS
2015-07-09,0.0,33.9,25.5,6.38,0.193,Narayanpet,TS
2015-07-10,0.2,32.5,25.5,5.44,0.187,Narayanpet,TS
2015-07-11,0.2,33.2,25.0,5.58,0.182,Narayanpet,TS
2015-07-12,0.2,33.5,24.8,5.61,0.176,Narayanpet,TS
2015-07-13,0.0,34.8,25.1,6.37,0.169,Narayanpet,TS
2015-07-14,2.9,35.9,26.0,6.28,0.166,Narayanpet,TS
2015-07-15,4.6,31.8,24.7,3.44,0.225,Narayanpet,TS
2015-07-16,0.0,33.8,25.5,6.18,0.222,Narayanpet,TS
2015-07-17,0.8,33.6,25.1,5.91,0.211,Narayanpet,TS
2015-07-18,0.6,33.5,25.3,6.22,0.208,Narayanpet,TS
2015-07-19,2.6,34.1,25.1,6.14,0.206,Narayanpet,TS
2015-07-20,2.5,33.7,24.4,5.45,0.22,Narayanpet,TS
2015-07-21,1.8,31.8,24.9,4.34,0.233,Narayanpet,TS
2015-07-22,0.1,31.3,24.9,4.7,0.23,Narayanpet,TS
2015-07-23,3.8,32.7,23.9,4.79,0.228,Narayanpet,TS
2015-07-24,2.0,31.7,24.3,4.39,0.258,Narayanpet,TS
2015-07-25,0.1,32.4,24.3,5.66,0.258,Narayanpet,TS
2015-07-26,0.8,31.7,24.0,5.11,0.242,Narayanpet,TS
2015-07-27,0.0,33.6,24.2,5.88,0.225,Narayanpet,TS
2015-07-28,0.0,34.2,23.9,7.12,0.207,Narayanpet,TS
2015-07-29,0.0,33.5,23.4,7.07,0.191,Narayanpet,TS
2015-07-30,0.2,31.5,24.0,5.03,0.18,Narayanpet,TS
2015-07-31,4.4,33.4,24.5,5.34,0.19,Narayanpet,TS
2015-08-01,0.4,33.5,24.1,5.88,0.214,Narayanpet,TS
2015-08-02,0.0,34.3,24.8,7.0,0.201,Narayanpet,TS
2015-08-03,0.0,32.8,25.5,6.28,0.186,Narayanpet,TS
2015-08-04,0.1,31.7,24.6,5.52,0.176,Narayanpet,TS
2015-08-05,1.2,32.9,24.6,5.2,0.174,Narayanpet,TS
2015-08-06,0.4,33.0,24.0,5.43,0.177,Narayanpet,TS
2015-08-07,1.8,31.5,24.4,4.35,0.178,Narayanpet,TS
2015-08-08,1.7,33.6,24.2,5.26,0.187,Narayanpet,TS
2015-08-09,4.1,32.6,24.0,4.45,0.226,Narayanpet,TS
2015-08-10,3.4,31.1,24.8,4.13,0.226,Narayanpet,TS
2015-08-11,11.8,30.6,23.8,3.2,0.284,Narayanpet,TS
2015-08-12,13.0,25.1,23.1,1.37,0.368,Narayanpet,TS
2015-08-13,0.9,28.0,23.0,3.0,0.33,Narayanpet,TS
2015-08-14,0.9,31.4,23.2,5.04,0.298,Narayanpet,TS
2015-08-15,0.1,31.2,23.7,4.52,0.274,Narayanpet,TS
2015-08-16,0.0,30.6,24.6,3.8,0.256,Narayanpet,TS
2015-08-17,0.0,32.2,24.6,4.12,0.241,Narayanpet,TS
2015-08-18,3.0,32.7,24.7,4.29,0.233,Narayanpet,TS
2015-08-19,7.6,33.6,24.6,4.81,0.264,Narayanpet,TS
2015-08-20,1.7,30.9,23.9,3.27,0.326,Narayanpet,TS
2015-08-21,10.3,28.5,23.6,2.63,0.353,Narayanpet,TS
2015-08-22,1.4,29.9,23.5,4.18,0.339,Narayanpet,TS
2015-08-23,0.1,30.6,23.6,5.15,0.306,Narayanpet,TS
2015-08-24,0.0,31.5,23.7,5.84,0.278,Narayanpet,TS
2015-08-25,0.0,31.6,23.9,5.84,0.256,Narayanpet,TS
2015-08-26,1.9,30.8,24.6,4.29,0.246,Narayanpet,TS
2015-08-27,1.2,31.0,23.8,4.19,0.249,Narayanpet,TS
2015-08-28,3.4,29.4,23.9,3.3,0.27,Narayanpet,TS
2015-08-29,3.1,29.0,23.5,2.94,0.281,Narayanpet,TS
2015-08-30,1.8,31.3,23.8,4.03,0.285,Narayanpet,TS
2015-08-31,0.0,31.5,24.5,4.29,0.269,Narayanpet,TS
2015-09-01,0.0,32.0,24.4,5.43,0.249,Narayanpet,TS
2015-09-02,0.0,32.5,25.0,5.43,0.23,Narayanpet,TS
2015-09-03,0.1,32.4,24.9,5.15,0.214,Narayanpet,TS
2015-09-04,0.6,34.6,24.8,5.37,0.199,Narayanpet,TS
2015-09-05,4.1,34.0,23.9,5.04,0.192,Narayanpet,TS
2015-09-06,23.4,32.0,24.0,4.25,0.269,Narayanpet,TS
2015-09-07,30.9,30.0,23.3,3.33,0.375,Narayanpet,TS
2015-09-08,10.6,29.7,22.8,3.47,0.388,Narayanpet,TS
2015-09-09,15.5,29.3,22.5,2.83,0.399,Narayanpet,TS
2015-09-10,10.1,27.9,22.4,2.65,0.404,Narayanpet,TS
2015-09-11,9.0,30.3,22.7,3.7,0.406,Narayanpet,TS
2015-09-12,17.4,27.0,22.6,1.69,0.419,Narayanpet,TS
2015-09-13,3.3,29.0,23.5,2.8,0.4,Narayanpet,TS
2015-09-14,14.3,27.7,23.3,2.27,0.408,Narayanpet,TS
2015-09-15,7.3,27.8,23.1,1.93,0.412,Narayanpet,TS
2015-09-16,8.4,27.5,22.7,1.76,0.411,Narayanpet,TS
2015-09-17,9.8,29.1,23.2,2.94,0.407,Narayanpet,TS
2015-09-18,0.9,30.4,23.2,4.07,0.39,Narayanpet,TS
2015-09-19,0.0,29.1,22.8,3.67,0.369,Narayanpet,TS
2015-09-20,0.0,29.8,22.8,4.1,0.35,Narayanpet,TS
2015-09-21,0.0,30.0,22.5,4.29,0.332,Narayanpet,TS
2015-09-22,0.0,30.4,21.8,4.97,0.316,Narayanpet,TS
2015-09-23,0.0,31.6,22.5,4.67,0.301,Narayanpet,TS
2015-09-24,0.0,31.8,21.9,4.6,0.288,Narayanpet,TS
2015-09-25,2.6,32.4,23.5,4.66,0.284,Narayanpet,TS
2015-09-26,7.1,30.7,22.6,4.26,0.315,Narayanpet,TS
2015-09-27,0.0,31.9,23.4,5.03,0.328,Narayanpet,TS
2015-09-28,0.0,31.2,21.2,4.76,0.298,Narayanpet,TS
2015-09-29,7.1,31.1,22.6,4.28,0.307,Narayanpet,TS
2015-09-30,0.6,31.2,22.8,4.38,0.331,Narayanpet,TS
2015-10-01,1.7,30.4,23.7,3.32,0.32,Narayanpet,TS
2015-10-02,6.5,30.0,22.8,3.29,0.326,Narayanpet,TS
2015-10-03,13.1,30.5,23.0,3.53,0.361,Narayanpet,TS
2015-10-04,25.6,30.5,23.3,3.58,0.381,Narayanpet,TS
2015-10-05,10.4,30.9,22.9,3.83,0.396,Narayanpet,TS
2015-10-06,0.0,31.1,22.4,4.27,0.385,Narayanpet,TS
2015-10-07,0.0,31.9,23.0,5.0,0.358,Narayanpet,TS
2015-10-08,0.0,31.3,21.2,4.67,0.337,Narayanpet,TS
2015-10-09,0.0,30.3,23.0,3.78,0.323,Narayanpet,TS
2015-10-10,0.2,31.2,23.6,4.23,0.31,Narayanpet,TS
2015-10-11,1.4,30.0,23.1,3.47,0.306,Narayanpet,TS
2015-10-12,0.3,31.7,22.8,4.4,0.304,Narayanpet,TS
2015-10-13,0.0,31.5,22.0,4.23,0.289,Narayanpet,TS
2015-10-14,0.0,31.9,21.2,4.26,0.275,Narayanpet,TS
2015-10-15,0.0,32.8,20.7,4.5,0.262,Narayanpet,TS
2015-10-16,0.0,31.9,23.3,4.61,0.249,Narayanpet,TS
2015-10-17,0.7,31.8,23.2,4.67,0.239,Narayanpet,TS
2015-10-18,0.3,32.4,22.9,4.63,0.235,Narayanpet,TS
2015-10-19,0.0,32.7,22.8,4.85,0.227,Narayanpet,TS
2015-10-20,0.0,33.4,21.9,5.68,0.213,Narayanpet,TS
2015-10-21,0.0,33.2,21.5,5.51,0.2,Narayanpet,TS
2015-10-22,0.0,33.6,21.5,5.58,0.189,Narayanpet,TS
2015-10-23,0.0,33.1,22.0,5.22,0.18,Narayanpet,TS
2015-10-24,0.0,32.5,22.0,5.17,0.172,Narayanpet,TS
2015-10-25,0.0,31.6,22.1,4.84,0.165,Narayanpet,TS
2015-10-26,0.0,32.3,22.1,5.34,0.16,Narayanpet,TS
2015-10-27,0.0,32.1,20.5,5.46,0.154,Narayanpet,TS
2015-10-28,0.0,31.8,21.2,5.18,0.149,Narayanpet,TS
2015-10-29,0.4,31.9,23.0,4.37,0.147,Narayanpet,TS
2015-10-30,0.0,31.0,22.4,4.09,0.148,Narayanpet,TS
2015-10-31,0.0,32.5,22.6,4.99,0.147,Narayanpet,TS
2015-11-01,0.0,32.2,21.3,4.94,0.143,Narayanpet,TS
2015-11-02,0.0,32.0,22.6,4.54,0.14,Narayanpet,TS
2015-11-03,0.0,31.3,22.0,4.3,0.138,Narayanpet,TS
2015-11-04,0.0,31.4,24.3,4.26,0.138,Narayanpet,TS
2015-11-05,0.0,32.4,23.2,4.67,0.136,Narayanpet,TS
2015-11-06,0.0,32.7,22.5,5.17,0.134,Narayanpet,TS
2015-11-07,0.0,32.7,22.6,5.75,0.133,Narayanpet,TS
2015-11-08,0.0,32.9,22.2,6.1,0.131,Narayanpet,TS
2015-11-09,0.0,31.3,21.5,5.3,0.13,Narayanpet,TS
2015-11-10,0.0,31.6,22.1,5.17,0.129,Narayanpet,TS
2015-11-11,0.0,32.5,21.8,5.39,0.128,Narayanpet,TS
2015-11-12,0.0,32.9,20.5,5.55,0.127,Narayanpet,TS
2015-11-13,0.0,33.1,20.8,5.69,0.126,Narayanpet,TS
2015-11-14,0.0,32.4,18.9,5.47,0.126,Narayanpet,TS
2015-11-15,0.0,31.5,19.0,4.84,0.125,Narayanpet,TS
2015-11-16,0.9,27.0,21.9,2.98,0.128,Narayanpet,TS
2015-11-17,0.0,32.3,21.2,4.97,0.132,Narayanpet,TS
2015-11-18,0.0,32.0,21.1,5.42,0.131,Narayanpet,TS
2015-11-19,1.0,31.4,20.5,4.6,0.132,Narayanpet,TS
2015-11-20,0.4,28.1,22.1,2.97,0.142,Narayanpet,TS
2015-11-21,0.1,30.4,22.2,3.75,0.144,Narayanpet,TS
2015-11-22,0.0,31.4,22.5,4.4,0.142,Narayanpet,TS
2015-11-23,0.0,31.7,21.0,4.92,0.139,Narayanpet,TS
2015-11-24,0.0,31.5,21.8,4.13,0.136,Narayanpet,TS
2015-11-25,0.0,32.3,21.8,4.93,0.134,Narayanpet,TS
2015-11-26,0.0,31.8,19.3,4.57,0.132,Narayanpet,TS
2015-11-27,0.0,32.7,19.6,4.97,0.131,Narayanpet,TS
2015-11-28,0.0,32.6,20.5,5.06,0.129,Narayanpet,TS
2015-11-29,0.0,32.2,20.3,5.17,0.128,Narayanpet,TS
2015-11-30,4.1,27.8,21.9,2.65,0.147,Narayanpet,TS
2015-12-01,0.0,31.2,21.2,4.1,0.173,Narayanpet,TS
2015-12-02,0.0,30.2,20.9,4.3,0.167,Narayanpet,TS
2015-12-03,0.0,31.9,20.0,4.66,0.16,Narayanpet,TS
2015-12-04,0.0,32.5,19.5,4.83,0.153,Narayanpet,TS
2015-12-05,0.0,31.9,19.7,5.25,0.147,Narayanpet,TS
2015-12-06,0.0,31.2,18.7,4.81,0.142,Narayanpet,TS
2015-12-07,0.0,31.8,18.2,4.83,0.139,Narayanpet,TS
2015-12-08,0.0,32.1,17.5,4.95,0.136,Narayanpet,TS
2015-12-09,0.0,32.0,17.5,4.71,0.134,Narayanpet,TS
2015-12-10,0.0,32.0,18.7,4.87,0.132,Narayanpet,TS
2015-12-11,0.0,32.6,20.1,4.4,0.131,Narayanpet,TS
2015-12-12,0.0,32.7,22.2,4.08,0.129,Narayanpet,TS
2015-12-13,0.0,33.3,22.5,4.63,0.128,Narayanpet,TS
2015-12-14,0.0,33.4,21.6,4.79,0.127,Narayanpet,TS
2015-12-15,0.0,33.5,21.0,5.1,0.126,Narayanpet,TS
2015-12-16,0.0,33.0,19.7,5.25,0.125,Narayanpet,TS
2015-12-17,0.0,32.0,18.7,4.9,0.124,Narayanpet,TS
2015-12-18,0.0,32.1,19.7,4.7,0.124,Narayanpet,TS
2015-12-19,0.0,32.0,20.0,4.89,0.123,Narayanpet,TS
2015-12-20,0.0,31.8,19.9,4.54,0.123,Narayanpet,TS
2015-12-21,0.0,30.7,21.7,3.69,0.123,Narayanpet,TS
2015-12-22,0.0,32.1,22.5,4.45,0.122,Narayanpet,TS
2015-12-23,0.0,31.1,21.4,3.83,0.122,Narayanpet,TS
2015-12-24,0.0,31.2,20.7,4.26,0.122,Narayanpet,TS
2015-12-25,0.0,29.5,20.7,5.63,0.122,Narayanpet,TS
2015-12-26,0.0,29.2,16.0,5.43,0.122,Narayanpet,TS
2015-12-27,0.0,30.5,16.8,5.56,0.121,Narayanpet,TS
2015-12-28,0.0,31.9,17.2,5.44,0.121,Narayanpet,TS
2015-12-29,0.0,33.4,16.3,5.5,0.121,Narayanpet,TS
2015-12-30,0.0,33.4,16.5,5.43,0.121,Narayanpet,TS
2015-12-31,0.0,33.1,17.3,5.49,0.121,Narayanpet,TS
2016-01-01,0.0,32.4,17.3,5.22,0.121,Narayanpet,TS
2016-01-02,0.0,31.4,19.2,4.51,0.121,Narayanpet,TS
2016-01-03,0.0,31.1,17.8,4.39,0.121,Narayanpet,TS
2016-01-04,0.0,30.9,18.3,4.85,0.121,Narayanpet,TS
2016-01-05,0.0,30.5,19.3,4.64,0.121,Narayanpet,TS
2016-01-06,0.0,29.9,19.1,4.71,0.121,Narayanpet,TS
2016-01-07,0.0,30.3,18.1,4.79,0.121,Narayanpet,TS
2016-01-08,0.0,30.1,16.9,4.58,0.121,Narayanpet,TS
2016-01-09,0.0,30.3,17.2,4.76,0.121,Narayanpet,TS
2016-01-10,0.0,30.6,16.9,5.2,0.121,Narayanpet,TS
2016-01-11,0.0,30.2,16.9,4.99,0.121,Narayanpet,TS
2016-01-12,0.0,29.9,17.1,4.51,0.121,Narayanpet,TS
2016-01-13,0.0,30.1,17.7,4.94,0.121,Narayanpet,TS
2016-01-14,0.0,30.0,18.2,4.77,0.121,Narayanpet,TS
2016-01-15,0.0,29.6,18.5,4.74,0.121,Narayanpet,TS
2016-01-16,0.0,29.6,18.4,4.56,0.121,Narayanpet,TS
2016-01-17,0.0,29.7,19.3,5.33,0.121,Narayanpet,TS
2016-01-18,0.0,29.3,19.7,4.63,0.122,Narayanpet,TS
2016-01-19,0.0,27.4,21.3,2.92,0.123,Narayanpet,TS
2016-01-20,1.6,26.9,20.6,2.25,0.137,Narayanpet,TS
2016-01-21,0.2,28.4,18.8,3.8,0.142,Narayanpet,TS
2016-01-22,0.0,28.6,19.0,5.0,0.14,Narayanpet,TS
2016-01-23,0.0,28.5,18.6,3.81,0.136,Narayanpet,TS
2016-01-24,0.0,29.4,19.7,3.74,0.134,Narayanpet,TS
2016-01-25,0.0,28.4,19.7,3.07,0.133,Narayanpet,TS
2016-01-26,0.0,30.7,19.5,4.28,0.133,Narayanpet,TS
2016-01-27,0.0,32.0,19.9,4.48,0.131,Narayanpet,TS
2016-01-28,0.0,32.0,18.7,4.74,0.13,Narayanpet,TS
2016-01-29,0.0,33.5,18.6,5.83,0.128,Narayanpet,TS
2016-01-30,0.0,33.1,18.1,4.87,0.127,Narayanpet,TS
2016-01-31,0.0,33.5,19.2,4.97,0.126,Narayanpet,TS
2016-02-01,0.0,33.5,19.1,5.4,0.125,Narayanpet,TS
2016-02-02,0.0,33.4,19.2,5.2,0.124,Narayanpet,TS
2016-02-03,0.0,33.9,19.4,5.19,0.123,Narayanpet,TS
2016-02-04,0.0,32.9,19.6,5.26,0.123,Narayanpet,TS
2016-02-05,0.0,32.0,19.8,5.39,0.122,Narayanpet,TS
2016-02-06,0.0,32.1,20.0,5.48,0.122,Narayanpet,TS
2016-02-07,0.0,32.5,19.7,5.14,0.122,Narayanpet,TS
2016-02-08,0.0,32.5,20.5,5.02,0.122,Narayanpet,TS
2016-02-09,0.0,32.8,21.6,4.92,0.121,Narayanpet,TS
2016-02-10,0.0,33.6,22.1,6.11,0.121,Narayanpet,TS
2016-02-11,0.0,33.0,23.3,5.24,0.121,Narayanpet,TS
2016-02-12,0.0,33.5,22.9,5.04,0.121,Narayanpet,TS
2016-02-13,0.0,33.4,22.9,5.3,0.121,Narayanpet,TS
2016-02-14,0.0,33.3,23.4,5.6,0.121,Narayanpet,TS
2016-02-15,0.0,33.8,21.4,6.83,0.121,Narayanpet,TS
2016-02-16,0.0,32.8,20.5,6.11,0.121,Narayanpet,TS
2016-02-17,0.0,33.4,19.6,7.04,0.121,Narayanpet,TS
2016-02-18,0.0,33.7,20.0,6.53,0.121,Narayanpet,TS
2016-02-19,0.0,33.8,18.8,6.16,0.121,Narayanpet,TS
2016-02-20,0.0,34.5,20.2,5.33,0.121,Narayanpet,TS
2016-02-21,0.0,35.4,21.0,5.65,0.121,Narayanpet,TS
2016-02-22,0.0,35.9,22.2,5.69,0.121,Narayanpet,TS
2016-02-23,0.0,36.1,23.1,6.08,0.121,Narayanpet,TS
2016-02-24,0.0,35.6,23.3,6.32,0.121,Narayanpet,TS
2016-02-25,0.0,36.0,24.3,5.98,0.121,Narayanpet,TS
2016-02-26,0.0,33.6,23.2,5.61,0.121,Narayanpet,TS
2016-02-27,0.0,33.2,22.8,5.66,0.121,Narayanpet,TS
2016-02-28,0.0,33.1,22.8,5.57,0.121,Narayanpet,TS
2016-02-29,0.0,34.4,23.7,5.84,0.122,Narayanpet,TS
2016-03-01,0.0,33.0,23.8,5.18,0.122,Narayanpet,TS
2016-03-02,0.6,33.5,23.7,5.27,0.124,Narayanpet,TS
2016-03-03,0.9,34.4,22.6,5.36,0.14,Narayanpet,TS
2016-03-04,0.0,34.0,23.4,5.51,0.138,Narayanpet,TS
2016-03-05,0.0,33.6,24.2,5.17,0.135,Narayanpet,TS
2016-03-06,0.0,35.6,23.1,6.72,0.132,Narayanpet,TS
2016-03-07,0.0,35.7,21.8,7.11,0.13,Narayanpet,TS
2016-03-08,0.0,35.3,21.8,6.47,0.128,Narayanpet,TS
2016-03-09,0.0,34.8,23.1,5.5,0.126,Narayanpet,TS
2016-03-10,0.0,36.8,23.7,6.18,0.125,Narayanpet,TS
2016-03-11,0.0,37.2,23.3,6.79,0.124,Narayanpet,TS
2016-03-12,0.0,37.5,23.4,7.54,0.123,Narayanpet,TS
2016-03-13,0.0,37.2,24.1,6.69,0.122,Narayanpet,TS
2016-03-14,0.0,36.1,24.2,6.75,0.122,Narayanpet,TS
2016-03-15,0.0,35.3,23.9,5.49,0.122,Narayanpet,TS
2016-03-16,0.0,36.4,24.3,6.39,0.121,Narayanpet,TS
2016-03-17,0.0,36.9,24.2,6.45,0.121,Narayanpet,TS
2016-03-18,0.0,38.2,25.1,6.48,0.121,Narayanpet,TS
2016-03-19,0.0,38.5,26.6,6.24,0.121,Narayanpet,TS
2016-03-20,0.0,38.8,25.8,7.05,0.121,Narayanpet,TS
2016-03-21,0.0,39.0,26.3,7.54,0.121,Narayanpet,TS
2016-03-22,0.0,39.0,24.2,7.34,0.121,Narayanpet,TS
2016-03-23,0.0,38.6,23.6,7.14,0.121,Narayanpet,TS
2016-03-24,0.0,38.6,27.2,7.5,0.121,Narayanpet,TS
2016-03-25,0.0,38.6,25.9,7.56,0.121,Narayanpet,TS
2016-03-26,0.0,38.6,25.3,7.6,0.121,Narayanpet,TS
2016-03-27,0.0,38.3,25.0,7.84,0.121,Narayanpet,TS
2016-03-28,0.0,37.2,24.3,7.82,0.121,Narayanpet,TS
2016-03-29,0.0,36.5,24.2,6.41,0.12,Narayanpet,TS
2016-03-30,0.0,37.7,25.5,6.92,0.12,Narayanpet,TS
2016-03-31,0.0,38.0,25.8,7.01,0.12,Narayanpet,TS
2016-04-01,0.0,37.9,25.9,6.86,0.12,Narayanpet,TS
2016-04-02,0.0,38.3,25.8,6.79,0.12,Narayanpet,TS
2016-04-03,0.2,38.4,27.3,6.49,0.121,Narayanpet,TS
2016-04-04,0.0,38.9,27.5,7.23,0.122,Narayanpet,TS
2016-04-05,0.0,38.0,26.4,6.61,0.121,Narayanpet,TS
2016-04-06,0.0,38.6,26.3,7.49,0.121,Narayanpet,TS
2016-04-07,0.0,38.7,24.9,7.26,0.121,Narayanpet,TS
2016-04-08,0.0,38.7,25.5,7.67,0.121,Narayanpet,TS
2016-04-09,0.0,37.8,25.5,7.14,0.121,Narayanpet,TS
2016-04-10,0.0,38.0,25.8,7.04,0.121,Narayanpet,TS
2016-04-11,0.0,39.1,26.3,6.78,0.121,Narayanpet,TS
2016-04-12,0.0,39.8,26.4,6.78,0.121,Narayanpet,TS
2016-04-13,0.0,40.2,28.9,6.75,0.121,Narayanpet,TS
2016-04-14,0.0,39.8,29.1,7.31,0.121,Narayanpet,TS
2016-04-15,0.0,40.1,28.7,7.16,0.121,Narayanpet,TS
2016-04-16,0.0,40.7,28.9,7.73,0.121,Narayanpet,TS
2016-04-17,0.0,40.2,29.4,7.36,0.121,Narayanpet,TS
2016-04-18,0.0,39.7,29.5,7.75,0.121,Narayanpet,TS
2016-04-19,0.0,39.8,27.2,7.76,0.121,Narayanpet,TS
2016-04-20,0.0,39.8,26.7,6.79,0.12,Narayanpet,TS
2016-04-21,0.0,40.5,27.7,7.07,0.12,Narayanpet,TS
2016-04-22,0.0,41.7,31.0,9.55,0.12,Narayanpet,TS
2016-04-23,0.0,41.0,28.6,9.59,0.12,Narayanpet,TS
2016-04-24,0.0,41.0,28.1,8.61,0.12,Narayanpet,TS
2016-04-25,0.0,41.4,26.4,8.15,0.12,Narayanpet,TS
2016-04-26,0.0,41.4,28.3,7.57,0.12,Narayanpet,TS
2016-04-27,0.0,40.9,28.8,8.52,0.12,Narayanpet,TS
2016-04-28,0.0,40.6,28.5,7.72,0.12,Narayanpet,TS
2016-04-29,0.0,40.5,29.1,8.32,0.12,Narayanpet,TS
2016-04-30,0.0,40.2,27.4,6.89,0.121,Narayanpet,TS
2016-05-01,0.0,39.9,28.9,6.68,0.122,Narayanpet,TS
2016-05-02,0.0,39.9,27.9,7.58,0.122,Narayanpet,TS
2016-05-03,2.8,40.9,29.1,7.86,0.132,Narayanpet,TS
2016-05-04,0.2,39.6,28.3,7.68,0.154,Narayanpet,TS
2016-05-05,0.4,38.1,27.3,7.48,0.153,Narayanpet,TS
2016-05-06,2.8,36.3,26.6,6.96,0.162,Narayanpet,TS
2016-05-07,0.0,36.8,26.3,6.62,0.184,Narayanpet,TS
2016-05-08,0.0,37.7,28.0,7.38,0.166,Narayanpet,TS
2016-05-09,0.0,37.3,26.3,6.56,0.153,Narayanpet,TS
2016-05-10,0.8,36.8,27.3,6.3,0.147,Narayanpet,TS
2016-05-11,0.4,37.2,27.2,6.48,0.148,Narayanpet,TS
2016-05-12,1.3,38.5,26.9,6.32,0.146,Narayanpet,TS
2016-05-13,0.4,39.1,27.9,6.8,0.146,Narayanpet,TS
2016-05-14,0.0,39.8,28.7,6.93,0.141,Narayanpet,TS
2016-05-15,0.4,38.4,28.8,6.86,0.136,Narayanpet,TS
2016-05-16,0.0,38.3,28.2,6.97,0.137,Narayanpet,TS
2016-05-17,0.0,37.3,27.9,6.61,0.133,Narayanpet,TS
2016-05-18,1.8,37.9,27.6,5.54,0.137,Narayanpet,TS
2016-05-19,4.4,35.4,25.8,4.17,0.159,Narayanpet,TS
2016-05-20,0.3,38.3,26.3,7.6,0.184,Narayanpet,TS
2016-05-21,0.0,39.5,26.9,8.7,0.171,Narayanpet,TS
2016-05-22,0.0,40.0,27.0,9.1,0.157,Narayanpet,TS
2016-05-23,0.0,39.2,27.0,8.77,0.146,Narayanpet,TS
2016-05-24,0.0,39.1,27.9,8.35,0.139,Narayanpet,TS
2016-05-25,0.0,38.8,28.1,8.75,0.134,Narayanpet,TS
2016-05-26,0.0,38.6,27.7,8.03,0.131,Narayanpet,TS
2016-05-27,0.0,38.4,28.7,8.04,0.128,Narayanpet,TS
2016-05-28,0.0,38.9,29.1,8.04,0.126,Narayanpet,TS
2016-05-29,0.0,37.9,28.7,8.02,0.125,Narayanpet,TS
2016-05-30,0.0,37.9,28.1,7.32,0.124,Narayanpet,TS
2016-05-31,0.0,38.2,28.4,7.55,0.124,Narayanpet,TS
2016-06-01,4.0,36.5,25.9,6.16,0.127,Narayanpet,TS
2016-06-02,10.3,34.2,25.8,4.51,0.222,Narayanpet,TS
2016-06-03,18.5,35.8,25.2,5.24,0.284,Narayanpet,TS
2016-06-04,11.4,33.5,25.0,4.79,0.318,Narayanpet,TS
2016-06-05,7.6,31.3,24.2,3.11,0.356,Narayanpet,TS
2016-06-06,42.8,30.8,24.5,2.87,0.411,Narayanpet,TS
2016-06-07,16.5,30.0,23.7,3.6,0.411,Narayanpet,TS
2016-06-08,15.0,31.5,24.3,3.45,0.406,Narayanpet,TS
2016-06-09,6.5,32.9,24.5,4.45,0.393,Narayanpet,TS
2016-06-10,3.6,31.3,24.5,4.11,0.382,Narayanpet,TS
2016-06-11,7.3,29.8,24.7,3.82,0.389,Narayanpet,TS
2016-06-12,6.1,31.7,24.6,3.92,0.385,Narayanpet,TS
2016-06-13,6.9,29.9,24.1,3.53,0.397,Narayanpet,TS
2016-06-14,0.0,31.6,24.5,5.17,0.367,Narayanpet,TS
2016-06-15,0.0,31.5,24.1,5.55,0.343,Narayanpet,TS
2016-06-16,0.0,32.2,24.2,5.49,0.324,Narayanpet,TS
2016-06-17,0.0,32.6,25.0,5.83,0.305,Narayanpet,TS
2016-06-18,20.8,31.0,24.1,3.42,0.335,Narayanpet,TS
2016-06-19,51.1,25.9,23.3,1.56,0.424,Narayanpet,TS
2016-06-20,51.2,28.8,23.2,2.94,0.419,Narayanpet,TS
2016-06-21,3.3,29.7,23.7,3.57,0.396,Narayanpet,TS
2016-06-22,1.9,30.1,23.7,3.84,0.387,Narayanpet,TS
2016-06-23,0.7,30.2,23.9,4.71,0.374,Narayanpet,TS
2016-06-24,4.0,30.4,24.3,4.06,0.367,Narayanpet,TS
2016-06-25,4.3,30.4,24.0,4.6,0.381,Narayanpet,TS
2016-06-26,23.6,28.0,23.7,3.03,0.393,Narayanpet,TS
2016-06-27,29.4,28.3,23.3,2.39,0.422,Narayanpet,TS
2016-06-28,13.2,28.0,23.3,2.51,0.422,Narayanpet,TS
2016-06-29,22.5,28.0,23.3,2.23,0.425,Narayanpet,TS
2016-06-30,4.7,27.2,22.9,2.45,0.417,Narayanpet,TS
2016-07-01,7.5,28.7,24.4,3.63,0.406,Narayanpet,TS
2016-07-02,5.5,29.6,24.3,3.51,0.409,Narayanpet,TS
2016-07-03,2.5,28.9,24.8,3.36,0.406,Narayanpet,TS
2016-07-04,2.7,30.2,24.5,4.18,0.4,Narayanpet,TS
2016-07-05,5.5,29.0,24.2,3.73,0.402,Narayanpet,TS
2016-07-06,8.6,29.1,24.1,3.74,0.408,Narayanpet,TS
2016-07-07,0.1,27.7,23.6,3.32,0.402,Narayanpet,TS
2016-07-08,4.1,28.9,23.8,3.96,0.397,Narayanpet,TS
2016-07-09,4.1,28.3,23.7,3.51,0.401,Narayanpet,TS
2016-07-10,12.2,26.6,23.4,2.52,0.413,Narayanpet,TS
2016-07-11,8.9,26.3,23.4,1.94,0.422,Narayanpet,TS
2016-07-12,2.6,28.8,23.6,3.59,0.414,Narayanpet,TS
2016-07-13,0.9,30.1,24.3,4.48,0.4,Narayanpet,TS
2016-07-14,0.0,29.8,22.9,4.08,0.386,Narayanpet,TS
2016-07-15,0.0,30.4,23.2,4.37,0.374,Narayanpet,TS
2016-07-16,0.0,28.8,24.0,3.31,0.364,Narayanpet,TS
2016-07-17,0.0,29.0,24.0,3.24,0.358,Narayanpet,TS
2016-07-18,7.2,29.5,23.4,3.69,0.364,Narayanpet,TS
2016-07-19,4.3,26.7,23.0,2.52,0.394,Narayanpet,TS
2016-07-20,7.8,27.8,22.6,2.54,0.408,Narayanpet,TS
2016-07-21,1.4,27.2,22.8,2.93,0.394,Narayanpet,TS
2016-07-22,8.1,24.9,22.7,1.35,0.407,Narayanpet,TS
2016-07-23,7.7,28.4,22.3,2.67,0.407,Narayanpet,TS
2016-07-24,10.7,29.1,22.9,2.57,0.419,Narayanpet,TS
2016-07-25,5.2,29.0,22.9,3.59,0.418,Narayanpet,TS
2016-07-26,4.9,29.6,23.3,3.64,0.409,Narayanpet,TS
2016-07-27,13.9,28.3,23.4,2.55,0.416,Narayanpet,TS
2016-07-28,11.5,28.6,23.1,2.62,0.425,Narayanpet,TS
2016-07-29,7.9,28.8,22.8,2.58,0.421,Narayanpet,TS
2016-07-30,13.1,29.0,22.2,3.62,0.418,Narayanpet,TS
2016-07-31,26.7,25.6,22.4,1.62,0.428,Narayanpet,TS
2016-08-01,19.9,26.4,22.3,1.59,0.428,Narayanpet,TS
2016-08-02,6.4,27.6,22.9,3.73,0.422,Narayanpet,TS
2016-08-03,14.3,26.4,22.6,1.88,0.427,Narayanpet,TS
2016-08-04,4.3,28.7,23.3,3.34,0.419,Narayanpet,TS
2016-08-05,4.8,29.9,23.4,4.16,0.414,Narayanpet,TS
2016-08-06,0.6,28.8,24.2,3.76,0.407,Narayanpet,TS
2016-08-07,2.1,29.5,23.8,3.87,0.4,Narayanpet,TS
2016-08-08,0.2,29.2,23.3,4.04,0.393,Narayanpet,TS
2016-08-09,0.2,29.8,23.1,3.99,0.382,Narayanpet,TS
2016-08-10,0.2,29.3,23.0,4.05,0.374,Narayanpet,TS
2016-08-11,0.9,29.2,22.8,4.03,0.368,Narayanpet,TS
2016-08-12,0.6,29.5,23.1,4.09,0.361,Narayanpet,TS
2016-08-13,0.8,29.6,23.1,4.22,0.357,Narayanpet,TS
2016-08-14,0.8,28.7,23.4,4.24,0.353,Narayanpet,TS
2016-08-15,0.8,29.1,22.7,4.39,0.346,Narayanpet,TS
2016-08-16,1.4,28.8,23.5,4.41,0.342,Narayanpet,TS
2016-08-17,0.7,29.4,22.8,4.26,0.337,Narayanpet,TS
2016-08-18,1.7,29.6,22.9,4.38,0.334,Narayanpet,TS
2016-08-19,0.6,29.5,22.8,4.54,0.33,Narayanpet,TS
2016-08-20,0.0,29.8,21.7,4.74,0.319,Narayanpet,TS
2016-08-21,0.6,30.2,22.5,4.65,0.31,Narayanpet,TS
2016-08-22,0.3,29.7,22.9,4.02,0.304,Narayanpet,TS
2016-08-23,1.6,30.2,23.4,4.43,0.303,Narayanpet,TS
2016-08-24,0.8,30.5,23.5,4.49,0.305,Narayanpet,TS
2016-08-25,0.7,29.6,23.7,3.88,0.305,Narayanpet,TS
2016-08-26,0.0,30.4,24.4,5.04,0.295,Narayanpet,TS
2016-08-27,1.8,30.5,24.1,4.27,0.29,Narayanpet,TS
2016-08-28,2.4,28.7,23.1,2.65,0.308,Narayanpet,TS
2016-08-29,6.6,29.4,23.3,3.41,0.32,Narayanpet,TS
2016-08-30,6.3,26.5,23.5,1.54,0.369,Narayanpet,TS
2016-08-31,1.5,26.6,23.2,1.54,0.355,Narayanpet,TS
2016-09-01,1.6,28.5,22.8,3.46,0.347,Narayanpet,TS
2016-09-02,0.0,28.9,22.6,3.41,0.336,Narayanpet,TS
2016-09-03,0.2,28.2,22.6,3.84,0.324,Narayanpet,TS
2016-09-04,0.0,28.8,23.3,4.4,0.313,Narayanpet,TS
2016-09-05,0.0,29.4,21.7,4.83,0.299,Narayanpet,TS
2016-09-06,0.0,29.1,22.0,5.07,0.287,Narayanpet,TS
2016-09-07,0.1,28.9,22.0,4.73,0.278,Narayanpet,TS
2016-09-08,0.0,29.8,22.4,5.14,0.268,Narayanpet,TS
2016-09-09,0.0,30.1,23.1,4.82,0.257,Narayanpet,TS
2016-09-10,8.7,27.0,23.4,2.25,0.286,Narayanpet,TS
2016-09-11,15.8,27.0,22.6,1.91,0.391,Narayanpet,TS
2016-09-12,1.9,26.7,22.7,2.29,0.364,Narayanpet,TS
2016-09-13,37.1,24.6,22.6,1.31,0.419,Narayanpet,TS
2016-09-14,49.3,24.0,22.2,1.02,0.429,Narayanpet,TS
2016-09-15,25.5,23.4,22.5,0.57,0.428,Narayanpet,TS
2016-09-16,46.1,26.7,22.5,1.75,0.425,Narayanpet,TS
2016-09-17,1.1,28.0,22.8,2.5,0.412,Narayanpet,TS
2016-09-18,0.6,27.5,22.4,3.28,0.401,Narayanpet,TS
2016-09-19,0.5,28.9,22.4,3.77,0.391,Narayanpet,TS
2016-09-20,6.5,25.7,22.5,2.19,0.395,Narayanpet,TS
2016-09-21,17.1,24.5,22.1,1.14,0.425,Narayanpet,TS
2016-09-22,17.3,26.4,22.0,1.49,0.428,Narayanpet,TS
2016-09-23,24.0,24.4,22.3,1.01,0.428,Narayanpet,TS
2016-09-24,78.2,24.9,22.5,1.0,0.428,Narayanpet,TS
2016-09-25,8.2,27.4,22.8,1.77,0.425,Narayanpet,TS
2016-09-26,18.3,28.6,23.0,2.32,0.425,Narayanpet,TS
2016-09-27,7.8,29.1,23.2,2.57,0.42,Narayanpet,TS
2016-09-28,0.4,30.4,23.1,3.73,0.412,Narayanpet,TS
2016-09-29,1.6,29.9,23.0,3.77,0.403,Narayanpet,TS
2016-09-30,1.7,29.5,23.0,3.58,0.396,Narayanpet,TS
2016-10-01,7.5,28.3,22.8,2.75,0.405,Narayanpet,TS
2016-10-02,0.4,28.1,22.4,3.08,0.403,Narayanpet,TS
2016-10-03,0.0,28.8,21.2,4.22,0.387,Narayanpet,TS
2016-10-04,0.0,28.3,22.7,3.05,0.376,Narayanpet,TS
2016-10-05,0.0,26.9,22.7,2.42,0.371,Narayanpet,TS
2016-10-06,0.0,29.1,22.2,4.19,0.362,Narayanpet,TS
2016-10-07,0.0,29.0,21.5,4.29,0.351,Narayanpet,TS
2016-10-08,0.7,28.4,22.7,2.94,0.349,Narayanpet,TS
2016-10-09,3.7,28.7,22.5,3.39,0.365,Narayanpet,TS
2016-10-10,0.8,29.6,22.5,3.5,0.368,Narayanpet,TS
2016-10-11,0.3,30.2,22.7,3.82,0.356,Narayanpet,TS
2016-10-12,0.0,30.7,22.1,4.26,0.343,Narayanpet,TS
2016-10-13,0.0,30.9,20.4,5.17,0.33,Narayanpet,TS
2016-10-14,0.0,30.3,20.3,4.62,0.317,Narayanpet,TS
2016-10-15,0.0,29.7,18.7,5.24,0.306,Narayanpet,TS
2016-10-16,0.0,29.5,17.6,5.05,0.295,Narayanpet,TS
2016-10-17,0.0,30.0,18.0,5.16,0.285,Narayanpet,TS
2016-10-18,0.0,29.9,20.9,5.33,0.274,Narayanpet,TS
2016-10-19,0.0,30.1,19.3,5.15,0.264,Narayanpet,TS
2016-10-20,0.0,30.2,19.9,5.12,0.255,Narayanpet,TS
2016-10-21,0.0,30.1,18.9,5.04,0.246,Narayanpet,TS
2016-10-22,0.0,30.0,18.9,5.11,0.238,Narayanpet,TS
2016-10-23,0.0,30.3,19.5,5.0,0.229,Narayanpet,TS
2016-10-24,0.0,30.1,19.6,4.19,0.223,Narayanpet,TS
2016-10-25,0.0,30.4,19.2,4.77,0.217,Narayanpet,TS
2016-10-26,0.0,30.4,19.6,5.16,0.21,Narayanpet,TS
2016-10-27,0.0,30.7,20.4,5.69,0.203,Narayanpet,TS
2016-10-28,0.0,30.8,18.6,5.35,0.195,Narayanpet,TS
2016-10-29,0.0,29.6,22.2,3.67,0.191,Narayanpet,TS
2016-10-30,0.2,30.3,23.3,4.13,0.19,Narayanpet,TS
2016-10-31,2.8,29.5,21.7,3.66,0.207,Narayanpet,TS
2016-11-01,0.0,31.0,21.8,4.63,0.206,Narayanpet,TS
2016-11-02,0.0,31.5,21.3,5.05,0.197,Narayanpet,TS
2016-11-03,0.0,31.8,21.1,5.17,0.188,Narayanpet,TS
2016-11-04,0.0,30.7,21.4,5.53,0.18,Narayanpet,TS
2016-11-05,0.0,30.5,20.5,5.43,0.173,Narayanpet,TS
2016-11-06,0.0,30.6,21.5,4.82,0.167,Narayanpet,TS
2016-11-07,0.0,30.7,20.2,5.76,0.162,Narayanpet,TS
2016-11-08,0.0,30.0,16.8,5.56,0.157,Narayanpet,TS
2016-11-09,0.0,29.9,15.3,5.08,0.153,Narayanpet,TS
2016-11-10,0.0,29.9,15.5,5.02,0.15,Narayanpet,TS
2016-11-11,0.0,29.9,15.6,5.21,0.147,Narayanpet,TS
2016-11-12,0.0,29.7,16.8,4.9,0.144,Narayanpet,TS
2016-11-13,0.0,30.6,19.6,4.75,0.142,Narayanpet,TS
2016-11-14,0.3,30.6,20.8,4.04,0.141,Narayanpet,TS
2016-11-15,3.0,30.9,21.6,3.86,0.156,Narayanpet,TS
2016-11-16,0.0,31.3,21.2,4.58,0.18,Narayanpet,TS
2016-11-17,0.0,30.8,20.6,4.55,0.172,Narayanpet,TS
2016-11-18,0.0,30.2,20.0,4.66,0.165,Narayanpet,TS
2016-11-19,0.0,29.8,18.3,4.91,0.158,Narayanpet,TS
2016-11-20,0.0,29.9,17.5,4.59,0.153,Narayanpet,TS
2016-11-21,0.0,30.5,17.3,4.68,0.149,Narayanpet,TS
2016-11-22,0.0,30.2,16.3,4.84,0.145,Narayanpet,TS
2016-11-23,0.0,30.2,16.8,4.96,0.142,Narayanpet,TS
2016-11-24,0.0,30.2,16.3,4.87,0.139,Narayanpet,TS
2016-11-25,0.0,31.0,17.1,5.05,0.137,Narayanpet,TS
2016-11-26,0.0,31.2,16.4,5.06,0.135,Narayanpet,TS
2016-11-27,0.0,32.5,16.5,5.23,0.134,Narayanpet,TS
2016-11-28,0.0,32.8,17.4,5.34,0.132,Narayanpet,TS
2016-11-29,0.0,31.5,17.2,4.84,0.131,Narayanpet,TS
2016-11-30,0.0,30.6,17.4,4.47,0.13,Narayanpet,TS
2016-12-01,0.0,31.1,17.8,4.59,0.129,Narayanpet,TS
2016-12-02,0.4,30.4,19.4,4.33,0.129,Narayanpet,TS
2016-12-03,1.0,29.5,21.3,3.62,0.142,Narayanpet,TS
2016-12-04,0.0,29.9,21.7,3.9,0.142,Narayanpet,TS
2016-12-05,0.2,30.3,21.2,3.93,0.141,Narayanpet,TS
2016-12-06,0.0,29.3,18.5,4.93,0.139,Narayanpet,TS
2016-12-07,0.0,29.3,17.0,4.28,0.137,Narayanpet,TS
2016-12-08,0.0,30.0,17.9,4.84,0.135,Narayanpet,TS
2016-12-09,0.0,29.3,16.1,4.99,0.133,Narayanpet,TS
2016-12-10,0.0,29.0,15.6,4.99,0.132,Narayanpet,TS
2016-12-11,0.0,30.1,15.7,5.05,0.131,Narayanpet,TS
2016-12-12,0.0,30.5,19.3,5.34,0.129,Narayanpet,TS
2016-12-13,0.4,27.9,21.1,3.63,0.13,Narayanpet,TS
2016-12-14,3.2,26.6,21.7,2.26,0.144,Narayanpet,TS
2016-12-15,0.0,28.3,20.6,2.96,0.165,Narayanpet,TS
2016-12-16,0.0,30.4,20.0,3.94,0.16,Narayanpet,TS
2016-12-17,0.0,30.4,19.5,4.12,0.155,Narayanpet,TS
2016-12-18,0.0,30.4,18.0,4.89,0.149,Narayanpet,TS
2016-12-19,0.0,30.0,17.1,4.79,0.145,Narayanpet,TS
2016-12-20,0.0,29.6,16.1,4.7,0.141,Narayanpet,TS
2016-12-21,0.0,30.2,14.4,4.41,0.138,Narayanpet,TS
2016-12-22,0.0,31.3,15.3,5.06,0.135,Narayanpet,TS
2016-12-23,0.0,31.3,16.2,5.14,0.133,Narayanpet,TS
2016-12-24,0.0,30.6,14.9,4.95,0.132,Narayanpet,TS
2016-12-25,0.0,29.9,14.9,4.37,0.13,Narayanpet,TS
2016-12-26,0.0,31.2,15.2,4.71,0.129,Narayanpet,TS
2016-12-27,0.0,30.2,17.6,5.05,0.128,Narayanpet,TS
2016-12-28,0.0,28.9,15.5,4.77,0.127,Narayanpet,TS
2016-12-29,0.0,29.6,15.7,4.52,0.126,Narayanpet,TS
2016-12-30,0.0,29.8,16.2,4.38,0.126,Narayanpet,TS
2016-12-31,0.0,29.7,16.5,4.42,0.125,Narayanpet,TS
2017-01-01,0.0,28.8,16.3,4.12,0.136,Narayanpet,TS
2017-01-02,0.0,28.9,17.0,4.22,0.14,Narayanpet,TS
2017-01-03,0.0,29.0,17.1,4.66,0.139,Narayanpet,TS
2017-01-04,0.0,28.0,16.1,4.85,0.137,Narayanpet,TS
2017-01-05,0.0,28.2,16.5,4.9,0.138,Narayanpet,TS
2017-01-06,0.0,28.2,15.0,4.6,0.139,Narayanpet,TS
2017-01-07,0.0,28.3,15.2,4.54,0.138,Narayanpet,TS
2017-01-08,0.0,28.0,15.7,4.19,0.141,Narayanpet,TS
2017-01-09,0.0,28.0,17.1,4.35,0.142,Narayanpet,TS
2017-01-10,0.0,28.4,18.2,4.25,0.141,Narayanpet,TS
2017-01-11,0.0,28.4,18.8,4.68,0.143,Narayanpet,TS
2017-01-12,0.0,27.9,17.0,4.7,0.14,Narayanpet,TS
2017-01-13,0.0,28.3,17.9,4.63,0.139,Narayanpet,TS
2017-01-14,0.0,27.4,18.5,3.89,0.139,Narayanpet,TS
2017-01-15,0.0,28.9,17.9,4.76,0.143,Narayanpet,TS
2017-01-16,0.0,28.8,18.3,4.49,0.142,Narayanpet,TS
2017-01-17,0.0,29.1,18.0,4.63,0.142,Narayanpet,TS
2017-01-18,0.0,29.0,17.4,5.35,0.141,Narayanpet,TS
2017-01-19,0.0,27.6,16.2,4.92,0.141,Narayanpet,TS
2017-01-20,0.0,28.8,16.1,5.19,0.14,Narayanpet,TS
2017-01-21,0.0,30.2,17.6,5.81,0.137,Narayanpet,TS
2017-01-22,0.0,30.7,18.8,5.58,0.135,Narayanpet,TS
2017-01-23,0.0,31.3,18.9,5.17,0.135,Narayanpet,TS
2017-01-24,0.0,31.2,18.8,5.44,0.135,Narayanpet,TS
2017-01-25,0.0,29.8,18.0,5.2,0.134,Narayanpet,TS
2017-01-26,0.0,28.9,20.6,3.47,0.132,Narayanpet,TS
2017-01-27,0.0,29.7,18.7,4.0,0.134,Narayanpet,TS
2017-01-28,0.0,30.9,19.5,4.82,0.137,Narayanpet,TS
2017-01-29,0.0,30.5,18.9,5.21,0.136,Narayanpet,TS
2017-01-30,0.0,30.9,17.9,5.22,0.133,Narayanpet,TS
2017-01-31,0.0,31.3,17.7,5.01,0.13,Narayanpet,TS
2017-02-01,0.0,31.2,18.0,5.3,0.129,Narayanpet,TS
2017-02-02,0.0,30.7,17.9,5.24,0.129,Narayanpet,TS
2017-02-03,0.0,31.6,18.6,5.33,0.131,Narayanpet,TS
2017-02-04,0.0,31.3,18.8,5.75,0.133,Narayanpet,TS
2017-02-05,0.0,30.0,18.0,4.99,0.134,Narayanpet,TS
2017-02-06,0.0,30.3,17.4,4.96,0.134,Narayanpet,TS
2017-02-07,0.0,31.5,19.6,5.3,0.135,Narayanpet,TS
2017-02-08,0.0,31.6,19.5,5.36,0.135,Narayanpet,TS
2017-02-09,0.0,31.1,18.3,5.33,0.137,Narayanpet,TS
2017-02-10,0.0,31.4,18.3,5.6,0.138,Narayanpet,TS
2017-02-11,0.0,30.9,17.8,5.93,0.139,Narayanpet,TS
2017-02-12,0.0,29.5,16.4,5.36,0.14,Narayanpet,TS
2017-02-13,0.0,30.4,17.5,5.99,0.141,Narayanpet,TS
2017-02-14,0.0,31.1,17.6,6.18,0.14,Narayanpet,TS
2017-02-15,0.0,31.4,18.6,5.92,0.139,Narayanpet,TS
2017-02-16,0.0,31.5,18.0,5.95,0.14,Narayanpet,TS
2017-02-17,0.0,32.8,17.9,6.27,0.14,Narayanpet,TS
2017-02-18,0.0,32.9,18.3,6.02,0.139,Narayanpet,TS
2017-02-19,0.0,33.3,20.9,5.96,0.138,Narayanpet,TS
2017-02-20,0.0,34.4,20.2,5.99,0.136,Narayanpet,TS
2017-02-21,0.0,34.3,20.3,5.87,0.129,Narayanpet,TS
2017-02-22,0.0,34.8,20.9,5.68,0.128,Narayanpet,TS
2017-02-23,0.0,34.8,20.6,6.05,0.126,Narayanpet,TS
2017-02-24,0.0,35.0,21.6,6.86,0.125,Narayanpet,TS
2017-02-25,0.0,33.8,21.0,7.03,0.123,Narayanpet,TS
2017-02-26,0.0,33.9,20.6,7.59,0.123,Narayanpet,TS
2017-02-27,0.0,34.0,18.2,7.15,0.125,Narayanpet,TS
2017-02-28,0.0,34.3,19.2,6.66,0.127,Narayanpet,TS
2017-03-01,0.0,34.1,19.6,6.59,0.128,Narayanpet,TS
2017-03-02,0.0,33.5,19.9,6.67,0.131,Narayanpet,TS
2017-03-03,0.0,33.4,19.2,6.73,0.133,Narayanpet,TS
2017-03-04,0.0,33.4,18.8,6.23,0.131,Narayanpet,TS
2017-03-05,0.0,33.3,21.5,5.56,0.13,Narayanpet,TS
2017-03-06,0.0,34.4,20.7,6.13,0.124,Narayanpet,TS
2017-03-07,0.0,34.8,22.5,6.73,0.126,Narayanpet,TS
2017-03-08,0.0,34.2,21.3,6.57,0.129,Narayanpet,TS
2017-03-09,0.0,33.9,21.7,6.2,0.128,Narayanpet,TS
2017-03-10,0.1,33.1,22.2,7.12,0.131,Narayanpet,TS
2017-03-11,0.0,32.0,21.3,7.43,0.129,Narayanpet,TS
2017-03-12,0.0,32.2,18.2,6.77,0.128,Narayanpet,TS
2017-03-13,0.0,33.7,20.9,6.86,0.127,Narayanpet,TS
2017-03-14,0.0,33.3,21.8,5.74,0.125,Narayanpet,TS
2017-03-15,0.8,32.8,23.6,5.53,0.126,Narayanpet,TS
2017-03-16,5.9,31.6,22.0,4.49,0.147,Narayanpet,TS
2017-03-17,0.0,34.1,23.1,5.72,0.139,Narayanpet,TS
2017-03-18,0.0,34.6,20.8,6.78,0.139,Narayanpet,TS
2017-03-19,0.0,35.2,21.4,6.47,0.136,Narayanpet,TS
2017-03-20,0.0,34.5,22.7,6.9,0.133,Narayanpet,TS
2017-03-21,0.0,34.7,22.5,7.25,0.128,Narayanpet,TS
2017-03-22,0.0,35.4,22.0,7.22,0.127,Narayanpet,TS
2017-03-23,0.0,35.9,21.7,6.76,0.129,Narayanpet,TS
2017-03-24,0.0,35.7,22.5,6.77,0.129,Narayanpet,TS
2017-03-25,0.0,36.5,23.0,7.0,0.127,Narayanpet,TS
2017-03-26,0.0,37.2,23.5,6.65,0.127,Narayanpet,TS
2017-03-27,0.0,37.4,23.5,6.91,0.126,Narayanpet,TS
2017-03-28,0.0,35.9,23.8,6.55,0.122,Narayanpet,TS
2017-03-29,0.0,36.5,24.1,6.31,0.12,Narayanpet,TS
2017-03-30,0.0,37.2,24.6,6.64,0.118,Narayanpet,TS
2017-03-31,0.0,37.6,25.0,6.91,0.119,Narayanpet,TS
2017-04-01,0.3,37.8,25.6,6.58,0.117,Narayanpet,TS
2017-04-02,0.1,37.9,25.6,6.63,0.116,Narayanpet,TS
2017-04-03,0.2,37.9,26.0,6.77,0.121,Narayanpet,TS
2017-04-04,0.0,37.3,25.4,6.97,0.124,Narayanpet,TS
2017-04-05,0.0,37.9,26.1,6.35,0.127,Narayanpet,TS
2017-04-06,0.0,38.2,25.1,7.08,0.129,Narayanpet,TS
2017-04-07,0.0,38.5,26.1,7.04,0.125,Narayanpet,TS
2017-04-08,0.0,36.6,25.4,6.45,0.125,Narayanpet,TS
2017-04-09,0.0,37.5,25.8,6.57,0.122,Narayanpet,TS
2017-04-10,0.7,37.8,25.7,7.04,0.121,Narayanpet,TS
2017-04-11,0.0,38.9,25.7,8.02,0.121,Narayanpet,TS
2017-04-12,0.0,38.1,23.3,7.73,0.121,Narayanpet,TS
2017-04-13,0.0,38.3,24.1,7.5,0.122,Narayanpet,TS
2017-04-14,0.0,37.9,24.8,7.77,0.123,Narayanpet,TS
2017-04-15,0.0,38.2,23.9,7.35,0.124,Narayanpet,TS
2017-04-16,0.0,39.7,25.0,7.29,0.128,Narayanpet,TS
2017-04-17,0.0,40.4,26.6,8.41,0.127,Narayanpet,TS
2017-04-18,0.0,40.3,25.6,8.77,0.125,Narayanpet,TS
2017-04-19,0.0,38.2,25.7,7.11,0.124,Narayanpet,TS
2017-04-20,0.0,38.7,25.6,7.28,0.124,Narayanpet,TS
2017-04-21,0.0,38.4,26.7,7.58,0.122,Narayanpet,TS
2017-04-22,0.0,38.3,25.4,8.36,0.121,Narayanpet,TS
2017-04-23,0.0,38.5,28.2,8.86,0.121,Narayanpet,TS
2017-04-24,0.0,38.9,28.1,8.95,0.12,Narayanpet,TS
2017-04-25,0.0,38.5,27.6,8.94,0.119,Narayanpet,TS
2017-04-26,0.0,38.8,25.3,7.36,0.119,Narayanpet,TS
2017-04-27,0.5,36.8,26.5,6.92,0.116,Narayanpet,TS
2017-04-28,0.0,38.0,25.5,6.78,0.115,Narayanpet,TS
2017-04-29,2.0,36.4,24.2,6.55,0.134,Narayanpet,TS
2017-04-30,0.0,37.1,24.7,6.56,0.154,Narayanpet,TS
2017-05-01,0.2,36.5,23.8,7.07,0.147,Narayanpet,TS
2017-05-02,0.0,35.7,23.9,6.45,0.141,Narayanpet,TS
2017-05-03,0.0,36.2,25.5,6.71,0.142,Narayanpet,TS
2017-05-04,0.0,38.3,26.0,6.92,0.143,Narayanpet,TS
2017-05-05,0.0,37.6,26.1,6.55,0.139,Narayanpet,TS
2017-05-06,1.7,38.3,26.8,6.3,0.141,Narayanpet,TS
2017-05-07,1.2,37.3,27.3,5.96,0.147,Narayanpet,TS
2017-05-08,1.1,37.3,26.3,5.43,0.145,Narayanpet,TS
2017-05-09,0.0,37.8,27.5,6.37,0.14,Narayanpet,TS
2017-05-10,0.1,37.5,26.1,6.49,0.131,Narayanpet,TS
2017-05-11,0.5,36.7,26.4,6.17,0.132,Narayanpet,TS
2017-05-12,0.6,37.1,26.9,6.94,0.127,Narayanpet,TS
2017-05-13,0.1,38.1,26.7,6.89,0.119,Narayanpet,TS
2017-05-14,0.6,36.4,27.9,6.27,0.118,Narayanpet,TS
2017-05-15,0.3,38.1,27.6,7.77,0.12,Narayanpet,TS
2017-05-16,0.0,39.3,27.7,7.41,0.123,Narayanpet,TS
2017-05-17,0.3,39.3,29.1,7.69,0.123,Narayanpet,TS
2017-05-18,0.0,39.7,29.1,7.86,0.128,Narayanpet,TS
2017-05-19,0.0,39.3,29.6,8.2,0.124,Narayanpet,TS
2017-05-20,0.1,39.0,29.0,8.15,0.121,Narayanpet,TS
2017-05-21,0.0,39.1,29.4,7.98,0.121,Narayanpet,TS
2017-05-22,0.0,39.2,27.2,7.56,0.122,Narayanpet,TS
2017-05-23,0.0,39.4,28.1,7.12,0.121,Narayanpet,TS
2017-05-24,0.0,40.8,27.6,7.29,0.118,Narayanpet,TS
2017-05-25,0.0,40.1,28.9,7.88,0.113,Narayanpet,TS
2017-05-26,1.6,37.7,29.8,6.7,0.119,Narayanpet,TS
2017-05-27,0.2,38.7,28.3,7.32,0.129,Narayanpet,TS
2017-05-28,2.5,38.4,27.7,8.14,0.13,Narayanpet,TS
2017-05-29,0.0,37.7,27.0,8.96,0.136,Narayanpet,TS
2017-05-30,0.0,35.4,26.0,8.24,0.133,Narayanpet,TS
2017-05-31,0.0,36.0,26.3,7.05,0.127,Narayanpet,TS
2017-06-01,0.2,36.3,26.1,6.72,0.126,Narayanpet,TS
2017-06-02,0.3,36.9,28.3,6.96,0.119,Narayanpet,TS
2017-06-03,8.5,37.1,26.1,6.57,0.129,Narayanpet,TS
2017-06-04,0.0,35.2,26.1,6.2,0.197,Narayanpet,TS
2017-06-05,7.6,36.7,26.1,6.89,0.22,Narayanpet,TS
2017-06-06,16.7,34.0,24.8,5.47,0.332,Narayanpet,TS
2017-06-07,20.6,29.3,23.2,3.74,0.364,Narayanpet,TS
2017-06-08,5.3,29.6,24.3,3.82,0.339,Narayanpet,TS
2017-06-09,9.2,32.1,24.6,4.47,0.322,Narayanpet,TS
2017-06-10,2.6,29.0,23.7,3.03,0.35,Narayanpet,TS
2017-06-11,5.1,29.9,23.7,3.87,0.321,Narayanpet,TS
2017-06-12,8.2,29.1,23.7,3.0,0.333,Narayanpet,TS
2017-06-13,10.6,29.0,23.0,2.53,0.355,Narayanpet,TS
2017-06-14,12.3,30.5,23.8,3.74,0.36,Narayanpet,TS
2017-06-15,30.0,27.1,24.1,1.98,0.388,Narayanpet,TS
2017-06-16,16.7,28.1,23.1,2.02,0.421,Narayanpet,TS
2017-06-17,14.6,29.1,22.6,2.59,0.42,Narayanpet,TS
2017-06-18,11.3,29.6,23.4,3.51,0.401,Narayanpet,TS
2017-06-19,11.1,29.9,23.9,3.4,0.393,Narayanpet,TS
2017-06-20,0.9,30.0,23.2,4.07,0.385,Narayanpet,TS
2017-06-21,0.6,30.5,23.3,5.25,0.36,Narayanpet,TS
2017-06-22,0.2,30.5,23.4,5.2,0.337,Narayanpet,TS
2017-06-23,5.6,30.1,23.8,4.53,0.339,Narayanpet,TS
2017-06-24,1.3,30.6,24.1,5.03,0.344,Narayanpet,TS
2017-06-25,2.7,30.5,24.1,4.68,0.327,Narayanpet,TS
2017-06-26,2.6,28.9,24.4,4.3,0.354,Narayanpet,TS
2017-06-27,1.6,30.7,23.9,4.83,0.362,Narayanpet,TS
2017-06-28,5.9,28.5,23.6,3.27,0.356,Narayanpet,TS
2017-06-29,4.2,30.3,23.5,4.63,0.342,Narayanpet,TS
2017-06-30,2.3,31.0,23.9,5.01,0.325,Narayanpet,TS
2017-07-01,0.8,30.3,23.9,4.45,0.314,Narayanpet,TS
2017-07-02,0.1,30.6,24.2,4.46,0.3,Narayanpet,TS
2017-07-03,0.2,31.0,24.1,5.28,0.283,Narayanpet,TS
2017-07-04,0.0,31.4,23.7,5.84,0.269,Narayanpet,TS
2017-07-05,0.8,31.7,23.6,5.71,0.257,Narayanpet,TS
2017-07-06,5.0,30.8,24.4,3.69,0.262,Narayanpet,TS
2017-07-07,1.4,31.5,24.1,4.69,0.259,Narayanpet,TS
2017-07-08,0.6,30.8,23.4,4.67,0.248,Narayanpet,TS
2017-07-09,2.9,29.8,24.6,3.44,0.243,Narayanpet,TS
2017-07-10,2.3,28.3,24.0,2.79,0.34,Narayanpet,TS
2017-07-11,5.7,29.0,23.2,3.04,0.367,Narayanpet,TS
2017-07-12,2.3,30.0,22.9,3.51,0.334,Narayanpet,TS
2017-07-13,1.4,29.1,23.2,3.52,0.304,Narayanpet,TS
2017-07-14,2.6,30.9,23.6,4.47,0.305,Narayanpet,TS
2017-07-15,0.6,30.7,23.5,4.9,0.306,Narayanpet,TS
2017-07-16,1.9,29.5,23.1,3.94,0.307,Narayanpet,TS
2017-07-17,9.6,28.3,23.2,3.5,0.315,Narayanpet,TS
2017-07-18,25.9,24.6,22.4,1.35,0.416,Narayanpet,TS
2017-07-19,7.0,28.9,22.5,3.44,0.414,Narayanpet,TS
2017-07-20,6.5,27.9,23.4,3.36,0.399,Narayanpet,TS
2017-07-21,1.0,30.7,23.8,5.15,0.375,Narayanpet,TS
2017-07-22,0.3,31.1,23.7,5.39,0.354,Narayanpet,TS
2017-07-23,0.1,31.5,23.1,5.35,0.333,Narayanpet,TS
2017-07-24,0.5,30.6,23.5,5.02,0.322,Narayanpet,TS
2017-07-25,0.2,31.2,23.6,5.56,0.307,Narayanpet,TS
2017-07-26,0.5,31.6,23.3,5.33,0.29,Narayanpet,TS
2017-07-27,1.1,31.0,23.6,5.32,0.273,Narayanpet,TS
2017-07-28,2.6,29.7,24.6,4.62,0.268,Narayanpet,TS
2017-07-29,0.8,30.2,23.9,4.79,0.256,Narayanpet,TS
2017-07-30,0.3,31.5,24.3,5.27,0.249,Narayanpet,TS
2017-07-31,0.0,31.9,24.3,5.36,0.237,Narayanpet,TS
2017-08-01,0.1,32.2,23.7,5.6,0.226,Narayanpet,TS
2017-08-02,0.5,32.4,24.6,6.01,0.216,Narayanpet,TS
2017-08-03,6.9,31.2,23.8,4.62,0.229,Narayanpet,TS
2017-08-04,3.4,30.0,24.0,3.34,0.303,Narayanpet,TS
2017-08-05,1.3,29.7,24.2,3.86,0.298,Narayanpet,TS
2017-08-06,1.1,30.2,23.7,4.6,0.287,Narayanpet,TS
2017-08-07,0.6,29.9,24.3,3.45,0.274,Narayanpet,TS
2017-08-08,5.9,29.5,23.8,3.01,0.307,Narayanpet,TS
2017-08-09,41.1,26.2,22.9,1.29,0.36,Narayanpet,TS
2017-08-10,8.6,28.9,22.6,3.02,0.378,Narayanpet,TS
2017-08-11,4.3,29.5,23.0,3.95,0.351,Narayanpet,TS
2017-08-12,2.0,28.4,23.3,3.01,0.344,Narayanpet,TS
2017-08-13,3.3,27.7,23.4,1.87,0.338,Narayanpet,TS
2017-08-14,0.4,28.9,22.7,3.76,0.335,Narayanpet,TS
2017-08-15,5.6,29.5,22.9,4.02,0.328,Narayanpet,TS
2017-08-16,0.5,30.0,23.2,4.39,0.305,Narayanpet,TS
2017-08-17,0.4,29.4,23.8,3.62,0.291,Narayanpet,TS
2017-08-18,3.3,28.2,24.2,3.53,0.288,Narayanpet,TS
2017-08-19,36.2,24.9,22.8,1.25,0.386,Narayanpet,TS
2017-08-20,11.7,25.3,22.1,2.11,0.411,Narayanpet,TS
2017-08-21,15.3,28.0,22.0,3.16,0.402,Narayanpet,TS
2017-08-22,3.0,29.6,22.5,4.01,0.394,Narayanpet,TS
2017-08-23,2.8,29.9,23.1,4.36,0.378,Narayanpet,TS
2017-08-24,9.2,28.8,23.4,3.86,0.389,Narayanpet,TS
2017-08-25,4.8,29.3,23.2,3.45,0.397,Narayanpet,TS
2017-08-26,10.9,27.2,22.9,2.69,0.403,Narayanpet,TS
2017-08-27,11.3,28.2,22.8,2.97,0.416,Narayanpet,TS
2017-08-28,17.8,24.6,22.7,1.21,0.424,Narayanpet,TS
2017-08-29,17.2,28.1,22.5,2.52,0.422,Narayanpet,TS
2017-08-30,0.9,29.5,22.4,4.07,0.398,Narayanpet,TS
2017-08-31,0.3,29.3,22.2,4.07,0.379,Narayanpet,TS
2017-09-01,0.0,30.3,23.0,4.47,0.361,Narayanpet,TS
2017-09-02,0.2,29.9,23.4,4.9,0.346,Narayanpet,TS
2017-09-03,0.3,30.4,23.9,4.72,0.334,Narayanpet,TS
2017-09-04,1.2,30.3,24.1,4.44,0.325,Narayanpet,TS
2017-09-05,15.4,29.2,24.0,3.23,0.374,Narayanpet,TS
2017-09-06,2.9,29.3,24.0,3.06,0.364,Narayanpet,TS
2017-09-07,18.2,30.4,22.8,3.9,0.397,Narayanpet,TS
2017-09-08,8.6,29.6,22.5,3.74,0.403,Narayanpet,TS
2017-09-09,3.0,30.0,23.3,4.09,0.392,Narayanpet,TS
2017-09-10,3.1,30.1,22.9,4.68,0.376,Narayanpet,TS
2017-09-11,0.6,30.5,23.9,4.52,0.359,Narayanpet,TS
2017-09-12,0.0,30.8,23.5,5.03,0.366,Narayanpet,TS
2017-09-13,9.3,30.7,23.7,4.26,0.358,Narayanpet,TS
2017-09-14,4.3,30.3,22.8,3.87,0.388,Narayanpet,TS
2017-09-15,5.6,26.9,22.3,1.58,0.402,Narayanpet,TS
2017-09-16,13.4,28.8,22.5,3.54,0.404,Narayanpet,TS
2017-09-17,10.1,27.9,22.4,2.73,0.409,Narayanpet,TS
2017-09-18,7.1,26.9,22.2,3.03,0.409,Narayanpet,TS
2017-09-19,1.1,29.1,22.4,3.9,0.395,Narayanpet,TS
2017-09-20,0.5,26.9,22.8,3.03,0.376,Narayanpet,TS
2017-09-21,1.1,27.5,23.2,3.67,0.365,Narayanpet,TS
2017-09-22,1.8,27.6,22.0,2.89,0.371,Narayanpet,TS
2017-09-23,3.2,29.7,22.5,3.93,0.367,Narayanpet,TS
2017-09-24,5.7,29.8,23.1,3.72,0.369,Narayanpet,TS
2017-09-25,2.1,30.5,23.6,4.13,0.356,Narayanpet,TS
2017-09-26,13.4,29.9,23.0,3.06,0.371,Narayanpet,TS
2017-09-27,1.6,30.5,23.2,3.62,0.366,Narayanpet,TS
2017-09-28,21.0,28.5,22.5,2.43,0.388,Narayanpet,TS
2017-09-29,20.9,28.0,22.4,2.18,0.418,Narayanpet,TS
2017-09-30,9.7,29.9,22.8,3.42,0.407,Narayanpet,TS
2017-10-01,7.5,30.2,22.8,3.64,0.399,Narayanpet,TS
2017-10-02,13.1,28.3,22.9,2.46,0.413,Narayanpet,TS
2017-10-03,9.5,28.2,21.8,2.92,0.41,Narayanpet,TS
2017-10-04,10.7,29.2,22.6,3.25,0.399,Narayanpet,TS
2017-10-05,13.6,29.0,22.6,3.09,0.401,Narayanpet,TS
2017-10-06,3.9,28.6,22.6,3.02,0.403,Narayanpet,TS
2017-10-07,3.3,29.4,22.6,3.61,0.403,Narayanpet,TS
2017-10-08,4.6,28.6,22.7,3.37,0.412,Narayanpet,TS
2017-10-09,13.9,29.1,22.5,2.86,0.416,Narayanpet,TS
2017-10-10,6.8,28.9,22.1,2.79,0.419,Narayanpet,TS
2017-10-11,3.5,28.3,22.0,2.98,0.412,Narayanpet,TS
2017-10-12,3.8,29.7,22.6,3.6,0.41,Narayanpet,TS
2017-10-13,2.3,28.3,22.4,3.15,0.415,Narayanpet,TS
2017-10-14,3.3,29.0,22.7,3.63,0.409,Narayanpet,TS
2017-10-15,25.3,29.4,22.6,3.1,0.416,Narayanpet,TS
2017-10-16,8.1,29.7,22.1,3.48,0.415,Narayanpet,TS
2017-10-17,0.0,30.0,21.4,3.92,0.395,Narayanpet,TS
2017-10-18,0.0,31.4,21.9,5.09,0.379,Narayanpet,TS
2017-10-19,0.0,30.0,21.3,5.34,0.363,Narayanpet,TS
2017-10-20,0.0,29.7,20.8,4.95,0.349,Narayanpet,TS
2017-10-21,0.3,28.6,20.8,3.45,0.338,Narayanpet,TS
2017-10-22,0.9,28.7,22.4,3.72,0.333,Narayanpet,TS
2017-10-23,0.8,29.7,22.0,3.44,0.334,Narayanpet,TS
2017-10-24,0.3,30.1,22.8,4.01,0.326,Narayanpet,TS
2017-10-25,0.3,29.2,22.5,3.98,0.313,Narayanpet,TS
2017-10-26,0.0,29.5,21.8,4.31,0.301,Narayanpet,TS
2017-10-27,0.0,29.8,20.4,4.75,0.287,Narayanpet,TS
2017-10-28,0.1,28.7,20.5,3.89,0.277,Narayanpet,TS
2017-10-29,0.0,29.5,19.9,4.94,0.269,Narayanpet,TS
2017-10-30,0.0,29.1,20.0,4.94,0.258,Narayanpet,TS
2017-10-31,0.0,29.2,20.0,5.08,0.246,Narayanpet,TS
2017-11-01,0.0,29.4,20.0,5.18,0.235,Narayanpet,TS
2017-11-02,0.0,28.7,19.2,5.24,0.225,Narayanpet,TS
2017-11-03,0.0,28.2,18.6,5.27,0.217,Narayanpet,TS
2017-11-04,0.0,29.1,19.0,5.12,0.21,Narayanpet,TS
2017-11-05,0.1,29.0,21.7,4.23,0.204,Narayanpet,TS
2017-11-06,0.0,30.1,20.6,4.55,0.199,Narayanpet,TS
2017-11-07,0.0,29.5,19.2,4.74,0.192,Narayanpet,TS
2017-11-08,0.0,29.3,20.3,4.68,0.185,Narayanpet,TS
2017-11-09,0.0,29.2,18.7,4.81,0.18,Narayanpet,TS
2017-11-10,0.0,29.0,18.9,5.06,0.173,Narayanpet,TS
2017-11-11,0.0,28.6,18.4,5.24,0.169,Narayanpet,TS
2017-11-12,0.0,28.7,17.9,4.73,0.167,Narayanpet,TS
2017-11-13,0.0,29.3,19.4,4.92,0.167,Narayanpet,TS
2017-11-14,0.0,29.8,20.1,4.24,0.163,Narayanpet,TS
2017-11-15,0.1,30.0,23.7,4.74,0.161,Narayanpet,TS
2017-11-16,0.0,30.7,21.8,5.13,0.16,Narayanpet,TS
2017-11-17,0.0,30.5,20.7,4.54,0.16,Narayanpet,TS
2017-11-18,0.0,29.4,21.2,3.83,0.159,Narayanpet,TS
2017-11-19,2.3,29.8,22.8,3.36,0.166,Narayanpet,TS
2017-11-20,0.1,30.0,22.1,3.86,0.166,Narayanpet,TS
2017-11-21,3.3,29.8,22.2,3.72,0.168,Narayanpet,TS
2017-11-22,0.0,30.6,21.7,4.23,0.163,Narayanpet,TS
2017-11-23,0.0,30.4,20.6,4.27,0.156,Narayanpet,TS
2017-11-24,0.2,30.2,22.3,3.74,0.153,Narayanpet,TS
2017-11-25,0.0,30.3,20.9,4.86,0.151,Narayanpet,TS
2017-11-26,0.0,29.3,18.2,4.27,0.151,Narayanpet,TS
2017-11-27,0.0,29.3,17.9,4.5,0.151,Narayanpet,TS
2017-11-28,0.0,29.0,17.9,4.69,0.149,Narayanpet,TS
2017-11-29,0.0,28.6,17.3,4.59,0.147,Narayanpet,TS
2017-11-30,0.0,29.3,18.0,4.75,0.148,Narayanpet,TS
2017-12-01,0.0,28.9,19.4,4.26,0.148,Narayanpet,TS
2017-12-02,0.0,27.6,18.4,4.34,0.15,Narayanpet,TS
2017-12-03,0.0,28.0,17.1,4.42,0.152,Narayanpet,TS
2017-12-04,0.0,28.1,17.7,4.29,0.152,Narayanpet,TS
2017-12-05,0.0,28.7,18.4,4.17,0.152,Narayanpet,TS
2017-12-06,0.0,26.8,19.2,2.66,0.153,Narayanpet,TS
2017-12-07,0.0,29.3,20.0,3.64,0.153,Narayanpet,TS
2017-12-08,0.0,30.6,18.8,4.88,0.152,Narayanpet,TS
2017-12-09,0.0,29.9,20.1,4.95,0.149,Narayanpet,TS
2017-12-10,0.0,29.5,19.4,4.99,0.147,Narayanpet,TS
2017-12-11,0.0,29.0,17.8,4.43,0.145,Narayanpet,TS
2017-12-12,0.0,29.3,17.7,4.24,0.145,Narayanpet,TS
2017-12-13,0.0,29.4,18.7,4.16,0.145,Narayanpet,TS
2017-12-14,0.0,29.8,18.9,4.18,0.146,Narayanpet,TS
2017-12-15,0.0,29.4,18.6,4.31,0.149,Narayanpet,TS
2017-12-16,0.0,28.8,18.0,4.62,0.151,Narayanpet,TS
2017-12-17,0.0,28.4,18.5,4.71,0.152,Narayanpet,TS
2017-12-18,0.0,28.1,18.0,4.76,0.152,Narayanpet,TS
2017-12-19,0.0,28.1,17.3,4.82,0.151,Narayanpet,TS
2017-12-20,0.0,27.9,15.7,4.47,0.151,Narayanpet,TS
2017-12-21,0.0,27.7,15.5,4.39,0.151,Narayanpet,TS
2017-12-22,0.0,28.4,15.0,4.43,0.151,Narayanpet,TS
2017-12-23,0.0,28.2,15.7,4.29,0.15,Narayanpet,TS
2017-12-24,0.0,27.7,16.0,3.85,0.149,Narayanpet,TS
2017-12-25,0.0,29.0,16.3,4.07,0.148,Narayanpet,TS
2017-12-26,0.0,28.6,16.7,4.67,0.148,Narayanpet,TS
2017-12-27,0.0,27.7,16.8,4.66,0.148,Narayanpet,TS
2017-12-28,0.0,27.6,15.0,4.58,0.149,Narayanpet,TS
2017-12-29,0.0,26.7,14.1,4.17,0.149,Narayanpet,TS
2017-12-30,0.0,27.2,15.7,4.26,0.148,Narayanpet,TS
2017-12-31,0.0,27.0,15.2,3.96,0.146,Narayanpet,TS
2018-01-01,0.0,27.7,18.5,4.26,0.145,Narayanpet,TS
2018-01-02,0.0,28.0,17.7,4.11,0.145,Narayanpet,TS
2018-01-03,0.0,27.6,19.0,3.75,0.146,Narayanpet,TS
2018-01-04,0.0,28.1,18.4,4.23,0.148,Narayanpet,TS
2018-01-05,0.0,27.2,16.5,4.28,0.152,Narayanpet,TS
2018-01-06,0.0,26.5,15.5,4.03,0.152,Narayanpet,TS
2018-01-07,0.0,26.8,16.2,4.06,0.151,Narayanpet,TS
2018-01-08,0.0,27.1,16.0,4.37,0.15,Narayanpet,TS
2018-01-09,0.0,27.6,16.1,4.08,0.149,Narayanpet,TS
2018-01-10,0.0,28.9,18.3,4.4,0.15,Narayanpet,TS
2018-01-11,0.0,30.1,18.9,3.99,0.146,Narayanpet,TS
2018-01-12,0.0,30.8,20.1,4.35,0.146,Narayanpet,TS
2018-01-13,0.0,30.8,19.1,4.88,0.15,Narayanpet,TS
2018-01-14,0.0,30.7,18.3,4.71,0.148,Narayanpet,TS
2018-01-15,0.0,30.1,19.2,3.83,0.147,Narayanpet,TS
2018-01-16,0.0,30.2,20.0,4.37,0.145,Narayanpet,TS
2018-01-17,0.0,29.7,18.6,4.56,0.147,Narayanpet,TS
2018-01-18,0.0,29.6,17.0,4.78,0.15,Narayanpet,TS
2018-01-19,0.0,29.0,16.2,4.69,0.15,Narayanpet,TS
2018-01-20,0.0,27.9,15.1,4.54,0.15,Narayanpet,TS
2018-01-21,0.0,28.1,16.2,4.59,0.149,Narayanpet,TS
2018-01-22,0.0,27.2,15.5,4.29,0.148,Narayanpet,TS
2018-01-23,0.0,27.9,15.8,4.33,0.146,Narayanpet,TS
2018-01-24,0.0,28.7,18.2,4.13,0.146,Narayanpet,TS
2018-01-25,0.0,28.8,18.2,5.0,0.147,Narayanpet,TS
2018-01-26,0.0,28.4,17.7,4.77,0.145,Narayanpet,TS
2018-01-27,0.0,27.9,15.9,4.33,0.144,Narayanpet,TS
2018-01-28,0.0,28.9,17.0,4.7,0.144,Narayanpet,TS
2018-01-29,0.0,29.3,16.7,4.78,0.146,Narayanpet,TS
2018-01-30,0.0,29.5,15.8,5.36,0.145,Narayanpet,TS
2018-01-31,0.0,29.9,16.0,5.28,0.145,Narayanpet,TS
2018-02-01,0.0,30.6,15.6,5.39,0.143,Narayanpet,TS
2018-02-02,0.0,30.1,15.1,5.19,0.141,Narayanpet,TS
2018-02-03,0.0,29.3,15.7,5.22,0.141,Narayanpet,TS
2018-02-04,0.0,29.0,15.2,5.09,0.14,Narayanpet,TS
2018-02-05,0.0,29.5,15.2,5.26,0.14,Narayanpet,TS
2018-02-06,0.0,29.8,15.7,4.88,0.139,Narayanpet,TS
2018-02-07,0.9,27.4,18.4,3.05,0.143,Narayanpet,TS
2018-02-08,0.0,30.0,19.4,4.72,0.151,Narayanpet,TS
2018-02-09,0.0,30.8,19.8,4.52,0.145,Narayanpet,TS
2018-02-10,0.3,30.1,20.2,3.92,0.144,Narayanpet,TS
2018-02-11,0.1,30.3,20.9,5.09,0.143,Narayanpet,TS
2018-02-12,0.0,29.6,19.3,4.61,0.14,Narayanpet,TS
2018-02-13,0.0,29.6,19.0,4.65,0.136,Narayanpet,TS
2018-02-14,0.0,31.2,20.1,5.82,0.135,Narayanpet,TS
2018-02-15,0.0,30.6,18.5,5.36,0.135,Narayanpet,TS
2018-02-16,0.0,31.0,19.3,5.69,0.135,Narayanpet,TS
2018-02-17,0.0,31.8,18.9,5.72,0.134,Narayanpet,TS
2018-02-18,0.0,31.3,17.7,5.47,0.134,Narayanpet,TS
2018-02-19,0.0,31.6,18.5,5.14,0.137,Narayanpet,TS
2018-02-20,0.0,31.3,19.9,4.81,0.137,Narayanpet,TS
2018-02-21,0.0,31.7,19.1,5.53,0.138,Narayanpet,TS
2018-02-22,0.0,31.6,19.8,5.1,0.139,Narayanpet,TS
2018-02-23,0.0,32.0,20.3,5.83,0.139,Narayanpet,TS
2018-02-24,0.0,31.9,18.8,6.19,0.142,Narayanpet,TS
2018-02-25,0.0,32.7,19.4,6.76,0.14,Narayanpet,TS
2018-02-26,0.0,33.2,17.9,6.22,0.139,Narayanpet,TS
2018-02-27,0.0,33.9,19.1,6.59,0.138,Narayanpet,TS
2018-02-28,0.0,33.4,19.5,5.69,0.138,Narayanpet,TS
2018-03-01,0.0,33.0,20.3,5.82,0.136,Narayanpet,TS
2018-03-02,0.0,33.4,19.9,5.8,0.135,Narayanpet,TS
2018-03-03,0.0,33.3,20.5,6.12,0.136,Narayanpet,TS
2018-03-04,0.0,33.7,19.9,5.95,0.134,Narayanpet,TS
2018-03-05,0.0,33.6,19.2,6.06,0.134,Narayanpet,TS
2018-03-06,0.0,33.6,20.1,5.97,0.136,Narayanpet,TS
2018-03-07,0.0,34.4,19.2,6.64,0.136,Narayanpet,TS
2018-03-08,0.0,33.2,19.0,6.39,0.139,Narayanpet,TS
2018-03-09,0.0,33.5,19.4,6.09,0.137,Narayanpet,TS
2018-03-10,0.0,33.6,19.9,5.96,0.135,Narayanpet,TS
2018-03-11,0.0,33.5,21.3,6.11,0.134,Narayanpet,TS
2018-03-12,0.0,34.0,21.4,6.11,0.135,Narayanpet,TS
2018-03-13,0.0,34.3,20.6,5.89,0.136,Narayanpet,TS
2018-03-14,0.0,33.9,20.9,5.67,0.136,Narayanpet,TS
2018-03-15,0.0,31.0,24.5,3.19,0.131,Narayanpet,TS
2018-03-16,1.9,30.8,21.3,4.66,0.161,Narayanpet,TS
2018-03-17,1.6,29.6,20.1,4.01,0.259,Narayanpet,TS
2018-03-18,0.0,32.0,21.4,5.37,0.242,Narayanpet,TS
2018-03-19,0.0,33.1,21.5,5.44,0.217,Narayanpet,TS
2018-03-20,0.0,34.0,21.8,5.47,0.197,Narayanpet,TS
2018-03-21,0.0,35.3,23.7,6.06,0.183,Narayanpet,TS
2018-03-22,0.0,35.7,25.8,7.56,0.17,Narayanpet,TS
2018-03-23,0.0,35.6,21.3,6.74,0.16,Narayanpet,TS
2018-03-24,0.0,35.4,22.2,6.41,0.151,Narayanpet,TS
2018-03-25,0.0,35.4,23.0,5.96,0.145,Narayanpet,TS
2018-03-26,0.0,35.8,22.6,6.23,0.144,Narayanpet,TS
2018-03-27,0.0,35.9,23.1,6.13,0.142,Narayanpet,TS
2018-03-28,0.1,36.4,23.8,5.9,0.14,Narayanpet,TS
2018-03-29,0.0,37.7,23.8,6.13,0.139,Narayanpet,TS
2018-03-30,0.0,37.2,23.6,6.36,0.14,Narayanpet,TS
2018-03-31,0.0,37.2,24.0,6.52,0.141,Narayanpet,TS
2018-04-01,0.0,36.5,24.8,6.66,0.145,Narayanpet,TS
2018-04-02,1.8,34.7,23.4,5.85,0.156,Narayanpet,TS
2018-04-03,0.3,34.7,23.3,5.46,0.157,Narayanpet,TS
2018-04-04,0.4,34.9,22.5,5.84,0.154,Narayanpet,TS
2018-04-05,1.3,35.1,23.2,5.91,0.151,Narayanpet,TS
2018-04-06,6.5,34.8,24.7,5.03,0.159,Narayanpet,TS
2018-04-07,3.8,32.6,22.6,4.98,0.164,Narayanpet,TS
2018-04-08,1.4,32.6,22.8,5.63,0.181,Narayanpet,TS
2018-04-09,0.8,33.3,22.2,5.8,0.186,Narayanpet,TS
2018-04-10,0.0,33.3,23.6,5.7,0.178,Narayanpet,TS
2018-04-11,0.3,33.6,23.0,5.83,0.171,Narayanpet,TS
2018-04-12,0.0,34.3,23.7,5.89,0.166,Narayanpet,TS
2018-04-13,1.0,34.8,24.4,5.71,0.16,Narayanpet,TS
2018-04-14,0.1,34.5,25.2,5.74,0.151,Narayanpet,TS
2018-04-15,1.5,33.8,25.7,5.39,0.146,Narayanpet,TS
2018-04-16,0.6,35.3,24.7,5.92,0.146,Narayanpet,TS
2018-04-17,0.1,36.4,25.5,6.16,0.145,Narayanpet,TS
2018-04-18,0.0,36.5,24.6,5.37,0.142,Narayanpet,TS
2018-04-19,0.5,38.3,26.0,6.25,0.138,Narayanpet,TS
2018-04-20,0.2,38.2,27.1,7.13,0.136,Narayanpet,TS
2018-04-21,0.0,38.5,26.3,8.1,0.14,Narayanpet,TS
2018-04-22,0.0,37.7,25.6,6.12,0.136,Narayanpet,TS
2018-04-23,0.0,36.7,26.8,5.91,0.137,Narayanpet,TS
2018-04-24,0.0,38.6,26.6,6.38,0.135,Narayanpet,TS
2018-04-25,0.0,37.6,25.1,6.89,0.13,Narayanpet,TS
2018-04-26,0.0,36.7,25.5,6.75,0.129,Narayanpet,TS
2018-04-27,0.9,37.2,25.4,6.43,0.126,Narayanpet,TS
2018-04-28,0.0,36.5,25.3,6.32,0.121,Narayanpet,TS
2018-04-29,0.1,38.7,25.5,6.51,0.125,Narayanpet,TS
2018-04-30,0.0,39.2,27.3,7.64,0.134,Narayanpet,TS
2018-05-01,0.0,39.5,27.3,7.68,0.123,Narayanpet,TS
2018-05-02,0.3,38.5,26.0,6.51,0.119,Narayanpet,TS
2018-05-03,1.8,36.3,26.9,5.7,0.122,Narayanpet,TS
2018-05-04,0.0,35.6,24.5,5.74,0.12,Narayanpet,TS
2018-05-05,0.0,36.4,26.0,6.06,0.119,Narayanpet,TS
2018-05-06,0.0,37.3,27.2,6.46,0.113,Narayanpet,TS
2018-05-07,0.6,37.3,26.6,5.84,0.113,Narayanpet,TS
2018-05-08,1.7,38.5,27.5,6.18,0.116,Narayanpet,TS
2018-05-09,1.5,38.2,26.9,6.81,0.118,Narayanpet,TS
2018-05-10,1.8,36.2,27.6,6.37,0.125,Narayanpet,TS
2018-05-11,0.0,37.6,26.7,6.1,0.132,Narayanpet,TS
2018-05-12,1.9,36.1,26.4,6.09,0.152,Narayanpet,TS
2018-05-13,1.4,36.9,25.6,6.27,0.156,Narayanpet,TS
2018-05-14,4.4,36.3,26.2,5.98,0.184,Narayanpet,TS
2018-05-15,0.0,35.6,24.3,5.98,0.215,Narayanpet,TS
2018-05-16,0.0,36.3,25.2,5.95,0.2,Narayanpet,TS
2018-05-17,1.5,36.7,26.1,6.24,0.188,Narayanpet,TS
2018-05-18,1.5,35.0,26.5,5.76,0.18,Narayanpet,TS
2018-05-19,0.1,38.2,26.2,6.86,0.163,Narayanpet,TS
2018-05-20,0.1,38.1,26.4,6.97,0.148,Narayanpet,TS
2018-05-21,4.1,37.7,27.3,6.76,0.141,Narayanpet,TS
2018-05-22,2.4,36.4,26.8,5.69,0.133,Narayanpet,TS
2018-05-23,2.4,36.8,26.7,6.03,0.132,Narayanpet,TS
2018-05-24,3.5,34.0,26.7,4.93,0.147,Narayanpet,TS
2018-05-25,0.0,38.6,26.8,6.3,0.142,Narayanpet,TS
2018-05-26,0.3,38.0,27.1,6.8,0.14,Narayanpet,TS
2018-05-27,0.2,37.2,25.8,6.24,0.14,Narayanpet,TS
2018-05-28,0.9,37.4,27.2,6.37,0.14,Narayanpet,TS
2018-05-29,0.8,39.0,27.7,6.63,0.148,Narayanpet,TS
2018-05-30,0.3,37.7,27.9,6.75,0.141,Narayanpet,TS
2018-05-31,0.0,37.7,28.3,6.36,0.134,Narayanpet,TS
2018-06-01,1.6,33.1,25.7,4.02,0.138,Narayanpet,TS
2018-06-02,6.5,34.8,25.1,5.22,0.316,Narayanpet,TS
2018-06-03,5.5,35.1,25.3,5.66,0.32,Narayanpet,TS
2018-06-04,0.0,34.7,24.6,5.53,0.303,Narayanpet,TS
2018-06-05,3.9,34.4,24.8,5.75,0.276,Narayanpet,TS
2018-06-06,10.5,32.0,24.8,4.18,0.32,Narayanpet,TS
2018-06-07,13.2,29.8,23.2,2.81,0.378,Narayanpet,TS
2018-06-08,5.2,28.2,23.3,2.66,0.393,Narayanpet,TS
2018-06-09,20.9,28.6,23.3,2.49,0.403,Narayanpet,TS
2018-06-10,2.9,28.3,23.2,2.91,0.391,Narayanpet,TS
2018-06-11,1.5,30.0,23.8,4.35,0.368,Narayanpet,TS
2018-06-12,3.6,30.4,24.4,4.81,0.352,Narayanpet,TS
2018-06-13,0.2,31.9,24.6,5.46,0.347,Narayanpet,TS
2018-06-14,0.2,32.3,23.9,5.38,0.323,Narayanpet,TS
2018-06-15,0.6,31.7,23.9,5.21,0.301,Narayanpet,TS
2018-06-16,0.0,30.9,24.2,5.73,0.28,Narayanpet,TS
2018-06-17,1.7,30.9,24.1,5.79,0.264,Narayanpet,TS
2018-06-18,7.5,30.6,23.7,5.0,0.268,Narayanpet,TS
2018-06-19,0.4,31.0,23.6,4.96,0.321,Narayanpet,TS
2018-06-20,0.0,32.4,23.6,4.85,0.299,Narayanpet,TS
2018-06-21,2.1,32.4,23.5,5.23,0.294,Narayanpet,TS
2018-06-22,7.5,29.0,23.8,3.07,0.292,Narayanpet,TS
2018-06-23,4.9,28.9,22.7,3.38,0.335,Narayanpet,TS
2018-06-24,3.1,30.5,22.8,4.48,0.317,Narayanpet,TS
2018-06-25,1.6,30.8,23.1,5.33,0.307,Narayanpet,TS
2018-06-26,0.8,29.9,23.7,4.61,0.294,Narayanpet,TS
2018-06-27,3.5,28.4,23.7,3.0,0.303,Narayanpet,TS
2018-06-28,14.2,28.4,23.0,2.59,0.327,Narayanpet,TS
2018-06-29,0.2,29.6,23.8,3.83,0.305,Narayanpet,TS
2018-06-30,0.7,31.0,23.1,4.53,0.292,Narayanpet,TS
2018-07-01,0.0,30.9,23.4,5.15,0.274,Narayanpet,TS
2018-07-02,1.1,31.6,23.9,5.55,0.266,Narayanpet,TS
2018-07-03,2.3,29.7,23.5,4.71,0.261,Narayanpet,TS
2018-07-04,0.5,31.7,23.7,5.76,0.257,Narayanpet,TS
2018-07-05,4.1,30.9,23.5,4.21,0.248,Narayanpet,TS
2018-07-06,5.0,29.2,22.6,3.43,0.29,Narayanpet,TS
2018-07-07,1.2,29.2,23.0,3.07,0.3,Narayanpet,TS
2018-07-08,5.5,29.1,22.6,2.98,0.311,Narayanpet,TS
2018-07-09,4.2,28.2,22.2,2.85,0.325,Narayanpet,TS
2018-07-10,4.9,28.4,22.5,2.46,0.333,Narayanpet,TS
2018-07-11,4.3,27.7,22.6,2.66,0.326,Narayanpet,TS
2018-07-12,25.5,24.0,22.3,1.32,0.385,Narayanpet,TS
2018-07-13,12.6,26.9,22.4,2.44,0.394,Narayanpet,TS
2018-07-14,8.3,28.4,22.4,2.87,0.396,Narayanpet,TS
2018-07-15,26.5,25.6,22.3,1.67,0.42,Narayanpet,TS
2018-07-16,17.1,25.1,22.7,1.74,0.418,Narayanpet,TS
2018-07-17,2.9,29.5,23.0,4.46,0.399,Narayanpet,TS
2018-07-18,1.4,30.1,23.1,5.08,0.373,Narayanpet,TS
2018-07-19,3.2,30.6,22.9,5.1,0.358,Narayanpet,TS
2018-07-20,2.5,27.8,23.2,3.25,0.354,Narayanpet,TS
2018-07-21,0.7,28.5,22.8,3.58,0.357,Narayanpet,TS
2018-07-22,0.8,29.0,22.8,4.02,0.351,Narayanpet,TS
2018-07-23,1.7,29.2,23.1,3.81,0.336,Narayanpet,TS
2018-07-24,2.3,30.3,23.0,4.95,0.334,Narayanpet,TS
2018-07-25,0.9,30.8,23.0,5.46,0.318,Narayanpet,TS
2018-07-26,0.0,30.3,23.1,5.19,0.302,Narayanpet,TS
2018-07-27,1.1,28.4,23.0,3.65,0.295,Narayanpet,TS
2018-07-28,0.7,30.6,22.9,4.49,0.29,Narayanpet,TS
2018-07-29,0.8,31.2,23.0,4.95,0.279,Narayanpet,TS
2018-07-30,0.4,30.9,22.7,5.05,0.265,Narayanpet,TS
2018-07-31,0.9,31.0,22.8,5.23,0.252,Narayanpet,TS
2018-08-01,0.9,30.6,23.0,5.11,0.246,Narayanpet,TS
2018-08-02,0.9,31.6,23.3,5.3,0.241,Narayanpet,TS
2018-08-03,0.9,30.9,23.1,5.26,0.234,Narayanpet,TS
2018-08-04,3.6,30.4,22.9,4.83,0.232,Narayanpet,TS
2018-08-05,0.8,30.4,22.9,5.6,0.237,Narayanpet,TS
2018-08-06,2.0,29.8,22.9,4.56,0.233,Narayanpet,TS
2018-08-07,0.9,30.0,23.2,5.54,0.226,Narayanpet,TS
2018-08-08,4.3,27.3,23.1,2.63,0.223,Narayanpet,TS
2018-08-09,1.3,30.9,23.3,5.07,0.25,Narayanpet,TS
2018-08-10,2.3,30.3,23.2,4.96,0.246,Narayanpet,TS
2018-08-11,45.5,24.6,22.6,1.6,0.35,Narayanpet,TS
2018-08-12,17.6,24.9,22.1,1.98,0.405,Narayanpet,TS
2018-08-13,4.4,26.8,22.0,2.35,0.386,Narayanpet,TS
2018-08-14,7.0,28.9,22.4,3.61,0.383,Narayanpet,TS
2018-08-15,8.9,25.5,22.8,1.92,0.396,Narayanpet,TS
2018-08-16,20.0,24.2,22.2,1.43,0.422,Narayanpet,TS
2018-08-17,2.4,28.3,22.3,4.13,0.399,Narayanpet,TS
2018-08-18,1.9,29.5,22.4,4.82,0.377,Narayanpet,TS
2018-08-19,4.5,28.8,23.4,3.21,0.371,Narayanpet,TS
2018-08-20,19.5,25.1,22.5,1.81,0.396,Narayanpet,TS
2018-08-21,7.1,27.5,21.7,3.43,0.405,Narayanpet,TS
2018-08-22,1.8,29.9,22.0,4.78,0.379,Narayanpet,TS
2018-08-23,0.2,28.5,22.4,3.79,0.365,Narayanpet,TS
2018-08-24,0.9,29.1,22.4,4.35,0.35,Narayanpet,TS
2018-08-25,0.5,28.7,22.1,4.07,0.337,Narayanpet,TS
2018-08-26,3.9,28.9,22.2,3.99,0.333,Narayanpet,TS
2018-08-27,7.8,26.0,21.6,2.3,0.364,Narayanpet,TS
2018-08-28,2.3,29.4,21.6,3.84,0.377,Narayanpet,TS
2018-08-29,0.9,29.1,21.9,4.45,0.364,Narayanpet,TS
2018-08-30,0.9,29.0,21.9,4.25,0.347,Narayanpet,TS
2018-08-31,0.1,29.2,22.6,4.64,0.33,Narayanpet,TS
2018-09-01,0.7,29.2,22.4,4.55,0.316,Narayanpet,TS
2018-09-02,0.6,28.8,22.4,4.15,0.307,Narayanpet,TS
2018-09-03,0.2,29.4,21.7,4.71,0.294,Narayanpet,TS
2018-09-04,1.1,29.2,22.0,4.81,0.285,Narayanpet,TS
2018-09-05,0.1,28.9,22.3,4.76,0.275,Narayanpet,TS
2018-09-06,0.3,29.1,22.1,4.49,0.265,Narayanpet,TS
2018-09-07,0.0,28.8,22.0,4.59,0.253,Narayanpet,TS
2018-09-08,0.0,29.6,21.6,4.89,0.241,Narayanpet,TS
2018-09-09,0.3,30.3,21.2,5.2,0.227,Narayanpet,TS
2018-09-10,0.1,30.4,21.6,4.82,0.213,Narayanpet,TS
2018-09-11,0.3,31.9,22.8,5.16,0.201,Narayanpet,TS
2018-09-12,4.5,30.4,22.3,4.16,0.231,Narayanpet,TS
2018-09-13,0.0,31.9,22.7,5.35,0.209,Narayanpet,TS
2018-09-14,0.0,32.1,23.0,5.42,0.196,Narayanpet,TS
2018-09-15,0.5,31.7,23.3,5.07,0.183,Narayanpet,TS
2018-09-16,1.9,31.6,23.8,4.64,0.176,Narayanpet,TS
2018-09-17,6.4,30.0,22.4,3.54,0.216,Narayanpet,TS
2018-09-18,1.8,31.4,22.6,4.64,0.28,Narayanpet,TS
2018-09-19,1.2,29.2,22.3,3.08,0.268,Narayanpet,TS
2018-09-20,0.9,29.8,22.4,2.66,0.272,Narayanpet,TS
2018-09-21,3.1,28.6,21.6,2.95,0.288,Narayanpet,TS
2018-09-22,0.6,30.4,21.6,4.71,0.289,Narayanpet,TS
2018-09-23,0.4,31.6,22.3,4.55,0.262,Narayanpet,TS
2018-09-24,9.3,31.9,22.5,4.5,0.244,Narayanpet,TS
2018-09-25,13.2,31.4,22.6,4.59,0.234,Narayanpet,TS
2018-09-26,7.3,29.5,21.8,3.49,0.334,Narayanpet,TS
2018-09-27,2.7,30.7,22.3,4.3,0.309,Narayanpet,TS
2018-09-28,1.0,30.2,22.4,4.47,0.295,Narayanpet,TS
2018-09-29,1.1,31.1,23.2,4.53,0.276,Narayanpet,TS
2018-09-30,0.5,31.6,23.4,4.85,0.256,Narayanpet,TS
2018-10-01,3.7,31.2,23.1,4.41,0.282,Narayanpet,TS
2018-10-02,0.1,31.6,23.3,5.01,0.269,Narayanpet,TS
2018-10-03,0.0,31.8,23.2,5.24,0.24,Narayanpet,TS
2018-10-04,0.0,32.3,23.1,5.42,0.218,Narayanpet,TS
2018-10-05,0.0,31.9,22.7,5.73,0.199,Narayanpet,TS
2018-10-06,0.0,32.5,22.0,6.05,0.18,Narayanpet,TS
2018-10-07,0.1,31.3,22.0,5.49,0.168,Narayanpet,TS
2018-10-08,0.1,31.8,23.0,5.36,0.16,Narayanpet,TS
2018-10-09,0.0,33.4,21.7,5.96,0.154,Narayanpet,TS
2018-10-10,0.0,33.5,23.0,6.52,0.148,Narayanpet,TS
2018-10-11,0.0,34.4,23.2,7.27,0.148,Narayanpet,TS
2018-10-12,0.0,33.8,21.6,6.34,0.148,Narayanpet,TS
2018-10-13,0.0,32.8,21.7,5.2,0.144,Narayanpet,TS
2018-10-14,0.0,32.9,22.6,5.78,0.138,Narayanpet,TS
2018-10-15,2.2,31.6,23.5,4.67,0.136,Narayanpet,TS
2018-10-16,12.2,30.9,23.2,3.96,0.155,Narayanpet,TS
2018-10-17,9.3,29.6,21.8,3.01,0.267,Narayanpet,TS
2018-10-18,11.9,26.4,21.5,2.06,0.346,Narayanpet,TS
2018-10-19,0.0,30.8,21.3,4.61,0.287,Narayanpet,TS
2018-10-20,0.0,31.4,20.6,5.26,0.253,Narayanpet,TS
2018-10-21,0.0,31.0,21.2,4.69,0.231,Narayanpet,TS
2018-10-22,0.0,32.0,21.5,4.9,0.212,Narayanpet,TS
2018-10-23,0.0,32.5,21.9,4.98,0.197,Narayanpet,TS
2018-10-24,1.9,31.2,22.5,4.42,0.189,Narayanpet,TS
2018-10-25,0.0,30.9,22.7,4.52,0.178,Narayanpet,TS
2018-10-26,0.0,31.8,21.5,5.92,0.169,Narayanpet,TS
2018-10-27,0.0,31.8,18.5,5.9,0.164,Narayanpet,TS
2018-10-28,0.0,31.5,20.0,6.6,0.159,Narayanpet,TS
2018-10-29,0.0,30.4,19.4,6.37,0.156,Narayanpet,TS
2018-10-30,0.0,30.4,18.5,5.85,0.152,Narayanpet,TS
2018-10-31,0.0,30.8,20.5,6.03,0.148,Narayanpet,TS
2018-11-01,0.0,30.4,19.5,4.56,0.146,Narayanpet,TS
2018-11-02,0.0,30.1,22.5,4.42,0.144,Narayanpet,TS
2018-11-03,0.0,31.7,22.2,4.78,0.143,Narayanpet,TS
2018-11-04,0.2,31.4,21.9,4.72,0.139,Narayanpet,TS
2018-11-05,0.2,32.0,21.4,4.61,0.136,Narayanpet,TS
2018-11-06,0.0,31.7,22.0,4.74,0.131,Narayanpet,TS
2018-11-07,0.0,31.7,22.0,4.88,0.127,Narayanpet,TS
2018-11-08,0.0,32.3,21.8,5.11,0.126,Narayanpet,TS
2018-11-09,0.0,32.1,20.9,5.0,0.128,Narayanpet,TS
2018-11-10,0.0,31.6,20.5,5.2,0.13,Narayanpet,TS
2018-11-11,0.0,32.1,19.9,6.05,0.132,Narayanpet,TS
2018-11-12,0.0,31.2,19.5,6.35,0.135,Narayanpet,TS
2018-11-13,0.0,30.6,17.7,5.7,0.137,Narayanpet,TS
2018-11-14,0.0,31.0,18.4,5.52,0.137,Narayanpet,TS
2018-11-15,0.0,32.0,18.4,5.75,0.137,Narayanpet,TS
2018-11-16,0.0,32.0,21.9,4.93,0.134,Narayanpet,TS
2018-11-17,1.2,31.1,21.8,3.94,0.136,Narayanpet,TS
2018-11-18,0.2,32.2,22.0,4.38,0.14,Narayanpet,TS
2018-11-19,0.7,31.0,22.1,4.08,0.18,Narayanpet,TS
2018-11-20,0.2,31.4,21.9,4.48,0.181,Narayanpet,TS
2018-11-21,0.0,31.9,21.6,5.25,0.171,Narayanpet,TS
2018-11-22,0.0,29.9,20.4,5.05,0.161,Narayanpet,TS
2018-11-23,0.0,29.8,20.5,4.41,0.152,Narayanpet,TS
2018-11-24,0.0,30.9,20.6,4.91,0.145,Narayanpet,TS
2018-11-25,0.0,30.8,19.5,5.14,0.141,Narayanpet,TS
2018-11-26,0.0,30.5,17.3,5.33,0.136,Narayanpet,TS
2018-11-27,0.0,29.9,17.4,5.09,0.133,Narayanpet,TS
2018-11-28,0.0,29.6,17.2,4.99,0.13,Narayanpet,TS
2018-11-29,0.0,29.8,17.7,4.67,0.129,Narayanpet,TS
2018-11-30,0.0,29.9,18.1,4.87,0.128,Narayanpet,TS
2018-12-01,0.0,29.0,17.5,4.58,0.131,Narayanpet,TS
2018-12-02,0.0,28.9,17.7,4.55,0.13,Narayanpet,TS
2018-12-03,0.0,28.2,18.4,3.97,0.13,Narayanpet,TS
2018-12-04,0.0,29.4,19.4,3.77,0.132,Narayanpet,TS
2018-12-05,3.5,30.3,21.4,3.67,0.138,Narayanpet,TS
2018-12-06,2.9,27.9,20.7,2.37,0.209,Narayanpet,TS
2018-12-07,0.0,30.9,20.4,3.96,0.2,Narayanpet,TS
2018-12-08,0.0,30.0,20.8,3.6,0.191,Narayanpet,TS
2018-12-09,0.0,30.0,20.9,3.64,0.184,Narayanpet,TS
2018-12-10,0.6,28.9,21.1,3.36,0.183,Narayanpet,TS
2018-12-11,0.1,30.1,20.1,3.61,0.186,Narayanpet,TS
2018-12-12,0.0,30.0,19.5,3.81,0.185,Narayanpet,TS
2018-12-13,0.1,28.7,19.8,3.8,0.177,Narayanpet,TS
2018-12-14,0.3,28.3,19.7,3.78,0.176,Narayanpet,TS
2018-12-15,0.2,27.7,19.8,3.97,0.175,Narayanpet,TS
2018-12-16,0.0,27.5,18.1,5.06,0.172,Narayanpet,TS
2018-12-17,0.0,27.2,17.4,4.47,0.168,Narayanpet,TS
2018-12-18,3.7,24.9,16.7,2.94,0.195,Narayanpet,TS
2018-12-19,0.0,25.8,14.3,3.42,0.19,Narayanpet,TS
2018-12-20,0.0,26.5,17.0,3.1,0.187,Narayanpet,TS
2018-12-21,0.0,27.3,17.0,3.08,0.182,Narayanpet,TS
2018-12-22,0.0,28.9,17.5,3.88,0.175,Narayanpet,TS
2018-12-23,0.0,29.0,18.3,3.84,0.168,Narayanpet,TS
2018-12-24,0.0,29.1,18.3,3.98,0.162,Narayanpet,TS
2018-12-25,0.0,30.0,18.9,4.2,0.157,Narayanpet,TS
2018-12-26,0.0,30.2,19.4,3.84,0.151,Narayanpet,TS
2018-12-27,0.1,29.1,21.0,4.36,0.148,Narayanpet,TS
2018-12-28,0.0,27.1,16.6,5.34,0.145,Narayanpet,TS
2018-12-29,0.0,26.7,14.1,4.93,0.142,Narayanpet,TS
2018-12-30,0.0,26.5,14.6,4.59,0.139,Narayanpet,TS
2018-12-31,0.0,26.7,13.7,4.64,0.137,Narayanpet,TS
2019-01-01,0.0,27.9,13.4,4.82,0.137,Narayanpet,TS
2019-01-02,0.0,28.3,13.6,4.43,0.137,Narayanpet,TS
2019-01-03,0.0,29.3,14.1,4.33,0.135,Narayanpet,TS
2019-01-04,0.0,29.6,15.8,4.84,0.137,Narayanpet,TS
2019-01-05,0.0,28.6,14.8,4.22,0.136,Narayanpet,TS
2019-01-06,0.0,28.9,15.0,4.16,0.136,Narayanpet,TS
2019-01-07,0.0,29.1,15.7,4.54,0.136,Narayanpet,TS
2019-01-08,0.0,28.7,16.8,4.78,0.136,Narayanpet,TS
2019-01-09,0.0,29.0,15.0,4.64,0.139,Narayanpet,TS
2019-01-10,0.0,29.0,15.4,4.94,0.139,Narayanpet,TS
2019-01-11,0.0,28.5,15.5,4.27,0.14,Narayanpet,TS
2019-01-12,0.0,28.7,16.3,4.16,0.14,Narayanpet,TS
2019-01-13,0.0,28.8,16.3,4.3,0.14,Narayanpet,TS
2019-01-14,0.0,29.5,16.6,4.61,0.139,Narayanpet,TS
2019-01-15,0.0,29.2,15.7,4.74,0.138,Narayanpet,TS
2019-01-16,0.0,29.2,16.6,4.82,0.136,Narayanpet,TS
2019-01-17,0.0,29.6,16.0,4.72,0.136,Narayanpet,TS
2019-01-18,0.0,29.9,16.1,4.53,0.139,Narayanpet,TS
2019-01-19,0.0,28.9,16.3,4.58,0.139,Narayanpet,TS
2019-01-20,0.0,29.9,15.8,4.79,0.137,Narayanpet,TS
2019-01-21,0.0,29.7,15.8,4.9,0.135,Narayanpet,TS
2019-01-22,0.0,29.1,15.2,4.79,0.133,Narayanpet,TS
2019-01-23,0.0,28.9,15.8,4.43,0.132,Narayanpet,TS
2019-01-24,0.0,29.3,19.1,4.38,0.131,Narayanpet,TS
2019-01-25,0.2,29.8,19.5,4.44,0.135,Narayanpet,TS
2019-01-26,0.2,28.1,20.0,3.15,0.14,Narayanpet,TS
2019-01-27,24.0,21.5,18.5,1.16,0.273,Narayanpet,TS
2019-01-28,1.4,25.1,17.6,3.08,0.327,Narayanpet,TS
2019-01-29,0.0,26.2,15.5,4.16,0.296,Narayanpet,TS
2019-01-30,0.0,26.4,14.6,4.83,0.27,Narayanpet,TS
2019-01-31,0.0,26.4,14.6,4.38,0.25,Narayanpet,TS
2019-02-01,0.0,27.0,16.5,4.01,0.236,Narayanpet,TS
2019-02-02,0.0,28.1,16.6,4.36,0.225,Narayanpet,TS
2019-02-03,0.0,28.3,16.9,4.88,0.215,Narayanpet,TS
2019-02-04,0.0,29.0,17.5,4.75,0.204,Narayanpet,TS
2019-02-05,0.0,29.7,18.4,4.93,0.194,Narayanpet,TS
2019-02-06,0.0,30.3,18.1,4.98,0.187,Narayanpet,TS
2019-02-07,0.0,30.5,19.0,5.09,0.181,Narayanpet,TS
2019-02-08,0.2,30.2,20.2,4.27,0.173,Narayanpet,TS
2019-02-09,0.0,29.7,18.9,5.94,0.164,Narayanpet,TS
2019-02-10,0.0,30.5,17.7,5.61,0.155,Narayanpet,TS
2019-02-11,0.0,30.7,19.9,5.04,0.15,Narayanpet,TS
2019-02-12,0.0,31.2,19.4,5.42,0.146,Narayanpet,TS
2019-02-13,0.0,31.1,17.9,5.37,0.144,Narayanpet,TS
2019-02-14,0.0,31.6,18.7,5.2,0.143,Narayanpet,TS
2019-02-15,0.0,31.0,20.0,4.87,0.144,Narayanpet,TS
2019-02-16,0.0,32.4,20.8,5.37,0.142,Narayanpet,TS
2019-02-17,0.0,32.1,18.5,5.4,0.141,Narayanpet,TS
2019-02-18,0.0,32.2,18.1,5.27,0.14,Narayanpet,TS
2019-02-19,0.0,33.0,20.6,5.19,0.139,Narayanpet,TS
2019-02-20,0.0,33.1,21.9,5.66,0.137,Narayanpet,TS
2019-02-21,0.0,33.2,19.6,5.55,0.136,Narayanpet,TS
2019-02-22,0.0,34.5,20.2,5.84,0.138,Narayanpet,TS
2019-02-23,0.0,34.5,21.5,5.83,0.137,Narayanpet,TS
2019-02-24,0.0,34.2,20.8,5.91,0.137,Narayanpet,TS
2019-02-25,0.0,35.5,20.6,7.15,0.137,Narayanpet,TS
2019-02-26,0.0,34.2,20.8,5.95,0.136,Narayanpet,TS
2019-02-27,0.0,33.2,19.1,5.85,0.136,Narayanpet,TS
2019-02-28,0.0,32.2,20.2,6.55,0.137,Narayanpet,TS
2019-03-01,0.0,32.5,19.6,5.44,0.135,Narayanpet,TS
2019-03-02,0.0,32.2,22.2,5.27,0.132,Narayanpet,TS
2019-03-03,0.4,32.7,22.0,5.17,0.13,Narayanpet,TS
2019-03-04,0.0,35.4,22.1,5.92,0.128,Narayanpet,TS
2019-03-05,0.0,34.1,22.5,6.56,0.128,Narayanpet,TS
2019-03-06,0.0,33.9,20.3,6.75,0.131,Narayanpet,TS
2019-03-07,0.0,33.6,18.8,6.17,0.13,Narayanpet,TS
2019-03-08,0.0,34.8,21.0,6.6,0.128,Narayanpet,TS
2019-03-09,0.0,34.0,21.9,5.35,0.127,Narayanpet,TS
2019-03-10,0.0,34.8,21.1,5.48,0.127,Narayanpet,TS
2019-03-11,0.0,34.6,22.4,5.79,0.126,Narayanpet,TS
2019-03-12,0.0,34.7,23.1,6.03,0.124,Narayanpet,TS
2019-03-13,0.0,36.2,22.6,7.25,0.124,Narayanpet,TS
2019-03-14,0.0,35.6,22.8,6.94,0.124,Narayanpet,TS
2019-03-15,0.0,35.7,22.6,7.12,0.125,Narayanpet,TS
2019-03-16,0.0,35.3,21.9,7.14,0.126,Narayanpet,TS
2019-03-17,0.0,34.4,22.4,6.54,0.126,Narayanpet,TS
2019-03-18,0.0,34.1,20.1,6.23,0.125,Narayanpet,TS
2019-03-19,0.0,35.4,21.4,6.15,0.125,Narayanpet,TS
2019-03-20,0.0,34.7,22.1,6.27,0.125,Narayanpet,TS
2019-03-21,0.0,34.7,24.0,5.89,0.125,Narayanpet,TS
2019-03-22,0.0,35.8,22.1,6.13,0.124,Narayanpet,TS
2019-03-23,0.0,36.0,22.6,6.18,0.123,Narayanpet,TS
2019-03-24,0.0,35.4,24.4,5.82,0.12,Narayanpet,TS
2019-03-25,0.0,36.2,24.6,6.59,0.119,Narayanpet,TS
2019-03-26,0.0,35.5,23.7,5.75,0.122,Narayanpet,TS
2019-03-27,0.0,36.3,24.7,6.39,0.123,Narayanpet,TS
2019-03-28,0.0,37.0,24.7,6.93,0.124,Narayanpet,TS
2019-03-29,0.0,37.0,23.9,6.89,0.122,Narayanpet,TS
2019-03-30,0.0,37.3,23.4,6.6,0.117,Narayanpet,TS
2019-03-31,0.0,37.9,24.4,6.66,0.116,Narayanpet,TS
2019-04-01,0.0,37.8,26.1,5.92,0.117,Narayanpet,TS
2019-04-02,0.0,37.8,25.2,6.64,0.115,Narayanpet,TS
2019-04-03,0.0,37.3,24.9,6.9,0.115,Narayanpet,TS
2019-04-04,0.1,35.3,24.8,5.68,0.114,Narayanpet,TS
2019-04-05,0.0,36.3,23.9,6.11,0.113,Narayanpet,TS
2019-04-06,0.0,36.2,24.2,6.37,0.114,Narayanpet,TS
2019-04-07,0.0,37.0,24.3,6.73,0.118,Narayanpet,TS
2019-04-08,0.0,37.4,24.5,6.97,0.116,Narayanpet,TS
2019-04-09,0.0,36.5,25.0,6.3,0.117,Narayanpet,TS
2019-04-10,0.0,36.9,25.6,6.3,0.119,Narayanpet,TS
2019-04-11,0.0,37.1,24.1,6.44,0.119,Narayanpet,TS
2019-04-12,0.0,37.5,24.9,6.47,0.122,Narayanpet,TS
2019-04-13,0.0,37.6,24.8,6.64,0.128,Narayanpet,TS
2019-04-14,0.0,37.0,25.9,6.71,0.126,Narayanpet,TS
2019-04-15,0.0,37.2,25.4,6.83,0.123,Narayanpet,TS
2019-04-16,0.0,36.7,25.2,7.08,0.12,Narayanpet,TS
2019-04-17,0.0,35.7,25.3,6.06,0.119,Narayanpet,TS
2019-04-18,0.0,37.3,25.1,6.55,0.121,Narayanpet,TS
2019-04-19,0.0,36.7,25.9,6.45,0.121,Narayanpet,TS
2019-04-20,0.8,36.2,24.9,6.18,0.122,Narayanpet,TS
2019-04-21,0.0,36.4,26.5,6.2,0.122,Narayanpet,TS
2019-04-22,0.0,36.4,25.8,6.87,0.119,Narayanpet,TS
2019-04-23,0.0,36.2,25.0,6.1,0.121,Narayanpet,TS
2019-04-24,0.0,36.3,24.4,6.19,0.121,Narayanpet,TS
2019-04-25,0.0,37.8,24.3,6.84,0.12,Narayanpet,TS
2019-04-26,0.0,38.6,25.8,7.0,0.117,Narayanpet,TS
2019-04-27,0.0,39.2,26.0,6.71,0.114,Narayanpet,TS
2019-04-28,0.0,39.1,26.8,6.77,0.112,Narayanpet,TS
2019-04-29,0.0,38.8,28.5,6.19,0.112,Narayanpet,TS
2019-04-30,0.2,37.9,28.3,6.66,0.114,Narayanpet,TS
2019-05-01,0.0,40.3,27.9,8.03,0.121,Narayanpet,TS
2019-05-02,0.0,39.6,26.8,9.2,0.121,Narayanpet,TS
2019-05-03,0.0,37.7,26.8,9.16,0.119,Narayanpet,TS
2019-05-04,0.0,36.8,25.8,7.64,0.119,Narayanpet,TS
2019-05-05,0.0,37.4,26.5,7.64,0.119,Narayanpet,TS
2019-05-06,0.0,38.7,27.0,7.69,0.119,Narayanpet,TS
2019-05-07,0.0,39.7,27.2,7.45,0.118,Narayanpet,TS
2019-05-08,0.0,38.3,28.6,8.13,0.115,Narayanpet,TS
2019-05-09,0.0,37.9,28.3,7.72,0.113,Narayanpet,TS
2019-05-10,0.0,38.4,28.9,7.4,0.112,Narayanpet,TS
2019-05-11,0.0,38.3,28.3,6.52,0.112,Narayanpet,TS
2019-05-12,0.0,37.9,27.1,6.26,0.112,Narayanpet,TS
2019-05-13,0.0,38.0,27.7,5.66,0.112,Narayanpet,TS
2019-05-14,0.0,40.3,27.2,7.88,0.112,Narayanpet,TS
2019-05-15,0.0,39.1,26.2,7.45,0.113,Narayanpet,TS
2019-05-16,0.0,38.7,27.2,6.0,0.113,Narayanpet,TS
2019-05-17,0.0,39.3,27.2,7.35,0.113,Narayanpet,TS
2019-05-18,0.0,38.8,27.2,7.57,0.113,Narayanpet,TS
2019-05-19,0.0,39.6,27.6,7.83,0.113,Narayanpet,TS
2019-05-20,0.0,38.4,29.0,6.26,0.113,Narayanpet,TS
2019-05-21,0.0,38.5,28.4,6.77,0.112,Narayanpet,TS
2019-05-22,0.0,38.9,27.1,6.39,0.112,Narayanpet,TS
2019-05-23,0.0,39.5,28.1,6.33,0.112,Narayanpet,TS
2019-05-24,0.0,38.6,27.3,5.95,0.114,Narayanpet,TS
2019-05-25,0.0,39.5,29.6,7.12,0.116,Narayanpet,TS
2019-05-26,0.0,39.5,29.5,7.71,0.116,Narayanpet,TS
2019-05-27,0.0,39.7,29.6,7.31,0.113,Narayanpet,TS
2019-05-28,0.0,40.2,30.4,7.25,0.112,Narayanpet,TS
2019-05-29,0.0,40.3,29.9,7.47,0.111,Narayanpet,TS
2019-05-30,0.0,40.0,28.8,7.64,0.111,Narayanpet,TS
2019-05-31,0.0,38.4,28.8,6.74,0.111,Narayanpet,TS
2019-06-01,2.5,36.7,28.7,6.31,0.121,Narayanpet,TS
2019-06-02,0.2,39.6,28.8,6.76,0.112,Narayanpet,TS
2019-06-03,0.0,37.3,28.3,7.35,0.114,Narayanpet,TS
2019-06-04,0.0,36.6,26.3,6.04,0.12,Narayanpet,TS
2019-06-05,0.0,38.9,28.0,6.63,0.122,Narayanpet,TS
2019-06-06,3.5,38.1,25.2,6.43,0.129,Narayanpet,TS
2019-06-07,7.3,37.5,25.2,6.29,0.13,Narayanpet,TS
2019-06-08,7.5,37.0,25.1,5.25,0.172,Narayanpet,TS
2019-06-09,2.5,36.7,24.6,6.13,0.14,Narayanpet,TS
2019-06-10,0.4,37.3,26.2,6.75,0.13,Narayanpet,TS
2019-06-11,0.6,35.4,26.8,6.96,0.121,Narayanpet,TS
2019-06-12,1.2,34.1,26.2,7.05,0.116,Narayanpet,TS
2019-06-13,1.3,33.5,25.4,4.96,0.126,Narayanpet,TS
2019-06-14,1.7,34.9,25.1,5.61,0.156,Narayanpet,TS
2019-06-15,0.0,35.5,25.3,7.2,0.149,Narayanpet,TS
2019-06-16,0.0,35.6,25.8,7.69,0.14,Narayanpet,TS
2019-06-17,0.0,35.7,26.4,7.63,0.134,Narayanpet,TS
2019-06-18,0.3,35.6,25.7,7.76,0.13,Narayanpet,TS
2019-06-19,0.0,36.6,26.0,7.48,0.122,Narayanpet,TS
2019-06-20,4.0,35.9,25.6,6.5,0.132,Narayanpet,TS
2019-06-21,5.9,32.2,24.8,3.37,0.162,Narayanpet,TS
2019-06-22,15.4,28.8,23.7,1.66,0.304,Narayanpet,TS
2019-06-23,19.7,31.5,23.9,3.61,0.33,Narayanpet,TS
2019-06-24,9.5,31.7,22.7,4.74,0.337,Narayanpet,TS
2019-06-25,6.6,31.0,23.9,4.37,0.319,Narayanpet,TS
2019-06-26,12.4,30.8,24.0,4.69,0.326,Narayanpet,TS
2019-06-27,3.9,31.9,24.4,5.4,0.31,Narayanpet,TS
2019-06-28,8.3,31.3,24.1,4.93,0.328,Narayanpet,TS
2019-06-29,8.6,29.0,23.5,2.55,0.358,Narayanpet,TS
2019-06-30,6.7,27.7,22.9,2.38,0.374,Narayanpet,TS
2019-07-01,6.6,27.1,23.1,1.61,0.369,Narayanpet,TS
2019-07-02,2.6,27.7,23.3,2.68,0.357,Narayanpet,TS
2019-07-03,6.0,27.4,23.2,2.1,0.367,Narayanpet,TS
2019-07-04,4.0,30.9,23.6,4.61,0.36,Narayanpet,TS
2019-07-05,4.9,30.2,24.1,3.94,0.35,Narayanpet,TS
2019-07-06,2.4,30.1,24.3,4.52,0.338,Narayanpet,TS
2019-07-07,1.7,28.8,23.6,3.56,0.312,Narayanpet,TS
2019-07-08,2.9,31.0,24.0,4.72,0.3,Narayanpet,TS
2019-07-09,3.3,30.0,23.9,4.04,0.307,Narayanpet,TS
2019-07-10,6.9,30.4,23.7,4.49,0.318,Narayanpet,TS
2019-07-11,3.9,29.4,23.7,3.72,0.302,Narayanpet,TS
2019-07-12,0.4,31.5,23.0,4.92,0.286,Narayanpet,TS
2019-07-13,3.2,32.1,23.3,4.86,0.263,Narayanpet,TS
2019-07-14,6.5,31.4,23.9,4.36,0.26,Narayanpet,TS
2019-07-15,2.7,31.2,23.3,4.9,0.338,Narayanpet,TS
2019-07-16,1.7,31.3,23.9,5.03,0.313,Narayanpet,TS
2019-07-17,1.1,32.6,24.6,5.69,0.293,Narayanpet,TS
2019-07-18,4.9,32.3,24.8,4.41,0.286,Narayanpet,TS
2019-07-19,10.9,29.1,23.5,2.42,0.301,Narayanpet,TS
2019-07-20,20.1,28.9,23.1,2.57,0.382,Narayanpet,TS
2019-07-21,6.7,30.4,22.7,3.92,0.366,Narayanpet,TS
2019-07-22,3.9,30.4,23.2,3.65,0.38,Narayanpet,TS
2019-07-23,6.9,29.1,23.0,3.53,0.372,Narayanpet,TS
2019-07-24,7.9,29.5,23.3,4.12,0.355,Narayanpet,TS
2019-07-25,3.2,30.6,23.4,4.87,0.345,Narayanpet,TS
2019-07-26,13.3,25.8,22.9,1.93,0.349,Narayanpet,TS
2019-07-27,13.2,25.6,22.3,1.84,0.385,Narayanpet,TS
2019-07-28,9.3,26.3,22.4,1.98,0.378,Narayanpet,TS
2019-07-29,8.8,26.8,22.3,2.04,0.393,Narayanpet,TS
2019-07-30,16.2,27.6,22.0,2.36,0.417,Narayanpet,TS
2019-07-31,2.0,29.9,22.5,4.6,0.386,Narayanpet,TS
2019-08-01,15.4,28.0,22.8,3.33,0.393,Narayanpet,TS
2019-08-02,22.0,23.7,22.2,1.35,0.424,Narayanpet,TS
2019-08-03,26.2,23.9,22.1,1.26,0.428,Narayanpet,TS
2019-08-04,3.1,27.3,21.6,2.91,0.412,Narayanpet,TS
2019-08-05,12.2,25.2,21.9,1.81,0.414,Narayanpet,TS
2019-08-06,38.1,24.7,22.7,1.42,0.421,Narayanpet,TS
2019-08-07,15.1,27.6,22.8,2.76,0.415,Narayanpet,TS
2019-08-08,5.5,28.1,22.9,4.0,0.417,Narayanpet,TS
2019-08-09,3.7,28.3,24.3,3.95,0.4,Narayanpet,TS
2019-08-10,1.7,29.9,23.3,4.57,0.384,Narayanpet,TS
2019-08-11,0.4,29.8,23.4,4.79,0.363,Narayanpet,TS
2019-08-12,1.5,30.0,22.9,4.39,0.344,Narayanpet,TS
2019-08-13,0.8,29.5,23.2,4.19,0.331,Narayanpet,TS
2019-08-14,3.8,29.5,23.4,3.58,0.32,Narayanpet,TS
2019-08-15,0.7,30.4,22.7,4.85,0.335,Narayanpet,TS
2019-08-16,1.7,30.3,22.9,4.65,0.316,Narayanpet,TS
2019-08-17,0.4,30.5,22.8,4.79,0.314,Narayanpet,TS
2019-08-18,4.4,27.6,23.4,2.01,0.316,Narayanpet,TS
2019-08-19,6.5,29.3,23.0,3.62,0.373,Narayanpet,TS
2019-08-20,2.4,29.6,24.1,3.64,0.353,Narayanpet,TS
2019-08-21,7.6,27.7,24.0,2.44,0.351,Narayanpet,TS
2019-08-22,6.2,29.3,22.7,3.4,0.369,Narayanpet,TS
2019-08-23,5.9,29.5,22.9,3.83,0.371,Narayanpet,TS
2019-08-24,7.8,29.3,22.5,4.12,0.379,Narayanpet,TS
2019-08-25,0.3,30.0,22.2,4.59,0.348,Narayanpet,TS
2019-08-26,0.0,30.1,22.2,4.84,0.322,Narayanpet,TS
2019-08-27,0.0,29.7,21.9,4.62,0.303,Narayanpet,TS
2019-08-28,0.9,30.2,22.3,4.86,0.285,Narayanpet,TS
2019-08-29,1.1,30.7,23.0,4.91,0.274,Narayanpet,TS
2019-08-30,17.9,30.2,23.3,3.95,0.341,Narayanpet,TS
2019-08-31,26.2,25.8,22.7,1.85,0.367,Narayanpet,TS
2019-09-01,12.4,25.3,22.7,1.41,0.405,Narayanpet,TS
2019-09-02,6.4,25.9,22.5,1.6,0.412,Narayanpet,TS
2019-09-03,23.4,26.3,22.6,1.68,0.421,Narayanpet,TS
2019-09-04,20.1,24.6,22.4,1.32,0.425,Narayanpet,TS
2019-09-05,9.6,27.5,22.3,3.28,0.415,Narayanpet,TS
2019-09-06,4.5,26.9,22.9,2.31,0.402,Narayanpet,TS
2019-09-07,6.0,27.5,22.5,2.78,0.406,Narayanpet,TS
2019-09-08,2.0,27.7,22.5,3.23,0.396,Narayanpet,TS
2019-09-09,2.4,29.6,22.8,4.3,0.378,Narayanpet,TS
2019-09-10,1.6,29.6,22.6,4.26,0.363,Narayanpet,TS
2019-09-11,0.4,29.8,22.8,4.57,0.347,Narayanpet,TS
2019-09-12,0.5,27.9,22.7,3.65,0.326,Narayanpet,TS
2019-09-13,0.8,28.7,22.9,3.7,0.316,Narayanpet,TS
2019-09-14,3.4,30.3,22.4,4.47,0.304,Narayanpet,TS
2019-09-15,0.5,30.1,22.5,4.4,0.334,Narayanpet,TS
2019-09-16,3.0,29.8,23.0,4.26,0.342,Narayanpet,TS
2019-09-17,7.5,29.3,23.1,3.34,0.372,Narayanpet,TS
2019-09-18,20.6,26.6,23.1,1.62,0.419,Narayanpet,TS
2019-09-19,10.0,27.5,22.4,2.75,0.419,Narayanpet,TS
2019-09-20,15.5,28.2,21.6,2.91,0.417,Narayanpet,TS
2019-09-21,0.0,29.5,22.7,4.62,0.383,Narayanpet,TS
2019-09-22,7.6,30.1,23.3,4.16,0.375,Narayanpet,TS
2019-09-23,28.3,29.7,22.4,3.76,0.416,Narayanpet,TS
2019-09-24,21.6,28.2,22.4,2.71,0.424,Narayanpet,TS
2019-09-25,16.0,27.9,22.1,2.88,0.425,Narayanpet,TS
2019-09-26,9.5,28.3,22.6,3.26,0.42,Narayanpet,TS
2019-09-27,0.9,28.1,21.8,3.44,0.411,Narayanpet,TS
2019-09-28,3.1,28.6,22.4,3.63,0.402,Narayanpet,TS
2019-09-29,4.5,29.3,22.3,3.96,0.38,Narayanpet,TS
2019-09-30,4.0,29.2,22.6,3.94,0.37,Narayanpet,TS
2019-10-01,1.3,30.0,21.8,4.35,0.357,Narayanpet,TS
2019-10-02,1.2,30.2,22.3,4.05,0.363,Narayanpet,TS
2019-10-03,6.3,29.5,22.6,3.7,0.349,Narayanpet,TS
2019-10-04,7.3,28.8,21.8,3.43,0.38,Narayanpet,TS
2019-10-05,0.4,29.4,21.4,4.04,0.368,Narayanpet,TS
2019-10-06,10.6,27.9,21.6,3.14,0.393,Narayanpet,TS
2019-10-07,5.6,28.5,21.8,3.7,0.386,Narayanpet,TS
2019-10-08,2.9,28.7,21.8,3.4,0.372,Narayanpet,TS
2019-10-09,4.0,29.0,21.9,3.61,0.364,Narayanpet,TS
2019-10-10,5.4,28.2,22.0,3.24,0.376,Narayanpet,TS
2019-10-11,1.0,27.3,21.6,2.82,0.367,Narayanpet,TS
2019-10-12,2.1,28.8,21.9,3.45,0.345,Narayanpet,TS
2019-10-13,3.1,29.1,22.3,3.49,0.339,Narayanpet,TS
2019-10-14,1.8,29.0,22.6,3.55,0.339,Narayanpet,TS
2019-10-15,0.2,29.9,22.6,4.48,0.313,Narayanpet,TS
2019-10-16,3.1,29.4,22.5,3.97,0.296,Narayanpet,TS
2019-10-17,1.3,26.0,21.7,1.99,0.282,Narayanpet,TS
2019-10-18,6.2,29.0,21.9,3.44,0.282,Narayanpet,TS
2019-10-19,4.2,29.1,21.8,3.73,0.315,Narayanpet,TS
2019-10-20,7.3,28.1,21.7,2.8,0.326,Narayanpet,TS
2019-10-21,5.8,27.1,21.8,2.25,0.345,Narayanpet,TS
2019-10-22,0.4,26.4,21.5,1.91,0.332,Narayanpet,TS
2019-10-23,2.0,28.9,20.9,3.66,0.303,Narayanpet,TS
2019-10-24,12.6,28.4,22.4,2.85,0.349,Narayanpet,TS
2019-10-25,17.0,28.0,21.7,2.99,0.382,Narayanpet,TS
2019-10-26,11.9,27.6,21.5,3.02,0.396,Narayanpet,TS
2019-10-27,6.7,27.9,21.0,3.31,0.392,Narayanpet,TS
2019-10-28,0.1,29.2,21.7,3.8,0.357,Narayanpet,TS
2019-10-29,0.3,29.1,21.9,3.77,0.339,Narayanpet,TS
2019-10-30,3.2,26.7,21.9,2.06,0.331,Narayanpet,TS
2019-10-31,7.6,28.4,22.2,2.83,0.354,Narayanpet,TS
2019-11-01,3.4,28.6,21.8,3.29,0.369,Narayanpet,TS
2019-11-02,0.2,29.2,21.4,4.01,0.349,Narayanpet,TS
2019-11-03,3.2,28.7,21.5,3.64,0.329,Narayanpet,TS
2019-11-04,1.5,30.1,22.1,3.98,0.344,Narayanpet,TS
2019-11-05,0.0,30.1,22.5,4.23,0.309,Narayanpet,TS
2019-11-06,0.0,30.3,21.6,4.15,0.283,Narayanpet,TS
2019-11-07,0.5,29.4,21.2,3.65,0.264,Narayanpet,TS
2019-11-08,0.8,29.7,21.8,3.83,0.252,Narayanpet,TS
2019-11-09,0.2,30.1,21.8,4.01,0.239,Narayanpet,TS
2019-11-10,0.0,30.5,21.4,4.88,0.224,Narayanpet,TS
2019-11-11,0.0,29.8,20.8,4.36,0.211,Narayanpet,TS
2019-11-12,0.0,29.5,20.4,4.22,0.202,Narayanpet,TS
2019-11-13,0.0,29.0,20.0,4.36,0.195,Narayanpet,TS
2019-11-14,0.1,28.8,21.1,3.99,0.189,Narayanpet,TS
2019-11-15,3.0,28.2,22.3,3.51,0.187,Narayanpet,TS
2019-11-16,0.0,29.3,21.0,3.57,0.176,Narayanpet,TS
2019-11-17,0.0,31.2,21.0,4.89,0.166,Narayanpet,TS
2019-11-18,0.0,31.2,21.4,4.94,0.16,Narayanpet,TS
2019-11-19,0.9,28.9,21.2,3.52,0.158,Narayanpet,TS
2019-11-20,0.3,29.8,21.0,4.04,0.157,Narayanpet,TS
2019-11-21,0.0,29.8,20.1,4.2,0.156,Narayanpet,TS
2019-11-22,0.0,29.7,19.3,4.48,0.156,Narayanpet,TS
2019-11-23,0.0,29.5,18.9,4.7,0.154,Narayanpet,TS
2019-11-24,0.0,28.8,18.5,4.31,0.154,Narayanpet,TS
2019-11-25,0.0,29.9,18.5,4.66,0.155,Narayanpet,TS
2019-11-26,0.0,29.1,18.4,4.45,0.157,Narayanpet,TS
2019-11-27,0.0,29.4,18.7,4.51,0.156,Narayanpet,TS
2019-11-28,0.0,29.1,20.0,3.54,0.154,Narayanpet,TS
2019-11-29,0.0,30.2,20.1,4.04,0.152,Narayanpet,TS
2019-11-30,0.0,30.0,20.0,4.13,0.148,Narayanpet,TS
2019-12-01,5.7,26.5,20.1,2.15,0.163,Narayanpet,TS
2019-12-02,3.2,24.8,19.6,1.61,0.287,Narayanpet,TS
2019-12-03,0.6,25.7,20.7,1.94,0.287,Narayanpet,TS
2019-12-04,0.0,27.6,19.7,3.44,0.267,Narayanpet,TS
2019-12-05,0.0,28.1,18.7,3.55,0.25,Narayanpet,TS
2019-12-06,0.0,27.0,18.2,3.42,0.237,Narayanpet,TS
2019-12-07,0.0,27.4,16.6,3.88,0.225,Narayanpet,TS
2019-12-08,0.0,27.0,19.7,2.91,0.216,Narayanpet,TS
2019-12-09,0.0,27.3,19.0,3.15,0.208,Narayanpet,TS
2019-12-10,0.0,27.7,18.7,3.25,0.2,Narayanpet,TS
2019-12-11,0.0,27.3,18.3,3.33,0.192,Narayanpet,TS
2019-12-12,0.0,27.8,17.3,3.79,0.185,Narayanpet,TS
2019-12-13,0.0,28.0,17.7,3.7,0.18,Narayanpet,TS
2019-12-14,0.0,29.1,18.2,3.93,0.175,Narayanpet,TS
2019-12-15,0.0,28.4,18.8,3.7,0.169,Narayanpet,TS
2019-12-16,0.0,28.3,18.1,3.76,0.167,Narayanpet,TS
2019-12-17,0.0,28.8,18.3,4.15,0.164,Narayanpet,TS
2019-12-18,0.0,28.5,17.7,3.77,0.164,Narayanpet,TS
2019-12-19,0.0,28.5,17.7,3.54,0.164,Narayanpet,TS
2019-12-20,0.0,28.7,18.0,3.75,0.159,Narayanpet,TS
2019-12-21,0.0,28.8,18.9,3.96,0.152,Narayanpet,TS
2019-12-22,0.0,28.0,17.9,3.77,0.148,Narayanpet,TS
2019-12-23,0.0,27.2,18.3,3.42,0.147,Narayanpet,TS
2019-12-24,0.0,28.0,17.9,3.8,0.148,Narayanpet,TS
2019-12-25,0.0,28.9,18.6,3.79,0.147,Narayanpet,TS
2019-12-26,0.0,29.2,19.5,3.79,0.149,Narayanpet,TS
2019-12-27,0.5,27.5,20.9,2.49,0.149,Narayanpet,TS
2019-12-28,0.1,26.8,20.1,2.95,0.151,Narayanpet,TS
2019-12-29,0.0,27.5,19.1,3.59,0.152,Narayanpet,TS
2019-12-30,0.1,26.2,18.3,2.8,0.148,Narayanpet,TS
2019-12-31,0.9,26.9,19.4,2.74,0.148,Narayanpet,TS
2020-01-01,0.2,27.5,19.3,3.1,0.151,Narayanpet,TS
2020-01-02,0.3,27.4,20.0,2.76,0.149,Narayanpet,TS
2020-01-03,0.9,28.1,20.0,2.58,0.152,Narayanpet,TS
2020-01-04,0.3,28.8,19.4,3.34,0.152,Narayanpet,TS
2020-01-05,0.0,28.0,19.0,3.69,0.148,Narayanpet,TS
2020-01-06,0.0,27.4,19.3,3.51,0.147,Narayanpet,TS
2020-01-07,0.5,27.5,20.4,2.69,0.148,Narayanpet,TS
2020-01-08,0.0,28.2,20.0,3.03,0.148,Narayanpet,TS
2020-01-09,0.0,28.6,19.4,3.32,0.15,Narayanpet,TS
2020-01-10,0.0,27.3,19.5,2.98,0.148,Narayanpet,TS
2020-01-11,0.0,28.1,19.6,3.71,0.147,Narayanpet,TS
2020-01-12,0.0,29.0,18.2,4.33,0.142,Narayanpet,TS
2020-01-13,0.0,29.5,16.6,4.15,0.139,Narayanpet,TS
2020-01-14,0.0,29.7,16.4,4.61,0.136,Narayanpet,TS
2020-01-15,0.0,29.3,17.3,4.56,0.136,Narayanpet,TS
2020-01-16,0.0,28.3,16.1,4.21,0.135,Narayanpet,TS
2020-01-17,0.0,28.5,18.4,4.16,0.135,Narayanpet,TS
2020-01-18,0.0,29.5,18.5,4.35,0.137,Narayanpet,TS
2020-01-19,0.0,29.9,20.1,3.96,0.141,Narayanpet,TS
2020-01-20,0.0,29.5,19.0,3.99,0.139,Narayanpet,TS
2020-01-21,0.0,30.4,19.4,4.86,0.139,Narayanpet,TS
2020-01-22,0.0,30.2,18.1,4.74,0.14,Narayanpet,TS
2020-01-23,0.0,30.2,17.8,4.62,0.141,Narayanpet,TS
2020-01-24,0.0,30.9,17.9,5.02,0.139,Narayanpet,TS
2020-01-25,0.0,30.6,18.3,4.54,0.135,Narayanpet,TS
2020-01-26,0.0,30.8,18.8,4.29,0.134,Narayanpet,TS
2020-01-27,0.0,31.6,19.6,4.88,0.135,Narayanpet,TS
2020-01-28,0.0,31.9,20.0,5.04,0.141,Narayanpet,TS
2020-01-29,0.0,30.5,20.9,4.75,0.144,Narayanpet,TS
2020-01-30,0.0,31.2,20.2,5.05,0.141,Narayanpet,TS
2020-01-31,0.0,31.2,19.7,4.82,0.145,Narayanpet,TS
2020-02-01,0.0,30.6,20.8,4.37,0.149,Narayanpet,TS
2020-02-02,0.5,28.7,20.5,3.96,0.154,Narayanpet,TS
2020-02-03,0.0,30.2,20.1,4.6,0.152,Narayanpet,TS
2020-02-04,0.0,30.8,20.0,5.08,0.15,Narayanpet,TS
2020-02-05,0.0,30.4,19.7,4.49,0.15,Narayanpet,TS
2020-02-06,0.0,31.6,20.5,4.92,0.148,Narayanpet,TS
2020-02-07,0.1,30.2,21.5,4.27,0.146,Narayanpet,TS
2020-02-08,0.0,30.4,20.9,4.22,0.144,Narayanpet,TS
2020-02-09,0.6,26.9,19.9,3.33,0.148,Narayanpet,TS
2020-02-10,0.4,27.9,19.7,3.82,0.152,Narayanpet,TS
2020-02-11,0.0,28.6,19.2,3.8,0.15,Narayanpet,TS
2020-02-12,0.2,29.6,19.5,4.2,0.147,Narayanpet,TS
2020-02-13,0.0,31.4,19.3,5.39,0.145,Narayanpet,TS
2020-02-14,0.0,32.0,18.9,5.75,0.144,Narayanpet,TS
2020-02-15,0.0,32.2,18.7,5.53,0.138,Narayanpet,TS
2020-02-16,0.0,32.2,19.5,5.71,0.137,Narayanpet,TS
2020-02-17,0.0,32.5,18.6,5.72,0.13,Narayanpet,TS
2020-02-18,0.0,32.8,18.1,6.03,0.121,Narayanpet,TS
2020-02-19,0.0,32.2,18.1,5.57,0.124,Narayanpet,TS
2020-02-20,0.0,32.2,19.4,5.71,0.132,Narayanpet,TS
2020-02-21,0.0,31.9,18.7,6.01,0.129,Narayanpet,TS
2020-02-22,0.0,32.5,18.1,6.43,0.125,Narayanpet,TS
2020-02-23,0.0,31.5,18.6,5.77,0.123,Narayanpet,TS
2020-02-24,0.0,32.8,19.3,5.53,0.122,Narayanpet,TS
2020-02-25,0.3,30.8,21.9,4.44,0.128,Narayanpet,TS
2020-02-26,0.0,32.0,21.3,5.6,0.126,Narayanpet,TS
2020-02-27,0.0,32.0,21.1,6.2,0.132,Narayanpet,TS
2020-02-28,0.0,31.8,20.1,5.51,0.128,Narayanpet,TS
2020-02-29,0.0,31.4,20.5,4.91,0.125,Narayanpet,TS
2020-03-01,0.0,31.8,21.0,5.18,0.125,Narayanpet,TS
2020-03-02,0.4,31.0,21.0,4.44,0.133,Narayanpet,TS
2020-03-03,0.0,32.6,21.1,4.98,0.137,Narayanpet,TS
2020-03-04,0.1,33.1,22.0,5.93,0.139,Narayanpet,TS
2020-03-05,0.0,32.6,19.4,5.71,0.138,Narayanpet,TS
2020-03-06,0.0,32.1,21.4,5.88,0.136,Narayanpet,TS
2020-03-07,0.0,32.9,22.7,5.24,0.131,Narayanpet,TS
2020-03-08,0.1,31.8,22.2,4.16,0.129,Narayanpet,TS
2020-03-09,0.6,31.5,22.3,4.44,0.127,Narayanpet,TS
2020-03-10,0.0,33.4,22.8,5.7,0.13,Narayanpet,TS
2020-03-11,1.0,33.7,24.3,5.68,0.131,Narayanpet,TS
2020-03-12,0.0,35.1,24.1,5.73,0.129,Narayanpet,TS
2020-03-13,0.0,34.8,23.7,6.18,0.13,Narayanpet,TS
2020-03-14,0.0,34.9,22.7,6.02,0.13,Narayanpet,TS
2020-03-15,0.0,34.1,21.9,6.05,0.132,Narayanpet,TS
2020-03-16,0.0,34.4,22.4,6.32,0.135,Narayanpet,TS
2020-03-17,0.0,35.6,22.9,6.82,0.136,Narayanpet,TS
2020-03-18,0.0,35.8,23.3,6.76,0.135,Narayanpet,TS
2020-03-19,0.2,34.5,24.9,5.4,0.135,Narayanpet,TS
2020-03-20,0.0,34.8,24.6,5.63,0.139,Narayanpet,TS
2020-03-21,0.0,35.5,23.2,6.43,0.143,Narayanpet,TS
2020-03-22,0.0,34.9,22.2,5.55,0.134,Narayanpet,TS
2020-03-23,0.1,34.0,22.7,5.73,0.135,Narayanpet,TS
2020-03-24,0.1,34.4,23.8,5.89,0.139,Narayanpet,TS
2020-03-25,0.0,35.2,23.2,6.3,0.136,Narayanpet,TS
2020-03-26,0.0,35.9,23.7,6.85,0.132,Narayanpet,TS
2020-03-27,0.0,36.5,23.7,7.21,0.13,Narayanpet,TS
2020-03-28,0.0,36.8,22.4,6.84,0.128,Narayanpet,TS
2020-03-29,0.0,37.2,23.9,7.03,0.125,Narayanpet,TS
2020-03-30,0.0,36.9,24.7,6.83,0.116,Narayanpet,TS
2020-03-31,0.0,37.2,23.8,6.78,0.111,Narayanpet,TS
2020-04-01,0.0,36.1,24.5,6.15,0.113,Narayanpet,TS
2020-04-02,0.0,36.6,25.8,6.44,0.114,Narayanpet,TS
2020-04-03,0.0,37.7,26.1,7.64,0.115,Narayanpet,TS
2020-04-04,0.0,37.2,25.8,7.13,0.12,Narayanpet,TS
2020-04-05,0.0,37.0,25.1,6.23,0.122,Narayanpet,TS
2020-04-06,0.0,36.5,26.6,5.82,0.121,Narayanpet,TS
2020-04-07,0.0,36.6,25.8,5.91,0.119,Narayanpet,TS
2020-04-08,0.0,37.2,23.4,6.24,0.128,Narayanpet,TS
2020-04-09,0.4,36.0,25.4,6.17,0.13,Narayanpet,TS
2020-04-10,0.0,35.6,22.9,6.55,0.13,Narayanpet,TS
2020-04-11,0.0,36.5,23.2,6.88,0.131,Narayanpet,TS
2020-04-12,0.0,36.1,23.4,6.58,0.134,Narayanpet,TS
2020-04-13,0.0,36.8,24.0,6.77,0.136,Narayanpet,TS
2020-04-14,0.0,37.4,24.2,7.19,0.134,Narayanpet,TS
2020-04-15,0.0,37.5,24.1,6.84,0.129,Narayanpet,TS
2020-04-16,0.0,37.2,24.9,6.8,0.126,Narayanpet,TS
2020-04-17,0.0,37.0,26.0,6.33,0.123,Narayanpet,TS
2020-04-18,0.0,36.8,25.6,6.59,0.125,Narayanpet,TS
2020-04-19,0.0,37.3,25.9,6.74,0.132,Narayanpet,TS
2020-04-20,0.0,37.1,25.6,6.4,0.131,Narayanpet,TS
2020-04-21,0.0,37.0,25.3,5.7,0.129,Narayanpet,TS
2020-04-22,0.0,37.6,26.9,6.66,0.13,Narayanpet,TS
2020-04-23,0.0,38.5,26.5,7.21,0.131,Narayanpet,TS
2020-04-24,0.0,37.2,28.3,7.13,0.129,Narayanpet,TS
2020-04-25,0.0,38.4,27.7,7.33,0.128,Narayanpet,TS
2020-04-26,0.0,37.3,26.2,6.09,0.125,Narayanpet,TS
2020-04-27,0.0,38.9,27.1,7.47,0.126,Narayanpet,TS
2020-04-28,0.2,36.3,26.3,6.45,0.13,Narayanpet,TS
2020-04-29,0.2,35.7,25.7,6.02,0.134,Narayanpet,TS
2020-04-30,0.0,36.8,25.9,5.97,0.136,Narayanpet,TS
2020-05-01,0.2,37.3,26.5,6.27,0.14,Narayanpet,TS
2020-05-02,0.0,37.4,26.5,6.26,0.141,Narayanpet,TS
2020-05-03,0.0,37.6,26.8,6.13,0.141,Narayanpet,TS
2020-05-04,0.0,38.0,27.2,6.36,0.142,Narayanpet,TS
2020-05-05,0.0,38.2,27.1,6.59,0.134,Narayanpet,TS
2020-05-06,0.0,37.8,27.8,6.46,0.133,Narayanpet,TS
2020-05-07,0.1,37.7,27.2,6.51,0.138,Narayanpet,TS
2020-05-08,0.1,36.0,26.5,6.19,0.139,Narayanpet,TS
2020-05-09,0.0,37.1,28.8,6.39,0.142,Narayanpet,TS
2020-05-10,0.5,36.2,26.2,5.84,0.147,Narayanpet,TS
2020-05-11,0.1,35.4,25.0,6.2,0.148,Narayanpet,TS
2020-05-12,0.0,36.2,25.7,6.33,0.144,Narayanpet,TS
2020-05-13,0.0,35.8,26.2,5.99,0.141,Narayanpet,TS
2020-05-14,0.0,36.7,26.4,6.64,0.136,Narayanpet,TS
2020-05-15,0.0,36.1,25.9,6.26,0.134,Narayanpet,TS
2020-05-16,0.4,36.5,26.2,5.98,0.131,Narayanpet,TS
2020-05-17,0.3,37.4,26.2,6.12,0.133,Narayanpet,TS
2020-05-18,0.0,38.1,26.1,6.86,0.138,Narayanpet,TS
2020-05-19,0.0,37.9,27.6,8.05,0.141,Narayanpet,TS
2020-05-20,0.0,38.4,28.1,7.93,0.137,Narayanpet,TS
2020-05-21,0.0,39.7,27.2,7.92,0.127,Narayanpet,TS
2020-05-22,0.0,39.7,26.2,7.73,0.123,Narayanpet,TS
2020-05-23,0.0,40.5,28.8,8.15,0.122,Narayanpet,TS
2020-05-24,0.0,39.3,28.5,6.59,0.123,Narayanpet,TS
2020-05-25,0.2,38.4,27.8,6.8,0.123,Narayanpet,TS
2020-05-26,0.2,38.6,29.0,6.72,0.125,Narayanpet,TS
2020-05-27,0.1,40.4,30.3,7.34,0.127,Narayanpet,TS
2020-05-28,0.0,39.8,30.1,8.78,0.129,Narayanpet,TS
2020-05-29,0.0,39.0,29.0,7.76,0.131,Narayanpet,TS
2020-05-30,0.0,37.9,29.0,6.45,0.132,Narayanpet,TS
2020-05-31,0.6,35.1,28.7,5.85,0.134,Narayanpet,TS
2020-06-01,9.1,33.7,24.7,4.58,0.191,Narayanpet,TS
2020-06-02,21.5,33.0,23.8,4.32,0.299,Narayanpet,TS
2020-06-03,2.5,31.4,23.8,4.36,0.315,Narayanpet,TS
2020-06-04,1.0,32.1,24.4,5.35,0.267,Narayanpet,TS
2020-06-05,0.0,33.5,24.3,6.22,0.241,Narayanpet,TS
2020-06-06,0.7,34.1,24.6,6.89,0.212,Narayanpet,TS
2020-06-07,0.2,34.5,24.8,6.52,0.188,Narayanpet,TS
2020-06-08,0.0,35.3,25.1,7.77,0.17,Narayanpet,TS
2020-06-09,0.0,36.0,25.4,7.31,0.153,Narayanpet,TS
2020-06-10,9.5,34.2,24.5,4.63,0.157,Narayanpet,TS
2020-06-11,16.2,28.2,23.6,2.55,0.346,Narayanpet,TS
2020-06-12,8.6,27.6,23.0,2.35,0.354,Narayanpet,TS
2020-06-13,2.2,31.0,22.9,4.56,0.339,Narayanpet,TS
2020-06-14,5.6,31.5,23.8,4.32,0.326,Narayanpet,TS
2020-06-15,3.7,32.3,24.4,4.77,0.321,Narayanpet,TS
2020-06-16,20.5,30.0,24.1,2.72,0.354,Narayanpet,TS
2020-06-17,10.5,27.5,23.3,2.3,0.385,Narayanpet,TS
2020-06-18,3.6,29.5,23.4,3.55,0.354,Narayanpet,TS
2020-06-19,3.5,30.9,23.2,3.9,0.365,Narayanpet,TS
2020-06-20,1.3,31.2,23.9,4.61,0.343,Narayanpet,TS
2020-06-21,1.6,29.2,23.8,2.93,0.331,Narayanpet,TS
2020-06-22,3.9,31.1,23.4,3.66,0.328,Narayanpet,TS
2020-06-23,0.1,31.6,23.4,5.21,0.305,Narayanpet,TS
2020-06-24,0.2,32.3,23.8,5.39,0.28,Narayanpet,TS
2020-06-25,4.1,33.1,23.7,5.24,0.262,Narayanpet,TS
2020-06-26,2.7,32.4,23.5,4.97,0.279,Narayanpet,TS
2020-06-27,7.7,32.0,24.2,4.3,0.304,Narayanpet,TS
2020-06-28,14.6,31.4,24.0,3.73,0.368,Narayanpet,TS
2020-06-29,5.7,31.1,23.7,4.13,0.36,Narayanpet,TS
2020-06-30,12.9,31.0,23.5,3.91,0.364,Narayanpet,TS
2020-07-01,4.9,31.4,23.7,4.67,0.333,Narayanpet,TS
2020-07-02,2.8,30.8,23.4,3.98,0.325,Narayanpet,TS
2020-07-03,11.0,32.0,23.2,4.49,0.339,Narayanpet,TS
2020-07-04,16.3,25.3,22.6,1.61,0.385,Narayanpet,TS
2020-07-05,10.7,26.3,22.8,1.72,0.395,Narayanpet,TS
2020-07-06,1.0,28.5,23.1,2.81,0.381,Narayanpet,TS
2020-07-07,6.5,31.2,22.9,4.46,0.374,Narayanpet,TS
2020-07-08,6.3,30.7,23.0,3.7,0.387,Narayanpet,TS
2020-07-09,9.2,27.6,23.0,1.76,0.399,Narayanpet,TS
2020-07-10,5.5,27.8,22.7,2.32,0.401,Narayanpet,TS
2020-07-11,1.0,29.6,22.8,3.94,0.392,Narayanpet,TS
2020-07-12,0.1,29.6,23.2,3.62,0.37,Narayanpet,TS
2020-07-13,0.4,30.0,23.4,3.72,0.362,Narayanpet,TS
2020-07-14,9.7,28.0,23.3,2.12,0.388,Narayanpet,TS
2020-07-15,25.7,24.9,22.6,1.21,0.416,Narayanpet,TS
2020-07-16,11.6,27.1,22.1,1.48,0.417,Narayanpet,TS
2020-07-17,14.2,28.3,22.1,3.02,0.41,Narayanpet,TS
2020-07-18,2.1,30.4,22.3,4.3,0.386,Narayanpet,TS
2020-07-19,4.8,30.9,23.1,4.08,0.39,Narayanpet,TS
2020-07-20,3.1,29.2,23.1,3.5,0.388,Narayanpet,TS
2020-07-21,5.0,30.5,23.0,4.51,0.389,Narayanpet,TS
2020-07-22,1.2,31.3,23.5,4.25,0.353,Narayanpet,TS
2020-07-23,20.3,28.0,23.0,1.78,0.416,Narayanpet,TS
2020-07-24,6.0,28.7,23.0,3.39,0.399,Narayanpet,TS
2020-07-25,9.5,27.7,21.9,2.55,0.406,Narayanpet,TS
2020-07-26,1.7,29.8,21.8,4.36,0.377,Narayanpet,TS
2020-07-27,4.7,29.5,22.7,4.42,0.356,Narayanpet,TS
2020-07-28,3.4,28.9,23.1,3.55,0.372,Narayanpet,TS
2020-07-29,10.8,29.5,22.8,3.66,0.387,Narayanpet,TS
2020-07-30,0.5,30.6,22.5,4.81,0.372,Narayanpet,TS
2020-07-31,6.4,30.8,23.1,4.46,0.374,Narayanpet,TS
2020-08-01,3.2,30.1,22.9,4.21,0.392,Narayanpet,TS
2020-08-02,9.7,30.4,23.0,4.42,0.38,Narayanpet,TS
2020-08-03,13.2,29.2,23.1,3.54,0.395,Narayanpet,TS
2020-08-04,15.2,25.7,22.8,1.81,0.418,Narayanpet,TS
2020-08-05,16.9,24.8,22.5,1.41,0.422,Narayanpet,TS
2020-08-06,6.1,28.9,22.8,3.65,0.411,Narayanpet,TS
2020-08-07,3.0,29.3,23.0,4.14,0.397,Narayanpet,TS
2020-08-08,2.9,30.0,23.4,3.99,0.382,Narayanpet,TS
2020-08-09,13.9,30.2,23.0,3.94,0.378,Narayanpet,TS
2020-08-10,7.4,25.4,22.6,1.62,0.413,Narayanpet,TS
2020-08-11,1.9,29.0,22.5,3.88,0.401,Narayanpet,TS
2020-08-12,4.0,27.6,23.2,3.24,0.392,Narayanpet,TS
2020-08-13,24.1,24.3,22.4,1.35,0.42,Narayanpet,TS
2020-08-14,22.2,23.9,21.8,1.28,0.429,Narayanpet,TS
2020-08-15,36.1,24.3,21.8,1.17,0.43,Narayanpet,TS
2020-08-16,41.1,24.0,21.9,1.11,0.43,Narayanpet,TS
2020-08-17,10.1,26.6,22.1,2.07,0.426,Narayanpet,TS
2020-08-18,3.9,27.1,22.4,2.23,0.416,Narayanpet,TS
2020-08-19,7.0,26.8,22.5,2.33,0.419,Narayanpet,TS
2020-08-20,27.1,24.9,22.1,1.41,0.43,Narayanpet,TS
2020-08-21,8.2,25.3,22.2,1.74,0.426,Narayanpet,TS
2020-08-22,1.9,29.4,22.5,4.12,0.411,Narayanpet,TS
2020-08-23,1.1,29.1,22.3,4.08,0.395,Narayanpet,TS
2020-08-24,1.0,29.4,22.5,4.14,0.382,Narayanpet,TS
2020-08-25,0.1,29.3,22.2,4.23,0.365,Narayanpet,TS
2020-08-26,0.0,28.5,23.3,3.62,0.355,Narayanpet,TS
2020-08-27,0.4,28.1,23.0,3.26,0.354,Narayanpet,TS
2020-08-28,1.0,28.8,22.1,4.14,0.352,Narayanpet,TS
2020-08-29,0.8,29.5,22.2,4.14,0.334,Narayanpet,TS
2020-08-30,1.4,30.2,21.9,4.31,0.322,Narayanpet,TS
2020-08-31,0.0,30.2,22.1,4.55,0.316,Narayanpet,TS
2020-09-01,0.3,30.6,23.7,4.76,0.298,Narayanpet,TS
2020-09-02,9.6,30.6,23.8,3.58,0.308,Narayanpet,TS
2020-09-03,2.9,30.2,22.6,4.42,0.337,Narayanpet,TS
2020-09-04,0.4,30.5,23.2,4.28,0.341,Narayanpet,TS
2020-09-05,0.4,31.7,23.6,5.06,0.316,Narayanpet,TS
2020-09-06,0.8,31.1,23.8,4.94,0.289,Narayanpet,TS
2020-09-07,6.5,30.8,23.8,4.3,0.309,Narayanpet,TS
2020-09-08,0.9,30.6,23.2,4.41,0.337,Narayanpet,TS
2020-09-09,5.5,30.2,23.3,4.42,0.352,Narayanpet,TS
2020-09-10,5.1,29.8,23.0,3.85,0.344,Narayanpet,TS
2020-09-11,6.4,29.7,23.1,3.94,0.365,Narayanpet,TS
2020-09-12,5.3,28.2,22.8,3.27,0.372,Narayanpet,TS
2020-09-13,21.0,25.2,22.3,1.67,0.401,Narayanpet,TS
2020-09-14,25.1,25.4,22.0,2.03,0.425,Narayanpet,TS
2020-09-15,11.2,27.0,22.3,2.34,0.418,Narayanpet,TS
2020-09-16,17.8,27.4,22.3,2.61,0.424,Narayanpet,TS
2020-09-17,6.8,28.2,22.2,3.15,0.417,Narayanpet,TS
2020-09-18,10.6,28.6,22.4,3.35,0.419,Narayanpet,TS
2020-09-19,11.0,28.7,22.6,2.64,0.422,Narayanpet,TS
2020-09-20,9.7,27.7,22.7,1.98,0.421,Narayanpet,TS
2020-09-21,4.2,26.8,22.3,2.26,0.419,Narayanpet,TS
2020-09-22,5.1,28.3,22.2,3.23,0.414,Narayanpet,TS
2020-09-23,0.3,28.4,21.8,3.64,0.401,Narayanpet,TS
2020-09-24,0.2,29.3,22.0,3.66,0.382,Narayanpet,TS
2020-09-25,14.5,29.1,22.9,3.08,0.389,Narayanpet,TS
2020-09-26,30.3,26.6,22.0,1.86,0.428,Narayanpet,TS
2020-09-27,2.3,27.2,21.1,2.17,0.419,Narayanpet,TS
2020-09-28,1.1,29.3,21.1,4.06,0.402,Narayanpet,TS
2020-09-29,5.0,28.7,22.7,3.49,0.399,Narayanpet,TS
2020-09-30,3.3,29.5,21.9,3.51,0.393,Narayanpet,TS
2020-10-01,10.2,28.6,22.2,2.76,0.414,Narayanpet,TS
2020-10-02,0.2,30.2,22.4,4.6,0.387,Narayanpet,TS
2020-10-03,0.0,30.2,22.7,4.31,0.369,Narayanpet,TS
2020-10-04,0.0,29.8,23.0,4.03,0.354,Narayanpet,TS
2020-10-05,0.0,30.0,22.7,4.65,0.34,Narayanpet,TS
2020-10-06,0.0,30.7,21.8,5.06,0.324,Narayanpet,TS
2020-10-07,0.0,30.4,23.4,4.75,0.313,Narayanpet,TS
2020-10-08,1.1,28.5,22.1,3.72,0.307,Narayanpet,TS
2020-10-09,5.7,29.6,23.1,3.52,0.306,Narayanpet,TS
2020-10-10,11.9,29.5,22.8,2.83,0.365,Narayanpet,TS
2020-10-11,11.2,26.3,22.9,1.63,0.404,Narayanpet,TS
2020-10-12,16.5,28.0,22.1,2.69,0.417,Narayanpet,TS
2020-10-13,62.9,25.1,22.8,1.2,0.428,Narayanpet,TS
2020-10-14,46.3,25.1,22.6,1.71,0.426,Narayanpet,TS
2020-10-15,5.4,27.9,22.1,3.15,0.419,Narayanpet,TS
2020-10-16,0.2,28.0,20.6,3.29,0.405,Narayanpet,TS
2020-10-17,0.0,28.7,21.2,4.16,0.384,Narayanpet,TS
2020-10-18,7.3,29.7,22.2,3.61,0.385,Narayanpet,TS
2020-10-19,0.9,29.8,22.0,3.6,0.384,Narayanpet,TS
2020-10-20,25.8,27.1,23.2,1.52,0.402,Narayanpet,TS
2020-10-21,13.1,27.7,22.3,1.99,0.417,Narayanpet,TS
2020-10-22,0.5,29.5,21.8,3.85,0.401,Narayanpet,TS
2020-10-23,0.0,30.1,20.9,4.21,0.383,Narayanpet,TS
2020-10-24,0.0,30.3,21.7,4.16,0.373,Narayanpet,TS
2020-10-25,0.1,29.7,21.8,4.22,0.361,Narayanpet,TS
2020-10-26,0.1,29.5,22.7,3.83,0.342,Narayanpet,TS
2020-10-27,0.0,29.6,21.2,4.51,0.326,Narayanpet,TS
2020-10-28,0.0,29.4,20.1,4.57,0.311,Narayanpet,TS
2020-10-29,0.0,29.1,19.7,4.03,0.303,Narayanpet,TS
2020-10-30,0.0,28.3,21.6,2.71,0.291,Narayanpet,TS
2020-10-31,0.0,30.2,21.6,4.75,0.282,Narayanpet,TS
2020-11-01,0.0,30.0,21.0,4.96,0.274,Narayanpet,TS
2020-11-02,0.0,30.4,20.9,5.13,0.262,Narayanpet,TS
2020-11-03,0.1,30.2,21.5,4.71,0.251,Narayanpet,TS
2020-11-04,0.0,30.2,21.0,5.22,0.24,Narayanpet,TS
2020-11-05,0.0,29.9,19.8,5.39,0.23,Narayanpet,TS
2020-11-06,0.0,29.8,19.3,5.18,0.224,Narayanpet,TS
2020-11-07,0.3,29.2,21.4,3.89,0.221,Narayanpet,TS
2020-11-08,0.0,29.9,19.9,4.96,0.218,Narayanpet,TS
2020-11-09,0.0,28.6,17.7,5.54,0.203,Narayanpet,TS
2020-11-10,0.0,28.3,16.7,5.32,0.194,Narayanpet,TS
2020-11-11,0.0,28.8,16.4,5.09,0.19,Narayanpet,TS
2020-11-12,0.8,28.7,19.9,3.54,0.196,Narayanpet,TS
2020-11-13,0.0,29.3,21.0,3.94,0.203,Narayanpet,TS
2020-11-14,0.0,30.4,20.5,4.77,0.197,Narayanpet,TS
2020-11-15,0.0,30.9,19.8,4.81,0.19,Narayanpet,TS
2020-11-16,0.0,28.0,21.7,3.25,0.186,Narayanpet,TS
2020-11-17,0.0,30.7,20.8,4.91,0.182,Narayanpet,TS
2020-11-18,0.0,29.3,19.3,3.77,0.174,Narayanpet,TS
2020-11-19,0.0,29.8,20.6,4.0,0.166,Narayanpet,TS
2020-11-20,0.0,29.9,18.7,4.4,0.162,Narayanpet,TS
2020-11-21,0.0,30.2,18.1,4.0,0.157,Narayanpet,TS
2020-11-22,0.3,29.2,20.0,3.85,0.153,Narayanpet,TS
2020-11-23,0.0,30.4,20.7,4.46,0.152,Narayanpet,TS
2020-11-24,0.0,29.8,19.0,4.91,0.156,Narayanpet,TS
2020-11-25,0.0,29.7,18.3,5.3,0.152,Narayanpet,TS
2020-11-26,0.6,27.9,21.2,3.81,0.152,Narayanpet,TS
2020-11-27,16.9,22.0,18.6,1.39,0.223,Narayanpet,TS
2020-11-28,3.8,26.1,18.5,3.16,0.334,Narayanpet,TS
2020-11-29,0.3,26.7,20.1,3.23,0.306,Narayanpet,TS
2020-11-30,0.0,28.4,19.3,3.5,0.279,Narayanpet,TS
2020-12-01,0.0,28.2,18.5,3.88,0.259,Narayanpet,TS
2020-12-02,0.0,28.4,17.2,4.31,0.242,Narayanpet,TS
2020-12-03,0.0,28.7,16.9,4.5,0.228,Narayanpet,TS
2020-12-04,0.0,29.1,18.2,4.65,0.218,Narayanpet,TS
2020-12-05,0.0,28.6,17.1,4.88,0.206,Narayanpet,TS
2020-12-06,0.0,28.8,16.5,4.6,0.195,Narayanpet,TS
2020-12-07,0.0,29.1,18.9,4.57,0.186,Narayanpet,TS
2020-12-08,0.0,29.2,19.0,4.56,0.18,Narayanpet,TS
2020-12-09,0.0,29.2,18.6,4.52,0.175,Narayanpet,TS
2020-12-10,0.0,28.9,17.6,4.37,0.166,Narayanpet,TS
2020-12-11,0.0,28.8,16.6,4.22,0.156,Narayanpet,TS
2020-12-12,0.0,28.6,16.0,4.22,0.152,Narayanpet,TS
2020-12-13,0.0,28.2,16.2,4.01,0.149,Narayanpet,TS
2020-12-14,0.0,28.7,16.2,4.36,0.144,Narayanpet,TS
2020-12-15,0.0,28.6,16.5,4.14,0.142,Narayanpet,TS
2020-12-16,0.0,29.0,18.4,4.22,0.142,Narayanpet,TS
2020-12-17,0.0,29.6,18.4,4.05,0.146,Narayanpet,TS
2020-12-18,0.0,29.0,18.2,4.16,0.15,Narayanpet,TS
2020-12-19,0.0,28.1,18.6,4.77,0.153,Narayanpet,TS
2020-12-20,0.0,27.8,16.9,4.93,0.155,Narayanpet,TS
2020-12-21,0.0,27.2,15.2,4.79,0.156,Narayanpet,TS
2020-12-22,0.0,26.7,13.3,4.45,0.152,Narayanpet,TS
2020-12-23,0.0,27.4,14.1,4.22,0.148,Narayanpet,TS
2020-12-24,0.0,27.8,15.3,4.14,0.145,Narayanpet,TS
2020-12-25,0.0,27.7,15.5,4.09,0.143,Narayanpet,TS
2020-12-26,0.0,27.7,15.8,3.94,0.145,Narayanpet,TS
2020-12-27,0.0,28.8,16.6,4.06,0.144,Narayanpet,TS
2020-12-28,0.0,28.7,15.2,4.09,0.143,Narayanpet,TS
2020-12-29,0.0,28.6,16.4,4.22,0.143,Narayanpet,TS
2020-12-30,0.0,28.7,16.9,4.25,0.145,Narayanpet,TS
2020-12-31,0.0,28.6,18.6,3.83,0.157,Narayanpet,TS
2021-01-01,0.0,27.9,18.3,3.63,0.169,Narayanpet,TS
2021-01-02,0.0,27.0,15.2,4.16,0.178,Narayanpet,TS
2021-01-03,0.0,27.8,16.4,4.3,0.185,Narayanpet,TS
2021-01-04,0.0,27.9,17.7,4.44,0.193,Narayanpet,TS
2021-01-05,0.0,27.9,17.2,3.92,0.187,Narayanpet,TS
2021-01-06,1.7,25.2,20.0,1.93,0.185,Narayanpet,TS
2021-01-07,1.5,24.4,19.6,2.34,0.195,Narayanpet,TS
2021-01-08,0.0,29.0,18.2,3.93,0.197,Narayanpet,TS
2021-01-09,0.0,28.4,19.8,3.98,0.19,Narayanpet,TS
2021-01-10,0.0,29.1,18.4,4.3,0.189,Narayanpet,TS
2021-01-11,0.0,29.9,18.7,4.45,0.185,Narayanpet,TS
2021-01-12,0.0,30.1,18.8,4.4,0.186,Narayanpet,TS
2021-01-13,0.0,29.7,18.1,4.53,0.185,Narayanpet,TS
2021-01-14,0.0,29.3,17.6,4.3,0.181,Narayanpet,TS
2021-01-15,0.0,28.6,17.4,4.07,0.179,Narayanpet,TS
2021-01-16,0.0,28.8,18.0,4.03,0.178,Narayanpet,TS
2021-01-17,0.0,28.7,18.7,4.07,0.179,Narayanpet,TS
2021-01-18,0.0,28.1,17.6,4.05,0.184,Narayanpet,TS
2021-01-19,0.0,28.0,16.5,4.0,0.184,Narayanpet,TS
2021-01-20,0.0,29.2,16.7,4.46,0.18,Narayanpet,TS
2021-01-21,0.0,29.6,17.0,4.06,0.174,Narayanpet,TS
2021-01-22,0.0,29.8,18.7,4.48,0.175,Narayanpet,TS
2021-01-23,0.0,29.6,17.6,4.57,0.177,Narayanpet,TS
2021-01-24,0.0,29.2,17.4,4.44,0.179,Narayanpet,TS
2021-01-25,0.0,29.8,17.1,4.55,0.177,Narayanpet,TS
2021-01-26,0.0,29.5,17.7,4.58,0.175,Narayanpet,TS
2021-01-27,0.0,29.2,17.0,4.55,0.175,Narayanpet,TS
2021-01-28,0.0,28.9,17.6,4.64,0.181,Narayanpet,TS
2021-01-29,0.0,28.9,17.4,4.59,0.187,Narayanpet,TS
2021-01-30,0.0,29.0,16.5,4.45,0.193,Narayanpet,TS
2021-01-31,0.0,28.7,17.7,4.59,0.199,Narayanpet,TS
2021-02-01,0.0,28.4,20.0,4.56,0.205,Narayanpet,TS
2021-02-02,0.0,27.8,17.3,4.7,0.196,Narayanpet,TS
2021-02-03,0.0,28.1,15.5,5.1,0.192,Narayanpet,TS
2021-02-04,0.0,28.2,16.0,5.15,0.189,Narayanpet,TS
2021-02-05,0.0,28.1,15.4,4.63,0.181,Narayanpet,TS
2021-02-06,0.0,28.7,15.8,4.98,0.178,Narayanpet,TS
2021-02-07,0.0,28.8,16.5,5.25,0.173,Narayanpet,TS
2021-02-08,0.0,27.9,16.6,5.55,0.175,Narayanpet,TS
2021-02-09,0.0,28.6,15.4,4.99,0.173,Narayanpet,TS
2021-02-10,0.0,28.7,15.4,4.92,0.173,Narayanpet,TS
2021-02-11,0.0,29.5,16.4,5.11,0.165,Narayanpet,TS
2021-02-12,0.0,29.0,15.9,5.02,0.163,Narayanpet,TS
2021-02-13,0.0,29.1,16.1,5.07,0.154,Narayanpet,TS
2021-02-14,0.0,30.0,16.3,5.18,0.153,Narayanpet,TS
2021-02-15,0.0,30.3,16.4,5.22,0.146,Narayanpet,TS
2021-02-16,0.0,31.0,17.9,5.7,0.145,Narayanpet,TS
2021-02-17,0.0,30.6,17.4,5.46,0.143,Narayanpet,TS
2021-02-18,0.0,28.7,17.9,5.41,0.141,Narayanpet,TS
2021-02-19,0.0,27.6,17.9,4.31,0.141,Narayanpet,TS
2021-02-20,0.0,27.5,17.8,4.76,0.14,Narayanpet,TS
2021-02-21,0.0,27.0,18.6,3.63,0.139,Narayanpet,TS
2021-02-22,0.0,29.9,20.1,4.54,0.141,Narayanpet,TS
2021-02-23,0.0,30.9,18.7,5.13,0.143,Narayanpet,TS
2021-02-24,0.0,31.6,18.3,5.79,0.141,Narayanpet,TS
2021-02-25,0.0,32.7,18.4,5.35,0.139,Narayanpet,TS
2021-02-26,0.0,32.8,19.8,5.6,0.138,Narayanpet,TS
2021-02-27,0.0,32.9,21.4,5.57,0.135,Narayanpet,TS
2021-02-28,0.0,33.9,19.7,6.28,0.133,Narayanpet,TS
2021-03-01,0.0,33.7,20.4,5.4,0.136,Narayanpet,TS
2021-03-02,0.0,33.6,20.4,5.11,0.132,Narayanpet,TS
2021-03-03,0.0,34.5,20.5,6.47,0.138,Narayanpet,TS
2021-03-04,0.0,33.1,18.7,6.62,0.141,Narayanpet,TS
2021-03-05,0.0,33.3,17.8,6.53,0.138,Narayanpet,TS
2021-03-06,0.0,33.6,17.9,6.01,0.135,Narayanpet,TS
2021-03-07,0.0,33.9,19.3,6.36,0.133,Narayanpet,TS
2021-03-08,0.0,34.3,20.4,6.72,0.132,Narayanpet,TS
2021-03-09,0.0,33.7,18.9,6.55,0.132,Narayanpet,TS
2021-03-10,0.0,33.7,18.9,6.64,0.128,Narayanpet,TS
2021-03-11,0.0,34.0,19.2,6.43,0.127,Narayanpet,TS
2021-03-12,0.0,33.7,18.6,6.37,0.126,Narayanpet,TS
2021-03-13,0.0,33.4,17.3,6.72,0.126,Narayanpet,TS
2021-03-14,0.0,33.3,18.8,6.46,0.125,Narayanpet,TS
2021-03-15,0.0,33.9,18.5,6.77,0.124,Narayanpet,TS
2021-03-16,0.0,34.1,19.5,6.48,0.124,Narayanpet,TS
2021-03-17,0.0,35.1,20.5,6.5,0.123,Narayanpet,TS
2021-03-18,0.0,34.1,21.1,6.09,0.123,Narayanpet,TS
2021-03-19,0.0,34.7,21.3,6.43,0.123,Narayanpet,TS
2021-03-20,0.0,34.3,19.7,6.54,0.122,Narayanpet,TS
2021-03-21,0.0,34.8,20.4,6.3,0.122,Narayanpet,TS
2021-03-22,0.0,35.4,22.0,6.74,0.125,Narayanpet,TS
2021-03-23,0.0,35.6,23.4,7.32,0.132,Narayanpet,TS
2021-03-24,0.0,35.1,23.3,6.76,0.134,Narayanpet,TS
2021-03-25,0.0,35.6,23.7,6.4,0.129,Narayanpet,TS
2021-03-26,0.0,36.8,23.2,6.95,0.126,Narayanpet,TS
2021-03-27,0.0,36.2,23.6,6.31,0.125,Narayanpet,TS
2021-03-28,0.0,36.0,24.1,6.07,0.128,Narayanpet,TS
2021-03-29,0.0,37.4,23.0,6.84,0.123,Narayanpet,TS
2021-03-30,0.0,37.6,23.2,7.34,0.122,Narayanpet,TS
2021-03-31,0.0,38.7,25.0,8.43,0.122,Narayanpet,TS
2021-04-01,0.0,38.1,25.0,8.49,0.122,Narayanpet,TS
2021-04-02,0.0,37.7,24.7,8.34,0.123,Narayanpet,TS
2021-04-03,0.0,37.9,22.3,7.25,0.121,Narayanpet,TS
2021-04-04,0.0,38.5,24.4,7.12,0.121,Narayanpet,TS
2021-04-05,0.0,36.8,24.1,7.06,0.121,Narayanpet,TS
2021-04-06,0.0,37.1,23.2,7.07,0.126,Narayanpet,TS
2021-04-07,0.0,36.6,23.5,6.38,0.127,Narayanpet,TS
2021-04-08,0.0,36.1,25.1,5.57,0.125,Narayanpet,TS
2021-04-09,0.0,36.3,24.9,6.51,0.124,Narayanpet,TS
2021-04-10,0.0,35.7,24.6,5.89,0.122,Narayanpet,TS
2021-04-11,0.0,35.3,24.3,6.55,0.123,Narayanpet,TS
2021-04-12,0.1,35.7,25.3,6.34,0.122,Narayanpet,TS
2021-04-13,0.3,35.5,24.8,5.94,0.124,Narayanpet,TS
2021-04-14,10.0,33.1,22.0,4.84,0.182,Narayanpet,TS
2021-04-15,0.0,33.2,21.4,5.53,0.198,Narayanpet,TS
2021-04-16,0.0,35.6,22.5,6.62,0.197,Narayanpet,TS
2021-04-17,0.0,35.2,23.2,6.44,0.187,Narayanpet,TS
2021-04-18,0.0,34.8,24.3,6.08,0.179,Narayanpet,TS
2021-04-19,0.0,35.8,25.5,6.1,0.172,Narayanpet,TS
2021-04-20,0.0,36.2,25.5,6.39,0.165,Narayanpet,TS
2021-04-21,0.0,36.1,25.5,6.31,0.16,Narayanpet,TS
2021-04-22,0.0,35.5,24.5,6.28,0.153,Narayanpet,TS
2021-04-23,0.0,35.0,24.4,5.75,0.153,Narayanpet,TS
2021-04-24,0.0,35.1,24.3,6.03,0.153,Narayanpet,TS
2021-04-25,0.0,35.9,24.6,5.95,0.149,Narayanpet,TS
2021-04-26,0.0,36.3,24.7,6.55,0.148,Narayanpet,TS
2021-04-27,0.0,36.1,24.3,6.51,0.147,Narayanpet,TS
2021-04-28,0.0,37.0,24.5,6.34,0.139,Narayanpet,TS
2021-04-29,0.0,36.8,24.7,6.2,0.129,Narayanpet,TS
2021-04-30,0.0,36.3,23.5,6.38,0.132,Narayanpet,TS
2021-05-01,0.0,35.8,24.4,6.32,0.138,Narayanpet,TS
2021-05-02,0.0,35.2,23.8,6.18,0.14,Narayanpet,TS
2021-05-03,0.0,34.9,24.2,6.42,0.14,Narayanpet,TS
2021-05-04,0.0,34.8,25.0,5.59,0.144,Narayanpet,TS
2021-05-05,0.0,36.3,25.4,6.58,0.144,Narayanpet,TS
2021-05-06,0.0,35.3,26.1,6.23,0.143,Narayanpet,TS
2021-05-07,0.0,35.2,25.2,6.25,0.136,Narayanpet,TS
2021-05-08,0.0,35.4,26.0,6.13,0.136,Narayanpet,TS
2021-05-09,0.1,35.0,26.3,5.86,0.133,Narayanpet,TS
2021-05-10,0.0,35.6,26.7,5.58,0.125,Narayanpet,TS
2021-05-11,4.1,36.5,26.6,5.48,0.128,Narayanpet,TS
2021-05-12,0.0,37.6,25.9,6.24,0.127,Narayanpet,TS
2021-05-13,3.8,35.9,27.1,5.53,0.154,Narayanpet,TS
2021-05-14,0.4,35.6,25.9,6.31,0.183,Narayanpet,TS
2021-05-15,12.1,35.1,24.3,6.08,0.213,Narayanpet,TS
2021-05-16,1.5,30.8,24.2,4.89,0.307,Narayanpet,TS
2021-05-17,0.0,34.0,24.7,6.19,0.255,Narayanpet,TS
2021-05-18,0.3,34.7,25.4,6.49,0.217,Narayanpet,TS
2021-05-19,1.1,34.1,25.0,6.11,0.195,Narayanpet,TS
2021-05-20,1.5,33.8,24.0,5.82,0.206,Narayanpet,TS
2021-05-21,1.4,36.1,24.6,5.83,0.193,Narayanpet,TS
2021-05-22,0.0,36.3,24.2,6.49,0.181,Narayanpet,TS
2021-05-23,0.4,37.0,25.4,7.22,0.168,Narayanpet,TS
2021-05-24,0.2,33.8,25.4,5.28,0.173,Narayanpet,TS
2021-05-25,0.0,35.8,25.3,7.23,0.176,Narayanpet,TS
2021-05-26,0.0,37.1,25.7,8.01,0.164,Narayanpet,TS
2021-05-27,0.0,36.4,24.8,8.39,0.157,Narayanpet,TS
2021-05-28,0.1,33.6,24.0,5.66,0.158,Narayanpet,TS
2021-05-29,0.0,35.6,26.0,6.44,0.149,Narayanpet,TS
2021-05-30,2.2,36.0,24.8,6.4,0.142,Narayanpet,TS
2021-05-31,0.8,35.6,26.5,6.18,0.126,Narayanpet,TS
2021-06-01,0.2,36.2,24.8,6.03,0.123,Narayanpet,TS
2021-06-02,12.9,32.5,25.2,4.16,0.264,Narayanpet,TS
2021-06-03,14.8,29.6,23.4,2.74,0.348,Narayanpet,TS
2021-06-04,0.0,31.0,24.2,3.48,0.283,Narayanpet,TS
2021-06-05,3.2,31.8,23.9,3.92,0.259,Narayanpet,TS
2021-06-06,4.8,31.1,22.7,4.73,0.27,Narayanpet,TS
2021-06-07,0.8,32.5,24.6,5.95,0.245,Narayanpet,TS
2021-06-08,0.2,32.5,23.8,6.42,0.221,Narayanpet,TS
2021-06-09,5.9,31.6,24.1,5.14,0.209,Narayanpet,TS
2021-06-10,2.9,30.2,23.2,4.69,0.213,Narayanpet,TS
2021-06-11,0.4,29.3,23.1,3.66,0.22,Narayanpet,TS
2021-06-12,3.3,31.7,23.5,5.19,0.221,Narayanpet,TS
2021-06-13,0.4,31.6,23.7,4.47,0.263,Narayanpet,TS
2021-06-14,0.9,31.2,23.6,4.18,0.261,Narayanpet,TS
2021-06-15,3.1,29.3,23.6,3.22,0.267,Narayanpet,TS
2021-06-16,11.5,27.8,22.9,2.38,0.299,Narayanpet,TS
2021-06-17,6.2,28.9,22.6,3.04,0.329,Narayanpet,TS
2021-06-18,1.5,29.6,23.1,3.63,0.306,Narayanpet,TS
2021-06-19,6.3,30.2,23.4,4.06,0.306,Narayanpet,TS
2021-06-20,0.4,30.9,22.9,5.31,0.276,Narayanpet,TS
2021-06-21,0.4,32.1,22.7,5.81,0.242,Narayanpet,TS
2021-06-22,0.0,32.7,23.7,6.41,0.219,Narayanpet,TS
2021-06-23,0.0,33.1,24.6,6.17,0.198,Narayanpet,TS
2021-06-24,3.1,29.0,23.9,2.69,0.193,Narayanpet,TS
2021-06-25,0.8,29.3,22.4,3.22,0.207,Narayanpet,TS
2021-06-26,12.8,32.8,23.3,5.33,0.215,Narayanpet,TS
2021-06-27,24.6,26.3,22.4,2.47,0.373,Narayanpet,TS
2021-06-28,6.9,30.1,21.7,4.12,0.355,Narayanpet,TS
2021-06-29,0.0,32.4,22.8,5.48,0.306,Narayanpet,TS
2021-06-30,0.0,32.9,24.2,6.03,0.274,Narayanpet,TS
2021-07-01,5.0,31.1,24.0,4.18,0.255,Narayanpet,TS
2021-07-02,7.0,29.1,23.2,2.34,0.337,Narayanpet,TS
2021-07-03,0.0,32.3,23.3,5.48,0.305,Narayanpet,TS
2021-07-04,0.3,32.1,23.9,5.12,0.272,Narayanpet,TS
2021-07-05,0.3,32.0,24.1,4.24,0.264,Narayanpet,TS
2021-07-06,11.6,32.0,23.4,4.69,0.321,Narayanpet,TS
2021-07-07,21.2,31.4,23.4,4.07,0.363,Narayanpet,TS
2021-07-08,10.6,27.7,23.8,2.06,0.406,Narayanpet,TS
2021-07-09,12.1,28.7,22.9,2.77,0.405,Narayanpet,TS
2021-07-10,6.4,29.7,22.4,3.52,0.399,Narayanpet,TS
2021-07-11,13.0,29.4,22.8,2.94,0.403,Narayanpet,TS
2021-07-12,15.1,28.2,22.8,3.06,0.405,Narayanpet,TS
2021-07-13,24.7,28.0,21.3,3.07,0.419,Narayanpet,TS
2021-07-14,40.3,26.3,22.4,1.72,0.428,Narayanpet,TS
2021-07-15,16.7,28.4,22.1,2.37,0.421,Narayanpet,TS
2021-07-16,14.8,29.6,22.7,3.53,0.415,Narayanpet,TS
2021-07-17,13.0,30.3,23.0,4.01,0.415,Narayanpet,TS
2021-07-18,14.8,29.6,22.7,3.31,0.415,Narayanpet,TS
2021-07-19,7.9,28.3,22.6,3.29,0.41,Narayanpet,TS
2021-07-20,18.5,28.6,22.6,3.4,0.418,Narayanpet,TS
2021-07-21,15.9,25.6,22.6,1.75,0.42,Narayanpet,TS
2021-07-22,40.3,24.3,22.2,1.29,0.43,Narayanpet,TS
2021-07-23,25.3,26.3,22.0,1.85,0.423,Narayanpet,TS
2021-07-24,1.0,29.1,22.4,4.08,0.404,Narayanpet,TS
2021-07-25,1.5,29.9,22.5,4.65,0.39,Narayanpet,TS
2021-07-26,0.9,30.2,22.8,5.17,0.378,Narayanpet,TS
2021-07-27,0.3,29.8,22.5,5.2,0.362,Narayanpet,TS
2021-07-28,1.3,29.4,22.4,4.98,0.352,Narayanpet,TS
2021-07-29,0.8,28.4,22.8,4.51,0.334,Narayanpet,TS
2021-07-30,0.5,30.1,23.1,4.88,0.324,Narayanpet,TS
2021-07-31,0.4,29.3,23.1,3.97,0.318,Narayanpet,TS
2021-08-01,0.3,29.2,22.0,4.39,0.315,Narayanpet,TS
2021-08-02,1.7,30.2,22.5,5.02,0.31,Narayanpet,TS
2021-08-03,2.1,30.0,22.3,4.69,0.308,Narayanpet,TS
2021-08-04,1.7,30.1,22.8,4.78,0.314,Narayanpet,TS
2021-08-05,1.1,30.1,23.0,4.82,0.312,Narayanpet,TS
2021-08-06,1.2,30.1,22.8,4.85,0.307,Narayanpet,TS
2021-08-07,0.5,30.2,22.7,4.91,0.297,Narayanpet,TS
2021-08-08,0.9,30.6,23.2,5.06,0.288,Narayanpet,TS
2021-08-09,1.1,30.8,24.0,4.94,0.276,Narayanpet,TS
2021-08-10,0.4,31.1,24.3,5.48,0.26,Narayanpet,TS
2021-08-11,0.1,32.0,24.2,5.7,0.247,Narayanpet,TS
2021-08-12,0.8,29.7,24.3,4.03,0.235,Narayanpet,TS
2021-08-13,7.9,30.1,24.1,3.56,0.258,Narayanpet,TS
2021-08-14,0.2,30.5,23.1,5.12,0.218,Narayanpet,TS
2021-08-15,2.2,29.9,22.5,4.01,0.244,Narayanpet,TS
2021-08-16,15.5,25.2,22.7,1.54,0.358,Narayanpet,TS
2021-08-17,14.6,25.1,22.7,1.49,0.407,Narayanpet,TS
2021-08-18,2.2,28.2,22.2,3.13,0.396,Narayanpet,TS
2021-08-19,1.1,28.6,22.2,3.98,0.381,Narayanpet,TS
2021-08-20,0.9,28.8,22.0,3.54,0.368,Narayanpet,TS
2021-08-21,7.0,28.2,22.3,3.03,0.379,Narayanpet,TS
2021-08-22,2.7,29.5,22.1,4.63,0.369,Narayanpet,TS
2021-08-23,0.4,30.3,21.5,4.9,0.342,Narayanpet,TS
2021-08-24,1.0,29.9,22.7,4.32,0.321,Narayanpet,TS
2021-08-25,6.8,29.4,22.6,3.74,0.331,Narayanpet,TS
2021-08-26,2.2,28.7,22.7,3.27,0.364,Narayanpet,TS
2021-08-27,1.5,29.1,23.0,3.33,0.354,Narayanpet,TS
2021-08-28,19.3,25.5,22.6,1.41,0.388,Narayanpet,TS
2021-08-29,24.5,28.5,21.6,2.58,0.398,Narayanpet,TS
2021-08-30,22.2,24.4,22.5,1.15,0.422,Narayanpet,TS
2021-08-31,9.1,28.3,22.2,3.32,0.416,Narayanpet,TS
2021-09-01,1.6,29.3,22.4,4.33,0.39,Narayanpet,TS
2021-09-02,3.9,29.0,22.4,4.0,0.374,Narayanpet,TS
2021-09-03,13.9,28.8,22.3,3.5,0.4,Narayanpet,TS
2021-09-04,19.6,27.7,22.4,2.79,0.422,Narayanpet,TS
2021-09-05,15.6,27.7,22.3,2.9,0.423,Narayanpet,TS
2021-09-06,27.4,24.4,22.5,1.4,0.429,Narayanpet,TS
2021-09-07,18.8,24.2,21.9,1.26,0.428,Narayanpet,TS
2021-09-08,2.0,28.8,22.0,3.94,0.412,Narayanpet,TS
2021-09-09,1.1,29.5,21.9,4.26,0.396,Narayanpet,TS
2021-09-10,0.8,29.5,22.0,4.21,0.38,Narayanpet,TS
2021-09-11,2.4,28.7,22.3,3.45,0.37,Narayanpet,TS
2021-09-12,2.4,29.9,22.1,4.1,0.363,Narayanpet,TS
2021-09-13,11.5,29.1,23.1,3.28,0.376,Narayanpet,TS
2021-09-14,1.2,29.1,22.8,3.78,0.385,Narayanpet,TS
2021-09-15,0.5,28.7,21.9,3.89,0.37,Narayanpet,TS
2021-09-16,0.0,28.7,21.4,4.18,0.354,Narayanpet,TS
2021-09-17,0.1,28.9,21.5,4.53,0.336,Narayanpet,TS
2021-09-18,0.0,28.7,22.4,4.16,0.323,Narayanpet,TS
2021-09-19,0.2,27.4,22.3,2.26,0.308,Narayanpet,TS
2021-09-20,6.1,27.9,23.2,2.9,0.323,Narayanpet,TS
2021-09-21,12.6,27.5,22.0,2.93,0.389,Narayanpet,TS
2021-09-22,6.8,28.1,22.3,3.39,0.383,Narayanpet,TS
2021-09-23,12.2,26.0,22.3,2.18,0.409,Narayanpet,TS
2021-09-24,5.5,28.7,22.1,3.42,0.403,Narayanpet,TS
2021-09-25,1.7,29.0,22.5,4.0,0.375,Narayanpet,TS
2021-09-26,11.4,28.9,22.8,3.71,0.366,Narayanpet,TS
2021-09-27,6.8,24.7,22.5,1.71,0.385,Narayanpet,TS
2021-09-28,8.9,28.1,21.8,3.06,0.391,Narayanpet,TS
2021-09-29,0.7,28.7,21.4,3.63,0.362,Narayanpet,TS
2021-09-30,1.4,29.5,22.3,3.73,0.351,Narayanpet,TS
2021-10-01,7.9,30.6,22.9,4.09,0.341,Narayanpet,TS
2021-10-02,1.2,30.4,22.2,4.18,0.367,Narayanpet,TS
2021-10-03,1.0,30.3,22.6,4.41,0.341,Narayanpet,TS
2021-10-04,0.7,30.9,22.4,4.31,0.314,Narayanpet,TS
2021-10-05,2.3,30.7,22.9,4.16,0.296,Narayanpet,TS
2021-10-06,1.3,30.5,23.0,4.38,0.278,Narayanpet,TS
2021-10-07,2.3,29.8,22.8,3.97,0.269,Narayanpet,TS
2021-10-08,8.2,30.1,23.0,3.76,0.331,Narayanpet,TS
2021-10-09,17.5,28.6,22.4,3.18,0.38,Narayanpet,TS
2021-10-10,12.0,28.1,22.2,2.51,0.376,Narayanpet,TS
2021-10-11,0.0,30.5,21.7,4.6,0.357,Narayanpet,TS
2021-10-12,0.0,30.2,21.7,4.75,0.341,Narayanpet,TS
2021-10-13,0.0,30.5,22.0,4.75,0.343,Narayanpet,TS
2021-10-14,0.0,30.7,22.4,4.77,0.328,Narayanpet,TS
2021-10-15,0.0,30.7,23.2,5.16,0.309,Narayanpet,TS
2021-10-16,2.7,28.8,22.6,3.65,0.303,Narayanpet,TS
2021-10-17,1.1,29.7,21.4,3.74,0.302,Narayanpet,TS
2021-10-18,0.0,30.1,22.7,5.04,0.281,Narayanpet,TS
2021-10-19,0.2,30.5,22.8,5.01,0.263,Narayanpet,TS
2021-10-20,0.0,31.1,22.0,4.98,0.247,Narayanpet,TS
2021-10-21,0.0,30.7,20.9,5.44,0.23,Narayanpet,TS
2021-10-22,0.0,30.6,23.0,5.58,0.215,Narayanpet,TS
2021-10-23,0.0,31.2,22.0,5.02,0.201,Narayanpet,TS
2021-10-24,0.0,29.3,21.6,2.83,0.194,Narayanpet,TS
2021-10-25,0.0,30.4,20.9,5.43,0.187,Narayanpet,TS
2021-10-26,0.0,29.8,19.7,5.85,0.176,Narayanpet,TS
2021-10-27,0.0,29.9,19.6,6.18,0.17,Narayanpet,TS
2021-10-28,0.0,29.9,19.8,5.27,0.165,Narayanpet,TS
2021-10-29,0.0,30.8,22.3,5.03,0.162,Narayanpet,TS
2021-10-30,3.0,31.5,22.0,4.45,0.165,Narayanpet,TS
2021-10-31,0.2,31.3,22.2,4.23,0.192,Narayanpet,TS
2021-11-01,0.5,30.5,21.7,4.31,0.188,Narayanpet,TS
2021-11-02,5.6,29.4,21.7,3.25,0.203,Narayanpet,TS
2021-11-03,0.2,28.7,21.9,3.33,0.212,Narayanpet,TS
2021-11-04,0.3,29.9,20.8,3.77,0.202,Narayanpet,TS
2021-11-05,0.0,30.1,20.9,4.19,0.199,Narayanpet,TS
2021-11-06,0.0,30.2,20.0,4.61,0.186,Narayanpet,TS
2021-11-07,0.0,28.9,20.0,4.18,0.174,Narayanpet,TS
2021-11-08,0.0,29.5,20.1,5.13,0.169,Narayanpet,TS
2021-11-09,0.0,29.7,19.2,5.63,0.164,Narayanpet,TS
2021-11-10,0.0,30.5,19.5,5.4,0.158,Narayanpet,TS
2021-11-11,0.8,26.7,21.6,3.69,0.154,Narayanpet,TS
2021-11-12,5.0,28.4,19.7,3.62,0.164,Narayanpet,TS
2021-11-13,0.6,30.8,21.9,3.61,0.16,Narayanpet,TS
2021-11-14,3.9,29.8,21.9,3.12,0.169,Narayanpet,TS
2021-11-15,0.7,30.0,21.9,3.86,0.21,Narayanpet,TS
2021-11-16,1.3,29.8,22.4,3.56,0.215,Narayanpet,TS
2021-11-17,1.1,29.6,22.1,3.42,0.216,Narayanpet,TS
2021-11-18,0.9,27.2,21.4,1.67,0.225,Narayanpet,TS
2021-11-19,1.2,27.6,21.9,2.93,0.291,Narayanpet,TS
2021-11-20,2.3,28.4,22.5,3.3,0.286,Narayanpet,TS
2021-11-21,14.7,28.1,22.0,2.95,0.318,Narayanpet,TS
2021-11-22,0.7,29.7,21.9,3.57,0.33,Narayanpet,TS
2021-11-23,0.8,30.2,21.6,3.61,0.307,Narayanpet,TS
2021-11-24,0.2,30.6,21.9,3.97,0.288,Narayanpet,TS
2021-11-25,0.0,30.6,20.7,4.09,0.263,Narayanpet,TS
2021-11-26,0.0,29.7,19.3,4.55,0.238,Narayanpet,TS
2021-11-27,0.0,29.1,18.4,4.63,0.221,Narayanpet,TS
2021-11-28,0.1,28.7,20.0,3.97,0.21,Narayanpet,TS
2021-11-29,1.6,26.3,20.6,2.55,0.207,Narayanpet,TS
2021-11-30,0.3,28.9,20.0,3.39,0.227,Narayanpet,TS
2021-12-01,0.0,28.8,19.7,3.83,0.217,Narayanpet,TS
2021-12-02,0.0,27.2,19.6,2.78,0.208,Narayanpet,TS
2021-12-03,0.0,29.7,19.9,3.6,0.201,Narayanpet,TS
2021-12-04,0.1,30.0,21.6,3.7,0.187,Narayanpet,TS
2021-12-05,0.0,31.0,19.9,4.15,0.175,Narayanpet,TS
2021-12-06,0.0,31.1,20.3,4.51,0.163,Narayanpet,TS
2021-12-07,0.0,30.5,21.0,4.08,0.153,Narayanpet,TS
2021-12-08,0.0,30.7,20.4,4.71,0.148,Narayanpet,TS
2021-12-09,0.4,30.4,20.2,4.06,0.144,Narayanpet,TS
2021-12-10,1.7,29.6,21.0,3.79,0.161,Narayanpet,TS
2021-12-11,0.0,30.1,21.2,3.97,0.175,Narayanpet,TS
2021-12-12,0.0,30.4,19.8,4.53,0.17,Narayanpet,TS
2021-12-13,0.0,29.4,19.0,3.77,0.168,Narayanpet,TS
2021-12-14,0.1,28.8,19.1,3.51,0.165,Narayanpet,TS
2021-12-15,0.0,28.4,19.0,3.76,0.164,Narayanpet,TS
2021-12-16,0.0,29.2,17.3,4.88,0.16,Narayanpet,TS
2021-12-17,0.0,28.8,16.4,4.71,0.151,Narayanpet,TS
2021-12-18,0.0,28.4,15.9,5.17,0.145,Narayanpet,TS
2021-12-19,0.0,28.0,15.4,4.63,0.141,Narayanpet,TS
2021-12-20,0.0,27.6,15.7,4.14,0.137,Narayanpet,TS
2021-12-21,0.0,27.2,14.7,3.89,0.134,Narayanpet,TS
2021-12-22,0.0,28.6,15.4,4.3,0.135,Narayanpet,TS
2021-12-23,0.0,28.9,15.3,4.09,0.133,Narayanpet,TS
2021-12-24,0.0,29.5,15.6,4.36,0.134,Narayanpet,TS
2021-12-25,0.0,29.4,16.4,4.06,0.131,Narayanpet,TS
2021-12-26,0.0,29.9,17.0,3.97,0.131,Narayanpet,TS
2021-12-27,0.0,29.3,17.6,4.11,0.135,Narayanpet,TS
2021-12-28,0.0,28.8,17.2,4.36,0.142,Narayanpet,TS
2021-12-29,0.0,28.4,16.8,3.88,0.142,Narayanpet,TS
2021-12-30,0.0,28.4,17.5,4.34,0.142,Narayanpet,TS
2021-12-31,0.0,29.1,18.4,4.68,0.144,Narayanpet,TS
2022-01-01,0.0,29.3,18.9,4.2,0.148,Narayanpet,TS
2022-01-02,0.0,28.2,18.3,4.12,0.152,Narayanpet,TS
2022-01-03,0.0,28.3,17.7,4.27,0.151,Narayanpet,TS
2022-01-04,0.0,28.6,16.5,4.32,0.152,Narayanpet,TS
2022-01-05,0.0,28.0,16.1,4.09,0.153,Narayanpet,TS
2022-01-06,0.0,28.0,16.5,4.04,0.153,Narayanpet,TS
2022-01-07,0.0,28.2,17.3,3.93,0.154,Narayanpet,TS
2022-01-08,0.4,27.7,18.9,3.33,0.161,Narayanpet,TS
2022-01-09,0.2,28.3,18.1,3.41,0.17,Narayanpet,TS
2022-01-10,2.4,27.4,19.2,3.58,0.18,Narayanpet,TS
2022-01-11,0.4,27.9,18.2,3.25,0.185,Narayanpet,TS
2022-01-12,0.4,28.7,18.5,3.88,0.182,Narayanpet,TS
2022-01-13,0.4,27.1,18.1,3.46,0.197,Narayanpet,TS
2022-01-14,1.5,28.8,18.2,3.98,0.2,Narayanpet,TS
2022-01-15,0.3,27.1,17.4,3.46,0.192,Narayanpet,TS
2022-01-16,0.1,27.7,18.1,4.06,0.191,Narayanpet,TS
2022-01-17,0.1,26.9,17.9,3.35,0.191,Narayanpet,TS
2022-01-18,0.0,28.0,17.2,3.86,0.185,Narayanpet,TS
2022-01-19,0.0,29.4,16.7,4.77,0.176,Narayanpet,TS
2022-01-20,0.0,30.4,15.9,4.55,0.171,Narayanpet,TS
2022-01-21,0.0,31.3,18.0,4.82,0.167,Narayanpet,TS
2022-01-22,0.0,31.0,17.5,5.08,0.164,Narayanpet,TS
2022-01-23,0.0,29.6,18.3,5.12,0.161,Narayanpet,TS
2022-01-24,0.0,26.9,18.1,5.03,0.158,Narayanpet,TS
2022-01-25,0.0,27.6,16.2,4.63,0.158,Narayanpet,TS
2022-01-26,0.0,28.4,16.6,4.65,0.158,Narayanpet,TS
2022-01-27,0.0,28.7,18.1,5.18,0.156,Narayanpet,TS
2022-01-28,0.0,27.9,17.0,5.36,0.151,Narayanpet,TS
2022-01-29,0.0,28.7,15.6,5.48,0.141,Narayanpet,TS
2022-01-30,0.0,29.3,15.8,5.0,0.136,Narayanpet,TS
2022-01-31,0.0,31.1,16.7,5.14,0.133,Narayanpet,TS
2022-02-01,0.0,31.1,16.9,4.8,0.133,Narayanpet,TS
2022-02-02,0.0,31.2,17.6,4.99,0.139,Narayanpet,TS
2022-02-03,0.0,31.6,18.0,5.28,0.137,Narayanpet,TS
2022-02-04,0.0,29.4,17.9,5.42,0.133,Narayanpet,TS
2022-02-05,0.0,29.8,16.8,5.46,0.134,Narayanpet,TS
2022-02-06,0.0,30.2,17.5,5.53,0.137,Narayanpet,TS
2022-02-07,0.0,30.2,17.3,4.69,0.139,Narayanpet,TS
2022-02-08,0.0,30.5,18.7,4.69,0.136,Narayanpet,TS
2022-02-09,0.0,30.5,19.1,5.1,0.136,Narayanpet,TS
2022-02-10,0.0,30.4,18.6,4.65,0.142,Narayanpet,TS
2022-02-11,0.0,30.5,19.7,5.66,0.136,Narayanpet,TS
2022-02-12,0.0,30.5,18.9,5.75,0.134,Narayanpet,TS
2022-02-13,0.0,29.9,16.9,5.8,0.135,Narayanpet,TS
2022-02-14,0.0,30.7,17.5,5.42,0.131,Narayanpet,TS
2022-02-15,0.0,30.4,18.0,4.83,0.129,Narayanpet,TS
2022-02-16,0.0,30.6,18.8,5.01,0.13,Narayanpet,TS
2022-02-17,0.0,31.4,20.3,5.58,0.128,Narayanpet,TS
2022-02-18,0.0,31.2,19.6,5.32,0.126,Narayanpet,TS
2022-02-19,0.0,32.1,19.5,6.03,0.125,Narayanpet,TS
2022-02-20,0.0,32.3,18.4,5.5,0.125,Narayanpet,TS
2022-02-21,0.0,33.9,18.9,5.85,0.13,Narayanpet,TS
2022-02-22,0.0,33.6,20.5,6.46,0.128,Narayanpet,TS
2022-02-23,0.0,32.8,20.5,5.9,0.127,Narayanpet,TS
2022-02-24,0.0,33.0,19.1,6.11,0.12,Narayanpet,TS
2022-02-25,0.0,33.5,18.7,6.08,0.119,Narayanpet,TS
2022-02-26,0.0,32.8,17.5,6.63,0.118,Narayanpet,TS
2022-02-27,0.0,32.3,17.8,6.09,0.12,Narayanpet,TS
2022-02-28,0.0,32.6,18.1,6.48,0.119,Narayanpet,TS
2022-03-01,0.0,33.4,19.2,6.41,0.118,Narayanpet,TS
2022-03-02,0.0,33.8,18.9,6.82,0.121,Narayanpet,TS
2022-03-03,0.0,33.8,18.7,7.01,0.12,Narayanpet,TS
2022-03-04,0.0,34.1,18.9,6.7,0.119,Narayanpet,TS
2022-03-05,0.0,34.5,19.3,6.34,0.119,Narayanpet,TS
2022-03-06,0.0,33.9,19.8,6.32,0.122,Narayanpet,TS
2022-03-07,0.0,33.9,19.9,6.22,0.121,Narayanpet,TS
2022-03-08,0.0,33.9,20.8,5.72,0.122,Narayanpet,TS
2022-03-09,0.0,34.6,22.1,6.2,0.121,Narayanpet,TS
2022-03-10,0.0,34.0,21.6,5.85,0.119,Narayanpet,TS
2022-03-11,0.0,34.2,21.8,6.0,0.117,Narayanpet,TS
2022-03-12,0.0,34.3,23.3,6.08,0.125,Narayanpet,TS
2022-03-13,0.0,34.9,22.3,6.02,0.131,Narayanpet,TS
2022-03-14,0.0,36.3,22.3,7.71,0.127,Narayanpet,TS
2022-03-15,0.0,37.3,19.3,7.38,0.126,Narayanpet,TS
2022-03-16,0.0,38.3,22.8,7.73,0.124,Narayanpet,TS
2022-03-17,0.0,38.7,23.5,7.65,0.123,Narayanpet,TS
2022-03-18,0.0,37.8,22.5,6.75,0.126,Narayanpet,TS
2022-03-19,1.2,36.2,23.6,6.02,0.123,Narayanpet,TS
2022-03-20,0.0,34.8,24.1,5.74,0.121,Narayanpet,TS
2022-03-21,0.0,37.2,24.8,6.19,0.124,Narayanpet,TS
2022-03-22,0.0,36.4,25.6,6.04,0.128,Narayanpet,TS
2022-03-23,0.0,37.6,25.5,6.05,0.128,Narayanpet,TS
2022-03-24,0.0,36.9,24.1,6.09,0.124,Narayanpet,TS
2022-03-25,0.0,37.0,24.9,6.15,0.118,Narayanpet,TS
2022-03-26,0.0,36.8,25.2,5.86,0.118,Narayanpet,TS
2022-03-27,0.0,36.8,25.5,5.93,0.125,Narayanpet,TS
2022-03-28,0.0,37.3,24.7,5.87,0.126,Narayanpet,TS
2022-03-29,0.0,38.3,24.5,6.11,0.13,Narayanpet,TS
2022-03-30,0.0,38.3,24.4,6.69,0.13,Narayanpet,TS
2022-03-31,0.0,38.6,23.8,7.24,0.127,Narayanpet,TS
2022-04-01,0.0,38.1,24.4,6.95,0.132,Narayanpet,TS
2022-04-02,0.0,37.6,25.0,6.21,0.129,Narayanpet,TS
2022-04-03,0.0,37.3,24.7,6.52,0.126,Narayanpet,TS
2022-04-04,0.0,37.3,25.0,6.8,0.128,Narayanpet,TS
2022-04-05,0.0,37.5,25.0,6.76,0.128,Narayanpet,TS
2022-04-06,0.0,37.4,24.7,6.5,0.126,Narayanpet,TS
2022-04-07,0.0,37.1,24.3,6.7,0.126,Narayanpet,TS
2022-04-08,0.0,37.9,24.2,7.07,0.126,Narayanpet,TS
2022-04-09,0.0,37.0,24.2,6.42,0.127,Narayanpet,TS
2022-04-10,0.0,36.2,24.6,6.22,0.126,Narayanpet,TS
2022-04-11,0.0,37.1,24.7,6.22,0.114,Narayanpet,TS
2022-04-12,0.0,38.2,24.9,6.92,0.106,Narayanpet,TS
2022-04-13,0.0,37.7,24.0,6.04,0.113,Narayanpet,TS
2022-04-14,0.0,36.9,25.5,5.01,0.108,Narayanpet,TS
2022-04-15,0.3,35.9,26.4,5.07,0.109,Narayanpet,TS
2022-04-16,5.7,37.4,25.2,5.77,0.126,Narayanpet,TS
2022-04-17,0.0,37.0,24.9,6.27,0.122,Narayanpet,TS
2022-04-18,0.0,37.6,25.8,6.42,0.126,Narayanpet,TS
2022-04-19,0.0,38.9,26.5,6.81,0.126,Narayanpet,TS
2022-04-20,0.0,39.4,25.6,7.04,0.126,Narayanpet,TS
2022-04-21,1.1,38.0,26.3,6.44,0.128,Narayanpet,TS
2022-04-22,0.7,37.6,26.5,6.05,0.144,Narayanpet,TS
2022-04-23,0.2,36.8,25.2,5.99,0.172,Narayanpet,TS
2022-04-24,0.0,37.6,25.3,6.75,0.156,Narayanpet,TS
2022-04-25,0.0,38.8,26.0,7.1,0.148,Narayanpet,TS
2022-04-26,0.0,38.4,27.1,6.45,0.14,Narayanpet,TS
2022-04-27,0.0,37.9,26.4,6.79,0.137,Narayanpet,TS
2022-04-28,0.0,39.4,26.2,7.17,0.135,Narayanpet,TS
2022-04-29,0.0,40.1,25.8,7.54,0.136,Narayanpet,TS
2022-04-30,0.0,40.5,26.7,6.81,0.14,Narayanpet,TS
2022-05-01,0.0,40.5,26.2,7.35,0.141,Narayanpet,TS
2022-05-02,0.0,38.8,27.6,7.72,0.142,Narayanpet,TS
2022-05-03,0.0,39.6,28.9,7.56,0.138,Narayanpet,TS
2022-05-04,0.5,38.2,27.1,7.27,0.133,Narayanpet,TS
2022-05-05,0.0,37.9,26.5,6.58,0.131,Narayanpet,TS
2022-05-06,0.0,39.1,26.5,6.52,0.135,Narayanpet,TS
2022-05-07,0.0,38.8,25.9,7.12,0.136,Narayanpet,TS
2022-05-08,0.0,38.0,26.9,6.15,0.137,Narayanpet,TS
2022-05-09,0.0,39.2,27.3,7.3,0.134,Narayanpet,TS
2022-05-10,0.0,40.4,26.9,8.31,0.131,Narayanpet,TS
2022-05-11,5.0,31.4,26.4,2.83,0.141,Narayanpet,TS
2022-05-12,0.2,36.2,26.8,4.93,0.152,Narayanpet,TS
2022-05-13,1.4,37.6,25.0,5.46,0.16,Narayanpet,TS
2022-05-14,0.1,38.6,25.9,7.21,0.165,Narayanpet,TS
2022-05-15,0.0,38.3,25.4,6.33,0.155,Narayanpet,TS
2022-05-16,0.3,36.3,27.2,6.4,0.147,Narayanpet,TS
2022-05-17,5.1,35.2,24.0,4.4,0.157,Narayanpet,TS
2022-05-18,0.6,33.8,25.2,4.08,0.15,Narayanpet,TS
2022-05-19,17.9,31.8,24.3,3.33,0.221,Narayanpet,TS
2022-05-20,6.0,31.0,23.6,3.85,0.347,Narayanpet,TS
2022-05-21,0.1,32.9,22.4,6.35,0.324,Narayanpet,TS
2022-05-22,0.1,33.1,23.1,6.88,0.286,Narayanpet,TS
2022-05-23,0.0,33.9,23.6,6.89,0.254,Narayanpet,TS
2022-05-24,0.0,34.9,24.6,6.8,0.227,Narayanpet,TS
2022-05-25,0.0,35.1,25.1,6.39,0.205,Narayanpet,TS
2022-05-26,0.0,35.5,25.0,7.36,0.191,Narayanpet,TS
2022-05-27,0.0,34.9,23.9,7.06,0.177,Narayanpet,TS
2022-05-28,0.0,35.7,24.6,7.27,0.164,Narayanpet,TS
2022-05-29,0.0,36.4,25.0,7.45,0.153,Narayanpet,TS
2022-05-30,0.0,36.6,25.9,7.57,0.145,Narayanpet,TS
2022-05-31,0.7,34.6,24.8,5.9,0.139,Narayanpet,TS
2022-06-01,0.3,35.0,25.1,6.53,0.205,Narayanpet,TS
2022-06-02,0.6,36.8,24.9,6.54,0.205,Narayanpet,TS
2022-06-03,0.3,37.9,24.9,6.77,0.199,Narayanpet,TS
2022-06-04,0.1,38.5,26.5,6.95,0.184,Narayanpet,TS
2022-06-05,0.1,38.5,27.4,7.34,0.169,Narayanpet,TS
2022-06-06,11.1,36.5,24.7,5.88,0.192,Narayanpet,TS
2022-06-07,18.2,35.8,24.2,6.38,0.23,Narayanpet,TS
2022-06-08,0.0,35.5,25.2,6.97,0.194,Narayanpet,TS
2022-06-09,0.0,35.5,24.5,6.55,0.168,Narayanpet,TS
2022-06-10,0.1,34.7,25.0,6.66,0.158,Narayanpet,TS
2022-06-11,0.8,34.3,24.5,5.97,0.15,Narayanpet,TS
2022-06-12,3.0,34.3,24.4,6.25,0.146,Narayanpet,TS
2022-06-13,2.6,34.3,24.8,5.98,0.141,Narayanpet,TS
2022-06-14,6.5,34.1,23.0,6.03,0.206,Narayanpet,TS
2022-06-15,12.0,31.1,23.2,3.62,0.283,Narayanpet,TS
2022-06-16,11.7,33.9,23.6,5.27,0.273,Narayanpet,TS
2022-06-17,4.0,33.5,22.9,5.14,0.26,Narayanpet,TS
2022-06-18,7.1,32.1,22.8,4.91,0.262,Narayanpet,TS
2022-06-19,11.0,30.7,23.2,4.05,0.328,Narayanpet,TS
2022-06-20,0.3,31.8,24.0,5.21,0.303,Narayanpet,TS
2022-06-21,7.0,31.3,23.7,4.67,0.306,Narayanpet,TS
2022-06-22,0.5,30.6,23.4,4.58,0.296,Narayanpet,TS
2022-06-23,0.0,31.7,23.5,4.97,0.258,Narayanpet,TS
2022-06-24,0.9,30.8,23.8,4.52,0.232,Narayanpet,TS
2022-06-25,2.3,30.8,23.5,4.84,0.214,Narayanpet,TS
2022-06-26,6.7,29.8,22.9,3.66,0.248,Narayanpet,TS
2022-06-27,7.6,29.8,23.0,3.23,0.31,Narayanpet,TS
2022-06-28,2.4,28.7,22.8,2.93,0.327,Narayanpet,TS
2022-06-29,2.2,31.4,23.4,4.8,0.293,Narayanpet,TS
2022-06-30,10.4,31.6,23.4,4.66,0.276,Narayanpet,TS
2022-07-01,11.0,32.0,23.1,4.99,0.311,Narayanpet,TS
2022-07-02,0.6,32.5,23.0,5.5,0.283,Narayanpet,TS
2022-07-03,2.1,32.1,23.8,4.92,0.248,Narayanpet,TS
2022-07-04,5.5,30.9,23.0,3.74,0.256,Narayanpet,TS
2022-07-05,16.1,28.1,22.9,2.64,0.332,Narayanpet,TS
2022-07-06,13.8,25.7,22.5,1.63,0.389,Narayanpet,TS
2022-07-07,21.4,28.9,22.6,2.53,0.397,Narayanpet,TS
2022-07-08,23.3,24.7,22.4,1.52,0.424,Narayanpet,TS
2022-07-09,23.0,24.3,22.2,1.44,0.424,Narayanpet,TS
2022-07-10,11.3,24.5,21.9,1.53,0.42,Narayanpet,TS
2022-07-11,5.7,25.4,21.7,2.1,0.41,Narayanpet,TS
2022-07-12,12.7,23.9,21.5,1.48,0.415,Narayanpet,TS
2022-07-13,22.5,23.8,21.7,1.44,0.426,Narayanpet,TS
2022-07-14,8.4,25.9,21.7,2.66,0.413,Narayanpet,TS
2022-07-15,4.0,29.5,22.7,4.23,0.39,Narayanpet,TS
2022-07-16,11.6,29.8,22.4,4.44,0.389,Narayanpet,TS
2022-07-17,9.2,28.3,22.9,3.11,0.406,Narayanpet,TS
2022-07-18,6.3,28.9,22.8,3.57,0.416,Narayanpet,TS
2022-07-19,1.2,30.0,22.2,4.5,0.391,Narayanpet,TS
2022-07-20,0.1,30.7,22.7,5.18,0.368,Narayanpet,TS
2022-07-21,0.6,30.4,23.0,4.83,0.349,Narayanpet,TS
2022-07-22,10.2,28.5,23.1,2.63,0.365,Narayanpet,TS
2022-07-23,12.7,25.8,22.5,1.71,0.407,Narayanpet,TS
2022-07-24,7.1,26.0,22.0,1.73,0.395,Narayanpet,TS
2022-07-25,0.9,28.5,21.8,2.89,0.382,Narayanpet,TS
2022-07-26,14.5,28.7,22.0,3.09,0.407,Narayanpet,TS
2022-07-27,11.1,29.3,21.5,4.12,0.393,Narayanpet,TS
2022-07-28,2.5,30.1,21.7,4.73,0.401,Narayanpet,TS
2022-07-29,21.3,30.8,21.7,5.11,0.397,Narayanpet,TS
2022-07-30,7.9,30.3,22.6,3.93,0.404,Narayanpet,TS
2022-07-31,1.8,29.8,22.3,3.63,0.399,Narayanpet,TS
2022-08-01,7.5,30.1,21.9,3.68,0.406,Narayanpet,TS
2022-08-02,17.2,30.1,21.9,3.96,0.411,Narayanpet,TS
2022-08-03,17.0,30.2,22.7,3.83,0.401,Narayanpet,TS
2022-08-04,33.7,29.4,22.0,3.89,0.412,Narayanpet,TS
2022-08-05,14.4,28.4,22.0,2.8,0.421,Narayanpet,TS
2022-08-06,13.0,28.9,22.4,3.27,0.416,Narayanpet,TS
2022-08-07,25.9,28.6,22.8,2.92,0.417,Narayanpet,TS
2022-08-08,19.3,24.8,22.1,1.56,0.428,Narayanpet,TS
2022-08-09,9.6,25.2,22.1,1.8,0.425,Narayanpet,TS
2022-08-10,1.7,29.1,22.2,4.76,0.411,Narayanpet,TS
2022-08-11,2.3,29.8,23.0,5.09,0.399,Narayanpet,TS
2022-08-12,2.7,29.1,23.0,4.63,0.391,Narayanpet,TS
2022-08-13,2.3,29.3,22.4,4.25,0.383,Narayanpet,TS
2022-08-14,4.0,26.7,22.6,2.35,0.384,Narayanpet,TS
2022-08-15,7.9,27.8,21.8,2.85,0.399,Narayanpet,TS
2022-08-16,2.5,29.5,21.4,4.3,0.399,Narayanpet,TS
2022-08-17,0.0,29.8,21.7,5.21,0.38,Narayanpet,TS
2022-08-18,0.3,29.9,22.5,4.94,0.362,Narayanpet,TS
2022-08-19,0.4,29.3,22.6,4.51,0.352,Narayanpet,TS
2022-08-20,1.0,29.9,22.6,4.61,0.347,Narayanpet,TS
2022-08-21,0.4,29.4,22.7,4.7,0.336,Narayanpet,TS
2022-08-22,2.1,29.5,21.6,4.31,0.331,Narayanpet,TS
2022-08-23,1.7,29.6,21.8,4.53,0.365,Narayanpet,TS
2022-08-24,2.8,29.4,22.4,3.93,0.353,Narayanpet,TS
2022-08-25,5.8,29.3,21.7,3.52,0.343,Narayanpet,TS
2022-08-26,6.5,29.7,21.8,3.61,0.386,Narayanpet,TS
2022-08-27,18.1,29.4,21.4,3.77,0.404,Narayanpet,TS
2022-08-28,11.6,30.2,21.8,4.4,0.402,Narayanpet,TS
2022-08-29,4.1,29.9,22.8,3.67,0.39,Narayanpet,TS
2022-08-30,10.6,30.5,22.1,4.63,0.389,Narayanpet,TS
2022-08-31,21.5,29.9,22.3,4.77,0.392,Narayanpet,TS
2022-09-01,8.0,29.6,22.2,4.24,0.408,Narayanpet,TS
2022-09-02,0.6,30.1,22.1,4.27,0.384,Narayanpet,TS
2022-09-03,2.8,30.8,22.8,4.92,0.36,Narayanpet,TS
2022-09-04,12.7,30.2,22.0,4.25,0.373,Narayanpet,TS
2022-09-05,1.7,30.4,22.2,4.0,0.367,Narayanpet,TS
2022-09-06,27.0,30.1,21.6,3.98,0.387,Narayanpet,TS
2022-09-07,8.3,29.8,21.8,3.93,0.398,Narayanpet,TS
2022-09-08,18.5,28.4,22.1,2.31,0.421,Narayanpet,TS
2022-09-09,8.6,28.1,22.4,2.54,0.415,Narayanpet,TS
2022-09-10,11.2,27.6,22.6,2.62,0.417,Narayanpet,TS
2022-09-11,11.2,27.1,22.6,2.02,0.421,Narayanpet,TS
2022-09-12,18.1,27.0,22.4,2.61,0.424,Narayanpet,TS
2022-09-13,3.6,28.9,22.6,3.71,0.408,Narayanpet,TS
2022-09-14,1.0,29.6,21.4,4.22,0.393,Narayanpet,TS
2022-09-15,2.1,29.5,21.8,4.25,0.377,Narayanpet,TS
2022-09-16,1.9,29.6,21.9,4.12,0.367,Narayanpet,TS
2022-09-17,0.8,29.2,21.8,4.13,0.357,Narayanpet,TS
2022-09-18,0.2,29.4,22.0,4.46,0.34,Narayanpet,TS
2022-09-19,0.0,28.3,22.2,4.04,0.324,Narayanpet,TS
2022-09-20,0.9,27.9,22.5,4.0,0.318,Narayanpet,TS
2022-09-21,0.5,28.7,21.6,4.13,0.315,Narayanpet,TS
2022-09-22,0.3,28.3,22.0,4.62,0.303,Narayanpet,TS
2022-09-23,0.1,28.6,21.2,4.75,0.289,Narayanpet,TS
2022-09-24,0.1,29.2,21.4,4.7,0.273,Narayanpet,TS
2022-09-25,1.4,29.9,21.9,4.51,0.264,Narayanpet,TS
2022-09-26,2.5,28.6,22.1,3.51,0.262,Narayanpet,TS
2022-09-27,1.7,30.4,22.3,4.32,0.261,Narayanpet,TS
2022-09-28,4.1,29.5,23.4,3.22,0.285,Narayanpet,TS
2022-09-29,27.5,27.5,22.3,2.51,0.394,Narayanpet,TS
2022-09-30,14.3,29.3,21.8,3.28,0.382,Narayanpet,TS
2022-10-01,1.4,28.3,21.6,2.68,0.364,Narayanpet,TS
2022-10-02,1.5,30.5,21.0,4.75,0.344,Narayanpet,TS
2022-10-03,0.0,30.2,22.4,5.12,0.326,Narayanpet,TS
2022-10-04,0.0,30.0,23.3,4.3,0.315,Narayanpet,TS
2022-10-05,7.3,29.6,23.1,3.88,0.32,Narayanpet,TS
2022-10-06,16.0,24.9,21.7,1.7,0.406,Narayanpet,TS
2022-10-07,4.2,27.5,21.4,3.29,0.403,Narayanpet,TS
2022-10-08,0.7,29.4,21.3,4.06,0.389,Narayanpet,TS
2022-10-09,11.5,28.7,21.8,3.46,0.382,Narayanpet,TS
2022-10-10,14.8,28.8,22.0,3.42,0.392,Narayanpet,TS
2022-10-11,8.8,28.2,21.7,3.2,0.408,Narayanpet,TS
2022-10-12,15.4,28.1,21.3,3.36,0.413,Narayanpet,TS
2022-10-13,2.9,28.9,20.9,3.64,0.401,Narayanpet,TS
2022-10-14,3.0,28.1,21.3,3.11,0.401,Narayanpet,TS
2022-10-15,9.1,28.8,21.7,3.22,0.393,Narayanpet,TS
2022-10-16,16.3,27.2,21.6,2.69,0.405,Narayanpet,TS
2022-10-17,1.3,29.0,21.4,3.91,0.39,Narayanpet,TS
2022-10-18,1.2,28.7,21.8,3.56,0.368,Narayanpet,TS
2022-10-19,3.8,29.1,21.4,4.1,0.36,Narayanpet,TS
2022-10-20,10.1,28.3,21.4,3.64,0.379,Narayanpet,TS
2022-10-21,0.5,28.8,21.6,4.03,0.351,Narayanpet,TS
2022-10-22,0.0,28.8,20.1,5.21,0.327,Narayanpet,TS
2022-10-23,0.0,28.0,18.4,5.32,0.305,Narayanpet,TS
2022-10-24,0.0,28.3,17.5,5.16,0.289,Narayanpet,TS
2022-10-25,0.0,28.2,18.7,5.04,0.275,Narayanpet,TS
2022-10-26,0.0,28.1,18.5,5.15,0.257,Narayanpet,TS
2022-10-27,0.0,28.8,18.0,4.4,0.239,Narayanpet,TS
2022-10-28,0.0,28.9,19.1,5.28,0.229,Narayanpet,TS
2022-10-29,0.0,29.1,20.1,5.65,0.218,Narayanpet,TS
2022-10-30,0.0,29.0,18.8,5.73,0.204,Narayanpet,TS
2022-10-31,0.0,28.4,18.4,5.3,0.192,Narayanpet,TS
2022-11-01,0.0,27.4,19.1,3.73,0.183,Narayanpet,TS
2022-11-02,0.0,27.0,21.2,2.91,0.177,Narayanpet,TS
2022-11-03,0.0,30.3,20.6,4.48,0.169,Narayanpet,TS
2022-11-04,0.4,30.0,20.9,4.38,0.164,Narayanpet,TS
2022-11-05,0.0,29.8,20.6,4.24,0.164,Narayanpet,TS
2022-11-06,0.0,30.2,19.4,4.93,0.159,Narayanpet,TS
2022-11-07,0.0,30.1,18.1,4.78,0.15,Narayanpet,TS
2022-11-08,0.0,30.5,18.7,5.11,0.144,Narayanpet,TS
2022-11-09,0.0,30.0,18.7,5.55,0.138,Narayanpet,TS
2022-11-10,0.0,29.7,18.8,5.59,0.139,Narayanpet,TS
2022-11-11,0.0,30.7,20.3,6.34,0.138,Narayanpet,TS
2022-11-12,0.0,30.6,20.2,5.38,0.138,Narayanpet,TS
2022-11-13,0.0,30.4,20.6,4.46,0.138,Narayanpet,TS
2022-11-14,0.0,29.8,19.3,4.01,0.135,Narayanpet,TS
2022-11-15,0.0,30.3,19.4,4.64,0.135,Narayanpet,TS
2022-11-16,0.0,29.7,18.4,5.4,0.134,Narayanpet,TS
2022-11-17,0.0,29.7,17.5,5.65,0.127,Narayanpet,TS
2022-11-18,0.0,29.7,18.3,5.74,0.123,Narayanpet,TS
2022-11-19,0.0,27.9,17.7,5.59,0.122,Narayanpet,TS
2022-11-20,0.0,26.8,16.4,5.06,0.121,Narayanpet,TS
2022-11-21,0.0,30.2,18.7,5.08,0.115,Narayanpet,TS
2022-11-22,0.0,30.8,21.7,4.31,0.114,Narayanpet,TS
2022-11-23,0.3,30.8,21.7,4.08,0.117,Narayanpet,TS
2022-11-24,0.9,30.4,21.3,4.09,0.124,Narayanpet,TS
2022-11-25,1.2,30.9,21.7,4.03,0.13,Narayanpet,TS
2022-11-26,0.1,31.4,20.9,4.67,0.131,Narayanpet,TS
2022-11-27,0.0,31.5,19.6,4.52,0.129,Narayanpet,TS
2022-11-28,0.0,30.6,19.4,4.39,0.129,Narayanpet,TS
2022-11-29,0.0,30.2,18.7,4.92,0.13,Narayanpet,TS
2022-11-30,0.0,28.9,17.0,4.81,0.128,Narayanpet,TS
2022-12-01,0.0,29.8,17.7,4.08,0.13,Narayanpet,TS
2022-12-02,0.0,30.2,19.4,3.63,0.134,Narayanpet,TS
2022-12-03,0.0,30.3,20.6,4.05,0.135,Narayanpet,TS
2022-12-04,0.1,30.8,20.5,4.14,0.137,Narayanpet,TS
2022-12-05,0.0,30.1,19.8,4.61,0.14,Narayanpet,TS
2022-12-06,0.0,30.2,17.5,5.06,0.14,Narayanpet,TS
2022-12-07,0.0,30.0,18.4,5.19,0.144,Narayanpet,TS
2022-12-08,0.0,28.1,17.3,5.1,0.146,Narayanpet,TS
2022-12-09,0.0,29.2,17.1,5.3,0.148,Narayanpet,TS
2022-12-10,2.7,26.3,18.4,2.78,0.152,Narayanpet,TS
2022-12-11,4.7,26.8,20.7,2.28,0.21,Narayanpet,TS
2022-12-12,4.8,27.3,20.3,2.62,0.318,Narayanpet,TS
2022-12-13,0.5,28.3,20.3,3.39,0.312,Narayanpet,TS
2022-12-14,0.2,28.1,19.9,3.45,0.279,Narayanpet,TS
2022-12-15,0.0,29.2,19.5,3.97,0.253,Narayanpet,TS
2022-12-16,0.0,29.9,18.7,3.89,0.226,Narayanpet,TS
2022-12-17,0.0,30.2,20.0,3.87,0.208,Narayanpet,TS
2022-12-18,0.0,29.5,19.7,4.57,0.193,Narayanpet,TS
2022-12-19,0.0,28.5,16.3,4.31,0.182,Narayanpet,TS
2022-12-20,0.0,29.2,16.0,4.22,0.169,Narayanpet,TS
2022-12-21,0.0,30.1,16.7,4.27,0.159,Narayanpet,TS
2022-12-22,0.0,30.6,17.2,4.57,0.152,Narayanpet,TS
2022-12-23,0.0,30.5,16.1,4.24,0.147,Narayanpet,TS
2022-12-24,0.0,29.5,15.9,4.46,0.144,Narayanpet,TS
2022-12-25,0.0,29.9,17.0,4.51,0.142,Narayanpet,TS
2022-12-26,0.7,29.3,19.3,3.03,0.143,Narayanpet,TS
2022-12-27,0.0,30.2,20.1,3.83,0.143,Narayanpet,TS
2022-12-28,0.0,31.2,19.3,3.79,0.138,Narayanpet,TS
2022-12-29,0.0,31.1,20.1,3.91,0.134,Narayanpet,TS
2022-12-30,0.0,30.5,22.0,3.81,0.135,Narayanpet,TS
2022-12-31,0.0,31.3,19.7,3.72,0.133,Narayanpet,TS
2023-01-01,0.0,30.7,19.6,4.19,0.135,Narayanpet,TS
2023-01-02,0.0,29.7,19.4,4.15,0.138,Narayanpet,TS
2023-01-03,0.0,29.0,19.3,3.69,0.142,Narayanpet,TS
2023-01-04,0.0,29.2,18.3,4.28,0.145,Narayanpet,TS
2023-01-05,0.0,28.2,18.4,3.69,0.149,Narayanpet,TS
2023-01-06,1.1,27.2,19.0,3.57,0.156,Narayanpet,TS
2023-01-07,0.0,28.4,18.6,4.1,0.161,Narayanpet,TS
2023-01-08,0.0,27.6,16.6,5.08,0.163,Narayanpet,TS
2023-01-09,0.0,27.5,13.6,4.89,0.159,Narayanpet,TS
2023-01-10,0.0,28.7,14.6,4.66,0.155,Narayanpet,TS
2023-01-11,0.0,28.7,14.9,4.11,0.148,Narayanpet,TS
2023-01-12,0.0,28.7,14.8,4.13,0.143,Narayanpet,TS
2023-01-13,0.0,28.9,15.0,4.1,0.142,Narayanpet,TS
2023-01-14,0.0,29.0,15.6,4.25,0.141,Narayanpet,TS
2023-01-15,0.0,29.2,15.8,4.47,0.137,Narayanpet,TS
2023-01-16,0.0,29.2,15.0,4.46,0.134,Narayanpet,TS
2023-01-17,0.0,29.2,15.0,4.47,0.134,Narayanpet,TS
2023-01-18,0.0,29.3,14.7,4.44,0.138,Narayanpet,TS
2023-01-19,0.0,28.4,15.0,4.4,0.144,Narayanpet,TS
2023-01-20,0.0,27.9,15.5,4.32,0.148,Narayanpet,TS
2023-01-21,0.0,28.2,16.4,4.27,0.153,Narayanpet,TS
2023-01-22,0.0,28.4,16.7,4.4,0.154,Narayanpet,TS
2023-01-23,0.0,28.7,16.7,4.55,0.156,Narayanpet,TS
2023-01-24,0.0,28.8,17.7,4.41,0.164,Narayanpet,TS
2023-01-25,0.0,29.0,17.9,4.85,0.16,Narayanpet,TS
2023-01-26,0.0,29.5,16.2,4.81,0.152,Narayanpet,TS
2023-01-27,0.0,30.0,16.5,5.19,0.146,Narayanpet,TS
2023-01-28,0.0,30.4,16.9,5.2,0.143,Narayanpet,TS
2023-01-29,0.0,30.1,16.1,5.01,0.143,Narayanpet,TS
2023-01-30,0.3,29.5,18.3,3.92,0.144,Narayanpet,TS
2023-01-31,0.0,30.7,18.6,4.55,0.15,Narayanpet,TS
2023-02-01,0.0,30.9,19.2,5.56,0.148,Narayanpet,TS
2023-02-02,0.0,30.3,19.3,5.94,0.153,Narayanpet,TS
2023-02-03,0.0,30.1,17.9,5.81,0.144,Narayanpet,TS
2023-02-04,0.0,30.9,17.4,5.48,0.143,Narayanpet,TS
2023-02-05,0.0,30.8,18.7,5.43,0.141,Narayanpet,TS
2023-02-06,0.0,30.5,18.3,4.8,0.139,Narayanpet,TS
2023-02-07,0.0,30.6,18.7,4.81,0.143,Narayanpet,TS
2023-02-08,0.0,32.0,19.2,5.04,0.144,Narayanpet,TS
2023-02-09,0.0,32.3,19.5,5.41,0.139,Narayanpet,TS
2023-02-10,0.0,32.4,18.4,5.19,0.142,Narayanpet,TS
2023-02-11,0.0,32.6,17.6,5.36,0.148,Narayanpet,TS
2023-02-12,0.0,33.2,18.3,6.08,0.144,Narayanpet,TS
2023-02-13,0.0,32.6,20.1,7.16,0.139,Narayanpet,TS
2023-02-14,0.0,31.7,17.6,6.55,0.135,Narayanpet,TS
2023-02-15,0.0,33.0,18.0,6.57,0.134,Narayanpet,TS
2023-02-16,0.0,33.7,18.7,7.17,0.13,Narayanpet,TS
2023-02-17,0.0,33.0,19.2,6.38,0.13,Narayanpet,TS
2023-02-18,0.0,31.5,17.0,5.65,0.128,Narayanpet,TS
2023-02-19,0.0,32.3,18.5,5.67,0.127,Narayanpet,TS
2023-02-20,0.0,32.2,18.5,5.42,0.126,Narayanpet,TS
2023-02-21,0.0,33.6,18.8,5.48,0.126,Narayanpet,TS
2023-02-22,0.0,33.9,18.3,5.8,0.125,Narayanpet,TS
2023-02-23,0.0,33.6,18.7,5.91,0.124,Narayanpet,TS
2023-02-24,0.0,33.7,18.9,5.94,0.123,Narayanpet,TS
2023-02-25,0.0,34.7,19.5,6.46,0.123,Narayanpet,TS
2023-02-26,0.0,34.2,19.6,6.64,0.125,Narayanpet,TS
2023-02-27,0.0,32.8,18.3,6.15,0.123,Narayanpet,TS
2023-02-28,0.0,32.8,18.6,6.21,0.129,Narayanpet,TS
2023-03-01,0.0,33.3,18.9,6.74,0.122,Narayanpet,TS
2023-03-02,0.0,33.6,19.2,6.75,0.122,Narayanpet,TS
2023-03-03,0.0,34.2,19.2,6.72,0.124,Narayanpet,TS
2023-03-04,0.0,34.3,20.0,7.16,0.125,Narayanpet,TS
2023-03-05,0.0,34.0,19.6,6.88,0.121,Narayanpet,TS
2023-03-06,0.0,34.0,20.0,6.82,0.121,Narayanpet,TS
2023-03-07,0.0,32.5,19.4,6.93,0.12,Narayanpet,TS
2023-03-08,0.0,34.2,21.5,6.69,0.111,Narayanpet,TS
2023-03-09,0.0,34.2,20.6,6.61,0.112,Narayanpet,TS
2023-03-10,0.0,33.8,19.4,6.42,0.112,Narayanpet,TS
2023-03-11,0.0,34.3,20.1,6.77,0.112,Narayanpet,TS
2023-03-12,0.0,34.2,19.7,6.93,0.105,Narayanpet,TS
2023-03-13,0.0,34.3,20.5,6.89,0.109,Narayanpet,TS
2023-03-14,0.0,34.6,19.6,6.02,0.101,Narayanpet,TS
2023-03-15,0.0,33.8,20.6,6.39,0.102,Narayanpet,TS
2023-03-16,16.6,31.8,20.2,4.59,0.148,Narayanpet,TS
2023-03-17,10.1,30.4,19.3,4.78,0.25,Narayanpet,TS
2023-03-18,35.4,28.9,20.1,3.73,0.296,Narayanpet,TS
2023-03-19,0.1,30.1,17.5,5.2,0.325,Narayanpet,TS
2023-03-20,0.2,30.4,19.6,6.06,0.275,Narayanpet,TS
2023-03-21,0.0,31.5,18.7,5.95,0.244,Narayanpet,TS
2023-03-22,0.0,32.3,19.7,6.2,0.223,Narayanpet,TS
2023-03-23,0.0,33.0,20.1,5.88,0.205,Narayanpet,TS
2023-03-24,0.0,33.9,20.7,5.96,0.191,Narayanpet,TS
2023-03-25,0.0,34.2,21.7,5.72,0.179,Narayanpet,TS
2023-03-26,0.0,34.1,21.8,5.6,0.171,Narayanpet,TS
2023-03-27,0.0,34.9,22.2,6.6,0.166,Narayanpet,TS
2023-03-28,0.0,35.7,21.5,6.48,0.159,Narayanpet,TS
2023-03-29,0.0,35.9,21.8,6.16,0.156,Narayanpet,TS
2023-03-30,0.0,35.9,22.8,6.27,0.156,Narayanpet,TS
2023-03-31,0.0,34.9,24.0,7.1,0.153,Narayanpet,TS
2023-04-01,0.0,34.9,22.5,7.29,0.149,Narayanpet,TS
2023-04-02,0.0,35.3,22.0,6.61,0.143,Narayanpet,TS
2023-04-03,0.0,35.8,22.2,6.65,0.142,Narayanpet,TS
2023-04-04,0.0,36.0,22.7,6.48,0.146,Narayanpet,TS
2023-04-05,0.0,36.6,22.4,6.66,0.147,Narayanpet,TS
2023-04-06,3.7,34.5,23.9,5.82,0.165,Narayanpet,TS
2023-04-07,0.4,35.5,23.9,6.87,0.152,Narayanpet,TS
2023-04-08,0.0,34.8,23.7,6.92,0.141,Narayanpet,TS
2023-04-09,0.0,35.7,22.3,7.32,0.138,Narayanpet,TS
2023-04-10,0.0,36.7,22.6,7.48,0.134,Narayanpet,TS
2023-04-11,0.0,37.1,22.5,7.37,0.135,Narayanpet,TS
2023-04-12,0.0,37.9,23.4,7.26,0.136,Narayanpet,TS
2023-04-13,0.0,37.7,25.3,6.75,0.133,Narayanpet,TS
2023-04-14,0.0,38.5,26.6,7.06,0.133,Narayanpet,TS
2023-04-15,0.0,36.9,23.9,7.1,0.132,Narayanpet,TS
2023-04-16,0.0,37.5,26.0,7.42,0.134,Narayanpet,TS
2023-04-17,0.0,38.1,24.6,7.45,0.136,Narayanpet,TS
2023-04-18,0.0,39.0,25.0,7.47,0.137,Narayanpet,TS
2023-04-19,0.0,38.7,25.3,7.78,0.135,Narayanpet,TS
2023-04-20,0.0,38.7,25.7,7.19,0.128,Narayanpet,TS
2023-04-21,0.1,36.7,25.8,7.42,0.13,Narayanpet,TS
2023-04-22,0.0,36.7,24.2,6.49,0.131,Narayanpet,TS
2023-04-23,0.0,37.0,24.5,7.84,0.133,Narayanpet,TS
2023-04-24,0.0,37.1,23.9,6.53,0.134,Narayanpet,TS
2023-04-25,0.3,35.7,25.4,6.15,0.14,Narayanpet,TS
2023-04-26,9.2,33.7,21.4,6.18,0.187,Narayanpet,TS
2023-04-27,25.6,35.4,24.6,6.17,0.176,Narayanpet,TS
2023-04-28,9.2,32.0,22.6,4.84,0.303,Narayanpet,TS
2023-04-29,28.0,31.2,21.9,4.93,0.363,Narayanpet,TS
2023-04-30,18.8,31.3,21.7,4.69,0.354,Narayanpet,TS
2023-05-01,1.5,31.4,21.2,5.16,0.36,Narayanpet,TS
2023-05-02,21.2,30.8,21.8,4.59,0.377,Narayanpet,TS
2023-05-03,6.4,31.4,20.5,4.87,0.365,Narayanpet,TS
2023-05-04,0.8,31.8,21.2,5.24,0.326,Narayanpet,TS
2023-05-05,4.1,31.6,21.5,4.83,0.327,Narayanpet,TS
2023-05-06,0.2,33.1,22.9,5.61,0.314,Narayanpet,TS
2023-05-07,0.3,33.8,24.9,5.6,0.289,Narayanpet,TS
2023-05-08,0.1,34.1,23.5,5.81,0.327,Narayanpet,TS
2023-05-09,8.9,33.7,24.5,4.93,0.353,Narayanpet,TS
2023-05-10,6.9,34.1,25.2,4.35,0.347,Narayanpet,TS
2023-05-11,1.4,34.9,24.8,5.9,0.299,Narayanpet,TS
2023-05-12,0.0,37.9,25.1,6.58,0.274,Narayanpet,TS
2023-05-13,0.0,38.0,26.0,6.91,0.259,Narayanpet,TS
2023-05-14,0.0,37.9,25.2,7.72,0.244,Narayanpet,TS
2023-05-15,0.0,37.4,26.5,8.22,0.232,Narayanpet,TS
2023-05-16,0.0,36.7,25.9,8.16,0.219,Narayanpet,TS
2023-05-17,0.0,36.9,25.9,7.51,0.205,Narayanpet,TS
2023-05-18,0.0,38.3,26.8,6.7,0.194,Narayanpet,TS
2023-05-19,0.0,38.3,26.0,6.94,0.186,Narayanpet,TS
2023-05-20,0.5,37.3,26.5,6.28,0.181,Narayanpet,TS
2023-05-21,0.1,36.4,25.1,6.27,0.174,Narayanpet,TS
2023-05-22,14.4,34.7,23.5,4.71,0.255,Narayanpet,TS
2023-05-23,0.0,36.3,25.0,6.67,0.187,Narayanpet,TS
2023-05-24,0.2,36.8,26.3,6.19,0.179,Narayanpet,TS
2023-05-25,0.2,36.3,27.9,6.33,0.178,Narayanpet,TS
2023-05-26,0.0,35.9,27.2,7.05,0.176,Narayanpet,TS
2023-05-27,0.0,36.0,26.8,7.06,0.169,Narayanpet,TS
2023-05-28,0.0,36.9,26.1,7.02,0.166,Narayanpet,TS
2023-05-29,0.6,37.1,26.2,6.72,0.161,Narayanpet,TS
2023-05-30,0.6,35.6,25.0,5.77,0.156,Narayanpet,TS
2023-05-31,0.0,37.4,25.2,6.52,0.154,Narayanpet,TS
2023-06-01,0.0,37.3,26.8,6.53,0.15,Narayanpet,TS
2023-06-02,0.0,37.7,27.7,7.44,0.149,Narayanpet,TS
2023-06-03,0.0,38.1,28.1,7.88,0.142,Narayanpet,TS
2023-06-04,0.0,36.2,25.4,7.06,0.145,Narayanpet,TS
2023-06-05,0.0,36.4,25.4,6.76,0.155,Narayanpet,TS
2023-06-06,0.8,35.8,28.0,6.73,0.151,Narayanpet,TS
2023-06-07,0.1,37.3,27.0,6.7,0.148,Narayanpet,TS
2023-06-08,0.7,37.0,27.6,7.08,0.149,Narayanpet,TS
2023-06-09,0.2,37.0,27.0,7.63,0.146,Narayanpet,TS
2023-06-10,0.2,36.7,26.2,7.32,0.151,Narayanpet,TS
2023-06-11,0.2,35.4,26.1,6.69,0.176,Narayanpet,TS
2023-06-12,0.0,36.1,26.2,7.19,0.17,Narayanpet,TS
2023-06-13,0.0,36.2,25.8,7.59,0.159,Narayanpet,TS
2023-06-14,0.1,36.6,26.1,7.83,0.151,Narayanpet,TS
2023-06-15,0.0,36.6,25.9,7.64,0.144,Narayanpet,TS
2023-06-16,0.0,36.7,26.4,8.11,0.137,Narayanpet,TS
2023-06-17,0.0,36.9,26.8,7.96,0.135,Narayanpet,TS
2023-06-18,0.0,36.7,26.9,7.75,0.134,Narayanpet,TS
2023-06-19,0.0,36.8,27.5,7.43,0.136,Narayanpet,TS
2023-06-20,0.2,36.3,28.3,6.84,0.138,Narayanpet,TS
2023-06-21,1.8,36.3,25.9,6.65,0.143,Narayanpet,TS
2023-06-22,3.8,35.4,24.2,6.04,0.153,Narayanpet,TS
2023-06-23,1.3,33.5,25.1,5.01,0.157,Narayanpet,TS
2023-06-24,12.9,31.1,23.9,2.58,0.237,Narayanpet,TS
2023-06-25,11.3,32.8,23.3,4.35,0.314,Narayanpet,TS
2023-06-26,0.9,29.9,23.6,3.5,0.319,Narayanpet,TS
2023-06-27,0.4,32.5,24.1,5.86,0.289,Narayanpet,TS
2023-06-28,1.3,31.8,24.4,5.05,0.283,Narayanpet,TS
2023-06-29,5.4,32.4,24.0,5.7,0.274,Narayanpet,TS
2023-06-30,0.5,32.4,23.6,6.05,0.269,Narayanpet,TS
2023-07-01,0.1,33.3,24.4,6.31,0.238,Narayanpet,TS
2023-07-02,6.8,33.6,24.3,5.87,0.241,Narayanpet,TS
2023-07-03,0.8,32.6,24.0,5.61,0.278,Narayanpet,TS
2023-07-04,5.2,32.3,23.6,4.42,0.29,Narayanpet,TS
2023-07-05,11.2,31.1,23.1,4.18,0.348,Narayanpet,TS
2023-07-06,6.7,26.9,23.3,2.67,0.34,Narayanpet,TS
2023-07-07,2.3,30.3,23.6,4.7,0.318,Narayanpet,TS
2023-07-08,3.2,30.4,23.4,4.22,0.306,Narayanpet,TS
2023-07-09,2.3,31.2,23.8,4.8,0.3,Narayanpet,TS
2023-07-10,0.6,30.3,24.2,3.75,0.279,Narayanpet,TS
2023-07-11,0.0,30.0,24.3,4.2,0.264,Narayanpet,TS
2023-07-12,0.2,31.6,23.9,5.01,0.255,Narayanpet,TS
2023-07-13,3.2,31.6,22.8,5.1,0.259,Narayanpet,TS
2023-07-14,2.0,30.2,23.2,4.45,0.256,Narayanpet,TS
2023-07-15,1.2,30.8,23.4,4.44,0.247,Narayanpet,TS
2023-07-16,1.3,30.7,23.5,4.35,0.251,Narayanpet,TS
2023-07-17,4.0,29.7,22.9,3.65,0.28,Narayanpet,TS
2023-07-18,21.2,25.3,22.7,1.69,0.37,Narayanpet,TS
2023-07-19,17.8,28.0,22.3,2.61,0.397,Narayanpet,TS
2023-07-20,54.1,23.6,22.5,1.03,0.426,Narayanpet,TS
2023-07-21,21.6,26.3,22.6,1.94,0.426,Narayanpet,TS
2023-07-22,15.1,28.3,22.6,2.65,0.421,Narayanpet,TS
2023-07-23,16.5,27.3,22.6,2.85,0.42,Narayanpet,TS
2023-07-24,22.3,28.6,22.5,3.04,0.418,Narayanpet,TS
2023-07-25,21.6,25.8,22.5,1.82,0.426,Narayanpet,TS
2023-07-26,25.3,26.5,22.4,2.41,0.427,Narayanpet,TS
2023-07-27,45.2,24.1,22.3,1.28,0.429,Narayanpet,TS
2023-07-28,1.6,29.7,22.4,4.27,0.413,Narayanpet,TS
2023-07-29,1.5,29.5,22.8,4.45,0.402,Narayanpet,TS
2023-07-30,0.6,30.5,22.5,4.17,0.392,Narayanpet,TS
2023-07-31,3.2,29.9,23.1,4.75,0.388,Narayanpet,TS
2023-08-01,3.7,29.2,23.2,4.31,0.388,Narayanpet,TS
2023-08-02,0.3,29.5,22.9,4.42,0.374,Narayanpet,TS
2023-08-03,1.9,29.3,22.8,4.82,0.366,Narayanpet,TS
2023-08-04,3.3,30.4,22.5,4.99,0.362,Narayanpet,TS
2023-08-05,1.4,30.9,22.2,5.15,0.348,Narayanpet,TS
2023-08-06,1.1,30.3,22.3,5.31,0.344,Narayanpet,TS
2023-08-07,0.9,30.7,22.6,5.33,0.335,Narayanpet,TS
2023-08-08,0.6,30.5,22.4,5.23,0.321,Narayanpet,TS
2023-08-09,1.1,30.2,23.0,4.71,0.311,Narayanpet,TS
2023-08-10,2.0,30.8,23.2,4.86,0.301,Narayanpet,TS
2023-08-11,0.0,31.0,23.6,5.67,0.286,Narayanpet,TS
2023-08-12,0.2,30.7,24.0,5.53,0.275,Narayanpet,TS
2023-08-13,0.4,30.6,23.5,5.53,0.267,Narayanpet,TS
2023-08-14,0.1,30.1,23.3,4.79,0.261,Narayanpet,TS
2023-08-15,1.0,30.4,22.9,5.23,0.289,Narayanpet,TS
2023-08-16,0.2,31.1,23.1,5.53,0.291,Narayanpet,TS
2023-08-17,0.1,30.9,24.0,5.77,0.273,Narayanpet,TS
2023-08-18,3.2,29.3,23.7,4.25,0.274,Narayanpet,TS
2023-08-19,5.0,27.1,22.7,2.62,0.311,Narayanpet,TS
2023-08-20,0.4,30.4,22.2,5.0,0.328,Narayanpet,TS
2023-08-21,0.0,31.2,23.0,5.47,0.304,Narayanpet,TS
2023-08-22,0.1,31.4,23.9,5.32,0.279,Narayanpet,TS
2023-08-23,0.4,31.0,24.1,5.48,0.264,Narayanpet,TS
2023-08-24,0.1,31.5,23.8,5.54,0.25,Narayanpet,TS
2023-08-25,13.3,31.9,22.9,5.04,0.257,Narayanpet,TS
2023-08-26,5.5,30.2,22.7,3.86,0.367,Narayanpet,TS
2023-08-27,0.1,30.8,23.4,5.41,0.324,Narayanpet,TS
2023-08-28,0.8,30.9,23.4,5.18,0.298,Narayanpet,TS
2023-08-29,1.6,30.5,23.2,5.23,0.293,Narayanpet,TS
2023-08-30,0.8,31.6,22.9,5.43,0.274,Narayanpet,TS
2023-08-31,0.0,32.1,23.3,5.69,0.251,Narayanpet,TS
2023-09-01,0.5,32.6,23.2,5.61,0.232,Narayanpet,TS
2023-09-02,10.9,32.1,24.0,4.7,0.235,Narayanpet,TS
2023-09-03,31.6,31.1,22.8,4.08,0.376,Narayanpet,TS
2023-09-04,36.7,25.3,22.1,1.66,0.416,Narayanpet,TS
2023-09-05,14.4,26.9,22.6,1.62,0.423,Narayanpet,TS
2023-09-06,2.3,29.3,23.4,3.44,0.397,Narayanpet,TS
2023-09-07,1.2,30.1,23.2,5.43,0.377,Narayanpet,TS
2023-09-08,5.3,28.9,22.9,3.98,0.382,Narayanpet,TS
2023-09-09,2.5,29.9,22.9,3.86,0.38,Narayanpet,TS
2023-09-10,1.7,30.1,22.6,4.53,0.37,Narayanpet,TS
2023-09-11,1.1,30.3,23.3,4.86,0.351,Narayanpet,TS
2023-09-12,0.0,30.1,23.0,5.09,0.332,Narayanpet,TS
2023-09-13,0.7,30.0,23.3,5.19,0.318,Narayanpet,TS
2023-09-14,0.3,30.3,23.6,5.25,0.309,Narayanpet,TS
2023-09-15,0.0,30.3,23.2,5.34,0.298,Narayanpet,TS
2023-09-16,0.8,30.9,23.3,5.41,0.285,Narayanpet,TS
2023-09-17,0.6,31.4,22.3,4.79,0.292,Narayanpet,TS
2023-09-18,0.9,31.2,23.0,5.16,0.278,Narayanpet,TS
2023-09-19,0.2,31.5,23.2,5.23,0.258,Narayanpet,TS
2023-09-20,0.3,31.4,23.7,4.49,0.244,Narayanpet,TS
2023-09-21,0.2,31.2,23.9,4.21,0.234,Narayanpet,TS
2023-09-22,6.1,29.8,22.1,3.19,0.236,Narayanpet,TS
2023-09-23,13.8,30.4,22.8,4.28,0.286,Narayanpet,TS
2023-09-24,4.9,29.6,22.7,3.25,0.35,Narayanpet,TS
2023-09-25,1.4,29.3,22.5,3.64,0.337,Narayanpet,TS
2023-09-26,4.9,29.8,22.2,4.26,0.344,Narayanpet,TS
2023-09-27,1.0,30.1,22.0,4.38,0.35,Narayanpet,TS
2023-09-28,13.4,30.6,22.3,4.02,0.351,Narayanpet,TS
2023-09-29,15.2,30.0,22.0,4.23,0.386,Narayanpet,TS
2023-09-30,9.0,29.9,21.4,4.16,0.402,Narayanpet,TS
2023-10-01,3.4,29.0,22.2,3.85,0.403,Narayanpet,TS
2023-10-02,0.2,29.1,22.2,3.12,0.387,Narayanpet,TS
2023-10-03,0.1,31.0,23.6,5.09,0.364,Narayanpet,TS
2023-10-04,0.2,31.1,23.0,5.09,0.344,Narayanpet,TS
2023-10-05,0.0,31.6,22.7,5.88,0.323,Narayanpet,TS
2023-10-06,0.0,31.6,23.1,6.1,0.302,Narayanpet,TS
2023-10-07,0.0,32.5,22.0,5.57,0.282,Narayanpet,TS
2023-10-08,0.0,32.5,22.9,5.65,0.265,Narayanpet,TS
2023-10-09,0.0,32.8,23.2,5.48,0.246,Narayanpet,TS
2023-10-10,0.0,32.7,23.6,5.3,0.228,Narayanpet,TS
2023-10-11,0.0,33.2,24.1,5.66,0.213,Narayanpet,TS
2023-10-12,0.0,32.6,23.5,5.62,0.199,Narayanpet,TS
2023-10-13,0.0,32.7,21.3,5.36,0.193,Narayanpet,TS
2023-10-14,0.0,32.5,23.1,5.24,0.184,Narayanpet,TS
2023-10-15,0.0,32.3,23.3,5.29,0.178,Narayanpet,TS
2023-10-16,0.3,32.1,23.1,5.32,0.178,Narayanpet,TS
2023-10-17,0.1,31.7,22.5,5.17,0.17,Narayanpet,TS
2023-10-18,0.0,31.8,22.2,5.34,0.163,Narayanpet,TS
2023-10-19,0.0,32.8,22.4,5.61,0.159,Narayanpet,TS
2023-10-20,0.0,32.6,22.3,5.73,0.155,Narayanpet,TS
2023-10-21,0.0,32.0,22.5,5.85,0.155,Narayanpet,TS
2023-10-22,0.0,32.0,22.1,6.14,0.155,Narayanpet,TS
2023-10-23,0.0,31.3,20.4,6.31,0.156,Narayanpet,TS
2023-10-24,0.0,31.2,19.2,6.08,0.154,Narayanpet,TS
2023-10-25,0.0,31.5,19.9,6.3,0.154,Narayanpet,TS
2023-10-26,0.0,31.1,20.0,6.17,0.152,Narayanpet,TS
2023-10-27,0.0,31.1,20.3,6.41,0.145,Narayanpet,TS
2023-10-28,0.0,31.4,19.4,5.31,0.14,Narayanpet,TS
2023-10-29,0.0,31.9,21.3,4.95,0.141,Narayanpet,TS
2023-10-30,1.8,30.2,21.0,4.22,0.147,Narayanpet,TS
2023-10-31,0.2,31.4,20.7,4.65,0.145,Narayanpet,TS
2023-11-01,0.0,30.9,21.4,4.61,0.152,Narayanpet,TS
2023-11-02,0.0,31.4,21.4,4.77,0.152,Narayanpet,TS
2023-11-03,1.3,31.4,22.6,4.47,0.152,Narayanpet,TS
2023-11-04,2.5,31.2,21.0,4.45,0.155,Narayanpet,TS
2023-11-05,0.0,31.5,21.7,4.64,0.149,Narayanpet,TS
2023-11-06,23.9,30.9,21.8,3.63,0.191,Narayanpet,TS
2023-11-07,3.8,30.3,21.5,4.24,0.278,Narayanpet,TS
2023-11-08,3.1,29.9,21.4,3.73,0.298,Narayanpet,TS
2023-11-09,4.3,29.8,20.8,4.0,0.319,Narayanpet,TS
2023-11-10,0.0,30.3,21.0,4.62,0.274,Narayanpet,TS
2023-11-11,0.0,30.6,21.0,4.82,0.245,Narayanpet,TS
2023-11-12,0.0,31.6,20.6,5.02,0.224,Narayanpet,TS
2023-11-13,0.0,30.6,20.8,4.78,0.207,Narayanpet,TS
2023-11-14,0.0,30.5,20.5,4.55,0.195,Narayanpet,TS
2023-11-15,0.0,30.0,20.5,4.7,0.186,Narayanpet,TS
2023-11-16,0.0,30.3,20.8,5.23,0.178,Narayanpet,TS
2023-11-17,0.0,30.5,20.8,4.84,0.171,Narayanpet,TS
2023-11-18,0.0,31.0,20.2,4.65,0.165,Narayanpet,TS
2023-11-19,0.0,31.1,20.7,4.86,0.164,Narayanpet,TS
2023-11-20,0.0,30.4,19.9,4.82,0.163,Narayanpet,TS
2023-11-21,0.4,30.5,21.0,4.34,0.162,Narayanpet,TS
2023-11-22,0.1,30.9,20.6,4.15,0.158,Narayanpet,TS
2023-11-23,1.1,30.0,21.1,3.67,0.163,Narayanpet,TS
2023-11-24,0.8,29.9,21.5,3.35,0.171,Narayanpet,TS
2023-11-25,0.0,30.0,20.9,4.22,0.227,Narayanpet,TS
2023-11-26,0.1,29.9,20.7,4.26,0.231,Narayanpet,TS
2023-11-27,0.3,29.8,20.6,4.02,0.219,Narayanpet,TS
2023-11-28,0.6,29.7,21.0,3.13,0.214,Narayanpet,TS
2023-11-29,7.3,29.8,19.8,4.23,0.266,Narayanpet,TS
2023-11-30,0.1,29.3,20.5,3.37,0.241,Narayanpet,TS
2023-12-01,0.0,30.0,20.1,4.46,0.228,Narayanpet,TS
2023-12-02,0.0,30.7,20.0,4.9,0.213,Narayanpet,TS
2023-12-03,0.0,31.0,20.6,4.75,0.2,Narayanpet,TS
2023-12-04,0.2,29.7,21.5,4.1,0.192,Narayanpet,TS
2023-12-05,5.5,29.1,21.6,3.57,0.208,Narayanpet,TS
2023-12-06,1.0,28.7,20.7,3.45,0.199,Narayanpet,TS
2023-12-07,0.0,29.4,19.7,3.81,0.197,Narayanpet,TS
2023-12-08,0.0,29.2,19.3,3.66,0.193,Narayanpet,TS
2023-12-09,0.0,30.0,20.3,4.2,0.184,Narayanpet,TS
2023-12-10,0.0,29.6,19.4,4.45,0.175,Narayanpet,TS
2023-12-11,0.0,29.1,18.6,4.36,0.167,Narayanpet,TS
2023-12-12,0.0,28.9,17.1,4.52,0.158,Narayanpet,TS
2023-12-13,0.0,28.7,17.3,4.48,0.15,Narayanpet,TS
2023-12-14,0.0,27.5,17.2,4.54,0.147,Narayanpet,TS
2023-12-15,0.0,27.8,17.1,4.18,0.145,Narayanpet,TS
2023-12-16,0.0,27.0,18.6,2.19,0.145,Narayanpet,TS
2023-12-17,0.0,28.3,19.6,3.31,0.146,Narayanpet,TS
2023-12-18,0.0,28.2,19.1,4.4,0.15,Narayanpet,TS
2023-12-19,0.0,28.0,18.7,4.49,0.151,Narayanpet,TS
2023-12-20,0.0,27.8,17.6,4.2,0.149,Narayanpet,TS
2023-12-21,0.0,28.9,17.1,4.32,0.147,Narayanpet,TS
2023-12-22,0.0,29.0,16.3,4.13,0.144,Narayanpet,TS
2023-12-23,0.0,29.2,16.1,4.37,0.146,Narayanpet,TS
2023-12-24,0.0,29.0,16.7,4.29,0.144,Narayanpet,TS
2023-12-25,0.0,29.5,16.4,4.05,0.142,Narayanpet,TS
2023-12-26,0.0,29.8,15.9,4.23,0.143,Narayanpet,TS
2023-12-27,0.0,29.5,16.1,4.4,0.143,Narayanpet,TS
2023-12-28,0.0,29.2,16.7,4.22,0.142,Narayanpet,TS
2023-12-29,0.0,29.4,16.6,4.32,0.142,Narayanpet,TS
2023-12-30,0.0,29.1,17.0,4.1,0.141,Narayanpet,TS
2023-12-31,0.0,29.3,17.2,4.43,0.139,Narayanpet,TS
2024-01-01,0.0,29.0,17.2,4.21,0.138,Narayanpet,TS
2024-01-02,0.0,29.0,16.8,4.29,0.142,Narayanpet,TS
2024-01-03,0.0,28.4,17.2,4.43,0.146,Narayanpet,TS
2024-01-04,0.0,29.1,18.0,4.31,0.152,Narayanpet,TS
2024-01-05,0.0,29.5,18.0,4.57,0.156,Narayanpet,TS
2024-01-06,0.0,29.6,17.3,4.58,0.151,Narayanpet,TS
2024-01-07,0.0,28.5,18.1,4.41,0.149,Narayanpet,TS
2024-01-08,0.0,30.5,18.1,4.52,0.156,Narayanpet,TS
2024-01-09,0.0,29.5,18.5,4.65,0.154,Narayanpet,TS
2024-01-10,0.0,28.5,19.1,3.98,0.163,Narayanpet,TS
2024-01-11,0.0,31.0,19.7,5.08,0.157,Narayanpet,TS
2024-01-12,0.0,31.0,18.5,4.55,0.154,Narayanpet,TS
2024-01-13,0.0,31.4,19.9,4.17,0.152,Narayanpet,TS
2024-01-14,0.0,31.6,19.5,4.64,0.154,Narayanpet,TS
2024-01-15,0.0,30.1,18.9,4.2,0.156,Narayanpet,TS
2024-01-16,0.0,30.2,18.6,4.45,0.154,Narayanpet,TS
2024-01-17,0.0,30.2,18.5,4.66,0.157,Narayanpet,TS
2024-01-18,0.0,29.5,18.0,4.13,0.152,Narayanpet,TS
2024-01-19,0.0,30.5,18.2,4.45,0.146,Narayanpet,TS
2024-01-20,0.0,30.9,19.2,4.54,0.143,Narayanpet,TS
2024-01-21,0.0,31.3,21.1,5.07,0.14,Narayanpet,TS
2024-01-22,0.0,32.0,21.5,5.0,0.137,Narayanpet,TS
2024-01-23,0.0,31.6,20.8,4.68,0.131,Narayanpet,TS
2024-01-24,0.0,31.1,20.2,4.69,0.125,Narayanpet,TS
2024-01-25,0.0,30.2,19.8,4.55,0.126,Narayanpet,TS
2024-01-26,0.0,30.4,19.4,4.64,0.128,Narayanpet,TS
2024-01-27,0.0,30.4,19.7,4.81,0.134,Narayanpet,TS
2024-01-28,0.0,30.1,19.0,4.86,0.133,Narayanpet,TS
2024-01-29,0.0,30.4,17.9,4.85,0.133,Narayanpet,TS
2024-01-30,0.0,30.4,17.7,4.63,0.135,Narayanpet,TS
2024-01-31,0.0,30.8,17.9,4.9,0.13,Narayanpet,TS
2024-02-01,0.0,31.6,18.9,5.17,0.133,Narayanpet,TS
2024-02-02,0.0,31.4,18.5,4.86,0.131,Narayanpet,TS
2024-02-03,0.0,31.6,20.2,4.91,0.129,Narayanpet,TS
2024-02-04,0.0,32.7,20.3,5.25,0.135,Narayanpet,TS
2024-02-05,0.0,32.9,20.3,4.92,0.144,Narayanpet,TS
2024-02-06,0.0,33.5,21.3,4.89,0.142,Narayanpet,TS
2024-02-07,0.0,33.7,20.5,4.87,0.139,Narayanpet,TS
2024-02-08,0.0,34.4,21.1,5.2,0.135,Narayanpet,TS
2024-02-09,0.0,34.3,22.2,5.66,0.137,Narayanpet,TS
2024-02-10,0.0,33.1,21.0,5.38,0.13,Narayanpet,TS
2024-02-11,0.0,33.0,21.1,5.41,0.13,Narayanpet,TS
2024-02-12,0.0,33.3,19.9,5.83,0.131,Narayanpet,TS
2024-02-13,0.0,32.6,19.1,5.4,0.131,Narayanpet,TS
2024-02-14,0.0,33.1,19.8,5.72,0.129,Narayanpet,TS
2024-02-15,0.0,33.7,20.0,6.29,0.128,Narayanpet,TS
2024-02-16,0.0,33.2,18.4,6.46,0.126,Narayanpet,TS
2024-02-17,0.0,33.5,17.3,6.34,0.125,Narayanpet,TS
2024-02-18,0.0,33.8,18.1,6.16,0.124,Narayanpet,TS
2024-02-19,0.0,33.9,18.4,5.89,0.123,Narayanpet,TS
2024-02-20,0.0,34.1,19.9,5.71,0.123,Narayanpet,TS
2024-02-21,0.0,34.5,21.2,5.86,0.122,Narayanpet,TS
2024-02-22,0.0,34.2,20.5,6.46,0.122,Narayanpet,TS
2024-02-23,0.0,33.3,20.7,6.4,0.121,Narayanpet,TS
2024-02-24,0.0,34.1,21.4,5.6,0.124,Narayanpet,TS
2024-02-25,0.7,33.9,22.3,5.37,0.127,Narayanpet,TS
2024-02-26,0.0,34.0,21.4,6.27,0.121,Narayanpet,TS
2024-02-27,0.0,33.8,20.2,5.8,0.12,Narayanpet,TS
2024-02-28,0.0,33.9,21.7,5.75,0.125,Narayanpet,TS
2024-02-29,0.0,34.7,20.6,6.57,0.124,Narayanpet,TS
2024-03-01,0.0,35.4,21.6,6.63,0.123,Narayanpet,TS
2024-03-02,0.0,35.8,22.0,6.66,0.122,Narayanpet,TS
2024-03-03,0.0,35.1,22.5,6.24,0.122,Narayanpet,TS
2024-03-04,0.0,36.3,22.8,6.39,0.121,Narayanpet,TS
2024-03-05,0.0,35.9,22.9,6.51,0.121,Narayanpet,TS
2024-03-06,0.0,36.8,24.5,7.14,0.116,Narayanpet,TS
2024-03-07,0.0,37.2,23.8,6.72,0.121,Narayanpet,TS
2024-03-08,0.0,37.3,24.0,7.12,0.12,Narayanpet,TS
2024-03-09,0.0,36.6,24.5,5.85,0.12,Narayanpet,TS
2024-03-10,0.0,36.6,24.1,6.57,0.119,Narayanpet,TS
2024-03-11,0.0,36.5,24.4,6.28,0.12,Narayanpet,TS
2024-03-12,0.0,36.5,24.4,5.79,0.12,Narayanpet,TS
2024-03-13,0.0,38.1,25.5,6.37,0.132,Narayanpet,TS
2024-03-14,0.0,36.9,25.4,6.57,0.134,Narayanpet,TS
2024-03-15,0.0,37.0,24.2,6.35,0.129,Narayanpet,TS
2024-03-16,0.1,38.2,25.5,6.63,0.128,Narayanpet,TS
2024-03-17,0.1,35.7,24.8,6.63,0.125,Narayanpet,TS
2024-03-18,0.0,35.8,24.7,5.94,0.13,Narayanpet,TS
2024-03-19,0.0,37.9,24.9,6.33,0.132,Narayanpet,TS
2024-03-20,0.0,34.9,23.8,6.67,0.135,Narayanpet,TS
2024-03-21,0.0,34.0,21.8,6.2,0.136,Narayanpet,TS
2024-03-22,0.0,34.7,22.0,5.82,0.137,Narayanpet,TS
2024-03-23,0.0,35.8,23.2,6.52,0.136,Narayanpet,TS
2024-03-24,0.0,37.9,25.3,7.43,0.135,Narayanpet,TS
2024-03-25,0.0,37.1,24.0,7.27,0.137,Narayanpet,TS
2024-03-26,0.0,37.4,25.8,7.69,0.14,Narayanpet,TS
2024-03-27,0.0,37.6,23.5,7.23,0.142,Narayanpet,TS
2024-03-28,0.0,37.8,24.2,6.95,0.143,Narayanpet,TS
2024-03-29,0.0,39.2,24.6,8.16,0.141,Narayanpet,TS
2024-03-30,0.0,39.1,25.7,7.72,0.14,Narayanpet,TS
2024-03-31,0.0,38.3,24.9,7.37,0.144,Narayanpet,TS
2024-04-01,0.0,37.7,23.5,6.73,0.14,Narayanpet,TS
2024-04-02,0.0,39.0,23.7,6.86,0.147,Narayanpet,TS
2024-04-03,0.0,39.1,26.0,7.03,0.146,Narayanpet,TS
2024-04-04,0.0,39.9,25.9,7.61,0.143,Narayanpet,TS
2024-04-05,0.0,40.3,26.0,7.21,0.135,Narayanpet,TS
2024-04-06,0.0,40.4,25.2,6.83,0.132,Narayanpet,TS
2024-04-07,0.0,40.5,26.0,8.21,0.128,Narayanpet,TS
2024-04-08,0.0,39.7,27.5,8.06,0.126,Narayanpet,TS
2024-04-09,0.0,37.6,25.1,7.95,0.124,Narayanpet,TS
2024-04-10,0.0,37.4,26.0,7.62,0.121,Narayanpet,TS
2024-04-11,0.3,37.6,25.6,6.88,0.123,Narayanpet,TS
2024-04-12,0.9,36.5,25.0,6.9,0.123,Narayanpet,TS
2024-04-13,0.0,36.0,26.1,5.84,0.152,Narayanpet,TS
2024-04-14,0.0,37.5,25.6,7.24,0.156,Narayanpet,TS
2024-04-15,0.0,38.3,25.8,7.26,0.148,Narayanpet,TS
2024-04-16,0.0,38.9,25.5,7.59,0.14,Narayanpet,TS
2024-04-17,0.0,39.2,26.9,7.56,0.132,Narayanpet,TS
2024-04-18,0.0,39.4,27.7,7.26,0.128,Narayanpet,TS
2024-04-19,0.2,38.8,27.8,6.75,0.128,Narayanpet,TS
2024-04-20,9.9,33.6,26.3,4.76,0.188,Narayanpet,TS
2024-04-21,0.0,37.9,27.5,6.41,0.147,Narayanpet,TS
2024-04-22,0.0,39.2,27.3,6.98,0.134,Narayanpet,TS
2024-04-23,0.0,39.7,25.7,8.04,0.133,Narayanpet,TS
2024-04-24,0.0,39.3,26.6,7.92,0.134,Narayanpet,TS
2024-04-25,0.0,40.2,26.2,7.9,0.132,Narayanpet,TS
2024-04-26,0.0,40.6,25.7,8.17,0.128,Narayanpet,TS
2024-04-27,0.0,40.4,25.9,7.78,0.124,Narayanpet,TS
2024-04-28,0.0,41.3,28.2,8.15,0.122,Narayanpet,TS
2024-04-29,0.0,41.2,27.7,7.48,0.115,Narayanpet,TS
2024-04-30,0.0,40.9,27.2,7.66,0.113,Narayanpet,TS
2024-05-01,0.0,42.2,29.4,8.19,0.12,Narayanpet,TS
2024-05-02,0.0,41.5,29.5,9.4,0.125,Narayanpet,TS
2024-05-03,0.0,41.4,27.6,7.98,0.123,Narayanpet,TS
2024-05-04,0.0,42.2,26.0,7.46,0.122,Narayanpet,TS
2024-05-05,0.0,42.1,26.9,8.03,0.123,Narayanpet,TS
2024-05-06,0.0,42.4,28.4,7.51,0.121,Narayanpet,TS
2024-05-07,0.0,40.3,26.6,7.53,0.121,Narayanpet,TS
2024-05-08,0.0,38.2,24.9,6.85,0.121,Narayanpet,TS
2024-05-09,0.1,38.1,27.7,5.41,0.131,Narayanpet,TS
2024-05-10,1.0,38.1,27.1,6.97,0.161,Narayanpet,TS
2024-05-11,0.0,38.4,28.1,7.35,0.157,Narayanpet,TS
2024-05-12,3.0,36.9,26.1,6.18,0.155,Narayanpet,TS
2024-05-13,0.3,34.5,25.7,4.98,0.234,Narayanpet,TS
2024-05-14,0.4,34.7,25.6,5.35,0.231,Narayanpet,TS
2024-05-15,0.0,34.8,24.6,5.36,0.285,Narayanpet,TS
2024-05-16,12.9,35.3,25.9,5.73,0.287,Narayanpet,TS
2024-05-17,18.1,33.4,23.1,5.11,0.347,Narayanpet,TS
2024-05-18,2.9,33.5,25.0,4.89,0.294,Narayanpet,TS
2024-05-19,5.8,33.2,23.4,5.13,0.324,Narayanpet,TS
2024-05-20,5.1,34.6,25.2,5.48,0.292,Narayanpet,TS
2024-05-21,2.4,34.8,23.4,5.83,0.255,Narayanpet,TS
2024-05-22,1.5,36.0,25.5,5.74,0.234,Narayanpet,TS
2024-05-23,0.0,36.4,25.7,5.03,0.214,Narayanpet,TS
2024-05-24,0.3,37.6,27.6,6.65,0.2,Narayanpet,TS
2024-05-25,0.9,37.5,27.0,6.43,0.195,Narayanpet,TS
2024-05-26,0.8,37.9,27.0,7.78,0.195,Narayanpet,TS
2024-05-27,6.8,37.2,26.5,6.33,0.215,Narayanpet,TS
2024-05-28,0.0,36.1,25.7,6.91,0.294,Narayanpet,TS
2024-05-29,0.0,36.8,25.4,7.97,0.267,Narayanpet,TS
2024-05-30,0.0,37.5,26.4,7.61,0.238,Narayanpet,TS
2024-05-31,0.0,38.8,27.4,7.65,0.212,Narayanpet,TS
2024-06-01,0.0,38.3,28.6,7.14,0.19,Narayanpet,TS
2024-06-02,5.1,36.9,26.3,4.96,0.209,Narayanpet,TS
2024-06-03,1.9,31.4,24.5,3.08,0.27,Narayanpet,TS
2024-06-04,7.9,34.5,26.1,5.03,0.275,Narayanpet,TS
2024-06-05,32.7,31.2,24.1,3.26,0.345,Narayanpet,TS
2024-06-06,20.4,31.7,23.7,3.59,0.399,Narayanpet,TS
2024-06-07,4.9,30.7,23.7,3.74,0.374,Narayanpet,TS
2024-06-08,4.0,30.4,23.5,4.04,0.357,Narayanpet,TS
2024-06-09,5.3,27.9,23.4,3.84,0.378,Narayanpet,TS
2024-06-10,10.4,30.2,23.4,3.51,0.388,Narayanpet,TS
2024-06-11,24.0,28.9,22.8,3.57,0.404,Narayanpet,TS
2024-06-12,19.4,29.1,22.4,4.18,0.415,Narayanpet,TS
2024-06-13,15.8,30.4,23.1,3.54,0.41,Narayanpet,TS
2024-06-14,3.8,29.7,23.2,3.93,0.412,Narayanpet,TS
2024-06-15,3.4,30.6,22.9,4.37,0.391,Narayanpet,TS
2024-06-16,5.5,30.7,23.1,4.53,0.381,Narayanpet,TS
2024-06-17,0.5,31.4,23.1,4.25,0.352,Narayanpet,TS
2024-06-18,1.4,30.9,23.3,4.74,0.323,Narayanpet,TS
2024-06-19,0.2,30.5,23.8,4.47,0.315,Narayanpet,TS
2024-06-20,0.4,32.0,24.0,5.68,0.294,Narayanpet,TS
2024-06-21,0.8,31.7,23.8,5.29,0.281,Narayanpet,TS
2024-06-22,0.5,30.3,24.5,3.97,0.267,Narayanpet,TS
2024-06-23,1.0,30.6,23.5,3.92,0.272,Narayanpet,TS
2024-06-24,1.7,31.3,23.2,4.29,0.268,Narayanpet,TS
2024-06-25,29.1,32.3,23.8,4.56,0.3,Narayanpet,TS
2024-06-26,2.6,32.4,23.7,4.17,0.327,Narayanpet,TS
2024-06-27,14.3,26.3,23.9,2.38,0.355,Narayanpet,TS
2024-06-28,7.6,29.9,23.0,3.18,0.376,Narayanpet,TS
2024-06-29,1.2,28.7,23.2,3.06,0.362,Narayanpet,TS
2024-06-30,25.1,29.6,23.6,2.83,0.371,Narayanpet,TS
2024-07-01,1.2,28.9,23.2,3.13,0.374,Narayanpet,TS
2024-07-02,4.5,30.9,23.4,4.81,0.35,Narayanpet,TS
2024-07-03,0.2,30.1,23.0,3.44,0.336,Narayanpet,TS
2024-07-04,0.5,31.5,23.3,4.58,0.318,Narayanpet,TS
2024-07-05,18.6,30.9,23.2,4.02,0.327,Narayanpet,TS
2024-07-06,6.3,30.3,23.3,3.81,0.362,Narayanpet,TS
2024-07-07,9.3,30.3,22.8,4.11,0.381,Narayanpet,TS
2024-07-08,7.5,28.2,22.4,3.14,0.382,Narayanpet,TS
2024-07-09,5.6,29.1,23.0,3.28,0.383,Narayanpet,TS
2024-07-10,1.2,30.6,22.6,4.89,0.375,Narayanpet,TS
2024-07-11,4.1,30.4,23.4,4.46,0.354,Narayanpet,TS
2024-07-12,15.2,29.7,22.9,3.65,0.368,Narayanpet,TS
2024-07-13,9.8,30.4,23.0,4.01,0.404,Narayanpet,TS
2024-07-14,19.0,27.9,23.1,2.31,0.411,Narayanpet,TS
2024-07-15,8.7,28.0,23.0,2.41,0.419,Narayanpet,TS
2024-07-16,3.5,29.0,23.0,4.16,0.402,Narayanpet,TS
2024-07-17,9.1,29.2,22.8,3.36,0.398,Narayanpet,TS
2024-07-18,14.5,27.5,23.2,2.38,0.405,Narayanpet,TS
2024-07-19,26.6,25.5,22.8,1.63,0.427,Narayanpet,TS
2024-07-20,21.0,26.0,22.7,1.64,0.428,Narayanpet,TS
2024-07-21,10.9,26.7,22.4,2.4,0.423,Narayanpet,TS
2024-07-22,14.4,27.5,22.7,2.33,0.425,Narayanpet,TS
2024-07-23,7.6,26.0,23.2,1.86,0.42,Narayanpet,TS
2024-07-24,11.6,25.7,22.5,1.75,0.423,Narayanpet,TS
2024-07-25,10.8,25.9,22.6,2.02,0.424,Narayanpet,TS
2024-07-26,3.7,28.4,22.2,3.48,0.413,Narayanpet,TS
2024-07-27,4.2,26.8,23.5,2.36,0.406,Narayanpet,TS
2024-07-28,3.9,30.0,23.3,4.62,0.401,Narayanpet,TS
2024-07-29,10.1,28.2,23.2,3.09,0.406,Narayanpet,TS
2024-07-30,2.5,30.0,23.4,3.94,0.392,Narayanpet,TS
2024-07-31,2.6,29.8,22.6,3.77,0.384,Narayanpet,TS
2024-08-01,3.2,29.2,23.5,3.71,0.377,Narayanpet,TS
2024-08-02,9.0,28.1,22.8,2.28,0.385,Narayanpet,TS
2024-08-03,2.1,29.1,22.9,3.88,0.375,Narayanpet,TS
2024-08-04,7.4,28.9,23.1,4.02,0.369,Narayanpet,TS
2024-08-05,0.5,30.3,22.3,4.59,0.355,Narayanpet,TS
2024-08-06,8.6,28.9,22.8,3.83,0.361,Narayanpet,TS
2024-08-07,15.7,25.9,22.5,1.67,0.401,Narayanpet,TS
2024-08-08,3.4,29.6,22.2,3.37,0.4,Narayanpet,TS
2024-08-09,5.5,30.3,22.1,4.03,0.396,Narayanpet,TS
2024-08-10,0.1,30.4,23.3,5.14,0.36,Narayanpet,TS
2024-08-11,0.2,29.8,22.9,4.39,0.343,Narayanpet,TS
2024-08-12,1.2,30.7,23.3,4.57,0.336,Narayanpet,TS
2024-08-13,1.4,31.0,23.7,4.51,0.317,Narayanpet,TS
2024-08-14,3.4,31.4,22.4,4.64,0.308,Narayanpet,TS
2024-08-15,0.4,31.1,23.9,4.5,0.291,Narayanpet,TS
2024-08-16,7.7,31.8,24.0,3.95,0.304,Narayanpet,TS
2024-08-17,8.3,30.6,23.0,3.85,0.351,Narayanpet,TS
2024-08-18,7.6,31.3,22.5,4.74,0.338,Narayanpet,TS
2024-08-19,4.1,30.4,23.0,3.72,0.33,Narayanpet,TS
2024-08-20,31.2,29.1,22.9,2.65,0.396,Narayanpet,TS
2024-08-21,7.2,30.7,22.4,4.71,0.367,Narayanpet,TS
2024-08-22,2.8,29.4,22.4,3.94,0.375,Narayanpet,TS
2024-08-23,0.9,28.2,23.0,3.18,0.379,Narayanpet,TS
2024-08-24,14.7,26.7,22.8,2.0,0.399,Narayanpet,TS
2024-08-25,10.7,28.1,22.3,2.9,0.417,Narayanpet,TS
2024-08-26,24.6,29.4,22.4,4.05,0.409,Narayanpet,TS
2024-08-27,11.5,29.8,21.9,4.43,0.406,Narayanpet,TS
2024-08-28,4.9,29.7,21.9,4.15,0.393,Narayanpet,TS
2024-08-29,3.3,30.0,22.2,4.33,0.381,Narayanpet,TS
2024-08-30,8.0,27.5,22.5,2.34,0.393,Narayanpet,TS
2024-08-31,30.8,24.6,22.2,1.32,0.425,Narayanpet,TS
2024-09-01,78.0,23.0,22.2,1.06,0.43,Narayanpet,TS
2024-09-02,9.9,26.5,21.2,2.73,0.42,Narayanpet,TS
2024-09-03,4.8,28.9,22.2,3.93,0.413,Narayanpet,TS
2024-09-04,3.6,28.4,22.7,3.06,0.413,Narayanpet,TS
2024-09-05,10.5,28.7,22.5,3.67,0.414,Narayanpet,TS
2024-09-06,5.2,29.2,22.5,3.56,0.417,Narayanpet,TS
2024-09-07,5.1,27.1,22.7,2.55,0.41,Narayanpet,TS
2024-09-08,5.1,27.1,22.6,2.66,0.415,Narayanpet,TS
2024-09-09,4.8,25.5,22.5,1.8,0.417,Narayanpet,TS
2024-09-10,2.9,29.1,22.5,4.11,0.401,Narayanpet,TS
2024-09-11,0.1,29.9,21.7,4.81,0.384,Narayanpet,TS
2024-09-12,0.1,29.5,21.7,4.75,0.369,Narayanpet,TS
2024-09-13,0.0,28.2,21.0,4.02,0.358,Narayanpet,TS
2024-09-14,0.4,28.9,21.4,4.71,0.348,Narayanpet,TS
2024-09-15,0.8,29.2,21.2,4.93,0.346,Narayanpet,TS
2024-09-16,0.9,28.8,22.2,4.77,0.336,Narayanpet,TS
2024-09-17,0.3,29.3,21.8,4.95,0.323,Narayanpet,TS
2024-09-18,0.0,29.7,21.6,5.18,0.316,Narayanpet,TS
2024-09-19,0.1,30.3,21.3,5.18,0.304,Narayanpet,TS
2024-09-20,0.2,31.1,22.6,5.05,0.294,Narayanpet,TS
2024-09-21,14.3,29.3,22.5,2.99,0.364,Narayanpet,TS
2024-09-22,14.6,29.0,21.7,3.37,0.373,Narayanpet,TS
2024-09-23,25.4,29.4,22.1,3.09,0.383,Narayanpet,TS
2024-09-24,21.8,28.6,22.1,3.3,0.412,Narayanpet,TS
2024-09-25,20.5,28.5,22.7,2.62,0.426,Narayanpet,TS
2024-09-26,1.8,28.4,22.0,2.77,0.412,Narayanpet,TS
2024-09-27,1.3,29.0,21.7,3.68,0.401,Narayanpet,TS
2024-09-28,0.0,29.5,21.6,3.94,0.387,Narayanpet,TS
2024-09-29,1.2,30.2,21.9,4.41,0.372,Narayanpet,TS
2024-09-30,5.5,29.8,21.7,4.21,0.404,Narayanpet,TS
2024-10-01,0.2,30.8,22.8,4.62,0.389,Narayanpet,TS
2024-10-02,2.9,31.1,22.7,4.8,0.369,Narayanpet,TS
2024-10-03,5.3,30.7,22.6,3.99,0.362,Narayanpet,TS
2024-10-04,1.8,30.2,22.7,4.3,0.346,Narayanpet,TS
2024-10-05,5.4,29.5,21.8,3.78,0.35,Narayanpet,TS
2024-10-06,2.1,30.0,22.1,4.0,0.337,Narayanpet,TS
2024-10-07,0.4,30.0,22.8,4.91,0.312,Narayanpet,TS
2024-10-08,0.0,30.2,22.2,4.8,0.297,Narayanpet,TS
2024-10-09,0.8,29.4,22.4,3.96,0.288,Narayanpet,TS
2024-10-10,3.4,29.5,22.4,4.08,0.284,Narayanpet,TS
2024-10-11,0.7,29.6,22.3,3.83,0.274,Narayanpet,TS
2024-10-12,4.3,30.0,22.2,3.55,0.308,Narayanpet,TS
2024-10-13,2.9,29.6,21.9,3.79,0.308,Narayanpet,TS
2024-10-14,1.9,29.4,22.3,3.22,0.306,Narayanpet,TS
2024-10-15,3.9,27.5,22.9,2.15,0.319,Narayanpet,TS
2024-10-16,8.9,26.9,22.2,1.91,0.355,Narayanpet,TS
2024-10-17,6.6,29.9,23.0,3.45,0.36,Narayanpet,TS
2024-10-18,4.1,28.4,22.7,2.98,0.362,Narayanpet,TS
2024-10-19,2.5,29.5,21.8,3.53,0.334,Narayanpet,TS
2024-10-20,1.7,29.5,22.1,3.91,0.343,Narayanpet,TS
2024-10-21,0.7,29.3,21.2,3.93,0.351,Narayanpet,TS
2024-10-22,9.0,29.2,21.6,3.46,0.36,Narayanpet,TS
2024-10-23,0.7,30.1,21.1,4.38,0.379,Narayanpet,TS
2024-10-24,0.0,29.6,20.8,4.37,0.347,Narayanpet,TS
2024-10-25,0.0,29.7,20.9,5.11,0.327,Narayanpet,TS
2024-10-26,0.2,30.0,21.2,4.78,0.308,Narayanpet,TS
2024-10-27,0.0,29.9,19.9,4.69,0.285,Narayanpet,TS
2024-10-28,0.0,30.1,20.6,4.33,0.267,Narayanpet,TS
2024-10-29,0.0,30.0,22.0,4.18,0.256,Narayanpet,TS
2024-10-30,0.2,29.8,21.7,4.02,0.256,Narayanpet,TS
2024-10-31,7.3,28.9,21.3,2.98,0.282,Narayanpet,TS
2024-11-01,0.2,29.6,21.5,4.12,0.301,Narayanpet,TS
2024-11-02,1.8,29.4,22.0,3.36,0.28,Narayanpet,TS
2024-11-03,0.3,29.7,22.1,4.38,0.259,Narayanpet,TS
2024-11-04,0.0,30.1,22.1,4.24,0.24,Narayanpet,TS
2024-11-05,0.0,30.4,19.5,4.72,0.224,Narayanpet,TS
2024-11-06,0.0,30.8,19.6,5.2,0.211,Narayanpet,TS
2024-11-07,0.0,30.2,20.5,5.18,0.202,Narayanpet,TS
2024-11-08,0.0,29.8,19.4,4.88,0.194,Narayanpet,TS
2024-11-09,0.0,30.3,20.2,4.38,0.191,Narayanpet,TS
2024-11-10,0.0,30.4,20.2,5.09,0.188,Narayanpet,TS
2024-11-11,0.0,29.8,19.9,5.2,0.184,Narayanpet,TS
2024-11-12,0.0,30.8,21.4,4.94,0.172,Narayanpet,TS
2024-11-13,0.2,30.9,22.7,4.18,0.142,Narayanpet,TS
2024-11-14,20.6,29.1,21.9,2.84,0.211,Narayanpet,TS
2024-11-15,9.0,30.0,21.0,3.67,0.261,Narayanpet,TS
2024-11-16,0.0,30.9,21.5,4.95,0.238,Narayanpet,TS
2024-11-17,0.0,30.1,20.0,5.23,0.211,Narayanpet,TS
2024-11-18,0.0,28.8,18.0,5.09,0.195,Narayanpet,TS
2024-11-19,0.0,27.9,17.6,4.85,0.184,Narayanpet,TS
2024-11-20,0.0,28.0,17.5,4.56,0.175,Narayanpet,TS
2024-11-21,0.0,28.2,17.7,4.47,0.163,Narayanpet,TS
2024-11-22,0.0,28.5,17.4,4.64,0.149,Narayanpet,TS
2024-11-23,0.0,28.0,16.9,4.19,0.142,Narayanpet,TS
2024-11-24,0.0,28.5,17.4,4.6,0.143,Narayanpet,TS
2024-11-25,0.0,27.8,17.6,4.88,0.14,Narayanpet,TS
2024-11-26,0.0,28.8,17.2,4.79,0.138,Narayanpet,TS
2024-11-27,0.0,28.9,18.6,5.5,0.135,Narayanpet,TS
2024-11-28,0.0,27.9,17.4,5.78,0.134,Narayanpet,TS
2024-11-29,0.0,29.4,17.7,5.36,0.127,Narayanpet,TS
2024-11-30,0.0,30.1,21.1,4.47,0.119,Narayanpet,TS
2024-12-01,2.0,30.3,22.6,4.01,0.124,Narayanpet,TS
2024-12-02,1.7,29.6,22.5,3.61,0.13,Narayanpet,TS
2024-12-03,2.9,29.6,22.2,3.07,0.148,Narayanpet,TS
2024-12-04,0.0,31.0,21.4,3.75,0.157,Narayanpet,TS
2024-12-05,5.8,29.7,21.8,2.98,0.176,Narayanpet,TS
2024-12-06,1.4,29.6,21.2,3.1,0.232,Narayanpet,TS
2024-12-07,17.6,30.1,20.8,3.14,0.28,Narayanpet,TS
2024-12-08,1.0,30.0,21.6,3.37,0.253,Narayanpet,TS
2024-12-09,0.5,29.1,21.5,3.34,0.234,Narayanpet,TS
2024-12-10,1.0,28.6,21.1,3.7,0.233,Narayanpet,TS
2024-12-11,0.0,28.6,19.6,4.77,0.224,Narayanpet,TS
2024-12-12,0.0,28.6,18.1,4.75,0.209,Narayanpet,TS
2024-12-13,0.0,28.1,18.8,4.78,0.192,Narayanpet,TS
2024-12-14,0.0,28.1,17.8,4.69,0.179,Narayanpet,TS
2024-12-15,0.0,27.6,16.6,4.45,0.168,Narayanpet,TS
2024-12-16,0.0,27.6,14.7,4.54,0.157,Narayanpet,TS
2024-12-17,0.0,28.2,14.8,4.55,0.146,Narayanpet,TS
2024-12-18,0.0,29.5,15.9,4.67,0.14,Narayanpet,TS
2024-12-19,0.0,31.0,19.0,4.53,0.142,Narayanpet,TS
2024-12-20,1.2,29.9,21.5,3.36,0.146,Narayanpet,TS
2024-12-21,0.5,30.1,20.3,3.48,0.156,Narayanpet,TS
2024-12-22,0.0,29.6,20.6,3.54,0.16,Narayanpet,TS
2024-12-23,0.0,30.1,19.5,4.12,0.164,Narayanpet,TS
2024-12-24,0.0,30.0,19.9,4.24,0.165,Narayanpet,TS
2024-12-25,0.0,29.6,20.4,3.78,0.166,Narayanpet,TS
2024-12-26,3.7,27.9,20.0,2.69,0.191,Narayanpet,TS
2024-12-27,0.0,29.4,20.9,3.62,0.209,Narayanpet,TS
2024-12-28,0.0,29.4,18.2,3.91,0.202,Narayanpet,TS
2024-12-29,0.0,29.3,18.6,4.06,0.195,Narayanpet,TS
2024-12-30,0.0,30.3,18.4,4.42,0.187,Narayanpet,TS
2024-12-31,0.0,29.9,18.5,4.27,0.176,Narayanpet,TS
2025-01-01,0.0,29.4,18.6,4.63,0.168,Narayanpet,TS
2025-01-02,0.0,28.9,17.5,4.85,0.166,Narayanpet,TS
2025-01-03,0.0,29.5,16.3,5.22,0.168,Narayanpet,TS
2025-01-04,0.0,29.5,16.3,4.51,0.157,Narayanpet,TS
2025-01-05,0.0,29.0,16.2,4.05,0.147,Narayanpet,TS
2025-01-06,0.0,27.8,15.9,3.9,0.141,Narayanpet,TS
2025-01-07,0.0,28.7,16.7,4.54,0.137,Narayanpet,TS
2025-01-08,0.0,27.8,16.9,4.9,0.135,Narayanpet,TS
2025-01-09,0.0,27.7,15.8,4.94,0.135,Narayanpet,TS
2025-01-10,0.0,29.0,16.7,4.4,0.141,Narayanpet,TS
2025-01-11,0.0,29.3,17.5,3.9,0.15,Narayanpet,TS
2025-01-12,0.0,29.5,18.3,4.09,0.159,Narayanpet,TS
2025-01-13,0.0,30.1,18.9,4.65,0.166,Narayanpet,TS
2025-01-14,0.0,29.9,18.4,4.91,0.176,Narayanpet,TS
2025-01-15,0.0,29.3,18.5,4.35,0.181,Narayanpet,TS
2025-01-16,0.0,29.3,18.7,4.33,0.184,Narayanpet,TS
2025-01-17,0.0,28.5,18.5,4.67,0.192,Narayanpet,TS
2025-01-18,0.0,27.9,17.7,4.3,0.201,Narayanpet,TS
2025-01-19,0.0,29.3,17.4,4.73,0.212,Narayanpet,TS
2025-01-20,0.0,29.4,17.8,4.97,0.223,Narayanpet,TS
2025-01-21,0.0,29.9,17.1,4.77,0.232,Narayanpet,TS
2025-01-22,0.0,31.3,17.2,4.85,0.223,Narayanpet,TS
2025-01-23,0.0,30.4,17.0,4.33,0.214,Narayanpet,TS
2025-01-24,0.0,31.1,17.6,4.48,0.215,Narayanpet,TS
2025-01-25,0.0,31.0,16.9,4.4,0.222,Narayanpet,TS
2025-01-26,0.0,30.9,17.4,4.98,0.219,Narayanpet,TS
2025-01-27,0.0,30.0,18.3,4.5,0.22,Narayanpet,TS
2025-01-28,0.0,29.8,18.0,4.52,0.217,Narayanpet,TS
2025-01-29,0.0,30.0,17.4,4.63,0.211,Narayanpet,TS
2025-01-30,0.0,29.7,16.6,4.34,0.227,Narayanpet,TS
2025-01-31,0.0,31.5,17.7,4.68,0.231,Narayanpet,TS
2025-02-01,0.0,31.6,18.6,4.73,0.218,Narayanpet,TS
2025-02-02,0.0,31.8,18.9,5.23,0.201,Narayanpet,TS
2025-02-03,0.0,32.3,18.8,5.26,0.207,Narayanpet,TS
2025-02-04,0.0,33.2,19.3,5.5,0.187,Narayanpet,TS
2025-02-05,0.0,32.7,19.9,5.0,0.163,Narayanpet,TS
2025-02-06,0.0,32.5,20.0,5.35,0.145,Narayanpet,TS
2025-02-07,0.0,32.1,20.0,5.21,0.142,Narayanpet,TS
2025-02-08,0.0,31.9,20.2,5.28,0.128,Narayanpet,TS
2025-02-09,0.0,32.3,20.0,5.49,0.136,Narayanpet,TS
2025-02-10,0.0,31.6,19.8,5.07,0.157,Narayanpet,TS
2025-02-11,0.0,32.1,19.9,4.96,0.162,Narayanpet,TS
2025-02-12,0.0,32.4,20.4,4.99,0.168,Narayanpet,TS
2025-02-13,0.0,33.3,21.4,5.21,0.184,Narayanpet,TS
2025-02-14,0.0,31.8,19.9,5.11,0.183,Narayanpet,TS
2025-02-15,0.0,33.3,18.9,6.27,0.185,Narayanpet,TS
2025-02-16,0.0,32.4,18.8,5.3,0.184,Narayanpet,TS
2025-02-17,0.0,32.8,20.0,5.33,0.17,Narayanpet,TS
2025-02-18,0.0,32.8,20.3,5.06,0.164,Narayanpet,TS
2025-02-19,0.0,33.4,20.8,5.22,0.156,Narayanpet,TS
2025-02-20,0.0,33.0,21.2,5.26,0.154,Narayanpet,TS
2025-02-21,0.0,32.5,22.3,5.27,0.149,Narayanpet,TS
2025-02-22,0.0,32.8,21.8,4.88,0.144,Narayanpet,TS
2025-02-23,0.0,32.9,20.6,5.83,0.157,Narayanpet,TS
2025-02-24,0.0,33.3,19.6,6.78,0.17,Narayanpet,TS
2025-02-25,0.0,32.9,19.2,6.46,0.151,Narayanpet,TS
2025-02-26,0.0,33.0,19.2,6.35,0.168,Narayanpet,TS
2025-02-27,0.0,32.8,19.4,6.07,0.163,Narayanpet,TS
2025-02-28,0.0,33.2,20.0,6.05,0.152,Narayanpet,TS
2025-03-01,0.0,33.6,20.2,6.04,0.145,Narayanpet,TS
2025-03-02,0.0,33.6,20.6,5.7,0.132,Narayanpet,TS
2025-03-03,0.0,35.5,21.2,6.24,0.136,Narayanpet,TS
2025-03-04,0.0,35.4,22.2,6.09,0.134,Narayanpet,TS
2025-03-05,0.0,35.4,22.4,7.57,0.106,Narayanpet,TS
2025-03-06,0.0,34.3,20.7,7.88,0.111,Narayanpet,TS
2025-03-07,0.0,34.9,20.4,7.4,0.126,Narayanpet,TS
2025-03-08,0.0,34.1,19.9,5.89,0.127,Narayanpet,TS
2025-03-09,0.0,35.1,20.4,6.59,0.124,Narayanpet,TS
2025-03-10,0.0,34.3,20.8,6.78,0.128,Narayanpet,TS
2025-03-11,0.0,34.9,20.3,6.86,0.146,Narayanpet,TS
2025-03-12,0.0,34.8,21.1,5.9,0.15,Narayanpet,TS
2025-03-13,0.0,35.7,21.6,5.9,0.152,Narayanpet,TS
2025-03-14,0.0,36.5,23.1,6.56,0.158,Narayanpet,TS
2025-03-15,0.0,36.3,22.4,6.76,0.17,Narayanpet,TS
2025-03-16,0.0,36.6,22.0,7.09,0.16,Narayanpet,TS
2025-03-17,0.0,36.2,21.6,6.14,0.148,Narayanpet,TS
2025-03-18,0.0,36.7,23.3,6.7,0.125,Narayanpet,TS
2025-03-19,0.0,36.6,22.9,7.19,0.128,Narayanpet,TS
2025-03-20,0.0,35.8,22.9,6.71,0.123,Narayanpet,TS
2025-03-21,0.0,36.3,23.3,6.4,0.13,Narayanpet,TS
2025-03-22,0.0,35.5,24.0,6.42,0.125,Narayanpet,TS
2025-03-23,0.0,34.8,23.6,6.12,0.13,Narayanpet,TS
2025-03-24,0.0,34.5,24.5,6.12,0.147,Narayanpet,TS
2025-03-25,0.0,35.1,23.3,6.38,0.162,Narayanpet,TS
2025-03-26,0.0,35.3,23.1,6.35,0.175,Narayanpet,TS
2025-03-27,0.0,36.3,22.8,6.66,0.177,Narayanpet,TS
2025-03-28,0.0,36.5,23.6,6.54,0.18,Narayanpet,TS
2025-03-29,0.0,37.1,24.0,6.96,0.184,Narayanpet,TS
2025-03-30,0.0,36.8,24.0,6.97,0.202,Narayanpet,TS
2025-03-31,0.0,36.6,23.3,7.11,0.21,Narayanpet,TS
2025-04-01,0.0,34.8,22.4,6.69,0.193,Narayanpet,TS
2025-04-02,0.0,34.0,22.4,6.57,0.168,Narayanpet,TS
2025-04-03,19.9,32.5,22.2,4.85,0.172,Narayanpet,TS
2025-04-04,0.2,34.0,21.4,5.54,0.245,Narayanpet,TS
2025-04-05,0.0,34.6,23.3,6.09,0.199,Narayanpet,TS
2025-04-06,0.0,35.9,23.2,6.34,0.183,Narayanpet,TS
2025-04-07,0.0,36.5,23.7,6.81,0.171,Narayanpet,TS
2025-04-08,0.0,35.9,23.1,6.34,0.163,Narayanpet,TS
2025-04-09,0.0,36.3,23.1,6.34,0.158,Narayanpet,TS
2025-04-10,0.1,35.5,23.8,6.4,0.163,Narayanpet,TS
2025-04-11,0.0,36.7,24.1,6.86,0.167,Narayanpet,TS
2025-04-12,0.0,36.9,25.0,6.52,0.167,Narayanpet,TS
2025-04-13,0.0,36.2,24.0,6.53,0.169,Narayanpet,TS
2025-04-14,0.0,36.1,24.0,6.51,0.167,Narayanpet,TS
2025-04-15,0.0,36.1,23.6,6.5,0.172,Narayanpet,TS
2025-04-16,0.0,36.7,24.5,6.66,0.174,Narayanpet,TS
2025-04-17,0.0,36.4,25.2,6.4,0.178,Narayanpet,TS
2025-04-18,0.0,37.0,25.1,6.33,0.192,Narayanpet,TS
2025-04-19,0.0,36.6,25.8,6.12,0.206,Narayanpet,TS
2025-04-20,0.0,37.4,26.5,6.4,0.207,Narayanpet,TS
2025-04-21,0.0,36.9,25.6,6.44,0.216,Narayanpet,TS
2025-04-22,0.0,37.5,26.7,6.64,0.225,Narayanpet,TS
2025-04-23,0.0,37.7,25.6,6.88,0.217,Narayanpet,TS
2025-04-24,0.0,37.3,26.1,6.22,0.202,Narayanpet,TS
2025-04-25,0.0,38.2,27.8,7.01,0.194,Narayanpet,TS
2025-04-26,0.0,37.0,24.8,6.49,0.199,Narayanpet,TS
2025-04-27,0.0,35.8,25.4,5.75,0.182,Narayanpet,TS
2025-04-28,0.0,36.5,24.2,6.42,0.179,Narayanpet,TS
2025-04-29,0.0,37.1,25.2,6.72,0.171,Narayanpet,TS
2025-04-30,0.0,38.0,26.2,6.41,0.174,Narayanpet,TS
2025-05-01,0.0,37.7,26.7,7.22,0.172,Narayanpet,TS
2025-05-02,0.0,37.3,25.9,6.86,0.164,Narayanpet,TS
2025-05-03,0.0,37.4,26.1,7.08,0.164,Narayanpet,TS
2025-05-04,0.0,38.3,25.4,8.05,0.18,Narayanpet,TS
2025-05-05,0.0,37.2,23.7,6.13,0.196,Narayanpet,TS
2025-05-06,0.0,35.5,24.9,6.92,0.209,Narayanpet,TS
2025-05-07,0.1,35.0,25.0,6.29,0.228,Narayanpet,TS
2025-05-08,0.0,35.0,24.8,6.8,0.237,Narayanpet,TS
2025-05-09,0.0,34.6,23.9,6.06,0.239,Narayanpet,TS
2025-05-10,0.1,34.7,24.5,6.06,0.231,Narayanpet,TS
2025-05-11,0.0,35.9,25.6,6.62,0.225,Narayanpet,TS
2025-05-12,12.9,36.0,23.4,6.37,0.24,Narayanpet,TS
2025-05-13,2.8,35.5,23.7,6.11,0.283,Narayanpet,TS
2025-05-14,0.1,35.1,24.4,6.08,0.247,Narayanpet,TS
2025-05-15,0.1,35.2,25.0,5.63,0.265,Narayanpet,TS
2025-05-16,0.0,35.4,24.6,5.78,0.281,Narayanpet,TS
2025-05-17,0.2,35.4,25.1,5.76,0.318,Narayanpet,TS
2025-05-18,0.7,34.6,24.7,5.62,0.344,Narayanpet,TS
2025-05-19,4.2,33.2,24.8,4.12,0.38,Narayanpet,TS
2025-05-20,6.1,34.1,24.3,4.64,0.378,Narayanpet,TS
2025-05-21,2.2,32.2,24.2,4.23,0.399,Narayanpet,TS
2025-05-22,4.2,32.9,23.3,5.31,0.41,Narayanpet,TS
2025-05-23,5.9,33.0,24.0,5.27,0.394,Narayanpet,TS
2025-05-24,20.1,32.7,24.0,4.56,0.414,Narayanpet,TS
2025-05-25,11.8,32.7,23.5,4.65,0.419,Narayanpet,TS
2025-05-26,21.5,29.7,22.9,3.4,0.42,Narayanpet,TS
2025-05-27,2.6,32.0,22.5,3.98,0.414,Narayanpet,TS
2025-05-28,35.5,30.3,23.2,3.08,0.414,Narayanpet,TS
2025-05-29,3.2,33.4,22.9,4.43,0.412,Narayanpet,TS
2025-05-30,3.5,34.1,23.3,6.17,0.403,Narayanpet,TS
2025-05-31,0.0,34.9,23.7,7.12,0.394,Narayanpet,TS
2025-06-01,0.0,34.0,23.8,6.74,0.374,Narayanpet,TS
2025-06-02,0.7,33.7,23.6,6.18,0.365,Narayanpet,TS
2025-06-03,0.2,33.3,23.6,6.06,0.362,Narayanpet,TS
2025-06-04,0.0,33.5,23.7,6.67,0.349,Narayanpet,TS
2025-06-05,0.0,32.4,24.3,5.19,0.345,Narayanpet,TS
2025-06-06,0.0,33.7,22.6,5.81,0.343,Narayanpet,TS
2025-06-07,0.1,34.1,24.2,6.01,0.342,Narayanpet,TS
2025-06-08,5.3,34.0,24.0,5.81,0.373,Narayanpet,TS
2025-06-09,0.5,31.9,23.7,5.26,0.396,Narayanpet,TS
2025-06-10,0.0,34.4,24.7,5.34,0.387,Narayanpet,TS
2025-06-11,3.0,31.1,24.2,3.7,0.387,Narayanpet,TS
2025-06-12,3.4,33.0,22.8,4.73,0.392,Narayanpet,TS
2025-06-13,0.1,32.9,24.1,5.32,0.395,Narayanpet,TS
2025-06-14,0.8,32.9,24.4,5.36,0.395,Narayanpet,TS
2025-06-15,10.6,32.1,23.5,4.47,0.394,Narayanpet,TS
2025-06-16,3.2,32.1,23.9,5.16,0.392,Narayanpet,TS
2025-06-17,0.3,32.5,23.8,5.91,0.367,Narayanpet,TS
2025-06-18,0.7,33.1,23.6,6.17,0.349,Narayanpet,TS
2025-06-19,1.0,32.9,24.1,6.23,0.33,Narayanpet,TS
2025-06-20,1.7,33.2,24.1,5.41,0.312,Narayanpet,TS
2025-06-21,0.9,33.3,23.7,6.6,0.315,Narayanpet,TS
2025-06-22,0.4,33.4,23.6,6.65,0.298,Narayanpet,TS
2025-06-23,1.7,32.2,23.9,5.59,0.301,Narayanpet,TS
2025-06-24,2.9,31.0,23.9,4.96,0.327,Narayanpet,TS
2025-06-25,5.8,31.2,23.4,4.78,0.346,Narayanpet,TS
2025-06-26,1.5,30.7,23.6,4.84,0.377,Narayanpet,TS
2025-06-27,1.3,32.3,23.7,5.63,0.36,Narayanpet,TS
2025-06-28,0.2,32.7,23.3,6.22,0.337,Narayanpet,TS
2025-06-29,0.9,32.2,23.7,5.74,0.334,Narayanpet,TS
2025-06-30,5.0,29.7,23.2,4.06,0.352,Narayanpet,TS
2025-07-01,4.8,29.4,22.9,2.94,0.384,Narayanpet,TS
2025-07-02,4.1,28.3,22.7,2.74,0.398,Narayanpet,TS
2025-07-03,0.6,30.9,23.7,3.8,0.377,Narayanpet,TS
2025-07-04,0.6,30.3,23.6,4.8,0.368,Narayanpet,TS
2025-07-05,17.9,31.2,23.9,4.86,0.381,Narayanpet,TS
2025-07-06,0.7,31.9,23.6,5.99,0.378,Narayanpet,TS
2025-07-07,3.4,31.3,23.7,4.81,0.375,Narayanpet,TS
2025-07-08,3.7,31.7,23.4,5.3,0.372,Narayanpet,TS
2025-07-09,3.0,31.7,23.5,5.77,0.375,Narayanpet,TS
2025-07-10,0.4,31.7,22.8,5.44,0.365,Narayanpet,TS
2025-07-11,6.3,31.8,23.3,5.68,0.355,Narayanpet,TS
2025-07-12,3.0,31.8,23.4,5.48,0.354,Narayanpet,TS
2025-07-13,0.5,31.0,23.3,5.13,0.327,Narayanpet,TS
2025-07-14,1.4,32.1,23.3,5.92,0.312,Narayanpet,TS
2025-07-15,2.4,30.1,23.6,4.92,0.294,Narayanpet,TS
2025-07-16,1.8,30.5,23.0,4.38,0.283,Narayanpet,TS
2025-07-17,10.6,31.6,22.4,4.67,0.302,Narayanpet,TS
2025-07-18,8.7,29.8,22.8,2.96,0.358,Narayanpet,TS
2025-07-19,5.8,31.2,22.5,4.97,0.358,Narayanpet,TS
2025-07-20,0.3,30.8,23.5,5.22,0.346,Narayanpet,TS
2025-07-21,11.5,31.4,22.9,4.67,0.338,Narayanpet,TS
2025-07-22,12.3,29.7,22.8,4.1,0.4,Narayanpet,TS
2025-07-23,16.3,27.2,22.6,2.22,0.417,Narayanpet,TS
2025-07-24,16.2,25.3,22.1,1.5,0.425,Narayanpet,TS
2025-07-25,13.0,28.5,22.8,2.5,0.419,Narayanpet,TS
2025-07-26,14.6,26.7,22.5,2.17,0.425,Narayanpet,TS
2025-07-27,0.8,30.8,23.2,5.93,0.405,Narayanpet,TS
2025-07-28,0.2,30.5,23.3,5.8,0.388,Narayanpet,TS
2025-07-29,0.9,30.5,23.0,5.93,0.379,Narayanpet,TS
2025-07-30,0.7,29.5,23.4,4.22,0.375,Narayanpet,TS
2025-07-31,0.5,30.0,22.9,5.11,0.377,Narayanpet,TS
2025-08-01,0.8,31.0,22.6,5.42,0.362,Narayanpet,TS
2025-08-02,0.5,31.3,23.3,5.48,0.334,Narayanpet,TS
2025-08-03,0.2,31.1,23.2,5.1,0.297,Narayanpet,TS
2025-08-04,7.8,31.0,22.9,4.56,0.268,Narayanpet,TS
2025-08-05,2.4,30.8,23.1,4.59,0.271,Narayanpet,TS
2025-08-06,15.7,31.2,22.8,5.06,0.339,Narayanpet,TS
2025-08-07,11.7,30.4,23.7,4.01,0.327,Narayanpet,TS
2025-08-08,1.8,30.6,22.7,4.25,0.366,Narayanpet,TS
2025-08-09,1.6,29.3,22.3,3.99,0.361,Narayanpet,TS
2025-08-10,13.6,29.2,22.4,3.57,0.387,Narayanpet,TS
2025-08-11,12.3,29.6,21.7,3.83,0.419,Narayanpet,TS
2025-08-12,11.8,29.0,22.4,3.98,0.417,Narayanpet,TS
2025-08-13,17.1,27.0,21.8,2.49,0.418,Narayanpet,TS
2025-08-14,23.1,26.6,21.9,2.35,0.424,Narayanpet,TS
2025-08-15,6.8,28.3,22.1,3.89,0.414,Narayanpet,TS
2025-08-16,3.9,27.7,22.2,3.16,0.409,Narayanpet,TS
2025-08-17,16.3,26.3,22.3,2.35,0.419,Narayanpet,TS
2025-08-18,26.5,24.3,22.1,1.41,0.429,Narayanpet,TS
2025-08-19,19.9,24.1,21.8,1.58,0.426,Narayanpet,TS
2025-08-20,7.8,29.0,22.0,3.58,0.422,Narayanpet,TS
2025-08-21,0.3,30.2,21.8,4.9,0.406,Narayanpet,TS
2025-08-22,0.0,29.4,22.3,4.32,0.39,Narayanpet,TS
2025-08-23,0.6,29.8,22.0,4.67,0.381,Narayanpet,TS
2025-08-24,0.0,29.8,21.6,4.79,0.375,Narayanpet,TS
2025-08-25,0.3,29.8,21.4,5.0,0.363,Narayanpet,TS
2025-08-26,16.0,28.2,21.7,3.33,0.378,Narayanpet,TS
2025-08-27,21.3,27.4,21.9,2.46,0.415,Narayanpet,TS
2025-08-28,28.1,26.5,21.6,2.19,0.426,Narayanpet,TS
2025-08-29,7.5,28.5,21.2,3.32,0.42,Narayanpet,TS
2025-08-30,4.8,30.3,22.0,4.62,0.409,Narayanpet,TS
2025-08-31,11.9,28.9,22.2,3.99,0.411,Narayanpet,TS
2025-09-01,3.6,29.2,22.3,3.67,0.408,Narayanpet,TS
2025-09-02,18.5,28.0,22.4,3.23,0.415,Narayanpet,TS
2025-09-03,0.6,29.3,21.9,4.79,0.409,Narayanpet,TS
2025-09-04,0.8,29.9,21.6,5.1,0.393,Narayanpet,TS
2025-09-05,0.6,30.0,21.1,4.74,0.383,Narayanpet,TS
2025-09-06,0.0,29.2,21.8,4.4,0.366,Narayanpet,TS
2025-09-07,0.0,29.3,20.9,4.92,0.349,Narayanpet,TS
2025-09-08,0.0,29.9,21.5,5.28,0.339,Narayanpet,TS
2025-09-09,0.8,29.9,21.5,4.85,0.321,Narayanpet,TS
2025-09-10,1.8,30.6,23.0,4.59,0.293,Narayanpet,TS
2025-09-11,20.5,28.1,22.1,2.89,0.384,Narayanpet,TS
2025-09-12,12.2,28.5,21.9,3.23,0.391,Narayanpet,TS
2025-09-13,6.1,28.3,22.5,3.15,0.409,Narayanpet,TS
2025-09-14,3.6,29.9,22.3,4.3,0.412,Narayanpet,TS
2025-09-15,3.2,28.2,22.1,3.08,0.405,Narayanpet,TS
2025-09-16,1.9,29.3,22.4,3.69,0.393,Narayanpet,TS
2025-09-17,10.0,29.3,22.3,3.46,0.398,Narayanpet,TS
2025-09-18,11.6,29.7,21.5,4.05,0.413,Narayanpet,TS
2025-09-19,10.2,29.7,21.5,4.17,0.415,Narayanpet,TS
2025-09-20,9.5,30.3,21.5,4.13,0.411,Narayanpet,TS
2025-09-21,13.1,30.1,21.9,4.1,0.415,Narayanpet,TS
2025-09-22,3.3,28.7,21.9,3.06,0.417,Narayanpet,TS
2025-09-23,11.5,27.1,22.6,2.29,0.42,Narayanpet,TS
2025-09-24,0.3,29.0,22.7,4.4,0.402,Narayanpet,TS
2025-09-25,4.1,28.0,21.9,3.99,0.391,Narayanpet,TS
2025-09-26,24.3,25.7,21.7,1.72,0.423,Narayanpet,TS
2025-09-27,20.5,24.1,21.5,1.25,0.428,Narayanpet,TS
2025-09-28,1.0,29.4,20.4,3.61,0.414,Narayanpet,TS
2025-09-29,7.9,29.1,21.2,3.59,0.408,Narayanpet,TS
2025-09-30,0.0,29.2,21.4,4.38,0.405,Narayanpet,TS
2025-10-01,0.4,29.2,21.7,4.34,0.386,Narayanpet,TS
2025-10-02,0.3,29.2,22.6,3.2,0.386,Narayanpet,TS
2025-10-03,0.2,29.4,22.5,4.58,0.368,Narayanpet,TS
2025-10-04,0.0,29.6,22.8,4.78,0.354,Narayanpet,TS
2025-10-05,3.0,28.9,22.6,4.04,0.357,Narayanpet,TS
2025-10-06,17.2,29.5,21.3,3.98,0.39,Narayanpet,TS
2025-10-07,4.3,29.6,21.7,3.78,0.364,Narayanpet,TS
2025-10-08,0.3,30.5,22.2,4.47,0.324,Narayanpet,TS
2025-10-09,2.3,29.2,21.6,3.76,0.312,Narayanpet,TS
2025-10-10,0.0,30.1,22.3,4.95,0.298,Narayanpet,TS
2025-10-11,0.0,30.2,21.2,5.26,0.285,Narayanpet,TS
2025-10-12,0.0,29.7,20.8,5.25,0.267,Narayanpet,TS
2025-10-13,0.0,28.3,21.1,3.49,0.254,Narayanpet,TS
2025-10-14,9.1,29.5,21.6,4.15,0.239,Narayanpet,TS
2025-10-15,0.0,29.9,22.1,4.45,0.207,Narayanpet,TS
2025-10-16,0.1,29.9,22.1,4.7,0.194,Narayanpet,TS
2025-10-17,0.2,30.1,21.9,4.43,0.183,Narayanpet,TS
2025-10-18,0.0,30.1,21.2,4.62,0.174,Narayanpet,TS
2025-10-19,0.2,30.1,21.8,4.66,0.17,Narayanpet,TS
2025-10-20,1.0,29.4,21.9,4.15,0.174,Narayanpet,TS
2025-10-21,3.4,29.9,21.9,3.75,0.194,Narayanpet,TS
2025-10-22,1.0,29.0,22.0,3.79,0.214,Narayanpet,TS
2025-10-23,12.5,27.9,22.5,2.55,0.297,Narayanpet,TS
2025-10-24,16.3,28.2,21.7,2.88,0.359,Narayanpet,TS
2025-10-25,0.4,27.1,21.7,2.65,0.348,Narayanpet,TS
2025-10-26,1.8,28.3,22.0,3.72,0.308,Narayanpet,TS
2025-10-27,1.0,29.1,20.9,3.74,0.269,Narayanpet,TS
2025-10-28,5.2,27.4,22.8,2.32,0.258,Narayanpet,TS
2025-10-29,22.3,25.0,20.6,2.13,0.367,Narayanpet,TS
2025-10-30,0.1,29.1,22.3,4.56,0.339,Narayanpet,TS
2025-10-31,0.0,28.5,19.7,3.69,0.302,Narayanpet,TS
2025-11-01,0.0,29.8,22.5,4.09,0.257,Narayanpet,TS
2025-11-02,0.9,30.0,23.1,3.81,0.22,Narayanpet,TS
2025-11-03,1.9,29.6,22.8,3.6,0.187,Narayanpet,TS
2025-11-04,4.5,27.9,22.2,2.57,0.239,Narayanpet,TS
2025-11-05,0.2,29.2,21.3,3.69,0.257,Narayanpet,TS
2025-11-06,0.1,29.9,21.9,4.04,0.22,Narayanpet,TS
2025-11-07,0.0,30.0,22.2,4.87,0.194,Narayanpet,TS
2025-11-08,0.0,29.7,20.0,5.9,0.168,Narayanpet,TS
2025-11-09,0.0,27.6,18.4,5.01,0.164,Narayanpet,TS
2025-11-10,0.0,28.1,17.7,4.74,0.154,Narayanpet,TS
2025-11-11,0.0,29.0,18.3,4.95,0.147,Narayanpet,TS
2025-11-12,0.0,29.3,19.5,5.49,0.141,Narayanpet,TS
2025-11-13,0.0,29.4,19.2,5.64,0.14,Narayanpet,TS
2025-11-14,0.0,28.2,16.6,5.32,0.139,Narayanpet,TS
2025-11-15,0.0,27.6,16.2,4.68,0.136,Narayanpet,TS
2025-11-16,0.0,27.7,16.4,4.99,0.135,Narayanpet,TS
2025-11-17,0.0,27.4,16.2,5.08,0.134,Narayanpet,TS
2025-11-18,0.0,28.4,16.5,4.92,0.13,Narayanpet,TS
2025-11-19,0.0,29.0,17.0,4.92,0.124,Narayanpet,TS
2025-11-20,0.0,28.9,16.4,5.01,0.125,Narayanpet,TS
2025-11-21,0.0,30.5,17.6,4.48,0.126,Narayanpet,TS
2025-11-22,0.0,30.7,20.2,4.46,0.116,Narayanpet,TS
2025-11-23,0.0,31.2,19.6,3.95,0.112,Narayanpet,TS
2025-11-24,0.0,30.0,20.4,4.15,0.125,Narayanpet,TS
2025-11-25,0.0,29.2,18.5,4.28,0.133,Narayanpet,TS
2025-11-26,0.0,29.0,18.3,4.45,0.132,Narayanpet,TS
2025-11-27,0.0,28.5,17.3,4.19,0.138,Narayanpet,TS
2025-11-28,0.0,28.0,17.7,4.59,0.14,Narayanpet,TS
2025-11-29,0.0,27.2,15.9,4.25,0.134,Narayanpet,TS
2025-11-30,0.2,28.1,19.3,4.09,0.132,Narayanpet,TS
2025-12-01,0.0,28.9,20.0,4.23,0.125,Narayanpet,TS
2025-12-02,0.0,29.1,18.5,3.66,0.123,Narayanpet,TS
2025-12-03,0.4,29.5,19.1,4.1,0.131,Narayanpet,TS
2025-12-04,3.2,29.4,21.0,3.81,0.142,Narayanpet,TS
2025-12-05,0.0,29.1,20.8,4.38,0.141,Narayanpet,TS
2025-12-06,0.0,28.1,17.6,4.44,0.138,Narayanpet,TS
2025-12-07,0.0,29.3,18.8,4.63,0.135,Narayanpet,TS
2025-12-08,0.0,28.8,16.9,4.93,0.134,Narayanpet,TS
2025-12-09,0.0,29.5,15.6,5.86,0.126,Narayanpet,TS
2025-12-10,0.0,29.2,16.2,5.77,0.12,Narayanpet,TS
2025-12-11,0.0,28.7,15.8,5.59,0.116,Narayanpet,TS
2025-12-12,0.0,28.4,14.7,5.01,0.119,Narayanpet,TS
2025-12-13,0.0,27.8,14.5,4.52,0.13,Narayanpet,TS
2025-12-14,0.0,27.8,15.2,4.17,0.129,Narayanpet,TS
2025-12-15,0.0,27.7,15.8,4.33,0.127,Narayanpet,TS
2025-12-16,0.0,28.2,15.6,4.54,0.122,Narayanpet,TS
2025-12-17,0.0,29.2,17.1,4.63,0.119,Narayanpet,TS
2025-12-18,0.0,29.5,15.8,5.36,0.121,Narayanpet,TS
2025-12-19,0.0,28.2,15.1,5.27,0.12,Narayanpet,TS
2025-12-20,0.0,27.9,14.3,5.0,0.116,Narayanpet,TS
2025-12-21,0.0,27.4,14.6,4.51,0.115,Narayanpet,TS
2025-12-22,0.0,27.7,15.6,4.28,0.11,Narayanpet,TS
2025-12-23,0.0,28.4,15.3,4.51,0.112,Narayanpet,TS
2025-12-24,0.0,27.1,15.5,4.65,0.113,Narayanpet,TS
2025-12-25,0.0,26.9,15.9,4.42,0.118,Narayanpet,TS
2025-12-26,0.0,27.2,15.9,4.42,0.128,Narayanpet,TS
2025-12-27,0.0,26.6,15.4,4.13,0.132,Narayanpet,TS
2025-12-28,0.0,26.8,15.3,4.07,0.13,Narayanpet,TS
2025-12-29,0.0,26.7,15.2,4.09,0.137,Narayanpet,TS
2025-12-30,0.0,27.7,15.4,3.81,0.13,Narayanpet,TS
2025-12-31,0.0,28.1,15.7,3.9,0.13,Narayanpet,TS
2026-01-01,0.0,28.9,17.1,3.95,0.137,Narayanpet,TS
2026-01-02,0.1,28.2,17.7,3.51,0.164,Narayanpet,TS
2026-01-03,0.0,28.4,17.9,4.13,0.172,Narayanpet,TS
2026-01-04,0.0,27.8,17.7,4.12,0.188,Narayanpet,TS
2026-01-05,0.0,27.0,15.7,4.32,0.216,Narayanpet,TS
2026-01-06,0.0,26.7,15.6,4.48,0.235,Narayanpet,TS
2026-01-07,0.0,26.5,15.2,4.64,0.227,Narayanpet,TS
2026-01-08,0.0,26.6,15.0,4.59,0.223,Narayanpet,TS
2026-01-09,0.0,26.4,15.3,4.72,0.232,Narayanpet,TS
2026-01-10,0.0,26.6,15.4,5.03,0.215,Narayanpet,TS
2026-01-11,0.0,25.0,15.5,3.82,0.208,Narayanpet,TS
2026-01-12,0.0,27.4,16.8,4.32,0.196,Narayanpet,TS
2026-01-13,0.0,28.8,17.8,4.19,0.179,Narayanpet,TS
2026-01-14,0.2,29.0,18.7,3.76,0.163,Narayanpet,TS
2026-01-15,0.0,29.0,19.4,4.07,0.172,Narayanpet,TS
2026-01-16,0.0,29.5,18.8,4.39,0.181,Narayanpet,TS
2026-01-17,0.0,29.4,16.5,4.51,0.202,Narayanpet,TS
2026-01-18,0.0,28.9,16.2,4.27,0.218,Narayanpet,TS
2026-01-19,0.0,28.1,15.8,4.36,0.223,Narayanpet,TS
2026-01-20,0.0,28.4,15.9,4.76,0.208,Narayanpet,TS
2026-01-21,0.0,27.6,16.4,4.87,0.219,Narayanpet,TS
2026-01-22,0.0,27.3,16.1,4.88,0.234,Narayanpet,TS
2026-01-23,0.0,27.0,15.8,4.67,0.235,Narayanpet,TS
2026-01-24,0.0,27.9,15.8,4.2,0.241,Narayanpet,TS
2026-01-25,0.0,29.2,17.8,4.31,0.244,Narayanpet,TS
2026-01-26,0.0,28.8,17.7,4.12,0.246,Narayanpet,TS
2026-01-27,0.0,29.3,19.0,4.57,0.257,Narayanpet,TS
2026-01-28,0.0,28.9,18.3,4.21,0.258,Narayanpet,TS
2026-01-29,0.0,29.4,18.6,4.65,0.246,Narayanpet,TS
2026-01-30,0.0,28.6,17.9,4.6,0.235,Narayanpet,TS
2026-01-31,0.0,28.4,17.1,4.9,0.234,Narayanpet,TS
2026-02-01,0.0,28.1,16.6,4.61,0.238,Narayanpet,TS
2026-02-02,0.0,28.4,16.9,4.74,0.23,Narayanpet,TS
2026-02-03,0.0,28.3,17.6,4.85,0.223,Narayanpet,TS
2026-02-04,0.0,28.9,17.4,5.1,0.212,Narayanpet,TS
2026-02-05,0.0,28.5,17.5,4.96,0.198,Narayanpet,TS
2026-02-06,0.0,29.0,17.7,5.26,0.205,Narayanpet,TS
2026-02-07,0.0,29.9,17.2,5.15,0.22,Narayanpet,TS
2026-02-08,0.0,30.3,18.5,5.77,0.214,Narayanpet,TS
2026-02-09,0.0,29.1,17.1,5.03,0.211,Narayanpet,TS
2026-02-10,0.0,30.8,16.7,5.4,0.207,Narayanpet,TS
2026-02-11,0.0,30.0,16.5,5.35,0.212,Narayanpet,TS
2026-02-12,0.0,29.7,16.1,5.25,0.201,Narayanpet,TS
2026-02-13,0.0,29.7,16.9,5.41,0.195,Narayanpet,TS
2026-02-14,0.0,30.4,17.4,5.41,0.182,Narayanpet,TS
2026-02-15,0.0,30.6,17.9,5.05,0.172,Narayanpet,TS
2026-02-16,0.0,31.0,19.0,5.85,0.164,Narayanpet,TS
2026-02-17,0.0,30.3,17.9,5.6,0.164,Narayanpet,TS
2026-02-18,0.0,30.2,17.3,5.39,0.156,Narayanpet,TS
2026-02-19,0.0,30.4,18.1,5.7,0.154,Narayanpet,TS
2026-02-20,0.0,31.7,18.7,5.9,0.171,Narayanpet,TS
2026-02-21,0.0,31.6,19.6,5.36,0.169,Narayanpet,TS
2026-02-22,0.1,30.9,20.5,4.78,0.168,Narayanpet,TS
2026-02-23,2.6,30.8,21.0,4.87,0.168,Narayanpet,TS
2026-02-24,18.3,29.8,19.7,4.74,0.262,Narayanpet,TS
2026-02-25,0.6,30.0,19.8,4.76,0.242,Narayanpet,TS
2026-02-26,0.0,31.4,20.1,5.06,0.24,Narayanpet,TS
2026-02-27,0.0,31.8,20.5,5.49,0.231,Narayanpet,TS
2026-02-28,0.0,32.3,20.6,5.71,0.221,Narayanpet,TS
2026-03-01,0.0,32.6,21.0,5.33,0.213,Narayanpet,TS
2026-03-02,0.0,33.4,20.8,5.6,0.208,Narayanpet,TS
2026-03-03,0.0,34.2,21.6,6.15,0.205,Narayanpet,TS
2026-03-04,0.0,33.6,20.2,6.23,0.199,Narayanpet,TS
2026-03-05,0.0,34.4,21.0,6.91,0.197,Narayanpet,TS
2026-03-06,0.0,34.6,21.4,6.92,0.205,Narayanpet,TS
2026-03-07,0.0,35.5,21.6,7.02,0.204,Narayanpet,TS
2026-03-08,0.0,35.2,20.9,6.08,0.186,Narayanpet,TS
2026-03-09,0.0,34.5,20.1,6.46,0.175,Narayanpet,TS
2026-03-10,0.0,33.3,20.8,6.24,0.154,Narayanpet,TS
2026-03-11,0.0,33.1,20.1,6.3,0.133,Narayanpet,TS
2026-03-12,0.0,35.9,21.1,6.88,0.142,Narayanpet,TS
2026-03-13,0.0,35.1,22.2,6.39,0.125,Narayanpet,TS
2026-03-14,0.0,35.0,22.2,6.42,0.128,Narayanpet,TS
2026-03-15,0.0,34.1,22.4,6.09,0.133,Narayanpet,TS
2026-03-16,0.0,33.9,22.8,6.39,0.139,Narayanpet,TS
2026-03-17,1.8,33.0,21.9,5.42,0.136,Narayanpet,TS
2026-03-18,1.7,31.6,20.7,5.63,0.149,Narayanpet,TS
2026-03-19,0.0,32.2,19.4,5.28,0.163,Narayanpet,TS
2026-03-20,0.0,31.1,20.1,5.19,0.167,Narayanpet,TS
2026-03-21,0.0,33.0,21.4,5.68,0.161,Narayanpet,TS
2026-03-22,0.2,32.9,21.7,5.47,0.159,Narayanpet,TS
2026-03-23,0.0,33.5,22.7,6.0,0.159,Narayanpet,TS
2026-03-24,0.7,34.0,22.0,6.0,0.158,Narayanpet,TS
2026-03-25,0.1,34.2,23.1,5.94,0.182,Narayanpet,TS
2026-03-26,0.0,34.5,23.6,5.79,0.187,Narayanpet,TS
2026-03-27,0.0,35.1,23.9,5.82,0.189,Narayanpet,TS
2026-03-28,0.1,34.6,24.3,5.38,0.2,Narayanpet,TS
2026-03-29,0.0,35.2,24.2,6.61,0.2,Narayanpet,TS
2026-03-30,0.1,34.4,25.0,5.98,0.201,Narayanpet,TS
2026-03-31,0.7,32.8,22.1,6.42,0.203,Narayanpet,TS
2026-04-01,0.0,33.8,23.7,6.21,0.188,Narayanpet,TS
2026-04-02,0.0,33.1,22.1,5.96,0.176,Narayanpet,TS
2026-04-03,0.0,33.8,22.8,5.91,0.164,Narayanpet,TS
2026-04-04,0.0,34.6,24.2,6.23,0.154,Narayanpet,TS
2026-04-05,0.5,34.2,25.0,6.45,0.152,Narayanpet,TS
2026-04-06,0.0,34.8,24.8,7.34,0.147,Narayanpet,TS
2026-04-07,0.0,34.8,23.7,7.25,0.145,Narayanpet,TS
2026-04-08,0.0,35.2,23.7,6.73,0.147,Narayanpet,TS
2026-04-09,0.0,37.1,23.8,6.82,0.132,Narayanpet,TS
2026-04-10,0.0,36.5,23.5,6.98,0.113,Narayanpet,TS
2026-04-11,0.0,36.6,25.6,6.84,0.104,Narayanpet,TS
2026-04-12,0.0,37.8,26.0,7.1,0.103,Narayanpet,TS
2026-04-13,0.0,37.6,26.0,7.34,0.11,Narayanpet,TS
2026-04-14,0.0,38.1,27.4,6.7,0.125,Narayanpet,TS
2026-04-15,0.0,39.0,27.8,7.55,0.132,Narayanpet,TS
2026-04-16,0.0,37.7,27.1,6.37,0.124,Narayanpet,TS
2026-04-17,0.0,38.4,27.9,7.03,0.131,Narayanpet,TS
2026-04-18,0.0,37.9,26.2,7.07,0.151,Narayanpet,TS
2026-04-19,0.0,38.4,26.6,7.41,0.166,Narayanpet,TS
2026-04-20,0.0,37.1,25.3,7.4,0.161,Narayanpet,TS
2026-04-21,4.6,36.8,23.4,5.98,0.178,Narayanpet,TS
2026-04-22,0.6,36.7,23.8,6.63,0.194,Narayanpet,TS
2026-04-23,0.1,37.0,25.8,6.85,0.168,Narayanpet,TS
2026-04-24,0.2,36.6,24.7,7.09,0.177,Narayanpet,TS
2026-04-25,0.0,37.8,25.5,6.4,0.172,Narayanpet,TS
2026-04-26,0.0,38.0,26.3,6.82,0.162,Narayanpet,TS
2026-04-27,0.0,38.2,26.7,6.98,0.16,Narayanpet,TS
2026-04-28,0.5,38.2,26.6,6.7,0.163,Narayanpet,TS
2026-04-29,0.0,37.5,26.6,6.85,0.184,Narayanpet,TS
2026-04-30,0.0,38.0,27.9,7.19,0.194,Narayanpet,TS
2026-05-01,0.0,37.3,25.6,8.51,0.191,Narayanpet,TS
2026-05-02,0.0,38.1,26.8,7.59,0.17,Narayanpet,TS
2026-05-03,0.0,38.8,27.0,7.79,0.156,Narayanpet,TS
2026-05-04,0.0,37.7,25.7,7.45,0.144,Narayanpet,TS
2026-05-05,0.0,37.6,24.7,6.68,0.131,Narayanpet,TS
2026-05-06,0.0,35.5,25.2,7.06,0.131,Narayanpet,TS
2026-05-07,0.0,35.4,27.0,6.56,0.127,Narayanpet,TS
2026-05-08,0.0,33.7,24.8,5.3,0.143,Narayanpet,TS
2026-05-09,0.0,35.1,24.5,6.68,0.147,Narayanpet,TS
2026-05-10,0.4,35.6,25.1,6.4,0.152,Narayanpet,TS
2026-05-11,0.0,35.8,25.2,6.83,0.154,Narayanpet,TS
2026-05-12,0.2,35.6,26.0,6.68,0.167,Narayanpet,TS
2026-05-13,0.2,36.3,26.6,6.44,0.196,Narayanpet,TS
2026-05-14,1.0,36.6,27.5,5.69,0.206,Narayanpet,TS
2026-05-15,0.2,36.8,27.1,6.39,0.228,Narayanpet,TS
2026-05-16,0.6,36.7,28.9,6.56,0.215,Narayanpet,TS
2026-05-17,0.5,36.4,27.5,5.98,0.2,Narayanpet,TS
2026-05-18,0.3,35.9,27.3,5.87,0.198,Narayanpet,TS
2026-05-19,0.0,36.8,28.1,6.73,0.192,Narayanpet,TS
2026-05-20,0.1,36.9,27.6,7.45,0.186,Narayanpet,TS
2026-05-21,0.1,37.9,27.9,7.39,0.177,Narayanpet,TS
2026-05-22,0.1,35.5,27.3,7.57,0.203,Narayanpet,TS
2026-05-23,2.4,37.0,27.1,6.95,0.232,Narayanpet,TS
2026-05-24,0.1,36.7,25.3,7.09,0.267,Narayanpet,TS
2026-05-25,1.1,35.8,27.3,6.81,0.261,Narayanpet,TS
2026-05-26,0.0,36.4,27.5,6.47,0.241,Narayanpet,TS
2026-05-27,8.6,33.0,23.6,4.58,0.3,Narayanpet,TS
2026-05-28,0.0,36.3,26.2,6.85,0.297,Narayanpet,TS
2026-05-29,0.0,35.8,27.2,7.06,0.277,Narayanpet,TS
2026-05-30,0.0,36.5,27.1,7.75,0.259,Narayanpet,TS
2026-05-31,0.0,35.7,27.3,7.26,0.233,Narayanpet,TS
2026-06-01,0.1,34.9,26.1,6.19,0.214,Narayanpet,TS
2026-06-02,5.8,35.2,23.2,6.16,0.225,Narayanpet,TS
2026-06-03,0.4,33.1,26.4,6.04,0.205,Narayanpet,TS
2026-06-04,0.7,34.2,25.7,6.25,0.201,Narayanpet,TS
2026-06-05,1.5,34.4,25.6,5.84,0.241,Narayanpet,TS
2026-06-06,1.4,34.8,26.0,5.91,0.267,Narayanpet,TS
2026-06-07,10.7,34.1,23.6,3.99,0.314,Narayanpet,TS
2026-06-08,1.0,31.9,24.0,4.85,0.353,Narayanpet,TS
2026-06-09,4.8,33.5,25.2,5.0,0.316,Narayanpet,TS
2026-06-10,0.4,34.3,25.1,6.36,0.268,Narayanpet,TS
2026-06-11,0.0,34.6,25.2,6.99,0.218,Narayanpet,TS
2026-06-12,0.0,34.6,25.8,6.48,0.213,Narayanpet,TS
2026-06-13,0.0,33.7,25.9,4.66,0.23,Narayanpet,TS
2026-06-14,0.3,34.1,24.9,6.29,0.259,Narayanpet,TS
2026-06-15,0.2,34.7,25.7,6.8,0.301,Narayanpet,TS
2026-06-16,0.0,35.2,26.4,7.05,0.304,Narayanpet,TS
2026-06-17,0.1,35.4,26.4,7.11,0.293,Narayanpet,TS
2026-06-18,0.0,34.6,26.9,6.88,0.271,Narayanpet,TS
2026-06-19,0.0,34.2,26.6,6.62,0.269,Narayanpet,TS
2026-06-20,2.1,35.1,25.3,6.79,0.254,Narayanpet,TS
2026-06-21,0.0,34.0,26.0,6.24,0.282,Narayanpet,TS
2026-06-22,0.6,33.1,25.6,6.49,0.262,Narayanpet,TS
2026-06-23,1.2,32.3,24.7,6.09,0.265,Narayanpet,TS
2026-06-24,0.4,31.0,24.9,5.41,0.275,Narayanpet,TS
2026-06-25,1.9,32.9,24.1,6.08,0.32,Narayanpet,TS
2026-06-26,0.9,32.3,23.8,5.72,0.331,Narayanpet,TS
2026-06-27,2.2,30.4,25.2,4.54,0.291,Narayanpet,TS
2026-06-28,24.5,32.5,23.6,5.11,0.294,Narayanpet,TS
2026-06-29,7.7,31.4,24.4,3.99,0.324,Narayanpet,TS
2026-06-30,0.9,31.4,23.3,5.45,0.334,Narayanpet,TS
2026-07-01,1.9,29.9,23.6,4.21,0.298,Narayanpet,TS
2026-07-02,1.1,30.6,23.6,4.65,0.296,Narayanpet,TS
2026-07-03,4.6,28.3,23.7,3.01,0.265,Narayanpet,TS
2026-07-04,13.4,26.8,23.0,1.96,0.303,Narayanpet,TS
2026-07-05,3.7,28.6,23.2,3.68,0.32,Narayanpet,TS
2026-07-06,4.1,31.9,23.6,5.82,0.31,Narayanpet,TS
2026-07-07,2.7,31.7,24.7,5.8,0.302,Narayanpet,TS
2026-07-08,2.5,32.1,24.8,6.23,0.304,Narayanpet,TS
2026-07-09,1.8,32.3,23.3,5.53,0.318,Narayanpet,TS
2026-07-10,0.0,32.5,24.1,5.77,0.287,Narayanpet,TS
2026-07-11,0.0,32.6,24.2,6.19,0.26,Narayanpet,TS
2026-07-12,0.0,33.3,24.0,6.52,0.247,Narayanpet,TS
2026-07-13,0.0,34.0,23.7,7.06,0.223,Narayanpet,TS
2026-07-14,0.0,32.7,23.7,6.73,0.197,Narayanpet,TS
2026-07-15,1.5,32.5,24.7,6.46,0.18,Narayanpet,TS
2026-07-16,0.1,32.3,25.0,5.86,0.171,Narayanpet,TS
2026-07-17,8.3,30.2,22.5,3.46,0.199,Narayanpet,TS
2026-07-18,3.1,30.3,23.4,3.95,0.245,Narayanpet,TS
2026-07-19,10.7,30.6,22.8,4.13,0.295,Narayanpet,TS
2026-07-20,19.2,29.8,22.8,4.25,0.363,Narayanpet,TS
2026-07-21,3.3,29.8,23.1,3.3,0.361,Narayanpet,TS
2026-07-22,11.2,28.7,22.9,2.74,0.385,Narayanpet,TS
2026-07-23,1.5,29.8,22.5,4.63,0.376,Narayanpet,TS
2026-07-24,0.7,30.3,23.9,5.49,0.353,Narayanpet,TS
2026-07-25,0.7,31.1,23.2,5.22,0.329,Narayanpet,TS
2026-07-26,2.8,31.6,24.0,5.82,0.299,Narayanpet,TS
2026-07-27,8.2,30.3,24.0,4.48,0.344,Narayanpet,TS
2026-07-28,10.9,30.2,22.4,4.06,0.372,Narayanpet,TS
2026-07-29,15.4,27.5,23.3,2.11,0.403,Narayanpet,TS
2026-07-30,10.0,27.4,22.8,2.08,0.415,Narayanpet,TS
2026-07-31,9.8,30.1,23.3,4.34,0.409,Narayanpet,TS
2026-08-01,5.4,31.5,23.3,5.19,0.402,Narayanpet,TS
2026-08-02,2.6,31.6,24.0,5.55,0.376,Narayanpet,TS
2026-08-03,13.9,30.9,23.3,4.34,0.392,Narayanpet,TS
2026-08-04,7.0,29.5,23.3,4.03,0.41,Narayanpet,TS
2026-08-05,1.4,30.6,23.4,4.26,0.389,Narayanpet,TS
2026-08-06,8.3,29.6,23.1,4.15,0.389,Narayanpet,TS
2026-08-07,1.7,29.7,23.2,4.68,0.396,Narayanpet,TS
2026-08-08,1.4,30.4,23.9,4.84,0.39,Narayanpet,TS
2026-08-09,1.5,30.9,23.3,5.42,0.381,Narayanpet,TS
2026-08-10,3.3,30.9,23.4,5.34,0.367,Narayanpet,TS
2026-08-11,4.4,30.6,22.7,5.09,0.363,Narayanpet,TS
2026-08-12,3.5,30.0,22.8,4.22,0.371,Narayanpet,TS
2026-08-13,1.5,31.0,23.3,5.06,0.369,Narayanpet,TS
2026-08-14,1.7,30.5,23.4,4.81,0.359,Narayanpet,TS
2026-08-15,5.6,30.8,23.7,5.58,0.342,Narayanpet,TS
2026-08-16,1.2,30.6,23.5,5.4,0.325,Narayanpet,TS
2026-08-17,1.1,30.6,23.3,5.73,0.312,Narayanpet,TS
2026-08-18,2.3,30.2,23.3,4.96,0.305,Narayanpet,TS
2026-08-19,2.7,28.9,23.2,3.54,0.333,Narayanpet,TS
2026-08-20,0.0,30.0,23.5,5.11,0.318,Narayanpet,TS
2026-08-21,1.2,30.4,23.5,5.49,0.3,Narayanpet,TS
2026-08-22,1.2,30.3,23.2,5.32,0.288,Narayanpet,TS
2026-08-23,3.0,29.4,23.3,3.64,0.316,Narayanpet,TS
2026-08-24,8.6,28.4,23.2,2.37,0.37,Narayanpet,TS
2026-08-25,0.7,30.1,23.5,5.22,0.334,Narayanpet,TS
2026-08-26,1.6,30.2,23.5,5.3,0.309,Narayanpet,TS
2026-08-27,0.0,30.6,23.7,5.61,0.298,Narayanpet,TS
2026-08-28,3.1,30.4,23.2,5.45,0.278,Narayanpet,TS
2026-08-29,1.7,29.7,23.3,5.0,0.288,Narayanpet,TS
2026-08-30,0.1,28.5,23.4,4.41,0.309,Narayanpet,TS
2026-08-31,1.1,28.9,23.0,4.0,0.287,Narayanpet,TS
2026-09-01,0.4,30.0,23.2,5.34,0.266,Narayanpet,TS
2026-09-02,3.7,30.6,23.0,5.31,0.243,Narayanpet,TS
2026-09-03,2.2,29.4,23.1,3.35,0.28,Narayanpet,TS
2026-09-04,1.2,30.1,23.2,4.92,0.289,Narayanpet,TS
2026-09-05,1.2,30.4,23.6,5.28,0.269,Narayanpet,TS
2026-09-06,0.5,30.8,24.0,5.38,0.249,Narayanpet,TS
2026-09-07,2.3,30.7,23.3,5.05,0.239,Narayanpet,TS
2026-09-08,0.7,30.7,23.3,5.45,0.24,Narayanpet,TS
2026-09-09,0.7,30.5,23.9,5.3,0.238,Narayanpet,TS
2026-09-10,0.8,30.4,24.7,5.19,0.225,Narayanpet,TS
