date,precipitation_sum,temperature_2m_max,temperature_2m_min,et0_fao_evapotranspiration,soil_moisture_0_to_7cm_mean,district,state
2014-01-01,0.0,27.1,15.4,3.48,0.21,Peddapalli,TS
2014-01-02,0.0,27.7,16.2,3.68,0.21,Peddapalli,TS
2014-01-03,0.0,28.0,16.2,3.78,0.21,Peddapalli,TS
2014-01-04,0.0,28.1,16.2,3.71,0.21,Peddapalli,TS
2014-01-05,0.0,28.6,16.4,4.01,0.21,Peddapalli,TS
2014-01-06,0.0,28.9,17.7,3.8,0.21,Peddapalli,TS
2014-01-07,0.0,28.8,18.5,3.96,0.21,Peddapalli,TS
2014-01-08,0.0,28.7,16.7,4.07,0.21,Peddapalli,TS
2014-01-09,0.0,28.6,17.8,4.02,0.21,Peddapalli,TS
2014-01-10,0.0,28.7,18.2,4.03,0.21,Peddapalli,TS
2014-01-11,0.0,27.4,19.7,3.08,0.21,Peddapalli,TS
2014-01-12,0.0,28.8,17.4,3.84,0.21,Peddapalli,TS
2014-01-13,0.0,28.5,17.1,3.86,0.21,Peddapalli,TS
2014-01-14,0.0,28.3,18.1,3.65,0.21,Peddapalli,TS
2014-01-15,0.0,29.6,19.2,4.24,0.21,Peddapalli,TS
2014-01-16,0.0,29.2,19.0,4.04,0.21,Peddapalli,TS
2014-01-17,0.0,29.9,20.3,4.99,0.21,Peddapalli,TS
2014-01-18,0.0,28.6,20.2,3.53,0.21,Peddapalli,TS
2014-01-19,0.0,29.1,19.1,4.44,0.21,Peddapalli,TS
2014-01-20,0.0,28.9,18.2,3.96,0.21,Peddapalli,TS
2014-01-21,0.0,28.9,19.2,4.29,0.21,Peddapalli,TS
2014-01-22,0.0,27.6,19.0,3.76,0.21,Peddapalli,TS
2014-01-23,0.0,27.4,19.1,3.49,0.21,Peddapalli,TS
2014-01-24,0.0,28.2,19.0,3.39,0.21,Peddapalli,TS
2014-01-25,0.0,28.8,18.6,3.81,0.21,Peddapalli,TS
2014-01-26,0.0,29.4,18.3,4.35,0.21,Peddapalli,TS
2014-01-27,0.0,29.0,17.9,4.68,0.21,Peddapalli,TS
2014-01-28,0.0,28.8,16.4,4.93,0.209,Peddapalli,TS
2014-01-29,0.0,28.9,16.0,4.42,0.209,Peddapalli,TS
2014-01-30,0.0,28.7,16.5,4.44,0.209,Peddapalli,TS
2014-01-31,0.0,28.8,16.2,4.74,0.209,Peddapalli,TS
2014-02-01,0.0,28.9,16.8,4.48,0.209,Peddapalli,TS
2014-02-02,0.0,29.4,16.6,4.55,0.209,Peddapalli,TS
2014-02-03,0.0,30.5,17.2,4.73,0.209,Peddapalli,TS
2014-02-04,0.0,30.8,15.5,4.82,0.209,Peddapalli,TS
2014-02-05,0.0,31.5,16.2,4.9,0.209,Peddapalli,TS
2014-02-06,0.0,32.2,17.1,5.17,0.209,Peddapalli,TS
2014-02-07,0.0,32.8,17.1,5.29,0.209,Peddapalli,TS
2014-02-08,0.0,33.5,21.8,5.88,0.209,Peddapalli,TS
2014-02-09,0.0,33.1,20.1,5.78,0.209,Peddapalli,TS
2014-02-10,0.0,31.7,18.9,4.75,0.209,Peddapalli,TS
2014-02-11,0.0,31.5,18.8,4.96,0.209,Peddapalli,TS
2014-02-12,0.0,30.9,18.8,4.87,0.209,Peddapalli,TS
2014-02-13,0.0,31.1,20.3,5.84,0.209,Peddapalli,TS
2014-02-14,0.3,29.2,21.4,4.6,0.211,Peddapalli,TS
2014-02-15,0.0,30.7,20.4,5.05,0.214,Peddapalli,TS
2014-02-16,0.0,27.9,21.7,3.9,0.214,Peddapalli,TS
2014-02-17,0.0,28.0,18.4,5.6,0.213,Peddapalli,TS
2014-02-18,0.0,28.3,16.3,5.4,0.211,Peddapalli,TS
2014-02-19,0.0,29.9,14.9,5.22,0.21,Peddapalli,TS
2014-02-20,0.0,31.6,18.5,5.33,0.21,Peddapalli,TS
2014-02-21,0.0,30.7,20.2,5.08,0.21,Peddapalli,TS
2014-02-22,0.0,30.7,20.7,5.05,0.21,Peddapalli,TS
2014-02-23,0.2,31.2,20.8,5.3,0.21,Peddapalli,TS
2014-02-24,0.0,31.0,20.3,5.31,0.212,Peddapalli,TS
2014-02-25,0.0,31.6,20.3,5.45,0.211,Peddapalli,TS
2014-02-26,0.0,31.4,20.3,5.71,0.21,Peddapalli,TS
2014-02-27,0.0,31.4,20.4,5.86,0.21,Peddapalli,TS
2014-02-28,1.8,30.1,20.4,5.12,0.228,Peddapalli,TS
2014-03-01,1.1,29.6,21.0,4.25,0.235,Peddapalli,TS
2014-03-02,1.1,28.6,20.0,3.67,0.266,Peddapalli,TS
2014-03-03,23.8,27.5,19.7,3.71,0.421,Peddapalli,TS
2014-03-04,12.2,25.2,19.3,3.05,0.442,Peddapalli,TS
2014-03-05,0.0,27.2,17.6,3.46,0.41,Peddapalli,TS
2014-03-06,0.4,26.9,20.0,3.72,0.389,Peddapalli,TS
2014-03-07,0.0,28.1,19.1,3.86,0.368,Peddapalli,TS
2014-03-08,0.3,28.8,19.8,4.4,0.356,Peddapalli,TS
2014-03-09,0.2,28.4,20.6,4.27,0.337,Peddapalli,TS
2014-03-10,2.0,28.3,19.9,4.16,0.352,Peddapalli,TS
2014-03-11,0.0,31.3,20.1,5.48,0.334,Peddapalli,TS
2014-03-12,0.0,30.6,21.8,4.81,0.309,Peddapalli,TS
2014-03-13,0.0,31.6,22.0,5.25,0.291,Peddapalli,TS
2014-03-14,0.0,32.5,22.3,5.4,0.276,Peddapalli,TS
2014-03-15,0.0,33.4,21.4,5.56,0.261,Peddapalli,TS
2014-03-16,0.0,33.8,21.4,5.42,0.247,Peddapalli,TS
2014-03-17,0.0,34.5,21.3,5.42,0.236,Peddapalli,TS
2014-03-18,0.0,34.6,22.7,5.58,0.226,Peddapalli,TS
2014-03-19,0.0,35.1,22.6,5.79,0.219,Peddapalli,TS
2014-03-20,0.0,35.6,23.1,5.72,0.215,Peddapalli,TS
2014-03-21,0.0,36.5,23.1,5.87,0.212,Peddapalli,TS
2014-03-22,0.0,35.7,24.0,5.51,0.211,Peddapalli,TS
2014-03-23,0.0,36.0,22.8,6.12,0.21,Peddapalli,TS
2014-03-24,0.0,35.6,23.7,6.33,0.21,Peddapalli,TS
2014-03-25,0.0,35.3,23.9,6.34,0.21,Peddapalli,TS
2014-03-26,0.0,36.9,23.9,7.17,0.209,Peddapalli,TS
2014-03-27,0.0,37.6,23.8,7.38,0.209,Peddapalli,TS
2014-03-28,0.0,38.1,24.3,6.81,0.209,Peddapalli,TS
2014-03-29,0.0,38.9,23.9,6.91,0.209,Peddapalli,TS
2014-03-30,0.0,39.1,23.8,6.82,0.209,Peddapalli,TS
2014-03-31,0.0,38.0,24.8,5.64,0.209,Peddapalli,TS
2014-04-01,0.0,38.5,25.8,6.53,0.209,Peddapalli,TS
2014-04-02,0.0,37.6,24.6,6.12,0.209,Peddapalli,TS
2014-04-03,0.0,37.4,24.1,5.94,0.209,Peddapalli,TS
2014-04-04,0.0,38.4,24.0,6.58,0.209,Peddapalli,TS
2014-04-05,0.0,38.5,23.8,6.97,0.209,Peddapalli,TS
2014-04-06,0.0,39.4,23.7,7.47,0.209,Peddapalli,TS
2014-04-07,0.0,38.8,24.8,7.14,0.209,Peddapalli,TS
2014-04-08,0.0,39.1,25.5,6.69,0.209,Peddapalli,TS
2014-04-09,0.1,37.2,25.5,5.8,0.211,Peddapalli,TS
2014-04-10,0.0,37.8,25.8,6.91,0.211,Peddapalli,TS
2014-04-11,0.0,38.4,24.1,6.64,0.21,Peddapalli,TS
2014-04-12,0.0,37.7,24.7,6.81,0.209,Peddapalli,TS
2014-04-13,1.0,37.0,25.7,7.16,0.211,Peddapalli,TS
2014-04-14,0.0,36.7,25.9,7.06,0.215,Peddapalli,TS
2014-04-15,0.0,36.1,26.0,6.42,0.212,Peddapalli,TS
2014-04-16,1.4,37.5,26.5,6.04,0.215,Peddapalli,TS
2014-04-17,0.3,37.8,26.4,6.55,0.219,Peddapalli,TS
2014-04-18,0.0,35.6,27.1,6.08,0.216,Peddapalli,TS
2014-04-19,0.9,37.4,26.7,6.02,0.219,Peddapalli,TS
2014-04-20,0.2,37.1,25.7,6.12,0.225,Peddapalli,TS
2014-04-21,0.0,38.0,26.0,6.72,0.219,Peddapalli,TS
2014-04-22,0.0,37.4,26.8,6.36,0.214,Peddapalli,TS
2014-04-23,0.0,38.2,27.0,6.21,0.211,Peddapalli,TS
2014-04-24,0.0,38.7,27.7,6.03,0.211,Peddapalli,TS
2014-04-25,0.0,38.9,28.7,6.56,0.211,Peddapalli,TS
2014-04-26,0.0,39.7,27.7,6.86,0.21,Peddapalli,TS
2014-04-27,0.0,39.2,28.0,6.61,0.209,Peddapalli,TS
2014-04-28,0.0,39.6,28.1,7.31,0.209,Peddapalli,TS
2014-04-29,0.1,40.0,28.5,7.56,0.21,Peddapalli,TS
2014-04-30,0.0,38.7,27.8,6.92,0.211,Peddapalli,TS
2014-05-01,0.8,39.3,28.5,7.21,0.212,Peddapalli,TS
2014-05-02,0.0,39.7,28.0,7.72,0.213,Peddapalli,TS
2014-05-03,0.0,37.6,27.7,6.93,0.212,Peddapalli,TS
2014-05-04,0.0,37.7,27.7,7.1,0.212,Peddapalli,TS
2014-05-05,0.0,37.2,26.7,7.1,0.211,Peddapalli,TS
2014-05-06,0.2,36.4,26.7,7.0,0.21,Peddapalli,TS
2014-05-07,0.2,37.6,26.4,6.97,0.211,Peddapalli,TS
2014-05-08,0.0,37.5,27.3,7.24,0.211,Peddapalli,TS
2014-05-09,28.1,28.7,24.2,1.28,0.314,Peddapalli,TS
2014-05-10,0.2,34.4,24.0,5.37,0.419,Peddapalli,TS
2014-05-11,0.0,37.2,25.8,7.4,0.358,Peddapalli,TS
2014-05-12,0.0,37.8,26.9,7.45,0.312,Peddapalli,TS
2014-05-13,0.0,38.2,25.8,7.35,0.28,Peddapalli,TS
2014-05-14,0.0,38.0,26.6,7.3,0.257,Peddapalli,TS
2014-05-15,0.0,37.6,25.9,6.89,0.239,Peddapalli,TS
2014-05-16,0.0,38.0,28.6,7.17,0.225,Peddapalli,TS
2014-05-17,0.0,38.7,27.7,6.78,0.217,Peddapalli,TS
2014-05-18,0.0,39.9,28.0,7.25,0.212,Peddapalli,TS
2014-05-19,0.4,39.3,28.9,7.16,0.212,Peddapalli,TS
2014-05-20,0.0,38.2,28.9,6.64,0.214,Peddapalli,TS
2014-05-21,0.0,38.7,29.2,6.19,0.211,Peddapalli,TS
2014-05-22,0.0,42.2,29.8,9.0,0.21,Peddapalli,TS
2014-05-23,0.0,42.7,30.2,8.79,0.209,Peddapalli,TS
2014-05-24,0.0,40.9,28.7,7.37,0.209,Peddapalli,TS
2014-05-25,0.0,41.1,28.9,7.75,0.21,Peddapalli,TS
2014-05-26,0.0,37.2,28.5,6.01,0.211,Peddapalli,TS
2014-05-27,0.0,39.2,28.5,6.48,0.21,Peddapalli,TS
2014-05-28,0.0,40.5,29.3,7.42,0.209,Peddapalli,TS
2014-05-29,0.0,41.2,28.6,7.15,0.209,Peddapalli,TS
2014-05-30,0.0,42.3,29.7,8.22,0.209,Peddapalli,TS
2014-05-31,0.0,42.5,31.5,8.86,0.209,Peddapalli,TS
2014-06-01,0.0,42.6,31.1,7.36,0.209,Peddapalli,TS
2014-06-02,0.0,40.5,30.1,7.29,0.212,Peddapalli,TS
2014-06-03,0.0,39.2,29.0,6.63,0.215,Peddapalli,TS
2014-06-04,0.0,40.3,30.0,7.15,0.212,Peddapalli,TS
2014-06-05,0.0,41.0,30.4,7.64,0.21,Peddapalli,TS
2014-06-06,0.0,42.6,31.0,8.26,0.21,Peddapalli,TS
2014-06-07,0.0,43.1,32.5,9.96,0.21,Peddapalli,TS
2014-06-08,0.0,42.2,33.4,9.36,0.21,Peddapalli,TS
2014-06-09,0.3,41.4,32.7,9.41,0.211,Peddapalli,TS
2014-06-10,0.1,40.3,30.4,8.85,0.212,Peddapalli,TS
2014-06-11,0.6,38.2,29.1,8.39,0.214,Peddapalli,TS
2014-06-12,0.3,38.4,30.8,7.66,0.218,Peddapalli,TS
2014-06-13,2.6,38.9,28.8,8.64,0.218,Peddapalli,TS
2014-06-14,3.1,36.6,27.2,7.09,0.262,Peddapalli,TS
2014-06-15,0.0,37.1,29.0,7.69,0.249,Peddapalli,TS
2014-06-16,0.0,38.2,29.9,8.19,0.233,Peddapalli,TS
2014-06-17,0.8,38.2,30.3,7.39,0.224,Peddapalli,TS
2014-06-18,1.5,35.7,27.1,5.03,0.229,Peddapalli,TS
2014-06-19,3.2,35.7,27.7,4.66,0.263,Peddapalli,TS
2014-06-20,2.6,32.2,26.5,4.89,0.29,Peddapalli,TS
2014-06-21,0.0,35.6,28.7,7.58,0.275,Peddapalli,TS
2014-06-22,0.1,34.1,28.3,6.76,0.255,Peddapalli,TS
2014-06-23,0.0,37.8,29.0,8.09,0.242,Peddapalli,TS
2014-06-24,0.0,38.4,28.8,8.77,0.227,Peddapalli,TS
2014-06-25,0.0,38.4,29.4,8.9,0.218,Peddapalli,TS
2014-06-26,0.0,38.1,30.7,7.95,0.213,Peddapalli,TS
2014-06-27,0.7,34.1,27.8,3.14,0.216,Peddapalli,TS
2014-06-28,32.8,29.6,23.7,1.91,0.405,Peddapalli,TS
2014-06-29,1.8,34.2,24.0,4.96,0.451,Peddapalli,TS
2014-06-30,0.0,35.1,26.5,5.99,0.396,Peddapalli,TS
2014-07-01,0.0,36.5,26.1,6.66,0.353,Peddapalli,TS
2014-07-02,0.1,36.7,28.2,7.29,0.314,Peddapalli,TS
2014-07-03,0.0,36.3,29.6,7.22,0.286,Peddapalli,TS
2014-07-04,0.0,35.2,29.1,5.98,0.266,Peddapalli,TS
2014-07-05,0.0,34.9,28.3,5.74,0.252,Peddapalli,TS
2014-07-06,0.9,33.0,26.0,4.66,0.253,Peddapalli,TS
2014-07-07,0.1,34.0,27.1,5.09,0.247,Peddapalli,TS
2014-07-08,1.6,34.0,27.0,5.46,0.245,Peddapalli,TS
2014-07-09,14.3,30.2,24.8,2.98,0.369,Peddapalli,TS
2014-07-10,0.3,31.8,25.3,4.54,0.394,Peddapalli,TS
2014-07-11,12.5,27.7,24.7,2.49,0.441,Peddapalli,TS
2014-07-12,15.6,28.7,24.4,2.13,0.452,Peddapalli,TS
2014-07-13,16.7,27.5,24.6,1.72,0.494,Peddapalli,TS
2014-07-14,0.8,29.7,25.7,3.5,0.471,Peddapalli,TS
2014-07-15,0.4,28.6,25.7,3.06,0.452,Peddapalli,TS
2014-07-16,0.0,30.2,25.4,3.93,0.432,Peddapalli,TS
2014-07-17,3.6,30.8,24.5,3.46,0.442,Peddapalli,TS
2014-07-18,0.8,31.2,26.1,4.26,0.429,Peddapalli,TS
2014-07-19,5.9,30.2,25.0,3.52,0.435,Peddapalli,TS
2014-07-20,14.3,26.0,24.4,1.44,0.496,Peddapalli,TS
2014-07-21,14.1,25.7,24.4,1.67,0.502,Peddapalli,TS
2014-07-22,28.2,25.2,23.4,1.92,0.488,Peddapalli,TS
2014-07-23,0.7,29.3,24.3,4.16,0.477,Peddapalli,TS
2014-07-24,3.1,30.7,23.3,4.67,0.459,Peddapalli,TS
2014-07-25,0.0,31.3,24.0,5.51,0.45,Peddapalli,TS
2014-07-26,2.4,30.3,25.6,3.91,0.431,Peddapalli,TS
2014-07-27,14.0,28.5,24.5,2.14,0.488,Peddapalli,TS
2014-07-28,14.6,25.8,24.2,1.4,0.51,Peddapalli,TS
2014-07-29,13.0,28.3,23.8,2.43,0.478,Peddapalli,TS
2014-07-30,16.9,28.5,23.7,2.83,0.458,Peddapalli,TS
2014-07-31,3.1,30.8,25.0,4.0,0.459,Peddapalli,TS
2014-08-01,4.3,31.2,25.6,3.87,0.461,Peddapalli,TS
2014-08-02,0.1,30.5,25.7,4.51,0.45,Peddapalli,TS
2014-08-03,0.1,30.7,25.6,4.57,0.422,Peddapalli,TS
2014-08-04,11.6,27.7,24.6,2.25,0.47,Peddapalli,TS
2014-08-05,16.4,27.0,24.1,2.23,0.506,Peddapalli,TS
2014-08-06,0.5,31.3,24.4,4.49,0.481,Peddapalli,TS
2014-08-07,0.0,30.7,24.6,4.58,0.455,Peddapalli,TS
2014-08-08,0.0,30.7,25.1,4.99,0.43,Peddapalli,TS
2014-08-09,0.0,31.4,25.3,5.34,0.408,Peddapalli,TS
2014-08-10,0.2,31.4,25.7,4.65,0.39,Peddapalli,TS
2014-08-11,1.4,30.9,25.1,4.31,0.379,Peddapalli,TS
2014-08-12,0.0,32.0,25.4,5.19,0.366,Peddapalli,TS
2014-08-13,0.0,31.6,26.3,5.01,0.346,Peddapalli,TS
2014-08-14,0.2,32.1,26.2,5.05,0.332,Peddapalli,TS
2014-08-15,0.0,32.4,26.4,5.33,0.315,Peddapalli,TS
2014-08-16,0.1,31.3,25.9,4.61,0.301,Peddapalli,TS
2014-08-17,0.0,31.2,25.7,4.54,0.29,Peddapalli,TS
2014-08-18,0.0,32.3,24.4,4.73,0.282,Peddapalli,TS
2014-08-19,0.1,33.2,25.3,4.72,0.274,Peddapalli,TS
2014-08-20,0.2,32.8,25.6,4.77,0.27,Peddapalli,TS
2014-08-21,10.5,32.0,25.2,3.96,0.311,Peddapalli,TS
2014-08-22,2.3,29.5,24.5,2.78,0.403,Peddapalli,TS
2014-08-23,0.1,31.9,25.0,4.82,0.381,Peddapalli,TS
2014-08-24,0.2,32.4,24.6,4.8,0.353,Peddapalli,TS
2014-08-25,5.3,33.0,24.6,4.8,0.354,Peddapalli,TS
2014-08-26,11.8,31.6,24.7,3.7,0.383,Peddapalli,TS
2014-08-27,16.4,30.2,24.1,2.85,0.473,Peddapalli,TS
2014-08-28,61.4,28.6,23.5,1.96,0.488,Peddapalli,TS
2014-08-29,51.5,29.6,23.6,2.23,0.48,Peddapalli,TS
2014-08-30,30.6,27.4,23.6,1.25,0.482,Peddapalli,TS
2014-08-31,16.9,26.6,23.5,1.64,0.44,Peddapalli,TS
2014-09-01,27.2,27.2,23.8,1.86,0.495,Peddapalli,TS
2014-09-02,1.4,30.8,24.1,3.89,0.483,Peddapalli,TS
2014-09-03,0.1,30.9,24.8,4.55,0.46,Peddapalli,TS
2014-09-04,0.2,31.0,24.7,4.27,0.438,Peddapalli,TS
2014-09-05,9.3,29.8,24.3,3.6,0.443,Peddapalli,TS
2014-09-06,18.8,25.8,23.7,1.4,0.5,Peddapalli,TS
2014-09-07,94.9,24.6,23.4,1.52,0.487,Peddapalli,TS
2014-09-08,8.7,29.8,23.1,3.9,0.467,Peddapalli,TS
2014-09-09,1.5,29.2,23.4,3.89,0.444,Peddapalli,TS
2014-09-10,0.9,28.8,23.8,3.26,0.449,Peddapalli,TS
2014-09-11,21.7,28.5,24.1,2.68,0.468,Peddapalli,TS
2014-09-12,1.0,30.2,24.6,4.13,0.461,Peddapalli,TS
2014-09-13,1.4,30.6,24.3,4.38,0.46,Peddapalli,TS
2014-09-14,2.4,30.6,24.8,4.01,0.468,Peddapalli,TS
2014-09-15,3.8,30.5,24.1,3.63,0.475,Peddapalli,TS
2014-09-16,2.5,30.5,24.3,3.53,0.472,Peddapalli,TS
2014-09-17,4.1,30.9,25.1,4.22,0.463,Peddapalli,TS
2014-09-18,3.1,31.8,24.7,4.15,0.473,Peddapalli,TS
2014-09-19,17.7,30.5,25.0,3.22,0.494,Peddapalli,TS
2014-09-20,3.2,29.8,25.1,2.67,0.444,Peddapalli,TS
2014-09-21,0.0,30.4,25.5,3.53,0.447,Peddapalli,TS
2014-09-22,0.0,31.4,24.3,4.62,0.433,Peddapalli,TS
2014-09-23,0.0,31.2,24.1,4.32,0.42,Peddapalli,TS
2014-09-24,0.0,32.3,24.1,4.81,0.404,Peddapalli,TS
2014-09-25,0.0,32.4,22.6,5.22,0.386,Peddapalli,TS
2014-09-26,0.0,31.7,22.1,4.77,0.369,Peddapalli,TS
2014-09-27,0.0,31.3,23.4,4.4,0.356,Peddapalli,TS
2014-09-28,0.0,31.3,24.1,4.53,0.345,Peddapalli,TS
2014-09-29,0.0,31.8,23.1,4.6,0.333,Peddapalli,TS
2014-09-30,0.0,32.1,23.0,4.65,0.321,Peddapalli,TS
2014-10-01,0.0,32.1,22.9,4.72,0.309,Peddapalli,TS
2014-10-02,0.0,32.7,22.1,4.99,0.297,Peddapalli,TS
2014-10-03,0.0,32.8,22.9,4.64,0.286,Peddapalli,TS
2014-10-04,0.1,33.3,23.5,4.64,0.277,Peddapalli,TS
2014-10-05,0.0,33.1,24.5,4.68,0.27,Peddapalli,TS
2014-10-06,0.6,32.3,23.9,4.62,0.263,Peddapalli,TS
2014-10-07,0.4,30.9,23.6,4.03,0.266,Peddapalli,TS
2014-10-08,0.0,31.1,23.7,4.01,0.265,Peddapalli,TS
2014-10-09,0.2,31.3,23.1,4.02,0.264,Peddapalli,TS
2014-10-10,0.0,32.9,24.6,4.69,0.257,Peddapalli,TS
2014-10-11,0.0,32.9,25.4,5.07,0.248,Peddapalli,TS
2014-10-12,6.8,30.6,23.6,4.87,0.255,Peddapalli,TS
2014-10-13,6.9,30.8,22.8,3.49,0.418,Peddapalli,TS
2014-10-14,0.2,32.3,24.5,4.56,0.413,Peddapalli,TS
2014-10-15,0.0,31.2,24.7,4.26,0.382,Peddapalli,TS
2014-10-16,1.3,31.3,23.9,4.01,0.366,Peddapalli,TS
2014-10-17,2.1,30.8,22.7,3.98,0.372,Peddapalli,TS
2014-10-18,0.0,30.6,22.8,3.83,0.373,Peddapalli,TS
2014-10-19,0.3,31.0,22.6,4.23,0.353,Peddapalli,TS
2014-10-20,0.0,31.1,22.4,4.44,0.333,Peddapalli,TS
2014-10-21,0.0,31.5,22.3,4.41,0.314,Peddapalli,TS
2014-10-22,0.5,31.3,23.1,4.1,0.304,Peddapalli,TS
2014-10-23,0.0,31.3,22.5,4.57,0.291,Peddapalli,TS
2014-10-24,0.0,31.1,20.6,4.61,0.277,Peddapalli,TS
2014-10-25,0.6,27.2,23.4,1.65,0.274,Peddapalli,TS
2014-10-26,40.8,24.1,20.6,1.72,0.422,Peddapalli,TS
2014-10-27,19.9,24.7,19.9,1.83,0.472,Peddapalli,TS
2014-10-28,0.0,28.2,18.5,4.03,0.455,Peddapalli,TS
2014-10-29,0.0,28.7,17.8,4.34,0.436,Peddapalli,TS
2014-10-30,0.0,29.0,17.9,4.28,0.419,Peddapalli,TS
2014-10-31,0.0,29.5,17.8,4.3,0.403,Peddapalli,TS
2014-11-01,0.0,29.1,18.9,3.93,0.389,Peddapalli,TS
2014-11-02,0.0,30.1,19.5,4.29,0.375,Peddapalli,TS
2014-11-03,0.0,30.2,18.8,4.47,0.359,Peddapalli,TS
2014-11-04,0.0,30.1,18.0,4.44,0.345,Peddapalli,TS
2014-11-05,0.0,30.7,17.8,4.68,0.33,Peddapalli,TS
2014-11-06,0.0,31.0,18.6,4.24,0.317,Peddapalli,TS
2014-11-07,0.0,30.4,19.0,4.64,0.305,Peddapalli,TS
2014-11-08,0.0,29.9,17.1,4.67,0.293,Peddapalli,TS
2014-11-09,2.1,27.5,20.5,2.48,0.288,Peddapalli,TS
2014-11-10,9.4,29.2,21.4,2.68,0.391,Peddapalli,TS
2014-11-11,0.0,30.1,22.2,3.58,0.391,Peddapalli,TS
2014-11-12,4.2,30.0,22.2,3.25,0.382,Peddapalli,TS
2014-11-13,0.2,27.9,21.2,2.24,0.413,Peddapalli,TS
2014-11-14,0.3,29.0,21.9,3.1,0.398,Peddapalli,TS
2014-11-15,0.1,30.1,21.7,3.44,0.385,Peddapalli,TS
2014-11-16,0.0,29.7,21.5,3.52,0.367,Peddapalli,TS
2014-11-17,0.7,30.3,22.7,3.65,0.352,Peddapalli,TS
2014-11-18,2.7,29.7,23.0,3.3,0.354,Peddapalli,TS
2014-11-19,0.0,30.2,22.5,3.93,0.367,Peddapalli,TS
2014-11-20,0.0,29.1,18.8,4.04,0.347,Peddapalli,TS
2014-11-21,0.0,28.7,16.3,4.05,0.328,Peddapalli,TS
2014-11-22,0.0,28.9,16.9,3.97,0.312,Peddapalli,TS
2014-11-23,0.0,28.8,18.9,3.91,0.298,Peddapalli,TS
2014-11-24,0.0,29.2,17.7,4.01,0.286,Peddapalli,TS
2014-11-25,0.0,28.6,16.7,4.11,0.275,Peddapalli,TS
2014-11-26,0.0,28.9,14.9,4.15,0.266,Peddapalli,TS
2014-11-27,0.0,28.7,15.6,3.96,0.256,Peddapalli,TS
2014-11-28,0.0,29.3,17.0,3.82,0.249,Peddapalli,TS
2014-11-29,0.0,29.6,16.7,3.9,0.242,Peddapalli,TS
2014-11-30,0.0,29.7,17.0,4.09,0.235,Peddapalli,TS
2014-12-01,0.0,29.6,17.2,4.03,0.23,Peddapalli,TS
2014-12-02,0.0,29.0,16.7,4.06,0.225,Peddapalli,TS
2014-12-03,0.0,29.4,16.2,4.2,0.221,Peddapalli,TS
2014-12-04,0.0,29.3,15.5,4.24,0.218,Peddapalli,TS
2014-12-05,0.0,28.4,15.3,3.98,0.216,Peddapalli,TS
2014-12-06,0.0,28.7,15.9,4.02,0.215,Peddapalli,TS
2014-12-07,0.0,28.9,16.1,3.98,0.213,Peddapalli,TS
2014-12-08,0.0,28.9,15.3,3.87,0.212,Peddapalli,TS
2014-12-09,0.0,29.0,16.8,3.53,0.212,Peddapalli,TS
2014-12-10,0.0,29.2,17.7,3.68,0.211,Peddapalli,TS
2014-12-11,0.0,27.9,19.7,2.82,0.211,Peddapalli,TS
2014-12-12,0.5,27.1,19.7,1.82,0.214,Peddapalli,TS
2014-12-13,0.0,26.1,20.9,2.03,0.22,Peddapalli,TS
2014-12-14,0.0,28.5,19.4,3.74,0.218,Peddapalli,TS
2014-12-15,0.0,28.3,19.0,3.2,0.217,Peddapalli,TS
2014-12-16,0.0,26.6,19.3,3.24,0.218,Peddapalli,TS
2014-12-17,0.0,25.8,17.3,4.48,0.216,Peddapalli,TS
2014-12-18,0.0,26.0,13.6,4.23,0.214,Peddapalli,TS
2014-12-19,0.0,26.0,13.7,4.07,0.213,Peddapalli,TS
2014-12-20,0.0,25.7,11.8,3.94,0.212,Peddapalli,TS
2014-12-21,0.0,26.0,12.1,3.71,0.211,Peddapalli,TS
2014-12-22,0.0,26.4,12.2,3.8,0.211,Peddapalli,TS
2014-12-23,0.0,26.7,13.3,3.68,0.211,Peddapalli,TS
2014-12-24,0.0,27.0,14.1,3.7,0.21,Peddapalli,TS
2014-12-25,0.0,27.4,14.0,3.84,0.21,Peddapalli,TS
2014-12-26,0.0,26.8,14.2,4.23,0.21,Peddapalli,TS
2014-12-27,0.0,25.5,14.6,4.05,0.21,Peddapalli,TS
2014-12-28,0.0,25.5,12.9,4.1,0.21,Peddapalli,TS
2014-12-29,0.0,27.0,13.8,4.22,0.21,Peddapalli,TS
2014-12-30,0.0,28.1,15.6,4.01,0.21,Peddapalli,TS
2014-12-31,0.0,29.8,18.1,3.88,0.21,Peddapalli,TS
2015-01-01,0.1,29.6,19.2,3.3,0.211,Peddapalli,TS
2015-01-02,1.2,29.2,21.1,3.16,0.22,Peddapalli,TS
2015-01-03,18.6,26.1,20.3,1.59,0.325,Peddapalli,TS
2015-01-04,0.2,26.5,19.4,2.37,0.427,Peddapalli,TS
2015-01-05,0.0,26.8,18.5,3.67,0.391,Peddapalli,TS
2015-01-06,0.0,26.4,15.0,3.98,0.361,Peddapalli,TS
2015-01-07,0.0,27.2,14.6,3.79,0.337,Peddapalli,TS
2015-01-08,0.0,27.1,14.0,4.02,0.318,Peddapalli,TS
2015-01-09,0.0,26.0,12.7,4.09,0.3,Peddapalli,TS
2015-01-10,0.0,26.3,12.6,4.28,0.286,Peddapalli,TS
2015-01-11,0.0,26.5,12.0,4.36,0.274,Peddapalli,TS
2015-01-12,0.0,27.1,11.6,4.38,0.264,Peddapalli,TS
2015-01-13,0.0,27.3,11.5,4.27,0.254,Peddapalli,TS
2015-01-14,0.0,27.9,12.2,4.21,0.245,Peddapalli,TS
2015-01-15,0.0,27.9,14.5,4.2,0.237,Peddapalli,TS
2015-01-16,0.0,28.3,16.1,4.4,0.23,Peddapalli,TS
2015-01-17,0.0,27.9,15.1,4.39,0.225,Peddapalli,TS
2015-01-18,0.0,27.9,15.7,4.28,0.22,Peddapalli,TS
2015-01-19,0.0,28.1,14.5,4.46,0.217,Peddapalli,TS
2015-01-20,0.0,28.6,14.8,4.29,0.214,Peddapalli,TS
2015-01-21,0.0,29.0,18.0,4.51,0.213,Peddapalli,TS
2015-01-22,0.0,29.0,18.0,4.58,0.212,Peddapalli,TS
2015-01-23,0.0,29.1,17.2,4.54,0.211,Peddapalli,TS
2015-01-24,0.0,29.6,17.5,4.51,0.211,Peddapalli,TS
2015-01-25,0.0,30.4,18.0,5.25,0.21,Peddapalli,TS
2015-01-26,0.0,29.3,18.1,4.79,0.21,Peddapalli,TS
2015-01-27,0.0,29.2,17.5,4.92,0.21,Peddapalli,TS
2015-01-28,0.0,29.5,17.2,4.69,0.21,Peddapalli,TS
2015-01-29,0.0,29.7,18.2,4.54,0.21,Peddapalli,TS
2015-01-30,0.0,29.0,17.3,4.2,0.209,Peddapalli,TS
2015-01-31,0.0,29.0,17.8,4.82,0.209,Peddapalli,TS
2015-02-01,0.0,29.6,15.9,4.79,0.209,Peddapalli,TS
2015-02-02,0.0,29.5,17.4,4.41,0.209,Peddapalli,TS
2015-02-03,0.0,29.7,18.7,4.54,0.209,Peddapalli,TS
2015-02-04,0.0,30.9,17.6,4.83,0.209,Peddapalli,TS
2015-02-05,0.0,31.2,16.9,4.84,0.209,Peddapalli,TS
2015-02-06,0.0,31.1,17.3,4.74,0.209,Peddapalli,TS
2015-02-07,0.0,30.4,17.3,5.15,0.209,Peddapalli,TS
2015-02-08,0.0,30.7,18.9,5.1,0.209,Peddapalli,TS
2015-02-09,0.0,30.7,19.4,5.19,0.209,Peddapalli,TS
2015-02-10,0.0,30.5,19.3,4.95,0.209,Peddapalli,TS
2015-02-11,0.0,30.1,19.4,4.74,0.209,Peddapalli,TS
2015-02-12,0.0,31.1,19.6,4.91,0.209,Peddapalli,TS
2015-02-13,0.0,32.0,19.1,4.96,0.209,Peddapalli,TS
2015-02-14,0.0,31.9,20.3,5.01,0.209,Peddapalli,TS
2015-02-15,0.0,33.4,17.1,5.07,0.209,Peddapalli,TS
2015-02-16,0.0,33.3,17.7,5.29,0.209,Peddapalli,TS
2015-02-17,0.0,34.7,18.1,5.34,0.209,Peddapalli,TS
2015-02-18,0.0,34.8,20.5,5.78,0.209,Peddapalli,TS
2015-02-19,0.0,33.0,20.8,5.99,0.209,Peddapalli,TS
2015-02-20,0.1,32.3,21.5,5.09,0.21,Peddapalli,TS
2015-02-21,0.0,32.5,21.5,4.89,0.21,Peddapalli,TS
2015-02-22,0.0,33.8,18.9,5.61,0.21,Peddapalli,TS
2015-02-23,0.0,34.0,19.7,5.62,0.209,Peddapalli,TS
2015-02-24,0.0,34.6,19.7,6.02,0.209,Peddapalli,TS
2015-02-25,0.0,34.8,19.8,6.24,0.209,Peddapalli,TS
2015-02-26,0.0,35.4,21.6,7.06,0.209,Peddapalli,TS
2015-02-27,0.0,34.5,21.4,7.12,0.209,Peddapalli,TS
2015-02-28,0.0,33.5,21.8,6.57,0.209,Peddapalli,TS
2015-03-01,10.8,29.4,22.0,3.56,0.235,Peddapalli,TS
2015-03-02,22.7,27.8,21.5,2.74,0.427,Peddapalli,TS
2015-03-03,1.0,29.7,21.2,4.04,0.416,Peddapalli,TS
2015-03-04,0.0,28.6,19.1,5.09,0.381,Peddapalli,TS
2015-03-05,0.0,31.2,17.9,5.38,0.343,Peddapalli,TS
2015-03-06,1.2,30.7,21.8,3.95,0.319,Peddapalli,TS
2015-03-07,0.2,31.8,22.2,4.4,0.309,Peddapalli,TS
2015-03-08,1.0,32.6,22.7,5.2,0.291,Peddapalli,TS
2015-03-09,0.0,31.7,23.1,4.9,0.281,Peddapalli,TS
2015-03-10,0.2,32.7,23.6,4.93,0.267,Peddapalli,TS
2015-03-11,0.2,34.0,22.3,5.32,0.256,Peddapalli,TS
2015-03-12,0.0,34.1,21.5,5.89,0.243,Peddapalli,TS
2015-03-13,0.0,35.2,21.9,5.96,0.23,Peddapalli,TS
2015-03-14,0.0,35.5,21.5,6.79,0.222,Peddapalli,TS
2015-03-15,0.0,35.2,20.9,7.22,0.216,Peddapalli,TS
2015-03-16,0.0,35.5,22.1,6.63,0.212,Peddapalli,TS
2015-03-17,0.0,35.5,22.1,5.12,0.211,Peddapalli,TS
2015-03-18,0.0,35.3,24.6,5.42,0.21,Peddapalli,TS
2015-03-19,0.0,35.8,24.1,5.59,0.209,Peddapalli,TS
2015-03-20,0.0,37.0,25.0,5.59,0.209,Peddapalli,TS
2015-03-21,0.0,37.1,24.0,5.94,0.209,Peddapalli,TS
2015-03-22,0.0,37.8,24.4,5.91,0.209,Peddapalli,TS
2015-03-23,0.0,38.2,24.3,6.4,0.209,Peddapalli,TS
2015-03-24,0.0,38.2,24.2,6.09,0.209,Peddapalli,TS
2015-03-25,0.0,37.9,24.4,6.44,0.209,Peddapalli,TS
2015-03-26,0.0,37.0,24.3,6.81,0.209,Peddapalli,TS
2015-03-27,0.0,36.5,24.9,6.79,0.209,Peddapalli,TS
2015-03-28,0.0,36.1,25.1,6.73,0.209,Peddapalli,TS
2015-03-29,0.0,36.1,25.3,6.49,0.209,Peddapalli,TS
2015-03-30,0.0,32.7,26.4,4.24,0.21,Peddapalli,TS
2015-03-31,0.0,35.4,24.2,5.66,0.21,Peddapalli,TS
2015-04-01,0.0,36.2,25.4,6.4,0.209,Peddapalli,TS
2015-04-02,0.0,37.0,25.8,6.68,0.209,Peddapalli,TS
2015-04-03,0.0,38.4,26.5,6.75,0.209,Peddapalli,TS
2015-04-04,0.0,38.5,26.5,7.63,0.209,Peddapalli,TS
2015-04-05,0.0,38.3,24.4,6.73,0.209,Peddapalli,TS
2015-04-06,0.0,38.2,26.5,6.74,0.209,Peddapalli,TS
2015-04-07,1.3,38.1,26.3,6.97,0.215,Peddapalli,TS
2015-04-08,0.0,37.4,26.4,7.42,0.225,Peddapalli,TS
2015-04-09,0.0,36.9,26.1,6.72,0.217,Peddapalli,TS
2015-04-10,0.5,36.2,26.0,6.33,0.215,Peddapalli,TS
2015-04-11,2.6,31.7,24.7,3.4,0.245,Peddapalli,TS
2015-04-12,11.0,29.2,22.5,3.58,0.351,Peddapalli,TS
2015-04-13,19.6,29.4,20.8,4.46,0.441,Peddapalli,TS
2015-04-14,2.9,28.2,20.1,4.27,0.43,Peddapalli,TS
2015-04-15,0.9,31.0,21.0,4.88,0.396,Peddapalli,TS
2015-04-16,0.0,31.8,21.6,5.14,0.363,Peddapalli,TS
2015-04-17,0.0,33.2,22.0,5.68,0.328,Peddapalli,TS
2015-04-18,0.0,36.2,22.7,5.93,0.298,Peddapalli,TS
2015-04-19,0.0,37.9,24.7,6.44,0.274,Peddapalli,TS
2015-04-20,0.0,38.6,26.0,7.01,0.253,Peddapalli,TS
2015-04-21,0.0,38.9,26.6,6.96,0.237,Peddapalli,TS
2015-04-22,0.2,39.9,27.5,7.2,0.226,Peddapalli,TS
2015-04-23,0.2,38.8,27.7,6.23,0.221,Peddapalli,TS
2015-04-24,3.2,38.0,26.2,6.96,0.238,Peddapalli,TS
2015-04-25,0.0,37.3,25.3,6.48,0.235,Peddapalli,TS
2015-04-26,0.0,36.8,25.9,6.81,0.224,Peddapalli,TS
2015-04-27,0.2,38.1,26.0,6.93,0.218,Peddapalli,TS
2015-04-28,0.0,40.4,26.6,8.11,0.214,Peddapalli,TS
2015-04-29,0.0,40.8,26.9,7.68,0.211,Peddapalli,TS
2015-04-30,0.0,40.8,27.3,7.09,0.21,Peddapalli,TS
2015-05-01,0.0,40.7,27.2,7.53,0.209,Peddapalli,TS
2015-05-02,0.0,40.7,27.6,7.53,0.209,Peddapalli,TS
2015-05-03,0.0,39.8,28.6,6.93,0.209,Peddapalli,TS
2015-05-04,1.3,37.1,28.8,6.75,0.214,Peddapalli,TS
2015-05-05,1.0,38.5,28.1,6.29,0.222,Peddapalli,TS
2015-05-06,2.6,39.4,27.9,6.49,0.232,Peddapalli,TS
2015-05-07,0.0,39.7,27.9,7.09,0.244,Peddapalli,TS
2015-05-08,0.0,40.9,27.9,7.32,0.227,Peddapalli,TS
2015-05-09,0.0,41.2,28.7,7.62,0.217,Peddapalli,TS
2015-05-10,0.0,38.9,30.0,6.31,0.213,Peddapalli,TS
2015-05-11,0.6,38.9,29.0,6.92,0.214,Peddapalli,TS
2015-05-12,0.1,38.5,29.2,6.25,0.217,Peddapalli,TS
2015-05-13,1.3,38.3,28.8,6.1,0.22,Peddapalli,TS
2015-05-14,0.2,36.8,27.7,5.4,0.224,Peddapalli,TS
2015-05-15,4.7,37.0,27.4,4.92,0.244,Peddapalli,TS
2015-05-16,2.3,35.3,26.6,4.08,0.289,Peddapalli,TS
2015-05-17,0.0,37.9,27.3,6.5,0.271,Peddapalli,TS
2015-05-18,0.0,41.4,27.9,7.25,0.249,Peddapalli,TS
2015-05-19,0.0,44.1,30.2,8.35,0.229,Peddapalli,TS
2015-05-20,0.0,44.4,31.1,9.96,0.217,Peddapalli,TS
2015-05-21,0.0,45.1,30.7,9.13,0.211,Peddapalli,TS
2015-05-22,0.0,44.5,32.2,9.76,0.21,Peddapalli,TS
2015-05-23,0.0,43.5,31.4,10.03,0.209,Peddapalli,TS
2015-05-24,0.0,42.8,30.8,10.09,0.209,Peddapalli,TS
2015-05-25,0.0,42.6,31.4,9.43,0.209,Peddapalli,TS
2015-05-26,0.0,43.2,31.6,9.32,0.209,Peddapalli,TS
2015-05-27,0.0,43.4,31.9,8.97,0.209,Peddapalli,TS
2015-05-28,0.0,43.5,33.0,9.17,0.209,Peddapalli,TS
2015-05-29,0.0,43.5,31.5,8.58,0.209,Peddapalli,TS
2015-05-30,0.0,43.1,32.1,9.36,0.209,Peddapalli,TS
2015-05-31,0.0,42.8,30.9,8.03,0.209,Peddapalli,TS
2015-06-01,0.0,41.0,31.4,7.19,0.209,Peddapalli,TS
2015-06-02,1.1,39.0,30.2,6.1,0.213,Peddapalli,TS
2015-06-03,0.0,37.4,29.5,5.75,0.217,Peddapalli,TS
2015-06-04,2.9,37.4,29.3,5.79,0.264,Peddapalli,TS
2015-06-05,2.3,36.4,27.1,6.44,0.309,Peddapalli,TS
2015-06-06,1.8,36.9,29.4,5.15,0.288,Peddapalli,TS
2015-06-07,2.4,34.7,28.7,4.67,0.295,Peddapalli,TS
2015-06-08,7.1,36.5,26.9,5.61,0.321,Peddapalli,TS
2015-06-09,3.5,34.4,26.6,4.64,0.36,Peddapalli,TS
2015-06-10,2.4,37.2,26.4,6.67,0.338,Peddapalli,TS
2015-06-11,0.0,38.0,28.2,6.35,0.308,Peddapalli,TS
2015-06-12,15.4,34.7,26.1,4.88,0.321,Peddapalli,TS
2015-06-13,16.9,32.8,25.9,4.15,0.455,Peddapalli,TS
2015-06-14,11.4,30.0,25.2,3.22,0.458,Peddapalli,TS
2015-06-15,14.6,29.2,24.8,1.96,0.494,Peddapalli,TS
2015-06-16,10.1,29.2,24.3,2.59,0.497,Peddapalli,TS
2015-06-17,18.7,30.3,24.6,2.64,0.473,Peddapalli,TS
2015-06-18,16.0,31.1,24.4,3.37,0.465,Peddapalli,TS
2015-06-19,6.3,30.8,24.9,3.77,0.492,Peddapalli,TS
2015-06-20,23.0,28.4,24.7,2.17,0.497,Peddapalli,TS
2015-06-21,58.7,25.9,24.5,1.57,0.487,Peddapalli,TS
2015-06-22,13.9,27.1,24.5,1.71,0.512,Peddapalli,TS
2015-06-23,1.9,31.0,24.3,3.87,0.428,Peddapalli,TS
2015-06-24,5.1,32.3,24.7,4.81,0.463,Peddapalli,TS
2015-06-25,0.3,32.4,25.9,5.33,0.446,Peddapalli,TS
2015-06-26,0.0,31.3,26.2,5.08,0.42,Peddapalli,TS
2015-06-27,0.0,30.7,26.5,5.0,0.398,Peddapalli,TS
2015-06-28,0.0,31.7,26.3,5.1,0.379,Peddapalli,TS
2015-06-29,0.0,32.5,26.2,5.1,0.361,Peddapalli,TS
2015-06-30,0.0,32.7,26.1,5.27,0.346,Peddapalli,TS
2015-07-01,0.6,31.6,26.5,4.93,0.334,Peddapalli,TS
2015-07-02,0.5,29.9,25.2,3.41,0.34,Peddapalli,TS
2015-07-03,0.0,33.2,25.9,5.51,0.334,Peddapalli,TS
2015-07-04,0.0,33.0,26.3,6.34,0.312,Peddapalli,TS
2015-07-05,0.0,33.5,26.4,6.99,0.292,Peddapalli,TS
2015-07-06,0.0,32.9,26.6,6.44,0.275,Peddapalli,TS
2015-07-07,0.0,32.6,26.9,5.53,0.262,Peddapalli,TS
2015-07-08,0.0,32.3,27.5,5.5,0.252,Peddapalli,TS
2015-07-09,0.0,33.4,28.1,6.62,0.243,Peddapalli,TS
2015-07-10,1.2,30.5,26.6,3.74,0.25,Peddapalli,TS
2015-07-11,1.8,32.1,25.0,3.47,0.276,Peddapalli,TS
2015-07-12,0.0,33.8,26.5,6.22,0.27,Peddapalli,TS
2015-07-13,3.7,33.7,26.1,5.13,0.268,Peddapalli,TS
2015-07-14,0.4,34.1,26.6,5.12,0.285,Peddapalli,TS
2015-07-15,2.5,34.1,25.8,5.42,0.296,Peddapalli,TS
2015-07-16,0.0,33.4,27.7,5.39,0.281,Peddapalli,TS
2015-07-17,0.6,34.0,27.9,5.87,0.266,Peddapalli,TS
2015-07-18,3.3,33.6,25.6,5.32,0.279,Peddapalli,TS
2015-07-19,4.3,33.2,25.7,5.22,0.299,Peddapalli,TS
2015-07-20,0.8,33.6,25.7,5.52,0.31,Peddapalli,TS
2015-07-21,1.7,32.5,25.7,4.97,0.306,Peddapalli,TS
2015-07-22,4.9,31.1,25.5,2.95,0.345,Peddapalli,TS
2015-07-23,11.7,30.2,25.0,2.41,0.405,Peddapalli,TS
2015-07-24,5.8,31.5,24.7,3.65,0.466,Peddapalli,TS
2015-07-25,0.0,32.0,25.4,4.45,0.432,Peddapalli,TS
2015-07-26,0.2,31.9,25.6,4.88,0.393,Peddapalli,TS
2015-07-27,0.0,32.4,25.6,4.96,0.36,Peddapalli,TS
2015-07-28,0.1,33.4,26.1,6.19,0.33,Peddapalli,TS
2015-07-29,0.0,32.1,25.7,5.51,0.305,Peddapalli,TS
2015-07-30,0.0,30.4,26.3,3.88,0.287,Peddapalli,TS
2015-07-31,0.0,32.3,26.4,5.66,0.274,Peddapalli,TS
2015-08-01,0.0,31.7,25.5,5.11,0.261,Peddapalli,TS
2015-08-02,0.3,32.5,25.7,4.97,0.254,Peddapalli,TS
2015-08-03,0.0,31.9,25.9,4.78,0.25,Peddapalli,TS
2015-08-04,1.4,29.0,24.7,3.66,0.256,Peddapalli,TS
2015-08-05,0.9,30.5,24.7,4.81,0.264,Peddapalli,TS
2015-08-06,0.0,27.9,25.9,2.86,0.26,Peddapalli,TS
2015-08-07,2.5,28.0,25.2,2.29,0.284,Peddapalli,TS
2015-08-08,2.0,29.1,25.6,2.65,0.318,Peddapalli,TS
2015-08-09,6.9,30.7,24.6,3.16,0.352,Peddapalli,TS
2015-08-10,7.6,30.4,25.1,2.83,0.42,Peddapalli,TS
2015-08-11,18.9,30.7,24.2,3.06,0.451,Peddapalli,TS
2015-08-12,14.8,26.5,24.6,1.43,0.453,Peddapalli,TS
2015-08-13,19.3,27.4,24.0,2.11,0.494,Peddapalli,TS
2015-08-14,0.0,31.1,23.3,4.42,0.469,Peddapalli,TS
2015-08-15,0.3,31.1,25.1,4.14,0.447,Peddapalli,TS
2015-08-16,0.5,29.7,26.1,3.16,0.436,Peddapalli,TS
2015-08-17,0.5,31.3,25.3,3.95,0.424,Peddapalli,TS
2015-08-18,3.8,31.9,25.1,4.19,0.418,Peddapalli,TS
2015-08-19,1.9,31.9,25.2,4.12,0.428,Peddapalli,TS
2015-08-20,1.9,29.6,24.9,2.74,0.461,Peddapalli,TS
2015-08-21,10.1,31.0,24.4,3.31,0.486,Peddapalli,TS
2015-08-22,0.2,30.5,25.1,4.28,0.459,Peddapalli,TS
2015-08-23,0.3,30.9,25.0,4.74,0.429,Peddapalli,TS
2015-08-24,0.1,31.4,24.4,4.99,0.402,Peddapalli,TS
2015-08-25,0.0,31.6,24.9,5.15,0.378,Peddapalli,TS
2015-08-26,0.1,31.2,25.5,4.45,0.358,Peddapalli,TS
2015-08-27,4.4,28.1,25.1,1.74,0.394,Peddapalli,TS
2015-08-28,9.6,30.5,25.0,3.16,0.438,Peddapalli,TS
2015-08-29,3.2,29.9,24.6,3.49,0.46,Peddapalli,TS
2015-08-30,1.6,31.2,25.2,4.35,0.433,Peddapalli,TS
2015-08-31,0.5,31.1,25.3,3.56,0.422,Peddapalli,TS
2015-09-01,1.6,31.1,25.0,3.7,0.419,Peddapalli,TS
2015-09-02,2.5,31.7,24.5,4.31,0.411,Peddapalli,TS
2015-09-03,1.4,32.1,25.5,4.32,0.393,Peddapalli,TS
2015-09-04,0.9,32.7,24.5,4.31,0.38,Peddapalli,TS
2015-09-05,0.1,32.7,25.0,4.75,0.363,Peddapalli,TS
2015-09-06,8.2,32.0,24.8,4.06,0.373,Peddapalli,TS
2015-09-07,9.6,31.1,24.0,3.54,0.46,Peddapalli,TS
2015-09-08,3.1,31.0,23.4,4.03,0.461,Peddapalli,TS
2015-09-09,0.1,31.8,23.6,4.63,0.437,Peddapalli,TS
2015-09-10,0.4,31.7,24.1,4.48,0.404,Peddapalli,TS
2015-09-11,0.8,32.1,24.7,4.21,0.388,Peddapalli,TS
2015-09-12,12.8,29.4,24.6,2.45,0.469,Peddapalli,TS
2015-09-13,19.2,30.0,24.4,2.05,0.468,Peddapalli,TS
2015-09-14,10.9,29.9,24.4,2.6,0.479,Peddapalli,TS
2015-09-15,10.7,29.2,24.2,2.72,0.464,Peddapalli,TS
2015-09-16,16.6,30.0,24.4,2.2,0.477,Peddapalli,TS
2015-09-17,32.8,28.8,24.3,2.68,0.456,Peddapalli,TS
2015-09-18,0.0,32.3,24.7,4.63,0.449,Peddapalli,TS
2015-09-19,0.0,31.6,24.3,4.1,0.431,Peddapalli,TS
2015-09-20,0.2,29.8,25.3,2.66,0.422,Peddapalli,TS
2015-09-21,0.0,31.3,24.4,4.22,0.414,Peddapalli,TS
2015-09-22,0.0,31.4,23.6,4.45,0.397,Peddapalli,TS
2015-09-23,0.0,32.2,24.2,4.68,0.381,Peddapalli,TS
2015-09-24,0.3,32.1,24.6,4.45,0.366,Peddapalli,TS
2015-09-25,2.1,32.4,25.0,4.19,0.365,Peddapalli,TS
2015-09-26,0.0,31.9,24.1,4.66,0.37,Peddapalli,TS
2015-09-27,0.0,31.5,21.8,4.73,0.349,Peddapalli,TS
2015-09-28,0.0,31.2,22.9,4.37,0.331,Peddapalli,TS
2015-09-29,0.5,31.2,24.4,4.3,0.319,Peddapalli,TS
2015-09-30,2.7,32.2,24.4,4.28,0.319,Peddapalli,TS
2015-10-01,2.1,31.5,24.3,3.99,0.347,Peddapalli,TS
2015-10-02,4.3,31.1,23.7,3.32,0.386,Peddapalli,TS
2015-10-03,3.3,32.3,24.1,4.26,0.386,Peddapalli,TS
2015-10-04,2.7,32.0,24.8,3.89,0.413,Peddapalli,TS
2015-10-05,0.2,32.0,24.1,4.2,0.413,Peddapalli,TS
2015-10-06,0.0,32.7,23.1,5.07,0.383,Peddapalli,TS
2015-10-07,0.0,33.1,21.4,5.16,0.354,Peddapalli,TS
2015-10-08,0.0,33.1,21.2,5.04,0.328,Peddapalli,TS
2015-10-09,0.0,34.0,21.8,4.76,0.307,Peddapalli,TS
2015-10-10,0.0,34.5,22.3,4.69,0.291,Peddapalli,TS
2015-10-11,0.0,34.4,22.7,4.61,0.277,Peddapalli,TS
2015-10-12,0.0,34.3,23.3,4.55,0.265,Peddapalli,TS
2015-10-13,0.0,34.2,22.8,4.7,0.254,Peddapalli,TS
2015-10-14,0.0,34.6,23.2,4.77,0.243,Peddapalli,TS
2015-10-15,0.0,34.3,23.6,4.64,0.234,Peddapalli,TS
2015-10-16,0.7,31.9,23.9,4.24,0.23,Peddapalli,TS
2015-10-17,0.5,32.9,24.4,4.24,0.233,Peddapalli,TS
2015-10-18,0.0,33.2,24.1,4.53,0.231,Peddapalli,TS
2015-10-19,0.0,34.0,23.9,5.12,0.224,Peddapalli,TS
2015-10-20,0.0,34.3,23.0,5.09,0.219,Peddapalli,TS
2015-10-21,0.0,34.4,22.9,5.24,0.215,Peddapalli,TS
2015-10-22,0.0,34.6,23.2,5.07,0.213,Peddapalli,TS
2015-10-23,0.0,33.7,23.6,4.63,0.211,Peddapalli,TS
2015-10-24,0.0,33.8,24.6,4.86,0.211,Peddapalli,TS
2015-10-25,0.0,32.7,24.1,4.66,0.21,Peddapalli,TS
2015-10-26,0.0,32.4,23.2,4.61,0.21,Peddapalli,TS
2015-10-27,0.0,32.9,22.3,4.98,0.21,Peddapalli,TS
2015-10-28,0.0,32.9,22.1,5.39,0.21,Peddapalli,TS
2015-10-29,2.6,32.7,23.9,4.04,0.217,Peddapalli,TS
2015-10-30,0.4,30.5,22.6,4.0,0.258,Peddapalli,TS
2015-10-31,0.0,31.3,22.4,4.48,0.25,Peddapalli,TS
2015-11-01,0.0,31.3,22.5,4.66,0.241,Peddapalli,TS
2015-11-02,0.2,30.8,22.0,3.69,0.235,Peddapalli,TS
2015-11-03,0.0,32.1,22.4,4.5,0.23,Peddapalli,TS
2015-11-04,0.0,31.7,23.4,4.25,0.224,Peddapalli,TS
2015-11-05,0.0,32.2,22.6,4.28,0.219,Peddapalli,TS
2015-11-06,0.0,32.4,23.5,4.5,0.216,Peddapalli,TS
2015-11-07,0.0,32.4,22.2,4.49,0.213,Peddapalli,TS
2015-11-08,0.0,32.6,22.1,4.68,0.212,Peddapalli,TS
2015-11-09,0.0,31.3,20.7,4.61,0.211,Peddapalli,TS
2015-11-10,0.0,30.8,20.4,4.2,0.21,Peddapalli,TS
2015-11-11,0.0,32.2,20.5,5.14,0.21,Peddapalli,TS
2015-11-12,0.0,31.9,19.9,4.94,0.21,Peddapalli,TS
2015-11-13,0.0,32.2,19.8,5.11,0.21,Peddapalli,TS
2015-11-14,0.0,31.8,19.9,4.67,0.209,Peddapalli,TS
2015-11-15,0.0,31.9,21.1,4.78,0.209,Peddapalli,TS
2015-11-16,0.0,29.9,21.3,3.19,0.209,Peddapalli,TS
2015-11-17,0.0,30.0,21.7,4.22,0.209,Peddapalli,TS
2015-11-18,0.0,31.7,18.8,5.38,0.209,Peddapalli,TS
2015-11-19,0.0,31.1,19.4,5.01,0.209,Peddapalli,TS
2015-11-20,0.0,31.0,20.2,3.69,0.209,Peddapalli,TS
2015-11-21,0.0,31.1,22.8,3.96,0.21,Peddapalli,TS
2015-11-22,0.0,32.0,23.2,4.2,0.21,Peddapalli,TS
2015-11-23,0.0,31.2,22.1,3.94,0.21,Peddapalli,TS
2015-11-24,0.0,31.4,24.0,3.95,0.21,Peddapalli,TS
2015-11-25,0.0,31.5,22.0,4.44,0.21,Peddapalli,TS
2015-11-26,0.0,32.1,20.5,4.35,0.21,Peddapalli,TS
2015-11-27,0.0,32.7,20.9,4.46,0.21,Peddapalli,TS
2015-11-28,0.0,31.6,22.5,4.49,0.209,Peddapalli,TS
2015-11-29,0.0,31.3,22.5,4.17,0.209,Peddapalli,TS
2015-11-30,0.0,29.4,24.4,2.58,0.21,Peddapalli,TS
2015-12-01,0.0,30.2,22.5,3.31,0.211,Peddapalli,TS
2015-12-02,0.0,30.9,22.5,3.94,0.211,Peddapalli,TS
2015-12-03,0.0,31.7,22.3,4.22,0.211,Peddapalli,TS
2015-12-04,0.0,32.0,20.1,4.43,0.21,Peddapalli,TS
2015-12-05,0.0,31.4,21.3,4.28,0.21,Peddapalli,TS
2015-12-06,0.0,31.6,20.2,4.36,0.21,Peddapalli,TS
2015-12-07,0.0,31.1,19.3,4.42,0.209,Peddapalli,TS
2015-12-08,0.0,31.2,19.6,4.48,0.209,Peddapalli,TS
2015-12-09,0.0,30.8,18.7,4.35,0.209,Peddapalli,TS
2015-12-10,0.0,31.5,18.1,4.52,0.209,Peddapalli,TS
2015-12-11,0.0,33.7,20.4,4.72,0.209,Peddapalli,TS
2015-12-12,0.0,33.3,23.0,4.0,0.209,Peddapalli,TS
2015-12-13,0.1,33.9,24.1,4.44,0.21,Peddapalli,TS
2015-12-14,0.0,33.5,23.7,4.36,0.212,Peddapalli,TS
2015-12-15,0.0,32.4,23.3,4.34,0.211,Peddapalli,TS
2015-12-16,0.0,32.6,22.9,4.77,0.21,Peddapalli,TS
2015-12-17,0.0,32.1,21.9,5.16,0.21,Peddapalli,TS
2015-12-18,0.0,31.4,21.2,4.28,0.21,Peddapalli,TS
2015-12-19,0.0,30.6,20.7,3.57,0.21,Peddapalli,TS
2015-12-20,0.0,31.3,22.6,4.62,0.21,Peddapalli,TS
2015-12-21,0.0,30.9,22.2,4.23,0.21,Peddapalli,TS
2015-12-22,0.0,32.5,22.6,4.16,0.21,Peddapalli,TS
2015-12-23,0.0,31.1,23.3,3.85,0.21,Peddapalli,TS
2015-12-24,0.0,30.3,22.5,4.25,0.21,Peddapalli,TS
2015-12-25,0.0,26.8,17.8,5.43,0.21,Peddapalli,TS
2015-12-26,0.0,27.1,14.2,4.48,0.21,Peddapalli,TS
2015-12-27,0.0,28.7,13.9,4.72,0.209,Peddapalli,TS
2015-12-28,0.0,31.0,15.4,4.97,0.209,Peddapalli,TS
2015-12-29,0.0,32.0,15.9,4.89,0.209,Peddapalli,TS
2015-12-30,0.0,32.2,17.4,4.63,0.209,Peddapalli,TS
2015-12-31,0.0,32.1,17.7,4.47,0.209,Peddapalli,TS
2016-01-01,0.0,32.1,18.8,4.37,0.209,Peddapalli,TS
2016-01-02,0.0,32.1,18.2,4.31,0.209,Peddapalli,TS
2016-01-03,0.0,31.6,18.7,4.34,0.209,Peddapalli,TS
2016-01-04,0.0,30.4,18.4,4.37,0.209,Peddapalli,TS
2016-01-05,0.0,30.4,17.9,4.42,0.209,Peddapalli,TS
2016-01-06,0.0,30.5,17.2,4.39,0.209,Peddapalli,TS
2016-01-07,0.0,30.6,16.9,4.39,0.209,Peddapalli,TS
2016-01-08,0.0,30.7,17.0,4.38,0.209,Peddapalli,TS
2016-01-09,0.0,31.2,17.0,4.3,0.209,Peddapalli,TS
2016-01-10,0.0,30.7,19.2,4.65,0.209,Peddapalli,TS
2016-01-11,0.0,30.3,18.0,4.53,0.209,Peddapalli,TS
2016-01-12,0.0,30.2,16.7,4.69,0.209,Peddapalli,TS
2016-01-13,0.0,30.5,18.1,4.62,0.209,Peddapalli,TS
2016-01-14,0.0,30.5,18.0,4.73,0.209,Peddapalli,TS
2016-01-15,0.0,30.3,19.4,4.65,0.209,Peddapalli,TS
2016-01-16,0.0,30.7,18.8,4.99,0.209,Peddapalli,TS
2016-01-17,0.0,30.7,20.1,5.24,0.209,Peddapalli,TS
2016-01-18,0.0,30.2,19.6,5.17,0.209,Peddapalli,TS
2016-01-19,0.8,28.2,21.2,3.21,0.215,Peddapalli,TS
2016-01-20,1.2,25.8,19.0,2.2,0.237,Peddapalli,TS
2016-01-21,0.0,27.2,16.8,4.76,0.235,Peddapalli,TS
2016-01-22,0.0,26.9,15.5,4.98,0.227,Peddapalli,TS
2016-01-23,0.0,28.5,14.5,4.79,0.221,Peddapalli,TS
2016-01-24,0.0,29.7,14.5,4.39,0.217,Peddapalli,TS
2016-01-25,0.0,29.4,18.0,3.76,0.215,Peddapalli,TS
2016-01-26,0.0,30.4,19.8,4.12,0.213,Peddapalli,TS
2016-01-27,0.0,33.6,21.1,4.74,0.212,Peddapalli,TS
2016-01-28,0.0,32.7,19.2,4.83,0.211,Peddapalli,TS
2016-01-29,0.0,32.3,19.5,5.21,0.21,Peddapalli,TS
2016-01-30,0.0,33.4,18.7,5.16,0.21,Peddapalli,TS
2016-01-31,0.0,34.7,17.7,5.18,0.209,Peddapalli,TS
2016-02-01,0.0,34.9,19.1,5.11,0.209,Peddapalli,TS
2016-02-02,0.0,36.1,21.2,5.77,0.209,Peddapalli,TS
2016-02-03,0.0,34.5,21.2,5.16,0.209,Peddapalli,TS
2016-02-04,0.0,32.9,19.2,5.52,0.209,Peddapalli,TS
2016-02-05,0.0,32.4,19.5,5.08,0.209,Peddapalli,TS
2016-02-06,0.0,33.1,21.0,5.83,0.209,Peddapalli,TS
2016-02-07,0.0,33.6,21.8,5.47,0.209,Peddapalli,TS
2016-02-08,0.0,31.8,24.1,4.32,0.209,Peddapalli,TS
2016-02-09,0.0,32.5,23.4,4.05,0.209,Peddapalli,TS
2016-02-10,0.0,34.3,25.0,5.91,0.209,Peddapalli,TS
2016-02-11,0.0,35.0,24.5,5.88,0.209,Peddapalli,TS
2016-02-12,0.0,34.4,24.1,5.92,0.209,Peddapalli,TS
2016-02-13,0.0,34.3,24.2,5.81,0.209,Peddapalli,TS
2016-02-14,0.0,33.2,24.2,5.39,0.209,Peddapalli,TS
2016-02-15,0.0,34.6,23.3,6.62,0.209,Peddapalli,TS
2016-02-16,0.0,33.9,20.1,6.6,0.209,Peddapalli,TS
2016-02-17,0.0,34.3,19.6,6.72,0.209,Peddapalli,TS
2016-02-18,0.0,34.8,19.8,6.57,0.209,Peddapalli,TS
2016-02-19,0.0,35.1,20.7,6.43,0.209,Peddapalli,TS
2016-02-20,0.0,36.6,20.2,6.28,0.209,Peddapalli,TS
2016-02-21,0.0,37.7,21.6,6.21,0.209,Peddapalli,TS
2016-02-22,0.0,37.8,23.3,6.88,0.209,Peddapalli,TS
2016-02-23,0.0,37.1,25.0,7.08,0.209,Peddapalli,TS
2016-02-24,0.0,34.8,23.5,6.46,0.209,Peddapalli,TS
2016-02-25,0.0,34.8,24.2,6.41,0.209,Peddapalli,TS
2016-02-26,0.0,32.6,24.3,5.2,0.209,Peddapalli,TS
2016-02-27,0.0,32.8,23.8,5.38,0.209,Peddapalli,TS
2016-02-28,0.0,34.2,23.9,5.66,0.209,Peddapalli,TS
2016-02-29,1.2,34.5,24.2,5.06,0.213,Peddapalli,TS
2016-03-01,5.8,32.8,23.5,4.31,0.276,Peddapalli,TS
2016-03-02,0.7,33.3,24.3,4.59,0.267,Peddapalli,TS
2016-03-03,0.0,33.1,24.4,4.13,0.26,Peddapalli,TS
2016-03-04,0.0,34.4,23.5,4.99,0.249,Peddapalli,TS
2016-03-05,1.3,34.5,24.7,4.9,0.241,Peddapalli,TS
2016-03-06,0.0,36.4,24.6,6.52,0.235,Peddapalli,TS
2016-03-07,0.0,35.5,21.6,6.98,0.224,Peddapalli,TS
2016-03-08,0.0,36.4,22.2,7.12,0.217,Peddapalli,TS
2016-03-09,0.0,35.9,24.0,6.32,0.212,Peddapalli,TS
2016-03-10,0.0,37.8,24.4,6.42,0.211,Peddapalli,TS
2016-03-11,0.0,37.7,24.1,6.34,0.21,Peddapalli,TS
2016-03-12,0.0,38.9,24.7,8.69,0.209,Peddapalli,TS
2016-03-13,0.5,36.7,23.4,6.47,0.211,Peddapalli,TS
2016-03-14,0.0,35.9,26.4,6.36,0.22,Peddapalli,TS
2016-03-15,0.8,33.9,24.9,5.25,0.221,Peddapalli,TS
2016-03-16,0.1,34.3,23.4,4.31,0.225,Peddapalli,TS
2016-03-17,0.0,37.4,25.1,6.67,0.22,Peddapalli,TS
2016-03-18,0.0,38.8,25.9,6.21,0.214,Peddapalli,TS
2016-03-19,0.0,39.1,26.8,6.53,0.211,Peddapalli,TS
2016-03-20,0.0,39.3,24.9,7.51,0.21,Peddapalli,TS
2016-03-21,0.0,39.7,25.0,7.95,0.209,Peddapalli,TS
2016-03-22,0.0,38.9,22.2,7.32,0.209,Peddapalli,TS
2016-03-23,0.0,38.8,22.8,7.23,0.209,Peddapalli,TS
2016-03-24,0.0,39.5,22.8,7.5,0.209,Peddapalli,TS
2016-03-25,0.0,38.9,23.5,6.97,0.209,Peddapalli,TS
2016-03-26,0.0,39.2,24.9,7.07,0.209,Peddapalli,TS
2016-03-27,0.0,38.0,25.8,7.26,0.209,Peddapalli,TS
2016-03-28,0.1,37.4,25.5,7.03,0.211,Peddapalli,TS
2016-03-29,0.0,38.1,25.4,7.62,0.21,Peddapalli,TS
2016-03-30,0.2,39.0,26.0,7.69,0.21,Peddapalli,TS
2016-03-31,0.0,39.0,26.0,7.46,0.211,Peddapalli,TS
2016-04-01,0.0,39.0,26.2,6.9,0.21,Peddapalli,TS
2016-04-02,0.0,39.5,26.5,6.9,0.209,Peddapalli,TS
2016-04-03,0.0,39.9,27.7,7.5,0.209,Peddapalli,TS
2016-04-04,0.0,40.1,28.1,6.62,0.21,Peddapalli,TS
2016-04-05,1.7,38.0,28.7,5.93,0.216,Peddapalli,TS
2016-04-06,0.0,39.1,26.9,7.05,0.22,Peddapalli,TS
2016-04-07,0.0,39.9,27.7,7.82,0.213,Peddapalli,TS
2016-04-08,0.0,39.3,25.7,7.77,0.21,Peddapalli,TS
2016-04-09,0.0,39.8,26.1,8.91,0.209,Peddapalli,TS
2016-04-10,0.0,40.1,26.9,8.3,0.209,Peddapalli,TS
2016-04-11,0.0,41.1,27.2,7.46,0.209,Peddapalli,TS
2016-04-12,0.0,41.3,29.2,7.07,0.209,Peddapalli,TS
2016-04-13,0.0,41.9,28.6,7.7,0.209,Peddapalli,TS
2016-04-14,0.0,40.0,28.2,7.22,0.209,Peddapalli,TS
2016-04-15,0.0,41.6,28.3,7.88,0.208,Peddapalli,TS
2016-04-16,0.0,42.0,28.7,8.35,0.209,Peddapalli,TS
2016-04-17,0.3,41.9,28.9,7.71,0.21,Peddapalli,TS
2016-04-18,0.4,40.2,29.2,7.08,0.215,Peddapalli,TS
2016-04-19,0.0,40.9,27.8,8.48,0.214,Peddapalli,TS
2016-04-20,0.0,41.3,27.8,7.86,0.211,Peddapalli,TS
2016-04-21,0.0,42.1,29.5,7.61,0.21,Peddapalli,TS
2016-04-22,0.0,43.4,30.6,7.86,0.209,Peddapalli,TS
2016-04-23,0.0,41.9,29.9,8.78,0.209,Peddapalli,TS
2016-04-24,0.0,42.6,30.0,8.78,0.209,Peddapalli,TS
2016-04-25,0.0,42.0,28.2,7.33,0.209,Peddapalli,TS
2016-04-26,0.6,42.3,29.9,7.43,0.21,Peddapalli,TS
2016-04-27,0.0,41.3,29.1,8.2,0.212,Peddapalli,TS
2016-04-28,0.2,41.0,29.6,6.91,0.212,Peddapalli,TS
2016-04-29,0.2,41.5,30.3,7.33,0.214,Peddapalli,TS
2016-04-30,1.1,41.6,29.9,7.17,0.218,Peddapalli,TS
2016-05-01,0.0,41.6,29.1,7.77,0.219,Peddapalli,TS
2016-05-02,1.0,42.0,29.3,7.29,0.223,Peddapalli,TS
2016-05-03,0.8,40.4,28.8,7.76,0.24,Peddapalli,TS
2016-05-04,1.9,39.7,26.4,7.14,0.25,Peddapalli,TS
2016-05-05,0.8,37.4,26.7,6.68,0.26,Peddapalli,TS
2016-05-06,3.9,35.8,24.6,6.49,0.288,Peddapalli,TS
2016-05-07,0.0,37.0,26.6,6.36,0.268,Peddapalli,TS
2016-05-08,1.0,36.9,26.2,6.2,0.259,Peddapalli,TS
2016-05-09,1.0,37.3,26.3,6.07,0.248,Peddapalli,TS
2016-05-10,0.4,36.8,28.0,6.18,0.24,Peddapalli,TS
2016-05-11,0.2,38.8,28.5,6.91,0.231,Peddapalli,TS
2016-05-12,1.3,40.7,29.1,6.86,0.224,Peddapalli,TS
2016-05-13,0.0,41.5,30.0,7.64,0.219,Peddapalli,TS
2016-05-14,0.0,41.7,30.9,8.02,0.212,Peddapalli,TS
2016-05-15,0.8,41.0,29.4,8.3,0.212,Peddapalli,TS
2016-05-16,0.0,40.5,29.1,8.41,0.212,Peddapalli,TS
2016-05-17,0.0,39.6,29.2,8.05,0.211,Peddapalli,TS
2016-05-18,0.0,37.8,28.9,6.05,0.21,Peddapalli,TS
2016-05-19,0.0,36.0,29.7,4.52,0.211,Peddapalli,TS
2016-05-20,0.2,42.7,30.0,7.75,0.211,Peddapalli,TS
2016-05-21,0.0,42.6,31.9,10.37,0.21,Peddapalli,TS
2016-05-22,0.0,42.8,32.0,10.47,0.209,Peddapalli,TS
2016-05-23,0.0,41.3,32.2,10.55,0.209,Peddapalli,TS
2016-05-24,0.0,42.2,32.6,9.89,0.209,Peddapalli,TS
2016-05-25,0.0,42.4,32.7,10.4,0.209,Peddapalli,TS
2016-05-26,0.0,42.3,32.4,9.49,0.209,Peddapalli,TS
2016-05-27,0.0,41.8,32.7,9.52,0.208,Peddapalli,TS
2016-05-28,0.0,41.5,32.3,8.45,0.208,Peddapalli,TS
2016-05-29,0.0,40.2,31.3,8.73,0.209,Peddapalli,TS
2016-05-30,0.0,40.3,30.5,8.19,0.208,Peddapalli,TS
2016-05-31,0.7,40.6,31.1,7.44,0.21,Peddapalli,TS
2016-06-01,0.0,41.8,31.1,7.62,0.211,Peddapalli,TS
2016-06-02,0.1,40.0,31.6,7.32,0.212,Peddapalli,TS
2016-06-03,2.0,41.3,31.4,7.47,0.22,Peddapalli,TS
2016-06-04,0.0,38.5,28.6,6.11,0.231,Peddapalli,TS
2016-06-05,7.2,35.2,25.8,4.4,0.276,Peddapalli,TS
2016-06-06,8.1,32.9,26.1,3.95,0.351,Peddapalli,TS
2016-06-07,9.4,33.0,26.1,3.71,0.434,Peddapalli,TS
2016-06-08,7.6,34.2,26.5,4.73,0.441,Peddapalli,TS
2016-06-09,2.2,36.0,26.7,5.68,0.402,Peddapalli,TS
2016-06-10,0.8,36.5,26.7,6.17,0.361,Peddapalli,TS
2016-06-11,1.6,37.0,28.0,6.05,0.328,Peddapalli,TS
2016-06-12,5.6,36.4,26.5,6.31,0.365,Peddapalli,TS
2016-06-13,3.7,35.0,27.4,5.41,0.378,Peddapalli,TS
2016-06-14,0.0,38.2,30.3,8.86,0.336,Peddapalli,TS
2016-06-15,0.0,38.2,30.3,9.17,0.292,Peddapalli,TS
2016-06-16,0.0,39.0,30.8,9.02,0.261,Peddapalli,TS
2016-06-17,4.8,38.4,26.2,7.35,0.247,Peddapalli,TS
2016-06-18,41.7,28.8,25.1,1.76,0.446,Peddapalli,TS
2016-06-19,14.9,30.2,24.6,2.49,0.484,Peddapalli,TS
2016-06-20,0.7,31.5,25.7,4.54,0.467,Peddapalli,TS
2016-06-21,1.3,32.4,25.4,4.96,0.447,Peddapalli,TS
2016-06-22,0.0,33.6,26.5,5.36,0.431,Peddapalli,TS
2016-06-23,4.0,33.5,26.0,5.12,0.404,Peddapalli,TS
2016-06-24,2.2,31.4,25.7,3.38,0.428,Peddapalli,TS
2016-06-25,17.6,32.7,25.6,4.49,0.446,Peddapalli,TS
2016-06-26,2.9,31.5,25.3,3.99,0.462,Peddapalli,TS
2016-06-27,14.0,28.8,25.7,2.38,0.49,Peddapalli,TS
2016-06-28,49.7,27.7,25.0,2.19,0.49,Peddapalli,TS
2016-06-29,20.9,26.8,24.8,1.67,0.47,Peddapalli,TS
2016-06-30,33.7,26.9,24.4,1.98,0.491,Peddapalli,TS
2016-07-01,15.1,28.0,24.5,2.08,0.486,Peddapalli,TS
2016-07-02,9.9,30.3,24.5,2.98,0.499,Peddapalli,TS
2016-07-03,9.7,28.3,24.8,1.89,0.499,Peddapalli,TS
2016-07-04,2.6,31.2,25.3,4.03,0.495,Peddapalli,TS
2016-07-05,15.8,30.8,25.0,3.56,0.499,Peddapalli,TS
2016-07-06,17.7,30.3,24.6,3.19,0.443,Peddapalli,TS
2016-07-07,1.3,29.2,25.9,3.93,0.431,Peddapalli,TS
2016-07-08,16.3,28.7,24.9,3.68,0.467,Peddapalli,TS
2016-07-09,35.2,25.4,24.1,1.67,0.474,Peddapalli,TS
2016-07-10,45.0,27.2,24.2,1.84,0.477,Peddapalli,TS
2016-07-11,57.1,25.5,24.2,1.8,0.495,Peddapalli,TS
2016-07-12,4.8,29.7,24.1,4.35,0.491,Peddapalli,TS
2016-07-13,0.0,31.4,25.3,4.83,0.461,Peddapalli,TS
2016-07-14,0.0,31.3,25.6,4.99,0.435,Peddapalli,TS
2016-07-15,0.2,31.6,26.1,4.65,0.415,Peddapalli,TS
2016-07-16,2.5,31.6,24.6,3.77,0.437,Peddapalli,TS
2016-07-17,0.2,31.7,25.5,4.4,0.428,Peddapalli,TS
2016-07-18,2.8,31.2,25.0,4.08,0.423,Peddapalli,TS
2016-07-19,1.3,27.9,24.8,2.08,0.44,Peddapalli,TS
2016-07-20,11.3,27.7,24.1,2.12,0.482,Peddapalli,TS
2016-07-21,5.2,29.1,25.0,2.89,0.472,Peddapalli,TS
2016-07-22,8.9,29.6,24.3,2.61,0.484,Peddapalli,TS
2016-07-23,0.0,28.6,24.5,2.77,0.463,Peddapalli,TS
2016-07-24,2.9,30.0,24.9,3.0,0.465,Peddapalli,TS
2016-07-25,10.7,30.5,24.5,3.56,0.498,Peddapalli,TS
2016-07-26,13.2,30.5,24.4,2.75,0.47,Peddapalli,TS
2016-07-27,24.1,31.0,23.9,3.4,0.47,Peddapalli,TS
2016-07-28,11.1,30.6,24.4,3.66,0.503,Peddapalli,TS
2016-07-29,13.5,30.5,24.0,3.7,0.48,Peddapalli,TS
2016-07-30,8.8,30.2,24.5,3.27,0.494,Peddapalli,TS
2016-07-31,5.8,27.3,24.2,2.12,0.5,Peddapalli,TS
2016-08-01,9.2,27.4,24.5,2.39,0.491,Peddapalli,TS
2016-08-02,2.3,29.7,24.4,3.54,0.454,Peddapalli,TS
2016-08-03,4.7,28.0,24.8,3.05,0.467,Peddapalli,TS
2016-08-04,5.6,28.7,24.6,2.54,0.496,Peddapalli,TS
2016-08-05,1.2,29.6,25.1,3.33,0.483,Peddapalli,TS
2016-08-06,15.0,28.5,24.3,2.14,0.48,Peddapalli,TS
2016-08-07,0.0,30.6,25.1,4.56,0.472,Peddapalli,TS
2016-08-08,0.1,30.5,25.2,4.61,0.447,Peddapalli,TS
2016-08-09,0.0,29.2,25.3,3.34,0.431,Peddapalli,TS
2016-08-10,0.0,30.6,25.4,4.47,0.416,Peddapalli,TS
2016-08-11,0.0,30.3,25.7,4.59,0.399,Peddapalli,TS
2016-08-12,0.0,30.9,25.9,4.84,0.381,Peddapalli,TS
2016-08-13,0.1,31.0,26.3,4.93,0.365,Peddapalli,TS
2016-08-14,1.5,29.4,25.7,3.56,0.364,Peddapalli,TS
2016-08-15,0.0,30.0,26.0,4.48,0.362,Peddapalli,TS
2016-08-16,0.2,29.6,25.6,4.83,0.348,Peddapalli,TS
2016-08-17,0.0,29.9,24.9,4.66,0.334,Peddapalli,TS
2016-08-18,0.0,29.8,25.6,4.47,0.321,Peddapalli,TS
2016-08-19,0.0,30.9,25.1,5.14,0.308,Peddapalli,TS
2016-08-20,0.0,31.4,24.2,5.22,0.295,Peddapalli,TS
2016-08-21,0.0,32.0,24.0,5.1,0.284,Peddapalli,TS
2016-08-22,0.8,32.1,25.1,4.66,0.28,Peddapalli,TS
2016-08-23,0.1,32.0,26.1,4.69,0.273,Peddapalli,TS
2016-08-24,0.6,32.1,24.9,4.4,0.272,Peddapalli,TS
2016-08-25,5.9,30.0,25.8,3.37,0.327,Peddapalli,TS
2016-08-26,0.2,31.3,25.7,4.16,0.381,Peddapalli,TS
2016-08-27,3.2,31.2,25.1,3.75,0.403,Peddapalli,TS
2016-08-28,3.5,32.0,24.6,4.2,0.407,Peddapalli,TS
2016-08-29,11.2,31.3,24.4,3.82,0.471,Peddapalli,TS
2016-08-30,12.1,30.1,24.8,2.71,0.456,Peddapalli,TS
2016-08-31,18.5,28.6,24.5,2.03,0.483,Peddapalli,TS
2016-09-01,19.9,29.4,24.4,2.94,0.493,Peddapalli,TS
2016-09-02,7.1,30.4,24.3,3.5,0.493,Peddapalli,TS
2016-09-03,3.6,29.5,24.7,3.2,0.495,Peddapalli,TS
2016-09-04,5.3,29.1,24.2,2.65,0.499,Peddapalli,TS
2016-09-05,0.0,30.0,23.5,5.27,0.472,Peddapalli,TS
2016-09-06,0.0,29.7,23.3,5.17,0.444,Peddapalli,TS
2016-09-07,0.0,29.7,22.9,4.89,0.423,Peddapalli,TS
2016-09-08,0.0,30.0,23.1,4.67,0.407,Peddapalli,TS
2016-09-09,0.9,27.9,24.9,2.7,0.4,Peddapalli,TS
2016-09-10,19.6,28.9,24.2,2.28,0.476,Peddapalli,TS
2016-09-11,8.0,27.5,23.9,1.8,0.501,Peddapalli,TS
2016-09-12,25.9,28.1,23.8,1.9,0.488,Peddapalli,TS
2016-09-13,24.4,25.7,23.2,1.11,0.461,Peddapalli,TS
2016-09-14,12.2,27.9,23.5,1.64,0.47,Peddapalli,TS
2016-09-15,23.6,28.9,23.9,1.87,0.472,Peddapalli,TS
2016-09-16,7.4,30.1,23.6,3.33,0.477,Peddapalli,TS
2016-09-17,2.1,29.2,23.8,2.59,0.481,Peddapalli,TS
2016-09-18,6.7,29.8,23.8,3.77,0.476,Peddapalli,TS
2016-09-19,3.2,29.5,24.0,3.52,0.483,Peddapalli,TS
2016-09-20,5.2,30.0,24.6,3.42,0.473,Peddapalli,TS
2016-09-21,18.2,30.3,23.5,2.63,0.477,Peddapalli,TS
2016-09-22,27.0,29.5,23.8,2.4,0.48,Peddapalli,TS
2016-09-23,43.6,29.3,24.0,1.78,0.478,Peddapalli,TS
2016-09-24,8.4,26.1,23.9,1.09,0.489,Peddapalli,TS
2016-09-25,50.8,26.5,24.0,0.97,0.488,Peddapalli,TS
2016-09-26,77.5,26.2,23.9,0.83,0.489,Peddapalli,TS
2016-09-27,10.0,29.0,23.8,1.76,0.489,Peddapalli,TS
2016-09-28,2.5,31.0,23.7,3.52,0.492,Peddapalli,TS
2016-09-29,0.7,31.6,24.4,4.04,0.472,Peddapalli,TS
2016-09-30,9.9,29.4,24.4,2.66,0.471,Peddapalli,TS
2016-10-01,22.2,27.7,23.9,1.57,0.49,Peddapalli,TS
2016-10-02,2.4,29.8,23.2,3.03,0.491,Peddapalli,TS
2016-10-03,0.0,29.9,23.0,4.07,0.474,Peddapalli,TS
2016-10-04,0.0,30.8,22.6,4.43,0.448,Peddapalli,TS
2016-10-05,0.0,30.3,24.2,4.5,0.426,Peddapalli,TS
2016-10-06,1.6,29.8,24.0,3.5,0.437,Peddapalli,TS
2016-10-07,10.5,29.1,24.8,3.07,0.461,Peddapalli,TS
2016-10-08,14.8,28.4,24.1,2.44,0.475,Peddapalli,TS
2016-10-09,18.9,29.5,24.4,2.43,0.463,Peddapalli,TS
2016-10-10,0.2,31.5,23.9,4.32,0.439,Peddapalli,TS
2016-10-11,0.1,31.9,24.1,4.47,0.43,Peddapalli,TS
2016-10-12,0.0,31.2,22.9,4.52,0.414,Peddapalli,TS
2016-10-13,0.0,31.3,20.7,4.69,0.398,Peddapalli,TS
2016-10-14,0.0,30.9,19.1,4.7,0.382,Peddapalli,TS
2016-10-15,0.0,30.3,19.8,4.7,0.367,Peddapalli,TS
2016-10-16,0.0,30.1,20.8,4.17,0.354,Peddapalli,TS
2016-10-17,0.0,30.7,18.5,4.77,0.341,Peddapalli,TS
2016-10-18,0.0,30.6,18.4,4.79,0.328,Peddapalli,TS
2016-10-19,0.0,30.7,18.8,4.88,0.315,Peddapalli,TS
2016-10-20,0.0,30.8,18.4,4.65,0.303,Peddapalli,TS
2016-10-21,0.0,30.6,18.1,4.68,0.293,Peddapalli,TS
2016-10-22,0.0,30.5,18.2,4.53,0.284,Peddapalli,TS
2016-10-23,0.0,30.9,18.9,4.47,0.275,Peddapalli,TS
2016-10-24,0.0,30.4,20.3,3.93,0.267,Peddapalli,TS
2016-10-25,0.0,30.5,21.7,3.98,0.26,Peddapalli,TS
2016-10-26,0.0,31.1,21.3,4.89,0.252,Peddapalli,TS
2016-10-27,0.0,30.6,18.6,5.16,0.245,Peddapalli,TS
2016-10-28,0.0,30.3,18.3,4.68,0.238,Peddapalli,TS
2016-10-29,0.7,30.0,23.4,3.54,0.235,Peddapalli,TS
2016-10-30,0.4,30.1,21.9,3.33,0.243,Peddapalli,TS
2016-10-31,0.0,30.5,22.7,3.7,0.242,Peddapalli,TS
2016-11-01,0.0,30.5,22.1,4.86,0.236,Peddapalli,TS
2016-11-02,0.0,30.7,20.5,4.63,0.229,Peddapalli,TS
2016-11-03,0.0,31.6,21.3,4.64,0.224,Peddapalli,TS
2016-11-04,0.0,30.6,21.3,4.64,0.22,Peddapalli,TS
2016-11-05,0.1,29.5,22.2,4.0,0.22,Peddapalli,TS
2016-11-06,0.0,30.3,21.8,4.0,0.219,Peddapalli,TS
2016-11-07,0.0,30.6,17.0,5.3,0.216,Peddapalli,TS
2016-11-08,0.0,30.5,16.3,4.61,0.214,Peddapalli,TS
2016-11-09,0.0,29.9,16.9,4.4,0.213,Peddapalli,TS
2016-11-10,0.0,29.5,14.9,4.38,0.212,Peddapalli,TS
2016-11-11,0.0,29.9,14.9,4.36,0.211,Peddapalli,TS
2016-11-12,0.0,29.2,16.0,4.24,0.211,Peddapalli,TS
2016-11-13,0.0,29.4,18.1,3.8,0.211,Peddapalli,TS
2016-11-14,0.0,30.2,19.9,3.59,0.211,Peddapalli,TS
2016-11-15,0.0,30.8,20.9,4.24,0.21,Peddapalli,TS
2016-11-16,0.0,30.6,20.3,4.52,0.21,Peddapalli,TS
2016-11-17,0.0,29.9,19.7,4.6,0.21,Peddapalli,TS
2016-11-18,0.0,29.5,18.5,4.83,0.21,Peddapalli,TS
2016-11-19,0.0,29.5,16.1,4.33,0.21,Peddapalli,TS
2016-11-20,0.0,29.7,15.7,4.17,0.21,Peddapalli,TS
2016-11-21,0.0,30.1,15.4,4.3,0.21,Peddapalli,TS
2016-11-22,0.0,30.0,15.5,4.27,0.21,Peddapalli,TS
2016-11-23,0.0,29.9,15.6,4.2,0.21,Peddapalli,TS
2016-11-24,0.0,29.6,15.9,4.17,0.21,Peddapalli,TS
2016-11-25,0.0,30.1,15.5,4.37,0.21,Peddapalli,TS
2016-11-26,0.0,30.4,15.4,4.14,0.21,Peddapalli,TS
2016-11-27,0.0,31.4,15.5,4.91,0.21,Peddapalli,TS
2016-11-28,0.0,31.0,15.8,4.75,0.21,Peddapalli,TS
2016-11-29,0.0,30.8,15.6,4.4,0.21,Peddapalli,TS
2016-11-30,0.0,29.7,16.0,4.06,0.21,Peddapalli,TS
2016-12-01,0.0,29.7,16.8,3.95,0.21,Peddapalli,TS
2016-12-02,0.0,29.8,18.1,3.91,0.21,Peddapalli,TS
2016-12-03,0.0,29.6,20.2,3.13,0.21,Peddapalli,TS
2016-12-04,0.0,30.3,22.0,3.37,0.211,Peddapalli,TS
2016-12-05,0.0,29.5,19.3,4.56,0.211,Peddapalli,TS
2016-12-06,0.0,28.7,17.6,4.16,0.211,Peddapalli,TS
2016-12-07,0.0,28.9,16.8,4.13,0.21,Peddapalli,TS
2016-12-08,0.0,28.5,15.4,4.18,0.21,Peddapalli,TS
2016-12-09,0.0,28.1,14.7,4.38,0.21,Peddapalli,TS
2016-12-10,0.0,28.0,14.9,4.39,0.21,Peddapalli,TS
2016-12-11,0.0,29.5,15.1,4.47,0.21,Peddapalli,TS
2016-12-12,0.0,30.4,18.1,4.69,0.21,Peddapalli,TS
2016-12-13,0.0,29.7,19.9,3.91,0.209,Peddapalli,TS
2016-12-14,0.1,28.2,21.8,2.7,0.213,Peddapalli,TS
2016-12-15,0.0,29.9,19.8,3.74,0.213,Peddapalli,TS
2016-12-16,0.0,29.7,20.3,4.11,0.211,Peddapalli,TS
2016-12-17,0.0,29.4,17.9,4.65,0.211,Peddapalli,TS
2016-12-18,0.0,28.4,15.4,4.49,0.21,Peddapalli,TS
2016-12-19,0.0,28.1,14.4,4.26,0.21,Peddapalli,TS
2016-12-20,0.0,28.1,14.0,4.05,0.21,Peddapalli,TS
2016-12-21,0.0,28.8,13.0,4.12,0.21,Peddapalli,TS
2016-12-22,0.0,29.4,13.5,4.37,0.21,Peddapalli,TS
2016-12-23,0.0,28.7,13.6,4.52,0.21,Peddapalli,TS
2016-12-24,0.0,28.5,14.8,4.01,0.209,Peddapalli,TS
2016-12-25,0.0,28.7,14.0,4.05,0.209,Peddapalli,TS
2016-12-26,0.0,28.7,14.1,4.13,0.209,Peddapalli,TS
2016-12-27,0.0,27.6,13.8,4.53,0.209,Peddapalli,TS
2016-12-28,0.0,27.7,13.9,4.01,0.209,Peddapalli,TS
2016-12-29,0.0,28.4,14.4,3.72,0.209,Peddapalli,TS
2016-12-30,0.0,29.0,14.6,3.81,0.209,Peddapalli,TS
2016-12-31,0.0,28.7,15.6,3.92,0.209,Peddapalli,TS
2017-01-01,0.0,29.2,17.9,3.99,0.213,Peddapalli,TS
2017-01-02,0.0,29.6,17.0,3.95,0.215,Peddapalli,TS
2017-01-03,0.0,27.9,18.2,4.35,0.213,Peddapalli,TS
2017-01-04,0.0,27.0,15.6,4.08,0.215,Peddapalli,TS
2017-01-05,0.0,27.5,15.4,4.27,0.216,Peddapalli,TS
2017-01-06,0.0,28.3,16.7,4.18,0.212,Peddapalli,TS
2017-01-07,0.0,29.0,16.2,4.19,0.209,Peddapalli,TS
2017-01-08,0.0,28.9,18.1,3.98,0.21,Peddapalli,TS
2017-01-09,0.0,29.0,19.6,4.14,0.212,Peddapalli,TS
2017-01-10,0.0,29.3,18.7,4.62,0.213,Peddapalli,TS
2017-01-11,0.0,26.9,17.5,4.19,0.212,Peddapalli,TS
2017-01-12,0.0,26.1,15.7,4.27,0.209,Peddapalli,TS
2017-01-13,0.0,26.7,14.5,4.24,0.211,Peddapalli,TS
2017-01-14,0.0,27.5,14.7,4.19,0.21,Peddapalli,TS
2017-01-15,0.0,28.4,15.5,4.38,0.209,Peddapalli,TS
2017-01-16,0.0,29.1,15.1,4.46,0.209,Peddapalli,TS
2017-01-17,0.0,29.3,15.4,4.4,0.208,Peddapalli,TS
2017-01-18,0.0,29.4,17.8,4.6,0.211,Peddapalli,TS
2017-01-19,0.0,28.9,17.2,4.39,0.212,Peddapalli,TS
2017-01-20,0.0,29.7,16.1,4.44,0.21,Peddapalli,TS
2017-01-21,0.0,29.9,17.3,4.11,0.208,Peddapalli,TS
2017-01-22,0.0,30.9,18.8,4.44,0.206,Peddapalli,TS
2017-01-23,0.0,30.8,19.1,4.63,0.206,Peddapalli,TS
2017-01-24,0.0,30.4,17.5,4.79,0.208,Peddapalli,TS
2017-01-25,0.0,30.1,17.2,4.59,0.209,Peddapalli,TS
2017-01-26,0.1,26.5,18.8,2.44,0.211,Peddapalli,TS
2017-01-27,0.0,30.2,19.4,4.14,0.209,Peddapalli,TS
2017-01-28,0.0,29.8,19.6,4.69,0.209,Peddapalli,TS
2017-01-29,0.0,29.8,17.7,5.07,0.209,Peddapalli,TS
2017-01-30,0.0,30.4,17.1,4.53,0.208,Peddapalli,TS
2017-01-31,0.0,31.5,15.0,4.84,0.207,Peddapalli,TS
2017-02-01,0.0,32.0,17.7,4.93,0.205,Peddapalli,TS
2017-02-02,0.0,31.4,18.8,4.68,0.205,Peddapalli,TS
2017-02-03,0.0,31.1,19.0,4.74,0.204,Peddapalli,TS
2017-02-04,0.0,31.2,18.1,5.06,0.205,Peddapalli,TS
2017-02-05,0.0,31.1,18.7,4.86,0.206,Peddapalli,TS
2017-02-06,0.0,32.2,18.7,5.02,0.204,Peddapalli,TS
2017-02-07,0.0,31.7,21.9,4.83,0.206,Peddapalli,TS
2017-02-08,0.0,32.2,19.1,5.0,0.207,Peddapalli,TS
2017-02-09,0.0,32.6,18.4,5.21,0.204,Peddapalli,TS
2017-02-10,0.0,32.5,19.6,5.42,0.204,Peddapalli,TS
2017-02-11,0.0,32.2,20.1,6.19,0.207,Peddapalli,TS
2017-02-12,0.0,30.2,19.6,4.99,0.211,Peddapalli,TS
2017-02-13,0.0,30.5,19.5,4.83,0.213,Peddapalli,TS
2017-02-14,0.0,31.5,19.9,4.99,0.21,Peddapalli,TS
2017-02-15,0.0,31.6,20.4,5.14,0.209,Peddapalli,TS
2017-02-16,0.0,31.6,19.2,5.02,0.21,Peddapalli,TS
2017-02-17,0.0,32.1,20.4,5.61,0.21,Peddapalli,TS
2017-02-18,0.0,32.6,21.0,5.6,0.207,Peddapalli,TS
2017-02-19,0.0,34.1,19.0,6.07,0.206,Peddapalli,TS
2017-02-20,0.0,35.3,19.6,5.95,0.207,Peddapalli,TS
2017-02-21,0.0,35.4,20.7,5.77,0.208,Peddapalli,TS
2017-02-22,0.0,35.4,22.1,5.58,0.206,Peddapalli,TS
2017-02-23,0.0,35.2,20.9,5.57,0.206,Peddapalli,TS
2017-02-24,0.0,34.4,21.5,6.42,0.207,Peddapalli,TS
2017-02-25,0.0,32.8,20.3,6.41,0.208,Peddapalli,TS
2017-02-26,0.0,33.9,18.1,6.55,0.208,Peddapalli,TS
2017-02-27,0.0,33.7,19.0,5.74,0.208,Peddapalli,TS
2017-02-28,0.0,34.8,19.2,6.2,0.208,Peddapalli,TS
2017-03-01,0.0,34.1,19.1,6.06,0.208,Peddapalli,TS
2017-03-02,0.0,34.9,21.1,6.75,0.208,Peddapalli,TS
2017-03-03,0.0,35.2,20.7,7.21,0.21,Peddapalli,TS
2017-03-04,0.0,35.3,21.2,7.13,0.209,Peddapalli,TS
2017-03-05,0.0,34.3,22.7,5.63,0.209,Peddapalli,TS
2017-03-06,0.1,33.4,24.5,5.25,0.21,Peddapalli,TS
2017-03-07,3.5,33.0,23.5,4.68,0.227,Peddapalli,TS
2017-03-08,0.2,35.3,23.9,6.09,0.237,Peddapalli,TS
2017-03-09,0.0,33.5,23.0,5.1,0.226,Peddapalli,TS
2017-03-10,2.0,34.5,23.4,5.49,0.231,Peddapalli,TS
2017-03-11,0.0,32.4,19.7,6.53,0.229,Peddapalli,TS
2017-03-12,0.0,31.7,20.2,6.16,0.221,Peddapalli,TS
2017-03-13,0.0,33.3,18.4,6.15,0.214,Peddapalli,TS
2017-03-14,0.0,32.3,21.9,5.0,0.212,Peddapalli,TS
2017-03-15,0.7,33.0,23.1,5.03,0.22,Peddapalli,TS
2017-03-16,2.6,32.8,23.8,4.9,0.228,Peddapalli,TS
2017-03-17,0.0,33.5,22.2,4.94,0.251,Peddapalli,TS
2017-03-18,0.0,34.8,20.8,5.99,0.246,Peddapalli,TS
2017-03-19,0.0,35.2,21.5,6.34,0.231,Peddapalli,TS
2017-03-20,0.0,34.1,23.5,6.72,0.219,Peddapalli,TS
2017-03-21,0.0,34.8,22.0,6.42,0.214,Peddapalli,TS
2017-03-22,0.0,35.3,20.2,6.31,0.208,Peddapalli,TS
2017-03-23,0.0,36.6,21.7,6.45,0.205,Peddapalli,TS
2017-03-24,0.0,37.4,23.7,6.22,0.205,Peddapalli,TS
2017-03-25,0.0,38.0,24.6,6.74,0.206,Peddapalli,TS
2017-03-26,0.0,37.8,24.0,6.57,0.205,Peddapalli,TS
2017-03-27,0.0,37.6,24.4,6.66,0.202,Peddapalli,TS
2017-03-28,0.0,38.5,25.0,6.85,0.197,Peddapalli,TS
2017-03-29,0.0,38.5,25.3,6.85,0.198,Peddapalli,TS
2017-03-30,0.0,38.5,26.0,6.97,0.2,Peddapalli,TS
2017-03-31,0.0,39.3,25.8,7.0,0.202,Peddapalli,TS
2017-04-01,0.9,39.1,26.2,6.62,0.208,Peddapalli,TS
2017-04-02,1.8,38.1,27.1,6.51,0.217,Peddapalli,TS
2017-04-03,0.1,37.4,26.1,7.14,0.208,Peddapalli,TS
2017-04-04,0.4,37.6,25.7,6.94,0.208,Peddapalli,TS
2017-04-05,0.0,36.2,26.9,6.41,0.21,Peddapalli,TS
2017-04-06,0.0,38.1,26.3,6.9,0.211,Peddapalli,TS
2017-04-07,0.0,37.9,27.5,6.67,0.209,Peddapalli,TS
2017-04-08,0.0,38.4,26.0,6.5,0.208,Peddapalli,TS
2017-04-09,0.0,39.1,26.2,6.37,0.202,Peddapalli,TS
2017-04-10,0.0,39.2,25.7,7.13,0.201,Peddapalli,TS
2017-04-11,0.0,38.7,24.9,7.94,0.204,Peddapalli,TS
2017-04-12,0.0,38.7,20.6,7.19,0.204,Peddapalli,TS
2017-04-13,0.0,39.7,22.3,7.26,0.204,Peddapalli,TS
2017-04-14,0.0,39.1,24.6,7.51,0.202,Peddapalli,TS
2017-04-15,0.0,40.2,24.7,7.79,0.202,Peddapalli,TS
2017-04-16,0.0,41.2,25.8,7.59,0.203,Peddapalli,TS
2017-04-17,0.0,41.2,24.8,7.69,0.203,Peddapalli,TS
2017-04-18,0.0,40.5,25.7,8.06,0.199,Peddapalli,TS
2017-04-19,0.0,40.1,27.1,7.19,0.195,Peddapalli,TS
2017-04-20,0.0,40.1,27.2,7.45,0.195,Peddapalli,TS
2017-04-21,0.0,39.6,27.2,7.27,0.196,Peddapalli,TS
2017-04-22,0.0,40.9,27.3,8.36,0.195,Peddapalli,TS
2017-04-23,0.0,39.8,27.5,7.75,0.196,Peddapalli,TS
2017-04-24,0.0,40.1,28.8,8.85,0.197,Peddapalli,TS
2017-04-25,0.0,40.2,28.9,8.87,0.196,Peddapalli,TS
2017-04-26,0.0,40.5,27.4,7.39,0.196,Peddapalli,TS
2017-04-27,0.0,40.0,27.4,7.16,0.194,Peddapalli,TS
2017-04-28,0.0,39.5,27.4,7.51,0.192,Peddapalli,TS
2017-04-29,0.1,39.6,27.3,7.52,0.195,Peddapalli,TS
2017-04-30,0.0,39.5,26.3,7.09,0.194,Peddapalli,TS
2017-05-01,0.1,38.3,26.2,6.73,0.201,Peddapalli,TS
2017-05-02,0.0,37.5,25.6,6.84,0.216,Peddapalli,TS
2017-05-03,0.1,38.1,27.2,7.42,0.212,Peddapalli,TS
2017-05-04,0.0,39.4,27.3,7.01,0.209,Peddapalli,TS
2017-05-05,0.0,40.0,28.4,7.21,0.203,Peddapalli,TS
2017-05-06,0.3,40.2,28.9,7.87,0.202,Peddapalli,TS
2017-05-07,0.2,39.3,27.7,7.62,0.205,Peddapalli,TS
2017-05-08,0.0,38.9,28.3,6.81,0.211,Peddapalli,TS
2017-05-09,0.0,39.7,28.1,7.57,0.203,Peddapalli,TS
2017-05-10,0.2,36.9,27.0,6.74,0.21,Peddapalli,TS
2017-05-11,4.5,36.0,27.5,6.68,0.246,Peddapalli,TS
2017-05-12,0.4,37.2,28.1,6.35,0.268,Peddapalli,TS
2017-05-13,0.0,39.3,29.1,6.61,0.252,Peddapalli,TS
2017-05-14,0.0,41.5,29.9,7.34,0.231,Peddapalli,TS
2017-05-15,0.0,42.9,30.2,8.62,0.217,Peddapalli,TS
2017-05-16,0.0,43.0,32.5,9.21,0.21,Peddapalli,TS
2017-05-17,0.0,41.8,32.1,9.1,0.208,Peddapalli,TS
2017-05-18,0.0,42.7,31.3,9.28,0.208,Peddapalli,TS
2017-05-19,0.0,42.5,31.1,9.0,0.204,Peddapalli,TS
2017-05-20,0.0,43.1,30.3,9.02,0.2,Peddapalli,TS
2017-05-21,0.0,42.2,29.0,7.76,0.198,Peddapalli,TS
2017-05-22,0.0,41.9,29.1,8.24,0.205,Peddapalli,TS
2017-05-23,0.0,42.9,30.0,8.42,0.202,Peddapalli,TS
2017-05-24,0.0,41.2,30.5,7.92,0.199,Peddapalli,TS
2017-05-25,0.0,41.4,31.4,7.94,0.197,Peddapalli,TS
2017-05-26,0.0,43.3,31.3,7.88,0.196,Peddapalli,TS
2017-05-27,0.6,42.0,30.5,7.51,0.206,Peddapalli,TS
2017-05-28,0.2,41.1,26.6,7.02,0.225,Peddapalli,TS
2017-05-29,1.0,39.6,28.4,8.02,0.226,Peddapalli,TS
2017-05-30,0.2,39.1,31.0,9.16,0.219,Peddapalli,TS
2017-05-31,0.0,38.9,30.8,7.93,0.213,Peddapalli,TS
2017-06-01,0.0,39.1,30.7,7.66,0.204,Peddapalli,TS
2017-06-02,0.6,39.7,30.8,7.21,0.202,Peddapalli,TS
2017-06-03,1.3,40.3,30.0,7.58,0.199,Peddapalli,TS
2017-06-04,8.8,39.6,27.0,6.83,0.278,Peddapalli,TS
2017-06-05,11.0,40.1,27.1,7.11,0.277,Peddapalli,TS
2017-06-06,2.5,36.3,26.7,5.46,0.427,Peddapalli,TS
2017-06-07,4.3,33.0,25.8,4.78,0.443,Peddapalli,TS
2017-06-08,4.4,33.4,25.4,5.44,0.434,Peddapalli,TS
2017-06-09,5.2,35.0,25.6,5.58,0.415,Peddapalli,TS
2017-06-10,3.5,33.3,25.5,5.12,0.443,Peddapalli,TS
2017-06-11,4.5,33.6,26.2,4.97,0.451,Peddapalli,TS
2017-06-12,32.6,31.7,26.1,3.38,0.482,Peddapalli,TS
2017-06-13,12.1,30.8,25.1,3.28,0.508,Peddapalli,TS
2017-06-14,11.5,31.3,24.9,2.7,0.502,Peddapalli,TS
2017-06-15,14.4,33.4,25.9,4.3,0.489,Peddapalli,TS
2017-06-16,9.0,29.7,25.1,2.32,0.498,Peddapalli,TS
2017-06-17,3.6,32.1,25.6,4.37,0.471,Peddapalli,TS
2017-06-18,9.3,31.7,26.9,4.54,0.471,Peddapalli,TS
2017-06-19,9.5,32.5,26.3,4.42,0.476,Peddapalli,TS
2017-06-20,3.8,32.5,27.0,4.5,0.453,Peddapalli,TS
2017-06-21,0.6,33.2,27.1,5.42,0.418,Peddapalli,TS
2017-06-22,2.0,33.6,27.5,6.05,0.401,Peddapalli,TS
2017-06-23,2.0,32.7,25.9,4.84,0.406,Peddapalli,TS
2017-06-24,2.3,32.8,25.4,4.47,0.443,Peddapalli,TS
2017-06-25,6.7,32.3,26.3,4.21,0.441,Peddapalli,TS
2017-06-26,6.7,30.2,25.3,2.32,0.494,Peddapalli,TS
2017-06-27,10.2,29.9,24.9,2.55,0.5,Peddapalli,TS
2017-06-28,2.6,28.8,25.0,2.12,0.495,Peddapalli,TS
2017-06-29,6.4,31.1,25.7,4.31,0.48,Peddapalli,TS
2017-06-30,3.6,31.2,26.7,4.2,0.459,Peddapalli,TS
2017-07-01,13.1,30.6,25.8,3.36,0.469,Peddapalli,TS
2017-07-02,21.3,29.2,25.1,1.9,0.507,Peddapalli,TS
2017-07-03,2.9,30.1,25.0,2.91,0.488,Peddapalli,TS
2017-07-04,0.0,31.5,25.9,4.79,0.456,Peddapalli,TS
2017-07-05,0.0,30.7,26.3,4.24,0.429,Peddapalli,TS
2017-07-06,1.9,31.0,25.4,4.02,0.422,Peddapalli,TS
2017-07-07,0.2,32.3,26.6,5.43,0.407,Peddapalli,TS
2017-07-08,0.5,32.9,25.7,5.34,0.386,Peddapalli,TS
2017-07-09,0.3,32.2,26.7,3.96,0.367,Peddapalli,TS
2017-07-10,2.8,31.7,26.5,4.2,0.367,Peddapalli,TS
2017-07-11,2.3,31.6,24.8,3.1,0.424,Peddapalli,TS
2017-07-12,0.8,31.1,24.7,4.26,0.417,Peddapalli,TS
2017-07-13,10.6,28.1,24.4,2.2,0.468,Peddapalli,TS
2017-07-14,6.6,29.2,24.6,2.88,0.467,Peddapalli,TS
2017-07-15,9.6,29.8,24.3,3.22,0.483,Peddapalli,TS
2017-07-16,11.8,27.1,24.8,1.69,0.487,Peddapalli,TS
2017-07-17,13.0,25.9,24.3,1.77,0.507,Peddapalli,TS
2017-07-18,27.2,27.6,24.2,2.18,0.511,Peddapalli,TS
2017-07-19,11.2,29.1,24.2,3.11,0.506,Peddapalli,TS
2017-07-20,3.7,31.3,24.7,4.18,0.489,Peddapalli,TS
2017-07-21,0.0,31.6,26.0,4.62,0.462,Peddapalli,TS
2017-07-22,0.2,32.4,26.2,5.61,0.439,Peddapalli,TS
2017-07-23,0.0,31.6,26.2,5.48,0.417,Peddapalli,TS
2017-07-24,1.3,31.9,25.5,4.87,0.403,Peddapalli,TS
2017-07-25,0.0,31.9,25.3,4.88,0.392,Peddapalli,TS
2017-07-26,0.4,31.6,26.0,5.08,0.376,Peddapalli,TS
2017-07-27,2.3,30.6,26.0,4.44,0.359,Peddapalli,TS
2017-07-28,2.4,30.8,26.4,3.9,0.357,Peddapalli,TS
2017-07-29,0.4,31.5,25.8,4.52,0.356,Peddapalli,TS
2017-07-30,0.2,31.5,26.1,4.55,0.356,Peddapalli,TS
2017-07-31,0.0,32.2,26.1,5.35,0.335,Peddapalli,TS
2017-08-01,0.1,32.7,26.2,5.4,0.312,Peddapalli,TS
2017-08-02,4.8,31.4,25.5,3.87,0.324,Peddapalli,TS
2017-08-03,0.2,32.3,26.8,5.72,0.311,Peddapalli,TS
2017-08-04,3.3,31.0,25.6,4.02,0.318,Peddapalli,TS
2017-08-05,6.3,29.4,24.8,2.59,0.345,Peddapalli,TS
2017-08-06,4.0,29.1,25.4,3.11,0.396,Peddapalli,TS
2017-08-07,0.4,31.1,24.5,3.91,0.387,Peddapalli,TS
2017-08-08,13.3,30.4,25.1,3.06,0.446,Peddapalli,TS
2017-08-09,10.0,27.8,24.9,1.96,0.481,Peddapalli,TS
2017-08-10,3.0,31.4,24.1,4.22,0.47,Peddapalli,TS
2017-08-11,1.3,30.2,24.7,3.43,0.46,Peddapalli,TS
2017-08-12,25.3,28.9,24.4,1.55,0.494,Peddapalli,TS
2017-08-13,1.8,30.9,25.5,2.99,0.471,Peddapalli,TS
2017-08-14,8.7,27.1,24.4,1.72,0.499,Peddapalli,TS
2017-08-15,13.7,30.2,24.1,3.57,0.498,Peddapalli,TS
2017-08-16,1.6,31.4,24.8,3.85,0.483,Peddapalli,TS
2017-08-17,1.0,30.0,25.3,3.05,0.475,Peddapalli,TS
2017-08-18,16.5,27.7,24.8,2.1,0.503,Peddapalli,TS
2017-08-19,99.9,26.1,24.1,1.4,0.51,Peddapalli,TS
2017-08-20,8.9,28.6,23.3,3.43,0.489,Peddapalli,TS
2017-08-21,0.4,30.4,23.2,4.19,0.475,Peddapalli,TS
2017-08-22,2.4,30.7,23.8,4.04,0.471,Peddapalli,TS
2017-08-23,7.2,30.2,24.6,3.37,0.485,Peddapalli,TS
2017-08-24,5.5,29.6,25.4,3.43,0.495,Peddapalli,TS
2017-08-25,6.4,29.1,24.7,3.13,0.5,Peddapalli,TS
2017-08-26,5.5,29.9,24.4,2.94,0.499,Peddapalli,TS
2017-08-27,13.3,29.3,25.1,2.62,0.498,Peddapalli,TS
2017-08-28,14.8,28.9,24.5,2.38,0.508,Peddapalli,TS
2017-08-29,2.9,29.5,24.2,2.39,0.501,Peddapalli,TS
2017-08-30,0.5,31.7,24.3,4.79,0.477,Peddapalli,TS
2017-08-31,0.2,31.8,25.9,5.1,0.453,Peddapalli,TS
2017-09-01,0.0,31.7,25.1,4.61,0.431,Peddapalli,TS
2017-09-02,0.1,32.1,23.9,4.81,0.41,Peddapalli,TS
2017-09-03,5.2,31.7,24.6,4.26,0.399,Peddapalli,TS
2017-09-04,5.5,31.0,24.9,3.92,0.406,Peddapalli,TS
2017-09-05,2.8,30.6,25.2,3.59,0.416,Peddapalli,TS
2017-09-06,5.5,31.6,25.7,4.07,0.453,Peddapalli,TS
2017-09-07,16.1,31.0,24.4,3.8,0.488,Peddapalli,TS
2017-09-08,2.8,30.7,24.2,4.08,0.48,Peddapalli,TS
2017-09-09,0.3,31.7,24.9,4.53,0.451,Peddapalli,TS
2017-09-10,0.9,31.8,25.4,4.49,0.431,Peddapalli,TS
2017-09-11,4.9,31.7,25.9,4.38,0.428,Peddapalli,TS
2017-09-12,0.3,31.9,25.3,4.47,0.434,Peddapalli,TS
2017-09-13,2.3,31.6,25.4,4.07,0.417,Peddapalli,TS
2017-09-14,1.2,30.4,25.0,3.08,0.417,Peddapalli,TS
2017-09-15,12.1,30.4,24.6,3.57,0.454,Peddapalli,TS
2017-09-16,3.1,30.7,24.4,3.78,0.452,Peddapalli,TS
2017-09-17,6.3,31.0,25.2,3.64,0.468,Peddapalli,TS
2017-09-18,4.9,29.5,24.9,3.43,0.476,Peddapalli,TS
2017-09-19,0.1,31.4,24.9,4.44,0.461,Peddapalli,TS
2017-09-20,0.9,29.5,25.2,3.47,0.443,Peddapalli,TS
2017-09-21,1.1,28.6,24.5,3.11,0.43,Peddapalli,TS
2017-09-22,0.7,30.2,23.8,3.83,0.45,Peddapalli,TS
2017-09-23,0.3,30.9,23.5,4.19,0.432,Peddapalli,TS
2017-09-24,0.6,31.9,24.3,4.3,0.414,Peddapalli,TS
2017-09-25,6.2,31.2,25.5,3.85,0.41,Peddapalli,TS
2017-09-26,0.4,32.0,24.9,4.53,0.385,Peddapalli,TS
2017-09-27,0.5,32.2,24.9,4.0,0.364,Peddapalli,TS
2017-09-28,8.7,31.0,25.1,3.37,0.407,Peddapalli,TS
2017-09-29,12.1,30.4,24.1,3.11,0.483,Peddapalli,TS
2017-09-30,2.8,32.3,24.3,3.94,0.47,Peddapalli,TS
2017-10-01,3.8,31.9,24.8,3.96,0.462,Peddapalli,TS
2017-10-02,8.9,30.7,24.5,3.61,0.443,Peddapalli,TS
2017-10-03,1.8,30.7,24.8,3.31,0.435,Peddapalli,TS
2017-10-04,7.2,30.9,24.1,3.21,0.45,Peddapalli,TS
2017-10-05,8.6,28.9,24.7,2.78,0.463,Peddapalli,TS
2017-10-06,14.3,30.1,23.8,3.23,0.486,Peddapalli,TS
2017-10-07,29.4,28.5,24.5,2.44,0.489,Peddapalli,TS
2017-10-08,19.4,28.5,23.8,2.1,0.5,Peddapalli,TS
2017-10-09,10.1,29.4,24.1,2.55,0.499,Peddapalli,TS
2017-10-10,3.1,30.0,23.5,3.18,0.497,Peddapalli,TS
2017-10-11,2.0,29.6,23.3,3.04,0.484,Peddapalli,TS
2017-10-12,1.2,31.0,23.6,3.82,0.474,Peddapalli,TS
2017-10-13,2.9,30.8,24.0,3.19,0.478,Peddapalli,TS
2017-10-14,1.3,31.2,24.5,3.63,0.48,Peddapalli,TS
2017-10-15,6.2,30.6,24.6,3.32,0.483,Peddapalli,TS
2017-10-16,0.5,32.3,24.9,4.35,0.46,Peddapalli,TS
2017-10-17,0.0,33.1,23.1,4.88,0.436,Peddapalli,TS
2017-10-18,0.0,32.0,22.0,5.21,0.41,Peddapalli,TS
2017-10-19,0.0,31.1,21.8,4.45,0.392,Peddapalli,TS
2017-10-20,2.5,27.9,24.2,2.24,0.389,Peddapalli,TS
2017-10-21,1.3,30.7,24.1,3.79,0.376,Peddapalli,TS
2017-10-22,10.1,30.7,23.7,3.51,0.383,Peddapalli,TS
2017-10-23,0.5,30.7,23.5,3.62,0.364,Peddapalli,TS
2017-10-24,0.0,31.7,22.7,4.46,0.349,Peddapalli,TS
2017-10-25,0.0,31.1,21.9,4.45,0.329,Peddapalli,TS
2017-10-26,0.0,30.4,21.8,3.91,0.312,Peddapalli,TS
2017-10-27,0.1,30.4,22.8,3.85,0.3,Peddapalli,TS
2017-10-28,0.0,30.7,21.1,4.29,0.289,Peddapalli,TS
2017-10-29,0.0,30.2,21.1,4.11,0.276,Peddapalli,TS
2017-10-30,0.0,30.6,20.3,4.7,0.264,Peddapalli,TS
2017-10-31,0.0,30.4,19.3,4.45,0.251,Peddapalli,TS
2017-11-01,0.0,30.2,18.2,4.85,0.242,Peddapalli,TS
2017-11-02,0.0,29.6,19.6,4.73,0.232,Peddapalli,TS
2017-11-03,0.0,29.3,21.0,4.56,0.222,Peddapalli,TS
2017-11-04,0.0,29.4,20.0,4.93,0.212,Peddapalli,TS
2017-11-05,0.0,30.7,20.1,4.94,0.203,Peddapalli,TS
2017-11-06,0.0,30.7,19.8,4.82,0.196,Peddapalli,TS
2017-11-07,0.0,30.9,19.5,4.63,0.196,Peddapalli,TS
2017-11-08,0.0,30.5,20.3,4.4,0.197,Peddapalli,TS
2017-11-09,0.0,30.3,20.0,4.8,0.198,Peddapalli,TS
2017-11-10,0.0,30.1,19.7,4.88,0.198,Peddapalli,TS
2017-11-11,0.0,29.6,19.2,4.92,0.199,Peddapalli,TS
2017-11-12,0.0,30.0,18.6,4.99,0.2,Peddapalli,TS
2017-11-13,0.0,30.4,20.3,4.86,0.202,Peddapalli,TS
2017-11-14,0.0,31.1,21.7,4.72,0.201,Peddapalli,TS
2017-11-15,0.0,31.7,23.5,4.93,0.201,Peddapalli,TS
2017-11-16,0.0,30.9,22.2,4.57,0.202,Peddapalli,TS
2017-11-17,0.1,30.3,22.3,3.82,0.203,Peddapalli,TS
2017-11-18,0.2,30.8,22.0,3.95,0.201,Peddapalli,TS
2017-11-19,0.0,31.3,22.8,3.72,0.197,Peddapalli,TS
2017-11-20,0.0,32.5,22.9,4.56,0.195,Peddapalli,TS
2017-11-21,0.1,32.2,24.0,3.95,0.196,Peddapalli,TS
2017-11-22,0.3,32.1,23.4,3.61,0.197,Peddapalli,TS
2017-11-23,0.1,31.6,23.1,3.76,0.199,Peddapalli,TS
2017-11-24,0.0,31.5,22.7,4.32,0.199,Peddapalli,TS
2017-11-25,0.0,30.9,20.2,4.57,0.199,Peddapalli,TS
2017-11-26,0.0,30.5,18.1,4.45,0.2,Peddapalli,TS
2017-11-27,0.0,30.3,18.1,4.61,0.202,Peddapalli,TS
2017-11-28,0.0,29.9,16.6,4.33,0.207,Peddapalli,TS
2017-11-29,0.0,29.5,16.3,4.02,0.211,Peddapalli,TS
2017-11-30,0.0,29.5,17.6,4.04,0.211,Peddapalli,TS
2017-12-01,0.0,29.1,17.4,4.14,0.209,Peddapalli,TS
2017-12-02,0.0,28.7,17.8,4.07,0.208,Peddapalli,TS
2017-12-03,0.0,28.1,17.0,3.85,0.208,Peddapalli,TS
2017-12-04,0.0,28.4,16.8,3.83,0.208,Peddapalli,TS
2017-12-05,0.0,29.2,18.3,3.74,0.206,Peddapalli,TS
2017-12-06,0.0,29.2,19.3,3.85,0.208,Peddapalli,TS
2017-12-07,0.0,30.4,19.4,4.08,0.205,Peddapalli,TS
2017-12-08,0.0,30.9,19.3,4.83,0.204,Peddapalli,TS
2017-12-09,0.0,30.3,20.0,4.81,0.204,Peddapalli,TS
2017-12-10,0.0,28.7,18.7,4.7,0.205,Peddapalli,TS
2017-12-11,0.0,29.0,15.5,4.01,0.204,Peddapalli,TS
2017-12-12,0.0,29.7,15.0,3.77,0.207,Peddapalli,TS
2017-12-13,0.0,30.7,16.7,4.08,0.209,Peddapalli,TS
2017-12-14,0.0,30.7,18.7,3.93,0.211,Peddapalli,TS
2017-12-15,0.0,30.0,18.8,3.81,0.213,Peddapalli,TS
2017-12-16,0.0,29.7,18.5,3.87,0.215,Peddapalli,TS
2017-12-17,0.0,29.3,16.7,4.18,0.216,Peddapalli,TS
2017-12-18,0.0,28.4,18.4,4.33,0.215,Peddapalli,TS
2017-12-19,0.0,27.7,16.5,4.56,0.213,Peddapalli,TS
2017-12-20,0.0,27.9,15.1,4.07,0.211,Peddapalli,TS
2017-12-21,0.0,28.0,16.1,3.8,0.211,Peddapalli,TS
2017-12-22,0.0,28.4,15.1,3.98,0.21,Peddapalli,TS
2017-12-23,0.0,28.3,16.5,3.82,0.21,Peddapalli,TS
2017-12-24,0.0,28.7,16.7,3.76,0.211,Peddapalli,TS
2017-12-25,0.0,29.1,16.5,3.63,0.21,Peddapalli,TS
2017-12-26,0.0,28.3,17.0,4.38,0.21,Peddapalli,TS
2017-12-27,0.0,27.3,14.0,4.11,0.212,Peddapalli,TS
2017-12-28,0.0,27.5,13.9,4.09,0.212,Peddapalli,TS
2017-12-29,0.0,27.5,15.2,3.63,0.211,Peddapalli,TS
2017-12-30,0.0,27.8,14.3,3.71,0.212,Peddapalli,TS
2017-12-31,0.0,27.9,14.1,3.73,0.209,Peddapalli,TS
2018-01-01,0.0,28.8,16.2,4.18,0.207,Peddapalli,TS
2018-01-02,0.0,28.3,16.3,4.06,0.211,Peddapalli,TS
2018-01-03,0.0,28.0,15.6,4.04,0.211,Peddapalli,TS
2018-01-04,0.0,27.5,16.5,4.1,0.212,Peddapalli,TS
2018-01-05,0.0,27.4,15.7,4.1,0.213,Peddapalli,TS
2018-01-06,0.0,27.7,15.6,4.2,0.21,Peddapalli,TS
2018-01-07,0.0,27.9,16.0,4.03,0.21,Peddapalli,TS
2018-01-08,0.0,27.6,16.0,4.21,0.211,Peddapalli,TS
2018-01-09,0.0,27.1,14.8,4.03,0.214,Peddapalli,TS
2018-01-10,0.0,28.0,17.1,4.09,0.219,Peddapalli,TS
2018-01-11,0.0,29.1,16.9,4.2,0.219,Peddapalli,TS
2018-01-12,0.0,30.1,17.5,4.3,0.215,Peddapalli,TS
2018-01-13,0.0,30.7,19.2,4.69,0.21,Peddapalli,TS
2018-01-14,0.0,30.5,18.1,4.15,0.21,Peddapalli,TS
2018-01-15,0.0,30.7,20.0,4.04,0.209,Peddapalli,TS
2018-01-16,0.0,29.7,18.1,4.17,0.206,Peddapalli,TS
2018-01-17,0.0,29.8,17.6,4.33,0.209,Peddapalli,TS
2018-01-18,0.0,28.9,16.4,4.22,0.21,Peddapalli,TS
2018-01-19,0.0,28.2,15.6,4.4,0.21,Peddapalli,TS
2018-01-20,0.0,28.1,15.2,4.16,0.21,Peddapalli,TS
2018-01-21,0.0,28.3,13.2,4.21,0.209,Peddapalli,TS
2018-01-22,0.0,28.1,15.0,4.23,0.207,Peddapalli,TS
2018-01-23,0.0,30.0,17.1,4.24,0.205,Peddapalli,TS
2018-01-24,0.0,30.0,19.6,4.31,0.208,Peddapalli,TS
2018-01-25,0.0,29.1,17.3,4.68,0.209,Peddapalli,TS
2018-01-26,0.0,28.4,15.1,4.75,0.211,Peddapalli,TS
2018-01-27,0.0,28.5,15.0,4.49,0.21,Peddapalli,TS
2018-01-28,0.0,29.2,15.6,4.47,0.207,Peddapalli,TS
2018-01-29,0.0,28.9,14.9,4.13,0.208,Peddapalli,TS
2018-01-30,0.0,29.8,15.3,4.83,0.206,Peddapalli,TS
2018-01-31,0.0,30.6,15.1,5.08,0.207,Peddapalli,TS
2018-02-01,0.0,30.9,15.2,5.4,0.21,Peddapalli,TS
2018-02-02,0.0,30.7,16.0,4.76,0.209,Peddapalli,TS
2018-02-03,0.0,31.4,16.6,5.26,0.209,Peddapalli,TS
2018-02-04,0.0,31.3,17.2,5.18,0.208,Peddapalli,TS
2018-02-05,0.0,30.6,17.4,4.81,0.21,Peddapalli,TS
2018-02-06,0.0,30.8,17.7,4.6,0.21,Peddapalli,TS
2018-02-07,0.0,30.1,18.4,3.17,0.211,Peddapalli,TS
2018-02-08,0.0,31.2,19.7,4.7,0.212,Peddapalli,TS
2018-02-09,0.0,32.6,20.8,5.07,0.208,Peddapalli,TS
2018-02-10,0.0,31.2,20.0,3.49,0.21,Peddapalli,TS
2018-02-11,0.0,30.8,21.0,4.65,0.214,Peddapalli,TS
2018-02-12,0.0,30.8,20.4,4.9,0.214,Peddapalli,TS
2018-02-13,0.0,30.8,20.7,4.37,0.208,Peddapalli,TS
2018-02-14,0.0,30.0,19.8,4.67,0.203,Peddapalli,TS
2018-02-15,0.0,30.1,19.6,5.05,0.201,Peddapalli,TS
2018-02-16,0.0,30.6,18.2,5.14,0.199,Peddapalli,TS
2018-02-17,0.0,31.9,17.5,5.48,0.196,Peddapalli,TS
2018-02-18,0.0,32.6,18.1,5.26,0.195,Peddapalli,TS
2018-02-19,0.0,33.5,20.4,5.66,0.196,Peddapalli,TS
2018-02-20,0.0,32.4,20.7,4.84,0.196,Peddapalli,TS
2018-02-21,0.0,33.0,20.8,5.15,0.198,Peddapalli,TS
2018-02-22,0.0,33.0,21.4,5.02,0.199,Peddapalli,TS
2018-02-23,0.0,33.9,20.6,5.81,0.197,Peddapalli,TS
2018-02-24,0.0,33.7,21.1,6.11,0.198,Peddapalli,TS
2018-02-25,0.0,34.3,20.7,5.67,0.198,Peddapalli,TS
2018-02-26,0.0,34.4,20.4,5.73,0.2,Peddapalli,TS
2018-02-27,0.0,35.1,20.9,5.84,0.206,Peddapalli,TS
2018-02-28,0.0,35.1,19.8,5.89,0.206,Peddapalli,TS
2018-03-01,0.0,35.5,20.4,5.96,0.201,Peddapalli,TS
2018-03-02,0.0,36.0,20.7,5.92,0.204,Peddapalli,TS
2018-03-03,0.0,36.3,21.1,6.43,0.209,Peddapalli,TS
2018-03-04,0.0,37.0,22.0,6.78,0.21,Peddapalli,TS
2018-03-05,0.0,36.9,23.4,7.62,0.208,Peddapalli,TS
2018-03-06,0.0,36.0,21.8,6.86,0.205,Peddapalli,TS
2018-03-07,0.0,35.4,22.7,6.46,0.202,Peddapalli,TS
2018-03-08,0.0,35.2,21.9,6.23,0.212,Peddapalli,TS
2018-03-09,0.0,34.8,21.2,6.07,0.21,Peddapalli,TS
2018-03-10,0.2,34.4,22.1,5.26,0.208,Peddapalli,TS
2018-03-11,0.0,35.1,23.9,5.79,0.209,Peddapalli,TS
2018-03-12,0.0,35.3,23.5,5.56,0.212,Peddapalli,TS
2018-03-13,0.0,35.8,23.5,6.39,0.209,Peddapalli,TS
2018-03-14,0.0,36.6,21.8,6.89,0.21,Peddapalli,TS
2018-03-15,0.4,35.1,26.1,5.2,0.209,Peddapalli,TS
2018-03-16,2.6,28.7,21.9,3.74,0.221,Peddapalli,TS
2018-03-17,0.3,30.2,20.5,3.96,0.274,Peddapalli,TS
2018-03-18,0.0,32.8,21.7,4.84,0.266,Peddapalli,TS
2018-03-19,0.0,34.3,22.1,5.25,0.25,Peddapalli,TS
2018-03-20,0.0,35.8,22.9,5.85,0.235,Peddapalli,TS
2018-03-21,0.0,36.6,24.7,5.51,0.221,Peddapalli,TS
2018-03-22,0.0,37.4,24.3,6.86,0.217,Peddapalli,TS
2018-03-23,0.0,36.7,22.5,6.41,0.209,Peddapalli,TS
2018-03-24,0.0,37.2,22.1,6.63,0.205,Peddapalli,TS
2018-03-25,0.0,37.0,23.2,6.26,0.204,Peddapalli,TS
2018-03-26,0.0,37.2,23.0,6.36,0.207,Peddapalli,TS
2018-03-27,0.0,37.5,23.4,6.4,0.205,Peddapalli,TS
2018-03-28,0.0,39.3,24.9,7.05,0.204,Peddapalli,TS
2018-03-29,0.0,38.3,25.9,6.64,0.202,Peddapalli,TS
2018-03-30,1.3,38.2,25.8,6.46,0.206,Peddapalli,TS
2018-03-31,0.9,38.3,26.0,6.66,0.211,Peddapalli,TS
2018-04-01,0.6,36.9,25.1,5.93,0.221,Peddapalli,TS
2018-04-02,0.0,36.4,23.9,6.5,0.213,Peddapalli,TS
2018-04-03,2.1,36.8,25.0,5.65,0.219,Peddapalli,TS
2018-04-04,0.1,35.8,24.8,5.99,0.233,Peddapalli,TS
2018-04-05,0.9,36.1,24.7,5.82,0.246,Peddapalli,TS
2018-04-06,2.3,36.0,24.6,5.93,0.251,Peddapalli,TS
2018-04-07,1.9,35.5,24.6,5.59,0.272,Peddapalli,TS
2018-04-08,0.8,34.5,23.8,4.77,0.267,Peddapalli,TS
2018-04-09,0.4,34.1,23.4,5.53,0.252,Peddapalli,TS
2018-04-10,0.8,34.4,24.2,5.72,0.239,Peddapalli,TS
2018-04-11,0.0,35.7,23.8,6.08,0.228,Peddapalli,TS
2018-04-12,0.1,36.5,24.6,6.08,0.22,Peddapalli,TS
2018-04-13,0.5,36.5,25.1,6.35,0.217,Peddapalli,TS
2018-04-14,0.5,36.6,25.8,6.1,0.217,Peddapalli,TS
2018-04-15,2.2,34.7,26.8,5.74,0.224,Peddapalli,TS
2018-04-16,0.0,37.8,25.8,6.08,0.218,Peddapalli,TS
2018-04-17,0.0,39.5,28.1,7.22,0.209,Peddapalli,TS
2018-04-18,0.2,40.9,27.4,6.91,0.2,Peddapalli,TS
2018-04-19,0.0,40.6,27.9,7.19,0.197,Peddapalli,TS
2018-04-20,0.0,41.4,28.2,8.0,0.196,Peddapalli,TS
2018-04-21,0.2,39.0,27.7,6.6,0.194,Peddapalli,TS
2018-04-22,2.4,39.2,28.1,6.73,0.198,Peddapalli,TS
2018-04-23,0.0,39.3,27.6,6.83,0.192,Peddapalli,TS
2018-04-24,1.6,39.4,28.8,7.61,0.194,Peddapalli,TS
2018-04-25,0.0,39.3,26.2,6.9,0.188,Peddapalli,TS
2018-04-26,1.5,38.8,27.5,6.8,0.193,Peddapalli,TS
2018-04-27,0.2,38.6,26.9,7.5,0.191,Peddapalli,TS
2018-04-28,0.0,39.8,26.4,8.18,0.191,Peddapalli,TS
2018-04-29,0.0,40.3,27.7,8.07,0.192,Peddapalli,TS
2018-04-30,0.0,42.6,28.2,8.2,0.191,Peddapalli,TS
2018-05-01,0.3,41.0,28.4,7.71,0.192,Peddapalli,TS
2018-05-02,0.0,40.2,27.6,7.06,0.194,Peddapalli,TS
2018-05-03,2.4,37.3,26.0,6.1,0.248,Peddapalli,TS
2018-05-04,0.0,36.3,25.5,6.42,0.339,Peddapalli,TS
2018-05-05,0.0,38.3,26.9,6.59,0.301,Peddapalli,TS
2018-05-06,0.0,39.0,27.6,7.38,0.269,Peddapalli,TS
2018-05-07,0.0,39.9,28.2,6.69,0.243,Peddapalli,TS
2018-05-08,0.0,40.2,28.7,7.36,0.222,Peddapalli,TS
2018-05-09,3.1,39.9,28.9,7.79,0.213,Peddapalli,TS
2018-05-10,6.4,39.5,28.6,6.94,0.219,Peddapalli,TS
2018-05-11,0.0,40.7,28.5,7.26,0.217,Peddapalli,TS
2018-05-12,0.8,40.5,28.4,7.59,0.211,Peddapalli,TS
2018-05-13,1.2,39.3,28.4,7.16,0.211,Peddapalli,TS
2018-05-14,0.2,38.8,27.7,7.4,0.209,Peddapalli,TS
2018-05-15,0.2,38.8,27.0,6.98,0.21,Peddapalli,TS
2018-05-16,0.2,39.3,27.6,7.0,0.205,Peddapalli,TS
2018-05-17,0.0,40.0,28.5,7.39,0.201,Peddapalli,TS
2018-05-18,0.0,40.1,29.0,7.33,0.199,Peddapalli,TS
2018-05-19,0.0,41.4,28.4,7.97,0.195,Peddapalli,TS
2018-05-20,0.1,42.1,29.7,8.21,0.192,Peddapalli,TS
2018-05-21,0.0,39.7,29.0,7.67,0.19,Peddapalli,TS
2018-05-22,0.3,40.4,29.6,7.23,0.188,Peddapalli,TS
2018-05-23,3.4,39.2,29.3,6.9,0.196,Peddapalli,TS
2018-05-24,0.1,40.0,29.2,6.92,0.195,Peddapalli,TS
2018-05-25,0.0,41.9,29.8,8.46,0.193,Peddapalli,TS
2018-05-26,0.5,40.1,29.3,7.84,0.198,Peddapalli,TS
2018-05-27,0.1,40.0,29.0,7.07,0.21,Peddapalli,TS
2018-05-28,0.1,40.8,29.7,8.0,0.216,Peddapalli,TS
2018-05-29,0.0,42.9,30.1,7.91,0.209,Peddapalli,TS
2018-05-30,0.0,42.4,31.0,7.33,0.206,Peddapalli,TS
2018-05-31,3.5,41.4,30.9,6.74,0.213,Peddapalli,TS
2018-06-01,11.0,37.4,28.6,5.52,0.251,Peddapalli,TS
2018-06-02,3.1,37.4,29.0,5.61,0.255,Peddapalli,TS
2018-06-03,0.1,38.7,27.9,6.69,0.251,Peddapalli,TS
2018-06-04,0.0,39.2,27.2,6.99,0.235,Peddapalli,TS
2018-06-05,0.0,38.4,27.9,6.77,0.22,Peddapalli,TS
2018-06-06,0.4,37.5,29.3,5.73,0.218,Peddapalli,TS
2018-06-07,14.5,34.0,26.0,4.9,0.344,Peddapalli,TS
2018-06-08,24.9,32.1,25.4,3.11,0.479,Peddapalli,TS
2018-06-09,6.2,30.6,25.7,3.88,0.459,Peddapalli,TS
2018-06-10,7.0,31.5,25.7,3.5,0.474,Peddapalli,TS
2018-06-11,22.9,30.4,25.6,2.18,0.504,Peddapalli,TS
2018-06-12,2.6,32.7,26.7,4.54,0.48,Peddapalli,TS
2018-06-13,0.0,34.5,27.5,6.84,0.443,Peddapalli,TS
2018-06-14,0.0,34.7,27.9,7.05,0.398,Peddapalli,TS
2018-06-15,0.0,35.8,27.9,7.02,0.357,Peddapalli,TS
2018-06-16,0.0,35.5,28.3,7.32,0.317,Peddapalli,TS
2018-06-17,0.0,35.7,28.8,6.8,0.282,Peddapalli,TS
2018-06-18,1.4,35.5,27.8,6.43,0.254,Peddapalli,TS
2018-06-19,2.6,35.9,27.1,5.79,0.239,Peddapalli,TS
2018-06-20,3.9,35.9,27.6,5.81,0.23,Peddapalli,TS
2018-06-21,3.7,36.9,27.8,5.83,0.232,Peddapalli,TS
2018-06-22,5.5,31.5,25.9,2.69,0.253,Peddapalli,TS
2018-06-23,1.9,33.5,25.0,3.59,0.24,Peddapalli,TS
2018-06-24,0.3,35.5,27.0,6.48,0.231,Peddapalli,TS
2018-06-25,0.5,36.0,27.5,6.2,0.219,Peddapalli,TS
2018-06-26,0.5,35.1,27.7,6.32,0.216,Peddapalli,TS
2018-06-27,10.0,29.1,24.8,2.33,0.332,Peddapalli,TS
2018-06-28,14.7,30.9,24.3,2.64,0.456,Peddapalli,TS
2018-06-29,1.0,32.7,24.6,3.92,0.409,Peddapalli,TS
2018-06-30,4.5,32.4,23.9,4.26,0.377,Peddapalli,TS
2018-07-01,6.4,34.4,25.7,4.56,0.351,Peddapalli,TS
2018-07-02,0.1,32.0,25.5,3.74,0.387,Peddapalli,TS
2018-07-03,2.3,33.2,25.1,4.78,0.361,Peddapalli,TS
2018-07-04,1.2,34.6,26.3,5.16,0.349,Peddapalli,TS
2018-07-05,2.8,32.8,26.8,4.31,0.346,Peddapalli,TS
2018-07-06,11.7,28.4,24.7,2.44,0.41,Peddapalli,TS
2018-07-07,85.2,26.9,24.5,1.57,0.509,Peddapalli,TS
2018-07-08,17.1,30.2,24.2,3.26,0.507,Peddapalli,TS
2018-07-09,58.2,26.5,24.4,1.36,0.513,Peddapalli,TS
2018-07-10,2.7,29.7,24.4,3.49,0.489,Peddapalli,TS
2018-07-11,28.6,27.2,24.4,2.15,0.504,Peddapalli,TS
2018-07-12,57.5,27.9,24.0,2.05,0.512,Peddapalli,TS
2018-07-13,13.9,29.0,24.1,2.89,0.503,Peddapalli,TS
2018-07-14,24.7,26.9,24.3,1.89,0.512,Peddapalli,TS
2018-07-15,24.8,30.0,24.6,2.66,0.513,Peddapalli,TS
2018-07-16,47.9,27.4,24.5,1.69,0.511,Peddapalli,TS
2018-07-17,3.9,31.1,24.3,4.18,0.501,Peddapalli,TS
2018-07-18,0.1,31.7,25.7,4.97,0.477,Peddapalli,TS
2018-07-19,2.9,31.5,25.7,4.78,0.46,Peddapalli,TS
2018-07-20,16.7,27.4,24.9,2.24,0.505,Peddapalli,TS
2018-07-21,52.3,26.0,24.1,1.22,0.513,Peddapalli,TS
2018-07-22,4.4,29.2,25.1,3.03,0.495,Peddapalli,TS
2018-07-23,2.8,29.9,23.8,4.23,0.489,Peddapalli,TS
2018-07-24,0.3,30.7,25.2,3.78,0.463,Peddapalli,TS
2018-07-25,0.6,31.7,25.6,5.01,0.444,Peddapalli,TS
2018-07-26,0.6,30.2,25.6,4.22,0.428,Peddapalli,TS
2018-07-27,1.2,30.2,25.3,4.3,0.414,Peddapalli,TS
2018-07-28,1.6,31.2,25.5,4.83,0.405,Peddapalli,TS
2018-07-29,1.1,31.5,25.3,5.0,0.395,Peddapalli,TS
2018-07-30,0.0,31.4,25.0,5.38,0.369,Peddapalli,TS
2018-07-31,0.5,31.0,26.1,4.45,0.351,Peddapalli,TS
2018-08-01,0.6,30.9,26.2,5.04,0.338,Peddapalli,TS
2018-08-02,1.2,31.1,25.1,4.92,0.331,Peddapalli,TS
2018-08-03,0.7,31.5,25.4,4.85,0.319,Peddapalli,TS
2018-08-04,0.3,31.9,26.0,5.68,0.3,Peddapalli,TS
2018-08-05,0.2,31.8,26.2,6.0,0.284,Peddapalli,TS
2018-08-06,0.1,31.5,26.3,5.13,0.273,Peddapalli,TS
2018-08-07,1.9,29.2,25.3,3.52,0.279,Peddapalli,TS
2018-08-08,13.9,27.8,23.8,2.23,0.431,Peddapalli,TS
2018-08-09,2.9,31.2,24.1,3.94,0.456,Peddapalli,TS
2018-08-10,1.4,30.4,25.3,3.84,0.437,Peddapalli,TS
2018-08-11,43.6,28.4,24.3,2.1,0.495,Peddapalli,TS
2018-08-12,61.8,26.6,24.0,1.62,0.513,Peddapalli,TS
2018-08-13,9.8,29.2,23.8,2.08,0.506,Peddapalli,TS
2018-08-14,2.9,28.2,24.3,2.37,0.499,Peddapalli,TS
2018-08-15,31.7,26.9,24.9,1.79,0.505,Peddapalli,TS
2018-08-16,118.9,26.8,24.2,2.37,0.505,Peddapalli,TS
2018-08-17,4.5,28.4,24.0,3.0,0.5,Peddapalli,TS
2018-08-18,10.2,29.8,25.1,3.57,0.492,Peddapalli,TS
2018-08-19,13.0,28.1,24.6,2.14,0.508,Peddapalli,TS
2018-08-20,54.7,26.3,24.1,1.81,0.512,Peddapalli,TS
2018-08-21,12.9,30.0,23.5,4.48,0.496,Peddapalli,TS
2018-08-22,0.7,30.9,24.3,4.97,0.47,Peddapalli,TS
2018-08-23,1.3,30.8,25.4,4.62,0.452,Peddapalli,TS
2018-08-24,2.2,29.7,25.0,3.62,0.447,Peddapalli,TS
2018-08-25,0.0,30.0,25.7,3.74,0.42,Peddapalli,TS
2018-08-26,12.7,28.5,24.3,2.4,0.437,Peddapalli,TS
2018-08-27,10.9,27.3,23.8,2.01,0.501,Peddapalli,TS
2018-08-28,1.7,28.8,24.0,3.39,0.479,Peddapalli,TS
2018-08-29,0.1,30.6,23.7,4.61,0.45,Peddapalli,TS
2018-08-30,0.1,30.9,23.5,4.85,0.429,Peddapalli,TS
2018-08-31,0.1,30.5,24.9,4.09,0.41,Peddapalli,TS
2018-09-01,0.0,29.4,25.3,3.6,0.393,Peddapalli,TS
2018-09-02,0.1,30.6,24.8,4.47,0.372,Peddapalli,TS
2018-09-03,0.0,30.9,25.1,4.8,0.352,Peddapalli,TS
2018-09-04,0.4,31.1,24.8,5.42,0.332,Peddapalli,TS
2018-09-05,0.0,31.2,24.9,5.2,0.313,Peddapalli,TS
2018-09-06,1.5,29.3,24.6,3.95,0.309,Peddapalli,TS
2018-09-07,0.6,27.2,22.8,2.29,0.315,Peddapalli,TS
2018-09-08,0.2,31.5,21.5,4.96,0.304,Peddapalli,TS
2018-09-09,0.0,30.8,21.5,4.73,0.284,Peddapalli,TS
2018-09-10,0.4,32.0,23.5,4.6,0.268,Peddapalli,TS
2018-09-11,1.6,32.0,23.6,4.61,0.258,Peddapalli,TS
2018-09-12,7.2,31.8,24.5,4.48,0.271,Peddapalli,TS
2018-09-13,0.7,31.4,24.1,4.18,0.271,Peddapalli,TS
2018-09-14,0.4,32.0,24.4,4.41,0.257,Peddapalli,TS
2018-09-15,0.4,32.4,23.6,4.76,0.242,Peddapalli,TS
2018-09-16,0.9,32.7,25.4,4.98,0.228,Peddapalli,TS
2018-09-17,0.3,32.4,25.7,4.6,0.221,Peddapalli,TS
2018-09-18,0.4,33.4,25.2,5.02,0.219,Peddapalli,TS
2018-09-19,9.0,31.9,26.1,3.96,0.245,Peddapalli,TS
2018-09-20,0.7,32.4,25.5,3.83,0.238,Peddapalli,TS
2018-09-21,69.2,25.8,22.6,1.37,0.43,Peddapalli,TS
2018-09-22,27.1,31.5,21.9,4.45,0.494,Peddapalli,TS
2018-09-23,0.0,31.4,24.0,4.35,0.458,Peddapalli,TS
2018-09-24,0.6,31.4,23.9,4.38,0.434,Peddapalli,TS
2018-09-25,4.7,31.4,24.2,4.31,0.423,Peddapalli,TS
2018-09-26,4.9,30.9,24.1,3.46,0.423,Peddapalli,TS
2018-09-27,2.4,30.9,23.6,3.91,0.412,Peddapalli,TS
2018-09-28,6.0,30.7,24.0,3.56,0.431,Peddapalli,TS
2018-09-29,3.9,30.8,23.9,3.76,0.43,Peddapalli,TS
2018-09-30,0.2,32.3,23.9,4.57,0.398,Peddapalli,TS
2018-10-01,1.7,32.3,25.1,4.42,0.374,Peddapalli,TS
2018-10-02,3.3,31.9,24.0,4.34,0.363,Peddapalli,TS
2018-10-03,0.3,32.0,24.5,4.42,0.347,Peddapalli,TS
2018-10-04,0.0,31.6,24.1,4.11,0.326,Peddapalli,TS
2018-10-05,0.1,31.7,24.4,4.3,0.307,Peddapalli,TS
2018-10-06,0.0,32.5,23.0,4.76,0.291,Peddapalli,TS
2018-10-07,0.0,32.6,23.9,4.8,0.275,Peddapalli,TS
2018-10-08,0.0,33.3,23.2,5.17,0.262,Peddapalli,TS
2018-10-09,0.0,33.3,21.9,5.48,0.249,Peddapalli,TS
2018-10-10,0.0,34.2,23.4,6.47,0.24,Peddapalli,TS
2018-10-11,0.0,32.6,23.9,5.81,0.238,Peddapalli,TS
2018-10-12,0.1,31.7,23.8,4.53,0.234,Peddapalli,TS
2018-10-13,0.3,31.7,24.0,4.32,0.227,Peddapalli,TS
2018-10-14,0.1,32.2,23.8,4.56,0.218,Peddapalli,TS
2018-10-15,0.6,31.5,23.6,3.83,0.212,Peddapalli,TS
2018-10-16,0.3,31.8,23.4,4.14,0.209,Peddapalli,TS
2018-10-17,1.9,31.7,24.3,3.66,0.213,Peddapalli,TS
2018-10-18,0.0,32.3,23.2,4.02,0.213,Peddapalli,TS
2018-10-19,0.2,32.8,22.1,4.66,0.204,Peddapalli,TS
2018-10-20,0.0,33.8,22.2,4.81,0.2,Peddapalli,TS
2018-10-21,0.0,33.9,23.8,4.51,0.196,Peddapalli,TS
2018-10-22,0.0,34.9,23.2,4.82,0.196,Peddapalli,TS
2018-10-23,0.1,34.9,23.8,4.63,0.195,Peddapalli,TS
2018-10-24,0.0,32.5,24.4,3.24,0.195,Peddapalli,TS
2018-10-25,0.0,33.1,22.4,5.19,0.197,Peddapalli,TS
2018-10-26,0.0,33.2,20.1,5.35,0.199,Peddapalli,TS
2018-10-27,0.0,32.9,19.5,5.3,0.203,Peddapalli,TS
2018-10-28,0.0,32.6,20.8,5.93,0.203,Peddapalli,TS
2018-10-29,0.0,31.6,19.4,6.08,0.205,Peddapalli,TS
2018-10-30,0.0,31.4,20.0,5.46,0.204,Peddapalli,TS
2018-10-31,0.0,31.8,20.6,5.0,0.203,Peddapalli,TS
2018-11-01,0.0,31.9,20.3,4.26,0.202,Peddapalli,TS
2018-11-02,0.5,31.6,22.1,4.1,0.202,Peddapalli,TS
2018-11-03,0.7,31.5,23.7,4.07,0.203,Peddapalli,TS
2018-11-04,0.0,32.9,24.3,4.26,0.198,Peddapalli,TS
2018-11-05,0.4,32.2,23.6,3.87,0.197,Peddapalli,TS
2018-11-06,0.1,32.9,23.3,3.97,0.197,Peddapalli,TS
2018-11-07,0.3,32.2,23.9,3.83,0.199,Peddapalli,TS
2018-11-08,0.0,33.2,23.7,4.4,0.2,Peddapalli,TS
2018-11-09,0.0,33.3,22.5,4.71,0.2,Peddapalli,TS
2018-11-10,0.0,33.0,20.4,5.19,0.2,Peddapalli,TS
2018-11-11,0.0,32.0,19.1,5.33,0.202,Peddapalli,TS
2018-11-12,0.0,31.6,18.3,5.49,0.208,Peddapalli,TS
2018-11-13,0.0,30.9,18.0,5.07,0.211,Peddapalli,TS
2018-11-14,0.0,31.5,18.2,4.74,0.212,Peddapalli,TS
2018-11-15,0.0,32.4,18.2,4.94,0.211,Peddapalli,TS
2018-11-16,0.0,32.3,19.0,4.52,0.207,Peddapalli,TS
2018-11-17,0.2,31.3,23.0,3.75,0.206,Peddapalli,TS
2018-11-18,0.0,32.5,22.9,3.99,0.2,Peddapalli,TS
2018-11-19,0.1,32.1,23.2,3.9,0.199,Peddapalli,TS
2018-11-20,0.0,32.0,23.3,3.82,0.2,Peddapalli,TS
2018-11-21,0.0,32.0,21.5,4.41,0.203,Peddapalli,TS
2018-11-22,0.0,31.3,20.3,4.35,0.205,Peddapalli,TS
2018-11-23,0.0,30.6,20.8,4.02,0.202,Peddapalli,TS
2018-11-24,0.0,30.7,19.1,4.51,0.201,Peddapalli,TS
2018-11-25,0.0,30.0,17.9,4.5,0.201,Peddapalli,TS
2018-11-26,0.0,29.3,16.8,4.38,0.204,Peddapalli,TS
2018-11-27,0.0,29.4,16.9,4.12,0.206,Peddapalli,TS
2018-11-28,0.0,29.3,17.3,4.1,0.207,Peddapalli,TS
2018-11-29,0.0,29.4,16.9,3.99,0.206,Peddapalli,TS
2018-11-30,0.0,29.3,17.3,4.1,0.208,Peddapalli,TS
2018-12-01,0.0,29.0,17.9,4.07,0.214,Peddapalli,TS
2018-12-02,0.0,28.5,17.4,3.7,0.213,Peddapalli,TS
2018-12-03,0.0,28.5,17.1,3.73,0.211,Peddapalli,TS
2018-12-04,1.2,29.2,18.0,3.7,0.217,Peddapalli,TS
2018-12-05,0.2,29.9,20.9,3.31,0.215,Peddapalli,TS
2018-12-06,0.8,29.3,21.6,3.21,0.213,Peddapalli,TS
2018-12-07,0.0,30.6,20.9,3.35,0.208,Peddapalli,TS
2018-12-08,1.1,29.1,21.5,2.84,0.214,Peddapalli,TS
2018-12-09,0.0,30.0,21.5,3.5,0.212,Peddapalli,TS
2018-12-10,6.0,28.2,22.2,2.79,0.249,Peddapalli,TS
2018-12-11,0.9,29.1,21.5,2.78,0.241,Peddapalli,TS
2018-12-12,1.4,28.3,20.3,2.53,0.244,Peddapalli,TS
2018-12-13,2.2,26.8,20.5,2.65,0.253,Peddapalli,TS
2018-12-14,0.8,27.4,19.6,2.5,0.255,Peddapalli,TS
2018-12-15,0.0,28.1,18.8,4.42,0.249,Peddapalli,TS
2018-12-16,0.0,24.5,18.9,3.54,0.243,Peddapalli,TS
2018-12-17,17.0,19.4,16.5,1.49,0.334,Peddapalli,TS
2018-12-18,0.7,23.5,16.2,2.76,0.441,Peddapalli,TS
2018-12-19,0.0,24.8,14.2,3.24,0.405,Peddapalli,TS
2018-12-20,0.0,25.0,15.9,2.79,0.381,Peddapalli,TS
2018-12-21,0.0,25.7,16.4,3.57,0.358,Peddapalli,TS
2018-12-22,0.0,26.2,15.7,3.45,0.337,Peddapalli,TS
2018-12-23,0.0,26.6,15.6,3.37,0.322,Peddapalli,TS
2018-12-24,0.0,26.8,15.5,3.67,0.311,Peddapalli,TS
2018-12-25,0.0,27.7,15.7,3.79,0.297,Peddapalli,TS
2018-12-26,0.0,29.3,17.8,3.62,0.283,Peddapalli,TS
2018-12-27,0.0,27.8,17.8,3.34,0.273,Peddapalli,TS
2018-12-28,0.0,25.1,14.9,4.22,0.262,Peddapalli,TS
2018-12-29,0.0,24.5,13.2,3.93,0.252,Peddapalli,TS
2018-12-30,0.0,24.7,13.1,3.89,0.243,Peddapalli,TS
2018-12-31,0.0,24.9,11.0,3.68,0.237,Peddapalli,TS
2019-01-01,0.0,26.5,12.1,4.01,0.23,Peddapalli,TS
2019-01-02,0.0,27.8,14.4,3.77,0.223,Peddapalli,TS
2019-01-03,0.0,29.1,13.7,3.89,0.216,Peddapalli,TS
2019-01-04,0.0,28.6,15.9,3.83,0.213,Peddapalli,TS
2019-01-05,0.0,28.5,14.4,3.82,0.213,Peddapalli,TS
2019-01-06,0.0,28.8,16.5,3.88,0.21,Peddapalli,TS
2019-01-07,0.0,28.8,16.1,3.75,0.21,Peddapalli,TS
2019-01-08,0.0,26.3,16.6,4.25,0.21,Peddapalli,TS
2019-01-09,0.0,27.3,12.8,4.17,0.209,Peddapalli,TS
2019-01-10,0.0,27.3,13.5,4.08,0.21,Peddapalli,TS
2019-01-11,0.0,27.8,13.1,3.57,0.207,Peddapalli,TS
2019-01-12,0.0,29.1,16.6,4.02,0.207,Peddapalli,TS
2019-01-13,0.0,29.1,17.9,4.2,0.209,Peddapalli,TS
2019-01-14,0.0,28.9,17.6,3.87,0.209,Peddapalli,TS
2019-01-15,0.0,28.0,17.6,4.2,0.208,Peddapalli,TS
2019-01-16,0.0,28.3,14.9,4.22,0.208,Peddapalli,TS
2019-01-17,0.0,28.9,16.2,4.23,0.21,Peddapalli,TS
2019-01-18,0.0,29.1,14.5,4.11,0.211,Peddapalli,TS
2019-01-19,0.0,28.7,15.0,3.97,0.208,Peddapalli,TS
2019-01-20,0.0,29.3,16.2,4.17,0.206,Peddapalli,TS
2019-01-21,0.0,29.7,14.2,4.43,0.203,Peddapalli,TS
2019-01-22,0.0,30.0,17.7,5.23,0.202,Peddapalli,TS
2019-01-23,0.0,29.0,17.9,3.93,0.204,Peddapalli,TS
2019-01-24,0.1,29.0,19.9,3.84,0.205,Peddapalli,TS
2019-01-25,2.0,27.8,19.4,2.88,0.213,Peddapalli,TS
2019-01-26,18.7,25.1,19.0,1.58,0.309,Peddapalli,TS
2019-01-27,12.2,23.7,17.8,1.99,0.481,Peddapalli,TS
2019-01-28,0.9,24.0,16.4,3.16,0.442,Peddapalli,TS
2019-01-29,0.0,23.3,13.8,4.24,0.415,Peddapalli,TS
2019-01-30,0.0,23.7,10.8,3.89,0.389,Peddapalli,TS
2019-01-31,0.0,26.4,12.5,3.77,0.372,Peddapalli,TS
2019-02-01,0.0,27.4,16.0,3.79,0.356,Peddapalli,TS
2019-02-02,0.0,27.6,14.7,3.94,0.341,Peddapalli,TS
2019-02-03,0.0,28.5,15.2,4.1,0.327,Peddapalli,TS
2019-02-04,0.0,29.1,16.9,4.16,0.312,Peddapalli,TS
2019-02-05,0.0,29.4,16.6,4.17,0.298,Peddapalli,TS
2019-02-06,0.0,30.3,16.2,4.43,0.289,Peddapalli,TS
2019-02-07,0.0,31.1,19.9,4.96,0.278,Peddapalli,TS
2019-02-08,0.9,27.9,18.9,3.55,0.268,Peddapalli,TS
2019-02-09,0.0,27.1,16.9,5.0,0.252,Peddapalli,TS
2019-02-10,0.0,27.2,14.0,4.83,0.244,Peddapalli,TS
2019-02-11,0.0,29.8,15.6,4.27,0.239,Peddapalli,TS
2019-02-12,0.0,30.0,18.4,4.06,0.234,Peddapalli,TS
2019-02-13,0.0,30.7,17.9,4.46,0.232,Peddapalli,TS
2019-02-14,0.0,31.7,17.2,4.85,0.227,Peddapalli,TS
2019-02-15,0.0,32.6,20.8,5.35,0.224,Peddapalli,TS
2019-02-16,0.0,31.0,20.5,4.51,0.223,Peddapalli,TS
2019-02-17,0.2,31.1,21.4,4.05,0.221,Peddapalli,TS
2019-02-18,0.0,31.2,19.7,4.57,0.218,Peddapalli,TS
2019-02-19,0.0,33.6,19.9,4.94,0.214,Peddapalli,TS
2019-02-20,0.0,33.6,22.9,5.08,0.21,Peddapalli,TS
2019-02-21,0.0,34.0,22.4,5.1,0.208,Peddapalli,TS
2019-02-22,0.0,35.1,22.4,5.05,0.207,Peddapalli,TS
2019-02-23,0.0,35.5,23.1,5.17,0.206,Peddapalli,TS
2019-02-24,0.0,36.1,23.5,5.92,0.207,Peddapalli,TS
2019-02-25,0.0,35.7,22.6,6.35,0.211,Peddapalli,TS
2019-02-26,0.0,32.4,21.2,5.08,0.217,Peddapalli,TS
2019-02-27,0.5,30.6,21.4,4.6,0.218,Peddapalli,TS
2019-02-28,0.4,31.2,21.7,5.21,0.21,Peddapalli,TS
2019-03-01,0.0,32.5,19.7,5.11,0.202,Peddapalli,TS
2019-03-02,0.4,31.6,22.6,4.21,0.202,Peddapalli,TS
2019-03-03,0.1,34.2,23.3,5.35,0.203,Peddapalli,TS
2019-03-04,0.0,36.2,24.1,6.14,0.205,Peddapalli,TS
2019-03-05,0.0,34.4,23.9,6.32,0.209,Peddapalli,TS
2019-03-06,0.0,33.1,20.7,6.21,0.209,Peddapalli,TS
2019-03-07,0.0,32.6,19.5,5.77,0.208,Peddapalli,TS
2019-03-08,0.0,33.9,19.1,5.58,0.207,Peddapalli,TS
2019-03-09,0.0,35.1,21.2,5.46,0.206,Peddapalli,TS
2019-03-10,0.0,35.6,22.6,5.62,0.204,Peddapalli,TS
2019-03-11,0.0,35.5,24.0,6.05,0.203,Peddapalli,TS
2019-03-12,0.0,35.1,25.7,5.4,0.2,Peddapalli,TS
2019-03-13,0.0,36.5,25.7,7.0,0.2,Peddapalli,TS
2019-03-14,0.0,36.9,23.6,6.85,0.2,Peddapalli,TS
2019-03-15,0.0,36.8,24.2,7.09,0.204,Peddapalli,TS
2019-03-16,0.0,36.2,25.2,7.5,0.2,Peddapalli,TS
2019-03-17,0.0,35.9,23.4,7.22,0.202,Peddapalli,TS
2019-03-18,0.0,34.3,22.7,7.23,0.201,Peddapalli,TS
2019-03-19,0.0,35.4,22.6,5.94,0.2,Peddapalli,TS
2019-03-20,0.0,35.0,24.6,6.39,0.201,Peddapalli,TS
2019-03-21,0.0,35.3,24.1,6.47,0.201,Peddapalli,TS
2019-03-22,0.0,34.8,24.1,5.89,0.201,Peddapalli,TS
2019-03-23,0.0,35.3,25.1,5.43,0.201,Peddapalli,TS
2019-03-24,0.0,35.9,25.2,5.34,0.202,Peddapalli,TS
2019-03-25,0.0,36.7,24.7,6.1,0.204,Peddapalli,TS
2019-03-26,0.0,37.6,23.6,6.38,0.207,Peddapalli,TS
2019-03-27,0.0,37.5,26.2,6.47,0.206,Peddapalli,TS
2019-03-28,0.0,37.2,25.7,6.27,0.205,Peddapalli,TS
2019-03-29,0.0,37.5,24.0,6.14,0.204,Peddapalli,TS
2019-03-30,0.0,38.8,24.8,6.75,0.202,Peddapalli,TS
2019-03-31,0.0,39.3,25.9,6.82,0.198,Peddapalli,TS
2019-04-01,0.0,38.7,27.0,7.33,0.189,Peddapalli,TS
2019-04-02,0.0,38.9,26.0,7.19,0.189,Peddapalli,TS
2019-04-03,0.0,37.8,25.4,6.97,0.188,Peddapalli,TS
2019-04-04,0.0,37.2,25.7,6.48,0.189,Peddapalli,TS
2019-04-05,0.1,37.5,25.7,6.01,0.189,Peddapalli,TS
2019-04-06,0.0,39.3,25.1,7.21,0.191,Peddapalli,TS
2019-04-07,0.0,39.1,26.1,7.56,0.192,Peddapalli,TS
2019-04-08,0.0,38.5,25.4,7.58,0.191,Peddapalli,TS
2019-04-09,1.4,36.9,26.0,6.49,0.193,Peddapalli,TS
2019-04-10,0.2,37.9,26.4,6.66,0.193,Peddapalli,TS
2019-04-11,0.0,39.8,25.9,6.64,0.193,Peddapalli,TS
2019-04-12,0.0,40.3,25.8,7.35,0.193,Peddapalli,TS
2019-04-13,0.0,38.7,25.5,6.53,0.194,Peddapalli,TS
2019-04-14,0.0,39.7,26.1,7.25,0.195,Peddapalli,TS
2019-04-15,0.0,39.5,27.4,7.27,0.195,Peddapalli,TS
2019-04-16,0.0,37.4,25.6,7.31,0.196,Peddapalli,TS
2019-04-17,0.0,37.3,26.4,6.3,0.197,Peddapalli,TS
2019-04-18,0.0,37.1,27.2,5.99,0.197,Peddapalli,TS
2019-04-19,0.0,36.8,27.2,6.84,0.197,Peddapalli,TS
2019-04-20,0.3,38.0,27.3,6.63,0.198,Peddapalli,TS
2019-04-21,0.0,38.1,26.7,6.43,0.199,Peddapalli,TS
2019-04-22,0.2,36.8,27.0,6.12,0.199,Peddapalli,TS
2019-04-23,0.0,37.3,27.0,6.38,0.199,Peddapalli,TS
2019-04-24,0.0,39.5,26.5,6.86,0.198,Peddapalli,TS
2019-04-25,0.0,40.1,27.6,7.13,0.199,Peddapalli,TS
2019-04-26,0.0,40.9,28.3,7.4,0.198,Peddapalli,TS
2019-04-27,0.0,40.8,29.3,7.29,0.196,Peddapalli,TS
2019-04-28,0.0,41.1,29.8,7.44,0.195,Peddapalli,TS
2019-04-29,0.0,41.6,29.1,8.27,0.194,Peddapalli,TS
2019-04-30,0.0,41.0,30.0,7.59,0.193,Peddapalli,TS
2019-05-01,0.0,41.4,29.3,7.17,0.194,Peddapalli,TS
2019-05-02,0.0,43.1,29.6,8.75,0.194,Peddapalli,TS
2019-05-03,0.0,40.8,28.5,8.31,0.198,Peddapalli,TS
2019-05-04,0.0,41.1,29.8,10.26,0.199,Peddapalli,TS
2019-05-05,0.0,40.9,29.9,9.58,0.197,Peddapalli,TS
2019-05-06,0.0,41.1,29.9,8.18,0.197,Peddapalli,TS
2019-05-07,0.0,41.0,28.5,6.91,0.197,Peddapalli,TS
2019-05-08,0.0,42.7,29.5,8.17,0.196,Peddapalli,TS
2019-05-09,0.0,42.6,28.4,8.37,0.196,Peddapalli,TS
2019-05-10,0.0,42.2,30.1,8.53,0.197,Peddapalli,TS
2019-05-11,0.4,41.0,30.4,7.02,0.198,Peddapalli,TS
2019-05-12,0.0,40.6,29.4,7.17,0.197,Peddapalli,TS
2019-05-13,0.2,40.5,29.7,7.46,0.198,Peddapalli,TS
2019-05-14,0.0,40.0,29.3,6.68,0.196,Peddapalli,TS
2019-05-15,0.0,40.9,29.8,7.86,0.197,Peddapalli,TS
2019-05-16,0.0,40.8,29.8,7.27,0.197,Peddapalli,TS
2019-05-17,0.0,41.2,29.3,7.21,0.198,Peddapalli,TS
2019-05-18,0.0,41.9,29.4,8.0,0.198,Peddapalli,TS
2019-05-19,0.0,41.6,30.1,7.91,0.197,Peddapalli,TS
2019-05-20,0.2,40.4,30.4,7.11,0.197,Peddapalli,TS
2019-05-21,0.0,42.0,29.8,8.35,0.197,Peddapalli,TS
2019-05-22,0.0,42.0,29.7,7.96,0.196,Peddapalli,TS
2019-05-23,0.0,42.2,30.5,8.69,0.196,Peddapalli,TS
2019-05-24,0.0,42.8,30.2,7.94,0.196,Peddapalli,TS
2019-05-25,0.0,42.9,31.1,7.4,0.196,Peddapalli,TS
2019-05-26,0.0,43.1,31.3,7.25,0.196,Peddapalli,TS
2019-05-27,0.0,44.0,32.3,8.43,0.196,Peddapalli,TS
2019-05-28,0.0,43.3,31.1,8.32,0.196,Peddapalli,TS
2019-05-29,0.0,42.5,31.4,8.24,0.195,Peddapalli,TS
2019-05-30,0.0,42.4,30.1,7.52,0.195,Peddapalli,TS
2019-05-31,0.0,40.6,30.7,7.89,0.197,Peddapalli,TS
2019-06-01,1.4,39.9,28.6,6.8,0.205,Peddapalli,TS
2019-06-02,0.0,41.4,31.1,7.67,0.207,Peddapalli,TS
2019-06-03,0.1,41.1,32.1,7.89,0.204,Peddapalli,TS
2019-06-04,0.0,40.2,29.1,7.25,0.213,Peddapalli,TS
2019-06-05,0.0,41.7,31.1,7.65,0.21,Peddapalli,TS
2019-06-06,0.0,41.7,31.4,8.87,0.207,Peddapalli,TS
2019-06-07,0.0,41.5,29.8,7.09,0.209,Peddapalli,TS
2019-06-08,0.0,39.0,29.2,6.97,0.212,Peddapalli,TS
2019-06-09,0.0,39.5,31.1,6.66,0.213,Peddapalli,TS
2019-06-10,0.0,40.7,30.9,8.12,0.204,Peddapalli,TS
2019-06-11,0.0,41.2,30.3,8.37,0.201,Peddapalli,TS
2019-06-12,0.0,39.5,31.2,9.12,0.195,Peddapalli,TS
2019-06-13,0.0,39.5,30.2,9.22,0.189,Peddapalli,TS
2019-06-14,0.0,39.0,30.2,8.56,0.184,Peddapalli,TS
2019-06-15,0.0,40.1,32.0,9.96,0.185,Peddapalli,TS
2019-06-16,0.1,39.3,32.2,9.52,0.187,Peddapalli,TS
2019-06-17,0.0,38.5,29.7,7.23,0.187,Peddapalli,TS
2019-06-18,0.0,39.2,30.5,7.27,0.187,Peddapalli,TS
2019-06-19,0.0,40.2,32.1,8.81,0.185,Peddapalli,TS
2019-06-20,11.8,38.0,28.3,6.94,0.199,Peddapalli,TS
2019-06-21,7.4,35.2,26.6,3.66,0.295,Peddapalli,TS
2019-06-22,3.9,32.9,26.4,3.65,0.302,Peddapalli,TS
2019-06-23,1.1,34.0,25.8,3.97,0.292,Peddapalli,TS
2019-06-24,2.2,34.0,25.7,5.05,0.326,Peddapalli,TS
2019-06-25,1.0,35.7,27.1,6.0,0.299,Peddapalli,TS
2019-06-26,1.6,37.1,27.1,6.22,0.278,Peddapalli,TS
2019-06-27,2.4,36.9,28.0,5.89,0.269,Peddapalli,TS
2019-06-28,2.8,36.2,27.1,5.51,0.274,Peddapalli,TS
2019-06-29,9.6,31.0,26.1,3.07,0.374,Peddapalli,TS
2019-06-30,17.3,27.8,24.8,2.05,0.462,Peddapalli,TS
2019-07-01,6.8,28.7,24.7,2.76,0.456,Peddapalli,TS
2019-07-02,9.4,30.2,25.4,3.11,0.431,Peddapalli,TS
2019-07-03,6.7,31.9,24.1,4.44,0.443,Peddapalli,TS
2019-07-04,0.9,34.4,25.6,6.4,0.38,Peddapalli,TS
2019-07-05,3.1,30.4,26.5,3.17,0.366,Peddapalli,TS
2019-07-06,3.2,31.5,25.2,3.93,0.416,Peddapalli,TS
2019-07-07,0.1,32.8,26.1,5.32,0.393,Peddapalli,TS
2019-07-08,3.8,34.2,26.1,5.82,0.36,Peddapalli,TS
2019-07-09,1.2,32.5,25.1,4.01,0.384,Peddapalli,TS
2019-07-10,4.7,32.2,25.3,4.36,0.409,Peddapalli,TS
2019-07-11,6.4,31.8,26.4,3.42,0.396,Peddapalli,TS
2019-07-12,0.3,32.6,25.1,4.92,0.411,Peddapalli,TS
2019-07-13,0.3,33.3,26.4,5.09,0.37,Peddapalli,TS
2019-07-14,0.2,34.5,27.1,6.09,0.328,Peddapalli,TS
2019-07-15,0.5,35.3,26.2,6.59,0.296,Peddapalli,TS
2019-07-16,0.0,36.3,28.2,7.03,0.27,Peddapalli,TS
2019-07-17,0.1,36.7,28.6,6.96,0.248,Peddapalli,TS
2019-07-18,1.8,36.5,28.0,5.62,0.236,Peddapalli,TS
2019-07-19,9.6,32.9,26.0,3.67,0.383,Peddapalli,TS
2019-07-20,13.7,31.0,25.9,3.78,0.438,Peddapalli,TS
2019-07-21,2.1,33.7,25.6,5.26,0.381,Peddapalli,TS
2019-07-22,0.3,33.5,26.0,5.57,0.342,Peddapalli,TS
2019-07-23,0.5,34.0,26.5,5.34,0.305,Peddapalli,TS
2019-07-24,0.0,35.6,26.9,6.17,0.28,Peddapalli,TS
2019-07-25,16.9,34.4,26.0,4.65,0.301,Peddapalli,TS
2019-07-26,39.8,26.6,24.9,1.38,0.495,Peddapalli,TS
2019-07-27,14.3,27.3,24.3,1.81,0.491,Peddapalli,TS
2019-07-28,51.1,27.1,24.1,1.66,0.515,Peddapalli,TS
2019-07-29,35.6,25.7,24.4,1.71,0.511,Peddapalli,TS
2019-07-30,11.1,28.5,23.8,2.85,0.508,Peddapalli,TS
2019-07-31,0.9,30.8,24.1,3.8,0.484,Peddapalli,TS
2019-08-01,4.5,29.6,24.4,3.31,0.489,Peddapalli,TS
2019-08-02,58.7,26.2,24.2,1.57,0.515,Peddapalli,TS
2019-08-03,70.5,26.3,23.9,1.99,0.511,Peddapalli,TS
2019-08-04,12.1,28.8,23.9,2.86,0.506,Peddapalli,TS
2019-08-05,7.5,30.9,24.6,4.3,0.48,Peddapalli,TS
2019-08-06,58.1,29.9,24.6,3.02,0.505,Peddapalli,TS
2019-08-07,27.3,26.3,24.4,1.63,0.512,Peddapalli,TS
2019-08-08,14.0,28.1,24.2,1.93,0.506,Peddapalli,TS
2019-08-09,0.8,31.3,25.1,4.04,0.485,Peddapalli,TS
2019-08-10,1.1,32.0,25.2,4.89,0.456,Peddapalli,TS
2019-08-11,0.2,31.3,25.4,5.28,0.43,Peddapalli,TS
2019-08-12,0.6,30.8,26.1,4.11,0.41,Peddapalli,TS
2019-08-13,7.7,28.0,25.0,1.82,0.465,Peddapalli,TS
2019-08-14,9.2,30.1,24.8,2.5,0.498,Peddapalli,TS
2019-08-15,1.2,31.8,24.4,4.82,0.469,Peddapalli,TS
2019-08-16,1.3,32.0,25.5,4.85,0.447,Peddapalli,TS
2019-08-17,0.2,31.0,25.3,3.86,0.454,Peddapalli,TS
2019-08-18,4.8,29.7,25.1,2.85,0.463,Peddapalli,TS
2019-08-19,2.0,31.3,25.2,4.59,0.461,Peddapalli,TS
2019-08-20,10.9,29.2,25.8,3.16,0.462,Peddapalli,TS
2019-08-21,7.4,29.1,25.4,2.91,0.476,Peddapalli,TS
2019-08-22,7.5,29.0,25.1,2.57,0.474,Peddapalli,TS
2019-08-23,33.6,26.9,24.5,1.57,0.512,Peddapalli,TS
2019-08-24,1.7,30.3,24.6,3.69,0.488,Peddapalli,TS
2019-08-25,2.4,29.3,24.5,3.58,0.465,Peddapalli,TS
2019-08-26,1.0,30.9,23.6,3.53,0.475,Peddapalli,TS
2019-08-27,0.3,31.8,24.1,4.59,0.458,Peddapalli,TS
2019-08-28,0.0,31.8,24.6,5.04,0.429,Peddapalli,TS
2019-08-29,0.7,32.1,24.8,4.73,0.406,Peddapalli,TS
2019-08-30,5.9,30.8,25.2,4.01,0.399,Peddapalli,TS
2019-08-31,6.5,30.4,25.1,3.42,0.433,Peddapalli,TS
2019-09-01,8.5,30.5,24.4,3.35,0.481,Peddapalli,TS
2019-09-02,7.5,28.8,24.3,2.81,0.492,Peddapalli,TS
2019-09-03,14.0,28.4,24.5,2.6,0.505,Peddapalli,TS
2019-09-04,9.1,29.6,24.4,3.26,0.504,Peddapalli,TS
2019-09-05,2.2,31.1,24.9,4.23,0.484,Peddapalli,TS
2019-09-06,11.5,27.5,24.9,1.87,0.508,Peddapalli,TS
2019-09-07,15.9,29.2,24.4,2.91,0.503,Peddapalli,TS
2019-09-08,7.7,30.7,25.1,4.14,0.485,Peddapalli,TS
2019-09-09,0.5,31.5,25.4,4.5,0.47,Peddapalli,TS
2019-09-10,0.2,31.5,25.2,4.72,0.44,Peddapalli,TS
2019-09-11,0.4,30.8,25.9,4.09,0.432,Peddapalli,TS
2019-09-12,6.5,28.7,24.9,2.45,0.473,Peddapalli,TS
2019-09-13,0.9,30.8,24.3,3.99,0.459,Peddapalli,TS
2019-09-14,1.2,31.3,24.4,4.39,0.434,Peddapalli,TS
2019-09-15,4.4,30.5,24.6,3.92,0.462,Peddapalli,TS
2019-09-16,7.9,30.8,24.9,3.93,0.456,Peddapalli,TS
2019-09-17,9.0,30.0,24.9,3.4,0.488,Peddapalli,TS
2019-09-18,16.8,30.3,24.4,3.36,0.503,Peddapalli,TS
2019-09-19,19.8,29.1,24.2,3.3,0.507,Peddapalli,TS
2019-09-20,23.3,30.1,23.5,3.76,0.504,Peddapalli,TS
2019-09-21,1.8,30.9,23.0,3.78,0.496,Peddapalli,TS
2019-09-22,3.7,30.4,24.1,3.26,0.497,Peddapalli,TS
2019-09-23,3.4,30.3,24.4,3.22,0.49,Peddapalli,TS
2019-09-24,25.1,28.8,24.2,2.4,0.501,Peddapalli,TS
2019-09-25,11.0,27.7,23.2,2.24,0.502,Peddapalli,TS
2019-09-26,2.7,28.5,24.2,3.47,0.481,Peddapalli,TS
2019-09-27,4.5,30.4,23.9,3.45,0.493,Peddapalli,TS
2019-09-28,3.3,29.5,24.3,2.74,0.477,Peddapalli,TS
2019-09-29,4.8,30.9,24.5,4.03,0.472,Peddapalli,TS
2019-09-30,6.0,31.0,24.3,3.44,0.451,Peddapalli,TS
2019-10-01,6.0,30.0,24.0,2.68,0.44,Peddapalli,TS
2019-10-02,5.8,30.6,24.2,3.14,0.449,Peddapalli,TS
2019-10-03,3.2,29.8,23.7,3.19,0.426,Peddapalli,TS
2019-10-04,9.2,30.3,24.1,3.45,0.41,Peddapalli,TS
2019-10-05,2.7,30.9,23.4,4.17,0.379,Peddapalli,TS
2019-10-06,5.2,30.0,23.8,3.68,0.379,Peddapalli,TS
2019-10-07,5.1,30.1,23.5,3.39,0.393,Peddapalli,TS
2019-10-08,3.7,30.2,23.7,3.67,0.38,Peddapalli,TS
2019-10-09,3.5,29.6,23.3,3.36,0.386,Peddapalli,TS
2019-10-10,3.8,29.8,23.4,3.51,0.392,Peddapalli,TS
2019-10-11,10.9,28.0,23.5,2.47,0.406,Peddapalli,TS
2019-10-12,4.8,29.5,22.6,3.34,0.391,Peddapalli,TS
2019-10-13,1.0,30.7,23.5,3.86,0.368,Peddapalli,TS
2019-10-14,1.4,30.9,24.2,3.76,0.344,Peddapalli,TS
2019-10-15,0.6,30.4,23.3,3.95,0.322,Peddapalli,TS
2019-10-16,2.8,30.6,23.5,3.41,0.319,Peddapalli,TS
2019-10-17,8.8,28.8,23.7,2.94,0.345,Peddapalli,TS
2019-10-18,8.1,29.9,23.4,2.64,0.411,Peddapalli,TS
2019-10-19,6.6,29.3,22.5,3.47,0.449,Peddapalli,TS
2019-10-20,15.6,29.1,23.1,2.63,0.485,Peddapalli,TS
2019-10-21,6.1,28.3,22.8,2.38,0.484,Peddapalli,TS
2019-10-22,4.1,28.9,23.2,2.68,0.467,Peddapalli,TS
2019-10-23,4.4,27.8,23.3,1.69,0.469,Peddapalli,TS
2019-10-24,3.5,29.4,23.5,2.96,0.467,Peddapalli,TS
2019-10-25,7.6,28.8,23.0,2.85,0.465,Peddapalli,TS
2019-10-26,17.7,28.6,23.2,2.45,0.489,Peddapalli,TS
2019-10-27,10.9,29.4,22.8,3.22,0.496,Peddapalli,TS
2019-10-28,1.2,30.5,23.1,3.78,0.473,Peddapalli,TS
2019-10-29,2.2,28.9,23.3,3.04,0.481,Peddapalli,TS
2019-10-30,10.1,29.9,22.5,3.19,0.475,Peddapalli,TS
2019-10-31,8.4,28.3,23.0,2.42,0.495,Peddapalli,TS
2019-11-01,5.0,29.0,22.5,2.68,0.483,Peddapalli,TS
2019-11-02,5.7,29.5,23.5,3.09,0.476,Peddapalli,TS
2019-11-03,0.2,29.9,22.4,3.61,0.463,Peddapalli,TS
2019-11-04,0.0,30.8,22.6,3.97,0.434,Peddapalli,TS
2019-11-05,0.1,29.9,23.0,3.68,0.41,Peddapalli,TS
2019-11-06,0.5,30.0,22.7,3.48,0.39,Peddapalli,TS
2019-11-07,0.0,30.1,21.7,3.86,0.37,Peddapalli,TS
2019-11-08,0.0,30.1,21.8,3.98,0.356,Peddapalli,TS
2019-11-09,0.0,30.1,21.7,4.12,0.339,Peddapalli,TS
2019-11-10,0.0,29.8,20.3,4.12,0.322,Peddapalli,TS
2019-11-11,0.0,30.1,21.9,3.92,0.304,Peddapalli,TS
2019-11-12,0.0,30.1,21.0,4.11,0.285,Peddapalli,TS
2019-11-13,0.0,29.2,19.4,4.1,0.279,Peddapalli,TS
2019-11-14,0.0,29.0,19.1,4.04,0.268,Peddapalli,TS
2019-11-15,0.0,28.9,20.1,3.37,0.262,Peddapalli,TS
2019-11-16,0.0,29.9,20.5,3.91,0.26,Peddapalli,TS
2019-11-17,0.0,30.6,21.6,4.24,0.256,Peddapalli,TS
2019-11-18,0.0,30.5,21.2,4.3,0.253,Peddapalli,TS
2019-11-19,0.0,30.0,20.4,3.93,0.24,Peddapalli,TS
2019-11-20,0.0,29.8,19.7,3.62,0.234,Peddapalli,TS
2019-11-21,0.0,29.2,19.9,3.23,0.236,Peddapalli,TS
2019-11-22,0.0,29.5,20.3,3.83,0.233,Peddapalli,TS
2019-11-23,0.0,29.6,18.9,4.02,0.23,Peddapalli,TS
2019-11-24,0.0,29.3,18.4,3.89,0.23,Peddapalli,TS
2019-11-25,0.0,29.9,18.6,3.83,0.233,Peddapalli,TS
2019-11-26,0.0,29.2,18.7,3.64,0.235,Peddapalli,TS
2019-11-27,0.0,29.1,19.5,3.62,0.238,Peddapalli,TS
2019-11-28,0.0,29.7,19.7,3.55,0.243,Peddapalli,TS
2019-11-29,0.0,29.5,20.1,3.28,0.24,Peddapalli,TS
2019-11-30,0.0,29.9,20.5,3.39,0.236,Peddapalli,TS
2019-12-01,0.7,29.6,21.6,3.2,0.236,Peddapalli,TS
2019-12-02,16.2,24.3,21.9,0.94,0.289,Peddapalli,TS
2019-12-03,0.3,27.6,21.3,2.56,0.28,Peddapalli,TS
2019-12-04,0.3,28.7,20.5,3.12,0.28,Peddapalli,TS
2019-12-05,0.0,27.7,18.9,3.13,0.272,Peddapalli,TS
2019-12-06,0.0,27.6,17.8,3.46,0.266,Peddapalli,TS
2019-12-07,0.0,27.2,18.1,3.17,0.26,Peddapalli,TS
2019-12-08,0.2,27.8,18.4,3.01,0.259,Peddapalli,TS
2019-12-09,0.0,28.3,18.3,3.48,0.256,Peddapalli,TS
2019-12-10,0.0,27.9,17.9,3.19,0.25,Peddapalli,TS
2019-12-11,0.0,27.9,17.3,3.34,0.251,Peddapalli,TS
2019-12-12,0.0,28.2,17.1,3.52,0.251,Peddapalli,TS
2019-12-13,0.0,28.9,20.0,3.61,0.247,Peddapalli,TS
2019-12-14,0.0,28.9,20.3,3.24,0.246,Peddapalli,TS
2019-12-15,0.0,29.0,19.2,3.54,0.243,Peddapalli,TS
2019-12-16,0.8,28.1,18.7,2.94,0.243,Peddapalli,TS
2019-12-17,0.0,28.3,19.7,3.43,0.241,Peddapalli,TS
2019-12-18,0.0,27.9,19.4,3.14,0.238,Peddapalli,TS
2019-12-19,0.0,27.8,17.9,3.48,0.234,Peddapalli,TS
2019-12-20,0.0,28.4,17.7,3.6,0.226,Peddapalli,TS
2019-12-21,0.0,28.0,17.9,3.25,0.218,Peddapalli,TS
2019-12-22,0.1,27.8,17.6,3.07,0.216,Peddapalli,TS
2019-12-23,0.0,26.8,18.3,2.48,0.222,Peddapalli,TS
2019-12-24,0.0,27.3,19.2,2.9,0.219,Peddapalli,TS
2019-12-25,0.0,28.7,19.3,3.55,0.219,Peddapalli,TS
2019-12-26,2.1,27.5,21.2,2.23,0.22,Peddapalli,TS
2019-12-27,1.6,23.9,19.6,2.2,0.226,Peddapalli,TS
2019-12-28,0.8,25.3,16.7,4.19,0.231,Peddapalli,TS
2019-12-29,0.0,25.3,13.8,3.65,0.224,Peddapalli,TS
2019-12-30,0.3,26.9,15.6,3.24,0.222,Peddapalli,TS
2019-12-31,0.4,26.7,19.4,2.76,0.217,Peddapalli,TS
2020-01-01,1.1,27.9,19.7,2.78,0.219,Peddapalli,TS
2020-01-02,6.1,28.4,20.0,2.74,0.227,Peddapalli,TS
2020-01-03,38.2,23.3,18.4,1.17,0.433,Peddapalli,TS
2020-01-04,0.1,24.9,17.3,2.07,0.425,Peddapalli,TS
2020-01-05,0.0,25.2,17.8,3.22,0.395,Peddapalli,TS
2020-01-06,0.0,26.5,16.0,3.52,0.365,Peddapalli,TS
2020-01-07,0.3,28.0,18.7,2.71,0.341,Peddapalli,TS
2020-01-08,0.0,28.6,21.3,3.51,0.322,Peddapalli,TS
2020-01-09,1.3,27.1,19.9,2.18,0.315,Peddapalli,TS
2020-01-10,0.0,25.0,17.5,3.76,0.308,Peddapalli,TS
2020-01-11,0.0,26.0,15.3,3.86,0.289,Peddapalli,TS
2020-01-12,0.0,26.4,15.4,4.02,0.271,Peddapalli,TS
2020-01-13,0.0,27.9,13.3,3.84,0.256,Peddapalli,TS
2020-01-14,0.0,29.3,15.1,3.78,0.244,Peddapalli,TS
2020-01-15,0.0,29.3,18.1,4.08,0.237,Peddapalli,TS
2020-01-16,0.0,28.8,18.3,4.41,0.233,Peddapalli,TS
2020-01-17,0.0,28.4,19.6,3.02,0.231,Peddapalli,TS
2020-01-18,0.1,29.4,20.9,3.06,0.228,Peddapalli,TS
2020-01-19,0.4,28.9,19.9,3.03,0.225,Peddapalli,TS
2020-01-20,0.0,29.4,19.5,3.14,0.222,Peddapalli,TS
2020-01-21,0.0,30.5,19.6,3.95,0.222,Peddapalli,TS
2020-01-22,0.0,30.5,20.3,4.14,0.22,Peddapalli,TS
2020-01-23,0.0,30.5,17.8,4.04,0.221,Peddapalli,TS
2020-01-24,0.0,30.3,19.2,4.23,0.217,Peddapalli,TS
2020-01-25,0.0,30.6,18.4,4.25,0.214,Peddapalli,TS
2020-01-26,0.0,30.9,19.2,4.07,0.212,Peddapalli,TS
2020-01-27,0.0,32.1,18.5,4.54,0.212,Peddapalli,TS
2020-01-28,0.2,31.3,21.4,4.97,0.215,Peddapalli,TS
2020-01-29,0.0,30.8,21.8,4.2,0.22,Peddapalli,TS
2020-01-30,0.0,29.6,20.8,4.44,0.217,Peddapalli,TS
2020-01-31,0.0,29.2,18.3,4.52,0.215,Peddapalli,TS
2020-02-01,1.6,28.4,20.1,3.26,0.22,Peddapalli,TS
2020-02-02,0.4,27.2,19.1,2.7,0.216,Peddapalli,TS
2020-02-03,0.3,29.5,20.8,3.26,0.218,Peddapalli,TS
2020-02-04,0.0,31.6,21.3,4.39,0.215,Peddapalli,TS
2020-02-05,0.0,29.4,21.2,3.72,0.212,Peddapalli,TS
2020-02-06,0.1,31.5,21.5,3.86,0.21,Peddapalli,TS
2020-02-07,1.0,30.2,21.5,3.87,0.212,Peddapalli,TS
2020-02-08,44.1,24.8,20.2,2.01,0.321,Peddapalli,TS
2020-02-09,10.8,23.3,18.3,1.96,0.486,Peddapalli,TS
2020-02-10,1.4,25.6,18.5,2.59,0.448,Peddapalli,TS
2020-02-11,0.7,27.0,19.8,3.11,0.424,Peddapalli,TS
2020-02-12,0.5,27.5,20.1,3.18,0.407,Peddapalli,TS
2020-02-13,0.0,29.1,18.5,4.38,0.386,Peddapalli,TS
2020-02-14,0.0,30.5,16.9,4.58,0.362,Peddapalli,TS
2020-02-15,0.0,30.2,16.2,4.42,0.339,Peddapalli,TS
2020-02-16,0.0,30.7,18.3,4.5,0.324,Peddapalli,TS
2020-02-17,0.0,30.2,17.4,4.62,0.306,Peddapalli,TS
2020-02-18,0.0,29.9,18.8,4.91,0.291,Peddapalli,TS
2020-02-19,0.0,31.1,15.7,4.71,0.277,Peddapalli,TS
2020-02-20,0.0,30.8,20.2,4.58,0.27,Peddapalli,TS
2020-02-21,0.0,30.7,20.1,4.83,0.266,Peddapalli,TS
2020-02-22,0.0,31.1,19.4,4.92,0.258,Peddapalli,TS
2020-02-23,0.0,31.2,19.8,5.08,0.252,Peddapalli,TS
2020-02-24,0.0,31.7,20.7,5.1,0.249,Peddapalli,TS
2020-02-25,0.2,29.8,21.7,4.38,0.244,Peddapalli,TS
2020-02-26,0.0,29.8,19.0,4.88,0.235,Peddapalli,TS
2020-02-27,0.0,30.1,17.0,5.19,0.227,Peddapalli,TS
2020-02-28,0.0,30.6,17.8,4.92,0.224,Peddapalli,TS
2020-02-29,0.0,31.1,19.1,4.76,0.218,Peddapalli,TS
2020-03-01,0.0,30.8,19.7,4.54,0.221,Peddapalli,TS
2020-03-02,0.0,30.8,20.6,4.55,0.225,Peddapalli,TS
2020-03-03,0.0,32.2,22.2,5.07,0.225,Peddapalli,TS
2020-03-04,0.1,33.1,22.9,5.8,0.228,Peddapalli,TS
2020-03-05,0.0,32.2,21.5,5.19,0.224,Peddapalli,TS
2020-03-06,1.1,30.2,22.8,4.61,0.226,Peddapalli,TS
2020-03-07,1.7,29.5,22.5,3.33,0.253,Peddapalli,TS
2020-03-08,1.7,30.5,22.0,3.56,0.278,Peddapalli,TS
2020-03-09,2.5,29.8,21.5,3.57,0.331,Peddapalli,TS
2020-03-10,0.0,32.6,23.2,5.35,0.323,Peddapalli,TS
2020-03-11,1.1,31.4,23.0,4.46,0.306,Peddapalli,TS
2020-03-12,0.0,31.8,22.7,4.55,0.29,Peddapalli,TS
2020-03-13,0.1,32.7,22.5,4.86,0.278,Peddapalli,TS
2020-03-14,0.0,33.2,21.9,5.39,0.26,Peddapalli,TS
2020-03-15,0.0,32.9,22.5,5.15,0.249,Peddapalli,TS
2020-03-16,0.0,33.7,23.3,5.35,0.241,Peddapalli,TS
2020-03-17,0.0,34.6,23.7,5.47,0.235,Peddapalli,TS
2020-03-18,0.0,34.3,22.8,5.73,0.224,Peddapalli,TS
2020-03-19,0.9,32.7,22.6,5.11,0.219,Peddapalli,TS
2020-03-20,0.0,35.4,22.7,5.9,0.219,Peddapalli,TS
2020-03-21,0.0,34.3,23.2,5.96,0.216,Peddapalli,TS
2020-03-22,0.0,34.2,23.6,5.31,0.212,Peddapalli,TS
2020-03-23,0.1,34.5,22.8,5.38,0.212,Peddapalli,TS
2020-03-24,0.0,35.0,24.2,5.82,0.211,Peddapalli,TS
2020-03-25,0.0,35.4,24.5,6.02,0.208,Peddapalli,TS
2020-03-26,0.1,35.0,24.9,5.31,0.209,Peddapalli,TS
2020-03-27,0.0,36.6,25.2,6.75,0.214,Peddapalli,TS
2020-03-28,0.0,36.2,25.0,5.84,0.21,Peddapalli,TS
2020-03-29,0.0,36.9,25.9,5.84,0.21,Peddapalli,TS
2020-03-30,0.0,36.3,25.3,5.29,0.212,Peddapalli,TS
2020-03-31,0.0,36.3,24.6,5.45,0.215,Peddapalli,TS
2020-04-01,0.0,36.6,26.1,5.58,0.217,Peddapalli,TS
2020-04-02,0.0,37.0,25.0,5.58,0.217,Peddapalli,TS
2020-04-03,0.0,36.9,26.7,5.04,0.214,Peddapalli,TS
2020-04-04,0.0,34.6,25.9,5.46,0.214,Peddapalli,TS
2020-04-05,0.0,36.5,24.5,6.23,0.21,Peddapalli,TS
2020-04-06,0.0,36.3,25.9,5.84,0.202,Peddapalli,TS
2020-04-07,0.0,37.1,26.4,6.33,0.196,Peddapalli,TS
2020-04-08,0.0,37.3,26.2,6.53,0.194,Peddapalli,TS
2020-04-09,0.0,36.5,25.2,6.37,0.193,Peddapalli,TS
2020-04-10,0.0,36.4,24.2,5.9,0.192,Peddapalli,TS
2020-04-11,0.0,37.0,25.4,6.24,0.194,Peddapalli,TS
2020-04-12,0.0,38.2,24.9,6.34,0.193,Peddapalli,TS
2020-04-13,0.0,37.9,26.2,6.02,0.194,Peddapalli,TS
2020-04-14,0.0,38.6,25.8,6.99,0.194,Peddapalli,TS
2020-04-15,0.0,38.4,27.2,6.84,0.194,Peddapalli,TS
2020-04-16,0.0,38.8,26.8,7.59,0.194,Peddapalli,TS
2020-04-17,0.0,39.0,27.2,7.53,0.194,Peddapalli,TS
2020-04-18,0.1,37.7,27.5,7.36,0.194,Peddapalli,TS
2020-04-19,0.5,37.6,27.3,6.4,0.196,Peddapalli,TS
2020-04-20,0.0,37.9,27.2,6.19,0.195,Peddapalli,TS
2020-04-21,0.0,38.5,27.9,7.15,0.195,Peddapalli,TS
2020-04-22,0.0,38.4,27.3,7.5,0.197,Peddapalli,TS
2020-04-23,0.0,39.0,26.9,6.74,0.197,Peddapalli,TS
2020-04-24,0.5,36.9,27.5,6.4,0.199,Peddapalli,TS
2020-04-25,0.4,38.5,27.9,6.6,0.205,Peddapalli,TS
2020-04-26,0.0,38.0,27.7,6.86,0.203,Peddapalli,TS
2020-04-27,1.1,36.2,27.3,6.22,0.208,Peddapalli,TS
2020-04-28,0.2,36.6,26.2,5.94,0.209,Peddapalli,TS
2020-04-29,0.0,37.9,26.6,6.27,0.207,Peddapalli,TS
2020-04-30,0.0,38.7,27.0,6.56,0.206,Peddapalli,TS
2020-05-01,0.0,39.6,27.9,7.04,0.207,Peddapalli,TS
2020-05-02,0.0,39.0,26.9,6.58,0.206,Peddapalli,TS
2020-05-03,0.0,40.4,28.5,7.33,0.208,Peddapalli,TS
2020-05-04,0.0,40.8,28.6,7.33,0.207,Peddapalli,TS
2020-05-05,0.0,40.4,28.6,7.24,0.207,Peddapalli,TS
2020-05-06,0.3,39.9,28.5,7.03,0.202,Peddapalli,TS
2020-05-07,0.0,38.4,27.6,6.69,0.202,Peddapalli,TS
2020-05-08,0.1,38.7,29.0,7.06,0.203,Peddapalli,TS
2020-05-09,0.0,39.7,28.6,6.63,0.205,Peddapalli,TS
2020-05-10,0.0,38.7,27.9,6.6,0.213,Peddapalli,TS
2020-05-11,0.0,37.9,26.9,6.53,0.223,Peddapalli,TS
2020-05-12,0.0,38.4,28.1,7.0,0.212,Peddapalli,TS
2020-05-13,0.0,38.5,27.9,6.74,0.209,Peddapalli,TS
2020-05-14,0.0,39.3,28.1,7.05,0.203,Peddapalli,TS
2020-05-15,0.1,39.1,29.2,6.5,0.203,Peddapalli,TS
2020-05-16,0.0,38.6,27.2,6.03,0.237,Peddapalli,TS
2020-05-17,0.0,38.7,27.5,6.37,0.231,Peddapalli,TS
2020-05-18,0.0,39.0,28.5,6.69,0.217,Peddapalli,TS
2020-05-19,0.0,40.1,29.5,8.26,0.214,Peddapalli,TS
2020-05-20,0.0,42.7,27.9,8.86,0.211,Peddapalli,TS
2020-05-21,0.0,42.4,28.9,9.72,0.208,Peddapalli,TS
2020-05-22,0.0,43.2,25.2,8.37,0.208,Peddapalli,TS
2020-05-23,0.0,42.5,27.2,7.96,0.207,Peddapalli,TS
2020-05-24,0.0,41.9,29.1,7.68,0.207,Peddapalli,TS
2020-05-25,0.0,41.5,30.1,7.57,0.207,Peddapalli,TS
2020-05-26,0.0,41.6,29.9,7.73,0.206,Peddapalli,TS
2020-05-27,0.0,41.7,30.1,8.09,0.206,Peddapalli,TS
2020-05-28,0.0,43.0,30.7,8.62,0.207,Peddapalli,TS
2020-05-29,0.0,41.3,30.4,8.03,0.207,Peddapalli,TS
2020-05-30,0.0,38.7,28.4,6.14,0.207,Peddapalli,TS
2020-05-31,16.2,34.5,29.8,5.38,0.265,Peddapalli,TS
2020-06-01,0.3,36.0,28.8,4.83,0.21,Peddapalli,TS
2020-06-02,15.6,37.1,26.8,5.36,0.227,Peddapalli,TS
2020-06-03,0.6,34.3,25.4,4.72,0.248,Peddapalli,TS
2020-06-04,0.0,36.3,27.3,7.69,0.243,Peddapalli,TS
2020-06-05,0.0,36.8,27.7,7.16,0.228,Peddapalli,TS
2020-06-06,0.0,37.2,28.3,7.12,0.215,Peddapalli,TS
2020-06-07,0.0,38.4,29.3,7.28,0.206,Peddapalli,TS
2020-06-08,0.0,39.0,29.9,7.67,0.201,Peddapalli,TS
2020-06-09,1.5,38.8,28.0,7.69,0.202,Peddapalli,TS
2020-06-10,3.8,36.8,27.4,5.42,0.216,Peddapalli,TS
2020-06-11,13.5,31.1,25.4,2.83,0.299,Peddapalli,TS
2020-06-12,17.3,30.4,25.3,2.63,0.446,Peddapalli,TS
2020-06-13,0.6,33.5,25.8,4.27,0.401,Peddapalli,TS
2020-06-14,2.9,34.5,27.4,5.16,0.351,Peddapalli,TS
2020-06-15,8.8,33.8,26.7,3.71,0.369,Peddapalli,TS
2020-06-16,24.4,29.1,25.7,2.22,0.473,Peddapalli,TS
2020-06-17,8.6,28.5,25.1,2.04,0.485,Peddapalli,TS
2020-06-18,6.3,30.6,24.9,3.2,0.473,Peddapalli,TS
2020-06-19,1.4,33.7,25.2,5.38,0.425,Peddapalli,TS
2020-06-20,0.5,32.5,26.6,4.15,0.399,Peddapalli,TS
2020-06-21,0.4,31.1,26.4,3.3,0.384,Peddapalli,TS
2020-06-22,6.3,28.0,26.0,2.24,0.389,Peddapalli,TS
2020-06-23,0.0,33.9,25.8,5.1,0.369,Peddapalli,TS
2020-06-24,6.5,34.1,25.9,5.32,0.342,Peddapalli,TS
2020-06-25,5.3,34.4,25.7,5.75,0.322,Peddapalli,TS
2020-06-26,0.0,35.0,26.6,6.16,0.274,Peddapalli,TS
2020-06-27,1.1,35.6,27.4,5.52,0.251,Peddapalli,TS
2020-06-28,1.8,32.0,26.2,3.33,0.281,Peddapalli,TS
2020-06-29,8.3,32.5,25.2,4.15,0.302,Peddapalli,TS
2020-06-30,1.1,31.7,25.3,3.36,0.352,Peddapalli,TS
2020-07-01,6.3,34.1,25.5,4.88,0.374,Peddapalli,TS
2020-07-02,9.5,33.6,25.7,4.48,0.374,Peddapalli,TS
2020-07-03,2.1,34.0,26.3,4.76,0.345,Peddapalli,TS
2020-07-04,21.3,28.7,25.6,1.9,0.465,Peddapalli,TS
2020-07-05,10.8,30.3,25.0,3.08,0.46,Peddapalli,TS
2020-07-06,7.3,27.9,24.8,1.8,0.479,Peddapalli,TS
2020-07-07,0.2,32.7,24.9,4.55,0.432,Peddapalli,TS
2020-07-08,0.3,32.8,25.8,4.88,0.383,Peddapalli,TS
2020-07-09,7.3,30.2,25.5,3.13,0.406,Peddapalli,TS
2020-07-10,16.8,28.9,25.0,2.11,0.483,Peddapalli,TS
2020-07-11,0.5,32.0,25.3,4.56,0.436,Peddapalli,TS
2020-07-12,4.5,32.6,25.7,4.04,0.416,Peddapalli,TS
2020-07-13,11.7,29.9,25.3,2.58,0.477,Peddapalli,TS
2020-07-14,28.2,29.3,24.9,2.04,0.499,Peddapalli,TS
2020-07-15,18.8,27.1,24.5,1.42,0.511,Peddapalli,TS
2020-07-16,3.9,29.4,24.0,3.48,0.493,Peddapalli,TS
2020-07-17,1.5,32.1,24.7,4.98,0.464,Peddapalli,TS
2020-07-18,0.6,32.3,25.0,4.56,0.441,Peddapalli,TS
2020-07-19,10.1,31.9,25.8,3.66,0.47,Peddapalli,TS
2020-07-20,4.9,31.0,25.5,3.36,0.482,Peddapalli,TS
2020-07-21,3.2,31.9,25.1,4.29,0.463,Peddapalli,TS
2020-07-22,3.2,32.4,25.9,3.73,0.431,Peddapalli,TS
2020-07-23,32.9,27.2,25.0,1.11,0.502,Peddapalli,TS
2020-07-24,10.1,30.6,24.3,3.26,0.504,Peddapalli,TS
2020-07-25,0.1,30.5,24.6,2.81,0.489,Peddapalli,TS
2020-07-26,0.3,32.6,24.4,5.13,0.453,Peddapalli,TS
2020-07-27,0.1,32.7,25.5,5.11,0.416,Peddapalli,TS
2020-07-28,12.0,32.3,24.9,4.35,0.426,Peddapalli,TS
2020-07-29,9.2,30.8,24.7,3.77,0.457,Peddapalli,TS
2020-07-30,1.5,32.0,24.7,4.72,0.438,Peddapalli,TS
2020-07-31,1.1,32.1,25.9,4.27,0.409,Peddapalli,TS
2020-08-01,4.9,31.3,25.8,3.47,0.412,Peddapalli,TS
2020-08-02,8.1,32.0,25.4,4.12,0.434,Peddapalli,TS
2020-08-03,3.5,30.2,25.5,3.3,0.461,Peddapalli,TS
2020-08-04,7.9,28.6,25.0,2.63,0.471,Peddapalli,TS
2020-08-05,4.3,30.7,24.6,3.62,0.484,Peddapalli,TS
2020-08-06,7.5,32.3,24.7,4.2,0.476,Peddapalli,TS
2020-08-07,0.8,33.1,25.4,5.35,0.433,Peddapalli,TS
2020-08-08,1.2,31.2,26.4,3.49,0.409,Peddapalli,TS
2020-08-09,1.8,31.0,25.4,3.52,0.394,Peddapalli,TS
2020-08-10,20.5,27.5,24.9,1.84,0.486,Peddapalli,TS
2020-08-11,4.9,30.2,24.5,3.08,0.477,Peddapalli,TS
2020-08-12,11.7,30.0,25.1,2.52,0.485,Peddapalli,TS
2020-08-13,50.6,26.4,24.3,1.38,0.51,Peddapalli,TS
2020-08-14,46.3,26.0,23.6,1.3,0.511,Peddapalli,TS
2020-08-15,51.1,25.4,23.5,1.26,0.51,Peddapalli,TS
2020-08-16,45.4,26.7,23.8,1.6,0.508,Peddapalli,TS
2020-08-17,43.0,28.5,24.0,2.0,0.509,Peddapalli,TS
2020-08-18,8.4,29.3,24.5,2.95,0.497,Peddapalli,TS
2020-08-19,22.0,27.5,24.5,1.64,0.509,Peddapalli,TS
2020-08-20,28.5,26.0,24.3,1.5,0.51,Peddapalli,TS
2020-08-21,9.4,28.0,24.4,2.35,0.504,Peddapalli,TS
2020-08-22,0.2,31.4,24.7,4.55,0.477,Peddapalli,TS
2020-08-23,0.8,31.5,24.5,4.53,0.451,Peddapalli,TS
2020-08-24,0.5,32.1,25.1,5.12,0.432,Peddapalli,TS
2020-08-25,0.0,32.0,25.0,5.1,0.407,Peddapalli,TS
2020-08-26,3.8,30.8,25.1,3.75,0.397,Peddapalli,TS
2020-08-27,10.2,27.2,24.8,1.55,0.477,Peddapalli,TS
2020-08-28,1.0,29.8,24.2,3.37,0.476,Peddapalli,TS
2020-08-29,0.2,30.6,25.0,4.37,0.444,Peddapalli,TS
2020-08-30,0.4,31.5,24.4,4.9,0.414,Peddapalli,TS
2020-08-31,0.5,32.3,24.7,5.08,0.39,Peddapalli,TS
2020-09-01,0.3,32.0,24.6,4.87,0.365,Peddapalli,TS
2020-09-02,1.1,28.9,25.5,2.47,0.36,Peddapalli,TS
2020-09-03,0.8,31.4,23.8,4.57,0.377,Peddapalli,TS
2020-09-04,1.2,32.2,25.0,4.62,0.362,Peddapalli,TS
2020-09-05,5.8,31.4,25.1,3.77,0.367,Peddapalli,TS
2020-09-06,1.2,32.8,25.1,4.66,0.375,Peddapalli,TS
2020-09-07,2.2,32.2,25.4,4.79,0.434,Peddapalli,TS
2020-09-08,0.5,31.9,25.5,4.27,0.407,Peddapalli,TS
2020-09-09,3.7,31.9,25.2,4.19,0.423,Peddapalli,TS
2020-09-10,4.9,30.9,25.0,3.14,0.453,Peddapalli,TS
2020-09-11,4.0,30.4,24.9,3.03,0.454,Peddapalli,TS
2020-09-12,15.7,31.8,24.4,4.05,0.46,Peddapalli,TS
2020-09-13,18.9,30.6,24.8,3.64,0.491,Peddapalli,TS
2020-09-14,47.4,30.3,24.0,3.42,0.512,Peddapalli,TS
2020-09-15,14.0,30.5,23.8,3.24,0.499,Peddapalli,TS
2020-09-16,9.2,30.1,24.1,3.26,0.5,Peddapalli,TS
2020-09-17,12.9,31.4,24.5,3.81,0.503,Peddapalli,TS
2020-09-18,9.3,31.4,24.5,4.07,0.495,Peddapalli,TS
2020-09-19,14.5,31.1,24.8,3.66,0.494,Peddapalli,TS
2020-09-20,10.9,30.7,24.6,3.42,0.499,Peddapalli,TS
2020-09-21,7.9,29.5,24.8,2.39,0.502,Peddapalli,TS
2020-09-22,21.1,30.8,25.0,3.28,0.505,Peddapalli,TS
2020-09-23,0.1,31.7,24.7,4.56,0.481,Peddapalli,TS
2020-09-24,0.6,31.1,25.1,4.21,0.454,Peddapalli,TS
2020-09-25,15.5,29.4,25.4,2.8,0.476,Peddapalli,TS
2020-09-26,7.1,28.4,24.0,2.19,0.494,Peddapalli,TS
2020-09-27,1.9,29.8,24.1,3.62,0.472,Peddapalli,TS
2020-09-28,0.9,31.0,23.9,4.33,0.446,Peddapalli,TS
2020-09-29,2.5,30.6,24.6,3.93,0.429,Peddapalli,TS
2020-09-30,2.8,30.6,24.6,3.57,0.44,Peddapalli,TS
2020-10-01,4.1,31.0,25.1,3.75,0.456,Peddapalli,TS
2020-10-02,0.0,32.8,24.8,4.67,0.408,Peddapalli,TS
2020-10-03,0.0,33.2,24.7,5.31,0.379,Peddapalli,TS
2020-10-04,0.0,32.6,24.7,5.15,0.353,Peddapalli,TS
2020-10-05,0.0,32.2,24.3,5.5,0.33,Peddapalli,TS
2020-10-06,0.0,31.3,24.2,4.09,0.313,Peddapalli,TS
2020-10-07,26.8,28.1,24.0,1.99,0.436,Peddapalli,TS
2020-10-08,5.9,29.8,23.5,3.54,0.479,Peddapalli,TS
2020-10-09,6.9,30.8,24.0,3.63,0.479,Peddapalli,TS
2020-10-10,2.0,30.3,24.7,2.97,0.474,Peddapalli,TS
2020-10-11,19.5,27.9,24.2,1.89,0.501,Peddapalli,TS
2020-10-12,6.5,28.9,23.3,1.99,0.505,Peddapalli,TS
2020-10-13,48.8,26.5,24.4,1.2,0.509,Peddapalli,TS
2020-10-14,14.5,29.0,23.9,2.77,0.498,Peddapalli,TS
2020-10-15,5.2,28.2,24.0,2.39,0.497,Peddapalli,TS
2020-10-16,4.6,30.1,23.7,3.28,0.483,Peddapalli,TS
2020-10-17,7.4,30.1,23.9,3.28,0.481,Peddapalli,TS
2020-10-18,3.2,30.5,24.0,3.67,0.476,Peddapalli,TS
2020-10-19,3.7,31.1,24.0,3.84,0.456,Peddapalli,TS
2020-10-20,0.2,30.8,24.7,3.29,0.425,Peddapalli,TS
2020-10-21,0.2,31.0,24.1,4.03,0.397,Peddapalli,TS
2020-10-22,0.0,31.4,23.0,4.57,0.377,Peddapalli,TS
2020-10-23,0.0,31.8,21.2,4.75,0.359,Peddapalli,TS
2020-10-24,0.0,31.5,21.3,4.54,0.346,Peddapalli,TS
2020-10-25,0.0,31.4,22.3,4.3,0.327,Peddapalli,TS
2020-10-26,0.0,31.3,21.5,4.63,0.309,Peddapalli,TS
2020-10-27,0.0,30.6,21.4,4.27,0.297,Peddapalli,TS
2020-10-28,0.0,30.7,20.2,4.22,0.288,Peddapalli,TS
2020-10-29,0.0,30.7,20.8,4.29,0.275,Peddapalli,TS
2020-10-30,0.0,31.0,22.7,4.58,0.268,Peddapalli,TS
2020-10-31,0.0,30.7,20.8,4.81,0.255,Peddapalli,TS
2020-11-01,0.0,31.1,20.9,4.85,0.243,Peddapalli,TS
2020-11-02,0.0,31.6,21.7,4.92,0.233,Peddapalli,TS
2020-11-03,0.0,31.7,22.2,5.09,0.225,Peddapalli,TS
2020-11-04,0.0,30.8,19.7,5.06,0.223,Peddapalli,TS
2020-11-05,0.0,30.8,18.2,5.15,0.219,Peddapalli,TS
2020-11-06,0.0,30.7,20.1,4.63,0.214,Peddapalli,TS
2020-11-07,0.0,31.0,20.6,5.14,0.205,Peddapalli,TS
2020-11-08,0.0,29.9,18.3,5.08,0.201,Peddapalli,TS
2020-11-09,0.0,29.1,17.5,5.06,0.207,Peddapalli,TS
2020-11-10,0.0,28.5,16.0,4.64,0.211,Peddapalli,TS
2020-11-11,0.0,30.0,17.9,4.66,0.21,Peddapalli,TS
2020-11-12,0.3,30.4,19.8,3.74,0.211,Peddapalli,TS
2020-11-13,0.2,31.0,21.5,3.82,0.211,Peddapalli,TS
2020-11-14,0.0,32.0,21.1,4.27,0.212,Peddapalli,TS
2020-11-15,0.0,31.7,20.5,4.29,0.212,Peddapalli,TS
2020-11-16,0.1,32.3,22.4,4.2,0.208,Peddapalli,TS
2020-11-17,0.0,32.2,21.7,4.44,0.205,Peddapalli,TS
2020-11-18,0.0,31.8,21.7,4.5,0.207,Peddapalli,TS
2020-11-19,0.0,32.5,22.9,4.47,0.205,Peddapalli,TS
2020-11-20,0.0,32.5,21.3,4.26,0.203,Peddapalli,TS
2020-11-21,0.0,30.7,21.8,4.12,0.205,Peddapalli,TS
2020-11-22,0.0,30.8,22.7,4.36,0.206,Peddapalli,TS
2020-11-23,0.0,30.5,19.6,4.57,0.207,Peddapalli,TS
2020-11-24,0.0,30.1,17.5,4.74,0.208,Peddapalli,TS
2020-11-25,0.0,30.2,18.2,4.65,0.207,Peddapalli,TS
2020-11-26,0.7,27.9,21.0,3.06,0.207,Peddapalli,TS
2020-11-27,10.3,22.6,18.9,1.47,0.252,Peddapalli,TS
2020-11-28,0.1,26.5,18.8,2.87,0.394,Peddapalli,TS
2020-11-29,0.0,28.8,20.0,3.28,0.371,Peddapalli,TS
2020-11-30,0.0,29.2,20.8,3.51,0.337,Peddapalli,TS
2020-12-01,0.0,29.2,18.6,3.62,0.311,Peddapalli,TS
2020-12-02,0.0,29.1,17.0,3.98,0.289,Peddapalli,TS
2020-12-03,0.0,29.7,16.9,4.12,0.275,Peddapalli,TS
2020-12-04,0.0,29.8,17.7,4.33,0.263,Peddapalli,TS
2020-12-05,0.0,29.2,15.4,4.16,0.255,Peddapalli,TS
2020-12-06,0.0,29.7,14.8,4.16,0.243,Peddapalli,TS
2020-12-07,0.0,30.7,15.5,4.37,0.229,Peddapalli,TS
2020-12-08,0.0,30.5,15.9,3.83,0.222,Peddapalli,TS
2020-12-09,0.0,30.4,15.5,3.92,0.216,Peddapalli,TS
2020-12-10,0.0,30.6,16.7,3.85,0.207,Peddapalli,TS
2020-12-11,0.0,30.5,18.3,4.02,0.199,Peddapalli,TS
2020-12-12,0.0,30.6,18.8,4.04,0.193,Peddapalli,TS
2020-12-13,0.0,30.2,18.9,3.83,0.189,Peddapalli,TS
2020-12-14,0.0,30.4,19.6,4.01,0.185,Peddapalli,TS
2020-12-15,0.0,29.9,19.4,3.98,0.184,Peddapalli,TS
2020-12-16,0.0,30.4,19.5,3.62,0.183,Peddapalli,TS
2020-12-17,0.0,30.7,19.1,4.1,0.185,Peddapalli,TS
2020-12-18,0.0,29.5,19.1,4.27,0.188,Peddapalli,TS
2020-12-19,0.0,28.7,17.8,4.41,0.19,Peddapalli,TS
2020-12-20,0.0,28.3,16.8,4.63,0.197,Peddapalli,TS
2020-12-21,0.0,27.6,15.6,4.36,0.209,Peddapalli,TS
2020-12-22,0.0,28.0,13.7,4.38,0.209,Peddapalli,TS
2020-12-23,0.0,28.0,11.9,3.93,0.207,Peddapalli,TS
2020-12-24,0.0,27.9,14.0,3.76,0.206,Peddapalli,TS
2020-12-25,0.0,28.2,15.4,3.78,0.206,Peddapalli,TS
2020-12-26,0.0,28.1,15.4,3.7,0.206,Peddapalli,TS
2020-12-27,0.0,29.1,15.1,3.78,0.209,Peddapalli,TS
2020-12-28,0.0,29.8,14.2,4.11,0.211,Peddapalli,TS
2020-12-29,0.0,29.4,15.5,3.94,0.209,Peddapalli,TS
2020-12-30,0.0,28.7,17.1,3.8,0.21,Peddapalli,TS
2020-12-31,0.0,28.8,18.1,3.47,0.208,Peddapalli,TS
2021-01-01,0.0,28.9,18.4,3.47,0.207,Peddapalli,TS
2021-01-02,0.0,28.7,17.6,3.75,0.207,Peddapalli,TS
2021-01-03,0.0,28.5,16.7,3.66,0.207,Peddapalli,TS
2021-01-04,0.0,28.6,17.6,3.78,0.207,Peddapalli,TS
2021-01-05,0.0,29.2,18.0,3.69,0.207,Peddapalli,TS
2021-01-06,0.1,28.5,21.1,2.24,0.208,Peddapalli,TS
2021-01-07,1.9,26.7,22.1,1.54,0.224,Peddapalli,TS
2021-01-08,0.0,31.1,19.9,3.86,0.216,Peddapalli,TS
2021-01-09,0.0,30.9,19.6,4.32,0.212,Peddapalli,TS
2021-01-10,0.0,31.3,17.9,4.03,0.209,Peddapalli,TS
2021-01-11,0.0,32.0,18.4,4.12,0.208,Peddapalli,TS
2021-01-12,0.0,31.3,20.2,3.87,0.208,Peddapalli,TS
2021-01-13,0.0,30.4,18.8,3.9,0.208,Peddapalli,TS
2021-01-14,0.0,29.9,17.1,4.05,0.208,Peddapalli,TS
2021-01-15,0.0,29.7,16.7,4.0,0.208,Peddapalli,TS
2021-01-16,0.0,30.3,17.2,4.05,0.208,Peddapalli,TS
2021-01-17,0.0,30.5,17.4,4.12,0.208,Peddapalli,TS
2021-01-18,0.0,29.6,18.2,3.82,0.207,Peddapalli,TS
2021-01-19,0.0,30.4,17.6,4.02,0.206,Peddapalli,TS
2021-01-20,0.0,32.1,19.3,4.64,0.207,Peddapalli,TS
2021-01-21,0.0,32.1,19.8,4.62,0.207,Peddapalli,TS
2021-01-22,0.0,31.4,21.1,4.37,0.207,Peddapalli,TS
2021-01-23,0.0,31.6,17.9,4.34,0.207,Peddapalli,TS
2021-01-24,0.0,32.2,20.0,4.54,0.207,Peddapalli,TS
2021-01-25,0.0,31.9,20.4,4.51,0.207,Peddapalli,TS
2021-01-26,0.0,31.8,20.5,4.46,0.207,Peddapalli,TS
2021-01-27,0.0,31.4,20.5,4.24,0.207,Peddapalli,TS
2021-01-28,0.0,31.1,20.9,4.67,0.207,Peddapalli,TS
2021-01-29,0.0,31.2,20.1,4.13,0.207,Peddapalli,TS
2021-01-30,0.0,30.0,21.3,3.93,0.207,Peddapalli,TS
2021-01-31,0.0,30.3,20.4,4.21,0.207,Peddapalli,TS
2021-02-01,0.0,30.3,18.3,4.83,0.207,Peddapalli,TS
2021-02-02,0.0,30.4,16.5,4.87,0.207,Peddapalli,TS
2021-02-03,0.0,30.6,15.6,4.75,0.207,Peddapalli,TS
2021-02-04,0.0,30.2,16.2,4.84,0.207,Peddapalli,TS
2021-02-05,0.0,30.2,15.2,4.76,0.207,Peddapalli,TS
2021-02-06,0.0,30.6,18.0,4.91,0.207,Peddapalli,TS
2021-02-07,0.0,29.5,19.3,5.66,0.207,Peddapalli,TS
2021-02-08,0.0,29.1,16.1,5.23,0.207,Peddapalli,TS
2021-02-09,0.0,30.5,15.2,5.11,0.207,Peddapalli,TS
2021-02-10,0.0,31.0,15.2,4.72,0.207,Peddapalli,TS
2021-02-11,0.0,31.8,16.4,5.0,0.207,Peddapalli,TS
2021-02-12,0.0,31.7,18.1,4.88,0.207,Peddapalli,TS
2021-02-13,0.0,32.1,19.5,5.17,0.207,Peddapalli,TS
2021-02-14,0.0,32.7,19.8,5.14,0.207,Peddapalli,TS
2021-02-15,0.0,33.2,19.9,5.36,0.207,Peddapalli,TS
2021-02-16,0.0,33.9,20.5,6.05,0.207,Peddapalli,TS
2021-02-17,0.0,32.9,21.2,5.79,0.207,Peddapalli,TS
2021-02-18,0.0,31.2,19.4,4.95,0.207,Peddapalli,TS
2021-02-19,0.8,28.3,19.3,4.26,0.21,Peddapalli,TS
2021-02-20,0.0,29.0,20.2,3.51,0.212,Peddapalli,TS
2021-02-21,0.0,31.0,19.8,4.68,0.21,Peddapalli,TS
2021-02-22,0.0,32.6,20.3,5.16,0.209,Peddapalli,TS
2021-02-23,0.0,33.3,18.6,5.52,0.208,Peddapalli,TS
2021-02-24,0.0,33.9,17.8,5.38,0.207,Peddapalli,TS
2021-02-25,0.0,35.2,18.1,5.83,0.207,Peddapalli,TS
2021-02-26,0.0,36.3,21.2,6.12,0.207,Peddapalli,TS
2021-02-27,0.0,36.3,21.8,6.1,0.207,Peddapalli,TS
2021-02-28,0.0,36.3,20.0,5.55,0.206,Peddapalli,TS
2021-03-01,0.0,36.3,21.3,5.37,0.206,Peddapalli,TS
2021-03-02,0.0,36.8,23.4,6.31,0.207,Peddapalli,TS
2021-03-03,0.0,35.9,20.7,6.18,0.207,Peddapalli,TS
2021-03-04,0.0,35.8,21.1,5.99,0.207,Peddapalli,TS
2021-03-05,0.0,36.2,20.7,6.09,0.207,Peddapalli,TS
2021-03-06,0.0,36.2,21.4,6.27,0.207,Peddapalli,TS
2021-03-07,0.0,36.0,20.3,5.97,0.207,Peddapalli,TS
2021-03-08,0.0,36.4,21.7,6.41,0.207,Peddapalli,TS
2021-03-09,0.0,36.1,22.3,6.39,0.207,Peddapalli,TS
2021-03-10,0.0,36.4,22.4,6.56,0.207,Peddapalli,TS
2021-03-11,0.0,36.9,23.0,7.3,0.207,Peddapalli,TS
2021-03-12,0.0,36.5,22.2,7.24,0.207,Peddapalli,TS
2021-03-13,0.0,34.8,21.0,6.44,0.207,Peddapalli,TS
2021-03-14,0.0,35.8,20.9,6.3,0.207,Peddapalli,TS
2021-03-15,0.0,36.3,21.6,6.39,0.207,Peddapalli,TS
2021-03-16,0.0,36.7,22.9,6.05,0.207,Peddapalli,TS
2021-03-17,0.0,36.5,23.5,5.71,0.207,Peddapalli,TS
2021-03-18,0.0,36.0,24.0,6.3,0.207,Peddapalli,TS
2021-03-19,0.0,35.3,24.2,5.46,0.207,Peddapalli,TS
2021-03-20,0.0,35.4,23.1,5.52,0.208,Peddapalli,TS
2021-03-21,0.0,35.9,23.5,5.2,0.207,Peddapalli,TS
2021-03-22,0.0,37.2,23.7,6.0,0.206,Peddapalli,TS
2021-03-23,0.0,36.6,26.0,6.92,0.212,Peddapalli,TS
2021-03-24,0.0,36.8,24.3,6.36,0.216,Peddapalli,TS
2021-03-25,0.0,37.9,24.4,6.51,0.211,Peddapalli,TS
2021-03-26,0.0,38.0,24.1,6.55,0.209,Peddapalli,TS
2021-03-27,0.0,38.8,25.8,6.72,0.207,Peddapalli,TS
2021-03-28,0.0,39.5,23.1,7.08,0.207,Peddapalli,TS
2021-03-29,0.0,39.7,24.1,6.9,0.207,Peddapalli,TS
2021-03-30,0.0,40.9,25.7,9.03,0.207,Peddapalli,TS
2021-03-31,0.0,40.7,27.0,8.8,0.207,Peddapalli,TS
2021-04-01,0.0,40.4,25.6,8.04,0.207,Peddapalli,TS
2021-04-02,0.0,40.4,24.8,7.71,0.207,Peddapalli,TS
2021-04-03,0.0,40.0,26.0,6.81,0.207,Peddapalli,TS
2021-04-04,0.0,38.2,25.8,6.12,0.207,Peddapalli,TS
2021-04-05,0.0,38.9,24.8,6.5,0.207,Peddapalli,TS
2021-04-06,0.0,39.6,24.4,6.93,0.209,Peddapalli,TS
2021-04-07,0.0,38.6,25.7,6.64,0.213,Peddapalli,TS
2021-04-08,0.0,39.0,26.5,6.75,0.21,Peddapalli,TS
2021-04-09,0.0,37.3,27.2,6.52,0.208,Peddapalli,TS
2021-04-10,2.9,36.8,26.9,6.71,0.208,Peddapalli,TS
2021-04-11,0.0,36.5,25.3,6.15,0.204,Peddapalli,TS
2021-04-12,0.0,35.5,26.1,5.46,0.205,Peddapalli,TS
2021-04-13,0.4,35.5,26.0,5.22,0.204,Peddapalli,TS
2021-04-14,0.0,33.6,25.1,3.64,0.205,Peddapalli,TS
2021-04-15,2.3,35.1,21.8,6.06,0.22,Peddapalli,TS
2021-04-16,0.0,36.4,23.9,6.14,0.212,Peddapalli,TS
2021-04-17,0.0,36.9,25.5,6.37,0.212,Peddapalli,TS
2021-04-18,0.0,37.3,26.2,6.07,0.209,Peddapalli,TS
2021-04-19,0.0,38.7,26.7,6.61,0.208,Peddapalli,TS
2021-04-20,0.0,38.3,27.6,7.22,0.209,Peddapalli,TS
2021-04-21,0.0,38.0,26.5,6.73,0.21,Peddapalli,TS
2021-04-22,0.0,37.3,25.2,5.95,0.21,Peddapalli,TS
2021-04-23,0.0,37.3,26.3,6.01,0.211,Peddapalli,TS
2021-04-24,0.0,38.9,26.0,7.13,0.209,Peddapalli,TS
2021-04-25,0.0,38.8,26.3,6.97,0.206,Peddapalli,TS
2021-04-26,0.0,38.7,27.1,6.64,0.205,Peddapalli,TS
2021-04-27,0.0,39.0,26.7,6.77,0.206,Peddapalli,TS
2021-04-28,0.0,39.4,26.3,6.32,0.205,Peddapalli,TS
2021-04-29,0.0,40.1,27.0,7.5,0.208,Peddapalli,TS
2021-04-30,0.0,39.3,26.7,8.0,0.209,Peddapalli,TS
2021-05-01,0.0,37.3,27.2,6.12,0.209,Peddapalli,TS
2021-05-02,0.0,37.3,27.0,6.5,0.209,Peddapalli,TS
2021-05-03,0.0,36.3,26.2,5.79,0.207,Peddapalli,TS
2021-05-04,0.0,37.8,26.5,5.94,0.209,Peddapalli,TS
2021-05-05,0.0,38.4,27.6,7.12,0.208,Peddapalli,TS
2021-05-06,0.0,37.7,27.3,7.1,0.206,Peddapalli,TS
2021-05-07,0.0,37.3,27.4,6.36,0.206,Peddapalli,TS
2021-05-08,0.0,37.7,28.0,6.41,0.203,Peddapalli,TS
2021-05-09,0.4,37.1,27.7,6.68,0.203,Peddapalli,TS
2021-05-10,0.0,37.8,27.9,6.55,0.201,Peddapalli,TS
2021-05-11,3.2,38.7,28.4,6.6,0.206,Peddapalli,TS
2021-05-12,0.0,39.4,27.7,7.81,0.203,Peddapalli,TS
2021-05-13,0.0,39.8,29.2,7.33,0.205,Peddapalli,TS
2021-05-14,0.1,37.7,28.8,6.75,0.205,Peddapalli,TS
2021-05-15,0.0,38.6,28.1,7.96,0.206,Peddapalli,TS
2021-05-16,0.3,34.2,27.7,4.48,0.203,Peddapalli,TS
2021-05-17,0.2,36.3,27.1,6.46,0.206,Peddapalli,TS
2021-05-18,0.0,37.1,27.6,7.67,0.209,Peddapalli,TS
2021-05-19,0.1,38.5,27.6,7.54,0.208,Peddapalli,TS
2021-05-20,2.7,38.1,26.1,6.46,0.225,Peddapalli,TS
2021-05-21,0.0,38.8,28.6,6.93,0.218,Peddapalli,TS
2021-05-22,0.0,38.6,27.1,6.78,0.212,Peddapalli,TS
2021-05-23,0.0,40.0,28.4,7.53,0.21,Peddapalli,TS
2021-05-24,0.0,40.7,29.6,8.76,0.209,Peddapalli,TS
2021-05-25,0.0,39.8,29.3,8.67,0.211,Peddapalli,TS
2021-05-26,0.0,39.8,30.9,10.5,0.209,Peddapalli,TS
2021-05-27,0.0,39.1,31.7,9.28,0.208,Peddapalli,TS
2021-05-28,0.0,38.2,30.0,7.7,0.208,Peddapalli,TS
2021-05-29,0.0,40.4,30.3,7.83,0.202,Peddapalli,TS
2021-05-30,0.0,36.8,28.6,6.16,0.2,Peddapalli,TS
2021-05-31,0.0,39.5,29.8,7.32,0.201,Peddapalli,TS
2021-06-01,2.4,37.9,29.6,6.22,0.202,Peddapalli,TS
2021-06-02,1.2,35.3,25.6,5.99,0.233,Peddapalli,TS
2021-06-03,0.0,35.8,26.9,5.28,0.23,Peddapalli,TS
2021-06-04,1.4,34.5,26.8,4.15,0.285,Peddapalli,TS
2021-06-05,0.7,35.4,26.1,5.36,0.325,Peddapalli,TS
2021-06-06,0.8,36.0,26.0,6.05,0.305,Peddapalli,TS
2021-06-07,4.2,36.4,27.6,5.63,0.284,Peddapalli,TS
2021-06-08,3.0,36.0,26.8,5.57,0.278,Peddapalli,TS
2021-06-09,13.3,28.8,25.2,2.08,0.43,Peddapalli,TS
2021-06-10,10.2,31.8,25.5,3.96,0.432,Peddapalli,TS
2021-06-11,7.1,29.3,24.2,3.33,0.47,Peddapalli,TS
2021-06-12,1.4,30.4,26.0,3.63,0.434,Peddapalli,TS
2021-06-13,10.1,32.3,25.2,3.43,0.469,Peddapalli,TS
2021-06-14,13.6,29.6,24.9,2.61,0.481,Peddapalli,TS
2021-06-15,2.5,32.1,24.9,3.87,0.467,Peddapalli,TS
2021-06-16,2.1,31.5,25.9,3.93,0.442,Peddapalli,TS
2021-06-17,13.8,28.8,25.3,2.06,0.484,Peddapalli,TS
2021-06-18,0.7,31.9,25.4,4.54,0.472,Peddapalli,TS
2021-06-19,4.2,29.6,24.9,3.41,0.465,Peddapalli,TS
2021-06-20,0.4,32.7,25.7,5.67,0.436,Peddapalli,TS
2021-06-21,0.0,32.3,25.9,5.9,0.398,Peddapalli,TS
2021-06-22,0.0,32.8,25.9,4.58,0.37,Peddapalli,TS
2021-06-23,1.7,30.0,25.3,2.53,0.398,Peddapalli,TS
2021-06-24,0.7,30.6,25.0,4.06,0.422,Peddapalli,TS
2021-06-25,0.9,31.7,24.7,5.19,0.407,Peddapalli,TS
2021-06-26,3.7,31.9,25.8,4.19,0.388,Peddapalli,TS
2021-06-27,14.4,31.3,24.5,3.22,0.471,Peddapalli,TS
2021-06-28,10.3,31.4,24.5,4.33,0.478,Peddapalli,TS
2021-06-29,0.7,33.3,24.9,4.98,0.455,Peddapalli,TS
2021-06-30,1.8,34.3,26.7,5.32,0.415,Peddapalli,TS
2021-07-01,1.5,32.4,26.4,3.47,0.413,Peddapalli,TS
2021-07-02,13.1,28.9,24.3,1.93,0.481,Peddapalli,TS
2021-07-03,0.0,32.2,25.8,4.38,0.455,Peddapalli,TS
2021-07-04,0.0,32.9,24.6,5.08,0.42,Peddapalli,TS
2021-07-05,0.4,32.3,25.9,3.79,0.401,Peddapalli,TS
2021-07-06,0.4,33.7,25.2,4.68,0.39,Peddapalli,TS
2021-07-07,7.1,32.2,26.3,4.26,0.378,Peddapalli,TS
2021-07-08,22.1,28.3,24.6,2.09,0.475,Peddapalli,TS
2021-07-09,4.5,30.2,24.0,3.8,0.481,Peddapalli,TS
2021-07-10,19.5,30.6,24.8,3.82,0.485,Peddapalli,TS
2021-07-11,35.0,31.4,24.6,3.7,0.504,Peddapalli,TS
2021-07-12,11.1,29.5,24.7,2.97,0.502,Peddapalli,TS
2021-07-13,16.1,29.1,24.6,2.44,0.498,Peddapalli,TS
2021-07-14,20.4,28.4,24.3,2.15,0.509,Peddapalli,TS
2021-07-15,2.5,31.1,24.6,3.96,0.484,Peddapalli,TS
2021-07-16,1.4,31.4,24.5,4.76,0.46,Peddapalli,TS
2021-07-17,2.2,32.0,24.8,4.44,0.45,Peddapalli,TS
2021-07-18,5.3,32.1,25.2,4.61,0.432,Peddapalli,TS
2021-07-19,3.3,31.7,25.1,4.61,0.461,Peddapalli,TS
2021-07-20,5.7,30.4,25.3,3.95,0.446,Peddapalli,TS
2021-07-21,63.3,26.8,24.5,1.67,0.511,Peddapalli,TS
2021-07-22,48.9,27.8,24.1,2.48,0.511,Peddapalli,TS
2021-07-23,17.6,27.8,24.2,2.41,0.505,Peddapalli,TS
2021-07-24,1.3,30.7,24.4,3.47,0.488,Peddapalli,TS
2021-07-25,0.1,32.9,25.7,5.37,0.464,Peddapalli,TS
2021-07-26,0.4,32.6,25.2,5.25,0.449,Peddapalli,TS
2021-07-27,0.0,31.8,26.1,5.39,0.424,Peddapalli,TS
2021-07-28,0.2,30.3,25.7,3.67,0.407,Peddapalli,TS
2021-07-29,1.8,30.0,24.9,3.65,0.42,Peddapalli,TS
2021-07-30,0.2,30.7,25.3,4.76,0.409,Peddapalli,TS
2021-07-31,1.0,30.8,24.8,4.41,0.394,Peddapalli,TS
2021-08-01,0.2,30.5,25.2,4.59,0.38,Peddapalli,TS
2021-08-02,1.9,31.7,25.3,5.59,0.366,Peddapalli,TS
2021-08-03,0.8,31.4,25.1,4.92,0.36,Peddapalli,TS
2021-08-04,0.6,31.6,25.5,5.22,0.349,Peddapalli,TS
2021-08-05,0.6,31.3,26.3,4.97,0.332,Peddapalli,TS
2021-08-06,8.5,30.7,25.1,3.76,0.412,Peddapalli,TS
2021-08-07,0.4,31.3,24.2,4.37,0.422,Peddapalli,TS
2021-08-08,0.3,32.0,25.1,4.67,0.389,Peddapalli,TS
2021-08-09,0.0,33.7,25.7,5.04,0.36,Peddapalli,TS
2021-08-10,1.2,32.2,25.7,4.48,0.344,Peddapalli,TS
2021-08-11,0.0,32.8,25.8,5.32,0.328,Peddapalli,TS
2021-08-12,6.0,31.4,25.7,4.01,0.332,Peddapalli,TS
2021-08-13,0.6,31.5,25.7,3.97,0.337,Peddapalli,TS
2021-08-14,0.3,31.4,25.3,4.39,0.328,Peddapalli,TS
2021-08-15,0.3,32.0,26.1,4.97,0.311,Peddapalli,TS
2021-08-16,4.5,30.6,24.9,2.7,0.367,Peddapalli,TS
2021-08-17,24.8,27.4,24.2,1.7,0.505,Peddapalli,TS
2021-08-18,31.4,29.3,24.0,3.37,0.501,Peddapalli,TS
2021-08-19,6.5,29.9,24.1,3.74,0.501,Peddapalli,TS
2021-08-20,1.6,29.3,24.1,2.86,0.496,Peddapalli,TS
2021-08-21,2.1,30.8,23.9,4.2,0.478,Peddapalli,TS
2021-08-22,2.2,31.4,23.9,4.64,0.451,Peddapalli,TS
2021-08-23,1.4,32.0,24.7,4.86,0.443,Peddapalli,TS
2021-08-24,2.0,31.3,24.8,4.48,0.422,Peddapalli,TS
2021-08-25,5.9,30.9,24.9,3.71,0.45,Peddapalli,TS
2021-08-26,4.8,31.3,25.1,3.99,0.459,Peddapalli,TS
2021-08-27,1.1,31.2,24.7,3.71,0.425,Peddapalli,TS
2021-08-28,0.2,30.0,24.9,3.5,0.423,Peddapalli,TS
2021-08-29,18.7,30.2,24.8,3.19,0.462,Peddapalli,TS
2021-08-30,18.8,29.3,24.3,3.01,0.5,Peddapalli,TS
2021-08-31,5.4,29.2,24.2,3.25,0.501,Peddapalli,TS
2021-09-01,13.3,30.7,24.2,3.74,0.499,Peddapalli,TS
2021-09-02,5.6,30.6,24.0,4.2,0.481,Peddapalli,TS
2021-09-03,16.1,30.1,24.3,3.33,0.502,Peddapalli,TS
2021-09-04,16.4,29.9,24.0,3.64,0.501,Peddapalli,TS
2021-09-05,13.7,30.2,23.9,3.75,0.507,Peddapalli,TS
2021-09-06,19.7,28.0,24.2,1.87,0.509,Peddapalli,TS
2021-09-07,51.3,28.2,23.9,2.25,0.508,Peddapalli,TS
2021-09-08,1.0,31.5,23.2,4.8,0.482,Peddapalli,TS
2021-09-09,0.7,32.1,25.1,4.76,0.457,Peddapalli,TS
2021-09-10,0.1,30.6,25.2,4.06,0.452,Peddapalli,TS
2021-09-11,3.4,29.3,24.6,2.47,0.471,Peddapalli,TS
2021-09-12,0.1,30.8,24.7,4.04,0.441,Peddapalli,TS
2021-09-13,8.0,30.1,25.5,3.08,0.45,Peddapalli,TS
2021-09-14,1.4,29.8,25.1,2.82,0.482,Peddapalli,TS
2021-09-15,0.0,31.6,25.4,5.04,0.443,Peddapalli,TS
2021-09-16,0.2,30.9,24.4,5.03,0.415,Peddapalli,TS
2021-09-17,0.2,31.2,24.0,4.59,0.394,Peddapalli,TS
2021-09-18,18.2,29.9,24.9,2.71,0.394,Peddapalli,TS
2021-09-19,0.1,31.4,24.0,4.17,0.358,Peddapalli,TS
2021-09-20,11.8,30.3,24.5,3.36,0.409,Peddapalli,TS
2021-09-21,5.8,28.3,24.1,2.44,0.481,Peddapalli,TS
2021-09-22,5.3,29.0,23.8,3.33,0.478,Peddapalli,TS
2021-09-23,8.0,29.4,23.6,3.05,0.498,Peddapalli,TS
2021-09-24,11.4,29.9,24.1,3.61,0.492,Peddapalli,TS
2021-09-25,6.2,29.9,24.2,3.34,0.491,Peddapalli,TS
2021-09-26,7.6,29.9,24.5,3.64,0.483,Peddapalli,TS
2021-09-27,128.0,26.1,23.9,1.14,0.511,Peddapalli,TS
2021-09-28,9.2,30.0,23.7,3.66,0.496,Peddapalli,TS
2021-09-29,0.9,30.8,23.9,4.3,0.466,Peddapalli,TS
2021-09-30,0.8,31.1,24.6,3.95,0.436,Peddapalli,TS
2021-10-01,7.9,31.7,24.8,4.35,0.456,Peddapalli,TS
2021-10-02,6.3,30.9,24.3,3.83,0.48,Peddapalli,TS
2021-10-03,0.0,31.2,24.0,4.2,0.447,Peddapalli,TS
2021-10-04,2.9,31.3,24.6,3.87,0.434,Peddapalli,TS
2021-10-05,12.8,30.5,24.8,3.69,0.476,Peddapalli,TS
2021-10-06,3.6,30.8,24.5,3.93,0.477,Peddapalli,TS
2021-10-07,0.6,31.1,24.3,4.12,0.447,Peddapalli,TS
2021-10-08,1.4,31.5,24.5,4.19,0.422,Peddapalli,TS
2021-10-09,4.0,30.8,24.6,3.86,0.462,Peddapalli,TS
2021-10-10,0.0,32.0,24.5,4.9,0.434,Peddapalli,TS
2021-10-11,0.0,31.1,22.2,4.47,0.403,Peddapalli,TS
2021-10-12,0.0,31.5,22.2,4.86,0.374,Peddapalli,TS
2021-10-13,0.0,32.1,22.8,4.89,0.338,Peddapalli,TS
2021-10-14,0.0,33.0,23.1,4.75,0.315,Peddapalli,TS
2021-10-15,6.1,32.3,23.4,4.74,0.301,Peddapalli,TS
2021-10-16,35.5,26.9,23.4,1.52,0.456,Peddapalli,TS
2021-10-17,5.5,30.6,23.6,3.27,0.478,Peddapalli,TS
2021-10-18,0.2,31.8,23.6,4.53,0.447,Peddapalli,TS
2021-10-19,0.0,30.8,23.8,4.8,0.414,Peddapalli,TS
2021-10-20,0.0,30.6,21.6,4.57,0.387,Peddapalli,TS
2021-10-21,0.0,30.8,21.7,4.71,0.371,Peddapalli,TS
2021-10-22,0.0,30.4,19.6,4.71,0.357,Peddapalli,TS
2021-10-23,0.0,30.2,18.5,4.7,0.346,Peddapalli,TS
2021-10-24,0.0,30.1,19.7,4.46,0.337,Peddapalli,TS
2021-10-25,0.0,30.3,19.8,4.69,0.319,Peddapalli,TS
2021-10-26,0.0,29.8,19.7,4.64,0.306,Peddapalli,TS
2021-10-27,0.0,30.1,18.6,4.84,0.298,Peddapalli,TS
2021-10-28,0.0,30.4,20.3,5.16,0.29,Peddapalli,TS
2021-10-29,0.0,30.5,20.8,4.9,0.277,Peddapalli,TS
2021-10-30,0.0,31.1,22.4,4.74,0.269,Peddapalli,TS
2021-10-31,0.0,30.8,21.8,4.66,0.252,Peddapalli,TS
2021-11-01,0.0,30.6,20.3,4.43,0.237,Peddapalli,TS
2021-11-02,2.9,29.2,22.9,2.71,0.245,Peddapalli,TS
2021-11-03,2.1,28.5,22.0,2.59,0.368,Peddapalli,TS
2021-11-04,1.8,29.3,21.7,3.64,0.449,Peddapalli,TS
2021-11-05,0.1,29.7,21.0,3.81,0.417,Peddapalli,TS
2021-11-06,0.0,29.3,19.4,3.98,0.389,Peddapalli,TS
2021-11-07,0.0,29.1,18.2,4.18,0.365,Peddapalli,TS
2021-11-08,0.0,28.4,18.1,4.21,0.347,Peddapalli,TS
2021-11-09,0.0,29.0,18.4,4.38,0.332,Peddapalli,TS
2021-11-10,0.0,29.5,19.5,4.72,0.32,Peddapalli,TS
2021-11-11,1.3,28.2,20.2,3.39,0.307,Peddapalli,TS
2021-11-12,8.2,28.8,21.7,2.76,0.326,Peddapalli,TS
2021-11-13,5.5,28.9,22.3,2.6,0.406,Peddapalli,TS
2021-11-14,2.9,28.8,22.5,2.85,0.467,Peddapalli,TS
2021-11-15,0.2,29.4,22.6,3.19,0.429,Peddapalli,TS
2021-11-16,7.5,29.3,23.1,3.1,0.425,Peddapalli,TS
2021-11-17,6.8,29.5,22.3,3.11,0.44,Peddapalli,TS
2021-11-18,0.1,29.2,22.7,2.46,0.409,Peddapalli,TS
2021-11-19,2.5,28.5,22.7,2.66,0.389,Peddapalli,TS
2021-11-20,5.2,29.2,22.8,2.65,0.44,Peddapalli,TS
2021-11-21,0.9,29.8,22.0,3.32,0.436,Peddapalli,TS
2021-11-22,0.2,29.6,22.3,3.17,0.402,Peddapalli,TS
2021-11-23,2.5,29.3,22.7,3.05,0.393,Peddapalli,TS
2021-11-24,0.3,30.7,22.7,3.59,0.365,Peddapalli,TS
2021-11-25,0.0,30.6,20.5,4.22,0.343,Peddapalli,TS
2021-11-26,0.0,29.8,19.9,4.18,0.326,Peddapalli,TS
2021-11-27,0.0,29.2,18.9,4.0,0.31,Peddapalli,TS
2021-11-28,0.0,29.2,18.5,4.27,0.294,Peddapalli,TS
2021-11-29,0.0,28.2,19.7,3.36,0.278,Peddapalli,TS
2021-11-30,0.0,28.4,19.8,3.58,0.268,Peddapalli,TS
2021-12-01,0.0,28.5,18.5,3.72,0.258,Peddapalli,TS
2021-12-02,0.0,28.6,18.9,3.65,0.248,Peddapalli,TS
2021-12-03,0.0,29.1,19.1,3.68,0.243,Peddapalli,TS
2021-12-04,0.0,29.3,19.1,4.14,0.239,Peddapalli,TS
2021-12-05,0.0,30.2,19.6,4.43,0.232,Peddapalli,TS
2021-12-06,0.0,30.4,19.3,4.27,0.225,Peddapalli,TS
2021-12-07,0.0,30.3,19.7,3.99,0.222,Peddapalli,TS
2021-12-08,0.0,29.8,20.0,3.78,0.22,Peddapalli,TS
2021-12-09,0.0,31.0,20.3,3.9,0.223,Peddapalli,TS
2021-12-10,0.0,28.7,21.6,2.73,0.226,Peddapalli,TS
2021-12-11,0.0,30.1,21.5,3.95,0.229,Peddapalli,TS
2021-12-12,0.0,29.2,19.0,4.19,0.229,Peddapalli,TS
2021-12-13,0.0,28.1,17.8,3.71,0.23,Peddapalli,TS
2021-12-14,0.0,27.9,16.9,3.58,0.229,Peddapalli,TS
2021-12-15,0.0,26.7,16.8,3.63,0.237,Peddapalli,TS
2021-12-16,0.0,27.1,14.9,3.8,0.241,Peddapalli,TS
2021-12-17,0.0,27.0,14.8,3.97,0.24,Peddapalli,TS
2021-12-18,0.0,27.1,15.8,3.95,0.233,Peddapalli,TS
2021-12-19,0.0,26.3,16.0,3.79,0.227,Peddapalli,TS
2021-12-20,0.0,25.4,15.1,3.98,0.221,Peddapalli,TS
2021-12-21,0.0,25.0,11.6,3.63,0.222,Peddapalli,TS
2021-12-22,0.0,26.0,12.3,3.63,0.226,Peddapalli,TS
2021-12-23,0.0,27.4,12.8,3.64,0.223,Peddapalli,TS
2021-12-24,0.0,29.0,13.8,3.73,0.222,Peddapalli,TS
2021-12-25,0.0,29.4,17.7,3.67,0.217,Peddapalli,TS
2021-12-26,0.0,29.9,17.8,3.5,0.213,Peddapalli,TS
2021-12-27,0.0,28.9,18.1,3.37,0.213,Peddapalli,TS
2021-12-28,0.0,29.2,18.5,4.05,0.214,Peddapalli,TS
2021-12-29,0.3,27.5,17.8,3.1,0.215,Peddapalli,TS
2021-12-30,0.0,26.7,17.9,3.3,0.216,Peddapalli,TS
2021-12-31,0.0,27.6,17.2,3.48,0.217,Peddapalli,TS
2022-01-01,0.0,28.0,17.8,3.66,0.217,Peddapalli,TS
2022-01-02,0.0,27.8,17.4,3.76,0.217,Peddapalli,TS
2022-01-03,0.0,27.4,17.2,3.72,0.212,Peddapalli,TS
2022-01-04,0.0,27.9,17.0,3.65,0.21,Peddapalli,TS
2022-01-05,0.0,28.0,15.6,3.67,0.209,Peddapalli,TS
2022-01-06,0.0,28.7,17.6,3.71,0.208,Peddapalli,TS
2022-01-07,0.0,29.0,18.3,4.25,0.208,Peddapalli,TS
2022-01-08,0.1,28.7,19.4,3.88,0.209,Peddapalli,TS
2022-01-09,0.7,29.6,20.1,4.01,0.212,Peddapalli,TS
2022-01-10,8.9,27.4,19.7,2.29,0.242,Peddapalli,TS
2022-01-11,2.1,23.2,18.5,1.33,0.317,Peddapalli,TS
2022-01-12,2.1,25.6,17.7,2.4,0.372,Peddapalli,TS
2022-01-13,2.5,24.5,18.9,1.95,0.389,Peddapalli,TS
2022-01-14,2.6,25.0,17.6,1.88,0.427,Peddapalli,TS
2022-01-15,0.7,24.2,16.2,1.96,0.427,Peddapalli,TS
2022-01-16,0.1,26.2,17.2,3.36,0.399,Peddapalli,TS
2022-01-17,0.0,26.6,17.2,3.63,0.376,Peddapalli,TS
2022-01-18,0.0,26.5,16.2,3.68,0.35,Peddapalli,TS
2022-01-19,0.0,26.3,16.7,3.6,0.325,Peddapalli,TS
2022-01-20,0.0,27.9,17.0,3.72,0.304,Peddapalli,TS
2022-01-21,0.0,28.9,17.1,4.46,0.285,Peddapalli,TS
2022-01-22,0.0,29.8,15.9,4.1,0.274,Peddapalli,TS
2022-01-23,0.3,28.5,18.6,4.08,0.263,Peddapalli,TS
2022-01-24,0.0,26.0,17.0,4.21,0.253,Peddapalli,TS
2022-01-25,0.0,25.9,16.0,4.17,0.242,Peddapalli,TS
2022-01-26,0.0,26.2,15.5,4.41,0.236,Peddapalli,TS
2022-01-27,0.0,25.4,15.2,4.51,0.234,Peddapalli,TS
2022-01-28,0.0,24.9,13.2,4.45,0.227,Peddapalli,TS
2022-01-29,0.0,25.8,12.9,4.39,0.218,Peddapalli,TS
2022-01-30,0.0,28.3,11.9,4.29,0.212,Peddapalli,TS
2022-01-31,0.0,30.0,12.7,4.28,0.205,Peddapalli,TS
2022-02-01,0.0,30.7,14.8,4.37,0.205,Peddapalli,TS
2022-02-02,0.0,31.0,15.7,4.38,0.209,Peddapalli,TS
2022-02-03,0.0,32.2,18.8,5.63,0.215,Peddapalli,TS
2022-02-04,0.0,27.7,18.3,5.24,0.218,Peddapalli,TS
2022-02-05,0.0,27.5,14.9,4.95,0.216,Peddapalli,TS
2022-02-06,0.0,28.7,15.1,4.4,0.216,Peddapalli,TS
2022-02-07,0.0,30.5,16.8,4.52,0.214,Peddapalli,TS
2022-02-08,0.0,30.5,18.0,4.34,0.209,Peddapalli,TS
2022-02-09,0.0,30.9,20.3,4.57,0.21,Peddapalli,TS
2022-02-10,0.1,29.4,20.5,3.99,0.215,Peddapalli,TS
2022-02-11,0.0,28.8,18.3,4.89,0.213,Peddapalli,TS
2022-02-12,0.0,28.6,16.4,5.16,0.21,Peddapalli,TS
2022-02-13,0.0,29.1,15.1,4.72,0.209,Peddapalli,TS
2022-02-14,0.0,30.1,14.6,4.86,0.207,Peddapalli,TS
2022-02-15,0.0,30.5,18.2,4.56,0.207,Peddapalli,TS
2022-02-16,0.4,29.7,19.8,4.33,0.209,Peddapalli,TS
2022-02-17,0.1,29.3,20.4,4.36,0.211,Peddapalli,TS
2022-02-18,0.0,30.5,18.8,4.09,0.214,Peddapalli,TS
2022-02-19,0.0,32.1,19.7,5.12,0.22,Peddapalli,TS
2022-02-20,0.0,33.8,20.5,5.63,0.213,Peddapalli,TS
2022-02-21,0.0,31.3,19.8,5.38,0.209,Peddapalli,TS
2022-02-22,0.0,32.5,17.5,5.07,0.206,Peddapalli,TS
2022-02-23,0.0,32.6,19.0,5.22,0.206,Peddapalli,TS
2022-02-24,0.0,33.5,20.3,5.67,0.207,Peddapalli,TS
2022-02-25,0.0,32.8,20.8,5.48,0.208,Peddapalli,TS
2022-02-26,0.0,33.0,19.7,5.86,0.204,Peddapalli,TS
2022-02-27,0.0,33.0,19.9,5.95,0.207,Peddapalli,TS
2022-02-28,0.0,33.9,20.7,5.78,0.207,Peddapalli,TS
2022-03-01,0.0,33.6,19.5,5.17,0.207,Peddapalli,TS
2022-03-02,0.0,33.7,20.4,5.39,0.207,Peddapalli,TS
2022-03-03,0.0,34.3,20.8,5.51,0.207,Peddapalli,TS
2022-03-04,0.0,34.6,20.7,5.81,0.207,Peddapalli,TS
2022-03-05,0.0,34.0,21.4,5.81,0.207,Peddapalli,TS
2022-03-06,0.0,33.7,22.2,5.55,0.207,Peddapalli,TS
2022-03-07,0.0,33.6,21.8,5.41,0.207,Peddapalli,TS
2022-03-08,0.0,34.7,20.7,5.87,0.207,Peddapalli,TS
2022-03-09,0.0,35.0,21.0,5.95,0.207,Peddapalli,TS
2022-03-10,0.0,34.6,21.8,5.69,0.207,Peddapalli,TS
2022-03-11,0.0,35.5,21.9,5.73,0.207,Peddapalli,TS
2022-03-12,0.0,35.5,23.0,6.27,0.207,Peddapalli,TS
2022-03-13,0.0,35.7,22.4,6.78,0.207,Peddapalli,TS
2022-03-14,0.0,36.1,21.0,7.01,0.207,Peddapalli,TS
2022-03-15,0.0,36.9,19.6,6.61,0.207,Peddapalli,TS
2022-03-16,0.0,39.0,22.7,7.31,0.207,Peddapalli,TS
2022-03-17,0.0,38.9,23.8,7.21,0.207,Peddapalli,TS
2022-03-18,0.0,39.0,23.6,7.05,0.207,Peddapalli,TS
2022-03-19,0.0,36.5,24.0,5.95,0.207,Peddapalli,TS
2022-03-20,0.0,37.3,25.7,6.22,0.207,Peddapalli,TS
2022-03-21,0.0,35.9,25.3,5.52,0.207,Peddapalli,TS
2022-03-22,0.0,37.7,25.5,6.49,0.207,Peddapalli,TS
2022-03-23,0.0,39.3,24.0,6.6,0.207,Peddapalli,TS
2022-03-24,0.0,37.0,24.3,5.2,0.207,Peddapalli,TS
2022-03-25,0.0,37.0,25.5,5.69,0.207,Peddapalli,TS
2022-03-26,0.0,37.6,26.1,5.9,0.207,Peddapalli,TS
2022-03-27,0.0,39.3,25.7,6.25,0.207,Peddapalli,TS
2022-03-28,0.0,40.4,25.3,6.58,0.207,Peddapalli,TS
2022-03-29,0.0,40.3,24.7,7.28,0.207,Peddapalli,TS
2022-03-30,0.0,40.6,24.9,7.14,0.207,Peddapalli,TS
2022-03-31,0.0,40.8,25.0,7.02,0.207,Peddapalli,TS
2022-04-01,0.0,39.5,25.0,7.26,0.207,Peddapalli,TS
2022-04-02,0.0,38.6,25.9,6.76,0.207,Peddapalli,TS
2022-04-03,0.0,38.7,25.7,6.68,0.212,Peddapalli,TS
2022-04-04,0.0,38.5,26.7,6.94,0.207,Peddapalli,TS
2022-04-05,0.0,38.6,26.8,7.28,0.207,Peddapalli,TS
2022-04-06,0.0,38.7,26.3,6.95,0.204,Peddapalli,TS
2022-04-07,0.0,38.9,26.8,7.15,0.209,Peddapalli,TS
2022-04-08,0.0,38.8,26.4,7.36,0.207,Peddapalli,TS
2022-04-09,0.0,38.1,26.2,6.79,0.207,Peddapalli,TS
2022-04-10,0.0,38.9,26.2,7.25,0.204,Peddapalli,TS
2022-04-11,0.0,39.2,26.5,7.19,0.205,Peddapalli,TS
2022-04-12,0.0,39.7,26.4,7.55,0.207,Peddapalli,TS
2022-04-13,0.0,39.5,25.8,7.11,0.207,Peddapalli,TS
2022-04-14,0.0,38.7,26.1,6.51,0.207,Peddapalli,TS
2022-04-15,0.0,39.7,28.0,6.85,0.207,Peddapalli,TS
2022-04-16,0.0,40.6,28.4,6.97,0.207,Peddapalli,TS
2022-04-17,0.0,40.4,28.0,7.3,0.206,Peddapalli,TS
2022-04-18,0.0,40.5,27.1,7.38,0.207,Peddapalli,TS
2022-04-19,0.0,41.7,27.3,7.82,0.207,Peddapalli,TS
2022-04-20,0.0,42.4,28.1,8.14,0.207,Peddapalli,TS
2022-04-21,0.0,40.5,28.0,7.88,0.207,Peddapalli,TS
2022-04-22,0.0,36.8,28.1,6.19,0.21,Peddapalli,TS
2022-04-23,0.9,38.0,27.7,6.15,0.213,Peddapalli,TS
2022-04-24,0.2,39.3,27.3,7.07,0.212,Peddapalli,TS
2022-04-25,0.0,41.2,27.1,7.25,0.21,Peddapalli,TS
2022-04-26,0.0,41.2,27.9,6.98,0.207,Peddapalli,TS
2022-04-27,0.0,40.6,28.5,6.98,0.207,Peddapalli,TS
2022-04-28,0.0,41.5,29.0,7.49,0.207,Peddapalli,TS
2022-04-29,0.0,42.9,28.3,7.99,0.207,Peddapalli,TS
2022-04-30,0.0,42.3,28.6,8.14,0.207,Peddapalli,TS
2022-05-01,0.0,43.4,28.3,7.96,0.206,Peddapalli,TS
2022-05-02,0.0,41.5,28.6,7.65,0.206,Peddapalli,TS
2022-05-03,0.0,41.5,28.9,7.87,0.206,Peddapalli,TS
2022-05-04,0.0,39.4,27.6,6.67,0.208,Peddapalli,TS
2022-05-05,0.0,40.2,28.4,7.09,0.21,Peddapalli,TS
2022-05-06,0.0,41.4,28.2,8.31,0.211,Peddapalli,TS
2022-05-07,0.0,40.8,27.9,6.92,0.207,Peddapalli,TS
2022-05-08,0.0,39.9,29.8,6.95,0.208,Peddapalli,TS
2022-05-09,0.0,41.0,28.2,7.04,0.211,Peddapalli,TS
2022-05-10,0.0,39.2,28.0,7.34,0.207,Peddapalli,TS
2022-05-11,0.1,35.5,29.6,5.46,0.247,Peddapalli,TS
2022-05-12,0.0,36.7,27.9,5.93,0.33,Peddapalli,TS
2022-05-13,0.0,38.3,26.6,6.74,0.294,Peddapalli,TS
2022-05-14,0.0,41.0,28.3,7.31,0.265,Peddapalli,TS
2022-05-15,0.0,40.3,29.0,7.2,0.242,Peddapalli,TS
2022-05-16,0.0,39.3,28.2,6.88,0.227,Peddapalli,TS
2022-05-17,0.1,38.1,28.5,6.75,0.219,Peddapalli,TS
2022-05-18,1.3,38.2,28.1,6.0,0.222,Peddapalli,TS
2022-05-19,11.3,37.7,26.9,6.15,0.25,Peddapalli,TS
2022-05-20,0.0,37.7,27.2,6.27,0.234,Peddapalli,TS
2022-05-21,0.0,40.4,28.7,7.13,0.221,Peddapalli,TS
2022-05-22,0.0,40.7,29.6,10.13,0.214,Peddapalli,TS
2022-05-23,0.0,40.3,31.2,9.26,0.209,Peddapalli,TS
2022-05-24,0.0,41.0,30.8,8.87,0.207,Peddapalli,TS
2022-05-25,0.0,39.6,27.5,6.96,0.213,Peddapalli,TS
2022-05-26,0.8,39.7,27.9,7.16,0.223,Peddapalli,TS
2022-05-27,0.0,39.4,25.6,7.19,0.252,Peddapalli,TS
2022-05-28,0.0,39.9,28.8,8.5,0.243,Peddapalli,TS
2022-05-29,0.0,39.9,30.3,9.07,0.226,Peddapalli,TS
2022-05-30,0.0,40.3,29.2,7.97,0.217,Peddapalli,TS
2022-05-31,0.6,38.9,30.2,7.96,0.214,Peddapalli,TS
2022-06-01,0.0,39.2,29.8,6.49,0.212,Peddapalli,TS
2022-06-02,0.0,41.5,29.8,7.41,0.205,Peddapalli,TS
2022-06-03,0.0,41.9,30.3,9.15,0.202,Peddapalli,TS
2022-06-04,0.0,42.0,32.1,9.17,0.205,Peddapalli,TS
2022-06-05,0.0,41.5,32.2,7.13,0.207,Peddapalli,TS
2022-06-06,0.0,42.6,31.2,8.77,0.207,Peddapalli,TS
2022-06-07,0.0,42.1,30.0,8.96,0.207,Peddapalli,TS
2022-06-08,0.0,41.5,32.7,8.23,0.207,Peddapalli,TS
2022-06-09,0.2,41.4,29.9,8.76,0.207,Peddapalli,TS
2022-06-10,0.6,40.8,31.4,7.64,0.212,Peddapalli,TS
2022-06-11,0.0,38.4,29.6,7.45,0.219,Peddapalli,TS
2022-06-12,2.5,37.0,26.3,5.53,0.226,Peddapalli,TS
2022-06-13,0.2,34.9,26.0,5.12,0.233,Peddapalli,TS
2022-06-14,2.0,37.1,25.9,6.89,0.237,Peddapalli,TS
2022-06-15,10.7,36.9,25.1,6.35,0.232,Peddapalli,TS
2022-06-16,2.6,34.8,25.1,4.76,0.233,Peddapalli,TS
2022-06-17,0.2,36.4,26.1,5.91,0.216,Peddapalli,TS
2022-06-18,0.8,37.2,27.7,6.23,0.214,Peddapalli,TS
2022-06-19,0.9,36.8,27.7,5.46,0.227,Peddapalli,TS
2022-06-20,28.0,35.3,25.0,4.98,0.296,Peddapalli,TS
2022-06-21,14.7,29.3,24.8,2.34,0.465,Peddapalli,TS
2022-06-22,18.6,30.0,25.3,2.79,0.464,Peddapalli,TS
2022-06-23,3.9,33.1,24.8,4.82,0.407,Peddapalli,TS
2022-06-24,5.0,31.0,24.7,3.44,0.401,Peddapalli,TS
2022-06-25,5.8,32.1,24.9,3.1,0.409,Peddapalli,TS
2022-06-26,11.3,31.4,24.9,3.91,0.436,Peddapalli,TS
2022-06-27,12.8,31.2,24.4,3.59,0.466,Peddapalli,TS
2022-06-28,7.6,30.6,24.4,3.92,0.455,Peddapalli,TS
2022-06-29,3.7,32.5,25.2,4.2,0.44,Peddapalli,TS
2022-06-30,6.8,32.9,26.4,3.94,0.417,Peddapalli,TS
2022-07-01,5.1,32.2,25.1,4.82,0.433,Peddapalli,TS
2022-07-02,15.9,28.1,25.7,1.74,0.482,Peddapalli,TS
2022-07-03,16.7,31.4,25.1,3.29,0.487,Peddapalli,TS
2022-07-04,25.7,31.1,24.7,2.98,0.505,Peddapalli,TS
2022-07-05,15.2,29.1,24.7,2.91,0.504,Peddapalli,TS
2022-07-06,23.1,28.6,24.4,1.27,0.507,Peddapalli,TS
2022-07-07,12.9,30.9,24.8,4.08,0.498,Peddapalli,TS
2022-07-08,78.2,26.3,24.7,1.55,0.514,Peddapalli,TS
2022-07-09,45.3,25.9,23.9,1.43,0.511,Peddapalli,TS
2022-07-10,194.4,24.6,23.8,1.2,0.515,Peddapalli,TS
2022-07-11,78.8,25.2,24.0,1.44,0.513,Peddapalli,TS
2022-07-12,91.7,25.6,23.9,1.86,0.513,Peddapalli,TS
2022-07-13,44.5,26.6,23.6,2.88,0.514,Peddapalli,TS
2022-07-14,97.4,25.8,23.3,1.67,0.512,Peddapalli,TS
2022-07-15,20.4,30.1,23.9,3.78,0.495,Peddapalli,TS
2022-07-16,0.6,30.7,24.8,3.68,0.478,Peddapalli,TS
2022-07-17,35.4,27.5,24.6,1.52,0.505,Peddapalli,TS
2022-07-18,13.6,30.2,24.5,3.66,0.501,Peddapalli,TS
2022-07-19,0.3,32.0,24.3,5.41,0.472,Peddapalli,TS
2022-07-20,0.0,32.0,24.6,5.12,0.45,Peddapalli,TS
2022-07-21,4.9,30.4,24.3,3.67,0.484,Peddapalli,TS
2022-07-22,18.2,29.6,24.6,3.09,0.497,Peddapalli,TS
2022-07-23,30.7,26.5,24.2,1.71,0.508,Peddapalli,TS
2022-07-24,12.4,27.6,23.9,2.08,0.501,Peddapalli,TS
2022-07-25,10.9,29.6,23.5,3.71,0.496,Peddapalli,TS
2022-07-26,16.5,29.5,23.8,3.53,0.501,Peddapalli,TS
2022-07-27,1.5,30.5,23.4,4.52,0.486,Peddapalli,TS
2022-07-28,4.3,31.3,23.4,4.74,0.478,Peddapalli,TS
2022-07-29,11.1,31.4,24.2,4.88,0.484,Peddapalli,TS
2022-07-30,5.1,30.8,24.3,4.25,0.494,Peddapalli,TS
2022-07-31,6.4,31.6,24.7,4.49,0.489,Peddapalli,TS
2022-08-01,11.3,31.5,25.0,4.77,0.482,Peddapalli,TS
2022-08-02,9.2,31.7,25.2,4.52,0.468,Peddapalli,TS
2022-08-03,9.8,31.0,25.5,4.17,0.491,Peddapalli,TS
2022-08-04,21.4,30.9,24.5,4.18,0.498,Peddapalli,TS
2022-08-05,22.1,30.5,24.7,3.99,0.506,Peddapalli,TS
2022-08-06,13.5,30.2,24.7,3.42,0.504,Peddapalli,TS
2022-08-07,19.5,29.1,24.7,2.42,0.512,Peddapalli,TS
2022-08-08,30.4,25.9,24.2,1.54,0.506,Peddapalli,TS
2022-08-09,10.0,26.6,24.1,1.87,0.505,Peddapalli,TS
2022-08-10,8.7,30.6,23.7,3.89,0.502,Peddapalli,TS
2022-08-11,0.2,31.0,24.8,4.96,0.475,Peddapalli,TS
2022-08-12,0.3,31.8,25.6,4.88,0.447,Peddapalli,TS
2022-08-13,3.2,31.1,24.8,4.71,0.43,Peddapalli,TS
2022-08-14,33.6,25.9,24.3,1.37,0.51,Peddapalli,TS
2022-08-15,18.9,28.9,24.0,2.86,0.506,Peddapalli,TS
2022-08-16,0.0,32.0,23.7,5.24,0.473,Peddapalli,TS
2022-08-17,0.1,32.1,24.4,5.27,0.438,Peddapalli,TS
2022-08-18,0.1,32.0,24.7,5.57,0.413,Peddapalli,TS
2022-08-19,0.2,30.8,26.0,4.5,0.392,Peddapalli,TS
2022-08-20,0.9,31.0,26.0,5.39,0.388,Peddapalli,TS
2022-08-21,0.0,31.4,25.2,5.47,0.387,Peddapalli,TS
2022-08-22,0.4,31.5,25.3,5.28,0.361,Peddapalli,TS
2022-08-23,0.3,32.2,24.6,5.27,0.341,Peddapalli,TS
2022-08-24,0.2,31.8,25.6,5.02,0.324,Peddapalli,TS
2022-08-25,1.6,31.2,25.1,4.75,0.309,Peddapalli,TS
2022-08-26,0.6,32.1,24.2,5.31,0.296,Peddapalli,TS
2022-08-27,0.6,32.6,25.0,4.95,0.282,Peddapalli,TS
2022-08-28,0.3,32.8,25.7,5.29,0.27,Peddapalli,TS
2022-08-29,8.5,31.6,25.0,3.67,0.283,Peddapalli,TS
2022-08-30,13.9,31.7,23.7,4.52,0.455,Peddapalli,TS
2022-08-31,17.9,31.1,24.1,4.04,0.469,Peddapalli,TS
2022-09-01,12.1,31.3,24.2,4.64,0.453,Peddapalli,TS
2022-09-02,0.0,32.4,24.7,5.24,0.393,Peddapalli,TS
2022-09-03,1.0,32.8,25.3,4.93,0.36,Peddapalli,TS
2022-09-04,7.1,30.8,24.2,3.43,0.432,Peddapalli,TS
2022-09-05,3.2,31.3,24.4,4.57,0.413,Peddapalli,TS
2022-09-06,2.3,31.6,24.4,4.39,0.381,Peddapalli,TS
2022-09-07,15.2,31.3,24.2,3.81,0.444,Peddapalli,TS
2022-09-08,11.8,30.3,24.6,3.25,0.48,Peddapalli,TS
2022-09-09,10.1,28.5,24.4,2.27,0.492,Peddapalli,TS
2022-09-10,27.9,28.4,24.3,2.18,0.501,Peddapalli,TS
2022-09-11,45.1,26.0,24.1,1.12,0.511,Peddapalli,TS
2022-09-12,14.0,29.9,24.3,3.02,0.501,Peddapalli,TS
2022-09-13,0.2,30.4,24.6,4.06,0.477,Peddapalli,TS
2022-09-14,0.2,31.5,24.9,5.2,0.448,Peddapalli,TS
2022-09-15,0.0,31.4,24.8,4.63,0.425,Peddapalli,TS
2022-09-16,0.5,31.6,24.7,4.79,0.402,Peddapalli,TS
2022-09-17,5.0,31.0,24.4,4.37,0.391,Peddapalli,TS
2022-09-18,3.6,30.8,24.3,4.37,0.38,Peddapalli,TS
2022-09-19,10.1,30.2,24.4,3.0,0.396,Peddapalli,TS
2022-09-20,1.3,29.4,24.0,2.69,0.44,Peddapalli,TS
2022-09-21,1.4,29.4,24.6,3.5,0.418,Peddapalli,TS
2022-09-22,2.4,29.9,23.7,3.68,0.408,Peddapalli,TS
2022-09-23,0.3,30.7,23.8,4.58,0.389,Peddapalli,TS
2022-09-24,0.1,30.6,23.2,4.82,0.354,Peddapalli,TS
2022-09-25,0.2,31.2,22.8,4.7,0.329,Peddapalli,TS
2022-09-26,11.1,31.0,23.9,3.77,0.347,Peddapalli,TS
2022-09-27,26.4,30.0,23.6,3.52,0.483,Peddapalli,TS
2022-09-28,21.8,29.8,24.1,3.75,0.48,Peddapalli,TS
2022-09-29,39.3,28.7,23.9,2.59,0.501,Peddapalli,TS
2022-09-30,9.1,31.1,23.8,3.87,0.478,Peddapalli,TS
2022-10-01,0.0,31.6,23.8,4.41,0.446,Peddapalli,TS
2022-10-02,2.2,32.1,24.7,5.12,0.425,Peddapalli,TS
2022-10-03,0.0,31.8,24.5,5.41,0.391,Peddapalli,TS
2022-10-04,2.9,30.9,24.3,3.82,0.402,Peddapalli,TS
2022-10-05,22.6,29.0,23.5,2.64,0.471,Peddapalli,TS
2022-10-06,16.7,27.9,22.8,2.07,0.496,Peddapalli,TS
2022-10-07,3.2,29.8,23.0,3.73,0.492,Peddapalli,TS
2022-10-08,6.9,29.9,23.7,4.09,0.474,Peddapalli,TS
2022-10-09,10.7,29.7,23.0,3.57,0.456,Peddapalli,TS
2022-10-10,4.5,29.0,23.0,2.93,0.459,Peddapalli,TS
2022-10-11,0.3,30.0,23.4,4.09,0.465,Peddapalli,TS
2022-10-12,8.2,30.0,23.2,4.03,0.43,Peddapalli,TS
2022-10-13,5.9,30.0,22.9,3.68,0.433,Peddapalli,TS
2022-10-14,12.9,29.9,23.5,3.15,0.442,Peddapalli,TS
2022-10-15,11.0,29.9,23.4,3.24,0.475,Peddapalli,TS
2022-10-16,10.5,27.8,22.2,2.71,0.491,Peddapalli,TS
2022-10-17,4.7,30.4,22.6,4.06,0.465,Peddapalli,TS
2022-10-18,2.8,29.4,22.8,3.47,0.467,Peddapalli,TS
2022-10-19,2.6,29.5,22.9,3.6,0.468,Peddapalli,TS
2022-10-20,0.7,29.5,22.5,3.73,0.442,Peddapalli,TS
2022-10-21,0.0,30.1,21.8,4.62,0.421,Peddapalli,TS
2022-10-22,0.0,29.4,20.2,4.89,0.39,Peddapalli,TS
2022-10-23,0.0,29.2,19.2,5.04,0.362,Peddapalli,TS
2022-10-24,0.0,29.8,19.3,5.01,0.343,Peddapalli,TS
2022-10-25,0.0,29.5,18.6,4.61,0.322,Peddapalli,TS
2022-10-26,0.0,29.7,17.6,4.49,0.307,Peddapalli,TS
2022-10-27,0.0,29.8,17.7,4.66,0.297,Peddapalli,TS
2022-10-28,0.0,29.8,18.2,5.18,0.282,Peddapalli,TS
2022-10-29,0.0,29.4,17.9,4.88,0.275,Peddapalli,TS
2022-10-30,0.0,29.4,17.1,4.84,0.271,Peddapalli,TS
2022-10-31,0.0,28.6,17.9,4.6,0.262,Peddapalli,TS
2022-11-01,0.5,28.8,19.1,3.56,0.267,Peddapalli,TS
2022-11-02,0.0,29.3,20.9,2.91,0.281,Peddapalli,TS
2022-11-03,0.0,30.6,20.9,4.6,0.274,Peddapalli,TS
2022-11-04,0.0,30.3,18.7,4.43,0.263,Peddapalli,TS
2022-11-05,0.0,30.5,17.9,4.62,0.254,Peddapalli,TS
2022-11-06,0.0,30.6,18.7,4.45,0.251,Peddapalli,TS
2022-11-07,0.0,30.5,18.4,4.32,0.245,Peddapalli,TS
2022-11-08,0.0,30.3,17.7,4.27,0.238,Peddapalli,TS
2022-11-09,0.0,29.5,17.8,4.63,0.231,Peddapalli,TS
2022-11-10,0.0,29.5,18.4,4.69,0.226,Peddapalli,TS
2022-11-11,0.0,30.1,18.8,4.77,0.226,Peddapalli,TS
2022-11-12,0.0,29.8,19.1,4.61,0.221,Peddapalli,TS
2022-11-13,0.0,29.6,19.0,4.44,0.218,Peddapalli,TS
2022-11-14,0.0,29.6,17.4,4.54,0.216,Peddapalli,TS
2022-11-15,0.0,29.2,16.7,4.5,0.212,Peddapalli,TS
2022-11-16,0.0,29.2,16.9,4.73,0.216,Peddapalli,TS
2022-11-17,0.0,29.4,16.4,4.85,0.211,Peddapalli,TS
2022-11-18,0.0,28.9,17.3,4.7,0.211,Peddapalli,TS
2022-11-19,0.0,27.5,18.1,4.75,0.211,Peddapalli,TS
2022-11-20,0.0,26.8,16.0,4.5,0.214,Peddapalli,TS
2022-11-21,0.0,29.1,18.6,4.76,0.221,Peddapalli,TS
2022-11-22,0.0,30.0,20.9,4.83,0.22,Peddapalli,TS
2022-11-23,0.0,30.5,20.8,4.42,0.217,Peddapalli,TS
2022-11-24,0.0,30.3,21.1,4.43,0.214,Peddapalli,TS
2022-11-25,0.0,29.9,20.2,4.63,0.211,Peddapalli,TS
2022-11-26,0.0,28.8,17.2,4.49,0.211,Peddapalli,TS
2022-11-27,0.0,28.8,16.3,4.53,0.209,Peddapalli,TS
2022-11-28,0.0,28.7,16.4,4.2,0.209,Peddapalli,TS
2022-11-29,0.0,28.6,15.5,4.1,0.211,Peddapalli,TS
2022-11-30,0.0,28.9,16.5,4.06,0.208,Peddapalli,TS
2022-12-01,0.0,29.8,17.6,4.07,0.208,Peddapalli,TS
2022-12-02,0.0,30.7,19.0,3.7,0.208,Peddapalli,TS
2022-12-03,0.0,30.8,19.8,3.79,0.208,Peddapalli,TS
2022-12-04,0.0,30.6,19.8,4.31,0.208,Peddapalli,TS
2022-12-05,0.0,29.6,18.1,4.09,0.208,Peddapalli,TS
2022-12-06,0.0,30.0,16.6,4.38,0.207,Peddapalli,TS
2022-12-07,0.0,29.1,18.3,4.42,0.208,Peddapalli,TS
2022-12-08,0.0,27.1,16.7,4.69,0.211,Peddapalli,TS
2022-12-09,0.0,28.1,15.5,4.3,0.208,Peddapalli,TS
2022-12-10,0.6,28.6,20.4,3.24,0.213,Peddapalli,TS
2022-12-11,11.1,29.4,21.5,2.69,0.26,Peddapalli,TS
2022-12-12,0.1,28.7,20.2,3.21,0.361,Peddapalli,TS
2022-12-13,0.0,29.1,21.9,2.74,0.354,Peddapalli,TS
2022-12-14,0.2,30.2,21.6,3.37,0.339,Peddapalli,TS
2022-12-15,0.6,30.4,21.5,3.4,0.323,Peddapalli,TS
2022-12-16,0.0,31.3,21.6,3.62,0.301,Peddapalli,TS
2022-12-17,0.0,31.2,22.2,4.31,0.286,Peddapalli,TS
2022-12-18,0.0,29.7,18.9,4.35,0.273,Peddapalli,TS
2022-12-19,0.0,28.9,15.9,3.92,0.265,Peddapalli,TS
2022-12-20,0.0,30.1,16.3,3.97,0.26,Peddapalli,TS
2022-12-21,0.0,30.7,14.6,4.07,0.254,Peddapalli,TS
2022-12-22,0.0,30.0,16.5,4.04,0.249,Peddapalli,TS
2022-12-23,0.0,30.2,15.5,4.01,0.241,Peddapalli,TS
2022-12-24,0.0,31.0,15.8,4.13,0.232,Peddapalli,TS
2022-12-25,0.0,30.8,15.7,4.17,0.228,Peddapalli,TS
2022-12-26,0.6,30.0,18.0,3.34,0.222,Peddapalli,TS
2022-12-27,0.2,31.0,21.3,3.54,0.219,Peddapalli,TS
2022-12-28,0.0,32.6,20.9,3.68,0.215,Peddapalli,TS
2022-12-29,0.0,31.6,21.3,4.15,0.209,Peddapalli,TS
2022-12-30,0.0,32.8,20.2,3.8,0.203,Peddapalli,TS
2022-12-31,0.0,33.0,19.4,4.11,0.204,Peddapalli,TS
2023-01-01,0.0,31.8,19.2,4.02,0.211,Peddapalli,TS
2023-01-02,0.0,31.0,19.3,3.87,0.211,Peddapalli,TS
2023-01-03,0.1,29.9,19.2,3.56,0.211,Peddapalli,TS
2023-01-04,0.6,29.6,20.6,3.57,0.218,Peddapalli,TS
2023-01-05,1.4,25.4,19.6,1.9,0.226,Peddapalli,TS
2023-01-06,0.0,28.9,19.5,3.79,0.232,Peddapalli,TS
2023-01-07,0.0,27.9,18.1,4.27,0.23,Peddapalli,TS
2023-01-08,0.0,26.8,13.8,4.36,0.226,Peddapalli,TS
2023-01-09,0.0,27.3,13.9,4.25,0.226,Peddapalli,TS
2023-01-10,0.0,29.0,13.8,4.27,0.22,Peddapalli,TS
2023-01-11,0.0,29.4,13.2,4.02,0.217,Peddapalli,TS
2023-01-12,0.0,31.0,14.6,4.3,0.212,Peddapalli,TS
2023-01-13,0.0,30.8,16.2,4.29,0.209,Peddapalli,TS
2023-01-14,0.0,30.6,17.1,4.02,0.208,Peddapalli,TS
2023-01-15,0.0,30.6,18.0,4.1,0.205,Peddapalli,TS
2023-01-16,0.0,30.8,18.7,4.53,0.204,Peddapalli,TS
2023-01-17,0.0,30.8,18.7,4.93,0.207,Peddapalli,TS
2023-01-18,0.0,30.7,18.5,4.4,0.209,Peddapalli,TS
2023-01-19,0.0,30.4,18.5,4.44,0.21,Peddapalli,TS
2023-01-20,0.0,30.4,18.9,4.53,0.204,Peddapalli,TS
2023-01-21,0.0,30.7,19.3,4.39,0.206,Peddapalli,TS
2023-01-22,0.0,30.3,18.1,4.63,0.209,Peddapalli,TS
2023-01-23,0.0,30.0,18.7,4.36,0.205,Peddapalli,TS
2023-01-24,0.0,30.2,19.0,4.72,0.205,Peddapalli,TS
2023-01-25,0.0,30.4,17.9,4.53,0.205,Peddapalli,TS
2023-01-26,0.0,30.8,17.7,4.35,0.205,Peddapalli,TS
2023-01-27,0.0,31.4,17.0,4.43,0.205,Peddapalli,TS
2023-01-28,0.0,31.8,18.8,4.71,0.205,Peddapalli,TS
2023-01-29,0.0,31.2,18.8,4.93,0.205,Peddapalli,TS
2023-01-30,0.0,31.2,19.8,5.06,0.205,Peddapalli,TS
2023-01-31,0.0,32.0,19.8,4.63,0.206,Peddapalli,TS
2023-02-01,0.0,31.7,21.1,5.5,0.206,Peddapalli,TS
2023-02-02,0.0,30.9,19.4,5.95,0.206,Peddapalli,TS
2023-02-03,0.0,31.0,17.8,5.67,0.206,Peddapalli,TS
2023-02-04,0.0,31.6,17.0,5.43,0.206,Peddapalli,TS
2023-02-05,0.0,31.2,16.1,5.45,0.206,Peddapalli,TS
2023-02-06,0.0,32.3,15.5,4.93,0.206,Peddapalli,TS
2023-02-07,0.0,33.9,18.1,4.78,0.206,Peddapalli,TS
2023-02-08,0.0,33.4,19.8,5.21,0.206,Peddapalli,TS
2023-02-09,0.0,33.4,19.5,5.36,0.207,Peddapalli,TS
2023-02-10,0.0,34.0,18.2,4.96,0.207,Peddapalli,TS
2023-02-11,0.0,35.0,18.2,5.38,0.207,Peddapalli,TS
2023-02-12,0.0,33.8,20.6,6.75,0.207,Peddapalli,TS
2023-02-13,0.0,32.2,19.0,6.29,0.207,Peddapalli,TS
2023-02-14,0.0,31.9,17.5,6.15,0.207,Peddapalli,TS
2023-02-15,0.0,33.6,17.5,6.04,0.207,Peddapalli,TS
2023-02-16,0.0,34.5,18.1,6.34,0.207,Peddapalli,TS
2023-02-17,0.0,33.5,18.4,5.98,0.207,Peddapalli,TS
2023-02-18,0.0,33.5,19.4,5.18,0.207,Peddapalli,TS
2023-02-19,0.0,33.7,18.7,5.13,0.207,Peddapalli,TS
2023-02-20,0.0,34.7,20.4,5.61,0.207,Peddapalli,TS
2023-02-21,0.0,35.8,19.2,5.78,0.207,Peddapalli,TS
2023-02-22,0.0,36.4,18.2,5.7,0.207,Peddapalli,TS
2023-02-23,0.0,35.8,19.3,5.66,0.207,Peddapalli,TS
2023-02-24,0.0,35.9,19.6,6.0,0.207,Peddapalli,TS
2023-02-25,0.0,35.8,20.3,6.07,0.207,Peddapalli,TS
2023-02-26,0.0,35.6,18.6,6.06,0.207,Peddapalli,TS
2023-02-27,0.0,35.1,20.7,6.24,0.207,Peddapalli,TS
2023-02-28,0.0,35.2,21.6,6.62,0.207,Peddapalli,TS
2023-03-01,0.0,35.1,21.5,6.67,0.207,Peddapalli,TS
2023-03-02,0.0,35.6,21.6,6.32,0.207,Peddapalli,TS
2023-03-03,0.0,36.2,20.3,6.31,0.207,Peddapalli,TS
2023-03-04,0.0,36.2,22.2,6.4,0.207,Peddapalli,TS
2023-03-05,0.0,36.3,21.2,6.25,0.207,Peddapalli,TS
2023-03-06,0.0,36.5,21.2,5.62,0.207,Peddapalli,TS
2023-03-07,0.0,33.7,23.0,6.72,0.207,Peddapalli,TS
2023-03-08,0.0,34.6,21.0,5.68,0.207,Peddapalli,TS
2023-03-09,0.0,35.5,21.6,5.85,0.207,Peddapalli,TS
2023-03-10,0.0,35.2,21.7,5.76,0.207,Peddapalli,TS
2023-03-11,0.0,35.5,22.7,6.19,0.202,Peddapalli,TS
2023-03-12,0.0,35.6,22.3,6.18,0.207,Peddapalli,TS
2023-03-13,0.0,36.5,21.5,6.04,0.207,Peddapalli,TS
2023-03-14,0.0,36.3,22.4,5.92,0.206,Peddapalli,TS
2023-03-15,0.0,35.7,22.1,6.1,0.207,Peddapalli,TS
2023-03-16,5.2,33.5,21.9,4.78,0.218,Peddapalli,TS
2023-03-17,6.5,28.8,20.9,3.83,0.297,Peddapalli,TS
2023-03-18,26.4,25.4,19.4,2.54,0.441,Peddapalli,TS
2023-03-19,1.9,28.9,19.3,4.36,0.455,Peddapalli,TS
2023-03-20,1.8,28.3,20.2,4.04,0.425,Peddapalli,TS
2023-03-21,0.0,31.5,20.9,4.85,0.378,Peddapalli,TS
2023-03-22,0.0,32.9,20.0,5.27,0.331,Peddapalli,TS
2023-03-23,0.1,32.1,20.8,4.87,0.299,Peddapalli,TS
2023-03-24,0.0,33.8,21.9,5.07,0.277,Peddapalli,TS
2023-03-25,24.3,33.1,23.5,3.5,0.342,Peddapalli,TS
2023-03-26,11.8,33.1,24.1,4.85,0.395,Peddapalli,TS
2023-03-27,0.0,34.8,22.7,5.51,0.326,Peddapalli,TS
2023-03-28,0.0,36.2,20.7,5.96,0.295,Peddapalli,TS
2023-03-29,0.0,36.8,24.2,6.55,0.273,Peddapalli,TS
2023-03-30,0.0,38.0,24.2,7.09,0.255,Peddapalli,TS
2023-03-31,0.0,36.2,24.6,6.17,0.237,Peddapalli,TS
2023-04-01,0.1,35.6,24.2,5.63,0.221,Peddapalli,TS
2023-04-02,0.0,37.4,23.7,6.62,0.215,Peddapalli,TS
2023-04-03,5.8,32.7,24.1,4.06,0.229,Peddapalli,TS
2023-04-04,0.2,36.4,24.9,5.66,0.222,Peddapalli,TS
2023-04-05,0.0,38.2,24.6,5.92,0.214,Peddapalli,TS
2023-04-06,4.5,34.0,25.3,4.74,0.217,Peddapalli,TS
2023-04-07,1.6,33.4,25.0,4.7,0.233,Peddapalli,TS
2023-04-08,0.4,35.9,23.6,5.34,0.256,Peddapalli,TS
2023-04-09,0.0,36.4,24.4,5.78,0.238,Peddapalli,TS
2023-04-10,0.0,37.7,25.1,6.01,0.222,Peddapalli,TS
2023-04-11,0.0,39.8,25.0,6.38,0.213,Peddapalli,TS
2023-04-12,0.0,40.0,26.0,7.06,0.21,Peddapalli,TS
2023-04-13,0.0,41.2,26.8,6.95,0.207,Peddapalli,TS
2023-04-14,0.0,40.3,27.6,7.46,0.209,Peddapalli,TS
2023-04-15,0.0,39.1,28.1,7.45,0.211,Peddapalli,TS
2023-04-16,0.0,40.1,26.3,7.08,0.212,Peddapalli,TS
2023-04-17,0.0,39.9,26.1,6.42,0.211,Peddapalli,TS
2023-04-18,0.0,40.7,26.2,6.97,0.21,Peddapalli,TS
2023-04-19,0.0,40.9,26.3,6.89,0.208,Peddapalli,TS
2023-04-20,0.0,40.1,26.3,7.62,0.207,Peddapalli,TS
2023-04-21,0.0,37.7,24.6,7.18,0.206,Peddapalli,TS
2023-04-22,0.0,38.4,25.6,6.96,0.208,Peddapalli,TS
2023-04-23,0.6,35.7,24.4,5.98,0.208,Peddapalli,TS
2023-04-24,1.9,35.7,23.3,5.23,0.243,Peddapalli,TS
2023-04-25,13.9,31.7,24.1,3.58,0.4,Peddapalli,TS
2023-04-26,0.0,34.2,23.0,5.9,0.413,Peddapalli,TS
2023-04-27,0.0,32.0,22.2,4.57,0.366,Peddapalli,TS
2023-04-28,5.1,31.7,22.3,3.73,0.356,Peddapalli,TS
2023-04-29,41.1,31.5,22.9,3.5,0.419,Peddapalli,TS
2023-04-30,22.7,29.8,22.3,3.38,0.442,Peddapalli,TS
2023-05-01,13.9,29.6,21.7,4.07,0.467,Peddapalli,TS
2023-05-02,13.3,29.2,23.4,2.77,0.443,Peddapalli,TS
2023-05-03,1.0,30.7,22.9,3.71,0.421,Peddapalli,TS
2023-05-04,0.4,31.7,22.3,4.52,0.388,Peddapalli,TS
2023-05-05,3.3,31.3,23.0,3.63,0.386,Peddapalli,TS
2023-05-06,0.4,33.8,24.2,5.2,0.353,Peddapalli,TS
2023-05-07,0.1,35.8,25.9,5.47,0.309,Peddapalli,TS
2023-05-08,0.4,36.7,25.5,5.99,0.277,Peddapalli,TS
2023-05-09,0.2,38.1,26.9,5.86,0.246,Peddapalli,TS
2023-05-10,0.6,38.7,27.2,6.07,0.227,Peddapalli,TS
2023-05-11,0.0,40.5,26.2,7.18,0.217,Peddapalli,TS
2023-05-12,0.0,41.6,24.9,7.37,0.216,Peddapalli,TS
2023-05-13,0.0,42.6,24.4,8.93,0.219,Peddapalli,TS
2023-05-14,0.0,42.6,26.0,9.62,0.217,Peddapalli,TS
2023-05-15,0.0,41.5,26.3,9.21,0.213,Peddapalli,TS
2023-05-16,0.0,41.8,28.2,9.73,0.211,Peddapalli,TS
2023-05-17,0.0,41.7,28.0,8.33,0.206,Peddapalli,TS
2023-05-18,0.0,41.5,27.4,7.5,0.205,Peddapalli,TS
2023-05-19,0.0,41.6,29.0,7.53,0.206,Peddapalli,TS
2023-05-20,1.0,39.6,29.1,6.58,0.209,Peddapalli,TS
2023-05-21,0.0,41.4,28.2,7.31,0.206,Peddapalli,TS
2023-05-22,0.6,40.8,27.7,6.98,0.209,Peddapalli,TS
2023-05-23,0.0,41.0,27.6,7.34,0.207,Peddapalli,TS
2023-05-24,0.9,40.9,29.2,7.36,0.213,Peddapalli,TS
2023-05-25,1.1,40.5,28.2,6.8,0.213,Peddapalli,TS
2023-05-26,0.0,40.8,30.1,9.71,0.207,Peddapalli,TS
2023-05-27,0.0,41.1,29.0,8.78,0.208,Peddapalli,TS
2023-05-28,0.0,40.5,29.3,7.59,0.207,Peddapalli,TS
2023-05-29,17.9,37.5,25.6,6.27,0.303,Peddapalli,TS
2023-05-30,0.0,37.5,28.9,4.69,0.215,Peddapalli,TS
2023-05-31,0.0,40.1,27.4,6.94,0.222,Peddapalli,TS
2023-06-01,0.0,41.9,28.0,7.99,0.216,Peddapalli,TS
2023-06-02,0.0,42.3,27.7,9.36,0.209,Peddapalli,TS
2023-06-03,0.0,41.4,31.5,9.08,0.205,Peddapalli,TS
2023-06-04,0.3,41.2,30.1,8.09,0.203,Peddapalli,TS
2023-06-05,0.0,40.0,28.2,7.9,0.204,Peddapalli,TS
2023-06-06,0.0,41.2,30.8,8.36,0.204,Peddapalli,TS
2023-06-07,0.1,40.4,31.5,8.61,0.204,Peddapalli,TS
2023-06-08,0.0,41.4,30.5,9.5,0.206,Peddapalli,TS
2023-06-09,0.0,42.4,31.3,9.57,0.209,Peddapalli,TS
2023-06-10,0.2,39.7,31.5,8.27,0.206,Peddapalli,TS
2023-06-11,0.1,41.1,29.0,8.58,0.211,Peddapalli,TS
2023-06-12,0.7,41.0,30.9,8.67,0.207,Peddapalli,TS
2023-06-13,0.0,41.6,31.1,9.82,0.202,Peddapalli,TS
2023-06-14,0.0,41.0,32.0,10.01,0.203,Peddapalli,TS
2023-06-15,0.0,40.9,31.9,9.93,0.203,Peddapalli,TS
2023-06-16,0.0,41.4,32.0,9.55,0.206,Peddapalli,TS
2023-06-17,0.0,41.1,32.5,9.54,0.2,Peddapalli,TS
2023-06-18,0.0,41.0,32.6,9.25,0.197,Peddapalli,TS
2023-06-19,0.0,40.7,32.2,8.46,0.194,Peddapalli,TS
2023-06-20,5.9,40.4,27.4,7.2,0.201,Peddapalli,TS
2023-06-21,11.5,38.9,27.9,5.31,0.22,Peddapalli,TS
2023-06-22,2.6,39.0,26.9,5.64,0.22,Peddapalli,TS
2023-06-23,19.5,32.9,26.2,2.04,0.302,Peddapalli,TS
2023-06-24,5.1,31.1,26.0,3.13,0.407,Peddapalli,TS
2023-06-25,8.8,31.3,25.7,3.43,0.407,Peddapalli,TS
2023-06-26,26.5,28.6,25.3,1.76,0.478,Peddapalli,TS
2023-06-27,5.5,29.4,25.3,3.02,0.469,Peddapalli,TS
2023-06-28,4.2,32.3,25.3,4.57,0.457,Peddapalli,TS
2023-06-29,0.2,33.8,26.1,5.87,0.426,Peddapalli,TS
2023-06-30,0.2,33.7,27.1,5.42,0.382,Peddapalli,TS
2023-07-01,0.5,35.0,27.5,6.85,0.349,Peddapalli,TS
2023-07-02,0.0,35.3,27.7,6.74,0.317,Peddapalli,TS
2023-07-03,0.5,35.5,28.0,6.0,0.29,Peddapalli,TS
2023-07-04,7.1,35.7,27.9,4.76,0.286,Peddapalli,TS
2023-07-05,16.6,33.9,25.4,4.28,0.313,Peddapalli,TS
2023-07-06,5.3,31.4,26.3,3.53,0.35,Peddapalli,TS
2023-07-07,22.1,32.1,25.4,3.34,0.376,Peddapalli,TS
2023-07-08,7.8,32.9,25.3,4.26,0.47,Peddapalli,TS
2023-07-09,1.2,32.5,25.9,4.48,0.449,Peddapalli,TS
2023-07-10,1.3,34.1,26.5,5.82,0.398,Peddapalli,TS
2023-07-11,13.5,29.6,25.2,2.93,0.474,Peddapalli,TS
2023-07-12,2.4,31.6,25.1,3.39,0.456,Peddapalli,TS
2023-07-13,15.9,32.3,24.4,4.37,0.446,Peddapalli,TS
2023-07-14,27.3,31.7,24.5,3.86,0.491,Peddapalli,TS
2023-07-15,2.0,30.4,25.6,3.25,0.48,Peddapalli,TS
2023-07-16,14.8,27.5,25.3,1.87,0.503,Peddapalli,TS
2023-07-17,15.6,28.7,24.7,2.19,0.503,Peddapalli,TS
2023-07-18,68.2,27.5,24.7,2.03,0.514,Peddapalli,TS
2023-07-19,24.6,29.6,24.3,2.91,0.508,Peddapalli,TS
2023-07-20,48.6,28.3,24.7,2.03,0.508,Peddapalli,TS
2023-07-21,38.8,28.8,24.5,2.18,0.507,Peddapalli,TS
2023-07-22,6.5,30.5,25.0,3.59,0.497,Peddapalli,TS
2023-07-23,6.7,30.4,25.3,3.49,0.501,Peddapalli,TS
2023-07-24,21.0,30.5,25.2,3.68,0.501,Peddapalli,TS
2023-07-25,28.2,30.0,24.6,3.75,0.503,Peddapalli,TS
2023-07-26,18.7,30.9,24.7,3.56,0.5,Peddapalli,TS
2023-07-27,61.1,27.5,24.8,1.92,0.503,Peddapalli,TS
2023-07-28,22.2,30.9,24.6,4.06,0.499,Peddapalli,TS
2023-07-29,3.8,31.1,25.6,4.76,0.483,Peddapalli,TS
2023-07-30,0.3,31.3,25.7,4.84,0.467,Peddapalli,TS
2023-07-31,0.4,31.1,26.3,4.56,0.448,Peddapalli,TS
2023-08-01,0.3,31.7,26.3,4.91,0.434,Peddapalli,TS
2023-08-02,0.2,30.8,26.6,4.29,0.419,Peddapalli,TS
2023-08-03,0.0,30.1,26.1,4.0,0.41,Peddapalli,TS
2023-08-04,0.4,31.9,25.5,4.72,0.396,Peddapalli,TS
2023-08-05,0.2,32.6,25.7,5.81,0.381,Peddapalli,TS
2023-08-06,0.2,32.4,26.0,5.81,0.367,Peddapalli,TS
2023-08-07,0.5,31.4,25.9,5.61,0.352,Peddapalli,TS
2023-08-08,0.0,32.1,24.9,5.22,0.341,Peddapalli,TS
2023-08-09,0.2,31.9,24.9,5.01,0.33,Peddapalli,TS
2023-08-10,0.0,32.6,24.9,5.39,0.321,Peddapalli,TS
2023-08-11,1.3,32.2,25.8,5.15,0.315,Peddapalli,TS
2023-08-12,0.1,32.8,25.6,5.31,0.301,Peddapalli,TS
2023-08-13,0.0,32.6,26.0,5.49,0.294,Peddapalli,TS
2023-08-14,0.7,31.7,25.5,4.56,0.287,Peddapalli,TS
2023-08-15,6.5,31.3,24.6,4.34,0.305,Peddapalli,TS
2023-08-16,3.1,31.8,25.5,4.79,0.295,Peddapalli,TS
2023-08-17,6.6,32.1,24.5,4.46,0.328,Peddapalli,TS
2023-08-18,25.6,27.8,24.6,2.02,0.386,Peddapalli,TS
2023-08-19,11.6,29.4,23.4,3.65,0.481,Peddapalli,TS
2023-08-20,0.9,31.2,24.6,4.85,0.444,Peddapalli,TS
2023-08-21,0.0,32.0,24.6,5.02,0.417,Peddapalli,TS
2023-08-22,2.9,31.8,24.9,4.56,0.391,Peddapalli,TS
2023-08-23,6.4,31.2,25.1,3.92,0.408,Peddapalli,TS
2023-08-24,0.0,31.4,25.4,3.8,0.387,Peddapalli,TS
2023-08-25,1.3,32.6,25.0,4.89,0.369,Peddapalli,TS
2023-08-26,0.2,31.8,25.3,4.3,0.356,Peddapalli,TS
2023-08-27,0.2,32.2,25.8,4.94,0.336,Peddapalli,TS
2023-08-28,0.7,32.3,25.1,5.42,0.317,Peddapalli,TS
2023-08-29,2.5,32.1,23.3,5.03,0.305,Peddapalli,TS
2023-08-30,0.3,31.8,24.5,4.98,0.29,Peddapalli,TS
2023-08-31,0.7,32.5,24.4,4.42,0.292,Peddapalli,TS
2023-09-01,1.6,33.1,25.0,4.85,0.28,Peddapalli,TS
2023-09-02,2.5,33.3,26.0,4.34,0.268,Peddapalli,TS
2023-09-03,25.2,30.4,25.2,2.87,0.448,Peddapalli,TS
2023-09-04,33.7,27.3,23.9,1.43,0.494,Peddapalli,TS
2023-09-05,20.6,30.2,24.2,2.73,0.502,Peddapalli,TS
2023-09-06,25.5,30.4,24.2,3.1,0.506,Peddapalli,TS
2023-09-07,18.4,29.2,24.8,2.88,0.505,Peddapalli,TS
2023-09-08,4.0,31.2,25.0,4.54,0.493,Peddapalli,TS
2023-09-09,3.6,31.4,25.2,4.2,0.49,Peddapalli,TS
2023-09-10,24.2,31.1,24.5,4.13,0.497,Peddapalli,TS
2023-09-11,0.0,31.8,25.3,4.78,0.48,Peddapalli,TS
2023-09-12,1.3,30.5,24.7,3.69,0.461,Peddapalli,TS
2023-09-13,1.4,30.7,24.4,4.02,0.445,Peddapalli,TS
2023-09-14,5.6,29.8,24.4,2.86,0.477,Peddapalli,TS
2023-09-15,1.6,30.7,25.0,4.34,0.476,Peddapalli,TS
2023-09-16,0.0,31.3,24.7,4.78,0.456,Peddapalli,TS
2023-09-17,0.0,32.1,24.4,4.93,0.425,Peddapalli,TS
2023-09-18,0.0,32.4,24.2,5.21,0.395,Peddapalli,TS
2023-09-19,0.1,32.6,25.0,5.15,0.367,Peddapalli,TS
2023-09-20,10.1,31.4,25.1,3.61,0.384,Peddapalli,TS
2023-09-21,14.0,30.2,24.5,2.62,0.49,Peddapalli,TS
2023-09-22,1.9,29.8,24.4,3.08,0.477,Peddapalli,TS
2023-09-23,5.4,30.3,23.6,3.4,0.479,Peddapalli,TS
2023-09-24,21.1,30.1,24.1,3.05,0.5,Peddapalli,TS
2023-09-25,30.7,28.9,23.9,2.45,0.508,Peddapalli,TS
2023-09-26,7.9,30.7,23.6,4.08,0.494,Peddapalli,TS
2023-09-27,16.8,30.9,23.0,3.99,0.482,Peddapalli,TS
2023-09-28,19.4,31.9,24.0,4.24,0.469,Peddapalli,TS
2023-09-29,15.1,31.4,24.0,3.41,0.493,Peddapalli,TS
2023-09-30,2.4,30.2,24.5,2.95,0.484,Peddapalli,TS
2023-10-01,3.9,31.6,25.0,4.1,0.473,Peddapalli,TS
2023-10-02,6.8,31.6,24.4,3.48,0.481,Peddapalli,TS
2023-10-03,10.5,31.8,25.2,3.65,0.469,Peddapalli,TS
2023-10-04,0.0,33.9,23.9,5.88,0.422,Peddapalli,TS
2023-10-05,0.0,33.5,23.7,5.89,0.382,Peddapalli,TS
2023-10-06,0.0,33.4,24.0,5.93,0.355,Peddapalli,TS
2023-10-07,0.0,33.6,23.9,5.77,0.331,Peddapalli,TS
2023-10-08,0.0,33.3,22.6,4.92,0.311,Peddapalli,TS
2023-10-09,0.0,33.7,22.9,4.83,0.295,Peddapalli,TS
2023-10-10,0.0,33.8,22.7,5.01,0.277,Peddapalli,TS
2023-10-11,0.0,34.3,22.5,5.23,0.265,Peddapalli,TS
2023-10-12,0.0,34.0,22.8,4.73,0.26,Peddapalli,TS
2023-10-13,0.0,33.6,22.8,4.73,0.25,Peddapalli,TS
2023-10-14,0.0,33.3,23.3,4.71,0.241,Peddapalli,TS
2023-10-15,0.0,33.2,23.4,4.66,0.232,Peddapalli,TS
2023-10-16,0.1,32.9,24.8,4.42,0.227,Peddapalli,TS
2023-10-17,0.0,33.0,23.5,4.8,0.225,Peddapalli,TS
2023-10-18,0.0,33.3,23.6,5.0,0.226,Peddapalli,TS
2023-10-19,0.0,33.0,24.1,4.77,0.224,Peddapalli,TS
2023-10-20,0.0,33.2,23.9,5.12,0.224,Peddapalli,TS
2023-10-21,0.0,32.6,23.3,5.32,0.23,Peddapalli,TS
2023-10-22,0.0,32.2,20.9,5.78,0.237,Peddapalli,TS
2023-10-23,0.0,31.3,20.0,5.57,0.238,Peddapalli,TS
2023-10-24,0.0,31.5,19.6,5.38,0.238,Peddapalli,TS
2023-10-25,0.0,32.0,19.2,5.42,0.238,Peddapalli,TS
2023-10-26,0.0,32.1,19.2,5.62,0.239,Peddapalli,TS
2023-10-27,0.0,31.9,17.7,5.51,0.238,Peddapalli,TS
2023-10-28,0.0,31.4,18.9,4.94,0.236,Peddapalli,TS
2023-10-29,0.0,31.5,19.2,4.97,0.235,Peddapalli,TS
2023-10-30,0.0,31.4,19.9,4.69,0.233,Peddapalli,TS
2023-10-31,0.0,31.8,20.4,4.6,0.228,Peddapalli,TS
2023-11-01,0.0,32.3,21.2,4.22,0.227,Peddapalli,TS
2023-11-02,0.5,31.7,21.6,4.15,0.226,Peddapalli,TS
2023-11-03,0.1,32.0,22.9,4.09,0.219,Peddapalli,TS
2023-11-04,0.8,32.4,23.4,4.23,0.213,Peddapalli,TS
2023-11-05,0.0,33.0,22.2,4.65,0.213,Peddapalli,TS
2023-11-06,13.9,30.6,22.9,3.24,0.267,Peddapalli,TS
2023-11-07,0.2,31.8,22.2,4.02,0.276,Peddapalli,TS
2023-11-08,0.8,30.7,23.4,2.92,0.252,Peddapalli,TS
2023-11-09,0.0,32.2,22.5,4.18,0.242,Peddapalli,TS
2023-11-10,0.0,30.9,20.9,3.45,0.237,Peddapalli,TS
2023-11-11,0.0,32.4,20.3,4.36,0.233,Peddapalli,TS
2023-11-12,0.0,32.6,20.7,4.75,0.231,Peddapalli,TS
2023-11-13,0.0,31.9,20.5,4.45,0.23,Peddapalli,TS
2023-11-14,0.0,31.3,20.8,4.39,0.23,Peddapalli,TS
2023-11-15,0.0,30.7,20.8,4.82,0.232,Peddapalli,TS
2023-11-16,0.0,30.7,20.3,4.84,0.23,Peddapalli,TS
2023-11-17,0.0,31.2,21.2,4.59,0.229,Peddapalli,TS
2023-11-18,0.0,31.6,21.0,4.27,0.225,Peddapalli,TS
2023-11-19,0.0,31.9,20.1,4.29,0.222,Peddapalli,TS
2023-11-20,0.0,31.5,21.9,4.3,0.222,Peddapalli,TS
2023-11-21,0.0,31.9,22.0,4.31,0.22,Peddapalli,TS
2023-11-22,1.4,31.1,22.7,3.56,0.223,Peddapalli,TS
2023-11-23,2.1,31.0,22.6,3.55,0.225,Peddapalli,TS
2023-11-24,13.8,27.9,21.9,2.19,0.281,Peddapalli,TS
2023-11-25,7.0,28.9,21.2,3.24,0.417,Peddapalli,TS
2023-11-26,1.3,30.0,21.0,3.6,0.393,Peddapalli,TS
2023-11-27,0.3,29.6,21.3,3.41,0.373,Peddapalli,TS
2023-11-28,3.7,30.4,20.8,3.45,0.363,Peddapalli,TS
2023-11-29,0.0,29.5,20.0,3.28,0.347,Peddapalli,TS
2023-11-30,0.0,31.0,20.1,3.82,0.316,Peddapalli,TS
2023-12-01,0.0,30.9,19.9,3.93,0.298,Peddapalli,TS
2023-12-02,0.0,32.0,20.7,4.29,0.287,Peddapalli,TS
2023-12-03,0.0,32.0,20.3,4.29,0.275,Peddapalli,TS
2023-12-04,0.0,30.7,22.5,3.42,0.267,Peddapalli,TS
2023-12-05,4.6,27.4,21.2,1.91,0.289,Peddapalli,TS
2023-12-06,2.7,24.8,20.4,1.7,0.318,Peddapalli,TS
2023-12-07,0.0,28.8,18.4,3.08,0.322,Peddapalli,TS
2023-12-08,0.0,28.4,18.1,3.27,0.316,Peddapalli,TS
2023-12-09,0.0,28.8,18.8,3.73,0.3,Peddapalli,TS
2023-12-10,0.0,28.5,18.0,4.08,0.279,Peddapalli,TS
2023-12-11,0.0,28.9,16.3,3.95,0.259,Peddapalli,TS
2023-12-12,0.0,29.1,16.7,4.0,0.245,Peddapalli,TS
2023-12-13,0.0,29.3,16.6,4.05,0.236,Peddapalli,TS
2023-12-14,0.0,29.3,17.2,3.93,0.228,Peddapalli,TS
2023-12-15,0.0,29.6,17.1,3.85,0.219,Peddapalli,TS
2023-12-16,0.0,30.0,19.2,4.29,0.217,Peddapalli,TS
2023-12-17,0.0,29.6,18.7,4.81,0.218,Peddapalli,TS
2023-12-18,0.0,28.9,19.2,4.59,0.219,Peddapalli,TS
2023-12-19,0.0,27.8,18.1,4.76,0.218,Peddapalli,TS
2023-12-20,0.0,28.4,17.1,4.79,0.212,Peddapalli,TS
2023-12-21,0.0,29.2,16.4,4.57,0.211,Peddapalli,TS
2023-12-22,0.0,30.3,15.7,4.53,0.207,Peddapalli,TS
2023-12-23,0.0,30.4,16.4,4.27,0.211,Peddapalli,TS
2023-12-24,0.0,30.7,16.7,3.83,0.209,Peddapalli,TS
2023-12-25,0.0,31.4,16.4,3.93,0.213,Peddapalli,TS
2023-12-26,0.0,31.5,16.2,3.75,0.221,Peddapalli,TS
2023-12-27,0.0,30.5,16.2,3.9,0.222,Peddapalli,TS
2023-12-28,0.0,30.4,17.6,3.89,0.218,Peddapalli,TS
2023-12-29,0.0,30.0,18.1,3.9,0.221,Peddapalli,TS
2023-12-30,0.0,30.1,17.1,3.91,0.225,Peddapalli,TS
2023-12-31,0.0,30.3,17.6,3.84,0.226,Peddapalli,TS
2024-01-01,0.0,30.1,19.1,3.75,0.227,Peddapalli,TS
2024-01-02,0.0,30.0,18.0,3.86,0.225,Peddapalli,TS
2024-01-03,0.0,30.0,18.9,4.13,0.223,Peddapalli,TS
2024-01-04,0.0,30.9,19.0,4.42,0.224,Peddapalli,TS
2024-01-05,0.0,30.6,18.8,4.48,0.223,Peddapalli,TS
2024-01-06,0.0,30.8,18.2,4.22,0.223,Peddapalli,TS
2024-01-07,0.0,30.2,18.6,3.99,0.222,Peddapalli,TS
2024-01-08,0.0,31.2,17.3,4.77,0.221,Peddapalli,TS
2024-01-09,0.0,31.5,17.7,4.51,0.221,Peddapalli,TS
2024-01-10,0.3,31.1,20.0,3.53,0.221,Peddapalli,TS
2024-01-11,0.0,32.3,21.6,4.26,0.222,Peddapalli,TS
2024-01-12,0.0,33.0,20.6,4.22,0.219,Peddapalli,TS
2024-01-13,0.0,33.0,21.7,4.42,0.222,Peddapalli,TS
2024-01-14,0.0,33.9,21.4,4.49,0.222,Peddapalli,TS
2024-01-15,0.0,33.0,22.7,4.34,0.223,Peddapalli,TS
2024-01-16,0.0,32.1,20.3,4.59,0.223,Peddapalli,TS
2024-01-17,0.0,32.2,21.2,5.11,0.222,Peddapalli,TS
2024-01-18,0.0,31.2,20.6,4.68,0.225,Peddapalli,TS
2024-01-19,0.1,31.9,22.1,4.25,0.222,Peddapalli,TS
2024-01-20,0.2,30.4,21.1,4.01,0.223,Peddapalli,TS
2024-01-21,0.0,32.1,21.1,4.4,0.223,Peddapalli,TS
2024-01-22,0.0,33.4,21.4,4.7,0.222,Peddapalli,TS
2024-01-23,0.0,33.6,22.0,4.95,0.223,Peddapalli,TS
2024-01-24,0.7,29.3,21.6,3.39,0.234,Peddapalli,TS
2024-01-25,0.0,29.6,18.8,4.54,0.247,Peddapalli,TS
2024-01-26,0.0,31.6,17.4,4.03,0.239,Peddapalli,TS
2024-01-27,0.0,31.2,18.3,4.58,0.232,Peddapalli,TS
2024-01-28,0.0,31.4,16.4,4.63,0.234,Peddapalli,TS
2024-01-29,0.0,31.8,18.1,4.57,0.235,Peddapalli,TS
2024-01-30,0.0,31.8,19.1,4.8,0.235,Peddapalli,TS
2024-01-31,0.0,31.9,20.0,5.24,0.228,Peddapalli,TS
2024-02-01,0.4,33.4,20.8,4.76,0.219,Peddapalli,TS
2024-02-02,0.2,33.6,22.0,4.66,0.217,Peddapalli,TS
2024-02-03,0.0,32.7,21.5,4.67,0.217,Peddapalli,TS
2024-02-04,0.0,33.9,20.6,5.24,0.223,Peddapalli,TS
2024-02-05,0.0,34.8,21.4,5.36,0.225,Peddapalli,TS
2024-02-06,0.0,35.5,23.2,5.14,0.223,Peddapalli,TS
2024-02-07,0.0,36.7,23.1,4.9,0.222,Peddapalli,TS
2024-02-08,0.0,33.5,24.2,6.17,0.221,Peddapalli,TS
2024-02-09,0.0,33.9,21.2,5.35,0.226,Peddapalli,TS
2024-02-10,0.1,34.0,23.3,5.01,0.231,Peddapalli,TS
2024-02-11,0.2,33.5,23.4,4.96,0.237,Peddapalli,TS
2024-02-12,0.0,33.4,21.4,5.51,0.236,Peddapalli,TS
2024-02-13,0.0,33.1,20.0,5.84,0.236,Peddapalli,TS
2024-02-14,0.0,33.8,21.4,5.53,0.235,Peddapalli,TS
2024-02-15,0.0,33.9,20.3,5.61,0.236,Peddapalli,TS
2024-02-16,0.0,34.3,19.5,5.73,0.236,Peddapalli,TS
2024-02-17,0.0,34.9,20.1,6.0,0.234,Peddapalli,TS
2024-02-18,0.0,35.5,20.0,6.24,0.234,Peddapalli,TS
2024-02-19,0.0,36.0,21.6,6.79,0.235,Peddapalli,TS
2024-02-20,0.0,35.3,21.3,6.29,0.238,Peddapalli,TS
2024-02-21,0.0,36.1,22.2,6.08,0.231,Peddapalli,TS
2024-02-22,0.0,35.1,21.6,6.37,0.229,Peddapalli,TS
2024-02-23,0.0,33.5,21.0,5.91,0.23,Peddapalli,TS
2024-02-24,0.7,34.6,21.5,5.19,0.231,Peddapalli,TS
2024-02-25,4.2,32.8,22.6,4.22,0.242,Peddapalli,TS
2024-02-26,0.0,34.0,23.2,5.34,0.281,Peddapalli,TS
2024-02-27,0.0,34.4,21.8,5.77,0.28,Peddapalli,TS
2024-02-28,0.0,33.8,21.3,5.33,0.264,Peddapalli,TS
2024-02-29,0.0,36.0,21.4,5.73,0.254,Peddapalli,TS
2024-03-01,0.0,35.0,22.6,6.27,0.248,Peddapalli,TS
2024-03-02,0.0,36.7,23.3,7.05,0.24,Peddapalli,TS
2024-03-03,0.0,37.2,23.8,6.82,0.235,Peddapalli,TS
2024-03-04,0.0,35.7,22.7,5.9,0.234,Peddapalli,TS
2024-03-05,0.0,35.7,24.6,6.01,0.237,Peddapalli,TS
2024-03-06,0.0,37.2,24.7,6.15,0.232,Peddapalli,TS
2024-03-07,0.0,36.6,25.2,5.74,0.229,Peddapalli,TS
2024-03-08,0.0,36.8,23.2,6.03,0.224,Peddapalli,TS
2024-03-09,0.0,37.5,23.0,6.36,0.222,Peddapalli,TS
2024-03-10,0.6,35.3,24.2,5.51,0.223,Peddapalli,TS
2024-03-11,0.0,36.4,25.0,6.52,0.223,Peddapalli,TS
2024-03-12,0.0,38.0,24.2,6.52,0.221,Peddapalli,TS
2024-03-13,0.0,39.8,25.8,7.21,0.228,Peddapalli,TS
2024-03-14,0.0,38.6,24.3,6.76,0.227,Peddapalli,TS
2024-03-15,0.2,36.7,25.2,6.03,0.224,Peddapalli,TS
2024-03-16,1.2,34.8,25.0,5.7,0.227,Peddapalli,TS
2024-03-17,0.3,31.2,24.9,4.12,0.354,Peddapalli,TS
2024-03-18,0.0,33.4,24.3,5.04,0.359,Peddapalli,TS
2024-03-19,0.3,34.5,23.2,5.54,0.332,Peddapalli,TS
2024-03-20,2.4,31.9,20.7,5.29,0.337,Peddapalli,TS
2024-03-21,0.1,33.7,20.8,5.81,0.315,Peddapalli,TS
2024-03-22,0.0,35.5,21.9,6.39,0.289,Peddapalli,TS
2024-03-23,0.0,37.2,22.7,6.4,0.27,Peddapalli,TS
2024-03-24,0.3,36.9,23.7,6.77,0.256,Peddapalli,TS
2024-03-25,0.0,36.9,24.6,6.46,0.248,Peddapalli,TS
2024-03-26,0.0,38.2,24.7,8.08,0.243,Peddapalli,TS
2024-03-27,0.0,37.8,24.4,7.36,0.237,Peddapalli,TS
2024-03-28,0.0,38.9,24.9,7.38,0.231,Peddapalli,TS
2024-03-29,0.0,38.9,26.3,7.43,0.227,Peddapalli,TS
2024-03-30,0.0,38.9,24.8,7.06,0.227,Peddapalli,TS
2024-03-31,0.0,37.9,26.9,7.11,0.225,Peddapalli,TS
2024-04-01,0.0,39.8,25.0,7.62,0.224,Peddapalli,TS
2024-04-02,0.1,39.5,26.2,7.0,0.223,Peddapalli,TS
2024-04-03,0.0,38.2,26.4,6.44,0.222,Peddapalli,TS
2024-04-04,0.2,40.4,26.9,7.65,0.222,Peddapalli,TS
2024-04-05,0.0,41.4,28.0,7.45,0.222,Peddapalli,TS
2024-04-06,0.0,41.2,28.1,7.26,0.226,Peddapalli,TS
2024-04-07,0.0,41.8,29.0,7.09,0.22,Peddapalli,TS
2024-04-08,0.0,39.1,27.8,8.46,0.221,Peddapalli,TS
2024-04-09,2.1,36.8,25.9,6.1,0.243,Peddapalli,TS
2024-04-10,0.0,38.3,26.6,7.85,0.231,Peddapalli,TS
2024-04-11,8.1,34.5,23.5,5.79,0.246,Peddapalli,TS
2024-04-12,3.6,33.6,23.8,4.78,0.254,Peddapalli,TS
2024-04-13,0.0,35.4,26.3,5.44,0.234,Peddapalli,TS
2024-04-14,0.0,37.3,26.0,6.27,0.233,Peddapalli,TS
2024-04-15,0.0,39.6,26.6,6.85,0.225,Peddapalli,TS
2024-04-16,0.1,40.0,27.0,6.74,0.222,Peddapalli,TS
2024-04-17,0.0,40.9,28.4,7.67,0.22,Peddapalli,TS
2024-04-18,0.0,42.0,29.2,7.66,0.218,Peddapalli,TS
2024-04-19,0.0,42.0,28.7,7.09,0.22,Peddapalli,TS
2024-04-20,4.9,38.7,27.1,6.79,0.239,Peddapalli,TS
2024-04-21,1.0,40.0,29.4,6.79,0.242,Peddapalli,TS
2024-04-22,0.3,39.1,27.2,6.9,0.231,Peddapalli,TS
2024-04-23,0.0,39.5,26.0,6.81,0.265,Peddapalli,TS
2024-04-24,0.0,39.5,25.6,7.73,0.255,Peddapalli,TS
2024-04-25,0.0,40.4,26.2,7.2,0.237,Peddapalli,TS
2024-04-26,0.0,40.3,26.4,7.15,0.227,Peddapalli,TS
2024-04-27,0.0,41.4,29.2,7.21,0.222,Peddapalli,TS
2024-04-28,0.0,42.1,29.1,7.59,0.22,Peddapalli,TS
2024-04-29,0.0,41.2,29.6,7.22,0.218,Peddapalli,TS
2024-04-30,0.0,42.5,28.9,8.4,0.221,Peddapalli,TS
2024-05-01,0.0,42.7,29.3,9.16,0.221,Peddapalli,TS
2024-05-02,0.0,42.0,28.3,8.38,0.22,Peddapalli,TS
2024-05-03,0.0,42.2,26.7,7.24,0.22,Peddapalli,TS
2024-05-04,0.0,42.7,28.0,7.31,0.22,Peddapalli,TS
2024-05-05,0.0,42.5,28.8,8.5,0.22,Peddapalli,TS
2024-05-06,2.1,42.2,26.2,8.02,0.221,Peddapalli,TS
2024-05-07,10.1,39.7,25.5,7.08,0.27,Peddapalli,TS
2024-05-08,0.0,37.8,25.4,6.74,0.234,Peddapalli,TS
2024-05-09,17.4,34.9,26.6,5.37,0.285,Peddapalli,TS
2024-05-10,0.0,37.6,25.6,6.28,0.283,Peddapalli,TS
2024-05-11,0.0,39.4,27.6,6.62,0.231,Peddapalli,TS
2024-05-12,5.5,38.8,29.1,6.68,0.237,Peddapalli,TS
2024-05-13,0.0,36.9,28.4,5.45,0.235,Peddapalli,TS
2024-05-14,0.2,38.8,27.0,6.71,0.228,Peddapalli,TS
2024-05-15,1.5,37.7,26.9,6.11,0.224,Peddapalli,TS
2024-05-16,15.8,33.7,25.8,4.51,0.277,Peddapalli,TS
2024-05-17,3.4,36.5,24.9,4.74,0.28,Peddapalli,TS
2024-05-18,6.1,35.3,25.8,4.41,0.3,Peddapalli,TS
2024-05-19,0.2,36.0,25.5,4.66,0.316,Peddapalli,TS
2024-05-20,1.1,36.3,26.5,6.07,0.276,Peddapalli,TS
2024-05-21,13.0,37.6,26.2,6.25,0.325,Peddapalli,TS
2024-05-22,8.1,39.3,28.1,6.04,0.236,Peddapalli,TS
2024-05-23,0.0,40.9,28.1,6.59,0.217,Peddapalli,TS
2024-05-24,0.0,42.7,29.8,7.89,0.217,Peddapalli,TS
2024-05-25,1.0,37.9,27.4,5.16,0.227,Peddapalli,TS
2024-05-26,0.0,42.6,29.2,7.15,0.225,Peddapalli,TS
2024-05-27,0.0,44.6,31.9,9.17,0.23,Peddapalli,TS
2024-05-28,0.1,42.3,32.4,9.75,0.232,Peddapalli,TS
2024-05-29,0.0,42.6,32.7,9.93,0.233,Peddapalli,TS
2024-05-30,0.0,42.6,31.1,8.87,0.222,Peddapalli,TS
2024-05-31,0.0,43.3,31.3,8.89,0.216,Peddapalli,TS
2024-06-01,0.2,42.7,29.9,7.69,0.215,Peddapalli,TS
2024-06-02,20.6,38.8,26.7,4.42,0.259,Peddapalli,TS
2024-06-03,3.0,37.5,26.9,5.31,0.291,Peddapalli,TS
2024-06-04,8.6,37.4,27.0,4.39,0.255,Peddapalli,TS
2024-06-05,5.6,35.4,27.4,4.54,0.271,Peddapalli,TS
2024-06-06,14.5,38.2,27.0,5.57,0.253,Peddapalli,TS
2024-06-07,0.8,36.6,26.7,5.73,0.248,Peddapalli,TS
2024-06-08,0.0,36.7,26.8,5.25,0.221,Peddapalli,TS
2024-06-09,2.1,36.1,26.9,5.59,0.223,Peddapalli,TS
2024-06-10,3.7,37.2,26.7,5.65,0.223,Peddapalli,TS
2024-06-11,1.8,38.2,26.4,6.28,0.214,Peddapalli,TS
2024-06-12,1.4,36.2,26.3,5.3,0.306,Peddapalli,TS
2024-06-13,0.9,37.7,27.3,5.85,0.31,Peddapalli,TS
2024-06-14,9.6,34.9,26.5,4.98,0.333,Peddapalli,TS
2024-06-15,5.6,35.9,26.4,6.02,0.339,Peddapalli,TS
2024-06-16,8.4,34.9,26.4,5.05,0.303,Peddapalli,TS
2024-06-17,0.4,36.6,27.1,5.44,0.269,Peddapalli,TS
2024-06-18,6.2,38.6,27.6,5.46,0.277,Peddapalli,TS
2024-06-19,10.9,34.4,26.6,4.3,0.284,Peddapalli,TS
2024-06-20,4.4,33.2,26.3,3.46,0.393,Peddapalli,TS
2024-06-21,18.5,33.8,25.7,4.51,0.445,Peddapalli,TS
2024-06-22,58.8,29.9,24.9,1.84,0.502,Peddapalli,TS
2024-06-23,57.7,30.5,24.4,2.64,0.512,Peddapalli,TS
2024-06-24,5.2,34.4,25.0,5.03,0.453,Peddapalli,TS
2024-06-25,0.4,34.4,26.3,5.1,0.38,Peddapalli,TS
2024-06-26,12.9,34.7,26.2,4.88,0.359,Peddapalli,TS
2024-06-27,30.7,31.2,25.5,3.27,0.484,Peddapalli,TS
2024-06-28,28.6,32.5,24.8,3.87,0.504,Peddapalli,TS
2024-06-29,18.6,31.8,25.7,3.89,0.489,Peddapalli,TS
2024-06-30,10.8,28.6,25.8,1.99,0.496,Peddapalli,TS
2024-07-01,3.9,31.7,25.1,4.04,0.474,Peddapalli,TS
2024-07-02,2.8,32.9,25.4,4.43,0.455,Peddapalli,TS
2024-07-03,3.6,33.5,25.0,4.84,0.475,Peddapalli,TS
2024-07-04,2.0,32.8,26.2,4.84,0.463,Peddapalli,TS
2024-07-05,4.3,33.1,26.7,5.21,0.44,Peddapalli,TS
2024-07-06,4.0,31.9,25.7,3.34,0.468,Peddapalli,TS
2024-07-07,25.6,31.4,24.8,3.44,0.499,Peddapalli,TS
2024-07-08,49.7,30.8,24.6,3.25,0.505,Peddapalli,TS
2024-07-09,28.1,30.6,24.5,3.68,0.497,Peddapalli,TS
2024-07-10,3.7,32.1,24.6,4.63,0.487,Peddapalli,TS
2024-07-11,11.7,31.7,25.9,4.73,0.459,Peddapalli,TS
2024-07-12,11.4,30.7,24.9,3.64,0.476,Peddapalli,TS
2024-07-13,10.7,31.8,24.7,3.97,0.467,Peddapalli,TS
2024-07-14,18.9,30.4,25.0,2.97,0.494,Peddapalli,TS
2024-07-15,18.7,29.7,25.1,2.89,0.503,Peddapalli,TS
2024-07-16,10.7,30.5,24.6,2.8,0.5,Peddapalli,TS
2024-07-17,27.4,29.6,25.0,2.99,0.51,Peddapalli,TS
2024-07-18,30.0,29.4,25.0,3.07,0.505,Peddapalli,TS
2024-07-19,24.0,27.8,24.8,2.34,0.506,Peddapalli,TS
2024-07-20,59.1,27.6,24.7,2.37,0.514,Peddapalli,TS
2024-07-21,44.5,29.5,24.2,3.42,0.504,Peddapalli,TS
2024-07-22,8.7,31.2,24.5,4.33,0.5,Peddapalli,TS
2024-07-23,13.1,28.8,24.8,2.62,0.505,Peddapalli,TS
2024-07-24,27.7,26.1,24.6,1.67,0.509,Peddapalli,TS
2024-07-25,26.0,27.0,24.2,1.81,0.511,Peddapalli,TS
2024-07-26,19.2,29.2,23.6,3.1,0.507,Peddapalli,TS
2024-07-27,35.5,26.7,24.1,1.8,0.513,Peddapalli,TS
2024-07-28,12.6,30.4,24.2,4.0,0.499,Peddapalli,TS
2024-07-29,0.6,32.3,25.1,5.17,0.476,Peddapalli,TS
2024-07-30,18.5,32.4,25.4,4.71,0.474,Peddapalli,TS
2024-07-31,6.2,28.9,25.2,2.09,0.501,Peddapalli,TS
2024-08-01,18.0,28.1,24.3,2.08,0.503,Peddapalli,TS
2024-08-02,22.4,31.0,24.9,3.21,0.506,Peddapalli,TS
2024-08-03,11.9,30.4,24.5,3.07,0.502,Peddapalli,TS
2024-08-04,16.5,30.2,24.9,3.67,0.49,Peddapalli,TS
2024-08-05,7.2,30.7,24.4,4.02,0.494,Peddapalli,TS
2024-08-06,5.5,30.3,24.9,3.44,0.488,Peddapalli,TS
2024-08-07,13.7,28.1,24.3,1.86,0.508,Peddapalli,TS
2024-08-08,7.1,30.3,23.9,3.92,0.496,Peddapalli,TS
2024-08-09,0.0,31.5,23.8,5.03,0.47,Peddapalli,TS
2024-08-10,0.0,32.0,24.5,5.1,0.443,Peddapalli,TS
2024-08-11,2.1,31.1,24.4,4.53,0.448,Peddapalli,TS
2024-08-12,2.1,31.0,24.7,4.61,0.454,Peddapalli,TS
2024-08-13,1.3,31.7,24.9,4.6,0.427,Peddapalli,TS
2024-08-14,2.9,31.6,25.5,3.91,0.404,Peddapalli,TS
2024-08-15,13.3,29.9,25.5,2.5,0.416,Peddapalli,TS
2024-08-16,7.1,30.5,25.3,2.8,0.414,Peddapalli,TS
2024-08-17,10.0,30.3,24.1,3.38,0.48,Peddapalli,TS
2024-08-18,13.3,30.9,24.6,3.61,0.494,Peddapalli,TS
2024-08-19,16.8,31.1,25.1,3.53,0.499,Peddapalli,TS
2024-08-20,8.2,31.0,25.0,4.2,0.497,Peddapalli,TS
2024-08-21,12.5,32.4,24.2,4.78,0.487,Peddapalli,TS
2024-08-22,16.9,31.2,24.7,3.92,0.474,Peddapalli,TS
2024-08-23,4.8,30.0,25.3,3.38,0.474,Peddapalli,TS
2024-08-24,11.3,29.1,24.7,2.47,0.501,Peddapalli,TS
2024-08-25,4.2,29.0,24.0,3.39,0.498,Peddapalli,TS
2024-08-26,0.8,31.8,24.8,5.24,0.474,Peddapalli,TS
2024-08-27,0.3,31.7,24.6,5.11,0.456,Peddapalli,TS
2024-08-28,0.6,31.3,24.8,4.77,0.446,Peddapalli,TS
2024-08-29,2.1,30.7,25.4,3.95,0.435,Peddapalli,TS
2024-08-30,112.7,29.2,24.2,2.23,0.497,Peddapalli,TS
2024-08-31,48.4,28.0,23.7,2.06,0.507,Peddapalli,TS
2024-09-01,29.2,27.7,24.3,1.94,0.509,Peddapalli,TS
2024-09-02,7.7,28.4,24.1,2.11,0.504,Peddapalli,TS
2024-09-03,7.5,28.9,24.4,2.54,0.5,Peddapalli,TS
2024-09-04,16.3,28.7,24.4,2.79,0.509,Peddapalli,TS
2024-09-05,7.7,30.8,24.1,3.43,0.497,Peddapalli,TS
2024-09-06,4.2,31.1,25.1,4.37,0.479,Peddapalli,TS
2024-09-07,9.4,29.6,24.4,3.04,0.48,Peddapalli,TS
2024-09-08,6.6,27.3,25.1,2.15,0.476,Peddapalli,TS
2024-09-09,22.1,26.8,24.8,1.54,0.504,Peddapalli,TS
2024-09-10,8.4,29.6,24.3,3.0,0.5,Peddapalli,TS
2024-09-11,0.0,31.9,25.4,5.34,0.472,Peddapalli,TS
2024-09-12,0.8,30.9,24.6,4.75,0.452,Peddapalli,TS
2024-09-13,0.0,30.7,24.6,4.99,0.432,Peddapalli,TS
2024-09-14,0.1,30.6,23.7,4.84,0.414,Peddapalli,TS
2024-09-15,0.0,30.7,23.5,5.18,0.398,Peddapalli,TS
2024-09-16,0.1,30.8,24.0,4.88,0.38,Peddapalli,TS
2024-09-17,0.0,31.3,25.0,5.35,0.356,Peddapalli,TS
2024-09-18,0.0,31.7,23.3,5.11,0.338,Peddapalli,TS
2024-09-19,0.0,32.0,23.9,4.93,0.317,Peddapalli,TS
2024-09-20,5.8,32.0,23.7,4.24,0.303,Peddapalli,TS
2024-09-21,9.3,31.1,24.2,4.39,0.423,Peddapalli,TS
2024-09-22,5.6,29.8,23.6,3.23,0.454,Peddapalli,TS
2024-09-23,7.7,31.3,24.2,3.55,0.466,Peddapalli,TS
2024-09-24,4.2,29.8,24.4,2.62,0.454,Peddapalli,TS
2024-09-25,10.3,29.2,24.0,2.81,0.476,Peddapalli,TS
2024-09-26,5.6,29.9,24.4,3.43,0.483,Peddapalli,TS
2024-09-27,0.3,30.5,24.7,4.06,0.462,Peddapalli,TS
2024-09-28,0.2,31.8,24.2,4.61,0.431,Peddapalli,TS
2024-09-29,2.7,31.9,24.3,4.29,0.412,Peddapalli,TS
2024-09-30,1.9,31.4,24.6,4.3,0.406,Peddapalli,TS
2024-10-01,0.9,32.1,24.6,4.41,0.396,Peddapalli,TS
2024-10-02,16.1,32.0,24.2,4.34,0.4,Peddapalli,TS
2024-10-03,0.1,33.3,25.1,4.75,0.342,Peddapalli,TS
2024-10-04,0.1,33.3,24.8,4.88,0.325,Peddapalli,TS
2024-10-05,0.1,32.4,24.7,4.56,0.309,Peddapalli,TS
2024-10-06,0.0,33.1,23.5,4.74,0.292,Peddapalli,TS
2024-10-07,0.4,32.0,23.6,4.23,0.281,Peddapalli,TS
2024-10-08,3.9,32.0,24.0,4.46,0.278,Peddapalli,TS
2024-10-09,5.8,31.8,24.0,4.5,0.317,Peddapalli,TS
2024-10-10,2.3,32.0,23.4,4.31,0.377,Peddapalli,TS
2024-10-11,3.6,31.5,23.6,3.93,0.389,Peddapalli,TS
2024-10-12,5.7,31.4,24.1,3.74,0.396,Peddapalli,TS
2024-10-13,8.6,31.4,23.4,4.0,0.403,Peddapalli,TS
2024-10-14,0.4,31.9,22.8,4.19,0.379,Peddapalli,TS
2024-10-15,0.4,31.6,23.7,4.0,0.339,Peddapalli,TS
2024-10-16,0.2,33.2,24.0,4.48,0.314,Peddapalli,TS
2024-10-17,11.5,31.0,24.5,3.27,0.342,Peddapalli,TS
2024-10-18,0.6,32.1,24.0,4.23,0.356,Peddapalli,TS
2024-10-19,13.6,32.6,23.9,4.14,0.346,Peddapalli,TS
2024-10-20,6.4,30.6,22.9,3.54,0.42,Peddapalli,TS
2024-10-21,6.4,30.5,22.4,3.52,0.395,Peddapalli,TS
2024-10-22,2.1,31.2,23.6,4.03,0.385,Peddapalli,TS
2024-10-23,0.0,32.5,22.9,5.04,0.341,Peddapalli,TS
2024-10-24,0.0,32.2,22.5,5.27,0.315,Peddapalli,TS
2024-10-25,0.0,32.2,22.2,5.33,0.299,Peddapalli,TS
2024-10-26,0.0,33.0,23.1,5.52,0.281,Peddapalli,TS
2024-10-27,0.0,32.7,21.3,4.53,0.268,Peddapalli,TS
2024-10-28,1.5,32.7,22.2,4.22,0.258,Peddapalli,TS
2024-10-29,0.6,32.0,24.0,3.81,0.246,Peddapalli,TS
2024-10-30,12.6,30.3,23.7,2.48,0.263,Peddapalli,TS
2024-10-31,16.1,31.9,23.2,3.35,0.357,Peddapalli,TS
2024-11-01,4.3,29.9,22.8,3.36,0.405,Peddapalli,TS
2024-11-02,0.1,31.9,22.6,4.25,0.408,Peddapalli,TS
2024-11-03,0.0,32.1,21.3,4.47,0.371,Peddapalli,TS
2024-11-04,0.0,31.4,20.1,4.18,0.342,Peddapalli,TS
2024-11-05,0.0,31.9,19.6,4.39,0.32,Peddapalli,TS
2024-11-06,0.0,32.0,20.6,5.3,0.303,Peddapalli,TS
2024-11-07,0.0,31.2,20.5,4.67,0.288,Peddapalli,TS
2024-11-08,0.0,31.7,21.0,4.55,0.276,Peddapalli,TS
2024-11-09,0.0,32.0,21.3,4.66,0.269,Peddapalli,TS
2024-11-10,0.0,31.3,20.6,5.01,0.265,Peddapalli,TS
2024-11-11,0.0,31.0,20.7,4.85,0.259,Peddapalli,TS
2024-11-12,0.0,31.5,21.3,4.9,0.268,Peddapalli,TS
2024-11-13,0.0,31.0,21.1,4.42,0.299,Peddapalli,TS
2024-11-14,0.0,30.6,20.9,4.3,0.288,Peddapalli,TS
2024-11-15,0.0,30.2,20.6,4.32,0.277,Peddapalli,TS
2024-11-16,0.0,29.4,20.6,4.58,0.281,Peddapalli,TS
2024-11-17,0.0,28.9,18.5,4.34,0.279,Peddapalli,TS
2024-11-18,0.0,28.2,17.9,4.14,0.285,Peddapalli,TS
2024-11-19,0.0,28.0,17.2,4.15,0.287,Peddapalli,TS
2024-11-20,0.0,27.8,16.7,3.88,0.289,Peddapalli,TS
2024-11-21,0.0,27.8,16.9,3.94,0.291,Peddapalli,TS
2024-11-22,0.0,27.5,15.9,3.97,0.293,Peddapalli,TS
2024-11-23,0.0,27.1,15.8,3.58,0.298,Peddapalli,TS
2024-11-24,0.0,27.4,15.2,3.8,0.3,Peddapalli,TS
2024-11-25,0.0,26.9,16.6,3.88,0.3,Peddapalli,TS
2024-11-26,0.0,27.4,16.4,4.22,0.298,Peddapalli,TS
2024-11-27,0.0,27.3,15.5,4.15,0.296,Peddapalli,TS
2024-11-28,0.0,26.7,16.0,4.31,0.296,Peddapalli,TS
2024-11-29,0.0,27.7,16.7,4.21,0.291,Peddapalli,TS
2024-11-30,0.3,28.6,20.6,3.05,0.282,Peddapalli,TS
2024-12-01,0.2,28.6,21.7,2.47,0.279,Peddapalli,TS
2024-12-02,2.3,28.5,21.9,2.2,0.281,Peddapalli,TS
2024-12-03,5.5,29.9,22.4,3.08,0.299,Peddapalli,TS
2024-12-04,2.1,30.0,22.3,2.69,0.304,Peddapalli,TS
2024-12-05,2.3,29.8,21.9,2.73,0.307,Peddapalli,TS
2024-12-06,1.7,30.2,21.5,3.06,0.284,Peddapalli,TS
2024-12-07,3.3,31.1,22.0,3.21,0.307,Peddapalli,TS
2024-12-08,0.2,29.9,21.9,2.96,0.305,Peddapalli,TS
2024-12-09,2.6,28.4,22.1,2.4,0.308,Peddapalli,TS
2024-12-10,0.0,28.7,20.0,4.3,0.302,Peddapalli,TS
2024-12-11,0.0,27.3,17.1,4.26,0.294,Peddapalli,TS
2024-12-12,0.0,27.3,15.4,4.05,0.297,Peddapalli,TS
2024-12-13,0.0,27.1,16.7,4.08,0.297,Peddapalli,TS
2024-12-14,0.0,26.8,16.4,4.32,0.293,Peddapalli,TS
2024-12-15,0.0,26.7,15.1,4.22,0.29,Peddapalli,TS
2024-12-16,0.0,26.7,13.2,3.87,0.287,Peddapalli,TS
2024-12-17,0.0,27.6,13.2,3.81,0.282,Peddapalli,TS
2024-12-18,0.0,28.1,14.7,4.08,0.279,Peddapalli,TS
2024-12-19,0.0,28.7,16.2,3.69,0.274,Peddapalli,TS
2024-12-20,0.0,30.9,20.4,3.79,0.252,Peddapalli,TS
2024-12-21,0.1,30.2,20.5,3.83,0.251,Peddapalli,TS
2024-12-22,0.0,29.9,19.5,4.04,0.265,Peddapalli,TS
2024-12-23,0.0,30.2,18.1,3.85,0.277,Peddapalli,TS
2024-12-24,0.0,29.2,21.2,3.36,0.293,Peddapalli,TS
2024-12-25,0.1,27.8,21.3,2.61,0.297,Peddapalli,TS
2024-12-26,1.8,27.7,21.1,2.5,0.317,Peddapalli,TS
2024-12-27,3.5,27.8,21.0,2.2,0.343,Peddapalli,TS
2024-12-28,0.0,29.1,18.9,3.99,0.339,Peddapalli,TS
2024-12-29,0.0,29.5,19.3,3.52,0.312,Peddapalli,TS
2024-12-30,0.0,30.0,19.3,3.86,0.294,Peddapalli,TS
2024-12-31,0.0,29.9,19.5,3.71,0.291,Peddapalli,TS
2025-01-01,0.0,28.3,19.0,3.61,0.291,Peddapalli,TS
2025-01-02,0.0,27.3,15.3,4.22,0.286,Peddapalli,TS
2025-01-03,0.0,28.1,15.9,4.23,0.285,Peddapalli,TS
2025-01-04,0.0,28.1,15.3,3.92,0.279,Peddapalli,TS
2025-01-05,0.0,27.9,13.6,3.46,0.264,Peddapalli,TS
2025-01-06,0.0,27.9,16.3,3.69,0.252,Peddapalli,TS
2025-01-07,0.0,28.6,15.6,3.99,0.245,Peddapalli,TS
2025-01-08,0.0,26.8,16.3,4.36,0.245,Peddapalli,TS
2025-01-09,0.0,27.1,14.7,3.92,0.256,Peddapalli,TS
2025-01-10,0.0,27.2,14.4,3.51,0.26,Peddapalli,TS
2025-01-11,0.0,27.2,16.4,3.63,0.262,Peddapalli,TS
2025-01-12,0.0,27.4,18.3,3.61,0.271,Peddapalli,TS
2025-01-13,0.0,28.4,17.3,3.68,0.273,Peddapalli,TS
2025-01-14,0.0,29.1,17.4,3.58,0.266,Peddapalli,TS
2025-01-15,0.0,28.3,18.3,3.44,0.264,Peddapalli,TS
2025-01-16,0.0,28.2,17.8,3.29,0.261,Peddapalli,TS
2025-01-17,0.0,28.3,17.8,4.24,0.257,Peddapalli,TS
2025-01-18,0.0,27.7,16.5,3.92,0.253,Peddapalli,TS
2025-01-19,0.0,28.7,17.3,4.54,0.25,Peddapalli,TS
2025-01-20,0.0,28.9,16.6,4.5,0.247,Peddapalli,TS
2025-01-21,0.0,30.0,14.7,4.16,0.245,Peddapalli,TS
2025-01-22,0.0,30.1,14.4,3.82,0.244,Peddapalli,TS
2025-01-23,0.0,29.2,17.7,3.96,0.244,Peddapalli,TS
2025-01-24,0.0,29.6,16.4,3.96,0.243,Peddapalli,TS
2025-01-25,0.0,30.1,16.1,3.83,0.243,Peddapalli,TS
2025-01-26,0.0,31.1,16.6,4.01,0.243,Peddapalli,TS
2025-01-27,0.0,30.8,16.6,3.93,0.242,Peddapalli,TS
2025-01-28,0.0,30.7,17.3,4.35,0.242,Peddapalli,TS
2025-01-29,0.0,29.8,18.9,4.26,0.242,Peddapalli,TS
2025-01-30,0.0,30.7,19.2,4.42,0.242,Peddapalli,TS
2025-01-31,0.0,31.6,19.2,4.52,0.242,Peddapalli,TS
2025-02-01,0.0,32.3,19.3,4.65,0.242,Peddapalli,TS
2025-02-02,0.0,32.3,19.8,4.68,0.242,Peddapalli,TS
2025-02-03,0.0,33.1,18.2,4.77,0.242,Peddapalli,TS
2025-02-04,0.0,33.4,19.0,4.88,0.242,Peddapalli,TS
2025-02-05,0.0,33.3,19.7,4.65,0.243,Peddapalli,TS
2025-02-06,0.0,32.6,19.9,4.64,0.243,Peddapalli,TS
2025-02-07,0.0,33.0,21.2,4.79,0.242,Peddapalli,TS
2025-02-08,0.0,33.0,20.9,4.79,0.241,Peddapalli,TS
2025-02-09,0.0,32.6,20.4,4.64,0.241,Peddapalli,TS
2025-02-10,0.0,32.7,20.0,4.95,0.241,Peddapalli,TS
2025-02-11,0.0,33.4,20.5,5.17,0.241,Peddapalli,TS
2025-02-12,0.0,34.1,20.8,5.12,0.241,Peddapalli,TS
2025-02-13,0.0,32.8,21.5,5.19,0.241,Peddapalli,TS
2025-02-14,0.0,31.9,20.4,5.47,0.241,Peddapalli,TS
2025-02-15,0.0,33.0,18.0,5.06,0.241,Peddapalli,TS
2025-02-16,0.0,33.6,16.6,5.1,0.241,Peddapalli,TS
2025-02-17,0.0,33.4,18.4,5.27,0.241,Peddapalli,TS
2025-02-18,0.0,34.1,20.0,5.52,0.241,Peddapalli,TS
2025-02-19,0.0,34.4,21.2,5.62,0.241,Peddapalli,TS
2025-02-20,0.0,33.6,21.3,5.19,0.241,Peddapalli,TS
2025-02-21,0.0,34.6,21.2,4.84,0.236,Peddapalli,TS
2025-02-22,0.0,34.2,20.7,4.91,0.237,Peddapalli,TS
2025-02-23,0.0,34.5,20.1,5.78,0.241,Peddapalli,TS
2025-02-24,0.0,33.9,20.3,5.23,0.241,Peddapalli,TS
2025-02-25,0.0,32.5,20.2,4.95,0.241,Peddapalli,TS
2025-02-26,0.0,33.8,20.0,5.06,0.241,Peddapalli,TS
2025-02-27,0.0,33.6,20.2,5.18,0.241,Peddapalli,TS
2025-02-28,0.0,33.7,21.1,5.59,0.241,Peddapalli,TS
2025-03-01,0.0,33.8,21.8,5.79,0.241,Peddapalli,TS
2025-03-02,0.0,35.2,21.3,5.92,0.241,Peddapalli,TS
2025-03-03,0.0,37.1,22.6,5.46,0.241,Peddapalli,TS
2025-03-04,0.0,37.4,21.2,5.75,0.241,Peddapalli,TS
2025-03-05,0.0,34.6,23.4,7.06,0.241,Peddapalli,TS
2025-03-06,0.0,33.0,19.1,6.68,0.241,Peddapalli,TS
2025-03-07,0.0,34.7,18.5,6.03,0.241,Peddapalli,TS
2025-03-08,0.0,35.3,18.1,5.91,0.241,Peddapalli,TS
2025-03-09,0.0,34.8,19.8,5.8,0.241,Peddapalli,TS
2025-03-10,0.0,34.0,22.3,5.84,0.241,Peddapalli,TS
2025-03-11,0.0,35.5,22.7,6.09,0.24,Peddapalli,TS
2025-03-12,0.0,36.6,21.9,6.45,0.24,Peddapalli,TS
2025-03-13,0.0,37.8,23.0,7.05,0.24,Peddapalli,TS
2025-03-14,0.0,38.2,23.8,7.08,0.237,Peddapalli,TS
2025-03-15,0.0,37.9,24.6,6.77,0.225,Peddapalli,TS
2025-03-16,0.0,38.3,23.4,7.24,0.224,Peddapalli,TS
2025-03-17,0.0,38.5,23.2,7.42,0.224,Peddapalli,TS
2025-03-18,0.0,38.0,23.3,6.6,0.224,Peddapalli,TS
2025-03-19,0.0,36.8,23.9,7.09,0.224,Peddapalli,TS
2025-03-20,0.0,35.5,22.9,6.44,0.224,Peddapalli,TS
2025-03-21,0.9,36.0,23.7,6.1,0.225,Peddapalli,TS
2025-03-22,0.4,33.4,23.2,5.19,0.374,Peddapalli,TS
2025-03-23,0.0,34.0,23.7,5.13,0.389,Peddapalli,TS
2025-03-24,0.0,34.1,24.0,5.32,0.373,Peddapalli,TS
2025-03-25,0.0,34.3,22.3,5.5,0.352,Peddapalli,TS
2025-03-26,0.0,34.8,20.4,5.82,0.335,Peddapalli,TS
2025-03-27,0.0,35.9,21.4,5.97,0.321,Peddapalli,TS
2025-03-28,0.0,36.5,22.7,6.16,0.315,Peddapalli,TS
2025-03-29,0.0,36.1,22.1,5.88,0.311,Peddapalli,TS
2025-03-30,0.0,36.0,23.0,6.04,0.314,Peddapalli,TS
2025-03-31,0.0,35.5,22.9,6.32,0.311,Peddapalli,TS
2025-04-01,0.0,34.2,23.9,5.9,0.302,Peddapalli,TS
2025-04-02,0.0,32.9,23.3,4.88,0.279,Peddapalli,TS
2025-04-03,10.6,30.9,23.6,3.57,0.287,Peddapalli,TS
2025-04-04,10.9,32.7,22.3,4.7,0.389,Peddapalli,TS
2025-04-05,0.0,35.1,23.6,5.57,0.344,Peddapalli,TS
2025-04-06,0.0,36.8,22.3,6.05,0.318,Peddapalli,TS
2025-04-07,0.1,35.9,22.6,6.02,0.291,Peddapalli,TS
2025-04-08,1.1,35.2,24.4,5.67,0.276,Peddapalli,TS
2025-04-09,0.0,36.1,24.8,6.49,0.263,Peddapalli,TS
2025-04-10,0.4,36.2,24.8,6.28,0.249,Peddapalli,TS
2025-04-11,0.0,37.4,24.5,6.84,0.241,Peddapalli,TS
2025-04-12,0.0,37.9,22.8,7.11,0.233,Peddapalli,TS
2025-04-13,0.0,36.7,21.8,6.37,0.238,Peddapalli,TS
2025-04-14,0.4,36.1,23.7,6.28,0.235,Peddapalli,TS
2025-04-15,0.0,37.4,24.5,7.03,0.242,Peddapalli,TS
2025-04-16,0.0,37.4,24.9,6.77,0.242,Peddapalli,TS
2025-04-17,0.0,37.0,25.7,6.8,0.243,Peddapalli,TS
2025-04-18,0.0,37.7,25.9,6.82,0.244,Peddapalli,TS
2025-04-19,0.0,38.1,26.8,6.53,0.235,Peddapalli,TS
2025-04-20,0.0,39.3,26.3,6.84,0.242,Peddapalli,TS
2025-04-21,0.0,38.7,26.9,7.03,0.252,Peddapalli,TS
2025-04-22,0.0,39.3,26.5,7.18,0.252,Peddapalli,TS
2025-04-23,0.0,39.5,26.7,7.19,0.244,Peddapalli,TS
2025-04-24,0.0,40.0,27.0,7.71,0.243,Peddapalli,TS
2025-04-25,0.0,39.1,27.1,7.68,0.242,Peddapalli,TS
2025-04-26,0.0,38.2,28.2,7.17,0.242,Peddapalli,TS
2025-04-27,0.1,33.4,24.9,3.73,0.28,Peddapalli,TS
2025-04-28,0.0,37.4,25.9,7.06,0.288,Peddapalli,TS
2025-04-29,0.0,38.5,26.3,7.3,0.281,Peddapalli,TS
2025-04-30,0.4,38.9,26.7,6.98,0.286,Peddapalli,TS
2025-05-01,0.1,37.6,25.6,6.8,0.295,Peddapalli,TS
2025-05-02,0.0,38.4,26.6,6.74,0.3,Peddapalli,TS
2025-05-03,0.0,39.3,27.0,6.99,0.301,Peddapalli,TS
2025-05-04,0.0,36.4,26.0,6.41,0.304,Peddapalli,TS
2025-05-05,0.3,36.7,22.7,6.15,0.294,Peddapalli,TS
2025-05-06,0.0,36.2,23.7,6.3,0.28,Peddapalli,TS
2025-05-07,0.0,36.8,25.3,6.59,0.277,Peddapalli,TS
2025-05-08,0.0,36.1,25.2,6.43,0.266,Peddapalli,TS
2025-05-09,0.0,36.9,24.8,6.32,0.257,Peddapalli,TS
2025-05-10,0.6,37.5,26.9,6.4,0.256,Peddapalli,TS
2025-05-11,0.0,38.1,26.8,6.62,0.271,Peddapalli,TS
2025-05-12,0.0,38.4,26.9,6.65,0.258,Peddapalli,TS
2025-05-13,0.0,39.0,27.6,6.74,0.261,Peddapalli,TS
2025-05-14,0.1,37.5,27.4,5.02,0.265,Peddapalli,TS
2025-05-15,0.0,37.6,28.6,6.38,0.261,Peddapalli,TS
2025-05-16,0.0,38.0,27.8,6.06,0.263,Peddapalli,TS
2025-05-17,0.1,36.1,26.0,5.06,0.273,Peddapalli,TS
2025-05-18,0.1,38.2,27.2,6.25,0.269,Peddapalli,TS
2025-05-19,4.3,37.2,26.6,5.8,0.271,Peddapalli,TS
2025-05-20,0.7,36.8,28.3,5.0,0.271,Peddapalli,TS
2025-05-21,20.3,34.8,25.5,4.55,0.452,Peddapalli,TS
2025-05-22,16.4,32.7,24.5,3.44,0.496,Peddapalli,TS
2025-05-23,3.7,34.4,24.3,4.74,0.49,Peddapalli,TS
2025-05-24,0.4,34.7,25.7,5.01,0.478,Peddapalli,TS
2025-05-25,0.1,34.5,26.5,6.23,0.47,Peddapalli,TS
2025-05-26,2.4,34.2,26.2,4.58,0.458,Peddapalli,TS
2025-05-27,18.9,35.5,25.5,4.73,0.474,Peddapalli,TS
2025-05-28,3.2,31.9,25.4,3.96,0.496,Peddapalli,TS
2025-05-29,5.9,34.0,27.0,4.37,0.486,Peddapalli,TS
2025-05-30,0.3,34.7,27.0,5.32,0.478,Peddapalli,TS
2025-05-31,0.0,35.4,27.7,6.59,0.467,Peddapalli,TS
2025-06-01,0.0,36.7,27.8,7.53,0.451,Peddapalli,TS
2025-06-02,1.5,35.5,27.4,7.43,0.421,Peddapalli,TS
2025-06-03,0.0,35.8,27.8,6.88,0.386,Peddapalli,TS
2025-06-04,0.1,35.8,26.9,7.04,0.353,Peddapalli,TS
2025-06-05,2.6,34.2,23.2,3.96,0.348,Peddapalli,TS
2025-06-06,0.1,36.2,26.0,6.4,0.324,Peddapalli,TS
2025-06-07,0.0,37.7,26.7,6.76,0.309,Peddapalli,TS
2025-06-08,0.0,38.0,27.4,7.07,0.301,Peddapalli,TS
2025-06-09,0.7,36.1,25.0,5.04,0.427,Peddapalli,TS
2025-06-10,0.4,36.6,26.9,6.89,0.458,Peddapalli,TS
2025-06-11,3.6,33.1,26.2,4.02,0.471,Peddapalli,TS
2025-06-12,1.3,34.4,25.2,4.41,0.461,Peddapalli,TS
2025-06-13,1.1,33.9,25.8,5.2,0.459,Peddapalli,TS
2025-06-14,4.1,34.9,26.5,5.78,0.45,Peddapalli,TS
2025-06-15,0.1,34.6,26.7,5.8,0.43,Peddapalli,TS
2025-06-16,15.5,33.5,26.6,4.71,0.462,Peddapalli,TS
2025-06-17,0.0,34.7,27.1,6.13,0.464,Peddapalli,TS
2025-06-18,0.5,34.9,27.0,6.21,0.435,Peddapalli,TS
2025-06-19,4.8,33.5,27.7,5.65,0.413,Peddapalli,TS
2025-06-20,0.0,34.4,26.8,6.13,0.393,Peddapalli,TS
2025-06-21,0.6,35.0,27.1,6.84,0.38,Peddapalli,TS
2025-06-22,0.8,34.3,26.1,6.16,0.434,Peddapalli,TS
2025-06-23,0.6,31.9,25.4,3.23,0.454,Peddapalli,TS
2025-06-24,10.4,32.5,25.6,4.27,0.477,Peddapalli,TS
2025-06-25,18.9,30.9,24.8,3.39,0.502,Peddapalli,TS
2025-06-26,4.8,32.3,24.4,4.61,0.498,Peddapalli,TS
2025-06-27,0.4,33.1,26.1,5.14,0.488,Peddapalli,TS
2025-06-28,0.3,33.9,26.7,6.11,0.466,Peddapalli,TS
2025-06-29,3.0,32.0,24.5,4.77,0.458,Peddapalli,TS
2025-06-30,8.5,29.8,24.1,2.16,0.501,Peddapalli,TS
2025-07-01,27.1,28.6,23.6,2.67,0.508,Peddapalli,TS
2025-07-02,10.9,31.3,24.4,3.18,0.503,Peddapalli,TS
2025-07-03,7.2,30.5,24.1,3.34,0.498,Peddapalli,TS
2025-07-04,18.2,32.3,24.8,4.81,0.5,Peddapalli,TS
2025-07-05,8.0,32.1,25.1,4.86,0.5,Peddapalli,TS
2025-07-06,11.5,31.9,25.1,4.44,0.497,Peddapalli,TS
2025-07-07,3.4,30.3,24.3,4.21,0.494,Peddapalli,TS
2025-07-08,0.2,30.5,25.0,5.18,0.477,Peddapalli,TS
2025-07-09,0.5,31.5,24.9,5.43,0.466,Peddapalli,TS
2025-07-10,0.1,31.1,25.0,4.84,0.462,Peddapalli,TS
2025-07-11,0.1,32.7,23.9,5.43,0.47,Peddapalli,TS
2025-07-12,0.0,33.0,25.7,5.69,0.452,Peddapalli,TS
2025-07-13,0.1,32.8,27.0,5.69,0.427,Peddapalli,TS
2025-07-14,0.0,33.3,26.5,5.95,0.403,Peddapalli,TS
2025-07-15,0.9,33.2,26.7,5.45,0.407,Peddapalli,TS
2025-07-16,0.9,32.8,26.5,5.03,0.379,Peddapalli,TS
2025-07-17,3.4,32.9,25.2,4.75,0.357,Peddapalli,TS
2025-07-18,2.3,32.8,25.0,4.39,0.355,Peddapalli,TS
2025-07-19,3.5,32.4,24.7,4.87,0.377,Peddapalli,TS
2025-07-20,6.8,31.5,25.2,2.88,0.386,Peddapalli,TS
2025-07-21,2.8,32.4,25.2,4.56,0.371,Peddapalli,TS
2025-07-22,20.5,32.0,24.5,4.02,0.425,Peddapalli,TS
2025-07-23,24.2,30.1,24.6,3.5,0.493,Peddapalli,TS
2025-07-24,12.4,28.0,24.3,1.99,0.507,Peddapalli,TS
2025-07-25,23.3,29.5,24.1,1.8,0.511,Peddapalli,TS
2025-07-26,38.1,26.0,24.3,1.29,0.513,Peddapalli,TS
2025-07-27,4.7,31.8,24.2,4.46,0.499,Peddapalli,TS
2025-07-28,0.4,32.5,25.2,5.8,0.483,Peddapalli,TS
2025-07-29,3.6,31.5,25.1,4.55,0.484,Peddapalli,TS
2025-07-30,5.3,29.5,23.9,2.69,0.5,Peddapalli,TS
2025-07-31,0.6,32.3,25.1,5.16,0.484,Peddapalli,TS
2025-08-01,0.1,32.3,25.3,5.57,0.461,Peddapalli,TS
2025-08-02,0.1,32.0,24.9,4.96,0.441,Peddapalli,TS
2025-08-03,0.2,32.3,24.7,5.03,0.418,Peddapalli,TS
2025-08-04,8.5,32.6,24.6,4.9,0.409,Peddapalli,TS
2025-08-05,10.9,32.7,24.4,4.25,0.444,Peddapalli,TS
2025-08-06,5.9,30.9,24.4,3.73,0.448,Peddapalli,TS
2025-08-07,26.4,30.1,24.8,2.97,0.468,Peddapalli,TS
2025-08-08,1.0,29.3,24.5,2.52,0.486,Peddapalli,TS
2025-08-09,9.4,30.9,24.1,4.55,0.487,Peddapalli,TS
2025-08-10,4.9,31.2,24.0,4.71,0.484,Peddapalli,TS
2025-08-11,7.6,31.3,23.5,4.74,0.486,Peddapalli,TS
2025-08-12,18.0,30.8,23.5,4.22,0.487,Peddapalli,TS
2025-08-13,15.4,28.9,23.6,2.74,0.506,Peddapalli,TS
2025-08-14,10.5,30.5,24.2,3.62,0.496,Peddapalli,TS
2025-08-15,8.4,30.7,23.9,3.61,0.494,Peddapalli,TS
2025-08-16,17.4,29.2,23.8,3.28,0.501,Peddapalli,TS
2025-08-17,11.2,31.5,24.1,4.33,0.488,Peddapalli,TS
2025-08-18,19.0,28.7,24.0,2.53,0.506,Peddapalli,TS
2025-08-19,9.0,29.4,23.8,3.09,0.502,Peddapalli,TS
2025-08-20,21.1,31.0,24.6,4.23,0.494,Peddapalli,TS
2025-08-21,0.2,31.5,25.1,5.2,0.47,Peddapalli,TS
2025-08-22,0.3,31.0,25.8,4.86,0.443,Peddapalli,TS
2025-08-23,0.3,30.8,25.0,4.67,0.403,Peddapalli,TS
2025-08-24,3.3,31.2,23.9,4.96,0.369,Peddapalli,TS
2025-08-25,0.5,30.6,24.7,4.81,0.358,Peddapalli,TS
2025-08-26,9.9,28.0,24.1,2.91,0.387,Peddapalli,TS
2025-08-27,42.9,28.1,23.4,2.68,0.509,Peddapalli,TS
2025-08-28,44.8,29.1,23.2,2.53,0.504,Peddapalli,TS
2025-08-29,1.7,30.7,23.6,4.42,0.486,Peddapalli,TS
2025-08-30,1.3,30.8,23.9,4.34,0.469,Peddapalli,TS
2025-08-31,23.7,30.6,25.1,3.71,0.477,Peddapalli,TS
2025-09-01,35.3,28.2,23.9,2.26,0.51,Peddapalli,TS
2025-09-02,4.6,28.1,23.8,2.78,0.501,Peddapalli,TS
2025-09-03,8.2,28.5,24.5,2.84,0.492,Peddapalli,TS
2025-09-04,4.9,29.9,24.0,3.73,0.482,Peddapalli,TS
2025-09-05,0.1,31.5,24.1,4.91,0.437,Peddapalli,TS
2025-09-06,2.1,30.4,23.9,4.1,0.401,Peddapalli,TS
2025-09-07,6.4,30.8,23.8,4.01,0.397,Peddapalli,TS
2025-09-08,1.4,31.6,24.3,4.72,0.325,Peddapalli,TS
2025-09-09,0.6,31.8,24.0,4.52,0.297,Peddapalli,TS
2025-09-10,12.5,30.9,24.2,3.77,0.401,Peddapalli,TS
2025-09-11,24.5,29.1,23.7,3.11,0.49,Peddapalli,TS
2025-09-12,10.5,29.1,23.6,2.57,0.476,Peddapalli,TS
2025-09-13,7.8,29.0,23.8,2.53,0.501,Peddapalli,TS
2025-09-14,1.5,30.5,23.5,4.22,0.49,Peddapalli,TS
2025-09-15,8.5,30.3,23.9,3.51,0.494,Peddapalli,TS
2025-09-16,6.4,30.2,24.5,3.56,0.494,Peddapalli,TS
2025-09-17,2.1,30.8,23.6,4.06,0.488,Peddapalli,TS
2025-09-18,11.6,31.6,23.5,4.48,0.486,Peddapalli,TS
2025-09-19,0.0,31.9,23.2,4.72,0.462,Peddapalli,TS
2025-09-20,2.0,31.9,23.0,4.7,0.452,Peddapalli,TS
2025-09-21,12.3,31.6,24.5,4.15,0.465,Peddapalli,TS
2025-09-22,21.4,29.6,24.6,2.65,0.492,Peddapalli,TS
2025-09-23,2.7,30.8,24.0,3.14,0.482,Peddapalli,TS
2025-09-24,1.7,29.8,24.5,2.8,0.484,Peddapalli,TS
2025-09-25,34.2,25.7,24.1,1.09,0.506,Peddapalli,TS
2025-09-26,7.6,30.7,23.2,3.3,0.503,Peddapalli,TS
2025-09-27,25.0,27.3,23.5,1.64,0.505,Peddapalli,TS
2025-09-28,0.3,29.2,23.5,4.0,0.478,Peddapalli,TS
2025-09-29,0.0,30.6,22.8,4.42,0.465,Peddapalli,TS
2025-09-30,0.0,30.6,23.2,4.56,0.445,Peddapalli,TS
2025-10-01,1.5,31.0,24.7,4.38,0.414,Peddapalli,TS
2025-10-02,0.2,29.8,25.3,2.98,0.396,Peddapalli,TS
2025-10-03,1.7,29.7,25.4,3.19,0.388,Peddapalli,TS
2025-10-04,4.2,30.8,24.8,3.36,0.395,Peddapalli,TS
2025-10-05,3.0,30.2,23.9,3.38,0.421,Peddapalli,TS
2025-10-06,0.7,29.5,23.8,3.57,0.419,Peddapalli,TS
2025-10-07,6.5,30.0,22.9,4.08,0.434,Peddapalli,TS
2025-10-08,0.1,31.0,23.8,4.43,0.389,Peddapalli,TS
2025-10-09,0.1,30.9,23.3,4.46,0.336,Peddapalli,TS
2025-10-10,0.0,31.3,22.4,4.78,0.309,Peddapalli,TS
2025-10-11,0.1,30.4,21.8,4.44,0.292,Peddapalli,TS
2025-10-12,0.0,30.6,22.5,4.28,0.274,Peddapalli,TS
2025-10-13,1.2,28.4,23.1,2.96,0.269,Peddapalli,TS
2025-10-14,4.9,29.8,22.8,3.2,0.291,Peddapalli,TS
2025-10-15,12.8,30.5,22.4,4.09,0.276,Peddapalli,TS
2025-10-16,0.0,31.2,22.6,4.31,0.237,Peddapalli,TS
2025-10-17,0.0,31.3,22.8,4.63,0.229,Peddapalli,TS
2025-10-18,0.0,31.0,22.0,4.58,0.227,Peddapalli,TS
2025-10-19,0.0,31.0,22.1,4.72,0.227,Peddapalli,TS
2025-10-20,8.5,29.7,22.9,3.45,0.224,Peddapalli,TS
2025-10-21,0.5,31.3,23.0,3.96,0.208,Peddapalli,TS
2025-10-22,3.3,32.0,23.4,4.31,0.228,Peddapalli,TS
2025-10-23,8.2,32.1,23.8,3.65,0.271,Peddapalli,TS
2025-10-24,24.4,27.7,22.8,2.01,0.405,Peddapalli,TS
2025-10-25,14.2,30.1,22.4,3.25,0.382,Peddapalli,TS
2025-10-26,0.3,30.2,21.8,3.75,0.419,Peddapalli,TS
2025-10-27,0.0,31.1,22.0,4.03,0.349,Peddapalli,TS
2025-10-28,36.0,29.4,24.1,2.17,0.453,Peddapalli,TS
2025-10-29,58.4,27.0,23.8,1.3,0.5,Peddapalli,TS
2025-10-30,29.7,30.2,23.7,3.54,0.499,Peddapalli,TS
2025-10-31,0.0,30.7,23.1,4.45,0.466,Peddapalli,TS
2025-11-01,0.7,30.6,22.1,3.84,0.439,Peddapalli,TS
2025-11-02,1.7,30.7,23.7,3.65,0.412,Peddapalli,TS
2025-11-03,5.9,30.4,23.4,3.57,0.404,Peddapalli,TS
2025-11-04,1.8,29.8,23.3,3.46,0.388,Peddapalli,TS
2025-11-05,0.0,30.0,22.9,4.16,0.378,Peddapalli,TS
2025-11-06,0.0,29.7,21.4,4.15,0.351,Peddapalli,TS
2025-11-07,0.0,30.4,21.3,4.42,0.335,Peddapalli,TS
2025-11-08,0.0,29.3,20.1,4.5,0.33,Peddapalli,TS
2025-11-09,0.0,27.8,17.7,4.35,0.317,Peddapalli,TS
2025-11-10,0.0,27.6,16.6,4.2,0.31,Peddapalli,TS
2025-11-11,0.0,27.9,17.1,4.4,0.301,Peddapalli,TS
2025-11-12,0.0,27.9,17.1,4.51,0.294,Peddapalli,TS
2025-11-13,0.0,27.6,15.8,4.41,0.294,Peddapalli,TS
2025-11-14,0.0,27.5,15.6,4.21,0.292,Peddapalli,TS
2025-11-15,0.0,27.4,15.9,4.23,0.29,Peddapalli,TS
2025-11-16,0.0,27.2,16.2,4.47,0.284,Peddapalli,TS
2025-11-17,0.0,26.5,16.0,4.26,0.281,Peddapalli,TS
2025-11-18,0.0,26.9,15.6,4.18,0.278,Peddapalli,TS
2025-11-19,0.0,27.1,13.8,4.05,0.276,Peddapalli,TS
2025-11-20,0.0,28.0,14.5,4.02,0.273,Peddapalli,TS
2025-11-21,0.0,28.8,16.7,3.85,0.277,Peddapalli,TS
2025-11-22,0.0,29.2,18.7,3.67,0.282,Peddapalli,TS
2025-11-23,0.0,29.5,18.4,3.71,0.292,Peddapalli,TS
2025-11-24,0.0,29.0,18.5,3.69,0.297,Peddapalli,TS
2025-11-25,0.0,28.7,17.9,3.67,0.304,Peddapalli,TS
2025-11-26,0.0,28.5,17.9,3.65,0.311,Peddapalli,TS
2025-11-27,0.0,28.3,17.8,3.82,0.327,Peddapalli,TS
2025-11-28,0.0,26.3,17.7,3.94,0.331,Peddapalli,TS
2025-11-29,0.0,26.4,15.7,3.63,0.332,Peddapalli,TS
2025-11-30,0.0,26.7,17.4,3.41,0.331,Peddapalli,TS
2025-12-01,0.0,27.1,18.5,3.2,0.342,Peddapalli,TS
2025-12-02,0.0,27.7,17.3,3.75,0.342,Peddapalli,TS
2025-12-03,0.0,27.6,17.2,3.85,0.349,Peddapalli,TS
2025-12-04,0.0,27.8,18.2,3.97,0.342,Peddapalli,TS
2025-12-05,0.0,26.8,16.7,3.9,0.339,Peddapalli,TS
2025-12-06,0.0,26.6,15.8,3.84,0.348,Peddapalli,TS
2025-12-07,0.0,27.0,16.1,3.92,0.335,Peddapalli,TS
2025-12-08,0.0,26.9,14.9,4.0,0.327,Peddapalli,TS
2025-12-09,0.0,27.5,14.5,4.31,0.323,Peddapalli,TS
2025-12-10,0.0,27.6,14.8,4.32,0.31,Peddapalli,TS
2025-12-11,0.0,26.7,13.2,4.03,0.302,Peddapalli,TS
2025-12-12,0.0,26.9,12.4,3.62,0.296,Peddapalli,TS
2025-12-13,0.0,27.1,13.2,3.7,0.291,Peddapalli,TS
2025-12-14,0.0,27.0,13.3,3.57,0.286,Peddapalli,TS
2025-12-15,0.0,27.0,14.4,3.53,0.282,Peddapalli,TS
2025-12-16,0.0,27.4,14.0,3.53,0.278,Peddapalli,TS
2025-12-17,0.0,27.9,14.3,3.71,0.274,Peddapalli,TS
2025-12-18,0.0,28.2,13.1,4.03,0.27,Peddapalli,TS
2025-12-19,0.0,27.0,14.6,4.07,0.266,Peddapalli,TS
2025-12-20,0.0,26.6,13.6,3.8,0.263,Peddapalli,TS
2025-12-21,0.0,26.7,12.8,3.42,0.26,Peddapalli,TS
2025-12-22,0.0,27.5,14.4,3.73,0.264,Peddapalli,TS
2025-12-23,0.0,27.4,13.8,3.7,0.271,Peddapalli,TS
2025-12-24,0.0,27.3,16.1,3.81,0.263,Peddapalli,TS
2025-12-25,0.0,27.1,14.7,3.51,0.26,Peddapalli,TS
2025-12-26,0.0,27.1,14.0,3.61,0.257,Peddapalli,TS
2025-12-27,0.0,26.7,12.9,3.5,0.255,Peddapalli,TS
2025-12-28,0.0,27.0,12.8,3.66,0.257,Peddapalli,TS
2025-12-29,0.0,27.0,12.6,3.54,0.254,Peddapalli,TS
2025-12-30,0.0,27.5,12.6,3.45,0.248,Peddapalli,TS
2025-12-31,0.0,27.5,12.5,3.45,0.248,Peddapalli,TS
2026-01-01,0.0,28.2,14.7,3.36,0.248,Peddapalli,TS
2026-01-02,0.0,28.3,16.3,3.21,0.247,Peddapalli,TS
2026-01-03,0.0,28.2,17.1,3.2,0.246,Peddapalli,TS
2026-01-04,0.0,28.5,16.7,3.42,0.245,Peddapalli,TS
2026-01-05,0.0,27.8,16.7,3.7,0.244,Peddapalli,TS
2026-01-06,0.0,27.3,15.5,3.87,0.244,Peddapalli,TS
2026-01-07,0.0,27.7,14.3,3.95,0.243,Peddapalli,TS
2026-01-08,0.0,27.5,13.3,3.93,0.243,Peddapalli,TS
2026-01-09,0.0,27.0,14.3,4.22,0.252,Peddapalli,TS
2026-01-10,0.0,25.7,13.8,3.26,0.242,Peddapalli,TS
2026-01-11,0.0,28.1,14.8,4.14,0.242,Peddapalli,TS
2026-01-12,0.0,28.5,16.4,3.78,0.242,Peddapalli,TS
2026-01-13,0.0,29.4,16.2,3.65,0.242,Peddapalli,TS
2026-01-14,0.0,29.2,17.7,3.76,0.242,Peddapalli,TS
2026-01-15,0.0,30.0,17.7,3.88,0.242,Peddapalli,TS
2026-01-16,0.0,29.5,16.7,4.28,0.242,Peddapalli,TS
2026-01-17,0.0,29.7,15.0,4.14,0.242,Peddapalli,TS
2026-01-18,0.0,30.1,12.2,4.05,0.242,Peddapalli,TS
2026-01-19,0.0,29.1,15.2,3.81,0.242,Peddapalli,TS
2026-01-20,0.0,30.3,16.7,3.77,0.242,Peddapalli,TS
2026-01-21,0.0,29.0,16.6,4.14,0.242,Peddapalli,TS
2026-01-22,0.0,28.9,16.0,4.06,0.242,Peddapalli,TS
2026-01-23,0.0,28.5,17.0,4.23,0.242,Peddapalli,TS
2026-01-24,0.0,29.4,15.9,4.0,0.242,Peddapalli,TS
2026-01-25,0.0,29.4,15.3,3.87,0.242,Peddapalli,TS
2026-01-26,0.0,30.0,18.4,4.0,0.242,Peddapalli,TS
2026-01-27,0.0,29.6,19.0,4.33,0.242,Peddapalli,TS
2026-01-28,0.0,30.2,18.0,3.99,0.242,Peddapalli,TS
2026-01-29,0.0,30.8,17.5,3.8,0.241,Peddapalli,TS
2026-01-30,0.0,30.6,19.3,4.22,0.241,Peddapalli,TS
2026-01-31,0.0,30.2,18.4,4.34,0.241,Peddapalli,TS
2026-02-01,0.0,30.0,17.8,4.14,0.241,Peddapalli,TS
2026-02-02,0.0,30.2,17.4,4.07,0.241,Peddapalli,TS
2026-02-03,0.0,30.1,18.2,4.33,0.241,Peddapalli,TS
2026-02-04,0.0,30.2,18.8,4.06,0.241,Peddapalli,TS
2026-02-05,0.0,30.5,17.7,4.17,0.241,Peddapalli,TS
2026-02-06,0.0,30.8,17.7,4.4,0.241,Peddapalli,TS
2026-02-07,0.0,30.7,17.8,5.41,0.241,Peddapalli,TS
2026-02-08,0.0,30.8,17.7,5.47,0.238,Peddapalli,TS
2026-02-09,0.0,30.7,16.3,4.42,0.231,Peddapalli,TS
2026-02-10,0.0,31.1,15.6,4.52,0.249,Peddapalli,TS
2026-02-11,0.0,30.6,16.6,4.18,0.25,Peddapalli,TS
2026-02-12,0.0,31.2,18.2,4.66,0.247,Peddapalli,TS
2026-02-13,0.0,31.5,17.0,4.61,0.244,Peddapalli,TS
2026-02-14,0.0,31.8,16.5,4.69,0.243,Peddapalli,TS
2026-02-15,0.0,32.3,17.6,4.87,0.242,Peddapalli,TS
2026-02-16,0.0,32.5,20.2,4.89,0.244,Peddapalli,TS
2026-02-17,0.0,31.9,18.4,4.89,0.244,Peddapalli,TS
2026-02-18,0.0,31.5,19.0,5.01,0.241,Peddapalli,TS
2026-02-19,0.0,31.8,19.6,4.98,0.241,Peddapalli,TS
2026-02-20,0.0,32.5,19.8,5.07,0.241,Peddapalli,TS
2026-02-21,0.0,32.9,19.4,5.16,0.241,Peddapalli,TS
2026-02-22,0.0,32.2,20.3,4.57,0.241,Peddapalli,TS
2026-02-23,0.0,31.5,21.4,4.44,0.242,Peddapalli,TS
2026-02-24,0.0,31.8,19.9,4.44,0.263,Peddapalli,TS
2026-02-25,0.0,31.9,19.8,4.32,0.292,Peddapalli,TS
2026-02-26,0.0,33.0,19.9,4.72,0.311,Peddapalli,TS
2026-02-27,0.0,32.9,18.8,4.73,0.307,Peddapalli,TS
2026-02-28,0.0,32.9,22.4,4.9,0.304,Peddapalli,TS
2026-03-01,0.0,33.5,22.9,4.92,0.304,Peddapalli,TS
2026-03-02,0.0,34.3,21.6,5.13,0.298,Peddapalli,TS
2026-03-03,0.0,35.1,20.0,5.45,0.279,Peddapalli,TS
2026-03-04,0.0,35.1,19.9,5.87,0.271,Peddapalli,TS
2026-03-05,0.0,35.6,19.5,6.17,0.275,Peddapalli,TS
2026-03-06,0.0,36.6,20.8,6.31,0.263,Peddapalli,TS
2026-03-07,0.0,36.4,20.2,5.77,0.254,Peddapalli,TS
2026-03-08,0.0,35.0,19.1,5.29,0.248,Peddapalli,TS
2026-03-09,0.0,34.7,20.4,5.52,0.236,Peddapalli,TS
2026-03-10,0.0,33.5,22.7,5.6,0.243,Peddapalli,TS
2026-03-11,0.0,35.2,21.9,5.91,0.242,Peddapalli,TS
2026-03-12,0.0,37.2,21.8,6.28,0.241,Peddapalli,TS
2026-03-13,0.0,37.2,20.1,6.51,0.241,Peddapalli,TS
2026-03-14,0.0,35.6,21.7,6.27,0.241,Peddapalli,TS
2026-03-15,0.0,35.3,22.8,6.31,0.248,Peddapalli,TS
2026-03-16,2.2,33.0,23.6,5.65,0.288,Peddapalli,TS
2026-03-17,0.3,32.2,21.8,5.47,0.311,Peddapalli,TS
2026-03-18,0.6,27.1,21.7,2.53,0.321,Peddapalli,TS
2026-03-19,0.0,30.5,19.5,5.01,0.33,Peddapalli,TS
2026-03-20,0.8,30.4,19.6,4.49,0.321,Peddapalli,TS
2026-03-21,0.1,32.8,21.0,5.02,0.31,Peddapalli,TS
2026-03-22,0.0,32.7,20.8,5.36,0.307,Peddapalli,TS
2026-03-23,0.0,33.6,20.6,5.5,0.297,Peddapalli,TS
2026-03-24,0.0,34.1,22.0,5.68,0.293,Peddapalli,TS
2026-03-25,0.0,34.0,22.9,5.63,0.298,Peddapalli,TS
2026-03-26,0.0,35.3,22.8,5.67,0.296,Peddapalli,TS
2026-03-27,0.0,36.1,23.2,6.16,0.299,Peddapalli,TS
2026-03-28,0.0,35.1,23.9,6.94,0.305,Peddapalli,TS
2026-03-29,0.0,34.7,23.6,6.15,0.289,Peddapalli,TS
2026-03-30,1.0,34.0,22.9,5.89,0.282,Peddapalli,TS
2026-03-31,0.8,32.5,23.6,5.32,0.292,Peddapalli,TS
2026-04-01,0.0,34.1,23.3,5.51,0.294,Peddapalli,TS
2026-04-02,0.0,32.7,22.1,5.53,0.298,Peddapalli,TS
2026-04-03,0.0,33.9,23.6,5.39,0.3,Peddapalli,TS
2026-04-04,0.0,34.3,22.7,5.53,0.31,Peddapalli,TS
2026-04-05,0.0,33.8,25.6,5.77,0.31,Peddapalli,TS
2026-04-06,0.0,34.4,24.3,6.01,0.302,Peddapalli,TS
2026-04-07,0.0,35.0,22.5,6.22,0.291,Peddapalli,TS
2026-04-08,0.0,36.2,20.7,6.6,0.274,Peddapalli,TS
2026-04-09,0.0,36.4,23.3,6.17,0.273,Peddapalli,TS
2026-04-10,0.0,37.0,23.4,6.49,0.261,Peddapalli,TS
2026-04-11,0.0,36.9,22.5,5.94,0.256,Peddapalli,TS
2026-04-12,0.0,38.1,22.8,6.69,0.25,Peddapalli,TS
2026-04-13,0.0,37.9,25.2,6.98,0.245,Peddapalli,TS
2026-04-14,0.0,38.8,26.5,7.44,0.243,Peddapalli,TS
2026-04-15,0.0,39.4,26.0,7.67,0.242,Peddapalli,TS
2026-04-16,0.0,39.4,26.3,7.56,0.237,Peddapalli,TS
2026-04-17,0.0,39.6,27.0,7.04,0.241,Peddapalli,TS
2026-04-18,0.0,39.3,26.3,7.44,0.241,Peddapalli,TS
2026-04-19,0.0,38.4,26.7,7.19,0.241,Peddapalli,TS
2026-04-20,0.0,38.4,26.6,6.51,0.241,Peddapalli,TS
2026-04-21,0.0,38.4,26.6,6.61,0.241,Peddapalli,TS
2026-04-22,0.0,39.7,27.5,6.97,0.245,Peddapalli,TS
2026-04-23,0.0,39.0,26.6,6.71,0.24,Peddapalli,TS
2026-04-24,0.0,40.0,26.0,6.71,0.24,Peddapalli,TS
2026-04-25,0.0,40.2,26.0,6.77,0.24,Peddapalli,TS
2026-04-26,0.0,40.6,27.4,7.77,0.24,Peddapalli,TS
2026-04-27,0.0,41.2,27.4,8.34,0.24,Peddapalli,TS
2026-04-28,0.0,39.8,28.5,7.75,0.24,Peddapalli,TS
2026-04-29,0.0,40.2,28.0,7.9,0.246,Peddapalli,TS
2026-04-30,0.0,41.3,28.5,8.31,0.239,Peddapalli,TS
2026-05-01,0.0,40.6,26.7,8.13,0.241,Peddapalli,TS
2026-05-02,0.0,40.6,27.4,7.15,0.24,Peddapalli,TS
2026-05-03,0.0,39.8,28.3,7.53,0.24,Peddapalli,TS
2026-05-04,0.0,39.3,26.3,7.17,0.242,Peddapalli,TS
2026-05-05,2.3,39.2,28.3,7.75,0.244,Peddapalli,TS
2026-05-06,0.0,37.3,26.3,6.79,0.24,Peddapalli,TS
2026-05-07,0.0,37.0,24.7,6.3,0.237,Peddapalli,TS
2026-05-08,0.2,37.4,24.9,5.82,0.24,Peddapalli,TS
2026-05-09,0.0,37.7,26.6,6.2,0.245,Peddapalli,TS
2026-05-10,0.0,38.6,26.6,6.99,0.235,Peddapalli,TS
2026-05-11,0.0,37.6,27.1,6.79,0.247,Peddapalli,TS
2026-05-12,0.1,37.5,27.2,7.4,0.248,Peddapalli,TS
2026-05-13,0.0,39.1,28.0,7.57,0.247,Peddapalli,TS
2026-05-14,6.9,39.0,24.8,6.62,0.272,Peddapalli,TS
2026-05-15,0.0,39.9,29.4,6.46,0.267,Peddapalli,TS
2026-05-16,0.1,38.2,29.3,7.69,0.275,Peddapalli,TS
2026-05-17,0.7,37.8,28.8,7.3,0.27,Peddapalli,TS
2026-05-18,0.2,38.9,29.4,7.75,0.263,Peddapalli,TS
2026-05-19,0.3,40.0,29.6,7.54,0.264,Peddapalli,TS
2026-05-20,0.0,42.5,30.9,8.12,0.263,Peddapalli,TS
2026-05-21,0.0,42.7,32.3,9.03,0.256,Peddapalli,TS
2026-05-22,0.0,43.0,31.4,8.6,0.253,Peddapalli,TS
2026-05-23,0.0,42.3,33.6,10.05,0.247,Peddapalli,TS
2026-05-24,0.0,41.7,32.2,9.82,0.242,Peddapalli,TS
2026-05-25,0.0,42.4,33.1,8.81,0.241,Peddapalli,TS
2026-05-26,0.1,41.5,32.5,8.42,0.241,Peddapalli,TS
2026-05-27,0.5,39.3,28.6,8.01,0.265,Peddapalli,TS
2026-05-28,0.2,40.4,30.6,8.02,0.293,Peddapalli,TS
2026-05-29,0.0,40.0,30.5,8.23,0.296,Peddapalli,TS
2026-05-30,0.0,38.8,31.2,8.53,0.279,Peddapalli,TS
2026-05-31,0.1,38.2,28.0,7.37,0.278,Peddapalli,TS
2026-06-01,0.7,36.6,26.6,6.42,0.274,Peddapalli,TS
2026-06-02,0.1,37.5,29.2,7.09,0.253,Peddapalli,TS
2026-06-03,0.0,38.3,29.0,7.2,0.257,Peddapalli,TS
2026-06-04,11.9,35.9,25.1,5.43,0.308,Peddapalli,TS
2026-06-05,1.3,37.1,24.6,7.06,0.3,Peddapalli,TS
2026-06-06,0.1,38.0,28.0,7.55,0.284,Peddapalli,TS
2026-06-07,0.0,38.8,30.1,7.48,0.278,Peddapalli,TS
2026-06-08,3.6,37.3,25.6,5.26,0.289,Peddapalli,TS
2026-06-09,0.9,36.8,26.3,7.18,0.361,Peddapalli,TS
2026-06-10,1.4,37.8,28.7,7.51,0.324,Peddapalli,TS
2026-06-11,1.7,37.7,24.8,6.64,0.328,Peddapalli,TS
2026-06-12,0.7,38.2,28.4,7.0,0.324,Peddapalli,TS
2026-06-13,3.4,36.2,27.2,4.79,0.396,Peddapalli,TS
2026-06-14,2.1,36.4,28.8,6.74,0.441,Peddapalli,TS
2026-06-15,0.1,36.3,27.8,6.59,0.423,Peddapalli,TS
2026-06-16,0.1,36.7,28.2,6.5,0.393,Peddapalli,TS
2026-06-17,0.4,37.3,27.3,6.49,0.359,Peddapalli,TS
2026-06-18,0.3,36.6,28.0,6.54,0.34,Peddapalli,TS
2026-06-19,0.0,37.3,29.3,6.65,0.333,Peddapalli,TS
2026-06-20,1.6,37.6,28.0,6.11,0.315,Peddapalli,TS
2026-06-21,0.5,35.2,26.0,4.94,0.438,Peddapalli,TS
2026-06-22,7.6,33.9,25.9,4.53,0.428,Peddapalli,TS
2026-06-23,6.2,33.6,25.6,3.46,0.432,Peddapalli,TS
2026-06-24,2.1,33.5,25.8,5.74,0.445,Peddapalli,TS
2026-06-25,1.6,33.0,25.7,5.41,0.445,Peddapalli,TS
2026-06-26,3.5,33.0,24.7,4.94,0.44,Peddapalli,TS
2026-06-27,7.7,31.7,26.4,4.44,0.46,Peddapalli,TS
2026-06-28,9.1,34.0,26.1,4.9,0.451,Peddapalli,TS
2026-06-29,6.9,33.9,25.6,5.25,0.451,Peddapalli,TS
2026-06-30,2.4,32.4,26.2,4.0,0.443,Peddapalli,TS
2026-07-01,6.9,31.3,25.5,3.15,0.402,Peddapalli,TS
2026-07-02,12.0,30.6,25.0,3.13,0.44,Peddapalli,TS
2026-07-03,19.6,30.4,24.6,3.07,0.472,Peddapalli,TS
2026-07-04,5.5,29.9,24.3,3.66,0.495,Peddapalli,TS
2026-07-05,3.0,29.9,26.3,3.33,0.481,Peddapalli,TS
2026-07-06,3.0,31.8,24.8,3.56,0.491,Peddapalli,TS
2026-07-07,3.5,33.2,27.0,6.09,0.486,Peddapalli,TS
2026-07-08,1.3,33.2,27.3,5.79,0.477,Peddapalli,TS
2026-07-09,4.2,33.3,25.0,4.03,0.475,Peddapalli,TS
2026-07-10,0.0,33.6,28.0,6.33,0.444,Peddapalli,TS
2026-07-11,0.0,33.1,28.0,5.76,0.409,Peddapalli,TS
2026-07-12,0.0,32.6,27.4,6.14,0.378,Peddapalli,TS
2026-07-13,0.0,33.9,27.7,6.44,0.351,Peddapalli,TS
2026-07-14,0.0,33.5,28.2,5.85,0.332,Peddapalli,TS
2026-07-15,0.0,33.2,27.1,6.46,0.313,Peddapalli,TS
2026-07-16,1.3,32.2,25.9,4.43,0.297,Peddapalli,TS
2026-07-17,13.2,31.8,25.7,2.99,0.359,Peddapalli,TS
2026-07-18,10.2,30.6,25.3,3.87,0.451,Peddapalli,TS
2026-07-19,9.4,31.9,24.8,4.51,0.483,Peddapalli,TS
2026-07-20,17.3,31.6,25.1,4.66,0.476,Peddapalli,TS
2026-07-21,23.0,26.6,24.6,1.41,0.51,Peddapalli,TS
2026-07-22,8.9,28.5,24.0,2.3,0.504,Peddapalli,TS
2026-07-23,1.1,31.2,23.7,5.26,0.476,Peddapalli,TS
2026-07-24,0.2,32.4,26.4,5.27,0.453,Peddapalli,TS
2026-07-25,1.7,32.7,26.1,5.67,0.429,Peddapalli,TS
2026-07-26,4.5,32.1,25.9,4.19,0.441,Peddapalli,TS
2026-07-27,14.0,32.3,24.5,3.97,0.489,Peddapalli,TS
2026-07-28,12.4,31.2,24.4,3.61,0.503,Peddapalli,TS
2026-07-29,72.9,27.9,24.2,1.42,0.512,Peddapalli,TS
2026-07-30,65.4,25.3,24.4,1.15,0.511,Peddapalli,TS
2026-07-31,6.0,31.8,24.5,4.82,0.497,Peddapalli,TS
2026-08-01,0.4,32.1,25.8,4.84,0.48,Peddapalli,TS
2026-08-02,0.5,32.3,25.8,5.18,0.473,Peddapalli,TS
2026-08-03,0.6,32.9,26.5,5.74,0.457,Peddapalli,TS
2026-08-04,6.1,29.3,24.8,2.6,0.485,Peddapalli,TS
2026-08-05,10.9,31.2,24.6,3.73,0.477,Peddapalli,TS
2026-08-06,0.4,32.1,26.4,5.33,0.445,Peddapalli,TS
2026-08-07,10.9,30.8,24.2,3.65,0.454,Peddapalli,TS
2026-08-08,7.1,28.9,23.9,2.89,0.469,Peddapalli,TS
2026-08-09,3.0,31.5,24.3,4.61,0.473,Peddapalli,TS
2026-08-10,0.1,32.0,26.4,5.82,0.449,Peddapalli,TS
2026-08-11,0.5,31.8,25.6,5.47,0.424,Peddapalli,TS
2026-08-12,6.7,31.3,23.9,4.53,0.463,Peddapalli,TS
2026-08-13,1.3,32.1,25.1,5.02,0.46,Peddapalli,TS
2026-08-14,0.9,31.5,26.3,5.09,0.449,Peddapalli,TS
2026-08-15,1.7,31.1,24.6,4.83,0.468,Peddapalli,TS
2026-08-16,6.3,30.8,24.3,4.72,0.461,Peddapalli,TS
2026-08-17,1.5,31.3,25.1,4.78,0.432,Peddapalli,TS
2026-08-18,2.9,31.1,24.9,4.41,0.413,Peddapalli,TS
2026-08-19,7.9,29.6,24.7,3.67,0.473,Peddapalli,TS
2026-08-20,0.7,31.1,24.7,5.33,0.458,Peddapalli,TS
2026-08-21,0.2,31.2,26.0,5.52,0.439,Peddapalli,TS
2026-08-22,2.9,30.8,24.6,5.07,0.419,Peddapalli,TS
2026-08-23,23.1,28.5,25.0,1.96,0.485,Peddapalli,TS
2026-08-24,6.4,28.7,24.6,2.11,0.497,Peddapalli,TS
2026-08-25,0.5,30.7,24.6,3.86,0.482,Peddapalli,TS
2026-08-26,0.5,31.5,25.7,4.73,0.457,Peddapalli,TS
2026-08-27,6.4,30.8,24.6,4.53,0.484,Peddapalli,TS
2026-08-28,0.3,31.0,25.3,5.32,0.452,Peddapalli,TS
2026-08-29,0.8,30.3,25.8,5.2,0.443,Peddapalli,TS
2026-08-30,3.5,28.9,24.1,3.41,0.47,Peddapalli,TS
2026-08-31,1.5,28.9,24.6,3.38,0.469,Peddapalli,TS
2026-09-01,0.1,30.8,25.1,5.14,0.447,Peddapalli,TS
2026-09-02,2.6,30.5,24.5,4.22,0.454,Peddapalli,TS
2026-09-03,2.8,28.8,24.3,2.57,0.471,Peddapalli,TS
2026-09-04,0.7,30.7,24.6,4.21,0.44,Peddapalli,TS
2026-09-05,0.3,31.5,25.3,5.04,0.41,Peddapalli,TS
2026-09-06,0.9,31.5,25.1,4.69,0.397,Peddapalli,TS
2026-09-07,0.1,31.9,25.1,5.08,0.38,Peddapalli,TS
2026-09-08,0.4,31.4,25.5,5.22,0.341,Peddapalli,TS
2026-09-09,4.2,31.2,26.1,4.67,0.343,Peddapalli,TS
2026-09-10,1.1,31.8,26.4,4.7,0.335,Peddapalli,TS
